sample_seq,host_gap_ns,reg0,reg1,reg2,reg3,reg4,reg5,reg6,reg7,reg8,reg9
1,0,00000000,000003D5,00000000,00000000,00002354,3C004E20,2BFCE494,4007F816,00000001,00000001
2,563927300,07FF07FF,0000F800,00000000,00000000,00002354,3C004E20,2BF8E494,4007F816,00000001,00000002
3,187854400,00000000,00000001,00000000,00000000,00002354,3C004E20,2BF4E494,4007F816,00000001,00000003
4,147617900,00000000,00000001,00000000,00000000,00002354,3C004E20,2BF0E494,4007F816,00000001,00000004
5,133300500,00000000,00000001,00000000,00000000,00002354,3C004E20,2BF0E494,5007F816,00000001,00000005
6,148638100,FFFF007D,000006BB,00000000,00000000,00002354,3C004E20,2BF4E494,5007F816,00000001,00000006
7,145169800,FFFF005D,000007FF,0000FFFE,00000000,00002354,3C004E20,2BFCE494,4007F816,00000001,00000007
8,165487400,000201C8,000007FF,FFFFFFFE,00010000,00002354,3C004E20,2BFCE494,4007F816,00000021,00000008
9,157894800,FFFE0186,00000677,000EFFFE,00010000,00002354,3C004E20,2800E494,4007F816,00000021,00000009
10,135581400,000D01E5,00000513,FFDEFFFF,00020000,00012351,3C004E20,2800E494,4007F816,00000021,0000000A
11,171896200,FFEE01B0,0000043A,0008FFFF,00020000,00012352,3C004E20,2800E494,4007F816,00000021,0000000B
12,145098300,000801B8,000003C1,FFFC0000,00020000,00012352,3C004E20,2800E494,4007F816,00000021,0000000C
13,141092100,000301A5,00000389,FFF7FFFF,00020000,00022350,3C004E20,2800E494,4007F816,00000021,0000000D
14,130796300,FFFE019A,00000378,FFFF0000,00020000,00022350,3C004E20,2800E494,4007F816,00000021,0000000E
15,115433600,FFFB01BD,0000037C,00000000,00020000,00032350,3C004E20,2800E494,4007F816,00000021,0000000F
16,117994900,00040188,0000038B,00000000,00020000,00032350,3C004E20,2800E494,5007F816,00000021,00000010
17,113124400,FFFE01A9,0000039C,00000000,00020000,00032350,3C004E20,2800E494,5007F816,00000021,00000011
18,129712400,FFFD0180,000003AD,00000000,00020000,00032350,3C004E20,2800E494,5007F816,00000021,00000012
19,118641700,0005019E,000003BA,00000000,00020000,00042350,3C004E20,2800E494,5007F816,00000021,00000013
20,105375100,FFFE0164,000003C5,00000000,00020000,00042350,3C004E20,2800E494,5007F816,00000020,00000014
21,95677800,FFFE016F,000003CC,00000000,00020000,00042350,3C004E20,2800E494,5007F816,00000020,00000015
22,101269300,00030177,000003D1,00000000,00020000,00052350,3C004E20,2800E494,5007F816,00000020,00000016
23,92409100,FFFE0186,000003D3,00000000,00020000,00052350,3C004E20,2800E494,5007F816,00000020,00000017
24,102075300,FFFD0186,000003D5,00000000,00020000,00052350,3C004E20,2800E494,6007F816,00000020,00000018
25,98883500,0005018F,000003D6,00000000,00020000,00062350,3C004E20,2800E494,6007F816,00000020,00000019
26,104093300,FFFD018D,000003D6,00000000,00020000,00062350,3C004E20,2800E494,6007F816,00000020,0000001A
27,103517600,FFFE0197,000003D6,00000000,00020000,00062350,3C004E20,2800E494,6007F816,00000020,0000001B
28,105146600,0003019C,000003D6,00000000,00020000,00072350,3C004E20,2800E494,6007F816,00000020,0000001C
29,118340000,FFFE01A8,000003D6,00000000,00020000,00072350,3C004E20,2800E494,6007F816,00000020,0000001D
30,88218100,000101B5,000003D5,00000000,00020000,00072350,3C004E20,2801440D,6007F816,00000020,0000001E
31,98967400,000001C6,000003DB,00000000,00030000,00082350,3C004E20,2801440D,6007F816,00000020,0000001F
32,100988200,FFFE01A6,000003D5,00000000,00030000,00082350,3C004E20,2801440D,7007F816,00000020,00000020
33,100082300,FFFE0076,000003D3,00000001,00020000,00082350,3C004E20,2801440D,7007F816,00000020,00000021
34,83580000,0006011E,000003D3,00000000,00020000,00082350,3C004E20,2801440D,7007F816,00000020,00000022
35,92695000,FFFC022E,000003D3,0000FFFF,00020000,00092350,3C004E20,2801440D,B007F816,00000020,00000023
36,87434300,000202B4,000003D4,0000FFFF,00030000,00092350,3C004E20,2801440D,9007F816,00000020,00000024
37,102057700,FFFC0235,000003D5,00000000,00030000,000A2350,3C004E20,2801440D,9007F816,00000020,00000025
38,109759400,0005022E,000003D5,0001FFFF,00030000,000A2350,3C004E20,2801440D,9007F816,00000020,00000026
39,128123200,FFFD01E4,000003D5,00010000,00030000,000A2350,3C004E20,2801440D,9007F816,00000020,00000027
40,130098800,000101F2,000003D5,FFFE0000,00030000,000B234F,3C004E20,2801440D,9007F816,00000020,00000028
41,123589400,000301C3,000003D5,FFFF0000,00030000,000B234F,3C004E20,2801440D,9007F816,00000020,00000029
42,131505300,FFFA01DD,000003D5,00040000,00030000,000C2350,3C004E20,2801440D,9007F816,00000020,0000002A
43,118527500,000501B8,000003D5,00010000,00030000,000C2350,3C004E20,2801440D,9007F816,00000020,0000002B
44,111579200,FFFE01D6,000003D5,FFFE0000,00030000,000C234F,3C004E20,2801440D,9007F816,00000020,0000002C
45,120639400,000201B9,000003D5,FFFF0000,00030000,000D234F,3C004E20,2801440D,9007F816,00000020,0000002D
46,124887600,000001D8,000003D5,00010000,00030000,000D2350,3C004E20,2801440D,9007F816,00000020,0000002E
47,145962000,FFFF01C0,000003D5,00000000,00030000,000D2350,3C004E20,2801440D,9007F816,00000020,0000002F
48,172984300,000201E0,000003D5,00000000,00030000,000E2350,3C004E20,2801440D,9007F816,00000020,00000030
49,148057000,FFFD01CB,000003D5,00000000,00030000,000E2350,3C004E20,2801440D,9007F816,00000020,00000031
50,163957200,000501EC,000003D5,00000000,00030000,000E2350,3C004E20,2801440D,9007F816,00000020,00000032
51,123492100,FFFD01DA,000003D5,00000000,00030000,000F2350,3C004E20,2801440D,A007F816,00000020,00000033
52,128443300,000101FB,000003D5,00000000,00030000,000F2350,3C004E20,2BFD440D,A007F816,00000020,00000034
53,105917900,000101EC,000003D5,00000000,00030000,00102350,3C004E20,2BFD440D,A007F816,00000020,00000035
54,99313600,FFFE020D,000003D5,00000000,00030000,00102350,3C004E20,2BFD440D,A007F816,00000020,00000036
55,94185900,000201FD,000003D5,00000000,00030000,00102350,3C004E20,2BFD440D,A007F816,00000020,00000037
56,99599800,FFFD0213,000003D5,00000000,00030000,00112350,3C004E20,2BFD440D,A007F816,00000020,00000038
57,90618900,00020203,000003D5,00000000,00030000,00112350,3C004E20,2BFD440D,A0079816,00000020,00000039
58,87374000,FFFC0216,000003D5,00000000,00030000,00122350,3C004E20,2BFD440D,A006D016,00000020,0000003A
59,95571700,0004020A,000003D5,00000000,00030000,00122350,3C004E20,2BFD440D,A006D016,00000020,0000003B
60,88619700,FFFD0214,000003D5,00000000,00030000,00122350,3C004E20,2BFD6BB9,A006D016,00000020,0000003C
61,97525700,0002020E,000003D5,00000000,00030000,00132350,3C004E20,2BFD6BB9,A0068016,00000020,0000003D
62,110968700,FFFD0212,000003D5,00000000,00030000,00132350,3C004E20,2BFD6BB9,A0068016,00000020,0000003E
63,100684100,00020212,000003D5,00000000,00030000,00142350,3C004E20,2BFD6BB9,A0060816,00000020,0000003F
64,96303200,FFFE0214,000003D5,00000000,00030000,00142350,3C004E20,2BFD6BB9,A0060816,00000020,00000040
65,111360300,00000216,000003D5,00000000,00030000,00152350,3C004E20,2BFD6BB9,A005D816,00000020,00000041
66,100425400,00000218,000003D5,00000000,00030000,00152350,3C004E20,2BFD6BB9,A005D816,00000020,00000042
67,106615200,0000021B,000003D5,00000000,00030000,00152350,3C004E20,2BFD6BB9,A0058816,00000020,00000043
68,89440300,FFFF021D,000003D5,00000000,00030000,00162350,3C004E20,2BFD6BB9,A0058816,00000020,00000044
69,112394400,0000021F,000003D5,00000000,00030000,00162350,3C004E20,2BFD6BB9,B0057016,00000020,00000045
70,123829000,0000021F,000003D5,00000000,00030000,00172350,3C004E20,2BFD6BB9,B0057016,00000020,00000046
71,107165900,FFFF021F,000003D5,00000000,00030000,00172350,3C004E20,2BFD6BB9,B0057016,00000020,00000047
72,98111800,0001021E,000003D5,00000000,00030000,00172350,3C004E20,2BFD6BB9,B0052016,00000020,00000048
73,96055800,FFFF024D,000003D4,00000000,00030000,00182350,3C004E20,2BFD6BB9,F0052016,00000020,00000049
74,113974000,00010201,000003D5,00000000,00030000,00182350,3C004E20,2BFD6BB9,E0052016,00000020,0000004A
75,113783700,000F0115,000003D6,000A0001,00030000,00182351,3C004E20,2BFD6BB9,E0052016,00000020,0000004B
76,115136900,00180064,000003D6,00140002,00020000,00182356,3C004E20,2BFD6BB9,E004F016,00000020,0000004C
77,115235600,0022FFDC,000103D5,001E0003,00020000,0018235D,3C004E20,28016BB9,E004F016,00000020,0000004D
78,110337600,002EFF56,000103D5,00280002,0001FFFF,00182368,3C004E20,28016BB9,E004F016,00000020,0000004E
79,117181500,0035FF2E,000103D5,00310002,0000FFFF,00182375,3C004E20,28016BB9,E004C016,00000020,0000004F
80,103363700,0041FF1A,000103D5,00390002,0000FFFF,00182384,3C004E20,28016BB9,E004C016,00000020,00000050
81,93419100,0055FF0F,000103D5,00430001,FFFFFFFF,00182396,3C004E20,28016BB9,E004C016,00000020,00000051
82,102620200,005FFF09,000103D5,004E0001,FFFFFFFF,001823AC,3C004E20,28016BB9,E004C016,00000020,00000052
83,104669600,0071FF06,000103D5,00580001,FFFFFFFE,001723C4,3C004E20,28016BB9,E0049816,00000020,00000053
84,91341200,0078FF04,000103D5,00610000,FFFFFFFE,001723DF,3C004E20,28016BB9,E0049816,00000020,00000054
85,113200300,008EFF03,000103D5,006C0000,FFFFFFFE,001723FC,3C004E20,28016BB9,E0049816,00000020,00000055
86,120245200,009CFF04,000103D5,00780000,FFFFFFFE,0017241D,3C004E20,28016BB9,E0049816,00000020,00000056
87,102190100,00ADFF04,000103D5,00830000,FFFFFFFD,00172442,3C004E20,28016BB9,E0047816,00000020,00000057
88,108118900,00BAFF04,000103D5,008E0000,FFFFFFFD,00162469,3C004E20,28016BB9,E0047816,00000020,00000058
89,108263300,00CDFF05,000103D5,00990000,FFFFFFFD,00162494,3C004E20,28016BB9,E0047816,00000020,00000059
90,119566900,00DAFF05,000103D5,00A50000,FFFFFFFD,001624C2,3C004E20,28018E86,E0047816,00000020,0000005A
91,108580600,00EEFF06,000103D5,00B10000,FFFFFFFC,001624F3,3C004E20,28018E86,E0047816,00000020,0000005B
92,99479800,00F8FF06,000103D5,00BC0000,FFFFFFFC,00162528,3C004E20,28018E86,E0047816,00000020,0000005C
93,103049200,010CFF34,000103D5,00C70000,FFFFFFFC,0015255F,3C004E20,28018E86,E0046016,00000020,0000005D
94,125444600,011AFF58,000103D5,00D30000,FFFFFFFB,0015259B,3C004E20,28018E86,E0044016,00000020,0000005E
95,122194700,0124FF0D,000103D5,00DE0000,FFFFFFFB,001525D9,3C004E20,28018E86,E00C2816,00000020,0000005F
96,127734900,0133FF09,000103D5,00E80000,FFFFFFFB,0015261A,3C004E20,28018E86,E00C1016,00000020,00000060
97,97267300,013FFF0A,000103D5,00F10000,FFFFFFFB,0015265E,3C004E20,28018E86,D00C0016,00000020,00000061
98,94508100,014AFF0A,000103D5,00F90000,FFFFFFFA,001426A5,3C004E20,28018E86,D00BF016,00000020,00000062
99,120170200,0153FF0A,000103D5,01020000,FFFFFFFA,001426EE,3C004E20,28018E86,D00BE016,00000020,00000063
100,124215700,0163FF0C,000103D5,01090000,FFFFFFFA,00142739,3C004E20,28018E86,D00BD016,00000020,00000064
101,111268000,0162FF0B,000003D5,01110000,FFFFFFFA,00142787,3C004E20,28018E86,D00BC816,00000020,00000065
102,112894400,016CFF0D,000003D5,01150000,FFFFFFFA,001427D6,3C004E20,28018E86,D00BC016,00000020,00000066
103,115916000,0174FF0D,000003D5,011E0000,FFFFFFFA,00132826,3C004E20,28018E86,D00BB816,00000020,00000067
104,116058600,017AFF11,000003D4,011C0000,FFFFFFF9,00132878,3C004E20,28018E86,D00BB016,00000020,00000068
105,106347800,0174FF0E,000003D5,01290000,FFFFFFF9,001328CC,3C004E20,28018E86,D00BA816,00000020,00000069
106,108596500,0178FF12,000003D4,011B0000,FFFFFFF9,0013291F,3C004E20,28018E86,D00BA816,00000020,0000006A
107,121028800,0173FF15,000003D5,01300000,FFFFFFF9,00132973,3C004E20,28018E86,D00BA016,00000020,0000006B
108,106210100,0175FF0E,000003D5,011C0000,FFFFFFF9,001329C7,3C004E20,28018E86,D00BA016,00000020,0000006C
109,141435600,016BFF1C,000003D4,01350000,FFFFFFF9,00122A1D,3C004E20,28018E86,D00BA016,00000020,0000006D
110,110422500,0171FF0D,000003D5,011D0000,FFFFFFF9,00122A71,3C004E20,28018E86,D00BA016,00000020,0000006E
111,105662300,0166FF21,FFFE03D5,01360000,FFFFFFFA,00122AC7,3C004E20,28018E86,D00BA016,00000020,0000006F
112,97569200,016FFF0E,FFFF03D7,011CFFFF,FFFFFFFA,00122B1C,3C004E20,28018E86,D00BA016,00000020,00000070
113,96302200,0161FF4E,000003D6,0138FFFE,0000FFFA,00122B72,3C004E20,28018E86,D00BA016,00000020,00000071
114,98266400,016CFF7E,000003D5,011DFFFE,0001FFFA,00122BC7,3C004E20,28018E86,D00BA016,00000020,00000072
115,110990500,0159FF99,000003D5,0138FFFD,0001FFFA,00112C1D,3C004E20,28018E86,D00BA816,00000020,00000073
116,116129600,015FFF7F,FFFF03D6,0118FFFF,0002FFFA,00112C71,3C004E20,28018E86,D00BB016,00000020,00000074
117,117347800,0151FF9B,000003D7,0134FFFF,0002FFFB,00112CC6,3C004E20,28018E86,D00BB016,00000020,00000075
118,121478400,0159FF80,000003D7,01130000,0002FFFB,00112D19,3C004E20,28018E86,D00BB016,00000020,00000076
119,132493400,014BFFA0,000003D5,012F0000,0002FFFB,00112D6C,3C004E20,28018E86,D00BB816,00000020,00000077
120,130982400,014DFF82,000003D5,010C0001,0002FFFB,00112DBD,3C004E20,2801AF93,D00BC016,00000020,00000078
121,117083200,0139FFA0,000003D4,01280000,0002FFFB,00112E0F,3C004E20,2801AF93,D00BC816,00000020,00000079
122,115634800,014AFF86,000003D4,01040001,0002FFFB,00112E5D,3C004E20,2801AF93,D00BC816,00000020,0000007A
123,116669200,0130FFA2,000003D4,01220000,0002FFFB,00112EAD,3C004E20,2801AF93,D00BD016,00000020,0000007B
124,118741200,0139FF84,000003D5,00FC0001,0002FFFC,00112EF9,3C004E20,2801AF93,D00BD816,00000020,0000007C
125,110974700,0123FFA7,000003D4,011A0000,0002FFFC,00112F47,3C004E20,2801AF93,D00BE016,00000020,0000007D
126,108044400,0132FF9E,000003D5,00F40000,0002FFFC,00102F91,3C004E20,2801AF93,D00BE816,00000020,0000007E
127,99317900,011EFFE8,000003D4,01130000,0002FFFC,00112FDC,3C004E20,2801AF93,D00BE816,00000020,0000007F
128,111550800,01290002,000003D5,00EE0000,0002FFFC,00103024,3C004E20,2801AF93,D00BF016,00000020,00000080
129,98831600,0115005A,000003D4,010DFFFF,0002FFFC,0011306E,3C004E20,2801AF93,D00BF816,00000020,00000081
130,129676100,0120006B,000003D5,00E90000,0003FFFC,001130B5,3C004E20,2801AF93,D00C0816,00000020,00000082
131,129025100,010E00A6,000003D5,0107FFFF,0003FFFC,001130FD,3C004E20,2801AF93,D00C0816,00000020,00000083
132,106203400,011D00A8,000003D5,00E70000,0003FFFC,00113142,3C004E20,2801AF93,D00C0816,00000020,00000084
133,112319600,010B00D1,000003D5,0103FFFF,0003FFFC,00113189,3C004E20,2801AF93,D00C1016,00000020,00000085
134,101611300,011800CD,000003D5,00E50000,0003FFFD,001131CE,3C004E20,2801AF93,D00C1816,00000020,00000086
135,111606800,010A00EA,000003D5,01000000,0004FFFD,00113214,3C004E20,2801AF93,D00C1816,00000020,00000087
136,103374600,011A00E3,000003D5,00E60000,0004FFFD,00123259,3C004E20,2801AF93,D00C1816,00000020,00000088
137,89236000,010C00F6,000003D5,00FF0000,0004FFFD,0012329F,3C004E20,2801AF93,D00C1816,00000020,00000089
138,126179800,011C00EC,000003D5,00E70000,0004FFFD,001232E4,3C004E20,2801AF93,D00C2016,00000020,0000008A
139,119488000,011100BF,000003D5,00FF0000,0004FFFD,0012332A,3C004E20,2801AF93,D00C1816,00000020,0000008B
140,136570800,011C004C,000003D5,00E70001,0004FFFD,00123370,3C004E20,2801AF93,D00C1816,00000020,0000008C
141,131768200,010F0009,000003D5,01010001,0003FFFD,001233B6,3C004E20,2801AF93,D00C1816,00000020,0000008D
142,125884300,011CFFC6,000003D5,00E60001,0003FFFD,001233FB,3C004E20,2801AF93,D00C1816,00000020,0000008E
143,110407400,0116FFC1,000003D5,01020001,0003FFFD,00123442,3C004E20,2801AF93,D00C1016,00000020,0000008F
144,115279600,0126FF9B,000003D5,00E70001,0002FFFD,00123487,3C004E20,2801AF93,D00C0816,00000020,00000090
145,101040700,0118FFA6,000003D4,01030001,0002FFFD,001234CE,3C004E20,2801AF93,D00C0816,00000020,00000091
146,94508300,0126FF8B,000003D5,00E70001,0002FFFD,00123514,3C004E20,2801AF93,D00C0816,00000020,00000092
147,108219200,011DFFA2,000003D5,01040000,0002FFFD,0012355B,3C004E20,2801AF93,D00C0816,00000020,00000093
148,114504100,0127FF84,FFFF03D5,00E80001,0002FFFD,001235A0,3C004E20,2801AF93,D00C0016,00000020,00000094
149,108591100,011CFF9E,000103D4,01070000,0002FFFD,001235E8,3C004E20,2801AF93,D00C0016,00000020,00000095
150,103570300,012CFF86,000303D7,00E9FFFF,0002FFFD,0011362E,3C004E20,2801CB73,D00C0016,00000020,00000096
151,101265300,0118FF9D,000303D6,0107FFFF,0002FFFB,00113676,3C004E20,2801CB73,D00C0016,00000020,00000097
152,109321000,0126FF88,000003D7,00E9FFFE,0002FFFB,001136BC,3C004E20,2801CB73,D00BF816,00000020,00000098
153,100205500,011AFFB8,FFFE03D5,0109FFFE,0003FFFC,00113705,3C004E20,2801CB73,D00BF816,00000020,00000099
154,102663000,012BFFC2,000103D6,00EAFFFD,0004FFFC,0011374B,3C004E20,2801CB73,D00BF816,00000020,0000009A
155,118472200,011BFFE1,000303D9,0109FFFD,0005FFFB,00113794,3C004E20,2801CB73,D00BF816,00000020,0000009B
156,91462000,0129FFCF,000703EC,00EDFFE3,0009FFFA,001137DB,3C004E20,2801CB73,D00C0016,00000020,0000009C
157,123269500,011A001A,FFD80425,0112FFC1,0016FFFC,00113825,3C004E20,2801CB73,D00BF816,00000020,0000009D
158,124394400,012D002D,00020408,00EFFFC2,00290000,0011386D,3C004E20,2801CB73,D00BF816,00000020,0000009E
159,123992900,01240076,000D03DF,010BFFC4,003AFFFD,001138B7,3C004E20,2801CB73,D00C0016,00000020,0000009F
160,117126600,0152008D,005103F9,00F2FFAF,0050FFE9,001138FF,3C004E20,2801CB73,D00C0816,00000020,000000A0
161,108519900,00F400B4,000D03E2,0105FFDB,0061FFE1,00113948,3C004E20,2BFDCB73,D00C0016,00000020,000000A1
162,122869800,011C0098,FFE7041B,00E5000E,0064FFE3,0012398D,3C004E20,2BFDCB73,D00C0016,00000020,000000A2
163,106294500,011B0092,000203FA,01020011,0060FFE6,001239D4,3C004E20,2BFDCB73,D00C0016,00000020,000000A3
164,114799100,01240039,000703CA,00E80011,005BFFE5,00123A1A,3C004E20,2BFDCB73,D00C0816,00000020,000000A4
165,118694600,012EFFF8,003403F1,01030028,0052FFDC,00123A61,3C004E20,2801CB73,D00C0016,00000020,000000A5
166,111947000,010EFFC2,000A03C9,00EB0014,004BFFD6,00123AA7,3C004E20,2801CB73,D00BF816,00000020,000000A6
167,101394200,0106FFC9,000003AC,010B0009,0048FFD6,00123AF0,3C004E20,2801CB73,D00BF816,00000020,000000A7
168,110244300,0126FF9E,FFFF03BD,00EC0004,0047FFD7,00113B37,3C004E20,2801CB73,D00BF816,00000020,000000A8
169,114473100,011FFFAE,FFFF03C7,010A0001,0047FFD9,00113B80,3C004E20,2801CB73,D00BF816,00000020,000000A9
170,111695000,012DFF8A,FFFF03CE,00EB0001,0047FFDA,00113BC7,3C004E20,2801CB73,D00BF816,00000020,000000AA
171,120016400,0122FFA6,FFFF03D2,010B0000,0047FFDB,00113C10,3C004E20,2801CB73,D00BF016,00000020,000000AB
172,169875100,012DFF87,FFFF03D4,00EA0000,0048FFDC,00113C57,3C004E20,2801CB73,D00BF816,00000020,000000AC
173,130186600,011EFFA7,FFFF03D5,010A0000,0048FFDD,00113C9F,3C004E20,2801CB73,D00BF816,00000020,000000AD
174,159939700,0129FF9A,000003D6,00E90000,0049FFDE,00113CE6,3C004E20,2801CB73,D00BF816,00000020,000000AE
175,157295900,011EFFE8,000003D5,010AFFFF,0049FFDF,00113D2E,3C004E20,2801CB73,D00BF016,00000020,000000AF
176,162239300,01290000,000003D5,00EA0000,004AFFE0,00113D75,3C004E20,2801CB73,D00BF816,00000020,000000B0
177,153930900,011C005B,000003D5,010AFFFF,004AFFE1,00113DBD,3C004E20,2801CB73,D00BF816,00000020,000000B1
178,173541500,01260069,000003D5,00EA0000,004BFFE2,00113E04,3C004E20,2801CB73,D00C0016,00000020,000000B2
179,166108600,011C00AD,000003D5,0109FFFF,004BFFE3,00113E4C,3C004E20,2801CB73,D00BF816,00000020,000000B3
180,156126900,012800AB,000003D5,00ED0000,004CFFE4,00113E93,3C004E20,2801E3D8,D00BF816,00000020,000000B4
181,163018700,011C00CD,000003D5,010AFFFF,004CFFE5,00113EDC,3C004E20,2801E3D8,D00BF816,00000020,000000B5
182,137565100,01250092,000003D5,00ED0000,004DFFE6,00113F23,3C004E20,2801E3D8,D00C0016,00000020,000000B6
183,144760600,0116004B,000003D5,010A0000,004DFFE7,00123F6C,3C004E20,2801E3D8,D00BF816,00000020,000000B7
184,133977900,0122FFEC,000003D5,00ED0001,004DFFE8,00113FB4,3C004E20,2801E3D8,D00BF816,00000020,000000B8
185,110873900,0117FFDC,000003D5,010B0001,004DFFE9,00113FFD,3C004E20,2801E3D8,D00BF816,00000020,000000B9
186,112956800,0124FFAA,000003D5,00EB0001,004DFFEA,00114044,3C004E20,2801E3D8,D00C0016,00000020,000000BA
187,113927000,0118FFB6,000003D4,01090001,004DFFEB,0011408C,3C004E20,2801E3D8,D00C0016,00000020,000000BB
188,107071300,0128FFAA,000003D5,00EB0001,004DFFEC,001140D3,3C004E20,2801E3D8,D00BF816,00000020,000000BC
189,110153400,011CFFE9,000003D4,010A0000,004DFFED,0011411C,3C004E20,2801E3D8,D00BF816,00000020,000000BD
190,104823800,012A0008,000003D4,00EB0000,004DFFEE,00114162,3C004E20,2801E3D8,D00BF816,00000020,000000BE
191,113530800,011C005D,000003D4,0109FFFF,004EFFEF,001141AB,3C004E20,2801E3D8,D00C0016,00000020,000000BF
192,112804900,012A0074,000003D4,00EC0000,004EFFF0,001141F2,3C004E20,2801E3D8,D00C0016,00000020,000000C0
193,122056400,011D00A2,000003D5,0108FFFF,004EFFF1,0011423A,3C004E20,2801E3D8,D00C0016,00000020,000000C1
194,117783600,01250077,000003D5,00EB0000,004FFFF2,00114281,3C004E20,2801E3D8,D00C0816,00000020,000000C2
195,116643900,0112003F,000003D5,01040000,004FFFF3,001242C8,3C004E20,2801E3D8,D0041816,00000020,000000C3
196,109198100,01190000,000003D5,00E30001,004FFFF4,0011430D,3C004E20,2801E3D8,D0042016,00000020,000000C4
197,103080100,010B001E,000803D3,00FB0003,004FFFF4,00124352,3C004E20,2801E3D8,D0043016,00000020,000000C5
198,120563700,010F0025,000203C8,00D7000A,004DFFF3,00124394,3C004E20,2BFDE3D8,D0045016,00000020,000000C6
199,126128000,00FA0078,000003C7,00EB000D,0049FFF4,001243D5,3C004E20,2BFDE3D8,D0046016,00000020,000000C7
200,121230700,0104008A,FFFF03D0,00C9000D,0046FFF5,00124412,3C004E20,2801E3D8,D0048016,00000020,000000C8
201,112604700,00F400BE,FFFF03D5,00DB000B,0043FFF6,0012444F,3C004E20,2801E3D8,D0049816,00000020,000000C9
202,129291500,00F400C3,000503D6,00B90005,0040FFF6,00124487,3C004E20,2801E3D8,D004C816,00000020,000000CA
203,119918900,00DE00EA,000103C9,00C7FFFB,0041FFF6,001244BF,3C004E20,2801E3D8,D004E816,00000020,000000CB
204,115852900,00DB00E9,FFFF03CC,00A8FFF6,0043FFF7,001244F2,3C004E20,2801E3D8,D0051816,00000020,000000CC
205,123328200,00D50100,000603EF,00B6FFD4,004AFFF5,00134525,3C004E20,2801E3D8,D0054016,00000020,000000CD
206,153399300,00CB0107,00010414,0097FFDB,0057FFF7,00134553,3C004E20,2801E3D8,D0057016,00000020,000000CE
207,133170600,00BA0104,000003DC,009DFFD8,0062FFF7,0013457F,3C004E20,2801E3D8,D005C016,00000020,000000CF
208,146931300,00B3010B,FFFF03E8,0081FFD9,006EFFF8,001345A7,3C004E20,2BFDE3D8,D0060016,00000020,000000D0
209,142383400,00A30111,FFFF03E0,0087FFDB,0079FFF9,001345CD,3C004E20,2BFDE3D8,D0064016,00000020,000000D1
210,115965800,00A600FF,00000428,006D0008,007BFFF9,001445EF,3C004E20,2801F3BD,D0068016,00000020,000000D2
211,120451600,008C0115,000103E5,0072FFFD,007CFFFA,0014460F,3C004E20,2BFDF3BD,D006D816,00000020,000000D3
212,117839400,0089011B,000003DE,005F0002,007CFFFA,0014462C,3C004E20,2BFDF3BD,D0072816,00000020,000000D4
213,109332600,007C0120,FFFF03DA,00600004,007BFFFB,FF144648,3C004E20,2801F3BD,D0078016,00000020,000000D5
214,127373600,0077011E,FFFF03D3,00510003,007AFFFC,FF14B9C1,3C004E20,2801F3BD,D007E016,00000020,000000D6
215,115862800,006D0126,000003D2,00500000,0079FFFC,FF15B9D8,3C004E20,2801F3BD,D007F816,00000020,000000D7
216,112025500,0068012D,FFFF03DF,0045FFF8,007BFFFD,FF15B9ED,3C004E20,2801F3BD,D007F816,00000020,000000D8
217,115321100,005E012C,FFFF03DD,0041FFF4,007EFFFE,FF15BA00,3C004E20,2801F3BD,D007F816,00000020,000000D9
218,123383500,0058012F,FFFF03D8,0039FFF3,0081FFFE,FF15BA11,3C004E20,2801F3BD,E007F816,00000020,000000DA
219,126682400,0050012F,FFFF03D5,0034FFF3,0085FFFF,FF15BA20,3C004E20,2BFDF3BD,E007F816,00000020,000000DB
220,149838200,004A0132,000003E5,002EFFFC,0087FFFF,FF16BA2E,3C004E20,2BFDF3BD,E007F816,00000020,000000DC
221,155939300,00430131,000003E3,00280000,0088FFFF,FF16BA3A,3C004E20,2BFDF3BD,E007F816,00000020,000000DD
222,145962500,002F013B,FFFF03DA,001A0001,00880000,FF16BA43,3C004E20,2BFDF3BD,E007F816,00000020,000000DE
223,164850500,00230138,FFFF03D7,0011FFFE,00870000,FF16BA49,3C004E20,2801F3BD,E007F816,00000020,000000DF
224,152063700,00200145,FFFF03E3,000AFFF6,00890001,FF17BA4D,3C004E20,2801F3BD,E007F816,00000020,000000E0
225,168628700,001B0147,000003E0,0006FFF3,008D0001,FF17BA4F,3C004E20,2801F3BD,E007F816,00000020,000000E1
226,156606500,00160147,000003DA,0003FFF1,00910001,FF17BA50,3C004E20,2BFDF3BD,E007F816,00000020,000000E2
227,166319900,0011014A,FFFF03D9,0001FFF6,00950001,FF17BA51,3C004E20,2BFDF3BD,E007F816,00000020,000000E3
228,153870800,000D0146,000003EB,0000FFFD,00960001,FF18BA51,3C004E20,2BFDF3BD,E007F816,00000020,000000E4
229,138650400,00090150,000003E1,00000000,00970001,FF18BA51,3C004E20,2BFDF3BD,E007F816,00000020,000000E5
230,141002100,00070151,000003D9,00000001,00960001,FF18BA51,3C004E20,2BFDF3BD,E007F816,00000020,000000E6
231,156699000,0004015D,000003DF,FFFFFFF8,00970001,FF18BA51,3C004E20,2801F3BD,E007F816,00000020,000000E7
232,117611400,0003015D,000003E5,FFFFFFF3,009B0002,0019BA50,3C004E20,2801F3BD,E007F816,00000020,000000E8
233,114310700,00020162,000003DC,0000FFF1,009F0002,0019BA50,3C004E20,2801F3BD,E007F816,00000020,000000E9
234,106275800,00010163,000003D9,0000FFF3,00A30002,0019BA50,3C004E20,2BFDF3BD,E007F816,00000020,000000EA
235,106954000,0001015E,000003EB,0000FFFC,00A50002,0019BA50,3C004E20,2BFDF3BD,E007F816,00000020,000000EB
236,110076000,00000166,000003E4,00000000,00A50002,001ABA50,3C004E20,2BFDF3BD,E007F816,00000020,000000EC
237,112340100,0000016C,000003DA,00000001,00A50002,001ABA50,3C004E20,2BFDF3BD,E007F816,00000020,000000ED
238,109338700,0000016E,000003E2,0000FFF7,00A70002,001ABA50,3C004E20,2801F3BD,E007F816,00000020,000000EE
239,105956700,00000173,000003E5,0000FFF2,00AA0002,001ABA50,3C004E20,2801F3BD,E007F816,00000020,000000EF
240,111204400,00000171,000003DC,0000FFF0,00AF0002,001BBA50,3C004E20,2BFDFB68,E007F816,00000020,000000F0
241,111767700,0000016D,000003DE,0000FFF6,00B30002,001BBA50,3C004E20,2BFDFB68,E007F816,00000020,000000F1
242,109761000,0000016D,000003EE,0000FFFE,00B40002,001BBA50,3C004E20,2BFDFB68,E007F816,00000020,000000F2
243,115573700,0000016E,000003E1,00000001,00B40002,001BBA50,3C004E20,2BFDFB68,E007F816,00000020,000000F3
244,131923000,00000173,000003DC,0000FFFB,00B40002,001CBA50,3C004E20,2801FB68,E007F816,00000020,000000F4
245,147848200,00000178,000003E9,0000FFF3,00B70002,001CBA50,3C004E20,2801FB68,E007F816,00000020,000000F5
246,164970900,00000177,000003E0,0000FFEF,00BC0002,001CBA50,3C004E20,2801FB68,E007F816,00000020,000000F6
247,161677100,00000177,000003DC,0000FFF3,00C10002,001CBA50,3C004E20,2BFDFB68,E007F816,00000020,000000F7
248,133879500,0000016F,000003EF,0000FFFC,00C30002,001DBA50,3C004E20,2BFDFB68,E007F816,00000020,000000F8
249,116247700,00000174,000003E5,00000000,00C30002,001DBA50,3C004E20,2BFDFB68,E007F816,00000020,000000F9
250,116800500,00000174,000003DD,0000FFFC,00C30002,001DBA50,3C004E20,2801FB68,E007F816,00000020,000000FA
251,115843000,0000017E,000003EA,0000FFF3,00C60002,001EBA50,3C004E20,2801FB68,E007F816,00000020,000000FB
252,117089300,0000017D,000003E2,0000FFEF,00CB0002,001EBA50,3C004E20,2801FB68,E007F816,00000020,000000FC
253,124855900,0000017A,000003DE,0000FFF3,00CF0002,001EBA50,3C004E20,2BFDFB68,E007F816,00000020,000000FD
254,111355700,00000175,000003F2,0000FFFC,00D10002,001EBA50,3C004E20,2BFDFB68,E007F816,00000020,000000FE
255,129484800,00000175,000003E5,00000000,00D20002,001FBA50,3C004E20,2BFDFB68,E007F816,00000020,000000FF
256,117921200,FFFF017C,000003E0,0000FFF9,00D20002,001FBA50,3C004E20,2801FB68,E007F816,00000020,00000100
257,126318700,00000183,000003EB,0000FFF1,00D60002,001FBA50,3C004E20,2801FB68,E007F816,00000020,00000101
258,117864600,0000017F,000003E0,0000FFED,00DB0002,001FBA50,3C004E20,2BFDFB68,E007F816,00000020,00000102
259,108844800,0000017B,000003E6,0000FFF7,00DF0002,0020BA50,3C004E20,2BFDFB68,E007F816,00000020,00000103
260,116716100,00000177,000003F1,0000FFFE,00E00002,0020BA50,3C004E20,2BFDFB68,F007F816,00000020,00000104
261,117955500,00000179,FFFF03E1,0000FFFF,00E00002,0020BA50,3C004E20,2BFDFB68,F007F816,00000020,00000105
262,117835200,00000183,000003EA,0000FFF3,00E30003,0020BA50,3C004E20,2801FB68,F007F816,00000020,00000106
263,114276700,00000182,000003E7,0000FFEE,00E80003,0021BA50,3C004E20,2801FB68,F007F816,00000020,00000107
264,111598900,0000017C,000003E0,0000FFF2,00ED0003,0021BA50,3C004E20,2BFDFB68,F007F816,00000020,00000108
265,105507600,00000177,000003F5,0000FFFC,00EF0003,0021BA50,3C004E20,2BFDFB68,F007F816,00000020,00000109
266,108441600,00000177,000003E7,00000000,00EF0003,0022BA50,3C004E20,2BFDFB68,F007F816,00000020,0000010A
267,111606000,FFFF017D,000003E7,0000FFF5,00F10003,0022BA50,3C004E20,2801FB68,F007F816,00000020,0000010B
268,105516900,0000017F,000003EC,0000FFEE,00F50003,0022BA50,3C004E20,2801FB68,F007F816,00000020,0000010C
269,125626100,0000017D,000003E0,0000FFEF,00FB0003,0022BA50,3C004E20,2BFDFB68,F007F816,00000020,0000010D
270,121847100,00000192,000003F5,0000FFFA,00FD0003,0023BA50,3C004E20,2BFDF9CA,F007F816,00000020,0000010E
271,113964900,00000192,000003EA,00000000,00FE0003,0023BA50,3C004E20,2BFDF9CA,E007F816,00000020,0000010F
272,116221300,0000015D,000003E8,0000FFF6,00FF0003,0023BA50,3C004E20,2801F9CA,E007F816,00000020,00000110
273,106530500,0000013C,000003EE,0000FFEE,01040003,0023BA50,3C004E20,2801F9CA,E007F816,00000020,00000111
274,106844800,0000011C,000003E2,0000FFF0,01090003,0023BA50,3C004E20,2BFDF9CA,E007F816,00000020,00000112
275,118102300,00000103,000003F8,0000FFFB,010C0003,0024BA50,3C004E20,2BFDF9CA,E007F816,00000020,00000113
276,122575700,000000F8,000003EA,00000000,010C0003,0024BA50,3C004E20,2BFDF9CA,E007F816,00000020,00000114
277,121124600,FFFF00F9,000003EA,0000FFF4,010E0003,0024BA50,3C004E20,2801F9CA,E007F816,00000020,00000115
278,117733100,000000F7,000003ED,0000FFED,01130003,0024BA51,3C004E20,2801F9CA,E007F816,00000020,00000116
279,123442200,000000ED,000003E4,0000FFF2,01180003,0024BA51,3C004E20,2BFDF9CA,E007F816,00000020,00000117
280,113985700,000000E1,000003F9,0000FFFC,011A0003,0024BA51,3C004E20,2BFDF9CA,E007F816,00000020,00000118
281,106668200,000000E5,FFFF03E8,0000FFFF,011A0003,0025BA51,3C004E20,2BFDF9CA,E007F816,00000020,00000119
282,108391400,000000EB,000003EF,0000FFF2,011D0003,0025BA51,3C004E20,2801F9CA,E007F816,00000020,0000011A
283,111819000,000000EA,000003EA,0000FFEC,01220003,0025BA51,3C004E20,2801F9CA,E007F816,00000020,0000011B
284,120064700,000000E5,000003EA,0000FFF5,01270003,0025BA51,3C004E20,2BFDF9CA,E007F816,00000020,0000011C
285,119602000,000000DE,000003F8,0000FFFD,01290003,0025BA51,3C004E20,2BFDF9CA,E007F816,00000020,0000011D
286,135049600,FFFF00E5,000003E7,0000FFFA,01290003,0025BA51,3C004E20,2801F9CA,E007F816,00000020,0000011E
287,135206600,000000EC,000003F2,0000FFEF,012D0003,0025BA51,3C004E20,2801F9CA,E007F816,00000020,0000011F
288,114088100,000000EB,000003E5,0000FFEA,01330003,0026BA51,3C004E20,2BFDF9CA,E007F816,00000020,00000120
289,130457900,000000E2,000003F5,0000FFF8,01370003,0026BA51,3C004E20,2BFDF9CA,E007F816,00000020,00000121
290,136452400,000000DF,000003F2,0000FFFF,01380003,0026BA51,3C004E20,2BFDF9CA,E007F816,00000020,00000122
291,119122900,000000E9,000003EB,0000FFF5,01390003,0026BA51,3C004E20,2801F9CA,E007F816,00000020,00000123
292,128042800,000000ED,000003F0,0000FFED,013E0004,0026BA51,3C004E20,2801F9CA,E007F816,00000020,00000124
293,108110300,000000EA,000003E6,0000FFF1,01440004,0026BA51,3C004E20,2BFDF9CA,E007F816,00000020,00000125
294,119809100,000000E1,000003FB,0000FFFC,01460004,0026BA51,3C004E20,2BFDF9CA,E007F816,00000020,00000126
295,130924900,000000E2,FFFF03EA,0000FFFC,01460004,0027BA51,3C004E20,2801F9CA,E007F816,00000020,00000127
296,130547300,000000EE,000003F2,0000FFF0,014A0004,0027BA51,3C004E20,2801F9CA,E007F816,00000020,00000128
297,117121100,000000ED,000003E9,0000FFEA,014F0004,0027BA51,3C004E20,2BFDF9CA,E007F816,00000020,00000129
298,107248700,000000E4,000003F3,0000FFF7,01540004,0027BA51,3C004E20,2BFDF9CA,E007F816,00000020,0000012A
299,112178000,000000E1,000003F5,0000FFFE,01550004,0027BA51,3C004E20,2BFDF9CA,E007F816,00000020,0000012B
300,115772900,000000E9,000003E6,0000FFFB,01560004,0027BA51,3C004E20,2801F011,E007F816,00000020,0000012C
301,125705800,000000E9,000003E3,0000FFF7,01580004,0027BA51,3C004E20,2801F011,E007F816,00000020,0000012D
302,120484200,000000E9,000003DC,0000FFFA,015A0004,0027BA51,3C004E20,2BFDF011,E007F816,00000020,0000012E
303,119632600,000000E5,000003E5,0000FFFF,015B0004,0028BA51,3C004E20,2BFDF011,E007F816,00000020,0000012F
304,111397800,000000E4,000003DB,00000001,015B0004,0028BA51,3C004E20,2BFDF011,E007F816,00000020,00000130
305,116861600,000000E9,000003D3,00000001,015B0004,0028BA51,3C004E20,2BFDF011,E007F816,00000020,00000131
306,116754200,000000E7,000003D0,00000001,015A0004,0028BA51,3C004E20,2BFDF011,E007F816,00000020,00000132
307,121878800,000000E8,000003CF,00000001,015A0004,0028BA51,3C004E20,2BFDF011,E007F816,00000020,00000133
308,137912600,000000E7,000003D0,00000001,015A0004,0028BA51,3C004E20,2BFDF011,E007F816,00000020,00000134
309,149029800,000000E9,000003D0,00000001,01590004,0028BA51,3C004E20,2BFDF011,E007F816,00000020,00000135
310,160267900,000000E6,000003D1,00000000,01590004,0029BA52,3C004E20,2BFDF011,E007F816,00000020,00000136
311,163285800,000000E9,000003D2,00000000,01590004,0029BA52,3C004E20,2BFDF011,E007F816,00000020,00000137
312,173774900,000000E7,000003D2,00000000,01590004,0029BA52,3C004E20,2BFDF011,E007F816,00000020,00000138
313,157136800,000000E7,000003D3,00000000,01590004,0029BA52,3C004E20,2BFDF011,E007F816,00000020,00000139
314,159080200,000000E8,000003D3,00000000,01590004,0029BA52,3C004E20,2BFDF011,E007F816,00000020,0000013A
315,152749100,000000E7,000003D3,00000000,01590004,0029BA52,3C004E20,2BFDF011,E007F816,00000020,0000013B
316,157437900,000000E8,000003D3,00000000,01590004,0029BA52,3C004E20,2BFDF011,E007F816,00000020,0000013C
317,164455200,000000E7,000003D3,00000000,01590004,0029BA52,3C004E20,2BFDF011,E007F816,00000020,0000013D
318,174219500,000000E8,000003D3,00000000,01590004,002ABA52,3C004E20,2BFDF011,E007F816,00000020,0000013E
319,132252400,000000E8,000003D3,00000000,01590004,002ABA52,3C004E20,2BFDF011,E0FFF816,00000020,0000013F
320,153006000,000000E7,000003D3,00000000,01590004,002ABA52,3C004E20,2BFDF011,E0FFF816,00000020,00000140
321,131569400,000000E8,000003D3,00000000,01590004,002ABA52,3C004E20,2BFDF011,E0FFF816,00000020,00000141
322,117376100,FFF500E7,000003D3,FFF90000,01590004,002ABA51,3C004E20,2BFDF011,E0FFF816,00000020,00000142
323,117723900,FFEE00E9,000003D3,FFF20000,01590004,002ABA4D,3C004E20,2BFDF011,E0FFF816,00000020,00000143
324,108462200,FFF600E8,000003D3,FFF50000,01590004,002ABA4A,3C004E20,2BFDF011,E007F816,00000020,00000144
325,104810900,FFF900E7,000003D3,FFF70000,01590003,002BBA47,3C004E20,2BFDF011,E007F816,00000020,00000145
326,116211400,FFF600EA,000003D3,FFFA0000,01590003,002BBA45,3C004E20,2BFDF011,E007F816,00000020,00000146
327,148058500,FFF400E7,000003D3,FFFB0000,01590003,002BBA44,3C004E20,2BFDF011,E007F816,00000020,00000147
328,172143100,FFF400E8,000003D3,FFFD0000,01590003,002BBA42,3C004E20,2BFDF011,E007F816,00000020,00000148
329,153714200,FFF400E3,000003D3,FFFE0000,01590003,002BBA42,3C004E20,2BFDF011,E007F816,00000020,00000149
330,150962100,FFF500B0,000003D3,FFFF0000,01590003,002BBA41,3C004E20,2BFDDAD6,E007F816,00000020,0000014A
331,149468800,FFF6004A,000003D3,00000001,01590003,002BBA41,3C004E20,2BFDDAD6,E007F816,00000020,0000014B
332,171656400,FFF8FFED,000003C9,00000009,01570003,002BBA41,3C004E20,2BFDDAD6,E007F816,00000020,0000014C
333,147528800,FFF9FFB9,000003C8,0001000C,01540003,002BBA42,3C004E20,2801DAD6,E007F816,00000020,0000014D
334,133857300,FFF0FF9E,000003C0,FFFA0005,01520003,002BBA41,3C004E20,2801DAD6,E0FFF816,00000020,0000014E
335,149557600,FFEAFF90,000003BF,FFF40008,01510003,002BBA3E,3C004E20,2BFDDAD6,E0FFF816,00000020,0000014F
336,118132700,FFE8FF91,000003B3,FFEF0011,014C0003,002BBA39,3C004E20,2BFDDAD6,E0FFF816,00000020,00000150
337,138061600,FFE4FFB7,000003BB,FFEB0011,01470002,002ABA34,3C004E20,2801DAD6,E0FFF816,00000020,00000151
338,126194600,FFE0FFFA,000003AA,FFE80006,01440002,002ABA2D,3C004E20,2801DAD6,E007F816,00000020,00000152
339,113248500,FFDB003B,000003B2,FFE60009,01430002,002ABA26,3C004E20,2BFDDAD6,E007F816,00000020,00000153
340,125575100,FFE00065,000003B0,FFED0011,013F0001,002BBA20,3C004E20,2BFDDAD6,E007F816,00000020,00000154
341,105833000,FFE20090,000003BB,FFF2000C,013A0001,002BBA1B,3C004E20,2801DAD6,E007F816,00000020,00000155
342,110488600,FFE100B7,000003AC,FFF60003,01380001,002BBA18,3C004E20,2801DAD6,E007F816,00000020,00000156
343,112730900,FFE100BF,000003B5,FFFA000B,01360001,002BBA15,3C004E20,2BFDDAD6,E007F816,00000020,00000157
344,111857600,FFE300C9,000003B5,FFFC0012,01320001,002BBA14,3C004E20,2BFDDAD6,E007F816,00000020,00000158
345,134247900,FFE600D1,000003B9,FFFF0009,012E0001,002BBA13,3C004E20,2801DAD6,E007F816,00000020,00000159
346,132939600,FFE900AB,000003B0,00000002,012D0001,002BBA13,3C004E20,2BFDDAD6,E007F816,00000020,0000015A
347,122674100,FFEC0040,000003B2,0001000E,012A0001,002BBA13,3C004E20,2BFDDAD6,E007F816,00000020,0000015B
348,118503200,FFF0FFE6,000003BB,00020014,01240000,002BBA14,3C004E20,2801DAD6,E007F816,00000020,0000015C
349,105037800,FFF3FFBA,000003B3,00020008,01210000,002BBA15,3C004E20,2801DAD6,E007F816,00000020,0000015D
350,123385200,FFF6FFA1,000003B4,00030007,011F0000,002BBA15,3C004E20,2BFDDAD6,E007F816,00000020,0000015E
351,117871200,FFF9FF87,000003B1,00030010,011C0000,002BBA16,3C004E20,2BFDDAD6,E007F816,00000020,0000015F
352,123498400,FFFBFF91,000003BE,00020010,01160000,002BBA17,3C004E20,2801DAD6,E007F816,00000020,00000160
353,123600700,FFFDFFC0,000003AE,00020005,01140000,002ABA17,3C004E20,2801DAD6,E007F816,00000020,00000161
354,127451700,FFFFFFF7,000003B6,00020009,01120000,002ABA18,3C004E20,2BFDDAD6,E007F816,00000020,00000162
355,112239600,FFFF0030,000003B3,00010010,010F0000,002ABA18,3C004E20,2BFDDAD6,E007F816,00000020,00000163
356,118828600,00000069,000003BE,0001000C,010A0000,002BBA19,3C004E20,2801DAD6,E007F816,00000020,00000164
357,123967300,00010098,000003AE,00010003,01080000,002BBA19,3C004E20,2801DAD6,E007F816,00000020,00000165
358,111667200,000100AD,000003B6,0001000A,01070000,002BBA19,3C004E20,2BFDDAD6,E007F816,00000020,00000166
359,157405600,000100BB,000003B6,00010011,01020000,002BBA1A,3C004E20,2BFDDAD6,E007F816,00000020,00000167
360,110285400,000100CD,000003BB,00000009,00FE0000,002BBA1A,3C004E20,2801BF67,E007F816,00000020,00000168
361,98703700,000100D6,000003B1,00000002,00FD0000,002BBA1A,3C004E20,2801BF67,E007F816,00000020,00000169
362,109119800,000100A1,000003B3,0000000E,00FA0000,002BBA1A,3C004E20,2BFDBF67,E007F816,00000020,0000016A
363,98641900,0001003E,000003BB,00000014,00F50000,002BBA1A,3C004E20,2801BF67,E007F816,00000020,0000016B
364,110981500,0001FFED,000003B4,00000008,00F20000,002BBA1A,3C004E20,2801BF67,E007F816,00000020,0000016C
365,116656800,0001FFBC,000003B4,00000007,00F00000,002BBA1A,3C004E20,2BFDBF67,E007F816,00000020,0000016D
366,123978500,0001FF96,000003B2,00000010,00EC0000,002BBA1A,3C004E20,2BFDBF67,E007F816,00000020,0000016E
367,132787700,0000FF87,000003BE,00000011,00E70000,002BBA1A,3C004E20,2801BF67,E007F816,00000020,0000016F
368,119227100,0000FF9A,000003AE,00000005,00E40000,002BBA1A,3C004E20,2801BF67,E007F816,00000020,00000170
369,117843900,0000FFBC,000003B6,00000009,00E30000,002BBA1A,3C004E20,2BFDBF67,E007F816,00000020,00000171
370,122066900,0000FFEE,000003B3,00000010,00DF0000,002BBA1A,3C004E20,2BFDBF67,E007F816,00000020,00000172
371,113718100,00000035,000003BE,0000000C,00DA0000,002BBA1A,3C004E20,2801BF67,E007F816,00000020,00000173
372,114823800,00000070,000003AE,00000003,00D90000,002BBA1A,3C004E20,2801BF67,E007F816,00000020,00000174
373,120079900,00000092,000003B6,0000000B,00D70000,002BBA1A,3C004E20,2BFDBF67,E007F816,00000020,00000175
374,108584600,000000A8,000003B7,00000011,00D30000,002BBA1A,3C004E20,2BFDBF67,E007F816,00000020,00000176
375,116809000,000000C0,000003BB,00000009,00CE0000,002BBA1A,3C004E20,2801BF67,E007F816,00000020,00000177
376,147808700,000000CE,000003B1,00000002,00CD0000,002BBA1A,3C004E20,2801BF67,E007F816,00000020,00000178
377,114448300,0000009C,000003B3,0000000E,00CB0000,002BBA1A,3C004E20,2BFDBF67,E007F816,00000020,00000179
378,137376600,00000038,000003BC,00000014,00C60000,002BBA1A,3C004E20,2801BF67,E007F816,00000020,0000017A
379,137766800,0000FFEC,000003B4,00000008,00C20000,002BBA1A,3C004E20,2801BF67,E007F816,00000020,0000017B
380,135561800,0000FFBB,000003B4,00000007,00C00000,002BBA1A,3C004E20,2BFDBF67,E007F816,00000020,0000017C
381,166723200,0000FF95,000003B2,00000010,00BD0000,002BBA1A,3C004E20,2BFDBF67,E007F816,00000020,0000017D
382,156709000,0000FF84,000003BE,00000011,00B70000,002BBA1A,3C004E20,2801BF67,E007F816,00000020,0000017E
383,170273700,0000FF88,000003AE,00000005,00B50000,002BBA1A,3C004E20,2801BF67,E007F816,00000020,0000017F
384,167281400,0000FF8F,000003B3,0000000E,00B30000,002BBA1A,3C004E20,2BFDBF67,E007F816,00000020,00000180
385,157873500,FFF6FFAB,000003A7,FFF9001A,00AC0000,FF2BBA18,3C004E20,2BFDBF67,E0FFF816,00000020,00000181
386,148681100,FFEEFFEF,000003B2,FFF30013,00A50000,002ABA15,3C004E20,2801BF67,E007F816,00000020,00000182
387,157317600,FFF6003E,0000039A,FFF50005,00A20000,002BBA12,3C004E20,2801BF67,E007F816,00000020,00000183
388,144554000,FFF9006C,000003B7,FFF8FFFF,00A20000,002BBA0F,3C004E20,2801BF67,E007F816,00000020,00000184
389,135536100,FFF60092,000003CC,FFFAFFFD,00A30000,002BBA0D,3C004E20,2BFDBF67,E007F816,00000020,00000185
390,149947700,FFF500AB,000003D7,FFFBFFFD,00A30000,002BBA0C,3C004E20,2BFD9B86,E007F816,00000020,00000186
391,164851200,FFF500BF,000003DC,FFFDFFFD,00A40000,002BBA0B,3C004E20,2BFD9B86,E007F816,00000020,00000187
392,148793200,FFF500C5,000003D5,FFFE0003,00A40000,002BBA0A,3C004E20,2BFD9B86,E007F816,00000020,00000188
393,142431000,FFF6009A,000003D3,FFFF0006,00A30000,002BBA0A,3C004E20,2BFD9B86,E007F816,00000020,00000189
394,151283400,FFE5004B,FFED03F3,0000FFD5,00A70007,002BBA09,3C004E20,28019B86,E007F816,00000020,0000018A
395,140856600,0030FFE6,001F03D3,00010011,00ABFFF7,002BBA0A,3C004E20,2BFD9B86,E007F816,00000020,0000018B
396,131847900,FFCFFF83,FFE90380,0001006A,0099FFF8,002BBA0A,3C004E20,2BFD9B86,E007F816,00000020,0000018C
397,129539700,0017FF84,00150396,00010043,007FFFEE,002BBA0A,3C004E20,28019B86,E0FFF816,00000020,0000018D
398,133413100,FFE0FFAD,000302FF,FFFA0019,0073FFEC,002BBA09,3C004E20,24019B86,E2FFD016,00000020,0000018E
399,138809000,FFE8FF84,FFFF0366,FFF30006,0070FFEC,002BBA06,3C004E20,28019B86,E0FFF816,00000020,0000018F
400,126493200,FFEBFF2E,FFFE03A8,FFEEFFFE,0070FFEC,002ABA02,3C004E20,28019B86,E0FFF816,00000020,00000190
401,116431900,FFE8FF8C,FFFF03CC,FFEAFFFB,0071FFED,002AB9FC,3C004E20,2BFD9B86,E0FFF816,00000020,00000191
402,108517700,FFE2FFB8,FFFF03DD,FFE7FFFB,0072FFED,002AB9F5,3C004E20,2BFD9B86,E0FFF816,00000020,00000192
403,113903300,FFDBFFF2,FFF303E2,FFE5FFFF,0074FFEE,002AB9EE,3C004E20,2BFD9B86,E0FFF816,00000020,00000193
404,117510100,FFBC0029,FFEF03C1,FFE50018,0070FFFB,002AB9E6,3C004E20,2BFD9B86,E007F816,00000020,00000194
405,113431900,000D005A,002903AA,FFED0022,0065FFF6,002AB9E0,3C004E20,28019B86,E007F816,00000020,00000195
406,110285000,FFC10093,FF91039A,FFF0000A,005CFFFD,002BB9DB,3C004E20,28019B86,E007F816,00000020,00000196
407,121393500,FFF600AD,003A0378,FFF60020,0056FFFB,002BB9D7,3C004E20,28019B86,E007F816,00000020,00000197
408,125434900,FFDD00BF,FFDF0396,FFF90018,0052FFF9,002BB9D5,3C004E20,28019B86,E007F816,00000020,00000198
409,105743100,FFD500CD,FFFC03B7,FFFC0005,004FFFFC,002BB9D3,3C004E20,28019B86,E007F816,00000020,00000199
410,102371000,FFEA00D4,000003B8,FFFEFFFF,004FFFFC,002BB9D2,3C004E20,2BFD9B86,E007F816,00000020,0000019A
411,111638900,FFE800A5,000103CF,0000FFFD,0050FFFC,002BB9D2,3C004E20,2BFD9B86,E007F816,00000020,0000019B
412,112268800,FFEB0040,000103DA,0001FFFE,0050FFFC,002BB9D2,3C004E20,2BFD9B86,E007F816,00000020,0000019C
413,130266200,FFEEFFEA,000103DE,0002FFFE,0051FFFC,002BB9D3,3C004E20,2BFD9B86,E007F816,00000020,0000019D
414,120880700,FFF2FFB6,000003DE,0002FFFF,0051FFFC,002BB9D4,3C004E20,2BFD9B86,E007F816,00000020,0000019E
415,117928200,FFF6FF99,000003DD,0003FFFF,0052FFFC,002BB9D4,3C004E20,28019B86,E007F816,00000020,0000019F
416,112794300,FFF9FF87,000003DB,00030000,0052FFFC,002BB9D5,3C004E20,28019B86,E007F816,00000020,000001A0
417,102640700,FFFBFF80,000003D9,00020000,0052FFFC,002BB9D6,3C004E20,28019B86,E007F816,00000020,000001A1
418,128977800,FFFDFF8E,000003D8,00020000,0052FFFB,002BB9D6,3C004E20,28019B86,E007F816,00000020,000001A2
419,111926100,FFFFFFB4,000003D6,00020000,0052FFFB,002BB9D7,3C004E20,28019B86,E007F816,00000020,000001A3
420,103200300,0000FFF1,000003D6,0001FFFF,0052FFFB,002BB9D7,3C004E20,280174A6,E007F816,00000020,000001A4
421,138245000,00010033,000003D5,0001FFFF,0052FFFB,002BB9D8,3C004E20,280174A6,E007F816,00000020,000001A5
422,117281800,00010069,000003D5,0001FFFF,0052FFFB,002BB9D8,3C004E20,280174A6,E007F816,00000020,000001A6
423,115116300,0002008F,000003D5,0001FFFF,0053FFFB,002BB9D8,3C004E20,280174A6,E007F816,00000020,000001A7
424,121541800,000200AC,000003D5,0000FFFF,0053FFFB,002BB9D8,3C004E20,280174A6,E007F816,00000020,000001A8
425,108024300,000200B9,000003D5,0000FFFF,0053FFFB,002BB9D8,3C004E20,280174A6,E007F816,00000020,000001A9
426,97594900,FFFF0084,FFFD03A2,0000003C,004CFFFC,002BB9D8,3C004E20,2BFD74A6,E007F816,00000020,000001AA
427,111197300,0004000C,FFFF033F,0000006D,0031FFFD,002BB9D8,3C004E20,2BFD74A6,E007F816,00000020,000001AB
428,132201900,0000FFE1,FFFD0344,00000042,0015FFFE,002BB9D8,3C004E20,280174A6,E007F816,00000020,000001AC
429,141176800,0003FFDF,000002F6,0000000C,000DFFFE,002BB9D8,3C004E20,240174A6,E207D016,00000020,000001AD
430,136639100,0001FF8E,0000036E,0000FFFC,000DFFFE,002BB9D8,3C004E20,280174A6,E007F816,00000020,000001AE
431,135492600,0001FF25,000003C4,0000FFF9,000EFFFE,002BB9D8,3C004E20,2BFD74A6,E007F816,00000020,000001AF
432,110850000,0001FF75,000003DF,0000FFF9,0010FFFE,002BB9D8,3C004E20,2BFD74A6,E007F816,00000020,000001B0
433,109582200,FFF5FF8B,FFFA03E9,FFF8FFFA,0012FFFF,FF2BB9D7,3C004E20,2BFD74A6,E0FFF816,00000020,000001B1
434,103572300,FFEEFFAC,FFFE03D6,FFF3000B,0011FFFF,002BB9D4,3C004E20,2BFD74A6,E007F816,00000020,000001B2
435,110796300,FFF8FFE8,FFFD03CF,FFF50014,000C0000,002BB9D0,3C004E20,280174A6,E007F816,00000020,000001B3
436,117714900,FFFF0031,000703B4,FFF80010,0007FFFE,002BB9CE,3C004E20,280174A6,E007F816,00000020,000001B4
437,116166000,FFF30066,000103A4,FFF90011,0002FFFD,002BB9CB,3C004E20,280174A6,E007F816,00000020,000001B5
438,118516200,FFF70090,000503B2,FFFB0009,FFFFFFFB,002BB9CA,3C004E20,280174A6,E007F816,00000020,000001B6
439,102956400,FFF200B0,000103B3,FFFD0001,FFFEFFFB,002BB9C9,3C004E20,280174A6,E007F816,00000020,000001B7
440,101865400,FFF400BB,000003C7,FFFEFFFE,FFFEFFFB,002BB9C8,3C004E20,280174A6,E007F816,00000020,000001B8
441,112166100,FFF60094,000003D4,FFFFFFFE,FFFEFFFB,002BB9C8,3C004E20,2BFD74A6,E007F816,00000020,000001B9
442,119148200,FFF70037,000003DA,0000FFFE,FFFFFFFB,002BB9C7,3C004E20,2BFD74A6,E007F816,00000020,000001BA
443,118872900,FFF8FFE3,000003DC,0000FFFF,FFFFFFFB,002BB9C7,3C004E20,2BFD74A6,E007F816,00000020,000001BB
444,118683900,FFF9FFB3,FFFD03DC,0000FFFF,0000FFFB,002BB9C8,3C004E20,280174A6,E007F816,00000020,000001BC
445,99310800,FFFAFF96,FFFC03DC,0001FFFE,0000FFFD,002BB9C8,3C004E20,280174A6,E007F816,00000020,000001BD
446,96609100,FFFCFF86,FFFA03DB,0001FFFF,0001FFFE,002BB9C8,3C004E20,280174A6,E007F816,00000020,000001BE
447,113048600,FFFEFF7D,FFFD03DC,0001FFFF,0001FFFF,002BB9C8,3C004E20,280174A6,E007F816,00000020,000001BF
448,115476900,FFFFFF7A,FFFE03DA,0001FFFE,00010000,002BB9C8,3C004E20,280174A6,E007F816,00000020,000001C0
449,109485700,0000FF89,000003D9,0001FFFF,00020000,002BB9C9,3C004E20,280174A6,E007F816,00000020,000001C1
450,123998900,0000FFB1,000003D9,00010000,00020000,002BB9C9,3C004E20,28014CB2,E007F816,00000020,000001C2
451,120079100,0000FFEE,000003D6,00010000,00020000,002BB9C9,3C004E20,28014CB2,E007F816,00000020,000001C3
452,129774000,00000032,000003D5,0000FFFF,00020000,002BB9C9,3C004E20,28014CB2,E007F816,00000020,000001C4
453,119043800,00000066,000003D5,0000FFFF,00020000,002BB9C9,3C004E20,28014CB2,E007F816,00000020,000001C5
454,115667000,0000008E,000003D4,0000FFFF,00020000,002BB9C9,3C004E20,28014CB2,E007F816,00000020,000001C6
455,122039900,000000AA,000003D5,0000FFFF,00030000,002BB9C9,3C004E20,28014CB2,E007F816,00000020,000001C7
456,104638200,000000B9,000003D5,0000FFFF,00030000,002BB9C9,3C004E20,28014CB2,E007F816,00000020,000001C8
457,111819400,00000093,000003D5,00000000,00030000,002BB9CA,3C004E20,28014CB2,E007F816,00000020,000001C9
458,104946700,00000037,000003D5,00000000,00030000,002BB9CA,3C004E20,28014CB2,E007F816,00000020,000001CA
459,118312400,0000FFE4,000003D5,00000001,00030000,002BB9CA,3C004E20,28014CB2,E007F816,00000020,000001CB
460,109517400,0000FFB3,000003D5,00000001,00020000,002BB9CA,3C004E20,28014CB2,E007F816,00000020,000001CC
461,110560600,0000FF97,000003D5,00000001,00020000,002BB9CA,3C004E20,28014CB2,E007F816,00000020,000001CD
462,106171000,0000FF86,000003D5,00000001,00020000,002BB9CA,3C004E20,28014CB2,E007F816,00000020,000001CE
463,99550600,0000FF7D,000003D5,00000001,00020000,002BB9CA,3C004E20,28014CB2,E007F816,00000020,000001CF
464,103457500,0000FF7A,000003D5,00000000,00020000,002BB9CA,3C004E20,28014CB2,E007F816,00000020,000001D0
465,119016400,0000FF8A,000003D5,00000000,00020000,002BB9CA,3C004E20,28014CB2,E007F816,00000020,000001D1
466,113836200,0000FFB0,000003D1,00000002,00010000,002BB9CA,3C004E20,28014CB2,E007F816,00000020,000001D2
467,108826700,0000FFEE,000003D1,00000003,00000000,002BB9CA,3C004E20,28014CB2,E007F816,00000020,000001D3
468,106779900,00000032,000003CE,00000001,00000000,002BB9C9,3C004E20,28014CB2,E007F816,00000020,000001D4
469,106580700,00000067,000003CF,00000000,00000000,002BB9C9,3C004E20,28014CB2,E007F816,00000020,000001D5
470,104286000,0000008E,000003D2,0000FFFF,00000000,002BB9C9,3C004E20,28014CB2,E007F816,00000020,000001D6
471,126314000,000000AA,000003D4,0000FFFF,00000000,002BB9C9,3C004E20,28014CB2,E007F816,00000020,000001D7
472,108933800,000000B8,000003D5,0000FFFF,00010000,002BB9C9,3C004E20,28014CB2,E007F816,00000020,000001D8
473,90593500,0000008F,000003C7,0000000D,FFFF0000,002BB9C9,3C004E20,2BFD4CB2,E007F816,00000020,000001D9
474,105318400,00000030,000003BC,00000015,FFF90000,002BB9C9,3C004E20,28014CB2,E007F816,00000020,000001DA
475,105869400,0000FFE5,000003B5,0000000C,FFF50000,002BB9C9,3C004E20,28014CB2,E007F816,00000020,000001DB
476,112969600,0000FFB9,000003AD,00000004,FFF30000,002BB9C9,3C004E20,28014CB2,E007F816,00000020,000001DC
477,108207100,0000FF99,000003C2,00000001,FFF20000,002BB9C9,3C004E20,28014CB2,E007F816,00000020,000001DD
478,110322000,0000FF7D,000003AF,0000001B,FFED0000,002BB9C9,3C004E20,2BFD4CB2,E007F816,00000020,000001DE
479,100945800,0000FF6F,000003A2,00000029,FFE30000,002BB9C9,3C004E20,28014CB2,E007F816,00000020,000001DF
480,108327100,0000FF7C,00000395,00000014,FFDA0000,002BB9C9,3C004E20,280124CA,E007F816,00000020,000001E0
481,105852400,0000FF96,00000389,00000006,FFD70000,002BB9C9,3C004E20,280124CA,E007F816,00000020,000001E1
482,106736600,0000FFB6,000003B4,0000FFFF,FFD70000,002BB9C9,3C004E20,280124CA,E007F816,00000020,000001E2
483,100697700,0000FFE6,000003AD,00000018,FFD30000,002BB9C9,3C004E20,2BFD24CA,E007F816,00000020,000001E3
484,108638100,00000023,000003A5,00000026,FFC90000,002BB9C9,3C004E20,280124CA,E007F816,00000020,000001E4
485,105188600,00000068,0000039C,00000012,FFC10000,002BB9C9,3C004E20,280124CA,E007F816,00000020,000001E5
486,91174000,0000009A,0000038D,00000004,FFBE0000,002BB9C9,3C004E20,280124CA,E007F816,00000020,000001E6
487,137855900,000000AA,000003B8,0000FFFE,FFBE0000,002BB9C9,3C004E20,280124CA,E007F816,00000020,000001E7
488,106858200,0000007E,000003B1,00000018,FFBB0000,002BB9C9,3C004E20,2BFD24CA,E007F816,00000020,000001E8
489,109233200,00000021,000003A7,00000027,FFB10000,002BB9C9,3C004E20,280124CA,E007F816,00000020,000001E9
490,96547300,0000FFE1,0000039C,00000013,FFA90000,002BB9C9,3C004E20,280124CA,E007F816,00000020,000001EA
491,104634100,0000FFBC,0000038E,00000005,FFA60000,002BB9C9,3C004E20,280124CA,E007F816,00000020,000001EB
492,115109700,0000FF99,000003B8,0000FFFF,FFA50000,002BB9C9,3C004E20,280124CA,E007F816,00000020,000001EC
493,113134400,0000FF81,000003BF,0000000B,FFA40000,002BB9C9,3C004E20,2BFD24CA,E007F816,00000020,000001ED
494,110646300,0000FF75,000003C1,00000012,FF9F0000,002BB9C9,3C004E20,280124CA,E007F816,00000020,000001EE
495,117049700,0000FF7A,000003BC,00000008,FF9B0000,002BB9C9,3C004E20,280124CA,E007F816,00000020,000001EF
496,111405400,0000FF8E,000003B7,00000001,FF9A0000,002BB9C9,3C004E20,280124CA,E007F816,00000020,000001F0
497,98862200,0000FFB3,000003CB,0000FFFE,FF9A0000,002BB9C9,3C004E20,280124CA,E007F816,00000020,000001F1
498,111765900,0000FFEE,000003D5,0000FFFD,FF9B0000,002BB9C9,3C004E20,280124CA,E007F816,00000020,000001F2
499,107483000,00000030,000003DA,0000FFFD,FF9C0000,002BB9C9,3C004E20,280124CA,E007F816,00000020,000001F3
500,102224700,00000065,000003DB,0000FFFE,FF9D0000,002BB9C9,3C004E20,280124CA,E007F816,00000020,000001F4
501,111711600,0000008D,000003DB,0000FFFE,FF9D0000,002BB9C9,3C004E20,280124CA,E007F816,00000020,000001F5
502,113992700,000000A4,000003DA,0000FFFE,FF9E0000,002BB9C9,3C004E20,280124CA,E007F816,00000020,000001F6
503,101907400,00000086,000003D9,0000FFFF,FF9E0000,002BB9C9,3C004E20,280124CA,E007F816,00000020,000001F7
504,106080500,0000002E,000003D8,00000000,FF9E0000,002BB9C9,3C004E20,280124CA,E007F816,00000020,000001F8
505,105555700,0000FFDE,000003D7,00000000,FF9E0000,002BB9C9,3C004E20,280124CA,E007F816,00000020,000001F9
506,101788500,0000FFAF,000003D6,00000001,FF9E0000,002BB9C9,3C004E20,280124CA,E007F816,00000020,000001FA
507,107068000,0000FF94,000003D5,00000001,FF9E0000,002BB9C9,3C004E20,280124CA,E007F816,00000020,000001FB
508,107043400,0000FF85,000003D5,00000001,FF9E0000,002BB9C9,3C004E20,280124CA,E007F816,00000020,000001FC
509,93360800,0000FF7C,000003D5,00000001,FF9D0000,002BB9C9,3C004E20,280124CA,E0FFF816,00000020,000001FD
510,105344200,FFF5FF76,000003D5,FFF90000,FF9D0000,FF2BB9C8,3C004E20,2800FD8F,E0FFF816,00000020,000001FE
511,100413100,FFEEFF75,000003D5,FFF20000,FF9D0000,002BB9C5,3C004E20,2800FD8F,E0FFF816,00000020,000001FF
512,109344900,FFEBFF87,000003D5,FFEE0000,FF9D0000,002BB9C0,3C004E20,2800FD8F,E007F816,00000020,00000200
513,108979600,FFF1FFAF,000003D4,FFF20000,FF9D0000,002BB9BC,3C004E20,2800FD8F,E007F816,00000020,00000201
514,94683400,FFF3FFED,000003D5,FFF5FFFF,FF9D0001,002BB9B8,3C004E20,2800FD8F,E007F816,00000020,00000202
515,100318600,FFF00030,000003D5,FFF8FFFF,FF9E0001,002BB9B5,3C004E20,2800FD8F,E007F816,00000020,00000203
516,107361300,FFEF0065,000003D6,FFFAFFFE,FF9E0001,002BB9B4,3C004E20,2800FD8F,E007F816,00000020,00000204
517,102212000,FFEF008D,000003D6,FFFCFFFE,FF9F0001,002BB9B2,3C004E20,2800FD8F,E007F816,00000020,00000205
518,109261800,FFF000A3,000003D7,FFFEFFFF,FF9F0001,002BB9B2,3C004E20,2800FD8F,E007F816,00000020,00000206
519,102953600,FFF20086,000003D7,FFFF0000,FF9F0001,002BB9B1,3C004E20,2800FD8F,E007F816,00000020,00000207
520,103520100,FFF3002E,000003D6,00000000,FF9F0001,002BB9B1,3C004E20,2800FD8F,E007F816,00000020,00000208
521,112116700,FFF5FFDF,000003D5,00010001,FF9F0001,002BB9B1,3C004E20,2800FD8F,E007F816,00000020,00000209
522,112426300,FFF7FFB0,000003D5,00010001,FF9F0000,002BB9B2,3C004E20,2800FD8F,E007F816,00000020,0000020A
523,99569500,FFF9FF94,000003D5,00010001,FF9F0000,002BB9B2,3C004E20,2800FD8F,E007F816,00000020,0000020B
524,108109100,FFFBFF85,000003D4,00010001,FF9E0000,002BB9B2,3C004E20,2800FD8F,E007F816,00000020,0000020C
525,105245400,FFFCFF7C,000003D5,00010001,FF9E0000,002BB9B3,3C004E20,2800FD8F,E007F816,00000020,0000020D
526,114248700,FFFDFF79,000003D5,00010000,FF9E0000,002BB9B3,3C004E20,2800FD8F,E007F816,00000020,0000020E
527,113514000,FFFFFF88,000003D4,00010000,FF9E0000,002BB9B3,3C004E20,2800FD8F,E007F816,00000020,0000020F
528,102893600,FFFFFFB0,000003D5,00010000,FF9E0000,002BB9B4,3C004E20,2800FD8F,E007F816,00000020,00000210
529,116677000,0000FFED,000003D5,0001FFFF,FF9E0000,002BB9B4,3C004E20,2800FD8F,E007F816,00000020,00000211
530,109773100,00000031,000003D5,0001FFFF,FF9E0000,002BB9B4,3C004E20,2800FD8F,E007F816,00000020,00000212
531,110226000,00000065,000003D5,0000FFFF,FF9E0000,002BB9B4,3C004E20,2800FD8F,E007F816,00000020,00000213
532,110906400,0000008D,000003D5,0000FFFF,FF9F0000,002BB9B4,3C004E20,2800FD8F,E007F816,00000020,00000214
533,96801200,000100A4,000003D5,0000FFFF,FF9F0000,002BB9B4,3C004E20,2800FD8F,E007F816,00000020,00000215
534,109649900,00010086,000403D5,00000001,FF9F0000,002BB9B5,3C004E20,2800FD8F,E007F816,00000020,00000216
535,111834600,00140022,000E03B1,0000001F,FF9AFFF7,002BB9B5,3C004E20,2BFCFD8F,E007F816,00000020,00000217
536,90963800,FFD2FFD4,FFE503AD,0000001A,FF900002,002BB9B5,3C004E20,2800FD8F,E007F816,00000020,00000218
537,107347400,0021FFC6,000903C4,0000FFEB,FF910000,002BB9B5,3C004E20,2800FD8F,E007F816,00000020,00000219
538,111409200,FFECFFA6,FFED03BB,0000FFE7,FF990007,002BB9B5,3C004E20,2BFCFD8F,E007F816,00000020,0000021A
539,94610500,000DFF7C,FFFD0411,0000FFF5,FF9E0009,002BB9B5,3C004E20,2BFCFD8F,E007F816,00000020,0000021B
540,98218700,0005FF74,00000400,0000FFFC,FF9F000A,002BB9B5,3C004E20,2800D749,E007F816,00000020,0000021C
541,105495800,0000FF76,000103EB,0000FFFF,FFA00009,002BB9B5,3C004E20,2800D749,E007F816,00000020,0000021D
542,99296600,0013FF81,004A03CE,00000017,FF9D0001,002BB9B5,3C004E20,2BFCD749,E007F816,00000020,0000021E
543,102817200,0026FF9F,0046039E,00000020,FF93FFE6,002BB9B5,3C004E20,2800D749,E007F816,00000020,0000021F
544,105468400,FFE4FFF8,004303CE,0002FFFF,FF8FFFD7,FF2BB9B5,3C004E20,2800D749,E007F816,00000020,00000220
545,99939600,FFE3003B,FFDE036E,0001000B,FF8EFFD4,FF2BB9B5,3C004E20,2BFCD749,E007F816,00000020,00000221
546,95059400,FFDB0054,FFDC03BF,FFFF0017,FF87FFE4,FF2BB9B5,3C004E20,2800D749,E007F816,00000020,00000222
547,92811600,00120097,FFC703DA,0000FFED,FF88FFF1,FF2BB9B5,3C004E20,2800D749,E007F816,00000020,00000223
548,97934700,FFFD0086,FFDC03B9,0000FFE5,FF900001,002BB9B5,3C004E20,2BFCD749,E007F816,00000020,00000224
549,114079200,0021001B,FFFB0411,0000FFF4,FF950005,002BB9B5,3C004E20,2BFCD749,E007F816,00000020,00000225
550,103676100,000AFFD1,00010402,0000FFFC,FF970005,002BB9B5,3C004E20,2BFCD749,E007F816,00000020,00000226
551,101358600,0001FFA9,000203ED,0000FFFF,FF980005,002BB9B5,3C004E20,2800D749,E007F816,00000020,00000227
552,107825000,FFFFFF91,000203E0,00000001,FF970004,002BB9B5,3C004E20,2800D749,E007F816,00000020,00000228
553,122656300,FFFFFF83,000103D8,00000001,FF970004,002BB9B5,3C004E20,2800D749,E007F816,00000020,00000229
554,103569000,FFFFFF7D,000103D5,00000001,FF970003,002BB9B5,3C004E20,2800D749,E007F816,00000020,0000022A
555,107702700,FFFFFF8B,000103D3,00000001,FF960003,002BB9B5,3C004E20,2800D749,E007F816,00000020,0000022B
556,92175500,FFFFFFB2,000003D2,00000000,FF960003,002BB9B5,3C004E20,2800D749,E007F816,00000020,0000022C
557,98891000,0000FFEF,000103D2,00000000,FF960003,002BB9B5,3C004E20,2800D749,E007F816,00000020,0000022D
558,104200500,0007002F,000F03CB,00000006,FF95FFFF,002BB9B5,3C004E20,2800D749,E007F816,00000020,0000022E
559,101077400,FFFC0062,000303C3,0000000D,FF92FFFD,002BB9B5,3C004E20,2800D749,E007F816,00000020,0000022F
560,104953100,0000008C,000A03BD,0000000B,FF8FFFFB,002BB9B5,3C004E20,2800D749,E007F816,00000020,00000230
561,109393600,FFFE00A8,000203B8,00000004,FF8DFFFA,002BB9B5,3C004E20,2800D749,E007F816,00000020,00000231
562,108245100,FFFD0089,000003C1,00000001,FF8CFFFA,002BB9B5,3C004E20,2800D749,E007F816,00000020,00000232
563,120056200,00000030,FFFF03CD,00000000,FF8CFFFA,002BB9B5,3C004E20,2800D749,E007F816,00000020,00000233
564,114082900,FFF9FFE5,FFE503E8,0000FFD0,FF90FFFD,002BB9B5,3C004E20,2800D749,E007F816,00000020,00000234
565,111679900,000DFF9A,000303AD,0000003A,FF8BFFFC,002BB9B5,3C004E20,2BFCD749,E007F816,00000020,00000235
566,103871600,FFFAFF59,FFED0335,FFFF0096,FF6EFFFD,002BB9B4,3C004E20,2BFCD749,E007F816,00000020,00000236
567,111677500,FFF9FF7D,FFF40362,FFFF0027,FF4E0001,002BB9B4,3C004E20,2800D749,E007F816,00000020,00000237
568,101902400,000FFFAD,000302BE,FFFF0028,FF45FFFF,002BB9B4,3C004E20,27FCD749,E207D016,00000020,00000238
569,113389400,FFF5FF45,FFE902EC,FFFF0061,FF330002,002BB9B4,3C004E20,27FCD749,E207D016,00000020,00000239
570,101647900,0007FEB9,00020374,00000040,FF1A0001,002BB9B4,3C004E20,2800B2F2,E007F816,00000020,0000023A
571,97530700,0009FEBB,000F02EA,00000031,FF0CFFFC,002AB9B4,3C004E20,27FCB2F2,E207D016,00000020,0000023B
572,94677000,FFFEFF39,001D0322,0000003F,FEFCFFF7,002AB9B4,3C004E20,2BFCB2F2,E007F816,00000020,0000023C
573,103512900,FFFDFF11,FFFA0345,00000037,FEE9FFF2,002AB9B3,3C004E20,2800B2F2,E007F816,00000020,0000023D
574,100072700,FFE5FF9B,FFFC0369,00000000,FEE2FFF9,002AB9B3,3C004E20,2800B2F2,E007F816,00000020,0000023E
575,101484400,0010FFD5,FFFA03A9,0000FFD0,FEEBFFF9,002AB9B3,3C004E20,2BFCB2F2,E007F816,00000020,0000023F
576,111557100,FFF3FFF3,FFF103FD,0000FFDB,FEF8FFFF,002AB9B3,3C004E20,2BFCB2F2,E007F816,00000020,00000240
577,112491400,000C0022,FFFD043C,0000FFEC,FEFF0001,002AB9B3,3C004E20,2BFCB2F2,E007F816,00000020,00000241
578,102658100,00030057,00000412,0000000C,FF010001,002AB9B3,3C004E20,2BFCB2F2,E007F816,00000020,00000242
579,110286500,00000068,000103A2,0000003D,FEF50001,002BB9B3,3C004E20,2BFCB2F2,E007F816,00000020,00000243
580,103257500,00000094,0001039A,00000041,FEE00001,002BB9B3,3C004E20,2800B2F2,E007F816,00000020,00000244
581,91876700,000000CF,0000033E,00000018,FED50001,002BB9B3,3C004E20,2800B2F2,E007F816,00000020,00000245
582,105794800,000000D8,0000036C,00000005,FED20000,002BB9B3,3C004E20,2800B2F2,E007F816,00000020,00000246
583,94391700,000000D2,000003A9,0000FFFE,FED20000,002BB9B3,3C004E20,2800B2F2,E007F816,00000020,00000247
584,93631300,000000A1,000003CA,0000FFFB,FED30000,002BB9B3,3C004E20,2BFCB2F2,E007F816,00000020,00000248
585,101410600,0000003C,000003DA,0000FFFC,FED40000,002BB9B3,3C004E20,2BFCB2F2,E007F816,00000020,00000249
586,102136500,0000FFE5,000003E0,0000FFFD,FED50000,002BB9B4,3C004E20,2BFCB2F2,E007F816,00000020,0000024A
587,103769600,0000FFB3,000003E1,0000FFFE,FED60000,002BB9B4,3C004E20,2BFCB2F2,E007F816,00000020,0000024B
588,96997800,0000FF94,000003DF,0000FFFF,FED60000,002BB9B4,3C004E20,2800B2F2,E007F816,00000020,0000024C
589,91653600,0000FF83,000003DD,0000FFFF,FED60000,002BB9B4,3C004E20,2800B2F2,E007F816,00000020,0000024D
590,104703400,0000FF7A,000003DA,00000000,FED70000,002BB9B4,3C004E20,2800B2F2,E007F816,00000020,0000024E
591,95927600,0000FF75,000003D8,00000000,FED70000,002BB9B4,3C004E20,2800B2F2,E007F816,00000020,0000024F
592,112636900,0000FF71,000003D6,00000000,FED70000,002BB9B4,3C004E20,2800B2F2,E007F816,00000020,00000250
593,106781300,0000FF6F,000003D5,00000000,FED70000,002BB9B4,3C004E20,2800B2F2,E007F816,00000020,00000251
594,103221300,0000FF6F,000003D4,00000000,FED70000,002BB9B4,3C004E20,2800B2F2,E007F816,00000020,00000252
595,103485600,0000FF6D,000003D4,00000000,FED70000,002BB9B4,3C004E20,2800B2F2,E007F816,00000020,00000253
596,98137800,0000FF70,000003D4,00000000,FED70000,002BB9B4,3C004E20,2800B2F2,E007F816,00000020,00000254
597,103380400,0000FF83,000003D4,00000000,FED70000,002BB9B4,3C004E20,2800B2F2,E007F816,00000020,00000255
598,96813700,0000FFAC,000003D3,00000000,FED70000,002BB9B4,3C004E20,2800B2F2,E007F816,00000020,00000256
599,111263700,0000FFE9,000003D3,0000FFFF,FED70000,002BB9B4,3C004E20,2800B2F2,E007F816,00000020,00000257
600,107301400,0000002E,000003D3,0000FFFF,FED70000,002BB9B4,3C004E20,2800921F,E007F816,00000020,00000258
601,112698900,00000061,000003D3,0000FFFF,FED70000,002BB9B4,3C004E20,2800921F,E007F816,00000020,00000259
602,111265200,00000086,000003D4,0000FFFF,FED80000,002BB9B4,3C004E20,2800921F,E007F816,00000020,0000025A
603,110304800,00000070,000003D4,00000000,FED80000,002BB9B4,3C004E20,2800921F,E007F816,00000020,0000025B
604,105211700,00000022,000003D4,00000000,FED80000,002BB9B4,3C004E20,2800921F,E007F816,00000020,0000025C
605,132832200,0000FFD5,000003D4,00000000,FED80000,002BB9B4,3C004E20,2800921F,E007F816,00000020,0000025D
606,124015100,0000FFAA,000003D4,00000001,FED70000,002BB9B4,3C004E20,2800921F,E007F816,00000020,0000025E
607,126733300,0000FF90,000003D4,00000001,FED70000,002BB9B4,3C004E20,2800921F,E007F816,00000020,0000025F
608,143475100,0000FF82,000003D4,00000001,FED70000,002BB9B4,3C004E20,2800921F,E007F816,00000020,00000260
609,137307000,0000FF78,000003D3,00000000,FED70000,002BB9B4,3C004E20,2800921F,E007F816,00000020,00000261
610,147407200,0000FF75,000003D4,00000000,FED70000,002BB9B4,3C004E20,2800921F,E007F816,00000020,00000262
611,154283600,0000FF71,000003D4,00000000,FED70000,002BB9B4,3C004E20,2800921F,E007F816,00000020,00000263
612,136586600,0000FF6F,000003D4,00000000,FED70000,002BB9B4,3C004E20,2800921F,E007F816,00000020,00000264
613,146899200,0000FF72,000003D4,00000000,FED70000,002BB9B4,3C004E20,2800921F,E007F816,00000020,00000265
614,138602100,0000FF82,000003D4,00000000,FED70000,002BB9B4,3C004E20,2800921F,E007F816,00000020,00000266
615,142684700,0000FFAB,000003D3,00000000,FED70000,002BB9B4,3C004E20,2800921F,E007F816,00000020,00000267
616,158292700,0000FFED,000003D4,0000FFFF,FED70000,002BB9B4,3C004E20,2800921F,E007F816,00000020,00000268
617,140207600,0000002A,000003D3,0000FFFF,FED70000,002BB9B4,3C004E20,2800921F,E007F816,00000020,00000269
618,128092300,00000064,000003D4,0000FFFF,FED70000,002BB9B4,3C004E20,2800921F,E007F816,00000020,0000026A
619,105959900,00000086,000003D4,0000FFFF,FED80000,002BB9B4,3C004E20,2800921F,E007F816,00000020,0000026B
620,102289200,00000070,000003D4,00000000,FED80000,002BB9B4,3C004E20,2800921F,E007F816,00000020,0000026C
621,121316400,00000021,000003D4,00000000,FED80000,002BB9B4,3C004E20,2800921F,E007F816,00000020,0000026D
622,105169100,0000FFD6,000003D4,00000000,FED80000,002BB9B4,3C004E20,2800921F,E007F816,00000020,0000026E
623,96628400,0000FFAB,000003D4,00000001,FED70000,002BB9B4,3C004E20,2800921F,E007F816,00000020,0000026F
624,103470300,0000FF8F,000003D4,00000001,FED70000,002BB9B4,3C004E20,2800921F,E007F816,00000020,00000270
625,96614100,0000FF83,000003D4,00000001,FED70000,002BB9B4,3C004E20,2800921F,E007F816,00000020,00000271
626,105594600,0000FF78,000003D4,00000000,FED70000,002BB9B4,3C004E20,2800921F,E007F816,00000020,00000272
627,102488500,0000FF75,000003D4,00000000,FED70000,002BB9B4,3C004E20,2800921F,E007F816,00000020,00000273
628,95440800,0000FF71,000003D4,00000000,FED70000,002BB9B4,3C004E20,2800921F,E007F816,00000020,00000274
629,101668500,0000FF6F,000003D4,00000000,FED70000,002BB9B4,3C004E20,2800921F,E007F816,00000020,00000275
630,103088900,0000FF72,000003D4,00000000,FED70000,002BB9B4,3C004E20,28006F7B,E007F816,00000020,00000276
631,117903400,0000FF82,000003D3,00000000,FED70000,002BB9B4,3C004E20,28006F7B,E007F816,00000020,00000277
632,99907500,0000FFAE,000003D4,00000000,FED70000,002BB9B4,3C004E20,28006F7B,E007F816,00000020,00000278
633,95427800,0000FFEB,000003D3,0000FFFF,FED70000,002BB9B4,3C004E20,28006F7B,E007F816,00000020,00000279
634,87704400,0000002C,000003D3,0000FFFF,FED70000,002BB9B4,3C004E20,28006F7B,E007F816,00000020,0000027A
635,93380300,00000063,000003D4,0000FFFF,FED70000,002BB9B4,3C004E20,28006F7B,E007F816,00000020,0000027B
636,95469100,00000086,000003D4,0000FFFF,FED80000,002BB9B4,3C004E20,28006F7B,E007F816,00000020,0000027C
637,96261200,00000070,000003D4,00000000,FED80000,002BB9B4,3C004E20,28006F7B,E007F816,00000020,0000027D
638,96358400,00000021,000003D4,00000000,FED80000,002BB9B4,3C004E20,28006F7B,E007F816,00000020,0000027E
639,92341300,0000FFD5,000003D4,00000000,FED80000,002BB9B4,3C004E20,28006F7B,E007F816,00000020,0000027F
640,97914300,0000FFAA,000003D4,00000001,FED70000,002BB9B4,3C004E20,28006F7B,E007F816,00000020,00000280
641,96196600,0000FF91,000003D6,0000FFFD,FED80000,002BB9B4,3C004E20,28006F7B,E007F816,00000020,00000281
642,114927200,0000FF86,000003E5,0000FFF4,FEDA0000,002BB9B4,3C004E20,28006F7B,E007F816,00000020,00000282
643,100354500,0000FF7D,000003E4,0000FFF4,FEDE0000,002BB9B4,3C004E20,28006F7B,E007F816,00000020,00000283
644,101919900,0000FF6F,000003F2,0000FFFC,FEE00000,002BB9B4,3C004E20,28006F7B,E007F816,00000020,00000284
645,108275900,0000FF70,000003E8,0000FFFF,FEE00000,002BB9B4,3C004E20,28006F7B,E007F816,00000020,00000285
646,115894300,0000FF6D,000003DC,00000001,FEE00000,002BB9B4,3C004E20,28006F7B,E007F816,00000020,00000286
647,109734300,0000FF74,000003DF,0000FFF4,FEE10000,002BB9B4,3C004E20,28006F7B,E007F816,00000020,00000287
648,109794900,0000FF8E,000003F7,0000FFE7,FEE70000,002BB9B4,3C004E20,28006F7B,E007F816,00000020,00000288
649,119968900,0000FFB0,000003F4,0000FFEC,FEEF0000,002BB9B4,3C004E20,28006F7B,E007F816,00000020,00000289
650,96182300,0000FFE2,0000040E,0000FFF9,FEF20000,002BB9B4,3C004E20,28006F7B,E007F816,00000020,0000028A
651,112393800,00000028,000003F3,0000FFFE,FEF30000,002BB9B4,3C004E20,28006F7B,E007F816,00000020,0000028B
652,101620800,00000062,000003DF,00000000,FEF30000,002BB9B4,3C004E20,28006F7B,E007F816,00000020,0000028C
653,105187200,0000008B,000003E4,0000FFF1,FEF50000,002BB9B4,3C004E20,28006F7B,E007F816,00000020,0000028D
654,95773800,0000007A,000003F5,0000FFE5,FEFC0000,002BB9B4,3C004E20,28006F7B,E007F816,00000020,0000028E
655,113892400,00000023,000003F8,0000FFF1,FF020000,002BB9B4,3C004E20,2BFC6F7B,E007F816,00000020,0000028F
656,111631400,0000FFCE,0000040A,0000FFFC,FF040000,002BB9B4,3C004E20,28006F7B,E007F816,00000020,00000290
657,104624300,0000FFA7,000003EC,00000001,FF040000,002BB9B4,3C004E20,28006F7B,E007F816,00000020,00000291
658,96869000,0000FF8E,000003DB,00000003,FF040000,002BB9B4,3C004E20,28006F7B,E007F816,00000020,00000292
659,102029400,0000FF8A,000003EC,0000FFEF,FF070000,002BB9B4,3C004E20,28006F7B,E007F816,00000020,00000293
660,101810000,0000FF83,000003F0,0000FFE5,FF0E0000,002BB9B4,3C004E20,2800569D,E007F816,00000020,00000294
661,110873900,0000FF71,00000400,0000FFF5,FF130000,002BB9B4,3C004E20,2800569D,E007F816,00000020,00000295
662,109989500,0000FF6C,00000402,0000FFFD,FF140000,002BB9B4,3C004E20,2800569D,E007F816,00000020,00000296
663,95859000,0000FF81,000003E6,00000001,FF140000,002BB9B4,3C004E20,2800569D,E007F816,00000020,00000297
664,92720100,0000FFAF,000003D9,0000FFFD,FF140000,002BB9B4,3C004E20,2800569D,E007F816,00000020,00000298
665,99178900,0000FFF4,000003F1,0000FFEB,FF180000,002BB9B4,3C004E20,2800569D,E007F816,00000020,00000299
666,92884900,00000037,000003ED,0000FFE5,FF200000,002BB9B4,3C004E20,2BFC569D,E007F816,00000020,0000029A
667,95555600,0000005D,00000407,0000FFF6,FF250000,002BB9B4,3C004E20,2BFC569D,E007F816,00000020,0000029B
668,102776900,00000080,000003FB,0000FFFD,FF260000,002BB9B4,3C004E20,2800569D,E007F816,00000020,0000029C
669,97470300,0000006F,000003E3,00000001,FF260000,002BB9B4,3C004E20,2800569D,E007F816,00000020,0000029D
670,89040500,00000025,000003DC,0000FFF8,FF270000,002BB9B4,3C004E20,2800569D,E007F816,00000020,0000029E
671,103627200,0000FFE0,000003F5,0000FFE9,FF2C0000,002BB9B4,3C004E20,2800569D,E007F816,00000020,0000029F
672,99432000,0000FFB1,000003F0,0000FFEC,FF330000,002BB9B4,3C004E20,2BFC569D,E007F816,00000020,000002A0
673,107479300,0000FF87,0000040C,0000FFFA,FF360000,002BB9B4,3C004E20,2800569D,E007F816,00000020,000002A1
674,95848500,0000FF7E,000003F5,00000000,FF360000,002BB9B4,3C004E20,2800569D,E007F816,00000020,000002A2
675,94936500,0000FF77,000003DF,00000002,FF360000,002BB9B4,3C004E20,2800569D,E007F816,00000020,000002A3
676,91633900,0000FF78,000003E1,0000FFF4,FF370000,002BB9B4,3C004E20,2800569D,E007F816,00000020,000002A4
677,102395500,0000FF7F,000003F5,0000FFE7,FF3D0000,002BB9B4,3C004E20,2800569D,E007F816,00000020,000002A5
678,111459100,0000FF88,000003F4,0000FFEF,FF440000,002BB9B4,3C004E20,2800569D,E007F816,00000020,000002A6
679,117327200,0000FFA5,0000040A,0000FFFB,FF460000,002BB9B4,3C004E20,2800569D,E007F816,00000020,000002A7
680,94091300,0000FFE8,000003EE,0000FFFF,FF470000,002BB9B4,3C004E20,2800569D,E007F816,00000020,000002A8
681,89647200,0000002D,000003DC,00000001,FF470000,002BB9B4,3C004E20,2800569D,E007F816,00000020,000002A9
682,105915700,0000006A,000003E7,0000FFEF,FF490000,002BB9B4,3C004E20,2800569D,E007F816,00000020,000002AA
683,96355700,00000092,000003F3,0000FFE4,FF500000,002BB9B4,3C004E20,2800569D,E007F816,00000020,000002AB
684,102043800,00000070,000003FB,0000FFF2,FF560000,002BB9B4,3C004E20,2BFC569D,E007F816,00000020,000002AC
685,104203900,0000001B,00000407,0000FFFC,FF580000,002BB9B4,3C004E20,2BFC569D,E007F816,00000020,000002AD
686,82713200,0000FFD3,000003EA,00000001,FF590000,002BB9B4,3C004E20,2800569D,E007F816,00000020,000002AE
687,118008600,0000FFAA,000003DB,00000001,FF580000,002BB9B4,3C004E20,2800569D,E007F816,00000020,000002AF
688,95875100,0000FF9B,000003F0,0000FFED,FF5C0000,002BB9B4,3C004E20,2800569D,E007F816,00000020,000002B0
689,102715800,0000FF8B,000003EF,0000FFE5,FF630000,002BB9B4,3C004E20,2BFC569D,E007F816,00000020,000002B1
690,93126500,0000FF75,00000406,0000FFF6,FF670000,002BB9B4,3C004E20,28004339,E007F816,00000022,000002B2
691,106663000,0000FF70,000003FF,0000FFFE,FF680000,002BB9B4,3C004E20,28004339,E007F816,00000022,000002B3
692,111238300,0000FF86,000003E5,00000001,FF680000,002BB9B4,3C004E20,28004339,E007F816,00000022,000002B4
693,101428300,0000FFB1,000003DB,0000FFFA,FF680000,002BB9B4,3C004E20,28004339,E007F816,00000022,000002B5
694,101103700,0000FFF6,000003F3,0000FFEA,FF6D0000,002BB9B4,3C004E20,28004339,E007F816,00000022,000002B6
695,111982000,00000038,000003ED,0000FFE8,FF750000,002BB9B4,3C004E20,2BFC4339,E007F816,00000022,000002B7
696,89390700,0000005D,0000040A,0000FFF7,FF790000,002BB9B4,3C004E20,28004339,E007F816,00000022,000002B8
697,85983900,00000081,000003F8,0000FFFE,FF7A0000,002BB9B4,3C004E20,28004339,E007F816,00000022,000002B9
698,88131400,00000072,000003E2,00000001,FF7A0000,002BB9B4,3C004E20,28004339,E007F816,00000022,000002BA
699,93673600,00000025,000003DF,0000FFF6,FF7B0000,002BB9B4,3C004E20,28004339,E007F816,00000022,000002BB
700,105179600,0000FFE2,000003F6,0000FFE8,FF800000,002BB9B4,3C004E20,28004339,E007F816,00000022,000002BC
701,101385400,0000FFB0,000003F2,0000FFEE,FF870000,002BB9B4,3C004E20,2BFC4339,E007F816,00000022,000002BD
702,99634800,0000FF89,0000040C,0000FFFB,FF8A0000,002BB9B4,3C004E20,28004339,E007F816,00000022,000002BE
703,96880700,0000FF7E,000003F2,00000000,FF8B0000,002BB9B4,3C004E20,28004339,E007F816,00000022,000002BF
704,96768600,0000FF7B,000003DE,00000002,FF8A0000,002BB9B4,3C004E20,28004339,E007F816,00000022,000002C0
705,97619000,0000FF7C,000003E4,0000FFF2,FF8C0000,002BB9B4,3C004E20,28004339,E007F816,00000022,000002C1
706,105246500,0000FF93,000003F4,0000FFE6,FF920000,002BB9B4,3C004E20,28004339,E007F816,00000022,000002C2
707,86440700,0000FFB1,000003F6,0000FFF1,FF980000,002BB9B4,3C004E20,28004339,E007F816,00000022,000002C3
708,102867700,0000FFE5,00000409,0000FFFB,FF9B0000,002BB9B4,3C004E20,28004339,E007F816,00000022,000002C4
709,97794000,0000002D,000003EC,0000FFFF,FF9B0000,002BB9B4,3C004E20,28004339,E007F816,00000022,000002C5
710,101751900,00000064,000003DB,00000001,FF9B0000,002BB9B4,3C004E20,28004339,E007F816,00000022,000002C6
711,103603700,00000095,000003EA,0000FFEE,FF9E0000,002BB9B4,3C004E20,28004339,E007F816,00000022,000002C7
712,98058400,000000AC,000003F1,0000FFE4,FFA50000,002BB9B4,3C004E20,28004339,E007F816,00000022,000002C8
713,112191000,00000085,000003FF,0000FFF3,FFAB0000,002BB9B4,3C004E20,2BFC4339,E007F816,00000022,000002C9
714,105644200,00000025,00000405,0000FFFD,FFAD0000,002BB9B4,3C004E20,2BFC4339,E007F816,00000022,000002CA
715,93942000,0000FFDC,000003E9,00000001,FFAD0000,002BB9B4,3C004E20,28004339,E007F816,00000022,000002CB
716,106597600,0000FFAF,000003DB,0000FFFF,FFAC0000,002BB9B4,3C004E20,28004339,E007F816,00000022,000002CC
717,91602200,0000FF9F,000003F2,0000FFEC,FFB00000,002BB9B4,3C004E20,28004339,E007F816,00000022,000002CD
718,99607500,0000FF8D,000003EF,0000FFE6,FFB70000,002BB9B4,3C004E20,2BFC4339,E007F816,00000022,000002CE
719,115694500,0000FF76,00000408,0000FFF7,FFBB0000,002BB9B4,3C004E20,28004339,E007F816,00000022,000002CF
720,109639100,0000FF71,000003FC,0000FFFF,FFBD0000,002BB9B4,3C004E20,280034CD,E007F816,00000022,000002D0
721,111787300,0000FF88,000003E4,00000001,FFBC0000,002BB9B4,3C004E20,280034CD,E007F816,00000022,000002D1
722,102366000,0000FFB0,000003DC,0000FFF9,FFBD0000,002BB9B4,3C004E20,280034CD,E007F816,00000022,000002D2
723,115059500,0000FFF8,000003F4,0000FFE9,FFC20000,002BB9B4,3C004E20,280034CD,E007F816,00000022,000002D3
724,110640500,00000037,000003EE,0000FFE9,FFC90000,002BB9B4,3C004E20,2BFC34CD,E007F816,00000022,000002D4
725,105009700,0000005E,0000040B,0000FFF8,FFCD0000,002BB9B4,3C004E20,280034CD,E007F816,00000022,000002D5
726,104579600,00000087,000003F6,0000FFFE,FFCE0000,002BB9B4,3C004E20,280034CD,E007F816,00000022,000002D6
727,99709900,000000A4,000003E0,00000001,FFCE0000,002BB9B4,3C004E20,280034CD,E007F816,00000022,000002D7
728,101897500,0000008A,000003E7,0000FFEB,FFD00000,002BB9B4,3C004E20,280034CD,E007F816,00000022,000002D8
729,89971400,00000040,00000410,0000FFD5,FFDB0000,002BB9B4,3C004E20,280034CD,E007F816,00000022,000002D9
730,99935500,0000FFE4,0000040D,0000FFE2,FFE60000,002BB9B4,3C004E20,2BFC34CD,E007F816,00000022,000002DA
731,94128400,0000FFA2,00000435,0000FFF7,FFEB0000,002BB9B4,3C004E20,2BFC34CD,E007F816,00000022,000002DB
732,104012200,0000FF8E,00000407,00000000,FFEC0000,002BB9B4,3C004E20,280034CD,E007F816,00000022,000002DC
733,105025400,0000FF82,000003E6,00000003,FFEB0000,002BB9B4,3C004E20,280034CD,E007F816,00000022,000002DD
734,98241000,0000FF7D,000003D5,00000004,FFEA0000,002BB9B4,3C004E20,280034CD,E007F816,00000022,000002DE
735,102045700,0000FF8E,000003CD,00000003,FFE90000,002BB9B4,3C004E20,280034CD,E007F816,00000022,000002DF
736,95998900,0000FFB2,000003CB,00000002,FFE90000,002BB9B4,3C004E20,280034CD,E007F816,00000022,000002E0
737,94785800,0000FFF0,000003CC,00000001,FFE80000,002BB9B4,3C004E20,280034CD,E007F816,00000022,000002E1
738,98112500,00000034,000003CE,00000000,FFE80000,002BB9B4,3C004E20,280034CD,E007F816,00000022,000002E2
739,105664900,00000068,000003CF,00000000,FFE80000,002BB9B4,3C004E20,280034CD,E0FFF816,00000022,000002E3
740,92726200,0000008D,000003D1,00000000,FFE80000,002BB9B4,3C004E20,280034CD,E0FFF816,00000022,000002E4
741,92116500,000000A5,000003D2,00000000,FFE80000,002BB9B4,3C004E20,280034CD,E007F816,00000022,000002E5
742,99553900,00000094,000003F8,0000FFE3,FFED0000,002BB9B4,3C004E20,280034CD,E007F816,00000022,000002E6
743,93651300,0000003D,00000406,0000FFD6,FFF80000,002BB9B4,3C004E20,2BFC34CD,E007F816,00000022,000002E7
744,99517600,FFFEFFD8,FFFD041A,0000FFF0,00000001,002BB9B4,3C004E20,2BFC34CD,E0FFF816,00000022,000002E8
745,95428600,FFF7FFA4,FFFF0418,FFF90002,00010001,FF2BB9B2,3C004E20,2BFC34CD,E0FFF816,00000022,000002E9
746,94869000,FFEEFF90,FFFE03EE,FFF30006,00000002,002B464F,3C004E20,280034CD,E0FFF816,00000022,000002EA
747,95650300,FFECFF86,FFFF03D0,FFEE0005,FFFE0002,002B464B,3C004E20,280034CD,E0FFF816,00000022,000002EB
748,100467600,FFE7FF7C,000003CB,FFEA0003,FFFD0002,002B4645,3C004E20,280034CD,E007F816,00000022,000002EC
749,109281700,FFE2FF7A,000103CE,FFE7FFFF,FFFD0002,002B463E,3C004E20,280034CD,E007F816,00000022,000002ED
750,105018200,FFE5FF61,000003D7,FFEDFFFB,FFFE0002,002B4638,3C004E20,28002BE6,E007F816,00000022,000002EE
751,101571100,FFE7FF09,FFFF03D8,FFF2FFFD,FFFF0001,002A4633,3C004E20,28002BE6,E007F816,00000022,000002EF
752,106009600,FFE1FEFC,FFFD03DB,FFF60004,FFFF0003,002A4630,3C004E20,28002BE6,E007F816,00000022,000002F0
753,116586500,FFE7FEFD,000003D1,FFFA0008,FFFD0003,002A462E,3C004E20,28002BE6,E007F816,00000022,000002F1
754,110384000,FFE7FEFF,000303CF,FFFC0000,FFFC0002,002A462C,3C004E20,28002BE6,E007F816,00000022,000002F2
755,108437900,FFDDFF08,000103D4,FFF7FFF8,FFFE0002,002A462A,3C004E20,28002BE6,E007D816,00000022,000002F3
756,136059800,FFDAFEE6,000403DB,FFF2FFF9,00000001,00294627,3C004E20,28002BE6,E006D016,00000022,000002F4
757,134024600,FFD9FE5F,000103E8,FFEFFFFE,00010001,00294622,3C004E20,28002BE6,E006D016,00000022,000002F5
758,157490500,FFD8FDF5,000003E1,FFEC0000,00010001,0028461D,3C004E20,28002BE6,E006D016,00000022,000002F6
759,150220000,FFD6FE08,000003DA,FFEA0001,00010001,00284617,3C004E20,28002BE6,E0FFB016,00000022,000002F7
760,185739200,FFD3FE96,000003D5,FFE80000,00010001,00284610,3C004E20,28002BE6,E0076816,00000022,000002F8
761,150066800,FFCFFEDE,000003D4,FFE70000,00010001,00284609,3C004E20,28002BE6,E0079016,00000022,000002F9
762,128663300,FFD8FE85,000003D4,FFED0000,00010001,00274603,3C004E20,28002BE6,E0074016,00000022,000002FA
763,126954200,FFDCFE76,000003D4,FFF30000,00000001,002745FE,3C004E20,28002BE6,E0074016,00000022,000002FB
764,135855000,FFDCFE79,000003D4,FFF70000,00000001,002745FB,3C004E20,28002BE6,E0070016,00000022,000002FC
765,148901800,FFDDFE75,000003D4,FFFB0000,00000001,002645F9,3C004E20,28002BE6,E0070016,00000022,000002FD
766,150097600,FFD6FE79,000003D4,FFF60000,00000001,002645F7,3C004E20,28002BE6,E0072016,00000022,000002FE
767,135264900,FFD3FE7B,000103D4,FFF20001,00000001,002645F4,3C004E20,28002BE6,E006E016,00000022,000002FF
768,126010000,FFD5FE7A,000003D1,FFEF0003,00000001,002645EF,3C004E20,28002BE6,E006E016,00000022,00000300
769,105676300,FFD5FE77,000003D1,FFEC0004,FFFF0001,002545EA,3C004E20,28002BE6,E006A816,00000022,00000301
770,108004000,FFDEFE7F,000003D0,FFF10002,FFFE0001,002545E5,3C004E20,28002BE6,E006A816,00000022,00000302
771,107976900,FFE4FE7E,000003CE,FFF60001,FFFE0001,002545E1,3C004E20,28002BE6,E006B816,00000022,00000303
772,98550100,FFE4FE80,000003D2,FFF90000,FFFE0001,002445DF,3C004E20,28002BE6,E0068016,00000022,00000304
773,120888100,FFE6FE7F,000003D4,FFFC0000,FFFE0001,002445DE,3C004E20,28002BE6,E0068016,00000022,00000305
774,107862400,FFDEFE80,000003D5,FFF70000,FFFE0001,002445DC,3C004E20,28002BE6,E0065016,00000022,00000306
775,114530300,FFDAFE83,000003D5,FFF20000,FFFE0001,002345D8,3C004E20,28002BE6,E0065016,00000022,00000307
776,105915100,FFDBFE81,000003D6,FFEE0000,FFFE0001,002345D3,3C004E20,28002BE6,E0FE6016,00000022,00000308
777,107836100,FFD9FE83,000003D5,FFEB0000,FFFE0001,002345CE,3C004E20,28002BE6,E0FE3016,00000022,00000309
778,118477000,FFD7FE88,000003D5,FFE80000,FFFE0001,002345C7,3C004E20,28002BE6,E0FE3016,00000022,0000030A
779,114979300,FFD4FE86,000003D5,FFE60000,FFFE0001,002245C0,3C004E20,28002BE6,E0FE3016,00000022,0000030B
780,98494400,FFD0FE86,000003D5,FFE40000,FFFE0001,002245B8,3C004E20,280028D6,E0FE0016,00000022,0000030C
781,121104300,FFCDFE8A,000003D5,FFE30000,FFFE0001,002245B0,3C004E20,280028D6,E0FE0016,00000022,0000030D
782,98242800,FFC9FE87,000003D5,FFE10000,FFFE0001,002145A7,3C004E20,280028D6,E0FDE016,00000022,0000030E
783,104208100,FFC5FE8C,000003D5,FFE00000,FFFE0001,0021459E,3C004E20,280028D6,E0FDE016,00000022,0000030F
784,108661300,FFC1FE8A,000003D5,FFDE0000,FFFE0001,00214595,3C004E20,280028D6,E0FDE016,00000022,00000310
785,120098700,FFBEFE8B,000003D5,FFDD0000,FFFE0001,0020458B,3C004E20,280028D6,E0FDB816,00000022,00000311
786,113539000,FFBAFE8F,000003D5,FFDA0000,FFFE0001,00204580,3C004E20,280028D6,E0FDB816,00000022,00000312
787,110270500,FFB5FE8F,000003D5,FFD80000,FFFE0001,00204575,3C004E20,280028D6,E0FDB816,00000022,00000313
788,116047100,FFB1FE90,000003D5,FFD50000,FFFE0001,00204569,3C004E20,280028D6,E0FD9016,00000022,00000314
789,104128600,FFACFE90,000003D5,FFD20000,FFFE0001,001F455C,3C004E20,280028D6,E0FD9016,00000022,00000315
790,108220100,FFA7FE91,000003D5,FFCF0000,FFFE0001,001F454E,3C004E20,280028D6,E0FD9016,00000022,00000316
791,109518500,FFA1FE8E,000003D5,FFCB0000,FFFE0002,001F4540,3C004E20,280028D6,E0FD7016,00000022,00000317
792,108495100,FF9BFE94,000003D5,FFC70000,FFFE0002,001E4530,3C004E20,280028D6,E0FD7016,00000022,00000318
793,118257100,FF94FE95,000003D5,FFC20000,FFFE0002,001E451E,3C004E20,280028D6,E0FD7016,00000022,00000319
794,115424000,FF8CFEC0,000003D5,FFBD0000,FFFE0002,001E450C,3C004E20,280028D6,D0FD5016,00000022,0000031A
795,125076800,FF83FF05,000003D5,FFB80000,FFFE0002,001E44F8,3C004E20,280028D6,D0FD5016,00000022,0000031B
796,125539200,FF7CFEA5,000003D5,FFB20000,FFFE0002,001D44E2,3C004E20,280028D6,D0FD5016,00000022,0000031C
797,135686300,FF72FEC7,FFFF03D5,FFAC0000,FFFE0002,001D44CA,3C004E20,280028D6,D0FD3816,00000022,0000031D
798,118992100,FF67FF22,FFFF03D5,FFA60000,FFFE0002,001D44B1,3C004E20,280028D6,D0FD3816,00000022,0000031E
799,116768800,FF5EFF2C,FFFF03D5,FF9F0000,FFFE0003,001D4496,3C004E20,280028D6,D0FD3816,00000022,0000031F
800,111698400,FF54FF29,FFFF03D5,FF980000,FFFF0003,001D4479,3C004E20,280028D6,D0FD3816,00000022,00000320
801,100354600,FF4AFF2F,FFFF03D5,FF920000,FFFF0003,001D445A,3C004E20,280028D6,D0FD3816,00000022,00000321
802,106926900,FF3EFF29,FFFF03D5,FF8B0000,FFFF0003,001C4439,3C004E20,280028D6,D0FD3816,00000022,00000322
803,100080200,FF34FF2F,FFFF03D5,FF840000,FFFF0003,001C4417,3C004E20,280028D6,D0FD3816,00000022,00000323
804,109006700,FF29FF2F,FFFF03D5,FF7D0000,FFFF0004,001C43F2,3C004E20,280028D6,D0FD3816,00000022,00000324
805,109836300,FF1DFF2A,FFFF03D5,FF760000,FFFF0004,001C43CB,3C004E20,280028D6,D0FD3016,00000022,00000325
806,102882400,FF12FF31,FFFF03D5,FF700000,FFFF0004,001C43A3,3C004E20,280028D6,D0FD1816,00000022,00000326
807,108503100,FF07FF2C,FFFF03D5,FF690000,FFFF0004,001C4378,3C004E20,280028D6,D0FD0016,00000022,00000327
808,104609200,FEFCFF31,FFFF03D5,FF630000,FFFF0004,001B434C,3C004E20,280028D6,D0FCE816,00000022,00000328
809,111427500,FEF1FF2E,FFFF03D5,FF5C0000,FFFF0005,001B431D,3C004E20,280028D6,D0FCD016,00000022,00000329
810,121920900,FEE7FF32,FFFF03D5,FF560000,FFFF0005,001B42ED,3C004E20,28002DAC,D0FCB816,00000022,0000032A
811,107073800,FEDDFF2D,FFFF03D5,FF500000,FFFF0005,001B42BB,3C004E20,28002DAC,D0FCA816,00000022,0000032B
812,99668900,FED5FF0F,FFFF03D5,FF4A0001,FFFF0005,001B4288,3C004E20,28002DAC,D0FC9816,00000022,0000032C
813,97266600,FECEFEAC,000003D5,FF450001,FFFF0005,001A4253,3C004E20,28002DAC,D0FC8816,00000022,0000032D
814,110710000,FEC3FE9E,000003D5,FF400001,FFFE0005,001A421D,3C004E20,28002DAC,D0FC7816,00000022,0000032E
815,106634700,FEBAFE9D,000003D5,FF3B0001,FFFE0006,001A41E5,3C004E20,28002DAC,D0FC7016,00000022,0000032F
816,113032500,FEB4FEA5,000003D4,FF370001,FFFE0006,001A41AB,3C004E20,28002DAC,D0FC6016,00000022,00000330
817,101335700,FEA8FECF,FFFF03D4,FF320000,FFFE0006,00194171,3C004E20,28002DAC,D0FC5016,00000022,00000331
818,104400100,FEA1FF0C,000003D4,FF2D0000,FFFE0006,00194135,3C004E20,28002DAC,D0FC4816,00000022,00000332
819,102797100,FE9EFEDD,000003D5,FF290000,FFFE0006,001940F8,3C004E20,28002DAC,D0FC4016,00000022,00000333
820,108494400,FE98FF30,000003D4,FF250000,FFFE0006,001940B9,3C004E20,28002DAC,D0FC4016,00000022,00000334
821,98928200,FE96FF38,000003D5,FF220000,FFFF0006,0019407A,3C004E20,28002DAC,D0FC3816,00000022,00000335
822,119795100,FE92FF32,000003D5,FF1F0000,FFFF0006,0018403A,3C004E20,28002DAC,D0FC3816,00000022,00000336
823,104880800,FE91FF38,000003D5,FF1C0000,FFFF0007,00183FF9,3C004E20,28002DAC,D0FC3016,00000022,00000337
824,107042700,FE8FFF36,000003D5,FF1A0000,FFFF0007,00183FB7,3C004E20,28002DAC,D0FC3016,00000022,00000338
825,100791600,FE8EFF36,000003D5,FF1A0000,FFFF0007,00183F75,3C004E20,28002DAC,D0FC3816,00000022,00000339
826,105452600,FE8FFF3B,000003D5,FF190000,FFFF0007,00183F33,3C004E20,28002DAC,D0FC3016,00000022,0000033A
827,97011800,FE8EFF38,000003D5,FF180000,FFFF0007,00183EF1,3C004E20,28002DAC,D0FC3016,00000022,0000033B
828,106533500,FE8FFF39,000003D5,FF180000,FFFF0007,00173EAE,3C004E20,28002DAC,D0FC3016,00000022,0000033C
829,110528200,FE90FF38,000003D5,FF190000,FFFF0007,00173E6C,3C004E20,28002DAC,D0FC3816,00000022,0000033D
830,119666900,FE94FF3A,000003D5,FF1A0000,FFFF0007,00173E2A,3C004E20,28002DAC,D0FC4016,00000022,0000033E
831,111821300,FE97FF3C,000003D5,FF1B0000,FFFF0007,00173DE8,3C004E20,28002DAC,D0FC4016,00000022,0000033F
832,113593400,FE9AFF3C,000003D5,FF1C0000,FFFF0007,00173DA7,3C004E20,28002DAC,D0FC4816,00000022,00000340
833,106270000,FE9DFF3C,000003D5,FF1E0000,FFFF0007,00173D66,3C004E20,28002DAC,D0FC4816,00000022,00000341
834,107493800,FEA3FF3E,000003D5,FF200000,FFFF0006,00163D26,3C004E20,28002DAC,D0FC5016,00000022,00000342
835,123343000,FEACFEDD,000003D5,FF240001,FFFF0006,00163CE6,3C004E20,28002DAC,D0FC6016,00000022,00000343
836,108716200,FEB0FE99,000003D5,FF260001,FFFF0006,00163CA7,3C004E20,28002DAC,E0FC6016,00000022,00000344
837,123917600,FEB3FECC,000003D4,FF290001,FFFE0006,00163C6A,3C004E20,28002DAC,E0FC6816,00000022,00000345
838,99662500,FEB8FEE7,000003D4,FF2B0000,FFFE0006,00153C2C,3C004E20,28002DAC,E0FC7016,00000022,00000346
839,102591900,FEBCFEF2,000003D4,FF2E0000,FFFE0006,00153BF0,3C004E20,28002DAC,E0FC7816,00000022,00000347
840,108210600,FEC5FF2C,000003D4,FF310000,FFFE0006,00153BB4,3C004E20,280038F8,E0FC8016,00000022,00000348
841,108701300,FECCFF75,000003D4,FF350000,FFFF0006,00153B7A,3C004E20,280038F8,E0FC9816,00000022,00000349
842,92934300,FED6FF7B,000003D5,FF380000,FFFF0006,00153B40,3C004E20,280038F8,E0FCA016,00000022,0000034A
843,106017900,FEDEFF7D,000103D5,FF3D0000,FFFF0006,00153B08,3C004E20,280038F8,E0FCB016,00000022,0000034B
844,94534700,FEE7FF7F,000103D5,FF3F0000,FFFF0005,00153AD0,3C004E20,280038F8,D0FCC016,00000022,0000034C
845,97630000,FEEFFF81,000103D5,FF460000,FFFF0005,00153A9A,3C004E20,280038F8,D0FCD016,00000022,0000034D
846,93845800,FEF9FF84,000103D5,FF480000,FFFF0005,00143A65,3C004E20,280038F8,D0FCE816,00000022,0000034E
847,96499900,FF00FF9F,000103D5,FF520000,FFFF0005,00143A32,3C004E20,280038F8,D0FCF816,00000022,0000034F
848,84750800,FF09FFCB,000103D5,FF4F0000,FFFF0005,00143A00,3C004E20,280038F8,D0FD0016,00000022,00000350
849,93636200,FF0F0010,000003D5,FF5CFFFF,00000005,001439D0,3C004E20,280038F8,D0FD1816,00000022,00000351
850,86804200,FF190055,000003D5,FF56FFFF,00000005,0015399F,3C004E20,280038F8,D0FD2816,00000022,00000352
851,95433300,FF200091,000003D5,FF63FFFF,00000004,00153971,3C004E20,280038F8,D0FD3816,00000022,00000353
852,95712100,FF2800B7,000003D5,FF5FFFFF,00000004,00153943,3C004E20,280038F8,D0FD3816,00000022,00000354
853,92154000,FF2800D6,000003D5,FF67FFFF,00010004,00153917,3C004E20,280038F8,D0FD3816,00000022,00000355
854,95320200,FF2F00ED,000003D5,FF66FFFF,00010004,001538EB,3C004E20,280038F8,E0FD3816,00000022,00000356
855,95547900,FF320101,000003D5,FF6BFFFF,00010004,001538BF,3C004E20,280038F8,E0FD3816,00000022,00000357
856,97623000,FF380111,000003D5,FF6C0000,00010004,00163895,3C004E20,280038F8,E0FD3816,00000022,00000358
857,87653200,FF370119,000003D5,FF6F0000,00010004,0016386B,3C004E20,280038F8,E0FD3816,00000022,00000359
858,84732300,FF370121,000003D5,FF700000,00010004,00163842,3C004E20,280038F8,E0FD3816,00000022,0000035A
859,96587900,FF3C012D,000003D5,FF720000,00020004,00163819,3C004E20,280038F8,E0FD3816,00000022,0000035B
860,85083500,FF3A012F,000003D5,FF740000,00020004,001637F1,3C004E20,280038F8,E0FD3816,00000022,0000035C
861,89972400,FF3A0137,000003D5,FF740000,00020004,001737C8,3C004E20,280038F8,E0FD3816,00000022,0000035D
862,92875700,FF3A013D,000003D5,FF740000,00020004,001737A0,3C004E20,280038F8,E0FD3816,00000022,0000035E
863,107132800,FF370138,000003D5,FF740000,00020004,00173778,3C004E20,280038F8,E0FD3816,00000022,0000035F
864,85899800,FF3300F2,000003D5,FF750000,00020004,00173750,3C004E20,280038F8,E0FD3816,00000022,00000360
865,89153000,FF300073,000003D5,FF750001,00020004,00173728,3C004E20,280038F8,E0FD3816,00000022,00000361
866,91657000,FF2E0009,000003D5,FF750001,00010004,00173701,3C004E20,280038F8,E0FD3816,00000022,00000362
867,89580600,FF29FFC7,000003D5,FF750001,00010004,001736D9,3C004E20,280038F8,E0FD3816,00000022,00000363
868,98393100,FF2AFFA6,000003D5,FF740001,00000004,001736B1,3C004E20,280038F8,E0FD3816,00000022,00000364
869,101084000,FF29FF93,000003D5,FF720001,00000004,00173688,3C004E20,280038F8,E0FD3816,00000022,00000365
870,90791000,FF23FF84,000003D5,FF700001,00000004,0017365F,3C004E20,280047E7,E0FD3816,00000022,00000366
871,99816700,FF21FF7E,000003D5,FF6D0001,00000004,00173636,3C004E20,280047E7,E0FD3816,00000022,00000367
872,110543000,FF1EFF79,000003D5,FF6B0001,00000004,0017360B,3C004E20,280047E7,E0FD3816,00000022,00000368
873,101165100,FF21FF7D,000003D5,FF690000,FFFF0004,001735E0,3C004E20,280047E7,E0FD3016,00000022,00000369
874,93563000,FF17FF74,000003D5,FF660000,FFFF0004,001735B4,3C004E20,280047E7,E0FD2016,00000022,0000036A
875,103795200,FF18FF79,000003D5,FF630000,FFFF0004,00173587,3C004E20,280047E7,E0FD1816,00000022,0000036B
876,110525100,FF15FF78,000003D5,FF600000,FFFF0004,0016355A,3C004E20,280047E7,E0FD1016,00000022,0000036C
877,94569900,FF12FF78,000003D5,FF5E0000,FFFF0004,0016352C,3C004E20,280047E7,E0FD0816,00000022,0000036D
878,91317200,FF12FF7A,000003D5,FF5C0000,FFFF0004,001634FD,3C004E20,280047E7,E0FD0016,00000022,0000036E
879,89646200,FF0CFF78,000003D5,FF5A0000,FFFF0004,001634CE,3C004E20,280047E7,E0FCF816,00000022,0000036F
880,88400200,FF0BFF7A,000003D5,FF580000,FFFF0004,0016349E,3C004E20,280047E7,E0FCF016,00000022,00000370
881,88101700,FF0EFF7E,000003D5,FF560000,FFFF0004,0016346E,3C004E20,280047E7,E0FCF016,00000022,00000371
882,86297300,FF07FF7A,000003D5,FF550000,FFFF0004,0016343D,3C004E20,280047E7,E0FCF016,00000022,00000372
883,71726000,FF06FF79,000003D5,FF540000,FFFF0004,0016340C,3C004E20,280047E7,E0FCE816,00000022,00000373
884,90141500,FF08FF7E,000003D5,FF530000,FFFF0004,001633DA,3C004E20,280047E7,E0FCE016,00000022,00000374
885,84813200,FF06FF7D,000003D5,FF520000,FFFF0005,001533A8,3C004E20,280047E7,E0FCE016,00000022,00000375
886,96734300,FF06FF7E,000003D5,FF510000,FFFF0005,00153376,3C004E20,280047E7,E0FCE016,00000022,00000376
887,93320600,FF08FF80,000003D5,FF500000,FFFF0005,00153344,3C004E20,280047E7,E0FCE016,00000022,00000377
888,90779900,FF03FF7E,000003D5,FF510000,FFFF0005,00153312,3C004E20,280047E7,E0FCE816,00000022,00000378
889,93866700,FF0AFF9C,000003D5,FF500000,FFFF0005,001532DF,3C004E20,280047E7,E0FCE016,00000022,00000379
890,89457800,FF02FFC6,000003D5,FF4F0000,FFFF0005,001532AD,3C004E20,280047E7,E0FCE016,00000022,0000037A
891,89577200,FF0B0011,000003D5,FF4FFFFF,00000005,0015327A,3C004E20,280047E7,E0FCE016,00000022,0000037B
892,100206900,FF080057,000003D5,FF4EFFFF,00000005,00153247,3C004E20,280047E7,E0FCE816,00000022,0000037C
893,96186300,FF0C0090,000003D5,FF4EFFFF,00000005,00153214,3C004E20,280047E7,E0FCF016,00000022,0000037D
894,92566800,FF0E00BC,000003D5,FF4DFFFF,00000005,001531E1,3C004E20,280047E7,E0FCF016,00000022,0000037E
895,89312300,FF0E00DB,000003D5,FF4DFFFF,00010004,001631AE,3C004E20,280047E7,E0FCF016,00000022,0000037F
896,86858600,FF0D00EC,000003D5,FF4DFFFF,00010004,0016317A,3C004E20,280047E7,E0FCF816,00000022,00000380
897,96456800,FF0D00BD,000003D5,FF4F0000,00010004,00163148,3C004E20,280047E7,E0FD0816,00000022,00000381
898,95395500,FF0D0058,000003D5,FF510001,00010004,00163115,3C004E20,280047E7,E0FD0816,00000022,00000382
899,102024000,FF08000F,000003D5,FF530001,00010004,001630E4,3C004E20,280047E7,E0FD0016,00000022,00000383
900,90255100,FF08FFD8,000003D5,FF550001,00010004,001630B2,3C004E20,28005B29,E0FD0816,00000020,00000384
901,86496100,FF09FFB1,000003D5,FF560001,00000004,00163082,3C004E20,28005B29,E0FD0816,00000020,00000385
902,97284100,FF0BFF9E,000003D5,FF580001,00000004,00163051,3C004E20,28005B29,E0FD0816,00000020,00000386
903,90519600,FF0CFFAB,000003D5,FF580001,00000004,00163021,3C004E20,28005B29,E0FD0016,00000020,00000387
904,87880100,FF08FFD3,000003D4,FF580000,00000004,00162FF1,3C004E20,28005B29,E0FD0016,00000020,00000388
905,84970400,FF0D0018,000003D4,FF570000,00000004,00162FC1,3C004E20,28005B29,E0FD0016,00000020,00000389
906,80953900,FF0C0060,000003D4,FF56FFFF,00000004,00162F90,3C004E20,28005B29,E0FD0016,00000020,0000038A
907,86932700,FF0F0099,000003D5,FF55FFFF,00000004,00162F5F,3C004E20,28005B29,E0FD0816,00000020,0000038B
908,91989300,FF0F00BD,000003D5,FF53FFFF,00000004,00162F2E,3C004E20,28005B29,E0FD0016,00000020,0000038C
909,90667000,FF0E009C,000003D5,FF530000,00010004,00162EFC,3C004E20,28005B29,E0FD0016,00000020,0000038D
910,89251900,FF0A003D,000003D5,FF540000,00010004,00162ECB,3C004E20,28005B29,E0FD0816,00000020,0000038E
911,89899900,FF0AFFEB,000003D5,FF560001,00000004,00162E9A,3C004E20,28005B29,E0FD0816,00000020,0000038F
912,93620800,FF0CFFBD,000003D5,FF570001,00000004,00162E69,3C004E20,28005B29,E0FD0016,00000020,00000390
913,88954200,FF0BFFA1,000003D5,FF570001,00000004,00162E39,3C004E20,28005B29,E0FD0016,00000020,00000391
914,97335000,FF03FF8E,000003D5,FF570001,00000004,00162E08,3C004E20,28005B29,E0FD0016,00000020,00000392
915,86209700,FF0BFF89,000003D5,FF570001,00000004,00162DD8,3C004E20,28005B29,E0FD0016,00000020,00000393
916,87107100,FF0DFF85,000003D5,FF570001,00000004,00162DA8,3C004E20,28005B29,E0FD0016,00000020,00000394
917,87408000,FF0BFF84,000003D5,FF570000,FFFF0004,00162D77,3C004E20,28005B29,E0FCF816,00000020,00000395
918,84574000,FF07FF99,000003D5,FF560000,FFFF0004,00162D47,3C004E20,28005B29,E0FCF016,00000020,00000396
919,98098200,FF0BFFCA,000003D5,FF550000,FFFF0004,00152D16,3C004E20,28005B29,E0FCF016,00000020,00000397
920,93971500,FF08000F,000003D4,FF540000,00000004,00162CE5,3C004E20,28005B29,E0FCF816,00000020,00000398
921,88798100,FF0E005B,000003D5,FF53FFFF,00000004,00162CB3,3C004E20,28005B29,E0FCF816,00000020,00000399
922,99252800,FF0A0094,000003D5,FF52FFFF,00000004,00162C81,3C004E20,28005B29,E0FCF816,00000020,0000039A
923,100599700,FF0C00B7,000003D5,FF51FFFF,00000004,00162C4F,3C004E20,28005B29,E0FCF816,00000020,0000039B
924,106613200,FF0E009A,000003D5,FF510000,00010004,00162C1D,3C004E20,28005B29,E0FCF816,00000020,0000039C
925,91614900,FF0C003C,000003D5,FF530000,00010004,00162BEB,3C004E20,28005B29,E0FD0016,00000020,0000039D
926,91776200,FF0AFFEA,000003D5,FF540001,00000004,00162BBA,3C004E20,28005B29,E0FD0016,00000020,0000039E
927,99231700,FF09FFBC,000003D5,FF550001,00000004,00162B89,3C004E20,28005B29,E0FD0016,00000020,0000039F
928,93388900,FF09FFA1,000003D5,FF550001,00000004,00162B58,3C004E20,28005B29,E0FCF816,00000020,000003A0
929,88477100,FF07FF90,000003D5,FF560001,00000004,00162B27,3C004E20,28005B29,E0FD0016,00000020,000003A1
930,85756000,FF0EFF8D,000003D5,FF570001,00000004,00162AF6,3C004E20,280071C5,E0FD0016,00000020,000003A2
931,90537700,FF08FF9D,000003D5,FF570000,00000004,00162AC6,3C004E20,280071C5,E0FCF816,00000020,000003A3
932,93217900,FF0AFFCE,000003D5,FF560000,00000004,00162A95,3C004E20,280071C5,E0FCF816,00000020,000003A4
933,84917100,FF090012,000003D4,FF550000,00000004,00162A64,3C004E20,280071C5,E0FCF816,00000020,000003A5
934,100815800,FF0B005C,000003D4,FF54FFFF,00000004,00162A33,3C004E20,280071C5,E0FCF816,00000020,000003A6
935,119560600,FF0F0096,000003D5,FF53FFFF,00000004,00162A01,3C004E20,280071C5,E0FD0016,00000020,000003A7
936,117134800,FF1000C2,000003D5,FF52FFFF,00000004,001629D0,3C004E20,280071C5,E0FD0016,00000020,000003A8
937,128084900,FF0C00D8,000003D5,FF51FFFF,00010004,0016299E,3C004E20,280071C5,E0FD0016,00000020,000003A9
938,121607700,FF0F00B1,000003D5,FF510000,00010004,0016296B,3C004E20,280071C5,E0FD0016,00000020,000003AA
939,134168600,FF050049,000003D5,FF530000,00010004,0016293A,3C004E20,280071C5,E0FD0816,00000020,000003AB
940,132915000,FF0EFFF4,000003D5,FF550001,00010004,00162909,3C004E20,280071C5,E0FD0816,00000020,000003AC
941,123473000,FF08FFBF,000003D5,FF560001,00000004,001628D8,3C004E20,280071C5,E0FD0016,00000020,000003AD
942,108194600,FF07FFA3,000003D5,FF560001,00000004,001628A7,3C004E20,280071C5,E0FD0016,00000020,000003AE
943,116532900,FF08FF92,000003D5,FF570001,00000004,00162876,3C004E20,280071C5,E0FD0016,00000020,000003AF
944,118943900,FF06FF88,000003D5,FF570001,00000004,00162846,3C004E20,280071C5,E0FD0016,00000020,000003B0
945,143798700,FF08FF83,000003D5,FF570001,00000005,00162816,3C004E20,280071C5,E0FCF816,00000020,000003B1
946,118510900,FF08FF81,000003D5,FF570000,FFFF0005,001627E5,3C004E20,280071C5,E0FCF816,00000020,000003B2
947,111977500,FF06FF7F,000003D5,FF560000,FFFF0005,001627B4,3C004E20,280071C5,E0FCF016,00000020,000003B3
948,100960900,FF0CFF7F,000003D5,FF560000,FFFF0005,00152784,3C004E20,280071C5,E0FCF016,00000020,000003B4
949,92382300,FF0AFF82,000003D5,FF560000,FFFF0004,00152753,3C004E20,280071C5,E0FCF816,00000020,000003B5
950,94777800,FF0AFF99,000003D5,FF550000,FFFF0004,00152722,3C004E20,280071C5,E0FCF016,00000020,000003B6
951,88840500,FF0BFFC9,000003D5,FF550000,FFFF0004,001526F1,3C004E20,280071C5,E0FCF816,00000020,000003B7
952,90819100,FF0A000E,000003D5,FF54FFFF,00000004,001526C0,3C004E20,280071C5,E0FCF816,00000020,000003B8
953,93335300,FF11005A,000003D5,FF54FFFF,00000004,0015268F,3C004E20,280071C5,E0FD0016,00000020,000003B9
954,89315200,FF100093,000003D5,FF53FFFF,00000004,0016265D,3C004E20,280071C5,E0FD0816,00000020,000003BA
955,93822400,FF1600BE,000003D5,FF54FFFF,00000004,0016262C,3C004E20,280071C5,E0FD1016,00000020,000003BB
956,97136400,FF1600DD,000003D5,FF55FFFF,00010004,001625FB,3C004E20,280071C5,E0FD2016,00000020,000003BC
957,87305600,FF1700F7,000003D5,FF57FFFF,00010004,001625CA,3C004E20,280071C5,E0FD2816,00000020,000003BD
958,86468800,FF1D0109,000003D5,FF59FFFF,00010004,0016259A,3C004E20,280071C5,E0FD4016,00000020,000003BE
959,89223700,FF1C0119,000003D5,FF5C0000,00010004,0016256B,3C004E20,280071C5,E0FD5016,00000020,000003BF
960,87198500,FF1D0125,000003D5,FF610000,00010004,0017253D,3C004E20,28008FDA,E0FD8016,00000020,000003C0
961,90335400,FF25012E,000003D5,FF670000,00020004,00172511,3C004E20,28008FDA,E0FD9816,00000020,000003C1
962,83133100,FF290137,000003D5,FF6D0000,00020004,001724E6,3C004E20,28008FDA,E0FDC816,00000020,000003C2
963,98279000,FF2E013E,000003D5,FF730000,00020004,001724BD,3C004E20,28008FDA,E0FDE816,00000020,000003C3
964,94311700,FF320143,000003D5,FF7A0000,00020004,00182495,3C004E20,28008FDA,E0FE1016,00000020,000003C4
965,86867500,FF3A0149,000003D5,FF810000,00020004,00182470,3C004E20,2BFC8FDA,E0FE5016,00000020,000003C5
966,73851100,FF44014E,000003D5,FF880000,00020004,0018244D,3C004E20,2BFC8FDA,E0FE8816,00000020,000003C6
967,85965400,FF440153,000003D5,FF8F0000,00020004,0018242C,3C004E20,2BFC8FDA,E0FEB816,00000020,000003C7
968,86985000,FF500157,000003D5,FF960000,00020003,0019240D,3C004E20,2BFC8FDA,E0FEF016,00000020,000003C8
969,84796800,FF5B015C,000003D5,FF9E0000,00020003,001923F0,3C004E20,2BFC8FDA,E0FF5016,00000020,000003C9
970,85465500,FF610161,000003D5,FFA50000,00020003,001923D5,3C004E20,2BFC8FDA,E0FF9016,00000020,000003CA
971,98918200,FF660164,000003D5,FFAB0000,00020003,001A23BC,3C004E20,2BFC8FDA,E0FFD816,00000020,000003CB
972,90244800,FF720166,000003D5,FFB10000,00020003,001A23A5,3C004E20,2BFC8FDA,E0FFF816,00000020,000003CC
973,74942900,FF770169,000003D5,FFB70000,00020003,001A238F,3C004E20,2BFC8FDA,E0FFF816,00000020,000003CD
974,117329600,FF7A016A,000003D5,FFBD0000,00020003,001A237C,3C004E20,2BFC8FDA,E0FFF816,00000020,000003CE
975,88734000,FF8B016C,000003D5,FFC20000,00020002,001B2369,3C004E20,2BFC8FDA,E0FFF816,00000020,000003CF
976,98955900,FF8F016D,000003D5,FFC70000,00020002,001B2359,3C004E20,2BFC8FDA,E0FFF816,00000020,000003D0
977,100452900,FF95016E,000003D5,FFCC0000,00020002,001B2349,3C004E20,2BFC8FDA,E0FFF816,00000020,000003D1
978,88380700,FF9A016E,000003D5,FFD10000,00020002,001C233B,3C004E20,2BFC8FDA,E0FFF816,00000020,000003D2
979,90945000,FFA50170,000003D5,FFD50000,00020002,001C232E,3C004E20,2BFC8FDA,E0FFF816,00000020,000003D3
980,83451900,FFA80170,000003D5,FFD90000,00020002,001C2323,3C004E20,2BFC8FDA,E0FFF816,00000020,000003D4
981,99445900,FFBF0171,000103D5,FFE60000,00020002,001C231A,3C004E20,2BFC8FDA,E007F816,00000020,000003D5
982,85503800,FFC70173,000103D5,FFEF0000,00020001,001D2314,3C004E20,2BFC8FDA,E007F816,00000020,000003D6
983,85486500,FFCF0172,000103D5,FFF60000,00020001,001D2310,3C004E20,2BFC8FDA,E007F816,00000020,000003D7
984,82956600,FFD50174,000103D5,FFFA0000,00020001,001D230E,3C004E20,2BFC8FDA,E007F816,00000020,000003D8
985,81400300,FFD80175,000003D5,FFFE0000,00020001,001E230D,3C004E20,2BFC8FDA,E007F816,00000020,000003D9
986,86024300,FFE80175,000003D5,00000000,00020001,001E230D,3C004E20,2BFC8FDA,E007F816,00000020,000003DA
987,89792300,FFE80176,000003D5,00010000,00020001,001E230D,3C004E20,2BFC8FDA,E007F816,00000020,000003DB
988,86033800,FFEE0176,000003D5,00020000,00020001,001E230D,3C004E20,2BFC8FDA,E007F816,00000020,000003DC
989,89282400,FFF20177,000003D5,00020000,00020000,001F230E,3C004E20,2BFC8FDA,E007F816,00000020,000003DD
990,89229200,FFF80178,000003D5,00020000,00020000,001F230E,3C004E20,2BFCAC35,E007F816,00000020,000003DE
991,90063800,FFFC0178,000003D5,00020000,00020000,001F230F,3C004E20,2BFCAC35,E007F816,00000020,000003DF
992,84942300,FFFC0179,000003D5,00020000,00020000,0020230F,3C004E20,2BFCAC35,E007F816,00000020,000003E0
993,101674800,FFFE017A,000003D5,00010000,00020000,00202310,3C004E20,2BFCAC35,F007F816,00000020,000003E1
994,88213400,FFFC0179,000003D5,00010000,00020000,00202310,3C004E20,2BFCAC35,F007F816,00000020,000003E2
995,121286700,FFFE017A,000003D5,00010000,00020000,00202310,3C004E20,2BFCAC35,F007F816,00000020,000003E3
996,106453200,00060179,000003D5,00010000,00020000,00212311,3C004E20,2BFCAC35,F007F816,00000020,000003E4
997,117381400,00000179,000003D5,00010000,00020000,00212311,3C004E20,2BFCAC35,F007F816,00000020,000003E5
998,131537100,00000178,000003D5,00000000,00020000,00212311,3C004E20,2BFCAC35,F007F816,00000020,000003E6
999,117280700,FFFB0178,000003D5,00000000,00020000,00222311,3C004E20,2BFCAC35,F007F816,00000020,000003E7
1000,121996500,00010177,000003D5,00000000,00020000,00222311,3C004E20,2BFCAC35,F007F816,00000020,000003E8
1001,141500900,00010177,000003D5,00000000,00020000,00222311,3C004E20,2BFCAC35,F007F816,00000020,000003E9
1002,129243100,00040195,000003D5,00000000,00020000,00232311,3C004E20,2BFCAC35,F007F816,00000020,000003EA
1003,122218400,00000194,000003D5,00000000,00020000,00232311,3C004E20,2BFCAC35,E007F816,00000020,000003EB
1004,104856300,00010157,000003D5,00000000,00020000,00232311,3C004E20,2BFCAC35,E007F816,00000020,000003EC
1005,98868100,00010132,000003D5,00000000,00020000,00232311,3C004E20,2BFCAC35,E007F816,00000020,000003ED
1006,95149800,FFFD0118,000003D5,00000000,00020000,00242311,3C004E20,2BFCAC35,E007F816,00000020,000003EE
1007,82986500,FFFD0105,000003D5,00000000,00020000,00242311,3C004E20,2BFCAC35,E007F816,00000020,000003EF
1008,91277200,000100FB,000003D5,00000000,00020000,00242311,3C004E20,2BFCAC35,E007F816,00000020,000003F0
1009,83890400,000300F2,000003D5,00000000,00020000,00242311,3C004E20,2BFCAC35,E007F816,00000020,000003F1
1010,89546700,FFFF00EC,000003D5,00000000,00020000,00242311,3C004E20,2BFCAC35,E007F816,00000020,000003F2
1011,88740900,000100EA,000003D5,00000000,00020000,00252311,3C004E20,2BFCAC35,E007F816,00000020,000003F3
1012,86924900,000100E6,000003D5,00000000,00020000,00252311,3C004E20,2BFCAC35,E007F816,00000020,000003F4
1013,87195600,000300E5,000003D5,00000000,00020000,00252311,3C004E20,2BFCAC35,E007F816,00000020,000003F5
1014,81207200,FFFF00E4,000003D5,00000000,00020000,00252311,3C004E20,2BFCAC35,E007F816,00000020,000003F6
1015,87575600,FFFB00E3,000003D5,00000000,00010000,00252311,3C004E20,2BFCAC35,E007F816,00000020,000003F7
1016,83856600,FFFF00E4,000003D5,00000000,00010000,00252311,3C004E20,2BFCAC35,E007F816,00000020,000003F8
1017,92611900,000300E3,000003D5,00000000,00010000,00262311,3C004E20,2BFCAC35,E007F816,00000020,000003F9
1018,103190100,FFFF00E4,000003D5,00000000,00010000,00262311,3C004E20,2BFCAC35,E007F816,00000020,000003FA
1019,83127300,000100E4,000003D5,00000000,00010000,00262311,3C004E20,2BFCAC35,E007F816,00000020,000003FB
1020,84223600,000300E4,000003D5,00000000,00010000,00262311,3C004E20,2BFCCE52,E007F816,00000020,000003FC
1021,80691800,FFFF00E4,000003D5,00000000,00010000,00262311,3C004E20,2BFCCE52,E007F816,00000020,000003FD
1022,86221000,000100E4,000003D5,00000000,00010000,00262311,3C004E20,2BFCCE52,E007F816,00000020,000003FE
1023,82971100,000100E4,000003D5,00000000,00010000,00272311,3C004E20,2BFCCE52,E007F816,00000020,000003FF
1024,84905700,FFF900E4,000003D5,00000000,00010000,00272311,3C004E20,2BFCCE52,E007F816,00000020,00000400
1025,89535200,000300E4,000003D5,00000000,00010000,00272311,3C004E20,2BFCCE52,E007F816,00000020,00000401
1026,84956700,FFFF00E4,000003D5,00000000,00010000,00272311,3C004E20,2BFCCE52,E007F816,00000020,00000402
1027,95921500,000300E4,000003D5,00000000,00010000,00272311,3C004E20,2BFCCE52,E007F816,00000020,00000403
1028,103899000,FFFF00E4,000003D5,00000000,00010000,00282311,3C004E20,2BFCCE52,E007F816,00000020,00000404
1029,88550100,000300E4,000003D5,00000000,00010000,00282311,3C004E20,2BFCCE52,E007F816,00000020,00000405
1030,90576100,FFFF00E4,000003D5,00000000,00010000,00282311,3C004E20,2BFCCE52,E007F816,00000020,00000406
1031,95376400,000100E4,000003D5,00000000,00010000,00282311,3C004E20,2BFCCE52,E007F816,00000020,00000407
1032,108852700,FFFD00E5,000003D5,00000000,00010000,00282311,3C004E20,2BFCCE52,E007F816,00000020,00000408
1033,85278300,FFFF00E5,000003D5,00000000,00010000,00282311,3C004E20,2BFCCE52,E007F816,00000020,00000409
1034,91293100,000100E3,000003D5,00000000,00010000,00292311,3C004E20,2BFCCE52,E007F816,00000020,0000040A
1035,102234900,FFFF00E6,000003D5,00000000,00010000,00292311,3C004E20,2BFCCE52,E007F816,00000020,0000040B
1036,87023500,000300E3,000003D5,00000000,00010000,00292311,3C004E20,2BFCCE52,E007F816,00000020,0000040C
1037,88149600,FFFF00E4,000003D5,00000000,00010000,00292311,3C004E20,2BFCCE52,E007F816,00000020,0000040D
1038,92143600,000300E5,000003D5,00000000,00010000,00292311,3C004E20,2BFCCE52,E007F816,00000020,0000040E
1039,82784500,FFFF00E4,000003D5,00000000,00010000,002A2311,3C004E20,2BFCCE52,E007F816,00000020,0000040F
1040,92771900,000300E5,000003D5,00000000,00010000,002A2311,3C004E20,2BFCCE52,E007F816,00000020,00000410
1041,92629500,FFF700E5,000003D5,00000000,00010000,002A2311,3C004E20,2BFCCE52,E007F816,00000020,00000411
1042,94106300,000300E5,000003D5,00000000,00010000,002A2311,3C004E20,2BFCCE52,E007F816,00000020,00000412
1043,85537100,000100E4,000003D5,00000000,00010000,002A2311,3C004E20,2BFCCE52,E007F816,00000020,00000413
1044,81793200,FFFF00E5,000003D5,00000000,00010000,002A2311,3C004E20,2BFCCE52,E007F816,00000020,00000414
1045,77693800,000300E5,000003D5,00000000,00010000,002B2311,3C004E20,2BFCCE52,E007F816,00000020,00000415
1046,81865700,FFFF00E5,000003D5,00000000,00020000,002B2311,3C004E20,2BFCCE52,E007F816,00000020,00000416
1047,99238700,000300E4,000003D5,00000000,00020000,002B2311,3C004E20,2BFCCE52,E007F816,00000020,00000417
1048,85610700,000100E0,000003D5,00000000,00020000,002B2311,3C004E20,2BFCCE52,E007F816,00000020,00000418
1049,86764700,FFFF00AC,000003D5,00000000,00010000,002B2311,3C004E20,2BFCCE52,E007F816,00000020,00000419
1050,80423900,FFFE0049,000003D5,00000001,00010000,002B2311,3C004E20,2BFCEE39,E007F816,00000020,0000041A
1051,84122800,0000FFEB,000003D5,00000001,00010000,002B2311,3C004E20,2800EE39,E007F816,00000020,0000041B
1052,81066100,0004FFBB,000003D5,00000001,00010000,002B2311,3C004E20,2800EE39,E007F816,00000020,0000041C
1053,80090700,0006FF98,000003D5,00070001,00000000,002B2312,3C004E20,2800EE39,E007F816,00000020,0000041D
1054,85955000,0014FF88,000003D5,000E0001,00000000,002B2316,3C004E20,2800EE39,E007F816,00000020,0000041E
1055,86601800,0014FF7E,000003D5,00130001,00000000,FF2B231A,3C004E20,2800EE39,E007F816,00000020,0000041F
1056,97526900,001AFF7B,000003D5,00170000,00000000,FF2B2321,3C004E20,2800EE39,E007F816,00000020,00000420
1057,84518000,001EFF89,000003D5,00190000,00000000,FF2B2327,3C004E20,2800EE39,E007F816,00000020,00000421
1058,88668900,0026FFB2,000003D5,001B0000,0000FFFF,FF2B232F,3C004E20,2800EE39,E007F816,00000020,00000422
1059,94753500,0030FFEE,000003D5,001D0000,0000FFFF,FF2B2337,3C004E20,2800EE39,E007F816,00000020,00000423
1060,81878800,002C0031,000003D5,001DFFFF,0000FFFF,FF2B2340,3C004E20,2800EE39,E007F816,00000020,00000424
1061,83203400,00300067,000003D5,0016FFFF,0000FFFF,FF2B2347,3C004E20,2800EE39,E007F816,00000020,00000425
1062,89576600,0025008E,000003D5,0010FFFF,0000FFFF,FF2B234C,3C004E20,2800EE39,E007F816,00000020,00000426
1063,77513100,002D00AA,000003D5,000AFFFF,0001FFFF,FF2B234F,3C004E20,2800EE39,E007F816,00000020,00000427
1064,84347100,002300B8,000003D5,0006FFFF,0001FFFF,FF2B2351,3C004E20,2800EE39,E007F816,00000020,00000428
1065,86746900,00250093,000003D5,00030000,0001FFFF,FF2B2353,3C004E20,2800EE39,E007F816,00000020,00000429
1066,90706500,00220038,000003D5,00010000,0001FFFF,FF2B2353,3C004E20,2800EE39,E007F816,00000020,0000042A
1067,83811500,001AFFE2,000003D5,FFFF0001,0001FFFF,FF2B2353,3C004E20,2800EE39,E007F816,00000020,0000042B
1068,72011800,0015FFB4,000003D5,FFFE0001,0000FFFF,FF2B2352,3C004E20,2800EE39,E007F816,00000020,0000042C
1069,90618700,0015FF95,000003D5,FFFD0001,00000000,FF2B2352,3C004E20,2800EE39,E007F816,00000020,0000042D
1070,90245000,000DFF87,000003D5,FFFD0001,00000000,FF2B2351,3C004E20,2800EE39,E007F816,00000020,0000042E
1071,88578200,0009FF7E,000003D5,FFFD0001,00000000,FF2B2350,3C004E20,2800EE39,E007F816,00000020,0000042F
1072,89956300,0009FF76,000003D5,FFFD0000,00000000,FF2B234F,3C004E20,2800EE39,E007F816,00000020,00000430
1073,88142800,0003FF5B,000003D5,FFFD0001,00000000,FF2B234E,3C004E20,2800EE39,E007F816,00000020,00000431
1074,85563300,0006FF0A,000003D5,FFFE0001,FFFF0000,002A234D,3C004E20,2800EE39,E007F816,00000020,00000432
1075,75970000,0002FF00,000003D5,FFFE0001,FFFF0000,002A234D,3C004E20,2800EE39,E007F816,00000020,00000433
1076,100711700,FFFCFF00,000003D5,FFFE0000,FFFF0000,002A234C,3C004E20,2800EE39,E007F816,00000020,00000434
1077,95242400,0000FEFE,000003D5,FFFF0000,FFFF0000,002A234C,3C004E20,2800EE39,E007F816,00000020,00000435
1078,83504400,0000FF00,000003D5,FFFF0000,FFFF0000,002A234C,3C004E20,2800EE39,E007F816,00000020,00000436
1079,93821500,0000FF00,000003D5,FFFF0000,FFFF0000,0029234B,3C004E20,2800EE39,E007F816,00000020,00000437
1080,85353900,FFFCFF01,000003D5,00000000,FFFF0000,0029234B,3C004E20,28010DE3,E007F816,00000020,00000438
1081,87921400,0002FF00,000003D5,00000000,FFFF0000,0029234B,3C004E20,28010DE3,E007F816,00000020,00000439
1082,90624600,FFFCFF02,000003D5,00000000,FFFF0000,0029234B,3C004E20,28010DE3,E007F816,00000020,0000043A
1083,87840100,0000FF02,000003D5,00000000,FFFF0000,0029234B,3C004E20,28010DE3,E007F816,00000020,0000043B
1084,86435200,0002FF05,000003D5,00000000,FFFF0000,0028234B,3C004E20,28010DE3,E007F816,00000020,0000043C
1085,87624300,FFFCFF03,000003D5,00000000,FFFF0000,0028234B,3C004E20,28010DE3,E007F816,00000020,0000043D
1086,82193600,0000FF06,000003D5,00000000,FFFF0000,0028234B,3C004E20,28010DE3,E007F816,00000020,0000043E
1087,83774500,0004FF04,000003D5,00000000,FFFF0000,0028234B,3C004E20,28010DE3,E007F816,00000020,0000043F
1088,83942000,0000FF07,000003D5,00000000,FFFF0000,0028234B,3C004E20,28010DE3,E007F816,00000020,00000440
1089,83013800,FFF8FF07,000003D5,00000000,FFFF0000,0027234B,3C004E20,28010DE3,E0FFF816,00000020,00000441
1090,86707200,0004FF08,000003D5,00000000,FFFF0000,0027234B,3C004E20,28010DE3,E0FFF816,00000020,00000442
1091,81396200,FFF5FF08,000003D5,FFF70000,FFFF0000,FF27234A,3C004E20,28010DE3,E0FFF816,00000020,00000443
1092,89955000,FFE5FF08,000003D5,FFEE0000,FFFF0000,FF272345,3C004E20,28010DE3,E0FFF816,00000020,00000444
1093,85202900,FFE3FF0B,000003D5,FFE60000,FFFF0000,0027233F,3C004E20,28010DE3,E0FFF816,00000020,00000445
1094,84086500,FFD7FF0A,000003D5,FFDD0000,FFFF0001,00262336,3C004E20,28010DE3,E0FFF816,00000020,00000446
1095,93591900,FFD0FF0C,FFFF03D5,FFD60000,FFFF0001,0026232B,3C004E20,28010DE3,E0FFF816,00000020,00000447
1096,80957300,FFBBFF09,FFFF03D5,FFCF0000,FFFF0001,0026231D,3C004E20,28010DE3,E0FFE016,00000020,00000448
1097,87219400,FFB7FF0D,FFFF03D5,FFC80000,FFFF0001,0026230E,3C004E20,28010DE3,E0FF9016,00000020,00000449
1098,101617100,FFA0FF0B,FFFF03D5,FFC10000,FFFF0001,002622FD,3C004E20,28010DE3,E0FF4016,00000020,0000044A
1099,75481300,FF95FF10,FFFF03D5,FFBB0000,FFFF0001,002622EA,3C004E20,28010DE3,E0FF0016,00000020,0000044B
1100,82299500,FF8AFEEF,FFFF03D5,FFB60000,FFFF0002,002522D5,3C004E20,28010DE3,E0FEC816,00000020,0000044C
1101,76674800,FF7BFE8F,FFFF03D5,FFB00001,FFFF0002,002522BF,3C004E20,28010DE3,E0FE9016,00000020,0000044D
1102,80364900,FF6BFE7E,FFFF03D5,FFAB0001,FFFE0002,002522A7,3C004E20,28010DE3,E0FE5816,00000020,0000044E
1103,82345500,FF5FFE80,FFFF03D5,FFA60001,FFFE0002,0024228E,3C004E20,28010DE3,E0FE3016,00000020,0000044F
1104,90226900,FF51FE7F,FFFF03D5,FFA10000,FFFE0003,00242273,3C004E20,28010DE3,E0FE0016,00000020,00000450
1105,75547200,FF43FE81,FFFF03D5,FF9C0000,FFFE0003,00242257,3C004E20,28010DE3,E0FDD816,00000020,00000451
1106,90115500,FF35FE7F,FFFF03D5,FF960000,FFFE0003,00232239,3C004E20,28010DE3,E0FDB816,00000020,00000452
1107,85715700,FF29FE81,FFFF03D5,FF910000,FFFE0003,0023221A,3C004E20,28010DE3,E0FD9816,00000020,00000453
1108,82362800,FF1DFE83,FFFF03D5,FF8C0000,FFFE0004,002321F9,3C004E20,28010DE3,E0FD7816,00000020,00000454
1109,88214100,FF11FE65,FFFF03D5,FF870000,FFFE0004,002221D7,3C004E20,28010DE3,E0FD5816,00000020,00000455
1110,93848800,FF0AFE03,FFFF03D5,FF810001,FFFE0004,002221B3,3C004E20,28012D37,E0FD3816,00000020,00000456
1111,79149900,FEFFFDF4,FFFF03D5,FF7C0001,FFFE0004,0022218E,3C004E20,28012D37,E0FD2016,00000020,00000457
1112,88698300,FEF2FDF5,FFFF03D4,FF770001,FFFD0004,00212167,3C004E20,28012D37,E0FD0816,00000020,00000458
1113,88126600,FEE4FDF6,FFFF03D4,FF720000,FFFD0005,0021213F,3C004E20,28012D37,E0FCF016,00000020,00000459
1114,91335700,FEDCFDF5,FFFF03D4,FF6D0000,FFFD0005,00202116,3C004E20,28012D37,E0FCE016,00000020,0000045A
1115,78037100,FED0FDF8,FFFF03D4,FF680000,FFFD0005,002020EA,3C004E20,28012D37,E0FCD016,00000020,0000045B
1116,81827700,FEC9FDF6,FFFF03D4,FF630000,FFFD0005,002020BE,3C004E20,28012D37,E0FCC016,00000020,0000045C
1117,87501700,FEBFFDFB,FFFF03D4,FF5E0000,FFFD0005,001F2090,3C004E20,28012D37,E0FCB016,00000020,0000045D
1118,87660000,FEB4FE27,FFFF03D4,FF5A0000,FFFD0006,001F2061,3C004E20,28012D37,E0FCA016,00000020,0000045E
1119,86179500,FEA8FE87,FFFF03D4,FF550000,FFFD0006,001F2031,3C004E20,28012D37,E0FC9816,00000020,0000045F
1120,87766200,FEA8FE8F,000003D4,FF510000,FFFD0006,001E1FFF,3C004E20,28012D37,E0FC9016,00000020,00000460
1121,83820900,FEA0FE8F,000003D5,FF4E0000,FFFE0006,001E1FCC,3C004E20,28012D37,E0FC8816,00000020,00000461
1122,85937800,FE9AFE91,000003D5,FF4B0000,FFFE0006,001E1F99,3C004E20,28012D37,D0FC8016,00000020,00000462
1123,89151600,FE9DFE92,000003D5,FF480000,FFFE0006,001D1F64,3C004E20,28012D37,D0FC8016,00000020,00000463
1124,97442200,FE97FE93,000003D5,FF450000,FFFE0006,001D1F2F,3C004E20,28012D37,D0FC7816,00000020,00000464
1125,91697500,FE8FFE95,000003D5,FF430000,FFFE0006,001D1EF9,3C004E20,28012D37,D0FC7816,00000020,00000465
1126,96101600,FE95FE95,000003D5,FF420000,FFFE0007,001C1EC3,3C004E20,28012D37,D0FC7816,00000020,00000466
1127,98472900,FE8DFE96,000003D4,FF400000,FFFE0007,001C1E8C,3C004E20,28012D37,D0FC7816,00000020,00000467
1128,98470000,FE91FE97,000003D4,FF400000,FFFE0007,001C1E55,3C004E20,28012D37,D0FC7816,00000020,00000468
1129,90504500,FE91FE97,000003D4,FF3F0000,FFFE0007,001C1E1E,3C004E20,28012D37,D0FC7816,00000020,00000469
1130,98841800,FE8CFE9C,000003D4,FF3F0000,FFFE0007,001B1DE7,3C004E20,28012D37,D0FC8016,00000020,0000046A
1131,79792000,FE99FE97,000003D4,FF400000,FFFE0007,001B1DAF,3C004E20,28012D37,D0FC8816,00000020,0000046B
1132,91348200,FE94FE9D,000003D4,FF400000,FFFE0007,001B1D78,3C004E20,28012D37,D0FC8816,00000020,0000046C
1133,80820200,FE9AFE9D,000003D4,FF410000,FFFE0007,001A1D42,3C004E20,28012D37,D0FC9016,00000020,0000046D
1134,91109100,FEA0FE9C,000003D4,FF430000,FFFE0007,001A1D0B,3C004E20,28012D37,D0FC9816,00000020,0000046E
1135,88785100,FE9DFED1,000003D4,FF450000,FFFE0006,001A1CD6,3C004E20,28012D37,D0FCA816,00000020,0000046F
1136,91795600,FEA8FF2C,000003D4,FF470000,FFFE0006,001A1CA1,3C004E20,28012D37,D0FCB816,00000020,00000470
1137,92048000,FEAFFF33,000003D5,FF4A0000,FFFE0006,001A1C6C,3C004E20,28012D37,D0FCC816,00000020,00000471
1138,86488400,FEB9FF32,000003D5,FF4E0000,FFFF0006,001A1C39,3C004E20,28012D37,D0FCD816,00000020,00000472
1139,94595600,FEBEFF37,000103D5,FF520000,FFFF0006,00191C07,3C004E20,28012D37,D0FCF016,00000020,00000473
1140,83179400,FECEFF36,000103D5,FF570000,FFFF0006,00191BD6,3C004E20,28014D3A,D0FD0816,00000020,00000474
1141,80163900,FED4FF36,000103D5,FF5C0000,FFFF0006,00191BA6,3C004E20,28014D3A,D0FD2016,00000020,00000475
1142,92427800,FEDEFF3B,000103D5,FF620000,FFFF0006,00191B78,3C004E20,28014D3A,D0FD4016,00000020,00000476
1143,86441600,FEE9FF65,000103D5,FF670000,FFFF0005,00191B4C,3C004E20,28014D3A,D0FD6016,00000020,00000477
1144,87788500,FEF5FFAC,000103D5,FF6D0000,FFFF0005,00191B22,3C004E20,28014D3A,D0FD8016,00000020,00000478
1145,91259900,FEFDFFB0,000103D5,FF740000,FFFF0005,00191AF9,3C004E20,28014D3A,D0FDA816,00000020,00000479
1146,85409900,FF0CFFB2,000103D5,FF7A0000,FFFF0005,00191AD2,3C004E20,28014D3A,D0FDD016,00000020,0000047A
1147,82387400,FF18FFC1,000103D5,FF810000,FFFF0005,00191AAD,3C004E20,28014D3A,D0FE0016,00000020,0000047B
1148,87628900,FF22FFDE,000103D5,FF880000,00000004,00191A89,3C004E20,28014D3A,D0FE3816,00000020,0000047C
1149,96774100,FF2D000A,000103D5,FF8E0000,00000004,00191A68,3C004E20,28014D3A,D0FE6816,00000020,0000047D
1150,80859000,FF39002D,000103D5,FF95FFFF,00000004,00191A49,3C004E20,28014D3A,D0FEA016,00000020,0000047E
1151,95962000,FF4B0048,000103D5,FF9BFFFF,00000004,00191A2B,3C004E20,28014D3A,D0FEE016,00000020,0000047F
1152,83925900,FF51005F,000103D5,FFA2FFFF,00000004,00191A10,3C004E20,28014D3A,D0FF3016,00000020,00000480
1153,84942000,FF5B0070,000103D5,FFA80000,00000003,001919F6,3C004E20,28014D3A,D0FF7016,00000020,00000481
1154,78824500,FF68007A,000103D5,FFAE0000,00000003,001919DE,3C004E20,28014D3A,D0FFB816,00000020,00000482
1155,90510900,FF710084,000103D5,FFB40000,00010003,001919C7,3C004E20,28014D3A,D0FFF816,00000020,00000483
1156,85541600,FF7A008A,000103D5,FFB90000,00010003,001919B2,3C004E20,28014D3A,D0FFF816,00000020,00000484
1157,87923000,FF82008C,000103D5,FFBE0000,00010003,0019199F,3C004E20,28014D3A,D0FFF816,00000020,00000485
1158,92923700,FF8A0093,000103D5,FFC30000,00010002,0019198D,3C004E20,28014D3A,D0FFF816,00000020,00000486
1159,79525400,FF900095,000103D5,FFC70000,00010002,0019197D,3C004E20,28014D3A,D0FFF816,00000020,00000487
1160,92815000,FF99009A,000003D5,FFCB0000,00010002,001A196D,3C004E20,28014D3A,D0FFF816,00000020,00000488
1161,83174000,FFA00097,000003D5,FFCE0000,00010002,001A195E,3C004E20,28014D3A,D0FFF816,00000020,00000489
1162,86000000,FFA3009C,000003D5,FFD10000,00010002,001A1951,3C004E20,28014D3A,D0FFF816,00000020,0000048A
1163,84487900,FFA8009C,000003D5,FFD40000,00010002,001A1944,3C004E20,28014D3A,D0FFF816,00000020,0000048B
1164,88435900,FFAE009F,000003D5,FFD60000,00010002,001A1938,3C004E20,28014D3A,D0FFF816,00000020,0000048C
1165,86186400,FFB0009F,000003D5,FFD70000,00010002,001A192C,3C004E20,28014D3A,D0FFF816,00000020,0000048D
1166,90129600,FFB300A0,000003D5,FFD80000,00010002,001A1920,3C004E20,28014D3A,D0FFF816,00000020,0000048E
1167,92974300,FFB800A0,000003D5,FFD90000,00010001,001A1915,3C004E20,28014D3A,D0FFF816,00000020,0000048F
1168,91958900,FFB700A1,000003D5,FFD90000,00010001,001B190A,3C004E20,28014D3A,D0FFF816,00000020,00000490
1169,91020600,FFBA00A3,000003D5,FFDA0000,00010001,001B18FF,3C004E20,28014D3A,D0FFF816,00000020,00000491
1170,91143400,FFBB00A3,000003D5,FFDA0000,00010001,001B18F4,3C004E20,28016BB4,D0FFF816,00000020,00000492
1171,88944900,FFBC00A5,000003D5,FFD90000,00010001,001B18E9,3C004E20,28016BB4,D0FFF816,00000020,00000493
1172,98526500,FFBA00A1,000003D5,FFD80000,00010001,001B18DD,3C004E20,28016BB4,D0FFF816,00000020,00000494
1173,80172400,FFBB00A6,000003D5,FFD70000,00010001,001B18D2,3C004E20,28016BB4,D0FFF816,00000020,00000495
1174,102265000,FFB900A7,000003D5,FFD60000,00010001,001B18C6,3C004E20,28016BB4,D0FFF816,00000020,00000496
1175,98612800,FFB800A9,000003D5,FFD50000,00010001,001B18BA,3C004E20,28016BB4,D0FFF816,00000020,00000497
1176,98232000,FFB300A7,000003D5,FFD40000,00010001,001C18AD,3C004E20,28016BB4,D0FFF816,00000020,00000498
1177,92002200,FFB400AA,000003D5,FFD20000,00010001,001C18A0,3C004E20,28016BB4,D0FFF816,00000020,00000499
1178,92133100,FFB300A6,000003D5,FFD00000,00010001,001C1893,3C004E20,28016BB4,D0FFF816,00000020,0000049A
1179,90502100,FFAD00AC,000003D5,FFCE0000,00010001,001C1885,3C004E20,28016BB4,D0FFF816,00000020,0000049B
1180,84722200,FFAA00AA,000003D5,FFCD0000,00010001,001C1876,3C004E20,28016BB4,D0FFF816,00000020,0000049C
1181,92394000,FFA900AC,000003D5,FFCB0000,00010002,001C1867,3C004E20,28016BB4,D0FFF816,00000020,0000049D
1182,88617000,FFA300AD,000003D5,FFC80000,00010002,001C1858,3C004E20,28016BB4,D0FFF816,00000020,0000049E
1183,80938200,FFA200AD,000003D5,FFC60000,00010002,001D1847,3C004E20,28016BB4,D0FFF816,00000020,0000049F
1184,99071300,FF9D00AD,000003D5,FFC40000,00010002,001D1836,3C004E20,28016BB4,D0FFF816,00000020,000004A0
1185,98950000,FF9A00AF,000003D5,FFC20000,00010002,001D1825,3C004E20,28016BB4,D0FFF816,00000020,000004A1
1186,84622600,FF9500B1,000003D5,FFC00000,00010002,001D1813,3C004E20,28016BB4,D0FFF016,00000020,000004A2
1187,89578200,FF9200AF,000003D5,FFBE0000,00010002,001D1800,3C004E20,28016BB4,D0FFC816,00000020,000004A3
1188,91473400,FF8A00B1,000003D5,FFBB0000,00010002,001D17ED,3C004E20,28016BB4,D0FFA816,00000020,000004A4
1189,86051500,FF8B00B2,000003D5,FFB90000,00010002,001D17D9,3C004E20,28016BB4,D0FF8816,00000020,000004A5
1190,95972200,FF8600B0,000003D5,FFB70000,00010002,001D17C4,3C004E20,28016BB4,D0FF6816,00000020,000004A6
1191,96847500,FF7D00B3,000003D5,FFB50000,00010002,001E17AF,3C004E20,28016BB4,D0FF5016,00000020,000004A7
1192,99794000,FF7A00B7,000003D5,FFB30000,00010002,001E1799,3C004E20,28016BB4,D0FF3816,00000020,000004A8
1193,87838400,FF7900B3,000003D5,FFB10000,00010002,001E1782,3C004E20,28016BB4,D0FF1816,00000020,000004A9
1194,85384700,FF6F00B6,000003D5,FFAE0000,00010002,001E176B,3C004E20,28016BB4,D0FF0816,00000020,000004AA
1195,88700300,FF7300B7,000003D5,FFAC0000,00010003,001E1753,3C004E20,28016BB4,D0FEF016,00000020,000004AB
1196,89852200,FF6600B5,000003D5,FFAA0000,00010003,001E173B,3C004E20,28016BB4,D0FED816,00000020,000004AC
1197,85850800,FF6200B5,000003D5,FFA80000,00010003,001E1722,3C004E20,28016BB4,E0FEC816,00000020,000004AD
1198,91836100,FF630085,000003D5,FFA70000,00010003,001F1709,3C004E20,28016BB4,E0FEB016,00000020,000004AE
1199,89573300,FF5B003C,000003D5,FFA50001,00010003,001F16EF,3C004E20,28016BB4,E0FEA016,00000020,000004AF
1200,102584400,FF52FFF8,000003D5,FFA40001,00010003,001F16D5,3C004E20,280189BE,E0FE8816,00000020,000004B0
1201,98358000,FF56FFD2,000003D5,FFA30001,00000003,001E16BA,3C004E20,280189BE,E0FE7816,00000020,000004B1
1202,92744100,FF4BFFBB,000003D5,FFA10001,00000003,001E169F,3C004E20,280189BE,E0FE6016,00000020,000004B2
1203,94705900,FF4BFF8F,000003D5,FF9F0001,00000003,001E1684,3C004E20,280189BE,E0FE5016,00000020,000004B3
1204,88350600,FF49FF39,000003D5,FF9E0001,00000003,001E1668,3C004E20,280189BE,E0FE4016,00000020,000004B4
1205,86938100,FF41FF2F,000003D5,FF9C0001,FFFF0003,001E164B,3C004E20,280189BE,D0FE3016,00000020,000004B5
1206,92496900,FF3EFF2D,000003D5,FF9A0001,FFFF0003,001E162E,3C004E20,280189BE,D0FE2016,00000020,000004B6
1207,91222900,FF3FFF29,000003D5,FF980001,FFFF0003,001E1610,3C004E20,280189BE,D0FE1016,00000020,000004B7
1208,101339700,FF33FF2D,000003D5,FF960000,FFFF0003,001D15F2,3C004E20,280189BE,D0FE0016,00000020,000004B8
1209,116967700,FF38FF2C,000003D5,FF940000,FFFF0004,001D15D3,3C004E20,280189BE,D0FDF016,00000020,000004B9
1210,102667800,FF2FFF29,000003D5,FF920000,FFFF0004,001D15B4,3C004E20,280189BE,D0FDE816,00000020,000004BA
1211,122125500,FF30FF2C,000003D5,FF900000,FFFF0004,001D1594,3C004E20,280189BE,D0FDE016,00000020,000004BB
1212,133209300,FF2AFF2B,000003D5,FF8E0000,FFFF0004,001D1574,3C004E20,280189BE,D0FDD016,00000020,000004BC
1213,146498500,FF2BFF2E,000003D5,FF8C0000,FFFF0004,001D1553,3C004E20,280189BE,D0FDC816,00000020,000004BD
1214,143374400,FF25FF2A,000003D5,FF8B0000,FFFF0004,001C1531,3C004E20,280189BE,D0FDC016,00000020,000004BE
1215,127380200,FF24FF2F,000003D5,FF890000,FFFF0004,001C150F,3C004E20,280189BE,D0FDC016,00000020,000004BF
1216,127519800,FF24FF2E,000003D5,FF880000,FFFF0004,001C14ED,3C004E20,280189BE,D0FDB816,00000020,000004C0
1217,125914900,FF20FF2F,000003D5,FF870000,FFFF0004,001C14CA,3C004E20,280189BE,D0FDB016,00000020,000004C1
1218,123526600,FF20FF2E,000003D5,FF860000,FFFF0004,001C14A7,3C004E20,280189BE,D0FDB016,00000020,000004C2
1219,130918100,FF1EFF2F,000003D5,FF850000,FFFF0004,001C1484,3C004E20,280189BE,D0FDB016,00000020,000004C3
1220,134925000,FF1FFF30,000003D5,FF840000,FFFF0004,001B1461,3C004E20,280189BE,D0FDB016,00000020,000004C4
1221,124658700,FF1DFF31,000003D5,FF840000,FFFF0004,001B143D,3C004E20,280189BE,D0FDB016,00000020,000004C5
1222,108143200,FF1CFF30,000003D5,FF830000,FFFF0004,001B141A,3C004E20,280189BE,D0FDB016,00000020,000004C6
1223,96354200,FF1FFF33,000003D5,FF830000,FFFF0004,001B13F6,3C004E20,280189BE,D0FDB816,00000020,000004C7
1224,96913600,FF1CFF5F,000003D5,FF830000,FFFF0004,001B13D2,3C004E20,280189BE,D0FDB816,00000020,000004C8
1225,93334300,FF1CFFA3,000003D5,FF830000,FFFF0004,001B13AE,3C004E20,280189BE,D0FDB816,00000020,000004C9
1226,85904200,FF1FFFAC,000003D5,FF840000,FFFF0004,001B138B,3C004E20,280189BE,D0FDC016,00000020,000004CA
1227,99791400,FF23FFA6,000003D5,FF850000,FFFF0004,001B1367,3C004E20,280189BE,D0FDD016,00000020,000004CB
1228,101816800,FF21FFAA,000003D5,FF850000,FFFF0004,001B1344,3C004E20,280189BE,D0FDD816,00000020,000004CC
1229,92239200,FF28FFAA,000003D5,FF860000,FFFF0004,001B1321,3C004E20,280189BE,D0FDE016,00000020,000004CD
1230,93470600,FF28FFA9,000003D5,FF880000,FFFF0004,001A12FF,3C004E20,2801AA3A,D0FDE816,00000020,000004CE
1231,92156600,FF29FFAC,000003D5,FF890000,FFFF0004,001A12DC,3C004E20,2801AA3A,D0FDF816,00000020,000004CF
1232,91194000,FF2EFFA7,000003D5,FF8B0000,00000004,001A12BB,3C004E20,2801AA3A,D0FE0016,00000020,000004D0
1233,103228000,FF2FFFAE,000003D5,FF8C0000,00000004,001A1299,3C004E20,2801AA3A,D0FE1016,00000020,000004D1
1234,101282200,FF33FFAD,000003D5,FF8E0000,00000004,001A1278,3C004E20,2801AA3A,D0FE1816,00000020,000004D2
1235,98484200,FF37FFB9,000003D5,FF900000,00000004,001A1258,3C004E20,2801AA3A,D0FE2816,00000020,000004D3
1236,96125000,FF39FFDD,000003D5,FF910000,00000004,001A1238,3C004E20,2801AA3A,D0FE3816,00000020,000004D4
1237,97962400,FF3B0002,000003D5,FF930000,00000004,001A1219,3C004E20,2801AA3A,D0FE4816,00000020,000004D5
1238,91693200,FF3F002D,000003D5,FF950000,00000004,001A11FA,3C004E20,2801AA3A,D0FE5816,00000020,000004D6
1239,114760000,FF460049,000003D5,FF96FFFF,00000004,001A11DB,3C004E20,2801AA3A,D0FE6816,00000020,000004D7
1240,94054800,FF490064,000003D5,FF98FFFF,00000003,001A11BD,3C004E20,2801AA3A,D0FE7816,00000020,000004D8
1241,93643100,FF4F0073,000003D5,FF9A0000,00000003,001A11A0,3C004E20,2801AA3A,D0FE9016,00000020,000004D9
1242,98290300,FF4D007C,000003D5,FF9C0000,00000003,001A1183,3C004E20,2801AA3A,D0FEA816,00000020,000004DA
1243,105870100,FF50008B,000003D5,FF9E0000,00010003,001B1166,3C004E20,2801AA3A,D0FEB816,00000020,000004DB
1244,109910400,FF530091,000003D5,FFA00000,00010003,001B114B,3C004E20,2801AA3A,D0FEC816,00000020,000004DC
1245,105034200,FF5C0094,000003D5,FFA20000,00010003,001B112F,3C004E20,2801AA3A,D0FEE016,00000020,000004DD
1246,93288400,FF57009B,000003D5,FFA40000,00010003,001B1115,3C004E20,2801AA3A,D0FEF016,00000020,000004DE
1247,93957700,FF61009C,000003D5,FFA50000,00010003,001B10FA,3C004E20,2801AA3A,D0FF0016,00000020,000004DF
1248,93189100,FF5B00A2,000003D5,FFA70000,00010003,001B10E1,3C004E20,2801AA3A,D0FF1016,00000020,000004E0
1249,100492800,FF6300A3,000003D5,FFA90000,00010003,001B10C8,3C004E20,2801AA3A,D0FF1816,00000020,000004E1
1250,96421600,FF6300A4,000003D5,FFAA0000,00010003,001B10AF,3C004E20,2801AA3A,D0FF2816,00000020,000004E2
1251,111886000,FF6800A8,000003D5,FFAB0000,00010003,001C1096,3C004E20,2801AA3A,D0FF3016,00000020,000004E3
1252,89060600,FF6700A5,000003D5,FFAD0000,00010003,001C107E,3C004E20,2801AA3A,D0FF4016,00000020,000004E4
1253,111219100,FF6600A9,000003D5,FFAD0000,00010003,001C1067,3C004E20,2801AA3A,D0FF4016,00000020,000004E5
1254,92324400,FF6A00A7,000003D5,FFAE0000,00010003,001C104F,3C004E20,2801AA3A,D0FF4816,00000020,000004E6
1255,109419300,FF6C00A9,000003D5,FFAF0000,00010003,001C1038,3C004E20,2801AA3A,D0FF5016,00000020,000004E7
1256,95292400,FF6C00AE,000003D5,FFB00000,00010003,001C1021,3C004E20,2801AA3A,D0FF4816,00000020,000004E8
1257,96636400,FF7100AA,000003D5,FFB00000,00010003,001C100A,3C004E20,2801AA3A,D0FF4816,00000020,000004E9
1258,95865400,FF6A00AC,000003D5,FFB00000,00010003,001D0FF3,3C004E20,2801AA3A,D0FF5016,00000020,000004EA
1259,92135300,FF6D00AC,000003D5,FFB00000,00010003,001D0FDC,3C004E20,2801AA3A,D0FF4816,00000020,000004EB
1260,88638100,FF6E00B0,000003D5,FFB00000,00010003,001D0FC5,3C004E20,2801C3B9,D0FF4016,00000020,000004EC
1261,102493000,FF7000B1,000003D5,FFB00000,00010003,001D0FAE,3C004E20,2801C3B9,D0FF4016,00000020,000004ED
1262,90418800,FF6D00AF,000003D5,FFB00000,00010003,001D0F97,3C004E20,2801C3B9,D0FF3816,00000020,000004EE
1263,92264100,FF6A00AF,000003D5,FFB00000,00010003,001D0F81,3C004E20,2801C3B9,D0FF3016,00000020,000004EF
1264,89165200,FF6900B4,000003D5,FFAF0000,00010003,001D0F69,3C004E20,2801C3B9,D0FF3016,00000020,000004F0
1265,90384400,FF7100AF,000003D5,FFAF0000,00010003,001D0F52,3C004E20,2801C3B9,D0FF2816,00000020,000004F1
1266,92078800,FF6800B2,000003D5,FFAE0000,00010003,001E0F3B,3C004E20,2801C3B9,D0FF1816,00000020,000004F2
1267,103826600,FF6800B5,000003D5,FFAE0000,00010003,001E0F23,3C004E20,2801C3B9,D0FF1816,00000020,000004F3
1268,88946000,FF6500B5,000003D5,FFAD0000,00010003,001E0F0C,3C004E20,2801C3B9,D0FF0816,00000020,000004F4
1269,94677600,FF6700B7,000003D5,FFAC0000,00010003,001E0EF4,3C004E20,2801C3B9,D0FF0016,00000020,000004F5
1270,96461500,FF6000B7,000003D5,FFAC0000,00010003,001E0EDC,3C004E20,2801C3B9,D0FEF816,00000020,000004F6
1271,91874600,FF6200B6,000003D5,FFAB0000,00010003,001E0EC3,3C004E20,2801C3B9,D0FEE816,00000020,000004F7
1272,101185700,FF6100B5,000003D5,FFAA0000,00010003,001E0EAB,3C004E20,2801C3B9,E0FEE016,00000020,000004F8
1273,96626800,FF5900B7,000003D5,FFA90000,00010003,001F0E92,3C004E20,2801C3B9,E0FED816,00000020,000004F9
1274,93481300,FF5E008B,000003D5,FFA80000,00010003,001F0E79,3C004E20,2801C3B9,E0FEC816,00000020,000004FA
1275,96150900,FF560038,000003D5,FFA80001,00010003,001F0E60,3C004E20,2801C3B9,E0FEB816,00000020,000004FB
1276,93578400,FF53FFF8,000003D5,FFA70001,00010003,001F0E46,3C004E20,2801C3B9,E0FEB016,00000020,000004FC
1277,102460500,FF53FFD1,000003D5,FFA70001,00000003,001F0E2D,3C004E20,2801C3B9,E0FEA016,00000020,000004FD
1278,111990700,FF50FFBC,000003D5,FFA60001,00000003,001F0E13,3C004E20,2801C3B9,E0FE9016,00000020,000004FE
1279,109945400,FF50FFAE,000003D5,FFA50001,00000003,001E0DF9,3C004E20,2801C3B9,E0FE8016,00000020,000004FF
1280,99918900,FF4AFFA4,000003D5,FFA30001,00000003,001E0DDE,3C004E20,2801C3B9,E0FE7816,00000020,00000500
1281,96037300,FF4BFFA5,000003D5,FFA20000,00000003,001E0DC4,3C004E20,2801C3B9,E0FE6816,00000020,00000501
1282,100263700,FF45FF80,000003D5,FFA00001,00000003,001E0DA8,3C004E20,2801C3B9,E0FE5816,00000020,00000502
1283,90529800,FF4AFF32,000003D5,FF9F0001,FFFF0003,001E0D8D,3C004E20,2801C3B9,E0FE5016,00000020,00000503
1284,117989500,FF41FF2B,000003D5,FF9D0001,FFFF0003,001E0D71,3C004E20,2801C3B9,D0FE4016,00000020,00000504
1285,93556100,FF41FF2A,000003D5,FF9C0001,FFFF0003,001E0D54,3C004E20,2801C3B9,D0FE3016,00000020,00000505
1286,95587900,FF3EFF2A,000003D5,FF9A0000,FFFF0003,001E0D37,3C004E20,2801C3B9,D0FE2816,00000020,00000506
1287,91611800,FF3DFF2B,000003D5,FF990000,FFFF0003,001D0D1A,3C004E20,2801C3B9,D0FE2016,00000020,00000507
1288,91181700,FF39FF2C,000003D5,FF970000,FFFF0004,001D0CFC,3C004E20,2801C3B9,D0FE1016,00000020,00000508
1289,113144400,FF36FF2A,000003D5,FF960000,FFFF0004,001D0CDE,3C004E20,2801C3B9,D0FE0816,00000020,00000509
1290,96598600,FF35FF2D,000003D5,FF940000,FFFF0004,001D0CBF,3C004E20,2801D8CF,D0FE0016,00000020,0000050A
1291,112538500,FF34FF2A,000003D5,FF930000,FFFF0004,001D0CA0,3C004E20,2801D8CF,D0FDF816,00000020,0000050B
1292,113788700,FF32FF2D,000003D5,FF920000,FFFF0004,001D0C80,3C004E20,2801D8CF,D0FDF016,00000020,0000050C
1293,106492500,FF2DFF2E,000003D5,FF900000,FFFF0004,001C0C60,3C004E20,2801D8CF,D0FDF016,00000020,0000050D
1294,115620800,FF30FF2F,000003D5,FF8F0000,FFFF0004,001C0C40,3C004E20,2801D8CF,D0FDE816,00000020,0000050E
1295,113179900,FF2DFF2C,000003D5,FF8E0000,FFFF0004,001C0C20,3C004E20,2801D8CF,D0FDE816,00000020,0000050F
1296,107569300,FF2BFF2F,000003D5,FF8E0000,FFFF0004,001C0BFF,3C004E20,2801D8CF,D0FDE016,00000020,00000510
1297,113340000,FF2CFF5C,000003D5,FF8D0000,FFFF0004,001C0BDE,3C004E20,2801D8CF,D0FDE016,00000020,00000511
1298,90782100,FF26FFA2,000003D5,FF8C0000,FFFF0004,001C0BBD,3C004E20,2801D8CF,D0FDE816,00000020,00000512
1299,105655200,FF2DFFA6,000003D5,FF8C0000,FFFF0004,001C0B9C,3C004E20,2801D8CF,D0FDE816,00000020,00000513
1300,114119500,FF2BFFA6,000003D5,FF8C0000,FFFF0004,001C0B7B,3C004E20,2801D8CF,D0FDE816,00000020,00000514
1301,96786000,FF2AFFA6,000003D5,FF8C0000,FFFF0004,001B0B59,3C004E20,2801D8CF,D0FDF016,00000020,00000515
1302,96456100,FF2EFFA5,000003D5,FF8C0000,FFFF0004,001B0B38,3C004E20,2801D8CF,D0FDF816,00000020,00000516
1303,101461500,FF2DFFAA,000003D5,FF8D0000,FFFF0004,001B0B17,3C004E20,2801D8CF,D0FDF816,00000020,00000517
1304,102490700,FF30FFA7,000003D5,FF8D0000,FFFF0004,001B0AF6,3C004E20,2801D8CF,D0FE0016,00000020,00000518
1305,112649000,FF30FFA6,000003D5,FF8E0000,00000004,001B0AD5,3C004E20,2801D8CF,D0FE0816,00000020,00000519
1306,98841700,FF2EFFA7,000003D5,FF8F0000,00000004,001B0AB5,3C004E20,2801D8CF,D0FE1016,00000020,0000051A
1307,89481800,FF35FFA9,000003D5,FF900000,00000004,001B0A94,3C004E20,2801D8CF,D0FE1816,00000020,0000051B
1308,110709000,FF36FFAA,000003D5,FF910000,00000004,001B0A74,3C004E20,2801D8CF,D0FE2016,00000020,0000051C
1309,106557900,FF35FFA8,000003D5,FF920000,00000004,001B0A55,3C004E20,2801D8CF,D0FE2816,00000020,0000051D
1310,105475300,FF3AFFAA,000003D5,FF930000,00000004,001B0A35,3C004E20,2801D8CF,D0FE3016,00000020,0000051E
1311,99490600,FF3BFFBB,000003D5,FF940000,00000004,001B0A16,3C004E20,2801D8CF,D0FE3816,00000020,0000051F
1312,114067300,FF3BFFD9,000003D5,FF950000,00000004,001B09F7,3C004E20,2801D8CF,D0FE4016,00000020,00000520
1313,100907700,FF430002,000003D5,FF960000,00000004,001B09D9,3C004E20,2801D8CF,D0FE5016,00000020,00000521
1314,99263000,FF40002A,000003D5,FF970000,00000004,001B09BB,3C004E20,2801D8CF,D0FE6016,00000020,00000522
1315,95337900,FF46004C,000003D5,FF98FFFF,00000004,001B099D,3C004E20,2801D8CF,D0FE6816,00000020,00000523
1316,111644000,FF470064,000003D5,FF99FFFF,00000003,001B097F,3C004E20,2801D8CF,D0FE7816,00000020,00000524
1317,104631900,FF4C0073,000003D5,FF9A0000,00000003,001B0962,3C004E20,2801D8CF,D0FE8816,00000020,00000525
1318,92810800,FF4B0085,000003D5,FF9C0000,00000003,001B0945,3C004E20,2801D8CF,D0FE9816,00000020,00000526
1319,103564200,FF500088,000003D5,FF9D0000,00010003,001B0928,3C004E20,2801D8CF,D0FEA016,00000020,00000527
1320,110347600,FF520098,000003D5,FF9F0000,00010003,001B090C,3C004E20,2801EA4A,D0FEB816,00000020,00000528
1321,101792800,FF560098,000003D5,FFA00000,00010003,001B08F1,3C004E20,2801EA4A,D0FEC016,00000020,00000529
1322,101337800,FF51009B,000003D5,FFA10000,00010003,001C08D5,3C004E20,2801EA4A,D0FED016,00000020,0000052A
1323,98628300,FF5900A4,000003D5,FFA30000,00010003,001C08BA,3C004E20,2801EA4A,D0FED816,00000020,0000052B
1324,109109000,FF5900A1,000003D5,FFA40000,00010003,001C08A0,3C004E20,2801EA4A,D0FEE816,00000020,0000052C
1325,94824600,FF5C00A7,000003D5,FFA60000,00010003,001C0886,3C004E20,2801EA4A,D0FEF016,00000020,0000052D
1326,105286600,FF5B00A5,000003D5,FFA70000,00010003,001C086C,3C004E20,2801EA4A,D0FEF816,00000020,0000052E
1327,98449700,FF5B00AA,000003D5,FFA80000,00010003,001C0853,3C004E20,2801EA4A,D0FF0016,00000020,0000052F
1328,97373300,FF5E00AB,000003D5,FFA90000,00010003,001C083A,3C004E20,2801EA4A,D0FF0016,00000020,00000530
1329,101934200,FF6000AC,000003D5,FFA90000,00010003,001D0821,3C004E20,2801EA4A,D0FF0816,00000020,00000531
1330,109347900,FF5F00AE,000003D5,FFAA0000,00010003,001D0808,3C004E20,2801EA4A,D0FF1016,00000020,00000532
1331,95357900,FF6100AC,000003D5,FFAB0000,00010003,001D07F0,3C004E20,2801EA4A,D0FF1016,00000020,00000533
1332,124403900,FF6300B0,000003D5,FFAB0000,00010003,001D07D7,3C004E20,2801EA4A,D0FF1016,00000020,00000534
1333,116418400,FF6200AE,000003D5,FFAB0000,00010003,001D07BF,3C004E20,2801EA4A,D0FF1016,00000020,00000535
1334,97620100,FF6100B4,000003D5,FFAB0000,00010003,001D07A7,3C004E20,2801EA4A,D0FF0816,00000020,00000536
1335,120242100,FF6200AE,000003D5,FFAB0000,00010003,001D078F,3C004E20,2801EA4A,D0FF0816,00000020,00000537
1336,99604600,FF6100B4,000003D5,FFAC0000,00010003,001D0776,3C004E20,2801EA4A,D0FF0816,00000020,00000538
1337,109946400,FF6300B4,000003D5,FFAB0000,00010003,001E075E,3C004E20,2801EA4A,D0FF0016,00000020,00000539
1338,99194100,FF6100B1,000003D5,FFAB0000,00010003,001E0746,3C004E20,2801EA4A,D0FF0016,00000020,0000053A
1339,96698300,FF5E00B5,000003D5,FFAB0000,00010003,001E072E,3C004E20,2801EA4A,D0FEF816,00000020,0000053B
1340,95762200,FF6200B8,000003D5,FFAB0000,00010003,001E0715,3C004E20,2801EA4A,D0FEF016,00000020,0000053C
1341,106073400,FF5B00B3,000003D5,FFAA0000,00010003,001E06FD,3C004E20,2801EA4A,D0FEE816,00000020,0000053D
1342,94044600,FF5E00B8,000003D5,FFAA0000,00010003,001E06E4,3C004E20,2801EA4A,D0FEE816,00000020,0000053E
1343,97971900,FF5A00B4,000003D5,FFA90000,00010003,001E06CB,3C004E20,2801EA4A,E0FED816,00000020,0000053F
1344,97677100,FF580089,000003D5,FFA90000,00010003,001F06B2,3C004E20,2801EA4A,E0FED016,00000020,00000540
1345,107473200,FF5A0039,000003D5,FFA90001,00010003,001F0699,3C004E20,2801EA4A,E0FEC816,00000020,00000541
1346,96306300,FF52FFFA,000003D5,FFA80001,00010003,001F0680,3C004E20,2801EA4A,E0FEB816,00000020,00000542
1347,98631600,FF56FFCF,000003D5,FFA80001,00000003,001E0667,3C004E20,2801EA4A,E0FEB016,00000020,00000543
1348,96739600,FF4EFFBA,000003D5,FFA70001,00000003,001E064D,3C004E20,2801EA4A,E0FEA016,00000020,00000544
1349,96902500,FF57FFAF,000003D5,FFA60001,00000003,001E0634,3C004E20,2801EA4A,E0FE9016,00000020,00000545
1350,107039900,FF4BFFA6,000003D5,FFA50001,00000003,001E061A,3C004E20,2801F5B7,E0FE8816,00000020,00000546
1351,94194900,FF4BFFA5,000003D5,FFA40000,00000003,001E05FF,3C004E20,2801F5B7,E0FE7816,00000020,00000547
1352,106476600,FF4CFFA1,000003D5,FFA20000,00000003,001E05E5,3C004E20,2801F5B7,E0FE7016,00000020,00000548
1353,105583600,FF48FFA0,000003D5,FFA10000,00000003,001E05CA,3C004E20,2801F5B7,D0FE6016,00000020,00000549
1354,104347200,FF4AFFA0,000003D5,FFA00000,00000003,001E05AE,3C004E20,2801F5B7,D0FE5816,00000020,0000054A
1355,97131400,FF41FF7F,000003D5,FF9E0000,00000003,001E0592,3C004E20,2801F5B7,D0FE5016,00000020,0000054B
1356,104037200,FF42FF2F,000003D5,FF9D0001,FFFF0003,001E0576,3C004E20,2801F5B7,D0FE4016,00000020,0000054C
1357,106610500,FF46FF2D,000003D5,FF9C0001,FFFF0003,001D0559,3C004E20,2801F5B7,D0FE3816,00000020,0000054D
1358,91915300,FF3FFF2D,000003D5,FF9A0000,FFFF0003,001D053D,3C004E20,2801F5B7,D0FE3016,00000020,0000054E
1359,108201400,FF3DFF2A,000003D5,FF990000,FFFF0003,001D051F,3C004E20,2801F5B7,D0FE2816,00000020,0000054F
1360,102800900,FF3AFF2C,000003D5,FF980000,FFFF0004,001D0501,3C004E20,2801F5B7,D0FE1816,00000020,00000550
1361,94352100,FF3BFF2C,000003D5,FF960000,FFFF0004,001D04E3,3C004E20,2801F5B7,D0FE1016,00000020,00000551
1362,96302400,FF38FF2C,000003D5,FF950000,FFFF0004,001D04C5,3C004E20,2801F5B7,D0FE1016,00000020,00000552
1363,100249200,FF32FF56,000003D5,FF940000,FFFF0004,001D04A6,3C004E20,2801F5B7,D0FE0816,00000020,00000553
1364,94069100,FF36FF84,000003D5,FF930000,FFFF0004,001C0487,3C004E20,2801F5B7,D0FE0016,00000020,00000554
1365,100075300,FF31FF5E,000003D5,FF920000,FFFF0004,001C0468,3C004E20,2801F5B7,D0FE0016,00000020,00000555
1366,101034600,FF31FFA2,000003D5,FF910000,FFFF0004,001C0448,3C004E20,2801F5B7,D0FE0016,00000020,00000556
1367,103589300,FF33FFA3,000003D5,FF900000,FFFF0004,001C0428,3C004E20,2801F5B7,D0FE0016,00000020,00000557
1368,109903600,FF2EFFA6,000003D5,FF900000,FFFF0004,001C0408,3C004E20,2801F5B7,D0FE0016,00000020,00000558
1369,111054600,FF32FFA3,000003D5,FF900000,FFFF0004,001C03E8,3C004E20,2801F5B7,D0FE0016,00000020,00000559
1370,99013200,FF31FFA7,000003D5,FF900000,FFFF0004,001C03C8,3C004E20,2801F5B7,D0FE0016,00000020,0000055A
1371,117100700,FF2EFFA3,000003D5,FF900000,FFFF0004,001C03A7,3C004E20,2801F5B7,D0FE0816,00000020,0000055B
1372,109384800,FF33FFA8,000003D5,FF900000,FFFF0004,001C0387,3C004E20,2801F5B7,D0FE0816,00000020,0000055C
1373,114450400,FF31FFA6,000003D5,FF900000,00000004,001C0367,3C004E20,2801F5B7,D0FE1016,00000020,0000055D
1374,96564200,FF37FFA4,000003D5,FF900000,00000004,001C0347,3C004E20,2801F5B7,D0FE1016,00000020,0000055E
1375,112708800,FF30FFA8,000003D5,FF910000,00000004,001C0327,3C004E20,2801F5B7,D0FE1016,00000020,0000055F
1376,106117300,FF36FFA6,000003D5,FF910000,00000004,001C0307,3C004E20,2801F5B7,D0FE1816,00000020,00000560
1377,106964300,FF33FFA7,000003D5,FF920000,00000004,001B02E8,3C004E20,2801F5B7,D0FE2016,00000020,00000561
1378,102442400,FF37FFA8,000003D5,FF920000,00000004,001B02C8,3C004E20,2801F5B7,D0FE2016,00000020,00000562
1379,104258600,FF39FFA4,000003D5,FF930000,00000004,001B02A9,3C004E20,2801F5B7,D0FE2816,00000020,00000563
1380,115070100,FF36FFAD,000003D5,FF940000,00000004,001B028A,3C004E20,2801FB4F,D0FE3016,00000020,00000564
1381,101408000,FF3EFFA5,000003D5,FF950000,00000004,001B026B,3C004E20,2801FB4F,D0FE3816,00000020,00000565
1382,107940000,FF3DFFAE,000003D5,FF950000,00000004,001B024C,3C004E20,2801FB4F,D0FE4016,00000020,00000566
1383,104223400,FF3AFFB6,000003D5,FF960000,00000004,001B022E,3C004E20,2801FB4F,D0FE4816,00000020,00000567
1384,108015700,FF40FFD7,000003D5,FF970000,00000004,001B0210,3C004E20,2801FB4F,D0FE5016,00000020,00000568
1385,86142900,FF440004,000003D5,FF980000,00000004,001B01F2,3C004E20,2801FB4F,D0FE5816,00000020,00000569
1386,98203500,FF420028,000003D5,FF980000,00000004,001B01D4,3C004E20,2801FB4F,D0FE6016,00000020,0000056A
1387,103161400,FF49004D,000003D5,FF99FFFF,00000003,001B01B7,3C004E20,2801FB4F,D0FE7016,00000020,0000056B
1388,102941100,FF480064,000003D5,FF9AFFFF,00000003,001B0199,3C004E20,2801FB4F,D0FE8016,00000020,0000056C
1389,100781300,FF4B0074,000003D5,FF9B0000,00000003,001B017C,3C004E20,2801FB4F,D0FE8816,00000020,0000056D
1390,103234800,FF4F0084,000003D5,FF9C0000,00000003,001B015F,3C004E20,2801FB4F,D0FE9816,00000020,0000056E
1391,106061700,FF4D0091,000003D5,FF9E0000,00010003,001C0143,3C004E20,2801FB4F,D0FEB016,00000020,0000056F
1392,103890100,FF560093,000003D5,FFA00000,00010003,001C0127,3C004E20,2801FB4F,D0FEC016,00000020,00000570
1393,105446900,FF520099,000003D5,FFA20000,00010003,001C010C,3C004E20,2801FB4F,D0FED816,00000020,00000571
1394,101367700,FF57009F,000003D5,FFA40000,00010003,001C00F2,3C004E20,2801FB4F,D0FEF816,00000020,00000572
1395,108970300,FF5900A2,000003D5,FFA70000,00010003,001C00D8,3C004E20,2801FB4F,D0FF2016,00000020,00000573
1396,105635900,FF6200A5,000003D5,FFAA0000,00010003,001C00BF,3C004E20,2801FB4F,D0FF4016,00000020,00000574
1397,110271300,FF5F00A8,000003D5,FFAD0000,00010003,001C00A7,3C004E20,2801FB4F,D0FF6016,00000020,00000575
1398,103481500,FF6700AA,000003D5,FFB00000,00010003,001C008F,3C004E20,2801FB4F,D0FF9016,00000020,00000576
1399,107817500,FF6800AA,000003D5,FFB30000,00010003,001D0079,3C004E20,2801FB4F,D0FFB816,00000020,00000577
1400,101182700,FF6F00AD,000003D5,FFB70000,00010003,001D0064,3C004E20,2801FB4F,D0FFE816,00000020,00000578
1401,107771800,FF7500AE,000003D5,FFBA0000,00010003,001D004F,3C004E20,2801FB4F,D0FFF816,00000020,00000579
1402,107095900,FF7600B0,000003D5,FFBE0000,00010003,001D003C,3C004E20,2801FB4F,D0FFF816,00000020,0000057A
1403,108804000,FF7E00B0,000003D5,FFC10000,00010003,001D0029,3C004E20,2801FB4F,D0FFF816,00000020,0000057B
1404,100764900,FF8500AE,000003D5,FFC40000,00010002,001D0018,3C004E20,2801FB4F,D0FFF816,00000020,0000057C
1405,104453200,FF8500B4,000003D5,FFC80000,00010002,001D0007,3C004E20,2801FB4F,D0FFF816,00000020,0000057D
1406,118054900,FF9000B0,000003D5,FFCB0000,00010002,001DFFF8,3C004E20,2801FB4F,D0FFF816,00000020,0000057E
1407,118141700,FF9200B6,000003D5,FFCF0000,00010002,001EFFEA,3C004E20,2801FB4F,D0FFF816,00000020,0000057F
1408,113893200,FF9900B4,000003D5,FFD20000,00010002,001EFFDC,3C004E20,2801FB4F,D0FFF816,00000020,00000580
1409,111501300,FF9B00B5,000003D5,FFD50000,00010002,001EFFD0,3C004E20,2801FB4F,D0FFF816,00000020,00000581
1410,106318100,FFA600B7,000003D5,FFD90000,00010002,001EFFC4,3C004E20,2801FAA5,D0FFF816,00000020,00000582
1411,123859100,FFA800B6,000003D5,FFDB0000,00010002,001EFFB9,3C004E20,2801FAA5,D0FFF816,00000020,00000583
1412,112150200,FFB000B8,000003D5,FFDE0000,00010002,001EFFAF,3C004E20,2801FAA5,E007F816,00000020,00000584
1413,114934200,FFBF00B8,000103D5,FFE90000,00010002,001EFFA8,3C004E20,2801FAA5,E007F816,00000020,00000585
1414,104026200,FFCB00BA,000103D5,FFF20000,00010001,001FFFA3,3C004E20,2801FAA5,E007F816,00000020,00000586
1415,123100200,FFD300B9,000103D5,FFF80000,00010001,001FFFA0,3C004E20,2801FAA5,E007F816,00000020,00000587
1416,97466100,FFD300BD,000003D5,FFFC0000,00010001,001FFF9E,3C004E20,2801FAA5,E007F816,00000020,00000588
1417,115535900,FFDD00BC,000003D5,FFFF0000,00010001,001FFF9D,3C004E20,2801FAA5,E007F816,00000020,00000589
1418,101575700,FFE700BE,000003D5,00000000,00010001,001FFF9D,3C004E20,2801FAA5,E007F816,00000020,0000058A
1419,102421600,FFE700BC,000003D5,00020000,00010001,001FFF9D,3C004E20,2801FAA5,E007F816,00000020,0000058B
1420,109143200,FFF100C0,000003D5,00020000,00010001,0020FF9E,3C004E20,2801FAA5,E007F816,00000020,0000058C
1421,101119800,FFF700BF,000003D5,00020000,00010000,0020FF9F,3C004E20,2801FAA5,E007F816,00000020,0000058D
1422,100236600,FFF300BF,000003D5,00020000,00010000,0020FF9F,3C004E20,2801FAA5,E007F816,00000020,0000058E
1423,107678800,FFFD00C2,000003D5,00020000,00010000,0020FFA0,3C004E20,2801FAA5,E007F816,00000020,0000058F
1424,110021700,FFFB00C2,000003D5,00020000,00010000,0020FFA0,3C004E20,2801FAA5,E007F816,00000020,00000590
1425,93948600,FFFD00C1,000003D5,00010000,00010000,0020FFA1,3C004E20,2801FAA5,E007F816,00000020,00000591
1426,95250800,FFFF00C4,000003D5,00010000,00010000,0020FFA1,3C004E20,2801FAA5,E007F816,00000020,00000592
1427,115817400,000100C6,000003D5,00010000,00010000,0021FFA1,3C004E20,2801FAA5,E007F816,00000020,00000593
1428,104976100,FFFB00C4,000003D5,00010000,00010000,0021FFA2,3C004E20,2801FAA5,E007F816,00000020,00000594
1429,114147100,000500C7,000003D5,00010000,00010000,0021FFA2,3C004E20,2801FAA5,E007F816,00000020,00000595
1430,109034200,000100C7,000003D5,00000000,00010000,0021FFA2,3C004E20,2801FAA5,E007F816,00000020,00000596
1431,105168700,FFFB00C8,000003D5,00000000,00010000,0021FFA2,3C004E20,2801FAA5,E007F816,00000020,00000597
1432,106819700,000500C9,000003D5,00000000,00010000,0021FFA2,3C004E20,2801FAA5,E007F816,00000020,00000598
1433,107489300,FFFF00CA,000003D5,00000000,00010000,0022FFA2,3C004E20,2801FAA5,E007F816,00000020,00000599
1434,104464300,FFFF00CB,000003D5,00000000,00010000,0022FFA2,3C004E20,2801FAA5,E007F816,00000020,0000059A
1435,106103100,000300CB,000003D5,00000000,00010000,0022FFA2,3C004E20,2801FAA5,E007F816,00000020,0000059B
1436,113447000,FFFD00CD,000003D5,00000000,00010000,0022FFA2,3C004E20,2801FAA5,E007F816,00000020,0000059C
1437,110836200,000100CD,000003D5,00000000,00010000,0022FFA2,3C004E20,2801FAA5,E007F816,00000020,0000059D
1438,103271000,000100CE,000003D5,00000000,00010000,0022FFA2,3C004E20,2BFDFAA5,E007F816,00000020,0000059E
1439,108799200,FFFB00D1,000003D5,00000000,00010000,0022FFA2,3C004E20,2BFDFAA5,E007F816,00000020,0000059F
1440,93768800,000500CF,000003D5,00000000,00010000,0023FFA2,3C004E20,2BFDF371,E007F816,00000020,000005A0
1441,114378800,FFFD00D2,000003D5,00000000,00010000,0023FFA2,3C004E20,2BFDF371,E007F816,00000020,000005A1
1442,105521700,000100D1,000003D5,00000000,00010000,0023FFA2,3C004E20,2BFDF371,E007F816,00000020,000005A2
1443,115730400,FFFD00D4,000003D5,00000000,00010000,0023FFA2,3C004E20,2BFDF371,E007F816,00000020,000005A3
1444,109136500,000100D2,000003D5,00000000,00010000,0023FFA2,3C004E20,2BFDF371,E007F816,00000020,000005A4
1445,114502000,000400D8,000003D5,00000000,00010000,0023FFA2,3C004E20,2BFDF371,E007F816,00000020,000005A5
1446,109681400,FFFB00D3,000003D5,00000000,00010000,0024FFA2,3C004E20,2BFDF371,E007F816,00000020,000005A6
1447,115593300,000400D8,000003D5,00000000,00010000,0024FFA2,3C004E20,2BFDF371,E007F816,00000020,000005A7
1448,107484800,FFFC00D9,000003D5,00000000,00010000,0024FFA2,3C004E20,2BFDF371,E007F816,00000020,000005A8
1449,124993200,000400D7,000003D5,00000000,00010000,0024FFA2,3C004E20,2BFDF371,E007F816,00000020,000005A9
1450,111555500,FFFE00DA,000003D5,00000000,00010000,0024FFA2,3C004E20,2BFDF371,E007F816,00000020,000005AA
1451,100420100,000200DB,000003D5,00000000,00010000,0024FFA2,3C004E20,2BFDF371,E007F816,00000020,000005AB
1452,104024900,000000DC,000003D5,00000000,00010000,0025FFA2,3C004E20,2BFDF371,E007F816,00000020,000005AC
1453,98145100,000200DC,000003D5,00000000,00010000,0025FFA2,3C004E20,2BFDF371,E007F816,00000020,000005AD
1454,115999400,FFFE00DE,000003D5,00000000,00010000,0025FFA2,3C004E20,2BFDF371,E007F816,00000020,000005AE
1455,103803200,000000DF,000003D5,00000000,00010000,0025FFA2,3C004E20,2BFDF371,E007F816,00000020,000005AF
1456,101592100,000200DE,000003D5,00000000,00010000,0025FFA2,3C004E20,2BFDF371,E007F816,00000020,000005B0
1457,96897500,000000E2,000003D5,00000000,00010000,0026FFA2,3C004E20,2BFDF371,E007F816,00000020,000005B1
1458,97679700,000000E1,000003D5,00000000,00010000,0026FFA2,3C004E20,2BFDF371,E007F816,00000020,000005B2
1459,100249200,FFFE00E2,000003D5,00000000,00010000,0026FFA2,3C004E20,2BFDF371,E007F816,00000020,000005B3
1460,103047800,000400E3,000003D5,00000000,00010000,0026FFA2,3C004E20,2BFDF371,E007F816,00000020,000005B4
1461,105483600,FFFE00E2,000003D5,00000000,00010000,0026FFA2,3C004E20,2BFDF371,E007F816,00000020,000005B5
1462,101684300,000200E5,000003D5,00000000,00010000,0026FFA2,3C004E20,2BFDF371,E007F816,00000020,000005B6
1463,97140000,FFFE00E2,000003D5,00000000,00010000,0027FFA2,3C004E20,2BFDF371,E007F816,00000020,000005B7
1464,102191500,000400E4,000003D5,00000000,00010000,0027FFA2,3C004E20,2BFDF371,E007F816,00000020,000005B8
1465,96828900,FFFC00E4,000003D5,00000000,00010000,0027FFA2,3C004E20,2BFDF371,E007F816,00000020,000005B9
1466,96349000,000400E3,000003D5,00000000,00010000,0027FFA2,3C004E20,2BFDF371,E007F816,00000020,000005BA
1467,108126800,FFFC00E5,000003D5,00000000,00010000,0027FFA2,3C004E20,2BFDF371,E007F816,00000020,000005BB
1468,106993400,000400E3,000003D5,00000000,00010000,0027FFA2,3C004E20,2BFDF371,E007F816,00000020,000005BC
1469,106890700,FFFC00E4,000003D5,00000000,00010000,0028FFA2,3C004E20,2BFDF371,E007F816,00000020,000005BD
1470,122617800,000600E4,000003D5,00000000,00010000,0028FFA2,3C004E20,2BFDE5FD,E007F816,00000020,000005BE
1471,132109800,FFFC00E4,000003D5,00000000,00010000,0028FFA2,3C004E20,2BFDE5FD,E007F816,00000020,000005BF
1472,123511200,000200E3,000003D5,00000000,00010000,0028FFA2,3C004E20,2BFDE5FD,E007F816,00000020,000005C0
1473,131905300,000000E6,000003D5,00000000,00010000,0028FFA2,3C004E20,2BFDE5FD,E007F816,00000020,000005C1
1474,113251300,000000E3,000003D5,00000000,00010000,0029FFA2,3C004E20,2BFDE5FD,E007F816,00000020,000005C2
1475,125474400,000000E5,000003D5,00000000,00010000,0029FFA2,3C004E20,2BFDE5FD,E007F816,00000020,000005C3
1476,127907000,000000E3,000003D5,00000000,00010000,0029FFA2,3C004E20,2BFDE5FD,E007F816,00000020,000005C4
1477,123476400,000000E5,000003D5,00000000,00010000,0029FFA2,3C004E20,2BFDE5FD,E007F816,00000020,000005C5
1478,118291500,000200E5,000003D5,00000000,00010000,0029FFA2,3C004E20,2BFDE5FD,E007F816,00000020,000005C6
1479,114532800,000000E3,000003D5,00000000,00010000,0029FFA2,3C004E20,2BFDE5FD,E007F816,00000020,000005C7
1480,115532900,FFFE00E4,000003D5,00000000,00010000,002AFFA2,3C004E20,2BFDE5FD,E007F816,00000020,000005C8
1481,129023300,000400E6,000003D5,00000000,00010000,002AFFA2,3C004E20,2BFDE5FD,E007F816,00000020,000005C9
1482,106364500,FFFC00E3,000003D5,00000000,00010000,002AFFA2,3C004E20,2BFDE5FD,E007F816,00000020,000005CA
1483,111656200,000400E5,000003D5,00000000,00010000,002AFFA2,3C004E20,2BFDE5FD,E007F816,00000020,000005CB
1484,106948800,FFFE00E4,000003D5,00000000,00010000,002AFFA2,3C004E20,2BFDE5FD,E007F816,00000020,000005CC
1485,113341600,000200E5,000003D5,00000000,00010000,002BFFA2,3C004E20,2BFDE5FD,E007F816,00000020,000005CD
1486,104428500,FFFE00E4,000003D5,00000000,00010000,002BFFA2,3C004E20,2BFDE5FD,E007F816,00000020,000005CE
1487,105583400,000200E5,000003D5,00000000,00020000,002BFFA2,3C004E20,2BFDE5FD,E007F816,00000020,000005CF
1488,106487700,FFFE00E5,000003D5,00000000,00020000,002BFFA2,3C004E20,2BFDE5FD,E007F816,00000020,000005D0
1489,109927600,000400DF,000003D5,00000000,00020000,002BFFA2,3C004E20,2BFDE5FD,E007F816,00000020,000005D1
1490,100288000,FFFB00AC,000003D5,00000000,00010000,002BFFA2,3C004E20,2BFDE5FD,E007F816,00000020,000005D2
1491,110568500,00010048,000003D5,00000001,00010000,002BFFA2,3C004E20,2BFDE5FD,E007F816,00000020,000005D3
1492,97201200,0000FFEC,000003D5,00000001,00010000,002BFFA2,3C004E20,2801E5FD,E007F816,00000020,000005D4
1493,101971300,FFFFFFB7,000003D5,00000001,00010000,002BFFA2,3C004E20,2801E5FD,E007F816,00000020,000005D5
1494,101757100,0008FF99,000003D5,00000001,00000000,002BFFA2,3C004E20,2801E5FD,E007F816,00000020,000005D6
1495,103337500,FFFCFF89,000003D5,00000001,00000000,002BFFA2,3C004E20,2801E5FD,E007F816,00000020,000005D7
1496,93952600,FFFEFF7D,000003D5,00000001,00000000,002BFFA2,3C004E20,2801E5FD,E007F816,00000020,000005D8
1497,102874800,FFFEFF77,000003D5,00000001,00000000,002BFFA2,3C004E20,2801E5FD,E007F816,00000020,000005D9
1498,106491000,0006FF77,000003D5,00000000,00000000,002BFFA2,3C004E20,2801E5FD,E007F816,00000020,000005DA
1499,100082800,FFFEFF72,000003D5,00000000,FFFF0000,002BFFA2,3C004E20,2801E5FD,E007F816,00000020,000005DB
1500,116009700,FFFEFF73,000003D5,00000000,FFFF0000,002BFFA2,3C004E20,2801D183,E007F816,00000020,000005DC
1501,102380900,0006FF72,000003D5,00000000,FFFF0000,002AFFA2,3C004E20,2801D183,E007F816,00000020,000005DD
1502,106380600,FFFDFF57,000003D5,00000000,FFFF0000,002AFFA2,3C004E20,2801D183,E007F816,00000020,000005DE
1503,105945500,FFFEFF09,000003D5,00000001,FFFF0000,002AFFA2,3C004E20,2801D183,E007F816,00000020,000005DF
1504,107057600,0002FEFD,000003D5,00000000,FFFF0000,002AFFA2,3C004E20,2801D183,E007F816,00000020,000005E0
1505,104402200,0000FF02,000003D5,00000000,FFFF0000,002AFFA2,3C004E20,2801D183,E007F816,00000020,000005E1
1506,101175800,FFFEFEFF,000003D5,00000000,FFFF0000,0029FFA2,3C004E20,2801D183,E007F816,00000020,000005E2
1507,98180800,0004FF00,000003D5,00000000,FFFF0000,0029FFA2,3C004E20,2801D183,E007F816,00000020,000005E3
1508,100219300,FFFEFF02,000003D5,00000000,FFFF0000,0029FFA2,3C004E20,2801D183,E007F816,00000020,000005E4
1509,109584400,0002FEFF,000003D5,00000000,FFFF0000,0029FFA2,3C004E20,2801D183,E007F816,00000020,000005E5
1510,107389400,FFFCFF05,000003D5,00000000,FFFF0000,0029FFA2,3C004E20,2801D183,E0FFF816,00000020,000005E6
1511,114561900,FFF8FF02,000003D5,FFF90000,FFFF0000,FF28FFA1,3C004E20,2801D183,E0FFF816,00000020,000005E7
1512,111682600,FFECFF02,000003D5,FFF10000,FFFF0000,0028FF9D,3C004E20,2801D183,E0FFF816,00000020,000005E8
1513,108623600,FFE9FF06,000003D5,FFEA0000,FFFF0000,0028FF98,3C004E20,2801D183,E0FFF816,00000020,000005E9
1514,107383700,FFDDFF03,000003D5,FFE30000,FFFF0000,0028FF90,3C004E20,2801D183,E0FFF816,00000020,000005EA
1515,111066900,FFD5FF07,000003D5,FFDD0000,FFFF0001,0028FF87,3C004E20,2801D183,E0FFF816,00000020,000005EB
1516,104053800,FFCDFF2B,FFFF03D5,FFD70000,FFFF0001,0028FF7C,3C004E20,2801D183,E0FFF816,00000020,000005EC
1517,97219000,FFBCFF78,FFFF03D5,FFD10000,FFFF0001,0027FF6F,3C004E20,2801D183,E0FFF816,00000020,000005ED
1518,106074500,FFB3FF5E,FFFF03D5,FFCC0000,FFFF0001,0027FF61,3C004E20,2801D183,E0FFE816,00000020,000005EE
1519,123057000,FFA2FF11,FFFF03D5,FFC70000,FFFF0001,0027FF51,3C004E20,2801D183,E0FFA016,00000020,000005EF
1520,101760300,FF9DFF09,FFFF03D5,FFC20000,FFFF0001,0027FF40,3C004E20,2801D183,E0FF6016,00000020,000005F0
1521,118850100,FF8CFEEE,FFFF03D5,FFBE0001,FFFF0002,0027FF2D,3C004E20,2801D183,E0FF2016,00000020,000005F1
1522,98237200,FF87FE8A,FFFF03D5,FFB90001,FFFF0002,0026FF19,3C004E20,2801D183,E0FEE816,00000020,000005F2
1523,108242000,FF74FE7A,FFFF03D5,FFB50001,FFFE0002,0026FF04,3C004E20,2801D183,E0FEB816,00000020,000005F3
1524,99008500,FF69FE7B,FFFF03D5,FFB00001,FFFE0002,0026FEEE,3C004E20,2801D183,E0FE8816,00000020,000005F4
1525,107371700,FF5FFE7B,FFFF03D5,FFAC0000,FFFE0002,0025FED6,3C004E20,2801D183,E0FE5816,00000020,000005F5
1526,101181600,FF53FE7B,FFFF03D5,FFA80000,FFFE0003,0025FEBE,3C004E20,2801D183,E0FE3016,00000020,000005F6
1527,107458400,FF48FE7C,FFFF03D5,FFA30000,FFFE0003,0025FEA3,3C004E20,2801D183,E0FE0816,00000020,000005F7
1528,102935000,FF3AFE7E,FFFF03D5,FF9E0000,FFFE0003,0024FE88,3C004E20,2801D183,E0FDE816,00000020,000005F8
1529,103320600,FF36FE7E,FFFF03D5,FF9A0000,FFFE0003,0024FE6B,3C004E20,2801D183,E0FDC816,00000020,000005F9
1530,99385200,FF25FE61,FFFF03D5,FF950000,FFFE0003,0024FE4D,3C004E20,2801B8B5,E0FDA816,00000020,000005FA
1531,105107600,FF1FFE00,FFFF03D5,FF900001,FFFE0004,0023FE2E,3C004E20,2801B8B5,E0FD8816,00000020,000005FB
1532,112512400,FF15FDF1,FFFF03D5,FF8C0001,FFFE0004,0023FE0D,3C004E20,2801B8B5,E0FD6816,00000020,000005FC
1533,97284700,FF0BFDEE,FFFF03D5,FF870001,FFFD0004,0023FDEB,3C004E20,2801B8B5,E0FD5016,00000020,000005FD
1534,106422100,FEFCFDF3,FFFF03D4,FF820000,FFFD0004,0022FDC7,3C004E20,2801B8B5,E0FD3816,00000020,000005FE
1535,105967900,FEF6FDF1,FFFF03D4,FF7C0000,FFFD0004,0022FDA2,3C004E20,2801B8B5,E0FD1816,00000020,000005FF
1536,105588000,FEE7FDF4,FFFF03D4,FF770000,FFFD0005,0021FD7B,3C004E20,2801B8B5,E0FD0816,00000020,00000600
1537,98402400,FEE3FDF5,FFFF03D4,FF730000,FFFD0005,0021FD53,3C004E20,2801B8B5,E0FCF816,00000020,00000601
1538,109684800,FED7FDF5,FFFF03D4,FF6E0000,FFFD0005,0021FD2A,3C004E20,2801B8B5,E0FCE816,00000020,00000602
1539,110715500,FED1FDF6,000003D4,FF6A0000,FFFD0005,0020FCFF,3C004E20,2801B8B5,E0FCD816,00000020,00000603
1540,109885400,FEC2FDF8,000003D4,FF650000,FFFD0005,0020FCD3,3C004E20,2801B8B5,E0FCC816,00000020,00000604
1541,104769800,FEBFFE25,FFFF03D4,FF610000,FFFD0005,001FFCA6,3C004E20,2801B8B5,E0FCC016,00000020,00000605
1542,104741700,FEB4FE87,000003D4,FF5D0000,FFFD0006,001FFC78,3C004E20,2801B8B5,E0FCB816,00000020,00000606
1543,120315600,FEADFE8D,000003D4,FF5A0000,FFFD0006,001FFC49,3C004E20,2801B8B5,E0FCB016,00000020,00000607
1544,112541600,FEACFE8E,000003D5,FF570000,FFFE0006,001EFC19,3C004E20,2801B8B5,E0FCA816,00000020,00000608
1545,111560000,FEACFE8F,000003D5,FF540000,FFFE0006,001EFBE8,3C004E20,2801B8B5,E0FCA016,00000020,00000609
1546,111855700,FEA7FE91,000003D5,FF520000,FFFE0006,001EFBB6,3C004E20,2801B8B5,D0FCA016,00000020,0000060A
1547,108119500,FEA1FE92,000003D5,FF500000,FFFE0006,001EFB84,3C004E20,2801B8B5,D0FCA016,00000020,0000060B
1548,106936900,FEA4FE93,000003D5,FF4F0000,FFFE0006,001DFB51,3C004E20,2801B8B5,D0FCA016,00000020,0000060C
1549,112037300,FE9EFE94,000003D5,FF4E0000,FFFE0006,001DFB1F,3C004E20,2801B8B5,D0FCA016,00000020,0000060D
1550,116855300,FEA2FE95,000003D5,FF4D0000,FFFE0006,001DFAEB,3C004E20,2801B8B5,D0FCA016,00000020,0000060E
1551,114852900,FEA1FE96,000003D4,FF4C0000,FFFE0006,001CFAB8,3C004E20,2801B8B5,D0FCA016,00000020,0000060F
1552,122023800,FE9DFE98,000003D4,FF4C0000,FFFE0006,001CFA85,3C004E20,2801B8B5,D0FCA016,00000020,00000610
1553,116801100,FEA5FE97,000003D5,FF4D0000,FFFE0006,001CFA51,3C004E20,2801B8B5,D0FCA816,00000020,00000611
1554,112727000,FEAAFE98,000003D4,FF4D0000,FFFE0006,001CFA1E,3C004E20,2801B8B5,D0FCB016,00000020,00000612
1555,133575500,FEA5FE9C,000003D4,FF4E0000,FFFE0006,001BF9EB,3C004E20,2801B8B5,D0FCB816,00000020,00000613
1556,120713000,FEABFE9C,000003D5,FF500000,FFFE0006,001BF9B8,3C004E20,2801B8B5,D0FCC016,00000020,00000614
1557,148786300,FEAFFECD,000003D4,FF510000,FFFE0006,001BF986,3C004E20,2801B8B5,D0FCC816,00000020,00000615
1558,119144000,FEB4FF2B,000003D4,FF530000,FFFE0006,001BF954,3C004E20,2801B8B5,D0FCD816,00000020,00000616
1559,117665700,FEBDFF30,000003D5,FF560000,FFFE0006,001AF923,3C004E20,2801B8B5,D0FCE816,00000020,00000617
1560,135182400,FEC1FF31,000003D5,FF590000,FFFE0006,001AF8F3,3C004E20,280198F1,D0FD0016,00000020,00000618
1561,112190300,FECBFF35,000003D5,FF5D0000,FFFF0006,001AF8C4,3C004E20,280198F1,D0FD1016,00000020,00000619
1562,111308300,FED6FF33,000103D5,FF610000,FFFF0006,001AF896,3C004E20,280198F1,D0FD2816,00000020,0000061A
1563,118628300,FEDFFF35,000103D5,FF660000,FFFF0006,001AF869,3C004E20,280198F1,D0FD4816,00000020,0000061B
1564,124116100,FEE4FF37,000103D5,FF6B0000,FFFF0005,001AF83E,3C004E20,280198F1,D0FD6016,00000020,0000061C
1565,118495700,FEF1FF37,000103D5,FF700000,FFFF0005,0019F814,3C004E20,280198F1,D0FD8016,00000020,0000061D
1566,124648100,FEFBFF63,000103D5,FF750000,FFFF0005,0019F7EC,3C004E20,280198F1,D0FDA016,00000020,0000061E
1567,127466400,FF00FFAD,000103D5,FF7B0000,FFFF0005,0019F7C5,3C004E20,280198F1,D0FDC016,00000020,0000061F
1568,110932500,FF12FFAC,000103D5,FF810000,FFFF0005,0019F7A0,3C004E20,280198F1,D0FDF016,00000020,00000620
1569,124939900,FF1BFFB0,000103D5,FF870000,FFFF0005,0019F77D,3C004E20,280198F1,D0FE1816,00000020,00000621
1570,124910700,FF24FFBE,000103D5,FF8D0000,FFFF0004,0019F75B,3C004E20,280198F1,D0FE4816,00000020,00000622
1571,122902600,FF33FFDD,000103D5,FF930000,00000004,0019F73B,3C004E20,280198F1,D0FE8016,00000020,00000623
1572,111855500,FF3B0007,000103D5,FF990000,00000004,0019F71D,3C004E20,280198F1,D0FEB816,00000020,00000624
1573,121863400,FF48002D,000103D5,FF9FFFFF,00000004,0019F700,3C004E20,280198F1,D0FEF816,00000020,00000625
1574,121878000,FF53004B,000103D5,FFA5FFFF,00000004,0019F6E6,3C004E20,280198F1,D0FF4016,00000020,00000626
1575,125081300,FF5D0060,000103D5,FFABFFFF,00000003,0019F6CD,3C004E20,280198F1,D0FF8816,00000020,00000627
1576,118005100,FF690071,000103D5,FFB10000,00000003,0019F6B6,3C004E20,280198F1,D0FFD016,00000020,00000628
1577,126222300,FF71007C,000103D5,FFB60000,00000003,001AF6A0,3C004E20,280198F1,D0FFF816,00000020,00000629
1578,132920200,FF7C0085,000103D5,FFBC0000,00010003,001AF68C,3C004E20,280198F1,D0FFF816,00000020,0000062A
1579,129301700,FF81008E,000103D5,FFC10000,00010003,001AF679,3C004E20,280198F1,D0FFF816,00000020,0000062B
1580,133609400,FF8B0092,000103D5,FFC60000,00010002,001AF668,3C004E20,280198F1,D0FFF816,00000020,0000062C
1581,136413900,FF940095,000103D5,FFCA0000,00010002,001AF658,3C004E20,280198F1,D0FFF816,00000020,0000062D
1582,129673600,FF9A0098,000003D5,FFCE0000,00010002,001AF649,3C004E20,280198F1,D0FFF816,00000020,0000062E
1583,147797900,FFA2009C,000003D5,FFD10000,00010002,001AF63B,3C004E20,280198F1,D0FFF816,00000020,0000062F
1584,146789100,FFA8009D,000003D5,FFD40000,00010002,001AF62F,3C004E20,280198F1,D0FFF816,00000020,00000630
1585,127763900,FFAA009F,000003D5,FFD70000,00010002,001AF623,3C004E20,280198F1,D0FFF816,00000020,00000631
1586,159396700,FFB3009F,000003D5,FFD90000,00010002,001BF617,3C004E20,280198F1,D0FFF816,00000020,00000632
1587,162072600,FFB300A2,000003D5,FFDB0000,00010002,001BF60D,3C004E20,280198F1,D0FFF816,00000020,00000633
1588,148613000,FFB800A4,000003D5,FFDD0000,00010001,001BF602,3C004E20,280198F1,D0FFF816,00000020,00000634
1589,172933400,FFBB00A2,000003D5,FFDE0000,00010001,001BF5F8,3C004E20,280198F1,D0FFF816,00000020,00000635
1590,174876500,FFBF00A4,000003D5,FFDE0000,00010001,001BF5EF,3C004E20,28016EE8,D0FFF816,00000020,00000636
1591,154214000,FFBF00A5,000003D5,FFDF0000,00010001,001BF5E5,3C004E20,28016EE8,D0FFF816,00000020,00000637
1592,130424600,FFC100A7,000003D5,FFDF0000,00010001,001BF5DC,3C004E20,28016EE8,D0FFF816,00000020,00000638
1593,121673400,FFC100A6,000003D5,FFDF0000,00010001,001BF5D2,3C004E20,28016EE8,D0FFF816,00000020,00000639
1594,133792400,FFC400A7,000003D5,FFDE0000,00010001,001CF5C9,3C004E20,28016EE8,D0FFF816,00000020,0000063A
1595,108910600,FFC100A9,000003D5,FFDE0000,00010001,001CF5BF,3C004E20,28016EE8,D0FFF816,00000020,0000063B
1596,105354900,FFC200A9,000003D5,FFDD0000,00010001,001CF5B5,3C004E20,28016EE8,D0FFF816,00000020,0000063C
1597,132573200,FFC200AB,000003D5,FFDC0000,00010001,001CF5AB,3C004E20,28016EE8,D0FFF816,00000020,0000063D
1598,138587400,FFBF00AB,000003D5,FFDB0000,00010001,001CF5A0,3C004E20,28016EE8,D0FFF816,00000020,0000063E
1599,105460100,FFBD00AB,000003D5,FFD90000,00010001,001CF595,3C004E20,28016EE8,D0FFF816,00000020,0000063F
1600,120174900,FFBE00AC,000003D5,FFD80000,00010001,001CF58A,3C004E20,28016EE8,D0FFF816,00000020,00000640
1601,131017000,FFB700AF,000003D5,FFD60000,00010001,001DF57E,3C004E20,28016EE8,D0FFF816,00000020,00000641
1602,130780400,FFBA00AC,000003D5,FFD50000,00010001,001DF572,3C004E20,28016EE8,D0FFF816,00000020,00000642
1603,128042000,FFB200B0,000003D5,FFD30000,00010001,001DF565,3C004E20,28016EE8,D0FFF816,00000020,00000643
1604,126271600,FFB400AF,000003D5,FFD10000,00010001,001DF558,3C004E20,28016EE8,D0FFF816,00000020,00000644
1605,127965500,FFAC00B2,000003D5,FFCF0000,00010001,001DF54A,3C004E20,28016EE8,D0FFF816,00000020,00000645
1606,123454400,FFAB00AF,000003D5,FFCD0000,00010001,001DF53C,3C004E20,28016EE8,D0FFF816,00000020,00000646
1607,126210000,FFA600B4,000003D5,FFCB0000,00010002,001DF52D,3C004E20,28016EE8,D0FFF816,00000020,00000647
1608,127177600,FFA400B2,000003D5,FFC90000,00010002,001DF51D,3C004E20,28016EE8,D0FFF816,00000020,00000648
1609,112188100,FFA100B3,000003D5,FFC70000,00010002,001EF50D,3C004E20,28016EE8,D0FFF816,00000020,00000649
1610,121931200,FF9B00B5,000003D5,FFC50000,00010002,001EF4FC,3C004E20,28016EE8,D0FFF816,00000020,0000064A
1611,130018100,FF9600B5,000003D5,FFC30000,00010002,001EF4EB,3C004E20,28016EE8,D0FFF816,00000020,0000064B
1612,113711400,FF9500B5,000003D5,FFC00000,00010002,001EF4D9,3C004E20,28016EE8,D0FFE816,00000020,0000064C
1613,112611200,FF8F00B6,000003D5,FFBE0000,00010002,001EF4C6,3C004E20,28016EE8,D0FFD016,00000020,0000064D
1614,123532300,FF8800B9,000003D5,FFBC0000,00010002,001EF4B3,3C004E20,28016EE8,E0FFA816,00000020,0000064E
1615,110265500,FF8900B7,000003D5,FFBA0000,00010002,001EF49F,3C004E20,28016EE8,E0FF8816,00000020,0000064F
1616,133443900,FF8200B8,000003D5,FFB80000,00010002,001FF48B,3C004E20,28016EE8,E0FF7816,00000020,00000650
1617,116227400,FF7D00BB,000003D5,FFB60000,00010002,001FF476,3C004E20,28016EE8,E0FF5816,00000020,00000651
1618,119854100,FF7900BB,000003D5,FFB40000,00010002,001FF461,3C004E20,28016EE8,E0FF4016,00000020,00000652
1619,133164700,FF7400BC,000003D5,FFB20000,00010002,001FF44A,3C004E20,28016EE8,E0FF2816,00000020,00000653
1620,128881200,FF7000BB,000003D5,FFB00000,00010002,001FF434,3C004E20,28014397,E0FF1016,00000020,00000654
1621,113550700,FF6D00B8,000003D5,FFAE0000,00010003,001FF41C,3C004E20,28014397,E0FEF816,00000020,00000655
1622,124281800,FF66008F,000003D5,FFAD0000,00010003,001FF405,3C004E20,28014397,E0FEE816,00000020,00000656
1623,128665600,FF60003C,000003D5,FFAB0001,00010003,001FF3EC,3C004E20,28014397,E0FED016,00000020,00000657
1624,132850200,FF5EFFF6,000003D5,FFAA0001,00010003,001FF3D4,3C004E20,28014397,E0FEC016,00000020,00000658
1625,114824900,FF58FFD0,000003D5,FFA90001,00000003,001FF3BB,3C004E20,28014397,E0FEA816,00000020,00000659
1626,115006500,FF54FFB9,000003D5,FFA70001,00000003,001FF3A2,3C004E20,28014397,E0FE9816,00000020,0000065A
1627,125290200,FF53FF8D,000003D5,FFA60001,00000003,001FF388,3C004E20,28014397,E0FE8016,00000020,0000065B
1628,126871200,FF4DFF39,000003D5,FFA40001,00000003,001FF36E,3C004E20,28014397,E0FE7016,00000020,0000065C
1629,128846900,FF4AFF2C,000003D5,FFA20001,FFFF0003,001FF353,3C004E20,28014397,E0FE6016,00000020,0000065D
1630,130579300,FF49FF28,000003D5,FFA00001,FFFF0003,001FF338,3C004E20,28014397,E0FE4816,00000020,0000065E
1631,121784500,FF47FF27,000003D5,FF9E0001,FFFF0003,001FF31C,3C004E20,28014397,E0FE3816,00000020,0000065F
1632,121333800,FF3AFF2B,000003D5,FF9C0000,FFFF0003,001EF300,3C004E20,28014397,E0FE3016,00000020,00000660
1633,142766000,FF3FFF26,000003D5,FF9A0000,FFFF0003,001EF2E3,3C004E20,28014397,E0FE2016,00000020,00000661
1634,155041300,FF3BFF27,000003D5,FF990000,FFFF0003,001EF2C6,3C004E20,28014397,D0FE1016,00000020,00000662
1635,145448600,FF33FF2A,000003D5,FF970000,FFFF0004,001EF2A8,3C004E20,28014397,D0FE0816,00000020,00000663
1636,128339500,FF37FF27,000003D5,FF950000,FFFF0004,001EF289,3C004E20,28014397,D0FDF816,00000020,00000664
1637,133828800,FF2FFF2A,000003D5,FF930000,FFFF0004,001DF26A,3C004E20,28014397,D0FDF016,00000020,00000665
1638,125967300,FF2FFF29,000003D5,FF920000,FFFF0004,001DF24B,3C004E20,28014397,D0FDE816,00000020,00000666
1639,129678100,FF2CFF2B,000003D5,FF910000,FFFF0004,001DF22B,3C004E20,28014397,D0FDE816,00000020,00000667
1640,126773800,FF29FF2B,000003D5,FF8F0000,FFFF0004,001DF20B,3C004E20,28014397,D0FDE016,00000020,00000668
1641,123661600,FF2AFF2B,000003D5,FF8E0000,FFFF0004,001DF1EA,3C004E20,28014397,D0FDD816,00000020,00000669
1642,154595500,FF27FF2C,000003D5,FF8D0000,FFFF0004,001DF1C9,3C004E20,28014397,D0FDD816,00000020,0000066A
1643,179613100,FF25FF2D,000003D5,FF8C0000,FFFF0004,001CF1A8,3C004E20,28014397,D0FDD016,00000020,0000066B
1644,191761000,FF26FF2C,000003D5,FF8B0000,FFFF0004,001CF187,3C004E20,28014397,D0FDD016,00000020,0000066C
1645,152232100,FF24FF2E,000003D5,FF8B0000,FFFF0004,001CF165,3C004E20,28014397,D0FDD016,00000020,0000066D
1646,178797900,FF23FF2F,000003D5,FF8A0000,FFFF0004,001CF144,3C004E20,28014397,D0FDD016,00000020,0000066E
1647,184347400,FF21FF31,000003D5,FF8A0000,FFFF0004,001CF122,3C004E20,28014397,D0FDD016,00000020,0000066F
1648,176088700,FF28FF2C,000003D5,FF8A0000,FFFF0004,001CF100,3C004E20,28014397,D0FDD816,00000020,00000670
1649,147786400,FF20FF5F,000003D5,FF8A0000,FFFF0004,001CF0DE,3C004E20,28014397,D0FDD816,00000020,00000671
1650,123249300,FF26FFA2,000003D5,FF8A0000,FFFF0004,001BF0BC,3C004E20,280110C8,D0FDE016,00000020,00000672
1651,143283400,FF26FFA6,000003D5,FF8A0000,FFFF0004,001BF09B,3C004E20,280110C8,D0FDE816,00000020,00000673
1652,150855300,FF25FFA8,000003D5,FF8B0000,FFFF0004,001BF079,3C004E20,280110C8,D0FDF016,00000020,00000674
1653,139870100,FF2DFFA4,000003D5,FF8C0000,FFFF0004,001BF058,3C004E20,280110C8,D0FDF816,00000020,00000675
1654,137647400,FF2AFFA9,000003D5,FF8D0000,FFFF0004,001BF037,3C004E20,280110C8,D0FE0816,00000020,00000676
1655,151377900,FF2CFFA9,000003D5,FF8E0000,FFFF0004,001BF016,3C004E20,280110C8,D0FE1016,00000020,00000677
1656,142331100,FF32FFA7,000003D5,FF8F0000,FFFF0004,001BEFF5,3C004E20,280110C8,D0FE1816,00000020,00000678
1657,148430800,FF35FFA7,000003D5,FF910000,00000004,001BEFD5,3C004E20,280110C8,D0FE2816,00000020,00000679
1658,154091400,FF34FFAB,000003D5,FF930000,00000004,001BEFB6,3C004E20,280110C8,D0FE3816,00000020,0000067A
1659,144777700,FF39FFAB,000003D5,FF940000,00000004,001BEF97,3C004E20,280110C8,D0FE4016,00000020,0000067B
1660,135674800,FF3CFFBA,000003D5,FF960000,00000004,001BEF78,3C004E20,280110C8,D0FE5016,00000020,0000067C
1661,123378600,FF3DFFDA,000003D5,FF970000,00000004,001BEF5A,3C004E20,280110C8,D0FE6016,00000020,0000067D
1662,140000700,FF45FFFF,000003D5,FF990000,00000004,001BEF3D,3C004E20,280110C8,D0FE7016,00000020,0000067E
1663,133567000,FF45002C,000003D5,FF9B0000,00000004,001BEF1F,3C004E20,280110C8,D0FE8016,00000020,0000067F
1664,117699900,FF4A004C,000003D5,FF9CFFFF,00000003,001BEF03,3C004E20,280110C8,D0FE9816,00000020,00000680
1665,114832100,FF4F0063,000003D5,FF9EFFFF,00000003,001BEEE6,3C004E20,280110C8,D0FEB016,00000020,00000681
1666,135542000,FF510075,000003D5,FFA00000,00000003,001BEECB,3C004E20,280110C8,D0FEC016,00000020,00000682
1667,123172200,FF560081,000003D5,FFA20000,00000003,001BEEAF,3C004E20,280110C8,D0FED016,00000020,00000683
1668,121898200,FF56008E,000003D5,FFA40000,00010003,001BEE95,3C004E20,280110C8,D0FEF016,00000020,00000684
1669,110408800,FF5C0093,000003D5,FFA60000,00010003,001BEE7A,3C004E20,280110C8,D0FF0016,00000020,00000685
1670,114479400,FF5D009A,000003D5,FFA80000,00010003,001CEE61,3C004E20,280110C8,D0FF1016,00000020,00000686
1671,116278400,FF62009C,000003D5,FFA90000,00010003,001CEE48,3C004E20,280110C8,D0FF2816,00000020,00000687
1672,110468000,FF6300A2,000003D5,FFAB0000,00010003,001CEE2F,3C004E20,280110C8,D0FF3816,00000020,00000688
1673,121225200,FF6600A3,000003D5,FFAD0000,00010003,001CEE18,3C004E20,280110C8,D0FF4816,00000020,00000689
1674,123490200,FF6900A6,000003D5,FFAF0000,00010003,001CEE00,3C004E20,280110C8,D0FF5816,00000020,0000068A
1675,113027300,FF6A00A8,000003D5,FFB00000,00010003,001CEDE9,3C004E20,280110C8,D0FF6816,00000020,0000068B
1676,122588600,FF6C00AA,000003D5,FFB20000,00010003,001CEDD2,3C004E20,280110C8,D0FF7016,00000020,0000068C
1677,125282100,FF6E00AC,000003D5,FFB30000,00010003,001CEDBC,3C004E20,280110C8,D0FF8016,00000020,0000068D
1678,118200800,FF7100AB,000003D5,FFB40000,00010003,001DEDA6,3C004E20,280110C8,D0FF8816,00000020,0000068E
1679,114089200,FF7300AC,000003D5,FFB50000,00010003,001DED91,3C004E20,280110C8,D0FF9016,00000020,0000068F
1680,115549000,FF7100AF,000003D5,FFB50000,00010003,001DED7B,3C004E20,2800E1E8,D0FF9016,00000020,00000690
