sample_seq,host_gap_ns,reg0,reg1,reg2,reg3,reg4,reg5,reg6,reg7,reg8,reg9
1,0,00000000,000003D5,00000000,00000000,0000DD14,3CFF8281,2BFCE494,4007F816,00000008,00000001
2,35493200,F800F800,0000F800,00000000,00000000,0000DD14,3C0101E2,2BF8E494,4007F816,00000000,00000002
3,51700300,00000000,00000001,00000000,00000000,0000DD14,3C0181F2,2BF4E494,4007F816,00000000,00000003
4,73535800,00000000,00000001,00000000,00000000,0000DD14,3C0281B0,2BF0E494,4007F816,00000000,00000004
5,59317800,FFFF0047,000005F4,00000001,00000000,00FFDD14,3C0201A9,2BF8E494,5007F816,00000000,00000005
6,49698400,0000002F,000007FF,0000FFFF,00000000,0000DD14,3C0101A4,2BFCE494,4007F816,00000000,00000006
7,129431100,00040148,0000077A,FFF0FFFF,00000000,0000DD14,3C01817F,2BFCE494,4007F816,00000020,00000007
8,14141500,0003017F,000005EC,FFFAFFFF,00010000,0000DD12,3C028193,2800E494,4007F816,00000020,00000008
9,49856600,FFEB018F,000004DF,FFFAFFFE,00010000,0001DD16,3C038184,2800E494,4007F816,00000020,00000009
10,50005000,000D01A6,00000437,FFF6FFFF,00020000,0001DD15,3C0481C7,2800E494,4007F816,00000020,0000000A
11,49889400,FFF9019B,000003D7,0002FFFF,00020000,0001DD18,3C0601A2,2800E494,4007F816,00000020,0000000B
12,50166100,0003017C,000003A8,00040000,00020000,0002DD18,3C07019F,2800E494,4007F816,00000020,0000000C
13,50977600,00070182,00000397,FFF90000,00020000,0002DD19,3C080191,2800E494,4007F816,00000020,0000000D
14,50639300,000301A9,00000397,FFF30000,00020000,0002DD18,3C0981DC,2800E494,4007F816,00000020,0000000E
15,50410000,FFFE017B,000003A0,00040000,00020000,0002DD17,3C0A81B1,2800E494,4007F816,00000020,0000000F
16,49889700,000A0189,000003AB,FFF00000,00020000,0003DD15,3C0C0197,2800E494,5007F816,00000020,00000010
17,50464400,FFF80194,000003B7,00030000,00020000,0003DD14,3C0D01C9,2800E494,5007F816,00000020,00000011
18,51566800,FFFE0187,000003C1,FFF20000,00020000,0003DD12,3C0E81CB,2800E494,5007F816,00000020,00000012
19,50283000,00010196,000003C8,00040000,00020000,0004DD11,3C0F819E,2800E494,5007F816,00000020,00000013
20,51043000,FFFD018A,000003CE,FFF50000,00020000,0004DD0F,3C110197,2800E494,5007F816,00000020,00000014
21,51159100,FFFB0193,000003D1,00050000,00020000,0004DD0F,3C1201A8,2800E494,5007F816,00000020,00000015
22,50862100,00040188,000003D4,FFF80000,00020000,0005DD0E,3C13019E,2800E494,5007F816,00000020,00000016
23,51636100,FFF8018E,000003D5,00070000,00020000,0005DD0E,3C1481A2,2800E494,5007F816,00000020,00000017
24,47420700,00060181,000003D6,FFFA0000,00020000,0005DD0E,3C1581B2,2800E494,6007F816,00000020,00000018
25,50795900,FFF90187,000003D6,00040000,00020000,0006DD0E,3C1701D9,2800E494,6007F816,00000020,00000019
26,52872900,0004018E,000003D6,FFFE0000,00020000,0006DD0E,3C1801B0,2800E494,6007F816,00000020,0000001A
27,48933600,FFFD0194,000003D6,00010000,00020000,0006DD0E,3C190183,2800E494,6007F816,00000020,0000001B
28,49675300,0001019D,000003D5,00000000,00020000,0007DD0E,3C1A81EF,2800E494,6007F816,00000020,0000001C
29,50705300,FFFE01A7,000003D5,00000000,00020000,0007DD0E,3C1B819C,2800E494,6007F816,00000020,0000001D
30,168433600,000401B7,000003D5,00000000,00020000,0007DD0E,3C1D01B2,2801267A,6007F816,00000020,0000001E
31,15400600,FFFC01C6,000003DA,00000000,00030000,0008DD0E,3C1E81A6,2801267A,6007F816,00000020,0000001F
32,51828500,000501A6,000003D5,00000000,00030000,0008DD0E,3C2001F6,2801267A,7007F816,00000020,00000020
33,50629100,FFFF0076,000003D3,00000001,00020000,0008DD0E,3C20021F,2801267A,7007F816,00000020,00000021
34,50596500,FFFC011E,000003D3,00000000,00020000,0008DD0E,3C2101D2,2801267A,7007F816,00000020,00000022
35,50046400,0002022F,000003D3,0000FFFF,00020000,0009DD0E,3C22818C,2801267A,B007F816,00000020,00000023
36,49605100,000002B4,000003D4,0000FFFF,00030000,0009DD0E,3C2501E1,2801267A,9007F816,00000020,00000024
37,50522800,00010236,000003D5,00000000,00030000,000ADD0E,3C2681AB,2801267A,9007F816,00000020,00000025
38,51833800,0000022D,000003D5,0000FFFF,00030000,000ADD0E,3C2801B9,2801267A,9007F816,00000020,00000026
39,48580300,000201E3,000003D5,00010000,00030000,000ADD0E,3C298186,2801267A,9007F816,00000020,00000027
40,50432900,FFFB01F4,000003D5,FFFE0000,00030000,000BDD0E,3C2B0195,2801267A,9007F816,00000020,00000028
41,50735600,000301C1,000003D5,FFFF0000,00030000,000BDD0E,3C2C81BF,2801267A,9007F816,00000020,00000029
42,50643300,000001DD,000003D5,00030000,00030000,000CDD0E,3C2E018C,2801267A,9007F816,00000020,0000002A
43,49963600,000101B9,000003D5,00010000,00030000,000CDD0E,3C2F0198,2801267A,9007F816,00000020,0000002B
44,50285500,FFFE01D6,000003D5,FFFE0000,00030000,000CDD0E,3C308183,2801267A,9007F816,00000020,0000002C
45,50488900,000201B8,000003D5,FFFF0000,00030000,000DDD0E,3C3201B5,2801267A,9007F816,00000020,0000002D
46,50311100,000101D9,000003D5,00010000,00030000,000DDD0E,3C3301AE,2801267A,9007F816,00000020,0000002E
47,50511000,FFFF01C0,000003D5,00000000,00030000,000DDD0E,3C3501AB,2801267A,9007F816,00000020,0000002F
48,51574500,000101DF,000003D5,00000000,00030000,000EDD0E,3C360187,2801267A,9007F816,00000020,00000030
49,49218700,FFFF01CE,000003D5,00000000,00030000,000EDD0E,3C37819F,2801267A,9007F816,00000020,00000031
50,51761800,000301EC,000003D5,00000000,00030000,000EDD0E,3C3901AD,2801267A,9007F816,00000020,00000032
51,50031000,FFFD01DA,000003D5,00000000,00030000,000FDD0E,3C3A819E,2801267A,A007F816,00000020,00000033
52,50862200,000101FC,000003D5,00000000,00030000,000FDD0E,3C3C019D,2BFD267A,A007F816,00000020,00000034
53,50297300,FFFF01EB,000003D5,00000000,00030000,0010DD0E,3C3D81B7,2BFD267A,A007F816,00000020,00000035
54,50040100,FFFF020D,000003D5,00000000,00030000,0010DD0E,3C3F01AB,2BFD267A,A007F816,00000020,00000036
55,50045600,000201FF,000003D5,00000000,00030000,0010DD0E,3C4081D9,2BFD267A,A007F816,00000020,00000037
56,50175100,FFFE0213,000003D5,00000000,00030000,0011DD0E,3C4301F5,2BFD267A,A007F816,00000020,00000038
57,50394600,00000201,000003D5,00000000,00030000,0011DD0E,3C440205,2BFD267A,A007F816,00000020,00000039
58,51446800,00030217,000003D5,00000000,00030000,0012DD0E,3C46021D,2BFD267A,A007F816,00000020,0000003A
59,49652000,FFFD020A,000003D5,00000000,00030000,0012DD0E,3C4701AA,2BFD267A,A007F816,00000020,0000003B
60,50156900,00020214,000003D5,00000000,00030000,0012DD0E,3C488191,2BFD386D,A007F816,00000020,0000003C
61,49543500,FFFF020F,000003D5,00000000,00030000,0013DD0E,3C4A81E2,2BFD386D,A007F816,00000020,0000003D
62,49782000,FFFE0212,000003D5,00000000,00030000,0013DD0E,3C4C01A0,2BFD386D,A007F816,00000020,0000003E
63,49835200,00030212,000003D5,00000000,00030000,0014DD0E,3C4E01C7,2BFD386D,A007F816,00000020,0000003F
64,50396700,FFFF0215,000003D5,00000000,00030000,0014DD0E,3C4F01A0,2BFD386D,A007F816,00000020,00000040
65,49756100,FFFF0217,000003D5,00000000,00030000,0015DD0E,3C5081A8,2BFD386D,A007F816,00000020,00000041
66,51383600,00010218,000003D5,00000000,00030000,0015DD0E,3C53020B,2BFD386D,A007F816,00000020,00000042
67,49924100,0000021B,000003D5,00000000,00030000,0015DD0E,3C5381B9,2BFD386D,A007F816,00000020,00000043
68,52023700,FFFF021D,000003D5,00000000,00030000,0016DD0E,3C5601BE,2BFD386D,A007F816,00000020,00000044
69,50196000,0002021E,000003D5,00000000,00030000,0016DD0E,3C5781B5,2BFD386D,B007F816,00000020,00000045
70,50987400,FFFE021F,000003D5,00000000,00030000,0017DD0E,3C588259,2BFD386D,B007F816,00000020,00000046
71,49875500,0002021F,000003D5,00000000,00030000,0017DD0E,3C5A81A0,2BFD386D,B007F816,00000020,00000047
72,49482900,0000021F,000003D5,00000000,00030000,0017DD0E,3C5C01A6,2BFD386D,B007F816,00000020,00000048
73,49860600,FFFF0256,000003D4,00000000,00030000,0018DD0E,3C5E01A9,2BFD386D,F007F816,00000020,00000049
74,50111000,FFFF025C,000003D5,00000000,00030000,0018DD0E,3C6081CF,2BFD386D,E007F816,00000020,0000004A
75,51151700,0001020B,000003D5,00000000,00030000,0019DD0E,3C61819F,2BFD386D,E007F816,00000020,0000004B
76,49628500,000001D7,000003D5,00000000,00030000,0019DD0E,3C630197,2BFD386D,E007F816,00000020,0000004C
77,51206100,000101B3,000003D5,00000001,00030000,001ADD0E,3C658220,2BFD386D,E007F816,00000020,0000004D
78,52094700,FFFE019D,000003D5,00000001,00030000,001ADD0E,3C658192,2BFD386D,E007F816,00000020,0000004E
79,49768100,0002018D,000003D5,00000001,00030000,001ADD0E,3C6681A1,2BFD386D,E007F816,00000020,0000004F
80,49552200,FFFD0181,000003D5,00000000,00030000,001ADD0E,3C67819D,2BFD386D,E007F816,00000020,00000050
81,51985900,0003017D,000003D5,00000000,00030000,001BDD0E,3C6881AA,2BFD386D,E007F816,00000020,00000051
82,49737300,FFFC0176,000003D5,00000000,00020000,001BDD0E,3C6A81AC,2BFD386D,E007F816,00000020,00000052
83,50333800,00020176,000003D5,00000000,00020000,001BDD0E,3C6C01E1,2BFD386D,E007F816,00000020,00000053
84,51757100,FFFF0173,000003D5,00000000,00020000,001CDD0E,3C6C01A4,2BFD386D,E007F816,00000020,00000054
85,50455400,00000174,000003D5,00000000,00020000,001CDD0E,3C6D8195,2BFD386D,E007F816,00000020,00000055
86,49703300,00020172,000003D5,00000000,00020000,001CDD0E,3C6E8199,2BFD386D,E007F816,00000020,00000056
87,50385100,FFFD0175,000003D5,00000000,00020000,001CDD0E,3C7001C4,2BFD386D,E007F816,00000020,00000057
88,50401900,00040172,000003D5,00000000,00020000,001DDD0E,3C70818C,2BFD386D,E007F816,00000020,00000058
89,50696400,FFFD0173,000003D5,00000000,00020000,001DDD0E,3C7201C5,2BFD386D,E007F816,00000020,00000059
90,49907600,00040173,000003D5,00000000,00020000,001DDD0E,3C73019F,2BFD4A86,E007F816,00000020,0000005A
91,50079800,FFFD0174,000003D5,00000000,00020000,001EDD0E,3C74018B,2BFD4A86,E007F816,00000020,0000005B
92,50199900,00030175,000003D5,00000000,00020000,001EDD0E,3C7601C9,2BFD4A86,E007F816,00000020,0000005C
93,49583900,FFFD0175,000003D5,00000000,00020000,001EDD0E,3C7681BF,2BFD4A86,E007F816,00000020,0000005D
94,51076000,00010176,000003D5,00000000,00020000,001FDD0E,3C7781C1,2BFD4A86,E007F816,00000020,0000005E
95,49682600,FFFF0179,000003D5,00000000,00020000,001FDD0E,3C78819A,2BFD4A86,E007F816,00000020,0000005F
96,50373100,FFFF0177,000003D5,00000000,00020000,001FDD0E,3C7A01A6,2BFD4A86,E007F816,00000020,00000060
97,50032700,00010178,000003D5,00000000,00020000,001FDD0E,3C7B81BE,2BFD4A86,E007F816,00000020,00000061
98,50818800,FFFD017A,000003D5,00000000,00020000,0020DD0E,3C7C01D1,2BFD4A86,E007F816,00000020,00000062
99,50187100,00030177,000003D5,00000000,00020000,0020DD0E,3C7E01BC,2BFD4A86,F007F816,00000020,00000063
100,50648900,FFFC017B,000003D5,00000000,00020000,0020DD0E,3C7E018D,2BFD4A86,F007F816,00000020,00000064
101,50934000,0003017A,000003D5,00000000,00020000,0021DD0E,3C8001B8,2BFD4A86,F0FFC016,00000020,00000065
102,51032200,FFF20177,000003D5,FFF70000,00020000,FF21DD0C,3C8081DC,2BFD4A86,F0FFC016,00000020,00000066
103,49873400,FFEA0179,000003D5,FFEF0000,00020000,FF21DD08,3C8201DB,2BFD4A86,F0FFC016,00000020,00000067
104,51759700,FFE30177,000003D5,FFE70000,00020000,0021DD02,3C830190,2BFD4A86,F0FF9016,00000020,00000068
105,50925400,FFDD0170,000003D5,FFDF0000,00020000,0022DCF9,3C838190,2BFD4A86,F0FF9016,00000020,00000069
106,49423300,FFD40120,FFFF03D5,FFD90001,00020001,0022DCEF,3C8501AE,2BFD4A86,F0FF9016,00000020,0000006A
107,51957900,FFC70082,FFFF03D6,FFD30001,00020001,0022DCE2,3C8501A2,2BFD4A86,F0FF6016,00000020,0000006B
108,49638700,FFBAFFF9,FFFF03D5,FFCD0002,00010001,0022DCD4,3C8601B9,2BFD4A86,F0FF6016,00000020,0000006C
109,50315900,FFB4FFA8,FFFF03D5,FFC80002,00010001,0022DCC5,3C8581B4,28014A86,F0FF6016,00000020,0000006D
110,72832900,FFA4FF79,FFFF03D5,FFC30002,00010001,0022DCB4,3C84819B,28014A86,F0FF6016,00000020,0000006E
111,31998000,FF96FF5E,FFFF03D5,FFBE0001,00000001,0022DCA2,3C8581E3,28014A86,F0FF6016,00000020,0000006F
112,49449200,FF92FF4E,FFFF03D5,FFBA0001,00000002,0021DC8E,3C83819E,28014A86,F0FF2816,00000020,00000070
113,52286600,FF80FF46,FFFF03D5,FFB50001,00000002,0021DC79,3C8301A8,28014A86,F0FEF016,00000020,00000071
114,45919200,FF78FF24,FFFF03D5,FFB10001,FFFF0002,0021DC63,3C8301B9,28014A86,F0FEC016,00000020,00000072
115,52141200,FF71FED6,FFFF03D5,FFAC0001,FFFF0002,0021DC4B,3C8181A9,28014A86,F0FE9016,00000020,00000073
116,52102500,FF65FECD,FFFF03D5,FFA80001,FFFF0002,0021DC33,3C8101B6,28014A86,F0FE6816,00000020,00000074
117,50563100,FF58FECD,FFFF03D5,FFA30001,FFFF0003,0020DC19,3C7F81B8,28014A86,F0FE3816,00000020,00000075
118,50474400,FF50FECE,FFFF03D5,FF9F0000,FFFF0003,0020DBFD,3C7F01AF,28014A86,F0FE1816,00000020,00000076
119,50297200,FF46FECB,FFFF03D5,FF9A0000,FFFE0003,0020DBE0,3C7D819B,28014A86,F0FDF816,00000020,00000077
120,50551300,FF3DFECF,FFFF03D5,FF950000,FFFE0003,0020DBC2,3C7D01BB,28015C54,F0FDD816,00000020,00000078
121,49739800,FF30FECF,FFFF03D5,FF910000,FFFE0003,001FDBA3,3C7B8187,28015C54,F0FDB816,00000020,00000079
122,49926700,FF2DFECF,FFFF03D5,FF8C0000,FFFE0004,001FDB82,3C7A8199,28015C54,E0FDA016,00000020,0000007A
123,50010400,FF23FEB5,000003D5,FF880000,FFFE0004,001FDB60,3C7981D3,28015C54,E0FD8816,00000020,0000007B
124,50503200,FF1BFE56,000003D5,FF840001,FFFE0004,001FDB3D,3C788197,28015C54,E0FD7016,00000020,0000007C
125,49775300,FF13FE4A,000003D5,FF800001,FFFE0004,001EDB19,3C7801CA,28015C54,E0FD5816,00000020,0000007D
126,50263600,FF0AFE4A,000003D5,FF7C0001,FFFE0004,001EDAF3,3C7601A4,28015C54,E0FD4816,00000020,0000007E
127,50149200,FF03FE4A,000003D5,FF780000,FFFE0004,001DDACD,3C748197,28015C54,E0FD3016,00000020,0000007F
128,50896400,FEFBFE4D,000003D5,FF740000,FFFE0004,001DDAA5,3C730187,28015C54,E0FD2016,00000020,00000080
129,51064400,FEF3FE4E,000003D5,FF6F0000,FFFE0005,001DDA7C,3C718187,28015C54,E0FD1016,00000020,00000081
130,50758700,FEF0FE4D,000003D5,FF6C0000,FFFE0005,001CDA52,3C708196,28015C54,E0FD0016,00000020,00000082
131,51544900,FEE8FE52,000003D5,FF680000,FFFE0005,001CDA27,3C6F01B1,28015C54,E0FCF816,00000020,00000083
132,50369600,FEDEFE7D,000003D4,FF640000,FFFE0005,001CD9FB,3C6F0255,28015C54,E0FCE816,00000020,00000084
133,49981000,FEDBFEDE,000003D4,FF610000,FFFE0005,001CD9CD,3C6D81A2,28015C54,E0FCE016,00000020,00000085
134,50949700,FED8FEE1,000003D5,FF5E0000,FFFE0005,001BD99F,3C6C01C6,28015C54,E0FCE016,00000020,00000086
135,49695000,FED5FEE7,000003D5,FF5B0000,FFFE0005,001BD970,3C6B01AB,28015C54,E0FCD816,00000020,00000087
136,49997700,FED5FEE5,000003D5,FF590000,FFFE0005,001BD940,3C6A8195,28015C54,E0FCD816,00000020,00000088
137,49326500,FED2FEE8,000003D5,FF570000,FFFE0005,001BD910,3C690182,28015C54,E0FCD016,00000020,00000089
138,50542600,FED0FEEB,000003D5,FF560000,FFFE0005,001AD8DF,3C6981C7,28015C54,E0FCD016,00000020,0000008A
139,51937000,FED0FEEB,000003D5,FF550000,FFFE0005,001AD8AE,3C67819C,28015C54,E0FCD816,00000020,0000008B
140,50430100,FED0FEED,000003D5,FF540000,FFFE0005,001AD87D,3C67019C,28015C54,E0FCD816,00000020,0000008C
141,51706900,FED2FEF0,000003D5,FF540000,FFFE0005,001AD84C,3C67820B,28015C54,E0FCD816,00000020,0000008D
142,49871500,FED3FEEF,000003D5,FF540000,FFFE0005,001AD81B,3C650185,28015C54,E0FCE016,00000020,0000008E
143,50494700,FED3FEF1,000003D5,FF550000,FFFE0005,0019D7EA,3C6401AC,28015C54,E0FCE816,00000020,0000008F
144,50195600,FED5FEF4,000003D5,FF560000,FFFE0005,0019D7B9,3C6401CF,28015C54,E0FCE816,00000020,00000090
145,50820800,FED7FEF2,000003D5,FF570000,FFFE0005,0019D788,3C6381B5,28015C54,E0FCF016,00000020,00000091
146,50673900,FEDFFEF8,000003D5,FF590000,FFFE0005,0019D758,3C63021B,28015C54,E0FCF816,00000020,00000092
147,50855400,FEE1FEF6,000003D5,FF5B0000,FFFE0005,0019D729,3C610190,28015C54,E0FD0816,00000020,00000093
148,49883200,FEE7FEF7,000003D5,FF5D0000,FFFE0005,0018D6FA,3C6081A5,28015C54,E0FD1016,00000020,00000094
149,49553700,FEEBFEF9,000003D5,FF5F0000,FFFE0005,0018D6CC,3C6001E7,28015C54,E0FD2016,00000020,00000095
150,51684300,FEEEFF27,000003D5,FF620000,FFFF0005,0018D69E,3C5F01A8,28016D9F,E0FD2816,00000020,00000096
151,48242200,FEF5FF6B,000003D4,FF650000,FFFF0005,0018D671,3C5E018A,28016D9F,E0FD4016,00000020,00000097
152,50959700,FEFBFF6F,000003D5,FF680000,FFFF0005,0018D645,3C5E01A7,28016D9F,E0FD5016,00000020,00000098
153,50743600,FF08FF6F,000003D5,FF6B0000,FFFF0005,0018D61A,3C5E01E2,28016D9F,E0FD6816,00000020,00000099
154,51129800,FF09FF72,000003D5,FF6F0000,FFFF0005,0018D5F0,3C5D01CA,28016D9F,E0FD7816,00000020,0000009A
155,50835500,FF14FF75,000003D5,FF730000,FFFF0005,0017D5C8,3C5C818A,28016D9F,E0FD9016,00000020,0000009B
156,50462500,FF1BFF8D,000003D5,FF770000,FFFF0004,0017D5A0,3C5C81B6,28016D9F,E0FDB016,00000020,0000009C
157,49969200,FF23FFC4,000003D5,FF7B0000,FFFF0004,0017D57A,3C5C0190,28016D9F,E0FDC816,00000020,0000009D
158,50436900,FF2A0010,000003D5,FF7FFFFF,FFFF0004,0017D554,3C5C0196,28016D9F,E0FDE816,00000020,0000009E
159,51162700,FF340060,000003D5,FF83FFFF,00000004,0017D530,3C5C81A8,28016D9F,E0FE0816,00000020,0000009F
160,50001500,FF3B00A0,000003D5,FF87FFFF,00000004,0018D50D,3C5C819D,28016D9F,E0FE3016,00000020,000000A0
161,49535300,FF4400D0,000003D5,FF8BFFFF,00000004,0018D4EB,3C5E01C7,28016D9F,E0FE5816,00000020,000000A1
162,51230300,FF4D00F2,000003D5,FF8FFFFF,00010004,0018D4CB,3C5E01A0,28016D9F,E0FE8016,00000020,000000A2
163,51345000,FF52010D,000003D5,FF94FFFF,00010003,0018D4AB,3C5F0197,28016D9F,E0FEA816,00000020,000000A3
164,49783200,FF570124,000003D5,FF98FFFF,00010003,0018D48D,3C600191,28016D9F,E0FED816,00000020,000000A4
165,50169100,FF5D0133,000003D5,FF9CFFFF,00010003,0019D470,3C608194,28016D9F,E0FEF816,00000020,000000A5
166,49763000,FF65013F,000003D5,FFA00000,00020003,0019D454,3C61818E,28016D9F,E0FF2016,00000020,000000A6
167,50008300,FF65014E,000003D5,FFA40000,00020003,0019D439,3C63019A,28016D9F,E0FF4816,00000020,000000A7
168,50253000,FF6E0153,000003D5,FFA80000,00020003,0019D420,3C64019C,2BFD6D9F,E0FF6016,00000020,000000A8
169,50146200,FF6E015C,000003D5,FFAB0000,00020003,001AD407,3C6581C7,2BFD6D9F,E0FF6016,00000020,000000A9
170,50742800,FF710162,000003D5,FFAD0000,00020003,001AD3EF,3C6681AF,2BFD6D9F,E0FF6016,00000020,000000AA
171,50530000,FF770163,000003D5,FFAF0000,00020003,001AD3D8,3C6781CF,2BFD6D9F,E0FF6016,00000020,000000AB
172,50828700,FF760169,000003D5,FFB10000,00020003,001BD3C1,3C6881D3,2BFD6D9F,E0FF6016,00000020,000000AC
173,52012000,FF7C016A,000003D5,FFB30000,00020003,001BD3AB,3C690191,2BFD6D9F,E0FF6016,00000020,000000AD
174,48730400,FF7A016B,000003D5,FFB40000,00020003,001BD395,3C6B01C9,2BFD6D9F,E0FF6016,00000020,000000AE
175,50236500,FF7C016D,000003D5,FFB40000,00020003,001BD37F,3C6C01FD,2BFD6D9F,E0FF6016,00000020,000000AF
176,51737800,FF7B0170,000003D5,FFB40000,00020002,001CD369,3C6C81E2,2BFD6D9F,E0FF6016,00000020,000000B0
177,50791100,FF7F016E,000003D5,FFB40000,00020002,001CD353,3C6D8183,2BFD6D9F,E0FF6016,00000020,000000B1
178,49405800,FF7A016F,000003D5,FFB40000,00020002,001CD33E,3C700212,2BFD6D9F,E0FF6016,00000020,000000B2
179,52590200,FF770174,000003D5,FFB30000,00020002,001DD328,3C6F818E,2BFD6D9F,E0FF6016,00000020,000000B3
180,50121600,FF7C0171,000003D5,FFB20000,00020002,001DD312,3C7181CB,2BFD7E5D,E0FF6016,00000020,000000B4
181,51067000,FF760171,000003D5,FFB10000,00020002,001DD2FB,3C71818F,2BFD7E5D,E0FF5816,00000020,000000B5
182,50136100,FF740172,000003D5,FFB00000,00020003,001DD2E4,3C7381A4,2BFD7E5D,E0FF4816,00000020,000000B6
183,50561100,FF740175,000003D5,FFAE0000,00020003,001ED2CD,3C7501D0,2BFD7E5D,E0FF3016,00000020,000000B7
184,49887800,FF6C0176,000003D5,FFAD0000,00020003,001ED2B6,3C750192,2BFD7E5D,E0FF1816,00000020,000000B8
185,49674100,FF6D0175,000003D5,FFAB0000,00020003,001ED29D,3C7701B6,2BFD7E5D,E0FF0016,00000020,000000B9
186,50604400,FF680176,000003D5,FFA90000,00020003,001FD285,3C7881CE,2BFD7E5D,E0FEE816,00000020,000000BA
187,50266500,FF62016E,000003D5,FFA70000,00020003,001FD26C,3C7981EB,2BFD7E5D,E0FED016,00000020,000000BB
188,50815800,FF5E0121,000003D5,FFA60001,00020003,001FD252,3C7A81F4,2BFD7E5D,E0FEB816,00000020,000000BC
189,52456800,FF560087,000003D5,FFA50001,00020003,001FD238,3C7981AC,2BFD7E5D,E0FEA016,00000020,000000BD
190,49141400,FF510000,000003D5,FFA40002,00010003,001FD21E,3C7A019F,2BFD7E5D,E0FE8816,00000020,000000BE
191,50868700,FF4EFF99,000003D5,FFA30002,00010003,001FD203,3C79819B,28017E5D,E0FE7016,00000020,000000BF
192,50297000,FF4AFF1E,000003D5,FFA10002,00000003,001FD1E8,3C7981AA,28017E5D,E0FE5016,00000020,000000C0
193,50853500,FF49FEFD,000003D5,FF9F0002,00000003,001ED1CC,3C7881AA,28017E5D,E0FE3816,00000020,000000C1
194,50839400,FF40FEEF,000003D5,FF9C0001,FFFF0003,001ED1B0,3C770198,28017E5D,E0FE2016,00000020,000000C2
195,50263800,FF3BFEE6,000003D5,FF990001,FFFF0003,001ED193,3C768192,28017E5D,E0FE0816,00000020,000000C3
196,50420200,FF38FEE3,000003D5,FF960001,FFFF0003,001ED175,3C7581B6,28017E5D,E0FDF016,00000020,000000C4
197,51299200,FF36FEDC,000003D5,FF930001,FFFF0004,001ED156,3C7501A6,28017E5D,E0FDD816,00000020,000000C5
198,50758600,FF2EFEDC,000003D5,FF900000,FFFF0004,001DD136,3C74019B,28017E5D,E0FDC816,00000020,000000C6
199,50155700,FF26FEE3,000003D5,FF8D0000,FFFE0004,001DD116,3C7381A9,28017E5D,E0FDB816,00000020,000000C7
200,51359500,FF27FEDB,000003D5,FF8A0000,FFFE0004,001DD0F4,3C72018E,28017E5D,E0FDA016,00000020,000000C8
201,51839800,FF1FFEE1,000003D5,FF860000,FFFE0004,001DD0D2,3C71018B,28017E5D,E0FD9816,00000020,000000C9
202,49889700,FF1CFEE0,000003D5,FF830000,FFFE0004,001CD0AE,3C708202,28017E5D,E0FD8816,00000020,000000CA
203,49718000,FF18FEE2,000003D5,FF810000,FFFE0004,001CD08A,3C6F81CA,28017E5D,E0FD7816,00000020,000000CB
204,50627100,FF14FEE2,000003D5,FF7E0000,FFFE0004,001CD065,3C6F01B5,28017E5D,E0FD7016,00000020,000000CC
205,50260800,FF0FFEE6,000003D5,FF7B0000,FFFE0004,001CD03F,3C6D81C0,28017E5D,E0FD6816,00000020,000000CD
206,51297600,FF0FFEE6,000003D5,FF790000,FFFE0004,001CD019,3C6C81A2,28017E5D,E0FD6016,00000020,000000CE
207,52152300,FF09FEE4,000003D5,FF770000,FFFE0004,001BCFF2,3C6C019C,28017E5D,E0FD5816,00000020,000000CF
208,49237400,FF06FEE9,000003D5,FF750000,FFFE0004,001BCFCA,3C6C01E3,28017E5D,E0FD5016,00000020,000000D0
209,50610400,FF05FEEB,000003D5,FF730000,FFFE0004,001BCFA2,3C6A019F,28017E5D,E0FD4816,00000020,000000D1
210,50263000,FF04FEE9,000003D5,FF720000,FFFE0004,001BCF79,3C6A0203,28018E76,E0FD4816,00000020,000000D2
211,50163000,FF00FEED,000003D5,FF700000,FFFE0005,001ACF50,3C680189,28018E76,E0FD4816,00000020,000000D3
212,50086200,FF00FEED,000003D5,FF6F0000,FFFE0005,001ACF27,3C6801C0,28018E76,E0FD4016,00000020,000000D4
213,50669700,FEFFFEED,000003D5,FF6F0000,FFFE0005,001ACEFD,3C6801DF,28018E76,E0FD4016,00000020,000000D5
214,49361100,FF01FEEF,000003D5,FF6E0000,FFFE0005,001ACED4,3C660197,28018E76,E0FD4816,00000020,000000D6
215,51650400,FF02FEF3,000003D5,FF6E0000,FFFE0005,001ACEAA,3C6581A0,28018E76,E0FD4816,00000020,000000D7
216,50257800,FEFDFEF4,000003D5,FF6E0000,FFFE0005,0019CE80,3C658219,28018E76,E0FD4816,00000020,000000D8
217,48942800,FF03FEF4,000003D5,FF6E0000,FFFE0005,0019CE56,3C63818C,28018E76,E0FD4816,00000020,000000D9
218,50019400,FF04FF1E,000003D5,FF6E0000,FFFF0005,0019CE2C,3C6381D0,28018E76,E0FD5016,00000020,000000DA
219,50627000,FF04FF66,000003D5,FF6F0000,FFFF0005,0019CE03,3C628192,28018E76,E0FD5816,00000020,000000DB
220,51794400,FF09FF69,000003D5,FF700000,FFFF0005,0019CDD9,3C6281D2,28018E76,E0FD6016,00000020,000000DC
221,52241300,FF0CFF68,000003D5,FF710000,FFFF0005,0019CDB0,3C610185,28018E76,E0FD7016,00000020,000000DD
222,49163700,FF10FF6C,000003D5,FF730000,FFFF0004,0019CD88,3C620216,28018E76,E0FD7816,00000020,000000DE
223,50379600,FF12FF6B,000003D5,FF750000,FFFF0004,0018CD5F,3C61820D,28018E76,E0FD8816,00000020,000000DF
224,50407800,FF18FF6D,000003D5,FF770000,FFFF0004,0018CD38,3C6081BB,28018E76,E0FD9016,00000020,000000E0
225,48938000,FF1FFF72,000003D5,FF790000,FFFF0004,0018CD11,3C6001C6,28018E76,E0FDA016,00000020,000000E1
226,51183600,FF1FFF88,000003D5,FF7B0000,FFFF0004,0018CCEA,3C5F0193,28018E76,E0FDB016,00000020,000000E2
227,49850600,FF22FFC4,000003D5,FF7D0000,FFFF0004,0018CCC5,3C5F81AE,28018E76,E0FDC016,00000020,000000E3
228,50094500,FF2A000C,000003D5,FF7FFFFF,FFFF0004,0018CCA0,3C5F01A6,28018E76,E0FDD816,00000020,000000E4
229,51095000,FF320063,000003D5,FF81FFFF,00000004,0018CC7B,3C5F81B1,28018E76,E0FDE816,00000020,000000E5
230,52028100,FF3600A5,000003D5,FF84FFFF,00000004,0018CC58,3C6081B7,28018E76,E0FE0816,00000020,000000E6
231,50300500,FF3B00D5,000003D5,FF86FFFF,00000004,0019CC34,3C6101E8,28018E76,E0FE2016,00000020,000000E7
232,51345500,FF4100F9,000003D5,FF89FFFF,00010004,0019CC12,3C610198,28018E76,E0FE3816,00000020,000000E8
233,51134700,FF460115,000003D5,FF8BFFFF,00010004,0019CBF0,3C618185,28018E76,E0FE5016,00000020,000000E9
234,50333400,FF47012D,000003D5,FF8FFFFF,00010004,0019CBCF,3C62818A,28018E76,E0FE7016,00000020,000000EA
235,51225900,FF4E013C,000003D5,FF92FFFF,00010003,0019CBAF,3C6401A3,28018E76,E0FE8816,00000020,000000EB
236,50972400,FF50014A,000003D5,FF940000,00020003,001ACB90,3C64819B,28018E76,E0FEA016,00000020,000000EC
237,49331400,FF520155,000003D5,FF970000,00020003,001ACB72,3C6601A4,2BFD8E76,E0FEB816,00000020,000000ED
238,50817100,FF54015C,000003D5,FF9A0000,00020003,001ACB55,3C670190,2BFD8E76,E0FEC816,00000020,000000EE
239,51096700,FF5A0163,000003D5,FF9D0000,00020003,001BCB38,3C6881FE,2BFD8E76,E0FED816,00000020,000000EF
240,50447500,FF580165,000003D5,FF9F0000,00020003,001BCB1C,3C6901A5,2BFD9DC0,E0FEF016,00000020,000000F0
241,48915000,FF5C016A,000003D5,FFA10000,00020003,001BCB00,3C6A019A,2BFD9DC0,E0FEF816,00000020,000000F1
242,50305600,FF5D016F,000003D5,FFA20000,00020003,001BCAE5,3C6B81AB,2BFD9DC0,E0FEF816,00000020,000000F2
243,50566300,FF5D016A,000003D5,FFA40000,00020003,001CCACB,3C6C81CC,2BFD9DC0,E0FF0816,00000020,000000F3
244,51001700,FF5F016D,000003D5,FFA50000,00020003,001CCAB0,3C6D0187,2BFD9DC0,E0FF0016,00000020,000000F4
245,49725700,FF5F0170,000003D5,FFA50000,00020003,001CCA96,3C6E8193,2BFD9DC0,E0FF0016,00000020,000000F5
246,50401700,FF600172,000003D5,FFA60000,00020003,001CCA7C,3C7001BB,2BFD9DC0,E0FF0016,00000020,000000F6
247,50375300,FF5D0171,000003D5,FFA60000,00020003,001DCA62,3C710198,2BFD9DC0,E0FEF816,00000020,000000F7
248,51679100,FF5F0172,000003D5,FFA60000,00020003,001DCA49,3C7281AE,2BFD9DC0,E0FEF016,00000020,000000F8
249,49672100,FF5E0171,000003D5,FFA50000,00020003,001DCA2F,3C7381C5,2BFD9DC0,E0FEE816,00000020,000000F9
250,49848900,FF5D0178,000003D5,FFA50000,00020003,001ECA15,3C7481A0,2BFD9DC0,E0FED816,00000020,000000FA
251,51098900,FF5A0170,000003D5,FFA40000,00020003,001EC9FA,3C750192,2BFD9DC0,E0FED016,00000020,000000FB
252,50803400,FF58016D,000003D5,FFA30000,00020003,001EC9E0,3C76019F,2BFD9DC0,E0FEC016,00000020,000000FC
253,51113600,FF520122,000003D5,FFA30001,00020003,001EC9C5,3C77819F,2BFD9DC0,E0FEB016,00000020,000000FD
254,50161300,FF4F0084,000003D5,FFA30001,00020003,001EC9AB,3C778192,2BFD9DC0,E0FEA016,00000020,000000FE
255,49844100,FF4D000A,000003D5,FFA30002,00010003,001EC990,3C77819B,28019DC0,E0FE9016,00000020,000000FF
256,51197000,FF49FFB1,000003D5,FFA20002,00010003,001EC975,3C7801B8,28019DC0,E0FE7816,00000020,00000100
257,49961900,FF45FF8C,000003D5,FFA10002,00010003,001EC95A,3C77019F,28019DC0,E0FE6016,00000020,00000101
258,50863200,FF46FF4F,000003D5,FF9F0002,00000003,001EC93F,3C780205,28019DC0,E0FE5016,00000020,00000102
259,49722000,FF45FEFB,000003D5,FF9D0002,00000003,001EC923,3C7681B6,28019DC0,E0FE3016,00000020,00000103
260,50462200,FF3EFEE9,000003D5,FF9B0001,FFFF0003,001EC906,3C74818A,28019DC0,E0FE2016,00000020,00000104
261,49700900,FF3DFEE6,000003D5,FF990001,FFFF0003,001DC8E9,3C7401A6,28019DC0,E0FE0816,00000020,00000105
262,51956200,FF38FEE3,000003D5,FF960001,FFFF0004,001DC8CA,3C750260,28019DC0,E0FDF816,00000020,00000106
263,49866400,FF32FEE1,000003D5,FF930001,FFFF0004,001DC8AC,3C7381F2,28019DC0,E0FDE016,00000020,00000107
264,50730700,FF33FEDF,000003D5,FF900000,FFFF0004,001DC88C,3C7181DD,28019DC0,E0FDD016,00000020,00000108
265,51261300,FF2EFEE2,000003D5,FF8D0000,FFFE0004,001CC86B,3C70819B,28019DC0,E0FDC816,00000020,00000109
266,49546100,FF28FEE1,000003D5,FF8B0000,FFFE0004,001CC84A,3C6F8199,28019DC0,E0FDB816,00000020,0000010A
267,49110500,FF25FEE4,000003D5,FF880000,FFFE0004,001CC828,3C6E81A6,28019DC0,E0FDA816,00000020,0000010B
268,50134700,FF1FFEE1,000003D5,FF850000,FFFE0004,001CC805,3C6D81AF,28019DC0,E0FDA016,00000020,0000010C
269,51256700,FF24FEEB,000003D5,FF830000,FFFE0004,001CC7E1,3C6D018F,28019DC0,E0FD9016,00000020,0000010D
270,50333600,FF1CFEE7,000003D5,FF810000,FFFE0004,001BC7BD,3C6C0195,2801AC20,E0FD8816,00000020,0000010E
271,51738700,FF15FEE5,000003D5,FF7F0000,FFFE0004,001BC799,3C6B0182,2801AC20,E0FD8016,00000020,0000010F
272,51327000,FF14FEE9,000003D5,FF7D0000,FFFE0004,001BC773,3C6B01C2,2801AC20,E0FD7816,00000020,00000110
273,48617600,FF16FEED,000003D5,FF7B0000,FFFE0004,001BC74D,3C6981A7,2801AC20,E0FD7816,00000020,00000111
274,50463700,FF15FEEA,000003D5,FF7A0000,FFFE0004,001AC727,3C6901D2,2801AC20,E0FD7016,00000020,00000112
275,49386200,FF11FEEE,000003D5,FF790000,FFFE0004,001AC700,3C6801CA,2801AC20,E0FD7016,00000020,00000113
276,50459900,FF11FEF0,000003D5,FF770000,FFFE0004,001AC6D9,3C67019E,2801AC20,E0FD6816,00000020,00000114
277,50099800,FF12FEEC,000003D5,FF770000,FFFE0004,001AC6B2,3C6601BC,2801AC20,E0FD7016,00000020,00000115
278,50282100,FF0BFF1D,000003D5,FF760000,FFFE0004,001AC68B,3C6581AC,2801AC20,E0FD7016,00000020,00000116
279,50298100,FF0FFF62,000003D5,FF760000,FFFF0004,001AC663,3C6601DF,2801AC20,E0FD7016,00000020,00000117
280,51112400,FF11FF64,000003D5,FF750000,FFFF0004,0019C63B,3C6501BF,2801AC20,E0FD7016,00000020,00000118
281,50920800,FF11FF67,000003D5,FF760000,FFFF0004,0019C614,3C640190,2801AC20,E0FD7816,00000020,00000119
282,50744200,FF14FF65,000003D5,FF760000,FFFF0004,0019C5EC,3C6381B7,2801AC20,E0FD8016,00000020,0000011A
283,50984400,FF14FF66,000003D5,FF770000,FFFF0004,0019C5C5,3C6281A2,2801AC20,E0FD8816,00000020,0000011B
284,49697200,FF18FF6C,000003D5,FF780000,FFFF0004,0019C59E,3C6301D5,2801AC20,E0FD9016,00000020,0000011C
285,50482500,FF1CFF67,000003D5,FF790000,FFFF0004,0019C577,3C6281AF,2801AC20,E0FD9816,00000020,0000011D
286,50040900,FF1CFF6D,000003D5,FF7A0000,FFFF0004,0019C550,3C6281E1,2801AC20,E0FDA016,00000020,0000011E
287,50328400,FF1FFF6A,000003D5,FF7C0000,FFFF0004,0019C52A,3C6101A3,2801AC20,E0FDA816,00000020,0000011F
288,50320400,FF23FF6F,000003D5,FF7D0000,FFFF0004,0018C505,3C608195,2801AC20,E0FDB816,00000020,00000120
289,49954900,FF25FF89,000003D5,FF7F0000,FFFF0004,0018C4E0,3C60018F,2801AC20,E0FDC016,00000020,00000121
290,50260800,FF2AFFBF,000003D5,FF810000,FFFF0004,0018C4BB,3C6001AF,2801AC20,E0FDD016,00000020,00000122
291,49976700,FF2E0010,000003D5,FF82FFFF,FFFF0004,0018C497,3C60018B,2801AC20,E0FDE016,00000020,00000123
292,50730100,FF310065,000003D5,FF84FFFF,00000004,0018C473,3C6181EC,2801AC20,E0FDF016,00000020,00000124
293,50451500,FF3900A6,000003D5,FF85FFFF,00000004,0019C450,3C6101A5,2801AC20,E0FE0016,00000020,00000125
294,50663600,FF3A00D6,000003D5,FF87FFFF,00000004,0019C42D,3C6201AD,2801AC20,E0FE2016,00000020,00000126
295,50157800,FF4400FD,000003D5,FF89FFFF,00010004,0019C40A,3C62018E,2801AC20,E0FE3016,00000020,00000127
296,51511700,FF430119,000003D5,FF8BFFFF,00010004,0019C3E9,3C6381BA,2801AC20,E0FE4816,00000020,00000128
297,50673200,FF46012F,000003D5,FF8DFFFF,00010004,0019C3C8,3C6481A1,2801AC20,E0FE6016,00000020,00000129
298,50128300,FF490141,000003D5,FF90FFFF,00010003,001AC3A7,3C6581A1,2801AC20,E0FE7016,00000020,0000012A
299,50706400,FF4C014C,000003D5,FF920000,00020003,001AC387,3C6681AC,2801AC20,E0FE8816,00000020,0000012B
300,51122300,FF4F015A,000003D5,FF950000,00020003,001AC368,3C6781C8,2BFDB98B,E0FE9816,00000020,0000012C
301,50073200,FF4F015F,000003D5,FF970000,00020003,001BC34A,3C680195,2BFDB98B,E0FEA816,00000020,0000012D
302,49927600,FF520163,000003D5,FF990000,00020003,001BC32C,3C6981C3,2BFDB98B,E0FEB816,00000020,0000012E
303,51559600,FF540169,000003D5,FF9B0000,00020003,001BC30F,3C6B01C7,2BFDB98B,E0FEC016,00000020,0000012F
304,50366600,FF510168,000003D5,FF9D0000,00020003,001BC2F2,3C6B8196,2BFDB98B,E0FEC816,00000020,00000130
305,51407100,FF58016E,000003D5,FF9E0000,00020003,001CC2D6,3C6D01BB,2BFDB98B,E0FED016,00000020,00000131
306,49190700,FF54016C,000003D5,FF9F0000,00020003,001CC2BA,3C6D8197,2BFDB98B,E0FED016,00000020,00000132
307,50480400,FF560171,000003D5,FFA00000,00020003,001CC29F,3C6F01B6,2BFDB98B,E0FED016,00000020,00000133
308,49799600,FF59016F,000003D5,FFA10000,00020003,001DC283,3C7081E3,2BFDB98B,E0FED016,00000020,00000134
309,49882800,FF540172,000003D5,FFA10000,00020003,001DC268,3C7181C6,2BFDB98B,E0FED016,00000020,00000135
310,50601900,FF570171,000003D5,FFA10000,00020003,001DC24D,3C7201BD,2BFDB98B,E0FEC816,00000020,00000136
311,52213400,FF520174,000003D5,FFA10000,00020003,001DC232,3C7381BC,2BFDB98B,E0FEC016,00000020,00000137
312,50764200,FF570172,000003D5,FFA10000,00020003,001EC216,3C740199,2BFDB98B,E0FEB816,00000020,00000138
313,51001600,FF50016E,000003D5,FFA00000,00020003,001EC1FB,3C7581A7,2BFDB98B,E0FEA816,00000020,00000139
314,49854300,FF4F011E,000003D5,FFA00001,00020003,001EC1DF,3C7601BE,2BFDB98B,E0FEA016,00000020,0000013A
315,49531500,FF4B0086,000003D5,FFA10001,00020003,001EC1C4,3C7681AC,2BFDB98B,E0FE9816,00000020,0000013B
316,50335400,FF470004,000003D5,FFA10002,00010003,001EC1A9,3C768195,2801B98B,E0FE8016,00000020,0000013C
317,50908200,FF45FFB8,000003D5,FFA10002,00010003,001EC18E,3C760188,2801B98B,E0FE7016,00000020,0000013D
318,51133600,FF46FF89,000003D5,FFA00002,00010003,001EC172,3C76018F,2801B98B,E0FE5816,00000020,0000013E
319,50655800,FF3EFF71,000003D5,FF9E0001,00000003,001EC156,3C75818D,2801B98B,E0FE4816,00000020,0000013F
320,51036100,FF43FF45,000003D5,FF9C0001,00000003,001EC13A,3C748194,2801B98B,E0FE3016,00000020,00000140
321,50660300,FF3DFEF3,000003D5,FF9A0001,FFFF0003,001DC11D,3C74019C,2801B98B,E0FE2016,00000020,00000141
322,51191700,FF3EFEE4,000003D5,FF980001,FFFF0003,001DC100,3C7381EE,2801B98B,E0FE0816,00000020,00000142
323,50361800,FF37FEE6,000003D5,FF960001,FFFF0004,001DC0E2,3C7301B1,2801B98B,E0FDF816,00000020,00000143
324,49670400,FF35FEE3,000003D5,FF930001,FFFF0004,001DC0C3,3C7201A5,2801B98B,E0FDE816,00000020,00000144
325,50878600,FF30FEE1,000003D5,FF900000,FFFF0004,001DC0A3,3C7181CA,2801B98B,E0FDD816,00000020,00000145
326,50082000,FF2EFEE4,000003D5,FF8E0000,FFFF0004,001CC082,3C7001E7,2801B98B,E0FDC816,00000020,00000146
327,50443600,FF2BFEE2,000003D5,FF8B0000,FFFE0004,001CC061,3C6F0193,2801B98B,E0FDB816,00000020,00000147
328,49275200,FF26FEE6,000003D5,FF890000,FFFE0004,001CC03F,3C6E018B,2801B98B,E0FDB016,00000020,00000148
329,50009800,FF23FEE5,000003D5,FF860000,FFFE0004,001CC01D,3C6D81B4,2801B98B,E0FDA816,00000020,00000149
330,50466800,FF1FFEE6,000003D5,FF840000,FFFE0004,001BBFF9,3C6C81A9,2801C5EF,E0FD9816,00000020,0000014A
331,50586500,FF21FEE8,000003D5,FF820000,FFFE0004,001BBFD5,3C6C01AD,2801C5EF,E0FD9016,00000020,0000014B
332,52148300,FF1AFEE9,000003D5,FF800000,FFFE0004,001BBFB1,3C6A818A,2801C5EF,E0FD8816,00000020,0000014C
333,50809600,FF18FEEB,000003D5,FF7E0000,FFFE0004,001BBF8C,3C6A01D6,2801C5EF,E0FD8816,00000020,0000014D
334,50127100,FF19FEEB,000003D5,FF7D0000,FFFE0004,001BBF66,3C688183,2801C5EF,E0FD8016,00000020,0000014E
335,50350000,FF17FEEC,000003D5,FF7B0000,FFFE0004,001ABF41,3C6801BF,2801C5EF,E0FD7816,00000020,0000014F
336,50510500,FF15FEF0,000003D5,FF7A0000,FFFE0004,001ABF1A,3C678196,2801C5EF,E0FD7816,00000020,00000150
337,49901400,FF15FEF0,000003D5,FF790000,FFFE0004,001ABEF4,3C660187,2801C5EF,E0FD7816,00000020,00000151
338,50346700,FF10FF19,000003D5,FF790000,FFFE0004,001ABECD,3C658193,2801C5EF,E0FD7816,00000020,00000152
339,50661700,FF12FF63,000003D5,FF780000,FFFF0004,001ABEA6,3C6501B3,2801C5EF,E0FD7816,00000020,00000153
340,51991800,FF12FF63,000003D5,FF780000,FFFF0004,001ABE7F,3C648199,2801C5EF,E0FD7816,00000020,00000154
341,50578700,FF15FF64,000003D5,FF780000,FFFF0004,0019BE58,3C6401A2,2801C5EF,E0FD8016,00000020,00000155
342,51002300,FF19FF68,000003D5,FF780000,FFFF0004,0019BE31,3C64019C,2801C5EF,E0FD8816,00000020,00000156
343,49909400,FF17FF66,000003D5,FF790000,FFFF0004,0019BE0A,3C6401DF,2801C5EF,E0FD9016,00000020,00000157
344,50653100,FF1AFF69,000003D5,FF790000,FFFF0004,0019BDE3,3C648220,2801C5EF,E0FD9816,00000020,00000158
345,51846400,FF1CFF68,000003D5,FF7A0000,FFFF0004,0019BDBD,3C6281AA,2801C5EF,E0FDA016,00000020,00000159
346,50632700,FF21FF6A,000003D5,FF7C0000,FFFF0004,0019BD97,3C6281E2,2801C5EF,E0FDA816,00000020,0000015A
347,51408300,FF21FF6C,000003D5,FF7D0000,FFFF0004,0019BD71,3C6181AE,2801C5EF,E0FDB016,00000020,0000015B
348,50077800,FF27FF70,000003D5,FF7E0000,FFFF0004,0019BD4C,3C6181C2,2801C5EF,E0FDB816,00000020,0000015C
349,52665300,FF26FF87,000003D5,FF800000,FFFF0004,0018BD27,3C6081EF,2801C5EF,E0FDC816,00000020,0000015D
350,50480800,FF29FFC0,000003D5,FF820000,FFFF0004,0018BD03,3C6101E1,2801C5EF,E0FDD016,00000020,0000015E
351,50856000,FF2D000F,000003D5,FF83FFFF,FFFF0004,0018BCDF,3C6101CF,2801C5EF,E0FDE016,00000020,0000015F
352,50823900,FF330064,000003D5,FF84FFFF,00000004,0019BCBB,3C60819A,2801C5EF,E0FDF016,00000020,00000160
353,48765500,FF3900A6,000003D5,FF85FFFF,00000004,0019BC98,3C6181AE,2801C5EF,E0FE0016,00000020,00000161
354,48935300,FF3B00D8,000003D5,FF87FFFF,00000004,0019BC75,3C618183,2801C5EF,E0FE2016,00000020,00000162
355,51332500,FF4000FD,000003D5,FF89FFFF,00010004,0019BC53,3C6381D1,2801C5EF,E0FE3016,00000020,00000163
356,50884900,FF44011B,000003D5,FF8BFFFF,00010004,0019BC31,3C6381C8,2801C5EF,E0FE4016,00000020,00000164
357,122249100,FF45012E,000003D5,FF8DFFFF,00010004,001ABC10,3C64818D,2801C5EF,E0FE5816,00000020,00000165
358,12289100,FF4A0140,000003D5,FF8FFFFF,00010003,001ABBEF,3C65819C,2801C5EF,E0FE7016,00000020,00000166
359,51690800,FF4A014F,000003D5,FF920000,00020003,001ABBCF,3C6701B8,2801C5EF,E0FE8016,00000020,00000167
360,49742800,FF4E015B,000003D5,FF940000,00020003,001ABBB0,3C690216,2BFDD175,E0FE9816,00000020,00000168
361,50551800,FF4D015F,000003D5,FF960000,00020003,001BBB92,3C688195,2BFDD175,E0FEA016,00000020,00000169
362,49714300,FF530164,000003D5,FF980000,00020003,001BBB74,3C6A81D1,2BFDD175,E0FEB016,00000020,0000016A
363,52253300,FF4E0168,000003D5,FF9A0000,00020003,001BBB56,3C6A8188,2BFDD175,E0FEC016,00000020,0000016B
364,49150000,FF54016A,000003D5,FF9C0000,00020003,001BBB3A,3C6B81A5,2BFDD175,E0FED016,00000020,0000016C
365,50624400,FF55016D,000003D5,FF9E0000,00020003,001CBB1D,3C6E01FF,2BFDD175,E0FEE016,00000020,0000016D
366,50676200,FF58016D,000003D5,FFA10000,00020003,001CBB02,3C6E019D,2BFDD175,E0FEF816,00000020,0000016E
367,131360600,FF570171,000003D5,FFA30000,00020003,001CBAE7,3C6F01AB,2BFDD175,E0FF1016,00000020,0000016F
368,12322400,FF5C0170,000003D5,FFA50000,00020003,001DBACD,3C70019E,2BFDD175,E0FF2816,00000020,00000170
369,50309500,FF5F0172,000003D5,FFA80000,00020003,001DBAB3,3C71019F,2BFDD175,E0FF4016,00000020,00000171
370,52389800,FF610172,000003D5,FFAB0000,00020003,001DBA9A,3C7301F2,2BFDD175,E0FF6816,00000020,00000172
371,49798900,FF610174,000003D5,FFAE0000,00020003,001DBA83,3C7381B8,2BFDD175,E0FF8816,00000020,00000173
372,50411100,FF680174,000003D5,FFB10000,00020003,001EBA6C,3C7481E1,2BFDD175,E0FFA816,00000020,00000174
373,50053900,FF690176,000003D5,FFB40000,00020003,001EBA55,3C758196,2BFDD175,E0FFE016,00000020,00000175
374,51869800,FF6E0176,000003D5,FFB70000,00020003,001EBA40,3C76818E,2BFDD175,E0FFF816,00000020,00000176
375,51438400,FF710176,000003D5,FFBA0000,00020003,001FBA2C,3C7901CE,2BFDD175,E0FFF816,00000020,00000177
376,51855100,FF750177,000003D5,FFBD0000,00020003,001FBA19,3C7901B7,2BFDD175,E0FFF816,00000020,00000178
377,47734300,FF790179,000003D5,FFC10000,00020003,001FBA06,3C7A81BB,2BFDD175,E0FFF816,00000020,00000179
378,51985700,FF7F0179,000003D5,FFC40000,00020003,0020B9F5,3C7B819A,2BFDD175,E0FFF816,00000020,0000017A
379,50516600,FF800179,000003D5,FFC70000,00020002,0020B9E4,3C7C81AA,2BFDD175,E0FFF816,00000020,0000017B
380,136872400,FF8A0179,000003D5,FFCA0000,00020002,0020B9D4,3C7E01AF,2BFDD175,F0FFF816,00000020,0000017C
381,15602300,FF86017C,000003D5,FFCD0000,00020002,0020B9C5,3C7E818E,2BFDD175,F0FFF816,00000020,0000017D
382,49792800,FF920178,000003D5,FFD10000,00020002,0021B9B8,3C8081BB,2BFDD175,F0FFF816,00000020,0000017E
383,50555500,FF930179,000003D5,FFD30000,00020002,0021464A,3C8101A6,2BFDD175,F0FFF816,00000020,0000017F
384,50208600,FF9B0179,000003D5,FFD60000,00020002,0021463E,3C82819F,2BFDD175,F0FFF816,00000020,00000180
385,51996600,FF9F0179,000003D5,FFD90000,00020002,00224633,3C8301A3,2BFDD175,F0FFF816,00000020,00000181
386,49626700,FFA20175,000003D5,FFDC0000,00020002,00224628,3C8501AE,2BFDD175,F0FFF816,00000020,00000182
387,56354500,FFB4017A,000103D5,FFE80000,00020002,00224620,3C85018E,2BFDD175,F007F816,00000020,00000183
388,45734800,FFBE0174,000103D5,FFF00000,00020002,0022461B,3C8681CA,2BFDD175,F007F816,00000020,00000184
389,49249800,FFC80196,000103D5,FFF60000,00020001,00234617,3C8901C5,2BFDD175,F007F816,00000020,00000185
390,55365500,FFCD0195,000003D5,FFFB0000,00020001,00234615,3C89019D,2BFDDC1D,E007F816,00000020,00000186
391,59121300,FFCF0159,000003D5,FFFF0000,00020001,00234615,3C8A0195,2BFDDC1D,E007F816,00000020,00000187
392,154308500,FFDE0132,000003D5,00010000,00020001,00244615,3C8B81C7,2BFDDC1D,E007F816,00000020,00000188
393,13476200,FFE20117,000003D5,00020000,00020001,00244615,3C8C81B0,2BFDDC1D,E007F816,00000020,00000189
394,50543600,FFE80107,000003D5,00030000,00020001,00244616,3C8D01C0,2BFDDC1D,E007F816,00000020,0000018A
395,50114400,FFF000FB,000003D5,00030000,00020001,00244617,3C8D0181,2BFDDC1D,E007F816,00000020,0000018B
396,52954900,FFF100F0,000003D5,00030000,00020000,00244618,3C90020B,2BFDDC1D,E007F816,00000020,0000018C
397,49321700,FFF800F1,000003D5,00030000,00020000,00254619,3C8F81AF,2BFDDC1D,E007F816,00000020,0000018D
398,50661900,FFFA00E7,000003D5,00030000,00020000,0025461A,3C8F818F,2BFDDC1D,E007F816,00000020,0000018E
399,51797800,FFFB00E7,000003D5,00020000,00020000,0025461A,3C900182,2BFDDC1D,E007F816,00000020,0000018F
400,49039100,FFFF00E7,000003D5,00020000,00020000,0025461B,3C9201FE,2BFDDC1D,E007F816,00000020,00000190
401,51671900,000000E1,000003D5,00020000,00020000,0025461B,3C9281C2,2BFDDC1D,E007F816,00000020,00000191
402,48326600,FFFD00E6,000003D5,00010000,00010000,0025461C,3C9301A8,2BFDDC1D,E007F816,00000020,00000192
403,49550800,000300E4,000003D5,00010000,00010000,0026461C,3C9381AE,2BFDDC1D,E007F816,00000020,00000193
404,51599500,000200E3,000003D5,00010000,00010000,0026461C,3C94019E,2BFDDC1D,E007F816,00000020,00000194
405,49125500,000300E4,000003D5,00010000,00010000,0026461D,3C9581CE,2BFDDC1D,E007F816,00000020,00000195
406,134278500,000000E5,000003D5,00000000,00010000,0026461D,3C950195,2BFDDC1D,E007F816,00000020,00000196
407,13355400,000400E2,000003D5,00000000,00010000,0026461D,3C95819A,2BFDDC1D,E007F816,00000020,00000197
408,50657900,FFFA00E5,000003D5,00000000,00010000,0026461D,3C9701B4,2BFDDC1D,E007F816,00000020,00000198
409,51408600,000100E4,000003D5,00000000,00010000,0027461D,3C9781A0,2BFDDC1D,E007F816,00000020,00000199
410,50665400,000300E4,000003D5,00000000,00010000,0027461D,3C9981E6,2BFDDC1D,E007F816,00000020,0000019A
411,49428900,000200E3,000003D5,00000000,00010000,0027461D,3C9881A3,2BFDDC1D,E007F816,00000020,0000019B
412,51982100,000200E5,000003D5,00000000,00010000,0027461D,3C9901BF,2BFDDC1D,E007F816,00000020,0000019C
413,48124100,FFFF00E3,000003D5,00000000,00010000,0027461D,3C9A81A2,2BFDDC1D,E007F816,00000020,0000019D
414,51574100,FFFD00E4,000003D5,00000000,00010000,0028461D,3C9B01A6,2BFDDC1D,E007F816,00000020,0000019E
415,50708600,000200E5,000003D5,00000000,00010000,0028461D,3C9B019B,2BFDDC1D,E007F816,00000020,0000019F
416,51058300,000200E3,000003D5,00000000,00010000,0028461D,3C9D81E7,2BFDDC1D,E007F816,00000020,000001A0
417,52568200,000200E4,000003D5,00000000,00010000,0028461D,3C9D81C3,2BFDDC1D,E007F816,00000020,000001A1
418,49087700,FFFA00E5,000003D5,00000000,00010000,0028461D,3C9D81AA,2BFDDC1D,E007F816,00000020,000001A2
419,49583900,000300E4,000003D5,00000000,00010000,0028461D,3C9E81CA,2BFDDC1D,E007F816,00000020,000001A3
420,48247300,000100E5,000003D5,00000000,00010000,0029461D,3CA001BE,2BFDE56B,E007F816,00000020,000001A4
421,51685300,FFFF00E4,000003D5,00000000,00010000,0029461D,3C9F018B,2BFDE56B,E007F816,00000020,000001A5
422,49638500,FFFD00E5,000003D5,00000000,00010000,0029461D,3CA00190,2BFDE56B,E007F816,00000020,000001A6
423,129539400,000300E5,000003D5,00000000,00010000,0029461D,3CA1019E,2BFDE56B,E007F816,00000020,000001A7
424,12639000,000100E5,000003D5,00000000,00010000,0029461D,3CA1019E,2BFDE56B,E007F816,00000020,000001A8
425,50990500,FFFE00E4,000003D5,00000000,00010000,002A461D,3CA381C9,2BFDE56B,E007F816,00000020,000001A9
426,49532900,FFFF00E4,000003D5,00000000,00010000,002A461D,3CA381C9,2BFDE56B,E007F816,00000020,000001AA
427,50381800,000100E5,000003D5,00000000,00010000,002A461D,3CA30188,2BFDE56B,E007F816,00000020,000001AB
428,49229600,000300E4,000003D5,00000000,00010000,002A461D,3CA4819C,2BFDE56B,E007F816,00000020,000001AC
429,50883300,FFFB00E5,000003D5,00000000,00010000,002A461D,3CA581A3,2BFDE56B,E007F816,00000020,000001AD
430,50718300,000100E0,000003D5,00000000,00010000,002A461D,3CA58191,2BFDE56B,E007F816,00000020,000001AE
431,49670200,000200AE,000003D5,00000000,00010000,002B461D,3CA701BA,2BFDE56B,E007F816,00000020,000001AF
432,50255500,00010046,000003D5,00000001,00010000,002B461D,3CA6819C,2BFDE56B,E007F816,00000020,000001B0
433,51080000,0000FFEE,000003D5,00000001,00010000,002A461D,3CA601AD,2801E56B,E007F816,00000020,000001B1
434,49833700,FFFEFFBA,000003D5,00000001,00010000,002A461D,3CA60183,2801E56B,E007F816,00000020,000001B2
435,50885200,0000FF83,000003D5,00000001,00000000,002A461D,3CA5818D,2801E56B,E007F816,00000020,000001B3
436,51480600,FFFEFF1F,000003D5,00000001,00000000,002A461D,3CA681C5,2801E56B,E007F816,00000020,000001B4
437,50636500,0006FF0E,000003D5,00000001,00000000,002A461D,3CA401FA,2801E56B,E007F816,00000020,000001B5
438,50363500,FFFDFF09,000003D5,00000001,FFFF0000,002A461D,3CA3821B,2801E56B,E007F816,00000020,000001B6
439,49758800,FFFFFF04,000003D5,00000001,FFFF0000,002A461D,3CA281BF,2801E56B,E007F816,00000020,000001B7
440,51150400,0002FF02,000003D5,00000000,FFFF0000,0029461D,3CA2018B,2801E56B,E007F816,00000020,000001B8
441,48504800,0002FF01,000003D5,00000000,FFFF0000,0029461D,3CA10188,2801E56B,E007F816,00000020,000001B9
442,51187300,FFFDFF03,000003D5,00000000,FFFF0000,0029461D,3CA081C1,2801E56B,E007F816,00000020,000001BA
443,125040200,FFFEFF06,000003D5,00000000,FFFF0000,0029461D,3CA101F3,2801E56B,E007F816,00000020,000001BB
444,13586700,0007FF01,000003D5,00000000,FFFF0000,0029461D,3CA081EC,2801E56B,E007F816,00000020,000001BC
445,49789100,FFFDFF02,000003D5,00000000,FFFF0000,0028461D,3C9E822B,2801E56B,E007F816,00000020,000001BD
446,50916700,FFFEFF06,000003D5,00000000,FFFF0000,0028461D,3C9D019D,2801E56B,E007F816,00000020,000001BE
447,49609000,0003FF04,000003D5,00000000,FFFF0000,0028461D,3C9D0221,2801E56B,E007F816,00000020,000001BF
448,51273300,0001FF06,000003D5,00000000,FFFF0000,0028461D,3C9D01D6,2801E56B,E007F816,00000020,000001C0
449,51599400,FFFEFF05,000003D5,00000000,FFFF0000,0028461D,3C9C01B0,2801E56B,E007D016,00000020,000001C1
450,49928300,0000FF08,000003D5,00000000,FFFF0000,0027461D,3C9A0188,2801ECFD,E0FFD016,00000020,000001C2
451,52245300,FFF7FF08,000003D5,FFF80000,FFFF0000,FF27461B,3C99818B,2801ECFD,E0FFD016,00000020,000001C3
452,48211500,FFEAFF07,000003D5,FFF10000,FFFF0000,FF274618,3C9981A0,2801ECFD,E0FFB016,00000020,000001C4
453,50683000,FFE8FF0A,000003D5,FFE90000,FFFF0000,00274612,3C9901BC,2801ECFD,E0FFB016,00000020,000001C5
454,134104400,FFDCFF0A,000003D5,FFE20000,FFFF0000,0027460A,3C9781A5,2801ECFD,E0FFB016,00000020,000001C6
455,14185800,FFD5FF0A,000003D5,FFDB0000,FFFF0001,00264600,3C9701BC,2801ECFD,E0FFB016,00000020,000001C7
456,50868300,FFC6FF0C,FFFF03D5,FFD50000,FFFF0001,002645F5,3C960199,2801ECFD,E0FFB016,00000020,000001C8
457,49663900,FFBBFF0B,FFFF03D5,FFCF0000,FFFF0001,002645E7,3C958194,2801ECFD,E0FFB016,00000020,000001C9
458,50863700,FFAFFF0C,FFFF03D5,FFC90000,FFFF0001,002645D8,3C948215,2801ECFD,E0FFB016,00000020,000001CA
459,51908000,FFA6FF0D,FFFF03D5,FFC40000,FFFF0001,002645C8,3C93819A,2801ECFD,E0FF7016,00000020,000001CB
460,51343600,FF93FF0E,FFFF03D5,FFBE0000,FFFF0001,002545B6,3C9381BD,2801ECFD,E0FF2816,00000020,000001CC
461,51758100,FF89FF0E,FFFF03D5,FFB90000,FFFF0002,002545A2,3C920187,2801ECFD,E0FEF016,00000020,000001CD
462,48767900,FF7CFEF1,FFFF03D5,FFB40000,FFFF0002,0025458D,3C9201C0,2801ECFD,E0FEB016,00000020,000001CE
463,48597300,FF70FE8F,FFFF03D5,FFAF0001,FFFF0002,00254576,3C90818F,2801ECFD,E0FE8016,00000020,000001CF
464,127970300,FF62FE80,FFFF03D5,FFAA0001,FFFE0002,0024455E,3C9001AC,2801ECFD,E0FE5016,00000020,000001D0
465,13389800,FF59FE7F,FFFF03D5,FFA50001,FFFE0003,00244544,3C8E0190,2801ECFD,E0FE2016,00000020,000001D1
466,52511300,FF4AFE81,FFFF03D5,FFA00000,FFFE0003,00244529,3C8E01FF,2801ECFD,E0FDF816,00000020,000001D2
467,48508800,FF3AFE80,FFFF03D5,FF9B0000,FFFE0003,0023450D,3C8B8182,2801ECFD,E0FDD016,00000020,000001D3
468,50609800,FF35FE82,FFFF03D5,FF950000,FFFE0003,002344EF,3C8B81B5,2801ECFD,E0FDB016,00000020,000001D4
469,51074200,FF25FE82,FFFF03D5,FF900000,FFFE0003,002344CF,3C898198,2801ECFD,E0FD8816,00000020,000001D5
470,49504200,FF17FE83,FFFF03D5,FF8B0000,FFFE0004,002344AE,3C888200,2801ECFD,E0FD6816,00000020,000001D6
471,52240500,FF0FFE67,FFFF03D5,FF850000,FFFE0004,0022448C,3C868186,2801ECFD,E0FD5016,00000020,000001D7
472,51869000,FF06FE03,FFFF03D5,FF800001,FFFE0004,00224468,3C8501D2,2801ECFD,E0FD3016,00000020,000001D8
473,49586000,FEFBFDF4,FFFF03D5,FF7A0001,FFFE0004,00214442,3C8481C0,2801ECFD,E0FD1816,00000020,000001D9
474,50442800,FEEFFDF6,FFFF03D4,FF750001,FFFD0005,0021441B,3C8281A8,2801ECFD,E0FD0016,00000020,000001DA
475,50163800,FEE5FDF5,FFFF03D4,FF700000,FFFD0005,002143F2,3C8081A1,2801ECFD,E0FCF016,00000020,000001DB
476,49826000,FED6FDF7,FFFF03D4,FF6B0000,FFFD0005,002043C7,3C7F018E,2801ECFD,E0FCD816,00000020,000001DC
477,138229900,FECCFDF7,FFFF03D4,FF650000,FFFD0005,0020439C,3C7D0193,2801ECFD,E0FCC816,00000020,000001DD
478,13130800,FEC6FDF9,FFFF03D4,FF610000,FFFD0005,001F436F,3C7C0190,2801ECFD,E0FCB816,00000020,000001DE
479,50989300,FEB8FE27,FFFF03D4,FF5C0000,FFFD0005,001F4340,3C7B01C8,2801ECFD,E0FCA816,00000020,000001DF
480,50917100,FEB1FE87,FFFF03D4,FF570000,FFFD0006,001F4310,3C790191,2801F342,E0FC9816,00000020,000001E0
481,49574700,FEA7FE8E,000003D4,FF530000,FFFD0006,001E42DF,3C78018F,2801F342,E0FC9016,00000020,000001E1
482,49970400,FEA5FE8E,000003D5,FF4F0000,FFFE0006,001E42AC,3C770198,2801F342,E0FC8816,00000020,000001E2
483,50788100,FE9EFE90,000003D5,FF4B0000,FFFE0006,001E4279,3C758188,2801F342,D0FC8016,00000020,000001E3
484,50421700,FE9AFE92,000003D5,FF480000,FFFE0006,001E4245,3C74818C,2801F342,D0FC7816,00000020,000001E4
485,49333600,FE94FE93,000003D5,FF450000,FFFE0006,001D420F,3C7301A4,2801F342,D0FC7816,00000020,000001E5
486,50144700,FE95FE93,000003D5,FF420000,FFFE0006,001D41D9,3C7301B8,2801F342,D0FC7016,00000020,000001E6
487,50198800,FE8FFE95,000003D4,FF400000,FFFE0007,001D41A2,3C7181A2,2801F342,D0FC7016,00000020,000001E7
488,49569100,FE8AFE95,000003D4,FF3E0000,FFFE0007,001C416B,3C7081AC,2801F342,D0FC6816,00000020,000001E8
489,149141500,FE8CFE98,000003D4,FF3C0000,FFFE0007,001C4133,3C6F01A4,2801F342,D0FC6816,00000020,000001E9
490,12348700,FE89FE96,000003D4,FF3B0000,FFFE0007,001C40FB,3C6D8185,2801F342,D0FC7016,00000020,000001EA
491,51011700,FE8EFE98,000003D4,FF3B0000,FFFE0007,001B40C2,3C6D01A2,2801F342,D0FC7016,00000020,000001EB
492,50709800,FE88FE9B,000003D4,FF3A0000,FFFE0007,001B408A,3C6B818E,2801F342,D0FC7016,00000020,000001EC
493,51494400,FE8BFE9A,000003D4,FF3A0000,FFFE0007,001B4051,3C6A018F,2801F342,D0FC7816,00000020,000001ED
494,52298800,FE90FE9C,000003D4,FF3B0000,FFFE0007,001B4019,3C6A01FB,2801F342,D0FC7816,00000020,000001EE
495,48073900,FE95FE9C,000003D4,FF3C0000,FFFE0007,001A3FE0,3C680188,2801F342,D0FC8016,00000020,000001EF
496,49625400,FE96FE9E,000003D4,FF3D0000,FFFE0007,001A3FA8,3C6781B5,2801F342,D0FC8816,00000020,000001F0
497,49147600,FE96FECF,000003D4,FF3F0000,FFFE0007,001A3F71,3C660188,2801F342,D0FC9016,00000020,000001F1
498,144036300,FE9EFF2F,000003D4,FF410000,FFFE0007,001A3F3A,3C65818F,2801F342,D0FCA016,00000020,000001F2
499,12962700,FEA3FF33,000003D5,FF430000,FFFE0006,001A3F03,3C6501B7,2801F342,D0FCB016,00000020,000001F3
500,50512200,FEB0FF33,000003D5,FF470000,FFFE0006,00193ECE,3C640190,2801F342,D0FCC016,00000020,000001F4
501,51335400,FEB7FF36,000003D5,FF4B0000,FFFF0006,00193E9A,3C6381E4,2801F342,D0FCD016,00000020,000001F5
502,51166300,FEC0FF36,000103D5,FF4F0000,FFFF0006,00193E66,3C62818C,2801F342,D0FCE816,00000020,000001F6
503,50819200,FEC9FF38,000103D5,FF540000,FFFF0006,00193E35,3C62018D,2801F342,D0FD0016,00000020,000001F7
504,50143000,FED3FF38,000103D5,FF5A0000,FFFF0006,00193E04,3C618194,2801F342,D0FD1816,00000020,000001F8
505,49100500,FEDDFF39,000103D5,FF5F0000,FFFF0006,00193DD6,3C610196,2801F342,D0FD3016,00000020,000001F9
506,50853700,FEE9FF65,000103D5,FF640000,FFFF0005,00183DA9,3C60818F,2801F342,D0FD5016,00000020,000001FA
507,140743600,FEEEFFB0,000103D5,FF6A0000,FFFF0005,00183D7D,3C6101C2,2801F342,D0FD7016,00000020,000001FB
508,13393100,FEFDFFB1,000103D5,FF700000,FFFF0005,00183D53,3C60019C,2801F342,D0FD9816,00000020,000001FC
509,50602300,FF0BFFB2,000103D5,FF770000,FFFF0005,00183D2B,3C60019F,2801F342,D0FDB816,00000020,000001FD
510,50331100,FF12FFC2,000103D5,FF7D0000,FFFF0005,00183D05,3C5F818B,2801F7E3,D0FDE016,00000020,000001FE
511,49296800,FF22FFE0,000103D5,FF830000,00000004,00183CE1,3C5F81AE,2801F7E3,D0FE1016,00000020,000001FF
512,49501600,FF29000A,000103D5,FF8A0000,00000004,00183CBE,3C5F818B,2801F7E3,D0FE4816,00000020,00000200
513,48242400,FF39002C,000103D5,FF90FFFF,00000004,00183C9E,3C5F818B,2801F7E3,D0FE7816,00000020,00000201
514,51229000,FF42004B,000103D5,FF96FFFF,00000004,00183C7F,3C5F8181,2801F7E3,D0FEB016,00000020,00000202
515,53386700,FF4D005E,000103D5,FF9C0000,00000004,00183C61,3C60018F,2801F7E3,D0FEF016,00000020,00000203
516,154658400,FF57006E,000103D5,FFA20000,00000003,00193C46,3C6081A3,2801F7E3,D0FF3016,00000020,00000204
517,13533100,FF61007A,000103D5,FFA80000,00000003,00193C2C,3C610199,2801F7E3,D0FF6816,00000020,00000205
518,50159700,FF670082,000103D5,FFAD0000,00010003,00193C14,3C610194,2801F7E3,D0FFA816,00000020,00000206
519,50579800,FF740087,000103D5,FFB30000,00010003,00193BFD,3C618191,2801F7E3,D0FFB016,00000020,00000207
520,49891700,FF78008E,000103D5,FFB70000,00010003,00193BE8,3C6281A3,2801F7E3,D0FFB016,00000020,00000208
521,52166000,FF82008F,000003D5,FFBB0000,00010003,00193BD4,3C6281A0,2801F7E3,D0FFB016,00000020,00000209
522,51808300,FF880093,000003D5,FFBF0000,00010002,00193BC1,3C630189,2801F7E3,D0FFB016,00000020,0000020A
523,48374800,FF8E0096,000003D5,FFC30000,00010002,00193BAF,3C638196,2801F7E3,D0FFB016,00000020,0000020B
524,49632400,FF930098,000003D5,FFC60000,00010002,00193B9E,3C6401A7,2801F7E3,D0FFB016,00000020,0000020C
525,49304700,FF96009A,000003D5,FFC80000,00010002,001A3B8E,3C648195,2801F7E3,D0FFB016,00000020,0000020D
526,51096300,FF9B009C,000003D5,FFCA0000,00010002,001A3B7E,3C660202,2801F7E3,D0FFB016,00000020,0000020E
527,171319200,FFA0009B,000003D5,FFCC0000,00010002,001A3B6F,3C650189,2801F7E3,D0FFB016,00000020,0000020F
528,13204300,FFA3009D,000003D5,FFCD0000,00010002,001A3B60,3C65818E,2801F7E3,D0FFB016,00000020,00000210
529,50824600,FFA6009C,000003D5,FFCE0000,00010002,001A3B52,3C6681B5,2801F7E3,D0FFB016,00000020,00000211
530,50017700,FFA500A1,000003D5,FFCE0000,00010002,001A3B43,3C6681F1,2801F7E3,D0FFB016,00000020,00000212
531,52368900,FFAD009E,000003D5,FFCE0000,00010002,001A3B35,3C6701C5,2801F7E3,D0FFB016,00000020,00000213
532,49541100,FFA400A3,000003D5,FFCE0000,00010002,001A3B27,3C67818B,2801F7E3,D0FFB016,00000020,00000214
533,50362100,FFAA00A1,000003D5,FFCE0000,00010002,001A3B18,3C6881CE,2801F7E3,D0FFB016,00000020,00000215
534,51584400,FFAC00A0,000003D5,FFCD0000,00010002,001B3B0A,3C6901A9,2801F7E3,D0FFB016,00000020,00000216
535,49838900,FFA800A2,000003D5,FFCC0000,00010002,001B3AFB,3C690194,2801F7E3,D0FFB016,00000020,00000217
536,155887500,FFA000A7,000003D5,FFCB0000,00010002,001B3AEC,3C6A81D0,2801F7E3,D0FFB016,00000020,00000218
537,14790500,FFAB00A1,000003D5,FFCA0000,00010002,001B3ADC,3C6A0198,2801F7E3,D0FFB016,00000020,00000219
538,48122300,FFA000A6,000003D5,FFC80000,00010002,001B3ACD,3C6B8215,2801F7E3,D0FFB016,00000020,0000021A
539,49300300,FFA100A5,000003D5,FFC60000,00010002,001B3ABC,3C6C01F4,2801F7E3,D0FFB016,00000020,0000021B
540,50532900,FF9F00A7,000003D5,FFC50000,00010002,001B3AAB,3C6B81F0,2801FACE,D0FFB016,00000020,0000021C
541,51167900,FF9B00A8,000003D5,FFC30000,00010002,001C3A9A,3C6C81B6,2801FACE,D0FFB016,00000020,0000021D
542,50034000,FF9900A7,000003D5,FFC10000,00010002,001C3A88,3C6C8186,2801FACE,D0FFB016,00000020,0000021E
543,50396600,FF9400A9,000003D5,FFBF0000,00010002,001C3A76,3C6D019C,2801FACE,D0FFB016,00000020,0000021F
544,48158700,FF9100A9,000003D5,FFBC0000,00010002,001C3A62,3C6E01D4,2801FACE,D0FFB016,00000020,00000220
545,147657300,FF8D00AB,000003D5,FFBA0000,00010002,001C3A4F,3C6E81DE,2801FACE,D0FFA016,00000020,00000221
546,12093300,FF8A00AB,000003D5,FFB80000,00010002,001C3A3A,3C6E81B9,2801FACE,D0FF8816,00000020,00000222
547,50147000,FF8500AC,000003D5,FFB60000,00010002,001C3A25,3C7081E6,2801FACE,D0FF6816,00000020,00000223
548,52568300,FF8300AC,000003D5,FFB30000,00010002,001C3A10,3C7001E8,2801FACE,D0FF4816,00000020,00000224
549,51263900,FF7B00AE,000003D5,FFB10000,00010002,001D39F9,3C7101FC,2801FACE,D0FF3016,00000020,00000225
550,50054700,FF7B00AD,000003D5,FFAF0000,00010002,001D39E2,3C7101B0,2801FACE,D0FF1016,00000020,00000226
551,50189200,FF7300AF,000003D5,FFAD0000,00010002,001D39CB,3C7181E2,2801FACE,D0FEF816,00000020,00000227
552,51037400,FF7000AF,000003D5,FFAA0000,00010002,001D39B2,3C71818F,2801FACE,D0FEE816,00000020,00000228
553,151524800,FF6900B1,000003D5,FFA80000,00010003,001D399A,3C728195,2801FACE,D0FEC816,00000020,00000229
554,13578300,FF6700B1,000003D5,FFA60000,00010003,001D3980,3C7381AB,2801FACE,D0FEB816,00000020,0000022A
555,50373200,FF6200B1,000003D5,FFA40000,00010003,001D3966,3C7401BE,2801FACE,D0FEA016,00000020,0000022B
556,49701400,FF5C00AE,000003D5,FFA20000,00010003,001E394B,3C740191,2801FACE,D0FE9016,00000020,0000022C
557,51064700,FF550086,000003D5,FFA00000,00010003,001E3930,3C748193,2801FACE,D0FE7816,00000020,0000022D
558,48447100,FF530037,000003D5,FF9F0001,00010003,001E3914,3C7581DC,2801FACE,D0FE6816,00000020,0000022E
559,50770400,FF4FFFF6,000003D5,FF9D0001,00010003,001E38F8,3C74819F,2801FACE,D0FE5016,00000020,0000022F
560,52500800,FF48FFD2,000003D5,FF9B0001,00000003,001E38DB,3C7481A8,2801FACE,D0FE4016,00000020,00000230
561,150495100,FF44FF9F,000003D5,FF9A0001,00000003,001D38BE,3C7481AA,2801FACE,D0FE3016,00000020,00000231
562,12471800,FF43FF42,000003D5,FF980001,00000003,001D38A0,3C730187,2801FACE,D0FE1816,00000020,00000232
563,51770100,FF40FF35,000003D5,FF960001,00000003,001D3882,3C7281BE,2801FACE,D0FE0816,00000020,00000233
564,50450700,FF36FF34,000003D5,FF940001,FFFF0003,001D3863,3C7281C2,2801FACE,D0FDF816,00000020,00000234
565,49714700,FF38FF2D,000003D5,FF910001,FFFF0004,001D3844,3C71819F,2801FACE,D0FDE816,00000020,00000235
566,48043200,FF32FF2F,000003D5,FF8F0000,FFFF0004,001D3824,3C708183,2801FACE,D0FDD816,00000020,00000236
567,49864200,FF2DFF2E,000003D5,FF8D0000,FFFF0004,001C3803,3C7001A3,2801FACE,D0FDC816,00000020,00000237
568,50674100,FF2BFF2D,000003D5,FF8B0000,FFFF0004,001C37E2,3C7001A5,2801FACE,D0FDC016,00000020,00000238
569,150044000,FF27FF2F,000003D5,FF880000,FFFF0004,001C37C0,3C6F81C4,2801FACE,D0FDB816,00000020,00000239
570,13969500,FF23FF2F,000003D5,FF860000,FFFF0004,001C379D,3C6E018F,2801FBD0,D0FDA816,00000020,0000023A
571,50175400,FF22FF2E,000003D5,FF840000,FFFF0004,001C377A,3C6D818E,2801FBD0,D0FDA016,00000020,0000023B
572,51110400,FF1FFF2F,000003D5,FF830000,FFFF0004,001C3756,3C6C81A1,2801FBD0,D0FD9816,00000020,0000023C
573,51135700,FF1BFF30,000003D5,FF810000,FFFF0004,001B3732,3C6D01BF,2801FBD0,D0FD9816,00000020,0000023D
574,49708900,FF1BFF31,000003D5,FF7F0000,FFFF0004,001B370D,3C6B8187,2801FBD0,D0FD9016,00000020,0000023E
575,50403700,FF18FF30,000003D5,FF7E0000,FFFF0004,001B36E8,3C6B81C2,2801FBD0,D0FD8816,00000020,0000023F
576,50720400,FF16FF32,000003D5,FF7D0000,FFFF0004,001B36C3,3C6A818D,2801FBD0,D0FD8816,00000020,00000240
577,156608800,FF15FF33,000003D5,FF7C0000,FFFF0004,001B369D,3C6A01A7,2801FBD0,D0FD8816,00000020,00000241
578,13764000,FF15FF32,000003D5,FF7B0000,FFFF0004,001B3677,3C690189,2801FBD0,D0FD8016,00000020,00000242
579,49932400,FF15FF33,000003D5,FF7B0000,FFFF0004,001A3651,3C6A8288,2801FBD0,D0FD8016,00000020,00000243
580,50266800,FF13FF34,000003D5,FF7A0000,FFFF0004,001A362B,3C6801B8,2801FBD0,D0FD8016,00000020,00000244
581,51129000,FF13FF35,000003D5,FF7A0000,FFFF0004,001A3604,3C6701AC,2801FBD0,D0FD8816,00000020,00000245
582,51877900,FF15FF60,000003D5,FF7A0000,FFFF0004,001A35DE,3C66818F,2801FBD0,D0FD8816,00000020,00000246
583,47794400,FF14FFA9,000003D5,FF7A0000,FFFF0004,001A35B8,3C66018C,2801FBD0,D0FD8816,00000020,00000247
584,50262700,FF17FFAA,000003D5,FF7A0000,FFFF0004,001A3591,3C6601B9,2801FBD0,D0FD9816,00000020,00000248
585,50884700,FF16FFAD,000003D5,FF7B0000,FFFF0004,001A356B,3C6681BC,2801FBD0,D0FDA016,00000020,00000249
586,160607100,FF1AFFAC,000003D5,FF7C0000,FFFF0004,001A3545,3C658190,2801FBD0,D0FDA016,00000020,0000024A
587,13411500,FF1EFFAB,000003D5,FF7D0000,FFFF0004,001A3520,3C6601B1,2801FBD0,D0FDA816,00000020,0000024B
588,49639700,FF1EFFAD,000003D5,FF7E0000,FFFF0004,001A34FA,3C650181,2801FBD0,D0FDB816,00000020,0000024C
589,49958100,FF21FFAE,000003D5,FF800000,00000004,001A34D6,3C648187,2801FBD0,D0FDC016,00000020,0000024D
590,50836400,FF24FFAC,000003D5,FF810000,00000004,001A34B1,3C6481A4,2801FBD0,D0FDC816,00000020,0000024E
591,50283400,FF28FFAD,000003D5,FF830000,00000004,0019348D,3C6401CA,2801FBD0,D0FDD816,00000020,0000024F
592,50026700,FF28FFB1,000003D5,FF850000,00000004,0019346A,3C640192,2801FBD0,D0FDE016,00000020,00000250
593,49542900,FF2DFFBE,000003D5,FF860000,00000004,00193447,3C6481AE,2801FBD0,D0FDF016,00000020,00000251
594,51336900,FF30FFDD,000003D5,FF880000,00000004,00193424,3C6401CB,2801FBD0,D0FDF816,00000020,00000252
595,159077000,FF350003,000003D5,FF8A0000,00000004,00193402,3C638199,2801FBD0,D0FE0816,00000020,00000253
596,13213700,FF330030,000003D5,FF8B0000,00000004,001933E0,3C638182,2801FBD0,D0FE1816,00000020,00000254
597,50455900,FF3F0046,000003D5,FF8D0000,00000004,001933BF,3C640197,2801FBD0,D0FE2816,00000020,00000255
598,50790000,FF3D0061,000003D5,FF8F0000,00000004,001A339F,3C6401DC,2801FBD0,D0FE3816,00000020,00000256
599,50567800,FF420070,000003D5,FF900000,00000004,001A337E,3C6481AA,2801FBD0,D0FE4816,00000020,00000257
600,49736000,FF45007D,000003D5,FF930000,00000004,001A335F,3C6601EC,2801FAE1,D0FE6016,00000020,00000258
601,49256000,FF4A0084,000003D5,FF940000,00010003,001A3340,3C6581A0,2801FAE1,D0FE7016,00000020,00000259
602,50040800,FF49008F,000003D5,FF960000,00010003,001A3321,3C66019B,2801FAE1,D0FE8016,00000020,0000025A
603,138649200,FF4F0090,000003D5,FF980000,00010003,001A3303,3C668199,2801FAE1,D0FE9016,00000020,0000025B
604,14226500,FF500096,000003D5,FF9A0000,00010003,001A32E6,3C670192,2801FAE1,D0FEA016,00000020,0000025C
605,50180000,FF530098,000003D5,FF9C0000,00010003,001A32C9,3C6781AB,2801FAE1,D0FEA816,00000020,0000025D
606,50277400,FF55009B,000003D5,FF9E0000,00010003,001A32AD,3C6801A5,2801FAE1,D0FEB816,00000020,0000025E
607,50904400,FF56009F,000003D5,FF9F0000,00010003,001B3291,3C6901CE,2801FAE1,D0FEC016,00000020,0000025F
608,49915500,FF58009F,000003D5,FFA00000,00010003,001B3276,3C68818D,2801FAE1,D0FEC816,00000020,00000260
609,51327200,FF5A00A1,000003D5,FFA20000,00010003,001B325A,3C6A01EC,2801FAE1,D0FED016,00000020,00000261
610,50502200,FF5D00A1,000003D5,FFA30000,00010003,001B3240,3C6A81D3,2801FAE1,D0FEE016,00000020,00000262
611,51290300,FF5D00A4,000003D5,FFA40000,00010003,001B3225,3C6A81A7,2801FAE1,D0FEE016,00000020,00000263
612,50768500,FF5E00A4,000003D5,FFA40000,00010003,001B320B,3C6A8193,2801FAE1,D0FEE016,00000020,00000264
613,50681700,FF5F00A5,000003D5,FFA50000,00010003,001B31F1,3C6B0192,2801FAE1,D0FEE816,00000020,00000265
614,51604300,FF6000A5,000003D5,FFA50000,00010003,001B31D7,3C6C01BB,2801FAE1,D0FEE816,00000020,00000266
615,49423700,FF5F00A8,000003D5,FFA60000,00010003,001C31BD,3C6E82AD,2801FAE1,D0FEE016,00000020,00000267
616,49929200,FF6100A6,000003D5,FFA60000,00010003,001C31A3,3C6C8186,2801FAE1,D0FEE016,00000020,00000268
617,50201200,FF6000A9,000003D5,FFA60000,00010003,001C3189,3C6D819F,2801FAE1,D0FEE016,00000020,00000269
618,51083300,FF6000A8,000003D5,FFA60000,00010003,001C316F,3C6D81A0,2801FAE1,D0FED816,00000020,0000026A
619,50565300,FF5F00AA,000003D5,FFA60000,00010003,001C3155,3C6E0196,2801FAE1,D0FED816,00000020,0000026B
620,51385100,FF5F00AA,000003D5,FFA50000,00010003,001C313B,3C6E818E,2801FAE1,D0FED016,00000020,0000026C
621,101648700,FF5E00AB,000003D5,FFA50000,00010003,001C3121,3C6F81B7,2801FAE1,D0FEC816,00000020,0000026D
622,51058600,FF5C00AD,000003D5,FFA40000,00010003,001C3107,3C7081CB,2801FAE1,D0FEC016,00000020,0000026E
623,50393300,FF5A00AF,000003D5,FFA40000,00010003,001D30ED,3C7081C8,2801FAE1,D0FEC016,00000020,0000026F
624,52250900,FF5B00AC,000003D5,FFA30000,00010003,001D30D2,3C7101A3,2801FAE1,D0FEB016,00000020,00000270
625,50706000,FF5800AF,000003D5,FFA20000,00010003,001D30B7,3C710188,2801FAE1,D0FEA816,00000020,00000271
626,148067800,FF5700AF,000003D5,FFA20000,00010003,001D309C,3C72019B,2801FAE1,D0FEA816,00000020,00000272
627,15402400,FF5500B0,000003D5,FFA10000,00010003,001D3081,3C72019D,2801FAE1,D0FE9816,00000020,00000273
628,50363900,FF5200AD,000003D5,FFA00000,00010003,001D3066,3C7381CC,2801FAE1,D0FE9016,00000020,00000274
629,50582500,FF520082,000003D5,FFA00000,00010003,001D304A,3C7381A2,2801FAE1,D0FE8816,00000020,00000275
630,51098900,FF4C0038,000003D5,FF9F0001,00010003,001D302F,3C7381A2,2801F823,D0FE7816,00000020,00000276
631,49005000,FF4BFFF7,000003D5,FF9F0001,00010003,001D3013,3C730188,2801F823,D0FE7016,00000020,00000277
632,50894200,FF49FFD3,000003D5,FF9E0001,00000003,001D2FF7,3C7381AC,2801F823,D0FE6016,00000020,00000278
633,51218700,FF46FFBF,000003D5,FF9D0001,00000003,001D2FDB,3C7401F9,2801F823,D0FE5016,00000020,00000279
634,49803700,FF45FFB1,000003D5,FF9C0001,00000003,001D2FBE,3C7381DC,2801F823,D0FE4816,00000020,0000027A
635,49535600,FF43FFAA,000003D5,FF9B0001,00000003,001D2FA1,3C7201CA,2801F823,D0FE3816,00000020,0000027B
636,49932900,FF41FFA7,000003D5,FF990000,00000003,001D2F84,3C7201A3,2801F823,D0FE3016,00000020,0000027C
637,50542100,FF3DFFA6,000003D5,FF970000,00000003,001D2F66,3C72019E,2801F823,D0FE2016,00000020,0000027D
638,49100500,FF3CFFA3,000003D5,FF960000,00000003,001D2F48,3C718195,2801F823,D0FE1816,00000020,0000027E
639,50563000,FF3AFF84,000003D5,FF940000,00000004,001D2F29,3C7181B7,2801F823,D0FE1016,00000020,0000027F
640,127981100,FF38FF36,000003D5,FF930001,FFFF0004,001D2F0A,3C7081BE,2801F823,D0FE0016,00000020,00000280
641,14699500,FF37FF2D,000003D5,FF910001,FFFF0004,001C2EEA,3C7001B4,2801F823,D0FDF816,00000020,00000281
642,51088200,FF32FF30,000003D5,FF900000,FFFF0004,001C2ECB,3C6F819F,2801F823,D0FDE816,00000020,00000282
643,49412500,FF31FF2E,000003D5,FF8F0000,FFFF0004,001C2EAA,3C6F01BD,2801F823,D0FDE016,00000020,00000283
644,49304700,FF2DFF30,000003D5,FF8D0000,FFFF0004,001C2E89,3C6F0206,2801F823,D0FDD816,00000020,00000284
645,51907700,FF2DFF2E,000003D5,FF8C0000,FFFF0004,001C2E68,3C6D81A4,2801F823,D0FDD016,00000020,00000285
646,50276600,FF29FF32,000003D5,FF8A0000,FFFF0004,001C2E47,3C6C818C,2801F823,D0FDD016,00000020,00000286
647,49933200,FF2AFF2F,000003D5,FF890000,FFFF0004,001B2E25,3C6C018E,2801F823,D0FDC816,00000020,00000287
648,50346500,FF27FF5C,000003D5,FF880000,FFFF0004,001B2E02,3C6C01A5,2801F823,D0FDC016,00000020,00000288
649,49925600,FF25FFA5,000003D5,FF870000,FFFF0004,001B2DE0,3C6B819C,2801F823,D0FDC016,00000020,00000289
650,49612100,FF25FFA6,000003D5,FF860000,FFFF0004,001B2DBD,3C6B81B4,2801F823,D0FDC016,00000020,0000028A
651,51283300,FF24FFA8,000003D5,FF850000,FFFF0004,001B2D9A,3C6B0196,2801F823,D0FDC016,00000020,0000028B
652,54476800,FF24FFA8,000003D5,FF850000,FFFF0004,001B2D76,3C6A81AF,2801F823,D0FDC016,00000020,0000028C
653,46727000,FF24FFA9,000003D5,FF840000,FFFF0004,001B2D53,3C6B01DA,2801F823,D0FDC016,00000020,0000028D
654,49504200,FF26FFA7,000003D5,FF850000,FFFF0004,001B2D30,3C698199,2801F823,D0FDC816,00000020,0000028E
655,51554900,FF25FFA9,000003D5,FF850000,FFFF0004,001B2D0C,3C698199,2801F823,D0FDC816,00000020,0000028F
656,66623000,FF25FFA9,000003D5,FF850000,00000004,001B2CE9,3C698194,2801F823,D0FDC816,00000020,00000290
657,178021000,FF26FFA9,000003D5,FF850000,00000004,001B2CC6,3C6981AF,2801F823,D0FDD016,00000020,00000291
658,13957900,FF26FFAB,000003D5,FF860000,00000004,001B2CA3,3C690198,2801F823,D0FDD816,00000020,00000292
659,49848600,FF28FFA9,000003D5,FF860000,00000004,001B2C80,3C68818E,2801F823,D0FDD816,00000020,00000293
660,51244500,FF29FFAA,000003D5,FF870000,00000004,001A2C5D,3C6901CD,2801F3B1,D0FDE016,00000020,00000294
661,51054100,FF2AFFAA,000003D5,FF880000,00000004,001A2C3A,3C68019B,2801F3B1,D0FDE816,00000020,00000295
662,50650700,FF2CFFAB,000003D5,FF880000,00000004,001A2C18,3C67818A,2801F3B1,D0FDE816,00000020,00000296
663,50570400,FF2DFFAC,000003D5,FF890000,00000004,001A2BF6,3C6881F4,2801F3B1,D0FDF016,00000020,00000297
664,61385200,FF30FFA9,000003D5,FF8A0000,00000004,001A2BD4,3C6781DB,2801F3B1,D0FDF816,00000020,00000298
665,179240800,FF31FFAC,000003D5,FF8B0000,00000004,001A2BB2,3C6701B8,2801F3B1,D0FE0016,00000020,00000299
666,13798200,FF33FFAD,000003D5,FF8C0000,00000004,001A2B91,3C6701C7,2801F3B1,D0FE0816,00000020,0000029A
667,50610700,FF34FFBE,000003D5,FF8D0000,00000004,001A2B70,3C66818B,2801F3B1,D0FE0816,00000020,0000029B
668,50152900,FF37FFD9,000003D5,FF8E0000,00000004,001A2B4F,3C6681CB,2801F3B1,D0FE1016,00000020,0000029C
669,52133300,FF390004,000003D5,FF8E0000,00000004,001A2B2E,3C668191,2801F3B1,D0FE2016,00000020,0000029D
670,49594400,FF3B002C,000003D5,FF8F0000,00000004,001A2B0E,3C6601A7,2801F3B1,D0FE2816,00000020,0000029E
671,49754500,FF3F0049,000003D5,FF90FFFF,00000004,001A2AEE,3C6681C2,2801F3B1,D0FE3016,00000020,0000029F
672,49934900,FF410062,000003D5,FF910000,00000004,001A2ACE,3C670187,2801F3B1,D0FE4016,00000020,000002A0
673,50172900,FF430072,000003D5,FF920000,00000004,001A2AAE,3C670184,2801F3B1,D0FE4816,00000020,000002A1
674,49407200,FF45007F,000003D5,FF930000,00000004,001A2A8F,3C6881EA,2801F3B1,D0FE5816,00000020,000002A2
675,125382300,FF470088,000003D5,FF940000,00010003,001A2A70,3C6901C6,2801F3B1,D0FE6016,00000020,000002A3
676,14094500,FF480090,000003D5,FF960000,00010003,001B2A51,3C68819C,2801F3B1,D0FE7016,00000020,000002A4
677,50037800,FF4A0094,000003D5,FF970000,00010003,001B2A33,3C6901B0,2801F3B1,D0FE7816,00000020,000002A5
678,50000500,FF4B009A,000003D5,FF980000,00010003,001B2A15,3C690183,2801F3B1,D0FE8016,00000020,000002A6
679,50340200,FF4D009C,000003D5,FF9A0000,00010003,001B29F8,3C69819D,2801F3B1,D0FE9016,00000020,000002A7
680,50277000,FF4E00A0,000003D5,FF9B0000,00010003,001B29DB,3C6A81A9,2801F3B1,D0FE9016,00000020,000002A8
681,50428600,FF4F00A1,000003D5,FF9C0000,00010003,001B29BE,3C6A818E,2801F3B1,D0FE9816,00000020,000002A9
682,50272300,FF5000A4,000003D5,FF9D0000,00010003,001B29A2,3C6B01B2,2801F3B1,D0FEA016,00000020,000002AA
683,50987800,FF5200A2,000003D5,FF9E0000,00010003,001B2985,3C6C01FC,2801F3B1,D0FEA816,00000020,000002AB
684,50290300,FF5200A7,000003D5,FF9E0000,00010003,001C2969,3C6C81AA,2801F3B1,D0FEA816,00000020,000002AC
685,51011500,FF5300A8,000003D5,FF9F0000,00010003,001C294E,3C6D01AD,2801F3B1,D0FEA816,00000020,000002AD
686,50787400,FF5400A7,000003D5,FFA00000,00010003,001C2932,3C6D01BD,2801F3B1,D0FEB016,00000020,000002AE
687,50834000,FF5400A8,000003D5,FFA00000,00010003,001C2916,3C6D81A9,2801F3B1,D0FEA816,00000020,000002AF
688,50497400,FF5400AA,000003D5,FFA00000,00010003,001C28FB,3C6F01B7,2801F3B1,D0FEA816,00000020,000002B0
689,52346900,FF5400AB,000003D5,FFA00000,00010003,001C28E0,3C6E8192,2801F3B1,D0FEB016,00000020,000002B1
690,50089400,FF5400AC,000003D5,FFA00000,00010003,001C28C4,3C6F81F2,2801ED8F,D0FEA816,00000020,000002B2
691,50761700,FF5300AC,000003D5,FFA00000,00010003,001C28A9,3C7081D3,2801ED8F,D0FEA016,00000020,000002B3
692,48825800,FF5300AC,000003D5,FFA00000,00010003,001D288D,3C708190,2801ED8F,D0FEA016,00000020,000002B4
693,50124500,FF5200AE,000003D5,FFA00000,00010003,001D2872,3C7181CD,2801ED8F,D0FE9816,00000020,000002B5
694,50423100,FF5100AF,000003D5,FFA00000,00010003,001D2856,3C7101CF,2801ED8F,D0FE9816,00000020,000002B6
695,49989700,FF5000AA,000003D5,FF9F0000,00010003,001D283B,3C7281D6,2801ED8F,D0FE9016,00000020,000002B7
696,50010100,FF4E0082,000003D5,FF9F0000,00010003,001D281F,3C72019A,2801ED8F,D0FE8816,00000020,000002B8
697,51799500,FF4C0038,000003D5,FF9F0001,00010003,001D2803,3C728195,2801ED8F,D0FE8016,00000020,000002B9
698,50366700,FF4AFFF7,000003D5,FF9F0001,00010003,001D27E7,3C728198,2801ED8F,D0FE7816,00000020,000002BA
699,50944800,FF49FFD4,000003D5,FF9F0001,00000003,001D27CB,3C720191,2801ED8F,D0FE6816,00000020,000002BB
700,51071900,FF47FFBF,000003D5,FF9E0001,00000003,001D27AF,3C720191,2801ED8F,D0FE6016,00000020,000002BC
701,51278300,FF46FFB1,000003D5,FF9D0001,00000003,001D2793,3C71819F,2801ED8F,D0FE5816,00000020,000002BD
702,50563900,FF45FFAD,000003D5,FF9C0001,00000003,001D2777,3C7281EF,2801ED8F,D0FE4816,00000020,000002BE
703,49988400,FF43FFA6,000003D5,FF9B0000,00000003,001D275A,3C710197,2801ED8F,D0FE4016,00000020,000002BF
704,50324200,FF41FFA7,000003D5,FF990000,00000003,001D273D,3C7101A0,2801ED8F,D0FE3016,00000020,000002C0
705,51124200,FF40FFA4,000003D5,FF980000,00000003,001D271F,3C708191,2801ED8F,D0FE3016,00000020,000002C1
706,51685400,FF3EFFA3,000003D5,FF970000,00000003,001D2701,3C7181F3,2801ED8F,D0FE2016,00000020,000002C2
707,50095400,FF3CFFA4,000003D5,FF950000,00000004,001C26E3,3C7101D4,2801ED8F,D0FE1816,00000020,000002C3
708,50602200,FF3AFFA5,000003D5,FF940000,00000004,001C26C4,3C7001C7,2801ED8F,D0FE1016,00000020,000002C4
709,50357600,FF38FFA5,000003D5,FF930000,00000004,001C26A5,3C7081E9,2801ED8F,D0FE0816,00000020,000002C5
710,51446500,FF37FFA3,000003D5,FF920000,00000004,001C2685,3C7001B9,2801ED8F,D0FE0016,00000020,000002C6
711,51445300,FF35FFA5,000003D5,FF900000,00000004,001C2665,3C6F0193,2801ED8F,D0FDF816,00000020,000002C7
712,50200300,FF33FFA6,000003D5,FF8F0000,00000004,001C2645,3C6F01A9,2801ED8F,D0FDF816,00000020,000002C8
713,50142100,FF32FFA3,000003D5,FF8E0000,00000004,001C2625,3C6E819B,2801ED8F,D0FDF016,00000020,000002C9
714,50164700,FF30FFA6,000003D5,FF8D0000,00000004,001C2604,3C6E0187,2801ED8F,D0FDE816,00000020,000002CA
715,50802500,FF2FFFA4,000003D5,FF8D0000,00000004,001C25E3,3C6D8185,2801ED8F,D0FDE816,00000020,000002CB
716,50188400,FF2EFFA6,000003D5,FF8C0000,00000004,001C25C2,3C6D81CB,2801ED8F,D0FDE816,00000020,000002CC
717,51263000,FF2DFFA6,000003D5,FF8C0000,00000004,001C25A1,3C6D8193,2801ED8F,D0FDE816,00000020,000002CD
718,49751000,FF2CFFA6,000003D5,FF8B0000,00000004,001C257F,3C6D01B0,2801ED8F,D0FDE016,00000020,000002CE
719,50848500,FF2CFFA4,000003D5,FF8B0000,00000004,001C255D,3C6C818B,2801ED8F,D0FDE016,00000020,000002CF
720,50089900,FF2BFFA8,000003D5,FF8A0000,00000004,001C253C,3C6C81B0,2801E67D,D0FDE016,00000020,000002D0
721,50325000,FF2BFFA6,000003D5,FF8A0000,00000004,001B251A,3C6C81AA,2801E67D,D0FDE016,00000020,000002D1
722,50450400,FF2BFFA7,000003D5,FF8A0000,00000004,001B24F8,3C6B8197,2801E67D,D0FDE816,00000020,000002D2
723,49918000,FF2CFFA7,000003D5,FF8B0000,00000004,001B24D7,3C6B8189,2801E67D,D0FDF016,00000020,000002D3
724,50248500,FF2DFFA8,000003D5,FF8B0000,00000004,001B24B5,3C6B81AC,2801E67D,D0FDF816,00000020,000002D4
725,50350000,FF2EFFA7,000003D5,FF8C0000,00000004,001B2494,3C6A8189,2801E67D,D0FE0016,00000020,000002D5
726,51604100,FF2FFFA9,000003D5,FF8E0000,00000004,001B2473,3C6A81AD,2801E67D,D0FE1016,00000020,000002D6
727,50415800,FF32FFA6,000003D5,FF8F0000,00000004,001B2452,3C6A81A0,2801E67D,D0FE2816,00000020,000002D7
728,50337600,FF35FFA9,000003D5,FF920000,00000004,001B2433,3C6A81D3,2801E67D,D0FE3816,00000020,000002D8
729,51160200,FF38FFAC,000003D5,FF940000,00000004,001B2413,3C6A81C3,2801E67D,D0FE4816,00000020,000002D9
730,51008400,FF3DFFB9,000003D5,FF970000,00000004,001B23F5,3C6A019D,2801E67D,D0FE7016,00000020,000002DA
731,49338200,FF41FFDA,000003D5,FF9A0000,00000004,001B23D7,3C698198,2801E67D,D0FE8816,00000020,000002DB
732,51316700,FF460001,000003D5,FF9D0000,00000004,001B23BB,3C6A01BF,2801E67D,D0FEA816,00000020,000002DC
733,50882900,FF4C002A,000003D5,FFA00000,00000003,001B239F,3C6A81D6,2801E67D,D0FED016,00000020,000002DD
734,50882500,FF52004C,000003D5,FFA4FFFF,00000003,001B2384,3C6981A4,2801E67D,D0FF0816,00000020,000002DE
735,50614200,FF590064,000003D5,FFA8FFFF,00000003,001B236A,3C6A81A9,2801E67D,D0FF3816,00000020,000002DF
736,49825800,FF5F0077,000003D5,FFAC0000,00000003,001B2352,3C6A8185,2801E67D,D0FF7016,00000020,000002E0
737,50426100,FF670080,000003D5,FFB10000,00000003,001B233B,3C6B81AB,2801E67D,D0FFB816,00000020,000002E1
738,50981100,FF6E008F,000003D5,FFB50000,00010003,001B2325,3C6B01B8,2801E67D,D0FFF816,00000020,000002E2
739,50878900,FF750093,000003D5,FFBA0000,00010003,001B2310,3C6C0190,2801E67D,D0FFF816,00000020,000002E3
740,50407400,FF7B009C,000003D5,FFBF0000,00010003,001C22FD,3C6C81B7,2801E67D,D0FFF816,00000020,000002E4
741,50908300,FF83009C,000003D5,FFC30000,00010003,001C22EB,3C6E8217,2801E67D,D0FFF816,00000020,000002E5
742,51666500,FF8A00A3,000003D5,FFC80000,00010002,001C22DB,3C6D8197,2801E67D,D0FFF816,00000020,000002E6
743,51071900,FF9100A4,000003D5,FFCD0000,00010002,001C22CB,3C6E01B0,2801E67D,D0FFF816,00000020,000002E7
744,49481300,FF9800A7,000003D5,FFD10000,00010002,001C22BD,3C6E01C7,2801E67D,D0FFF816,00000020,000002E8
745,50054200,FFA000A8,000003D5,FFD50000,00010002,001C22B1,3C6F01C7,2801E67D,D0FFF816,00000020,000002E9
746,50579000,FFA700AB,000003D5,FFDA0000,00010002,001C22A5,3C6F819A,2801E67D,D0FFF816,00000020,000002EA
747,51272200,FFAE00AA,000003D5,FFDE0000,00010002,001C229B,3C70019A,2801E67D,D007F816,00000020,000002EB
748,51020200,FFC000AE,000103D5,FFE90000,00010002,001D2293,3C708194,2801E67D,D007F816,00000020,000002EC
749,51223800,FFCC00AE,000103D5,FFF20000,00010001,001D228E,3C720204,2801E67D,D007F816,00000020,000002ED
750,50463900,FFD100AE,000103D5,FFF80000,00010001,001D228B,3C7101AE,2801DE13,D007F816,00000020,000002EE
751,51430600,FFD900B2,000103D5,FFFC0000,00010001,001D228A,3C7201AF,2801DE13,D007F816,00000020,000002EF
752,50061300,FFE000B0,000003D5,FFFF0000,00010001,001D2289,3C7281CF,2801DE13,D007F816,00000020,000002F0
753,50273800,FFE600B2,000003D5,00000000,00010001,001D2289,3C7381BE,2801DE13,D007F816,00000020,000002F1
754,50147300,FFEC00B2,000003D5,00010000,00010001,001D2289,3C7401AA,2801DE13,D007F816,00000020,000002F2
755,51019700,FFF100B2,000003D5,00020000,00010001,001E2289,3C7501C5,2801DE13,D007F816,00000020,000002F3
756,50760600,FFF500B4,000003D5,00020000,00010000,001E228A,3C748198,2801DE13,D007F816,00000020,000002F4
757,51406400,FFF900B5,000003D5,00020000,00010000,001E228B,3C7501D3,2801DE13,D007F816,00000020,000002F5
758,51477200,FFFB00B6,000003D5,00020000,00010000,001E228B,3C75818E,2801DE13,D007F816,00000020,000002F6
759,49702400,FFFD00B7,000003D5,00010000,00010000,001E228B,3C760185,2801DE13,D007F816,00000020,000002F7
760,49773000,FFFE00B7,000003D5,00010000,00010000,001E228C,3C7701B0,2801DE13,D007F816,00000020,000002F8
761,50685000,FFFF00B9,000003D5,00010000,00010000,001E228C,3C770191,2801DE13,E007F816,00000020,000002F9
762,50107500,000000BA,000003D5,00010000,00010000,001F228C,3C780194,2801DE13,E007F816,00000020,000002FA
763,50234800,000000BA,000003D5,00010000,00010000,001F228D,3C780196,2801DE13,E007F816,00000020,000002FB
764,51735300,000000BA,000003D5,00000000,00010000,001F228D,3C788183,2801DE13,E007F816,00000020,000002FC
765,51802200,000000BC,000003D5,00000000,00010000,001F228D,3C7A8229,2801DE13,E007F816,00000020,000002FD
766,50035400,000000BC,000003D5,00000000,00010000,001F228D,3C7A01D3,2801DE13,E007F816,00000020,000002FE
767,50800500,000000BE,000003D5,00000000,00010000,001F228D,3C7B01B3,2801DE13,E007F816,00000020,000002FF
768,52015700,000000BE,000003D5,00000000,00010000,001F228D,3C7C81F5,2801DE13,E007F816,00000020,00000300
769,50148900,000000BF,000003D5,00000000,00010000,0020228D,3C7C0197,2801DE13,E007F816,00000020,00000301
770,49172200,000000C0,000003D5,00000000,00010000,0020228D,3C7C818A,2801DE13,E007F816,00000020,00000302
771,51140400,000000C1,000003D5,00000000,00010000,0020228D,3C7E01DA,2801DE13,E007F816,00000020,00000303
772,50035600,000000C1,000003D5,00000000,00010000,0020228D,3C7D8184,2801DE13,E007F816,00000020,00000304
773,50205500,000000C2,000003D5,00000000,00010000,0020228D,3C7E0194,2801DE13,E007F816,00000020,00000305
774,49429100,000000C3,000003D5,00000000,00010000,0020228D,3C7F81AB,2801DE13,E007F816,00000020,00000306
775,51052200,000000C5,000003D5,00000000,00010000,0021228D,3C7F0189,2801DE13,E007F816,00000020,00000307
776,50291700,000000C6,000003D5,00000000,00010000,0021228D,3C800197,2801DE13,E007F816,00000020,00000308
777,50880200,000000C5,000003D5,00000000,00010000,0021228D,3C808186,2801DE13,E007F816,00000020,00000309
778,49912500,000000C8,000003D5,00000000,00010000,0021228D,3C810196,2801DE13,E007F816,00000020,0000030A
779,50004400,000000C7,000003D5,00000000,00010000,0021228D,3C83821D,2801DE13,E007F816,00000020,0000030B
780,50521800,000000C9,000003D5,00000000,00010000,0021228D,3C82018C,2801D463,E007F816,00000020,0000030C
781,50043500,000000CA,000003D5,00000000,00010000,0021228D,3C8301B2,2801D463,E007F816,00000020,0000030D
782,50189500,000000CA,000003D5,00000000,00010000,0022228D,3C838191,2801D463,E007F816,00000020,0000030E
783,50185500,000000CC,000003D5,00000000,00010000,0022228D,3C8501C8,2801D463,E007F816,00000020,0000030F
784,51284000,000000CC,000003D5,00000000,00010000,0022228D,3C85019D,2801D463,E007F816,00000020,00000310
785,49898500,000000CD,000003D5,00000000,00010000,0022228D,3C8581A1,2BFDD463,E007F816,00000020,00000311
786,50838400,000C00CE,000003D5,00080000,00010000,0022228E,3C8781E8,2BFDD463,E007F816,00000020,00000312
787,50423200,001400CF,000003D5,000F0000,00010000,00222292,3C87019E,2BFDD463,E007F816,00000020,00000313
788,51079300,001600D1,000003D5,00140000,00010000,00232297,3C890225,2BFDD463,E007F816,00000020,00000314
789,51101700,001A00CF,000003D5,00180000,00010000,FF23229E,3C8881A9,2BFDD463,E007F816,00000020,00000315
790,50534300,001F00D2,000003D5,001B0000,00010000,FF2322A5,3C898203,2BFDD463,E007F816,00000020,00000316
791,50301600,002400D3,000003D5,001C0000,0001FFFF,FF2322AD,3C8981A3,2BFDD463,E007F816,00000020,00000317
792,50203100,001E00D3,000003D5,00150000,0001FFFF,FF2322B4,3C8A0197,2BFDD463,E007F816,00000020,00000318
793,49918600,001B00D5,000003D5,000F0000,00010000,FF2322B9,3C8A81D3,2BFDD463,E007F816,00000020,00000319
794,51606700,001D00D6,000003D5,000A0000,00010000,FF2422BD,3C8C01B7,2BFDD463,E007F816,00000020,0000031A
795,49297900,001C00D7,000003D5,00070000,00010000,FF2422BF,3C8C019F,2BFDD463,E007F816,00000020,0000031B
796,51114100,001A00D6,000003D5,00040000,00010000,FF2422C0,3C8C0190,2BFDD463,E007F816,00000020,0000031C
797,50612200,001700DA,000003D5,00020000,00010000,FF2422C1,3C8D01BA,2BFDD463,E007F816,00000020,0000031D
798,49212000,001300D9,000003D5,00000000,00010000,FF2422C1,3C8D81A6,2BFDD463,E007F816,00000020,0000031E
799,50915400,001000DA,000003D5,FFFF0000,00010000,FF2422C1,3C8F01A5,2BFDD463,E007F816,00000020,0000031F
800,49872200,001800DB,000003D5,00070000,00010000,FF2522C2,3C908206,2BFDD463,E007F816,00000020,00000320
801,50532100,001D00DC,000003D5,000D0000,00010000,FF2522C5,3C90019C,2BFDD463,E007F816,00000020,00000321
802,51807100,001D00DE,000003D5,00120000,0001FFFF,FF2522CA,3C900185,2BFDD463,E007F816,00000020,00000322
803,50460900,001400DE,000003D5,000E0000,00010000,FF2522CF,3C910199,2BFDD463,E007F816,00000020,00000323
804,51345600,001000E0,000003D5,000A0000,00010000,FF2522D2,3C9281F1,2BFDD463,E007F816,00000020,00000324
805,51514400,001100E0,000003D5,00070000,00010000,FF2522D4,3C9281AA,2BFDD463,E007F816,00000020,00000325
806,50424200,001100E2,000003D5,00050000,00010000,FF2622D6,3C93819D,2BFDD463,E007F816,00000020,00000326
807,50837300,001000E3,000003D5,00030000,00010000,FF2622D7,3C9401AD,2BFDD463,E007F816,00000020,00000327
808,50959500,000F00E3,000003D5,00010000,00010000,FF2622D7,3C94819C,2BFDD463,E007F816,00000020,00000328
809,49806200,000D00E3,000003D5,00000000,00010000,FF2622D8,3C950185,2BFDD463,E007F816,00000020,00000329
810,50841000,000B00E4,000003D5,00000000,00010000,FF2622D8,3C96819F,2BFDC978,E007F816,00000020,0000032A
811,49605700,000900E4,000003D5,FFFF0000,00010000,FF2722D7,3C9681BF,2BFDC978,E007F816,00000020,0000032B
812,50831000,000700E4,000003D5,FFFF0000,00010000,FF2722D7,3C97018E,2BFDC978,E007F816,00000020,0000032C
813,49683500,000500E3,000003D5,FFFF0000,00010000,FF2722D7,3C9901B7,2BFDC978,E007F816,00000020,0000032D
814,50443400,000400E5,000003D5,FFFF0000,00010000,FF2722D7,3C9901BF,2BFDC978,E007F816,00000020,0000032E
815,51573200,000300E3,000003D5,FFFF0000,00010000,FF2722D6,3C9A01BB,2BFDC978,E007F816,00000020,0000032F
816,50624600,000200E4,000003D5,FFFF0000,00010000,002722D6,3C9A0188,2BFDC978,E007F816,00000020,00000330
817,51425000,000100E4,000003D5,FFFF0000,00010000,002822D6,3C9B01A0,2BFDC978,E007F816,00000020,00000331
818,50270700,000100E4,000003D5,FFFF0000,00010000,002822D6,3C9D01DF,2BFDC978,E007F816,00000020,00000332
819,49198600,000000E5,000003D5,FFFF0000,00010000,002822D5,3C9C01A7,2BFDC978,E007F816,00000020,00000333
820,51566500,000000E4,000003D5,00000000,00010000,002822D5,3C9D0196,2BFDC978,E007F816,00000020,00000334
821,50856200,000000E5,000003D5,00000000,00010000,002822D5,3C9E01AF,2BFDC978,E007F816,00000020,00000335
822,50884700,000000E4,000003D5,00000000,00010000,002822D5,3C9E819C,2BFDC978,E007F816,00000020,00000336
823,50650800,000A00E4,000003D5,00080000,00010000,002922D6,3C9F0191,2BFDC978,E007F816,00000020,00000337
824,51218900,000700E4,000003D5,00060000,00010000,002922D8,3C9F8197,2BFDC978,E007F816,00000020,00000338
825,50971700,000200E5,000003D5,00050000,00010000,FF2922DA,3CA0018E,2BFDC978,E007F816,00000020,00000339
826,49571000,000400E4,000003D5,00040000,00010000,FF2922DB,3CA0819E,2BFDC978,E007F816,00000020,0000033A
827,49897700,000500E5,000003D5,00030000,00010000,FF2922DC,3CA20199,2BFDC978,E007F816,00000020,0000033B
828,50938200,000600E4,000003D5,00020000,00010000,FF2A22DD,3CA381C8,2BFDC978,E007F816,00000020,0000033C
829,57881000,000500E5,000003D5,00010000,00010000,FF2A22DD,3CA30191,2BFDC978,E007F816,00000020,0000033D
830,47158900,000500E4,000003D5,00010000,00010000,FF2A22DD,3CA3819E,2BFDC978,E007F816,00000020,0000033E
831,49564000,000500E5,000003D5,00000000,00010000,FF2A22DD,3CA581BD,2BFDC978,E007F816,00000020,0000033F
832,49578200,000400E5,000003D5,00000000,00010000,FF2A22DD,3CA581AB,2BFDC978,E007F816,00000020,00000340
833,50070400,000300E5,000003D5,00000000,00010000,FF2A22DD,3CA581B7,2BFDC978,E007F816,00000020,00000341
834,52078400,000300E5,000003D5,00000000,00010000,FF2B22DD,3CA781D8,2BFDC978,E007F816,00000020,00000342
835,50131000,000200E5,000003D5,00000000,00020000,FF2B22DD,3CA801A8,2BFDC978,E007F816,00000020,00000343
836,51720300,000200E5,000003D5,00000000,00020000,002B22DD,3CA881D5,2BFDC978,E007F816,00000020,00000344
837,48628100,000100E0,000003D5,00000000,00010000,002B22DD,3CA901A4,2BFDC978,E007F816,00000020,00000345
838,105195800,000100AD,000003D5,00000000,00010000,002B22DD,3CAA021C,2BFDC978,E007F816,00000020,00000346
839,13341700,00010046,000003D5,00000001,00010000,002B22DD,3CA98191,2BFDC978,E007F816,00000020,00000347
840,50513200,0000FFEE,000003D5,00000001,00010000,002B22DD,3CAA0214,2801BD40,E007F816,00000020,00000348
841,50215900,0000FFB8,000003D5,00000001,00010000,002B22DD,3CA981A7,2801BD40,E007F816,00000020,00000349
842,51077600,000AFF99,000003D5,00070001,00000000,002B22DE,3CA981AB,2801BD40,E007F816,00000020,0000034A
843,53531000,0012FF89,000003D5,000D0001,00000000,002B22E1,3CA801B9,2801BD40,E007F816,00000020,0000034B
844,49830700,0014FF7E,000003D5,00120001,00000000,FF2B22E6,3CA881AF,2801BD40,E007F816,00000020,0000034C
845,47291700,0019FF7A,000003D5,00160000,00000000,FF2B22EC,3CA801A3,2801BD40,E007F816,00000020,0000034D
846,50998200,001FFF8A,000003D5,00190000,00000000,FF2B22F2,3CA78199,2801BD40,E007F816,00000020,0000034E
847,50769300,001AFFB2,000003D5,00130000,00000000,FF2B22F8,3CA701AD,2801BD40,E007F816,00000020,0000034F
848,49784600,0019FFEE,000003D5,000E0000,00000000,FF2B22FD,3CA68183,2801BD40,E007F816,00000020,00000350
849,51097400,001B0032,000003D5,000AFFFF,00000000,FF2B2300,3CA701A0,2801BD40,E007F816,00000020,00000351
850,134369300,001B0067,000003D5,0006FFFF,00000000,FF2B2302,3CA781BC,2801BD40,E007F816,00000020,00000352
851,15202800,001A008D,000003D5,0004FFFF,00000000,FF2B2304,3CA7818F,2801BD40,E007F816,00000020,00000353
852,48599900,001700A6,000003D5,0002FFFF,00010000,FF2B2304,3CA8819D,2801BD40,E007F816,00000020,00000354
853,50190600,00150086,000003D5,00000000,00010000,FF2B2305,3CA9019D,2801BD40,E007F816,00000020,00000355
854,50322000,00120030,000003D6,FFFF0000,00010000,FF2B2305,3CA881B7,2801BD40,E007F816,00000020,00000356
855,50002900,000FFFE0,000003D5,FFFE0001,00010000,FF2B2304,3CA881B2,2801BD40,E007F816,00000020,00000357
856,50885800,000CFFB0,000003D5,FFFE0001,00000000,FF2B2304,3CA981B8,2801BD40,E007F816,00000020,00000358
857,51744400,0009FF96,000003D5,FFFE0001,00000000,FF2B2303,3CA881F4,2801BD40,E007F816,00000020,00000359
858,49272000,0006FF86,000003D5,FFFE0001,00000000,FF2B2302,3CA78185,2801BD40,E007F816,00000020,0000035A
859,50877800,0004FF7F,000003D5,FFFE0001,00000000,FF2B2302,3CA781A9,2801BD40,E007F816,00000020,0000035B
860,50538600,0003FF8D,000003D5,FFFE0000,00000000,FF2B2301,3CA801BD,2801BD40,E007F816,00000020,0000035C
861,50147800,000CFFB3,000003D5,00060000,00000000,002B2302,3CA781B7,2801BD40,E007F816,00000020,0000035D
862,50579500,0013FFF0,000003D5,000C0000,00000000,002B2305,3CA68197,2801BD40,E007F816,00000020,0000035E
863,51606500,000A0033,000003D5,000AFFFF,00000000,FF2B2308,3CA701A3,2801BD40,E007F816,00000020,0000035F
864,51424500,00070067,000003D5,0008FFFF,00000000,FF2B230B,3CA881E9,2801BD40,E007F816,00000020,00000360
865,50682800,0009008E,000003D5,0006FFFF,00000000,FF2B230C,3CA7819E,2801BD40,E007F816,00000020,00000361
866,51009600,000A00AB,000003D5,0004FFFF,00010000,FF2B230E,3CA80188,2801BD40,E007F816,00000020,00000362
867,50457700,000B00B8,000003D5,0003FFFF,00010000,FF2B230F,3CA8818B,2801BD40,E007F816,00000020,00000363
868,50437200,000A0094,000003D5,00020000,00010000,FF2B230F,3CA9819D,2801BD40,E007F816,00000020,00000364
869,51248000,000A0037,000003D5,00010000,00010000,FF2B2310,3CA981A1,2801BD40,E007F816,00000020,00000365
870,49654100,0009FFE4,000003D5,00000001,00010000,FF2B2310,3CA901C2,2801AFA8,E007F816,00000020,00000366
871,50295600,0007FFB3,000003D5,00000001,00000000,FF2B2310,3CAA01BA,2801AFA8,E007F816,00000020,00000367
872,50323300,0006FF97,000003D5,FFFF0001,00000000,FF2B2310,3CAA81E5,2801AFA8,E007F816,00000020,00000368
873,50130300,0005FF87,000003D5,FFFF0001,00000000,FF2B230F,3CA881B1,2801AFA8,E007F816,00000020,00000369
874,51092400,0004FF7C,000003D5,FFFF0001,00000000,FF2B230F,3CA781BD,2801AFA8,E007F816,00000020,0000036A
875,50032900,0003FF7A,000003D5,FFFF0000,00000000,FF2B230F,3CA78197,2801AFA8,E007F816,00000020,0000036B
876,51152400,0002FF8A,000003D5,FFFF0000,00000000,002B230F,3CA78198,2801AFA8,E007F816,00000020,0000036C
877,50579500,0001FFB1,000003D5,FFFF0000,00000000,002B230E,3CA68186,2801AFA8,E007F816,00000020,0000036D
878,50634400,0001FFEE,000003D5,FFFF0000,00000000,002B230E,3CA7819F,2801AFA8,E007F816,00000020,0000036E
879,50127900,00000032,000003D5,FFFFFFFF,00000000,002B230E,3CA701CA,2801AFA8,E007F816,00000020,0000036F
880,50074500,00000066,000003D5,0000FFFF,00000000,002B230E,3CA701BD,2801AFA8,E007F816,00000020,00000370
881,51510400,0000008E,000003D5,0000FFFF,00000000,002B230E,3CA8019F,2801AFA8,E007F816,00000020,00000371
882,49929900,000000A5,000003D5,0000FFFF,00010000,002B230E,3CA901BC,2801AFA8,E007F816,00000020,00000372
883,50673100,00000087,000003D5,00000000,00010000,002B230E,3CA88196,2801AFA8,E007F816,00000020,00000373
884,52323700,0000002F,000003D5,00000000,00010000,002B230E,3CAB01FD,2801AFA8,E007F816,00000020,00000374
885,49718900,0000FFE0,000003D5,00000001,00010000,002B230E,3CA901A6,2801AFA8,E007F816,00000020,00000375
886,51372800,0000FFB0,000003D5,00000001,00000000,002B230E,3CA901AD,2801AFA8,E007F816,00000020,00000376
887,51529800,0000FF96,000003D5,00000001,00000000,002B230E,3CA8819F,2801AFA8,E007F816,00000020,00000377
888,50070000,0000FF86,000003D5,00000001,00000000,002B230E,3CA8019F,2801AFA8,E007F816,00000020,00000378
889,50480800,0000FF7F,000003D5,00000001,00000000,002B230E,3CA9822D,2801AFA8,E007F816,00000020,00000379
890,52036800,0000FF8D,000003D5,00000000,00000000,002B230E,3CA781A9,2801AFA8,E007F816,00000020,0000037A
891,51555500,0000FFB4,000003D5,00000000,00000000,002B230E,3CA701B9,2801AFA8,E007F816,00000020,0000037B
892,48999100,0000FFF0,000003D5,00000000,00000000,002B230E,3CA801D1,2801AFA8,E007F816,00000020,0000037C
893,51039300,00000032,000003D5,0000FFFF,00000000,002B230E,3CA70194,2801AFA8,E007F816,00000020,0000037D
894,50128700,00000067,000003D5,0000FFFF,00000000,002B230E,3CA781A9,2801AFA8,E007F816,00000020,0000037E
895,49619200,0000008E,000003D5,0000FFFF,00000000,002B230E,3CA80193,2801AFA8,E007F816,00000020,0000037F
896,50925200,000000AB,000003D5,0000FFFF,00010000,002B230E,3CA80191,2801AFA8,E007F816,00000020,00000380
897,51294300,000000B9,000003D5,0000FFFF,00010000,002B230E,3CA981AA,2801AFA8,E007F816,00000020,00000381
898,49349500,00000094,000003D5,00000000,00010000,002B230E,3CA901AA,2801AFA8,E007F816,00000020,00000382
899,50407400,00000037,000003D5,00000000,00010000,002B230E,3CAA81B6,2801AFA8,E007F816,00000020,00000383
900,52116000,0000FFE4,000003D5,00000001,00010000,002B230E,3CA9018D,2801A173,E007F816,00000020,00000384
901,49479800,0000FFB3,000003D5,00000001,00000000,002B230E,3CA9018C,2801A173,E007F816,00000020,00000385
902,50869400,0000FF97,000003D5,00000001,00000000,002B230E,3CAB823B,2801A173,E007F816,00000020,00000386
903,49664100,0000FF86,000003D5,00000001,00000000,002B230E,3CA881A0,2801A173,E007F816,00000020,00000387
904,50871700,0000FF7D,000003D5,00000001,00000000,002B230E,3CA901CD,2801A173,E007F816,00000020,00000388
905,51508900,0000FF7A,000003D5,00000000,00000000,002B230E,3CA7818B,2801A173,E007F816,00000020,00000389
906,51565600,0000FF89,000003D5,00000000,00000000,002B230E,3CA801AB,2801A173,E007F816,00000020,0000038A
907,49833900,0000FFB1,000003D5,00000000,00000000,002B230E,3CA781A8,2801A173,E007F816,00000020,0000038B
908,52517100,000BFFEE,000003D5,00080000,00000000,002B230F,3CA681B4,2801A173,E007F816,00000020,0000038C
909,49469600,00070031,000003D5,0006FFFF,00000000,002B2311,3CA781AD,2801A173,E007F816,00000020,0000038D
910,50815400,00030066,000003D5,0005FFFF,00000000,FF2B2313,3CA7019A,2801A173,E007F816,00000020,0000038E
911,54316600,0005008E,000003D5,0004FFFF,00000000,FF2B2314,3CA80199,2801A173,E007F816,00000020,0000038F
912,47710400,000600A5,000003D5,0003FFFF,00010000,FF2B2315,3CA901C9,2801A173,E007F816,00000020,00000390
913,48780500,00060087,000003D5,00020000,00010000,FF2B2315,3CA8819C,2801A173,E007F816,00000020,00000391
914,51066100,0006002F,000003D5,00010000,00010000,FF2B2316,3CA88189,2801A173,E007F816,00000020,00000392
915,125681000,0006FFE0,000003D5,00010001,00010000,FF2B2316,3CA981C2,2801A173,E007F816,00000020,00000393
916,13079600,0005FFB1,000003D5,00000001,00000000,FF2B2316,3CA9019D,2801A173,E007F816,00000020,00000394
917,51071800,0004FF95,000003D5,00000001,00000000,FF2B2316,3CA981C9,2801A173,E007F816,00000020,00000395
918,49802300,0004FF86,000003D5,00000001,00000000,FF2B2316,3CA801AE,2801A173,E007F816,00000020,00000396
919,50828400,0003FF7F,000003D5,00000001,00000000,FF2B2316,3CA781D5,2801A173,E007F816,00000020,00000397
920,49261600,0002FF8D,000003D5,00000000,00000000,FF2B2316,3CA801D2,2801A173,E007F816,00000020,00000398
921,51035400,0002FFB4,000003D5,00000000,00000000,002B2316,3CA681D4,2801A173,E007F816,00000020,00000399
922,51425200,0001FFF0,000003D5,00000000,00000000,002B2315,3CA70235,2801A173,E007F816,00000020,0000039A
923,49383900,00010032,000003D5,0000FFFF,00000000,002B2315,3CA781B5,2801A173,E007F816,00000020,0000039B
924,49151200,00000067,000003D5,0000FFFF,00000000,002B2315,3CA78197,2801A173,E007F816,00000020,0000039C
925,50067100,0000008E,000003D5,0000FFFF,00000000,002B2315,3CA78182,2801A173,E007F816,00000020,0000039D
926,50957000,000000AB,000003D5,0000FFFF,00010000,002B2315,3CA90225,2801A173,E007F816,00000020,0000039E
927,49789900,000000B9,000003D5,0000FFFF,00010000,002B2315,3CA88189,2801A173,E007F816,00000020,0000039F
928,50451800,00000094,000003D5,00000000,00010000,002B2315,3CA9018C,2801A173,E007F816,00000020,000003A0
929,51081300,00000037,000003D5,00000000,00010000,002B2315,3CA9819C,2801A173,E007F816,00000020,000003A1
930,50213800,0000FFE4,000003D5,00000001,00010000,002B2315,3CA98190,28019201,E007F816,00000020,000003A2
931,50952200,0000FFB3,000003D5,00000001,00000000,002B2315,3CA981AF,28019201,E007F816,00000020,000003A3
932,49721200,0000FF96,000003D5,00000001,00000000,002B2315,3CA981B8,28019201,E007F816,00000020,000003A4
933,50596700,0000FF86,000003D5,00000001,00000000,002B2315,3CA8019F,28019201,E007F816,00000020,000003A5
934,50045000,0000FF7D,000003D5,00000001,00000000,002B2315,3CA881A1,28019201,E007F816,00000020,000003A6
935,50362200,0000FF7A,000003D5,00000000,00000000,002B2315,3CA78191,28019201,E007F816,00000020,000003A7
936,50045600,0000FF89,000003D5,00000000,00000000,002B2315,3CA781B7,28019201,E007F816,00000020,000003A8
937,51797700,0000FFB2,000003D5,00000000,00000000,002B2315,3CA801C5,28019201,E007F816,00000020,000003A9
938,51229900,0000FFEE,000003D5,00000000,00000000,002B2315,3CA781A0,28019201,E007F816,00000020,000003AA
939,50437200,00000031,000003D5,0000FFFF,00000000,002B2315,3CA801BF,28019201,E007F816,00000020,000003AB
940,51223700,00000066,000003D5,0000FFFF,00000000,002B2315,3CA70185,28019201,E007F816,00000020,000003AC
941,50133500,0000008E,000003D5,0000FFFF,00000000,002B2315,3CA881B7,28019201,E007F816,00000020,000003AD
942,50658100,000000A5,000003D5,0000FFFF,00010000,002B2315,3CA801D7,28019201,E007F816,00000020,000003AE
943,49789000,00000087,000003D5,00000000,00010000,002B2315,3CA981BC,28019201,E007F816,00000020,000003AF
944,51321900,00000030,000003D5,00000000,00010000,002B2315,3CA90196,28019201,E007F816,00000020,000003B0
945,48874700,0000FFE0,000003D5,00000001,00010000,002B2315,3CAA01C5,28019201,E007F816,00000020,000003B1
946,51901600,0000FFB0,000003D5,00000001,00000000,002B2315,3CAA8245,28019201,E007F816,00000020,000003B2
947,49768900,0000FF96,000003D5,00000001,00000000,002B2315,3CA801A8,28019201,E007F816,00000020,000003B3
948,51229500,0000FF86,000003D5,00000001,00000000,002B2315,3CA80207,28019201,E007F816,00000020,000003B4
949,50609300,0000FF7F,000003D5,00000001,00000000,002B2315,3CA801A9,28019201,E007F816,00000020,000003B5
950,52308700,0000FF8C,000003D5,00000000,00000000,002B2315,3CA7819B,28019201,E007F816,00000020,000003B6
951,49700500,0000FFB4,000003D5,00000000,00000000,002B2315,3CA701AE,28019201,E007F816,00000020,000003B7
952,49711800,0000FFF0,000003D5,00000000,00000000,002B2315,3CA781B5,28019201,E007F816,00000020,000003B8
953,50813900,00000032,000003D5,0000FFFF,00000000,002B2315,3CA7019C,28019201,E007F816,00000020,000003B9
954,49723000,00000067,000003D5,0000FFFF,00000000,002B2315,3CA781A4,28019201,E007F816,00000020,000003BA
955,50735700,0000008E,000003D5,0000FFFF,00000000,002B2315,3CA801C6,28019201,E007F816,00000020,000003BB
956,50157400,000000AB,000003D5,0000FFFF,00010000,002B2315,3CA88195,28019201,E007F816,00000020,000003BC
957,49353200,000000B8,000003D5,0000FFFF,00010000,002B2315,3CA901A9,28019201,E007F816,00000020,000003BD
958,50544700,00000094,000003D5,00000000,00010000,002B2315,3CAA81C9,28019201,E007F816,00000020,000003BE
959,50462100,00000037,000003D5,00000000,00010000,002B2315,3CAA01C3,28019201,E007F816,00000020,000003BF
960,49946100,0000FFE4,000003D5,00000001,00010000,002B2315,3CA98193,2801821B,E007F816,00000020,000003C0
961,51311700,0000FFB3,000003D5,00000001,00000000,002B2315,3CA981A8,2801821B,E007F816,00000020,000003C1
962,49913200,0000FF96,000003D5,00000001,00000000,002B2315,3CA9019E,2801821B,E007F816,00000020,000003C2
963,51087900,0000FF86,000003D5,00000001,00000000,002B2315,3CA8018C,2801821B,E007F816,00000020,000003C3
964,49651200,0000FF7D,000003D5,00000001,00000000,002B2315,3CA981D6,2801821B,E007F816,00000020,000003C4
965,50091400,0000FF79,000003D5,00000000,00000000,002B2315,3CA881DE,2801821B,E007F816,00000020,000003C5
966,50080100,0000FF8A,000003D5,00000000,00000000,002B2315,3CA781AF,2801821B,E007F816,00000020,000003C6
967,50441000,0000FFB1,000003D5,00000000,00000000,002B2315,3CA68187,2801821B,E007F816,00000020,000003C7
968,49986300,0000FFEF,000003D5,00000000,00000000,002B2315,3CA781B7,2801821B,E007F816,00000020,000003C8
969,51943800,00000031,000003D5,0000FFFF,00000000,002B2315,3CA7819E,2801821B,E007F816,00000020,000003C9
970,52487700,00000066,000003D5,0000FFFF,00000000,002B2315,3CA781B5,2801821B,E007F816,00000020,000003CA
971,50314700,0000008E,000003D5,0000FFFF,00000000,002B2315,3CA78188,2801821B,E007F816,00000020,000003CB
972,52748700,000000A6,000003D5,0000FFFF,00010000,002B2315,3CA881B7,2801821B,E007F816,00000020,000003CC
973,48679200,00000087,000003D5,00000000,00010000,002B2315,3CA901B8,2801821B,E007F816,00000020,000003CD
974,50851500,00000030,000003D5,00000000,00010000,002B2315,3CA901A9,2801821B,E007F816,00000020,000003CE
975,50773300,0000FFDF,000003D5,00000001,00010000,002B2315,3CA88197,2801821B,E007F816,00000020,000003CF
976,50790800,0000FFB1,000003D5,00000001,00000000,002B2315,3CA80185,2801821B,E007F816,00000020,000003D0
977,50694200,0000FF95,000003D5,00000001,00000000,002B2315,3CA881BC,2801821B,E007F816,00000020,000003D1
978,51549800,0000FF86,000003D5,00000001,00000000,002B2315,3CA901C7,2801821B,E007F816,00000020,000003D2
979,51031200,0000FF7F,000003D5,00000001,00000000,002B2315,3CA881E0,2801821B,E007F816,00000020,000003D3
980,49526500,0000FF8D,000003D5,00000000,00000000,002B2315,3CA801D4,2801821B,E007F816,00000020,000003D4
981,50218000,0000FFB3,000003D5,00000000,00000000,002B2315,3CA7019B,2801821B,E007F816,00000020,000003D5
982,48463900,0000FFF0,000003D5,00000000,00000000,002B2315,3CA781D8,2801821B,E007F816,00000020,000003D6
983,51898100,00000033,000003D5,0000FFFF,00000000,002B2315,3CA701B3,2801821B,E007F816,00000020,000003D7
984,48134500,00000067,000003D5,0000FFFF,00000000,002B2315,3CA78199,2801821B,E007F816,00000020,000003D8
985,123361100,0000008E,000003D5,0000FFFF,00000000,002B2315,3CA7819E,2801821B,E007F816,00000020,000003D9
986,14494300,000000AA,000003D5,0000FFFF,00010000,002B2315,3CA901B0,2801821B,E007F816,00000020,000003DA
987,50852400,000000B9,000003D5,0000FFFF,00010000,002B2315,3CA90196,2801821B,E007F816,00000020,000003DB
988,49981900,00000093,000003D5,00000000,00010000,002B2315,3CAA01A6,2801821B,E007F816,00000020,000003DC
989,51410800,00000037,000003D5,00000000,00010000,002B2315,3CA9819B,2801821B,E007F816,00000020,000003DD
990,50486300,0000FFE4,000003D5,00000001,00010000,002B2315,3CA981AB,28017119,E007F816,00000020,000003DE
991,50738800,0000FFB3,000003D5,00000001,00000000,002B2315,3CA981A2,28017119,E007F816,00000020,000003DF
992,51161100,0000FF97,000003D5,00000001,00000000,002B2315,3CA8818C,28017119,E007F816,00000020,000003E0
993,50112200,0000FF86,000003D5,00000001,00000000,002B2315,3CA901B5,28017119,E007F816,00000020,000003E1
994,50733500,0000FF7C,000003D5,00000001,00000000,002B2315,3CA801B2,28017119,E007F816,00000020,000003E2
995,50488700,0000FF79,000003D5,00000000,00000000,002B2315,3CA881CE,28017119,E007F816,00000020,000003E3
996,49980300,0000FF89,000003D5,00000000,00000000,002B2315,3CA701E3,28017119,E007F816,00000020,000003E4
997,50384300,0000FFB3,000003D5,00000000,00000000,002B2315,3CA801E9,28017119,E007F816,00000020,000003E5
998,50159200,0000FFEE,000003D5,00000000,00000000,002B2315,3CA70196,28017119,E007F816,00000020,000003E6
999,50170600,00000031,000003D5,0000FFFF,00000000,002B2315,3CA70199,28017119,E007F816,00000020,000003E7
1000,51310300,00000066,000003D5,0000FFFF,00000000,002B2315,3CA781AF,28017119,E007F816,00000020,000003E8
1001,50913400,0000008F,000003D5,0000FFFF,00000000,002B2315,3CA881BA,28017119,E007F816,00000020,000003E9
1002,49044800,000000A5,000003D5,0000FFFF,00010000,002B2315,3CAB0246,28017119,E007F816,00000020,000003EA
1003,50751100,00000087,000003D5,00000000,00010000,002B2315,3CA8818D,28017119,E007F816,00000020,000003EB
1004,50283500,00000030,000003D5,00000000,00010000,002B2315,3CA901C5,28017119,E007F816,00000020,000003EC
1005,52859300,0000FFDF,000003D5,00000001,00010000,002B2315,3CA90206,28017119,E007F816,00000020,000003ED
1006,49931800,0000FFB1,000003D5,00000001,00000000,002B2315,3CA981E3,28017119,E007F816,00000020,000003EE
1007,50450900,0000FF96,000003D5,00000001,00000000,002B2315,3CA881D6,28017119,E007F816,00000020,000003EF
1008,48307000,0000FF85,000003D5,00000001,00000000,002B2315,3CA78195,28017119,E007F816,00000020,000003F0
1009,50383000,0000FF7F,000003D5,00000001,00000000,002B2315,3CA801A7,28017119,E007F816,00000020,000003F1
1010,48897200,0000FF8D,000003D5,00000000,00000000,002B2315,3CA781B2,28017119,E007F816,00000020,000003F2
1011,51346400,0000FFB3,000003D5,00000000,00000000,002B2315,3CA701AA,28017119,E007F816,00000020,000003F3
1012,50357300,0000FFEF,000003D5,00000000,00000000,002B2315,3CA7019E,28017119,E007F816,00000020,000003F4
1013,50448700,00000033,000003D5,0000FFFF,00000000,002B2315,3CA68184,28017119,E007F816,00000020,000003F5
1014,52028700,00000068,000003D5,0000FFFF,00000000,002B2315,3CA7018A,28017119,E007F816,00000020,000003F6
1015,49983500,0000008F,000003D5,0000FFFF,00000000,002B2315,3CA881B2,28017119,E007F816,00000020,000003F7
1016,50730800,000000AB,000003D5,0000FFFF,00010000,002B2315,3CA80193,28017119,E007F816,00000020,000003F8
1017,51077800,000000B9,000003D5,0000FFFF,00010000,002B2315,3CA981B1,28017119,E007F816,00000020,000003F9
1018,49687900,00000093,000003D5,00000000,00010000,002B2315,3CA9018F,28017119,E007F816,00000020,000003FA
1019,51253400,00000037,000003D5,00000000,00010000,002B2315,3CAA01AC,28017119,E007F816,00000020,000003FB
1020,50660700,0000FFE4,000003D5,00000001,00010000,002B2315,3CAA81CA,28015FDF,E007F816,00000020,000003FC
1021,50632600,0000FFB4,000003D5,00000001,00000000,002B2315,3CA90195,28015FDF,E007F816,00000020,000003FD
1022,50852800,0000FF95,000003D5,00000001,00000000,002B2315,3CA90198,28015FDF,E007F816,00000020,000003FE
1023,51354000,0000FF88,000003D5,00000001,00000000,002B2315,3CAA825B,28015FDF,E007F816,00000020,000003FF
1024,50288400,0000FF7C,000003D5,00000001,00000000,002B2315,3CA881A0,28015FDF,E007F816,00000020,00000400
1025,51332300,0000FF79,000003D5,00000000,00000000,002B2315,3CA781A9,28015FDF,E007F816,00000020,00000401
1026,49566800,0000FF8A,000003D5,00000000,00000000,002B2315,3CA9820C,28015FDF,E007F816,00000020,00000402
1027,51407900,0000FFB0,000003D5,00000000,00000000,002B2315,3CA701BD,28015FDF,E007F816,00000020,00000403
1028,49757300,0000FFEF,000003D5,00000000,00000000,002B2315,3CA7019C,28015FDF,E007F816,00000020,00000404
1029,51098200,00000031,000003D5,0000FFFF,00000000,002B2315,3CA78199,28015FDF,E007F816,00000020,00000405
1030,52153900,00000065,000003D5,0000FFFF,00000000,002B2315,3CA801AC,28015FDF,E007F816,00000020,00000406
1031,47770700,0000008F,000003D5,0000FFFF,00000000,002B2315,3CA8018E,28015FDF,E007F816,00000020,00000407
1032,52208900,000000A5,000003D5,0000FFFF,00010000,002B2315,3CAA01D3,28015FDF,E007F816,00000020,00000408
1033,50363300,00000087,000003D5,00000000,00010000,002B2315,3CA901BC,28015FDF,E007F816,00000020,00000409
1034,50094300,00000030,000003D5,00000000,00010000,002B2315,3CAA81CF,28015FDF,E007F816,00000020,0000040A
1035,50208500,0000FFE0,000003D5,00000001,00010000,002B2315,3CAA81E4,28015FDF,E007F816,00000020,0000040B
1036,50938400,0000FFB1,000003D5,00000001,00000000,002B2315,3CAA01CA,28015FDF,E007F816,00000020,0000040C
1037,50722900,0000FF95,000003D5,00000001,00000000,002B2315,3CA8018F,28015FDF,E007F816,00000020,0000040D
1038,50588100,0000FF87,000003D5,00000001,00000000,002B2315,3CA8019C,28015FDF,E007F816,00000020,0000040E
1039,50217000,0000FF7E,000003D5,00000001,00000000,002B2315,3CA70185,28015FDF,E007F816,00000020,0000040F
1040,50523500,0000FF8D,000003D5,00000000,00000000,002B2315,3CA7019D,28015FDF,E007F816,00000020,00000410
1041,50472000,0000FFB3,000003D5,00000000,00000000,002B2315,3CA781C2,28015FDF,E007F816,00000020,00000411
1042,49590000,0000FFF0,000003D5,00000000,00000000,002B2315,3CA701A5,28015FDF,E007F816,00000020,00000412
1043,50065500,00000033,000003D5,0000FFFF,00000000,002B2315,3CA701D3,28015FDF,E007F816,00000020,00000413
1044,50671100,00000066,000003D5,0000FFFF,00000000,002B2315,3CA801D6,28015FDF,E007F816,00000020,00000414
1045,50973700,0000008F,000003D5,0000FFFF,00000000,002B2315,3CA801AB,28015FDF,E007F816,00000020,00000415
1046,51732200,000000A6,000003D5,0000FFFF,00010000,002B2315,3CA8018E,28015FDF,E007F816,00000020,00000416
1047,46795500,00000086,000003D5,00000000,00010000,002B2315,3CA881AF,28015FDF,E007F816,00000020,00000417
1048,50467200,00000031,000003D5,00000000,00010000,002B2315,3CA8818D,28015FDF,E007F816,00000020,00000418
1049,50800500,0000FFDF,000003D5,00000001,00010000,002B2315,3CA881A5,28015FDF,E007F816,00000020,00000419
1050,50223900,0000FFB2,000003D5,00000001,00000000,002B2315,3CA80196,28014E33,E007F816,00000020,0000041A
1051,50371900,0000FF95,000003D5,00000001,00000000,002B2315,3CA801A3,28014E33,E007F816,00000020,0000041B
1052,49476900,0000FF86,000003D5,00000001,00000000,002B2315,3CA80199,28014E33,E007F816,00000020,0000041C
1053,49270800,0000FF7E,000003D5,00000001,00000000,002B2315,3CA981FE,28014E33,E007F816,00000020,0000041D
1054,51238400,0000FF8D,000003D5,00000000,00000000,002B2315,3CA801CD,28014E33,E007F816,00000020,0000041E
1055,51819600,0000FFB3,000003D5,00000000,00000000,002B2315,3CA7019E,28014E33,E007F816,00000020,0000041F
1056,49279200,0000FFF0,000003D5,00000000,00000000,002B2315,3CA781B5,28014E33,E007F816,00000020,00000420
1057,50220700,00000032,000003D5,0000FFFF,00000000,002B2315,3CA7018D,28014E33,E007F816,00000020,00000421
1058,50101100,00000067,000003D5,0000FFFF,00000000,002B2315,3CA7819F,28014E33,E007F816,00000020,00000422
1059,49311200,0000008F,000003D5,0000FFFF,00000000,002B2315,3CA7818D,28014E33,E007F816,00000020,00000423
1060,52755800,000000AB,000003D5,0000FFFF,00010000,002B2315,3CAA01FE,28014E33,E007F816,00000020,00000424
1061,49629000,000000B9,000003D5,0000FFFF,00010000,002B2315,3CA88181,28014E33,E007F816,00000020,00000425
1062,50960400,00000093,000003D5,00000000,00010000,002B2315,3CA981B5,28014E33,E007F816,00000020,00000426
1063,51064700,000B0036,000003D5,00080000,00010000,002B2316,3CAB01E8,28014E33,E007F816,00000020,00000427
1064,49446900,0014FFE6,000003D5,000F0001,00010000,002B231A,3CAA81D1,28014E33,E007F816,00000020,00000428
1065,53056900,0018FFB2,000003D5,00150001,00000000,FF2B231F,3CA981F4,28014E33,E007F816,00000020,00000429
1066,50600800,001FFF97,000003D5,001A0001,00000000,FF2B2326,3CA88183,28014E33,E007F816,00000020,0000042A
1067,49453300,0026FF6D,000003D5,001F0001,0000FFFF,FF2B232E,3CA901C7,28014E33,E007F816,00000020,0000042B
1068,51144900,002FFF11,000003D5,00230001,0000FFFF,FF2B2338,3CA78190,28014E33,E007F816,00000020,0000042C
1069,50004500,0038FF05,000003D5,00260001,FFFFFFFF,FF2B2342,3CA88202,28014E33,E007F816,00000020,0000042D
1070,50324100,0041FF02,000003D5,00290001,FFFFFFFF,FF2A234E,3CA681A3,28014E33,E007F816,00000020,0000042E
1071,49380700,004AFEFF,000003D5,002B0001,FFFFFFFF,FF2A235A,3CA5018B,28014E33,E007F816,00000020,0000042F
1072,51853500,0053FF00,000103D5,002E0000,FFFFFFFF,FF2A2367,3CA4818F,28014E33,E007F816,00000020,00000430
1073,49565800,005CFEFF,000103D5,00300000,FFFFFFFF,FF2A2374,3CA38188,28014E33,E007F816,00000020,00000431
1074,50388300,0064FEFF,000103D5,00320000,FFFFFFFF,FF2A2382,3CA381AF,28014E33,E007F816,00000020,00000432
1075,52096000,006CFF00,000103D5,00350000,FFFFFFFE,FF292391,3CA281B3,28014E33,E007E816,00000020,00000433
1076,49829000,0073FEE4,000003D5,00370000,FFFFFFFE,FF2923A1,3CA18197,28014E33,E007B816,00000020,00000434
1077,50223500,0079FE82,000003D5,003A0001,FFFEFFFE,FF2923B1,3CA0018C,28014E33,E0078016,00000020,00000435
1078,49716600,0081FE72,000003D5,003C0001,FFFEFFFE,FF2823C2,3C9F019A,28014E33,E0075016,00000020,00000436
1079,50437800,0089FE73,000003D5,003F0000,FFFEFFFE,FF2823D4,3C9E0195,28014E33,E0072816,00000020,00000437
1080,49295400,0091FE72,000003D5,00420000,FFFEFFFE,FF2823E7,3C9C819F,28013C28,E006F816,00000020,00000438
1081,52357200,0098FE73,000003D5,00460000,FFFEFFFE,FF2823FA,3C9B0182,28013C28,E006D016,00000020,00000439
1082,50023900,00A0FE74,000003D5,00490000,FFFEFFFD,FF27240F,3C9A01A6,28013C28,E006A816,00000020,0000043A
1083,49645300,00A8FE76,000003D5,004C0000,FFFEFFFD,FF272424,3C9981B9,28013C28,E0068816,00000020,0000043B
1084,51561200,00B0FE74,000003D5,00500000,FFFEFFFD,FF27243B,3C978198,28013C28,E0066016,00000020,0000043C
1085,49785500,00B8FE78,000003D5,00540000,FFFEFFFD,FF262452,3C9701B6,28013C28,E0064016,00000020,0000043D
1086,50334800,00BFFE5B,000003D5,00580000,FFFEFFFD,FF26246B,3C9601C0,28013C28,E0062016,00000020,0000043E
1087,50948800,00C5FDFB,000003D5,005C0001,FFFEFFFD,FF252485,3C938188,28013C28,E0060016,00000020,0000043F
1088,50587900,00CDFDEA,000003D5,00600001,FFFDFFFD,FF2524A0,3C9201A7,28013C28,E005E016,00000020,00000440
1089,50879000,00D7FDE9,000003D5,00640001,FFFDFFFC,FF2524BC,3C9101C3,28013C28,E005C816,00000020,00000441
1090,50961300,00E0FDEA,000003D4,00680000,FFFDFFFC,FF2424DA,3C8F81CA,28013C28,E005A816,00000020,00000442
1091,51165800,00E9FDEC,000003D4,006D0000,FFFDFFFC,FF2424F8,3C8D81C6,28013C28,E0059016,00000020,00000443
1092,49226400,00F2FDEC,000003D4,00710000,FFFDFFFC,FF232518,3C8B0190,28013C28,E0057816,00000020,00000444
1093,50645200,00FBFDEE,000003D4,00760000,FFFDFFFC,FF232539,3C898192,28013C28,E0055816,00000020,00000445
1094,48868300,0103FDEE,000003D4,007A0000,FFFDFFFC,FF23255C,3C8881A6,28013C28,E0054816,00000020,00000446
1095,50137300,010CFDF1,000003D4,007F0000,FFFDFFFB,FF222580,3C8701AE,28013C28,E0053016,00000020,00000447
1096,52404400,0114FDF2,000003D4,00840000,FFFDFFFB,FF2225A5,3C8601D9,28013C28,E0052016,00000020,00000448
1097,49402300,011CFDF3,000003D4,00880000,FFFDFFFB,FF2125CB,3C8481C5,28013C28,E0051016,00000020,00000449
1098,51456000,0124FDF4,000003D4,008C0000,FFFDFFFB,FF2125F3,3C8281AE,28013C28,E0050016,00000020,0000044A
1099,51124700,012BFDF6,000003D4,00900000,FFFDFFFB,FF20261C,3C800198,28013C28,E004F016,00000020,0000044B
1100,49139500,0131FDF6,000003D4,00930000,FFFDFFFB,FF202646,3C7F01CE,28013C28,E004E816,00000020,0000044C
1101,49595500,0139FE25,000003D4,00970000,FFFDFFFB,FF202670,3C7D81EB,28013C28,E004E016,00000020,0000044D
1102,50306200,0142FE84,000003D4,009A0000,FFFDFFFA,FF1F269C,3C7C81AF,28013C28,E004D816,00000020,0000044E
1103,49981100,0144FE8C,000003D4,009C0000,FFFDFFFA,FF1F26C9,3C7A818C,28013C28,E004D016,00000020,0000044F
1104,50243200,0147FE8E,000003D5,009F0000,FFFEFFFA,FF1F26F6,3C7A01B1,28013C28,E004D016,00000020,00000450
1105,49959400,0149FE8E,000003D5,00A10000,FFFEFFFA,FF1F2724,3C7901A8,28013C28,E004C816,00000020,00000451
1106,52483200,014AFE90,000003D5,00A20000,FFFEFFFA,FF1E2752,3C7781C7,28013C28,E004C816,00000020,00000452
1107,50243100,014CFE92,000003D5,00A30000,FFFEFFFA,FF1E2781,3C76018F,28013C28,E004C816,00000020,00000453
1108,50876800,014CFE93,000003D5,00A40000,FFFEFFFA,FF1E27B0,3C7581A0,28013C28,D004C816,00000020,00000454
1109,50676100,014CFE93,000003D5,00A50000,FFFEFFFA,FF1D27DF,3C7501C8,28013C28,D004C816,00000020,00000455
1110,50220800,014CFE94,000003D5,00A50000,FFFEFFFA,FF1D280E,3C728192,280129CF,D004D016,00000020,00000456
1111,51493000,014BFE96,000003D5,00A50000,FFFEFFFA,FF1D283D,3C7201A6,280129CF,D004D016,00000020,00000457
1112,50578900,0149FE99,000003D5,00A50000,FFFEFFFA,FF1D286D,3C7101CD,280129CF,D004D816,00000020,00000458
1113,51464000,0147FE97,000003D5,00A40000,FFFEFFFA,FF1C289C,3C7001A2,280129CF,D004E016,00000020,00000459
1114,49869600,0144FE98,000003D5,00A40000,FFFEFFFA,FF1C28CB,3C6E0184,280129CF,D004E816,00000020,0000045A
1115,51037400,0140FE9A,000003D5,00A30000,FFFEFFFA,FF1C28FA,3C6D8195,280129CF,D004F016,00000020,0000045B
1116,50367400,013FFEC9,000003D4,00A10000,FFFEFFFA,FF1B2928,3C6C018F,280129CF,D004F816,00000020,0000045C
1117,50219100,013BFF2C,000003D4,00A00000,FFFEFFFA,FF1B2956,3C6B81A0,280129CF,D0050016,00000020,0000045D
1118,50415100,0134FF2D,000003D5,009E0000,FFFEFFFA,FF1B2983,3C6B01B0,280129CF,D0051816,00000020,0000045E
1119,53906500,012DFF30,000003D5,009B0000,FFFEFFFA,FF1B29B0,3C6A8198,280129CF,D0052816,00000020,0000045F
1120,45507900,0125FF33,000003D5,00980000,FFFFFFFA,FF1B29DC,3C698195,280129CF,D0053816,00000020,00000460
1121,50207800,011EFF30,000003D5,00940000,FFFFFFFB,FF1B2A07,3C69019D,280129CF,D0055016,00000020,00000461
1122,50759700,0116FF33,000003D5,00900000,FFFFFFFB,FF1A2A30,3C6901F3,280129CF,D0056816,00000020,00000462
1123,49810600,010EFF33,000003D5,008C0000,FFFFFFFB,FF1A2A59,3C6781A2,280129CF,D0058016,00000020,00000463
1124,50890800,0105FF35,FFFF03D5,00880000,FFFFFFFB,FF1A2A81,3C6701BC,280129CF,D0059816,00000020,00000464
1125,49177500,00FEFF61,000003D5,00840000,FFFFFFFB,FF1A2AA7,3C6781E2,280129CF,D005B816,00000020,00000465
1126,49871600,00F5FFAA,FFFF03D5,007F0000,FFFFFFFB,FF1A2ACC,3C6781E3,280129CF,D005D816,00000020,00000466
1127,50334200,00EBFFAC,FFFF03D5,007A0000,FFFFFFFB,FF1A2AEF,3C6681D3,280129CF,D0060016,00000020,00000467
1128,51160400,00E1FFAD,FFFF03D5,00750000,FFFFFFFC,FF1A2B11,3C65818B,280129CF,D0062816,00000020,00000468
1129,50994500,00D7FFBE,FFFF03D5,00700000,FFFFFFFC,FF1A2B32,3C6681D5,280129CF,D0065016,00000020,00000469
1130,49499300,00CEFFDC,FFFF03D5,006B0000,0000FFFC,FF1A2B51,3C65819B,280129CF,D0068016,00000020,0000046A
1131,51590100,00C40005,FFFF03D5,00660000,0000FFFC,FF1A2B6F,3C6601A8,280129CF,D006B016,00000020,0000046B
1132,50131100,00BA002B,FFFF03D5,0061FFFF,0000FFFC,FF1A2B8B,3C6601C6,280129CF,D006E016,00000020,0000046C
1133,50168600,00AF004C,FFFF03D5,005CFFFF,0000FFFC,FF1A2BA6,3C658189,280129CF,D0072016,00000020,0000046D
1134,50120000,00A7005F,FFFF03D5,0057FFFF,0000FFFD,FF1A2BC0,3C6681BF,280129CF,D0075816,00000020,0000046E
1135,50987100,009E0073,FFFF03D5,00520000,0000FFFD,FF1A2BD8,3C6601A1,280129CF,D0079016,00000020,0000046F
1136,49599500,0095007F,FFFF03D5,004D0000,0000FFFD,FF1A2BEE,3C6801F1,280129CF,D007D816,00000020,00000470
1137,50235500,008D008A,FFFF03D5,00490000,0001FFFD,FF1A2C04,3C6801CD,280129CF,D007F816,00000020,00000471
1138,51651800,0087008D,000003D5,00450000,0001FFFD,FF1A2C18,3C6801B4,280129CF,D007F816,00000020,00000472
1139,50087200,007E0096,000003D5,00410000,0001FFFD,FF1A2C2B,3C68018E,280129CF,D007F816,00000020,00000473
1140,50882300,00790097,000003D5,003D0000,0001FFFE,FF1B2C3D,3C68819A,2801175B,D007F816,00000020,00000474
1141,50826500,0073009C,000003D5,003A0000,0001FFFE,FF1B2C4D,3C6981B6,2801175B,D007F816,00000020,00000475
1142,52340700,006D009F,000003D5,00370000,0001FFFE,FF1B2C5D,3C69819D,2801175B,D007F816,00000020,00000476
1143,51039600,006900A0,000003D5,00340000,0001FFFE,FF1B2C6D,3C6A81C7,2801175B,D007F816,00000020,00000477
1144,50324600,006300A4,000003D5,00320000,0001FFFE,FF1B2C7B,3C6A81A9,2801175B,D007F816,00000020,00000478
1145,49660000,005F00A4,000003D5,00300000,0001FFFE,FF1B2C89,3C6B018E,2801175B,D007F816,00000020,00000479
1146,49934700,005C00A5,000003D5,002E0000,0001FFFE,FF1B2C97,3C6B81CB,2801175B,D007F816,00000020,0000047A
1147,50309800,005900A5,000003D5,002D0000,0001FFFE,FF1B2CA4,3C6B81B7,2801175B,D007F816,00000020,0000047B
1148,51071200,005600A8,000003D5,002C0000,0001FFFE,FF1C2CB0,3C6C8197,2801175B,D007F816,00000020,0000047C
1149,50376300,005500A7,000003D5,002C0000,0001FFFE,FF1C2CBD,3C6D81A8,2801175B,D007F816,00000020,0000047D
1150,51726600,005200AB,000003D5,002C0000,0001FFFE,FF1C2CCA,3C6E01C3,2801175B,D007F816,00000020,0000047E
1151,50891700,005200A9,000003D5,002C0000,0001FFFE,FF1C2CD6,3C6E819F,2801175B,D007F816,00000020,0000047F
1152,49794300,005200AA,000003D5,002C0000,0001FFFE,FF1C2CE3,3C6E818C,2801175B,D007F816,00000020,00000480
1153,49888800,005100AD,000003D5,002C0000,0001FFFE,FF1C2CEF,3C6F81AE,2801175B,D007F816,00000020,00000481
1154,50170000,005200AC,000003D5,002D0000,0001FFFE,FF1C2CFC,3C7081D5,2801175B,D007F816,00000020,00000482
1155,50665700,005200AE,000003D5,002E0000,0001FFFE,FF1D2D09,3C7101CF,2801175B,D007F816,00000020,00000483
1156,50412800,005400AE,000003D5,002F0000,0001FFFE,FF1D2D17,3C7181D3,2801175B,D007F816,00000020,00000484
1157,49805000,005500AF,000003D5,00300000,0001FFFE,FF1D2D24,3C710185,2801175B,D007F816,00000020,00000485
1158,50307800,005700AF,000003D5,00320000,0001FFFE,FF1D2D32,3C718198,2801175B,D007F816,00000020,00000486
1159,49671900,005A00B0,000003D5,00330000,0001FFFE,FF1D2D41,3C7281AA,2801175B,D007F816,00000020,00000487
1160,50621000,005B00B2,000003D5,00350000,0001FFFE,FF1D2D50,3C7381D1,2801175B,D007F816,00000020,00000488
1161,50778100,005F00B1,000003D5,00360000,0001FFFE,FF1D2D5F,3C7381A4,2801175B,D007F816,00000020,00000489
1162,51814100,006100B4,000003D5,00380000,0001FFFE,FF1E2D6F,3C738188,2801175B,D007F816,00000020,0000048A
1163,50235500,006400B5,000003D5,003A0000,0001FFFE,FF1E2D80,3C740190,2801175B,D007F816,00000020,0000048B
1164,50588800,006800B4,000003D5,003C0000,0001FFFE,FF1E2D91,3C7501A8,2801175B,D007F816,00000020,0000048C
1165,51233500,006B00B5,000003D5,003E0000,0001FFFE,FF1E2DA2,3C75018B,2801175B,D007F816,00000020,0000048D
1166,50049600,006E00B7,000003D5,00400000,0001FFFE,FF1E2DB4,3C7601CA,2801175B,D007E816,00000020,0000048E
1167,51004500,007300B6,000003D5,00420000,0001FFFE,FF1E2DC7,3C768190,2801175B,D007C816,00000020,0000048F
1168,51768200,007700B7,000003D5,00440000,0001FFFE,FF1E2DDA,3C77018B,2801175B,E007A816,00000020,00000490
1169,49674400,007A00BA,000003D5,00460000,0001FFFE,FF1F2DEE,3C7801AB,2801175B,E0079016,00000020,00000491
1170,51119600,007F00B9,000003D5,00480000,0001FFFE,FF1F2E02,3C7801BE,280104CB,E0077016,00000020,00000492
1171,51504400,008300BA,000003D5,004A0000,0001FFFE,FF1F2E17,3C78818E,280104CB,E0075816,00000020,00000493
1172,50597600,008800BA,000003D5,004C0000,0001FFFE,FF1F2E2D,3C7981D6,280104CB,E0073816,00000020,00000494
1173,52618800,008C00BD,000003D5,004E0000,0001FFFE,FF1F2E43,3C7981CE,280104CB,E0072016,00000020,00000495
1174,51697400,009100BB,000003D5,00500000,0001FFFE,FF1F2E5A,3C7B01A9,280104CB,E0071016,00000020,00000496
1175,49475100,009500B8,000003D5,00520000,0001FFFD,FF1F2E71,3C7B81A6,280104CB,E006F016,00000020,00000497
1176,52696600,009A008F,000003D5,00540000,0001FFFD,FF1F2E89,3C7C81C1,280104CB,E006E016,00000020,00000498
1177,45471800,00A0003B,000003D5,00550001,0001FFFD,FF1F2EA1,3C7B8193,280104CB,E006C816,00000020,00000499
1178,49858700,00A5FFF7,000003D5,00570001,0001FFFD,FF1F2EBA,3C7B8199,280104CB,E006B016,00000020,0000049A
1179,51557000,00A9FFD0,000003D5,00580001,0000FFFD,FF1F2ED3,3C7C01D7,280104CB,E006A016,00000020,0000049B
1180,162660900,00ACFF9A,000003D5,005A0001,0000FFFD,FF1F2EED,3C7B0197,280104CB,E0068816,00000020,0000049C
1181,17307400,00AFFF3E,000003D5,005C0001,0000FFFD,FF1F2F07,3C7B820D,280104CB,E0067016,00000020,0000049D
1182,50525200,00B3FF31,000003D5,005E0001,0000FFFD,FF1F2F21,3C7A01A8,280104CB,E0066016,00000020,0000049E
1183,49557500,00B8FF2B,000003D5,00600001,FFFFFFFD,FF1F2F3C,3C79819D,280104CB,E0064816,00000020,0000049F
1184,50014600,00BCFF2A,000003D5,00620001,FFFFFFFD,FF1F2F58,3C788196,280104CB,E0063816,00000020,000004A0
1185,52167100,00BFFF2A,000003D5,00640000,FFFFFFFD,FF1E2F74,3C78019C,280104CB,E0062816,00000020,000004A1
1186,49036700,00C5FF26,000003D5,00660000,FFFFFFFD,FF1E2F91,3C7781A6,280104CB,E0061816,00000020,000004A2
1187,50161700,00C7FF29,000003D5,00680000,FFFFFFFD,FF1E2FAF,3C768189,280104CB,E0060816,00000020,000004A3
1188,167909000,00CAFF29,000003D5,006A0000,FFFFFFFC,FF1E2FCD,3C75818E,280104CB,D005F816,00000020,000004A4
1189,16064000,00D0FF25,000003D5,006C0000,FFFFFFFC,FF1E2FEC,3C750188,280104CB,D005F016,00000020,000004A5
1190,48683100,00CFFF2D,000003D5,006E0000,FFFFFFFC,FF1E300B,3C7501AE,280104CB,D005E016,00000020,000004A6
1191,52300300,00D6FF27,000003D5,00700000,FFFFFFFC,FF1D302B,3C738187,280104CB,D005D816,00000020,000004A7
1192,52851900,00D7FF2B,000003D5,00720000,FFFFFFFC,FF1D304C,3C7381C1,280104CB,D005D016,00000020,000004A8
1193,47882500,00DAFF2B,000003D5,00730000,FFFFFFFC,FF1D306D,3C7281B8,280104CB,D005C816,00000020,000004A9
1194,48487200,00DDFF2B,000003D5,00750000,FFFFFFFC,FF1D308E,3C7201A0,280104CB,D005C016,00000020,000004AA
1195,49805800,00DFFF2B,000003D5,00760000,FFFFFFFC,FF1D30B0,3C7181D9,280104CB,D005C016,00000020,000004AB
1196,153619500,00E0FF2C,000003D5,00780000,FFFFFFFC,FF1D30D2,3C7081A5,280104CB,D005B816,00000020,000004AC
1197,13245200,00E1FF2F,000003D5,00790000,FFFFFFFC,FF1C30F4,3C70019F,280104CB,D005B816,00000020,000004AD
1198,52188600,00E5FF2B,000003D5,007A0000,FFFFFFFC,FF1C3117,3C6F81A8,280104CB,D005B016,00000020,000004AE
1199,49049400,00E3FF2F,000003D5,007A0000,FFFFFFFC,FF1C313A,3C6F019A,280104CB,D005B016,00000020,000004AF
1200,50548500,00E4FF2F,000003D5,007B0000,FFFFFFFC,FF1C315D,3C6E019A,2800EFA5,D005B016,00000020,000004B0
1201,51075900,00E4FF30,000003D5,007B0000,FFFFFFFC,FF1C3181,3C6E01C1,2800EFA5,D005B016,00000020,000004B1
1202,49703900,00E7FF2E,000003D5,007C0000,FFFFFFFC,FF1C31A4,3C6D018F,2800EFA5,D005B016,00000020,000004B2
1203,49447200,00E4FF32,000003D5,007C0000,FFFFFFFC,FF1B31C7,3C6C01A6,2800EFA5,D005B816,00000020,000004B3
1204,49239700,00E4FF31,000003D5,007C0000,FFFFFFFC,FF1B31EB,3C6B81C8,2800EFA5,D005B816,00000020,000004B4
1205,49627300,00E4FF30,000003D5,007C0000,FFFFFFFC,FF1B320E,3C6C01E9,2800EFA5,D005B816,00000020,000004B5
1206,51478900,00E3FF5E,000003D5,007B0000,FFFFFFFC,FF1B3232,3C6B01C1,2800EFA5,D005C016,00000020,000004B6
1207,50420600,00E3FFA7,000003D5,007B0000,FFFFFFFC,FF1B3255,3C6A01A2,2800EFA5,D005C816,00000020,000004B7
1208,50255400,00E0FFA7,000003D5,007A0000,FFFFFFFC,FF1B3278,3C6A01A4,2800EFA5,D005D016,00000020,000004B8
1209,50789100,00DCFFAA,000003D5,00790000,FFFFFFFC,FF1B329B,3C6A81CC,2800EFA5,D005D816,00000020,000004B9
1210,51214200,00DCFFA7,000003D5,00780000,FFFFFFFC,FF1B32BD,3C69019D,2800EFA5,D005E816,00000020,000004BA
1211,52277400,00D6FFAB,000003D5,00770000,FFFFFFFC,FF1B32DF,3C688182,2800EFA5,D005F016,00000020,000004BB
1212,51954300,00D6FFA9,000003D5,00750000,FFFFFFFC,FF1B3301,3C6881A0,2800EFA5,D0060016,00000020,000004BC
1213,50595000,00D2FFAA,000003D5,00740000,FFFFFFFC,FF1A3322,3C680195,2800EFA5,D0061016,00000020,000004BD
1214,52028300,00CEFFAB,000003D5,00720000,0000FFFC,FF1A3343,3C6881BB,2800EFA5,D0062016,00000020,000004BE
1215,49760800,00CCFFAC,000003D5,00700000,0000FFFC,FF1A3363,3C6781E7,2800EFA5,D0062816,00000020,000004BF
1216,52154100,00C7FFBC,000003D5,006E0000,0000FFFC,FF1A3383,3C67818D,2800EFA5,D0063816,00000020,000004C0
1217,49992000,00C6FFD9,000003D5,006C0000,0000FFFC,FF1A33A2,3C6781B2,2800EFA5,D0064816,00000020,000004C1
1218,52840200,00BF0005,000003D5,006A0000,0000FFFC,FF1A33C1,3C6801A9,2800EFA5,D0065816,00000020,000004C2
1219,50097500,00BE002A,000003D5,00690000,0000FFFC,FF1A33DF,3C68019B,2800EFA5,D0066816,00000020,000004C3
1220,50258600,00B9004B,000003D5,0067FFFF,0000FFFC,FF1A33FD,3C6801AC,2800EFA5,D0068016,00000020,000004C4
1221,50029200,00B60061,000003D5,0065FFFF,0000FFFD,FF1A341A,3C6881C0,2800EFA5,D0069816,00000020,000004C5
1222,51673400,00AE0076,000003D5,00630000,0000FFFD,FF1B3437,3C68819D,2800EFA5,D006A816,00000020,000004C6
1223,49804200,00B0007E,000003D5,00610000,0000FFFD,FF1B3453,3C688185,2800EFA5,D006C016,00000020,000004C7
1224,127601400,00A9008B,000003D5,005F0000,0001FFFD,FF1B346E,3C69819C,2800EFA5,D006D816,00000020,000004C8
1225,15281300,00A70092,000003D5,005D0000,0001FFFD,FF1B3489,3C6A01B3,2800EFA5,D006E816,00000020,000004C9
1226,50018000,00A50095,000003D5,005B0000,0001FFFD,FF1B34A3,3C6A01A6,2800EFA5,D0070016,00000020,000004CA
1227,50966000,00A0009C,000003D5,00590000,0001FFFD,FF1B34BD,3C6B81CB,2800EFA5,D0071016,00000020,000004CB
1228,50020100,009F009E,000003D5,00570000,0001FFFD,FF1B34D6,3C6D022B,2800EFA5,D0072016,00000020,000004CC
1229,51190100,009D00A1,000003D5,00550000,0001FFFD,FF1B34EF,3C6C81C1,2800EFA5,D0073016,00000020,000004CD
1230,51814100,009800A5,000003D5,00540000,0001FFFD,FF1C3507,3C6C81AC,2800DCE8,D0074016,00000020,000004CE
1231,50212500,009800A4,000003D5,00520000,0001FFFD,FF1C351F,3C6E01F6,2800DCE8,D0075016,00000020,000004CF
1232,48635200,009500A8,000003D5,00510000,0001FFFD,FF1C3536,3C6D0196,2800DCE8,D0075816,00000020,000004D0
1233,130560300,009300A8,000003D5,00500000,0001FFFD,FF1C354D,3C6E01B2,2800DCE8,D0076816,00000020,000004D1
1234,12433900,009200A9,000003D5,004F0000,0001FFFD,FF1C3564,3C6F01BC,2800DCE8,D0076816,00000020,000004D2
1235,51298400,009100AA,000003D5,004E0000,0001FFFD,FF1C357A,3C6F81DD,2800DCE8,D0077016,00000020,000004D3
1236,51987200,008F00AB,000003D5,004D0000,0001FFFD,FF1C3591,3C6F0194,2800DCE8,D0077816,00000020,000004D4
1237,48331200,008E00AD,000003D5,004D0000,0001FFFD,FF1C35A7,3C7001A2,2800DCE8,D0077016,00000020,000004D5
1238,51395800,008F00AB,000003D5,004D0000,0001FFFD,FF1D35BD,3C7001A1,2800DCE8,D0077016,00000020,000004D6
1239,51708700,008B00AF,000003D5,004C0000,0001FFFD,FF1D35D2,3C708193,2800DCE8,D0077816,00000020,000004D7
1240,49903100,008F00AD,000003D5,004C0000,0001FFFD,FF1D35E8,3C7201CF,2800DCE8,D0077016,00000020,000004D8
1241,51736300,008C00B1,000003D5,004C0000,0001FFFD,FF1D35FE,3C7201A8,2800DCE8,D0077016,00000020,000004D9
1242,48764200,008F00AF,000003D5,004C0000,0001FFFD,FF1D3614,3C7281D4,2800DCE8,D0076816,00000020,000004DA
1243,49706700,008C00B2,000003D5,004C0000,0001FFFD,FF1D362A,3C7381F6,2800DCE8,D0076016,00000020,000004DB
1244,50243200,008E00B3,000003D5,004D0000,0001FFFD,FF1D3640,3C7401CF,2800DCE8,D0075816,00000020,000004DC
1245,51209800,009100B1,000003D5,004D0000,0001FFFD,FF1E3656,3C7501EB,2800DCE8,D0075816,00000020,000004DD
1246,51560300,008E00B5,000003D5,004E0000,0001FFFD,FF1E366C,3C7501B7,2800DCE8,D0074816,00000020,000004DE
1247,49583600,009300B3,000003D5,004E0000,0001FFFD,FF1E3682,3C7601E7,2800DCE8,D0074016,00000020,000004DF
1248,50272500,009100B6,000003D5,004F0000,0001FFFD,FF1E3699,3C7681CB,2800DCE8,D0073816,00000020,000004E0
1249,51436500,009700B3,000003D5,00500000,0001FFFD,FF1E36B0,3C760195,2800DCE8,D0072816,00000020,000004E1
1250,50333200,009400B8,000003D5,00500000,0001FFFD,FF1E36C7,3C7781CC,2800DCE8,D0072016,00000020,000004E2
1251,49716500,009A00B6,000003D5,00510000,0001FFFD,FF1E36DE,3C7781B6,2800DCE8,E0071816,00000020,000004E3
1252,50845400,009800BA,000003D5,00520000,0001FFFD,FF1F36F5,3C7781A8,2800DCE8,E0070816,00000020,000004E4
1253,49465200,009800BB,000003D5,00530000,0001FFFD,FF1F370D,3C7981F0,2800DCE8,E0070016,00000020,000004E5
1254,50535900,00A100B7,000003D5,00540000,0001FFFD,FF1F3725,3C7901B1,2800DCE8,E006F016,00000020,000004E6
1255,52171000,009D00B9,000003D5,00550000,0001FFFD,FF1F373D,3C7981FB,2800DCE8,E006E816,00000020,000004E7
1256,49714000,00A70088,000003D5,00560000,0001FFFD,FF1F3756,3C7A01D1,2800DCE8,E006D816,00000020,000004E8
1257,50731800,00A5003C,000003D5,00560001,0001FFFD,FF1F376E,3C79818B,2800DCE8,E006C816,00000020,000004E9
1258,49876500,00A7FFF9,000003D5,00570001,0001FFFD,FF1F3787,3C7A019B,2800DCE8,E006C016,00000020,000004EA
1259,50286100,00AEFFCE,000003D5,00580001,0000FFFD,FF1F37A0,3C7981A1,2800DCE8,E006B016,00000020,000004EB
1260,50531100,00AEFFBA,000003D5,00590001,0000FFFD,FF1F37B9,3C7A01C7,2800CA8E,E006A016,00000020,000004EC
1261,50356500,00AFFFAF,000003D5,005A0001,0000FFFD,FF1F37D3,3C790188,2800CA8E,E0069016,00000020,000004ED
1262,51628500,00B4FFA4,000003D5,005B0001,0000FFFD,FF1F37ED,3C7981AB,2800CA8E,E0068016,00000020,000004EE
1263,51846600,00B3FF84,000003D5,005D0001,0000FFFD,FF1F3807,3C7A01E8,2800CA8E,E0067016,00000020,000004EF
1264,48424100,00B6FF32,000003D5,005E0001,0000FFFD,FF1E3822,3C7981F1,2800CA8E,E0066016,00000020,000004F0
1265,50805600,00BAFF29,000003D5,005F0001,FFFFFFFD,FF1E383D,3C7781A6,2800CA8E,E0065816,00000020,000004F1
1266,49696600,00BBFF2A,000003D5,00610001,FFFFFFFD,FF1E3859,3C76819E,2800CA8E,E0064816,00000020,000004F2
1267,51528200,00BFFF29,000003D5,00630000,FFFFFFFD,FF1E3875,3C7701EA,2800CA8E,D0063816,00000020,000004F3
1268,142207800,00C2FF28,000003D5,00640000,FFFFFFFD,FF1E3892,3C7581A0,2800CA8E,D0063016,00000020,000004F4
1269,14724000,00C1FF2C,000003D5,00660000,FFFFFFFD,FF1E38AF,3C7601F1,2800CA8E,D0062016,00000020,000004F5
1270,49621600,00C8FF29,000003D5,00670000,FFFFFFFC,FF1D38CC,3C74819E,2800CA8E,D0061816,00000020,000004F6
1271,50742600,00C8FF2B,000003D5,00690000,FFFFFFFC,FF1D38EA,3C7381A3,2800CA8E,D0061016,00000020,000004F7
1272,48855100,00C9FF2B,000003D5,006A0000,FFFFFFFC,FF1D3908,3C7381F1,2800CA8E,D0060816,00000020,000004F8
1273,51214100,00CDFF2B,000003D5,006C0000,FFFFFFFC,FF1D3927,3C72018E,2800CA8E,D0060016,00000020,000004F9
1274,51439700,00CEFF2C,000003D5,006D0000,FFFFFFFC,FF1D3946,3C7201B4,2800CA8E,D005F816,00000020,000004FA
1275,50260200,00D0FF2C,000003D5,006E0000,FFFFFFFC,FF1D3966,3C710199,2800CA8E,D005F816,00000020,000004FB
1276,49033900,00D2FF2D,000003D5,006F0000,FFFFFFFC,FF1C3985,3C7081AD,2800CA8E,D005F016,00000020,000004FC
1277,51066100,00D1FF2E,000003D5,00700000,FFFFFFFC,FF1C39A6,3C6F81A2,2800CA8E,D005F016,00000020,000004FD
1278,50236700,00D3FF2E,000003D5,00710000,FFFFFFFC,FF1C39C6,3C6F0191,2800CA8E,D005E816,00000020,000004FE
1279,50430100,00D3FF2F,000003D5,00720000,FFFFFFFC,FF1C39E6,3C6E01B6,2800CA8E,D005E816,00000020,000004FF
1280,50109800,00D7FF59,000003D5,00720000,FFFFFFFC,FF1C3A07,3C6E0196,2800CA8E,D005E816,00000020,00000500
1281,51296800,00D4FFA5,000003D5,00730000,FFFFFFFC,FF1C3A28,3C6D01A1,2800CA8E,D005E816,00000020,00000501
1282,50212500,00D7FFA4,000003D5,00730000,FFFFFFFC,FF1C3A49,3C6D8257,2800CA8E,D005F016,00000020,00000502
1283,51830400,00D2FFA6,000003D5,00730000,FFFFFFFC,FF1C3A6A,3C6C81AF,2800CA8E,D005F016,00000020,00000503
1284,50599300,00D5FFA7,000003D5,00730000,FFFFFFFC,FF1C3A8B,3C6C8192,2800CA8E,D005F816,00000020,00000504
1285,50638700,00D4FFA4,000003D5,00730000,FFFFFFFC,FF1B3AAC,3C6C0186,2800CA8E,D0060016,00000020,00000505
1286,50458800,00CFFFA8,000003D5,00720000,FFFFFFFC,FF1B3ACC,3C6C01B8,2800CA8E,D0060816,00000020,00000506
1287,49732000,00D0FFA8,000003D5,00710000,FFFFFFFC,FF1B3AED,3C6C81B6,2800CA8E,D0060816,00000020,00000507
1288,50363500,00CEFFA7,000003D5,00710000,0000FFFC,FF1B3B0D,3C6B819F,2800CA8E,D0061016,00000020,00000508
1289,49672400,00CDFFA8,000003D5,00700000,0000FFFC,FF1B3B2D,3C6B0193,2800CA8E,D0062016,00000020,00000509
1290,51968700,00CBFFA8,000003D5,006F0000,0000FFFC,FF1B3B4D,3C6B01A1,2800B888,D0062016,00000020,0000050A
1291,49917600,00C9FFA8,000003D5,006E0000,0000FFFC,FF1B3B6D,3C6B81DC,2800B888,D0062816,00000020,0000050B
1292,50941300,00C7FFA8,000003D5,006C0000,0000FFFC,FF1B3B8C,3C6A018E,2800B888,D0063816,00000020,0000050C
1293,50488500,00C5FFAB,000003D5,006B0000,0000FFFC,FF1B3BAB,3C6A019C,2800B888,D0064016,00000020,0000050D
1294,50061300,00C4FFB9,000003D5,006A0000,0000FFFC,FF1B3BC9,3C698185,2800B888,D0064816,00000020,0000050E
1295,52171300,00C0FFD9,000003D5,00690000,0000FFFC,FF1B3BE7,3C6981CD,2800B888,D0065816,00000020,0000050F
1296,49946800,00BD0002,000003D5,00680000,0000FFFC,FF1B3C05,3C698195,2800B888,D0066016,00000020,00000510
1297,50755200,00BB002A,000003D5,00670000,0000FFFC,FF1B3C23,3C6A01BD,2800B888,D0067016,00000020,00000511
1298,50596400,00B7004D,000003D5,0066FFFF,0000FFFD,FF1B3C40,3C6B01DD,2800B888,D0067816,00000020,00000512
1299,52378200,00B50064,000003D5,0065FFFF,0000FFFD,FF1B3C5D,3C6A81A0,2800B888,D0069016,00000020,00000513
1300,49088600,00B40074,000003D5,00630000,0000FFFD,FF1B3C7A,3C6B01A7,2800B888,D0069816,00000020,00000514
1301,50875600,00AE0083,000003D5,00620000,0000FFFD,FF1B3C96,3C6B018C,2800B888,D006A816,00000020,00000515
1302,50133100,00AD008C,000003D5,00600000,0001FFFD,FF1B3CB2,3C6C01C6,2800B888,D006C016,00000020,00000516
1303,50628200,00AE0093,000003D5,005F0000,0001FFFD,FF1B3CCD,3C6C019E,2800B888,D006C816,00000020,00000517
1304,50389800,00A80099,000003D5,005D0000,0001FFFD,FF1C3CE8,3C6C819B,2800B888,D006D816,00000020,00000518
1305,49706700,00A6009F,000003D5,005C0000,0001FFFD,FF1C3D03,3C6C8185,2800B888,D006E816,00000020,00000519
1306,51338300,00A700A2,000003D5,005A0000,0001FFFD,FF1C3D1D,3C6E01CF,2800B888,D006F016,00000020,0000051A
1307,50498900,00A200A3,000003D5,00590000,0001FFFD,FF1C3D36,3C6E81B7,2800B888,D0070016,00000020,0000051B
1308,50056900,00A500A7,000003D5,00580000,0001FFFD,FF1C3D50,3C6F01DD,2800B888,D0070816,00000020,0000051C
1309,50400700,009D00A9,000003D5,00570000,0001FFFD,FF1C3D69,3C6F81CA,2800B888,D0071016,00000020,0000051D
1310,51136600,009F00A9,000003D5,00560000,0001FFFD,FF1C3D81,3C7001AF,2800B888,D0071816,00000020,0000051E
1311,50454500,00A000AA,000003D5,00550000,0001FFFD,FF1C3D9A,3C6F8199,2800B888,D0072016,00000020,0000051F
1312,49701200,009C00AD,000003D5,00540000,0001FFFD,FF1D3DB2,3C700183,2800B888,D0072816,00000020,00000520
1313,51349900,009900AE,000003D5,00530000,0001FFFD,FF1D3DCA,3C7181D7,2800B888,D0072816,00000020,00000521
1314,49470300,009B00AE,000003D5,00530000,0001FFFD,FF1D3DE1,3C71819E,2800B888,D0073016,00000020,00000522
1315,51114800,009B00AF,000003D5,00520000,0001FFFD,FF1D3DF9,3C7181B8,2800B888,D0072816,00000020,00000523
1316,49927000,009600B1,000003D5,00520000,0001FFFD,FF1D3E10,3C7301D1,2800B888,D0072816,00000020,00000524
1317,50207200,009B00B1,000003D5,00520000,0001FFFD,FF1D3E28,3C7401CA,2800B888,D0073016,00000020,00000525
1318,52106300,009E00B0,000003D5,00520000,0001FFFD,FF1D3E3F,3C73819B,2800B888,D0072816,00000020,00000526
1319,50304900,009500B5,000003D5,00520000,0001FFFD,FF1E3E57,3C740192,2800B888,D0072816,00000020,00000527
1320,50835000,009D00B2,000003D5,00520000,0001FFFD,FF1E3E6E,3C74819C,2800A7B8,D0072016,00000020,00000528
1321,51396900,009900B5,000003D5,00520000,0001FFFD,FF1E3E85,3C770215,2800A7B8,D0071816,00000020,00000529
1322,50073000,009B00B5,000003D5,00520000,0001FFFD,FF1E3E9D,3C75819A,2800A7B8,D0071816,00000020,0000052A
1323,52239500,009D00B6,000003D5,00530000,0001FFFD,FF1E3EB5,3C7701E7,2800A7B8,D0071016,00000020,0000052B
1324,50199500,009B00B6,000003D5,00530000,0001FFFD,FF1E3ECC,3C7801E9,2800A7B8,D0070816,00000020,0000052C
1325,51046000,009F00B8,000003D5,00540000,0001FFFD,FF1E3EE4,3C7881F9,2800A7B8,E0070016,00000020,0000052D
1326,51777500,009F00B9,000003D5,00540000,0001FFFD,FF1F3EFC,3C7881B7,2800A7B8,E006F816,00000020,0000052E
1327,50163700,00A200B4,000003D5,00550000,0001FFFD,FF1F3F15,3C788190,2800A7B8,E006F016,00000020,0000052F
1328,49830700,00A1008B,000003D5,00550000,0001FFFD,FF1F3F2D,3C7981CE,2800A7B8,E006E816,00000020,00000530
1329,51473600,00A8003A,000003D5,00550001,0001FFFD,FF1F3F45,3C790188,2800A7B8,E006D816,00000020,00000531
1330,51320900,00A8FFF7,000003D5,00560001,0001FFFD,FF1F3F5E,3C7901AB,2800A7B8,E006D016,00000020,00000532
1331,49945400,00AAFFD1,000003D5,00560001,0000FFFD,FF1F3F77,3C78818F,2800A7B8,E006C016,00000020,00000533
1332,50661600,00ABFFBB,000003D5,00570001,0000FFFD,FF1F3F8F,3C7901A4,2800A7B8,E006B016,00000020,00000534
1333,51079600,00B0FFAC,000003D5,00580001,0000FFFD,FF1F3FA9,3C7981D3,2800A7B8,E006A016,00000020,00000535
1334,51066300,00A9FFA9,000003D5,00590001,0000FFFD,FF1F3FC2,3C7901C8,2800A7B8,E0069816,00000020,00000536
1335,50663000,00B8FFA0,000003D5,005A0000,0000FFFD,FF1E3FDC,3C7801AB,2800A7B8,E0068816,00000020,00000537
1336,49587400,00AEFFA2,000003D5,005C0000,0000FFFD,FF1E3FF6,3C7781B3,2800A7B8,E0067816,00000020,00000538
1337,51094500,00B7FF9E,000003D5,005D0000,0000FFFD,FF1E4010,3C7801DB,2800A7B8,E0067016,00000020,00000539
1338,50876700,00B6FF9F,000003D5,005E0000,0000FFFD,FF1E402B,3C77019F,2800A7B8,E0066816,00000020,0000053A
1339,50694000,00B8FF7F,000003D5,00600000,0000FFFD,FF1E4046,3C76018B,2800A7B8,E0065816,00000020,0000053B
1340,50367500,00BAFF30,000003D5,00610001,FFFFFFFD,FF1E4062,3C7581A6,2800A7B8,D0065016,00000020,0000053C
1341,49469900,00BAFF2B,000003D5,00620001,FFFFFFFD,FF1E407E,3C7601BF,2800A7B8,D0064016,00000020,0000053D
1342,51577200,00C2FF2A,000003D5,00640000,FFFFFFFD,FF1E409B,3C7501DE,2800A7B8,D0063816,00000020,0000053E
1343,51317100,00BEFF2B,000003D5,00650000,FFFFFFFD,FF1D40B7,3C738186,2800A7B8,D0063016,00000020,0000053F
1344,51980700,00C6FF2B,000003D5,00660000,FFFFFFFD,FF1D40D4,3C730196,2800A7B8,D0062816,00000020,00000540
1345,50555400,00C3FF2B,000003D5,00680000,FFFFFFFC,FF1D40F2,3C7301AD,2800A7B8,D0062016,00000020,00000541
1346,50057500,00C7FF2C,000003D5,00690000,FFFFFFFC,FF1D4110,3C72018E,2800A7B8,D0061816,00000020,00000542
1347,51173500,00C9FF2C,000003D5,006A0000,FFFFFFFC,FF1D412E,3C7201B4,2800A7B8,D0061016,00000020,00000543
1348,50723900,00C9FF58,000003D5,006B0000,FFFFFFFC,FF1D414D,3C70819C,2800A7B8,D0061016,00000020,00000544
1349,50471900,00CFFFA0,000003D5,006C0000,FFFFFFFC,FF1D416C,3C71820D,2800A7B8,D0060816,00000020,00000545
1350,50406300,00CBFFA2,000003D5,006D0000,FFFFFFFC,FF1C418B,3C700195,2800977F,D0060816,00000020,00000546
1351,50686800,00CDFFA3,000003D5,006E0000,FFFFFFFC,FF1C41AA,3C7101DD,2800977F,D0060816,00000020,00000547
1352,50942500,00CEFFA3,000003D5,006E0000,FFFFFFFC,FF1C41CA,3C6F8199,2800977F,D0060816,00000020,00000548
1353,49220600,00CCFFA4,000003D5,006F0000,FFFFFFFC,FF1C41E9,3C6F8192,2800977F,D0060816,00000020,00000549
1354,51350700,00CFFFA4,000003D5,006F0000,FFFFFFFC,FF1C4209,3C6F81BA,2800977F,D0061016,00000020,0000054A
1355,50172300,00CCFFA5,000003D5,006F0000,FFFFFFFC,FF1C4229,3C6F019F,2800977F,D0061016,00000020,0000054B
1356,51100100,00D0FFA4,000003D5,006F0000,FFFFFFFC,FF1C4249,3C6E8197,2800977F,D0061016,00000020,0000054C
1357,49791000,00CAFFA5,000003D5,006E0000,0000FFFC,FF1C4268,3C6E01A7,2800977F,D0061816,00000020,0000054D
1358,50558500,00CFFFA4,000003D5,006E0000,0000FFFC,FF1C4288,3C6E01AF,2800977F,D0061816,00000020,0000054E
1359,49056900,00CCFFA6,000003D5,006E0000,0000FFFC,FF1C42A7,3C6D81C9,2800977F,D0061816,00000020,0000054F
1360,50551400,00CAFFA4,000003D5,006D0000,0000FFFC,FF1C42C7,3C6D81DE,2800977F,D0062016,00000020,00000550
1361,49746400,00CAFFA7,000003D5,006D0000,0000FFFC,FF1C42E6,3C6D81AB,2800977F,D0062816,00000020,00000551
1362,52419100,00C8FFA8,000003D5,006C0000,0000FFFC,FF1C4305,3C6C8191,2800977F,D0062816,00000020,00000552
1363,49514100,00CAFFA6,000003D5,006C0000,0000FFFC,FF1C4324,3C6C819E,2800977F,D0063016,00000020,00000553
1364,50026900,00C3FFA8,000003D5,006B0000,0000FFFC,FF1B4343,3C6C81BD,2800977F,D0063816,00000020,00000554
1365,50378400,00C4FFA6,000003D5,006A0000,0000FFFC,FF1B4361,3C6C01DE,2800977F,D0064016,00000020,00000555
1366,51659400,00C4FFA9,000003D5,00690000,0000FFFC,FF1B437F,3C6C81CA,2800977F,D0064816,00000020,00000556
1367,49909500,00C2FFA9,000003D5,00690000,0000FFFC,FF1B439E,3C6C81F1,2800977F,D0065016,00000020,00000557
1368,50973800,00C3FFB8,000003D5,00680000,0000FFFC,FF1B43BB,3C6B81B6,2800977F,D0065816,00000020,00000558
1369,50185200,00B9FFD8,000003D5,00670000,0000FFFC,FF1B43D9,3C6B01A2,2800977F,D0065816,00000020,00000559
1370,50737900,00BE0001,000003D5,00660000,0000FFFD,FF1B43F6,3C6B01A0,2800977F,D0066816,00000020,0000055A
1371,49819500,00B90029,000003D5,00660000,0000FFFD,FF1B4414,3C6C01C6,2800977F,D0067016,00000020,0000055B
1372,50943100,00B7004E,000003D5,0065FFFF,0000FFFD,FF1B4431,3C6B81A6,2800977F,D0068016,00000020,0000055C
1373,49644600,00B30063,000003D5,0064FFFF,0000FFFD,FF1B444D,3C6B8194,2800977F,D0068816,00000020,0000055D
1374,51140700,00B40076,000003D5,00630000,0000FFFD,FF1B446A,3C6C01AC,2800977F,D0069816,00000020,0000055E
1375,50948600,00B10083,000003D5,00620000,0000FFFD,FF1C4486,3C6C0183,2800977F,D006A016,00000020,0000055F
1376,50165300,00AF008F,000003D5,00610000,0001FFFD,FF1C44A2,3C6D01B0,2800977F,D006B016,00000020,00000560
1377,50556200,00A90096,000003D5,005F0000,0001FFFD,FF1C44BD,3C6D019D,2800977F,D006C016,00000020,00000561
1378,50781200,00AE009A,000003D5,005E0000,0001FFFD,FF1C44D8,3C6E01E4,2800977F,D006D016,00000020,00000562
1379,50810100,00AA00A0,000003D5,005C0000,0001FFFD,FF1C44F3,3C6E81C2,2800977F,D006E816,00000020,00000563
1380,50856300,00A400A3,000003D5,005A0000,0001FFFD,FF1C450D,3C6E8186,28008825,D006F816,00000020,00000564
1381,50267800,00A400A6,000003D5,00580000,0001FFFD,FF1C4527,3C6F01B6,28008825,D0071016,00000020,00000565
1382,52023600,00A300A9,000003D5,00560000,0001FFFD,FF1C453F,3C7001B2,28008825,D0073016,00000020,00000566
1383,49093000,009F00AA,000003D5,00540000,0001FFFD,FF1D4558,3C7101FD,28008825,D0075016,00000020,00000567
1384,51555200,009A00AA,000003D5,00510000,0001FFFD,FF1D456F,3C7101A2,28008825,D0076816,00000020,00000568
1385,50900100,009A00AF,000003D5,004E0000,0001FFFD,FF1D4586,3C71018A,28008825,D0079816,00000020,00000569
1386,49860600,009400AD,000003D5,004B0000,0001FFFD,FF1D459C,3C720197,28008825,D007B816,00000020,0000056A
1387,51685800,009000B1,000003D5,00490000,0001FFFD,FF1D45B1,3C7281A7,28008825,D007E016,00000020,0000056B
1388,50961000,008D00AF,000003D5,00450000,0001FFFD,FF1D45C5,3C7381D0,28008825,D007F816,00000020,0000056C
1389,50189500,008800B3,000003D5,00420000,0001FFFD,FF1D45D9,3C7481D5,28008825,D007F816,00000020,0000056D
1390,51238800,008200B2,000003D5,003F0000,0001FFFD,FF1E45EB,3C7481D8,28008825,D007F816,00000020,0000056E
1391,50498800,007C00B3,000003D5,003C0000,0001FFFE,FF1E45FC,3C748196,28008825,D007F816,00000020,0000056F
1392,50494200,007D00B5,000003D5,00390000,0001FFFE,FF1E460D,3C7581CC,28008825,D007F816,00000020,00000570
1393,50801500,007400B5,000003D5,00360000,0001FFFE,FF1E461D,3C7581A5,28008825,D007F816,00000020,00000571
1394,50548500,007400B6,000003D5,00320000,0001FFFE,FF1E462B,3C7681B3,28008825,D007F816,00000020,00000572
1395,50142300,006500B6,000003D5,002F0000,0001FFFE,FF1E4639,3C768192,28008825,D007F816,00000020,00000573
1396,50175600,006800B9,000003D5,002C0000,0001FFFE,FF1E4646,3C77019B,28008825,E007F816,00000020,00000574
1397,50487200,005E00B8,000003D5,00290000,0001FFFE,FF1EB9B2,3C77819F,28008825,E007F816,00000020,00000575
1398,50357000,005D00BA,000003D5,00260000,0001FFFE,FF1FB9BE,3C780199,28008825,E007F816,00000020,00000576
1399,49736900,005600BB,000003D5,00240000,0001FFFE,FF1FB9C8,3C788183,28008825,E007F816,00000020,00000577
1400,50988600,005300BB,000003D5,00210000,0001FFFE,FF1FB9D2,3C790181,28008825,E007F816,00000020,00000578
1401,50009400,003C00BC,FFFF03D5,00160000,0001FFFF,FF1FB9DA,3C7A018E,28008825,E007F816,00000020,00000579
1402,49967300,003600BC,FFFF03D5,000E0000,0001FFFF,FF1FB9DE,3C7A018B,28008825,E007F816,00000020,0000057A
1403,51060400,003600C0,FFFF03D5,00080000,0001FFFF,FF1FB9E1,3C7B0188,28008825,E007F816,00000020,0000057B
1404,50432900,002600BE,000003D5,00040000,0001FFFF,FF20B9E3,3C7C01A1,28008825,E007F816,00000020,0000057C
1405,50343300,002200C1,000003D5,00010000,0001FFFF,FF20B9E4,3C7C019B,28008825,E007F816,00000020,0000057D
1406,50922900,001A00BF,000003D5,FFFF0000,0001FFFF,FF20B9E4,3C7D0199,28008825,E007F816,00000020,0000057E
1407,50479200,001700C1,000003D5,FFFE0000,0001FFFF,FF20B9E3,3C7E81E7,28008825,E007F816,00000020,0000057F
1408,50271900,001000C2,000003D5,FFFE0000,0001FFFF,FF20B9E3,3C7E01C1,28008825,E007F816,00000020,00000580
1409,50262500,000B00C3,000003D5,FFFE0000,00010000,FF20B9E2,3C7E81EC,28008825,E007F816,00000020,00000581
1410,49488700,000800C3,000003D5,FFFE0000,00010000,FF20B9E2,3C7F81A6,280079A6,E007F816,00000020,00000582
1411,51725200,000700C5,000003D5,FFFE0000,00010000,FF21B9E1,3C7F8192,280079A6,E007F816,00000020,00000583
1412,49521200,000100C6,000003D5,FFFE0000,00010000,FF21B9E0,3C800186,280079A6,E007F816,00000020,00000584
1413,50441800,000700C5,000003D5,FFFE0000,00010000,0021B9E0,3C8181B9,280079A6,E007F816,00000020,00000585
1414,50966900,FFFB00C8,000003D5,FFFF0000,00010000,0021B9E0,3C8281E6,280079A6,E007F816,00000020,00000586
1415,50160800,000000C8,000003D5,FFFF0000,00010000,0021B9DF,3C82018C,280079A6,E007F816,00000020,00000587
1416,50824600,000500C9,000003D5,FFFF0000,00010000,0021B9DF,3C830193,280079A6,E007F816,00000020,00000588
1417,50405500,FFFF00CA,000003D5,FFFF0000,00010000,0022B9DF,3C8301C0,280079A6,E007F816,00000020,00000589
1418,49994700,FFFC00CC,000003D5,00000000,00010000,0022B9DF,3C8481C3,280079A6,E007F816,00000020,0000058A
1419,50195900,FFFE00CB,000003D5,00000000,00010000,0022B9DF,3C8501B5,280079A6,E007F816,00000020,0000058B
1420,50091700,FFFF00CD,000003D5,00000000,00010000,0022B9DF,3C85019A,280079A6,E007F816,00000020,0000058C
1421,49802300,FFFD00CE,000003D5,00000000,00010000,0022B9DF,3C858192,2BFC79A6,E007F816,00000020,0000058D
1422,50601500,000200CD,000003D5,00000000,00010000,0022B9DE,3C868199,2BFC79A6,E007F816,00000020,0000058E
1423,51109500,000200D0,000003D5,00000000,00010000,0022B9DE,3C8701B3,2BFC79A6,E007F816,00000020,0000058F
1424,48290900,FFFE00D0,000003D5,00000000,00010000,0023B9DE,3C878191,2BFC79A6,E007F816,00000020,00000590
1425,51680800,FFFE00D2,000003D5,00000000,00010000,0023B9DE,3C8801A8,2BFC79A6,E007F816,00000020,00000591
1426,50895000,FFFE00D2,000003D5,00000000,00010000,0023B9DE,3C8901AD,2BFC79A6,E007F816,00000020,00000592
1427,50124000,FFFF00D3,000003D5,00000000,00010000,0023B9DE,3C8A01A8,2BFC79A6,E007F816,00000020,00000593
1428,49812500,000500D3,000003D5,00000000,00010000,0023B9DF,3C8A81C9,2BFC79A6,E007F816,00000020,00000594
1429,49889900,FFFE00D7,000003D5,00000000,00010000,0023B9DF,3C8A8184,2BFC79A6,E007F816,00000020,00000595
1430,50740300,FFFE00D7,000003D5,00000000,00010000,0024B9DF,3C8C01CC,2BFC79A6,E007F816,00000020,00000596
1431,49281200,FFFE00D7,000003D5,00000000,00010000,0024B9DF,3C8C01ED,2BFC79A6,E007F816,00000020,00000597
1432,51471400,000100D6,000003D5,00000000,00010000,0024B9DF,3C8C81BE,2BFC79A6,E007F816,00000020,00000598
1433,51796300,000200D9,000003D5,00000000,00010000,0024B9DF,3C8E81CD,2BFC79A6,E007F816,00000020,00000599
1434,49336800,FFFF00D9,000003D5,00000000,00010000,0024B9DF,3C8E0193,2BFC79A6,E007F816,00000020,0000059A
1435,50825300,FFFE00DB,000003D5,00000000,00010000,0024B9DF,3C8F018E,2BFC79A6,E007F816,00000020,0000059B
1436,51056900,FFFE00DD,000003D5,00000000,00010000,0025B9DF,3C8F81A3,2BFC79A6,E007F816,00000020,0000059C
1437,50522100,000600DC,000003D5,00000000,00010000,0025B9DF,3C900186,2BFC79A6,E007F816,00000020,0000059D
1438,50766700,FFFD00DD,000003D5,00000000,00010000,0025B9DF,3C91019A,2BFC79A6,E007F816,00000020,0000059E
1439,51362600,FFFF00DF,000003D5,00000000,00010000,0025B9DF,3C928217,2BFC79A6,E007F816,00000020,0000059F
1440,50560900,FFFD00E0,000003D5,00000000,00010000,0025B9DF,3C928197,2BFC6C21,E007F816,00000020,000005A0
1441,51650800,000400E0,000003D5,00000000,00010000,0026B9DF,3C9401BC,2BFC6C21,E007F816,00000020,000005A1
1442,50102800,000000E2,000003D5,00000000,00010000,0026B9DF,3C9401C3,2BFC6C21,E007F816,00000020,000005A2
1443,50845400,FFFF00E2,000003D5,00000000,00010000,0026B9DF,3C9501BC,2BFC6C21,E007F816,00000020,000005A3
1444,49879500,FFFD00E3,000003D5,00000000,00010000,0026B9DF,3C9581B3,2BFC6C21,E007F816,00000020,000005A4
1445,49927000,000200E2,000003D5,00000000,00010000,0026B9DF,3C96019D,2BFC6C21,E007F816,00000020,000005A5
1446,49709100,000200E5,000003D5,00000000,00010000,0026B9DF,3C9681AB,2BFC6C21,E007F816,00000020,000005A6
1447,50735600,FFFE00E2,000003D5,00000000,00010000,0027B9DF,3C970198,2BFC6C21,E007F816,00000020,000005A7
1448,50662300,FFFE00E5,000003D5,00000000,00010000,0027B9DF,3C9781D1,2BFC6C21,E007F816,00000020,000005A8
1449,49588600,000000E3,000003D5,00000000,00010000,0027B9DF,3C9881B0,2BFC6C21,E007F816,00000020,000005A9
1450,50928800,000400E4,000003D5,00000000,00010000,0027B9DF,3C99018C,2BFC6C21,E007F816,00000020,000005AA
1451,50259900,FFFE00E3,000003D5,00000000,00010000,0027B9DF,3C9A0197,2BFC6C21,E007F816,00000020,000005AB
1452,51844100,FFFE00E4,000003D5,00000000,00010000,0027B9DF,3C9B81CA,2BFC6C21,E007F816,00000020,000005AC
1453,51243100,FFFE00E4,000003D5,00000000,00010000,0028B9DF,3C9D0228,2BFC6C21,E007F816,00000020,000005AD
1454,49743600,000500E5,000003D5,00000000,00010000,0028B9DF,3C9C019B,2BFC6C21,E007F816,00000020,000005AE
1455,50704500,FFFF00E4,000003D5,00000000,00010000,0028B9DF,3C9C01F7,2BFC6C21,E007F816,00000020,000005AF
1456,51688500,FFFD00E4,000003D5,00000000,00010000,0028B9DF,3C9E01C5,2BFC6C21,E007F816,00000020,000005B0
1457,51269900,FFFF00E3,000003D5,00000000,00010000,0028B9DF,3C9D818D,2BFC6C21,E007F816,00000020,000005B1
1458,49921300,000300E5,000003D5,00000000,00010000,0029B9DF,3C9E8192,2BFC6C21,E007F816,00000020,000005B2
1459,49968600,000100E4,000003D5,00000000,00010000,0029B9DF,3C9F81A5,2BFC6C21,E007F816,00000020,000005B3
1460,50503800,FFFD00E5,000003D5,00000000,00010000,0029B9DF,3CA081AD,2BFC6C21,E007F816,00000020,000005B4
1461,52057100,FFFF00E3,000003D5,00000000,00010000,0029B9DF,3CA08186,2BFC6C21,E007F816,00000020,000005B5
1462,51458200,000100E5,000003D5,00000000,00010000,0029B9DF,3CA181A6,2BFC6C21,E007F816,00000020,000005B6
1463,48981600,000200E4,000003D5,00000000,00010000,0029B9DF,3CA2018B,2BFC6C21,E007F816,00000020,000005B7
1464,50190000,FFFF00E4,000003D5,00000000,00010000,002AB9DF,3CA281A0,2BFC6C21,E007F816,00000020,000005B8
1465,50874000,FFFD00E5,000003D5,00000000,00010000,002AB9DF,3CA401A7,2BFC6C21,E007F816,00000020,000005B9
1466,51502800,000000E4,000003D5,00000000,00010000,002AB9DF,3CA40188,2BFC6C21,E007F816,00000020,000005BA
1467,49652700,000500E5,000003D5,00000000,00010000,002AB9DF,3CA5019E,2BFC6C21,E007F816,00000020,000005BB
1468,50336400,FFFD00E4,000003D5,00000000,00010000,002AB9DF,3CA581A2,2BFC6C21,E007F816,00000020,000005BC
1469,49471200,FFFE00E4,000003D5,00000000,00010000,002BB9DF,3CA60186,2BFC6C21,E007F816,00000020,000005BD
1470,48741800,FFFF00E6,000003D5,00000000,00010000,002BB9DF,3CA781D5,2BFC5FA5,E007F816,00000020,000005BE
1471,51667600,000500E3,000003D5,00000000,00010000,002BB9DF,3CA78191,2BFC5FA5,E007F816,00000020,000005BF
1472,51675500,FFFE00E5,000003D5,00000000,00010000,002BB9DF,3CA8018F,2BFC5FA5,E007F816,00000020,000005C0
1473,49469700,FFFE00E0,000003D5,00000000,00010000,002BB9DF,3CA90194,2BFC5FA5,E007F816,00000020,000005C1
1474,51123000,FFFF00AD,000003D5,00000000,00010000,002BB9DF,3CA9818E,2BFC5FA5,E007F816,00000020,000005C2
1475,49643600,FFFF0045,000003D5,00000001,00010000,002BB9DF,3CAA81AF,2BFC5FA5,E007F816,00000020,000005C3
1476,50793400,0000FFEE,000003D5,00000001,00010000,002BB9DF,3CA9818E,28005FA5,E007F816,00000020,000005C4
1477,51471200,0001FFB8,000003D5,00000001,00010000,002BB9DF,3CAA01C4,28005FA5,E007F816,00000020,000005C5
1478,48780500,0002FF98,000003D5,00000001,00000000,002BB9DF,3CA9018F,28005FA5,E007F816,00000020,000005C6
1479,50795000,0000FF89,000003D5,00000001,00000000,002BB9DF,3CA881AA,28005FA5,E007F816,00000020,000005C7
1480,51573800,0001FF7D,000003D5,00000001,00000000,002BB9DF,3CA80193,28005FA5,E007F816,00000020,000005C8
1481,50664500,0001FF79,000003D5,00000001,00000000,002BB9DF,3CA881B4,28005FA5,E007F816,00000020,000005C9
1482,50620900,0001FF73,000003D5,00000000,00000000,002BB9DF,3CA98210,28005FA5,E007F816,00000020,000005CA
1483,52348200,FFF9FF5A,000003D5,00000001,FFFF0000,002BB9DF,3CA98232,28005FA5,E007F816,00000020,000005CB
1484,50120700,0003FF08,000003D5,00000001,FFFF0000,002AB9DF,3CA801F7,28005FA5,E007F816,00000020,000005CC
1485,49112800,0001FF00,000003D5,00000001,FFFF0000,002AB9DF,3CA501E3,28005FA5,E007F816,00000020,000005CD
1486,50272400,0002FEFF,000003D5,00000000,FFFF0000,002AB9DF,3CA501AE,28005FA5,E007F816,00000020,000005CE
1487,51706800,FFFBFF00,000003D5,00000000,FFFF0000,002AB9DF,3CA481A5,28005FA5,E007F816,00000020,000005CF
1488,49702500,0001FEFE,000003D5,00000000,FFFF0000,002AB9DF,3CA30195,28005FA5,E007F816,00000020,000005D0
1489,50271600,0003FF01,000003D5,00000000,FFFF0000,0029B9DF,3CA281BB,28005FA5,E007F816,00000020,000005D1
1490,50966100,FFFEFF00,000003D5,00000000,FFFF0000,0029B9DF,3CA18191,28005FA5,E007F816,00000020,000005D2
1491,49996900,FFFEFF01,000003D5,00000000,FFFF0000,0029B9DF,3CA101B2,28005FA5,E007F816,00000020,000005D3
1492,51060000,0002FF03,000003D5,00000000,FFFF0000,0029B9DF,3CA001D0,28005FA5,E007F816,00000020,000005D4
1493,50636200,0001FF01,000003D5,00000000,FFFF0000,0029B9DF,3C9F018A,28005FA5,E007F816,00000020,000005D5
1494,49383200,FFFEFF03,000003D5,00000000,FFFF0000,0028B9DF,3C9F81B3,28005FA5,E007F816,00000020,000005D6
1495,51079500,000DFF06,000003D5,00080000,FFFF0000,0028B9E0,3C9F01FA,28005FA5,E007F816,00000020,000005D7
1496,51703900,0012FF04,000003D5,000F0000,FFFF0000,0028B9E3,3C9E81FD,28005FA5,E007F816,00000020,000005D8
1497,49577700,001AFF04,000003D5,00160000,FFFF0000,0028B9E9,3C9C819F,28005FA5,E007F816,00000020,000005D9
1498,50913800,0022FF06,000003D5,001D0000,FFFF0000,FF28B9F1,3C9B819F,28005FA5,E007F816,00000020,000005DA
1499,50795700,002AFF07,000003D5,00240000,FFFFFFFF,FF27B9FA,3C9A818B,28005FA5,E007F816,00000020,000005DB
1500,51448000,003AFF07,000103D5,002A0000,FFFFFFFF,FF27BA06,3C9981B5,28005442,E007F816,00000020,000005DC
1501,50568400,0040FF07,000103D5,00300000,FFFFFFFF,FF27BA13,3C9B01F5,28005442,E007F816,00000020,000005DD
1502,51697300,0052FF0A,000103D5,00360000,FFFFFFFF,FF27BA22,3C9981D2,28005442,E007B816,00000020,000005DE
1503,50153900,005CFF08,000103D5,003C0000,FFFFFFFF,FF27BA32,3C9781FC,28005442,E0077016,00000020,000005DF
1504,50906400,006EFF0B,000103D5,00410000,FFFFFFFF,FF26BA44,3C97019D,28005442,E0072816,00000020,000005E0
1505,51434100,0078FEED,000103D5,00460000,FFFFFFFE,FF26BA58,3C9601C4,28005442,E006E816,00000020,000005E1
1506,49956900,0082FE8A,000103D5,004B0001,FFFFFFFE,FF26BA6D,3C950198,28005442,E006B016,00000020,000005E2
1507,50786900,008EFE7D,000103D5,00500001,FFFEFFFE,FF26BA83,3C9401A0,28005442,E0068016,00000020,000005E3
1508,52471600,009DFE7F,000103D5,00550000,FFFEFFFE,FF25BA9B,3C928232,28005442,E0065016,00000020,000005E4
1509,50551800,00ABFE7B,000103D5,005A0000,FFFEFFFD,FF25BAB4,3C91819D,28005442,E0062016,00000020,000005E5
1510,50182900,00B6FE79,000103D5,005F0000,FFFEFFFD,FF25BACF,3C900198,28005442,E005F816,00000020,000005E6
1511,50930000,00C4FE81,000103D5,00640000,FFFEFFFD,FF24BAEB,3C8F0184,28005442,E005D016,00000020,000005E7
1512,50258600,00D2FE63,000103D5,006A0000,FFFEFFFD,FF24BB09,3C8D81D6,28005442,E005A816,00000020,000005E8
1513,50104500,00D7FDFB,000103D5,006F0001,FFFEFFFD,FF24BB28,3C8D81F7,28005442,E0058816,00000020,000005E9
1514,49941100,00E5FDF2,000103D5,00740001,FFFEFFFC,FF23BB48,3C8C021D,28005442,E0056816,00000020,000005EA
1515,49790600,00F4FDF0,000103D4,007A0001,FFFDFFFC,FF23BB6B,3C8981A1,28005442,E0054816,00000020,000005EB
1516,50330100,00FEFDF1,000103D4,007F0000,FFFDFFFC,FF22BB8F,3C870185,28005442,E0052816,00000020,000005EC
1517,49822100,010BFDF0,000103D4,00850000,FFFDFFFC,FF22BBB4,3C8601BF,28005442,E0051016,00000020,000005ED
1518,51447300,0114FDF3,000103D4,008B0000,FFFDFFFB,FF22BBDB,3C8481A7,28005442,E004F816,00000020,000005EE
1519,50426200,0126FDF1,000103D4,00910000,FFFDFFFB,FF21BC04,3C8401DA,28005442,E004E016,00000020,000005EF
1520,50997300,012CFDF7,000103D4,00960000,FFFDFFFB,FF21BC2F,3C8201DB,28005442,E004D016,00000020,000005F0
1521,49963700,0135FDF3,000103D4,009B0000,FFFDFFFB,FF20BC5B,3C7F81A1,28005442,E004C016,00000020,000005F1
1522,50890600,0142FDF8,000103D4,00A10000,FFFDFFFB,FF20BC88,3C7D818E,28005442,E004B016,00000020,000005F2
1523,49711000,014CFDF9,000103D4,00A60000,FFFDFFFA,FF1FBCB7,3C7C81DC,28005442,E004A016,00000020,000005F3
1524,50751500,0151FDF8,000003D4,00AA0000,FFFDFFFA,FF1FBCE7,3C7A819C,28005442,E0049016,00000020,000005F4
1525,51374400,015CFDFC,000003D4,00AF0000,FFFDFFFA,FF1FBD19,3C790195,28005442,E0048816,00000020,000005F5
1526,49054600,0160FDFA,000003D4,00B30000,FFFDFFFA,FF1EBD4C,3C7801BF,28005442,E0047816,00000020,000005F6
1527,49774200,016CFE28,000003D4,00B70000,FFFDFFFA,FF1EBD80,3C76018F,28005442,E0047016,00000020,000005F7
1528,51638600,0174FE8B,000003D4,00BB0000,FFFDFFFA,FF1EBDB5,3C7581C0,28005442,D0046816,00000020,000005F8
1529,50684700,0174FE92,000003D4,00BE0000,FFFDFFF9,FF1DBDEB,3C7401AA,28005442,D0046816,00000020,000005F9
1530,53000500,017BFE92,000003D5,00C10000,FFFEFFF9,FF1DBE22,3C7301B6,28004A13,D0046016,00000022,000005FA
1531,50979100,017BFE94,000003D5,00C40000,FFFEFFF9,FF1DBE5A,3C7181AF,28004A13,D0046016,00000022,000005FB
1532,49805300,017FFE95,000003D5,00C60000,FFFEFFF9,FF1CBE92,3C70018E,28004A13,D0046016,00000022,000005FC
1533,50544000,017CFE96,000003D4,00C70000,FFFEFFF9,FF1CBECB,3C6F81C3,28004A13,D0046016,00000022,000005FD
1534,50218900,0180FE97,000003D4,00C90000,FFFEFFF9,FF1CBF05,3C6E81BB,28004A13,D0046016,00000022,000005FE
1535,50430900,017EFE9A,000003D4,00C90000,FFFEFFF9,FF1CBF3E,3C6D0190,28004A13,D0046016,00000022,000005FF
1536,51031700,017EFE96,000003D4,00C90000,FFFEFFF9,FF1BBF78,3C6C01D7,28004A13,D0046816,00000022,00000600
1537,50434400,0179FE9C,000003D4,00C90000,FFFEFFF9,FF1BBFB2,3C6B01BF,28004A13,D0046816,00000022,00000601
1538,50721100,0179FE9B,000003D4,00C80000,FFFEFFF9,FF1BBFEB,3C6A01A9,28004A13,D0047016,00000022,00000602
1539,50127100,0174FE9E,000003D4,00C70000,FFFEFFF9,FF1AC024,3C6901C6,28004A13,D0047816,00000022,00000603
1540,50149400,0171FE9C,000003D4,00C50000,FFFEFFF9,FF1AC05D,3C6781B6,28004A13,D0048016,00000022,00000604
1541,50765700,016CFED0,000003D4,00C30000,FFFEFFF9,FF1AC095,3C6701E0,28004A13,D0049016,00000022,00000605
1542,51148000,0168FF2E,000003D4,00C10000,FFFEFFF9,FF1AC0CD,3C660199,28004A13,D0049816,00000022,00000606
1543,49843000,015FFF32,000003D5,00BE0000,FFFEFFF9,FF1AC103,3C6501B8,28004A13,D004B016,00000022,00000607
1544,49272000,0155FF33,000003D5,00BA0000,FFFEFFFA,FF19C139,3C6481AC,28004A13,D004C016,00000022,00000608
1545,50406300,014BFF37,FFFF03D5,00B50000,FFFFFFFA,FF19C16D,3C6401AD,28004A13,D004D816,00000022,00000609
1546,50986700,0144FF37,FFFF03D5,00B00000,FFFFFFFA,FF19C1A1,3C6381E1,28004A13,D004E816,00000022,0000060A
1547,50907300,0138FF36,FFFF03D5,00AB0000,FFFFFFFA,FF19C1D2,3C6301B2,28004A13,D0050816,00000022,0000060B
1548,50578200,012BFF37,FFFF03D5,00A50000,FFFFFFFA,FF19C202,3C618194,28004A13,D0052016,00000022,0000060C
1549,50339300,0124FF38,FFFF03D5,009F0000,FFFFFFFA,FF19C230,3C610199,28004A13,D0054016,00000022,0000060D
1550,50607800,0116FF6A,FFFF03D5,00990000,FFFFFFFB,FF19C25D,3C6181DB,28004A13,D0055816,00000022,0000060E
1551,49799500,010EFFAE,FFFF03D5,00930000,FFFFFFFB,FF18C288,3C6101B0,28004A13,D0058016,00000022,0000060F
1552,49502500,00FFFFAE,FFFF03D5,008C0000,FFFFFFFB,FF18C2B1,3C6001DB,28004A13,D005B016,00000022,00000610
1553,52337600,00F2FFB4,FFFF03D5,00860000,FFFFFFFB,FF18C2D8,3C600199,28004A13,D005D816,00000022,00000611
1554,50731000,00E9FFC0,FFFF03D5,007F0000,FFFFFFFB,FF18C2FD,3C5F8194,28004A13,D0060016,00000022,00000612
1555,50990900,00D9FFE1,FFFF03D5,00780000,0000FFFC,FF18C320,3C5F8183,28004A13,D0063816,00000022,00000613
1556,50662400,00CE0009,FFFF03D5,00710000,0000FFFC,FF18C341,3C6001A5,28004A13,D0067016,00000022,00000614
1557,50896000,00C4002E,FFFF03D5,006AFFFF,0000FFFC,FF18C360,3C6081D5,28004A13,D006A816,00000022,00000615
1558,50121100,00B40049,FFFF03D5,0064FFFF,0000FFFC,FF18C37D,3C600198,28004A13,D006E816,00000022,00000616
1559,49352300,00AD005E,FFFF03D5,005EFFFF,0000FFFC,FF18C399,3C6081B6,28004A13,D0073016,00000022,00000617
1560,51021100,009F0073,FFFF03D5,00570000,0000FFFD,FF19C3B2,3C608185,2800412C,D0077816,00000022,00000618
1561,50842300,00970074,FFFF03D5,00510000,0000FFFD,FF19C3CA,3C6181C2,2800412C,D007C016,00000022,00000619
1562,48851200,008C0083,FFFF03D5,004C0000,0001FFFD,FF19C3E1,3C630223,2800412C,D007F816,00000022,0000061A
1563,50625900,00840088,FFFF03D5,00460000,0001FFFD,FF19C3F5,3C6201A5,2800412C,D007F816,00000022,0000061B
1564,49285500,007C008C,FFFF03D5,00410000,0001FFFD,FF19C409,3C6281A0,2800412C,D007F816,00000022,0000061C
1565,51224800,00740093,FFFF03D5,003D0000,0001FFFE,FF19C41A,3C63019C,2800412C,D007F816,00000022,0000061D
1566,50200300,00700093,000003D5,00390000,0001FFFE,FF19C42B,3C6301CB,2800412C,D007F816,00000022,0000061E
1567,50494700,00640096,000003D5,00350000,0001FFFE,FF19C43B,3C6381D8,2800412C,D007F816,00000022,0000061F
1568,50567000,00620097,000003D5,00320000,0001FFFE,FF19C44A,3C640191,2800412C,D007F816,00000022,00000620
1569,50033200,005C0099,000003D5,00300000,0001FFFE,FF1AC457,3C6481A5,2800412C,D007F816,00000022,00000621
1570,51832900,0054009B,000003D5,002E0000,0001FFFE,FF1AC465,3C65820D,2800412C,D007F816,00000022,00000622
1571,51004600,0056009C,000003D5,002C0000,0001FFFE,FF1AC472,3C6501C6,2800412C,D007F816,00000022,00000623
1572,50282800,004F009E,000003D5,002B0000,0001FFFE,FF1AC47E,3C658190,2800412C,D007F816,00000022,00000624
1573,49362800,004E009D,000003D5,002A0000,0001FFFE,FF1AC48A,3C6601C4,2800412C,D007F816,00000022,00000625
1574,51634800,004A009F,000003D5,00290000,0001FFFE,FF1AC496,3C6781C4,2800412C,D007F816,00000022,00000626
1575,51257200,004D009F,000003D5,00290000,0001FFFF,FF1AC4A2,3C678194,2800412C,D007F816,00000022,00000627
1576,51075300,004B00A0,000003D5,00290000,0001FFFF,FF1AC4AE,3C67818A,2800412C,D007F816,00000022,00000628
1577,50085700,004600A5,000003D5,002A0000,0001FFFF,FF1BC4BA,3C6901F5,2800412C,D007F816,00000022,00000629
1578,49993100,004B00A0,000003D5,002B0000,0001FFFF,FF1BC4C6,3C688194,2800412C,D007F816,00000022,0000062A
1579,50327700,004C00A3,000003D5,002C0000,0001FFFF,FF1BC4D2,3C6901CE,2800412C,D007F816,00000022,0000062B
1580,50589500,004A00A6,000003D5,002D0000,0001FFFF,FF1BC4DF,3C69819C,2800412C,D007F816,00000022,0000062C
1581,49941800,004C00A5,000003D5,002E0000,0001FFFF,FF1BC4EC,3C6A81A5,2800412C,D007F816,00000022,0000062D
1582,52004700,005100A6,000003D5,00300000,0001FFFF,FF1BC4F9,3C6A81B4,2800412C,D007F816,00000022,0000062E
1583,49251600,004D00A3,000003D5,00310000,0001FFFF,FF1BC507,3C6B81AF,2800412C,D007F816,00000022,0000062F
1584,50785300,005400A7,000003D5,00330000,0001FFFF,FF1BC516,3C6D01E6,2800412C,D007F816,00000022,00000630
1585,50330300,005A00AA,000003D5,00350000,0001FFFE,FF1CC525,3C6C01CA,2800412C,D007F816,00000022,00000631
1586,50756600,005900A6,000003D5,00370000,0001FFFE,FF1CC535,3C6D01D5,2800412C,D007F816,00000022,00000632
1587,50133900,005E00A9,000003D5,003A0000,0001FFFE,FF1CC545,3C6E01BF,2800412C,D007F816,00000022,00000633
1588,51723600,006000AA,000003D5,003C0000,0001FFFE,FF1CC556,3C6E81BE,2800412C,D007F816,00000022,00000634
1589,49000200,006700AA,000003D5,003E0000,0001FFFE,FF1CC567,3C6F01CB,2800412C,D007F816,00000022,00000635
1590,50604000,006400AE,000003D5,00400000,0001FFFE,FF1CC579,3C6F01A9,28003997,D007F016,00000022,00000636
1591,50570400,007100A9,000003D5,00430000,0001FFFE,FF1CC58C,3C7001C7,28003997,D007D016,00000022,00000637
1592,51189700,006F00AF,000003D5,00450000,0001FFFE,FF1CC5A0,3C700195,28003997,D007A816,00000022,00000638
1593,50342400,007500AC,000003D5,00470000,0001FFFE,FF1DC5B4,3C700189,28003997,D0078816,00000022,00000639
1594,51223700,007A00AD,000003D5,004A0000,0001FFFE,FF1DC5C9,3C7101A5,28003997,D0076816,00000022,0000063A
1595,50197100,008200B1,000003D5,004C0000,0001FFFE,FF1DC5DE,3C7181C0,28003997,D0074816,00000022,0000063B
1596,50574200,008300B4,000003D5,004E0000,0001FFFE,FF1DC5F4,3C720191,28003997,D0073016,00000022,0000063C
1597,50290100,008500AE,000003D5,00510000,0001FFFE,FF1DC60B,3C7281A0,28003997,D0071816,00000022,0000063D
1598,49877900,009000B0,000003D5,00530000,0001FFFE,FF1DC623,3C73018B,28003997,D006F816,00000022,0000063E
1599,49902400,009100B2,000003D5,00550000,0001FFFE,FF1DC63B,3C738188,28003997,D006E016,00000022,0000063F
1600,50394400,009600B4,000003D5,00570000,0001FFFD,FF1EC654,3C7481B5,28003997,D006D016,00000022,00000640
1601,51723400,009900B0,000003D5,005A0000,0001FFFD,FF1EC66D,3C7501A9,28003997,D006B816,00000022,00000641
1602,50184000,00A100B4,000003D5,005C0000,0001FFFD,FF1EC687,3C750193,28003997,D006A016,00000022,00000642
1603,50590400,00A30085,000003D5,005D0000,0001FFFD,FF1EC6A2,3C758187,28003997,D0069016,00000022,00000643
1604,51007200,00AB0036,000003D5,005F0001,0001FFFD,FF1EC6BD,3C768221,28003997,D0067816,00000022,00000644
1605,49785300,00B3FFFC,000003D5,00600001,0001FFFD,FF1EC6D8,3C7681B8,28003997,D0066816,00000022,00000645
1606,49882100,00AFFFCD,000003D5,00620001,0000FFFD,FF1EC6F4,3C7681F5,28003997,D0065016,00000022,00000646
1607,51941400,00B9FF9F,000003D5,00630001,0000FFFD,FF1EC710,3C750189,28003997,D0064016,00000022,00000647
1608,50226900,00BBFF3D,000003D5,00650001,0000FFFD,FF1EC72D,3C748190,28003997,D0063016,00000022,00000648
1609,50482500,00C0FF3C,000003D5,00670001,0000FFFD,FF1DC74A,3C7401A9,28003997,D0062016,00000022,00000649
1610,50201300,00C2FF2D,000003D5,00690001,FFFFFFFD,FF1DC768,3C7301BE,28003997,D0060816,00000022,0000064A
1611,50899700,00C3FF30,000003D5,006B0001,FFFFFFFD,FF1DC787,3C7301EA,28003997,D005F816,00000022,0000064B
1612,49436600,00D0FF2D,000003D5,006E0000,FFFFFFFC,FF1DC7A6,3C7281B1,28003997,D005F016,00000022,0000064C
1613,50605900,00CBFF2A,000003D5,00700000,FFFFFFFC,FF1DC7C6,3C7201A6,28003997,D005E016,00000022,0000064D
1614,49872900,00D2FF2F,000003D5,00720000,FFFFFFFC,FF1DC7E6,3C70818A,28003997,D005D016,00000022,0000064E
1615,51159900,00D5FF30,000003D5,00740000,FFFFFFFC,FF1CC807,3C700197,28003997,D005C816,00000022,0000064F
1616,49663000,00D9FF2B,000003D5,00760000,FFFFFFFC,FF1CC829,3C6F81C0,28003997,D005B816,00000022,00000650
1617,50904500,00DAFF2C,000003D5,00780000,FFFFFFFC,FF1CC84B,3C6E81AE,28003997,D005B016,00000022,00000651
1618,52116500,00DFFF31,000003D5,007A0000,FFFFFFFC,FF1CC86E,3C6F01C4,28003997,D005A816,00000022,00000652
1619,49105700,00E0FF2D,000003D5,007C0000,FFFFFFFC,FF1CC891,3C6E01DF,28003997,D005A816,00000022,00000653
1620,50516300,00E1FF30,000003D5,007D0000,FFFFFFFC,FF1CC8B5,3C6D01A6,2800335E,D005A016,00000022,00000654
1621,50650300,00E5FF31,000003D5,007E0000,FFFFFFFC,FF1BC8D9,3C6C81BA,2800335E,D0059816,00000022,00000655
1622,50991100,00E4FF31,000003D5,007F0000,FFFFFFFC,FF1BC8FD,3C6D020B,2800335E,D0059816,00000022,00000656
1623,51442400,00EAFF2E,000003D5,00800000,FFFFFFFC,FF1BC922,3C6B81A9,2800335E,D0059816,00000022,00000657
1624,50256500,00E7FF34,000003D5,00810000,FFFFFFFC,FF1BC947,3C6B01EF,2800335E,D0059016,00000022,00000658
1625,50917300,00E7FF32,000003D5,00820000,FFFFFFFC,FF1BC96C,3C6A01C7,2800335E,D0059016,00000022,00000659
1626,50884300,00EBFF33,000003D5,00820000,FFFFFFFC,FF1BC991,3C69019C,2800335E,D0059816,00000022,0000065A
1627,49525200,00E7FF35,000003D5,00820000,FFFFFFFC,FF1AC9B7,3C6901D4,2800335E,D0059816,00000022,0000065B
1628,50847800,00E9FF5F,000003D5,00820000,FFFFFFFC,FF1AC9DC,3C680196,2800335E,D0059816,00000022,0000065C
1629,51379100,00E6FFA6,000003D5,00820000,FFFFFFFC,FF1ACA01,3C6801AF,2800335E,D005A016,00000022,0000065D
1630,51566600,00EAFFAA,000003D5,00820000,FFFFFFFC,FF1ACA26,3C6781A8,2800335E,D005A816,00000022,0000065E
1631,49418600,00E5FFAC,000003D5,00810000,FFFFFFFC,FF1ACA4C,3C67018F,2800335E,D005B016,00000022,0000065F
1632,50003900,00E1FFAA,000003D5,00810000,FFFFFFFC,FF1ACA71,3C6781C5,2800335E,D005B816,00000022,00000660
1633,51569400,00E1FFAB,000003D5,007F0000,FFFFFFFC,FF1ACA95,3C6681EC,2800335E,D005C016,00000022,00000661
1634,50582100,00DEFFAD,000003D5,007E0000,FFFFFFFC,FF1ACAB9,3C6601A3,2800335E,D005C816,00000022,00000662
1635,51207200,00DAFFAB,000003D5,007D0000,0000FFFC,FF1ACADD,3C6601AE,2800335E,D005D016,00000022,00000663
1636,50991000,00D8FFAA,000003D5,007B0000,0000FFFC,FF1ACB01,3C658185,2800335E,D005E016,00000022,00000664
1637,49987000,00D6FFAF,000003D5,007A0000,0000FFFC,FF1ACB24,3C65818B,2800335E,D005E816,00000022,00000665
1638,51019000,00D4FFAD,000003D5,00780000,0000FFFC,FF1ACB46,3C6581B9,2800335E,D005F816,00000022,00000666
1639,49991200,00D0FFC0,000003D5,00760000,0000FFFC,FF1ACB68,3C6601DE,2800335E,D0060016,00000022,00000667
1640,50155600,00D1FFD9,000003D5,00750000,0000FFFC,FF1ACB8A,3C6581AC,2800335E,D0061016,00000022,00000668
1641,50554100,00C40003,000003D5,00730000,0000FFFC,FF1ACBAB,3C66823F,2800335E,D0062016,00000022,00000669
1642,50339400,00C8002C,000003D5,00710000,0000FFFC,FF1ACBCC,3C6501A4,2800335E,D0063016,00000022,0000066A
1643,51866000,00C40049,000003D5,00700000,0000FFFC,FF1ACBEC,3C66821E,2800335E,D0064016,00000022,0000066B
1644,49044800,00BC0062,000003D5,006E0000,0000FFFC,FF1ACC0C,3C6581AD,2800335E,D0065016,00000022,0000066C
1645,50444700,00BA0073,000003D5,006C0000,0000FFFC,FF1ACC2B,3C65818A,2800335E,D0066016,00000022,0000066D
1646,50534700,00B9007D,000003D5,006A0000,0000FFFD,FF1ACC4A,3C660185,2800335E,D0067016,00000022,0000066E
1647,50623500,00B50087,000003D5,00680000,0001FFFD,FF1ACC68,3C668197,2800335E,D0068816,00000022,0000066F
1648,50233900,00B2008D,000003D5,00660000,0001FFFD,FF1ACC85,3C6801E0,2800335E,D0069816,00000022,00000670
1649,50361800,00AD0093,000003D5,00640000,0001FFFD,FF1ACCA2,3C6801D5,2800335E,D006A816,00000022,00000671
1650,49964500,00AE0099,000003D5,00630000,0001FFFD,FF1ACCBF,3C690213,28002E8B,D006B816,00000022,00000672
1651,50873100,00AA009B,000003D5,00610000,0001FFFD,FF1BCCDB,3C688198,28002E8B,D006C816,00000022,00000673
1652,50283600,00A8009E,000003D5,005F0000,0001FFFD,FF1BCCF6,3C6A0213,28002E8B,D006D016,00000022,00000674
1653,52912300,00A5009C,000003D5,005D0000,0001FFFD,FF1BCD11,3C690198,28002E8B,D006E016,00000022,00000675
1654,49540900,00A600A3,000003D5,005C0000,0001FFFD,FF1BCD2B,3C698198,28002E8B,D006F016,00000022,00000676
1655,50542600,00A100A1,000003D5,005B0000,0001FFFD,FF1BCD46,3C6A818A,28002E8B,D006F016,00000022,00000677
1656,49891000,00A000A5,000003D5,005A0000,0001FFFD,FF1BCD5F,3C6B0194,28002E8B,D0070016,00000022,00000678
1657,49562700,009F00A5,000003D5,00590000,0001FFFD,FF1BCD79,3C6C01B0,28002E8B,D0070016,00000022,00000679
1658,51096100,009C00A6,000003D5,00580000,0001FFFD,FF1BCD92,3C6C0199,28002E8B,D0070816,00000022,0000067A
1659,134993100,009E00A7,000003D5,00570000,0001FFFD,FF1CCDAB,3C6D01CD,28002E8B,D0070816,00000022,0000067B
1660,14759800,009B00A8,000003D5,00570000,0001FFFD,FF1CCDC4,3C6D01A9,28002E8B,D0071016,00000022,0000067C
1661,48047400,009A00A8,000003D5,00560000,0001FFFD,FF1CCDDD,3C6D81A6,28002E8B,D0070816,00000022,0000067D
1662,49654200,009C00A9,000003D5,00560000,0001FFFD,FF1CCDF5,3C6E019C,28002E8B,D0070816,00000022,0000067E
1663,51338800,009D00A9,000003D5,00560000,0001FFFD,FF1CCE0E,3C6E0187,28002E8B,D0070816,00000022,0000067F
1664,50087000,009900AF,000003D5,00560000,0001FFFD,FF1CCE27,3C6F01D1,28002E8B,D0070016,00000022,00000680
1665,50149700,009A00A8,000003D5,00560000,0001FFFD,FF1CCE3F,3C6F01AD,28002E8B,D0070016,00000022,00000681
1666,52635300,009B00AF,000003D5,00560000,0001FFFD,FF1DCE58,3C700191,28002E8B,D006F816,00000022,00000682
1667,48599700,009F00AF,000003D5,00570000,0001FFFD,FF1DCE71,3C7081A4,28002E8B,D006F016,00000022,00000683
1668,51816000,009B00A8,000003D5,00570000,0001FFFD,FF1DCE8A,3C710198,28002E8B,D006F016,00000022,00000684
1669,50805400,009F00B2,000003D5,00580000,0001FFFD,FF1DCEA3,3C7201D3,28002E8B,D006E816,00000022,00000685
1670,49486500,00A200B2,000003D5,00580000,0001FFFD,FF1DCEBC,3C7281E3,28002E8B,D006E016,00000022,00000686
1671,50468700,009D00B0,000003D5,00590000,0001FFFD,FF1DCED6,3C7381CC,28002E8B,D006D816,00000022,00000687
1672,50902400,00A400B1,000003D5,005A0000,0001FFFD,FF1DCEEF,3C73018F,28002E8B,D006D016,00000022,00000688
1673,142365200,00A600B2,000003D5,005A0000,0001FFFD,FF1DCF09,3C7381A7,28002E8B,D006C016,00000022,00000689
1674,14487000,00A600B1,000003D5,005B0000,0001FFFD,FF1ECF23,3C7481B2,28002E8B,D006B816,00000022,0000068A
1675,50198200,00A700B0,000003D5,005C0000,0001FFFD,FF1ECF3D,3C7501B1,28002E8B,D006B016,00000022,0000068B
1676,49576000,00AC0088,000003D5,005C0000,0001FFFD,FF1ECF58,3C75018A,28002E8B,D006A016,00000022,0000068C
1677,50388000,00AD0036,000003D5,005D0001,0001FFFD,FF1ECF72,3C7601D4,28002E8B,D0069816,00000022,0000068D
1678,51162400,00B3FFF8,000003D5,005D0001,0001FFFD,FF1ECF8D,3C7601BA,28002E8B,D0068816,00000022,0000068E
1679,50375400,00B0FFD2,000003D5,005E0001,0000FFFD,FF1ECFA7,3C7581A6,28002E8B,D0068016,00000022,0000068F
1680,50318800,00B3FFC0,000003D5,005F0001,0000FFFD,FF1ECFC2,3C750193,28002AFB,D0067016,00000022,00000690
1681,52600100,00B8FFAE,000003D5,00600001,0000FFFD,FF1ECFDE,3C748206,28002AFB,D0066016,00000022,00000691
1682,48923300,00BAFFA7,000003D5,00610001,0000FFFD,FF1ECFFA,3C7581DE,28002AFB,D0065016,00000022,00000692
1683,48967400,00BAFFA8,000003D5,00630000,0000FFFD,FF1DD016,3C7481B1,28002AFB,D0064816,00000022,00000693
1684,50336100,00BDFFA4,000003D5,00640000,0000FFFD,FF1DD032,3C7401F8,28002AFB,D0063816,00000022,00000694
1685,50923100,00BDFFA1,000003D5,00660000,0000FFFD,FF1DD04F,3C7401F5,28002AFB,D0063016,00000022,00000695
1686,163743400,00C0FF81,000003D5,00670000,0000FFFD,FF1DD06D,3C7381C0,28002AFB,D0062816,00000022,00000696
1687,14144900,00C2FF33,000003D5,00690001,FFFFFFFD,FF1DD08A,3C72018C,28002AFB,D0061816,00000022,00000697
1688,50245100,00C6FF2D,000003D5,006A0001,FFFFFFFC,FF1DD0A9,3C7281D3,28002AFB,D0061016,00000022,00000698
1689,49309400,00C9FF2D,000003D5,006C0000,FFFFFFFC,FF1DD0C8,3C710185,28002AFB,D0060016,00000022,00000699
1690,51035300,00CBFF2C,000003D5,006D0000,FFFFFFFC,FF1DD0E7,3C70818C,28002AFB,D005F816,00000022,0000069A
1691,51321400,00CCFF30,000003D5,006F0000,FFFFFFFC,FF1CD106,3C6F819F,28002AFB,D005F016,00000022,0000069B
1692,50260400,00D2FF2D,000003D5,00700000,FFFFFFFC,FF1CD126,3C7001D6,28002AFB,D005E816,00000022,0000069C
1693,51244800,00D1FF30,000003D5,00720000,FFFFFFFC,FF1CD147,3C6E8188,28002AFB,D005E016,00000022,0000069D
1694,52145900,00D2FF30,000003D5,00730000,FFFFFFFC,FF1CD167,3C6E01AC,28002AFB,D005E016,00000022,0000069E
1695,50249400,00D5FF2D,000003D5,00740000,FFFFFFFC,FF1CD188,3C6E01D5,28002AFB,D005D816,00000022,0000069F
1696,49065900,00D7FF5C,000003D5,00750000,FFFFFFFC,FF1CD1AA,3C6C8186,28002AFB,D005D016,00000022,000006A0
1697,50327200,00DAFFA3,000003D5,00760000,FFFFFFFC,FF1CD1CC,3C6C0191,28002AFB,D005D816,00000022,000006A1
1698,50830100,00D3FFA7,000003D5,00770000,FFFFFFFC,FF1BD1EE,3C6C81A0,28002AFB,D005D016,00000022,000006A2
1699,143091400,00D7FFA5,000003D5,00780000,FFFFFFFC,FF1BD210,3C6C0196,28002AFB,D005D016,00000022,000006A3
1700,16172800,00D9FFA8,000003D5,00780000,FFFFFFFC,FF1BD232,3C6C81D6,28002AFB,D005D816,00000022,000006A4
1701,49015300,00DAFFA7,000003D5,00780000,FFFFFFFC,FF1BD254,3C6B81B8,28002AFB,D005D816,00000022,000006A5
1702,51412300,00D7FFA6,000003D5,00780000,FFFFFFFC,FF1BD277,3C6B01B2,28002AFB,D005D816,00000022,000006A6
1703,50172800,00D7FFAA,000003D5,00780000,FFFFFFFC,FF1BD299,3C6B81BB,28002AFB,D005E016,00000022,000006A7
1704,49579400,00D8FFA7,000003D5,00770000,0000FFFC,FF1BD2BB,3C6A819C,28002AFB,D005E016,00000022,000006A8
1705,49259500,00D6FFA8,000003D5,00770000,0000FFFC,FF1BD2DE,3C6A0187,28002AFB,D005E816,00000022,000006A9
1706,52121300,00D5FFA8,000003D5,00770000,0000FFFC,FF1BD300,3C6A81DE,28002AFB,D005E816,00000022,000006AA
1707,50502800,00D4FFA9,000003D5,00760000,0000FFFC,FF1BD321,3C698192,28002AFB,D005F016,00000022,000006AB
1708,49270500,00D2FFAA,000003D5,00750000,0000FFFC,FF1BD343,3C6A81E8,28002AFB,D005F816,00000022,000006AC
1709,50527200,00D1FFA9,000003D5,00740000,0000FFFC,FF1BD364,3C690199,28002AFB,D005F816,00000022,000006AD
1710,49382500,00D1FFA9,000003D5,00740000,0000FFFC,FF1BD386,3C6901DE,2800290E,D0060016,00000022,000006AE
1711,143059000,00CDFFA9,000003D5,00730000,0000FFFC,FF1BD3A7,3C6A0218,2800290E,D0060816,00000022,000006AF
1712,14397500,00C9FFAB,000003D5,00720000,0000FFFC,FF1AD3C7,3C6901D8,2800290E,D0061016,00000022,000006B0
1713,49766500,00D0FFAC,000003D5,00710000,0000FFFC,FF1AD3E8,3C6881A5,2800290E,D0061816,00000022,000006B1
1714,49533700,00C2FFBE,000003D5,00700000,0000FFFC,FF1AD408,3C680193,2800290E,D0062016,00000022,000006B2
1715,52448900,00CAFFD8,000003D5,006F0000,0000FFFC,FF1AD428,3C678197,2800290E,D0062816,00000022,000006B3
1716,51010100,00C40003,000003D5,006E0000,0000FFFC,FF1AD448,3C6881CA,2800290E,D0063016,00000022,000006B4
1717,51562700,00C0002C,000003D5,006E0000,0000FFFC,FF1AD467,3C67818D,2800290E,D0064016,00000022,000006B5
1718,49175600,00C20049,000003D5,006DFFFF,0000FFFC,FF1AD486,3C680186,2800290E,D0064816,00000022,000006B6
1719,49654100,00BC0062,000003D5,006CFFFF,0000FFFC,FF1BD4A5,3C6881B5,2800290E,D0065016,00000022,000006B7
1720,50977000,00B80075,000003D5,006B0000,0000FFFD,FF1BD4C4,3C6881A0,2800290E,D0066016,00000022,000006B8
1721,50912600,00B8007F,000003D5,00690000,0000FFFD,FF1BD4E2,3C6A81F6,2800290E,D0067016,00000022,000006B9
1722,50283400,00B8008D,000003D5,00680000,0001FFFD,FF1BD500,3C6981AC,2800290E,D0067816,00000022,000006BA
1723,50669700,00B3008F,000003D5,00670000,0001FFFD,FF1BD51E,3C6A01C3,2800290E,D0068816,00000022,000006BB
1724,50535400,00B10097,000003D5,00650000,0001FFFD,FF1BD53B,3C6A8194,2800290E,D0069816,00000022,000006BC
1725,49756100,00B6009B,000003D5,00640000,0001FFFD,FF1BD558,3C6A8188,2800290E,D006A016,00000022,000006BD
1726,50206300,00AB009E,000003D5,00630000,0001FFFD,FF1BD574,3C6B819C,2800290E,D006A816,00000022,000006BE
1727,139005700,00AF00A2,000003D5,00620000,0001FFFD,FF1BD590,3C6B819B,2800290E,D006B016,00000022,000006BF
1728,14425100,00AF00A3,000003D5,00600000,0001FFFD,FF1CD5AC,3C6C81AE,2800290E,D006B816,00000022,000006C0
1729,50464500,00AA00A6,000003D5,005F0000,0001FFFD,FF1CD5C7,3C6D01C6,2800290E,D006C016,00000022,000006C1
1730,49594700,00AB00A6,000003D5,005E0000,0001FFFD,FF1CD5E3,3C6E01DC,2800290E,D006C816,00000022,000006C2
1731,50134500,00A700A9,000003D5,005E0000,0001FFFD,FF1CD5FE,3C6E01A4,2800290E,D006C816,00000022,000006C3
1732,49515300,00AC00A9,000003D5,005D0000,0001FFFD,FF1CD618,3C6F01EA,2800290E,D006C816,00000022,000006C4
1733,50402300,00A700AA,000003D5,005C0000,0001FFFD,FF1CD633,3C6E818F,2800290E,D006D016,00000022,000006C5
1734,50578200,00A700AB,000003D5,005C0000,0001FFFD,FF1CD64D,3C6F018D,2800290E,D006D016,00000022,000006C6
1735,49550200,00A600AD,000003D5,005C0000,0001FFFD,FF1CD668,3C6F8185,2800290E,D006D016,00000022,000006C7
1736,50401500,00A900AB,000003D5,005B0000,0001FFFD,FF1DD682,3C720218,2800290E,D006D016,00000022,000006C8
1737,50751900,00A900AF,000003D5,005B0000,0001FFFD,FF1DD69C,3C71019B,2800290E,D006C816,00000022,000006C9
1738,51723900,00A400AF,000003D5,005B0000,0001FFFD,FF1DD6B6,3C71819D,2800290E,D006C816,00000022,000006CA
1739,48773100,00AB00B0,000003D5,005B0000,0001FFFD,FF1DD6D0,3C720193,2800290E,D006C816,00000022,000006CB
1740,52600000,00AA00AD,000003D5,005C0000,0001FFFD,FF1DD6EB,3C7281AB,280028DB,D006C016,00000022,000006CC
1741,49493800,00A800B1,000003D5,005C0000,0001FFFD,FF1DD705,3C7301B7,280028DB,D006B816,00000022,000006CD
1742,49035200,00AA00B4,000003D5,005C0000,0001FFFD,FF1DD71F,3C7401C2,280028DB,D006B816,00000022,000006CE
1743,49633900,00A900AE,000003D5,005D0000,0001FFFD,FF1ED73A,3C7501C8,280028DB,D006B016,00000022,000006CF
1744,145137500,00B00085,000003D5,005D0000,0001FFFD,FF1ED754,3C7501B5,280028DB,D006A816,00000022,000006D0
1745,14157300,00B30037,000003D5,005D0001,0001FFFD,FF1ED76F,3C7601FB,280028DB,D006A016,00000022,000006D1
1746,49892600,00ADFFF7,000003D5,005D0001,0001FFFD,FF1ED78A,3C748188,280028DB,D0069016,00000022,000006D2
1747,49082100,00B3FFD4,000003D5,005D0001,0000FFFD,FF1ED7A4,3C748197,280028DB,D0068816,00000022,000006D3
1748,51865800,00B4FFBC,000003D5,005E0001,0000FFFD,FF1ED7BF,3C740193,280028DB,D0068016,00000022,000006D4
1749,50679900,00B4FFB2,000003D5,005F0001,0000FFFD,FF1DD7DA,3C7401AE,280028DB,D0067016,00000022,000006D5
1750,49993100,00BAFFA8,000003D5,00600001,0000FFFD,FF1DD7F6,3C7481E9,280028DB,D0066816,00000022,000006D6
1751,50472800,00B8FFA7,000003D5,00610000,0000FFFD,FF1DD811,3C7401B4,280028DB,D0065816,00000022,000006D7
1752,51549900,00B6FFA5,000003D5,00620000,0000FFFD,FF1DD82D,3C7301A8,280028DB,D0065016,00000022,000006D8
1753,50830400,00C2FFA2,000003D5,00640000,0000FFFD,FF1DD84A,3C7301B2,280028DB,D0064016,00000022,000006D9
1754,49448900,00BAFFA3,000003D5,00650000,0000FFFD,FF1DD867,3C72819C,280028DB,D0063816,00000022,000006DA
1755,50124800,00C2FFA2,000003D5,00670000,0000FFFD,FF1DD884,3C720190,280028DB,D0063016,00000022,000006DB
1756,51371500,00C0FFA2,000003D5,00680000,0000FFFD,FF1DD8A1,3C7201CA,280028DB,D0062816,00000022,000006DC
1757,50172800,00C3FFA1,000003D5,00690000,0000FFFD,FF1DD8BF,3C7201AC,280028DB,D0062016,00000022,000006DD
1758,50196800,00C6FFA5,000003D5,006A0000,0000FFFC,FF1DD8DE,3C710186,280028DB,D0061816,00000022,000006DE
1759,50349000,00C8FFA2,000003D5,006C0000,0000FFFC,FF1DD8FD,3C71018E,280028DB,D0061016,00000022,000006DF
1760,50647200,00C8FF81,000003D5,006D0000,FFFFFFFC,FF1DD91C,3C7181CB,280028DB,D0060816,00000022,000006E0
1761,49716400,00CCFF60,000003D5,006E0000,FFFFFFFC,FF1CD93B,3C720263,280028DB,D0060816,00000022,000006E1
1762,49382300,00C9FFA3,000003D5,006F0000,FFFFFFFC,FF1CD95A,3C6F8189,280028DB,D0060016,00000022,000006E2
1763,50108600,00D0FF82,000003D5,006F0000,FFFFFFFC,FF1CD97A,3C6F0184,280028DB,D005F816,00000022,000006E3
1764,50481900,00CEFF61,000003D5,00700000,FFFFFFFC,FF1CD99A,3C6F0197,280028DB,D005F816,00000022,000006E4
1765,50787700,00D2FFA2,000003D5,00710000,FFFFFFFC,FF1CD9BB,3C6E8181,280028DB,D005F016,00000022,000006E5
1766,51370100,00CFFFA7,000003D5,00720000,FFFFFFFC,FF1CD9DB,3C6E0184,280028DB,D005F016,00000022,000006E6
1767,49722200,00D3FFA3,000003D5,00720000,FFFFFFFC,FF1CD9FC,3C6E01A8,280028DB,D005F016,00000022,000006E7
1768,51121600,00D1FFA5,000003D5,00730000,FFFFFFFC,FF1CDA1D,3C6D818C,280028DB,D005F016,00000022,000006E8
1769,49027800,00D4FFA5,000003D5,00730000,FFFFFFFC,FF1CDA3E,3C6F01FB,280028DB,D005F016,00000022,000006E9
1770,49460200,00D2FFA7,000003D5,00730000,FFFFFFFC,FF1CDA5F,3C6D01D0,28002A41,D005F016,00000022,000006EA
1771,50174100,00D4FFA4,000003D5,00740000,0000FFFC,FF1CDA80,3C6D01A6,28002A41,D005F016,00000022,000006EB
1772,50433900,00D3FFA7,000003D5,00740000,0000FFFC,FF1CDAA1,3C6C81B8,28002A41,D005F016,00000022,000006EC
1773,50662300,00D1FFA5,000003D5,00740000,0000FFFC,FF1CDAC2,3C6D81E0,28002A41,D005F016,00000022,000006ED
1774,49850100,00D4FFA9,000003D5,00740000,0000FFFC,FF1BDAE3,3C6C018A,28002A41,D005F816,00000022,000006EE
1775,51224500,00D4FFA4,000003D5,00730000,0000FFFC,FF1BDB04,3C6B81C1,28002A41,D005F816,00000022,000006EF
1776,51103100,00CFFFA9,000003D5,00720000,0000FFFC,FF1BDB25,3C6B8185,28002A41,D0060816,00000022,000006F0
1777,50200700,00CFFFA6,000003D5,00720000,0000FFFC,FF1BDB46,3C6B81D7,28002A41,D0061016,00000022,000006F1
1778,50517600,00CCFFAA,000003D5,00700000,0000FFFC,FF1BDB66,3C6B01AD,28002A41,D0061816,00000022,000006F2
1779,50072200,00CEFFA7,000003D5,006F0000,0000FFFC,FF1BDB86,3C6B01B6,28002A41,D0063016,00000022,000006F3
1780,50878400,00C8FFAA,000003D5,006D0000,0000FFFC,FF1BDBA5,3C6B01C2,28002A41,D0064016,00000022,000006F4
1781,51239400,00C1FFBA,000003D5,006B0000,0000FFFC,FF1BDBC4,3C6A81C7,28002A41,D0065816,00000022,000006F5
1782,52155700,00C5FFD8,000003D5,00680000,0000FFFC,FF1BDBE2,3C6A01D3,28002A41,D0067816,00000022,000006F6
1783,49605900,00BD0001,000003D5,00650000,0000FFFC,FF1BDBFF,3C6B01DD,28002A41,D0069016,00000022,000006F7
1784,49970100,00B8002B,000003D5,00620000,0000FFFD,FF1BDC1C,3C6A018B,28002A41,D006B016,00000022,000006F8
1785,50300800,00B1004D,000003D5,0060FFFF,0000FFFD,FF1BDC38,3C6A818E,28002A41,D006D016,00000022,000006F9
1786,49704300,00AF0062,000003D5,005CFFFF,0000FFFD,FF1BDC52,3C6B019C,28002A41,D0070016,00000022,000006FA
1787,51397400,00A70077,000003D5,00590000,0000FFFD,FF1BDC6C,3C6B0188,28002A41,D0072816,00000022,000006FB
1788,49195900,00A40084,000003D5,00550000,0000FFFD,FF1BDC85,3C6B8196,28002A41,D0075816,00000022,000006FC
1789,51062200,0096008D,000003D5,00510000,0001FFFD,FF1BDC9D,3C6C01A9,28002A41,D0079016,00000022,000006FD
1790,50762100,00970096,000003D5,004D0000,0001FFFD,FF1CDCB3,3C6C81A2,28002A41,D007C016,00000022,000006FE
1791,49427700,00910097,000003D5,00490000,0001FFFD,FF1CDCC9,3C6D01B8,28002A41,D007F816,00000022,000006FF
1792,51174800,008A00A2,000003D5,00460000,0001FFFD,FF1CDCDD,3C6D81EC,28002A41,D007F816,00000022,00000700
1793,50429000,008400A3,000003D5,00420000,0001FFFD,FF1CDCF0,3C6E81D0,28002A41,D007F816,00000022,00000701
1794,52207300,008100A4,000003D5,003E0000,0001FFFD,FF1CDD02,3C6E8195,28002A41,D007F816,00000022,00000702
1795,50222800,007500A8,000003D5,003B0000,0001FFFE,FF1CDD14,3C6F01A9,28002A41,D007F816,00000022,00000703
1796,50713600,007800A9,000003D5,00380000,0001FFFE,FF1CDD24,3C6F81C1,28002A41,D007F816,00000022,00000704
1797,49214400,006C00AA,000003D5,00350000,0001FFFE,FF1CDD33,3C7081BA,28002A41,D007F816,00000022,00000705
1798,50519200,006B00AD,000003D5,00320000,0001FFFE,FF1DDD42,3C7081BE,28002A41,D007F816,00000022,00000706
1799,50293800,006500AD,000003D5,002F0000,0001FFFE,FF1DDD50,3C7181CE,28002A41,D007F816,00000022,00000707
1800,49791100,005E00AE,000003D5,002C0000,0001FFFE,FF1DDD5D,3C718201,28002D18,D007F816,00000022,00000708
1801,50779200,005C00B1,000003D5,002A0000,0001FFFE,FF1DDD69,3C7181A6,28002D18,D007F816,00000022,00000709
1802,50815900,005800B0,000003D5,00270000,0001FFFE,FF1DDD74,3C728192,28002D18,D007F816,00000022,0000070A
1803,50932800,005300B2,000003D5,00250000,0001FFFE,FF1DDD7F,3C7301A4,28002D18,D007F816,00000022,0000070B
1804,51188100,004900B5,000003D5,00230000,0001FFFE,FF1DDD8A,3C7381A7,28002D18,D007F816,00000022,0000070C
1805,49502700,004D00B1,000003D5,00200000,0001FFFE,FF1EDD93,3C7481AF,28002D18,D007F816,00000022,0000070D
1806,51103900,003A00B5,FFFF03D5,00160000,0001FFFF,FF1EDD9A,3C7501B2,28002D18,D007F816,00000022,0000070E
1807,49587200,003000B5,FFFF03D5,000E0000,0001FFFF,FF1EDD9F,3C7581C3,28002D18,D007F816,00000022,0000070F
1808,50086300,002600B5,000003D5,00080000,0001FFFF,FF1EDDA2,3C7581A7,28002D18,D007F816,00000022,00000710
1809,50394400,002600B9,000003D5,00040000,0001FFFF,FF1EDDA4,3C7681D8,28002D18,D007F816,00000022,00000711
1810,50981900,002200B7,000003D5,00020000,0001FFFF,FF1EDDA5,3C77019C,28002D18,D007F816,00000022,00000712
1811,49609200,001A00B8,000003D5,00000000,0001FFFF,FF1EDDA5,3C77819B,28002D18,E007F816,00000022,00000713
1812,50014700,001300BA,000003D5,FFFF0000,0001FFFF,FF1FDDA5,3C780190,28002D18,E007F816,00000022,00000714
1813,50989600,000E00B9,000003D5,FFFE0000,00010000,FF1FDDA4,3C7981D3,28002D18,E007F816,00000022,00000715
1814,50025600,000D00BC,000003D5,FFFE0000,00010000,FF1FDDA4,3C790193,28002D18,E007F816,00000022,00000716
1815,51086400,000500BD,000003D5,FFFE0000,00010000,FF1FDDA3,3C7B01DE,28002D18,E007F816,00000022,00000717
1816,51875800,000500BC,000003D5,FFFE0000,00010000,FF1FDDA3,3C7A819F,28002D18,E007F816,00000022,00000718
1817,49969500,000500BF,000003D5,FFFF0000,00010000,FF1FDDA2,3C7A81BA,28002D18,E007F816,00000022,00000719
1818,51159100,FFFF00BE,000003D5,FFFF0000,00010000,001FDDA2,3C7B81B0,28002D18,E007F816,00000022,0000071A
1819,51322400,000300BE,000003D5,FFFF0000,00010000,0020DDA2,3C7D01CE,28002D18,E007F816,00000022,0000071B
1820,49603000,000100C0,000003D5,FFFF0000,00010000,0020DDA1,3C7C8186,28002D18,E007F816,00000022,0000071C
1821,52038800,FFFB00C0,000003D5,FFFF0000,00010000,0020DDA1,3C7D81A8,28002D18,E007F816,00000022,0000071D
1822,49529300,000300C3,000003D5,00000000,00010000,0020DDA1,3C7E019E,28002D18,E007F816,00000022,0000071E
1823,50555200,FFFF00C3,000003D5,00000000,00010000,0020DDA1,3C7E81B3,28002D18,E007F816,00000022,0000071F
1824,50749000,000100C3,000003D5,00000000,00010000,0020DDA1,3C7F019F,28002D18,E007F816,00000022,00000720
1825,50016700,FFFB00C4,000003D5,00000000,00010000,0021DDA1,3C7F8199,28002D18,E007F816,00000022,00000721
1826,50011100,000100C4,000003D5,00000000,00010000,0021DDA1,3C8081B1,28002D18,E007F816,00000022,00000722
1827,50728300,000100C7,000003D5,00000000,00010000,0021DDA1,3C8101B9,28002D18,E007F816,00000022,00000723
1828,50685300,FFFF00C7,000003D5,00000000,00010000,0021DDA1,3C81019A,28002D18,E007F816,00000022,00000724
1829,51970700,000100C7,000003D5,00000000,00010000,0021DDA1,3C81818B,28002D18,E007F816,00000022,00000725
1830,50085600,FFFF00C9,000003D5,00000000,00010000,0021DDA1,3C8281B4,28003161,E007F816,00000022,00000726
1831,50076500,FFFF00C9,000003D5,00000000,00010000,0021DDA1,3C83019F,28003161,E007F816,00000022,00000727
1832,50441200,000100CB,000003D5,00000000,00010000,0022DDA1,3C83818E,28003161,E007F816,00000022,00000728
1833,51305800,000100CC,000003D5,00000000,00010000,0022DDA1,3C840199,28003161,E007F816,00000022,00000729
1834,49851100,FFFF00CB,000003D5,00000000,00010000,0022DDA1,3C85019D,28003161,E007F816,00000022,0000072A
1835,50651200,FFFF00CE,000003D5,00000000,00010000,0022DDA1,3C858199,2BFC3161,E007F816,00000022,0000072B
1836,50987700,000100CE,000003D5,00000000,00010000,0022DDA1,3C860197,2BFC3161,E007F816,00000022,0000072C
1837,49582100,FFFF00D0,000003D5,00000000,00010000,0022DDA1,3C86818C,2BFC3161,E007F816,00000022,0000072D
1838,50581200,000100CF,000003D5,00000000,00010000,0023DDA1,3C878195,2BFC3161,E007F816,00000022,0000072E
1839,50349100,000100D2,000003D5,00000000,00010000,0023DDA1,3C880191,2BFC3161,E007F816,00000022,0000072F
1840,49929400,000100D1,000003D5,00000000,00010000,0023DDA1,3C8901A5,2BFC3161,E007F816,00000022,00000730
1841,50424600,000100D3,000003D5,00000000,00010000,0023DDA1,3C8981A6,2BFC3161,E007F816,00000022,00000731
1842,50241300,FFFF00D3,000003D5,00000000,00010000,0023DDA1,3C8A019D,2BFC3161,E007F816,00000022,00000732
1843,50208500,FFFF00D6,000003D5,00000000,00010000,0023DDA1,3C8B81C4,2BFC3161,E007F816,00000022,00000733
1844,50617000,000300D4,000003D5,00000000,00010000,0024DDA1,3C8B819D,2BFC3161,E007F816,00000022,00000734
1845,50557100,FFFE00D7,000003D5,00000000,00010000,0024DDA1,3C8D01E0,2BFC3161,E007F816,00000022,00000735
1846,51041300,000000D7,000003D5,00000000,00010000,0024DDA1,3C8C81A6,2BFC3161,E007F816,00000022,00000736
1847,51354200,000000DA,000003D5,00000000,00010000,0024DDA1,3C8E01E3,2BFC3161,E007F816,00000022,00000737
1848,48794000,FFFE00D9,000003D5,00000000,00010000,0024DDA1,3C8E81EC,2BFC3161,E007F816,00000022,00000738
1849,52513800,000200DA,000003D5,00000000,00010000,0024DDA1,3C8E818D,2BFC3161,E007F816,00000022,00000739
1850,50401300,FFFE00DC,000003D5,00000000,00010000,0025DDA1,3C8F8198,2BFC3161,E007F816,00000022,0000073A
1851,50340500,000200DC,000003D5,00000000,00010000,0025DDA1,3C900196,2BFC3161,E0FFF816,00000022,0000073B
1852,50714700,FFF200DE,000003D5,FFF80000,00010000,FF25DD9F,3C9101D4,2BFC3161,E0FFF816,00000022,0000073C
1853,50333000,FFEC00DD,000003D5,FFF10000,00010000,FF25DD9C,3C9181AE,2BFC3161,E0FFF816,00000022,0000073D
1854,50229500,FFEC00E2,000003D5,FFEC0000,00010000,0025DD97,3C918192,2BFC3161,E0FFF816,00000022,0000073E
1855,50559600,FFE300DE,000003D5,FFE80000,00010000,0025DD90,3C9301A0,2BFC3161,E0FFF816,00000022,0000073F
1856,49153600,FFE300E1,000003D5,FFE50000,00010000,0026DD89,3C9301B8,2BFC3161,E0FFF816,00000022,00000740
1857,51645100,FFDB00E2,000003D5,FFE30000,00010001,0026DD81,3C9481B5,2BFC3161,E0FFF816,00000022,00000741
1858,51279600,FFD400E3,000003D5,FFE20000,00010001,0026DD78,3C94819D,2BFC3161,E0FFF816,00000022,00000742
1859,50458300,FFD000E3,000003D5,FFE20000,00010001,0026DD70,3C950186,2BFC3161,E007F816,00000022,00000743
1860,50892100,FFD800E4,000003D5,FFEA0000,00010001,0026DD69,3C958197,2BFC3715,E007F816,00000022,00000744
1861,50434700,FFD800E3,000003D5,FFF00000,00010001,0027DD63,3C9701AF,2BFC3715,E007F816,00000022,00000745
1862,49011400,FFDC00E4,000003D5,FFF50000,00010001,0027DD60,3C9801F0,2BFC3715,E007F816,00000022,00000746
1863,52203700,FFDB00E3,000003D5,FFF90000,00010001,0027DD5D,3C98018F,2BFC3715,E007F816,00000022,00000747
1864,50617800,FFDD00E4,000003D5,FFFD0000,00010001,0027DD5C,3C9901A9,2BFC3715,E007F816,00000022,00000748
1865,50018700,FFE700E4,000003D5,FFFF0000,00010001,0027DD5B,3C9981A6,2BFC3715,E007F816,00000022,00000749
1866,50386400,FFE700E4,000003D5,00000000,00010001,0027DD5B,3C9981C0,2BFC3715,E0FFF816,00000022,0000074A
1867,49705500,FFE300E5,000003D5,FFFA0000,00010001,0028DD5A,3C9B0195,2BFC3715,E0FFF816,00000022,0000074B
1868,51364100,FFDB00E4,000003D5,FFF40000,00010001,0028DD57,3C9B0189,2BFC3715,E0FFF816,00000022,0000074C
1869,50648600,FFDD00E4,000003D5,FFEF0000,00010001,0028DD53,3C9C0190,2BFC3715,E0FFF816,00000022,0000074D
1870,51527700,FFEB00E4,000003D5,FFF30000,00010001,0028DD4F,3C9D019D,2BFC3715,E0FFF816,00000022,0000074E
1871,48794700,FFED00E5,000003D5,FFF70000,00010001,0028DD4C,3C9D019F,2BFC3715,E007F816,00000022,0000074F
1872,50476400,FFE900E4,000003D5,FFFA0000,00010000,0028DD4A,3C9E018E,2BFC3715,E007F816,00000022,00000750
1873,50519000,FFEB00E4,000003D5,FFFC0000,00010000,0029DD48,3C9E8189,2BFC3715,E007F816,00000022,00000751
1874,50609600,FFF100E5,000003D5,FFFE0000,00010000,0029DD48,3CA001E6,2BFC3715,E0FFF816,00000022,00000752
1875,49435000,FFEE00E5,000003D5,FFFF0000,00010000,0029DD47,3CA101B3,2BFC3715,E0FFF816,00000022,00000753
1876,50835400,FFF600E4,000003D5,00000000,00010000,0029DD47,3CA08199,2BFC3715,E0FFF816,00000022,00000754
1877,51532600,FFE400C6,000003D5,FFF90000,00010000,0029DD46,3CA201CD,2BFC3715,E0FFF816,00000022,00000755
1878,49526000,FFE50042,000003D5,FFF30001,00010000,0029DD43,3CA301C5,2BFC3715,E0FFF816,00000022,00000756
1879,51390700,FFE9FFD5,000003D5,FFEF0001,00010000,0029DD3E,3CA181B5,28003715,E0FFF816,00000022,00000757
1880,50762700,FFDCFF7C,000003D5,FFEB0001,00010001,0029DD39,3CA101B4,28003715,E007F816,00000022,00000758
1881,49681600,FFDFFF4A,000003D5,FFE90001,00000001,0029DD32,3CA101B0,28003715,E007F816,00000022,00000759
1882,51429100,FFD9FF2B,000003D5,FFE70001,00000001,0029DD2B,3CA0019E,28003715,E007F816,00000022,0000075A
1883,49817700,FFDFFF1B,000003D5,FFED0001,FFFF0001,0029DD25,3CA001A6,28003715,E007B016,00000022,0000075B
1884,49674200,FFE1FEF4,000003D5,FFF20001,FFFF0001,0028DD21,3C9F01B2,28003715,E007B016,00000022,0000075C
1885,49685900,FFDEFE8D,000003D5,FFF70001,FFFF0001,0028DD1E,3C9E01B2,28003715,E007B016,00000022,0000075D
1886,49577500,FFDAFEA2,000003D5,FFF30001,FFFF0001,0028DD1A,3C9D81D4,28003715,E0FF9016,00000022,0000075E
1887,50991000,FFCFFEE6,000003D5,FFEF0000,FFFF0001,0028DD16,3C9B8198,28003715,E0FF9016,00000022,0000075F
1888,52918700,FFD3FEB0,000003D5,FFEC0000,FFFE0001,0027DD10,3C9A81A9,28003715,E0FF4016,00000022,00000760
1889,49579000,FFD0FEE5,000003D5,FFEA0000,FFFE0001,0027DD0A,3C9A01B9,28003715,E0FF4016,00000022,00000761
1890,51696100,FFD1FE87,000003D5,FFE80000,FFFE0001,0027DD04,3C99019E,28003E29,E0FF0016,00000022,00000762
1891,49554900,FFCAFE79,000003D5,FFE70000,FFFE0001,0026DCFD,3C9801AC,28003E29,E0FF0016,00000022,00000763
1892,50327400,FFCCFE79,000003D5,FFE60000,FFFE0001,0026DCF5,3C9781C8,28003E29,E0072016,00000022,00000764
1893,49542300,FFC9FE79,000003D5,FFE60000,FFFE0001,0026DCEE,3C9581C1,28003E29,E006E016,00000022,00000765
1894,51006400,FFC7FE7A,000003D5,FFE50000,FFFE0001,0026DCE6,3C9381D9,28003E29,E006E016,00000022,00000766
1895,51570100,FFD0FE7D,000003D5,FFED0000,FFFE0001,0025DCE0,3C930199,28003E29,E006A816,00000022,00000767
1896,50353800,FFD4FE7C,000003D5,FFF30000,FFFE0001,0025DCDB,3C9201B6,28003E29,E006A816,00000022,00000768
1897,52478100,FFCEFE7E,000003D5,FFF00000,FFFE0001,0025DCD7,3C9081A3,28003E29,E0068016,00000022,00000769
1898,50154700,FFC5FE7E,000003D5,FFEE0000,FFFE0001,0024DCD2,3C9001BC,28003E29,E0068016,00000022,0000076A
1899,50064500,FFD7FE80,000003D5,FFF30000,FFFE0001,0024DCCE,3C8D81BE,28003E29,E0068016,00000022,0000076B
1900,49364900,FFDDFE80,000003D5,FFF80000,FFFE0001,0024DCCB,3C8D01A2,28003E29,E0065016,00000022,0000076C
1901,50520600,FFDDFE81,000003D5,FFFB0000,FFFE0001,0023DCC9,3C8B8198,28003E29,E0065016,00000022,0000076D
1902,50833000,FFE5FE83,000003D5,FFFE0000,FFFE0001,0023DCC9,3C8A8193,28003E29,E0065016,00000022,0000076E
1903,50606000,FFE7FE84,000003D5,00000000,FFFE0001,0023DCC8,3C8981E1,28003E29,E0063016,00000022,0000076F
1904,51566600,FFEBFE85,000003D5,00010000,FFFE0001,0023DCC8,3C888195,28003E29,E0063016,00000022,00000770
1905,50191900,FFEFFE86,000003D5,00010000,FFFE0000,0022DCC9,3C8701A8,28003E29,E0060016,00000022,00000771
1906,50693000,FFF5FE87,000003D5,00020000,FFFE0000,0022DCC9,3C8601C5,28003E29,E0060016,00000022,00000772
1907,50524700,FFF5FE88,000003D5,00020000,FFFE0000,0022DCCA,3C848190,28003E29,E0060016,00000022,00000773
1908,51536300,FFF9FE89,000003D5,00020000,FFFE0000,0021DCCA,3C838198,28003E29,E005E016,00000022,00000774
1909,49017900,FFFDFE8A,000003D5,00020000,FFFE0000,0021DCCB,3C8201A5,28003E29,E005E016,00000022,00000775
1910,50301500,FFF9FE8B,000003D5,00020000,FFFE0000,0021DCCB,3C8181B3,28003E29,E005E016,00000022,00000776
1911,50640100,FFFDFE8C,000003D5,00010000,FFFE0000,0021DCCC,3C800184,28003E29,E005B816,00000022,00000777
1912,48812400,0001FE8D,000003D5,00010000,FFFE0000,0020DCCC,3C7F019A,28003E29,E005B816,00000022,00000778
1913,50512400,FFFFFE8E,000003D5,00010000,FFFE0000,0020DCCC,3C7E019C,28003E29,E005B816,00000022,00000779
1914,51900600,FFFFFE8F,000003D5,00010000,FFFE0000,0020DCCC,3C7D81BB,28003E29,E0059016,00000022,0000077A
1915,50850700,FFFDFE90,000003D5,00000000,FFFE0000,001FDCCD,3C7C01A5,28003E29,E0059016,00000022,0000077B
1916,51778400,0013FE91,000003D5,000A0000,FFFE0000,001FDCCF,3C7A819E,28003E29,E0057016,00000022,0000077C
1917,50354600,001EFE91,000103D5,00150000,FFFE0000,001FDCD3,3C790180,28003E29,E0057016,00000022,0000077D
1918,50395300,0024FE93,000103D5,00210000,FFFE0000,001FDCDC,3C78018E,28003E29,E0057016,00000022,0000077E
1919,50739000,0037FE94,000103D5,002D0000,FFFEFFFF,001EDCE7,3C7801B4,28003E29,E0055016,00000022,0000077F
1920,50708800,0042FE95,000103D5,00390000,FFFEFFFF,001EDCF6,3C7681AB,28004695,E0055016,00000022,00000780
1921,51281400,0053FE95,000103D5,00450000,FFFEFFFF,FF1EDD08,3C750185,28004695,D0055016,00000022,00000781
1922,49817000,0067FE96,000103D5,00520000,FFFEFFFF,FF1DDD1E,3C74018C,28004695,D0054016,00000022,00000782
1923,50120400,007EFE96,000103D5,005E0000,FFFEFFFE,FF1DDD38,3C7301BD,28004695,D0054016,00000022,00000783
1924,52220900,0091FEC6,000103D5,006B0000,FFFEFFFE,FF1DDD55,3C7301CE,28004695,D0054016,00000022,00000784
1925,50101300,00ACFF26,000103D5,0079FFFF,FFFEFFFE,FF1DDD77,3C7181BA,28004695,D0054016,00000022,00000785
1926,51330300,00C2FF29,000103D5,0086FFFF,FFFEFFFD,FF1DDD9B,3C7201E6,28004695,D0051816,00000022,00000786
1927,50010900,00D4FF2A,000103D5,00930000,FFFEFFFD,FF1CDDC4,3C7081CE,28004695,D004E016,00000022,00000787
1928,51449500,00EFFF0A,000103D5,009F0000,FFFFFFFC,FF1CDDF0,3C6F81C7,28004695,D004B816,00000022,00000788
1929,51357700,00FFFEA6,000103D5,00AC0000,FFFEFFFC,FF1CDE20,3C6F01C7,28004695,D0049016,00000022,00000789
1930,51199900,011BFE9B,000103D5,00B70001,FFFEFFFC,FF1CDE54,3C6D018F,28004695,D0047016,00000022,0000078A
1931,50509900,0129FE99,000103D5,00C30001,FFFEFFFB,FF1BDE8A,3C6D01E3,28004695,D0045016,00000022,0000078B
1932,52040600,013FFE99,000103D5,00CE0000,FFFEFFFB,FF1BDEC4,3C6B0192,28004695,D0043016,00000022,0000078C
1933,49538000,0157FE9B,000103D4,00D90000,FFFEFFFB,FF1BDF01,3C6A01BE,28004695,D0041816,00000022,0000078D
1934,49424300,016AFE9A,000103D4,00E30000,FFFEFFFA,FF1ADF41,3C6881A3,28004695,D00C0816,00000022,0000078E
1935,50636200,017AFE9A,000103D4,00EE0000,FFFEFFFA,FF1ADF84,3C678191,28004695,D00BF016,00000022,0000078F
1936,50395500,018BFE9B,000103D4,00F80000,FFFEFFFA,FF1ADFCA,3C66818B,28004695,D00BE016,00000022,00000790
1937,50708300,019DFE9B,000103D4,01010000,FFFEFFF9,FF1AE013,3C6601D9,28004695,D00BD016,00000022,00000791
1938,51637200,01A8FE9B,000103D4,010A0000,FFFEFFF9,FF19E05E,3C640199,28004695,D00BC016,00000022,00000792
1939,49743000,01B4FE9C,000103D4,01120000,FFFEFFF9,FF19E0AB,3C6301AC,28004695,D00BB816,00000022,00000793
1940,51597800,01C6FE9C,000103D4,011A0000,FFFEFFF8,FF19E0FB,3C6301F0,28004695,D00BA816,00000022,00000794
1941,51100900,01C9FE9B,000103D4,01210000,FFFEFFF8,FF18E14D,3C610194,28004695,D00BA016,00000022,00000795
1942,51119400,01D7FE9D,000103D4,01270000,FFFEFFF8,FF18E1A1,3C5F818F,28004695,D00B9816,00000022,00000796
1943,49536300,01DEFE9E,000103D4,012D0000,FFFEFFF8,FF18E1F7,3C5E8197,28004695,D00B9016,00000022,00000797
1944,50267100,01E3FE9E,000003D4,01320000,FFFEFFF8,FF18E24E,3C5F0216,28004695,D00B9016,00000022,00000798
1945,51364300,01EAFE9F,000003D4,01360000,FFFEFFF7,FF17E2A6,3C5C81BA,1C004695,D00B8816,00000022,00000799
1946,49825300,01D1FEA4,FFFF03D4,01260000,FFFEFFF8,FF17E2FC,3C5B8197,28004695,D00B8816,00000022,0000079A
1947,50341900,01DFFEA4,000003D4,012E0000,FFFEFFF7,FF17E352,3C5A81A6,28004695,D00B8816,00000022,0000079B
1948,50208700,01EAFE9E,000003D4,01350000,FFFEFFF7,FF16E3AA,3C5981ED,1C004695,D00B8016,00000022,0000079C
1949,50112200,01CAFE4A,FFFF03D5,01260001,FFFEFFF8,FF16E400,3C57818B,28004695,D00B8016,00000022,0000079D
1950,50384200,01D3FE07,000003D4,012F0001,FFFEFFF8,FF16E455,3C5681B9,2800504B,E00B8016,00000020,0000079E
1951,52098000,01E5FE33,000003D4,01350001,FFFEFFF7,FF15E4AD,3C5481AD,2800504B,E00B7816,00000020,0000079F
1952,49755800,01E1FE7E,000003D4,013B0000,FFFEFFF7,FF15E507,3C538198,2800504B,E00B8016,00000020,000007A0
1953,49914700,01DEFEE9,000003D4,013E0000,FFFEFFF7,FF15E562,3C528191,2800504B,E00B8016,00000020,000007A1
1954,49385300,01D6FEF7,000003D4,013F0000,FFFEFFF7,FF15E5BD,3C5181BD,2800504B,D00B8816,00000020,000007A2
1955,50858300,01C9FEFE,000003D4,013E0000,FFFEFFF7,FF14E618,3C520228,2800504B,D00B9016,00000020,000007A3
1956,52078500,01C3FF05,FFFF03D4,013B0000,FFFEFFF8,FF14E673,3C5081B4,2800504B,D00BA016,00000020,000007A4
1957,49573000,01B6FF09,FFFF03D4,01340000,FFFEFFF8,0014E6CC,3C4F8194,2800504B,D00BA816,00000020,000007A5
1958,52062300,01AAFF0B,FFFF03D4,012F0000,FFFEFFF8,0014E723,3C4E818C,2800504B,D00BB816,00000020,000007A6
1959,51708400,019FFF0F,FFFF03D4,01250000,FFFEFFF8,0014E779,3C4E81CD,2800504B,D00BC816,00000020,000007A7
1960,51388500,018FFF0F,FFFF03D4,01220000,FFFEFFF8,0013E7CC,3C4D019A,2800504B,D00BD816,00000020,000007A8
1961,49884800,0180FF14,FFFF03D4,010E0000,FFFFFFF9,0013E81C,3C4C819A,2800504B,D00BE816,00000020,000007A9
1962,51367800,016BFF14,FFFF03D5,01120000,FFFFFFF9,0013E869,3C4B81B7,2800504B,D00C0016,00000020,000007AA
1963,50427800,015FFF41,FFFF03D4,00F40000,FFFFFFF9,0013E8B3,3C4B01A2,2800504B,D0041816,00000020,000007AB
1964,50244200,0147FF8E,FFFF03D4,01020000,FFFFFFF9,0013E8FB,3C4A818D,2800504B,D0042816,00000020,000007AC
1965,50497900,013CFF82,FFFF03D5,00E10000,FFFFFFFA,0013E93F,3C4A0187,2800504B,D0044016,00000020,000007AD
1966,50884200,0122FF93,FFFF03D5,00F00000,FFFFFFFA,0013E982,3C4A01BD,2800504B,D0045816,00000020,000007AE
1967,49803100,0127FF8A,FFFF03D5,00CE0000,FFFFFFFA,0012E9C1,3C4A01D0,2800504B,D0047816,00000020,000007AF
1968,51383800,0107FFAD,FFFF03D5,00DD0000,FFFFFFFB,0012E9FE,3C49819A,2800504B,D0049016,00000020,000007B0
1969,51122600,010BFFCA,FFFF03D5,00BC0000,FFFFFFFB,0012EA38,3C4981CA,2800504B,D004B016,00000020,000007B1
1970,48839200,00F60019,FFFF03D5,00CCFFFF,0000FFFB,0012EA70,3C49019D,2800504B,D004C816,00000020,000007B2
1971,51660300,00F60049,FFFF03D5,00ACFFFF,0000FFFB,0013EAA5,3C4A0224,2800504B,D004E816,00000020,000007B3
1972,50870700,00E3008E,FFFF03D5,00BAFFFF,0000FFFB,0013EAD9,3C4A01BF,2800504B,D0051016,00000020,000007B4
1973,50068200,00E000A3,FFFF03D5,009FFFFF,0000FFFC,0013EB09,3C4A0183,2800504B,D0052816,00000020,000007B5
1974,49069300,00CD00C9,FFFF03D5,00ABFFFF,0001FFFC,0013EB39,3C4B81D7,2800504B,D0053816,00000020,000007B6
1975,50025700,00D100DA,FFFF03D5,0094FFFF,0001FFFC,0013EB66,3C4C01B4,2800504B,D0053816,00000020,000007B7
1976,51015300,00C400F1,000003D5,009FFFFF,0001FFFC,0013EB92,3C4C81EF,2800504B,D0053816,00000020,000007B8
1977,52209000,00BE00F5,000003D5,008C0000,0001FFFC,0014EBBC,3C4D81C3,2800504B,D0053816,00000020,000007B9
1978,158395200,00B90104,000003D5,00960000,0001FFFC,0014EBE6,3C4D8193,2800504B,D0053816,00000020,000007BA
1979,15629000,00BB010D,000003D5,00880000,0001FFFC,0014EC0E,3C4E818D,2800504B,D0053816,00000020,000007BB
1980,49335700,00AF010E,000003D5,00900000,0001FFFD,0014EC37,3C4F018F,28005BCA,D0053816,00000020,000007BC
1981,51337000,00B70119,000003D5,00870000,0002FFFD,0014EC5E,3C50819C,28005BCA,D0053816,00000020,000007BD
1982,49593100,00B3011A,000003D5,008D0000,0002FFFD,0015EC86,3C5181C1,28005BCA,D0053816,00000020,000007BE
1983,51388800,00B3011F,000003D5,00890000,0002FFFD,0015ECAE,3C5281D7,28005BCA,D0053816,00000020,000007BF
1984,50345500,00B50122,000003D5,008C0000,0002FFFD,0015ECD6,3C5381BA,28005BCA,D0053816,00000020,000007C0
1985,48833900,00BA0128,000003D5,008C0000,0002FFFD,0015ECFE,3C538186,28005BCA,E0053816,00000020,000007C1
1986,51216900,00BC012A,000003D5,008E0000,0002FFFD,0015ED26,3C54819B,28005BCA,E0053816,00000020,000007C2
1987,50006300,00BF012F,000003D5,00900000,0002FFFD,0016ED4F,3C55819F,28005BCA,E0053816,00000020,000007C3
1988,56965700,00C0012F,000003D5,00920000,0002FFFD,FF16ED79,3C5681A0,28005BCA,E0053816,00000020,000007C4
1989,162880700,00C80134,000003D5,00950000,0002FFFC,FF16EDA3,3C5801D8,28005BCA,E0053816,00000020,000007C5
1990,13989400,00CC0138,000003D5,00980000,0002FFFC,FF16EDCF,3C580190,28005BCA,E0053816,00000020,000007C6
1991,51371900,00D2013C,000003D5,009C0000,0002FFFC,FF17EDFB,3C5901BD,28005BCA,E0053816,00000020,000007C7
1992,51080400,00D8013E,000003D5,009F0000,0002FFFC,FF17EE28,3C5A0194,28005BCA,E0053016,00000020,000007C8
1993,49843500,00DD0138,000003D5,00A30000,0002FFFC,FF17EE56,3C5B0190,28005BCA,E0052816,00000020,000007C9
1994,50386700,00E700F5,000003D5,00A60001,0002FFFC,FF17EE86,3C5C81DF,28005BCA,E0051816,00000020,000007CA
1995,49944300,00F20075,000003D5,00A80001,0002FFFC,FF17EEB5,3C5C018E,28005BCA,E0050016,00000020,000007CB
1996,48798100,00F90009,000003D5,00AA0001,0001FFFC,FF17EEE6,3C5C019C,28005BCA,E004F016,00000020,000007CC
1997,50529000,00FBFFC7,000003D5,00AC0002,0001FFFC,FF17EF17,3C5C01DC,28005BCA,E004E816,00000020,000007CD
1998,53505800,0105FFA5,000003D5,00B00001,0000FFFC,FF17EF49,3C5B819F,28005BCA,E004D016,00000020,000007CE
1999,163791100,0106FF6E,000003D5,00B30001,0000FFFB,FF17EF7C,3C5C8215,28005BCA,E004C016,00000020,000007CF
2000,14476200,0111FF1D,000003D5,00B60001,0000FFFB,FF17EFB0,3C5A8199,28005BCA,E004B816,00000020,000007D0
2001,49034600,010FFF09,000003D5,00B90001,FFFFFFFB,FF17EFE5,3C59819D,28005BCA,E004A816,00000020,000007D1
2002,51361100,0119FF0A,000003D4,00BD0001,FFFFFFFB,FF16F01A,3C590190,28005BCA,E0049816,00000020,000007D2
2003,49573200,011EFF08,000003D4,00C10001,FFFFFFFB,FF16F051,3C5901C0,28005BCA,E0048816,00000020,000007D3
2004,50460300,0122FF07,000003D4,00C50001,FFFFFFFB,FF16F089,3C5781A3,28005BCA,E0048016,00000020,000007D4
2005,48228200,0125FF06,000003D5,00C80000,FFFFFFFB,FF16F0C2,3C56818B,28005BCA,E0047816,00000020,000007D5
2006,50842500,0128FF06,000003D5,00CB0000,FFFFFFFB,FF16F0FC,3C5681D5,28005BCA,E0047016,00000020,000007D6
2007,52403800,012BFF07,000003D5,00CE0000,FFFFFFFB,FF15F137,3C5581AD,28005BCA,E0046816,00000020,000007D7
2008,161204400,012FFF0B,000003D5,00D10000,FFFFFFFB,FF15F172,3C5481D2,28005BCA,E0046016,00000020,000007D8
2009,16386800,012EFF07,000003D5,00D40000,FFFFFFFB,FF15F1AF,3C540215,28005BCA,E0046016,00000020,000007D9
2010,49115600,0131FF38,000003D4,00D60000,FFFFFFFB,FF15F1EC,3C5381B7,280069DF,E0046016,00000020,000007DA
2011,50628500,0130FF79,000003D4,00D80000,FFFFFFFB,0015F229,3C5281AC,280069DF,E0045816,00000020,000007DB
2012,50766600,0133FF80,000003D5,00D90000,FFFFFFFA,0015F267,3C5281A9,280069DF,D0045816,00000020,000007DC
2013,49030100,0131FF7F,000003D5,00DA0000,FFFFFFFA,0015F2A6,3C5201CA,280069DF,D0045816,00000020,000007DD
2014,49716700,012FFF80,000003D5,00DB0000,FFFFFFFA,0015F2E5,3C5201D2,280069DF,D0045816,00000020,000007DE
2015,51502700,012DFF80,000003D5,00DA0000,FFFFFFFA,0014F323,3C5181BA,280069DF,D0046016,00000020,000007DF
2016,55709200,012DFF82,000003D5,00DB0000,FFFFFFFB,0014F362,3C5101D1,280069DF,D0046016,00000020,000007E0
2017,168284600,012BFF83,000003D5,00D90000,FFFFFFFB,0014F3A0,3C50018D,280069DF,D0046016,00000020,000007E1
2018,14383100,0128FF84,000003D5,00DA0000,FFFFFFFB,0014F3DF,3C4F8195,280069DF,D0046816,00000020,000007E2
2019,51119100,0124FF83,000003D5,00D40000,FFFFFFFB,0014F41C,3C4F8197,280069DF,D0047016,00000020,000007E3
2020,50244700,011FFF83,000003D5,00D90000,FFFFFFFB,0014F45A,3C4F018A,280069DF,D0047016,00000020,000007E4
2021,50758500,011FFF87,000003D5,00CD0000,FFFFFFFB,0014F496,3C4F01BC,280069DF,D0047016,00000020,000007E5
2022,49702700,0116FF89,000003D5,00D80000,FFFFFFFB,0014F4D2,3C4E0189,280069DF,D0047816,00000020,000007E6
2023,51521700,0113FF82,000003D5,00C60000,FFFFFFFB,0014F50D,3C4E01A8,280069DF,D0048016,00000020,000007E7
2024,50137500,010AFF8D,000003D5,00D50000,FFFFFFFB,0014F549,3C4D818E,280069DF,D0048816,00000020,000007E8
2025,61679000,010EFF85,000003D5,00C10000,FFFFFFFB,0013F582,3C4D81F6,280069DF,D0048816,00000020,000007E9
2026,161493100,0103FFA6,000003D5,00D20000,FFFFFFFB,0013F5BC,3C4D81CB,280069DF,D0048816,00000020,000007EA
2027,13643700,010AFFCC,000003D5,00BE0000,FFFFFFFB,0013F5F5,3C4D01AF,280069DF,D0049016,00000020,000007EB
2028,50060200,00FC0011,000003D5,00CEFFFF,0000FFFB,0013F62E,3C4C81A9,280069DF,D004A016,00000020,000007EC
2029,50651700,0104004D,000003D5,00BCFFFF,0000FFFB,0013F666,3C4D81FF,280069DF,D004A016,00000020,000007ED
2030,48975100,00FA008A,000003D5,00CBFFFF,0000FFFB,0014F69F,3C4D818C,280069DF,D004A816,00000020,000007EE
2031,49622100,010000AD,000003D5,00BCFFFF,0000FFFB,0014F6D6,3C4D81A0,280069DF,D004B016,00000020,000007EF
2032,48556300,00F700CF,000003D5,00C7FFFF,0001FFFB,0014F70E,3C4E8187,280069DF,D004B816,00000020,000007F0
2033,51275500,00FA00E4,000003D5,00BCFFFF,0001FFFB,0014F745,3C4F019C,280069DF,D004C016,00000020,000007F1
2034,61614000,00F400F1,000003D5,00C40000,0001FFFB,0014F77C,3C5001A5,280069DF,D004C016,00000020,000007F2
2035,164893300,00F80104,000003D5,00BD0000,0001FFFB,0014F7B3,3C50818D,280069DF,D004C816,00000020,000007F3
2036,15168200,00F40109,000003D5,00C10000,0001FFFB,0015F7EA,3C5201CC,280069DF,D004D816,00000020,000007F4
2037,50426000,00F70114,000003D5,00BD0000,0001FFFB,0015F820,3C5281B7,280069DF,D004D016,00000020,000007F5
2038,50847200,00F9011E,000003D5,00BF0000,0001FFFB,0015F857,3C5381E1,280069DF,E004D816,00000020,000007F6
2039,49855300,00FA0118,000003D5,00BD0000,0002FFFB,0015F88D,3C540190,280069DF,E004D816,00000020,000007F7
2040,49709800,00FC00DA,000003D5,00BD0000,0002FFFB,FF15F8C3,3C5481A7,2800799B,E004D816,00000020,000007F8
2041,50087600,01000062,000003D5,00BA0001,0001FFFB,FF15F8F9,3C5501B0,2800799B,E004D816,00000020,000007F9
2042,51088300,01040007,000003D5,00B90001,0001FFFB,FF15F92E,3C5581C7,2800799B,E004D816,00000020,000007FA
2043,55290200,0104FFCD,000003D5,00B70001,0001FFFB,FF15F963,3C5501A1,2800799B,E004D016,00000020,000007FB
2044,163731200,0102FFA6,000003D5,00B80001,0000FFFB,FF15F997,3C54819C,2800799B,E004D016,00000020,000007FC
2045,14350200,0105FF97,000003D5,00B70001,0000FFFB,FF15F9CC,3C5481DA,2800799B,E004C816,00000020,000007FD
2046,49994000,0107FF91,000003D5,00B90001,0000FFFB,FF15FA00,3C5381C5,2800799B,E004C016,00000020,000007FE
2047,51284100,0106FF89,000003D5,00B70001,0000FFFB,FF15FA35,3C538187,2800799B,E004C016,00000020,000007FF
2048,50251100,0104FF82,000003D5,00BC0001,0000FFFB,0015FA6A,3C530192,2800799B,E004B816,00000020,00000800
2049,48263500,0108FF86,000003D5,00B80000,FFFFFFFB,0015FAA0,3C53019E,2800799B,E004B016,00000020,00000801
2050,50469600,0105FF7F,000003D5,00C00000,FFFFFFFB,0015FAD6,3C53821F,2800799B,D004B016,00000020,00000802
2051,50588100,0108FF83,000003D5,00B70000,FFFFFFFB,0015FB0B,3C518189,2800799B,D004A816,00000020,00000803
2052,58191700,0102FF81,000003D5,00C40000,FFFFFFFB,0015FB42,3C51818D,2800799B,D004A816,00000020,00000804
2053,169539200,0107FF85,000003D5,00B40000,FFFFFFFB,0014FB77,3C510182,2800799B,D004A816,00000020,00000805
2054,16683600,00FFFF83,000003D5,00CA0000,FFFFFFFB,0014FBAF,3C5081A3,2800799B,D004A016,00000020,00000806
2055,47158500,0106FF82,000003D5,00B30000,FFFFFFFB,0014FBE5,3C508195,2800799B,D004A016,00000020,00000807
2056,51889800,00FBFF83,000003D5,00CE0000,FFFFFFFB,0014FC1D,3C5001C3,2800799B,D004A816,00000020,00000808
2057,50254300,0104FF8A,000003D5,00B20000,FFFFFFFB,0014FC53,3C5001C8,2800799B,D004A816,00000020,00000809
2058,49878900,00F9FF9C,000003D5,00CE0000,FFFFFFFB,0014FC8B,3C4F018F,2800799B,D004A816,00000020,0000080A
2059,51383200,0104FFCE,000003D5,00B20000,FFFFFFFB,0014FCC1,3C5001F9,2800799B,D004B016,00000020,0000080B
2060,55284500,00F6000D,000003D5,00CB0000,0000FFFB,0014FCF8,3C4F019C,2800799B,D004C016,00000020,0000080C
2061,168221100,00FE0055,000003D5,00B1FFFF,0000FFFB,0014FD2E,3C4F0198,2800799B,D004D016,00000020,0000080D
2062,14723100,00F2008B,000003D5,00C2FFFF,0000FFFB,0014FD64,3C5001AF,2800799B,D004E016,00000020,0000080E
2063,50239500,00F600B7,000003D5,00AEFFFF,0000FFFB,0014FD98,3C50018D,2800799B,D004F816,00000020,0000080F
2064,50983800,00EA00D2,000003D5,00B6FFFF,0001FFFC,0015FDCB,3C5101CA,2800799B,D0051016,00000020,00000810
2065,52215400,00E700EA,000003D5,00A7FFFF,0001FFFC,0015FDFC,3C5201B7,2800799B,D0054016,00000020,00000811
2066,48394700,00DC00FD,000003D5,00A7FFFF,0001FFFC,FF15FE2C,3C5281F6,2800799B,D0056016,00000020,00000812
2067,48955800,00D70109,000003D5,009C0000,0001FFFC,FF15FE5A,3C53018F,2800799B,E0058816,00000020,00000813
2068,51609500,00CF0113,000003D5,00970000,0001FFFC,FF15FE86,3C5481EE,2800799B,E005B016,00000020,00000814
2069,59546300,00C60121,000003D5,008D0000,0001FFFC,FF16FEAF,3C548188,2800799B,E005F816,00000020,00000815
2070,158609600,00BD0125,000003D5,00850000,0002FFFC,FF16FED6,3C5581A1,28008BC8,E0063016,00000020,00000816
2071,14228100,00B5012C,000003D5,007C0000,0002FFFC,FF16FEFB,3C56819C,28008BC8,E0067016,00000020,00000817
2072,48526800,00AD012E,000003D5,00740000,0002FFFD,FF16FF1D,3C5781D0,28008BC8,E006B016,00000020,00000818
2073,51582200,00A20137,FFFF03D5,006B0000,0002FFFD,FF16FF3C,3C5881B8,28008BC8,E0071816,00000020,00000819
2074,51644700,0099013C,FFFF03D5,00620000,0002FFFD,FF17FF59,3C5981A4,28008BC8,E0076016,00000020,0000081A
2075,49638300,0090013F,FFFF03D5,005A0000,0002FFFD,FF17FF74,3C5A8193,28008BC8,E007B816,00000020,0000081B
2076,51265300,00870142,FFFF03D5,00520000,0002FFFD,FF17FF8C,3C5B018A,28008BC8,E007F816,00000020,0000081C
2077,49326100,007F0148,FFFF03D5,004B0000,0002FFFD,FF17FFA2,3C5C81A7,2BFC8BC8,E007F816,00000020,0000081D
2078,51171600,0077014B,000003D5,00450000,0002FFFE,FF18FFB7,3C5D0187,2BFC8BC8,E007F816,00000020,0000081E
2079,49419800,006E014F,000003D5,003E0000,0002FFFE,FF18FFC9,3C5E018A,2BFC8BC8,E007F816,00000020,0000081F
2080,155383600,00660154,000003D5,00390000,0002FFFE,FF18FFDA,3C5F81B9,2BFC8BC8,E007F816,00000020,00000820
2081,15128200,005E0155,000003D5,00330000,0002FFFE,FF19FFE9,3C60819C,2BFC8BC8,E007F816,00000020,00000821
2082,50111200,0057015B,000003D5,002E0000,0002FFFE,FF19FFF7,3C6201BC,2BFC8BC8,E007F816,00000020,00000822
2083,48910500,0050015F,000003D5,00290000,0002FFFE,FF190003,3C6281D4,2BFC8BC8,E007F816,00000020,00000823
2084,49885500,003C0160,FFFF03D5,001B0000,0002FFFE,FF19000C,3C6401A2,2BFC8BC8,E007F816,00000020,00000824
2085,51302600,00300167,FFFF03D5,00120000,0002FFFF,FF1A0013,3C6501B5,2BFC8BC8,E007F816,00000020,00000825
2086,48171700,002B0169,FFFF03D5,000B0000,0002FFFF,FF1A0016,3C65818F,2BFC8BC8,E007F816,00000020,00000826
2087,49902700,00250169,000003D5,00060000,0002FFFF,FF1A0019,3C6681AF,2BFC8BC8,E007F816,00000020,00000827
2088,50583700,001E016C,000003D5,00030000,0002FFFF,FF1A001A,3C6801AD,2BFC8BC8,E007F816,00000020,00000828
2089,52015100,0018016C,000003D5,00010000,0002FFFF,FF1B001A,3C6981C6,2BFC8BC8,E007F816,00000020,00000829
2090,50733300,0013016B,000003D5,00000000,0002FFFF,FF1B001A,3C6A0190,2BFC8BC8,E007F816,00000020,0000082A
2091,159110600,000E016F,000003D5,FFFF0000,00020000,FF1B001A,3C6B81A9,2BFC8BC8,E007F816,00000020,0000082B
2092,14277800,000B016F,000003D5,FFFF0000,00020000,FF1C001A,3C6D01CE,2BFC8BC8,E007F816,00000020,0000082C
2093,49841900,0007016E,000003D5,FFFF0000,00020000,FF1C001A,3C6E01B0,2BFC8BC8,E007F816,00000020,0000082D
2094,49293700,00050172,000003D5,FFFF0000,00020000,FF1C0019,3C6F01B1,2BFC8BC8,E007F816,00000020,0000082E
2095,51183400,00040170,000003D5,FFFF0000,00020000,FF1C0019,3C7001CD,2BFC8BC8,E007F816,00000020,0000082F
2096,50157700,00020173,000003D5,FFFF0000,00020000,001D0019,3C7081E3,2BFC8BC8,E007F816,00000020,00000830
2097,50039900,00010174,000003D5,FFFF0000,00020000,001D0018,3C720198,2BFC8BC8,E007F816,00000020,00000831
2098,50301700,00010172,000003D5,FFFF0000,00020000,001D0018,3C7381E9,2BFC8BC8,E007F816,00000020,00000832
2099,51080600,00000173,000003D5,00000000,00020000,001E0018,3C7501C2,2BFC8BC8,E007F816,00000020,00000833
2100,50303000,00000176,000003D5,00000000,00020000,001E0018,3C75819F,2BFC9C6A,E007F816,00000020,00000834
2101,160042200,00000175,000003D5,00000000,00020000,001E0018,3C7701AF,2BFC9C6A,E007F816,00000020,00000835
2102,14040000,00000176,000003D5,00000000,00020000,001F0018,3C7801B7,2BFC9C6A,E007F816,00000020,00000836
2103,49354200,00000177,000003D5,00000000,00020000,001F0018,3C7981B4,2BFC9C6A,E007F816,00000020,00000837
2104,50146600,00000178,000003D5,00000000,00020000,001F0018,3C7A01B3,2BFC9C6A,E007F816,00000020,00000838
2105,50217600,00000179,000003D5,00000000,00020000,001F0018,3C7A8184,2BFC9C6A,E007F816,00000020,00000839
2106,53431000,00000179,000003D5,00000000,00020000,00200018,3C7C81CB,2BFC9C6A,E007F816,00000020,0000083A
2107,49294300,00000179,000003D5,00000000,00020000,00200018,3C7D018C,2BFC9C6A,F007F816,00000020,0000083B
2108,50937500,00000179,000103D4,00000001,00020000,00200018,3C7E81A3,2BFC9C6A,F007F816,00000020,0000083C
2109,49349700,00000177,000003D1,00000003,00020000,00210018,3C7F81B5,2BFC9C6A,F007F816,00000020,0000083D
2110,50019700,FFFF017B,000003D2,00000003,00010000,00210018,3C808187,2BFC9C6A,F007F816,00000020,0000083E
2111,54363300,00000177,000003D2,00000002,00000000,00210018,3C8201A5,2BFC9C6A,F007F816,00000020,0000083F
2112,157754700,0000017B,000003CF,00000001,00000000,00210018,3C8401D6,2BFC9C6A,F007F816,00000020,00000840
2113,14855500,00000177,000003D2,00000000,00000000,00220018,3C8501DD,2BFC9C6A,F007F816,00000020,00000841
2114,48739100,00000177,000003D4,00000000,00000000,00220018,3C8681E4,2BFC9C6A,F007F816,00000020,00000842
2115,51376100,00000176,000003D5,00000000,00000000,00220018,3C8681A9,2BFC9C6A,F007F816,00000020,00000843
2116,51322000,00010197,000603D6,0000FFFE,0000FFFF,00230018,3C8881C6,2BFC9C6A,F007F816,00000020,00000844
2117,51024800,00010194,000103DF,0000FFF9,0002FFFE,00230018,3C8981AE,2BFC9C6A,E007F816,00000020,00000845
2118,50212000,FFFB015C,FFFD03DC,0000FFF9,0004FFFF,00230018,3C8A019F,2BFC9C6A,E007F816,00000020,00000846
2119,50713000,0004012F,000203D9,00000000,0004FFFE,00230018,3C8A818E,2BFC9C6A,E007F816,00000020,00000847
2120,49987600,FFFF0116,FFFD03E1,00000004,0004FFFF,00240018,3C8C01A9,2BFC9C6A,E007F816,00000020,00000848
2121,52664300,FFFF0105,FFFF03D4,00000003,0003FFFF,00240018,3C8C8196,2BFC9C6A,E007F816,00000020,00000849
2122,163148900,000100FB,000003D0,00000001,0002FFFF,00240017,3C8E01D1,2BFC9C6A,E007F816,00000020,0000084A
2123,13874200,000100EF,000003D1,00000001,0002FFFF,00240017,3C8E81B1,2BFC9C6A,E007F816,00000020,0000084B
2124,50301900,000000F3,000003D3,00000000,0002FFFF,00240017,3C8E8191,2BFC9C6A,E007F816,00000020,0000084C
2125,51987300,000000E4,000203D4,00000000,0002FFFF,00250017,3C90820E,2BFC9C6A,E007F816,00000020,0000084D
2126,50539200,000100EC,000103DB,0000FFFB,0003FFFF,00250017,3C9001E9,28009C6A,E007F816,00000020,0000084E
2127,49551000,FFFF00E7,000003DC,0000FFF9,0004FFFF,00250017,3C9101A9,2BFC9C6A,E007F816,00000020,0000084F
2128,50527500,000000E3,FFFD03DD,0000FFFD,0006FFFF,00250017,3C91018E,2BFC9C6A,E007F816,00000020,00000850
2129,50629200,FFFF00E1,FFFF03DC,00000004,0006FFFF,00250017,3C9301FE,2BFC9C6A,E007F816,00000020,00000851
2130,51052800,000100E0,000003D4,00000007,00040000,00260017,3C9301A3,2BFCAF43,E007F816,00000020,00000852
2131,50632100,FFFF00E6,FFFE03CE,00000004,00020000,00260017,3C9501EB,2800AF43,E007F816,00000020,00000853
2132,154347700,000100E4,000003C8,00000002,00010000,00260017,3C94819B,2800AF43,E007F816,00000020,00000854
2133,13920700,000100E4,000003CE,00000000,00010000,00260017,3C948185,2BFCAF43,E007F816,00000020,00000855
2134,49260000,000000E6,000003D3,0000FFFF,00010000,00260017,3C96019F,2BFCAF43,E007F816,00000020,00000856
2135,49436500,000000E3,000003D6,0000FFFE,00020000,00260017,3C9701BB,2BFCAF43,E007F816,00000020,00000857
2136,49464300,000000E5,FFFF03DA,0000FFF7,00030000,00270017,3C9701C2,2800AF43,E007F816,00000020,00000858
2137,52069200,000000F0,00000404,0000FFE1,00090000,00270017,3C9801A1,2800AF43,E007F816,00000020,00000859
2138,50411300,000000EE,000003FD,0000FFD8,00140000,00270017,3C9901AF,2BFCAF43,E007F816,00000020,0000085A
2139,48862900,000000DE,00000414,0000FFEF,001B0000,00270017,3C98818A,2BFCAF43,E007F816,00000020,0000085B
2140,50818400,000000D9,00000415,0000FFFC,001E0000,00270017,3C9A019B,2BFCAF43,E007F816,00000020,0000085C
2141,52039200,000000E1,000003F0,00000001,001E0000,00270017,3C9A0192,2BFCAF43,E007F816,00000020,0000085D
2142,56765900,000000E2,000003DC,00000002,001E0000,00280017,3C9A8187,2800AF43,E007F816,00000020,0000085E
2143,154756000,000000E5,000003D3,00000003,001D0000,00280017,3C9B818C,2800AF43,E007F816,00000020,0000085F
2144,14838200,000000E4,000003CF,00000002,001C0000,00280017,3C9C0197,2800AF43,E007F816,00000020,00000860
2145,49232200,000000E6,000003CE,00000002,001C0000,00280017,3C9D0270,2800AF43,E007F816,00000020,00000861
2146,51262600,000000E6,000003CF,00000001,001B0000,00280017,3C9E81E1,2800AF43,E007F816,00000020,00000862
2147,49467000,000000E4,000003D0,00000001,001B0000,00290017,3C9F01A9,2BFCAF43,E007F816,00000020,00000863
2148,51561800,000000E7,000003D1,00000001,001B0000,00290017,3C9F81AC,2BFCAF43,E007F816,00000020,00000864
2149,51222700,000000E4,000003D2,00000000,001B0000,00290017,3C9F8190,2BFCAF43,E007F816,00000020,00000865
2150,50012500,000000E6,000003D3,00000000,001B0000,00290017,3CA101C4,2BFCAF43,E007F816,00000020,00000866
2151,50447800,000000EC,000003E8,0000FFE8,001E0000,00290017,3CA18194,2800AF43,E007F816,00000020,00000867
2152,49613800,000000F4,00000410,0000FFD4,00280000,00290017,3CA181AF,2800AF43,E007F816,00000020,00000868
2153,51542900,000000EA,0000040C,0000FFE0,00340000,002A0017,3CA301BF,2BFCAF43,E007F816,00000020,00000869
2154,50375000,000000D5,00000435,0000FFF5,003A0000,002A0017,3CA28183,2BFCAF43,E007F816,00000020,0000086A
2155,155032300,000000DE,00000409,0000FFFE,003B0000,002A0017,3CA38188,2BFCAF43,E007F816,00000020,0000086B
2156,14552000,000000E2,000003E8,00000002,003B0000,002A0017,3CA40193,2800AF43,E007F816,00000020,0000086C
2157,49340200,000000E9,000003E5,0000FFF4,003C0000,002A0017,3CA581A0,2800AF43,E007F816,00000020,0000086D
2158,50112900,000000ED,000003F3,0000FFE8,00420000,002A0017,3CA58198,2800AF43,E007F816,00000020,0000086E
2159,51191800,000000EB,000003F1,0000FFF0,00480000,002B0017,3CA681AE,2BFCAF43,E007F816,00000020,0000086F
2160,50314200,000000DD,00000407,0000FFFC,004A0000,002B0017,3CA7819D,2BFCC2B6,E007F816,00000020,00000870
2161,51076400,000000E0,000003EC,00000000,004B0000,002B0017,3CA881B0,2BFCC2B6,E007F816,00000020,00000871
2162,51433500,000000E1,000003DA,00000002,004A0000,002B0017,3CAA01E4,2800C2B6,E007F816,00000020,00000872
2163,49733800,000000B1,000003E7,0000FFF0,004D0000,002B0017,3CA981A0,2800C2B6,E007F816,00000020,00000873
2164,49579600,00000053,000003F3,0000FFE6,00530000,002B0017,3CA981A4,2BFCC2B6,E007F816,00000020,00000874
2165,51542000,0000FFED,000003FC,0000FFF4,00590000,002B0017,3CAA01D4,2BFCC2B6,E007F816,00000020,00000875
2166,51283100,0000FFB0,00000407,0000FFFE,005A0000,002B0017,3CA8818C,2BFCC2B6,E007F816,00000020,00000876
2167,155904400,0000FF97,000003EA,00000002,005A0000,002B0017,3CAA81FE,2800C2B6,E007F816,00000020,00000877
2168,15188800,0000FF88,000003DA,00000001,00590000,002B0017,3CA901BC,2800C2B6,E007F816,00000020,00000878
2169,48405500,0000FF8B,000003EF,0000FFED,005D0000,002B0017,3CA7018C,2800C2B6,E007F816,00000020,00000879
2170,50945000,0000FF96,000003EF,0000FFE5,00640000,002B0017,3CA781A9,2800C2B6,E007F816,00000020,0000087A
2171,51233600,0000FFB1,00000405,0000FFF6,00690000,002B0017,3CA6818D,2800C2B6,E007F816,00000020,0000087B
2172,50170100,0000FFEA,000003FE,0000FFFD,006A0000,002B0017,3CA68231,2800C2B6,E007F816,00000020,0000087C
2173,49498000,00000032,000003E5,00000000,006A0000,002B0017,3CA701A9,2800C2B6,E007F816,00000020,0000087D
2174,50421400,00000067,000003DA,0000FFFA,006B0000,002B0017,3CA801AC,2800C2B6,E007F816,00000020,0000087E
2175,50849300,0000009A,000003F3,0000FFEA,006F0000,002B0017,3CA881CA,2800C2B6,E007F816,00000020,0000087F
2176,49490200,000000B4,000003EE,0000FFE7,00770000,002B0017,3CA7818D,2BFCC2B6,E007F816,00000020,00000880
2177,49092100,000000B1,0000040A,0000FFF7,007B0000,002B0017,3CA901B6,2BFCC2B6,E007F816,00000020,00000881
2178,49726100,00000090,000003F9,0000FFFE,007C0000,002B0017,3CA88189,2BFCC2B6,E007F816,00000020,00000882
2179,51294400,00000036,000003E3,00000002,007C0000,002B0017,3CA881C1,2800C2B6,E007F816,00000020,00000883
2180,50329700,0000FFE8,000003DE,0000FFF7,007D0000,002B0017,3CA901AF,2800C2B6,E007F816,00000020,00000884
2181,150266800,0000FFBE,000003F6,0000FFE9,00820000,002B0017,3CA80181,2800C2B6,E007F816,00000020,00000885
2182,12915900,0000FF9C,000003F1,0000FFEE,00890000,002B0017,3CA78182,2BFCC2B6,E007F816,00000020,00000886
2183,51875600,0000FF82,0000040C,0000FFFA,008B0000,002B0017,3CA881B7,2800C2B6,E007F816,00000020,00000887
2184,49796700,0000FF8F,000003F2,00000000,008C0000,002B0017,3CA781BA,2800C2B6,E007F816,00000020,00000888
2185,49779700,0000FFB6,000003DE,00000002,008C0000,002B0017,3CA68182,2800C2B6,E007F816,00000020,00000889
2186,51136200,0000FFFA,000003E2,0000FFF2,008D0000,002B0017,3CA701A7,2800C2B6,E007F816,00000020,0000088A
2187,52153800,0000003E,000003F4,0000FFE6,00940000,002B0017,3CA68187,2800C2B6,E007F816,00000020,0000088B
2188,50028500,0000006C,000003F4,0000FFEF,009A0000,002B0017,3CA7018E,2BFCC2B6,E007F816,00000020,0000088C
2189,50550900,00000087,0000040A,0000FFFA,009D0000,002B0017,3CA7017F,2800C2B6,E007F816,00000020,0000088D
2190,51836000,000000AA,000003ED,0000FFFF,009E0000,002B0017,3CA8019F,2800D5E9,E007F816,00000020,0000088E
2191,48149000,000000B9,000003DC,00000001,009D0000,002B0017,3CAA8201,2800D5E9,E007F816,00000020,0000088F
2192,51177200,0000009B,000003E9,0000FFEF,00A00000,002B0017,3CA88180,2800D5E9,E007F816,00000020,00000890
2193,51838000,00000044,000003F3,0000FFE5,00A70000,002B0017,3CA981AB,2BFCD5E9,E007F816,00000020,00000891
2194,49906800,0000FFE2,000003FE,0000FFF4,00AC0000,002B0017,3CA901A0,2BFCD5E9,E007F816,00000020,00000892
2195,154781800,0000FFAE,00000406,0000FFFE,00AE0000,002B0017,3CA88192,2800D5E9,E007F816,00000020,00000893
2196,15532900,0000FF94,000003E9,00000002,00AE0000,002B0017,3CA981C9,2800D5E9,E007F816,00000020,00000894
2197,48556400,0000FF8A,000003DA,00000000,00AD0000,002B0017,3CA9820A,2800D5E9,E007F816,00000020,00000895
2198,49517600,0000FF9C,000003F0,0000FFED,00B10001,002B0017,3CA701B7,2800D5E9,E007F816,00000020,00000896
2199,50592500,0000FFC1,000003EE,0000FFE5,00B80001,002B0017,3CA68184,2800D5E9,E007F816,00000020,00000897
2200,51421500,FFFFFFF0,00000405,0000FFF6,00BD0001,002B0017,3CA781B2,2800D5E9,E007F816,00000020,00000898
2201,50833200,00000030,000003FD,0000FFFD,00BE0001,002B0018,3CA681B0,2800D5E9,E007F816,00000020,00000899
2202,49134900,00000067,000003E4,00000000,00BF0001,002B0018,3CA68182,2800D5E9,E007F816,00000020,0000089A
2203,50858600,00000092,000003DA,0000FFFA,00BF0001,002B0018,3CA781A5,2800D5E9,E007F816,00000020,0000089B
2204,50596300,000000B8,000003F3,0000FFE9,00C40001,002B0018,3CA78190,2800D5E9,E007F816,00000020,0000089C
2205,146126100,000000C2,000003EE,0000FFE8,00CB0001,002B0018,3CA80190,2BFCD5E9,E007F816,00000020,0000089D
2206,13597300,0000008F,0000040B,0000FFF8,00CF0001,002B0018,3CA88187,2BFCD5E9,E007F816,00000020,0000089E
2207,50053200,00000034,000003F8,0000FFFF,00D00001,002B0018,3CA8818C,2BFCD5E9,E007F816,00000020,0000089F
2208,49322600,0000FFE3,000003E2,00000002,00D00001,002B0018,3CA8819B,2800D5E9,E007F816,00000020,000008A0
2209,49638200,0000FFB6,000003DE,0000FFF7,00D00001,002B0018,3CA981DE,2800D5E9,E007F816,00000020,000008A1
2210,50923200,0000FFA5,000003F5,0000FFE9,00D60001,002B0018,3CA78184,2800D5E9,E007F816,00000020,000008A2
2211,50890600,0000FF91,000003F1,0000FFEE,00DD0001,002B0018,3CA70190,2BFCD5E9,E007F816,00000020,000008A3
2212,49618200,0000FF89,0000040B,0000FFFA,00DF0001,002B0018,3CA70191,2800D5E9,E007F816,00000020,000008A4
2213,50713000,0000FFB6,000003F1,00000000,00E00001,002B0018,3CA68193,2800D5E9,E007F816,00000020,000008A5
2214,48444600,0000FFF3,000003DD,00000001,00E00001,002A0018,3CA6818C,2800D5E9,E007F816,00000020,000008A6
2215,50396200,0000003A,000003E2,0000FFF2,00E10001,002B0018,3CA781B5,2800D5E9,E007F816,00000020,000008A7
2216,51542000,00000076,000003F3,0000FFE6,00E80001,002B0018,3CA7019F,2800D5E9,E007F816,00000020,000008A8
2217,143259400,00000093,000003F4,0000FFEF,00EE0001,002B0018,3CA681F6,2BFCD5E9,E007F816,00000020,000008A9
2218,14182800,000000A4,00000409,0000FFFA,00F10001,002B0018,3CA701A3,2BFCD5E9,E007F816,00000020,000008AA
2219,49116700,000000BE,000003ED,0000FFFF,00F20001,002B0018,3CAA021F,2800D5E9,E007F816,00000020,000008AB
2220,50507700,000000CB,000003DB,00000001,00F20001,002B0018,3CA881C4,2800EA1D,E007F816,00000020,000008AC
2221,51490300,000000D8,000003E8,0000FFEF,00F40001,002B0018,3CA981BA,2800EA1D,E007F816,00000020,000008AD
2222,49960000,000000AD,000003F2,0000FFE5,00FB0001,002B0018,3CA981AD,2BFCEA1D,E007F816,00000020,000008AE
2223,51799400,00000040,000003FD,0000FFF4,01010001,002B0018,3CA901BA,2BFCEA1D,E007F816,00000020,000008AF
2224,49633500,0000FFE4,00000406,0000FFFE,01020001,002B0018,3CA90193,2BFCEA1D,E007F816,00000020,000008B0
2225,49205900,0000FFB3,000003E9,00000002,01020001,002B0018,3CA981DA,2800EA1D,E007F816,00000020,000008B1
2226,49495300,0000FF9A,000003DA,00000000,01020001,002B0018,3CA881A6,2800EA1D,E007F816,00000020,000008B2
2227,50520200,0000FF94,000003F0,0000FFED,01050001,002B0018,3CA78181,2800EA1D,E007F816,00000020,000008B3
2228,51689300,0000FF89,000003EE,0000FFE5,010C0001,002B0018,3CA68185,2BFCEA1D,E007F816,00000020,000008B4
2229,48328900,0000FF8B,00000405,0000FFF6,01110001,002B0018,3CA801C1,2800EA1D,E007F816,00000020,000008B5
2230,156396800,0000FFAF,000003FC,0000FFFE,01120001,002A0018,3CA781BE,2800EA1D,E007F816,00000020,000008B6
2231,13761500,0000FFF1,000003E3,00000001,01120001,002A0018,3CA681B3,2800EA1D,E007F816,00000020,000008B7
2232,49301900,00000035,000003D9,0000FFFA,01120001,002A0018,3CA781CD,2800EA1D,E007F816,00000020,000008B8
2233,51512400,00000074,000003F2,0000FFEA,01170001,002B0018,3CA701AA,2800EA1D,E007F816,00000020,000008B9
2234,50042500,00000097,000003EC,0000FFE7,011F0001,002B0018,3CA6818C,2BFCEA1D,E007F816,00000020,000008BA
2235,57172500,000000A7,00000408,0000FFF7,01230001,002B0018,3CA70197,2BFCEA1D,E007F816,00000020,000008BB
2236,49071100,000000BA,000003F7,0000FFFE,01240001,002B0018,3CA881B7,2800EA1D,E007F816,00000020,000008BC
2237,49050400,000000CC,000003E1,00000001,01240001,002B0018,3CA8019D,2800EA1D,E007F816,00000020,000008BD
2238,56771200,000000CF,000003D9,0000FFFC,01240001,002B0018,3CAA01F8,2800EA1D,E007F816,00000020,000008BE
2239,66482400,000000AC,000003E2,0000FFF5,01270001,002B0018,3CA981B4,2800EA1D,E007F816,00000020,000008BF
2240,66399300,00000043,000003DF,0000FFF7,012A0001,002B0018,3CA981C2,2BFCEA1D,E007F816,00000020,000008C0
2241,172133800,0000FFE8,000003ED,0000FFFE,012B0001,002B0018,3CA98209,2BFCEA1D,E007F816,00000020,000008C1
2242,12927500,0000FFB7,000003E1,00000001,012B0001,002B0018,3CA801C7,2800EA1D,E007F816,00000020,000008C2
2243,50923600,0000FF98,000003D7,00000002,012B0001,002B0018,3CA881BA,2800EA1D,E007F816,00000020,000008C3
2244,49668700,0000FF8F,000003D2,00000002,012A0001,002B0018,3CA781AD,2800EA1D,E007F816,00000020,000008C4
2245,50128100,0000FF97,000003D0,00000002,01290001,002B0018,3CA7019D,2800EA1D,E007F816,00000020,000008C5
2246,50683700,0000FFB9,000003D0,00000001,01290001,002A0018,3CA601A1,2800EA1D,E007F816,00000020,000008C6
2247,59509000,0000FFF7,000003D0,00000000,01290001,002A0018,3CA60194,2800EA1D,E007F816,00000020,000008C7
2248,61022800,00000038,000003D1,00000000,01290001,002A0018,3CA68197,2800EA1D,E007F816,00000020,000008C8
2249,153910900,0000006B,000003D2,00000000,01290001,002B0018,3CA701A8,2800EA1D,E007F816,00000020,000008C9
2250,13010400,00000093,000003D2,0000FFFF,01290001,002B0018,3CA7019F,2800FFD9,E007F816,00000020,000008CA
2251,50895100,000000AD,000003D3,0000FFFF,01290001,002B0018,3CA701B3,2800FFD9,E007F816,00000020,000008CB
2252,49110800,000000C2,000003D3,0000FFFF,012A0001,002B0018,3CA901D5,2800FFD9,E007F816,00000020,000008CC
2253,49665300,000000CD,000003D3,0000FFFF,012A0001,002B0018,3CA8018E,2800FFD9,E007F816,00000020,000008CD
2254,52283600,000000D2,000003D4,00000000,012A0001,002B0018,3CA88193,2BFCFFD9,E007F816,00000020,000008CE
2255,49791000,000000A4,000003D4,00000000,012A0001,002B0018,3CA9019F,2BFCFFD9,E007F816,00000020,000008CF
2256,50867000,00000043,000003D4,00000001,012A0001,002B0018,3CA981AC,2BFCFFD9,E007F816,00000020,000008D0
2257,51364800,0000FFEB,000003D4,00000001,012A0001,002B0018,3CAA01FC,2800FFD9,E007F816,00000020,000008D1
2258,50306100,0000FFB9,000003D4,00000001,01290001,002B0018,3CA981C0,2800FFD9,E007F816,00000020,000008D2
2259,51812000,0000FF9A,000003D4,00000001,01290001,002B0018,3CA801A8,2800FFD9,E007F816,00000020,000008D3
2260,159630900,0000FF8D,000003D4,00000001,01290001,002B0018,3CA881CD,2800FFD9,E007F816,00000020,000008D4
2261,14022900,0000FF96,000003D3,00000000,01290001,002B0018,3CA70199,2800FFD9,E007F816,00000020,000008D5
2262,49934800,0000FFBB,000003D3,00000000,01290001,002A0018,3CA701A3,2800FFD9,E007F816,00000020,000008D6
2263,50769600,0000FFF6,000003D3,00000000,01290001,002A0018,3CA701D0,2800FFD9,E007F816,00000020,000008D7
2264,50117900,00000036,000003D3,0000FFFF,01290001,002A0018,3CA68198,2800FFD9,E007F816,00000020,000008D8
2265,51103300,0000006D,000003D3,0000FFFF,01290001,002B0018,3CA68195,2800FFD9,E007F816,00000020,000008D9
2266,52378700,00000090,000003D4,0000FFFF,01290001,002B0018,3CA781B5,2800FFD9,E007F816,00000020,000008DA
2267,50304800,000000B0,000003D4,0000FFFF,01290001,002B0018,3CA6818E,2800FFD9,E007F816,00000020,000008DB
2268,49304100,000000C0,000003D4,0000FFFF,012A0001,002B0018,3CA701D2,2800FFD9,E007F816,00000020,000008DC
2269,50019300,000000CE,000003D4,0000FFFF,012A0001,002B0018,3CA8019E,2800FFD9,E007F816,00000020,000008DD
2270,50263900,000000D2,000003D4,00000000,012A0001,002B0018,3CAA01FB,2BFCFFD9,E007F816,00000020,000008DE
2271,50307800,000000A5,000003D4,00000000,012A0001,002B0018,3CAA01E1,2BFCFFD9,E007F816,00000020,000008DF
2272,146579700,00000043,000003D4,00000001,012A0001,002B0018,3CA9019E,2BFCFFD9,E007F816,00000020,000008E0
2273,14259900,0000FFEB,000003D4,00000001,012A0001,002B0018,3CAA01D5,2800FFD9,E007F816,00000020,000008E1
2274,49477000,0000FFB8,000003D4,00000001,01290001,002B0018,3CA901B6,2800FFD9,E007F816,00000020,000008E2
2275,49977600,0000FF9B,000003D4,00000001,01290001,002B0018,3CA80194,2800FFD9,E007F816,00000020,000008E3
2276,50129100,0000FF8D,000003D3,00000001,01290001,002B0018,3CA7018E,2800FFD9,E007F816,00000020,000008E4
2277,50888700,0000FF97,000003D3,00000000,01290001,002B0018,3CA7019E,2800FFD9,E007F816,00000020,000008E5
2278,50930700,0000FFBB,000003D3,00000000,01290001,002B0018,3CA601DD,2800FFD9,E007F816,00000020,000008E6
2279,50369100,0000FFF5,000003D3,00000000,01290001,002A0018,3CA6819C,2800FFD9,E007F816,00000020,000008E7
2280,50041100,00000038,000003D3,0000FFFF,01290001,002B0018,3CA68191,280113F5,E007F816,00000020,000008E8
2281,51240200,0000006B,000003D3,0000FFFF,01290001,002B0018,3CA6818E,280113F5,E007F816,00000020,000008E9
2282,49356800,00000092,000003D4,0000FFFF,01290001,002B0018,3CA681CB,280113F5,E007F816,00000020,000008EA
2283,49941800,000000AE,000003D4,0000FFFF,01290001,002B0018,3CA901FC,280113F5,E007F816,00000020,000008EB
2284,50376800,000000C2,000003D4,0000FFFF,012A0001,002B0018,3CA781A5,280113F5,E007F816,00000020,000008EC
2285,50461300,000000CE,000003D4,0000FFFF,012A0001,002B0018,3CA80203,280113F5,E007F816,00000020,000008ED
2286,50491100,000000D2,000003D4,00000000,012A0001,002B0018,3CA981BE,2BFD13F5,E007F816,00000020,000008EE
2287,143947600,000000A4,000003D4,00000000,012A0001,002B0018,3CA88188,2BFD13F5,E007F816,00000020,000008EF
2288,14078000,00000043,000003D4,00000001,012A0001,002B0018,3CA88189,2BFD13F5,E007F816,00000020,000008F0
2289,50383900,0000FFED,000003D4,00000001,012A0001,002B0018,3CA981B6,280113F5,E007F816,00000020,000008F1
2290,51824800,0000FFB8,000003D4,00000001,01290001,002B0018,3CA901B8,280113F5,E007F816,00000020,000008F2
2291,49603100,0000FF9B,000003D4,00000001,01290001,002B0018,3CA901C4,280113F5,E007F816,00000020,000008F3
2292,51960300,0000FF8D,000003D4,00000001,01290001,002B0018,3CA781BB,280113F5,E007F816,00000020,000008F4
2293,49222600,0000FF96,000003D3,00000000,01290001,002B0018,3CA681AD,280113F5,E007F816,00000020,000008F5
2294,48760800,0000FFBB,000003D3,00000000,01290001,002B0018,3CA601DD,280113F5,E007F816,00000020,000008F6
2295,48439500,0000FFF5,000003D3,00000000,01290001,002A0018,3CA6818F,280113F5,E007F816,00000020,000008F7
2296,57830600,00000038,000003D3,0000FFFF,01290001,002B0018,3CA6018F,280113F5,E007F816,00000020,000008F8
2297,181771700,0000006B,000003D3,0000FFFF,01290001,002B0018,3CA68193,280113F5,E007F816,00000020,000008F9
2298,15996900,00000092,000003D4,0000FFFF,01290001,002B0018,3CA70198,280113F5,E007F816,00000020,000008FA
2299,50484600,000000AE,000003D4,0000FFFF,01290001,002B0018,3CA701AF,280113F5,E007F816,00000020,000008FB
2300,50154800,000000C2,000003D4,0000FFFF,012A0001,002B0018,3CA7819D,280113F5,E007F816,00000020,000008FC
2301,52607400,000000CC,000003D1,00000006,01290001,002B0018,3CA801DE,2BFD13F5,E007F816,00000020,000008FD
2302,51233800,000000B7,00000382,0000003C,011D0001,002B0018,3CA981D2,2BFD13F5,E007F816,00000020,000008FE
2303,68086200,0000008E,0000037D,00000051,01080001,002B0018,3CA98199,280113F5,E007F816,00000020,000008FF
2304,182684300,00000054,0000033C,00000020,00FA0001,002B0018,3CA90192,280113F5,E007F816,00000020,00000900
2305,14439200,00000000,00000353,00000009,00F50001,002B0018,3CAA01B7,280113F5,E007F816,00000020,00000901
2306,50353400,0000FFC0,0000039C,00000000,00F40001,002B0018,3CA8018D,280113F5,E007F816,00000020,00000902
2307,50705100,0000FF9D,000003C5,0000FFFC,00F50001,002B0018,3CA881A2,2BFD13F5,E007F816,00000020,00000903
2308,50456100,0000FF8C,000003D9,0000FFFC,00F60001,002B0018,3CA781A6,2BFD13F5,E007F816,00000020,00000904
2309,50611200,0001FF94,000B03E2,0000FFF9,00F80000,002B0018,3CA801CD,280113F5,E007F816,00000020,00000905
2310,62751700,0010FFC1,FFFD03FA,0000FFEE,00FCFFF8,002B0018,3CA701B0,280129F1,E007F816,00000020,00000906
2311,181783600,FFDEFFEA,FFF403C8,00000014,00FCFFFF,002B0018,3CA681F5,2BFD29F1,E007F816,00000020,00000907
2312,12524400,0018000F,00080395,0000004F,00EAFFFB,002B0018,3CA80203,2BFD29F1,E007F816,00000020,00000908
2313,50685500,FFF30057,0001035B,00000067,00D1FFFD,002B0018,3CA781CD,2BFD29F1,E007F816,00000020,00000909
2314,52100000,00040062,FFD4024C,0000009A,00A4FFFD,002B0018,3CA881C8,27FD29F1,E207D016,00000020,0000090A
2315,46813400,FFFD00B0,001E034C,0000003B,00880000,002B0018,3CA881C5,280129F1,E007F816,00000020,0000090B
2316,51191700,0008002C,FFCF01A6,0000005D,006CFFFF,002B0018,3CAA020C,1FFD29F1,E205D816,00000020,0000090C
2317,55707900,FFF3003F,FFF6038A,00000074,004D0005,002B0018,3CAA01E4,280129F1,E007F816,00000020,0000090D
2318,58394100,00100036,FFF302E9,0000FFC2,00510005,002B0018,3CA80197,27FD29F1,E207D016,00000020,0000090E
2319,149990000,FFFC001A,FFFE03AF,0000FFD9,005F0007,002B0018,3CA981FD,2BFD29F1,E007F816,00000020,0000090F
2320,15566800,0002FF91,0000043B,0000FFE8,00670007,002B0018,3CA901F2,2BFD29F1,E007F816,00000020,00000910
2321,48861800,0000FFD9,00010427,0000FFF2,006C0007,002B0018,3CA7018E,2BFD29F1,E007F816,00000020,00000911
2322,50631600,FFFFFFF8,00010412,0000FFF7,006F0006,002B0018,3CA781AC,2BFD29F1,E007F816,00000020,00000912
2323,48612700,FFFF002B,000003FF,0000FFFB,00710006,002B0018,3CA7018D,2BFD29F1,E007F816,00000020,00000913
2324,49703000,FFFF0062,000003F0,0000FFFD,00720006,002B0018,3CA801C1,2BFD29F1,E007F816,00000020,00000914
2325,50271600,FFFF008C,000003E6,0000FFFE,00730006,002B0018,3CA78190,280129F1,E007F816,00000020,00000915
2326,52324000,FFFF00A9,000003DE,0000FFFF,00730006,002B0019,3CA801B8,280129F1,E007F816,00000020,00000916
2327,49085900,FFFF00B8,000003DA,0000FFFF,00740006,002B0019,3CA981BC,280129F1,E007F816,00000020,00000917
2328,49980700,FFFF0094,000003D7,00000000,00740006,002B0019,3CA981A0,280129F1,E007F816,00000020,00000918
2329,50837800,FFFF0037,000003D6,00000000,00740006,002B0019,3CAA81C2,280129F1,E007F816,00000020,00000919
2330,50629900,0000FFE4,000003D5,00000001,00740006,002B0019,3CA8818E,280129F1,E007F816,00000020,0000091A
2331,143612300,0001FFB4,000803D3,00000003,00730005,002B0019,3CA981A7,280129F1,E007F816,00000020,0000091B
2332,14208200,0005FF93,000A03C9,0000000A,00710002,002B0019,3CA80192,280129F1,E007F816,00000020,0000091C
2333,49599000,FFFAFF83,000603C1,0000000E,006D0000,002B0019,3CA801F6,280129F1,E007F816,00000020,0000091D
2334,50287100,0001FF81,000703BB,00000009,006AFFFE,002B0019,3CA8019D,280129F1,E007F816,00000020,0000091E
2335,50334700,FFFCFF92,000103B9,00000003,0068FFFD,002B0019,3CA701B5,280129F1,E007F816,00000020,0000091F
2336,51217800,FFFEFFB7,000003C6,00000000,0068FFFD,002B0019,3CA781A3,280129F1,E007F816,00000020,00000920
2337,49691700,0000FFF1,FFFF03CF,0000FFFF,0068FFFD,002B0019,3CA7019D,280129F1,E007F816,00000020,00000921
2338,50842600,00000034,000003D4,0000FFFE,0069FFFD,002B0019,3CA68189,280129F1,E007F816,00000020,00000922
2339,51138600,00010068,000003D7,0000FFFE,0069FFFE,002B0019,3CA70191,280129F1,E007F816,00000020,00000923
2340,50782600,0000008F,000003D8,0000FFFE,006AFFFE,002B0019,3CA881B5,28013EEF,E007F816,00000020,00000924
2341,49443000,000000AC,000003D8,0000FFFF,006AFFFE,002B0019,3CA8019D,28013EEF,E007F816,00000020,00000925
2342,69085200,000000B9,000003D7,0000FFFF,006AFFFE,002B0019,3CA901A4,28013EEF,E007F816,00000020,00000926
2343,32254100,00000095,000003D7,00000000,006AFFFE,002B0019,3CA901A6,28013EEF,E007F816,00000020,00000927
2344,49709200,00000038,FFFF03D6,00000000,006AFFFE,002B0019,3CAB01FD,28013EEF,E007F816,00000020,00000928
2345,50629200,FFFDFFE3,FFFD03CD,00000009,0069FFFF,002B0019,3CA8818C,2BFD3EEF,E007F816,00000020,00000929
2346,149527300,0002FFAF,FFFF03C3,0000000F,0065FFFF,002B0019,3CA88196,28013EEF,E007F816,00000020,0000092A
2347,14291200,FFFFFF98,FFFE03C0,00000009,00620000,002B0019,3CA801B1,28013EEF,E007F816,00000020,0000092B
2348,50002400,0001FF8D,FFFE03BA,00000002,00600001,002B0019,3CA78181,28013EEF,E007F816,00000020,0000092C
2349,50033600,0000FF82,FFFF03C8,00000000,00600001,002B0019,3CA801B8,28013EEF,E007F816,00000020,0000092D
2350,50321400,0001FF8F,000103D3,0000FFFF,00610001,002B0019,3CA7019D,28013EEF,E007F816,00000020,0000092E
2351,50434300,FFFFFFB5,000003D6,0000FFFF,00610001,002B0019,3CA681B5,28013EEF,E007F816,00000020,0000092F
2352,49484100,0000FFF0,000103D8,0000FFFF,00610000,002B0019,3CA6818B,28013EEF,E007F816,00000020,00000930
2353,51592300,00000033,000003D7,0000FFFF,00610000,002B0019,3CA6018B,28013EEF,E007F816,00000020,00000931
2354,51523900,00000068,000003D6,0000FFFF,00620000,002B0019,3CA881FA,28013EEF,E007F816,00000020,00000932
2355,48631400,0000008F,000003D6,0000FFFF,00620000,002B0019,3CA801B6,28013EEF,E007F816,00000020,00000933
2356,51939600,000000AC,000003D5,0000FFFF,00620000,002B0019,3CA901D1,28013EEF,E007F816,00000020,00000934
2357,50721700,000000B9,000003D5,0000FFFF,00620000,002B0019,3CA88194,28013EEF,E007F816,00000020,00000935
2358,50307800,00000095,000003D5,00000000,00620000,002B0019,3CA981C1,28013EEF,E007F816,00000020,00000936
2359,50918300,00000038,000003D6,00000000,00620000,002B0019,3CA8818A,28013EEF,E007F816,00000020,00000937
2360,49745600,0000FFE5,000003D5,00000001,00620000,002B0019,3CA901BD,28013EEF,E007F816,00000020,00000938
2361,51641600,0000FFB4,000003D5,00000001,00620000,002B0019,3CA88198,28013EEF,E007F816,00000020,00000939
2362,48964600,0000FF98,000003D5,00000001,00620000,002B0019,3CA901E6,28013EEF,E007F816,00000020,0000093A
2363,50611300,0000FF89,000003D5,00000000,00620000,002B0019,3CA801B1,28013EEF,E007F816,00000020,0000093B
2364,50272400,0000FF94,000003D6,00000000,00620000,002B0019,3CA801B2,28013EEF,E007F816,00000020,0000093C
2365,48979000,0000FFB8,000003D6,0000FFFF,00620000,002B0019,3CA7018E,28013EEF,E007F816,00000020,0000093D
2366,134386100,0000FFF4,000003D7,0000FFFF,00620000,002B0019,3CA68188,28013EEF,E007F816,00000020,0000093E
2367,13416800,00000035,000003D6,0000FFFF,00620000,002B0019,3CA781AC,28013EEF,E007F816,00000020,0000093F
2368,51487500,0000006A,000003D5,0000FFFF,00630000,002B0019,3CA70185,28013EEF,E007F816,00000020,00000940
2369,49279300,00000090,000003D5,0000FFFF,00630000,002B0019,3CA801D8,28013EEF,E007F816,00000020,00000941
2370,50417700,000000AC,000003D5,0000FFFF,00630000,002B0019,3CA901EB,28015232,E007F816,00000020,00000942
2371,50514400,000000BA,000003D5,0000FFFF,00630000,002B0019,3CA901AC,28015232,E007F816,00000020,00000943
2372,51208200,00000095,000003D5,00000000,00630000,002B0019,3CAA01BB,28015232,E007F816,00000020,00000944
2373,50519000,00000038,000003D5,00000000,00630000,002B0019,3CA981A7,28015232,E007F816,00000020,00000945
2374,49089400,0000FFE5,000003D5,00000001,00630000,002B0019,3CA9019A,28015232,E007F816,00000020,00000946
2375,51162800,0000FFB4,000003D5,00000001,00630000,002B0019,3CA901C7,28015232,E007F816,00000020,00000947
2376,50937900,0000FF98,000003D5,00000001,00630000,002B0019,3CA88190,28015232,E007F816,00000020,00000948
2377,52691300,0000FF87,000003D5,00000001,00620000,002B0019,3CAA8217,28015232,E007F816,00000020,00000949
2378,48268300,0000FF80,000003D5,00000001,00620000,002B0019,3CA8019B,28015232,E007F816,00000020,0000094A
2379,50248000,0000FF8E,000003D5,00000000,00620000,002B0019,3CA801C0,28015232,E007F816,00000020,0000094B
2380,51500400,0000FFB5,000003D5,00000000,00620000,002B0019,3CA801C3,28015232,E007F816,00000020,0000094C
2381,49402100,0000FFF1,000003D5,00000000,00620000,002B0019,3CA781AD,28015232,E007F816,00000020,0000094D
2382,137918200,00000034,000003D5,0000FFFF,00620000,002B0019,3CA781AA,28015232,E007F816,00000020,0000094E
2383,15326500,00000068,000003D5,0000FFFF,00620000,002B0019,3CA701C3,28015232,E007F816,00000020,0000094F
2384,50214600,0000008F,000003D5,0000FFFF,00630000,002B0019,3CA881C0,28015232,E007F816,00000020,00000950
2385,50069200,000000AC,000003D5,0000FFFF,00630000,002B0019,3CA881AF,28015232,E007F816,00000020,00000951
2386,50521500,000000BA,000003D5,0000FFFF,00630000,002B0019,3CA80191,28015232,E007F816,00000020,00000952
2387,51409600,00000092,000003CF,00000009,00620000,002B0019,3CA901AB,2BFD5232,E007F816,00000020,00000953
2388,50168300,00000030,000003BA,00000013,005E0000,002B0019,3CA981BB,2BFD5232,E007F816,00000020,00000954
2389,50831200,0000FFE2,000003BC,00000010,00580000,002B0019,3CA901A9,28015232,E007F816,00000020,00000955
2390,50596300,0000FFBB,000003A8,00000006,00550000,002B0019,3CA88198,28015232,E007F816,00000020,00000956
2391,50205200,0000FF9C,000003BC,00000002,00540000,002B0019,3CAA01F7,28015232,E007F816,00000020,00000957
2392,50083500,0000FF84,000003BE,00000012,00520000,002B0019,3CA881CA,2BFD5232,E007F816,00000020,00000958
2393,50398300,0000FF71,0000039D,00000025,00490000,002B0019,3CA781A2,2BFD5232,E007F816,00000020,00000959
2394,51542500,0000FF89,000003A5,0000001D,003F0000,002B0019,3CA801C1,28015232,E007F816,00000020,0000095A
2395,49735400,0000FFC2,00000380,0000000A,003A0000,002B0019,3CA6818E,28015232,E007F816,00000020,0000095B
2396,50026600,0000FFF8,000003A7,00000001,00390000,002B0019,3CA781C2,28015232,E007F816,00000020,0000095C
2397,51085100,00000032,000003B9,0000000F,00380000,002B0019,3CA701A6,2BFD5232,E007F816,00000020,0000095D
2398,51528100,00000058,0000039F,00000022,00300000,002B0019,3CA881DE,2BFD5232,E007F816,00000020,0000095E
2399,49585300,00000089,000003AB,0000001B,00260000,002B0019,3CA881DD,28015232,E007F816,00000020,0000095F
2400,50027900,000000B8,00000385,00000008,00220000,002B0019,3CA901BF,28016466,E007F816,00000020,00000960
2401,51395300,000000C0,000003AB,00000000,00210000,002B0019,3CAA01E9,28016466,E007F816,00000020,00000961
2402,50688300,00000092,000003BD,0000000F,00200000,002B0019,3CA981B7,2BFD6466,E007F816,00000020,00000962
2403,49660000,00000028,000003A1,00000023,00180000,002B0019,3CA981A8,2BFD6466,E007F816,00000020,00000963
2404,50722000,0000FFDF,000003AB,0000001C,000D0000,002B0019,3CA981A3,28016466,E007F816,00000020,00000964
2405,50698000,0000FFC0,00000385,00000009,00090000,002B0019,3CA9019D,28016466,E007F816,00000020,00000965
2406,49836500,0000FF9E,000003AC,00000001,00080000,002B0019,3CA981D7,28016466,E007F816,00000020,00000966
2407,50549400,0000FF87,000003C2,00000007,00070000,002B0019,3CA881B1,2BFD6466,E007F816,00000020,00000967
2408,51075900,0000FF78,000003BC,00000010,00030000,002B0019,3CA981E8,2BFD6466,E007F816,00000020,00000968
2409,49772800,0000FF8A,000003C4,0000000C,FFFF0000,002B0019,3CA7018E,28016466,E007F816,00000020,00000969
2410,51014300,0000FFBA,000003B2,00000003,FFFD0000,002B0019,3CA7819C,28016466,E007F816,00000020,0000096A
2411,49363500,0000FFF3,000003C5,0000FFFF,FFFD0000,002B0019,3CA78216,28016466,E007F816,00000020,0000096B
2412,51542700,00000034,000003D3,0000FFFD,FFFD0000,002B0019,3CA801B0,28016466,E007F816,00000020,0000096C
2413,50637900,00000067,000003D9,0000FFFD,FFFE0000,002B0019,3CA901FD,28016466,E007F816,00000020,0000096D
2414,50457300,0000008E,000003DB,0000FFFE,FFFF0000,002B0019,3CAA0216,2BFD6466,E007F816,00000020,0000096E
2415,51280600,000000A4,000003D7,00000001,FFFF0000,002B0019,3CA901AA,2BFD6466,E007F816,00000020,0000096F
2416,51046300,00000086,000003D7,00000002,FFFE0000,002B0019,3CA981B9,28016466,E007F816,00000020,00000970
2417,51214600,00000030,000003D2,00000001,FFFE0000,002B0019,3CA88195,28016466,E007F816,00000020,00000971
2418,51205200,0000FFE0,000003D3,00000000,FFFE0000,002B0019,3CA88186,28016466,E007F816,00000020,00000972
2419,51445900,0000FFB1,000003D5,00000000,FFFE0000,002B0019,3CAA01D0,28016466,E007F816,00000020,00000973
2420,50120500,0000FF95,000003D6,00000000,FFFE0000,002B0019,3CA881A0,28016466,E007F816,00000020,00000974
2421,49703100,0000FF86,000003D6,00000000,FFFE0000,002B0019,3CA8018F,28016466,E007F816,00000020,00000975
2422,50767800,0000FF7F,000003D6,00000000,FFFE0000,002B0019,3CA70194,28016466,E007F816,00000020,00000976
2423,50101400,0000FF8D,000003D6,00000000,FFFE0000,002B0019,3CA7018D,28016466,E007F816,00000020,00000977
2424,49343900,0000FFB3,000003D5,00000000,FFFE0000,002B0019,3CA781AD,28016466,E007F816,00000020,00000978
2425,50441900,0000FFF0,000003D5,00000000,FFFE0000,002B0019,3CA68186,28016466,E007F816,00000020,00000979
2426,50270000,00000033,000003D5,0000FFFF,FFFE0000,002B0019,3CA781CE,28016466,E007F816,00000020,0000097A
2427,49774600,00000067,000003D5,0000FFFF,FFFE0000,002B0019,3CA881CE,28016466,E007F816,00000020,0000097B
2428,51382500,0000008E,000003D5,0000FFFF,FFFE0000,002B0019,3CA7818A,28016466,E007F816,00000020,0000097C
2429,50245900,000000A6,000003D5,0000FFFF,FFFF0000,002B0019,3CAA81F9,28016466,E007F816,00000020,0000097D
2430,50799000,00000087,000003D5,00000000,FFFF0000,002B0019,3CA88185,2801757A,E007F816,00000020,0000097E
2431,51246900,00000030,000003D6,00000000,FFFF0000,002B0019,3CA901A1,2801757A,E007F816,00000020,0000097F
2432,49537700,0000FFDF,000003D5,00000001,FFFF0000,002B0019,3CA9019F,2801757A,E007F816,00000020,00000980
2433,50783000,0000FFB1,000003D5,00000001,FFFE0000,002B0019,3CA981F7,2801757A,E007F816,00000020,00000981
2434,49887500,0000FF95,000003D5,00000001,FFFE0000,002B0019,3CA80191,2801757A,E007F816,00000020,00000982
2435,50964800,0000FF86,000003D5,00000001,FFFE0000,002B0019,3CA901C5,2801757A,E007F816,00000020,00000983
2436,49620300,0000FF7F,000003D5,00000001,FFFE0000,002B0019,3CA801AF,2801757A,E007F816,00000020,00000984
2437,49919400,0000FF8D,000003D5,00000000,FFFE0000,002B0019,3CA901F4,2801757A,E007F816,00000020,00000985
2438,51585300,0000FFB4,000003D5,00000000,FFFE0000,002B0019,3CA6818E,2801757A,E007F816,00000020,00000986
2439,48959200,0000FFF0,000003D5,00000000,FFFE0000,002B0019,3CA781BB,2801757A,E007F816,00000020,00000987
2440,49777600,00020033,000403D6,0000FFFE,FFFEFFFF,002B0019,3CA7018A,2801757A,E007F816,00000020,00000988
2441,50045100,00010068,000403D7,0000FFFD,FFFFFFFE,002B0019,3CA98219,2801757A,E007F816,00000020,00000989
2442,128410600,0001008E,000603D8,0000FFFE,FFFFFFFC,002B0019,3CAA0200,2801757A,E007F816,00000020,0000098A
2443,13748700,FFFF00AA,000303DA,0000FFFE,0000FFFB,002B0019,3CA901CB,2801757A,E007F816,00000020,0000098B
2444,49573300,FFFF00BA,000203D8,0000FFFE,0001FFFB,002B0019,3CAA81FA,2801757A,E007F816,00000020,0000098C
2445,50951000,FFFB0091,FFF403D5,00000004,0000FFFC,002B0019,3CAA81FC,2BFD757A,E007F816,00000020,0000098D
2446,50904400,0001002F,FFFD03BF,00000019,FFFCFFFE,002B0019,3CAA81C6,2BFD757A,E007F816,00000020,0000098E
2447,51126800,0001FFD3,FFF70394,0000002E,FFF1FFFF,002B0019,3CA9019D,2BFD757A,E007F816,00000020,0000098F
2448,49419700,0001FFB0,FFFE038A,00000025,FFE40000,002B0019,3CA9019D,2801757A,E007F816,00000020,00000990
2449,49739200,0002FFA5,00000371,0000000D,FFDE0000,002B0019,3CA981B9,2801757A,E007F816,00000020,00000991
2450,51004800,FFFDFF95,000103AB,0000FFF6,FFDF0002,002B0019,3CA8818F,2801757A,E007F816,00000020,00000992
2451,50430700,0004FF84,000103CF,0000FFEF,FFE30002,002B0019,3CA881DF,2BFD757A,E007F816,00000020,00000993
2452,50590800,FFFDFF76,FFFF03F0,0000FFF8,FFE60003,002B0019,3CA781A4,2BFD757A,E007F816,00000020,00000994
2453,50040000,0000FF87,FFF803F8,00000005,FFE80003,002B0019,3CA781C2,2BFD757A,E007F816,00000020,00000995
2454,50940900,FFFFFF8A,FFFE0373,0000004B,FFDA0004,002B0019,3CA881DD,2BFD757A,E007F816,00000020,00000996
2455,49828600,0001FFCD,FFFB037C,00000069,FFBD0005,002B0019,3CA7819B,2801757A,E007F816,00000020,00000997
2456,50491800,00000049,FFFF030F,00000029,FFAC0005,002B0019,3CA781A0,2801757A,E007F816,00000020,00000998
2457,52077800,00010080,00000330,0000000A,FFA60005,002B0019,3CA8019A,2801757A,E007F816,00000020,00000999
2458,50983300,00000098,0000038E,0000FFFE,FFA50005,002B0019,3CA801B8,2801757A,E007F816,00000020,0000099A
2459,50071000,FFFF00A8,000003C2,0000FFF9,FFA70005,002B0019,3CAA01D2,2BFD757A,E007F816,00000020,0000099B
2460,50051000,FFFF0086,000003DC,0000FFF9,FFA90005,002B0019,3CAB0255,2BFD8654,E007F816,00000020,0000099C
2461,50598500,0000002E,000003E6,0000FFFB,FFAA0005,002B0019,3CA9019E,2BFD8654,E007F816,00000020,0000099D
2462,50076100,001AFFE6,004103FC,0001FFE7,FFAEFFFB,002B0019,3CA98191,28018654,E007F816,00000020,0000099E
2463,50173600,0024FFAE,001A0430,0009FFC5,FFBCFFEF,002B001B,3CA901B5,28018654,E007F816,00000020,0000099F
2464,50245400,0046FF4D,00600447,FFF5FFDB,FFCCFFE6,002B001A,3CA981D2,28018654,E007F816,00000020,000009A0
2465,50271800,002DFF55,FFF50460,FFF8FFF0,FFD5FFD0,002B0017,3CA901E2,2BFD8654,E007F816,00000020,000009A1
2466,49453100,FF8AFF65,FF970405,FFFB0022,FFD3FFE4,002B0015,3CA781B9,2BFD8654,E007F816,00000020,000009A2
2467,51826300,FFF5FF5D,FFD0037A,FFFE0066,FFBCFFF7,002B0014,3CA881C8,2BFD8654,E007F816,00000020,000009A3
2468,50955000,FFFAFF9C,FFC20330,00000063,FF9B0007,002B0014,3CA781BF,28018654,E007F816,00000020,000009A4
2469,49010400,FFFB000A,FFE902E1,0000002F,FF870015,002B0014,3CA7819F,24018654,E207D016,00000020,000009A5
2470,50094800,0010002E,FFFE0311,0001000D,FF800018,002B0014,3CA801C9,28018654,E007F816,00000020,000009A6
2471,50111300,FFF9FFE3,0002037C,0002FFFE,FF7F0017,002B0015,3CA781B2,28018654,E007F816,00000020,000009A7
2472,50827800,FFF4003C,000303B9,0002FFF9,FF810016,002B0015,3CA781B3,2BFD8654,E007F816,00000020,000009A8
2473,49739000,FFF60068,000203D9,0002FFF8,FF830016,002B0016,3CA801AA,2BFD8654,E007F816,00000020,000009A9
2474,51139100,FFF8008E,000203E6,0002FFF9,FF850015,002B0017,3CA88199,2BFD8654,E007F816,00000020,000009AA
2475,50981400,FFF900A3,000103E9,0002FFFB,FF860015,002B0017,3CA981D5,2BFD8654,E007F816,00000020,000009AB
2476,51384700,FFFB0086,000103E8,0002FFFC,FF880015,002B0018,3CAA01A3,2BFD8654,E007F816,00000020,000009AC
2477,51777700,FFFC002D,000103E4,0002FFFE,FF880014,002B0018,3CA9018B,2BFD8654,E007F816,00000020,000009AD
2478,51791800,FFFDFFDE,000003E0,0002FFFF,FF890014,002B0019,3CAA01F9,2BFD8654,E007F816,00000020,000009AE
2479,50337400,FFFEFFAF,000003DD,00020000,FF890014,002B0019,3CAA81CC,28018654,E007F816,00000020,000009AF
2480,49890500,FFFFFF93,000003DA,00010000,FF890014,002B001A,3CA981B4,28018654,E007F816,00000020,000009B0
2481,51821500,FFFFFF84,000003D8,00010000,FF890014,002B001A,3CA90193,28018654,E007F816,00000020,000009B1
2482,51086900,0007FF7F,001D03DD,0001FFF7,FF8A0010,002B001A,3CA901CA,28018654,E007F816,00000020,000009B2
2483,50894400,000AFF7B,001E03E8,0001FFF4,FF8D0008,002B001B,3CA80191,28018654,E007F816,00000020,000009B3
2484,49405700,0002FF74,002D03E4,0001FFFC,FF8FFFFE,002B001B,3CA781AC,28018654,E007F816,00000020,000009B4
2485,51315200,FFFAFF85,001503F7,0000FFF7,FF91FFF5,FF2B001B,3CA70192,28018654,E007F816,00000020,000009B5
2486,51501600,FFF8FFB1,001003EB,0000FFF4,FF94FFF0,FF2B001B,3CA781E5,28018654,E007F816,00000020,000009B6
2487,51114000,FFECFFE5,FFD903D8,FFFF0010,FF95FFF4,FF2B001B,3CA781B5,2BFD8654,E007F816,00000020,000009B7
2488,52171600,0000000F,FFF60389,0000004A,FF86FFF9,002B001B,3CA781A1,2BFD8654,E007F816,00000020,000009B8
2489,50309800,0004004B,FFE20360,00000058,FF6CFFFE,002B001B,3CA80193,28018654,E007F816,00000020,000009B9
2490,51519200,0005009E,FFF9031F,0000002B,FF5B0002,002B001A,3CA8018B,28019614,E007F816,00000020,000009BA
2491,50053900,000800BE,FFFF0331,0000000C,FF540003,002B001A,3CA981B1,28019614,E007F816,00000020,000009BB
2492,50804400,00020090,00000389,0000FFFF,FF530003,002B001A,3CAB01FC,28019614,E007F816,00000020,000009BC
2493,48863300,00000032,000003BD,0000FFFB,FF540003,002B001A,3CAA01D0,2BFD9614,E007F816,00000020,000009BD
2494,49084300,0000FFDD,000003D8,0000FFFB,FF560002,002B001A,3CA981A3,2BFD9614,E007F816,00000020,000009BE
2495,49647500,FFFFFFAE,000003E1,00000001,FF570002,002B001A,3CAA01D8,2BFD9614,E007F816,00000020,000009BF
2496,52438100,0000FF88,000003C3,00000015,FF530002,002B001A,3CA90190,2BFD9614,E007F816,00000020,000009C0
2497,49978400,FFFFFF7A,000003C2,0000001B,FF4B0002,002B001A,3CA88189,28019614,E007F816,00000020,000009C1
2498,50162300,0000FF81,000003A3,0000000A,FF470002,002B001A,3CA98217,28019614,E007F816,00000020,000009C2
2499,51482100,FFFFFF7C,000003AA,0000000A,FF440002,002B001A,3CA981DC,2BFD9614,E007F816,00000020,000009C3
2500,50286600,0000FF6D,000003AD,00000011,FF400002,002B001A,3CA881AC,28019614,E007F816,00000020,000009C4
2501,50196000,FFFFFF71,000003BC,0000000D,FF3B0002,002B001A,3CA901F1,28019614,E007F816,00000020,000009C5
2502,50271900,0000FF8B,000003AE,00000003,FF3A0002,002B001A,3CA781C4,28019614,E007F816,00000020,000009C6
2503,51374100,0000FFAE,000003B7,0000000A,FF380003,002B001A,3CA70190,2BFD9614,E007F816,00000020,000009C7
2504,50617500,0000FFE5,000003B7,00000011,FF340003,002B001A,3CA70199,28019614,E007F816,00000020,000009C8
2505,52110100,0000002D,000003BC,00000009,FF2F0003,002B001A,3CA7818F,28019614,E007F816,00000020,000009C9
2506,49657000,0000006A,000003B1,00000001,FF2E0003,002B001A,3CA8019B,28019614,E007F816,00000020,000009CA
2507,50606900,00000084,000003B5,0000000C,FF2C0003,002B001A,3CA901BD,2BFD9614,E007F816,00000020,000009CB
2508,49946900,0000006C,000003BB,00000012,FF270003,002B001A,3CAA01E1,28019614,E007F816,00000020,000009CC
2509,50587000,00000024,000003B6,00000008,FF240003,002B001A,3CAA01DE,28019614,E007F816,00000020,000009CD
2510,50644800,0000FFDC,000003B4,00000006,FF230003,002B001A,3CA881A7,2BFD9614,E007F816,00000020,000009CE
2511,50057300,0000FFA5,000003B2,00000010,FF1F0003,002B001B,3CA981C2,2BFD9614,E007F816,00000020,000009CF
2512,49824700,0000FF8D,000003BE,00000011,FF1A0003,002B001B,3CA901AB,28019614,E007F816,00000020,000009D0
2513,51317500,FFFFFF88,000003AF,00000006,FF170003,002B001B,3CA881E8,28019614,E007F816,00000020,000009D1
2514,50475600,0000FF7D,000003B6,00000009,FF150003,002B001B,3CA781BE,2BFD9614,E007F816,00000020,000009D2
2515,50814700,0000FF6E,000003B3,00000011,FF110003,002B001B,3CA781B7,28019614,E007F816,00000020,000009D3
2516,50304800,0000FF72,000003BD,0000000D,FF0C0003,002B001B,3CA881B3,28019614,E007F816,00000020,000009D4
2517,49898200,0000FF8C,000003AE,00000004,FF0A0003,002B001B,3CA90214,28019614,E007F816,00000020,000009D5
2518,50316300,FFFFFFAD,000003B6,0000000B,FF080003,002B001B,3CA70187,2BFD9614,E007F816,00000020,000009D6
2519,51689900,0000FFE6,000003B6,00000011,FF040003,002B001B,3CA701B0,28019614,E007F816,00000020,000009D7
2520,50418200,0000002D,000003BA,00000009,FF000003,002B001B,3CA881F3,2801A4EF,E007F816,00000020,000009D8
2521,52048700,0000006A,000003B0,00000001,FEFF0003,002B001B,3CA7818A,2801A4EF,E007F816,00000020,000009D9
2522,49238700,00000084,000003B3,0000000D,FEFC0003,002B001B,3CA88199,2BFDA4EF,E007F816,00000020,000009DA
2523,50852400,0000006A,000003BB,00000013,FEF80003,002B001B,3CA901AB,2801A4EF,E007F816,00000020,000009DB
2524,49997800,00000025,000003B4,00000007,FEF40003,002B001B,3CA90196,2801A4EF,E007F816,00000020,000009DC
2525,50651000,0000FFDB,000003B4,00000006,FEF30003,002B001B,3CA9019C,2BFDA4EF,E007F816,00000020,000009DD
2526,50215500,0000FFA5,000003B1,00000010,FEEF0003,002B001B,3CA8819F,2BFDA4EF,E007F816,00000020,000009DE
2527,50294000,FFFFFF8B,000003BD,00000011,FEEA0003,002B001B,3CA881A3,2801A4EF,E007F816,00000020,000009DF
2528,50151600,0000FF89,000003AE,00000006,FEE70003,002B001B,3CA901A8,2801A4EF,E007F816,00000020,000009E0
2529,50700900,0000FF79,000003B5,0000000A,FEE60004,002B001B,3CA881D5,2BFDA4EF,E007F816,00000020,000009E1
2530,50422000,0000FF70,000003B3,00000011,FEE10004,002B001B,3CA8819B,2801A4EF,E007F816,00000020,000009E2
2531,50038400,0000FF70,000003BC,0000000C,FEDD0004,002B001B,3CA801AB,2801A4EF,E007F816,00000020,000009E3
2532,49916400,0000FF77,000003AE,00000003,FEDB0004,002B001B,3CA8019F,2801A4EF,E007F816,00000020,000009E4
2533,50822200,0000FF83,000003B5,0000000C,FED90004,002B001B,3CA881CF,2BFDA4EF,E007F816,00000020,000009E5
2534,49645100,0000FFA7,000003B6,00000012,FED40004,002B001B,3CA801DC,2801A4EF,E007F816,00000020,000009E6
2535,51365000,0000FFE9,000003B9,00000009,FED00004,002B001B,3CA781B5,2801A4EF,E007F816,00000020,000009E7
2536,51413900,00000035,FFFF03B1,00000002,FECF0004,002B001B,3CA70186,2801A4EF,E007F816,00000020,000009E8
2537,50515900,00000060,000003B2,0000000D,FECC0004,002B001B,3CA90215,2BFDA4EF,E007F816,00000020,000009E9
2538,50287100,0000007E,000003BB,00000012,FEC80004,002B001B,3CA8818E,2801A4EF,E007F816,00000020,000009EA
2539,50057300,FFFF0076,000003B2,00000006,FEC50004,002B001B,3CA90197,2801A4EF,E007F816,00000020,000009EB
2540,52002300,00000023,000003B4,00000007,FEC30004,002B001B,3CA981A9,2BFDA4EF,E007F816,00000020,000009EC
2541,50038900,0000FFD3,000003B1,00000010,FEC00004,002B001B,3CAA01BC,2BFDA4EF,E007F816,00000020,000009ED
2542,50040700,0000FFA5,000003BD,00000010,FEBA0004,002B001B,3CA981C2,2801A4EF,E007F816,00000020,000009EE
2543,50012200,FFFFFF96,000003AD,00000005,FEB80004,002B001B,3CA981AD,2801A4EF,E007F816,00000020,000009EF
2544,51720400,0000FF82,000003B5,0000000A,FEB60004,002B001B,3CA90190,2BFDA4EF,E007F816,00000020,000009F0
2545,50344500,0000FF73,000003B2,00000012,FEB20004,002B001C,3CA8818B,2801A4EF,E007F816,00000020,000009F1
2546,50444400,0000FF72,000003BB,0000000C,FEAD0004,002B001C,3CA8818C,2801A4EF,E007F816,00000020,000009F2
2547,51719100,0000FF77,000003AE,00000003,FEAB0004,002B001C,3CAA0202,2801A4EF,E007F816,00000020,000009F3
2548,50981800,0000FF70,000003BB,00000006,FEAA0004,002B001C,3CA881A3,2801A4EF,E007F816,00000020,000009F4
2549,51821800,FFFFFF6F,000003C4,00000008,FEA80004,002B001C,3CA8029A,2801A4EF,E007F816,00000020,000009F5
2550,49445300,0000FF82,000003C7,00000003,FEA60004,002B001C,3CA801A1,2801B2E8,E007F816,00000020,000009F6
2551,50847400,0000FFB0,000003C5,00000000,FEA60004,002B001C,3CA801BA,2801B2E8,E007F816,00000020,000009F7
2552,49856600,0000FFEB,000003D0,0000FFFE,FEA60004,002B001C,3CA781BB,2801B2E8,E007F816,00000020,000009F8
2553,50829000,FFFF002C,000003D5,0000FFFE,FEA70004,002B001C,3CA801A6,2801B2E8,E007F816,00000020,000009F9
2554,49323600,0000005D,000003D7,0000FFFE,FEA70004,002B001C,3CA881B3,2801B2E8,E007F816,00000020,000009FA
2555,50651900,00000054,000003D8,0000FFFF,FEA80004,002B001C,3CAA01F4,2801B2E8,E007F816,00000020,000009FB
2556,50793500,00000010,000003D7,0000FFFF,FEA80004,002B001C,3CAA01C5,2801B2E8,E007F816,00000020,000009FC
2557,51101800,0000FFCD,000003D7,00000000,FEA80004,002B001C,3CA9018F,2801B2E8,E007F816,00000020,000009FD
2558,50361500,0000FFA2,000003D5,00000000,FEA80004,002B001C,3CAA01CC,2801B2E8,E007F816,00000020,000009FE
2559,50807600,0000FF8B,000003D5,00000000,FEA80004,002B001C,3CA981ED,2801B2E8,E007F816,00000020,000009FF
2560,51452700,FFFFFF81,000003D4,00000000,FEA80004,002B001C,3CA80194,2801B2E8,E007F816,00000020,00000A00
2561,49127000,0000FF77,000003D4,00000000,FEA80004,002B001C,3CA88199,2801B2E8,E007F816,00000020,00000A01
2562,50128200,FFFFFF74,000003D3,00000000,FEA80004,002B001C,3CA901BC,2801B2E8,E007F816,00000020,00000A02
2563,50531100,0000FF74,000003D3,00000000,FEA80004,002B001C,3CA881B4,2801B2E8,E007F816,00000020,00000A03
2564,50959400,0000FF82,000003D3,00000000,FEA80004,002B001C,3CA8019B,2801B2E8,E007F816,00000020,00000A04
2565,50855400,0000FFAE,000003D3,00000000,FEA80004,002B001C,3CA781AF,2801B2E8,E007F816,00000020,00000A05
2566,50625300,0000FFEA,000003D3,0000FFFF,FEA80004,002B001C,3CA7819E,2801B2E8,E007F816,00000020,00000A06
2567,50331500,0000002C,000003D3,0000FFFF,FEA80004,002B001C,3CA901C0,2801B2E8,E007F816,00000020,00000A07
2568,50130300,00000060,000003D3,0000FFFF,FEA80004,002B001C,3CA881B0,2801B2E8,E007F816,00000020,00000A08
2569,51422500,00000054,000003D3,0000FFFF,FEA90004,002B001C,3CA901B0,2801B2E8,E007F816,00000020,00000A09
2570,49099900,0000000F,000003D4,00000000,FEA90004,002B001C,3CAA01AF,2801B2E8,E007F816,00000020,00000A0A
2571,51097400,0000FFCA,000003D4,00000000,FEA90004,002B001C,3CA981A8,2801B2E8,E007F816,00000020,00000A0B
2572,51334600,0000FFA6,000003D4,00000001,FEA80004,002B001D,3CA90195,2801B2E8,E007F816,00000020,00000A0C
2573,50137300,0000FF8C,000003D3,00000001,FEA80004,002B001D,3CAA01E0,2801B2E8,E007F816,00000020,00000A0D
2574,51406100,0000FF80,000003D3,00000001,FEA80004,002B001D,3CA80183,2801B2E8,E007F816,00000020,00000A0E
2575,49554200,0000FF77,000003D3,00000000,FEA80004,002B001D,3CA801DF,2801B2E8,E007F816,00000020,00000A0F
2576,50951100,0000FF73,000003D3,00000000,FEA80004,002B001D,3CA78197,2801B2E8,E007F816,00000020,00000A10
2577,49475500,0000FF71,000003D3,00000000,FEA80004,002B001D,3CA781A1,2801B2E8,E007F816,00000020,00000A11
2578,50666800,0000FF75,000003D7,0000FFFB,FEA80004,002B001D,3CA78191,2801B2E8,E007F816,00000020,00000A12
2579,49970400,FFFFFF86,000003E3,0000FFF5,FEAB0004,002B001D,3CA781B2,2801B2E8,E007F816,00000020,00000A13
2580,50626300,0000FFAE,000003E2,0000FFF7,FEAE0004,002B001D,3CA7018B,2801BFD2,E007F816,00000020,00000A14
2581,49903700,0000FFE6,000003EE,0000FFFC,FEB00004,002B001D,3CA70182,2801BFD2,E007F816,00000020,00000A15
2582,50092900,0000002D,000003E8,0000FFF5,FEB10004,002B001D,3CA7818E,2801BFD2,E007F816,00000020,00000A16
2583,50110300,0000006B,000003F9,0000FFE9,FEB70004,002B001D,3CA78185,2801BFD2,E007F816,00000020,00000A17
2584,51434700,00000089,000003F1,0000FFED,FEBD0004,002B001D,3CA981D3,2BFDBFD2,E007F816,00000020,00000A18
2585,50512200,00000069,00000407,0000FFF9,FEC10004,002B001D,3CA981B3,2BFDBFD2,E007F816,00000020,00000A19
2586,49793600,0000001F,000003F6,0000FFF7,FEC20004,002B001D,3CAB01D6,2801BFD2,E007F816,00000020,00000A1A
2587,50695900,0000FFDC,000003FE,0000FFEC,FEC70004,002B001D,3CAB01EB,2801BFD2,E007F816,00000020,00000A1B
2588,50607000,0000FFAD,000003F1,0000FFEF,FECD0004,002B001D,3CAA81BD,2BFDBFD2,E007F816,00000020,00000A1C
2589,50853500,0000FF8B,00000405,0000FFFB,FED00004,002B001D,3CA9819E,2801BFD2,E007F816,00000020,00000A1D
2590,51844400,000AFF7B,000103F3,0008FFF8,FED10003,002B001E,3CA9819B,2801BFD2,E007F816,00000020,00000A1E
2591,50713300,0012FF82,000003FB,000EFFED,FED50003,002B0022,3CA8017E,2801BFD2,E007F816,00000020,00000A1F
2592,50466200,0015FF79,000003EE,0013FFEE,FEDB0003,FF2B0027,3CAB0229,2801BFD2,E007F816,00000020,00000A20
2593,50375600,001AFF6A,00000403,0016FFFB,FEDE0002,FF2B002D,3CA881D3,2801BFD2,E007F816,00000020,00000A21
2594,49439200,001FFF6C,000103F2,0019FFF9,FEDF0002,FF2B0034,3CA901BE,2801BFD2,E007F816,00000020,00000A22
2595,51450400,0026FF79,000003FA,001BFFED,FEE30001,FF2B003B,3CA70184,2801BFD2,E007F816,00000020,00000A23
2596,51063700,0021FF87,000003ED,0014FFED,FEE90001,FF2B0042,3CA7819E,2801BFD2,E007F816,00000020,00000A24
2597,48853600,001FFFA5,00000402,000FFFFA,FEEC0001,FF2B0046,3CA7017D,2801BFD2,E007F816,00000020,00000A25
2598,52014300,0021FFE8,000003F2,000AFFF9,FEED0001,FF2B004A,3CA801AF,2801BFD2,E007F816,00000020,00000A26
2599,48468100,00210014,000003F9,0006FFED,FEF20000,FF2B004C,3CA7019F,2801BFD2,E007F816,00000020,00000A27
2600,51291200,001EFFCB,000003ED,0003FFEC,FEF80000,FF2B004D,3CA7018B,2801BFD2,E007F816,00000020,00000A28
2601,50902100,001BFF80,00000402,0001FFFA,FEFB0000,FF2B004E,3CA801A9,2801BFD2,E007F816,00000020,00000A29
2602,51023400,0017FF48,000003F3,0000FFFB,FEFC0000,FF2B004E,3CA781AA,2801BFD2,E007F816,00000020,00000A2A
2603,50271700,0013FF16,000003FA,FFFFFFEF,FEFF0000,FF2A004E,3CA601E4,2801BFD2,E007F816,00000020,00000A2B
2604,51168500,000FFE9D,000003EE,FFFEFFEC,FF050001,FF2A004D,3CA601AB,2801BFD2,E0079816,00000020,00000A2C
2605,49621200,0016FE77,00000400,0005FFFA,FF080000,FF2A004E,3CA4819A,2801BFD2,E0079816,00000020,00000A2D
2606,51627100,001BFE6E,000003F3,000BFFFE,FF090000,FF2A0050,3CA381A0,2801BFD2,E0073816,00000020,00000A2E
2607,48875100,001BFE79,000003F7,0010FFF0,FF0C0000,FF290054,3CA2819F,2801BFD2,E0077016,00000020,00000A2F
2608,51785100,001EFE75,000003EE,0014FFEA,FF120000,FF29005A,3CA0817F,2801BFD2,E0077016,00000020,00000A30
2609,50336500,0022FE6C,000003F9,0017FFF8,FF16FFFF,FF290060,3CA0820A,2801BFD2,E0071816,00000020,00000A31
2610,50716100,0027FE69,000003F6,0019FFFF,FF17FFFF,FF280067,3C9F01A0,2801CBAD,E0071816,00000020,00000A32
2611,50204500,002BFE73,000003F1,001BFFF2,FF19FFFF,FF28006F,3C9E81EF,2801CBAD,E006C816,00000020,00000A33
2612,50696900,0031FE76,000003F1,001CFFEB,FF1EFFFE,FF280077,3C9C81D9,2801CBAD,E006C816,00000020,00000A34
2613,50040400,0034FE74,000003EF,001CFFF4,FF23FFFE,FF28007F,3C9B01C0,2801CBAD,E006A816,00000020,00000A35
2614,49956900,0038FE69,000003FC,001CFFFD,FF25FFFE,FF270087,3C9A017E,2801CBAD,E006A816,00000020,00000A36
2615,49804200,0031FE73,000003EC,0015FFF7,FF26FFFE,FF27008E,3C9A019D,2801CBAD,E0066016,00000020,00000A37
2616,50247500,002CFE60,000003F5,000FFFEE,FF2BFFFD,FF270093,3C980187,2801CBAD,E0066016,00000020,00000A38
2617,50542900,002BFE23,000003E8,0009FFEE,FF30FFFD,FF260096,3C968198,2801CBAD,E0066016,00000020,00000A39
2618,50606200,0029FE69,000003FB,0005FFFA,FF33FFFD,FF260098,3C9681A9,2801CBAD,E0064016,00000020,00000A3A
2619,50015300,0024FE72,000003ED,00020000,FF34FFFD,FF260099,3C9501A6,2801CBAD,E0064016,00000020,00000A3B
2620,51118100,001FFE7D,000003F0,0000FFF2,FF36FFFD,FF260099,3C930189,2801CBAD,E0060816,00000020,00000A3C
2621,50323200,0025FE65,000003ED,0006FFEC,FF3CFFFD,FF25009A,3C9201A3,2801CBAD,E0060816,00000020,00000A3D
2622,51414200,0027FDF8,000003EB,000CFFF5,FF40FFFD,FF25009D,3C91819F,2801CBAD,E0060816,00000020,00000A3E
2623,51312800,0026FE0E,000003F9,0010FFFD,FF42FFFD,FF2500A1,3C8F819F,2801CBAD,E005E816,00000020,00000A3F
2624,49867800,0026FE75,000003E7,0014FFFB,FF43FFFD,FF2400A6,3C8E81BE,2801CBAD,E005E816,00000020,00000A40
2625,50521300,0028FE84,000003F1,0016FFF0,FF46FFFD,FF2400AD,3C8E01A8,2801CBAD,E005B016,00000020,00000A41
2626,51405900,001FFE67,000003E6,0011FFEC,FF4CFFFD,FF2400B2,3C8C0191,2801CBAD,E005B016,00000020,00000A42
2627,50231400,001BFE27,000003EF,000CFFF7,FF50FFFD,FF2300B6,3C8B0192,2801CBAD,E005B016,00000020,00000A43
2628,50087400,001CFE77,000003F3,0008FFFE,FF51FFFD,FF2300B9,3C8B01E0,2801CBAD,E0059816,00000020,00000A44
2629,52708000,001AFE81,FFFF03E5,0005FFF9,FF51FFFD,FF2300BA,3C89019F,2801CBAD,E0059816,00000020,00000A45
2630,50929100,0023FE8B,000003F0,000BFFF0,FF55FFFD,FF2200BD,3C8801AC,2801CBAD,E0056816,00000020,00000A46
2631,52573800,001CFE6B,000003E4,0007FFEC,FF5BFFFD,FF2200BF,3C860185,2801CBAD,E0056816,00000020,00000A47
2632,52130800,0014FE2A,000003EF,0005FFF8,FF5EFFFD,FF2200C1,3C850188,2801CBAD,E0056816,00000020,00000A48
2633,47847400,0012FE7D,000003F1,0003FFFE,FF5FFFFD,FF2200C2,3C84018B,2801CBAD,E0054816,00000020,00000A49
2634,49030800,0010FE86,FFFF03E3,0001FFFA,FF60FFFD,FF2100C2,3C8481CC,2801CBAD,E0054816,00000020,00000A4A
2635,51462400,000EFE92,000003EF,0000FFF1,FF63FFFD,FF2100C2,3C82018B,2801CBAD,E0054816,00000020,00000A4B
2636,49785800,000BFE8C,000003E4,0000FFED,FF68FFFD,FF2100C2,3C810187,2801CBAD,E0052016,00000020,00000A4C
2637,49844800,0009FE8C,000003E8,FFFFFFF6,FF6DFFFD,FF2000C2,3C80019B,2801CBAD,E0052016,00000020,00000A4D
2638,51031800,0008FE84,000003F3,FFFFFFFE,FF6EFFFD,FF2000C2,3C7E8183,2801CBAD,E0052016,00000020,00000A4E
2639,50158000,0005FE8D,FFFF03E2,FFFFFFFF,FF6EFFFD,FF2000C2,3C7D8184,2801CBAD,E0050016,00000020,00000A4F
2640,49844400,0004FE92,000003EB,FFFFFFF4,FF71FFFE,FF2000C1,3C7D81A8,2801D659,E0050016,00000020,00000A50
2641,50861700,0003FE96,000003E7,FFFFFFEF,FF75FFFE,001F00C1,3C7C0193,2801D659,E0050016,00000020,00000A51
2642,49909800,0002FE91,000003E0,FFFFFFF2,FF7AFFFE,001F00C1,3C7A81E5,2801D659,E004D816,00000020,00000A52
2643,50215200,0001FE8A,000003F3,FFFFFFFC,FF7CFFFE,001F00C1,3C79817E,2801D659,E004D816,00000020,00000A53
2644,50785000,0001FE90,000003E7,FFFF0000,FF7DFFFE,001F00C0,3C7A01D9,2801D659,E0FCD816,00000020,00000A54
2645,50713000,FFF2FE93,FFFF03E1,FFF6FFF9,FF7DFFFE,FF1E00BE,3C778185,2801D659,E0FCC016,00000020,00000A55
2646,50470200,FFE4FE9C,FFFF03EB,FFEBFFF2,FF81FFFE,FF1E00BA,3C760181,2801D659,E0FCC016,00000020,00000A56
2647,50141700,FFDAFE96,FFFF03E1,FFDFFFEE,FF86FFFF,FF1E00B1,3C758189,2801D659,D0FCC016,00000020,00000A57
2648,49387300,FFCEFE95,FFFF03E3,FFD4FFF6,FF8AFFFF,FF1E00A6,3C7501B6,2801D659,D0FCA016,00000020,00000A58
2649,51976000,FFBDFE8E,FFFF03F1,FFC8FFFE,FF8B0000,001D0097,3C73817F,2801D659,D0FCA016,00000020,00000A59
2650,50620500,FFABFE96,FFFF03E1,FFBB0001,FF8B0000,001D0085,3C728188,2801D659,D0FCA016,00000020,00000A5A
2651,49553800,FF95FE9F,FFFF03F3,FFACFFE7,FF8F0001,001D006E,3C718183,2801D659,D0FC8016,00000020,00000A5B
2652,51916200,FF85FE9A,000003E9,FF9FFFE9,FF940001,001C0054,3C708188,2801D659,D0FC8016,00000020,00000A5C
2653,49910200,FF67FEA4,FFFF03FA,FF90FFD5,FF9E0002,001C0035,3C6F017E,2801D659,D0FC8016,00000020,00000A5D
2654,51035600,FF50FE9A,FFFF0413,FF82FFE3,FFA90003,001C0013,3C6E0183,2801D659,D0FC7816,00000020,00000A5E
2655,49975200,FF3BFE9B,FFFF0408,FF74FFDC,FFB30003,001CFFEC,3C6D0197,2801D659,D0FC7816,00000020,00000A5F
2656,52128400,FF20FE91,FFFE0408,FF68FFEF,FFBA0004,001BFFC2,3C6C0195,2801D659,D0FC7816,00000020,00000A60
2657,48013700,FF0AFE92,FFFE0406,FF5AFFF8,FFBD0005,001BFF94,3C6B81C9,2801D659,D0FC7816,00000020,00000A61
2658,51399400,FEF5FE98,FFFD03EE,FF4CFFFC,FFBE0007,001BFF62,3C6A81B3,2801D659,D0FC7016,00000020,00000A62
2659,151947800,FEDFFE9D,FFFD03E2,FF3EFFFD,FFBF0008,001BFF2C,3C690195,2801D659,D0FC4816,00000020,00000A63
2660,15983600,FEC9FE99,FFFD03DB,FF30FFFD,FFC00009,001AFEF2,3C680195,2801D659,D0FC2816,00000020,00000A64
2661,51501100,FEB3FE9B,FFFD03D9,FF23FFFD,FFC1000B,001AFEB4,3C6701AF,2801D659,D0FC1016,00000020,00000A65
2662,50643600,FE9FFE9D,000603D8,FF17FFFF,FFC2000C,001AFE72,3C6601D2,2801D659,D0FBF816,00000020,00000A66
2663,50317700,FE92FE97,000403C7,FF0D000B,FFC1000A,0019FE2E,3C6501A1,2801D659,D0F3E016,00000020,00000A67
2664,48976100,FE75FE97,FFFF03BF,FF020013,FFBC000B,0019FDE6,3C64019D,2801D659,D0F3C816,00000020,00000A68
2665,50178200,FE65FE96,FFFE03C8,FEF70016,FFB6000C,0019FD9B,3C6381D5,2801D659,D0F3B816,00000020,00000A69
2666,139149000,FE59FE9C,000503C7,FEEA0010,FFB1000D,0019FD4D,3C6281EF,2801D659,D0F3A816,00000020,00000A6A
2667,16523000,FE48FEA4,000003B3,FEDE0006,FFAE000D,0018FCFB,3C600198,2801D659,D0F39816,00000020,00000A6B
2668,47518200,FE34FEA1,FFFF03BF,FED40001,FFAE000F,0018FCA6,3C5F0188,2801D659,D0F38816,00000020,00000A6C
2669,49718600,FE24FE9B,FFFF03CB,FECB0000,FFAE0010,0018FC4F,3C5E0184,2801D659,D0F38016,00000020,00000A6D
2670,50129200,FE18FE9D,FFFF03D2,FEC4FFFF,FFAE0012,0018FBF5,3C5D0188,2801E074,D0F37816,00000020,00000A6E
2671,49992500,FE0FFEA0,FFFF03D5,FEBEFFFF,FFAF0013,0017FB99,3C5C0186,1C01E074,D0FB7816,00000020,00000A6F
2672,51723900,FE23FEA0,000003D6,FECCFFFF,FFAF0015,0017FB3F,3C5B81BD,2801E074,D0F37016,00000020,00000A70
2673,51125400,FE11FEA3,FFFF03D7,FEC10000,FFB00016,0017FAE5,3C5A81AF,1C01E074,D0F36816,00000020,00000A71
2674,50647500,FE1AFEA2,000003D6,FECD0000,FFB00017,0016FA8C,3C5A01F9,2801E074,D0F36016,00000020,00000A72
2675,50623700,FE13FE42,000003D6,FEC00001,FFB10019,0016FA32,3C5781AF,1C01E074,D0F35816,00000020,00000A73
2676,49628800,FE21FE06,000103D5,FECB0001,FFB1001A,0016F9D8,3C5601A2,2801E074,E0F35816,00000020,00000A74
2677,50846200,FE12FE35,000A03D7,FEBCFFFE,FFB1001A,0015F97D,3C54817F,1C01E074,E0F35016,00000020,00000A75
2678,50196100,FE23FE50,001503E0,FEC6FFF9,FFB30016,0015F922,3C5381A1,2801E074,E0F35016,00000020,00000A76
2679,50034400,FE0CFE60,000803E2,FEB5FFF2,FFB70013,0015F8C5,3C5281C9,1C01E074,E0F34816,00000020,00000A77
2680,49790600,FE19FE9C,000403E5,FEBFFFED,FFBC0013,0014F868,3C5181B9,2801E074,D0F34816,00000020,00000A78
2681,50900100,FE15FEF8,000603E1,FEB1FFEC,FFC20013,0014F809,3C5101D2,1C01E074,D0F34816,00000020,00000A79
2682,50184900,FE34FF02,000E03E9,FEBFFFF0,FFC70010,0014F7AC,3C4F017F,2801E074,D0F35016,00000020,00000A7A
2683,50097500,FE2BFF01,000A03E6,FEB7FFF4,FFCC000E,FF14F74E,3C4E818F,2801E074,D0F35816,00000020,00000A7B
2684,50150600,FE21FF03,000503EA,FEAEFFF9,FFCE000D,FF14F6EF,3C4E018C,2801E074,D0F36016,00000020,00000A7C
2685,49846200,FE30FF07,000303E4,FEB0FFFB,FFD0000C,FF13F68E,3C4D018F,2801E074,D0F36816,00000020,00000A7D
2686,51328200,FE46FF0D,000C03E1,FEACFFF9,FFD2000B,FF13F62D,3C4D01BF,2801E074,D0F37016,00000010,00000A7E
2687,51177500,FE4CFF10,000A03E3,FEB4FFF6,FFD50008,FF13F5CD,3C4B81A5,2801E074,D0F38016,00000020,00000A7F
2688,49952400,FE55FF13,FFFD03E2,FEB5FFF5,FFD80008,FF13F56E,3C4B0193,2801E074,D0F39016,00000020,00000A80
2689,51115100,FE61FF13,FFF803D8,FEC3FFF7,FFDB000A,FF13F512,3C4A81C7,2801E074,D0F3A016,00000020,00000A81
2690,50857000,FE7DFF14,000203D5,FECBFFFB,FFDD000C,FF12F4B8,3C4A01DF,2801E074,D0F3B816,00000020,00000A82
2691,50151800,FE8FFF1B,001203DD,FED6FFFE,FFDE0009,FF12F462,3C4A0245,2801E074,D0F3C816,00000020,00000A83
2692,51094800,FE92FF3A,000A03E0,FEE3FFFF,FFDF0005,FF12F40F,3C480221,2801E074,D0FBD816,00000020,00000A84
2693,50446900,FE98FF93,FFFD03E2,FEE9FFFC,FFDF0005,FF12F3BE,3C4781B8,2801E074,D0FBF016,00000020,00000A85
2694,48847200,FEB1FF86,FFFB03D7,FEF7FFFB,FFE10007,FF12F371,3C470180,2801E074,D0FC0816,00000020,00000A86
2695,51596300,FEC6FF98,000203D4,FF00FFFA,FFE20008,FF12F327,3C4781D0,2801E074,D0FC2816,00000020,00000A87
2696,49899600,FED6FF8B,000703D5,FF10FFFB,FFE40006,FF12F2E0,3C468186,2801E074,D0FC4816,00000020,00000A88
2697,49588800,FEDCFFB0,000403D7,FF19FFFD,FFE50005,FF12F29D,3C4681B6,2801E074,D0FC6016,00000020,00000A89
2698,50907100,FEE4FFCC,FFFB03D8,FF250002,FFE50006,FF12F25D,3C470217,2801E074,D0FC7816,00000020,00000A8A
2699,50486200,FEF30015,FFFD03D5,FF2C0002,FFE50008,FF12F220,3C460183,2801E074,D0FC7816,00000020,00000A8B
2700,50420200,FF07004B,000203D8,FF360000,FFE50008,FF12F1E5,3C468191,2801E87F,D0FC7816,00000020,00000A8C
2701,50096600,FF0F0086,000803D6,FF3F0000,FFE50006,FF12F1AD,3C47018A,2801E87F,D0FC7816,00000020,00000A8D
2702,50609100,FF15009E,000203D6,FF48FFFE,FFE50005,FF12F177,3C478190,2801E87F,D0FC7816,00000020,00000A8E
2703,49526500,FF1B00CA,FFFE03D3,FF4DFFFB,FFE60006,FF12F143,3C480197,2801E87F,D0FC7816,00000020,00000A8F
2704,51577100,FF2500D1,000003E3,FF52FFF0,FFEA0006,FF12F111,3C48818E,2801E87F,D0FC7816,00000020,00000A90
2705,50132900,FF2D00F1,000203ED,FF57FFEC,FFEF0006,FF13F0E0,3C4A01F7,2801E87F,D0FC7816,00000020,00000A91
2706,49600100,FF3400EB,000503DF,FF5DFFEA,FFF50005,FF13F0B1,3C4A018B,2801E87F,D0FC7816,00000020,00000A92
2707,49923900,FF350102,000103DD,FF61FFEC,FFFB0004,FF13F083,3C4B019E,2BFDE87F,D0FC7816,00000020,00000A93
2708,51024500,FF3A00FE,000303DC,FF64FFF1,00010004,FF13F056,3C4B819D,2BFDE87F,D0FC7816,00000020,00000A94
2709,50962600,FF370107,000003F1,FF65FFFC,00030004,FF13F029,3C4C81B4,2BFDE87F,D0FC7816,00000020,00000A95
2710,50901100,FF3D00FE,000003E7,FF660001,00030004,FF14EFFD,3C4D819A,2BFDE87F,D0FC7816,00000020,00000A96
2711,49890400,FF3E00CF,000003DC,FF670002,00030004,FF14EFD1,3C4D818A,2801E87F,D0FC7816,00000020,00000A97
2712,51145100,FF3E0059,000003D6,FF670003,00020004,FF14EFA5,3C4E0199,2801E87F,D0FC7816,00000020,00000A98
2713,49792100,FF3E0009,000003D4,FF660003,00010004,FF14EF79,3C4E819C,2801E87F,D0FC7816,00000020,00000A99
2714,50705800,FF3DFFCC,000003D2,FF650003,00000004,FF14EF4D,3C4E01C2,2801E87F,D0FC7816,00000020,00000A9A
2715,49459700,FF39FFB5,000003D2,FF630002,FFFF0004,FF14EF20,3C4E81FF,2801E87F,D0FC7816,00000020,00000A9B
2716,50383400,FF3AFF9E,000003D3,FF630002,FFFF0004,FF14EEF3,3C4D81B6,2801E87F,D0FC7816,00000020,00000A9C
2717,50643000,FF35FF9D,000003D3,FF600001,FFFF0004,FF13EEC6,3C4D0186,2801E87F,D0FC7816,00000020,00000A9D
2718,53181000,FF31FF8D,000003D4,FF5E0001,FFFE0004,FF13EE97,3C4D019B,2801E87F,D0FC7816,00000020,00000A9E
2719,50620200,FF2CFF96,000003D4,FF5A0001,FFFE0004,FF13EE68,3C4C8197,2801E87F,D0FC7816,00000020,00000A9F
2720,50443800,FF2BFFA1,000003D4,FF580000,FFFE0004,FF13EE38,3C4C81BD,2801E87F,D0FC7816,00000020,00000AA0
2721,51409400,FF29FFD8,000003D4,FF540000,FFFE0004,FF13EE08,3C4C0181,2801E87F,D0FC7816,00000020,00000AA1
2722,50853900,FF25000B,000003D4,FF520000,FFFE0004,FF13EDD6,3C4D824E,2801E87F,D0FC7816,00000020,00000AA2
2723,51083600,FF1D0056,000003D4,FF4DFFFF,FFFE0004,FF13EDA3,3C4C81D1,2801E87F,D0FC7816,00000020,00000AA3
2724,49859000,FF1C0083,000003D5,FF49FFFF,FFFF0004,FF13ED6F,3C4C81B7,2801E87F,D0FC7816,00000020,00000AA4
2725,50116000,FF1600AC,000003D5,FF45FFFF,FFFF0004,FF14ED3A,3C4D819B,2801E87F,D0FC7816,00000020,00000AA5
2726,51031800,FF130085,000003D5,FF430000,FFFF0005,FF14ED05,3C4E01BC,2801E87F,D0FC8016,00000020,00000AA6
2727,50307900,FF15003D,000003D5,FF410000,FFFF0005,FF14ECCE,3C4E01B2,2801E87F,D0FC8016,00000020,00000AA7
2728,52205700,FF0FFFE8,000003D5,FF3F0001,FFFF0005,FF14EC97,3C4E01D4,2801E87F,D0FC8016,00000020,00000AA8
2729,50358500,FF0BFFC6,000003D5,FF3B0001,FFFF0005,FF14EC5F,3C4D8190,2801E87F,D0FC8016,00000020,00000AA9
2730,50423700,FF08FFA8,000003D5,FF3B0001,FFFF0005,FF13EC27,3C4D0181,2801EF34,D0FC8016,00000020,00000AAA
2731,50233600,FF05FFBA,000003D5,FF380001,FFFE0005,FF13EBEE,3C4D019D,2801EF34,D0FC8816,00000020,00000AAB
2732,50500700,FF02FFD6,000003D5,FF380000,FFFE0005,FF13EBB4,3C4D81CC,2801EF34,D0FC8816,00000020,00000AAC
2733,49071400,FEFC0019,000003D4,FF340000,FFFE0005,FF13EB7A,3C4D0195,2801EF34,D0FC7816,00000020,00000AAD
2734,51123000,FEF90054,000003D4,FF310000,FFFE0005,FF14EB3F,3C4D01CD,2801EF34,D0FC7016,00000020,00000AAE
2735,49379600,FEF50089,000003D5,FF2EFFFF,FFFF0005,FF14EB03,3C4E01AE,2801EF34,D0FC7016,00000020,00000AAF
2736,50860000,FEF3006F,000003D5,FF2D0000,FFFF0005,FF14EAC7,3C4E019C,2801EF34,D0FC7016,00000020,00000AB0
2737,49560000,FEF4002C,000003D5,FF2C0000,FFFF0005,FF14EA8A,3C4E0183,2801EF34,D0FC7016,00000020,00000AB1
2738,50749000,FEF3FFE0,000003D5,FF2B0001,FFFF0005,FF14EA4D,3C4E0253,2801EF34,D0FC6816,00000020,00000AB2
2739,51784600,FEEEFFC0,000003D5,FF290001,FFFF0005,FF14EA10,3C4E81DC,2801EF34,D0FC6016,00000020,00000AB3
2740,50332400,FEEFFFA2,000103D5,FF290001,FFFE0005,FF14E9D2,3C4D81BA,2801EF34,D0FC6016,00000020,00000AB4
2741,50758400,FEEFFF9F,000103D4,FF280001,FFFE0005,FF13E994,3C4D81B5,2801EF34,D0FC6016,00000020,00000AB5
2742,50468300,FEEBFF8C,000103D4,FF2A0001,FFFE0005,FF13E957,3C4C8189,2801EF34,D0FC6016,00000020,00000AB6
2743,50332400,FEECFF94,000103D4,FF270001,FFFE0005,FF13E919,3C4C819C,2801EF34,D0FC5816,00000020,00000AB7
2744,50031000,FEEDFF88,000003D4,FF280001,FFFD0004,FF13E8DB,3C4C01B1,2801EF34,D0FC5816,00000020,00000AB8
2745,50907300,FEE7FF8F,000003D3,FF250001,FFFD0004,FF13E89C,3C4B8199,2801EF34,D0FC5016,00000020,00000AB9
2746,51728100,FEECFF85,000103D4,FF270001,FFFD0004,FF13E85E,3C4B0182,2801EF34,D0FC5016,00000020,00000ABA
2747,50351600,FEEDFF91,000103D4,FF250001,FFFD0004,FF13E820,3C4B0185,2801EF34,D0FC5816,00000020,00000ABB
2748,49695200,FEEEFF85,000103D5,FF280001,FFFD0004,FF13E7E1,3C4B81D9,2801EF34,D0FC5816,00000020,00000ABC
2749,50423300,FEEFFF95,000003D4,FF250000,FFFC0004,FF13E7A3,3C4A81BD,2801EF34,D0FC5016,00000020,00000ABD
2750,49781600,FEEEFF9F,000003D4,FF260000,FFFC0004,FF13E764,3C4A01BA,2801EF34,D0FC5016,00000020,00000ABE
2751,50844300,FEECFFD6,000003D4,FF240000,FFFD0004,FF13E726,3C4A81BD,2801EF34,D0FC5016,00000020,00000ABF
2752,50569000,FEF00009,000003D5,FF250000,FFFD0004,FF13E6E7,3C4A01A1,2801EF34,D0FC5816,00000020,00000AC0
2753,51656800,FEF00055,000003D5,FF25FFFF,FFFD0004,FF13E6A8,3C4A81B1,2801EF34,D0FC6016,00000020,00000AC1
2754,48614400,FEEF007D,000003D5,FF26FFFF,FFFD0004,FF13E66A,3C4B0200,2801EF34,D0FC6016,00000020,00000AC2
2755,51673300,FEED00AE,000003D5,FF24FFFF,FFFD0004,FF13E62B,3C4B01AB,2801EF34,D0FC6016,00000020,00000AC3
2756,49737200,FEEE00B9,000003D5,FF24FFFF,FFFE0004,FF13E5EC,3C4B01C6,2801EF34,D0FC6016,00000020,00000AC4
2757,51154900,FEF100A0,000003D5,FF250000,FFFE0004,FF13E5AD,3C4C01A3,2801EF34,D0FC6816,00000020,00000AC5
2758,50504800,FEF5003B,000003D5,FF280000,FFFE0004,FF13E56F,3C4D01D7,2801EF34,D0FC7016,00000020,00000AC6
2759,50287200,FEF6FFFB,000003D5,FF280001,FFFE0004,FF13E531,3C4C018C,2801EF34,D0FC7016,00000020,00000AC7
2760,50078100,FEF7FFDD,000003D5,FF2A0001,FFFD0004,FF13E4F4,3C4C018C,2801F480,D0FC6816,00000020,00000AC8
2761,52104500,FEEFFFF9,000003D5,FF290000,FFFD0004,FF13E4B6,3C4C81C4,2801F480,D0FC6816,00000020,00000AC9
2762,49673500,FEF50025,000003D4,FF2A0000,FFFD0004,FF13E479,3C4C81AE,2801F480,D0FC7016,00000020,00000ACA
2763,51105300,FEED0069,FFFE03D5,FF2AFFFF,FFFD0004,FF13E43B,3C4D01C6,2801F480,D0FC7816,00000020,00000ACB
2764,50504900,FEF60093,000003D7,FF2AFFFE,FFFE0005,FF13E3FE,3C4C8184,2801F480,D0FC7016,00000020,00000ACC
2765,50205800,FEEC00B6,000003D7,FF29FFFD,FFFF0005,FF14E3C1,3C4D019A,2801F480,D0FC7016,00000020,00000ACD
2766,49967600,FEEB008D,000003D6,FF29FFFD,00000005,FF14E383,3C4E019D,2801F480,D0FC7016,00000020,00000ACE
2767,49372400,FEF0003E,000003D6,FF29FFFE,00000005,FF14E346,3C4E81E5,2801F480,D0FC7016,00000020,00000ACF
2768,50291900,FEF3FFEB,000003D8,FF2C0000,00010005,FF14E309,3C4E821E,2801F480,D0FC7816,00000020,00000AD0
2769,50322100,FEF0FFC6,000003D8,FF2B0001,00010005,FF14E2CC,3C4E0192,2801F480,D0FC7016,00000020,00000AD1
2770,50019500,FEF3FFA6,000003D6,FF2D0001,00000005,FF14E28F,3C4E81F8,2801F480,D0FC6816,00000020,00000AD2
2771,51392400,FEEEFFA0,000003D5,FF2B0001,00000005,FF13E252,3C4D01BC,2801F480,D0FC6816,00000020,00000AD3
2772,49842200,FEF4FF90,000003D5,FF2D0001,00000005,FF13E216,3C4D018E,2801F480,D0FC6816,00000020,00000AD4
2773,51959000,FEEFFF94,000003D4,FF2D0001,00000005,FF13E1D9,3C4D01ED,2801F480,D0FC7016,00000020,00000AD5
2774,50020500,FEF2FF8B,000003D4,FF2F0001,00000005,FF13E19D,3C4C81F0,2801F480,D0FC7016,00000020,00000AD6
2775,49941000,FEF2FFAA,000003D4,FF2D0000,00000005,FF13E161,3C4C019D,2801F480,D0FC6816,00000020,00000AD7
2776,50083000,FEF1FFCC,000003D4,FF2D0000,00000005,FF13E124,3C4B8195,2801F480,D0FC6816,00000020,00000AD8
2777,50905600,FEF10013,000003D4,FF2C0000,00000005,FF13E0E7,3C4B8189,2801F480,D0FC7016,00000020,00000AD9
2778,50402600,FEF4004D,000003D4,FF2D0000,00000005,FF13E0AB,3C4C019E,2801F480,D0FC7816,00000020,00000ADA
2779,49665500,FEF5008B,000003D5,FF2EFFFF,00000005,FF13E06F,3C4C81E0,2801F480,D0FC8016,00000020,00000ADB
2780,50734500,FEF700A9,000003D5,FF30FFFF,00000005,FF13E033,3C4D01A8,2801F480,D0FC9016,00000020,00000ADC
2781,49310100,FEF900D0,000003D5,FF33FFFF,00010005,FF14DFF8,3C4D81B4,2801F480,D0FCA016,00000020,00000ADD
2782,51212400,FF0000DD,000003D5,FF36FFFF,00010005,FF14DFBE,3C4E0191,2801F480,D0FCB016,00000020,00000ADE
2783,50640400,FF0300F7,000003D5,FF3CFFFF,00010005,FF14DF85,3C4E8194,2801F480,D0FCD816,00000020,00000ADF
2784,50057500,FF0E00FC,000003D5,FF410000,00010005,FF14DF4E,3C5081F0,2801F480,D0FCF016,00000020,00000AE0
2785,50843500,FF10010D,000003D5,FF490000,00010005,FF14DF19,3C5081A9,2801F480,D0FD1016,00000020,00000AE1
2786,51827600,FF190110,000003D5,FF4F0000,00010004,0015DEE5,3C510193,2801F480,D0FD3016,00000020,00000AE2
2787,51295200,FF1E011B,000003D5,FF570000,00010004,0015DEB4,3C520194,2801F480,D0FD5816,00000020,00000AE3
2788,51224400,FF28011E,000003D5,FF600000,00020004,0015DE85,3C5381D6,2801F480,D0FD9816,00000020,00000AE4
2789,50655800,FF320125,000003D5,FF6A0000,00020004,0015DE59,3C538186,2801F480,E0FDC816,00000020,00000AE5
2790,50962600,FF370128,000003D5,FF730000,00020004,0016DE30,3C5501C0,2801F863,E0FDF816,00000020,00000AE6
2791,50363900,FF42012D,000003D5,FF7C0000,00020004,0016DE09,3C558187,2801F863,E0FE3016,00000020,00000AE7
2792,50585000,FF490131,000003D5,FF840000,00020004,0016DDE5,3C5681A7,2801F863,E0FE7016,00000020,00000AE8
2793,49696400,FF580135,000103D5,FF8E0000,00020003,0016DDC3,3C57018B,2801F863,E0FED016,00000020,00000AE9
2794,49784300,FF5D0139,000103D5,FF970000,00020003,0016DDA4,3C580186,2801F863,E0FF1816,00000020,00000AEA
2795,51462800,FF69013D,000103D5,FF9F0000,00020003,0017DD87,3C598198,2801F863,E0FF6816,00000020,00000AEB
2796,50138500,FF6E0140,000103D5,FFA70000,00020003,0017DD6D,3C5A0196,2801F863,E0FFB816,00000020,00000AEC
2797,50392500,FF770144,000103D5,FFAE0000,00020003,0017DD55,3C5B0192,2801F863,E0FFF816,00000020,00000AED
2798,50268600,FF840148,000103D5,FFB50000,00020003,0017DD3E,3C5C018C,2BFDF863,E0FFF816,00000020,00000AEE
2799,49663600,FF88014B,000003D5,FFBB0000,00020002,0018DD2A,3C5E01E0,2BFDF863,E0FFF816,00000020,00000AEF
2800,51235400,FF94014F,000003D5,FFC10000,00020002,0018DD17,3C5E81BA,2BFDF863,E0FFF816,00000020,00000AF0
2801,49900700,FF9A0153,000003D5,FFC70000,00020002,0018DD06,3C5F0185,2BFDF863,E0FFF816,00000020,00000AF1
2802,49881100,FFA10157,000003D5,FFCD0000,00020002,0019DCF7,3C6001A1,2BFDF863,E0FFF816,00000020,00000AF2
2803,49831900,FFAA015A,000003D5,FFD20000,00020002,0019DCE9,3C6181E0,2BFDF863,E0FFF816,00000020,00000AF3
2804,50362800,FFB0015E,000003D5,FFD70000,00020002,0019DCDD,3C6301C8,2BFDF863,E0FFF816,00000020,00000AF4
2805,50965400,FFC40162,000103D5,FFE40000,00020002,0019DCD4,3C6401B7,2BFDF863,E007F816,00000020,00000AF5
2806,50502900,FFD00166,000103D5,FFEE0000,00020001,001ADCCE,3C648193,2BFDF863,E007F816,00000020,00000AF6
2807,50754400,FFD20168,000103D5,FFF50000,00020001,001ADCCA,3C65818E,2BFDF863,E007F816,00000020,00000AF7
2808,49827200,FFDD016A,000003D5,FFFA0000,00020001,001ADCC7,3C6781CD,2BFDF863,E007F816,00000020,00000AF8
2809,49918900,FFE2016B,000003D5,FFFD0000,00020001,001ADCC6,3C680196,2BFDF863,E007F816,00000020,00000AF9
2810,50575700,FFE8016C,000003D5,FFFF0000,00020001,001BDCC6,3C6981D5,2BFDF863,E007F816,00000020,00000AFA
2811,51360200,FFEE016D,000003D5,00000000,00020001,001BDCC6,3C6A0195,2BFDF863,E007F816,00000020,00000AFB
2812,50811200,FFEE016E,000003D5,00010000,00020000,001BDCC6,3C6B018A,2BFDF863,E007F816,00000020,00000AFC
2813,50874900,FFF9016F,000003D5,00010000,00020000,001CDCC6,3C6C019A,2BFDF863,E007F816,00000020,00000AFD
2814,49455300,FFF70170,000003D5,00010000,00020000,001CDCC6,3C6D81A6,2BFDF863,E007F816,00000020,00000AFE
2815,50897600,FFFA0170,000003D5,00010000,00020000,001CDCC7,3C6F81E1,2BFDF863,E007F816,00000020,00000AFF
2816,51171800,FFFD0172,000003D5,00010000,00020000,001CDCC7,3C7001B8,2BFDF863,E007F816,00000020,00000B00
2817,50836900,FFFB0172,000003D5,00010000,00020000,001DDCC7,3C718228,2BFDF863,E007F816,00000020,00000B01
2818,51373100,00040173,000003D5,00010000,00020000,001DDCC8,3C71818C,2BFDF863,E007F816,00000020,00000B02
2819,51176900,FFFF0174,000003D5,00010000,00020000,001DDCC8,3C7381B2,2BFDF863,E007F816,00000020,00000B03
2820,51591900,FFF90174,000003D5,00000000,00020000,001EDCC8,3C7401C2,2BFDFAD2,E007F816,00000020,00000B04
2821,50642700,00020175,000003D5,00000000,00020000,001EDCC8,3C750192,2BFDFAD2,E007F816,00000020,00000B05
2822,50882500,00020176,000003D5,00000000,00020000,001EDCC8,3C7681A1,2BFDFAD2,E007F816,00000020,00000B06
2823,50059100,00010177,000003D5,00000000,00020000,001FDCC8,3C77018B,2BFDFAD2,E007F816,00000020,00000B07
2824,51519000,00000178,000003D5,00000000,00020000,001FDCC8,3C7A01FC,2BFDFAD2,E007F816,00000020,00000B08
2825,51671200,00020178,000003D5,00000000,00020000,001FDCC8,3C7A01AD,2BFDFAD2,E007F816,00000020,00000B09
2826,49839900,00010179,000003D5,00000000,00020000,001FDCC8,3C7B019B,2BFDFAD2,E007F816,00000020,00000B0A
2827,51160400,0000017A,000003D5,00000000,00020000,0020DCC8,3C7C018F,2BFDFAD2,E007F816,00000020,00000B0B
2828,51065300,FFFA017A,000003D5,00000000,00020000,0020DCC8,3C7E01E1,2BFDFAD2,F007F816,00000020,00000B0C
2829,49562200,0001017A,000003D5,00000000,00020000,0020DCC8,3C7E01BC,2BFDFAD2,F007F816,00000020,00000B0D
2830,51628800,0001017A,000003D5,00000000,00020000,0021DCC8,3C7F0183,2BFDFAD2,F007F816,00000020,00000B0E
2831,50307600,00000179,000003D5,00000000,00020000,0021DCC8,3C808192,2BFDFAD2,F007F816,00000020,00000B0F
2832,50320900,00020179,000003D5,00000000,00020000,0021DCC8,3C8281EB,2BFDFAD2,F007F816,00000020,00000B10
2833,48989800,00010178,000003D5,00000000,00020000,0021DCC8,3C8301CB,2BFDFAD2,F007F816,00000020,00000B11
2834,49686200,00010177,000003D5,00000000,00020000,0022DCC8,3C8501DE,2BFDFAD2,F007F816,00000020,00000B12
2835,49720600,00010177,000003D5,00000000,00020000,0022DCC8,3C850187,2BFDFAD2,F007F816,00000020,00000B13
2836,49465900,FFFA0176,000003D5,00000000,00020000,0022DCC8,3C8681B2,2BFDFAD2,F007F816,00000020,00000B14
2837,50335700,00000195,000003D5,00000000,00020000,0023DCC8,3C870195,2BFDFAD2,F007F816,00000020,00000B15
2838,51333300,00010194,000003D5,00000000,00020000,0023DCC8,3C8901B0,2BFDFAD2,E007F816,00000020,00000B16
2839,51862900,00010158,000003D5,00000000,00020000,0023DCC8,3C898188,2BFDFAD2,E007F816,00000020,00000B17
2840,49790000,00010132,000003D5,00000000,00020000,0023DCC8,3C8A8191,2BFDFAD2,E007F816,00000020,00000B18
2841,51813200,00010118,000003D5,00000000,00020000,0024DCC8,3C8C01AA,2BFDFAD2,E007F816,00000020,00000B19
2842,50838300,00010106,000003D5,00000000,00020000,0024DCC8,3C8D01B7,2BFDFAD2,E007F816,00000020,00000B1A
2843,50268900,000100FB,000003D5,00000000,00020000,0024DCC8,3C8C8183,2BFDFAD2,E007F816,00000020,00000B1B
2844,50603900,000100F3,000003D5,00000000,00020000,0024DCC8,3C8F01C2,2BFDFAD2,E007F816,00000020,00000B1C
2845,52259200,FFFE00ED,000003D5,00000000,00020000,0024DCC8,3C8F01C8,2BFDFAD2,E007F816,00000020,00000B1D
2846,49802900,FFFC00EA,000003D5,00000000,00020000,0025DCC8,3C8F81A1,2BFDFAD2,E007F816,00000020,00000B1E
2847,50801900,000200E7,000003D5,00000000,00020000,0025DCC8,3C9001A1,2BFDFAD2,E007F816,00000020,00000B1F
2848,50089000,000000E5,000003D5,00000000,00020000,0025DCC8,3C90818F,2BFDFAD2,E007F816,00000020,00000B20
2849,50350800,000100E4,000003D5,00000000,00020000,0025DCC8,3C910190,2BFDFAD2,E007F816,00000020,00000B21
2850,51697600,000100E4,000003D5,00000000,00010000,0025DCC8,3C918186,2BFDFBCB,E007F816,00000020,00000B22
2851,50341100,000100E3,000003D5,00000000,00010000,0025DCC8,3C9301DB,2BFDFBCB,E007F816,00000020,00000B23
2852,48932400,000100E4,000003D5,00000000,00010000,0026DCC8,3C93018D,2BFDFBCB,E007F816,00000020,00000B24
2853,50534800,000200E3,000003D5,00000000,00010000,0026DCC8,3C9481AE,2BFDFBCB,E007F816,00000020,00000B25
2854,50309900,000000E5,000003D5,00000000,00010000,0026DCC8,3C9581B9,2BFDFBCB,E007F816,00000020,00000B26
2855,51004500,000100E3,000003D5,00000000,00010000,0026DCC8,3C9581C5,2BFDFBCB,E007F816,00000020,00000B27
2856,50881500,000100E4,000003D5,00000000,00010000,0026DCC8,3C96018F,2BFDFBCB,E007F816,00000020,00000B28
2857,50443200,000100E4,000003D5,00000000,00010000,0027DCC8,3C96818E,2BFDFBCB,E007F816,00000020,00000B29
2858,50227300,FFFA00E4,000003D5,00000000,00010000,0027DCC8,3C9881C1,2BFDFBCB,E007F816,00000020,00000B2A
2859,51402000,000000E4,000003D5,00000000,00010000,0027DCC8,3C988199,2BFDFBCB,E007F816,00000020,00000B2B
2860,50071000,000200E4,000003D5,00000000,00010000,0027DCC8,3C9981BA,2BFDFBCB,E007F816,00000020,00000B2C
2861,51257500,000000E4,000003D5,00000000,00010000,0027DCC8,3C99818E,2BFDFBCB,E007F816,00000020,00000B2D
2862,50876100,000100E5,000003D5,00000000,00010000,0027DCC8,3C9B01AC,2BFDFBCB,E007F816,00000020,00000B2E
2863,49758800,000200E4,000003D5,00000000,00010000,0028DCC8,3C9B019A,2BFDFBCB,E007F816,00000020,00000B2F
2864,51777700,000000E4,000003D5,00000000,00010000,0028DCC8,3C9B01A1,2BFDFBCB,E007F816,00000020,00000B30
2865,50117100,000100E5,000003D5,00000000,00010000,0028DCC8,3C9C018D,2BFDFBCB,E007F816,00000020,00000B31
2866,49482600,000200E4,000003D5,00000000,00010000,0028DCC8,3C9D018A,2BFDFBCB,E007F816,00000020,00000B32
2867,50263600,000000E5,000003D5,00000000,00010000,0028DCC8,3C9E01C9,2BFDFBCB,E007F816,00000020,00000B33
2868,50339900,000200E4,000003D5,00000000,00010000,0029DCC8,3C9E0199,2BFDFBCB,E007F816,00000020,00000B34
2869,51222200,000000E4,000003D5,00000000,00010000,0029DCC8,3C9F0194,2BFDFBCB,E007F816,00000020,00000B35
2870,50945200,FFFE00E5,000003D5,00000000,00010000,0029DCC8,3CA081B4,2BFDFBCB,E007F816,00000020,00000B36
2871,50484400,FFFD00E4,000003D5,00000000,00010000,0029DCC8,3CA0818F,2BFDFBCB,E007F816,00000020,00000B37
2872,50218900,000000E5,000003D5,00000000,00010000,0029DCC8,3CA10187,2BFDFBCB,E007F816,00000020,00000B38
2873,49901700,000200E5,000003D5,00000000,00010000,0029DCC8,3CA201B2,2BFDFBCB,E007F816,00000020,00000B39
2874,51704300,000000E4,000003D5,00000000,00010000,002ADCC8,3CA281AA,2BFDFBCB,E007F816,00000020,00000B3A
2875,50413900,000200E5,000003D5,00000000,00010000,002ADCC8,3CA30186,2BFDFBCB,E007F816,00000020,00000B3B
2876,49892000,000100E4,000003D5,00000000,00010000,002ADCC8,3CA40193,2BFDFBCB,E007F816,00000020,00000B3C
2877,51099800,000000E5,000003D5,00000000,00010000,002ADCC8,3CA48198,2BFDFBCB,E007F816,00000020,00000B3D
2878,50545400,000200E4,000003D5,00000000,00010000,002ADCC8,3CA50191,2BFDFBCB,E007F816,00000020,00000B3E
2879,52342400,000000E5,000003D5,00000000,00010000,002ADCC8,3CA60197,2BFDFBCB,E007F816,00000020,00000B3F
2880,50852700,000200E5,000003D5,00000000,00010000,002BDCC8,3CA681AA,2BFDFB4A,E007F816,00000020,00000B40
2881,50482100,000000E4,000003D5,00000000,00010000,002BDCC8,3CA701AE,2BFDFB4A,E007F816,00000020,00000B41
2882,50004700,000200E6,000003D5,00000000,00020000,002BDCC8,3CA7818E,2BFDFB4A,E007F816,00000020,00000B42
2883,50374700,FFF900DF,000003D5,00000000,00020000,002BDCC8,3CA8818B,2BFDFB4A,E007F816,00000020,00000B43
2884,51432400,FFFF00AD,000003D5,00000000,00010000,002BDCC8,3CAA01DF,2BFDFB4A,E007F816,00000020,00000B44
2885,49982500,00010046,000003D5,00000001,00010000,002BDCC8,3CA98191,2BFDFB4A,E007F816,00000020,00000B45
2886,49394700,0000FFEE,000003D5,00000001,00010000,002BDCC8,3CA9018A,2801FB4A,E007F816,00000020,00000B46
2887,50602500,0000FFB7,000003D5,00000001,00010000,002BDCC8,3CA9018E,2801FB4A,E007F816,00000020,00000B47
2888,51082100,FFFFFF9A,000003D5,00000001,00000000,002BDCC8,3CA88188,2801FB4A,E007F816,00000020,00000B48
2889,51840800,0004FF87,000003D5,00000001,00000000,002BDCC8,3CA88197,2801FB4A,E007F816,00000020,00000B49
2890,49765000,0005FF7F,000003D5,00000001,00000000,002BDCC8,3CA8018B,2801FB4A,E007F816,00000020,00000B4A
2891,51130000,FFFFFF78,000003D5,00000001,00000000,002BDCC8,3CA801A2,2801FB4A,E007F816,00000020,00000B4B
2892,49422400,0001FF77,000003D5,00000000,00000000,002BDCC8,3CA701A0,2801FB4A,E007F816,00000020,00000B4C
2893,51295600,0000FF87,000003D5,00000000,00000000,002BDCC8,3CA781B0,2801FB4A,E007F816,00000020,00000B4D
2894,49750000,FFFFFFB0,000003D5,00000000,00000000,002BDCC8,3CA6819D,2801FB4A,E007F816,00000020,00000B4E
2895,50234700,0001FFEE,000003D5,00000000,00000000,002BDCC8,3CA781CF,2801FB4A,E007F816,00000020,00000B4F
2896,52278300,00070030,000003D5,0008FFFF,00000000,002BDCCA,3CA701A3,2801FB4A,E007F816,00000020,00000B50
2897,48443400,00120065,000003D5,000EFFFF,00000000,002BDCCD,3CA68183,2801FB4A,E007F816,00000020,00000B51
2898,50488700,0015008E,000003D5,0013FFFF,00000000,FF2BDCD2,3CA7818C,2801FB4A,E007F816,00000020,00000B52
2899,50549200,000F00AA,000003D5,000FFFFF,00010000,FF2BDCD6,3CA901E5,2801FB4A,E007F816,00000020,00000B53
2900,50923600,000C00B8,000003D5,000BFFFF,00010000,FF2BDCDA,3CAA01C8,2801FB4A,E007F816,00000020,00000B54
2901,51495500,00110094,000003D5,00080000,00010000,FF2BDCDD,3CA981AD,2801FB4A,E007F816,00000020,00000B55
2902,49978500,00100037,000003D5,00060000,00010000,FF2BDCDF,3CAA01B3,2801FB4A,E007F816,00000020,00000B56
2903,49514400,0014FFE4,000003D5,00040001,00010000,FF2BDCE0,3CA90192,2801FB4A,E007F816,00000020,00000B57
2904,52946300,000FFFB2,000003D5,00020001,00000000,FF2BDCE1,3CA90196,2801FB4A,E007F816,00000020,00000B58
2905,49502900,0011FF98,000003D5,00010001,00000000,FF2BDCE1,3CA88199,2801FB4A,E007F816,00000020,00000B59
2906,51508000,000AFF86,000003D5,00000001,00000000,FF2BDCE1,3CA8018C,2801FB4A,E007F816,00000020,00000B5A
2907,50597700,0018FF7D,000003D5,00070001,00000000,FF2BDCE2,3CA901CE,2801FB4A,E007F816,00000020,00000B5B
2908,50347500,0019FF7A,000003D5,000D0000,00000000,FF2BDCE5,3CA781C7,2801FB4A,E007F816,00000020,00000B5C
2909,50358500,001AFF89,000003D5,00110000,00000000,FF2BDCEA,3CA701E5,2801FB4A,E007F816,00000020,00000B5D
2910,50003900,0023FFB3,000003D5,00150000,0000FFFF,FF2BDCEF,3CA781B4,2801F952,E007F816,00000020,00000B5E
2911,51721600,0025FFEE,000003D5,00180000,0000FFFF,FF2BDCF6,3CA801D1,2801F952,E007F816,00000020,00000B5F
2912,50312300,00240031,000003D5,001AFFFF,0000FFFF,FF2BDCFD,3CA68196,2801F952,E007F816,00000020,00000B60
2913,51048700,00200067,000003D5,0013FFFF,0000FFFF,FF2BDD03,3CA701AE,2801F952,E007F816,00000020,00000B61
2914,49871400,0020008D,000003D5,000EFFFF,0000FFFF,FF2BDD08,3CA801F9,2801F952,E007F816,00000020,00000B62
2915,50728400,002100A9,000003D5,000AFFFF,0001FFFF,FF2BDD0B,3CA881A5,2801F952,E007F816,00000020,00000B63
2916,50439800,001F00BA,000003D5,0006FFFF,0001FFFF,FF2BDD0D,3CA90230,2801F952,E007F816,00000020,00000B64
2917,50835100,001E0092,000003D5,00030000,0001FFFF,FF2BDD0E,3CAA01BC,2801F952,E007F816,00000020,00000B65
2918,50284900,001C0036,000003D5,00010000,0001FFFF,FF2BDD0F,3CA9018E,2801F952,E007F816,00000020,00000B66
2919,50360900,0016FFE7,000003D5,FFFF0001,00010000,FF2BDD0F,3CAA01B3,2801F952,E007F816,00000020,00000B67
2920,51025800,0016FFB1,000003D5,FFFE0001,00000000,FF2BDD0F,3CA981AF,2801F952,E007F816,00000020,00000B68
2921,51138100,000EFF97,000003D5,FFFE0001,00000000,FF2BDD0E,3CA901A8,2801F952,E007F816,00000020,00000B69
2922,50244700,000BFF86,000003D5,FFFE0001,00000000,FF2BDD0D,3CA88198,2801F952,E007F816,00000020,00000B6A
2923,51497400,000BFF7D,000003D5,FFFD0001,00000000,FF2BDD0D,3CA801A0,2801F952,E007F816,00000020,00000B6B
2924,49570300,0005FF7A,000003D5,FFFE0000,00000000,FF2BDD0C,3CA801A7,2801F952,E007F816,00000020,00000B6C
2925,51408400,0004FF89,000003D5,FFFE0000,00000000,FF2BDD0B,3CA781BB,2801F952,E007F816,00000020,00000B6D
2926,50828300,0002FFB1,000003D5,FFFE0000,00000000,002BDD0B,3CA781A5,2801F952,E007F816,00000020,00000B6E
2927,51720400,0000FFEF,000003D5,FFFE0000,00000000,002BDD0A,3CA7019C,2801F952,E007F816,00000020,00000B6F
2928,50309000,00000030,000003D5,FFFFFFFF,00000000,002BDD0A,3CA68184,2801F952,E007F816,00000020,00000B70
2929,51536200,00060067,000003D5,FFFFFFFF,00000000,002BDD09,3CA901FA,2801F952,E007F816,00000020,00000B71
2930,50382900,FFFF008E,000003D5,FFFFFFFF,00000000,002BDD09,3CA78193,2801F952,E007F816,00000020,00000B72
2931,51062600,FFFE00A4,000003D5,FFFFFFFF,00010000,002BDD09,3CA901B6,2801F952,E007F816,00000020,00000B73
2932,52130000,FFFE0089,000003D5,00000000,00010000,002BDD09,3CA8818C,2801F952,E007F816,00000020,00000B74
2933,50176200,0002002F,000003D5,00000000,00010000,002BDD09,3CA8818F,2801F952,E007F816,00000020,00000B75
2934,49325700,FFFAFFDF,000003D5,00000001,00010000,002BDD09,3CA881C7,2801F952,E007F816,00000020,00000B76
2935,51187600,FFFDFFB2,000003D5,00000001,00000000,002BDD09,3CA8818F,2801F952,E007F816,00000020,00000B77
2936,49383800,0002FF96,000003D5,00000001,00000000,002BDD09,3CA80189,2801F952,E007F816,00000020,00000B78
2937,50389600,0000FF84,000003D5,00000001,00000000,002BDD09,3CA781AB,2801F952,E007F816,00000020,00000B79
2938,50844900,0000FF7E,000003D5,00000001,00000000,002BDD09,3CA801A4,2801F952,E007F816,00000020,00000B7A
2939,51386300,FFFBFF5B,000003D5,00000001,00000000,002BDD09,3CA90249,2801F952,E007F816,00000020,00000B7B
2940,51575900,000BFF0C,000003D5,00070001,FFFF0000,002ADD0A,3CA781E1,2801F5E0,E007F816,00000020,00000B7C
2941,50017900,0012FF00,000003D5,000D0001,FFFF0000,002ADD0D,3CA681C3,2801F5E0,E007F816,00000020,00000B7D
2942,49923500,000CFF02,000003D5,000B0001,FFFF0000,FF2ADD10,3CA501A6,2801F5E0,E007F816,00000020,00000B7E
2943,51955200,0008FEFF,000003D5,00080000,FFFF0000,FF2ADD13,3CA481A9,2801F5E0,E007F816,00000020,00000B7F
2944,50492800,0006FEFD,000003D5,00060000,FFFF0000,FF2ADD15,3CA381AF,2801F5E0,E007F816,00000020,00000B80
2945,50825100,000CFF03,000003D5,00040000,FFFF0000,FF29DD17,3CA20189,2801F5E0,E007F816,00000020,00000B81
2946,51500000,000DFF00,000003D5,00030000,FFFF0000,FF29DD18,3CA10183,2801F5E0,E007F816,00000020,00000B82
2947,50328800,000AFF00,000003D5,00020000,FFFF0000,FF29DD18,3CA10192,2801F5E0,E007F816,00000020,00000B83
2948,49336300,000CFF02,000003D5,00010000,FFFF0000,FF29DD19,3CA00193,2801F5E0,E007F816,00000020,00000B84
2949,50261700,0008FF02,000003D5,00000000,FFFF0000,FF29DD19,3C9F0197,2801F5E0,E007F816,00000020,00000B85
2950,51026900,0007FF05,000003D5,00000000,FFFF0000,FF28DD19,3C9F81C0,2801F5E0,E007F816,00000020,00000B86
2951,50155900,0006FF03,000003D5,FFFF0000,FFFF0000,FF28DD19,3C9D8191,2801F5E0,E007F016,00000020,00000B87
2952,50266600,0007FF07,000003D5,FFFF0000,FFFF0000,FF28DD18,3C9D81A3,2801F5E0,E007F016,00000020,00000B88
2953,50323100,0005FF03,000003D5,FFFF0000,FFFF0000,FF28DD18,3C9D01CE,2801F5E0,E007F816,00000020,00000B89
2954,50523000,0002FF08,000003D5,FFFF0000,FFFF0000,FF28DD18,3C9B01A2,2801F5E0,E007C816,00000020,00000B8A
2955,53578100,0004FF06,000003D5,FFFF0000,FFFF0000,0027DD18,3C9B01A7,2801F5E0,E007C816,00000020,00000B8B
2956,50496200,0000FF08,000003D5,FFFF0000,FFFF0000,0027DD18,3C9981C8,2801F5E0,E007A016,00000020,00000B8C
2957,51163200,FFFCFF08,000003D5,FFFF0000,FFFF0000,0027DD17,3C9981EE,2801F5E0,E007A016,00000020,00000B8D
2958,50308600,0006FF0A,000003D5,FFFF0000,FFFF0000,0027DD17,3C98019F,2801F5E0,E0077816,00000020,00000B8E
2959,49680300,0000FF0A,000003D5,00000000,FFFF0000,0027DD17,3C9781ED,2801F5E0,E0077816,00000020,00000B8F
2960,50234200,FFFEFF0B,000003D5,00000000,FFFF0000,0026DD17,3C96818B,2801F5E0,E0FF7816,00000020,00000B90
2961,50742000,FFF6FF0C,000003D5,FFF80000,FFFF0000,FF26DD16,3C9601AE,2801F5E0,E0FF6016,00000020,00000B91
2962,51386200,FFEAFF0B,000003D5,FFEF0000,FFFF0000,FF26DD12,3C9581B3,2801F5E0,E0FF6016,00000020,00000B92
2963,50398800,FFE3FF0D,000003D5,FFE70000,FFFF0000,0026DD0B,3C9581B8,2801F5E0,E0FF6016,00000020,00000B93
2964,50461800,FFD8FF0B,FFFF03D5,FFDF0000,FFFF0000,0026DD03,3C9501BD,2801F5E0,E0FF6016,00000020,00000B94
2965,51296900,FFCEFF0F,FFFF03D5,FFD70000,FFFF0001,0025DCF8,3C9381A6,2801F5E0,E0FF6016,00000020,00000B95
2966,50309500,FFC2FF0E,FFFF03D5,FFCF0000,FFFF0001,0025DCEB,3C94820A,2801F5E0,E0FF6016,00000020,00000B96
2967,51251400,FFB2FF0F,FFFF03D5,FFC70000,FFFF0001,0025DCDB,3C9201A8,2801F5E0,E0FF6016,00000020,00000B97
2968,49416100,FFA3FF10,FFFF03D5,FFC00000,FFFF0001,0025DCCA,3C91018B,2801F5E0,E0FF1816,00000020,00000B98
2969,50302200,FF93FF10,FFFF03D5,FFB90000,FFFF0001,0025DCB6,3C9081C9,2801F5E0,E0FED016,00000020,00000B99
2970,50753100,FF85FEF3,FFFF03D5,FFB20000,FFFF0002,0024DCA0,3C8F0186,2801F100,E0FE8816,00000020,00000B9A
2971,48724000,FF76FE91,FFFF03D5,FFAB0001,FFFF0002,0024DC89,3C8E01A8,2801F100,E0FE5016,00000020,00000B9B
2972,50112600,FF65FE7F,FFFF03D5,FFA50001,FFFE0002,0024DC6F,3C8D8196,2801F100,E0FE1816,00000020,00000B9C
2973,50555100,FF59FE83,FFFF03D5,FF9E0001,FFFE0002,0024DC54,3C8C018B,2801F100,E0FDE816,00000020,00000B9D
2974,50699300,FF46FE82,FFFF03D5,FF980000,FFFE0003,0023DC37,3C8A8186,2801F100,E0FDB816,00000020,00000B9E
2975,48164500,FF36FE81,FFFF03D5,FF910000,FFFE0003,0023DC18,3C8A81C0,2801F100,E0FD9016,00000020,00000B9F
2976,51619100,FF2AFE85,FFFF03D5,FF8B0000,FFFE0003,0023DBF7,3C888193,2801F100,E0FD6816,00000020,00000BA0
2977,51254800,FF1AFE66,FFFF03D5,FF840000,FFFE0004,0022DBD4,3C8801B7,2801F100,E0FD4816,00000020,00000BA1
2978,50077000,FF0BFE04,FFFF03D5,FF7E0001,FFFE0004,0022DBAF,3C8581BA,2801F100,E0FD2816,00000020,00000BA2
2979,50527800,FF03FDF3,FFFF03D5,FF770001,FFFE0004,0022DB89,3C84018C,2801F100,E0FD0816,00000020,00000BA3
2980,51404300,FEEBFDF5,FFFF03D4,FF710001,FFFD0004,0021DB60,3C840257,2801F100,E0FCE816,00000020,00000BA4
2981,51888400,FEE2FDF5,FFFF03D4,FF6A0000,FFFD0005,0021DB36,3C8101CB,2801F100,E0FCD016,00000020,00000BA5
2982,50558800,FED5FDF8,FFFF03D4,FF640000,FFFD0005,0020DB0A,3C7F819C,2801F100,E0FCB816,00000020,00000BA6
2983,50008800,FEC5FDF7,FFFF03D4,FF5E0000,FFFD0005,0020DADC,3C7D8185,2801F100,E0FCA816,00000020,00000BA7
2984,49774600,FEBBFDF6,FFFF03D4,FF580000,FFFD0005,001FDAAD,3C7D01E3,2801F100,E0FC9016,00000020,00000BA8
2985,51978400,FEB1FDFA,FFFF03D4,FF520000,FFFD0006,001FDA7B,3C7A8193,2801F100,E0FC8016,00000020,00000BA9
2986,50588000,FEA4FDFB,FFFF03D4,FF4C0000,FFFD0006,001FDA48,3C790192,2801F100,E0FC7016,00000020,00000BAA
2987,51168100,FE9BFDFA,FFFF03D4,FF460000,FFFD0006,001EDA14,3C7801CB,2801F100,E0FC6016,00000020,00000BAB
2988,51535500,FE90FDFC,FFFF03D4,FF410000,FFFD0006,001ED9DE,3C76019C,2801F100,E0FC5016,00000020,00000BAC
2989,50763500,FE87FE00,FFFF03D4,FF3C0000,FFFD0006,001DD9A6,3C7401A3,2801F100,D0FC4816,00000020,00000BAD
2990,49267200,FE81FE2A,FFFF03D4,FF370000,FFFD0007,001DD96D,3C7281A6,2801F100,D0FC4016,00000020,00000BAE
2991,50455000,FE71FE8D,FFFF03D4,FF320000,FFFD0007,001DD932,3C718192,2801F100,D0FC3816,00000020,00000BAF
2992,51715000,FE71FE93,000003D4,FF2D0000,FFFD0007,001CD8F7,3C700188,2801F100,D0FC3016,00000020,00000BB0
2993,49987800,FE6BFE93,000003D4,FF290000,FFFE0007,001CD8B9,3C6F819F,2801F100,D0FC2816,00000020,00000BB1
2994,50182800,FE68FE97,000003D4,FF260000,FFFE0007,001CD87B,3C6F01CC,2801F100,D0FC2816,00000020,00000BB2
2995,49628700,FE66FE95,000003D4,FF230000,FFFE0007,001CD83D,3C6D81B9,2801F100,D0FC2816,00000020,00000BB3
2996,50151100,FE65FE97,000003D4,FF210000,FFFE0007,001BD7FD,3C6C81B7,2801F100,D0FC2816,00000020,00000BB4
2997,50655900,FE62FE9A,000003D4,FF200000,FFFE0007,001BD7BD,3C6A8191,2801F100,D0FC2816,00000020,00000BB5
2998,50343500,FE63FE99,000003D4,FF1F0000,FFFE0007,001BD77C,3C6981A9,2801F100,D0FC2816,00000020,00000BB6
2999,52194800,FE65FE9B,000003D4,FF1E0000,FFFE0007,001AD73C,3C68819F,2801F100,D0FC2816,00000020,00000BB7
3000,48450100,FE64FE9B,000003D4,FF1F0000,FFFE0007,001AD6FB,3C67019B,2801EABC,D0FC3016,00000020,00000BB8
3001,50211100,FE69FE9D,000003D4,FF1F0000,FFFE0007,001AD6BB,3C6701E0,2801EABC,D0FC3016,00000020,00000BB9
3002,51049600,FE6BFE9E,000003D4,FF200000,FFFE0007,001AD67B,3C6501AB,2801EABC,D0FC3816,00000020,00000BBA
3003,50911400,FE72FE9E,000003D4,FF220000,FFFE0007,0019D63B,3C6401FE,2801EABC,D0FC4816,00000020,00000BBB
3004,51040200,FE75FEA2,000003D4,FF250000,FFFE0007,0019D5FC,3C628186,2801EABC,D0FC5016,00000020,00000BBC
3005,50401900,FE7AFED2,000003D4,FF270000,FFFE0007,0019D5BD,3C62821D,2801EABC,D0FC5816,00000020,00000BBD
3006,50769500,FE82FF30,000003D4,FF2A0000,FFFE0007,0019D580,3C6181DA,2801EABC,D0FC6816,00000020,00000BBE
3007,50949000,FE8AFF37,000003D4,FF2E0000,FFFE0007,0018D543,3C61019B,2801EABC,D0FC7816,00000020,00000BBF
3008,51667100,FE98FF35,000103D5,FF330000,FFFF0007,0018D508,3C61820B,2801EABC,D0FC9016,00000020,00000BC0
3009,50112700,FEA4FF39,000103D5,FF390000,FFFF0007,0018D4CF,3C5F819E,2801EABC,D0FCA016,00000020,00000BC1
3010,50272500,FEABFF3B,000103D5,FF3F0000,FFFF0007,0018D497,3C5F01AB,2801EABC,D0FCB816,00000020,00000BC2
3011,49898600,FEBAFF3B,000103D5,FF450000,FFFF0006,0018D460,3C5F01DC,2801EABC,D0FCD016,00000020,00000BC3
3012,50316900,FEC7FF3B,000103D5,FF4C0000,FFFF0006,0018D42C,3C5E01A3,2801EABC,D0FCF016,00000020,00000BC4
3013,51042500,FED1FF69,000103D5,FF530000,FFFF0006,0018D3FA,3C5D01A6,2801EABC,D0FD1016,00000020,00000BC5
3014,51441200,FEDBFFB3,000103D4,FF5A0000,FFFF0006,0018D3CA,3C5E02D2,2801EABC,D0FD3016,00000020,00000BC6
3015,51678000,FEEDFFB1,000103D5,FF620000,FFFF0005,0017D39B,3C5D01CE,2801EABC,D0FD5816,00000020,00000BC7
3016,50857100,FEF9FFB5,000103D5,FF690000,FFFF0005,0017D36F,3C5D01C3,2801EABC,D0FD8816,00000020,00000BC8
3017,51314300,FF09FFB5,000103D5,FF710000,FFFF0005,0017D346,3C5C01C1,2801EABC,D0FDB016,00000020,00000BC9
3018,50064300,FF13FFC5,000103D5,FF790000,FFFF0005,0017D31E,3C5C81B5,2801EABC,D0FDE016,00000020,00000BCA
3019,50436100,FF25FFE2,000103D5,FF810000,00000005,0017D2F9,3C5C0194,2801EABC,D0FE1016,00000020,00000BCB
3020,50370300,FF2F000C,000103D5,FF890000,00000004,0017D2D6,3C5C019E,2801EABC,D0FE5016,00000020,00000BCC
3021,50330500,FF390031,000103D5,FF900000,00000004,0017D2B5,3C5C01A2,2801EABC,D0FE9016,00000020,00000BCD
3022,51217700,FF4C0048,000103D5,FF970000,00000004,0017D296,3C5C0190,2801EABC,D0FEC816,00000020,00000BCE
3023,50516700,FF52005D,000103D5,FF9E0000,00000004,0017D27A,3C5C81BF,2801EABC,D0FF0816,00000020,00000BCF
3024,50620500,FF61006C,000103D5,FFA50000,00000003,0018D25F,3C5D81E8,2801EABC,D0FF5816,00000020,00000BD0
3025,51091500,FF690077,000103D5,FFAB0000,00000003,0018D246,3C5D81B8,2801EABC,D0FF6016,00000020,00000BD1
3026,49829400,FF74007D,000103D5,FFB10000,00010003,0018D22E,3C5F023E,2801EABC,D0FF6016,00000020,00000BD2
3027,51782000,FF7D0084,000103D5,FFB60000,00010003,0018D219,3C5E01B4,2801EABC,D0FF6016,00000020,00000BD3
3028,50856400,FF820088,000103D5,FFBB0000,00010003,0018D205,3C5E81A2,2801EABC,D0FF6016,00000020,00000BD4
3029,50403900,FF8E008A,000103D5,FFC00000,00010002,0018D1F2,3C5E8189,2801EABC,D0FF6016,00000020,00000BD5
3030,49918000,FF8E0091,000003D5,FFC40000,00010002,0018D1E0,3C5F81C7,2801E313,D0FF6016,00000020,00000BD6
3031,52283400,FF9A008F,000003D5,FFC70000,00010002,0018D1CF,3C60019C,2801E313,D0FF6016,00000020,00000BD7
3032,50743300,FFA20092,000003D5,FFCA0000,00010002,0018D1C0,3C6081B1,2801E313,D0FF6016,00000020,00000BD8
3033,51406000,FFA00095,000003D5,FFCC0000,00010002,0019D1B0,3C618211,2801E313,D0FF6016,00000020,00000BD9
3034,50079600,FFA70094,000003D5,FFCE0000,00010002,0019D1A2,3C608186,2801E313,D0FF6016,00000020,00000BDA
3035,49034500,FFAA0097,000003D5,FFCF0000,00010002,0019D194,3C6201B6,2801E313,D0FF6016,00000020,00000BDB
3036,51626500,FFAD0095,000003D5,FFD00000,00010002,0019D186,3C618188,2801E313,D0FF6016,00000020,00000BDC
3037,50870500,FFAA009A,000003D5,FFD00000,00010002,0019D178,3C6281A5,2801E313,D0FF6016,00000020,00000BDD
3038,51184300,FFB30097,000003D5,FFD00000,00010002,0019D16B,3C62819D,2801E313,D0FF6016,00000020,00000BDE
3039,50344000,FFAE009B,000003D5,FFD00000,00010002,0019D15D,3C638199,2801E313,D0FF6016,00000020,00000BDF
3040,49276300,FFB0009B,000003D5,FFD00000,00010002,0019D14F,3C6501FE,2801E313,D0FF6016,00000020,00000BE0
3041,49882300,FFAF009B,000003D5,FFCF0000,00010002,0019D141,3C658223,2801E313,D0FF6016,00000020,00000BE1
3042,50934000,FFB0009D,000003D5,FFCD0000,00010002,001AD133,3C648188,2801E313,D0FF6016,00000020,00000BE2
3043,50480400,FFA9009C,000003D5,FFCC0000,00010002,001AD124,3C6601D0,2801E313,D0FF6016,00000020,00000BE3
3044,49740500,FFAE009C,000003D5,FFCA0000,00010002,001AD115,3C658191,2801E313,D0FF6016,00000020,00000BE4
3045,51041900,FFA7009E,000003D5,FFC80000,00010002,001AD105,3C678229,2801E313,D0FF6016,00000020,00000BE5
3046,50502000,FFA400A2,000003D5,FFC70000,00010002,001AD0F5,3C6781E1,2801E313,D0FF6016,00000020,00000BE6
3047,51219100,FFA4009D,000003D5,FFC50000,00010002,001AD0E4,3C670193,2801E313,D0FF6016,00000020,00000BE7
3048,50477900,FF9F00A1,000003D5,FFC20000,00010002,001AD0D2,3C6881CF,2801E313,D0FF6016,00000020,00000BE8
3049,50108500,FF9C00A2,000003D5,FFC00000,00010002,001AD0C0,3C6881A6,2801E313,D0FF6016,00000020,00000BE9
3050,50616800,FF9800A2,000003D5,FFBE0000,00010002,001BD0AE,3C6901C2,2801E313,D0FF6016,00000020,00000BEA
3051,50414600,FF9500A0,000003D5,FFBB0000,00010002,001BD09A,3C690195,2801E313,D0FF6016,00000020,00000BEB
3052,50176100,FF8C00A5,000003D5,FFB90000,00010002,001BD086,3C6A81F0,2801E313,D0FF6016,00000020,00000BEC
3053,50314100,FF8E00A4,000003D5,FFB60000,00010002,001BD071,3C6A0189,2801E313,D0FF6016,00000020,00000BED
3054,50941100,FF8600A3,000003D5,FFB30000,00010002,001BD05B,3C6A0188,2801E313,D0FF5016,00000020,00000BEE
3055,50841500,FF8300A6,000003D5,FFB10000,00010002,001BD045,3C6B81BF,2801E313,D0FF3016,00000020,00000BEF
3056,49955800,FF7D00A7,000003D5,FFAE0000,00010002,001BD02E,3C6B81CB,2801E313,D0FF1816,00000020,00000BF0
3057,51272100,FF7A00A4,000003D5,FFAC0000,00010002,001BD016,3C6C81D1,2801E313,D0FEF816,00000020,00000BF1
3058,50073100,FF7500A9,000003D5,FFA90000,00010002,001CCFFD,3C6C8187,2801E313,D0FEE016,00000020,00000BF2
3059,49918400,FF6C00A8,000003D5,FFA70000,00010002,001CCFE4,3C6D0191,2801E313,D0FEC816,00000020,00000BF3
3060,50108100,FF6C00AB,000003D5,FFA40000,00010003,001CCFCA,3C6F8244,2801DA1F,D0FEB016,00000020,00000BF4
3061,51873200,FF6500A8,000003D5,FFA20000,00010003,001CCFAF,3C6F01E5,2801DA1F,D0FE9816,00000020,00000BF5
3062,50098400,FF5F00AC,000003D5,FF9F0000,00010003,001CCF94,3C6E818E,2801DA1F,D0FE8816,00000020,00000BF6
3063,51101300,FF5C00AA,000003D5,FF9D0000,00010003,001CCF78,3C6F019A,2801DA1F,D0FE7016,00000020,00000BF7
3064,49711000,FF5700A8,000003D5,FF9B0000,00010003,001CCF5B,3C6F8193,2801DA1F,D0FE5816,00000020,00000BF8
3065,50254500,FF500080,000003D5,FF990000,00010003,001CCF3D,3C6F8188,2801DA1F,D0FE4816,00000020,00000BF9
3066,51283500,FF500031,000003D5,FF970001,00010003,001CCF1F,3C7081C8,2801DA1F,D0FE3816,00000020,00000BFA
3067,51522500,FF45FFFA,000003D5,FF960001,00010003,001CCF01,3C7081BB,2801DA1F,D0FE2816,00000020,00000BFB
3068,49604500,FF42FFD2,000003D5,FF940001,00000003,001CCEE2,3C7081C4,2801DA1F,D0FE1816,00000020,00000BFC
3069,49649600,FF3FFFC0,000003D5,FF920001,00000003,001CCEC3,3C7101F8,2801DA1F,D0FE0816,00000020,00000BFD
3070,51337700,FF38FFB3,000003D5,FF900001,00000003,001CCEA3,3C6F0192,2801DA1F,D0FDF016,00000020,00000BFE
3071,50319200,FF39FF8D,000003D5,FF8E0001,00000004,001CCE83,3C6F81A0,2801DA1F,D0FDE016,00000020,00000BFF
3072,50082600,FF34FF3C,000003D5,FF8C0001,00000004,001CCE62,3C6E819C,2801DA1F,D0FDD816,00000020,00000C00
3073,49762000,FF2FFF34,000003D5,FF8A0001,FFFF0004,001CCE40,3C6D81A6,2801DA1F,D0FDC816,00000020,00000C01
3074,49537500,FF2AFF30,000003D5,FF880001,FFFF0004,001CCE1E,3C6D819F,2801DA1F,D0FDB816,00000020,00000C02
3075,51610300,FF2AFF33,000003D5,FF860000,FFFF0004,001CCDFB,3C6C81BF,2801DA1F,D0FDA816,00000020,00000C03
3076,50686300,FF21FF2E,000003D5,FF840000,FFFF0004,001BCDD8,3C6C81AB,2801DA1F,D0FDA016,00000020,00000C04
3077,50536800,FF24FF35,000003D5,FF820000,FFFF0004,001BCDB4,3C6B0181,2801DA1F,D0FD9816,00000020,00000C05
3078,51040300,FF1DFF30,000003D5,FF800000,FFFF0004,001BCD90,3C6B01A3,2801DA1F,D0FD9016,00000020,00000C06
3079,50368000,FF1BFF32,000003D5,FF7E0000,FFFF0004,001BCD6A,3C6A019B,2801DA1F,D0FD8816,00000020,00000C07
3080,51049800,FF1AFF35,000003D5,FF7C0000,FFFF0004,001BCD45,3C6981A9,2801DA1F,D0FD8016,00000020,00000C08
3081,51106700,FF16FF32,000003D5,FF7B0000,FFFF0004,001BCD1F,3C6901B0,2801DA1F,D0FD7816,00000020,00000C09
3082,50712100,FF17FF33,000003D5,FF790000,FFFF0004,001ACCF8,3C6801B8,2801DA1F,D0FD7016,00000020,00000C0A
3083,49197000,FF13FF33,000003D5,FF780000,FFFF0004,001ACCD1,3C6801C4,2801DA1F,D0FD7016,00000020,00000C0B
3084,51283300,FF10FF36,000003D5,FF770000,FFFF0004,001ACCAA,3C6781CE,2801DA1F,D0FD7016,00000020,00000C0C
3085,51418100,FF18FF37,000003D5,FF760000,FFFF0004,001ACC83,3C66018A,2801DA1F,D0FD7016,00000020,00000C0D
3086,49324900,FF0FFF33,000003D5,FF760000,FFFF0004,001ACC5B,3C6681CC,2801DA1F,D0FD6816,00000020,00000C0E
3087,51110100,FF0FFF63,000003D5,FF750000,FFFF0004,001ACC33,3C65018E,2801DA1F,D0FD6816,00000020,00000C0F
3088,49344400,FF10FFAC,000003D5,FF750000,FFFF0004,001ACC0C,3C648188,2801DA1F,D0FD7016,00000020,00000C10
3089,49792200,FF11FFAB,000003D5,FF750000,FFFF0004,0019CBE4,3C660239,2801DA1F,D0FD7816,00000020,00000C11
3090,50781200,FF15FFAC,000003D5,FF750000,FFFF0004,0019CBBC,3C6481A2,2801CFED,D0FD7816,00000020,00000C12
3091,51768000,FF14FFAD,000003D5,FF750000,FFFF0004,0019CB94,3C6401E4,2801CFED,D0FD8016,00000020,00000C13
3092,51269400,FF15FFAC,000003D5,FF760000,FFFF0004,0019CB6C,3C638199,2801CFED,D0FD8816,00000020,00000C14
3093,51454200,FF18FFAF,000003D5,FF770000,FFFF0004,0019CB45,3C6381B2,2801CFED,D0FD9016,00000020,00000C15
3094,49915500,FF1AFFAF,000003D5,FF780000,00000004,0019CB1E,3C6301C8,2801CFED,D0FD9816,00000020,00000C16
3095,50179400,FF1BFFAF,000003D5,FF790000,00000004,0019CAF7,3C630195,2801CFED,D0FDA016,00000020,00000C17
3096,49721100,FF1FFFAF,000003D5,FF7B0000,00000004,0019CAD1,3C6301A6,2801CFED,D0FDA816,00000020,00000C18
3097,51146900,FF20FFB0,000003D5,FF7D0000,00000004,0019CAAB,3C6301B8,2801CFED,D0FDB016,00000020,00000C19
3098,50605200,FF26FFAF,000003D5,FF7E0000,00000004,0019CA86,3C6281C7,2801CFED,D0FDB816,00000020,00000C1A
3099,50165400,FF25FFB1,000003D5,FF800000,00000004,0019CA61,3C62018E,2801CFED,D0FDC816,00000020,00000C1B
3100,51014500,FF2AFFBF,000003D5,FF810000,00000004,0019CA3C,3C62019C,2801CFED,D0FDD016,00000020,00000C1C
3101,49982200,FF2AFFDC,000003D5,FF830000,00000004,0019CA18,3C618194,2801CFED,D0FDE016,00000020,00000C1D
3102,52467900,FF2E000C,000003D5,FF840000,00000004,0019C9F5,3C6201BC,2801CFED,D0FDE816,00000020,00000C1E
3103,51313300,FF340028,000003D5,FF860000,00000004,0019C9D1,3C6201A0,2801CFED,D0FDF816,00000020,00000C1F
3104,49710200,FF34004C,000003D5,FF870000,00000004,0019C9AF,3C620188,2801CFED,D0FE0816,00000020,00000C20
3105,50676700,FF3C005C,000003D5,FF890000,00000004,0019C98C,3C6301D6,2801CFED,D0FE1016,00000020,00000C21
3106,50199700,FF3E006F,000003D5,FF8B0000,00000004,0019C96B,3C6281A1,2801CFED,D0FE2016,00000020,00000C22
3107,53990600,FF42007B,000003D5,FF8C0000,00000004,0019C949,3C630196,2801CFED,D0FE3016,00000020,00000C23
3108,48581200,FF420082,000003D5,FF8E0000,00010004,0019C929,3C6381C3,2801CFED,D0FE4016,00000020,00000C24
3109,50631600,FF44008B,000003D5,FF900000,00010004,0019C908,3C64019C,2801CFED,D0FE5016,00000020,00000C25
3110,50556800,FF49008E,000003D5,FF920000,00010003,0019C8E9,3C6481A2,2801CFED,D0FE5816,00000020,00000C26
3111,51273800,FF4A0093,000003D5,FF940000,00010003,001AC8C9,3C6481B8,2801CFED,D0FE6816,00000020,00000C27
3112,49951400,FF4B0097,000003D5,FF950000,00010003,001AC8AB,3C6501FA,2801CFED,D0FE7816,00000020,00000C28
3113,51581500,FF4F0098,000003D5,FF970000,00010003,001AC88C,3C6681E5,2801CFED,D0FE8016,00000020,00000C29
3114,50338800,FF51009C,000003D5,FF980000,00010003,001AC86E,3C6681AF,2801CFED,D0FE8816,00000020,00000C2A
3115,51139800,FF4E0096,000003D5,FF9A0000,00010003,001AC851,3C6681AC,2801CFED,D0FE9016,00000020,00000C2B
3116,49792300,FF5400A4,000003D5,FF9B0000,00010003,001AC834,3C6701A7,2801CFED,D0FE9016,00000020,00000C2C
3117,51225000,FF53009C,000003D5,FF9B0000,00010003,001AC817,3C6801DB,2801CFED,D0FE9816,00000020,00000C2D
3118,51908800,FF55009E,000003D5,FF9C0000,00010003,001AC7FA,3C680192,2801CFED,D0FEA016,00000020,00000C2E
3119,48699700,FF5700A3,000003D5,FF9D0000,00010003,001BC7DE,3C69821A,2801CFED,D0FEA016,00000020,00000C2F
3120,50046400,FF5300A1,000003D5,FF9D0000,00010003,001BC7C1,3C6881A4,2801C478,D0FEA016,00000020,00000C30
3121,51603700,FF5A00A0,000003D5,FF9E0000,00010003,001BC7A5,3C698198,2801C478,D0FEA016,00000020,00000C31
3122,50894900,FF5400A8,000003D5,FF9E0000,00010003,001BC789,3C698191,2801C478,D0FEA016,00000020,00000C32
3123,51652900,FF58009E,000003D5,FF9E0000,00010003,001BC76D,3C6B8240,2801C478,D0FEA016,00000020,00000C33
3124,50048600,FF5400A9,000003D5,FF9E0000,00010003,001BC751,3C6B81EE,2801C478,D0FE9816,00000020,00000C34
3125,51547200,FF5800A3,000003D5,FF9E0000,00010003,001BC735,3C6C01CD,2801C478,D0FE9816,00000020,00000C35
3126,50988300,FF5600A8,000003D5,FF9E0000,00010003,001BC719,3C6C0195,2801C478,D0FE9016,00000020,00000C36
3127,48543100,FF5400A4,000003D5,FF9D0000,00010003,001CC6FC,3C6C81A2,2801C478,D0FE8816,00000020,00000C37
3128,50980600,FF5400A7,000003D5,FF9D0000,00010003,001CC6E0,3C6D01B9,2801C478,D0FE8816,00000020,00000C38
3129,50311400,FF4D00AB,000003D5,FF9C0000,00010003,001CC6C4,3C6D819B,2801C478,D0FE8016,00000020,00000C39
3130,49059400,FF5300AC,000003D5,FF9B0000,00010003,001CC6A7,3C6E81BB,2801C478,D0FE7816,00000020,00000C3A
3131,50663800,FF4F00A6,000003D5,FF9B0000,00010003,001CC68A,3C6E819C,2801C478,D0FE7016,00000020,00000C3B
3132,50283100,FF4E00AE,000003D5,FF9A0000,00010003,001CC66D,3C6F01D2,2801C478,D0FE6816,00000020,00000C3C
3133,50494400,FF4A00A5,000003D5,FF990000,00010003,001CC64F,3C6F0188,2801C478,D0FE6016,00000020,00000C3D
3134,50897800,FF49007E,000003D5,FF990000,00010003,001CC632,3C7001A9,2801C478,D0FE5816,00000020,00000C3E
3135,51290600,FF450034,000003D5,FF990001,00010003,001CC614,3C7081BA,2801C478,D0FE5016,00000020,00000C3F
3136,50767500,FF44FFFC,000003D5,FF980001,00010003,001CC5F7,3C7001BB,2801C478,D0FE4016,00000020,00000C40
3137,50018500,FF43FFD1,000003D5,FF980001,00000003,001CC5D9,3C6F8187,2801C478,D0FE3816,00000020,00000C41
3138,49788900,FF3FFFC3,000003D5,FF970001,00000003,001CC5BB,3C6F81B0,2801C478,D0FE3016,00000020,00000C42
3139,51104000,FF3DFFB2,000003D5,FF950001,00000003,001CC59C,3C6F0190,2801C478,D0FE2016,00000020,00000C43
3140,50201800,FF3EFFB1,000003D5,FF940001,00000003,001CC57E,3C6F01C3,2801C478,D0FE1016,00000020,00000C44
3141,52094200,FF3AFFA8,000003D5,FF930000,00000004,001CC55E,3C6E8191,2801C478,D0FE0816,00000020,00000C45
3142,51418000,FF37FFA7,000003D5,FF910000,00000004,001CC53F,3C6E8196,2801C478,D0FE0016,00000020,00000C46
3143,49467200,FF34FFA7,000003D5,FF900000,00000004,001CC51F,3C6E81E5,2801C478,D0FDF016,00000020,00000C47
3144,50150000,FF36FFA7,000003D5,FF8E0000,00000004,001CC4FE,3C6E0190,2801C478,D0FDE816,00000020,00000C48
3145,50883400,FF2FFFA5,000003D5,FF8D0000,00000004,001CC4DD,3C6E81D6,2801C478,D0FDE016,00000020,00000C49
3146,50487400,FF2FFFA6,000003D5,FF8B0000,00000004,001CC4BC,3C6E01B8,2801C478,D0FDD816,00000020,00000C4A
3147,50181600,FF2FFF86,000003D5,FF8A0000,FFFF0004,001CC49A,3C6D01B1,2801C478,D0FDD016,00000020,00000C4B
3148,50838300,FF2BFF37,000003D5,FF890001,FFFF0004,001BC478,3C6C81AD,2801C478,D0FDC816,00000020,00000C4C
3149,50568500,FF27FF5D,000003D5,FF870000,FFFF0004,001BC456,3C6B819F,2801C478,D0FDC016,00000020,00000C4D
3150,51190900,FF27FFA7,000003D5,FF860000,FFFF0004,001BC433,3C6B81A3,2801B7ED,D0FDC016,00000020,00000C4E
3151,50346200,FF27FF85,000003D5,FF850000,FFFF0004,001BC410,3C6B01CD,2801B7ED,D0FDB816,00000020,00000C4F
3152,50545500,FF25FF63,000003D5,FF840000,FFFF0004,001BC3ED,3C6A8188,2801B7ED,D0FDB816,00000020,00000C50
3153,51097200,FF22FFA9,000003D5,FF830000,FFFF0004,001BC3C9,3C6B01CB,2801B7ED,D0FDB016,00000020,00000C51
3154,50902700,FF23FFA7,000003D5,FF820000,FFFF0004,001BC3A5,3C6A81D2,2801B7ED,D0FDB016,00000020,00000C52
3155,50838200,FF20FFA8,000003D5,FF810000,FFFF0004,001BC381,3C6A0193,2801B7ED,D0FDB016,00000020,00000C53
3156,50413500,FF21FFA9,000003D5,FF810000,FFFF0004,001BC35C,3C6981CF,2801B7ED,D0FDB016,00000020,00000C54
3157,49934900,FF1FFFA9,000003D5,FF810000,FFFF0004,001BC338,3C6A01D2,2801B7ED,D0FDA816,00000020,00000C55
3158,51727700,FF20FFA8,000003D5,FF800000,00000004,001BC313,3C6901A0,2801B7ED,D0FDA816,00000020,00000C56
3159,50259400,FF21FFAA,000003D5,FF800000,00000004,001BC2EF,3C68818C,2801B7ED,D0FDB016,00000020,00000C57
3160,51355100,FF1EFFAA,000003D5,FF800000,00000004,001AC2CA,3C6A0221,2801B7ED,D0FDB016,00000020,00000C58
3161,50151700,FF21FFAA,000003D5,FF800000,00000004,001AC2A6,3C680185,2801B7ED,D0FDB016,00000020,00000C59
3162,49918100,FF1FFFAB,000003D5,FF800000,00000004,001AC281,3C67818D,2801B7ED,D0FDB016,00000020,00000C5A
3163,51779600,FF22FFAA,000003D5,FF810000,00000004,001AC25C,3C678200,2801B7ED,D0FDB816,00000020,00000C5B
3164,50535400,FF23FFAC,000003D5,FF810000,00000004,001AC238,3C6801B8,2801B7ED,D0FDB816,00000020,00000C5C
3165,52357900,FF1FFFAA,000003D5,FF810000,00000004,001AC214,3C6801D5,2801B7ED,D0FDB816,00000020,00000C5D
3166,51348000,FF24FFAB,000003D5,FF820000,00000004,001AC1EF,3C66818F,2801B7ED,D0FDC016,00000020,00000C5E
3167,49933100,FF24FFAB,000003D5,FF820000,00000004,001AC1CB,3C6681DB,2801B7ED,D0FDC816,00000020,00000C5F
3168,50679200,FF24FFAA,000003D5,FF830000,00000004,001AC1A7,3C6681F5,2801B7ED,D0FDC816,00000020,00000C60
3169,50535700,FF2EFFAE,000003D5,FF830000,00000004,001AC184,3C6681C1,2801B7ED,D0FDC816,00000020,00000C61
3170,50512700,FF24FFAC,000003D5,FF840000,00000004,001AC160,3C658191,2801B7ED,D0FDD016,00000020,00000C62
3171,50745700,FF2BFFAC,000003D5,FF850000,00000004,001AC13D,3C6601AB,2801B7ED,D0FDD816,00000020,00000C63
3172,50877400,FF2EFFAD,000003D5,FF860000,00000004,001AC11A,3C650184,2801B7ED,D0FDE016,00000020,00000C64
3173,50344500,FF2CFFAF,000003D5,FF870000,00000004,001AC0F7,3C6581C1,2801B7ED,D0FDE016,00000020,00000C65
3174,51316300,FF2EFFBE,000003D5,FF870000,00000004,001AC0D4,3C65019B,2801B7ED,D0FDE816,00000020,00000C66
3175,50081900,FF32FFDA,000003D5,FF880000,00000004,001AC0B2,3C6481CA,2801B7ED,D0FDF016,00000020,00000C67
3176,50453100,FF330005,000003D5,FF890000,00000004,001AC08F,3C648190,2801B7ED,D0FDF816,00000020,00000C68
3177,51201100,FF37002D,000003D5,FF890000,00000004,001AC06D,3C6501EF,2801B7ED,D0FE0016,00000020,00000C69
3178,50430300,FF370048,000003D5,FF8A0000,00000004,001AC04B,3C65018C,2801B7ED,D0FE0816,00000020,00000C6A
3179,50130000,FF390060,000003D5,FF8B0000,00000004,001AC02A,3C65019D,2801B7ED,D0FE1816,00000020,00000C6B
3180,50049900,FF3E0072,000003D5,FF8C0000,00000004,001AC009,3C6601BA,2801AA4E,D0FE2016,00000020,00000C6C
3181,50985900,FF3F007E,000003D5,FF8D0000,00000004,001ABFE8,3C66018C,2801AA4E,D0FE2816,00000020,00000C6D
3182,50690900,FF410085,000003D5,FF8E0000,00010004,001ABFC7,3C660185,2801AA4E,D0FE3816,00000020,00000C6E
3183,51988900,FF40008E,000003D5,FF900000,00010004,001ABFA7,3C67020C,2801AA4E,D0FE4016,00000020,00000C6F
3184,49832300,FF420092,000003D5,FF910000,00010004,001ABF87,3C6781C7,2801AA4E,D0FE4816,00000020,00000C70
3185,51076100,FF440097,000003D5,FF920000,00010003,001ABF67,3C6801B9,2801AA4E,D0FE5016,00000020,00000C71
3186,51152100,FF44009B,000003D5,FF930000,00010003,001ABF48,3C680198,2801AA4E,D0FE5816,00000020,00000C72
3187,49572300,FF47009C,000003D5,FF940000,00010003,001BBF29,3C6881A4,2801AA4E,D0FE6016,00000020,00000C73
3188,51532500,FF48009E,000003D5,FF950000,00010003,001BBF0A,3C6A01C9,2801AA4E,D0FE6016,00000020,00000C74
3189,49713800,FF4800A1,000003D5,FF960000,00010003,001BBEEB,3C69819D,2801AA4E,D0FE6816,00000020,00000C75
3190,49794300,FF4800A1,000003D5,FF970000,00010003,001BBECD,3C6A81C9,2801AA4E,D0FE6816,00000020,00000C76
3191,50648500,FF4A00A2,000003D5,FF970000,00010003,001BBEAF,3C6B01F7,2801AA4E,D0FE7016,00000020,00000C77
3192,51165300,FF4600A5,000003D5,FF980000,00010003,001BBE91,3C6A8186,2801AA4E,D0FE7016,00000020,00000C78
3193,49486500,FF4D00A4,000003D5,FF980000,00010003,001BBE73,3C6B01A7,2801AA4E,D0FE7016,00000020,00000C79
3194,50819400,FF4B00A8,000003D5,FF980000,00010003,001BBE56,3C6B818D,2801AA4E,D0FE7016,00000020,00000C7A
3195,49777100,FF4700A6,000003D5,FF990000,00010003,001CBE38,3C6C8193,2801AA4E,D0FE7016,00000020,00000C7B
3196,52927300,FF4B00A9,000003D5,FF990000,00010003,001CBE1A,3C6D81B4,2801AA4E,D0FE7016,00000020,00000C7C
3197,50007400,FF4800A7,000003D5,FF990000,00010003,001CBDFD,3C6D8199,2801AA4E,D0FE6816,00000020,00000C7D
3198,52078100,FF4A00AA,000003D5,FF980000,00010003,001CBDDF,3C6E81AF,2801AA4E,D0FE6816,00000020,00000C7E
3199,50627000,FF4800A6,000003D5,FF980000,00010003,001CBDC2,3C6F81F2,2801AA4E,D0FE6016,00000020,00000C7F
3200,50809300,FF46007D,000003D5,FF980000,00010003,001CBDA4,3C6F01DB,2801AA4E,D0FE5816,00000020,00000C80
3201,50019900,FF450035,000003D5,FF990001,00010003,001CBD86,3C6F018F,2801AA4E,D0FE5016,00000020,00000C81
3202,50842000,FF41FFF8,000003D5,FF990001,00010003,001CBD69,3C6F81A8,2801AA4E,D0FE5016,00000020,00000C82
3203,50134300,FF41FFD4,000003D5,FF980001,00000003,001CBD4B,3C6F81B4,2801AA4E,D0FE4016,00000020,00000C83
3204,51005200,FF45FFC0,000003D5,FF980001,00000003,001CBD2D,3C6F01B2,2801AA4E,D0FE3816,00000020,00000C84
3205,51105300,FF3CFFB5,000003D5,FF970001,00000003,001CBD0F,3C6E81B0,2801AA4E,D0FE3016,00000020,00000C85
3206,48851900,FF41FFAF,000003D5,FF960001,00000003,001CBCF1,3C6E81B8,2801AA4E,D0FE2816,00000020,00000C86
3207,50175600,FF3AFFA9,000003D5,FF950000,00000004,001CBCD2,3C6E01B0,2801AA4E,D0FE1816,00000020,00000C87
3208,50327500,FF3FFFAA,000003D5,FF940000,00000004,001CBCB3,3C6D8183,2801AA4E,D0FE1016,00000020,00000C88
3209,51435600,FF39FFA6,000003D5,FF920000,00000004,001CBC94,3C6D01AA,2801AA4E,D0FE0816,00000020,00000C89
3210,50995500,FF38FFA8,000003D5,FF910000,00000004,001CBC74,3C6D81AB,28019BBA,D0FE0016,00000020,00000C8A
3211,50887400,FF38FFA8,000003D5,FF900000,00000004,001CBC54,3C6C8186,28019BBA,D0FDF816,00000020,00000C8B
3212,50906400,FF33FFA5,000003D5,FF8E0000,00000004,001CBC34,3C6D01BA,28019BBA,D0FDF016,00000020,00000C8C
3213,49689600,FF34FFA7,000003D5,FF8D0000,00000004,001BBC13,3C6D01C9,28019BBA,D0FDF016,00000020,00000C8D
3214,50931200,FF32FFA8,000003D5,FF8C0000,00000004,001BBBF2,3C6C020E,28019BBA,D0FDE816,00000020,00000C8E
3215,50412700,FF31FFA6,000003D5,FF8B0000,00000004,001BBBD1,3C6B818F,28019BBA,D0FDE816,00000020,00000C8F
3216,50596100,FF31FFA8,000003D5,FF8B0000,00000004,001BBBB0,3C6C01DD,28019BBA,D0FDE816,00000020,00000C90
3217,51955800,FF32FFA7,000003D5,FF8B0000,00000004,001BBB8E,3C6B0191,28019BBA,D0FDE816,00000020,00000C91
3218,50186000,FF2EFFA8,000003D5,FF8B0000,00000004,001BBB6C,3C6B81B1,28019BBA,D0FDF016,00000020,00000C92
3219,49817500,FF30FFA9,000003D5,FF8B0000,00000004,001BBB4B,3C6A8196,28019BBA,D0FDF016,00000020,00000C93
3220,50590300,FF30FFA7,000003D5,FF8C0000,00000004,001BBB29,3C6A018F,28019BBA,D0FE0016,00000020,00000C94
3221,50454200,FF34FFAB,000003D5,FF8D0000,00000004,001BBB08,3C6A0196,28019BBA,D0FE1016,00000020,00000C95
3222,50723500,FF32FFA8,000003D5,FF8F0000,00000004,001BBAE8,3C6A81D4,28019BBA,D0FE1816,00000020,00000C96
3223,50166900,FF37FFA8,000003D5,FF900000,00000004,001BBAC8,3C69819B,28019BBA,D0FE2816,00000020,00000C97
3224,51694900,FF39FFAE,000003D5,FF930000,00000004,001BBAA8,3C6A0200,28019BBA,D0FE4816,00000020,00000C98
3225,50524500,FF3DFFB9,000003D5,FF950000,00000004,001BBA89,3C6901A8,28019BBA,D0FE6016,00000020,00000C99
3226,50511600,FF40FFDA,000003D5,FF980000,00000004,001BBA6B,3C6A01DD,28019BBA,D0FE7816,00000020,00000C9A
3227,50922300,FF460002,000003D5,FF9C0000,00000004,001BBA4E,3C69018F,28019BBA,D0FEA816,00000020,00000C9B
3228,50401500,FF4B002D,000003D5,FF9F0000,00000003,001BBA32,3C690199,28019BBA,D0FEC816,00000020,00000C9C
3229,50228200,FF54004B,000003D5,FFA2FFFF,00000003,001BBA17,3C698202,28019BBA,D0FEF016,00000020,00000C9D
3230,49896900,FF530063,000003D5,FFA6FFFF,00000003,001BB9FD,3C69819A,28019BBA,D0FF2016,00000020,00000C9E
3231,49780600,FF610076,000003D5,FFAA0000,00000003,001BB9E4,3C6A01A0,28019BBA,D0FF6016,00000020,00000C9F
3232,51375200,FF630081,000003D5,FFAF0000,00000003,001BB9CC,3C6B01BE,28019BBA,D0FFA016,00000020,00000CA0
3233,51265000,FF6F008C,000003D5,FFB30000,00010003,001BB9B5,3C6A819B,28019BBA,D0FFE016,00000020,00000CA1
3234,50080600,FF730094,000003D5,FFB80000,00010003,001B4640,3C6C01D9,28019BBA,D0FFF816,00000020,00000CA2
3235,50310000,FF760099,000003D5,FFBD0000,00010003,001B462D,3C6B8191,28019BBA,D0FFF816,00000020,00000CA3
3236,50965900,FF83009C,000003D5,FFC20000,00010003,001B461A,3C6C01A7,28019BBA,D0FFF816,00000020,00000CA4
3237,49895000,FF8A00A2,000003D5,FFC60000,00010002,001C4609,3C6C819F,28019BBA,D0FFF816,00000020,00000CA5
3238,49809600,FF8A00A4,000003D5,FFCB0000,00010002,001C45F9,3C6D01AA,28019BBA,D0FFF816,00000020,00000CA6
3239,49923800,FF9B00A5,000003D5,FFCF0000,00010002,001C45EB,3C6D81A0,28019BBA,D0FFF816,00000020,00000CA7
3240,50126800,FF9B00A9,000003D5,FFD30000,00010002,001C45DE,3C6E01A6,28018C55,D0FFF816,00000020,00000CA8
3241,50775200,FFA400A7,000003D5,FFD80000,00010002,001C45D1,3C6F01A9,28018C55,D0FFF816,00000020,00000CA9
3242,50780800,FFAC00AB,000003D5,FFDC0000,00010002,001C45C7,3C7001C6,28018C55,D007F816,00000020,00000CAA
3243,50144400,FFBF00AB,000103D5,FFE80000,00010002,001C45BF,3C6F8191,28018C55,D007F816,00000020,00000CAB
3244,48926400,FFC800AE,000103D5,FFF10000,00010001,001D45B9,3C7081A3,28018C55,D007F816,00000020,00000CAC
3245,51085700,FFD300AD,000103D5,FFF70000,00010001,001D45B6,3C7181F6,28018C55,D007F816,00000020,00000CAD
3246,50263400,FFD500AD,000103D5,FFFC0000,00010001,001D45B4,3C7101C5,28018C55,D007F816,00000020,00000CAE
3247,49952300,FFE000B1,000003D5,FFFE0000,00010001,001D45B4,3C7281D9,28018C55,D007F816,00000020,00000CAF
3248,50033600,FFE600B1,000003D5,00000000,00010001,001D45B4,3C7301D7,28018C55,D007F816,00000020,00000CB0
3249,49791300,FFEC00B0,000003D5,00010000,00010001,001D45B4,3C7381BF,28018C55,D007F816,00000020,00000CB1
3250,51062700,FFF000B3,000003D5,00020000,00010001,001D45B4,3C7401BD,28018C55,D007F816,00000020,00000CB2
3251,49989100,FFF800B3,000003D5,00020000,00010000,001D45B5,3C7401AA,28018C55,D007F816,00000020,00000CB3
3252,50079300,FFF800B3,000003D5,00020000,00010000,001E45B5,3C7401A7,28018C55,D007F816,00000020,00000CB4
3253,50343400,FFFA00B5,000003D5,00020000,00010000,001E45B6,3C7501A5,28018C55,D007F816,00000020,00000CB5
3254,50513900,FFFD00B4,000003D5,00010000,00010000,001E45B6,3C7601B8,28018C55,D007F816,00000020,00000CB6
3255,50559400,FFFF00B7,000003D5,00010000,00010000,001E45B7,3C7601AE,28018C55,D007F816,00000020,00000CB7
3256,50844400,FFFD00B6,000003D5,00010000,00010000,001E45B7,3C76819D,28018C55,D007F816,00000020,00000CB8
3257,50164000,000200B9,000003D5,00010000,00010000,001E45B7,3C7781FB,28018C55,E007F816,00000020,00000CB9
3258,50671000,FFFF00B7,000003D5,00010000,00010000,001E45B7,3C77819A,28018C55,E007F816,00000020,00000CBA
3259,51162000,000000B9,000003D5,00000000,00010000,001F45B7,3C7881B2,28018C55,E007F816,00000020,00000CBB
3260,49503400,000200BC,000003D5,00000000,00010000,001F45B8,3C7881A6,28018C55,E007F816,00000020,00000CBC
3261,50208500,FFFE00BA,000003D5,00000000,00010000,001F45B8,3C790198,28018C55,E007F816,00000020,00000CBD
3262,49341500,000300BD,000003D5,00000000,00010000,001F45B8,3C7A81AD,28018C55,E007F816,00000020,00000CBE
3263,49228900,000000BC,000003D5,00000000,00010000,001F45B8,3C7A0188,28018C55,E007F816,00000020,00000CBF
3264,51811300,FFFE00BE,000003D5,00000000,00010000,001F45B8,3C7B01A1,28018C55,E007F816,00000020,00000CC0
3265,51298700,000300BE,000003D5,00000000,00010000,002045B8,3C7B81C9,28018C55,E007F816,00000020,00000CC1
3266,49929200,FFFE00C0,000003D5,00000000,00010000,002045B8,3C7C0187,28018C55,E007F816,00000020,00000CC2
3267,49844700,000C00C0,000003D5,00090000,00010000,002045B9,3C7C81BB,28018C55,E007F816,00000020,00000CC3
3268,50462600,001700C2,000003D5,00100000,00010000,002045BD,3C7D01DA,28018C55,E007F816,00000020,00000CC4
3269,51708200,001500C2,000003D5,00150000,00010000,002045C2,3C7E018D,28018C55,E007F816,00000020,00000CC5
3270,50823900,001E00C4,000003D5,00190000,00010000,002045C9,3C7E819A,28017C38,E007F816,00000020,00000CC6
3271,49747200,001E00C3,000003D5,001D0000,00010000,FF2045D1,3C7F018E,28017C38,E007F816,00000020,00000CC7
3272,50832400,002900C5,000003D5,001F0000,0001FFFF,FF2145DA,3C7F818E,28017C38,E007F816,00000020,00000CC8
3273,50549400,002A00C4,000003D5,00200000,0001FFFF,FF2145E3,3C8081A7,28017C38,E007F816,00000020,00000CC9
3274,50289300,003200C7,000003D5,00210000,0001FFFF,FF2145EC,3C810195,28017C38,E007F816,00000020,00000CCA
3275,51719300,003300C7,000003D5,00210000,0001FFFF,FF2145F5,3C81818D,28017C38,E007F816,00000020,00000CCB
3276,49817700,003700C7,000003D5,00210000,0001FFFF,FF2145FF,3C82019C,28017C38,E007F816,00000020,00000CCC
3277,50020700,003C00CA,000003D5,00200000,0001FFFF,FF214608,3C82818B,28017C38,E007F816,00000020,00000CCD
3278,50598700,003800CA,000003D5,00200000,0001FFFF,FF224611,3C830184,28017C38,E007F816,00000020,00000CCE
3279,50146500,003F00CC,000003D5,001F0000,0001FFFF,FF22461A,3C8481DA,28017C38,E007F816,00000020,00000CCF
3280,50457500,003200CC,000003D5,00160000,0001FFFF,FF224622,3C84818F,28017C38,E007F816,00000020,00000CD0
3281,50337500,002A00CB,000003D5,000F0000,0001FFFF,FF224627,3C8601D0,28017C38,E007F816,00000020,00000CD1
3282,50391100,002C00CF,000003D5,00090000,0001FFFF,FF22462A,3C85818E,2BFD7C38,E007F816,00000020,00000CD2
3283,50641200,002200CE,000003D5,00050000,0001FFFF,FF22462C,3C8701AF,2BFD7C38,E007F816,00000020,00000CD3
3284,51322300,002100D1,000003D5,00020000,0001FFFF,FF22462D,3C87018C,2BFD7C38,E007F816,00000020,00000CD4
3285,50273200,002700D0,000003D5,00090000,0001FFFF,FF23462F,3C8881C2,2BFD7C38,E007F816,00000020,00000CD5
3286,51191800,002900D1,000003D5,000E0000,0001FFFF,FF234632,3C8881AD,2BFD7C38,E007F816,00000020,00000CD6
3287,50985700,002600D3,000003D5,00120000,0001FFFF,FF234637,3C8901A8,2BFD7C38,E007F816,00000020,00000CD7
3288,50224700,001E00D3,000003D5,000D0000,0001FFFF,FF23463B,3C898186,2BFD7C38,E007F816,00000020,00000CD8
3289,50241600,001300D5,000003D5,00090000,0001FFFF,FF23463E,3C8A018D,2BFD7C38,E007F816,00000020,00000CD9
3290,51820700,001800D5,000003D5,00060000,0001FFFF,FF234640,3C8B019C,2BFD7C38,E007F816,00000020,00000CDA
3291,49394000,001300D5,000003D5,00040000,00010000,FF244642,3C8B81AE,2BFD7C38,E007F816,00000020,00000CDB
3292,51320300,001200D7,000003D5,00020000,00010000,FF244642,3C8C018B,2BFD7C38,E007F816,00000020,00000CDC
3293,50768900,001100DA,000003D5,00010000,00010000,FF244643,3C8E01F1,2BFD7C38,E007F816,00000020,00000CDD
3294,50443400,000D00D8,000003D5,00000000,00010000,FF244643,3C8E81D3,2BFD7C38,E007F816,00000020,00000CDE
3295,51363700,001600DB,000003D5,00070000,00010000,FF244644,3C8E81AE,2BFD7C38,E007F816,00000020,00000CDF
3296,49703500,001100DA,000003D5,00050000,00010000,FF244646,3C8F01C1,2BFD7C38,E007F816,00000020,00000CE0
3297,49791500,000800DD,000003D5,00040000,00010000,FF254647,3C9001B6,2BFD7C38,E007F816,00000020,00000CE1
3298,50446600,001200DD,000003D5,000B0000,00010000,FF254649,3C900184,2BFD7C38,E007F816,00000020,00000CE2
3299,50538200,001000DE,000003D5,00080000,00010000,FF25464C,3C9101B5,2BFD7C38,E007F816,00000020,00000CE3
3300,50492900,000B00DE,000003D5,00060000,00010000,FF25464E,3C9281B9,2BFD6B63,E007F816,00000020,00000CE4
3301,51507200,000B00E1,000003D5,00040000,00010000,FF25464F,3C9281C7,2BFD6B63,E007F816,00000020,00000CE5
3302,51992700,000B00E1,000003D5,00030000,00010000,FF26B9B0,3C9301C1,2BFD6B63,E007F816,00000020,00000CE6
3303,50189600,000B00E1,000003D5,00020000,00010000,FF26B9B1,3C94019E,2BFD6B63,E007F816,00000020,00000CE7
3304,50668200,000900E3,000003D5,00010000,00010000,FF26B9B1,3C940190,2BFD6B63,E007F816,00000020,00000CE8
3305,50933300,000500E3,000003D5,00000000,00010000,FF26B9B1,3C9481A2,2BFD6B63,E007F816,00000020,00000CE9
3306,49942100,000700E3,000003D5,00000000,00010000,FF26B9B1,3C9581C1,2BFD6B63,E007F816,00000020,00000CEA
3307,50549700,000600DF,000003D5,00000000,00010000,FF26B9B1,3C9701B7,2BFD6B63,E007F816,00000020,00000CEB
3308,50562200,000500AC,000003D5,FFFF0000,00010000,FF27B9B1,3C9681B9,2BFD6B63,E007F816,00000020,00000CEC
3309,50324300,00030049,000003D5,FFFF0001,00010000,FF27B9B1,3C970198,2BFD6B63,E007F816,00000020,00000CED
3310,52070400,0000FFF8,000003D5,FFFF0001,00010000,0027B9B0,3C9701E9,28016B63,E007F816,00000020,00000CEE
3311,50211100,0001FFC4,000003D5,FFFF0001,00010000,0026B9B0,3C9701A3,28016B63,E007F816,00000020,00000CEF
3312,51464200,0006FF8C,000003D5,FFFF0001,00000000,0026B9B0,3C9601F9,28016B63,E007F816,00000020,00000CF0
3313,49864100,0002FF2D,000003D5,00000001,00000000,00264650,3C9681CE,28016B63,E007F016,00000020,00000CF1
3314,49753700,FFFEFF1B,000003D5,00000001,00000000,00264650,3C95018A,28016B63,E007F016,00000020,00000CF2
3315,50807100,0000FF15,000003D5,00000001,FFFF0000,00264650,3C948199,28016B63,E007F016,00000020,00000CF3
3316,50451200,0000FF14,000003D5,00000001,FFFF0000,00264650,3C9401C9,28016B63,E007C816,00000020,00000CF4
3317,51875300,0000FF11,000003D5,00000000,FFFF0000,00254650,3C9381B6,28016B63,E0FFC816,00000020,00000CF5
3318,50046400,FFF2FF11,000003D5,FFF70000,FFFF0000,FF25464E,3C9301B9,28016B63,E0FFB016,00000020,00000CF6
3319,50547100,FFEAFF10,000003D5,FFEF0000,FFFF0000,FF25464A,3C9281BB,28016B63,E0FFB016,00000020,00000CF7
3320,49899200,FFE1FF11,000003D5,FFE70000,FFFF0000,00254644,3C9201DA,28016B63,E0FFB016,00000020,00000CF8
3321,50703900,FFDAFF10,000003D5,FFDF0000,FFFF0000,0025463B,3C92020F,28016B63,E0FFB016,00000020,00000CF9
3322,50879100,FFD0FF12,FFFF03D5,FFD70000,FFFF0001,00244630,3C8F0184,28016B63,E0FFB016,00000020,00000CFA
3323,51055300,FFC1FF11,FFFF03D5,FFD00000,FFFF0001,00244623,3C8F01BE,28016B63,E0FFB016,00000020,00000CFB
3324,50172300,FFB5FF13,FFFF03D5,FFC90000,FFFF0001,00244614,3C8F01C3,28016B63,E0FFB016,00000020,00000CFC
3325,49075900,FFA7FF13,FFFF03D5,FFC30000,FFFF0001,00244604,3C8D81BD,28016B63,E0FF6016,00000020,00000CFD
3326,50652700,FF9CFF13,FFFF03D5,FFBD0000,FFFF0001,002445F1,3C8D01BB,28016B63,E0FF1816,00000020,00000CFE
3327,50265100,FF8AFF15,FFFF03D5,FFB70000,FFFF0002,002445DD,3C8B8198,28016B63,E0FED816,00000020,00000CFF
3328,50125400,FF7DFF14,FFFF03D5,FFB10000,FFFF0002,002345C7,3C8B0197,28016B63,E0FE9816,00000020,00000D00
3329,51075500,FF6FFF16,FFFF03D5,FFAB0000,FFFF0002,002345AF,3C8A8196,28016B63,E0FE6816,00000020,00000D01
3330,49782400,FF66FEF8,FFFF03D5,FFA60000,FFFF0002,00234596,3C890184,280159F8,E0FE3816,00000020,00000D02
3331,52126600,FF56FE95,FFFF03D5,FFA00001,FFFF0003,0023457B,3C888196,280159F8,E0FE0816,00000020,00000D03
3332,51058200,FF46FE87,FFFF03D5,FF9B0001,FFFE0003,0022455E,3C8781AA,280159F8,E0FDE016,00000020,00000D04
3333,50622700,FF3FFE86,FFFF03D5,FF950001,FFFE0003,00224540,3C860187,280159F8,E0FDB816,00000020,00000D05
3334,49589500,FF2CFE87,FFFF03D5,FF900000,FFFE0003,00224521,3C85019E,280159F8,E0FD9816,00000020,00000D06
3335,50477000,FF25FE87,FFFF03D5,FF8A0000,FFFE0003,00214500,3C8381A9,280159F8,E0FD7816,00000020,00000D07
3336,50926200,FF19FE87,FFFF03D5,FF850000,FFFE0004,002144DD,3C828199,280159F8,E0FD6016,00000020,00000D08
3337,49949000,FF09FE8A,FFFF03D5,FF800000,FFFE0004,002144B9,3C818192,280159F8,E0FD4016,00000020,00000D09
3338,50163900,FF00FE8A,FFFF03D5,FF7B0000,FFFE0004,00214493,3C800197,280159F8,E0FD2816,00000020,00000D0A
3339,49897300,FEF7FE8A,FFFF03D5,FF750000,FFFE0004,0020446C,3C8001D7,280159F8,E0FD1016,00000020,00000D0B
3340,50000800,FEECFE8B,FFFF03D5,FF700000,FFFE0005,00204443,3C7E81B1,280159F8,E0FD0016,00000020,00000D0C
3341,50978800,FEE0FE8D,FFFF03D5,FF6C0000,FFFE0005,00204419,3C7D01A2,280159F8,E0FCE816,00000020,00000D0D
3342,49599300,FED9FE8C,FFFF03D5,FF670000,FFFE0005,001F43EE,3C7C81D6,280159F8,E0FCD816,00000020,00000D0E
3343,50525300,FECEFE8E,FFFF03D5,FF620000,FFFE0005,001F43C1,3C7C01FA,280159F8,E0FCD016,00000020,00000D0F
3344,50903900,FECAFE8F,FFFF03D5,FF5E0000,FFFE0005,001F4393,3C7901BA,280159F8,E0FCC016,00000020,00000D10
3345,49410600,FEBDFE8F,000003D5,FF5A0000,FFFE0005,001F4364,3C7801B2,280159F8,E0FCB016,00000020,00000D11
3346,50613400,FEB8FE90,000003D5,FF560000,FFFE0006,001E4334,3C778194,280159F8,E0FCA816,00000020,00000D12
3347,49984500,FEB3FE92,000003D5,FF530000,FFFE0006,001E4303,3C7601A7,280159F8,E0FCA016,00000020,00000D13
3348,49949300,FEAAFE93,000003D5,FF4F0000,FFFE0006,001E42D1,3C75018F,280159F8,D0FC9016,00000020,00000D14
3349,50765400,FEA8FE93,000003D5,FF4C0000,FFFE0006,001D429D,3C7481BA,280159F8,D0FC9016,00000020,00000D15
3350,50504300,FEA1FE93,000003D4,FF490000,FFFE0006,001D4269,3C73019B,280159F8,D0FC8816,00000020,00000D16
3351,51025400,FE9EFE95,000003D4,FF470000,FFFE0006,001D4235,3C71818B,280159F8,D0FC8016,00000020,00000D17
3352,49776800,FE9CFE95,000003D4,FF440000,FFFE0006,001C41FF,3C7081B9,280159F8,D0FC8016,00000020,00000D18
3353,49398900,FE98FE97,000003D4,FF420000,FFFE0006,001C41C9,3C6F018F,280159F8,D0FC7816,00000020,00000D19
3354,49981300,FE9AFE96,000003D4,FF410000,FFFE0006,001C4192,3C6E81B1,280159F8,D0FC7816,00000020,00000D1A
3355,50887700,FE8FFE9B,000003D4,FF3F0000,FFFE0006,001C415B,3C6E01C2,280159F8,D0FC7816,00000020,00000D1B
3356,49385400,FE9AFE97,000003D4,FF3E0000,FFFE0006,001B4124,3C6B8186,280159F8,D0FC7816,00000020,00000D1C
3357,49538500,FE93FE9B,000003D4,FF3E0000,FFFE0007,001B40EC,3C6B0196,280159F8,D0FC7816,00000020,00000D1D
3358,50898400,FE97FE9B,000003D4,FF3D0000,FFFE0007,001B40B5,3C6B020C,280159F8,D0FC8016,00000020,00000D1E
3359,49203200,FE99FE9D,000003D4,FF3E0000,FFFE0007,001A407D,3C68818A,280159F8,D0FC8016,00000020,00000D1F
3360,51448100,FE9CFE9D,000003D4,FF3E0000,FFFE0007,001A4045,3C67819A,28014831,D0FC8816,00000020,00000D20
3361,50609900,FE99FED0,000003D4,FF3F0000,FFFE0006,001A400E,3C668195,28014831,D0FC9016,00000020,00000D21
3362,51131300,FEA0FF2D,000003D4,FF400000,FFFE0006,001A3FD7,3C6601A2,28014831,D0FC9816,00000020,00000D22
3363,52699500,FEA4FF33,000003D5,FF420000,FFFE0006,001A3FA1,3C660203,28014831,D0FCA816,00000020,00000D23
3364,49316100,FEADFF34,000003D5,FF450000,FFFE0006,00193F6B,3C64819A,28014831,D0FCB816,00000020,00000D24
3365,49793300,FEB8FF34,000003D5,FF480000,FFFF0006,00193F36,3C640195,28014831,D0FCC816,00000020,00000D25
3366,50238400,FEBBFF37,000003D5,FF4C0000,FFFF0006,00193F02,3C630188,28014831,D0FCD816,00000020,00000D26
3367,50749600,FEC4FF36,000003D5,FF500000,FFFF0006,00193ECF,3C6301AD,28014831,D0FCE816,00000020,00000D27
3368,53308300,FECFFF39,000103D5,FF550000,FFFF0006,00193E9E,3C620196,28014831,D0FD0016,00000020,00000D28
3369,48786600,FED4FF38,000103D5,FF5A0000,FFFF0006,00193E6E,3C618196,28014831,D0FD1816,00000020,00000D29
3370,49937400,FEE3FF39,000103D5,FF5F0000,FFFF0006,00183E3F,3C610195,28014831,D0FD3016,00000020,00000D2A
3371,50616600,FEE8FF68,000103D5,FF640000,FFFF0005,00183E12,3C6101B4,28014831,D0FD4816,00000020,00000D2B
3372,51004700,FEF4FFAE,000103D4,FF6A0000,FFFF0005,00183DE6,3C6001C2,28014831,D0FD6816,00000020,00000D2C
3373,51629300,FEF9FFB2,000103D5,FF6F0000,FFFF0005,00183DBC,3C6081BB,28014831,D0FD9016,00000020,00000D2D
3374,50910400,FF0CFFAF,000103D5,FF750000,FFFF0005,00183D94,3C6081C8,28014831,D0FDB016,00000020,00000D2E
3375,48963700,FF11FFB4,000103D5,FF7B0000,FFFF0005,00183D6D,3C5F8196,28014831,D0FDD816,00000020,00000D2F
3376,51426500,FF22FFC2,000103D5,FF810000,FFFF0004,00183D48,3C5F0197,28014831,D0FE0016,00000020,00000D30
3377,50731700,FF29FFE1,000103D5,FF880000,00000004,00183D25,3C5F0185,28014831,D0FE3016,00000020,00000D31
3378,50326200,FF310009,000103D5,FF8D0000,00000004,00183D03,3C5F81BF,28014831,D0FE5816,00000020,00000D32
3379,49494700,FF3F002E,000103D5,FF930000,00000004,00183CE4,3C5F0198,28014831,D0FE8816,00000020,00000D33
3380,50286200,FF490049,000103D5,FF99FFFF,00000004,00183CC5,3C5F818A,28014831,D0FEC016,00000020,00000D34
3381,50794300,FF53005E,000103D5,FF9E0000,00000004,00183CA9,3C6001B0,28014831,D0FEF816,00000020,00000D35
3382,51008400,FF5B006E,000103D5,FFA40000,00000003,00183C8E,3C6081B1,28014831,D0FF3016,00000020,00000D36
3383,49996600,FF640079,000103D5,FFA90000,00000003,00183C74,3C6081AC,28014831,D0FF6816,00000020,00000D37
3384,50775400,FF6D0080,000103D5,FFAE0000,00010003,00193C5C,3C6181E3,28014831,D0FFA816,00000020,00000D38
3385,50867300,FF740088,000103D5,FFB20000,00010003,00193C45,3C61018E,28014831,D0FFB016,00000020,00000D39
3386,49313200,FF7C008B,000003D5,FFB70000,00010003,00193C30,3C6181D7,28014831,D0FFB016,00000020,00000D3A
3387,49604400,FF810091,000003D5,FFBA0000,00010003,00193C1C,3C620191,28014831,D0FFB016,00000020,00000D3B
3388,50088000,FF890092,000003D5,FFBE0000,00010002,00193C08,3C6281A3,28014831,D0FFB016,00000020,00000D3C
3389,50220900,FF8B0097,000003D5,FFC10000,00010002,00193BF6,3C63019E,28014831,D0FFB016,00000020,00000D3D
3390,50478500,FF940095,000003D5,FFC30000,00010002,00193BE4,3C638196,28013607,D0FFB016,00000020,00000D3E
3391,50218200,FF93009C,000003D5,FFC60000,00010002,00193BD3,3C640196,28013607,D0FFB016,00000020,00000D3F
3392,51087200,FF9D0098,000003D5,FFC80000,00010002,00193BC3,3C6481A6,28013607,D0FFB016,00000020,00000D40
3393,50383700,FF9F009A,000003D5,FFC90000,00010002,001A3BB3,3C6581CD,28013607,D0FFB016,00000020,00000D41
3394,50595800,FF9D009E,000003D5,FFCA0000,00010002,001A3BA4,3C6501AB,28013607,D0FFB016,00000020,00000D42
3395,50292400,FFA3009C,000003D5,FFCB0000,00010002,001A3B94,3C6601A1,28013607,D0FFB016,00000020,00000D43
3396,50727400,FF9F00A0,000003D5,FFCB0000,00010002,001A3B85,3C6681B4,28013607,D0FFB016,00000020,00000D44
3397,50135900,FFA5009E,000003D5,FFCB0000,00010002,001A3B76,3C668194,28013607,D0FFB016,00000020,00000D45
3398,50699200,FFA300A0,000003D5,FFCB0000,00010002,001A3B66,3C6801D2,28013607,D0FFB016,00000020,00000D46
3399,49853000,FFA400A0,000003D5,FFCA0000,00010002,001A3B57,3C69025B,28013607,D0FFB016,00000020,00000D47
3400,50888400,FFA500A0,000003D5,FFC90000,00010002,001A3B47,3C680190,28013607,D0FFB016,00000020,00000D48
3401,50260900,FFA300A2,000003D5,FFC80000,00010002,001B3B38,3C69820A,28013607,D0FFB016,00000020,00000D49
3402,51290500,FFA200A4,000003D5,FFC70000,00010002,001B3B28,3C690199,28013607,D0FFB016,00000020,00000D4A
3403,50445000,FF9E00A3,000003D5,FFC60000,00010002,001B3B17,3C698185,28013607,D0FFB016,00000020,00000D4B
3404,51326900,FF9E00A4,000003D5,FFC40000,00010002,001B3B06,3C6A0194,28013607,D0FFB016,00000020,00000D4C
3405,50625600,FF9B00A5,000003D5,FFC30000,00010002,001B3AF5,3C6A8188,28013607,D0FFB016,00000020,00000D4D
3406,50041700,FF9A00A5,000003D5,FFC10000,00010002,001B3AE3,3C6B01B2,28013607,D0FFB016,00000020,00000D4E
3407,51108500,FF9700A6,000003D5,FFBF0000,00010002,001B3AD1,3C6B8182,28013607,D0FFB016,00000020,00000D4F
3408,49446600,FF9200A8,000003D5,FFBE0000,00010002,001C3ABE,3C6C81B1,28013607,D0FFB016,00000020,00000D50
3409,49928800,FF9000A8,000003D5,FFBC0000,00010002,001C3AAB,3C6D81DE,28013607,D0FFB016,00000020,00000D51
3410,52162800,FF8C00A8,000003D5,FFBA0000,00010002,001C3A97,3C6D81B9,28013607,D0FFA016,00000020,00000D52
3411,50680700,FF8900AA,000003D5,FFB80000,00010002,001C3A82,3C6D81C2,28013607,D0FF8816,00000020,00000D53
3412,50622300,FF8500AA,000003D5,FFB50000,00010002,001C3A6D,3C6E01A2,28013607,D0FF6816,00000020,00000D54
3413,50779300,FF8100AB,000003D5,FFB30000,00010002,001C3A57,3C6E8183,28013607,D0FF4816,00000020,00000D55
3414,50877000,FF7C00AC,000003D5,FFB10000,00010002,001C3A41,3C6F0185,28013607,D0FF3816,00000020,00000D56
3415,50987200,FF7A00AB,000003D5,FFAF0000,00010002,001C3A2A,3C6F8193,28013607,D0FF1816,00000020,00000D57
3416,49723600,FF7300AE,000003D5,FFAD0000,00010002,001D3A12,3C7081B8,28013607,D0FF0016,00000020,00000D58
3417,50643500,FF7100AD,000003D5,FFAB0000,00010002,001D39FA,3C7081AC,28013607,D0FEE816,00000020,00000D59
3418,50529700,FF6B00B0,000003D5,FFA90000,00010003,001D39E1,3C7201B7,28013607,D0FED016,00000020,00000D5A
3419,50640400,FF6700AF,000003D5,FFA60000,00010003,001D39C8,3C720196,28013607,D0FEC016,00000020,00000D5B
3420,51381900,FF6400AF,000003D5,FFA40000,00010003,001D39AE,3C720191,28012394,D0FEA816,00000020,00000D5C
3421,50025400,FF5D00B2,000003D5,FFA20000,00010003,001D3993,3C730203,28012394,D0FE9816,00000020,00000D5D
3422,50899300,FF5B00AC,000003D5,FFA00000,00010003,001D3978,3C7381AD,28012394,D0FE8016,00000020,00000D5E
3423,49117900,FF580083,000003D5,FF9F0000,00010003,001D395C,3C7381DC,28012394,D0FE7016,00000020,00000D5F
3424,50008400,FF4E0038,000003D5,FF9D0001,00010003,001D3940,3C7381A8,28012394,D0FE6016,00000020,00000D60
3425,51434300,FF4DFFF6,000003D5,FF9C0001,00010003,001D3923,3C738181,28012394,D0FE5016,00000020,00000D61
3426,48978700,FF46FFD4,000003D5,FF9B0001,00000003,001D3907,3C7481D0,28012394,D0FE4016,00000020,00000D62
3427,50873500,FF46FFBC,000003D5,FF990001,00000003,001D38E9,3C738199,28012394,D0FE3016,00000020,00000D63
3428,51377500,FF3FFF93,000003D5,FF970001,00000003,001D38CB,3C7401C8,28012394,D0FE1816,00000020,00000D64
3429,51070700,FF40FF3A,000003D5,FF950001,00000003,001D38AD,3C7301AC,28012394,D0FE0816,00000020,00000D65
3430,49801100,FF3AFF33,000003D5,FF930001,FFFF0003,001D388E,3C7301CB,28012394,D0FDF816,00000020,00000D66
3431,50160300,FF32FF32,000003D5,FF910001,FFFF0004,001D386F,3C7201CD,28012394,D0FDE816,00000020,00000D67
3432,50014000,FF33FF2E,000003D5,FF8F0001,FFFF0004,001D384F,3C70818D,28012394,D0FDD816,00000020,00000D68
3433,145514300,FF30FF2D,000003D5,FF8D0000,FFFF0004,001C382E,3C7101EF,28012394,D0FDD016,00000020,00000D69
3434,15717200,FF29FF2F,000003D5,FF8B0000,FFFF0004,001C380C,3C6F0185,28012394,D0FDC816,00000020,00000D6A
3435,49749500,FF28FF2E,000003D5,FF890000,FFFF0004,001C37EB,3C6E8185,28012394,D0FDB816,00000020,00000D6B
3436,48971500,FF23FF30,000003D5,FF870000,FFFF0004,001C37C8,3C6F01CE,28012394,D0FDB016,00000020,00000D6C
3437,49501100,FF25FF2D,000003D5,FF850000,FFFF0004,001C37A5,3C6E01C1,28012394,D0FDA816,00000020,00000D6D
3438,50532000,FF1FFF31,000003D5,FF830000,FFFF0004,001C3781,3C6D019F,28012394,D0FDA016,00000020,00000D6E
3439,52551400,FF1CFF31,000003D5,FF820000,FFFF0004,001B375D,3C6D020E,28012394,D0FD9816,00000020,00000D6F
3440,49623700,FF1CFF30,000003D5,FF800000,FFFF0004,001B3739,3C6B0183,28012394,D0FD9016,00000020,00000D70
3441,51852200,FF1AFF31,000003D5,FF7F0000,FFFF0004,001B3714,3C6A818C,28012394,D0FD9016,00000020,00000D71
3442,50786400,FF18FF32,000003D5,FF7E0000,FFFF0004,001B36EF,3C6A81B4,28012394,D0FD9016,00000020,00000D72
3443,50897500,FF18FF32,000003D5,FF7D0000,FFFF0004,001B36C9,3C6A81E8,28012394,D0FD8816,00000020,00000D73
3444,47319300,FF15FF33,000003D5,FF7C0000,FFFF0004,001B36A4,3C6A01D4,28012394,D0FD8816,00000020,00000D74
3445,50021500,FF14FF35,000003D5,FF7C0000,FFFF0004,001A367E,3C688196,28012394,D0FD8816,00000020,00000D75
3446,147953900,FF18FF31,000003D5,FF7B0000,FFFF0004,001A3658,3C6801A9,28012394,D0FD8816,00000020,00000D76
3447,15323700,FF15FF61,000003D5,FF7B0000,FFFF0004,001A3632,3C67018D,28012394,D0FD8816,00000020,00000D77
3448,50722500,FF15FFA9,000003D5,FF7B0000,FFFF0004,001A360B,3C67019F,28012394,D0FD9016,00000020,00000D78
3449,49831100,FF16FFAB,000003D5,FF7B0000,FFFF0004,001A35E5,3C6701BE,28012394,D0FD9816,00000020,00000D79
3450,50401700,FF18FFAC,000003D5,FF7C0000,FFFF0004,001A35BF,3C6681CC,28010FA4,D0FDA016,00000020,00000D7A
3451,50799000,FF1CFFAA,000003D5,FF7C0000,FFFF0004,001A359A,3C66018C,28010FA4,D0FDA016,00000020,00000D7B
3452,50963800,FF1CFFAD,000003D5,FF7D0000,FFFF0004,001A3574,3C658187,28010FA4,D0FDA816,00000020,00000D7C
3453,51048900,FF1FFFAC,000003D5,FF7E0000,FFFF0004,001A354F,3C6681DA,28010FA4,D0FDB816,00000020,00000D7D
3454,50048900,FF1FFFAD,000003D5,FF800000,00000004,001A352A,3C650197,28010FA4,D0FDC016,00000020,00000D7E
3455,50112100,FF23FFAC,000003D5,FF810000,00000004,001A3505,3C65019B,28010FA4,D0FDC816,00000020,00000D7F
3456,50418400,FF27FFAC,000003D5,FF830000,00000004,001A34E1,3C6501A2,28010FA4,D0FDD016,00000020,00000D80
3457,50176700,FF28FFAE,000003D5,FF840000,00000004,001934BE,3C6481CA,28010FA4,D0FDE016,00000020,00000D81
3458,49888000,FF2AFFB0,000003D5,FF860000,00000004,0019349A,3C648198,28010FA4,D0FDE816,00000020,00000D82
3459,50399900,FF2EFFBE,000003D5,FF870000,00000004,00193478,3C6481C2,28010FA4,D0FDF016,00000020,00000D83
3460,51385500,FF33FFDC,000003D5,FF890000,00000004,00193455,3C638191,28010FA4,D0FE0016,00000020,00000D84
3461,51264800,FF320007,000003D5,FF8B0000,00000004,00193434,3C6481B2,28010FA4,D0FE1016,00000020,00000D85
3462,50399900,FF3B002A,000003D5,FF8C0000,00000004,00193412,3C6481D0,28010FA4,D0FE2016,00000020,00000D86
3463,49006200,FF3A004C,000003D5,FF8E0000,00000004,001933F1,3C64018C,28010FA4,D0FE2816,00000020,00000D87
3464,52124400,FF400060,000003D5,FF8F0000,00000004,001A33D1,3C6581D7,28010FA4,D0FE4016,00000020,00000D88
3465,50660900,FF440070,000003D5,FF910000,00000004,001A33B1,3C6501B6,28010FA4,D0FE5016,00000020,00000D89
3466,48631200,FF47007C,000003D5,FF930000,00000004,001A3391,3C6581AF,28010FA4,D0FE6016,00000020,00000D8A
3467,51098400,FF480087,000003D5,FF950000,00010003,001A3373,3C658199,28010FA4,D0FE7016,00000020,00000D8B
3468,50581000,FF4C008D,000003D5,FF970000,00010003,001A3354,3C66019F,28010FA4,D0FE8016,00000020,00000D8C
3469,50354900,FF4F0091,000003D5,FF990000,00010003,001A3336,3C6681A5,28010FA4,D0FE9016,00000020,00000D8D
3470,51922400,FF500097,000003D5,FF9A0000,00010003,001A3319,3C670197,28010FA4,D0FE9816,00000020,00000D8E
3471,50708500,FF53009A,000003D5,FF9C0000,00010003,001A32FC,3C6801B8,28010FA4,D0FEA816,00000020,00000D8F
3472,48945300,FF55009C,000003D5,FF9E0000,00010003,001A32E0,3C6801AB,28010FA4,D0FEB816,00000020,00000D90
3473,52464200,FF58009C,000003D5,FF9F0000,00010003,001B32C4,3C6901BF,28010FA4,D0FEC016,00000020,00000D91
3474,50378200,FF58009F,000003D5,FFA00000,00010003,001B32A8,3C69018F,28010FA4,D0FEC816,00000020,00000D92
3475,51913800,FF5A00A1,000003D5,FFA20000,00010003,001B328D,3C6901DE,28010FA4,D0FED016,00000020,00000D93
3476,51185400,FF5A00A4,000003D5,FFA30000,00010003,001B3272,3C6981DA,28010FA4,D0FED816,00000020,00000D94
3477,51541900,FF5D00A2,000003D5,FFA30000,00010003,001B3258,3C6C028E,28010FA4,D0FED816,00000020,00000D95
3478,48683300,FF5D00A5,000003D5,FFA40000,00010003,001B323D,3C6B01BF,28010FA4,D0FEE016,00000020,00000D96
3479,51449200,FF5F00A4,000003D5,FFA50000,00010003,001B3223,3C6B018C,28010FA4,D0FEE016,00000020,00000D97
3480,50989600,FF5E00A7,000003D5,FFA50000,00010003,001B3209,3C6B81AB,2800FD1A,D0FEE016,00000020,00000D98
3481,50353900,FF6000A6,000003D5,FFA50000,00010003,001C31EF,3C6D01DF,2800FD1A,D0FEE016,00000020,00000D99
3482,49565700,FF5F00A8,000003D5,FFA50000,00010003,001C31D5,3C6D81F8,2800FD1A,D0FEE016,00000020,00000D9A
3483,50897600,FF6000A8,000003D5,FFA50000,00010003,001C31BB,3C6D8199,2800FD1A,D0FED816,00000020,00000D9B
3484,49809600,FF5F00AA,000003D5,FFA50000,00010003,001C31A1,3C6D819A,2800FD1A,D0FED816,00000020,00000D9C
3485,49534500,FF5D00AB,000003D5,FFA50000,00010003,001C3187,3C6F01C2,2800FD1A,D0FED816,00000020,00000D9D
3486,51490000,FF5E00AA,000003D5,FFA50000,00010003,001C316D,3C6E8187,2800FD1A,D0FEC816,00000020,00000D9E
3487,48663400,FF5C00AD,000003D5,FFA40000,00010003,001C3153,3C6F01A1,2800FD1A,D0FEC816,00000020,00000D9F
3488,50746500,FF5D00AB,000003D5,FFA40000,00010003,001C3138,3C7081B0,2800FD1A,D0FEC016,00000020,00000DA0
3489,51130200,FF5B00AD,000003D5,FFA30000,00010003,001D311E,3C7101CB,2800FD1A,D0FEB816,00000020,00000DA1
3490,50507900,FF5800AF,000003D5,FFA30000,00010003,001D3103,3C7081A0,2800FD1A,D0FEB016,00000020,00000DA2
3491,51390100,FF5800AE,000003D5,FFA20000,00010003,001D30E8,3C7201C8,2800FD1A,D0FEA816,00000020,00000DA3
3492,49652300,FF5500B0,000003D5,FFA10000,00010003,001D30CD,3C7301DF,2800FD1A,D0FEA016,00000020,00000DA4
3493,50939100,FF5300AD,000003D5,FFA00000,00010003,001D30B2,3C7201C4,2800FD1A,D0FE9016,00000020,00000DA5
3494,50833300,FF520083,000003D5,FFA00000,00010003,001D3096,3C738210,2800FD1A,D0FE9016,00000020,00000DA6
3495,48756600,FF500035,000003D5,FFA00001,00010003,001D307B,3C7301A3,2800FD1A,D0FE8016,00000020,00000DA7
3496,50110800,FF4CFFF8,000003D5,FF9F0001,00010003,001D305F,3C72819F,2800FD1A,D0FE7016,00000020,00000DA8
3497,50581600,FF49FFD5,000003D5,FF9F0001,00000003,001D3043,3C7301D5,2800FD1A,D0FE6816,00000020,00000DA9
3498,50823200,FF49FFBD,000003D5,FF9E0001,00000003,001D3027,3C7301A1,2800FD1A,D0FE5816,00000020,00000DAA
3499,51320700,FF45FFB3,000003D5,FF9C0001,00000003,001D300B,3C720188,2800FD1A,D0FE4816,00000020,00000DAB
3500,52728900,FF45FFAA,000003D5,FF9B0001,00000003,001D2FEE,3C72018B,2800FD1A,D0FE4016,00000020,00000DAC
3501,49780400,FF41FFA8,000003D5,FF9A0000,00000003,001D2FD1,3C7301E9,2800FD1A,D0FE3816,00000020,00000DAD
3502,48894700,FF40FFA4,000003D5,FF980000,00000003,001D2FB3,3C730206,2800FD1A,D0FE2816,00000020,00000DAE
3503,48063700,FF3DFFA5,000003D5,FF970000,00000003,001D2F95,3C7101A2,2800FD1A,D0FE1816,00000020,00000DAF
3504,51528400,FF3BFFA4,000003D5,FF950000,00000004,001D2F77,3C7101D6,2800FD1A,D0FE1016,00000020,00000DB0
3505,144872300,FF39FFA3,000003D5,FF940000,00000004,001D2F58,3C708190,2800FD1A,D0FE0816,00000020,00000DB1
3506,14100200,FF37FF84,000003D5,FF920000,00000004,001C2F39,3C700191,2800FD1A,D0FE0016,00000020,00000DB2
3507,50551000,FF37FF33,000003D5,FF910001,FFFF0004,001C2F19,3C6F8184,2800FD1A,D0FDF816,00000020,00000DB3
3508,50256800,FF33FF30,000003D5,FF900001,FFFF0004,001C2EF9,3C6F018D,2800FD1A,D0FDF016,00000020,00000DB4
3509,50593600,FF30FF31,000003D5,FF8E0000,FFFF0004,001C2ED8,3C6E819B,2800FD1A,D0FDE016,00000020,00000DB5
3510,50744500,FF2EFF30,000003D5,FF8D0000,FFFF0004,001C2EB7,3C6E0196,2800EA15,D0FDD816,00000020,00000DB6
3511,51443200,FF2DFF2F,000003D5,FF8C0000,FFFF0004,001C2E96,3C6D0196,2800EA15,D0FDD816,00000020,00000DB7
3512,50440900,FF2BFF5A,000003D5,FF8A0000,FFFF0004,001C2E75,3C6C8185,2800EA15,D0FDD016,00000020,00000DB8
3513,49314100,FF27FFA5,000003D5,FF890000,FFFF0004,001B2E53,3C6C819F,2800EA15,D0FDC816,00000020,00000DB9
3514,49810500,FF27FFA6,000003D5,FF880000,FFFF0004,001B2E30,3C6C01DC,2800EA15,D0FDC816,00000020,00000DBA
3515,50164900,FF28FFA5,000003D5,FF870000,FFFF0004,001B2E0E,3C6C01AF,2800EA15,D0FDC816,00000020,00000DBB
3516,50909900,FF25FFA9,000003D5,FF870000,FFFF0004,001B2DEB,3C6B019B,2800EA15,D0FDC816,00000020,00000DBC
3517,50422200,FF26FFA7,000003D5,FF860000,FFFF0004,001B2DC8,3C6B81AF,2800EA15,D0FDC816,00000020,00000DBD
3518,50709200,FF27FFA6,000003D5,FF860000,FFFF0004,001B2DA5,3C6C0202,2800EA15,D0FDC816,00000020,00000DBE
3519,50791400,FF26FFA8,000003D5,FF860000,FFFF0004,001B2D82,3C6A8197,2800EA15,D0FDD016,00000020,00000DBF
3520,50542800,FF25FFA9,000003D5,FF860000,00000004,001B2D5F,3C6A81A3,2800EA15,D0FDC816,00000020,00000DC0
3521,50726700,FF26FFA8,000003D5,FF860000,00000004,001B2D3C,3C6B01DA,2800EA15,D0FDD016,00000020,00000DC1
3522,51900300,FF27FFA8,000003D5,FF860000,00000004,001B2D19,3C6A01A8,2800EA15,D0FDD016,00000020,00000DC2
3523,51376700,FF27FFA9,000003D5,FF860000,00000004,001B2CF6,3C69819E,2800EA15,D0FDD816,00000020,00000DC3
3524,50824900,FF27FFAB,000003D5,FF870000,00000004,001B2CD3,3C6981BA,2800EA15,D0FDD816,00000020,00000DC4
3525,50339700,FF29FFA8,000003D5,FF870000,00000004,001B2CB1,3C690195,2800EA15,D0FDD816,00000020,00000DC5
3526,50544000,FF29FFAA,000003D5,FF880000,00000004,001B2C8E,3C688182,2800EA15,D0FDE016,00000020,00000DC6
3527,50312800,FF2BFFA9,000003D5,FF880000,00000004,001A2C6C,3C680185,2800EA15,D0FDE816,00000020,00000DC7
3528,50076000,FF2CFFAA,000003D5,FF890000,00000004,001A2C4A,3C680186,2800EA15,D0FDE816,00000020,00000DC8
3529,49852900,FF2EFFAA,000003D5,FF8A0000,00000004,001A2C27,3C6801C2,2800EA15,D0FDF016,00000020,00000DC9
3530,50790700,FF2FFFAB,000003D5,FF8A0000,00000004,001A2C06,3C678209,2800EA15,D0FDF816,00000020,00000DCA
3531,49729500,FF31FFAB,000003D5,FF8B0000,00000004,001A2BE4,3C670198,2800EA15,D0FE0016,00000020,00000DCB
3532,50409500,FF33FFAD,000003D5,FF8C0000,00000004,001A2BC3,3C6701E2,2800EA15,D0FE0016,00000020,00000DCC
3533,50162600,FF34FFBD,000003D5,FF8D0000,00000004,001A2BA2,3C67019E,2800EA15,D0FE0816,00000020,00000DCD
3534,50711800,FF37FFD9,000003D5,FF8E0000,00000004,001A2B81,3C67019F,2800EA15,D0FE1816,00000020,00000DCE
3535,50191900,FF380004,000003D5,FF8E0000,00000004,001A2B60,3C668187,2800EA15,D0FE1816,00000020,00000DCF
3536,51325500,FF3B002B,000003D5,FF8F0000,00000004,001A2B40,3C6681C5,2800EA15,D0FE2016,00000020,00000DD0
3537,50948800,FF3D004B,000003D5,FF90FFFF,00000004,001A2B20,3C6701BE,2800EA15,D0FE3016,00000020,00000DD1
3538,51289300,FF400061,000003D5,FF910000,00000004,001A2B00,3C6801BF,2800EA15,D0FE3816,00000020,00000DD2
3539,50864700,FF420073,000003D5,FF920000,00000004,001A2AE0,3C6801B2,2800EA15,D0FE4816,00000020,00000DD3
3540,49971800,FF44007F,000003D5,FF930000,00000004,001A2AC1,3C6881AF,2800D7F2,D0FE5016,00000020,00000DD4
3541,50951000,FF460089,000003D5,FF940000,00010003,001B2AA2,3C688191,2800D7F2,D0FE6016,00000020,00000DD5
3542,50160200,FF470091,000003D5,FF950000,00010003,001B2A83,3C6981B6,2800D7F2,D0FE6816,00000020,00000DD6
3543,50346100,FF490094,000003D5,FF960000,00010003,001B2A64,3C6A8213,2800D7F2,D0FE7016,00000020,00000DD7
3544,51987800,FF4A0099,000003D5,FF980000,00010003,001B2A46,3C6A0196,2800D7F2,D0FE8016,00000020,00000DD8
3545,49890700,FF4B009E,000003D5,FF990000,00010003,001B2A29,3C6A81B3,2800D7F2,D0FE8816,00000020,00000DD9
3546,50954400,FF4D009E,000003D5,FF9A0000,00010003,001B2A0C,3C6B019F,2800D7F2,D0FE8816,00000020,00000DDA
3547,51911400,FF4D00A3,000003D5,FF9B0000,00010003,001B29EF,3C6B81A8,2800D7F2,D0FE9016,00000020,00000DDB
3548,50185200,FF4F00A3,000003D5,FF9C0000,00010003,001B29D2,3C6D01F4,2800D7F2,D0FE9816,00000020,00000DDC
3549,50006400,FF5000A4,000003D5,FF9D0000,00010003,001C29B5,3C6D01BF,2800D7F2,D0FE9816,00000020,00000DDD
3550,50065500,FF5000A7,000003D5,FF9E0000,00010003,001C2999,3C6C8189,2800D7F2,D0FEA016,00000020,00000DDE
3551,50491700,FF5100A7,000003D5,FF9E0000,00010003,001C297D,3C6D8198,2800D7F2,D0FEA816,00000020,00000DDF
3552,51196000,FF5200A8,000003D5,FF9F0000,00010003,001C2961,3C6D8191,2800D7F2,D0FEA016,00000020,00000DE0
3553,50009400,FF5200AA,000003D5,FF9F0000,00010003,001C2945,3C6F0200,2800D7F2,D0FEA016,00000020,00000DE1
3554,50489000,FF5200AA,000003D5,FF9F0000,00010003,001C292A,3C6F019C,2800D7F2,D0FEA816,00000020,00000DE2
3555,51037900,FF5200AC,000003D5,FFA00000,00010003,001C290E,3C6F81A3,2800D7F2,D0FEA016,00000020,00000DE3
3556,49884100,FF5200AB,000003D5,FFA00000,00010003,001C28F3,3C7101FC,2800D7F2,D0FEA016,00000020,00000DE4
3557,51089300,FF5100AD,000003D5,FFA00000,00010003,001D28D7,3C7081B6,2800D7F2,D0FEA016,00000020,00000DE5
3558,50901900,FF5100AD,000003D5,FF9F0000,00010003,001D28BB,3C708193,2800D7F2,D0FE9816,00000020,00000DE6
3559,50134200,FF4F00B0,000003D5,FF9F0000,00010003,001D289F,3C710181,2800D7F2,D0FE9016,00000020,00000DE7
3560,50272100,FF4F00A9,000003D5,FF9F0000,00010003,001D2884,3C7201D2,2800D7F2,D0FE9016,00000020,00000DE8
3561,51492700,FF4D0082,000003D5,FF9F0000,00010003,001D2868,3C720189,2800D7F2,D0FE8816,00000020,00000DE9
3562,51563000,FF4B0036,000003D5,FF9F0001,00010003,001D284C,3C728195,2800D7F2,D0FE8016,00000020,00000DEA
3563,49959000,FF49FFFA,000003D5,FF9F0001,00010003,001D2830,3C7281A5,2800D7F2,D0FE7816,00000020,00000DEB
3564,50629300,FF49FFD1,000003D5,FF9F0001,00000003,001D2814,3C7281AB,2800D7F2,D0FE7016,00000020,00000DEC
3565,58254900,FF47FFC0,000003D5,FF9E0001,00000003,001D27F8,3C72019A,2800D7F2,D0FE6016,00000020,00000DED
3566,42938200,FF46FFB1,000003D5,FF9D0001,00000003,001D27DC,3C7281D5,2800D7F2,D0FE5816,00000020,00000DEE
3567,50149300,FF45FFAB,000003D5,FF9C0001,00000003,001D27C0,3C7201AA,2800D7F2,D0FE5016,00000020,00000DEF
3568,49967000,FF43FFAA,000003D5,FF9B0000,00000003,001D27A3,3C71018A,2800D7F2,D0FE4016,00000020,00000DF0
3569,52246400,FF42FFA6,000003D5,FF9A0000,00000003,001D2786,3C7081B5,2800D7F2,D0FE3816,00000020,00000DF1
3570,49529900,FF40FFA3,000003D5,FF980000,00000003,001D2768,3C70818E,2800C62F,D0FE3016,00000020,00000DF2
3571,51001300,FF3EFFA4,000003D5,FF970000,00000003,001D274A,3C7001A0,2800C62F,D0FE2016,00000020,00000DF3
3572,50182200,FF3DFFA4,000003D5,FF960000,00000004,001C272C,3C700190,2800C62F,D0FE1816,00000020,00000DF4
3573,50959200,FF3AFFA6,000003D5,FF940000,00000004,001C270D,3C6F8194,2800C62F,D0FE1016,00000020,00000DF5
3574,49429000,FF3AFFA1,000003D5,FF930000,00000004,001C26EE,3C7001BD,2800C62F,D0FE1016,00000020,00000DF6
3575,50950000,FF37FFA5,000003D5,FF920000,00000004,001C26CF,3C6F81A6,2800C62F,D0FE0816,00000020,00000DF7
3576,120657700,FF36FFA5,000003D5,FF910000,00000004,001C26AF,3C6F81CE,2800C62F,D0FE0016,00000020,00000DF8
3577,13735700,FF34FFA3,000003D5,FF900000,00000004,001C268F,3C6E8193,2800C62F,D0FDF816,00000020,00000DF9
3578,50085600,FF33FFA6,000003D5,FF8F0000,00000004,001C266F,3C6F81EF,2800C62F,D0FDF816,00000020,00000DFA
3579,50635800,FF31FFA3,000003D5,FF8E0000,00000004,001C264E,3C6F01DB,2800C62F,D0FDF016,00000020,00000DFB
3580,50470200,FF30FFA7,000003D5,FF8D0000,00000004,001C262D,3C6D81D0,2800C62F,D0FDF016,00000020,00000DFC
3581,50779000,FF2FFFA3,000003D5,FF8D0000,00000004,001C260C,3C6E01AC,2800C62F,D0FDE816,00000020,00000DFD
3582,50680700,FF2EFFA6,000003D5,FF8C0000,00000004,001C25EB,3C6D01B3,2800C62F,D0FDE816,00000020,00000DFE
3583,51343400,FF2DFFA6,000003D5,FF8B0000,00000004,001C25CA,3C6D81B9,2800C62F,D0FDE016,00000020,00000DFF
3584,50080700,FF2CFFA8,000003D5,FF8B0000,00000004,001C25A8,3C6C819D,2800C62F,D0FDE016,00000020,00000E00
3585,49455900,FF2CFFA5,000003D5,FF8A0000,00000004,001B2586,3C6D01F7,2800C62F,D0FDE016,00000020,00000E01
3586,51339700,FF2BFFA7,000003D5,FF8A0000,00000004,001B2565,3C6C81E5,2800C62F,D0FDE016,00000020,00000E02
3587,50335800,FF2BFFA7,000003D5,FF8A0000,00000004,001B2543,3C6B818D,2800C62F,D0FDE016,00000020,00000E03
3588,51331100,FF2BFFA8,000003D5,FF8A0000,00000004,001B2521,3C6B81A7,2800C62F,D0FDE816,00000020,00000E04
3589,52874600,FF2CFFA7,000003D5,FF8A0000,00000004,001B24FF,3C6B01A2,2800C62F,D0FDF016,00000020,00000E05
3590,50767100,FF2CFFA7,000003D5,FF8B0000,00000004,001B24DE,3C6B01B2,2800C62F,D0FDF016,00000020,00000E06
3591,49733900,FF2DFFAA,000003D5,FF8B0000,00000004,001B24BC,3C6A8189,2800C62F,D0FDF816,00000020,00000E07
3592,51119700,FF2FFFA6,000003D5,FF8D0000,00000004,001B249B,3C6A0188,2800C62F,D0FE0816,00000020,00000E08
3593,50578600,FF31FFAA,000003D5,FF8E0000,00000004,001B247A,3C6A01C0,2800C62F,D0FE1016,00000020,00000E09
3594,49768800,FF33FFAA,000003D5,FF8F0000,00000004,001B245A,3C6A0199,2800C62F,D0FE2016,00000020,00000E0A
3595,50781900,FF37FFAA,000003D5,FF920000,00000004,001B243A,3C69819C,2800C62F,D0FE4016,00000020,00000E0B
3596,51634900,FF3AFFA9,000003D5,FF940000,00000004,001B241B,3C6981BB,2800C62F,D0FE5016,00000020,00000E0C
3597,50240000,FF3EFFBB,000003D5,FF970000,00000004,001B23FC,3C6901A3,2800C62F,D0FE6816,00000020,00000E0D
3598,50232200,FF42FFD8,000003D5,FF990000,00000004,001B23DF,3C6981D8,2800C62F,D0FE8016,00000020,00000E0E
3599,50395400,FF470003,000003D5,FF9D0000,00000004,001B23C2,3C688183,2800C62F,D0FEB016,00000020,00000E0F
3600,50945100,FF4D002C,000003D5,FFA00000,00000003,001B23A6,3C6901A8,2800B480,D0FED016,00000020,00000E10
3601,50348400,FF53004B,000003D5,FFA3FFFF,00000003,001B238B,3C6A01BA,2800B480,D0FEF816,00000020,00000E11
3602,50808300,FF590064,000003D5,FFA7FFFF,00000003,001B2371,3C6A019C,2800B480,D0FF2816,00000020,00000E12
3603,50195200,FF600074,000003D5,FFAB0000,00000003,001B2359,3C6B820F,2800B480,D0FF7016,00000020,00000E13
3604,49478300,FF670082,000003D5,FFB00000,00000003,001B2341,3C6B01B4,2800B480,D0FFB016,00000020,00000E14
3605,51318200,FF6E008C,000003D5,FFB40000,00010003,001B232B,3C6A81AA,2800B480,D0FFF016,00000020,00000E15
3606,49446600,FF750094,000003D5,FFB90000,00010003,001B2316,3C6B819A,2800B480,D0FFF816,00000020,00000E16
3607,49985200,FF7C009A,000003D5,FFBE0000,00010003,001B2303,3C6C01C6,2800B480,D0FFF816,00000020,00000E17
3608,50355600,FF83009B,000003D5,FFC30000,00010003,001C22F1,3C6C81C4,2800B480,D0FFF816,00000020,00000E18
3609,51326100,FF8A00A3,000003D5,FFC80000,00010002,001C22E1,3C6C818E,2800B480,D0FFF816,00000020,00000E19
3610,50662200,FF9100A4,000003D5,FFCC0000,00010002,001C22D1,3C6D81AB,2800B480,D0FFF816,00000020,00000E1A
3611,50084200,FF9900A6,000003D5,FFD10000,00010002,001C22C3,3C6E81FD,2800B480,D0FFF816,00000020,00000E1B
3612,51859800,FFA000A7,000003D5,FFD50000,00010002,001C22B6,3C6E0191,2800B480,D0FFF816,00000020,00000E1C
3613,49956200,FFA700AA,000003D5,FFD90000,00010002,001C22AB,3C6F01BB,2800B480,D0FFF816,00000020,00000E1D
3614,50615800,FFAE00A9,000003D5,FFDD0000,00010002,001C22A1,3C6F81D1,2800B480,D007F816,00000020,00000E1E
3615,51140800,FFC000AD,000103D5,FFE90000,00010002,001C2299,3C6F81AF,2800B480,D007F816,00000020,00000E1F
3616,50889800,FFCC00AD,000103D5,FFF10000,00010001,001D2294,3C7081A9,2800B480,D007F816,00000020,00000E20
3617,50548500,FFD200AE,000103D5,FFF80000,00010001,001D2290,3C7101CA,2800B480,D007F816,00000020,00000E21
3618,49893600,FFD900AF,000103D5,FFFC0000,00010001,001D228F,3C7181BA,2800B480,D007F816,00000020,00000E22
3619,50781200,FFE000B0,000003D5,FFFF0000,00010001,001D228E,3C718193,2800B480,D007F816,00000020,00000E23
3620,50801700,FFE600B1,000003D5,00000000,00010001,001D228E,3C738200,2800B480,D007F816,00000020,00000E24
3621,50271900,FFEC00B0,000003D5,00010000,00010001,001D228E,3C7301F0,2800B480,D007F816,00000020,00000E25
3622,51474900,FFF100B3,000003D5,00020000,00010001,001D228F,3C7481D4,2800B480,D007F816,00000020,00000E26
3623,49727400,FFF500B3,000003D5,00020000,00010000,001E228F,3C740199,2800B480,D007F816,00000020,00000E27
3624,50710500,FFF900B4,000003D5,00020000,00010000,001E2290,3C7581C9,2800B480,D007F816,00000020,00000E28
3625,49791600,FFFB00B4,000003D5,00020000,00010000,001E2290,3C7501A5,2800B480,D007F816,00000020,00000E29
3626,50381900,FFFD00B5,000003D5,00010000,00010000,001E2291,3C758190,2800B480,D007F816,00000020,00000E2A
3627,51163400,FFFE00B7,000003D5,00010000,00010000,001E2291,3C7681A2,2800B480,D007F816,00000020,00000E2B
3628,50286700,FFFF00B7,000003D5,00010000,00010000,001E2291,3C768182,2800B480,D007F816,00000020,00000E2C
3629,51752100,000000B8,000003D5,00010000,00010000,001E2292,3C7781AA,2800B480,E007F816,00000020,00000E2D
3630,50393600,000000BA,000003D5,00010000,00010000,001F2292,3C7801EC,2800A3D3,E007F816,00000020,00000E2E
3631,50402900,000000BA,000003D5,00000000,00010000,001F2292,3C7801A5,2800A3D3,E007F816,00000020,00000E2F
3632,50859000,000000BA,000003D5,00000000,00010000,001F2292,3C790194,2800A3D3,E007F816,00000020,00000E30
3633,51351600,000000BC,000003D5,00000000,00010000,001F2292,3C7A01A6,2800A3D3,E007F816,00000020,00000E31
3634,50026400,000000BD,000003D5,00000000,00010000,001F2292,3C7A01C0,2800A3D3,E007F816,00000020,00000E32
3635,50517200,000000BD,000003D5,00000000,00010000,001F2292,3C7A8187,2800A3D3,E007F816,00000020,00000E33
3636,50055000,000000BD,000003D5,00000000,00010000,001F2292,3C7B81A9,2800A3D3,E007F816,00000020,00000E34
3637,50561900,000000C0,000003D5,00000000,00010000,00202292,3C7B818C,2800A3D3,E007F816,00000020,00000E35
3638,50878700,000000C0,000003D5,00000000,00010000,00202292,3C7C01D1,2800A3D3,E007F816,00000020,00000E36
3639,50162000,000000C0,000003D5,00000000,00010000,00202292,3C7D0193,2800A3D3,E007F816,00000020,00000E37
3640,50595800,000000C2,000003D5,00000000,00010000,00202292,3C7D81CC,2800A3D3,E007F816,00000020,00000E38
3641,49643800,000000C2,000003D5,00000000,00010000,00202292,3C7E81AC,2800A3D3,E007F816,00000020,00000E39
3642,51071500,000000C4,000003D5,00000000,00010000,00202292,3C7F01E5,2800A3D3,E007F816,00000020,00000E3A
3643,51630200,000000C4,000003D5,00000000,00010000,00202292,3C7F018D,2800A3D3,E007F816,00000020,00000E3B
3644,50373600,000000C5,000003D5,00000000,00010000,00212292,3C800190,2800A3D3,E007F816,00000020,00000E3C
3645,51085200,000000C6,000003D5,00000000,00010000,00212292,3C80818D,2800A3D3,E007F816,00000020,00000E3D
3646,49884900,000000C7,000003D5,00000000,00010000,00212292,3C8081AF,2800A3D3,E007F816,00000020,00000E3E
3647,50534800,000000C7,000003D5,00000000,00010000,00212292,3C818185,2800A3D3,E007F816,00000020,00000E3F
3648,50806500,000000C9,000003D5,00000000,00010000,00212292,3C820194,2800A3D3,E007F816,00000020,00000E40
3649,51135000,000000C8,000003D5,00000000,00010000,00212292,3C8301A4,2800A3D3,E007F816,00000020,00000E41
3650,50975400,000000CC,000003D5,00000000,00010000,00222292,3C8401D2,2800A3D3,E007F816,00000020,00000E42
3651,52623500,000000CA,000003D5,00000000,00010000,00222292,3C8481B6,2800A3D3,E007F816,00000020,00000E43
3652,49129500,000000CD,000003D5,00000000,00010000,00222292,3C84818A,2800A3D3,E007F816,00000020,00000E44
3653,50809800,000000CD,000003D5,00000000,00010000,00222292,3C858195,2800A3D3,E007F816,00000020,00000E45
3654,50593900,000000CD,000003D5,00000000,00010000,00222292,3C8701C6,2BFCA3D3,E007F816,00000020,00000E46
3655,51917700,000C00CE,000003D5,00080000,00010000,00222294,3C8681BC,2BFCA3D3,E007F816,00000020,00000E47
3656,52628200,001400D1,000003D5,000F0000,00010000,00232297,3C8781A3,2BFCA3D3,E007F816,00000020,00000E48
3657,49093900,001600D0,000003D5,00140000,00010000,0023229C,3C8881C6,2BFCA3D3,E007F816,00000020,00000E49
3658,51283700,001A00D2,000003D5,00180000,00010000,FF2322A3,3C8981CF,2BFCA3D3,E007F816,00000020,00000E4A
3659,51032000,001F00D3,000003D5,001B0000,00010000,FF2322AA,3C8A020E,2BFCA3D3,E007F816,00000020,00000E4B
3660,50115000,002400D3,000003D5,001C0000,0001FFFF,FF2322B2,3C898192,2BFC93CC,E007F816,00000020,00000E4C
3661,50281200,001E00D4,000003D5,00150000,0001FFFF,FF2322B9,3C8A0197,2BFC93CC,E007F816,00000020,00000E4D
3662,50994800,001B00D6,000003D5,000F0000,00010000,FF2422BE,3C8B0187,2BFC93CC,E007F816,00000020,00000E4E
3663,50716000,001D00D6,000003D5,000A0000,00010000,FF2422C2,3C8C019D,2BFC93CC,E007F816,00000020,00000E4F
3664,51102000,001C00D8,000003D5,00070000,00010000,FF2422C4,3C8C8203,2BFC93CC,E007F816,00000020,00000E50
3665,49771300,001A00D8,000003D5,00040000,00010000,FF2422C6,3C8C8188,2BFC93CC,E007F816,00000020,00000E51
3666,50576000,001700D9,000003D5,00020000,00010000,FF2422C6,3C8D819E,2BFC93CC,E007F816,00000020,00000E52
3667,51472800,001300DA,000003D5,00000000,00010000,FF2422C7,3C8E018E,2BFC93CC,E007F816,00000020,00000E53
3668,51334500,001000DB,000003D5,FFFF0000,00010000,FF2522C7,3C8E8183,2BFC93CC,E007F816,00000020,00000E54
3669,49935900,000D00DC,000003D5,FFFF0000,00010000,FF2522C6,3C8F8188,2BFC93CC,E007F816,00000020,00000E55
3670,48851500,000A00DD,000003D5,FFFF0000,00010000,FF2522C6,3C90018A,2BFC93CC,E007F816,00000020,00000E56
3671,50409600,001300DE,000003D5,00070000,00010000,FF2522C7,3C90819A,2BFC93CC,E007F816,00000020,00000E57
3672,51427400,001800DF,000003D5,000D0000,00010000,FF2522CA,3C9181A6,2BFC93CC,E007F816,00000020,00000E58
3673,50555900,001900DE,000003D5,00120000,00010000,FF2522CF,3C9301AC,2BFC93CC,E007F816,00000020,00000E59
3674,50385500,001100E4,000003D5,000E0000,00010000,FF2622D3,3C928186,2BFC93CC,E007F816,00000020,00000E5A
3675,50470700,000D00E1,000003D5,000A0000,00010000,FF2622D6,3C9481DE,2BFC93CC,E007F816,00000020,00000E5B
3676,50360700,001000E3,000003D5,00070000,00010000,FF2622D9,3C94018A,2BFC93CC,E007F816,00000020,00000E5C
3677,51173100,001000E3,000003D5,00050000,00010000,FF2622DB,3C9581A7,2BFC93CC,E007F816,00000020,00000E5D
3678,49889000,001000E4,000003D5,00030000,00010000,FF2622DC,3C9581AF,2BFC93CC,E007F816,00000020,00000E5E
3679,51374400,000E00E4,000003D5,00020000,00010000,FF2622DC,3C960190,2BFC93CC,E007F816,00000020,00000E5F
3680,50077800,000D00E4,000003D5,00010000,00010000,FF2722DD,3C978197,2BFC93CC,E007F816,00000020,00000E60
3681,50794600,000B00E4,000003D5,00000000,00010000,FF2722DD,3C9881AC,2BFC93CC,E007F816,00000020,00000E61
3682,50828800,000900E4,000003D5,FFFF0000,00010000,FF2722DD,3C9981DA,2BFC93CC,E007F816,00000020,00000E62
3683,49281800,000700E4,000003D5,FFFF0000,00010000,FF2722DC,3C9A01B1,2BFC93CC,E007F816,00000020,00000E63
3684,50668000,000600E5,000003D5,FFFF0000,00010000,FF2722DC,3C998184,2BFC93CC,E007F816,00000020,00000E64
3685,50151800,000400E4,000003D5,FFFF0000,00010000,FF2822DC,3C9B01A2,2BFC93CC,E007F816,00000020,00000E65
3686,51163600,000300E4,000003D5,FFFF0000,00010000,FF2822DC,3C9C01B3,2BFC93CC,E007F816,00000020,00000E66
3687,50569800,000200E4,000003D5,FFFF0000,00010000,002822DB,3C9C81A9,2BFC93CC,E007F816,00000020,00000E67
3688,50110900,000100E5,000003D5,FFFF0000,00010000,002822DB,3C9D81BA,2BFC93CC,E007F816,00000020,00000E68
3689,51171600,000100E5,000003D5,FFFF0000,00010000,002822DB,3C9D8198,2BFC93CC,E007F816,00000020,00000E69
3690,49702700,000000E4,000003D5,FFFF0000,00010000,002822DB,3C9E019B,2BFC84A0,E007F816,00000020,00000E6A
3691,51667400,000000E4,000003D5,00000000,00010000,002922DB,3C9F01AB,2BFC84A0,E007F816,00000020,00000E6B
3692,52686300,000000E5,000003D5,00000000,00010000,002922DA,3CA001AC,2BFC84A0,E007F816,00000020,00000E6C
3693,50133300,000000E4,000003D5,00000000,00010000,002922DA,3CA0019A,2BFC84A0,E007F816,00000020,00000E6D
3694,50610400,000000E5,000003D5,00000000,00010000,002922DA,3CA0818E,2BFC84A0,E007F816,00000020,00000E6E
3695,49982800,000000E4,000003D5,00000000,00010000,002922DA,3CA1818A,2BFC84A0,E007F816,00000020,00000E6F
3696,51115500,000000E5,000003D5,00000000,00010000,002922DA,3CA381D2,2BFC84A0,E007F816,00000020,00000E70
3697,51012800,000000E5,000003D5,00000000,00010000,002A22DA,3CA28189,2BFC84A0,E007F816,00000020,00000E71
3698,50047000,000000E4,000003D5,00000000,00010000,002A22DA,3CA30194,2BFC84A0,E007F816,00000020,00000E72
3699,50402900,000000E5,000003D5,00000000,00010000,002A22DA,3CA40190,2BFC84A0,E007F816,00000020,00000E73
3700,50810800,000000E5,000003D5,00000000,00010000,002A22DA,3CA50195,2BFC84A0,E007F816,00000020,00000E74
3701,50564700,000000E5,000003D5,00000000,00010000,002A22DA,3CA58199,2BFC84A0,E007F816,00000020,00000E75
3702,50987000,000000E4,000003D5,00000000,00010000,002B22DA,3CA68194,2BFC84A0,E007F816,00000020,00000E76
3703,51511300,000000E5,000003D5,00000000,00020000,002B22DA,3CA881FD,2BFC84A0,E007F816,00000020,00000E77
3704,51544000,000000E5,000003D5,00000000,00020000,002B22DA,3CA881B7,2BFC84A0,E007F816,00000020,00000E78
3705,51185500,000000E0,000003D5,00000000,00010000,002B22DA,3CA80189,2BFC84A0,E007F816,00000020,00000E79
3706,48719400,000000AD,000003D5,00000000,00010000,002B22DA,3CAB822A,2BFC84A0,E007F816,00000020,00000E7A
3707,49898200,00000047,000003D5,00000001,00010000,002B22DA,3CA9819D,2BFC84A0,E007F816,00000020,00000E7B
3708,50528600,0000FFED,000003D5,00000001,00010000,002B22DA,3CA881C3,280084A0,E007F816,00000020,00000E7C
3709,52195000,0000FFB8,000003D5,00000001,00010000,002B22DA,3CA981A4,280084A0,E007F816,00000020,00000E7D
3710,49264900,000AFF9A,000003D5,00070001,00000000,002B22DC,3CA881AC,280084A0,E007F816,00000020,00000E7E
3711,51915900,0012FF88,000003D5,000E0001,00000000,002B22DF,3CA80185,280084A0,E007F816,00000020,00000E7F
3712,50239100,0015FF7E,000003D5,00120001,00000000,FF2B22E3,3CA781B0,280084A0,E007F816,00000020,00000E80
3713,49862700,0019FF7B,000003D5,00160000,00000000,FF2B22E9,3CA70188,280084A0,E007F816,00000020,00000E81
3714,49996700,001FFF89,000003D5,00190000,00000000,FF2B22F0,3CA781AA,280084A0,E007F816,00000020,00000E82
3715,50769300,0025FFB3,000003D5,001A0000,00000000,FF2B22F8,3CA701AA,280084A0,E007F816,00000020,00000E83
3716,51450700,0020FFEE,000003D5,00140000,0000FFFF,FF2B22FE,3CA701E9,280084A0,E007F816,00000020,00000E84
3717,50833000,001E0031,000003D5,000FFFFF,0000FFFF,FF2B2303,3CA681E6,280084A0,E007F816,00000020,00000E85
3718,50987800,00200066,000003D5,000AFFFF,0000FFFF,FF2B2306,3CA801AB,280084A0,E007F816,00000020,00000E86
3719,50111000,001F008E,000003D5,0006FFFF,0000FFFF,FF2B2308,3CA78198,280084A0,E007F816,00000020,00000E87
3720,50580100,001D00AA,000003D5,0004FFFF,00010000,FF2B230A,3CAA01EA,2800764C,E007F816,00000020,00000E88
3721,50863700,001A00B8,000003D5,0001FFFF,00010000,FF2B230A,3CA88199,2800764C,E007F816,00000020,00000E89
3722,50477300,00170094,000003D5,00000000,00010000,FF2B230B,3CA981AE,2800764C,E007F816,00000020,00000E8A
3723,53654000,00140036,000003D5,FFFF0000,00010000,FF2B230A,3CA90185,2800764C,E007F816,00000020,00000E8B
3724,48075200,0010FFE5,000003D5,FFFE0001,00010000,FF2B230A,3CA9819E,2800764C,E007F816,00000020,00000E8C
3725,50280900,000DFFB3,000003D5,FFFE0001,00000000,FF2B2309,3CA901B9,2800764C,E007F816,00000020,00000E8D
3726,49747400,0009FF96,000003D5,FFFE0001,00000000,FF2B2309,3CA901D8,2800764C,E007F816,00000020,00000E8E
3727,51177700,0007FF86,000003D5,FFFE0001,00000000,FF2B2308,3CA88195,2800764C,E007F816,00000020,00000E8F
3728,50643300,0005FF7D,000003D5,FFFE0001,00000000,FF2B2307,3CA78184,2800764C,E007F816,00000020,00000E90
3729,50451200,0003FF7A,000003D5,FFFE0000,00000000,FF2B2307,3CA78199,2800764C,E007F816,00000020,00000E91
3730,50642600,0001FF89,000003D5,FFFE0000,00000000,002B2306,3CA781CC,2800764C,E007F816,00000020,00000E92
3731,52218800,0000FFB2,000003D5,FFFF0000,00000000,002B2306,3CA7020B,2800764C,E007F816,00000020,00000E93
3732,50654400,0000FFEE,000003D5,FFFF0000,00000000,002B2305,3CA68192,2800764C,E007F816,00000020,00000E94
3733,50747300,FFFF0032,000003D5,FFFFFFFF,00000000,002B2305,3CA701A1,2800764C,E007F816,00000020,00000E95
3734,51048900,FFFF0066,000003D5,FFFFFFFF,00000000,002B2305,3CA881D6,2800764C,E007F816,00000020,00000E96
3735,55653000,FFFF008E,000003D5,0000FFFF,00000000,002B2305,3CA78185,2800764C,E007F816,00000020,00000E97
3736,48611200,FFFF00AA,000003D5,0000FFFF,00010000,002B2304,3CA901B9,2800764C,E007F816,00000020,00000E98
3737,46754800,FFFF00B8,000003D5,0000FFFF,00010000,002B2304,3CAA81D6,2800764C,E007F816,00000020,00000E99
3738,52577500,FFFF0094,000003D5,00000000,00010000,002B2304,3CAA01B5,2800764C,E007F816,00000020,00000E9A
3739,50039900,FFFF0037,000003D5,00000000,00010000,002B2304,3CA9019B,2800764C,E007F816,00000020,00000E9B
3740,50202000,FFFFFFE4,000003D5,00000001,00010000,002B2304,3CA981BF,2800764C,E007F816,00000020,00000E9C
3741,49914500,FFFFFFB3,000003D5,00000001,00000000,002B2304,3CAA01BD,2800764C,E007F816,00000020,00000E9D
3742,50953400,FFFFFF97,000003D5,00000001,00000000,002B2304,3CA881EA,2800764C,E007F816,00000020,00000E9E
3743,50335300,0000FF86,000003D5,00000001,00000000,002B2304,3CA981CE,2800764C,E007F816,00000020,00000E9F
3744,114730100,0000FF7D,000003D5,00000001,00000000,002B2304,3CA881A5,2800764C,E007F816,00000020,00000EA0
3745,14909900,000AFF7A,000003D5,00070000,00000000,002B2306,3CA801C0,2800764C,E007F816,00000020,00000EA1
3746,50004400,0012FF89,000003D5,000D0000,00000000,002B2309,3CA881E4,2800764C,E007F816,00000020,00000EA2
3747,49728700,000AFFB2,000003D5,000B0000,00000000,FF2B230C,3CA781AC,2800764C,E007F816,00000020,00000EA3
3748,49746400,0007FFEE,000003D5,00080000,00000000,FF2B230F,3CA7019D,2800764C,E007F816,00000020,00000EA4
3749,51914700,000A0032,000003D5,0006FFFF,00000000,FF2B2311,3CA7819D,2800764C,E007F816,00000020,00000EA5
3750,49229300,000B0066,000003D5,0004FFFF,00000000,FF2B2313,3CA801BE,280068C3,E007F816,00000020,00000EA6
3751,50005900,000C008E,000003D5,0003FFFF,00000000,FF2B2314,3CA80199,280068C3,E007F816,00000020,00000EA7
3752,50710500,000B00A5,000003D5,0002FFFF,00010000,FF2B2314,3CA80184,280068C3,E007F816,00000020,00000EA8
3753,49722000,000A0087,000003D5,00010000,00010000,FF2B2315,3CA881B9,280068C3,E007F816,00000020,00000EA9
3754,51693700,0009002F,000003D5,00000000,00010000,FF2B2315,3CA901A1,280068C3,E007F816,00000020,00000EAA
3755,50233700,0008FFE0,000003D5,00000001,00010000,FF2B2315,3CAA0200,280068C3,E007F816,00000020,00000EAB
3756,50770500,0006FFB0,000003D5,FFFF0001,00000000,FF2B2314,3CA981C1,280068C3,E007F816,00000020,00000EAC
3757,49673600,0005FF96,000003D5,FFFF0001,00000000,FF2B2314,3CA80196,280068C3,E007F816,00000020,00000EAD
3758,51368500,0004FF86,000003D5,FFFF0001,00000000,FF2B2314,3CA7818C,280068C3,E007F816,00000020,00000EAE
3759,50711200,0003FF7F,000003D5,FFFF0001,00000000,FF2B2314,3CA781CC,280068C3,E007F816,00000020,00000EAF
3760,51245000,0002FF8C,000003D5,FFFF0000,00000000,002B2314,3CA781B2,280068C3,E007F816,00000020,00000EB0
3761,49934900,0001FFB4,000003D5,FFFF0000,00000000,002B2313,3CA6818B,280068C3,E007F816,00000020,00000EB1
3762,50713300,0001FFF0,000003D5,FFFF0000,00000000,002B2313,3CA681A5,280068C3,E007F816,00000020,00000EB2
3763,50043300,00000032,000003D5,FFFFFFFF,00000000,002B2313,3CA9021E,280068C3,E007F816,00000020,00000EB3
3764,50145500,00000067,000003D5,0000FFFF,00000000,002B2313,3CA7019A,280068C3,E007F816,00000020,00000EB4
3765,51157600,0000008E,000003D5,0000FFFF,00000000,002B2313,3CA7818D,280068C3,E007F816,00000020,00000EB5
3766,50502000,000000AA,000003D5,0000FFFF,00010000,002B2313,3CA8819C,280068C3,E007F816,00000020,00000EB6
3767,51131600,000000B9,000003D5,0000FFFF,00010000,002B2312,3CA9019A,280068C3,E007F816,00000020,00000EB7
3768,50818600,00000094,000003D5,00000000,00010000,002B2312,3CA9019B,280068C3,E007F816,00000020,00000EB8
3769,50742100,00000037,000003D5,00000000,00010000,002B2312,3CA9818C,280068C3,E007F816,00000020,00000EB9
3770,49363000,0000FFE4,000003D5,00000001,00010000,002B2312,3CA901A5,280068C3,E007F816,00000020,00000EBA
3771,51242900,0000FFB3,000003D5,00000001,00000000,002B2312,3CA901C9,280068C3,E007F816,00000020,00000EBB
3772,50508500,0000FF96,000003D5,00000001,00000000,002B2312,3CA90195,280068C3,E007F816,00000020,00000EBC
3773,50742600,0000FF86,000003D5,00000001,00000000,002B2312,3CA88194,280068C3,E007F816,00000020,00000EBD
3774,50332200,0000FF7D,000003D5,00000001,00000000,002B2312,3CA8018E,280068C3,E007F816,00000020,00000EBE
3775,51772500,0000FF7A,000003D5,00000000,00000000,002B2312,3CA801A7,280068C3,E007F816,00000020,00000EBF
3776,51539100,0000FF89,000003D5,00000000,00000000,002B2312,3CA881D0,280068C3,E007F816,00000020,00000EC0
3777,49857500,0000FFB2,000003D5,00000000,00000000,002B2312,3CA70189,280068C3,E007F816,00000020,00000EC1
3778,49973100,0000FFEE,000003D5,00000000,00000000,002B2312,3CA70194,280068C3,E007F816,00000020,00000EC2
3779,50252900,00000031,000003D5,0000FFFF,00000000,002B2312,3CA681C9,280068C3,E007F816,00000020,00000EC3
3780,51261600,00000066,000003D5,0000FFFF,00000000,002B2312,3CA7819F,28005C8C,E007F816,00000020,00000EC4
3781,49129500,0000008E,000003D5,0000FFFF,00000000,002B2312,3CA7818C,28005C8C,E007F816,00000020,00000EC5
3782,52007700,000000A5,000003D5,0000FFFF,00010000,002B2312,3CAA01EB,28005C8C,E007F816,00000020,00000EC6
3783,49438500,00000087,000003D5,00000000,00010000,002B2312,3CA8818F,28005C8C,E007F816,00000020,00000EC7
3784,50898700,0000002F,000003D5,00000000,00010000,002B2312,3CAA01CD,28005C8C,E007F816,00000020,00000EC8
3785,50948600,0000FFE0,000003D5,00000001,00010000,002B2312,3CA901A8,28005C8C,E007F816,00000020,00000EC9
3786,50073800,0000FFB1,000003D5,00000001,00000000,002B2312,3CA981C7,28005C8C,E007F816,00000020,00000ECA
3787,51297900,0000FF95,000003D5,00000001,00000000,002B2312,3CA80185,28005C8C,E007F816,00000020,00000ECB
3788,51128600,0000FF86,000003D5,00000001,00000000,002B2312,3CA881D3,28005C8C,E007F816,00000020,00000ECC
3789,50403000,0000FF7F,000003D5,00000001,00000000,002B2312,3CA70186,28005C8C,E007F816,00000020,00000ECD
3790,50812600,0000FF8D,000003D5,00000000,00000000,002B2312,3CA70194,28005C8C,E007F816,00000020,00000ECE
3791,50976400,0000FFB4,000003D5,00000000,00000000,002B2312,3CA68194,28005C8C,E007F816,00000020,00000ECF
3792,50014200,0000FFF0,000003D5,00000000,00000000,002B2312,3CA701FF,28005C8C,E007F816,00000020,00000ED0
3793,49585100,00000032,000003D5,0000FFFF,00000000,002B2312,3CA70196,28005C8C,E007F816,00000020,00000ED1
3794,50602300,00000067,000003D5,0000FFFF,00000000,002B2312,3CA70199,28005C8C,E007F816,00000020,00000ED2
3795,51148500,0000008E,000003D5,0000FFFF,00000000,002B2312,3CA801A5,28005C8C,E007F816,00000020,00000ED3
3796,50577100,000000AB,000003D5,0000FFFF,00010000,002B2312,3CA981D0,28005C8C,E007F816,00000020,00000ED4
3797,51360100,000000B9,000003D5,0000FFFF,00010000,002B2312,3CA981AE,28005C8C,E007F816,00000020,00000ED5
3798,51851000,00000094,000003D5,00000000,00010000,002B2312,3CA901B0,28005C8C,E007F816,00000020,00000ED6
3799,50467400,00000037,000003D5,00000000,00010000,002B2312,3CA9018F,28005C8C,E007F816,00000020,00000ED7
3800,51445300,0000FFE4,000003D5,00000001,00010000,002B2312,3CAA81CE,28005C8C,E007F816,00000020,00000ED8
3801,51324400,0000FFB3,000003D5,00000001,00000000,002B2312,3CA8818A,28005C8C,E007F816,00000020,00000ED9
3802,49657500,0000FF96,000003D5,00000001,00000000,002B2312,3CA8818B,28005C8C,E007F816,00000020,00000EDA
3803,50552000,0000FF86,000003D5,00000001,00000000,002B2312,3CA881AA,28005C8C,E007F816,00000020,00000EDB
3804,50149000,0000FF7D,000003D5,00000001,00000000,002B2312,3CA801CB,28005C8C,E007F816,00000020,00000EDC
3805,50347400,0000FF79,000003D5,00000000,00000000,002B2312,3CA701B5,28005C8C,E007F816,00000020,00000EDD
3806,50704900,0000FF8A,000003D5,00000000,00000000,002B2312,3CA701CA,28005C8C,E007F816,00000020,00000EDE
3807,50804700,0000FFB1,000003D5,00000000,00000000,002B2312,3CA6818B,28005C8C,E007F816,00000020,00000EDF
3808,51840100,0000FFEE,000003D5,00000000,00000000,002B2312,3CA781B2,28005C8C,E007F816,00000020,00000EE0
3809,50342300,00000032,000003D5,0000FFFF,00000000,002B2312,3CA781A2,28005C8C,E007F816,00000020,00000EE1
3810,50703700,00000066,000003D5,0000FFFF,00000000,002B2312,3CA901DD,28005172,E007F816,00000020,00000EE2
3811,50581300,0000008E,000003D5,0000FFFF,00000000,002B2312,3CA8019B,28005172,E007F816,00000020,00000EE3
3812,51478600,000000A5,000003D5,0000FFFF,00010000,002B2312,3CA881AC,28005172,E007F816,00000020,00000EE4
3813,49970000,00000087,000003D5,00000000,00010000,002B2312,3CA881B4,28005172,E007F816,00000020,00000EE5
3814,49734800,00000030,000003D5,00000000,00010000,002B2312,3CA90190,28005172,E007F816,00000020,00000EE6
3815,51570600,0000FFDF,000003D5,00000001,00010000,002B2312,3CA8819F,28005172,E007F816,00000020,00000EE7
3816,51649500,0000FFB0,000003D5,00000001,00000000,002B2312,3CA88196,28005172,E007F816,00000020,00000EE8
3817,49475600,0000FF96,000003D5,00000001,00000000,002B2312,3CA801E2,28005172,E007F816,00000020,00000EE9
3818,51141300,0000FF86,000003D5,00000001,00000000,002B2312,3CA901D2,28005172,E007F816,00000020,00000EEA
3819,50837900,0000FF7F,000003D5,00000001,00000000,002B2312,3CA801A2,28005172,E007F816,00000020,00000EEB
3820,50249700,0000FF8D,000003D5,00000000,00000000,002B2312,3CA7819A,28005172,E007F816,00000020,00000EEC
3821,50328300,0000FFB4,000003D5,00000000,00000000,002B2312,3CA781BE,28005172,E007F816,00000020,00000EED
3822,51464200,0000FFF0,000003D5,00000000,00000000,002B2312,3CA6819B,28005172,E007F816,00000020,00000EEE
3823,50167400,00000032,000003D5,0000FFFF,00000000,002B2312,3CA781DB,28005172,E007F816,00000020,00000EEF
3824,52201200,00000068,000003D5,0000FFFF,00000000,002B2312,3CA881C9,28005172,E007F816,00000020,00000EF0
3825,49490900,0000008E,000003D5,0000FFFF,00000000,002B2312,3CA901CC,28005172,E007F816,00000020,00000EF1
3826,49094500,000000AB,000003D5,0000FFFF,00010000,002B2312,3CA801AA,28005172,E007F816,00000020,00000EF2
3827,51840700,000000B8,000003D5,0000FFFF,00010000,002B2312,3CA88188,28005172,E007F816,00000020,00000EF3
3828,50426900,00000094,000003D5,00000000,00010000,002B2312,3CA981FB,28005172,E007F816,00000020,00000EF4
3829,50285400,00000037,000003D5,00000000,00010000,002B2312,3CA98192,28005172,E007F816,00000020,00000EF5
3830,50026400,0000FFE4,000003D5,00000001,00010000,002B2312,3CA9819C,28005172,E007F816,00000020,00000EF6
3831,51047800,0000FFB3,000003D5,00000001,00000000,002B2312,3CA981B0,28005172,E007F816,00000020,00000EF7
3832,50080400,0000FF96,000003D5,00000001,00000000,002B2312,3CA901B7,28005172,E007F816,00000020,00000EF8
3833,51891600,0000FF86,000003D5,00000001,00000000,002B2312,3CA901AB,28005172,E007F816,00000020,00000EF9
3834,50174000,0000FF7D,000003D5,00000001,00000000,002B2312,3CA781A4,28005172,E007F816,00000020,00000EFA
3835,49417500,0000FF7A,000003D5,00000000,00000000,002B2312,3CA801A1,28005172,E007F816,00000020,00000EFB
3836,50622600,0000FF89,000003D5,00000000,00000000,002B2312,3CA881CB,28005172,E007F816,00000020,00000EFC
3837,49414700,0000FFB1,000003D5,00000000,00000000,002B2312,3CA781AC,28005172,E007F816,00000020,00000EFD
3838,49212900,0000FFEE,000003D5,00000000,00000000,002B2312,3CA70194,28005172,E007F816,00000020,00000EFE
3839,50177500,00000031,000003D5,0000FFFF,00000000,002B2312,3CA7018B,28005172,E007F816,00000020,00000EFF
3840,50877200,00000066,000003D5,0000FFFF,00000000,002B2312,3CA78197,2800479D,E007F816,00000022,00000F00
3841,49826100,0000008E,000003D5,0000FFFF,00000000,002B2312,3CA801A5,2800479D,E007F816,00000022,00000F01
3842,51030800,000000A5,000003D5,0000FFFF,00010000,002B2312,3CA8819B,2800479D,E007F816,00000022,00000F02
3843,50941100,00000088,000003D5,00000000,00010000,002B2312,3CA901A3,2800479D,E007F816,00000022,00000F03
3844,50146400,0000002F,000003D5,00000000,00010000,002B2312,3CA881A2,2800479D,E007F816,00000022,00000F04
3845,52246800,0000FFDF,000003D5,00000001,00010000,002B2312,3CA9019F,2800479D,E007F816,00000022,00000F05
3846,49450000,0000FFB1,000003D5,00000001,00000000,002B2312,3CA88193,2800479D,E007F816,00000022,00000F06
3847,49945000,0000FF96,000003D5,00000001,00000000,002B2312,3CA981CC,2800479D,E007F816,00000022,00000F07
3848,50664100,0000FF86,000003D5,00000001,00000000,002B2312,3CA881B6,2800479D,E007F816,00000022,00000F08
3849,49848700,0000FF7E,000003D5,00000001,00000000,002B2312,3CA781A1,2800479D,E007F816,00000022,00000F09
3850,50824300,0000FF8E,000003D5,00000000,00000000,002B2312,3CA901FF,2800479D,E007F816,00000022,00000F0A
3851,50407000,0000FFB3,000003D5,00000000,00000000,002B2312,3CA68186,2800479D,E007F816,00000022,00000F0B
3852,49949900,0000FFF0,000003D5,00000000,00000000,002B2312,3CA68181,2800479D,E007F816,00000022,00000F0C
3853,51029900,00000032,000003D5,0000FFFF,00000000,002B2312,3CA781B3,2800479D,E007F816,00000022,00000F0D
3854,51894700,00000067,000003D5,0000FFFF,00000000,002B2312,3CA78197,2800479D,E007F816,00000022,00000F0E
3855,50256600,0000008E,000003D5,0000FFFF,00000000,002B2312,3CA801B2,2800479D,E007F816,00000022,00000F0F
3856,51712900,000000AB,000003D5,0000FFFF,00010000,002B2312,3CA80191,2800479D,E007F816,00000022,00000F10
3857,49908000,000000B9,000003D5,0000FFFF,00010000,002B2312,3CA901B3,2800479D,E007F816,00000022,00000F11
3858,50651800,00000093,000003D5,00000000,00010000,002B2312,3CA98191,2800479D,E007F816,00000022,00000F12
3859,50473400,00000037,000003D5,00000000,00010000,002B2312,3CA981AB,2800479D,E007F816,00000022,00000F13
3860,50356800,0000FFE4,000003D5,00000001,00010000,002B2312,3CAA01B1,2800479D,E007F816,00000022,00000F14
3861,51118600,0000FFB3,000003D5,00000001,00000000,002B2312,3CA901BD,2800479D,E007F816,00000022,00000F15
3862,49076400,0000FF95,000003D5,00000001,00000000,002B2312,3CA901CE,2800479D,E007F816,00000022,00000F16
3863,50888600,0000FF87,000003D5,00000001,00000000,002B2312,3CA8818D,2800479D,E007F816,00000022,00000F17
3864,49689300,0000FF7D,000003D5,00000001,00000000,002B2312,3CA8019A,2800479D,E007F816,00000022,00000F18
3865,50896300,0000FF79,000003D5,00000000,00000000,002B2312,3CA781A4,2800479D,E007F816,00000022,00000F19
3866,51325200,0000FF89,000003D5,00000000,00000000,002B2312,3CA901DD,2800479D,E007F816,00000022,00000F1A
3867,50554400,0000FFB1,000003D5,00000000,00000000,002B2312,3CA801C5,2800479D,E007F816,00000022,00000F1B
3868,49864100,0000FFEF,000003D5,00000000,00000000,002B2312,3CA781B6,2800479D,E007F816,00000022,00000F1C
3869,50764300,00000031,000003D5,0000FFFF,00000000,002B2312,3CA7018C,2800479D,E007F816,00000022,00000F1D
3870,50573400,00000067,000003D5,0000FFFF,00000000,002B2312,3CA781D4,28003F0D,E007F816,00000022,00000F1E
3871,49734800,0000008E,000003D5,0000FFFF,00000000,002B2312,3CA80199,28003F0D,E007F816,00000022,00000F1F
3872,50126700,000000A5,000003D5,0000FFFF,00010000,002B2312,3CA88194,28003F0D,E007F816,00000022,00000F20
3873,50863300,00000087,000003D5,00000000,00010000,002B2312,3CA90195,28003F0D,E007F816,00000022,00000F21
3874,50020400,00000030,000003D5,00000000,00010000,002B2312,3CA90191,28003F0D,E007F816,00000022,00000F22
3875,50940700,0000FFE0,000003D5,00000001,00010000,002B2312,3CA901A2,28003F0D,E007F816,00000022,00000F23
3876,50919200,0000FFB1,000003D5,00000001,00000000,002B2312,3CA901B0,28003F0D,E007F816,00000022,00000F24
3877,51434900,0000FF95,000003D5,00000001,00000000,002B2312,3CA80181,28003F0D,E007F816,00000022,00000F25
3878,50678600,0000FF86,000003D5,00000001,00000000,002B2312,3CAB0250,28003F0D,E007F816,00000022,00000F26
3879,50220500,0000FF7E,000003D5,00000001,00000000,002B2312,3CA8019B,28003F0D,E007F816,00000022,00000F27
3880,50282300,0000FF8D,000003D5,00000000,00000000,002B2312,3CA781E7,28003F0D,E007F816,00000022,00000F28
3881,50515800,0000FFB4,000003D5,00000000,00000000,002B2312,3CA681CB,28003F0D,E007F816,00000022,00000F29
3882,50101600,0000FFEF,000003D5,00000000,00000000,002B2312,3CA70198,28003F0D,E007F816,00000022,00000F2A
3883,49787700,00000032,000003D5,0000FFFF,00000000,002B2312,3CA70193,28003F0D,E007F816,00000022,00000F2B
3884,50845200,00000067,000003D5,0000FFFF,00000000,002B2312,3CA781B8,28003F0D,E007F816,00000022,00000F2C
3885,50782200,0000008F,000003D5,0000FFFF,00000000,002B2312,3CA7818C,28003F0D,E007F816,00000022,00000F2D
3886,50332800,000000A6,000003D5,0000FFFF,00010000,002B2312,3CA881A2,28003F0D,E007F816,00000022,00000F2E
3887,50931900,00000087,000003D5,00000000,00010000,002B2312,3CA881A5,28003F0D,E007F816,00000022,00000F2F
3888,51333600,00000030,000003D5,00000000,00010000,002B2312,3CA901A3,28003F0D,E007F816,00000022,00000F30
3889,49987900,0000FFE0,000003D5,00000001,00010000,002B2312,3CA901D5,28003F0D,E007F816,00000022,00000F31
3890,50511900,0000FFB0,000003D5,00000001,00000000,002B2312,3CA901EA,28003F0D,E007F816,00000022,00000F32
3891,50392100,0000FF96,000003D5,00000001,00000000,002B2312,3CA901AD,28003F0D,E007F816,00000022,00000F33
3892,50818000,0000FF85,000003D5,00000001,00000000,002B2312,3CA7819B,28003F0D,E007F816,00000022,00000F34
3893,52407900,0000FF7F,000003D5,00000001,00000000,002B2312,3CA801AE,28003F0D,E007F816,00000022,00000F35
3894,49813300,0000FF8D,000003D5,00000000,00000000,002B2312,3CA701A5,28003F0D,E007F816,00000022,00000F36
3895,50121500,0000FFB3,000003D5,00000000,00000000,002B2312,3CA68189,28003F0D,E007F816,00000022,00000F37
3896,50188800,0000FFEF,000003D5,00000000,00000000,002B2312,3CA7019E,28003F0D,E007F816,00000022,00000F38
3897,52003500,00000033,000003D5,0000FFFF,00000000,002B2312,3CA7019E,28003F0D,E007F816,00000022,00000F39
3898,48350500,00000067,000003D5,0000FFFF,00000000,002B2312,3CA801EB,28003F0D,E007F816,00000022,00000F3A
3899,50876700,0000008E,000003D5,0000FFFF,00000000,002B2312,3CA8019E,28003F0D,E007F816,00000022,00000F3B
3900,49440000,000000AB,000003D5,0000FFFF,00010000,002B2312,3CA901BF,280037D1,E007F816,00000022,00000F3C
3901,50579700,000000B8,000003D5,0000FFFF,00010000,002B2312,3CA88190,280037D1,E007F816,00000022,00000F3D
3902,49593600,00000096,000003D5,00000000,00010000,002B2312,3CAB821D,280037D1,E007F816,00000022,00000F3E
3903,50982300,00000036,000003D5,00000000,00010000,002B2312,3CAA01B6,280037D1,E007F816,00000022,00000F3F
3904,51776400,0000FFE2,000003D5,00000001,00010000,002B2312,3CAA81C1,280037D1,E007F816,00000022,00000F40
3905,49749700,0000FFB3,000003D5,00000001,00000000,002B2312,3CAA01C2,280037D1,E007F816,00000022,00000F41
3906,49932500,0000FF99,000003D5,00000001,00000000,002B2312,3CA881C0,280037D1,E007F816,00000022,00000F42
3907,50454200,0000FF85,000003D5,00000001,00000000,002B2312,3CA8018A,280037D1,E007F816,00000022,00000F43
3908,50510000,0000FF7B,000003D5,00000001,00000000,002B2312,3CA901D5,280037D1,E007F816,00000022,00000F44
3909,50384100,0000FF7C,000003D5,00000000,00000000,002B2312,3CA881BB,280037D1,E007F816,00000022,00000F45
3910,51635000,0000FF88,000003D5,00000000,00000000,002B2312,3CA801CF,280037D1,E007F816,00000022,00000F46
3911,50336600,0000FFB1,000003D5,00000000,00000000,002B2312,3CA68189,280037D1,E007F816,00000022,00000F47
3912,51473600,0000FFEE,000003D5,00000000,00000000,002B2312,3CA68180,280037D1,E007F816,00000022,00000F48
3913,50825900,00000031,000003D5,0000FFFF,00000000,002B2312,3CA7019A,280037D1,E007F816,00000022,00000F49
3914,50128800,00000067,000003D5,0000FFFF,00000000,002B2312,3CA781C1,280037D1,E007F816,00000022,00000F4A
3915,51297700,0000008E,000003D5,0000FFFF,00000000,002B2312,3CA8019A,280037D1,E007F816,00000022,00000F4B
3916,50231200,000000A6,000003D5,0000FFFF,00010000,002B2312,3CA801A3,280037D1,E007F816,00000022,00000F4C
3917,51117600,00000086,000003D5,00000000,00010000,002B2312,3CA88195,280037D1,E007F816,00000022,00000F4D
3918,50771300,0000002F,000003D5,00000000,00010000,002B2312,3CA901AB,280037D1,E007F816,00000022,00000F4E
3919,50735400,0000FFE1,000003D5,00000001,00010000,002B2312,3CAA01DA,280037D1,E007F816,00000022,00000F4F
3920,51968500,0000FFB0,000003D5,00000001,00000000,002B2312,3CA881A0,280037D1,E007F816,00000022,00000F50
3921,50392900,0000FF96,000003D5,00000001,00000000,002B2312,3CA881A6,280037D1,E007F816,00000022,00000F51
3922,51289000,0000FF86,000003D5,00000001,00000000,002B2312,3CA78187,280037D1,E007F816,00000022,00000F52
3923,49591700,0000FF7E,000003D5,00000001,00000000,002B2312,3CA7818C,280037D1,E007F816,00000022,00000F53
3924,50821000,0000FF8D,000003D5,00000000,00000000,002B2312,3CA7019E,280037D1,E007F816,00000022,00000F54
3925,49725300,0000FFB3,000003D5,00000000,00000000,002B2312,3CA6819B,280037D1,E007F816,00000022,00000F55
3926,50035100,0000FFEF,000003D5,00000000,00000000,002B2312,3CA781AB,280037D1,E007F816,00000022,00000F56
3927,49320400,00000033,000003D5,0000FFFF,00000000,002B2312,3CA801C8,280037D1,E007F816,00000022,00000F57
3928,50250500,00000066,000003D5,0000FFFF,00000000,002B2312,3CA981FE,280037D1,E007F816,00000022,00000F58
3929,50526200,000B008F,000003D5,0008FFFF,00000000,002B2314,3CA78198,280037D1,E007F816,00000022,00000F59
3930,50936500,001300AA,000003D5,000EFFFF,00010000,002B2317,3CA80182,280031F4,E007F816,00000022,00000F5A
3931,52705300,001600B8,000003D5,0014FFFF,00010000,FF2B231C,3CA901B0,280031F4,E007F816,00000022,00000F5B
3932,49360900,001C0095,000003D5,00190000,00010000,FF2B2323,3CAA81F4,280031F4,E007F816,00000022,00000F5C
3933,52038900,00240037,000003D5,001D0000,00010000,FF2B232B,3CAA01A7,280031F4,E007F816,00000022,00000F5D
3934,48695700,002CFFC9,000003D6,00200001,0001FFFF,FF2B2333,3CA90197,280031F4,E007F816,00000022,00000F5E
3935,50972500,0033FF48,000003D6,00220001,0000FFFF,FF2B233D,3CA9019E,280031F4,E007F816,00000022,00000F5F
3936,49784500,003CFF24,000003D5,00250001,0000FFFF,FF2B2347,3CA881A4,280031F4,E007F816,00000022,00000F60
3937,52877100,0044FF12,000003D5,00270001,0000FFFF,FF2B2352,3CA801AB,280031F4,E007F816,00000022,00000F61
3938,49730600,004CFF0B,000003D5,00290001,FFFFFFFF,FF2A235E,3CA68197,280031F4,E007F816,00000022,00000F62
3939,49947100,0053FF05,000003D5,002B0001,FFFFFFFF,FF2A236A,3CA701CE,280031F4,E007F816,00000022,00000F63
3940,49827900,005AFF00,000003D5,002D0000,FFFFFFFF,FF2A2376,3CA501BF,280031F4,E007F816,00000022,00000F64
3941,49471800,0062FF00,000003D5,002F0000,FFFFFFFF,FF2A2384,3CA481B0,280031F4,E007F816,00000022,00000F65
3942,50893300,0069FF00,000003D5,00310000,FFFFFFFE,FF2A2391,3CA381BB,280031F4,E007F816,00000022,00000F66
3943,50113200,006FFF01,000003D5,00330000,FFFFFFFE,FF2923A0,3CA301A9,280031F4,E007E816,00000022,00000F67
3944,49954100,0076FEE3,000003D5,00360000,FFFFFFFE,FF2923AF,3CA20199,280031F4,E007B816,00000022,00000F68
3945,119928000,007BFE81,000003D5,00380001,FFFEFFFE,FF2923BF,3CA00181,280031F4,E0078816,00000022,00000F69
3946,13445800,0082FE73,000003D5,003B0001,FFFEFFFE,FF2923D0,3CA001A9,280031F4,E0075816,00000022,00000F6A
3947,49613900,0089FE71,000003D5,003E0001,FFFEFFFE,FF2823E1,3C9E81AE,280031F4,E0072816,00000022,00000F6B
3948,50488600,0090FE71,000003D5,00410000,FFFEFFFE,FF2823F4,3C9C8185,280031F4,E0070016,00000022,00000F6C
3949,50885000,0098FE73,000003D5,00450000,FFFEFFFE,FF282407,3C9C019A,280031F4,E006D816,00000022,00000F6D
3950,51092800,009FFE73,000003D5,00480000,FFFEFFFD,FF27241B,3C9A01B1,280031F4,E006B016,00000022,00000F6E
3951,50106700,00A7FE75,000003D5,004C0000,FFFEFFFD,FF272431,3C9A01CF,280031F4,E0068816,00000022,00000F6F
3952,50899500,00AFFE74,000003D5,004F0000,FFFEFFFD,FF272447,3C9801A3,280031F4,E0066016,00000022,00000F70
3953,50379700,00B7FE77,000003D5,00530000,FFFEFFFD,FF26245E,3C9681AC,280031F4,E0064016,00000022,00000F71
3954,49435100,00BEFE5A,000003D5,00570000,FFFEFFFD,FF262477,3C9581A7,280031F4,E0062016,00000022,00000F72
3955,50293100,00C4FDFB,000003D5,005B0001,FFFEFFFD,FF262491,3C94821E,280031F4,E0060016,00000022,00000F73
3956,50725900,00CDFDE7,000003D5,005F0001,FFFDFFFD,FF2524AB,3C9281A3,280031F4,E005E016,00000022,00000F74
3957,50460200,00D6FDEB,000003D5,00630001,FFFDFFFC,FF2524C8,3C9081E9,280031F4,E005C816,00000022,00000F75
3958,48923700,00DFFDE9,000003D4,00680000,FFFDFFFC,FF2424E5,3C8F8198,280031F4,E005A816,00000022,00000F76
3959,50542300,00E8FDEC,000003D4,006C0000,FFFDFFFC,FF242503,3C8D81A8,280031F4,E0059016,00000022,00000F77
3960,50550500,00F1FDEC,000003D4,00710000,FFFDFFFC,FF242523,3C8C019A,28002D71,E0057816,00000022,00000F78
3961,50809900,00FAFDEE,000003D4,00750000,FFFDFFFC,FF232544,3C8B81D1,28002D71,E0056016,00000022,00000F79
3962,50430600,0103FDEF,000003D4,007A0000,FFFDFFFC,FF232567,3C8A822C,28002D71,E0054816,00000022,00000F7A
3963,48741100,010CFDF1,000003D4,007E0000,FFFDFFFC,FF22258A,3C86818D,28002D71,E0053016,00000022,00000F7B
3964,50040000,0114FDEF,000003D4,00830000,FFFDFFFB,FF2225AF,3C850185,28002D71,E0052016,00000022,00000F7C
3965,51231600,011CFDF3,000003D4,00870000,FFFDFFFB,FF2125D6,3C8481AC,28002D71,E0051016,00000022,00000F7D
3966,50550900,0124FDF4,000003D4,008C0000,FFFDFFFB,FF2125FD,3C8281B0,28002D71,E0050016,00000022,00000F7E
3967,50375400,012BFDF6,000003D4,00900000,FFFDFFFB,FF212626,3C8181B0,28002D71,E004F016,00000022,00000F7F
3968,50804200,0131FDF6,000003D4,00930000,FFFDFFFB,FF202650,3C7F81A4,28002D71,E004E816,00000022,00000F80
3969,51762900,013AFE24,000003D4,00960000,FFFDFFFB,FF20267A,3C7D81EF,28002D71,E004E016,00000022,00000F81
3970,50053400,0142FE84,000003D4,009A0000,FFFDFFFA,FF2026A6,3C7C819C,28002D71,E004D816,00000022,00000F82
3971,50328300,0145FE8C,000003D4,009C0000,FFFDFFFA,FF1F26D3,3C7E0292,28002D71,E004D016,00000022,00000F83
3972,50154300,0147FE8D,000003D5,009F0000,FFFEFFFA,FF1F2700,3C7B01CD,28002D71,E004D016,00000022,00000F84
3973,50817800,0149FE8F,000003D5,00A10000,FFFEFFFA,FF1F272E,3C7981AC,28002D71,E004C816,00000022,00000F85
3974,49093600,014CFE8E,000003D5,00A20000,FFFEFFFA,FF1E275C,3C7801AD,28002D71,E004C816,00000022,00000F86
3975,51891500,014CFE91,000003D5,00A30000,FFFEFFFA,FF1E278B,3C7781D3,28002D71,E004C816,00000022,00000F87
3976,49636600,014DFE92,000003D5,00A40000,FFFEFFFA,FF1E27BA,3C758194,28002D71,D004C816,00000022,00000F88
3977,48353000,014DFE94,000003D5,00A50000,FFFEFFFA,FF1D27E9,3C7501B2,28002D71,D004C816,00000022,00000F89
3978,51779200,014DFE94,000003D5,00A50000,FFFEFFFA,FF1D2818,3C730195,28002D71,D004D016,00000022,00000F8A
3979,51272600,014CFE95,000003D5,00A50000,FFFEFFFA,FF1D2847,3C72819D,28002D71,D004D016,00000022,00000F8B
3980,50513000,014AFE96,000003D5,00A50000,FFFEFFFA,FF1D2877,3C710196,28002D71,D004D816,00000022,00000F8C
3981,50772100,0148FE97,000003D5,00A50000,FFFEFFFA,FF1C28A6,3C7081B5,28002D71,D004D816,00000022,00000F8D
3982,52647000,0146FE96,000003D5,00A40000,FFFEFFFA,FF1C28D5,3C6E8182,28002D71,D004E016,00000022,00000F8E
3983,48588800,0142FE9A,000003D5,00A30000,FFFEFFFA,FF1C2904,3C6E019D,28002D71,D004E816,00000022,00000F8F
3984,50303800,0140FEC9,000003D4,00A20000,FFFEFFFA,FF1C2932,3C6D81C1,28002D71,D004F016,00000022,00000F90
3985,49694600,013DFF2A,000003D4,00A00000,FFFEFFFA,FF1B2960,3C6C018A,28002D71,D0050016,00000022,00000F91
3986,50556300,0136FF2E,000003D5,009E0000,FFFEFFFA,FF1B298E,3C6B8199,28002D71,D0051016,00000022,00000F92
3987,151691600,012EFF30,000003D5,009B0000,FFFEFFFA,FF1B29BA,3C6A81AC,28002D71,D0052016,00000022,00000F93
3988,14097400,0128FF30,000003D5,00980000,FFFFFFFA,FF1B29E6,3C6A0183,28002D71,D0053816,00000022,00000F94
3989,51272400,0120FF30,000003D5,00950000,FFFFFFFB,FF1B2A11,3C6981B8,28002D71,D0054816,00000022,00000F95
3990,50220100,0117FF34,000003D5,00910000,FFFFFFFB,FF1B2A3B,3C68818C,28002A5F,D0056016,00000022,00000F96
3991,50304000,0111FF31,000003D5,008D0000,FFFFFFFB,FF1A2A64,3C688199,28002A5F,D0057816,00000022,00000F97
3992,49639900,0107FF36,FFFF03D5,00890000,FFFFFFFB,FF1A2A8C,3C678187,28002A5F,D0059816,00000022,00000F98
3993,50893300,0100FF60,000003D5,00850000,FFFFFFFB,FF1A2AB2,3C680238,28002A5F,D005B016,00000022,00000F99
3994,49653400,00F8FFA9,FFFF03D5,00800000,FFFFFFFB,FF1A2AD8,3C6701C5,28002A5F,D005D816,00000022,00000F9A
3995,50656300,00EEFFAA,FFFF03D5,007B0000,FFFFFFFB,FF1A2AFC,3C6701C5,28002A5F,D005F816,00000022,00000F9B
3996,49623000,00E4FFAE,FFFF03D5,00760000,FFFFFFFC,FF1A2B1E,3C6681B0,28002A5F,D0062016,00000022,00000F9C
3997,49990600,00DAFFBC,FFFF03D5,00710000,FFFFFFFC,FF1A2B3F,3C6601B1,28002A5F,D0064816,00000022,00000F9D
3998,50388500,00D0FFDC,FFFF03D5,006C0000,0000FFFC,FF1A2B5E,3C66019A,28002A5F,D0067816,00000022,00000F9E
3999,50573200,00C60004,FFFF03D5,00670000,0000FFFC,FF1A2B7C,3C6681AB,28002A5F,D006A016,00000022,00000F9F
4000,51097800,00BD002B,FFFF03D5,0062FFFF,0000FFFC,FF1A2B99,3C66018D,28002A5F,D006D816,00000022,00000FA0
4001,49689200,00B2004C,FFFF03D5,005DFFFF,0000FFFC,FF1A2BB4,3C6681B4,28002A5F,D0071016,00000022,00000FA1
4002,50135200,00A90062,FFFF03D5,0058FFFF,0000FFFD,FF1A2BCE,3C6701B6,28002A5F,D0074816,00000022,00000FA2
4003,48735000,00A10072,FFFF03D5,00530000,0000FFFD,FF1A2BE6,3C6781C7,28002A5F,D0078816,00000022,00000FA3
4004,51341100,0098007F,FFFF03D5,004E0000,0000FFFD,FF1A2BFD,3C6781C1,28002A5F,D007C816,00000022,00000FA4
4005,49280800,00900088,FFFF03D5,004A0000,0001FFFD,FF1A2C13,3C678192,28002A5F,D007F816,00000022,00000FA5
4006,128960400,00880092,000003D5,00460000,0001FFFD,FF1A2C27,3C6881AB,28002A5F,D007F816,00000022,00000FA6
4007,14027600,00820093,000003D5,00420000,0001FFFD,FF1B2C3A,3C68818E,28002A5F,D007F816,00000022,00000FA7
4008,49421900,007B0099,000003D5,003E0000,0001FFFD,FF1B2C4D,3C6901A6,28002A5F,D007F816,00000022,00000FA8
4009,50450300,0075009C,000003D5,003A0000,0001FFFE,FF1B2C5E,3C6981A7,28002A5F,D007F816,00000022,00000FA9
4010,51060300,006F00A0,000003D5,00370000,0001FFFE,FF1B2C6E,3C6A81BA,28002A5F,D007F816,00000022,00000FAA
4011,49459000,006900A3,000003D5,00350000,0001FFFE,FF1B2C7D,3C6A819F,28002A5F,D007F816,00000022,00000FAB
4012,50692100,006600A2,000003D5,00320000,0001FFFE,FF1B2C8C,3C6C01EE,28002A5F,D007F816,00000022,00000FAC
4013,50072300,006100A5,000003D5,00310000,0001FFFE,FF1B2C9A,3C6C01B0,28002A5F,D007F816,00000022,00000FAD
4014,51671100,005E00A5,000003D5,002F0000,0001FFFE,FF1B2CA8,3C6B8181,28002A5F,D007F816,00000022,00000FAE
4015,52462600,005B00A6,000003D5,002E0000,0001FFFE,FF1C2CB5,3C6C0187,28002A5F,D007F816,00000022,00000FAF
4016,50438500,005800A9,000003D5,002D0000,0001FFFE,FF1C2CC2,3C6D81CC,28002A5F,D007F816,00000022,00000FB0
4017,50999900,005600A8,000003D5,002C0000,0001FFFE,FF1C2CCF,3C6D81A2,28002A5F,D007F816,00000022,00000FB1
4018,49112000,005400AB,000003D5,002C0000,0001FFFE,FF1C2CDB,3C6E019B,28002A5F,D007F816,00000022,00000FB2
4019,49671400,005400A9,000003D5,002C0000,0001FFFE,FF1C2CE8,3C6F01BA,28002A5F,D007F816,00000022,00000FB3
4020,50733300,005200AC,000003D5,002C0000,0001FFFE,FF1C2CF5,3C6F018F,280028E5,D007F816,00000022,00000FB4
4021,49267100,005200AD,000003D5,002D0000,0001FFFE,FF1C2D01,3C6F8195,280028E5,D007F816,00000022,00000FB5
4022,51872500,005200AE,000003D5,002D0000,0001FFFE,FF1D2D0E,3C7001C3,280028E5,D007F816,00000022,00000FB6
4023,48514900,005400AD,000003D5,002E0000,0001FFFE,FF1D2D1B,3C71020D,280028E5,D007F816,00000022,00000FB7
4024,51279900,005400B0,000003D5,002F0000,0001FFFE,FF1D2D29,3C710197,280028E5,D007F816,00000022,00000FB8
4025,50748700,005700AE,000003D5,00300000,0001FFFE,FF1D2D37,3C7201A8,280028E5,D007F816,00000022,00000FB9
4026,51032800,005700B2,000003D5,00320000,0001FFFE,FF1D2D45,3C7201B3,280028E5,D007F816,00000022,00000FBA
4027,50792600,005B00B0,000003D5,00330000,0001FFFE,FF1D2D53,3C72818A,280028E5,D007F816,00000022,00000FBB
4028,50054300,005B00B5,000003D5,00350000,0001FFFE,FF1D2D62,3C7301D2,280028E5,D007F816,00000022,00000FBC
4029,51432500,005F00B2,000003D5,00360000,0001FFFE,FF1E2D72,3C75821D,280028E5,D007F816,00000022,00000FBD
4030,136553500,006200B3,000003D5,00380000,0001FFFE,FF1E2D81,3C740188,280028E5,D007F816,00000022,00000FBE
4031,14685900,006500B6,000003D5,003A0000,0001FFFE,FF1E2D92,3C750234,280028E5,D007F816,00000022,00000FBF
4032,50795500,006800B5,000003D5,003C0000,0001FFFE,FF1E2DA3,3C7581C7,280028E5,D007F816,00000022,00000FC0
4033,49337900,006C00B6,000003D5,003E0000,0001FFFE,FF1E2DB4,3C7681A3,280028E5,D007F816,00000022,00000FC1
4034,49196000,007000B5,000003D5,00400000,0001FFFE,FF1E2DC6,3C768187,280028E5,D007E816,00000022,00000FC2
4035,50996700,007300B9,000003D5,00420000,0001FFFE,FF1E2DD9,3C7781AB,280028E5,E007C816,00000022,00000FC3
4036,52502300,007800B7,000003D5,00440000,0001FFFE,FF1E2DEC,3C7881C3,280028E5,E007A816,00000022,00000FC4
4037,49809100,007B00BA,000003D5,00460000,0001FFFE,FF1F2E00,3C780199,280028E5,E0079016,00000022,00000FC5
4038,51114600,007F00BA,000003D5,00480000,0001FFFE,FF1F2E14,3C7981CB,280028E5,E0077016,00000022,00000FC6
4039,50361300,008400BB,000003D5,004A0000,0001FFFE,FF1F2E29,3C7A01BD,280028E5,E0075016,00000022,00000FC7
4040,50059300,008900BA,000003D5,004C0000,0001FFFE,FF1F2E3F,3C7A0198,280028E5,E0073816,00000022,00000FC8
4041,49506000,008C00BD,000003D5,004E0000,0001FFFE,FF1F2E55,3C7B81DC,280028E5,E0072016,00000022,00000FC9
4042,132969700,009100BD,000003D5,00500000,0001FFFE,FF1F2E6C,3C7B81C5,280028E5,E0070816,00000022,00000FCA
4043,13861500,009600BA,000003D5,00520000,0001FFFD,FF202E83,3C7C01F1,280028E5,E006F016,00000022,00000FCB
4044,50943900,009C008C,000003D5,00540000,0001FFFD,FF202E9B,3C7C81A3,280028E5,E006E016,00000022,00000FCC
4045,50971800,00A0003C,000003D5,00550001,0001FFFD,FF202EB4,3C7D01E3,280028E5,E006C816,00000022,00000FCD
4046,50451200,00A5FFF8,000003D5,00570001,0001FFFD,FF202ECC,3C7C0196,280028E5,E006B016,00000022,00000FCE
4047,50070400,00A9FFB1,000003D5,00580001,0000FFFD,FF1F2EE5,3C7B8191,280028E5,E0069816,00000022,00000FCF
4048,49712500,00ACFF4C,000003D5,005A0001,0000FFFD,FF1F2EFF,3C7B8193,280028E5,E0068816,00000022,00000FD0
4049,49954500,00B1FF37,000003D5,005C0001,0000FFFD,FF1F2F19,3C7A81A7,280028E5,E0067016,00000022,00000FD1
4050,51284400,00B5FF2F,000003D5,005E0001,FFFFFFFD,FF1F2F34,3C7A0189,280028FE,E0065816,00000022,00000FD2
4051,49664100,00B9FF2D,000003D5,00600001,FFFFFFFD,FF1F2F4F,3C79018B,280028FE,E0064816,00000022,00000FD3
4052,51471000,00BDFF2A,000003D5,00620001,FFFFFFFD,FF1F2F6B,3C788185,280028FE,E0063816,00000022,00000FD4
4053,48403200,00C1FF29,000003D5,00640000,FFFFFFFD,FF1E2F87,3C798231,280028FE,E0062016,00000022,00000FD5
4054,49969600,00C5FF27,000003D5,00660000,FFFFFFFD,FF1E2FA4,3C79823C,280028FE,E0061816,00000022,00000FD6
4055,141048400,00C8FF28,000003D5,00680000,FFFFFFFD,FF1E2FC2,3C76818F,280028FE,E0060816,00000022,00000FD7
4056,13504100,00CBFF29,000003D5,006B0000,FFFFFFFC,FF1E2FE0,3C7681AF,280028FE,D005F816,00000022,00000FD8
4057,50536900,00D1FF26,000003D5,006D0000,FFFFFFFC,FF1E2FFF,3C7581A0,280028FE,D005F016,00000022,00000FD9
4058,49719200,00D1FF2B,000003D5,006E0000,FFFFFFFC,FF1E301E,3C7501A6,280028FE,D005E016,00000022,00000FDA
4059,50555400,00D6FF29,000003D5,00700000,FFFFFFFC,FF1D303E,3C740184,280028FE,D005D816,00000022,00000FDB
4060,49637500,00D8FF29,000003D5,00720000,FFFFFFFC,FF1D305F,3C7401C7,280028FE,D005D016,00000022,00000FDC
4061,50977200,00DBFF2A,000003D5,00740000,FFFFFFFC,FF1D3080,3C728187,280028FE,D005C816,00000022,00000FDD
4062,50235200,00DCFF2D,000003D5,00750000,FFFFFFFC,FF1D30A1,3C7201B9,280028FE,D005C016,00000022,00000FDE
4063,49859900,00E1FF29,000003D5,00770000,FFFFFFFC,FF1D30C3,3C7101B7,280028FE,D005B816,00000022,00000FDF
4064,51282200,00E0FF2D,000003D5,00780000,FFFFFFFC,FF1D30E5,3C7101A7,280028FE,D005B816,00000022,00000FE0
4065,50715100,00E2FF2D,000003D5,00790000,FFFFFFFC,FF1C3108,3C7081B3,280028FE,D005B016,00000022,00000FE1
4066,49976200,00E5FF2C,000003D5,007A0000,FFFFFFFC,FF1C312B,3C6F81FB,280028FE,D005B016,00000022,00000FE2
4067,128934900,00E5FF2E,000003D5,007B0000,FFFFFFFC,FF1C314E,3C6F81D7,280028FE,D005B016,00000022,00000FE3
4068,12747600,00E6FF2E,000003D5,007B0000,FFFFFFFC,FF1C3171,3C6E018A,280028FE,D005B016,00000022,00000FE4
4069,49829400,00E6FF2F,000003D5,007C0000,FFFFFFFC,FF1C3194,3C6F0208,280028FE,D005B016,00000022,00000FE5
4070,50231700,00E5FF31,000003D5,007C0000,FFFFFFFC,FF1C31B8,3C6D81C3,280028FE,D005B016,00000022,00000FE6
4071,50848100,00E7FF2F,000003D5,007C0000,FFFFFFFC,FF1B31DB,3C6C819C,280028FE,D005B016,00000022,00000FE7
4072,52018500,00E6FF31,000003D5,007C0000,FFFFFFFC,FF1B31FF,3C6D0213,280028FE,D005B816,00000022,00000FE8
4073,50225600,00E4FF32,000003D5,007C0000,FFFFFFFC,FF1B3222,3C6B01A3,280028FE,D005B816,00000022,00000FE9
4074,49944600,00E2FF5F,000003D5,007C0000,FFFFFFFC,FF1B3246,3C6B01BC,280028FE,D005C016,00000022,00000FEA
4075,50200800,00E5FFA3,000003D5,007B0000,FFFFFFFC,FF1B3269,3C6B81EF,280028FE,D005C816,00000022,00000FEB
4076,51209600,00DFFFA9,000003D5,007A0000,FFFFFFFC,FF1B328C,3C6A01B4,280028FE,D005D016,00000022,00000FEC
4077,49489500,00E0FFA7,000003D5,00790000,FFFFFFFC,FF1B32AF,3C698187,280028FE,D005D816,00000022,00000FED
4078,51000300,00DAFFA9,000003D5,00780000,FFFFFFFC,FF1B32D2,3C6981AA,280028FE,D005E816,00000022,00000FEE
4079,50548100,00DAFFA8,000003D5,00770000,FFFFFFFC,FF1B32F4,3C69819C,280028FE,D005F016,00000022,00000FEF
4080,51768600,00D5FFAB,000003D5,00750000,FFFFFFFC,FF1B3316,3C6981D2,28002ABD,D0060016,00000022,00000FF0
4081,49510300,00D3FFA9,000003D5,00740000,FFFFFFFC,FF1B3337,3C6901C7,28002ABD,D0060816,00000022,00000FF1
4082,51128300,00CEFFAB,000003D5,00720000,0000FFFC,FF1A3358,3C688198,28002ABD,D0061816,00000022,00000FF2
4083,51376000,00CBFFAE,000003D5,00700000,0000FFFC,FF1A3378,3C6881AA,28002ABD,D0062816,00000022,00000FF3
4084,51050200,00CBFFB9,000003D5,006E0000,0000FFFC,FF1A3398,3C6781A2,28002ABD,D0063816,00000022,00000FF4
4085,50309100,00C5FFDA,000003D5,006C0000,0000FFFC,FF1A33B7,3C6881D3,28002ABD,D0064816,00000022,00000FF5
4086,50028400,00C10002,000003D5,006B0000,0000FFFC,FF1A33D6,3C6901F3,28002ABD,D0065816,00000022,00000FF6
4087,51588900,00BE002C,000003D5,00690000,0000FFFC,FF1A33F4,3C68019F,28002ABD,D0066816,00000022,00000FF7
4088,50606600,00BA004A,000003D5,0067FFFF,0000FFFC,FF1A3412,3C68019C,28002ABD,D0068016,00000022,00000FF8
4089,50010300,00B50062,000003D5,0065FFFF,0000FFFD,FF1B342F,3C6801BE,28002ABD,D0069816,00000022,00000FF9
4090,48491600,00B00075,000003D5,00630000,0000FFFD,FF1B344C,3C6901AB,28002ABD,D006A816,00000022,00000FFA
4091,49985300,00B0007E,000003D5,00610000,0000FFFD,FF1B3468,3C690198,28002ABD,D006C016,00000022,00000FFB
4092,50660000,00A8008D,000003D5,005F0000,0001FFFD,FF1B3483,3C690191,28002ABD,D006D816,00000022,00000FFC
4093,50332000,00A90090,000003D5,005D0000,0001FFFD,FF1B349E,3C69819E,28002ABD,D006E816,00000022,00000FFD
4094,50492800,00A40097,000003D5,005B0000,0001FFFD,FF1B34B9,3C6B01C2,28002ABD,D006F816,00000022,00000FFE
4095,48944800,00A3009B,000003D5,00590000,0001FFFD,FF1B34D2,3C6B01A5,28002ABD,D0071016,00000022,00000FFF
4096,50841700,009D00A1,000003D5,00570000,0001FFFD,FF1B34EC,3C6B81A3,28002ABD,D0072016,00000022,00001000
4097,49874200,009F009F,000003D5,00560000,0001FFFD,FF1B3504,3C6C81CF,28002ABD,D0073016,00000022,00001001
4098,49604300,009800A4,000003D5,00540000,0001FFFD,FF1C351C,3C6C81B1,28002ABD,D0074016,00000022,00001002
4099,50699200,009800A5,000003D5,00520000,0001FFFD,FF1C3534,3C6D01A9,28002ABD,D0075016,00000022,00001003
4100,51048100,009500A7,000003D5,00510000,0001FFFD,FF1C354B,3C6D0184,28002ABD,D0075816,00000022,00001004
4101,50110000,009500A7,000003D5,00500000,0001FFFD,FF1C3563,3C6F01F5,28002ABD,D0076016,00000022,00001005
4102,50740700,009300A9,000003D5,004F0000,0001FFFD,FF1C3579,3C6E81C5,28002ABD,D0076816,00000022,00001006
4103,50186800,008F00AC,000003D5,004E0000,0001FFFD,FF1C3590,3C6F81BE,28002ABD,D0077016,00000022,00001007
4104,50438900,009000AB,000003D5,004D0000,0001FFFD,FF1C35A6,3C6F018B,28002ABD,D0077016,00000022,00001008
4105,49490300,008E00AC,000003D5,004D0000,0001FFFD,FF1C35BC,3C7101E8,28002ABD,D0077816,00000022,00001009
4106,50029100,008E00AE,000003D5,004D0000,0001FFFD,FF1D35D2,3C70819C,28002ABD,D0077016,00000022,0000100A
4107,51810800,008D00AE,000003D5,004C0000,0001FFFD,FF1D35E8,3C7181D9,28002ABD,D0077816,00000022,0000100B
4108,48596600,008E00AF,000003D5,004C0000,0001FFFD,FF1D35FE,3C71018D,28002ABD,D0077016,00000022,0000100C
4109,51061200,008C00B0,000003D5,004C0000,0001FFFD,FF1D3613,3C71818D,28002ABD,D0077016,00000022,0000100D
4110,50275700,008F00B0,000003D5,004C0000,0001FFFD,FF1D3629,3C7281A0,28002DE0,D0076816,00000022,0000100E
4111,51462700,008B00B3,000003D5,004C0000,0001FFFD,FF1D363F,3C73019E,28002DE0,D0076016,00000022,0000100F
4112,51480100,009000B1,000003D5,004D0000,0001FFFD,FF1D3655,3C738193,28002DE0,D0075816,00000022,00001010
4113,49627800,008F00B3,000003D5,004D0000,0001FFFD,FF1E366B,3C7501E8,28002DE0,D0075816,00000022,00001011
4114,49555300,009000B4,000003D5,004E0000,0001FFFD,FF1E3681,3C74818C,28002DE0,D0074816,00000022,00001012
4115,49944500,009200B4,000003D5,004E0000,0001FFFD,FF1E3698,3C7501B6,28002DE0,D0074016,00000022,00001013
4116,50647500,009100B7,000003D5,004F0000,0001FFFD,FF1E36AE,3C7681DD,28002DE0,D0073816,00000022,00001014
4117,49775300,009500B5,000003D5,00500000,0001FFFD,FF1E36C5,3C7601A0,28002DE0,D0072816,00000022,00001015
4118,50833500,009500B8,000003D5,00500000,0001FFFD,FF1E36DC,3C7781B2,28002DE0,D0072016,00000022,00001016
4119,52043100,009700B8,000003D5,00510000,0001FFFD,FF1E36F3,3C7781A0,28002DE0,E0071816,00000022,00001017
4120,50697400,009C00B8,000003D5,00520000,0001FFFD,FF1F370B,3C780198,28002DE0,E0070816,00000022,00001018
4121,50877800,009C00B9,000003D5,00530000,0001FFFD,FF1F3722,3C7981E4,28002DE0,E0070016,00000022,00001019
4122,50434700,009D00B6,000003D5,00540000,0001FFFD,FF1F373A,3C7901E5,28002DE0,E006F016,00000022,0000101A
4123,50431800,00A2008A,000003D5,00550000,0001FFFD,FF1F3752,3C790188,28002DE0,E006E016,00000022,0000101B
4124,51425900,00A5003A,000003D5,00550001,0001FFFD,FF1F376B,3C798186,28002DE0,E006D816,00000022,0000101C
4125,50791900,00A4FFFA,000003D5,00560001,0001FFFD,FF1F3783,3C7A01B4,28002DE0,E006C816,00000022,0000101D
4126,50347200,00ABFFCF,000003D5,00570001,0000FFFD,FF1F379C,3C7981AA,28002DE0,E006B816,00000022,0000101E
4127,50085300,00ABFFBA,000003D5,00570001,0000FFFD,FF1F37B5,3C7981B1,28002DE0,E006A816,00000022,0000101F
4128,50586000,00ACFFAE,000003D5,00590001,0000FFFD,FF1F37CE,3C7881A5,28002DE0,E0069816,00000022,00001020
4129,49870800,00B2FFA5,000003D5,005A0001,0000FFFD,FF1F37E8,3C7901CF,28002DE0,E0068816,00000022,00001021
4130,50494700,00B0FFA3,000003D5,005B0000,0000FFFD,FF1F3802,3C780185,28002DE0,E0068016,00000022,00001022
4131,52188800,00B6FFA0,000003D5,005D0000,0000FFFD,FF1F381C,3C7881A9,28002DE0,E0067016,00000022,00001023
4132,49122200,00B6FF80,000003D5,005E0001,0000FFFD,FF1E3837,3C7881CB,28002DE0,E0066016,00000022,00001024
4133,50659500,00B8FF30,000003D5,00600001,FFFFFFFD,FF1E3853,3C768194,28002DE0,E0065816,00000022,00001025
4134,50273500,00BAFF2A,000003D5,00610001,FFFFFFFD,FF1E386E,3C7781EF,28002DE0,E0064816,00000022,00001026
4135,49728500,00BFFF29,000003D5,00630000,FFFFFFFD,FF1E388B,3C7601B4,28002DE0,D0063816,00000022,00001027
4136,50898300,00C0FF2A,000003D5,00640000,FFFFFFFD,FF1E38A7,3C7601D7,28002DE0,D0063016,00000022,00001028
4137,49430400,00C4FF29,000003D5,00660000,FFFFFFFD,FF1E38C4,3C750203,28002DE0,D0062016,00000022,00001029
4138,51107400,00C7FF2A,000003D5,00680000,FFFFFFFD,FF1D38E2,3C73818A,28002DE0,D0061816,00000022,0000102A
4139,50773900,00C8FF2A,000003D5,00690000,FFFFFFFC,FF1D3900,3C73019B,28002DE0,D0061016,00000022,0000102B
4140,49997300,00CAFF2C,000003D5,006A0000,FFFFFFFC,FF1D391E,3C7281BF,28003275,D0060816,00000022,0000102C
4141,50952300,00C8FF2D,000003D5,006C0000,FFFFFFFC,FF1D393D,3C718193,28003275,D0060016,00000022,0000102D
4142,50777400,00CFFF2B,000003D5,006D0000,FFFFFFFC,FF1D395C,3C710197,28003275,D005F816,00000022,0000102E
4143,50900400,00CFFF2D,000003D5,006E0000,FFFFFFFC,FF1D397B,3C7101B0,28003275,D005F816,00000022,0000102F
4144,50841500,00CFFF2E,000003D5,006F0000,FFFFFFFC,FF1C399B,3C7081BE,28003275,D005F016,00000022,00001030
4145,49306300,00D3FF2D,000003D5,00700000,FFFFFFFC,FF1C39BB,3C6F81A2,28003275,D005F016,00000022,00001031
4146,50878100,00D1FF2E,000003D5,00710000,FFFFFFFC,FF1C39DB,3C6F01BC,28003275,D005F016,00000022,00001032
4147,50516000,00D5FF59,000003D5,00710000,FFFFFFFC,FF1C39FC,3C6E81A1,28003275,D005F016,00000022,00001033
4148,49165900,00D2FFA5,000003D5,00720000,FFFFFFFC,FF1C3A1C,3C6E01AB,28003275,D005F016,00000022,00001034
4149,50959100,00D5FFA3,000003D5,00720000,FFFFFFFC,FF1C3A3D,3C6D81BA,28003275,D005F016,00000022,00001035
4150,50149200,00D3FFA6,000003D5,00730000,FFFFFFFC,FF1C3A5E,3C6D81B4,28003275,D005F816,00000022,00001036
4151,51174700,00D4FFA5,000003D5,00720000,FFFFFFFC,FF1C3A7F,3C6C81D3,28003275,D005F816,00000022,00001037
4152,49330700,00D0FFA7,000003D5,00720000,FFFFFFFC,FF1C3A9F,3C6C8188,28003275,D0060016,00000022,00001038
4153,50984200,00D0FFA7,000003D5,00720000,FFFFFFFC,FF1B3AC0,3C6C81BC,28003275,D0060816,00000022,00001039
4154,49755700,00D2FFA6,000003D5,00710000,FFFFFFFC,FF1B3AE0,3C6C81DF,28003275,D0061016,00000022,0000103A
4155,49911500,00CDFFA8,000003D5,00700000,0000FFFC,FF1B3B01,3C6C81CB,28003275,D0061016,00000022,0000103B
4156,50373900,00CFFFA6,000003D5,00700000,0000FFFC,FF1B3B21,3C6B819C,28003275,D0061816,00000022,0000103C
4157,50909500,00CBFFA7,000003D5,006F0000,0000FFFC,FF1B3B41,3C6B0188,28003275,D0062016,00000022,0000103D
4158,50775300,00C7FFA9,000003D5,006E0000,0000FFFC,FF1B3B60,3C6A818C,28003275,D0062816,00000022,0000103E
4159,51073000,00C8FFA8,000003D5,006D0000,0000FFFC,FF1B3B7F,3C6A8197,28003275,D0063016,00000022,0000103F
4160,49976700,00C7FFAA,000003D5,006C0000,0000FFFC,FF1B3B9E,3C6A0186,28003275,D0063816,00000022,00001040
4161,51619800,00C5FFB9,000003D5,006B0000,0000FFFC,FF1B3BBD,3C6A01A2,28003275,D0064816,00000022,00001041
4162,50620100,00BFFFD8,000003D5,006A0000,0000FFFC,FF1B3BDB,3C6B01CA,28003275,D0065016,00000022,00001042
4163,51366400,00C20000,000003D5,00690000,0000FFFC,FF1B3BF9,3C6A0194,28003275,D0065816,00000022,00001043
4164,50503700,00BA002C,000003D5,00680000,0000FFFC,FF1B3C17,3C6A0199,28003275,D0066816,00000022,00001044
4165,50750200,00BA004C,000003D5,0067FFFF,0000FFFD,FF1B3C35,3C6B01BB,28003275,D0067816,00000022,00001045
4166,50346100,00B70062,000003D5,0065FFFF,0000FFFD,FF1B3C52,3C6A81E8,28003275,D0068016,00000022,00001046
4167,49355200,00B50075,000003D5,00640000,0000FFFD,FF1B3C6F,3C6B019E,28003275,D0069816,00000022,00001047
4168,51531400,00AF0084,000003D5,00630000,0000FFFD,FF1B3C8B,3C6B019A,28003275,D006A016,00000022,00001048
4169,49481800,00B0008C,000003D5,00610000,0001FFFD,FF1B3CA7,3C6D01E3,28003275,D006B016,00000022,00001049
4170,49920600,00AD0094,000003D5,00600000,0001FFFD,FF1C3CC3,3C6C0199,28003872,D006C016,00000022,0000104A
4171,50523900,00AA009A,000003D5,005E0000,0001FFFD,FF1C3CDE,3C6C81AB,28003872,D006D016,00000022,0000104B
4172,50294400,00AB009E,000003D5,005D0000,0001FFFD,FF1C3CF9,3C6D0191,28003872,D006D816,00000022,0000104C
4173,50121100,00A500A3,000003D5,005B0000,0001FFFD,FF1C3D13,3C6E01AB,28003872,D006E816,00000022,0000104D
4174,51484500,00A500A4,000003D5,005A0000,0001FFFD,FF1C3D2D,3C6E81D4,28003872,D006F016,00000022,0000104E
4175,48921400,00A500A6,000003D5,00590000,0001FFFD,FF1C3D47,3C6E8182,28003872,D0070016,00000022,0000104F
4176,50493400,00A500A8,000003D5,00580000,0001FFFD,FF1C3D60,3C6F819C,28003872,D0070816,00000022,00001050
4177,51302400,009E00AC,000003D5,00570000,0001FFFD,FF1C3D79,3C6F81A3,28003872,D0071016,00000022,00001051
4178,49316200,00A100AA,000003D5,00560000,0001FFFD,FF1D3D91,3C7001A1,28003872,D0071016,00000022,00001052
4179,49494700,009F00AD,000003D5,00550000,0001FFFD,FF1D3DAA,3C7081C0,28003872,D0071816,00000022,00001053
4180,51045800,009B00AF,000003D5,00540000,0001FFFD,FF1D3DC2,3C7101A6,28003872,D0072016,00000022,00001054
4181,50503100,00A000AE,000003D5,00540000,0001FFFD,FF1D3DDA,3C718195,28003872,D0072016,00000022,00001055
4182,51087300,009D00B0,000003D5,00530000,0001FFFD,FF1D3DF2,3C728203,28003872,D0072016,00000022,00001056
4183,49523700,009700B3,000003D5,00530000,0001FFFD,FF1D3E0A,3C7381D5,28003872,D0072016,00000022,00001057
4184,50479400,009F00B0,000003D5,00530000,0001FFFD,FF1D3E21,3C7381A1,28003872,D0072016,00000022,00001058
4185,49316700,009B00B4,000003D5,00520000,0001FFFD,FF1E3E39,3C7401B1,28003872,D0072016,00000022,00001059
4186,50658900,009E00B2,000003D5,00530000,0001FFFD,FF1E3E51,3C74018C,28003872,D0071816,00000022,0000105A
4187,49578500,009A00B5,000003D5,00530000,0001FFFD,FF1E3E68,3C7481AD,28003872,D0071816,00000022,0000105B
4188,50576900,009B00B5,000003D5,00530000,0001FFFD,FF1E3E80,3C750193,28003872,D0071016,00000022,0000105C
4189,49665900,00A100B5,000003D5,00530000,0001FFFD,FF1E3E98,3C7701FE,28003872,D0070816,00000022,0000105D
4190,51134300,009C00B8,000003D5,00530000,0001FFFD,FF1E3EB0,3C7681AF,28003872,D0070816,00000022,0000105E
4191,50200500,009F00B7,000003D5,00540000,0001FFFD,FF1E3EC8,3C770192,28003872,E0070016,00000022,0000105F
4192,50113800,009E00B9,000003D5,00540000,0001FFFD,FF1E3EE0,3C77818E,28003872,E006F816,00000022,00001060
4193,50996600,00A600B7,000003D5,00550000,0001FFFD,FF1F3EF8,3C780199,28003872,E006F016,00000022,00001061
4194,50542000,009E00B8,000003D5,00560000,0001FFFD,FF1F3F10,3C788198,28003872,E006E816,00000022,00001062
4195,49378800,00A6008A,000003D5,00560000,0001FFFD,FF1F3F29,3C7A01B5,28003872,E006E016,00000022,00001063
4196,50840600,00AC0039,000003D5,00560001,0001FFFD,FF1F3F42,3C79019A,28003872,E006D816,00000022,00001064
4197,49717800,00A7FFF8,000003D5,00560001,0001FFFD,FF1F3F5A,3C79018B,28003872,E006C816,00000022,00001065
4198,50481800,00ACFFD1,000003D5,00570001,0000FFFD,FF1F3F73,3C790195,28003872,E006B816,00000022,00001066
4199,50306000,00ABFFBB,000003D5,00570001,0000FFFD,FF1F3F8C,3C7901C0,28003872,E006B016,00000022,00001067
4200,50794000,00B3FFAC,000003D5,00580001,0000FFFD,FF1F3FA5,3C788194,28003FC5,E006A016,00000022,00001068
4201,49202400,00AFFFA7,000003D5,005A0001,0000FFFD,FF1F3FBF,3C78019C,28003FC5,E0069016,00000022,00001069
4202,50777100,00B0FFA3,000003D5,005B0000,0000FFFD,FF1F3FD9,3C7901D4,28003FC5,E0068816,00000022,0000106A
4203,51537500,00B6FFA0,000003D5,005C0000,0000FFFD,FF1E3FF3,3C778192,28003FC5,E0067816,00000022,0000106B
4204,51338600,00B6FFA0,000003D5,005E0000,0000FFFD,FF1E400E,3C77818E,28003FC5,E0066816,00000022,0000106C
4205,51032100,00B7FF7E,000003D5,005F0000,0000FFFD,FF1E4029,3C7781BB,28003FC5,E0066016,00000022,0000106D
4206,49593300,00B8FF30,000003D5,00600001,FFFFFFFD,FF1E4044,3C76018E,28003FC5,E0065816,00000022,0000106E
4207,50918400,00BCFF2A,000003D5,00610001,FFFFFFFD,FF1E4060,3C7601D4,28003FC5,D0064816,00000022,0000106F
4208,50447900,00BDFF2A,000003D5,00630000,FFFFFFFD,FF1E407C,3C7601B7,28003FC5,D0064016,00000022,00001070
4209,48384600,00C4FF29,000003D5,00640000,FFFFFFFD,FF1E4099,3C740184,28003FC5,D0063816,00000022,00001071
4210,51876500,00BEFF2B,000003D5,00660000,FFFFFFFD,FF1D40B5,3C73818F,28003FC5,D0062816,00000022,00001072
4211,49504000,00C8FF2B,000003D5,00670000,FFFFFFFD,FF1D40D3,3C730189,28003FC5,D0062016,00000022,00001073
4212,49747700,00C4FF2B,000003D5,00680000,FFFFFFFC,FF1D40F0,3C728190,28003FC5,D0061816,00000022,00001074
4213,51958100,00C9FF2C,000003D5,00690000,FFFFFFFC,FF1D410F,3C72019E,28003FC5,D0061016,00000022,00001075
4214,51257000,00CAFF2C,000003D5,006B0000,FFFFFFFC,FF1D412D,3C7201C5,28003FC5,D0061016,00000022,00001076
4215,51320700,00CCFF2D,000003D5,006C0000,FFFFFFFC,FF1D414C,3C708199,28003FC5,D0060816,00000022,00001077
4216,50374300,00CCFF58,000003D5,006D0000,FFFFFFFC,FF1C416B,3C7001A2,28003FC5,D0060816,00000022,00001078
4217,50395500,00CEFFA2,000003D5,006E0000,FFFFFFFC,FF1C418A,3C6F8191,28003FC5,D0060016,00000022,00001079
4218,49736300,00CFFFA2,000003D5,006E0000,FFFFFFFC,FF1C41AA,3C6F01BA,28003FC5,D0060816,00000022,0000107A
4219,50788800,00CDFFA4,000003D5,006F0000,FFFFFFFC,FF1C41C9,3C6F81A8,28003FC5,D0060816,00000022,0000107B
4220,49798800,00D1FFA3,000003D5,006F0000,FFFFFFFC,FF1C41E9,3C6E8188,28003FC5,D0060816,00000022,0000107C
4221,50504400,00CDFFA4,000003D5,006F0000,FFFFFFFC,FF1C4209,3C6E8182,28003FC5,D0060816,00000022,0000107D
4222,49761500,00CDFFA5,000003D5,006F0000,FFFFFFFC,FF1C4229,3C6E019A,28003FC5,D0061016,00000022,0000107E
4223,50664400,00CEFFA5,000003D5,006F0000,FFFFFFFC,FF1C4249,3C6E01A6,28003FC5,D0061016,00000022,0000107F
4224,50316600,00CFFFA5,000003D5,006F0000,FFFFFFFC,FF1C4268,3C6E019A,28003FC5,D0061016,00000022,00001080
4225,50387700,00CBFFA5,000003D5,006E0000,0000FFFC,FF1C4288,3C6D819C,28003FC5,D0061816,00000022,00001081
4226,50562300,00CCFFA7,000003D5,006E0000,0000FFFC,FF1C42A8,3C6D01AF,28003FC5,D0062016,00000022,00001082
4227,48905000,00CAFFA6,000003D5,006D0000,0000FFFC,FF1C42C7,3C6D01A2,28003FC5,D0062016,00000022,00001083
4228,49763900,00CCFFA5,000003D5,006D0000,0000FFFC,FF1C42E6,3C6D01AC,28003FC5,D0062816,00000022,00001084
4229,52094400,00C5FFA9,000003D5,006C0000,0000FFFC,FF1B4305,3C6C81B2,28003FC5,D0063016,00000022,00001085
4230,51671600,00C8FFA5,000003D5,006B0000,0000FFFC,FF1B4324,3C6C81AE,28004870,D0063816,00000022,00001086
4231,49381900,00C5FFA7,000003D5,006B0000,0000FFFC,FF1B4343,3C6C81CD,28004870,D0063816,00000022,00001087
4232,49747000,00C4FFA9,000003D5,006A0000,0000FFFC,FF1B4361,3C6D8262,28004870,D0064816,00000022,00001088
4233,49900100,00C3FFA8,000003D5,00690000,0000FFFC,FF1B437F,3C6C01C3,28004870,D0064816,00000022,00001089
4234,49869100,00BBFFBB,000003D5,00680000,0000FFFC,FF1B439D,3C6B81CF,28004870,D0065016,00000022,0000108A
4235,51246100,00C2FFD6,000003D5,00670000,0000FFFC,FF1B43BB,3C6B81C1,28004870,D0065816,00000022,0000108B
4236,50375500,00BC0000,000003D5,00670000,0000FFFD,FF1B43D8,3C6C822D,28004870,D0066816,00000022,0000108C
4237,52182900,00BB002B,000003D5,00660000,0000FFFD,FF1B43F6,3C6C01E4,28004870,D0067016,00000022,0000108D
4238,50836400,00B6004C,000003D5,0065FFFF,0000FFFD,FF1B4413,3C6B018D,28004870,D0068016,00000022,0000108E
4239,49817700,00B60065,000003D5,0064FFFF,0000FFFD,FF1B4430,3C6D01FD,28004870,D0069016,00000022,0000108F
4240,50647800,00B30075,000003D5,00630000,0000FFFD,FF1B444C,3C6C019F,28004870,D0069816,00000022,00001090
4241,50319200,00AF0084,000003D5,00620000,0000FFFD,FF1C4468,3C6C81AD,28004870,D006A816,00000022,00001091
4242,51431800,00AC008D,000003D5,00610000,0001FFFD,FF1C4484,3C6C8196,28004870,D006B816,00000022,00001092
4243,49366200,00AF0096,000003D5,005F0000,0001FFFD,FF1C44A0,3C6D01A1,28004870,D006C016,00000022,00001093
4244,49573000,00AD009B,000003D5,005E0000,0001FFFD,FF1C44BB,3C6D8197,28004870,D006D016,00000022,00001094
4245,50015200,00A7009F,000003D5,005C0000,0001FFFD,FF1C44D5,3C6E0199,28004870,D006E016,00000022,00001095
4246,50806600,00A900A4,000003D5,005B0000,0001FFFD,FF1C44EF,3C6F01C2,28004870,D006F016,00000022,00001096
4247,50731300,00A200A4,000003D5,00590000,0001FFFD,FF1C4509,3C6F01EC,28004870,D0070816,00000022,00001097
4248,51563800,00A300A8,000003D5,00570000,0001FFFD,FF1C4522,3C6F81AC,28004870,D0072016,00000022,00001098
4249,50561700,00A000AC,000003D5,00550000,0001FFFD,FF1D453B,3C7001BF,28004870,D0073016,00000022,00001099
4250,50111500,009D00AA,000003D5,00530000,0001FFFD,FF1D4553,3C708188,28004870,D0075816,00000022,0000109A
4251,50312200,009A00AE,000003D5,00500000,0001FFFD,FF1D456A,3C710197,28004870,D0077016,00000022,0000109B
4252,50323600,009900AE,000003D5,004E0000,0001FFFD,FF1D4581,3C7181B9,28004870,D0079016,00000022,0000109C
4253,51039700,009300B0,000003D5,004B0000,0001FFFD,FF1D4596,3C7281AA,28004870,D007C016,00000022,0000109D
4254,49470600,008F00B0,000003D5,00480000,0001FFFD,FF1D45AB,3C7381C6,28004870,D007E816,00000022,0000109E
4255,51263900,008C00B2,000003D5,00450000,0001FFFD,FF1D45C0,3C7301A3,28004870,D007F816,00000022,0000109F
4256,50650700,008900B2,000003D5,00420000,0001FFFD,FF1D45D3,3C7401A2,28004870,D007F816,00000022,000010A0
4257,51163700,008300B3,000003D5,003F0000,0001FFFD,FF1E45E5,3C74819A,28004870,D007F816,00000022,000010A1
4258,52321800,007D00B5,000003D5,003C0000,0001FFFE,FF1E45F7,3C75019E,28004870,D007F816,00000022,000010A2
4259,50452000,007D00B5,000003D5,00390000,0001FFFE,FF1E4607,3C75018E,28004870,D007F816,00000022,000010A3
4260,50528200,007100B7,000003D5,00360000,0001FFFE,FF1E4617,3C770202,28005262,D007F816,00000020,000010A4
4261,50633800,007300B6,000003D5,00330000,0001FFFE,FF1E4626,3C760183,28005262,D007F816,00000020,000010A5
4262,51378900,006900B9,000003D5,00300000,0001FFFE,FF1E4634,3C7701A1,28005262,E007F816,00000020,000010A6
4263,49690000,006700B8,000003D5,002D0000,0001FFFE,FF1E4641,3C770183,28005262,E007F816,00000020,000010A7
4264,53063000,005F00B9,000003D5,002A0000,0001FFFE,FF1F464D,3C7881B3,28005262,E007F816,00000020,000010A8
4265,47869400,005E00BB,000003D5,00270000,0001FFFE,FF1FB9B9,3C78819B,28005262,E007F816,00000020,000010A9
4266,51428300,005700BB,000003D5,00240000,0001FFFE,FF1FB9C3,3C7A01D7,28005262,E007F816,00000020,000010AA
4267,51230700,005000BD,000003D5,00220000,0001FFFE,FF1FB9CD,3C7A01BB,28005262,E007F816,00000020,000010AB
4268,154746300,004200BC,FFFF03D5,00170000,0001FFFE,FF1FB9D5,3C7A81D7,28005262,E007F816,00000020,000010AC
4269,17415100,003600BE,FFFF03D5,000E0000,0001FFFF,FF1FB9DA,3C7A8184,28005262,E007F816,00000020,000010AD
4270,50508800,003000C0,FFFF03D5,00080000,0001FFFF,FF1FB9DD,3C7D01FD,28005262,E007F816,00000020,000010AE
4271,50333200,002C00BF,000003D5,00040000,0001FFFF,FF20B9DF,3C7C019F,28005262,E007F816,00000020,000010AF
4272,51262100,002500C0,000003D5,00010000,0001FFFF,FF20B9DF,3C7C8191,28005262,E007F816,00000020,000010B0
4273,50643900,001C00C1,000003D5,FFFF0000,0001FFFF,FF20B9DF,3C7D8195,28005262,E007F816,00000020,000010B1
4274,49719600,001700C2,000003D5,FFFE0000,0001FFFF,FF20B9DF,3C7D81A3,28005262,E007F816,00000020,000010B2
4275,54666200,001200C4,000003D5,FFFE0000,0001FFFF,FF20B9DE,3C7E0187,28005262,E007F816,00000020,000010B3
4276,140348700,000E00C3,000003D5,FFFE0000,00010000,FF20B9DE,3C7F81AC,28005262,E007F816,00000020,000010B4
4277,14780300,000800C4,000003D5,FFFE0000,00010000,FF21B9DD,3C7F8196,28005262,E007F816,00000020,000010B5
4278,49916300,000800C5,000003D5,FFFE0000,00010000,FF21B9DD,3C8001BB,28005262,E007F816,00000020,000010B6
4279,50306700,000300C7,000003D5,FFFE0000,00010000,FF21B9DC,3C838276,28005262,E007F816,00000020,000010B7
4280,51557200,000300C6,000003D5,FFFE0000,00010000,0021B9DB,3C8281D0,28005262,E007F816,00000020,000010B8
4281,52030700,000300C9,000003D5,FFFF0000,00010000,0021B9DB,3C8201A4,28005262,E007F816,00000020,000010B9
4282,51917300,FFFE00C8,000003D5,FFFF0000,00010000,0021B9DB,3C8281F9,28005262,E007F816,00000020,000010BA
4283,51195100,000000CA,000003D5,FFFF0000,00010000,0021B9DB,3C8381A8,28005262,E007F816,00000020,000010BB
4284,48480400,000500CB,000003D5,FFFF0000,00010000,0022B9DA,3C8481AD,28005262,E007F816,00000020,000010BC
4285,51254000,000000CB,000003D5,00000000,00010000,0022B9DA,3C8581C2,28005262,E007F816,00000020,000010BD
4286,50695400,FFFD00CD,000003D5,00000000,00010000,0022B9DA,3C8501A8,28005262,E007F816,00000020,000010BE
4287,150706000,FFFF00CD,000003D5,00000000,00010000,0022B9DA,3C8681D8,2BFC5262,E007F816,00000020,000010BF
4288,16839800,FFFD00CF,000003D5,00000000,00010000,0022B9DA,3C8701CB,2BFC5262,E007F816,00000020,000010C0
4289,49539800,FFFE00CF,000003D5,00000000,00010000,0022B9DA,3C8681B1,2BFC5262,E007F816,00000020,000010C1
4290,52409700,FFFE00D0,000003D5,00000000,00010000,0023B9DA,3C88019A,2BFC5F1A,E007F816,00000020,000010C2
4291,49993200,000000D1,000003D5,00000000,00010000,0023B9DA,3C890213,2BFC5F1A,E007F816,00000020,000010C3
4292,50615500,000400D2,000003D5,00000000,00010000,0023B9DA,3C8881B8,2BFC5F1A,E007F816,00000020,000010C4
4293,48763400,FFFE00D4,000003D5,00000000,00010000,0023B9DA,3C8A01A8,2BFC5F1A,E007F816,00000020,000010C5
4294,56408500,FFFD00D2,000003D5,00000000,00010000,0023B9DA,3C8B01D0,2BFC5F1A,E007F816,00000020,000010C6
4295,159092700,FFFF00D7,000003D5,00000000,00010000,0023B9DA,3C8A8196,2BFC5F1A,E007F816,00000020,000010C7
4296,13836100,FFFE00D4,000003D5,00000000,00010000,0024B9DA,3C8C01B1,2BFC5F1A,E007F816,00000020,000010C8
4297,51231000,000300D6,000003D5,00000000,00010000,0024B9DA,3C8C0195,2BFC5F1A,E007F816,00000020,000010C9
4298,50520900,000100DA,000003D5,00000000,00010000,0024B9DA,3C8D0196,2BFC5F1A,E007F816,00000020,000010CA
4299,50757200,FFFD00D8,000003D5,00000000,00010000,0024B9DA,3C8F0202,2BFC5F1A,E007F816,00000020,000010CB
4300,51257100,FFFF00D9,000003D5,00000000,00010000,0024B9DA,3C8E0197,2BFC5F1A,E007F816,00000020,000010CC
4301,50691500,FFFE00DB,000003D5,00000000,00010000,0024B9DA,3C8E81A5,2BFC5F1A,E007F816,00000020,000010CD
4302,49844700,000200DC,000003D5,00000000,00010000,0025B9DA,3C9001BD,2BFC5F1A,E007F816,00000020,000010CE
4303,49599400,000200DB,000003D5,00000000,00010000,0025B9DA,3C8F8186,2BFC5F1A,E007F816,00000020,000010CF
4304,49165200,FFFE00DF,000003D5,00000000,00010000,0025B9DA,3C91019F,2BFC5F1A,E007F816,00000020,000010D0
4305,49693900,FFFD00DF,000003D5,00000000,00010000,0025B9DA,3C91819F,2BFC5F1A,E007F816,00000020,000010D1
4306,51891000,FFFF00DE,000003D5,00000000,00010000,0025B9DA,3C918192,2BFC5F1A,E007F816,00000020,000010D2
4307,50144600,000500E1,000003D5,00000000,00010000,0026B9DA,3C93019F,2BFC5F1A,E007F816,00000020,000010D3
4308,49722600,FFFE00E1,000003D5,00000000,00010000,0026B9DA,3C930190,2BFC5F1A,E007F816,00000020,000010D4
4309,50029500,FFFF00E3,000003D5,00000000,00010000,0026B9DA,3C94019A,2BFC5F1A,E007F816,00000020,000010D5
4310,51152200,FFFD00E2,000003D5,00000000,00010000,0026B9DA,3C94818D,2BFC5F1A,E007F816,00000020,000010D6
4311,51550700,000000E3,000003D5,00000000,00010000,0026B9DA,3C950230,2BFC5F1A,E007F816,00000020,000010D7
4312,49775000,000400E3,000003D5,00000000,00010000,0026B9DA,3C978202,2BFC5F1A,E007F816,00000020,000010D8
4313,50727300,FFFE00E5,000003D5,00000000,00010000,0027B9DA,3C970190,2BFC5F1A,E007F816,00000020,000010D9
4314,49486300,FFFF00E2,000003D5,00000000,00010000,0027B9DA,3C9801A7,2BFC5F1A,E007F816,00000020,000010DA
4315,50054800,FFFD00E4,000003D5,00000000,00010000,0027B9DA,3C9901BD,2BFC5F1A,E007F816,00000020,000010DB
4316,51068900,000300E3,000003D5,00000000,00010000,0027B9DA,3C9901B6,2BFC5F1A,E007F816,00000020,000010DC
4317,50840600,000100E5,000003D5,00000000,00010000,0027B9DA,3C9A01AA,2BFC5F1A,E007F816,00000020,000010DD
4318,50722300,FFFE00E3,000003D5,00000000,00010000,0027B9DA,3C9A8190,2BFC5F1A,E007F816,00000020,000010DE
4319,52234700,FFFE00E4,000003D5,00000000,00010000,0028B9DA,3C9C81F1,2BFC5F1A,E007F816,00000020,000010DF
4320,51433400,FFFE00E5,000003D5,00000000,00010000,0028B9DA,3C9C81D1,2BFC6C35,E007F816,00000020,000010E0
4321,49135200,000400E4,000003D5,00000000,00010000,0028B9DA,3C9C8237,2BFC6C35,E007F816,00000020,000010E1
4322,50422900,000000E4,000003D5,00000000,00010000,0028B9DA,3C9D81AE,2BFC6C35,E007F816,00000020,000010E2
4323,49817600,FFFE00E4,000003D5,00000000,00010000,0028B9DA,3C9E81BE,2BFC6C35,E007F816,00000020,000010E3
4324,50889100,FFFD00E4,000003D5,00000000,00010000,0029B9DA,3C9E019C,2BFC6C35,E007F816,00000020,000010E4
4325,50868400,000100E3,000003D5,00000000,00010000,0029B9DA,3C9F81B3,2BFC6C35,E007F816,00000020,000010E5
4326,51696600,000300E6,000003D5,00000000,00010000,0029B9DA,3C9F818B,2BFC6C35,E007F816,00000020,000010E6
4327,52109200,FFFF00E3,000003D5,00000000,00010000,0029B9DA,3CA101B4,2BFC6C35,E007F816,00000020,000010E7
4328,49319200,FFFE00E5,000003D5,00000000,00010000,0029B9DA,3CA181A8,2BFC6C35,E007F816,00000020,000010E8
4329,50193800,FFFD00E4,000003D5,00000000,00010000,0029B9DA,3CA281A3,2BFC6C35,E007F816,00000020,000010E9
4330,52524200,000200E5,000003D5,00000000,00010000,002AB9DA,3CA28189,2BFC6C35,E007F816,00000020,000010EA
4331,49478500,000200E3,000003D5,00000000,00010000,002AB9DA,3CA301B1,2BFC6C35,E007F816,00000020,000010EB
4332,50928700,FFFF00E6,000003D5,00000000,00010000,002AB9DA,3CA581E4,2BFC6C35,E007F816,00000020,000010EC
4333,50186500,FFFD00E3,000003D5,00000000,00010000,002AB9DA,3CA501BB,2BFC6C35,E007F816,00000020,000010ED
4334,50768500,FFFF00E6,000003D5,00000000,00010000,002AB9DA,3CA58199,2BFC6C35,E007F816,00000020,000010EE
4335,51682500,000300E3,000003D5,00000000,00010000,002AB9DA,3CA701CB,2BFC6C35,E007F816,00000020,000010EF
4336,49133200,000100E6,000003D5,00000000,00010000,002BB9DA,3CA7019F,2BFC6C35,E007F816,00000020,000010F0
4337,50350400,FFFD00E3,000003D5,00000000,00010000,002BB9DA,3CA701A8,2BFC6C35,E007F816,00000020,000010F1
4338,50370300,FFFE00E6,000003D5,00000000,00010000,002BB9DA,3CA88198,2BFC6C35,E007F816,00000020,000010F2
4339,51494400,FFFE00E0,000003D5,00000000,00010000,002BB9DA,3CA8818D,2BFC6C35,E007F816,00000020,000010F3
4340,50259800,000800AC,000003D5,00000000,00010000,002BB9DA,3CAB01FD,2BFC6C35,E007F816,00000020,000010F4
4341,50593000,FFFE0046,000003D5,00000001,00010000,002BB9DA,3CAB8211,2BFC6C35,E007F816,00000020,000010F5
4342,52362700,0000FFED,000003D5,00000001,00010000,002BB9DA,3CA9819C,28006C35,E007F816,00000020,000010F6
4343,51072400,0001FFB7,000003D5,00000001,00010000,002BB9DA,3CA90187,28006C35,E007F816,00000020,000010F7
4344,50378000,FFF9FF99,000003D5,00000001,00000000,002BB9DA,3CAB824B,28006C35,E007F816,00000020,000010F8
4345,51269800,0001FF88,000003D5,00000001,00000000,002BB9DA,3CA981C9,28006C35,E007F816,00000020,000010F9
4346,48327200,0001FF7F,000003D5,00000001,00000000,002BB9DA,3CA8819D,28006C35,E007F816,00000020,000010FA
4347,50160900,0002FF76,000003D5,00000001,00000000,002BB9DA,3CAA0205,28006C35,E007F816,00000020,000010FB
4348,49415900,0000FF77,000003D5,00000000,00000000,002BB9DA,3CA98219,28006C35,E007F816,00000020,000010FC
4349,50024100,0001FF74,000003D5,00000000,FFFF0000,002BB9DA,3CA7819D,28006C35,E007F816,00000020,000010FD
4350,52859500,0001FF58,000003D5,00000000,FFFF0000,002AB9DA,3CA681BE,280079C5,E007F816,00000020,000010FE
4351,49802800,FFFCFF06,000003D5,00000001,FFFF0000,002AB9DA,3CA701D5,280079C5,E007F816,00000020,000010FF
4352,52757700,0001FF02,000003D5,00000001,FFFF0000,002AB9DA,3CA501B8,280079C5,E007F816,00000020,00001100
4353,47560100,0001FEFF,000003D5,00000000,FFFF0000,002AB9DA,3CA38181,280079C5,E007F816,00000020,00001101
4354,50712100,0003FEFF,000003D5,00000000,FFFF0000,002AB9DA,3CA381B4,280079C5,E007F816,00000020,00001102
4355,49933000,FFFDFF01,000003D5,00000000,FFFF0000,0029B9DA,3CA381B0,280079C5,E007F816,00000020,00001103
4356,52160000,FFFEFEFF,000003D5,00000000,FFFF0000,0029B9DA,3CA2019F,280079C5,E007F816,00000020,00001104
4357,50732000,0003FF00,000003D5,00000000,FFFF0000,0029B9DA,3CA201B8,280079C5,E007F816,00000020,00001105
4358,49181100,0001FF04,000003D5,00000000,FFFF0000,0029B9DA,3CA081A6,280079C5,E007F816,00000020,00001106
4359,50296500,0000FF02,000003D5,00000000,FFFF0000,0029B9DA,3C9F018B,280079C5,E007F816,00000020,00001107
4360,50917600,FFFDFF02,000003D5,00000000,FFFF0000,0028B9DA,3C9E8198,280079C5,E007F816,00000020,00001108
4361,50766400,0002FF05,000003D5,00000000,FFFF0000,0028B9DA,3C9D8188,280079C5,E007F816,00000020,00001109
4362,50749900,000CFF04,000003D5,00090000,FFFF0000,0028B9DC,3C9D819A,280079C5,E007F816,00000020,0000110A
4363,49491000,0017FF06,000003D5,00110000,FFFF0000,0028B9DF,3C9C8197,280079C5,E007F816,00000020,0000110B
4364,49982800,001BFF05,000003D5,00190000,FFFF0000,0028B9E6,3C9B8190,280079C5,E007F816,00000020,0000110C
4365,51466900,0029FF05,000003D5,00200000,FFFF0000,FF27B9EE,3C9A81A1,280079C5,E007F816,00000020,0000110D
4366,50254300,002DFF08,000103D5,00270000,FFFFFFFF,FF27B9F9,3C9A81B0,280079C5,E007F816,00000020,0000110E
4367,50493900,003FFF08,000103D5,002E0000,FFFFFFFF,FF27BA05,3C9A01E6,280079C5,E007F816,00000020,0000110F
4368,49960900,004AFF09,000103D5,00340000,FFFFFFFF,FF27BA13,3C9981D2,280079C5,E007D016,00000020,00001110
4369,49811200,0054FF07,000103D5,003A0000,FFFFFFFF,FF27BA23,3C980196,280079C5,E0078016,00000020,00001111
4370,50112000,0063FF0B,000103D5,003F0000,FFFFFFFF,FF27BA35,3C970181,280079C5,E0074016,00000020,00001112
4371,50522300,0074FEED,000103D5,00450000,FFFFFFFE,FF26BA48,3C960194,280079C5,E0070016,00000020,00001113
4372,51031500,007DFE8C,000103D5,004A0001,FFFFFFFE,FF26BA5D,3C9601C3,280079C5,E006C816,00000020,00001114
4373,50292900,008BFE7A,000103D5,004F0001,FFFEFFFE,FF26BA73,3C93818F,280079C5,E0069016,00000020,00001115
4374,51018100,0096FE7A,000103D5,00540000,FFFEFFFE,FF25BA8A,3C9301A8,280079C5,E0066016,00000020,00001116
4375,52010600,00A6FE7E,000103D5,00580000,FFFEFFFE,FF25BAA3,3C918199,280079C5,E0063016,00000020,00001117
4376,49079400,00B4FE7D,000103D5,005D0000,FFFEFFFD,FF25BABD,3C9101A7,280079C5,E0060816,00000020,00001118
4377,50483300,00C1FE7B,000103D5,00620000,FFFEFFFD,FF24BAD9,3C9001BF,280079C5,E005E016,00000020,00001119
4378,51253500,00C9FE80,000103D5,00670000,FFFEFFFD,FF24BAF6,3C8E01BE,280079C5,E005C016,00000020,0000111A
4379,51040900,00D8FE61,000103D5,006D0000,FFFEFFFD,FF24BB15,3C8E01EC,280079C5,E0059816,00000020,0000111B
4380,51514500,00E1FE00,000103D5,00720001,FFFEFFFC,FF23BB35,3C8C81CF,28008845,E0057816,00000020,0000111C
4381,51426300,00EBFDF1,000103D5,00770001,FFFEFFFC,FF23BB56,3C8A01A7,28008845,E0055816,00000020,0000111D
4382,50952900,00F7FDF1,000103D5,007D0001,FFFDFFFC,FF23BB79,3C8801A7,28008845,E0053816,00000020,0000111E
4383,51319000,0107FDF2,000103D4,00820000,FFFDFFFC,FF22BB9E,3C8701AD,28008845,E0052016,00000020,0000111F
4384,49133500,0112FDEE,000103D4,00880000,FFFDFFFC,FF22BBC4,3C848181,28008845,E0050816,00000020,00001120
4385,50736900,011DFDF6,000103D4,008D0000,FFFDFFFB,FF21BBEC,3C83018F,28008845,E004F016,00000020,00001121
4386,51315000,0122FDF4,000103D4,00930000,FFFDFFFB,FF21BC16,3C8181BA,28008845,E004D816,00000020,00001122
4387,49200400,0134FDF3,000103D4,00980000,FFFDFFFB,FF20BC41,3C8001AC,28008845,E004C816,00000020,00001123
4388,50469500,013BFDF8,000103D4,009D0000,FFFDFFFB,FF20BC6D,3C7E819A,28008845,E004B816,00000020,00001124
4389,51938300,0142FDF8,000103D4,00A20000,FFFDFFFB,FF20BC9B,3C7E01D7,28008845,E004A816,00000020,00001125
4390,50412700,014EFDF9,000103D4,00A70000,FFFDFFFA,FF1FBCCB,3C7B81A6,28008845,E0049816,00000020,00001126
4391,51182600,0156FDF7,000003D4,00AC0000,FFFDFFFA,FF1FBCFB,3C790190,28008845,E0049016,00000020,00001127
4392,49687300,015CFDFC,000003D4,00B00000,FFFDFFFA,FF1EBD2D,3C7881AD,28008845,E0048816,00000020,00001128
4393,50685500,0165FE2D,000003D4,00B40000,FFFDFFFA,FF1EBD60,3C768192,28008845,E0047816,00000020,00001129
4394,50833300,016DFE8A,000003D4,00B80000,FFFDFFFA,FF1EBD94,3C75018A,28008845,D0047016,00000020,0000112A
4395,51530000,0171FE90,000003D4,00BB0000,FFFDFFFA,FF1DBDCA,3C740208,28008845,D0047016,00000020,0000112B
4396,49571900,0176FE8E,000003D5,00BE0000,FFFEFFF9,FF1DBE00,3C7401F0,28008845,D0046816,00000020,0000112C
4397,50369300,0177FE96,000003D5,00C10000,FFFEFFF9,FF1DBE37,3C72019A,28008845,D0046816,00000020,0000112D
4398,51003400,0177FE93,000003D5,00C30000,FFFEFFF9,FF1DBE6E,3C70818A,28008845,D0046816,00000020,0000112E
4399,50234300,017CFE95,000003D4,00C50000,FFFEFFF9,FF1CBEA7,3C6F818D,28008845,D0046816,00000020,0000112F
4400,50519900,0179FE97,000003D4,00C60000,FFFEFFF9,FF1CBEDF,3C6E8184,28008845,D0046816,00000020,00001130
4401,51278400,017CFE97,000003D4,00C70000,FFFEFFF9,FF1CBF18,3C6D819B,28008845,D0046816,00000020,00001131
4402,50420700,0175FE98,000003D4,00C70000,FFFEFFF9,FF1BBF51,3C6C819A,28008845,D0046816,00000020,00001132
4403,50635000,017BFE9A,000003D4,00C70000,FFFEFFF9,FF1BBF8A,3C6B0188,28008845,D0047016,00000020,00001133
4404,50924000,0176FE9A,000003D4,00C60000,FFFEFFF9,FF1BBFC3,3C6B01C7,28008845,D0047816,00000020,00001134
4405,49975100,0172FE9C,000003D4,00C50000,FFFEFFF9,FF1BBFFC,3C6A01E2,28008845,D0048016,00000020,00001135
4406,52024900,016FFE9F,000003D4,00C40000,FFFEFFF9,FF1AC034,3C6881D5,28008845,D0048816,00000020,00001136
4407,50712200,016AFE9B,000003D4,00C20000,FFFEFFF9,FF1AC06C,3C6781D1,28008845,D0049016,00000020,00001137
4408,49969900,0165FED4,000003D4,00C00000,FFFEFFF9,FF1AC0A3,3C66018A,28008845,D0049816,00000020,00001138
4409,51146800,0163FF2C,000003D4,00BD0000,FFFEFFF9,FF1AC0D9,3C6581BE,28008845,D004A816,00000020,00001139
4410,51422400,0153FF33,000003D5,00BA0000,FFFEFFFA,FF19C10F,3C6501AC,280097B5,D004B816,00000020,0000113A
4411,50428200,0152FF35,000003D5,00B60000,FFFFFFFA,FF19C144,3C640191,280097B5,D004D016,00000020,0000113B
4412,51536700,0143FF37,FFFF03D5,00B10000,FFFFFFFA,FF19C177,3C630182,280097B5,D004E816,00000020,0000113C
4413,49884700,0138FF36,FFFF03D5,00AC0000,FFFFFFFA,FF19C1A9,3C64022E,280097B5,D0050016,00000020,0000113D
4414,49705500,0133FF34,FFFF03D5,00A70000,FFFFFFFA,FF19C1D9,3C63820A,280097B5,D0051816,00000020,0000113E
4415,50452100,0123FF3C,FFFF03D5,00A10000,FFFFFFFA,FF19C208,3C61818C,280097B5,D0053016,00000020,0000113F
4416,51553600,0119FF67,FFFF03D5,009B0000,FFFFFFFB,FF19C235,3C610194,280097B5,D0055016,00000020,00001140
4417,49572700,0111FFAE,FFFF03D5,00950000,FFFFFFFB,FF18C260,3C608194,280097B5,D0057816,00000020,00001141
4418,50899000,0103FFAF,FFFF03D5,008F0000,FFFFFFFB,FF18C28A,3C608195,280097B5,D005A016,00000020,00001142
4419,51262500,00F7FFB5,FFFF03D5,00880000,FFFFFFFB,FF18C2B1,3C620277,280097B5,D005C816,00000020,00001143
4420,50486100,00EAFFBE,FFFF03D5,00810000,FFFFFFFB,FF18C2D7,3C60821E,280097B5,D005F816,00000020,00001144
4421,50731500,00DFFFE0,FFFF03D5,007A0000,0000FFFC,FF18C2FB,3C600194,280097B5,D0062816,00000020,00001145
4422,50311100,00D20008,FFFF03D5,00730000,0000FFFC,FF18C31C,3C61825F,280097B5,D0065816,00000020,00001146
4423,51138000,00C60030,FFFF03D5,006DFFFF,0000FFFC,FF18C33C,3C5F818F,280097B5,D0069816,00000020,00001147
4424,50265200,00BD004B,FFFF03D5,0066FFFF,0000FFFC,FF18C35A,3C6081B3,280097B5,D006D816,00000020,00001148
4425,51382600,00AE005D,FFFF03D5,0060FFFF,0000FFFC,FF18C376,3C608189,280097B5,D0071816,00000020,00001149
4426,52796400,00A5006E,FFFF03D5,00590000,0000FFFD,FF19C390,3C6081B4,280097B5,D0076016,00000020,0000114A
4427,51581100,009A007C,FFFF03D5,00530000,0000FFFD,FF19C3A9,3C6181A9,280097B5,D007B016,00000020,0000114B
4428,48874200,008F0080,FFFF03D5,004D0000,0001FFFD,FF19C3C0,3C618189,280097B5,D007F816,00000020,0000114C
4429,50997400,00870089,FFFF03D5,00480000,0001FFFD,FF19C3D5,3C6201A9,280097B5,D007F816,00000020,0000114D
4430,48435200,0080008F,FFFF03D5,00430000,0001FFFD,FF19C3E9,3C6301DE,280097B5,D007F816,00000020,0000114E
4431,49522200,0076008F,FFFF03D5,003E0000,0001FFFD,FF19C3FB,3C628198,280097B5,D007F816,00000020,0000114F
4432,50740400,00700094,000003D5,003A0000,0001FFFE,FF19C40C,3C63018F,280097B5,D007F816,00000020,00001150
4433,48882300,00680093,000003D5,00370000,0001FFFE,FF19C41C,3C63818E,280097B5,D007F816,00000020,00001151
4434,50915100,0065009C,000003D5,00340000,0001FFFE,FF19C42B,3C6481A3,280097B5,D007F816,00000020,00001152
4435,50486400,0060009A,000003D5,00310000,0001FFFE,FF1AC43A,3C64818C,280097B5,D007F816,00000020,00001153
4436,52641400,0059009A,000003D5,002F0000,0001FFFE,FF1AC447,3C650186,280097B5,D007F816,00000020,00001154
4437,49905000,0056009D,000003D5,002D0000,0001FFFE,FF1AC455,3C670230,280097B5,D007F816,00000020,00001155
4438,50811600,0051009D,000003D5,002C0000,0001FFFE,FF1AC461,3C660191,280097B5,D007F816,00000020,00001156
4439,50345800,0050009D,000003D5,002B0000,0001FFFE,FF1AC46E,3C66819F,280097B5,D007F816,00000020,00001157
4440,50035100,004E00A2,000003D5,002A0000,0001FFFE,FF1AC47A,3C670184,2800A7DF,D007F816,00000020,00001158
4441,53327300,004D00A1,000003D5,002A0000,0001FFFE,FF1AC486,3C678187,2800A7DF,D007F816,00000020,00001159
4442,49671200,004A00A0,000003D5,002A0000,0001FFFF,FF1AC492,3C68018E,2800A7DF,D007F816,00000020,0000115A
4443,50051500,004B00A1,000003D5,002B0000,0001FFFF,FF1BC49E,3C6981E9,2800A7DF,D007F816,00000020,0000115B
4444,49776700,004C00A3,000003D5,002B0000,0001FFFF,FF1BC4AA,3C69019B,2800A7DF,D007F816,00000020,0000115C
4445,51886000,004B00A6,000003D5,002C0000,0001FFFF,FF1BC4B7,3C69818F,2800A7DF,D007F816,00000020,0000115D
4446,50212000,004D00A4,000003D5,002D0000,0001FFFF,FF1BC4C4,3C69818A,2800A7DF,D007F816,00000020,0000115E
4447,49979200,004F00A1,000003D5,002F0000,0001FFFF,FF1BC4D1,3C6A01B1,2800A7DF,D007F816,00000020,0000115F
4448,50280500,005200AA,000003D5,00300000,0001FFFF,FF1BC4DF,3C6B81A7,2800A7DF,D007F816,00000020,00001160
4449,49435200,004E00A2,000003D5,00320000,0001FFFF,FF1BC4ED,3C6B0182,2800A7DF,D007F816,00000020,00001161
4450,50222600,005300AB,000003D5,00340000,0001FFFF,FF1BC4FB,3C6C01D4,2800A7DF,D007F816,00000020,00001162
4451,49540300,005A00A7,000003D5,00350000,0001FFFE,FF1CC50A,3C6C819B,2800A7DF,D007F816,00000020,00001163
4452,50665200,005C00AB,000003D5,00370000,0001FFFE,FF1CC51A,3C6D81A5,2800A7DF,D007F816,00000020,00001164
4453,50704400,005D00A6,000003D5,003A0000,0001FFFE,FF1CC52A,3C6E81CF,2800A7DF,D007F816,00000020,00001165
4454,50140100,006100AE,000003D5,003C0000,0001FFFE,FF1CC53B,3C6E81B3,2800A7DF,D007F816,00000020,00001166
4455,51532400,006700A8,000003D5,003E0000,0001FFFE,FF1CC54D,3C6E0181,2800A7DF,D007F816,00000020,00001167
4456,49368900,006700AB,000003D5,00400000,0001FFFE,FF1CC55F,3C6F0194,2800A7DF,D007F016,00000020,00001168
4457,51108300,007000AF,000003D5,00430000,0001FFFE,FF1CC572,3C7001B2,2800A7DF,D007C816,00000020,00001169
4458,48938300,007000AC,000003D5,00450000,0001FFFE,FF1DC585,3C7101F1,2800A7DF,D007A816,00000020,0000116A
4459,50766900,007300AD,000003D5,00470000,0001FFFE,FF1DC599,3C70818E,2800A7DF,D0078816,00000020,0000116B
4460,54447200,007C00AE,000003D5,004A0000,0001FFFE,FF1DC5AE,3C71019C,2800A7DF,D0076816,00000020,0000116C
4461,46462700,008000B0,000003D5,004C0000,0001FFFE,FF1DC5C3,3C718189,2800A7DF,D0075016,00000020,0000116D
4462,50588600,008200B3,000003D5,004E0000,0001FFFE,FF1DC5DA,3C72018F,2800A7DF,D0073016,00000020,0000116E
4463,50099600,008700AF,000003D5,00500000,0001FFFE,FF1DC5F0,3C72818E,2800A7DF,D0071816,00000020,0000116F
4464,50215300,008E00B3,000003D5,00530000,0001FFFE,FF1DC608,3C7381B4,2800A7DF,D0070016,00000020,00001170
4465,50944200,009100B1,000003D5,00550000,0001FFFE,FF1DC620,3C7481BC,2800A7DF,D006E816,00000020,00001171
4466,49657400,009700B4,000003D5,00570000,0001FFFD,FF1EC639,3C7481AB,2800A7DF,D006D016,00000020,00001172
4467,50250100,009A00B1,000003D5,00590000,0001FFFD,FF1EC652,3C7481A9,2800A7DF,D006B816,00000020,00001173
4468,50811700,00A100B3,000003D5,005B0000,0001FFFD,FF1EC66C,3C75819F,2800A7DF,D006A016,00000020,00001174
4469,50168500,00A60088,000003D5,005D0000,0001FFFD,FF1EC686,3C7701FE,2800A7DF,D0069016,00000020,00001175
4470,50676500,00A80037,000003D5,005E0001,0001FFFD,FF1EC6A1,3C76019D,2800B8A2,D0068016,00000020,00001176
4471,50581200,00AFFFF6,000003D5,00600001,0001FFFD,FF1EC6BD,3C76019A,2800B8A2,D0066816,00000020,00001177
4472,50323800,00B4FFD2,000003D5,00620001,0000FFFD,FF1EC6D8,3C758187,2800B8A2,D0065816,00000020,00001178
4473,51442700,00B6FF9D,000003D5,00630001,0000FFFD,FF1EC6F5,3C7601BF,2800B8A2,D0064016,00000020,00001179
4474,50259800,00BDFF43,000003D5,00650001,0000FFFD,FF1EC711,3C750191,2800B8A2,D0063016,00000020,0000117A
4475,52027800,00BBFF36,000003D5,00670001,0000FFFD,FF1DC72F,3C7481A3,2800B8A2,D0061816,00000020,0000117B
4476,49846500,00C4FF2E,000003D5,00690001,FFFFFFFD,FF1DC74D,3C738188,2800B8A2,D0061016,00000020,0000117C
4477,50100400,00C7FF30,000003D5,006B0001,FFFFFFFD,FF1DC76B,3C7301C2,2800B8A2,D005F816,00000020,0000117D
4478,51415600,00C9FF2D,000003D5,006E0000,FFFFFFFC,FF1DC78A,3C72018C,2800B8A2,D005E816,00000020,0000117E
4479,49989500,00CFFF2A,000003D5,00700000,FFFFFFFC,FF1DC7AA,3C7201C9,2800B8A2,D005E016,00000020,0000117F
4480,50902000,00D2FF2F,000003D5,00720000,FFFFFFFC,FF1DC7CA,3C71019C,2800B8A2,D005D016,00000020,00001180
4481,49887000,00D5FF2D,000003D5,00740000,FFFFFFFC,FF1CC7EC,3C7081C4,2800B8A2,D005C816,00000020,00001181
4482,49244400,00D8FF2A,000003D5,00760000,FFFFFFFC,FF1CC80D,3C6F8189,2800B8A2,D005B816,00000020,00001182
4483,50594100,00DAFF31,000003D5,00780000,FFFFFFFC,FF1CC82F,3C6F81B2,2800B8A2,D005B816,00000020,00001183
4484,49686300,00DCFF2E,000003D5,007A0000,FFFFFFFC,FF1CC852,3C6F01BB,2800B8A2,D005A816,00000020,00001184
4485,50816600,00E4FF2D,000003D5,007C0000,FFFFFFFC,FF1CC875,3C6D819C,2800B8A2,D005A016,00000020,00001185
4486,51089600,00E1FF30,000003D5,007D0000,FFFFFFFC,FF1CC899,3C6D81B6,2800B8A2,D005A016,00000020,00001186
4487,51233700,00E4FF30,000003D5,007E0000,FFFFFFFC,FF1BC8BD,3C6C81A8,2800B8A2,D0059816,00000020,00001187
4488,50994300,00E7FF2E,000003D5,007F0000,FFFFFFFC,FF1BC8E1,3C6C0196,2800B8A2,D0059816,00000020,00001188
4489,50669900,00E3FF33,000003D5,00800000,FFFFFFFC,FF1BC906,3C6B0189,2800B8A2,D0059016,00000020,00001189
4490,48401300,00EEFF32,000003D5,00810000,FFFFFFFC,FF1BC92B,3C6A8193,2800B8A2,D0059016,00000020,0000118A
4491,50503100,00E5FF33,000003D5,00820000,FFFFFFFC,FF1BC950,3C6A81C3,2800B8A2,D0059016,00000020,0000118B
4492,50908800,00E7FF30,000003D5,00820000,FFFFFFFC,FF1BC975,3C6981DC,2800B8A2,D0059016,00000020,0000118C
4493,49885100,00EDFF37,000003D5,00820000,FFFFFFFC,FF1BC99B,3C6901A2,2800B8A2,D0059816,00000020,0000118D
4494,51446600,00E7FF5D,000003D5,00830000,FFFFFFFC,FF1AC9C0,3C68018A,2800B8A2,D0059816,00000020,0000118E
4495,50381200,00E8FFA4,000003D5,00830000,FFFFFFFC,FF1AC9E6,3C6801A7,2800B8A2,D005A016,00000020,0000118F
4496,49561900,00E8FFB0,000003D5,00820000,FFFFFFFC,FF1ACA0B,3C678247,2800B8A2,D005A016,00000020,00001190
4497,51064800,00E4FFA8,000003D5,00820000,FFFFFFFC,FF1ACA30,3C6701A1,2800B8A2,D005A816,00000020,00001191
4498,50275300,00E6FFA8,000003D5,00810000,FFFFFFFC,FF1ACA55,3C6781A8,2800B8A2,D005B816,00000020,00001192
4499,49967300,00E2FFAD,000003D5,00800000,FFFFFFFC,FF1ACA7A,3C6781B9,2800B8A2,D005B816,00000020,00001193
4500,51290800,00DCFFA9,000003D5,007F0000,FFFFFFFC,FF1ACA9E,3C6701C6,2800CA02,D005C816,00000020,00001194
4501,49762800,00DEFFAF,000003D5,007D0000,0000FFFC,FF1ACAC2,3C66018F,2800CA02,D005D016,00000020,00001195
4502,52105100,00D8FFAC,000003D5,007C0000,0000FFFC,FF1ACAE6,3C660192,2800CA02,D005D816,00000020,00001196
4503,49568500,00D8FFAC,000003D5,007A0000,0000FFFC,FF1ACB09,3C66019D,2800CA02,D005E816,00000020,00001197
4504,50321500,00D3FFAC,000003D5,00780000,0000FFFC,FF1ACB2C,3C65818D,2800CA02,D005F016,00000020,00001198
4505,50645200,00D4FFB0,000003D5,00770000,0000FFFC,FF1ACB4E,3C65018F,2800CA02,D0060016,00000020,00001199
4506,49518100,00CCFFBD,000003D5,00750000,0000FFFC,FF1ACB6F,3C6501C9,2800CA02,D0060816,00000020,0000119A
4507,51044700,00CBFFDC,000003D5,00730000,0000FFFC,FF1ACB91,3C648181,2800CA02,D0061816,00000020,0000119B
4508,50640500,00C80005,000003D5,00720000,0000FFFC,FF1ACBB1,3C6581B1,2800CA02,D0062816,00000020,0000119C
4509,49763300,00C4002E,000003D5,00700000,0000FFFC,FF1ACBD1,3C650191,2800CA02,D0063816,00000020,0000119D
4510,51374200,00C10046,000003D5,006E0000,0000FFFC,FF1ACBF1,3C6581A5,2800CA02,D0064816,00000020,0000119E
4511,49606300,00B80061,000003D5,006D0000,0000FFFC,FF1ACC11,3C6601A7,2800CA02,D0065816,00000020,0000119F
4512,52598000,00BB0072,000003D5,006B0000,0000FFFC,FF1ACC2F,3C6681BF,2800CA02,D0067016,00000020,000011A0
4513,49748300,00B4007D,000003D5,00690000,0000FFFD,FF1ACC4E,3C6681C6,2800CA02,D0068016,00000020,000011A1
4514,50764200,00B3008A,000003D5,00670000,0001FFFD,FF1ACC6B,3C6701A7,2800CA02,D0069016,00000020,000011A2
4515,49277800,00AF008A,000003D5,00650000,0001FFFD,FF1ACC89,3C670192,2800CA02,D006A816,00000020,000011A3
4516,51430400,00AD0096,000003D5,00630000,0001FFFD,FF1ACCA5,3C6801EB,2800CA02,D006B016,00000020,000011A4
4517,49132000,00AA0097,000003D5,00610000,0001FFFD,FF1ACCC1,3C680196,2800CA02,D006C016,00000020,000011A5
4518,50099900,00AA0099,000003D5,005F0000,0001FFFD,FF1BCCDD,3C6901C4,2800CA02,D006D016,00000020,000011A6
4519,49663900,00A4009F,000003D5,005E0000,0001FFFD,FF1BCCF8,3C69019D,2800CA02,D006E016,00000020,000011A7
4520,53098800,00A7009C,000003D5,005C0000,0001FFFD,FF1BCD12,3C6B0247,2800CA02,D006E816,00000020,000011A8
4521,51215900,009D00A5,000003D5,005B0000,0001FFFD,FF1BCD2D,3C6981A6,2800CA02,D006F816,00000020,000011A9
4522,49282200,00A400A1,000003D5,005A0000,0001FFFD,FF1BCD46,3C6B01D4,2800CA02,D0070016,00000020,000011AA
4523,49653100,009A00A4,000003D5,00590000,0001FFFD,FF1BCD60,3C6B019D,2800CA02,D0070016,00000020,000011AB
4524,50676800,00A100A4,000003D5,00580000,0001FFFD,FF1BCD79,3C6B01BD,2800CA02,D0070816,00000020,000011AC
4525,52204500,009800A7,000003D5,00570000,0001FFFD,FF1BCD92,3C6C81B1,2800CA02,D0071016,00000020,000011AD
4526,50166500,009E00A7,000003D5,00560000,0001FFFD,FF1CCDAB,3C6C81A0,2800CA02,D0071016,00000020,000011AE
4527,51058800,009A00A7,000003D5,00560000,0001FFFD,FF1CCDC4,3C6D019A,2800CA02,D0071016,00000020,000011AF
4528,49360800,009800A9,000003D5,00560000,0001FFFD,FF1CCDDC,3C6D0197,2800CA02,D0071016,00000020,000011B0
4529,50510200,009E00A8,000003D5,00560000,0001FFFD,FF1CCDF5,3C6E81C9,2800CA02,D0071016,00000020,000011B1
4530,50929000,009700AC,000003D5,00550000,0001FFFD,FF1CCE0D,3C6E81A7,2800DBD5,D0071016,00000020,000011B2
4531,50170600,009800AB,000003D5,00560000,0001FFFD,FF1CCE26,3C6F01DC,2800DBD5,D0070816,00000020,000011B3
4532,50235500,009B00AD,000003D5,00560000,0001FFFD,FF1CCE3E,3C6F018F,2800DBD5,D0070016,00000020,000011B4
4533,50263400,009D00A7,000003D5,00560000,0001FFFD,FF1CCE57,3C6F818B,2800DBD5,D0070016,00000020,000011B5
4534,51589600,009900B4,000003D5,00560000,0001FFFD,FF1DCE70,3C7081A6,2800DBD5,D006F816,00000020,000011B6
4535,50400600,009D00AE,000003D5,00570000,0001FFFD,FF1DCE89,3C710191,2800DBD5,D006F016,00000020,000011B7
4536,50556000,009E00AE,000003D5,00570000,0001FFFD,FF1DCEA2,3C710186,2800DBD5,D006E816,00000020,000011B8
4537,50588300,00A100B0,000003D5,00580000,0001FFFD,FF1DCEBB,3C7201A6,2800DBD5,D006E016,00000020,000011B9
4538,51554600,009D00AF,000003D5,00590000,0001FFFD,FF1DCED4,3C728194,2800DBD5,D006D816,00000020,000011BA
4539,49775100,00A200B2,000003D5,00590000,0001FFFD,FF1DCEED,3C73019D,2800DBD5,D006D016,00000020,000011BB
4540,51433200,00A600B1,000003D5,005A0000,0001FFFD,FF1DCF07,3C73818B,2800DBD5,D006C016,00000020,000011BC
4541,51470500,00A500B3,000003D5,005B0000,0001FFFD,FF1ECF21,3C740187,2800DBD5,D006B816,00000020,000011BD
4542,49224000,00A700B0,000003D5,005C0000,0001FFFD,FF1ECF3B,3C75019C,2800DBD5,D006B016,00000020,000011BE
4543,50282300,00AF0085,000003D5,005C0000,0001FFFD,FF1ECF56,3C7501C5,2800DBD5,D006A816,00000020,000011BF
4544,51072500,00AB0037,000003D5,005D0001,0001FFFD,FF1ECF70,3C75018E,2800DBD5,D0069816,00000020,000011C0
4545,51106300,00ABFFF8,000003D5,005D0001,0001FFFD,FF1ECF8B,3C750189,2800DBD5,D0069016,00000020,000011C1
4546,50908800,00B5FFD1,000003D5,005E0001,0000FFFD,FF1ECFA6,3C7581CF,2800DBD5,D0068016,00000020,000011C2
4547,51096100,00B6FFBE,000003D5,005F0001,0000FFFD,FF1ECFC1,3C7481CB,2800DBD5,D0067016,00000020,000011C3
4548,50400700,00B6FFAF,000003D5,00600001,0000FFFD,FF1ECFDC,3C7481A9,2800DBD5,D0066816,00000020,000011C4
4549,52207700,00B7FFAA,000003D5,00610001,0000FFFD,FF1ECFF8,3C740193,2800DBD5,D0065016,00000020,000011C5
4550,50305900,00BCFFA7,000003D5,00630000,0000FFFD,FF1DD014,3C740190,2800DBD5,D0064816,00000020,000011C6
4551,50121400,00B9FFA2,000003D5,00640000,0000FFFD,FF1DD031,3C738191,2800DBD5,D0064016,00000020,000011C7
4552,50335700,00C0FFA3,000003D5,00660000,0000FFFD,FF1DD04E,3C738194,2800DBD5,D0063016,00000020,000011C8
4553,51238200,00C3FF81,000003D5,00670000,0000FFFD,FF1DD06B,3C73018D,2800DBD5,D0062016,00000020,000011C9
4554,49521800,00BFFF32,000003D5,00690001,FFFFFFFD,FF1DD089,3C720185,2800DBD5,D0061816,00000020,000011CA
4555,50757900,00C6FF2D,000003D5,006A0001,FFFFFFFC,FF1DD0A7,3C7201D1,2800DBD5,D0061016,00000020,000011CB
4556,50777000,00C7FF2E,000003D5,006C0000,FFFFFFFC,FF1DD0C6,3C7181B9,2800DBD5,D0060016,00000020,000011CC
4557,51318700,00CCFF2D,000003D5,006D0000,FFFFFFFC,FF1DD0E5,3C7101CB,2800DBD5,D005F816,00000020,000011CD
4558,50467600,00CCFF2D,000003D5,006F0000,FFFFFFFC,FF1CD105,3C7001A1,2800DBD5,D005F016,00000020,000011CE
4559,51328700,00D0FF2E,000003D5,00700000,FFFFFFFC,FF1CD125,3C6F81A5,2800DBD5,D005E816,00000020,000011CF
4560,48921400,00D3FF2F,000003D5,00720000,FFFFFFFC,FF1CD145,3C6E8189,2800EE09,D005E016,00000020,000011D0
4561,50234800,00D2FF31,000003D5,00730000,FFFFFFFC,FF1CD166,3C6E01A5,2800EE09,D005E016,00000020,000011D1
4562,50616300,00D5FF2D,000003D5,00740000,FFFFFFFC,FF1CD187,3C6D81CE,2800EE09,D005D816,00000020,000011D2
4563,50720200,00D5FF5D,000003D5,00750000,FFFFFFFC,FF1CD1A9,3C6D81B5,2800EE09,D005D016,00000020,000011D3
4564,51373800,00D6FFA3,000003D5,00760000,FFFFFFFC,FF1CD1CA,3C6C8193,2800EE09,D005D016,00000020,000011D4
4565,50177800,00DCFFA6,000003D5,00770000,FFFFFFFC,FF1BD1ED,3C6C81A9,2800EE09,D005D016,00000020,000011D5
4566,50271000,00D8FFA7,000003D5,00780000,FFFFFFFC,FF1BD20F,3C6C01A0,2800EE09,D005D016,00000020,000011D6
4567,50538100,00D9FFA5,000003D5,00780000,FFFFFFFC,FF1BD231,3C6B819A,2800EE09,D005D016,00000020,000011D7
4568,50082700,00D6FFA9,000003D5,00780000,FFFFFFFC,FF1BD253,3C6B019D,2800EE09,D005D816,00000020,000011D8
4569,51365500,00D5FFA6,000003D5,00780000,FFFFFFFC,FF1BD276,3C6B018B,2800EE09,D005D816,00000020,000011D9
4570,49830200,00DBFFA9,000003D5,00780000,FFFFFFFC,FF1BD298,3C6B01A3,2800EE09,D005D816,00000020,000011DA
4571,50969700,00D7FFA5,000003D5,00780000,0000FFFC,FF1BD2BB,3C6B821A,2800EE09,D005E016,00000020,000011DB
4572,50638000,00D5FFAB,000003D5,00770000,0000FFFC,FF1BD2DD,3C6B01C5,2800EE09,D005E816,00000020,000011DC
4573,51318100,00D6FFA9,000003D5,00770000,0000FFFC,FF1BD2FF,3C6A01AA,2800EE09,D005E816,00000020,000011DD
4574,50268000,00D5FFA7,000003D5,00760000,0000FFFC,FF1BD321,3C6981A3,2800EE09,D005F016,00000020,000011DE
4575,49934600,00D1FFA8,000003D5,00750000,0000FFFC,FF1BD342,3C6A01B2,2800EE09,D005F816,00000020,000011DF
4576,53520100,00D0FFAB,000003D5,00750000,0000FFFC,FF1BD364,3C6981AC,2800EE09,D0060016,00000020,000011E0
4577,47420600,00D1FFA9,000003D5,00740000,0000FFFC,FF1BD385,3C6981B4,2800EE09,D0060016,00000020,000011E1
4578,50378200,00D0FFAA,000003D5,00730000,0000FFFC,FF1BD3A6,3C6981F2,2800EE09,D0060816,00000020,000011E2
4579,51010500,00C9FFAA,000003D5,00720000,0000FFFC,FF1AD3C7,3C6981F6,2800EE09,D0061016,00000020,000011E3
4580,49146800,00CEFFAB,000003D5,00710000,0000FFFC,FF1AD3E7,3C6881E5,2800EE09,D0061816,00000020,000011E4
4581,49898100,00C8FFBB,000003D5,00700000,0000FFFC,FF1AD407,3C68019C,2800EE09,D0062016,00000020,000011E5
4582,51192500,00C5FFDB,000003D5,006F0000,0000FFFC,FF1AD427,3C68019C,2800EE09,D0062816,00000020,000011E6
4583,51204400,00C10002,000003D5,006E0000,0000FFFC,FF1AD447,3C6801BA,2800EE09,D0063016,00000020,000011E7
4584,50454900,00C9002B,000003D5,006E0000,0000FFFC,FF1AD466,3C68019C,2800EE09,D0063816,00000020,000011E8
4585,50977700,00BA004B,000003D5,006DFFFF,0000FFFC,FF1AD486,3C6801A2,2800EE09,D0064816,00000020,000011E9
4586,50357000,00BF0063,000003D5,006CFFFF,0000FFFC,FF1BD4A5,3C680199,2800EE09,D0065816,00000020,000011EA
4587,50623800,00B90072,000003D5,006B0000,0000FFFD,FF1BD4C3,3C6881A3,2800EE09,D0066016,00000020,000011EB
4588,51506700,00B70082,000003D5,00690000,0000FFFD,FF1BD4E2,3C69018F,2800EE09,D0067016,00000020,000011EC
4589,50046900,00B5008A,000003D5,00680000,0001FFFD,FF1BD500,3C6981D4,2800EE09,D0068016,00000020,000011ED
4590,50569200,00B90091,000003D5,00670000,0001FFFD,FF1BD51D,3C6A0257,28010073,D0068816,00000020,000011EE
4591,49517400,00B30095,000003D5,00650000,0001FFFD,FF1BD53A,3C6A81D2,28010073,D0069016,00000020,000011EF
4592,49730300,00AC009E,000003D5,00640000,0001FFFD,FF1BD557,3C6B01BD,28010073,D006A016,00000020,000011F0
4593,114335100,00B5009D,000003D5,00630000,0001FFFD,FF1BD574,3C6C01C5,28010073,D006A816,00000020,000011F1
4594,13177200,00AB00A1,000003D5,00620000,0001FFFD,FF1BD590,3C6B8187,28010073,D006B016,00000020,000011F2
4595,51340600,00AD00A3,000003D5,00600000,0001FFFD,FF1CD5AB,3C6C81A0,28010073,D006B816,00000020,000011F3
4596,49750100,00AD00A6,000003D5,005F0000,0001FFFD,FF1CD5C7,3C6D01AE,28010073,D006C016,00000020,000011F4
4597,50735200,00A700A6,000003D5,005E0000,0001FFFD,FF1CD5E2,3C6D01AE,28010073,D006C016,00000020,000011F5
4598,51546700,00AD00A8,000003D5,005E0000,0001FFFD,FF1CD5FD,3C6D8199,28010073,D006C816,00000020,000011F6
4599,50630700,00A800A8,000003D5,005D0000,0001FFFD,FF1CD618,3C6F01D2,28010073,D006C816,00000020,000011F7
4600,50058400,00A800AC,000003D5,005C0000,0001FFFD,FF1CD632,3C6F81EE,28010073,D006D016,00000020,000011F8
4601,50479600,00A600AA,000003D5,005C0000,0001FFFD,FF1CD64C,3C7081E2,28010073,D006D016,00000020,000011F9
4602,50134200,00A800AD,000003D5,005C0000,0001FFFD,FF1CD667,3C6F8197,28010073,D006D016,00000020,000011FA
4603,50753000,00A500AD,000003D5,005B0000,0001FFFD,FF1DD681,3C700194,28010073,D006D016,00000020,000011FB
4604,52031200,00AD00AC,000003D5,005B0000,0001FFFD,FF1DD69B,3C7181CB,28010073,D006D016,00000020,000011FC
4605,51059700,00A000B1,000003D5,005B0000,0001FFFD,FF1DD6B5,3C7181CF,28010073,D006C816,00000020,000011FD
4606,51644800,00AB00AF,000003D5,005B0000,0001FFFD,FF1DD6CF,3C7281C3,28010073,D006C816,00000020,000011FE
4607,49824600,00AA00AF,000003D5,005C0000,0001FFFD,FF1DD6EA,3C72818E,28010073,D006C016,00000020,000011FF
4608,50343500,00A700B0,000003D5,005C0000,0001FFFD,FF1DD704,3C730198,28010073,D006B816,00000020,00001200
4609,51370800,00AA00B4,000003D5,005C0000,0001FFFD,FF1DD71E,3C7381A0,28010073,D006B816,00000020,00001201
4610,50067500,00AD00AC,000003D5,005D0000,0001FFFD,FF1ED739,3C7401AC,28010073,D006B016,00000020,00001202
4611,50072100,00AF0087,000003D5,005D0000,0001FFFD,FF1ED753,3C7501B0,28010073,D006A816,00000020,00001203
4612,50396600,00AE0035,000003D5,005D0001,0001FFFD,FF1ED76E,3C7501AB,28010073,D006A016,00000020,00001204
4613,50211900,00B0FFFA,000003D5,005D0001,0001FFFD,FF1ED789,3C7501B8,28010073,D0069816,00000020,00001205
4614,50397000,00B5FFD2,000003D5,005D0001,0000FFFD,FF1ED7A3,3C74819B,28010073,D0068816,00000020,00001206
4615,51324500,00B0FFBD,000003D5,005E0001,0000FFFD,FF1DD7BE,3C74018E,28010073,D0068016,00000020,00001207
4616,49012500,00B6FFB3,000003D5,005F0001,0000FFFD,FF1DD7D9,3C7401CB,28010073,D0067016,00000020,00001208
4617,50285900,00B8FFA8,000003D5,00600001,0000FFFD,FF1DD7F5,3C74019E,28010073,D0066816,00000020,00001209
4618,50081200,00B6FFA7,000003D5,00610000,0000FFFD,FF1DD810,3C7381A0,28010073,D0065816,00000020,0000120A
4619,51536500,00BEFFA4,000003D5,00620000,0000FFFD,FF1DD82C,3C7381A1,28010073,D0065016,00000020,0000120B
4620,49419400,00B6FFA3,000003D5,00640000,0000FFFD,FF1DD849,3C728197,2801134E,D0064016,00000020,0000120C
4621,50560500,00C2FFA2,000003D5,00650000,0000FFFD,FF1DD865,3C7301A6,2801134E,D0063816,00000020,0000120D
4622,51358900,00C0FFA2,000003D5,00660000,0000FFFD,FF1DD883,3C72819A,2801134E,D0063016,00000020,0000120E
4623,49031700,00C2FFA1,000003D5,00680000,0000FFFD,FF1DD8A0,3C718186,2801134E,D0062816,00000020,0000120F
4624,51331800,00BFFFA3,000003D5,00690000,0000FFFD,FF1DD8BE,3C7181C2,2801134E,D0062016,00000020,00001210
4625,51255100,00C8FFA4,000003D5,006A0000,0000FFFC,FF1DD8DD,3C710190,2801134E,D0061816,00000020,00001211
4626,50782900,00C6FFA3,000003D5,006C0000,0000FFFC,FF1DD8FB,3C710192,2801134E,D0061016,00000020,00001212
4627,49528600,00CAFFA1,000003D5,006D0000,0000FFFC,FF1DD91A,3C7101A1,2801134E,D0060816,00000020,00001213
4628,50820200,00C9FF84,000003D5,006E0000,FFFFFFFC,FF1CD93A,3C7181FB,2801134E,D0060816,00000020,00001214
4629,49941300,00CCFF5E,000003D5,006E0000,FFFFFFFC,FF1CD959,3C6F81E4,2801134E,D0060016,00000020,00001215
4630,50659700,00CBFFA3,000003D5,006F0000,FFFFFFFC,FF1CD979,3C6F018B,2801134E,D005F816,00000020,00001216
4631,50684900,00D2FFA4,000003D5,00700000,FFFFFFFC,FF1CD999,3C6F01E4,2801134E,D005F816,00000020,00001217
4632,50488700,00CEFFA4,000003D5,00710000,FFFFFFFC,FF1CD9B9,3C6F81AD,2801134E,D005F816,00000020,00001218
4633,50708600,00D0FFA4,000003D5,00720000,FFFFFFFC,FF1CD9DA,3C6F01C2,2801134E,D005F016,00000020,00001219
4634,52201000,00D3FFA3,000003D5,00720000,FFFFFFFC,FF1CD9FA,3C6E81A7,2801134E,D005F016,00000020,0000121A
4635,49810200,00D1FFA6,000003D5,00730000,FFFFFFFC,FF1CDA1B,3C6F01D6,2801134E,D005F016,00000020,0000121B
4636,52164500,00D3FFA5,000003D5,00730000,0000FFFC,FF1CDA3C,3C6E01C9,2801134E,D005F016,00000020,0000121C
4637,50639300,00D0FFA6,000003D5,00730000,0000FFFC,FF1CDA5D,3C6E01DD,2801134E,D005F016,00000020,0000121D
4638,49234900,00D4FFA6,000003D5,00730000,0000FFFC,FF1CDA7E,3C6D01B2,2801134E,D005F016,00000020,0000121E
4639,51898000,00D3FFA6,000003D5,00730000,0000FFFC,FF1CDA9F,3C6D019C,2801134E,D005F816,00000020,0000121F
4640,50620900,00D1FFA5,000003D5,00730000,0000FFFC,FF1CDAC0,3C6C8193,2801134E,D005F016,00000020,00001220
4641,51059500,00D4FFA7,000003D5,00730000,0000FFFC,FF1CDAE1,3C6D81E9,2801134E,D005F816,00000020,00001221
4642,49677900,00D2FFA6,000003D5,00730000,0000FFFC,FF1BDB02,3C6C01C7,2801134E,D005F816,00000020,00001222
4643,49655300,00D1FFA8,000003D5,00730000,0000FFFC,FF1BDB23,3C6C01CE,2801134E,D0060016,00000020,00001223
4644,51344700,00D3FFA7,000003D5,00710000,0000FFFC,FF1BDB44,3C6C01A9,2801134E,D0061016,00000020,00001224
4645,49239300,00C9FFA8,000003D5,00700000,0000FFFC,FF1BDB64,3C6B819D,2801134E,D0061816,00000020,00001225
4646,49956200,00CCFFA7,000003D5,006F0000,0000FFFC,FF1BDB84,3C6B0195,2801134E,D0062816,00000020,00001226
4647,50420200,00CAFFAB,000003D5,006D0000,0000FFFC,FF1BDBA3,3C6A81B1,2801134E,D0064016,00000020,00001227
4648,51274300,00C5FFAA,000003D5,006B0000,0000FFFC,FF1BDBC2,3C6B81CF,2801134E,D0065816,00000020,00001228
4649,50065200,00C4FFB7,000003D5,00680000,0000FFFC,FF1BDBE0,3C6A81AC,2801134E,D0066816,00000020,00001229
4650,50014700,00BBFFD8,000003D5,00650000,0000FFFC,FF1BDBFD,3C6B01D7,280125D4,D0068816,00000020,0000122A
4651,51200700,00BB0002,000003D5,00630000,0000FFFC,FF1BDC1A,3C6B01E9,280125D4,D006A816,00000020,0000122B
4652,51768000,00B2002B,000003D5,00600000,0000FFFD,FF1BDC36,3C6A01B2,280125D4,D006C816,00000020,0000122C
4653,49461300,00B0004C,000003D5,005DFFFF,0000FFFD,FF1BDC50,3C6A0185,280125D4,D006F016,00000020,0000122D
4654,51073400,00A70066,000003D5,0059FFFF,0000FFFD,FF1BDC6A,3C6B81DA,280125D4,D0072016,00000020,0000122E
4655,50656900,00A40075,000003D5,00560000,0000FFFD,FF1BDC83,3C6B019C,280125D4,D0075016,00000020,0000122F
4656,50308700,009A0082,000003D5,00520000,0000FFFD,FF1BDC9B,3C6B818A,280125D4,D0077816,00000020,00001230
4657,50562200,0099008E,000003D5,004E0000,0001FFFD,FF1BDCB2,3C6B818D,280125D4,D007B816,00000020,00001231
4658,50828600,008F0094,000003D5,004A0000,0001FFFD,FF1CDCC8,3C6C018D,280125D4,D007E816,00000020,00001232
4659,48610000,008A009A,000003D5,00470000,0001FFFD,FF1CDCDC,3C6D81C9,280125D4,D007F816,00000020,00001233
4660,51323400,008600A1,000003D5,00430000,0001FFFD,FF1CDCF0,3C6D81B1,280125D4,D007F816,00000020,00001234
4661,51520800,008100A1,000003D5,003F0000,0001FFFD,FF1CDD02,3C6E81C0,280125D4,D007F816,00000020,00001235
4662,50043800,007900A5,000003D5,003C0000,0001FFFE,FF1CDD14,3C6E81B9,280125D4,D007F816,00000020,00001236
4663,52629900,007400A8,000003D5,00380000,0001FFFE,FF1CDD24,3C6E818A,280125D4,D007F816,00000020,00001237
4664,50690700,007200A9,000003D5,00350000,0001FFFE,FF1CDD34,3C7001D5,280125D4,D007F816,00000020,00001238
4665,49951100,006500AC,000003D5,00320000,0001FFFE,FF1CDD43,3C7081C8,280125D4,D007F816,00000020,00001239
4666,50927900,006B00AA,000003D5,002F0000,0001FFFE,FF1DDD51,3C7081A4,280125D4,D007F816,00000020,0000123A
4667,51695700,005E00AE,000003D5,002D0000,0001FFFE,FF1DDD5E,3C708189,280125D4,D007F816,00000020,0000123B
4668,49232900,005C00AF,000003D5,002A0000,0001FFFE,FF1DDD6A,3C71019F,280125D4,D007F816,00000020,0000123C
4669,50945900,005700B1,000003D5,00280000,0001FFFE,FF1DDD76,3C7281CA,280125D4,D007F816,00000020,0000123D
4670,50547000,005100AF,000003D5,00250000,0001FFFE,FF1DDD81,3C7381D5,280125D4,D007F816,00000020,0000123E
4671,50546200,005100B2,000003D5,00230000,0001FFFE,FF1DDD8B,3C7381C5,280125D4,D007F816,00000020,0000123F
4672,49785000,004800B3,000003D5,00210000,0001FFFE,FF1DDD95,3C7481CA,280125D4,D007F816,00000020,00001240
4673,50726400,003A00B3,FFFF03D5,00160000,0001FFFF,FF1EDD9C,3C7401F1,280125D4,D007F816,00000020,00001241
4674,51036900,002C00B4,FFFF03D5,000E0000,0001FFFF,FF1EDDA1,3C748198,280125D4,D007F816,00000020,00001242
4675,50947000,002E00B6,000003D5,00080000,0001FFFF,FF1EDDA4,3C750199,280125D4,D007F816,00000020,00001243
4676,51182000,002200B6,000003D5,00040000,0001FFFF,FF1EDDA6,3C7681CA,280125D4,D007F816,00000020,00001244
4677,50851900,002200B7,000003D5,00020000,0001FFFF,FF1EDDA6,3C7701CA,280125D4,D007F816,00000020,00001245
4678,50263100,001800B8,000003D5,00000000,0001FFFF,FF1EDDA7,3C76818E,280125D4,D007F816,00000020,00001246
4679,51688900,001300B8,000003D5,FFFF0000,0001FFFF,FF1EDDA6,3C7781A6,280125D4,E007F816,00000020,00001247
4680,51524000,000D00B9,000003D5,FFFE0000,00010000,FF1FDDA6,3C778188,28013847,E007F816,00000020,00001248
4681,49389000,000B00BB,000003D5,FFFE0000,00010000,FF1FDDA5,3C7901AD,28013847,E007F816,00000020,00001249
4682,49433200,000900BB,000003D5,FFFE0000,00010000,FF1FDDA5,3C788188,28013847,E007F816,00000020,0000124A
4683,52738800,000300BC,000003D5,FFFE0000,00010000,FF1FDDA4,3C798197,28013847,E007F816,00000020,0000124B
4684,49898200,000300BA,000003D5,FFFF0000,00010000,FF1FDDA4,3C7B81DA,28013847,E007F816,00000020,0000124C
4685,123907900,000100BF,000003D5,FFFF0000,00010000,001FDDA4,3C7B01C3,28013847,E007F816,00000020,0000124D
4686,14538200,000300BD,000003D5,FFFF0000,00010000,001FDDA3,3C7B0193,28013847,E007F816,00000020,0000124E
4687,51737500,FFFF00BF,000003D5,FFFF0000,00010000,0020DDA3,3C7B8198,28013847,E007F816,00000020,0000124F
4688,49261000,000100C0,000003D5,FFFF0000,00010000,0020DDA3,3C7D01AD,28013847,E007F816,00000020,00001250
4689,53347900,FFFF00C0,000003D5,00000000,00010000,0020DDA3,3C7D0195,28013847,E007F816,00000020,00001251
4690,49070100,FFFF00C2,000003D5,00000000,00010000,0020DDA3,3C7E01A2,28013847,E007F816,00000020,00001252
4691,47005000,FFFF00C1,000003D5,00000000,00010000,0020DDA3,3C7E018D,28013847,E007F816,00000020,00001253
4692,49928800,FFFF00C4,000003D5,00000000,00010000,0020DDA3,3C7E818F,28013847,E007F816,00000020,00001254
4693,50847800,000100C4,000003D5,00000000,00010000,0021DDA2,3C8001B2,28013847,E007F816,00000020,00001255
4694,50724200,000100C7,000003D5,00000000,00010000,0021DDA2,3C8181EA,28013847,E007F816,00000020,00001256
4695,51263000,FFFD00C5,000003D5,00000000,00010000,0021DDA2,3C8181E6,28013847,E007F816,00000020,00001257
4696,48676800,FFFF00C7,000003D5,00000000,00010000,0021DDA2,3C8181AA,28013847,E007F816,00000020,00001258
4697,50149300,000300C8,000003D5,00000000,00010000,0021DDA2,3C820192,28013847,E007F816,00000020,00001259
4698,49955900,FFFD00C8,000003D5,00000000,00010000,0021DDA2,3C820187,28013847,E007F816,00000020,0000125A
4699,50893200,000100CA,000003D5,00000000,00010000,0021DDA2,3C83019A,28013847,E007F816,00000020,0000125B
4700,51058800,FFFF00CB,000003D5,00000000,00010000,0022DDA2,3C8381AD,28013847,E007F816,00000020,0000125C
4701,49340800,000300CA,000003D5,00000000,00010000,0022DDA2,3C84819C,28013847,E007F816,00000020,0000125D
4702,50017900,FFFD00CD,000003D5,00000000,00010000,0022DDA2,3C8581B4,28013847,E007F816,00000020,0000125E
4703,51109200,000300CD,000003D5,00000000,00010000,0022DDA2,3C8681E3,28013847,E007F816,00000020,0000125F
4704,50750300,FFFF00CD,000003D5,00000000,00010000,0022DDA3,3C8681A2,2BFD3847,E007F816,00000020,00001260
4705,50758000,000100D0,000003D5,00000000,00010000,0022DDA3,3C8681A4,2BFD3847,E007F816,00000020,00001261
4706,50051700,FFFF00CF,000003D5,00000000,00010000,0023DDA3,3C8781A7,2BFD3847,E007F816,00000020,00001262
4707,51158400,000300D1,000003D5,00000000,00010000,0023DDA3,3C8781A7,2BFD3847,E007F816,00000020,00001263
4708,51064800,FFFD00D2,000003D5,00000000,00010000,0023DDA3,3C88818D,2BFD3847,E007F816,00000020,00001264
4709,51251300,000100D3,000003D5,00000000,00010000,0023DDA3,3C8901A2,2BFD3847,E007F816,00000020,00001265
4710,50091100,000300D4,000003D5,00000000,00010000,0023DDA3,3C898182,2BFD4AD7,E007F816,00000020,00001266
4711,51125300,FFFE00D5,000003D5,00000000,00010000,0023DDA3,3C8C01EE,2BFD4AD7,E007F816,00000020,00001267
4712,50403000,000000D5,000003D5,00000000,00010000,0024DDA3,3C8B018D,2BFD4AD7,E007F816,00000020,00001268
4713,50796200,FFFE00D5,000003D5,00000000,00010000,0024DDA3,3C8C81C1,2BFD4AD7,E007F816,00000020,00001269
4714,51048600,000000D8,000003D5,00000000,00010000,0024DDA3,3C8D81BD,2BFD4AD7,E007F816,00000020,0000126A
4715,50415000,000000DA,000003D5,00000000,00010000,0024DDA3,3C8E01D5,2BFD4AD7,E007F816,00000020,0000126B
4716,50399800,000000D8,000003D5,00000000,00010000,0024DDA3,3C8E81B6,2BFD4AD7,E007F816,00000020,0000126C
4717,50450500,000000DB,000003D5,00000000,00010000,0024DDA3,3C8E0183,2BFD4AD7,E007F816,00000020,0000126D
4718,50657400,000000DB,000003D5,00000000,00010000,0025DDA3,3C9081D1,2BFD4AD7,E0FFF816,00000020,0000126E
4719,52114600,FFF400DC,000003D5,FFF80000,00010000,FF25DDA1,3C9101D6,2BFD4AD7,E0FFF816,00000020,0000126F
4720,49820100,FFEC00DD,000003D5,FFF10000,00010000,FF25DD9D,3C9181DF,2BFD4AD7,E0FFF816,00000020,00001270
4721,50746100,FFE800DF,000003D5,FFEB0000,00010000,0025DD98,3C9201D9,2BFD4AD7,E0FFF816,00000020,00001271
4722,49623700,FFE700DF,000003D5,FFE70000,00010000,0025DD92,3C9301CA,2BFD4AD7,E0FFF816,00000020,00001272
4723,50608400,FFDF00E0,000003D5,FFE40000,00010000,0025DD8A,3C92818F,2BFD4AD7,E0FFF816,00000020,00001273
4724,50907200,FFD700E2,000003D5,FFE30000,00010001,0026DD82,3C9401CD,2BFD4AD7,E0FFF816,00000020,00001274
4725,50982800,FFD600E2,000003D5,FFE10000,00010001,0026DD79,3C9401A5,2BFD4AD7,E0FFF816,00000020,00001275
4726,50559700,FFD200E2,000003D5,FFE10000,00010001,0026DD70,3C940196,2BFD4AD7,E0FFF816,00000020,00001276
4727,49999400,FFD600E4,000003D5,FFE90000,00010001,0026DD69,3C95018A,2BFD4AD7,E007F816,00000020,00001277
4728,50055500,FFD800E3,000003D5,FFF00000,00010001,0026DD63,3C95819E,2BFD4AD7,E007F816,00000020,00001278
4729,50483200,FFDA00E3,000003D5,FFF50000,00010001,0027DD60,3C9681D5,2BFD4AD7,E007F816,00000020,00001279
4730,49883800,FFDB00E5,000003D5,FFF90000,00010001,0027DD5D,3C9781A8,2BFD4AD7,E007F816,00000020,0000127A
4731,50706900,FFDD00E2,000003D5,FFFC0000,00010001,0027DD5C,3C9881B9,2BFD4AD7,E0FFF816,00000020,0000127B
4732,49825000,FFE500E4,000003D5,FFFF0000,00010001,0027DD5B,3C990198,2BFD4AD7,E0FFF816,00000020,0000127C
4733,51180000,FFDB00E4,000003D5,FFF80000,00010001,0027DD5A,3C9A81C4,2BFD4AD7,E0FFF816,00000020,0000127D
4734,50078000,FFD900E3,000003D5,FFF30000,00010001,0027DD57,3C9B01C7,2BFD4AD7,E0FFF816,00000020,0000127E
4735,50087300,FFDB00E5,000003D5,FFEF0000,00010001,0028DD52,3C9A81A0,2BFD4AD7,E0FFF816,00000020,0000127F
4736,50090000,FFDB00E4,000003D5,FFEB0000,00010001,0028DD4D,3C9B818E,2BFD4AD7,E007F816,00000020,00001280
4737,50531100,FFDF00E5,000003D5,FFF00000,00010001,0028DD48,3C9D81DD,2BFD4AD7,E007F816,00000020,00001281
4738,51981700,FFEA00E4,000003D5,FFF50000,00010001,0028DD44,3C9C819B,2BFD4AD7,E007F816,00000020,00001282
4739,50285000,FFE600E5,000003D5,FFF80000,00010001,0028DD42,3C9D01FF,2BFD4AD7,E007F816,00000020,00001283
4740,50732100,FFE600E5,000003D5,FFFB0000,00010000,0028DD40,3C9E81AF,2BFD5CA4,E007F816,00000020,00001284
4741,50807300,FFEC00E4,000003D5,FFFD0000,00010000,0029DD3F,3C9F0192,2BFD5CA4,E007F816,00000020,00001285
4742,51960100,FFEA00E4,000003D5,FFFF0000,00010000,0029DD3E,3CA101E7,2BFD5CA4,E007F816,00000020,00001286
4743,51124600,FFEE00E0,000003D5,00000000,00010000,0029DD3E,3CA101DC,2BFD5CA4,E007F816,00000020,00001287
4744,49729900,FFF300AD,000003D5,00010000,00010000,0029DD3F,3CA181C8,2BFD5CA4,E007F816,00000020,00001288
4745,51432700,FFF50049,000003D5,00020001,00010000,0029DD3F,3CA10198,2BFD5CA4,E007F816,00000020,00001289
4746,50409200,FFF5FFD5,000003D5,00020001,00010000,0029DD3F,3CA101C7,28015CA4,E0FFF816,00000020,0000128A
4747,50331100,FFEFFF54,000003D5,FFFA0002,00000000,0029DD3F,3CA00185,28015CA4,E0FFF816,00000020,0000128B
4748,51773300,FFE8FF2E,000003D5,FFF40001,00000000,0029DD3C,3C9F81AA,28015CA4,E0FFF816,00000020,0000128C
4749,51381200,FFECFF1C,000003D5,FFEF0001,00000000,0029DD38,3C9F01DA,28015CA4,E0FFE816,00000020,0000128D
4750,50473700,FFDEFF12,000003D5,FFEB0001,FFFF0000,0028DD32,3C9F01BB,28015CA4,E0FFE816,00000020,0000128E
4751,49723600,FFE1FF0D,000003D5,FFE80001,FFFF0001,0028DD2B,3C9E81BF,28015CA4,E0FF9816,00000020,0000128F
4752,51032200,FFDEFEED,000003D5,FFE50001,FFFF0001,0028DD24,3C9D019D,28015CA4,E0FF9816,00000020,00001290
4753,50185400,FFD4FE89,000003D5,FFE40001,FFFF0001,0028DD1C,3C9D01E7,28015CA4,E0FFC016,00000020,00001291
4754,50982100,FFCEFEA1,000003D5,FFE30000,FFFF0001,0027DD14,3C9A81AC,28015CA4,E0FF7016,00000020,00001292
4755,51687000,FFCEFEE6,000003D5,FFE30000,FFFE0001,0027DD0C,3C9981A6,28015CA4,E0FF7016,00000020,00001293
4756,48990800,FFC8FEB1,000003D5,FFE30000,FFFE0001,0027DD03,3C9901AC,28015CA4,E0073016,00000020,00001294
4757,51831200,FFC2FEE5,000003D5,FFE30000,FFFE0001,0027DCFB,3C9881F6,28015CA4,E0073016,00000020,00001295
4758,49412700,FFCEFE8A,000003D5,FFEB0000,FFFE0001,0026DCF4,3C968190,28015CA4,E006F016,00000020,00001296
4759,50003800,FFD3FE7A,000003D5,FFF20000,FFFE0001,0026DCEF,3C9501B7,28015CA4,E0070816,00000020,00001297
4760,52448800,FFD5FE7B,000003D5,FFF70000,FFFE0001,0026DCEC,3C94018A,28015CA4,E0070816,00000020,00001298
4761,48166600,FFCBFE7C,000003D5,FFF30000,FFFE0001,0025DCE9,3C928199,28015CA4,E006C816,00000020,00001299
4762,49610500,FFCBFE7C,000003D5,FFF00000,FFFE0001,0025DCE5,3C9181A4,28015CA4,E006C816,00000020,0000129A
4763,50168800,FFCAFE7D,000003D5,FFEE0000,FFFE0001,0025DCE0,3C9101AA,28015CA4,E0069016,00000020,0000129B
4764,50291800,FFD0FE7E,000003D5,FFEB0000,FFFE0001,0025DCDA,3C9081BE,28015CA4,E006A816,00000020,0000129C
4765,49159400,FFCCFE7F,000003D5,FFEA0000,FFFE0001,0024DCD4,3C8E81A4,28015CA4,E0FEA816,00000020,0000129D
4766,51362800,FFCDFE80,000003D5,FFE80000,FFFE0001,0024DCCD,3C8D0184,28015CA4,E0067016,00000020,0000129E
4767,50938300,FFD5FE81,000003D5,FFEF0000,FFFE0001,0024DCC8,3C8C018B,28015CA4,E0067016,00000020,0000129F
4768,49896600,FFDFFE83,000003D5,FFF40000,FFFE0001,0023DCC4,3C8B81AB,28015CA4,E0064016,00000020,000012A0
4769,49631000,FFDEFE83,000003D5,FFF90000,FFFE0001,0023DCC1,3C898181,28015CA4,E0065016,00000020,000012A1
4770,50701300,FFDEFE84,000003D5,FFFC0000,FFFE0001,0023DCC0,3C8901AE,28016DF6,E0065016,00000020,000012A2
4771,50857700,FFE6FE86,000003D5,FFFE0000,FFFE0001,0022DCBF,3C87819F,28016DF6,E0062016,00000020,000012A3
4772,52402500,FFE6FE86,000003D5,00000000,FFFE0001,0022DCBF,3C8681AB,28016DF6,E0062016,00000020,000012A4
4773,49736300,FFEEFE88,000003D5,00010000,FFFE0000,0022DCBF,3C8601E9,28016DF6,E0062016,00000020,000012A5
4774,50787400,FFEEFE89,000003D5,00020000,FFFE0000,0022DCBF,3C8501C8,28016DF6,E005F816,00000020,000012A6
4775,50347300,FFF6FE8A,000003D5,00020000,FFFE0000,0021DCC0,3C828189,28016DF6,E005F816,00000020,000012A7
4776,51158600,FFF8FE8B,000003D5,00020000,FFFE0000,0021DCC0,3C8201A3,28016DF6,E005D016,00000020,000012A8
4777,50797100,FFF6FE8B,000003D5,00020000,FFFE0000,0021DCC1,3C81019B,28016DF6,E005D016,00000020,000012A9
4778,51139100,FFFFFE8D,000003D5,00020000,FFFE0000,0020DCC1,3C7F8194,28016DF6,E005D016,00000020,000012AA
4779,51842000,FFFFFE8D,000003D5,00010000,FFFE0000,0020DCC2,3C7F01E7,28016DF6,E005A816,00000020,000012AB
4780,51224600,0001FE90,000003D5,00010000,FFFE0000,0020DCC2,3C7D819E,28016DF6,E005B016,00000020,000012AC
4781,49485300,FFFDFE8F,000003D5,00010000,FFFE0000,0020DCC3,3C7C81D1,28016DF6,E005B016,00000020,000012AD
4782,51031100,FFFFFE91,000003D5,00010000,FFFE0000,001FDCC3,3C7B019B,28016DF6,E0058816,00000020,000012AE
4783,50071900,000DFE91,000003D5,000A0000,FFFE0000,001FDCC5,3C7A019A,28016DF6,E0058816,00000020,000012AF
4784,50907600,0019FE92,000103D5,00140000,FFFE0000,001FDCC9,3C7901C7,28016DF6,E0058816,00000020,000012B0
4785,50359800,0024FE94,000103D5,001D0000,FFFE0000,001EDCD0,3C7881CC,28016DF6,E0056816,00000020,000012B1
4786,50896800,002EFE94,000103D5,00280000,FFFEFFFF,001EDCDB,3C76818C,28016DF6,E0056816,00000020,000012B2
4787,49377500,003DFE95,000103D5,00340000,FFFEFFFF,001EDCE8,3C75818C,28016DF6,D0056816,00000020,000012B3
4788,56357400,004EFEC4,000103D5,003F0000,FFFEFFFF,FF1EDCF9,3C74819C,28016DF6,D0054016,00000020,000012B4
4789,45663800,0061FF04,000103D5,004B0000,FFFEFFFF,FF1DDD0E,3C7401C5,28016DF6,D0054016,00000020,000012B5
4790,49376900,0072FED2,000103D5,00580000,FFFEFFFE,FF1DDD25,3C7381D0,28016DF6,D0054016,00000020,000012B6
4791,50313600,008CFF26,000103D5,00640000,FFFEFFFE,FF1DDD41,3C7301AD,28016DF6,D0053816,00000020,000012B7
4792,50349700,009DFF2A,000103D5,00710000,FFFEFFFE,FF1DDD60,3C718191,28016DF6,D0053816,00000020,000012B8
4793,50249400,00AFFF2A,000103D5,007E0000,FFFFFFFD,FF1DDD83,3C710190,28016DF6,D0053816,00000020,000012B9
4794,50279900,00CEFF2B,000103D5,008B0000,FFFFFFFD,FF1CDDA9,3C7001A3,28016DF6,D0050016,00000020,000012BA
4795,50106000,00DEFF0A,000103D5,00970000,FFFFFFFD,FF1CDDD3,3C6F8190,28016DF6,D004D816,00000020,000012BB
4796,50073800,00F3FEA7,000103D5,00A30001,FFFFFFFC,FF1CDE01,3C6E81AA,28016DF6,D004A816,00000020,000012BC
4797,49566500,0107FE9A,000103D5,00AF0001,FFFEFFFC,FF1CDE31,3C6E81E1,28016DF6,D0048816,00000020,000012BD
4798,51346000,0120FE9A,000103D5,00BB0001,FFFEFFFC,FF1BDE66,3C6C81B0,28016DF6,D0046816,00000020,000012BE
4799,48979900,0132FE9A,000103D5,00C60000,FFFEFFFB,FF1BDE9D,3C6B8194,28016DF6,D0044816,00000020,000012BF
4800,49647300,0146FE9A,000103D4,00D10000,FFFEFFFB,FF1BDED8,3C6A019C,28017EAF,D0043016,00000020,000012C0
4801,51087600,0162FE9B,000103D4,00DC0000,FFFEFFFA,FF1BDF16,3C6981DF,28017EAF,D00C1816,00000020,000012C1
4802,49651900,0167FE9A,000103D4,00E60000,FFFEFFFA,FF1ADF57,3C69020A,28017EAF,D00C0016,00000020,000012C2
4803,50593700,0182FE9C,000103D4,00F00000,FFFEFFFA,FF1ADF9A,3C66818A,28017EAF,D00BF016,00000020,000012C3
4804,49959200,018DFE9A,000103D4,00FA0000,FFFEFFF9,FF1ADFE1,3C65819D,28017EAF,D00BE016,00000020,000012C4
4805,49305700,019EFE9B,000103D4,01030000,FFFEFFF9,FF19E02A,3C6581EA,28017EAF,D00BD016,00000020,000012C5
4806,50256800,01ACFE9C,000103D4,010B0000,FFFEFFF9,FF19E076,3C6481F5,28017EAF,D00BC016,00000020,000012C6
4807,51513300,01B6FE9C,000103D4,01130000,FFFEFFF9,FF19E0C4,3C6281AA,28017EAF,D00BB816,00000020,000012C7
4808,49457700,01C2FE9C,000103D4,011A0000,FFFEFFF8,FF19E114,3C6181C4,28017EAF,D00BA816,00000020,000012C8
4809,51009100,01CBFE9D,000103D4,01210000,FFFEFFF8,FF18E166,3C60018B,28017EAF,D00BA016,00000020,000012C9
4810,51121500,01D7FE9E,000103D4,01270000,FFFEFFF8,FF18E1BA,3C5F01BF,28017EAF,D00B9816,00000020,000012CA
4811,51709100,01DCFE9E,000003D4,012D0000,FFFEFFF8,FF18E20F,3C5E01A5,28017EAF,D00B9816,00000020,000012CB
4812,49423400,01E1FE9F,000003D4,01310000,FFFEFFF8,FF17E266,3C5D01AA,28017EAF,D00B9016,00000020,000012CC
4813,51166700,01E4FE9F,000003D4,01350000,FFFEFFF7,FF17E2BE,3C5B8189,28017EAF,D00B9016,00000020,000012CD
4814,51263400,01EBFEA1,000003D4,01380000,FFFEFFF7,FF17E318,3C5A819B,1C017EAF,D00B8816,00000020,000012CE
4815,51487800,01CCFEA5,FFFF03D4,01270000,FFFEFFF8,FF17E36E,3C598193,28017EAF,D00B8816,00000020,000012CF
4816,49832400,01D9FEA5,000003D4,012E0000,FFFEFFF7,FF16E3C4,3C588194,28017EAF,D00B8816,00000020,000012D0
4817,50340200,01DFFE46,000003D4,01320001,FFFEFFF7,FF16E41B,3C570190,28017EAF,D00B8816,00000020,000012D1
4818,51349700,01DBFE05,000003D4,01360001,FFFEFFF7,FF15E474,3C55818D,28017EAF,E00B8816,00000020,000012D2
4819,52136000,01E0FE66,000003D4,013A0000,FFFEFFF7,FF15E4CD,3C54019C,28017EAF,E00B8816,00000020,000012D3
4820,50788900,01E0FEDB,000003D4,013C0000,FFFEFFF7,FF15E527,3C530198,28017EAF,E00B8816,00000020,000012D4
4821,50862700,01D3FEEE,000003D4,013B0000,FFFEFFF7,FF15E582,3C5281A5,28017EAF,E00B9016,00000020,000012D5
4822,50183600,01CBFEF9,000003D4,01390000,FFFEFFF7,FF15E5DC,3C5181DA,28017EAF,D00B9816,00000020,000012D6
4823,49421500,01C3FF02,FFFF03D4,01360000,FFFEFFF8,FF14E635,3C5181EA,28017EAF,D00BA016,00000020,000012D7
4824,50218000,01B3FF05,FFFF03D4,01310000,FFFEFFF8,FF14E68D,3C50018A,28017EAF,D00BB016,00000020,000012D8
4825,51202500,01ACFF0A,FFFF03D4,012B0000,FFFEFFF8,FF14E6E3,3C4F81B6,28017EAF,D00BB816,00000020,000012D9
4826,50596500,019EFF0C,FFFF03D4,01240000,FFFEFFF8,0014E738,3C4F01CF,28017EAF,D00BC816,00000020,000012DA
4827,51150400,0190FF10,FFFF03D4,011B0000,FFFEFFF8,0014E78A,3C4D8183,28017EAF,D00BE016,00000020,000012DB
4828,51462500,0185FF13,FFFF03D4,01150000,FFFFFFF9,0013E7DA,3C4D01B6,28017EAF,D00BF016,00000020,000012DC
4829,51766600,0170FF12,FFFF03D5,01060000,FFFFFFF9,0013E827,3C4C01A4,28017EAF,D00C0016,00000020,000012DD
4830,49548400,0166FF42,FFFF03D4,01080000,FFFFFFF9,0013E872,3C4B818C,28018EC6,D0041016,00000020,000012DE
4831,51606900,0153FF87,FFFF03D4,00ED0000,FFFFFFF9,0013E8B9,3C4B0190,28018EC6,D0042816,00000020,000012DF
4832,49487400,0135FF8C,FFFF03D5,00F80000,FFFFFFFA,0013E8FE,3C4B019C,28018EC6,D0044816,00000020,000012E0
4833,50588100,012EFF83,FFFF03D5,00D90000,FFFFFFFA,0013E940,3C4B01C2,28018EC6,D0045816,00000020,000012E1
4834,51937700,011AFF98,FFFF03D5,00E70000,FFFFFFFA,0013E981,3C4A019B,28018EC6,D0047016,00000020,000012E2
4835,51446000,011AFF9E,FFFF03D5,00C70000,FFFFFFFA,0013E9BD,3C4A01A0,28018EC6,D0048816,00000020,000012E3
4836,49816800,0102FFDB,FFFF03D5,00D60000,FFFFFFFB,0013E9F9,3C4981FD,28018EC6,D004A816,00000020,000012E4
4837,49372100,01050009,FFFF03D5,00B60000,0000FFFB,0013EA31,3C49819F,28018EC6,D004C816,00000020,000012E5
4838,51858300,00ED0058,FFFF03D5,00C5FFFF,0000FFFB,0013EA67,3C49818B,28018EC6,D004E016,00000020,000012E6
4839,55518100,00F2007F,FFFF03D5,00A9FFFF,0000FFFB,0013EA9B,3C4A01A3,28018EC6,D004F816,00000020,000012E7
4840,165144800,00DB00B0,FFFF03D5,00B5FFFF,0000FFFC,0013EACD,3C4B01AC,28018EC6,D0051816,00000020,000012E8
4841,12718900,00DE00C4,FFFF03D5,009CFFFF,0001FFFC,0013EAFD,3C4C01D9,28018EC6,D0053816,00000020,000012E9
4842,51607700,00CC00DF,000003D5,00A7FFFF,0001FFFC,0013EB2B,3C4C019B,28018EC6,D0053816,00000020,000012EA
4843,50067500,00CE00EC,000003D5,0094FFFF,0001FFFC,0013EB58,3C4D01A4,28018EC6,D0053816,00000020,000012EB
4844,52358200,00C300FC,000003D5,009E0000,0001FFFC,0014EB84,3C4D818F,28018EC6,D0053816,00000020,000012EC
4845,48504900,00C00103,000003D5,008E0000,0001FFFC,0014EBAE,3C4E0187,28018EC6,D0053816,00000020,000012ED
4846,48890000,00BA010C,000003D5,00960000,0001FFFC,0014EBD8,3C4E81B5,28018EC6,D0053816,00000020,000012EE
4847,51669300,00BD0112,000003D5,008C0000,0001FFFC,0014EC01,3C5001D7,28018EC6,D0053816,00000020,000012EF
4848,54289000,00B90118,000003D5,00910000,0002FFFC,0014EC2B,3C508197,28018EC6,D0053816,00000020,000012F0
4849,177657800,00B9011D,000003D5,008C0000,0002FFFD,0015EC53,3C5181AA,28018EC6,D0053816,00000020,000012F1
4850,13168900,00BC0122,000003D5,008F0000,0002FFFD,0015EC7C,3C5301AF,28018EC6,D0053816,00000020,000012F2
4851,50732800,00B90122,000003D5,008E0000,0002FFFD,0015ECA5,3C5401E1,28018EC6,E0053816,00000020,000012F3
4852,53401200,00C0012B,000003D5,00900000,0002FFFD,0015ECCE,3C5481D0,28018EC6,E0053816,00000020,000012F4
4853,49698000,00BF012B,000003D5,00910000,0002FFFC,0016ECF7,3C5501C3,28018EC6,E0053816,00000020,000012F5
4854,50212500,00C80132,000003D5,00930000,0002FFFC,FF16ED21,3C5681A8,28018EC6,E0053816,00000020,000012F6
4855,62415800,00C50130,000003D5,00950000,0002FFFC,FF16ED4C,3C5781AC,28018EC6,E0053816,00000020,000012F7
4856,65206900,00CD0136,000003D5,00980000,0002FFFC,FF16ED77,3C5801BE,28018EC6,E0053816,00000020,000012F8
4857,175284300,00D10139,000003D5,009B0000,0002FFFC,FF17EDA3,3C590195,28018EC6,E0053816,00000020,000012F9
4858,13288100,00D9013E,000003D5,009E0000,0002FFFC,FF17EDD0,3C5A019E,28018EC6,E0053816,00000020,000012FA
4859,50567100,00DB013F,000003D5,00A20000,0002FFFC,FF17EDFE,3C5B019D,28018EC6,E0053016,00000020,000012FB
4860,51057100,00E5013C,000003D5,00A50000,0002FFFC,FF17EE2D,3C5C01B7,2801A0E8,E0051816,00000020,000012FC
4861,51116500,00ED00F8,000003D5,00A80001,0002FFFC,FF17EE5D,3C5D01CF,2801A0E8,E0051016,00000020,000012FD
4862,50158100,00F20071,000003D5,00AA0001,0002FFFC,FF18EE8E,3C5D01BB,2801A0E8,E0050016,00000020,000012FE
4863,50788900,00FF000A,000003D5,00AC0001,0001FFFC,FF17EEBF,3C5C818B,2801A0E8,E004E816,00000020,000012FF
4864,51626600,0103FFC8,000003D5,00AF0002,0001FFFC,FF17EEF0,3C5D01C4,2801A0E8,E004D816,00000020,00001300
4865,66495400,0107FF83,000003D5,00B10002,0000FFFB,FF17EF23,3C5C018C,2801A0E8,E004D016,00000020,00001301
4866,183317400,010CFF25,000003D5,00B40002,0000FFFB,FF17EF56,3C5C81D6,2801A0E8,E004C016,00000020,00001302
4867,13171400,0111FF12,000003D5,00B80001,0000FFFB,FF17EF8A,3C5A818F,2801A0E8,E004B016,00000020,00001303
4868,52551500,0118FF0B,000003D4,00BB0001,FFFFFFFB,FF17EFC0,3C5A81A9,2801A0E8,E004A016,00000020,00001304
4869,49212000,011DFF08,000003D4,00BF0001,FFFFFFFB,FF17EFF6,3C598191,2801A0E8,E0049016,00000020,00001305
4870,49191600,0121FF07,000003D4,00C20001,FFFFFFFB,FF16F02D,3C58818E,2801A0E8,E0048816,00000020,00001306
4871,51700700,0125FF06,000003D5,00C60001,FFFFFFFB,FF16F066,3C580194,2801A0E8,E0048016,00000020,00001307
4872,61228900,0129FF05,000003D5,00CA0000,FFFFFFFB,FF16F09F,3C57018C,2801A0E8,E0047016,00000020,00001308
4873,70020700,012DFF07,000003D5,00CD0000,FFFFFFFB,FF16F0DA,3C5601D8,2801A0E8,E0046816,00000020,00001309
4874,178989500,012FFF08,000003D5,00D00000,FFFFFFFB,FF16F115,3C5601B5,2801A0E8,E0046816,00000020,0000130A
4875,17130200,012FFF06,000003D5,00D30000,FFFFFFFB,FF15F151,3C54819C,2801A0E8,E0046016,00000020,0000130B
4876,49684000,0134FF0C,000003D5,00D50000,FFFFFFFB,FF15F18E,3C538186,2801A0E8,E0045816,00000020,0000130C
4877,48933200,0132FF09,000003D5,00D70000,FFFFFFFA,FF15F1CB,3C54826C,2801A0E8,E0045816,00000020,0000130D
4878,59600100,0134FF36,000003D4,00D90000,FFFFFFFA,0015F209,3C5301BB,2801A0E8,E0045016,00000020,0000130E
4879,67351300,0135FF7D,000003D4,00DA0000,FFFFFFFA,0015F248,3C52019E,2801A0E8,D0045816,00000020,0000130F
4880,174940200,0134FF80,000003D5,00DB0000,FFFFFFFA,0015F286,3C520199,2801A0E8,D0045816,00000020,00001310
4881,15893100,0133FF82,000003D5,00DC0000,FFFFFFFA,0014F2C5,3C510199,2801A0E8,D0045816,00000020,00001311
4882,48854600,012EFF7D,000003D5,00DC0000,FFFFFFFA,0014F304,3C5101B6,2801A0E8,D0045816,00000020,00001312
4883,51010300,012FFF84,000003D5,00DB0000,FFFFFFFA,0014F343,3C5101BF,2801A0E8,D0046016,00000020,00001313
4884,49393600,012AFF81,000003D5,00DB0000,FFFFFFFA,0014F382,3C5081AE,2801A0E8,D0046016,00000020,00001314
4885,50332100,0129FF84,000003D5,00D80000,FFFFFFFB,0014F3C0,3C5001D7,2801A0E8,D0046016,00000020,00001315
4886,65759200,0125FF83,000003D5,00DA0000,FFFFFFFB,0014F3FE,3C508209,2801A0E8,D0046816,00000020,00001316
4887,68968100,0124FF87,000003D5,00D20000,FFFFFFFB,0014F43C,3C4F01A8,2801A0E8,D0047016,00000020,00001317
4888,191608600,011BFF85,000003D5,00D90000,FFFFFFFB,0014F479,3C4E8184,2801A0E8,D0047816,00000020,00001318
4889,12441200,0119FF85,000003D5,00C80000,FFFFFFFB,0014F4B4,3C4E0196,2801A0E8,D0047816,00000020,00001319
4890,54273000,010FFF8A,000003D5,00D70000,FFFFFFFB,0014F4F0,3C4E81ED,2801B381,D0047816,00000020,0000131A
4891,48985100,0111FF83,000003D5,00C20000,FFFFFFFB,0013F52A,3C4D819F,2801B381,D0048016,00000020,0000131B
4892,48892800,0103FF8D,000003D5,00D30000,FFFFFFFB,0013F565,3C4D0193,2801B381,D0048816,00000020,0000131C
4893,55506900,010BFF9F,000003D5,00BE0000,FFFFFFFB,0013F59E,3C4C818D,2801B381,D0049816,00000020,0000131D
4894,68224500,00FEFFD4,000003D5,00CF0000,FFFFFFFB,0013F5D7,3C4C819C,2801B381,D0049816,00000020,0000131E
4895,165788600,01050009,000003D5,00BC0000,0000FFFB,0013F60F,3C4D0209,2801B381,D0049816,00000020,0000131F
4896,12834900,00FC0059,000003D5,00CCFFFF,0000FFFB,0013F648,3C4C8189,2801B381,D004A016,00000020,00001320
4897,50497000,00FF0083,000003D5,00BBFFFF,0000FFFB,0014F67F,3C4D81CB,2801B381,D004B016,00000020,00001321
4898,50509500,00F600B0,000003D5,00C8FFFF,0000FFFB,0014F6B7,3C4D8195,2801B381,D004B816,00000020,00001322
4899,49761300,00FB00CC,000003D5,00BBFFFF,0001FFFB,0014F6EE,3C4E81AC,2801B381,D004B816,00000020,00001323
4900,49984300,00F400E4,000003D5,00C5FFFF,0001FFFB,0014F725,3C4F0185,2801B381,D004C016,00000020,00001324
4901,51644300,00F600F4,000003D5,00BB0000,0001FFFB,0014F75B,3C5001A9,2801B381,D004D016,00000020,00001325
4902,65435900,00F30101,000003D5,00C10000,0001FFFB,0014F792,3C508196,2801B381,D004D016,00000020,00001326
4903,171536600,00F5010A,000003D5,00BC0000,0001FFFB,0015F7C8,3C5101A0,2801B381,D004D016,00000020,00001327
4904,16254100,00F40114,000003D5,00BF0000,0001FFFB,0015F7FF,3C5281BB,2801B381,D004D816,00000020,00001328
4905,48996900,00F6011A,000003D5,00BC0000,0001FFFB,0015F835,3C5381BA,2801B381,D004E016,00000020,00001329
4906,50450400,00F80123,000003D5,00BD0000,0002FFFB,0015F86B,3C538188,2801B381,E004D816,00000020,0000132A
4907,51207900,00FA011D,000003D5,00BC0000,0002FFFB,FF16F8A1,3C5501EC,2801B381,E004D816,00000020,0000132B
4908,48795400,00FC00DC,000003D5,00BB0000,0002FFFB,FF16F8D7,3C5601CD,2801B381,E004E016,00000020,0000132C
4909,48897000,01010069,000003D5,00B90001,0001FFFB,FF16F90C,3C5681C7,2801B381,E004D816,00000020,0000132D
4910,50317000,01030002,000003D5,00B80001,0001FFFB,FF16F941,3C5681CF,2801B381,E004D816,00000020,0000132E
4911,57225600,0106FFCD,000003D5,00B70001,0001FFFB,FF16F976,3C55818E,2801B381,E004D016,00000020,0000132F
4912,165959800,0105FFA8,000003D5,00B70001,0000FFFB,FF16F9AA,3C5601F7,2801B381,E004D016,00000020,00001330
4913,13366600,0107FF9B,000003D5,00B70001,0000FFFB,FF15F9DF,3C5581CC,2801B381,E004C816,00000020,00001331
4914,52270200,0107FF89,000003D5,00B90001,0000FFFB,FF15FA13,3C5501AA,2801B381,E004C016,00000020,00001332
4915,49846700,0109FF87,000003D5,00B90001,0000FFFB,FF15FA48,3C5481B7,2801B381,E004B816,00000020,00001333
4916,51880300,0109FF82,000003D5,00BB0001,0000FFFB,FF15FA7E,3C53818B,2801B381,E004B816,00000020,00001334
4917,47902600,010AFF82,000003D5,00BB0000,FFFFFFFB,0015FAB3,3C5381AA,2801B381,E004B016,00000020,00001335
4918,52526700,010AFF81,000003D5,00BF0000,FFFFFFFB,0015FAEA,3C5301A9,2801B381,E004A816,00000020,00001336
4919,64245000,010DFF83,000003D5,00BE0000,FFFFFFFB,0015FB20,3C5301AB,2801B381,E004A016,00000020,00001337
4920,176908800,010BFF80,000003D5,00C30000,FFFFFFFB,0015FB57,3C5281B9,2801C3C8,D004A016,00000020,00001338
4921,13760400,010CFF83,000003D5,00BD0000,FFFFFFFB,0015FB8E,3C5281CF,2801C3C8,D004A016,00000020,00001339
4922,49873600,0109FF7E,000003D5,00C60000,FFFFFFFB,0015FBC6,3C51019A,2801C3C8,D004A016,00000020,0000133A
4923,51536700,010CFF84,000003D5,00BB0000,FFFFFFFB,0014FBFD,3C51019C,2801C3C8,D0049816,00000020,0000133B
4924,49337400,0106FF84,000003D5,00CB0000,FFFFFFFB,0014FC35,3C5101C9,2801C3C8,D0049816,00000020,0000133C
4925,49781300,0108FF82,000003D5,00B60000,FFFFFFFB,0014FC6C,3C50019C,2801C3C8,D004A816,00000020,0000133D
4926,50403100,00FDFF87,000003D5,00CD0000,FFFFFFFB,0014FCA4,3C5001C1,2801C3C8,D004A816,00000020,0000133E
4927,56707700,0103FF86,000003D5,00B20000,FFFFFFFB,0014FCDA,3C4F018A,2801C3C8,D004B016,00000020,0000133F
4928,66053200,00F6FF9F,000003D5,00CC0000,FFFFFFFB,0014FD11,3C4F019D,2801C3C8,D004B816,00000020,00001340
4929,165141800,00FDFFCB,000003D5,00AD0000,FFFFFFFB,0014FD46,3C4F019A,2801C3C8,D004D016,00000020,00001341
4930,12716100,00EF000F,000003D5,00C50000,0000FFFB,0014FD7C,3C4F019B,2801C3C8,D004E016,00000020,00001342
4931,51787500,00F50053,000003D5,00A9FFFF,0000FFFC,0014FDAF,3C4F0197,2801C3C8,D004F816,00000020,00001343
4932,50587300,00E7008D,000003D5,00B8FFFF,0000FFFC,0014FDE2,3C4F81D4,2801C3C8,D0051016,00000020,00001344
4933,50028900,00E700B5,000003D5,00A1FFFF,0000FFFC,0014FE13,3C5081DC,2801C3C8,D0054016,00000020,00001345
4934,51229800,00D800D2,000003D5,00A7FFFF,0001FFFC,FF14FE42,3C5181B9,2801C3C8,D0056016,00000020,00001346
4935,50300000,00D600EE,000003D5,0097FFFF,0001FFFC,FF15FE6F,3C520203,2801C3C8,D0059016,00000020,00001347
4936,50908500,00CA00FC,000003D5,0096FFFF,0001FFFC,FF15FE9A,3C520184,2801C3C8,D005B816,00000020,00001348
4937,78833800,00C4010C,000003D5,008B0000,0001FFFC,FF15FEC3,3C5381A0,2801C3C8,E005E816,00000020,00001349
4938,183012700,00B70114,FFFF03D5,00840000,0001FFFC,FF15FEE9,3C54019D,2801C3C8,E0063816,00000020,0000134A
4939,13238700,00AF0123,FFFF03D5,007A0000,0001FFFD,FF16FF0D,3C55019D,2801C3C8,E0067816,00000020,0000134B
4940,51820700,00A60120,FFFF03D5,00720000,0002FFFD,FF16FF2F,3C55818B,2801C3C8,E006C016,00000020,0000134C
4941,49705000,009C012C,FFFF03D5,00690000,0002FFFD,FF16FF4E,3C5681A0,2801C3C8,E0072016,00000020,0000134D
4942,50990700,00930133,FFFF03D5,00600000,0002FFFD,FF16FF6A,3C5781A3,2801C3C8,E0077816,00000020,0000134E
4943,51256800,008A0137,FFFF03D5,00580000,0002FFFD,FF16FF84,3C5881A8,2801C3C8,E007D016,00000020,0000134F
4944,71484300,00810138,FFFF03D5,00500000,0002FFFD,FF17FF9C,3C5981A5,2801C3C8,E007F816,00000020,00001350
4945,71677700,0078013F,FFFF03D5,00490000,0002FFFD,FF17FFB2,3C5A8198,2801C3C8,E007F816,00000020,00001351
4946,183523400,00700143,FFFF03D5,00420000,0002FFFE,FF17FFC5,3C5B018F,2801C3C8,E007F816,00000020,00001352
4947,15892100,0068014A,000003D5,003C0000,0002FFFE,FF17FFD7,3C5C81F4,2BFDC3C8,E007F816,00000020,00001353
4948,50651600,00600148,000003D5,00360000,0002FFFE,FF18FFE8,3C5E01C2,2BFDC3C8,E007F816,00000020,00001354
4949,47554900,0058014F,000003D5,00300000,0002FFFE,FF18FFF6,3C5E81AC,2BFDC3C8,E007F816,00000020,00001355
4950,70013500,00510153,000003D5,002B0000,0002FFFE,FF180003,3C5F0184,2BFDD1B3,E007F816,00000020,00001356
4951,63001500,004A015A,000003D5,00260000,0002FFFE,FF19000E,3C600185,2BFDD1B3,E007F816,00000020,00001357
4952,155342000,00370158,FFFF03D5,00190000,0002FFFF,FF190017,3C618189,2BFDD1B3,E007F816,00000020,00001358
4953,13900600,002C0160,FFFF03D5,00100000,0002FFFF,FF19001D,3C6281CD,2BFDD1B3,E007F816,00000020,00001359
4954,49467900,00270161,FFFF03D5,000A0000,0002FFFF,FF190020,3C6381A0,2BFDD1B3,E007F816,00000020,0000135A
4955,49418500,00210169,000003D5,00060000,0002FFFF,FF1A0022,3C64818E,2BFDD1B3,E007F816,00000020,0000135B
4956,50677900,001B0166,000003D5,00030000,0002FFFF,FF1A0023,3C6601A8,2BFDD1B3,E007F816,00000020,0000135C
4957,50552800,0015016C,000003D5,00010000,0002FFFF,FF1A0024,3C668190,2BFDD1B3,E007F816,00000020,0000135D
4958,49394200,00110169,000003D5,00000000,0002FFFF,FF1A0024,3C680195,2BFDD1B3,E007F816,00000020,0000135E
4959,49908300,000D016C,000003D5,FFFF0000,00020000,FF1B0024,3C6A822F,2BFDD1B3,E007F816,00000020,0000135F
4960,53841100,0009016B,000003D5,FFFF0000,00020000,FF1B0023,3C6B01E6,2BFDD1B3,E007F816,00000020,00001360
4961,161656200,0007016F,000003D5,FFFF0000,00020000,FF1B0023,3C6B81B4,2BFDD1B3,E007F816,00000020,00001361
4962,13835400,0004016F,000003D5,FFFF0000,00020000,FF1C0023,3C6C8198,2BFDD1B3,E007F816,00000020,00001362
4963,50426900,0003016E,000003D5,FFFF0000,00020000,001C0023,3C6D81BE,2BFDD1B3,E007F816,00000020,00001363
4964,50053300,00020174,000003D5,FFFF0000,00020000,001C0022,3C6F81D6,2BFDD1B3,E007F816,00000020,00001364
4965,50320000,0001016E,000003D5,FFFF0000,00020000,001C0022,3C7081DC,2BFDD1B3,E007F816,00000020,00001365
4966,50478300,00010173,000003D5,FFFF0000,00020000,001D0022,3C708185,2BFDD1B3,E007F816,00000020,00001366
4967,49040600,00000173,000003D5,00000000,00020000,001D0022,3C72019B,2BFDD1B3,E007F816,00000020,00001367
4968,50904200,00000173,000003D5,00000000,00020000,001D0022,3C73018F,2BFDD1B3,E007F816,00000020,00001368
4969,54776100,00000174,000003D5,00000000,00020000,001E0022,3C74018D,2BFDD1B3,E007F816,00000020,00001369
4970,64757800,00000175,000003D5,00000000,00020000,001E0022,3C750196,2BFDD1B3,E007F816,00000020,0000136A
4971,165766100,00000176,000003D5,00000000,00020000,001E0022,3C7681CE,2BFDD1B3,E007F816,00000020,0000136B
4972,13797400,00000175,000003D5,00000000,00020000,001F0022,3C7781A2,2BFDD1B3,E007F816,00000020,0000136C
4973,50807000,00000178,000003D5,00000000,00020000,001F0022,3C788193,2BFDD1B3,E007F816,00000020,0000136D
4974,51437900,00000178,000003D5,00000000,00020000,001F0022,3C79818E,2BFDD1B3,E007F816,00000020,0000136E
4975,48774200,00000178,000003D5,00000000,00020000,001F0022,3C7A818D,2BFDD1B3,E007F816,00000020,0000136F
4976,51095900,0000017B,000003D5,00000000,00020000,00200022,3C7D0229,2BFDD1B3,E007F816,00000020,00001370
4977,49828100,00000179,000003D2,00000002,00020000,00200022,3C7D81B6,2BFDD1B3,F007F816,00000020,00001371
4978,51558000,FFFF0176,000003D1,00000003,00010000,00200022,3C7E81AC,2BFDD1B3,F007F816,00000020,00001372
4979,51901800,0000017B,000103D3,00000003,00000000,00210022,3C7F8192,2BFDD1B3,F007F816,00000020,00001373
4980,159529800,00000178,000003CF,00000001,00000000,00210022,3C808189,2BFDDDE5,F007F816,00000020,00001374
4981,14147500,0000017B,000003D1,00000000,00000000,00210022,3C8201D3,2BFDDDE5,F007F816,00000020,00001375
4982,50120700,00000177,000003D3,00000000,00000000,00210022,3C83018B,2BFDDDE5,F007F816,00000020,00001376
4983,50458900,00000179,000003D5,00000000,00000000,00220022,3C84018C,2BFDDDE5,F007F816,00000020,00001377
4984,52888900,00000175,000003D5,00000000,00000000,00220022,3C878261,2BFDDDE5,F007F816,00000020,00001378
4985,50495000,00030178,000503DA,0000FFFB,0001FFFE,00220022,3C860188,2BFDDDE5,F007F816,00000020,00001379
4986,48413100,FFFC019A,FFFC03DF,0000FFF8,0003FFFE,00230022,3C88019F,2BFDDDE5,F007F816,00000020,0000137A
4987,50470500,00000191,000203D8,0000FFFC,0004FFFF,00230021,3C888186,2BFDDDE5,E007F816,00000020,0000137B
4988,50918800,00030156,000103DF,00000003,0004FFFE,00230021,3C8A81A8,2BFDDDE5,E007F816,00000020,0000137C
4989,50094500,FFFD0131,FFFE03DB,00000003,0003FFFF,00230021,3C8A818C,2BFDDDE5,E007F816,00000020,0000137D
4990,158300200,00010119,000003D0,00000002,0003FFFF,00240021,3C8B8195,2BFDDDE5,E007F816,00000020,0000137E
4991,14960100,00010104,000003D1,00000001,0002FFFF,00240021,3C8C8190,2BFDDDE5,E007F816,00000020,0000137F
4992,50849000,000000FD,000003D2,00000001,0002FFFF,00240021,3C8E81ED,2BFDDDE5,E007F816,00000020,00001380
4993,51432400,000000EE,000003D3,00000000,0002FFFF,00240021,3C8D8198,2BFDDDE5,E007F816,00000020,00001381
4994,48499100,000100F5,000203D6,0000FFFE,0002FFFF,00240021,3C8E8192,2801DDE5,E007F816,00000020,00001382
4995,49423400,000000E5,000003DD,0000FFFA,0003FFFF,00250021,3C8F8193,2801DDE5,E007F816,00000020,00001383
4996,51025400,000000EC,000103DB,0000FFF9,0005FFFF,00250021,3C8F819E,2BFDDDE5,E007F816,00000020,00001384
4997,49994900,FFFE00E3,FFFD03DF,00000000,0006FFFF,00250021,3C908187,2BFDDDE5,E007F816,00000020,00001385
4998,63442500,000100DF,FFFF03D7,00000005,0005FFFF,00250021,3C910185,2BFDDDE5,E007F816,00000020,00001386
4999,164677800,000000E3,FFFE03D3,00000006,00030000,00250021,3C92018D,2801DDE5,E007F816,00000020,00001387
5000,14327500,000000E5,FFFF03CA,00000003,00020000,00260021,3C92819B,2801DDE5,E007F816,00000020,00001388
5001,49638100,000100E7,000003CA,00000001,00010000,00260021,3C930198,2801DDE5,E007F816,00000020,00001389
5002,51258100,000000E2,000103D0,00000000,00010000,00260021,3C9481B8,2BFDDDE5,E007F816,00000020,0000138A
5003,51504600,000000E6,000003D5,0000FFFE,00010000,00260021,3C970218,2BFDDDE5,E007F816,00000020,0000138B
5004,48687100,000000E5,000003D6,0000FFFE,00020000,00260021,3C95819B,2BFDDDE5,E007F816,00000020,0000138C
5005,50269800,000000E4,000003E5,0000FFEE,00040000,00260021,3C9701BB,2801DDE5,E007F816,00000020,0000138D
5006,51372600,000000F3,00000408,0000FFDE,000D0000,00270021,3C9781BB,2801DDE5,E007F816,00000020,0000138E
5007,53802000,000000EA,000003FB,0000FFE0,00170000,00270021,3C9881C9,2BFDDDE5,E007F816,00000020,0000138F
5008,164328300,000000D9,00000420,0000FFF4,001D0000,00270021,3C980195,2BFDDDE5,E007F816,00000020,00001390
5009,15656600,000000DC,00000406,0000FFFE,001E0000,00270021,3C99019E,2BFDDDE5,E007F816,00000020,00001391
5010,47589600,000000E0,000003E8,00000002,001E0000,00270021,3C990185,2BFDE759,E007F816,00000020,00001392
5011,51434300,000000E5,000003D8,00000003,001D0000,00270021,3C9A0183,2801E759,E007F816,00000020,00001393
5012,50258100,000000E2,000003D1,00000002,001D0000,00280021,3C9B01A7,2801E759,E007F816,00000020,00001394
5013,51094100,000000E7,000003CE,00000002,001C0000,00280021,3C9B819A,2801E759,E007F816,00000020,00001395
5014,49578300,000000E7,000003CE,00000002,001C0000,00280021,3C9D820A,2801E759,E007F816,00000020,00001396
5015,55559700,000000E2,000003CF,00000001,001B0000,00280021,3C9D819D,2BFDE759,E007F816,00000020,00001397
5016,168032200,000000E7,000003D0,00000001,001B0000,00280021,3C9E0199,2BFDE759,E007F816,00000020,00001398
5017,15237100,000000E7,000003D2,00000000,001B0000,00290021,3C9E018F,2BFDE759,E007F816,00000020,00001399
5018,48510500,000000E2,000003D3,00000000,001B0000,00290021,3CA081E2,2BFDE759,E007F816,00000020,0000139A
5019,49373600,000000E8,000003D4,00000000,001B0000,00290021,3CA001D6,2BFDE759,E007F816,00000020,0000139B
5020,50729700,000000F0,000003F8,0000FFE2,00200000,00290021,3CA0018F,2801E759,E007F816,00000020,0000139C
5021,49535100,000000F2,0000040C,0000FFD2,002C0000,00290021,3CA201E1,2BFDE759,E007F816,00000020,0000139D
5022,49802700,000000E6,00000418,0000FFE7,00360000,00290021,3CA181B3,2BFDE759,E007F816,00000020,0000139E
5023,50641000,000000D5,0000042E,0000FFF8,003A0000,002A0021,3CA381FD,2BFDE759,E007F816,00000020,0000139F
5024,50486300,000000DF,000003FF,00000000,003B0000,002A0021,3CA30194,2BFDE759,E007F816,00000020,000013A0
5025,52800600,000000E2,000003E3,00000002,003A0000,002A0021,3CA3818A,2801E759,E007F816,00000020,000013A1
5026,163599800,000000EE,000003EB,0000FFF0,003D0000,002A0021,3CA581CE,2801E759,E007F816,00000020,000013A2
5027,14662500,000000EF,000003F0,0000FFE6,00430000,002A0021,3CA601E9,2BFDE759,E007F816,00000020,000013A3
5028,50419700,000000E4,000003F8,0000FFF3,00490000,002A0021,3CA5818A,2BFDE759,E007F816,00000020,000013A4
5029,50149900,000000DC,00000403,0000FFFD,004B0000,002B0021,3CA6018C,2BFDE759,E007F816,00000020,000013A5
5030,50600700,000000E4,000003E7,00000001,004B0000,002B0021,3CA681B5,2BFDE759,E007F816,00000020,000013A6
5031,49529200,000000E3,000003D8,00000001,004A0000,002B0021,3CA78188,2801E759,E007F816,00000020,000013A7
5032,49301200,000000EE,000003ED,0000FFED,004E0000,002B0021,3CA881A6,2801E759,E007F816,00000020,000013A8
5033,49803300,000000EB,000003EE,0000FFE4,00550000,002B0021,3CA88183,2BFDE759,E007F816,00000020,000013A9
5034,51055300,000000A9,00000404,0000FFF6,005A0000,002B0021,3CAB81FC,2BFDE759,E007F816,00000020,000013AA
5035,151428400,00000040,00000401,0000FFFE,005B0000,002B0021,3CAB01CE,2BFDE759,E007F816,00000020,000013AB
5036,13831400,0000FFEA,000003E6,00000002,005B0000,002B0021,3CA98186,2801E759,E007F816,00000020,000013AC
5037,49562300,0000FFBA,000003DC,0000FFFC,005A0000,002B0021,3CA981A2,2801E759,E007F816,00000020,000013AD
5038,50775700,0000FFA5,000003F4,0000FFEB,005F0000,002B0021,3CA981A6,2801E759,E007F816,00000020,000013AE
5039,51153700,0000FF8F,000003EF,0000FFEA,00660000,002B0021,3CA901A1,2BFDE759,E007F816,00000020,000013AF
5040,50922700,0000FF77,0000040B,0000FFF9,00690000,002B0021,3CA801A0,2801EF2A,E007F816,00000020,000013B0
5041,49093900,0000FF75,000003F8,0000FFFF,006A0000,002B0021,3CA78184,2801EF2A,E007F816,00000020,000013B1
5042,50586100,0000FF88,000003E1,00000002,006A0000,002B0021,3CA70185,2801EF2A,E007F816,00000020,000013B2
5043,50454800,0000FFB4,000003DE,0000FFF6,006B0001,002B0021,3CA6817D,2801EF2A,E007F816,00000020,000013B3
5044,51918400,0000FFFC,000003F5,0000FFE8,00700001,002B0021,3CA781F6,2801EF2A,E007F816,00000020,000013B4
5045,160293300,00000035,000003F0,0000FFEC,00780001,002B0021,3CA901FA,2BFDEF2A,E007F816,00000020,000013B5
5046,14877600,00000060,0000040B,0000FFF9,007B0001,002B0021,3CA98247,2801EF2A,E007F816,00000020,000013B6
5047,48931000,00000089,000003F2,0000FFFF,007C0001,002B0021,3CA881BC,2801EF2A,E007F816,00000020,000013B7
5048,49806800,000000A9,000003DE,00000001,007C0001,002B0021,3CA881B3,2801EF2A,E007F816,00000020,000013B8
5049,50754000,000000BF,000003E3,0000FFF1,007D0001,002B0021,3CAA01F7,2801EF2A,E007F816,00000020,000013B9
5050,50376100,0000009F,000003F5,0000FFE6,00840001,002B0021,3CA981B6,2801EF2A,E007F816,00000020,000013BA
5051,49846200,0000003A,000003F7,0000FFF1,008A0001,002B0022,3CA88198,2BFDEF2A,E007F816,00000020,000013BB
5052,49195500,0000FFDB,0000040B,0000FFFC,008C0001,002B0022,3CAA01C2,2BFDEF2A,E007F816,00000020,000013BC
5053,51381400,0000FFB2,000003ED,00000001,008D0001,002B0022,3CA80181,2801EF2A,E007F816,00000020,000013BD
5054,53579100,0000FF96,000003DC,00000003,008C0001,002B0022,3CA901D2,2801EF2A,E007F816,00000020,000013BE
5055,162058000,0000FF92,000003EB,0000FFEF,008F0001,002B0022,3CA7819B,2801EF2A,E007F816,00000020,000013BF
5056,14322400,0000FF9C,000003F1,0000FFE5,00950001,002B0022,3CA70196,2801EF2A,E007F816,00000020,000013C0
5057,49956500,0000FFB7,000003FE,0000FFF4,009B0001,002B0022,3CA701A1,2801EF2A,E007F816,00000020,000013C1
5058,48807600,0000FFEC,00000403,0000FFFD,009D0001,002B0022,3CA881DE,2801EF2A,E007F816,00000020,000013C2
5059,52855400,00000033,000003E7,00000000,009D0001,002B0022,3CA801B3,2801EF2A,E007F816,00000020,000013C3
5060,49392900,00000069,000003DA,0000FFFE,009D0001,002B0022,3CA701AB,2801EF2A,E007F816,00000020,000013C4
5061,51133000,00000099,000003F0,0000FFEB,00A10001,002B0022,3CA801C4,2801EF2A,E007F816,00000020,000013C5
5062,49395500,000000B7,000003EE,0000FFE4,00A80001,002B0022,3CA981F1,2BFDEF2A,E007F816,00000020,000013C6
5063,49512500,000000B4,00000406,0000FFF5,00AD0001,002B0022,3CA801D3,2BFDEF2A,E007F816,00000020,000013C7
5064,50450100,0000008F,000003FE,0000FFFE,00AF0001,002B0022,3CA8818C,2BFDEF2A,E007F816,00000020,000013C8
5065,148646500,00000035,000003E5,00000001,00AF0001,002B0022,3CA901D5,2801EF2A,E007F816,00000020,000013C9
5066,14365200,0000FFE7,000003DC,0000FFFA,00AF0001,002B0022,3CA88187,2801EF2A,E007F816,00000020,000013CA
5067,47963900,0000FFC0,000003F5,0000FFEA,00B30001,002B0022,3CA8018B,2801EF2A,E007F816,00000020,000013CB
5068,50833200,0000FFA0,000003EF,0000FFEB,00BA0001,002B0022,3CA901C9,2BFDEF2A,E007F816,00000020,000013CC
5069,51836000,0000FF80,0000040B,0000FFF9,00BE0001,002B0022,3CA78194,2801EF2A,E007F816,00000020,000013CD
5070,49920800,0000FF91,000003F6,0000FFFF,00BE0001,002B0022,3CA701A0,2801F519,E007F816,00000020,000013CE
5071,49701900,0000FFB6,000003E0,00000002,00BE0001,002B0022,3CA68197,2801F519,E007F816,00000020,000013CF
5072,49657200,0000FFF8,000003DE,0000FFF5,00BF0001,002B0022,3CA781C9,2801F519,E007F816,00000020,000013D0
5073,52772300,00000040,000003F4,0000FFE7,00C50001,002B0022,3CA60191,2801F519,E007F816,00000020,000013D1
5074,58183500,0000006E,000003F0,0000FFED,00CC0001,002B0022,3CA6818A,2BFDF519,E007F816,00000020,000013D2
5075,164703300,00000089,0000040B,0000FFF9,00CF0001,002B0022,3CA7819E,2BFDF519,E007F816,00000020,000013D3
5076,13355000,000000A8,000003F1,0000FFFF,00D00001,002B0022,3CA781C9,2801F519,E007F816,00000020,000013D4
5077,52359200,000000C0,000003DD,00000001,00D00001,002B0022,3CA88194,2801F519,E007F816,00000020,000013D5
5078,51805400,000000CC,000003E4,0000FFF1,00D20001,002B0022,3CAA81FB,2801F519,E007F816,00000020,000013D6
5079,48108100,000000A9,000003F4,0000FFE6,00D80001,002B0022,3CAA01BD,2801F519,E007F816,00000020,000013D7
5080,50751900,0000003E,000003F8,0000FFF1,00DF0001,002B0022,3CA9018F,2BFDF519,E007F816,00000020,000013D8
5081,50892000,0000FFE0,00000409,0000FFFC,00E10001,002B0022,3CAA01FD,2BFDF519,E007F816,00000020,000013D9
5082,52488200,0000FFB1,000003EC,00000001,00E10001,002B0022,3CA8018D,2801F519,E007F816,00000020,000013DA
5083,58525900,0000FF99,000003DB,00000003,00E00001,002B0022,3CAA0215,2801F519,E007F816,00000020,000013DB
5084,161256100,0000FF91,000003EC,0000FFEF,00E30001,002B0022,3CA70251,2801F519,E007F816,00000020,000013DC
5085,14510300,0000FF8C,000003F0,0000FFE5,00EA0001,002B0022,3CA7019F,2801F519,E007F816,00000020,000013DD
5086,50340500,0000FF8B,000003FF,0000FFF4,00EF0001,002B0022,3CA60181,2801F519,E007F816,00000020,000013DE
5087,49900500,0000FFAF,00000402,0000FFFD,00F00001,002A0022,3CA701B3,2801F519,E007F816,00000020,000013DF
5088,49856300,0000FFEE,000003E6,00000000,00F10001,002A0022,3CA701A5,2801F519,E007F816,00000020,000013E0
5089,49641400,00000035,000003D9,0000FFFE,00F10001,002A0022,3CA601A9,2801F519,E007F816,00000020,000013E1
5090,49560800,00000073,000003F0,0000FFEB,00F50001,002B0022,3CA601C0,2801F519,E007F816,00000020,000013E2
5091,49010800,00000098,000003ED,0000FFE4,00FC0001,002B0022,3CA68199,2BFDF519,E007F816,00000020,000013E3
5092,51636300,000000A7,00000405,0000FFF5,01010001,002B0022,3CA781AD,2BFDF519,E007F816,00000020,000013E4
5093,49910900,000000B9,000003FC,0000FFFD,01020001,002B0022,3CA801A0,2BFDF519,E007F816,00000020,000013E5
5094,153444100,000000CA,000003E3,00000001,01030001,002B0022,3CA781A5,2801F519,E007F816,00000020,000013E6
5095,14313700,000000D1,000003DB,0000FFF9,01030001,002B0022,3CA981AD,2801F519,E007F816,00000020,000013E7
5096,48809000,000000AF,000003F4,0000FFEA,01080001,002B0022,3CA90196,2801F519,E007F816,00000020,000013E8
5097,50682700,00000049,000003EF,0000FFEA,010F0001,002B0022,3CAA01CA,2BFDF519,E007F816,00000020,000013E9
5098,52215500,0000FFE3,0000040B,0000FFF9,01120001,002B0022,3CA881A7,2BFDF519,E007F816,00000020,000013EA
5099,49608700,0000FFB4,000003F6,00000000,01130001,002B0022,3CA881B7,2801F519,E007F816,00000020,000013EB
5100,49739500,0000FF97,000003E0,00000002,01130001,002B0022,3CA8819D,2801F93B,E007F816,00000020,000013EC
5101,50560900,0000FF91,000003DE,0000FFF6,01130001,002B0022,3CA881B2,2801F93B,E007F816,00000020,000013ED
5102,51142900,0000FF9E,000003F4,0000FFE8,01190001,002B0022,3CA801DA,2801F93B,E007F816,00000020,000013EE
5103,53357100,0000FFBF,000003F0,0000FFEE,01200001,002B0022,3CA781B4,2BFDF93B,E007F816,00000020,000013EF
5104,156803100,0000FFEB,0000040A,0000FFFA,01230001,002B0022,3CA78217,2801F93B,E007F816,00000020,000013F0
5105,13275400,00000033,000003EF,0000FFFF,01230001,002B0022,3CA68189,2801F93B,E007F816,00000020,000013F1
5106,50279900,00000069,000003DC,00000001,01230001,002B0022,3CA681A3,2801F93B,E007F816,00000020,000013F2
5107,50245000,00000095,000003DA,0000FFF9,01240001,002B0022,3CA701BB,2801F93B,E007F816,00000020,000013F3
5108,49446500,000000B4,000003E1,0000FFF3,01270001,002B0022,3CA781A5,2801F93B,E007F816,00000020,000013F4
5109,49287900,000000C1,000003E1,0000FFF8,012A0001,002B0022,3CA781A0,2BFDF93B,E007F816,00000020,000013F5
5110,51759300,000000CA,000003EB,0000FFFE,012B0001,002B0022,3CA881E0,2BFDF93B,E007F816,00000020,000013F6
5111,51691500,000000D0,000003DD,00000000,012C0001,002B0022,3CA881A1,2801F93B,E007F816,00000020,000013F7
5112,50442200,000000A2,000003D6,00000001,012B0001,002B0022,3CA90199,2801F93B,E007F816,00000020,000013F8
5113,48829500,00000043,000003D2,00000002,012B0001,002B0022,3CA90198,2801F93B,E007F816,00000020,000013F9
5114,50883400,0000FFED,000003D1,00000002,012A0001,002B0022,3CA981AF,2801F93B,E007F816,00000020,000013FA
5115,53531500,0000FFB8,000003D0,00000002,012A0001,002B0022,3CA80187,2801F93B,E007F816,00000020,000013FB
5116,158273800,0000FF9A,000003D1,00000001,01290001,002B0022,3CA8018A,2801F93B,E007F816,00000020,000013FC
5117,13969500,0000FF8F,000003D1,00000001,01290001,002B0022,3CA901EE,2801F93B,E007F816,00000020,000013FD
5118,50745100,0000FF94,000003D2,00000001,01290001,002B0022,3CA68188,2801F93B,E007F816,00000020,000013FE
5119,49528700,0000FFBC,000003D2,00000000,01290001,002B0022,3CA701D7,2801F93B,E007F816,00000020,000013FF
5120,49687800,0000FFF6,000003D3,00000000,01290001,002B0022,3CA701CA,2801F93B,E007F816,00000020,00001400
5121,51051800,00000037,000003D3,0000FFFF,01290001,002B0022,3CA68197,2801F93B,E007F816,00000020,00001401
5122,52246200,0000006C,000003D3,0000FFFF,01290001,002B0022,3CA80202,2801F93B,E007F816,00000020,00001402
5123,50293700,00000092,000003D4,0000FFFF,01290001,002B0022,3CA68189,2801F93B,E007F816,00000020,00001403
5124,51054100,000000AD,000003D4,0000FFFF,01290001,002B0022,3CA701A0,2801F93B,E007F816,00000020,00001404
5125,52517900,000000C3,000003D4,0000FFFF,012A0001,002B0022,3CA8019C,2801F93B,E007F816,00000020,00001405
5126,48894700,000000C9,000003D4,00000000,012A0001,002B0022,3CA901D8,2801F93B,E007F816,00000020,00001406
5127,52182300,0000009E,000003D4,00000000,012A0001,002B0022,3CA901A2,2BFDF93B,E007F816,00000020,00001407
5128,153248800,0000003F,000003D4,00000000,012A0001,002B0022,3CA901AE,2801F93B,E007F816,00000020,00001408
5129,12695600,0000FFE9,000003D4,00000001,012A0001,002B0022,3CA881E3,2801F93B,E007F816,00000020,00001409
5130,51623600,0000FFB8,000003D4,00000001,01290001,002B0022,3CA801A0,2801FB6A,E007F816,00000020,0000140A
5131,50172800,FFF5FF9E,000003D4,FFF90001,01290001,FF2B0021,3CA70195,2801FB6A,E0FFF816,00000020,0000140B
5132,50876400,FFEEFF9F,000003D4,FFF30001,01290001,002B001E,3CA901EA,2801FB6A,E0FFF816,00000020,0000140C
5133,50183400,FFEBFFC2,000003D3,FFEE0000,01290001,002B0019,3CA781AF,2801FB6A,E007F816,00000020,0000140D
5134,51015000,FFF1FFFA,000003D3,FFF20000,01290001,002B0014,3CA681AC,2801FB6A,E007F816,00000020,0000140E
5135,51929400,FFF3003B,000003D3,FFF50000,01290001,002B0011,3CA60183,2801FB6A,E007F816,00000020,0000140F
5136,50141100,FFF0006E,000003D3,FFF8FFFF,01290001,002B000E,3CA68194,2801FB6A,E007F816,00000020,00001410
5137,49763100,FFEF0093,000003D4,FFFAFFFF,01290000,002B000C,3CA801C7,2801FB6A,E007F816,00000020,00001411
5138,49054600,FFEF00B1,000003D4,FFFCFFFF,01290000,002B000B,3CAA0231,2801FB6A,E007F816,00000020,00001412
5139,51266200,FFF000C2,000003D4,FFFEFFFF,012A0000,002B000A,3CA781A3,2801FB6A,E007F816,00000020,00001413
5140,154495500,FFF200C9,000003D4,FFFF0000,012A0000,002B000A,3CA981C0,2801FB6A,E007F816,00000020,00001414
5141,13478300,FFF300A1,000003D4,00000000,012A0000,002B000A,3CA88184,2BFDFB6A,E007F816,00000020,00001415
5142,50483500,FFF5003E,000003D4,00010000,012A0000,002B000A,3CA90196,2801FB6A,E007F816,00000020,00001416
5143,50894700,FFF7FFEB,000003D4,00010001,012A0000,002B000A,3CA881D8,2801FB6A,E007F816,00000020,00001417
5144,51411300,FFF9FFB7,000003D4,00010001,01290000,002B000B,3CA80192,2801FB6A,E007F816,00000020,00001418
5145,49979400,FFFBFF9B,000003D4,00010001,01290000,002B000B,3CA78189,2801FB6A,E007F816,00000020,00001419
5146,50621300,FFFCFF8C,000003D4,00010001,01290000,002B000B,3CA781B0,2801FB6A,E007F816,00000020,0000141A
5147,51476200,FFFEFF96,000003D3,00010000,01290000,002B000C,3CA881E2,2801FB6A,E007F816,00000020,0000141B
5148,50598400,FFFEFFBA,000003D3,00010000,01290000,002A000C,3CA6819D,2801FB6A,E007F816,00000020,0000141C
5149,152492400,FFFFFFF6,000003D3,00010000,01290000,002A000C,3CA681A4,2801FB6A,E007F816,00000020,0000141D
5150,12304600,00000038,000003D3,0001FFFF,01290000,002A000D,3CA6019A,2801FB6A,E007F816,00000020,0000141E
5151,51035600,0000006B,000003D4,0001FFFF,01290000,002B000D,3CA701B0,2801FB6A,E007F816,00000020,0000141F
5152,49865100,00000091,000003D4,0000FFFF,01290000,002B000D,3CA681A6,2801FB6A,E007F816,00000020,00001420
5153,50613800,000100AF,000003D4,0000FFFF,01290000,002B000D,3CA7018A,2801FB6A,E007F816,00000020,00001421
5154,50664900,000100C0,000003D4,0000FFFF,012A0000,002B000D,3CA881C8,2801FB6A,E007F816,00000020,00001422
5155,50680500,000100CF,000003D4,0000FFFF,012A0000,002B000D,3CA881C0,2801FB6A,E007F816,00000020,00001423
5156,49776800,000000D1,000003D4,00000000,012A0000,002B000D,3CA901A5,2BFDFB6A,E007F816,00000020,00001424
5157,49866200,000100A4,000003D4,00000000,012A0000,002B000D,3CA88181,2BFDFB6A,E007F816,00000020,00001425
5158,55626400,00000043,000003D4,00000001,012A0000,002B000D,3CA9019C,2BFDFB6A,E007F816,00000020,00001426
5159,156470500,0001FFED,000003D4,00000001,012A0000,002B000D,3CA901AB,2801FB6A,E007F816,00000020,00001427
5160,13583200,0000FFB7,000003D4,00000001,01290000,002B000D,3CA901BD,2801FBB2,E007F816,00000020,00001428
5161,51315300,0000FF9C,000003D4,00000001,01290000,002B000D,3CA781AC,2801FBB2,E007F816,00000020,00001429
5162,48569400,0000FF8D,000003D4,00000001,01290000,002B000D,3CA781A5,2801FBB2,E007F816,00000020,0000142A
5163,52821400,0000FF96,000003D4,00000000,01290000,002B000D,3CA701A4,2801FBB2,E007F816,00000020,0000142B
5164,50005400,0000FFBC,000003D3,00000000,01290000,002A000D,3CA6018C,2801FBB2,E007F816,00000020,0000142C
5165,51249800,FFF5FFF5,000003D3,FFF80000,01290000,FF2A000C,3CA60195,2801FBB2,E007F816,00000020,0000142D
5166,50296000,FFEE0038,000003D3,FFF2FFFF,01290000,002A0009,3CA681C5,2801FBB2,E007F816,00000020,0000142E
5167,51518100,FFF6006A,000003D3,FFF5FFFF,01290000,002B0005,3CA701B3,2801FBB2,E007F816,00000020,0000142F
5168,49445100,FFF90093,000003D4,FFF7FFFF,01290000,002B0002,3CA701AA,2801FBB2,E007F816,00000020,00001430
5169,49931400,FFF600AE,000003D4,FFFAFFFF,01290000,002B0000,3CA701B2,2801FBB2,E007F816,00000020,00001431
5170,52496600,FFF400BD,000003C6,FFFB0018,01280000,002BFFFF,3CA801D1,2BFDFBB2,E007F816,00000020,00001432
5171,61641100,FFF500B0,00000372,FFFD0043,01180000,002BFFFE,3CA80198,2BFDFBB2,E007F816,00000020,00001433
5172,157567200,FFF500C2,0000037D,FFFE0041,01030000,002BFFFD,3CA981BD,2801FBB2,E007F816,00000020,00001434
5173,12249500,FFF700BB,0000032F,FFFF0018,00F80000,002BFFFD,3CA901AC,2801FBB2,E007F816,00000020,00001435
5174,51642900,FFF70054,0000036A,00000006,00F50000,002BFFFD,3CAA81DF,2801FBB2,E007F816,00000020,00001436
5175,49409600,FFF8FFF1,000003A9,0000FFFE,00F50000,002BFFFD,3CA90194,2BFDFBB2,E007F816,00000020,00001437
5176,50614100,FFF9FFBA,000003CC,0001FFFC,00F60000,002BFFFD,3CA8819A,2BFDFBB2,E007F816,00000020,00001438
5177,50863300,FFFAFF9A,000003DC,0001FFFC,00F70000,002BFFFD,3CA781D0,2BFDFBB2,E007F816,00000020,00001439
5178,51691000,0008FF8E,002B03EC,0001FFF0,00F9FFFB,002BFFFD,3CA781BD,2801FBB2,E007F816,00000020,0000143A
5179,49096300,FFF0FF9A,FFDB03F7,0000FFF4,00FEFFFA,002BFFFD,3CA781D6,2BFDFBB2,E007F816,00000020,0000143B
5180,48808700,FFF8FFA3,000E03B1,00010030,00F8FFFC,002BFFFD,3CA70232,2BFDFBB2,E007F816,00000020,0000143C
5181,51050300,0005FFD0,FFEB0394,00010054,00E3FFFC,002BFFFE,3CA701D9,2801FBB2,E007F816,00000020,0000143D
5182,145058700,00040027,0031031A,0000007C,00C7FFFA,002BFFFE,3CA701B0,2BFDFBB2,E007F816,00000020,0000143E
5183,14345000,FFF0003F,FFE20251,00010084,009AFFFF,002BFFFE,3CA901F6,2401FBB2,E207D016,00000020,0000143F
5184,49847100,00130097,0028034F,00010063,0080FFFD,002BFFFF,3CA781B2,2801FBB2,E007F816,00000020,00001440
5185,49685100,FFF30013,FFDD0180,00010063,00640001,002BFFFF,3CA78194,1FFDFBB2,E205D816,00000020,00001441
5186,50867600,00050037,000A03F8,0001003C,00480004,002BFFFF,3CA8019C,2801FBB2,E007F816,00000020,00001442
5187,51210500,0005003D,FFF802A8,0001FFC7,00540005,002BFFFF,3CA701CB,27FDFBB2,E207D016,00000020,00001443
5188,50157300,0002FFFE,FFFF040A,0000FFDC,00610006,002BFFFF,3CA6818B,2BFDFBB2,E007F816,00000020,00001444
5189,49206200,0002FF90,00000439,0000FFEB,00690006,002BFFFF,3CA60198,2BFDFBB2,E007F816,00000020,00001445
5190,49812200,0000FFD7,00010423,0000FFF3,006D0006,002BFFFF,3CA781E4,2BFDFA2E,E007F816,00000020,00001446
5191,49543500,0000FFF7,0001040D,0000FFF8,00700006,002BFFFF,3CA681BC,2BFDFA2E,E007F816,00000020,00001447
5192,50736700,0000002B,000003FB,0000FFFB,00710006,002B0000,3CA88203,2BFDFA2E,E007F816,00000020,00001448
5193,155111500,00000062,000003ED,0000FFFD,00720006,002B0000,3CA701D8,2801FA2E,E007F816,00000020,00001449
5194,13910000,0000008B,000003E3,0000FFFE,00730006,002B0000,3CA70195,2801FA2E,E007F816,00000020,0000144A
5195,49982900,000000A9,000003DD,0000FFFF,00730005,002B0000,3CA7019D,2801FA2E,E007F816,00000020,0000144B
5196,49498500,FFFF00BC,000003D9,0000FFFF,00740005,002B0000,3CA901E1,2801FA2E,E007F816,00000020,0000144C
5197,51829900,000000C5,000003D6,0000FFFF,00740005,002B0000,3CA801A9,2801FA2E,E007F816,00000020,0000144D
5198,50490800,0000009C,000003D5,00000000,00740005,002B0000,3CA901A3,2801FA2E,E007F816,00000020,0000144E
5199,50981300,0000003C,000003D5,00000000,00740005,002B0000,3CA901DB,2801FA2E,E007F816,00000020,0000144F
5200,49251800,0002FFE8,000A03D2,00000004,00730004,002B0000,3CAA81E9,2BFDFA2E,E007F816,00000020,00001450
5201,48031000,0004FFB1,000803C8,0000000B,00710001,002B0000,3CA88190,2BFDFA2E,E007F816,00000020,00001451
5202,56358000,FFFBFF95,000703C1,0000000E,006DFFFF,002B0000,3CA88190,2801FA2E,E007F816,00000020,00001452
5203,165328500,0001FF89,000503BA,00000009,006AFFFD,002B0000,3CA981E2,2801FA2E,E007F816,00000020,00001453
5204,12379100,FFFCFF85,000003BA,00000003,0068FFFD,002B0000,3CA78193,2801FA2E,E007F816,00000020,00001454
5205,50784600,FFFFFF90,000003C7,00000000,0068FFFD,002B0000,3CA7019B,2801FA2E,E007F816,00000020,00001455
5206,49367600,0000FFB5,FFFF03D0,0000FFFF,0068FFFD,002B0000,3CA781C3,2801FA2E,E007F816,00000020,00001456
5207,51716700,0001FFF1,000003D5,0000FFFF,0068FFFD,002B0000,3CA68196,2801FA2E,E007F816,00000020,00001457
5208,50416700,00010034,000003D7,0000FFFF,0069FFFD,002B0000,3CA781AE,2801FA2E,E007F816,00000020,00001458
5209,50694700,00000068,000003D8,0000FFFF,0069FFFD,002B0000,3CA7018E,2801FA2E,E007F816,00000020,00001459
5210,48422500,0001008F,000003D7,0000FFFF,006AFFFD,002B0000,3CA7018A,2801FA2E,E007F816,00000020,0000145A
5211,50094700,000000AC,000003D7,0000FFFF,006AFFFD,002B0000,3CA881E4,2801FA2E,E007F816,00000020,0000145B
5212,165058500,000000B9,000003D6,0000FFFF,006AFFFD,002B0000,3CA881A4,2801FA2E,E007F816,00000020,0000145C
5213,14754400,00000095,FFFD03D6,00000001,006AFFFE,002B0000,3CA881C5,2BFDFA2E,E007F816,00000020,0000145D
5214,48529400,FFFE0034,FFFE03C9,0000000A,0069FFFF,002B0000,3CA901B8,2BFDFA2E,E007F816,00000020,0000145E
5215,50958700,0003FFE1,FFFE03C4,0000000F,0065FFFF,002B0000,3CA981C2,2801FA2E,E007F816,00000020,0000145F
5216,51863900,FFFFFFB6,FFFF03BD,00000007,00620000,002B0000,3CA801BB,2801FA2E,E007F816,00000020,00001460
5217,50578900,0001FF9C,FFFF03BC,00000002,00610000,002B0000,3CA801C2,2801FA2E,E007F816,00000020,00001461
5218,50801100,0000FF8C,000003CB,00000000,00600000,002B0000,3CA881B1,2801FA2E,E007F816,00000020,00001462
5219,49642500,0001FF94,000003D4,0000FFFF,00610000,002B0000,3CA70191,2801FA2E,E007F816,00000020,00001463
5220,50847000,FFFFFFB8,000003D7,0000FFFF,00610000,002B0000,3CA7019C,2801F6B7,E007F816,00000020,00001464
5221,49480900,0001FFF3,000103D8,0000FFFF,00610000,002B0000,3CA781CB,2801F6B7,E007F816,00000020,00001465
5222,157507100,FFFF0035,000003D7,0000FFFF,00620000,002B0000,3CA68193,2801F6B7,E007F816,00000020,00001466
5223,15084200,00000069,000003D6,0000FFFF,00620000,002B0000,3CA801A3,2801F6B7,E007F816,00000020,00001467
5224,49565300,00000090,000003D6,0000FFFF,00620000,002B0000,3CA881BF,2801F6B7,E007F816,00000020,00001468
5225,51467600,000000AC,000003D5,0000FFFF,00620000,002B0000,3CA8018D,2801F6B7,E007F816,00000020,00001469
5226,48563300,000000BA,000003D5,0000FFFF,00620000,002B0000,3CA981A8,2801F6B7,E007F816,00000020,0000146A
5227,51747300,00000095,000003D5,00000000,00620000,002B0000,3CAA01AC,2801F6B7,E007F816,00000020,0000146B
5228,50445500,00000038,000003D5,00000000,00620000,002B0000,3CA901A3,2801F6B7,E007F816,00000020,0000146C
5229,57949400,0000FFE4,000003D5,00000001,00620000,002B0000,3CA9019E,2801F6B7,E007F816,00000020,0000146D
5230,184530500,0000FFB4,000003D5,00000001,00620000,002B0000,3CA88193,2801F6B7,E007F816,00000020,0000146E
5231,17790700,0000FF98,000003D5,00000001,00620000,002B0000,3CA981D4,2801F6B7,E007F816,00000020,0000146F
5232,48906400,0000FF87,000003D6,00000000,00620000,002B0000,3CAA822D,2801F6B7,E007F816,00000020,00001470
5233,48951000,0000FF80,000003D6,00000000,00620000,002B0000,3CA7818D,2801F6B7,E007F816,00000020,00001471
5234,51694500,0000FF8E,000003D6,00000000,00620000,002B0000,3CA801DE,2801F6B7,E007F816,00000020,00001472
5235,55017600,0000FFB4,000003D7,00000000,00620000,002B0000,3CA7019F,2801F6B7,E007F816,00000020,00001473
5236,65482500,0000FFF1,000003D6,0000FFFF,00620000,002B0000,3CA70197,2801F6B7,E007F816,00000020,00001474
5237,181603800,00000033,000003D5,0000FFFF,00620000,002B0000,3CA7019D,2801F6B7,E007F816,00000020,00001475
5238,14074100,00000068,000003D5,0000FFFF,00630000,002B0000,3CA801B5,2801F6B7,E007F816,00000020,00001476
5239,52228400,0000008F,000003D5,0000FFFF,00630000,002B0000,3CA801AB,2801F6B7,E007F816,00000020,00001477
5240,49561200,000000AC,000003D5,0000FFFF,00630000,002B0000,3CA801C4,2801F6B7,E007F816,00000020,00001478
5241,52300100,000000BA,000003D5,0000FFFF,00630000,002B0000,3CA8818F,2801F6B7,E007F816,00000020,00001479
5242,48514800,00000094,000003D5,00000000,00630000,002B0000,3CA90195,2801F6B7,E007F816,00000020,0000147A
5243,50087600,00000038,000003D5,00000000,00630000,002B0000,3CA981A3,2801F6B7,E007F816,00000020,0000147B
5244,150266000,0000FFE5,000003D5,00000001,00630000,002B0000,3CA9019C,2801F6B7,E007F816,00000020,0000147C
5245,14509000,0000FFB4,000003D5,00000001,00630000,002B0000,3CAA01DE,2801F6B7,E007F816,00000020,0000147D
5246,50964900,0000FF98,000003D5,00000001,00630000,002B0000,3CA8019D,2801F6B7,E007F816,00000020,0000147E
5247,49734800,0000FF87,000003D5,00000001,00620000,002B0000,3CA801AA,2801F6B7,E007F816,00000020,0000147F
5248,51170100,0000FF80,000003D5,00000001,00620000,002B0000,3CA7819E,2801F6B7,E007F816,00000020,00001480
5249,50122000,0000FF8E,000003D5,00000000,00620000,002B0000,3CA7018E,2801F6B7,E007F816,00000020,00001481
5250,50553100,0000FFB5,000003D5,00000000,00620000,002B0000,3CA70199,2801F0E2,E007F816,00000020,00001482
5251,49917100,0000FFF1,000003D5,00000000,00620000,002B0000,3CA681B1,2801F0E2,E007F816,00000020,00001483
5252,50348700,00000034,000003D4,0000FFFF,00620000,002B0000,3CA681AA,2801F0E2,E007F816,00000020,00001484
5253,49077300,00000068,000003D5,0000FFFF,00620000,002B0000,3CA801E3,2801F0E2,E007F816,00000020,00001485
5254,51926400,0000008F,000003D5,0000FFFF,00630000,002B0000,3CA70190,2801F0E2,E007F816,00000020,00001486
5255,49514800,000000AB,000003D5,0000FFFF,00630000,002B0000,3CA901C5,2801F0E2,E007F816,00000020,00001487
5256,50258200,000000B6,000003C9,0000000B,00610000,002B0000,3CA881B2,2BFDF0E2,E007F816,00000020,00001488
5257,50325600,0000008D,000003BA,00000014,005C0000,002B0000,3CA901BB,2801F0E2,E007F816,00000020,00001489
5258,51002000,00000038,000003B8,0000000D,00570000,002B0000,3CA981B2,2801F0E2,E007F816,00000020,0000148A
5259,50301200,0000FFEC,000003AA,00000005,00550000,002B0000,3CA901BA,2801F0E2,E007F816,00000020,0000148B
5260,50290700,0000FFB7,000003C0,00000001,00550000,002B0000,3CA901A8,2801F0E2,E007F816,00000020,0000148C
5261,49900600,0000FF91,000003B5,00000018,00510000,002B0000,3CA881B1,2BFDF0E2,E007F816,00000020,0000148D
5262,157959900,0000FF79,0000039F,00000028,00470000,002B0000,3CA881B0,2801F0E2,E007F816,00000020,0000148E
5263,12922400,0000FF80,0000039C,00000017,003D0000,002B0000,3CA701A3,2801F0E2,E007F816,00000020,0000148F
5264,49958200,0000FF9B,00000384,00000007,003A0000,002B0000,3CA70194,2801F0E2,E007F816,00000020,00001490
5265,52007200,0000FFBA,000003B0,00000000,00390000,002B0000,3CA7019F,2801F0E2,E007F816,00000020,00001491
5266,49298300,0000FFEB,000003B2,00000015,00360000,002B0000,3CA8821D,2BFDF0E2,E007F816,00000020,00001492
5267,50637400,00000024,000003A1,00000025,002D0000,002B0000,3CA801ED,2BFDF0E2,E007F816,00000020,00001493
5268,51116400,00000067,000003A3,00000015,00240000,002B0000,3CA801BB,2801F0E2,E007F816,00000020,00001494
5269,49295400,0000009C,00000389,00000005,00210000,002B0000,3CA801A8,2801F0E2,E007F816,00000020,00001495
5270,49998800,000000B1,000003B4,0000FFFF,00210000,002B0000,3CAA01F7,2801F0E2,E007F816,00000020,00001496
5271,50990300,000000B3,000003B7,00000014,001E0000,002B0000,3CA901AC,2BFDF0E2,E007F816,00000020,00001497
5272,49800900,00000085,000003A4,00000025,00150000,002B0000,3CA90208,2BFDF0E2,E007F816,00000020,00001498
5273,140736700,00000036,000003A3,00000016,000C0000,002B0000,3CA901C8,2801F0E2,E007F816,00000020,00001499
5274,13805600,0000FFF1,00000389,00000007,00090000,002B0000,3CA9019B,2801F0E2,E007F816,00000020,0000149A
5275,51098500,0000FFB9,000003B4,00000000,00080000,002B0000,3CA88192,2801F0E2,E007F816,00000020,0000149B
5276,50087000,0000FF95,000003C1,0000000A,00070000,002B0000,3CAA01F1,2BFDF0E2,E007F816,00000020,0000149C
5277,49928600,0000FF7F,000003BF,00000012,00020000,002B0000,3CA881AB,2BFDF0E2,E007F816,00000020,0000149D
5278,50053000,0000FF7F,000003C0,0000000A,FFFE0000,002B0000,3CA78191,2801F0E2,E007F816,00000020,0000149E
5279,51615300,0000FF93,000003B4,00000002,FFFD0000,002B0000,3CA801B2,2801F0E2,E007F816,00000020,0000149F
5280,50280100,0000FFB6,000003C9,0000FFFF,FFFD0000,002B0000,3CA701FD,2801EA08,E007F816,00000020,000014A0
5281,50584500,0000FFF0,000003D5,0000FFFE,FFFD0000,002B0000,3CA7018B,2801EA08,E007F816,00000020,000014A1
5282,51086600,00000033,000003DA,0000FFFD,FFFE0000,002B0000,3CA901EE,2801EA08,E007F816,00000020,000014A2
5283,50579800,00000066,000003DA,0000FFFF,FFFF0000,002B0000,3CA78192,2801EA08,E007F816,00000020,000014A3
5284,49022700,0000008D,000003D7,00000001,FFFF0000,002B0000,3CA801A4,2801EA08,E007F816,00000020,000014A4
5285,140281900,000000A5,000003D6,00000001,FFFE0000,002B0000,3CA901AD,2801EA08,E007F816,00000020,000014A5
5286,13184100,00000088,000003D1,00000000,FFFE0000,002B0000,3CA981AB,2801EA08,E007F816,00000020,000014A6
5287,50559100,00000030,000003D4,00000000,FFFE0000,002B0000,3CAA81D9,2801EA08,E007F816,00000020,000014A7
5288,49126800,0000FFE0,000003D5,00000000,FFFE0000,002B0000,3CA8818A,2801EA08,E007F816,00000020,000014A8
5289,50146600,0000FFB1,000003D6,00000000,FFFE0000,002B0000,3CA901BC,2801EA08,E007F816,00000020,000014A9
5290,51067500,0000FF95,000003D6,00000000,FFFE0000,002B0000,3CA80197,2801EA08,E007F816,00000020,000014AA
5291,50851000,0000FF86,000003D6,00000000,FFFE0000,002B0000,3CA901C8,2801EA08,E007F816,00000020,000014AB
5292,51526500,0000FF7F,000003D6,00000000,FFFE0000,002B0000,3CA70194,2801EA08,E007F816,00000020,000014AC
5293,50641500,0000FF8D,000003D5,00000000,FFFE0000,002B0000,3CA801B6,2801EA08,E007F816,00000020,000014AD
5294,50799200,0000FFB3,000003D5,00000000,FFFE0000,002B0000,3CA70198,2801EA08,E007F816,00000020,000014AE
5295,50115200,0000FFF0,000003D5,00000000,FFFE0000,002B0000,3CA68185,2801EA08,E007F816,00000020,000014AF
5296,49648000,00000033,000003D5,0000FFFF,FFFE0000,002B0000,3CA7819F,2801EA08,E007F816,00000020,000014B0
5297,50527300,00000067,000003D5,0000FFFF,FFFE0000,002B0000,3CA7019F,2801EA08,E007F816,00000020,000014B1
5298,49979300,0000008E,000003D5,0000FFFF,FFFE0000,002B0000,3CA78194,2801EA08,E007F816,00000020,000014B2
5299,132828100,000000A6,000003D5,0000FFFF,FFFF0000,002B0000,3CA8018F,2801EA08,E007F816,00000020,000014B3
5300,13084200,00000087,000003D5,00000000,FFFF0000,002B0000,3CA901C1,2801EA08,E007F816,00000020,000014B4
5301,51388700,00000030,000003D5,00000000,FFFF0000,002B0000,3CA90242,2801EA08,E007F816,00000020,000014B5
5302,49920600,0000FFDF,000003D5,00000001,FFFF0000,002B0000,3CA90196,2801EA08,E007F816,00000020,000014B6
5303,50191600,0000FFB1,000003D5,00000001,FFFE0000,002B0000,3CA88190,2801EA08,E007F816,00000020,000014B7
5304,48916400,0000FF95,000003D5,00000001,FFFE0000,002B0000,3CA80197,2801EA08,E007F816,00000020,000014B8
5305,51078600,0000FF86,000003D5,00000001,FFFE0000,002B0000,3CA881B3,2801EA08,E007F816,00000020,000014B9
5306,51189900,0000FF7F,000003D5,00000001,FFFE0000,002B0000,3CA881C4,2801EA08,E007F816,00000020,000014BA
5307,49531500,0000FF8C,000003D5,00000000,FFFE0000,002B0000,3CA801DD,2801EA08,E007F816,00000020,000014BB
5308,50990100,0000FFB4,000003D5,00000000,FFFE0000,002B0000,3CA70191,2801EA08,E007F816,00000020,000014BC
5309,49700300,0000FFF0,000203D5,0000FFFF,FFFE0000,002B0000,3CA6819B,2801EA08,E007F816,00000020,000014BD
5310,51666800,00010033,000403D7,0000FFFE,FFFEFFFF,002B0000,3CA781AE,2801E1BD,E007F816,00000020,000014BE
5311,50174100,00010068,000503D7,0000FFFE,FFFFFFFE,002BFFFF,3CA881C5,2801E1BD,E007F816,00000020,000014BF
5312,49091800,0001008E,000503D9,0000FFFE,FFFFFFFC,002BFFFF,3CA801B1,2801E1BD,E007F816,00000020,000014C0
5313,49970800,FFFF00A6,000303DA,0000FFFE,0000FFFB,002BFFFF,3CA901CB,2801E1BD,E007F816,00000020,000014C1
5314,50342000,FFFB0086,FFF503D4,00000004,0000FFFC,002BFFFF,3CA981B7,2BFDE1BD,E007F816,00000020,000014C2
5315,124949500,00010025,FFFD03B9,0000001F,FFFBFFFE,002BFFFF,3CA881D0,2BFDE1BD,E007F816,00000020,000014C3
5316,13762900,0001FFCF,FFF70393,00000030,FFEFFFFF,002BFFFF,3CAC0272,2801E1BD,E007F816,00000020,000014C4
5317,50000500,0001FFB2,FFFE0387,0000001F,FFE30000,002BFFFF,3CA901A6,2801E1BD,E007F816,00000020,000014C5
5318,49268000,FFFEFFA6,FFF20375,00000007,FFDE0002,002BFFFF,3CA8018C,2801E1BD,E007F816,00000020,000014C6
5319,51001100,0005FF94,000003B7,0000FFF4,FFE00002,002BFFFF,3CA78189,2801E1BD,E007F816,00000020,000014C7
5320,50822000,FFFEFF84,FFF703D1,0000FFF3,FFE40002,002BFFFF,3CA801C1,2BFDE1BD,E007F816,00000020,000014C8
5321,51526200,0000FF88,000003F7,0000FFF7,FFE70003,002BFFFF,3CAA0312,2801E1BD,E007F816,00000020,000014C9
5322,51363300,FFFEFFAE,FFF903EA,00000015,FFE80004,002BFFFF,3CA801D3,2BFDE1BD,E007F816,00000020,000014CA
5323,50121900,0000FFC5,FFFE0364,00000054,FFD60004,002BFFFF,3CA70193,2BFDE1BD,E007F816,00000020,000014CB
5324,48261100,00000018,FFFC037C,0000005A,FFB90005,002BFFFF,3CA881C2,2801E1BD,E007F816,00000020,000014CC
5325,50045900,00010085,FFFF02FE,00000021,FFAA0006,002BFFFF,3CA701EA,2401E1BD,E207D016,00000020,000014CD
5326,51549700,00010085,00000344,00000008,FFA50006,002B0000,3CA8019D,2801E1BD,E007F816,00000020,000014CE
5327,130064800,FFFF001F,00000399,0000FFFD,FFA50006,002B0000,3CA881A6,2801E1BD,E007F816,00000020,000014CF
5328,14135700,00000060,000003C7,0000FFFA,FFA70005,002B0000,3CA801A6,2BFDE1BD,E007F816,00000020,000014D0
5329,48950500,FFFF003E,000003DE,0000FFFA,FFA90005,002B0000,3CA88194,2BFDE1BD,E007F816,00000020,000014D1
5330,50934400,0000FFF1,000003E7,0000FFFB,FFAA0005,002B0000,3CA80187,2BFDE1BD,E007F816,00000020,000014D2
5331,49677800,001CFFB7,007C03F4,0026FFDB,FFADFFFE,002B0002,3CA80183,2801E1BD,E007F816,00000020,000014D3
5332,51357300,004BFF58,0042041E,002BFFE0,FFB7FFE5,FF2B000F,3CA7817F,2BFDE1BD,E007F816,00000020,000014D4
5333,49752100,FFDDFF9F,00160424,0022FFC5,FFC8FFE3,FF2B001A,3CA781A6,2BFDE1BD,E007F816,00000020,000014D5
5334,49997400,0057FF90,00410456,0018FFCD,FFD6FFD0,FF2B0022,3CA781BF,2BFDE1BD,E007F816,00000020,000014D6
5335,51861800,FFD8FFA1,FF9D0434,0010000D,FFD8FFDF,FF2B0027,3CA6819D,2BFDE1BD,E007F816,00000020,000014D7
5336,49589100,0023FFC7,FFE10399,000A005E,FFC6FFF4,FF2B002B,3CA701AF,2BFDE1BD,E007F816,00000020,000014D8
5337,50912100,0038000F,FFB70350,00060075,FFA50002,FF2B002D,3CAA0210,2801E1BD,E007F816,00000020,000014D9
5338,51120200,001E007C,FFDC02F4,0004003F,FF8D0012,FF2B002E,3CA901D6,2401E1BD,E207D016,00000020,000014DA
5339,49147200,003E0090,FFFB02FD,00020015,FF830016,FF2B002F,3CA801A7,2401E1BD,E207D016,00000020,000014DB
5340,50580800,0024FFDC,00020366,00010003,FF800016,FF2B0030,3CA801AE,2801D819,E007F816,00000020,000014DC
5341,50844500,0018FF5C,000303AC,FFFFFFFC,FF810015,FF2B002F,3CA801AC,2BFDD819,E007F816,00000020,000014DD
5342,49539600,0013FFCF,000203D1,FFFEFFFA,FF820015,FF2B002F,3CA801B0,2BFDD819,E007F816,00000020,000014DE
5343,50719000,000EFFF3,000103E2,FFFEFFFA,FF840014,FF2B002E,3CA781A3,2BFDD819,E007F816,00000020,000014DF
5344,51384000,000A001A,000103E8,FFFEFFFB,FF860014,FF2B002E,3CA70190,2BFDD819,E007F816,00000020,000014E0
5345,50798300,00070051,000103E7,FFFEFFFC,FF870014,FF2B002D,3CA78199,2BFDD819,E007F816,00000020,000014E1
5346,50477700,0004007E,000003E4,FFFEFFFD,FF880014,FF2B002C,3CA901D2,2BFDD819,E007F816,00000020,000014E2
5347,49750700,00020099,000003E1,FFFEFFFE,FF890013,002B002C,3CA88185,2BFDD819,E007F816,00000020,000014E3
5348,52324300,0000007F,000003DD,FFFEFFFF,FF890013,002B002B,3CA9018D,2801D819,E007F816,00000020,000014E4
5349,51363100,FFFF002A,000003DB,FFFF0000,FF890013,002B002B,3CAA81C5,2801D819,E007F816,00000020,000014E5
5350,49730000,FFFEFFDC,000003D9,FFFF0000,FF890013,002B002B,3CA98195,2801D819,E007F816,00000020,000014E6
5351,51940200,FFFDFFAE,000003D7,FFFF0001,FF890013,002B002A,3CA9018C,2801D819,E007F816,00000020,000014E7
5352,50369900,0004FF96,001A03DD,FFFFFFF8,FF8A0010,002B002A,3CA8817F,2801D819,E007F816,00000020,000014E8
5353,49161200,0006FF87,001D03E6,FFFFFFF5,FF8D0008,002B002A,3CAA81F7,2801D819,E007F816,00000020,000014E9
5354,49457600,0000FF7C,002C03E5,0000FFFB,FF90FFFE,002B002A,3CA881A7,2801D819,E007F816,00000020,000014EA
5355,51222900,FFF9FF74,001603F7,0000FFF7,FF91FFF5,002B002A,3CA781B2,2801D819,E007F816,00000020,000014EB
5356,146550200,FFE7FF72,FFE603DE,FFFF0008,FF92FFF6,002B002A,3CA801E5,2BFDD819,E007F816,00000020,000014EC
5357,15443800,FFFBFF66,FFF90384,00000049,FF85FFF9,002B002A,3CA801E6,2BFDD819,E007F816,00000020,000014ED
5358,50180600,FFFDFF94,FFE2036F,0000005A,FF6BFFFD,002B002A,3CA7018D,2801D819,E007F816,00000020,000014EE
5359,50106100,0002FFFE,FFF90323,00000029,FF5A0001,002B002A,3CA781A9,2801D819,E007F816,00000020,000014EF
5360,51974600,00080048,FFFF0335,0000000B,FF540002,002B002A,3CA7819B,2801D819,E007F816,00000020,000014F0
5361,48061900,0001006F,0000038C,0000FFFF,FF530002,002B002A,3CA801AD,2801D819,E007F816,00000020,000014F1
5362,50100900,0000008F,000003BE,0000FFFA,FF540002,002B002A,3CA881AC,2BFDD819,E007F816,00000020,000014F2
5363,53064100,000000A4,000003D8,0000FFFA,FF560002,002B002A,3CA981B5,2BFDD819,E007F816,00000020,000014F3
5364,47220200,FFFF0083,000003DF,00000002,FF570002,002B002A,3CAA01B1,2BFDD819,E007F816,00000020,000014F4
5365,53739500,00000021,000003C1,00000016,FF530002,002B002A,3CA981A2,2BFDD819,E007F816,00000020,000014F5
5366,51812600,0000FFD6,000003C2,00000019,FF4B0002,002B002A,3CA981C6,2801D819,E007F816,00000020,000014F6
5367,48252900,0000FFB6,000003A0,00000009,FF470002,002B002A,3CAA81C2,2801D819,E007F816,00000020,000014F7
5368,49922100,0000FF98,000003AB,0000000B,FF450002,002B002A,3CAB021A,2BFDD819,E007F816,00000020,000014F8
5369,50657200,0000FF7E,000003AE,00000012,FF400002,002B002A,3CA981AD,2801D819,E007F816,00000020,000014F9
5370,137981800,0000FF79,000003BB,0000000C,FF3B0002,002B002A,3CA8819B,2801CC8F,E007F816,00000020,000014FA
5371,15187500,0000FF7D,000003AE,00000003,FF3A0002,002B002A,3CA901D2,2801CC8F,E007F816,00000020,000014FB
5372,49156600,0000FF70,000003B6,0000000C,FF370002,002B002A,3CA8019C,2BFDCC8F,E007F816,00000020,000014FC
5373,51640800,0000FF6F,000003B9,00000012,FF330002,002B002A,3CA881C5,2801CC8F,E007F816,00000020,000014FD
5374,49145400,0000FF85,000003B9,00000009,FF2F0002,002B002A,3CA7018D,2801CC8F,E007F816,00000020,000014FE
5375,50559400,0000FFB3,000003B3,00000003,FF2E0002,002B002A,3CA70195,2801CC8F,E007F816,00000020,000014FF
5376,50600500,0000FFE7,000003B3,0000000E,FF2B0002,002B002A,3CA781AB,2BFDCC8F,E007F816,00000020,00001500
5377,52498000,00000029,000003BD,00000012,FF260002,002B002A,3CA701FE,2801CC8F,E007F816,00000020,00001501
5378,50785400,00000068,000003B2,00000006,FF230002,002B002A,3CA801E7,2801CC8F,E007F816,00000020,00001502
5379,50464000,0000008A,000003B6,00000006,FF220002,002B002A,3CA88195,2BFDCC8F,E007F816,00000020,00001503
5380,50751100,0000006B,000003B2,0000000F,FF1F0002,002B002A,3CA901B2,2BFDCC8F,E007F816,00000020,00001504
5381,49589600,0000001E,000003BF,0000000F,FF1A0002,002B002A,3CA9022D,2801CC8F,E007F816,00000020,00001505
5382,49596100,0000FFDD,000003AE,00000005,FF170002,002B002A,3CA981A3,2801CC8F,E007F816,00000020,00001506
5383,51310600,0000FFAC,000003B6,0000000B,FF150002,002B002A,3CA981AD,2BFDCC8F,E007F816,00000020,00001507
5384,48877800,0000FF8C,000003B4,00000012,FF110002,002B002A,3CAA01CE,2BFDCC8F,E007F816,00000020,00001508
5385,50914500,0000FF80,000003BC,0000000C,FF0C0002,002B002B,3CA80187,2801CC8F,E007F816,00000020,00001509
5386,53446900,0000FF81,000003AF,00000003,FF0A0002,002B002B,3CA8018F,2801CC8F,E007F816,00000020,0000150A
5387,50257800,0000FF73,000003B4,0000000D,FF080002,002B002B,3CA801A7,2BFDCC8F,E007F816,00000020,0000150B
5388,49650000,0000FF6D,000003B8,00000013,FF030002,002B002B,3CA70189,2801CC8F,E007F816,00000020,0000150C
5389,50301400,0000FF87,000003B7,00000008,FEFF0002,002B002B,3CA801AB,2801CC8F,E007F816,00000020,0000150D
5390,51857000,0000FFB4,000003B2,00000004,FEFE0002,002B002B,3CA781C0,2801CC8F,E007F816,00000020,0000150E
5391,117755600,0000FFE7,000003B2,0000000E,FEFB0003,002B002B,3CA781BA,2BFDCC8F,E007F816,00000020,0000150F
5392,13695600,00000029,000003BD,00000012,FEF60003,002B002B,3CA7819A,2801CC8F,E007F816,00000020,00001510
5393,51060100,00000065,000003B1,00000005,FEF40003,002B002B,3CA881FD,2801CC8F,E007F816,00000020,00001511
5394,49317700,0000008C,000003B6,00000007,FEF30003,002B002B,3CA88192,2BFDCC8F,E007F816,00000020,00001512
5395,51260700,0000006C,000003B2,00000010,FEEF0003,002B002B,3CAA01C5,2BFDCC8F,E007F816,00000020,00001513
5396,48937900,0000001D,000003BE,0000000F,FEEA0003,002B002B,3CA901B7,2801CC8F,E007F816,00000020,00001514
5397,51844200,0000FFDC,000003AE,00000005,FEE80003,002B002B,3CA90196,2801CC8F,E007F816,00000020,00001515
5398,50181700,0000FFAC,000003B6,0000000B,FEE60003,002B002B,3CA901E0,2BFDCC8F,E007F816,00000020,00001516
5399,49879200,0000FF88,000003B4,00000012,FEE10003,002B002B,3CA88194,2801CC8F,E007F816,00000020,00001517
5400,49700800,0000FF81,000003BB,0000000B,FEDD0003,002B002B,3CAB0246,2801C0D6,E007F816,00000020,00001518
5401,51131100,0000FF7F,000003AF,00000003,FEDB0003,002B002B,3CA8819F,2801C0D6,E007F816,00000020,00001519
5402,51230900,0000FF73,000003B3,0000000D,FED80003,002B002B,3CA901BD,2BFDC0D6,E007F816,00000020,0000151A
5403,50175500,0000FF6B,000003B9,00000013,FED30003,002B002B,3CA8018E,2801C0D6,E007F816,00000020,0000151B
5404,50789900,0000FF72,000003B5,00000008,FED00003,002B002B,3CA8019B,2801C0D6,E007F816,00000020,0000151C
5405,50887500,0000FF8B,000003B3,00000005,FECE0003,002B002B,3CA881CD,2801C0D6,E007F816,00000020,0000151D
5406,51527700,0000FFA7,000003B1,0000000F,FECB0003,002B002B,3CA881CA,2BFDC0D6,E007F816,00000020,0000151E
5407,49962300,0000FFE5,000003BD,00000011,FEC60003,002B002B,3CA881B6,2801C0D6,E007F816,00000020,0000151F
5408,50319500,00000033,000003B0,00000005,FEC40003,002B002B,3CA881AC,2801C0D6,E007F816,00000020,00001520
5409,51603100,00000065,000003B5,00000007,FEC30003,002B002B,3CA881A7,2BFDC0D6,E007F816,00000020,00001521
5410,50563700,00000080,000003B2,00000010,FEBF0003,002B002B,3CA901A1,2BFDC0D6,E007F816,00000020,00001522
5411,51634400,0000006D,000003BE,0000000D,FEBA0003,002B002B,3CA90194,2801C0D6,E007F816,00000020,00001523
5412,49287700,00000027,000003AD,00000004,FEB80003,002B002B,3CAA01A5,2801C0D6,E007F816,00000020,00001524
5413,49543900,0000FFD5,000003B5,0000000C,FEB60003,002B002B,3CA9018C,2BFDC0D6,E007F816,00000020,00001525
5414,51693000,0000FFA3,000003B4,00000013,FEB20003,002B002B,3CAA01CF,2801C0D6,E007F816,00000020,00001526
5415,49551300,0000FF8F,000003B9,0000000B,FEAD0003,002B002B,3CA90187,2801C0D6,E007F816,00000020,00001527
5416,49142300,0000FF88,000003AF,00000003,FEAC0003,002B002B,3CAA81C9,2801C0D6,E007F816,00000020,00001528
5417,51909300,0000FF78,000003BB,00000007,FEAA0003,002B002B,3CA9019C,2801C0D6,E007F816,00000020,00001529
5418,50478100,0000FF70,000003C5,00000009,FEA80003,002B002B,3CA88198,2801C0D6,E007F816,00000020,0000152A
5419,51515800,0000FF74,000003C5,00000003,FEA60003,002B002B,3CAA01F6,2801C0D6,E007F816,00000020,0000152B
5420,50480200,0000FF71,000003C7,00000000,FEA60003,002B002B,3CA80191,2801C0D6,E007F816,00000020,0000152C
5421,50150800,0000FF70,000003D1,0000FFFF,FEA60003,002B002B,3CA881B0,2801C0D6,E007F816,00000020,0000152D
5422,50960600,FFFFFF70,000003D6,0000FFFF,FEA60003,002B002B,3CA881C9,2801C0D6,E007F816,00000020,0000152E
5423,49180300,0000FF83,000003D7,0000FFFF,FEA70003,002B002B,3CA901DC,2801C0D6,E007F816,00000020,0000152F
5424,111788100,0000FFAD,000003D7,0000FFFF,FEA70003,002B002B,3CA781D4,2801C0D6,E007F816,00000020,00001530
5425,15223300,0000FFE7,000003D7,0000FFFF,FEA80003,002B002C,3CA7819E,2801C0D6,E007F816,00000020,00001531
5426,49283600,0000002D,000003D6,0000FFFF,FEA80003,002B002C,3CA901E7,2801C0D6,E007F816,00000020,00001532
5427,50707100,00000063,000003D5,0000FFFF,FEA80003,002B002C,3CA88193,2801C0D6,E007F816,00000020,00001533
5428,50140700,00000085,000003D5,0000FFFF,FEA90003,002B002C,3CA9019A,2801C0D6,E007F816,00000020,00001534
5429,51402200,0000006F,000003D4,0000FFFF,FEA90003,002B002C,3CA90193,2801C0D6,E007F816,00000020,00001535
5430,48802400,00000022,000003D4,00000000,FEA90003,002B002C,3CA981A6,2801B3C3,E007F816,00000020,00001536
5431,50067400,0000FFD4,000003D4,00000000,FEA90003,002B002C,3CA98190,2801B3C3,E007F816,00000020,00001537
5432,50088900,0000FFAA,000003D4,00000001,FEA90003,002B002C,3CAA81BF,2801B3C3,E007F816,00000020,00001538
5433,49824900,0000FF90,000003D3,00000001,FEA80003,002B002C,3CAA81B8,2801B3C3,E007F816,00000020,00001539
5434,50561000,FFFFFF80,000003D3,00000001,FEA80003,002B002C,3CAA01B5,2801B3C3,E007F816,00000020,0000153A
5435,50562600,0000FF78,000003D3,00000000,FEA80003,002B002C,3CAA01C2,2801B3C3,E007F816,00000020,0000153B
5436,51101500,0000FF74,000003D3,00000000,FEA80003,002B002C,3CA9019D,2801B3C3,E007F816,00000020,0000153C
5437,50793800,0000FF70,000003D3,00000000,FEA80003,002B002C,3CA881A6,2801B3C3,E007F816,00000020,0000153D
5438,51020200,0000FF6F,000003D3,00000000,FEA80003,002B002C,3CA981C5,2801B3C3,E007F816,00000020,0000153E
5439,49909600,0000FF6E,000003D3,00000000,FEA80003,002B002C,3CA901D5,2801B3C3,E007F816,00000020,0000153F
5440,51413900,0000FF72,000003D3,00000000,FEA80003,002B002C,3CA981E7,2801B3C3,E007F816,00000020,00001540
5441,49872200,FFFFFF81,000003D3,00000000,FEA80003,002B002C,3CA801AA,2801B3C3,E007F816,00000020,00001541
5442,49101000,0000FFAC,000003D3,00000000,FEA80003,002B002C,3CA881BD,2801B3C3,E007F816,00000020,00001542
5443,52216700,0000FFE9,000003D3,0000FFFF,FEA80003,002B002C,3CA901D2,2801B3C3,E007F816,00000020,00001543
5444,50062200,0000002C,000003D3,0000FFFF,FEA80003,002B002C,3CA80199,2801B3C3,E007F816,00000020,00001544
5445,49786500,000A005F,000003D3,0008FFFF,FEA80003,002B002D,3CA901D1,2801B3C3,E007F816,00000020,00001545
5446,51907400,00070055,000003D3,0006FFFF,FEA90003,002B002F,3CAA01D0,2801B3C3,E007F816,00000020,00001546
5447,50199900,00020011,000003D9,0005FFF9,FEA90003,FF2B0031,3CA881AF,2801B3C3,E007F816,00000020,00001547
5448,49942700,0004FFD0,000003E4,0004FFF4,FEAC0003,FF2B0032,3CAA01E8,2801B3C3,E007F816,00000020,00001548
5449,50228400,0005FFA5,000003E4,0003FFF9,FEAF0003,FF2B0033,3CA901A2,2801B3C3,E007F816,00000020,00001549
5450,50255400,0011FF88,000003ED,0009FFFE,FEB00002,FF2B0035,3CA9820A,2801B3C3,E007F816,00000020,0000154A
5451,51917200,0018FF81,000003EB,000FFFF4,FEB20002,FF2B0039,3CA981FB,2801B3C3,E007F816,00000020,0000154B
5452,50888700,001AFF80,000003F9,0013FFEA,FEB80002,FF2B003E,3CA80184,2801B3C3,E007F816,00000020,0000154C
5453,50245300,001EFF76,000003F4,0016FFF1,FEBD0001,FF2B0044,3CA78186,2801B3C3,E007F816,00000020,0000154D
5454,50782900,0019FF6A,00000406,0011FFFB,FEC00001,FF2B0049,3CA78190,2801B3C3,E007F816,00000020,0000154E
5455,49921600,0017FF84,000003F5,000DFFF4,FEC20001,FF2B004D,3CA7019F,2801B3C3,E007F816,00000020,0000154F
5456,50851900,0019FFB7,000003FC,0009FFEA,FEC70001,FF2B0050,3CA70182,2801B3C3,E007F816,00000020,00001550
5457,52000200,001AFFEC,000003F1,0006FFF0,FECD0000,FF2B0052,3CA70185,2801B3C3,E007F816,00000020,00001551
5458,50709500,00180025,00000403,0003FFFB,FECF0000,FF2B0054,3CA78192,2801B3C3,E007F816,00000020,00001552
5459,50509700,00160062,000003F2,0001FFF5,FED10000,FF2B0054,3CA901DC,2801B3C3,E007F816,00000020,00001553
5460,51127400,0012008E,000003F9,0000FFEA,FED60000,FF2B0054,3CA90196,2801A5DB,E007F816,00000020,00001554
5461,50047200,000F0075,000003EF,FFFFFFF0,FEDC0000,FF2B0054,3CA90186,2BFDA5DB,E007F816,00000020,00001555
5462,50416100,000D0018,00000403,FFFFFFFC,FEDF0000,FF2B0054,3CA90181,2801A5DB,E007F816,00000020,00001556
5463,49908300,000AFFD3,000003F2,FFFEFFF7,FEE00000,FF2B0053,3CA98187,2801A5DB,E007F816,00000020,00001557
5464,50394000,0007FFB2,000003FA,FFFEFFEC,FEE50000,FF2B0053,3CA9818C,2801A5DB,E007F816,00000020,00001558
5465,50398600,0006FF94,000003EF,FFFEFFF1,FEEB0001,FF2B0052,3CA981D0,2801A5DB,E007F816,00000020,00001559
5466,49720200,0004FF60,00000403,FFFEFFFC,FEED0001,FF2B0052,3CAA01B8,2801A5DB,E007F816,00000020,0000155A
5467,50074300,0002FF31,000003F2,FFFEFFF7,FEEE0001,002B0051,3CA981BF,2801A5DB,E007F816,00000020,0000155B
5468,50093300,0001FF5F,000003FA,FFFFFFEC,FEF20001,002B0051,3CA801AF,2801A5DB,E007F816,00000020,0000155C
5469,50195000,000BFF0A,000003EE,0006FFF0,FEF80001,002B0052,3CA7818F,2801A5DB,E007F816,00000020,0000155D
5470,51088300,0011FEF7,00000403,000CFFFC,FEFA0000,002B0055,3CA781B9,2801A5DB,E007F816,00000020,0000155E
5471,50235100,0014FEF7,000003F1,0012FFF8,FEFB0000,002A0059,3CA681F0,2801A5DB,E007E816,00000020,0000155F
5472,50621600,0018FEEB,000003FA,0015FFED,FF000000,FF2A005F,3CA681C1,2801A5DB,E007E816,00000020,00001560
5473,51748400,001DFE82,000003ED,0018FFEF,FF06FFFF,FF2A0066,3CA40190,2801A5DB,E0078016,00000020,00001561
5474,49602300,0019FE65,00000401,0013FFFB,FF08FFFF,FF2A006C,3CA3019D,2801A5DB,E0078016,00000020,00001562
5475,50451800,0017FE6A,000003F0,000EFFFB,FF09FFFF,FF290070,3CA281C3,2801A5DB,E007C016,00000020,00001563
5476,49980100,001BFE73,000003F8,000AFFEF,FF0DFFFF,FF290073,3CA281E6,2801A5DB,E0075816,00000020,00001564
5477,50584300,0025FE75,000003EB,000EFFEB,FF13FFFF,FF290077,3CA001BA,2801A5DB,E0075816,00000020,00001565
5478,50751000,002BFE67,000003FD,0011FFF9,FF16FFFE,FF28007C,3C9E8182,2801A5DB,E0070016,00000020,00001566
5479,49161800,002BFE6A,000003F2,0014FFFF,FF17FFFE,FF280081,3C9D8183,2801A5DB,E0070016,00000020,00001567
5480,49945200,0023FE74,000003F4,000FFFF1,FF1AFFFE,FF280086,3C9C819E,2801A5DB,E006B816,00000020,00001568
5481,51957500,001EFE79,000003EE,000AFFEB,FF1FFFFE,FF280089,3C9C81D8,2801A5DB,E006E016,00000020,00001569
5482,50157700,001EFE72,000003F2,0007FFF6,FF24FFFE,FF27008B,3C9A8188,2801A5DB,E006E016,00000020,0000156A
5483,51056500,0027FE6B,000003F9,000BFFFE,FF25FFFE,FF27008E,3C990182,2801A5DB,E0069816,00000020,0000156B
5484,50083700,002BFE74,000003EC,000FFFF6,FF27FFFE,FF270092,3C988193,2801A5DB,E0069816,00000020,0000156C
5485,49653900,002BFE7D,000003F4,0013FFED,FF2BFFFD,FF270097,3C970195,2801A5DB,E0065016,00000020,0000156D
5486,52122700,0021FE78,000003E8,000EFFF0,FF31FFFD,FF26009C,3C9601B0,2801A5DB,E0067816,00000020,0000156E
5487,50815300,001BFE72,000003FC,0009FFFB,FF33FFFD,FF26009F,3C95018D,2801A5DB,E0063016,00000020,0000156F
5488,50009500,001BFE75,FFFF03EB,0006FFFE,FF34FFFD,FF2600A1,3C9481AB,2801A5DB,E0063016,00000020,00001570
5489,52683300,0019FE7E,000003F1,0004FFF1,FF37FFFD,FF2500A2,3C9481FA,2801A5DB,E0063016,00000020,00001571
5490,47758100,0017FE80,000003EB,0002FFEC,FF3CFFFD,FF2500A3,3C9281B6,28019718,E005F816,00000020,00001572
5491,50068200,001EFE5F,000003ED,0008FFF6,FF41FFFD,FF2500A4,3C9201CD,28019718,E005F816,00000020,00001573
5492,51200600,0023FE1E,000003F8,000DFFFE,FF42FFFD,FF2400A8,3C8F0180,28019718,E005D816,00000020,00001574
5493,52182600,0022FE5B,000003E7,0011FFFA,FF43FFFD,FF2400AC,3C8E018E,28019718,E005D816,00000020,00001575
5494,51347500,0023FE2D,000003F2,0015FFF0,FF47FFFD,FF2400B1,3C8D019D,28019718,E005D816,00000020,00001576
5495,49842300,001BFE7E,000003E5,000FFFEB,FF4CFFFD,FF2400B6,3C8C81C5,28019718,E005A816,00000020,00001577
5496,49548700,0017FE7D,000003F2,000BFFF8,FF50FFFD,FF2300BA,3C8A818E,28019718,E005A816,00000020,00001578
5497,49278600,0018FE7D,000003F1,0007FFFE,FF51FFFD,FF2300BC,3C8981A6,28019718,E0058816,00000020,00001579
5498,50207900,0016FE81,FFFF03E6,0005FFF8,FF52FFFD,FF2300BE,3C88819B,28019718,E0058816,00000020,0000157A
5499,50406600,0015FE8C,000003F0,0003FFEF,FF56FFFD,FF2200BF,3C87818C,28019718,E0058816,00000020,0000157B
5500,51406800,0012FE89,000003E3,0001FFEC,FF5BFFFD,FF2200BF,3C8701A7,28019718,E0055816,00000020,0000157C
5501,50177500,000FFE83,000003F1,0000FFF9,FF5FFFFD,FF2200C0,3C8601C1,28019718,E0055816,00000020,0000157D
5502,50492900,000DFE82,000003EF,FFFFFFFF,FF60FFFD,FF2200BF,3C848197,28019718,E0055816,00000020,0000157E
5503,50847400,000AFE87,FFFF03E3,FFFFFFF9,FF60FFFD,FF2100BF,3C83819D,28019718,E0054016,00000020,0000157F
5504,50785200,0008FE8F,000003EE,FFFFFFF1,FF64FFFD,FF2100BF,3C820192,28019718,E0054016,00000020,00001580
5505,51075900,0006FE8E,000003E3,FFFFFFED,FF69FFFD,FF2100BE,3C8201CA,28019718,E0051816,00000020,00001581
5506,53057500,0004FE8B,000003EA,FFFFFFF7,FF6DFFFD,FF2100BE,3C80019B,28019718,E0051816,00000020,00001582
5507,48420500,0003FE86,000003F2,FFFFFFFE,FF6EFFFE,FF2000BE,3C7F81CB,28019718,E0051816,00000020,00001583
5508,49954000,0002FE8A,FFFF03E1,FFFFFFFE,FF6EFFFE,002000BE,3C7F01B7,28019718,E004F816,00000020,00001584
5509,49976100,0001FE94,000003EC,FFFFFFF3,FF71FFFE,002000BD,3C7D01AC,28019718,E004F816,00000020,00001585
5510,52796900,0001FE94,000003E6,FFFFFFEE,FF76FFFE,001F00BD,3C7C0193,28019718,E004F816,00000020,00001586
5511,51212600,0000FE92,000003E1,FFFFFFF3,FF7AFFFE,001F00BD,3C7B018B,28019718,E004D016,00000020,00001587
5512,49502600,0000FE89,000003F4,0000FFFC,FF7CFFFE,001F00BD,3C7A81BB,28019718,E004D016,00000020,00001588
5513,50572700,0000FE90,000003E5,00000000,FF7DFFFE,001F00BD,3C788187,28019718,E0FCD016,00000020,00001589
5514,50341600,FFF2FE93,FFFF03E2,FFF6FFF8,FF7EFFFE,FF1E00BB,3C780196,28019718,E0FCB816,00000020,0000158A
5515,51260800,FFE4FE9C,FFFF03EB,FFEBFFF1,FF81FFFE,FF1E00B6,3C7701A9,28019718,E0FCB816,00000020,0000158B
5516,50832600,FFD9FE97,FFFF03E0,FFDFFFEE,FF86FFFF,FF1E00AE,3C7701E7,28019718,D0FCB816,00000020,0000158C
5517,51839800,FFCDFE94,FFFF03E6,FFD4FFF7,FF8AFFFF,FF1E00A3,3C7581B7,28019718,D0FC9816,00000020,0000158D
5518,49717900,FFBEFE8E,FFFF03F0,FFC8FFFE,FF8B0000,001D0094,3C738196,28019718,D0FC9816,00000020,0000158E
5519,49558500,FFABFE96,FFFF03E0,FFBB0001,FF8B0000,001D0081,3C7301A6,28019718,D0FC9816,00000020,0000158F
5520,50800000,FF94FE9E,FFFF03F9,FFABFFE4,FF900001,001D006B,3C718187,2801876B,D0FC7816,00000020,00001590
5521,49493500,FF85FE9C,000003E1,FF9EFFE6,FF950001,001D0050,3C708195,2801876B,D0FC7816,00000020,00001591
5522,51073100,FF65FEA5,FFFF0400,FF8FFFD4,FFA00002,001C0032,3C6F81A9,2801876B,D0FC7816,00000020,00001592
5523,52790700,FF4FFE97,FFFF041A,FF82FFE5,FFAA0003,001C000F,3C6E8217,2801876B,D0FC7816,00000020,00001593
5524,158994000,FF3AFE98,000003FD,FF73FFDF,FFB40003,001CFFE8,3C6D018B,2801876B,D0FC7816,00000020,00001594
5525,14369400,FF1DFE95,FFFE040F,FF66FFF1,FFBA0004,001BFFBD,3C6D81DC,2801876B,D0FC7816,00000020,00001595
5526,50084800,FF08FE91,FFFE0402,FF59FFF9,FFBD0005,001BFF8F,3C6B81B5,2801876B,D0FC7816,00000020,00001596
5527,51958300,FEF4FE98,FFFE03EC,FF4BFFFC,FFBF0007,001BFF5C,3C6B01BB,2801876B,D0FC7016,00000020,00001597
5528,51829400,FEDDFE9B,FFFD03E1,FF3DFFFD,FFC00008,001BFF26,3C6981C1,2801876B,D0FC4816,00000020,00001598
5529,46914100,FEC6FE9A,FFFD03DB,FF2FFFFD,FFC10009,001AFEEB,3C680188,2801876B,D0FC2816,00000020,00001599
5530,50730600,FEB0FE9C,FFFD03D9,FF21FFFD,FFC2000B,001AFEAD,3C6781E2,2801876B,D0FC0816,00000020,0000159A
5531,152490900,FE9EFE9B,000903D7,FF160000,FFC2000B,001AFE6B,3C6601AA,2801876B,D0FBF016,00000020,0000159B
5532,16147100,FE8DFE96,000203C4,FF0C000C,FFC0000A,0019FE26,3C650198,2BFD876B,D0F3D816,00000020,0000159C
5533,49566500,FE72FE97,FFFF03C0,FF010013,FFBC000B,0019FDDE,3C640199,2801876B,D0F3C816,00000020,0000159D
5534,52578900,FE61FE99,FFFE03C9,FEF50017,FFB6000D,0019FD93,3C630194,2801876B,D0F3B016,00000020,0000159E
5535,50698800,FE56FE9C,000303C3,FEE8000E,FFB0000D,0019FD44,3C618195,2801876B,D0F3A816,00000020,0000159F
5536,50463200,FE44FEA3,000003B3,FEDC0005,FFAE000E,0018FCF1,3C608192,2801876B,D0F39816,00000020,000015A0
5537,48564400,FE31FE9E,FFFF03C1,FED20001,FFAE000F,0018FC9C,3C5F8181,2801876B,D0F38816,00000020,000015A1
5538,50616200,FE21FE9E,FFFF03CD,FECAFFFF,FFAE0011,0018FC44,3C5F01BD,2801876B,D0F38016,00000020,000015A2
5539,138008200,FE14FE9C,FFFF03D3,FEC2FFFF,FFAE0012,0018FBE9,3C5E81ED,1C01876B,D0FB7816,00000020,000015A3
5540,13754200,FE28FEA3,000003D5,FED0FFFF,FFAF0013,0017FB91,3C5C81B1,2801876B,D0F37016,00000020,000015A4
5541,52459300,FE14FE9F,FFFF03D6,FEC5FFFF,FFB00015,0017FB38,3C5B81BD,1C01876B,D0F36816,00000020,000015A5
5542,49541100,FE1CFEA3,000003D7,FED00000,FFB00016,0017FADF,3C5A81BA,2801876B,D0F36016,00000020,000015A6
5543,50901600,FE0DFEA1,FFFF03D6,FEC20000,FFB00017,0016FA86,3C5981E2,1C01876B,D0F35816,00000020,000015A7
5544,52909800,FE1DFE3F,000003D6,FECC0001,FFB10019,0016FA2C,3C578191,2801876B,D0F35816,00000020,000015A8
5545,49858200,FE13FE05,000003D5,FEBD0001,FFB1001A,0016F9D1,3C5681A7,1C01876B,E0F35016,00000020,000015A9
5546,48959800,FE1EFE34,000F03D8,FEC6FFFC,FFB20019,0015F976,3C5501BA,2801876B,E0F34816,00000020,000015AA
5547,49523100,FE12FE51,001503E1,FEB6FFF8,FFB40015,0015F919,3C5381B2,1C01876B,E0F34816,00000020,000015AB
5548,50620300,FE13FE5C,000803E4,FEBFFFF0,FFB80013,0015F8BC,3C52018F,1C01876B,E0F34816,00000020,000015AC
5549,118564000,FE2CFEA2,000303E4,FEC6FFEC,FFBD0013,0014F861,3C5181B0,2801876B,D0F34816,00000020,000015AD
5550,12492600,FE13FEFA,000903E2,FEB4FFED,FFC40012,0014F804,3C500199,1C017494,D0F34816,00000020,000015AE
5551,49941200,FE2DFEFC,000E03E9,FEC0FFF1,FFC80010,0014F7A7,3C4F8187,28017494,D0F34816,00000020,000015AF
5552,51328400,FE27FF05,000803E7,FEB3FFF6,FFCC000D,FF14F749,3C4F01AA,28017494,D0F35016,00000020,000015B0
5553,50212300,FE1BFEFF,000403EA,FEABFFFA,FFCF000D,FF14F6E8,3C4E01A8,28017494,D0F35816,00000010,000015B1
5554,52729300,FE2CFF07,000303E2,FEA9FFFB,FFD1000C,FF13F686,3C4D018B,28017494,D0F36016,00000010,000015B2
5555,51407000,FE3BFF09,000E03E2,FEA6FFF8,FFD3000A,FF13F624,3C4C81A7,28017494,D0F36816,00000010,000015B3
5556,50368600,FE3FFF12,000703E3,FEAFFFF5,FFD50008,FF13F5C2,3C4B819D,28017494,D0F37816,00000020,000015B4
5557,49777600,FE4BFF12,FFFA03E0,FEAFFFF6,FFD90008,FF13F561,3C4A81C6,28017494,D0F38816,00000020,000015B5
5558,50575800,FE5BFF11,FFF703D7,FEBFFFF7,FFDC000B,FF13F504,3C4981A4,28017494,D0F39816,00000020,000015B6
5559,50828000,FE7DFF16,000A03D5,FEC4FFFC,FFDD000C,FF12F4A9,3C4901AD,28017494,D0F3B016,00000020,000015B7
5560,52437900,FE88FF19,001303DF,FED3FFFE,FFDE0008,FF12F451,3C4901D0,28017494,D0F3C016,00000020,000015B8
5561,48771200,FE8BFF3D,000603E2,FEDEFFFF,FFDF0005,FF12F3FD,3C480196,28017494,D0FBD816,00000020,000015B9
5562,51471300,FE95FF90,FFFC03DE,FEE5FFFC,FFE00006,FF12F3AB,3C4881F6,28017494,D0FBE816,00000020,000015BA
5563,50097100,FEB1FF88,FFFB03D7,FEF3FFFB,FFE10007,FF12F35C,3C4801BB,28017494,D0FC0016,00000020,000015BB
5564,51808800,FEC2FF96,000403D3,FEFCFFFA,FFE30008,FF12F311,3C48022C,28017494,D0FC2016,00000020,000015BC
5565,49322000,FED0FF88,000703D6,FF0CFFFB,FFE40006,FF12F2C9,3C4701AE,28017494,D0FC4016,00000020,000015BD
5566,49098200,FEDAFF9D,FFFF03D9,FF17FFFF,FFE50005,FF12F285,3C46818F,28017494,D0FC6016,00000020,000015BE
5567,139872500,FEE2FF9D,FFFB03D7,FF250002,FFE50007,FF12F245,3C4681A2,28017494,D0FC7816,00000020,000015BF
5568,14303900,FEF6FFDD,000003D6,FF2C0001,FFE40008,FF12F208,3C4681CE,28017494,D0FC7816,00000020,000015C0
5569,50818100,FF06000D,000403D8,FF360000,FFE40008,FF12F1CD,3C460191,28017494,D0FC7816,00000020,000015C1
5570,51951300,FF0C0054,000603D4,FF3E0000,FFE40006,FF12F194,3C46818E,28017494,D0FC7816,00000020,000015C2
5571,48270700,FF15007C,FFFF03D6,FF47FFFD,FFE50005,FF12F15E,3C47019E,28017494,D0FC7816,00000020,000015C3
5572,50824100,FF1D00AD,FFFF03D3,FF4DFFF8,FFE60006,FF12F12A,3C478197,28017494,D0FC7816,00000020,000015C4
5573,49212800,FF2800BD,000103E9,FF54FFEF,FFEB0007,FF12F0F8,3C478183,28017494,D0FC7816,00000020,000015C5
5574,50979300,FF2F00E0,000303EB,FF58FFEC,FFF00006,FF12F0C8,3C4801A6,28017494,D0FC7816,00000020,000015C6
5575,51221300,FF3500DE,000403DD,FF5EFFEB,FFF60005,FF13F099,3C49019A,28017494,D0FC7816,00000020,000015C7
5576,50687700,FF3600F7,000103DC,FF63FFEC,FFFC0004,FF13F06B,3C4A01B1,2BFD7494,D0FC7816,00000020,000015C8
5577,50918100,FF4000F5,000203DE,FF67FFF4,00010004,FF13F03F,3C4A818A,2BFD7494,D0FC7816,00000020,000015C9
5578,51269500,FF3C0101,000003F1,FF69FFFD,00030004,FF13F013,3C4B81A1,2BFD7494,D0FC7816,00000020,000015CA
5579,50020200,FF410100,000003E5,FF690001,00030004,FF13EFE8,3C4C0194,2BFD7494,D0FC7816,00000020,000015CB
5580,50471100,FF420112,000003DA,FF690002,00030004,FF14EFBD,3C4D01A6,280162D7,D0FC7816,00000020,000015CC
5581,49819200,FF430104,000003D5,FF690002,00020004,FF14EF92,3C4E01EE,280162D7,D0FC7816,00000020,000015CD
5582,51611700,FF4100D4,000003D3,FF680002,00010004,FF14EF66,3C4E81E2,280162D7,D0FC7816,00000020,000015CE
5583,50412300,FF40005E,000003D3,FF670002,00010004,FF14EF3A,3C4E81AD,280162D7,D0FC7816,00000020,000015CF
5584,49854500,FF3A0006,000003D3,FF650002,00000004,FF14EF0E,3C4F01C3,280162D7,D0FC7816,00000020,000015D0
5585,50759200,FF3CFFCC,000003D3,FF640002,FFFF0004,FF14EEE1,3C4F01D0,280162D7,D0FC7816,00000020,000015D1
5586,51888700,FF39FFB6,000003D3,FF620002,FFFF0004,FF14EEB4,3C4E81A4,280162D7,D0FC7816,00000020,000015D2
5587,51826500,FF34FF9C,000003D4,FF600001,FFFF0004,FF14EE87,3C4E0186,280162D7,D0FC7816,00000020,000015D3
5588,50126100,FF2EFF99,000003D4,FF5C0001,FFFE0004,FF14EE58,3C4E01A0,280162D7,D0FC7816,00000020,000015D4
5589,49960300,FF2CFF8C,000003D4,FF5A0001,FFFE0004,FF13EE29,3C4D81A6,280162D7,D0FC7816,00000020,000015D5
5590,51490400,FF2AFF94,000003D4,FF560000,FFFE0004,FF13EDF9,3C4D019B,280162D7,D0FC7816,00000020,000015D6
5591,50024000,FF28FF88,000003D5,FF550000,FFFE0004,FF13EDC8,3C4D01B0,280162D7,D0FC7816,00000020,000015D7
5592,51414000,FF22FF92,000003D5,FF510000,FFFE0004,FF13ED96,3C4C8195,280162D7,D0FC7816,00000020,000015D8
5593,50671100,FF20FF9F,000003D5,FF4F0000,FFFE0004,FF13ED64,3C4B81CF,280162D7,D0FC7816,00000020,000015D9
5594,49672500,FF1AFFD5,000003D5,FF490000,FFFE0004,FF13ED30,3C4C01A3,280162D7,D0FC7816,00000020,000015DA
5595,51290400,FF18000A,000003D5,FF460000,FFFE0004,FF13ECFB,3C4C01BE,280162D7,D0FC7816,00000020,000015DB
5596,49598400,FF110054,000003D5,FF43FFFF,FFFE0005,FF13ECC5,3C4C81BA,280162D7,D0FC9016,00000020,000015DC
5597,50493800,FF120082,000003D5,FF40FFFF,FFFF0005,FF13EC8E,3C4C8197,280162D7,D0FC9016,00000020,000015DD
5598,51291200,FF0A00B2,000003D5,FF3CFFFF,FFFF0005,FF14EC57,3C4D0198,280162D7,D0FC9016,00000020,000015DE
5599,50703900,FF0700C7,000003D5,FF38FFFF,FFFF0005,FF14EC1E,3C4D8195,280162D7,D0FC9016,00000020,000015DF
5600,50786000,FF0000E4,000003D5,FF35FFFF,FFFF0005,FF14EBE4,3C4E81A6,280162D7,D0FC8816,00000020,000015E0
5601,50432100,FF0000E6,000003D5,FF320000,FFFF0005,FF14EBA9,3C4F0194,280162D7,D0FC8816,00000020,000015E1
5602,50977400,FEFC00BE,000003D5,FF310000,00000005,FF14EB6E,3C4F81AA,280162D7,D0FC8016,00000020,000015E2
5603,50384200,FEF7004E,000003D5,FF2F0001,FFFF0005,FF14EB32,3C500196,280162D7,D0FC7816,00000020,000015E3
5604,50464500,FEF0FFFB,000003D5,FF2D0001,FFFF0005,FF14EAF6,3C500198,280162D7,D0FC7016,00000020,000015E4
5605,51375000,FEF5FFC8,000003D5,FF2D0001,FFFF0005,FF14EABA,3C4F8190,280162D7,D0FC7016,00000020,000015E5
5606,50407100,FEF0FFB0,000003D5,FF2C0001,FFFF0005,FF14EA7D,3C4F8194,280162D7,D0FC7016,00000020,000015E6
5607,50590700,FEEBFF97,000003D5,FF2C0001,FFFE0005,FF14EA40,3C4F81C1,280162D7,D0FC6816,00000020,000015E7
5608,49868000,FEE8FF95,000003D5,FF290001,FFFE0006,FF14EA03,3C4F019D,280162D7,D0FC6016,00000020,000015E8
5609,50087600,FEEAFF8A,000103D4,FF290001,FFFE0005,FF14E9C5,3C4E819D,280162D7,D0FC5816,00000020,000015E9
5610,50366400,FEE3FF8D,000103D4,FF260001,FFFE0005,FF14E987,3C4E01A5,2801512A,D0FC5816,00000020,000015EA
5611,50486400,FEE7FF85,000103D4,FF270001,FFFE0005,FF14E949,3C4D818A,2801512A,D0FC5816,00000020,000015EB
5612,51007100,FEE3FF8C,000103D5,FF250001,FFFD0005,FF13E90A,3C4E01DC,2801512A,D0FC5816,00000020,000015EC
5613,50163200,FEE6FF84,000103D4,FF250001,FFFD0004,FF13E8CB,3C4C818F,2801512A,D0FC5016,00000020,000015ED
5614,48630800,FEE5FF8E,000003D3,FF220001,FFFD0004,FF13E88C,3C4D01B6,2801512A,D0FC4816,00000020,000015EE
5615,50291100,FEE0FF81,000103D4,FF230001,FFFD0004,FF13E84C,3C4C81C1,2801512A,D0FC4816,00000020,000015EF
5616,50336500,FEE4FF8E,000103D4,FF210001,FFFD0004,FF13E80D,3C4B81AF,2801512A,D0FC4816,00000020,000015F0
5617,50697300,FEE8FF85,000003D4,FF230001,FFFC0004,FF13E7CD,3C4B81F7,2801512A,D0FC5016,00000020,000015F1
5618,48429800,FEE7FF90,000003D4,FF210000,FFFC0004,FF13E78E,3C4B019E,2801512A,D0FC4816,00000020,000015F2
5619,50737700,FEE9FF85,000003D4,FF230000,FFFC0004,FF13E74E,3C4A819A,2801512A,D0FC4816,00000020,000015F3
5620,50950800,FEE7FF90,000003D5,FF210000,FFFC0004,FF13E70F,3C4A8195,2801512A,D0FC4816,00000020,000015F4
5621,50496800,FEEEFF87,000003D5,FF240000,FFFC0004,FF13E6CF,3C4A01A2,2801512A,D0FC4816,00000020,000015F5
5622,50097900,FEE9FF93,000003D5,FF220000,FFFC0004,FF13E690,3C498190,2801512A,D0FC5016,00000020,000015F6
5623,50328000,FEF3FFA0,000003D5,FF260000,FFFC0004,FF12E651,3C498196,2801512A,D0FC5816,00000020,000015F7
5624,53040200,FEEDFFD6,000003D5,FF250000,FFFD0004,FF12E612,3C490184,2801512A,D0FC5816,00000020,000015F8
5625,48884600,FEF3000A,000003D5,FF260000,FFFD0004,FF12E5D4,3C49018B,2801512A,D0FC5816,00000020,000015F9
5626,50969600,FEEF0054,000003D5,FF24FFFF,FFFD0004,FF13E595,3C490193,2801512A,D0FC5816,00000020,000015FA
5627,50554300,FEF2007C,000003D5,FF25FFFF,FFFD0004,FF13E556,3C4A81E3,2801512A,D0FC6016,00000020,000015FB
5628,50191700,FEF300AD,000003D5,FF26FFFF,FFFD0004,FF13E518,3C4A81A7,2801512A,D0FC6816,00000020,000015FC
5629,49786300,FEF600C0,000003D5,FF27FFFF,FFFE0004,FF13E4D9,3C4B0197,2801512A,D0FC7016,00000020,000015FD
5630,50695800,FEEE00DE,000003D5,FF27FFFF,FFFE0004,FF13E49B,3C4C01DC,2801512A,D0FC6816,00000020,000015FE
5631,50411300,FEF500E5,000003D5,FF270000,FFFE0004,FF13E45D,3C4C81A4,2801512A,D0FC7016,00000020,000015FF
5632,50647200,FEF400F6,FFFF03D6,FF28FFFE,FFFE0005,FF13E41F,3C4D01A6,2801512A,D0FC7816,00000020,00001600
5633,50122100,FEF500B7,000003D8,FF2AFFFE,FFFF0005,FF14E3E1,3C4D818B,2801512A,D0FC8016,00000020,00001601
5634,49219800,FEF30057,000003D7,FF2BFFFE,00000005,FF14E3A4,3C4D8195,2801512A,D0FC7816,00000020,00001602
5635,51403700,FEF6FFF9,000003D6,FF2DFFFE,00000005,FF14E368,3C4F0245,2801512A,D0FC7816,00000020,00001603
5636,48842700,FEF6FFD0,FFFF03D6,FF2CFFFF,00000005,FF14E32B,3C4D8196,2801512A,D0FC7816,00000020,00001604
5637,50058400,FEF5FFAA,000003D8,FF2F0000,00010005,FF13E2EF,3C4D8199,2801512A,D0FC7816,00000020,00001605
5638,50480800,FEF7FFA3,000003D7,FF2F0001,00000005,FF13E2B3,3C4D0193,2801512A,D0FC8016,00000020,00001606
5639,51658300,FEF8FF94,000003D6,FF310001,00000005,FF13E278,3C4C81A6,2801512A,D0FC7816,00000020,00001607
5640,50180200,FEF2FFAE,000003D5,FF2F0001,00000005,FF13E23C,3C4C81AA,28013F35,D0FC7016,00000020,00001608
5641,50893200,FEF4FFCF,000003D4,FF300000,00000005,FF13E200,3C4D01F5,28013F35,D0FC7016,00000020,00001609
5642,50434500,FEF20015,000003D4,FF2E0000,00000005,FF13E1C4,3C4C819C,28013F35,D0FC7016,00000020,0000160A
5643,50342000,FEF6004F,000003D4,FF2E0000,00000005,FF13E188,3C4C81A9,28013F35,D0FC7816,00000020,0000160B
5644,50491100,FEF5008D,000003D4,FF2DFFFF,00000005,FF13E14C,3C4D81D0,28013F35,D0FC7816,00000020,0000160C
5645,50803000,FEF000A4,000003D5,FF2D0000,00000005,FF14E110,3C4D819B,28013F35,D0FC7816,00000020,0000160D
5646,50601800,FEF0008F,000003D5,FF2D0000,00010005,FF14E0D3,3C4E81C9,28013F35,D0FC7816,00000020,0000160E
5647,49473500,FEF60032,000003D5,FF2F0000,00010005,FF14E097,3C4E019F,28013F35,D0FC8016,00000020,0000160F
5648,50686500,FEF9FFF1,000003D5,FF310001,00000005,FF14E05B,3C4E019E,28013F35,D0FC9016,00000020,00001610
5649,51202000,FF01FFC2,000003D5,FF360001,00000005,FF14E021,3C4D818F,28013F35,D0FCA016,00000020,00001611
5650,51477000,FEFCFFC8,000003D5,FF380001,00000005,FF14DFE7,3C4E01BB,28013F35,D0FCA816,00000020,00001612
5651,51227900,FF02FFE0,000003D5,FF3D0000,00000005,FF14DFAF,3C4D81A0,28013F35,D0FCB816,00000020,00001613
5652,50089100,FF090022,000003D4,FF410000,00000005,FF14DF78,3C4D8195,28013F35,D0FCC816,00000020,00001614
5653,50018600,FF08005A,000003D4,FF470000,00000005,FF14DF42,3C4E0197,28013F35,D0FCF016,00000020,00001615
5654,50120600,FF150096,000003D5,FF4EFFFF,00000004,FF14DF0E,3C4E8195,28013F35,D0FD1016,00000020,00001616
5655,49684100,FF1B00B5,000003D5,FF54FFFF,00000004,FF14DEDD,3C4E81A0,28013F35,D0FD3016,00000020,00001617
5656,50705000,FF2200D9,000003D5,FF5BFFFF,00010004,0014DEAD,3C4F8193,28013F35,D0FD5016,00000020,00001618
5657,51087000,FF2B00E7,000003D5,FF62FFFF,00010004,0014DE7F,3C5081C3,28013F35,D0FD7816,00000020,00001619
5658,51523500,FF3400FF,000103D5,FF6CFFFF,00010004,0015DE53,3C520203,28013F35,D0FDC016,00000020,0000161A
5659,50064300,FF420106,000103D5,FF730000,00010004,0015DE2A,3C518196,28013F35,D0FDF816,00000020,0000161B
5660,50932400,FF470114,000103D5,FF7D0000,00010004,0015DE04,3C528199,28013F35,D0FE2816,00000020,0000161C
5661,49684000,FF550119,000103D5,FF840000,00010003,0015DDDF,3C5381BC,28013F35,E0FE6816,00000020,0000161D
5662,49749400,FF5A0121,000103D5,FF8D0000,00020003,0015DDBD,3C5481BA,28013F35,E0FEA816,00000020,0000161E
5663,51499900,FF640127,000103D5,FF950000,00020003,0016DD9E,3C5501A0,28013F35,E0FF0816,00000020,0000161F
5664,50407900,FF6F012C,000103D5,FF9E0000,00020003,0016DD81,3C560189,28013F35,E0FF5816,00000020,00001620
5665,50247900,FF780131,000103D5,FFA60000,00020003,0016DD66,3C5681A3,28013F35,E0FFB016,00000020,00001621
5666,49204200,FF7B0135,000103D5,FFAD0000,00020003,0016DD4E,3C5901FB,28013F35,E0FFF816,00000020,00001622
5667,50279200,FF8A0139,000103D5,FFB50000,00020002,0017DD38,3C5981D1,28013F35,E0FFF816,00000020,00001623
5668,51125600,FF8E013D,000003D5,FFBB0000,00020002,0017DD23,3C59819F,28013F35,E0FFF816,00000020,00001624
5669,51141300,FF980141,000003D5,FFC20000,00020002,0017DD11,3C5B01B6,28013F35,E0FFF816,00000020,00001625
5670,51291700,FF9F0145,000003D5,FFC80000,00020002,0017DD00,3C5B8186,2BFD2CE2,E0FFF816,00000020,00001626
5671,48677300,FFA90149,000003D5,FFCE0000,00020002,0018DCF1,3C5D01B0,2BFD2CE2,E0FFF816,00000020,00001627
5672,50925200,FFAD014D,000003D5,FFD30000,00020002,0018DCE4,3C5D819B,2BFD2CE2,E0FFF816,00000020,00001628
5673,50206800,FFB80151,000003D5,FFD80000,00020002,0018DCD8,3C5E819E,2BFD2CE2,E007F816,00000020,00001629
5674,51168900,FFC60154,000103D5,FFE60000,00020001,0018DCCF,3C6001C2,2BFD2CE2,E007F816,00000020,0000162A
5675,51133100,FFD60158,000103D5,FFEF0000,00020001,0019DCC9,3C608187,2BFD2CE2,E007F816,00000020,0000162B
5676,50765700,FFD7015C,000103D5,FFF60000,00020001,0019DCC5,3C6281E2,2BFD2CE2,E007F816,00000020,0000162C
5677,49382100,FFE10160,000003D5,FFFA0000,00020001,0019DCC3,3C6301A4,2BFD2CE2,E007F816,00000020,0000162D
5678,50689100,FFE40164,000003D5,FFFD0000,00020001,0019DCC2,3C6381A0,2BFD2CE2,E007F816,00000020,0000162E
5679,50542600,FFE80166,000003D5,FFFF0000,00020001,001ADCC1,3C6581C8,2BFD2CE2,E007F816,00000020,0000162F
5680,50022900,FFF10168,000003D5,00000000,00020001,001ADCC1,3C660188,2BFD2CE2,E007F816,00000020,00001630
5681,49822400,FFF3016A,000003D5,00010000,00020000,001ADCC1,3C6781E6,2BFD2CE2,E007F816,00000020,00001631
5682,53652500,FFF7016C,000003D5,00010000,00020000,001BDCC1,3C6881D1,2BFD2CE2,E007F816,00000020,00001632
5683,49502300,FFF8016D,000003D5,00010000,00020000,001BDCC2,3C690186,2BFD2CE2,E007F816,00000020,00001633
5684,50836000,FFFC016E,000003D5,00010000,00020000,001BDCC2,3C6A8194,2BFD2CE2,E007F816,00000020,00001634
5685,50754300,FFFC016F,000003D5,00010000,00020000,001BDCC2,3C6B8198,2BFD2CE2,E007F816,00000020,00001635
5686,50831100,FFFE016F,000003D5,00010000,00020000,001CDCC2,3C6C8192,2BFD2CE2,E007F816,00000020,00001636
5687,49618900,FFFF0170,000003D5,00010000,00020000,001CDCC3,3C6E019E,2BFD2CE2,E007F816,00000020,00001637
5688,51888800,FFFE0171,000003D5,00000000,00020000,001CDCC3,3C6E8186,2BFD2CE2,E007F816,00000020,00001638
5689,50411200,00030171,000003D5,00000000,00020000,001DDCC3,3C70018C,2BFD2CE2,E007F816,00000020,00001639
5690,49436600,FFFB0173,000003D5,00000000,00020000,001DDCC3,3C7181BB,2BFD2CE2,E007F816,00000020,0000163A
5691,51569500,00000173,000003D5,00000000,00020000,001DDCC3,3C7281B0,2BFD2CE2,E007F816,00000020,0000163B
5692,49055000,00000174,000003D5,00000000,00020000,001DDCC3,3C750204,2BFD2CE2,E007F816,00000020,0000163C
5693,51850900,00020175,000003D5,00000000,00020000,001EDCC3,3C748198,2BFD2CE2,E007F816,00000020,0000163D
5694,49569100,00000176,000003D5,00000000,00020000,001EDCC3,3C7601B0,2BFD2CE2,E007F816,00000020,0000163E
5695,51210700,00010176,000003D5,00000000,00020000,001EDCC3,3C7701CD,2BFD2CE2,E007F816,00000020,0000163F
5696,50952200,FFFD0177,000003D5,00000000,00020000,001FDCC3,3C7901CE,2BFD2CE2,E007F816,00000020,00001640
5697,50427200,FFFE0177,000003D5,00000000,00020000,001FDCC3,3C79019A,2BFD2CE2,E007F816,00000020,00001641
5698,49404300,00000179,000003D5,00000000,00020000,001FDCC3,3C7A819C,2BFD2CE2,E007F816,00000020,00001642
5699,51167400,00020179,000003D5,00000000,00020000,0020DCC3,3C7B818C,2BFD2CE2,E007F816,00000020,00001643
5700,49049700,0000017A,000003D5,00000000,00020000,0020DCC3,3C7C81C0,2BFD1A6B,E007F816,00000020,00001644
5701,51532200,0002017A,000003D5,00000000,00020000,0020DCC3,3C7D81B4,2BFD1A6B,F007F816,00000020,00001645
5702,51276300,FFFC0179,000003D5,00000000,00020000,0020DCC3,3C7F01C2,2BFD1A6B,F007F816,00000020,00001646
5703,52138600,FFFD017A,000003D5,00000000,00020000,0021DCC3,3C8081A7,2BFD1A6B,F007F816,00000020,00001647
5704,50188000,00020178,000003D5,00000000,00020000,0021DCC3,3C810185,2BFD1A6B,F007F816,00000020,00001648
5705,49996400,00010179,000003D5,00000000,00020000,0021DCC3,3C82819F,2BFD1A6B,F007F816,00000020,00001649
5706,52041500,00010178,000003D5,00000000,00020000,0022DCC3,3C8481CE,2BFD1A6B,F007F816,00000020,0000164A
5707,49797500,00000177,000003D5,00000000,00020000,0022DCC3,3C8401C2,2BFD1A6B,F007F816,00000020,0000164B
5708,50211700,FFFC0177,000003D5,00000000,00020000,0022DCC3,3C85819C,2BFD1A6B,F007F816,00000020,0000164C
5709,49658500,FFFF0176,000003D5,00000000,00020000,0022DCC3,3C8701AD,2BFD1A6B,F007F816,00000020,0000164D
5710,49233700,00010195,000003D5,00000000,00020000,0023DCC3,3C880198,2BFD1A6B,F007F816,00000020,0000164E
5711,49797800,00010194,000003D5,00000000,00020000,0023DCC3,3C890192,2BFD1A6B,E007F816,00000020,0000164F
5712,51016500,00010159,000003D5,00000000,00020000,0023DCC3,3C8A81BA,2BFD1A6B,E007F816,00000020,00001650
5713,50278700,00010132,000003D5,00000000,00020000,0024DCC3,3C8B018C,2BFD1A6B,E007F816,00000020,00001651
5714,53113500,FFFA0117,000003D5,00000000,00020000,0024DCC3,3C8C01BD,2BFD1A6B,E007F816,00000020,00001652
5715,49536800,00000106,000003D5,00000000,00020000,0024DCC3,3C8D01B4,2BFD1A6B,E007F816,00000020,00001653
5716,50792800,000200FB,000003D5,00000000,00020000,0024DCC3,3C8E01D0,2BFD1A6B,E007F816,00000020,00001654
5717,49692800,000000F3,000003D5,00000000,00020000,0024DCC3,3C8E0196,2BFD1A6B,E007F816,00000020,00001655
5718,51285000,000100EE,000003D5,00000000,00020000,0025DCC3,3C9001BE,2BFD1A6B,E007F816,00000020,00001656
5719,50677900,000100EA,000003D5,00000000,00020000,0025DCC3,3C8F818E,2BFD1A6B,E007F816,00000020,00001657
5720,49958700,000100E8,000003D5,00000000,00020000,0025DCC3,3C900185,2BFD1A6B,E007F816,00000020,00001658
5721,48647500,000100E6,000003D5,00000000,00020000,0025DCC3,3C9181AE,2BFD1A6B,E007F816,00000020,00001659
5722,51290100,000100E5,000003D5,00000000,00020000,0025DCC3,3C92019A,2BFD1A6B,E007F816,00000020,0000165A
5723,50230100,FFFB00E5,000003D5,00000000,00010000,0025DCC3,3C9281A2,2BFD1A6B,E007F816,00000020,0000165B
5724,51086300,FFFF00E4,000003D5,00000000,00010000,0026DCC3,3C9381A4,2BFD1A6B,E007F816,00000020,0000165C
5725,51691500,000200E4,000003D5,00000000,00010000,0026DCC3,3C93818A,2BFD1A6B,E007F816,00000020,0000165D
5726,50253800,000000E5,000003D5,00000000,00010000,0026DCC3,3C9481B4,2BFD1A6B,E007F816,00000020,0000165E
5727,50954600,000100E4,000003D5,00000000,00010000,0026DCC3,3C9501A8,2BFD1A6B,E007F816,00000020,0000165F
5728,50007900,000200E4,000003D5,00000000,00010000,0026DCC3,3C9601A3,2BFD1A6B,E007F816,00000020,00001660
5729,49396500,000000E4,000003D5,00000000,00010000,0027DCC3,3C9781CE,2BFD1A6B,E007F816,00000020,00001661
5730,51541400,000100E3,000003D5,00000000,00010000,0027DCC3,3C97819E,2BFD07E1,E007F816,00000020,00001662
5731,49474200,000200E4,000003D5,00000000,00010000,0027DCC3,3C980191,2BFD07E1,E007F816,00000020,00001663
5732,51551200,FFFD00E4,000003D5,00000000,00010000,0027DCC3,3C988185,2BFD07E1,E007F816,00000020,00001664
5733,49946900,FFFC00E4,000003D5,00000000,00010000,0027DCC3,3C9A01AD,2BFD07E1,E007F816,00000020,00001665
5734,51500700,000200E4,000003D5,00000000,00010000,0027DCC3,3C9A0187,2BFD07E1,E007F816,00000020,00001666
5735,51687500,000000E5,000003D5,00000000,00010000,0028DCC3,3C9C8202,2BFD07E1,E007F816,00000020,00001667
5736,51130800,000200E4,000003D5,00000000,00010000,0028DCC3,3C9C81BA,2BFD07E1,E007F816,00000020,00001668
5737,50557700,000000E4,000003D5,00000000,00010000,0028DCC3,3C9B81B1,2BFD07E1,E007F816,00000020,00001669
5738,50139900,000200E4,000003D5,00000000,00010000,0028DCC3,3C9D81AE,2BFD07E1,E007F816,00000020,0000166A
5739,49981100,000000E5,000003D5,00000000,00010000,0028DCC3,3C9D8190,2BFD07E1,E007F816,00000020,0000166B
5740,50919500,000200E4,000003D5,00000000,00010000,0028DCC3,3C9E0190,2BFD07E1,E007F816,00000020,0000166C
5741,50464300,000000E5,000003D5,00000000,00010000,0029DCC3,3C9E8190,2BFD07E1,E007F816,00000020,0000166D
5742,49983600,FFFA00E4,000003D5,00000000,00010000,0029DCC3,3CA001AA,2BFD07E1,E007F816,00000020,0000166E
5743,53394500,000100E5,000003D5,00000000,00010000,0029DCC3,3CA08196,2BFD07E1,E007F816,00000020,0000166F
5744,49162500,000000E5,000003D5,00000000,00010000,0029DCC3,3CA08182,2BFD07E1,E007F816,00000020,00001670
5745,49309000,000200E4,000003D5,00000000,00010000,0029DCC3,3CA1818E,2BFD07E1,E007F816,00000020,00001671
5746,50215300,000100E5,000003D5,00000000,00010000,002ADCC3,3CA301D9,2BFD07E1,E007F816,00000020,00001672
5747,49505300,000000E4,000003D5,00000000,00010000,002ADCC3,3CA401CF,2BFD07E1,E007F816,00000020,00001673
5748,49793600,000200E4,000003D5,00000000,00010000,002ADCC3,3CA381BC,2BFD07E1,E007F816,00000020,00001674
5749,51060900,000100E5,000003D5,00000000,00010000,002ADCC3,3CA581D8,2BFD07E1,E007F816,00000020,00001675
5750,49808700,000100E4,000003D5,00000000,00010000,002ADCC3,3CA581A5,2BFD07E1,E007F816,00000020,00001676
5751,50728300,FFFC00E5,000003D5,00000000,00010000,002ADCC3,3CA5818D,2BFD07E1,E007F816,00000020,00001677
5752,50781300,FFFD00E5,000003D5,00000000,00010000,002BDCC3,3CA881F5,2BFD07E1,E007F816,00000020,00001678
5753,50154100,000200E5,000003D5,00000000,00010000,002BDCC3,3CA781C6,2BFD07E1,E007F816,00000020,00001679
5754,50810300,000100E5,000003D5,00000000,00010000,002BDCC3,3CA7818E,2BFD07E1,E007F816,00000020,0000167A
5755,49284700,000100E0,000003D5,00000000,00010000,002BDCC3,3CAA8227,2BFD07E1,E007F816,00000020,0000167B
5756,50714200,000100AD,000003D5,00000000,00010000,002BDCC3,3CA90197,2BFD07E1,E007F816,00000020,0000167C
5757,49875500,00000047,000003D5,00000001,00010000,002BDCC3,3CAB01D3,2BFD07E1,E007F816,00000020,0000167D
5758,49441300,0000FFED,000003D5,00000001,00010000,002BDCC3,3CA901AC,280107E1,E007F816,00000020,0000167E
5759,50731500,0000FFB9,000003D5,00000001,00010000,002BDCC3,3CA901A3,280107E1,E007F816,00000020,0000167F
5760,50909600,FFFFFF9A,000003D5,00000001,00000000,002BDCC3,3CA881A7,2800F573,E007F816,00000020,00001680
5761,50768000,000CFF87,000003D5,00070001,00000000,002BDCC4,3CAA8215,2800F573,E007F816,00000020,00001681
5762,49553000,0011FF7E,000003D5,000E0001,00000000,002BDCC8,3CA80189,2800F573,E007F816,00000020,00001682
5763,50891200,0016FF7A,000003D5,00130000,00000000,FF2BDCCC,3CA7018E,2800F573,E007F816,00000020,00001683
5764,50355300,001BFF89,000003D5,00160000,00000000,FF2BDCD2,3CA78198,2800F573,E007F816,00000020,00001684
5765,50935400,0020FFB3,000003D5,00190000,00000000,FF2BDCD9,3CA7019D,2800F573,E007F816,00000020,00001685
5766,50580300,0026FFEE,000003D5,001B0000,0000FFFF,FF2BDCE1,3CA7019D,2800F573,E007F816,00000020,00001686
5767,51242700,00280032,000003D5,001CFFFF,0000FFFF,FF2BDCE9,3CA781A3,2800F573,E007F816,00000020,00001687
5768,50980800,00290066,000003D5,0015FFFF,0000FFFF,FF2BDCF0,3CA901E3,2800F573,E007F816,00000020,00001688
5769,49864600,0021008F,000003D5,000FFFFF,0000FFFF,FF2BDCF5,3CA801A3,2800F573,E007F816,00000020,00001689
5770,50120000,002700A5,000003D5,000AFFFF,0001FFFF,FF2BDCF8,3CA80190,2800F573,E007F816,00000020,0000168A
5771,52937500,00210086,000003D5,00060000,0001FFFF,FF2BDCFA,3CA981C1,2800F573,E007F816,00000020,0000168B
5772,50048800,00200030,000003D5,00030000,0001FFFF,FF2BDCFC,3CA90197,2800F573,E007F816,00000020,0000168C
5773,48757900,0020FFE0,000003D5,00010001,0001FFFF,FF2BDCFC,3CA881A6,2800F573,E007F816,00000020,0000168D
5774,49982100,0018FFB1,000003D5,FFFF0001,0000FFFF,FF2BDCFC,3CA981C3,2800F573,E007F816,00000020,0000168E
5775,50068200,0018FF95,000003D5,FFFE0001,00000000,FF2BDCFC,3CA8819D,2800F573,E007F816,00000020,0000168F
5776,51927600,000EFF86,000003D5,FFFD0001,00000000,FF2BDCFB,3CA901C1,2800F573,E007F816,00000020,00001690
5777,51698200,0011FF7F,000003D5,FFFD0001,00000000,FF2BDCFA,3CA801C5,2800F573,E007F816,00000020,00001691
5778,50702300,0007FF8D,000003D5,FFFD0000,00000000,FF2BDCFA,3CA781DD,2800F573,E007F816,00000020,00001692
5779,49125200,0014FFB4,000003D5,00050000,00000000,FF2BDCFA,3CA781AE,2800F573,E007F816,00000020,00001693
5780,49520200,0015FFF0,000003D5,000B0000,00000000,FF2BDCFC,3CA781B5,2800F573,E007F816,00000020,00001694
5781,50384500,001A0032,000003D5,0010FFFF,00000000,FF2BDD01,3CA7019B,2800F573,E007F816,00000020,00001695
5782,51560500,000D0068,000003D5,000DFFFF,00000000,FF2BDD05,3CA7019D,2800F573,E007F816,00000020,00001696
5783,51510500,000D008F,000003D5,000AFFFF,00000000,FF2BDD08,3CA7818C,2800F573,E007F816,00000020,00001697
5784,51666900,001000A9,000003D5,0007FFFF,00010000,FF2BDD0A,3CA78181,2800F573,E007F816,00000020,00001698
5785,48867400,001100BA,000003D5,0005FFFF,00010000,FF2BDD0C,3CA90199,2800F573,E007F816,00000020,00001699
5786,51978600,000E0095,000003D5,00030000,00010000,FF2BDD0D,3CA90193,2800F573,E007F816,00000020,0000169A
5787,50068800,00120036,000003D5,00020000,00010000,FF2BDD0D,3CAA01AD,2800F573,E007F816,00000020,0000169B
5788,53897900,000DFFE4,000003D5,00000001,00010000,FF2BDD0E,3CAB01DB,2800F573,E007F816,00000020,0000169C
5789,46155300,000AFFB2,000003D5,00000001,00000000,FF2BDD0E,3CA901A3,2800F573,E007F816,00000020,0000169D
5790,51337900,000BFF97,000003D5,FFFF0001,00000000,FF2BDD0D,3CA881A6,2800E32B,E007F816,00000020,0000169E
5791,50272100,0005FF87,000003D5,FFFF0001,00000000,FF2BDD0D,3CA881AF,2800E32B,E007F816,00000020,0000169F
5792,51146300,000AFF7D,000003D5,FFFF0001,00000000,FF2BDD0D,3CA901C7,2800E32B,E007F816,00000020,000016A0
5793,47875800,0001FF79,000003D5,FFFF0000,00000000,FF2BDD0C,3CA801A4,2800E32B,E007F816,00000020,000016A1
5794,51572400,0005FF89,000003D5,FFFF0000,00000000,FF2BDD0C,3CA90202,2800E32B,E007F816,00000020,000016A2
5795,49798500,0004FFB1,000003D5,FFFF0000,00000000,002BDD0C,3CA6818D,2800E32B,E007F816,00000020,000016A3
5796,110277000,0000FFF0,000003D5,FFFF0000,00000000,002BDD0C,3CA70190,2800E32B,E007F816,00000020,000016A4
5797,12424700,00000031,000003D5,FFFFFFFF,00000000,002BDD0B,3CA6818B,2800E32B,E007F816,00000020,000016A5
5798,52025400,FFFF0066,000003D5,FFFFFFFF,00000000,002BDD0B,3CA781C0,2800E32B,E007F816,00000020,000016A6
5799,50434700,FFFF008E,000003D5,FFFFFFFF,00000000,002BDD0B,3CA801BB,2800E32B,E007F816,00000020,000016A7
5800,49240700,FFFE00A4,000003D5,0000FFFF,00010000,002BDD0B,3CA901C4,2800E32B,E007F816,00000020,000016A8
5801,50893400,00080088,000003D5,00000000,00010000,002BDD0B,3CA8818F,2800E32B,E007F816,00000020,000016A9
5802,50930200,FFFE002F,000003D5,00000000,00010000,002BDD0B,3CA88195,2800E32B,E007F816,00000020,000016AA
5803,51367000,FFF9FFE1,000003D5,00000001,00010000,002BDD0A,3CA881EC,2800E32B,E007F816,00000020,000016AB
5804,51575400,0001FFB1,000003D5,00000001,00000000,002BDD0A,3CA981B4,2800E32B,E007F816,00000020,000016AC
5805,49553400,0001FF95,000003D5,00000001,00000000,002BDD0A,3CA901A9,2800E32B,E007F816,00000020,000016AD
5806,51929000,0001FF87,000003D5,00000001,00000000,002BDD0A,3CA801A2,2800E32B,E007F816,00000020,000016AE
5807,50861800,0002FF7B,000003D5,00000001,00000000,002BDD0A,3CA881D0,2800E32B,E007F816,00000020,000016AF
5808,49591400,FFFBFF78,000003D5,00000000,00000000,002BDD0A,3CA701A2,2800E32B,E007F816,00000020,000016B0
5809,58639000,000BFF75,000003D5,00070000,00000000,002BDD0C,3CA681CE,2800E32B,E007F816,00000020,000016B1
5810,45929500,0012FF5A,000003D5,000E0000,FFFF0000,002ADD0F,3CA681A3,2800E32B,E007F816,00000020,000016B2
5811,48650800,0015FF0A,000003D5,00120001,FFFF0000,FF2ADD14,3CA5818F,2800E32B,E007F816,00000020,000016B3
5812,48944600,000CFEFF,000003D5,000E0001,FFFF0000,FF2ADD18,3CA501A3,2800E32B,E007F816,00000020,000016B4
5813,49899000,000FFEFE,000003D5,000B0000,FFFF0000,FF2ADD1C,3CA38184,2800E32B,E007F816,00000020,000016B5
5814,50545200,0011FF02,000003D5,00080000,FFFF0000,FF2ADD1E,3CA30192,2800E32B,E007F816,00000020,000016B6
5815,49561400,000FFEFF,000003D5,00060000,FFFF0000,FF29DD20,3CA301F1,2800E32B,E007F816,00000020,000016B7
5816,51317100,0011FF01,000003D5,00040000,FFFF0000,FF29DD22,3CA38205,2800E32B,E007F816,00000020,000016B8
5817,51515500,000EFF02,000003D5,00020000,FFFF0000,FF29DD22,3CA0819A,2800E32B,E007F816,00000020,000016B9
5818,49687100,000EFF02,000003D5,00010000,FFFF0000,FF29DD23,3CA001A1,2800E32B,E007F816,00000020,000016BA
5819,49771600,000EFF03,000003D5,00000000,FFFF0000,FF29DD23,3C9E8184,2800E32B,E007F816,00000020,000016BB
5820,49539500,000BFF01,000003D5,FFFF0000,FFFF0000,FF28DD23,3C9F01BC,2800D0E9,E007F816,00000020,000016BC
5821,49399400,0009FF05,000003D5,FFFF0000,FFFF0000,FF28DD23,3C9D81D3,2800D0E9,E007F816,00000020,000016BD
5822,50128100,0006FF04,000003D5,FFFF0000,FFFF0000,FF28DD22,3C9D019E,2800D0E9,E007F816,00000020,000016BE
5823,49611500,0002FF06,000003D5,FFFF0000,FFFF0000,FF28DD22,3C9D01C4,2800D0E9,E007F016,00000020,000016BF
5824,51346600,0004FF07,000003D5,FFFF0000,FFFF0000,FF28DD22,3C9B8194,2800D0E9,E007F016,00000020,000016C0
5825,51588900,0003FF06,000003D5,FFFF0000,FFFF0000,FF27DD21,3C9B01C6,2800D0E9,E007C016,00000020,000016C1
5826,50765800,0002FF08,000003D5,FFFF0000,FFFF0000,0027DD21,3C9981D4,2800D0E9,E007C016,00000020,000016C2
5827,50992200,0004FF09,000003D5,FFFF0000,FFFF0000,0027DD21,3C9981B0,2800D0E9,E0079816,00000020,000016C3
5828,49675100,FFFBFF09,000003D5,FFFF0000,FFFF0000,0027DD20,3C98819C,2800D0E9,E0079816,00000020,000016C4
5829,49793600,0004FF0A,000003D5,FFFF0000,FFFF0000,0027DD20,3C9781A3,2800D0E9,E0079816,00000020,000016C5
5830,51770600,FFFFFF0B,000003D5,00000000,FFFF0000,0026DD20,3C9701CC,2800D0E9,E0077016,00000020,000016C6
5831,49737700,FFFDFF0C,000003D5,00000000,FFFF0000,0026DD20,3C9681D6,2800D0E9,E0FF7016,00000020,000016C7
5832,50991500,FFF3FF0C,000003D5,FFF70000,FFFF0000,FF26DD1E,3C95019E,2800D0E9,E0FF6016,00000020,000016C8
5833,50389400,FFEBFF0B,000003D5,FFEE0000,FFFF0000,FF26DD1A,3C9481BC,2800D0E9,E0FF6016,00000020,000016C9
5834,51538300,FFDFFF0E,000003D5,FFE50000,FFFF0000,0026DD13,3C9401A2,2800D0E9,E0FF6016,00000020,000016CA
5835,50328200,FFD4FF0D,FFFF03D5,FFDC0000,FFFF0001,0025DD0A,3C930188,2800D0E9,E0FF6016,00000020,000016CB
5836,52338500,FFCAFF0D,FFFF03D5,FFD40000,FFFF0001,0025DCFE,3C92819E,2800D0E9,E0FF6016,00000020,000016CC
5837,49831900,FFBCFF10,FFFF03D5,FFCB0000,FFFF0001,0025DCF0,3C92019B,2800D0E9,E0FF6016,00000020,000016CD
5838,49786400,FFABFF0F,FFFF03D5,FFC40000,FFFF0001,0025DCDF,3C9101AF,2800D0E9,E0FF4016,00000020,000016CE
5839,52806000,FF9EFF10,FFFF03D5,FFBC0000,FFFF0001,0025DCCD,3C908207,2800D0E9,E0FEF016,00000020,000016CF
5840,49666100,FF8EFF11,FFFF03D5,FFB50000,FFFF0002,0025DCB8,3C9001CF,2800D0E9,E0FEA816,00000020,000016D0
5841,51255200,FF7DFEF4,FFFF03D5,FFAE0000,FFFF0002,0024DCA1,3C8F01B0,2800D0E9,E0FE6816,00000020,000016D1
5842,51225700,FF70FE91,FFFF03D5,FFA70001,FFFF0002,0024DC88,3C8E01A7,2800D0E9,E0FE3016,00000020,000016D2
5843,49677700,FF5DFE82,FFFF03D5,FFA10001,FFFE0002,0024DC6E,3C8C819D,2800D0E9,E0FE0016,00000020,000016D3
5844,50919900,FF50FE82,FFFF03D5,FF9A0001,FFFE0003,0023DC51,3C8B01B7,2800D0E9,E0FDD016,00000020,000016D4
5845,51852900,FF41FE84,FFFF03D5,FF940000,FFFE0003,0023DC33,3C8A81AD,2800D0E9,E0FDA016,00000020,000016D5
5846,50164200,FF2CFE82,FFFF03D5,FF8D0000,FFFE0003,0023DC13,3C890194,2800D0E9,E0FD8016,00000020,000016D6
5847,50487100,FF21FE85,FFFF03D5,FF870000,FFFE0003,0022DBF1,3C87819D,2800D0E9,E0FD5816,00000020,000016D7
5848,49714200,FF12FE65,FFFF03D5,FF810000,FFFE0004,0022DBCD,3C8781CE,2800D0E9,E0FD3816,00000020,000016D8
5849,51041500,FF07FE04,FFFF03D5,FF7A0001,FFFE0004,0022DBA8,3C850197,2800D0E9,E0FD1816,00000020,000016D9
5850,51398200,FEF5FDF5,FFFF03D5,FF740001,FFFE0004,0021DB80,3C8381A3,2800BF4C,E0FCF816,00000020,000016DA
5851,50718400,FEECFDF6,FFFF03D4,FF6E0001,FFFD0004,0021DB57,3C81819A,2800BF4C,E0FCE016,00000020,000016DB
5852,50234900,FED9FDF6,FFFF03D4,FF670000,FFFD0005,0020DB2C,3C80018C,2800BF4C,E0FCC816,00000020,000016DC
5853,51297700,FECFFDF4,FFFF03D4,FF610000,FFFD0005,0020DAFF,3C7F01A9,2800BF4C,E0FCB016,00000020,000016DD
5854,51125000,FEC0FDFA,FFFF03D4,FF5B0000,FFFD0005,0020DAD0,3C7C8182,2800BF4C,E0FCA016,00000020,000016DE
5855,49391000,FEB7FDF9,FFFF03D4,FF550000,FFFD0005,001FDAA0,3C7C81DB,2800BF4C,E0FC8816,00000020,000016DF
5856,50893800,FEA8FDF9,FFFF03D4,FF4F0000,FFFD0006,001FDA6E,3C798186,2800BF4C,E0FC7816,00000020,000016E0
5857,51064800,FEA0FDFB,FFFF03D4,FF4A0000,FFFD0006,001EDA3A,3C7801CE,2800BF4C,E0FC6816,00000020,000016E1
5858,51865700,FE98FDFA,FFFF03D4,FF440000,FFFD0006,001EDA05,3C7681A6,2800BF4C,E0FC5816,00000020,000016E2
5859,49870500,FE8CFDFF,FFFF03D4,FF3F0000,FFFD0006,001ED9CE,3C750197,2800BF4C,D0FC5016,00000020,000016E3
5860,51116300,FE85FDFD,000003D4,FF3A0000,FFFD0006,001DD996,3C738195,2800BF4C,D0FC4016,00000020,000016E4
5861,50718200,FE79FE2E,FFFF03D4,FF350000,FFFD0007,001DD95C,3C7201A7,2800BF4C,D0FC3816,00000020,000016E5
5862,53209500,FE72FE8D,000003D4,FF300000,FFFD0007,001DD921,3C70818D,2800BF4C,D0FC3016,00000020,000016E6
5863,50801400,FE6CFE92,000003D4,FF2C0000,FFFD0007,001CD8E5,3C6F8180,2800BF4C,D0FC3016,00000020,000016E7
5864,48854000,FE6DFE95,000003D4,FF280000,FFFE0007,001CD8A7,3C6E8195,2800BF4C,D0FC2816,00000020,000016E8
5865,51778000,FE65FE95,000003D4,FF250000,FFFE0007,001CD869,3C6D0189,2800BF4C,D0FC2816,00000020,000016E9
5866,51350500,FE67FE97,000003D4,FF230000,FFFE0007,001BD82A,3C6C81AC,2800BF4C,D0FC2816,00000020,000016EA
5867,49509900,FE60FE99,000003D4,FF210000,FFFE0007,001BD7EA,3C6B01A5,2800BF4C,D0FC2816,00000020,000016EB
5868,50436600,FE68FE99,000003D4,FF1F0000,FFFE0007,001BD7AA,3C6A81B7,2800BF4C,D0FC2816,00000020,000016EC
5869,50890800,FE62FE9A,000003D4,FF1F0000,FFFE0007,001BD769,3C68818F,2800BF4C,D0FC2816,00000020,000016ED
5870,49405800,FE64FE9A,000003D4,FF1F0000,FFFE0007,001AD729,3C678189,2800BF4C,D0FC3016,00000020,000016EE
5871,50675500,FE69FE9E,000003D4,FF1F0000,FFFE0007,001AD6E8,3C6681A0,2800BF4C,D0FC3016,00000020,000016EF
5872,50745900,FE6AFE9C,000003D4,FF200000,FFFE0007,001AD6A8,3C6601C6,2800BF4C,D0FC3816,00000020,000016F0
5873,50073700,FE6FFE9F,000003D4,FF220000,FFFE0007,0019D668,3C6501C8,2800BF4C,D0FC4016,00000020,000016F1
5874,50469500,FE74FEA0,000003D4,FF240000,FFFE0007,0019D629,3C63018E,2800BF4C,D0FC4816,00000020,000016F2
5875,49892400,FE79FED1,000003D4,FF260000,FFFE0007,0019D5EA,3C6301B4,2800BF4C,D0FC5816,00000020,000016F3
5876,49610500,FE7CFF32,000003D4,FF290000,FFFE0007,0019D5AC,3C618185,2800BF4C,D0FC6016,00000020,000016F4
5877,51449900,FE8BFF35,000003D4,FF2D0000,FFFE0007,0019D56F,3C61018F,2800BF4C,D0FC7016,00000020,000016F5
5878,50498200,FE92FF37,000103D5,FF310000,FFFF0007,0018D534,3C6081A2,2800BF4C,D0FC8816,00000020,000016F6
5879,49918100,FE9FFF37,000103D5,FF370000,FFFF0007,0018D4F9,3C600197,2800BF4C,D0FC9816,00000020,000016F7
5880,49236900,FEABFF3A,000103D5,FF3D0000,FFFF0007,0018D4C1,3C6001C8,2800AE3B,D0FCB016,00000020,000016F8
5881,50201200,FEB5FF3A,000103D5,FF430000,FFFF0006,0018D48A,3C5F01B5,2800AE3B,D0FCC816,00000020,000016F9
5882,51341500,FEBFFF3B,000103D5,FF4A0000,FFFF0006,0018D455,3C5E0188,2800AE3B,D0FCE816,00000020,000016FA
5883,51612800,FECEFF3B,000103D5,FF500000,FFFF0006,0018D422,3C5D0188,2800AE3B,D0FD0016,00000020,000016FB
5884,51123300,FED9FF6C,000103D5,FF570000,FFFF0006,0018D3F1,3C5C818A,2800AE3B,D0FD2016,00000020,000016FC
5885,48082600,FEE4FFB1,000103D4,FF5F0000,FFFF0006,0017D3C2,3C5C81B9,2800AE3B,D0FD4816,00000020,000016FD
5886,49617800,FEF6FFB3,000103D5,FF660000,FFFF0005,0017D395,3C5C8191,2800AE3B,D0FD7016,00000020,000016FE
5887,49825600,FF00FFB6,000103D5,FF6E0000,FFFF0005,0017D36A,3C5D01D4,2800AE3B,D0FD9816,00000020,000016FF
5888,50384400,FF0FFFC7,000103D5,FF760000,FFFF0005,0017D342,3C5C81A9,2800AE3B,D0FDC816,00000020,00001700
5889,50809700,FF1CFFE2,000103D5,FF7E0000,00000005,0017D31C,3C5B818F,2800AE3B,D0FE0016,00000020,00001701
5890,50155900,FF2C000A,000103D5,FF850000,00000004,0017D2F8,3C5C01A7,2800AE3B,D0FE3016,00000020,00001702
5891,52106400,FF370031,000103D5,FF8CFFFF,00000004,0017D2D6,3C5D01D2,2800AE3B,D0FE6816,00000020,00001703
5892,52022300,FF420048,000103D5,FF94FFFF,00000004,0017D2B6,3C5C019C,2800AE3B,D0FEB016,00000020,00001704
5893,50536100,FF4E0061,000103D5,FF9B0000,00000004,0017D298,3C5C81B2,2800AE3B,D0FEF016,00000020,00001705
5894,50829600,FF5D0069,000103D5,FFA20000,00000003,0018D27D,3C5C8196,2800AE3B,D0FF3816,00000020,00001706
5895,49487100,FF640077,000103D5,FFA80000,00000003,0018D263,3C5D0191,2800AE3B,D0FF6016,00000020,00001707
5896,50618900,FF70007F,000103D5,FFAE0000,00010003,0018D24B,3C5D8191,2800AE3B,D0FF6016,00000020,00001708
5897,51886700,FF770083,000103D5,FFB40000,00010003,0018D235,3C5E0198,2800AE3B,D0FF6016,00000020,00001709
5898,52341900,FF820087,000103D5,FFB90000,00010003,0018D220,3C5E81C8,2800AE3B,D0FF6016,00000020,0000170A
5899,48976500,FF87008B,000103D5,FFBE0000,00010003,0018D20C,3C5F01A6,2800AE3B,D0FF6016,00000020,0000170B
5900,49360100,FF8F0090,000103D5,FFC20000,00010002,0018D1FA,3C5F81B9,2800AE3B,D0FF6016,00000020,0000170C
5901,50752300,FF9A008F,000003D5,FFC60000,00010002,0018D1E9,3C5F8187,2800AE3B,D0FF6016,00000020,0000170D
5902,50746900,FF980094,000003D5,FFC80000,00010002,0018D1D9,3C600190,2800AE3B,D0FF6016,00000020,0000170E
5903,50591400,FFA10094,000003D5,FFCB0000,00010002,0019D1C9,3C6081C0,2800AE3B,D0FF6016,00000020,0000170F
5904,48482000,FFA40095,000003D5,FFCD0000,00010002,0019D1BA,3C6101A6,2800AE3B,D0FF6016,00000020,00001710
5905,51977000,FFA60097,000003D5,FFCE0000,00010002,0019D1AC,3C6181A0,2800AE3B,D0FF6016,00000020,00001711
5906,50038100,FFAA0098,000003D5,FFCF0000,00010002,0019D19E,3C6201A7,2800AE3B,D0FF6016,00000020,00001712
5907,50530300,FFAD0097,000003D5,FFD00000,00010002,0019D190,3C6301D7,2800AE3B,D0FF6016,00000020,00001713
5908,49555000,FFAC009A,000003D5,FFD00000,00010002,0019D182,3C6301B7,2800AE3B,D0FF6016,00000020,00001714
5909,51388100,FFB10099,000003D5,FFD00000,00010002,0019D175,3C6481E8,2800AE3B,D0FF6016,00000020,00001715
5910,50028000,FFB0009B,000003D5,FFCF0000,00010002,0019D167,3C63819C,28009DD3,D0FF6016,00000020,00001716
5911,49591800,FFAC009B,000003D5,FFCF0000,00010002,0019D159,3C658202,28009DD3,D0FF6016,00000020,00001717
5912,50351500,FFAE009D,000003D5,FFCE0000,00010002,001AD14A,3C6581EE,28009DD3,D0FF6016,00000020,00001718
5913,51486700,FFAF009B,000003D5,FFCC0000,00010002,001AD13C,3C650190,28009DD3,D0FF6016,00000020,00001719
5914,50714000,FFA800A1,000003D5,FFCB0000,00010002,001AD12D,3C6581CF,28009DD3,D0FF6016,00000020,0000171A
5915,50612000,FFA6009E,000003D5,FFC90000,00010002,001AD11D,3C6601B1,28009DD3,D0FF6016,00000020,0000171B
5916,51225000,FFAB009D,000003D5,FFC70000,00010002,001AD10D,3C668190,28009DD3,D0FF6016,00000020,0000171C
5917,49925800,FFA000A1,000003D5,FFC50000,00010002,001AD0FC,3C67019A,28009DD3,D0FF6016,00000020,0000171D
5918,49090600,FFA3009E,000003D5,FFC30000,00010002,001AD0EB,3C678182,28009DD3,D0FF6016,00000020,0000171E
5919,49369700,FF9B00A2,000003D5,FFC10000,00010002,001AD0D9,3C680186,28009DD3,D0FF6016,00000020,0000171F
5920,50475300,FF9900A2,000003D5,FFBE0000,00010002,001BD0C6,3C6801B1,28009DD3,D0FF6016,00000020,00001720
5921,50790700,FF9500A2,000003D5,FFBC0000,00010002,001BD0B3,3C6A01E0,28009DD3,D0FF6016,00000020,00001721
5922,50893800,FF9000A4,000003D5,FFB90000,00010002,001BD09F,3C6A01CB,28009DD3,D0FF6016,00000020,00001722
5923,49412500,FF8D00A2,000003D5,FFB70000,00010002,001BD08A,3C698192,28009DD3,D0FF6016,00000020,00001723
5924,50575100,FF8800A7,000003D5,FFB40000,00010002,001BD075,3C6B01C4,28009DD3,D0FF6016,00000020,00001724
5925,51423100,FF8300A4,000003D5,FFB20000,00010002,001BD05F,3C6B01BB,28009DD3,D0FF3816,00000020,00001725
5926,50329800,FF7F00A7,000003D5,FFAF0000,00010002,001BD048,3C6B8187,28009DD3,D0FF1816,00000020,00001726
5927,51031800,FF7B00A6,000003D5,FFAC0000,00010002,001BD030,3C6B81A3,28009DD3,D0FF0016,00000020,00001727
5928,49864700,FF7500A9,000003D5,FFAA0000,00010002,001CD018,3C6C81B9,28009DD3,D0FEE816,00000020,00001728
5929,51333300,FF7100A6,000003D5,FFA70000,00010002,001CCFFF,3C6E823B,28009DD3,D0FEC816,00000020,00001729
5930,52255400,FF6B00AA,000003D5,FFA50000,00010003,001CCFE5,3C6D81A2,28009DD3,D0FEB816,00000020,0000172A
5931,49976700,FF6600A9,000003D5,FFA20000,00010003,001CCFCA,3C6E018F,28009DD3,D0FEA016,00000020,0000172B
5932,51433900,FF6300AB,000003D5,FFA00000,00010003,001CCFAF,3C6F01C0,28009DD3,D0FE8816,00000020,0000172C
5933,51599200,FF5E00A8,000003D5,FF9E0000,00010003,001CCF93,3C6F0191,28009DD3,D0FE7016,00000020,0000172D
5934,49140500,FF5800A8,000003D5,FF9B0000,00010003,001CCF77,3C7001DD,28009DD3,D0FE6016,00000020,0000172E
5935,50442000,FF500082,000003D5,FF990000,00010003,001CCF59,3C6F8191,28009DD3,D0FE5016,00000020,0000172F
5936,51723100,FF4C0035,000003D5,FF980001,00010003,001CCF3C,3C7001B8,28009DD3,D0FE3816,00000020,00001730
5937,50589500,FF4AFFF7,000003D5,FF960001,00010003,001CCF1E,3C7001BE,28009DD3,D0FE3016,00000020,00001731
5938,51578500,FF42FFD5,000003D5,FF950001,00000003,001CCEFF,3C70019F,28009DD3,D0FE1816,00000020,00001732
5939,50444000,FF41FFBE,000003D5,FF930001,00000003,001CCEE0,3C7001A9,28009DD3,D0FE0816,00000020,00001733
5940,51033500,FF3AFFB6,000003D5,FF910001,00000003,001CCEC0,3C6F81A1,28008E1D,D0FDF816,00000020,00001734
5941,49573600,FF38FF8B,000003D5,FF8F0001,00000003,001CCEA0,3C6F0182,28008E1D,D0FDE816,00000020,00001735
5942,49934900,FF33FF3E,000003D5,FF8D0001,00000004,001CCE7F,3C6E818E,28008E1D,D0FDD816,00000020,00001736
5943,51179900,FF34FF30,000003D5,FF8B0001,FFFF0004,001CCE5E,3C6E01C3,28008E1D,D0FDC816,00000020,00001737
5944,52310400,FF2BFF34,000003D5,FF880001,FFFF0004,001CCE3C,3C6D0196,28008E1D,D0FDC016,00000020,00001738
5945,51022300,FF27FF31,000003D5,FF860000,FFFF0004,001CCE19,3C6C8187,28008E1D,D0FDB016,00000020,00001739
5946,50964900,FF28FF2F,000003D5,FF840000,FFFF0004,001BCDF6,3C6C019D,28008E1D,D0FDA016,00000020,0000173A
5947,51252600,FF20FF31,000003D5,FF820000,FFFF0004,001BCDD2,3C6C01D6,28008E1D,D0FD9816,00000020,0000173B
5948,51170800,FF20FF34,000003D5,FF800000,FFFF0004,001BCDAD,3C6A81CA,28008E1D,D0FD9016,00000020,0000173C
5949,48837800,FF1BFF31,000003D5,FF7E0000,FFFF0004,001BCD88,3C6A81BE,28008E1D,D0FD8816,00000020,0000173D
5950,50093700,FF1CFF33,000003D5,FF7C0000,FFFF0004,001BCD63,3C6901AD,28008E1D,D0FD8016,00000020,0000173E
5951,50516400,FF15FF32,000003D5,FF7B0000,FFFF0004,001BCD3D,3C6881CD,28008E1D,D0FD7816,00000020,0000173F
5952,51862200,FF18FF33,000003D5,FF790000,FFFF0004,001ACD16,3C6801C6,28008E1D,D0FD7816,00000020,00001740
5953,49655300,FF13FF36,000003D5,FF780000,FFFF0004,001ACCF0,3C670187,28008E1D,D0FD7016,00000020,00001741
5954,50962500,FF11FF35,000003D5,FF770000,FFFF0004,001ACCC9,3C6701C0,28008E1D,D0FD7016,00000020,00001742
5955,50282200,FF14FF32,000003D5,FF760000,FFFF0004,001ACCA1,3C6681BB,28008E1D,D0FD7016,00000020,00001743
5956,51862900,FF11FF37,000003D5,FF760000,FFFF0004,001ACC7A,3C6601A4,28008E1D,D0FD7016,00000020,00001744
5957,50313300,FF12FF65,000003D5,FF750000,FFFF0004,001ACC52,3C6581F8,28008E1D,D0FD7016,00000020,00001745
5958,50302500,FF0BFFAB,000003D5,FF750000,FFFF0004,001ACC2A,3C648198,28008E1D,D0FD7016,00000020,00001746
5959,49945700,FF19FFA7,000003D5,FF750000,FFFF0004,0019CC02,3C6501B6,28008E1D,D0FD7816,00000020,00001747
5960,49705700,FF0DFFB1,000003D5,FF750000,FFFF0004,0019CBDA,3C648193,28008E1D,D0FD7816,00000020,00001748
5961,49238100,FF18FFAA,000003D5,FF750000,FFFF0004,0019CBB3,3C6401AA,28008E1D,D0FD8016,00000020,00001749
5962,50947100,FF13FFAE,000003D5,FF760000,FFFF0004,0019CB8B,3C6381FE,28008E1D,D0FD8816,00000020,0000174A
5963,50514000,FF1BFFAE,000003D5,FF770000,FFFF0004,0019CB64,3C63819E,28008E1D,D0FD9016,00000020,0000174B
5964,50095100,FF18FFAF,000003D5,FF780000,00000004,0019CB3D,3C6381BC,28008E1D,D0FD9816,00000020,0000174C
5965,50335200,FF1EFFAD,000003D5,FF7A0000,00000004,0019CB16,3C630199,28008E1D,D0FDA016,00000020,0000174D
5966,51783100,FF1CFFAE,000003D5,FF7B0000,00000004,0019CAF0,3C6301A2,28008E1D,D0FDA816,00000020,0000174E
5967,50640000,FF24FFB2,000003D5,FF7C0000,00000004,0019CACA,3C628187,28008E1D,D0FDB016,00000020,0000174F
5968,49834000,FF21FFAC,000003D5,FF7E0000,00000004,0019CAA4,3C6281B4,28008E1D,D0FDC016,00000020,00001750
5969,50746200,FF28FFB2,000003D5,FF800000,00000004,0019CA80,3C6201C9,28008E1D,D0FDC816,00000020,00001751
5970,50649200,FF26FFBF,000003D5,FF810000,00000004,0019CA5B,3C620192,28007F42,D0FDD016,00000020,00001752
5971,50847700,FF2BFFDF,000003D5,FF830000,00000004,0019CA37,3C618181,28007F42,D0FDD816,00000020,00001753
5972,49608200,FF320007,000003D5,FF840000,00000004,0019CA13,3C6201A6,28007F42,D0FDE816,00000020,00001754
5973,50108200,FF32002D,000003D5,FF860000,00000004,0019C9F0,3C618186,28007F42,D0FDF816,00000020,00001755
5974,49653700,FF390048,000003D5,FF870000,00000004,0019C9CD,3C62018E,28007F42,D0FE0016,00000020,00001756
5975,52027100,FF370060,000003D5,FF890000,00000004,0019C9AB,3C62819A,28007F42,D0FE1016,00000020,00001757
5976,50458600,FF3F0070,000003D5,FF8B0000,00000004,0019C989,3C6301FB,28007F42,D0FE2816,00000020,00001758
5977,50028200,FF400078,000003D5,FF8C0000,00000004,0019C968,3C630190,28007F42,D0FE3016,00000020,00001759
5978,52519000,FF430084,000003D5,FF8E0000,00010004,0019C947,3C63018E,28007F42,D0FE4016,00000020,0000175A
5979,51034300,FF43008B,000003D5,FF900000,00010004,0019C927,3C6481BF,28007F42,D0FE5016,00000020,0000175B
5980,50391300,FF4B008E,000003D5,FF920000,00010003,0019C907,3C6401B4,28007F42,D0FE5816,00000020,0000175C
5981,51787100,FF470094,000003D5,FF930000,00010003,001AC8E8,3C6501BB,28007F42,D0FE6816,00000020,0000175D
5982,51425200,FF4C0093,000003D5,FF950000,00010003,001AC8C9,3C650199,28007F42,D0FE7016,00000020,0000175E
5983,50259200,FF51009B,000003D5,FF970000,00010003,001AC8AA,3C65818E,28007F42,D0FE8016,00000020,0000175F
5984,50007400,FF4D0098,000003D5,FF980000,00010003,001AC88D,3C6601B5,28007F42,D0FE8816,00000020,00001760
5985,50982400,FF52009E,000003D5,FF990000,00010003,001AC86F,3C6681AC,28007F42,D0FE8816,00000020,00001761
5986,50175000,FF50009A,000003D5,FF9A0000,00010003,001AC852,3C6781D7,28007F42,D0FE9816,00000020,00001762
5987,50954700,FF55009F,000003D5,FF9B0000,00010003,001AC835,3C6701B4,28007F42,D0FE9816,00000020,00001763
5988,48162500,FF5500A2,000003D5,FF9C0000,00010003,001AC818,3C678184,28007F42,D0FE9816,00000020,00001764
5989,51354100,FF5800A0,000003D5,FF9D0000,00010003,001BC7FC,3C680187,28007F42,D0FEA016,00000020,00001765
5990,51333100,FF5200A0,000003D5,FF9D0000,00010003,001BC7DF,3C6901B3,28007F42,D0FEA016,00000020,00001766
5991,51293000,FF5600A3,000003D5,FF9E0000,00010003,001BC7C3,3C690186,28007F42,D0FEA016,00000020,00001767
5992,48806300,FF5800A2,000003D5,FF9E0000,00010003,001BC7A7,3C698198,28007F42,D0FEA016,00000020,00001768
5993,50606700,FF5600A4,000003D5,FF9E0000,00010003,001BC78B,3C6A81A5,28007F42,D0FEA016,00000020,00001769
5994,51266600,FF5500A9,000003D5,FF9E0000,00010003,001BC76F,3C6A8194,28007F42,D0FE9816,00000020,0000176A
5995,53634500,FF5700A2,000003D5,FF9E0000,00010003,001BC752,3C6B0187,28007F42,D0FE9816,00000020,0000176B
5996,49637800,FF5500A4,000003D5,FF9D0000,00010003,001BC736,3C6B8184,28007F42,D0FE9016,00000020,0000176C
5997,51017000,FF5500A7,000003D5,FF9D0000,00010003,001CC71A,3C6D01B3,28007F42,D0FE9016,00000020,0000176D
5998,47866200,FF5200AA,000003D5,FF9D0000,00010003,001CC6FE,3C6C818C,28007F42,D0FE8816,00000020,0000176E
5999,51096800,FF4F00AB,000003D5,FF9C0000,00010003,001CC6E1,3C6D01D2,28007F42,D0FE8016,00000020,0000176F
6000,136171100,FF5400A6,000003D5,FF9B0000,00010003,001CC6C4,3C6D8186,2800708D,D0FE7816,00000020,00001770
6001,16815400,FF4E00AC,000003D5,FF9B0000,00010003,001CC6A7,3C6F01AD,2800708D,D0FE7016,00000020,00001771
6002,52503600,FF4F00AA,000003D5,FF9A0000,00010003,001CC68A,3C6E8199,2800708D,D0FE6816,00000020,00001772
6003,49121800,FF4800A8,000003D5,FF990000,00010003,001CC66D,3C7001CE,2800708D,D0FE6016,00000020,00001773
6004,50483000,FF4B0080,000003D5,FF990000,00010003,001CC64F,3C7001C9,2800708D,D0FE5816,00000020,00001774
6005,50962900,FF450033,000003D5,FF990001,00010003,001CC632,3C70019F,2800708D,D0FE5016,00000020,00001775
6006,51640700,FF45FFF6,000003D5,FF980001,00010003,001CC614,3C6F818D,2800708D,D0FE4816,00000020,00001776
6007,48429500,FF40FFD6,000003D5,FF980001,00000003,001CC5F6,3C6F8197,2800708D,D0FE3816,00000020,00001777
6008,51424700,FF3EFFBF,000003D5,FF970001,00000003,001CC5D8,3C6F0186,2800708D,D0FE2816,00000020,00001778
6009,128877800,FF3FFFB5,000003D5,FF950001,00000003,001CC5BA,3C6F81B3,2800708D,D0FE2016,00000020,00001779
6010,14612100,FF3CFFAC,000003D5,FF940001,00000004,001CC59B,3C6F01B3,2800708D,D0FE1016,00000020,0000177A
6011,56432000,FF38FFAA,000003D5,FF930000,00000004,001CC57C,3C6F81B5,2800708D,D0FE0816,00000020,0000177B
6012,43394700,FF39FFA8,000003D5,FF910000,00000004,001CC55C,3C6F01EC,2800708D,D0FE0016,00000020,0000177C
6013,51073300,FF35FFA5,000003D5,FF900000,00000004,001CC53C,3C6E81AE,2800708D,D0FDF816,00000020,0000177D
6014,48721500,FF34FFA9,000003D5,FF8E0000,00000004,001CC51C,3C6D81AD,2800708D,D0FDE816,00000020,0000177E
6015,50731000,FF33FFA4,000003D5,FF8D0000,00000004,001CC4FB,3C6D8188,2800708D,D0FDE016,00000020,0000177F
6016,50500300,FF2DFFA5,000003D5,FF8B0000,00000004,001CC4D9,3C6D01D3,2800708D,D0FDD816,00000020,00001780
6017,50745000,FF2DFFA5,000003D5,FF8A0000,00000004,001CC4B8,3C6D81C6,2800708D,D0FDD016,00000020,00001781
6018,50014900,FF2CFF88,000003D5,FF890000,FFFF0004,001CC495,3C6D01DC,2800708D,D0FDC816,00000020,00001782
6019,51938400,FF2BFF38,000003D5,FF870001,FFFF0004,001BC473,3C6D01DA,2800708D,D0FDC016,00000020,00001783
6020,49117500,FF27FF30,000003D5,FF860001,FFFF0004,001BC450,3C6B0185,2800708D,D0FDC016,00000020,00001784
6021,48581100,FF27FF5F,000003D5,FF850000,FFFF0004,001BC42D,3C6B81B0,2800708D,D0FDB816,00000020,00001785
6022,51015800,FF23FFA8,000003D4,FF840000,FFFF0004,001BC40A,3C6A8196,2800708D,D0FDB016,00000020,00001786
6023,52058100,FF20FFA4,000003D5,FF830000,FFFF0004,001BC3E6,3C6A81A8,2800708D,D0FDB016,00000020,00001787
6024,49485900,FF25FFAA,000003D5,FF820000,FFFF0004,001BC3C2,3C6A81A3,2800708D,D0FDB016,00000020,00001788
6025,50355600,FF1DFFA6,000003D5,FF810000,FFFF0004,001BC39E,3C6A81BF,2800708D,D0FDB016,00000020,00001789
6026,49987200,FF24FFAA,000003D5,FF810000,FFFF0004,001BC37A,3C69818C,2800708D,D0FDA816,00000020,0000178A
6027,50727300,FF1EFFA8,000003D5,FF800000,FFFF0004,001BC355,3C6A81F8,2800708D,D0FDA816,00000020,0000178B
6028,51145600,FF20FFA9,000003D5,FF800000,00000004,001BC330,3C6901FB,2800708D,D0FDB016,00000020,0000178C
6029,50733600,FF1EFFAA,000003D5,FF800000,00000004,001BC30C,3C6981BF,2800708D,D0FDB016,00000020,0000178D
6030,50708300,FF22FFAA,000003D5,FF800000,00000004,001AC2E7,3C68819E,280063A4,D0FDB016,00000020,0000178E
6031,51167100,FF1EFFA9,000003D5,FF800000,00000004,001AC2C2,3C688218,280063A4,D0FDB016,00000020,0000178F
6032,50120200,FF20FFAA,000003D5,FF800000,00000004,001AC29E,3C6881BF,280063A4,D0FDB016,00000020,00001790
6033,50895800,FF23FFAC,000003D5,FF800000,00000004,001AC279,3C6801EE,280063A4,D0FDB816,00000020,00001791
6034,49899800,FF20FFA8,000003D5,FF810000,00000004,001AC255,3C67018A,280063A4,D0FDB816,00000020,00001792
6035,51942200,FF23FFAC,000003D5,FF810000,00000004,001AC230,3C67018A,280063A4,D0FDC016,00000020,00001793
6036,50136400,FF22FFAA,000003D5,FF820000,00000004,001AC20C,3C668196,280063A4,D0FDC016,00000020,00001794
6037,51283600,FF27FFAC,000003D5,FF820000,00000004,001AC1E8,3C67821B,280063A4,D0FDC016,00000020,00001795
6038,50598900,FF25FFAB,000003D5,FF830000,00000004,001AC1C4,3C660188,280063A4,D0FDC816,00000020,00001796
6039,49690100,FF26FFAD,000003D5,FF840000,00000004,001AC1A0,3C6701CE,280063A4,D0FDD016,00000020,00001797
6040,50326900,FF28FFAB,000003D5,FF840000,00000004,001AC17D,3C6681F3,280063A4,D0FDD016,00000020,00001798
6041,50499900,FF2CFFAE,000003D5,FF850000,00000004,001AC15A,3C6601EA,280063A4,D0FDD816,00000020,00001799
6042,49834400,FF2CFFAC,000003D5,FF860000,00000004,001AC137,3C650190,280063A4,D0FDE016,00000020,0000179A
6043,50615100,FF30FFAD,000003D5,FF870000,00000004,001AC114,3C65018D,280063A4,D0FDE816,00000020,0000179B
6044,50760400,FF2CFFAF,000003D5,FF880000,00000004,001AC0F1,3C6501A9,280063A4,D0FDE816,00000020,0000179C
6045,50863000,FF34FFBE,000003D5,FF880000,00000004,0019C0CF,3C6401BE,280063A4,D0FDF016,00000020,0000179D
6046,51264100,FF32FFDB,000003D5,FF890000,00000004,0019C0AD,3C6501C2,280063A4,D0FDF816,00000020,0000179E
6047,51048700,FF360007,000003D5,FF8A0000,00000004,0019C08B,3C648195,280063A4,D0FE0016,00000020,0000179F
6048,50809400,FF3A002A,000003D5,FF8B0000,00000004,001AC069,3C6481AA,280063A4,D0FE0816,00000020,000017A0
6049,51153100,FF37004A,000003D5,FF8B0000,00000004,001AC047,3C6581F7,280063A4,D0FE1016,00000020,000017A1
6050,51191700,FF3C0060,000003D5,FF8C0000,00000004,001AC026,3C6581B7,280063A4,D0FE2016,00000020,000017A2
6051,49897900,FF400070,000003D5,FF8D0000,00000004,001AC005,3C6501B7,280063A4,D0FE2816,00000020,000017A3
6052,51989800,FF42007E,000003D5,FF8E0000,00000004,001ABFE4,3C6601B9,280063A4,D0FE3016,00000020,000017A4
6053,51183100,FF400085,000003D5,FF8F0000,00010004,001ABFC4,3C6681C2,280063A4,D0FE3816,00000020,000017A5
6054,49741000,FF46008D,000003D5,FF910000,00010004,001ABFA4,3C6681DB,280063A4,D0FE4816,00000020,000017A6
6055,51298300,FF430093,000003D5,FF920000,00010003,001ABF84,3C6701A4,280063A4,D0FE5016,00000020,000017A7
6056,52114200,FF4A0096,000003D5,FF930000,00010003,001ABF65,3C6781F3,280063A4,D0FE5816,00000020,000017A8
6057,50878500,FF44009B,000003D5,FF940000,00010003,001ABF46,3C678185,280063A4,D0FE6016,00000020,000017A9
6058,50552000,FF4A009A,000003D5,FF950000,00010003,001BBF27,3C6981E8,280063A4,D0FE6816,00000020,000017AA
6059,50714200,FF48009F,000003D5,FF960000,00010003,001BBF09,3C688192,280063A4,D0FE6816,00000020,000017AB
6060,50154000,FF4C00A1,000003D5,FF970000,00010003,001BBEEA,3C6A01D4,280057D9,D0FE7016,00000020,000017AC
6061,51921000,FF4A009E,000003D5,FF980000,00010003,001BBECC,3C698190,280057D9,D0FE7816,00000020,000017AD
6062,49996900,FF4B00A5,000003D5,FF980000,00010003,001BBEAF,3C6A0184,280057D9,D0FE7016,00000020,000017AE
6063,50344200,FF4E00A4,000003D5,FF990000,00010003,001BBE91,3C6A818E,280057D9,D0FE7816,00000020,000017AF
6064,49565500,FF4A00A3,000003D5,FF990000,00010003,001BBE74,3C6C01D9,280057D9,D0FE7816,00000020,000017B0
6065,52266400,FF4A00A5,000003D5,FF990000,00010003,001BBE56,3C6C01D9,280057D9,D0FE7816,00000020,000017B1
6066,49341200,FF4D00A8,000003D5,FF990000,00010003,001CBE39,3C6C01A3,280057D9,D0FE7016,00000020,000017B2
6067,50162000,FF4B00A7,000003D5,FF990000,00010003,001CBE1B,3C6D81C2,280057D9,D0FE7016,00000020,000017B3
6068,50608600,FF4C00A8,000003D5,FF990000,00010003,001CBDFE,3C6D81B8,280057D9,D0FE7016,00000020,000017B4
6069,50346000,FF4A00A8,000003D5,FF990000,00010003,001CBDE0,3C6D818B,280057D9,D0FE6816,00000020,000017B5
6070,51476800,FF4A00AA,000003D5,FF990000,00010003,001CBDC3,3C6E81AD,280057D9,D0FE6816,00000020,000017B6
6071,51295000,FF4B00A5,000003D5,FF990000,00010003,001CBDA5,3C6F01B2,280057D9,D0FE6016,00000020,000017B7
6072,50927500,FF430080,000003D5,FF980000,00010003,001CBD88,3C6F81BA,280057D9,D0FE5816,00000020,000017B8
6073,50133100,FF450034,000003D5,FF990001,00010003,001CBD6A,3C6F01B6,280057D9,D0FE5016,00000020,000017B9
6074,49614700,FF46FFF8,000003D5,FF990001,00010003,001CBD4C,3C6F01A4,280057D9,D0FE5016,00000020,000017BA
6075,51010000,FF41FFD4,000003D5,FF980001,00000003,001CBD2F,3C6F0191,280057D9,D0FE4016,00000020,000017BB
6076,50387800,FF3EFFC1,000003D5,FF970001,00000003,001CBD11,3C6E8188,280057D9,D0FE3816,00000020,000017BC
6077,51197900,FF41FFB5,000003D5,FF970001,00000003,001CBCF3,3C6E8187,280057D9,D0FE3016,00000020,000017BD
6078,51231300,FF3DFFAB,000003D5,FF960001,00000003,001CBCD4,3C70021D,280057D9,D0FE2016,00000020,000017BE
6079,49377000,FF3DFFAC,000003D5,FF940000,00000004,001CBCB6,3C6E81D6,280057D9,D0FE1816,00000020,000017BF
6080,50162500,FF39FFA9,000003D5,FF930000,00000004,001CBC96,3C6E0192,280057D9,D0FE1016,00000020,000017C0
6081,51775900,FF3BFFA7,000003D5,FF920000,00000004,001CBC77,3C6D81B3,280057D9,D0FE0816,00000020,000017C1
6082,50218300,FF36FFA8,000003D5,FF910000,00000004,001CBC57,3C6E01C8,280057D9,D0FE0016,00000020,000017C2
6083,49151500,FF37FFA6,000003D5,FF8F0000,00000004,001CBC37,3C6C818C,280057D9,D0FDF816,00000020,000017C3
6084,51093600,FF32FFA6,000003D5,FF8E0000,00000004,001CBC17,3C6D01C4,280057D9,D0FDF016,00000020,000017C4
6085,50195900,FF35FFA6,000003D5,FF8D0000,00000004,001CBBF6,3C6C8192,280057D9,D0FDE816,00000020,000017C5
6086,50377900,FF32FFA9,000003D5,FF8C0000,00000004,001BBBD5,3C6C0190,280057D9,D0FDE816,00000020,000017C6
6087,51415400,FF30FFA7,000003D5,FF8B0000,00000004,001BBBB3,3C6C0194,280057D9,D0FDE016,00000020,000017C7
6088,51295900,FF31FFA6,000003D5,FF8B0000,00000004,001BBB92,3C6C019F,280057D9,D0FDE816,00000020,000017C8
6089,50318800,FF2DFFA8,000003D5,FF8B0000,00000004,001BBB70,3C6C01C8,280057D9,D0FDF016,00000020,000017C9
6090,50548100,FF31FFA7,000003D5,FF8B0000,00000004,001BBB4E,3C6B01B4,28004D47,D0FDF016,00000022,000017CA
6091,50639200,FF2EFFA9,000003D5,FF8B0000,00000004,001BBB2D,3C6B01F5,28004D47,D0FDF816,00000022,000017CB
6092,51119700,FF31FFA8,000003D5,FF8D0000,00000004,001BBB0C,3C6B81DD,28004D47,D0FE1016,00000022,000017CC
6093,49647200,FF33FFAA,000003D5,FF8E0000,00000004,001BBAEB,3C6A019B,28004D47,D0FE1816,00000022,000017CD
6094,51014200,FF34FFA8,000003D5,FF900000,00000004,001BBACB,3C6B01F8,28004D47,D0FE2816,00000022,000017CE
6095,50909500,FF3AFFAB,000003D5,FF930000,00000004,001BBAAB,3C698195,28004D47,D0FE4816,00000022,000017CF
6096,51271900,FF39FFBA,000003D5,FF950000,00000004,001BBA8C,3C6A01AA,28004D47,D0FE6016,00000022,000017D0
6097,50838800,FF43FFD7,000003D5,FF980000,00000004,001BBA6E,3C69019A,28004D47,D0FE7816,00000022,000017D1
6098,50267900,FF420004,000003D5,FF9B0000,00000004,001BBA51,3C6A025C,28004D47,D0FE9016,00000022,000017D2
6099,51140800,FF48002B,000003D5,FF9E0000,00000003,001BBA35,3C69819F,28004D47,D0FEC816,00000022,000017D3
6100,50881100,FF53004D,000003D5,FFA2FFFF,00000003,001BBA19,3C698188,28004D47,D0FEF016,00000022,000017D4
6101,50664900,FF530063,000003D5,FFA6FFFF,00000003,001BB9FF,3C6981A3,28004D47,D0FF1816,00000022,000017D5
6102,51176700,FF5E0076,000003D5,FFAA0000,00000003,001BB9E6,3C6B01B5,28004D47,D0FF6016,00000022,000017D6
6103,49578100,FF650083,000003D5,FFAE0000,00000003,001BB9CE,3C6B81C0,28004D47,D0FF9816,00000022,000017D7
6104,50263900,FF69008B,000003D5,FFB30000,00010003,001BB9B7,3C6B81A5,28004D47,D0FFD816,00000022,000017D8
6105,50972600,FF720094,000003D5,FFB70000,00010003,001B4642,3C6C01AC,28004D47,D0FFF816,00000022,000017D9
6106,49126900,FF770099,000003D5,FFBC0000,00010003,001B462E,3C6D0206,28004D47,D0FFF816,00000022,000017DA
6107,50639600,FF80009D,000003D5,FFC10000,00010003,001C461C,3C6C8199,28004D47,D0FFF816,00000022,000017DB
6108,51104500,FF8300A3,000003D5,FFC50000,00010002,001C460A,3C6D019A,28004D47,D0FFF816,00000022,000017DC
6109,50739400,FF8F00A4,000003D5,FFCA0000,00010002,001C45FA,3C6D8193,28004D47,D0FFF816,00000022,000017DD
6110,50975500,FF9500A5,000003D5,FFCE0000,00010002,001C45EC,3C6D81A7,28004D47,D0FFF816,00000022,000017DE
6111,50254500,FF9B00A9,000003D5,FFD30000,00010002,001C45DE,3C6E8199,28004D47,D0FFF816,00000022,000017DF
6112,50191700,FFA200AA,000003D5,FFD70000,00010002,001C45D2,3C6F81CC,28004D47,D0FFF816,00000022,000017E0
6113,50101300,FFAC00AA,000003D5,FFDB0000,00010002,001C45C7,3C6F81AD,28004D47,D007F816,00000022,000017E1
6114,49910400,FFBA00AD,000103D5,FFE80000,00010002,001D45BF,3C7001A5,28004D47,D007F816,00000022,000017E2
6115,50822700,FFC700AD,000103D5,FFF10000,00010001,001D45B9,3C7101BE,28004D47,D007F816,00000022,000017E3
6116,50515200,FFD200B0,000103D5,FFF70000,00010001,001D45B6,3C710199,28004D47,D007F816,00000022,000017E4
6117,50729000,FFD500AD,000103D5,FFFC0000,00010001,001D45B4,3C7201B6,28004D47,D007F816,00000022,000017E5
6118,50384200,FFE000B1,000003D5,FFFE0000,00010001,001D45B3,3C7281D0,28004D47,D007F816,00000022,000017E6
6119,50557300,FFE600B0,000003D5,00000000,00010001,001D45B3,3C7301A3,28004D47,D007F816,00000022,000017E7
6120,50135800,FFEA00B3,000003D5,00010000,00010001,001D45B4,3C73018F,280043F3,D007F816,00000022,000017E8
6121,50754500,FFF100B4,000003D5,00020000,00010001,001D45B4,3C7381A5,280043F3,D007F816,00000022,000017E9
6122,50478100,FFF600B3,000003D5,00020000,00010000,001E45B5,3C74819D,280043F3,D007F816,00000022,000017EA
6123,50987800,FFF600B7,000003D5,00020000,00010000,001E45B5,3C748198,280043F3,D007F816,00000022,000017EB
6124,50829100,FFFD00B4,000003D5,00020000,00010000,001E45B6,3C7601E1,280043F3,D007F816,00000022,000017EC
6125,52741000,FFFE00B5,000003D5,00010000,00010000,001E45B6,3C7601A1,280043F3,D007F816,00000022,000017ED
6126,49597600,FFFB00B8,000003D5,00010000,00010000,001E45B7,3C76819A,280043F3,D007F816,00000022,000017EE
6127,51218500,000100B7,000003D5,00010000,00010000,001E45B7,3C7701A3,280043F3,E007F816,00000022,000017EF
6128,50648800,000100B9,000003D5,00010000,00010000,001E45B7,3C778191,280043F3,E007F816,00000022,000017F0
6129,50666000,FFFC00B8,000003D5,00010000,00010000,001F45B7,3C78819C,280043F3,E007F816,00000022,000017F1
6130,51058800,000400BB,000003D5,00000000,00010000,001F45B7,3C7881B3,280043F3,E007F816,00000022,000017F2
6131,51192200,FFFF00BB,000003D5,00000000,00010000,001F45B8,3C7981B8,280043F3,E007F816,00000022,000017F3
6132,50968600,000100BC,000003D5,00000000,00010000,001F45B8,3C7A0193,280043F3,E007F816,00000022,000017F4
6133,49998600,000100BD,000003D5,00000000,00010000,001F45B8,3C7A0186,280043F3,E007F816,00000022,000017F5
6134,47682800,FFFF00BD,000003D5,00000000,00010000,001F45B8,3C7D024B,280043F3,E007F816,00000022,000017F6
6135,156945400,000100BE,000003D5,00000000,00010000,002045B8,3C7C81D7,280043F3,E007F816,00000022,000017F7
6136,16208600,000000C0,000003D5,00000000,00010000,002045B8,3C7D01C3,280043F3,E007F816,00000022,000017F8
6137,51738500,FFFF00C1,000003D5,00000000,00010000,002045B8,3C7C81A6,280043F3,E007F816,00000022,000017F9
6138,49130500,000300BF,000003D5,00000000,00010000,002045B8,3C7D0189,280043F3,E007F816,00000022,000017FA
6139,48566400,000900C3,000003D5,00090000,00010000,002045B9,3C7D818E,280043F3,E007F816,00000022,000017FB
6140,50787300,001600C4,000003D5,00100000,00010000,002045BD,3C7E01A9,280043F3,E007F816,00000022,000017FC
