sample_seq,host_gap_ns,reg0,reg1,reg2,reg3,reg4,reg5,reg6,reg7,reg8,reg9
1,0,00000000,000003D5,00000000,00000000,0000DCC2,3C004E20,2BFCE494,4007F816,00000001,00000001
2,103129700,F800F800,0000F800,00000000,00000000,0000DCC2,3C004E20,2BF8E494,4007F816,00000001,00000002
3,136003500,00000000,00000001,00000000,00000000,0000DCC2,3C004E20,2BF4E494,4007F816,00000001,00000003
4,104403900,00000000,00000001,00000000,00000000,0000DCC2,3C004E20,2BF0E494,4007F816,00000001,00000004
5,99183000,00000047,000005F4,00000001,00000000,00FFDCC2,3C004E20,2BF8E494,5007F816,00000001,00000005
6,89857700,0000002D,000007FF,0000FFFF,00000000,0000DCC2,3C004E20,2BFCE494,4007F816,00000001,00000006
7,89551000,FFFF0115,0000077A,0004FFFE,00000000,0000DCC2,3C004E20,2BFCE494,4007F816,00000021,00000007
8,98675600,00010193,000005EC,FFEFFFFF,00010000,0000DCC1,3C004E20,2800E494,4007F816,00000021,00000008
9,110017000,000201B6,000004DF,000AFFFE,00010000,0001DCC1,3C004E20,2800E494,4007F816,00000021,00000009
10,126375700,000201C2,00000437,000EFFFF,00020000,0001DCC1,3C004E20,2800E494,4007F816,00000021,0000000A
11,137296000,00060165,000003D7,FFF60000,00020000,0001DCBE,3C004E20,2800E494,4007F816,00000021,0000000B
12,130780600,FFF4019D,000003A7,0005FFFF,00020000,0002DCBF,3C004E20,2800E494,4007F816,00000021,0000000C
13,157745300,00050192,00000397,FFF70000,00020000,0002DCBD,3C004E20,2800E494,4007F816,00000021,0000000D
14,136130400,FFFD019E,00000397,00000000,00020000,0002DCBC,3C004E20,2800E494,4007F816,00000021,0000000E
15,151255600,00010178,000003A0,FFFD0000,00020000,0002DCBB,3C004E20,2800E494,5007F816,00000021,0000000F
16,156882300,FFFC01BC,000003AB,FFFF0000,00020000,0003DCBA,3C004E20,2800E494,5007F816,00000021,00000010
17,142371900,FFFF018B,000003B7,00000000,00020000,0003DCBA,3C004E20,2800E494,5007F816,00000021,00000011
18,147280900,000001A9,000003C0,00000000,00020000,0003DCBA,3C004E20,2800E494,5007F816,00000021,00000012
19,150751500,00000184,000003C8,00000000,00020000,0004DCBA,3C004E20,2800E494,5007F816,00000021,00000013
20,146989500,00000176,000003CE,00000000,00020000,0004DCBA,3C004E20,2800E494,5007F816,00000021,00000014
21,170210500,00000168,000003D1,00000000,00020000,0004DCBA,3C004E20,2800E494,5007F816,00000021,00000015
22,128352600,0000017E,000003D3,00000000,00020000,0005DCBA,3C004E20,2800E494,5007F816,00000021,00000016
23,160164100,00000180,000003D5,00000000,00020000,0005DCBA,3C004E20,2800E494,5007F816,00000021,00000017
24,129811300,0000018C,000003D5,00000000,00020000,0005DCBA,3C004E20,2800E494,6007F816,00000021,00000018
25,128644300,0000018A,000003D6,00000000,00020000,0006DCBA,3C004CC8,2800E494,6007F816,00000008,00000019
26,137527100,00000187,000003D6,00000000,00020000,0006DCBA,3C004E20,2800E494,6007F816,00000020,0000001A
27,134943000,0000015B,000003D6,00000000,00020000,0006DCBA,3C004C8E,2800E494,6007F816,00000008,0000001B
28,174672900,0000013D,000003D6,00000000,00020000,0006DCBA,3C004E20,2800E494,6007F816,00000020,0000001C
29,128455300,00000128,000003D5,00000000,00020000,0007DCBA,3C004CB0,2800E494,6007F816,00000008,0000001D
30,108068600,00000120,000003D5,00000000,00020000,0007DCBA,3C004E20,280140E3,6007F816,00000020,0000001E
31,113502000,0000011D,000003D5,00000000,00020000,0007DCBA,3C004C6E,280140E3,6007F816,00000008,0000001F
32,105635900,0000011E,000003D5,00000000,00020000,0007DCBA,3C004E20,280140E3,6007F816,00000020,00000020
33,103132600,00000121,000003DA,00000000,00020000,0007DCBA,3C004CB2,280140E3,6007F816,00000008,00000021
34,107402700,00000112,000003D4,00000000,00020000,0008DCBA,3C004E20,280140E3,6007F816,00000020,00000022
35,113832800,0000FFFE,000003D3,00000001,00010000,0008DCBA,3C004CB4,280140E3,7007F816,00000008,00000023
36,96741300,00000054,000003D3,00000001,00010000,0008DCBA,3C004E20,280140E3,7007F816,00000020,00000024
37,97394100,00000084,000003D4,00000001,00010000,0008DCBA,3C004C71,280140E3,7007F816,00000008,00000025
38,104128000,000000DC,000003D4,00000000,00010000,0008DCBA,3C004E20,280140E3,7007F816,00000020,00000026
39,110115600,00000067,000003D5,00000000,00010000,0008DCBA,3C004C7A,280140E3,7007F816,00000008,00000027
40,446235100,000000A1,000003D5,00000000,00010000,0008DCBA,3C004E20,280140E3,7007F816,00000020,00000028
41,73793000,0000009F,000003D5,00000000,00010000,0008DCBA,3C004C93,280140E3,B007F816,00000008,00000029
42,121958700,00000113,000003D5,00000000,00010000,0009DCBA,3C004E20,280140E3,9007F816,00000020,0000002A
43,106213900,0000005F,000003D6,00000001,00010000,0009DCBA,3C004E20,280140E3,9007F816,00000021,0000002B
44,107955200,0000005A,000003D5,00000000,00010000,0009DCBA,3C004E20,280140E3,9007F816,00000021,0000002C
45,91750500,0000002E,000003D5,00000001,00010000,0009DCBA,3C004E20,280140E3,9007F816,00000021,0000002D
46,111573500,00000076,000003D5,00000000,00010000,0009DCBA,3C004E20,280140E3,9007F816,00000021,0000002E
47,112233600,0000008B,000003D5,00000000,00010000,0009DCBA,3C004E20,280140E3,9007F816,00000021,0000002F
48,116207500,000000E7,000003D5,0000FFFF,00010000,0009DCBA,3C004E20,280140E3,9007F816,00000021,00000030
49,114052500,000000E9,000003D5,00000000,00010000,0009DCBA,3C004E20,280140E3,9007F816,00000021,00000031
50,125493800,00000133,000003D5,0000FFFF,00010000,000ADCBA,3C004E20,280140E3,9007F816,00000021,00000032
51,116753800,00000128,000003D5,00000000,00010000,000ADCBA,3C004E20,280140E3,9007F816,00000021,00000033
52,141219800,00000164,000003D5,0000FFFF,00020000,000ADCBA,3C004E20,280140E3,9007F816,00000021,00000034
53,124754100,00000151,000003D5,00000000,00020000,000ADCBA,3C004E20,280140E3,9007F816,00000021,00000035
54,124672700,00000187,000003D5,0000FFFF,00020000,000BDCBA,3C004E20,280140E3,9007F816,00000021,00000036
55,110848300,0000016E,000003D5,00000000,00020000,000BDCBA,3C004E20,280140E3,9007F816,00000021,00000037
56,113127000,0000019D,000003D5,0000FFFF,00020000,000BDCBA,3C004E20,280140E3,9007F816,00000021,00000038
57,108805900,00000187,000003D5,00000000,00020000,000CDCBA,3C004E20,280140E3,9007F816,00000021,00000039
58,130424500,000001B0,000003D5,00000000,00020000,000CDCBA,3C004E20,280140E3,9007F816,00000021,0000003A
59,114487700,0000019A,000003D5,00000000,00020000,000CDCBA,3C004E20,280140E3,9007F816,00000021,0000003B
60,122495800,000001C1,000003D5,00000000,00020000,000DDCBA,3C004E20,28016BEE,9007F816,00000021,0000003C
61,133340100,000001AA,000003D5,00000000,00020000,000DDCBA,3C004E20,28016BEE,9007F816,00000021,0000003D
62,135886400,000001D0,000003D5,00000000,00030000,000DDCBA,3C004E20,28016BEE,9007F816,00000021,0000003E
63,124297800,000001BD,000003D5,00000000,00030000,000EDCBA,3C004E20,28016BEE,9007F816,00000021,0000003F
64,123811000,000001DE,000003D5,00000000,00030000,000EDCBA,3C004E20,28016BEE,9007F816,00000021,00000040
65,108503100,000001CC,000003D5,00000000,00030000,000EDCBA,3C004E20,28016BEE,9007F816,00000021,00000041
66,100994200,000001F1,000003D5,00000000,00030000,000FDCBA,3C004E20,28016BEE,A007F816,00000021,00000042
67,112853100,000001DE,000003D5,00000000,00030000,000FDCBA,3DED4E20,28016BEE,A007F816,00000020,00000043
68,97858900,000001D7,000003D5,00000000,00030000,0010DCBA,3C12CE20,2BFD6BEE,A007F816,00000020,00000044
69,99671800,0000012C,000003D6,00000001,00030000,0010DCBA,3DED4E20,28016BEE,A007F816,00000020,00000045
70,96693100,00000089,000003D6,00000002,00020000,0010DCBA,3C12CE20,28016BEE,A007F816,00000020,00000046
71,97025600,0000FFE1,000003D6,00000002,00020000,0010DCBA,3DED4E20,28016BEE,A007F816,00000020,00000047
72,106155600,0000FF9C,000003D5,00000002,00010000,0010DCBA,3C12CE20,28016BEE,A007F816,00000020,00000048
73,102836900,0000FF53,000003D5,00000002,00000000,000FDCBA,3DED4E20,28016BEE,A007F816,00000020,00000049
74,100941600,0000FF46,000003D5,00000001,00000000,000FDCBA,3C12CE20,28016BEE,A007F816,00000020,0000004A
75,88633700,0000FF1F,000003D5,00000001,00000000,000FDCBA,3DED4E20,28016BEE,A007F816,00000020,0000004B
76,89675500,0000FF2B,000003D5,00000001,FFFF0000,000FDCBA,3C12CE20,28016BEE,A007F816,00000020,0000004C
77,96583900,0000FF0D,000003D5,00000001,FFFF0000,000FDCBA,3DED4E20,28016BEE,A007F816,00000020,0000004D
78,100882000,0000FF23,000003D5,00000000,FFFF0000,000FDCBA,3C12CE20,28016BEE,A007F816,00000020,0000004E
79,79719300,0000FF0B,000003D5,00000000,FFFF0000,000EDCBA,3DED4E20,28016BEE,A007F816,00000020,0000004F
80,121394700,0000FF21,000003D5,00000000,FFFF0000,000EDCBA,3C12CE20,28016BEE,A007F816,00000020,00000050
81,99659000,0000FF0A,000003D5,00000000,FFFF0000,000EDCBA,3DED4E20,28016BEE,9007F816,00000020,00000051
82,107190600,0000FF26,000003D5,00000000,FFFF0000,000EDCBA,3C12CE20,28016BEE,9007F816,00000020,00000052
83,94474500,0000FF0C,000003D5,00000000,FFFF0000,000EDCBA,3DED4E20,28016BEE,9007F816,00000020,00000053
84,108711400,0000FF27,000003D5,00000000,FFFF0000,000DDCBA,3C12CE20,28016BEE,9007F816,00000020,00000054
85,91101900,0000FF0F,000003D5,00000000,FFFF0000,000DDCBA,3DED4E20,28016BEE,9007F816,00000020,00000055
86,90942100,0000FF2C,000003D5,00000000,FFFF0000,000DDCBA,3C12CE20,28016BEE,9007F816,00000020,00000056
87,102434300,0000FF12,000003D5,00000000,FFFF0000,000DDCBA,3DED4E20,28016BEE,9007F816,00000020,00000057
88,92673200,0000FF2F,000003D5,00000000,FFFF0000,000DDCBA,3C12CE20,28016BEE,9007F816,00000020,00000058
89,91267200,0000FF14,000003D5,00000000,FFFF0000,000DDCBA,3DED4E20,28016BEE,9007F816,00000020,00000059
90,91336900,0000FF33,000003D5,00000000,FFFF0000,000CDCBA,3C12CE20,28018D74,9007F816,00000020,0000005A
91,87432500,0000FF18,000003D5,00000000,FFFF0000,000CDCBA,3DED4E20,28018D74,9007F816,00000020,0000005B
92,83558900,0000FF37,000003D5,00000000,FFFF0000,000CDCBA,3C12CE20,28018D74,9007F816,00000020,0000005C
93,88554600,0000FF19,000003D5,00000000,FFFF0000,000CDCBA,3DED4E20,28018D74,9007F816,00000020,0000005D
94,434692200,0000FF3A,000003D5,00000000,FFFF0000,000CDCBA,3C12CE20,28018D74,9007F816,00000020,0000005E
95,57962300,0000FF1D,000003D5,00000000,FFFF0000,000CDCBA,3DED4E20,28018D74,9007F816,00000020,0000005F
96,102719600,0000FF3D,000003D5,00000000,FFFF0000,000BDCBA,3C12CE20,28018D74,9007F816,00000020,00000060
97,100766600,0000FF20,000003D5,00000000,FFFF0000,000BDCBA,3C004E20,28018D74,9007F816,00000021,00000061
98,98110600,0000FF5A,000003D5,00000000,FFFF0000,000BDCBA,3C004E20,28018D74,9007F816,00000021,00000062
99,97088500,0000FF73,000003D5,00000000,FFFF0000,000BDCBA,3C004E20,28018D74,9007F816,00000021,00000063
100,96111300,0000FFCB,000003D5,0000FFFF,FFFF0000,000BDCBA,3C004E20,28018D74,9007F816,00000021,00000064
101,89277800,0000FFFA,000003D5,0000FFFF,FFFF0000,000BDCBA,3C004E20,28018D74,9007F816,00000021,00000065
102,101170200,0000006D,000003D5,0000FFFF,00000000,000BDCBA,3C004E20,28018D74,9007F816,00000021,00000066
103,105922400,0000009A,000003D5,0000FFFF,00000000,000BDCBA,3C004E20,28018D74,9007F816,00000021,00000067
104,112536600,000000F7,000003D5,0000FFFE,00000000,000CDCBA,3C004E20,28018D74,9007F816,00000021,00000068
105,107085500,0000010A,000003D5,0000FFFF,00010000,000CDCBA,3C004E20,28018D74,9007F816,00000021,00000069
106,119817600,0000014F,000003D5,0000FFFF,00010000,000CDCBA,3C004E20,28018D74,9007F816,00000021,0000006A
107,131855800,00000154,000003D5,0000FFFF,00010000,000CDCBA,3C004E20,28018D74,9007F816,00000021,0000006B
108,121818400,00000188,000003D5,0000FFFF,00020000,000DDCBA,3C004E20,28018D74,9007F816,00000021,0000006C
109,128220200,00000182,000003D5,0000FFFF,00020000,000DDCBA,3C004E20,28018D74,9007F816,00000021,0000006D
110,117613700,000001B0,000003D5,0000FFFF,00020000,000DDCBA,3C004E20,28018D74,9007F816,00000021,0000006E
111,100189000,000001A4,000003D5,00000000,00020000,000EDCBA,3C004E20,28018D74,9007F816,00000021,0000006F
112,91016100,000001CC,000003D5,0000FFFF,00020000,000EDCBA,3C004E20,28018D74,9007F816,00000021,00000070
113,109679600,000001C0,000003D5,00000000,00020000,000EDCBA,3C004E20,28018D74,9007F816,00000021,00000071
114,108585800,000001E2,000003D5,00000000,00030000,000FDCBA,3C004E20,28018D74,A007F816,00000021,00000072
115,108078700,000001D6,000003D5,00000000,00030000,000FDCBA,3C004E20,28018D74,A007F816,00000021,00000073
116,104280600,000001F9,000003D5,00000000,00030000,000FDCBA,3C004E20,28018D74,A007F816,00000021,00000074
117,143153100,000001ED,000003D5,00000000,00030000,0010DCBA,3C004E20,2BFD8D74,A007F816,00000021,00000075
118,127862000,0000020E,000003D5,00000000,00030000,0010DCBA,3C004E20,2BFD8D74,A007F816,00000021,00000076
119,130425700,000001FB,000003D5,00000000,00030000,0011DCBA,3C004E20,2BFD8D74,A007F816,00000021,00000077
120,131396100,00000213,000003D5,00000000,00030000,0011DCBA,3C004E20,2BFDAFE3,A007F816,00000021,00000078
121,125495500,00000204,000003D5,00000000,00030000,0011DCBA,3C004DBC,2BFDAFE3,A007F816,00000008,00000079
122,105369700,000001F0,000003D5,00000000,00030000,0012DCBA,3C004DD9,2BFDAFE3,A007F816,00000020,0000007A
123,100434200,00000147,000003D5,00000001,00030000,0012DCBA,3C004E20,2BFDAFE3,A007F816,00000020,0000007B
124,97305300,00000085,000003D6,00000002,00020000,0012DCBA,3C004DE7,2801AFE3,A007F816,00000008,0000007C
125,86596100,0000FFD5,000003D6,00000002,00020000,0012DCBA,3C004D8C,2801AFE3,A007F816,00000020,0000007D
126,84182700,0000FF81,000003D5,00000002,00010000,0012DCBA,3C004E20,2801AFE3,A007F816,00000020,0000007E
127,88688000,0000FF3F,000003D5,00000002,00000000,0012DCBA,3C004E20,2801AFE3,A007F816,00000020,0000007F
128,93377900,0000FF2A,000003D5,00000002,00000000,0012DCBA,3C004E20,2801AFE3,A007F816,00000020,00000080
129,89265900,0000FF29,000003D5,00000001,00000000,0011DCBA,3C004E20,2801AFE3,A007F816,00000020,00000081
130,90162000,0000FF75,000003D4,00000000,FFFF0000,0011DCBA,3C004E20,2801AFE3,A007F816,00000020,00000082
131,93522900,0000FFB0,000003D4,00000000,FFFF0000,0011DCBA,3C004E20,2801AFE3,A007F816,00000020,00000083
132,98716600,0000001C,000003D4,0000FFFF,FFFF0000,0011DCBA,3C004DFF,2801AFE3,A007F816,00000008,00000084
133,96384700,00000041,000003D5,0000FFFF,00000000,0011DCBA,3C004D95,2801AFE3,A007F816,00000020,00000085
134,91155000,00000011,000003D5,00000000,00000000,0011DCBA,3C004E20,2801AFE3,A007F816,00000020,00000086
135,88870100,0000FFC1,000003D5,00000000,00000000,0011DCBA,3C004DFD,2801AFE3,A007F816,00000008,00000087
136,95101400,0000FFB3,000003D5,00000000,00000000,0011DCBA,3C004E20,2801AFE3,A007F816,00000020,00000088
137,105730400,0000FF6E,000003D5,00000001,00000000,0011DCBA,3C004E20,2801AFE3,A007F816,00000020,00000089
138,97153500,0000FFA3,000003D5,00000000,00000000,0011DCBA,3C004E20,2801AFE3,A007F816,00000020,0000008A
139,89045200,0000FFCA,000003D5,00000000,00000000,0011DCBA,3C004E20,2801AFE3,A007F816,00000020,0000008B
140,86416400,00000032,000003D5,0000FFFF,00000000,0011DCBA,3C004E0C,2801AFE3,A007F816,00000008,0000008C
141,98365400,00000051,000003D5,00000000,00000000,0011DCBA,3C004E11,2801AFE3,A007F816,00000020,0000008D
142,472158100,00000018,000003D5,00000000,00000000,0011DCBA,3C004E20,2801AFE3,A007F816,00000020,0000008E
143,63304300,0000FFC9,000003D5,00000000,00000000,0011DCBA,3C004E20,2801AFE3,A007F816,00000020,0000008F
144,100483100,0000FFD9,000003D5,00000000,00000000,0011DCBA,3C004DEF,2801AFE3,A007F816,00000008,00000090
145,90571800,0000FFCF,000003D5,00000000,00000000,0011DCBA,3C004E20,2801AFE3,A007F816,00000021,00000091
146,95639400,0010FFC2,000003D5,000B0000,00000000,0011DCBC,3C004E20,2801AFE3,A007F816,00000021,00000092
147,90852600,0018FFD2,000003D5,00130000,00000000,0011DCC1,3C004E20,2801AFE3,A007F816,00000021,00000093
148,101092800,001A0018,000003D5,00190000,00000000,0011DCC7,3C004E20,2801AFE3,A007F816,00000021,00000094
149,99965100,001C0073,000003D5,001EFFFF,00000000,0011DCCF,3C004E20,2801AFE3,A007F816,00000021,00000095
150,91345000,002100EE,000003D5,0023FFFF,00000000,0011DCD9,3C004E20,2801CA7B,A007F816,00000021,00000096
151,121778100,00250135,000003D5,0026FFFF,0001FFFF,0012DCE3,3C004E20,2801CA7B,A007F816,00000021,00000097
152,108920500,00290188,000003D5,0028FFFE,0001FFFF,0012DCEE,3C004E20,2801CA7B,A007F816,00000021,00000098
153,146017800,002C01A9,000003D5,002BFFFF,0002FFFF,0012DCFA,3C004E20,2801CA7B,A007F816,00000021,00000099
154,107979900,003001D8,000003D5,002EFFFF,0002FFFF,0013DD07,3C004E20,2801CA7B,A007F816,00000021,0000009A
155,131780200,003301E6,000003D5,0030FFFF,0002FFFF,0013DD15,3C004E20,2801CA7B,A007B016,00000021,0000009B
156,124373500,003601F8,000003D5,0032FFFF,0002FFFF,0013DD23,3C004E20,2BFDCA7B,A007B016,00000021,0000009C
157,129684100,00390202,000003D5,0035FFFF,0003FFFF,0014DD32,3C004E20,2BFDCA7B,A007B016,00000021,0000009D
158,115290500,003D0206,000003D5,00370000,0003FFFF,0014DD41,3C004E20,2BFDCA7B,A007B016,00000021,0000009E
159,111759600,00410211,000003D5,00390000,0003FFFF,0015DD51,3C004E20,2BFDCA7B,A007B016,00000021,0000009F
160,112529100,00450211,000003D5,003B0000,0003FFFF,0015DD62,3C004E20,2BFDCA7B,A007B016,00000021,000000A0
161,117970600,00490218,000003D5,003E0000,0003FFFF,0015DD74,3C004E20,2BFDCA7B,A007B016,00000021,000000A1
162,162304900,004D021A,000003D5,00400000,0003FFFF,0016DD86,3C004E20,2BFDCA7B,A007B016,00000021,000000A2
163,71979100,0051021D,000003D5,00430000,0003FFFF,0016DD99,3C004E20,2BFDCA7B,B007B016,00000021,000000A3
164,120672100,0056021D,000003D5,00450000,0003FFFF,FF17DDAC,3C004E20,2BFDCA7B,B007B016,00000021,000000A4
165,119081700,005A021F,000003D5,00480000,0003FFFE,FF17DDC0,3C004E20,2BFDCA7B,B007B016,00000021,000000A5
166,130104700,005F021D,000003D5,004A0000,0003FFFE,FF18DDD5,3C004E20,2BFDCA7B,B007B016,00000021,000000A6
167,131038800,00630256,000003D4,004D0000,0003FFFE,FF18DDEB,3C004E20,2BFDCA7B,F007A016,00000021,000000A7
168,130147400,0068025B,000003D5,00500000,0003FFFE,FF18DE02,3C004E20,2BFDCA7B,E0078816,00000021,000000A8
169,147188600,006E020B,000003D5,00520000,0003FFFE,FF19DE19,3C004688,2BFDCA7B,E0076816,00000008,000000A9
170,81589900,004F01D0,FFFF03D5,00390001,0003FFFE,FF19DE2C,3C004E20,2BFDCA7B,E0074816,00000020,000000AA
171,101246600,003E0187,FFFF03D5,00260001,0003FFFF,FF1ADE39,3C004600,2BFDCA7B,E0072016,00000008,000000AB
172,98812100,00400136,000003D5,00190001,0003FFFF,FF1ADE41,3C004E20,2BFDCA7B,E006F016,00000020,000000AC
173,95590400,003B00CB,000003D5,000F0001,0002FFFF,FF1ADE47,3C0045FC,2BFDCA7B,E006A816,00000008,000000AD
174,94241700,00330088,000003D5,00080002,0002FFFF,FF1ADE4A,3C004E20,2BFDCA7B,E0066816,00000020,000000AE
175,83998500,002A002B,000003D5,00040002,0002FFFF,FF1ADE4B,3C004718,2801CA7B,E0062816,00000008,000000AF
176,92802200,0021FFD7,000003D5,00010002,0001FFFF,FF1ADE4C,3C004E20,2801CA7B,E005E816,00000020,000000B0
177,89427500,0019FF6B,000003D5,FFFF0002,0001FFFF,FF1ADE4C,3C0045F1,2801CA7B,E005A816,00000008,000000B1
178,80775300,0012FF23,000003D5,FFFF0002,0000FFFF,FF1ADE4C,3C004E20,2801CA7B,E0057816,00000020,000000B2
179,95229700,000DFF10,000003D5,FFFE0001,0000FFFF,FF19DE4B,3C0046CA,2801CA7B,E0054016,00000008,000000B3
180,94842600,0009FF08,000003D5,FFFE0001,FFFF0000,FF19DE4B,3C004E20,2801E0B2,E0050816,00000020,000000B4
181,90919700,0006FF00,000003D5,FFFE0001,FFFF0000,FF19DE4A,3C004614,2801E0B2,E004E016,00000008,000000B5
182,95308100,0004FEFF,000003D5,FFFF0001,FFFF0000,FF19DE4A,3C004E20,2801E0B2,E004B016,00000020,000000B6
183,92048000,0002FEFE,000003D5,FFFF0000,FFFF0000,0019DE49,3C004543,2801E0B2,E0048816,00000008,000000B7
184,96187100,0002FEDA,000003D5,FFFF0001,FFFF0000,0018DE49,3C004E20,2801E0B2,E0046016,00000020,000000B8
185,91605100,0001FE7E,000003D5,FFFF0001,FFFE0000,0018DE49,3C0045F4,2801E0B2,E0044016,00000008,000000B9
186,92030300,0000FE72,000003D5,00000001,FFFE0000,0018DE49,3C004E20,2801E0B2,E00C1816,00000020,000000BA
187,85009900,0065FE6C,000403D5,00500001,FFFEFFFF,0017DE55,3C0046F3,2801E0B2,E00BF816,00000008,000000BB
188,452372800,00D7FE60,000403D5,00990000,FFFEFFFE,0017DE79,3C004E20,2801E0B2,E00BE016,00000020,000000BC
189,65314400,00E0FE64,000303D5,00CD0000,FFFEFFFD,0017DEAE,3C0046AD,2801E0B2,E00BD016,00000008,000000BD
190,106428300,00F9FE6B,000203D5,00F00000,FFFEFFFC,0016DEEF,3C004E20,2801E0B2,E00BC816,00000020,000000BE
191,89369700,0118FE6E,000203D5,01070000,FFFEFFFC,0016DF38,3C004E20,2801E0B2,E00BC816,00000021,000000BF
192,84963000,0135FEA1,000203D4,01120000,FFFEFFFB,0016DF85,3C004E20,2801E0B2,E00BC816,00000021,000000C0
193,93120600,014EFEFF,000103D4,01180000,FFFEFFFB,0016DFD5,3C004E20,2801E0B2,E00BD016,00000021,000000C1
194,91500300,015EFF02,000103D5,01180000,FFFEFFFB,0015E025,3C004E20,2801E0B2,E00BE016,00000021,000000C2
195,94844200,0168FF05,000103D5,01150000,FFFEFFFA,FF15E075,3C004E20,2801E0B2,E00BF016,00000021,000000C3
196,107404300,016BFF08,000103D5,010F0000,FFFEFFFA,FF15E0C3,3C004E20,2801E0B2,E0040016,00000021,000000C4
197,115734100,016AFF0C,000003D5,01060000,FFFEFFFA,FF15E10F,3C004E20,2801E0B2,E0041816,00000021,000000C5
198,105766100,0165FF0C,000003D5,00FD0000,FFFEFFFA,FF15E159,3C004E20,2801E0B2,D0043016,00000021,000000C6
199,108949700,015DFF0B,000003D5,00F30000,FFFFFFFA,FF14E19F,3C004E20,2801E0B2,D0044816,00000021,000000C7
200,122672700,0152FF3E,000003D4,00E90000,FFFFFFFA,FF14E1E3,3C004E20,2801E0B2,D0046016,00000021,000000C8
201,131938100,0146FF81,000003D4,00DD0000,FFFFFFFA,FF14E224,3C004E20,2801E0B2,D0048016,00000021,000000C9
202,121570600,0134FF84,FFFF03D5,00D40000,FFFFFFFA,FF14E261,3C004E20,2801E0B2,D004A816,00000021,000000CA
203,117789800,0125FF87,FFFF03D5,00C50000,FFFFFFFA,FF14E29B,3C004E20,2801E0B2,D004C816,00000021,000000CB
204,115095800,0113FF9F,FFFF03D5,00C00000,FFFFFFFB,FF14E2D3,3C004E20,2801E0B2,D004F016,00000021,000000CC
205,105022300,0104FFD1,FFFF03D5,00AB0000,FFFFFFFB,FF14E306,3C004E20,2801E0B2,D0052016,00000021,000000CD
206,91591000,00EE0010,FFFF03D5,00ACFFFF,FFFFFFFB,FF14E337,3C004E20,2801E0B2,D0055016,00000021,000000CE
207,112847000,00E20054,FFFF03D5,0093FFFF,0000FFFB,FF14E364,3C004E20,2801E0B2,D0059016,00000021,000000CF
208,109561100,00CD008E,FFFF03D5,0096FFFF,0000FFFC,FF14E38F,3C004E20,2801E0B2,D005C816,00000021,000000D0
209,105772800,00C400B4,FFFF03D5,0080FFFF,0000FFFC,FF14E3B6,3C004E20,2801E0B2,D0061016,00000021,000000D1
210,114445300,00B100D6,FFFF03D5,0080FFFF,0001FFFC,FF14E3DA,3C004E20,2801F0CC,D0065816,00000021,000000D2
211,129775600,00A800EA,FFFF03D5,006FFFFF,0001FFFC,FF15E3FC,3C004E20,2801F0CC,D006B016,00000021,000000D3
212,123966800,009900FE,FFFF03D5,006CFFFF,0001FFFD,FF15E41B,3C004E20,2801F0CC,D0070016,00000021,000000D4
213,113171500,0091010A,FFFF03D5,005FFFFF,0001FFFD,FF15E438,3C004E20,2801F0CC,E0075816,00000021,000000D5
214,115515700,00850115,FFFF03D5,00590000,0001FFFD,FF15E452,3C004E20,2801F0CC,E007B016,00000021,000000D6
215,103326500,007D011D,FFFF03D5,00510000,0001FFFD,FF16E46A,3DF2CE20,2801F0CC,E007B016,00000020,000000D7
216,86850800,0055010C,FFFE03D5,00350000,0002FFFE,FF16E47C,3C0BCE20,2801F0CC,E007B016,00000020,000000D8
217,102700600,004100AD,FFFF03D5,00210000,0001FFFE,FF16E488,3DF44E20,2801F0CC,E007B016,00000020,000000D9
218,86551600,003C0038,FFFF03D6,00140001,0001FFFE,FF16E48F,3C0E4E20,2801F0CC,E007B016,00000020,000000DA
219,83918200,0033FFD5,FFFF03D5,000B0001,0001FFFF,FF16E493,3DF2CE20,2801F0CC,E007B016,00000020,000000DB
220,107842000,0028FF9C,FFFF03D5,00060001,0001FFFF,FF16E495,3C0C4E20,2801F0CC,E007B016,00000020,000000DC
221,100197500,001FFF7B,FFFF03D5,00020001,0000FFFF,FF16E496,3DF2CE20,2801F0CC,E007B016,00000020,000000DD
222,88544200,0016FF6A,FFFF03D5,00010001,0000FFFF,FF15E497,3C0D4E20,2801F0CC,E007B016,00000020,000000DE
223,94740100,0011FF5D,000003D5,FFFF0001,0000FFFF,FF15E497,3DF34E20,2801F0CC,E007B016,00000020,000000DF
224,89023800,000BFF5B,000003D5,00000001,FFFFFFFF,FF15E496,3C0BCE20,2801F0CC,E0077016,00000020,000000E0
225,101380400,0009FF54,000003D5,FFFE0000,FFFF0000,FF15E496,3DF4CE20,2801F0CC,E0073016,00000020,000000E1
226,111544000,0005FF55,000003D5,00000000,FFFF0000,FF15E496,3C0CCE20,2801F0CC,E006F016,00000020,000000E2
227,100576700,0003FF55,000003D5,FFFE0000,FFFF0000,0015E496,3DF1CE20,2801F0CC,E006B816,00000020,000000E3
228,84848000,0001FF54,000003D5,00010000,FFFF0000,0015E495,3C0D4E20,2801F0CC,D0067816,00000020,000000E4
229,94010500,0003FF53,000003D5,FFFC0000,FFFF0000,0015E495,3DF2CE20,2801F0CC,D0064016,00000020,000000E5
230,422667900,FFFFFF56,000003D5,00050000,FFFF0000,0014E495,3C0BCE20,2801F0CC,D0061016,00000020,000000E6
231,49076600,0003FF56,000003D5,FFF80000,FFFF0000,0014E495,3DF54E20,2801F0CC,D005E016,00000020,000000E7
232,105908700,FFFDFF57,000003D5,000B0000,FFFF0000,0014E495,3C0B4E20,2801F0CC,D005B016,00000020,000000E8
233,90833200,0004FF57,000003D5,FFF30000,FFFF0000,0014E495,3C004E20,2801F0CC,D0058016,00000021,000000E9
234,86817300,003DFF6F,000203D5,003E0000,FFFF0000,0014E49E,3C004E20,2801F0CC,D0055016,00000021,000000EA
235,93908900,0079FF9D,000203D5,00470000,FFFFFFFF,0014E4B1,3C004E20,2801F0CC,D0053016,00000021,000000EB
236,85337200,0071FFCB,000103D5,0080FFFF,FFFFFFFE,0014E4D0,3C004E20,2801F0CC,D0052816,00000021,000000EC
237,87408600,0087000D,000103D5,0075FFFF,FFFFFFFE,0014E4F2,3C004E20,2801F0CC,D0052816,00000021,000000ED
238,85892900,00890053,000103D5,009BFFFF,0000FFFE,0014E51B,3C004E20,2801F0CC,D0053816,00000021,000000EE
239,103923100,009F008C,000103D5,008AFFFF,0000FFFE,0014E544,3C004E20,2801F0CC,D0054816,00000021,000000EF
240,103795800,009F00B2,000103D5,009FFFFF,0000FFFD,0014E570,3C004E20,2801F990,D0056816,00000021,000000F0
241,116072300,00AC00D4,000003D5,008EFFFF,0001FFFD,0014E59A,3C004E20,2801F990,D0058816,00000021,000000F1
242,125805300,00AA00E9,000003D5,0096FFFF,0001FFFD,0015E5C4,3C004E20,2801F990,D005A016,00000021,000000F2
243,107369800,00AE00FE,000003D5,008BFFFF,0001FFFD,0015E5ED,3C004E20,2801F990,D005C816,00000021,000000F3
244,98546800,00AC0107,000003D5,008B0000,0001FFFD,0015E615,3C004E20,2801F990,D005E816,00000021,000000F4
245,135440900,00AB0116,000003D5,00830000,0001FFFD,FF15E63B,3C004E20,2801F990,E0061016,00000021,000000F5
246,122301800,00A90119,000003D5,007F0000,0001FFFD,FF15E660,3C004E20,2801F990,E0063016,00000021,000000F6
247,111301800,00A50125,000003D5,00790000,0002FFFD,FF16E683,3C004E20,2801F990,E0065816,00000021,000000F7
248,107242800,00A20129,000003D5,00740000,0002FFFD,FF16E6A5,3C004E20,2801F990,E0068016,00000021,000000F8
249,108620200,009E0130,000003D5,006F0000,0002FFFD,FF16E6C5,3C004E20,2801F990,E0069816,00000021,000000F9
250,121826800,009C0132,000003D5,006B0000,0002FFFD,FF16E6E5,3C004E20,2801F990,E006B816,00000021,000000FA
251,114060000,00970138,000003D5,00670000,0002FFFD,FF17E703,3C004E20,2801F990,E006D816,00000021,000000FB
252,96136600,0093013E,000003D5,00640000,0002FFFD,FF17E71F,3C004E20,2801F990,E006F016,00000021,000000FC
253,115673400,0092013F,000003D5,00610000,0002FFFD,FF17E73C,3C004E20,2801F990,E0070016,00000021,000000FD
254,118719300,008E0145,000003D5,005E0000,0002FFFD,FF17E757,3C004E20,2BFDF990,E0071816,00000021,000000FE
255,116652400,008C0148,000003D5,005C0000,0002FFFD,FF18E771,3C004E20,2BFDF990,E0072816,00000021,000000FF
256,124636500,008B014B,000003D5,005A0000,0002FFFD,FF18E78C,3C004E20,2BFDF990,E0073016,00000021,00000100
257,107128700,00880151,000003D5,00590000,0002FFFD,FF18E7A5,3C004C2C,2BFDF990,E0073816,00000008,00000101
258,114853500,00610139,FFFF03D5,003C0000,0002FFFE,FF18E7BA,3C004E20,2BFDF990,E0074016,00000020,00000102
259,88564000,004D00D4,FFFF03D5,00270001,0002FFFE,FF18E7C7,3C004C2C,2BFDF990,E0073016,00000008,00000103
260,96814700,0049004D,FFFF03D6,00180001,0002FFFE,FF18E7D0,3C004E20,2801F990,E0070816,00000020,00000104
261,110521600,0041FFDA,FFFF03D5,000E0002,0001FFFF,FF18E7D5,3C004C2C,2801F990,E006D816,00000008,00000105
262,91781400,0035FF9A,FFFF03D5,00070002,0001FFFF,FF18E7D7,3C004E20,2801F990,E006A016,00000020,00000106
263,95301400,002BFF8D,FFFF03D5,00030001,0000FFFF,FF18E7D9,3C004C2C,2801F990,E0066016,00000008,00000107
264,98620600,0020FF91,FFFF03D5,00000001,0000FFFF,FF18E7D9,3C004E20,2801F990,E0062016,00000020,00000108
265,89958500,0019FF79,FFFF03D5,FFFF0001,0000FFFF,FF18E7D9,3C004C2C,2801F990,E005F016,00000008,00000109
266,90638600,0011FF74,000003D5,FFFE0001,0000FFFF,FF18E7D8,3C004E20,2801F990,E005B016,00000020,0000010A
267,90780200,000CFF64,000003D5,FFFE0000,FFFFFFFF,FF18E7D8,3C004C2C,2801F990,E0058016,00000008,0000010B
268,84992100,0009FF59,000003D5,FFFE0001,FFFF0000,FF18E7D7,3C004E20,2801F990,E0055016,00000020,0000010C
269,96733300,0005FF0C,000003D5,FFFF0001,FFFF0000,FF17E7D7,3C004C2C,2801F990,E0052016,00000008,0000010D
270,89852700,0003FF06,000003D5,FFFF0001,FFFF0000,0017E7D7,3C004E20,2801FBB8,E004F016,00000020,0000010E
271,93515600,0001FF06,000003D5,FFFF0000,FFFF0000,0017E7D6,3C004C2C,2801FBB8,E004C816,00000008,0000010F
272,95930700,0002FF04,000003D5,FFFF0000,FFFF0000,0017E7D6,3C004E20,2801FBB8,E004A016,00000020,00000110
273,78895100,0000FF06,000003D5,FFFF0000,FFFF0000,0017E7D6,3C004C2C,2801FBB8,E0048016,00000008,00000111
274,85745000,0000FF07,000003D5,00000000,FFFF0000,0016E7D6,3C004E20,2801FBB8,E0045816,00000020,00000112
275,82905500,0000FF08,000003D5,00000000,FFFF0000,0016E7D6,3C004C2C,2801FBB8,E0043816,00000008,00000113
276,93466100,0000FF09,000003D5,00000000,FFFF0000,0016E7D6,3C004E20,2801FBB8,E00C1816,00000020,00000114
277,81802700,0067FF03,000403D5,00520000,FFFFFFFF,0016E7E3,3C004C2C,2801FBB8,E00BF816,00000008,00000115
278,89505400,00DBFEF7,000403D5,009B0000,FFFFFFFE,0016E807,3C004E20,2801FBB8,E00BE016,00000020,00000116
279,86182100,00DEFEDC,000303D5,00CD0000,FFFFFFFD,0015E83D,3C004C2C,2801FBB8,E00BD816,00000008,00000117
280,93204200,00F3FE7D,000203D5,00EE0001,FFFEFFFD,0015E87D,3C004E20,2801FBB8,E00BD816,00000020,00000118
281,105489000,0110FEA8,000203D5,01040000,FFFEFFFC,0015E8C5,3C004C2C,2801FBB8,E00BE016,00000008,00000119
282,97154600,012FFF03,000203D4,01110000,FFFEFFFB,0015E912,3C004E20,2801FBB8,E00BE816,00000020,0000011A
283,94173800,0144FF08,000103D5,01190000,FFFEFFFB,0014E962,3C004C2C,2801FBB8,D00BF816,00000008,0000011B
284,410602800,0156FF0C,000103D5,011C0000,FFFEFFFB,0014E9B3,3C004E20,2801FBB8,D0041016,00000020,0000011C
285,63640100,00E1FF12,FFFD03D5,00C00000,FFFEFFFB,FF14E9F5,3C004C2C,2801FBB8,D0042816,00000008,0000011D
286,105404200,0091FF19,FFFD03D5,007A0000,FFFFFFFC,FF14EA1F,3C004E20,2801FBB8,D0043816,00000020,0000011E
287,96999100,0095FF17,FFFE03D5,004D0000,FFFFFFFD,FF14EA3A,3C004E20,2801FBB8,D0043816,00000021,0000011F
288,94747300,00E6FF41,000203D5,00710000,FFFFFFFD,FF14EA55,3C004E20,2801FBB8,D0043016,00000021,00000120
289,89680200,0123FF7A,000203D5,009F0000,FFFFFFFC,0014EA7D,3C004E20,2801FBB8,D0042816,00000021,00000121
290,87084100,0109FF82,000103D5,00B20000,FFFFFFFC,0013EAAF,3C004E20,2801FBB8,D0043016,00000021,00000122
291,85440500,00F8FF85,000003D5,00CC0000,FFFFFFFB,0013EAE6,3C004E20,2801FBB8,D0044016,00000021,00000123
292,96580500,00F9FF86,000003D5,00CE0000,FFFFFFFB,0013EB21,3C004E20,2801FBB8,D0045016,00000021,00000124
293,106489700,00F3FF86,000003D5,00D40000,FFFFFFFB,0013EB5E,3C004E20,2801FBB8,D0047016,00000021,00000125
294,110535800,00F2FF91,000003D5,00CF0000,FFFFFFFB,0013EB99,3C004E20,2801FBB8,D0049016,00000021,00000126
295,113773600,00ECFFA0,000003D5,00C80000,FFFFFFFC,0013EBD3,3C004E20,2801FBB8,D004B816,00000021,00000127
296,128108700,00EBFFD5,000003D5,00C00000,FFFFFFFC,0013EC0B,3C004E20,2801FBB8,D004E016,00000021,00000128
297,115928800,00DF000D,000003D5,00B50000,0000FFFC,0013EC40,3C004E20,2801FBB8,D0051816,00000021,00000129
298,115057900,00DB0057,000003D5,00AAFFFF,0000FFFC,0013EC72,3C004E20,2801FBB8,D0055016,00000021,0000012A
299,153017500,00CD0084,FFFF03D5,009DFFFF,0000FFFC,0013ECA0,3C004E20,2801FBB8,D0059816,00000021,0000012B
300,118728700,00C400B3,FFFF03D5,0091FFFF,0000FFFC,0013ECCB,3C004E20,2801F733,D005D816,00000021,0000012C
301,117549500,00B500C9,FFFF03D5,0085FFFF,0001FFFC,FF13ECF2,3C004E20,2801F733,D0062816,00000021,0000012D
302,101087600,00AB00E7,FFFF03D5,0079FFFF,0001FFFD,FF14ED16,3C004E20,2801F733,D0068016,00000021,0000012E
303,96469900,009D00EE,FFFF03D5,006FFFFF,0001FFFD,FF14ED37,3C004E20,2801F733,D006E016,00000021,0000012F
304,110453500,00900106,FFFF03D5,0064FFFF,0001FFFD,FF14ED55,3C004E20,2801F733,D0073016,00000021,00000130
305,108004500,00850107,FFFF03D5,005C0000,0001FFFD,FF14ED70,3C004E20,2801F733,D0079816,00000021,00000131
306,127531000,007B0115,FFFF03D5,00530000,0001FFFD,FF14ED89,3C004E20,2801F733,D007B016,00000021,00000132
307,120315600,00700118,FFFF03D5,004C0000,0002FFFE,FF15ED9F,3C004E20,2801F733,D007B016,00000021,00000133
308,114504600,00690120,FFFF03D5,00450000,0002FFFE,FF15EDB4,3C004E20,2801F733,D007B016,00000021,00000134
309,127011300,00610123,FFFF03D5,00400000,0002FFFE,FF15EDC7,3C004E20,2801F733,E007B016,00000021,00000135
310,124380900,005A0128,000003D5,003A0000,0002FFFE,FF15EDD8,3C004E20,2801F733,E007B016,00000021,00000136
311,105983800,0055012C,000003D5,00360000,0002FFFE,FF16EDE8,3C034E20,2801F733,E007B016,00000020,00000137
312,122789100,00390115,FFFF03D5,00230000,0002FFFE,FF16EDF4,3DFFCE20,2801F733,E007B016,00000020,00000138
313,92884000,002C00B6,FFFF03D5,00160001,0002FFFF,FF16EDFC,3C034E20,2801F733,E007B016,00000020,00000139
314,104476600,0029003B,FFFF03D5,000D0001,0001FFFF,FF16EE01,3DFE4E20,2801F733,E007B016,00000020,0000013A
315,92566900,0021FFD8,FFFF03D5,00070001,0001FFFF,FF16EE03,3C004E20,2801F733,E007B016,00000020,0000013B
316,88924900,001CFF9C,000003D5,00040001,0001FFFF,FF16EE05,3C02CE20,2801F733,E007B016,00000020,0000013C
317,88668700,0014FF7D,000003D5,00020001,0000FFFF,FF16EE05,3DFE4E20,2801F733,E007B016,00000020,0000013D
318,82420600,0010FF68,000003D5,00000001,0000FFFF,FF16EE06,3C034E20,2801F733,E007B016,00000020,0000013E
319,101496800,000BFF5E,000003D5,00000001,00000000,FF15EE06,3C03CE20,2801F733,E007B016,00000020,0000013F
320,85754100,0008FF59,000003D5,FFFF0001,FFFF0000,FF15EE05,3DFF4E20,2801F733,E007B016,00000020,00000140
321,87590800,0006FF55,000003D5,FFFF0000,FFFF0000,FF15EE05,3DFF4E20,2801F733,E0077816,00000020,00000141
322,90503300,0003FF55,000003D5,FFFF0000,FFFF0000,0015EE05,3DFB4E20,2801F733,E0073016,00000020,00000142
323,86771700,0003FF52,000003D5,00000000,FFFF0000,0015EE05,3C044E20,2801F733,E006E816,00000020,00000143
324,109238200,0002FF54,000003D5,FFFF0000,FFFF0000,0015EE05,3DFDCE20,2801F733,E006A016,00000020,00000144
325,95768000,0000FF55,000003D5,00000000,FFFF0000,0015EE05,3DFD4E20,2801F733,D0066016,00000020,00000145
326,100766900,0000FF55,000003D5,FFFF0000,FFFF0000,0014EE04,3DFDCE20,2801F733,D0062016,00000020,00000146
327,91343200,0000FF54,000003D5,00010000,FFFF0000,0014EE04,3C04CE20,2801F733,D005E816,00000020,00000147
328,85354500,0003FF55,000003D5,FFFE0000,FFFF0000,0014EE04,3DFF4E20,2801F733,D005B816,00000020,00000148
329,90484600,FFFDFF58,000003D5,00040000,FFFF0000,0014EE04,3C044E20,2801F733,D0058016,00000020,00000149
330,90952800,0002FF57,000003D5,FFF90000,FFFF0000,0014EE04,3DFDCE20,2801ECF9,D0055016,00000020,0000014A
331,91634100,FFFBFF5A,000003D5,000A0000,FFFF0000,0014EE05,3DFFCE20,2801ECF9,D0052016,00000020,0000014B
332,409267900,0006FF57,000003D5,FFF20000,FFFF0000,0014EE04,3DFFCE20,2801ECF9,D004F816,00000020,0000014C
333,59241700,FFFAFF5C,000003D5,00100000,FFFF0000,0014EE05,3DFE4E20,2801ECF9,D004D016,00000020,0000014D
334,113023000,0004FF5C,000003D5,FFEE0000,FFFF0000,0013EE04,3C02CE20,2801ECF9,D004A816,00000020,0000014E
335,97240900,FFFDFF58,000003D5,00130000,FFFF0000,0013EE05,3C004E20,2801ECF9,D0048816,00000021,0000014F
336,97461900,005BFF71,000303D5,002F0000,FFFFFFFF,0013EE0F,3C004E20,2801ECF9,D0046016,00000021,00000150
337,117683200,009FFF92,000303D5,008C0000,FFFFFFFF,0013EE2C,3C004E20,2801ECF9,D0044816,00000021,00000151
338,118714300,00AEFF95,000203D5,008C0000,FFFFFFFE,0013EE55,3C004E20,2801ECF9,D0044016,00000021,00000152
339,85095700,00AAFF8F,000103D5,00CE0000,FFFFFFFD,0013EE89,3C004E20,2801ECF9,D0044816,00000021,00000153
340,112489500,00C9FF90,000103D5,00B40000,FFFFFFFD,0013EEBF,3C004E20,2801ECF9,D0045016,00000021,00000154
341,108598600,00C7FF8C,000103D5,00E60000,FFFFFFFD,0013EEFB,3C004E20,2801ECF9,D0046016,00000021,00000155
342,101306200,00E0FF93,000103D5,00BC0000,FFFFFFFD,0013EF36,3C004E20,2801ECF9,D0047816,00000021,00000156
343,145068800,00D8FFA4,000003D5,00E40000,FFFFFFFC,0013EF73,3C004E20,2801ECF9,D0049016,00000021,00000157
344,134548600,00EBFFD4,000003D5,00B40000,FFFFFFFC,0013EFAC,3C004E20,2801ECF9,D004B016,00000021,00000158
345,134234900,00D90011,000003D5,00D60000,0000FFFC,0013EFE5,3C004E20,2801ECF9,D004D016,00000021,00000159
346,131966000,00E90053,000003D5,00A7FFFF,0000FFFC,0013F01A,3C004E20,2801ECF9,D004F816,00000021,0000015A
347,123333400,00D40083,000003D5,00C1FFFF,0000FFFC,0013F04F,3C004E20,2801ECF9,D0052816,00000021,0000015B
348,110483000,00D600B1,000003D5,0098FFFF,0000FFFC,0013F07F,3C004E20,2801ECF9,D0055016,00000021,0000015C
349,113660500,00C800C5,000003D5,00AAFFFF,0001FFFC,0013F0AD,3C004E20,2801ECF9,D0058016,00000021,0000015D
350,99693200,00C400E3,000003D5,0088FFFF,0001FFFC,0013F0D8,3C004E20,2801ECF9,D005B816,00000021,0000015E
351,107781600,00B700EC,000003D5,0094FFFF,0001FFFC,0014F101,3C004E20,2801ECF9,D005F016,00000021,0000015F
352,111109400,00AF0101,000003D5,00790000,0001FFFD,0014F126,3C004E20,2801ECF9,D0062816,00000021,00000160
353,97671500,00A30105,000003D5,007F0000,0001FFFD,0014F14A,3C004E20,2801ECF9,D0065816,00000021,00000161
354,121726000,009F0110,000003D5,006D0000,0001FFFD,0014F16B,3C004E20,2801ECF9,D0069016,00000021,00000162
355,119650900,00930114,000003D5,006F0000,0001FFFD,FF14F18B,3C004E20,2801ECF9,D006D016,00000021,00000163
356,129430500,008E011C,000003D5,00620000,0002FFFD,FF15F1A8,3C004E20,2801ECF9,D0070016,00000021,00000164
357,141361300,0086011F,000003D5,00610000,0002FFFD,FF15F1C4,3C004E20,2801ECF9,D0073016,00000021,00000165
358,117796400,00800124,000003D5,005A0000,0002FFFD,FF15F1DE,3C004E20,2801ECF9,D0076016,00000021,00000166
359,116349500,00780129,000003D5,00560000,0002FFFE,FF15F1F8,3DF3CE20,2801ECF9,E0079816,00000020,00000167
360,107768800,0054010E,FFFF03D5,00380000,0002FFFE,FF15F20B,3C0D4E20,2801D93F,E007B016,00000020,00000168
361,100435800,003F00B1,FFFF03D5,00240001,0002FFFE,FF16F217,3DF2CE20,2801D93F,E007B016,00000020,00000169
362,104724700,0038003C,FFFF03D5,00150001,0001FFFF,FF16F21F,3C0C4E20,2801D93F,E007A816,00000020,0000016A
363,95719800,0033FFD6,FFFF03D5,000D0001,0001FFFF,FF16F223,3DF54E20,2801D93F,E0078016,00000020,0000016B
364,101872800,0028FF9F,FFFF03D5,00060001,0001FFFF,FF15F226,3C0C4E20,2801D93F,E0074016,00000020,0000016C
365,97045300,001DFF7D,FFFF03D5,00040001,0000FFFF,FF15F227,3DF4CE20,2801D93F,E0070016,00000020,0000016D
366,107394700,0018FF6B,000003D5,00000001,0000FFFF,FF15F227,3C0D4E20,2801D93F,E006C816,00000020,0000016E
367,95685600,0011FF5F,000003D5,00010001,0000FFFF,FF15F228,3DF44E20,2801D93F,E0068816,00000020,0000016F
368,97510400,000CFF5B,000003D5,FFFD0001,FFFF0000,FF15F227,3C0D4E20,2801D93F,E0064816,00000020,00000170
369,89377500,0008FF56,000003D5,00020000,FFFF0000,FF15F227,3DF2CE20,2801D93F,E0061016,00000020,00000171
370,87825100,0004FF58,000003D5,FFFA0000,FFFF0000,0015F227,3C0DCE20,2801D93F,D005D816,00000020,00000172
371,93453500,0003FF55,000003D5,00060000,FFFF0000,0015F227,3DF54E20,2801D93F,D005A816,00000020,00000173
372,89227300,0005FF55,000003D5,FFF70000,FFFF0000,0014F226,3C0BCE20,2801D93F,D0057816,00000020,00000174
373,90796500,FFFCFF58,000003D5,000A0000,FFFF0000,0014F227,3DF4CE20,2801D93F,D0054816,00000020,00000175
374,105505600,0008FF54,000003D5,FFF30000,FFFF0000,0014F226,3C0D4E20,2801D93F,D0051816,00000020,00000176
375,98592900,FFFBFF58,000003D5,000E0000,FFFF0000,0014F226,3DF4CE20,2801D93F,D004F016,00000020,00000177
376,108813200,0004FF59,000003D5,FFF00000,FFFF0000,0014F226,3C0E4E20,2801D93F,D004D016,00000020,00000178
377,93133600,FFFCFF58,000003D5,00100000,FFFF0000,0014F226,3DF3CE20,2801D93F,D004A816,00000020,00000179
378,421014300,0003FF5C,000003D5,FFEF0000,FFFF0000,0014F225,3C0E4E20,2801D93F,D0048816,00000020,0000017A
379,51134000,FFFCFF58,000003D5,00120000,FFFF0000,0013F226,3DF24E20,2801D93F,D0046016,00000020,0000017B
380,108570400,0005FF43,000003D5,FFED0000,FFFF0000,0013F225,3C0DCE20,2801D93F,D0044016,00000020,0000017C
381,93458000,FFFAFF1B,000003D5,00140000,FFFF0000,0013F226,3C004E20,2801D93F,D00C2816,00000021,0000017D
382,89823600,0063FF41,000403D5,00350000,FFFFFFFF,0013F231,3C004E20,2801D93F,D00C0816,00000021,0000017E
383,95788500,00BAFF7B,000303D5,00A00000,FFFFFFFE,0013F253,3C004E20,2801D93F,D00BF016,00000021,0000017F
384,98559400,00CEFF7F,000203D5,00A50000,FFFFFFFD,0013F282,3C004E20,2801D93F,D00BE816,00000021,00000180
385,102592800,00C3FF85,000203D5,00EE0000,FFFFFFFD,0013F2BE,3C004E20,2801D93F,D00BF016,00000021,00000181
386,101079700,00EAFF88,000103D5,00D40000,FFFFFFFD,0013F2FE,3C004E20,2801D93F,D00BF816,00000021,00000182
387,119664900,00E4FF88,000103D5,01080000,FFFFFFFC,0013F344,3C004E20,2801D93F,D0041016,00000021,00000183
388,117122700,00FFFF8F,000103D5,00DC0000,FFFFFFFC,0012F388,3C004E20,2801D93F,D0042816,00000021,00000184
389,114489500,00F6FF8B,000003D5,01060000,FFFFFFFC,0012F3CE,3C004E20,2801D93F,D0044016,00000021,00000185
390,126214400,0109FF93,000003D5,00D00000,FFFFFFFC,0012F410,3C004E20,2801C14F,D0046016,00000021,00000186
391,128339700,00F5FFA7,000003D5,00F50000,FFFFFFFC,0012F452,3C004E20,2801C14F,D0048016,00000021,00000187
392,131703600,00FEFFD8,000003D5,00BB0000,FFFFFFFC,0012F48E,3C004E20,2801C14F,D004B016,00000021,00000188
393,126850200,00EC000E,000003D5,00DC0000,0000FFFC,0012F4C9,3C004E20,2801C14F,D004D816,00000021,00000189
394,127602200,00EF0054,000003D5,00A5FFFF,0000FFFC,0012F4FE,3C004E20,2801C14F,D0050816,00000021,0000018A
395,104241300,00D70081,000003D5,00C0FFFF,0000FFFC,0012F532,3C004E20,2801C14F,D0054016,00000021,0000018B
396,104938800,00D700AB,000003D5,0090FFFF,0000FFFC,0013F561,3C004E20,2801C14F,D0057816,00000021,0000018C
397,113427800,00BE00C4,FFFF03D5,00A5FFFF,0001FFFC,0013F58E,3C004E20,2801C14F,D005B816,00000021,0000018D
398,123049700,00BE00DE,FFFF03D5,007BFFFF,0001FFFC,0013F5B5,3C004E20,2801C14F,D005F816,00000021,0000018E
399,121332100,00A500EA,FFFF03D5,008BFFFF,0001FFFD,0013F5DC,3C004E20,2801C14F,D0064016,00000021,0000018F
400,125518000,00A400FA,FFFF03D5,00690000,0001FFFD,0013F5FD,3C004E20,2801C14F,D0069016,00000021,00000190
401,123227600,00910102,FFFF03D5,00740000,0001FFFD,0013F61D,3C004E20,2801C14F,D006E016,00000021,00000191
402,139920600,008D010B,FFFF03D5,005B0000,0001FFFD,0014F63A,3C004E20,2801C14F,D0072016,00000021,00000192
403,128816300,007C0111,FFFF03D5,00610000,0001FFFD,FF14F655,3C004E20,2801C14F,D0076816,00000021,00000193
404,116941400,007B0116,FFFF03D5,00500000,0002FFFD,FF14F66E,3C004E20,2801C14F,D007B016,00000021,00000194
405,127194000,006F0708,000003D5,00520000,0002FFFE,FF14F685,3C004E20,2801C14F,D007B016,00000020,00000195
406,100499900,004B0708,FFFF03D5,002F0000,0002FFFE,FF15F697,3C004E20,2801C14F,D007B016,00000020,00000196
407,100655500,0033F8F8,FFFF03D5,00240001,0001FFFE,FF15F6A2,3C004E20,2801C14F,D007B016,00000020,00000197
408,106243100,0034F8F8,FFFF03D5,000D0001,0001FFFF,FF15F6A8,3C004E20,2801C14F,D007B016,00000020,00000198
409,111358300,0027F8F8,FFFF03D5,00130001,0001FFFF,FF15F6AD,3C004E20,2801C14F,D007B016,00000020,00000199
410,95382900,00250708,FFFF03D5,FFFB0001,0001FFFF,FF14F6AE,3C004E20,2801C14F,D007B016,00000020,0000019A
411,105207000,0015F8F8,FFFF03D5,000E0001,0000FFFF,FF14F6B0,3C004E20,2801C14F,D007B016,00000020,0000019B
412,96694900,0018F8F8,000003D5,FFF40001,0000FFFF,FF14F6B0,3C004E20,2801C14F,D0077016,00000020,0000019C
413,95403200,0006F8F8,000003D5,000E0001,0000FFFF,FF14F6B0,3C004E20,2801C14F,D0073816,00000020,0000019D
414,116973500,0011F8F8,000003D5,FFF10001,FFFF0000,FF14F6B0,3C004E20,2801C14F,D006F016,00000020,0000019E
415,96859200,00000708,000003D5,000F0000,FFFF0000,FF14F6B0,3C004E20,2801C14F,D006A816,00000020,0000019F
416,101216600,00090708,000003D5,FFEF0000,FFFF0000,0014F6AF,3C004E20,2801C14F,D0067016,00000020,000001A0
417,92766800,FFFDF8F8,000003D5,00110000,FFFF0000,0014F6B0,3C004E20,2801C14F,D0063816,00000020,000001A1
418,418709800,000AF8F8,000003D5,FFEE0000,FFFF0000,0013F6AF,3C004E20,2801C14F,D0060816,00000020,000001A2
419,79177000,FFF90708,000003D5,00120000,FFFF0000,0013F6B0,3C004E20,2801C14F,D005D016,00000020,000001A3
420,110176200,0006F8F8,000003D5,FFEC0000,FFFF0000,0013F6AE,3C004E20,2801A090,D005A016,00000020,000001A4
421,98304800,FFFDFF5B,000003D5,00140000,FFFF0000,0013F6B0,3C004E20,2801A090,D0057016,00000021,000001A5
422,108354500,0047FF74,000203D5,001C0000,FFFFFFFF,0013F6B7,3C004E20,2801A090,D0054016,00000021,000001A6
423,106263300,006CFFA1,000203D5,006A0000,FFFFFFFF,0013F6CC,3C004E20,2801A090,D0052016,00000021,000001A7
424,88279500,007FFFCE,000103D5,005EFFFF,FFFFFFFE,0013F6E9,3C004E20,2801A090,D0051816,00000021,000001A8
425,92042700,007A000C,000103D5,0097FFFF,0000FFFE,0013F70E,3C004E20,2801A090,D0051816,00000021,000001A9
426,107193300,00900053,000103D5,007FFFFF,0000FFFE,0013F735,3C004E20,2801A090,D0052816,00000021,000001AA
427,116417100,00900084,000103D5,00A5FFFF,0000FFFE,0013F760,3C004E20,2801A090,D0054016,00000021,000001AB
428,134567500,00A700AE,000103D5,0089FFFF,0000FFFD,0013F78A,3C004E20,2801A090,D0056016,00000021,000001AC
429,134235700,009D00CB,000003D5,00A1FFFF,0001FFFD,0013F7B6,3C004E20,2801A090,D0057816,00000021,000001AD
430,140746500,00AD00E3,000003D5,0088FFFF,0001FFFD,0014F7E0,3C004E20,2801A090,D0059816,00000021,000001AE
431,144948500,00A200F3,000003D5,0095FFFF,0001FFFD,0014F809,3C004E20,2801A090,D005C016,00000021,000001AF
432,118494600,00A90101,000003D5,00810000,0001FFFD,0014F830,3C004E20,2801A090,D005E816,00000021,000001B0
433,109303100,00A3010A,000003D5,00870000,0001FFFD,0014F856,3C004E20,2801A090,D0060816,00000021,000001B1
434,110346100,00A20113,000003D5,007A0000,0001FFFD,0014F87A,3C004E20,2801A090,D0063016,00000021,000001B2
435,113510800,009E0118,000003D5,007A0000,0002FFFD,0015F89D,3C004E20,2801A090,D0065816,00000021,000001B3
436,133473700,009A011E,000003D5,00710000,0002FFFD,FF15F8BF,3C004E20,2801A090,D0068016,00000021,000001B4
437,142889900,00960123,000003D5,006F0000,0002FFFD,FF15F8DF,3C004E20,2801A090,E006A016,00000021,000001B5
438,119539100,00910128,000003D5,006A0000,0002FFFD,FF15F8FE,3C004E20,2801A090,E006C016,00000021,000001B6
439,129233600,008E012C,000003D5,00660000,0002FFFD,FF16F91B,3C004E20,2801A090,E006E016,00000021,000001B7
440,128102500,008A0130,000003D5,00620000,0002FFFD,FF16F938,3C004E20,2801A090,E0070016,00000021,000001B8
441,144310900,008C0132,000003D5,005F0000,0002FFFD,FF16F953,3C004E20,2801A090,E0071016,00000021,000001B9
442,130748700,00870137,000003D5,005D0000,0002FFFD,FF16F96E,3C004E20,2801A090,E0072816,00000021,000001BA
443,121261200,0083013A,000003D5,005A0000,0002FFFE,FF17F988,3C004E20,2801A090,E0074016,00000021,000001BB
444,109058600,007E013F,000003D5,00580000,0002FFFE,FF17F9A2,3C004E20,2801A090,E0074816,00000021,000001BC
445,117172000,0082F800,000003D5,00570000,0002FFFE,FF17F9BB,3C004E20,2801A090,E0075816,00000020,000001BD
446,112800700,005907FF,FFFF03D5,003B0000,0002FFFE,FF17F9CF,3C004E20,2BFDA090,E0076016,00000020,000001BE
447,108681600,0044F800,FFFF03D5,00260000,0002FFFE,FF18F9DC,3C004E20,2BFDA090,E0075016,00000020,000001BF
448,101335600,003D07FF,FFFF03D5,00180000,0002FFFE,FF18F9E4,3C004E20,2801A090,E0072816,00000020,000001C0
449,92725900,003DF800,FFFF03D5,000E0000,0002FFFF,FF18F9E9,3C004E20,2801A090,E006F816,00000020,000001C1
450,90610900,002F07FF,FFFF03D5,00080000,0002FFFF,FF18F9EC,3C004E20,28017C60,E006C016,00000020,000001C2
451,107938200,0024F800,FFFF03D5,00040000,0002FFFF,FF18F9EE,3C004E20,28017C60,E0068016,00000020,000001C3
452,100495200,001F07FF,000003D5,00010000,0001FFFF,FF18F9EE,3C004E20,28017C60,E0064816,00000020,000001C4
453,102874200,0018F800,000003D5,00000000,0001FFFF,FF18F9EE,3C004E20,28017C60,E0061016,00000020,000001C5
454,94563200,000E07FF,000003D5,FFFF0000,0001FFFF,FF19F9EE,3C004E20,28017C60,E005D016,00000020,000001C6
455,95773000,000EF800,000003D5,FFFF0001,00010000,FF19F9ED,3C004E20,28017C60,E005A016,00000020,000001C7
456,93357000,000907FF,000003D5,FFFF0001,00010000,FF19F9ED,3C004E20,28017C60,E0057016,00000020,000001C8
457,104692400,0003F800,000003D5,FFFF0001,00000000,FF18F9ED,3C004E20,28017C60,E0054016,00000020,000001C9
458,93421800,000307FF,000003D5,FFFF0001,00000000,0018F9EC,3C004E20,28017C60,E0051816,00000020,000001CA
459,104076700,0004F800,000003D5,FFFF0001,00000000,0018F9EC,3C004E20,28017C60,E004E816,00000020,000001CB
460,427449800,FFFE07FF,000003D5,FFFF0001,FFFF0000,0018F9EC,3C004E20,28017C60,E004C016,00000020,000001CC
461,79989500,0004F800,000003D5,FFFF0001,FFFF0000,0018F9EC,3C004E20,28017C60,E0049816,00000020,000001CD
462,105512200,FFFD0755,000003D5,00000000,FFFF0000,0017F9EC,3C004E20,28017C60,E0047016,00000020,000001CE
463,97735600,0003FF04,000003D5,00000000,FFFF0000,0017F9EB,3C004E20,28017C60,E0045016,00000021,000001CF
464,103249400,005AFF00,000303D5,00460000,FFFFFFFF,0017F9F7,3C004E20,28017C60,E0042816,00000021,000001D0
465,82666200,00B8FEF8,000303D5,00830000,FFFFFFFE,0017FA16,3C004E20,28017C60,E00C1016,00000021,000001D1
466,103731100,00C0FEFC,000203D5,00B10000,FFFFFFFE,0017FA44,3C004E20,28017C60,E00C0016,00000021,000001D2
467,90306400,00E0FEFB,000203D5,00D10000,FFFFFFFD,0016FA7C,3C004E20,28017C60,E00C0016,00000021,000001D3
468,102786700,00F3FF00,000203D5,00E60000,FFFFFFFC,0016FABC,3C004E20,28017C60,E00C0016,00000021,000001D4
469,119732700,0112FF02,000103D5,00F20000,FFFFFFFC,0016FB00,3C004E20,28017C60,E0040816,00000021,000001D5
470,132451200,0120FF05,000103D5,00F80000,FFFFFFFC,0016FB47,3C004E20,28017C60,E0041016,00000021,000001D6
471,138989200,0138FF05,000103D5,00F90000,FFFFFFFB,0016FB8E,3C004E20,28017C60,E0042016,00000021,000001D7
472,151786700,013FFF06,000103D5,00F60000,FFFFFFFB,FF15FBD5,3C004E20,28017C60,E0043016,00000021,000001D8
473,150998700,0143FF0A,000103D5,00F10000,FFFFFFFB,FF15FC1A,3C004E20,28017C60,E0044016,00000021,000001D9
474,148405000,0143FF0B,000003D5,00EA0000,FFFFFFFB,FF15FC5E,3C004E20,28017C60,E0045816,00000021,000001DA
475,136512200,0142FF0B,000003D5,00E20000,FFFFFFFB,FF15FCA0,3C004E20,28017C60,E0046816,00000021,000001DB
476,124774900,013BFF3A,000003D4,00DA0000,FFFFFFFA,FF15FCDF,3C004E20,28017C60,D0048016,00000021,000001DC
477,128447100,0130FF7F,000003D4,00D10000,FFFFFFFB,FF15FD1C,3C004E20,28017C60,D004A016,00000021,000001DD
478,123818600,0128FF82,000003D5,00C80000,FFFFFFFB,FF15FD56,3C004E20,28017C60,D004C016,00000021,000001DE
479,127626300,0118FF86,FFFF03D5,00BE0000,FFFFFFFB,FF14FD8E,3C004E20,28017C60,D004E016,00000021,000001DF
480,144397000,010CFF9E,FFFF03D5,00B50000,FFFFFFFB,FF14FDC3,3C004E20,2801521A,D0050816,00000021,000001E0
481,136065600,00FBFFCD,FFFF03D5,00AB0000,FFFFFFFB,FF14FDF5,3C004E20,2801521A,D0053016,00000021,000001E1
482,142042500,00F10011,FFFF03D5,00A3FFFF,FFFFFFFB,FF14FE25,3C004E20,2801521A,D0055816,00000021,000001E2
483,145875700,00E00058,FFFF03D5,0098FFFF,0000FFFB,FF14FE51,3C004E20,2801521A,D0059016,00000021,000001E3
484,129861700,00D3008F,FFFF03D5,0092FFFF,0000FFFC,FF15FE7C,3C004E20,2801521A,D005C816,00000021,000001E4
485,116449700,00C400B8,FFFF03D5,0086FFFF,0000FFFC,FF15FEA4,3C004E20,2801521A,D0060016,00000021,000001E5
486,110449400,00BA00D6,FFFF03D5,0080FFFF,0001FFFC,FF15FEC9,3C004E20,2801521A,D0064016,00000021,000001E6
487,99353100,00AA00EF,FFFF03D5,0076FFFF,0001FFFC,FFF8FEEC,3C004E20,2801521A,E0068816,00000020,000001E7
488,101012100,007300EF,FFFE03D5,004EFFFF,0001FFFD,FF07FF06,3C004E20,2801521A,E006C816,00000020,000001E8
489,91747400,005200EF,FFFE03D5,00310000,0001FFFE,FFF8FF17,3C004E20,2801521A,E006F816,00000020,000001E9
490,114725800,005000EF,FFFF03D5,001E0000,0001FFFE,FF07FF22,3C004E20,2801521A,E0071016,00000020,000001EA
491,114479400,004400EF,FFFF03D5,00110000,0001FFFE,FFF8FF28,3C004E20,2801521A,E0071816,00000020,000001EB
492,94491100,003700EF,FFFF03D5,00090000,0001FFFF,FF07FF2C,3C004E20,2801521A,E0070816,00000020,000001EC
493,94819800,002A00EF,FFFF03D5,00040000,0001FFFF,FFF8FF2E,3C004E20,2801521A,E006E816,00000020,000001ED
494,100944600,002100EF,FFFF03D5,00010000,0001FFFF,FF07FF2E,3C004E20,2801521A,E006D016,00000020,000001EE
495,96663900,001800EF,FFFF03D5,00000000,0001FFFF,FFF8FF2E,3C004E20,2801521A,E006B016,00000020,000001EF
496,117687200,001200EF,FFFF03D5,FFFF0000,0001FFFF,FF07FF2E,3C004E20,2801521A,E006A016,00000020,000001F0
497,109966500,000A00EF,000003D5,FFFF0000,0001FFFF,FFF8FF2E,3C004E20,2801521A,E0068016,00000020,000001F1
498,93572500,000800EF,000003D5,FFFF0000,00010000,FF07FF2D,3C004E20,2801521A,E0066816,00000020,000001F2
499,88270100,000500EF,000003D5,FFFF0000,00010000,FFF8FF2D,3C004E20,2801521A,E0065016,00000020,000001F3
500,111243600,000400EF,000003D5,FFFF0000,00010000,0007FF2D,3C004E20,2801521A,E0064816,00000020,000001F4
501,117757400,000200EF,000003D5,FFFF0000,00010000,00F8FF2D,3C004E20,2801521A,E0063816,00000020,000001F5
502,99588000,000000EF,000003D5,FFFF0000,00010000,0007FF2C,3C004E20,2801521A,E0062016,00000020,000001F6
503,120925700,000300EF,000003D5,00000000,00010000,00F8FF2C,3C004E20,2801521A,E0061016,00000020,000001F7
504,109187400,000000EF,000003D5,00000000,00010000,0007FF2C,3C004E20,2801521A,E0060816,00000020,000001F8
505,99077300,000000EF,000003D5,00000000,00010000,00F8FF2C,3C004E20,2801521A,E005F816,00000020,000001F9
506,124501800,FFFE00EF,000003D5,00000000,00010000,0007FF2C,3C004E20,2801521A,E005E816,00000020,000001FA
507,115335000,000000EF,000003D5,00000001,00010000,00F8FF2C,3C004E20,2801521A,E005E016,00000020,000001FB
508,95220100,000100EF,000003D5,00000001,00010000,0007FF2C,3C004E20,2801521A,E005D016,00000020,000001FC
509,104625000,000100EF,000003D5,00000001,00000000,00F8FF2C,3C004E20,2801521A,E005C016,00000020,000001FD
510,110012400,FFFE00EF,000003D5,00000001,00000000,0007FF2C,3C004E20,28012A76,E005A816,00000020,000001FE
511,96274900,000300EF,000003D5,00000001,00000000,00F8FF2C,3C004E20,28012A76,E0059816,00000020,000001FF
512,96620700,FFFF00EF,000003D5,00000001,00000000,0007FF2C,3C004E20,28012A76,E0058016,00000020,00000200
513,112721100,FFFE00EF,000003D5,00000000,00000000,00F8FF2C,3C004E20,28012A76,E0057016,00000020,00000201
514,426766700,000300EF,000003D5,00000000,FFFF0000,0007FF2C,3C004E20,28012A76,E0055816,00000020,00000202
515,63917100,FFFF00EF,000003D5,00000000,FFFF0000,00F8FF2C,3C004E20,28012A76,E0054816,00000020,00000203
516,116832800,000000EF,000003D5,00000001,FFFF0000,0007FF2C,3C004E20,28012A76,E0053016,00000020,00000204
517,97395600,FFFFFF07,000003D5,00000001,FFFF0000,0017FF2C,3C004E20,28012A76,E0052016,00000021,00000205
518,88411400,004AFF31,000203D5,00350000,FFFFFFFF,0017FF35,3C004E20,28012A76,E0050016,00000021,00000206
519,130679800,0081FF71,000203D5,005E0000,FFFFFFFF,0016FF4C,3C004E20,28012A76,E004F816,00000021,00000207
520,140607500,0083FF74,000203D5,007B0000,FFFFFFFE,0016FF6C,3C004E20,28012A76,E0050016,00000021,00000208
521,135780800,0093FF77,000103D5,008C0000,FFFFFFFE,0016FF92,3C004E20,28012A76,E0051016,00000021,00000209
522,158880300,00A0FF79,000103D5,00960000,FFFFFFFE,0016FFBC,3C004E20,28012A76,E0052816,00000021,0000020A
523,156241300,00A8FF7D,000103D5,00980000,FFFFFFFD,0016FFE7,3C004E20,28012A76,E0055016,00000021,0000020B
524,157223100,00B4FF94,000103D5,00960000,FFFFFFFD,00160013,3C004E20,28012A76,E0058016,00000021,0000020C
525,154630500,00B7FFC9,000003D5,00910000,FFFFFFFD,0016003D,3C004E20,28012A76,E005B816,00000021,0000020D
526,161071500,00B60011,000003D5,0089FFFF,0000FFFD,FF160065,3C004E20,28012A76,E005F816,00000021,0000020E
527,151960300,00B1005F,000003D5,0081FFFF,0000FFFD,FF16008B,3C004E20,28012A76,E0064816,00000021,0000020F
528,127478700,00A80098,000003D5,0077FFFF,0000FFFD,FF1600AE,3C004E20,28012A76,E006A816,00000021,00000210
529,158637400,00A100C5,000003D5,006CFFFF,0000FFFD,FF1600CE,3C004E20,28012A76,E0072016,00000021,00000211
530,140902200,009600E6,000003D5,0061FFFF,0001FFFD,FF1700EA,3C004E20,28012A76,E007A816,00000021,00000212
531,142436300,00880100,000003D5,0055FFFF,0001FFFD,FF170104,3C004E20,28012A76,E007F816,00000021,00000213
532,152550500,007D0114,FFFF03D5,004AFFFF,0001FFFD,FF17011A,3C004E20,28012A76,E007F816,00000021,00000214
533,140228400,006E0121,FFFF03D5,003FFFFF,0001FFFE,FF17012E,3C004E20,28012A76,E007F816,00000021,00000215
534,147048300,00640130,FFFF03D5,00340000,0001FFFE,FF17013E,3C004E20,28012A76,E007F816,00000021,00000216
535,135358700,004A013A,FFFF03D5,00220000,0002FFFE,FF180149,3C004E20,28012A76,E007F816,00000021,00000217
536,126331400,003C0141,FFFF03D5,00150000,0002FFFE,FF180151,3C004E20,28012A76,E007F816,00000021,00000218
537,101416400,00350148,FFFF03D5,000D0000,0002FFFF,FF180155,3C004E20,28012A76,E007F816,00000021,00000219
538,110041000,002B0150,FFFF03D5,00070000,0002FFFF,FF180158,3C004E20,2BFD2A76,E007F816,00000021,0000021A
539,96304600,00230154,FFFF03D5,00030000,0002FFFF,FF190159,3C004E20,2BFD2A76,E007F816,00000021,0000021B
540,97830100,001C015A,FFFF03D5,00010000,0002FFFF,FF19015A,3C004E20,2BFCF829,E007F816,00000021,0000021C
541,92091800,001704CF,000003D5,00000000,0002FFFF,FF19015A,3C004E20,2BFCF829,E007F816,00000020,0000021D
542,91335200,000C0185,000003D5,FFFF0000,0002FFFF,FF1A0159,3C004E20,2BFCF829,E007F816,00000020,0000021E
543,96255300,000CFEBE,000003D5,FFFF0000,00020000,FF1A0159,3C004E20,2BFCF829,E007F816,00000020,0000021F
544,115271200,0006FD62,000003D5,FFFF0000,00020000,FF1A0159,3C004E20,2BFCF829,E007F816,00000020,00000220
545,103381100,0007030C,000003D5,FFFF0000,00020000,FF1A0158,3C004E20,2BFCF829,E0FFF816,00000020,00000221
546,104729600,FF9603DA,FFFC03D5,FFA90000,00020001,FF1A014A,3C004E20,2BFCF829,E0FFF816,00000020,00000222
547,104428800,FF20FE1A,FFFC03D5,FF590000,00020002,FF1B0123,3C004E20,2BFCF829,E007F816,00000020,00000223
548,101585900,FF92FD46,000103D5,FF810000,00020002,FF1B00FA,3C004E20,2800F829,E007F816,00000020,00000224
549,97593000,FFD50193,000103D5,FFA40000,00020002,001B00DC,3C004E20,2800F829,E007F816,00000020,00000225
550,97390700,FFB80325,000103D5,FFC00000,00010001,001B00C6,3C004E20,2800F829,E007F816,00000020,00000226
551,91932000,FFACFD62,000003D5,FFD50000,00010001,001B00B8,3C004E20,2800F829,E007F816,00000020,00000227
552,95068900,FFB10374,000003D5,FFE40000,00010001,001B00AE,3C004E20,2800F829,E007F816,00000020,00000228
553,98511200,FFB6FE10,000003D5,FFEF0000,00010001,001C00A8,3C004E20,2800F829,E007F816,00000020,00000229
554,96603800,FFC10294,000003D5,FFF70000,00010001,001C00A5,3C004E20,2800F829,E007F816,00000020,0000022A
555,86152000,FFC80482,000003D5,FFFC0000,00010001,001C00A3,3C004E20,2800F829,E007F816,00000020,0000022B
556,108174800,FFDB03F4,000003D5,FFFF0000,00010001,001C00A3,3C004E20,2800F829,E007F816,00000020,0000022C
557,98649300,FFDC005E,000003D5,00010000,00010001,001C00A3,3C004E20,2800F829,E007F816,00000020,0000022D
558,98608300,FFE9FDB0,000003D5,00020000,00010001,001C00A3,3C004E20,2800F829,E007F816,00000020,0000022E
559,92572700,FFED0337,000003D5,00020000,00010001,001D00A4,3C004E20,2800F829,E007F816,00000020,0000022F
560,101486300,FFF1FFA9,000003D5,00030000,00010001,001D00A5,3C004E20,2800F829,E007F816,00000020,00000230
561,106878100,FFFBFF72,000003D5,00020000,00010000,001D00A5,3C004E20,2800F829,E007F816,00000020,00000231
562,493446600,FFF801B5,000003D5,00020000,00010000,001D00A6,3C004E20,2800F829,E007F816,00000020,00000232
563,58999400,FFFB01A6,000003D5,00020000,00010000,001D00A6,3C004E20,2800F829,E007F816,00000020,00000233
564,128638400,00000297,000003D5,00010000,00010000,001E00A7,3C004E20,2800F829,E007F816,00000020,00000234
565,97604700,FFFD00E9,000003D5,00010000,00010000,001E00A7,3C004E20,2800F829,E007F816,00000021,00000235
566,98147100,000100F0,000003D5,00010000,00010000,001E00A8,3C004E20,2800F829,E007F816,00000021,00000236
567,96346000,FFFE010F,000003D5,00010000,00020000,001E00A8,3C004E20,2BFCF829,E0FFF816,00000021,00000237
568,91554700,FFF60132,000003D5,FFF80000,00020000,FF1E00A6,3C004E20,2BFCF829,E0FFF816,00000021,00000238
569,104565600,FFED0148,000003D5,FFF10000,00020000,FF1F00A3,3C004E20,2BFCF829,E0FFF816,00000021,00000239
570,125086600,FFE80159,000003D5,FFEB0000,00020000,FF1F009D,3C004E20,2BFCCFCE,E0FFF816,00000021,0000023A
571,115057900,FFE60164,000003D5,FFE70000,00020000,001F0097,3C004E20,2BFCCFCE,E0FFF816,00000021,0000023B
572,119353900,FFE3016B,000003D5,FFE40000,00020000,0020008F,3C004E20,2BFCCFCE,E0FFF816,00000021,0000023C
573,131186700,FFDA016E,000003D5,FFE10000,00020001,00200086,3C004E20,2BFCCFCE,E0FFF816,00000021,0000023D
574,131685000,FFD80176,000003D5,FFE00000,00020001,0020007D,3C004E20,2BFCCFCE,F0FFF816,00000021,0000023E
575,128057500,FFD20177,000003D5,FFDF0000,00020001,00200074,3C004E20,2BFCCFCE,F0FFF816,00000021,0000023F
576,124802300,FFCC0175,000003D5,FFDF0000,00020001,0021006B,3C004E20,2BFCCFCE,F0FFF816,00000021,00000240
577,105478200,FFCD0178,000003D5,FFDF0000,00020001,00210061,3C004E20,2BFCCFCE,F0FFF816,00000021,00000241
578,95213700,FFC90179,000003D5,FFE00000,00020001,00210058,3C004E20,2BFCCFCE,F0FFF816,00000021,00000242
579,105866900,FFD10176,000003D5,FFE90000,00020001,00220050,3C004E20,2BFCCFCE,F007F816,00000021,00000243
580,125997200,FFD90178,000003D5,FFF00000,00020001,0022004B,3C004E20,2BFCCFCE,F007F816,00000021,00000244
581,112340700,FFD90176,000003D5,FFF50000,00020001,00220047,3C004E20,2BFCCFCE,F007F816,00000021,00000245
582,110824500,FFDA0177,000003D5,FFFA0000,00020001,00220045,3C004E20,2BFCCFCE,F007F816,00000021,00000246
583,143504700,FFE20195,000003D5,FFFD0000,00020001,00230043,3C004E20,2BFCCFCE,F0FFF816,00000021,00000247
584,138348000,FFE40193,000003D5,FFFF0000,00020001,00230043,3C004E20,2BFCCFCE,E0FFF816,00000021,00000248
585,133538100,FFE9015A,000003D5,00000000,00020001,00230043,3C004E20,2BFCCFCE,E0FFF816,00000021,00000249
586,130814400,FFE10130,000003D5,FFF90000,00020001,00240042,3C004E20,2BFCCFCE,E0FFF816,00000021,0000024A
587,108722100,FFDC0119,000003D5,FFF30000,00020001,0024003E,3C004E20,2BFCCFCE,E0FFF816,00000021,0000024B
588,105170000,FFEE0105,000003D5,FFF60000,00020001,0024003B,3C004E20,2BFCCFCE,E007F816,00000021,0000024C
589,104205700,FFEFFFD1,000003D5,FFF90000,00020000,00240039,3C004E20,2BFCCFCE,E007F816,00000020,0000024D
590,113267400,FFF1020C,000003D5,FFFB0001,00020000,00240038,3C004E20,2BFCCFCE,E007F816,00000020,0000024E
591,106970400,FFF1FF0B,000003D5,FFFD0001,00010000,00240037,3C004E20,2BFCCFCE,E007F816,00000020,0000024F
592,83382600,FFF40116,000003D5,FFFF0001,00010000,00240036,3C004E20,2800CFCE,E007F816,00000020,00000250
593,103251000,FFF1FE43,000003D5,00000002,00010000,00240036,3C004E20,2800CFCE,E007F816,00000020,00000251
594,103120600,FFF90087,000003D5,00000001,00000000,00240036,3C004E20,2800CFCE,E007F816,00000020,00000252
595,107490900,FFFAFE1A,000003D5,00010001,00000000,00240036,3C004E20,2800CFCE,E007F816,00000020,00000253
596,108979500,FFF80035,000003D5,00010001,00000000,00240036,3C004E20,2800CFCE,E007F816,00000020,00000254
597,81542000,FFFBFDE2,000003D5,00010001,FFFF0000,00230036,3C004E20,2800CFCE,E007F816,00000020,00000255
598,108924300,00000058,000003D5,00010001,FFFF0000,00230037,3C004E20,2800CFCE,E007F816,00000020,00000256
599,92651800,FFF9FE18,000003D5,00010000,FFFF0000,00230037,3C004E20,2800CFCE,E007C816,00000020,00000257
600,120759000,00030057,000003D5,00010000,FFFF0000,00230037,3C004E20,2800A934,E007D016,00000020,00000258
601,103098000,FFF9FDE8,000003D5,00010000,FFFF0000,00230037,3C004E20,2800A934,E007D016,00000020,00000259
602,104386200,00030026,000003D5,00010000,FFFF0000,00230037,3C004E20,2800A934,E007A016,00000020,0000025A
603,95823300,0003FE05,000003D5,00000000,FFFF0000,00220038,3C004E20,2800A934,E007A016,00000020,0000025B
604,109586700,FFFA0021,000003D5,00000000,FFFF0000,00220038,3C004E20,2800A934,E007A016,00000020,0000025C
605,123794600,0001FDDF,000003D5,00000000,FFFF0000,00220038,3C004E20,2800A934,E0077016,00000020,0000025D
606,105796700,0001004B,000003D5,00000000,FFFF0000,00220038,3C004E20,2800A934,E0077016,00000020,0000025E
607,102294800,0003FDDA,000003D5,00000000,FFFF0000,00220038,3C004E20,2800A934,E0076016,00000020,0000025F
608,474243600,FFFA0065,000003D5,00000000,FFFF0000,00220038,3C004E20,2800A934,E0076016,00000020,00000260
609,79684400,0003FDD2,000003D5,00000000,FFFF0000,00210038,3C004E20,2800A934,E0076016,00000020,00000261
610,118742700,0002006D,000003D5,00000000,FFFF0000,00210038,3C004E20,2800A934,E0076016,00000020,00000262
611,109174500,FFFFFF21,000003D5,00000000,FFFF0000,00210038,3C004E20,2800A934,E0076016,00000021,00000263
612,108263300,001EFF46,000103D5,00150000,FFFF0000,0021003C,3C004E20,2800A934,E0076016,00000021,00000264
613,100491300,0034FF90,000103D5,00280000,FFFF0000,00210045,3C004E20,2800A934,E0071016,00000021,00000265
614,91468500,0043FF95,000103D5,00390000,FFFFFFFF,00210053,3C004E20,2800A934,E006B816,00000021,00000266
615,125203300,004FFF74,000103D5,00470000,FFFFFFFF,FF210066,3C004E20,2800A934,E0067016,00000021,00000267
616,117177500,0066FF29,000103D5,00540000,FFFFFFFF,FF20007D,3C004E20,2800A934,E0063016,00000021,00000268
617,128537900,0075FF1F,000103D5,005F0000,FFFFFFFE,FF200097,3C004E20,2800A934,E0060016,00000021,00000269
618,135706000,008EFF23,000103D5,00680000,FFFFFFFE,FF2000B4,3C004E20,2800A934,E005D016,00000021,0000026A
619,122774200,00A0FF01,000103D5,00700001,FFFFFFFE,FF2000D3,3C004E20,2800A934,E005B016,00000021,0000026B
620,141742300,00B1FE9F,000103D5,00770001,FFFFFFFD,FF2000F5,3C004E20,2800A934,E0058816,00000021,0000026C
621,153214900,00C5FE91,000103D5,007E0001,FFFEFFFD,FF1F0118,3C004E20,2800A934,E0056816,00000021,0000026D
622,135307700,00D6FE91,000103D5,00830001,FFFEFFFD,FF1F013D,3C004E20,2800A934,E0055016,00000021,0000026E
623,128971700,00E6FE91,000103D5,00890000,FFFEFFFD,FF1F0164,3C004E20,2800A934,E0053016,00000021,0000026F
624,132303300,00F5FE93,000103D5,008E0000,FFFEFFFC,FF1E018C,3C004E20,2800A934,E0051816,00000021,00000270
625,124788500,0100FE92,000103D5,00930000,FFFEFFFC,FF1E01B6,3C004E20,2800A934,E0050016,00000021,00000271
626,135158900,0110FE93,000103D5,00980000,FFFEFFFC,FF1E01E1,3C004E20,2800A934,D004F016,00000021,00000272
627,135723000,0117FE95,000103D5,009D0000,FFFEFFFB,FF1D020D,3C004E20,2800A934,D004E016,00000021,00000273
628,137056100,0126FE94,000103D5,00A10000,FFFEFFFB,FF1D023B,3C004E20,2800A934,D004C816,00000021,00000274
629,136173600,012BFE95,000103D5,00A60000,FFFEFFFB,FF1D026A,3C004E20,2800A934,D004B816,00000021,00000275
630,134258400,0134FE96,000103D5,00AA0000,FFFEFFFB,FF1D029A,3C004E20,28008097,D004B016,00000021,00000276
631,122287600,013EFE97,000103D5,00AF0000,FFFEFFFB,FF1C02CC,3C004E20,28008097,D004A016,00000021,00000277
632,104649400,0144FE97,000003D5,00B30000,FFFEFFFA,FF1C02FF,3C004E20,28008097,D0049816,00000021,00000278
633,95513600,0148FE99,000003D5,00B70000,FFFEFFFA,FF1C0332,3C004E20,28008097,D0049016,00000021,00000279
634,98547600,0152FE9A,000003D5,00BA0000,FFFEFFFA,FF1B0367,3C004E20,28008097,D0048816,00000021,0000027A
635,103868400,F8F8FE99,000003D5,00BE0000,FFFEFFFA,FF1B039D,3C004E20,00008097,D1048016,00000020,0000027B
636,107400200,F8F8FEA0,FFFE03D5,00830000,FFFEFFFB,FF1B03C9,3C004E20,00008097,D1048016,00000020,0000027C
637,100177100,0708FEA2,FFFE03D5,00570000,FFFEFFFB,FF1B03E7,3C004E20,00008097,D1047016,00000020,0000027D
638,98299400,0708FEA3,FFFE03D5,00370000,FFFEFFFC,FF1A03FA,3C004E20,00008097,D1046016,00000020,0000027E
639,97557100,F8F8FEA3,FFFF03D5,00200000,FFFEFFFC,FF1A0406,3C004E20,00008097,D1044816,00000020,0000027F
640,101429900,0708FEA3,FFFF03D5,00100000,FFFEFFFD,FF1A040C,3C004E20,00008097,D1042816,00000020,00000280
641,97798000,F8F8FEA4,FFFF03D5,00060000,FFFEFFFD,FF1A040F,3C004E20,00008097,D1040816,00000020,00000281
642,85888200,0708FEA6,FFFF03D5,FFFF0000,FFFEFFFD,FF19040F,3C004E20,00008097,D103F016,00000020,00000282
643,86330600,0708FEA6,FFFF03D5,FFFC0000,FFFEFFFE,FF19040E,3C004E20,00008097,D103D016,00000020,00000283
644,97938400,0708FEA7,FFFF03D5,FFFA0000,FFFEFFFE,FF19040D,3C004E20,00008097,D103B016,00000020,00000284
645,95125900,0708FEA8,FFFF03D5,FFFA0000,FFFEFFFE,FF18040B,3C004E20,00008097,D1039816,00000020,00000285
646,107077900,0708FEAA,FFFF03D5,FFFA0000,FFFEFFFF,FF18040A,3C004E20,00008097,D1038016,00000020,00000286
647,95197200,F8F8FEA9,FFFF03D5,FFFB0000,FFFEFFFF,FF180408,3C004E20,00008097,D1036816,00000020,00000287
648,453753400,F8F8FEAA,FFFF03D5,FFFC0000,FFFEFFFF,FF180407,3C004E20,00008097,D1035016,00000020,00000288
649,61680100,F8F8FE8A,FFFF03D5,FFFD0000,FFFEFFFF,FF170406,3C004E20,00008097,D10B3816,00000020,00000289
650,112087200,0708FE1D,000303D5,004C0001,FFFEFFFF,00170412,3C004E20,00008097,D10B2016,00000020,0000028A
651,92211500,00D8FE09,000303D5,00940001,FFFEFFFE,00170434,3C004E20,28008097,D00B1016,00000021,0000028B
652,99587000,0117FE30,000503D4,00F50000,FFFEFFFD,00160470,3C004E20,28008097,D00AF816,00000021,0000028C
653,94734400,0165FE2C,000403D4,013D0001,FFFDFFFB,001604C3,3C004E20,28008097,D00AF816,00000021,0000028D
654,108713900,0186FDF3,000303D4,01700001,FFFDFFFA,00150527,3C004E20,28008097,E00AF016,00000011,0000028E
655,91169500,01B6FE27,000303D4,01920001,FFFDFFFA,00150597,3C004E20,28008097,E00AF016,00000011,0000028F
656,110636400,01D7FE45,000203D4,01A50000,FFFDFFF9,0015060D,3C004E20,28008097,E00AF816,00000011,00000290
657,116886500,01FAFE5A,000203D4,01AD0000,FFFDFFF8,00140687,3C004E20,1C008097,D00B0016,00000011,00000291
658,126940300,01E3FE6D,000003D4,01920000,FFFDFFF8,001406FD,3C004E20,28008097,D00B1016,00000011,00000292
659,128656800,0201FE74,000103D4,01920000,FFFDFFF8,00140771,3C004E20,1C008097,D00B2016,00000011,00000293
660,130951200,01EFFEA8,000003D4,01750000,FFFEFFF8,001307DE,3C004E20,1C006262,D00B3016,00000011,00000294
661,145976800,01D5FF0D,000003D4,01590000,FFFEFFF8,FF130844,3C004E20,28006262,D00B4816,00000011,00000295
662,124669900,01E7FF0B,000003D4,015C0000,FFFEFFF8,001308A7,3C004E20,28006262,D00B5816,00000011,00000296
663,122891200,01E0FF0F,000003D4,014F0000,FFFEFFF8,00130909,3C004E20,28006262,D00B7816,00000021,00000297
664,101463200,01B8FF0F,FFFF03D4,014B0000,FFFEFFF8,00130968,3C004E20,28006262,D00B9016,00000021,00000298
665,99098000,01A0FF17,FFFF03D4,01360000,FFFEFFF8,001309C3,3C004E20,28006262,D00BB816,00000021,00000299
666,114398300,0182FF17,FFFF03D5,012C0000,FFFEFFF8,00120A1A,3C004E20,28006262,D00BE016,00000021,0000029A
667,122175600,016AFF49,FFFF03D4,01170000,FFFFFFF9,00120A6C,3C004E20,28006262,D0040816,00000021,0000029B
668,119748000,014EFF88,FFFE03D4,01020000,FFFFFFF9,00120AB8,3C004E20,28006262,D0044816,00000021,0000029C
669,132054800,0132FF9A,FFFF03D5,00EE0000,FFFFFFFA,00120AFE,3C004E20,28006262,D0048816,00000021,0000029D
670,136271200,0117FFA1,FFFE03D5,00D50000,FFFFFFFA,FF120B3E,3C004E20,28006262,D004D816,00000021,0000029E
671,146151600,00FFFFDF,FFFE03D5,00BFFFFF,FFFFFFFB,FF120B77,3C004E20,28006262,D0053016,00000021,0000029F
672,133723800,00E6000C,FFFE03D5,00A8FFFF,FFFFFFFB,FF120BA9,3C004E20,28006262,D005A016,00000021,000002A0
673,112413500,00CB005A,FFFF03D5,0092FFFF,0000FFFB,FF120BD6,3C004E20,28006262,D0063016,00000021,000002A1
674,105218100,00B5007F,FFFE03D5,007CFFFF,0000FFFC,FF120BFB,3C004E20,28006262,D006E816,00000021,000002A2
675,107846600,F80000AE,FFFF03D5,0066FFFF,0000FFFC,FF120C1B,3C004E20,00006262,D1076016,00000020,000002A3
676,108586700,07FF00A3,FFFE03D5,00410000,0001FFFD,FF120C31,3C004E20,00006262,D1076016,00000020,000002A4
677,95894300,F800006B,FFFE03D5,00280000,0001FFFE,FF120C3F,3C004E20,00006262,D1076016,00000020,000002A5
678,93903200,07FF000C,FFFF03D6,00180000,0001FFFE,FF120C48,3C004E20,00006262,D1076016,00000020,000002A6
679,97759100,F800FFCE,FFFF03D5,000E0001,0000FFFE,FF120C4D,3C004E20,00006262,D1076016,00000020,000002A7
680,91960500,07FFFF99,FFFF03D5,00070001,0000FFFF,FF120C50,3C004E20,00006262,D1076016,00000020,000002A8
681,111994600,F800FF89,FFFF03D5,00040001,0000FFFF,FF120C51,3C004E20,00006262,D1076016,00000020,000002A9
682,107152800,07FFFF70,FFFF03D5,00010001,0000FFFF,FF120C52,3C004E20,00006262,D1076016,00000020,000002AA
683,103515200,F800FF76,FFFF03D5,00000000,0000FFFF,FF120C52,3C004E20,00006262,D1076016,00000020,000002AB
684,94432100,07FFFF65,000003D5,FFFF0001,FFFFFFFF,FF120C52,3C004E20,00006262,D1076016,00000020,000002AC
685,106384300,F800FF6D,000003D5,FFFF0000,FFFF0000,FF120C52,3C004E20,00006262,D1076016,00000020,000002AD
686,99381700,07FFFF61,000003D5,FFFF0000,FFFF0000,FF120C51,3C004E20,00006262,D1076016,00000020,000002AE
687,104921700,F800FF6D,000003D5,FFFF0000,FFFF0000,00120C51,3C004E20,00006262,D1076016,00000020,000002AF
688,107041600,07FFFF60,000003D5,FFFF0000,FFFF0000,00110C51,3C004E20,00006262,D1076016,00000020,000002B0
689,103546700,F800FF6F,000003D5,00000000,FFFF0000,00110C51,3C004E20,00006262,D1076016,00000020,000002B1
690,472467300,07FFFF5F,000003D5,00000000,FFFF0000,00110C51,3C004E20,000047F2,D1076016,00000022,000002B2
691,77105000,F800FF70,000003D5,00000000,FFFF0000,00110C51,3C004E20,000047F2,D1076016,00000022,000002B3
692,116419900,07FFFF62,000003D5,00000000,FFFF0000,00110C51,3C004E20,000047F2,D1076016,00000022,000002B4
693,128260500,0003FF70,000003D5,00000000,FFFF0000,00110C51,3C004E20,280047F2,D0076016,00000023,000002B5
694,104226500,FFFDFF78,000003D5,00000000,FFFF0000,00110C51,3C004E20,280047F2,D0076016,00000023,000002B6
695,96981700,0001FFBA,000003D5,00000000,FFFF0000,00110C51,3C004E20,280047F2,D0076016,00000023,000002B7
696,93578900,FFFEFFD4,000003D5,00000000,FFFF0000,00110C51,3C004E20,280047F2,D0076016,00000023,000002B8
697,103967200,0003001F,000003D5,0000FFFF,00000000,00110C51,3C004E20,280047F2,D0076016,00000023,000002B9
698,119394600,FFFF0047,000003D5,0000FFFF,00000000,00110C51,3C004E20,280047F2,D0076016,00000023,000002BA
699,116468100,00010089,000003D5,0000FFFF,00000000,00110C51,3C004E20,280047F2,D0076016,00000023,000002BB
700,111106600,00000096,000003D5,0000FFFF,00000000,00110C51,3C004E20,280047F2,D0076016,00000023,000002BC
701,150601600,000000C4,000003D5,0000FFFF,00010000,00110C51,3C004E20,280047F2,D0076016,00000023,000002BD
702,140525800,FFFF00C5,000003D5,0000FFFF,00010000,00110C51,3C004E20,280047F2,D0076016,00000023,000002BE
703,144475200,000000E7,000003D5,0000FFFF,00010000,00120C51,3C004E20,280047F2,D0076016,00000023,000002BF
704,130489800,000000E2,000003D5,00000000,00010000,00120C51,3C004E20,280047F2,D0076016,00000023,000002C0
705,125237100,FFFF00F9,000003D5,00000000,00010000,00120C51,3C004E20,280047F2,D0076016,00000023,000002C1
706,107626100,000000F1,000003D5,00000000,00010000,00120C51,3C004E20,280047F2,D0076016,00000023,000002C2
707,120003300,00010107,000003D5,00000000,00010000,00120C51,3C004E20,280047F2,D0076016,00000023,000002C3
708,119629900,000000FE,000003D5,00000000,00010000,00120C51,3C004E20,280047F2,D0076016,00000023,000002C4
709,129342500,000F010F,000003D5,000B0000,00010000,00130C53,3C004E20,280047F2,D0076016,00000023,000002C5
710,121933500,001C0104,000003D5,00150000,00020000,00130C57,3C004E20,280047F2,D0076016,00000023,000002C6
711,149199700,001F0115,000003D5,001E0000,00020000,00130C5F,3C004E20,280047F2,D0076016,00000023,000002C7
712,133785100,00290110,000003D5,00260000,0002FFFF,00130C69,3C004E20,280047F2,D0076016,00000023,000002C8
713,135970400,002C0118,000003D5,002D0000,0002FFFF,00140C75,3C004E20,280047F2,D0076016,00000023,000002C9
714,120652300,00360114,000003D5,00330000,0002FFFF,00140C83,3C004E20,280047F2,D0076016,00000023,000002CA
715,109452700,003F0120,000003D5,00390000,0002FFFF,00140C93,3C004E20,280047F2,D0076016,00000023,000002CB
716,103158000,0044011A,000003D5,003F0000,0002FFFF,00140CA5,3C004E20,280047F2,D0076016,00000023,000002CC
717,99755800,00470123,000003D5,00430000,0002FFFF,F8140CB7,3C004E20,280047F2,D0076016,00000022,000002CD
718,103318800,00470119,FFFF03D5,002D0000,0002FFFF,07150CC6,3C004E20,280047F2,D0076016,00000022,000002CE
719,114728600,004700F5,FFFF03D5,001D0000,0002FFFF,F8150CD0,3C004E20,280047F2,D0075816,00000022,000002CF
720,103208500,004700CA,000003D5,00120000,0002FFFF,07150CD7,3C004E20,280035F5,D0071016,00000022,000002D0
721,105486200,004700B2,000003D5,000B0000,0001FFFF,F8150CDB,3C004E20,280035F5,E006C816,00000022,000002D1
722,103627900,004700A3,000003D5,00060000,0001FFFF,07150CDD,3C004E20,280035F5,E0067016,00000022,000002D2
723,105364700,0047008D,000003D5,00030000,00010000,F8150CDE,3C004E20,280035F5,E0062816,00000022,000002D3
724,110876600,0047008F,000003D5,00020000,00010000,07150CDF,3C004E20,280035F5,E005E016,00000022,000002D4
725,103151600,00470081,000003D5,00000000,00010000,F8160CDF,3C004E20,280035F5,E005A016,00000022,000002D5
726,100421000,00470084,000003D5,00000000,00010000,07160CDF,3C004E20,280035F5,E0056816,00000022,000002D6
727,97652200,00470079,000003D5,00000000,00010000,F8160CDF,3C004E20,280035F5,E0053016,00000022,000002D7
728,124876900,00470040,000003D5,00000001,00010000,07160CDF,3C004E20,280035F5,E0050016,00000022,000002D8
729,104637500,0047FFD3,000003D5,FFFF0001,00010000,F8160CDF,3C004E20,280035F5,E004D016,00000022,000002D9
730,95174600,0047FF56,000003D5,00000001,00000000,07160CDF,3C004E20,280035F5,E004A816,00000022,000002DA
731,96429800,0047FF35,000003D5,00000001,00000000,F8150CDF,3C004E20,280035F5,E0048016,00000022,000002DB
732,103978900,0047FF27,000003D5,00000001,00000000,07150CDE,3C004E20,280035F5,E0045816,00000022,000002DC
733,99573500,0047FF1A,000003D5,00000001,FFFF0000,F8150CDE,3C004E20,280035F5,E00C3016,00000022,000002DD
734,104879100,0047FF14,000403D5,00520001,FFFFFFFF,07150CEB,3C004E20,280035F5,E00C0816,00000022,000002DE
735,99577500,0047FF02,000403D5,009A0001,FFFFFFFE,F8150D10,3C004E20,280035F5,D00BF016,00000022,000002DF
736,100635100,0047FF07,000303D5,00CC0000,FFFFFFFD,07140D45,3C004E20,280035F5,D00BE816,00000022,000002E0
737,95176400,0047FF05,000203D5,00EC0000,FFFFFFFD,F8140D85,3C004E20,280035F5,D00BE816,00000022,000002E1
738,96946000,0047FF0C,000203D5,01020000,FFFFFFFC,07140DCD,3C004E20,280035F5,D00BF016,00000022,000002E2
739,99560600,0047FF0F,000103D5,010C0000,FFFFFFFC,F8140E19,3C004E20,280035F5,D00BF816,00000022,000002E3
740,93267800,0047FF0F,000103D5,01170000,FFFFFFFB,07140E67,3C004E20,280035F5,D0040816,00000022,000002E4
741,111494600,0047FF19,FFFD03D5,00B40000,FFFFFFFC,F8130EA7,3C004E20,280035F5,D0042016,00000022,000002E5
742,96967900,0047FF1A,FFFD03D5,00810000,FFFFFFFD,07130ED0,3C004E20,280035F5,D0043016,00000022,000002E6
743,90662000,0047FF1A,FFFE03D5,003C0000,FFFFFFFD,F8130EE9,3C004E20,280035F5,D0043016,00000022,000002E7
744,509256700,0047FF22,FFFF03D5,003D0000,FFFFFFFE,07130EFA,3C004E20,280035F5,D00C2016,00000022,000002E8
745,63593700,0047FF14,000303D5,00520000,FFFFFFFD,F8130F0E,3C004E20,280035F5,D00C0816,00000022,000002E9
746,112970100,0047FF0D,000203D5,00B30000,FFFFFFFC,07130F36,3C004E20,280035F5,D00C0016,00000022,000002EA
747,104782900,0103FF0F,000103D5,00AE0000,FFFFFFFC,00120F69,3C004E20,280035F5,D00C0016,00000023,000002EB
748,92012800,00EDFF3D,000103D5,00F20000,FFFFFFFC,00120FA7,3C004E20,280035F5,D00C0016,00000023,000002EC
749,104476800,00F9FF8B,000003D5,00CD0000,FFFFFFFC,00120FE6,3C004E20,280035F5,D0041016,00000023,000002ED
750,94107000,00ECFF89,000003D5,01020000,FFFFFFFB,0012102A,3C004E20,28002BAD,D0042816,00000023,000002EE
751,113709100,0103FF8F,000003D5,00CE0000,FFFFFFFB,0012106B,3C004E20,28002BAD,D0044816,00000023,000002EF
752,118416600,00EAFF93,000003D5,00FA0000,FFFFFFFC,001210AE,3C004E20,28002BAD,D0046816,00000023,000002F0
753,126667700,0101FFAC,000003D5,00BF0000,FFFFFFFC,001210EB,3C004E20,28002BAD,D0048816,00000023,000002F1
754,136263800,00E4FFD5,000003D5,00E60000,FFFFFFFC,00121129,3C004E20,28002BAD,D004B816,00000023,000002F2
755,159862600,00F00010,000003D5,00AAFFFF,0000FFFC,00121160,3C004E20,28002BAD,D004E816,00000023,000002F3
756,156051600,00D3004F,000003D5,00CBFFFF,0000FFFC,00121196,3C004E20,28002BAD,D0051816,00000023,000002F4
757,157855700,00DA0086,000003D5,0093FFFF,0000FFFC,001211C7,3C004E20,28002BAD,D0055816,00000023,000002F5
758,123602200,00BF00A7,FFFF03D5,00AFFFFF,0000FFFC,001211F6,3C004E20,28002BAD,D0059816,00000023,000002F6
759,126642100,00C100C2,FFFF03D5,007DFFFF,0001FFFC,0012121F,3C004E20,28002BAD,D005E016,00000023,000002F7
760,144790600,00A300D9,FFFF03D5,0093FFFF,0001FFFD,00131246,3C004E20,28002BAD,D0062016,00000023,000002F8
761,136354100,00A600E7,FFFF03D5,0069FFFF,0001FFFD,00131269,3C004E20,28002BAD,D0067016,00000023,000002F9
762,139965500,009100F2,FFFF03D5,007B0000,0001FFFD,0013128B,3C004E20,28002BAD,D006C016,00000023,000002FA
763,149295500,008B0102,FFFF03D5,00590000,0001FFFD,001312A8,3C004E20,28002BAD,D0071816,00000023,000002FB
764,173135300,007B0105,FFFF03D5,00660000,0001FFFD,001312C3,3C004E20,28002BAD,D0076016,00000023,000002FC
765,168085200,007C0111,FFFF03D5,004C0000,0001FFFE,001412DC,3C004E20,28002BAD,D0076016,00000023,000002FD
766,147075300,006D010F,FFFF03D5,00550000,0002FFFE,001412F4,3C004E20,28002BAD,D0076016,00000023,000002FE
767,127855400,0065011A,000003D5,00430000,0002FFFE,FF141309,3C004E20,28002BAD,D0076016,00000023,000002FF
768,109689100,005D0118,000003D5,00490000,0002FFFE,FF14131D,3C004E20,28002BAD,D0076016,00000023,00000300
769,113610800,005F011C,000003D5,003D0000,0002FFFE,FF141330,3C004E20,28002BAD,D0076016,00000023,00000301
770,112489000,0057011E,000003D5,00400000,0002FFFE,FF151342,3C004E20,28002BAD,D0076016,00000023,00000302
771,116760500,FE09012B,000003D5,00390000,0002FFFE,FF151353,3C004E20,1C002BAD,D0076016,00000022,00000303
772,116820500,FE72011E,FFFF03D5,00270000,0002FFFF,FF151360,3C004E20,28002BAD,D0076016,00000022,00000304
773,119218900,FC4D00F8,FFFF03D5,00180000,0002FFFF,FF151368,3C004E20,00002BAD,E1076016,00000022,00000305
774,107292300,004900C9,FFFF03D5,000F0001,0002FFFF,FF15136E,3C004E20,28002BAD,E0076016,00000022,00000306
775,104550800,FF41007D,000003D5,00080001,0001FFFF,FF151371,3C004E20,28002BAD,E0076016,00000022,00000307
776,106699200,028D0073,000003D5,00050001,0001FFFF,FF161372,3C004E20,1C002BAD,E0076016,00000022,00000308
777,115241100,FE02007C,000003D5,00020000,0001FFFF,FF161373,3C004E20,1C002BAD,E0076016,00000022,00000309
778,120251300,FF870077,000003D5,00010000,00010000,FF161374,3C004E20,28002BAD,E0076016,00000022,0000030A
779,108878100,0223007D,000003D5,00000000,00010000,FF161374,3C004E20,1C002BAD,E0073016,00000022,0000030B
780,115140900,FE9C008A,000003D5,00000000,00010000,FF161374,3C004E20,280028F5,E006E016,00000022,0000030C
781,124509900,011E0089,000003D5,FFFF0000,00010000,FF161373,3C004E20,280028F5,E006A016,00000022,0000030D
782,117585600,00ED0092,000003D5,00000000,00010000,00161373,3C004E20,280028F5,E0066016,00000022,0000030E
783,113913100,030B00A0,000003D5,FFFF0000,00010000,00161373,3C004E20,1C0028F5,E0061816,00000022,0000030F
784,122391100,0149009E,000003D5,00000000,00010000,00161373,3C004E20,280028F5,E005E016,00000022,00000310
785,112811400,03E1009C,000003D5,00000000,00010000,00171373,3C004E20,000028F5,E105A816,00000022,00000311
786,113342100,FF270086,000003D5,00000000,00010000,00171373,3C004E20,280028F5,E0057816,00000022,00000312
787,118006400,FE49004D,000003D5,00000000,00010000,00171373,3C004E20,280028F5,E0054816,00000022,00000313
788,113230000,03DB000D,000003D5,00000001,00010000,00171373,3C004E20,000028F5,E1051816,00000022,00000314
789,150647100,031BFFAC,000003D5,00000001,00000000,00171373,3C004E20,000028F5,E104F016,00000022,00000315
790,117744000,012CFF3E,000003D5,00000001,00000000,00161373,3C004E20,280028F5,E004C816,00000022,00000316
791,124166700,FC1DFF27,000003D5,00000001,00000000,00161373,3C004E20,000028F5,E1049816,00000022,00000317
792,439442000,FFB0FF1B,000003D5,00000001,FFFF0000,00161373,3C004E20,280028F5,E0047816,00000022,00000318
793,75428600,01E3FF12,000003D5,00000001,FFFF0000,00161373,3C004E20,280028F5,E0045016,00000022,00000319
794,131867400,030EFF0E,000003D5,00000001,FFFF0000,00161373,3C004E20,1C0028F5,E0043016,00000022,0000031A
795,133749600,FFFCFF15,000003D5,00000000,FFFF0000,00151373,3C004E20,280028F5,E00C0816,00000023,0000031B
796,115568800,0065FF08,000403D5,004D0000,FFFFFFFF,0015137F,3C004E20,280028F5,E00BE816,00000023,0000031C
797,113958900,00D1FEFE,000403D5,00950000,FFFFFFFE,001513A2,3C004E20,280028F5,E00BD016,00000023,0000031D
798,120419500,00DCFF01,000303D5,00C80000,FFFFFFFD,001513D6,3C004E20,280028F5,E00BC816,00000023,0000031E
799,143908600,00F0FF04,000203D5,00EB0000,FFFFFFFD,00151415,3C004E20,280028F5,E00BC816,00000023,0000031F
800,137931000,010FFF06,000203D5,01000000,FFFFFFFC,0014145D,3C004E20,280028F5,D00BC816,00000023,00000320
801,158211900,0121FF0C,000103D5,010C0000,FFFFFFFC,001414A8,3C004E20,280028F5,D00BD016,00000023,00000321
802,162440600,0130FF0E,000103D5,01100000,FFFFFFFB,001414F6,3C004E20,280028F5,D00BE016,00000023,00000322
803,165200400,0140FF0F,000103D5,010E0000,FFFFFFFB,00141543,3C004E20,280028F5,D00BF016,00000023,00000323
804,150571400,0143FF12,000103D5,01090000,FFFFFFFB,00141590,3C004E20,280028F5,D0040816,00000023,00000324
805,126912600,0148FF12,000003D5,01010000,FFFFFFFB,001415DA,3C004E20,280028F5,D0042016,00000023,00000325
806,115177000,0141FF40,000003D4,00F90000,FFFFFFFA,00131622,3C004E20,280028F5,D0043816,00000023,00000326
807,134387300,013CFF88,000003D4,00EA0000,FFFFFFFA,00131667,3C004E20,280028F5,D0045816,00000023,00000327
808,151468900,012CFF87,000003D5,00E90000,FFFFFFFB,001316AA,3C004E20,280028F5,D0047816,00000023,00000328
809,148474300,011EFF90,FFFF03D5,00CB0000,FFFFFFFB,001316E7,3C004E20,280028F5,D0049816,00000023,00000329
810,165913100,010AFFA3,FFFF03D5,00D40000,FFFFFFFB,00131723,3C004E20,280030DE,D004C016,00000023,0000032A
811,176914300,0100FFCD,FFFF03D5,00B20000,FFFFFFFB,0013175A,3C004E20,280030DE,D004E816,00000023,0000032B
812,150322700,00EB0017,FFFF03D5,00BDFFFF,0000FFFB,0013178E,3C004E20,280030DE,D0051016,00000023,0000032C
813,123804700,00E6004E,FFFF03D5,009EFFFF,0000FFFB,001317BF,3C004E20,280030DE,D0054816,00000023,0000032D
814,118253900,00D0008E,FFFF03D5,00A5FFFF,0000FFFC,001317ED,3C004E20,280030DE,D0058016,00000023,0000032E
815,124504000,00CC00AA,FFFF03D5,008AFFFF,0000FFFC,00131818,3C004E20,280030DE,D005B816,00000023,0000032F
816,114882500,00B900CF,FFFF03D5,008FFFFF,0001FFFC,00141840,3C004E20,280030DE,D005F816,00000023,00000330
817,127185000,00B200E2,FFFF03D5,0078FFFF,0001FFFC,00141865,3C004E20,280030DE,D0064016,00000023,00000331
818,123467400,00A000F5,FFFF03D5,007BFFFF,0001FFFD,FF141888,3C004E20,280030DE,D0068816,00000023,00000332
819,128286600,FF520102,FFFF03D5,00680000,0001FFFD,FF1418A7,3C004E20,280030DE,D006C816,00000022,00000333
820,114932400,01AB0104,FFFE03D5,004B0000,0001FFFD,FF1418C0,3C004E20,280030DE,D0070816,00000022,00000334
821,113883000,FF2400EE,FFFE03D5,00290000,0001FFFE,FF1518CF,3C004E20,280030DE,D0074016,00000022,00000335
822,120036200,016700DC,FFFF03D5,001E0000,0001FFFE,FF1518D9,3C004E20,280030DE,D0075016,00000022,00000336
823,112155700,FF1000CC,FFFF03D5,000D0000,0001FFFF,FF1518DE,3C004E20,280030DE,D0074016,00000022,00000337
824,121827500,016500C5,FFFF03D5,000B0000,0001FFFF,FF1518E1,3C004E20,280030DE,E0072016,00000022,00000338
825,116570200,FEFE00BB,FFFF03D5,00020000,0001FFFF,FF1518E3,3C004E20,280030DE,E0070016,00000022,00000339
826,105563800,016A00B9,FFFF03D5,00030000,0001FFFF,FF1518E4,3C004E20,280030DE,E006D016,00000022,0000033A
827,117592200,FEF800B5,FFFF03D5,FFFF0000,0001FFFF,FF1518E4,3C004E20,280030DE,E006A016,00000022,0000033B
828,106130700,014000B2,000003D5,00000000,0001FFFF,FF1618E4,3C004E20,280030DE,E0067016,00000022,0000033C
829,123607700,FEFA00B7,000003D5,FFFE0000,00010000,FF1618E3,3C004E20,280030DE,E0064016,00000022,0000033D
830,106864400,010D00B0,000003D5,FFFF0000,00010000,FF1618E3,3C004E20,280030DE,E0061016,00000022,0000033E
831,110069600,FEE200B4,000003D5,FFFF0000,00010000,001618E3,3C004E20,280030DE,E005E016,00000022,0000033F
832,105029500,015A00B5,000003D5,FFFF0000,00010000,001618E3,3C004E20,280030DE,E005B816,00000022,00000340
833,114249400,FECB00B2,000003D5,FFFF0000,00010000,001618E2,3C004E20,280030DE,E0059016,00000022,00000341
834,113003200,014A00AE,000003D5,00000000,00010000,001618E2,3C004E20,280030DE,E0056016,00000022,00000342
835,107200000,FEEF0072,000003D5,00000000,00010000,001618E2,3C004E20,280030DE,E0053816,00000022,00000343
836,107563000,01400013,000003D5,00000001,00010000,001618E2,3C004E20,280030DE,E0051816,00000022,00000344
837,107970700,FEE4FFB3,000003D5,00000001,00010000,001618E2,3C004E20,280030DE,E004F016,00000022,00000345
838,486270500,011BFF45,000003D5,00000001,00000000,001618E2,3C004E20,280030DE,E004C816,00000022,00000346
839,86487300,FEF1FF27,000003D5,00000001,00000000,001618E2,3C004E20,280030DE,E004A016,00000022,00000347
840,127636800,0129FF1D,000003D5,00000001,FFFF0000,001618E2,3C004E20,280041FF,E0048016,00000022,00000348
841,111619300,0002FF14,000003D5,00000001,FFFF0000,001618E2,3C004E20,280041FF,E0046016,00000023,00000349
842,100056900,005BFF0E,000303D5,00460001,FFFFFFFF,001518ED,3C004E20,280041FF,E0043816,00000023,0000034A
843,92665000,00B7FF04,000303D5,00830000,FFFFFFFE,0015190C,3C004E20,280041FF,E00C2016,00000023,0000034B
844,96804300,00BDFF05,000203D5,00AF0000,FFFFFFFE,0015193A,3C004E20,280041FF,E00C1016,00000023,0000034C
845,138209700,00D3FF08,000203D5,00CC0000,FFFFFFFD,00151971,3C004E20,280041FF,E0041016,00000023,0000034D
846,124752600,00E9FF09,000103D5,00DE0000,FFFFFFFD,001519AF,3C004E20,280041FF,E0041816,00000023,0000034E
847,114787700,00FCFF0D,000103D5,00E80000,FFFFFFFC,001419F1,3C004E20,280041FF,D0042016,00000023,0000034F
848,148360700,010CFF0F,000103D5,00EB0000,FFFFFFFC,00141A34,3C004E20,280041FF,D0043016,00000023,00000350
849,140837800,011BFF3C,000103D5,00EB0000,FFFFFFFC,00141A77,3C004E20,280041FF,D0044016,00000023,00000351
850,152518200,011DFF80,000103D4,00E70000,FFFFFFFB,00141AB9,3C004E20,280041FF,D0045816,00000023,00000352
851,145788200,011DFF85,000003D5,00DF0000,FFFFFFFB,00141AFA,3C004E20,280041FF,D0047816,00000023,00000353
852,120121200,0117FF87,000003D5,00D80000,FFFFFFFB,00141B39,3C004E20,280041FF,D0049016,00000023,00000354
853,107789800,0115FF87,000003D5,00CA0000,FFFFFFFB,00141B74,3C004E20,280041FF,D004B016,00000023,00000355
854,123383200,0106FF8A,000003D5,00C80000,FFFFFFFB,00141BAE,3C004E20,280041FF,D004D016,00000023,00000356
855,112535400,00FCFFA3,000003D5,00B40000,FFFFFFFB,00141BE4,3C004E20,280041FF,D004F816,00000023,00000357
856,131825000,00ECFFD2,FFFF03D5,00B70000,FFFFFFFB,00141C17,3C004E20,280041FF,D0052016,00000023,00000358
857,158964000,00E8000C,FFFF03D5,009FFFFF,0000FFFC,00141C48,3C004E20,280041FF,D0054816,00000023,00000359
858,142141700,00D50059,FFFF03D5,00A5FFFF,0000FFFC,00141C76,3C004E20,280041FF,D0057016,00000023,0000035A
859,157477800,00CE0089,FFFF03D5,008DFFFF,0000FFFC,00141CA1,3C004E20,280041FF,D005A816,00000023,0000035B
860,130611000,00C300B5,FFFF03D5,0091FFFF,0000FFFC,FF141CCA,3C004E20,280041FF,D005E016,00000023,0000035C
861,122037000,00BA00D0,FFFF03D5,007DFFFF,0001FFFC,FF141CF0,3C004E20,280041FF,D0061016,00000023,0000035D
862,90783500,00AA00E8,FFFF03D5,007FFFFF,0001FFFC,FF141D14,3C004E20,280041FF,D0064816,00000023,0000035E
863,109021400,00A500FC,FFFF03D5,0070FFFF,0001FFFD,FF151D36,3C004E20,280041FF,D0068816,00000023,0000035F
864,117805700,00970104,FFFF03D5,006F0000,0001FFFD,FF151D56,3C004E20,280041FF,D006C816,00000023,00000360
865,105699500,00940113,FFFFFA8F,00650000,0001FFFD,FF151D74,3C004E20,1C0041FF,D2041816,00000022,00000361
866,113559300,005F00EE,FFFE07FF,00440000,0001FFFD,FF151D8B,3C004E20,140041FF,E2038016,00000022,00000362
867,116337600,00480021,FFFFFA40,00280001,0001FFFE,FF151D99,3C004E20,1C0041FF,E2044816,00000022,00000363
868,109974400,0045FF09,FFFF07FF,001B0002,0001FFFE,FF151DA2,3C004E20,140041FF,E2039816,00000022,00000364
869,111378300,0038FE7C,FFFFF9A9,000D0003,0000FFFF,FF141DA7,3C004E20,140041FF,D2038016,00000022,00000365
870,101048800,002DFE40,FFFF07FF,000A0002,FFFFFFFF,FF141DAB,3C004E20,140059D9,D2036816,00000020,00000366
871,92284900,0024FE26,FFFFFA57,00020002,FFFFFFFF,FF141DAC,3C004E20,1C0059D9,D2040016,00000020,00000367
872,99938200,001BFE0F,FFFF07FF,00040001,FFFEFFFF,FF131DAD,3C004E20,140059D9,D2033816,00000020,00000368
873,111807700,0014FE0B,FFFFF947,FFFB0001,FFFEFFFF,FF131DAD,3C004E20,140059D9,D2032016,00000020,00000369
874,108336000,000DFE04,000007FF,00080001,FFFEFFFF,FF131DAD,3C004E20,140059D9,D2030016,00000020,0000036A
875,98449300,000EFE05,0000FAFE,FFF10000,FFFD0000,FF121DAC,3C004E20,240059D9,D004B016,00000020,0000036B
876,108826100,0001FE38,000007FF,00120000,FFFD0000,FF121DAD,3C004E20,140059D9,D202B816,00000020,0000036C
877,93838500,0009FE6E,0000F90D,FFE80000,FFFD0000,00111DAB,3C004E20,140059D9,D202A016,00000020,0000036D
878,115447500,FFFEFE18,000007FF,001B0000,FFFD0000,00111DAD,3C004E20,140059D9,D202A016,00000020,0000036E
879,100664200,0008FE0D,0000F8EE,FFE10000,FFFD0000,00111DAB,3C004E20,140059D9,D2028816,00000020,0000036F
880,520270600,FFF6FE0F,000007FF,00200000,FFFD0000,00101DAC,3C004E20,140059D9,D2027016,00000020,00000370
881,78761000,000CFE0E,0000F8ED,FFDE0000,FFFD0000,00101DAA,3C004E20,140059D9,D2025816,00000020,00000371
882,127525700,FFF6FE10,000007FF,00240000,FFFD0000,00101DAC,3C004E20,140059D9,D2023816,00000020,00000372
883,110304200,000CFE15,000003D5,FFDA0000,FFFD0000,000F1DAA,3C004E20,280059D9,D0047816,00000021,00000373
884,106241900,003CFE42,000303D5,00620000,FFFDFFFF,000F1DB6,3C004E20,280059D9,D0044016,00000021,00000374
885,97713700,00ACFF31,000303D4,004CFFFF,FFFEFFFF,000F1DCE,3C004E20,280059D9,D0043016,00000021,00000375
886,104708200,008BFFCA,000203D4,00BFFFFE,FFFEFFFE,000F1DF8,3C004E20,280059D9,D0042816,00000021,00000376
887,101732400,00A7000E,000103D5,008AFFFE,FFFFFFFE,000F1E26,3C004E20,280059D9,D0043816,00000021,00000377
888,133800600,008C0043,000103D5,00E1FFFE,FFFFFFFD,000F1E5D,3C004E20,280059D9,D0045816,00000021,00000378
889,124235100,00AE0072,000003D5,009BFFFF,0000FFFD,000F1E91,3C004E20,280059D9,D0047816,00000021,00000379
890,131433400,00910092,000003D5,00E0FFFF,0000FFFD,000F1ECA,3C004E20,280059D9,D004A016,00000021,0000037A
891,150171400,00AD00AA,000003D5,0093FFFF,0000FFFD,000F1EFD,3C004E20,280059D9,D004D816,00000021,0000037B
892,135608800,008E00B8,000003D5,00CEFFFF,0001FFFD,000F1F31,3C004E20,280059D9,D0051016,00000021,0000037C
893,127690900,00A100CD,000003D5,0080FFFF,0001FFFD,00101F5E,3C004E20,280059D9,D0055816,00000021,0000037D
894,117940400,008500D6,000003D5,00B40000,0001FFFD,00101F8C,3C004E20,280059D9,D0059816,00000021,0000037E
895,121116400,009400DC,000003D5,006A0000,0001FFFD,00101FB3,3C004E20,280059D9,D005E016,00000021,0000037F
896,119037700,007600E4,000003D5,009B0000,0001FFFE,00101FDA,3C004E20,280059D9,D0062816,00000021,00000380
897,126143800,008500EB,000003D5,00560000,0001FFFE,00101FFA,3C004E20,280059D9,D0067816,00000021,00000381
898,125157700,006800EF,000003D5,00840000,0001FFFE,0010201B,3C004E20,280059D9,D006C816,00000021,00000382
899,143358900,007700F2,000003D5,00450000,0001FFFE,00112035,3C004E20,280059D9,D0071816,00000021,00000383
900,145852200,005900F8,000003D5,00720000,0001FFFE,00112051,3C004E20,28007A8E,D0075816,00000021,00000384
901,139392900,006A00F9,000003D5,00390000,0001FFFE,00112068,3C004E20,28007A8E,D007A816,00000021,00000385
902,152965600,004E00FC,000003D5,00630000,0001FFFE,0011207F,3C004E20,28007A8E,D007E816,00000021,00000386
903,125383700,005E00FE,000003D5,00300000,0001FFFE,00112093,3C004E20,28007A8E,D007F816,00000021,00000387
904,109369800,00450102,000003D5,00570000,0001FFFE,001220A7,3C004E20,28007A8E,D007F816,00000021,00000388
905,114636200,00560104,000003D5,002C0000,0002FFFE,001220B9,3C004E20,28007A8E,D007F816,00000021,00000389
906,95412100,00410107,000003D5,004E0000,0002FFFF,001220CB,3C004E20,28007A8E,D007F816,00000021,0000038A
907,97517800,00520109,000003D5,00290000,0002FFFF,001220DB,3C004E20,2BE07A8E,D007F816,00000020,0000038B
908,102334000,002100E2,FFFF03D5,00380000,0002FFFF,FF1220E9,3C004E20,281C7A8E,D007F816,00000020,0000038C
909,98614800,0023005D,FFFF03D5,00020001,0001FFFF,FF1220F0,3C004E20,2BE07A8E,D007F816,00000020,0000038D
910,92632200,0013FFF0,FFFF03D5,00260001,0001FFFF,FF1220F7,3C004E20,281C7A8E,D007F816,00000020,0000038E
911,111432800,001FFF99,000003D5,FFF10001,0001FFFF,FF1220F9,3C004E20,2BE07A8E,D007F816,00000020,0000038F
912,106128000,0006FF68,000003D5,001E0001,0000FFFF,FF1220FC,3C004E20,281C7A8E,D007E816,00000020,00000390
913,103579100,001DFF4A,000003D5,FFE90001,00000000,FF1220FC,3C004E20,2BE07A8E,D0079016,00000020,00000391
914,110921200,0001FF3B,000003D5,001C0001,00000000,FF1220FE,3C004E20,281C7A8E,D0073816,00000020,00000392
915,102009200,0012FF31,000003D5,FFE50001,FFFF0000,FF1220FC,3C004E20,2BE07A8E,D006F016,00000020,00000393
916,120857400,FFFEFF2C,000003D5,001C0001,FFFF0000,FF1120FE,3C004E20,281C7A8E,D006A016,00000020,00000394
917,109975200,000EFF2A,000003D5,FFE30000,FFFF0000,001120FC,3C004E20,2BE07A8E,D0066816,00000020,00000395
918,103734900,FFF9FF27,000003D5,001D0000,FFFF0000,FF1120FE,3C004E20,281C7A8E,D0061816,00000020,00000396
919,114771300,000CFF28,000003D5,FFE10000,FFFF0000,001120FC,3C004E20,2BE07A8E,D005E016,00000020,00000397
920,109413500,FFF5FF28,000003D5,001F0000,FFFF0000,001120FE,3C004E20,281C7A8E,D005A016,00000020,00000398
921,107620500,000DFF29,000003D5,FFE00000,FFFF0000,001120FC,3C004E20,2BE07A8E,D0057016,00000020,00000399
922,98450000,FFF4FF2C,000003D5,00210000,FFFF0000,001020FE,3C004E20,281C7A8E,D0054016,00000020,0000039A
923,98099400,000EFF28,000003D5,FFDE0000,FFFF0000,001020FC,3C004E20,2BE07A8E,D0051816,00000020,0000039B
924,105341900,FFF2FF2B,000003D5,00220000,FFFF0000,001020FE,3C004E20,281C7A8E,D004E816,00000020,0000039C
925,90389500,000DFF2D,000003D5,FFDD0000,FFFF0000,001020FC,3C004E20,2BE07A8E,D004C016,00000020,0000039D
926,107003400,FFF2FF2C,000003D5,00240000,FFFF0000,001020FE,3C004E20,281C7A8E,D0049816,00000020,0000039E
927,102222800,000FFF2D,000003D5,FFDC0000,FFFF0000,001020FC,3C004E20,2BE07A8E,D0047816,00000020,0000039F
928,100887700,FFF5FF2E,000003D5,00250000,FFFF0000,000F20FE,3C004E20,281C7A8E,D0045016,00000020,000003A0
929,108357000,000BFF31,000003D5,FFDA0000,FFFF0000,000F20FC,3C004E20,2BE07A8E,D00C3816,00000020,000003A1
930,112393200,0046FF29,000303D5,006A0000,FFFFFFFF,000F2109,3C004E20,281C9AD3,D00C2016,00000020,000003A2
931,116594800,00BFFF1F,000303D5,00590000,FFFFFFFE,000F2125,3C004E20,2BE09AD3,D00C1016,00000020,000003A3
932,106927500,0098FF26,000203D5,00CF0000,FFFFFFFE,000F2152,3C004E20,281C9AD3,D00C1016,00000020,000003A4
933,98071800,00B4FF28,000103D5,00990000,FFFFFFFD,000F2185,3C004E20,2BE09AD3,D0041816,00000020,000003A5
934,470396800,0037FF5B,FFFD03D5,00AD0000,FFFFFFFE,000F21B4,3C004E20,281C9AD3,D0042816,00000020,000003A6
935,79942200,001CFFB7,FFFE03D5,0030FFFF,FFFFFFFF,000F21D0,3C004E20,2BE09AD3,D0044016,00000020,000003A7
936,109868300,0012FFE1,FFFF03D5,0061FFFF,FFFFFFFF,FF0E21E6,3C004E20,281C9AD3,D0045016,00000020,000003A8
937,115308900,0038000C,FFFF03D5,FFFCFFFF,FFFFFFFF,FF0F21F0,3C004E20,28009AD3,D0045016,00000021,000003A9
938,108473800,00610027,000303D5,007BFFFF,0000FFFF,000F2204,3C004E20,28009AD3,D0044816,00000021,000003AA
939,103475900,00C90047,000203D5,005AFFFF,0000FFFE,000F2222,3C004E20,28009AD3,D0044816,00000021,000003AB
940,106520900,009A006F,000103D5,00C0FFFF,0000FFFE,000F224E,3C004E20,28009AD3,D0046016,00000021,000003AC
941,135092300,00AA008F,000103D5,0084FFFF,0000FFFD,000F227A,3C004E20,28009AD3,D0048016,00000021,000003AD
942,126166800,008B00A7,000003D5,00CFFFFF,0001FFFD,000F22AD,3C004E20,28009AD3,D004C016,00000021,000003AE
943,148359300,009800BC,000003D5,0085FFFF,0001FFFD,000F22DC,3C004E20,28009AD3,D0050016,00000021,000003AF
944,134082100,008100C9,000003D5,00C10000,0001FFFD,000F230C,3C004E20,28009AD3,D0054016,00000021,000003B0
945,156391200,009200D5,000003D5,00730000,0001FFFD,000F2336,3C004E20,28009AD3,D0059816,00000021,000003B1
946,152516600,006D00D9,000003D5,00A70000,0001FFFE,00102360,3C004E20,28009AD3,D0060016,00000021,000003B2
947,152663900,008300E5,000003D5,005A0000,0001FFFE,00102382,3C004E20,28009AD3,D0067816,00000021,000003B3
948,122909000,005E00E8,000003D5,00880000,0001FFFE,001023A4,3C004E20,28009AD3,D0070816,00000021,000003B4
949,119544500,006D00EE,FFFF03D5,003F0000,0001FFFE,001023BE,3C004E20,28009AD3,D007B016,00000021,000003B5
950,133879800,004900EF,FFFF03D5,006B0000,0001FFFE,001023D7,3C004E20,28009AD3,D007F816,00000021,000003B6
951,132188400,005900F6,FFFF03D5,00280000,0001FFFE,001123EA,3C004E20,28009AD3,D007F816,00000021,000003B7
952,131139700,003800F5,FFFF03D5,00510000,0001FFFF,001123FD,3C004E20,28009AD3,D007F816,00000021,000003B8
953,156591000,004000FC,FFFF03D5,00140000,0001FFFF,00112409,3C004E20,28009AD3,D007F816,00000021,000003B9
954,148503300,001D00FC,FFFF03D5,00340000,0001FFFF,FF112414,3C004E20,28009AD3,D007F816,00000021,000003BA
955,147316800,002200FF,FFFF03D5,FFFB0000,0001FFFF,FF112419,3C004E20,28009AD3,D007F816,00000021,000003BB
956,130178700,00100102,000003D5,001F0000,0002FFFF,FF12241E,3C004E20,28009AD3,D007F816,00000021,000003BC
957,104199700,001B0104,000003D5,FFF20000,0002FFFF,FF12241F,3C004E20,28009AD3,D007F816,00000021,000003BD
958,104306600,000A0106,000003D5,00160000,00020000,FF122421,3C004E20,28009AD3,D007F816,00000021,000003BE
959,111506200,000E0109,000003D5,FFF00000,00020000,FF122421,3C004E20,28009AD3,D007F816,00000021,000003BF
960,106193600,0006010C,000003D5,00100000,00020000,FF122422,3C004E20,2800C7F6,D007F816,00000021,000003C0
961,113235100,0008010D,00000616,FFF20000,00020000,00132421,3C004E20,1C00C7F6,D005D816,00000020,000003C1
962,101256200,000100E8,00000408,00100000,00020000,00132422,3C004E20,2800C7F6,D007F816,00000020,000003C2
963,111402300,00080094,0000064A,FFF00000,00010000,00132421,3C004E20,1400C7F6,D004E016,00000020,000003C3
964,88299400,FFFD0088,00000589,00120001,00010000,00132422,3C004E20,1C00C7F6,D005D816,00000020,000003C4
965,109822000,00050027,0000075D,FFED0001,00010000,00132421,3C004E20,1400C7F6,D004E016,00000020,000003C5
966,106039000,FFF8001A,0000061A,00140001,00010000,00132422,3C004E20,1C00C7F6,D0FDD816,00000020,000003C6
967,105210500,FFABFF95,FFFC0660,FF9E0001,00000001,FF132414,3C004E20,1400C7F6,D0FCE016,00000020,000003C7
968,122984000,FF2AFF53,FFFC0363,FF830001,00000002,FF1323F3,3C004E20,2800C7F6,D007F816,00000020,000003C8
969,105818600,FFB9FF6E,000103AE,FF810001,00000002,FF1323CE,3C004E20,2800C7F6,D007F816,00000020,000003C9
970,114073800,FFEDFFBF,00020101,FFCF0000,00000001,FF1323B8,3C004E20,1400C7F6,D004E016,00000020,000003CA
971,97115200,FFE8FFBD,00010505,FFBA0000,00000001,001223A6,3C004E20,2400C7F6,D007D016,00000020,000003CB
972,103637200,FFD1FF9B,00000522,FFF90000,00000001,0012239D,3C004E20,2400C7F6,D007D016,00000020,000003CC
973,105166400,FFE1FFDF,00000450,FFD70000,00000001,00122395,3C004E20,2800C7F6,D007F816,00000020,000003CD
974,99256400,FFDAFFFE,0000070A,000B0000,00000001,00122393,3C004E20,1400C7F6,D004E016,00000020,000003CE
975,111677600,FFF0FFFD,00000197,FFE30000,00000001,0012238F,3C004E20,1C00C7F6,D005D816,00000020,000003CF
976,101054300,FFE1FF9D,00000534,00150000,00000000,0012238F,3C004E20,2400C7F6,D007D016,00000020,000003D0
977,107286800,FFF9FF99,000002A7,FFE70000,00000000,0012238D,3C004E20,2400C7F6,D007D016,00000020,000003D1
978,110909600,FFECFFD2,00000383,00170000,00000000,0012238E,3C004E20,2800C7F6,D007F816,00000020,000003D2
979,105394000,0000FFF1,0000032D,FFE90000,00000000,0012238D,3C004E20,2800C7F6,D007F816,00000020,000003D3
980,114613300,FFF10013,00000463,00170000,00000000,0012238E,3C004E20,2800C7F6,D007F816,00000020,000003D4
981,124400100,0008002E,000007B9,FFEA0000,00000000,0012238D,3C004E20,1400C7F6,D004E016,00000020,000003D5
982,504936800,FFF2001E,00000541,00180000,00000000,0012238F,3C004E20,2400C7F6,D007D016,00000020,000003D6
983,85228300,0004FFE3,000005EE,FFE90000,00000000,0012238D,3C004E20,1C00C7F6,D005D816,00000020,000003D7
984,129602900,FFF9FFF0,000003FF,00190000,00000000,0012238F,3C004E20,2800C7F6,D007F816,00000020,000003D8
985,106486900,000BFFB1,000003D5,FFE80000,00000000,0012238D,3C004E20,2800C7F6,D007F816,00000021,000003D9
986,103205100,FFF7FFE0,000003D5,00180000,00000000,0012238F,3C004E20,2800C7F6,D007F816,00000021,000003DA
987,113322600,0006FFF9,000003D5,FFE90000,00000000,0012238E,3C004E20,2800C7F6,D007F816,00000021,000003DB
988,110125600,FFF90028,000003D5,00160000,00000000,0012238F,3C004E20,2800C7F6,D007F816,00000021,000003DC
989,127266600,00070063,000003D5,FFEBFFFF,00000000,0012238E,3C004E20,2800C7F6,D007F816,00000021,000003DD
990,125887800,FFF40091,000003D5,0013FFFF,00000000,0012238F,3C004E20,2800F38F,D007F816,00000021,000003DE
991,134456600,000B00B3,000003D5,FFEFFFFF,00010000,0013238E,3C004E20,2800F38F,D007F816,00000021,000003DF
992,142098000,FFF800CF,000003D5,0010FFFF,00010000,0013238F,3C004E20,2800F38F,D007F816,00000021,000003E0
993,142004300,000500DF,000003D5,FFF2FFFF,00010000,0013238E,3C004E20,2800F38F,D007F816,00000021,000003E1
994,131203900,FFFB00F2,000003D5,000DFFFF,00010000,0013238F,3C004E20,2800F38F,D007F816,00000021,000003E2
995,121210700,000600FB,000003D5,FFF50000,00010000,0013238E,3C004E20,2800F38F,D007F816,00000021,000003E3
996,126521900,FFFC0107,000003D5,00090000,00010000,0014238F,3C004E20,2800F38F,D007F816,00000021,000003E4
997,110188200,0003010C,000003D5,FFF80000,00010000,0014238E,3C004E20,2800F38F,D007F816,00000021,000003E5
998,123205600,FFFD0112,000003D5,00060000,00010000,0014238E,3C004E20,2800F38F,D007F816,00000021,000003E6
999,127556900,00010117,000003D5,FFFB0000,00020000,0014238E,3C004E20,2800F38F,D007F816,00000021,000003E7
1000,125210300,0000011D,000003D5,00040000,00020000,0014238E,3C004E20,2800F38F,D007F816,00000021,000003E8
1001,146699000,0002011F,000003D5,FFFD0000,00020000,0015238E,3C004E20,2800F38F,D007F816,00000021,000003E9
1002,140397500,FFFC0122,000003D5,00020000,00020000,0015238E,3C004E20,2800F38F,D007F816,00000021,000003EA
1003,148938800,00050128,000003D5,FFFF0000,00020000,0015238E,3C004E20,2800F38F,D007F816,00000021,000003EB
1004,134250400,FFFE012A,000003D5,00000000,00020000,0015238E,3C004E20,2800F38F,E007F816,00000021,000003EC
1005,110478900,FFFF012D,000003D5,00000000,00020000,0016238E,3C004E20,2800F38F,E007F816,00000021,000003ED
1006,110995100,00020131,000003D5,00000000,00020000,0016238E,3C004E20,2800F38F,E007F816,00000021,000003EE
1007,114499900,00010133,000003D5,00000000,00020000,0016238E,3C004E20,2800F38F,E007F816,00000021,000003EF
1008,101511200,FFFE0138,000003D5,00000000,00020000,0016238E,3C004E20,2800F38F,E007F816,00000021,000003F0
1009,120085000,0001013A,0000027E,00000000,00020000,0017238E,3C004E20,2400F38F,E007D016,00000020,000003F1
1010,139041000,FFFF0136,000004E8,00000000,00020000,0017238E,3C004E20,2400F38F,E007D016,00000020,000003F2
1011,109941500,FFFF010D,000002A1,00000000,00020000,0017238E,3C004E20,2400F38F,E007D016,00000020,000003F3
1012,113608700,000200DE,0000052B,00000000,00020000,0017238E,3C004E20,2400F38F,E007D016,00000020,000003F4
1013,111643200,FFFD00C3,00000297,00000000,00020000,0017238E,3C004E20,2400F38F,E007D016,00000020,000003F5
1014,96653500,000500AE,00000527,00000000,00010000,0017238E,3C004E20,2400F38F,E007D016,00000020,000003F6
1015,113872800,FFFD00A1,000002C8,00000000,00010000,0018238E,3C004E20,2400F38F,E007D016,00000020,000003F7
1016,107268200,FFFE0098,000004E4,00000000,00010000,0018238E,3C004E20,2400F38F,E007D016,00000020,000003F8
1017,105545300,00040093,000002C2,00000000,00010000,0018238E,3C004E20,2400F38F,E007D016,00000020,000003F9
1018,100220300,FFFD008F,000004FD,00000000,00010000,0018238E,3C004E20,2400F38F,E007D016,00000020,000003FA
1019,96962800,FFFF008A,00000288,00000000,00010000,0018238E,3C004E20,2400F38F,E007D016,00000020,000003FB
1020,115841600,0003008C,00000513,00000000,00010000,0018238E,3C004E20,24011FC2,E007D016,00000020,000003FC
1021,121438700,FFFF0088,00000281,00000000,00010000,0018238E,3C004E20,24011FC2,E007D016,00000020,000003FD
1022,120909700,FFFD0088,000004F3,00000000,00010000,0018238E,3C004E20,24011FC2,E007D016,00000020,000003FE
1023,106021500,00070087,0000029C,00000000,00010000,0018238E,3C004E20,24011FC2,E007D016,00000020,000003FF
1024,114820900,FFFD0089,00000523,00000000,00010000,0018238E,3C004E20,24011FC2,E007D016,00000020,00000400
1025,125331800,FFFE0089,00000292,00000000,00010000,0019238E,3C004E20,24011FC2,E007D016,00000020,00000401
1026,119006700,00030089,00000516,00000000,00010000,0019238E,3C004E20,24011FC2,E007D016,00000020,00000402
1027,114330900,00020089,000002BB,00000000,00010000,0019238E,3C004E20,24011FC2,E007D016,00000020,00000403
1028,425885700,FFFD008C,000004FC,00000000,00010000,0019238E,3C004E20,24011FC2,E007D016,00000020,00000404
1029,71389500,0002008B,00000281,00000000,00010000,0019238E,3C004E20,24011FC2,E007D016,00000020,00000405
1030,116673400,0002008A,0000050B,00000000,00010000,0019238E,3C004E20,24011FC2,E007D016,00000020,00000406
1031,103987700,FFFE008C,000003D5,00000000,00010000,0019238E,3C004E20,28011FC2,E007F816,00000021,00000407
1032,111864500,00000091,000003D5,00000000,00010000,0019238E,3C004E20,28011FC2,E007F816,00000021,00000408
1033,103732300,000200B5,000003D5,00000000,00010000,001A238E,3C004E20,28011FC2,E007F816,00000021,00000409
1034,115063200,FFFF00E5,000003D5,00000000,00010000,001A238E,3C004E20,28011FC2,E007F816,00000021,0000040A
1035,125452500,00000109,000003D5,0000FFFF,00010000,001A238E,3C004E20,28011FC2,E007F816,00000021,0000040B
1036,129935600,00000127,000003D5,0000FFFF,00010000,001A238E,3C004E20,28011FC2,E007F816,00000021,0000040C
1037,131032600,0000013A,000003D5,0000FFFF,00020000,001A238E,3C004E20,28011FC2,E007F816,00000021,0000040D
1038,141588800,FFFE014E,000003D5,0000FFFF,00020000,001B238E,3C004E20,2BFD1FC2,E007F816,00000021,0000040E
1039,138885500,00020157,000003D5,00000000,00020000,001B238E,3C004E20,2BFD1FC2,E007F816,00000021,0000040F
1040,137311400,0000015F,000003D5,00000000,00020000,001B238E,3C004E20,2BFD1FC2,E007F816,00000021,00000410
1041,140100500,00010166,000003D5,00000000,00020000,001C238E,3C004E20,2BFD1FC2,E007F816,00000021,00000411
1042,155751500,00000169,000003D5,00000000,00020000,001C238E,3C004E20,2BFD1FC2,E007F816,00000021,00000412
1043,130427500,0000016C,000003D5,00000000,00020000,001C238E,3C004E20,2BFD1FC2,E007F816,00000021,00000413
1044,150885400,FFFF016E,000003D5,00000000,00020000,001C238E,3C004E20,2BFD1FC2,E007F816,00000021,00000414
1045,149539400,00010170,000003D5,00000000,00020000,001D238E,3C004E20,2BFD1FC2,E007F816,00000021,00000415
1046,157154500,FFFF0171,000003D5,00000000,00020000,001D238E,3C004E20,2BFD1FC2,E007F816,00000021,00000416
1047,183047600,00000173,000003D5,00000000,00020000,001D238E,3C004E20,2BFD1FC2,E007F816,00000021,00000417
1048,167272800,FFFF0174,000003D5,00000000,00020000,001E238E,3C004E20,2BFD1FC2,E007F816,00000021,00000418
1049,172281800,FFFF0174,000003D5,00000000,00020000,001E238E,3C004E20,2BFD1FC2,E007F816,00000021,00000419
1050,163710300,FFFF0175,000003D5,00000000,00020000,001E238E,3C004E20,2BFD52D5,E007F816,00000021,0000041A
1051,145643400,00010176,000003D5,00000000,00020000,001E238E,3C004E20,2BFD52D5,E007F816,00000021,0000041B
1052,142509900,00010177,000003D5,00000000,00020000,001F238E,3C004E20,2BFD52D5,E007F816,00000021,0000041C
1053,117929800,FFFF0177,000003D5,00000000,00020000,001F238E,3C004E20,2BFD52D5,E007F816,00000021,0000041D
1054,113780100,00000178,000003D5,00000000,00020000,001F238E,3C004E20,2BFD52D5,E007F816,00000021,0000041E
1055,98909600,FFFE017A,B9B003D5,00000000,00020000,0020238E,3C004E20,03FD52D5,E007F816,00000020,0000041F
1056,106817900,00010160,B9B003D5,00000000,00020000,0020238E,3C004E20,03FD52D5,F007F816,00000020,00000420
1057,102738100,000200F3,465003D5,00000001,00020000,0020238E,3C004E20,03FD52D5,F007F816,00000020,00000421
1058,96048700,FFFF0055,465003D6,00000001,00020000,0020238E,3C004E20,03FD52D5,F007F816,00000020,00000422
1059,108225700,0000FFD1,B9B003D5,00000002,00010000,0020238E,3C004E20,000152D5,F007F816,00000020,00000423
1060,106688700,0000FF80,465003D5,00000002,00010000,0020238E,3C004E20,000152D5,F007F816,00000020,00000424
1061,103656600,FFFEFF54,B9B003D5,00000002,00000000,0020238E,3C004E20,000152D5,F007F816,00000020,00000425
1062,104094600,0002FF38,465003D5,00000001,00000000,001F238E,3C004E20,000152D5,F007F816,00000020,00000426
1063,102383000,FFFDFF29,465003D5,00000001,00000000,001F238E,3C004E20,000152D5,E007F816,00000020,00000427
1064,102175400,0005FF21,B9B003D5,00000001,FFFF0000,001F238E,3C004E20,000152D5,E007F816,00000020,00000428
1065,92384700,FFFCFF1C,B9B003D5,00000001,FFFF0000,001F238E,3C004E20,000152D5,E007F816,00000020,00000429
1066,103137800,0002FF1A,465003D5,00000000,FFFF0000,001F238E,3C004E20,000152D5,E007F816,00000020,0000042A
1067,107827600,FFFEFF19,465003D5,00000000,FFFF0000,001F238E,3C004E20,000152D5,E007F816,00000020,0000042B
1068,422875300,0002FF19,465003D5,00000000,FFFF0000,001E238E,3C004E20,000152D5,E007F816,00000020,0000042C
1069,75242500,FFFEFF1A,465003D5,00000000,FFFF0000,001E238E,3C004E20,000152D5,E007F816,00000020,0000042D
1070,110774600,0001FF1A,B9B003D5,00000000,FFFF0000,001E238E,3C004E20,000152D5,E007F816,00000020,0000042E
1071,204750500,FFFFFF1B,000003D5,00000000,FFFF0000,001E238E,3C004E20,280152D5,E0FFF816,00000021,0000042F
1072,63931800,FFF4FF35,000003D5,FFF50000,FFFF0000,FF1E238C,3C004E20,280152D5,E0FFF816,00000021,00000430
1073,108355200,FFE3FF6D,000003D5,FFED0000,FFFF0000,FF1E2388,3C004E20,280152D5,E0FFF816,00000021,00000431
1074,104966900,FFE7FFAF,000003D5,FFE7FFFF,FFFF0000,FF1E2381,3C004E20,280152D5,E0FFF816,00000021,00000432
1075,99326200,FFDD000C,000003D5,FFE3FFFF,FFFF0000,001E2379,3C004E20,280152D5,E0FFF816,00000021,00000433
1076,118229700,FFDD0073,000003D5,FFE0FFFF,00000001,001E2370,3C004E20,280152D5,E0FFF816,00000021,00000434
1077,112497000,FFD700C3,000003D5,FFDFFFFF,00000001,001E2367,3C004E20,280152D5,E0FFF816,00000021,00000435
1078,140372600,FFD600FD,000003D5,FFDFFFFF,00000001,001E235E,3C004E20,280152D5,E007F816,00000021,00000436
1079,150448600,FFDD0124,000003D5,FFE8FFFF,00010001,001E2356,3C004E20,280152D5,E007F816,00000021,00000437
1080,142208500,FFE40141,000003D5,FFEFFFFF,00010001,001F2350,3C004E20,28017CE9,E007F816,00000021,00000438
1081,142449700,FFE00152,000003D5,FFF5FFFF,00010001,001F234C,3C004E20,2BFD7CE9,E007F816,00000021,00000439
1082,133875100,FFE50160,000003D5,FFF9FFFF,00020001,001F234A,3C004E20,2BFD7CE9,E007F816,00000021,0000043A
1083,103935100,FFE30168,000003D5,FFFCFFFF,00020000,001F2348,3C004E20,2BFD7CE9,E007F816,00000021,0000043B
1084,100136500,FFEC016E,000003D5,FFFE0000,00020000,00202348,3C004E20,2BFD7CE9,E007F816,00000021,0000043C
1085,129407800,FFEE0172,000003D5,FFFF0000,00020000,00202347,3C004E20,2BFD7CE9,F007F816,00000021,0000043D
1086,123026800,FFF10175,000003D5,00000000,00020000,00202347,3C004E20,2BFD7CE9,F007F816,00000021,0000043E
1087,120956600,FFF40176,000003D5,00010000,00020000,00212347,3C004E20,2BFD7CE9,F007F816,00000021,0000043F
1088,152688000,FFF90177,000003D5,00010000,00020000,00212348,3C004E20,2BFD7CE9,F007F816,00000021,00000440
1089,147485200,FFF60177,000003D5,00010000,00020000,00212348,3C004E20,2BFD7CE9,F007F816,00000021,00000441
1090,142646800,FFFE0177,000003D5,00010000,00020000,00222348,3C004E20,2BFD7CE9,F007F816,00000021,00000442
1091,139666000,00000177,000003D5,00010000,00020000,00222349,3C004E20,2BFD7CE9,F007F816,00000021,00000443
1092,113449500,FFFC0176,000003D5,00010000,00020000,00222349,3C004E20,2BFD7CE9,F007F816,00000021,00000444
1093,108813300,FFFF0176,000003D5,00010000,00020000,00222349,3C004E20,2BFD7CE9,F007F816,00000021,00000445
1094,101749600,FFFD0195,000003D5,00010000,00020000,00232349,3C004E20,2BFD7CE9,F007F816,00000021,00000446
1095,95995200,00000194,F81A03D5,00010000,00020000,0023234A,3C004E20,03FD7CE9,E007F816,00000020,00000447
1096,107080800,FFFE0137,07D103D5,00000001,00020000,0023234A,3C004E20,03FD7CE9,E007F816,00000020,00000448
1097,100738800,FFFD008C,F82F03D6,00000001,00020000,0023234A,3C004E20,03FD7CE9,E007F816,00000020,00000449
1098,104760600,00010006,08C703D6,00000002,00020000,0023234A,3C004E20,03FD7CE9,E007F816,00000020,0000044A
1099,90367600,0002FFA2,F7BC03D5,00000002,00010000,0023234A,3C004E20,00017CE9,E007F816,00000020,0000044B
1100,94678500,0000FF68,08CB03D5,00000002,00010000,0023234A,3C004E20,00017CE9,E007F816,00000020,0000044C
1101,89960700,0002FF46,F84B03D5,00000001,00000000,0023234A,3C004E20,00017CE9,E007F816,00000020,0000044D
1102,88749400,0001FF34,08F203D5,00000001,00000000,0023234A,3C004E20,00017CE9,E007F816,00000020,0000044E
1103,102757400,0000FF28,F75903D5,00000001,FFFF0000,0023234A,3C004E20,00017CE9,E007F816,00000020,0000044F
1104,104829700,0002FF23,08D003D5,00000001,FFFF0000,0022234A,3C004E20,00017CE9,E007F816,00000020,00000450
1105,102324600,0001FF1F,F8C903D5,00000000,FFFF0000,0022234A,3C004E20,00017CE9,E007F816,00000020,00000451
1106,118734200,0000FF1E,081F03D5,00000000,FFFF0000,0022234A,3C004E20,00017CE9,E007F816,00000020,00000452
1107,95215000,FFFAFF1E,F84103D5,00000000,FFFF0000,0022234A,3C004E20,00017CE9,E007F816,00000020,00000453
1108,96222000,0001FF1D,08F903D5,00000000,FFFF0000,0022234A,3C004E20,00017CE9,E007F816,00000020,00000454
1109,100383400,0001FF1D,F7FD03D5,00000000,FFFF0000,0021234A,3C004E20,00017CE9,E007F816,00000020,00000455
1110,449747200,0000FF3D,085403D5,00000000,FFFF0000,0021234A,3C004E20,0001A2F4,E007F816,00000020,00000456
1111,72700700,0002FF6F,F8ED03D5,00000000,FFFF0000,0021234A,3C004E20,0001A2F4,E007F816,00000020,00000457
1112,133964900,0001FF6F,077903D5,00000000,FFFF0000,0021234A,3C004E20,0001A2F4,E007F816,00000020,00000458
1113,99329500,0001FF70,000003D5,00000000,FFFF0000,0021234A,3C004E20,2801A2F4,E007F816,00000021,00000459
1114,103525300,FFFFFF82,000003D5,00000000,FFFF0000,0021234A,3C004E20,2801A2F4,E007F816,00000021,0000045A
1115,107143700,FFFBFFA5,000003D5,00000000,FFFF0000,0021234A,3C004E20,2801A2F4,E007F816,00000021,0000045B
1116,95676000,0000FFC7,000003D5,00000000,FFFF0000,0021234A,3C004E20,2801A2F4,E007F816,00000021,0000045C
1117,117309100,0000FFF8,000003D5,0000FFFF,00000000,0021234A,3C004E20,2801A2F4,E007F816,00000021,0000045D
1118,127400900,0000002C,000003D5,0000FFFF,00000000,0021234A,3C004E20,2801A2F4,E007F816,00000021,0000045E
1119,123438500,00040055,000003D5,0000FFFF,00000000,0021234A,3C004E20,2801A2F4,E007F816,00000021,0000045F
1120,137229200,00020074,000003D5,0000FFFF,00000000,0021234A,3C004E20,2801A2F4,E007F816,00000021,00000460
1121,138628300,FFFE008A,000003D5,0000FFFF,00000000,0021234A,3C004E20,2801A2F4,E007F816,00000021,00000461
1122,129963400,0000009B,000003D5,0000FFFF,00010000,0021234A,3C004E20,2801A2F4,E007F816,00000021,00000462
1123,121206600,FFFF00A8,000003D5,00000000,00010000,0021234A,3C004E20,2801A2F4,E007F816,00000021,00000463
1124,119728700,FFFF00B1,000003D5,00000000,00010000,0022234A,3C004E20,2801A2F4,E007F816,00000021,00000464
1125,105199200,FFFF00B9,000003D5,00000000,00010000,0022234A,3C004E20,2801A2F4,E007F816,00000021,00000465
1126,106159500,FFFF00BF,000003D5,00000000,00010000,0022234A,3C004E20,2801A2F4,E007F816,00000021,00000466
1127,100659900,000300C3,000003D5,00000000,00010000,0022234A,3C004E20,2801A2F4,E007F816,00000021,00000467
1128,101301900,000300C6,000003D5,00000000,00010000,0022234A,3C004E20,2801A2F4,E007F816,00000021,00000468
1129,114454400,FFFE00C9,000003D5,00000000,00010000,0022234A,3C004E20,2801A2F4,E007F816,00000021,00000469
1130,134938500,000000CB,000003D5,00000000,00010000,0023234A,3C004E20,2801A2F4,E007F816,00000021,0000046A
1131,114756200,FFFF00CE,000003D5,00000000,00010000,0023234A,3C004E20,2801A2F4,E007C016,00000021,0000046B
1132,125012100,FFFE00CB,000003D5,00000000,00010000,0023234A,3C004E20,2BFDA2F4,E007C016,00000021,0000046C
1133,150226200,0000009C,000003D5,00000000,00010000,0023234A,3C004E20,2801A2F4,E0074816,00000021,0000046D
1134,133554900,FFFF0024,000003D5,00000001,00010000,0023234A,3C004E20,2801A2F4,E0074816,00000021,0000046E
1135,124118100,0002FF8A,000003D6,00000001,00010000,0023234A,3C004E20,2801A2F4,E0074816,00000021,0000046F
1136,118909900,0001FF57,000003D5,00000001,00000000,0023234A,3C004E20,2801A2F4,E006E016,00000021,00000470
1137,101797500,0000FF3D,000003D5,00000001,0000FCE0,0022234A,3C004E20,2801A2F4,E006E016,00000020,00000471
1138,112946600,0002FF10,000003D5,00000001,00000320,0022234A,3C004E20,2801A2F4,E006E016,00000020,00000472
1139,94934300,0002FEA5,000003D5,00000001,FFFFFCE0,0022234A,3C004E20,2801A2F4,E0069016,00000020,00000473
1140,96376900,FFF9FE91,000003D5,00000001,FFFF0320,0022234A,3C004E20,2801C1A0,E0069016,00000020,00000474
1141,92820800,0003FE8F,000003D5,00000001,FFFFFCE0,0021234A,3C004E20,2801C1A0,E0064816,00000020,00000475
1142,96957800,0002FE8E,000003D5,00000001,FFFE0320,0021234A,3C004E20,2801C1A0,E0066816,00000020,00000476
1143,98583600,FFFDFE8D,000003D5,00000000,FFFEFCE0,0021234A,3C004E20,2801C1A0,E0066816,00000020,00000477
1144,112776000,FFFFFE8E,000003D5,00000000,FFFE0320,0021234A,3C004E20,2801C1A0,E0062016,00000020,00000478
1145,91388500,0002FE8E,000003D5,00000000,FFFEFCE0,0020234A,3C004E20,2801C1A0,E0062016,00000020,00000479
1146,94869800,0002FE8E,000003D5,00000000,FFFE0320,0020234A,3C004E20,2801C1A0,E0062016,00000020,0000047A
1147,104607600,FFFAFE90,000003D5,00000000,FFFEFCE0,0020234A,3C004E20,2801C1A0,E0060016,00000020,0000047B
1148,101996400,0002FE90,000003D5,00000000,FFFE0320,001F234A,3C004E20,2801C1A0,E0060016,00000020,0000047C
1149,105331200,0003FE91,000003D5,00000000,FFFEFCE0,001F234A,3C004E20,2801C1A0,E0060016,00000020,0000047D
1150,123196500,FFFEFE93,000003D5,00000000,FFFE0320,001F234A,3C004E20,2801C1A0,E005C016,00000020,0000047E
1151,94560300,FFFDFE93,000003D5,00000000,FFFEFCE0,001F234A,3C004E20,2801C1A0,E005C016,00000020,0000047F
1152,117953100,0002FE95,000003D5,00000000,FFFE0320,001E234A,3C004E20,2801C1A0,E005C016,00000020,00000480
1153,98590400,0003FE95,000003D5,00000000,FFFEFCE0,001E234A,3C004E20,2801C1A0,E005A016,00000020,00000481
1154,94423500,FFFBFE96,000003D5,00000000,FFFE0320,001E234A,3C004E20,2801C1A0,D005A016,00000020,00000482
1155,104066900,0001FE98,000003D5,00000000,FFFEFCE0,001D234A,3C004E20,2801C1A0,D005A016,00000020,00000483
1156,97845600,0001FE98,000003D5,00000000,FFFE0320,001D234A,3C004E20,2801C1A0,D0056816,00000020,00000484
1157,94089600,0003FE99,000003D5,00000000,FFFEFCE0,001D234A,3C004E20,2801C1A0,D0056816,00000020,00000485
1158,89922000,FFF9FE9A,000003D5,00000000,FFFE0320,001D234A,3C004E20,2801C1A0,D0057816,00000020,00000486
1159,91865300,0003FE9B,000003D5,00000000,FFFEFCE0,001C234A,3C004E20,2801C1A0,D0054016,00000020,00000487
1160,88213400,0002FE9C,000003D5,00000000,FFFE0320,001C234A,3C004E20,2801C1A0,D0054016,00000020,00000488
1161,95190300,FFFFFE9D,000003D5,00000000,FFFEFCE0,001C234A,3C004E20,2801C1A0,D0054016,00000020,00000489
1162,101955300,FFFCFE9E,000003D5,00000000,FFFE0320,001B234A,3C004E20,2801C1A0,D0051816,00000020,0000048A
1163,91441100,0003FE9F,000003D5,00000000,FFFEFCE0,001B234A,3C004E20,2801C1A0,D0051816,00000020,0000048B
1164,466202700,0002FEA0,000003D5,00000000,FFFE0320,001B234A,3C004E20,2801C1A0,D0052016,00000020,0000048C
1165,67758600,FFFEFEA1,000003D5,00000000,FFFEFCE0,001B234A,3C004E20,2801C1A0,D0052016,00000020,0000048D
1166,111183000,FFFEFEA2,000003D5,00000000,FFFE0320,001A234A,3C004E20,2801C1A0,D004F016,00000020,0000048E
1167,106481300,0002FEA3,000003D5,00000000,FFFE0000,001A234A,3C004E20,2801C1A0,D004F016,00000021,0000048F
1168,102099200,0002FED4,000003D5,00000000,FFFE0000,001A234A,3C004E20,2801C1A0,D004F816,00000021,00000490
1169,90654500,000CFF33,000003D5,000AFFFF,FFFE0000,001A234C,3C004E20,2801C1A0,D004D016,00000021,00000491
1170,91996500,001DFF37,000103D5,0015FFFF,FFFE0000,001A2351,3C004E20,2801D9A8,D004D016,00000021,00000492
1171,91241900,0026FF38,000103D5,00210000,FFFF0000,00192359,3C004E20,2801D9A8,D004D016,00000021,00000493
1172,109649100,0034FF38,000103D5,002E0000,FFFFFFFF,00192365,3C004E20,2801D9A8,D004D016,00000021,00000494
1173,114058000,003FFF39,000103D5,00390000,FFFFFFFF,00192374,3C004E20,2801D9A8,D004A816,00000021,00000495
1174,117770300,0054FF39,000103D5,00450000,FFFFFFFF,00192386,3C004E20,2801D9A8,D004A816,00000021,00000496
1175,121484700,0060FF3A,000103D5,00520000,FFFFFFFF,0019239C,3C004E20,2801D9A8,D004A816,00000021,00000497
1176,138978100,0075FF3A,000103D5,005D0000,FFFFFFFE,001923B6,3C004E20,2801D9A8,D0048016,00000021,00000498
1177,125707300,0087FF3A,000103D5,006A0000,FFFFFFFE,001823D3,3C004E20,2801D9A8,D0048016,00000021,00000499
1178,122320600,0099FF3A,000103D5,00760000,FFFFFFFE,001823F3,3C004E20,2801D9A8,D0048016,00000021,0000049A
1179,122979000,00AEFF3A,000103D5,00840000,FFFFFFFD,FF182418,3C004E20,2801D9A8,D0048016,00000021,0000049B
1180,119928400,00C3FF3A,000103D5,00910000,FFFFFFFD,FF182440,3C004E20,2801D9A8,D0047816,00000021,0000049C
1181,102372600,00D4FF3A,000103D5,009E0000,FFFFFFFD,FF18246C,3C004E20,2801D9A8,D0047816,00000021,0000049D
1182,138450700,00EAFF3A,000103D5,00AB0000,FFFFFFFC,FF18249B,3C004E20,2801D9A8,D0047816,00000021,0000049E
1183,129129900,00FCFF3A,000103D5,00B90000,FFFFFFFC,FF1824CF,3C004E20,2801D9A8,D0047816,00000021,0000049F
1184,125874400,0110FF3A,000103D5,00C60000,FFFFFFFC,FF172506,3C004E20,2801D9A8,D0045816,00000021,000004A0
1185,123509200,0125FF3A,000103D5,00D30000,FFFFFFFB,FF172541,3C004E20,2801D9A8,D0043816,00000021,000004A1
1186,131176800,0136FF3A,000103D5,00DF0000,FFFFFFFB,FF172580,3C004E20,2801D9A8,D00C2016,00000021,000004A2
1187,137376200,0146FF39,000103D5,00EB0000,FFFFFFFB,FF1725C2,3C004E20,2801D9A8,D00C0816,00000021,000004A3
1188,143872400,0159FF39,000103D5,00F60000,FFFFFFFA,FF172607,3C004E20,2801D9A8,D00BF016,00000021,000004A4
1189,120239400,0166FF39,000103D5,01010000,FFFFFFFA,FF172650,3C004E20,2801D9A8,D00BE016,00000021,000004A5
1190,107530600,0179FF3A,000103D5,010B0000,FFFFFFFA,FF16269B,3C004E20,2801D9A8,D00BD016,00000021,000004A6
1191,99478000,017CFED9,018403D5,01130001,FFFFFFFA,FF1626E9,3C004E20,2801D9A8,D00BC016,00000020,000004A7
1192,99315900,018AFE74,00C503D5,011A0001,FFFFFFF9,FF162739,3C004E20,2801D9A8,E00BB016,00000020,000004A8
1193,92071000,018BFE45,FE4103D5,011C0001,FFFEFFF9,FF15278A,3C004E20,2801D9A8,E00BA816,00000020,000004A9
1194,116679100,0194FE54,FF4603D4,011D0001,FFFEFFF9,FF1527DC,3C004E20,2801D9A8,E00BA016,00000020,000004AA
1195,107734000,0196FE63,FFBA03D4,011D0001,FFFEFFF9,FF15282E,3C004E20,2801D9A8,E00B9016,00000020,000004AB
1196,104389700,0194FE6C,FEB903D4,011B0001,FFFEFFF9,FF14287F,3C004E20,2801D9A8,D00B8816,00000020,000004AC
1197,99283700,0198FE75,FE5503D4,01190000,FFFEFFF9,FF1428D0,3C004E20,2801D9A8,D00B8016,00000020,000004AD
1198,97777000,0190FE78,01A903D4,01180000,FFFEFFF9,FF142920,3C004E20,2801D9A8,D00B7816,00000020,000004AE
1199,94439000,018CFEAC,001B03D4,01160000,FFFEFFF9,00142970,3C004E20,2801D9A8,D00B7016,00000020,000004AF
1200,106716400,0189FF0A,00C503D4,0115FFFF,FFFEFFF9,001329BF,3C004E20,2801EC4F,D00B6816,00000020,000004B0
1201,96351500,0181FF0E,00F303D7,0114FFFE,FFFEFFF9,00132A0F,3C004E20,2801EC4F,D00B6016,00000020,000004B1
1202,104382800,017BFF12,01D403D7,0115FFFE,FFFFFFF9,00132A5E,3C004E20,2801EC4F,D00B5816,00000020,000004B2
1203,95063300,016FFF11,FF7B03D6,010FFFFD,0000FFFA,00132AAC,3C004E20,2801EC4F,D00B5816,00000020,000004B3
1204,88755900,0169FF15,00ED03D5,0117FFFE,0001FFFA,00132AFB,3C004E20,2801EC4F,D00B5016,00000020,000004B4
1205,124149500,0160FF15,FF7203D6,0102FFFE,0001FFFA,00122B48,3C004E20,2801EC4F,D00B5016,00000020,000004B5
1206,95160000,0154FF19,FF1E03D8,01120000,0002FFFA,00122B94,3C004E20,2801EC4F,D00B4816,00000020,000004B6
1207,108292400,014DFF14,01B903D7,00FE0000,0002FFFB,00122BDF,3C004E20,2801EC4F,D00B4016,00000020,000004B7
1208,110819100,013FFF1D,FF1E03D5,010D0000,0002FFFB,00122C2B,3C004E20,2801EC4F,D00B4016,00000020,000004B8
1209,93220900,0142FF18,FEB003D5,00FE0000,0002FFFB,00122C75,3C004E20,2801EC4F,D00B3816,00000020,000004B9
1210,96179000,0133FF1D,014603D4,010A0000,0002FFFB,00122CC0,3C004E20,2801EC4F,D00B3816,00000020,000004BA
1211,117480900,0132FF1D,00B303D4,01000000,0002FFFB,00112D0A,3C004E20,2801EC4F,D00B3016,00000020,000004BB
1212,440791300,012DFF1E,012B03D4,010A0000,0002FFFB,00112D55,3C004E20,2801EC4F,D00B3016,00000020,000004BC
1213,83165600,0131FF21,007D03D4,00FF0000,0002FFFB,00112DA0,3C004E20,2801EC4F,D00B3016,00000020,000004BD
1214,123898200,0125FF1E,00CF03D4,01080000,0001FFFC,00112DEA,3C004E20,2801EC4F,D00B2816,00000020,000004BE
1215,102374500,012AFF22,000003D5,00FC0000,0001FFFC,00112E34,3C004E20,2801EC4F,D00B2816,00000021,000004BF
1216,99941700,0157FF16,000103D5,012D0000,0001FFFB,00102E84,3C004E20,2801EC4F,D00B2816,00000021,000004C0
1217,123050900,017FFF11,000103D4,01400000,0001FFFB,00102EDE,3C004E20,2801EC4F,D00B2816,00000021,000004C1
1218,105263000,0175FF17,000103D4,015D0000,0001FFFB,00102F3F,3C004E20,2801EC4F,D00B3016,00000011,000004C2
1219,105402700,0170FF1B,000003D4,015A0000,0001FFFB,00102FA3,3C004E20,2801EC4F,D00B3816,00000011,000004C3
1220,131856400,0167FF45,000003D4,01680000,0001FFFB,00103008,3C004E20,2801EC4F,D00B4816,00000011,000004C4
1221,132002700,0167FF91,000003D4,01590000,0001FFFB,0010306D,3C004E20,2801EC4F,D00B5816,00000011,000004C5
1222,136303100,0159FF95,000003D5,015B0000,0002FFFB,001030D0,3C004E20,2801EC4F,D00B7016,00000011,000004C6
1223,142529400,0154FF99,FFFF03D5,01450000,0002FFFB,0010312F,3C004E20,2801EC4F,D00B8816,00000021,000004C7
1224,146834700,0141FF20,FFFF03D5,01440001,0002FFFB,000F318C,3C004E20,2801EC4F,900BA016,00000021,000004C8
1225,143859100,013CFEC2,FFFF03D5,01280001,0001FFFC,000F31E4,3C004E20,2801EC4F,A00BB016,00000021,000004C9
1226,111581500,012AFF17,FFFF03D4,01260000,0001FFFC,000F3238,3C004E20,2801EC4F,A00BD016,00000021,000004CA
1227,101181100,0122FF78,FFFF03D4,010A0000,0001FFFC,000F3287,3C004E20,2801EC4F,A00BE816,00000021,000004CB
1228,119865900,010AFFE4,FFFF03D4,0108FFFF,0001FFFC,000F32D3,3C004E20,2801EC4F,A0041016,00000021,000004CC
1229,132883900,0105005D,FFFF03D4,00ECFFFF,0002FFFD,000F3319,3C004E20,2801EC4F,A0042816,00000021,000004CD
1230,121017900,00F200BD,FFFF03D5,00EEFFFF,0002FFFD,000F335D,3C004E20,2801F869,A0044816,00000021,000004CE
1231,136926700,00F10111,FFFF03D5,00D2FFFE,0003FFFD,000F339D,3C004E20,2801F869,A0046816,00000021,000004CF
1232,137905700,00DB014E,FFFF03D5,00D9FFFF,0003FFFD,001033DA,3C004E20,2801F869,A0047816,00000021,000004D0
1233,125537400,00DB0183,FFFF03D5,00BCFFFF,0004FFFE,00103413,3C004E20,2801F869,A0047816,00000021,000004D1
1234,135731600,00CA01A7,000003D5,00C9FFFF,0004FFFE,0010344B,3C004E20,2801F869,A0047816,00000021,000004D2
1235,125289800,00CC01C4,000003D5,00AFFFFF,0004FFFE,00113480,3C004E20,2801F869,A0047816,00000021,000004D3
1236,117865200,00C101DD,000003D5,00C1FFFF,0005FFFE,001134B5,3C004E20,2801F869,A0047816,00000021,000004D4
1237,99213800,00C301EC,000003D5,00ACFFFF,0005FFFE,001134E8,3C004E20,2801F869,A0047816,00000021,000004D5
1238,92787700,00C001FA,000003D5,00BE0000,0005FFFE,0012351D,3C004E20,2BFDF869,A0047816,00000021,000004D6
1239,99010100,00C90201,FBD803D5,00B30000,0005FFFE,00123551,3C004E20,03FDF869,A0047816,00000020,000004D7
1240,101078300,006B01E5,041E03D5,007E0000,0005FFFF,0013357B,3C004E20,03FDF869,A0047816,00000020,000004D8
1241,94643500,0044014D,FC2E03D5,00430001,00050000,FF133595,3C004E20,03FDF869,A0047816,00000020,000004D9
1242,98829700,004B0082,03AF03D6,003C0002,00050000,FF1335A6,3C004E20,0001F869,A0047816,00000020,000004DA
1243,100274300,0047FFD5,FBE403D6,00080002,00040000,FF1335AE,3C004E20,0001F869,A0046816,00000020,000004DB
1244,92814100,002EFF77,03A303D5,00260002,00030001,FF1335B5,3C004E20,0001F869,A0043016,00000020,000004DC
1245,98693000,0032FF2E,FC2303D5,FFF10002,00030001,FF1235B7,3C004E20,0001F869,A0040016,00000020,000004DD
1246,109745000,0016FEF6,036E03D5,001D0002,00020001,FF1235BB,3C004E20,0001F869,A003C816,00000020,000004DE
1247,109727600,0022FEE5,FC5B03D5,FFE80001,00020001,FF1235BA,3C004E20,0001F869,A003A016,00000020,000004DF
1248,113674500,0007FEDA,040303D5,001B0001,00010001,FF1235BC,3C004E20,0001F869,A0037016,00000020,000004E0
1249,126661700,0018FED7,FC4503D4,FFE40001,00010002,FF1135BA,3C004E20,0001F869,A0035016,00000020,000004E1
1250,142355400,FFFDFED1,044A03D6,001C0000,00010001,FF1135BC,3C004E20,0001F869,A0032816,00000020,000004E2
1251,142478300,0013FED5,FBB803D6,FFE2FFFF,00010000,001135BA,3C004E20,0001F869,A00B0816,00000020,000004E3
1252,131336800,0055FECD,036D03DF,0068FFF6,0003FFFE,001135C7,3C004E20,0001F869,A00AE816,00000020,000004E4
1253,106384800,00CBFEC7,FC4703EA,0069FFEF,0007FFFD,001035E6,3C004E20,0001F869,A00AD016,00000020,000004E5
1254,109418200,00AAFECA,03C903E3,00D4FFEB,000DFFFB,00103617,3C004E20,0001F869,A00AC016,00000020,000004E6
1255,108593100,00CFFED2,FBE003E4,00ACFFE8,0013FFF8,0010364D,3C004E20,0001F869,A00AB016,00000020,000004E7
1256,111742300,00BCFED2,045503E1,0102FFE5,001BFFF2,0010368D,3C004E20,0001F869,A00AA816,00000020,000004E8
1257,98051600,00E2FEDA,FC7203E5,00C4FFE6,0023FFEB,001036CD,3C004E20,0001F869,A00A9816,00000020,000004E9
1258,430458400,00CBFED4,042503F8,0111FFEC,0029FFE6,000F3712,3C004E20,0001F869,A00A9016,00000020,000004EA
1259,80934100,00F1FEDD,FC8303EC,00C7FFEF,002FFFE2,000F3754,3C004E20,0001F869,A00A8816,00000020,000004EB
1260,123087000,00D9FEDB,03C503E4,0114FFF2,0033FFDE,000F379A,3C004E20,0001FBC1,A00A8016,00000020,000004EC
1261,109484500,00F8FEE3,000A03E3,00C4FFF2,0038FFDB,000F37DB,3C004E20,2801FBC1,A0127816,00000021,000004ED
1262,114570800,0131FECB,001103E3,015FFFF5,003CFFD8,000E382C,3C004E20,2801FBC1,A0127016,00000011,000004EE
1263,118891600,01EBFEA0,000D03E3,016DFFF9,003FFFD5,000E3894,3C004E20,1C01FBC1,A0127016,00000011,000004EF
1264,110546400,018FFEB9,000803DD,01D7FFFB,0041FFD4,000E390F,3C004E20,2801FBC1,90127016,00000011,000004F0
1265,108958000,01BEFEC9,000803D8,01B1FFFD,0043FFD3,000E398F,3C004E20,2801FBC1,90127016,00000011,000004F1
1266,123762600,01B8FEBF,000703D5,0220FFFE,0045FFD2,000D3A1F,3C004E20,2001FBC1,900A7816,00000011,000004F2
1267,136722300,018AFEEB,FFFE03D8,019F0000,0047FFD4,000D3AA5,3C004E20,2801FBC1,90128816,00000011,000004F3
1268,136859600,016FFEDE,FFFF03D9,02020002,0047FFD6,000D3B2C,3C004E20,2801FBC1,90129816,00000011,000004F4
1269,167177900,01C1FF03,FFFF03D5,01AA0002,0048FFD8,000D3BB0,3C004E20,2801FBC1,9012A816,00000011,000004F5
1270,161132000,0180FF43,FFFF03D3,01FF0002,0048FFDA,000C3C39,3C004E20,2801FBC1,9012C016,00000011,000004F6
1271,143536700,018AFF57,FFFF03D3,018F0001,0048FFDC,000C3CB8,3C004E20,2801FBC1,900AE016,00000011,000004F7
1272,143274600,0149FF5B,FFFE03D3,01D60001,0049FFDE,000C3D36,3C004E20,2801FBC1,900B0016,00000011,000004F8
1273,121702000,0157FF6B,FFFE03D3,01590001,0049FFE0,000C3DA7,3C004E20,2801FBC1,900B2016,00000011,000004F9
1274,132876300,0117FF7E,FFFE03D4,019D0000,004AFFE2,000C3E15,3C004E20,2801FBC1,900B4816,00000011,000004FA
1275,137534500,0126FFC0,FFFE03D4,011D0000,004AFFE3,000C3E75,3C004E20,2801FBC1,900B7816,00000021,000004FB
1276,155148900,00E70005,FFFE03D4,015FFFFF,004BFFE5,000C3ED2,3C004E20,2801FBC1,900BB016,00000011,000004FC
1277,181649000,00F70069,FFFF03D4,00E1FFFF,004BFFE7,000C3F20,3C004E20,2801FBC1,9003F816,00000021,000004FD
1278,198483300,00BA00B5,FFFF03D4,011FFFFF,004CFFE8,000C3F6B,3C004E20,2801FBC1,90044016,00000021,000004FE
1279,171164400,00C600FA,FFFF03D5,00A9FFFF,004DFFE9,000C3FA9,3C004E20,2801FBC1,9004A016,00000021,000004FF
1280,146991100,00910129,FFFF03D5,00E6FFFF,004DFFEA,000D3FE4,3C004E20,2801FBC1,9004E816,00000021,00000500
1281,131502900,00A30156,FFFF03D5,007FFFFF,004EFFEB,000D4014,3C004E20,2801FBC1,90051016,00000021,00000501
1282,109609800,00750175,FFFF03D5,00BBFFFF,004EFFEC,000D4042,3C004E20,2801FBC1,90056816,00000021,00000502
1283,116642100,00860191,FFFF03D5,005FFFFF,004FFFED,000E4068,3C004E20,2801FBC1,90056816,00000021,00000503
1284,117540900,005D01A4,FFFF03D5,0099FFFF,004FFFEE,000E408D,3C004E20,2801FBC1,90056816,00000021,00000504
1285,104911900,007501BC,FFFF03D5,004CB9B0,004FFFEE,000E40AB,3C004E20,2801FBC1,90056816,00000010,00000505
1286,122388300,002601C1,FFFE03D5,00644650,0050FFEF,000F40C5,3C004E20,2801FBC1,90056816,00000010,00000506
1287,112399600,00250197,FFFF03D5,000A4650,0050FFF0,000F40D2,3C004E20,2801FBC1,A0056816,00000010,00000507
1288,120466300,0011017A,FFFF03D5,0039B9B0,0050FFF0,FF0F40DC,3C004E20,2801FBC1,A005E016,00000010,00000508
1289,107746400,0025015C,FFFF03D5,FFF04650,0050FFF1,FF0F40E0,3C004E20,2801FBC1,A005E016,00000010,00000509
1290,113693900,000A014F,000003D5,0026B9B0,0050FFF1,FF1040E5,3C004E20,2801F598,A0058016,00000010,0000050A
1291,115758900,001E0148,000003D5,FFE84650,004FFFF1,FF1040E5,3C004E20,2801F598,A0053016,00000010,0000050B
1292,112510500,00030140,000003D5,001E4650,004FFFF1,FF1040E7,3C004E20,2801F598,A004E816,00000010,0000050C
1293,112245800,0016013F,000003D5,FFE74650,004FFFF1,FF1040E6,3C004E20,2801F598,A004A816,00000010,0000050D
1294,122484600,FFFD0138,000003D5,0019B9B0,004FFFF1,FF1140E8,3C004E20,2801F598,A00C6016,00000010,0000050E
1295,125227100,00720136,000403D5,0037B9B0,004FFFF1,001140F3,3C004E20,2801F598,A00C2016,00000010,0000050F
1296,113929200,00C7011F,000303D5,00A9B9B0,004FFFF0,00114117,3C004E20,2801F598,A00C0016,00000010,00000510
1297,118759700,00D000C2,000203D5,00A4B9B0,004FFFF0,00114147,3C004E20,2801F598,A00BF016,00000010,00000511
1298,444099400,00BF0033,000103D5,00F8B9B0,004FFFF0,00114185,3C004E20,2801F598,A00BE016,00000010,00000512
1299,80005000,00E0FFCC,000103D5,00D04650,004FFFF1,001141C5,3C004E20,2801F598,A00BD816,00000010,00000513
1300,119543200,00D9FF91,000103D5,0117B9B0,004EFFF2,0011420D,3C004E20,2801F598,A00BD816,00000010,00000514
1301,116073800,0100FF72,000103D5,00E00001,004EFFF2,00114253,3C004E20,2801F598,A00BE016,00000021,00000515
1302,121479800,00F4FF5D,000103D4,01210001,004EFFF3,0011429F,3C004E20,2801F598,A00BE816,00000021,00000516
1303,117069300,0114FF78,000903D2,00E10003,004EFFF3,001042E7,3C004E20,2801F598,A00BF816,00000021,00000517
1304,120401100,00FAFFB2,000303C6,011A000A,004CFFF2,00104331,3C004E20,2BFDF598,A00C0816,00000021,00000518
1305,136471200,0110001F,000003C7,00D9000C,0048FFF3,00104376,3C004E20,2BFDF598,A0041816,00000021,00000519
1306,144020000,00FD0095,000003CF,010A000C,0045FFF4,001143BD,3C004E20,2801F598,A0043016,00000021,0000051A
1307,165844700,011000FC,FFFF03D4,00D0000B,0042FFF5,001143FF,3C004E20,2801F598,A0044816,00000021,0000051B
1308,160886100,00F4014A,000303D7,00F10007,003FFFF6,00114440,3C004E20,2801F598,A0048016,00000021,0000051C
1309,158067400,00FA018B,000203CB,00C4FFFE,003FFFF5,0011447D,3C004E20,2801F598,A004A016,00000021,0000051D
1310,162808100,00DD01BB,FFFF03C8,00D5FFF8,0041FFF6,001244B8,3C004E20,2801F598,A004D016,00000021,0000051E
1311,150788300,00DE01D7,FFFF03D3,00B8FFF6,0043FFF7,001244F0,3C004E20,2801F598,A0050816,00000021,0000051F
1312,118333600,00CD01EB,FFFF03DA,00BAFFF6,0046FFF8,00134525,3C004E20,2801F598,A0054016,00000021,00000520
1313,150487900,00C801FC,000E03E1,00A5FFEF,004AFFF8,00134556,3C004E20,2801F598,A0059016,00000021,00000521
1314,145667100,00BB0211,FFFD041E,009FFFD9,0056FFF8,00134585,3C004E20,2801F598,A005D816,00000021,00000522
1315,146671500,00B00209,000203D9,008FFFDE,005FFFF9,001445AF,3C004E20,2801F598,A0062016,00000021,00000523
1316,155547800,00A60211,000003EC,0085FFDA,0069FFF9,FF1445D7,3C004E20,2BFDF598,A0067016,00000021,00000524
1317,159997000,009C021B,FFFF03E4,0078FFDA,0074FFFA,FF1445FA,3C004E20,2BFDF598,A006E816,00000021,00000525
1318,149056400,0097020B,00020411,006A0005,007AFFFA,FF15461A,3C004E20,2801F598,A0074816,00000021,00000526
1319,152189400,00880216,000203F6,0061FFF5,007CFFFB,FF154637,3C004E20,2BFDF598,A007B016,00000021,00000527
1320,107658100,007E021E,000003DE,0058FFFF,007DFFFB,FF16B9B1,3C004E20,2BFDE3E4,A007F816,00000021,00000528
1321,115525700,0076021D,FFFF03E3,004F0003,007DFFFC,FF16B9C9,3C004E20,2BFDE3E4,B007F816,00000021,00000529
1322,110691700,006E0221,FFFF03D7,00470004,007CFFFC,FF17B9DE,3C004E20,2BFDE3E4,B007F816,00000021,0000052A
1323,125859800,00650221,000003D4,0040FFFF,007CFFFD,FF17B9F1,3C004E20,2801E3E4,B007F816,00000021,0000052B
1324,116375400,005E0228,FFFF03E1,0039FFF7,007DFFFE,FF17BA02,3C004E20,2801E3E4,B007F816,00000021,0000052C
1325,115493800,00570223,FFFF03DC,0033F77B,0081FFFE,FF18BA11,3C004E20,2801E3E4,B007F816,00000010,0000052D
1326,118853300,00400256,FFFF03D6,002207C9,0085FFFF,FF18BA1D,3C004E20,2BFDE3E4,F007F816,00000010,0000052E
1327,112323000,0034021C,FFFF03DD,0016F8D6,0088FFFF,FF19BA24,3C004E20,2BFDE3E4,E007F816,00000010,0000052F
1328,108447600,00320199,FFFF03EB,000E07E9,0089FFFF,FF19BA29,3C004E20,2BFDE3E4,E007F816,00000010,00000530
1329,119804200,002A0147,FFFF03DF,0008F898,00890000,FF19BA2C,3C004E20,2BFDE3E4,E007F816,00000010,00000531
1330,111268300,0023010E,FFFF03D9,000406FB,00880000,FF19BA2D,3C004E20,2801E3E4,E007F816,00000010,00000532
1331,104733900,001C00EB,000003E6,0001F8DC,008A0000,FF19BA2E,3C004E20,2801E3E4,E007F816,00000010,00000533
1332,107222900,001500D0,000003E1,0000089C,008E0000,FF1ABA2E,3C004E20,2801E3E4,E007F816,00000010,00000534
1333,127898600,001000BA,000003DA,FFFFF7D1,00920000,FF1ABA2E,3C004E20,2BFDE3E4,E007F816,00000010,00000535
1334,117662200,000B00AE,000003E2,FFFF071E,00950000,FF1ABA2E,3C004E20,2BFDE3E4,E007F816,00000010,00000536
1335,130630400,000800A1,000003EB,FFFFF8F8,00960000,FF1ABA2D,3C004E20,2BFDE3E4,E007F816,00000010,00000537
1336,126700000,0006009C,000003DE,FFFF07E4,00960000,FF1ABA2D,3C004E20,2801E3E4,E007F816,00000010,00000538
1337,127336500,0003009F,000003DC,FFFFF74D,00960000,001ABA2D,3C004E20,2801E3E4,E007F816,00000010,00000539
1338,114970900,0002009E,000003E7,FFFF081E,00990001,001ABA2C,3C004E20,2801E3E4,E007F816,00000010,0000053A
1339,132750600,0001009A,000003DF,FFFFF771,009D0001,001ABA2C,3C004E20,2801E3E4,E007F816,00000010,0000053B
1340,448076600,0001009A,000003DA,FFFF070C,00A20001,001ABA2C,3C004E20,2BFDE3E4,E007F816,00000010,0000053C
1341,89411200,00000090,000003EC,0000F878,00A40001,001ABA2C,3C004E20,2BFDE3E4,E007F816,00000010,0000053D
1342,132961700,00000094,000003E6,000006F9,00A40001,001BBA2C,3C004E20,2801E3E4,E007F816,00000010,0000053E
1343,124407100,00000095,000003DB,00000001,00A40001,001BBA2C,3C004E20,2801E3E4,E007F816,00000021,0000053F
1344,133642100,0000009F,000003E3,0000FFF7,00A60001,001BBA2C,3C004E20,2801E3E4,E007F816,00000021,00000540
1345,115241700,000000C6,000003E5,0000FFF1,00A90001,001BBA2C,3C004E20,2801E3E4,E007F816,00000021,00000541
1346,119624200,000000F5,000003DC,0000FFEF,00AE0001,001BBA2C,3C004E20,2BFDE3E4,E007F816,00000021,00000542
1347,145264100,0000011A,000003E1,0000FFF7,00B20001,001BBA2C,3C004E20,2BFDE3E4,E007F816,00000021,00000543
1348,139887600,00000132,000003EE,0000FFFD,00B30001,001CBA2C,3C004E20,2BFDE3E4,E007F816,00000021,00000544
1349,154371300,00000148,000003E0,00000000,00B40001,001CBA2C,3C004E20,2BFDE3E4,E007F816,00000021,00000545
1350,149896100,0000015A,000003DE,0000FFF9,00B40001,001CBA2C,3C004E20,2801C9EC,E007F816,00000021,00000546
1351,156655400,00000166,000003E9,0000FFF2,00B80001,001CBA2C,3C004E20,2801C9EC,E007F816,00000021,00000547
1352,149715500,0000016D,000003DF,0000FFEF,00BC0001,001DBA2C,3C004E20,2BFDC9EC,E007F816,00000021,00000548
1353,132364600,0000016D,000003DE,0000FFF5,00C10001,001DBA2C,3C004E20,2BFDC9EC,E007F816,00000021,00000549
1354,120652100,0000016B,000003F0,0000FFFD,00C30001,001DBA2C,3C004E20,2BFDC9EC,E007F816,00000021,0000054A
1355,135512600,0000016F,000003E3,00000000,00C30001,001DBA2C,3C004E20,2BFDC9EC,E007F816,00000021,0000054B
1356,156057500,00000178,000003DF,0000FFF9,00C40001,001EBA2C,3C004E20,2801C9EC,E007F816,00000021,0000054C
1357,130871200,0000017B,000003EA,0000FFF1,00C70001,001EBA2C,3C004E20,2801C9EC,E007F816,00000021,0000054D
1358,170762900,0000017D,000003E0,0000FFEE,00CC0001,001EBA2C,3C004E20,2BFDC9EC,E007F816,00000021,0000054E
1359,151156000,00000176,000003E2,0000FFF6,00D00001,001EBA2C,3C004E20,2BFDC9EC,E007F816,00000021,0000054F
1360,154963300,00000173,000003F2,0000FFFD,00D20001,001FBA2C,3C004E20,2BFDC9EC,E007F816,00000021,00000550
1361,149800000,0000017A,000003E2,00000001,00D20001,001FBA2C,3C004E20,2BFDC9EC,E007F816,00000021,00000551
1362,134143100,0000017D,000003E5,0000FFF6,00D30001,001FBA2C,3C004E20,2801C9EC,E007F816,00000021,00000552
1363,130915000,00000183,000003E9,0000FFF0,00D70001,001FBA2C,3C004E20,2801C9EC,E007F816,00000021,00000553
1364,102943400,00000180,000003DE,0000FFED,00DD0001,0020BA2C,3C004E20,2BFDC9EC,E007F816,00000021,00000554
1365,124064800,00000178,000003EF,0000FFF9,00E00001,0020BA2C,3C004E20,2BFDC9EC,F007F816,00000021,00000555
1366,141083400,00000178,000003EC,0000FFFF,00E00001,0020BA2C,3C004E20,2BFDC9EC,F007F816,00000021,00000556
1367,118128700,0000017B,000003E1,0000FFFB,FCE00001,0021BA2C,3C004E20,2801C9EC,F007F816,00000020,00000557
1368,140582300,0000017A,000003ED,0000FFFB,03200001,0021BA2C,3C004E20,2801C9EC,F007F816,00000020,00000558
1369,121836500,0000012A,000003E4,0000FFFB,FCE00001,0021BA2C,3C004E20,2BFDC9EC,F007F816,00000020,00000559
1370,118183900,00000087,000003E7,0000FFFB,03200001,0021BA2C,3C004E20,2BFDC9EC,F007F816,00000020,0000055A
1371,115694000,0000FFFA,000003F5,0000FFFB,FCE00001,0021BA2C,3C004E20,2BFDC9EC,F007F816,00000020,0000055B
1372,120149400,0000FFAE,000003E3,0000FFFB,03200001,0021BA2C,3C004E20,2801C9EC,F007F816,00000020,0000055C
1373,119377900,0000FF85,000003EC,0000FFFB,FCE00001,0021BA2C,3C004E20,2801C9EC,F007F816,00000020,0000055D
1374,120782400,0000FF6C,000003E7,0000FFFB,03200001,0020BA2C,3C004E20,2801C9EC,F007F816,00000020,0000055E
1375,116184900,0000FF5A,000003E1,0000FFFB,FCE00001,0020BA2C,3C004E20,2801C9EC,F007F816,00000020,0000055F
1376,125784700,0000FF48,000003F4,0000FFFB,03200001,0020BA2C,3C004E20,2801C9EC,F007F816,00000020,00000560
1377,123615700,0000FF47,000003E6,0000FFFB,FCE00001,0020BA2C,3C004E20,2801C9EC,F007F816,00000020,00000561
1378,128578800,0000FF49,000003E4,0000FFFB,03200001,0020BA2C,3C004E20,2801C9EC,F007F816,00000020,00000562
1379,106412000,0000FF4F,000003EB,0000FFFB,FCE00001,0020BA2C,3C004E20,2801C9EC,F007F816,00000020,00000563
1380,111466600,0000FF49,000003DF,0000FFFB,03200001,001FBA2C,3C004E20,2801A899,F007F816,00000020,00000564
1381,111327100,0000FF44,000003EC,0000FFFB,FCE00001,001FBA2C,3C004E20,2801A899,E007F816,00000020,00000565
1382,125747100,0000FF48,000003ED,0000FFFB,03200001,001FBA2C,3C004E20,2801A899,E007F816,00000020,00000566
1383,112209600,0000FF68,000003DF,0000FFFB,FCE00001,001FBA2C,3C004E20,2801A899,E007F816,00000020,00000567
1384,120003900,0000FFB3,000003EA,0000FFFB,03200001,001FBA2C,3C004E20,2801A899,E007F816,00000020,00000568
1385,118178300,0000FFFE,000003E3,0000FFFB,FCE00001,001FBA2C,3C004E20,2801A899,E007F816,00000020,00000569
1386,110275900,00000030,000003DE,0000FFFB,03200001,001FBA2C,3C004E20,2801A899,E007F816,00000020,0000056A
1387,112659800,00000050,000003F2,0000FFFB,FCE00001,001FBA2C,3C004E20,2801A899,E007F816,00000020,0000056B
1388,114460300,0000006E,000003E5,0000FFFB,03200001,001FBA2C,3C004E20,2801A899,E007F816,00000020,0000056C
1389,120199500,00000087,000003E1,0000FFFB,FCE00001,001FBA2C,3C004E20,2801A899,E007F816,00000020,0000056D
1390,117689500,00000097,000003EB,0000FFFB,03200001,001FBA2C,3C004E20,2801A899,E007F816,00000020,0000056E
1391,112690800,0000009D,000003DF,0000FFFB,FCE00001,001FBA2C,3C004E20,2801A899,E007F816,00000020,0000056F
1392,123531900,000000A0,000003E7,0000FFFB,03200001,001FBA2C,3C004E20,2BFDA899,E007F816,00000020,00000570
1393,110717700,0000009F,000003F0,0000FFFB,FCE00001,001FBA2C,3C004E20,2BFDA899,E007F816,00000020,00000571
1394,442545900,000000A7,000003E0,0000FFFB,03200001,001FBA2C,3C004E20,2801A899,E007F816,00000020,00000572
1395,101866700,000000A9,000003E9,0000FFFB,FCE00001,0020BA2C,3C004E20,2801A899,E007F816,00000020,00000573
1396,128889900,00000061,000003E6,0000FFFB,03200001,0020BA2C,3C004E20,2801A899,E007F816,00000020,00000574
1397,114861800,0000FFF5,000003DE,0000FFF2,01340001,001FBA2C,3C004E20,2BFDA899,E007F816,00000021,00000575
1398,125367200,0000FFA7,000003F3,0000FFFC,01360001,001FBA2C,3C004E20,2801A899,E007F816,00000021,00000576
1399,137134200,0000FFA6,000003E7,00000001,01360001,001FBA2C,3C004E20,2801A899,E007F816,00000021,00000577
1400,112097700,0000FFD5,000003E0,0000FFF9,01360001,001FBA2C,3C004E20,2801A899,E007F816,00000021,00000578
1401,130415000,00000036,000003EA,0000FFF1,013A0001,001FBA2C,3C004E20,2801A899,E007F816,00000021,00000579
1402,131807500,00000093,000003DF,0000FFED,013F0001,001FBA2C,3C004E20,2801A899,E007F816,00000021,0000057A
1403,130667500,000000DC,000003E5,0000FFF6,01430001,001FBA2C,3C004E20,2BFDA899,E007F816,00000021,0000057B
1404,166310600,0000010D,000003F0,0000FFFD,01450001,0020BA2C,3C004E20,2801A899,E007F816,00000021,0000057C
1405,136238900,00000133,000003E0,0000FFFF,01450001,0020BA2C,3C004E20,2801A899,F007F816,00000021,0000057D
1406,138492600,00000153,000003E8,0000FFF3,01480002,0020BA2C,3C004E20,2801A899,F007F816,00000021,0000057E
1407,140735200,00000164,000003E6,0000FFEE,014D0002,0020BA2C,3C004E20,2801A899,F007F816,00000021,0000057F
1408,144821900,0000016B,000003DE,0000FFF0,01520002,0021BA2C,3C004E20,2BFDA899,F007F816,00000021,00000580
1409,120701800,0000016D,000003F3,0000FFFB,01550002,0021BA2C,3C004E20,2BFDA899,F007F816,00000021,00000581
1410,147713800,0000016F,000003E7,00000000,01550002,0021BA2C,3C004E20,2BFD7F7B,F007F816,00000021,00000582
1411,133315100,00000179,000003DE,0000FFFC,01560002,0021BA2C,3C004E20,28017F7B,F007F816,00000021,00000583
1412,141266900,0000017A,000003DF,0000FFF8,01570002,0022BA2C,3C004E20,28017F7B,F007F816,00000021,00000584
1413,167688200,0000017D,000003D7,0000FFF7,015A0002,0022BA2C,3C004E20,2BFD7F7B,F007F816,00000021,00000585
1414,152698600,00000177,000003E0,0000FFFD,015B0002,0022BA2C,3C004E20,2BFD7F7B,F007F816,00000021,00000586
1415,137265400,00000179,000003DE,00000000,015C0002,0022BA2C,3C004E20,2BFD7F7B,F007F816,00000021,00000587
1416,121530300,00000197,000003D6,00000001,015B0002,0023BA2C,3C004E20,2BFD7F7B,F007F816,00000021,00000588
1417,115202300,00000198,000003D2,00000001,015B0002,0023BA2C,3C004E20,2BFD7F7B,E007F816,00000021,00000589
1418,119460800,0000015B,000003D1,00000001,015B0002,0023BA2C,3C004E20,2BFD7F7B,E007F816,00000021,0000058A
1419,110744900,00000137,000003D1,00000001,015A0002,0023BA2C,3C004E20,2BFD7F7B,E007F816,00000021,0000058B
1420,105147100,00000119,000003D1,00000001,015A0002,0023BA2C,3C004E20,2BFD7F7B,E007F816,00000021,0000058C
1421,121513100,0000010B,000003D1,0000FF7E,015A0002,0024BA2C,3C004E20,2BFD7F7B,E007F816,00000020,0000058D
1422,108727600,000000DB,000003D2,0000FFB5,015A0002,0024BA2C,3C004E20,2BFD7F7B,E007F816,00000020,0000058E
1423,104346600,00000051,000003D3,0000FF75,01590002,0024BA2C,3C004E20,2BFD7F7B,E007F816,00000020,0000058F
1424,112745000,0000FFE4,000003D3,00000157,01590002,0023BA2C,3C004E20,28017F7B,E007F816,00000010,00000590
1425,114432900,0000FF8E,000003D3,0000FFB3,01580002,0023BA2C,3C004E20,28017F7B,E007F816,00000020,00000591
1426,113298500,0000FF5F,000003D3,0000FEA8,01580002,0023BA2C,3C004E20,28017F7B,E007F816,00000010,00000592
1427,120723200,0000FF40,000003D3,000000E3,01580002,0023BA2C,3C004E20,28017F7B,E007F816,00000020,00000593
1428,135745900,0000FF33,000003D3,0000FFF5,01570002,0023BA2C,3C004E20,28017F7B,E007F816,00000020,00000594
1429,125208800,0000FF28,000003D3,00000110,01570002,0023BA2C,3C004E20,28017F7B,E007F816,00000020,00000595
1430,116301100,0000FF23,000003D3,000001C3,01570002,0022BA2C,3C004E20,28017F7B,E007F816,00000010,00000596
1431,123478000,0000FF21,000003D3,0000006B,01570002,0022BA2C,3C004E20,28017F7B,E007F816,00000020,00000597
1432,120992100,0000FF21,000003D3,000001E0,01570002,0022BA2C,3C004E20,28017F7B,E007F816,00000010,00000598
1433,118334400,0000FF20,000003D3,0000FFBC,01560002,0022BA2C,3C004E20,28017F7B,E007F816,00000020,00000599
1434,115508600,0000FF20,000003D3,000001EB,01560002,0021BA2C,3C004E20,28017F7B,E007F816,00000010,0000059A
1435,103956900,0000FF49,000003D3,0000FE9F,01560002,0021BA2C,3C004E20,28017F7B,E007F816,00000010,0000059B
1436,131589600,0000FF93,000003D3,0000000C,01570002,0021BA2C,3C004E20,28017F7B,E007F816,00000020,0000059C
1437,105426500,0000FF95,000003D3,000001EA,01570002,0021BA2D,3C004E20,28017F7B,E007F816,00000010,0000059D
1438,120434400,0000FF96,000003D3,0000FF2C,01570002,0021BA2D,3C004E20,28017F7B,E007F816,00000020,0000059E
1439,96887700,0000FF96,000003D3,0000010B,01570002,0021BA2D,3C004E20,28017F7B,E007F816,00000020,0000059F
1440,125977500,0000FF9A,000003D3,0000FF0B,01570002,0021BA2D,3C004E20,2801566C,E007F816,00000020,000005A0
1441,105159400,0000FF96,000003D3,0000004A,01570002,0021BA2D,3C004E20,2801566C,E007F816,00000020,000005A1
1442,449626600,0000FF98,000003D3,0000FFCA,01570002,0020BA2D,3C004E20,2801566C,E007F816,00000020,000005A2
1443,90122800,0000FF9A,000003D3,0000FFFF,01570002,0020BA2D,3C004E20,2801566C,E007F816,00000020,000005A3
1444,106461000,0000FF99,000003D3,0000FF33,01570002,0020BA2D,3C004E20,2801566C,E007F816,00000020,000005A4
1445,101295000,0000FF9A,000003D3,00000000,01570002,0020BA2D,3C004E20,2801566C,E007F816,00000021,000005A5
1446,101655900,0000FF9C,000003D3,00000000,01570002,0020BA2D,3C004E20,2801566C,E007F816,00000021,000005A6
1447,113384800,0000FFAC,000003D3,00000000,01570002,0020BA2D,3C004E20,2801566C,E007F816,00000021,000005A7
1448,110059800,0000FFCE,000003D3,00000000,01570002,0020BA2D,3C004E20,2801566C,E007F816,00000021,000005A8
1449,108130000,0000FFFC,000003D3,00000001,01570002,0020BA2D,3C004E20,2801566C,E007F816,00000021,000005A9
1450,123707600,0000002D,000003CA,00000005,01560002,0020BA2D,3C004E20,2801566C,E007F816,00000021,000005AA
1451,126183800,00000054,000003CB,00000007,01540002,0020BA2D,3C004E20,2801566C,E007F816,00000021,000005AB
1452,113584300,00000074,000003CD,00000005,01520002,0020BA2D,3C004E20,2801566C,E007F816,00000021,000005AC
1453,146675000,0000008C,000003C5,00000001,01510002,0020BA2D,3C004E20,2801566C,E007F816,00000021,000005AD
1454,144760100,0000009B,000003CA,00000002,01510002,0020BA2D,3C004E20,2801566C,E007F816,00000021,000005AE
1455,151413700,000000A0,000003C0,0000000B,014F0002,0020BA2D,3C004E20,2BFD566C,E007F816,00000021,000005AF
1456,131419000,000000AC,000003C3,0000000F,014B0002,0020BA2D,3C004E20,2BFD566C,E007F816,00000021,000005B0
1457,124708900,000000B5,000003C8,0000000B,01470002,0020BA2D,3C004E20,2801566C,E007F816,00000021,000005B1
1458,111568200,000000BF,000003B8,00000003,01450002,0020BA2D,3C004E20,2801566C,E007F816,00000021,000005B2
1459,146416000,000000C1,000003C3,00000002,01450002,0020BA2D,3C004E20,2BFD566C,E007F816,00000021,000005B3
1460,157247300,000000BD,000003BD,0000000B,01430002,0021BA2D,3C004E20,2BFD566C,E007F816,00000021,000005B4
1461,140134900,000000C1,000003C3,0000000F,013F0001,0021BA2D,3C004E20,2BFD566C,E007F816,00000021,000005B5
1462,138990900,000000C5,000003C8,0000000A,013B0001,0021BA2D,3C004E20,2801566C,E007F816,00000021,000005B6
1463,133095300,000000CE,000003B9,00000003,01390001,0021BA2D,3C004E20,2801566C,E007F816,00000021,000005B7
1464,164820000,000000CB,000003C4,00000003,01390001,0021BA2D,3C004E20,2BFD566C,E007F816,00000021,000005B8
1465,133901000,000000C6,000003BD,0000000C,01360001,0021BA2D,3C004E20,2BFD566C,E007F816,00000021,000005B9
1466,116307400,000000C8,000003C5,0000000F,01320001,0021BA2D,3C004E20,2BFD566C,E007F816,00000021,000005BA
1467,99165700,000000CB,000003C6,00000009,012E0001,0021BA2D,3C004E20,2801566C,E007F816,00000021,000005BB
1468,108820200,000000D4,000003B9,00000002,012D0001,0021BA2D,3C004E20,2801566C,E007F816,00000021,000005BC
1469,106250400,000000CE,000003C4,0000FC7E,012D0001,0022BA2D,3C004E20,2BFD566C,E007F816,00000010,000005BD
1470,106124100,000000C5,000003BD,000003D9,012A0001,0022BA2D,3C004E20,2BFD265D,E007F816,00000010,000005BE
1471,115242800,0000007C,000003C7,0000FCB1,01250001,0022BA2D,3C004E20,2801265D,E007F816,00000010,000005BF
1472,107307200,0000FFD9,000003C2,00000368,01220001,0022BA2D,3C004E20,2801265D,E007F816,00000010,000005C0
1473,104302800,0000FF8C,000003BB,0000FC37,01200001,0021BA2D,3C004E20,2801265D,E007F816,00000010,000005C1
1474,112379700,0000FF84,000003C2,000003EF,011F0001,0021BA2D,3C004E20,2BFD265D,E007F816,00000010,000005C2
1475,112817000,0000FFB0,000003BD,0000FC2F,011C0001,0021BA2D,3C004E20,2BFD265D,E007F816,00000010,000005C3
1476,119806400,0000FFA5,000003C9,000003D3,01170001,0021BA2D,3C004E20,2801265D,E007F816,00000010,000005C4
1477,112794500,0000FFA5,000003BD,0000FBD9,01140001,0021BA2D,3C004E20,2801265D,E007F816,00000010,000005C5
1478,105701500,0000FFA2,000003BF,000003BA,01140001,0021BA2D,3C004E20,2801265D,E007F816,00000010,000005C6
1479,110590000,0000FF9A,000003C2,0000FBA5,01120001,0021BA2D,3C004E20,2BFD265D,E007F816,00000010,000005C7
1480,106716000,0000FF94,000003C0,0000047E,010F0001,0021BA2D,3C004E20,2BFD265D,E007F816,00000010,000005C8
1481,101570300,0000FF96,000003CA,0000FBA0,010A0001,0021BA2D,3C004E20,2801265D,E007F816,00000010,000005C9
1482,114329600,0000FF9E,000003BC,000003FB,01080001,0020BA2D,3C004E20,2801265D,E007F816,00000010,000005CA
1483,116334700,0000FF9C,000003C2,0000FC6B,01080001,0020BA2D,3C004E20,2801265D,E007F816,00000010,000005CB
1484,121993400,0000FF97,000003C1,00000410,01060001,0020BA2D,3C004E20,2BFD265D,E007F816,00000010,000005CC
1485,113317000,0000FF95,000003C2,0000FCA1,01030001,0020BA2D,3C004E20,2801265D,E007F816,00000010,000005CD
1486,107617000,0000FF99,000003CB,000003D7,00FE0001,0020BA2D,3C004E20,2801265D,E007F816,00000010,000005CE
1487,108075000,0000FF9D,000003BC,0000FC2D,00FC0001,0020BA2D,3C004E20,2801265D,E007F816,00000010,000005CF
1488,477162300,0000FF9F,000003C3,000003AA,00FC0001,0020BA2D,3C004E20,2801265D,E007F816,00000010,000005D0
1489,89978300,0000FF98,000003C2,0000FBD4,00FA0001,0020BA2D,3C004E20,2BFD265D,E0FFF816,00000010,000005D1
1490,126414600,FF98FF90,FFFC03C3,FFAD0489,00F70001,FF1FBA20,3C004E20,2801265D,E007F816,00000010,000005D2
1491,126289200,FFA0FF90,000003CC,FFBC000E,00F30001,FF1FBA0A,3C004E20,2801265D,E007F816,00000021,000005D3
1492,116330500,FFEEFFA2,000103BD,FFCD0004,00F00000,001FB9FA,3C004E20,2801265D,E007F816,00000021,000005D4
1493,122803100,FFDAFFB2,000003C3,FFDB0000,00F0FFFF,001FB9EE,3C004E20,2801265D,E007F816,00000021,000005D5
1494,132015900,FFD1FFCC,000003C4,FFE70008,00EFFFFF,001FB9E5,3C004E20,2BFD265D,E007F816,00000021,000005D6
1495,134873200,FFD0FFF8,000003C2,FFEF000D,00ECFFFF,001FB9E0,3C004E20,2BFD265D,E007F816,00000021,000005D7
1496,135940200,FFD3002C,000003CC,FFF6000F,00E8FFFF,001FB9DC,3C004E20,2801265D,E007F816,00000021,000005D8
1497,151726500,FFD80058,000003BF,FFFA0005,00E5FFFE,001FB9DA,3C004E20,2801265D,E007F816,00000021,000005D9
1498,148331800,FFDF0075,000003C1,FFFD0000,00E5FFFE,001FB9D9,3C004E20,2801265D,E007F816,00000021,000005DA
1499,142777500,FFE40086,000003C5,00000007,00E4FFFE,001FB9D9,3C004E20,2BFD265D,E007F816,00000021,000005DB
1500,138772600,FFEA0092,000003C1,0001000C,00E1FFFE,001FB9D9,3C004E20,2BFCF650,E007F816,00000021,000005DC
1501,126830100,FFEF009E,000003CB,0002000F,00DDFFFE,0020B9D9,3C004E20,2800F650,E007F816,00000021,000005DD
1502,108611300,FFF400AF,000003C2,00020006,00DAFFFE,0020B9DA,3C004E20,2800F650,E007F816,00000021,000005DE
1503,117044200,FFF700B6,000003BF,00020001,00DAFFFE,0020B9DA,3C004E20,2800F650,E007F816,00000021,000005DF
1504,133172400,FFFA00B6,000003C6,00020007,00D9FFFE,0020B9DB,3C004E20,2BFCF650,E007F816,00000021,000005E0
1505,145641900,FFFC00B6,000003C0,0002000D,00D6FFFE,0020B9DB,3C004E20,2BFCF650,E007F816,00000021,000005E1
1506,123960900,FFFE00BB,000003CA,0001000F,00D2FFFE,0020B9DC,3C004E20,2800F650,E007F816,00000021,000005E2
1507,142038600,FFFF00C3,000003C2,00010006,00CFFFFE,0020B9DC,3C004E20,2800F650,E007F816,00000021,000005E3
1508,140645900,000000C7,000003BE,00010001,00CEFFFE,0020B9DC,3C004E20,2800F650,E007F816,00000021,000005E4
1509,159345800,000000C4,000003C5,00010007,00CDFFFE,0020B9DD,3C004E20,2BFCF650,E007F816,00000021,000005E5
1510,153067300,000100C1,000003BF,0001000D,00CAFFFE,0021B9DD,3C004E20,2BFCF650,E007F816,00000021,000005E6
1511,135498100,000100C4,000003CA,00000010,00C6FFFE,0021B9DD,3C004E20,2800F650,E007F816,00000021,000005E7
1512,128310000,000100CB,000003C0,00000006,00C3FFFE,0021B9DD,3C004E20,2800F650,E007F816,00000021,000005E8
1513,135985600,000100CF,000003BF,00000001,00C2FFFE,0021B9DD,3C004E20,2800F650,E007F816,00000021,000005E9
1514,119597800,000100C8,000003C3,00000008,00C1FFFE,0021B9DD,3C004E20,2BFCF650,E007F816,00000021,000005EA
1515,107442700,000100C6,000003C0,B9B0000E,00BDFFFE,0021B9DD,3C004E20,03FCF650,E007F816,00000010,000005EB
1516,117544900,000100B5,000003CB,4650000F,00B9FFFE,0021B9DD,3C004E20,0000F650,E007F816,00000010,000005EC
1517,112241700,0000007B,000003BC,B9B00005,00B7FFFE,0021B9DD,3C004E20,0000F650,E007F816,00000010,000005ED
1518,107615500,00000023,000003C1,B9B00001,00B6FFFE,0021B9DD,3C004E20,0000F650,E007F816,00000010,000005EE
1519,130588400,0000FFD1,000003BA,46500010,00B3FFFE,0021B9DD,3C004E20,03FCF650,E007F816,00000010,000005EF
1520,131920800,0001FFA5,000003B8,B9B00017,00ADFFFE,0021B9DD,3C004E20,03FCF650,E007F816,00000010,000005F0
1521,123283000,0000FF91,000003C3,46500014,00A6FFFE,0021B9DD,3C004E20,0000F650,E007F816,00000010,000005F1
1522,121151100,0000FF8D,000003AB,B9B00007,00A3FFFE,0021B9DD,3C004E20,0000F650,E007F816,00000010,000005F2
1523,122586300,0000FF83,000003BB,B9B00001,00A2FFFE,0021B9DD,3C004E20,0000F650,E007F816,00000010,000005F3
1524,128981500,0000FF7C,000003CC,4650FFFF,00A2FFFE,0021B9DD,3C004E20,0000F650,E007F816,00000010,000005F4
1525,110371800,0000FF77,000003D5,4650FFFE,00A3FFFE,0021B9DD,3C004E20,0000F650,E007F816,00000010,000005F5
1526,103585700,0000FF76,000003D8,B9B0FFFE,00A3FFFE,0020B9DD,3C004E20,0000F650,E007F816,00000010,000005F6
1527,115047600,0000FF76,000003D9,4650FFFF,00A4FFFE,0020B9DD,3C004E20,0000F650,E007F816,00000010,000005F7
1528,462686000,0000FF74,000003D9,46500000,00A4FFFE,0020B9DD,3C004E20,0000F650,E007F816,00000010,000005F8
1529,81601200,0000FF75,000003D2,46500004,00A3FFFE,0020B9DD,3C004E20,0000F650,E007F816,00000010,000005F9
1530,120143600,FFFCFF75,FFE603D5,4650FFFE,00A20000,0020B9DD,3C004E20,0000C5FC,E007F816,00000010,000005FA
1531,110661700,0015FF81,003A03FB,0000FFF9,00A7FFFA,0020B9DD,3C004E20,2800C5FC,E007F816,00000021,000005FB
1532,126284000,FFFFFF72,000C0382,00000023,00A1FFF3,0020B9DD,3C004E20,2BFCC5FC,E007F816,00000021,000005FC
1533,117986800,FFEBFF96,FFE40396,FFFF0048,0092FFF5,0020B9DD,3C004E20,2BFCC5FC,E007F816,00000021,000005FD
1534,152694500,0017FFBA,001903CC,FFFF003B,007CFFEE,0020B9DD,3C004E20,2800C5FC,E007F816,00000021,000005FE
1535,153637400,FFF50016,0004034B,FFFF0015,0073FFEB,0020B9DC,3C004E20,2800C5FC,E007F816,00000021,000005FF
1536,169390700,FFFB003B,FFFF0384,FFFF0003,0070FFEB,FF20B9DC,3C004E20,2800C5FC,E007F816,00000021,00000600
1537,169897800,0001005B,FFFF03B4,FFFFFFFC,0070FFEB,0020B9DC,3C004E20,2800C5FC,E007F816,00000021,00000601
1538,196316700,00020072,FFFF03CE,FFFFFFFA,0072FFEC,0020B9DC,3C004E20,2BFCC5FC,E007F816,00000021,00000602
1539,174583100,00030087,FFFF03DA,FFFFFFFB,0073FFEC,0020B9DC,3C004E20,2BFCC5FC,E007F816,00000021,00000603
1540,163135600,00020095,FFFF03DF,FFFFFFFC,0075FFEC,0020B9DC,3C004E20,2BFCC5FC,E007F816,00000021,00000604
1541,172383100,000200A3,000003DF,FFFFFFFD,0076FFEC,0020B9DB,3C004E20,2BFCC5FC,E007F816,00000021,00000605
1542,170812200,000200AB,000003DE,FFFFFFFE,0077FFEC,0020B9DB,3C004E20,2BFCC5FC,E007F816,00000021,00000606
1543,149851100,000200B3,000003DC,FFFFFFFE,0077FFEC,0020B9DB,3C004E20,2BFCC5FC,E007F816,00000021,00000607
1544,164528600,000200B8,000003DA,FFFFFFFF,0078FFEC,0020B9DB,3C004E20,2800C5FC,E007F816,00000021,00000608
1545,154471500,000200BD,000003D8,FFFFFFFF,0078FFED,0021B9DB,3C004E20,2800C5FC,E007F816,00000021,00000609
1546,163412000,000200C0,000003D7,FFFF0000,0078FFED,0021B9DB,3C004E20,2800C5FC,E007F816,00000021,0000060A
1547,134715100,000200C3,000003D6,FFFF0000,0078FFED,FF21B9DA,3C004E20,2800C5FC,E007F816,00000021,0000060B
1548,134526300,FFF400C1,FFD403C8,0000000E,0076FFF3,0021B9DA,3C004E20,2BFCC5FC,E007F816,00000021,0000060C
1549,115245600,FFE100B5,FFCC0395,00000021,006C0009,0021B9DA,3C004E20,2BFCC5FC,E007F816,00000021,0000060D
1550,125658600,004000B4,001E038B,00020055,00590005,0021B9DA,3C004E20,2BFCC5FC,E007F816,00000021,0000060E
1551,118038600,FFF400CC,FFC4039D,00010023,004A0003,0021B9DB,3C004E20,2800C5FC,E007F816,00000021,0000060F
1552,105815800,FFEE00DB,FFF5036F,00000001,0045000A,0022B9DB,3C004E20,2800C5FC,E007F816,00000021,00000610
1553,119712200,002200DA,002B039C,00010005,00480002,0022B9DB,3C004E20,2800C5FC,E007F816,00000021,00000611
1554,112385500,FFF600CF,001A03D3,0000FFEB,004CFFFD,0022B9DB,3C004E20,2BFCC5FC,E007F816,00000021,00000612
1555,112256200,FFF500C5,000A03F7,F953FFF4,004FFFFC,FF22B9DB,3C004E20,03FCC5FC,E007F816,00000010,00000613
1556,108625500,000300AC,000203E2,08D5FFFA,0051FFFB,FF22B9DB,3C004E20,03FCC5FC,E007F816,00000010,00000614
1557,107762600,0000002C,000003E9,F931FFFD,0052FFFB,FF22B9DC,3C004E20,03FCC5FC,E007F816,00000010,00000615
1558,119116400,0002FFCC,000003E2,072FFFFF,0053FFFB,0022B9DC,3C004E20,03FCC5FC,E007F816,00000010,00000616
1559,108799000,0002FF84,000003DD,F8D00000,0053FFFB,0022B9DC,3C004E20,0000C5FC,E007F816,00000010,00000617
1560,102959800,0002FF58,000003D9,06D60001,0052FFFB,0022B9DC,3C004E20,00009856,E007F816,00000010,00000618
1561,114429000,0002FF40,000003D7,F7620001,0052FFFB,0022B9DB,3C004E20,00009856,E007F816,00000010,00000619
1562,112375900,0001FF51,000003D6,08AF0001,0052FFFB,0021B9DB,3C004E20,00009856,E007F816,00000010,0000061A
1563,103739000,0001FF7B,000003D5,F80E0000,0052FFFB,0021B9DB,3C004E20,00009856,E007F816,00000010,0000061B
1564,123185600,0001FF76,000003D5,08A80000,0052FFFB,0021B9DB,3C004E20,00009856,E007F816,00000010,0000061C
1565,117025700,0001FF75,000003D4,F8C00000,0052FFFB,0021B9DB,3C004E20,00009856,E007F816,00000010,0000061D
1566,131082000,0001FF73,000003D5,08D80000,0052FFFB,0021B9DB,3C004E20,00009856,E007F816,00000010,0000061E
1567,116505900,0001FF73,000003D5,F7A30000,0052FFFB,0021B9DB,3C004E20,00009856,E007F816,00000010,0000061F
1568,126265400,0001FF74,000003D5,08EB0000,0052FFFB,0021B9DB,3C004E20,00009856,E007F816,00000010,00000620
1569,105391400,0000FF73,000003D5,F8AB0000,0052FFFB,0021B9DB,3C004E20,00009856,E007F816,00000010,00000621
1570,448126800,0000FF73,000003D5,06DE0000,0052FFFB,0020B9DB,3C004E20,00009856,E007F816,00000010,00000622
1571,92149500,0001FF75,000003D5,F7910000,0052FFFB,0020B9DB,3C004E20,00009856,E007F816,00000010,00000623
1572,105187400,0000FF74,000003D5,06ED0000,0052FFFB,0020B9DB,3C004E20,00009856,E007F816,00000010,00000624
1573,120483200,FFFFFF71,FFFA03CA,00000016,0050FFFC,0020B9DB,3C004E20,2BFC9856,E007F816,00000021,00000625
1574,114936200,0001FF68,FFFF036C,00000048,0040FFFD,0020B9DB,3C004E20,2BFC9856,E007F816,00000021,00000626
1575,114298800,0002FF96,FFFF0380,0000005A,0028FFFD,0020B9DB,3C004E20,28009856,E007F816,00000021,00000627
1576,108971000,FFFFFFCD,FFFD038C,00000034,0012FFFE,0020B9DB,3C004E20,28009856,E007F816,00000021,00000628
1577,134392700,0002001B,0000033D,00000008,000BFFFE,0020B9DB,3C004E20,28009856,E007F816,00000021,00000629
1578,137095600,0001003C,FFFF0388,0000FFF8,000CFFFE,0020B9DB,3C004E20,28009856,E007F816,00000021,0000062A
1579,140460800,00000056,000003CA,0000FFF7,000FFFFE,0020B9DB,3C004E20,2BFC9856,E007F816,00000021,0000062B
1580,165957700,00000070,000003DF,0000FFF8,0011FFFE,0020B9DB,3C004E20,2BFC9856,E007F816,00000021,0000062C
1581,145613500,00010085,000403E4,0000FFFB,0013FFFE,0020B9DB,3C004E20,2BFC9856,E007F816,00000021,0000062D
1582,131138000,FFFD0097,FFFC03EA,0000FFF6,0016FFFF,0020B9DB,3C004E20,28009856,E007F816,00000021,0000062E
1583,129437300,000200A5,000003EC,0000FFFB,0018FFFF,0021B9DB,3C004E20,2BFC9856,E007F816,00000021,0000062F
1584,128250300,000600A3,000903C1,0000000F,0016FFFD,0021B9DB,3C004E20,2BFC9856,E007F816,00000021,00000630
1585,123296500,FFFB00A7,000003C3,00000022,000FFFFD,0021B9DB,3C004E20,2BFC9856,E007F816,00000021,00000631
1586,144980900,FFFE00B4,000003C4,0000001C,0005FFFD,0021B9DB,3C004E20,28009856,E007F816,00000021,00000632
1587,141657100,000300C9,0000039B,0000000B,0000FFFD,0021B9DA,3C004E20,28009856,E007F816,00000021,00000633
1588,154448900,FFFD00CA,FFFC03AB,00000002,FFFFFFFD,0021B9DA,3C004E20,28009856,E007F816,00000021,00000634
1589,153029900,FFFF00C7,FFFC03C5,0000FFFE,FFFFFFFF,0021B9DA,3C004E20,28009856,E007F816,00000021,00000635
1590,160125900,000200C7,FFFE03D3,0000FFFC,0000FFFF,0022B9DA,3C004E20,2BFC704B,E007F816,00000021,00000636
1591,150310300,000100C8,FFFE03D9,0000FFFC,00010000,0022B9DA,3C004E20,2BFC704B,E007F816,00000021,00000637
1592,134239000,000100CA,000003DC,0000FFFD,00020000,0022B9DA,3C004E20,2BFC704B,E007F816,00000021,00000638
1593,114398100,000100CA,000003DD,0000FFFE,00020000,0022B9DA,3C004E20,2BFC704B,E007F816,00000021,00000639
1594,111799200,000000CB,000003DB,0000FFFF,00030000,0022B9DA,3C004E20,2BFC704B,E007F816,00000021,0000063A
1595,120374300,000000CE,000003D9,0000FFFF,00030000,0022B9DA,3C004E20,2BFC704B,E007F816,00000021,0000063B
1596,100783500,000000CF,000003D7,00000000,00030000,0022B9DA,3C004E20,2BFC704B,E007F816,00000021,0000063C
1597,118556600,000000D0,000003D7,00000000,00030000,0023FCE0,3C004E20,2BFC704B,E007F816,00000020,0000063D
1598,135794900,000000AF,000003D6,00000000,00030000,00230320,3C004E20,2800704B,E007F816,00000020,0000063E
1599,136445700,00000030,000003D6,00000001,00030000,0023FCE0,3C004E20,2800704B,E007F816,00000020,0000063F
1600,128939100,0000FFCF,000003D6,00000001,00030000,00230320,3C004E20,2800704B,E007F816,00000020,00000640
1601,110028400,0000FF83,000003D5,00000001,00020000,0023FCE0,3C004E20,2800704B,E007F816,00000020,00000641
1602,119148800,0000FF57,000003D5,00000001,00020000,00220320,3C004E20,2800704B,E007F816,00000020,00000642
1603,111818700,0000FF3D,000003D5,00000001,00020000,0022FCE0,3C004E20,2800704B,E007F816,00000020,00000643
1604,135063000,0000FF2F,000003D5,00000001,00010000,00220320,3C004E20,2800704B,E007F816,00000020,00000644
1605,143711600,0000FF27,000003D5,00000001,00010000,0022FCE0,3C004E20,2800704B,E007F816,00000020,00000645
1606,149649300,0000FF22,000003D5,00000000,00010000,00220320,3C004E20,2800704B,E007F816,00000020,00000646
1607,133051900,0000FF20,000003D5,00000000,00010000,0022FCE0,3C004E20,2800704B,E007F816,00000020,00000647
1608,127888900,0000FF20,000003D5,00000000,00010000,00210320,3C004E20,2800704B,E007F816,00000020,00000648
1609,142405800,0000FF48,000003D5,00000000,00010000,0021FCE0,3C004E20,2800704B,E007F816,00000020,00000649
1610,135459800,0000FF91,000003D5,00000000,00010000,00210320,3C004E20,2800704B,E007F816,00000020,0000064A
1611,122450200,0000FF93,000003D5,00000000,00010000,0021FCE0,3C004E20,2800704B,E007F816,00000020,0000064B
1612,114848300,0000FF94,000003D5,00000000,00010000,00210320,3C004E20,2800704B,E007F816,00000020,0000064C
1613,120709900,0000FF94,000003D5,00000000,00010000,0021FCE0,3C004E20,2800704B,E007F816,00000020,0000064D
1614,120439600,0000FF94,000003D5,00000000,00010000,00210320,3C004E20,2800704B,E007F816,00000020,0000064E
1615,139343200,0000FF95,000003D5,00000000,00010000,0021FCE0,3C004E20,2800704B,E007F816,00000020,0000064F
1616,129960400,0000FF95,000003D5,00000000,00010000,00210320,3C004E20,2800704B,E007F816,00000020,00000650
1617,108066000,0000FF96,000003D5,00000000,00010000,0021FCE0,3C004E20,2800704B,E007F816,00000020,00000651
1618,106904800,0000FF96,000003D5,00000000,00010000,00210320,3C004E20,2800704B,E007F816,00000020,00000652
1619,106238500,0000FF96,000003D5,00000000,00010000,0020FCE0,3C004E20,2800704B,E007F816,00000020,00000653
1620,113127800,0000FF97,000003D5,00000000,00010000,00200320,3C004E20,280052AA,E007F816,00000020,00000654
1621,112196300,0000FF97,000003D5,00000000,00010000,0020FCE0,3C004E20,280052AA,E007F816,00000020,00000655
1622,107658500,0000FF97,000003D5,00000000,00010000,00200320,3C004E20,280052AA,E007F816,00000020,00000656
1623,111905300,0000FF98,000003D5,00000000,00010000,0020FCE0,3C004E20,280052AA,E007F816,00000020,00000657
1624,517532900,0000FF98,000003D4,00000001,00010000,00200320,3C004E20,280052AA,E007F816,00000020,00000658
1625,89330000,0000FF97,000003D2,00000002,00010000,0020FCE0,3C004E20,280052AA,E007F816,00000020,00000659
1626,117568000,0000FF98,000003D3,00000003,00000000,00200320,3C004E20,280052AA,E007F816,00000020,0000065A
1627,103647800,0000FF99,000003D2,00000002,FFFF0000,0020B9DA,3C004E20,280052AA,E007F816,00000021,0000065B
1628,124631300,0000FF9C,000003D0,00000000,FFFF0000,0020B9DA,3C004E20,280052AA,E007F816,00000021,0000065C
1629,119811000,0000FFAB,000003D3,00000000,FFFF0000,0020B9DA,3C004E20,280052AA,E007F816,00000021,0000065D
1630,125776300,0000FFCB,000003D4,00000000,FFFF0000,0020B9DA,3C004E20,280052AA,E007F816,00000021,0000065E
1631,144051000,0000FFFA,000003D5,0000FFFF,FFFF0000,0020B9DA,3C004E20,280052AA,E007F816,00000021,0000065F
1632,121877500,0000002C,000003D5,0000FFFF,00000000,0020B9DA,3C004E20,280052AA,E007F816,00000021,00000660
1633,132599700,00000053,000003D5,0000FFFF,00000000,0020B9DA,3C004E20,280052AA,E007F816,00000021,00000661
1634,153335800,0000006E,000003CD,00000008,FFFF0000,0020B9DA,3C004E20,2BFC52AA,E007F816,00000021,00000662
1635,143967000,00000081,000003C1,0000000E,FFFB0000,0020B9DA,3C004E20,2BFC52AA,E007F816,00000021,00000663
1636,162627800,00000094,000003C9,00000011,FFF70000,0020B9DA,3C004E20,280052AA,E007F816,00000021,00000664
1637,137183800,000000A6,000003BD,00000007,FFF40000,0020B9DA,3C004E20,280052AA,E007F816,00000021,00000665
1638,118916700,000000B0,000003BC,00000001,FFF30000,0020B9DA,3C004E20,280052AA,E007F816,00000021,00000666
1639,124727600,000000B5,000003CA,0000FFFF,FFF30000,0021B9DA,3C004E20,280052AA,E007F816,00000021,00000667
1640,143103600,000000B8,000003D1,00000001,FFF30000,0021B9DA,3C004E20,2BFC52AA,E007F816,00000021,00000668
1641,126516900,000000B2,000003B5,00000017,FFEF0000,0021B9DA,3C004E20,2BFC52AA,E007F816,00000021,00000669
1642,124216100,000000B7,000003B4,00000020,FFE60000,0021B9DA,3C004E20,2BFC52AA,E007F816,00000021,0000066A
1643,136120300,000000C0,000003BC,00000019,FFDD0000,0021B9DA,3C004E20,280052AA,E007F816,00000021,0000066B
1644,156143400,000000D0,00000399,00000008,FFD90000,0021B9DA,3C004E20,280052AA,E007F816,00000021,0000066C
1645,154841400,000000CD,000003B2,00000001,FFD80000,0021B9DA,3C004E20,280052AA,E007F816,00000021,0000066D
1646,141298600,000000CA,000003C9,0000FFFE,FFD90000,0022B9DA,3C004E20,2BFC52AA,E007F816,00000021,0000066E
1647,118626000,000000C6,000003C6,0000000E,FFD70000,0022B9DA,3C004E20,2BFC52AA,E007F816,00000021,0000066F
1648,110461900,000000BF,000003AE,0000001D,FFD10000,0022B9DA,3C004E20,2BFC52AA,E007F816,00000021,00000670
1649,102385800,000000C5,000003C0,00000023,FFC70000,0022B9DA,3C004E20,280052AA,E007F816,00000021,00000671
1650,113210900,000000D5,000003A2,0000000D,FFC10000,0022B9DA,3C004E20,28003A27,E007F816,00000023,00000672
1651,141898400,000000D7,000003A7,01930002,FFC00000,0022B9DA,3C004E20,28003A27,E007F816,00000012,00000673
1652,101497000,000000B1,000003C3,00A7FFFF,FFC00000,0023B9DA,3C004E20,2BFC3A27,E007F816,00000022,00000674
1653,117702300,0000002E,000003CC,01460009,FFBF0000,0023B9DA,3C004E20,2BFC3A27,E007F816,00000022,00000675
1654,113061000,0000FFC1,000003AF,00ED001C,FFB90000,0023B9DA,3C004E20,2BFC3A27,E007F816,00000022,00000676
1655,111637000,0000FF7A,000003BB,00CB0023,FFB00000,0022B9DA,3C004E20,28003A27,E007F816,00000022,00000677
1656,107001400,0000FF5A,000003AC,FFFB0011,FFA80000,0022B9DA,3C004E20,28003A27,E007F816,00000022,00000678
1657,125468300,0000FF48,0000039E,00020005,FFA60000,0022B9DA,3C004E20,28003A27,E007F816,00000022,00000679
1658,111175900,0000FF33,000003BE,FE9C0000,FFA50000,0022B9DA,3C004E20,28003A27,E007F816,00000012,0000067A
1659,109906000,0000FF28,000003CF,01190000,FFA60000,0022B9DA,3C004E20,28003A27,E007F816,00000022,0000067B
1660,111928900,0000FF1D,000003C6,FF7F000A,FFA40000,0022B9DA,3C004E20,2BFC3A27,E007F816,00000022,0000067C
1661,108992400,0000FF1B,000003C9,0195000F,FFA00000,0021B9DA,3C004E20,28003A27,E007F816,00000012,0000067D
1662,112454500,0000FF47,000003CB,0027000A,FF9C0000,0021B9DA,3C004E20,28003A27,E007F816,00000022,0000067E
1663,112136400,0000FF96,000003BB,01080002,FF9B0000,0021B9DA,3C004E20,28003A27,E007F816,00000022,0000067F
1664,113118000,0000FF95,000003C8,0137FFFF,FF9B0000,0021B9DA,3C004E20,28003A27,E007F816,00000022,00000680
1665,109196700,0000FF93,000003D2,01ACFFFE,FF9B0000,0021B9DA,3C004E20,28003A27,E007F816,00000012,00000681
1666,118135900,0000FF93,000003D7,00CFFFFE,FF9C0000,0021B9DA,3C004E20,28003A27,E007F816,00000022,00000682
1667,114276500,0000FF93,000003D8,0123FFFE,FF9C0000,0021B9DA,3C004E20,28003A27,E007F816,00000022,00000683
1668,114065400,0000FF93,000003D9,009FFFFF,FF9C0000,0021B9DA,3C004E20,28003A27,E007F816,00000022,00000684
1669,115293700,0000FF94,000003D8,FF45FFFF,FF9D0000,0021B9DA,3C004E20,28003A27,E007F816,00000022,00000685
1670,117126800,0000FF94,000003D7,FFF4FFFF,FF9D0000,0021B9DA,3C004E20,28003A27,E007F816,00000022,00000686
1671,112657400,0000FF94,000003D7,003A0000,FF9D0000,0021B9DA,3C004E20,28003A27,E007F816,00000022,00000687
1672,492696900,0000FF95,000003D6,009C0000,FF9D0000,0021B9DA,3C004E20,28003A27,E007F816,00000022,00000688
1673,80982900,0000FF95,000003D6,FFD70000,FF9D0000,0021B9DA,3C004E20,28003A27,E007F816,00000022,00000689
1674,123318100,0000FF95,000003D5,FE810000,FF9D0000,0021B9DA,3C004E20,28003A27,E007F816,00000012,0000068A
1675,117614800,0000FF96,000003D5,00000000,FF9D0000,0020B9DA,3C004E20,28003A27,E007F816,00000023,0000068B
1676,121145800,0000FF97,000003D5,00000000,FF9D0000,0020B9DA,3C004E20,28003A27,E007F816,00000023,0000068C
1677,108335800,0000FFA7,000003D5,00000000,FF9D0000,0020B9DA,3C004E20,28003A27,E007F816,00000023,0000068D
1678,121800000,0000FFC8,000003D5,00000000,FF9D0000,0020B9DA,3C004E20,28003A27,E007F816,00000023,0000068E
1679,126932000,0000FFF8,000003D5,00000000,FF9D0000,0020B9DA,3C004E20,28003A27,E007F816,00000023,0000068F
1680,122221600,0000002C,000003D5,0000FFFF,FF9D0000,0020B9DA,3C004E20,28002CE4,E007F816,00000023,00000690
1681,141077500,00000053,000003D5,0000FFFF,FF9E0000,0021B9DA,3C004E20,28002CE4,E007F816,00000023,00000691
1682,170113200,00000071,000003D5,0000FFFF,FF9E0000,0021B9DA,3C004E20,28002CE4,E007F816,00000023,00000692
1683,151126400,00000088,000003D5,0000FFFF,FF9E0000,0021B9DA,3C004E20,28002CE4,E007F816,00000023,00000693
1684,150469600,00000098,000003D5,0000FFFF,FF9E0000,0021B9DA,3C004E20,28002CE4,E007F816,00000023,00000694
1685,149806400,000000A5,000003D5,00000000,FF9E0000,0021B9DA,3C004E20,28002CE4,E007F816,00000023,00000695
1686,123600300,000000AF,000003D5,00000000,FF9F0000,0021B9DA,3C004E20,28002CE4,E007F816,00000023,00000696
1687,164838600,000000B6,000003D5,00000000,FF9F0000,0021B9DA,3C004E20,28002CE4,E007F816,00000023,00000697
1688,159084400,000000BB,000003D5,00000000,FF9F0000,0022B9DA,3C004E20,28002CE4,E007F816,00000023,00000698
1689,160722000,000000C0,000003D5,0000FFFF,FF9F0000,0022B9DA,3C004E20,28002CE4,E007F816,00000023,00000699
1690,158678800,000000C3,000003D6,0000FFFF,FF9F0000,0022B9DA,3C004E20,28002CE4,E007F816,00000023,0000069A
1691,170810000,000000C7,000003D6,0000FFFF,FF9F0000,0022B9DA,3C004E20,28002CE4,E007F816,00000023,0000069B
1692,158954200,000000C8,000003D6,0000FFFF,FFA00000,0022B9DA,3C004E20,28002CE4,E007F816,00000023,0000069C
1693,139760400,000000CA,000003D6,00000000,FFA00000,0022B9DA,3C004E20,28002CE4,E007F816,00000023,0000069D
1694,121725600,000000CD,000003D6,00000000,FFA00000,0023B9DA,3C004E20,28002CE4,E007F816,00000023,0000069E
1695,137005800,000000CE,000003D5,00000000,FFA00000,0023B9DA,3C004E20,28002CE4,E007F816,00000023,0000069F
1696,133169000,000000CF,000003D5,00000000,FFA00000,0023B9DA,3C004E20,2BFC2CE4,E007F816,00000023,000006A0
1697,111844200,000000D1,000003D5,00000000,FFA00000,0023B9DA,3C004E20,2BFC2CE4,E007F816,00000023,000006A1
1698,119477100,000000D1,000003D5,00000000,FFA00000,0023B9DA,3C004E20,2BFC2CE4,E007F816,00000023,000006A2
1699,132077900,000000D3,000003D5,FC170000,FFA00000,0023B9DA,3C004E20,23FC2CE4,E007F816,00000012,000006A3
1700,119831400,000000B2,000003D5,03BC0000,FFA00000,0024B9DA,3C004E20,23FC2CE4,E007F816,00000012,000006A4
1701,130130300,00000033,000003D5,FCAA0001,FF9F0000,0024B9DA,3C004E20,20002CE4,E007F816,00000012,000006A5
1702,127297600,0000FFD0,000003D5,03DA0001,FF9F0000,0023B9DA,3C004E20,20002CE4,E007F816,00000012,000006A6
1703,120373000,0000FF82,000003D5,FC460001,FF9F0000,0023B9DA,3C004E20,20002CE4,E007F816,00000012,000006A7
1704,126359100,0000FF54,000003D5,03ED0001,FF9E0000,0023B9DA,3C004E20,20002CE4,E007F816,00000012,000006A8
1705,121546200,0000FF3B,000003D5,FC5E0001,FF9E0000,0023B9DA,3C004E20,20002CE4,E007F816,00000012,000006A9
1706,134118400,0000FF2C,000003D5,04710001,FF9E0000,0023B9DA,3C004E20,00002CE4,E007F816,00000012,000006AA
1707,130723400,0000FF24,000003D5,FBFB0001,FF9E0000,0023B9DA,3C004E20,20002CE4,E007F816,00000012,000006AB
1708,125746800,0000FF1F,000003D5,046B0000,FF9D0000,0023B9DA,3C004E20,00002CE4,E007F816,00000012,000006AC
1709,133979800,0000FF1D,000003D5,FBC00000,FF9D0000,0022B9DA,3C004E20,00002CE4,E007F816,00000012,000006AD
1710,126248600,0000FF1C,000003D4,04660000,FF9DFFFF,0022B9DA,3C004E20,000028D4,E007F816,00000012,000006AE
1711,133083300,0007FF19,000A03CE,FC090005,FF9CFFFC,0022B9DA,3C004E20,200028D4,E007F816,00000012,000006AF
1712,119857900,FFEAFF16,FFED03C2,0368000A,FF990003,0022B9DA,3C004E20,200028D4,E007F816,00000012,000006B0
1713,121380000,0010FF1D,001D03D8,FBA9000C,FF970003,0022B9DA,3C004E20,000028D4,E007F816,00000012,000006B1
1714,113609300,0014FF1D,000A03B7,03C2FFFF,FF95FFF9,0022B9DA,3C004E20,200028D4,E007F816,00000012,000006B2
1715,140099700,FFEDFF21,000A03CF,FC0F0000,FF96FFF8,0021B9DA,3C004E20,200028D4,E0FFF816,00000012,000006B3
1716,125911000,FFA6FF3F,002003DB,035CFFF7,FF97FFF1,FF21B9CD,3C004E20,200028D4,E007F816,00000012,000006B4
1717,122870700,FF7EFF7D,FFD803B8,FBDF0012,FF94FFF7,FF21B9B7,3C004E20,03FC28D4,E007F816,00000012,000006B5
1718,471964400,FFF4FF7F,FFFF03D4,03F2000C,FF90FFFB,00214645,3C004E20,200028D4,E007F816,00000012,000006B6
1719,95032500,FFE1FF82,FFF603E1,FBAB0000,FF8EFFFB,00214639,3C004E20,000028D4,E007F816,00000012,000006B7
1720,130901500,FFBBFF91,FFED03AD,03BEFFF3,FF920003,0021462F,3C004E20,200028D4,E007F816,00000012,000006B8
1721,118384100,FFD8FF7D,FFFD03E5,FFEEFFFA,FF940005,00214629,3C004E20,280028D4,E007F816,00000023,000006B9
1722,122090700,FFD0FF93,000003E6,FFF5FFFD,FF950005,00214625,3C004E20,280028D4,E007F816,00000023,000006BA
1723,143400800,FFD2FFA4,000103DE,FFFAFFFF,FF960005,00214623,3C004E20,280028D4,E007F816,00000023,000006BB
1724,140906600,FFD7FFC5,000103DA,FFFEFFFF,FF960005,00214622,3C004E20,280028D4,E007F816,00000023,000006BC
1725,153479900,FFDEFFF7,000103D7,00000000,FF960005,00214621,3C004E20,280028D4,E007F816,00000023,000006BD
1726,150513100,FFE5002B,000103D5,00020000,FF960004,00214622,3C004E20,280028D4,E007F816,00000023,000006BE
1727,171643000,FFEB0055,000103D5,0002FFFF,FF970004,00214622,3C004E20,280028D4,E007F816,00000023,000006BF
1728,172298600,FFF00072,000003D4,0003FFFF,FF970004,00214623,3C004E20,280028D4,E007F816,00000023,000006C0
1729,176762800,FFF50089,000003D4,0003FFFF,FF970004,00214624,3C004E20,280028D4,E007F816,00000023,000006C1
1730,156934000,FFF8009A,000003D4,00030000,FF970004,00214625,3C004E20,280028D4,E007F816,00000023,000006C2
1731,128056800,FFFB00A8,000003D5,00020000,FF970004,00224625,3C004E20,280028D4,E007F816,00000023,000006C3
1732,149047100,FFFD00B0,000003D5,00020000,FF970004,00224626,3C004E20,280028D4,E007F816,00000023,000006C4
1733,148998100,FFFE00B8,000003D5,00020000,FF970004,00224626,3C004E20,280028D4,E007F816,00000023,000006C5
1734,146976800,FFFF00BE,000003D5,00010000,FF970004,00224627,3C004E20,280028D4,E007F816,00000023,000006C6
1735,154269500,000000C2,000003D5,00010000,FF970003,00224627,3C004E20,280028D4,E007F816,00000023,000006C7
1736,170653100,000000C5,000003D5,00010000,FF980003,00224627,3C004E20,280028D4,E007F816,00000023,000006C8
1737,159167900,000000C9,000003D5,00010000,FF980003,00234628,3C004E20,280028D4,E007F816,00000023,000006C9
1738,149621600,000100CB,000203D5,00000000,FF980003,00234628,3C004E20,2BFC28D4,E007F816,00000023,000006CA
1739,132397200,000700CB,000D03CF,00000005,FF970001,00234628,3C004E20,2BFC28D4,E007F816,00000023,000006CB
1740,116557200,FFFF00CC,000403C9,0000000B,FF94FFFE,00234628,3C004E20,2BFC30F1,E007F816,00000023,000006CC
1741,135874200,FFFD00CD,000503C6,0000000B,FF91FFFD,00234628,3C004E20,280030F1,E007F816,00000023,000006CD
1742,125961500,000300D4,000603C2,00000007,FF8EFFFB,00234628,3C004E20,280030F1,E007F816,00000023,000006CE
1743,117639300,FFFD00D6,000103C1,00000002,FF8DFFFB,00244628,3C004E20,280030F1,E007F816,00000023,000006CF
1744,136383000,FFFF00D8,000003CA,00000000,FF8DFFFB,00244628,3C004E20,2BFC30F1,E007F816,00000023,000006D0
1745,120916400,000100D6,FFFF03D1,0000FFFF,FF8DFFFB,00244628,3C004E20,2BFC30F1,E007F816,00000022,000006D1
1746,133597100,000100B4,000003D5,0000FFFF,FF8DFFFB,00244628,3C004E20,2BFC30F1,E007F816,00000022,000006D2
1747,124117700,00010037,000003D7,00000000,FF8DFFFB,00244628,3C004E20,2BFC30F1,E007F816,00000022,000006D3
1748,132299800,0001FFCF,000003D7,00000001,FF8DFFFB,00244628,3C004E20,280030F1,E007F816,00000022,000006D4
1749,144746000,0001FF82,000003D7,00000001,FF8DFFFB,00244628,3C004E20,280030F1,E007F816,00000022,000006D5
1750,146620900,FFFBFF69,00080428,0001FFEC,FF98FFFE,00244628,3C004E20,2BFC30F1,E007F816,00000022,000006D6
1751,135500200,000AFF08,0002034C,00010043,FF8DFFFD,00244628,3C004E20,2BFC30F1,E007F816,00000022,000006D7
1752,118615600,FFFAFEF9,FFF4037C,000000A3,FF6EFFFF,00234628,3C004E20,280030F1,E007F816,00000022,000006D8
1753,140076200,FFF9FF29,000103C5,00000016,FF540004,00234628,3C004E20,280030F1,E007F816,00000022,000006D9
1754,129434000,0016FF49,000602D8,00010012,FF500001,00234628,3C004E20,27FC30F1,E207D016,00000022,000006DA
1755,123069000,FFF4FF10,FFD702FB,0000003C,FF450003,00234628,3C004E20,27FC30F1,E207D016,00000022,000006DB
1756,123915400,0006FEE7,000703D5,0000005B,FF280003,00234628,3C004E20,280030F1,E007F816,00000022,000006DC
1757,137021500,000DFF29,000F0312,00000046,FF12FFFD,00234628,3C004E20,280030F1,E007F816,00000022,000006DD
1758,124892100,FFFFFF1E,001302FD,00000046,FEFFFFF7,00234628,3C004E20,27FC30F1,E207D016,00000022,000006DE
1759,113011200,FFE6FF17,FFE90356,FFFF0036,FEECFFFC,00224628,3C004E20,280030F1,E007F816,00000022,000006DF
1760,117428000,0009FF32,0005038B,0000FFFF,FEE7FFFD,00224628,3C004E20,280030F1,E007F816,00000022,000006E0
1761,119424900,0007FF35,FFF80399,0000FFDC,FEEEFFFC,00224628,3C004E20,280030F1,E007F816,00000022,000006E1
1762,119319700,FFF2FF1E,FFF403E2,0000FFE3,FEF80001,00224628,3C004E20,2BFC30F1,E007F816,00000022,000006E2
1763,118713800,000AFF0E,FFFE0419,0000FFF0,FEFE0002,00224628,3C004E20,2BFC30F1,E007F816,00000022,000006E3
1764,132658900,0003FF14,00000409,0000FFF7,FF010003,00224628,3C004E20,2BFC30F1,E007F816,00000022,000006E4
1765,121768900,0000FF16,000003F7,0000FFFC,FF030003,00224628,3C004E20,280030F1,E007F816,00000022,000006E5
1766,124016500,FFFFFF42,000003EA,0000FFFD,FF040002,00214628,3C004E20,280030F1,E007F816,00000022,000006E6
1767,121621900,FFFFFF87,000003CF,00000018,FF020003,00214628,3C004E20,2BFC30F1,E007F816,00000022,000006E7
1768,125002500,0000FF7A,0000038B,00000036,FEF50003,00214628,3C004E20,2BFC30F1,E007F816,00000022,000006E8
1769,111234700,0000FF84,000003A0,00000042,FEE30002,00214628,3C004E20,280030F1,E007F816,00000022,000006E9
1770,115836500,FFFFFF9A,00000380,0000001F,FED50003,00214628,3C004E20,28004171,E007F816,00000022,000006EA
1771,123939300,0000FFA5,00000369,00000009,FED10003,00214628,3C004E20,28004171,E007F816,00000022,000006EB
1772,504033200,0000FF9A,000003A4,0000FFFF,FED00003,00214628,3C004E20,28004171,E007F816,00000022,000006EC
1773,67331100,0000FF96,000003C5,0000FFFC,FED10003,00214628,3C004E20,28004171,E007F816,00000022,000006ED
1774,137324300,0000FF90,000003D5,0000FFFB,FED20003,00214628,3C004E20,28004171,E007F816,00000022,000006EE
1775,104720300,0000FF93,000003DC,0000FFFC,FED40002,00214628,3C004E20,28004171,E007F816,00000023,000006EF
1776,100635900,0000FF93,000003DE,0000FFFD,FED50002,00214628,3C004E20,28004171,E007F816,00000023,000006F0
1777,101333500,0000FFA3,000003DD,0000FFFE,FED50002,00214628,3C004E20,28004171,E007F816,00000023,000006F1
1778,106709300,0000FFC5,000003DB,0000FFFE,FED60002,00214628,3C004E20,28004171,E007F816,00000023,000006F2
1779,119418300,0000FFF5,000003D9,0000FFFF,FED60002,00214628,3C004E20,28004171,E007F816,00000023,000006F3
1780,129113800,0000002A,000003D7,0000FFFF,FED70002,00214628,3C004E20,28004171,E007F816,00000023,000006F4
1781,144541500,00000052,000003D6,0000FFFF,FED70002,00214628,3C004E20,28004171,E007F816,00000023,000006F5
1782,138248400,00000072,000003D5,0000FFFF,FED70002,00214628,3C004E20,28004171,E007F816,00000023,000006F6
1783,147700500,00000087,000003D5,0000FFFF,FED80002,00224628,3C004E20,28004171,E007F816,00000023,000006F7
1784,156213300,0000009A,000003D4,0000FFFF,FED80002,00224628,3C004E20,28004171,E007F816,00000023,000006F8
1785,116815000,000000A6,000003D4,0000FFFF,FED80002,00224628,3C004E20,28004171,E007F816,00000023,000006F9
1786,100539700,000000B0,000003D4,00000000,FED80002,00224628,3C004E20,28004171,E007F816,00000023,000006FA
1787,107546100,000000B8,000003D4,00000000,FED80002,00224628,3C004E20,28004171,E007F816,00000023,000006FB
1788,129882400,000000BD,000003D4,00000000,FED80002,00224628,3C004E20,28004171,E007F816,00000023,000006FC
1789,121378000,000000C3,000003D4,00000000,FED80002,00234628,3C004E20,28004171,E007F816,00000023,000006FD
1790,122897600,000000C5,000003D4,00000000,FED80002,00234628,3C004E20,28004171,E007F816,00000023,000006FE
1791,134513300,000000C9,000003D4,00000000,FED80002,00234629,3C004E20,28004171,E007F816,00000023,000006FF
1792,149351300,000000CB,000003D4,00000000,FED80002,00234629,3C004E20,28004171,E007F816,00000023,00000700
1793,147406400,000000CE,000003D4,00000000,FED90002,00234629,3C004E20,2BFC4171,E007F816,00000023,00000701
1794,128534500,000000D0,000003D4,00000000,FED90002,00244629,3C004E20,2BFC4171,E007F816,00000023,00000702
1795,124837600,000000D1,000003D4,00000000,FED90002,00244629,3C004E20,2BFC4171,E007F816,00000023,00000703
1796,115861300,000000D3,000003D4,00000000,FED90002,00244629,3C004E20,2BFC4171,E007F816,00000023,00000704
1797,102134700,000000D3,000003D4,00000000,FED90002,00244629,3C004E20,2BFC4171,E007F816,00000023,00000705
1798,102208300,000000D6,000003D4,00000000,FED90002,00244629,3C004E20,2BFC4171,E007F816,00000023,00000706
1799,94038900,000000D8,000003D4,00000000,FED90002,00254629,3C004E20,2BFC4171,E007F81C,00000022,00000707
1800,105162000,000000B6,000003D4,00000000,FED90002,00254629,3C004E20,2BFC5BA0,E007F813,00000020,00000708
1801,95383900,00000037,000003D4,00000001,FED80002,00254629,3C004E20,28005BA0,E007F81A,00000020,00000709
1802,100776200,0000FFCF,000003D4,00000001,FED80002,00254629,3C004E20,28005BA0,E007F81A,00000020,0000070A
1803,109632000,0000FF81,000003D4,00000001,FED80002,00254629,3C004E20,28005BA0,E007F811,00000020,0000070B
1804,99844700,0000FF50,000003D4,00000001,FED70002,00254629,3C004E20,28005BA0,E007F818,00000020,0000070C
1805,117107800,0000FF36,000003D4,00000001,FED70002,00244629,3C004E20,28005BA0,E007F81B,00000020,0000070D
1806,122746300,0000FF26,000003D3,00000001,FED70002,00244629,3C004E20,28005BA0,E007F816,00000020,0000070E
1807,103876000,0000FF1E,000003D3,00000001,FED60002,00244629,3C004E20,28005BA0,E007F812,00000020,0000070F
1808,108061600,0000FF18,000003D3,00000001,FED60002,00244629,3C004E20,28005BA0,E007F811,00000020,00000710
1809,95270700,0000FF17,000003D3,00000000,FED60002,00244629,3C004E20,28005BA0,E007F816,00000020,00000711
1810,109249500,0000FF13,000003D3,00000000,FED60002,00244629,3C004E20,28005BA0,E007F816,00000020,00000712
1811,98359600,0000FF16,000003D4,00000000,FED60002,00244629,3C004E20,28005BA0,E007F818,00000020,00000713
1812,104666100,0000FF13,000003D3,00000000,FED60002,00234629,3C004E20,28005BA0,E007F816,00000020,00000714
1813,106541300,0000FF15,000003D4,00000000,FED60002,00234629,3C004E20,28005BA0,E007F814,00000020,00000715
1814,103535900,0000FF14,000003D4,00000000,FED60002,00234629,3C004E20,28005BA0,E007F810,00000020,00000716
1815,115185000,0000FF15,000003D4,00000000,FED60002,00234629,3C004E20,28005BA0,E007F816,00000020,00000717
1816,103401000,0000FF15,000003D4,00000000,FED60002,00234629,3C004E20,28005BA0,E007F813,00000020,00000718
1817,97662400,0000FF17,000003D4,00000000,FED60002,00234629,3C004E20,28005BA0,E007F812,00000020,00000719
1818,111540700,0000FF16,000003D4,00000000,FED60002,00234629,3C004E20,28005BA0,E007F818,00000020,0000071A
1819,103381200,0000FF16,000003D4,00000000,FED60002,00224629,3C004E20,28005BA0,E007F810,00000020,0000071B
1820,453838900,0000FF18,000003D4,00000000,FED60002,00224629,3C004E20,28005BA0,E007F817,00000020,0000071C
1821,79413800,0000FF18,000003D4,00000000,FED60002,00224629,3C004E20,28005BA0,E007F81B,00000020,0000071D
1822,112287800,0000FF19,000003D4,00000000,FED60002,00224629,3C004E20,28005BA0,E007F817,00000020,0000071E
1823,106997100,0000FF18,000003D4,00000000,FED60002,00224629,3C004E20,28005BA0,E007F816,00000021,0000071F
1824,97501200,000CFF44,000003D3,00090000,FED60002,0022462B,3C004E20,28005BA0,E007F816,00000021,00000720
1825,96159400,0014FF9C,000003D3,000FFFFF,FED60002,0022462E,3C004E20,28005BA0,E007F816,00000021,00000721
1826,100494600,0016FFC1,000003D4,0014FFFF,FED60002,00224634,3C004E20,28005BA0,E007F816,00000021,00000722
1827,91897800,001AFFF4,000003D4,0018FFFF,FED70001,FF22463A,3C004E20,28005BA0,E007F816,00000021,00000723
1828,119286900,0013002A,000003D4,0012FFFF,FED70001,FF224640,3C004E20,28005BA0,E007F816,00000021,00000724
1829,126367000,00100052,000003D4,000DFFFF,FED70001,FF224644,3C004E20,28005BA0,E007F816,00000021,00000725
1830,142525800,00130073,000003D4,0009FFFF,FED70001,FF224647,3C004E20,28007988,E007F816,00000021,00000726
1831,149339500,0013008B,000003D4,0006FFFF,FED80000,FF224649,3C004E20,28007988,E007F816,00000021,00000727
1832,143927300,0012009C,000003D4,0004FFFF,FED80000,FF23464B,3C004E20,28007988,E007F816,00000021,00000728
1833,141434000,001000AA,000003D4,0002FFFF,FED80000,FF23464B,3C004E20,28007988,E007F816,00000021,00000729
1834,129145300,000E00B3,000003D4,00010000,FED80000,FF23464C,3C004E20,28007988,E007F816,00000021,0000072A
1835,107101700,000C00BD,000003D4,00000000,FED80000,FF23464C,3C004E20,28007988,E007F816,00000021,0000072B
1836,117927300,000900C1,000003D4,FFFF0000,FED80000,FF23464C,3C004E20,28007988,E007F816,00000021,0000072C
1837,125382500,000700C7,000003D4,FFFF0000,FED80000,FF23464C,3C004E20,28007988,E007F816,00000021,0000072D
1838,150191600,000600CA,000003D4,FFFF0000,FED80000,FF24464B,3C004E20,28007988,E007F816,00000021,0000072E
1839,171812000,000400D0,000003D4,FFFF0000,FED80001,FF24464B,3C004E20,28007988,E007F816,00000021,0000072F
1840,151562800,000300CE,000003D4,FFFF0000,FED90001,FF24464B,3C004E20,2BFC7988,E007F816,00000021,00000730
1841,138578000,000200D4,000003D4,FFFF0000,FED90001,0024464B,3C004E20,2BFC7988,E007F816,00000021,00000731
1842,133488600,000100D4,000003D4,FFFF0000,FED90001,0024464A,3C004E20,2BFC7988,E007F816,00000021,00000732
1843,115312300,000100D6,000003D4,FFFF0000,FED90001,0025464A,3C004E20,2BFC7988,E007F816,00000021,00000733
1844,111822600,000000D8,000003D4,00000000,FED90001,0025464A,3C004E20,2BFC7988,E007F816,00000021,00000734
1845,104952100,000000DD,000003DB,0000FFF9,FEDA0001,0025464A,3C004E20,28007988,E007F816,00000021,00000735
1846,106881800,000000DE,000003E3,0000FFF4,FEDD0001,0025464A,3C004E20,28007988,E007F816,00000021,00000736
1847,106414400,000000DD,000003E0,0000FFF6,FEE00001,0026464A,DC004E20,23FC7988,E007F816,00000020,00000737
1848,98549300,000000B8,000003ED,0000FFFD,FEE20001,0026464A,DC004E20,23FC7988,E007F816,00000020,00000738
1849,109176000,FFFFFFF3,000003E4,00000001,FEE20001,0026464A,DC004E20,23FC7988,E007F816,00000020,00000739
1850,105599600,0000FEF0,000003DB,00000003,FEE10001,0025464A,DC004E20,20007988,E007F816,00000020,0000073A
1851,103964200,0000FE62,000003D6,00000001,FEE10001,0025464A,DC004E20,20007988,E007F816,00000020,0000073B
1852,102814200,0000FE37,000003ED,0000FFF0,FEE30001,0025464A,DC004E20,20007988,E007F816,00000020,0000073C
1853,99337300,0000FE1A,000003ED,0000FFE9,FEE90001,0024464A,DC004E20,20007988,E007F816,00000020,0000073D
1854,119452300,0000FE01,000003F2,0000FFF4,FEEF0001,0024464A,DC004E20,20007988,E007F816,00000020,0000073E
1855,101685700,0000FDF3,00000400,0000FFFD,FEF00001,0024464A,DC004E20,20007988,E007F816,00000020,0000073F
1856,104662200,0000FDF1,000003E8,00000001,FEF00001,0023464A,DC004E20,20007988,E007F816,00000020,00000740
1857,101997500,0000FDF1,000003DA,00000002,FEF00001,0023464A,DC004E20,20007988,E007F816,00000020,00000741
1858,97067900,0000FE1E,000003D4,0000FFFD,FEF00001,0023464A,DC004E20,20007988,E007F816,00000020,00000742
1859,99251000,0000FE86,000003EA,0000FFEF,FEF30001,0022464A,DC004E20,20007988,E007F816,00000020,00000743
1860,433125700,0000FE8B,000003E7,0000FFE9,FEF90001,0022464A,DC004E20,2000A05B,E007F816,00000020,00000744
1861,72022800,0000FE85,000003EA,0000FFF2,FEFF0001,0022464A,DC004E20,2000A05B,E007F816,00000020,00000745
1862,114954400,0000FE7E,000003FC,0000FFFC,FF010001,0022464A,DC004E20,2000A05B,E007F816,00000020,00000746
1863,100232000,0000FE83,000003E7,00000000,FF020001,0021464A,3C004E20,2800A05B,E007F816,00000021,00000747
1864,108285100,000DFEBE,000003D9,00090001,FF010000,0021464B,3C004E20,2800A05B,E007F816,00000021,00000748
1865,104730700,0016FF7F,000003D2,00100001,FF010000,0021464F,3C004E20,2800A05B,E007F816,00000021,00000749
1866,99838500,0019FFC6,000003E1,0016FFF2,FF030000,0021B9B5,3C004E20,2800A05B,E007F816,00000021,0000074A
1867,96885700,001DFFF8,000003EB,001AFFEA,FF09FFFF,FF21B9BC,3C004E20,2800A05B,E007F816,00000021,0000074B
1868,134522100,0021002D,000003E2,001CFFEB,FF10FFFF,FF21B9C4,3C004E20,2800A05B,E007F816,00000021,0000074C
1869,140207700,001A004B,000003FB,0015FFF8,FF14FFFF,FF21B9CA,3C004E20,2800A05B,E007F816,00000021,0000074D
1870,137785300,0017006E,000003EF,000FFFFE,FF15FFFF,FF21B9CF,3C004E20,2800A05B,E007F816,00000021,0000074E
1871,156602500,00180085,000003DE,000A0000,FF15FFFE,FF22B9D3,3C004E20,2800A05B,E007F816,00000021,0000074F
1872,153065500,00180099,000003D5,00060001,FF15FFFE,FF22B9D5,3C004E20,2800A05B,E007F816,00000021,00000750
1873,141658600,001600AA,000003D7,0004FFF8,FF15FFFE,FF22B9D6,3C004E20,2800A05B,E007F816,00000021,00000751
1874,124353400,001400B8,000003ED,0002FFED,FF19FFFE,FF22B9D7,3C004E20,2800A05B,E007F816,00000021,00000752
1875,122407500,001100BE,000003E5,0001FFE8,FF20FFFE,FF22B9D7,3C004E20,2BFCA05B,E007F816,00000021,00000753
1876,90259800,000E00BB,000003F2,0000FFF5,FF25FFFE,FF22B9D7,3C004E20,2BFCA05B,E007F816,00000021,00000754
1877,130657900,000B00BC,000003F9,FFFFFFFD,FF26FFFF,FF23B9D7,3C004E20,2BFCA05B,E007F816,00000021,00000755
1878,130953100,000900C4,000003E4,FFFF0001,FF27FFFF,FF23B9D7,3C004E20,2800A05B,E007F816,00000021,00000756
1879,138684600,000600CA,000003D8,FFFF0002,FF26FFFF,FF23B9D7,3C004E20,2800A05B,E007F816,00000021,00000757
1880,147346800,000400CC,000003D5,FFFFFFFC,FF26FFFF,FF23B9D6,3C004E20,2800A05B,E007F816,00000021,00000758
1881,137804800,000300D7,000003EC,FFFFFFEE,FF2AFFFF,FF23B9D6,3C004E20,2800A05B,E007F816,00000021,00000759
1882,143086300,000200D9,000003E7,FFFFFFE8,FF30FFFF,0024B9D6,3C004E20,2BFCA05B,E007F816,00000021,0000075A
1883,120842200,000100D0,000003F0,FFFFFFF4,FF36FFFF,0024B9D5,3C004E20,2BFCA05B,E007F816,00000021,0000075B
1884,98662700,000100CB,000003FD,FFFFFFFD,FF37FFFF,0024B9D5,3C004E20,2BFCA05B,E007F816,00000021,0000075C
1885,103197900,000000D3,000003E6,FFFF0000,FF38FFFF,0024B9D5,3C004E20,2BFCA05B,E007F816,00000021,0000075D
1886,113677500,000000D5,000003D9,00000002,FF37FFFF,0024B9D5,3C004E20,2800A05B,E007F816,00000021,0000075E
1887,100005600,000000D9,000003D7,0000FFFA,FF37FFFF,0025B9D5,26004E20,2800A05B,E007F816,00000020,0000075F
1888,96142600,000000DE,000003EF,0000FFED,FF3CFFFF,0025B9D5,52004E20,2800A05B,E007F816,00000020,00000760
1889,101636200,0000008D,000003E8,0000FFE7,FF42FFFF,0025B9D5,22004E20,2BFCA05B,E007F816,00000020,00000761
1890,102250900,0000FFD5,000003F9,0000FFF7,FF47FFFF,0025B9D4,56004E20,2BFCC818,E007F816,00000020,00000762
1891,100389600,0000FF7A,000003FB,0000FFFF,FF48FFFF,0025B9D4,22004E20,2800C818,E007F816,00000020,00000763
1892,108086800,0000FF50,000003E4,00000002,FF47FFFF,0025B9D4,58004E20,2800C818,E007F816,00000020,00000764
1893,110557200,0000FF37,000003D8,00000003,FF46FFFF,0024B9D4,26004E20,2800C818,E007F816,00000020,00000765
1894,102175300,0000FF29,000003DB,0000FFF7,FF47FFFF,0024B9D4,56004E20,2800C818,E007F816,00000020,00000766
1895,105034800,0000FF29,000003F0,0000FFEC,FF4CFFFF,0024B9D4,24004E20,2800C818,E007F816,00000020,00000767
1896,104424200,0000FF1E,000003E6,0000FFEA,FF52FFFF,0024B9D4,56004E20,2800C818,E007F816,00000020,00000768
1897,86537300,0000FF11,000003FE,0000FFF8,FF56FFFF,0024B9D4,20004E20,2800C818,E007F816,00000020,00000769
1898,99904800,0000FF11,000003F4,0000FFFF,FF57FFFF,0024B9D4,56004E20,2800C818,E007F816,00000020,0000076A
1899,95447500,0000FF15,000003E0,00000001,FF57FFFF,0023B9D4,26004E20,2800C818,E007F816,00000020,0000076B
1900,105274800,0000FF13,000003D6,00000002,FF56FFFF,0023B9D4,56004E20,2800C818,E007F816,00000020,0000076C
1901,90875800,0000FF1B,000003DD,0000FFF5,FF57FFFF,0023B9D4,22004E20,2800C818,E007F816,00000020,0000076D
1902,442296400,0000FF1F,000003EF,0000FFEB,FF5CFFFF,0023B9D4,56004E20,2800C818,E007F816,00000020,0000076E
1903,75970800,0000FF1B,000003E5,0000FFEA,FF63FFFF,0023B9D4,22004E20,2800C818,E007F816,00000020,0000076F
1904,118016700,0000FF11,000003FC,0000FFF8,FF66FFFF,0023B9D4,52004E20,2800C818,E007F816,00000020,00000770
1905,119658500,0000FF12,000003F3,0000FFFF,FF67FFFF,0023B9D4,3C004E20,2800C818,E007F816,00000021,00000771
1906,99330700,0000FF41,000003E0,00000001,FF67FFFF,0022B9D4,3C004E20,2800C818,E007F816,00000021,00000772
1907,109878900,0000FF9C,000003D6,00000001,FF67FFFF,0022B9D4,3C004E20,2800C818,E007F816,00000021,00000773
1908,100580600,0000FFC3,000003D9,0000FFF7,FF68FFFF,0022B9D4,3C004E20,2800C818,E007F816,00000021,00000774
1909,97705000,0000FFFE,000003EE,0000FFEB,FF6DFFFF,0022B9D4,3C004E20,2800C818,E007F816,00000021,00000775
1910,114613500,00000030,000003E4,0000FFE7,FF73FFFF,0022B9D4,3C004E20,2800C818,E007F816,00000021,00000776
1911,122098600,00000053,000003F7,0000FFF5,FF78FFFF,0023B9D4,3C004E20,2BFCC818,E007F816,00000021,00000777
1912,138552700,0000006E,000003F7,0000FFFD,FF7AFFFF,0023B9D4,3C004E20,2800C818,E007F816,00000021,00000778
1913,135498500,0000008B,000003E3,00000000,FF7AFFFF,0023B9D4,3C004E20,2800C818,E007F816,00000021,00000779
1914,148672300,000000A2,000003D8,00000001,FF7AFFFF,0023B9D4,3C004E20,2800C818,E007F816,00000021,0000077A
1915,148283700,000000AD,000003D7,0000FFF9,FF7AFFFF,0023B9D4,3C004E20,2800C818,E007F816,00000021,0000077B
1916,122890900,000000C1,000003EE,0000FFED,FF7EFFFF,0023B9D4,3C004E20,2800C818,E007F816,00000021,0000077C
1917,103670400,000000C7,000003E6,0000FFE7,FF85FFFF,0023B9D4,3C004E20,2BFCC818,E007F816,00000021,0000077D
1918,109053700,000000C1,000003F4,0000FFF5,FF8AFFFF,0024B9D4,3C004E20,2BFCC818,E007F816,00000021,0000077E
1919,104288600,000000C1,000003FB,0000FFFD,FF8BFFFF,0024B9D4,3C004E20,2BFCC818,E007F816,00000021,0000077F
1920,113954300,000000CE,000003E5,00000001,FF8CFFFF,0024B9D4,3C004E20,2BFCF358,E007F816,00000021,00000780
1921,112457400,000000D0,000003D9,00000002,FF8BFFFF,0024B9D4,3C004E20,2800F358,E007F816,00000021,00000781
1922,133002600,000000D5,000003D8,0000FFF9,FF8BFFFF,0024B9D4,3C004E20,2800F358,E007F816,00000021,00000782
1923,124913000,000000DF,000003F0,0000FFEC,FF90FFFF,0025B9D4,3C004E20,2800F358,E007F816,00000021,00000783
1924,122872800,000000DD,000003E6,0000FFE6,FF97FFFF,0025B9D4,3C004E20,2BFCF358,E007F816,00000021,00000784
1925,136933000,000000D7,000003FB,0000FFF6,FF9BFFFF,0025B9D4,3C004E20,2BFCF358,E007F816,00000021,00000785
1926,117801300,000000D4,000003F9,0000FFFE,FF9DFFFF,0025B9D4,3C004E20,2BFCF358,E007F816,00000021,00000786
1927,112566800,000000DA,000003E3,00000001,FF9DFFFF,0025B9D4,3C004E20,2BFCF358,E007F816,00000021,00000787
1928,102792700,000000DF,000003D8,00000002,FF9CFFFF,0025B9D4,3C004E20,2800F358,E007F816,00000021,00000788
1929,94038700,000000E2,000003DF,0000FFF4,FF9D0000,0026B9D4,3C004E20,2800F358,E007F816,00000020,00000789
1930,107738000,000000CB,000003F1,0000FFEA,FFA30000,0026B9D4,3C004E20,2800F358,E007F816,00000020,0000078A
1931,110894300,00000041,000003EA,0000FFEE,FFA90000,0026B9D4,3C004E20,2BFCF358,E007F816,00000020,0000078B
1932,96686900,0000FFCC,00000404,0000FFFB,FFAC0000,0026B9D4,3C004E20,2BFCF358,E007F816,00000020,0000078C
1933,99904800,0000FF7D,000003F1,00000001,FFAD0000,0026B9D4,3C004E20,2800F358,E007F816,00000020,0000078D
1934,102456200,0000FF50,000003DF,00000003,FFAC0000,0025B9D4,3C004E20,2800F358,E007F816,00000020,0000078E
1935,92139300,0000FF34,000003D6,00000001,FFAB0000,0025B9D4,3C004E20,2800F358,E007F816,00000020,0000078F
1936,102266000,0000FF2D,000003EC,0000FFF0,FFAE0000,0025B9D4,3C004E20,2800F358,E007F816,00000020,00000790
1937,98828900,0000FF25,000003EB,0000FFE8,FFB40000,0025B9D4,3C004E20,2800F358,E007F816,00000020,00000791
1938,105499800,0000FF16,000003F2,0000FFF4,FFBA0000,0025B9D4,3C004E20,2800F358,E007F816,00000020,00000792
1939,108734000,0000FF0F,00000400,0000FFFD,FFBC0000,0025B9D4,3C004E20,2800F358,E007F816,00000020,00000793
1940,93856900,0000FF0F,000003E8,00000001,FFBC0000,0024B9D4,3C004E20,2800F358,E007F816,00000020,00000794
1941,99237900,0000FF13,000003DA,00000002,FFBB0000,0024B9D4,3C004E20,2800F358,E007F816,00000020,00000795
1942,114767000,0000FF13,000003D8,0000FFFA,FFBB0000,0024B9D4,3C004E20,2800F358,E007F816,00000020,00000796
1943,102209000,0000FF1E,000003EF,0000FFED,FFC00000,0024B9D4,3C004E20,2800F358,E007F816,00000020,00000797
1944,102989400,0000FF1B,000003E7,0000FFE7,FFC60000,0024B9D4,3C004E20,2800F358,E007F816,00000020,00000798
1945,109248900,0000FF11,000003F7,0000FFF6,FFCB0000,0024B9D4,3C004E20,2800F358,E007F816,00000020,00000799
1946,90512200,0000FF0E,000003FA,0000FFFE,FFCC0000,0023B9D4,3C004E20,2800F358,E007F816,00000020,0000079A
1947,101104500,0000FF13,000003E4,00000001,FFCC0000,0023B9D4,3C004E20,2800F358,E007F816,00000020,0000079B
1948,102711800,0000FF18,000003D8,00000002,FFCC0000,0023B9D4,3C004E20,2800F358,E007F816,00000020,0000079C
1949,106156100,0000FF17,000003DB,0000FFF3,FFCD0000,0023B9D4,3C004E20,2800F358,E007F816,00000020,0000079D
1950,105695500,0000FF26,00000403,0000FFDF,FFD40000,0023B9D4,3C004E20,28011A83,E007F816,00000020,0000079E
1951,100915600,0000FF21,000003F5,0000FFD7,FFDF0000,0023B9D4,3C004E20,28011A83,E007F816,00000020,0000079F
1952,100935800,0000FF12,0000040C,0000FFEE,FFE70000,0022B9D4,3C004E20,28011A83,E007F816,00000020,000007A0
1953,107109300,0000FF0E,00000414,0000FFFB,FFEA0000,0022B9D4,3C004E20,28011A83,E007F816,00000020,000007A1
1954,102457000,0000FF16,000003F0,00000001,FFEA0000,0022B9D4,3C004E20,28011A83,E007F816,00000020,000007A2
1955,95179700,0000FF1A,000003DC,00000003,FFE90000,0022B9D4,3C004E20,28011A83,E007F816,00000020,000007A3
1956,443453500,0000FF1C,000003D2,00000003,FFE80000,0022B9D4,3C004E20,28011A83,E007F816,00000020,000007A4
1957,68633900,0000FF1E,000003CE,00000003,FFE80000,0021B9D4,3C004E20,28011A83,E007F816,00000020,000007A5
1958,114900000,0000FF44,000003CD,00000002,FFE70000,0021B9D4,3C004E20,28011A83,E007F816,00000020,000007A6
1959,99630600,0000FF92,000003CE,00000001,FFE70000,0021B9D4,3C004E20,28011A83,E007F816,00000021,000007A7
1960,96904300,0000FF94,000003D0,00000000,FFE70000,0021B9D4,3C004E20,28011A83,E007F816,00000021,000007A8
1961,92904300,0000FFA5,000003D2,00000000,FFE70000,0021B9D4,3C004E20,28011A83,E007F816,00000021,000007A9
1962,99523400,0000FFC6,000003D3,00000000,FFE70000,0021B9D4,3C004E20,28011A83,E007F816,00000021,000007AA
1963,108476200,0000FFF8,000003D4,0000FFFF,FFE70000,0021B9D4,3C004E20,28011A83,E007F816,00000021,000007AB
1964,133707200,0000002D,000003D4,0000FFFF,FFE70000,0021B9D4,3C004E20,28011A83,E007F816,00000021,000007AC
1965,110809900,00000054,000003D5,0000FFFF,FFE70000,0021B9D4,3C004E20,28011A83,E007F816,00000021,000007AD
1966,114801100,00000078,FFFF03D7,0000FFFA,FFE80000,0021B9D4,3C004E20,28011A83,E007F816,00000021,000007AE
1967,122514500,00000094,000003F9,0000FFE6,FFED0000,0022B9D4,3C004E20,28011A83,E007F816,00000021,000007AF
1968,123047600,000000A4,000003F6,0000FFDD,FFF60000,0022B9D4,3C004E20,28011A83,E007F816,00000021,000007B0
1969,145833200,000000AB,000003F8,0000FFE9,FFFF0000,0022B9D4,3C004E20,2BFD1A83,E007F816,00000021,000007B1
1970,137906800,000000A8,00000413,0000FFF7,00030000,0022B9D4,3C004E20,2BFD1A83,E007F816,00000021,000007B2
1971,114961100,FFFE00B3,FFFC03F5,00000001,00040001,0022B9D4,3C004E20,2BFD1A83,E007F816,00000021,000007B3
1972,109192200,000100BE,FFFF03DB,00000007,00030001,0022B9D4,3C004E20,2BFD1A83,E007F816,00000021,000007B4
1973,118490200,000100C1,FFFF03D1,00000009,00000001,0022B9D4,3C004E20,28011A83,E007F816,00000021,000007B5
1974,131687600,FFFF00C9,FFFF03C8,00000005,FFFE0002,0023B9D4,3C004E20,28011A83,E007F816,00000021,000007B6
1975,135253200,000100D1,000003C5,00000003,FFFD0002,0023B9D4,3C004E20,28011A83,E007F816,00000021,000007B7
1976,125256900,000100CD,000303CB,00000000,FFFD0002,0023B9D4,3C004E20,28011A83,E007F816,00000021,000007B8
1977,138606500,000000D2,000103D5,0000FFFC,FFFE0001,0023B9D4,3C004E20,28011A83,E007F816,00000021,000007B9
1978,143763400,FFFF00D4,000003D8,0000FFF9,FFFF0001,0023B9D4,3C004E20,28011A83,E007F816,00000021,000007BA
1979,140289100,000000D2,000103DA,0000FFFC,00010001,0023B9D4,3C004E20,2BFD1A83,E007F816,00000021,000007BB
1980,137316600,FFFF00D2,000003E1,0000FFFF,00020001,0024B9D4,3C004E20,2BFD48AA,E007F816,00000021,000007BC
1981,113712000,FFFD00D4,FFFB03D9,00000002,00020002,0024B9D4,3C004E20,2BFD48AA,E007F816,00000021,000007BD
1982,115216900,000100D2,FFFF03D0,00000006,00000002,0024B9D4,3C004E20,2BFD48AA,E007F816,00000021,000007BE
1983,88345700,000200DA,000403D1,00000004,FFFE0002,0024B9D4,38004E20,280148AA,E007F816,00000020,000007BF
1984,102354600,FFFF00BD,000103D4,0000FFFC,FFFF0002,0024B9D4,40004E20,280148AA,E007F816,00000020,000007C0
1985,93870800,FFFF0039,000003D5,0000FFF8,00010001,0024B9D4,44004E20,280148AA,E006D016,00000020,000007C1
1986,116488900,0002FFB4,000203DF,0000FFFC,00030000,0024B9D4,48004E20,2BFD48AA,E007F816,00000020,000007C2
1987,99501000,FFFEFF28,000003E5,00000000,00030000,0024B9D4,38004E20,280148AA,E007F816,00000020,000007C3
1988,132094300,FFFFFF51,000003DD,00000001,00030000,0024B9D4,38004E20,280148AA,E007F816,00000020,000007C4
1989,114293800,0000FF38,000003D8,00000001,00030000,0024B9D4,3C004E20,280148AA,E007F816,00000020,000007C5
1990,123833500,0000FF2B,000003D5,00000001,00020000,0023B9D4,3E004E20,280148AA,E007C016,00000020,000007C6
1991,127450700,0000FF25,000003D4,00000001,00020000,0023B9D4,30004E20,280148AA,E007C016,00000020,000007C7
1992,149097500,0000FF1A,000003D4,00000001,00020000,0023B9D4,32004E20,280148AA,E0079016,00000020,000007C8
1993,143585600,0000FF20,000003D4,00000001,00010000,0023B9D4,3E004E20,280148AA,E0FF9016,00000020,000007C9
1994,127848100,FF98FF11,FFFC03D4,FFAD0000,00010001,FF23B9C7,3A004E20,280148AA,E0079016,00000020,000007CA
1995,116388000,FFA0FF11,000003D4,FFBB0000,00010001,0022B9B2,3A004E20,280148AA,E0074016,00000020,000007CB
1996,109061400,FFEAFF1E,000103D4,FFCB0001,00010001,00224641,30004E20,280148AA,E0074016,00000020,000007CC
1997,101044300,FFD5FF17,000003D1,FFD90003,00010001,00224634,34004E20,280148AA,E0074016,00000020,000007CD
1998,101732300,FFCCFF1B,000003D1,FFE40003,00000001,0022462B,3C004E20,280148AA,E006F816,00000020,000007CE
1999,97208500,FFCAFEFF,000003D1,FFED0002,FFFF0001,00224625,38004E20,280148AA,E006F816,00000020,000007CF
2000,96319800,FFCCFEC4,000003CF,FFF40001,FFFE0001,00214621,3A004E20,280148AA,E006B816,00000020,000007D0
2001,100954600,FFD0FEFB,000003D2,FFF90000,FFFE0001,0021461E,48004E20,280148AA,E006D016,00000020,000007D1
2002,108976700,FFD7FEC9,000003D4,FFFD0000,FFFE0001,0021461D,30004E20,280148AA,E006D016,00000020,000007D2
2003,99889000,FFDDFF18,000003D5,00000000,FFFE0001,0021461C,46004E20,280148AA,E0069016,00000020,000007D3
2004,454466800,FFE3FF00,000003D5,00010000,FFFE0001,0021461D,44004E20,280148AA,E0069016,00000020,000007D4
2005,64722200,FFEAFE9D,000003D6,00020000,FFFE0001,0020461D,34004E20,280148AA,E0069016,00000020,000007D5
2006,117819000,FFEFFE8F,000003D6,00030000,FFFE0000,0020461E,3C004E20,280148AA,E0065816,00000020,000007D6
2007,108713000,FFF3FE92,000003D5,00030000,FFFE0000,0020461F,3C004E20,280148AA,E0065816,00000021,000007D7
2008,105826900,FFF7FEBC,000003D5,00030000,FFFE0000,0020461F,3C004E20,280148AA,E0066816,00000021,000007D8
2009,100773900,FFFAFF1E,000003D5,00020000,FFFE0000,001F4620,3C004E20,280148AA,E0063016,00000021,000007D9
2010,92445200,FFFCFF23,000003D5,00020000,FFFE0000,001F4621,3C004E20,2801727C,E0063016,00000021,000007DA
2011,83330100,FFFEFF27,000003D5,00020000,FFFF0000,001F4621,3C004E20,2801727C,E0FE3016,00000021,000007DB
2012,125094900,FFF3FF25,000003D5,FFF90000,FFFF0000,FF1F4620,3C004E20,2801727C,E0FE0016,00000021,000007DC
2013,127506100,FFEBFF25,000003D5,FFF10000,FFFF0000,FF1F461D,3C004E20,2801727C,E0FE0016,00000021,000007DD
2014,143295300,FFE7FF27,000003D5,FFEA0000,FFFF0000,FF1F4617,3C004E20,2801727C,E0FE0816,00000021,000007DE
2015,135593100,FFE1FF27,000003D5,FFE50000,FFFF0000,001E4610,3C004E20,2801727C,E0FDD816,00000021,000007DF
2016,143483300,FFDAFF2A,000003D5,FFE00000,FFFF0001,001E4607,3C004E20,2801727C,E0FDD816,00000021,000007E0
2017,150078800,FFD2FF25,000003D5,FFDB0000,FFFF0001,001E45FD,3C004E20,2801727C,E0FDD816,00000021,000007E1
2018,129050000,FFCAFF29,000003D5,FFD70000,FFFF0001,001E45F2,3C004E20,2801727C,D0FDB016,00000021,000007E2
2019,107464800,FFC1FF2D,000003D5,FFD30000,FFFF0001,001E45E5,3C004E20,2801727C,D0FDB016,00000021,000007E3
2020,97093400,FFB8FF28,000003D5,FFCE0000,FFFF0001,001E45D7,3C004E20,2801727C,D0FDB016,00000021,000007E4
2021,118296600,FFB0FF2D,000003D5,FFCA0000,FFFF0001,001D45C8,3C004E20,2801727C,D0FD8816,00000021,000007E5
2022,122282000,FFA6FF2B,FFFF03D5,FFC50000,FFFF0001,001D45B8,3C004E20,2801727C,D0FD8816,00000021,000007E6
2023,124922200,FF9DFF2D,FFFF03D5,FFC00000,FFFF0001,001D45A6,3C004E20,2801727C,D0FD8816,00000021,000007E7
2024,133465900,FF95FF2B,FFFF03D5,FFBC0000,FFFF0002,001D4593,3C004E20,2801727C,D0FD6016,00000021,000007E8
2025,130322700,FF8BFF2E,FFFF03D5,FFB60000,FFFF0002,001D457F,3C004E20,2801727C,D0FD6016,00000021,000007E9
2026,144752000,FF81FF29,FFFF03D5,FFB00000,FFFF0002,001D4568,3C004E20,2801727C,D0FD6016,00000021,000007EA
2027,121234200,FF77FF34,FFFF03D5,FFAA0000,FFFF0002,001C4550,3C004E20,2801727C,D0FD3816,00000021,000007EB
2028,127886200,FF6DFF29,FFFF03D5,FFA40000,FFFF0002,001C4537,3C004E20,2801727C,D0FD3816,00000021,000007EC
2029,114945600,FF62FF30,FFFF03D5,FF9D0000,FFFF0003,001C451B,3C004E20,2801727C,D0FD3816,00000021,000007ED
2030,103695500,FF57FF31,FFFF03D5,FF960000,FFFF0003,001C44FD,3C004E20,2801727C,D0FD3816,00000021,000007EE
2031,100801200,FF4BFF2D,FFFF03D5,FF8F0000,FFFF0003,001C44DE,3C004E20,28010376,D0FD3816,00000020,000007EF
2032,104882500,FEFCFF08,FFFD03D5,FF550000,FFFF0004,001B44B4,3C004E20,2801F2AD,D0FD3816,00000020,000007F0
2033,108959700,FEBCFE9B,FFFD03D5,FF260001,FFFF0004,001B447A,3C004E20,2800EE38,D0FD3816,00000020,000007F1
2034,101125700,FEACFE92,FFFE03D5,FF040001,FFFE0005,001B4435,3C004E20,2801E27F,D0FD3816,00000020,000007F2
2035,102196600,FE8FFEC7,FFFE03D4,FEEB0000,FFFE0006,001B43E9,3C004E20,2800F689,D0FD3816,00000020,000007F3
2036,105711300,FE6FFF21,FFFE03D4,FEDA0000,FFFE0006,001A4396,3C004E20,2801E6A0,D0FD3816,00000020,000007F4
2037,114017100,FE55FF2E,FFFE03D4,FED00000,FFFE0007,001A4340,3C004E20,28010D30,D0FD3816,00000020,000007F5
2038,115438600,FE3DFF2C,FFFF03D4,FEC90000,FFFF0007,001A42E8,3C004E20,2801F657,D0FD3816,00000020,000007F6
2039,107007300,FE28FF2B,FFFF03D4,FEC60000,FFFF0008,001A428E,3C004E20,2800EBEC,D0FD3816,00000020,000007F7
2040,103574400,FE18FF2D,FFFF03D4,FEC50000,FFFF0008,001A4234,3C004E20,280208AE,D0FD3816,00000020,000007F8
2041,108348000,FE0CFF2E,FFFF03D4,FEC50000,FFFF0008,001A41DA,3C004E20,1C0111CD,D0FD3816,00000020,000007F9
2042,108195700,FE03FF2D,FFFF03D4,FEC60000,FFFF0009,00194180,3C004E20,1C0215F1,D0FD3816,00000020,000007FA
2043,97054200,FDFEFF32,FFFF03D4,FEC80000,FFFF0009,00194126,3C004E20,1C011933,D0FD3816,00000020,000007FB
2044,97866200,FDFAFF2D,000003D4,FEC90000,FFFF0009,001940CD,3C004E20,1C02089A,D0FD3816,00000020,000007FC
2045,92454200,FDFAFF33,000003D4,FECB0000,FFFF0009,00194074,3C004E20,1C0124B1,D0FD3816,00000020,000007FD
2046,471049900,FDFAFF2F,000003D4,FECD0000,FFFF0009,0019401C,3C004E20,1C020191,D0FD3816,00000020,000007FE
2047,72046800,FDFBFF2D,000003D4,FECE0000,FFFF0009,00193FC4,3C004E20,1C0127FE,D0053816,00000020,000007FF
2048,126097200,FE7FFF3C,000403D4,FF2C0000,FFFF0008,00183F7D,3C004E20,28020B08,D0053816,00000020,00000800
2049,132538800,FEDEFF44,000403D5,FF750000,FFFF0007,00183F4D,3C004E20,2801982C,D0053816,00000021,00000801
2050,121635100,FEEBFF6F,000303D4,FFAA0000,FFFF0006,00183F2F,3C004E20,2801982C,D0053816,00000021,00000802
2051,138303700,FF0BFFB1,000203D5,FFCFFFFF,FFFF0006,00183F1D,3C004E20,2801982C,D0053816,00000021,00000803
2052,146416800,FF37FFB6,000203D5,FFE70000,FFFF0005,00183F13,3C004E20,2801982C,D0053816,00000021,00000804
2053,161322200,FF60FFB5,000203D5,FFF70000,FFFF0004,00183F0F,3C004E20,2801982C,D0FD3816,00000021,00000805
2054,144135900,FF74FFB2,000203D5,FFF30000,FFFF0004,00183F0C,3C004E20,2801982C,D0FD3816,00000021,00000806
2055,133293300,FF83FFB2,000103D5,FFEB0000,FFFF0003,00183F07,3C004E20,2801982C,D0FD3816,00000021,00000807
2056,121658300,FF93FFB7,000103D5,FFDF0000,00000003,00183EFF,3C004E20,2801982C,D0FD3816,00000021,00000808
2057,140862700,FF98FFB3,000103D5,FFD20000,00000003,00183EF3,3C004E20,2801982C,D0FD3816,00000021,00000809
2058,127159000,FF98FFB3,000103D5,FFC50000,00000003,00183EE3,3C004E20,2801982C,D0FD3816,00000021,0000080A
2059,125950900,FF93FFB4,000003D5,FFB80000,00000002,00183ED0,3C004E20,2801982C,D0FD3816,00000021,0000080B
2060,115296300,FF8AFFB5,000003D5,FFAA0000,00000002,FF183EB9,3C004E20,2801982C,D0FD3816,00000021,0000080C
2061,101766900,FF7EFFB3,000003D5,FF9E0000,00000002,FF173E9E,3C004E20,2801982C,D0FD3816,00000021,0000080D
2062,129119400,FF70FFB2,000003D5,FF930000,00000003,FF173E80,3C004E20,2801982C,D0FD3816,00000021,0000080E
2063,122510700,FF64FFB5,000003D5,FF880000,00000003,FF173E5F,3C004E20,2801982C,D0FD3816,00000021,0000080F
2064,99479300,FF55FFB3,FFFF03D5,FF7E0000,00000003,00173E3B,3C004E20,2801982C,D0FD3816,00000021,00000810
2065,137876600,FF47FFB3,FFFF03D5,FF750000,00000003,00173E14,3C004E20,2801982C,D0FD3816,00000021,00000811
2066,123987300,FF3BFFB7,FFFF03D5,FF6C0000,00000003,00173DEA,3C004E20,2801982C,D0FD2016,00000021,00000812
2067,127762900,FF2DFFB1,FFFF03D5,FF650000,00000003,00173DBF,3C004E20,2801982C,D0FD0816,00000021,00000813
2068,120605800,FF22FFB5,FFFF03D5,FF5D0000,00000004,00173D91,3C004E20,2801982C,D0FCE816,00000021,00000814
2069,118636000,FF15FFB3,FFFF03D5,FF560000,00000004,00173D61,3C004E20,2801982C,D0FCD816,00000021,00000815
2070,99262800,FF0BFFB5,FFFF03D5,FF500000,00000004,00173D2F,3C004E20,2801BCB1,D0FCC016,00000021,00000816
2071,101046600,FF04FF95,FFFF03D5,FF4B0000,00000004,00173CFC,3C004E20,2801BCB1,D0FCB816,00000021,00000817
2072,96723200,FEFAFF41,FFFF03D5,FF460001,FFFF0004,00173CC7,3C004E20,2801BCB1,D0FCA816,00000021,00000818
2073,98942000,FEF1FF3E,FFFF03D5,FF410001,FFFF0005,00163C91,3C004E20,2801BCB1,D0FC9816,00000020,00000819
2074,90184300,FEC3FEDA,FFFE03D5,FF1F0001,FFFF0005,00163C54,3C004E20,2801BCB1,D0FC8816,00000020,0000081A
2075,102517100,FEA5FE93,FFFF03D5,FF080001,FFFF0005,FF163C0F,3C004E20,2801BCB1,E0FC8816,00000020,0000081B
2076,93457000,FE9CFEC5,FFFF03D4,FEF70001,FFFF0006,FF163BC5,3C004E20,2801BCB1,E0FC8816,00000020,0000081C
2077,97855400,FE93FEE0,FFFF03D4,FEED0001,FFFE0006,FF153B77,3C004E20,2801BCB1,E0FC9016,00000020,0000081D
2078,93634900,FE87FEEE,FFFF03D4,FEE60000,FFFE0006,00153B27,3C004E20,2801BCB1,E0FC9816,00000020,0000081E
2079,102138900,FE81FEFB,FFFF03D4,FEE30000,FFFE0007,00153AD6,3C004E20,2801BCB1,E0FCB016,00000020,0000081F
2080,86150200,FE7AFF00,000003D4,FEE10000,FFFE0007,00153A84,3C004E20,2801BCB1,E0FCC816,00000020,00000820
2081,98131700,FE77FF04,000003D4,FEE10000,FFFE0007,00153A32,3C004E20,2801BCB1,D0FCE816,00000020,00000821
2082,94973400,FE73FF34,000003D4,FEE10000,FFFF0007,001439E0,3C004E20,2801BCB1,D0FD0816,00000020,00000822
2083,109149000,FE72FF79,000003D4,FEE10000,FFFF0007,FF14398D,3C004E20,2801BCB1,D0FD3016,00000020,00000823
2084,111407500,FE76FF7F,000003D4,FEE10000,FFFF0007,FF14393B,3C004E20,2801BCB1,D0FD3816,00000020,00000824
2085,115255100,FE75FF7D,000003D5,FEE10000,FFFF0007,FF1438E9,3C004E20,2801BCB1,D0FD3816,00000020,00000825
2086,87462700,FE7BFF9D,000003D5,FEE30000,FFFF0007,FF143897,3C004E20,2801BCB1,D0FD3816,00000020,00000826
2087,97247800,FE7AFFC5,000003D4,FEDF0000,FFFF0007,FF143845,3C004E20,2801BCB1,D0FD3816,00000020,00000827
2088,113464700,FE79FFF5,000003D4,FEE40000,FFFF0007,FF1437F3,3C004E20,2801BCB1,D0FD3816,00000020,00000828
2089,105736000,FE85001F,000003D4,FEDD0000,00000007,FF1437A1,3C004E20,2801BCB1,D0FD3816,00000020,00000829
2090,106304900,FE7E0031,000003D5,FEE40000,00000007,FF14374E,3C004E20,2801BCB1,D0FD3816,00000020,0000082A
2091,92800800,FE870048,000003D5,FEDB0000,00000007,FF1436FB,3C004E20,2801BCB1,D0053816,00000020,0000082B
2092,88169900,FF060058,000403D5,FF420000,00000006,001436B9,3C004E20,2801BCB1,D0053816,00000020,0000082C
2093,96664200,FF610064,000403D5,FF7F0000,00000005,0014368E,3C004E20,2801BCB1,D0053816,00000020,0000082D
2094,91304900,FF5F006A,000303D5,FFB90000,00000004,00143673,3C004E20,2801BCB1,D0053816,00000020,0000082E
2095,90572200,FF740066,000203D5,FFCE0000,00000003,00143663,3C004E20,2801BCB1,D0053816,00000020,0000082F
2096,90982600,FF8B0035,000203D5,FFEF0000,00000003,0014365A,3C004E20,2801BCB1,D0FD3816,00000020,00000830
2097,99156800,FF40FFE8,FFFD03D5,FF9D0001,00000003,FF143649,3C004E20,2801BCB1,D0FD3816,00000020,00000831
2098,109557900,FEE3FFAE,FFFE03D5,FF690001,00000004,FF143623,3C004E20,2801BCB1,D0FD3816,00000020,00000832
2099,98886100,FEF7FFA0,FFFE03D5,FF2D0001,00000004,FF1435ED,3C004E20,2801BCB1,D0FD3816,00000020,00000833
2100,433940900,FEEBFFA5,FFFF03D5,FF1D0001,00000005,FF1435AD,3C004E20,2801BCB1,D0053816,00000020,00000834
2101,52407100,FF68FFDB,000303D5,FF540000,00000004,00143576,3C004E20,2801BCB1,D0053816,00000020,00000835
2102,100521700,FFAA000C,000303D5,FFA00000,00000003,00143552,3C004E20,2801BCB1,D0053816,00000020,00000836
2103,90486200,FF9F0028,000203D5,FFB10000,00000003,0014353A,3C004E20,2801D59A,D0053816,00000021,00000837
2104,90029800,FF9E0045,000103D5,FFE10000,00000002,0014352C,3C004E20,2801D59A,D0053816,00000021,00000838
2105,90424300,FFB30071,000103D5,FFDFFFFF,00000002,00143522,3C004E20,2801D59A,D0FD3816,00000021,00000839
2106,90644400,FFA800A3,000003D5,FFEEFFFF,00000002,0015351B,3C004E20,2801D59A,D0FD3816,00000021,0000083A
2107,91189800,FFAA00C5,000003D5,FFDAFFFF,00010002,00153513,3C004E20,2801D59A,D0FD3816,00000021,0000083B
2108,106799400,FFAA00E4,000003D5,FFD8FFFF,00010002,00153507,3C004E20,2801D59A,D0FD3816,00000021,0000083C
2109,114138700,FFA800F5,000003D5,FFC6FFFF,00010002,FF1534F9,3C004E20,2801D59A,E0FD3816,00000021,0000083D
2110,111313400,FFA20107,000003D5,FFBCFFFF,00010002,FF1534E6,3C004E20,2801D59A,E0FD3816,00000021,0000083E
2111,98316700,FF990112,000003D5,FFAE0000,00010002,FF1634D0,3C004E20,2801D59A,E0FD3816,00000021,0000083F
2112,128469400,FF8C011B,000003D5,FFA10000,00010002,FF1634B6,3C004E20,2801D59A,E0FD3816,00000021,00000840
2113,117445900,FF7E0123,FFFF03D5,FF940000,00020002,FF163499,3C004E20,2801D59A,E0FD3816,00000021,00000841
2114,115759600,FF74012D,FFFF03D5,FF890000,00020002,FF163478,3C004E20,2801D59A,E0FD3816,00000021,00000842
2115,114203000,FF640131,FFFF03D5,FF7D0000,00020003,FF163454,3C004E20,2801D59A,E0FD3816,00000021,00000843
2116,111434000,FF550136,FFFF03D5,FF730000,00020003,FF17342C,3C004E20,2801D59A,E0FD3816,00000021,00000844
2117,88492800,FF46013B,FFFF03D5,FF690000,00020003,FF173402,3C004E20,2801D59A,E0FD3016,00000021,00000845
2118,124089900,FF370135,FFFF03D5,FF610000,00020003,001733D5,3C004E20,2801D59A,E0FD1816,00000021,00000846
2119,94279700,FF2A00F4,FFFF03D5,FF5A0001,00020003,001733A6,3C004E20,2801D59A,E0FCF816,00000021,00000847
2120,120886600,FF180070,FFFF03D5,FF540001,00020004,00173376,3C004E20,2801D59A,E0FCE016,00000021,00000848
2121,113340200,FF0D0007,FFFF03D5,FF4F0001,00010004,00173343,3C004E20,2801D59A,E0FCD016,00000021,00000849
2122,124323000,FF02FFA7,FFFF03D5,FF4C0002,00010004,00173310,3C004E20,2801D59A,E0FCC016,00000021,0000084A
2123,128369900,FEFCFF3A,FFFF03D5,FF470002,00000004,001732DC,3C004E20,2801D59A,E0FCB016,00000021,0000084B
2124,146680000,FEF1FF1F,FFFF03D5,FF430002,00000005,001732A6,3C004E20,2801D59A,E0FCA016,00000021,0000084C
2125,115771600,FEE5FF10,FFFF03D4,FF3F0001,FFFF0005,0017326F,3C004E20,2801D59A,E0FC9016,00000021,0000084D
2126,130664300,FEE2FF0D,000003D4,FF3B0001,FFFF0005,00173237,3C004E20,2801D59A,E0FC8816,00000021,0000084E
2127,104560700,FEDDFF0A,000003D4,FF380001,FFFF0005,001631FE,3C004E20,2801D2CA,E0FC7816,00000020,0000084F
2128,100802400,FEAEFF02,FFFE03D4,FF190001,FFFF0005,001631BF,3C004E20,2801F8BC,E0FC7016,00000020,00000850
2129,96721900,FE92FEFC,FFFF03D4,FF030001,FFFF0006,00163179,3C004E20,2801E393,E0FC6816,00000020,00000851
2130,90654400,FE96FF04,FFFF03D4,FEF40000,FFFF0006,FF16312E,3C004E20,2801F965,E0FC7016,00000020,00000852
2131,98455300,FE86FEFE,FFFF03D4,FEEB0000,FFFF0006,001630E0,3C004E20,2801E1AC,E0FC7816,00000020,00000853
2132,98033100,FE88FF07,FFFF03D4,FEE50000,FFFF0007,0015308F,3C004E20,2801EB52,E0FC8816,00000020,00000854
2133,88395500,FE78FF02,000003D4,FEE20000,FFFF0007,0015303E,3C004E20,2801FDE7,E0FC9016,00000020,00000855
2134,97664800,FE75FF06,000003D4,FEE10000,FFFF0007,00152FEB,3C004E20,28020810,E0FCA816,00000020,00000856
2135,88204600,FE76FF09,000003D4,FEE00000,FFFF0007,00152F99,3C004E20,2801F048,E0FCC016,00000020,00000857
2136,84761900,FE71FF09,000003D4,FEE10000,FFFF0007,00152F47,3C004E20,2801C0F7,D0FCE016,00000020,00000858
2137,87085500,FE77FF3A,000003D4,FEE10000,FFFF0007,00142EF5,3C004E20,2801F4BC,D0FD1016,00000020,00000859
2138,95627200,FE6BFF79,000003D4,FEE20000,FFFF0007,FF142EA3,3C004E20,2801CBE1,D0FD3816,00000020,0000085A
2139,108529300,FE79FF83,000003D4,FEE20000,FFFF0007,FF142E51,3C004E20,2801CFCB,D0FD6816,00000020,0000085B
2140,91634800,FE74FF97,000003D4,FEE20000,FFFF0007,FF142DFF,3C004E20,2801CCA6,D0FD8816,00000020,0000085C
2141,85090800,FE7CFFC8,000003D4,FEE10000,FFFF0007,FF142DAD,3C004E20,28020CE0,D0FD8816,00000020,0000085D
2142,107008200,FE7AFFF9,000003D4,FEE20000,FFFF0007,FF142D5B,3C004E20,28020BDF,D0FD8816,00000020,0000085E
2143,100944000,FE82001D,000003D4,FEDE0000,00000007,FF142D08,3C004E20,2801CD46,D0FD8816,00000020,0000085F
2144,105416900,FE7F0034,000003D5,FEE10000,00000007,FF142CB6,3C004E20,2801E9F4,D0FDC016,00000020,00000860
2145,90323300,FE820044,000003D5,FEDB0000,00000007,FF142C62,3C004E20,2801FE54,D0FDC016,00000020,00000861
2146,92275300,FE810052,000003D5,FEE10000,00000007,FF142C0F,3C004E20,2801C1DB,D005C016,00000020,00000862
2147,100129200,FF0B0060,000403D5,FF390000,00000006,00142BCC,3C004E20,2801D74C,D005C016,00000020,00000863
2148,449375400,FF5E006B,000403D5,FF880000,00000005,00142BA2,3C004E20,2801D2F8,D005C016,00000020,00000864
2149,51388700,FF61006C,000303D5,FFAF0000,00000004,00142B86,3C004E20,2801BAC2,D0060816,00000020,00000865
2150,106364900,FF6E006E,000203D5,FFD80000,00010003,00152B76,3C004E20,2801DC05,D0060816,00000020,00000866
2151,105994900,FF8F0071,000203D5,FFE30000,00010003,00152B6D,3C004E20,2801E838,D0060816,00000021,00000867
2152,82442600,FFA50076,000103D5,FFF90000,00010002,00152B69,3C004E20,2801E838,D0FE0816,00000021,00000868
2153,88368100,FFAD0094,000103D5,FFEC0000,00010002,00152B64,3C004E20,2801E838,D0FE0816,00000021,00000869
2154,89579700,FFAE00BE,000103D5,FFEB0000,00010002,00152B5F,3C004E20,2801E838,E0FE5816,00000021,0000086A
2155,89484900,FFB700DB,000003D5,FFDB0000,00010002,00152B56,3C004E20,2801E838,E0FE5816,00000021,0000086B
2156,97302100,FFB400F4,000003D5,FFD30000,00010002,FF152B4A,3C004E20,2801E838,E0FE5816,00000021,0000086C
2157,114005900,FFAF0104,000003D5,FFC50000,00010002,FF162B3A,3C004E20,2801E838,E0FE9016,00000021,0000086D
2158,101205700,FFA80113,000003D5,FFB90000,00010002,FF162B27,3C004E20,2801E838,E0FEE016,00000021,0000086E
2159,133373500,FF99011C,000003D5,FFAC0000,00010002,FF162B11,3C004E20,2801E838,E0FE8816,00000021,0000086F
2160,105610500,FF8D0125,000003D5,FFA10000,00020002,FF162AF6,3C004E20,2801F4EF,E0FE4016,00000021,00000870
2161,127748900,FF85012E,FFFF03D5,FF950000,00020002,FF172AD9,3C004E20,2801F4EF,E0FDF816,00000021,00000871
2162,130194200,FF700132,FFFF03D5,FF8A0000,00020002,FF172AB9,3C004E20,2801F4EF,E0FDC016,00000021,00000872
2163,127509600,FF67013A,FFFF03D5,FF800000,00020003,FF172A95,3C004E20,2801F4EF,E0FD9816,00000021,00000873
2164,110978300,FF57013E,FFFF03D5,FF770000,00020003,00172A6F,3C004E20,2801F4EF,E0FD7016,00000021,00000874
2165,106161100,FF4A0143,FFFF03D5,FF6E0000,00020003,00182A46,3C004E20,2801F4EF,E0FD4816,00000021,00000875
2166,109718500,FF3B013F,FFFF03D5,FF660000,00020003,00182A1B,3C004E20,2BFDF4EF,E0FD3016,00000021,00000876
2167,120915600,FF2E00FA,FFFF03D5,FF600001,00020003,001829EE,3C004E20,2801F4EF,E0FD1816,00000021,00000877
2168,113858700,FF1E0075,FFFF03D5,FF5B0001,00020004,001829BF,3C004E20,2801F4EF,E0FD0016,00000021,00000878
2169,125875600,FF120007,FFFF03D5,FF560001,00010004,0018298F,3C004E20,2801F4EF,E0FCE816,00000021,00000879
2170,135941600,FF06FFA7,FFFF03D5,FF520002,00010004,0018295D,3C004E20,2801F4EF,E0FCD016,00000021,0000087A
2171,133342000,FEFDFF37,FFFF03D5,FF4E0002,00000004,0018292B,3C004E20,2801F4EF,E0FCC816,00000021,0000087B
2172,145175000,FEF7FF1D,FFFF03D5,FF4A0002,00000004,001728F7,3C004E20,2801F4EF,E0FCB016,00000021,0000087C
2173,119385000,FEECFF11,FFFF03D4,FF460001,FFFF0005,001728C2,3C004E20,2801F4EF,E0FCA016,00000021,0000087D
2174,118693800,FEE4FF09,FFFF03D4,FF420001,FFFF0005,0017288C,3C004E20,2801F4EF,E0FC9016,00000021,0000087E
2198,2281833400,FF5900EE,000103D5,FF8EFFFF,00010003,0015239D,3C004E20,2801FB32,E0FED016,00000020,00000896
2199,93565100,FF6A0103,000103D5,FF99FFFF,00010003,0015237E,3C004E20,2801FB32,E0FF2816,00000020,00000897
2200,432520100,FF6F010F,000103D5,FFA2FFFF,00010003,00162362,3C004E20,2801FB32,E0FF9016,00000020,00000898
2201,60073600,FF7E011A,000103D5,FFAB0000,00010003,00162349,3C004E20,2801FB32,E0FFF816,00000020,00000899
