sample_seq,host_gap_ns,reg0,reg1,reg2,reg3,reg4,reg5,reg6,reg7,reg8,reg9
1,0,00000000,000003D5,00000000,00000000,0000DD0B,3C004E20,2BFCE494,4004E016,00000001,00000001
2,136657600,F800F800,0000F800,00000000,00000000,0000DD0B,3C004E20,2BF8E494,4004E016,00000001,00000002
3,147667800,00000000,00000001,00000000,00000000,0000DD0B,3C004E20,2BF4E494,4004E016,00000001,00000003
4,69235200,00000000,00000001,00000000,00000000,0000DD0B,3C004E20,2BF0E494,4004E016,00000001,00000004
5,116273200,00000000,00000001,00000000,00000000,0000DD0B,3C004E20,2BF0E494,5004E016,00000001,00000005
6,119022100,00010028,0000014F,0000FFFE,00000000,0000DD0B,3C004E20,2BF0E494,5004E016,00000001,00000006
7,82982700,000000F8,000007FF,0000FFFE,00000000,0000DD0B,3C004E20,2BF8E494,5004E016,00000021,00000007
8,95825000,FFFE012B,000007FF,000AFFFF,00010000,0000DD0B,3C004E20,2BFCE494,4004E016,00000021,00000008
9,92437200,000601AE,000407FF,00150005,FFFF0000,0000DD09,3C004E20,2800E494,4004E016,00000021,00000009
10,92484100,000A01F5,000105F7,FFFAFFFF,FFFFFFFF,0001DD05,3C004E20,2800E494,4004E016,00000021,0000000A
11,98226000,FFF401CF,000004AD,FFFFFFFE,FFFFFFFF,0001DD03,3C004E20,2800E494,4004E016,00000021,0000000B
12,111366300,00030190,FFFF03F2,FFF7FFFE,0000FFFF,0001DD01,3C004E20,2800E494,4004E016,00000021,0000000C
13,126677900,FFFC01CB,FFFF0392,0001FFFD,00010000,0002DCFF,3C004E20,2800E494,4004E016,00000021,0000000D
14,139857900,FFFC0186,0000036C,0001FFFF,00010000,0002DCFE,3C004E20,2800E494,4004E016,00000021,0000000E
15,131414100,FFFD01A1,00000368,0006FFFE,00020000,0003DCFF,3C004E20,2800E494,4004E016,00000021,0000000F
16,121337400,00010184,00000375,0009FFFF,00020000,0003DCFF,3C004E20,2800E494,5004E016,00000021,00000010
17,186320600,FFFF0193,00000389,FFFEFFFF,00020000,0003DD00,3C004E20,2800E494,5004E016,00000021,00000011
18,145577000,0001017E,0000039D,00080000,00020000,0003DD01,3C004E20,2800E494,5004E016,00000021,00000012
19,115493400,00010195,000003AE,FFFE0000,00020000,0004DD02,3C004E20,2800E494,5004E016,00000021,00000013
20,145555500,00010182,000003BC,00060000,00020000,0004DD03,3C004E20,2800E494,5004E016,00000021,00000014
21,169136200,00020197,000003C7,FFFD0000,00020000,0004DD03,3C004E20,2800E494,5004E016,00000021,00000015
22,139016900,FFFF0188,000003CE,00020000,00020000,0005DD03,3C004E20,2800E494,5004E016,00000021,00000016
23,146583700,00000191,000003D2,00000000,00020000,0005DD03,3C004E20,2BFCE494,5004E016,00000021,00000017
24,150781000,0000017D,000003D5,00000000,00020000,0005DD03,3C004E20,2BFCE494,6004E016,00000021,00000018
25,133326300,00000189,000003D6,00000000,00020000,0006DD03,A8004E20,2000E494,6004600B,00000018,00000019
26,145097400,0000017D,000003D6,00000000,00020000,0006DD03,AA004E20,2000E494,6004600C,00000018,0000001A
27,145548900,00000137,000003D7,00000000,00020000,0006DD03,AC004E20,2000E494,6004600D,00000018,0000001B
28,135034200,FFFF00EB,000003D7,00000001,00020000,0006DD03,AE004E20,2000E494,6004600E,00000018,0000001C
29,140398700,000200C1,000003D6,00000001,00020000,0006DD03,AC004E20,2000E494,6004600D,00000018,0000001D
30,134284100,FFFF00A6,000003D6,00000001,00020000,0006DD03,AA004E20,20013FDE,6004600C,00000018,0000001E
31,106442400,00000099,000003D5,00000001,00010000,0007DD03,A8004E20,20013FDE,6004600B,00000018,0000001F
32,99456600,0001008E,000003D5,00000001,00010000,0007DD03,A6004E20,20013FDE,6004600A,00000018,00000020
33,88049800,00000092,000003D5,00000000,00010000,0007DD03,A8004E20,20013FDE,6004600B,00000018,00000021
34,106632400,FFFF00B4,000003D5,00000000,00010000,0007DD03,AA004E20,20013FDE,6004600C,00000018,00000022
35,89954700,000100DC,000003D5,00000000,00010000,0007DD03,AC004E20,20013FDE,6004600D,00000020,00000023
36,89287300,FFFF00F5,000003D7,00000000,00010000,0007DD03,AE004E20,20013FDE,6004600E,00000020,00000024
37,97030900,0001010B,000003DA,00000000,00010000,0008DD03,AC004E20,20013FDE,6004600D,00000020,00000025
38,91987200,0000005B,000003D2,00000001,00010000,0008DD03,AA004E20,20013FDE,7004600C,00000020,00000026
39,116794300,00000016,000003D3,00000000,00010000,0008DD03,A8004E20,20013FDE,6004600B,00000020,00000027
40,96881200,FFFF0056,000003D4,00000001,00010000,0008DD03,A6004E20,20013FDE,7004600A,00000020,00000028
41,102422200,FFFF00D3,000003D4,0000FFFF,00010000,0008DD03,A8004E20,20013FDE,7004600B,00000020,00000029
42,184838000,000000DA,000003D5,00000000,00010000,0008DD03,AA004E20,20013FDE,7004600C,00000020,0000002A
43,68852300,00000126,000003D5,0000FFFF,00010000,0008DD03,AC004E20,20013FDE,7004600D,00000020,0000002B
44,103086800,000101C7,000003D4,0000FFFF,00010000,0009DD03,AE004E20,20013FDE,B004600E,00000020,0000002C
45,103946700,00010239,000003D5,0000FFFF,00020000,0009DD03,AC004E20,20013FDE,9004600D,00000020,0000002D
46,315891400,FFFF01AE,000003D6,00000000,00020000,0009DD03,AA004E20,20013FDE,9004600C,00000020,0000002E
47,50758500,00000194,000003D5,00000000,00020000,000ADD03,A8004E20,20013FDE,9004600B,00000020,0000002F
48,111029000,00000135,000003D6,00000000,00020000,000ADD03,A6004E20,20013FDE,9004600A,00000020,00000030
49,96578700,0001012A,000003D5,00000000,00020000,000ADD03,3C004E20,28013FDE,9004E016,00000019,00000031
50,91256500,FFFF00ED,000003D5,00000001,00020000,000ADD03,3C004E20,28013FDE,9004E016,00000019,00000032
51,85235800,0001011D,000003D5,00000000,00020000,000BDD03,3C004E20,28013FDE,9004E016,00000019,00000033
52,96502200,00000120,000003D5,00000000,00020000,000BDD03,3C004E20,28013FDE,9004E016,00000019,00000034
53,105494000,FFFF015E,000003D5,00000000,00020000,000BDD03,3C004E20,28013FDE,9004E016,00000019,00000035
54,109632300,00010158,000003D5,00000000,00020000,000BDD03,3C004E20,28013FDE,9004E016,00000019,00000036
55,114063100,FFFE018A,000003D5,0000FFFF,00020000,000CDD03,3C004E20,28013FDE,9004E016,00000019,00000037
56,132901200,0001017D,000003D5,00000000,00020000,000CDD03,3C004E20,28013FDE,9004E016,00000019,00000038
57,125738100,000001A9,000003D5,0000FFFF,00020000,000CDD03,3C004E20,28013FDE,90038816,00000019,00000039
58,111125200,00000199,000003D5,00000000,00020000,000DDD03,3C004E20,28013FDE,90038816,00000019,0000003A
59,143904700,000101C0,000003D5,00000000,00020000,000DDD03,3C004E20,28013FDE,90038816,00000021,0000003B
60,127385700,000001AF,000003D5,00000000,00020000,000DDD03,3C004E20,28016749,90038816,00000021,0000003C
61,115106700,000001D3,000003D5,00000000,00030000,000EDD03,3C004E20,28016749,90038816,00000021,0000003D
62,119867300,000001C4,000003D5,00000000,00030000,000EDD03,3C004E20,28016749,90038816,00000021,0000003E
63,99812400,000001E5,000003D5,00000000,00030000,000FDD03,3C004E20,28016749,90038816,00000021,0000003F
64,159687000,000001D7,000003D5,00000000,00030000,000FDD03,3C004E20,28016749,A002E016,00000021,00000040
65,72518200,FFFF01C9,000003D5,00000000,00030000,000FDD03,3C004E20,28016749,A002E016,00000021,00000041
66,115361900,00020102,000003D6,00000001,00030000,000FDD03,3C004E20,28016749,A002C816,00000021,00000042
67,118492000,FFFF0064,000003D6,00000002,00020000,000FDD03,3C004E20,28016749,A002C816,00000021,00000043
68,130929500,0001FFBC,000003D6,00000002,00010000,000FDD03,3C004E20,28016749,A002C816,00000021,00000044
69,137105100,FFFFFF78,000003D5,00000002,00010000,000FDD03,3C004E20,28016749,A002C816,00000021,00000045
70,134815100,0000FF2F,000003D5,00000002,00000000,000FDD03,3C004E20,28016749,A002C816,00000021,00000046
71,139294400,0001FF23,000003D5,00000001,00000000,000FDD03,3C004E20,28016749,A002A816,00000021,00000047
72,123049100,0000FEFB,000003D5,00000001,FFFF0000,000FDD03,3C004E20,28016749,A002A816,00000021,00000048
73,131040400,0000FF09,000005E6,00000001,FFFF0000,000EDD03,3C004E20,1C016749,A2019016,00000020,00000049
74,106730400,FFFFFED0,000005F0,00000001,FFFF0000,000EDD03,3C004E20,1C016749,A2019016,00000020,0000004A
75,85471800,0001FE94,000005FA,00000001,FFFF0000,000EDD03,3C004E20,1C016749,92019016,00000020,0000004B
76,97578400,0001FE68,00000604,00000001,FFFE0000,000DDD03,3C004E20,1C016749,92019016,00000020,0000004C
77,88858000,FFFFFE84,000005FA,00000000,FFFE0000,000DDD03,3C004E20,1C016749,92019016,00000020,0000004D
78,100892600,0000FE66,000005F0,00000001,FFFE0000,000DDD03,3C004E20,1C016749,92019016,00000020,0000004E
79,91869600,0000FE87,000005E6,00000000,FFFE0000,000DDD03,3C004E20,1C016749,92019016,00000020,0000004F
80,102307000,0001FE6A,000005DC,00000000,FFFE0000,000CDD03,3C004E20,28016749,9002A816,00000020,00000050
81,104282400,FFFFFEB3,000005E6,0000FFFF,FFFE0000,000CDD03,3C004E20,28016749,9002A816,00000020,00000051
82,100084900,0001FF28,000005F0,0000FFFF,FFFE0000,000CDD03,3C004E20,28016749,9002A816,00000020,00000052
83,84422200,FFFEFF6B,000005FA,0000FFFF,FFFE0000,000CDD03,3C004E20,28016749,9002A816,00000020,00000053
84,90548200,0001FF54,00000604,0000FFFF,FFFF0000,000CDD03,3C004E20,28016749,9002A816,00000020,00000054
85,91598500,0001FF78,000005FA,0000FFFF,FFFF0000,000CDD03,3C004E20,28016749,9002A816,00000020,00000055
86,99591600,FFFEFF5D,000005F0,00000000,FFFF0000,000BDD03,3C004E20,28016749,9002A816,00000020,00000056
87,78589200,0000FF7D,000005E6,0000FFFF,FFFF0000,000BDD03,3C004E20,28016749,9002A816,00000020,00000057
88,87990300,0001FF61,000005DC,00000000,FFFF0000,000BDD03,3C004E20,28016749,9002A816,00000020,00000058
89,89218700,0000FF82,000005E6,00000000,FFFF0000,000BDD03,3C004E20,28016749,9002A816,00000020,00000059
90,88380900,FFFEFF50,000005F0,00000000,FFFF0000,000BDD03,3C004E20,28018A31,9002A816,00000020,0000005A
91,99162300,0003FF31,000005FA,00000000,FFFF0000,000BDD03,3C004E20,28018A31,9002A816,00000020,0000005B
92,94531600,FFFEFF04,00000604,00000001,FFFF0000,000BDD03,3C004E20,28018A31,9002A816,00000020,0000005C
93,114258500,0002FF28,000005FA,00000000,FFFF0000,000ADD03,3C004E20,28018A31,9002A816,00000020,0000005D
94,99213800,FFFFFE58,000005F0,00000002,FFFF0000,000ADD03,3C004E20,28018A31,5002A816,00000020,0000005E
95,99749500,0000FDDD,000005E6,00000001,FFFE0000,000ADD03,3C004E20,28018A31,7002A816,00000020,0000005F
96,117005300,0000FE12,000005DC,00000001,FFFE0000,0009DD03,3C004E20,28018A31,7002A816,00000020,00000060
97,92931100,0000FE72,000005E6,00000000,FFFE0000,0009DD03,3C004E20,28018A31,7002A816,00000020,00000061
98,91903300,0000FE6C,000005F0,00000000,FFFE0000,0009DD03,3C004E20,28018A31,7002A816,00000020,00000062
99,99858200,0001FEB1,000005FA,0000FFFF,FFFE0000,0008DD03,3C004E20,28018A31,7002A816,00000020,00000063
100,93127300,FFFFFE97,00000604,00000000,FFFE0000,0008DD03,3C004E20,28018A31,7002A816,00000020,00000064
101,88977000,0001FED3,000005FA,0000FFFF,FFFE0000,0008DD03,3C004E20,28018A31,7002A816,00000020,00000065
102,88895200,FFFFFEB3,000005F0,00000000,FFFE0000,0008DD03,3C004E20,28018A31,7002A816,00000020,00000066
103,113588500,0000FE71,000005E6,00000003,FFFE0000,0007DD03,3C004E20,28018A31,7002A816,00000020,00000067
104,92772100,0000F990,000005DC,00000006,FFFD0000,0006DD03,3C004E20,28018A31,6002A816,00000020,00000068
105,96657800,FFFFF904,000005E6,00000006,FFFB0000,0004DD03,3C004E20,28018A31,6002A816,00000020,00000069
106,97108700,0001F907,000005F0,00000006,FFF90000,0003DD03,3C004E20,28018A31,5002A816,00000020,0000006A
107,91853700,FFFFF928,000005FA,00000004,FFF80000,0001DD03,3C004E20,28018A31,5002A816,00000020,0000006B
108,104901200,0001F833,00000604,00000003,FFF70000,0000DD03,3C004E20,28018A31,4002A816,00000000,0000006C
109,96407400,FFFFFBB5,000005FA,0000FFFD,FFF70000,0000DD03,3C004E20,28018A31,4002A816,00000000,0000006D
110,101865500,00000000,000005F0,0000FFFA,FFF80000,0000DD03,3C004E20,28018A31,4002A816,00000000,0000006E
111,104303900,00000000,000005E6,0000FFFA,FFFA0000,0000DD03,3C004E20,28018A31,4002A816,00000000,0000006F
112,96780100,0000FFFF,000005DC,0000FFFB,FFFC0000,0000DD03,3C004E20,28018A31,4002A816,00000000,00000070
113,106264700,0000FFFE,000005E6,0000FFFC,FFFD0000,0000DD03,3C004E20,28018A31,4002A816,00000000,00000071
114,92646500,0000FFFF,000005F0,0000FFFD,FFFE0000,0000DD03,3C004E20,28018A31,4002A816,00000000,00000072
115,97733900,0000FFFF,000005FA,0000FFFE,FFFF0000,0000DD03,3C004E20,28018A31,4002A816,00000000,00000073
116,109929700,0000FFFF,00000604,0000FFFF,FFFF0000,0000DD03,3C004E20,28018A31,4002A816,00000000,00000074
117,94696400,0000FFFF,000005FA,00000000,FFFF0000,0000DD03,3C004E20,28018A31,4002A816,00000000,00000075
118,94649500,00000000,000005F0,00000000,FFFF0000,0000DD03,3C004E20,28018A31,4002A816,00000000,00000076
119,98866000,00000000,000005E6,00000000,FFFF0000,0000DD03,3C004E20,28018A31,4002A816,00000000,00000077
120,85089900,00000000,000005DC,00000000,FFFF0000,0000DD03,3C004E20,2801A7AA,4002A816,00000000,00000078
121,86459900,00000000,000005E6,00000000,FFFF0000,0000DD03,3C004E20,2801A7AA,4002A816,00000000,00000079
122,97345000,00000000,000005F0,00000000,FFFF0000,0000DD03,3C004E20,2801A7AA,4002A816,00000000,0000007A
123,84921700,00000000,000005FA,00000000,FFFF0000,0000DD03,3C004E20,2801A7AA,4002A816,00000000,0000007B
124,89047700,00000000,00000604,00000000,FFFF0000,0000DD03,3C004E20,2801A7AA,4002A816,00000000,0000007C
125,94757000,00000000,000005FA,00000000,FFFF0000,0000DD03,3C004E20,2801A7AA,4002A816,00000000,0000007D
126,100617300,00000000,000005F0,00000000,FFFF0000,0000DD03,3C004E20,2801A7AA,4002A816,00000000,0000007E
127,93344000,00000000,000005E6,00000000,FFFF0000,0000DD03,3C004E20,2801A7AA,4002A816,00000000,0000007F
128,84171100,00000000,000005DC,00000000,FFFF0000,0000DD03,3C004E20,2801A7AA,4002A816,00000000,00000080
129,109244800,00000000,000005E6,00000000,FFFF0000,0000DD03,3C004E20,2801A7AA,4002A816,00000000,00000081
130,96137000,00000000,000005F0,00000000,FFFF0000,0000DD03,3C004E20,2801A7AA,4002A816,00000000,00000082
131,100823300,00000000,000005FA,00000000,FFFF0000,0000DD03,3C004E20,2801A7AA,4002A816,00000000,00000083
132,101502300,00000000,00000604,00000000,FFFF0000,0000DD03,3C004E20,2801A7AA,4002A816,00000000,00000084
133,87393800,00000000,000005FA,00000000,FFFF0000,0000DD03,3C004E20,2801A7AA,4002A816,00000000,00000085
134,102642600,00000000,000005F0,00000000,FFFF0000,0000DD03,3C004E20,2801A7AA,4002A816,00000000,00000086
135,91965400,00000000,000005E6,00000000,FFFF0000,0000DD03,3C004E20,2801A7AA,4002A816,00000000,00000087
136,83607500,00000000,000005DC,00000000,FFFF0000,0000DD03,3C004E20,2801A7AA,4002A816,00000000,00000088
137,96181500,00000000,000005E6,00000000,FFFF0000,0000DD03,3C004E20,2801A7AA,4002A816,00000000,00000089
138,96791500,00000000,000005F0,00000000,FFFF0000,0000DD03,3C004E20,2801A7AA,4002A816,00000000,0000008A
139,100228200,00000000,000005FA,00000000,FFFF0000,0000DD03,3C004E20,2801A7AA,4002A816,00000000,0000008B
140,91527400,00000000,00000604,00000000,FFFF0000,0000DD03,3C004E20,2801A7AA,4002A816,00000000,0000008C
141,89369800,00000000,000005FA,00000000,FFFF0000,0000DD03,3C004E20,2801A7AA,4002A816,00000000,0000008D
142,96303700,00000000,000005F0,00000000,FFFF0000,0000DD03,3C004E20,2801A7AA,4002A816,00000000,0000008E
143,93323400,00000000,000005E6,00000000,FFFF0000,0000DD03,3C004E20,2801A7AA,4002A816,00000000,0000008F
144,99313800,00000000,000005DC,00000000,FFFF0000,0000DD03,3C004E20,2801A7AA,4002A816,00000000,00000090
145,95846400,00000000,000005E6,00000000,FFFF0000,0000DD03,3C004E20,2801A7AA,4002A816,00000000,00000091
146,81765600,00000000,000005F0,00000000,FFFF0000,0000DD03,3C004E20,2801A7AA,4002A816,00000000,00000092
147,93320400,00000000,000005FA,00000000,FFFF0000,0000DD03,3C004E20,2801A7AA,4002A816,00000000,00000093
148,101935100,00000000,00000604,00000000,FFFF0000,0000DD03,3C004E20,2801A7AA,4002A816,00000000,00000094
149,97831300,00000000,000005FA,00000000,FFFF0000,0000DD03,3C004E20,2801A7AA,4002A816,00000000,00000095
150,99644000,00000000,000005F0,00000000,FFFF0000,0000DD03,3C004E20,2801C096,4002A816,00000000,00000096
151,104656200,00000000,000005E6,00000000,FFFF0000,0000DD03,3C004E20,2801C096,4002A816,00000000,00000097
152,91625200,00000000,000005DC,00000000,FFFF0000,0000DD03,3C004E20,2801C096,4002A816,00000000,00000098
153,93723500,00000000,000005E6,00000000,FFFF0000,0000DD03,3C004E20,2801C096,4002A816,00000000,00000099
154,94438000,00000000,000005F0,00000000,FFFF0000,0000DD03,3C004E20,2801C096,4002A816,00000000,0000009A
155,99925500,00000000,000005FA,00000000,FFFF0000,0000DD03,3C004E20,2801C096,4002A816,00000000,0000009B
156,107783800,00000000,00000604,00000000,FFFF0000,0000DD03,3C004E20,2801C096,4002A816,00000000,0000009C
157,90657800,00000000,000005FA,00000000,FFFF0000,0000DD03,3C004E20,2801C096,4002A816,00000000,0000009D
158,93756700,00000000,000005F0,00000000,FFFF0000,0000DD03,3C004E20,2801C096,4002A816,00000000,0000009E
159,90907900,00000000,000005E6,00000000,FFFF0000,0000DD03,3C004E20,2801C096,4002A816,00000000,0000009F
160,91839800,00000000,000005DC,00000000,FFFF0000,0000DD03,3C004E20,2801C096,4002A816,00000000,000000A0
161,84617400,00000000,000005E6,00000000,FFFF0000,0000DD03,3C004E20,2801C096,4002A816,00000000,000000A1
162,79295700,00000000,000005F0,00000000,FFFF0000,0000DD03,3C004E20,2801C096,4002A816,00000000,000000A2
163,99027600,00000000,000005FA,00000000,FFFF0000,0000DD03,3C004E20,2801C096,4002A816,00000000,000000A3
164,101997500,00000000,00000604,00000000,FFFF0000,0000DD03,3C004E20,2801C096,4002A816,00000000,000000A4
165,97628600,00000000,000005FA,00000000,FFFF0000,0000DD03,3C004E20,2801C096,4002A816,00000000,000000A5
166,77632900,00000000,000005F0,00000000,FFFF0000,0000DD03,3C004E20,2801C096,4002A816,00000000,000000A6
167,93430900,00000000,000005E6,00000000,FFFF0000,0000DD03,3C004E20,2801C096,4002A816,00000000,000000A7
168,101629100,00000000,000005DC,00000000,FFFF0000,0000DD03,3C004E20,2801C096,4002A816,00000000,000000A8
169,96690000,00000000,000005E6,00000000,FFFF0000,0000DD03,3C004E20,2801C096,4002A816,00000000,000000A9
170,106378200,00000000,000005F0,00000000,FFFF0000,0000DD03,3C004E20,2801C096,4002A816,00000000,000000AA
171,90543200,00000000,000005FA,00000000,FFFF0000,0000DD03,3C004E20,2801C096,4002A816,00000000,000000AB
172,99288400,00000000,00000604,00000000,FFFF0000,0000DD03,3C004E20,2801C096,4002A816,00000000,000000AC
173,90863000,00000000,000005FA,00000000,FFFF0000,0000DD03,3C004E20,2801C096,4002A816,00000000,000000AD
174,92812400,00000000,000005F0,00000000,FFFF0000,0000DD03,3C004E20,2801C096,4002A816,00000000,000000AE
175,97093400,00000000,000005E6,00000000,FFFF0000,0000DD03,3C004E20,2801C096,4002A816,00000000,000000AF
176,112300000,00000000,000005DC,00000000,FFFF0000,0000DD03,3C004E20,2801C096,4002A816,00000000,000000B0
177,94735000,00000000,000005E6,00000000,FFFF0000,0000DD03,3C004E20,2801C096,4002A816,00000000,000000B1
178,99827700,00000000,000005F0,00000000,FFFF0000,0000DD03,3C004E20,2801C096,4002A816,00000000,000000B2
179,117435700,00000000,000005FA,00000000,FFFF0000,0000DD03,3C004E20,2801C096,4002A816,00000000,000000B3
180,105788900,00000000,00000604,00000000,FFFF0000,0000DD03,3C004E20,2801D613,4002A816,00000000,000000B4
181,96620700,00000000,000005FA,00000000,FFFF0000,0000DD03,3C004E20,2801D613,4002A816,00000000,000000B5
182,96254700,00000000,000005F0,00000000,FFFF0000,0000DD03,3C004E20,2801D613,4002A816,00000000,000000B6
183,90335700,00000000,000005E6,00000000,FFFF0000,0000DD03,3C004E20,2801D613,4002A816,00000000,000000B7
184,79497200,00000000,000005DC,00000000,FFFF0000,0000DD03,3C004E20,2801D613,4002A816,00000000,000000B8
185,108163700,00000000,000005E6,00000000,FFFF0000,0000DD03,3C004E20,2801D613,4002A816,00000000,000000B9
186,99118300,00000000,000005F0,00000000,FFFF0000,0000DD03,3C004E20,2801D613,4002A816,00000000,000000BA
187,102001400,00000000,000005FA,00000000,FFFF0000,0000DD03,3C004E20,2801D613,4002A816,00000000,000000BB
188,95367600,00000000,00000604,00000000,FFFF0000,0000DD03,3C004E20,2801D613,4002A816,00000000,000000BC
189,99352100,00000000,000005FA,00000000,FFFF0000,0000DD03,3C004E20,2801D613,4002A816,00000000,000000BD
190,92686000,00000000,000005F0,00000000,FFFF0000,0000DD03,3C004E20,2801D613,4002A816,00000000,000000BE
191,97736500,00000000,000005E6,00000000,FFFF0000,0000DD03,3C004E20,2801D613,4002A816,00000000,000000BF
192,92507200,00000000,000005DC,00000000,FFFF0000,0000DD03,3C004E20,2801D613,4002A816,00000000,000000C0
193,94118200,00000000,000005E6,00000000,FFFF0000,0000DD03,3C004E20,2801D613,4002A816,00000000,000000C1
194,89305700,00000000,000005F0,00000000,FFFF0000,0000DD03,3C004E20,2801D613,4002A816,00000000,000000C2
195,100451700,00000000,000005FA,00000000,FFFF0000,0000DD03,3C004E20,2801D613,4002A816,00000000,000000C3
196,98678100,00000000,00000604,00000000,FFFF0000,0000DD03,3C004E20,2801D613,4002A816,00000000,000000C4
197,97970000,00000000,000005FA,00000000,FFFF0000,0000DD03,3C004E20,2801D613,4002A816,00000000,000000C5
198,94347900,00000000,000005F0,00000000,FFFF0000,0000DD03,3C004E20,2801D613,4002A816,00000000,000000C6
199,85113100,00000000,000005E6,00000000,FFFF0000,0000DD03,3C004E20,2801D613,4002A816,00000000,000000C7
200,99800900,00000000,000005DC,00000000,FFFF0000,0000DD03,3C004E20,2801D613,4002A816,00000000,000000C8
201,101540300,00000000,000005E6,00000000,FFFF0000,0000DD03,3C004E20,2801D613,4002A816,00000000,000000C9
202,94197900,00000000,000005F0,00000000,FFFF0000,0000DD03,3C004E20,2801D613,4002A816,00000000,000000CA
203,85112700,00000000,000005FA,00000000,FFFF0000,0000DD03,3C004E20,2801D613,4002A816,00000000,000000CB
204,91323800,00000000,00000604,00000000,FFFF0000,0000DD03,3C004E20,2801D613,4002A816,00000000,000000CC
205,97399900,00000000,000005FA,00000000,FFFF0000,0000DD03,3C004E20,2801D613,4002A816,00000000,000000CD
206,99904500,00000000,000005F0,00000000,FFFF0000,0000DD03,3C004E20,2801D613,4002A816,00000000,000000CE
207,90319400,00000000,000005E6,00000000,FFFF0000,0000DD03,3C004E20,2801D613,4002A816,00000000,000000CF
208,88043900,00000000,000005DC,00000000,FFFF0000,0000DD03,3C004E20,2801D613,4002A816,00000000,000000D0
209,103891800,00000000,000005E6,00000000,FFFF0000,0000DD03,3C004E20,2801D613,4002A816,00000000,000000D1
210,94212700,00000000,000005F0,00000000,FFFF0000,0000DD03,3C004E20,2801E6DA,4002A816,00000000,000000D2
211,85981500,00000000,000005FA,00000000,FFFF0000,0000DD03,3C004E20,2801E6DA,4002A816,00000000,000000D3
212,91440400,00000000,00000604,00000000,FFFF0000,0000DD03,3C004E20,2801E6DA,4002A816,00000000,000000D4
213,83475400,00000000,000005FA,00000000,FFFF0000,0000DD03,3C004E20,2801E6DA,4002A816,00000000,000000D5
214,78562400,00000000,000005F0,00000000,FFFF0000,0000DD03,3C004E20,2801E6DA,4002A816,00000000,000000D6
215,88723200,00000000,000005E6,00000000,FFFF0000,0000DD03,3C004E20,2801E6DA,4002A816,00000000,000000D7
216,90066200,00000000,000005DC,00000000,FFFF0000,0000DD03,3C004E20,2801E6DA,4002A816,00000000,000000D8
217,102846300,00000000,000005E6,00000000,FFFF0000,0000DD03,3C004E20,2801E6DA,4002A816,00000000,000000D9
218,108197600,00000000,000005F0,00000000,FFFF0000,0000DD03,3C004E20,2801E6DA,4002A816,00000000,000000DA
219,105937000,00000000,000005FA,00000000,FFFF0000,0000DD03,3C004E20,2801E6DA,4002A816,00000000,000000DB
220,100463300,00000000,00000604,00000000,FFFF0000,0000DD03,3C004E20,2801E6DA,4002A816,00000000,000000DC
221,96014400,00000000,000005FA,00000000,FFFF0000,0000DD03,3C004E20,2801E6DA,4002A816,00000000,000000DD
222,119681300,00000000,000005F0,00000000,FFFF0000,0000DD03,3C004E20,2801E6DA,4002A816,00000000,000000DE
223,91089000,00000000,000005E6,00000000,FFFF0000,0000DD03,3C004E20,2801E6DA,4002A816,00000000,000000DF
224,103830700,00000000,000005DC,00000000,FFFF0000,0000DD03,3C004E20,2801E6DA,4002A816,00000000,000000E0
225,90395500,00000000,000005E6,00000000,FFFF0000,0000DD03,3C004E20,2801E6DA,4002A816,00000000,000000E1
226,94417700,00000000,000005F0,00000000,FFFF0000,0000DD03,3C004E20,2801E6DA,4002A816,00000000,000000E2
227,92870900,00000000,000005FA,00000000,FFFF0000,0000DD03,3C004E20,2801E6DA,4002A816,00000000,000000E3
228,80462000,00000000,00000604,00000000,FFFF0000,0000DD03,3C004E20,2801E6DA,4002A816,00000000,000000E4
229,113926100,00000000,000005FA,00000000,FFFF0000,0000DD03,3C004E20,2801E6DA,4002A816,00000000,000000E5
230,92221600,00000000,000005F0,00000000,FFFF0000,0000DD03,3C004E20,2801E6DA,4002A816,00000000,000000E6
231,94143200,00000000,000005E6,00000000,FFFF0000,0000DD03,3C004E20,2801E6DA,4002A816,00000000,000000E7
232,87945900,00000000,000005DC,00000000,FFFF0000,0000DD03,3C004E20,2801E6DA,4002A816,00000000,000000E8
233,99375900,00000000,000005E6,00000000,FFFF0000,0000DD03,3C004E20,2801E6DA,4002A816,00000000,000000E9
234,92345200,00000000,000005F0,00000000,FFFF0000,0000DD03,3C004E20,2801E6DA,4002A816,00000000,000000EA
235,96553200,00000000,000005FA,00000000,FFFF0000,0000DD03,3C004E20,2801E6DA,4002A816,00000000,000000EB
236,81698800,00000000,00000604,00000000,FFFF0000,0000DD03,3C004E20,2801E6DA,4002A816,00000000,000000EC
237,100593800,00000000,000005FA,00000000,FFFF0000,0000DD03,3C004E20,2801E6DA,4002A816,00000000,000000ED
238,85092500,00000000,000005F0,00000000,FFFF0000,0000DD03,3C004E20,2801E6DA,4002A816,00000000,000000EE
239,94578600,00000000,000005E6,00000000,FFFF0000,0000DD03,3C004E20,2801E6DA,4002A816,00000000,000000EF
240,93922900,00000000,000005DC,00000000,FFFF0000,0000DD03,3C004E20,2801F2D3,4002A816,00000000,000000F0
241,93460500,00000000,000005E6,00000000,FFFF0000,0000DD03,3C004E20,2801F2D3,4002A816,00000000,000000F1
242,85544700,00000000,000005F0,00000000,FFFF0000,0000DD03,3C004E20,2801F2D3,4002A816,00000000,000000F2
243,89185800,00000000,000005FA,00000000,FFFF0000,0000DD03,3C004E20,2801F2D3,4002A816,00000000,000000F3
244,97510600,00000000,00000604,00000000,FFFF0000,0000DD03,3C004E20,2801F2D3,4002A816,00000000,000000F4
245,93380300,00000000,000005FA,00000000,FFFF0000,0000DD03,3C004E20,2801F2D3,4002A816,00000000,000000F5
246,102475300,00000000,000005F0,00000000,FFFF0000,0000DD03,3C004E20,2801F2D3,4002A816,00000000,000000F6
247,99931800,00000000,000005E6,00000000,FFFF0000,0000DD03,3C004E20,2801F2D3,4002A816,00000000,000000F7
248,86924600,00000000,000005DC,00000000,FFFF0000,0000DD03,3C004E20,2801F2D3,4002A816,00000000,000000F8
249,85612700,00000000,000005E6,00000000,FFFF0000,0000DD03,3C004E20,2801F2D3,4002A816,00000000,000000F9
250,93545400,00000000,000005F0,00000000,FFFF0000,0000DD03,3C004E20,2801F2D3,4002A816,00000000,000000FA
251,87172100,00000000,000005FA,00000000,FFFF0000,0000DD03,3C004E20,2801F2D3,4002A816,00000000,000000FB
252,97101700,00000000,00000604,00000000,FFFF0000,0000DD03,3C004E20,2801F2D3,4002A816,00000000,000000FC
253,86967500,00000000,000005FA,00000000,FFFF0000,0000DD03,3C004E20,2801F2D3,4002A816,00000000,000000FD
254,98612600,00000000,000005F0,00000000,FFFF0000,0000DD03,3C004E20,2801F2D3,4002A816,00000000,000000FE
255,88725000,00000000,000005E6,00000000,FFFF0000,0000DD03,3C004E20,2801F2D3,4002A816,00000000,000000FF
256,88665800,00000000,000005DC,00000000,FFFF0000,0000DD03,3C004E20,2801F2D3,4002A816,00000000,00000100
257,87723300,00000000,000005E6,00000000,FFFF0000,0000DD03,3C004E20,2801F2D3,4002A816,00000000,00000101
258,89734400,00000000,000005F0,00000000,FFFF0000,0000DD03,3C004E20,2801F2D3,4002A816,00000000,00000102
259,99966800,00000000,000005FA,00000000,FFFF0000,0000DD03,3C004E20,2801F2D3,4002A816,00000000,00000103
260,86549500,00000000,00000604,00000000,FFFF0000,0000DD03,3C004E20,2801F2D3,4002A816,00000000,00000104
261,91365800,00000000,000005FA,00000000,FFFF0000,0000DD03,3C004E20,2801F2D3,4002A816,00000000,00000105
262,95555200,00000000,000005F0,00000000,FFFF0000,0000DD03,3C004E20,2801F2D3,4002A816,00000000,00000106
263,95704900,00000000,000005E6,00000000,FFFF0000,0000DD03,3C004E20,2801F2D3,4002A816,00000000,00000107
264,79292800,00000000,000005DC,00000000,FFFF0000,0000DD03,3C004E20,2801F2D3,4002A816,00000000,00000108
265,95557700,00000000,000005E6,00000000,FFFF0000,0000DD03,3C004E20,2801F2D3,4002A816,00000000,00000109
266,90377600,00000000,000005F0,00000000,FFFF0000,0000DD03,3C004E20,2801F2D3,4002A816,00000000,0000010A
267,89511800,00000000,000005FA,00000000,FFFF0000,0000DD03,3C004E20,2801F2D3,4002A816,00000000,0000010B
268,97327800,00000000,00000604,00000000,FFFF0000,0000DD03,3C004E20,2801F2D3,4002A816,00000000,0000010C
269,98541100,00000000,000005FA,00000000,FFFF0000,0000DD03,3C004E20,2801F2D3,4002A816,00000000,0000010D
270,105427800,00000000,000005F0,00000000,FFFF0000,0000DD03,3C004E20,2801F9C0,4002A816,00000000,0000010E
271,95033000,00000000,000005E6,00000000,FFFF0000,0000DD03,3C004E20,2801F9C0,4002A816,00000000,0000010F
272,86214800,00000000,000005DC,00000000,FFFF0000,0000DD03,3C004E20,2801F9C0,4002A816,00000000,00000110
273,88868200,00000000,000005E6,00000000,FFFF0000,0000DD03,3C004E20,2801F9C0,4002A816,00000000,00000111
274,98113200,00000000,000005F0,00000000,FFFF0000,0000DD03,3C004E20,2801F9C0,4002A816,00000000,00000112
275,92335600,00000000,000005FA,00000000,FFFF0000,0000DD03,3C004E20,2801F9C0,4002A816,00000000,00000113
276,85354500,00000000,00000604,00000000,FFFF0000,0000DD03,3C004E20,2801F9C0,4002A816,00000000,00000114
277,100315100,00000000,000005FA,00000000,FFFF0000,0000DD03,3C004E20,2801F9C0,4002A816,00000000,00000115
278,93752900,00000000,000005F0,00000000,FFFF0000,0000DD03,3C004E20,2801F9C0,4002A816,00000000,00000116
279,90581900,00000000,000005E6,00000000,FFFF0000,0000DD03,3C004E20,2801F9C0,4002A816,00000000,00000117
280,79815500,00000000,000005DC,00000000,FFFF0000,0000DD03,3C004E20,2801F9C0,4002A816,00000000,00000118
281,108788100,00000000,000005E6,00000000,FFFF0000,0000DD03,3C004E20,2801F9C0,4002A816,00000000,00000119
282,93806200,00000000,000005F0,00000000,FFFF0000,0000DD03,3C004E20,2801F9C0,4002A816,00000000,0000011A
283,88569600,00000000,000005FA,00000000,FFFF0000,0000DD03,3C004E20,2801F9C0,4002A816,00000000,0000011B
284,87154700,00000000,00000604,00000000,FFFF0000,0000DD03,3C004E20,2801F9C0,4002A816,00000000,0000011C
285,95955800,00000000,000005FA,00000000,FFFF0000,0000DD03,3C004E20,2801F9C0,4002A816,00000000,0000011D
286,87806900,00000000,000005F0,00000000,FFFF0000,0000DD03,3C004E20,2801F9C0,4002A816,00000000,0000011E
287,87641200,00000000,000005E6,00000000,FFFF0000,0000DD03,3C004E20,2801F9C0,4002A816,00000000,0000011F
288,138538300,00000000,000005DC,00000000,FFFF0000,0000DD03,3C004E20,2801F9C0,4002A816,00000000,00000120
289,48974100,00000000,000005E6,00000000,FFFF0000,0000DD03,3C004E20,2801F9C0,4002A816,00000000,00000121
290,96836300,00000000,000005F0,00000000,FFFF0000,0000DD03,3C004E20,2801F9C0,4002A816,00000000,00000122
291,83103800,00000000,000005FA,00000000,FFFF0000,0000DD03,3C004E20,2801F9C0,4002A816,00000000,00000123
292,89124700,00000000,00000604,00000000,FFFF0000,0000DD03,3C004E20,2801F9C0,4002A816,00000000,00000124
293,108793800,00000000,000005FA,00000000,FFFF0000,0000DD03,3C004E20,2801F9C0,4002A816,00000000,00000125
294,86223500,00000000,000005F0,00000000,FFFF0000,0000DD03,3C004E20,2801F9C0,4002A816,00000000,00000126
295,104987700,00000000,000005E6,00000000,FFFF0000,0000DD03,3C004E20,2801F9C0,4002A816,00000000,00000127
296,98306400,00000000,000005DC,00000000,FFFF0000,0000DD03,3C004E20,2801F9C0,4002A816,00000000,00000128
297,94120500,00000000,000005E6,00000000,FFFF0000,0000DD03,3C004E20,2801F9C0,4002A816,00000000,00000129
298,97709400,00000000,000005F0,00000000,FFFF0000,0000DD03,3C004E20,2801F9C0,4002A816,00000000,0000012A
299,85888500,00000000,000005FA,00000000,FFFF0000,0000DD03,3C004E20,2801F9C0,4002A816,00000000,0000012B
300,92881800,00000000,00000604,00000000,FFFF0000,0000DD03,3C004E20,2801FBCB,4002A816,00000000,0000012C
301,100034200,00000000,000005FA,00000000,FFFF0000,0000DD03,3C004E20,2801FBCB,4002A816,00000000,0000012D
302,85537600,00000000,000005F0,00000000,FFFF0000,0000DD03,3C004E20,2801FBCB,4002A816,00000000,0000012E
303,89715300,00000000,000005E6,00000000,FFFF0000,0000DD03,3C004E20,2801FBCB,4002A816,00000000,0000012F
304,92517100,00000000,000005DC,00000000,FFFF0000,0000DD03,3C004E20,2801FBCB,4002A816,00000000,00000130
305,100159500,00000000,000005E6,00000000,FFFF0000,0000DD03,3C004E20,2801FBCB,4002A816,00000000,00000131
306,97018300,00000000,000005F0,00000000,FFFF0000,0000DD03,3C004E20,2801FBCB,4002A816,00000000,00000132
307,90426800,00000000,000005FA,00000000,FFFF0000,0000DD03,3C004E20,2801FBCB,4002A816,00000000,00000133
308,97648400,00000000,00000604,00000000,FFFF0000,0000DD03,3C004E20,2801FBCB,4002A816,00000000,00000134
309,95005500,00000000,000005FA,00000000,FFFF0000,0000DD03,3C004E20,2801FBCB,4002A816,00000000,00000135
310,95839300,00000000,000005F0,00000000,FFFF0000,0000DD03,3C004E20,2801FBCB,4002A816,00000000,00000136
311,90330700,00000000,000005E6,00000000,FFFF0000,0000DD03,3C004E20,2801FBCB,4002A816,00000000,00000137
312,107522400,00000000,000005DC,00000000,FFFF0000,0000DD03,3C004E20,2801FBCB,4002A816,00000000,00000138
313,93316400,00000000,000005E6,00000000,FFFF0000,0000DD03,3C004E20,2801FBCB,4002A816,00000000,00000139
314,109280300,00000000,000005F0,00000000,FFFF0000,0000DD03,3C004E20,2801FBCB,4002A816,00000000,0000013A
315,99183700,00000000,000005FA,00000000,FFFF0000,0000DD03,3C004E20,2801FBCB,4002A816,00000000,0000013B
316,91754400,00000000,00000604,00000000,FFFF0000,0000DD03,3C004E20,2801FBCB,4002A816,00000000,0000013C
317,106832900,00000000,000005FA,00000000,FFFF0000,0000DD03,3C004E20,2801FBCB,4002A816,00000000,0000013D
318,82415500,00000000,000005F0,00000000,FFFF0000,0000DD03,3C004E20,2801FBCB,4002A816,00000000,0000013E
319,91932900,00000000,000005E6,00000000,FFFF0000,0000DD03,3C004E20,2801FBCB,4002A816,00000000,0000013F
320,81332000,00000000,000005DC,00000000,FFFF0000,0000DD03,3C004E20,2801FBCB,4002A816,00000000,00000140
321,108206900,00000000,000005E6,00000000,FFFF0000,0000DD03,3C004E20,2801FBCB,4002A816,00000000,00000141
322,112328300,00000000,000005F0,00000000,FFFF0000,0000DD03,3C004E20,2801FBCB,4002A816,00000000,00000142
323,108294600,00000000,000005FA,00000000,FFFF0000,0000DD03,3C004E20,2801FBCB,4002A816,00000000,00000143
324,93337100,00000000,00000604,00000000,FFFF0000,0000DD03,3C004E20,2801FBCB,4002A816,00000000,00000144
325,94060900,00000000,000005FA,00000000,FFFF0000,0000DD03,3C004E20,2801FBCB,4002A816,00000000,00000145
326,82014400,00000000,000005F0,00000000,FFFF0000,0000DD03,3C004E20,2801FBCB,4002A816,00000000,00000146
327,103357600,00000000,000005E6,00000000,FFFF0000,0000DD03,3C004E20,2801FBCB,4002A816,00000000,00000147
328,95702700,00000000,000005DC,00000000,FFFF0000,0000DD03,3C004E20,2801FBCB,4002A816,00000000,00000148
329,95319500,00000000,000005E6,00000000,FFFF0000,0000DD03,3C004E20,2801FBCB,4002A816,00000000,00000149
330,91891200,00000000,000005F0,00000000,FFFF0000,0000DD03,3C004E20,2801F8B0,4002A816,00000000,0000014A
331,95790100,00000000,000005FA,00000000,FFFF0000,0000DD03,3C004E20,2801F8B0,4002A816,00000000,0000014B
332,95027000,00000000,00000604,00000000,FFFF0000,0000DD03,3C004E20,2801F8B0,4002A816,00000000,0000014C
333,110728100,00000000,000005FA,00000000,FFFF0000,0000DD03,3C004E20,2801F8B0,4002A816,00000000,0000014D
334,102711000,00000000,000005F0,00000000,FFFF0000,0000DD03,3C004E20,2801F8B0,4002A816,00000000,0000014E
335,85285200,00000000,000005E6,00000000,FFFF0000,0000DD03,3C004E20,2801F8B0,4002A816,00000000,0000014F
336,74582700,00000000,000005DC,00000000,FFFF0000,0000DD03,3C004E20,2801F8B0,4002A816,00000000,00000150
337,97020900,00000000,000005E6,00000000,FFFF0000,0000DD03,3C004E20,2801F8B0,4002A816,00000000,00000151
338,79478200,00000000,000005F0,00000000,FFFF0000,0000DD03,3C004E20,2801F8B0,4002A816,00000000,00000152
339,108847500,00000000,000005FA,00000000,FFFF0000,0000DD03,3C004E20,2801F8B0,4002A816,00000000,00000153
340,97139600,00000000,00000604,00000000,FFFF0000,0000DD03,3C004E20,2801F8B0,4002A816,00000000,00000154
341,94714200,00000000,000005FA,00000000,FFFF0000,0000DD03,3C004E20,2801F8B0,4002A816,00000000,00000155
342,85955700,00000000,000005F0,00000000,FFFF0000,0000DD03,3C004E20,2801F8B0,4002A816,00000000,00000156
343,76939400,00000000,000005E6,00000000,FFFF0000,0000DD03,3C004E20,2801F8B0,4002A816,00000000,00000157
344,82838200,00000000,000005DC,00000000,FFFF0000,0000DD03,3C004E20,2801F8B0,4002A816,00000000,00000158
345,95505900,00000000,000005E6,00000000,FFFF0000,0000DD03,3C004E20,2801F8B0,4002A816,00000000,00000159
346,96293400,00000000,000005F0,00000000,FFFF0000,0000DD03,3C004E20,2801F8B0,4002A816,00000000,0000015A
347,102601800,00000000,000005FA,00000000,FFFF0000,0000DD03,3C004E20,2801F8B0,4002A816,00000000,0000015B
348,89403700,00000000,00000604,00000000,FFFF0000,0000DD03,3C004E20,2801F8B0,4002A816,00000000,0000015C
349,98005100,00000000,000005FA,00000000,FFFF0000,0000DD03,3C004E20,2801F8B0,4002A816,00000000,0000015D
350,144387000,00000000,000005F0,00000000,FFFF0000,0000DD03,3C004E20,2801F8B0,4002A816,00000000,0000015E
351,90463400,00000000,000005E6,00000000,FFFF0000,0000DD03,3C004E20,2801F8B0,4002A816,00000000,0000015F
352,106328400,00000000,000005DC,00000000,FFFF0000,0000DD03,3C004E20,2801F8B0,4002A816,00000000,00000160
353,113757100,00000000,000005E6,00000000,FFFF0000,0000DD03,3C004E20,2801F8B0,4002A816,00000000,00000161
354,91118700,00000000,000005F0,00000000,FFFF0000,0000DD03,3C004E20,2801F8B0,4002A816,00000000,00000162
355,103972000,00000000,000005FA,00000000,FFFF0000,0000DD03,3C004E20,2801F8B0,4002A816,00000000,00000163
356,88691100,00000000,00000604,00000000,FFFF0000,0000DD03,3C004E20,2801F8B0,4002A816,00000000,00000164
357,110083500,00000000,000005FA,00000000,FFFF0000,0000DD03,3C004E20,2801F8B0,4002A816,00000000,00000165
358,93157600,00000000,000005F0,00000000,FFFF0000,0000DD03,3C004E20,2801F8B0,4002A816,00000000,00000166
359,98580800,00000000,000005E6,00000000,FFFF0000,0000DD03,3C004E20,2801F8B0,4002A816,00000000,00000167
360,109043900,00000000,000005DC,00000000,FFFF0000,0000DD03,3C004E20,2801F035,4002A816,00000000,00000168
361,98968800,00000000,000005E6,00000000,FFFF0000,0000DD03,3C004E20,2801F035,4002A816,00000000,00000169
362,84333000,00000000,000005F0,00000000,FFFF0000,0000DD03,3C004E20,2801F035,4002A816,00000000,0000016A
363,84207800,00000000,000005FA,00000000,FFFF0000,0000DD03,3C004E20,2801F035,4002A816,00000000,0000016B
364,98831000,00000000,00000604,00000000,FFFF0000,0000DD03,3C004E20,2801F035,4002A816,00000000,0000016C
365,97844300,00000000,000005FA,00000000,FFFF0000,0000DD03,3C004E20,2801F035,4002A816,00000000,0000016D
366,75819000,00000000,000005F0,00000000,FFFF0000,0000DD03,3C004E20,2801F035,4002A816,00000000,0000016E
367,93508800,00000000,000005E6,00000000,FFFF0000,0000DD03,3C004E20,2801F035,4002A816,00000000,0000016F
368,95806500,00000000,000005DC,00000000,FFFF0000,0000DD03,3C004E20,2801F035,4002A816,00000000,00000170
369,91050600,00000000,000005E6,00000000,FFFF0000,0000DD03,3C004E20,2801F035,4002A816,00000000,00000171
370,96942600,00000000,000005F0,00000000,FFFF0000,0000DD03,3C004E20,2801F035,4002A816,00000000,00000172
371,93425600,00000000,000005FA,00000000,FFFF0000,0000DD03,3C004E20,2801F035,4002A816,00000000,00000173
372,81974300,00000000,00000604,00000000,FFFF0000,0000DD03,3C004E20,2801F035,4002A816,00000000,00000174
373,94271200,00000000,000005FA,00000000,FFFF0000,0000DD03,3C004E20,2801F035,4002A816,00000000,00000175
374,101281900,00000000,000005F0,00000000,FFFF0000,0000DD03,3C004E20,2801F035,4002A816,00000000,00000176
375,86972000,00000000,000005E6,00000000,FFFF0000,0000DD03,3C004E20,2801F035,4002A816,00000000,00000177
376,94000100,00000000,000005DC,00000000,FFFF0000,0000DD03,3C004E20,2801F035,4002A816,00000000,00000178
377,86232200,00000000,000005E6,00000000,FFFF0000,0000DD03,3C004E20,2801F035,4002A816,00000000,00000179
378,84557600,00000000,000005F0,00000000,FFFF0000,0000DD03,3C004E20,2801F035,4002A816,00000000,0000017A
379,92517500,00000000,000005FA,00000000,FFFF0000,0000DD03,3C004E20,2801F035,4002A816,00000000,0000017B
380,92310700,00000000,00000604,00000000,FFFF0000,0000DD03,3C004E20,2801F035,4002A816,00000000,0000017C
381,103799800,00000000,000005FA,00000000,FFFF0000,0000DD03,3C004E20,2801F035,4002A816,00000000,0000017D
382,91926100,00000000,000005F0,00000000,FFFF0000,0000DD03,3C004E20,2801F035,4002A816,00000000,0000017E
383,82832600,00000000,000005E6,00000000,FFFF0000,0000DD03,3C004E20,2801F035,4002A816,00000000,0000017F
384,91035700,00000000,000005DC,00000000,FFFF0000,0000DD03,3C004E20,2801F035,4002A816,00000000,00000180
385,80153100,00000000,000005E6,00000000,FFFF0000,0000DD03,3C004E20,2801F035,4002A816,00000000,00000181
386,104873500,00000000,000005F0,00000000,FFFF0000,0000DD03,3C004E20,2801F035,4002A816,00000000,00000182
387,109377900,00000000,000005FA,00000000,FFFF0000,0000DD03,3C004E20,2801F035,4002A816,00000000,00000183
388,107234500,00000000,00000604,00000000,FFFF0000,0000DD03,3C004E20,2801F035,4002A816,00000000,00000184
389,95760700,00000000,000005FA,00000000,FFFF0000,0000DD03,3C004E20,2801F035,4002A816,00000000,00000185
390,95599500,00000000,000005F0,00000000,FFFF0000,0000DD03,3C004E20,2801E344,4002A816,00000000,00000186
391,93879700,00000000,000005E6,00000000,FFFF0000,0000DD03,3C004E20,2801E344,4002A816,00000000,00000187
392,100524400,00000000,000005DC,00000000,FFFF0000,0000DD03,3C004E20,2801E344,4002A816,00000000,00000188
393,93716400,00000000,000005E6,00000000,FFFF0000,0000DD03,3C004E20,2801E344,4002A816,00000000,00000189
394,91245100,00000000,000005F0,00000000,FFFF0000,0000DD03,3C004E20,2801E344,4002A816,00000000,0000018A
395,98760200,00000000,000005FA,00000000,FFFF0000,0000DD03,3C004E20,2801E344,4002A816,00000000,0000018B
396,90387400,00000000,00000604,00000000,FFFF0000,0000DD03,3C004E20,2801E344,4002A816,00000000,0000018C
397,88411900,00000000,000005FA,00000000,FFFF0000,0000DD03,3C004E20,2801E344,4002A816,00000000,0000018D
398,79840500,00000000,000005F0,00000000,FFFF0000,0000DD03,3C004E20,2801E344,4002A816,00000000,0000018E
399,99015900,00000000,000005E6,00000000,FFFF0000,0000DD03,3C004E20,2801E344,4002A816,00000000,0000018F
400,89050400,00000000,000005DC,00000000,FFFF0000,0000DD03,3C004E20,2801E344,4002A816,00000000,00000190
401,95744800,00000000,000005E6,00000000,FFFF0000,0000DD03,3C004E20,2801E344,4002A816,00000000,00000191
402,106451000,00000000,000005F0,00000000,FFFF0000,0000DD03,3C004E20,2801E344,4002A816,00000000,00000192
403,97815600,00000000,000005FA,00000000,FFFF0000,0000DD03,3C004E20,2801E344,4002A816,00000000,00000193
404,96228200,00000000,00000604,00000000,FFFF0000,0000DD03,3C004E20,2801E344,4002A816,00000000,00000194
405,91253700,00000000,000005FA,00000000,FFFF0000,0000DD03,3C004E20,2801E344,4002A816,00000000,00000195
406,108944200,00000000,000005F0,00000000,FFFF0000,0000DD03,3C004E20,2801E344,4002A816,00000000,00000196
407,96160900,00000000,000005E6,00000000,FFFF0000,0000DD03,3C004E20,2801E344,4002A816,00000000,00000197
408,89927100,00000000,000005DC,00000000,FFFF0000,0000DD03,3C004E20,2801E344,4002A816,00000000,00000198
409,97604000,00000000,000005E6,00000000,FFFF0000,0000DD03,3C004E20,2801E344,4002A816,00000000,00000199
410,92515400,00000000,000005F0,00000000,FFFF0000,0000DD03,3C004E20,2801E344,4002A816,00000000,0000019A
411,96801200,00000000,000005FA,00000000,FFFF0000,0000DD03,3C004E20,2801E344,4002A816,00000000,0000019B
412,83469700,00000000,00000604,00000000,FFFF0000,0000DD03,3C004E20,2801E344,4002A816,00000000,0000019C
413,107288300,00000000,000005FA,00000000,FFFF0000,0000DD03,3C004E20,2801E344,4002A816,00000000,0000019D
414,90918300,00000000,000005F0,00000000,FFFF0000,0000DD03,3C004E20,2801E344,4002A816,00000000,0000019E
415,88590600,00000000,000005E6,00000000,FFFF0000,0000DD03,3C004E20,2801E344,4002A816,00000000,0000019F
416,89615900,00000000,000005DC,00000000,FFFF0000,0000DD03,3C004E20,2801E344,4002A816,00000000,000001A0
417,92471500,00000000,000005E6,00000000,FFFF0000,0000DD03,3C004E20,2801E344,4002A816,00000000,000001A1
418,93576400,00000000,000005F0,00000000,FFFF0000,0000DD03,3C004E20,2801E344,4002A816,00000000,000001A2
419,99693300,00000000,000005FA,00000000,FFFF0000,0000DD03,3C004E20,2801E344,4002A816,00000000,000001A3
420,106067800,00000000,00000604,00000000,FFFF0000,0000DD03,3C004E20,2801D179,4002A816,00000000,000001A4
421,95225500,00000000,000005FA,00000000,FFFF0000,0000DD03,3C004E20,2801D179,4002A816,00000000,000001A5
422,99513500,00000000,000005F0,00000000,FFFF0000,0000DD03,3C004E20,2801D179,4002A816,00000000,000001A6
423,94559700,00000000,000005E6,00000000,FFFF0000,0000DD03,3C004E20,2801D179,4002A816,00000000,000001A7
424,92370400,00000000,000005DC,00000000,FFFF0000,0000DD03,3C004E20,2801D179,4002A816,00000000,000001A8
425,84711900,00000000,000005E6,00000000,FFFF0000,0000DD03,3C004E20,2801D179,4002A816,00000000,000001A9
426,102092500,00000000,000005F0,00000000,FFFF0000,0000DD03,3C004E20,2801D179,4002A816,00000000,000001AA
427,91223100,00000000,000005FA,00000000,FFFF0000,0000DD03,3C004E20,2801D179,4002A816,00000000,000001AB
428,88165800,00000000,00000604,00000000,FFFF0000,0000DD03,3C004E20,2801D179,4002A816,00000000,000001AC
429,98211200,00000000,000005FA,00000000,FFFF0000,0000DD03,3C004E20,2801D179,4002A816,00000000,000001AD
430,87742700,00000000,000005F0,00000000,FFFF0000,0000DD03,3C004E20,2801D179,4002A816,00000000,000001AE
431,105137900,00000000,000005E6,00000000,FFFF0000,0000DD03,3C004E20,2801D179,4002A816,00000000,000001AF
432,102092600,00000000,000005DC,00000000,FFFF0000,0000DD03,3C004E20,2801D179,4002A816,00000000,000001B0
433,120198400,00000000,000005E6,00000000,FFFF0000,0000DD03,3C004E20,2801D179,4002A816,00000000,000001B1
434,91822500,00000000,000005F0,00000000,FFFF0000,0000DD03,3C004E20,2801D179,4002A816,00000000,000001B2
435,103534100,00000000,000005FA,00000000,FFFF0000,0000DD03,3C004E20,2801D179,4002A816,00000000,000001B3
436,100336400,00000000,00000604,00000000,FFFF0000,0000DD03,3C004E20,2801D179,4002A816,00000000,000001B4
437,93644100,00000000,000005FA,00000000,FFFF0000,0000DD03,3C004E20,2801D179,4002A816,00000000,000001B5
438,93611700,00000000,000005F0,00000000,FFFF0000,0000DD03,3C004E20,2801D179,4002A816,00000000,000001B6
439,81779600,00000000,000005E6,00000000,FFFF0000,0000DD03,3C004E20,2801D179,4002A816,00000000,000001B7
440,92658400,00000000,000005DC,00000000,FFFF0000,0000DD03,3C004E20,2801D179,4002A816,00000000,000001B8
441,101109300,00000000,000005E6,00000000,FFFF0000,0000DD03,3C004E20,2801D179,4002A816,00000000,000001B9
442,93152900,00000000,000005F0,00000000,FFFF0000,0000DD03,3C004E20,2801D179,4002A816,00000000,000001BA
443,101701000,00000000,000005FA,00000000,FFFF0000,0000DD03,3C004E20,2801D179,4002A816,00000000,000001BB
444,91483700,00000000,00000604,00000000,FFFF0000,0000DD03,3C004E20,2801D179,4002A816,00000000,000001BC
445,97437200,00000000,000005FA,00000000,FFFF0000,0000DD03,3C004E20,2801D179,4002A816,00000000,000001BD
446,89399900,00000000,000005F0,00000000,FFFF0000,0000DD03,3C004E20,2801D179,4002A816,00000000,000001BE
447,93099600,00000000,000005E6,00000000,FFFF0000,0000DD03,3C004E20,2801D179,4002A816,00000000,000001BF
448,88051700,00000000,000005DC,00000000,FFFF0000,0000DD03,3C004E20,2801D179,4002A816,00000000,000001C0
449,99951500,00000000,000005E6,00000000,FFFF0000,0000DD03,3C004E20,2801D179,4002A816,00000000,000001C1
450,93314600,00000000,000005F0,00000000,FFFF0000,0000DD03,3C004E20,2801BB48,4002A816,00000000,000001C2
451,104096600,00000000,000005FA,00000000,FFFF0000,0000DD03,3C004E20,2801BB48,4002A816,00000000,000001C3
452,87779500,00000000,00000604,00000000,FFFF0000,0000DD03,3C004E20,2801BB48,4002A816,00000000,000001C4
453,101077100,00000000,000005FA,00000000,FFFF0000,0000DD03,3C004E20,2801BB48,4002A816,00000000,000001C5
454,90716000,00000000,000005F0,00000000,FFFF0000,0000DD03,3C004E20,2801BB48,4002A816,00000000,000001C6
455,89246700,00000000,000005E6,00000000,FFFF0000,0000DD03,3C004E20,2801BB48,4002A816,00000000,000001C7
456,95260400,00000000,000005DC,00000000,FFFF0000,0000DD03,3C004E20,2801BB48,4002A816,00000000,000001C8
457,87757700,00000000,000005E6,00000000,FFFF0000,0000DD03,3C004E20,2801BB48,4002A816,00000000,000001C9
458,99520600,00000000,000005F0,00000000,FFFF0000,0000DD03,3C004E20,2801BB48,4002A816,00000000,000001CA
459,88774100,00000000,000005FA,00000000,FFFF0000,0000DD03,3C004E20,2801BB48,4002A816,00000000,000001CB
460,82337200,00000000,00000604,00000000,FFFF0000,0000DD03,3C004E20,2801BB48,4002A816,00000000,000001CC
461,101216400,00000000,000005FA,00000000,FFFF0000,0000DD03,3C004E20,2801BB48,4002A816,00000000,000001CD
462,98218900,00000000,000005F0,00000000,FFFF0000,0000DD03,3C004E20,2801BB48,4002A816,00000000,000001CE
463,88929000,00000000,000005E6,00000000,FFFF0000,0000DD03,3C004E20,2801BB48,4002A816,00000000,000001CF
464,88281200,00000000,000005DC,00000000,FFFF0000,0000DD03,3C004E20,2801BB48,4002A816,00000000,000001D0
465,84838700,00000000,000005E6,00000000,FFFF0000,0000DD03,3C004E20,2801BB48,4002A816,00000000,000001D1
466,87069200,00000000,000005F0,00000000,FFFF0000,0000DD03,3C004E20,2801BB48,4002A816,00000000,000001D2
467,99688400,00000000,000005FA,00000000,FFFF0000,0000DD03,3C004E20,2801BB48,4002A816,00000000,000001D3
468,95412500,00000000,00000604,00000000,FFFF0000,0000DD03,3C004E20,2801BB48,4002A816,00000000,000001D4
469,115742700,00000000,000005FA,00000000,FFFF0000,0000DD03,3C004E20,2801BB48,4002A816,00000000,000001D5
470,95293300,00000000,000005F0,00000000,FFFF0000,0000DD03,3C004E20,2801BB48,4002A816,00000000,000001D6
471,103833500,00000000,000005E6,00000000,FFFF0000,0000DD03,3C004E20,2801BB48,4002A816,00000000,000001D7
472,105696700,00000000,000005DC,00000000,FFFF0000,0000DD03,3C004E20,2801BB48,4002A816,00000000,000001D8
473,89150000,00000000,000005E6,00000000,FFFF0000,0000DD03,3C004E20,2801BB48,4002A816,00000000,000001D9
474,93380300,00000000,000005F0,00000000,FFFF0000,0000DD03,3C004E20,2801BB48,4002A816,00000000,000001DA
475,102225100,00000000,000005FA,00000000,FFFF0000,0000DD03,3C004E20,2801BB48,4002A816,00000000,000001DB
476,86665700,00000000,00000604,00000000,FFFF0000,0000DD03,3C004E20,2801BB48,4002A816,00000000,000001DC
477,79359300,00000000,000005FA,00000000,FFFF0000,0000DD03,3C004E20,2801BB48,4002A816,00000000,000001DD
478,83029700,00000000,000005F0,00000000,FFFF0000,0000DD03,3C004E20,2801BB48,4002A816,00000000,000001DE
479,88188900,00000000,000005E6,00000000,FFFF0000,0000DD03,3C004E20,2801BB48,4002A816,00000000,000001DF
480,105163600,00000000,000005DC,00000000,FFFF0000,0000DD03,3C004E20,2801A1BC,4002A816,00000000,000001E0
481,86737400,00000000,000005E6,00000000,FFFF0000,0000DD03,3C004E20,2801A1BC,4002A816,00000000,000001E1
482,106542400,00000000,000005F0,00000000,FFFF0000,0000DD03,3C004E20,2801A1BC,4002A816,00000000,000001E2
483,83631500,00000000,000005FA,00000000,FFFF0000,0000DD03,3C004E20,2801A1BC,4002A816,00000000,000001E3
484,79309300,00000000,00000604,00000000,FFFF0000,0000DD03,3C004E20,2801A1BC,4002A816,00000000,000001E4
485,93322000,00000000,000005FA,00000000,FFFF0000,0000DD03,3C004E20,2801A1BC,4002A816,00000000,000001E5
486,95642900,00000000,000005F0,00000000,FFFF0000,0000DD03,3C004E20,2801A1BC,4002A816,00000000,000001E6
487,90567600,00000000,000005E6,00000000,FFFF0000,0000DD03,3C004E20,2801A1BC,4002A816,00000000,000001E7
488,93385900,00000000,000005DC,00000000,FFFF0000,0000DD03,3C004E20,2801A1BC,4002A816,00000000,000001E8
489,88712700,00000000,000005E6,00000000,FFFF0000,0000DD03,3C004E20,2801A1BC,4002A816,00000000,000001E9
490,101201000,00000000,000005F0,00000000,FFFF0000,0000DD03,3C004E20,2801A1BC,4002A816,00000000,000001EA
491,90796200,00000000,000005FA,00000000,FFFF0000,0000DD03,3C004E20,2801A1BC,4002A816,00000000,000001EB
492,88617700,00000000,00000604,00000000,FFFF0000,0000DD03,3C004E20,2801A1BC,4002A816,00000000,000001EC
493,93778600,00000000,000005FA,00000000,FFFF0000,0000DD03,3C004E20,2801A1BC,4002A816,00000000,000001ED
494,96991000,00000000,000005F0,00000000,FFFF0000,0000DD03,3C004E20,2801A1BC,4002A816,00000000,000001EE
495,94393400,00000000,000005E6,00000000,FFFF0000,0000DD03,3C004E20,2801A1BC,4002A816,00000000,000001EF
496,96578300,00000000,000005DC,00000000,FFFF0000,0000DD03,3C004E20,2801A1BC,4002A816,00000000,000001F0
497,104753500,00000000,000005E6,00000000,FFFF0000,0000DD03,3C004E20,2801A1BC,4002A816,00000000,000001F1
498,81239700,00000000,000005F0,00000000,FFFF0000,0000DD03,3C004E20,2801A1BC,4002A816,00000000,000001F2
499,77234600,00000000,000005FA,00000000,FFFF0000,0000DD03,3C004E20,2801A1BC,4002A816,00000000,000001F3
500,96067400,00000000,00000604,00000000,FFFF0000,0000DD03,3C004E20,2801A1BC,4002A816,00000000,000001F4
501,94927000,00000000,000005FA,00000000,FFFF0000,0000DD03,3C004E20,2801A1BC,4002A816,00000000,000001F5
502,87723600,00000000,000005F0,00000000,FFFF0000,0000DD03,3C004E20,2801A1BC,4002A816,00000000,000001F6
503,107017800,00000000,000005E6,00000000,FFFF0000,0000DD03,3C004E20,2801A1BC,4002A816,00000000,000001F7
504,94028400,00000000,000005DC,00000000,FFFF0000,0000DD03,3C004E20,2801A1BC,4002A816,00000000,000001F8
505,93122400,00000000,000005E6,00000000,FFFF0000,0000DD03,3C004E20,2801A1BC,4002A816,00000000,000001F9
506,89868200,00000000,000005F0,00000000,FFFF0000,0000DD03,3C004E20,2801A1BC,4002A816,00000000,000001FA
507,107514800,00000000,000005FA,00000000,FFFF0000,0000DD03,3C004E20,2801A1BC,4002A816,00000000,000001FB
508,91164600,00000000,00000604,00000000,FFFF0000,0000DD03,3C004E20,2801A1BC,4002A816,00000000,000001FC
509,92383300,00000000,000005FA,00000000,FFFF0000,0000DD03,3C004E20,2801A1BC,4002A816,00000000,000001FD
510,89855200,00000000,000005F0,00000000,FFFF0000,0000DD03,3C004E20,2801856A,4002A816,00000000,000001FE
511,102238900,00000000,000005E6,00000000,FFFF0000,0000DD03,3C004E20,2801856A,4002A816,00000000,000001FF
512,91629800,00000000,000005DC,00000000,FFFF0000,0000DD03,3C004E20,2801856A,4002A816,00000000,00000200
513,89860300,00000000,000005E6,00000000,FFFF0000,0000DD03,3C004E20,2801856A,4002A816,00000000,00000201
514,112776400,00000000,000005F0,00000000,FFFF0000,0000DD03,3C004E20,2801856A,4002A816,00000000,00000202
515,92191100,00000000,000005FA,00000000,FFFF0000,0000DD03,3C004E20,2801856A,4002A816,00000000,00000203
516,100467400,00000000,00000604,00000000,FFFF0000,0000DD03,3C004E20,2801856A,4002A816,00000000,00000204
517,101590900,00000000,000005FA,00000000,FFFF0000,0000DD03,3C004E20,2801856A,4002A816,00000000,00000205
518,107833300,00000000,000005F0,00000000,FFFF0000,0000DD03,3C004E20,2801856A,4002A816,00000000,00000206
519,103530800,00000000,000005E6,00000000,FFFF0000,0000DD03,3C004E20,2801856A,4002A816,00000000,00000207
520,86148200,00000000,000005DC,00000000,FFFF0000,0000DD03,3C004E20,2801856A,4002A816,00000000,00000208
521,100430100,00000000,000005E6,00000000,FFFF0000,0000DD03,3C004E20,2801856A,4002A816,00000000,00000209
522,102024600,00000000,000005F0,00000000,FFFF0000,0000DD03,3C004E20,2801856A,4002A816,00000000,0000020A
523,91694100,00000000,000005FA,00000000,FFFF0000,0000DD03,3C004E20,2801856A,4002A816,00000000,0000020B
524,97764600,00000000,00000604,00000000,FFFF0000,0000DD03,3C004E20,2801856A,4002A816,00000000,0000020C
525,79833100,00000000,000005FA,00000000,FFFF0000,0000DD03,3C004E20,2801856A,4002A816,00000000,0000020D
526,84467300,00000000,000005F0,00000000,FFFF0000,0000DD03,3C004E20,2801856A,4002A816,00000000,0000020E
527,81750500,00000000,000005E6,00000000,FFFF0000,0000DD03,3C004E20,2801856A,4002A816,00000000,0000020F
528,79049500,00000000,000005DC,00000000,FFFF0000,0000DD03,3C004E20,2801856A,4002A816,00000000,00000210
529,101707600,00000000,000005E6,00000000,FFFF0000,0000DD03,3C004E20,2801856A,4002A816,00000000,00000211
530,91202900,00000000,000005F0,00000000,FFFF0000,0000DD03,3C004E20,2801856A,4002A816,00000000,00000212
531,94285900,00000000,000005FA,00000000,FFFF0000,0000DD03,3C004E20,2801856A,4002A816,00000000,00000213
532,94437600,00000000,00000604,00000000,FFFF0000,0000DD03,3C004E20,2801856A,4002A816,00000000,00000214
533,101786100,00000000,000005FA,00000000,FFFF0000,0000DD03,3C004E20,2801856A,4002A816,00000000,00000215
534,82644900,00000000,000005F0,00000000,FFFF0000,0000DD03,3C004E20,2801856A,4002A816,00000000,00000216
535,108385600,00000000,000005E6,00000000,FFFF0000,0000DD03,3C004E20,2801856A,4002A816,00000000,00000217
536,97696400,00000000,000005DC,00000000,FFFF0000,0000DD03,3C004E20,2801856A,4002A816,00000000,00000218
537,85525400,00000000,000005E6,00000000,FFFF0000,0000DD03,3C004E20,2801856A,4002A816,00000000,00000219
538,101923400,00000000,000005F0,00000000,FFFF0000,0000DD03,3C004E20,2801856A,4002A816,00000000,0000021A
539,94981000,00000000,000005FA,00000000,FFFF0000,0000DD03,3C004E20,2801856A,4002A816,00000000,0000021B
540,99306000,00000000,00000604,00000000,FFFF0000,0000DD03,3C004E20,280165D6,4002A816,00000000,0000021C
541,84423600,00000000,000005FA,00000000,FFFF0000,0000DD03,3C004E20,280165D6,4002A816,00000000,0000021D
542,89251600,00000000,000005F0,00000000,FFFF0000,0000DD03,3C004E20,280165D6,4002A816,00000000,0000021E
543,103235000,00000000,000005E6,00000000,FFFF0000,0000DD03,3C004E20,280165D6,4002A816,00000000,0000021F
544,94789100,00000000,000005DC,00000000,FFFF0000,0000DD03,3C004E20,280165D6,4002A816,00000000,00000220
545,84789600,00000000,000005E6,00000000,FFFF0000,0000DD03,3C004E20,280165D6,4002A816,00000000,00000221
546,89892600,00000000,000005F0,00000000,FFFF0000,0000DD03,3C004E20,280165D6,4002A816,00000000,00000222
547,99979200,00000000,000005FA,00000000,FFFF0000,0000DD03,3C004E20,280165D6,4002A816,00000000,00000223
548,93470700,00000000,00000604,00000000,FFFF0000,0000DD03,3C004E20,280165D6,4002A816,00000000,00000224
549,96070800,00000000,000005FA,00000000,FFFF0000,0000DD03,3C004E20,280165D6,4002A816,00000000,00000225
550,88773300,00000000,000005F0,00000000,FFFF0000,0000DD03,3C004E20,280165D6,4002A816,00000000,00000226
551,92352900,00000000,000005E6,00000000,FFFF0000,0000DD03,3C004E20,280165D6,4002A816,00000000,00000227
552,80100300,00000000,000005DC,00000000,FFFF0000,0000DD03,3C004E20,280165D6,4002A816,00000000,00000228
553,106712300,00000000,000005E6,00000000,FFFF0000,0000DD03,3C004E20,280165D6,4002A816,00000000,00000229
554,89900600,00000000,000005F0,00000000,FFFF0000,0000DD03,3C004E20,280165D6,4002A816,00000000,0000022A
555,107535400,00000000,000005FA,00000000,FFFF0000,0000DD03,3C004E20,280165D6,4002A816,00000000,0000022B
556,95334400,00000000,00000604,00000000,FFFF0000,0000DD03,3C004E20,280165D6,4002A816,00000000,0000022C
557,89795700,00000000,000005FA,00000000,FFFF0000,0000DD03,3C004E20,280165D6,4002A816,00000000,0000022D
558,97720000,00000000,000005F0,00000000,FFFF0000,0000DD03,3C004E20,280165D6,4002A816,00000000,0000022E
559,105326400,00000000,000005E6,00000000,FFFF0000,0000DD03,3C004E20,280165D6,4002A816,00000000,0000022F
560,100795900,00000000,000005DC,00000000,FFFF0000,0000DD03,3C004E20,280165D6,4002A816,00000000,00000230
561,105724800,00000000,000005E6,00000000,FFFF0000,0000DD03,3C004E20,280165D6,4002A816,00000000,00000231
562,102226600,00000000,000005F0,00000000,FFFF0000,0000DD03,3C004E20,280165D6,4002A816,00000000,00000232
563,90876400,00000000,000005FA,00000000,FFFF0000,0000DD03,3C004E20,280165D6,4002A816,00000000,00000233
564,96482100,00000000,00000604,00000000,FFFF0000,0000DD03,3C004E20,280165D6,4002A816,00000000,00000234
565,104161700,00000000,000005FA,00000000,FFFF0000,0000DD03,3C004E20,280165D6,4002A816,00000000,00000235
566,97560200,00000000,000005F0,00000000,FFFF0000,0000DD03,3C004E20,280165D6,4002A816,00000000,00000236
567,92957400,00000000,000005E6,00000000,FFFF0000,0000DD03,3C004E20,280165D6,4002A816,00000000,00000237
568,86916700,00000000,000005DC,00000000,FFFF0000,0000DD03,3C004E20,280165D6,4002A816,00000000,00000238
569,88957100,00000000,000005E6,00000000,FFFF0000,0000DD03,3C004E20,280165D6,4002A816,00000000,00000239
570,90812100,00000000,000005F0,00000000,FFFF0000,0000DD03,3C004E20,2801448A,4002A816,00000000,0000023A
571,76049100,00000000,000005FA,00000000,FFFF0000,0000DD03,3C004E20,2801448A,4002A816,00000000,0000023B
572,107053600,00000000,00000604,00000000,FFFF0000,0000DD03,3C004E20,2801448A,4002A816,00000000,0000023C
573,100614700,00000000,000005FA,00000000,FFFF0000,0000DD03,3C004E20,2801448A,4002A816,00000000,0000023D
574,80413300,00000000,000005F0,00000000,FFFF0000,0000DD03,3C004E20,2801448A,4002A816,00000000,0000023E
575,104472100,00000000,000005E6,00000000,FFFF0000,0000DD03,3C004E20,2801448A,4002A816,00000000,0000023F
576,91314400,00000000,000005DC,00000000,FFFF0000,0000DD03,3C004E20,2801448A,4002A816,00000000,00000240
577,92124400,00000000,000005E6,00000000,FFFF0000,0000DD03,3C004E20,2801448A,4002A816,00000000,00000241
578,91230400,00000000,000005F0,00000000,FFFF0000,0000DD03,3C004E20,2801448A,4002A816,00000000,00000242
579,85758000,00000000,000005FA,00000000,FFFF0000,0000DD03,3C004E20,2801448A,4002A816,00000000,00000243
580,107959500,00000000,00000604,00000000,FFFF0000,0000DD03,3C004E20,2801448A,4002A816,00000000,00000244
581,90685800,00000000,000005FA,00000000,FFFF0000,0000DD03,3C004E20,2801448A,4002A816,00000000,00000245
582,96182500,00000000,000005F0,00000000,FFFF0000,0000DD03,3C004E20,2801448A,4002A816,00000000,00000246
583,90790400,00000000,000005E6,00000000,FFFF0000,0000DD03,3C004E20,2801448A,4002A816,00000000,00000247
584,95224700,00000000,000005DC,00000000,FFFF0000,0000DD03,3C004E20,2801448A,4002A816,00000000,00000248
585,90960200,00000000,000005E6,00000000,FFFF0000,0000DD03,3C004E20,2801448A,4002A816,00000000,00000249
586,92257100,00000000,000005F0,00000000,FFFF0000,0000DD03,3C004E20,2801448A,4002A816,00000000,0000024A
587,102164100,00000000,000005FA,00000000,FFFF0000,0000DD03,3C004E20,2801448A,4002A816,00000000,0000024B
588,98681100,00000000,00000604,00000000,FFFF0000,0000DD03,3C004E20,2801448A,4002A816,00000000,0000024C
589,96642000,00000000,000005FA,00000000,FFFF0000,0000DD03,3C004E20,2801448A,4002A816,00000000,0000024D
590,94366600,00000000,000005F0,00000000,FFFF0000,0000DD03,3C004E20,2801448A,4002A816,00000000,0000024E
591,102421100,00000000,000005E6,00000000,FFFF0000,0000DD03,3C004E20,2801448A,4002A816,00000000,0000024F
592,85844500,00000000,000005DC,00000000,FFFF0000,0000DD03,3C004E20,2801448A,4002A816,00000000,00000250
593,84781300,00000000,000005E6,00000000,FFFF0000,0000DD03,3C004E20,2801448A,4002A816,00000000,00000251
594,83999200,00000000,000005F0,00000000,FFFF0000,0000DD03,3C004E20,2801448A,4002A816,00000000,00000252
595,88713000,00000000,000005FA,00000000,FFFF0000,0000DD03,3C004E20,2801448A,4002A816,00000000,00000253
596,102665100,00000000,00000604,00000000,FFFF0000,0000DD03,3C004E20,2801448A,4002A816,00000000,00000254
597,91368600,00000000,000005FA,00000000,FFFF0000,0000DD03,3C004E20,2801448A,4002A816,00000000,00000255
598,87792900,00000000,000005F0,00000000,FFFF0000,0000DD03,3C004E20,2801448A,4002A816,00000000,00000256
599,91670100,00000000,000005E6,00000000,FFFF0000,0000DD03,3C004E20,2801448A,4002A816,00000000,00000257
600,101639800,00000000,000005DC,00000000,FFFF0000,0000DD03,3C004E20,28012297,4002A816,00000000,00000258
601,106225000,00000000,000005E6,00000000,FFFF0000,0000DD03,3C004E20,28012297,4002A816,00000000,00000259
602,108276700,00000000,000005F0,00000000,FFFF0000,0000DD03,3C004E20,28012297,4002A816,00000000,0000025A
603,104331000,00000000,000005FA,00000000,FFFF0000,0000DD03,3C004E20,28012297,4002A816,00000000,0000025B
604,102483700,00000000,00000604,00000000,FFFF0000,0000DD03,3C004E20,28012297,4002A816,00000000,0000025C
605,109084600,00000000,000005FA,00000000,FFFF0000,0000DD03,3C004E20,28012297,4002A816,00000000,0000025D
606,111703900,00000000,000005F0,00000000,FFFF0000,0000DD03,3C004E20,28012297,4002A816,00000000,0000025E
607,127129500,00000000,000005E6,00000000,FFFF0000,0000DD03,3C004E20,28012297,4002A816,00000000,0000025F
608,111289700,00000000,000005DC,00000000,FFFF0000,0000DD03,3C004E20,28012297,4002A816,00000000,00000260
609,92390600,00000000,000005E6,00000000,FFFF0000,0000DD03,3C004E20,28012297,4002A816,00000000,00000261
610,93010400,00000000,000005F0,00000000,FFFF0000,0000DD03,3C004E20,28012297,4002A816,00000000,00000262
611,84774900,00000000,000005FA,00000000,FFFF0000,0000DD03,3C004E20,28012297,4002A816,00000000,00000263
612,96342500,00000000,00000604,00000000,FFFF0000,0000DD03,3C004E20,28012297,4002A816,00000000,00000264
613,92039900,00000000,000005FA,00000000,FFFF0000,0000DD03,3C004E20,28012297,4002A816,00000000,00000265
614,98302400,00000000,000005F0,00000000,FFFF0000,0000DD03,3C004E20,28012297,4002A816,00000000,00000266
615,104876400,00000000,000005E6,00000000,FFFF0000,0000DD03,3C004E20,28012297,4002A816,00000000,00000267
616,98804900,00000000,000005DC,00000000,FFFF0000,0000DD03,3C004E20,28012297,4002A816,00000000,00000268
617,107291600,00000000,000005E6,00000000,FFFF0000,0000DD03,3C004E20,28012297,4002A816,00000000,00000269
618,130284100,00000000,000005F0,00000000,FFFF0000,0000DD03,3C004E20,28012297,4002A816,00000000,0000026A
619,117550900,00000000,000005FA,00000000,FFFF0000,0000DD03,3C004E20,28012297,4002A816,00000000,0000026B
620,100456200,00000000,00000604,00000000,FFFF0000,0000DD03,3C004E20,28012297,4002A816,00000000,0000026C
621,119758300,00000000,000005FA,00000000,FFFF0000,0000DD03,3C004E20,28012297,4002A816,00000000,0000026D
622,115349200,00000000,000005F0,00000000,FFFF0000,0000DD03,3C004E20,28012297,4002A816,00000000,0000026E
623,134897800,00000000,000005E6,00000000,FFFF0000,0000DD03,3C004E20,28012297,4002A816,00000000,0000026F
624,128107500,00000000,000005DC,00000000,FFFF0000,0000DD03,3C004E20,28012297,4002A816,00000000,00000270
625,118112700,00000000,000005E6,00000000,FFFF0000,0000DD03,3C004E20,28012297,4002A816,00000000,00000271
626,105428200,00000000,000005F0,00000000,FFFF0000,0000DD03,3C004E20,28012297,4002A816,00000000,00000272
627,98613900,00000000,000005FA,00000000,FFFF0000,0000DD03,3C004E20,28012297,4002A816,00000000,00000273
628,99346300,00000000,00000604,00000000,FFFF0000,0000DD03,3C004E20,28012297,4002A816,00000000,00000274
629,107567700,00000000,000005FA,00000000,FFFF0000,0000DD03,3C004E20,28012297,4002A816,00000000,00000275
630,93609200,00000000,000005F0,00000000,FFFF0000,0000DD03,3C004E20,2800FB45,4002A816,00000000,00000276
631,93683300,00000000,000005E6,00000000,FFFF0000,0000DD03,3C004E20,2800FB45,4002A816,00000000,00000277
632,95283200,00000000,000005DC,00000000,FFFF0000,0000DD03,3C004E20,2800FB45,4002A816,00000000,00000278
633,91478100,00000000,000005E6,00000000,FFFF0000,0000DD03,3C004E20,2800FB45,4002A816,00000000,00000279
634,85149200,00000000,000005F0,00000000,FFFF0000,0000DD03,3C004E20,2800FB45,4002A816,00000000,0000027A
635,93654800,00000000,000005FA,00000000,FFFF0000,0000DD03,3C004E20,2800FB45,4002A816,00000000,0000027B
636,105148000,00000000,00000604,00000000,FFFF0000,0000DD03,3C004E20,2800FB45,4002A816,00000000,0000027C
637,92022300,00000000,000005FA,00000000,FFFF0000,0000DD03,3C004E20,2800FB45,4002A816,00000000,0000027D
638,95568800,00000000,000005F0,00000000,FFFF0000,0000DD03,3C004E20,2800FB45,4002A816,00000000,0000027E
639,104693000,00000000,000005E6,00000000,FFFF0000,0000DD03,3C004E20,2800FB45,4002A816,00000000,0000027F
640,95678000,00000000,000005DC,00000000,FFFF0000,0000DD03,3C004E20,2800FB45,4002A816,00000000,00000280
641,86273500,00000000,000005E6,00000000,FFFF0000,0000DD03,3C004E20,2800FB45,4002A816,00000000,00000281
642,100887800,00000000,000005F0,00000000,FFFF0000,0000DD03,3C004E20,2800FB45,4002A816,00000000,00000282
643,89453500,00000000,000005FA,00000000,FFFF0000,0000DD03,3C004E20,2800FB45,4002A816,00000000,00000283
644,96508800,00000000,00000604,00000000,FFFF0000,0000DD03,3C004E20,2800FB45,4002A816,00000000,00000284
645,86584800,00000000,000005FA,00000000,FFFF0000,0000DD03,3C004E20,2800FB45,4002A816,00000000,00000285
646,85712300,00000000,000005F0,00000000,FFFF0000,0000DD03,3C004E20,2800FB45,4002A816,00000000,00000286
647,83562500,00000000,000005E6,00000000,FFFF0000,0000DD03,3C004E20,2800FB45,4002A816,00000000,00000287
648,79670200,00000000,000005DC,00000000,FFFF0000,0000DD03,3C004E20,2800FB45,4002A816,00000000,00000288
649,89457500,00000000,000005E6,00000000,FFFF0000,0000DD03,3C004E20,2800FB45,4002A816,00000000,00000289
650,79839500,00000000,000005F0,00000000,FFFF0000,0000DD03,3C004E20,2800FB45,4002A816,00000000,0000028A
651,86895500,00000000,000005FA,00000000,FFFF0000,0000DD03,3C004E20,2800FB45,4002A816,00000000,0000028B
652,84734600,00000000,00000604,00000000,FFFF0000,0000DD03,3C004E20,2800FB45,4002A816,00000000,0000028C
653,87058000,00000000,000005FA,00000000,FFFF0000,0000DD03,3C004E20,2800FB45,4002A816,00000000,0000028D
654,76914800,00000000,000005F0,00000000,FFFF0000,0000DD03,3C004E20,2800FB45,4002A816,00000000,0000028E
655,81905600,00000000,000005E6,00000000,FFFF0000,0000DD03,3C004E20,2800FB45,4002A816,00000000,0000028F
656,100152500,00000000,000005DC,00000000,FFFF0000,0000DD03,3C004E20,2800FB45,4002A816,00000000,00000290
657,72377900,00000000,000005E6,00000000,FFFF0000,0000DD03,3C004E20,2800FB45,4002A816,00000000,00000291
658,102768900,00000000,000005F0,00000000,FFFF0000,0000DD03,3C004E20,2800FB45,4002A816,00000000,00000292
659,100634900,00000000,000005FA,00000000,FFFF0000,0000DD03,3C004E20,2800FB45,4002A816,00000000,00000293
660,100786600,00000000,00000604,00000000,FFFF0000,0000DD03,3C004E20,2800DA7D,4002A816,00000000,00000294
661,84787300,00000000,000005FA,00000000,FFFF0000,0000DD03,3C004E20,2800DA7D,4002A816,00000000,00000295
662,106881100,00000000,000005F0,00000000,FFFF0000,0000DD03,3C004E20,2800DA7D,4002A816,00000000,00000296
663,91402000,00000000,000005E6,00000000,FFFF0000,0000DD03,3C004E20,2800DA7D,4002A816,00000000,00000297
664,97489700,00000000,000005DC,00000000,FFFF0000,0000DD03,3C004E20,2800DA7D,4002A816,00000000,00000298
665,102707100,00000000,000005E6,00000000,FFFF0000,0000DD03,3C004E20,2800DA7D,4002A816,00000000,00000299
666,99148200,00000000,000005F0,00000000,FFFF0000,0000DD03,3C004E20,2800DA7D,4002A816,00000000,0000029A
667,93904600,00000000,000005FA,00000000,FFFF0000,0000DD03,3C004E20,2800DA7D,4002A816,00000000,0000029B
668,88528500,00000000,00000604,00000000,FFFF0000,0000DD03,3C004E20,2800DA7D,4002A816,00000000,0000029C
669,84405200,00000000,000005FA,00000000,FFFF0000,0000DD03,3C004E20,2800DA7D,4002A816,00000000,0000029D
670,86918300,00000000,000005F0,00000000,FFFF0000,0000DD03,3C004E20,2800DA7D,4002A816,00000000,0000029E
671,91258000,00000000,000005E6,00000000,FFFF0000,0000DD03,3C004E20,2800DA7D,4002A816,00000000,0000029F
672,105809400,00000000,000003D5,00000000,FFFF0000,0000DD03,3C004E20,2800DA7D,4002A816,00000000,000002A0
673,93463900,00000000,000003D5,00000000,FFFF0000,0000DD03,3C004E20,2800DA7D,4002A816,00000000,000002A1
674,96363000,00000000,000003D5,00000000,FFFF0000,0000DD03,3C004E20,2800DA7D,4002A816,00000000,000002A2
675,94455100,0000FFE5,000003CE,00000000,FFFF0000,00FFDD03,3C004E20,2800DA7D,4002A816,00000000,000002A3
676,93299100,00000024,000003D9,0000FFFF,00000000,0000DD03,3C004E20,2800DA7D,4002A816,00000000,000002A4
677,92449100,0000FFDB,000003D8,00000000,00000000,00FFDD03,3C004E20,2800DA7D,4002A816,00000000,000002A5
678,85565200,FFFF0081,000003D6,00000000,00000000,0000DD03,3C004E20,2800DA7D,4002A816,00000000,000002A6
679,93047500,000000D0,000003D5,0000FFFE,00000000,0000DD03,3C004E20,2800DA7D,4002A816,00000000,000002A7
680,93737400,000100C7,000003D5,FFF1FFFF,00000000,0000DD03,3C004E20,2800DA7D,4002A816,00000020,000002A8
681,89029000,FFFF0131,000003D5,000DFFFF,00010000,0000DD02,3C004E20,2800DA7D,4002A816,00000020,000002A9
682,93080400,FFFD00F8,000003D5,FFF6FFFF,00010000,0000DD02,3C004E20,2800DA7D,4002A816,00000020,000002AA
683,89541200,0004012C,000003D5,FFFEFFFF,00010000,0001DD02,3C004E20,2800DA7D,4002A816,00000020,000002AB
684,101209900,FFFF00FC,000003D5,00100000,00010000,0001DD03,3C004E20,2800DA7D,4002A816,00000020,000002AC
685,96284500,00050115,000003D5,FFF70000,00010000,0001DD01,3C004E20,2800DA7D,4002A816,00000020,000002AD
686,94647900,FFFB013D,000003D5,0001FFFF,00020000,0001DD01,3C004E20,2800DA7D,4002A816,00000020,000002AE
687,93918300,00000101,000003D5,FFF50000,00020000,0001DD00,3C004E20,2800DA7D,4002A816,00000020,000002AF
688,76376000,FFFF0144,000003D5,0004FFFF,00020000,0002DD00,3C004E20,2800DA7D,4002A816,00000020,000002B0
689,96667200,0000010D,000003D5,00010000,00020000,0002DD01,3C004E20,2800DA7D,4002A816,00000020,000002B1
690,98049200,00010131,000003D5,00000000,00020000,0002DD01,3C004E20,2800B9E9,4002A816,00000020,000002B2
691,94705700,000100F2,000003D5,00000000,00020000,0002DD01,3C004E20,2800B9E9,5002A816,00000020,000002B3
692,84229900,0000012D,000003D5,00000000,00020000,0003DD01,3C004E20,2800B9E9,5002A816,00000020,000002B4
693,96633200,FFFF0103,000003D5,00000000,00020000,0003DD01,3C004E20,2800B9E9,5002A816,00000020,000002B5
694,95915400,00000133,000003D5,00000000,00020000,0003DD01,3C004E20,2800B9E9,5002A816,00000020,000002B6
695,93347900,00010109,000003D5,00000000,00020000,0003DD01,3C004E20,2800B9E9,5002A816,00000020,000002B7
696,100666800,FFFF0131,000003D5,00000000,00020000,0004DD01,3C004E20,2800B9E9,5002A816,00000020,000002B8
697,98338800,00020109,000003D5,00000000,00020000,0004DD01,3C004E20,2800B9E9,5002A816,00000020,000002B9
698,89941900,FFFE012A,000003D5,00000000,00020000,0004DD01,3C004E20,2800B9E9,5002A816,00000020,000002BA
699,95759200,0001010B,000003D5,00000000,00020000,0004DD01,3C004E20,2800B9E9,5002A816,00000020,000002BB
700,89150000,FFFF00FF,000003D5,00000000,00020000,0004DD01,3C004E20,2800B9E9,5002A816,00000020,000002BC
701,77174300,000000FB,000003D5,00000000,00020000,0005DD01,3C004E20,2800B9E9,5002A816,00000020,000002BD
702,98703800,00000109,000003D5,00000000,00020000,0005DD01,3C004E20,2800B9E9,5002A816,00000020,000002BE
703,101515800,FFFF0107,000003D5,00000000,00020000,0005DD01,3C004E20,2800B9E9,5002A816,00000020,000002BF
704,91517800,0001010F,000003D5,00000000,00020000,0005DD01,3C004E20,2800B9E9,6002A816,00000020,000002C0
705,102010700,FFFF010A,000003D5,00000000,00020000,0005DD01,3C004E20,2800B9E9,6002A816,00000020,000002C1
706,85432500,FFFC010E,FFEA03DB,FFFFFFF9,00020003,0006DD00,3C004E20,2800B9E9,6002A816,00000020,000002C2
707,91850300,FFF90104,FFE403E9,FFFFFFF0,0006000B,0006DD00,3C004E20,2800B9E9,600AA816,00000020,000002C3
708,96929400,006400FE,FFFB03F3,0043FFE3,000D000F,0006DD0B,3C004E20,2800B9E9,600AA816,00000020,000002C4
709,95603800,009300F0,FFFF03E4,0068FFEA,00150010,0006DD25,3C004E20,2800B9E9,600AA816,00000020,000002C5
710,83800000,005200FE,FFE603ED,0078FFD1,00200017,0006DD46,3C004E20,2800B9E9,600AA816,00000020,000002C6
711,97910000,005400FB,FFFA03CB,0082FFE9,0029001B,0007DD6A,3C004E20,2800B9E9,600AA816,00000020,000002C7
712,104186100,00390107,FFEC03F8,0088FFD3,00370024,0007DD91,3C004E20,2800B9E9,600AA816,00000020,000002C8
713,89493100,003F0106,FFB403BE,008BFFD2,0042002E,0007DDB8,3C004E20,2800B9E9,600AA816,00000020,000002C9
714,102540100,00450115,FFBE03FA,008FFFC5,00520038,0007DDE1,3C004E20,2800B9E9,600AA816,00000020,000002CA
715,89202900,00500115,FFF603C6,0095FFD6,00600039,0007DE0C,3C004E20,2800B9E9,600AA816,00000020,000002CB
716,92138100,00300114,FFE403CF,0095FFCF,006D0041,0008DE37,3C004E20,2BFCB9E9,6012A816,00000020,000002CC
717,83434900,0037009A,FFEB05FA,00B0FFCE,007A0043,0008DE68,3C004E20,2800B9E9,601AA816,00000020,000002CD
718,101081600,009C011C,001105F0,00DCFFED,0083003E,0008DEA4,3C004E20,2800B9E9,70223016,00000020,000002CE
719,98289000,00F6009A,FFF505E6,016A0013,00800041,0008DEF8,3C004E20,2BFCB9E9,7029E016,00000010,000002CF
720,94852500,002100C5,FB0705DC,01A8FE98,00A300E3,0108DF6C,3C004E20,00009B18,7019B016,00000010,000002D0
721,96701200,01D8005C,01AD05E6,013EFEA2,00F20134,0008DFE4,3C004E20,28009B18,70319016,00000010,000002D1
722,82589900,0160FFBA,016105F0,0137FF27,013C00BD,0008E043,3C004E20,28009B18,70398016,00000020,000002D2
723,80819900,0025FF04,012205FA,018EFFEA,0153006E,0008E0AD,3C004E20,2BFC9B18,70416816,00000010,000002D3
724,86279800,003CFF53,00750604,014100D3,012E0039,0008E110,3C004E20,2BFC9B18,70495816,00000020,000002D4
725,108897800,FFFCFF69,004005FA,01420192,00D10029,0008E16B,3C004E20,2BF89B18,70514016,00000010,000002D5
726,90892700,00AAFE6A,FF9B05F0,01A40157,0054003A,0007E1C9,3C004E20,2BFC9B18,70592816,00000010,000002D6
727,94239200,02B6F88D,FFC805E6,01CE00B7,000D0050,0105E24A,3C004E20,2BFC9B18,60591816,00000010,000002D7
728,84871200,013CF800,003F05DC,01A20068,FFE5002D,0103E2CD,3C004E20,2BFC9B18,60591016,00000010,000002D8
729,82686200,FFA2F9C4,FFFE05E6,0111002B,FFD30029,0002E32B,3C004E20,2BFC9B18,50591016,00000020,000002D9
730,95207200,FF8AFABF,FFEB05F0,0092000B,FFCC002C,0001E366,3C004E20,28009B18,50591016,00000020,000002DA
731,86787800,FDFCF909,FFF005FA,FFE0FFFA,FFCB0031,FF00E36A,3C004E20,28009B18,40611016,00000000,000002DB
732,105108500,FF41FC1A,FFF60604,0000FFEF,FFCF0034,0000E36A,3C004E20,28009B18,40610816,00000000,000002DC
733,86213300,FFF8FFFB,FFF805FA,0000FFED,FFD50037,0000E36A,3C004E20,28009B18,40610816,00000000,000002DD
734,85532300,FFF7FFF8,FFFA05F0,0000FFF0,FFDA0038,0000E36B,3C004E20,28009B18,40610816,00000000,000002DE
735,102030100,FFF4FFF6,FFFB05E6,0001FFF3,FFDE003A,0000E36B,3C004E20,28009B18,40610816,00000000,000002DF
736,90315300,FFF7FFF9,FFFD05DC,0000FFF6,FFE1003B,0000E36B,3C004E20,28009B18,40610816,00000000,000002E0
737,80560000,FFF7FFFA,FFFD05E6,0000FFF9,FFE3003C,0000E36B,3C004E20,28009B18,40610816,00000000,000002E1
738,93732100,FFF5FFFC,FFFE05F0,0000FFFA,FFE5003D,0000E36B,3C004E20,28009B18,40610816,00000000,000002E2
739,85677500,FFF5FFFA,FFFF05FA,0000FFFC,FFE6003D,0000E36B,3C004E20,28009B18,40610816,00000000,000002E3
740,109717000,FFF7FFFC,FFFF0604,0000FFFE,FFE7003D,0000E36B,3C004E20,28009B18,40610816,00000000,000002E4
741,89652500,FFF4FFFB,FFFF05FA,0000FFFE,FFE7003D,0000E36C,3C004E20,28009B18,40610816,00000000,000002E5
742,93889100,FFF7FFFB,FFFF05F0,0000FFFE,FFE8003D,0000E36C,3C004E20,28009B18,40610816,00000000,000002E6
743,77341600,FFF5FFFC,000005E6,0000FFFE,FFE8003D,0000E36C,3C004E20,28009B18,40610816,00000000,000002E7
744,84227300,FFF6FFFC,000005DC,0000FFFF,FFE9003D,0000E36C,3C004E20,28009B18,40610816,00000000,000002E8
745,86903400,FFF5FFFD,000005E6,0000FFFF,FFE9003D,0000E36C,3C004E20,28009B18,40610816,00000000,000002E9
746,90051700,FFF6FFFC,000005F0,0000FFFF,FFE9003E,0000E36C,3C004E20,28009B18,40610816,00000000,000002EA
747,109413100,FFF6FFFB,000005FA,0000FFFF,FFEA003E,0000E36C,3C004E20,28009B18,40610816,00000000,000002EB
748,95448900,FFF6FFFD,00000604,00000000,FFEA003D,0000E36C,3C004E20,28009B18,40610816,00000000,000002EC
749,92948900,FFF5FFFB,000005FA,00000000,FFEA003D,0000E36C,3C004E20,28009B18,40610816,00000000,000002ED
750,93247600,FFF6FFFC,000005F0,00000000,FFEA003D,0000E36C,3C004E20,28007F96,40610816,00000000,000002EE
751,95252200,FFF6FFFC,000005E6,00000000,FFEA003D,0000E36C,3C004E20,28007F96,40610816,00000000,000002EF
752,87265800,FFF5FFFD,000005DC,00000000,FFEA003D,0000E36C,3C004E20,28007F96,40610816,00000000,000002F0
753,81693200,FFF6FFFB,000005E6,00000000,FFEA003D,0000E36C,3C004E20,28007F96,40610816,00000000,000002F1
754,98356100,FFF6FFFC,000005F0,00000000,FFEA003D,0000E36C,3C004E20,28007F96,40610816,00000000,000002F2
755,86342100,FFF6FFFC,000005FA,00000000,FFEA003D,0000E36C,3C004E20,28007F96,40610816,00000000,000002F3
756,74950200,FFF6FFFC,00000604,00000000,FFEA003D,0000E36C,3C004E20,28007F96,40610816,00000000,000002F4
757,82140000,FFF7FFFD,000003D5,00000000,FFEA003D,0000E36C,3C004E20,28007F96,40610816,00000000,000002F5
758,91860200,FFF1FFEB,000003D5,FFE80000,FFEB003D,FFFFE36A,3C004E20,28007F96,40610816,00000000,000002F6
759,77153300,0005001A,000003D5,00130000,FFEB003D,0000E36A,3C004E20,28007F96,40610816,00000000,000002F7
760,82499900,FFEFFFF4,000003D5,FFFC0000,FFEB003D,FF00E36A,3C004E20,28007F96,40610816,00000000,000002F8
761,83131200,00230062,FFFD03D8,00420001,FFEA003D,0000E373,3C004E20,28007F96,40610816,00000000,000002F9
762,85154400,0020006C,FFFC03D8,00460002,FFEA003E,0000E383,3C004E20,28007F96,40590816,00000000,000002FA
763,76765000,0029008F,FFFD03D6,00570003,FFE9003F,0000E39C,3C004E20,28007F96,40591016,00000000,000002FB
764,75868400,005700B9,000003D2,00800003,FFE8003F,0000E3BF,3C004E20,28007F96,40591016,00000020,000002FC
765,84665400,003E006B,FFFF03D4,009B0003,FFE7003F,0000E3E6,3C004E20,28007F96,40591016,00000020,000002FD
766,93355200,005500B7,FFFE03D3,00C20003,FFE5003E,0000E417,3C004E20,28007F96,40591016,00000020,000002FE
767,78862300,0043007B,FFFE03D5,00C70003,FFE4003E,0000E44F,3C004E20,28007F96,40591016,00000020,000002FF
768,95309200,004C0079,FFFD03D3,00EE0004,FFE2003D,0000E491,3C004E20,28007F96,40591016,00000020,00000300
769,84813000,0042008F,FFFD03D7,011E0004,FFE0003C,0001E4DC,3C004E20,28007F96,40591816,00000020,00000301
770,89609700,0043005A,FFFC03D6,01180004,FFDD003B,0001E52B,3C004E20,28007F96,40591816,00000020,00000302
771,94511500,00590090,FFFF03CE,01420005,FFDB003B,0001E583,3C004E20,2BFC7F96,40591816,00000020,00000303
772,84377000,005E008D,FFFC03CE,01580004,FFD9003B,0001E5E3,3C004E20,2BFC7F96,40512016,00000010,00000304
773,96216700,FF03FE76,FFFA03DC,00FF0004,FFD7003B,0000E63F,3C004E20,28007F96,40512016,00000020,00000305
774,91775000,FE5AFBDC,FFFB03E4,003E0007,FFD5003D,0000E652,3C004E20,28007F96,40512016,00000000,00000306
775,82482200,003800D5,FFFC03C8,00750002,FFD4003E,0000E66B,3C004E20,28007F96,40512816,00000020,00000307
776,93419700,004500DF,FFFE03D1,00940000,FFD3003F,0000E690,3C004E20,28007F96,40512816,00000020,00000308
777,85056200,006C00CE,FFFF03D1,00AF0000,FFD2003F,0000E6BF,3C004E20,28007F96,40512816,00000020,00000309
778,82172200,004600A7,FFFE03D3,00C30000,FFD2003F,0000E6F5,3C004E20,2BFC7F96,40512816,00000020,0000030A
779,84577100,FFC3FFFB,FF380583,00930064,FFA5008E,0001E731,3C004E20,28007F96,40512816,00000020,0000030B
780,84472900,0210018E,006E029E,00BFFFD4,FF9C008E,0001E760,3C004E20,2BFC686A,40513016,00000020,0000030C
781,74284100,004D0137,0145017C,0145FF25,FFCE0032,0001E7AE,3C004E20,2BFC686A,40493016,00000020,0000030D
782,92523900,FF63003A,00820462,015BFFC9,FFEF0001,0001E80E,3C004E20,2BFC686A,40493016,00000010,0000030E
783,80954700,00350004,00010507,01580009,FFF3FFF5,0001E86F,3C004E20,2BFC686A,40493816,00000010,0000030F
784,85623500,002400B1,FFCE042F,0148001D,FFECFFFE,0001E8D1,3C004E20,2800686A,40494016,00000020,00000310
785,83790800,005900D9,FFC403E5,0171001D,FFE4000E,0102E936,3C004E20,2800686A,40414016,00000010,00000311
786,85740100,003E00EA,FFC703CA,01580018,FFDC001E,0102E99A,3C004E20,2800686A,40414816,00000010,00000312
787,93874800,004400FD,FFD503C6,01860012,FFD5002C,0102EA05,3C004E20,2800686A,40414816,00000010,00000313
788,98681500,005C00C2,FFE003C9,0194000D,FFD00035,0102EA77,3C004E20,2800686A,40414816,00000010,00000314
789,100725300,007A00DF,FFEB03CC,01BC0008,FFCC003B,0102EAF1,3C004E20,2800686A,50415016,00000010,00000315
790,87426500,FFDAFFEC,0107041B,01E3FF7B,FFC20043,0102EB77,3C004E20,2BFC686A,50415016,00000010,00000316
791,95177800,00D400EF,002C029F,01BEFFD1,FFD70022,0102EBFA,3C004E20,2BFC686A,50415016,00000010,00000317
792,95438900,008B005A,FFFA047F,01E60003,FFD9001C,0103EC80,3C004E20,2BFC686A,50415016,00000010,00000318
793,74886100,007A0088,FFE20413,01DD0010,FFD50022,0103ED09,3C004E20,2BFC686A,50415816,00000010,00000319
794,96005200,028FFFAA,00D706E9,0203009E,FF7BFF72,0103ED9B,3C004E20,2800686A,50415816,00000010,0000031A
795,92422000,FF6B004E,FF660327,02040054,FF40FF5C,0103EE30,3C004E20,2800686A,50396016,00000010,0000031B
796,107926900,FFCD0153,FF1101B9,020EFFBC,FF3FFF83,0103EEC7,3C004E20,2800686A,50396816,00000010,0000031C
797,70853100,006A0103,FF610270,0203FF85,FF64FFBF,0103EF5B,3C004E20,2BFC686A,50396816,00000010,0000031D
798,90450100,00D50098,FFBE03F4,0229FF9A,FF85FFD7,0103EFF5,3C004E20,2BFC686A,50397016,00000010,0000031E
799,72664200,00B70098,00050419,0227FFA8,FFA1FFDA,0104F093,3C004E20,2BFC686A,50397016,00000010,0000031F
800,84691700,00AA0096,0022041A,024CFFBA,FFB9FFD0,0104F137,3C004E20,2BFC686A,50397816,00000010,00000320
801,97440300,00C90092,004A0415,024AFFC1,FFCEFFBD,0104F1DF,3C004E20,2800686A,50317016,00000010,00000321
802,80084800,008A00C6,005D0406,023CFFC8,FFE0FFA4,0104F284,3C004E20,2800686A,50317816,00000010,00000322
803,92747300,007E00CB,003D0416,0223FFB9,FFF6FF8E,0104F322,3C004E20,2800686A,50319016,00000010,00000323
804,103352600,00A800A4,00320417,0239FFB0,000FFF80,0104F3C2,3C004E20,2800686A,50299816,00000010,00000324
805,92778500,008B00CD,001E040D,01FCFFA2,002DFF78,0105F459,3C004E20,2800686A,5029A016,00000010,00000325
806,85989000,007B00CA,000903FC,01FFFF98,004DFF74,0105F4EA,3C004E20,2800686A,5029A816,00000010,00000326
807,82365000,00B400B4,FFFC03F1,01F2FF8E,0070FF75,0105F57A,3C004E20,2800686A,6029B016,00000010,00000327
808,93500700,00C300A8,FFF203E9,0207FF88,0095FF7C,0105F60B,3C004E20,2800686A,6029B816,00000010,00000328
809,86246100,00D900AB,FFE303DC,0202FF83,00BCFF87,0105F69E,3C004E20,2800686A,6021C816,00000010,00000329
810,103278000,008D00D6,FFE003CA,01DEFF83,00E2FF95,0105F72A,3C004E20,280053AA,6021D016,00000010,0000032A
811,85897200,007100E6,FFB703B1,01C1FF92,0106FFAB,0105F7AD,3C004E20,2BFC53AA,6021E016,00000010,0000032B
812,92546700,009B00CF,FFB603A1,01C8FF9C,0126FFC8,0106F82E,3C004E20,2BFC53AA,6021F016,00000010,0000032C
813,91586300,00CA00D2,FFE803AB,01C6FFB1,0141FFDF,0106F8B0,3C004E20,2BFC53AA,601A0016,00000010,0000032D
814,81327800,008C00E2,003203BA,019DFFD6,0152FFDF,0106F92B,3C004E20,2BFC53AA,601A1016,00000010,0000032E
815,90031700,005400F5,005003C4,0183FFEB,015BFFD3,0006F99D,3C004E20,2BFC53AA,60124816,00000010,0000032F
816,79090300,001300F1,004B03F8,013F0005,015DFFC4,0006F9FF,3C004E20,2BFC53AA,60125816,00000020,00000330
817,94274200,000100E4,FFEC0435,01190022,0157FFC1,0006FA54,3C004E20,2BFC53AA,60126816,00000020,00000331
818,102690500,004800C8,FFF20411,0111004D,0146FFCD,0007FAA3,3C004E20,2BFC53AA,60127816,00000020,00000332
819,86083500,008800C3,000903ED,010F0077,0129FFD3,0007FAF1,3C004E20,2BFC53AA,60128816,00000020,00000333
820,87998000,008200C4,000A03E1,01120093,0103FFD4,0007FB3F,3C004E20,2BFC53AA,60129016,00000020,00000334
821,97335400,008100C8,000303DE,0116009F,00D7FFD6,0007FB8F,3C004E20,2BFC53AA,6012A016,00000020,00000335
822,111939100,008700CC,FFFE03D7,011A00A1,00A9FFD8,0007FBE0,3C004E20,280053AA,6012B816,00000020,00000336
823,89053300,008E00CB,FFF403C9,011E0099,007DFFDD,0007FC31,3C004E20,280053AA,6012C816,00000020,00000337
824,82789500,009300CD,FFE403C2,01220088,0054FFE3,0007FC84,3C004E20,280053AA,600AE016,00000020,00000338
825,83451100,001F00AD,FFE30374,00EE0059,0034FFEF,0008FCCB,3C004E20,280053AA,600B0016,00000020,00000339
826,86268600,0001FFF2,FFF90358,00C90038,0021FFF3,0007FD09,3C004E20,280053AA,700B1816,00000020,0000033A
827,90963100,002E0036,FFFF038F,00BB0028,0015FFF4,0008FD40,3C004E20,280053AA,600B3016,00000020,0000033B
828,79575500,0038004A,FFF803BF,00A5002C,0009FFF5,0008FD72,3C004E20,280053AA,700B4016,00000020,0000033C
829,87881100,004800A7,FFF203FF,009E0035,FFF9FFFA,0008FDA0,3C004E20,280053AA,700B5816,00000020,0000033D
830,80405800,00510115,FFF40397,00930010,FFF0FFFF,0008FDCD,3C004E20,280053AA,700B6816,00000020,0000033E
831,88086700,006401DB,FFFF0381,009FFFF9,FFF00000,0008FDFB,3C004E20,280053AA,700B8016,00000020,0000033F
832,100958100,00630217,000103AE,00A1FFF3,FFF30000,0009FE28,3C004E20,280053AA,B00B9816,00000020,00000340
833,76991300,00650241,000203CA,00B0FFF2,FFF7FFFF,0009FE59,3C004E20,2BFC53AA,900BC016,00000020,00000341
834,114821000,006201A9,000103D8,00AEFFF6,FFFBFFFF,000AFE8B,3C004E20,2BFC53AA,900BF016,00000020,00000342
835,87706800,006C0190,000103DD,00B5FFF8,FFFDFFFF,000AFEBF,3C004E20,2BFC53AA,90042816,00000020,00000343
836,89529800,000F013B,FFFE03DE,0073FFFB,FFFFFFFF,000AFEE7,3C004E20,2BFC53AA,90046816,00000020,00000344
837,88240500,FFE20143,000C03DA,00480000,0000FFFE,000AFF01,3C004E20,2BFC53AA,9004A816,00000020,00000345
838,109882500,00140111,004F03BC,0034001A,FFFCFFF0,000BFF11,3C004E20,2BFC53AA,9004C816,00000020,00000346
839,79610000,0036011A,00B4038F,00160042,FFEEFFC8,FF0BFF1B,3C004E20,2BFC53AA,9004E016,00000020,00000347
840,81733300,FFE200F8,002403B7,00110034,FFDDFFAA,FF0BFF21,3C004E20,2BFC428C,9004E016,00000022,00000348
841,92328900,FFA90114,FFAD03C0,00030043,FFCAFFBC,FF0BFF24,3C004E20,2BFC428C,9004E016,00000022,00000349
842,100059800,003900E4,FFEA03EE,0002002C,FFBCFFC8,FF0BFF25,3C004E20,2800428C,9004E016,00000022,0000034A
843,98735600,002B0114,FFF903FE,FFFC001E,FFB2FFCB,FF0CFF24,3C004E20,2800428C,9004E016,00000022,0000034B
844,87802500,000E00E5,FFFE03F2,FFFC001B,FFAAFFCC,FF0CFF23,3C004E20,2800428C,9004D016,00000022,0000034C
845,85758100,00120109,003503E2,FFFC0005,FFA4FFC9,FF0CFF22,3C004E20,2800428C,9004D016,00000022,0000034D
846,92788500,008F00F1,0142041B,0005FF92,FFB8FF7E,FF0CFF22,3C004E20,2800428C,9004C016,00000022,0000034E
847,103762700,FFD40132,009A0387,0003FFAC,FFD6FF3D,FF0CFF23,3C004E20,2800428C,9004C016,00000022,0000034F
848,91286900,FF3100E2,FECD03FC,FFF4FF4E,FFFBFF61,FF0DFF20,3C004E20,2800428C,9004B816,00000022,00000350
849,86093000,FFCF0117,FEF2045D,FFEEFF58,0030FFC0,000DFF1A,3C004E20,2800428C,9004B016,00000022,00000351
850,86699900,00B800E8,FFC303CF,FFF1FFA7,0052FFE5,000DFF15,3C004E20,2BFC428C,90049816,00000022,00000352
851,99541000,00430101,FFFB0386,FFFAFFD4,0063FFEB,000DFF13,3C004E20,2BFC428C,90049016,00000022,00000353
852,88649900,000900FF,004A03A8,FFFD0001,006CFFE6,000DFF12,3C004E20,2BFC428C,90048816,00000022,00000354
853,88886800,003400CC,007F0482,000E003E,005BFFBB,FF0EFF15,3C004E20,2BFC428C,90048016,00000022,00000355
854,76697800,FFBD0121,FFEA03A6,00090036,004FFFAB,FF0EFF18,3C004E20,2BFC428C,90048016,00000022,00000356
855,95225500,FF9200D5,FF3E0486,FFFC0089,0030FFD5,FF0EFF1A,3C004E20,2800428C,90048016,00000022,00000357
856,84673600,002A00F2,FFAD0413,0002005B,000DFFFF,000EFF1A,3C004E20,2800428C,90047816,00000022,00000358
857,95164300,0062015E,FFF6032D,00010022,FFFD0008,000EFF1B,3C004E20,2800428C,90047816,00000022,00000359
858,104394100,00130123,00050369,00000008,FFF90008,000FFF1B,3C004E20,2800428C,A0047016,00000022,0000035A
859,84262700,0000012C,0006039E,0001FFFD,FFF90006,000FFF1B,3C004E20,2800428C,A0047016,00000022,0000035B
860,90288800,FFFB0114,000503BD,0000FFFA,FFFA0004,000FFF1B,3C004E20,2800428C,A0047016,00000022,0000035C
861,87573500,FFFD0126,000403CE,0000FFF9,FFFC0003,000FFF1B,3C004E20,2800428C,A0047016,00000022,0000035D
862,83649600,FFFE0114,000303D6,0000FFFB,FFFE0002,0010FF1B,3C004E20,2BFC428C,A0046816,00000022,0000035E
863,86065500,FFFE012B,000203DA,0000FFFC,FFFF0002,0010FF1B,3C004E20,2BFC428C,A0046816,00000022,0000035F
864,88402200,0000011C,000103DB,0000FFFD,00000001,0010FF1C,3C004E20,2BFC428C,A0046816,00000022,00000360
865,90016300,FFFF0133,000103DA,0000FFFE,00010001,0010FF1C,3C004E20,2BFC428C,A0046816,00000022,00000361
866,104881100,00010124,000103D9,0000FFFF,00010001,0010FF1C,3C004E20,2800428C,A0046016,00000022,00000362
867,84923800,FFFE0139,000003D8,0000FFFF,00010000,0011FF1C,3C004E20,2800428C,A0046016,00000022,00000363
868,86006900,0001012C,000003D7,00000000,00020000,0011FF1C,3C004E20,2800428C,A0046016,00000022,00000364
869,88671100,0001013E,000003D6,00000000,00020000,0011FF1C,3C004E20,2800428C,A0046016,00000022,00000365
870,83662800,FFFF012A,000003D6,00000000,00020000,0011FF1C,3C004E20,28003582,A0046016,00000022,00000366
871,97752900,000100D3,000003D6,00000000,00020000,0012FF1C,3C004E20,28003582,A0046016,00000022,00000367
872,83288900,FFFC002B,FFF803BD,00000021,FFFE0001,0012FF1C,3C004E20,2BFC3582,A0045816,00000022,00000368
873,91197300,0005FFAF,FFFD034E,FFFF0075,FFE70000,0011FF1B,3C004E20,2BFC3582,A0045816,00000022,00000369
874,85185400,FFF5FF45,FFF402A3,00000114,FFAB0004,0011FF1B,3C004E20,27FC3582,A2036816,00000022,0000036A
875,86517700,001EFF2C,001F0316,FFFD00B8,FF60FFFA,0011FF1B,3C004E20,2BFC3582,A0044016,00000022,0000036B
876,100361600,FFEBFF49,000604E2,FFFF003F,FF42FFF6,0011FF1B,3C004E20,24003582,A2035016,00000022,0000036C
877,95165700,FFF9FF52,FFF20483,FFFCFFEB,FF3EFFF6,0011FF1A,3C004E20,28003582,A00C2816,00000022,0000036D
878,90989000,0063FF16,000A03B5,0049FF8B,FF54FFF5,0011FF26,3C004E20,28003582,A00C1016,00000022,0000036E
879,79618800,00BFFF91,FFFB02C6,0092FEF8,FF8DFFF5,0011FF49,3C004E20,24003582,A20B3816,00000022,0000036F
880,85929200,00BDFF41,001402D9,00B5FF19,FFE0FFF1,0010FF79,3C004E20,27FC3582,A2033816,00000022,00000370
881,82366400,005DFE82,0001054D,0079FFA5,0008FFEF,0010FFA2,3C004E20,27FC3582,A2035016,00000022,00000371
882,94294300,0014FE9B,FFFE04D9,004EFFE8,0016FFEF,0010FFBD,3C004E20,27FC3582,A2035016,00000022,00000372
883,95675000,0024FECF,FFFF0457,00320004,0017FFF0,FF10FFCE,3C004E20,2BFC3582,A0044816,00000022,00000373
884,84700600,0021FEFA,FFDA040F,001E0003,0015FFF2,FF0FFFD9,3C004E20,28003582,A0044816,00000022,00000374
885,94604500,002EFF75,FFFB03D6,0010000E,0010FFEE,FF0FFFE0,3C004E20,28003582,A0044016,00000022,00000375
886,94189700,0015FF82,000503D3,000A000E,000CFFED,FF0FFFE4,3C004E20,28003582,A0043816,00000022,00000376
887,86045500,0020FF82,002E03C9,00060001,0009FFE9,FF0FFFE6,3C004E20,28003582,A0038816,00000022,00000377
888,86778400,0024FFA1,002F03D9,FFF2FFFB,0009FFDE,FF0FFFE8,3C004E20,28003582,A0038816,00000022,00000378
889,95999100,FFFCFF9B,000903C3,001A0005,0009FFD8,FF0FFFEA,3C004E20,28003582,A0038816,00000022,00000379
890,82834700,0008FF88,000403C7,FFE90008,0005FFDA,FF0FFFEA,3C004E20,28003582,A00B8816,00000022,0000037A
891,84929400,0064FF5E,000103AA,005E0008,0005FFD7,000FFFF6,3C004E20,2BFC3582,A00C0816,00000022,0000037B
892,82895000,00BEFF67,000503D4,00690006,0003FFD5,000F0013,3C004E20,2BFC3582,A0042816,00000022,0000037C
893,88271200,0045FF62,002B03D9,00750019,0000FFD2,000F0033,3C004E20,28003582,A0036016,00000022,0000037D
894,101042300,000DFFC7,001903DB,00280012,FFFDFFCE,000F0047,3C004E20,28003582,A0036016,00000022,0000037E
895,77787000,0007FFA2,000403D3,00420008,FFFAFFCB,FF0E0056,3C004E20,28003582,A0036016,00000022,0000037F
896,91699700,0021FFA8,000203C6,0002FFF8,FFF9FFCA,FF0E005E,3C004E20,28003582,A0036016,00000022,00000380
897,80190000,0005FF70,FFCC04DE,0031FF45,0020FFD1,FF0E0066,3C004E20,24003582,A202A016,00000022,00000381
898,84351000,0029FF76,FFCF04B3,FFF5FF2A,005DFFD9,FF0E0069,3C004E20,24003582,9202A016,00000022,00000382
899,82613300,000FFEE3,FFE303BE,001BFF7E,008EFFE4,FF0E006D,3C004E20,28003582,90036016,00000022,00000383
900,82757000,0026FF28,FFE90346,FFF3FFBA,00A9FFEB,FF0E006E,3C004E20,2BFC2D1A,9002B816,00000022,00000384
901,85832800,0011FF25,00000352,001FFFEC,00B4FFEE,FF0D0071,3C004E20,2BFC2D1A,9002B816,00000022,00000385
902,94799200,001BFF20,FFFD0369,FFEE0001,00B6FFEF,FF0D0072,3C004E20,2BFC2D1A,9002B816,00000022,00000386
903,101770400,FFFEFE9A,FFFC047F,002500AC,009BFFF1,FF0D0076,3C004E20,2BFC2D1A,9002B816,00000022,00000387
904,94031400,0015FEBC,FFEE0500,FFEC00CC,0061FFF4,FF0D0077,3C004E20,24002D1A,92022016,00000022,00000388
905,94563300,FFFAFEE8,FFF003E1,002E00AC,002AFFFA,FF0D007C,3C004E20,28002D1A,9002B816,00000022,00000389
906,91029800,001EFF3E,FFF3032F,FFD70058,0008FFFF,000C007B,3C004E20,28002D1A,900AA816,00000022,0000038A
907,96402500,0043FF19,FFFC033F,006D002F,FFF50001,000C0088,3C004E20,28002D1A,9002A816,00000022,0000038B
908,91875700,0055FF38,00000356,FFFE0009,FFEE0002,000C0094,3C004E20,28002D1A,9002A816,00000022,0000038C
909,97955200,FFE5FF6D,00000384,0050FFF8,FFEF0002,000C00A2,3C004E20,28002D1A,9002A816,00000022,0000038D
910,95065000,0014FF53,000203B4,FFE1FFF4,FFF20001,000C00A6,3C004E20,28002D1A,9002A816,00000022,0000038E
911,103029900,FFF1FF32,000003CE,0040FFF4,FFF50001,000C00AD,3C004E20,2BFC2D1A,9002A816,00000022,0000038F
912,96242500,001BFF5D,000103DA,FFD4FFF7,FFF80001,000B00AD,3C004E20,2BFC2D1A,9002A816,00000022,00000390
913,87575100,FFEFFF6C,000003DF,003AFFF9,FFFB0000,FF0B00B2,3C004E20,2BFC2D1A,9002A816,00000022,00000391
914,98116600,001BFF6A,000103DF,FFCEFFFB,FFFC0000,000B00B0,3C004E20,28002D1A,9002A816,00000022,00000392
915,108839100,FFEFFF70,000003DE,0037FFFD,FFFD0000,FF0B00B3,3C004E20,28002D1A,9002A816,00000022,00000393
916,100175000,0018FF73,000003DC,FFCCFFFE,FFFE0000,000B00B1,3C004E20,28002D1A,9002A816,00000022,00000394
917,101447300,FFEDFF72,000003DA,0036FFFF,FFFE0000,000B00B4,3C004E20,28002D1A,9002A816,00000022,00000395
918,91554300,0017FF76,000003D8,FFCAFFFF,FFFF0000,000B00B1,3C004E20,28002D1A,9002A816,00000022,00000396
919,104759300,FFEDFF77,000003D7,0037FFFF,FFFF0000,000B00B4,3C004E20,28002D1A,9002A816,00000022,00000397
920,102313200,0015FF77,000003D6,FFC90000,FFFF0000,000B00B1,3C004E20,28002D1A,9002A816,00000022,00000398
921,99563900,FFECFF79,000003D6,00370000,FFFF0000,000B00B4,3C004E20,28002D1A,9002A816,00000022,00000399
922,113421700,0018FEC2,000003D6,FFC80001,FFFF0000,000A00B0,3C004E20,28002D1A,500AA816,00000022,0000039A
923,107427500,002AFE0F,000203D6,00650001,FFFF0000,000A00BA,3C004E20,28002D1A,700AA816,00000022,0000039B
924,102305500,0091FE62,000203D5,00240001,FFFEFFFF,000900CD,3C004E20,28002D1A,700AA816,00000022,0000039C
925,100405100,0055FEBD,000103D4,00B10000,FFFEFFFE,000900EF,3C004E20,28002D1A,7002A816,00000022,0000039D
926,111110900,0029FF1B,FFFE03D4,00160000,FFFEFFFF,00090108,3C004E20,28002D1A,7002A816,00000022,0000039E
927,115908500,FFD2FFF9,FFFE03D4,0067FFFE,FFFFFFFF,0009011B,3C004E20,28002D1A,B002A816,00000022,0000039F
928,91228800,000A00D3,FFFF03D4,FFE6FFFE,FFFF0000,00090122,3C004E20,28002D1A,9002A816,00000022,000003A0
929,103528600,FFE800C8,FFFF03D5,0047FFFE,00000000,000A012B,3C004E20,28002D1A,9002A816,00000022,000003A1
930,105967200,001500B5,000003D5,FFD5FFFF,00000000,000A012C,3C004E20,280028E5,900AA816,00000022,000003A2
931,96853300,003700AF,000303D5,0075FFFF,0000FFFF,000A013A,3C004E20,280028E5,900AA816,00000022,000003A3
932,105820600,00A500A2,000203D5,0039FFFF,0001FFFF,000A0152,3C004E20,280028E5,9002A816,00000022,000003A4
933,103647700,000F00A3,FFFE03D5,007E0000,0001FFFF,000A016E,3C004E20,280028E5,9002A816,00000022,000003A5
934,118812800,FFF900AC,FFFE03D5,FFF90000,0001FFFF,000A017B,3C004E20,280028E5,9002A816,00000022,000003A6
935,112958300,FFE700A1,FFFF03D5,00510000,00010000,000A0188,3C004E20,280028E5,9002A816,00000022,000003A7
936,96005200,0014006C,000003D5,FFDC0000,00010000,000A018C,3C004E20,280028E5,9002A816,00000022,000003A8
937,96719400,FFED0016,000003D5,00420001,00010000,000A0193,3C004E20,280028E5,9002A816,00000022,000003A9
938,94087700,001BFFDE,000003D5,FFD00001,00010000,000A0192,3C004E20,280028E5,9002A816,00000022,000003AA
939,98842800,FFEEFFBF,000003D5,003C0001,00000000,000A0197,3C004E20,280028E5,900AA816,00000022,000003AB
940,98967400,005EFF9E,000303D5,00020001,0000FFFF,000A019D,3C004E20,280028E5,900AA816,00000022,000003AC
941,101021200,0070FEE7,000203D6,009D0002,0000FFFF,000A01BA,3C004E20,280028E5,500AA816,00000022,000003AD
942,115444600,0088FE36,000103D5,00490002,FFFFFFFE,000A01D9,3C004E20,280028E5,7002A816,00000022,000003AE
943,133636000,0006FEA6,FFFE03D4,00900001,FFFFFFFF,000901FA,3C004E20,280028E5,7002A816,00000022,000003AF
944,99483200,0000FF0F,FFFE03D4,FFFD0000,FFFFFFFF,00090209,3C004E20,280028E5,7002A816,00000022,000003B0
945,95582900,FFEDFF74,000703C2,005C0014,FFFCFFFC,0009021A,3C004E20,2BFC28E5,7002A816,00000022,000003B1
946,91239500,00260054,00340370,FFF60062,FFECFFF1,00090221,3C004E20,2BFC28E5,B002A816,00000022,000003B2
947,103908000,FFD90114,000F030E,003C00A1,FFC4FFF4,000A0229,3C004E20,2BFC28E5,9002A816,00000022,000003B3
948,105788300,001A0131,00090344,FFF700D6,FF8DFFF6,000A022C,3C004E20,2BFC28E5,900AA816,00000022,000003B4
949,138567800,004500CD,FFFA035F,005400F0,FF4AFFF7,000A0239,3C004E20,2BFC28E5,9002A816,00000022,000003B5
950,100755500,00400129,FFFC03AB,002300EE,FF04FFF6,000A024A,3C004E20,2BFC28E5,900AA816,00000022,000003B6
951,112527600,003300A7,FF8203FE,006800CC,FEC5FFFB,000A0260,3C004E20,2BFC28E5,900AA816,00000022,000003B7
952,100456900,00B600B7,FFE904C7,008C003E,FEA50009,000B0287,3C004E20,280028E5,9012A816,00000022,000003B8
953,95497900,00F0FFBC,FFEF04BC,010A0009,FE9D000A,000A02C5,3C004E20,280028E5,9012A816,00000022,000003B9
954,99488600,0128FFF2,00080425,0131FFC8,FEA50005,000B0318,3C004E20,280028E5,9012A016,00000022,000003BA
955,107889700,00E1FF9E,FFEF032D,0163FF6E,FEC6FFF8,000A0379,3C004E20,280028E5,90129816,00000012,000003BB
956,94198300,00D50003,FFF802F5,0167FF22,FEFFFFF6,000A03E0,3C004E20,280028E5,90129016,00000012,000003BC
957,102139700,00F0FEB8,00260323,0181FF12,FF43FFEE,000A044A,3C004E20,2BFC28E5,50128016,00000012,000003BD
958,102618000,013BFE4D,0095031F,0132FF41,FF7FFFC5,000A04AE,3C004E20,2BFC28E5,7012A016,00000022,000003BE
959,101523600,00BEFE64,001303C6,0194FF62,FFB3FFA9,00090515,3C004E20,2BFC28E5,701A7016,00000012,000003BF
960,100708200,0105FE51,FF6C04BE,0123FFB5,FFD6FFBF,00090575,3C004E20,2BFC2A99,70223016,00000022,000003C0
961,108005400,0161FE4A,FF8104BF,01DE0013,FFD9FFE9,000905E7,3C004E20,2BFC2A99,70220016,00000012,000003C1
962,98823600,01F4FEC5,FFD80492,01C2001D,FFD1FFFE,0109066B,3C004E20,1FFC2A99,B019E016,00000012,000003C2
963,111650000,015CFFBE,FFF30453,02340012,FFCA0003,00090700,3C004E20,20002A99,9019D016,00000012,000003C3
964,120607400,0119FFD6,FFFF040F,01B6000A,FFC60003,0009078C,3C004E20,28002A99,9029C016,00000012,000003C4
965,99832500,011DFF7C,FFFC03E6,02530005,FFC50002,01090824,3C004E20,20002A99,9021B816,00000012,000003C5
966,90541800,017DFF23,000103CF,01F70000,FFC40000,010808BF,3C004E20,28002A99,90399016,00000012,000003C6
967,101305000,0175FE7B,00490370,028DFFD2,FFCDFFEF,0108096A,3C004E20,20002A99,50297816,00000012,000003C7
968,107524300,018FFDC2,00340389,023BFFD4,FFDCFFDB,01070A17,3C004E20,23FC2A99,70296816,00000012,000003C8
969,101343300,001BFA65,000103ED,0210FFF5,FFE4FFD5,00060AC1,3C004E20,28002A99,60415816,00000012,000003C9
970,98293900,00B2F897,000003FE,01E90000,FFE5FFD5,00050B4A,3C004E20,28002A99,60415016,00000012,000003CA
971,104256600,02EDFDE9,000003E2,02570004,FFE6FFD4,01050BE9,3C004E20,28002A99,60494816,00000012,000003CB
972,110146700,0252FE3D,FFFC03D9,02B00005,FFE6FFD4,01040CA4,3C004E20,28002A99,50414816,00000012,000003CC
973,95962400,018BFEC8,FFF803D4,02C10005,FFE6FFD5,01040D6D,3C004E20,28002A99,50414816,00000012,000003CD
974,101283900,00F0FF6E,FFDB03B8,02BBFFF4,FFE9FFDC,01040E36,3C004E20,2BFC2A99,50415016,00000012,000003CE
975,99869900,00E9FFC8,FFDC03B6,02C9FFEE,FFEFFFE6,01040F00,3C004E20,2BFC2A99,50395816,00000012,000003CF
976,95393900,00B80057,FFDC03CB,029DFFEB,FFF5FFF0,01040FC4,3C004E20,2BFC2A99,50416016,00000012,000003D0
977,101524400,00E60070,FFEA03D8,02C8FFEF,FFFBFFF7,0104108A,3C004E20,2BFC2A99,50415016,00000012,000003D1
978,103464600,01300052,FFF503E1,02E0FFF5,FFFFFFFC,0104115A,3C004E20,2BFC2A99,50415016,00000012,000003D2
979,101076400,01310070,FFFE03E8,02FFFFFB,0001FFFD,01051233,3C004E20,2BFC2A99,50415816,00000012,000003D3
980,106830100,0120003A,000103E6,0305FFFF,0002FFFD,02051310,3C004E20,28002A99,60396016,00000012,000003D4
981,109121200,00D00016,000003DE,02DD0001,0002FFFD,010513E6,3C004E20,28002A99,60396016,00000012,000003D5
982,98406500,00A1FFD9,000003D9,02BF0002,0002FFFD,010514B2,3C004E20,28002A99,60396816,00000012,000003D6
983,104184300,00B6FF90,000103D6,02B80002,0001FFFD,0105157A,3C004E20,28002A99,60317016,00000012,000003D7
984,107171300,0080FFCC,FFFE03D4,02770002,0001FFFD,01051636,3C004E20,28002A99,60317816,00000012,000003D8
985,112233400,00820014,000003D4,02660001,0000FFFE,010516E7,3C004E20,28002A99,60318816,00000012,000003D9
986,103741400,00AE004F,000103D3,025D0000,0000FFFE,01051795,3C004E20,28002A99,60319016,00000012,000003DA
987,106241800,00D6007F,000203D4,02690000,0000FFFD,01051844,3C004E20,28002A99,60299816,00000012,000003DB
988,106378400,009D00D2,FFFF03D4,023B0000,0000FFFD,010518EC,3C004E20,28002A99,6021C016,00000012,000003DC
989,96144600,003E0118,FFFE03D4,01F9FFFF,0001FFFE,01061983,3C004E20,28002A99,6021D016,00000012,000003DD
990,104064900,00540108,000003D5,01E0FFFF,0001FFFE,01061A0F,3C004E20,2800326B,6021E016,00000012,000003DE
991,99998100,009A00EE,000103D5,01E00000,0001FFFE,01061A98,3C004E20,2800326B,6021E816,00000012,000003DF
992,88661800,00B700E7,000103D5,01E60000,0001FFFE,01061B23,3C004E20,2800326B,6019F816,00000012,000003E0
993,104385700,0076010B,FFFF03D5,01AF0000,0001FFFE,01061BA4,3C004E20,2800326B,601A0816,00000012,000003E1
994,98850100,00620112,000003D5,019A0000,0001FFFE,01071C1B,3C004E20,2800326B,601A1816,00000012,000003E2
995,100847200,00970107,000103D5,01980000,0001FFFE,01071C90,3C004E20,2800326B,601A2816,00000012,000003E3
996,85503100,00B00103,000103D5,019C0000,0001FFFE,01071D05,3C004E20,2800326B,601A3816,00000012,000003E4
997,108571900,00C50106,000103D5,01A40000,0001FFFD,01071D7D,3C004E20,2800326B,60124816,00000012,000003E5
998,119091200,006B0127,FFFE03DA,01620000,0002FFFE,00071DE9,3C004E20,2800326B,60127016,00000012,000003E6
999,106460900,00400103,FFFF03D5,01420001,0002FFFE,00081E49,3C004E20,2800326B,70128816,00000022,000003E7
1000,117864100,0050003C,FFFF03D2,01300001,0001FFFE,00081EA5,3C004E20,2800326B,70129816,00000022,000003E8
1001,129716200,00730041,000103D3,01390001,0001FFFE,00081EFD,3C004E20,2800326B,7012B016,00000022,000003E9
1002,109887400,007E0081,000003D4,012A0001,0001FFFE,00081F54,3C004E20,2800326B,7012C016,00000022,000003EA
1003,104591100,00A000F7,000203D4,01390000,0001FFFE,00081FAC,3C004E20,2800326B,700AD816,00000022,000003EB
1004,105214900,00520126,FFFE03D5,00F90000,0001FFFE,00081FFA,3C004E20,2800326B,700AF016,00000022,000003EC
1005,121867300,0035022F,000003D4,00DFFFFE,0002FFFE,0009203C,3C004E20,2800326B,B00B1016,00000022,000003ED
1006,130689700,00530234,000003D5,00CEFFFF,0002FFFF,00092078,3C004E20,2800326B,900B2816,00000022,000003EE
1007,169095900,006601FE,000103D5,00B5FFFF,0002FFFF,000A20B0,3C004E20,2800326B,900B4816,00000022,000003EF
1008,161123400,006A018E,000003D6,00B50000,0002FFFE,000A20E7,3C004E20,2800326B,900B6816,00000022,000003F0
1009,129797100,00740170,000103D5,00CA0000,0002FFFE,000A211E,3C004E20,2800326B,900B8816,00000022,000003F1
1010,127244700,00700128,000003D5,00C00001,0002FFFE,000A2155,3C004E20,2800326B,900BA816,00000022,000003F2
1011,126221800,00830130,000103D5,00C10000,0002FFFE,000B218B,3C004E20,2800326B,900BD016,00000022,000003F3
1012,111866900,007E00FD,000003D5,00C10001,0002FFFE,000B21C3,3C004E20,2800326B,9003F816,00000022,000003F4
1013,105947500,001F011A,FFFD03D5,00800000,0002FFFE,000B21F0,3C004E20,2800326B,90043016,00000022,000003F5
1014,133706700,FFF000F5,FFFE03D5,00500001,0002FFFF,000B220B,3C004E20,2800326B,90045816,00000022,000003F6
1015,125127800,00060110,FFFF03D5,00310000,00020000,000C221D,3C004E20,2800326B,90047016,00000022,000003F7
1016,114730400,000E00F1,000003D5,001E0000,00020000,000C2227,3C004E20,2800326B,90047816,00000022,000003F8
1017,107831700,000E010C,000003D5,00120000,00020000,000C222E,3C004E20,2800326B,90048016,00000022,000003F9
1018,119694100,000D00EF,000003D5,000B0000,00020000,FF0C2232,3C004E20,2800326B,90048016,00000022,000003FA
1019,115260000,000D010E,000003D5,00060000,00020000,FF0C2234,3C004E20,2800326B,90048016,00000022,000003FB
1020,105571500,000600F2,000003D5,00040000,00020000,FF0C2235,3C004E20,2800423A,90047816,00000022,000003FC
1021,102197000,00070110,000003D5,00020000,00020000,000D2236,3C004E20,2800423A,90047016,00000022,000003FD
1022,115492600,000300F5,000003D5,00010000,00020000,000D2237,3C004E20,2800423A,90046816,00000022,000003FE
1023,94835400,00070114,000003D5,00010000,00020000,000D2237,3C004E20,2800423A,90046816,00000022,000003FF
1024,93909200,000200FB,000003D5,00000000,00020000,000D2237,3C004E20,2800423A,90046016,00000022,00000400
1025,111683200,00010116,000003D5,00000000,00020000,000E2237,3C004E20,2800423A,90046016,00000022,00000401
1026,94930600,00010100,000003D5,00000000,00020000,000E2237,3C004E20,2800423A,90045816,00000022,00000402
1027,91390300,FFFF011B,000003D5,00000000,00020000,000E2237,3C004E20,2800423A,90045016,00000022,00000403
1028,103716000,00020104,000003D5,00000000,00020000,000E2237,3C004E20,2800423A,90045016,00000022,00000404
1029,103799000,0002011F,000003D5,00000000,00020000,000E2237,3C004E20,2800423A,90044816,00000022,00000405
1030,95375200,FFFD010B,000003D5,00000000,00020000,000F2237,3C004E20,2800423A,A0044816,00000022,00000406
1031,93688800,00010124,000003D5,00000000,00020000,000F2237,3C004E20,2800423A,A0044016,00000022,00000407
1032,87790700,FFFF0111,000003D5,00000000,00020000,000F2237,3C004E20,2800423A,A0044016,00000022,00000408
1033,114977300,00010129,000003D5,00000000,00020000,000F2237,3C004E20,2800423A,A0044016,00000022,00000409
1034,75578800,FFFF0117,000003D5,00000000,00020000,000F2237,3C004E20,2800423A,A0043816,00000022,0000040A
1035,105415900,00000129,000003D5,00000000,00020000,00102237,3C004E20,2800423A,A0043816,00000022,0000040B
1036,83780700,00000102,000003D5,00000000,00020000,00102237,3C004E20,2800423A,A0043016,00000022,0000040C
1037,112876300,00010103,000003D5,00000000,00020000,00102237,3C004E20,2800423A,A0043016,00000022,0000040D
1038,104595900,000100E6,000003D5,00000000,00020000,00102237,3C004E20,2800423A,A0043016,00000022,0000040E
1039,111021600,000000F1,000003D5,00000000,00020000,00102237,3C004E20,2800423A,A0042816,00000022,0000040F
1040,87014400,FFFE00D3,000003D5,00000000,00010000,00112237,3C004E20,2800423A,A00C2816,00000022,00000410
1041,92476500,00620084,000403D5,004E0001,0001FFFF,00112243,3C004E20,2800423A,A0042016,00000022,00000411
1042,89406100,004BFFF8,FFFF03D5,00390001,0001FFFF,00112256,3C004E20,2800423A,A0042816,00000022,00000412
1043,108754200,FFFBFFC0,FFFF03D5,00260001,0001FFFF,00112263,3C004E20,2800423A,A0043016,00000022,00000413
1044,121374700,0009FF81,FFFF03D5,001A0001,00000000,0010226C,3C004E20,2800423A,A0043016,00000022,00000414
1045,95246600,000CFF77,000003D5,00110001,00000000,FF102271,3C004E20,2800423A,A00C2816,00000022,00000415
1046,105167700,0065FF4F,000303D5,00500001,0000FFFF,00102280,3C004E20,2800423A,A00C2016,00000022,00000416
1047,95431800,00C9FF4C,000303D5,008F0001,FFFFFFFE,001022A2,3C004E20,2800423A,A0042016,00000022,00000417
1048,91150500,004FFF41,FFFE03D5,00640001,FFFFFFFE,001022C4,3C004E20,2800423A,A0042816,00000022,00000418
1049,102713900,0005FF5C,FFFE03D5,00420000,FFFFFFFF,001022DB,3C004E20,2800423A,A0043816,00000022,00000419
1050,85940100,0019FF66,FFFF03D5,002B0000,FFFFFFFF,FF1022E9,3C004E20,2800552C,A0044016,00000020,0000041A
1051,107891600,001DFFBC,FFFF03D5,001BFFFF,FFFFFFFF,FF1022F3,3C004E20,2800552C,A0044016,00000020,0000041B
1052,77867000,001E0002,000003D5,0011FFFF,FFFFFFFF,FF1022F9,3C004E20,2800552C,A0044016,00000020,0000041C
1053,81322400,00160062,000003D5,000AFFFF,00000000,FF1022FD,3C004E20,2800552C,A0044016,00000020,0000041D
1054,92496300,007BFDC9,FEF904AF,FFC0FF60,00230045,000F22F0,3C004E20,2400552C,A2035016,00000020,0000041E
1055,94242000,FC380053,FFDA07FF,FFDAFF54,00CC0203,000F22E9,3C004E20,0000552C,A1020816,00000020,0000041F
1056,98353400,03ECFED6,005C016A,FFEAFFDD,00E601FC,000F22E3,3C004E20,03FC552C,A101F016,00000020,00000420
1057,93606100,FFFEFF26,01420181,00270063,00D901BA,000F22E6,3C004E20,1FFC552C,A20A5816,00000020,00000421
1058,101993500,001DFF10,02130203,005600CF,00A8013A,000F22F6,3C004E20,1FFC552C,A20A5816,00000020,00000422
1059,105734400,0044FF3D,02B6027C,008E0124,005C0085,000F2316,3C004E20,27F8552C,A20B2016,00000020,00000423
1060,83258700,FF58FBF7,0052048E,FFB100E1,00090038,000D2316,3C004E20,2BFC552C,A00C1816,00000020,00000424
1061,102955200,FD47F98C,001807FF,FFBC011F,FF3C0142,000D22F0,3C004E20,1400552C,9209F016,00000020,00000425
1062,93867700,02E9006F,0056FF97,001D0047,FF100135,000D22EB,3C004E20,1400552C,9209C016,00000020,00000426
1063,101945800,007F0007,0108022A,0059FF74,FF2100FA,000D22FD,3C004E20,1C00552C,920A2016,00000020,00000427
1064,86354100,003FFF75,01700251,006BFEFC,FF5E009A,000C231D,3C004E20,2800552C,900B9816,00000020,00000428
1065,97847800,000AFF16,00E70327,005CFF14,FFAC003A,000C2340,3C004E20,2BFC552C,900BB816,00000020,00000429
1066,94214500,FFEDFB93,004B04ED,FFDAFF88,FFDA0016,000B2343,3C004E20,2BFC552C,900BC816,00000020,0000042A
1067,98838200,0030FC3C,001C04B8,FFD0FFC6,FFF1000A,000A2336,3C004E20,2BFC552C,900BB816,00000020,0000042B
1068,97886900,0023FC93,000B0462,FF96FFE9,FFFB0006,000A231E,3C004E20,2BFC552C,900B8016,00000020,0000042C
1069,99861700,0010FD2C,00060426,FFA8FFF8,FFFF0003,00092303,3C004E20,2BFC552C,900B5816,00000020,0000042D
1070,95068900,FFEEFD11,00020401,FF800000,00000002,000922E2,3C004E20,2800552C,900B2816,00000020,0000042E
1071,112121300,FFC0FDD6,000103E9,FFCB0001,00000002,000822C7,3C004E20,2800552C,90130816,00000020,0000042F
1072,100218800,FF83FF51,000203DB,00490001,FFFF0001,000822CF,3C004E20,2800552C,9012E016,00000020,00000430
1073,127255800,0003FFCA,000403D5,00B70000,FFFF0000,000822F8,3C004E20,2800552C,900AE016,00000020,00000431
1074,111493200,FFE0FFF7,FFFF03D2,00AF0000,00000000,0008232B,3C004E20,2800552C,900AE816,00000020,00000432
1075,100489200,FFE6005C,000103D1,00B3FFFF,00000000,0008235E,3C004E20,2800552C,900B0816,00000020,00000433
1076,90655700,000C0059,000003D2,00A9FFFF,00000000,0008238F,3C004E20,2800552C,900B2016,00000020,00000434
1077,106484200,00370098,000103D2,00AEFFFF,00000000,000923C0,3C004E20,2800552C,900B5016,00000020,00000435
1078,103821700,003F0086,000103D3,00A60000,00000000,000923F1,3C004E20,2800552C,900B7816,00000020,00000436
1079,88435000,005300BA,000103D4,00ADFFFF,0001FFFF,00092422,3C004E20,2800552C,900BB016,00000020,00000437
1080,132342300,005800A2,000103D4,00A70000,0001FFFF,00092452,3C004E20,28006CC5,9003F016,00000020,00000438
1081,92628500,000A00D4,FFFE03D4,006BFFFF,0001FFFF,00092478,3C004E20,28006CC5,90044816,00000020,00000439
1082,107584100,FFD900B7,FFFF03D5,00420000,00010000,0009248F,3C004E20,28006CC5,9004A016,00000020,0000043A
1083,102992000,FFF700E1,FFFF03D5,0028FFFF,00010000,0009249D,3C004E20,28006CC5,9004F816,00000020,0000043B
1084,95001800,FFFE00C3,000003D5,00180000,00010000,000A24A5,3C004E20,28006CC5,90054016,00000020,0000043C
1085,100891800,000200E9,000003D5,000E0000,00010000,000A24AA,3C004E20,28006CC5,9005A016,00000020,0000043D
1086,94095200,000400CB,000003D5,00090000,00010000,000A24AD,3C004E20,28006CC5,9005E816,00000020,0000043E
1087,110579600,000600F1,000003D5,00050000,00010000,000A24AF,3C004E20,28006CC5,90065816,00000020,0000043F
1088,98816500,000100D1,000003D5,00030000,00010000,000A24B0,3C004E20,28006CC5,9006B016,00000020,00000440
1089,100428400,000200F6,000003D5,00020000,00010000,000B24B1,3C004E20,28006CC5,90072816,00000020,00000441
1090,89426900,000400D7,000003D5,00010000,00010000,000B24B1,3C004E20,28006CC5,9007A816,00000020,00000442
1091,100736400,000100F9,000003D5,00010000,00010000,000B24B1,3C004E20,28006CC5,9007F816,00000020,00000443
1092,91339000,000000DD,000003D5,00000000,00010000,000B24B2,3C004E20,28006CC5,9007F816,00000020,00000444
1093,104312400,000300FF,000003D5,00000000,00010000,000B24B2,3C004E20,28006CC5,9007F816,00000020,00000445
1094,99660600,000000E1,000003D5,00000000,00010000,000B24B2,3C004E20,28006CC5,9007F816,00000020,00000446
1095,96405700,FFFE0101,000003D5,00000000,00010000,000C24B2,3C004E20,28006CC5,9007F816,00000020,00000447
1096,89410000,000300E8,000003D5,00000000,00010000,000C24B2,3C004E20,28006CC5,9007F816,00000020,00000448
1097,88001600,FFFF0106,000003D5,00000000,00010000,000C24B2,3C004E20,28006CC5,9007F816,00000020,00000449
1098,93899500,FFFE00EB,000003D5,00000000,00010000,000C24B2,3C004E20,28006CC5,9007F816,00000020,0000044A
1099,88926700,0003010A,000003D5,00000000,00010000,000C24B2,3C004E20,28006CC5,9007F816,00000020,0000044B
1100,97903700,000200F0,000003D5,00000000,00010000,000D24B2,3C004E20,28006CC5,90FFF816,00000020,0000044C
1101,95386900,FFA60108,FFFC03D5,FFB90000,00010001,FF0D24A7,3C004E20,28006CC5,90FFF816,00000020,0000044D
1102,80918200,FF5800E6,FFFD03D5,FF840000,00010002,FF0D2489,3C004E20,28006CC5,9007F816,00000020,0000044E
1103,101140900,FFD0010E,000203D5,FFAA0000,00020001,FF0D246C,3C004E20,28006CC5,9007F816,00000020,0000044F
1104,86590700,001000FA,000203D5,FFC80000,00020001,FF0D2458,3C004E20,28006CC5,9007F816,00000020,00000450
1105,100398400,FFFB0116,000103D5,FFDC0000,00020001,FF0E244C,3C004E20,28006CC5,9007F816,00000020,00000451
1106,117341800,FFF70101,000003D5,FFE90000,00020000,000E2444,3C004E20,28006CC5,9007F816,00000020,00000452
1107,91426300,FFF3011B,000003D5,FFF20000,00020000,000E243F,3C004E20,28006CC5,9007F816,00000020,00000453
1108,99351700,FFF20106,000003D5,FFF70000,00020000,000E243C,3C004E20,28006CC5,9007F816,00000020,00000454
1109,100976900,FFF4011F,000003D5,FFFB0000,00020000,000E243A,3C004E20,28006CC5,90FFF816,00000020,00000455
1110,98064300,FFA10107,FFFD03D5,FFB60000,00020001,FF0F242E,3C004E20,280087BB,A007F816,00000020,00000456
1111,83940000,FFB1011D,000103D5,FFCA0000,00020001,FF0F241C,3C004E20,280087BB,A007F816,00000020,00000457
1112,91930500,00090112,000103D5,FFDC0000,00020001,FF0F2410,3C004E20,280087BB,A007F816,00000020,00000458
1113,91523900,FFF90128,000103D5,FFE90000,00020000,000F2408,3C004E20,280087BB,A007F816,00000020,00000459
1114,102511700,FFF60118,000003D5,FFF20000,00020000,00102403,3C004E20,280087BB,A007F816,00000020,0000045A
1115,105228300,FFF5012F,000003D5,FFF70000,00020000,00102400,3C004E20,280087BB,A007F816,00000020,0000045B
1116,85935500,FFF3011E,000003D5,FFFB0000,00020000,001023FE,3C004E20,280087BB,A007F816,00000020,0000045C
1117,97095600,FFFA0134,000003D5,FFFD0000,00020000,001023FD,3C004E20,280087BB,A0FFF816,00000020,0000045D
1118,96316300,FF980120,FFFC03D5,FFB10000,00020001,FF1023F0,3C004E20,280087BB,A007F816,00000020,0000045E
1119,98282500,FFAE0132,000103D5,FFC60000,00020001,FF1123DC,3C004E20,280087BB,A007F816,00000020,0000045F
1120,97377300,0004012C,000103D5,FFDA0000,00020001,FF1123CF,3C004E20,280087BB,A007F816,00000020,00000460
1121,94068600,FFF5013F,000103D5,FFE80000,00020001,001123C7,3C004E20,280087BB,A007F816,00000020,00000461
1122,103998900,FFF50132,000003D5,FFF10000,00020000,001123C2,3C004E20,280087BB,A007F816,00000020,00000462
1123,100342100,FFF10143,000003D5,FFF70000,00020000,001223BE,3C004E20,280087BB,A007F816,00000020,00000463
1124,95979200,FFF30136,000003D5,FFFA0000,00020000,001223BC,3C004E20,280087BB,A007F816,00000020,00000464
1125,71591100,FFF60148,000003D5,FFFD0000,00020000,001223BB,3C004E20,280087BB,A007F816,00000020,00000465
1126,87222600,FFF5013E,000003D5,FFFE0000,00020000,001223BB,3C004E20,280087BB,A0062816,00000020,00000466
1127,112239600,FFF9014C,000003D5,FFFF0000,00020000,001323BA,3C004E20,280087BB,A0062816,00000020,00000467
1128,93269000,FFFD0145,000003D5,00000000,00020000,001323BA,3C004E20,280087BB,A0040816,00000020,00000468
1129,94905300,FFFC0128,000003D5,00000000,00020000,001323BA,3C004E20,280087BB,A0040816,00000020,00000469
1130,94162100,00010070,000003D6,00000001,00020000,001323BA,3C004E20,280087BB,A0040816,00000020,0000046A
1131,102189600,FFFAFFD1,000003D6,00000002,00010000,001323BA,3C004E20,280087BB,A0036816,00000020,0000046B
1132,102678900,0001FF5A,000003D5,00000002,00010000,001323BA,3C004E20,280087BB,A0FB6816,00000020,0000046C
1133,100366000,FF9CFF1B,FFFC03D5,FFB10002,00000001,FF1323AE,3C004E20,280087BB,A0036816,00000020,0000046D
1134,109919600,FFADFEEA,000103D5,FFC60002,00000001,FF12239B,3C004E20,280087BB,A0036816,00000020,0000046E
1135,85953100,0002FEEB,000103D5,FFD80001,FFFF0001,FF12238D,3C004E20,280087BB,A0036816,00000020,0000046F
1136,76747400,FFF5FED0,000103D5,FFE60001,FFFF0001,00122384,3C004E20,280087BB,A0030816,00000020,00000470
1137,87240300,FFECFED9,000003D5,FFEF0001,FFFF0000,0012237E,3C004E20,280087BB,A0030816,00000020,00000471
1138,100817200,FFEEFEC8,000003D5,FFF50001,FFFF0000,0012237B,3C004E20,280087BB,A0034816,00000020,00000472
1139,84352400,FFF2FED7,000003D5,FFFA0000,FFFE0000,00112378,3C004E20,280087BB,A0034816,00000020,00000473
1140,83961900,FFF1FEC7,000003D5,FFFC0000,FFFE0000,00112377,3C004E20,2800A50E,A0034816,00000020,00000474
1141,95678700,FFF4FEDB,000003D5,FFFE0000,FFFE0000,00112376,3C004E20,2800A50E,A002E816,00000020,00000475
1142,76378300,FFF9FECA,000003D5,FFFF0000,FFFE0000,00112376,3C004E20,2800A50E,A002E816,00000020,00000476
1143,90202900,FFFBFEDE,000003D5,00000000,FFFE0000,00102376,3C004E20,2800A50E,A002E816,00000020,00000477
1144,97825200,FFFCFECD,000003D5,00000000,FFFE0000,00102376,3C004E20,2800A50E,A0032016,00000020,00000478
1145,85637100,FFFEFEE3,000003D5,00000000,FFFE0000,00102376,3C004E20,2800A50E,A0032016,00000020,00000479
1146,80487700,FFFDFED1,000003D5,00000000,FFFE0000,00102376,3C004E20,2800A50E,A0032016,00000020,0000047A
1147,99217900,FFFEFEE9,000003D5,00000000,FFFE0000,000F2376,3C004E20,2800A50E,A002C816,00000020,0000047B
1148,97995500,0000FED4,000003D5,00000000,FFFE0000,000F2376,3C004E20,2800A50E,A002C816,00000020,0000047C
1149,94970800,0000FEEE,000003D5,00000000,FFFE0000,000F2376,3C004E20,2800A50E,A002C816,00000020,0000047D
1150,96626200,FFFEFED8,000003D5,00000000,FFFE0000,000F2376,3C004E20,2800A50E,A002C816,00000020,0000047E
1151,86113500,0003FEF3,000003D5,00000000,FFFE0000,000F2376,3C004E20,2800A50E,A0030016,00000020,0000047F
1152,111276200,FFFCFEDD,000003D5,00000000,FFFE0000,000E2376,3C004E20,2800A50E,A0030016,00000020,00000480
1153,95645700,0004FEF8,000003D5,00000000,FFFE0000,000E2376,3C004E20,2800A50E,A002A816,00000020,00000481
1154,88257400,FFFDFEE0,000003D5,00000000,FFFE0000,000E2376,3C004E20,2800A50E,9002A816,00000020,00000482
1155,96607400,0003FEFC,000003D5,00000000,FFFE0000,000E2376,3C004E20,2800A50E,9002A816,00000020,00000483
1156,81232600,0000FEE4,000003D5,00000000,FFFE0000,000D2376,3C004E20,2800A50E,9002A816,00000020,00000484
1157,113650900,FFFFFF01,000003D5,00000000,FFFE0000,000D2376,3C004E20,2800A50E,9002A816,00000020,00000485
1158,111628600,FFFFFEE7,000003D5,00000000,FFFE0000,000D2376,3C004E20,2800A50E,9002A816,00000020,00000486
1159,74081500,0001FF06,000003D5,00000000,FFFE0000,000D2376,3C004E20,2800A50E,90FAA816,00000020,00000487
1160,99886600,FFB5FEE5,FFFD03D5,FFC80000,FFFE0001,FF0D236D,3C004E20,2800A50E,9002A816,00000020,00000488
1161,89741800,FFC6FF04,000103D5,FFD50000,FFFE0001,FF0D235E,3C004E20,2800A50E,9002A816,00000020,00000489
1162,113778000,000DFEEE,000103D5,FFE30000,FFFE0000,FF0C2355,3C004E20,2800A50E,9002A816,00000020,0000048A
1163,88218800,0001FF2D,000103D5,FFEDFFFF,FFFF0000,FF0C234E,3C004E20,2800A50E,9002A816,00000020,0000048B
1164,85596000,FFFBFF50,000003D5,FFF40000,FFFF0000,000C234A,3C004E20,2800A50E,9002A816,00000020,0000048C
1165,95875900,FFF8FF74,000003D5,FFF8FFFF,FFFF0000,000C2347,3C004E20,2800A50E,9002A816,00000020,0000048D
1166,107421400,0000FF5A,000003D5,FFFB0000,FFFF0000,000C2346,3C004E20,2800A50E,9002A816,00000020,0000048E
1167,105256000,FFFFFF7B,000003D5,FFFDFFFF,FFFF0000,000C2345,3C004E20,2800A50E,9002A816,00000020,0000048F
1168,145037300,FFF6FF5F,000003D5,FFFE0000,FFFF0000,000C2344,3C004E20,2800A50E,9002A816,00000020,00000490
1169,120006700,0002FF80,000003D5,FFFF0000,FFFF0000,000B2344,3C004E20,2800A50E,9002A816,00000020,00000491
1170,132522800,FFFFFF61,000003D5,FFFF0000,FFFF0000,000B2344,3C004E20,2800C62C,9002A816,00000020,00000492
1171,126579800,0000FF82,000003D5,00000000,FFFF0000,000B2343,3C004E20,2800C62C,9002A816,00000020,00000493
1172,126986600,FFFAFF63,000003D5,00000000,FFFF0000,000B2343,3C004E20,2800C62C,9002A816,00000020,00000494
1173,149942400,0001FF84,000003D5,00000000,FFFF0000,000B2343,3C004E20,2800C62C,9002A816,00000020,00000495
1174,133444100,0002FF65,000003D5,00000000,FFFF0000,000B2343,3C004E20,2800C62C,9002A816,00000020,00000496
1175,130704700,0000FF87,000003D5,00000000,FFFF0000,000B2343,3C004E20,2800C62C,9002A816,00000020,00000497
1176,120123900,0001FF67,000003D5,00000000,FFFF0000,000B2343,3C004E20,2800C62C,9002A816,00000020,00000498
1177,96541200,0001FF88,000003D5,00000000,FFFF0000,000B2343,3C004E20,2800C62C,9002A816,00000020,00000499
1178,105346300,0002FF69,000003D5,00000000,FFFF0000,000A2343,3C004E20,2800C62C,9002A816,00000020,0000049A
1179,113136200,FFFAFEDF,000003D6,00000001,FFFF0000,000A2343,3C004E20,2800C62C,5002A816,00000020,0000049B
1180,105280100,0000FE10,000003D6,00000002,FFFF0000,000A2343,3C004E20,2800C62C,7002A816,00000020,0000049C
1181,133672300,0003FEA4,000003D4,00000000,FFFE0000,000A2343,3C004E20,2800C62C,7002A816,00000020,0000049D
1182,104650300,0000FEE8,000003D4,00000000,FFFE0000,00092343,3C004E20,2800C62C,7002A816,00000020,0000049E
1183,98793600,0002FF7D,000003D4,0000FFFF,FFFE0000,00092343,3C004E20,2800C62C,7002A816,00000020,0000049F
1184,116631900,FFFF005A,000003D4,0000FFFE,FFFF0000,00092343,3C004E20,2800C62C,B002A816,00000020,000004A0
1185,99031700,FFFF0154,000003D4,0000FFFD,00000000,000A2343,3C004E20,2800C62C,9002A816,00000020,000004A1
1186,89086700,FFFE0119,000003D5,0000FFFE,00000000,000A2343,3C004E20,2800C62C,9002A816,00000020,000004A2
1187,91675000,00000128,000003D5,0000FFFE,00010000,000A2343,3C004E20,2800C62C,9002A816,00000020,000004A3
1188,104787300,FFFE00F3,000003D6,0000FFFF,00010000,000A2343,3C004E20,2800C62C,9002A816,00000020,000004A4
1189,98218300,000800CC,000003D6,00000000,00010000,000A2343,3C004E20,2800C62C,9002A816,00000020,000004A5
1190,89534800,FFFF003D,000003D6,00000001,00010000,000A2343,3C004E20,2800C62C,9002A816,00000020,000004A6
1191,85979000,0000000F,000003D5,00000001,00010000,000A2343,3C004E20,2800C62C,9002A816,00000020,000004A7
1192,97298900,0001FFBE,000003D5,00000001,00010000,000A2343,3C004E20,2800C62C,9002A816,00000020,000004A8
1193,89577400,FFFCFFC1,000003D5,00000001,00000000,000A2343,3C004E20,2800C62C,9002A816,00000020,000004A9
1194,94887300,FFFCFEEE,000003D6,00000002,00000000,000A2343,3C004E20,2800C62C,5002A816,00000020,000004AA
1195,108570500,0003FE56,000003D5,00000001,FFFF0000,000A2343,3C004E20,2800C62C,7002A816,00000020,000004AB
1196,91315600,0001FE90,000103D6,00000001,FFFF0000,00092343,3C004E20,2800C62C,7002A816,00000020,000004AC
1197,110376200,0003FF1B,000003D4,00000000,FFFF0000,00092343,3C004E20,2800C62C,7002A816,00000020,000004AD
1198,105213000,0000FF58,000003D4,00000000,FFFF0000,00092343,3C004E20,2800C62C,700AA816,00000020,000004AE
1199,108520300,00490058,000303D3,003FFFFE,FFFFFFFF,0009234D,3C004E20,2800C62C,B00AA816,00000020,000004AF
1200,125378700,008D00F9,000203D4,0068FFFE,0000FFFE,000A2366,3C004E20,2800ECAD,900AA816,00000020,000004B0
1201,104960900,007D0100,000203D5,008CFFFE,0000FFFE,000A238B,3C004E20,2800ECAD,900AA816,00000020,000004B1
1202,125060900,007000C5,000003D5,0099FFFF,0001FFFE,000A23B5,3C004E20,2800ECAD,900AA816,00000020,000004B2
1203,114043000,007200D8,000103D5,00ACFFFF,0001FFFD,000A23E4,3C004E20,2800ECAD,901AA816,00000020,000004B3
1204,101472100,00BF009B,000303D6,00F10000,0001FFFD,000A2420,3C004E20,2800ECAD,90223016,00000020,000004B4
1205,109371600,01960061,000903D7,01980001,0001FFFB,000A2480,3C004E20,2800ECAD,9029D816,00000010,000004B5
1206,94000900,01FBFFA0,000503D5,02150002,0001FFF9,010A250C,3C004E20,1C00ECAD,9021A816,00000010,000004B6
1207,113753500,01D9FF48,000303D4,02680002,0000FFF8,010A25B5,3C004E20,2000ECAD,90219016,00000010,000004B7
1208,116845400,0183FF31,FFFF03D4,02640002,0000FFF8,010A2665,3C004E20,2000ECAD,90298016,00000010,000004B8
1209,142379300,01D1FF0E,000303D4,02BF0002,FFFFFFF7,010A2723,3C004E20,2000ECAD,90316016,00000010,000004B9
1210,126565800,020DFE9C,000103D4,02E00003,FFFFFFF7,010927F2,3C004E20,1C00ECAD,90315016,00000010,000004BA
1211,111458400,024CFE03,000303D4,03350003,FFFEFFF6,010928D5,3C004E20,1C00ECAD,50314016,00000010,000004BB
1212,141739500,01F8FD71,FFFE03D4,03160003,FFFEFFF6,010829BB,3C004E20,1C00ECAD,70393016,00000010,000004BC
1213,97028900,0218FDCE,000203D3,037A0003,FFFDFFF6,01082AAD,3C004E20,1C00ECAD,70392816,00000010,000004BD
1214,169120100,01B5FD57,FFF903D4,03630004,FFFDFFF6,01072BA7,3C004E20,2000ECAD,70392016,00000010,000004BE
1215,98261800,00AAFA87,FFFB03CE,039E0005,FFFCFFF8,01062CAD,3C004E20,2000ECAD,60392016,00000010,000004BF
1216,106414800,0114FA80,FFFC03D8,03820005,FFFBFFF9,01052DB2,3C004E20,2800ECAD,60512016,00000010,000004C0
1217,113224400,01FCFB92,000403D4,03130001,FFFAFFF8,01042EA3,3C004E20,2800ECAD,60512816,00000010,000004C1
1218,104704600,03C7FE63,000503D2,03040000,FFFBFFF7,01042F7F,3C004E20,2800ECAD,50512816,00000010,000004C2
1219,99784200,0249FE53,FFFF03D3,0316FFFF,FFFBFFF6,01043061,3C004E20,2800ECAD,50513016,00000010,000004C3
1220,192777900,0168FE8D,FFFD03D4,0328FFFF,FFFCFFF7,02043147,3C004E20,2800ECAD,50493016,00000010,000004C4
1221,190635200,00E2FF56,FFFA03D4,02FCFFFE,FFFDFFF8,01043227,3C004E20,2800ECAD,50493816,00000010,000004C5
1222,196131700,00AEFFAB,FFFC03D5,02F6FFFE,FFFDFFF9,01043300,3C004E20,2800ECAD,50494016,00000010,000004C6
1223,203101600,00B1FFD6,FFFC03D5,02E4FFFE,FFFEFFFA,010433D6,3C004E20,2800ECAD,50414816,00000010,000004C7
1224,202958100,009F005E,FFFD03D5,02CBFFFE,FFFFFFFB,010434A5,3C004E20,2800ECAD,50415016,00000010,000004C8
1225,99961200,009400A3,FFFE03D5,02BBFFFE,FFFFFFFC,0104356F,3C004E20,2800ECAD,50395816,00000010,000004C9
1226,122370700,008F00DC,FFFF03D5,02A1FFFF,0000FFFC,01043632,3C004E20,2800ECAD,50396016,00000010,000004CA
1227,122998800,008D00E8,FFFF03D5,0295FFFF,0001FFFC,010436F0,3C004E20,2800ECAD,50396816,00000010,000004CB
1228,115614100,00D000D2,000103D5,02A7FFFF,0001FFFC,010537B0,3C004E20,2800ECAD,50317816,00000010,000004CC
1229,106877000,00A400FB,000103D5,027EFFFF,0001FFFC,0105386B,3C004E20,2800ECAD,60318016,00000010,000004CD
1230,105854800,00A80102,000203D7,027EFFFF,0002FFFC,01053921,3C004E20,28011B9B,60319016,00000010,000004CE
1231,109793000,00D800DE,000103D4,02830000,0002FFFB,010539D9,3C004E20,28011B9B,60299816,00000010,000004CF
1232,127524100,00A80103,FFFD03D5,025AFFFF,0002FFFC,01063A89,3C004E20,28011B9B,6029A816,00000010,000004D0
1233,121150000,00A00105,FFFF03D6,024D0000,0002FFFC,01063B33,3C004E20,28011B9B,6029B016,00000010,000004D1
1234,101071600,00D600E6,000103D4,02540000,0002FFFC,01063BDD,3C004E20,20011B9B,6019C016,00000010,000004D2
1235,200180900,00670121,FFFD03D4,01EC0000,0003FFFD,01063C77,3C004E20,28011B9B,6021C816,00000010,000004D3
1236,201265800,0052011F,000503D6,01F0FFFF,0003FFFD,01063D03,3C004E20,28011B9B,6021D816,00000010,000004D4
1237,195823400,00F100E9,000803D7,0202FFFE,0003FFFB,01073D94,3C004E20,28011B9B,6021E016,00000010,000004D5
1238,118357900,00FC00EE,000703D6,0211FFFF,0004FFF9,01073E2A,3C004E20,20011B9B,6011F016,00000010,000004D6
1239,191621700,0068012C,FFFC03D7,01A1FFFD,0005FFF9,01073EB0,3C004E20,28011B9B,601A0016,00000010,000004D7
1240,130887400,00400130,FFFE03D8,019FFFFD,0005FFFB,01073F25,3C004E20,28011B9B,601A1016,00000010,000004D8
1241,160920500,00E6010B,000003D9,01A6FFFE,0006FFFB,01083F9E,3C004E20,28011B9B,60125016,00000010,000004D9
1242,175143800,00620096,FFFE03CF,01B80000,0006FFFC,00084012,3C004E20,28011B9B,70126016,00000010,000004DA
1243,147634100,004A0022,000103D2,01250002,0006FFFC,00084077,3C004E20,28011B9B,70127816,00000020,000004DB
1244,167305200,00550072,000003D6,01850002,0006FFFC,000840DB,3C004E20,28011B9B,70128816,00000010,000004DC
1245,186672800,00A400CC,000103D0,010D0000,0006FFFC,00084135,3C004E20,28011B9B,70129816,00000020,000004DD
1246,135511300,008C0112,000003D2,0175FFFF,0006FFFC,00084194,3C004E20,2BFD1B9B,7012A816,00000010,000004DE
1247,152869800,00D101FB,000203D3,0116FFFE,0007FFFC,000941EE,3C004E20,2BFD1B9B,B012C016,00000020,000004DF
1248,145557000,00B9022C,000603DA,017E0000,0007FFFA,00094251,3C004E20,28011B9B,900AD816,00000010,000004E0
1249,145802600,007E01DC,FFFE03DD,00E40003,0007FFFB,000A42A3,3C004E20,28011B9B,900B0016,00000020,000004E1
1250,142215800,00330196,FFFC03D8,011D0003,0006FFFC,000A42ED,3C004E20,28011B9B,900B2016,00000020,000004E2
1251,127833600,006C0153,FFFE03D2,00A90002,0005FFFC,000A432A,3C004E20,28011B9B,900B4816,00000020,000004E3
1252,117803100,005A0135,FFFF03D0,01020002,0005FFFD,000A436A,3C004E20,28011B9B,900B6016,00000020,000004E4
1253,135038300,008D0123,000003D0,009A0001,0004FFFD,000B43A2,3C004E20,28011B9B,900B8016,00000020,000004E5
1254,140485000,006C010E,000103D2,00FA0001,0004FFFD,000B43DE,3C004E20,28011B9B,900BA016,00000020,000004E6
1255,136016800,00990107,000003D4,00980002,0003FFFD,000B4415,3C004E20,28011B9B,900BC016,00000020,000004E7
1256,121343900,00770100,000003D4,00F90001,0003FFFD,000B4451,3C004E20,28011B9B,900BE816,00000020,000004E8
1257,139582600,00A200FC,FFFF03D6,009B0002,0003FFFD,000B4488,3C004E20,28011B9B,90041816,00000020,000004E9
1258,131981700,001C00FE,FFFD03D6,00B30002,0002FFFE,000C44B9,3C004E20,28011B9B,90045016,00000020,000004EA
1259,136279900,000A0100,FFFD03D5,00240001,0001FFFF,000C44D3,3C004E20,28011B9B,90048016,00000020,000004EB
1260,158111800,FFFB00FB,FFFF03D3,00610000,0001FFFF,000C44E8,3C004E20,280150A7,90049816,00000020,000004EC
1261,140631700,00250102,FFFF03D3,FFF20000,00010000,000C44F0,3C004E20,280150A7,9004A816,00000020,000004ED
1262,155768500,000100FD,000003D4,00400000,00010000,FF0C44F9,3C004E20,280150A7,9004B016,00000020,000004EE
1263,151572000,00220102,000003D5,FFDF0000,00010000,FF0D44FB,3C004E20,280150A7,9004B016,00000020,000004EF
1264,147840100,FFFC0102,000003D5,00320000,00010000,FF0D4500,3C004E20,280150A7,9004B016,00000020,000004F0
1265,132364400,001B0104,000003D5,FFD90000,00010000,000D44FF,3C004E20,280150A7,9004B016,00000020,000004F1
1266,126807700,FFF70103,000003D5,002C0000,00010000,FF0D4502,3C004E20,280150A7,9004A816,00000020,000004F2
1267,121415500,0016010C,000003D5,FFD80000,00020000,000D4500,3C004E20,280150A7,9004A016,00000020,000004F3
1268,131214000,FFF40107,000003D5,00290000,00020000,FF0E4503,3C004E20,280150A7,90049816,00000020,000004F4
1269,125991300,00130110,000003D5,FFD90000,00020000,000E4500,3C004E20,280150A7,90049816,00000020,000004F5
1270,110956100,FFF20111,000003D5,00260000,00020000,000E4503,3C004E20,280150A7,90049016,00000020,000004F6
1271,144179200,00110114,000003D5,FFDB0000,00020000,000E4500,3C004E20,280150A7,90049016,00000020,000004F7
1272,122852200,FFF20111,000003D5,00240000,00020000,000E4503,3C004E20,280150A7,90049016,00000020,000004F8
1273,131171200,000F0117,000003D5,FFDC0000,00020000,000F4501,3C004E20,280150A7,A0048816,00000020,000004F9
1274,132321600,FFF2011C,000003D5,00220000,00020000,000F4502,3C004E20,280150A7,A0048816,00000020,000004FA
1275,134393300,000D011B,000003D5,FFDF0000,00020000,000F4501,3C004E20,280150A7,A0048816,00000020,000004FB
1276,98390900,FFF40120,000003D5,00200000,00020000,000F4502,3C004E20,280150A7,A0048816,00000020,000004FC
1277,111906000,000C0122,000003D5,FFE10000,00020000,00104501,3C004E20,280150A7,A0048816,00000020,000004FD
1278,119800000,FFF40125,000003D5,001E0000,00020000,00104502,3C004E20,280150A7,A0048816,00000020,000004FE
1279,116223200,000B0128,000003D5,FFE40000,00020000,00104501,3C004E20,280150A7,A0048816,00000020,000004FF
1280,104461000,FFF5012B,000003D5,001B0000,00020000,00104502,3C004E20,280150A7,A0048816,00000020,00000500
1281,105868000,000B012C,000003D5,FFE60000,00020000,00104501,3C004E20,280150A7,A0048816,00000020,00000501
1282,108509900,FFF60131,000003D5,00180000,00020000,00114502,3C004E20,280150A7,A0048816,00000020,00000502
1283,107862800,00090133,000003D5,FFE90000,00020000,00114501,3C004E20,280150A7,A0049016,00000020,00000503
1284,127477500,FFF70133,000003D5,00160000,00020000,00114502,3C004E20,280150A7,A0049016,00000020,00000504
1285,110137500,00080139,000003D5,FFEC0000,00020000,00114501,3C004E20,280150A7,A0049016,00000020,00000505
1286,105820000,FFF9013E,000003D5,00120000,00020000,00124502,3C004E20,280150A7,A0049816,00000020,00000506
1287,117809500,0007013F,000003D5,FFF00000,00020000,00124501,3C004E20,280150A7,A004A016,00000020,00000507
1288,121876000,FFFA0142,000003D5,000E0000,00020000,00124502,3C004E20,280150A7,A004A816,00000020,00000508
1289,116694800,0006013C,000003D5,FFF20000,00020000,00124501,3C004E20,280150A7,A004A816,00000020,00000509
1290,122208500,FFFA00D5,000003D5,00120001,00020000,00134502,3C004E20,28017AD4,A0046016,00000020,0000050A
1291,104996300,00070035,000003D6,FFEA0001,00010000,00134501,3C004E20,28017AD4,A0041816,00000020,0000050B
1292,138686900,FFF7FFAD,000003D6,00180002,00010000,00124502,3C004E20,28017AD4,A0041816,00000020,0000050C
1293,113906200,0009FF2B,000003D5,FFE80002,00000000,00124501,3C004E20,28017AD4,A0041816,00000020,0000050D
1294,119946500,FFF7FEFF,000003D5,00190002,00000000,00124502,3C004E20,28017AD4,A0041816,00000020,0000050E
1295,112597300,000AFF12,000003D5,FFE60001,FFFF0000,00124501,3C004E20,28017AD4,A003F016,00000020,0000050F
1296,130728900,FFF6FF26,000003D5,001B0001,FFFF0000,00124502,3C004E20,28017AD4,A003F016,00000020,00000510
1297,110347700,000BFEDF,000003D5,FFE40001,FFFF0000,00114501,3C004E20,28017AD4,A003F016,00000020,00000511
1298,107181300,FFF5FEF7,000003D5,001D0000,FFFF0000,00114502,3C004E20,28017AD4,A003F016,00000020,00000512
1299,123813000,000BFF3C,000003D5,FFE20000,FFFF0000,00114501,3C004E20,28017AD4,A003F016,00000020,00000513
1300,127199700,FFF5FF3D,000003D5,001E0000,FFFF0000,00114502,3C004E20,28017AD4,A0039816,00000020,00000514
1301,101852400,000BFF21,000003D5,FFE10000,FFFF0000,00114501,3C004E20,28017AD4,A0039816,00000020,00000515
1302,120466600,FFF3FEE0,000003D5,00200000,FFFF0000,00114502,3C004E20,28017AD4,A0039816,00000020,00000516
1303,141282600,000DFEDA,000003D5,FFDF0000,FFFF0000,00104501,3C004E20,28017AD4,A0039816,00000020,00000517
1304,128731000,FFF3FEDB,000003D5,00220000,FFFE0000,00104502,3C004E20,28017AD4,A00BC016,00000020,00000518
1305,134116800,0066FEF9,000403D5,00240000,FFFEFFFF,0010450B,3C004E20,28017AD4,A00BC016,00000020,00000519
1306,127334100,00A9FF2E,000303D5,00A80000,FFFFFFFE,0010452D,3C004E20,28017AD4,A0037016,00000020,0000051A
1307,126975300,004DFF28,FFFF03D5,003B0000,FFFFFFFE,0010454B,3C004E20,28017AD4,A0037016,00000020,0000051B
1308,141345100,FFF0FEEA,FFFE03D5,00650000,FFFFFFFF,000F4562,3C004E20,28017AD4,A0037016,00000020,0000051C
1309,134478700,0020FF08,FFFF03D5,00040000,FFFFFFFF,000F456F,3C004E20,28017AD4,A0037016,00000020,0000051D
1310,142694000,0009FF47,FFFF03D5,00420000,FFFFFFFF,FF0F457A,3C004E20,28017AD4,A0037016,00000020,0000051E
1311,125446000,0027FF4E,000003D5,FFEA0000,FFFF0000,FF0F457E,3C004E20,28017AD4,A00B9016,00000020,0000051F
1312,158400000,005BFF4A,000303D5,00760000,FFFFFFFF,000F458F,3C004E20,28017AD4,A00B4816,00000020,00000520
1313,155160500,00CEFF42,000303D5,005D0000,FFFFFFFE,000F45AD,3C004E20,28017AD4,A00B4816,00000020,00000521
1314,170506900,009FFF45,000203D5,00D30000,FFFFFFFE,000E45DC,3C004E20,28017AD4,A0034816,00000020,00000522
1315,133835900,0055FF56,FFFE03D5,004D0000,FFFFFFFE,000E4601,3C004E20,28017AD4,A0034816,00000020,00000523
1316,162182400,FFF9FF56,FFFE03D5,00790000,FFFFFFFF,000E461F,3C004E20,28017AD4,A0034816,00000020,00000524
1317,159094200,002CFF5A,FFFF03D5,00090000,FFFFFFFF,000E462E,3C004E20,28017AD4,900B4816,00000020,00000525
1318,142350200,0061FF55,000203D5,008D0000,FFFFFFFF,000E4646,3C004E20,28017AD4,900B0816,00000020,00000526
1319,140719000,00D6FF37,000203D5,00620000,FFFFFFFE,000EB9C7,3C004E20,28017AD4,90030816,00000020,00000527
1320,130399700,003CFF1A,FFFE03D5,008F0000,FFFFFFFE,000EB9EB,3C004E20,2801A3B1,90030816,00000020,00000528
1321,106062400,001BFF5C,FFFE03D5,00140000,FFFFFFFF,000DB9FF,3C004E20,2801A3B1,90030816,00000020,00000529
1322,96167800,0007FF5C,FFFF03D5,00580000,FFFFFFFF,FF0DBA10,3C004E20,2801A3B1,90030816,00000020,0000052A
1323,106579500,002CFF61,FFFF03D5,FFED0000,FFFFFFFF,FF0DBA17,3C004E20,2801A3B1,900B0816,00000020,0000052B
1324,109177500,0055FF5D,000303D5,007E0000,FFFFFFFF,000DBA29,3C004E20,2801A3B1,900AD816,00000020,0000052C
1325,119317700,00C7FF50,000203D5,00510000,FFFFFFFE,000DBA46,3C004E20,2801A3B1,900AD816,00000020,0000052D
1326,107541800,0090FF5D,000103D5,00CF0000,FFFFFFFE,000DBA73,3C004E20,2801A3B1,900AD816,00000020,0000052E
1327,134241300,00AEFF5C,000103D5,00850000,FFFFFFFD,000DBAA2,3C004E20,2801A3B1,9002D816,00000020,0000052F
1328,109889100,0029FF62,FFFD03D5,00AC0000,FFFFFFFE,000DBACF,3C004E20,2801A3B1,9002D816,00000020,00000530
1329,124482900,0016FF6B,FFFE03D5,00210000,FFFFFFFF,000CBAE8,3C004E20,2801A3B1,9002D816,00000020,00000531
1330,111447300,0003FF69,FFFF03D5,00660000,FFFFFFFF,000CBAFD,3C004E20,2801A3B1,9002D816,00000020,00000532
1331,129885300,002EFF6C,FFFF03D5,FFF00000,FFFFFFFF,FF0CBB06,3C004E20,2801A3B1,900AD816,00000020,00000533
1332,105279900,0051FF60,000203D5,00830000,FFFFFFFF,000CBB19,3C004E20,2801A3B1,900AB016,00000020,00000534
1333,108806300,00C1FF62,000203D5,004B0000,FFFFFFFE,000CBB36,3C004E20,2801A3B1,900AB016,00000020,00000535
1334,114049700,0085FF62,000103D5,00CC0000,FFFFFFFE,000CBB62,3C004E20,2801A3B1,900AB016,00000020,00000536
1335,121724500,00A5FF65,000103D5,007A0000,FFFFFFFE,000CBB8E,3C004E20,2801A3B1,900AB016,00000020,00000537
1336,128667400,007BFF69,000003D5,00EB0000,FFFFFFFD,000CBBC5,3C004E20,2801A3B1,900AB016,00000020,00000538
1337,90314500,00A3FF6F,000003D5,008C0000,FFFFFFFD,000BBBF8,3C004E20,2801A3B1,900AB016,00000020,00000539
1338,118754800,007DFF6A,000003D5,00F70000,FFFFFFFD,000BBC32,3C004E20,2801A3B1,900AB016,00000020,0000053A
1339,123570400,00A6FF70,000003D5,00910000,FFFFFFFD,000BBC67,3C004E20,2801A3B1,900AA816,00000020,0000053B
1340,113774600,007EFF6F,000003D5,00FA0000,FFFFFFFD,000BBCA3,3C004E20,2801A3B1,900AA816,00000020,0000053C
1341,122962500,00A7FF72,000003D5,00900000,FFFFFFFD,000BBCD9,3C004E20,2801A3B1,900AA816,00000020,0000053D
1342,111641800,007EFF6E,000003D5,00FA0000,FFFFFFFD,000BBD14,3C004E20,2801A3B1,900AA816,00000020,0000053E
1343,109306500,00A5FF76,000003D5,008E0000,FFFFFFFD,000BBD49,3C004E20,2801A3B1,900AA816,00000020,0000053F
1344,123828000,007BFF72,000003D5,00F90000,FFFFFFFD,000BBD84,3C004E20,2801A3B1,900AA816,00000020,00000540
1345,122251400,00A2FF77,000003D5,008B0000,FFFFFFFD,000BBDB9,3C004E20,2801A3B1,900AA816,00000020,00000541
1346,126109400,0076FF74,000003D5,00F70000,FFFFFFFD,000ABDF3,3C004E20,2801A3B1,900AA816,00000020,00000542
1347,124064000,00A3FEC3,000003D6,00810001,FFFFFFFD,000ABE25,3C004E20,2801A3B1,500AD016,00000020,00000543
1348,131575400,006FFE15,000003D5,00E70001,FFFFFFFE,000ABE5B,3C004E20,2801A3B1,700AD016,00000020,00000544
1349,116373700,008EFE8E,000003D4,00770001,FFFEFFFE,0009BE8A,3C004E20,2801A3B1,700AD016,00000020,00000545
1350,110656200,005FFEFF,000003D4,00E80000,FFFEFFFE,0009BEC0,3C004E20,2801C25E,700AD016,00000020,00000546
1351,114647600,0089FF70,000003D4,0075FFFF,FFFEFFFE,0009BEEE,3C004E20,2801C25E,700AD016,00000020,00000547
1352,105845900,00690066,000003D4,00E4FFFE,FFFFFFFE,0009BF22,3C004E20,2801C25E,B012D016,00000020,00000548
1353,125994600,00DB012F,000303D4,00B5FFFE,0000FFFD,000ABF5A,3C004E20,2801C25E,9012D016,00000020,00000549
1354,130108600,00F10106,000203D5,014DFFFE,0000FFFC,000ABFA9,3C004E20,2801C25E,9012B016,00000020,0000054A
1355,126370700,010600F9,000103D5,010AFFFF,0001FFFC,000ABFFD,3C004E20,2801C25E,90129816,00000020,0000054B
1356,117244500,00D900EC,000103D5,0185FFFF,0001FFFC,000AC05E,3C004E20,2801C25E,90129016,00000010,0000054C
1357,108833000,00FC00AC,000003D5,012C0000,0001FFFC,000AC0BF,3C004E20,2801C25E,90129016,00000020,0000054D
1358,103051400,00D1003A,000003D5,019E0001,0001FFFC,000AC128,3C004E20,2801C25E,90129016,00000010,0000054E
1359,132497300,00FDFFF4,000003D5,01380001,0001FFFC,000AC18E,3C004E20,2801C25E,90129816,00000020,0000054F
1360,117177900,00D6FFC0,000003D5,01A60001,0000FFFC,000AC1FA,3C004E20,2801C25E,90128816,00000010,00000550
1361,114048600,0106FFA7,000003D5,01390001,0000FFFC,000AC260,3C004E20,2801C25E,90128016,00000020,00000551
1362,123638300,00D9FEED,000003D5,019E0002,0000FFFC,000AC2CC,3C004E20,2801C25E,50127816,00000010,00000552
1363,124308700,0102FE39,000003D5,012A0002,FFFFFFFC,000AC32F,3C004E20,2801C25E,70127016,00000020,00000553
1364,119231500,00CFFE7D,FFFF03D4,018E0002,FFFFFFFC,0009C396,3C004E20,2801C25E,70127016,00000010,00000554
1365,124812100,00F3FEAA,000003D4,01160001,FFFEFFFC,0009C3F3,3C004E20,2801C25E,70127016,00000020,00000555
1366,112196500,00BDFECB,FFFF03D4,01810001,FFFEFFFC,0009C455,3C004E20,2801C25E,70127016,00000010,00000556
1367,118807400,00E6FF60,000003D4,0113FFFF,FFFEFFFC,0009C4B1,3C004E20,2801C25E,B0127016,00000020,00000557
1368,106216800,00C50031,000003D4,0182FFFF,FFFFFFFC,0009C513,3C004E20,2801C25E,90127016,00000010,00000558
1369,117208200,00EF0052,000003D5,0113FFFF,FFFFFFFC,0009C56E,3C004E20,2801C25E,90127816,00000020,00000559
1370,98665500,00BF006F,000003D5,0183FFFF,0000FFFC,0009C5D0,3C004E20,2801C25E,90126816,00000010,0000055A
1371,118106600,00EA008A,000003D5,0118FFFF,0000FFFC,0009C62D,3C004E20,2801C25E,901A6016,00000020,0000055B
1372,116488300,00FE007E,000203D5,01BA0000,0000FFFC,0009C698,3C004E20,2801C25E,901A5816,00000010,0000055C
1373,117317000,01610046,000203D5,01790000,0000FFFB,0009C70C,3C004E20,2801C25E,90125816,00000010,0000055D
1374,130424800,00D00015,FFFE03D5,01CC0001,0000FFFB,0009C786,3C004E20,2801C25E,90125816,00000010,0000055E
1375,108701400,00C8FFF4,FFFF03D5,01440001,0000FFFC,0009C7F3,3C004E20,2801C25E,90126016,00000020,0000055F
1376,123349200,00ACFFC4,FFFF03D5,01A70001,0000FFFC,0009C860,3C004E20,2801C25E,90126816,00000010,00000560
1377,126971300,00DFFFB0,000003D5,01290001,0000FFFC,0009C8C4,3C004E20,2801C25E,90127016,00000020,00000561
1378,110495400,00B8FF9C,000003D5,01940001,0000FFFC,0009C92B,3C004E20,2801C25E,90126816,00000010,00000562
1379,98242600,00E6FFA8,000003D5,011C0001,0000FFFC,0009C98A,3C004E20,2801C25E,90126016,00000020,00000563
1380,109586000,00BBFFC9,000003D5,018B0000,0000FFFC,0009C9EF,3C004E20,2801DB62,901A5816,00000010,00000564
1381,121558600,0127FFEE,000303D5,014A0000,0000FFFC,0009CA54,3C004E20,2801DB62,901A5816,00000020,00000565
1382,113175100,012FFFE1,000203D5,01E00000,0000FFFB,0009CACD,3C004E20,2801DB62,90125016,00000010,00000566
1383,124165200,00F9FFDF,FFFF03D5,014E0000,0000FFFB,0009CB3D,3C004E20,2801DB62,90125816,00000020,00000567
1384,113769100,0098FFC9,FFFE03D5,01AC0000,0000FFFC,0009CBAD,3C004E20,2801DB62,90126016,00000010,00000568
1385,100263100,00D4FFB7,FFFF03D5,01280000,0000FFFC,0009CC11,3C004E20,2801DB62,90126816,00000020,00000569
1386,111078200,00ABFFB4,FFFF03D5,01910000,0000FFFC,0009CC77,3C004E20,2801DB62,90127016,00000010,0000056A
1387,108768400,00DFFFD6,000003D5,01180000,0000FFFC,0009CCD5,3C004E20,2801DB62,90127016,00000020,0000056B
1388,117512000,00B4000A,000003D5,01860000,0000FFFC,0009CD38,3C004E20,2801DB62,90126816,00000010,0000056C
1389,120174800,00E6003D,000003D5,01140000,0000FFFC,0009CD94,3C004E20,2801DB62,901A6016,00000020,0000056D
1390,134544000,00F5004A,000203D5,01B30000,0000FFFC,0009CDFE,3C004E20,2801DB62,901A5816,00000010,0000056E
1391,130936400,015E004D,000203D5,01720000,0000FFFB,0009CE70,3C004E20,2801DB62,90125816,00000010,0000056F
1392,110275900,00CE0054,FFFF03D5,01C30000,0000FFFB,0009CEE8,3C004E20,2801DB62,90125816,00000010,00000570
1393,108925800,00C30020,FFFF03D5,013C0000,0000FFFC,0009CF52,3C004E20,2801DB62,90126816,00000020,00000571
1394,110311700,00A3FFE7,FFFF03D5,01A00001,0000FFFC,0009CFBD,3C004E20,2801DB62,90127016,00000010,00000572
1395,112662400,00D9FFDA,000003D5,01240001,0000FFFC,0009D01F,3C004E20,2801DB62,90127816,00000020,00000573
1396,123971300,00B4FFEB,000003D5,01900000,0000FFFC,0009D085,3C004E20,2801DB62,90127016,00000010,00000574
1397,111158700,00E7001F,000003D5,011D0000,0000FFFC,0009D0E4,3C004E20,2801DB62,90126816,00000020,00000575
1398,118690800,00BF0048,000003D5,018A0000,0000FFFC,0009D148,3C004E20,2801DB62,90125816,00000010,00000576
1399,112790700,00ED0067,000003D5,011D0000,0000FFFC,0009D1A6,3C004E20,2801DB62,901A5816,00000020,00000577
1400,117406500,00F90039,000203D5,01BD0000,0000FFFC,0009D213,3C004E20,2801DB62,90125816,00000010,00000578
1401,116045700,010EFFFC,FFFF03D5,013E0000,0000FFFC,0009D27D,3C004E20,2801DB62,90125816,00000020,00000579
1402,106217700,00A5FFDD,FFFF03D5,01A30001,0000FFFC,0009D2E9,3C004E20,2801DB62,90126016,00000010,0000057A
1403,107629000,00DAFFBF,FFFF03D5,01270001,0000FFFC,0009D34B,3C004E20,2801DB62,90126816,00000020,0000057B
1404,113560000,00B2FFA8,000003D5,01930001,0000FFFC,0009D3B2,3C004E20,2801DB62,901A6016,00000010,0000057C
1405,126185400,011DFF96,000203D5,014B0001,0000FFFC,0009D419,3C004E20,2801DB62,901A5816,00000020,0000057D
1406,117180500,0122FF78,000103D5,01DF0001,0000FFFB,0009D491,3C004E20,2801DB62,90125016,00000010,0000057E
1407,106292500,00F6FF93,FFFF03D5,014B0001,FFFFFFFB,0009D501,3C004E20,2801DB62,90125816,00000020,0000057F
1408,102896700,0099FF9C,FFFF03D5,01A80000,FFFFFFFC,0009D570,3C004E20,2801DB62,90126016,00000010,00000580
1409,101560000,00D5FFA7,FFFF03D5,01230000,FFFFFFFC,0009D5D3,3C004E20,2801DB62,90126816,00000020,00000581
1410,102702100,00ABFFC8,000003D5,018E0000,FFFFFFFC,0009D638,3C004E20,2801ED51,90127016,00000010,00000582
1411,119926800,00DF0004,000003D5,01140000,0000FFFC,0009D695,3C004E20,2801ED51,90127816,00000020,00000583
1412,124620900,00B50033,000003D5,01820000,0000FFFC,0009D6F7,3C004E20,2801ED51,90127816,00000010,00000584
1413,101686900,00E3005C,000003D5,0112FFFF,0000FFFC,0009D752,3C004E20,2801ED51,90128016,00000020,00000585
1414,106773400,00B70075,000003D5,01810000,0000FFFC,0009D7B4,3C004E20,2801ED51,90129016,00000010,00000586
1415,114802600,00E1008F,000003D5,01160000,0000FFFC,0009D810,3C004E20,2801ED51,90129816,00000020,00000587
1416,116174600,00BB009C,000003D5,01850000,0000FFFC,0009D873,3C004E20,2801ED51,9012C816,00000010,00000588
1417,129338900,00E800AD,000003D5,011E0000,0001FFFC,0009D8D0,3C004E20,2801ED51,900AE016,00000020,00000589
1418,153409200,006A00C3,FFFE03D5,014E0000,0001FFFD,0009D92A,3C004E20,2801ED51,900AF816,00000020,0000058A
1419,91962600,006B00D4,FFFE03D5,00BD0000,0001FFFD,000AD971,3C004E20,2801ED51,900B1016,00000020,0000058B
1420,108146600,005600D4,FFFF03D5,01100000,0001FFFE,000AD9B5,3C004E20,2801ED51,900B2816,00000020,0000058C
1421,96790600,008C00D7,000003D5,009A0000,0001FFFE,000AD9EE,3C004E20,2801ED51,900B4016,00000020,0000058D
1422,110711400,006900DA,000003D5,00FA0000,0001FFFE,000ADA2B,3C004E20,2801ED51,900B5016,00000020,0000058E
1423,109525600,009300DE,000003D5,00910000,0001FFFE,000ADA60,3C004E20,2801ED51,900B6816,00000020,0000058F
1424,128249500,007000DF,000003D5,00F50000,0001FFFE,000ADA9B,3C004E20,2801ED51,900B7816,00000020,00000590
1425,124996000,009A00E3,000003D5,00910000,0001FFFE,000BDAD0,3C004E20,2801ED51,900BC816,00000020,00000591
1426,103243100,007600E5,000003D5,00F50000,0001FFFE,000BDB0B,3C004E20,2801ED51,900BE816,00000020,00000592
1427,100677100,009C00E9,000003D5,00950000,0001FFFE,000BDB40,3C004E20,2801ED51,90041816,00000020,00000593
1428,117293300,001900EE,FFFD03D5,00B10000,0001FFFE,000BDB70,3C004E20,2801ED51,90044016,00000020,00000594
1429,98130000,000700F3,FFFE03D5,00210000,0001FFFF,000BDB89,3C004E20,2801ED51,90047016,00000020,00000595
1430,125593100,FFF800F2,FFFF03D5,00610000,0001FFFF,000CDB9D,3C004E20,2801ED51,90048016,00000020,00000596
1431,109339600,002300F5,FFFF03D5,FFF00000,00010000,000CDBA5,3C004E20,2801ED51,90048816,00000020,00000597
1432,110669400,FFFF00F7,000003D5,00400000,00010000,FF0CDBAE,3C004E20,2801ED51,9003B816,00000020,00000598
1433,106638000,002000FA,000003D5,FFDE0000,00010000,000CDBB0,3C004E20,2801ED51,9003B816,00000020,00000599
1434,104966000,FFFA00FC,000003D5,00330000,00010000,FF0CDBB5,3C004E20,2801ED51,9003B816,00000020,0000059A
1435,125929800,001A00FF,000003D5,FFD80000,00010000,000DDBB3,3C004E20,2801ED51,9003B816,00000020,0000059B
1436,97650000,FFF60101,000003D5,002D0000,00010000,FF0DDBB7,3C004E20,2801ED51,9003B816,00000020,0000059C
1437,110021500,00150103,000003D5,FFD70000,00020000,000DDBB5,3C004E20,2801ED51,9003B816,00000020,0000059D
1438,88349200,FFF40105,000003D5,002A0000,00020000,000DDBB7,3C004E20,2801ED51,9003B816,00000020,0000059E
1439,91053000,00120104,000003D5,FFD70000,00020000,000DDBB5,3C004E20,2801ED51,9003B816,00000020,0000059F
1440,99090800,FFF000F2,000003D5,00290000,00020000,000EDBB7,3C004E20,2801F80B,9002F016,00000020,000005A0
1441,99413300,001100C0,000003D5,FFD40001,00010000,000EDBB5,3C004E20,2801F80B,9002F016,00000020,000005A1
1442,109006200,FFF2002B,000003D6,002D0001,00010000,000EDBB7,3C004E20,2801F80B,9002F016,00000020,000005A2
1443,125161200,0011FFB8,000003D5,FFD30001,00010000,000EDBB5,3C004E20,2801F80B,900AF016,00000020,000005A3
1444,108027400,003DFF67,000303D5,006D0002,0000FFFF,000DDBC1,3C004E20,2801F80B,900AF016,00000020,000005A4
1445,110539100,00B7FF52,000303D5,004A0001,0000FFFF,000DDBDB,3C004E20,2801F80B,900AF016,00000020,000005A5
1446,110719400,0083FF78,000203D5,00CA0001,0000FFFE,000DDC07,3C004E20,2801F80B,9002A816,00000020,000005A6
1447,94160400,0042FF60,FFFE03D5,003E0001,FFFFFFFE,000DDC29,3C004E20,2801F80B,9002A816,00000020,000005A7
1448,112243400,FFE8FF16,FFFE03D5,00780001,FFFFFFFF,000DDC44,3C004E20,2801F80B,9002A816,00000020,000005A8
1449,93283200,001FFF0B,FFFF03D5,FFFF0001,FFFFFFFF,000DDC52,3C004E20,2801F80B,9002A816,00000020,000005A9
1450,89948700,0002FF05,FFFF03D5,004F0001,FFFF0000,FF0CDC5F,3C004E20,2801F80B,9002A816,00000020,000005AA
1451,97743000,0028FF03,000003D5,FFE20000,FFFF0000,FF0CDC63,3C004E20,2801F80B,9002A816,00000020,000005AB
1452,115293900,FFFFFF22,000003D5,003E0000,FFFF0000,FF0CDC6A,3C004E20,2801F80B,9002A816,00000020,000005AC
1453,96319300,0023FF61,000003D5,FFD50000,FFFF0000,FF0CDC6A,3C004E20,2801F80B,9002A816,00000020,000005AD
1454,120536500,FFF7FF67,000003D5,00370000,FFFF0000,FF0CDC6E,3C004E20,2801F80B,900AA816,00000020,000005AE
1455,110518300,0067FF64,000303D5,000B0000,FFFFFFFF,000CDC75,3C004E20,2801F80B,900AA816,00000020,000005AF
1456,94120200,0087FF5E,000203D5,00A30000,FFFFFFFE,000CDC93,3C004E20,2801F80B,9002A816,00000020,000005B0
1457,100049800,0041FF6A,FFFE03D5,001A0000,FFFFFFFF,000CDCAA,3C004E20,2801F80B,9002A816,00000020,000005B1
1458,99980800,FFDFFF70,FFFE03D5,00670000,FFFFFFFF,000BDCBF,3C004E20,2801F80B,9002A816,00000020,000005B2
1459,97545300,0014FF72,FFFF03D5,FFED0000,FFFFFFFF,000BDCC7,3C004E20,2801F80B,9002A816,00000020,000005B3
1460,104636700,FFF5FF72,FFFF03D5,004A0000,FFFF0000,000BDCD2,3C004E20,2801F80B,9002A816,00000020,000005B4
1461,118745100,001EFF74,000003D5,FFD80000,FFFF0000,000BDCD3,3C004E20,2801F80B,9002A816,00000020,000005B5
1462,94705800,FFF5FF75,000003D5,003E0000,FFFF0000,FF0BDCD9,3C004E20,2801F80B,9002A816,00000020,000005B6
1463,94831800,001BFF76,000003D5,FFCF0000,FFFF0000,000BDCD8,3C004E20,2801F80B,9002A816,00000020,000005B7
1464,88597300,FFF2FF77,000003D5,00390000,FFFF0000,FF0BDCDC,3C004E20,2801F80B,9002A816,00000020,000005B8
1465,110874100,001AFF77,000003D5,FFCB0000,FFFF0000,000BDCDA,3C004E20,2801F80B,900AA816,00000020,000005B9
1466,86655900,0034FF73,000303D5,006F0000,FFFFFFFF,000BDCE6,3C004E20,2801F80B,900AA816,00000020,000005BA
1467,92799000,00A1FF6C,000203D5,00310000,FFFFFFFF,000ADCFC,3C004E20,2801F80B,9002A816,00000020,000005BB
1468,107262900,000EFEC3,FFFE03D6,00800001,FFFFFFFF,000ADD18,3C004E20,2801F80B,5002A816,00000020,000005BC
1469,97572600,0005FE1B,FFFF03D5,FFFB0001,FFFFFFFF,000ADD26,3C004E20,2801F80B,7002A816,00000020,000005BD
1470,90006500,FFE9FE92,FFFF03D4,00580001,FFFE0000,0009DD34,3C004E20,2801FBC5,7002A816,00000020,000005BE
1471,94806800,0019FF03,000003D4,FFDA0000,FFFE0000,0009DD38,3C004E20,2801FBC5,7002A816,00000020,000005BF
1472,98672400,FFF0FF73,000003D4,0047FFFF,FFFE0000,0009DD3F,3C004E20,2801FBC5,7002A816,00000020,000005C0
1473,102870200,001AFFD9,000003D4,FFCFFFFF,FFFF0000,0009DD3F,3C004E20,2801FBC5,7002A816,00000020,000005C1
1474,97340800,FFF400E0,000003D4,0038FFFD,FFFF0000,000ADD42,3C004E20,2801FBC5,B002A816,00000020,000005C2
1475,111866300,00150193,000003D5,FFCCFFFE,00000000,000ADD3F,3C004E20,2801FBC5,9002A816,00000020,000005C3
1476,107904500,FFED0161,000003D5,0032FFFE,00010000,000ADD42,3C004E20,2801FBC5,9002A816,00000020,000005C4
1477,115233900,0013013F,000003D6,FFCEFFFF,00010000,000ADD3F,3C004E20,2801FBC5,9002A816,00000020,000005C5
1478,93447600,FFEE0120,000003D5,0032FFFF,00010000,000BDD42,3C004E20,2801FBC5,900AA816,00000020,000005C6
1479,84602200,005D00C9,000303D6,00070000,0001FFFF,000BDD49,3C004E20,2801FBC5,900AA816,00000020,000005C7
1480,115301300,007F0048,000203D6,00A20001,0001FFFF,000BDD66,3C004E20,2801FBC5,900AA816,00000020,000005C8
1481,106157900,0093FFFC,000103D5,00560001,0001FFFE,000BDD88,3C004E20,2801FBC5,900AA816,00000020,000005C9
1482,111841400,005FFFCA,000103D5,00D60001,0001FFFE,000BDDB6,3C004E20,2801FBC5,900AA816,00000020,000005CA
1483,95725200,008CFFAD,000003D5,00750001,0000FFFE,000BDDE3,3C004E20,2801FBC5,9002A816,00000020,000005CB
1484,90880300,000BFF9D,FFFD03D5,00AB0001,0000FFFE,000ADE0E,3C004E20,2801FBC5,9002A816,00000020,000005CC
1485,107562000,000AFEE5,FFFE03D6,00110002,0000FFFF,000ADE23,3C004E20,2801FBC5,5002A816,00000020,000005CD
1486,101419600,FFF0FE2F,FFFF03D5,00630002,FFFFFFFF,000ADE36,3C004E20,2801FBC5,700AA816,00000020,000005CE
1487,81837100,005CFE98,000203D4,00170001,FFFFFFFF,000ADE44,3C004E20,2801FBC5,700AA816,00000020,000005CF
1488,102541200,0073FEFD,000203D4,00AA0000,FFFEFFFF,0009DE64,3C004E20,2801FBC5,700AA816,00000020,000005D0
1489,87252200,008DFF67,FFFF03D5,004DFFFF,FFFFFFFF,0009DE85,3C004E20,2801FBC5,7002A816,00000020,000005D1
1490,101468700,0005FFC2,FFFC03DC,0093FFFA,00000000,0009DEA7,3C004E20,2801FBC5,7002A816,00000020,000005D2
1491,100988300,FFFB00AB,FFF703DA,FFFFFFF8,00020002,000ADEB8,3C004E20,2801FBC5,B002A816,00000020,000005D3
1492,108312400,FFEC0158,FFFE03D2,0057FFFB,00040003,000ADEC7,3C004E20,2801FBC5,90FAA816,00000020,000005D4
1493,85156200,FFD0011C,FFFD03D1,FFA6FFFD,00050004,FF0ADEC2,3C004E20,2801FBC5,90FAA816,00000020,000005D5
1494,118663200,FF5E00ED,FFF803D3,FFD3FFFD,00060005,FF0ADEB0,3C004E20,2801FBC5,90F2A816,00000020,000005D6
1495,106001000,FF5300C8,FFF803DB,FF0DFFFA,00070006,FF0ADE81,3C004E20,2801FBC5,90F2A816,00000020,000005D7
1496,118431800,FEEA00A0,FFFA03D6,FF2FFFFC,00080008,FF0ADE41,3C004E20,2801FBC5,90FAA816,00000020,000005D8
1497,87024700,FF810078,000003DB,FED9FFF9,000A0008,FF0ADDF6,3C004E20,2801FBC5,90FAA816,00000020,000005D9
1498,101667300,FF92002B,FFFF03DF,FF57FFF9,000D0008,FF0ADDB7,3C004E20,2801FBC5,90F2A816,00000020,000005DA
1499,107622000,FF62FFD5,000003EB,FEBEFFF7,000F0008,FF0ADD6E,3C004E20,2801FBC5,90F2A816,00000020,000005DB
1500,100960800,FEECFFA5,FFFF03DC,FF05FFF9,00120009,FF0ADD1D,3C004E20,2801F986,90F2A816,00000020,000005DC
1501,103431700,FF29FF93,FFFE03BF,FE850001,00120009,FF0ADCBF,3C004E20,2BFDF986,90EAA816,00000010,000005DD
1502,101520700,FEC8FECC,FFFE03C2,FEBE0005,00110009,FF0ADC5E,3C004E20,2BFDF986,50E2A816,00000020,000005DE
1503,100178200,FE95FDE9,FFFB03D1,FE08000A,000F000A,FF09DBE3,3C004E20,2BFDF986,70E23816,00000010,000005DF
1504,112017000,FE48FE3C,FFFB03D4,FE31000A,000D000B,FF09DB58,3C004E20,2BFDF986,70DA0016,00000010,000005E0
1505,121329300,FE69FE63,FFFD03D4,FD7F000A,000A000C,FE09DAB5,3C004E20,23FDF986,70E1E016,00000010,000005E1
1506,100573700,FE54FE92,000103DB,FDE3000C,0007000C,FE09DA0E,3C004E20,23FDF986,70E1C816,00000010,000005E2
1507,111218500,FEB2FF2A,000203DB,FD6F000D,0004000B,FE09D960,3C004E20,2001F986,B0E1B816,00000010,000005E3
1508,98232100,FE7DFFB5,000303DC,FDDF000D,0001000A,FE08D8B6,3C004E20,2001F986,90E1B016,00000010,000005E4
1509,122943900,FEC5FF5D,000003D6,FD71000A,FFFD000A,FE08D807,3C004E20,2001F986,90E1A816,00000010,000005E5
1510,130212300,FE9AFF4C,FFFB03CA,FDE60007,FFFB000B,FE08D760,3C004E20,2001F986,90E1A816,00000010,000005E6
1511,96965000,FED1FF47,000003C7,FD780002,FFFA000B,FE08D6B3,3C004E20,2001F986,90E1A816,00000010,000005E7
1512,97429400,FE96FEED,000103CB,FE050001,FFFA000B,FE08D611,3C004E20,2801F986,50D1A816,00000010,000005E8
1513,100664300,FEB2FE4F,000003D0,FD7D0000,FFFB000C,FE07D569,3C004E20,2001F986,70E1B016,00000010,000005E9
1514,113174800,FE7FFE86,000103CF,FDC50000,FFFB000C,FE07D4C4,3C004E20,2001F986,70D9B016,00000010,000005EA
1515,105611000,FE4FFEB2,FFFE03D2,FDB00000,FFFB000C,FE07D41E,3C004E20,2001F986,60D99816,00000010,000005EB
1516,112935200,FE41FEB3,000003D8,FDA10000,FFFC000C,FE07D372,3C004E20,2001F986,60D99016,00000010,000005EC
1517,123398500,FE97FEE5,000103D7,FD9A0000,FFFC000C,FE07D2C3,3C004E20,2001F986,60D98816,00000010,000005ED
1518,120577200,FECBFF07,000203D6,FDA00000,FFFC000C,FE06D214,3C004E20,2001F986,60D98016,00000010,000005EE
1519,95771100,FEE8FF18,000303D5,FDA40000,FFFC000B,FE06D166,3C004E20,2001F986,60D98016,00000010,000005EF
1520,112267900,FEFBFF26,000203D5,FDB00001,FFFD000B,FE06D0BB,3C004E20,2001F986,60D98816,00000010,000005F0
1521,104545900,FF09FF2C,000103D4,FDB70001,FFFD000A,FE06D013,3C004E20,2001F986,60D98816,00000010,000005F1
1522,96329300,FF18FF35,000103D5,FDC30001,FFFD000A,FE06CF6D,3C004E20,2801F986,60D19016,00000010,000005F2
1523,117409400,FEE6FF0D,FFFF03D5,FD9A0001,FFFD000A,FE06CEC2,3C004E20,2801F986,60D19816,00000010,000005F3
1524,113782800,FEC3FEFB,000003D5,FD8B0001,FFFD000B,FE05CE0F,3C004E20,2801F986,60D1A816,00000010,000005F4
1525,115662500,FEE5FF4B,000003D4,FD800001,FFFD000B,FE05CD59,3C004E20,2801F986,60D9B816,00000010,000005F5
1526,111085200,FF44FFE4,000303D4,FDB50000,FFFD000A,FE05CCAB,3C004E20,2801F986,60D9D016,00000010,000005F6
1527,119742200,FF58005B,000103D5,FDC30000,FFFD000A,FE06CC06,3C004E20,2801F986,60E1F016,00000010,000005F7
1528,133461700,FF8800B2,000303D5,FE01FFFF,FFFE0009,FE06CB6E,3C004E20,2801F986,60E21016,00000010,000005F8
1529,120523700,FF8B00D7,000103D5,FE130000,FFFE0009,FE06CADF,3C004E20,2801F986,60E23016,00000010,000005F9
1530,107707400,FF5600D2,000003D5,FE150000,FFFE0009,FE06CA52,3C004E20,2801F064,60E22016,00000010,000005FA
1531,117791600,FF3500D7,FFFF03D5,FE0D0000,FFFF0009,FE06C9C4,3C004E20,2801F064,60E21016,00000010,000005FB
1532,105488300,FF2100DC,FFFF03D5,FE040000,FFFF0009,FE06C934,3C004E20,2801F064,60DA0816,00000010,000005FC
1533,108783400,FECE00BC,FFFC03D4,FDC10000,FFFF000A,FE07C897,3C004E20,2001F064,60E9F816,00000010,000005FD
1534,125195200,FF1700EF,000203D4,FE080000,FFFF000A,FE07C7FD,3C004E20,2801F064,60D9F816,00000010,000005FE
1535,114251900,FF560114,FFFE03D4,FDE70000,FFFF000A,FE07C76A,3C004E20,2001F064,60E1F816,00000010,000005FF
1536,123387500,FEC600E1,FFFF03D5,FDD70000,0000000A,FE07C6CD,3C004E20,2001F064,60E1D816,00000010,00000600
1537,104755300,FEDD00EF,FFFF03DC,FDC90000,0000000B,FE07C62C,3C004E20,2001F064,60E1E016,00000010,00000601
1538,135965500,FEF70059,000103D3,FE030001,0000000B,FE07C58B,3C004E20,2801F064,70D9E016,00000010,00000602
1539,109862900,FF32FF63,000203D3,FD6E0003,0000000B,FE07C4DF,3C004E20,2001F064,70E9E816,00000010,00000603
1540,105392400,FF01FF7E,FFF303DA,FDE8FFFC,0001000E,FE07C43E,3C004E20,2001F064,60E9F816,00000010,00000604
1541,132223500,FF56FFC7,FFEE03D8,FE27FFFA,00030012,FE07C3B0,3C004E20,2801F064,60E20016,00000010,00000605
1542,121144400,FEE7FF74,FFF103D6,FE11FFFC,00050017,FE07C326,3C004E20,2801F064,60E20816,00000010,00000606
1543,114901400,FEB4FF61,001303DE,FDFDFFF7,00070013,FE07C295,3C004E20,2801F064,60E21016,00000010,00000607
1544,147199000,FECCFFBE,001A03DA,FDF2FFF6,000A000D,FE07C200,3C004E20,2001F064,60EA2016,00000010,00000608
1545,151653400,FF3A0050,000D03D2,FE2AFFFA,000D0007,FE07C173,3C004E20,2801F064,60E23016,00000010,00000609
1546,124458300,FF170089,000003C9,FE04FFFE,000E0006,FE07C0E7,3C004E20,2BFDF064,60EA4816,00000010,0000060A
1547,171750700,FF1A00C1,000003D3,FE26FFFF,000F0005,FE08C05C,3C004E20,2BFDF064,60EA6016,00000010,0000060B
1548,151870900,FF690073,000003CD,FE610002,000F0005,FE07BFDA,3C004E20,2BFDF064,70EA7816,00000010,0000060C
1549,173696000,FF630041,FFFE03CF,FE330001,000E0005,FF08BF5B,3C004E20,2BFDF064,70F29816,00000010,0000060D
1550,178186800,FF770078,000103D2,FEB70001,000E0005,FF08BEED,3C004E20,2BFDF064,70F2D816,00000020,0000060E
1551,153647200,FFAC0110,FFF703D6,FE950004,000E0005,FF08BE8A,3C004E20,2BFDF064,70F30016,00000010,0000060F
1552,163592800,FF6B010C,FFF303E4,FEE60009,000C0008,FF08BE32,3C004E20,2BFDF064,70F32016,00000020,00000610
1553,143323400,FF7B0192,000403EA,FEB90010,00080008,FF09BDDA,3C004E20,2801F064,70F34016,00000020,00000611
1554,159564000,FF5201DC,000F03E0,FEEB000F,00040005,FF09BD84,3C004E20,2801F064,B0F36816,00000020,00000612
1555,117252400,FF570230,000503C9,FE990007,00010003,FF09BD27,3C004E20,2801F064,90F3A016,00000010,00000613
1556,120098100,FF330190,000003C0,FECD0002,00000002,FF0ABCCA,3C004E20,2801F064,90FBE016,00000020,00000614
1557,109667600,FFA10193,000203C9,FED3FFFF,00000002,FF0ABC73,3C004E20,2801F064,90FC3816,00000020,00000615
1558,136833500,FFB10131,000103D0,FF35FFFF,00000002,FF0ABC2E,3C004E20,2801F064,90FC9816,00000020,00000616
1559,121779400,FFAC013C,000003D3,FF0CFFFF,00010002,FF0BBBED,3C004E20,2801F064,90FCE016,00000020,00000617
1560,105655600,FF8300F9,000003D5,FF560000,00010002,FF0BBBB4,3C004E20,2801DCD9,90FCE016,00000020,00000618
1561,116975900,FF930121,FFFF03D6,FF22FFFF,00010002,FF0BBB7A,3C004E20,2801DCD9,90FCE016,00000020,00000619
1562,136486200,FF7500E0,FFFF03D6,FF5F0000,00010002,FF0BBB45,3C004E20,2801DCD9,90FCE016,00000020,0000061A
1563,166761000,FF870111,FFFF03D6,FF260000,00010002,FF0BBB0D,3C004E20,2801DCD9,90FCE016,00000020,0000061B
1564,132628600,FF6D00D9,FFFF03D6,FF5F0000,00010002,FF0BBAD9,3C004E20,2801DCD9,90FCE016,00000020,0000061C
1565,152620800,FF80010C,000003D5,FF250000,00010002,FF0CBAA0,3C004E20,2801DCD9,9004E016,00000020,0000061D
1566,147066800,FFCB00DC,000303D5,FFA40000,00010002,FF0CBA78,3C004E20,2801DCD9,9004E016,00000020,0000061E
1567,173467200,001A0111,000203D5,FF9E0000,00010001,FF0CBA5D,3C004E20,2801DCD9,9004E016,00000020,0000061F
1568,147263300,FFF100DE,000103D5,FFF40000,00010000,FF0CBA50,3C004E20,2801DCD9,9004E016,00000020,00000620
1569,148009600,0002010F,000103D5,FFD10000,00010000,FF0CBA46,3C004E20,2801DCD9,9004E016,00000020,00000621
1570,134020600,FFEE00E2,000003D5,00120000,00010000,FF0DBA44,3C004E20,2801DCD9,9004E016,00000020,00000622
1571,135543900,00040112,000003D5,FFE50000,00010000,000DBA42,3C004E20,2801DCD9,9004E016,00000020,00000623
1572,135036000,FFF300E8,000003D5,001D0000,00010000,FF0DBA44,3C004E20,2801DCD9,9004E016,00000020,00000624
1573,112953500,000A0116,000003D5,FFEC0000,00020000,000DBA44,3C004E20,2801DCD9,9004E016,00000020,00000625
1574,117201000,FFF800EE,000003D5,001F0000,00020000,FF0DBA47,3C004E20,2801DCD9,9004E016,00000020,00000626
1575,109995100,000D0117,000003D5,FFEE0000,00020000,000EBA47,3C004E20,2801DCD9,9004E016,00000020,00000627
1576,131962600,FFFB00F4,000003D5,001E0000,00020000,FF0EBA4A,3C004E20,2801DCD9,9004E016,00000020,00000628
1577,117232800,000E011E,000003D5,FFEF0000,00020000,FF0EBA4B,3C004E20,2801DCD9,9004E016,00000020,00000629
1578,125438100,FFFD00F8,000003D5,001D0000,00020000,FF0EBA4E,3C004E20,2801DCD9,9004E016,00000020,0000062A
1579,135667000,000E0120,000003D5,FFEF0000,00020000,FF0FBA4E,3C004E20,2801DCD9,A004E016,00000020,0000062B
1580,110527500,FFFD0101,000003D5,001B0000,00020000,FF0FBA51,3C004E20,2801DCD9,A004E016,00000020,0000062C
1581,116659900,000E0125,000003D5,FFEF0000,00020000,FF0FBA51,3C004E20,2801DCD9,A004E016,00000020,0000062D
1582,114433700,FFFD0106,000003D5,00190000,00020000,FF0FBA53,3C004E20,2801DCD9,A004E016,00000020,0000062E
1583,107196300,000E0128,000003D5,FFEF0000,00020000,000FBA53,3C004E20,2801DCD9,A004E016,00000020,0000062F
1584,120268300,FFFD010F,000003D5,00170000,00020000,FF10BA55,3C004E20,2801DCD9,A004E016,00000020,00000630
1585,138218800,000B012C,000003D5,FFEF0000,00020000,0010BA55,3C004E20,2801DCD9,A0048016,00000020,00000631
1586,129700900,FFFD0116,000003D5,00160000,00020000,FF10BA57,3C004E20,2801DCD9,A0048016,00000020,00000632
1587,91376500,000B0131,000003D5,FFEF0000,00020000,0010BA57,3C004E20,2801DCD9,A0048016,00000020,00000633
1588,115646500,FFFC0121,000003D5,00150000,00020000,FF10BA58,3C004E20,2801DCD9,A0037016,00000020,00000634
1589,117661600,000C0107,000003D5,FFE90000,00020000,0011BA57,3C004E20,2801DCD9,A0037016,00000020,00000635
1590,118024400,FFF9005A,000003D6,00200001,00010000,0011BA59,3C004E20,2801C16C,A0037016,00000020,00000636
1591,128128100,000EFFCD,000003D6,FFE00002,00010000,0011BA58,3C004E20,2801C16C,A0037016,00000020,00000637
1592,126900700,FFF4FF6A,000003D5,00210002,00010000,0010BA5A,3C004E20,2801C16C,A0037016,00000020,00000638
1593,98061400,000FFF30,000003D5,FFDF0002,00000000,0010BA58,3C004E20,2801C16C,A0030816,00000020,00000639
1594,106788700,FFF4FF10,000003D5,00220001,00000000,0010BA5A,3C004E20,2801C16C,A0030816,00000020,0000063A
1595,124546500,000FFEF9,000003D5,FFDD0001,FFFF0000,0010BA58,3C004E20,2801C16C,A0030816,00000020,0000063B
1596,124743500,FFF2FEEF,000003D5,00240001,FFFF0000,0010BA5A,3C004E20,2801C16C,A0030816,00000020,0000063C
1597,110178800,000FFEED,000003D5,FFDB0001,FFFF0000,000FBA58,3C004E20,2801C16C,A0030816,00000020,0000063D
1598,108149100,FFF1FEE5,000003D5,00260000,FFFF0000,000FBA5A,3C004E20,2801C16C,A0FB0816,00000020,0000063E
1599,121649400,FFBCFEE3,FFFD03D5,FF970000,FFFF0001,FF0FBA4D,3C004E20,2801C16C,A002C816,00000020,0000063F
1600,117979000,FFACFEDF,000003D5,FFF60000,FFFE0001,FF0FBA3E,3C004E20,2801C16C,A002C816,00000020,00000640
1601,104186000,0019FEE8,000103D5,FFB60000,FFFE0001,FF0FBA31,3C004E20,2801C16C,A002E016,00000020,00000641
1602,112136200,FFECFEEC,000003D5,00130000,FFFE0000,FF0EBA2B,3C004E20,2801C16C,A002E016,00000020,00000642
1603,121098700,0007FEEC,000003D5,FFC70000,FFFE0000,000EBA24,3C004E20,2801C16C,A002E016,00000020,00000643
1604,110992000,FFE6FEEE,000003D5,00220000,FFFE0000,000EBA23,3C004E20,2801C16C,9002E016,00000020,00000644
1605,117527600,0008FEEF,000003D5,FFCE0000,FFFE0000,000EBA1F,3C004E20,2801C16C,9002A816,00000020,00000645
1606,133810900,FFE8FEF2,000003D5,00290000,FFFE0000,000DBA20,3C004E20,2801C16C,9002A816,00000020,00000646
1607,129535000,000BFEF4,000003D5,FFD00000,FFFE0000,000DBA1D,3C004E20,2801C16C,9002A816,00000020,00000647
1608,132795500,FFEAFEF6,000003D5,002D0000,FFFE0000,000DBA1F,3C004E20,2801C16C,9002A816,00000020,00000648
1609,148066500,000EFEF7,000003D5,FFD00000,FFFE0000,000DBA1C,3C004E20,2801C16C,9002A816,00000020,00000649
1610,165720000,FFEBFEFC,000003D5,00300000,FFFE0000,000DBA1E,3C004E20,2801C16C,9002A816,00000020,0000064A
1611,137760200,0010FEFA,000003D5,FFCF0000,FFFE0000,000CBA1C,3C004E20,2801C16C,9002A816,00000020,0000064B
1612,154804300,FFECFEFE,000003D5,00310000,FFFE0000,000CBA1E,3C004E20,2801C16C,9002A816,00000020,0000064C
1613,144868300,0012FF1E,000003D5,FFCE0000,FFFF0000,000CBA1C,3C004E20,2801C16C,9002A816,00000020,0000064D
1614,158650500,FFECFF5E,000003D5,00320000,FFFF0000,000CBA1E,3C004E20,2801C16C,9002A816,00000020,0000064E
1615,172342000,0013FF66,000003D5,FFCD0000,FFFF0000,000CBA1C,3C004E20,2801C16C,9002A816,00000020,0000064F
1616,140529100,FFECFF6A,000003D5,00330000,FFFF0000,000CBA1E,3C004E20,2801C16C,9002A816,00000020,00000650
1617,124228500,0013FF6C,000003D5,FFCD0000,FFFF0000,000CBA1C,3C004E20,2801C16C,9002A816,00000020,00000651
1618,111413100,FFECFF6C,000003D5,00340000,FFFF0000,000CBA1F,3C004E20,2801C16C,9002A816,00000020,00000652
1619,119994000,0014FF71,000003D5,FFCC0000,FFFF0000,000BBA1C,3C004E20,2801C16C,9002A816,00000020,00000653
1620,115633800,FFECFF71,000003D5,00350000,FFFF0000,000BBA1F,3C004E20,28019F34,9002A816,00000020,00000654
1621,128304300,0014FF72,000003D5,FFCB0000,FFFF0000,000BBA1C,3C004E20,28019F34,9002A816,00000020,00000655
1622,118347200,FFECFF74,000003D5,00350000,FFFF0000,000BBA1F,3C004E20,28019F34,9002A816,00000020,00000656
1623,113572600,0015FF76,000003D5,FFCA0000,FFFF0000,000BBA1C,3C004E20,28019F34,9002A816,00000020,00000657
1624,133361800,FFEBFF73,000003D5,00360000,FFFF0000,000BBA1F,3C004E20,28019F34,9002A816,00000020,00000658
1625,133983900,0016FF77,000003D5,FFCA0000,FFFF0000,000BBA1B,3C004E20,28019F34,9002A816,00000020,00000659
1626,78589100,FFEAFF79,000003D5,00370000,FFFF0000,000BBA1F,3C004E20,28019F34,9002A816,00000020,0000065A
1627,119147900,0016FF78,000003D5,FFC90000,FFFF0000,000BBA1B,3C004E20,28019F34,90FAA816,00000020,0000065B
1628,108558300,FFA6FEBE,FFFD03D6,00040001,FFFF0000,FF0ABA17,3C004E20,28019F34,5002A816,00000020,0000065C
1629,116509000,FFE6FE09,000103D5,FFA70001,FFFF0001,FF0ABA08,3C004E20,28019F34,7002A816,00000020,0000065D
1630,113020500,FFFDFE73,000103D5,00210001,FFFE0000,FF0ABA04,3C004E20,28019F34,7002A816,00000020,0000065E
1631,117058800,001CFEC0,000103D4,FFB70000,FFFE0000,FF09B9FB,3C004E20,28019F34,7002A816,00000020,0000065F
1632,113736600,FFECFF22,000003D4,00310000,FFFE0000,FF09B9FB,3C004E20,28019F34,7002A816,00000020,00000660
1633,105253300,00130004,000003D4,FFC5FFFE,FFFF0000,0009B9F7,3C004E20,28019F34,B002A816,00000020,00000661
1634,117550900,FFEB00F1,000003D4,0034FFFE,FFFF0000,0009B9FA,3C004E20,28019F34,9002A816,00000020,00000662
1635,103824000,001700EF,000003D5,FFCBFFFE,00000000,000AB9F6,3C004E20,28019F34,9002A816,00000020,00000663
1636,114085500,FFEC00EA,000003D5,0034FFFE,00000000,000AB9F9,3C004E20,28019F34,9002A816,00000020,00000664
1637,112122500,001500EA,000003D5,FFCCFFFF,00010000,000AB9F6,3C004E20,28019F34,9002A816,00000020,00000665
1638,108530000,FFED00EB,000003D5,0033FFFF,00010000,000AB9F9,3C004E20,28019F34,9002A816,00000020,00000666
1639,119976800,001400E3,000003D5,FFCC0000,00010000,000AB9F6,3C004E20,28019F34,9002A816,00000020,00000667
1640,138812900,FFEC00A8,000003D5,00360000,00010000,000AB9F9,3C004E20,28019F34,9002A816,00000020,00000668
1641,130179600,00130041,000003D6,FFCA0001,00010000,000AB9F6,3C004E20,28019F34,9002A816,00000020,00000669
1642,132763800,FFEBFFF6,000003D5,00370001,00010000,000AB9F9,3C004E20,28019F34,9002A816,00000020,0000066A
1643,131204600,0016FFCC,000003D5,FFC90001,00000000,000AB9F6,3C004E20,28019F34,9002A816,00000020,0000066B
1644,107949000,FFEAFFAE,000003D5,00370001,00000000,000AB9F9,3C004E20,28019F34,9002A816,00000020,0000066C
1645,109790100,001AFEF7,000003D6,FFC70002,00000000,000AB9F5,3C004E20,28019F34,5002A816,00000020,0000066D
1646,123452800,FFE8FE3C,000003D5,00340002,FFFF0000,000AB9F7,3C004E20,28019F34,7002A816,00000020,0000066E
1647,121904200,0012FEA5,000003D4,FFC60001,FFFF0000,0009B9F3,3C004E20,28019F34,7002A816,00000020,0000066F
1648,103017000,FFE8FF0C,000003D4,00390000,FFFF0000,0009B9F6,3C004E20,28019F34,700AA816,00000020,00000670
1649,114518900,0055FF78,000303D4,FFFB0000,FFFF0000,0009B9FB,3C004E20,28019F34,7012A816,00000020,00000671
1650,122429100,00BC0054,000503D4,00D3FFFE,FFFFFFFE,0009BA1D,3C004E20,28017ACA,B012A816,00000020,00000672
1651,118313500,01190118,000403D4,00B6FFFE,0000FFFD,000ABA55,3C004E20,28017ACA,901A8816,00000020,00000673
1652,110058100,011500F2,000403D5,0184FFFF,0000FFFC,000ABAAC,3C004E20,28017ACA,901A4816,00000010,00000674
1653,108643800,017300C7,000303D5,016EFFFF,0001FFFB,000ABB18,3C004E20,28017ACA,901A3016,00000010,00000675
1654,116309100,01360089,000103D5,02030000,0001FFFA,000ABB9B,3C004E20,28017ACA,90220816,00000010,00000676
1655,133014100,0188FFF7,000303D5,01E40001,0001FFFA,010ABC29,3C004E20,28017ACA,9029F816,00000010,00000677
1656,109312700,01BBFF2F,000303D5,02A90002,0000FFF9,010ABCD6,3C004E20,20017ACA,9021B816,00000010,00000678
1657,117279700,01D1FF16,000003D5,02500002,0000FFF8,010ABD8A,3C004E20,20017ACA,90219816,00000010,00000679
1658,108124700,0170FF24,FFFF03D4,02BF0002,FFFFFFF8,0109BE47,3C004E20,20017ACA,90298016,00000010,0000067A
1659,125770200,01D8FE5F,000103D5,02640003,FFFFFFF8,0109BF01,3C004E20,20017ACA,50297016,00000010,0000067B
1660,112563900,01CAFDAE,000003D4,02D30003,FFFEFFF8,0109BFC3,3C004E20,20017ACA,70296016,00000010,0000067C
1661,119542500,01C7FE0A,000003D4,02710002,FFFEFFF8,0108C081,3C004E20,20017ACA,70315816,00000010,0000067D
1662,107526500,01A6FE1F,000003D4,02F20002,FFFDFFF8,0108C14A,3C004E20,20017ACA,70314816,00000010,0000067E
1663,116832000,01E8FE21,000003D4,029F0002,FFFDFFF8,0108C215,3C004E20,20017ACA,70314016,00000010,0000067F
1664,110888500,01ACFE49,000003D2,02E00001,FFFDFFF8,0107C2E5,3C004E20,20017ACA,70313816,00000010,00000680
1665,122077400,0234FE2B,000103CF,02D90001,FFFDFFF7,0107C3B6,3C004E20,1C017ACA,60393016,00000010,00000681
1666,121979500,0231FE1A,000103D7,03000001,FFFDFFF7,0106C48D,3C004E20,1C017ACA,60393016,00000010,00000682
1667,114508200,01FBFE25,FFFF03D6,03110001,FFFDFFF7,0106C56D,3C004E20,1C017ACA,60393016,00000010,00000683
1668,108255000,019DFE67,FFFE03D5,03160001,FFFDFFF7,0106C64F,3C004E20,20017ACA,60393016,00000010,00000684
1669,98176600,016AFEBE,FFFD03D5,030E0000,FFFDFFF8,0106C730,3C004E20,20017ACA,60313016,00000010,00000685
1670,126821500,0106FF46,FFFC03D4,02D30000,FFFEFFF9,0106C806,3C004E20,28017ACA,60493016,00000010,00000686
1671,116374200,0109FF28,FFFF03D5,02E70000,FFFEFFFA,0105C8D6,3C004E20,28017ACA,60494016,00000010,00000687
1672,109267000,01A7FE86,000203D5,03340001,FFFEFFF9,0205C9B8,3C004E20,28017ACA,60414816,00000010,00000688
1673,120317200,0191FEAA,FFFF03D4,03300001,FFFEFFF9,0205CAA3,3C004E20,28017ACA,60414816,00000010,00000689
1674,120789900,0139FF11,FFFF03D4,032A0001,FFFEFFF9,0205CB8C,3C004E20,28017ACA,60415016,00000010,0000068A
1675,110652500,0114FF23,FFFE03D4,031B0000,FFFEFFFA,0205CC71,3C004E20,28017ACA,60395816,00000010,0000068B
1676,108139800,00C7FF6B,FFFD03D4,02E30000,FFFEFFFB,0105CD4B,3C004E20,28017ACA,60396016,00000010,0000068C
1677,117662400,0098FF7E,FFFD03D5,02BD0000,FFFEFFFC,0105CE18,3C004E20,28017ACA,60396816,00000010,0000068D
1678,119789100,00AFFF5F,FFFF03D5,02B20000,FFFFFFFC,0105CEDE,3C004E20,28017ACA,60317016,00000010,0000068E
1679,110559200,0076FFB2,FFFD03D5,026F0000,FFFFFFFD,0105CF98,3C004E20,28017ACA,60318016,00000010,0000068F
1680,102618200,00790007,FFFF03D5,025CFFFF,FFFFFFFD,0105D046,3C004E20,280153A7,60318816,00000010,00000690
1681,115940300,00A70046,000003D5,0252FFFF,FFFFFFFD,0105D0F1,3C004E20,280153A7,60299816,00000010,00000691
1682,115576600,008200AF,FFFF03D5,0229FFFF,0000FFFE,0105D194,3C004E20,280153A7,6029A016,00000010,00000692
1683,100782900,007C00D5,000003D5,0219FFFF,0000FFFE,0105D22F,3C004E20,280153A7,6029B816,00000010,00000693
1684,116421400,00B500D1,000103D5,0221FFFF,0000FFFD,0105D2CA,3C004E20,280153A7,6021C816,00000010,00000694
1685,101992300,007B00FC,FFFF03D5,01EEFFFF,0001FFFE,0106D35C,3C004E20,280153A7,6021D016,00000010,00000695
1686,89088200,00730104,000003D5,01E1FFFF,0001FFFE,0106D3E7,3C004E20,280153A7,6021E016,00000010,00000696
1687,106212700,00A800ED,000103D5,01E20000,0001FFFE,0106D471,3C004E20,280153A7,6021F016,00000010,00000697
1688,117451900,00C500E7,000103D5,01EB0000,0001FFFD,0106D4FC,3C004E20,280153A7,6019F816,00000010,00000698
1689,103197500,0078010D,FFFF03D5,01B30000,0001FFFD,0106D57F,3C004E20,280153A7,601A0816,00000010,00000699
1690,113275700,00670117,000003D5,019F0000,0001FFFE,0107D5F7,3C004E20,280153A7,601A1816,00000010,0000069A
1691,96451200,009B0108,000103D5,019C0000,0001FFFE,0107D66D,3C004E20,280153A7,601A2816,00000010,0000069B
1692,94413500,00B60106,000103D5,01A10000,0001FFFD,0107D6E4,3C004E20,280153A7,601A4016,00000010,0000069C
1693,94328400,00CA0108,000103D5,01A80000,0001FFFD,0107D75D,3C004E20,280153A7,60125016,00000010,0000069D
1694,102490000,0069012C,FFFE03DC,01680000,0002FFFD,0008D7CA,3C004E20,280153A7,60126816,00000010,0000069E
1695,95701500,004800C3,FFFF03D3,01160001,0001FFFE,0008D829,3C004E20,280153A7,7012B016,00000020,0000069F
1696,98743800,00600065,000003D2,01460000,0001FFFE,0008D882,3C004E20,280153A7,7012C816,00000020,000006A0
1697,106824300,008E0082,000103D3,00F90001,0001FFFE,0008D8D2,3C004E20,280153A7,700AE016,00000020,000006A1
1698,95910300,002D0119,FFFE03D4,0106FFFF,0001FFFF,0008D91B,3C004E20,280153A7,700AF816,00000020,000006A2
1699,90090200,002101AE,FFFF03D4,00A3FFFF,0001FFFF,0009D953,3C004E20,280153A7,B00B1016,00000020,000006A3
1700,106992700,002501FF,000003D5,00BFFFFF,0002FFFF,0009D98A,3C004E20,280153A7,900B2016,00000020,000006A4
1701,93141600,0047017D,000103D6,00B7FFFF,0002FFFF,0009D9C0,3C004E20,280153A7,900B3816,00000020,000006A5
1702,91921100,00520146,000103D6,00C30000,0002FFFF,0009D9F5,3C004E20,280153A7,900B5016,00000020,000006A6
1703,98895800,0069012B,000103D5,00A60000,0002FFFF,000ADA28,3C004E20,280153A7,900B6816,00000020,000006A7
1704,91691800,00610113,000103D5,00C50000,0002FFFF,000ADA5D,3C004E20,280153A7,900B8016,00000020,000006A8
1705,96128900,00750104,000103D5,00AF0000,0002FFFE,000ADA91,3C004E20,280153A7,900B9816,00000020,000006A9
1706,91883500,007000FC,000103D5,00C50000,0002FFFE,000ADAC7,3C004E20,280153A7,900BB816,00000020,000006AA
1707,113421500,007E00F8,000103D5,00B30000,0002FFFE,000ADAFD,3C004E20,280153A7,900BD816,00000020,000006AB
1708,105512900,007B00F2,000003D5,00CA0000,0002FFFE,000BDB34,3C004E20,280153A7,90040016,00000020,000006AC
1709,109098300,002700F6,FFFD03D5,00710000,0002FFFE,000BDB5E,3C004E20,280153A7,90043016,00000020,000006AD
1710,100591800,FFEB00F4,FFFE03D5,00570000,0002FFFF,000BDB7A,3C004E20,28012F23,90045816,00000020,000006AE
1711,105966100,000400F6,FFFF03D5,00250000,00010000,000BDB8A,3C004E20,28012F23,90047016,00000020,000006AF
1712,106720000,000A00F3,000003D5,00270000,00010000,000BDB95,3C004E20,28012F23,90047816,00000020,000006B0
1713,98446100,000E00F8,000003D5,00080000,00010000,000CDB9A,3C004E20,28012F23,90047816,00000020,000006B1
1714,104091700,000900F7,000003D5,00140000,00010000,000CDB9E,3C004E20,28012F23,90047816,00000020,000006B2
1715,92427600,000D00F9,000003D5,FFFD0000,00010000,000CDBA0,3C004E20,28012F23,90047016,00000020,000006B3
1716,94631400,000500FA,000003D5,000D0000,00010000,000CDBA2,3C004E20,28012F23,90047016,00000020,000006B4
1717,90759200,000900FD,000003D5,FFF90000,00010000,000CDBA2,3C004E20,28012F23,90046816,00000020,000006B5
1718,100958000,000000FF,000003D5,000A0000,00010000,000DDBA3,3C004E20,28012F23,90046016,00000020,000006B6
1719,89715100,00070102,000003D5,FFF80000,00020000,000DDBA3,3C004E20,28012F23,90045816,00000020,000006B7
1720,111571200,FFFE0103,000003D5,00090000,00020000,000DDBA3,3C004E20,28012F23,90045016,00000020,000006B8
1721,100135800,00040106,000003D5,FFF70000,00020000,000DDBA3,3C004E20,28012F23,90044816,00000020,000006B9
1722,101391600,FFFF0109,000003D5,00090000,00020000,000DDBA3,3C004E20,28012F23,90044816,00000020,000006BA
1723,107807900,00020109,000003D5,FFF70000,00020000,000EDBA3,3C004E20,28012F23,90044016,00000020,000006BB
1724,95727900,FFFE010D,000003D5,00080000,00020000,000EDBA3,3C004E20,28012F23,90043816,00000020,000006BC
1725,99584900,0003010A,000003D5,FFF80000,00020000,000EDBA3,3C004E20,28012F23,90043816,00000020,000006BD
1726,97901800,FFFD00F9,000003D5,00080000,00020000,000EDBA3,3C004E20,28012F23,90043016,00000020,000006BE
1727,95424600,000300E9,000003D5,FFF80000,00020000,000EDBA3,3C004E20,28012F23,A00C2816,00000020,000006BF
1728,97357500,005600D9,000403D5,004F0000,0001FFFF,000FDBAE,3C004E20,28012F23,A0042816,00000020,000006C0
1729,95522100,004800D0,FFFF03D5,002C0000,0001FFFF,000FDBC0,3C004E20,28012F23,A0042816,00000020,000006C1
1730,108082500,FFF400D4,FFFF03D5,002A0000,0001FFFF,000FDBCC,3C004E20,28012F23,A0043816,00000020,000006C2
1731,111306800,000400D2,FFFF03D5,000F0000,00010000,000FDBD3,3C004E20,28012F23,A0043816,00000020,000006C3
1732,101368400,000600CF,000003D5,00150000,00010000,000FDBD8,3C004E20,28012F23,A0044016,00000020,000006C4
1733,103096600,000B00D0,000003D5,00010000,00010000,000FDBDB,3C004E20,28012F23,A0044016,00000020,000006C5
1734,92907600,000700CF,000003D5,000C0000,00010000,FF10DBDD,3C004E20,28012F23,A0043816,00000020,000006C6
1735,113933300,000900D0,000003D5,FFFC0000,00010000,0010DBDE,3C004E20,28012F23,A0043816,00000020,000006C7
1736,122548900,000300D1,000003D5,00090000,00010000,0010DBDF,3C004E20,28012F23,A0043816,00000020,000006C8
1737,126910500,000700D2,000003D5,FFFA0000,00010000,0010DBDF,3C004E20,28012F23,A0043016,00000020,000006C9
1738,130964200,000000D2,000003D5,00070000,00010000,0010DBDF,3C004E20,28012F23,A0043016,00000020,000006CA
1739,130747400,000400D4,000003D5,FFF90000,00010000,0010DBDF,3C004E20,28012F23,A0043016,00000020,000006CB
1740,111548900,000000CC,000003D5,00070000,00010000,0011DBDF,3C004E20,280108CF,A0042816,00000020,000006CC
1741,127127700,0005007A,000003D5,FFFA0001,00010000,0011DBDF,3C004E20,280108CF,A00C2816,00000020,000006CD
1742,128519900,0059FFFB,000403D5,004E0001,0001FFFF,0011DBEB,3C004E20,280108CF,A0042016,00000020,000006CE
1743,142774800,004DFFAF,FFFF03D5,00310001,0001FFFF,0010DBFD,3C004E20,280108CF,A0042816,00000020,000006CF
1744,150671500,FFF8FF89,FFFF03D5,002B0001,0000FFFF,0010DC0A,3C004E20,280108CF,A0042816,00000020,000006D0
1745,128231900,000AFF6D,FFFF03D5,00130001,00000000,0010DC12,3C004E20,280108CF,A00C2816,00000020,000006D1
1746,100572000,0062FF57,000303D5,005D0001,0000FFFF,0010DC23,3C004E20,280108CF,A00C2016,00000020,000006D2
1747,98538200,00CBFF45,000303D5,008B0001,FFFFFFFE,0010DC46,3C004E20,280108CF,A0042016,00000020,000006D3
1748,98929700,004BFF50,FFFE03D5,006C0000,FFFFFFFE,0010DC69,3C004E20,280108CF,A0043016,00000020,000006D4
1749,116224600,000CFF71,FFFE03D5,003E0000,FFFFFFFF,0010DC80,3C004E20,280108CF,A0044016,00000020,000006D5
1750,87071200,0018FFB2,FFFF03D5,00320000,FFFFFFFF,FF10DC8F,3C004E20,280108CF,A0044816,00000020,000006D6
1751,95457600,00210001,FFFF03D5,0016FFFF,FFFFFFFF,FF10DC99,3C004E20,280108CF,A0045016,00000020,000006D7
1752,96334100,001D003F,000003D5,0017FFFF,0000FFFF,FF10DC9F,3C004E20,280108CF,A0045016,00000020,000006D8
1753,105599400,001C007D,000003D5,0003FFFF,00000000,FF10DCA2,3C004E20,280108CF,A0045816,00000020,000006D9
1754,94131900,001100AF,000003D5,000CFFFF,00000000,FF10DCA5,3C004E20,280108CF,A0045816,00000020,000006DA
1755,98960000,001300D3,000003D5,FFFCFFFF,00010000,FF10DCA5,3C004E20,280108CF,A0045816,00000020,000006DB
1756,109542700,000700F0,000003D5,0009FFFF,00010000,FF10DCA6,3C004E20,280108CF,A0046016,00000020,000006DC
1757,105643900,000C0104,000003D5,FFF9FFFF,00010000,FF11DCA6,3C004E20,280108CF,A0046816,00000020,000006DD
1758,89349400,00020112,000003D5,0007FFFF,00010000,FF11DCA7,3C004E20,280108CF,A0047016,00000020,000006DE
1759,113622300,0007011F,000003D5,FFF9FFFF,00010000,0011DCA6,3C004E20,280108CF,A0047816,00000020,000006DF
1760,92764500,FFFF0127,000003D5,00070000,00020000,0011DCA6,3C004E20,280108CF,A0048016,00000020,000006E0
1761,97517300,00070130,000003D5,FFF90000,00020000,0012DCA6,3C004E20,280108CF,A0048816,00000020,000006E1
1762,91376900,FFFD0136,000003D5,00060000,00020000,0012DCA6,3C004E20,280108CF,A0049016,00000020,000006E2
1763,91228400,00050130,000003D5,FFF90000,00020000,0012DCA6,3C004E20,280108CF,A0049816,00000020,000006E3
1764,93900800,FFFE00CF,000003D5,00050001,00020000,0012DCA6,3C004E20,280108CF,A004A016,00000020,000006E4
1765,95383200,00010032,FFF103D8,FFFBFFFC,00020001,0012DCA6,3C004E20,280108CF,A004A816,00000020,000006E5
1766,92808000,0005FFD2,000603E7,0004FFFA,0004FFFF,0012DCA6,3C004E20,280108CF,A004A816,00000020,000006E6
1767,97907900,0007FFC1,002203FA,FFFCFFD8,000BFFFA,0012DCA6,3C004E20,280108CF,A004A816,00000020,000006E7
1768,87468400,000A0002,003F0454,0006FF9A,0023FFEF,FF12DCA6,3C004E20,280108CF,A004A016,00000020,000006E8
1769,93715500,00080058,004E0489,FFFAFF3C,0050FFDE,FF12DCA6,3C004E20,280108CF,A0049816,00000020,000006E9
1770,96110800,FFF2009B,001504A2,0003FF16,0092FFD2,FF12DCA6,3C004E20,2400E304,A2039816,00000020,000006EA
1771,106869600,FFF3000C,00030364,FFFDFFAD,00B9FFCF,FF12DCA4,3C004E20,2BFCE304,A0049816,00000020,000006EB
1772,98045500,0009FF78,00150344,FFFC002D,00BAFFCC,FF12DCA3,3C004E20,2BFCE304,A0049016,00000020,000006EC
1773,95364500,0011FF71,001C03E9,FFFA008B,00A0FFC5,FF12DCA2,3C004E20,2BFCE304,A0049016,00000020,000006ED
1774,95472200,0005FF34,001F046E,FFFE00E9,006BFFBE,FF12DCA2,3C004E20,2BFCE304,A0048816,00000020,000006EE
1775,84276500,0001FF26,00050476,FFEF00E8,0024FFB9,FF12DCA1,3C004E20,2800E304,A0048016,00000020,000006EF
1776,106041800,FFF3FF95,FFFE02CB,000F005E,FFFCFFB8,FF11DCA2,3C004E20,2400E304,A2038016,00000020,000006F0
1777,109855100,0013FF69,FFFE02D4,FFEC001C,FFEDFFB9,FF11DCA0,3C004E20,2400E304,A2038016,00000020,000006F1
1778,92428900,0003FEF1,FFFE0353,0014FFFF,FFEBFFBA,FF11DCA1,3C004E20,2800E304,A0046016,00000020,000006F2
1779,111257400,000CFF09,FFC403A5,FFE1FFE4,FFEEFFBE,FF11DC9F,3C004E20,2800E304,A0045016,00000020,000006F3
1780,90722900,FFF9FF3F,FFF003D9,001EFFEB,FFF5FFC6,FF11DCA0,3C004E20,2800E304,A0044016,00000020,000006F4
1781,75901200,0025FF3D,FFFB03D2,FFDFFFF1,FFFAFFC8,FF11DC9E,3C004E20,2BFCE304,A0043816,00000020,000006F5
1782,80902600,0007FF40,001E03E4,0020FFEB,FFFFFFC5,FF10DCA0,3C004E20,2800E304,A0043016,00000020,000006F6
1783,86706400,0012FF41,000703E8,FFDEFFF4,0003FFC1,FF10DC9D,3C004E20,2BFCE304,A00C2816,00000020,000006F7
1784,93892100,004BFF3A,000503DA,0067FFF9,0006FFC0,0010DCAA,3C004E20,2BFCE304,A00C1816,00000020,000006F8
1785,92990700,00C2FF26,FFF803FD,00630004,0004FFC5,0010DCC7,3C004E20,2800E304,A0041816,00000020,000006F9
1786,106322400,0047FF47,FFFB03CB,00820001,0004FFC6,0010DCE9,3C004E20,2800E304,A0042816,00000020,000006FA
1787,90749400,0017FF50,FFFD03D0,001CFFFF,0004FFC7,0010DCFD,3C004E20,2BFCE304,A002E816,00000020,000006FB
1788,102525800,0017FF41,000703EC,004E0006,0002FFC4,FF10DD0D,3C004E20,2800E304,A002E816,00000020,000006FC
1789,103384800,0027FF0A,000103CA,FFF50002,0001FFC3,FF0FDD14,3C004E20,2800E304,A002E816,00000020,000006FD
1790,96828400,0012FEF7,000003CF,00360001,0001FFC3,FF0FDD1C,3C004E20,2800E304,A002E816,00000020,000006FE
1791,82963400,002AFEB3,FFF802EB,000200AC,FFE0FFC4,FF0FDD1F,3C004E20,27FCE304,A2025816,00000020,000006FF
1792,96083700,0006FEC0,FFD402DD,FFFD00C4,FFA5FFCD,FF0FDD21,3C004E20,27FCE304,A2025816,00000020,00000700
1793,96761300,0019FEFA,FFDC03D3,000D009B,FF74FFD8,FF0FDD23,3C004E20,2BFCE304,A002E816,00000020,00000701
1794,87038100,001FFEF2,FFE90406,FFF70073,FF4DFFE2,FF0EDD22,3C004E20,2800E304,A00AE816,00000020,00000702
1795,134583000,0077FEE4,FFF7045A,005C002D,FF39FFE7,000EDD30,3C004E20,2800E304,A00AE816,00000020,00000703
1796,112254100,00D6FECD,FFFF045A,0083000A,FF33FFE7,000EDD52,3C004E20,2800E304,9002E816,00000020,00000704
1797,125722000,0029FF35,FFEE0317,007BFF66,FF50FFE8,000EDD75,3C004E20,2800E304,9002E816,00000020,00000705
1798,121998400,FFFCFF27,FFDB02EA,0035FF27,FF8AFFEC,000DDD8B,3C004E20,2400E304,92025816,00000020,00000706
1799,111064200,0010FEE1,FFD60408,0034FF4D,FFBEFFF5,000DDD9B,3C004E20,2BFCE304,9002E816,00000020,00000707
1800,143181200,0026FF01,FFED0425,0017FF86,FFE8FFFB,000DDDA4,3C004E20,2BFCBF77,9002E816,00000020,00000708
1801,117107600,001DFF36,FFF2045C,0014FFBD,00030001,FF0DDDAA,3C004E20,2BFCBF77,9002E816,00000020,00000709
1802,154290400,001EFF39,00000479,0002FFEB,000E0002,FF0DDDAC,3C004E20,2BFCBF77,9002E816,00000020,0000070A
1803,134670300,000BFF52,FFFF042F,000D0000,00100002,FF0DDDAF,3C004E20,2BFCBF77,9002E816,00000020,0000070B
1804,130676000,000AFF61,00010403,FFFB000A,000E0002,000DDDAF,3C004E20,2800BF77,9002E816,00000020,0000070C
1805,112652600,0003FF67,000203E6,000B000C,000B0001,000CDDB1,3C004E20,2800BF77,9002E816,00000020,0000070D
1806,105512800,0006FF6C,000103D4,FFF8000A,00070001,000CDDB0,3C004E20,2800BF77,9002E816,00000020,0000070E
1807,117409300,0000FF6D,000103CC,000A0008,00050001,000CDDB1,3C004E20,2800BF77,9002E816,00000020,0000070F
1808,120766300,0006FF6D,000103CA,FFF70006,00030000,000CDDB1,3C004E20,2800BF77,9002E816,00000020,00000710
1809,106098000,FFFDFF6E,000003CB,000A0004,00010000,000CDDB1,3C004E20,2800BF77,9002E816,00000020,00000711
1810,98564900,0004FF6D,000003CD,FFF70003,00010000,000CDDB1,3C004E20,2800BF77,9002E816,00000020,00000712
1811,87055300,FFFEFF6E,000003CF,000A0002,00000000,000CDDB1,3C004E20,2800BF77,9002E816,00000020,00000713
1812,86294200,0004FF71,000003D1,FFF60001,00000000,000CDDB1,3C004E20,2800BF77,9002E816,00000020,00000714
1813,97633400,FFFBFF70,000003D2,000A0001,FFFF0000,000CDDB1,3C004E20,2800BF77,9002E816,00000020,00000715
1814,111308800,0005FF70,000003D3,FFF60000,FFFF0000,000BDDB1,3C004E20,2800BF77,9002E816,00000020,00000716
1815,119032800,FFFBFF72,000003D4,000A0000,FFFF0000,000BDDB1,3C004E20,2800BF77,9002E816,00000020,00000717
1816,112033900,0004FF73,000003D5,FFF60000,FFFF0000,000BDDB1,3C004E20,2800BF77,9002E816,00000020,00000718
1817,122869600,FFFCFF73,000003D5,000A0000,FFFF0000,000BDDB1,3C004E20,2800BF77,9002E816,00000020,00000719
1818,122618500,0003FF79,000003D5,FFF60000,FFFF0000,000BDDB1,3C004E20,2800BF77,9002E816,00000020,0000071A
1819,125149400,FFFCFF8E,000003D5,000A0000,FFFF0000,000BDDB1,3C004E20,2800BF77,9002E816,00000020,0000071B
1820,125297400,0003FFC1,000003D5,FFF60000,FFFF0000,000BDDB1,3C004E20,2800BF77,9002E816,00000020,0000071C
1821,127432400,FFFEFFFE,000003D5,000AFFFF,FFFF0000,000BDDB1,3C004E20,2800BF77,9002E816,00000020,0000071D
1822,128530600,00030028,000003D5,FFF6FFFF,00000000,000BDDB1,3C004E20,2800BF77,9002E816,00000020,0000071E
1823,111838300,FFFD004B,000003D5,000AFFFF,00000000,000BDDB1,3C004E20,2800BF77,9002E816,00000020,0000071F
1824,95875100,00030064,000003D5,FFF6FFFF,00000000,000BDDB1,3C004E20,2800BF77,9002E816,00000020,00000720
1825,89971100,FFFD0076,000003D5,000AFFFF,00000000,000BDDB1,3C004E20,2800BF77,9002E816,00000020,00000721
1826,101115000,0003007E,000003D5,FFF70000,00000000,000BDDB1,3C004E20,2800BF77,9002E816,00000020,00000722
1827,82577200,FFFE0054,000003D5,00090000,00000000,000BDDB1,3C004E20,2800BF77,9002E816,00000020,00000723
1828,85679100,00020004,000003D5,FFF70000,00000000,000BDDB1,3C004E20,2800BF77,9002E816,00000020,00000724
1829,111009400,FFFEFFCE,000003D5,000A0001,00000000,000BDDB1,3C004E20,2800BF77,9002E816,00000020,00000725
1830,128414300,0002FFAC,000003D5,FFF60001,00000000,000BDDB1,3C004E20,28009A6A,9002E816,00000020,00000726
1831,74449500,FFFCFF9A,000003D5,000A0001,00000000,000BDDB1,3C004E20,28009A6A,9002E816,00000020,00000727
1832,92949000,0004FF8F,000003D5,FFF60001,00000000,000BDDB1,3C004E20,28009A6A,9002E816,00000020,00000728
1833,97670300,FFFDFF9E,000003D5,000A0000,00000000,000BDDB1,3C004E20,28009A6A,9002E816,00000020,00000729
1834,79710200,0003FFCB,000003D5,FFF60000,00000000,000BDDB1,3C004E20,28009A6A,9002E816,00000020,0000072A
1835,105146100,FFFD0004,000003D5,000A0000,00000000,000BDDB1,3C004E20,28009A6A,9002E816,00000020,0000072B
1836,99973000,0003002E,000003D5,FFF6FFFF,00000000,000BDDB1,3C004E20,28009A6A,9002E816,00000020,0000072C
1837,89391500,FFFD004E,000003D5,000AFFFF,00000000,000BDDB1,3C004E20,28009A6A,9002E816,00000020,0000072D
1838,87649300,00030068,000003D5,FFF6FFFF,00000000,000BDDB1,3C004E20,28009A6A,9002E816,00000020,0000072E
1839,84908100,FFFD0073,000003D5,00090000,00000000,000BDDB1,3C004E20,28009A6A,9002E816,00000020,0000072F
1840,89485500,0003004A,000003D5,FFF70000,00000000,000BDDB1,3C004E20,28009A6A,9002E816,00000020,00000730
1841,81760400,FFFD0000,000003D5,000A0000,00000000,000BDDB1,3C004E20,28009A6A,9002E816,00000020,00000731
1842,81001200,0003FFCD,000003D5,FFF60001,00000000,000BDDB1,3C004E20,28009A6A,9002E816,00000020,00000732
1843,88379900,FFFDFFAB,000003D5,000A0001,00000000,000BDDB1,3C004E20,28009A6A,9002E816,00000020,00000733
1844,100645100,0003FF99,000003D5,FFF60001,00000000,000BDDB1,3C004E20,28009A6A,9002E816,00000020,00000734
1845,86955900,FFFCFF8E,000003D5,000A0000,00000000,000BDDB1,3C004E20,28009A6A,9002E816,00000020,00000735
1846,91521900,0004FF9F,000003D5,FFF60000,00000000,000BDDB1,3C004E20,28009A6A,9002E816,00000020,00000736
1847,105355400,FFFCFFCC,000003D5,000A0000,00000000,000BDDB1,3C004E20,28009A6A,9002E816,00000020,00000737
1848,130242800,00030003,000003D5,FFF60000,00000000,000BDDB1,3C004E20,28009A6A,9002E816,00000020,00000738
1849,112411600,FFFF002E,000003D5,000AFFFF,00000000,000BDDB1,3C004E20,28009A6A,9002E816,00000020,00000739
1850,116462600,0001004E,000003D5,FFF6FFFF,00000000,000BDDB1,3C004E20,28009A6A,9002E816,00000020,0000073A
1851,127483700,FFFE0066,000003D5,000AFFFF,00000000,000BDDB1,3C004E20,28009A6A,9002E816,00000020,0000073B
1852,132079200,00020079,000003D5,FFF6FFFF,00000000,000BDDB1,3C004E20,28009A6A,9002E816,00000020,0000073C
1853,118997600,FFFD0081,000003D5,00090000,00000000,000BDDB1,3C004E20,28009A6A,9002E816,00000020,0000073D
1854,126653900,00040053,000003D5,FFF70000,00010000,000BDDB1,3C004E20,28009A6A,9002E816,00000020,0000073E
1855,124404300,FFFD0003,000003D5,00090000,00000000,000BDDB1,3C004E20,28009A6A,9002E816,00000020,0000073F
1856,125411400,0002FFD0,000003D5,FFF60001,00000000,000BDDB1,3C004E20,28009A6A,9002E816,00000020,00000740
1857,112021900,FFFEFFAD,000003D5,000A0001,00000000,000BDDB1,3C004E20,28009A6A,9002E816,00000020,00000741
1858,125107200,0002FF98,000003D5,FFF60001,00000000,000BDDB1,3C004E20,28009A6A,9002E816,00000020,00000742
1859,123673300,FFFEFF8F,000003D5,000A0001,00000000,000BDDB1,3C004E20,28009A6A,9002E816,00000020,00000743
1860,120862500,0002FF9E,000003D5,FFF60000,00000000,000BDDB1,3C004E20,28007B49,9002E816,00000020,00000744
1861,95400900,FFFEFFCC,000003D5,000A0000,00000000,000BDDB1,3C004E20,28007B49,9002E816,00000020,00000745
1862,110002300,00030003,000003D5,FFF60000,00000000,000BDDB1,3C004E20,28007B49,9002E816,00000020,00000746
1863,90752100,FFFC002E,000003D5,000AFFFF,00000000,000BDDB1,3C004E20,28007B49,9002E816,00000020,00000747
1864,85214800,0003004F,000003D5,FFF6FFFF,00000000,000BDDB1,3C004E20,28007B49,9002E816,00000020,00000748
1865,99888700,FFFD0068,000003D5,000AFFFF,00000000,000BDDB1,3C004E20,28007B49,9002E816,00000020,00000749
1866,101191100,00040072,000003D5,FFF70000,00000000,000BDDB1,3C004E20,28007B49,9002E816,00000020,0000074A
1867,89466900,FFFD004A,000003D5,00090000,00000000,000BDDB1,3C004E20,28007B49,9002E816,00000020,0000074B
1868,86706000,00030000,000003D5,FFF60000,00000000,000BDDB1,3C004E20,28007B49,9002E816,00000020,0000074C
1869,90104100,FFFCFFCD,000003D5,000A0001,00000000,000BDDB1,3C004E20,28007B49,9002E816,00000020,0000074D
1870,90411300,0003FFAC,000003D5,FFF60001,00000000,000BDDB1,3C004E20,28007B49,9002E816,00000020,0000074E
1871,95675000,FFFEFF9B,000003D5,000A0001,00000000,000BDDB1,3C004E20,28007B49,9002E816,00000020,0000074F
1872,113737500,0002FFA4,000003D5,FFF60000,00000000,000BDDB1,3C004E20,28007B49,9002E816,00000020,00000750
1873,92493700,FFFCFFD0,000003D5,000A0000,00000000,000BDDB1,3C004E20,28007B49,9002E816,00000020,00000751
1874,115386900,00040009,000003D5,FFF60000,00000000,000BDDB1,3C004E20,28007B49,9002E816,00000020,00000752
1875,97298700,FFFE0031,000003D5,000A0000,00000000,000BDDB1,3C004E20,28007B49,9002E816,00000020,00000753
1876,112803600,0003004F,000003D5,FFF6FFFF,00000000,000BDDB1,3C004E20,28007B49,90FAE816,00000020,00000754
1877,107229500,FFB00064,FFFD03D5,FFCCFFFF,00000001,FF0BDDA8,3C004E20,28007B49,90FAE816,00000020,00000755
1878,94758300,FF690065,FFFE03D5,FF860000,00000001,FF0BDD8C,3C004E20,28007B49,9002E816,00000020,00000756
1879,86046400,FFD60048,000203D5,FFBC0000,00000001,FF0BDD72,3C004E20,28007B49,9002E816,00000020,00000757
1880,91529100,00190000,000203D5,FFC40000,00000001,FF0BDD60,3C004E20,28007B49,9002E816,00000020,00000758
1881,95724400,0001FFCA,000103D5,FFE90001,00000000,FF0BDD56,3C004E20,28007B49,9002E816,00000020,00000759
1882,82912100,FFFFFFAD,000003D5,FFE20001,00000000,FF0BDD4E,3C004E20,28007B49,9002E816,00000020,0000075A
1883,86750100,FFF5FF98,000003D5,FFFD0001,00000000,000BDD4A,3C004E20,28007B49,9002E816,00000020,0000075B
1884,101640600,FFFCFF90,000003D5,FFEE0000,00000000,000BDD47,3C004E20,28007B49,9002E816,00000020,0000075C
1885,90558400,FFF6FF9D,000003D5,00050000,00000000,000BDD45,3C004E20,28007B49,9002E816,00000020,0000075D
1886,102863400,FFFFFFCD,000003D5,FFF30000,00000000,000BDD44,3C004E20,28007B49,9002E816,00000020,0000075E
1887,98263000,FFF8000B,000003D5,00080000,00000000,000BDD44,3C004E20,28007B49,9002E816,00000020,0000075F
1888,94240200,00000045,000003D5,FFF5FFFF,00000000,000BDD43,3C004E20,28007B49,9002E816,00000020,00000760
1889,89941800,FFFC006E,000003D5,0009FFFF,00000000,000BDD43,3C004E20,28007B49,9002E816,00000020,00000761
1890,93047500,00010093,000003D5,FFF6FFFF,00000000,000BDD43,3C004E20,2800623A,9002E816,00000020,00000762
1891,90445400,FFFC00A4,000003D5,0009FFFF,00000000,000BDD43,3C004E20,2800623A,9002E816,00000020,00000763
1892,99033200,0002007D,000003D5,FFF70000,00010000,000BDD43,3C004E20,2800623A,9002E816,00000020,00000764
1893,91215500,FFFD0022,000003D5,00090000,00010000,000BDD43,3C004E20,2800623A,9002E816,00000020,00000765
1894,80964700,0004FFE2,000003D5,FFF60001,00000000,000BDD43,3C004E20,2800623A,9002E816,00000020,00000766
1895,87356800,FFF9FFB8,000003D5,000A0001,00000000,000BDD43,3C004E20,2800623A,9002E816,00000020,00000767
1896,81031500,0006FF9E,000003D5,FFF60001,00000000,000BDD43,3C004E20,2800623A,9002E816,00000020,00000768
1897,100261700,FFFBFF90,000003D5,000A0001,00000000,000BDD43,3C004E20,2800623A,9002E816,00000020,00000769
1898,82437200,0005FF87,000003D5,FFF60001,00000000,000BDD43,3C004E20,2800623A,9002E816,00000020,0000076A
1899,91432100,FFFBFF84,000003D5,000A0000,00000000,000BDD43,3C004E20,2800623A,9002E816,00000020,0000076B
1900,94073900,0003FF96,000003D5,FFF60000,FFFF0000,000BDD43,3C004E20,2800623A,9002E816,00000020,0000076C
1901,99658900,FFFCFFC6,000003D5,000A0000,FFFF0000,000BDD43,3C004E20,2800623A,9002E816,00000020,0000076D
1902,91914800,00030002,000003D5,FFF60000,00000000,000BDD43,3C004E20,2800623A,90FAE816,00000020,0000076E
1903,117226600,FFB40026,FFFD03D5,FFCDFFFF,00000001,FF0BDD3A,3C004E20,2800623A,9002E816,00000020,0000076F
1904,104638800,FFCC0043,000103D5,FFCCFFFF,00000001,FF0BDD2B,3C004E20,2800623A,9002E816,00000020,00000770
1905,117154600,000C0066,000103D5,FFEEFFFF,00000000,FF0BDD22,3C004E20,2800623A,9002E816,00000020,00000771
1906,124963100,000A0076,000103D5,FFE5FFFF,00000000,FF0BDD1B,3C004E20,2800623A,9002E816,00000020,00000772
1907,122320400,FFFC0080,000003D5,FFFF0000,00000000,FF0BDD18,3C004E20,2800623A,9002E816,00000020,00000773
1908,102885000,FFFF0053,000003D5,FFF00000,00000000,000BDD15,3C004E20,2800623A,9002E816,00000020,00000774
1909,130731700,FFFC0003,000003D5,00050000,00000000,000BDD14,3C004E20,2800623A,9002E816,00000020,00000775
1910,113628300,0000FFD0,000003D5,FFF40001,00000000,000BDD13,3C004E20,2800623A,9002E816,00000020,00000776
1911,105973400,FFFAFFAD,000003D5,00080001,00000000,000BDD13,3C004E20,2800623A,9002E816,00000020,00000777
1912,115472900,0001FF9A,000003D5,FFF50001,00000000,000BDD12,3C004E20,2800623A,9002E816,00000020,00000778
1913,130349900,FFFDFF8E,000003D5,00090001,00000000,000BDD12,3C004E20,2800623A,9002E816,00000020,00000779
1914,143043900,0000FFA0,000003D5,FFF60000,00000000,000BDD11,3C004E20,2800623A,9002E816,00000020,0000077A
1915,129509200,FFFEFFCB,000003D5,00090000,00000000,000BDD12,3C004E20,2800623A,9002E816,00000020,0000077B
1916,136072300,00030003,000003D5,FFF60000,00000000,000BDD11,3C004E20,2800623A,9002E816,00000020,0000077C
1917,104240700,FFFD002F,000003D5,000AFFFF,00000000,000BDD12,3C004E20,2800623A,9002E816,00000020,0000077D
1918,85602000,0002004E,000003D5,FFF6FFFF,00000000,000BDD11,3C004E20,2800623A,9002E816,00000020,0000077E
1919,97113900,FFFC0068,000003D5,000AFFFF,00000000,000BDD12,3C004E20,2800623A,9002E816,00000020,0000077F
1920,93386800,00040078,000003D5,FFF6FFFF,00000000,000BDD11,3C004E20,28004B50,9002E816,00000022,00000780
1921,112844600,FFFD007F,000003D5,00090000,00000000,000BDD12,3C004E20,28004B50,9002E816,00000022,00000781
1922,83024200,00030054,000003D5,FFF70000,00010000,000BDD11,3C004E20,28004B50,9002E816,00000022,00000782
1923,80504300,FFFD0004,000003D5,00090000,00000000,000BDD12,3C004E20,28004B50,9002E816,00000022,00000783
1924,95359100,0004FFCE,000003D5,FFF60001,00000000,000BDD11,3C004E20,28004B50,9002E816,00000022,00000784
1925,80655500,FFFEFFAF,000003D5,000A0001,00000000,000BDD12,3C004E20,28004B50,9002E816,00000022,00000785
1926,83564800,0000FF98,000003D5,FFF60001,00000000,000BDD11,3C004E20,28004B50,9002E816,00000022,00000786
1927,88678900,FFFEFF8F,000003D5,000A0001,00000000,000BDD12,3C004E20,28004B50,9002E816,00000022,00000787
1928,94376500,0004FF9F,000003D5,FFF60000,00000000,000BDD11,3C004E20,28004B50,90FAE816,00000022,00000788
1929,86666200,FFB4FFC5,FFFD03D5,FFCE0000,00000001,FF0BDD09,3C004E20,28004B50,9002E816,00000022,00000789
1930,89790100,FFCBFFFD,000103D5,FFCC0000,00000001,FF0BDCFA,3C004E20,28004B50,9002E816,00000022,0000078A
1931,88981700,000C002E,000103D5,FFEFFFFF,00000000,FF0BDCF1,3C004E20,28004B50,9002E816,00000022,0000078B
1932,89996100,000A004F,000103D5,FFE5FFFF,00000000,FF0BDCEA,3C004E20,28004B50,9002E816,00000022,0000078C
1933,73360100,FFFA0065,000003D5,FFFFFFFF,00000000,FF0BDCE7,3C004E20,28004B50,9002E816,00000022,0000078D
1934,84739900,00050075,000003D5,FFF00000,00000000,000BDCE4,3C004E20,28004B50,9002E816,00000022,0000078E
1935,89025500,FFF8004A,000003D5,00050000,00000000,000BDCE4,3C004E20,28004B50,9002E816,00000022,0000078F
1936,92956800,00000000,000003D5,FFF40000,00000000,000BDCE2,3C004E20,28004B50,9002E816,00000022,00000790
1937,95679400,FFFAFFCB,000003D5,00080001,00000000,000BDCE2,3C004E20,28004B50,9002E816,00000022,00000791
1938,94532600,0001FFAC,000003D5,FFF50001,00000000,000BDCE1,3C004E20,28004B50,9002E816,00000022,00000792
1939,91326700,FFFEFF9C,000003D5,00090001,00000000,000BDCE2,3C004E20,28004B50,9002E816,00000022,00000793
1940,98828700,0000FFA5,000003D5,FFF60000,00000000,000BDCE1,3C004E20,28004B50,9002E816,00000022,00000794
1941,97163000,FFFBFFD1,000003D5,00090000,00000000,000BDCE1,3C004E20,28004B50,9002E816,00000022,00000795
1942,78103300,00030007,000003D5,FFF60000,00000000,000BDCE1,3C004E20,28004B50,9002E816,00000022,00000796
1943,91472500,FFFD0031,000003D5,000A0000,00000000,000BDCE1,3C004E20,28004B50,9002E816,00000022,00000797
1944,84756900,00030051,000003D5,FFF6FFFF,00000000,000BDCE1,3C004E20,28004B50,9002E816,00000022,00000798
1945,107300900,FFFD0068,000003D5,000AFFFF,00000000,000BDCE1,3C004E20,28004B50,9002E816,00000022,00000799
1946,97582100,00030075,000003D5,FFF70000,00000000,000BDCE1,3C004E20,28004B50,9002E816,00000022,0000079A
1947,100660200,FFFD004C,000003D5,00090000,00000000,000BDCE1,3C004E20,28004B50,9002E816,00000022,0000079B
1948,90316100,0003FFFF,000003D5,FFF70000,00000000,000BDCE1,3C004E20,28004B50,9002E816,00000022,0000079C
1949,82224700,FFFDFFCB,000003D5,000A0001,00000000,000BDCE1,3C004E20,28004B50,9002E816,00000022,0000079D
1950,93773100,0003FFAC,000003D5,FFF60001,00000000,000BDCE1,3C004E20,28003BFF,9002E816,00000022,0000079E
1951,88819800,FFFCFF98,000003D5,000A0001,00000000,000BDCE1,3C004E20,28003BFF,9002E816,00000022,0000079F
1952,99729500,0004FF8E,000003D5,FFF60000,00000000,000BDCE1,3C004E20,28003BFF,9002E816,00000022,000007A0
1953,88130100,FFFDFF9F,000003D5,000A0000,00000000,000BDCE1,3C004E20,28003BFF,9002E816,00000022,000007A1
1954,109019200,0003FFCB,000003D5,FFF60000,00000000,000BDCE1,3C004E20,28003BFF,9002E816,00000022,000007A2
1955,87751600,FFFD0003,000103CE,00090005,FFFF0000,000BDCE1,3C004E20,2BFC3BFF,9002E816,00000022,000007A3
1956,84707300,0003002D,FFFF03CA,FFF70008,FFFD0000,000BDCE1,3C004E20,2BFC3BFF,9002E816,00000022,000007A4
1957,86157000,FFFF004E,FFFE03CD,000A000A,FFFAFFFF,000BDCE1,3C004E20,2BFC3BFF,9002E816,00000022,000007A5
1958,88248700,FFFC0067,FFFA03D5,FFF60006,FFF70002,000BDCE1,3C004E20,28003BFF,9002E816,00000022,000007A6
1959,84641300,00020078,FFFD03DA,00090009,FFF60003,000BDCE1,3C004E20,28003BFF,9004E016,00000022,000007A7
1960,93622800,00020086,FFFC03CF,FFF50009,FFF30004,000BDCE1,3C004E20,28003BFF,9004E016,00000022,000007A8
1961,85269100,FFFD008D,FFFD03D3,000A000A,FFF00005,000BDCE1,3C004E20,28003BFF,9004E016,00000022,000007A9
1962,85033800,0002009A,FFFF03D8,FFF60007,FFED0005,000CDCE1,3C004E20,28003BFF,9004E016,00000022,000007AA
1963,92705900,FFFC00A1,FFFF03CF,000BFFFD,FFED0005,000CDCE2,3C004E20,28003BFF,9004E016,00000022,000007AB
1964,86425900,000500A5,000303D3,FFF7FFF6,FFEF0005,000CDCE1,3C004E20,28003BFF,9004E016,00000022,000007AC
1965,96219900,FFF800AA,FFF803D6,000AFFF4,FFF20006,000CDCE2,3C004E20,28003BFF,9004E016,00000022,000007AD
1966,82253900,000700A4,FFFF03E2,FFF7FFF8,FFF50007,000CDCE1,3C004E20,28003BFF,9004E016,00000022,000007AE
1967,110456400,FFFB00AF,FFFE03CF,000AFFF2,FFF80007,000CDCE2,3C004E20,28003BFF,9004E016,00000022,000007AF
1968,107036900,000100B0,FFFF03D0,FFF7FFF2,FFFC0008,000CDCE2,3C004E20,2BFC3BFF,9004E016,00000022,000007B0
1969,105972200,FFFB00AF,FFFF03D7,0009FFF5,FFFF0008,000DDCE2,3C004E20,2BFC3BFF,9004E016,00000022,000007B1
1970,103218500,000400B1,000003DD,FFF8FFFA,00020008,000DDCE2,3C004E20,2BFC3BFF,9004E016,00000022,000007B2
1971,124812400,FFFB00AE,000203E2,0009FFFE,00030008,000DDCE2,3C004E20,2BFC3BFF,9004E016,00000022,000007B3
1972,118072400,000400B4,000103DF,FFF80000,00030008,000DDCE2,3C004E20,28003BFF,9004E016,00000022,000007B4
1973,117756600,FFFA00B6,000003D9,00090001,00030007,000DDCE2,3C004E20,28003BFF,9004E016,00000022,000007B5
1974,107330600,000100B6,000003D6,FFF80001,00030007,000DDCE2,3C004E20,28003BFF,9004E016,00000022,000007B6
1975,128028900,FFFB00BB,FFFE03D5,00080000,00020008,000DDCE2,3C004E20,28003BFF,9004E016,00000022,000007B7
1976,102645600,000000B9,FFFF03D4,FFF80000,00020008,000EDCE2,3C004E20,28003BFF,9004E016,00000022,000007B8
1977,123346600,FFFD00BA,000003D3,00080000,00020008,000EDCE3,3C004E20,28003BFF,9004E016,00000022,000007B9
1978,103409800,000100BE,000203D5,FFF80001,00020008,000EDCE2,3C004E20,28003BFF,9004E016,00000022,000007BA
1979,114006100,FFFB00BC,000003D4,00080001,00020008,000EDCE3,3C004E20,28003BFF,9004E016,00000022,000007BB
1980,87265300,000200C0,000003D3,FFF80000,00010008,000EDCE2,3C004E20,28003020,9004E016,00000022,000007BC
1981,104059800,FFFE00C1,FFFF03D5,00080001,00010008,000EDCE3,3C004E20,28003020,9004E016,00000022,000007BD
1982,120955800,FFFF00C2,FFFF03D6,FFF90001,00010008,000EDCE2,3C004E20,28003020,A004E016,00000022,000007BE
1983,106403700,FFFC00C4,000003D4,00080000,00010008,000FDCE3,3C004E20,28003020,A004E016,00000022,000007BF
1984,114148700,000200C4,000003D4,FFF90000,00010008,000FDCE2,3C004E20,28003020,A004E016,00000022,000007C0
1985,115939100,FFFA00C4,000003D5,00080000,00010008,000FDCE3,3C004E20,28003020,A004E016,00000022,000007C1
1986,98425500,000200C8,000003D5,FFF90000,00010008,000FDCE3,3C004E20,28003020,A004E016,00000022,000007C2
1987,94685000,FFFE00C8,000003D5,00070000,00010008,000FDCE3,3C004E20,28003020,A004E016,00000022,000007C3
1988,147399600,000100CA,000003D5,FFF90000,00010008,000FDCE3,3C004E20,28003020,A004E016,00000022,000007C4
1989,109718300,FFFB00CB,FFFF03D5,00070000,00010008,0010DCE3,3C004E20,28003020,A004E016,00000022,000007C5
1990,117219200,000100CE,000103DC,FFF9FFFA,00020008,0010DCE3,3C004E20,28003020,A004E016,00000022,000007C6
1991,115591300,FFFD00D2,000403E3,0008FFF4,00050008,0010DCE3,3C004E20,28003020,A004E016,00000022,000007C7
1992,117129700,000200D2,000403E3,FFF9FFEE,00090006,0010DCE3,3C004E20,28003020,A004E016,00000022,000007C8
1993,109481800,FFFB00D5,000203DF,0007FFEE,000F0005,0010DCE3,3C004E20,28003020,A004E016,00000022,000007C9
1994,118075600,000200D2,000103D3,FFF9FFF0,00130005,0010DCE3,3C004E20,2BFC3020,A004E016,00000022,000007CA
1995,113626500,FFFF00D3,000603CE,0006FFFB,00160003,0010DCE3,3C004E20,2BFC3020,A004E016,00000022,000007CB
1996,110726100,FFFF00D3,000203D3,FFFA0008,00150003,0011DCE3,3C004E20,2BFC3020,A004E016,00000022,000007CC
1997,109813300,FFFD00D0,000403DC,00060010,00110002,0011DCE3,3C004E20,2BFC3020,A004E016,00000022,000007CD
1998,116518700,000000D7,000203DF,FFF90016,000B0001,0011DCE3,3C004E20,28003020,A004E016,00000022,000007CE
1999,111201900,FFFC00D7,000003D1,00060012,00060001,0011DCE3,3C004E20,28003020,A004E016,00000022,000007CF
2000,107237400,000500DF,000503CA,FFFA000C,00010000,0011DCE3,3C004E20,28003020,A004E016,00000022,000007D0
2001,115142300,FFFC00E3,000103BD,00060004,00000000,0011DCE3,3C004E20,28003020,A004E016,00000022,000007D1
2002,119493900,000100E1,000003C5,FFFA0000,FFFF0000,0012DCE3,3C004E20,28003020,A004E016,00000022,000007D2
2003,110697500,FFFF00E2,000003CE,0006FFFF,FFFF0000,0012DCE3,3C004E20,28003020,A004E016,00000022,000007D3
2004,109683600,000400E3,000003D3,FFFBFFFE,00000000,0012DCE3,3C004E20,28003020,A004E016,00000022,000007D4
2005,108492500,FFFF00E3,000003D5,0005FFFF,00000000,0012DCE3,3C004E20,28003020,A004E016,00000022,000007D5
2006,101262100,000200E5,000003D6,FFFBFFFF,00010000,0012DCE3,3C004E20,28003020,A004E016,00000022,000007D6
2007,102020200,FFFD00E6,000003D7,0005FFFF,00010000,0013DCE3,3C004E20,28003020,A004E016,00000022,000007D7
2008,114738200,000400E8,000003D6,FFFBFFFF,00010000,0013DCE3,3C004E20,28003020,A004E016,00000022,000007D8
2009,127497000,FFFC00EA,000003D6,00050000,00010000,0013DCE3,3C004E20,28003020,A004E016,00000022,000007D9
2010,121483600,000300EB,000003D6,FFFB0000,00010000,0013DCE3,3C004E20,28002963,A004E016,00000022,000007DA
2011,117506700,FFFE00E2,000003D6,00050000,00010000,0013DCE3,3C004E20,28002963,A004E016,00000022,000007DB
2012,117384700,00030083,000003D6,FFFB0001,00010000,0013DCE3,3C004E20,28002963,A004E016,00000022,000007DC
2013,106563100,FFFDFFFB,000003D6,00040001,00010000,0013DCE3,3C004E20,28002963,A004E016,00000022,000007DD
2014,95444100,0002FFA1,000003D5,FFFC0001,00010000,0013DCE3,3C004E20,28002963,A004E016,00000022,000007DE
2015,127692200,FFFEFF72,000003D5,00040001,00000000,0013DCE3,3C004E20,28002963,A004E016,00000022,000007DF
2016,100318300,0002FF53,000003D5,FFFC0001,00000000,0013DCE3,3C004E20,28002963,A004E016,00000022,000007E0
2017,93607500,FFFEFF49,000003D5,00040001,00000000,0013DCE3,3C004E20,28002963,A004E016,00000022,000007E1
2018,103631200,0001FF64,000003D5,FFFC0000,FFFF0000,0013DCE3,3C004E20,28002963,A004E016,00000022,000007E2
2019,82883600,FFFFFFB3,000003D4,00040000,FFFF0000,0013DCE3,3C004E20,28002963,A003A816,00000022,000007E3
2020,118658400,0002FFE4,000003D5,FFFC0000,FFFF0000,0013DCE3,3C004E20,28002963,A003A816,00000022,000007E4
2021,119322500,FFFEFF95,000003D5,00040000,FFFF0000,0013DCE3,3C004E20,28002963,A003A816,00000022,000007E5
2022,110422300,0002FF44,000003D5,FFFB0000,FFFF0000,0012DCE3,3C004E20,28002963,A003A816,00000022,000007E6
2023,96147600,FFFEFF0F,000003D5,00050001,FFFF0000,0012DCE3,3C004E20,28002963,A003A816,00000022,000007E7
2024,95703300,0003FEF4,000003D5,FFFB0001,FFFF0000,0012DCE3,3C004E20,28002963,A0030816,00000022,000007E8
2025,100159400,FFFDFEE3,000003D5,00050001,FFFF0000,0012DCE3,3C004E20,28002963,A0038016,00000022,000007E9
2026,100989300,0002FEDA,000003D5,FFFB0001,FFFF0000,0011DCE3,3C004E20,28002963,A0038816,00000022,000007EA
2027,116523700,FFFDFED6,000003D5,00060000,FFFF0000,0011DCE3,3C004E20,28002963,A0038816,00000022,000007EB
2028,110262100,0005FED4,000003D5,FFFA0000,FFFE0000,0011DCE3,3C004E20,28002963,A0038816,00000022,000007EC
2029,107135500,FFFDFED5,000003D5,00060000,FFFE0000,0011DCE3,3C004E20,28002963,A002E816,00000022,000007ED
2030,104809900,0004FED4,000003D5,FFFA0000,FFFE0000,0011DCE3,3C004E20,28002963,A002E816,00000022,000007EE
2031,120866600,FFFFFED7,000003D5,00070000,FFFE0000,0010DCE3,3C004E20,28002963,A002E816,00000022,000007EF
2032,105862700,0001FEDB,000003D5,FFF90000,FFFE0000,0010DCE3,3C004E20,28002963,A0036016,00000022,000007F0
2033,129262300,FFFDFED8,000003D5,00070000,FFFE0000,0010DCE3,3C004E20,28002963,A0036016,00000022,000007F1
2034,128889000,0003FEDD,000003D5,FFF90000,FFFE0000,0010DCE3,3C004E20,28002963,A0036016,00000022,000007F2
2035,138808000,FFFFFEDF,000003D5,00070000,FFFE0000,000FDCE3,3C004E20,28002963,A002C816,00000022,000007F3
2036,123985300,0003FEE0,000003D5,FFF80000,FFFE0000,000FDCE3,3C004E20,28002963,A002C816,00000022,000007F4
2037,140497100,FFFFFEE6,000003D5,00080000,FFFE0000,000FDCE3,3C004E20,28002963,A002C816,00000022,000007F5
2038,154732100,0003FEE3,000003D5,FFF80000,FFFE0000,000FDCE3,3C004E20,28002963,A002C816,00000022,000007F6
2039,140928600,FFFDFEE8,000003D5,00080000,FFFE0000,000FDCE3,3C004E20,28002963,A0033816,00000022,000007F7
2040,132170000,0001FF0D,000003D5,FFF80000,FFFE0000,000EDCE3,3C004E20,28002A08,A0033816,00000022,000007F8
2041,133916200,FFFDFF4C,000003D5,00080000,FFFF0000,000EDCE3,3C004E20,28002A08,A002A816,00000022,000007F9
2042,120001700,0002FF3D,000003D5,FFF80000,FFFF0000,000EDCE3,3C004E20,28002A08,9002A816,00000022,000007FA
2043,104736700,FFFFFEF8,000003D5,00090000,FFFF0000,000EDCE3,3C004E20,28002A08,9002A816,00000022,000007FB
2044,117624300,0004FEF5,000003D5,FFF70000,FFFF0000,000EDCE3,3C004E20,28002A08,9002A816,00000022,000007FC
2045,102765900,FFFDFEF4,000003D5,00090000,FFFF0000,000DDCE3,3C004E20,28002A08,9002A816,00000022,000007FD
2046,99783700,0004FEF7,000003D5,FFF70000,FFFF0000,000DDCE3,3C004E20,28002A08,9002A816,00000022,000007FE
2047,102258700,FFFDFEF6,000003D5,00090000,FFFF0000,000DDCE3,3C004E20,28002A08,9002A816,00000022,000007FF
2048,102324300,0000FEFB,000003D5,FFF60000,FFFF0000,000DDCE3,3C004E20,28002A08,9002A816,00000022,00000800
2049,113437200,FFFEFEFB,000003D5,000A0000,FFFE0000,000DDCE3,3C004E20,28002A08,9002A816,00000022,00000801
2050,105073000,0003FEFC,000003D5,FFF60000,FFFE0000,000CDCE3,3C004E20,28002A08,9002A816,00000022,00000802
2051,117815400,FFFEFEFE,000003D5,000A0000,FFFE0000,000CDCE3,3C004E20,28002A08,9002A816,00000022,00000803
2052,134152400,0002FF20,000003D5,FFF70000,FFFF0000,000CDCE3,3C004E20,28002A08,9002A816,00000022,00000804
2053,137091200,FFFEFF60,000003D5,00090000,FFFF0000,000CDCE3,3C004E20,28002A08,9002A816,00000022,00000805
2054,140722300,0003FF67,000003D5,FFF60000,FFFF0000,000CDCE3,3C004E20,28002A08,9002A816,00000022,00000806
2055,129264000,FFFDFF69,000003D5,000A0000,FFFF0000,000CDCE3,3C004E20,28002A08,9002A816,00000022,00000807
2056,146760500,0002FF6E,000003D5,FFF60000,FFFF0000,000CDCE3,3C004E20,28002A08,9002A816,00000022,00000808
2057,154849800,FFFDFF6F,000003D5,000A0000,FFFF0000,000BDCE3,3C004E20,28002A08,9002A816,00000022,00000809
2058,112582700,0003FF70,000003D5,FFF60000,FFFF0000,000BDCE3,3C004E20,28002A08,9002A816,00000022,0000080A
2059,106548100,FFF9FF72,000003D5,000A0000,FFFF0000,000BDCE3,3C004E20,28002A08,9002A816,00000022,0000080B
2060,121476900,0004FF74,000003D5,FFF60000,FFFF0000,000BDCE3,3C004E20,28002A08,9002A816,00000022,0000080C
2061,118014200,FFFDFF74,000003D5,000A0000,FFFF0000,000BDCE3,3C004E20,28002A08,9002A816,00000022,0000080D
2062,92991700,0003FF76,000003D5,FFF60000,FFFF0000,000BDCE3,3C004E20,28002A08,9002A816,00000022,0000080E
2063,110052500,FFFCFF75,000003D5,000A0000,FFFF0000,000BDCE3,3C004E20,28002A08,9002A816,00000022,0000080F
2064,105866800,0005FF78,000003D5,FFF60000,FFFF0000,000BDCE3,3C004E20,28002A08,9002A816,00000022,00000810
2065,90146700,FFFBFF7B,000003D5,000A0000,FFFF0000,000BDCE3,3C004E20,28002A08,9002A816,00000022,00000811
2066,105988600,0004FF77,000003D5,FFF50000,FFFF0000,000ADCE3,3C004E20,28002A08,9002A816,00000022,00000812
2067,117138600,FFFCFEC4,000003D6,00110001,FFFF0000,000ADCE4,3C004E20,28002A08,5002A816,00000022,00000813
2068,106530700,0006FE13,000003D5,FFF30001,FFFF0000,000ADCE3,3C004E20,28002A08,7002A816,00000022,00000814
2069,106796400,FFFCFE8F,000003D4,000E0001,FFFE0000,000ADCE4,3C004E20,28002A08,7002A816,00000022,00000815
2070,106677200,0006FEFF,000003D4,FFF50000,FFFE0000,0009DCE4,3C004E20,28003245,7002A816,00000022,00000816
2071,127222300,FFFCFF6B,000003D4,000BFFFF,FFFE0000,0009DCE5,3C004E20,28003245,7002A816,00000022,00000817
2072,108614200,0004004C,000003D4,FFF6FFFE,FFFF0000,0009DCE4,3C004E20,28003245,B002A816,00000022,00000818
2073,129946300,FFFB0117,000003D4,0009FFFE,00000000,000ADCE5,3C004E20,28003245,9002A816,00000022,00000819
2074,131582100,000400F4,000003D5,FFF5FFFE,00000000,000ADCE4,3C004E20,28003245,9002A816,00000022,0000081A
2075,147838900,FFFB00DB,000003D5,000BFFFF,00000000,000ADCE5,3C004E20,28003245,9002A816,00000022,0000081B
2076,135165800,000500CC,000003D5,FFF5FFFF,00010000,000ADCE4,3C004E20,28003245,9002A816,00000022,0000081C
2077,134478000,FFFE00BC,000003D5,000A0000,00010000,000ADCE5,3C004E20,28003245,9002A816,00000022,0000081D
2078,129748200,00050079,000003D5,FFF60000,00010000,000ADCE4,3C004E20,28003245,9002A816,00000022,0000081E
2079,118031600,FFFC001F,000003D5,000A0001,00010000,000ADCE5,3C004E20,28003245,9002A816,00000022,0000081F
2080,108314000,0004FFE6,000003D5,FFF60001,00010000,000ADCE4,3C004E20,28003245,9002A816,00000022,00000820
2081,106825800,FFFDFFBE,000003D5,000A0001,00000000,000ADCE5,3C004E20,28003245,9002A816,00000022,00000821
2082,114200200,0003FFA7,000003D5,FFF50001,00000000,000ADCE4,3C004E20,28003245,9002A816,00000022,00000822
2083,103770400,FFF8FEF2,000003D6,00100002,00000000,000ADCE5,3C004E20,28003245,5002A816,00000022,00000823
2084,102307800,0007FE3D,000003D5,FFF30002,FFFF0000,000ADCE4,3C004E20,28003245,7002A816,00000022,00000824
2085,117569000,FFFBFEA5,000003D4,000E0001,FFFF0000,0009DCE5,3C004E20,28003245,7002A816,00000022,00000825
2086,95300000,0006FF0D,000003D4,FFF40000,FFFF0000,0009DCE5,3C004E20,28003245,7002A816,00000022,00000826
2087,104958400,FFFCFF73,000003D4,000B0000,FFFF0000,0009DCE6,3C004E20,28003245,7002A816,00000022,00000827
2088,99355300,00040050,000003D4,FFF6FFFE,FFFF0000,0009DCE5,3C004E20,28003245,B002A816,00000022,00000828
2089,92884100,FFFC0113,FFFF03D4,0009FFFF,FFFF0000,0009DCE6,3C004E20,28003245,9002A816,00000022,00000829
2090,101865400,000500F4,000103D5,FFF5FFFF,00000000,000ADCE5,3C004E20,28003245,9002A816,00000022,0000082A
2091,98263700,FFFE00D9,000103D5,000BFFFF,00000000,000ADCE6,3C004E20,28003245,9002A816,00000022,0000082B
2092,108442100,000100C9,FFFF03D3,FFF60002,00000000,000ADCE5,3C004E20,28003245,90FAA816,00000022,0000082C
2093,90644300,FFB400BA,FFFE03D2,FFCF0003,FFFF0001,FF0ADCDC,3C004E20,28003245,90F2A816,00000022,0000082D
2094,93159800,FF2C0097,FFFB03D4,FF520004,FFFE0002,FF0ADCB9,3C004E20,28003245,90F2A816,00000022,0000082E
2095,101537400,FEF3007D,FFFD03D5,FF170004,FFFD0003,FF0ADC7D,3C004E20,28003245,90F2A816,00000022,0000082F
2096,100193500,FF17004F,FFFE03D5,FED40004,FFFC0004,FF0ADC2E,3C004E20,28003245,90EAA816,00000022,00000830
2097,94207600,FEE0FFE9,FFFD03D5,FE940005,FFFB0005,FF0ADBCE,3C004E20,28003245,90F2A816,00000012,00000831
2098,99385300,FEF6FFBA,000003D4,FE800004,FFFA0005,FF0ADB61,3C004E20,28003245,90F2B816,00000012,00000832
2099,93750200,FF2AFFB6,000403D5,FE950003,FFF90005,FF0ADAF7,3C004E20,28003245,90F2B816,00000012,00000833
2100,109623500,FF21FFB3,000003D3,FE860001,FFF80005,FF0ADA8D,3C004E20,280040F1,90F2B816,00000012,00000834
2101,104112700,FF0EFFD6,000203D2,FE9A0000,FFF80005,FF0ADA24,3C004E20,280040F1,90F2B816,00000012,00000835
2102,92049300,FF120008,FFFF03D0,FE890000,FFF80005,FF0AD9BA,3C004E20,280040F1,90F2B816,00000012,00000836
2103,86843400,FF02002A,FFFD03D2,FE9C0001,FFF80006,FF0AD952,3C004E20,280040F1,90F2B816,00000012,00000837
2104,66702700,FF070043,FFFB03D3,FE890002,FFF80007,FF0AD8E9,3C004E20,280040F1,90EAB816,00000012,00000838
2105,88557400,FEBC0047,FFF803D3,FE640002,FFF80009,FF0AD878,3C004E20,280040F1,90E2B816,00000012,00000839
2106,82485600,FE48001C,FFF603D4,FDF50003,FFF7000C,FF0AD7EF,3C004E20,280040F1,90DA3016,00000012,0000083A
2107,72353000,FDD8FFE6,FFF703D5,FD880004,FFF60010,FE0AD747,3C004E20,1C0040F1,90E1E816,00000012,0000083B
2108,94778700,FE0BFFC1,000003D8,FD610003,FFF60011,FE0AD68A,3C004E20,1C0040F1,90E1B016,00000012,0000083C
2109,96333400,FE51FF77,000203D8,FD640003,FFF60010,FE0AD5CA,3C004E20,200040F1,90D9A816,00000012,0000083D
2110,70606800,FE25FF1E,000003D5,FD2B0003,FFF50010,FE0AD501,3C004E20,200040F1,90E1A016,00000012,0000083E
2111,102166700,FE24FF0D,000203D3,FD470001,FFF60010,FE0AD436,3C004E20,200040F1,90E1A016,00000012,0000083F
2112,80472500,FE60FF1C,000103D2,FD490001,FFF60010,FE0AD36F,3C004E20,200040F1,90E1A816,00000012,00000840
2113,88427200,FE4CFE6C,000103D3,FD7E0001,FFF60010,FE09D2B0,3C004E20,200040F1,50E1A816,00000012,00000841
2114,78036200,FE69FDD1,000103D3,FD810001,FFF60011,FE09D1F8,3C004E20,200040F1,70D9B016,00000012,00000842
2115,81819700,FE53FE0A,FFFF03D3,FD870000,FFF70011,FE08D144,3C004E20,200040F1,70D99816,00000012,00000843
2116,92058000,FE4BFE1E,FFFF03D3,FD6D0000,FFF70012,FE08D08A,3C004E20,200040F1,70D98816,00000012,00000844
2117,94471800,FE61FE4E,000003D4,FD7C0000,FFF80012,FE08CFCF,3C004E20,200040F1,70D17816,00000012,00000845
2118,84988800,FE61FE4C,FFFF03D4,FD530000,FFF80012,FE07CF10,3C004E20,200040F1,70D16816,00000012,00000846
2119,77795600,FDECFE22,FFFE03CF,FD3F0002,FFF90013,FE07CE49,3C004E20,1C0040F1,60D16016,00000012,00000847
2120,106266300,FDAEFE50,000003D7,FD320002,FFF90014,FE07CD7C,3C004E20,1C0040F1,60D16016,00000012,00000848
2121,96486400,FE27FEBF,000203D7,FD2D0001,FFF90014,FE07CCAD,3C004E20,200040F1,60D16016,00000012,00000849
2122,116577700,FE78FEE9,000303D6,FD2D0001,FFF90013,FE06CBDE,3C004E20,200040F1,60D16816,00000012,0000084A
2123,117399900,FEA9FF00,000703D6,FD360000,FFFA0012,FE06CB11,3C004E20,200040F1,60D16816,00000012,0000084B
2124,127991700,FECAFF13,000803D8,FD3CFFFF,FFFB0010,FE06CA45,3C004E20,200040F1,60D97016,00000012,0000084C
2125,112336600,FF28FF50,000603D4,FD820000,FFFB000E,FE06C987,3C004E20,200040F1,60D97816,00000012,0000084D
2126,109145900,FF53FF5F,000303D2,FDA40000,FFFC000D,FE06C8D6,3C004E20,200040F1,60D98016,00000012,0000084E
2127,139913700,FF40FF4A,000203D3,FDBD0000,FFFC000D,FE06C82E,3C004E20,280040F1,60C98016,00000012,0000084F
2128,137433100,FEF3FF14,FFFF03D5,FD8D0002,FFFC000D,FE06C782,3C004E20,280040F1,60C98816,00000012,00000850
2129,150334400,FE7FFEB3,FFFF03D6,FD570002,FFFC000D,FE05C6C3,3C004E20,280040F1,60C98816,00000012,00000851
2130,116281800,FEA0FEDE,000703D3,FD3D0005,FFFB000C,FE05C5FB,3C004E20,2800537C,60D19016,00000010,00000852
2131,128095200,FF1AFF75,000D03D0,FD6E0005,FFFA0009,FE05C539,3C004E20,2800537C,60D1A016,00000010,00000853
2132,114794600,FF3FFFE9,000C03D2,FD7A0005,FFF90005,FE05C47F,3C004E20,2800537C,60D1B016,00000010,00000854
2133,105489000,FF220025,000103D2,FD810005,FFF80003,FE05C3C8,3C004E20,2BFC537C,60D9C016,00000010,00000855
2134,115169800,FF560086,FFFC03CF,FDAE0004,FFF60004,FE05C319,3C004E20,2BFC537C,60D9D016,00000010,00000856
2135,110697000,FF6F00A7,FFFF03D7,FDC20001,FFF60005,FE06C273,3C004E20,2800537C,60E1E816,00000010,00000857
2136,88992200,FF8F00C3,000203DB,FDFCFFFF,FFF60005,FE06C1DA,3C004E20,2800537C,60E20016,00000010,00000858
2137,112439500,FF9300C8,000103DA,FE13FFFF,FFF70005,FE06C14A,3C004E20,2800537C,60EA1816,00000010,00000859
2138,106378600,FFB800D5,000303D8,FE55FFFE,FFF70005,FE06C0C9,3C004E20,2800537C,60EA5016,00000010,0000085A
2139,120681400,FFB700D1,000103D7,FE70FFFF,FFF80004,FF06C055,3C004E20,2800537C,60EA6816,00000010,0000085B
2140,99970200,FF7E00BA,000003D6,FE77FFFF,FFF80004,FF06BFE4,3C004E20,2800537C,60EA8016,00000010,0000085C
2141,96178800,FF6000B6,FFFF03D5,FE76FFFF,FFF90005,FF07BF73,3C004E20,2800537C,60EA9816,00000010,0000085D
2142,116999800,FF4D00B1,FFFF03D5,FE720000,FFF90005,FF07BF01,3C004E20,2800537C,60F2B816,00000010,0000085E
2143,106085900,FFAD00D2,000203D5,FEB2FFFF,FFF90005,FF07BE9B,3C004E20,2800537C,60F2D816,00000020,0000085F
2144,117438100,FFC700D7,000403D4,FECEFFFE,FFF90004,FF07BE41,3C004E20,2800537C,60F30016,00000020,00000860
2145,100903600,FF9800D1,000203C9,FED8FFF8,FFFB0003,FF07BDEB,3C004E20,2800537C,60F32016,00000020,00000861
2146,91760400,FF7A00D0,000003CD,FEDAFFF5,FFFE0003,FF07BD97,3C004E20,2BFC537C,60F34016,00000020,00000862
2147,103198500,FF820095,000403D2,FEBAFFF8,00000003,FF08BD42,3C004E20,2BFC537C,60F37016,00000020,00000863
2148,106776900,FF7FFFD4,000203DE,FF0EFFFE,00020002,FF07BCF4,3C004E20,2BFC537C,70F3A016,00000020,00000864
2149,114967200,FF880066,000003DD,FED7FFFF,00020002,FF08BCA5,3C004E20,2800537C,60FBD816,00000020,00000865
2150,116136100,FFB30064,000203DA,FF550001,00020001,FF08BC64,3C004E20,2800537C,70FC2016,00000020,00000866
2151,93118000,FFFC00DD,000103D7,FF2C0000,00020001,FF08BC2D,3C004E20,2800537C,70FC6816,00000020,00000867
2152,117441400,FFC500BE,000003D6,FF880001,00010001,FF08BC02,3C004E20,2800537C,70FCA816,00000020,00000868
2153,108620700,FFD0012C,000003D5,FF5BFFFF,00010001,FF08BBD8,3C004E20,2800537C,70FCE016,00000020,00000869
2154,113020300,FFB0017C,FFFF03D4,FF90FFFF,00020001,FF09BBB1,3C004E20,2800537C,B0FCE016,00000020,0000086A
2155,91664400,FFC601DA,FFFF03D4,FF43FFFF,00020001,FF09BB84,3C004E20,2800537C,90FCE016,00000020,0000086B
2156,116220600,FFA2013F,000003D5,FF850000,00020001,FF09BB5B,3C004E20,2800537C,90FCE016,00000020,0000086C
2157,124726100,FFB70144,FFFF03D5,FF470000,00020001,FF0ABB2D,3C004E20,2800537C,90FCE016,00000020,0000086D
2158,104863900,FF9800D2,000003D5,FF820001,00020001,FF0ABB01,3C004E20,2800537C,90FCE016,00000020,0000086E
2159,114349600,FFAF00F0,000003D5,FF3E0000,00020002,FF0ABAD1,3C004E20,2800537C,90FCE016,00000020,0000086F
2160,98344600,FF8E00A5,000003D5,FF7C0001,00020002,FF0ABAA5,3C004E20,28006D1B,9004E016,00000020,00000870
2161,105712900,000200DC,000303D5,FF7E0000,00010001,FF0ABA7F,3C004E20,28006D1B,9004E016,00000020,00000871
2162,106317400,00180093,000203D5,FFE90001,00010000,FF0ABA6D,3C004E20,28006D1B,9004E016,00000020,00000872
2163,115336600,001F00CB,000103D5,FFC60000,00010000,FF0ABA60,3C004E20,28006D1B,9004E016,00000020,00000873
2164,110551600,FFFA008B,000003D5,00150001,00010000,FF0ABA5E,3C004E20,28006D1B,9004E016,00000020,00000874
2165,151752200,001000C6,000003D5,FFE10000,00010000,FF0BBA5B,3C004E20,28006D1B,9004E016,00000020,00000875
2166,105748200,FFFA0086,000003D5,00250001,00010000,FF0BBA5E,3C004E20,28006D1B,9004E016,00000020,00000876
2167,139132300,001200C2,000003D5,FFEB0000,00010000,FF0BBA5E,3C004E20,28006D1B,9004E016,00000020,00000877
2168,114833000,FFFA0088,000003D5,002A0001,00010000,FF0BBA63,3C004E20,28006D1B,9004E016,00000020,00000878
2169,103760800,001400C1,000003D5,FFEF0000,00010000,FF0BBA65,3C004E20,28006D1B,9004E016,00000020,00000879
2170,117047000,FFFE0087,000003D5,002B0000,00010000,FF0BBA6A,3C004E20,28006D1B,9004E016,00000020,0000087A
2171,130241800,001500C2,000003D5,FFF00000,00010000,FF0BBA6D,3C004E20,28006D1B,9004E016,00000020,0000087B
2172,117627900,FFFE008A,000003D5,002A0000,00010000,FF0BBA72,3C004E20,28006D1B,90FCE016,00000020,0000087C
2173,108228500,FFC600BE,FFFD03D5,FFB10000,00010000,FF0CBA6A,3C004E20,28006D1B,90FCE016,00000020,0000087D
2174,109109000,FF60007D,FFFD03D5,FFB40000,00010001,FF0CBA54,3C004E20,28006D1B,9004E016,00000020,0000087E
2175,110974100,FFEA00BF,000203D5,FFA10000,00010001,FF0CBA3B,3C004E20,28006D1B,9004E016,00000020,0000087F
2176,110956900,00120090,000203D5,FFF60000,00010001,FF0CBA2E,3C004E20,28006D1B,9004E016,00000020,00000880
2177,117322200,001700C6,000103D5,FFD00000,00010000,FF0CBA25,3C004E20,28006D1B,9004E016,00000020,00000881
2178,118414700,FFF70092,000003D5,00130000,00010000,FF0CBA23,3C004E20,28006D1B,9004E016,00000020,00000882
2179,100607400,001000C7,000003D5,FFE40000,00010000,FF0CBA20,3C004E20,28006D1B,9004E016,00000020,00000883
2180,102436400,FFF60094,000003D5,001F0000,00010000,FF0DBA23,3C004E20,28006D1B,9004E016,00000020,00000884
2181,81365900,000E00C9,000003D5,FFEB0000,00010000,FF0DBA23,3C004E20,28006D1B,9004E016,00000020,00000885
2182,98693100,FFFA0099,000003D5,00220000,00010000,FF0DBA26,3C004E20,28006D1B,9004E016,00000020,00000886
2183,98089700,001100CC,000003D5,FFEE0000,00010000,FF0DBA27,3C004E20,28006D1B,9004E016,00000020,00000887
2184,115389600,FFFB00B3,000003D5,00220000,00010000,FF0DBA2B,3C004E20,28006D1B,9004E016,00000020,00000888
2185,111974700,001100EF,000003D5,FFEFFFFF,00010000,FF0DBA2C,3C004E20,28006D1B,9004B816,00000020,00000889
2186,109366900,FFFE00D3,000003D5,00210000,00010000,FF0DBA2F,3C004E20,28006D1B,9004B816,00000020,0000088A
2187,108421300,00110105,000003D5,FFEFFFFF,00010000,FF0EBA30,3C004E20,28006D1B,9004B816,00000020,0000088B
2188,99000500,FFFD00E6,000003D5,001F0000,00010000,FF0EBA34,3C004E20,28006D1B,9004B816,00000020,0000088C
2189,113476800,00120113,000003D5,FFEF0000,00010000,FF0EBA34,3C004E20,28006D1B,9004B816,00000020,0000088D
2190,104700700,FFFC00F3,000003D5,001D0000,00010000,FF0EBA37,3C004E20,28008C49,9004B816,00000020,0000088E
2191,109890800,000F011C,000003D5,FFEF0000,00010000,FF0FBA37,3C004E20,28008C49,A004B816,00000020,0000088F
2192,112726900,FFFF00FC,000003D5,001B0000,00020000,FF0FBA3A,3C004E20,28008C49,A0033816,00000020,00000890
2193,109634400,000E00FD,000003D5,FFED0000,00020000,FF0FBA3A,3C004E20,28008C49,A0033816,00000020,00000891
2194,116544000,FFFB0042,000003D6,001C0001,00010000,FF0FBA3D,3C004E20,28008C49,A0FB3816,00000020,00000892
2195,110333200,FFBBFFD9,FFFD03D5,FFAA0001,00010001,FF0FBA32,3C004E20,28008C49,A0033816,00000020,00000893
2196,100710800,FFB6FF58,000103D5,FFEB0002,00000001,FF0FBA24,3C004E20,28008C49,A0033816,00000020,00000894
2197,112799000,0019FF51,000103D5,FFCC0001,00000000,FF0FBA19,3C004E20,28008C49,A0033816,00000020,00000895
2198,108255000,FFF7FF07,000103D5,00090002,00000000,FF0EBA15,3C004E20,28008C49,A002A016,00000020,00000896
2199,110235800,0008FF20,000003D5,FFDF0001,FFFF0000,000EBA10,3C004E20,28008C49,A002A016,00000020,00000897
2200,109331200,FFF3FEEA,000003D5,00180001,FFFF0000,000EBA11,3C004E20,28008C49,9002A016,00000020,00000898
2201,111432800,0009FF11,000003D5,FFE70000,FFFF0000,000EBA0F,3C004E20,28008C49,9002A016,00000020,00000899
2202,128875700,FFF6FEE2,000003D5,001F0001,FFFF0000,000DBA11,3C004E20,28008C49,9002A016,00000020,0000089A
2203,99275300,000AFF10,000003D5,FFEA0000,FFFF0000,000DBA11,3C004E20,28008C49,9002A016,00000020,0000089B
2204,105658000,FFF6FEDF,000003D5,00220001,FFFF0000,000DBA15,3C004E20,28008C49,9002A016,00000020,0000089C
2205,108891100,0011FF11,000003D5,FFEB0000,FFFF0000,000DBA15,3C004E20,28008C49,9002A016,00000020,0000089D
2206,118951200,FFF7FEE0,000003D5,00250000,FFFE0000,000DBA19,3C004E20,28008C49,9002A016,00000020,0000089E
2207,107338200,0011FF18,000003D5,FFEB0000,FFFF0000,000DBA1A,3C004E20,28008C49,90FAA016,00000020,0000089F
2208,112038800,FFB1FEDB,FFFD03D5,FFEA0000,FFFE0000,FF0CBA14,3C004E20,28008C49,9002A016,00000020,000008A0
2209,97600000,FFD6FF13,000103D5,FFBF0000,FFFE0001,FF0CBA06,3C004E20,28008C49,9002A016,00000020,000008A1
2210,114445600,0008FF05,000103D5,000B0000,FFFF0000,FF0CBA01,3C004E20,28008C49,9002A016,00000020,000008A2
2211,109412900,0013FF7F,000103D5,FFD9FFFF,FFFF0000,FF0CB9FC,3C004E20,28008C49,9002A016,00000020,000008A3
2212,100222300,FFF9FF4B,000003D5,001C0000,FFFF0000,FF0CB9FC,3C004E20,28008C49,9002A016,00000020,000008A4
2213,110872000,000EFF8B,000003D5,FFE4FFFF,FFFF0000,000CB9FB,3C004E20,28008C49,9002A016,00000020,000008A5
2214,115699700,FFF7FF51,000003D5,00250000,FFFF0000,FF0BB9FE,3C004E20,28008C49,9002A016,00000020,000008A6
2215,116919300,0012FF8F,000003D5,FFE9FFFF,FFFF0000,000BB9FE,3C004E20,28008C49,9002A016,00000020,000008A7
2216,112977500,FFF8FF52,000003D5,00280000,FFFF0000,FF0BBA02,3C004E20,28008C49,9002A016,00000020,000008A8
2217,120477800,0013FF95,000003D5,FFEAFFFF,FFFF0000,000BBA03,3C004E20,28008C49,9002A016,00000020,000008A9
2218,112703400,FFF9FF52,000003D5,002A0000,FFFF0000,FF0BBA08,3C004E20,28008C49,9002A016,00000020,000008AA
2219,104218100,0014FF98,000003D5,FFEAFFFF,FFFF0000,000BBA09,3C004E20,28008C49,9002A016,00000020,000008AB
2220,100416800,FFFCFF55,000003D5,002B0000,FFFF0000,FF0BBA0E,3C004E20,2800AF48,90FAA016,00000020,000008AC
2221,113207500,FFCBFF94,FFFD03D5,FFB20000,FFFF0000,FF0BBA06,3C004E20,2800AF48,9002A016,00000020,000008AD
2222,119198600,FFC7FF4F,000103D5,00020000,FFFF0001,FF0BB9FD,3C004E20,2800AF48,9002A016,00000020,000008AE
2223,114730300,0029FED0,000103D6,FFC60002,FFFF0000,FF0AB9F4,3C004E20,2800AF48,5002A016,00000020,000008AF
2224,115299100,FFFCFDF2,000003D5,00220001,FFFF0000,FF0AB9F1,3C004E20,2800AF48,7002A016,00000020,000008B0
2225,109729000,0018FE74,000003D4,FFBC0001,FFFE0000,FF0AB9EA,3C004E20,2800AF48,7002A016,00000020,000008B1
2226,103237000,FFEBFEC5,000003D4,00320000,FFFE0000,FF09B9EA,3C004E20,2800AF48,7002A016,00000020,000008B2
2227,103483800,0014FF23,000003D4,FFC10000,FFFE0000,0009B9E5,3C004E20,2800AF48,7002A016,00000020,000008B3
2228,106327800,FFEBFFFE,000003D4,0032FFFE,FFFF0000,0009B9E6,3C004E20,2800AF48,B002A016,00000020,000008B4
2229,103098200,001200D6,000003D4,FFC6FFFE,FFFF0000,0009B9E2,3C004E20,2800AF48,9002A016,00000020,000008B5
2230,111966800,FFE800CB,000003D5,0033FFFE,00000000,000AB9E4,3C004E20,2800AF48,9002A016,00000020,000008B6
2231,99686500,001100BD,000003D5,FFC9FFFF,00000000,000AB9E0,3C004E20,2800AF48,9002A016,00000020,000008B7
2232,102672900,FFE900B4,000003D5,0034FFFF,00010000,000AB9E3,3C004E20,2800AF48,9002A016,00000020,000008B8
2233,105541800,001300B1,000003D5,FFCBFFFF,00010000,000AB9E0,3C004E20,2800AF48,9002A016,00000020,000008B9
2234,112974200,FFEC00A5,000003D5,00350000,00010000,000AB9E3,3C004E20,2800AF48,9002A016,00000020,000008BA
2235,102699500,00140070,000003D5,FFC90000,00010000,000AB9E0,3C004E20,2800AF48,9002A016,00000020,000008BB
2236,114159400,FFEA0019,000003D5,00370001,00010000,000AB9E3,3C004E20,2800AF48,9002A016,00000020,000008BC
2237,104638500,0016FFE0,000003D5,FFC80001,00010000,000AB9E0,3C004E20,2800AF48,9002A016,00000020,000008BD
2238,108492800,FFEAFFC0,000003D5,00380001,00000000,000AB9E3,3C004E20,2800AF48,9002A016,00000020,000008BE
2239,101415800,0016FFA5,000003D5,FFC80001,00000000,000AB9E0,3C004E20,2800AF48,9002A016,00000020,000008BF
2240,98600900,FFE7FEFA,000003D6,003B0002,00000000,000AB9E4,3C004E20,2800AF48,5002A016,00000020,000008C0
2241,119872900,0017FE46,000003D5,FFCB0002,FFFF0000,0009B9E2,3C004E20,2800AF48,7002A016,00000020,000008C1
2242,120361100,FFECFEAB,000003D4,003B0001,FFFF0000,0009B9E6,3C004E20,2800AF48,7002A016,00000020,000008C2
2243,116112200,0019FF10,000003D4,FFC60000,FFFF0000,0009B9E3,3C004E20,2800AF48,7002A016,00000020,000008C3
2244,121797900,FFEAFF74,000003D4,003B0000,FFFF0000,0009B9E6,3C004E20,2800AF48,7002A016,00000020,000008C4
2245,172406200,00150045,000003D4,FFC9FFFE,FFFF0000,0009B9E4,3C004E20,2800AF48,B002A016,00000020,000008C5
2246,131750400,FFED010E,000003D4,0038FFFE,00000000,0009B9E8,3C004E20,2800AF48,90FAA016,00000020,000008C6
2247,151470200,FFCD00E9,FFFD03D5,FF93FFFE,00000001,FF09B9DD,3C004E20,2800AF48,90FAA016,00000020,000008C7
2248,152126800,FF6300C6,FFFE03D5,FFCCFFFF,00000001,FF0AB9C7,3C004E20,2800AF48,9002A016,00000020,000008C8
2249,152413800,FFF600C3,000103D5,FF85FFFF,00010001,FF0A464C,3C004E20,2800AF48,9002A016,00000020,000008C9
2250,145023600,000400BD,FFFB03E9,000AFFF7,00040003,FF0A4640,3C004E20,2800D7E5,900AA016,00000020,000008CA
2251,144504100,006D00B0,FFF803DF,FFEDFFEF,00070005,000A463D,3C004E20,2800D7E5,900AA016,00000020,000008CB
2252,115230700,0080009C,000103D7,008FFFF8,000B0005,000AB9B4,3C004E20,2800D7E5,900AA016,00000020,000008CC
2253,111909800,008E0066,000303C7,004AFFFE,000C0004,000AB9D2,3C004E20,2BFCD7E5,9012A016,00000020,000008CD
2254,106380200,009A0002,000503CC,01020000,000C0003,000ABA06,3C004E20,2BFCD7E5,9012A016,00000020,000008CE
2255,114445100,0102FFBF,000403D2,00D0FFFF,000C0002,000ABA48,3C004E20,2BFCD7E5,9012A016,00000020,000008CF
2256,98281800,00C9FFA0,000203D8,0163FFFD,000D0001,000ABA9D,3C004E20,2BFCD7E5,9012A016,00000010,000008D0
2257,112674500,00EFFF97,000103D8,010CFFFC,000E0001,000ABAF4,3C004E20,2BFCD7E5,9022A016,00000020,000008D1
2258,99022800,0108FF69,000303E6,01C30008,000E0002,000ABB5E,3C004E20,2800D7E5,9029F016,00000010,000008D2
2259,98800900,01DAFF08,FFFB03E5,01D50007,000C0002,000ABBE2,3C004E20,2800D7E5,9039A016,00000010,000008D3
2260,115959400,0211FE73,000503E1,02C60009,00090001,0109BC92,3C004E20,1C00D7E5,90297016,00000010,000008D4
2261,112814600,022CFE81,000203C5,02930001,00080001,0109BD57,3C004E20,1C00D7E5,90315816,00000010,000008D5
2262,128346700,01CCFEB8,000103C5,032FFFFE,00080000,0109BE2F,3C004E20,2000D7E5,90314816,00000010,000008D6
2263,138092200,0227FE9C,000203CD,02EDFFFD,00090000,0108BF0D,3C004E20,1C00D7E5,90393816,00000010,000008D7
2264,131339500,0208FE89,000003D4,0383FFFF,00090001,0108BFFE,3C004E20,1C00D7E5,90411816,00000010,000008D8
2265,157724000,0271FDAA,000003D8,03590002,00090001,0108C0F5,3C004E20,1C00D7E5,50411016,00000010,000008D9
2266,129900200,0260FD0F,000103D5,038C0003,00080002,0107C1F7,3C004E20,1C00D7E5,70410816,00000010,000008DA
2267,136119000,02E4FD44,000103D3,03910003,00070002,0207C2FC,3C004E20,1C00D7E5,60410016,00000010,000008DB
2268,136621000,0277FDBB,FFFF03D7,038E0002,00070002,0206C402,3C004E20,1C00D7E5,60410016,00000010,000008DC
2269,109171700,0200FE1E,FFFD03D6,03860002,00060003,0206C505,3C004E20,1C00D7E5,60410016,00000010,000008DD
2270,97486400,01A2FE5B,FFFC03D5,03770001,00050004,0206C605,3C004E20,2000D7E5,6040F816,00000010,000008DE
2271,86936300,0168FE85,FFFC03D4,036C0001,00050006,0205C702,3C004E20,2800D7E5,60591016,00000010,000008DF
2272,70361500,0180FE8D,FFFF03D4,038B0001,00040006,0205C800,3C004E20,2800D7E5,60591016,00000010,000008E0
2273,98427200,01F0FE23,000103D4,03D10002,00040007,0205C910,3C004E20,2800D7E5,60591016,00000010,000008E1
2274,82628900,01F8FE03,000003D4,03F40002,00030007,0205CA2F,3C004E20,2800D7E5,60591816,00000010,000008E2
2275,90797200,01B6FE69,FFFF03D4,04030001,00020007,0204CB54,3C004E20,2800D7E5,60511816,00000010,000008E3
2276,77225600,0143FF0B,FFFD03D4,03D60000,00020008,0204CC72,3C004E20,2800D7E5,60512016,00000010,000008E4
2277,117827600,00FCFF4A,FFFD03D4,03BF0000,00010009,0204CD87,3C004E20,2800D7E5,60512816,00000010,000008E5
2278,74724300,00F3FF3B,FFFE03D5,03A60000,0001000A,0204CE95,3C004E20,2800D7E5,50493016,00000010,000008E6
2279,68566700,00BDFF7F,FFFF03D6,036EFFFF,0001000A,0204CF97,3C004E20,2800D7E5,50493816,00000010,000008E7
2280,82487600,0096FF8C,000803D7,0345FFFC,0001000A,0204D08B,3C004E20,2800FEFC,50414016,00000010,000008E8
2281,92020500,007AFFA8,FFFF03D8,0307FFFE,00010008,0204D16F,3C004E20,2800FEFC,50314816,00000010,000008E9
2282,94320000,FFFCFFF0,000903D9,028CFFF9,00030006,0104D239,3C004E20,2800FEFC,50299816,00000010,000008EA
2283,103252700,FF950035,000D03DE,021FFFF6,00050003,0104D2DF,3C004E20,2800FEFC,5029A016,00000010,000008EB
2284,86798500,FFE1003B,FFFC03D3,01E9FFFC,00070002,0104D370,3C004E20,2800FEFC,5029B016,00000010,000008EC
2285,84687000,004D0055,000D03D8,01E0FFF9,00090001,0104D3FA,3C004E20,2800FEFC,5029B816,00000010,000008ED
2286,77012100,00790075,FFF703D0,01D9FFF8,000B0001,0105D483,3C004E20,2800FEFC,5021C016,00000010,000008EE
2287,84357500,004C00B4,FFF403DC,01B1FFF9,000D0005,0105D503,3C004E20,2800FEFC,5021D016,00000010,000008EF
2288,84217200,005000C9,FFF803C7,01A0FFFC,000E0007,0105D57B,3C004E20,2800FEFC,5021D816,00000010,000008F0
2289,91887500,007C00D3,000203D2,01A5FFFF,000E0008,0105D5F3,3C004E20,2BFCFEFC,6021E816,00000010,000008F1
2290,64117200,009700DD,000803CE,01AB0001,000E0008,0105D66D,3C004E20,2BFCFEFC,6021F016,00000010,000008F2
2291,81394300,00AD00DE,000603CE,01B80001,000E0006,0105D6E9,3C004E20,2BFCFEFC,601A0016,00000010,000008F3
2292,84287500,005500C0,000403D5,01800001,000E0005,0006D75D,3C004E20,2BFCFEFC,601A1016,00000010,000008F4
2293,89734900,0033002C,000203D7,01660001,000D0004,0006D7C6,3C004E20,2BFCFEFC,601A2016,00000010,000008F5
2294,78688600,0058FFA1,000103D7,01540001,000D0004,0005D82A,3C004E20,2BFCFEFC,601A3016,00000020,000008F6
2295,91091500,006BFF89,000203D8,014F0001,000D0004,0005D88A,3C004E20,2BFCFEFC,601A4016,00000020,000008F7
2296,98303300,0072FFC0,000103D9,01490001,000C0004,0005D8E9,3C004E20,2BFCFEFC,60125016,00000020,000008F8
2297,84378700,0022001B,000503DC,01100005,000B0003,0005D93D,3C004E20,2800FEFC,60126816,00000020,000008F9
2298,89627100,000E006B,000403DA,00F60006,000A0002,0006D985,3C004E20,2800FEFC,60127816,00000020,000008FA
2299,85497600,0041009F,000D03E6,00F10009,00080000,0006D9CB,3C004E20,2800FEFC,60128816,00000020,000008FB
2300,77419400,005100C2,FFFB03DD,00F1000C,0004FFFF,0006DA10,3C004E20,2800FEFC,60129816,00000020,000008FC
2301,90287500,006300D9,000703D9,00F5000B,0000FFFF,0006DA55,3C004E20,2800FEFC,6012B016,00000020,000008FD
2302,93470600,006C00E7,FFFB03C8,00FB0009,FFFEFFFF,0006DA9D,3C004E20,2800FEFC,6012C816,00000020,000008FE
2303,81086700,007500F4,FFFD03C4,01000001,FFFEFFFF,0006DAE5,3C004E20,2800FEFC,600AE016,00000020,000008FF
2304,83225900,000E010C,FFFF03C6,00BFFFFC,FFFEFFFF,0007DB23,3C004E20,2800FEFC,600B0016,00000020,00000900
2305,99695600,FFF00111,000003CF,00A2FFFC,FFFFFFFF,0007DB54,3C004E20,2800FEFC,600B2016,00000020,00000901
2306,74899500,00210110,000003D5,0098FFFD,0000FFFF,0007DB81,3C004E20,2800FEFC,600B4016,00000020,00000902
2307,84117600,00370114,000003D8,0096FFFE,0001FFFF,0007DBAC,3C004E20,2800FEFC,600B5816,00000020,00000903
2308,79656000,0044011B,000103DE,0097FFFF,0001FFFF,0008DBD7,3C004E20,2800FEFC,600B7016,00000020,00000904
2309,68764800,004500DE,000003D4,00920001,0001FFFF,0008DC02,3C004E20,2800FEFC,600B9016,00000020,00000905
2310,78758600,0033000B,000003D4,009A0001,0001FFFF,0008DC2E,3C004E20,28011E39,700BB016,00000020,00000906
2311,93832200,003B0037,000003D4,00930001,0001FFFF,0008DC59,3C004E20,28011E39,700BD816,00000020,00000907
2312,81799700,004C00BC,000103D4,009B0000,0001FFFF,0008DC84,3C004E20,28011E39,70040016,00000020,00000908
2313,80658300,FFFC00E7,FFFE03D5,005E0000,0001FFFF,0008DCA6,3C004E20,28011E39,70043816,00000020,00000909
2314,75502900,FFD20154,FFFE03D5,0037FFFF,00010000,0008DCB9,3C004E20,28011E39,70046816,00000020,0000090A
2315,80144700,FFEB020D,FFFF03D4,001FFFFE,00020000,0009DCC4,3C004E20,28011E39,B0048016,00000020,0000090B
2316,85197800,FFF70264,000003D5,0012FFFF,00020000,0009DCCB,3C004E20,28011E39,90049816,00000020,0000090C
2317,84987800,FFFD01CC,000003D6,000A0000,00020000,000ADCCF,3C004E20,28011E39,9004B816,00000020,0000090D
2318,89341600,FFFF01AC,000003D5,00070000,00030000,000ADCD1,3C004E20,28011E39,9004D816,00000020,0000090E
2319,81369400,00020149,000003D5,00040000,00020000,000ADCD2,3C004E20,28011E39,9004E016,00000020,0000090F
2320,74123500,FFFF014D,000003D5,00010000,00020000,000ADCD3,3C004E20,28011E39,9004E016,00000020,00000910
2321,87020800,00010119,000003D5,00010001,00020000,000BDCD4,3C004E20,28011E39,9004E016,00000020,00000911
2322,80267100,0001012B,000003D5,00010000,00020000,000BDCD4,3C004E20,28011E39,9004E016,00000020,00000912
2323,75516300,00000100,000003D5,00010001,00020000,000BDCD4,3C004E20,28011E39,9004E016,00000020,00000913
2324,81066200,00010118,000003D5,00000000,00020000,000BDCD4,3C004E20,28011E39,9004E016,00000020,00000914
2325,79740300,000000F5,000003D5,00000000,00020000,000BDCD4,3C004E20,28011E39,9004E016,00000020,00000915
2326,76561600,00010110,000003D5,00000000,00020000,000CDCD4,3C004E20,28011E39,9004E016,00000020,00000916
2327,84319500,FFFF00F4,000003D5,00000000,00020000,000CDCD4,3C004E20,28011E39,9004E016,00000020,00000917
2328,80390200,0001010D,000003D5,00000000,00020000,000CDCD4,3C004E20,28011E39,9004E016,00000020,00000918
2329,81189800,000100ED,000003D5,00000000,00020000,000CDCD4,3C004E20,28011E39,9004E016,00000020,00000919
2330,100784500,000000F8,000003D5,00000000,00020000,000CDCD4,3C004E20,28011E39,9004E016,00000020,0000091A
2331,81804400,000100CF,000003D5,00000000,00010000,000DDCD4,3C004E20,28011E39,9004E016,00000020,0000091B
2332,78862700,000000DF,000003D5,00000000,00010000,000DDCD4,3C004E20,28011E39,9004E016,00000020,0000091C
2333,77256700,000000BA,000003D5,00000000,00010000,000DDCD4,3C004E20,28011E39,9004E016,00000020,0000091D
2334,84973500,000100D4,000003D5,00000000,00010000,000DDCD4,3C004E20,28011E39,9004E016,00000020,0000091E
2335,83893200,000000B6,000003D5,00000000,00010000,000DDCD4,3C004E20,28011E39,9004E016,00000020,0000091F
2336,85595000,000100D0,000003D5,00000000,00010000,000DDCD4,3C004E20,28011E39,9004E016,00000020,00000920
2337,83197700,000000B0,000003D5,00000000,00010000,000EDCD4,3C004E20,28011E39,9004E016,00000020,00000921
2338,84704000,000100CE,000003D5,00000000,00010000,000EDCD4,3C004E20,28011E39,9004E016,00000020,00000922
2339,94523000,000000B2,000003D5,00000000,00010000,000EDCD4,3C004E20,28011E39,9004E016,00000020,00000923
2340,73295700,000100CE,000003D5,00000000,00010000,000EDCD4,3C004E20,28013C5A,9004E016,00000020,00000924
2341,84099600,000000B3,000003D5,00000000,00010000,000EDCD4,3C004E20,28013C5A,9004E016,00000020,00000925
2342,85364500,000000CF,000003D5,00000000,00010000,000EDCD4,3C004E20,28013C5A,9004A016,00000020,00000926
2343,81184200,000100B8,000003D5,00000000,00010000,000EDCD4,3C004E20,28013C5A,A004A016,00000020,00000927
2344,98216900,000000CE,000003D5,00000000,00010000,000FDCD4,3C004E20,28013C5A,A004A016,00000020,00000928
2345,85055500,000100BC,000003D5,00000000,00010000,000FDCD4,3C004E20,28013C5A,A004A016,00000020,00000929
2346,88386100,000000D2,000003D5,00000000,00010000,000FDCD4,3C004E20,28013C5A,A004A016,00000020,0000092A
2347,78664100,000100BD,000003D5,00000000,00010000,000FDCD4,3C004E20,28013C5A,A004A016,00000020,0000092B
2348,79689500,000000D3,000003D5,00000000,00010000,000FDCD4,3C004E20,28013C5A,A004A016,00000020,0000092C
2349,85852300,000000C3,000003D5,00000000,00010000,000FDCD4,3C004E20,28013C5A,A0035016,00000020,0000092D
2350,76284900,000100AE,000003D5,00000000,00010000,0010DCD4,3C004E20,28013C5A,A002C816,00000020,0000092E
2351,95521200,0000000B,000003D6,00000001,00010000,000FDCD4,3C004E20,28013C5A,A002C816,00000020,0000092F
2352,73728400,0000FFAE,000003D5,00000001,00010000,000FDCD4,3C004E20,28013C5A,A002C816,00000020,00000930
2353,90734800,FFFFFF4F,000003D5,00000002,00000000,000FDCD4,3C004E20,28013C5A,A002C816,00000020,00000931
2354,78091300,0000FF33,000003D5,00000001,00000000,000FDCD4,3C004E20,28013C5A,A002C816,00000020,00000932
2355,79656800,FFFFFF06,000003D5,00000001,FFFF0000,000FDCD4,3C004E20,28013C5A,A002C816,00000020,00000933
2356,94353800,0000FF0A,000003D5,00000001,FFFF0000,000FDCD4,3C004E20,28013C5A,A002A816,00000020,00000934
2357,65159800,0000FEEF,000003D5,00000001,FFFF0000,000EDCD4,3C004E20,28013C5A,A002A816,00000020,00000935
2358,74884300,FFFFFF00,000003D5,00000000,FFFF0000,000EDCD4,3C004E20,28013C5A,A002A816,00000020,00000936
2359,70214000,0000FEE4,000003D5,00000001,FFFF0000,000EDCD4,3C004E20,28013C5A,A002A816,00000020,00000937
2360,87610300,FFFFFF00,000003D5,00000000,FFFF0000,000EDCD4,3C004E20,28013C5A,9002A816,00000020,00000938
2361,82814900,0000FEE6,000003D5,00000000,FFFF0000,000EDCD4,3C004E20,28013C5A,9002A816,00000020,00000939
2362,79001600,FFFFFF02,000003D5,00000000,FFFE0000,000DDCD4,3C004E20,28013C5A,9002A816,00000020,0000093A
2363,77122500,0000FEE6,000003D5,00000000,FFFE0000,000DDCD4,3C004E20,28013C5A,9002A816,00000020,0000093B
2364,75864500,0000FF07,000003D5,00000000,FFFE0000,000DDCD4,3C004E20,28013C5A,9002A816,00000020,0000093C
2365,81410300,FFFFFEEB,000003D5,00000000,FFFE0000,000DDCD4,3C004E20,28013C5A,900AA816,00000020,0000093D
2366,88720000,004FFF01,000303D5,00410000,FFFEFFFF,000DDCDE,3C004E20,28013C5A,900AA816,00000020,0000093E
2367,92185700,0098FEE0,000203D5,006D0000,FFFEFFFF,000CDCF9,3C004E20,28013C5A,900AA816,00000020,0000093F
2368,100997000,008BFF04,000203D5,00950000,FFFEFFFE,000CDD1F,3C004E20,28013C5A,9002A816,00000020,00000940
2369,94319700,002AFF0B,FFFE03D5,00650000,FFFEFFFE,000CDD42,3C004E20,28013C5A,9002A816,00000020,00000941
2370,88320200,FFF2FF6D,FFFE03D5,0042FFFF,FFFFFFFF,000CDD58,3C004E20,28015A1B,9002A816,00000020,00000942
2371,78333900,0006FF5B,FFFF03D5,002A0000,FFFFFFFF,000CDD67,3C004E20,28015A1B,9002A816,00000020,00000943
2372,76697100,000EFF78,FFFF03D5,001BFFFF,FFFF0000,000CDD70,3C004E20,28015A1B,9002A816,00000020,00000944
2373,84395900,000EFF5B,000003D5,00110000,FFFF0000,000BDD76,3C004E20,28015A1B,9002A816,00000020,00000945
2374,87070600,000DFF84,000003D5,000A0000,FFFF0000,FF0BDD7A,3C004E20,28015A1B,9002A816,00000020,00000946
2375,74894800,000CFF5F,000003D5,00060000,FFFF0000,FF0BDD7C,3C004E20,28015A1B,9002A816,00000020,00000947
2376,87675900,0009FF81,000003D5,00040000,FFFF0000,FF0BDD7D,3C004E20,28015A1B,9002A816,00000020,00000948
2377,88548000,0006FF63,000003D5,00020000,FFFF0000,000BDD7E,3C004E20,28015A1B,9002A816,00000020,00000949
2378,77164400,0005FF83,000003D5,00010000,FFFF0000,000BDD7E,3C004E20,28015A1B,9002A816,00000020,0000094A
2379,80735700,0002FF68,000003D5,00010000,FFFF0000,000BDD7F,3C004E20,28015A1B,9002A816,00000020,0000094B
2380,89909600,0004FF88,000003D5,00000000,FFFF0000,000BDD7F,3C004E20,28015A1B,9002A816,00000020,0000094C
2381,71496400,0001FF66,000003D5,00000000,FFFF0000,000BDD7F,3C004E20,28015A1B,9002A816,00000020,0000094D
2382,83901900,0000FF88,000003D5,00000000,FFFF0000,000BDD7F,3C004E20,28015A1B,900AA816,00000020,0000094E
2383,66796400,0043FF65,000203D5,00330000,FFFFFFFF,000ADD87,3C004E20,28015A1B,900AA816,00000020,0000094F
2384,88226700,008AFECF,000203D6,00660001,FFFFFFFF,000ADD9F,3C004E20,28015A1B,500AA816,00000020,00000950
2385,88417500,006EFE0B,000103D6,00760002,FFFFFFFE,000ADDBF,3C004E20,28015A1B,700AA816,00000020,00000951
2386,90201100,006BFE9B,000103D4,00900000,FFFEFFFE,0009DDE6,3C004E20,28015A1B,700AA816,00000020,00000952
2387,80480400,0060FEE9,000003D4,00920000,FFFEFFFE,0009DE0F,3C004E20,28015A1B,700AA816,00000020,00000953
2388,75154500,0067FF74,000003D4,00A2FFFF,FFFEFFFE,0009DE3C,3C004E20,28015A1B,700AA816,00000020,00000954
2389,88840400,0064FFBF,000003D5,009FFFFF,FFFFFFFE,0009DE6A,3C004E20,28015A1B,7002A816,00000020,00000955
2390,79666700,001500F5,FFFD03D4,0064FFFD,FFFFFFFF,000ADE8D,3C004E20,28015A1B,B002A816,00000020,00000956
2391,85787600,FFE6017D,FFFE03D5,003DFFFE,0000FFFF,000ADEA3,3C004E20,28015A1B,900AA816,00000020,00000957
2392,86210400,004B0173,000203D5,0064FFFE,0001FFFF,000ADEB9,3C004E20,28015A1B,900AA816,00000020,00000958
2393,86105500,00970125,000203D6,0083FFFF,0001FFFF,000ADEDC,3C004E20,28015A1B,900AA816,00000020,00000959
2394,81481500,008A0128,000203D5,00A2FFFF,0001FFFE,000BDF07,3C004E20,28015A1B,9002A816,00000020,0000095A
2395,83270900,002000BB,FFFE03D6,00690000,0001FFFF,000BDF2B,3C004E20,28015A1B,9002A816,00000020,0000095B
2396,84921000,FFEA0067,FFFF03D5,00430001,0001FFFF,000BDF42,3C004E20,28015A1B,9002A816,00000020,0000095C
2397,76044600,0000FFF6,000203D1,002B0005,0000FFFF,000BDF51,3C004E20,2BFD5A1B,9002A816,00000020,0000095D
2398,91033200,0009FFE0,000203C2,001B0011,FFFDFFFD,000BDF5A,3C004E20,2BFD5A1B,9002A816,00000020,0000095E
2399,85451100,0005FF9E,FFFF03BD,00100018,FFF7FFFD,000BDF60,3C004E20,2BFD5A1B,9002A816,00000020,0000095F
2400,78419300,000BFF09,000003C2,000A001E,FFEFFFFD,000ADF64,3C004E20,2BFD7645,5002A816,00000020,00000960
2401,81222100,0007FE2A,000003CD,0006001C,FFE6FFFD,000ADF66,3C004E20,2BFD7645,7002A816,00000020,00000961
2402,68059300,0006FE97,FFFD03D5,00030018,FFDFFFFD,000ADF67,3C004E20,2BFD7645,7002A816,00000020,00000962
2403,78190500,0005FEB2,FFFC03DC,00020013,FFD9FFFE,0009DF68,3C004E20,28017645,700AA816,00000020,00000963
2404,86731700,0047FF27,FFFE03E4,003B0008,FFD5FFFF,0009DF71,3C004E20,28017645,700AA816,00000020,00000964
2405,83774900,0086FF61,000203E9,005E0001,FFD4FFFF,0009DF88,3C004E20,28017645,700AA816,00000020,00000965
2406,86717800,0076FFF8,000503DB,0083FFF6,FFD6FFFD,0009DFA9,3C004E20,28017645,7012A816,00000020,00000966
2407,82284800,00BA00DB,000103C4,00CBFFEC,FFDBFFFC,0009DFDB,3C004E20,28017645,B012A816,00000020,00000967
2408,91772300,01070199,000303C1,0117FFE4,FFE2FFFA,000AE022,3C004E20,28017645,90129816,00000020,00000968
2409,74576500,00E70146,000103C4,0133FFE2,FFEAFFF9,000AE077,3C004E20,28017645,90129016,00000020,00000969
2410,74712200,00EE0141,000003CE,0156FFE3,FFF3FFF9,000AE0D6,3C004E20,2BFD7645,90129016,00000010,0000096A
2411,75937900,00DF00BD,FFFF03D8,015AFFE7,FFFBFFF9,000AE139,3C004E20,2BFD7645,901A9016,00000010,0000096B
2412,84299500,012D004C,FFFF03E2,01A8FFEF,0001FFF9,000AE1A8,3C004E20,2BFD7645,90222016,00000010,0000096C
2413,81187900,0195FF88,FFFD03EE,01EAFFFA,0004FFFA,000AE22E,3C004E20,2BFD7645,9029E016,00000010,0000096D
2414,85129500,01FDFEF7,000503EF,02760002,0004FFF9,010AE2D2,3C004E20,1FFD7645,9021B816,00000010,0000096E
2415,76214500,01C7FED9,000003E4,026D0005,0003FFF9,010AE385,3C004E20,20017645,9021A816,00000010,0000096F
2416,84172900,01A2FE82,000103DB,028C0006,0002FFF8,0109E43C,3C004E20,20017645,50299816,00000010,00000970
2417,84062300,019AFDAB,FFFF03D6,02860006,0001FFF8,0109E4F6,3C004E20,20017645,70296816,00000010,00000971
2418,80687300,01D5FDF4,000203D3,02D00004,FFFFFFF8,0109E5BC,3C004E20,20017645,70315816,00000010,00000972
2419,91082900,01C5FDF8,FFFF03D2,02CC0004,FFFEFFF8,0108E68A,3C004E20,20017645,70314816,00000010,00000973
2420,77166400,01DAFDED,FFFE03D2,03270004,FFFEFFF8,0108E767,3C004E20,20017645,70313816,00000010,00000974
2421,70161500,0056FA5C,FFF803D0,02C50007,FFFCFFF9,0006E845,3C004E20,20017645,70393016,00000010,00000975
2422,76353500,011AF92C,000303D3,026A0004,FFFBFFFA,0105E8F9,3C004E20,28017645,60512816,00000010,00000976
2423,95167200,0381FDF8,000703D1,02B30001,FFFBFFF8,0105E9B5,3C004E20,28017645,60512816,00000010,00000977
2424,92045400,02A3FDF8,000303D3,03010000,FFFBFFF7,0105EA89,3C004E20,28017645,60512816,00000010,00000978
2425,97642600,0207FDE0,000003D4,03440000,FFFBFFF6,0204EB72,3C004E20,28017645,50512816,00000010,00000979
2426,91365500,01ABFE9B,FFFD03D4,034DFFFF,FFFCFFF7,0204EC64,3C004E20,28017645,50492816,00000010,0000097A
2427,106179500,011CFF3A,FFFB03D4,0334FFFF,FFFCFFF8,0204ED51,3C004E20,28017645,50493016,00000010,0000097B
2428,112648600,00C4FF6E,FFFB03D5,0310FFFF,FFFDFFF9,0204EE36,3C004E20,28017645,50493816,00000010,0000097C
2429,112008700,00B2FF5F,FFFC03D5,0314FFFF,FFFEFFFA,0204EF16,3C004E20,28017645,50494016,00000010,0000097D
2430,101729900,00B3FF74,FFFD03D5,02F6FFFF,FFFEFFFB,0104EFF3,3C004E20,280191D2,50414816,00000010,0000097E
2431,121449500,0098FFFF,FFFD03D5,02DBFFFF,FFFEFFFC,0104F0C7,3C004E20,280191D2,50415016,00000010,0000097F
2432,113877400,008C004A,FFFE03D5,02BCFFFF,FFFFFFFC,0104F192,3C004E20,280191D2,50415816,00000010,00000980
2433,97718300,00C0005D,000003D5,02CFFFFF,FFFFFFFD,0104F25E,3C004E20,280191D2,50396016,00000010,00000981
2434,114742300,009B009C,FFFF03D5,029DFFFF,0000FFFD,0104F323,3C004E20,280191D2,50396816,00000010,00000982
2435,119154200,009A00BA,000003D5,02A3FFFF,0000FFFD,0104F3E3,3C004E20,280191D2,50317016,00000010,00000983
2436,109206600,008300CD,FFFF03D5,026DFFFF,0000FFFD,0105F49A,3C004E20,280191D2,50317816,00000010,00000984
2437,105501300,008800D2,000003D5,02690000,0001FFFD,0105F54B,3C004E20,280191D2,60218816,00000010,00000985
2438,96027800,004400F3,FFFD03D5,0208FFFF,0001FFFE,0105F5EC,3C004E20,280191D2,6021C816,00000010,00000986
2439,103292800,00000109,FFFF03D5,01D80000,0001FFFF,0105F678,3C004E20,280191D2,6021D816,00000010,00000987
2440,86093300,005F00D4,000003D5,01CA0000,0001FFFF,0106F6FC,3C004E20,280191D2,6021E016,00000010,00000988
2441,92388100,009700BC,000203D5,01CB0000,0001FFFF,0106F77F,3C004E20,280191D2,6021F016,00000010,00000989
2442,88374800,00AE00B5,000203D5,01D00000,0001FFFE,0106F803,3C004E20,280191D2,601A0016,00000010,0000098A
2443,90562600,006600CF,FFFF03D5,019A0000,0001FFFE,0106F87E,3C004E20,280191D2,601A0816,00000010,0000098B
2444,87514700,005100D4,000003D5,01850000,0001FFFE,0006F8F0,3C004E20,280191D2,601A1816,00000010,0000098C
2445,96858900,008500C0,000103D5,01810000,0001FFFE,0006F95E,3C004E20,280191D2,601A2816,00000010,0000098D
2446,67095100,009D00B6,000103D5,01830000,0001FFFE,0006F9CD,3C004E20,280191D2,601A3816,00000010,0000098E
2447,83418600,00AD00B4,000103D5,01880000,0001FFFE,0007FA3C,3C004E20,280191D2,601A4816,00000010,0000098F
2448,85733600,00B800B4,000103D5,018E0000,0001FFFD,0007FAAE,3C004E20,280191D2,60125816,00000010,00000990
2449,86562400,005800D3,FFFE03D5,014E0000,0001FFFE,0007FB14,3C004E20,280191D2,60127016,00000020,00000991
2450,96734200,003900D9,FFFF03D5,01320000,0001FFFE,0007FB6F,3C004E20,280191D2,60128016,00000020,00000992
2451,79610100,006D00D5,000003D5,01290000,0001FFFE,0007FBC4,3C004E20,280191D2,60129816,00000020,00000993
2452,91600800,008100E9,000103DD,012C0000,0001FFFE,0008FC1A,3C004E20,280191D2,6012A816,00000020,00000994
2453,89108500,007E008F,000103D1,01240001,0001FFFE,0008FC70,3C004E20,280191D2,7012C016,00000020,00000995
2454,93888000,006F0016,FFFF03D3,011B0001,0001FFFE,0008FCC4,3C004E20,280191D2,700AD816,00000020,00000996
2455,87563600,002F0041,FFFE03D4,00F10000,0001FFFE,0008FD0E,3C004E20,280191D2,700AF016,00000020,00000997
2456,93310100,0012006A,FFFE03D4,00C80000,0001FFFF,0008FD4C,3C004E20,280191D2,700B0816,00000020,00000998
2457,93463000,003900DE,000003D4,00BBFFFF,0001FFFF,0008FD82,3C004E20,280191D2,700B2016,00000020,00000999
2458,95990000,00450101,000003D5,00AB0000,0001FFFF,0008FDB5,3C004E20,280191D2,700B3816,00000020,0000099A
2459,81672700,005B0168,000103D5,00ADFFFF,0001FFFF,0009FDE6,3C004E20,280191D2,700B5016,00000020,0000099B
2460,87639300,005E021B,000003D4,00AAFFFE,0002FFFF,0009FE17,3C004E20,2801AD59,B00B6016,00000020,0000099C
2461,83353200,006F026D,000103D5,00B7FFFF,0002FFFE,0009FE4A,3C004E20,2801AD59,900B8816,00000020,0000099D
2462,83072800,006501D2,000003D6,00B20000,0002FFFE,000AFE7E,3C004E20,2801AD59,900BB016,00000020,0000099E
2463,92822500,007501AD,000103D5,00BA0000,0003FFFE,000AFEB3,3C004E20,2801AD59,900BE816,00000020,0000099F
2464,94796400,006F0151,000003D5,00BB0001,0003FFFE,000AFEE9,3C004E20,2801AD59,90042016,00000020,000009A0
2465,85668600,00190154,FFFD03D5,007B0000,0002FFFF,000BFF13,3C004E20,2801AD59,90046016,00000020,000009A1
2466,93244100,FFE6011F,FFFE03D5,004C0001,0002FFFF,000BFF2E,3C004E20,2801AD59,90049816,00000020,000009A2
2467,101355200,FFFF012F,FFFF03D5,002E0000,00020000,000BFF3E,3C004E20,2801AD59,9004C816,00000020,000009A3
2468,90207900,00080103,000003D5,001D0001,00020000,000BFF48,3C004E20,2801AD59,9004D816,00000020,000009A4
2469,106064200,000C011C,000003D5,00110000,00020000,000CFF4E,3C004E20,2801AD59,9004F016,00000020,000009A5
2470,88847600,000900F8,000003D5,000B0000,00020000,000CFF52,3C004E20,2801AD59,9004F016,00000020,000009A6
2471,96132200,00060113,000003D5,00060000,00020000,000CFF54,3C004E20,2801AD59,9004F816,00000020,000009A7
2472,86436500,000900F4,000003D5,00040000,00020000,000CFF56,3C004E20,2801AD59,9004F816,00000020,000009A8
2473,94339500,00050111,000003D5,00020000,00020000,000CFF56,3C004E20,2801AD59,9004F816,00000020,000009A9
2474,85621600,000400F4,000003D5,00010000,00020000,000CFF57,3C004E20,2801AD59,9004F816,00000020,000009AA
2475,101298500,00010113,000003D5,00010000,00020000,000DFF57,3C004E20,2801AD59,90050016,00000020,000009AB
2476,116929400,000300F6,000003D5,00000000,00020000,000DFF57,3C004E20,2801AD59,9004F816,00000020,000009AC
2477,105477700,00010113,000003D5,00000000,00020000,000DFF57,3C004E20,2801AD59,90050016,00000020,000009AD
2478,88682100,000100FB,000003D5,00000000,00020000,000DFF57,3C004E20,2801AD59,90050016,00000020,000009AE
2479,84918000,00010118,000003D5,00000000,00020000,000EFF57,3C004E20,2801AD59,90050816,00000020,000009AF
2480,84572000,00000100,000003D5,00000000,00020000,000EFF57,3C004E20,2801AD59,90050016,00000020,000009B0
2481,91139100,0001011A,000003D5,00000000,00020000,000EFF57,3C004E20,2801AD59,90050816,00000020,000009B1
2482,97671700,FFFF0106,000003D5,00000000,00020000,000EFF57,3C004E20,2801AD59,90050816,00000020,000009B2
2483,87978200,FFFF0120,000003D5,00000000,00020000,000EFF57,3C004E20,2801AD59,90050816,00000020,000009B3
2484,78645600,0001010A,000003D5,00000000,00020000,000FFF57,3C004E20,2801AD59,A0051016,00000020,000009B4
2485,92572200,00000124,000003D5,00000000,00020000,000FFF57,3C004E20,2801AD59,A0051816,00000020,000009B5
2486,76870500,00020111,000003D5,00000000,00020000,000FFF57,3C004E20,2801AD59,A0051016,00000020,000009B6
2487,88848200,FFFF012B,000003D5,00000000,00020000,000FFF57,3C004E20,2801AD59,A0051816,00000020,000009B7
2488,83754000,FFFF0111,000003D5,00000000,00020000,000FFF57,3C004E20,2801AD59,A0051816,00000020,000009B8
2489,78709300,00020112,000003D5,00000000,00020000,0010FF57,3C004E20,2801AD59,A0052016,00000020,000009B9
2490,94335900,FFFD00EC,000003D5,00000000,00020000,0010FF57,3C004E20,2801C4AE,A0052016,00000020,000009BA
2491,76211800,000100F8,000003D5,00000000,00020000,0010FF57,3C004E20,2801C4AE,A0052816,00000020,000009BB
2492,107269400,000100DD,000003D5,00000000,00020000,0010FF57,3C004E20,2801C4AE,A0052016,00000020,000009BC
2493,82077400,000100EB,000003D5,00000000,00010000,0010FF57,3C004E20,2801C4AE,A0052816,00000020,000009BD
2494,88942500,FFFF00DB,000003D5,00000000,00010000,0011FF57,3C004E20,2801C4AE,A0052016,00000020,000009BE
2495,86366400,FFFF00FF,000003D5,00000000,00010000,0011FF57,3C004E20,2801C4AE,A0052816,00000020,000009BF
2496,86170300,00020100,000003D5,00000000,00010000,0011FF57,3C004E20,2801C4AE,A0052816,00000020,000009C0
2497,94115300,FFFE0108,000003D5,00000000,00010000,0011FF57,3C004E20,2801C4AE,A0052816,00000020,000009C1
2498,100915300,0002010A,000003D5,00000000,00020000,0011FF57,3C004E20,2801C4AE,A0052816,00000020,000009C2
2499,84938500,00000125,000003D5,00000000,00020000,0012FF57,3C004E20,2801C4AE,A0052816,00000020,000009C3
2500,111270100,00000124,000003D5,00000000,00020000,0012FF57,3C004E20,2801C4AE,A0052816,00000020,000009C4
2501,77326700,00000138,000003D5,00000000,00020000,0012FF57,3C004E20,2801C4AE,A0053016,00000020,000009C5
2502,78216800,00000133,000003D5,00000000,00020000,0012FF57,3C004E20,2801C4AE,A0053016,00000020,000009C6
2503,76257500,00010146,000003D5,00000000,00020000,0013FF57,3C004E20,2801C4AE,A0053016,00000020,000009C7
2504,91150400,00010140,000003D5,00000000,00020000,0013FF57,3C004E20,2801C4AE,A0053016,00000020,000009C8
2505,87788300,FFFF0150,000003D5,00000000,00020000,0013FF57,3C004E20,2801C4AE,A0053816,00000020,000009C9
2506,90107000,FFFF0149,000003D5,00000000,00020000,0013FF57,3C004E20,2801C4AE,A0053016,00000020,000009CA
2507,105514700,00010155,000003D5,00000000,00020000,0014FF57,3C004E20,2801C4AE,A0053016,00000020,000009CB
2508,94608900,FFFF0151,000003D5,00000000,00020000,0014FF57,3C004E20,2801C4AE,A0053016,00000020,000009CC
2509,91461500,0000015A,000003D5,00000000,00020000,0014FF57,3C004E20,2801C4AE,A0053016,00000020,000009CD
2510,74275700,00010157,000003D5,00000000,00020000,0014FF57,3C004E20,2801C4AE,A0053016,00000020,000009CE
2511,106127000,0001014C,000003D5,00000000,00020000,0015FF57,3C004E20,2801C4AE,A0052016,00000020,000009CF
2512,83612400,FFFD00E4,000003D5,00000001,00020000,0015FF57,3C004E20,2801C4AE,A0051816,00000020,000009D0
2513,91637100,00030035,000003D6,00000001,00020000,0015FF57,3C004E20,2801C4AE,A0051016,00000020,000009D1
2514,77709400,FFFDFFBD,000003D5,00000002,00010000,0015FF57,3C004E20,2801C4AE,A0050816,00000020,000009D2
2515,90484600,0004FF79,000003D5,00000002,00010000,0015FF57,3C004E20,2801C4AE,A004E016,00000020,000009D3
2516,91630500,FFFEFF4F,000003D5,00000002,00000000,0014FF57,3C004E20,2801C4AE,A004C816,00000020,000009D4
2517,98314400,FFFFFF3A,000003D5,00000001,00000000,0014FF57,3C004E20,2801C4AE,A004B016,00000020,000009D5
2518,79922200,0002FF2E,000003D5,00000001,FFFF0000,0014FF57,3C004E20,2801C4AE,A0049816,00000020,000009D6
2519,96210800,FFFFFF0B,000003D5,00000001,FFFF0000,0014FF57,3C004E20,2801C4AE,A0048016,00000020,000009D7
2520,108200100,0001FEBD,000003D5,00000001,FFFF0000,0014FF57,3C004E20,2801D832,A0046016,00000020,000009D8
2521,94872800,0000FEC0,000003D5,00000001,FFFF0000,0013FF57,3C004E20,2801D832,A0044816,00000020,000009D9
2522,96752100,0000FEB7,000003D5,00000001,FFFE0000,0013FF57,3C004E20,2801D832,A00C2816,00000020,000009DA
2523,400201200,0062FEBC,000403D5,004F0000,FFFEFFFF,0013FF63,3C004E20,2801D832,A00C1016,00000020,000009DB
2524,63096700,00CAFEA8,000303D5,008F0000,FFFEFFFE,0013FF86,3C004E20,2801D832,A00C0016,00000020,000009DC
2525,88467100,00C8FEB8,000203D5,00C00000,FFFEFFFD,0012FFB8,3C004E20,2801D832,A00BF816,00000020,000009DD
2526,96627800,00D4FEB1,000103D5,00DA0000,FFFEFFFD,0012FFF3,3C004E20,2801D832,A00C0016,00000021,000009DE
2527,98571400,00DBFEEA,000103D5,00EA0000,FFFEFFFD,00120035,3C004E20,2801D832,A0040816,00000021,000009DF
2528,86625800,00E2FF20,000003D5,00EA0000,FFFEFFFC,00120078,3C004E20,2801D832,A0042016,00000021,000009E0
2529,93810100,00E9FF39,000103D5,00EB0000,FFFEFFFC,001200BB,3C004E20,2801D832,A0043816,00000021,000009E1
2530,80455900,00EDFF52,000003D5,00E10000,FFFFFFFC,001200FC,3C004E20,2801D832,A0046016,00000021,000009E2
2531,94065200,00EAFFAB,000003D5,00D9FFFF,FFFFFFFC,0011013B,3C004E20,2801D832,A0048816,00000021,000009E3
2532,100874700,00E60015,000003D5,00CDFFFF,FFFFFFFC,00120177,3C004E20,2801D832,A004C016,00000021,000009E4
2533,100327900,00DE00A2,000003D4,00C0FFFE,0000FFFC,001201B0,3C004E20,2801D832,A004F816,00000021,000009E5
2534,95923900,00D30100,000003D5,00B2FFFE,0000FFFC,001201E4,3C004E20,2801D832,A0054016,00000021,000009E6
2535,94668500,00CB015F,000003D5,00A2FFFE,0001FFFC,00120214,3C004E20,2801D832,A0059816,00000021,000009E7
2536,97166600,00B6018F,FFFF03D5,0095FFFE,0001FFFC,00130240,3C004E20,2801D832,A005F016,00000021,000009E8
2537,132504800,00A801C8,FFFF03D5,0086FFFF,0002FFFD,00130268,3C004E20,2801D832,A0065816,00000021,000009E9
2538,114242700,009B01DA,FFFF03D5,007AFFFF,0002FFFD,0013028C,3C004E20,2801D832,A006C816,00000021,000009EA
2539,115833600,008F01F3,FFFF03D5,006DFFFF,0002FFFD,FF1402AD,3C004E20,2BFDD832,A0073816,00000021,000009EB
2540,136971200,008101FB,FFFF03D5,0062FFFF,0003FFFD,FF1402CA,3C004E20,2BFDD832,A0076816,00000021,000009EC
2541,114309900,00780205,FFFF03D5,0057FFFF,0003FFFD,FF1402E4,3C004E20,2BFDD832,A0076816,00000021,000009ED
2542,108913200,006E020F,FFFF03D5,004F0000,0003FFFE,FF1502FC,3C004E20,2BFDD832,A0076816,00000021,000009EE
2543,107794900,00680214,FFFF03D5,00470000,0003FFFE,FF150311,3C004E20,2BFDD832,A0076816,00000021,000009EF
2544,94470700,0063021A,000003D5,00410000,0003FFFE,FF160324,3C004E20,2BFDD832,A0076816,00000021,000009F0
2545,130304500,0059021A,000003D5,003B0000,0003FFFE,FF160335,3C004E20,2BFDD832,B0076816,00000021,000009F1
2546,129989800,0057021D,000003D5,00380000,0003FFFE,FF170346,3C004E20,2BFDD832,B0076816,00000021,000009F2
2547,109418600,0050021E,000003D5,00350000,0003FFFE,FF170355,3C004E20,2BFDD832,B0076816,00000021,000009F3
2548,112859800,0056021D,000003D5,00330000,0003FFFE,FF170364,3C004E20,2BFDD832,B0076816,00000021,000009F4
2549,117479500,004C021E,000003D5,00320000,0003FFFE,FF180372,3C004E20,2BFDD832,B0076816,00000021,000009F5
2550,141024600,004E0255,000007D0,00320000,0003FFFE,FF180381,3C004E20,17FDEB3B,F2039816,00000020,000009F6
2551,114845200,00360239,FFFF07C6,00230000,0003FFFF,FF19038C,3C004E20,17FDEB3B,E2039816,00000020,000009F7
2552,110838200,002E00FE,FFFF07BC,00160002,0003FFFF,FF190394,3C004E20,17FDEB3B,E2039816,00000020,000009F8
2553,106173000,002DFF93,000007C6,000E0003,0002FFFF,FF190399,3C004E20,17FDEB3B,E2039816,00000020,000009F9
2554,92770900,0023FEBF,000007D0,00080004,0001FFFF,FF18039C,3C004E20,1401EB3B,E2039816,00000020,000009FA
2555,100347900,0021FE61,000007DA,00040003,0000FFFF,FF18039D,3C004E20,1401EB3B,E2039816,00000020,000009FB
2556,93336400,001AFE2C,000007E4,00020003,FFFFFFFF,FF18039E,3C004E20,1401EB3B,E2039816,00000020,000009FC
2557,102402000,0012FE0E,000007DA,00000002,FFFFFFFF,FF17039E,3C004E20,1401EB3B,E2038016,00000020,000009FD
2558,93159900,000FFDFE,000007D0,00000002,FFFE0000,FF17039E,3C004E20,1401EB3B,E2036816,00000020,000009FE
2559,79380500,000EFDF5,000007C6,FFFF0001,FFFE0000,FF16039E,3C004E20,1401EB3B,E2033816,00000020,000009FF
2560,89045900,0008FDEF,000007BC,FFFF0001,FFFD0000,FF16039E,3C004E20,1401EB3B,E2030016,00000020,00000A00
2561,89655500,0004FDEF,000007C6,FFFF0001,FFFD0000,FF16039E,3C004E20,1401EB3B,E202E816,00000020,00000A01
2562,94829800,0001FDF1,000007D0,FFFF0000,FFFD0000,0015039D,3C004E20,1401EB3B,E202D016,00000020,00000A02
2563,103404600,0006FDEF,000007DA,FFFF0000,FFFD0000,0015039D,3C004E20,1401EB3B,E202A016,00000020,00000A03
2564,97431000,FFFFFDF3,000007E4,FFFF0000,FFFD0000,0014039D,3C004E20,1401EB3B,D2028816,00000020,00000A04
2565,90922300,0000FDF4,000007DA,00000000,FFFD0000,0014039D,3C004E20,1401EB3B,D2027016,00000020,00000A05
2566,113878400,0004FDF5,000007D0,00000000,FFFD0000,0014039D,3C004E20,1401EB3B,D2025816,00000020,00000A06
2567,86397400,FFFDFDF7,000007C6,00000000,FFFD0000,0013039D,3C004E20,1401EB3B,D2023816,00000020,00000A07
2568,105535100,0001FDFD,000007BC,00000000,FFFD0000,0013039D,3C004E20,1401EB3B,D2022016,00000020,00000A08
2569,104514800,0002FDFC,000007C6,00000000,FFFD0000,0012039D,3C004E20,1401EB3B,D2022016,00000020,00000A09
2570,87924500,FFFEFDFD,000007D0,00000000,FFFD0000,0012039D,3C004E20,1401EB3B,D20A0816,00000020,00000A0A
2571,79503900,0020FE1D,000107DA,00150000,FFFD0000,001203A1,3C004E20,1405EB3B,D209F016,00000020,00000A0B
2572,84303200,0231FE92,019307E4,FF75FD35,009FFF4C,00110395,3C004E20,1405EB3B,D201D816,00000010,00000A0C
2573,94075900,FEB4FD0A,FFCF07DA,FF7EFE31,0139FF4D,0010036E,3C004E20,1401EB3B,D209D816,00000010,00000A0D
2574,98853400,FF6BFF20,FF0907D0,FF8BFE8C,01ADFF7A,00100347,3C004E20,17FDEB3B,D209C016,00000010,00000A0E
2575,88984500,FF60FE07,FF5607C6,0000FF88,01EEFFB6,00100338,3C004E20,17F9EB3B,D209A816,00000020,00000A0F
2576,101937300,FFC0FCDF,FFB607BC,00730077,01E7FFD8,000F034D,3C004E20,17F9EB3B,D2099016,00000020,00000A10
2577,84017200,020EFBA0,017507C6,010A021C,013CFF13,000E0382,3C004E20,17F9EB3B,92099016,00000010,00000A11
2578,91875300,FBBCFA87,FE5C07D0,012E03AA,FFD4FFF1,FF0E03DF,3C004E20,03FDEB3B,A1099016,00000010,00000A12
2579,92850300,01BB00AC,FF0807DA,014C0339,FEDA005D,FF0E042E,3C004E20,17F9EB3B,92099016,00000010,00000A13
2580,82955800,00F8F922,000407E4,017500F7,FE520060,FF0C0494,3C004E20,2BFDF5B1,900B2016,00000010,00000A14
2581,90193700,0073F800,002607DA,0185FF60,FE530050,FF090502,3C004E20,2BFDF5B1,900B3816,00000010,00000A15
2582,91034600,004EF800,002807D0,018DFE37,FEB4003C,FF080574,3C004E20,2BFDF5B1,90130816,00000010,00000A16
2583,95469100,00C8F800,005907C6,0128FE2A,FF4A0023,FF0505E1,3C004E20,2BFDF5B1,5012D816,00000010,00000A17
2584,109959300,0298F800,002B07BC,0053FEFF,FFAA0011,FF02060E,3C004E20,2BFDF5B1,6012B816,00000020,00000A18
2585,92747600,018AF800,001707C6,FFF9FF7F,FFDC0008,FF000613,3C004E20,2801F5B1,501A9016,00000000,00000A19
2586,89772000,00ECFA10,000B07D0,0000FFBF,FFF50004,00000613,3C004E20,2801F5B1,401A4816,00000000,00000A1A
2587,95026100,000EFFDF,000507DA,0000FFE3,00000002,00000613,3C004E20,2801F5B1,401A1016,00000000,00000A1B
2588,107363100,FFFDFFF0,000207E4,0000FFF6,00050001,00000613,3C004E20,2801F5B1,401A1016,00000000,00000A1C
2589,85140100,FFFEFFF8,000107DA,0000FFFF,00060001,00000613,3C004E20,2801F5B1,401A1016,00000000,00000A1D
2590,82583700,0000FFFD,000107D0,00000003,00060000,00000613,3C004E20,2801F5B1,401A1016,00000000,00000A1E
2591,82880600,00000001,000007C6,00000004,00040000,00000613,3C004E20,2801F5B1,401A1016,00000000,00000A1F
2592,83776400,00000000,000007BC,00000004,00030000,00000613,3C004E20,2801F5B1,401A1016,00000000,00000A20
2593,96137300,FFFF0001,000007C6,00000003,00020000,00000613,3C004E20,2801F5B1,401A1016,00000000,00000A21
2594,94105100,00010001,000007D0,00000002,00020000,00000613,3C004E20,2801F5B1,401A1016,00000000,00000A22
2595,88473700,00000001,000007DA,00000002,00010000,00000613,3C004E20,2801F5B1,401A1016,00000000,00000A23
2596,80804200,00000000,000007E4,00000001,00010000,00000613,3C004E20,2801F5B1,401A1016,00000000,00000A24
2597,99562900,00000000,000007DA,00000001,00000000,00000613,3C004E20,2801F5B1,401A1016,00000000,00000A25
2598,71484400,00000001,000007D0,00000000,00000000,00000613,3C004E20,2801F5B1,401A1016,00000000,00000A26
2599,106392500,00000000,000007C6,00000000,00000000,00000613,3C004E20,2801F5B1,401A1016,00000000,00000A27
2600,74814300,00000000,000007BC,00000000,00000000,00000613,3C004E20,2801F5B1,401A1016,00000000,00000A28
2601,141975000,0000FFFF,000007C6,00000000,00000000,00000613,3C004E20,2801F5B1,401A1016,00000000,00000A29
2602,117883800,00000001,000007D0,00000000,00000000,00000613,3C004E20,2801F5B1,401A1016,00000000,00000A2A
2603,101000200,00000000,000007DA,00000000,00000000,00000613,3C004E20,2801F5B1,401A1016,00000000,00000A2B
2604,120486800,00000000,000007E4,00000000,00000000,00000613,3C004E20,2801F5B1,401A1016,00000000,00000A2C
2605,133820900,00000000,000007DA,00000000,00000000,00000613,3C004E20,2801F5B1,401A1016,00000000,00000A2D
2606,117507900,00000000,000007D0,00000000,00000000,00000613,3C004E20,2801F5B1,401A1016,00000000,00000A2E
2607,136460300,00000000,000007C6,00000000,00000000,00000613,3C004E20,2801F5B1,401A1016,00000000,00000A2F
2608,126713400,00000000,000007BC,00000000,00000000,00000613,3C004E20,2801F5B1,401A1016,00000000,00000A30
2609,121128000,00000000,000007C6,00000000,00000000,00000613,3C004E20,2801F5B1,401A1016,00000000,00000A31
2610,136774600,00000000,000007D0,00000000,00000000,00000613,3C004E20,2801FB44,401A1016,00000000,00000A32
2611,101862500,00000000,000003D5,00000000,00000000,00000613,3C004E20,2801FB44,401A1016,00000000,00000A33
2612,111885500,00000000,000003D5,00000000,00000000,00000613,3C004E20,2801FB44,401A1016,00000000,00000A34
2613,97332500,00000000,000003D5,00000000,00000000,00000613,3C004E20,2801FB44,401A1016,00000000,00000A35
