sample_seq,host_gap_ns,reg0,reg1,reg2,reg3,reg4,reg5,reg6,reg7,reg8,reg9
1,0,00000000,000003D5,00000000,00000000,0000230B,3CFF8281,2BFCE494,4007F816,00000008,00000001
2,25685900,F800F800,0000F800,00000000,00000000,0000230B,3C0101E2,2BF8E494,4007F816,00000000,00000002
3,99381100,00000000,00000001,00000000,00000000,0000230B,3C0181F2,2BF4E494,4007F816,00000000,00000003
4,61088800,00000000,00000001,00000000,00000000,0000230B,3C0281B0,2BF0E494,4007F816,00000000,00000004
5,49602700,00000048,000005F4,00000001,00000000,00FF230B,3C0201A9,2BF8E494,5007F816,00000000,00000005
6,50559000,0000002D,000007FF,0000FFFF,00000000,0000230B,3C0101A4,2BFCE494,4007F816,00000000,00000006
7,190235400,00000144,0000077A,FFF5FFFF,00000000,0000230B,3C01817F,2BFCE494,4007F816,00000020,00000007
8,11014200,000301AD,000005EC,0007FFFE,00010000,0000230A,3C028193,2800E494,4007F816,00000020,00000008
9,51051900,FFFB01A3,000004DF,FFFAFFFF,00010000,0001230B,3C038184,2800E494,4007F816,00000020,00000009
10,50050300,00010184,00000437,0006FFFF,00020000,0001230C,3C0481C7,2800E494,4007F816,00000020,0000000A
11,50856700,FFFF01B0,000003D7,FFFAFFFF,00020000,0001230C,3C0601A2,2800E494,4007F816,00000020,0000000B
12,50585400,0006015C,000003A8,FFF70000,00020000,0002230B,3C07019F,2800E494,4007F816,00000020,0000000C
13,51057200,000201A4,00000396,FFED0000,00020000,00022309,3C088191,2800E494,4007F816,00000020,0000000D
14,82303000,FFF6018F,00000397,FFFC0000,00020000,0002230A,3C0981DC,2800E494,4007F816,00000020,0000000E
15,50237500,00010189,000003A0,00040000,00020000,0003230B,3C0B01B1,2800E494,4007F816,00000020,0000000F
16,48610000,00030192,000003AB,00010000,00020000,0003230B,3C0C0197,2800E494,5007F816,00000020,00000010
17,53003200,000101B2,000003B7,00000000,00020000,0003230C,3C0D81C9,2800E494,5007F816,00000020,00000011
18,49563600,00000185,000003C1,00000000,00020000,0003230C,3C0E81CB,2800E494,5007F816,00000020,00000012
19,50988300,000001A2,000003C8,00000000,00020000,0004230C,3C10019E,2800E494,5007F816,00000020,00000013
20,113438100,00000165,000003CE,00000000,00020000,0004230C,3C110197,2800E494,5007F816,00000020,00000014
21,16609500,00000170,000003D1,00000000,00020000,0004230C,3C1201A8,2800E494,5007F816,00000020,00000015
22,48021700,00000178,000003D4,00000000,00020000,0005230C,3C13019E,2800E494,5007F816,00000020,00000016
23,54636100,00000187,000003D5,00000000,00020000,0005230C,3C1481A2,2800E494,5007F816,00000020,00000017
24,46899900,00000186,000003D5,00000000,00020000,0005230C,3C1581B2,2800E494,6007F816,00000020,00000018
25,52905800,00000190,000003D6,00000000,00020000,0006230C,3C1701D9,2800E494,6007F816,00000020,00000019
26,50103700,0000018D,000003D6,00000000,00020000,0006230C,3C1801B0,2800E494,6007F816,00000020,0000001A
27,49930300,00000198,000003D6,00000000,00020000,0006230C,3C190183,2800E494,6007F816,00000020,0000001B
28,55214700,0000019C,000003D5,00000000,00020000,0007230C,3C1A81EF,2800E494,6007F816,00000020,0000001C
29,47608500,000001A7,000003D5,00000000,00020000,0007230C,3C1B819C,2800E494,6007F816,00000020,0000001D
30,51238600,000001B6,000003D5,00000000,00020000,0007230C,3C1D01B2,280126FC,6007F816,00000020,0000001E
31,121301800,000001C7,000003DA,00000000,00030000,0008230C,3C1E81A6,280126FC,6007F816,00000020,0000001F
32,13098500,000001A5,000003D5,00000000,00030000,0008230C,3C2001F6,280126FC,7007F816,00000020,00000020
33,51024800,00000077,000003D3,00000001,00020000,0008230C,3C20021F,280126FC,7007F816,00000020,00000021
34,52013800,0000011E,000003D3,00000000,00020000,0008230C,3C2101D2,280126FC,7007F816,00000020,00000022
35,49734600,0000022E,000003D3,0000FFFF,00020000,0009230C,3C22818C,280126FC,B007F816,00000020,00000023
36,51090900,000002B5,000003D4,0000FFFF,00030000,0009230C,3C2501E1,280126FC,9007F816,00000020,00000024
37,51573200,00000235,000003D5,00000000,00030000,000A230C,3C2681AB,280126FC,9007F816,00000020,00000025
38,48975900,0000022F,000003D5,0000FFFF,00030000,000A230C,3C2801B9,280126FC,9007F816,00000020,00000026
39,48254700,000001E4,000003D5,00000000,00030000,000A230C,3C298186,280126FC,9007F816,00000020,00000027
40,53516900,000001F2,000003D5,FFFF0000,00030000,000B230C,3C2B0195,280126FC,9007F816,00000020,00000028
41,197921200,000001C3,000003D5,FFFF0000,00030000,000B230B,3C2C81BF,280126FC,9007F816,00000020,00000029
42,10081700,000001DC,000003D5,00010000,00030000,000C230C,3C2E018C,280126FC,9007F816,00000020,0000002A
43,51460300,000001B9,000003D5,00010000,00030000,000C230C,3C2F0198,280126FC,9007F816,00000020,0000002B
44,53768100,000001D5,000003D5,FFFF0000,00030000,000C230C,3C308183,280126FC,9007F816,00000020,0000002C
45,50219700,000001B9,000003D5,00000000,00030000,000D230C,3C3201B5,280126FC,9007F816,00000020,0000002D
46,51450800,000001DA,000003D5,00000000,00030000,000D230C,3C3381AE,280126FC,9007F816,00000020,0000002E
47,50431300,000001C0,000003D5,00000000,00030000,000D230C,3C3501AB,280126FC,9007F816,00000020,0000002F
48,143241900,000001E1,000003D5,00000000,00030000,000E230C,3C360187,280126FC,9007F816,00000020,00000030
49,14850300,000001CC,000003D5,00000000,00030000,000E230C,3C37819F,280126FC,9007F816,00000020,00000031
50,51083500,000001EC,000003D5,00000000,00030000,000E230C,3C3901AD,280126FC,9007F816,00000020,00000032
51,50405300,000001DB,000003D5,00000000,00030000,000F230C,3C3A819E,280126FC,A007F816,00000020,00000033
52,50771600,000001FA,000003D5,00000000,00030000,000F230C,3C3C019D,2BFD26FC,A007F816,00000020,00000034
53,48967000,000001EE,000003D5,00000000,00030000,0010230C,3C3D81B7,2BFD26FC,A007F816,00000020,00000035
54,51894300,0000020D,000003D5,00000000,00030000,0010230C,3C3F01AB,2BFD26FC,A007F816,00000020,00000036
55,49444200,000001FE,000003D5,00000000,00030000,0010230C,3C4081D9,2BFD26FC,A007F816,00000020,00000037
56,50958200,00000212,000003D5,00000000,00030000,0011230C,3C4301F5,2BFD26FC,A007F816,00000020,00000038
57,50155600,00000204,000003D5,00000000,00030000,0011230C,3C440205,2BFD26FC,A007F816,00000020,00000039
58,49945100,00000215,000003D5,00000000,00030000,0012230C,3C46021D,2BFD26FC,A007F816,00000020,0000003A
59,50231000,0000020A,000003D5,00000000,00030000,0012230C,3C4781AA,2BFD26FC,A007F816,00000020,0000003B
60,49770500,00000214,000003D5,00000000,00030000,0012230C,3C488191,2BFD3BD0,A007F816,00000020,0000003C
61,50933000,0000020F,000003D5,00000000,00030000,0013230C,3C4A81E2,2BFD3BD0,A007F816,00000020,0000003D
62,50877900,00000213,000003D5,00000000,00030000,0013230C,3C4C01A0,2BFD3BD0,A007F816,00000020,0000003E
63,51970500,00000212,000003D5,00000000,00030000,0014230C,3C4E01C7,2BFD3BD0,A007F816,00000020,0000003F
64,53179000,00000215,000003D5,00000000,00030000,0014230C,3C4F01A0,2BFD3BD0,A007F816,00000020,00000040
65,49363500,00000216,000003D5,00000000,00030000,0015230C,3C5081A8,2BFD3BD0,A007F816,00000020,00000041
66,49822300,00000219,000003D5,00000000,00030000,0015230C,3C53020B,2BFD3BD0,A007F816,00000020,00000042
67,50268500,0000021B,000003D5,00000000,00030000,0015230C,3C5381B9,2BFD3BD0,A007F816,00000020,00000043
68,49421800,0000021D,000003D5,00000000,00030000,0016230C,3C5601BE,2BFD3BD0,A007F816,00000020,00000044
69,49382500,0000021E,000003D5,00000000,00030000,0016230C,3C5781B5,2BFD3BD0,B007F816,00000020,00000045
70,51177300,00000220,000003D5,00000000,00030000,0017230C,3C588259,2BFD3BD0,B007F816,00000020,00000046
71,51568800,0000021F,000003D5,00000000,00030000,0017230C,3C5A81A0,2BFD3BD0,B007F816,00000020,00000047
72,55858100,0000021E,000003D5,00000000,00030000,0018230C,3C5C81A6,2BFD3BD0,B007F816,00000020,00000048
73,52535900,00000257,000003D4,00000000,00030000,0018230C,3C5E01A9,2BFD3BD0,F007F816,00000020,00000049
74,44794700,0000025B,000003D5,00000000,00030000,0018230C,3C6081CF,2BFD3BD0,E007F816,00000020,0000004A
75,50116400,0000020B,000003D5,00000000,00030000,0019230C,3C61819F,2BFD3BD0,E007F816,00000020,0000004B
76,50702900,000001D7,000003D5,00000000,00030000,0019230C,3C630197,2BFD3BD0,E007F816,00000020,0000004C
77,50779700,000001B3,000003D5,00000001,00030000,001A230C,3C658220,2BFD3BD0,E007F816,00000020,0000004D
78,50760900,0000019C,000003D5,00000001,00030000,001A230C,3C658192,2BFD3BD0,E007F816,00000020,0000004E
79,51358000,0000018D,000003D5,00000001,00030000,001A230C,3C6681A1,2BFD3BD0,E007F816,00000020,0000004F
80,49062300,00000182,000003D5,00000000,00030000,001A230C,3C67819D,2BFD3BD0,E007F816,00000020,00000050
81,50348800,0000017B,000003D5,00000000,00030000,001B230C,3C6881AA,2BFD3BD0,E007F816,00000020,00000051
82,49488200,00000178,000003D5,00000000,00020000,001B230C,3C6A81AC,2BFD3BD0,E007F816,00000020,00000052
83,52039900,00000176,000003D5,00000000,00020000,001B230C,3C6C01E1,2BFD3BD0,E007F816,00000020,00000053
84,49434500,00000173,000003D5,00000000,00020000,001C230C,3C6C01A4,2BFD3BD0,E007F816,00000020,00000054
85,51175000,00000174,000003D5,00000000,00020000,001C230C,3C6D8195,2BFD3BD0,E007F816,00000020,00000055
86,48906100,00000172,000003D5,00000000,00020000,001C230C,3C6E8199,2BFD3BD0,E007F816,00000020,00000056
87,50104500,00000173,000003D5,00000000,00020000,001C230C,3C7001C4,2BFD3BD0,E007F816,00000020,00000057
88,51367300,00000174,000003D5,00000000,00020000,001D230C,3C70818C,2BFD3BD0,E007F816,00000020,00000058
89,49181600,00000174,000003D5,00000000,00020000,001D230C,3C7201C5,2BFD3BD0,E007F816,00000020,00000059
90,50007500,00000173,000003D5,00000000,00020000,001D230C,3C73019F,2BFD4DE8,E007F816,00000020,0000005A
91,50914800,00000173,000003D5,00000000,00020000,001E230C,3C74018B,2BFD4DE8,E007F816,00000020,0000005B
92,51664700,00000176,000003D5,00000000,00020000,001E230C,3C7601C9,2BFD4DE8,E007F816,00000020,0000005C
93,51910300,00000176,000003D5,00000000,00020000,001E230C,3C7681BF,2BFD4DE8,E007F816,00000020,0000005D
94,49216400,00000176,000003D5,00000000,00020000,001F230C,3C7781C1,2BFD4DE8,E007F816,00000020,0000005E
95,48963000,00000178,000003D5,00000000,00020000,001F230C,3C78819A,2BFD4DE8,E007F816,00000020,0000005F
96,49776900,00000178,000003D5,00000000,00020000,001F230C,3C7A01A6,2BFD4DE8,E007F816,00000020,00000060
97,51176900,00000178,000003D5,00000000,00020000,001F230C,3C7B81BE,2BFD4DE8,E007F816,00000020,00000061
98,51580600,0000017A,000003D5,00000000,00020000,0020230C,3C7C01D1,2BFD4DE8,E007F816,00000020,00000062
99,51078100,00000179,000003D5,00000000,00020000,0020230C,3C7E01BC,2BFD4DE8,F007F816,00000020,00000063
100,50687500,00000179,000003D5,00000000,00020000,0020230C,3C7E018D,2BFD4DE8,F007F816,00000020,00000064
101,51585500,0000017A,000003D5,00000000,00020000,0021230C,3C8001B8,2BFD4DE8,F007F816,00000020,00000065
102,50586200,00000178,000003D5,00000000,00020000,0021230C,3C8101DC,2BFD4DE8,F007F816,00000020,00000066
103,50105500,00000179,000003D5,00000000,00020000,0021230C,3C8201DB,2BFD4DE8,F007F816,00000020,00000067
104,51372300,00000178,000003D5,00000000,00020000,0021230C,3C830190,2BFD4DE8,F007F816,00000020,00000068
105,49778000,00000178,000003D5,00000000,00020000,0022230C,3C838190,2BFD4DE8,F007F816,00000020,00000069
106,52741100,00000178,000003D5,00000000,00020000,0022230C,3C8501AE,2BFD4DE8,F007F816,00000020,0000006A
107,50687000,00000175,000003D5,00000000,00020000,0022230C,3C8601A2,2BFD4DE8,F007F816,00000020,0000006B
108,48220700,00000195,000003D5,00000000,00020000,0023230C,3C8801B9,2BFD4DE8,F007F816,00000020,0000006C
109,51384400,00000194,000003D5,00000000,00020000,0023230C,3C8901B4,2BFD4DE8,E007F816,00000020,0000006D
110,51398900,00000157,000003D5,00000000,00020000,0023230C,3C89819C,2BFD4DE8,E007F816,00000020,0000006E
111,50351200,00000133,000003D5,00000000,00020000,0023230C,3C8C01E4,2BFD4DE8,E007F816,00000020,0000006F
112,49651800,00000118,000003D5,00000000,00020000,0024230C,3C8C019F,2BFD4DE8,E007F816,00000020,00000070
113,51924900,00000103,000003D5,00000000,00020000,0024230C,3C8C81A9,2BFD4DE8,E007F816,00000020,00000071
114,49763300,000000FC,000003D5,00000000,00020000,0024230C,3C8E01BB,2BFD4DE8,E007F816,00000020,00000072
115,51431800,000000F4,000003D5,00000000,00020000,0024230C,3C8E01AA,2BFD4DE8,E007F816,00000020,00000073
116,49932800,000000EC,000003D5,00000000,00020000,0024230C,3C8F01B8,2BFD4DE8,E007F816,00000020,00000074
117,49147700,000000EB,000003D5,00000000,00020000,0025230C,3C8F01B9,2BFD4DE8,E007F816,00000020,00000075
118,51178100,000000E6,000003D5,00000000,00020000,0025230C,3C9081B0,2BFD4DE8,E007F816,00000020,00000076
119,50389700,000000E6,000003D5,00000000,00020000,0025230C,3C90819C,2BFD4DE8,E007F816,00000020,00000077
120,49948500,000000E3,000003D5,00000000,00020000,0025230C,3C9181BD,2BFD5FA3,E007F816,00000020,00000078
121,51388000,000000E5,000003D5,00000000,00010000,0025230C,3C918188,2BFD5FA3,E007F816,00000020,00000079
122,50804300,000000E3,000003D5,00000000,00010000,0025230C,3C92819B,2BFD5FA3,E007F816,00000020,0000007A
123,50582200,000000E4,000003D5,00000000,00010000,0026230C,3C9301D4,2BFD5FA3,E007F816,00000020,0000007B
124,51459900,000000E4,000003D5,00000000,00010000,0026230C,3C940199,2BFD5FA3,E007F816,00000020,0000007C
125,52336700,000000E4,000003D5,00000000,00010000,0026230C,3C9601CC,2BFD5FA3,E007F816,00000020,0000007D
126,50100100,000000E3,000003D5,00000000,00010000,0026230C,3C9601A6,2BFD5FA3,E007F816,00000020,0000007E
127,50750700,000000E4,000003D5,00000000,00010000,0026230C,3C968199,2BFD5FA3,E007F816,00000020,0000007F
128,49956400,000000E4,000003D5,00000000,00010000,0027230C,3C968189,2BFD5FA3,E007F816,00000020,00000080
129,50809100,000000E4,000003D5,00000000,00010000,0027230C,3C970188,2BFD5FA3,E007F816,00000020,00000081
130,51287000,000000E4,000003D5,00000000,00010000,0027230C,3C988198,2BFD5FA3,E007F816,00000020,00000082
131,50722700,000000E4,000003D5,00000000,00010000,0027230C,3C9901B2,2BFD5FA3,E007F816,00000020,00000083
132,50937800,000000E4,000003D5,00000000,00010000,0027230C,3C9B8258,2BFD5FA3,E007F816,00000020,00000084
133,52072200,000C00E4,000003D5,00080000,00010000,0027230D,3C9A81A4,2BFD5FA3,E007F816,00000020,00000085
134,49493300,001500DD,000003D5,00100000,00010000,00282311,3C9B01C8,2BFD5FA3,E007F816,00000020,00000086
135,50665300,001B00B0,000003D5,00180000,00010000,00282317,3C9B81AD,2BFD5FA3,E007F816,00000020,00000087
136,50288300,00230047,000003D5,001E0001,00010000,FF28231F,3C9C0196,2BFD5FA3,E007F816,00000020,00000088
137,49357200,002CFFF4,000003D5,00240001,0001FFFF,FF282328,3C9B0183,28015FA3,E007F816,00000020,00000089
138,50402200,0036FFC0,000103D5,00290001,0001FFFF,FF282333,3C9C81C8,28015FA3,E007F816,00000020,0000008A
139,50684700,0041FFA4,000103D5,002D0001,0000FFFF,FF282340,3C9B019D,28015FA3,E007F816,00000020,0000008B
140,49950200,004CFF96,000103D5,00320001,0000FFFF,FF27234E,3C9B019D,28015FA3,E007F816,00000020,0000008C
141,49722800,0057FF6E,000103D5,00360001,0000FFFF,FF27235D,3C9C820C,28015FA3,E007F816,00000020,0000008D
142,51311900,0061FF1A,000103D5,00390001,0000FFFF,FF27236D,3C998185,28015FA3,E007B816,00000020,0000008E
143,50271400,006CFF0D,000103D5,003D0001,FFFFFFFE,FF27237E,3C9881AD,28015FA3,E0078016,00000020,0000008F
144,51505700,0077FF0E,000103D5,00400001,FFFFFFFE,FF272390,3C9901CF,28015FA3,E0074816,00000020,00000090
145,51606700,0081FEEE,000103D5,00440001,FFFFFFFE,FF2723A3,3C9801B5,28015FA3,E0071816,00000020,00000091
146,50581500,0089FE8C,000103D5,00470001,FFFFFFFE,FF2623B7,3C97821B,28015FA3,E006E816,00000020,00000092
147,50690900,0093FE7C,000103D5,004B0001,FFFEFFFE,FF2623CC,3C950190,28015FA3,E006B816,00000020,00000093
148,50947900,009EFE7B,000103D5,004F0001,FFFEFFFE,FF2623E2,3C9481A5,28015FA3,E0069016,00000020,00000094
149,50253600,00A8FE7C,000103D5,00530000,FFFEFFFD,FF2523FA,3C9401E7,28015FA3,E0066816,00000020,00000095
150,50378500,00B1FE7C,000103D5,00570000,FFFEFFFD,FF252412,3C9201A8,280170EB,E0064016,00000020,00000096
151,49329400,00BBFE7E,000103D5,005B0000,FFFEFFFD,FF25242C,3C900189,280170EB,E0061816,00000020,00000097
152,51159200,00C4FE7C,000103D5,005F0000,FFFEFFFD,FF242446,3C8F81A6,280170EB,E005F816,00000020,00000098
153,51441100,00CEFE7E,000103D5,00630000,FFFEFFFD,FF242462,3C8F01E1,280170EB,E005D816,00000020,00000099
154,50677800,00D7FE80,000103D5,00680000,FFFEFFFC,FF24247F,3C8D01C9,280170EB,E005B816,00000020,0000009A
155,52196200,00E0FE7F,000103D5,006C0000,FFFEFFFC,FF23249E,3C8B818A,280170EB,E005A016,00000020,0000009B
156,50566700,00E8FE65,000003D5,00700000,FFFEFFFC,FF2324BE,3C8B01B5,280170EB,E0058816,00000020,0000009C
157,49513100,00EFFE00,000003D5,00750001,FFFEFFFC,FF2324DF,3C88818F,280170EB,E0056816,00000020,0000009D
158,49778900,00F9FDF2,000003D5,007A0001,FFFEFFFC,FF222501,3C878195,280170EB,E0055016,00000020,0000009E
159,50439700,0103FDF1,000103D4,007E0001,FFFDFFFC,FF222525,3C8601A7,280170EB,E0053816,00000020,0000009F
160,51508400,010CFDF6,000103D4,00830000,FFFDFFFC,FF21254A,3C83819C,280170EB,E0052816,00000020,000000A0
161,50277300,0115FDF4,000003D4,00870000,FFFDFFFB,FF212570,3C8381C5,280170EB,E0051016,00000020,000000A1
162,50475300,011DFDF5,000003D4,008C0000,FFFDFFFB,FF212597,3C80819E,280170EB,E0050816,00000020,000000A2
163,50523400,0128FE20,000103D4,00900000,FFFDFFFB,FF2025C0,3C7F8196,280170EB,E004F816,00000020,000000A3
164,50004200,0131FE86,000003D4,00940000,FFFDFFFB,FF2025EA,3C7E018F,280170EB,E004E816,00000020,000000A4
165,50618500,0137FE88,000003D4,00970000,FFFDFFFB,FF202615,3C7D0193,280170EB,E004E016,00000020,000000A5
166,51261400,013BFE8D,000003D5,009B0000,FFFEFFFB,FF1F2641,3C7B818D,280170EB,E004D816,00000020,000000A6
167,49935900,0140FE8C,000003D5,009E0000,FFFEFFFA,FF1F266E,3C7A8199,280170EB,E004D016,00000020,000000A7
168,49992800,0144FE8F,000003D5,00A10000,FFFEFFFA,FF1F269C,3C79819A,280170EB,E004C816,00000020,000000A8
169,51801800,0148FE8F,000003D5,00A30000,FFFEFFFA,FF1F26CA,3C7901C5,280170EB,E004C016,00000020,000000A9
170,50760500,014BFE90,000003D5,00A50000,FFFEFFFA,FF1E26F9,3C7801AD,280170EB,E004C016,00000020,000000AA
171,51017000,014EFE91,000003D5,00A70000,FFFEFFFA,FF1E2729,3C7701CD,280170EB,E004B816,00000020,000000AB
172,51129300,014FFE95,000003D5,00A80000,FFFEFFFA,FF1E2759,3C7581D1,280170EB,D004B816,00000020,000000AC
173,51540600,0151FE91,000003D5,00A90000,FFFEFFFA,FF1D2789,3C740190,280170EB,D004B816,00000020,000000AD
174,50137500,0152FE95,000003D5,00AA0000,FFFEFFFA,FF1D27BA,3C7381C7,280170EB,D004B816,00000020,000000AE
175,51587800,0152FE96,000003D5,00AB0000,FFFEFFFA,FF1D27EB,3C7281FB,280170EB,D004B816,00000020,000000AF
176,48899800,0152FE95,000003D5,00AB0000,FFFEFFFA,FF1C281C,3C7081DF,280170EB,D004C016,00000020,000000B0
177,50656000,0150FE9A,000003D5,00AB0000,FFFEFFFA,FF1C284D,3C6F0182,280170EB,D004C016,00000020,000000B1
178,51842600,014EFE99,000003D5,00AB0000,FFFEFFFA,FF1C287E,3C700210,280170EB,D004C816,00000020,000000B2
179,52026700,014CFE99,000003D5,00AB0000,FFFEFFFA,FF1C28AF,3C6D018C,280170EB,D004C816,00000020,000000B3
180,48584100,0149FE9B,000003D5,00AA0000,FFFEFFFA,FF1B28E0,3C6D01C9,28018196,D004D016,00000020,000000B4
181,50687600,0148FECA,000003D4,00A90000,FFFEFFFA,FF1B2910,3C6B018D,28018196,D004D816,00000020,000000B5
182,51090600,0145FF2B,000003D4,00A70000,FFFEFFFA,FF1B2940,3C6A81A2,28018196,D004E816,00000020,000000B6
183,55035200,013EFF2E,000003D5,00A50000,FFFEFFFA,FF1B2970,3C6A81CE,28018196,D004F816,00000020,000000B7
184,159058800,0136FF31,000003D5,00A30000,FFFEFFFA,FF1B299F,3C690190,28018196,D0050816,00000020,000000B8
185,12655300,0130FF31,000003D5,00A00000,FFFFFFFA,FF1A29CD,3C6881B5,28018196,D0051816,00000020,000000B9
186,49098100,0128FF34,000003D5,009C0000,FFFFFFFA,FF1A29FA,3C6881CC,28018196,D0053016,00000020,000000BA
187,50336900,0121FF32,000003D5,00990000,FFFFFFFB,FF1A2A26,3C6781E9,28018196,D0054016,00000020,000000BB
188,50096800,0118FF35,000003D5,00940000,FFFFFFFB,FF1A2A51,3C6701F2,28018196,D0055816,00000020,000000BC
189,51221600,0110FF35,FFFF03D5,00900000,FFFFFFFB,FF1A2A7B,3C6581AA,28018196,D0057816,00000020,000000BD
190,50714000,0108FF62,000003D5,008C0000,FFFFFFFB,FF1A2AA3,3C65819E,28018196,D0059016,00000020,000000BE
191,50477400,0100FFAA,FFFF03D5,00870000,FFFFFFFB,FF1A2ACA,3C65019B,28018196,D005B016,00000020,000000BF
192,49403000,00F4FFAE,FFFF03D5,00820000,FFFFFFFB,FF1A2AF0,3C6581A9,28018196,D005D816,00000020,000000C0
193,51384900,00ECFFAA,FFFF03D5,007C0000,FFFFFFFB,FF1A2B14,3C6501AA,28018196,D005F816,00000020,000000C1
194,54139600,00E0FFB1,FFFF03D5,00770000,FFFFFFFC,FF192B37,3C640198,28018196,D0062016,00000020,000000C2
195,47808700,00D6FFC0,FFFF03D5,00720000,FFFFFFFC,FF192B58,3C640192,28018196,D0064816,00000020,000000C3
196,51320200,00CEFFDA,FFFF03D5,006C0000,0000FFFC,FF192B78,3C6401B6,28018196,D0067816,00000020,000000C4
197,51442100,00C30007,FFFF03D5,00670000,0000FFFC,FF192B96,3C6481A6,28018196,D006A816,00000020,000000C5
198,122759400,00B9002C,FFFF03D5,0062FFFF,0000FFFC,FF192BB2,3C64819B,28018196,D006E016,00000020,000000C6
199,14292600,00AE004C,FFFF03D5,005DFFFF,0000FFFC,FF1A2BCE,3C6501AA,28018196,D0071816,00000020,000000C7
200,49584400,00A60060,FFFF03D5,0058FFFF,0000FFFD,FF1A2BE7,3C64818E,28018196,D0075816,00000020,000000C8
201,50322500,009D0070,FFFF03D5,00530000,0000FFFD,FF1A2BFF,3C65018C,28018196,D0079016,00000020,000000C9
202,50891500,0094007E,FFFF03D5,004E0000,0000FFFD,FF1A2C16,3C658203,28018196,D007D816,00000020,000000CA
203,49759000,008C0087,FFFF03D5,00490000,0001FFFD,FF1A2C2C,3C6601CB,28018196,D007F816,00000020,000000CB
204,50518600,0085008D,000003D5,00450000,0001FFFD,FF1A2C40,3C6701B6,28018196,D007F816,00000020,000000CC
205,50584100,007E0093,000003D5,00410000,0001FFFD,FF1A2C53,3C6701C1,28018196,D007F816,00000020,000000CD
206,50450600,00770097,000003D5,003D0000,0001FFFE,FF1A2C65,3C6701A3,28018196,D007F816,00000020,000000CE
207,51865000,00720097,000003D5,003A0000,0001FFFE,FF1A2C76,3C67819D,28018196,D007F816,00000020,000000CF
208,50781200,006A00A0,000003D5,00370000,0001FFFE,FF1A2C86,3C6901E4,28018196,D007F816,00000020,000000D0
209,50576000,0067009D,000003D5,00340000,0001FFFE,FF1B2C95,3C6881A0,28018196,D007F816,00000020,000000D1
210,49460300,006200A0,000003D5,00320000,0001FFFE,FF1B2CA3,3C6A0205,280192AC,D007F816,00000020,000000D2
211,48661900,005E00A2,000003D5,00300000,0001FFFE,FF1B2CB1,3C69818A,280192AC,D007F816,00000020,000000D3
212,51272700,005A00A2,000003D5,002E0000,0001FFFE,FF1B2CBF,3C6A81C1,280192AC,D007F816,00000020,000000D4
213,51752600,005700A5,000003D5,002D0000,0001FFFE,FF1B2CCC,3C6B81E0,280192AC,D007F816,00000020,000000D5
214,50933400,005500A4,000003D5,002C0000,0001FFFE,FF1B2CD8,3C6B0198,280192AC,D007F816,00000020,000000D6
215,50496100,005300A5,000003D5,002C0000,0001FFFE,FF1B2CE5,3C6B81A1,280192AC,D007F816,00000020,000000D7
216,50310000,005100A8,000003D5,002B0000,0001FFFE,FF1B2CF1,3C6D821B,280192AC,D007F816,00000020,000000D8
217,52772000,005200A6,000003D5,002C0000,0001FFFE,FF1C2CFE,3C6C818D,280192AC,D007F816,00000020,000000D9
218,51551100,004F00AB,000003D5,002C0000,0001FFFE,FF1C2D0A,3C6D81D1,280192AC,D007F816,00000020,000000DA
219,50084400,005000AA,000003D5,002C0000,0001FFFE,FF1C2D17,3C6D8193,280192AC,D007F816,00000020,000000DB
220,51910900,005100A9,000003D5,002D0000,0001FFFE,FF1C2D24,3C6F01D3,280192AC,D007F816,00000020,000000DC
221,51017600,005100AC,000003D5,002E0000,0001FFFE,FF1C2D31,3C6E8186,280192AC,D007F816,00000020,000000DD
222,50881400,005200AD,000003D5,002F0000,0001FFFE,FF1C2D3E,3C708217,280192AC,D007F816,00000020,000000DE
223,50196300,005400AB,000003D5,00300000,0001FFFE,FF1C2D4C,3C71020E,280192AC,D007F816,00000020,000000DF
224,49930100,005500AD,000003D5,00310000,0001FFFE,FF1D2D5A,3C7101BB,280192AC,D007F816,00000020,000000E0
225,49876000,005700AF,000003D5,00330000,0001FFFE,FF1D2D68,3C7181C7,280192AC,D007F816,00000020,000000E1
226,50845400,005A00AF,000003D5,00340000,0001FFFE,FF1D2D77,3C710194,280192AC,D007F816,00000020,000000E2
227,49779500,005D00AF,000003D5,00360000,0001FFFE,FF1D2D86,3C7201AF,280192AC,D007F816,00000020,000000E3
228,50520900,005F00B1,000003D5,00380000,0001FFFE,FF1D2D96,3C7201A7,280192AC,D007F816,00000020,000000E4
229,51880900,006200B2,000003D5,003A0000,0001FFFE,FF1D2DA6,3C7301B1,280192AC,D007F816,00000020,000000E5
230,49397400,006600B1,000003D5,003B0000,0001FFFE,FF1D2DB7,3C7401B8,280192AC,D007F816,00000020,000000E6
231,50127000,006900B4,000003D5,003D0000,0001FFFE,FF1E2DC8,3C7481E8,280192AC,D007F816,00000020,000000E7
232,51451400,006D00B2,000003D5,003F0000,0001FFFE,FF1E2DDA,3C748198,280192AC,D007F816,00000020,000000E8
233,50411900,007100B5,000003D5,00410000,0001FFFE,FF1E2DED,3C748185,280192AC,D007D816,00000020,000000E9
234,50928600,007400B6,000003D5,00430000,0001FFFE,FF1E2E00,3C75818A,280192AC,D007B016,00000020,000000EA
235,50204300,007900B5,000003D5,00450000,0001FFFE,FF1E2E14,3C7681A3,280192AC,D0079816,00000020,000000EB
236,49964400,007C00B8,000003D5,00470000,0001FFFE,FF1E2E28,3C76819A,280192AC,D0077816,00000020,000000EC
237,50955500,008200B6,000003D5,00490000,0001FFFE,FF1E2E3D,3C7781A4,280192AC,E0076016,00000020,000000ED
238,53185500,008500B9,000003D5,004B0000,0001FFFE,FF1F2E52,3C77818F,280192AC,E0074816,00000020,000000EE
239,51021200,008900BA,000003D5,004D0000,0001FFFE,FF1F2E68,3C7901FD,280192AC,E0073016,00000020,000000EF
240,49517000,008F00B8,000003D5,00500000,0001FFFE,FF1F2E7F,3C7901A4,2801A1CA,E0071816,00000020,000000F0
241,48745800,009100BC,000003D5,00520000,0001FFFD,FF1F2E96,3C79819A,2801A1CA,E0070016,00000020,000000F1
242,51872500,009700B7,000003D5,00530000,0001FFFD,FF1F2EAD,3C7A81AB,2801A1CA,E006E816,00000020,000000F2
243,50307000,009B008C,000003D5,00550000,0001FFFD,FF1F2EC6,3C7A01CC,2801A1CA,E006D816,00000020,000000F3
244,51114400,00A1003B,000003D5,00560001,0001FFFD,FF1F2EDE,3C7A0187,2801A1CA,E006C016,00000020,000000F4
245,50780000,00A6FFF6,000003D5,00580001,0001FFFD,FF1F2EF7,3C7A8193,2801A1CA,E006A816,00000020,000000F5
246,52649800,00A9FFD0,000003D5,00590001,0000FFFD,FF1F2F11,3C7A81BA,2801A1CA,E0069816,00000020,000000F6
247,50561000,00ADFF9A,000003D5,005B0001,0000FFFD,FF1F2F2A,3C7A0197,2801A1CA,E0068016,00000020,000000F7
248,50794100,00AFFF40,000003D5,005C0001,0000FFFD,FF1F2F45,3C7A01AD,2801A1CA,E0067016,00000020,000000F8
249,50173300,00B4FF31,000003D5,005E0001,0000FFFD,FF1F2F60,3C7981C4,2801A1CA,E0065816,00000020,000000F9
250,50135400,00B9FF2C,000003D5,00600001,FFFFFFFD,FF1E2F7B,3C78819F,2801A1CA,E0064816,00000020,000000FA
251,50579500,00BBFF2C,000003D5,00620001,FFFFFFFD,FF1E2F97,3C770191,2801A1CA,E0063816,00000020,000000FB
252,50215900,00C1FF28,000003D5,00640000,FFFFFFFD,FF1E2FB3,3C76819D,2801A1CA,E0062816,00000020,000000FC
253,54024900,00C4FF29,000003D5,00660000,FFFFFFFD,FF1E2FD0,3C76819D,2801A1CA,D0061816,00000020,000000FD
254,47660200,00C7FF29,000003D5,00680000,FFFFFFFD,FF1E2FEE,3C758190,2801A1CA,D0060816,00000020,000000FE
255,55615500,00C9FF2B,000003D5,006A0000,FFFFFFFC,FF1E300C,3C74819A,2801A1CA,D005F816,00000020,000000FF
256,48268400,00CEFF28,000003D5,006C0000,FFFFFFFC,FF1D302B,3C7501B7,2801A1CA,D005F016,00000020,00000100
257,51406900,00D0FF2B,000003D5,006E0000,FFFFFFFC,FF1D304B,3C73819E,2801A1CA,D005E816,00000020,00000101
258,49806600,00D4FF29,000003D5,00700000,FFFFFFFC,FF1D306B,3C740204,2801A1CA,D005D816,00000020,00000102
259,49594300,00D5FF2C,000003D5,00720000,FFFFFFFC,FF1D308B,3C7301B6,2801A1CA,D005D816,00000020,00000103
260,50692500,00D8FF2D,000003D5,00730000,FFFFFFFC,FF1D30AC,3C71818A,2801A1CA,D005D016,00000020,00000104
261,50210900,00DBFF2B,000003D5,00750000,FFFFFFFC,FF1D30CD,3C7101A6,2801A1CA,D005C816,00000020,00000105
262,50479600,00DCFF2D,000003D5,00760000,FFFFFFFC,FF1C30EF,3C72025F,2801A1CA,D005C016,00000020,00000106
263,51048800,00DEFF2D,000003D5,00770000,FFFFFFFC,FF1C3111,3C7101F2,2801A1CA,D005C016,00000020,00000107
264,50985600,00DFFF2E,000003D5,00780000,FFFFFFFC,FF1C3133,3C6F01DD,2801A1CA,D005B816,00000020,00000108
265,51088200,00E1FF2E,000003D5,00790000,FFFFFFFC,FF1C3156,3C6E819B,2801A1CA,D005B816,00000020,00000109
266,51024900,00E2FF2E,000003D5,007A0000,FFFFFFFC,FF1C3179,3C6E0199,2801A1CA,D005B816,00000020,0000010A
267,54220100,00E0FF32,000003D5,007A0000,FFFFFFFC,FF1C319C,3C6D01A6,2801A1CA,D005B816,00000020,0000010B
268,48797400,00E3FF2E,000003D5,007B0000,FFFFFFFC,FF1B31BF,3C6C81AF,2801A1CA,D005B816,00000020,0000010C
269,49193600,00E0FF33,000003D5,007B0000,FFFFFFFC,FF1B31E2,3C6B818F,2801A1CA,D005B816,00000020,0000010D
270,51596900,00E2FF30,000003D5,007B0000,FFFFFFFC,FF1B3205,3C6B0195,2801B005,D005C016,00000020,0000010E
271,52279000,00E2FF5D,000003D5,007B0000,FFFFFFFC,FF1B3228,3C6A8182,2801B005,D005C016,00000020,0000010F
272,50585300,00E0FFA7,000003D5,007A0000,FFFFFFFC,FF1B324B,3C6B01C2,2801B005,D005C816,00000020,00000110
273,50041000,00DFFFA7,000003D5,007A0000,FFFFFFFC,FF1B326E,3C6A01A7,2801B005,D005D016,00000020,00000111
274,50322700,00DDFFA8,000003D5,00790000,FFFFFFFC,FF1B3291,3C6A01D2,2801B005,D005E016,00000020,00000112
275,49409300,00D9FFA9,000003D5,00780000,FFFFFFFC,FF1B32B4,3C6981CA,2801B005,D005E816,00000020,00000113
276,51695900,00D9FFA8,000003D5,00770000,FFFFFFFC,FF1B32D6,3C69019E,2801B005,D005F016,00000020,00000114
277,51647200,00D4FFAA,000003D5,00760000,FFFFFFFC,FF1B32F8,3C6901BD,2801B005,D005F816,00000020,00000115
278,50771200,00D3FFA9,000003D5,00740000,FFFFFFFC,FF1B3319,3C6901AC,2801B005,D0060816,00000020,00000116
279,50174200,00CFFFAB,000003D5,00730000,0000FFFC,FF1A333A,3C6981DF,2801B005,D0061016,00000020,00000117
280,49107200,00CFFFA9,000003D5,00710000,0000FFFC,FF1A335B,3C6901BF,2801B005,D0062016,00000020,00000118
281,50786400,00C6FFC0,000003D5,006F0000,0000FFFC,FF1A337B,3C680191,2801B005,D0063016,00000020,00000119
282,49277000,00C8FFD8,000003D5,006D0000,0000FFFC,FF1A339A,3C6801B7,2801B005,D0064016,00000020,0000011A
283,49878700,00C40001,000003D5,006C0000,0000FFFC,FF1A33B9,3C6781A3,2801B005,D0065016,00000020,0000011B
284,50921000,00BE002D,000003D5,006A0000,0000FFFC,FF1A33D8,3C6881D6,2801B005,D0066016,00000020,0000011C
285,50199900,00BC004A,000003D5,0069FFFF,0000FFFC,FF1A33F6,3C6881AF,2801B005,D0067016,00000020,0000011D
286,50299500,00B80062,000003D5,0067FFFF,0000FFFD,FF1B3414,3C6981E2,2801B005,D0068816,00000020,0000011E
287,51163900,00B20075,000003D5,00650000,0000FFFD,FF1B3431,3C6881A3,2801B005,D0069816,00000020,0000011F
288,50836100,00B10080,000003D5,00630000,0000FFFD,FF1B344D,3C690196,2801B005,D006B016,00000020,00000120
289,51034000,00AE0089,000003D5,00610000,0001FFFD,FF1B3469,3C698190,2801B005,D006C016,00000020,00000121
290,52120900,00A90093,000003D5,005F0000,0001FFFD,FF1B3485,3C6A01AF,2801B005,D006D816,00000020,00000122
291,52056300,00A80096,000003D5,005D0000,0001FFFD,FF1B34A0,3C6A818B,2801B005,D006E816,00000020,00000123
292,49730200,00A5009C,000003D5,005B0000,0001FFFD,FF1B34BA,3C6C01ED,2801B005,D006F816,00000020,00000124
293,52449900,00A3009E,000003D5,00590000,0001FFFD,FF1B34D4,3C6B81A6,2801B005,D0070816,00000020,00000125
294,50795600,00A000A1,000003D5,00570000,0001FFFD,FF1B34ED,3C6C01AD,2801B005,D0072016,00000020,00000126
295,61316800,009D00A5,000003D5,00560000,0001FFFD,FF1C3506,3C6C018E,2801B005,D0072816,00000020,00000127
296,40962500,009B00A5,000003D5,00540000,0001FFFD,FF1C351E,3C6D81BA,2801B005,D0073816,00000020,00000128
297,49121600,009800A8,000003D5,00530000,0001FFFD,FF1C3536,3C6D81A1,2801B005,D0074816,00000020,00000129
298,51170800,009700A7,000003D5,00520000,0001FFFD,FF1C354D,3C6E01A1,2801B005,D0074816,00000020,0000012A
299,51193800,009600A9,000003D5,00510000,0001FFFD,FF1C3565,3C6E81AC,2801B005,D0075016,00000020,0000012B
300,49595300,009400AA,000003D5,00500000,0001FFFD,FF1C357C,3C6F81C8,2801BD36,D0075816,00000020,0000012C
301,48953500,009300AC,000003D5,004F0000,0001FFFD,FF1C3592,3C6F8195,2801BD36,D0075816,00000020,0000012D
302,52779900,009200AC,000003D5,004F0000,0001FFFD,FF1C35A9,3C7001C2,2801BD36,D0076016,00000020,0000012E
303,120639400,009000AE,000003D5,004E0000,0001FFFD,FF1D35BF,3C7101C6,2801BD36,D0076016,00000020,0000012F
304,14962200,009200AD,000003D5,004E0000,0001FFFD,FF1D35D6,3C710196,2801BD36,D0076016,00000020,00000130
305,49843100,008F00B0,000003D5,004E0000,0001FFFD,FF1D35EC,3C7201BA,2801BD36,D0076016,00000020,00000131
306,49667300,009100AF,000003D5,004E0000,0001FFFD,FF1D3602,3C720197,2801BD36,D0076016,00000020,00000132
307,49367600,008F00B2,000003D5,004E0000,0001FFFD,FF1D3619,3C7301B6,2801BD36,D0075816,00000020,00000133
308,49908100,009300B0,000003D5,004E0000,0001FFFD,FF1D362F,3C7401E2,2801BD36,D0075016,00000020,00000134
309,51054300,009000B4,000003D5,004E0000,0001FFFD,FF1D3645,3C7481C6,2801BD36,D0075016,00000020,00000135
310,50480000,009300B2,000003D5,004F0000,0001FFFD,FF1E365C,3C7401BC,2801BD36,D0074016,00000020,00000136
311,51855400,009300B4,000003D5,004F0000,0001FFFD,FF1E3672,3C7501BC,2801BD36,D0074016,00000020,00000137
312,50395600,009400B5,000003D5,004F0000,0001FFFD,FF1E3689,3C750198,2801BD36,D0073016,00000020,00000138
313,49882800,009500B5,000003D5,00500000,0001FFFD,FF1E36A0,3C7581A7,2801BD36,D0072816,00000020,00000139
314,49863900,009700B6,000003D5,00510000,0001FFFD,FF1E36B7,3C7601BD,2801BD36,D0072016,00000020,0000013A
315,49618800,009700B7,000003D5,00510000,0001FFFD,FF1E36CE,3C7701AC,2801BD36,D0071816,00000020,0000013B
316,50204300,009900B8,000003D5,00520000,0001FFFD,FF1E36E5,3C770195,2801BD36,E0070816,00000020,0000013C
317,51058000,009D00B8,000003D5,00530000,0001FFFD,FF1F36FD,3C778188,2801BD36,E0070016,00000020,0000013D
318,52563100,009C00BA,000003D5,00540000,0001FFFD,FF1F3715,3C78818F,2801BD36,E006F816,00000020,0000013E
319,48451300,00A100B5,000003D5,00550000,0001FFFD,FF1F372D,3C79018D,2801BD36,E006E816,00000020,0000013F
320,51509000,00A3008A,000003D5,00550000,0001FFFD,FF1F3746,3C790195,2801BD36,E006E016,00000020,00000140
321,50722900,00A4003B,000003D5,00560001,0001FFFD,FF1F375E,3C79819C,2801BD36,E006D016,00000020,00000141
322,51288800,00A9FFF7,000003D5,00560001,0001FFFD,FF1F3777,3C7981EF,2801BD36,E006C016,00000020,00000142
323,50357800,00ABFFD0,000003D5,00570001,0000FFFD,FF1F3790,3C7A01B1,2801BD36,E006B816,00000020,00000143
324,50733100,00ACFFBA,000003D5,00580001,0000FFFD,FF1F37A9,3C7981A6,2801BD36,E006A816,00000020,00000144
325,51008600,00B0FFAD,000003D5,00590001,0000FFFD,FF1F37C2,3C7A01CB,2801BD36,E0069816,00000020,00000145
326,50028300,00B2FFA5,000003D5,005A0001,0000FFFD,FF1F37DC,3C7901E8,2801BD36,E0068816,00000020,00000146
327,50956800,00B3FFA2,000003D5,005C0000,0000FFFD,FF1F37F6,3C788193,2801BD36,E0067816,00000020,00000147
328,49658700,00B2FF83,000003D5,005D0001,0000FFFD,FF1E3811,3C78018C,2801BD36,E0067016,00000020,00000148
329,51756500,00B5FF31,000003D5,005F0001,FFFFFFFD,FF1E382C,3C7801B5,2801BD36,E0066016,00000020,00000149
330,50123200,00BEFF27,000003D5,00600001,FFFFFFFD,FF1E3847,3C7701AA,2801C98F,E0065016,00000020,0000014A
331,48968800,00BBFF2A,000003D5,00620001,FFFFFFFD,FF1E3863,3C7681AD,2801C98F,D0064016,00000020,0000014B
332,51983100,00BEFF2A,000003D5,00630000,FFFFFFFD,FF1E387F,3C75018A,2801C98F,D0063816,00000020,0000014C
333,50563700,00C0FF2A,000003D5,00650000,FFFFFFFD,FF1E389C,3C7501D7,2801C98F,D0062816,00000020,0000014D
334,49809800,00C3FF2A,000003D5,00660000,FFFFFFFD,FF1D38B9,3C738183,2801C98F,D0062016,00000020,0000014E
335,49347800,00C9FF28,000003D5,00680000,FFFFFFFC,FF1D38D6,3C7301BF,2801C98F,D0061816,00000020,0000014F
336,51515500,00C3FF2E,000003D5,00690000,FFFFFFFC,FF1D38F4,3C730196,2801C98F,D0061016,00000020,00000150
337,51504500,00CCFF2A,000003D5,006B0000,FFFFFFFC,FF1D3913,3C720187,2801C98F,D0060816,00000020,00000151
338,50748700,00CCFF2C,000003D5,006C0000,FFFFFFFC,FF1D3932,3C718193,2801C98F,D0060016,00000020,00000152
339,50695200,00CCFF2D,000003D5,006D0000,FFFFFFFC,FF1D3951,3C7081B3,2801C98F,D0060016,00000020,00000153
340,52116200,00CFFF2D,000003D5,006E0000,FFFFFFFC,FF1C3970,3C700199,2801C98F,D005F816,00000020,00000154
341,49000000,00CFFF2E,000003D5,006F0000,FFFFFFFC,FF1C3990,3C6F81A1,2801C98F,D005F816,00000020,00000155
342,49678900,00D1FF2D,000003D5,00700000,FFFFFFFC,FF1C39B0,3C6F019C,2801C98F,D005F016,00000020,00000156
343,49818500,00D1FF5C,000003D5,00710000,FFFFFFFC,FF1C39D0,3C6F01DF,2801C98F,D005F016,00000020,00000157
344,50278900,00D6FFA0,000003D5,00710000,FFFFFFFC,FF1C39F0,3C6F8220,2801C98F,D005F016,00000020,00000158
345,50408900,00D3FFA6,000003D5,00720000,FFFFFFFC,FF1C3A11,3C6D81AA,2801C98F,D005F816,00000020,00000159
346,50488800,00D1FFA5,000003D5,00720000,FFFFFFFC,FF1C3A32,3C6E81E2,2801C98F,D005F816,00000020,0000015A
347,50308200,00D3FFA5,000003D5,00720000,FFFFFFFC,FF1C3A52,3C6D81AE,2801C98F,D005F816,00000020,0000015B
348,47691700,00D1FFA6,000003D5,00720000,FFFFFFFC,FF1C3A73,3C6D81C2,2801C98F,D0060016,00000020,0000015C
349,51088700,00D0FFA7,000003D5,00710000,FFFFFFFC,FF1C3A93,3C6C81EF,2801C98F,D0060816,00000020,0000015D
350,51539800,00D2FFA4,000003D5,00710000,FFFFFFFC,FF1B3AB4,3C6D01E0,2801C98F,D0060816,00000020,0000015E
351,50028900,00CDFFA8,000003D5,00700000,0000FFFC,FF1B3AD4,3C6D01CF,2801C98F,D0061016,00000020,0000015F
352,52558400,00CCFFA7,000003D5,00700000,0000FFFC,FF1B3AF4,3C6C019A,2801C98F,D0061816,00000020,00000160
353,50772000,00CEFFA7,000003D5,006F0000,0000FFFC,FF1B3B14,3C6C01AE,2801C98F,D0062016,00000020,00000161
354,52428500,00C9FFA8,000003D5,006E0000,0000FFFC,FF1B3B33,3C6B0183,2801C98F,D0062816,00000020,00000162
355,51864000,00C8FFA9,000003D5,006D0000,0000FFFC,FF1B3B53,3C6B81D1,2801C98F,D0063016,00000020,00000163
356,46975000,00C7FFA7,000003D5,006C0000,0000FFFC,FF1B3B72,3C6B01C8,2801C98F,D0063816,00000020,00000164
357,51575200,00C2FFAB,000003D5,006B0000,0000FFFC,FF1B3B90,3C6A818C,2801C98F,D0064016,00000020,00000165
358,50458700,00C3FFBA,000003D5,006A0000,0000FFFC,FF1B3BAF,3C6A019B,2801C98F,D0064816,00000020,00000166
359,52149100,00C2FFD6,000003D5,00690000,0000FFFC,FF1B3BCD,3C6A81B7,2801C98F,D0065816,00000020,00000167
360,49566800,00BE0002,000003D5,00680000,0000FFFC,FF1B3BEB,3C6B8215,2801D473,D0066016,00000020,00000168
361,51034300,00BC002A,000003D5,00670000,0000FFFD,FF1B3C08,3C6A0194,2801D473,D0066816,00000020,00000169
362,50636600,00B7004D,000003D5,0066FFFF,0000FFFD,FF1B3C26,3C6B81D0,2801D473,D0067816,00000020,0000016A
363,109707400,00B50063,000003D5,0065FFFF,0000FFFD,FF1B3C43,3C6A8188,2801D473,D0068816,00000020,0000016B
364,13189100,00B20076,000003D5,00640000,0000FFFD,FF1B3C5F,3C6B01A5,2801D473,D0069816,00000020,0000016C
365,55003900,00B10083,000003D5,00620000,0000FFFD,FF1B3C7C,3C6C81FE,2801D473,D006A816,00000020,0000016D
366,46882600,00AE008D,000003D5,00610000,0001FFFD,FF1B3C98,3C6C019D,2801D473,D006B816,00000020,0000016E
367,49951400,00AD0094,000003D5,005F0000,0001FFFD,FF1C3CB3,3C6C81AB,2801D473,D006C016,00000020,0000016F
368,49999800,00A8009B,000003D5,005E0000,0001FFFD,FF1C3CCE,3C6C819D,2801D473,D006D016,00000020,00000170
369,51076300,00AA009E,000003D5,005D0000,0001FFFD,FF1C3CE9,3C6D019E,2801D473,D006E016,00000020,00000171
370,50142400,00A700A3,000003D5,005B0000,0001FFFD,FF1C3D03,3C6E81F1,2801D473,D006E816,00000020,00000172
371,51182100,00A500A3,000003D5,005A0000,0001FFFD,FF1C3D1D,3C6E01B7,2801D473,D006F816,00000020,00000173
372,50408200,00A200A8,000003D5,00590000,0001FFFD,FF1C3D37,3C6F01E0,2801D473,D0070016,00000020,00000174
373,51708100,00A300A8,000003D5,00570000,0001FFFD,FF1C3D50,3C6F0195,2801D473,D0070816,00000020,00000175
374,49462800,00A000AB,000003D5,00560000,0001FFFD,FF1C3D69,3C6F818D,2801D473,D0071016,00000020,00000176
375,50073300,009D00AC,000003D5,00550000,0001FFFD,FF1D3D81,3C7101CD,2801D473,D0071816,00000020,00000177
376,52885000,00A200AC,000003D5,00550000,0001FFFD,FF1D3D9A,3C7081B7,2801D473,D0071816,00000020,00000178
377,51371100,009E00AD,000003D5,00540000,0001FFFD,FF1D3DB2,3C7181BB,2801D473,D0072016,00000020,00000179
378,49852300,009C00B0,000003D5,00540000,0001FFFD,FF1D3DCA,3C72019A,2801D473,D0072016,00000020,0000017A
379,49385700,009B00B1,000003D5,00530000,0001FFFD,FF1D3DE2,3C7281AA,2801D473,D0072016,00000020,0000017B
380,51423400,009A00B0,000003D5,00530000,0001FFFD,FF1D3DF9,3C7301AF,2801D473,D0072016,00000020,0000017C
381,47711400,00A000B1,000003D5,00530000,0001FFFD,FF1D3E11,3C73018E,2801D473,D0072016,00000020,0000017D
382,133864700,009800B4,000003D5,00530000,0001FFFD,FF1E3E29,3C7481BB,2801D473,D0071816,00000020,0000017E
383,12967300,009B00B3,000003D5,00530000,0001FFFD,FF1E3E40,3C7481A5,2801D473,D0071816,00000020,0000017F
384,50927100,009D00B4,000003D5,00530000,0001FFFD,FF1E3E58,3C75019F,2801D473,D0071816,00000020,00000180
385,50517500,009C00B5,000003D5,00530000,0001FFFD,FF1E3E70,3C7581A2,2801D473,D0071016,00000020,00000181
386,49516900,009D00B6,000003D5,00530000,0001FFFD,FF1E3E88,3C7681AD,2801D473,D0071016,00000020,00000182
387,50451400,00A000B6,000003D5,00540000,0001FFFD,FF1E3E9F,3C76818D,2801D473,D0070016,00000020,00000183
388,50457100,009D00B8,000003D5,00540000,0001FFFD,FF1E3EB7,3C7701CA,2801D473,E006F816,00000020,00000184
389,50098400,00A300B8,000003D5,00550000,0001FFFD,FF1F3ED0,3C7881C5,2801D473,E006F816,00000020,00000185
390,51884300,00A000B9,000003D5,00550000,0001FFFD,FF1F3EE8,3C78819C,2801DE87,E006E816,00000020,00000186
391,50889100,00A300B6,000003D5,00560000,0001FFFD,FF1F3F00,3C788194,2801DE87,E006E816,00000020,00000187
392,48298300,00A8008A,000003D5,00560000,0001FFFD,FF1F3F19,3C7981C6,2801DE87,E006D816,00000020,00000188
393,51186000,00A4003C,000003D5,00560001,0001FFFD,FF1F3F32,3C7981B0,2801DE87,E006D016,00000020,00000189
394,50493600,00ADFFF5,000003D5,00560001,0001FFFD,FF1F3F4B,3C7981BF,2801DE87,E006C816,00000020,0000018A
395,51625600,00ACFFD1,000003D5,00570001,0000FFFD,FF1F3F63,3C790181,2801DE87,E006B816,00000020,0000018B
396,49559100,00ADFFBB,000003D5,00580001,0000FFFD,FF1F3F7C,3C7A820B,2801DE87,E006A816,00000020,0000018C
397,50165500,00B3FFAC,000003D5,00590001,0000FFFD,FF1F3F96,3C7901AE,2801DE87,E006A016,00000020,0000018D
398,50888900,00B0FFA6,000003D5,005A0001,0000FFFD,FF1F3FAF,3C78818E,2801DE87,E0069016,00000020,0000018E
399,48951700,00AEFFA3,000003D5,005B0000,0000FFFD,FF1F3FC9,3C780182,2801DE87,E0068016,00000020,0000018F
400,52233500,00B9FF9F,000003D5,005C0000,0000FFFD,FF1E3FE4,3C7881FD,2801DE87,E0067816,00000020,00000190
401,48624700,00B3FF81,000003D5,005E0001,0000FFFD,FF1E3FFE,3C7801C1,2801DE87,E0066816,00000020,00000191
402,50156300,00B9FF2E,000003D5,005F0001,FFFFFFFD,FF1E4019,3C7701A7,2801DE87,E0066016,00000020,00000192
403,51123400,00B7FF2B,000003D5,00600001,FFFFFFFD,FF1E4035,3C7681AD,2801DE87,D0065016,00000020,00000193
404,50239000,00BFFF2A,000003D5,00620000,FFFFFFFD,FF1E4051,3C75819D,2801DE87,D0064816,00000020,00000194
405,51235500,00BDFF29,000003D5,00630000,FFFFFFFD,FF1E406D,3C7581CD,2801DE87,D0063816,00000020,00000195
406,49380000,00C1FF2B,000003D5,00650000,FFFFFFFD,FF1D408A,3C740194,2801DE87,D0063016,00000020,00000196
407,50391800,00C4FF2A,000003D5,00660000,FFFFFFFD,FF1D40A7,3C738199,2801DE87,D0062816,00000020,00000197
408,59295600,00C3FF2C,000003D5,00670000,FFFFFFFC,FF1D40C4,3C7381B3,2801DE87,D0062016,00000020,00000198
409,52617200,00CAFF2A,000003D5,00690000,FFFFFFFC,FF1D40E2,3C72819F,2801DE87,D0061816,00000020,00000199
410,44624500,00C6FF2D,000003D5,006A0000,FFFFFFFC,FF1D4100,3C7281E4,2801DE87,D0061016,00000020,0000019A
411,47452900,00CBFF2C,000003D5,006B0000,FFFFFFFC,FF1D411E,3C7101A2,2801DE87,D0061016,00000020,0000019B
412,51298900,00CBFF2D,000003D5,006C0000,FFFFFFFC,FF1C413D,3C7001BD,2801DE87,D0060816,00000020,0000019C
413,49684300,00CCFF59,000003D5,006D0000,FFFFFFFC,FF1C415C,3C7001A1,2801DE87,D0060016,00000020,0000019D
414,49596600,00CFFFA1,000003D5,006E0000,FFFFFFFC,FF1C417C,3C7001A5,2801DE87,D0060816,00000020,0000019E
415,122771600,00CDFFA3,000003D5,006F0000,FFFFFFFC,FF1C419B,3C6F019A,2801DE87,D0060016,00000020,0000019F
416,13901800,00CEFFA4,000003D5,006F0000,FFFFFFFC,FF1C41BB,3C7001E6,2801DE87,D0060016,00000020,000001A0
417,52071000,00D0FFA3,000003D5,006F0000,FFFFFFFC,FF1C41DB,3C6F81C2,2801DE87,D0060816,00000020,000001A1
418,49812700,00CEFFA4,000003D5,006F0000,FFFFFFFC,FF1C41FB,3C6E81AA,2801DE87,D0060816,00000020,000001A2
419,49762200,00CFFFA5,000003D5,006F0000,FFFFFFFC,FF1C421B,3C6E81CA,2801DE87,D0060816,00000020,000001A3
420,50622600,00CCFFA5,000003D5,006F0000,FFFFFFFC,FF1C423B,3C6E81BD,2801E707,D0061016,00000020,000001A4
421,51871800,00CDFFA6,000003D5,006F0000,FFFFFFFC,FF1C425B,3C6D018B,2801E707,D0061816,00000020,000001A5
422,49538400,00CEFFA5,000003D5,006E0000,0000FFFC,FF1C427A,3C6D018F,2801E707,D0061816,00000020,000001A6
423,49090400,00CBFFA7,000003D5,006E0000,0000FFFC,FF1C429A,3C6D019D,2801E707,D0062016,00000020,000001A7
424,52661000,00C8FFA6,000003D5,006D0000,0000FFFC,FF1C42B9,3C6C819D,2801E707,D0062816,00000020,000001A8
425,49379400,00C9FFA7,000003D5,006D0000,0000FFFC,FF1B42D8,3C6D01C8,2801E707,D0062816,00000020,000001A9
426,52836500,00C7FFA6,000003D5,006C0000,0000FFFC,FF1B42F7,3C6C81C8,2801E707,D0063016,00000020,000001AA
427,50221800,00C7FFA9,000003D5,006B0000,0000FFFC,FF1B4316,3C6B8187,2801E707,D0063816,00000020,000001AB
428,49974300,00C3FFA7,000003D5,006A0000,0000FFFC,FF1B4335,3C6B819B,2801E707,D0064016,00000020,000001AC
429,51137500,00C5FFAB,000003D5,00690000,0000FFFC,FF1B4353,3C6B81A3,2801E707,D0064816,00000020,000001AD
430,51102700,00BBFFB7,000003D5,00690000,0000FFFC,FF1B4371,3C6B0190,2801E707,D0065016,00000020,000001AE
431,49997900,00C3FFD9,000003D5,00680000,0000FFFC,FF1B438F,3C6B01B9,2801E707,D0065816,00000020,000001AF
432,50289300,00BDFFFF,000003D5,00670000,0000FFFC,FF1B43AC,3C6A819B,2801E707,D0066016,00000020,000001B0
433,51793600,00BC002C,000003D5,00660000,0000FFFD,FF1B43CA,3C6B01AD,2801E707,D0066816,00000020,000001B1
434,50904800,00B8004B,000003D5,0066FFFF,0000FFFD,FF1B43E7,3C6B0182,2801E707,D0067816,00000020,000001B2
435,49861600,00B60064,000003D5,0065FFFF,0000FFFD,FF1B4404,3C6B818C,2801E707,D0068816,00000020,000001B3
436,49331700,00B20075,000003D5,00640000,0000FFFD,FF1B4420,3C6C81C5,2801E707,D0069016,00000020,000001B4
437,51035100,00B50084,000003D5,00620000,0000FFFD,FF1C443D,3C6C01FB,2801E707,D006A016,00000020,000001B5
438,51083800,00AC008E,000003D5,00610000,0001FFFD,FF1C4459,3C6C821C,2801E707,D006B016,00000020,000001B6
439,50535900,00B10096,000003D5,00600000,0001FFFD,FF1C4474,3C6D01C0,2801E707,D006B816,00000020,000001B7
440,50040900,00AB009A,000003D5,005E0000,0001FFFD,FF1C4490,3C6D818B,2801E707,D006D016,00000020,000001B8
441,50748100,00AB009F,000003D5,005D0000,0001FFFD,FF1C44AA,3C6D8189,2801E707,D006D816,00000020,000001B9
442,49635000,00AA00A4,000003D5,005C0000,0001FFFD,FF1C44C5,3C6E81C2,2801E707,D006E816,00000020,000001BA
443,50764000,00A100A7,000003D5,005A0000,0001FFFD,FF1C44DF,3C7001F4,2801E707,D006F816,00000020,000001BB
444,51196800,00AA00A6,000003D5,00580000,0001FFFD,FF1C44F8,3C7081EE,2801E707,D0070816,00000020,000001BC
445,50215400,009D00AA,000003D5,00570000,0001FFFD,FF1D4511,3C70022D,2801E707,D0072016,00000020,000001BD
446,50644100,00A300AC,000003D5,00550000,0001FFFD,FF1D452A,3C70819E,2801E707,D0073016,00000020,000001BE
447,51975900,009D00AD,000003D5,00530000,0001FFFD,FF1D4542,3C718223,2801E707,D0074816,00000020,000001BF
448,50891300,009A00AD,000003D5,00510000,0001FFFD,FF1D4559,3C7281D7,2801E707,D0076016,00000020,000001C0
449,49426600,009900B0,000003D5,004E0000,0001FFFD,FF1D4570,3C7281B2,2801E707,D0078816,00000020,000001C1
450,51557600,009600B1,000003D5,004C0000,0001FFFD,FF1D4586,3C728189,2801EE03,D007A816,00000020,000001C2
451,50898000,009100B1,000003D5,00490000,0001FFFD,FF1D459B,3C73018C,2801EE03,D007D016,00000020,000001C3
452,50566000,008E00B2,000003D5,00460000,0001FFFD,FF1D45B0,3C7401A1,2801EE03,D007F816,00000020,000001C4
453,49845500,008900B4,000003D5,00440000,0001FFFD,FF1E45C3,3C7501BD,2801EE03,D007F816,00000020,000001C5
454,50516500,008700B4,000003D5,00410000,0001FFFD,FF1E45D6,3C7501A6,2801EE03,D007F816,00000020,000001C6
455,49770100,008300B4,000003D5,003E0000,0001FFFD,FF1E45E8,3C7581BD,2801EE03,D007F816,00000020,000001C7
456,50659300,007900B7,000003D5,003B0000,0001FFFE,FF1E45F9,3C76019A,2801EE03,D007F816,00000020,000001C8
457,49746200,007C00B6,000003D5,00380000,0001FFFE,FF1E4609,3C768195,2801EE03,D007F816,00000020,000001C9
458,50472700,007100B8,000003D5,00350000,0001FFFE,FF1E4619,3C768217,2801EE03,E007F816,00000020,000001CA
459,50129100,007100B9,000003D5,00320000,0001FFFE,FF1E4627,3C77819B,2801EE03,E007F816,00000020,000001CB
460,49926600,006900B9,000003D5,002F0000,0001FFFE,FF1F4635,3C7881BE,2801EE03,E007F816,00000020,000001CC
461,50436200,006500BA,000003D5,002C0000,0001FFFE,FF1F4642,3C788188,2801EE03,E007F816,00000020,000001CD
462,50387500,006200BC,000003D5,00290000,0001FFFE,FF1F464E,3C7981C2,2801EE03,E007F816,00000020,000001CE
463,50364100,005800BC,000003D5,00260000,0001FFFE,FF1FB9B9,3C7A0190,2801EE03,E007F816,00000020,000001CF
464,50220400,005800BE,000003D5,00240000,0001FFFE,FF1FB9C4,3C7B01AD,2801EE03,E007F816,00000020,000001D0
465,49949400,004F00BD,000003D5,00210000,0001FFFE,FF1FB9CE,3C7B0191,2801EE03,E007F816,00000020,000001D1
466,50607700,004300BF,FFFF03D5,00160000,0001FFFE,FF1FB9D5,3C7C8201,2801EE03,E007F816,00000020,000001D2
467,50726600,003600BF,FFFF03D5,000E0000,0001FFFF,FF20B9DA,3C7C0184,2801EE03,E007F816,00000020,000001D3
468,50209700,002F00C0,FFFF03D5,00080000,0001FFFF,FF20B9DD,3C7D81B7,2801EE03,E007F816,00000020,000001D4
469,51093600,002F00C1,000003D5,00040000,0001FFFF,FF20B9DF,3C7D0199,2801EE03,E007F816,00000020,000001D5
470,50515700,002200C2,000003D5,00010000,0001FFFF,FF20B9DF,3C7E0203,2801EE03,E007F816,00000020,000001D6
471,49511800,001E00C4,000003D5,FFFF0000,0001FFFF,FF20B9DF,3C7E0187,2801EE03,E007F816,00000020,000001D7
472,50830100,001600C3,000003D5,FFFE0000,0001FFFF,FF20B9DF,3C7F01D3,2801EE03,E007F816,00000020,000001D8
473,51136100,001200C4,000003D5,FFFE0000,0001FFFF,FF21B9DE,3C8081C2,2801EE03,E007F816,00000020,000001D9
474,50663600,001000C4,000003D5,FFFE0000,00010000,FF21B9DE,3C8081AA,2801EE03,E007F816,00000020,000001DA
475,50693400,000600C7,000003D5,FFFE0000,00010000,FF21B9DD,3C8101A2,2801EE03,E007F816,00000020,000001DB
476,50803500,000700C7,000003D5,FFFE0000,00010000,FF21B9DC,3C81818F,2801EE03,E007F816,00000020,000001DC
477,50254100,000300C8,000003D5,FFFE0000,00010000,FF21B9DC,3C820194,2801EE03,E007F816,00000020,000001DD
478,51038300,000600C9,000003D5,FFFE0000,00010000,0021B9DB,3C828192,2801EE03,E007F816,00000020,000001DE
479,49853500,FFFF00C9,000003D5,FFFF0000,00010000,0021B9DB,3C8401CA,2801EE03,E007F816,00000020,000001DF
480,50065600,000200CB,000003D5,FFFF0000,00010000,0022B9DB,3C838193,2801F395,E007F816,00000020,000001E0
481,49769800,000200CB,000003D5,FFFF0000,00010000,0022B9DA,3C848190,2801F395,E007F816,00000020,000001E1
482,51433700,000000CD,000003D5,FFFF0000,00010000,0022B9DA,3C85019A,2801F395,E007F816,00000020,000001E2
483,50630100,FFFC00CE,000003D5,00000000,00010000,0022B9DA,3C85818A,2BFDF395,E007F816,00000020,000001E3
484,50974800,FFFF00CD,000003D5,00000000,00010000,0022B9DA,3C86018D,2BFDF395,E007F816,00000020,000001E4
485,51211300,FFFE00CF,000003D5,00000000,00010000,0022B9DA,3C8681A5,2BFDF395,E007F816,00000020,000001E5
486,50713200,FFFF00D1,000003D5,00000000,00010000,0023B9DA,3C8881BA,2BFDF395,E007F816,00000020,000001E6
487,50895200,FFFE00D1,000003D5,00000000,00010000,0023B9DA,3C8881A4,2BFDF395,E007F816,00000020,000001E7
488,48708000,000500D2,000003D5,00000000,00010000,0023B9DA,3C8981AD,2BFDF395,E007F816,00000020,000001E8
489,50620500,FFFE00D4,000003D5,00000000,00010000,0023B9DA,3C8981A5,2BFDF395,E007F816,00000020,000001E9
490,50927400,FFFE00D3,000003D5,00000000,00010000,0023B9DA,3C8A0186,2BFDF395,E007F816,00000020,000001EA
491,50121700,FFFE00D5,000003D5,00000000,00010000,0023B9DA,3C8B01A3,2BFDF395,E007F816,00000020,000001EB
492,49750300,FFFE00D5,000003D5,00000000,00010000,0024B9DA,3C8B818F,2BFDF395,E007F816,00000020,000001EC
493,50884500,FFFE00D7,000003D5,00000000,00010000,0024B9DA,3C8B8190,2BFDF395,E007F816,00000020,000001ED
494,50077600,000600D7,000003D5,00000000,00010000,0024B9DA,3C8D81FD,2BFDF395,E007F816,00000020,000001EE
495,50188300,FFFD00DA,000003D5,00000000,00010000,0024B9DA,3C8D018A,2BFDF395,E007F816,00000020,000001EF
496,50825600,FFFF00D9,000003D5,00000000,00010000,0024B9DA,3C8E81B7,2BFDF395,E007F816,00000020,000001F0
497,50716200,FFFE00DA,000003D5,00000000,00010000,0024B9DA,3C8E8189,2BFDF395,E007F816,00000020,000001F1
498,51557400,FFFE00DD,000003D5,00000000,00010000,0025B9DA,3C8F8190,2BFDF395,E007F816,00000020,000001F2
499,50992500,000500DB,000003D5,00000000,00010000,0025B9DA,3C9081B9,2BFDF395,E007F816,00000020,000001F3
500,50206500,FFFF00DE,000003D5,00000000,00010000,0025B9DA,3C908191,2BFDF395,E007F816,00000020,000001F4
501,54515500,FFFD00DF,000003D5,00000000,00010000,0025B9DA,3C9181E5,2BFDF395,E007F816,00000020,000001F5
502,48362100,FFFF00DF,000003D5,00000000,00010000,0025B9DA,3C91818D,2BFDF395,E007F816,00000020,000001F6
503,47909500,FFFF00E0,000003D5,00000000,00010000,0026B9DA,3C92818E,2BFDF395,E007F816,00000020,000001F7
504,51263200,000400E2,000003D5,00000000,00010000,0026B9DA,3C938195,2BFDF395,E007F816,00000020,000001F8
505,51398600,FFFF00E2,000003D5,00000000,00010000,0026B9DA,3C938198,2BFDF395,E007F816,00000020,000001F9
506,49176600,FFFD00E3,000003D5,00000000,00010000,0026B9DA,3C948190,2BFDF395,E007F816,00000020,000001FA
507,142638500,FFFE00E3,000003D5,00000000,00010000,0026B9DA,3C9681C3,2BFDF395,E007F816,00000020,000001FB
508,14442700,000400E4,000003D5,00000000,00010000,0026B9DA,3C96019D,2BFDF395,E007F816,00000020,000001FC
509,50074300,000000E2,000003D5,00000000,00010000,0027B9DA,3C9701A0,2BFDF395,E007F816,00000020,000001FD
510,51500500,FFFE00E4,000003D5,00000000,00010000,0027B9DA,3C97818C,2BFDF7DF,E007F816,00000020,000001FE
511,49297200,FFFE00E3,000003D5,00000000,00010000,0027B9DA,3C9801AF,2BFDF7DF,E007F816,00000020,000001FF
512,48717100,FFFE00E5,000003D5,00000000,00010000,0027B9DA,3C99018C,2BFDF7DF,E007F816,00000020,00000200
513,52223300,000500E3,000003D5,00000000,00010000,0027B9DA,3C99818C,2BFDF7DF,E007F816,00000020,00000201
514,48730600,FFFF00E4,000003D5,00000000,00010000,0027B9DA,3C9A0182,2BFDF7DF,E007F816,00000020,00000202
515,138753700,FFFE00E4,000003D5,00000000,00010000,0028B9DA,3C9A818F,2BFDF7DF,E007F816,00000020,00000203
516,14771700,FFFE00E3,000003D5,00000000,00010000,0028B9DA,3C9C01A4,2BFDF7DF,E007F816,00000020,00000204
517,50781200,FFFF00E5,000003D5,00000000,00010000,0028B9DA,3C9C819A,2BFDF7DF,E007F816,00000020,00000205
518,52369200,000500E5,000003D5,00000000,00010000,0028B9DA,3C9C8195,2BFDF7DF,E007F816,00000020,00000206
519,49684700,FFFE00E3,000003D5,00000000,00010000,0028B9DA,3C9D8191,2BFDF7DF,E007F816,00000020,00000207
520,50819800,FFFE00E5,000003D5,00000000,00010000,0029B9DA,3C9E81A4,2BFDF7DF,E007F816,00000020,00000208
521,48755400,FFFE00E3,000003D5,00000000,00010000,0029B9DA,3C9F01A0,2BFDF7DF,E007F816,00000020,00000209
522,50648800,000000E5,000003D5,00000000,00010000,0029B9DA,3C9F8189,2BFDF7DF,E007F816,00000020,0000020A
523,49251800,000400E5,000003D5,00000000,00010000,0029B9DA,3CA08197,2BFDF7DF,E007F816,00000020,0000020B
524,118444900,FFFE00E3,000003D5,00000000,00010000,0029B9DA,3CA181A7,2BFDF7DF,E007F816,00000020,0000020C
525,12158500,FFFD00E4,000003D5,00000000,00010000,0029B9DA,3CA20196,2BFDF7DF,E007F816,00000020,0000020D
526,51227200,FFFF00E6,000003D5,00000000,00010000,002AB9DA,3CA48202,2BFDF7DF,E007F816,00000020,0000020E
527,49279400,000400E3,000003D5,00000000,00010000,002AB9DA,3CA3018A,2BFDF7DF,E007F816,00000020,0000020F
528,51859000,FFFF00E5,000003D5,00000000,00010000,002AB9DA,3CA3818E,2BFDF7DF,E007F816,00000020,00000210
529,51424900,FFFF00E4,000003D5,00000000,00010000,002AB9DA,3CA501B6,2BFDF7DF,E007F816,00000020,00000211
530,50542800,FFFD00E5,000003D5,00000000,00010000,002AB9DA,3CA501F1,2BFDF7DF,E007F816,00000020,00000212
531,50074400,FFFF00E4,000003D5,00000000,00010000,002AB9DA,3CA581C5,2BFDF7DF,E007F816,00000020,00000213
532,53644800,000500E5,000003D5,00000000,00010000,002BB9DA,3CA6818C,2BFDF7DF,E007F816,00000020,00000214
533,49267000,FFFE00E5,000003D5,00000000,00010000,002BB9DA,3CA881CF,2BFDF7DF,E007F816,00000020,00000215
534,48042000,FFFE00E3,000003D5,00000000,00010000,002BB9DA,3CA881A9,2BFDF7DF,E007F816,00000020,00000216
535,50372800,FFFF00E0,000003D5,00000000,00010000,002BB9DA,3CA90195,2BFDF7DF,E007F816,00000020,00000217
536,51874100,FFFE00AC,000003D5,00000000,00010000,002BB9DA,3CAA81D0,2BFDF7DF,E007F816,00000020,00000218
537,65966600,FFFF0047,000003D5,00000001,00010000,002BB9DA,3CA98199,2BFDF7DF,E007F816,00000020,00000219
538,35055300,0000FFED,000003D5,00000001,00010000,002BB9DA,3CAA8215,2801F7DF,E007F816,00000020,0000021A
539,51027200,0002FFB8,000003D5,00000001,00010000,002BB9DA,3CAA81F4,2801F7DF,E007F816,00000020,0000021B
540,51575900,0000FF9A,000003D5,00000001,00000000,002BB9DA,3CA881EF,2801FAA3,E007F816,00000020,0000021C
541,50527900,0001FF88,000003D5,00000001,00000000,002BB9DA,3CA901B6,2801FAA3,E007F816,00000020,0000021D
542,52484400,0001FF7E,000003D5,00000001,00000000,002BB9DA,3CA78185,2801FAA3,E007F816,00000020,0000021E
543,47112000,0002FF77,000003D5,00000001,00000000,002BB9DA,3CA8019B,2801FAA3,E007F816,00000020,0000021F
544,50347300,0000FF75,000003D5,00000000,00000000,002BB9DA,3CA781D3,2801FAA3,E007F816,00000020,00000220
545,112626100,0001FF75,000003D5,00000000,FFFF0000,002BB9DA,3CA781DD,2801FAA3,E007F816,00000020,00000221
546,13186000,0000FF72,000003D5,00000000,FFFF0000,002AB9DA,3CA681B8,2801FAA3,E007F816,00000020,00000222
547,51190400,FFFAFF72,000003D5,00000000,FFFF0000,002AB9DA,3CA781E6,2801FAA3,E007F816,00000020,00000223
548,49573700,0002FF57,000003D5,00000000,FFFF0000,002AB9DA,3CA601E7,2801FAA3,E007F816,00000020,00000224
549,49512100,0001FF09,000003D5,00000001,FFFF0000,002AB9DA,3CA601FA,2801FAA3,E007F816,00000020,00000225
550,50341700,0003FF01,000003D5,00000000,FFFF0000,002AB9DA,3CA401AF,2801FAA3,E007F816,00000020,00000226
551,51306600,FFFEFEFF,000003D5,00000000,FFFF0000,002AB9DA,3CA381E1,2801FAA3,E007F816,00000020,00000227
552,49946000,FFFDFF01,000003D5,00000000,FFFF0000,0029B9DA,3CA2818E,2801FAA3,E007F816,00000020,00000228
553,49584300,0003FF01,000003D5,00000000,FFFF0000,0029B9DA,3CA20194,2801FAA3,E007F816,00000020,00000229
554,50208000,0002FEFF,000003D5,00000000,FFFF0000,0029B9DA,3CA181AA,2801FAA3,E007F816,00000020,0000022A
555,50841700,0000FF02,000003D5,00000000,FFFF0000,0029B9DA,3CA101BD,2801FAA3,E007F816,00000020,0000022B
556,49959700,FFFCFF02,000003D5,00000000,FFFF0000,0029B9DA,3C9F8190,2801FAA3,E007F816,00000020,0000022C
557,50493200,0001FF06,000003D5,00000000,FFFF0000,0028B9DA,3C9E8192,2801FAA3,E007F816,00000020,0000022D
558,49811100,0003FF03,000003D5,00000000,FFFF0000,0028B9DA,3C9F81DB,2801FAA3,E007F816,00000020,0000022E
559,50052500,000AFF05,000003D5,00090000,FFFF0000,0028B9DB,3C9D819E,2801FAA3,E007F816,00000020,0000022F
560,51117000,0017FF05,000003D5,00110000,FFFF0000,0028B9DF,3C9C81A7,2801FAA3,E007F816,00000020,00000230
561,50972300,001FFF05,000003D5,00190000,FFFF0000,0028B9E6,3C9C01A9,2801FAA3,E007F816,00000020,00000231
562,49614000,0023FF06,000003D5,00200000,FFFF0000,FF27B9EE,3C9A8186,2801FAA3,E007F816,00000020,00000232
563,49989700,0031FF08,000103D5,00270000,FFFFFFFF,FF27B9F9,3C9981BE,2801FAA3,E007F816,00000020,00000233
564,49880800,003BFF07,000103D5,002E0000,FFFFFFFF,FF27BA05,3C9A01C1,2801FAA3,E007F816,00000020,00000234
565,51755200,0048FF0A,000103D5,00340000,FFFFFFFF,FF27BA13,3C99019F,2801FAA3,E007D016,00000020,00000235
566,50867700,0058FF07,000103D5,003A0000,FFFFFFFF,FF27BA23,3C978183,2801FAA3,E0078016,00000020,00000236
567,51721200,0065FF0B,000103D5,003F0000,FFFFFFFF,FF26BA35,3C9701A3,2801FAA3,E0074016,00000020,00000237
568,51025300,0071FEED,000103D5,00450000,FFFFFFFE,FF26BA48,3C9681A5,2801FAA3,E0070016,00000020,00000238
569,48982800,007DFE89,000103D5,004A0001,FFFFFFFE,FF26BA5D,3C9601C3,2801FAA3,E006C816,00000020,00000239
570,50068300,008CFE7D,000103D5,004F0001,FFFEFFFE,FF26BA73,3C94018F,2801FBC4,E0069016,00000020,0000023A
571,51017100,0098FE7C,000103D5,00530000,FFFEFFFE,FF25BA8A,3C92818E,2801FBC4,E0066016,00000020,0000023B
572,48943000,00A5FE7C,000103D5,00580000,FFFEFFFE,FF25BAA3,3C9101A1,2801FBC4,E0063016,00000020,0000023C
573,49739200,00B3FE7E,000103D5,005D0000,FFFEFFFD,FF25BABD,3C9101BF,2801FBC4,E0060816,00000020,0000023D
574,50255100,00BEFE7C,000103D5,00620000,FFFEFFFD,FF24BAD9,3C8F0187,2801FBC4,E005E016,00000020,0000023E
575,50147500,00CDFE81,000103D5,00670000,FFFEFFFD,FF24BAF6,3C8F01C2,2801FBC4,E005C016,00000020,0000023F
576,50748800,00D5FE5D,000103D5,006C0000,FFFEFFFD,FF24BB14,3C8C818D,2801FBC4,E005A016,00000020,00000240
577,51145500,00DFFE03,000103D5,00720001,FFFEFFFC,FF23BB34,3C8B81A7,2801FBC4,E0057816,00000020,00000241
578,51469000,00EEFDEF,000103D5,00770001,FFFEFFFC,FF23BB56,3C898189,2801FBC4,E0055816,00000020,00000242
579,50219500,00F7FDF1,000103D4,007C0001,FFFDFFFC,FF22BB79,3C8A8286,2801FBC4,E0054016,00000020,00000243
580,50687700,0104FDF1,000103D4,00820000,FFFDFFFC,FF22BB9D,3C8681B7,2801FBC4,E0052016,00000020,00000244
581,50308000,0111FDF5,000103D4,00880000,FFFDFFFC,FF22BBC4,3C8481AC,2801FBC4,E0050816,00000020,00000245
582,49903300,011CFDF2,000103D4,008D0000,FFFDFFFB,FF21BBEB,3C83018E,2801FBC4,E004F016,00000020,00000246
583,50987700,0126FDF4,000103D4,00930000,FFFDFFFB,FF21BC15,3C81018B,2801FBC4,E004E016,00000020,00000247
584,50951000,012EFDF6,000103D4,00980000,FFFDFFFB,FF20BC40,3C7F81B7,2801FBC4,E004C816,00000020,00000248
585,50829300,013CFDF8,000103D4,009D0000,FFFDFFFB,FF20BC6C,3C7F01BB,2801FBC4,E004B816,00000020,00000249
586,50618400,0144FDF7,000103D4,00A20000,FFFDFFFB,FF20BC9A,3C7C818F,2801FBC4,E004A816,00000020,0000024A
587,48877900,014BFDF6,000003D4,00A70000,FFFDFFFA,FF1FBCC9,3C7B81B0,2801FBC4,E004A016,00000020,0000024B
588,51265500,0155FDFE,000003D4,00AB0000,FFFDFFFA,FF1FBCFA,3C790180,2801FBC4,E0049016,00000020,0000024C
589,50926400,015BFDFA,000003D4,00AF0000,FFFDFFFA,FF1EBD2C,3C778186,2801FBC4,E0048816,00000020,0000024D
590,49340700,0165FE2B,000003D4,00B40000,FFFDFFFA,FF1EBD5F,3C7681A3,2801FBC4,E0047816,00000020,0000024E
591,49112400,016EFE8B,000003D4,00B70000,FFFDFFFA,FF1EBD93,3C7601C9,2801FBC4,D0047816,00000020,0000024F
592,50708100,016FFE91,000003D4,00BB0000,FFFDFFFA,FF1DBDC8,3C740191,2801FBC4,D0047016,00000020,00000250
593,51512100,0174FE8E,000003D5,00BE0000,FFFEFFFA,FF1DBDFE,3C7381AD,2801FBC4,D0046816,00000020,00000251
594,49883400,0177FE96,000003D5,00C00000,FFFEFFF9,FF1DBE35,3C7201CA,2801FBC4,D0046816,00000020,00000252
595,50911300,0176FE91,000003D5,00C20000,FFFEFFF9,FF1DBE6C,3C708199,2801FBC4,D0046816,00000020,00000253
596,50355500,017BFE99,000003D5,00C40000,FFFEFFF9,FF1CBEA4,3C6F8181,2801FBC4,D0046816,00000020,00000254
597,51117000,0177FE93,000003D4,00C50000,FFFEFFF9,FF1CBEDD,3C6E8196,2801FBC4,D0046816,00000020,00000255
598,50266600,017CFE9D,000003D4,00C60000,FFFEFFF9,FF1CBF15,3C6D01DB,2801FBC4,D0046816,00000020,00000256
599,49917400,017BFE97,000003D4,00C70000,FFFEFFF9,FF1BBF4E,3C6C01A9,2801FBC4,D0047016,00000020,00000257
600,50536400,0172FE97,000003D4,00C60000,FFFEFFF9,FF1BBF87,3C6C01EA,2801FB67,D0047016,00000020,00000258
601,51337000,0178FE9C,000003D4,00C60000,FFFEFFF9,FF1BBFC0,3C6A019F,2801FB67,D0047816,00000020,00000259
602,50994200,0171FE9D,000003D4,00C50000,FFFEFFF9,FF1BBFF8,3C69019A,2801FB67,D0048016,00000020,0000025A
603,50991800,016CFE9E,000003D4,00C30000,FFFEFFF9,FF1AC031,3C680198,2801FB67,D0048816,00000020,0000025B
604,48981900,016AFE9D,000003D4,00C10000,FFFEFFF9,FF1AC068,3C668191,2801FB67,D0049016,00000020,0000025C
605,51338700,0164FED2,000003D4,00BF0000,FFFEFFF9,FF1AC09F,3C6601AA,2801FB67,D0049816,00000020,0000025D
606,49985100,015FFF2D,000003D4,00BD0000,FFFEFFF9,FF1AC0D5,3C6501A4,2801FB67,D004A816,00000020,0000025E
607,50006600,0156FF36,000003D5,00B90000,FFFEFFFA,FF19C10B,3C6501CD,2801FB67,D004C016,00000020,0000025F
608,50272600,014CFF32,000003D5,00B50000,FFFFFFFA,FF19C13F,3C63818C,2801FB67,D004D016,00000020,00000260
609,52760900,0142FF39,FFFF03D5,00B10000,FFFFFFFA,FF19C172,3C6401EB,2801FB67,D004E816,00000020,00000261
610,49688600,0139FF35,FFFF03D5,00AC0000,FFFFFFFA,FF19C1A4,3C6381D2,2801FB67,D0050016,00000020,00000262
611,51454700,012FFF38,FFFF03D5,00A60000,FFFFFFFA,FF19C1D4,3C6201A6,2801FB67,D0051816,00000020,00000263
612,49938000,0122FF39,FFFF03D5,00A00000,FFFFFFFA,FF19C203,3C610192,2801FB67,D0053816,00000020,00000264
613,49833800,0119FF68,FFFF03D5,009B0000,FFFFFFFB,FF19C230,3C608191,2801FB67,D0055816,00000020,00000265
614,50263700,0110FFAF,FFFF03D5,00940000,FFFFFFFB,FF18C25B,3C6101BA,2801FB67,D0057816,00000020,00000266
615,50766200,0104FFAC,FFFF03D5,008E0000,FFFFFFFB,FF18C284,3C6282AB,2801FB67,D005A016,00000020,00000267
616,51833100,00F4FFB7,FFFF03D5,00870000,FFFFFFFB,FF18C2AC,3C600186,2801FB67,D005C816,00000020,00000268
617,50715500,00E8FFC0,FFFF03D5,00800000,FFFFFFFB,FF18C2D1,3C60019E,2801FB67,D005F816,00000020,00000269
618,51532300,00DEFFDD,FFFF03D5,007A0000,0000FFFC,FF18C2F5,3C5F819F,2801FB67,D0062816,00000020,0000026A
619,49697700,00D1000C,FFFF03D5,00730000,0000FFFC,FF18C316,3C600195,2801FB67,D0066016,00000020,0000026B
620,52221600,00C6002C,FFFF03D5,006CFFFF,0000FFFC,FF18C336,3C5F818D,2801FB67,D0069816,00000020,0000026C
621,49573500,00BC0048,FFFF03D5,0066FFFF,0000FFFC,FF18C354,3C6081B7,2801FB67,D006D816,00000020,0000026D
622,49229900,00A90062,FFFF03D5,005FFFFF,0000FFFC,FF18C370,3C6101CA,2801FB67,D0072016,00000020,0000026E
623,50810800,00A8006B,FFFF03D5,00590000,0000FFFD,FF19C38A,3C6101C8,2801FB67,D0076016,00000020,0000026F
624,51062900,0097007A,FFFF03D5,00530000,0000FFFD,FF19C3A3,3C6181A3,2801FB67,D007A816,00000020,00000270
625,49564800,00910083,FFFF03D5,004D0000,0001FFFD,FF19C3B9,3C618188,2801FB67,D007F816,00000020,00000271
626,50183300,0089008A,FFFF03D5,00480000,0001FFFD,FF19C3CE,3C62019B,2801FB67,D007F816,00000020,00000272
627,50727000,007D008A,FFFF03D5,00430000,0001FFFD,FF19C3E2,3C62819C,2801FB67,D007F816,00000020,00000273
628,49974500,00740091,FFFF03D5,003F0000,0001FFFD,FF19C3F5,3C6301CC,2801FB67,D007F816,00000020,00000274
629,50556000,00720095,000003D5,003A0000,0001FFFE,FF19C406,3C6381A2,2801FB67,D007F816,00000020,00000275
630,50593900,006C0097,000003D5,00370000,0001FFFE,FF19C416,3C6401A2,2801F992,D007F816,00000020,00000276
631,51612300,00620097,000003D5,00340000,0001FFFE,FF19C425,3C640188,2801F992,D007F816,00000020,00000277
632,49086600,005C009A,000003D5,00310000,0001FFFE,FF1AC433,3C6501AD,2801F992,D007F816,00000020,00000278
633,50651500,005C009A,000003D5,002F0000,0001FFFE,FF1AC441,3C6601FA,2801F992,D007F816,00000020,00000279
634,50310000,0054009E,000003D5,002D0000,0001FFFE,FF1AC44E,3C6681DD,2801F992,D007F816,00000020,0000027A
635,50314500,0055009E,000003D5,002C0000,0001FFFE,FF1AC45B,3C6601CA,2801F992,D007F816,00000020,0000027B
636,50794800,004C009F,000003D5,002B0000,0001FFFE,FF1AC467,3C6681A3,2801F992,D007F816,00000020,0000027C
637,51064100,0051009F,000003D5,002B0000,0001FFFE,FF1AC473,3C67019E,2801F992,D007F816,00000020,0000027D
638,53872000,004C00A0,000003D5,002A0000,0001FFFE,FF1AC480,3C678196,2801F992,D007F816,00000020,0000027E
639,48205900,004B00A1,000003D5,002A0000,0001FFFF,FF1AC48C,3C6801B7,2801F992,D007F816,00000020,0000027F
640,49899600,004B00A2,000003D5,002B0000,0001FFFF,FF1BC498,3C6881BF,2801F992,D007F816,00000020,00000280
641,50892900,004D00A3,000003D5,002B0000,0001FFFF,FF1BC4A4,3C6901B5,2801F992,D007F816,00000020,00000281
642,49720000,004900A3,000003D5,002C0000,0001FFFF,FF1BC4B1,3C6981A0,2801F992,D007F816,00000020,00000282
643,50933200,004F00A5,000003D5,002E0000,0001FFFF,FF1BC4BE,3C6A81BE,2801F992,D007F816,00000020,00000283
644,50628000,004D00A3,000003D5,002F0000,0001FFFF,FF1BC4CB,3C6B8208,2801F992,D007F816,00000020,00000284
645,49391300,005100A6,000003D5,00300000,0001FFFF,FF1BC4D9,3C6B01A5,2801F992,D007F816,00000020,00000285
646,49885200,005200A8,000003D5,00320000,0001FFFF,FF1BC4E7,3C6B018D,2801F992,D007F816,00000020,00000286
647,51033300,005600A5,000003D5,00340000,0001FFFE,FF1BC4F6,3C6C018E,2801F992,D007F816,00000020,00000287
648,49871200,005600A7,000003D5,00360000,0001FFFE,FF1CC505,3C6C81A6,2801F992,D007F816,00000020,00000288
649,50784200,005B00AA,000003D5,00380000,0001FFFE,FF1CC514,3C6D019D,2801F992,D007F816,00000020,00000289
650,51361800,005D00A9,000003D5,003A0000,0001FFFE,FF1CC525,3C6E01B4,2801F992,D007F816,00000020,0000028A
651,51255900,006300A9,000003D5,003C0000,0001FFFE,FF1CC536,3C6E0197,2801F992,D007F816,00000020,0000028B
652,50215700,006500AA,000003D5,003E0000,0001FFFE,FF1CC547,3C6E81B0,2801F992,D007F816,00000020,0000028C
653,50955500,006800AE,000003D5,00400000,0001FFFE,FF1CC559,3C7001DA,2801F992,D007F016,00000020,0000028D
654,49733200,006E00AB,000003D5,00430000,0001FFFE,FF1CC56C,3C6F8199,2801F992,D007C816,00000020,0000028E
655,50205700,007200AC,000003D5,00450000,0001FFFE,FF1DC580,3C700199,2801F992,D007A816,00000020,0000028F
656,49597800,007700AF,000003D5,00470000,0001FFFE,FF1DC594,3C708194,2801F992,D0078816,00000020,00000290
657,51342200,007A00AD,000003D5,004A0000,0001FFFE,FF1DC5A9,3C7181AF,2801F992,D0076816,00000020,00000291
658,48915500,007B00B2,000003D5,004C0000,0001FFFE,FF1DC5BE,3C718199,2801F992,D0074816,00000020,00000292
659,49922600,008600AB,000003D5,004E0000,0001FFFE,FF1DC5D4,3C72018F,2801F992,D0073016,00000020,00000293
660,51120800,008900B1,000003D5,00510000,0001FFFE,FF1DC5EB,3C7381CD,2801F64B,D0071816,00000020,00000294
661,51565900,008D00B4,000003D5,00530000,0001FFFE,FF1DC603,3C73019C,2801F64B,D006F816,00000020,00000295
662,50309600,009100B2,000003D5,00550000,0001FFFE,FF1DC61B,3C73818B,2801F64B,D006E816,00000020,00000296
663,49987600,009700B4,000003D5,00570000,0001FFFD,FF1EC634,3C7581F5,2801F64B,D006D016,00000020,00000297
664,51017000,009A00B5,000003D5,00590000,0001FFFD,FF1EC64D,3C7581DC,2801F64B,D006B816,00000020,00000298
665,51293900,00A000AA,000003D5,005B0000,0001FFFD,FF1EC667,3C7581B9,2801F64B,D006A816,00000020,00000299
666,48880700,00A60089,000003D5,005D0000,0001FFFD,FF1EC681,3C7601C7,2801F64B,D0069016,00000020,0000029A
667,51003200,00A9003B,000003D5,005F0001,0001FFFD,FF1EC69C,3C75818B,2801F64B,D0067816,00000020,0000029B
668,49385500,00AEFFF8,000003D5,00600001,0001FFFD,FF1EC6B8,3C7601CC,2801F64B,D0066816,00000020,0000029C
669,50076900,00B6FFD2,000003D5,00620001,0000FFFD,FF1EC6D4,3C758191,2801F64B,D0065816,00000020,0000029D
670,50951700,00B4FF9B,000003D5,00630001,0000FFFD,FF1EC6F0,3C7501A7,2801F64B,D0064016,00000020,0000029E
671,51447300,00BAFF41,000003D5,00650001,0000FFFD,FF1EC70D,3C7481C2,2801F64B,D0063016,00000020,0000029F
672,49291200,00BEFF36,000003D5,00670001,0000FFFD,FF1DC72A,3C740187,2801F64B,D0062016,00000020,000002A0
673,49493200,00C3FF2D,000003D5,00690001,FFFFFFFD,FF1DC748,3C738184,2801F64B,D0060816,00000020,000002A1
674,51224300,00C6FF30,000003D5,006B0001,FFFFFFFD,FF1DC766,3C7381E9,2801F64B,D005F816,00000020,000002A2
675,50303800,00CAFF2D,000003D5,006E0000,FFFFFFFC,FF1DC785,3C7301C5,2801F64B,D005F016,00000020,000002A3
676,49954900,00CDFF30,000003D5,00700000,FFFFFFFC,FF1DC7A5,3C71819C,2801F64B,D005E016,00000020,000002A4
677,51245700,00D4FF29,000003D5,00720000,FFFFFFFC,FF1DC7C6,3C7101AF,2801F64B,D005D016,00000020,000002A5
678,49961300,00D4FF2C,000003D5,00740000,FFFFFFFC,FF1CC7E7,3C700183,2801F64B,D005C816,00000020,000002A6
679,50900500,00D8FF2F,000003D5,00760000,FFFFFFFC,FF1CC808,3C6F819C,2801F64B,D005B816,00000020,000002A7
680,50442100,00DAFF2E,000003D5,00780000,FFFFFFFC,FF1CC82A,3C6F81A9,2801F64B,D005B016,00000020,000002A8
681,51227900,00E1FF2F,000003D5,007A0000,FFFFFFFC,FF1CC84D,3C6E018D,2801F64B,D005B016,00000020,000002A9
682,50652100,00DEFF2D,000003D5,007B0000,FFFFFFFC,FF1CC870,3C6D81B1,2801F64B,D005A816,00000020,000002AA
683,51128000,00E3FF2F,000003D5,007D0000,FFFFFFFC,FF1CC894,3C6D81FA,2801F64B,D005A016,00000020,000002AB
684,50148500,00E4FF30,000003D5,007E0000,FFFFFFFC,FF1BC8B8,3C6C81A9,2801F64B,D0059816,00000020,000002AC
685,51758400,00E7FF30,000003D5,007F0000,FFFFFFFC,FF1BC8DC,3C6C01AC,2801F64B,D0059816,00000020,000002AD
686,49728900,00E3FF33,000003D5,00800000,FFFFFFFC,FF1BC901,3C6B01BC,2801F64B,D0059816,00000020,000002AE
687,50956400,00EAFF2F,000003D5,00810000,FFFFFFFC,FF1BC926,3C6A81A8,2801F64B,D0059016,00000020,000002AF
688,51576300,00E8FF35,000003D5,00820000,FFFFFFFC,FF1BC94B,3C6A81B6,2801F64B,D0059016,00000020,000002B0
689,50198000,00E7FF30,000003D5,00820000,FFFFFFFC,FF1BC970,3C690191,2801F64B,D0059816,00000020,000002B1
690,51232400,00ECFF36,000003D5,00820000,FFFFFFFC,FF1AC995,3C6901F1,2801F190,D0059816,00000020,000002B2
691,51826100,00E6FF5D,000003D5,00820000,FFFFFFFC,FF1AC9BB,3C6881D2,2801F190,D0059816,00000020,000002B3
692,49549100,00E7FFA9,000003D5,00820000,FFFFFFFC,FF1AC9E0,3C68018F,2801F190,D005A016,00000020,000002B4
693,50259900,00E9FFAB,000003D5,00820000,FFFFFFFC,FF1ACA05,3C6881CC,2801F190,D005A816,00000020,000002B5
694,51408100,00E6FFAA,000003D5,00820000,FFFFFFFC,FF1ACA2B,3C6701CE,2801F190,D005A816,00000020,000002B6
695,49339000,00E2FFA9,000003D5,00810000,FFFFFFFC,FF1ACA50,3C6801D5,2801F190,D005B016,00000020,000002B7
696,51016600,00E0FFAB,000003D5,00800000,FFFFFFFC,FF1ACA74,3C66819A,2801F190,D005C016,00000020,000002B8
697,50346500,00E0FFAC,000003D5,007E0000,FFFFFFFC,FF1ACA99,3C668195,2801F190,D005C816,00000020,000002B9
698,50945400,00DBFFAC,000003D5,007D0000,0000FFFC,FF1ACABD,3C660197,2801F190,D005D016,00000020,000002BA
699,49870800,00D8FFAC,000003D5,007B0000,0000FFFC,FF1ACAE0,3C660191,2801F190,D005E016,00000020,000002BB
700,50828400,00D8FFAD,000003D5,007A0000,0000FFFC,FF1ACB03,3C658190,2801F190,D005E816,00000020,000002BC
701,52002600,00D2FFB0,000003D5,00780000,0000FFFC,FF1ACB26,3C65819F,2801F190,D005F016,00000020,000002BD
702,51245000,00D3FFBE,000003D5,00770000,0000FFFC,FF1ACB48,3C6601EE,2801F190,D0060016,00000020,000002BE
703,51722100,00CEFFD8,000003D5,00750000,0000FFFC,FF1ACB6A,3C650197,2801F190,D0061016,00000020,000002BF
704,50402200,00C90007,000003D5,00730000,0000FFFC,FF1ACB8B,3C6501A0,2801F190,D0062016,00000020,000002C0
705,50938600,00C70029,000003D5,00720000,0000FFFC,FF1ACBAB,3C650191,2801F190,D0062816,00000020,000002C1
706,52150200,00C30050,000003D5,00700000,0000FFFC,FF1ACBCC,3C6681F3,2801F190,D0064016,00000020,000002C2
707,51138100,00BE005A,000003D5,006E0000,0000FFFC,FF1ACBEB,3C6681D4,2801F190,D0065016,00000020,000002C3
708,49312300,00BC0074,000003D5,006C0000,0000FFFC,FF1ACC0B,3C6601C7,2801F190,D0066016,00000020,000002C4
709,49733800,00B50080,000003D5,006B0000,0000FFFD,FF1ACC29,3C6701E9,2801F190,D0067016,00000020,000002C5
710,51303100,00B50088,000003D5,00680000,0001FFFD,FF1ACC48,3C6781BA,2801F190,D0068816,00000020,000002C6
711,48898000,00B6008D,000003D5,00670000,0001FFFD,FF1ACC65,3C670194,2801F190,D0069816,00000020,000002C7
712,54059700,00AD0094,000003D5,00650000,0001FFFD,FF1ACC82,3C6801AA,2801F190,D006A816,00000020,000002C8
713,47520200,00B10097,000003D5,00630000,0001FFFD,FF1ACC9F,3C68819C,2801F190,D006B816,00000020,000002C9
714,51662700,00A8009B,000003D5,00610000,0001FFFD,FF1BCCBB,3C688188,2801F190,D006C816,00000020,000002CA
715,50738800,00A8009C,000003D5,005F0000,0001FFFD,FF1BCCD6,3C690186,2801F190,D006D016,00000020,000002CB
716,50902100,00A7009F,000003D5,005E0000,0001FFFD,FF1BCCF1,3C6981CC,2801F190,D006E016,00000020,000002CC
717,51577600,00A600A1,000003D5,005C0000,0001FFFD,FF1BCD0C,3C6A0194,2801F190,D006E816,00000020,000002CD
718,50344900,00A100A5,000003D5,005B0000,0001FFFD,FF1BCD26,3C6A81B1,2801F190,D006F016,00000020,000002CE
719,49762100,009F00A2,000003D5,005A0000,0001FFFD,FF1BCD40,3C6B018B,2801F190,D006F816,00000020,000002CF
720,50509700,00A000A7,000003D5,00590000,0001FFFD,FF1BCD59,3C6C01B1,2801EB6A,D0070016,00000020,000002D0
721,53616500,009F00A5,000003D5,00580000,0001FFFD,FF1BCD72,3C6C81AB,2801EB6A,D0070016,00000020,000002D1
722,51818100,009B00A8,000003D5,00570000,0001FFFD,FF1CCD8C,3C6C0198,2801EB6A,D0070816,00000020,000002D2
723,47767100,009D00A9,000003D5,00570000,0001FFFD,FF1CCDA4,3C6D0189,2801EB6A,D0070816,00000020,000002D3
724,50997700,009B00A7,000003D5,00570000,0001FFFD,FF1CCDBD,3C6D81AD,2801EB6A,D0070816,00000020,000002D4
725,48740400,009B00AA,000003D5,00560000,0001FFFD,FF1CCDD6,3C6D8189,2801EB6A,D0070816,00000020,000002D5
726,50861600,009B00AB,000003D5,00560000,0001FFFD,FF1CCDEF,3C6E01AE,2801EB6A,D0070816,00000020,000002D6
727,50154500,009D00A9,000003D5,00560000,0001FFFD,FF1CCE07,3C6F01A1,2801EB6A,D0070016,00000020,000002D7
728,50580500,009900AF,000003D5,00560000,0001FFFD,FF1CCE20,3C7001D4,2801EB6A,D0070016,00000020,000002D8
729,123910000,009C00AA,000003D5,00560000,0001FFFD,FF1DCE39,3C7101C4,2801EB6A,D006F816,00000020,000002D9
730,12526000,009D00B1,000003D5,00570000,0001FFFD,FF1DCE52,3C70819E,2801EB6A,D006F016,00000020,000002DA
731,62523700,00A000AD,000003D5,00570000,0001FFFD,FF1DCE6B,3C710199,2801EB6A,D006F016,00000020,000002DB
732,38330400,009F00B0,000003D5,00580000,0001FFFD,FF1DCE84,3C7201C0,2801EB6A,D006E816,00000020,000002DC
733,51681400,009C00B1,000003D5,00580000,0001FFFD,FF1DCE9D,3C7301D7,2801EB6A,D006D816,00000020,000002DD
734,49993800,00A800B2,000003D5,00590000,0001FFFD,FF1DCEB6,3C7281A5,2801EB6A,D006D816,00000020,000002DE
735,50506000,00A000B0,000003D5,005A0000,0001FFFD,FF1DCED0,3C7381A9,2801EB6A,D006C816,00000020,000002DF
736,51440400,00A500B3,000003D5,005A0000,0001FFFD,FF1DCEEA,3C738185,2801EB6A,D006C016,00000020,000002E0
737,50102400,00A600B5,000003D5,005B0000,0001FFFD,FF1ECF04,3C7481AB,2801EB6A,D006B816,00000020,000002E1
738,50642700,00AA00AF,000003D5,005C0000,0001FFFD,FF1ECF1E,3C7481B8,2801EB6A,D006B016,00000020,000002E2
739,50140900,00AA0084,000003D5,005C0000,0001FFFD,FF1ECF38,3C750190,2801EB6A,D006A016,00000020,000002E3
740,51005900,00AD0039,000003D5,005D0001,0001FFFD,FF1ECF53,3C7581B7,2801EB6A,D0069816,00000020,000002E4
741,50791300,00B2FFF6,000003D5,005D0001,0001FFFD,FF1ECF6E,3C770217,2801EB6A,D0068816,00000020,000002E5
742,51099500,00B2FFD4,000003D5,005E0001,0000FFFD,FF1ECF88,3C750197,2801EB6A,D0068016,00000020,000002E6
743,50596400,00B6FFB9,000003D5,005F0001,0000FFFD,FF1ECFA4,3C7581AF,2801EB6A,D0067016,00000020,000002E7
744,50964500,00B5FFB1,000003D5,00600001,0000FFFD,FF1ECFBF,3C7501C6,2801EB6A,D0066016,00000020,000002E8
745,49950200,00B8FFAB,000003D5,00610001,0000FFFD,FF1ECFDB,3C7481C7,2801EB6A,D0065016,00000020,000002E9
746,50351100,00BDFFA4,000003D5,00630000,0000FFFD,FF1ECFF7,3C740199,2801EB6A,D0064816,00000020,000002EA
747,49959400,00BDFFA5,000003D5,00640000,0000FFFD,FF1DD013,3C740199,2801EB6A,D0063816,00000020,000002EB
748,49901100,00BEFF84,000003D5,00660001,0000FFFD,FF1DD030,3C738193,2801EB6A,D0063016,00000020,000002EC
749,50817900,00BFFF30,000003D5,00670001,FFFFFFFD,FF1DD04E,3C740203,2801EB6A,D0062016,00000020,000002ED
750,51106900,00C4FF2F,000003D5,00690001,FFFFFFFD,FF1DD06C,3C7201AD,2801E3B6,D0061816,00000020,000002EE
751,49422100,00C9FF2E,000003D5,006A0000,FFFFFFFC,FF1DD08A,3C7201AE,2801E3B6,D0060816,00000020,000002EF
752,51585800,00CAFF2C,000003D5,006C0000,FFFFFFFC,FF1DD0A9,3C7101CE,2801E3B6,D0060016,00000020,000002F0
753,51933400,00C8FF2C,000003D5,006E0000,FFFFFFFC,FF1CD0C8,3C7081BD,2801E3B6,D005F816,00000020,000002F1
754,49378900,00CCFF2B,000003D5,006F0000,FFFFFFFC,FF1CD0E8,3C7001A9,2801E3B6,D005F016,00000020,000002F2
755,52186300,00D1FF32,000003D5,00710000,FFFFFFFC,FF1CD108,3C7001C3,2801E3B6,D005E816,00000020,000002F3
756,49425000,00D3FF2D,000003D5,00720000,FFFFFFFC,FF1CD128,3C6E8197,2801E3B6,D005E016,00000020,000002F4
757,49834400,00D1FF2F,000003D5,00730000,FFFFFFFC,FF1CD149,3C6D81D1,2801E3B6,D005D816,00000020,000002F5
758,49762900,00D3FF32,000003D5,00740000,FFFFFFFC,FF1CD16A,3C6D018D,2801E3B6,D005D816,00000020,000002F6
759,50243900,00D8FF5B,000003D5,00750000,FFFFFFFC,FF1CD18C,3C6C8184,2801E3B6,D005D016,00000020,000002F7
760,50193300,00D9FFA4,000003D5,00760000,FFFFFFFC,FF1BD1AE,3C6C81AF,2801E3B6,D005D016,00000020,000002F8
761,51935300,00D5FFA6,000003D5,00770000,FFFFFFFC,FF1BD1D0,3C6B8190,2801E3B6,D005D016,00000020,000002F9
762,118662800,00DCFFA7,000003D5,00780000,FFFFFFFC,FF1BD1F2,3C6B8193,2801E3B6,D005D016,00000020,000002FA
763,13328000,00D8FFA6,000003D5,00780000,FFFFFFFC,FF1BD214,3C6B0195,2801E3B6,D005D816,00000020,000002FB
764,51560600,00D4FFA9,000003D5,00780000,FFFFFFFC,FF1BD237,3C6B0183,2801E3B6,D005D816,00000020,000002FC
765,50989400,00D7FFA6,000003D5,00780000,FFFFFFFC,FF1BD259,3C6C0228,2801E3B6,D005D816,00000020,000002FD
766,51219200,00D8FFA8,000003D5,00780000,FFFFFFFC,FF1BD27B,3C6A81D3,2801E3B6,D005E016,00000020,000002FE
767,53159200,00D8FFA9,000003D5,00770000,0000FFFC,FF1BD29E,3C6A81B2,2801E3B6,D005E016,00000020,000002FF
768,49524100,00D1FFA8,000003D5,00770000,0000FFFC,FF1BD2C0,3C6B01F4,2801E3B6,D005E816,00000020,00000300
769,49234700,00D8FFA8,000003D5,00760000,0000FFFC,FF1BD2E2,3C6A0196,2801E3B6,D005F016,00000020,00000301
770,49740300,00D1FFA9,000003D5,00760000,0000FFFC,FF1BD303,3C69818A,2801E3B6,D005F816,00000020,00000302
771,140626700,00D4FFAA,000003D5,00750000,0000FFFC,FF1BD325,3C6A01D9,2801E3B6,D005F816,00000020,00000303
772,12922600,00CFFFA9,000003D5,00740000,0000FFFC,FF1BD346,3C688184,2801E3B6,D0060016,00000020,00000304
773,51599100,00CDFFAA,000003D5,00730000,0000FFFC,FF1BD367,3C688194,2801E3B6,D0060816,00000020,00000305
774,49635300,00CFFFA9,000003D5,00720000,0000FFFC,FF1AD388,3C6901AB,2801E3B6,D0061016,00000020,00000306
775,50066900,00CCFFAD,000003D5,00710000,0000FFFC,FF1AD3A9,3C680188,2801E3B6,D0061016,00000020,00000307
776,49959300,00C8FFAD,000003D5,00710000,0000FFFC,FF1AD3C9,3C680196,2801E3B6,D0061816,00000020,00000308
777,51240300,00C6FFB8,000003D5,006F0000,0000FFFC,FF1AD3E9,3C678185,2801E3B6,D0062816,00000020,00000309
778,50537800,00C6FFDC,000003D5,006F0000,0000FFFC,FF1AD409,3C678195,2801E3B6,D0063016,00000020,0000030A
779,50598500,00C40002,000003D5,006E0000,0000FFFC,FF1AD429,3C68821C,2801E3B6,D0063816,00000020,0000030B
780,51621900,00C2002A,000003D5,006D0000,0000FFFC,FF1AD448,3C67818C,2801DA52,D0064016,00000020,0000030C
781,50004500,00BA004E,000003D5,006CFFFF,0000FFFC,FF1AD467,3C6781B2,2801DA52,D0065016,00000020,0000030D
782,50326700,00BE005F,000003D5,006BFFFF,0000FFFC,FF1AD486,3C680191,2801DA52,D0065816,00000020,0000030E
783,51346600,00B60075,000003D5,006A0000,0000FFFD,FF1BD4A4,3C6901C7,2801DA52,D0066816,00000020,0000030F
784,51404500,00B80082,000003D5,00690000,0000FFFD,FF1BD4C2,3C69019C,2801DA52,D0067816,00000020,00000310
785,50061300,00B60089,000003D5,00680000,0001FFFD,FF1BD4E0,3C6981A1,2801DA52,D0068016,00000020,00000311
786,50233200,00B30091,000003D5,00660000,0001FFFD,FF1BD4FE,3C6B01E7,2801DA52,D0068816,00000020,00000312
787,51221600,00B00098,000003D5,00650000,0001FFFD,FF1BD51B,3C6A819D,2801DA52,D0069816,00000020,00000313
788,49773700,00B0009A,000003D5,00640000,0001FFFD,FF1BD537,3C6C0224,2801DA52,D006A016,00000020,00000314
789,50070800,00AF00A0,000003D5,00620000,0001FFFD,FF1BD554,3C6B81A9,2801DA52,D006A816,00000020,00000315
790,52321400,00AC00A0,000003D5,00610000,0001FFFD,FF1BD570,3C6C8202,2801DA52,D006B816,00000020,00000316
791,49603500,00AE00A3,000003D5,00600000,0001FFFD,FF1CD58B,3C6C01A3,2801DA52,D006B816,00000020,00000317
792,51538400,00A900A3,000003D5,005F0000,0001FFFD,FF1CD5A6,3C6C8197,2801DA52,D006C016,00000020,00000318
793,51921600,00A900A8,000003D5,005E0000,0001FFFD,FF1CD5C1,3C6D01D3,2801DA52,D006C816,00000020,00000319
794,52042500,00A800A7,000003D5,005D0000,0001FFFD,FF1CD5DC,3C6E01B7,2801DA52,D006C816,00000020,0000031A
795,48596100,00AA00A9,000003D5,005D0000,0001FFFD,FF1CD5F7,3C6E019F,2801DA52,D006D016,00000020,0000031B
796,50673600,00A700A9,000003D5,005C0000,0001FFFD,FF1CD611,3C6E8190,2801DA52,D006D816,00000020,0000031C
797,50300800,00A600AB,000003D5,005C0000,0001FFFD,FF1CD62B,3C6F01BA,2801DA52,D006D016,00000020,0000031D
798,49727200,00A700AB,000003D5,005B0000,0001FFFD,FF1CD646,3C6F81A6,2801DA52,D006D016,00000020,0000031E
799,50235400,00A700AE,000003D5,005B0000,0001FFFD,FF1DD660,3C7081A5,2801DA52,D006D016,00000020,0000031F
800,50621000,00A400AD,000003D5,005B0000,0001FFFD,FF1DD67A,3C718206,2801DA52,D006D016,00000020,00000320
801,51699800,00AB00AE,000003D5,005B0000,0001FFFD,FF1DD694,3C71019C,2801DA52,D006C816,00000020,00000321
802,52101700,00A400AE,000003D5,005B0000,0001FFFD,FF1DD6AE,3C718185,2801DA52,D006C816,00000020,00000322
803,48954300,00AA00B1,000003D5,005B0000,0001FFFD,FF1DD6C8,3C720199,2801DA52,D006C016,00000020,00000323
804,50944600,00AB00B1,000003D5,005C0000,0001FFFD,FF1DD6E3,3C7301F1,2801DA52,D006C016,00000020,00000324
805,50340500,00A800B1,000003D5,005C0000,0001FFFD,FF1DD6FD,3C7381AA,2801DA52,D006B816,00000020,00000325
806,50450300,00A800B4,000003D5,005D0000,0001FFFD,FF1ED717,3C74019D,2801DA52,D006B016,00000020,00000326
807,50824900,00AB00AE,000003D5,005D0000,0001FFFD,FF1ED732,3C7481AD,2801DA52,D006A816,00000020,00000327
808,49977400,00B00084,000003D5,005D0000,0001FFFD,FF1ED74D,3C75019C,2801DA52,D006A016,00000020,00000328
809,50674600,00B10039,000003D5,005D0001,0001FFFD,FF1ED767,3C748185,2801DA52,D0069816,00000020,00000329
810,51147500,00AFFFF8,000003D5,005D0001,0001FFFD,FF1ED782,3C75019E,2801D01C,D0069016,00000020,0000032A
811,51635400,00B2FFD1,000003D5,005E0001,0000FFFD,FF1ED79D,3C7481BF,2801D01C,D0068016,00000020,0000032B
812,50747900,00B6FFBD,000003D5,005E0001,0000FFFD,FF1ED7B8,3C74818E,2801D01C,D0067816,00000020,0000032C
813,51649500,00B8FFB1,000003D5,005F0001,0000FFFD,FF1ED7D3,3C7501B6,2801D01C,D0066816,00000020,0000032D
814,51931000,00B6FFA9,000003D5,00600001,0000FFFD,FF1DD7EF,3C7401BF,2801D01C,D0066016,00000020,0000032E
815,50582300,00BCFFA6,000003D5,00620000,0000FFFD,FF1DD80A,3C7481BA,2801D01C,D0065016,00000020,0000032F
816,50192100,00BAFFA4,000003D5,00630000,0000FFFD,FF1DD827,3C730188,2801D01C,D0064816,00000020,00000330
817,50900600,00BFFFA1,000003D5,00640000,0000FFFD,FF1DD843,3C73019F,2801D01C,D0064016,00000020,00000331
818,48842400,00BEFFA4,000003D5,00660000,0000FFFD,FF1DD860,3C7401DE,2801D01C,D0063016,00000020,00000332
819,51532600,00C2FFA1,000003D5,00670000,0000FFFD,FF1DD87E,3C7281A6,2801D01C,D0062816,00000020,00000333
820,51085900,00C2FFA2,000003D5,00690000,0000FFFD,FF1DD89C,3C720195,2801D01C,D0062016,00000020,00000334
821,50756600,00C5FF83,000003D5,006A0000,FFFFFFFC,FF1DD8BA,3C7201AE,2801D01C,D0061816,00000020,00000335
822,50697500,00C5FF34,000003D5,006B0001,FFFFFFFC,FF1DD8D8,3C71819B,2801D01C,D0061016,00000020,00000336
823,50294500,00CBFF2E,000003D5,006C0001,FFFFFFFC,FF1DD8F7,3C708190,2801D01C,D0060816,00000020,00000337
824,49992000,00C8FF59,000003D5,006E0000,FFFFFFFC,FF1CD917,3C700196,2801D01C,D0060016,00000020,00000338
825,50387800,00D1FF81,000003D5,006F0000,FFFFFFFC,FF1CD936,3C6F818D,2801D01C,D005F816,00000020,00000339
826,50275400,00C9FF35,000003D5,00700000,FFFFFFFC,FF1CD956,3C6F019D,2801D01C,D005F816,00000020,0000033A
827,52449200,00D2FF59,000003D5,00710000,FFFFFFFC,FF1CD976,3C6E8198,2801D01C,D005F016,00000020,0000033B
828,50088900,00D2FFA5,000003D5,00720000,FFFFFFFC,FF1CD997,3C6F01C7,2801D01C,D005E816,00000020,0000033C
829,50142000,00D4FFA5,000003D5,00730000,FFFFFFFC,FF1CD9B8,3C6E0190,2801D01C,D005E816,00000020,0000033D
830,50897300,00D2FFA4,000003D5,00730000,FFFFFFFC,FF1CD9D9,3C6D819D,2801D01C,D005E816,00000020,0000033E
831,51520700,00D3FFA5,000003D5,00740000,FFFFFFFC,FF1CD9FA,3C6E01BC,2801D01C,D005E816,00000020,0000033F
832,50272400,00D5FFA4,000003D5,00740000,FFFFFFFC,FF1CDA1B,3C6D81AA,2801D01C,D005E816,00000020,00000340
833,47705600,00D4FFA8,000003D5,00750000,FFFFFFFC,FF1CDA3C,3C6C81B6,2801D01C,D005E816,00000020,00000341
834,50961800,00D4FFA5,000003D5,00750000,FFFFFFFC,FF1CDA5E,3C6D01D7,2801D01C,D005E816,00000020,00000342
835,49971100,00D5FFA8,000003D5,00750000,0000FFFC,FF1BDA7F,3C6C81A7,2801D01C,D005E816,00000020,00000343
836,136006300,00D3FFA5,000003D5,00750000,0000FFFC,FF1BDAA1,3C6C81D4,2801D01C,D005F016,00000020,00000344
837,17871300,00D3FFA8,000003D5,00750000,0000FFFC,FF1BDAC2,3C6C01A3,2801D01C,D005F016,00000020,00000345
838,48431900,00D6FFA7,000003D5,00740000,0000FFFC,FF1BDAE4,3C6C021B,2801D01C,D005F816,00000020,00000346
839,52090700,00CEFFA9,000003D5,00740000,0000FFFC,FF1BDB05,3C6B0191,2801D01C,D005F816,00000020,00000347
840,49593900,00D3FFA7,000003D5,00730000,0000FFFC,FF1BDB26,3C6B0213,2801C44F,D0060016,00000020,00000348
841,50272900,00CFFFA8,000003D5,00720000,0000FFFC,FF1BDB46,3C6B01A6,2801C44F,D0060816,00000020,00000349
842,50881700,00CDFFA9,000003D5,00710000,0000FFFC,FF1BDB67,3C6A81AA,2801C44F,D0062016,00000020,0000034A
843,50519200,00CAFFA8,000003D5,006F0000,0000FFFC,FF1BDB87,3C6981B8,2801C44F,D0063016,00000020,0000034B
844,130107900,00C7FFAD,000003D5,006D0000,0000FFFC,FF1BDBA6,3C6A01AF,2801C44F,D0064016,00000020,0000034C
845,15379400,00C3FFB6,000003D5,006B0000,0000FFFC,FF1BDBC5,3C6A01A3,2801C44F,D0066016,00000020,0000034D
846,50185700,00C3FFDB,000003D5,00680000,0000FFFC,FF1BDBE3,3C698199,2801C44F,D0067816,00000020,0000034E
847,51024200,00BB0002,000003D5,00650000,0000FFFC,FF1BDC00,3C6981AE,2801C44F,D0069016,00000020,0000034F
848,51092800,00B6002C,000003D5,00620000,0000FFFD,FF1BDC1D,3C690183,2801C44F,D006B816,00000020,00000350
849,49204800,00B3004C,000003D5,005FFFFF,0000FFFD,FF1BDC38,3C6A01A0,2801C44F,D006D816,00000020,00000351
850,50355400,00A90061,000003D5,005CFFFF,0000FFFD,FF1BDC53,3C6A01BC,2801C44F,D0070016,00000020,00000352
851,50572100,00A90076,000003D5,00580000,0000FFFD,FF1BDC6D,3C6A018F,2801C44F,D0073016,00000020,00000353
852,50406000,009E0084,000003D5,00550000,0000FFFD,FF1BDC86,3C6B019D,2801C44F,D0076016,00000020,00000354
853,117319500,009A008C,000003D5,00510000,0001FFFD,FF1BDC9D,3C6B819D,2801C44F,D0079816,00000020,00000355
854,14560800,00930094,000003D5,004D0000,0001FFFD,FF1BDCB4,3C6B81B7,2801C44F,D007C816,00000020,00000356
855,50018100,008D0098,000003D5,00490000,0001FFFD,FF1CDCC9,3C6C01B2,2801C44F,D007F816,00000020,00000357
856,49905700,008A009F,000003D5,00450000,0001FFFD,FF1CDCDD,3C6D01B8,2801C44F,D007F816,00000020,00000358
857,51122800,008200A2,000003D5,00410000,0001FFFD,FF1CDCF0,3C6D81F4,2801C44F,D007F816,00000020,00000359
858,49426500,007B00A3,000003D5,003E0000,0001FFFE,FF1CDD02,3C6D8186,2801C44F,D007F816,00000020,0000035A
859,50928000,007700A8,000003D5,003A0000,0001FFFE,FF1CDD13,3C6E01A9,2801C44F,D007F816,00000020,0000035B
860,50579500,007400A7,000003D5,00370000,0001FFFE,FF1CDD23,3C6F01BD,2801C44F,D007F816,00000020,0000035C
861,49780900,007000AB,000003D5,00340000,0001FFFE,FF1CDD32,3C6F81B8,2801C44F,D007F816,00000020,0000035D
862,53549000,006300AA,000003D5,00310000,0001FFFE,FF1CDD40,3C6F8197,2801C44F,D007F816,00000020,0000035E
863,50695900,006300AD,000003D5,002E0000,0001FFFE,FF1DDD4E,3C7081A3,2801C44F,D007F816,00000020,0000035F
864,49437100,005E00AD,000003D5,002B0000,0001FFFE,FF1DDD5B,3C7181EA,2801C44F,D007F816,00000020,00000360
865,51957400,005600AE,000003D5,00290000,0001FFFE,FF1DDD67,3C71019F,2801C44F,D007F816,00000020,00000361
866,50740700,005600B0,000003D5,00270000,0001FFFE,FF1DDD72,3C718188,2801C44F,D007F816,00000020,00000362
867,49641600,005100B2,000003D5,00240000,0001FFFE,FF1DDD7D,3C72018B,2801C44F,D007F816,00000020,00000363
868,50973500,004F00AE,000003D5,00220000,0001FFFE,FF1DDD87,3C73019D,2801C44F,D007F816,00000020,00000364
869,50908100,004300B4,000003D5,00200000,0001FFFF,FF1DDD90,3C7381A1,2801C44F,D007F816,00000020,00000365
870,49744600,003600B3,FFFF03D5,00160000,0001FFFF,FF1EDD97,3C7381C2,2801B71B,D007F816,00000020,00000366
871,50313500,003200B3,FFFF03D5,000E0000,0001FFFF,FF1EDD9C,3C7501BA,2801B71B,D007F816,00000020,00000367
872,50440300,002800B6,000003D5,00080000,0001FFFF,FF1EDD9F,3C7601E6,2801B71B,D007F816,00000020,00000368
873,51259900,002400B6,000003D5,00040000,0001FFFF,FF1EDDA1,3C7581B2,2801B71B,D007F816,00000020,00000369
874,48753100,001E00B6,000003D5,00020000,0001FFFF,FF1EDDA1,3C7601BD,2801B71B,D007F816,00000020,0000036A
875,50866700,001800B7,000003D5,00000000,0001FFFF,FF1EDDA2,3C768197,2801B71B,D007F816,00000020,0000036B
876,50991000,001400B9,000003D5,FFFF0000,0001FFFF,FF1EDDA1,3C770199,2801B71B,E007F816,00000020,0000036C
877,50149100,000A00B7,000003D5,FFFE0000,00010000,FF1FDDA1,3C778186,2801B71B,E007F816,00000020,0000036D
878,50190700,001000BC,000003D5,FFFE0000,00010000,FF1FDDA0,3C7881A0,2801B71B,E007F816,00000020,0000036E
879,51492200,000800BA,000003D5,FFFE0000,00010000,FF1FDDA0,3C7901CA,2801B71B,E007F816,00000020,0000036F
880,49648000,000100BC,000003D5,FFFE0000,00010000,FF1FDD9F,3C7901BD,2801B71B,E007F816,00000020,00000370
881,50693700,000600BC,000003D5,FFFF0000,00010000,FF1FDD9F,3C7A019F,2801B71B,E007F816,00000020,00000371
882,49638500,000300BD,000003D5,FFFF0000,00010000,001FDD9F,3C7B01BD,2801B71B,E007F816,00000020,00000372
883,50021300,FFFD00BE,000003D5,FFFF0000,00010000,001FDD9E,3C7B0196,2801B71B,E007F816,00000020,00000373
884,49519800,000300BE,000003D5,FFFF0000,00010000,0020DD9E,3C7D01FD,2801B71B,E007F816,00000020,00000374
885,49270500,FFFF00BF,000003D5,FFFF0000,00010000,0020DD9E,3C7C81A7,2801B71B,E007F816,00000020,00000375
886,50050600,FFFF00C1,000003D5,00000000,00010000,0020DD9E,3C7D81AD,2801B71B,E007F816,00000020,00000376
887,49830000,FFFF00C1,000003D5,00000000,00010000,0020DD9E,3C7D81A0,2801B71B,E007F816,00000020,00000377
888,51094500,000100C1,000003D5,00000000,00010000,0020DD9E,3C7E01A0,2801B71B,E007F816,00000020,00000378
889,50298500,FFFD00C3,000003D5,00000000,00010000,0020DD9E,3C80022E,2801B71B,E007F816,00000020,00000379
890,49835800,FFFF00C4,000003D5,00000000,00010000,0020DD9E,3C7F81AA,2801B71B,E007F816,00000020,0000037A
891,51388300,000100C5,000003D5,00000000,00010000,0021DD9E,3C7F81BA,2801B71B,E007F816,00000020,0000037B
892,50298400,FFFF00C6,000003D5,00000000,00010000,0021DD9E,3C8181D2,2801B71B,E007F816,00000020,0000037C
893,51603000,FFFF00C7,000003D5,00000000,00010000,0021DD9E,3C810195,2801B71B,E007F816,00000020,0000037D
894,50949100,000100C8,000003D5,00000000,00010000,0021DD9E,3C8201AA,2801B71B,E007F816,00000020,0000037E
895,51491500,FFFF00C9,000003D5,00000000,00010000,0021DD9E,3C820194,2801B71B,E007F816,00000020,0000037F
896,51503700,FFFF00C8,000003D5,00000000,00010000,0021DD9E,3C828192,2801B71B,E007F816,00000020,00000380
897,49331800,000100CB,000003D5,00000000,00010000,0022DD9E,3C8401AA,2801B71B,E007F816,00000020,00000381
898,50149000,FFFF00CB,000003D5,00000000,00010000,0022DD9E,3C8381AA,2801B71B,E007F816,00000020,00000382
899,50494400,000100CB,000003D5,00000000,00010000,0022DD9E,3C8581B7,2801B71B,E007F816,00000020,00000383
900,50338700,FFFF00CE,000003D5,00000000,00010000,0022DD9E,3C85018D,2801A981,E007F816,00000020,00000384
901,50313200,000100CC,000003D5,00000000,00010000,0022DD9E,3C85818C,2BFDA981,E007F816,00000020,00000385
902,49893700,FFFF00D0,000003D5,00000000,00010000,0022DD9E,3C88823C,2BFDA981,E007F816,00000020,00000386
903,51594100,000100CF,000003D5,00000000,00010000,0023DD9E,3C8781A1,2BFDA981,E007F816,00000020,00000387
904,49661000,000100D1,000003D5,00000000,00010000,0023DD9E,3C8881CD,2BFDA981,E007F816,00000020,00000388
905,49392300,FFFF00D1,000003D5,00000000,00010000,0023DD9E,3C88818C,2BFDA981,E007F816,00000020,00000389
906,49506300,000100D2,000003D5,00000000,00010000,0023DD9E,3C8981AC,2BFDA981,E007F816,00000020,0000038A
907,51550800,FFFF00D4,000003D5,00000000,00010000,0023DD9E,3C8A01A9,2BFDA981,E007F816,00000020,0000038B
908,49706000,000100D3,000003D5,00000000,00010000,0023DD9E,3C8A01B5,2BFDA981,E007F816,00000020,0000038C
909,51784200,000100D8,000003D5,00000000,00010000,0023DD9E,3C8B81AE,2BFDA981,E007F816,00000020,0000038D
910,50602000,000100D4,000003D5,00000000,00010000,0024DD9E,3C8B819B,2BFDA981,E007F816,00000020,0000038E
911,50934200,FFFF00D7,000003D5,00000000,00010000,0024DD9E,3C8C8199,2BFDA981,E007F816,00000020,0000038F
912,50487500,000000DA,000003D5,00000000,00010000,0024DD9E,3C8D81C9,2BFDA981,E007F816,00000020,00000390
913,49096900,000100D7,000003D5,00000000,00010000,0024DD9E,3C8D819C,2BFDA981,E007F816,00000020,00000391
914,51312900,FFFE00DC,000003D5,00000000,00010000,0024DD9E,3C8E018A,2BFDA981,E007F816,00000020,00000392
915,51468900,000000DA,000003D5,00000000,00010000,0025DD9E,3C8F81C2,2BFDA981,E007F816,00000020,00000393
916,49143700,000000DC,000003D5,00000000,00010000,0025DD9E,3C90019E,2BFDA981,E0FFF816,00000020,00000394
917,50287000,FFF600DD,000003D5,FFF80000,00010000,FF25DD9C,3C9101CA,2BFDA981,E0FFF816,00000020,00000395
918,49037900,FFEA00DF,000003D5,FFF10000,00010000,FF25DD99,3C9101AF,2BFDA981,E0FFF816,00000020,00000396
919,52790000,FFEB00DE,000003D5,FFEC0000,00010000,0025DD94,3C9181D6,2BFDA981,E0FFF816,00000020,00000397
920,49468100,FFE500DF,000003D5,FFE80000,00010000,0025DD8D,3C9301D3,2BFDA981,E0FFF816,00000020,00000398
921,50268900,FFE100E1,000003D5,FFE50000,00010000,0026DD86,3C9281D5,2BFDA981,E0FFF816,00000020,00000399
922,52040700,FFDB00E2,000003D5,FFE30000,00010001,0026DD7E,3C940236,2BFDA981,E0FFF816,00000020,0000039A
923,47918500,FFD400E2,000003D5,FFE20000,00010001,0026DD75,3C9501B6,2BFDA981,E0FFF816,00000020,0000039B
924,50860200,FFDC00E4,000003D5,FFEA0000,00010001,0026DD6E,3C950197,2BFDA981,E007F816,00000020,0000039C
925,49736800,FFE000E2,000003D5,FFF00000,00010001,0026DD69,3C958182,2BFDA981,E007F816,00000020,0000039D
926,50187500,FFD800E5,000003D5,FFF50000,00010001,0026DD65,3C970226,2BFDA981,E007F816,00000020,0000039E
927,50166400,FFE400E2,000003D5,FFF90000,00010001,0027DD63,3C97018A,2BFDA981,E007F816,00000020,0000039F
928,52330600,FFDC00E5,000003D5,FFFC0000,00010001,0027DD61,3C97818D,2BFDA981,E0FFF816,00000020,000003A0
929,50667700,FFE600E4,000003D5,FFFE0000,00010001,0027DD60,3C98819D,2BFDA981,E0FFF816,00000020,000003A1
930,50515500,FFD900E4,000003D5,FFF80000,00010001,0027DD5F,3C990190,2BFD9AF5,E0FFF816,00000020,000003A2
931,50527600,FFDF00E3,000003D5,FFF30000,00010001,0027DD5C,3C9A01B0,2BFD9AF5,E0FFF816,00000020,000003A3
932,50483600,FFDD00E5,000003D5,FFEE0000,00010001,0028DD57,3C9B01B9,2BFD9AF5,E0FFF816,00000020,000003A4
933,51859100,FFD900E3,000003D5,FFEB0000,00010001,0028DD51,3C9B01A0,2BFD9AF5,E0FFF816,00000020,000003A5
934,51613500,FFE100E5,000003D5,FFF00000,00010001,0028DD4C,3C9C01A2,2BFD9AF5,E007F816,00000020,000003A6
935,49229500,FFE700E4,000003D5,FFF50000,00010001,0028DD48,3C9C8191,2BFD9AF5,E007F816,00000020,000003A7
936,51285500,FFE600E5,000003D5,FFF80000,00010001,0028DD46,3C9D81B8,2BFD9AF5,E007F816,00000020,000003A8
937,50396500,FFEA00E4,000003D5,FFFB0000,00010000,0028DD44,3C9F01C6,2BFD9AF5,E007F816,00000020,000003A9
938,51416000,FFE800E4,000003D5,FFFD0000,00010000,0029DD43,3C9F01A1,2BFD9AF5,E007F816,00000020,000003AA
939,52766400,FFEA00E5,000003D5,FFFF0000,00010000,0029DD43,3CA001BF,2BFD9AF5,E007F816,00000020,000003AB
940,48691800,FFF000E4,000003D5,00000000,00010000,0029DD42,3C9F8185,2BFD9AF5,E007F816,00000020,000003AC
941,52714500,FFF400DF,000003D5,00010000,00010000,0029DD43,3CA101B8,2BFD9AF5,E007F816,00000020,000003AD
942,50812900,FFF100AE,000003D5,00010000,00010000,0029DD43,3CA101D8,2BFD9AF5,E0FFF816,00000020,000003AE
943,50134700,FFF7002B,000003D5,00020001,00010000,0029DD43,3CA201BC,2BFD9AF5,E0FFF816,00000020,000003AF
944,52889600,FFF0FF87,000003D6,FFFA0002,00010000,0029DD43,3CA10196,28019AF5,E0FFF816,00000020,000003B0
945,52863300,FFE7FF4B,000003D5,FFF40002,00000000,0029DD40,3CA181C5,28019AF5,E0FFF816,00000020,000003B1
946,45973400,FFE4FF2C,000003D5,FFEF0001,00000000,0029DD3B,3CA18245,28019AF5,E0FFF816,00000020,000003B2
947,57071400,FFECFF1C,000003D5,FFEB0001,00000000,0029DD36,3C9E81A8,28019AF5,E0FFD016,00000020,000003B3
948,45634600,FFDAFF12,000003D5,FFE80001,FFFF0001,0028DD2F,3C9E8207,28019AF5,E0FFD016,00000020,000003B4
949,50265900,FFDDFF0C,000003D5,FFE60001,FFFF0001,0028DD28,3C9E01A9,28019AF5,E0FF8816,00000020,000003B5
950,51488100,FFD1FEEE,000003D5,FFE40001,FFFF0001,0028DD20,3C9D019B,28019AF5,E0FF8816,00000020,000003B6
951,51813000,FFD2FE89,000003D5,FFE30001,FFFF0001,0028DD18,3C9C01AE,28019AF5,E0FF6016,00000020,000003B7
952,49057700,FFCEFE78,000003D5,FFE30001,FFFE0001,0027DD10,3C9B01B4,28019AF5,E0FF6016,00000020,000003B8
953,51167500,FFC5FE78,000003D5,FFE30001,FFFE0001,0027DD07,3C99819B,28019AF5,E0076016,00000020,000003B9
954,51167600,FFC9FE77,000003D5,FFE30000,FFFE0001,0027DCFF,3C9881A3,28019AF5,E0072016,00000020,000003BA
955,48030000,FFC0FE78,000003D5,FFE40000,FFFE0001,0026DCF7,3C9701C5,28019AF5,E0072016,00000020,000003BB
956,107712300,FFC1FE78,000003D5,FFE40000,FFFE0001,0026DCEF,3C960194,28019AF5,E006F816,00000020,000003BC
957,13303900,FFCBFE7A,000003D5,FFEC0000,FFFE0001,0026DCE8,3C9481A8,28019AF5,E006F816,00000020,000003BD
958,50953100,FFCDFE7B,000003D5,FFF30000,FFFE0001,0025DCE4,3C9481C7,28019AF5,E006F816,00000020,000003BE
959,49993600,FFD2FE7C,000003D5,FFF80000,FFFE0001,0025DCE1,3C9281C2,28019AF5,E006C016,00000020,000003BF
960,50910000,FFD4FE7C,000003D5,FFFC0000,FFFE0001,0025DCDF,3C910192,28018B3C,E006C016,00000020,000003C0
961,51592100,FFD4FE7E,000003D5,FFF70000,FFFE0001,0025DCDD,3C9081A7,28018B3C,E0FE9816,00000020,000003C1
962,52686800,FFCCFE7F,000003D5,FFF30000,FFFE0001,0024DCDA,3C8F019D,28018B3C,E0FE9816,00000020,000003C2
963,48357600,FFD2FE80,000003D5,FFEF0000,FFFE0001,0024DCD5,3C8D818B,28018B3C,E0FE9816,00000020,000003C3
964,51077100,FFD5FE81,000003D5,FFEC0000,FFFE0001,0024DCD0,3C8D81D5,28018B3C,E0066816,00000020,000003C4
965,50720000,FFCFFE82,000003D5,FFEA0000,FFFE0001,0023DCCA,3C8C01DD,28018B3C,E0066816,00000020,000003C5
966,52153200,FFD2FE83,000003D5,FFE80000,FFFE0001,0023DCC3,3C8A81AF,28018B3C,E0064016,00000020,000003C6
967,51481300,FFDAFE83,000003D5,FFEF0000,FFFE0001,0023DCBE,3C888186,28018B3C,E0064016,00000020,000003C7
968,51172400,FFE0FE85,000003D5,FFF40000,FFFE0001,0022DCBA,3C8801B6,28018B3C,E0064016,00000020,000003C8
969,49408900,FFE2FE87,000003D5,FFF80000,FFFE0001,0022DCB7,3C87019D,28018B3C,E0061016,00000020,000003C9
970,49553800,FFE0FE88,000003D5,FFFB0000,FFFE0001,0022DCB5,3C8581B4,28018B3C,E0061016,00000020,000003CA
971,49519800,FFE8FE88,000003D5,FFFE0000,FFFE0001,0022DCB4,3C840187,28018B3C,E0061016,00000020,000003CB
972,50526400,FFEAFE89,000003D5,FFFF0000,FFFE0001,0021DCB4,3C8301B6,28018B3C,E005F016,00000020,000003CC
973,51813900,FFF0FE8B,000003D5,00010000,FFFE0000,0021DCB4,3C8281B7,28018B3C,E005F016,00000020,000003CD
974,51377200,FFF2FE8C,000003D5,00010000,FFFE0000,0021DCB4,3C8101A8,28018B3C,E005C816,00000020,000003CE
975,51217500,FFF2FE8D,000003D5,00020000,FFFE0000,0020DCB5,3C800196,28018B3C,E005C816,00000020,000003CF
976,50252600,FFFAFE8D,000003D5,00020000,FFFE0000,0020DCB5,3C7E8184,28018B3C,E005C816,00000020,000003D0
977,51075500,FFF8FE8E,000003D5,00020000,FFFE0000,0020DCB6,3C7D81BB,28018B3C,E005A016,00000020,000003D1
978,50712600,FFFEFE90,000003D5,00010000,FFFE0000,0020DCB6,3C7D01C6,28018B3C,E005A016,00000020,000003D2
979,51390400,FFFEFE91,000003D5,00010000,FFFE0000,001FDCB7,3C7C01DF,28018B3C,E005A016,00000020,000003D3
980,48599500,000CFE91,000003D5,000A0000,FFFE0000,001FDCB8,3C7B01D3,28018B3C,E0058016,00000020,000003D4
981,51853800,0018FE93,000103D5,00140000,FFFE0000,001FDCBD,3C79019A,28018B3C,E0058016,00000020,000003D5
982,49927800,0021FE93,000103D5,001F0000,FFFE0000,001EDCC5,3C7881D7,28018B3C,E0058016,00000020,000003D6
983,50589200,0030FEC2,000103D5,00290000,FFFEFFFF,001EDCCF,3C7701B2,28018B3C,E0055816,00000020,000003D7
984,51438400,003CFF03,000103D5,00350000,FFFEFFFF,001EDCDD,3C768199,28018B3C,E0055816,00000020,000003D8
985,49702100,004EFEA3,000103D5,00400000,FFFEFFFF,FF1EDCEE,3C75019D,28018B3C,D0055816,00000020,000003D9
986,50900700,0065FEC4,000103D5,004C0000,FFFEFFFF,FF1EDD03,3C7501AF,28018B3C,D0053816,00000020,000003DA
987,50956200,0071FF05,000103D5,00580000,FFFEFFFE,FF1DDD1B,3C738195,28018B3C,D0053816,00000020,000003DB
988,52062500,008BFED3,000103D5,00640000,FFFEFFFE,FF1DDD36,3C7301A5,28018B3C,D0053816,00000020,000003DC
989,51231300,009BFF26,000103D5,00710000,FFFEFFFE,FF1DDD55,3C72019A,28018B3C,D0053816,00000020,000003DD
990,52218300,00B8FF2A,000103D5,007E0000,FFFFFFFD,FF1DDD78,3C7181AA,28017AE8,D0053816,00000020,000003DE
991,49828900,00C8FF2A,000103D5,008B0000,FFFFFFFD,FF1DDD9E,3C7101A2,28017AE8,D0050816,00000020,000003DF
992,50009300,00E1FF0A,000103D5,00970000,FFFFFFFD,FF1CDDC8,3C6F818C,28017AE8,D004D816,00000020,000003E0
993,51780300,00F2FEA6,000103D5,00A30001,FFFFFFFC,FF1CDDF6,3C6F81B4,28017AE8,D004B016,00000020,000003E1
994,49404900,0108FE9A,000103D5,00AE0001,FFFEFFFC,FF1CDE26,3C6E01B1,28017AE8,D0048816,00000020,000003E2
995,50268500,0121FE9A,000103D5,00BA0001,FFFEFFFC,FF1BDE5A,3C6D81CE,28017AE8,D0046816,00000020,000003E3
996,49912400,0131FE99,000103D5,00C60000,FFFEFFFB,FF1BDE92,3C6B01E2,28017AE8,D0044816,00000020,000003E4
997,51240600,0149FE99,000103D5,00D00000,FFFEFFFB,FF1BDECC,3C6B01E9,28017AE8,D0043016,00000020,000003E5
998,51009000,015AFE9B,000103D4,00DB0000,FFFEFFFA,FF1BDF0A,3C698195,28017AE8,D00C1816,00000020,000003E6
999,51825600,016CFE9A,000103D4,00E60000,FFFEFFFA,FF1ADF4B,3C680198,28017AE8,D00C0016,00000020,000003E7
1000,52931200,017DFE9A,000103D4,00F00000,FFFEFFFA,FF1ADF8E,3C6701AE,28017AE8,D00BF016,00000020,000003E8
1001,49251900,0190FE9C,000103D4,00F90000,FFFEFFF9,FF1ADFD5,3C6681B9,28017AE8,D00BE016,00000020,000003E9
1002,50678700,019EFE9B,000103D4,01020000,FFFEFFF9,FF19E01E,3C668244,28017AE8,D00BD016,00000020,000003EA
1003,50369800,01ABFE9C,000103D4,010B0000,FFFEFFF9,FF19E069,3C63818C,28017AE8,D00BC016,00000020,000003EB
1004,50580200,01B7FE9C,000103D4,01130000,FFFEFFF9,FF19E0B7,3C6281C3,28017AE8,D00BB816,00000020,000003EC
1005,51742000,01C5FE9D,000103D4,011A0000,FFFEFFF8,FF19E107,3C618204,28017AE8,D00BB016,00000020,000003ED
1006,48213800,01CAFE9C,000103D4,01210000,FFFEFFF8,FF18E159,3C6101E1,28017AE8,D00BA016,00000020,000003EE
1007,52301100,01D8FE9E,000103D4,01270000,FFFEFFF8,FF18E1AD,3C5F81D5,28017AE8,D00B9816,00000020,000003EF
1008,50721700,01DBFE9E,000003D4,012C0000,FFFEFFF8,FF18E202,3C5E0194,28017AE8,D00B9816,00000020,000003F0
1009,47766800,01E2FE9E,000003D4,01310000,FFFEFFF8,FF17E259,3C5D81A7,28017AE8,D00B9016,00000020,000003F1
1010,49793100,01E5FE9F,000003D4,01350000,FFFEFFF7,FF17E2B1,3C5C81B2,28017AE8,D00B9016,00000020,000003F2
1011,50820800,01EAFEA1,000003D4,01380000,FFFEFFF7,FF17E30A,3C5A81A9,28017AE8,D00B8816,00000020,000003F3
1012,50198600,01E8FEA0,000003D4,013A0000,FFFEFFF7,FF17E364,3C5A019D,28017AE8,D00B8816,00000020,000003F4
1013,51088700,01EDFEA3,000003D4,013C0000,FFFEFFF7,FF16E3BE,3C588183,1C017AE8,D00B8816,00000020,000003F5
1014,53042800,01C6FE4B,FFFF03D4,01290001,FFFEFFF7,FF16E416,3C570189,28017AE8,D00B8816,00000020,000003F6
1015,50568500,01D3FE0A,000003D4,012E0001,FFFEFFF8,FF16E46C,3C5601B1,28017AE8,E00B8816,00000020,000003F7
1016,50633700,01E4FE64,000003D4,01330000,FFFEFFF7,FF15E4C3,3C548192,28017AE8,E00B8816,00000020,000003F8
1017,48597100,01E0FEDA,000003D4,01360000,FFFEFFF7,FF15E51B,3C5401B0,28017AE8,E00B8816,00000020,000003F9
1018,51198300,01D5FEED,000003D4,01380000,FFFEFFF7,FF15E575,3C52818E,28017AE8,E00B9016,00000020,000003FA
1019,51516900,01CCFEF9,000003D4,01370000,FFFEFFF7,FF15E5CE,3C5201AB,28017AE8,D00B9816,00000020,000003FB
1020,49757200,01C1FF00,FFFF03D4,01350000,FFFEFFF8,FF14E627,3C5181C9,28016A05,D00BA016,00000020,000003FC
1021,50679200,01B6FF06,FFFF03D4,01300000,FFFEFFF8,FF14E67E,3C500195,28016A05,D00BB016,00000020,000003FD
1022,50809500,01ADFF0A,FFFF03D4,012B0000,FFFEFFF8,FF14E6D4,3C4F8198,28016A05,D00BB816,00000020,000003FE
1023,52205200,019BFF0B,FFFF03D4,01250000,FFFEFFF8,0014E729,3C50025A,28016A05,D00BC816,00000020,000003FF
1024,49698800,0196FF10,FFFF03D4,011D0000,FFFEFFF8,0014E77C,3C4E01A0,28016A05,D00BD816,00000020,00000400
1025,51120100,0181FF10,FFFF03D4,01150000,FFFEFFF9,0013E7CC,3C4D01A9,28016A05,D00BE816,00000020,00000401
1026,50607100,0177FF14,FFFF03D4,010B0000,FFFFFFF9,0013E819,3C4D820C,28016A05,D00C0016,00000020,00000402
1027,50237300,0168FF41,FFFF03D4,01070000,FFFFFFF9,0013E865,3C4B81BD,28016A05,D0041016,00000020,00000403
1028,49999300,015BFF88,FFFF03D4,00F20000,FFFFFFF9,0013E8AD,3C4B819B,28016A05,D0042816,00000020,00000404
1029,49811600,0140FF89,FFFF03D5,00FB0000,FFFFFFFA,0013E8F3,3C4B0199,28016A05,D0044016,00000020,00000405
1030,50156500,0136FF88,FFFF03D5,00D80000,FFFFFFFA,0013E935,3C4A81AC,28016A05,D0045816,00000020,00000406
1031,179877600,0118FF94,FFFF03D5,00E80000,FFFFFFFA,0013E976,3C4A018D,28016A05,D0047016,00000020,00000407
1032,14524500,0119FF9E,FFFF03D5,00C70000,FFFFFFFA,0013E9B2,3C4A81D2,28016A05,D0048816,00000020,00000408
1033,54138400,0102FFDB,FFFF03D5,00D70000,FFFFFFFB,0013E9EE,3C4A01BC,28016A05,D004A016,00000020,00000409
1034,48222100,01030007,FFFF03D5,00B80000,0000FFFB,0013EA26,3C4A81CE,28016A05,D004C016,00000020,0000040A
1035,49183000,00EE0059,FFFF03D5,00C5FFFF,0000FFFB,0013EA5D,3C4A81E3,28016A05,D004E016,00000020,0000040B
1036,52431900,00F1007F,FFFF03D5,00AAFFFF,0000FFFB,0013EA91,3C4B01CA,28016A05,D004F816,00000020,0000040C
1037,59429700,00E100B3,FFFF03D5,00B6FFFF,0000FFFC,0013EAC4,3C4B0190,28016A05,D0051016,00000020,0000040D
1038,188507200,00D900C0,FFFF03D5,009EFFFF,0001FFFC,0013EAF3,3C4B819D,28016A05,D0053016,00000020,0000040E
1039,13412000,00D100E2,FFFF03D5,00A8FFFF,0001FFFC,0013EB23,3C4C0185,28016A05,D0053816,00000020,0000040F
1040,51019100,00CF00EE,000003D5,0095FFFF,0001FFFC,0014EB4F,3C4D019D,28016A05,D0053816,00000020,00000410
1041,49546200,00C200FA,000003D5,009E0000,0001FFFC,0014EB7C,3C4E01C3,28016A05,D0053816,00000020,00000411
1042,49789000,00C40104,000003D5,00900000,0001FFFC,0014EBA6,3C4E81A6,28016A05,D0053816,00000020,00000412
1043,55485500,00BC010D,000003D5,00960000,0001FFFC,0014EBD1,3C4F01D4,28016A05,D0053816,00000020,00000413
1044,65647600,00BD0112,000003D5,008D0000,0001FFFC,0014EBFA,3C5081D6,28016A05,D0053816,00000020,00000414
1045,186657500,00BB0119,000003D5,00920000,0002FFFC,0015EC23,3C5101AB,28016A05,D0053816,00000020,00000415
1046,14360700,00BD011F,000003D5,008D0000,0002FFFC,0015EC4C,3C52018E,28016A05,D0053816,00000020,00000416
1047,50853900,00B90120,000003D5,00900000,0002FFFC,0015EC75,3C5301B0,28016A05,D0053816,00000020,00000417
1048,50174000,00BF0127,000003D5,008F0000,0002FFFD,0015EC9E,3C53818D,28016A05,E0053816,00000020,00000418
1049,48588400,00BF0129,000003D5,00910000,0002FFFC,0015ECC7,3C5401A5,28016A05,E0053816,00000020,00000419
1050,51544300,00C0012C,000003D5,00910000,0002FFFC,FF16ECF1,3C558197,280154CB,E0054016,00000020,0000041A
1051,63465500,00C2012D,000003D5,00930000,0002FFFC,FF16ED1B,3C5601A4,280154CB,E0054016,00000020,0000041B
1052,180957300,00CD0137,000003D5,00960000,0002FFFC,FF16ED46,3C57819A,280154CB,E0054016,00000020,0000041C
1053,13047700,00CE0138,000003D5,00980000,0002FFFC,FF16ED71,3C598200,280154CB,E0054016,00000020,0000041D
1054,49844500,00D10139,000003D5,009B0000,0002FFFC,FF17ED9D,3C5981CE,280154CB,E0054016,00000020,0000041E
1055,51586700,00D8013D,000003D5,009F0000,0002FFFC,FF17EDCA,3C5A019F,280154CB,E0053816,00000020,0000041F
1056,51646600,00DF013A,000003D5,00A20000,0002FFFC,FF17EDF8,3C5B81B6,280154CB,E0052816,00000020,00000420
1057,50123000,00E700F5,000003D5,00A40001,0002FFFC,FF17EE27,3C5B818E,280154CB,E0052016,00000020,00000421
1058,55902700,00EE0071,000003D5,00A60001,0002FFFC,FF17EE57,3C5C01A0,280154CB,E0050816,00000020,00000422
1059,63030100,00F80009,000003D5,00A80001,0001FFFC,FF17EE87,3C5C018D,280154CB,E004F816,00000020,00000423
1060,163650100,00F9FFC6,000003D5,00AA0002,0001FFFC,FF17EEB7,3C5D01FE,280154CB,E004F016,00000020,00000424
1061,14344900,0100FFA4,000003D5,00AE0001,0000FFFC,FF17EEE9,3C5B8181,280154CB,E004D816,00000020,00000425
1062,51738300,010AFF93,000003D5,00B10001,0000FFFB,FF17EF1B,3C5B81B5,280154CB,E004C816,00000020,00000426
1063,52379400,010CFF65,000003D5,00B40001,0000FFFB,FF17EF4E,3C5B81E7,280154CB,E004B816,00000020,00000427
1064,50614500,010EFF11,000003D5,00B80001,FFFFFFFB,FF17EF83,3C5A81D0,280154CB,E004B016,00000020,00000428
1065,47134700,0114FF08,000003D5,00BB0001,FFFFFFFB,FF17EFB8,3C5901F3,280154CB,E004A016,00000020,00000429
1066,51459100,011CFF09,000003D5,00BF0001,FFFFFFFB,FF16EFEE,3C588183,280154CB,E0049016,00000020,0000042A
1067,64674500,011CFF03,000003D4,00C30001,FFFFFFFB,FF16F025,3C5801C7,280154CB,E0048816,00000020,0000042B
1068,176225700,0124FF09,000003D5,00C60000,FFFFFFFB,FF16F05E,3C570190,280154CB,E0048016,00000020,0000042C
1069,14096000,0124FF06,000003D5,00C90000,FFFFFFFB,FF16F097,3C570202,280154CB,E0047816,00000020,0000042D
1070,51456300,0129FF07,000003D5,00CC0000,FFFFFFFB,FF16F0D1,3C5581A3,280154CB,E0047016,00000020,0000042E
1071,49774000,012BFF08,000003D5,00CF0000,FFFFFFFB,FF15F10C,3C54818B,280154CB,E0046816,00000020,0000042F
1072,51121900,012EFF0A,000003D5,00D20000,FFFFFFFB,FF15F148,3C54018F,280154CB,E0046016,00000020,00000430
1073,49099500,012EFF35,000003D4,00D40000,FFFFFFFB,FF15F185,3C530188,280154CB,E0046016,00000020,00000431
1074,53466000,0130FF7C,000003D4,00D60000,FFFFFFFB,0015F1C2,3C5301AF,280154CB,E0046016,00000020,00000432
1075,69358900,012FFF7C,000003D5,00D80000,FFFFFFFB,0015F1FF,3C5301B3,280154CB,E0045816,00000020,00000433
1076,181639800,0132FF83,000003D5,00D90000,FFFFFFFB,0015F23D,3C520197,280154CB,D0045816,00000020,00000434
1077,13923600,012CFF7D,000003D5,00DA0000,FFFFFFFB,0015F27C,3C51818C,280154CB,D0046016,00000020,00000435
1078,52216100,012CFF81,000003D5,00D90000,FFFFFFFB,0014F2BA,3C51019A,280154CB,D0046016,00000020,00000436
1079,50232900,012CFF83,000003D5,00D90000,FFFFFFFB,0014F2F8,3C510195,280154CB,D0046016,00000020,00000437
1080,49636000,012AFF81,000003D5,00D90000,FFFFFFFB,0014F336,3C5081A0,28013DC9,D0046016,00000020,00000438
1081,53943200,0127FF82,000003D5,00D90000,FFFFFFFB,0014F374,3C500182,28013DC9,D0046816,00000020,00000439
1082,73993500,0124FF83,000003D5,00D50000,FFFFFFFB,0014F3B2,3C5001A6,28013DC9,D0047016,00000020,0000043A
1083,68382700,0121FF84,000003D5,00D70000,FFFFFFFB,0014F3EF,3C4F81B9,28013DC9,D0047016,00000020,0000043B
1084,171539300,0120FF87,000003D5,00CF0000,FFFFFFFB,0014F42C,3C4F0198,28013DC9,D0047016,00000020,0000043C
1085,14978300,0117FF84,000003D5,00D70000,FFFFFFFB,0014F468,3C4F01B7,28013DC9,D0047816,00000020,0000043D
1086,50254200,0116FF86,000003D5,00C80000,FFFFFFFB,0014F4A3,3C4E81C1,28013DC9,D0048016,00000020,0000043E
1087,51962800,010AFF89,000003D5,00D50000,FFFFFFFB,0014F4DF,3C4D8189,28013DC9,D0048816,00000020,0000043F
1088,48295100,0110FF89,000003D5,00C20000,FFFFFFFB,0013F518,3C4D01A8,28013DC9,D0048816,00000020,00000440
1089,50733600,0104FFA5,000003D5,00D20000,FFFFFFFB,0013F553,3C4D81C4,28013DC9,D0048816,00000020,00000441
1090,64009800,010AFFC9,000003D5,00BE0000,FFFFFFFB,0013F58B,3C4D81CB,28013DC9,D0049016,00000020,00000442
1091,71677500,00FF0014,000003D5,00CEFFFF,0000FFFB,0013F5C5,3C4D01C7,28013DC9,D0049816,00000020,00000443
1092,163566500,0103004C,000003D5,00BDFFFF,0000FFFB,0014F5FD,3C4D0191,28013DC9,D004A016,00000020,00000444
1093,13799600,00FE0090,000003D5,00CBFFFF,0000FFFB,0014F635,3C4D8193,28013DC9,D004A816,00000020,00000445
1094,51726700,00FF00AA,000003D5,00BDFFFF,0000FFFB,0014F66D,3C4E81A7,28013DC9,D004B016,00000020,00000446
1095,49129100,00F800CF,000003D5,00C7FFFF,0001FFFB,0014F6A5,3C4F01B0,28013DC9,D004B816,00000020,00000447
1096,50599200,00FA00E2,000003D5,00BCFFFF,0001FFFB,0014F6DC,3C5001DB,28013DC9,D004C016,00000020,00000448
1097,50516600,00F700F6,000003D5,00C50000,0001FFFB,0014F713,3C5081C7,28013DC9,D004C016,00000020,00000449
1098,51706000,00F90101,000003D5,00BE0000,0001FFFB,0015F74A,3C5181B0,28013DC9,D004C816,00000020,0000044A
1099,57203600,00F6010D,000003D5,00C10000,0001FFFB,0015F781,3C51819A,28013DC9,D004D016,00000020,0000044B
1100,65770000,00F80113,000003D5,00BE0000,0001FFFB,0015F7B8,3C5281D0,28013DC9,D004D016,00000020,0000044C
1101,156929100,00F80119,000003D5,00C00000,0002FFFB,0015F7EF,3C5301ED,28013DC9,E004D016,00000020,0000044D
1102,13854300,00FC011D,000003D5,00BE0000,0002FFFB,0015F825,3C5481B1,28013DC9,E004D816,00000020,0000044E
1103,50424300,00FD00D8,000003D5,00BD0000,0002FFFB,FF16F85C,3C54818E,28013DC9,E004D816,00000020,0000044F
1104,51278800,0104006A,000003D5,00BB0001,0001FFFB,FF16F892,3C5581B3,28013DC9,E004D816,00000020,00000450
1105,49165300,0103FFFE,000003D5,00BA0001,0001FFFB,FF16F8C7,3C5581AA,28013DC9,E004D016,00000020,00000451
1106,50087400,0106FFCF,000003D5,00B80001,0001FFFB,FF15F8FC,3C5581C8,28013DC9,E004D016,00000020,00000452
1107,51231300,0106FFAA,000003D5,00B80001,0000FFFB,FF15F931,3C548190,28013DC9,E004C816,00000020,00000453
1108,50874700,0107FF97,000003D5,00B70001,0000FFFB,FF15F965,3C5481A1,28013DC9,E004C016,00000020,00000454
1109,62492100,0107FF8D,000003D5,00BA0001,0000FFFB,FF15F99A,3C5481C8,28013DC9,E004C016,00000020,00000455
1110,164732700,0107FF86,000003D5,00B90001,0000FFFB,FF15F9CF,3C538192,280125E2,E004B816,00000020,00000456
1111,15133000,0107FF84,000003D5,00BC0001,0000FFFB,0015FA05,3C5381A6,280125E2,E004B816,00000020,00000457
1112,47518300,0109FF86,000003D5,00BA0000,FFFFFFFB,0015FA3A,3C5301CD,280125E2,E004B016,00000020,00000458
1113,51731800,0108FF7F,000003D5,00C00000,FFFFFFFB,0015FA70,3C5281A3,280125E2,E004A816,00000020,00000459
1114,49448000,0109FF80,000003D5,00BA0000,FFFFFFFB,0015FAA6,3C520185,280125E2,D004A816,00000020,0000045A
1115,50242200,0106FF83,000003D5,00C40000,FFFFFFFB,0015FADD,3C518195,280125E2,D004A816,00000020,0000045B
1116,52142900,0108FF81,000003D5,00B70000,FFFFFFFB,0014FB13,3C510190,280125E2,D004A016,00000020,0000045C
1117,54910800,0103FF83,000003D5,00C90000,FFFFFFFB,0014FB4B,3C5101A0,280125E2,D004A016,00000020,0000045D
1118,165832700,0109FF85,000003D5,00B50000,FFFFFFFB,0014FB81,3C5101B1,280125E2,D004A016,00000020,0000045E
1119,13828500,00FDFF82,000003D5,00CE0000,FFFFFFFB,0014FBB9,3C500198,280125E2,D004A016,00000020,0000045F
1120,50038900,0105FF85,000003D5,00B30000,FFFFFFFB,0014FBEF,3C4F8195,280125E2,D004A016,00000020,00000460
1121,50419900,00FBFF85,000003D5,00D00000,FFFFFFFB,0014FC28,3C4F819D,280125E2,D004A016,00000020,00000461
1122,50662600,0107FFA2,000003D5,00B40000,FFFFFFFB,0014FC5E,3C4F81F3,280125E2,D004A016,00000020,00000462
1123,49687000,00FAFFC9,000003D5,00D00000,FFFFFFFB,0014FC97,3C4F01A3,280125E2,D004A816,00000020,00000463
1124,50213400,0103000D,000003D5,00B4FFFF,0000FFFB,0014FCCD,3C4E81BD,280125E2,D004B016,00000020,00000464
1125,49462700,00F80056,000003D5,00CBFFFF,0000FFFB,0014FD05,3C5001E2,280125E2,D004C016,00000020,00000465
1126,56474100,00FF008C,000003D5,00B4FFFF,0000FFFB,0014FD3B,3C5081E3,280125E2,D004D016,00000020,00000466
1127,163523600,00F400B3,000003D5,00C1FFFF,0000FFFB,0014FD71,3C5001D3,280125E2,D004E016,00000020,00000467
1128,14170000,00F300D4,000003D5,00AFFFFF,0001FFFB,0014FDA5,3C50818C,280125E2,D0050816,00000020,00000468
1129,50072400,00E800E9,000003D5,00B3FFFF,0001FFFC,0015FDD8,3C5201D6,280125E2,D0052016,00000020,00000469
1130,50039300,00E500FD,000003D5,00A7FFFF,0001FFFC,FF15FE09,3C52019C,280125E2,D0054016,00000020,0000046A
1131,50866900,00DC0106,000003D5,00A50000,0001FFFC,FF15FE38,3C5381A9,280125E2,D0056816,00000020,0000046B
1132,50664100,00D5011A,000003D5,009A0000,0001FFFC,FF15FE66,3C5401C6,280125E2,E005A016,00000020,0000046C
1133,57633000,00CC011A,000003D5,00930000,0001FFFC,FF15FE91,3C548189,280125E2,E005D016,00000020,0000046D
1134,67846500,00C50128,000003D5,008B0000,0002FFFC,FF16FEB9,3C5601BF,280125E2,E0060016,00000020,0000046E
1135,161930300,00BD0127,000003D5,00830000,0002FFFC,FF16FEE0,3C5601A1,280125E2,E0063816,00000020,0000046F
1136,13440600,00B30131,000003D5,00790000,0002FFFC,FF16FF03,3C5801F1,280125E2,E0069016,00000020,00000470
1137,50532500,00AA0136,000003D5,00700000,0002FFFD,FF16FF24,3C5901CE,280125E2,E006D816,00000020,00000471
1138,50940400,00A1013B,000003D5,00680000,0002FFFD,FF17FF43,3C5981B4,280125E2,E0072016,00000020,00000472
1139,52875300,0098013E,000003D5,00600000,0002FFFD,FF17FF5F,3C5A018F,280125E2,E0076816,00000020,00000473
1140,48992300,008F0143,FFFF03D5,00580000,0002FFFD,FF17FF79,3C5B019A,2801109A,E007D816,00000020,00000474
1141,49087600,00860146,FFFF03D5,00500000,0002FFFD,FF17FF91,3C5C81B7,2BFD109A,E007F816,00000020,00000475
1142,51009300,007D014A,FFFF03D5,00490000,0002FFFD,FF18FFA7,3C5D819E,2BFD109A,E007F816,00000020,00000476
1143,62008700,0075014D,000003D5,00430000,0002FFFE,FF18FFBB,3C5E81C7,2BFD109A,E007F816,00000020,00000477
1144,159063400,006D0155,000003D5,003D0000,0002FFFE,FF18FFCD,3C5F01A9,2BFD109A,E007F816,00000020,00000478
1145,15432100,00650154,000003D5,00370000,0002FFFE,FF18FFDD,3C60018E,2BFD109A,E007F816,00000020,00000479
1146,46543800,005D0157,000003D5,00320000,0002FFFE,FF19FFEC,3C6181CC,2BFD109A,E007F816,00000020,0000047A
1147,50890700,00560160,000003D5,002D0000,0002FFFE,FF19FFFA,3C6201B8,2BFD109A,E007F816,00000020,0000047B
1148,50808800,004F0160,000003D5,00280000,0002FFFE,FF190005,3C638197,2BFD109A,E007F816,00000020,0000047C
1149,50406400,003C0167,FFFF03D5,001B0000,0002FFFF,FF1A000E,3C6501A9,2BFD109A,E007F816,00000020,0000047D
1150,49723100,002F0168,FFFF03D5,00110000,0002FFFF,FF1A0014,3C6601C4,2BFD109A,E007F816,00000020,0000047E
1151,51421800,002B0168,FFFF03D5,000A0000,0002FFFF,FF1A0018,3C67019F,2BFD109A,E007F816,00000020,0000047F
1152,59960200,0024016E,000003D5,00060000,0002FFFF,FF1A001A,3C67818C,2BFD109A,E007F816,00000020,00000480
1153,166649400,001E0169,000003D5,00030000,0002FFFF,FF1B001B,3C6901AF,2BFD109A,E007F816,00000020,00000481
1154,15098700,0018016E,000003D5,00010000,0002FFFF,FF1B001C,3C6A81D5,2BFD109A,E007F816,00000020,00000482
1155,49092700,0013016F,000003D5,00000000,0002FFFF,FF1B001C,3C6C01D0,2BFD109A,E007F816,00000020,00000483
1156,50949600,000E016E,000003D5,FFFF0000,00020000,FF1C001C,3C6D01D4,2BFD109A,E007F816,00000020,00000484
1157,51750000,000A016F,000003D5,FFFF0000,00020000,FF1C001B,3C6D0185,2BFD109A,E007F816,00000020,00000485
1158,47957700,0007016F,000003D5,FFFF0000,00020000,FF1C001B,3C6E0198,2BFD109A,E007F816,00000020,00000486
1159,49571800,00050173,000003D5,FFFF0000,00020000,FF1C001B,3C7001AA,2BFD109A,E007F816,00000020,00000487
1160,52036800,00040170,000003D5,FFFF0000,00020000,FF1D001A,3C7181D1,2BFD109A,E007F816,00000020,00000488
1161,65526600,00020173,000003D5,FFFF0000,00020000,001D001A,3C7201A4,2BFD109A,E007F816,00000020,00000489
1162,158252500,00010173,000003D5,FFFF0000,00020000,001D001A,3C728189,2BFD109A,E007F816,00000020,0000048A
1163,13215100,00010173,000003D5,FFFF0000,00020000,001E001A,3C738190,2BFD109A,E007F816,00000020,0000048B
1164,50202000,00000176,000003D5,00000000,00020000,001E0019,3C7501A9,2BFD109A,E007F816,00000020,0000048C
1165,50171600,00000175,000003D5,00000000,00020000,001E0019,3C76018B,2BFD109A,E007F816,00000020,0000048D
1166,50548700,00000177,000003D5,00000000,00020000,001E0019,3C7781CB,2BFD109A,E007F816,00000020,0000048E
1167,49120200,00000176,000003D5,00000000,00020000,001F0019,3C788191,2BFD109A,E007F816,00000020,0000048F
1168,49871800,0000017A,000003D5,00000000,00020000,001F0019,3C79818C,2BFD109A,E007F816,00000020,00000490
1169,57259900,00000176,000003D5,00000000,00020000,001F0019,3C7B01AC,2BFD109A,E007F816,00000020,00000491
1170,67737700,0000017A,000003D5,00000000,00020000,00200019,3C7C01BF,2BFCFABD,E007F816,00000020,00000492
1171,174126000,00000179,000003D5,00000000,00020000,00200019,3C7D018F,2BFCFABD,F007F816,00000020,00000493
1172,12456900,0000017A,000003D5,00000000,00020000,00200019,3C7E81D8,2BFCFABD,F007F816,00000020,00000494
1173,51288900,0000017A,000003D3,00000002,00020000,00210019,3C7F01D0,2BFCFABD,F007F816,00000020,00000495
1174,51506400,00000177,000003D1,00000003,00010000,00210019,3C8101AA,2BFCFABD,F007F816,00000020,00000496
1175,51051000,00000176,000003D3,00000003,00000000,00210019,3C8201A7,2BFCFABD,F007F816,00000020,00000497
1176,48106800,00000179,000003D0,00000001,00000000,00210019,3C8381C1,2BFCFABD,F007F816,00000020,00000498
1177,52543600,0000017B,000003D0,00000000,00000000,00220019,3C840193,2BFCFABD,F007F816,00000020,00000499
1178,56469500,00000177,000003D3,00000000,00000000,00220019,3C850198,2BFCFABD,F007F816,00000020,0000049A
1179,63142200,00000175,000003D4,00000000,00000000,00220019,3C8701D7,2BFCFABD,F007F816,00000020,0000049B
1180,167079700,00000197,000003D5,00000000,00000000,00230019,3C878196,2BFCFABD,F007F816,00000020,0000049C
1181,15432600,00030194,000503D9,0000FFFC,0000FFFE,00230019,3C89820D,2BFCFABD,E007F816,00000020,0000049D
1182,49039300,FFFD015D,FFFC03E0,0000FFF9,0002FFFE,00230019,3C8A01A9,2BFCFABD,E007F816,00000020,0000049E
1183,50606400,FFFE012F,000103D9,0000FFFC,0004FFFF,00230019,3C8A819E,2BFCFABD,E007F816,00000020,0000049F
1184,50568500,00030113,000103DE,00000003,0004FFFE,00240019,3C8B8197,2BFCFABD,E007F816,00000020,000004A0
1185,50072800,FFFD0107,FFFE03DC,00000004,0003FFFF,00240019,3C8C019E,2BFCFABD,E007F816,00000020,000004A1
1186,49874700,000100F9,000003D0,00000002,0002FFFF,00240019,3C8D81A7,2BFCFABD,E007F816,00000020,000004A2
1187,51456200,000100F5,000003D1,00000001,0002FFFF,00240019,3C8D8189,2BFCFABD,E007F816,00000020,000004A3
1188,65162900,000000EB,000003D2,00000001,0002FFFF,00240019,3C8E018E,2BFCFABD,E007F816,00000020,000004A4
1189,167293800,000000EC,000003D3,00000000,0002FFFF,00250019,3C8F0188,2BFCFABD,E007F816,00000020,000004A5
1190,14501500,000100E4,000203D6,0000FFFD,0002FFFF,00250019,3C9001AE,2800FABD,E007F816,00000020,000004A6
1191,49948700,000000E9,000003DD,0000FFFA,0003FFFF,00250019,3C900188,2800FABD,E007F816,00000020,000004A7
1192,50575800,000000E6,000103DB,0000FFF9,0005FFFE,00250019,3C9181C3,2BFCFABD,E007F816,00000020,000004A8
1193,49553500,FFFF00E2,FFFD03DF,00000000,0006FFFF,00250019,3C9201BA,2BFCFABD,E007F816,00000020,000004A9
1194,49806400,000100DF,FFFF03D7,00000005,0005FFFF,00250019,3C9281A2,2BFCFABD,E007F816,00000020,000004AA
1195,51092800,000000E1,FFFE03D2,00000006,00030000,00260019,3C9301DB,2800FABD,E007F816,00000020,000004AB
1196,50374000,000000E7,FFFF03CA,00000003,00020000,00260019,3C9401A7,2800FABD,E007F816,00000020,000004AC
1197,150696600,000100E3,000003CB,00000001,00010000,00260019,3C94819F,2800FABD,E007F816,00000020,000004AD
1198,14464300,000000E5,000103D0,00000000,00010000,00260019,3C9581A5,2BFCFABD,E007F816,00000020,000004AE
1199,50564300,000000E5,000003D5,0000FFFE,00010000,00260019,3C960196,2BFCFABD,E007F816,00000020,000004AF
1200,48340900,000000E4,000003D6,0000FFFE,00020000,00270019,3C970194,2BFCE445,E007F816,00000020,000004B0
1201,52265600,000000E9,000003EA,0000FFEB,00050000,00270019,3C9801B8,2800E445,E007F816,00000020,000004B1
1202,48599300,000000F3,00000408,0000FFDC,000E0000,00270019,3C98018A,2800E445,E007F816,00000020,000004B2
1203,50362500,000000E7,000003FD,0000FFE3,00180000,00270019,3C9881A4,2BFCE445,E007F816,00000020,000004B3
1204,50149000,000000D7,00000422,0000FFF6,001D0000,00270019,3C9901C9,2BFCE445,E007F816,00000020,000004B4
1205,50774700,000000DD,00000402,0000FFFF,001E0000,00270019,3C9B81EA,2BFCE445,E007F816,00000020,000004B5
1206,165229400,000000E0,000003E6,00000002,001E0000,00280019,3C9C01C2,2BFCE445,E007F816,00000020,000004B6
1207,14293400,000000E6,000003D7,00000003,001D0000,00280019,3C9B81A4,2800E445,E007F816,00000020,000004B7
1208,50057500,000000E5,000003D0,00000002,001D0000,00280019,3C9C81A5,2800E445,E007F816,00000020,000004B8
1209,50950600,000000E4,000003CE,00000002,001C0000,00280019,3C9E01CD,2800E445,E007F816,00000020,000004B9
1210,50010700,000000E8,000003CE,00000001,001B0000,00280019,3C9D019E,2800E445,E007F816,00000020,000004BA
1211,51894000,000000E2,000003CF,00000001,001B0000,00280019,3C9D8182,2BFCE445,E007F816,00000020,000004BB
1212,50618800,000000E7,000003D1,00000001,001B0000,00290019,3C9E819F,2BFCE445,E007F816,00000020,000004BC
1213,49181400,000000E4,000003D2,00000000,001B0000,00290019,3C9F0191,2BFCE445,E007F816,00000020,000004BD
1214,53995200,000000E7,000003D3,00000000,001B0000,00290019,3CA081B4,2BFCE445,E007F816,00000020,000004BE
1215,59785900,000000E7,000003D5,0000FFFC,001B0000,00290019,3CA081DB,2800E445,E007F816,00000020,000004BF
1216,163275400,000000F1,00000405,0000FFDD,00220000,00290019,3CA10186,2800E445,E007F816,00000020,000004C0
1217,13904600,000000F3,00000406,0000FFD0,002F0000,00290019,3CA201AD,2BFCE445,E007F816,00000020,000004C1
1218,51562500,000000DD,00000427,0000FFEC,00370000,002A0019,3CA381A6,2BFCE445,E007F816,00000020,000004C2
1219,49431800,000000D5,00000424,0000FFFA,003A0000,002A0019,3CA38199,2BFCE445,E007F816,00000020,000004C3
1220,51726100,000000E5,000003F7,00000001,003B0000,002A0019,3CA481A8,2BFCE445,E007F816,00000020,000004C4
1221,51299400,000000E0,000003E0,0000FFFF,003A0000,002A0019,3CA581BA,2800E445,E007F816,00000020,000004C5
1222,50719400,000000F0,000003F1,0000FFED,003E0000,002A0019,3CA58198,2800E445,E007F816,00000020,000004C6
1223,48483700,000000EE,000003EC,0000FFE6,00450000,002B0019,3CA58183,2BFCE445,E007F816,00000020,000004C7
1224,49859800,000000E1,00000403,0000FFF7,004A0000,002B0019,3CA7019A,2BFCE445,E007F816,00000020,000004C8
1225,56730000,000000DC,000003FB,0000FFFE,004B0000,002B0019,3CA801B0,2BFCE445,E007F816,00000020,000004C9
1226,173426900,000000E3,000003E2,00000001,004B0000,002B0019,3CA781A1,2BFCE445,E007F816,00000020,000004CA
1227,13785200,000000E2,000003DA,0000FFFA,004B0000,002B0019,3CAA01C5,2800E445,E007F816,00000020,000004CB
1228,50547100,000000BA,000003F3,0000FFEA,004F0000,002B0019,3CAC0224,2800E445,E007F816,00000020,000004CC
1229,50490100,0000004C,000003EF,0000FFEA,00560000,002B0019,3CAA81BE,2BFCE445,E007F816,00000020,000004CD
1230,48202100,0000FFE5,0000040C,0000FFF9,005A0000,002B0019,3CA981A9,2BFCCF46,E007F816,00000020,000004CE
1231,49518000,0000FFB3,000003F7,00000000,005A0000,002B0019,3CAB01F1,2800CF46,E007F816,00000020,000004CF
1232,51575900,0000FF99,000003E1,00000003,005A0000,002B0019,3CA90191,2800CF46,E007F816,00000020,000004D0
1233,64375800,0000FF8D,000003E0,0000FFF5,005B0000,002B0019,3CA881AB,2800CF46,E007F816,00000020,000004D1
1234,163788900,0000FF88,000003F6,0000FFE8,00600000,002B0019,3CA901B7,2800CF46,E007F816,00000020,000004D2
1235,15543900,0000FF7F,000003F3,0000FFEF,00670000,002B0019,3CA901D9,2800CF46,E007F816,00000020,000004D3
1236,49460500,0000FF81,0000040B,0000FFFB,006A0000,002B0019,3CA68192,2800CF46,E007F816,00000020,000004D4
1237,51393500,0000FFAF,000003F0,00000000,006A0000,002B0019,3CA7019E,2800CF46,E007F816,00000020,000004D5
1238,50384600,0000FFED,000003DD,00000001,006A0000,002B0019,3CA6819C,2800CF46,E007F816,00000020,000004D6
1239,49858500,00000039,000003E4,0000FFF0,006C0000,002B0019,3CA6818D,2800CF46,E007F816,00000020,000004D7
1240,50796000,00000071,000003F3,0000FFE5,00730000,002B0019,3CA801CA,2800CF46,E007F816,00000020,000004D8
1241,68249400,0000008F,000003F7,0000FFF0,00790000,002B0019,3CA781A6,2BFCCF46,E007F816,00000020,000004D9
1242,185075900,000000A2,00000408,0000FFFB,007C0000,002B0019,3CA801D0,2BFCCF46,E007F816,00000020,000004DA
1243,11782400,000000B6,000003EC,00000000,007C0000,002B0019,3CA981F0,2800CF46,E007F816,00000020,000004DB
1244,51392500,00000092,000003DB,00000002,007C0000,002B0019,3CA981C8,2800CF46,E007F816,00000020,000004DC
1245,51364400,00000041,000003ED,0000FFEE,007F0000,002B0019,3CAA81E4,2800CF46,E007F816,00000020,000004DD
1246,48792900,0000FFEE,000003F1,0000FFE5,00860000,002B0019,3CA981B4,2BFCCF46,E007F816,00000020,000004DE
1247,51008000,0000FFB1,00000401,0000FFF5,008B0000,002B0019,3CAA01E3,2BFCCF46,E007F816,00000020,000004DF
1248,51856600,0000FF90,00000403,0000FFFE,008C0000,002B0019,3CA901C7,2800CF46,E007F816,00000020,000004E0
1249,68510000,0000FF88,000003E7,00000002,008C0000,002B0019,3CA78190,2800CF46,E007F816,00000020,000004E1
1250,197296500,0000FF93,000003DA,0000FFFE,008C0000,002B0019,3CA881C5,2800CF46,E007F816,00000020,000004E2
1251,13639700,0000FFC3,000003F2,0000FFEB,00900000,002B0019,3CA701B0,2800CF46,E007F816,00000020,000004E3
1252,51529900,0000FFFB,000003ED,0000FFE6,00970000,002B0019,3CA681A4,2BFCCF46,E007F816,00000020,000004E4
1253,50628800,0000002F,00000407,0000FFF6,009C0000,002B0019,3CA881EB,2800CF46,E007F816,00000020,000004E5
1254,52862200,00000065,000003FB,0000FFFD,009D0000,002B0019,3CA781AD,2800CF46,E007F816,00000020,000004E6
1255,57539200,0000008D,000003E3,00000000,009D0000,002B0019,3CA801F4,2800CF46,E007F816,00000020,000004E7
1256,74728900,000000AE,000003DB,0000FFF8,009E0000,002B0019,3CA881C9,2800CF46,E007F816,00000020,000004E8
1257,202911300,000000C7,000003F4,0000FFE8,00A30001,002B0019,3CA80187,2800CF46,E007F816,00000020,000004E9
1258,13951800,0000009A,000003EF,0000FFEA,00AA0001,002B0019,3CA88199,2BFCCF46,E007F816,00000020,000004EA
1259,51043800,00000031,0000040C,0000FFF9,00AE0001,002B0019,3CA8819E,2BFCCF46,E007F816,00000020,000004EB
1260,48990800,0000FFDF,000003F6,00000000,00AF0001,002B0019,3CA981C3,2800B842,E007F816,00000020,000004EC
1261,51488300,0000FFB3,000003E0,00000002,00AE0001,002B0019,3CA80184,2800B842,E007F816,00000020,000004ED
1262,63457700,0000FF9C,000003E0,0000FFF5,00AF0001,002B0019,3CA881A6,2800B842,E007F816,00000020,000004EE
1263,71643900,0000FF95,000003F5,0000FFE8,00B50001,002B0019,3CA901E3,2800B842,E007F816,00000020,000004EF
1264,193422500,0000FF99,000003F3,0000FFEF,00BB0001,002B0019,3CA901EE,2BFCB842,E007F816,00000020,000004F0
1265,16381000,0000FFAE,0000040A,0000FFFB,00BE0001,002B0019,3CA701A3,2800B842,E007F816,00000020,000004F1
1266,53987200,0000FFF0,000003EF,00000000,00BE0001,002B0019,3CA6819A,2800B842,E007F816,00000020,000004F2
1267,46365600,00000034,000003DC,00000001,00BE0001,002B0019,3CA801E3,2800B842,E007F816,00000020,000004F3
1268,48607800,00000072,000003E4,0000FFF0,00C00001,002B0019,3CA7019B,2800B842,E007F816,00000020,000004F4
1269,67217700,0000009B,000003F3,0000FFE5,00C70001,002B0019,3CA901ED,2800B842,E007F816,00000020,000004F5
1270,66012200,000000AE,000003F7,0000FFF1,00CD0001,002B0019,3CA8019D,2BFCB842,E007F816,00000020,000004F6
1271,182505400,000000B7,00000408,0000FFFB,00D00001,002B0019,3CA801A1,2BFCB842,E007F816,00000020,000004F7
1272,10947800,000000C4,000003EB,00000000,00D00001,002B0019,3CA981EC,2800B842,E007F816,00000020,000004F8
1273,51970200,0000009E,000003DA,00000002,00D00001,002B0019,3CA88189,2800B842,E007F816,00000020,000004F9
1274,51046800,00000045,000003ED,0000FFEE,00D30001,002B0019,3CA981AF,2800B842,E007F816,00000020,000004FA
1275,51229100,0000FFF4,000003F1,0000FFE5,00DA0001,002B0019,3CA90196,2BFCB842,E007F816,00000020,000004FB
1276,48386100,0000FFB2,00000402,0000FFF5,00DF0001,002B0019,3CA901AB,2BFCB842,E007F816,00000020,000004FC
1277,51308400,0000FF91,00000402,0000FFFE,00E00001,002B0019,3CA8019F,2800B842,E007F816,00000020,000004FD
1278,49467900,0000FF89,000003E6,00000002,00E00001,002B0019,3CA7818D,2800B842,E007F816,00000020,000004FE
1279,50655000,0000FF95,000003DA,0000FFFD,00E00001,002B0019,3CA781B0,2800B842,E007F816,00000020,000004FF
1280,62633400,0000FFC2,000003F2,0000FFEB,00E40001,002B0019,3CA70192,2800B842,E007F816,00000020,00000500
1281,163423400,0000FFFD,000003ED,0000FFE6,00EB0001,002B0019,3CA6819F,2BFCB842,E007F816,00000020,00000501
1282,12061000,0000002F,00000407,0000FFF6,00F00001,002B0019,3CA78252,2800B842,E007F816,00000020,00000502
1283,52730300,00000065,000003FA,0000FFFE,00F10001,002B0019,3CA681AB,2800B842,E007F816,00000020,00000503
1284,49912600,00000090,000003E2,00000000,00F10001,002B0019,3CA7018E,2800B842,E007F816,00000020,00000504
1285,54062700,000000AF,000003DB,0000FFF8,00F20001,002B0019,3CA70181,2800B842,E007F816,00000020,00000505
1286,49235400,000000CC,000003F4,0000FFE8,00F70001,002B0019,3CA881B4,2800B842,E007F816,00000020,00000506
1287,48350000,000000CD,000003EE,0000FFEA,00FE0001,002B0019,3CA981B4,2BFCB842,E007F816,00000020,00000507
1288,62562100,00000097,0000040B,0000FFF9,01020001,002B0019,3CA9019D,2BFCB842,E007F816,00000020,00000508
1289,69863500,0000003A,000003F5,00000000,01030001,002B0019,3CA90190,2BFCB842,E007F816,00000020,00000509
1290,198033400,0000FFE7,000003E0,00000002,01020001,002B0019,3CA9819C,2800A1B4,E007F816,00000020,0000050A
1291,16501700,0000FFBB,000003E0,0000FFF5,01030001,002B0019,3CA981D5,2800A1B4,E007F816,00000020,0000050B
1292,51732900,0000FFA5,000003F5,0000FFE8,01090001,002B0019,3CA7818B,2800A1B4,E007F816,00000020,0000050C
1293,49377900,0000FF8F,000003F3,0000FFF0,010F0001,002B0019,3CA7819A,2BFCA1B4,E007F816,00000020,0000050D
1294,50011000,0000FF8A,0000040A,0000FFFB,01120001,002B0019,3CA68183,2800A1B4,E007F816,00000020,0000050E
1295,73249000,0000FFB6,000003EE,00000000,01120001,002B0019,3CA701C8,2800A1B4,E007F816,00000020,0000050F
1296,74451000,0000FFF5,000003DB,00000001,01120001,002B0019,3CA60190,2800A1B4,E007F816,00000020,00000510
1297,200741500,0000003C,000003E4,0000FFF0,01140001,002B0019,3CA701B7,2800A1B4,E007F816,00000020,00000511
1298,15853100,00000077,000003F2,0000FFE5,011B0001,002B0019,3CA801D8,2800A1B4,E007F816,00000020,00000512
1299,53142200,00000090,000003F7,0000FFF1,01210001,002B0019,3CA7019E,2BFCA1B4,E007F816,00000020,00000513
1300,47538700,000000A7,00000406,0000FFFB,01240001,002B0019,3CA801A6,2BFCA1B4,E007F816,00000020,00000514
1301,56636100,000000BB,000003EA,00000000,01240001,002B0019,3CA7818B,2800A1B4,E007F816,00000020,00000515
1302,64186300,000000C8,000003D9,00000001,01240001,002B0019,3CA981C3,2800A1B4,E007F816,00000020,00000516
1303,69167500,000000A5,000003DF,0000FFF8,01250001,002B0019,3CA8819C,2800A1B4,E007F816,00000020,00000517
1304,185215900,00000042,000003DF,0000FFF4,01280001,002B0019,3CA90199,2BFCA1B4,E007F816,00000020,00000518
1305,13337600,0000FFE8,000003E8,0000FFFC,012B0001,002B0019,3CA80184,2BFCA1B4,E007F816,00000020,00000519
1306,50469200,0000FFB3,000003E8,00000000,012B0001,002B0019,3CA901CF,2800A1B4,E007F816,00000020,0000051A
1307,51005500,0000FF9D,000003DA,00000002,012B0001,002B0019,3CA881B7,2800A1B4,E007F816,00000020,0000051B
1308,48885600,0000FF9F,000003D4,00000002,012A0001,002B0019,3CA881DC,2800A1B4,E007F816,00000020,0000051C
1309,50953400,0000FFC1,000003D1,00000001,012A0001,002B0019,3CA801CA,2800A1B4,E007F816,00000020,0000051D
1310,51258600,0000FFFB,000003D0,00000001,01290001,002B0019,3CA781AF,2800A1B4,E007F816,00000020,0000051E
1311,50288500,0000003B,000003D0,00000000,01290001,002B0019,3CA68199,2800A1B4,E007F816,00000020,0000051F
1312,155225300,0000006E,000003D1,00000000,01290001,002B0019,3CA68183,2800A1B4,E007F816,00000020,00000520
1313,14710400,00000094,000003D1,00000000,01290001,002B0019,3CA801D7,2800A1B4,E007F816,00000020,00000521
1314,49965000,000000B1,000003D2,0000FFFF,01290001,002B0019,3CA7819E,2800A1B4,E007F816,00000020,00000522
1315,50198600,000000C2,000003D3,0000FFFF,012A0001,002B0019,3CA781B8,2800A1B4,E007F816,00000020,00000523
1316,50896300,000000CA,000003D3,00000000,012A0001,002B0019,3CA981D1,2800A1B4,E007F816,00000020,00000524
1317,49306700,000000A0,000003D4,00000000,012A0001,002B0019,3CAA01CA,2BFCA1B4,E007F816,00000020,00000525
1318,49221200,0000003E,000003D4,00000001,012A0001,002B0019,3CA9019B,2800A1B4,E007F816,00000020,00000526
1319,50017300,0000FFEB,000003D4,00000001,012A0001,002B0019,3CA88192,2800A1B4,E007F816,00000020,00000527
1320,50490600,0000FFB7,000003D4,00000001,01290001,002B0019,3CA8019C,28008E7C,E007F816,00000020,00000528
1321,50373200,0000FF9B,000003D4,00000001,01290001,002B0019,3CAA0214,28008E7C,E007F816,00000020,00000529
1322,160564800,0000FF8C,000003D4,00000001,01290001,002B0019,3CA7819A,28008E7C,E007F816,00000020,0000052A
1323,14806700,0000FF97,000003D3,00000000,01290001,002B0019,3CA801E7,28008E7C,E007F816,00000020,0000052B
1324,49117000,0000FFBA,000003D3,00000000,01290001,002A0019,3CA801E8,28008E7C,E007F816,00000020,0000052C
1325,50333500,0000FFF5,000003D3,00000000,01290001,002A001A,3CA801F8,28008E7C,E007F816,00000020,0000052D
1326,49894600,00000038,000003D3,0000FFFF,01290001,002A001A,3CA701B7,28008E7C,E007F816,00000020,0000052E
1327,50246200,0000006C,000003D3,0000FFFF,01290001,002B001A,3CA68190,28008E7C,E007F816,00000020,0000052F
1328,49372700,00000091,000003D4,0000FFFF,01290001,002B001A,3CA801CE,28008E7C,E007F816,00000020,00000530
1329,50713400,000000B0,000003D4,0000FFFF,01290001,002B001A,3CA70188,28008E7C,E007F816,00000020,00000531
1330,50889000,000000BF,000003D4,0000FFFF,012A0001,002B001A,3CA781AB,28008E7C,E007F816,00000020,00000532
1331,156723400,000000CE,000003D4,0000FFFF,012A0001,002B001A,3CA80190,28008E7C,E007F816,00000020,00000533
1332,14258200,000000D2,000003D4,00000000,012A0001,002B001A,3CA881A4,2BFC8E7C,E007F816,00000020,00000534
1333,49224400,000000A3,000003D4,00000000,012A0001,002B001A,3CAA01D4,2BFC8E7C,E007F816,00000020,00000535
1334,50350800,00000044,000003D4,00000001,012A0001,002B001A,3CAA01C9,2BFC8E7C,E007F816,00000020,00000536
1335,51511000,0000FFEB,000003D4,00000001,012A0001,002B001A,3CA901AC,28008E7C,E007F816,00000020,00000537
1336,49356100,0000FFB8,000003D4,00000001,01290001,002B001A,3CA881B4,28008E7C,E007F816,00000020,00000538
1337,53121500,0000FF9D,000003D4,00000001,01290001,002B001A,3CA901DC,28008E7C,E007F816,00000020,00000539
1338,49318300,0000FF8C,000003D4,00000001,01290001,002B001A,3CA781A0,28008E7C,E007F816,00000020,0000053A
1339,49852800,0000FF96,000003D4,00000000,01290001,002B001A,3CA6818B,28008E7C,E007F816,00000020,0000053B
1340,49297800,0000FFBB,000003D3,00000000,01290001,002A001A,3CA601A6,28008E7C,E007F816,00000020,0000053C
1341,51209200,0000FFF5,000003D3,00000000,01290001,002A001A,3CA781C0,28008E7C,E007F816,00000020,0000053D
1342,156327100,00000038,000003D3,0000FFFF,01290001,002A001A,3CA701DF,28008E7C,E007F816,00000020,0000053E
1343,13621400,0000006A,000003D4,0000FFFF,01290001,002B001A,3CA60187,28008E7C,E007F816,00000020,0000053F
1344,49212600,00000092,000003D4,0000FFFF,01290001,002B001A,3CA68196,28008E7C,E007F816,00000020,00000540
1345,50672700,000000AF,000003D4,0000FFFF,01290001,002B001A,3CA801AE,28008E7C,E007F816,00000020,00000541
1346,49983300,000000C0,000003D4,0000FFFF,012A0001,002B001A,3CA7818F,28008E7C,E007F816,00000020,00000542
1347,51090200,000000CE,000003D4,0000FFFF,012A0001,002B001A,3CA901B4,28008E7C,E007F816,00000020,00000543
1348,49967000,000000D2,000003D4,00000000,012A0001,002B001A,3CA8819D,2BFC8E7C,E007F816,00000020,00000544
1349,49166100,000000A4,000003D4,00000000,012A0001,002B001A,3CAA820F,2BFC8E7C,E007F816,00000020,00000545
1350,50424500,00000043,000003D4,00000001,012A0001,002B001A,3CA90196,2BFC7DAD,E007F816,00000020,00000546
1351,52202700,0000FFEC,000003D4,00000001,012A0001,002B001A,3CAA01DE,28007DAD,E007F816,00000020,00000547
1352,167345300,0000FFB7,000003D4,00000001,01290001,002B001A,3CA8019A,28007DAD,E007F816,00000020,00000548
1353,12436100,0000FF9C,000003D4,00000001,01290001,002B001A,3CA80192,28007DAD,E007F816,00000020,00000549
1354,51416300,0000FF8C,000003D4,00000001,01290001,002B001A,3CA881BA,28007DAD,E007F816,00000020,0000054A
1355,49826800,0000FF96,000003D4,00000000,01290001,002B001A,3CA701A0,28007DAD,E007F816,00000020,0000054B
1356,51515900,0000FFBB,000003D3,00000000,01290001,002B001A,3CA68197,28007DAD,E007F816,00000020,0000054C
1357,50120200,0000FFF5,000003D3,00000000,01290001,002A001A,3CA681A7,28007DAD,E007F816,00000020,0000054D
1358,50728600,00000038,000003D3,0000FFFF,01290001,002B001A,3CA701AF,28007DAD,E007F816,00000020,0000054E
1359,49631000,0000006B,000003D3,0000FFFF,01290001,002B001A,3CA681C9,28007DAD,E007F816,00000020,0000054F
1360,49959900,00000092,000003D4,0000FFFF,01290001,002B001A,3CA701DE,28007DAD,E007F816,00000020,00000550
1361,52367300,000000AE,000003D4,0000FFFF,01290001,002B001A,3CA781AC,28007DAD,E007F816,00000020,00000551
1362,149055800,000000C2,000003D4,0000FFFF,012A0001,002B001A,3CA78192,28007DAD,E007F816,00000020,00000552
1363,11911200,000000CD,000003D4,0000FFFF,012A0001,002B001A,3CA881A4,28007DAD,E007F816,00000020,00000553
1364,51817500,000000D1,000003D4,00000000,012A0001,002B001A,3CA901C9,2BFC7DAD,E007F816,00000020,00000554
1365,50022000,000000A4,000003D4,00000000,012A0001,002B001A,3CA981F3,2BFC7DAD,E007F816,00000020,00000555
1366,50503300,00000038,000003B2,00000029,01250001,002B001A,3CAA81DE,2BFC7DAD,E007F816,00000020,00000556
1367,51088200,0000FFCE,0000036D,0000004B,01120001,002B001A,3CAB0201,2BFC7DAD,E007F816,00000020,00000557
1368,49206400,0000FFB3,0000036C,00000033,00FF0001,002B001A,3CA901BC,28007DAD,E007F816,00000020,00000558
1369,48392600,0000FFB5,0000032F,00000012,00F60001,002B001A,3CA801A4,28007DAD,E007F816,00000020,00000559
1370,52568400,0000FF99,0000037F,00000003,00F40001,002B001A,3CA801A1,28007DAD,E007F816,00000020,0000055A
1371,51246400,0000FF9A,000003B5,0000FFFD,00F40001,002B001A,3CA801C4,2BFC7DAD,E007F816,00000020,0000055B
1372,156348900,0000FFBA,000003D1,0000FFFB,00F50001,002B001A,3CA701A6,2BFC7DAD,E007F816,00000020,0000055C
1373,14119100,0000FFF6,000003DE,0000FFFB,00F70001,002B001A,3CA68198,2BFC7DAD,E007F816,00000020,0000055D
1374,50574500,000E0039,002603EF,0000FFEF,00FAFFFB,002B001A,3CA701BB,28007DAD,E007F816,00000020,0000055E
1375,51836200,FFEA006D,FFE503EE,0000FFFC,00FEFFFD,002B001A,3CA6019E,2BFC7DAD,E007F816,00000020,0000055F
1376,49272200,00070075,001203A2,0000003C,00F5FFFD,002B001A,3CA801DB,2BFC7DAD,E007F816,00000020,00000560
1377,49378900,FFFE008C,FFEE038E,00000051,00DFFFFE,002B001A,3CA781CA,28007DAD,E007F816,00000020,00000561
1378,51295900,001200A3,002102C9,000000A9,00BCFFF8,002B001A,3CA90216,27FC7DAD,E207D016,00000020,00000562
1379,49260900,FFDB009A,FFEC029C,0000006F,00920001,002B001A,3CA981DE,24007DAD,E207D016,00000020,00000563
1380,49177500,002A0015,002702D7,00000065,0079FFFB,002B001A,3CA80196,27FC6E06,E207D016,00000020,00000564
1381,51219300,FFDDFF33,FFEB01EF,0000006C,005C0003,002B001A,3CA881B9,1C006E06,E205D816,00000020,00000565
1382,60578000,0018FEDA,000603E0,0000FFF5,00480003,002A001A,3CA781AA,28006E06,E007F816,00000020,00000566
1383,164283800,FFFBFEB4,FFF902C8,0000FFD0,00580006,002A001A,3CA601F5,27FC6E06,E207D016,00000020,00000567
1384,14376500,0004FED5,FFFF0438,0000FFE2,00620007,002A001A,3CA4819F,2BFC6E06,E007F816,00000020,00000568
1385,49771200,0001FECA,00000430,0000FFEE,00690007,002A001A,3CA30188,2BFC6E06,E007F816,00000020,00000569
1386,50097500,FFFFFF71,0001041B,0000FFF4,006D0006,002A001A,3CA30195,2BFC6E06,E007F816,00000020,0000056A
1387,52141000,FFFFFFB9,00000408,0000FFF9,006F0006,002A001A,3CA301A6,2BFC6E06,E007F816,00000020,0000056B
1388,47760700,FFFFFFF3,000003F7,0000FFFB,00710006,002A001A,3CA381CF,28006E06,E007F816,00000020,0000056C
1389,50033400,FFFF0035,000003EB,0000FFFD,00720006,002A001A,3CA401D4,28006E06,E007F816,00000020,0000056D
1390,48503500,FFFF0068,000003E2,0000FFFE,00720006,002A001A,3CA401D7,28006E06,E007F816,00000020,0000056E
1391,67828600,FFFF008D,000003DC,0000FFFE,00730006,002A001A,3CA38195,28006E06,E007F816,00000020,0000056F
1392,186634000,FFFF00AA,000003D8,0000FFFF,00730006,002A001A,3CA501CC,28006E06,E007F816,00000020,00000570
1393,13703300,FFFF00BF,000003D6,0000FFFF,00740006,002A001A,3CA481A5,28006E06,E007F816,00000020,00000571
1394,50329600,000000CC,000003D5,0000FFFF,00740006,002A001B,3CA581B4,28006E06,E007F816,00000020,00000572
1395,50031000,FFFF00D2,000003D4,00000000,00740006,002A001B,3CA58194,28006E06,E007F816,00000020,00000573
1396,51180000,000300DA,000A03D2,00000003,00740005,002A001B,3CA6819E,2BFC6E06,E007F816,00000020,00000574
1397,49798800,000400DB,000803C8,0000000A,00720001,002B001B,3CA681A2,2BFC6E06,E007F816,00000020,00000575
1398,49983700,FFFB00DC,000703C1,0000000D,006E0000,002B001B,3CA7819A,28006E06,E007F816,00000020,00000576
1399,50063400,000100E4,000503BB,00000008,006BFFFE,002B001B,3CA78184,28006E06,E007F816,00000020,00000577
1400,52126600,FFFC00E3,000003BB,00000002,006AFFFD,002B001B,3CA80182,28006E06,E007F816,00000020,00000578
1401,160973100,FFFF00AE,FFFF03C7,00000000,006AFFFD,002B001B,3CA9018F,2BFC6E06,E007F816,00000020,00000579
1402,14947500,00000048,FFFF03D1,00000000,006AFFFD,002B001B,3CA9018B,2BFC6E06,E007F816,00000020,0000057A
1403,49786800,0000FFED,000003D5,00000000,006AFFFD,002B001B,3CA88188,2BFC6E06,E007F816,00000020,0000057B
1404,50075900,0000FFB8,000003D7,00000000,006AFFFE,002B001B,3CA901A0,28006E06,E007F816,00000020,0000057C
1405,50594700,0000FF9A,000003D8,00000000,006AFFFE,002B001B,3CA8819A,28006E06,E007F816,00000020,0000057D
1406,51782000,0000FF89,000003D7,00000000,0069FFFE,002B001B,3CA80199,28006E06,E007F816,00000020,0000057E
1407,49861800,0000FF81,000003D7,00000000,0069FFFE,002B001B,3CA901E8,28006E06,E007F816,00000020,0000057F
1408,48418400,0000FF8E,000003D6,00000000,0069FFFE,002B001B,3CA781C3,28006E06,E007F816,00000020,00000580
1409,50870200,0000FFB5,FFFD03D5,00000001,0069FFFE,002B001B,3CA681EF,28006E06,E007F816,00000020,00000581
1410,149956100,FFFEFFED,FFFE03C9,0000000A,0067FFFF,002B001B,3CA781A8,28005E75,E007F816,00000020,00000582
1411,14971400,0002002F,FFFE03C4,0000000D,00640000,002B001B,3CA68193,28005E75,E007F816,00000020,00000583
1412,49965900,FFFF006A,FFFF03BD,00000006,00610000,002B001B,3CA70186,28005E75,E007F816,00000020,00000584
1413,49527300,00010093,FFFE03BC,00000000,00610001,002B001B,3CA881B9,28005E75,E007F816,00000020,00000585
1414,49928200,000000AE,FFFF03CB,0000FFFE,00610001,002B001B,3CA901E6,28005E75,E007F816,00000020,00000586
1415,51308000,000200BB,000003D4,0000FFFE,00620001,002B001B,3CA8018C,2BFC5E75,E007F816,00000020,00000587
1416,50172500,FFFF0094,000003D7,0000FFFF,00620001,002B001B,3CA90193,2BFC5E75,E007F816,00000020,00000588
1417,50273900,00010037,000103D9,00000000,00620000,002B001B,3CA901C0,2BFC5E75,E007F816,00000020,00000589
1418,49024700,0000FFE6,000003D7,00000000,00620000,002B001B,3CAA01C3,28005E75,E007F816,00000020,0000058A
1419,50827500,0000FFB3,000003D7,00000001,00620000,002B001B,3CA901B4,28005E75,E007F816,00000020,0000058B
1420,164730000,0000FF97,000003D6,00000001,00620000,002B001B,3CA80199,28005E75,E007F816,00000020,0000058C
1421,52331000,0000FF87,000003D5,00000001,00620000,002B001B,3CA78191,28005E75,E007F816,00000020,0000058D
1422,52938400,0000FF80,000003D5,00000001,00610000,002B001B,3CA78199,28005E75,E007F816,00000020,0000058E
1423,50312000,0000FF8E,000003D5,00000000,00610000,002B001B,3CA681B2,28005E75,E007F816,00000020,0000058F
1424,49448900,0000FFB5,000003D5,00000000,00610000,002B001B,3CA68191,28005E75,E007F816,00000020,00000590
1425,50276300,0000FFF1,000003D5,00000000,00610000,002B001B,3CA681A7,28005E75,E007F816,00000020,00000591
1426,61371100,00000033,000003D5,0000FFFF,00620000,002B001B,3CA701AC,28005E75,E007F816,00000020,00000592
1427,184004700,00000068,000003D5,0000FFFF,00620000,002B001B,3CA781A7,28005E75,E007F816,00000020,00000593
1428,14456900,0000008F,000003D6,0000FFFF,00620000,002B001B,3CA781C8,28005E75,E007F816,00000020,00000594
1429,51221600,000000AC,000003D6,0000FFFE,00630000,002B001B,3CA78184,28005E75,E007F816,00000020,00000595
1430,51051500,000000B9,000003D6,0000FFFF,00630000,002B001B,3CA901CC,28005E75,E007F816,00000020,00000596
1431,50231300,00000095,000003D7,0000FFFF,00630000,002B001B,3CA881ED,28005E75,E007F816,00000020,00000597
1432,48795200,00000038,000003D6,00000000,00630000,002B001B,3CA881BE,28005E75,E007F816,00000020,00000598
1433,56682300,0000FFE5,000003D6,00000001,00630000,002B001B,3CAA01CD,28005E75,E007F816,00000020,00000599
1434,67476800,0000FFB4,000003D5,00000001,00630000,002B001B,3CA88193,28005E75,E007F816,00000020,0000059A
1435,175148700,0000FF98,000003D5,00000001,00630000,002B001B,3CA8018E,28005E75,E007F816,00000020,0000059B
1436,14818100,0000FF8A,000003D5,00000001,00620000,002B001B,3CA781A2,28005E75,E007F816,00000020,0000059C
1437,50449500,0000FF94,000003D4,00000000,00620000,002B001B,3CA70185,28005E75,E007F816,00000020,0000059D
1438,49900800,0000FFB8,000003D4,00000000,00620000,002B001B,3CA7019A,28005E75,E007F816,00000020,0000059E
1439,50797400,0000FFF4,000003D4,00000000,00620000,002B001B,3CA80216,28005E75,E007F816,00000020,0000059F
1440,48762900,00000035,000003D4,0000FFFF,00620000,002B001B,3CA70197,28005127,E0FFF816,00000020,000005A0
1441,50850100,0000006A,000003D4,0000FFFF,00620000,002B001B,3CA881BC,28005127,E007F816,00000020,000005A1
1442,61078800,00000091,000003D5,0000FFFF,00630000,002B001B,3CA801C3,28005127,E007F816,00000020,000005A2
1443,70810000,000000AC,000003D5,0000FFFF,00630000,002B001B,3CA901BC,28005127,E007F816,00000020,000005A3
1444,170919700,000000BA,000003D5,0000FFFF,00630000,002B001B,3CA901B2,28005127,E007F816,00000020,000005A4
1445,16031100,00000095,000003D5,00000000,00630000,002B001B,3CA9819C,28005127,E007F816,00000020,000005A5
1446,50427300,00000038,000003D5,00000000,00630000,002B001B,3CA981AA,28005127,E007F816,00000020,000005A6
1447,49338000,0000FFE5,000003D5,00000001,00630000,002B001B,3CA90198,28005127,E007F816,00000020,000005A7
1448,50999700,0000FFB4,000003D5,00000001,00630000,002B001B,3CA901D1,28005127,E007F816,00000020,000005A8
1449,51705800,0000FF97,000003D5,00000001,00630000,002B001B,3CA881B1,28005127,E007F816,00000020,000005A9
1450,49462200,0000FF87,000003D5,00000001,00620000,002B001B,3CA8018E,28005127,E007F816,00000020,000005AA
1451,56683900,0000FF80,000003D5,00000001,00620000,002B001B,3CA7819A,28005127,E007F816,00000020,000005AB
1452,171049500,0000FF8A,000003C9,0000000C,00600000,002B001B,3CA881CE,2BFC5127,E0FFF816,00000020,000005AC
1453,15896400,FFF6FFAD,000003BA,FFF90014,005B0000,FF2B0019,3CA9022F,28005127,E0FFF816,00000020,000005AD
1454,51322400,FFEEFFF0,000003B7,FFF3000C,00560000,002B0016,3CA7019F,28005127,E007F816,00000020,000005AE
1455,51704800,FFF6003A,000003AA,FFF50003,00550000,002B0013,3CA681FF,28005127,E007F816,00000020,000005AF
1456,49557100,FFF9006B,000003C0,FFF80000,00540000,002B0010,3CA801CE,28005127,E007F816,00000020,000005B0
1457,50457700,FFF60089,000003B7,FFFA0016,00510000,002B000E,3CA70195,2BFC5127,E007F816,00000020,000005B1
1458,61477500,FFF5009C,0000039F,FFFC0026,00480000,002B000D,3CA80197,2BFC5127,E007F816,00000020,000005B2
1459,82499000,FFF500B9,0000039E,FFFD0017,003E0000,002B000C,3CA901AA,28005127,E007F816,00000020,000005B3
1460,195173500,FFF500A2,00000383,FFFE0007,003B0000,002B000B,3CA981B3,28005127,E007F816,00000020,000005B4
1461,15109700,FFF6003E,000003AF,FFFF0000,003A0000,002B000A,3CA9018D,28005127,E007F816,00000020,000005B5
1462,52303300,FFF6FFDF,000003B2,00000016,00370000,002B000A,3CA981AF,2BFC5127,E007F816,00000020,000005B6
1463,50776900,FFF8FFA5,000003A1,00000027,002E0000,002B000A,3CA90190,2BFC5127,E007F816,00000020,000005B7
1464,50423200,FFF9FF97,000003A1,00010017,00240000,002B000B,3CA801A5,28005127,E007F816,00000020,000005B8
1465,64926300,FFFBFF94,00000388,00010007,00210000,002B000B,3CA881AC,28005127,E007F816,00000020,000005B9
1466,71114500,FFFCFF85,000003B3,00010000,00200000,002B000B,3CA7818F,28005127,E007F816,00000020,000005BA
1467,188037200,FFFDFF87,000003B5,00010015,001D0000,002B000B,3CA781A6,2BFC5127,E007F816,00000020,000005BB
1468,17416500,FFFEFFA5,000003A4,00010025,00140000,002B000C,3CA701A7,28005127,E007F816,00000020,000005BC
1469,52177900,FFFFFFEF,000003A4,00010015,000B0000,002B000C,3CA68189,28005127,E007F816,00000020,000005BD
1470,48165400,FFFF0040,0000038A,00010005,00080000,002B000C,3CA781D9,28004463,E007F816,00000022,000005BE
1471,52158100,0000006D,000003B4,0001FFFE,00080000,002B000C,3CA70195,28004463,E007F816,00000022,000005BF
1472,64068000,0000008D,000003C2,00010008,00070000,002B000C,3CA78193,2BFC4463,E007F816,00000022,000005C0
1473,71579600,0000009E,000003BF,00000010,00030000,002B000C,3CA88196,2BFC4463,E007F816,00000022,000005C1
1474,193649900,00000086,000003C1,00000009,FFFF0000,002B000D,3CA8818E,28004463,E007F816,00000022,000005C2
1475,14423900,00000036,000003B4,00000002,FFFE0000,002B000D,3CA981AF,28004463,E007F816,00000022,000005C3
1476,52612800,0000FFE2,000003C9,0000FFFF,FFFE0000,002B000D,3CA8818E,28004463,E007F816,00000022,000005C4
1477,49524100,0001FFB1,000003D5,0000FFFF,FFFE0000,002B000D,3CA981C4,28004463,E007F816,00000022,000005C5
1478,51541400,0000FF95,000003DA,0000FFFF,FFFE0000,002B000D,3CA8018F,28004463,E007F816,00000022,000005C6
1479,57833900,0000FF85,000003DA,00000000,FFFF0000,002B000D,3CA781AA,28004463,E007F816,00000022,000005C7
1480,69578400,0001FF7D,000003D6,00000002,FFFE0000,002B000D,3CA78193,28004463,E007F816,00000022,000005C8
1481,188837400,0001FF8C,000003D6,00000002,FFFD0000,002B000D,3CA801B4,28004463,E007F816,00000022,000005C9
1482,14916200,0000FFB5,000003D1,00000000,FFFD0000,002B000D,3CA90210,28004463,E007F816,00000022,000005CA
1483,51710700,0000FFF0,000003D3,0000FFFF,FFFD0000,002B000D,3CA98232,28004463,E007F816,00000022,000005CB
1484,52289400,00000032,000003D5,0000FFFF,FFFD0000,002B000D,3CA901F7,28004463,E007F816,00000022,000005CC
1485,45285700,00000067,000003D6,0000FFFF,FFFE0000,002B000D,3CA701E3,28004463,E007F816,00000022,000005CD
1486,51655700,0000008E,000003D6,0000FFFF,FFFE0000,002B000D,3CA801AF,28004463,E007F816,00000022,000005CE
1487,49850000,000000AA,000003D6,0000FFFF,FFFE0000,002B000D,3CA881A6,28004463,E007F816,00000022,000005CF
1488,169630000,000000B9,000003D6,0000FFFF,FFFF0000,002B000D,3CA90195,28004463,E007F816,00000022,000005D0
1489,17586600,00000093,000003D6,00000000,FFFF0000,002B000D,3CA981BC,28004463,E007F816,00000022,000005D1
1490,51439400,00000037,000003D6,00000000,FFFF0000,002B000D,3CA98191,28004463,E007F816,00000022,000005D2
1491,50783600,0000FFE4,000003D6,00000001,FFFF0000,002B000D,3CA981B3,28004463,E007F816,00000022,000005D3
1492,49651900,0000FFB3,000003D5,00000001,FFFE0000,002B000D,3CA901D1,28004463,E007F816,00000022,000005D4
1493,63178400,0000FF96,000003D5,00000001,FFFE0000,002B000D,3CA8818A,28004463,E007F816,00000022,000005D5
1494,58954300,0000FF86,000003D5,00000001,FFFE0000,002B000D,3CA901B3,28004463,E007F816,00000022,000005D6
1495,150039300,0000FF7D,000003D5,00000001,FFFE0000,002B000D,3CA981FB,28004463,E007F816,00000022,000005D7
1496,13573500,0000FF79,000003D5,00000000,FFFE0000,002B000D,3CA901FD,28004463,E007F816,00000022,000005D8
1497,51271800,0000FF89,000003D5,00000000,FFFE0000,002B000D,3CA7819F,28004463,E007F816,00000022,000005D9
1498,49508100,0000FFB2,000003D5,00000000,FFFE0000,002B000D,3CA701A0,28004463,E007F816,00000022,000005DA
1499,50802600,0000FFEE,000003D5,00000000,FFFE0000,002B000D,3CA7018B,28004463,E007F816,00000022,000005DB
1500,49790500,00000031,000003D5,0000FFFF,FFFE0000,002B000D,3CA701B5,28003A2E,E007F816,00000022,000005DC
1501,62862300,00000066,000003D5,0000FFFF,FFFE0000,002B000D,3CA981F6,28003A2E,E007F816,00000022,000005DD
1502,155430500,0000008E,000003D5,0000FFFF,FFFE0000,002B000D,3CA901D3,28003A2E,E007F816,00000022,000005DE
1503,14684300,000000A5,000003D5,0000FFFF,FFFF0000,002B000D,3CA801FD,28003A2E,E007F816,00000022,000005DF
1504,49716700,00000087,000103D5,0000FFFF,FFFF0000,002B000D,3CA8819E,28003A2E,E007F816,00000022,000005E0
1505,51780700,00020030,000403D8,0000FFFF,FFFFFFFF,002B000D,3CA901C5,28003A2E,E007F816,00000022,000005E1
1506,51891900,0001FFE0,000503D7,0000FFFF,FFFFFFFE,002B000D,3CA88198,28003A2E,E007F816,00000022,000005E2
1507,55272400,0001FFB0,000503D9,00000000,FFFFFFFC,002B000D,3CA901A2,28003A2E,E007F816,00000022,000005E3
1508,43406100,FFFEFF96,000303DA,0000FFFF,0000FFFB,002B000D,3CA8023E,28003A2E,E007F816,00000022,000005E4
1509,52318600,0000FF86,000203D8,0000FFFF,0000FFFB,002B000D,3CA801A5,28003A2E,E007F816,00000022,000005E5
1510,64436400,FFF9FF7C,FFF703D1,00000008,FFFFFFFD,002B000D,3CA781A2,2BFC3A2E,E007F816,00000022,000005E6
1511,176819300,0004FF82,FFFE03B5,00000021,FFF9FFFE,002B000D,3CA7018D,2BFC3A2E,E007F816,00000022,000005E7
1512,17521500,FFFFFFA4,FFFA0390,0000002D,FFED0000,002B000D,3CA701DD,28003A2E,E007F816,00000022,000005E8
1513,50174200,0003FFF2,FFFF0387,0000001D,FFE20000,002B000D,3CA881F8,28003A2E,E007F816,00000022,000005E9
1514,53036400,00000042,FFF10377,00000005,FFDE0001,002B000C,3CA9021F,28003A2E,E007F816,00000022,000005EA
1515,73111000,00010075,000103B8,0000FFF3,FFE00002,002B000C,3CA781A4,28003A2E,E007F816,00000022,000005EB
1516,68875800,00010093,FFFD03D2,0000FFEF,FFE50002,002B000C,3CA7818D,2BFC3A2E,E007F816,00000022,000005EC
1517,190954200,FFFE009E,FFFF03F8,FFFFFFF6,FFE80003,002B000C,3CA801D3,2BFC3A2E,E007F816,00000022,000005ED
1518,14271200,FFFF0081,FFFA03EA,00000016,FFE80004,002B000C,3CA901C0,2BFC3A2E,E007F816,00000022,000005EE
1519,50074000,00000004,FFFE0363,00000056,FFD60004,002B000C,3CAB01F3,2BFC3A2E,E007F816,00000022,000005EF
1520,49536200,0000FFC6,FFFC0378,00000059,FFB90005,002B000C,3CAB01E8,28003A2E,E007F816,00000022,000005F0
1521,49895000,0000FFD0,000002FA,00000022,FFAA0006,002B000C,3CA901A6,24003A2E,E207D016,00000022,000005F1
1522,50139300,0000FF90,00000346,00000009,FFA50006,002B000C,3CA80191,28003A2E,E007F816,00000022,000005F2
1523,55312500,FFFFFF29,0000039A,0000FFFE,FFA50005,002B000C,3CA881DC,28003A2E,E007F816,00000022,000005F3
1524,154049900,FFFFFF77,000003C8,0000FFFA,FFA60005,002B000C,3CA70199,2BFC3A2E,E007F816,00000022,000005F4
1525,14652400,FFFFFF8B,000003DE,0000FFFA,FFA80005,002B000C,3CA7018F,2BFC3A2E,E007F816,00000022,000005F5
1526,51159700,FFFFFFB1,000003E6,0000FFFB,FFA90005,002B000C,3CA801B2,2BFC3A2E,E007F816,00000022,000005F6
1527,49457600,0017FFF3,005B03FA,0000FFE0,FFAEFFFC,002B000C,3CA68183,28003A2E,E007F816,00000022,000005F7
1528,49559200,000E0047,0024042F,0002FFC4,FFBBFFEA,002B000C,3CA801BD,28003A2E,E007F816,00000022,000005F8
1529,50670600,FFEE0071,0034043D,FFFEFFC9,FFCCFFE1,FF2B000C,3CA781B3,2BFC3A2E,E007F816,00000022,000005F9
1530,50887900,000A0082,000F045B,FFFCFFE2,FFD7FFD5,FF2B000B,3CA881CE,2BFC3262,E007F816,00000022,000005FA
1531,52664800,FFB3008E,FF970403,FFFC0025,FFD5FFEB,002B000A,3CA881CE,2BFC3262,E007F816,00000022,000005FB
1532,46174600,00140086,FFD60379,FFFD006E,FFBCFFFA,002B000A,3CA901A3,2BFC3262,E007F816,00000022,000005FC
1533,52551300,FFFE0080,FFB7032F,FFFF0065,FF9C000A,002B0009,3CAB01D2,28003262,E007F816,00000022,000005FD
1534,207988700,000B0055,FFED02E0,FFFF002D,FF880017,002B0009,3CAA81C1,24003262,E207D016,00000022,000005FE
1535,14127200,0017FFE4,00000319,FFFF000E,FF810018,002B0008,3CA98193,28003262,E007F816,00000022,000005FF
1536,52591000,0000FF59,00030381,00000000,FF800018,002B0008,3CA901D9,28003262,E007F816,00000022,00000600
1537,48594200,FFFAFF8F,000303BB,0000FFFB,FF810017,002B0008,3CA981C0,2BFC3262,E007F816,00000022,00000601
1538,49187100,FFFAFF85,000203D9,0000FFFA,FF830016,002B0008,3CA901AA,2BFC3262,E007F816,00000022,00000602
1539,55254300,FFFAFF7A,000203E5,0001FFFB,FF840016,002B0008,3CA901C7,2BFC3262,E007F816,00000022,00000603
1540,67032400,FFFBFF77,000103E8,0001FFFC,FF860015,002B0009,3CA881B6,2BFC3262,E007F816,00000022,00000604
1541,161163500,FFFCFF86,000103E7,0001FFFD,FF870015,002B0009,3CA901E1,28003262,E007F816,00000022,00000605
1542,18587200,FFFDFFB0,000103E3,0001FFFE,FF870015,002B0009,3CA7819A,28003262,E007F816,00000022,00000606
1543,48944400,FFFDFFEC,000003DF,0001FFFE,FF880014,002B0009,3CA781B8,28003262,E007F816,00000022,00000607
1544,53052400,FFFD0030,000003DC,0001FFFE,FF880014,002B000A,3CA801AC,28003262,E007F816,00000022,00000608
1545,46503900,FFFE0065,000003D9,0001FFFF,FF890014,002B000A,3CA801AB,28003262,E007F816,00000022,00000609
1546,49704300,FFFE0088,000003D8,0001FFFF,FF890014,002B000A,3CA901E0,28003262,E007F816,00000022,0000060A
1547,50587600,00030074,001B03DA,0000FFF8,FF8A0012,002B000A,3CA981AF,28003262,E007F816,00000022,0000060B
1548,62232800,000B0027,001D03E9,0000FFF4,FF8D000A,002B000A,3CA88192,28003262,E007F816,00000022,0000060C
1549,171262600,0000FFD9,002D03E2,0000FFFB,FF900001,002B000B,3CA9019B,2BFC3262,E007F816,00000022,0000060D
1550,13665400,FFFFFFA8,001803F8,0000FFF8,FF92FFF7,002B000B,3CAA01E8,28003262,E007F816,00000022,0000060E
1551,49175300,FFF4FF95,001103EE,0000FFF6,FF94FFF1,002B000B,3CA901C1,28003262,E007F816,00000022,0000060F
1552,51335400,FFE9FF7B,FFE103CF,00000018,FF93FFF6,002B000B,3CA801F6,2BFC3262,E007F816,00000022,00000610
1553,49518000,0003FF59,FFF80380,00000052,FF82FFFA,002B000B,3CA881AA,2BFC3262,E007F816,00000022,00000611
1554,49231300,FFFFFF76,FFE7035D,00000054,FF68FFFF,002B000B,3CA7819D,28003262,E007F816,00000022,00000612
1555,51003500,0007FFC9,FFFB0317,00000025,FF580002,002B000B,3CA70187,28003262,E007F816,00000022,00000613
1556,57897100,00070004,FFFF033F,0000000A,FF530003,002B000B,3CA801A7,28003262,E007F816,00000022,00000614
1557,165064800,0001003B,00000393,0000FFFE,FF530003,002B000B,3CA901D7,28003262,E007F816,00000022,00000615
1558,18445400,00000069,000003C3,0000FFFA,FF540003,002B000B,3CA8019B,2BFC3262,E007F816,00000022,00000616
1559,45851100,00000087,000003DA,0000FFFA,FF560003,002B000B,3CA901BB,2BFC3262,E007F816,00000022,00000617
1560,52038100,00000071,000003DF,00000004,FF570003,002B000B,3CA8818A,2BFC2CDD,E007F816,00000022,00000618
1561,50151100,00000016,000003C0,00000016,FF520003,002B000B,3CAA01C9,2BFC2CDD,E007F816,00000022,00000619
1562,49522300,0000FFD0,000003C2,00000018,FF4B0003,002B000B,3CAB822B,28002CDD,E007F816,00000022,0000061A
1563,50972900,0000FFB4,000003A0,00000008,FF470003,002B000B,3CA981A9,28002CDD,E007F816,00000022,0000061B
1564,58683000,0000FF95,000003AB,0000000C,FF440003,002B000B,3CA901A5,2BFC2CDD,E007F816,00000022,0000061C
1565,72958100,0000FF7D,000003AF,00000012,FF400003,002B000B,3CA881A0,28002CDD,E007F816,00000022,0000061D
1566,172234700,0000FF79,000003BA,0000000C,FF3B0003,002B000B,3CA801CF,28002CDD,E007F816,00000022,0000061E
1567,14426000,0000FF7E,000003AF,00000003,FF3A0003,002B000B,3CA781DD,28002CDD,E007F816,00000022,0000061F
1568,49987800,FFFFFF85,000003B5,0000000C,FF370003,002B000B,3CA78194,2BFC2CDD,E007F816,00000022,00000620
1569,51901900,0000FFAA,000003B9,00000012,FF330003,002B000B,3CA801A9,28002CDD,E007F816,00000022,00000621
1570,50869800,FFFFFFED,000003B9,00000008,FF2F0003,002B000B,3CA88213,28002CDD,E007F816,00000022,00000622
1571,51416300,00000035,FFFF03B3,00000003,FF2E0003,002B000B,3CA781CB,28002CDD,E007F816,00000022,00000623
1572,48643100,00000060,000003B3,0000000E,FF2B0003,002B000B,3CA80194,2BFC2CDD,E007F816,00000022,00000624
1573,55710200,00000082,000003BE,00000012,FF260003,002B000B,3CA801C8,28002CDD,E007F816,00000022,00000625
1574,176862600,00000077,000003B2,00000006,FF240003,002B000B,3CAA01C9,28002CDD,E007F816,00000022,00000626
1575,12833300,00000025,000003B6,00000008,FF220003,002B000B,3CA90198,2BFC2CDD,E007F816,00000022,00000627
1576,51847300,0000FFD0,000003B2,00000011,FF1E0003,002B000B,3CA9018E,2BFC2CDD,E007F816,00000022,00000628
1577,50032600,0000FFA8,000003BE,0000000F,FF190003,002B000B,3CAA81FA,28002CDD,E007F816,00000022,00000629
1578,49587000,0000FF97,000003AE,00000005,FF170004,002B000B,3CA88198,28002CDD,E007F816,00000022,0000062A
1579,49333500,0000FF83,000003B6,0000000B,FF150004,002B000B,3CA881D4,2BFC2CDD,E007F816,00000022,0000062B
1580,56255300,0000FF73,000003B4,00000012,FF100004,002B000B,3CA8019F,28002CDD,E007F816,00000022,0000062C
1581,68549200,0000FF75,000003BB,0000000B,FF0C0004,002B000B,3CA881A9,28002CDD,E007F816,00000022,0000062D
1582,186433700,0000FF7A,000003AF,00000003,FF0A0004,002B000B,3CA781B8,28002CDD,E007F816,00000022,0000062E
1583,14736800,FFFFFF83,000003B4,0000000D,FF080004,002B000B,3CA801B3,2BFC2CDD,E007F816,00000022,0000062F
1584,51487600,0000FFA9,000003B9,00000012,FF030004,002B000B,3CA901EB,28002CDD,E007F816,00000022,00000630
1585,51998400,0000FFEC,000003B6,00000007,FEFF0004,002B000B,3CA701CE,28002CDD,E007F816,00000022,00000631
1586,47799100,00000034,FFFF03B3,00000004,FEFE0004,002B000B,3CA801DA,28002CDD,E007F816,00000022,00000632
1587,52951200,00000060,000003B2,0000000E,FEFB0004,002B000B,3CA981C4,2BFC2CDD,E007F816,00000022,00000633
1588,70449500,00000080,000003BD,00000011,FEF70004,002B000B,3CAA01C3,28002CDD,E007F816,00000022,00000634
1589,208745500,00000076,000003B0,00000005,FEF40004,002B000B,3CAA01CF,28002CDD,E007F816,00000022,00000635
1590,15356700,00000026,000003B6,00000008,FEF30004,002B000B,3CA981AD,2BFC298F,E007F816,00000022,00000636
1591,48973800,0000FFCE,000003B2,00000011,FEEF0004,002B000B,3CAA01CC,2BFC298F,E007F816,00000022,00000637
1592,48587600,0000FFA8,000003BD,0000000E,FEE90004,002B000B,3CA98198,2800298F,E007F816,00000022,00000638
1593,51280800,0000FF95,000003AD,00000004,FEE70004,002B000C,3CA9018C,2800298F,E007F816,00000022,00000639
1594,51297300,FFFFFF82,000003B5,0000000C,FEE50004,002B000C,3CA901AA,2BFC298F,E007F816,00000022,0000063A
1595,61935900,0000FF72,000003B5,00000012,FEE10004,002B000C,3CA901C4,2800298F,E007F816,00000022,0000063B
1596,158014200,0000FF75,000003BA,0000000A,FEDC0004,002B000C,3CA88194,2800298F,E007F816,00000022,0000063C
1597,13636400,0000FF78,000003B0,00000002,FEDB0004,002B000C,3CA801A4,2800298F,E007F816,00000022,0000063D
1598,50411200,0000FF6E,000003B2,0000000E,FED80004,002B000C,3CA7818E,2BFC298F,E007F816,00000022,0000063E
1599,49688900,0000FF7E,000003BA,00000013,FED30005,002B000C,3CA7018B,2800298F,E007F816,00000022,0000063F
1600,50376900,FFFFFFB0,000003B4,00000007,FED00005,002B000C,3CA881B9,2800298F,E007F816,00000022,00000640
1601,49617100,0000FFEC,000003B3,00000005,FECF0005,002B000C,3CA801AD,2800298F,E007F816,00000022,00000641
1602,51553400,0000002B,000003B2,0000000F,FECB0005,002B000C,3CA80196,2BFC298F,E007F816,00000022,00000642
1603,52307100,0000005A,000003BE,00000010,FEC60005,002B000C,3CA8018B,2800298F,E007F816,00000022,00000643
1604,49572100,FFFF005A,000003AF,00000005,FEC40005,002B000C,3CAA0228,2800298F,E007F816,00000022,00000644
1605,49436700,00000011,000003B6,00000009,FEC30005,002B000C,3CAA01BD,2BFC298F,E007F816,00000022,00000645
1606,51939000,0000FFC6,000003B3,00000011,FEBF0005,002B000C,3CAA81FC,2BFC298F,E007F816,00000022,00000646
1607,144659100,0000FFA1,000003BD,0000000D,FEBA0005,002B000C,3CA8818D,2800298F,E007F816,00000022,00000647
1608,21132000,0000FF93,000003AD,00000004,FEB80005,002B000C,3CA88194,2800298F,E007F816,00000022,00000648
1609,48999000,0000FF7E,000003B4,0000000C,FEB50005,002B000C,3CA801AE,2BFC298F,E007F816,00000022,00000649
1610,53851400,0000FF74,000003B5,00000012,FEB10005,002B000C,3CA801C2,2800298F,E007F816,00000022,0000064A
1611,44875200,0000FF74,000003B8,0000000A,FEAD0005,002B000C,3CA881ED,2800298F,E007F816,00000022,0000064B
1612,67788200,0000FF78,000003B0,00000002,FEAB0005,002B000C,3CA801B4,2800298F,E007F816,00000022,0000064C
1613,69381900,0000FF85,000003BC,00000006,FEAA0005,002B000C,3CA801A8,2800298F,E007F816,00000022,0000064D
1614,178056200,0000FFAB,000003C6,00000008,FEA80005,002B000C,3CA7018B,2800298F,E007F816,00000022,0000064E
1615,13171500,FFFFFFEB,000003C5,00000002,FEA60005,002B000C,3CA78198,2800298F,E007F816,00000022,0000064F
1616,51107200,00000031,000003C7,0000FFFF,FEA60005,002B000C,3CA801C0,2800298F,E007F816,00000022,00000650
1617,51329100,FFFF005F,000003D1,0000FFFE,FEA70005,002B000D,3CA801AE,2800298F,E007F816,00000022,00000651
1618,50584700,00000055,000003D6,0000FFFE,FEA70005,002B000D,3CAA01C4,2800298F,E007F816,00000022,00000652
1619,50341800,FFFF000E,000003D8,0000FFFF,FEA80005,002B000D,3CAA01E0,2800298F,E007F816,00000022,00000653
1620,50580500,0000FFCC,000003D8,0000FFFF,FEA80005,002B000D,3CA901A6,280028BE,E007F816,00000022,00000654
1621,67100700,FFFFFFA4,000003D7,00000000,FEA80005,002B000D,3CA981BA,280028BE,E007F816,00000022,00000655
1622,177021100,000AFF8D,000003D6,00080000,FEA80005,002B000E,3CAB020C,280028BE,E007F816,00000022,00000656
1623,14789500,0011FF7F,000003D5,000E0000,FEA80005,002B0011,3CA901A9,280028BE,E007F816,00000022,00000657
1624,49685400,0014FF77,000003D4,00130000,FEA80004,FF2B0016,3CA901EF,280028BE,E007F816,00000022,00000658
1625,54010500,0019FF74,000003D4,00160000,FEA80004,FF2B001C,3CA801C7,280028BE,E007F816,00000022,00000659
1626,47155400,001FFF74,000003D4,00190000,FEA80003,FF2B0023,3CA7819D,280028BE,E007F816,00000022,0000065A
1627,49489000,0025FF82,000003D3,001B0000,FEA80003,FF2B002A,3CA801D4,280028BE,E007F816,00000022,0000065B
1628,55273600,0020FFAD,000003D3,00140000,FEA80002,FF2B0031,3CA78196,280028BE,E007F816,00000022,0000065C
1629,173848400,001EFFE9,000003D3,000FFFFF,FEA80002,FF2B0036,3CA881AF,280028BE,E007F816,00000022,0000065D
1630,15766700,0020002F,000003D3,000AFFFF,FEA80002,FF2B0039,3CA801A8,280028BE,E007F816,00000022,0000065E
1631,50623100,001F0060,000003D3,0006FFFF,FEA80002,FF2B003C,3CA8018F,280028BE,E007F816,00000022,0000065F
1632,49466600,001E0054,000003D3,0004FFFF,FEA90002,FF2B003D,3CAA01C6,280028BE,E007F816,00000022,00000660
1633,49134500,001B0010,000003D4,00010000,FEA90002,FF2B003D,3CA881EC,280028BE,E007F816,00000022,00000661
1634,50754000,0018FFCA,000003D4,00000000,FEA90002,FF2B003E,3CA881A4,280028BE,E007F816,00000022,00000662
1635,60351000,0013FFA5,000003D4,FFFF0000,FEA80002,FF2B003D,3CA881AE,280028BE,E007F816,00000022,00000663
1636,161742300,0010FF8C,000003D3,FFFE0001,FEA80002,FF2B003D,3CA88185,280028BE,E007F816,00000022,00000664
1637,14940600,000CFF7F,000003D3,FFFE0001,FEA80002,FF2B003C,3CA8818C,280028BE,E007F816,00000022,00000665
1638,51833700,0013FF77,000003D3,00050000,FEA80002,FF2B003D,3CA901B9,280028BE,E007F816,00000022,00000666
1639,51243100,0018FF74,000003D3,000B0000,FEA80002,FF2B003F,3CA981DD,280028BE,E007F816,00000022,00000667
1640,51389400,0019FF70,000003D3,00100000,FEA80001,FF2B0043,3CA881AC,280028BE,E007F816,00000022,00000668
1641,51526600,001CFF71,000003D3,00140000,FEA80001,FF2B0049,3CAA023C,280028BE,E007F816,00000022,00000669
1642,48517300,0020FF83,000003D3,00170000,FEA80001,FF2B004F,3CA701A1,280028BE,E007F816,00000022,0000066A
1643,67784800,001BFFAE,000003D9,0012FFF9,FEA90000,FF2B0055,3CA98218,280028BE,E007F816,00000022,0000066B
1644,151039000,0018FFEE,000003E3,000DFFF4,FEAC0000,FF2B0059,3CA701A9,280028BE,E007F816,00000022,0000066C
1645,12282800,001B002E,000003E3,0009FFF7,FEAF0000,FF2B005C,3CA78187,280028BE,E007F816,00000022,0000066D
1646,51901100,001B005E,000003ED,0006FFFC,FEB00000,FF2B005E,3CA80181,280028BE,E007F816,00000022,0000066E
1647,52684700,00190087,000003EA,0003FFF2,FEB30000,FF2B005F,3CA88192,280028BE,E007F816,00000022,0000066F
1648,48685100,00160079,000003F9,0002FFE9,FEB80000,FF2B0060,3CAA81D9,280028BE,E007F816,00000022,00000670
1649,49933100,00140023,000003F5,0000FFF1,FEBE0000,FF2B0060,3CAA01CF,2BFC28BE,E007F816,00000022,00000671
1650,49963100,0011FFCD,00000407,FFFFFFFC,FEC10000,FF2B0060,3CAB820B,2BFC2A17,E007F816,00000022,00000672
1651,50890000,000EFFA9,000003F6,FFFEFFF4,FEC30000,FF2B005F,3CA90192,28002A17,E007F816,00000022,00000673
1652,176182600,000BFF97,000003FC,FFFEFFEB,FEC80000,FF2B005F,3CAB020A,28002A17,E007F816,00000022,00000674
1653,12013100,0008FF83,000003F3,FFFEFFF2,FECD0000,FF2B005E,3CA88193,28002A17,E007F816,00000022,00000675
1654,50779000,0006FF71,00000404,FFFEFFFC,FECF0000,FF2B005E,3CA88192,28002A17,E007F816,00000022,00000676
1655,51556300,0004FF73,000003F3,FFFEFFF5,FED10000,FF2B005D,3CA88184,28002A17,E007F816,00000022,00000677
1656,48978700,0003FF79,000003F9,FFFEFFEB,FED60000,002B005D,3CA8018F,28002A17,E007F816,00000022,00000678
1657,48813900,0001FF71,000003F0,FFFFFFF1,FEDC0000,002B005C,3CA881AB,28002A17,E007F816,00000022,00000679
1658,54261300,0000FF6B,00000402,FFFFFFFC,FEDE0000,002B005C,3CA78194,28002A17,E007F816,00000022,0000067A
1659,62997500,0000FF81,000003F1,FFFFFFF6,FEDF0000,002B005B,3CA881C6,28002A17,E007F816,00000022,0000067B
1660,177079900,FFFFFFB4,000003F8,FFFFFFEB,FEE40000,002B005B,3CA801A3,28002A17,E007F816,00000022,0000067C
1661,12132800,FFFFFFED,000003EE,FFFFFFF0,FEEA0000,002B005B,3CA701A1,28002A17,E007F816,00000022,0000067D
1662,52563800,FFFF0022,00000402,0000FFFB,FEED0000,002B005B,3CA80197,28002A17,E007F816,00000022,0000067E
1663,48777700,FFFF002D,000003F1,0000FFF6,FEEE0000,002B005B,3CA78181,28002A17,E007F816,00000022,0000067F
1664,50455000,FFFF0003,000003FA,0000FFEC,FEF30000,002B005B,3CA881CA,28002A17,E007F816,00000022,00000680
1665,51838200,FFFFFFA8,000003EE,0000FFF0,FEF90000,002B005B,3CA781A7,28002A17,E007F816,00000022,00000681
1666,68836600,FFFFFF2B,00000403,0000FFFC,FEFB0000,002B005B,3CA7818C,28002A17,E007F816,00000022,00000682
1667,175030800,FFFFFEFB,000003F2,0000FFF9,FEFC0000,002B005B,3CA7019E,28002A17,E007F816,00000022,00000683
1668,12957400,000AFEBC,000003FA,0007FFED,FF000000,002A005C,3CA60192,28002A17,E007C016,00000022,00000684
1669,50182300,0011FEE6,000003ED,000DFFEF,FF060000,002A005F,3CA581CC,28002A17,E007C016,00000022,00000685
1670,50465400,0014FE7B,00000402,0012FFFC,FF090000,FF2A0064,3CA501DC,28002A17,E0076016,00000022,00000686
1671,50117200,0018FE6C,000003F1,0016FFFB,FF09FFFF,FF2A006A,3CA481C4,28002A17,E0076016,00000022,00000687
1672,51336200,001EFE76,000003F8,0019FFEF,FF0DFFFF,FF290071,3CA20189,28002A17,E0074016,00000022,00000688
1673,48378200,0024FE73,000003EC,001AFFEC,FF13FFFF,FF290078,3CA101A1,28002A17,E0074016,00000022,00000689
1674,50358100,0020FE69,000003FE,0014FFF9,FF16FFFE,FF29007E,3CA081AC,28002A17,E0074016,00000022,0000068A
1675,152277200,001DFE69,000003F1,000FFFFF,FF17FFFE,FF280083,3C9F81AA,28002A17,E006E816,00000022,0000068B
1676,14381500,001FFE75,000003F5,000AFFF1,FF1AFFFE,FF280087,3C9D0184,28002A17,E006E816,00000022,0000068C
1677,50252400,001FFE77,000003EE,0007FFEA,FF20FFFE,FF280089,3C9D81CD,28002A17,E006A016,00000022,0000068D
1678,51846300,001DFE53,000003F4,0004FFF7,FF24FFFE,FF28008A,3C9C01B4,28002A17,E006C816,00000022,0000068E
1679,49410800,001AFE15,000003F9,0002FFFE,FF25FFFE,FF27008B,3C9A81A0,28002A17,E0068016,00000022,0000068F
1680,49972700,0022FE6D,000003ED,0008FFF5,FF27FFFE,FF27008C,3C99018D,28002DAD,E0068016,00000022,00000690
1681,63538300,0026FE7B,000003F3,000DFFEC,FF2CFFFE,FF270090,3C9781FD,28002DAD,E0068016,00000022,00000691
1682,188507000,0025FE77,000003E9,0011FFF1,FF31FFFE,FF260094,3C9801D7,28002DAD,E0064016,00000022,00000692
1683,13290800,0026FE54,000003FD,0014FFFC,FF33FFFD,FF26009A,3C9681AC,28002DAD,E0066016,00000022,00000693
1684,49661300,0027FE1E,000003EB,0017FFFD,FF34FFFD,FF2600A0,3C9401F0,28002DAD,E0062016,00000022,00000694
1685,50770000,0021FE5A,000003F2,0011FFF1,FF37FFFD,FF2500A5,3C9381ED,28002DAD,E0062016,00000022,00000695
1686,51725100,001CFE2A,000003EA,000CFFEB,FF3DFFFD,FF2500A9,3C9201BA,28002DAD,E005E816,00000022,00000696
1687,49118100,001DFE56,000003EF,0008FFF7,FF41FFFD,FF2500AC,3C900188,28002DAD,E005E816,00000022,00000697
1688,49702800,001CFDF4,000003F6,0005FFFE,FF42FFFD,FF2400AE,3C9001CD,28002DAD,E0060016,00000022,00000698
1689,50165900,0019FE17,000003E7,0003FFF8,FF43FFFD,FF2400AF,3C8D8180,28002DAD,E005C816,00000022,00000699
1690,167207200,0022FE7F,000003F1,0009FFEF,FF47FFFD,FF2400B1,3C8C8188,28002DAD,E005C816,00000022,0000069A
1691,13966100,0025FE84,000003E4,000EFFEB,FF4CFFFD,FF2300B4,3C8B019B,28002DAD,E005C816,00000022,0000069B
1692,49374500,0019FE7D,000003F4,000AFFF9,FF50FFFD,FF2300B7,3C8B81D0,28002DAD,E0059816,00000022,0000069C
1693,51490400,0013FE7B,000003EF,0007FFFF,FF51FFFD,FF2300BA,3C890183,28002DAD,E005A816,00000022,0000069D
1694,50324300,0012FE83,000003E6,0004FFF7,FF52FFFD,FF2300BB,3C8881A6,28002DAD,E0057816,00000022,0000069E
1695,51095200,0011FE8A,000003EF,0003FFEF,FF56FFFD,FF2200BC,3C8801CE,28002DAD,E0057816,00000022,0000069F
1696,49735200,000FFE8A,FFFF03E2,0001FFEC,FF5CFFFD,FF2200BD,3C860182,28002DAD,E0057816,00000022,000006A0
1697,178581100,0019FE82,000003F3,0008FFF9,FF5FFFFD,FF2200BE,3C85018D,28002DAD,E0055016,00000022,000006A1
1698,14023600,0013FE81,000003EE,0006FFFF,FF60FFFD,FF2200C0,3C84019B,28002DAD,E0055816,00000022,000006A2
1699,50884300,000BFE8A,FFFF03E4,0004FFF8,FF60FFFD,FF2100C2,3C830191,28002DAD,E0055816,00000022,000006A3
1700,50694500,000BFE90,000003EE,0003FFF0,FF64FFFD,FF2100C2,3C8301CF,28002DAD,E0053016,00000022,000006A4
1701,50695900,000AFE8E,000003E2,0002FFED,FF69FFFD,FF2100C3,3C8101B3,28002DAD,E0053016,00000022,000006A5
1702,50937600,0009FE88,000003EC,0001FFF8,FF6DFFFD,FF2000C3,3C8001AE,28002DAD,E0050816,00000022,000006A6
1703,49935200,0008FE89,000003F1,0000FFFE,FF6EFFFD,FF2000C3,3C7F81B5,28002DAD,E0050816,00000022,000006A7
1704,49776700,0006FE89,FFFF03E1,0000FFFD,FF6EFFFD,FF2000C3,3C7E0197,28002DAD,E0051016,00000022,000006A8
1705,49396000,0005FE95,000003EC,0000FFF3,FF71FFFE,FF2000C3,3C7C8183,28002DAD,E004E816,00000022,000006A9
1706,53894300,0004FE94,000003E5,FFFFFFEE,FF76FFFE,FF1F00C3,3C7C81D8,28002DAD,E004E816,00000022,000006AA
1707,168957200,0003FE92,000003E1,FFFFFFF4,FF7BFFFE,FF1F00C3,3C7A818F,28002DAD,E004E816,00000022,000006AB
1708,14647900,0003FE8A,000003F3,FFFFFFFD,FF7CFFFE,001F00C3,3C7B01E2,28002DAD,E004C816,00000022,000006AC
1709,48852800,0002FE8F,000003E4,FFFF0000,FF7DFFFE,001F00C3,3C788194,28002DAD,E0FCC816,00000022,000006AD
1710,50727500,FFF2FE97,FFFF03E3,FFF5FFF7,FF7EFFFE,FF1E00C1,3C7801D7,2800337C,E0FCD016,00000022,000006AE
1711,53517900,FFE4FE99,FFFF03EA,FFEAFFF1,FF82FFFE,FF1E00BC,3C78020D,2800337C,E0FCA816,00000022,000006AF
1712,45210500,FFDAFE99,FFFF03DF,FFDEFFEE,FF86FFFF,FF1E00B3,3C7681D0,2800337C,D0FCA816,00000022,000006B0
1713,49758400,FFCBFE92,FFFF03E7,FFD2FFF8,FF8AFFFF,FF1E00A7,3C74819E,2800337C,D0FCA816,00000022,000006B1
1714,49861200,FFBBFE91,FFFF03EF,FFC6FFFE,FF8B0000,001D0098,3C73818A,2800337C,D0FC8816,00000022,000006B2
1715,149680900,FFAAFE94,FFFF03DF,FFB90001,FF8B0000,001D0085,3C72818C,2800337C,D0FC8816,00000022,000006B3
1716,13800100,FF92FEA2,FFFF03FC,FFA9FFE3,FF900001,001D006E,3C7201BA,2800337C,D0FC9016,00000022,000006B4
1717,52055300,FF82FE99,000003DE,FF9CFFE5,FF950001,001C0053,3C700181,2800337C,D0FC7816,00000022,000006B5
1718,50205900,FF62FEA5,FFFF0401,FF8DFFD3,FFA00002,001C0033,3C6E817C,2800337C,D0FC7816,00000022,000006B6
1719,49302300,FF4BFE96,FFFF041D,FF80FFE6,FFAA0003,001C0010,3C6E01AC,2800337C,D0FC7816,00000022,000006B7
1720,50012800,FF38FE9C,FFFF03F9,FF72FFE0,FFB50003,001CFFE9,3C6D019A,2800337C,D0FC7816,00000022,000006B8
1721,53681800,FF1BFE90,FFFE0410,FF65FFF1,FFBA0004,001BFFBD,3C6D01F0,2800337C,D0FC7816,00000022,000006B9
1722,46971800,FF05FE93,FFFE0401,FF57FFF9,FFBD0005,001BFF8F,3C6B01A8,2800337C,D0FC7816,00000022,000006BA
1723,170957400,FEF0FE99,FFFE03EC,FF49FFFC,FFBF0007,001BFF5C,3C6A01C2,2800337C,D0FC6816,00000022,000006BB
1724,17915600,FEDCFE9B,FFFD03E0,FF3BFFFD,FFC00008,001BFF25,3C690194,2800337C,D0FC4816,00000022,000006BC
1725,53813700,FEC4FE9C,FFFD03DB,FF2EFFFD,FFC1000A,001AFEEA,3C678189,2800337C,D0FC2016,00000022,000006BD
1726,47888600,FEADFE9A,FFFD03D9,FF20FFFD,FFC2000B,001AFEAB,3C66819F,2800337C,D0FC0816,00000022,000006BE
1727,50557500,FE9BFE9C,000A03D6,FF140000,FFC2000B,001AFE69,3C65819F,2800337C,D0FBF016,00000022,000006BF
1728,46869500,FE8CFE97,000203C3,FF0B000D,FFC0000A,0019FE23,3C6501B4,2BFC337C,D0F3D816,00000022,000006C0
1729,50399600,FE71FE94,FFFF03C0,FF000013,FFBB000B,0019FDDB,3C6401C9,2800337C,D0F3C816,00000022,000006C1
1730,140951100,FE61FE9A,FFFE03CA,FEF40017,FFB5000D,0019FD90,3C6381DE,2800337C,D0F3B016,00000022,000006C2
1731,15610200,FE55FE9C,000303C3,FEE7000E,FFB0000D,0019FD40,3C6181A3,2800337C,D0F3A016,00000022,000006C3
1732,47854600,FE42FEA5,000003B3,FEDB0005,FFAE000E,0018FCEE,3C6101E8,2800337C,D0F39816,00000022,000006C4
1733,50605300,FE30FE9E,FFFF03C2,FED10001,FFAE000F,0018FC98,3C5F018D,2800337C,D0F38816,00000022,000006C5
1734,52129200,FE22FE9C,FFFF03CD,FEC9FFFF,FFAE0011,0018FC40,3C5E018C,2800337C,D0F38016,00000022,000006C6
1735,49196900,FE15FE9E,FFFF03D3,FEC2FFFF,FFAE0012,0017FBE5,3C5D0183,1C00337C,D0FB7816,00000022,000006C7
1736,49797200,FE27FEA0,000003D5,FED0FFFF,FFAF0014,0017FB8D,3C5D8213,2800337C,D0F37016,00000022,000006C8
1737,51221300,FE13FEA3,FFFF03D6,FEC4FFFF,FFB00015,0017FB33,3C5B0198,1C00337C,D0F36816,00000022,000006C9
1738,50580400,FE1CFEA2,000003D6,FECF0000,FFB00016,0017FADB,3C5A0198,2800337C,D0F36016,00000022,000006CA
1739,52063300,FE0EFEA0,FFFF03D6,FEC20000,FFB00018,0016FA81,3C59018E,1C00337C,D0F36016,00000022,000006CB
1740,49813200,FE22FE45,000103D6,FECD0001,FFB10019,0016FA28,3C5781A5,28003AA5,D0F35816,00000022,000006CC
1741,53015700,FE13FE02,000003D5,FEBD0001,FFB1001A,0016F9CD,3C5601AD,1C003AA5,E0F35016,00000022,000006CD
1742,133608500,FE20FE36,000E03D8,FEC6FFFC,FFB20019,0015F972,3C5501B6,28003AA5,E0F34816,00000022,000006CE
1743,14271500,FE12FE4E,001503E1,FEB6FFF8,FFB40015,0015F915,3C5401BD,1C003AA5,E0F34816,00000022,000006CF
1744,52078500,FE16FE61,000803E4,FEBFFFF0,FFB80013,0015F8B9,3C5201AB,1C003AA5,E0F34816,00000022,000006D0
1745,49807400,FE2EFEA2,000403E4,FEC7FFEC,FFBD0013,0014F85E,3C5181ED,28003AA5,D0F34816,00000022,000006D1
1746,48814100,FE15FEF7,000803E2,FEB6FFED,FFC30012,0014F801,3C4F8181,1C003AA5,D0F34816,00000022,000006D2
1747,50583400,FE32FF00,000E03E9,FEC2FFF1,FFC80010,0014F7A5,3C4F0191,28003AA5,D0F35016,00000022,000006D3
1748,50300600,FE29FF04,000803E6,FEB4FFF5,FFCC000D,FF14F747,3C4E818D,28003AA5,D0F35016,00000022,000006D4
1749,50025800,FE1CFEFF,000403EA,FEACFFFA,FFCF000D,FF14F6E7,3C4D81A8,28003AA5,D0F35816,00000012,000006D5
1750,50354900,FE2EFF06,000303E2,FEAAFFFB,FFD0000C,FF13F685,3C4D81E2,28003AA5,D0F36016,00000012,000006D6
1751,51373200,FE3FFF0A,000D03E2,FEA8FFF9,FFD2000A,FF13F622,3C4C81AE,28003AA5,D0F37016,00000012,000006D7
1752,51017500,FE46FF14,000803E2,FEB2FFF5,FFD50008,FF13F5C1,3C4B81A3,28003AA5,D0F38016,00000022,000006D8
1753,51992100,FE4FFF0F,FFFB03E0,FEB2FFF6,FFD90008,FF13F562,3C4A81AD,28003AA5,D0F38816,00000022,000006D9
1754,51631600,FE62FF18,FFF703D7,FEC1FFF7,FFDB000B,FF13F505,3C498199,28003AA5,D0F39816,00000022,000006DA
1755,52225100,FE7EFF13,000803D5,FEC5FFFC,FFDD000C,FF12F4AA,3C49818E,28003AA5,D0F3B016,00000022,000006DB
1756,53188600,FE8AFF17,001303DF,FED3FFFE,FFDE0008,FF12F453,3C4881C7,28003AA5,D0FBC016,00000022,000006DC
1757,51125600,FE90FF3E,000703E2,FEDFFFFF,FFDF0005,FF12F3FE,3C4881AA,28003AA5,D0FBD816,00000022,000006DD
1758,46093800,FE9BFF92,FFFC03DF,FEE8FFFC,FFE00005,FF12F3AD,3C478184,28003AA5,D0FBF816,00000022,000006DE
1759,50585500,FEB5FF88,FFFB03D7,FEF6FFFB,FFE10007,FF12F360,3C47018C,28003AA5,D0FC0816,00000022,000006DF
1760,50445500,FEC4FF95,000403D3,FEFFFFFA,FFE30008,FF12F315,3C4781C9,28003AA5,D0FC2016,00000022,000006E0
1761,159746400,FED2FF8B,000703D6,FF0EFFFB,FFE40006,FF12F2CE,3C48025C,28003AA5,D0FC4016,00000022,000006E1
1762,18507000,FEDBFFB3,000003D8,FF17FFFE,FFE50005,FF12F28A,3C460188,28003AA5,D0FC5816,00000022,000006E2
1763,50202600,FEE5FFCB,FFFB03D7,FF250002,FFE50007,FF12F24A,3C460181,28003AA5,D0FC7816,00000022,000006E3
1764,49582400,FEF90017,FFFF03D6,FF2E0001,FFE50008,FF12F20D,3C468193,28003AA5,D0FC7816,00000022,000006E4
1765,51132900,FF050047,000303D9,FF380000,FFE50008,FF12F1D3,3C46817C,28003AA5,D0FC7816,00000022,000006E5
1766,49499900,FF0F0087,000703D5,FF3F0000,FFE50006,FF12F19B,3C47017F,28003AA5,D0FC7816,00000022,000006E6
1767,49767600,FF1400A0,000003D6,FF47FFFD,FFE50005,FF12F165,3C4781A0,28003AA5,D0FC7816,00000022,000006E7
1768,60098900,FF1C00C8,FFFF03D3,FF4DFFF8,FFE70006,FF12F131,3C480185,28003AA5,D0FC7816,00000022,000006E8
1769,159489000,FF2B00D5,000103E8,FF55FFEF,FFEB0006,FF12F0FF,3C4981F1,28003AA5,D0FC7816,00000022,000006E9
1770,15294300,FF2E00ED,000303EB,FF5AFFEC,FFF00006,FF13F0CF,3C4981CA,2800439E,D0FC7816,00000022,000006EA
1771,51011900,FF3500ED,000403DD,FF5EFFEB,FFF60005,FF13F0A0,3C4A01A3,2800439E,D0FC7816,00000022,000006EB
1772,50615500,FF330100,000103DD,FF62FFEC,FFFC0004,FF13F073,3C4B01B7,2BFC439E,D0FC7816,00000022,000006EC
1773,51090700,FF3D00FE,000203DE,FF65FFF4,00010004,FF13F046,3C4C01E1,2BFC439E,D0FC7816,00000022,000006ED
1774,49434000,FF3C0109,000003F1,FF68FFFD,00030004,FF13F01A,3C4C018B,2BFC439E,D0FC7816,00000022,000006EE
1775,50410000,FF3E0105,000003E5,FF680001,00030004,FF14EFEE,3C4D01C2,2BFC439E,D0FC7816,00000022,000006EF
1776,148617500,FF3F0110,000003DA,FF670002,00030004,FF14EFC3,3C4E0186,2800439E,D0FC7816,00000022,000006F0
1777,14868700,FF3E00CA,000003D5,FF660003,00020004,FF14EF97,3C4F01D9,2800439E,D0FC7816,00000022,000006F1
1778,51413700,FF3D0064,000003D3,FF670003,00010004,FF14EF6B,3C4F01AE,2800439E,D0FC7816,00000022,000006F2
1779,49546700,FF3BFFFF,000003D3,FF660003,00000004,FF14EF3F,3C4F01B7,2800439E,D0FC7816,00000022,000006F3
1780,51455000,FF3BFFD5,000003D2,FF640002,00000004,FF14EF12,3C4F81C2,2800439E,D0FC7816,00000022,000006F4
1781,47435300,FF35FFAC,000003D3,FF620002,FFFF0004,FF14EEE5,3C4F01C8,2800439E,D0FC7816,00000022,000006F5
1782,52727000,FF34FFA6,000003D3,FF5F0001,FFFF0004,FF14EEB7,3C4E01D3,2800439E,D0FC7816,00000022,000006F6
1783,51293100,FF2FFF90,000003D4,FF5E0001,FFFE0004,FF14EE89,3C4E81DD,2800439E,D0FC7816,00000022,000006F7
1784,167490000,FF2FFF97,000003D4,FF5B0001,FFFE0004,FF14EE5A,3C4D818B,2800439E,D0FC7816,00000022,000006F8
1785,16566600,FF2BFF89,000003D4,FF590001,FFFE0004,FF13EE2A,3C4D018E,2800439E,D0FC7816,00000022,000006F9
1786,51714700,FF22FF8E,000003D4,FF540000,FFFE0004,FF13EDFA,3C4D019C,2800439E,D0FC7816,00000022,000006FA
1787,48249300,FF23FF89,000003D5,FF520000,FFFE0004,FF13EDC8,3C4C8188,2800439E,D0FC7816,00000022,000006FB
1788,49850400,FF20FFA9,000003D5,FF4E0000,FFFE0004,FF13ED95,3C4C8196,2800439E,D0FC7816,00000022,000006FC
1789,50566100,FF1FFFCC,000003D5,FF4D0000,FFFE0004,FF13ED62,3C4C01A8,2800439E,D0FC7816,00000022,000006FD
1790,50825600,FF160011,000003D5,FF48FFFF,FFFE0004,FF13ED2E,3C4C81A2,2800439E,D0FC7816,00000022,000006FE
1791,50327100,FF15004D,000003D5,FF44FFFF,FFFE0005,FF13ECF9,3C4C01B7,2800439E,D0FC7816,00000022,000006FF
1792,118230500,FF0E008B,000003D5,FF40FFFF,FFFF0005,FF13ECC2,3C4D01EC,2800439E,D0FC7816,00000022,00000700
1793,12691900,FF0D00A4,000003D5,FF3DFFFF,FFFF0005,FF14EC8A,3C4E01CF,2800439E,D0FC7816,00000022,00000701
1794,52328500,FF0A008F,000003D5,FF3B0000,FFFF0005,FF14EC52,3C4D8195,2800439E,D0FC9816,00000022,00000702
1795,50554600,FF070034,000003D5,FF390000,FFFF0005,FF14EC19,3C4E01A9,2800439E,D0FC9016,00000022,00000703
1796,49362500,FF03000D,000003D5,FF360000,FFFF0005,FF14EBE0,3C4E01C1,2800439E,D0FC8816,00000022,00000704
1797,48996400,FF010004,000003D5,FF340001,FFFF0005,FF14EBA5,3C4E01BA,2800439E,D0FC8016,00000022,00000705
1798,49612900,FEFDFFF3,000003D5,FF320001,FFFF0005,FF14EB6B,3C4E01BE,2800439E,D0FC8016,00000022,00000706
1799,51104800,FEFEFFC2,000003D5,FF330001,FFFF0005,FF14EB30,3C4E01CD,2800439E,D0FC8016,00000022,00000707
1800,52397800,FEF8FFB1,000003D5,FF300001,FFFE0005,FF13EAF5,3C4D0200,28004E0A,D0FC7016,00000022,00000708
1801,48856800,FEF8FFAC,000003D5,FF300001,FFFE0005,FF13EAB9,3C4D01A6,28004E0A,D0FC6816,00000022,00000709
1802,50456500,FEF2FFA8,000003D5,FF2D0000,FFFE0005,FF13EA7D,3C4D0191,28004E0A,D0FC6816,00000022,0000070A
1803,51244900,FEF6FF95,000003D5,FF2D0001,FFFE0005,FF13EA40,3C4C81A4,28004E0A,D0FC6816,00000022,0000070B
1804,50620500,FEF0FF96,000003D5,FF2B0000,FFFE0005,FF13EA03,3C4C81A7,28004E0A,D0FC6816,00000022,0000070C
1805,50778000,FEF7FF8B,000103D4,FF2D0001,FFFE0005,FF13E9C7,3C4C01AE,28004E0A,D0FC6016,00000022,0000070D
1806,50424900,FEEEFF93,000103D4,FF2A0001,FFFE0005,FF13E98A,3C4B81B1,28004E0A,D0FC6016,00000022,0000070E
1807,50611400,FEF2FF99,000103D4,FF2A0001,FFFE0005,FF13E94C,3C4B01C2,28004E0A,D0FC5816,00000022,0000070F
1808,50974400,FEF1FFA1,000103D5,FF270001,FFFD0004,FF13E90E,3C4A81A6,28004E0A,D0FC5816,00000022,00000710
1809,49960200,FEF1FF91,000003D4,FF290001,FFFD0004,FF13E8D1,3C4A81D7,28004E0A,D0FC5816,00000022,00000711
1810,49764600,FEF5FFB1,000103D3,FF280001,FFFD0004,FF13E893,3C4A019B,28004E0A,D0FC6016,00000022,00000712
1811,50881300,FEF2FFCE,000103D4,FF290000,FFFD0004,FF13E855,3C4A019A,28004E0A,D0FC5816,00000022,00000713
1812,50355300,FEF00016,000003D4,FF260000,FFFD0004,FF13E817,3C4A018F,28004E0A,D0FC5816,00000022,00000714
1813,51133200,FEF1004C,000103D4,FF260000,FFFD0004,FF13E7D9,3C4B01D3,28004E0A,D0FC5816,00000022,00000715
1814,49737900,FEEF008A,000003D4,FF24FFFF,FFFD0004,FF13E79A,3C4A8192,28004E0A,D0FC6016,00000022,00000716
1815,51079900,FEEF00A4,000003D4,FF25FFFF,FFFD0004,FF13E75B,3C4C01DE,28004E0A,D0FC6816,00000022,00000717
1816,51039500,FEED00CB,000003D5,FF25FFFF,FFFE0004,FF13E71C,3C4C019F,28004E0A,D0FC6816,00000022,00000718
1817,51038400,FEF400D3,000003D5,FF250000,FFFE0004,FF13E6DD,3C4C81BA,28004E0A,D0FC6016,00000022,00000719
1818,49816100,FEEA00AD,000003D5,FF240000,FFFE0004,FF13E69F,3C4D01B0,28004E0A,D0FC6816,00000022,0000071A
1819,53548700,FEF30045,000003D5,FF260001,FFFE0004,FF13E660,3C4E01CE,28004E0A,D0FC6816,00000022,0000071B
1820,50705900,FEF1FFFB,000003D5,FF270001,FFFE0004,FF13E622,3C4D0185,28004E0A,D0FC7016,00000022,0000071C
1821,50933100,FEF6FFC5,000003D5,FF2A0001,FFFE0004,FF13E5E4,3C4D01A7,28004E0A,D0FC7016,00000022,0000071D
1822,48358800,FEEEFFB1,000003D5,FF290001,FFFD0004,FF13E5A7,3C4D019D,28004E0A,D0FC6816,00000022,0000071E
1823,50281400,FEF4FF9B,000003D5,FF2B0001,FFFD0004,FF13E569,3C4C81B2,28004E0A,D0FC6816,00000022,0000071F
1824,52064200,FEF0FF9B,000003D5,FF290001,FFFD0004,FF13E52C,3C4C019E,28004E0A,D0FC6816,00000022,00000720
1825,49482800,FEF4FF8C,000003D5,FF2C0001,FFFD0004,FF13E4EF,3C4B8198,28004E0A,D0FC6816,00000022,00000721
1826,50047400,FEEEFF95,000003D5,FF2B0000,FFFD0004,FF13E4B2,3C4B81B0,28004E0A,D0FC6816,00000022,00000722
1827,51857400,FEF4FFA1,000003D5,FF2D0000,FFFD0004,FF13E475,3C4B81B7,28004E0A,D0FC6816,00000022,00000723
1828,51169900,FEF1FFD7,FFFF03D6,FF2AFFFF,FFFD0005,FF13E439,3C4A8198,28004E0A,D0FC6016,00000022,00000724
1829,50651900,FEF2000A,000003D7,FF2AFFFE,FFFD0005,FF13E3FB,3C4B0189,28004E0A,D0FC6016,00000022,00000725
1830,50041900,FEEF0056,000003D6,FF29FFFD,FFFE0005,FF13E3BE,3C4B01B2,280058BB,D0FC6816,00000020,00000726
1831,51330900,FEF20080,000003D6,FF2AFFFD,FFFF0005,FF13E380,3C4B819E,280058BB,D0FC7016,00000020,00000727
1832,51503700,FEF100B1,FFFF03D5,FF29FFFD,00000005,FF13E343,3C4C018E,280058BB,D0FC6816,00000020,00000728
1833,50773700,FEF100BD,000003D8,FF28FFFF,00010005,FF13E305,3C4C8199,280058BB,D0FC6816,00000020,00000729
1834,50104100,FEEF00A0,000003D8,FF280000,00010005,FF14E2C7,3C4D019D,280058BB,D0FC6816,00000020,0000072A
1835,50176400,FEF0003B,000003D7,FF290001,00010005,FF14E28A,3C4D8199,280058BB,D0FC7016,00000020,0000072B
1836,50062700,FEF7FFF8,000003D6,FF2A0001,00010005,FF13E24C,3C4D8197,280058BB,D0FC7816,00000020,0000072C
1837,51221300,FEF5FFC2,000003D5,FF2C0001,00010005,FF13E20F,3C4D018B,280058BB,D0FC7016,00000020,0000072D
1838,50411600,FEF4FFB1,000003D4,FF2B0001,00000005,FF13E1D2,3C4C8194,280058BB,D0FC7016,00000020,0000072E
1839,50506800,FEF3FF99,000003D4,FF2D0001,00000005,FF13E196,3C4C8191,280058BB,D0FC7016,00000020,0000072F
1840,50328100,FEF4FF9D,000003D4,FF2D0001,00000005,FF13E159,3C4C81A4,280058BB,D0FC7016,00000020,00000730
1841,50916900,FEF8FFA5,000003D4,FF300001,00000005,FF13E11D,3C4C01A6,280058BB,D0FC7816,00000020,00000731
1842,53785900,FEF1FFD8,000003D4,FF2F0000,00000005,FF13E0E1,3C4C019C,280058BB,D0FC7816,00000020,00000732
1843,50119400,FEF6000C,000003D4,FF300000,00000005,FF13E0A6,3C4C81C3,280058BB,D0FC7816,00000020,00000733
1844,52423700,FEF60058,000003D4,FF30FFFF,00000005,FF13E06A,3C4C019C,280058BB,D0FC8016,00000020,00000734
1845,49188200,FEFB0083,000003D5,FF32FFFF,00000005,FF13E02F,3C4D01E0,280058BB,D0FC9016,00000020,00000735
1846,49057800,FEFA00B3,000003D5,FF35FFFF,00000005,FF13DFF4,3C4C81A6,280058BB,D0FCA816,00000020,00000736
1847,53849500,FF0300C8,000003D5,FF39FFFF,00010005,FF14DFBB,3C4E01E3,280058BB,D0FCB816,00000020,00000737
1848,46130000,FF0300E7,000003D5,FF3EFFFF,00010005,FF14DF83,3C4E81EC,280058BB,D0FCD016,00000020,00000738
1849,49584100,FF1000EF,000003D5,FF430000,00010005,FF14DF4C,3C4F018D,280058BB,D0FCE816,00000020,00000739
1850,49561600,FF120104,000003D5,FF490000,00010005,FF14DF17,3C500198,280058BB,D0FD0816,00000020,0000073A
1851,112067100,FF190108,000003D5,FF500000,00010004,0014DEE4,3C508196,280058BB,D0FD4016,00000020,0000073B
1852,13156000,FF250116,000003D5,FF5A0000,00010004,0015DEB3,3C5201D4,280058BB,D0FD6816,00000020,0000073C
1853,51273100,FF2A0118,000003D5,FF610000,00010004,0015DE85,3C5281AF,280058BB,D0FD9016,00000020,0000073D
1854,50616400,FF340121,000003D5,FF6A0000,00020004,0015DE59,3C530192,280058BB,D0FDC016,00000020,0000073E
1855,51491200,FF370124,000003D5,FF720000,00020004,0015DE30,3C5401A1,280058BB,E0FDF016,00000020,0000073F
1856,50671200,FF47012A,000103D5,FF7C0000,00020004,0016DE09,3C5481B8,280058BB,E0FE4816,00000020,00000740
1857,51634900,FF4E012E,000103D5,FF850000,00020004,0016DDE5,3C5601B5,280058BB,E0FE8816,00000020,00000741
1858,49658200,FF580132,000103D5,FF8E0000,00020003,0016DDC3,3C56819D,280058BB,E0FEC816,00000020,00000742
1859,52008000,FF600136,000103D5,FF970000,00020003,0016DDA4,3C578186,280058BB,E0FF1016,00000020,00000743
1860,49384400,FF68013A,000103D5,FF9F0000,00020003,0016DD87,3C588197,280064C6,E0FF6016,00000020,00000744
1861,50128600,FF73013D,000103D5,FFA70000,00020003,0017DD6D,3C5981AF,280064C6,E0FFB816,00000020,00000745
1862,50229400,FF780141,000103D5,FFAE0000,00020003,0017DD55,3C5B01F0,280064C6,E0FFF816,00000020,00000746
1863,50369300,FF860145,000103D5,FFB50000,00020003,0017DD3E,3C5B818F,2BFC64C6,E0FFF816,00000020,00000747
1864,49287000,FF8C0148,000003D5,FFBC0000,00020002,0018DD2A,3C5C81AA,2BFC64C6,E0FFF816,00000020,00000748
1865,50756100,FF94014C,000003D5,FFC20000,00020002,0018DD18,3C5D81A6,2BFC64C6,E0FFF816,00000020,00000749
1866,49662500,FF9B0150,000003D5,FFC80000,00020002,0018DD07,3C5E01C0,2BFC64C6,E0FFF816,00000020,0000074A
1867,54302000,FFA40154,000003D5,FFCD0000,00020002,0018DCF8,3C5F8195,2BFC64C6,E0FFF816,00000020,0000074B
1868,49166200,FFA80157,000003D5,FFD20000,00020002,0019DCEA,3C608189,2BFC64C6,E0FFF816,00000020,0000074C
1869,49589500,FFB3015B,000003D5,FFD70000,00020002,0019DCDE,3C618191,2BFC64C6,E0FFF816,00000020,0000074D
1870,51876200,FFCA015F,000103D5,FFE50000,00020001,0019DCD5,3C62819E,2BFC64C6,E007F816,00000020,0000074E
1871,51499300,FFCC0163,000103D5,FFEE0000,00020001,0019DCCE,3C63819F,2BFC64C6,E007F816,00000020,0000074F
1872,50507900,FFD60166,000103D5,FFF50000,00020001,001ADCCB,3C64818E,2BFC64C6,E007F816,00000020,00000750
1873,52035100,FFDC0168,000003D5,FFFA0000,00020001,001ADCC8,3C658189,2BFC64C6,E007F816,00000020,00000751
1874,48748900,FFE4016A,000003D5,FFFD0000,00020001,001ADCC7,3C6701E6,2BFC64C6,E007F816,00000020,00000752
1875,149363300,FFE8016B,000003D5,FFFF0000,00020001,001BDCC7,3C6881B4,2BFC64C6,E007F816,00000020,00000753
1876,17392700,FFED016C,000003D5,00000000,00020001,001BDCC7,3C690199,2BFC64C6,E007F816,00000020,00000754
1877,50711000,FFF4016D,000003D5,00010000,00020000,001BDCC7,3C6A81CE,2BFC64C6,E007F816,00000020,00000755
1878,51533200,FFF4016E,000003D5,00010000,00020000,001BDCC7,3C6C01C6,2BFC64C6,E007F816,00000020,00000756
1879,51477700,FFFA0170,000003D5,00010000,00020000,001CDCC7,3C6C81B5,2BFC64C6,E007F816,00000020,00000757
1880,48458700,FFFC0170,000003D5,00010000,00020000,001CDCC8,3C6D81B5,2BFC64C6,E007F816,00000020,00000758
1881,58436400,FFF90171,000003D5,00010000,00020000,001CDCC8,3C6F01B1,2BFC64C6,E007F816,00000020,00000759
1882,67345300,00020172,000003D5,00010000,00020000,001DDCC8,3C70019F,2BFC64C6,E007F816,00000020,0000075A
1883,177150700,FFFE0172,000003D5,00010000,00020000,001DDCC9,3C7101A7,2BFC64C6,E007F816,00000020,0000075B
1884,16515200,FFFC0173,000003D5,00010000,00020000,001DDCC9,3C7281B4,2BFC64C6,E007F816,00000020,0000075C
1885,50176800,00000174,000003D5,00000000,00020000,001DDCC9,3C7381B4,2BFC64C6,E007F816,00000020,0000075D
1886,49654400,00000175,000003D5,00000000,00020000,001EDCC9,3C7501D6,2BFC64C6,E007F816,00000020,0000075E
1887,52340000,00030175,000003D5,00000000,00020000,001EDCC9,3C758199,2BFC64C6,E007F816,00000020,0000075F
1888,47560000,00000176,000003D5,00000000,00020000,001EDCC9,3C7681AB,2BFC64C6,E007F816,00000020,00000760
1889,51546700,00010177,000003D5,00000000,00020000,001FDCC9,3C7801BA,2BFC64C6,E007F816,00000020,00000761
1890,57339000,00020178,000003D5,00000000,00020000,001FDCC9,3C79019F,2BFC7366,E007F816,00000020,00000762
1891,165613600,FFFF0178,000003D5,00000000,00020000,001FDCC9,3C7A81AE,2BFC7366,E007F816,00000020,00000763
1892,16204600,FFFA017A,000003D5,00000000,00020000,001FDCC9,3C7C01CA,2BFC7366,E007F816,00000020,00000764
1893,50189100,00020179,000003D5,00000000,00020000,0020DCC9,3C7D01C3,2BFC7366,E007F816,00000020,00000765
1894,53737900,0001017A,000003D5,00000000,00020000,0020DCC9,3C7D01DB,2BFC7366,F007F816,00000020,00000766
1895,48616100,00000179,000003D5,00000000,00020000,0020DCC9,3C7E819B,2BFC7366,F007F816,00000020,00000767
1896,50105500,0002017A,000003D5,00000000,00020000,0021DCC9,3C8081B8,2BFC7366,F007F816,00000020,00000768
1897,49437200,00010179,000003D5,00000000,00020000,0021DCC9,3C8101A5,2BFC7366,F007F816,00000020,00000769
1898,53156600,00000179,000003D5,00000000,00020000,0021DCC9,3C8281BE,2BFC7366,F007F816,00000020,0000076A
1899,160262500,00020178,000003D5,00000000,00020000,0022DCC9,3C8301C0,2BFC7366,F007F816,00000020,0000076B
1900,15092400,FFFD0177,000003D5,00000000,00020000,0022DCC9,3C8481A3,2BFC7366,F007F816,00000020,0000076C
1901,51794900,FFFD0177,000003D5,00000000,00020000,0022DCC9,3C85019A,2BFC7366,F007F816,00000020,0000076D
1902,48335700,00010176,000003D5,00000000,00020000,0022DCC9,3C868195,2BFC7366,F007F816,00000020,0000076E
1903,49233700,00010195,000003D5,00000000,00020000,0023DCC9,3C8801E3,2BFC7366,F007F816,00000020,0000076F
1904,50037500,00010194,000003D5,00000000,00020000,0023DCC9,3C890197,2BFC7366,E007F816,00000020,00000770
1905,50859700,00000159,000003D5,00000000,00020000,0023DCC9,3C8A01AA,2BFC7366,E007F816,00000020,00000771
1906,141783500,00020131,000003D5,00000000,00020000,0023DCC9,3C8B01C7,2BFC7366,E007F816,00000020,00000772
1907,14441300,00010118,000003D5,00000000,00020000,0024DCC9,3C8B8192,2BFC7366,E007F816,00000020,00000773
1908,49867200,00010106,000003D5,00000000,00020000,0024DCC9,3C8C819A,2BFC7366,E007F816,00000020,00000774
1909,49546800,FFFD00FB,000003D5,00000000,00020000,0024DCC9,3C8D01A7,2BFC7366,E007F816,00000020,00000775
1910,50492600,FFFD00F3,000003D5,00000000,00020000,0024DCC9,3C8E01B5,2BFC7366,E007F816,00000020,00000776
1911,49974300,000100EE,000003D5,00000000,00020000,0024DCC9,3C8E8185,2BFC7366,E007F816,00000020,00000777
1912,52523100,000100EA,000003D5,00000000,00020000,0025DCC9,3C8F819B,2BFC7366,E007F816,00000020,00000778
1913,50964900,000100E7,000003D5,00000000,00020000,0025DCC9,3C90819D,2BFC7366,E007F816,00000020,00000779
1914,49415000,000100E5,000003D5,00000000,00020000,0025DCC9,3C9181BD,2BFC7366,E007F816,00000020,0000077A
1915,51203100,000100E4,000003D5,00000000,00020000,0025DCC9,3C9181A6,2BFC7366,E007F816,00000020,0000077B
1916,51267100,000100E4,000003D5,00000000,00010000,0025DCC9,3C92019F,2BFC7366,E007F816,00000020,0000077C
1917,48786400,000100E4,000003D5,00000000,00010000,0026DCC9,3C928181,2BFC7366,E007F816,00000020,0000077D
1918,51389300,000100E4,000003D5,00000000,00010000,0026DCC9,3C930190,2BFC7366,E007F816,00000020,0000077E
1919,50754400,000100E4,000003D5,00000000,00010000,0026DCC9,3C9501B5,2BFC7366,E007F816,00000020,0000077F
1920,49503600,000100E4,000003D5,00000000,00010000,0026DCC9,3C9581AD,2BFC837F,E007F816,00000020,00000780
1921,112363700,000100E4,000003D5,00000000,00010000,0026DCC9,3C958186,2BFC837F,E007F816,00000020,00000781
1922,14559700,FFFE00E4,000003D5,00000000,00010000,0026DCC9,3C96018E,2BFC837F,E007F816,00000020,00000782
1923,49832600,FFFD00E4,000003D5,00000000,00010000,0027DCC9,3C9681BE,2BFC837F,E007F816,00000020,00000783
1924,50846900,000000E5,000003D5,00000000,00010000,0027DCC9,3C9901CF,2BFC837F,E007F816,00000020,00000784
1925,50566100,000100E4,000003D5,00000000,00010000,0027DCC9,3C9881BB,2BFC837F,E007F816,00000020,00000785
1926,50018100,000100E4,000003D5,00000000,00010000,0027DCC9,3C9A81E8,2BFC837F,E007F816,00000020,00000786
1927,51491300,000100E4,000003D5,00000000,00010000,0027DCC9,3C9A81CF,2BFC837F,E007F816,00000020,00000787
1928,49751900,000100E4,000003D5,00000000,00010000,0027DCC9,3C9B01C9,2BFC837F,E007F816,00000020,00000788
1929,50419400,000200E4,000003D5,00000000,00010000,0028DCC9,3C9C01C9,2BFC837F,E007F816,00000020,00000789
1930,51546900,000000E5,000003D5,00000000,00010000,0028DCC9,3C9C0190,2BFC837F,E007F816,00000020,0000078A
1931,50636800,000100E4,000003D5,00000000,00010000,0028DCC9,3C9E01E5,2BFC837F,E007F816,00000020,0000078B
1932,49780500,000100E4,000003D5,00000000,00010000,0028DCC9,3C9D0193,2BFC837F,E007F816,00000020,0000078C
1933,53226000,000100E5,000003D5,00000000,00010000,0028DCC9,3C9E01BF,2BFC837F,E007F816,00000020,0000078D
1934,47431500,000200E4,000003D5,00000000,00010000,0029DCC9,3C9E81A5,2BFC837F,E007F816,00000020,0000078E
1935,50720800,FFFE00E5,000003D5,00000000,00010000,0029DCC9,3C9F0193,2BFC837F,E007F816,00000020,0000078F
1936,52121800,FFFC00E4,000003D5,00000000,00010000,0029DCC9,3CA0018C,2BFC837F,E007F816,00000020,00000790
1937,49762500,000000E5,000003D5,00000000,00010000,0029DCC9,3CA181DB,2BFC837F,E007F816,00000020,00000791
1938,109015600,000100E4,000003D5,00000000,00010000,0029DCC9,3CA1819A,2BFC837F,E007F816,00000020,00000792
1939,13395800,000200E4,000003D5,00000000,00010000,0029DCC9,3CA181AE,2BFC837F,E007F816,00000020,00000793
1940,50171300,000000E5,000003D5,00000000,00010000,002ADCC9,3CA481F2,2BFC837F,E007F816,00000020,00000794
1941,51134900,000100E5,000003D5,00000000,00010000,002ADCC9,3CA38196,2BFC837F,E007F816,00000020,00000795
1942,49298500,000200E5,000003D5,00000000,00010000,002ADCC9,3CA40190,2BFC837F,E007F816,00000020,00000796
1943,53059600,000000E4,000003D5,00000000,00010000,002ADCC9,3CA48199,2BFC837F,E007F816,00000020,00000797
1944,52129600,000200E5,000003D5,00000000,00010000,002ADCC9,3CA80218,2BFC837F,E007F816,00000020,00000798
1945,51029500,000000E5,000003D5,00000000,00010000,002BDCC9,3CA701BC,2BFC837F,E007F816,00000020,00000799
1946,47882900,000100E4,000003D5,00000000,00010000,002BDCC9,3CA70199,2BFC837F,E007F816,00000020,0000079A
1947,53235100,000200E5,000003D5,00000000,00010000,002BDCC9,3CA801A7,2BFC837F,E007F816,00000020,0000079B
1948,50056400,000000E5,000003D5,00000000,00010000,002BDCC9,3CA981EF,2BFC837F,E007F816,00000020,0000079C
1949,49826300,FFFA00DF,000003D5,00000000,00010000,002BDCC9,3CA8818C,2BFC837F,E007F816,00000020,0000079D
1950,51466000,FFFF00AE,000003D5,00000000,00010000,002BDCC9,3CAA81BA,2BFC9320,E007F816,00000020,0000079E
1951,48873200,00010046,000003D5,00000001,00010000,002BDCC9,3CA981AF,2BFC9320,E007F816,00000020,0000079F
1952,51560200,FFFFFFED,000003D5,00000001,00010000,002BDCC9,3CA98199,28009320,E007F816,00000020,000007A0
1953,51094800,0001FFB7,000003D5,00000001,00010000,002BDCC9,3CA98192,28009320,E007F816,00000020,000007A1
1954,67773000,FFFFFF9A,000003D5,00000001,00000000,002BDCC9,3CA901BE,28009320,E007F816,00000020,000007A2
1955,120945800,0003FF88,000003D5,00000001,00000000,002BDCC9,3CAB822A,28009320,E007F816,00000020,000007A3
1956,15704500,0005FF7D,000003D5,00000001,00000000,002BDCC9,3CA901B4,28009320,E007F816,00000020,000007A4
1957,52182600,0000FF79,000003D5,00000001,00000000,002BDCC9,3CA78194,28009320,E007F816,00000020,000007A5
1958,51947500,0001FF76,000003D5,00000000,00000000,002BDCC9,3CA7818C,28009320,E007F816,00000020,000007A6
1959,48059000,FFFFFF88,000003D5,00000000,00000000,002BDCC9,3CA881CE,28009320,E007F816,00000020,000007A7
1960,50284500,0000FFB1,000003D5,00000000,00000000,002BDCC9,3CA7019A,28009320,E007F816,00000020,000007A8
1961,52583400,0001FFEC,000003D5,00000000,00000000,002BDCC9,3CA7019B,28009320,E007F816,00000020,000007A9
1962,145684500,00070032,000003D5,0008FFFF,00000000,002BDCCA,3CA781B8,28009320,E007F816,00000020,000007AA
1963,15774700,00110064,000003D5,000EFFFF,00000000,002BDCCE,3CA801A2,28009320,E007F816,00000020,000007AB
1964,49485600,0017008E,000003D5,0013FFFF,00000000,FF2BDCD3,3CA7818D,28009320,E007F816,00000020,000007AC
1965,49469900,000D00AB,000003D5,000FFFFF,00010000,FF2BDCD7,3CA80187,28009320,E007F816,00000020,000007AD
1966,50721900,000E00B8,000003D5,000BFFFF,00010000,FF2BDCDB,3CA881BE,28009320,E007F816,00000020,000007AE
1967,50967500,000F0092,000003D5,00080000,00010000,FF2BDCDE,3CAA01D0,28009320,E007F816,00000020,000007AF
1968,50994400,00120038,000003D6,00060000,00010000,FF2BDCE0,3CA9819B,28009320,E007F816,00000020,000007B0
1969,50000200,0011FFE3,000003D5,00040001,00010000,FF2BDCE1,3CAA81CA,28009320,E007F816,00000020,000007B1
1970,49064600,0012FFB3,000003D5,00020001,00000000,FF2BDCE2,3CA9019D,28009320,E007F816,00000020,000007B2
1971,51859600,0011FF97,000003D5,00010001,00000000,FF2BDCE2,3CA98224,28009320,E007F816,00000020,000007B3
1972,51429900,0009FF86,000003D5,00000001,00000000,FF2BDCE2,3CA981BF,28009320,E007F816,00000020,000007B4
1973,48798500,0017FF7D,000003D5,00070001,00000000,FF2BDCE3,3CA78183,28009320,E007F816,00000020,000007B5
1974,49667500,001AFF7A,000003D5,000D0000,00000000,FF2BDCE6,3CA901D6,28009320,E007F816,00000020,000007B6
1975,51573000,001CFF89,000003D5,00110000,00000000,FF2BDCEB,3CA801B4,28009320,E007F816,00000020,000007B7
1976,51897400,0020FFB3,000003D5,00150000,0000FFFF,FF2BDCF0,3CA801EF,28009320,E007F816,00000020,000007B8
1977,50967600,0025FFED,000003D5,00180000,0000FFFF,FF2BDCF7,3CA781C2,28009320,E007F816,00000020,000007B9
1978,46607500,00240033,000003D5,001AFFFF,0000FFFF,FF2BDCFE,3CA70192,28009320,E007F816,00000020,000007BA
1979,50923800,00230065,000003D5,0013FFFF,0000FFFF,FF2BDD04,3CA7818D,28009320,E007F816,00000020,000007BB
1980,120644000,001D008E,000003D5,000EFFFF,0000FFFF,FF2BDD09,3CA7818F,2800A4FF,E007F816,00000020,000007BC
1981,15872600,002200A4,000003D5,000AFFFF,0001FFFF,FF2BDD0C,3CA8819B,2800A4FF,E007F816,00000020,000007BD
1982,49156900,001E0088,000003D5,00060000,0001FFFF,FF2BDD0E,3CA901C1,2800A4FF,E007F816,00000020,000007BE
1983,48794500,00210030,000003D5,00030000,0001FFFF,FF2BDD0F,3CAA01D7,2800A4FF,E007F816,00000020,000007BF
1984,51691700,0019FFDE,000003D5,00010001,0001FFFF,FF2BDD10,3CA981BA,2800A4FF,E007F816,00000020,000007C0
1985,53103500,0019FFB0,000003D5,FFFF0001,00000000,FF2BDD10,3CA80186,2800A4FF,E007F816,00000020,000007C1
1986,51263000,0013FF96,000003D5,FFFE0001,00000000,FF2BDD0F,3CA8819B,2800A4FF,E007F816,00000020,000007C2
1987,49260400,000EFF87,000003D5,FFFE0001,00000000,FF2BDD0F,3CA7819E,2800A4FF,E007F816,00000020,000007C3
1988,49961900,000DFF7E,000003D5,FFFE0001,00000000,FF2BDD0E,3CA8019F,2800A4FF,E007F816,00000020,000007C4
1989,50476100,0007FF8D,000003D5,FFFD0000,00000000,FF2BDD0D,3CA881D7,2800A4FF,E007F816,00000020,000007C5
1990,119637500,0008FFB3,000003D5,FFFE0000,00000000,FF2BDD0D,3CA68190,2800A4FF,E007F816,00000020,000007C6
1991,16763700,0006FFF0,000003D5,FFFE0000,00000000,FF2BDD0C,3CA681BD,2800A4FF,E007F816,00000020,000007C7
1992,50450200,00000032,000003D5,FFFEFFFF,00000000,002BDD0B,3CA70193,2800A4FF,E007F816,00000020,000007C8
1993,50017600,00000068,000003D5,FFFEFFFF,00000000,002BDD0B,3CA70190,2800A4FF,E007F816,00000020,000007C9
1994,50104100,0006008F,000003D5,FFFFFFFF,00000000,002BDD0A,3CA901DE,2800A4FF,E007F816,00000020,000007CA
1995,50627800,FFFF00AA,000003D5,FFFFFFFF,00010000,002BDD0A,3CA8018D,2800A4FF,E007F816,00000020,000007CB
1996,50392200,FFFC00BA,000003D5,FFFFFFFF,00010000,002BDD0A,3CA9019C,2800A4FF,E007F816,00000020,000007CC
1997,53049200,00010093,000003D5,FFFF0000,00010000,002BDD0A,3CA901DC,2800A4FF,E007F816,00000020,000007CD
1998,49119900,FFFE0037,000003D6,00000000,00010000,002BDD09,3CA9819F,2800A4FF,E007F816,00000020,000007CE
1999,50497100,0000FFE4,000003D5,00000001,00010000,002BDD09,3CAB8215,2800A4FF,E007F816,00000020,000007CF
2000,49323600,FFFDFFB2,000003D5,00000001,00000000,002BDD09,3CA98199,2800A4FF,E007F816,00000020,000007D0
2001,51010000,FFFDFF96,000003D5,00000001,00000000,002BDD09,3CA9019D,2800A4FF,E007F816,00000020,000007D1
2002,51281200,0002FF89,000003D5,00000001,00000000,002BDD09,3CA88191,2800A4FF,E007F816,00000020,000007D2
2003,49835400,0000FF60,000003D5,00000001,00000000,002BDD09,3CA901C1,2800A4FF,E007F816,00000020,000007D3
2004,51381500,FFFCFF32,000003D5,00000001,00000000,002BDD09,3CA781A4,2800A4FF,E007F816,00000020,000007D4
2005,51149500,0000FF58,000003D5,00000001,FFFF0000,002BDD09,3CA6818B,2800A4FF,E007F816,00000020,000007D5
2006,49649500,0001FF0A,000003D5,00000001,FFFF0000,002ADD09,3CA781D6,2800A4FF,E007F816,00000020,000007D6
2007,49089900,0000FEFE,000003D5,00000001,FFFF0000,002ADD09,3CA581AD,2800A4FF,E007F816,00000020,000007D7
2008,49934300,FFFCFEFF,000003D5,00000000,FFFF0000,002ADD09,3CA401D1,2800A4FF,E007F816,00000020,000007D8
2009,50852100,0003FF01,000003D5,00000000,FFFF0000,002ADD09,3CA40214,2800A4FF,E007F816,00000020,000007D9
2010,50889100,0000FEFF,000003D5,00000000,FFFF0000,002ADD09,3CA401B7,2800B5B5,E007F816,00000020,000007DA
2011,50336300,FFFCFF01,000003D5,00000000,FFFF0000,0029DD09,3CA181AC,2800B5B5,E007F816,00000020,000007DB
2012,49829100,0002FF00,000003D5,00000000,FFFF0000,0029DD0A,3CA201A9,2800B5B5,E007F816,00000020,000007DC
2013,52741800,0002FF01,000003D5,00000000,FFFF0000,0029DD0A,3CA101CA,2800B5B5,E007F816,00000020,000007DD
2014,50401700,FFFDFF03,000003D5,00000000,FFFF0000,0029DD0A,3CA081D2,2800B5B5,E007F816,00000020,000007DE
2015,50537200,FFFFFF02,000003D5,00000000,FFFF0000,0029DD0A,3CA001BA,2800B5B5,E007F816,00000020,000007DF
2016,49465500,0003FF04,000003D5,00000000,FFFF0000,0028DD0A,3C9F81D1,2800B5B5,E007F816,00000020,000007E0
2017,50765500,0001FF04,000003D5,00000000,FFFF0000,0028DD0A,3C9D818D,2800B5B5,E007F816,00000020,000007E1
2018,51152100,FFFAFF05,000003D5,00000000,FFFF0000,0028DD0A,3C9C8195,2800B5B5,E007D816,00000020,000007E2
2019,50405300,0002FF05,000003D5,00000000,FFFF0000,0028DD0A,3C9C0197,2800B5B5,E007E016,00000020,000007E3
2020,49590700,0003FF08,000003D5,00000000,FFFF0000,0028DD0A,3C9B0189,2800B5B5,E007B816,00000020,000007E4
2021,50209900,FFFFFF06,000003D5,00000000,FFFF0000,0027DD0A,3C9B81BC,2800B5B5,E007B816,00000020,000007E5
2022,51269800,FFFDFF09,000003D5,00000000,FFFF0000,0027DD0A,3C998189,2800B5B5,E007B816,00000020,000007E6
2023,49745700,0001FF08,000003D5,00000000,FFFF0000,0027DD0A,3C9981A8,2800B5B5,E0079016,00000020,000007E7
2024,50771900,0003FF09,000003D5,00000000,FFFF0000,0027DD0A,3C98018D,2800B5B5,E0079016,00000020,000007E8
2025,50661500,FFFDFF0A,000003D5,00000000,FFFF0000,0027DD0A,3C9901F6,2800B5B5,E0076816,00000020,000007E9
2026,50565500,FFFEFF0A,000003D5,00000000,FFFF0000,0026DD0A,3C9781CB,2800B5B5,E0FF6816,00000020,000007EA
2027,51425500,FFF7FF0D,000003D5,FFF80000,FFFF0000,FF26DD08,3C9681AE,2800B5B5,E0FF6016,00000020,000007EB
2028,49822000,FFE9FF0B,000003D5,FFEF0000,FFFF0000,FF26DD04,3C9581A8,2800B5B5,E0FF6016,00000020,000007EC
2029,50326500,FFE4FF0C,000003D5,FFE60000,FFFF0000,0026DCFE,3C9601FF,2800B5B5,E0FF6016,00000020,000007ED
2030,51376600,FFD5FF0F,FFFF03D5,FFDE0000,FFFF0000,0026DCF5,3C93818C,2800B5B5,E0FF6016,00000020,000007EE
2031,50692800,FFCEFF0E,FFFF03D5,FFD50000,FFFF0001,0025DCE9,3C9301A0,2800B5B5,E0FF6016,00000020,000007EF
2032,51387400,FFBEFF0F,FFFF03D5,FFCD0000,FFFF0001,0025DCDC,3C920187,2800B5B5,E0FF6016,00000020,000007F0
2033,49669900,FFB0FF0E,FFFF03D5,FFC50000,FFFF0001,0025DCCC,3C91819B,2800B5B5,E0FF5016,00000020,000007F1
2034,50838100,FFA0FF0F,FFFF03D5,FFBE0000,FFFF0001,0025DCBA,3C9181A4,2800B5B5,E0FF0016,00000020,000007F2
2035,50465900,FF91FF11,FFFF03D5,FFB70000,FFFF0002,0025DCA5,3C90018C,2800B5B5,E0FEB816,00000020,000007F3
2036,50325300,FF82FEF3,FFFF03D5,FFB00000,FFFF0002,0024DC8F,3C9001CA,2800B5B5,E0FE7816,00000020,000007F4
2037,49363000,FF73FE91,FFFF03D5,FFA90001,FFFF0002,0024DC77,3C8F01B6,2800B5B5,E0FE3816,00000020,000007F5
2038,50861100,FF60FE80,FFFF03D5,FFA20001,FFFE0002,0024DC5D,3C8E01DF,2800B5B5,E0FE0816,00000020,000007F6
2039,49716200,FF53FE83,FFFF03D5,FF9C0001,FFFE0003,0024DC41,3C8C018F,2800B5B5,E0FDD816,00000020,000007F7
2040,51365400,FF3FFE81,FFFF03D5,FF950000,FFFE0003,0023DC23,3C8B01A5,2800C6FF,E0FDA816,00000020,000007F8
2041,48821600,FF33FE82,FFFF03D5,FF8F0000,FFFE0003,0023DC03,3C8A01AF,2800C6FF,E0FD8016,00000020,000007F9
2042,49760500,FF24FE67,FFFF03D5,FF880001,FFFE0003,0023DBE2,3C8901C5,2800C6FF,E0FD5816,00000020,000007FA
2043,51504900,FF18FE02,FFFF03D5,FF820001,FFFE0004,0022DBBE,3C8701A0,2800C6FF,E0FD3816,00000020,000007FB
2044,49572800,FF07FDF5,FFFF03D5,FF7B0001,FFFE0004,0022DB99,3C85819B,2800C6FF,E0FD1816,00000020,000007FC
2045,50250800,FEF9FDF3,FFFF03D4,FF750001,FFFD0004,0021DB71,3C8481D9,2800C6FF,E0FCF816,00000020,000007FD
2046,51106300,FEEAFDF6,FFFF03D4,FF6E0000,FFFD0004,0021DB48,3C8181C4,2800C6FF,E0FCE016,00000020,000007FE
2047,50368800,FEDCFDF4,FFFF03D4,FF680000,FFFD0005,0021DB1D,3C800186,2800C6FF,E0FCC816,00000020,000007FF
2048,52185200,FECFFDF6,FFFF03D4,FF610000,FFFD0005,0020DAF1,3C7F0191,2800C6FF,E0FCB016,00000020,00000800
2049,50133800,FEC1FDF9,FFFF03D4,FF5B0000,FFFD0005,0020DAC2,3C7D819D,2800C6FF,E0FC9816,00000020,00000801
2050,50011700,FEB5FDF8,FFFF03D4,FF550000,FFFD0005,001FDA92,3C7D821D,2800C6FF,E0FC8816,00000020,00000802
2051,49580600,FEABFDFA,FFFF03D4,FF4F0000,FFFD0006,001FDA60,3C798188,2800C6FF,E0FC7816,00000020,00000803
2052,48919100,FE9FFDF9,FFFF03D4,FF490000,FFFD0006,001EDA2C,3C78818C,2800C6FF,E0FC6816,00000020,00000804
2053,52588800,FE97FDFC,FFFF03D4,FF440000,FFFD0006,001ED9F7,3C768181,2800C6FF,E0FC5816,00000020,00000805
2054,49774400,FE8CFDFC,FFFF03D4,FF3E0000,FFFD0006,001ED9C0,3C7501A2,2800C6FF,D0FC5016,00000020,00000806
2055,48938800,FE83FDFD,FFFF03D4,FF390000,FFFD0006,001DD987,3C738194,2800C6FF,D0FC4016,00000020,00000807
2056,50886900,FE7BFE2F,FFFF03D4,FF340000,FFFD0007,001DD94D,3C7201C1,2800C6FF,D0FC3816,00000020,00000808
2057,51106500,FE6FFE8D,000003D4,FF2F0000,FFFD0007,001DD912,3C7201C7,2800C6FF,D0FC3016,00000020,00000809
2058,49676300,FE6CFE91,000003D4,FF2B0000,FFFD0007,001CD8D5,3C70018E,2800C6FF,D0FC2816,00000020,0000080A
2059,49785600,FE67FE94,000003D4,FF270000,FFFE0007,001CD898,3C7001F8,2800C6FF,D0FC2816,00000020,0000080B
2060,51825700,FE66FE96,000003D4,FF240000,FFFE0007,001CD859,3C6E019B,2800C6FF,D0FC2016,00000020,0000080C
2061,51868900,FE63FE96,000003D4,FF210000,FFFE0007,001BD819,3C6C8197,2800C6FF,D0FC2016,00000020,0000080D
2062,50073000,FE61FE98,000003D4,FF1F0000,FFFE0007,001BD7D9,3C6B81AE,2800C6FF,D0FC2016,00000020,0000080E
2063,50750300,FE60FE97,000003D4,FF1E0000,FFFE0007,001BD799,3C6A018C,2800C6FF,D0FC2016,00000020,0000080F
2064,51154100,FE63FE9B,000003D4,FF1D0000,FFFE0007,001BD758,3C6901C8,2800C6FF,D0FC2816,00000020,00000810
2065,51665700,FE61FE9A,000003D4,FF1D0000,FFFE0007,001AD717,3C6881B6,2800C6FF,D0FC2816,00000020,00000811
2066,51112600,FE63FE9E,000003D4,FF1D0000,FFFE0007,001AD6D6,3C6781F5,2800C6FF,D0FC3016,00000020,00000812
2067,49949700,FE69FE9D,000003D4,FF1E0000,FFFE0007,001AD695,3C65818E,2800C6FF,D0FC3016,00000020,00000813
2068,51358400,FE6AFE9E,000003D4,FF200000,FFFE0007,0019D654,3C6581ED,2800C6FF,D0FC3816,00000020,00000814
2069,51270300,FE6FFEA1,000003D4,FF220000,FFFE0007,0019D615,3C638186,2800C6FF,D0FC4016,00000020,00000815
2070,49395100,FE78FE9F,000003D4,FF240000,FFFE0007,0019D5D5,3C62019F,2800D8C6,D0FC5016,00000020,00000816
2071,50215200,FE7BFED4,000003D4,FF270000,FFFE0007,0019D597,3C61819A,2800D8C6,D0FC5816,00000020,00000817
2072,49861200,FE82FF32,000003D4,FF2B0000,FFFE0007,0018D55A,3C6101CF,2800D8C6,D0FC6816,00000020,00000818
2073,50189300,FE8CFF35,000103D4,FF2F0000,FFFE0007,0018D51D,3C6001B6,2800D8C6,D0FC7816,00000020,00000819
2074,50654700,FE9CFF37,000103D5,FF340000,FFFF0007,0018D4E2,3C5F81A3,2800D8C6,D0FC9016,00000020,0000081A
2075,52667600,FEA3FF3C,000103D5,FF3A0000,FFFF0007,0018D4A9,3C5F0192,2800D8C6,D0FCA816,00000020,0000081B
2076,50668900,FEB1FF39,000103D5,FF400000,FFFF0006,0018D471,3C5E0189,2800D8C6,D0FCC016,00000020,0000081C
2077,51253500,FEBDFF3A,000103D5,FF460000,FFFF0006,0018D43B,3C5E01A6,2800D8C6,D0FCD816,00000020,0000081D
2078,48916000,FEC8FF3D,000103D5,FF4D0000,FFFF0006,0018D407,3C5D0186,2800D8C6,D0FCF816,00000020,0000081E
2079,50053500,FED6FF69,000103D5,FF540000,FFFF0006,0017D3D5,3C5C8189,2800D8C6,D0FD1816,00000020,0000081F
2080,49872300,FEE2FFB3,000103D4,FF5C0000,FFFF0006,0017D3A5,3C5C81B8,2800D8C6,D0FD4016,00000020,00000820
2081,50463100,FEF1FFB2,000103D5,FF640000,FFFF0005,0017D378,3C5C019B,2800D8C6,D0FD6816,00000020,00000821
2082,49246800,FEFCFFB8,000103D5,FF6C0000,FFFF0005,0017D34C,3C5C81BB,2800D8C6,D0FD9016,00000020,00000822
2083,50639200,FF0DFFC5,000103D5,FF740000,FFFF0005,0017D323,3C5B81D3,2800D8C6,D0FDC016,00000020,00000823
2084,51558900,FF1CFFE3,000103D5,FF7C0000,00000005,0017D2FD,3C5C01A1,2800D8C6,D0FDF816,00000020,00000824
2085,49946600,FF24000B,000103D5,FF840000,00000004,0017D2D8,3C5C01B4,2800D8C6,D0FE2816,00000020,00000825
2086,51685600,FF350031,000103D5,FF8BFFFF,00000004,0017D2B6,3C5B818E,2800D8C6,D0FE6016,00000020,00000826
2087,49913500,FF400049,000103D5,FF93FFFF,00000004,0017D296,3C5B81AE,2800D8C6,D0FEA816,00000020,00000827
2088,50128500,FF50005D,000103D5,FF9A0000,00000004,0017D278,3C5C01AC,2800D8C6,D0FEF016,00000020,00000828
2089,50107600,FF5A006A,000103D5,FFA10000,00000003,0017D25C,3C5D01C6,2800D8C6,D0FF3016,00000020,00000829
2090,49877900,FF650073,000103D5,FFA80000,00000003,0018D242,3C5D018F,2800D8C6,D0FF6016,00000020,0000082A
2091,50103300,FF6E0080,000103D5,FFAE0000,00010003,0018D22A,3C5D81A8,2800D8C6,D0FF6016,00000020,0000082B
2092,50127500,FF780083,000103D5,FFB40000,00010003,0018D213,3C5E01CD,2800D8C6,D0FF6016,00000020,0000082C
2093,50235500,FF820089,000103D5,FFB90000,00010003,0018D1FF,3C5E81AF,2800D8C6,D0FF6016,00000020,0000082D
2094,50578800,FF88008A,000103D5,FFBE0000,00010003,0018D1EB,3C5F01B0,2800D8C6,D0FF6016,00000020,0000082E
2095,50756900,FF92008F,000103D5,FFC20000,00010002,0018D1D9,3C5F01CC,2800D8C6,D0FF6016,00000020,0000082F
2096,50658200,FF97008F,000003D5,FFC60000,00010002,0018D1C8,3C5F01E3,2800D8C6,D0FF6016,00000020,00000830
2097,50302100,FF9B0092,000003D5,FFC90000,00010002,0018D1B8,3C600197,2800D8C6,D0FF6016,00000020,00000831
2098,51440100,FFA00095,000003D5,FFCC0000,00010002,0018D1A9,3C6081E8,2800D8C6,D0FF6016,00000020,00000832
2099,50295000,FFA60095,000003D5,FFCE0000,00010002,0019D19A,3C6181C2,2800D8C6,D0FF6016,00000020,00000833
2100,50192600,FFA80095,000003D5,FFCF0000,00010002,0019D18C,3C61019E,2800EADB,D0FF6016,00000020,00000834
2101,50029800,FFAF0097,000003D5,FFD00000,00010002,0019D17E,3C6201AE,2800EADB,D0FF6016,00000020,00000835
2102,50483700,FFAB0099,000003D5,FFD10000,00010002,0019D171,3C6281B7,2800EADB,D0FF6016,00000020,00000836
2103,49288400,FFB10098,000003D5,FFD10000,00010002,0019D163,3C6301B4,2800EADB,D0FF6016,00000020,00000837
2104,50378500,FFB20099,000003D5,FFD10000,00010002,0019D156,3C6381B2,2800EADB,D0FF6016,00000020,00000838
2105,49635900,FFAF009A,000003D5,FFD10000,00010002,0019D148,3C630183,2800EADB,D0FF6016,00000020,00000839
2106,50641100,FFB0009C,000003D5,FFD00000,00010002,0019D13B,3C6481CA,2800EADB,D0FF6016,00000020,0000083A
2107,50453500,FFB20099,000003D5,FFCF0000,00010001,001AD12D,3C64818B,2800EADB,D0FF6016,00000020,0000083B
2108,50586700,FFAF009C,000003D5,FFCD0000,00010002,001AD11E,3C6501A1,2800EADB,D0FF6016,00000020,0000083C
2109,49450500,FFAB009F,000003D5,FFCC0000,00010002,001AD110,3C6581B4,2800EADB,D0FF6016,00000020,0000083D
2110,50272300,FFAE009A,000003D5,FFCA0000,00010002,001AD100,3C658186,2800EADB,D0FF6016,00000020,0000083E
2111,51186200,FFA600A2,000003D5,FFC80000,00010002,001AD0F1,3C6681A4,2800EADB,D0FF6016,00000020,0000083F
2112,50833000,FFA6009E,000003D5,FFC60000,00010002,001AD0E0,3C6781D6,2800EADB,D0FF6016,00000020,00000840
2113,49991200,FFA200A0,000003D5,FFC40000,00010002,001AD0CF,3C6801DD,2800EADB,D0FF6016,00000020,00000841
2114,49535600,FFA000A1,000003D5,FFC20000,00010002,001AD0BE,3C6881E5,2800EADB,D0FF6016,00000020,00000842
2115,50863200,FF9A00A2,000003D5,FFBF0000,00010002,001BD0AC,3C6881AA,2800EADB,D0FF6016,00000020,00000843
2116,52188900,FF9900A1,000003D5,FFBD0000,00010002,001BD099,3C6981C7,2800EADB,D0FF6016,00000020,00000844
2117,48615700,FF9100A2,000003D5,FFBA0000,00010002,001BD085,3C6981AE,2800EADB,D0FF6016,00000020,00000845
2118,49819700,FF8F00A4,000003D5,FFB80000,00010002,001BD070,3C6A019E,2800EADB,D0FF6016,00000020,00000846
2119,50552200,FF8B00A4,000003D5,FFB50000,00010002,001BD05B,3C6A018D,2800EADB,D0FF6016,00000020,00000847
2120,50295700,FF8700A3,000003D5,FFB30000,00010002,001BD045,3C6B01A8,2800EADB,D0FF4816,00000020,00000848
2121,50110300,FF8000A8,000003D5,FFB00000,00010002,001BD02F,3C6B0196,2800EADB,D0FF2816,00000020,00000849
2122,50204800,FF7C00A6,000003D5,FFAD0000,00010002,001BD017,3C6C81D1,2800EADB,D0FF0816,00000020,0000084A
2123,49827800,FF7700A6,000003D5,FFAB0000,00010002,001CCFFF,3C6C81B2,2800EADB,D0FEF016,00000020,0000084B
2124,50299100,FF7500A8,000003D5,FFA80000,00010002,001CCFE6,3C6C8192,2800EADB,D0FED016,00000020,0000084C
2125,49380200,FF6C00A8,000003D5,FFA60000,00010003,001CCFCD,3C6E020F,2800EADB,D0FEB816,00000020,0000084D
2126,50881600,FF6700A9,000003D5,FFA30000,00010003,001CCFB2,3C6D81E9,2800EADB,D0FEA816,00000020,0000084E
2127,49883500,FF6400AB,000003D5,FFA10000,00010003,001CCF97,3C6E81A9,2800EADB,D0FE9016,00000020,0000084F
2128,50096100,FF6000A8,000003D5,FF9E0000,00010003,001CCF7C,3C6E818D,2800EADB,D0FE7816,00000020,00000850
2129,50548000,FF5A00AC,000003D5,FF9C0000,00010003,001CCF5F,3C7001FC,2800EADB,D0FE6816,00000020,00000851
2130,50965700,FF5300A9,000003D5,FF9A0000,00010003,001CCF42,3C6F81A2,2800FD23,D0FE5016,00000020,00000852
2131,50204500,FF50007F,000003D5,FF980000,00010003,001DCF25,3C7101EA,2800FD23,D0FE4016,00000020,00000853
2132,52378300,FF480036,000003D5,FF960001,00010003,001DCF06,3C70819B,2800FD23,D0FE3016,00000020,00000854
2133,51242300,FF46FFF6,000003D5,FF950001,00010003,001DCEE8,3C700186,2800FD23,D0FE2016,00000020,00000855
2134,48513600,FF3FFFD3,000003D5,FF930001,00000003,001CCEC9,3C7081A3,2800FD23,D0FE1016,00000020,00000856
2135,51313000,FF3CFFC3,000003D5,FF910001,00000003,001CCEA9,3C7081C3,2800FD23,D0FE0016,00000020,00000857
2136,50323300,FF37FF94,000003D5,FF8F0001,00000003,001CCE89,3C7001CB,2800FD23,D0FDF016,00000020,00000858
2137,50274800,FF39FF3C,000003D5,FF8E0001,00000004,001CCE69,3C6F81A8,2800FD23,D0FDE016,00000020,00000859
2138,50190800,FF32FF35,000003D5,FF8B0001,FFFF0004,001CCE47,3C6F01B3,2800FD23,D0FDD016,00000020,0000085A
2139,50242200,FF2BFF36,000003D5,FF890001,FFFF0004,001CCE26,3C6D818A,2800FD23,D0FDC016,00000020,0000085B
2140,51511800,FF2CFF30,000003D5,FF870001,FFFF0004,001CCE03,3C6D019B,2800FD23,D0FDB016,00000020,0000085C
2141,51294800,FF22FF2F,000003D5,FF850000,FFFF0004,001BCDE0,3C6C8192,2800FD23,D0FDA816,00000020,0000085D
2142,52039800,FF25FF36,000003D5,FF830000,FFFF0004,001BCDBD,3C6B8186,2800FD23,D0FD9816,00000020,0000085E
2143,49039000,FF1EFF2E,000003D5,FF810000,FFFF0004,001BCD98,3C6B018B,2800FD23,D0FD9016,00000020,0000085F
2144,51026000,FF1DFF30,000003D5,FF7F0000,FFFF0004,001BCD73,3C6A0195,2800FD23,D0FD8816,00000020,00000860
2145,50434600,FF19FF34,000003D5,FF7D0000,FFFF0004,001BCD4E,3C69826D,2800FD23,D0FD8016,00000020,00000861
2146,48876600,FF1AFF35,000003D5,FF7B0000,FFFF0004,001BCD28,3C6A01DF,2800FD23,D0FD7816,00000020,00000862
2147,50571700,FF13FF31,000003D5,FF7A0000,FFFF0004,001ACD02,3C6901A8,2800FD23,D0FD7816,00000020,00000863
2148,54452600,FF16FF33,000003D5,FF780000,FFFF0004,001ACCDB,3C6881AE,2800FD23,D0FD7016,00000020,00000864
2149,51670900,FF13FF38,000003D5,FF770000,FFFF0004,001ACCB4,3C670194,2800FD23,D0FD7016,00000020,00000865
2150,50072500,FF14FF31,000003D5,FF760000,FFFF0004,001ACC8D,3C6701CD,2800FD23,D0FD6816,00000020,00000866
2151,52063600,FF0BFF36,000003D5,FF750000,FFFF0004,001ACC65,3C66019C,2800FD23,D0FD6816,00000020,00000867
2152,49296900,FF11FF34,000003D5,FF750000,FFFF0004,001ACC3D,3C6501B5,2800FD23,D0FD6816,00000020,00000868
2153,49722100,FF11FF60,000003D5,FF740000,FFFF0004,001ACC15,3C6581C2,2800FD23,D0FD6816,00000020,00000869
2154,50223300,FF10FFAE,000003D5,FF740000,FFFF0004,001ACBED,3C648184,2800FD23,D0FD7016,00000020,0000086A
2155,50656400,FF11FFAD,000003D5,FF740000,FFFF0004,0019CBC5,3C64018B,2800FD23,D0FD7016,00000020,0000086B
2156,50122400,FF12FFAC,000003D5,FF750000,FFFF0004,0019CB9D,3C640197,2800FD23,D0FD7816,00000020,0000086C
2157,49251000,FF15FFAB,000003D5,FF750000,FFFF0004,0019CB75,3C6401A5,2800FD23,D0FD8016,00000020,0000086D
2158,49295500,FF17FFB0,000003D5,FF760000,FFFF0004,0019CB4E,3C63819B,2800FD23,D0FD8816,00000020,0000086E
2159,48813700,FF15FFAC,000003D5,FF770000,FFFF0004,0019CB26,3C6381B0,2800FD23,D0FD9016,00000020,0000086F
2160,50780500,FF1BFFB0,000003D5,FF780000,00000004,0019CAFF,3C63819E,28010F9E,D0FD9816,00000020,00000870
2161,49902500,FF1DFFAC,000003D5,FF7A0000,00000004,0019CAD9,3C6381B4,28010F9E,D0FDA016,00000020,00000871
2162,51613800,FF1EFFB1,000003D5,FF7B0000,00000004,0019CAB3,3C6381EA,28010F9E,D0FDA816,00000020,00000872
2163,49570100,FF23FFAF,000003D5,FF7D0000,00000004,0019CA8D,3C6281A5,28010F9E,D0FDB816,00000020,00000873
2164,50325600,FF22FFB1,000003D5,FF7E0000,00000004,0019CA67,3C6281A7,28010F9E,D0FDC016,00000020,00000874
2165,51742000,FF27FFBF,000003D5,FF800000,00000004,0019CA43,3C6281D6,28010F9E,D0FDC816,00000020,00000875
2166,50727900,FF29FFDE,000003D5,FF810000,00000004,0019CA1E,3C61818E,28010F9E,D0FDD016,00000020,00000876
2167,50412700,FF2E0009,000003D5,FF830000,00000004,0019C9FA,3C630204,28010F9E,D0FDE016,00000020,00000877
2168,49197300,FF30002C,000003D5,FF850000,00000004,0019C9D7,3C6281C3,28010F9E,D0FDF016,00000020,00000878
2169,49995100,FF370047,000003D5,FF860000,00000004,0019C9B4,3C620191,28010F9E,D0FDF816,00000020,00000879
2170,50171900,FF330060,000003D5,FF880000,00000004,0019C991,3C6301AC,28010F9E,D0FE0816,00000020,0000087A
2171,50577700,FF3E006D,000003D5,FF8A0000,00000004,0019C96F,3C62818F,28010F9E,D0FE2016,00000020,0000087B
2172,50051700,FF3D007B,000003D5,FF8B0000,00000004,0019C94D,3C630238,28010F9E,D0FE2816,00000020,0000087C
2173,51253700,FF420083,000003D5,FF8D0000,00010004,0019C92C,3C6381AE,28010F9E,D0FE3816,00000020,0000087D
2174,49398400,FF42008A,000003D5,FF8F0000,00010004,0019C90C,3C6481B3,28010F9E,D0FE4816,00000020,0000087E
2175,50363900,FF47008F,000003D5,FF910000,00010004,0019C8EC,3C6501D0,28010F9E,D0FE5816,00000020,0000087F
2176,51289800,FF460091,000003D5,FF930000,00010003,001AC8CC,3C64818F,28010F9E,D0FE6016,00000020,00000880
2177,50257200,FF4C0099,000003D5,FF940000,00010003,001AC8AD,3C6581B8,28010F9E,D0FE7016,00000020,00000881
2178,49544200,FF4D0097,000003D5,FF960000,00010003,001AC88F,3C65818C,28010F9E,D0FE7816,00000020,00000882
2179,49204200,FF4D009A,000003D5,FF980000,00010003,001AC871,3C6601C7,28010F9E,D0FE8016,00000020,00000883
2180,50080300,FF51009C,000003D5,FF990000,00010003,001AC853,3C6681B6,28010F9E,D0FE8816,00000020,00000884
2181,51571600,FF51009E,000003D5,FF9A0000,00010003,001AC836,3C670185,28010F9E,D0FE9016,00000020,00000885
2182,50888300,FF53009E,000003D5,FF9B0000,00010003,001AC819,3C670184,28010F9E,D0FE9816,00000020,00000886
2183,50812800,FF5200A0,000003D5,FF9C0000,00010003,001AC7FC,3C6881BA,28010F9E,D0FE9816,00000020,00000887
2184,50147400,FF5900A1,000003D5,FF9C0000,00010003,001BC7DF,3C6881BE,28010F9E,D0FE9816,00000020,00000888
2185,51473500,FF5100A0,000003D5,FF9D0000,00010003,001BC7C3,3C688187,28010F9E,D0FEA016,00000020,00000889
2186,51069100,FF5900A5,000003D5,FF9D0000,00010003,001BC7A7,3C6981AD,28010F9E,D0FEA016,00000020,0000088A
2187,48922800,FF5100A1,000003D5,FF9E0000,00010003,001BC78A,3C69818B,28010F9E,D0FEA016,00000020,0000088B
2188,49876100,FF5B00A3,000003D5,FF9E0000,00010003,001BC76E,3C6A8190,28010F9E,D0FEA016,00000020,0000088C
2189,50367100,FF5300A9,000003D5,FF9E0000,00010003,001BC752,3C6A8182,28010F9E,D0FE9816,00000020,0000088D
2190,49738800,FF5500A6,000003D5,FF9E0000,00010003,001BC736,3C6B81A3,28012212,D0FE9816,00000020,0000088E
2191,49186400,FF5200A6,000003D5,FF9D0000,00010003,001BC71A,3C6D0209,28012212,D0FE9016,00000020,0000088F
2192,54329700,FF5600A9,000003D5,FF9D0000,00010003,001CC6FD,3C6C0185,28012212,D0FE9016,00000020,00000890
2193,49635400,FF5400A6,000003D5,FF9D0000,00010003,001CC6E1,3C6D01AE,28012212,D0FE8816,00000020,00000891
2194,50057000,FF5300A8,000003D5,FF9C0000,00010003,001CC6C4,3C6D81A2,28012212,D0FE8016,00000020,00000892
2195,51115400,FF4F00A9,000003D5,FF9C0000,00010003,001CC6A8,3C6E0195,28012212,D0FE7816,00000020,00000893
2196,49363300,FF4F00AA,000003D5,FF9B0000,00010003,001CC68B,3C6F81CF,28012212,D0FE7016,00000020,00000894
2197,50050100,FF4C00AA,000003D5,FF9A0000,00010003,001CC66E,3C700213,28012212,D0FE6816,00000020,00000895
2198,51737100,FF4D00A5,000003D5,FF990000,00010003,001CC650,3C6F81BE,28012212,D0FE6816,00000020,00000896
2199,49430100,FF470083,000003D5,FF990000,00010003,001CC633,3C6F8187,28012212,D0FE5816,00000020,00000897
2200,51782400,FF490033,000003D5,FF990001,00010003,001CC615,3C7081B5,28012212,D0FE5016,00000020,00000898
2201,49188300,FF44FFF9,000003D5,FF980001,00010003,001CC5F8,3C6F81B4,28012212,D0FE4816,00000020,00000899
2202,50408700,FF3FFFD2,000003D5,FF980001,00000003,001CC5DA,3C6F8186,28012212,D0FE3816,00000020,0000089A
2203,49807600,FF43FFBE,000003D5,FF970001,00000003,001CC5BC,3C6F81AB,28012212,D0FE2816,00000020,0000089B
2204,50130700,FF3CFFB6,000003D5,FF960001,00000003,001CC59D,3C6F8195,28012212,D0FE2016,00000020,0000089C
2205,51341300,FF3BFFAF,000003D5,FF940001,00000004,001CC57F,3C6F0192,28012212,D0FE1816,00000020,0000089D
2206,50113700,FF3BFFA8,000003D5,FF930000,00000004,001CC560,3C6E8189,28012212,D0FE0816,00000020,0000089E
2207,50804800,FF37FFA7,000003D5,FF910000,00000004,001CC540,3C6E818F,28012212,D0FE0016,00000020,0000089F
2208,50431500,FF36FFA7,000003D5,FF900000,00000004,001CC520,3C6E819F,28012212,D0FDF816,00000020,000008A0
2209,51543100,FF33FFA5,000003D5,FF8E0000,00000004,001CC500,3C6F01E5,28012212,D0FDE816,00000020,000008A1
2210,49769000,FF34FFA8,000003D5,FF8D0000,00000004,001CC4DF,3C6D8187,28012212,D0FDE016,00000020,000008A2
2211,52330800,FF2EFFA4,000003D5,FF8B0000,00000004,001CC4BD,3C6D8191,28012212,D0FDD816,00000020,000008A3
2212,52984000,FF2FFF89,000003D5,FF8A0000,FFFF0004,001CC49C,3C6D0193,28012212,D0FDD816,00000020,000008A4
2213,47790300,FF29FF60,000003D5,FF890000,FFFF0004,001CC47A,3C6C8196,28012212,D0FDC816,00000020,000008A5
2214,50626700,FF2CFF86,000003D5,FF870000,FFFF0004,001BC457,3C6C0190,28012212,D0FDC016,00000020,000008A6
2215,51814400,FF27FF37,000003D5,FF860000,FFFF0004,001BC435,3C6C01BB,28012212,D0FDC016,00000020,000008A7
2216,47664200,FF28FF5E,000003D5,FF850000,FFFF0004,001BC412,3C6B81A3,28012212,D0FDB816,00000020,000008A8
2217,51617200,FF21FFA6,000003D5,FF840000,FFFF0004,001BC3EE,3C6A81F9,28012212,D0FDB016,00000020,000008A9
2218,51403100,FF24FF87,000003D5,FF830000,FFFF0004,001BC3CA,3C6A01A6,28012212,D0FDB016,00000020,000008AA
2219,50263700,FF22FF64,000003D5,FF820000,FFFF0004,001BC3A7,3C6B8225,28012212,D0FDB016,00000020,000008AB
2220,50173200,FF21FFA8,000003D5,FF820000,FFFF0004,001BC382,3C6981CA,28013483,D0FDB016,00000020,000008AC
2221,50688200,FF1EFFA7,000003D5,FF810000,FFFF0004,001BC35E,3C6981BF,28013483,D0FDA816,00000020,000008AD
2222,50787400,FF20FFA8,000003D5,FF800000,FFFF0004,001BC339,3C6981B0,28013483,D0FDA816,00000020,000008AE
2223,50106700,FF22FFAB,000003D5,FF800000,FFFF0004,001BC315,3C6881BB,28013483,D0FDB016,00000020,000008AF
2224,51067200,FF1FFFAA,000003D5,FF800000,FFFF0004,001BC2F0,3C688196,28013483,D0FDA816,00000020,000008B0
2225,50155600,FF1EFFAA,000003D5,FF800000,00000004,001AC2CB,3C6881DF,28013483,D0FDB016,00000020,000008B1
2226,52644200,FF22FFA9,000003D5,FF800000,00000004,001AC2A7,3C6781AB,28013483,D0FDB016,00000020,000008B2
2227,49620500,FF1FFFAC,000003D5,FF800000,00000004,001AC282,3C678186,28013483,D0FDB816,00000020,000008B3
2228,50251100,FF22FFA9,000003D5,FF800000,00000004,001AC25E,3C670187,28013483,D0FDB816,00000020,000008B4
2229,51336200,FF21FFAC,000003D5,FF810000,00000004,001AC239,3C6801C4,28013483,D0FDB816,00000020,000008B5
2230,49755400,FF25FFAB,000003D5,FF810000,00000004,001AC215,3C6781C2,28013483,D0FDB816,00000020,000008B6
2231,49924600,FF24FFAB,000003D5,FF820000,00000004,001AC1F0,3C6701B8,28013483,D0FDC016,00000020,000008B7
2232,52065300,FF25FFAC,000003D5,FF820000,00000004,001AC1CC,3C6701D4,28013483,D0FDC016,00000020,000008B8
2233,50473700,FF23FFAB,000003D5,FF830000,00000004,001AC1A8,3C6681AF,28013483,D0FDC816,00000020,000008B9
2234,50707800,FF2AFFAD,000003D5,FF840000,00000004,001AC185,3C65818E,28013483,D0FDD016,00000020,000008BA
2235,50948400,FF27FFAC,000003D5,FF840000,00000004,001AC161,3C658198,28013483,D0FDD816,00000020,000008BB
2236,51880200,FF2CFFAD,000003D5,FF850000,00000004,001AC13E,3C6601B9,28013483,D0FDD816,00000020,000008BC
2237,51450800,FF2DFFAD,000003D5,FF860000,00000004,001AC11B,3C65019F,28013483,D0FDE016,00000020,000008BD
2238,50710800,FF2EFFAE,000003D5,FF870000,00000004,001AC0F8,3C6581FB,28013483,D0FDE816,00000020,000008BE
2239,53403400,FF33FFBE,000003D5,FF880000,00000004,001AC0D5,3C6501B6,28013483,D0FDF016,00000020,000008BF
2240,49360000,FF2FFFDC,000003D5,FF880000,00000004,0019C0B3,3C6501C3,28013483,D0FDF016,00000020,000008C0
2241,48163700,FF330004,000003D5,FF890000,00000004,0019C091,3C650208,28013483,D0FDF816,00000020,000008C1
2242,49565700,FF37002D,000003D5,FF8A0000,00000004,001AC06F,3C6481C7,28013483,D0FE0816,00000020,000008C2
2243,53216800,FF39004A,000003D5,FF8B0000,00000004,001AC04D,3C6501BA,28013483,D0FE1016,00000020,000008C3
2244,48056000,FF3C005E,000003D5,FF8B0000,00000004,001AC02C,3C6501AD,28013483,D0FE1816,00000020,000008C4
2245,161024800,FF3C0073,000003D5,FF8C0000,00000004,001AC00B,3C65819D,28013483,D0FE2016,00000020,000008C5
2246,16695800,FF41007C,000003D5,FF8E0000,00000004,001ABFEA,3C6581A1,28013483,D0FE3016,00000020,000008C6
2247,48691300,FF3E0087,000003D5,FF8F0000,00010004,001ABFC9,3C660194,28013483,D0FE3816,00000020,000008C7
2248,51377100,FF47008C,000003D5,FF900000,00010004,001ABFA9,3C668197,28013483,D0FE4016,00000020,000008C8
2249,50518200,FF3F0092,000003D5,FF910000,00010004,001ABF89,3C6781A8,28013483,D0FE5016,00000020,000008C9
2250,50569500,FF470097,000003D5,FF920000,00010003,001ABF6A,3C67819F,280147AB,D0FE5816,00000020,000008CA
2251,49467300,FF470097,000003D5,FF930000,00010003,001ABF4A,3C6801B3,280147AB,D0FE5816,00000020,000008CB
2252,160941100,FF46009D,000003D5,FF950000,00010003,001BBF2B,3C6981D5,280147AB,D0FE6016,00000020,000008CC
2253,13940200,FF4900A0,000003D5,FF960000,00010003,001BBF0D,3C69018E,280147AB,D0FE6816,00000020,000008CD
2254,51179500,FF4800A0,000003D5,FF960000,00010003,001BBEEF,3C698193,280147AB,D0FE6816,00000020,000008CE
2255,50958800,FF4A00A1,000003D5,FF970000,00010003,001BBED0,3C6A019F,280147AB,D0FE7016,00000020,000008CF
2256,48497800,FF4A00A2,000003D5,FF980000,00010003,001BBEB2,3C6A81AC,280147AB,D0FE7816,00000020,000008D0
2257,50988300,FF4D00A4,000003D5,FF980000,00010003,001BBE95,3C6C01FC,280147AB,D0FE7016,00000020,000008D1
2258,50227700,FF4900A5,000003D5,FF990000,00010003,001BBE77,3C6C01C0,280147AB,D0FE7016,00000020,000008D2
2259,50715100,FF4B00A4,000003D5,FF990000,00010003,001BBE5A,3C6C01A8,280147AB,D0FE7816,00000020,000008D3
2260,150987500,FF4C00A8,000003D5,FF990000,00010003,001CBE3C,3C6D01CE,280147AB,D0FE7016,00000020,000008D4
2261,14074100,FF4B00A7,000003D5,FF990000,00010003,001CBE1F,3C6D019A,280147AB,D0FE7016,00000020,000008D5
2262,50280800,FF4B00A8,000003D5,FF990000,00010003,001CBE01,3C6D81A3,280147AB,D0FE7016,00000020,000008D6
2263,49916800,FF4A00AA,000003D5,FF990000,00010003,001CBDE4,3C6E81D1,280147AB,D0FE6816,00000020,000008D7
2264,51315600,FF4800A9,000003D5,FF990000,00010003,001CBDC6,3C6E8198,280147AB,D0FE6016,00000020,000008D8
2265,50706200,FF4700A5,000003D5,FF980000,00010003,001CBDA8,3C6F0196,280147AB,D0FE6016,00000020,000008D9
2266,49571400,FF46007F,000003D5,FF980000,00010003,001CBD8A,3C6F81B6,280147AB,D0FE5816,00000020,000008DA
2267,49889400,FF440034,000003D5,FF980001,00010003,001CBD6D,3C6F018E,280147AB,D0FE5016,00000020,000008DB
2268,50610400,FF43FFFB,000003D5,FF980001,00010003,001CBD4F,3C6F01D2,280147AB,D0FE4816,00000020,000008DC
2269,50157600,FF41FFD2,000003D5,FF980001,00000003,001CBD31,3C6F819D,280147AB,D0FE4016,00000020,000008DD
2270,118965100,FF41FFC2,000003D5,FF970001,00000003,001CBD14,3C7001FB,280147AB,D0FE3816,00000020,000008DE
2271,13805300,FF3DFFB4,000003D5,FF970001,00000003,001CBCF5,3C6F81E1,280147AB,D0FE2816,00000020,000008DF
2272,51315200,FF40FFAF,000003D5,FF950001,00000003,001CBCD7,3C6E819D,280147AB,D0FE2016,00000020,000008E0
2273,49585100,FF3AFFAA,000003D5,FF940000,00000004,001CBCB8,3C6F01D5,280147AB,D0FE1816,00000020,000008E1
2274,50458400,FF39FFA7,000003D5,FF930000,00000004,001CBC99,3C6E81B6,280147AB,D0FE0816,00000020,000008E2
2275,51050600,FF3BFFA9,000003D5,FF920000,00000004,001CBC7A,3C6D8194,280147AB,D0FE0016,00000020,000008E3
2276,50076400,FF37FFA6,000003D5,FF910000,00000004,001CBC5A,3C6D018E,280147AB,D0FE0016,00000020,000008E4
2277,50643600,FF37FFA7,000003D5,FF8F0000,00000004,001CBC3A,3C6D019E,280147AB,D0FDF816,00000020,000008E5
2278,51823800,FF32FFA6,000003D5,FF8E0000,00000004,001CBC19,3C6C81DD,280147AB,D0FDE816,00000020,000008E6
2279,50957800,FF31FFA6,000003D5,FF8D0000,00000004,001CBBF8,3C6C819C,280147AB,D0FDE816,00000020,000008E7
2280,50896900,FF33FFA7,000003D5,FF8C0000,00000004,001BBBD7,3C6C0191,28015B7D,D0FDE816,00000020,000008E8
2281,52921900,FF31FFA6,000003D5,FF8B0000,00000004,001BBBB6,3C6C018E,28015B7D,D0FDE816,00000020,000008E9
2282,49995000,FF2EFFA7,000003D5,FF8B0000,00000004,001BBB94,3C6B81CB,28015B7D,D0FDE016,00000020,000008EA
2283,49517400,FF30FFA9,000003D5,FF8B0000,00000004,001BBB72,3C6C81FB,28015B7D,D0FDF016,00000020,000008EB
2284,50384600,FF2DFFA6,000003D5,FF8B0000,00000004,001BBB51,3C6B01A5,28015B7D,D0FDF016,00000020,000008EC
2285,50628900,FF31FFA7,000003D5,FF8C0000,00000004,001BBB2F,3C6B0203,28015B7D,D0FDF816,00000020,000008ED
2286,52179100,FF31FFAA,000003D5,FF8D0000,00000004,001BBB0E,3C6B01BE,28015B7D,D0FE0816,00000020,000008EE
2287,166933900,FF33FFA5,000003D5,FF8E0000,00000004,001BBAED,3C6A0188,28015B7D,D0FE1816,00000020,000008EF
2288,14745300,FF31FFAA,000003D5,FF900000,00000004,001BBACD,3C6A0188,28015B7D,D0FE2816,00000020,000008F0
2289,52725000,FF38FFAC,000003D5,FF920000,00000004,001BBAAE,3C6A01B5,28015B7D,D0FE4016,00000020,000008F1
2290,49762800,FF3CFFBA,000003D5,FF950000,00000004,001BBA8F,3C6A01B8,28015B7D,D0FE6016,00000020,000008F2
2291,49525300,FF3EFFD9,000003D5,FF980000,00000004,001BBA70,3C6A01C3,28015B7D,D0FE7816,00000020,000008F3
2292,48399700,FF450000,000003D5,FF9B0000,00000004,001BBA53,3C6981BB,28015B7D,D0FE9816,00000020,000008F4
2293,60296800,FF4A002C,000003D5,FF9E0000,00000003,001BBA37,3C6981AD,28015B7D,D0FEB816,00000020,000008F5
2294,177860400,FF4E004D,000003D5,FFA2FFFF,00000003,001BBA1B,3C6981DD,28015B7D,D0FEF016,00000020,000008F6
2295,12370400,FF550065,000003D5,FFA5FFFF,00000003,001BBA01,3C6A018F,28015B7D,D0FF1816,00000020,000008F7
2296,50472000,FF5E0074,000003D5,FFA90000,00000003,001BB9E8,3C6A818F,28015B7D,D0FF5016,00000020,000008F8
2297,51533500,FF5F0085,000003D5,FFAE0000,00000003,001BB9D0,3C6B0193,28015B7D,D0FF8816,00000020,000008F9
2298,50660100,FF6B008A,000003D5,FFB20000,00010003,001BB9B9,3C6B0196,28015B7D,D0FFD816,00000020,000008FA
2299,49161300,FF710094,000003D5,FFB70000,00010003,001B4643,3C6B81A7,28015B7D,D0FFF816,00000020,000008FB
2300,51629600,FF77009A,000003D5,FFBC0000,00010003,001C462F,3C6C0192,28015B7D,D0FFF816,00000020,000008FC
2301,50968600,FF7F009C,000003D5,FFC00000,00010003,001C461D,3C6C81CA,28015B7D,D0FFF816,00000020,000008FD
2302,50334000,FF8100A4,000003D5,FFC50000,00010002,001C460B,3C6D81C1,28015B7D,D0FFF816,00000020,000008FE
2303,51336700,FF9000A4,000003D5,FFC90000,00010002,001C45FB,3C6D8191,28015B7D,D0FFF816,00000020,000008FF
2304,49984400,FF9000A6,000003D5,FFCE0000,00010002,001C45EC,3C6E018F,28015B7D,D0FFF816,00000020,00000900
2305,49520600,FF9D00A9,000003D5,FFD20000,00010002,001C45DF,3C6F01B6,28015B7D,D0FFF816,00000020,00000901
2306,50887000,FFA100A9,000003D5,FFD70000,00010002,001C45D2,3C6F018D,28015B7D,D0FFF816,00000020,00000902
2307,48517600,FFAA00AB,000003D5,FFDB0000,00010002,001C45C7,3C7001A3,28015B7D,D007F816,00000020,00000903
2308,135208200,FFBB00AD,000103D5,FFE70000,00010002,001D45BF,3C7001A4,28015B7D,D007F816,00000020,00000904
2309,13361600,FFC900AD,000103D5,FFF10000,00010001,001D45B9,3C7181C3,28015B7D,D007F816,00000020,00000905
2310,51941200,FFD000B1,000103D5,FFF70000,00010001,001D45B6,3C718198,28016F66,D007F816,00000020,00000906
2311,49402000,FFD600AE,000103D5,FFFB0000,00010001,001D45B4,3C7181CE,28016F66,D007F816,00000020,00000907
2312,49404300,FFDE00AF,000003D5,FFFE0000,00010001,001D45B4,3C7301CC,28016F66,D007F816,00000020,00000908
2313,50980900,FFE500B2,000003D5,00000000,00010001,001D45B4,3C7301A1,28016F66,D007F816,00000020,00000909
2314,50503100,FFEB00B4,000003D5,00010000,00010001,001D45B4,3C7381A9,28016F66,D007F816,00000020,0000090A
2315,50331700,FFEF00B2,000003D5,00020000,00010001,001E45B4,3C7481AE,28016F66,D007F816,00000020,0000090B
2316,50267700,FFF600B5,000003D5,00020000,00010000,001E45B5,3C760200,28016F66,D007F816,00000020,0000090C
2317,51890800,FFF800B4,000003D5,00020000,00010000,001E45B5,3C7601EB,28016F66,D007F816,00000020,0000090D
2318,52680000,FFFB00B5,000003D5,00020000,00010000,001E45B6,3C75819D,28016F66,D007F816,00000020,0000090E
2319,48901400,FFFC00B6,000003D5,00010000,00010000,001E45B6,3C778203,28016F66,D007F816,00000020,0000090F
2320,51563300,FFFF00B7,000003D5,00010000,00010000,001E45B7,3C7801F5,28016F66,D007F816,00000020,00000910
2321,48922600,000100B8,000003D5,00010000,00010000,001E45B7,3C77018F,28016F66,E007F816,00000020,00000911
2322,50834100,FFFD00B9,000003D5,00010000,00010000,001F45B7,3C7801AE,28016F66,E007F816,00000020,00000912
2323,50740600,000000B9,000003D5,00010000,00010000,001F45B8,3C78018E,28016F66,E007F816,00000020,00000913
2324,51193500,000300BA,000003D5,00000000,00010000,001F45B8,3C7901C2,28016F66,E007F816,00000020,00000914
2325,51699600,FFFC00BC,000003D5,00000000,00010000,001F45B8,3C798190,28016F66,E007F816,00000020,00000915
2326,49513800,000400BB,000003D5,00000000,00010000,001F45B8,3C7A01B9,28016F66,E007F816,00000020,00000916
2327,132545600,000000BE,000003D5,00000000,00010000,001F45B8,3C7B01BD,28016F66,E007F816,00000020,00000917
2328,14963400,000000BD,000003D5,00000000,00010000,001F45B8,3C7B81A0,28016F66,E007F816,00000020,00000918
2329,49740100,000200BE,000003D5,00000000,00010000,002045B8,3C7C81C1,28016F66,E007F816,00000020,00000919
2330,52189500,FFFD00C1,000003D5,00000000,00010000,002045B8,3C7C018C,28016F66,E007F816,00000020,0000091A
2331,50463100,000200C0,000003D5,00000000,00010000,002045B8,3C7D01A5,28016F66,E007F816,00000020,0000091B
2332,48942800,000100C0,000003D5,00000000,00010000,002045B8,3C7D0190,28016F66,E007F816,00000020,0000091C
2333,50352000,000C00C3,000003D5,00090000,00010000,002045B9,3C7E01F4,28016F66,E007F816,00000020,0000091D
2334,51300100,001300C3,000003D5,00100000,00010000,002045BD,3C7F019D,28016F66,E007F816,00000020,0000091E
2335,51307900,001800C3,000003D5,00160000,00010000,002045C3,3C7F01B6,28016F66,E007F816,00000020,0000091F
2336,51289100,002000C6,000003D5,001A0000,00010000,002145CA,3C8001A3,28016F66,E007F816,00000020,00000920
2337,51731100,001E00C8,000003D5,001D0000,00010000,FF2145D2,3C80819D,28016F66,E007F816,00000020,00000921
2338,50443000,002500C4,000003D5,001F0000,0001FFFF,FF2145DB,3C81018A,28016F66,E007F816,00000020,00000922
2339,48859600,003200C8,000003D5,00210000,0001FFFF,FF2145E4,3C818192,28016F66,E007F816,00000020,00000923
2340,51943100,002F00C8,000003D5,00210000,0001FFFF,FF2145ED,3C8301B5,2801809B,E007F816,00000020,00000924
2341,49666300,003300CA,000003D5,00220000,0001FFFF,FF2145F7,3C83019D,2801809B,E007F816,00000020,00000925
2342,52230900,003C00C9,000003D5,00210000,0001FFFF,FF224600,3C8401A3,2801809B,E007F816,00000020,00000926
2343,49499400,003B00CD,000003D5,00210000,0001FFFF,FF22460A,3C8401A4,2801809B,E007F816,00000020,00000927
2344,50167500,003D00CA,000003D5,00200000,0001FFFF,FF224613,3C8601F9,2801809B,E007F816,00000020,00000928
2345,50845300,003E00CE,000003D5,001F0000,0001FFFF,FF22461C,3C85018A,2801809B,E007F816,00000020,00000929
2346,52521200,003D00CD,000003D5,001E0000,0001FFFF,FF224625,3C858195,2BFD809B,E007F816,00000020,0000092A
2347,49466400,003600D0,000003D5,00150000,0001FFFF,FF22462C,3C8601B1,2BFD809B,E007F816,00000020,0000092B
2348,50921600,002A00CF,000003D5,000E0000,0001FFFF,FF234631,3C870181,2BFD809B,E007F816,00000020,0000092C
2349,50562700,002D00D1,000003D5,00090000,0001FFFF,FF234634,3C8881B9,2BFD809B,E007F816,00000020,0000092D
2350,49296700,002400D2,000003D5,00050000,0001FFFF,FF234636,3C88819E,2BFD809B,E007F816,00000020,0000092E
2351,51084400,002100D2,000003D5,00020000,0001FFFF,FF234637,3C8901B6,2BFD809B,E007F816,00000020,0000092F
2352,50294900,001C00D4,000003D5,00000000,0001FFFF,FF234637,3C89818C,2BFD809B,E007F816,00000020,00000930
2353,49712300,001400D4,000003D5,FFFF0000,0001FFFF,FF234637,3C8A018C,2BFD809B,E007F816,00000020,00000931
2354,50146000,002300D7,000003D5,00060000,0001FFFF,FF234638,3C8C81FA,2BFD809B,E007F816,00000020,00000932
2355,50362700,001C00D3,000003D5,000C0000,0001FFFF,FF24463B,3C8C01B6,2BFD809B,E007F816,00000020,00000933
2356,50401100,002300D8,000003D5,00110000,0001FFFF,FF24463F,3C8D81D2,2BFD809B,E007F816,00000020,00000934
2357,51612000,001500DA,000003D5,000D0000,0001FFFF,FF244644,3C8D0194,2BFD809B,E007F816,00000020,00000935
2358,50243100,000D00D8,000003D5,00090000,00010000,FF244647,3C8E81C1,2BFD809B,E007F816,00000020,00000936
2359,50193300,001400DB,000003D5,00060000,00010000,FF244649,3C8E018B,2BFD809B,E007F816,00000020,00000937
2360,50698400,001100DB,000003D5,00040000,00010000,FF25464A,3C8F01BE,2BFD809B,E007F816,00000020,00000938
2361,50957900,000F00DC,000003D5,00020000,00010000,FF25464B,3C8F8198,2BFD809B,E007F816,00000020,00000939
2362,50662800,001000DD,000003D5,00010000,00010000,FF25464C,3C9101E7,2BFD809B,E007F816,00000020,0000093A
2363,50017800,000B00DE,000003D5,00000000,00010000,FF25464C,3C9101B2,2BFD809B,E007F816,00000020,0000093B
2364,50356900,000900E0,000003D5,00000000,00010000,FF25464C,3C9201B3,2BFD809B,E007F816,00000020,0000093C
2365,51927200,000900E0,000003D5,FFFF0000,00010000,FF25464C,3C92018F,2BFD809B,E007F816,00000020,0000093D
2366,50087200,000300E1,000003D5,FFFF0000,00010000,FF26464B,3C928189,2BFD809B,E007F816,00000020,0000093E
2367,49777300,000700E2,000003D5,FFFF0000,00010000,FF26464B,3C9401AC,2BFD809B,E007F816,00000020,0000093F
2368,51246700,000400E3,000003D5,FFFF0000,00010000,FF26464B,3C940185,2BFD809B,E007F816,00000020,00000940
2369,51040400,000200E3,000003D5,FFFF0000,00010000,0026464B,3C9501D9,2BFD809B,E007F816,00000020,00000941
2370,50456200,000200DE,000003D5,FFFF0000,00010000,0026464A,3C9681EB,2BFD909A,E007F816,00000020,00000942
2371,50937200,FFFE00AC,000003D5,FFFF0000,00010000,0026464A,3C9681AC,2BFD909A,E007F816,00000020,00000943
2372,50796900,0000004A,000003D5,FFFF0001,00010000,0026464A,3C9781BB,2BFD909A,E007F816,00000020,00000944
2373,49365200,0002FFF7,000003D5,00000001,00010000,0026464A,3C9701A7,2801909A,E007F816,00000020,00000945
2374,51411800,FFFFFFC4,000003D5,00000001,00010000,0026464A,3C96819A,2801909A,E007F816,00000020,00000946
2375,50808900,FFFFFF8D,000003D5,00000001,00000000,0026464A,3C9601C7,2801909A,E007F816,00000020,00000947
2376,50381900,0000FF53,000003D5,00000001,00000000,00264649,3C958190,2801909A,E007F816,00000020,00000948
2377,50867200,0001FF8C,000003D5,00000001,00000000,00264649,3C970217,2801909A,E007F816,00000020,00000949
2378,50020400,FFFFFF6F,000003D5,00000001,00000000,00264649,3C95019A,2801909A,E007F816,00000020,0000094A
2379,51447900,0000FF1A,000003D5,00000001,FFFF0000,00264649,3C9481BF,2801909A,E007D816,00000020,0000094B
2380,50355100,0000FF13,000003D5,00000001,FFFF0000,00254649,3C9401C3,2801909A,E007D816,00000020,0000094C
2381,50561600,0001FF11,000003D5,00000000,FFFF0000,00254649,3C9301AD,2801909A,E007D816,00000020,0000094D
2382,50283800,FFFFFF11,000003D5,00000000,FFFF0000,00254649,3C9201AA,2801909A,E0FFB016,00000020,0000094E
2383,50662000,FFF5FF11,000003D5,FFF80000,FFFF0000,FF254648,3C9081C2,2801909A,E0FFB016,00000020,0000094F
2384,51732600,FFEAFF10,000003D5,FFEF0000,FFFF0000,FF254644,3C9101BE,2801909A,E0FFB016,00000020,00000950
2385,50386800,FFDEFF12,000003D5,FFE70000,FFFF0000,0025463E,3C9001AC,2801909A,E0FFB016,00000020,00000951
2386,51093900,FFDEFF11,000003D5,FFDF0000,FFFF0000,00244635,3C8E818D,2801909A,E0FFB016,00000020,00000952
2387,48734900,FFCDFF13,FFFF03D5,FFD80000,FFFF0001,0024462A,3C8E01A5,2801909A,E0FFB016,00000020,00000953
2388,49402600,FFC6FF13,FFFF03D5,FFD00000,FFFF0001,0024461E,3C8E01B6,2801909A,E0FFB016,00000020,00000954
2389,51291500,FFB4FF14,FFFF03D5,FFCA0000,FFFF0001,0024460F,3C8D01A4,2801909A,E0FFB016,00000020,00000955
2390,50506200,FFA7FF3C,FFFF03D5,FFC30000,FFFF0001,002445FE,3C8C0192,2801909A,E0FF6816,00000020,00000956
2391,50815300,FF9AFF6A,FFFF03D5,FFBD0000,FFFF0001,002445EB,3C8D01EC,2801909A,E0FF1816,00000020,00000957
2392,50273400,FF8BFF1C,FFFF03D5,FFB60000,FFFF0002,002345D7,3C8B81BF,2801909A,E0FED816,00000020,00000958
2393,50332800,FF82FF17,FFFF03D5,FFB10000,FFFF0002,002345C1,3C8A019B,2801909A,E0FEA016,00000020,00000959
2394,52504400,FF6FFF16,FFFF03D5,FFAB0000,FFFF0002,002345A9,3C8A01BA,2801909A,E0FE6816,00000020,0000095A
2395,48365900,FF64FEF9,FFFF03D5,FFA50000,FFFF0002,00234590,3C888188,2801909A,E0FE3816,00000020,0000095B
2396,51061400,FF57FE95,FFFF03D5,FFA00001,FFFF0003,00224575,3C8801B9,2801909A,E0FE1016,00000020,0000095C
2397,51593400,FF4AFE88,FFFF03D5,FF9B0001,FFFE0003,00224558,3C86819C,2801909A,E0FDE016,00000020,0000095D
2398,51564100,FF3EFE88,FFFF03D5,FF950001,FFFE0003,0022453A,3C8601D4,2801909A,E0FDB816,00000020,0000095E
2399,48867300,FF2EFE88,FFFF03D5,FF900000,FFFE0003,0022451A,3C8481D5,2801909A,E0FD9816,00000020,0000095F
2400,49988400,FF28FE88,FFFF03D5,FF8A0000,FFFE0003,002144F9,3C8381B8,28019FC8,E0FD7816,00000020,00000960
2401,51395500,FF16FE8A,FFFF03D5,FF850000,FFFE0004,002144D7,3C8301DE,28019FC8,E0FD6016,00000020,00000961
2402,50269100,FF0BFE89,FFFF03D5,FF800000,FFFE0004,002144B2,3C8101AD,28019FC8,E0FD4016,00000020,00000962
2403,52175200,FF03FE8A,FFFF03D5,FF7B0000,FFFE0004,0020448D,3C8001A0,28019FC8,E0FD2816,00000020,00000963
2404,49208000,FEF5FE8C,FFFF03D5,FF750000,FFFE0004,00204466,3C7E819E,28019FC8,E0FD1816,00000020,00000964
2405,50767000,FEEDFE8C,FFFF03D5,FF700000,FFFE0005,0020443D,3C7D8198,28019FC8,E0FD0016,00000020,00000965
2406,49441600,FEE6FE8D,FFFF03D5,FF6C0000,FFFE0005,001F4413,3C7D01D1,28019FC8,E0FCF016,00000020,00000966
2407,51752300,FED7FE8D,FFFF03D5,FF670000,FFFE0005,001F43E8,3C7B81AC,28019FC8,E0FCE016,00000020,00000967
2408,50405300,FED1FE8F,FFFF03D5,FF630000,FFFE0005,001F43BB,3C7B01E3,28019FC8,E0FCD016,00000020,00000968
2409,51582700,FECAFE8F,000003D5,FF5E0000,FFFE0005,001F438D,3C78818C,28019FC8,E0FCC016,00000020,00000969
2410,50716200,FEC1FE91,000003D5,FF5A0000,FFFE0005,001E435E,3C77819B,28019FC8,E0FCB816,00000020,0000096A
2411,51108700,FEBCFE91,000003D5,FF570000,FFFE0006,001E432E,3C768215,28019FC8,E0FCA816,00000020,0000096B
2412,49614100,FEB4FE92,000003D5,FF530000,FFFE0006,001E42FD,3C7581AF,28019FC8,D0FCA016,00000020,0000096C
2413,50779800,FEADFE93,000003D5,FF500000,FFFE0006,001D42CB,3C7581FB,28019FC8,D0FC9816,00000020,0000096D
2414,50312500,FEABFE94,000003D5,FF4D0000,FFFE0006,001D4298,3C748213,28019FC8,D0FC9016,00000020,0000096E
2415,50910600,FEA3FE94,000003D5,FF4A0000,FFFE0006,001D4264,3C7281A8,28019FC8,D0FC8816,00000020,0000096F
2416,51750000,FEA3FE95,000003D4,FF470000,FFFE0006,001D422F,3C7101B7,28019FC8,D0FC8816,00000020,00000970
2417,50560100,FE9DFE97,000003D4,FF450000,FFFE0006,001C41FA,3C6F8194,28019FC8,D0FC8016,00000020,00000971
2418,49615800,FE9DFE97,000003D4,FF430000,FFFE0006,001C41C4,3C6E0185,28019FC8,D0FC8016,00000020,00000972
2419,50841100,FE96FE98,000003D4,FF410000,FFFE0006,001C418E,3C6E01CF,28019FC8,D0FC8016,00000020,00000973
2420,49295600,FE9DFE98,000003D4,FF400000,FFFE0006,001B4157,3C6C819F,28019FC8,D0FC8016,00000020,00000974
2421,53422400,FE96FE9B,000003D4,FF3F0000,FFFE0006,001B4120,3C6B018E,28019FC8,D0FC8016,00000020,00000975
2422,51283300,FE9CFE9A,000003D4,FF3F0000,FFFE0006,001B40E8,3C698193,28019FC8,D0FC8016,00000020,00000976
2423,49205700,FE9AFE9C,000003D4,FF3F0000,FFFE0006,001B40B1,3C69018C,28019FC8,D0FC8816,00000020,00000977
2424,49779700,FE9BFE9E,000003D4,FF3F0000,FFFE0006,001A407A,3C6801AC,28019FC8,D0FC8816,00000020,00000978
2425,51214600,FEA2FE9D,000003D4,FF400000,FFFE0006,001A4042,3C668186,28019FC8,D0FC9016,00000020,00000979
2426,49980400,FEA1FECF,000003D4,FF410000,FFFE0006,001A400B,3C6601CE,28019FC8,D0FC9816,00000020,0000097A
2427,50512800,FEA0FF31,000003D4,FF420000,FFFE0006,001A3FD5,3C6581CD,28019FC8,D0FCA016,00000020,0000097B
2428,50703500,FEADFF32,000003D5,FF440000,FFFE0006,00193F9F,3C64818A,28019FC8,D0FCB016,00000020,0000097C
2429,50730500,FEB5FF34,000003D5,FF470000,FFFF0006,00193F6A,3C6501F8,28019FC8,D0FCC016,00000020,0000097D
2430,52897900,FEB7FF37,000003D5,FF4A0000,FFFF0006,00193F35,3C630184,2801AE1A,D0FCD016,00000020,0000097E
2431,49367500,FEC4FF37,000003D5,FF4E0000,FFFF0006,00193F02,3C6281A0,2801AE1A,D0FCE016,00000020,0000097F
2432,49624400,FECBFF37,000003D5,FF530000,FFFF0006,00193ED0,3C62019E,2801AE1A,D0FCF816,00000020,00000980
2433,51135000,FED4FF39,000103D5,FF570000,FFFF0006,00193E9F,3C6201F6,2801AE1A,D0FD0816,00000020,00000981
2434,50807100,FEDBFF39,000103D5,FF5C0000,FFFF0006,00183E6F,3C608191,2801AE1A,D0FD2016,00000020,00000982
2435,49363200,FEE4FF67,000103D5,FF610000,FFFF0005,00183E41,3C6101C5,2801AE1A,D0FD4016,00000020,00000983
2436,51471300,FEEEFFB1,000103D5,FF660000,FFFF0005,00183E15,3C6081AF,2801AE1A,D0FD5816,00000020,00000984
2437,49543600,FEFAFFAF,000103D5,FF6C0000,FFFF0005,00183DEA,3C6081F4,2801AE1A,D0FD7816,00000020,00000985
2438,51159200,FF02FFB2,000103D5,FF720000,FFFF0005,00183DC0,3C5F818E,2801AE1A,D0FDA016,00000020,00000986
2439,50359000,FF11FFB3,000103D5,FF780000,FFFF0005,00183D99,3C5F81BC,2801AE1A,D0FDC016,00000020,00000987
2440,51955900,FF1BFFC2,000103D5,FF7E0000,FFFF0005,00183D73,3C5F018A,2801AE1A,D0FDF016,00000020,00000988
2441,50095800,FF24FFE0,000103D5,FF840000,00000004,00183D4F,3C608219,2801AE1A,D0FE1016,00000020,00000989
2442,51022400,FF2B000B,000103D5,FF8A0000,00000004,00183D2C,3C6001FD,2801AE1A,D0FE4016,00000020,0000098A
2443,50718500,FF3A002E,000103D5,FF900000,00000004,00183D0C,3C5F81C6,2801AE1A,D0FE7016,00000020,0000098B
2444,50321400,FF440049,000103D5,FF96FFFF,00000004,00183CEC,3C6081EF,2801AE1A,D0FEA816,00000020,0000098C
2445,51064000,FF4E005E,000103D5,FF9B0000,00000004,00183CCF,3C6081EE,2801AE1A,D0FED816,00000020,0000098D
2446,49082100,FF5A006C,000103D5,FFA10000,00000003,00183CB3,3C6081BB,2801AE1A,D0FF1016,00000020,0000098E
2447,51161800,FF5E0079,000103D5,FFA60000,00000003,00183C99,3C600197,2801AE1A,D0FF5016,00000020,0000098F
2448,51373000,FF6A0080,000103D5,FFAB0000,00010003,00193C80,3C60819C,2801AE1A,D0FF8816,00000020,00000990
2449,50823300,FF710088,000103D5,FFB00000,00010003,00193C68,3C6181BC,2801AE1A,D0FFB016,00000020,00000991
2450,49408000,FF75008C,000003D5,FFB40000,00010003,00193C52,3C61818F,2801AE1A,D0FFB016,00000020,00000992
2451,50981500,FF7D0090,000003D5,FFB80000,00010003,00193C3D,3C6281D4,2801AE1A,D0FFB016,00000020,00000993
2452,148380800,FF840092,000003D5,FFBC0000,00010003,00193C29,3C620197,2801AE1A,D0FFB016,00000020,00000994
2453,15679400,FF8A0094,000003D5,FFBF0000,00010002,00193C16,3C6301AB,2801AE1A,D0FFB016,00000020,00000995
2454,49049400,FF8F0097,000003D5,FFC20000,00010002,00193C04,3C6401C6,2801AE1A,D0FFB016,00000020,00000996
2455,50834300,FF940098,000003D5,FFC40000,00010002,00193BF2,3C638192,2801AE1A,D0FFB016,00000020,00000997
2456,50555900,FF94009B,000003D5,FFC60000,00010002,00193BE2,3C64019D,2801AE1A,D0FFB016,00000020,00000998
2457,50504900,FF9E0099,000003D5,FFC70000,00010002,001A3BD1,3C648199,2801AE1A,D0FFB016,00000020,00000999
2458,49913900,FF9D009C,000003D5,FFC90000,00010002,001A3BC1,3C6501B8,2801AE1A,D0FFB016,00000020,0000099A
2459,51328100,FF9F009C,000003D5,FFC90000,00010002,001A3BB1,3C6601D6,2801AE1A,D0FFB016,00000020,0000099B
2460,50746700,FFA1009D,000003D5,FFCA0000,00010002,001A3BA2,3C67026A,2801BBEF,D0FFB016,00000020,0000099C
2461,51481500,FFA0009F,000003D5,FFCA0000,00010002,001A3B92,3C6681AB,2801BBEF,D0FFB016,00000020,0000099D
2462,48502800,FF9E00A2,000003D5,FFCA0000,00010002,001A3B83,3C67019F,2801BBEF,D0FFB016,00000020,0000099E
2463,50788300,FFA200A0,000003D5,FFC90000,00010002,001A3B73,3C6801BC,2801BBEF,D0FFB016,00000020,0000099F
2464,49868900,FFA5009F,000003D5,FFC90000,00010002,001A3B63,3C6881C9,2801BBEF,D0FFB016,00000020,000009A0
2465,155192300,FFA200A2,000003D5,FFC80000,00010002,001B3B53,3C6901CC,2801BBEF,D0FFB016,00000020,000009A1
2466,15374400,FFA100A3,000003D5,FFC70000,00010002,001B3B43,3C69019F,2801BBEF,D0FFB016,00000020,000009A2
2467,49271600,FF9D00A3,000003D5,FFC50000,00010002,001B3B32,3C6A01B2,2801BBEF,D0FFB016,00000020,000009A3
2468,52973900,FF9C00A5,000003D5,FFC40000,00010002,001B3B21,3C6A01B4,2801BBEF,D0FFB016,00000020,000009A4
2469,49298100,FF9D00A4,000003D5,FFC30000,00010002,001B3B10,3C6A819B,2801BBEF,D0FFB016,00000020,000009A5
2470,49841700,FF9700A6,000003D5,FFC10000,00010002,001B3AFE,3C6B81C8,2801BBEF,D0FFB016,00000020,000009A6
2471,49819200,FF9700A6,000003D5,FFBF0000,00010002,001B3AEC,3C6B81B2,2801BBEF,D0FFB016,00000020,000009A7
2472,50298600,FF9000A8,000003D5,FFBD0000,00010002,001B3AD9,3C6C01B3,2801BBEF,D0FFB016,00000020,000009A8
2473,50424500,FF9100A7,000003D5,FFBC0000,00010002,001C3AC5,3C6C81AB,2801BBEF,D0FFB016,00000020,000009A9
2474,50852200,FF8C00A8,000003D5,FFBA0000,00010002,001C3AB2,3C6D019A,2801BBEF,D0FFA016,00000020,000009AA
2475,139532200,FF8A00A8,000003D5,FFB80000,00010002,001C3A9D,3C6E01D6,2801BBEF,D0FF8816,00000020,000009AB
2476,18081200,FF8300AA,000003D5,FFB50000,00010002,001C3A88,3C6E01A3,2801BBEF,D0FF6816,00000020,000009AC
2477,48822300,FF8300AA,000003D5,FFB30000,00010002,001C3A72,3C6E818B,2801BBEF,D0FF5016,00000020,000009AD
2478,49095700,FF7A00AD,000003D5,FFB10000,00010002,001C3A5C,3C6F81F9,2801BBEF,D0FF3816,00000020,000009AE
2479,50844100,FF7A00AC,000003D5,FFAF0000,00010002,001C3A45,3C7001CD,2801BBEF,D0FF1816,00000020,000009AF
2480,49541200,FF7600AC,000003D5,FFAD0000,00010002,001D3A2D,3C7081B6,2801BBEF,D0FF0816,00000020,000009B0
2481,51534100,FF7200AD,000003D5,FFAB0000,00010002,001D3A15,3C708196,2801BBEF,D0FEF016,00000020,000009B1
2482,49749800,FF6B00AF,000003D5,FFA90000,00010003,001D39FD,3C7181D0,2801BBEF,D0FED816,00000020,000009B2
2483,50267800,FF6800AF,000003D5,FFA70000,00010003,001D39E3,3C718194,2801BBEF,D0FEC016,00000020,000009B3
2484,51622500,FF6300B0,000003D5,FFA50000,00010003,001D39C9,3C7201AB,2801BBEF,D0FEB016,00000020,000009B4
2485,49391000,FF6300AE,000003D5,FFA30000,00010003,001D39AF,3C72818D,2801BBEF,D0FE9816,00000020,000009B5
2486,156734900,FF5A00AE,000003D5,FFA10000,00010003,001D3994,3C7381D2,2801BBEF,D0FE8816,00000020,000009B6
2487,14645600,FF540085,000003D5,FF9F0000,00010003,001D3978,3C7381A0,2801BBEF,D0FE7816,00000020,000009B7
2488,51718400,FF540036,000003D5,FF9E0001,00010003,001D395C,3C738190,2801BBEF,D0FE6816,00000020,000009B8
2489,51904000,FF4AFFF9,000003D5,FF9D0001,00010003,001D3940,3C73818A,2801BBEF,D0FE5016,00000020,000009B9
2490,48225700,FF4AFFD1,000003D5,FF9B0001,00000003,001D3923,3C738187,2801C993,D0FE4016,00000020,000009BA
2491,51508500,FF46FFBD,000003D5,FF990001,00000003,001D3906,3C7381B0,2801C993,D0FE3016,00000020,000009BB
2492,51044600,FF41FF92,000003D5,FF980001,00000003,001D38E8,3C7401F9,2801C993,D0FE2016,00000020,000009BC
2493,49750700,FF3DFF3E,000003D5,FF960001,00000003,001D38CA,3C7301CC,2801C993,D0FE1016,00000020,000009BD
2494,50390100,FF3BFF32,000003D5,FF940001,FFFF0003,001D38AB,3C71819E,2801C993,D0FE0016,00000020,000009BE
2495,51845700,FF37FF2F,000003D5,FF920001,FFFF0004,001D388C,3C7181D0,2801C993,D0FDF016,00000020,000009BF
2496,164658600,FF31FF30,000003D5,FF900001,FFFF0004,001D386C,3C70018A,2801C993,D0FDE016,00000020,000009C0
2497,17531300,FF31FF2D,000003D5,FF8D0000,FFFF0004,001C384B,3C6F8185,2801C993,D0FDD016,00000020,000009C1
2498,47147500,FF2CFF2F,000003D5,FF8B0000,FFFF0004,001C382A,3C6F8210,2801C993,D0FDC816,00000020,000009C2
2499,50288900,FF28FF2E,000003D5,FF890000,FFFF0004,001C3808,3C6F81D5,2801C993,D0FDB816,00000020,000009C3
2500,51715400,FF25FF30,000003D5,FF870000,FFFF0004,001C37E6,3C6E01A7,2801C993,D0FDB016,00000020,000009C4
2501,49857300,FF25FF2E,000003D5,FF850000,FFFF0004,001C37C3,3C6E81EB,2801C993,D0FDA816,00000020,000009C5
2502,48554800,FF21FF2F,000003D5,FF840000,FFFF0004,001C37A0,3C6C81BE,2801C993,D0FDA016,00000020,000009C6
2503,50899600,FF1CFF32,000003D5,FF820000,FFFF0004,001B377C,3C6C018C,2801C993,D0FD9816,00000020,000009C7
2504,56622400,FF1FFF2E,000003D5,FF810000,FFFF0004,001B3757,3C6B0195,2801C993,D0FD9816,00000020,000009C8
2505,179386600,FF19FF33,000003D5,FF800000,FFFF0004,001B3733,3C6A818B,2801C993,D0FD9816,00000020,000009C9
2506,16333800,FF1AFF32,000003D5,FF7E0000,FFFF0004,001B370E,3C6A0196,2801C993,D0FD9016,00000020,000009CA
2507,51474800,FF19FF32,000003D5,FF7D0000,FFFF0004,001B36E8,3C6981B7,2801C993,D0FD8816,00000020,000009CB
2508,49053500,FF16FF33,000003D5,FF7D0000,FFFF0004,001B36C3,3C6981DB,2801C993,D0FD8816,00000020,000009CC
2509,50502800,FF19FF32,000003D5,FF7C0000,FFFF0004,001A369D,3C6881D8,2801C993,D0FD9016,00000020,000009CD
2510,51679500,FF14FF62,000003D5,FF7C0000,FFFF0004,001A3677,3C6781A1,2801C993,D0FD9016,00000020,000009CE
2511,51170500,FF16FFA8,000003D5,FF7B0000,FFFF0004,001A3651,3C6801BC,2801C993,D0FD9016,00000020,000009CF
2512,49532800,FF18FFAA,000003D5,FF7B0000,FFFF0004,001A362B,3C6701A6,2801C993,D0FD9816,00000020,000009D0
2513,50268600,FF1AFFAA,000003D5,FF7C0000,FFFF0004,001A3606,3C6701E3,2801C993,D0FDA016,00000020,000009D1
2514,162403500,FF18FFAD,000003D5,FF7C0000,FFFF0004,001A35E0,3C6681B8,2801C993,D0FDA016,00000020,000009D2
2515,16284500,FF1FFFA8,000003D5,FF7D0000,FFFF0004,001A35BA,3C6601B2,2801C993,D0FDA816,00000020,000009D3
2516,48345800,FF1CFFAE,000003D5,FF7E0000,FFFF0004,001A3595,3C6681AF,2801C993,D0FDB016,00000020,000009D4
2517,51723800,FF20FFAC,000003D5,FF7F0000,00000004,001A3570,3C67020D,2801C993,D0FDB816,00000020,000009D5
2518,50067500,FF22FFAC,000003D5,FF800000,00000004,001A354B,3C650183,2801C993,D0FDC016,00000020,000009D6
2519,53244500,FF22FFAF,000003D5,FF820000,00000004,001A3527,3C6501AB,2801C993,D0FDC816,00000020,000009D7
2520,56214600,FF28FFAB,000003D5,FF830000,00000004,001A3503,3C6581EE,2801D63A,D0FDD816,00000020,000009D8
2521,45464500,FF2AFFAD,000003D5,FF850000,00000004,001A34DF,3C648186,2801D63A,D0FDE016,00000020,000009D9
2522,49437800,FF2BFFB0,000003D5,FF860000,00000004,001934BC,3C648195,2801D63A,D0FDE816,00000020,000009DA
2523,51904900,FF2FFFBE,000003D5,FF880000,00000004,0019349A,3C6481A6,2801D63A,D0FDF816,00000020,000009DB
2524,61552500,FF31FFDD,000003D5,FF890000,00000004,00193478,3C640192,2801D63A,D0FE0016,00000020,000009DC
2525,156476000,FF350005,000003D5,FF8B0000,00000004,00193456,3C640197,2801D63A,D0FE1016,00000020,000009DD
2526,17624800,FF3A002B,000003D5,FF8C0000,00000004,00193435,3C64019A,2801D63A,D0FE2016,00000020,000009DE
2527,49390600,FF3D0049,000003D5,FF8E0000,00000004,001A3414,3C64019F,2801D63A,D0FE2816,00000020,000009DF
2528,48922100,FF3D0063,000003D5,FF8F0000,00000004,001A33F3,3C6501A4,2801D63A,D0FE4016,00000020,000009E0
2529,50485200,FF430070,000003D5,FF910000,00000004,001A33D3,3C6501CF,2801D63A,D0FE5016,00000020,000009E1
2530,49678400,FF46007C,000003D5,FF930000,00000004,001A33B4,3C658197,2801D63A,D0FE5816,00000020,000009E2
2531,50419100,FF490085,000003D5,FF940000,00010003,001A3395,3C6581A7,2801D63A,D0FE7016,00000020,000009E3
2532,52241000,FF4A008E,000003D5,FF960000,00010003,001A3376,3C66819B,2801D63A,D0FE8016,00000020,000009E4
2533,49706900,FF4F0091,000003D5,FF980000,00010003,001A3358,3C6781C9,2801D63A,D0FE8816,00000020,000009E5
2534,49980400,FF510094,000003D5,FF9A0000,00010003,001A333B,3C6781D7,2801D63A,D0FE9816,00000020,000009E6
2535,49913400,FF50009B,000003D5,FF9C0000,00010003,001A331E,3C6781B1,2801D63A,D0FEA816,00000020,000009E7
2536,50246700,FF54009C,000003D5,FF9D0000,00010003,001A3301,3C680182,2801D63A,D0FEB016,00000020,000009E8
2537,150245600,FF54009F,000003D5,FF9E0000,00010003,001B32E5,3C69020E,2801D63A,D0FEB816,00000020,000009E9
2538,15171900,FF59009D,000003D5,FFA00000,00010003,001B32CA,3C69018B,2801D63A,D0FEC016,00000020,000009EA
2539,49558800,FF5900A1,000003D5,FFA10000,00010003,001B32AE,3C698193,2801D63A,D0FEC816,00000020,000009EB
2540,50180600,FF5900A4,000003D5,FFA20000,00010003,001B3293,3C6A01A4,2801D63A,D0FED016,00000020,000009EC
2541,49288800,FF5C00A3,000003D5,FFA30000,00010003,001B3278,3C6B01B7,2801D63A,D0FED016,00000020,000009ED
2542,51688000,FF5D00A4,000003D5,FFA30000,00010003,001B325E,3C6B01BD,2801D63A,D0FED816,00000020,000009EE
2543,52224500,FF5D00A5,000003D5,FFA40000,00010003,001B3243,3C6B81A9,2801D63A,D0FED816,00000020,000009EF
2544,48970100,FF5C00A8,000003D5,FFA40000,00010003,001B3229,3C6C018C,2801D63A,D0FED816,00000020,000009F0
2545,48628500,FF5F00A6,000003D5,FFA50000,00010003,001C320F,3C6C8188,2801D63A,D0FEE016,00000020,000009F1
2546,50695600,FF5E00A8,000003D5,FFA50000,00010003,001C31F5,3C6D018A,2801D63A,D0FED816,00000020,000009F2
2547,158397100,FF5D00A9,000003D5,FFA50000,00010003,001C31DB,3C6E81FF,2801D63A,D0FED016,00000020,000009F3
2548,15244700,FF5E00A9,000003D5,FFA50000,00010003,001C31C1,3C6E01A2,2801D63A,D0FED016,00000020,000009F4
2549,50745100,FF5D00AA,000003D5,FFA40000,00010003,001C31A6,3C6E829B,2801D63A,D0FEC816,00000020,000009F5
2550,50467100,FF5C00AB,000003D5,FFA40000,00010003,001C318C,3C6F81A1,2801E0E6,D0FEC816,00000020,000009F6
2551,49667600,FF5B00AC,000003D5,FFA40000,00010003,001C3172,3C7001BA,2801E0E6,D0FEC016,00000020,000009F7
2552,50405900,FF5A00AD,000003D5,FFA30000,00010003,001D3157,3C7001BC,2801E0E6,D0FEB816,00000020,000009F8
2553,49797400,FF5A00AD,000003D5,FFA30000,00010003,001D313C,3C7081A6,2801E0E6,D0FEB016,00000020,000009F9
2554,49568400,FF5700AF,000003D5,FFA20000,00010003,001D3122,3C7181B4,2801E0E6,D0FEA816,00000020,000009FA
2555,50276700,FF5600AF,000003D5,FFA10000,00010003,001D3106,3C7281F4,2801E0E6,D0FEA016,00000020,000009FB
2556,50160100,FF5400B0,000003D5,FFA10000,00010003,001D30EB,3C7301C5,2801E0E6,D0FE9816,00000020,000009FC
2557,151897900,FF5200AD,000003D5,FFA00000,00010003,001D30D0,3C72818F,2801E0E6,D0FE9016,00000020,000009FD
2558,15355200,FF510082,000003D5,FF9F0000,00010003,001D30B4,3C7401CC,2801E0E6,D0FE8816,00000020,000009FE
2559,49770800,FF4C0038,000003D5,FF9F0001,00010003,001D3098,3C7381EE,2801E0E6,D0FE7816,00000020,000009FF
2560,49628500,FF4AFFF8,000003D5,FF9F0001,00010003,001D307D,3C730195,2801E0E6,D0FE7016,00000020,00000A00
2561,50628900,FF49FFD3,000003D5,FF9E0001,00000003,001D3061,3C73019A,2801E0E6,D0FE6016,00000020,00000A01
2562,52638500,FF47FFBE,000003D5,FF9D0001,00000003,001D3044,3C7381BC,2801E0E6,D0FE5016,00000020,00000A02
2563,50383200,FF45FFB1,000003D5,FF9C0001,00000003,001D3028,3C7301B4,2801E0E6,D0FE4816,00000020,00000A03
2564,51074100,FF42FFAC,000003D5,FF9B0001,00000003,001D300B,3C72819C,2801E0E6,D0FE4016,00000020,00000A04
2565,51512400,FF41FFA7,000003D5,FF990000,00000003,001D2FEE,3C7201AF,2801E0E6,D0FE3016,00000020,00000A05
2566,48502100,FF3FFFA4,000003D5,FF980000,00000003,001D2FD0,3C71819E,2801E0E6,D0FE2016,00000020,00000A06
2567,49161900,FF3BFFA6,000003D5,FF960000,00000003,001D2FB2,3C7201C0,2801E0E6,D0FE1816,00000020,00000A07
2568,50127500,FF3BFFA2,000003D5,FF950000,00000004,001D2F93,3C7181AF,2801E0E6,D0FE1016,00000020,00000A08
2569,155257300,FF39FF83,000003D5,FF930000,00000004,001D2F74,3C7101B0,2801E0E6,D0FE0016,00000020,00000A09
2570,16553100,FF37FF35,000003D5,FF920001,FFFF0004,001C2F55,3C7081AF,2801E0E6,D0FDF816,00000020,00000A0A
2571,50439600,FF34FF30,000003D5,FF910001,FFFF0004,001C2F35,3C7001A7,2801E0E6,D0FDF016,00000020,00000A0B
2572,49903400,FF32FF2F,000003D5,FF8F0000,FFFF0004,001C2F15,3C6F0195,2801E0E6,D0FDE816,00000020,00000A0C
2573,49997700,FF2FFF2F,000003D5,FF8E0000,FFFF0004,001C2EF4,3C6F01E0,2801E0E6,D0FDE016,00000020,00000A0D
2574,49980700,FF2DFF30,000003D5,FF8C0000,FFFF0004,001C2ED3,3C6D8182,2801E0E6,D0FDD816,00000020,00000A0E
2575,53752000,FF2DFF2E,000003D5,FF8B0000,FFFF0004,001C2EB2,3C6C81E0,2801E0E6,D0FDD016,00000020,00000A0F
2576,50111000,FF28FF5E,000003D5,FF8A0000,FFFF0004,001C2E90,3C6C0198,2801E0E6,D0FDC816,00000020,00000A10
2577,49478000,FF27FF84,000003D5,FF880000,FFFF0004,001B2E6E,3C6C01A3,2801E0E6,D0FDC816,00000020,00000A11
2578,49914500,FF27FF63,000003D5,FF870000,FFFF0004,001B2E4B,3C6B8193,2801E0E6,D0FDC816,00000020,00000A12
2579,49656400,FF26FFA5,000003D5,FF870000,FFFF0004,001B2E29,3C6B81B5,2801E0E6,D0FDC816,00000020,00000A13
2580,150635400,FF25FFA8,000003D5,FF860000,FFFF0004,001B2E06,3C6B018E,2801E9FA,D0FDC016,00000020,00000A14
2581,15084200,FF25FFA7,000003D5,FF850000,FFFF0004,001B2DE3,3C6A8186,2801E9FA,D0FDC016,00000020,00000A15
2582,49837200,FF25FFA8,000003D5,FF850000,FFFF0004,001B2DC0,3C6A0193,2801E9FA,D0FDC816,00000020,00000A16
2583,49971100,FF25FFA8,000003D5,FF850000,FFFF0004,001B2D9C,3C6A0189,2801E9FA,D0FDC816,00000020,00000A17
2584,51167100,FF26FFA7,000003D5,FF850000,FFFF0004,001B2D79,3C6A81D8,2801E9FA,D0FDC816,00000020,00000A18
2585,49831600,FF25FFA9,000003D5,FF850000,00000004,001B2D56,3C6A01B8,2801E9FA,D0FDD016,00000020,00000A19
2586,50249700,FF27FFA8,000003D5,FF860000,00000004,001B2D33,3C6A81DD,2801E9FA,D0FDD016,00000020,00000A1A
2587,51067100,FF26FFAB,000003D5,FF860000,00000004,001B2D10,3C6A01F3,2801E9FA,D0FDD816,00000020,00000A1B
2588,49834600,FF28FFA9,000003D5,FF860000,00000004,001B2CED,3C6981C2,2801E9FA,D0FDD816,00000020,00000A1C
2589,50249700,FF29FFAB,000003D5,FF870000,00000004,001B2CCA,3C6901A3,2801E9FA,D0FDE016,00000020,00000A1D
2590,50203100,FF2BFFA9,000003D5,FF880000,00000004,001A2CA8,3C6881A0,2801E9FA,D0FDE816,00000020,00000A1E
2591,52093400,FF2CFFAB,000003D5,FF880000,00000004,001A2C85,3C678182,2801E9FA,D0FDE816,00000020,00000A1F
2592,49813900,FF2DFFAA,000003D5,FF890000,00000004,001A2C63,3C690231,2801E9FA,D0FDF016,00000020,00000A20
2593,51627800,FF2FFFAB,000003D5,FF8A0000,00000004,001A2C41,3C6781D9,2801E9FA,D0FDF816,00000020,00000A21
2594,50331300,FF31FFAB,000003D5,FF8B0000,00000004,001A2C20,3C6801C4,2801E9FA,D0FE0016,00000020,00000A22
2595,50605900,FF33FFAD,000003D5,FF8C0000,00000004,001A2BFE,3C668189,2801E9FA,D0FE0016,00000020,00000A23
2596,49472600,FF33FFBE,000003D5,FF8C0000,00000004,001A2BDD,3C6701A3,2801E9FA,D0FE0816,00000020,00000A24
2597,50962500,FF37FFD9,000003D5,FF8D0000,00000004,001A2BBC,3C668181,2801E9FA,D0FE1016,00000020,00000A25
2598,51610700,FF380004,000003D5,FF8E0000,00000004,001A2B9C,3C6701B5,2801E9FA,D0FE1816,00000020,00000A26
2599,51217600,FF3B002B,000003D5,FF8F0000,00000004,001A2B7B,3C6681A4,2801E9FA,D0FE2016,00000020,00000A27
2600,50743400,FF3D004B,000003D5,FF90FFFF,00000004,001A2B5B,3C67018F,2801E9FA,D0FE3016,00000020,00000A28
2601,50684500,FF400061,000003D5,FF910000,00000004,001A2B3B,3C6781AE,2801E9FA,D0FE4016,00000020,00000A29
2602,50879700,FF420073,000003D5,FF920000,00000004,001A2B1B,3C6801B0,2801E9FA,D0FE4816,00000020,00000A2A
2603,51924100,FF44007F,000003D5,FF930000,00000004,001A2AFC,3C6781EB,2801E9FA,D0FE5016,00000020,00000A2B
2604,50050700,FF460088,000003D5,FF940000,00010003,001B2ADD,3C6901B1,2801E9FA,D0FE6016,00000020,00000A2C
2605,50931200,FF470091,000003D5,FF950000,00010003,001B2ABE,3C6901A0,2801E9FA,D0FE6816,00000020,00000A2D
2606,51679500,FF490094,000003D5,FF970000,00010003,001B2AA0,3C6901A6,2801E9FA,D0FE7016,00000020,00000A2E
2607,50668800,FF4A009B,000003D5,FF980000,00010003,001B2A82,3C6A01A5,2801E9FA,D0FE8016,00000020,00000A2F
2608,51227300,FF4C009C,000003D5,FF990000,00010003,001B2A64,3C6A0184,2801E9FA,D0FE8816,00000020,00000A30
2609,50933200,FF4D009F,000003D5,FF9A0000,00010003,001B2A47,3C6B0213,2801E9FA,D0FE9016,00000020,00000A31
2610,50627400,FF4E00A2,000003D5,FF9B0000,00010003,001B2A2A,3C6B01A6,2801F048,D0FE9816,00000020,00000A32
2611,51635700,FF5000A2,000003D5,FF9D0000,00010003,001B2A0D,3C6C01F9,2801F048,D0FEA016,00000020,00000A33
2612,52492200,FF5000A4,000003D5,FF9D0000,00010003,001B29F1,3C6C01E1,2801F048,D0FEA016,00000020,00000A34
2613,51396400,FF5100A7,000003D5,FF9E0000,00010003,001C29D5,3C6C01C6,2801F048,D0FEA016,00000020,00000A35
2614,50710800,FF5200A6,000003D5,FF9F0000,00010003,001C29B9,3C6C8183,2801F048,D0FEA816,00000020,00000A36
2615,50016700,FF5200A9,000003D5,FF9F0000,00010003,001C299D,3C6E01A3,2801F048,D0FEA816,00000020,00000A37
2616,49555300,FF5200A9,000003D5,FF9F0000,00010003,001C2982,3C6E018C,2801F048,D0FEA816,00000020,00000A38
2617,51762400,FF5300AA,000003D5,FFA00000,00010003,001C2966,3C6E819E,2801F048,D0FEA816,00000020,00000A39
2618,48716300,FF5300AB,000003D5,FFA00000,00010003,001C294A,3C6F81AF,2801F048,D0FEA816,00000020,00000A3A
2619,50318400,FF5200AB,000003D5,FFA00000,00010003,001C292F,3C7001AC,2801F048,D0FEA016,00000020,00000A3B
2620,50801100,FF5200AD,000003D5,FFA00000,00010003,001D2913,3C70018F,2801F048,D0FEA016,00000020,00000A3C
2621,50476000,FF5200AC,000003D5,FFA00000,00010003,001D28F8,3C7081A9,2801F048,D0FE9816,00000020,00000A3D
2622,168660200,FF5000B0,000003D5,FF9F0000,00010003,001D28DC,3C7181A4,2801F048,D0FE9816,00000020,00000A3E
2623,20406900,FF5000AF,000003D5,FF9F0000,00010003,001D28C0,3C7181A5,2801F048,D0FE9016,00000020,00000A3F
2624,49460800,FF4F00AA,000003D5,FF9F0000,00010003,001D28A4,3C7201C6,2801F048,D0FE8816,00000020,00000A40
2625,50478300,FF4D0083,000003D5,FF9F0000,00010003,001D2889,3C7301AF,2801F048,D0FE8016,00000020,00000A41
2626,49549700,FF4B0036,000003D5,FF9F0001,00010003,001D286D,3C728196,2801F048,D0FE8016,00000020,00000A42
2627,51244800,FF49FFF8,000003D5,FF9F0001,00010003,001D2851,3C728197,2801F048,D0FE7816,00000020,00000A43
2628,65385300,FF48FFD4,000003D5,FF9E0001,00000003,001D2835,3C7381E7,2801F048,D0FE6816,00000020,00000A44
2629,183651000,FF46FFBE,000003D5,FF9E0001,00000003,001D2819,3C7281A5,2801F048,D0FE6016,00000020,00000A45
2630,14744900,FF45FFB1,000003D5,FF9D0001,00000003,001D27FD,3C7281B2,2801F048,D0FE5816,00000020,00000A46
2631,52778000,FF43FFAD,000003D5,FF9C0001,00000003,001D27E0,3C718189,2801F048,D0FE4816,00000020,00000A47
2632,51321300,FF42FFA6,000003D5,FF9A0000,00000003,001D27C3,3C71818C,2801F048,D0FE3816,00000020,00000A48
2633,49404600,FF40FFA6,000003D5,FF990000,00000003,001D27A6,3C710190,2801F048,D0FE3016,00000020,00000A49
2634,49805300,FF3FFFA5,000003D5,FF980000,00000003,001D2788,3C7201D3,2801F048,D0FE2816,00000020,00000A4A
2635,61903400,FF3DFFA3,000003D5,FF960000,00000003,001D276A,3C708190,2801F048,D0FE2016,00000020,00000A4B
2636,176687100,FF3BFFA2,000003D5,FF950000,00000004,001D274B,3C70018C,2801F048,D0FE1816,00000020,00000A4C
2637,15021500,FF39FFA5,000003D5,FF940000,00000004,001C272C,3C70819F,2801F048,D0FE1016,00000020,00000A4D
2638,51113600,FF37FFA4,000003D5,FF920000,00000004,001C270D,3C6F8187,2801F048,D0FE0816,00000020,00000A4E
2639,51151500,FF36FFA4,000003D5,FF910000,00000004,001C26EE,3C6F8189,2801F048,D0FE0016,00000020,00000A4F
2640,51130800,FF34FFA4,000003D5,FF900000,00000004,001C26CE,3C6F81AE,2801F62C,D0FDF816,00000020,00000A50
