sample_seq,host_gap_ns,reg0,reg1,reg2,reg3,reg4,reg5,reg6,reg7,reg8,reg9
1,0,00030000,000203D7,00010004,00000000,0000462B,3E004E20,2BFCE4B9,4007F8DD,003C0001,00000001
2,77845300,060EF9F2,0004F9F2,FFFF0003,00000000,0000462B,3C004E20,2BF8E49F,4007F8DD,00780001,00000002
3,134419500,00020003,00040000,FFFD0000,00000000,0000462B,3A004E20,2BF4E482,4007F8DD,00B40001,00000003
4,22436400,00010003,0004FFFF,FFFCFFFE,00000000,0000462B,3A004E20,2BF0E465,4007F8DC,00F00001,00000004
5,46940900,FFFF0036,000105DB,FFFCFFF9,00020000,00FF462B,3A004E20,2BF8E44E,5007F8DB,00340EC1,00000005
6,50300800,FFFB0040,FFFF060E,001BFFFA,00020000,0000462C,3C004E20,2BFCE440,4007F8DB,002C0241,00000006
7,123585800,FFFE016E,FFFE060E,FFFCFFFC,00030000,0000462D,3E004E20,2BFCE43D,4007F8DC,00C40861,00000007
8,50637900,0001016B,FFFD05EE,FFFAFFFF,00040000,0000462D,3E004E20,2800E447,4007F8DC,00140CA1,00000008
9,51978400,00020199,FFFD04E1,00110001,00040000,0001462C,3C004E20,2800E45A,4007F8DD,003C00E1,00000009
10,51464700,FFFE0182,FFFF0439,FFFF0002,00040000,0001462D,3A004E20,2800E475,4007F8DD,00440721,0000000A
11,48443300,0003019C,000103D9,00090001,00040000,0001462D,3A004E20,2800E494,4007F8DC,00400B21,0000000B
12,52665100,FFFF01BF,000203AA,0005FFFE,00050000,0002462E,3A004E20,2800E4B0,4007F8DB,003401A1,0000000C
13,49253100,00040174,00030399,FFF8FFFD,00050000,0002462E,3C004E20,2800E4C7,4007F8DB,00280561,0000000D
14,50507300,FFFC0198,00030398,0008FFFC,00050000,0002462E,3E004E20,2800E4D4,4007F8DB,001C0B61,0000000E
15,52287100,00000178,0001039F,FFF8FFFD,00050000,0002462D,3E004E20,2800E4D6,5007F8DC,00140F61,0000000F
16,52007300,FFFD019C,FFFF03A9,FFFF0000,00050000,0003462C,3E004E20,2800E4CD,5007F8DD,000C0521,00000010
17,49922300,FFFD0178,FFFD03B4,FFF30003,00050000,0003462B,3C004E20,2800E4BB,5007F8DD,00040921,00000011
18,53520700,FFFC0192,FFFC03BE,FFFF0004,00050000,0003462A,3A004E20,2800E4A2,5007F8DD,00040EE1,00000012
19,49163600,0001017C,FFFC03C6,FFF70005,00050000,00044629,3A004E20,2800E488,5007F8DC,000002E1,00000013
20,48861300,FFFF0193,FFFD03CD,00020003,00040000,00044628,3C004E20,2800E471,5007F8DB,000008A0,00000014
21,99117600,00040184,FFFF03D2,FFFD0000,00040000,00044628,3E004E20,2800E462,5007F8DB,00000D20,00000015
22,17710000,00010198,000103D6,0005FFFE,00040000,00054628,3E004E20,2800E45C,5007F8DC,00000260,00000016
23,116246700,00020185,000303D8,0004FFFE,00040000,00054628,3C004E20,2800E462,5007F8DD,00000720,00000017
24,17021800,FFFF018C,000303D9,0004FFFF,00040000,00054628,3A004E20,2800E472,6007F8DD,00000C20,00000018
25,78130000,FFFE0184,000303D8,00030001,00040000,00064628,3A004E20,2800E48A,6007F8DD,000000E0,00000019
26,21082500,FFFE018F,000103D7,00020003,00040000,00064628,3A004E20,2800E4A6,6007F8DC,000005E0,0000001A
27,116043700,FFFF0195,FFFF03D5,00000004,00030000,00064628,3C004E20,2800E4C2,6007F8DB,00000AE0,0000001B
28,46647900,00010198,FFFE03D4,FFFE0003,00030000,00074628,3E004E20,2800E4D9,6007F8DB,00000020,0000001C
29,58772100,000201A1,FFFD03D3,FFFD0001,00030000,00074628,3E004E20,2800E4E7,6007F8DB,00000560,0000001D
30,156876700,000301B7,FFFE03D3,FFFCFFFE,00030000,00074628,3C004E20,280129BF,6007F8DC,00000AE0,0000001E
31,17296000,000301C1,FFFF03D9,FFFCFFFC,00030000,00084628,3A004E20,280129B3,6007F8DD,000000A0,0000001F
32,50406100,000101A4,000203D4,FFFDFFFD,00030000,00084628,3A004E20,28012999,7007F8DD,00000520,00000020
33,51836700,00000078,000403D3,FFFFFFFF,00020000,00084628,3C004E20,28012976,7007F8DC,000005A0,00000021
34,47551000,FFFD011F,000403D3,00000000,00020000,00084628,3E004E20,2801294E,7007F8DB,00000B20,00000022
35,52398400,FFFD018E,000403D5,00020002,00020000,00084628,3E004E20,28012928,7007F8DB,00000FA0,00000023
36,47424500,FFFD02C4,000303D5,00020001,00020000,00094628,3E004E20,28012909,B007F8DB,00000B60,00000024
37,49810800,FFFF02E2,000003D5,00020001,00030000,000A4628,3C004E20,280128F6,9007F8DC,000002A0,00000025
38,116039500,0000029F,FFFE03D5,0002FFFF,00030000,000A4628,3A004E20,280128F3,9007F8DD,00000B60,00000026
39,15998100,00020232,FFFD03D4,0000FFFE,00030000,000B4628,3A004E20,280128FE,9007F8DD,00000120,00000027
40,48026900,0002022D,FFFC03D2,FFFEFFFD,00030000,000B4628,3A004E20,28012915,9007F8DD,000008E0,00000028
41,50157900,000101E8,FFFD03D2,FFFDFFFE,00030000,000B4628,3C004E20,28012935,9007F8DC,00000E20,00000029
42,52424200,000001FD,FFFF03D2,FFFC0000,00030000,000C4628,3E004E20,28012957,9007F8DB,00000560,0000002A
43,47996900,FFFE01D3,000103D3,FFFC0003,00030000,000C4628,3C004E20,28012976,9007F8DB,00000A60,0000002B
44,51133600,FFFD01EA,000203D4,FFFD0004,00030000,000D4628,3C004E20,2801298C,9007F8DC,00000120,0000002C
45,51847800,FFFD01D0,000303D6,FFFF0005,00030000,000D4628,3A004E20,28012996,9007F8DD,00000620,0000002D
46,49936000,FFFE01E7,000203D7,00010002,00030000,000D4628,3A004E20,28012991,9007F8DD,00000CE0,0000002E
47,49837600,000001D0,000003D8,00020000,00030000,000E4628,3C004E20,2801297E,9007F8DD,00000220,0000002F
48,51477200,000201EB,FFFE03D7,0004FFFD,00030000,000E4628,3E004E20,28012960,9007F8DC,000008E0,00000030
49,50999100,000301D8,FFFC03D7,0004FFFD,00030000,000E4628,3E004E20,2801293D,9007F8DB,00000E20,00000031
50,51838500,000301F2,FFFC03D5,0004FFFD,00030000,000F4628,3E004E20,2801291A,A007F8DB,00000520,00000032
51,49971300,000201E3,FFFC03D4,00030000,00030000,000F4628,3C004E20,2BFD28FC,A007F8DB,00FC0AA0,00000033
52,49529500,00000201,FFFE03D3,00010002,00030000,00104628,3A004E20,2BFD28EA,A007F8DC,00FC01A0,00000034
53,51205300,FFFF01F7,000003D3,FFFF0003,00030000,00104628,3A004E20,2BFD28E6,A007F8DD,00FC0760,00000035
54,48999600,FFFE0214,000203D3,FFFE0002,00030000,00104628,3C004E20,2BFD28F2,A007F8DD,00FC0EA0,00000036
55,49549700,FFFE01FF,000403D4,FFFD0000,00030000,00114628,3E004E20,2BFD290B,A007F8DC,00FC04A0,00000037
56,50761600,FFFF0217,000403D6,FFFDFFFD,00030000,00114628,3E004E20,2BFD292F,A007F0DC,00FC0BA0,00000038
57,50255200,0001020B,000303D7,FFFEFFFC,00030000,00124628,3E004E20,2BFD2957,A00748DB,00FC01E0,00000039
58,50589900,00020216,000103D8,0000FFFC,00030000,00124628,3C004E20,2BFD297E,A00748DB,00FC08A0,0000003A
59,50511500,0003020F,FFFF03D8,0002FFFE,00030000,00124628,3A004E20,2BFD299D,A00748DC,00FC0F20,0000003B
60,50698100,0002020F,FFFE03D7,00030000,00030000,00134628,3A004E20,2BFD3BF8,A00708DD,00FC05E0,0000003C
61,51404800,0000020F,FFFD03D6,00040003,00030000,00134628,3C004E20,2BFD3BFD,A00708DD,00FC0C60,0000003D
62,50864900,FFFE020F,FFFE03D4,00030004,00030000,00144628,3E004E20,2BFD3BF2,A00698DD,00FC02E0,0000003E
63,51935200,FFFD0212,000003D3,00020003,00030000,00144628,3E004E20,2BFD3BD9,A00698DC,00FC09A0,0000003F
64,50658000,FFFC0217,000203D2,00010001,00030000,00154628,3C004E20,2BFD3BB7,A00678DB,00FC0060,00000040
65,48764700,FFFE021A,000403D2,FFFFFFFE,00030000,00154628,3A004E20,2BFD3B91,A00678DB,00FC0720,00000041
66,51065700,FFFF021E,000403D2,FFFDFFFD,00030000,00154628,3A004E20,2BFD3B6F,A00678DB,00FC0DE0,00000042
67,50099700,00010223,000303D3,FFFCFFFE,00030000,00164628,3A004E20,2BFD3B55,A00620DC,00FC04A0,00000043
68,50777800,0002021E,000103D5,FFFC0000,00030000,00164628,3C004E20,2BFD3B49,B00610DD,00FC0B60,00000044
69,49744700,00020222,FFFF03D6,FFFC0002,00030000,00174628,3E004E20,2BFD3B4C,B00610DD,00FC0220,00000045
70,50419700,0001021E,FFFD03D7,FFFE0004,00030000,00174628,3E004E20,2BFD3B5E,B00610DC,00FC08E0,00000046
71,58365700,0000021A,FFFC03D7,FFFF0004,00030000,00174628,3E004E20,2BFD3B7B,B005C0DB,00FC0FA0,00000047
72,44679000,FFFE0255,FFFC03D6,00010002,00030000,00184628,3C004E20,2BFD3B9F,F005C0DB,00FC07A0,00000048
73,49308400,FFFD0258,FFFE03D5,0002FFFF,00030000,00184628,3A004E20,2BFD3BC4,E0FDC0DB,07FC0EA0,00000049
74,50615600,FFEE0208,FFFF03D4,FFF7FFFD,00030000,FF194626,3A004E20,2BFD3BE3,E0FDC0DC,07FFF4E0,0000004A
75,50075100,FFE201D8,000103D3,FFECFFFC,00030000,FF194620,3C004E20,2BFD3BF6,E0FD88DD,07FFEAA0,0000004B
76,49650900,FFDC01AC,000203D2,FFE0FFFE,00030000,FF194618,3E004E20,2BFD3BFA,E0FD88DD,06FFEFA0,0000004C
77,50301700,FFD40147,000203D2,FFD50000,00030001,FF1A460D,3E004E20,2BFD3BEF,E0FD88DD,06FFE2E0,0000004D
78,50301800,FFC900A3,000103D3,FFCA0003,00020001,FF1A45FE,3C004E20,2BFD3BD5,E0FD88DC,06FFF420,0000004E
79,49950600,FFBB0020,FFFF03D5,FFC00005,00020001,FF1A45EE,3A004E20,2BFD3BAF,E0FD60DB,06FFF3E0,0000004F
80,50805300,FFADFFB1,FFFD03D6,FFB80004,00010001,001A45DB,3A004E20,28013B85,E0FD60DB,05000220,00000050
81,50220600,FF9FFF38,FFFC03D8,FFB10003,00010001,001945C6,3A004E20,28013B5B,E0FD60DC,05001FA0,00000051
82,53390900,FF91FF42,FFFC03D8,FFACFFFF,00000002,001945AF,3C004E20,28013B39,E0FD38DD,05001DA0,00000052
83,47885000,FF84FF59,FFFD03D8,FFA7FFFE,00000002,00194596,3E004E20,28013B24,E0FD38DD,05002B20,00000053
84,51191700,FF79FF08,FFFF03D7,FFA2FFFD,FFFF0002,0019457C,3E004E20,28013B1F,E0FD38DD,050037E0,00000054
85,50293800,FF6DFF29,000103D6,FF9CFFFF,FFFF0002,0019455F,3C004E20,28013B29,E0FD38DC,040035A0,00000055
86,52756400,FF63FF70,000303D4,FF960001,FFFF0002,00194540,3A004E20,28013B42,E0FD38DB,040033E0,00000056
87,50505900,FF59FF6B,000403D3,FF8F0003,FFFF0003,0019451F,3A004E20,28013B65,E0FD38DB,040041E0,00000057
88,49276700,FF4DFF6D,000303D3,FF870004,FFFF0003,001944FC,3C004E20,28013B8B,E0FD38DB,04004020,00000058
89,50092100,FF41FF71,000103D3,FF7E0003,FFFF0003,001844D7,3E004E20,28013BB0,E0FD38DC,04004E20,00000059
90,51724200,FF35FF6F,FFFF03D4,FF760001,FFFF0003,001844B0,3E004E20,28014DEB,E0FD38DD,03004C60,0000005A
91,49965800,FF2AFF6C,FFFE03D5,FF6EFFFF,FFFF0003,00184487,3E004E20,28014DFB,E0FD38DD,03005A60,0000005B
92,54431000,FF1FFF6B,FFFD03D6,FF66FFFD,FFFF0004,0018445D,3C004E20,28014DFA,E0FD18DC,030058A0,0000005C
93,48025900,FF16FF6F,FFFD03D7,FF60FFFE,FFFF0004,00184430,3A004E20,28014DEA,E0FD00DB,030056E0,0000005D
94,53051600,FF0EFF6A,FFFE03D8,FF5BFFFF,FFFF0004,00184402,3A004E20,28014DCD,E0FCF0DB,030054E0,0000005E
95,52347800,FF0AFF52,000003D7,FF570002,FFFF0004,001843D3,3A004E20,28014DA8,E0FCE0DB,03005220,0000005F
96,52060800,FF05FF05,000203D6,FF540004,FFFF0004,001743A2,3C004E20,28014D82,E0FCD0DC,02006EE0,00000060
97,48315200,FEFDFEFE,000303D5,FF510004,FFFF0004,00174370,3E004E20,28014D61,E0FCC0DD,02006BA0,00000061
98,47606300,FEF6FF07,000303D3,FF4E0002,FFFF0005,0017433C,3E004E20,28014D4C,E0FCB0DD,02006860,00000062
99,50959200,FEEDFF02,000103D2,FF4AFFFF,FFFF0005,00174308,3C004E20,28014D47,E0FCA0DD,02005520,00000063
100,51148800,FEE7FF06,FFFF03D1,FF46FFFD,FFFF0005,001742D2,3A004E20,28014D52,E0FC98DC,020051E0,00000064
101,118528700,FEE2FF01,FFFD03D2,FF41FFFC,FFFF0005,0016429B,3A004E20,28014D6C,E0FC98DB,02005EA0,00000065
102,10670600,FEDEFF02,FFFC03D3,FF3DFFFD,FFFF0005,00164264,3A004E20,28014D93,E0FC88DB,02005B60,00000066
103,52892100,FEDAFEFE,FFFB03D4,FF38FFFF,FFFF0005,0016422C,3C004E20,28014DBF,E0FC80DC,02004860,00000067
104,49234700,FEDBFF05,FFFC03D5,FF340001,FFFF0005,001641F3,3E004E20,28014DEB,E0FC80DC,02004520,00000068
105,54969500,FEDBFF04,FFFE03D7,FF320003,FFFF0005,001641B9,3E004E20,28014E0F,E0FC78DD,020031E0,00000069
106,46561600,FED9FF31,000003D7,FF300002,FFFF0005,0015417F,3C004E20,28014E25,E0FC78DD,02003FE0,0000006A
107,53991600,FEDAFF7B,000203D6,FF310001,FFFF0005,00154144,3A004E20,28014E2B,E0FC80DC,02002E20,0000006B
108,50666400,FED9FF7D,000303D6,FF31FFFE,FFFF0005,0015410A,3A004E20,28014E20,E0FC78DB,02002C60,0000006C
109,123323100,FED8FF7E,000303D4,FF33FFFD,FFFF0005,001540CF,3C004E20,28014E06,E0FC78DB,02001AA0,0000006D
110,18363600,FED9FF7F,000103D3,FF34FFFD,FFFF0005,00154094,3E004E20,28014DE0,E0FC80DB,020018E0,0000006E
111,49700500,FEDAFF7E,FFFF03D2,FF36FFFE,FFFF0005,00154059,3E004E20,28014DB6,E0FC88DC,02001760,0000006F
112,46895800,FEDDFF7E,FFFE03D2,FF380001,FFFF0005,0015401E,3E004E20,28014D8E,E0FC90DC,020015A0,00000070
113,48028200,FEE1FF7F,FFFD03D3,FF390004,FFFF0005,00153FE4,3C004E20,28014D6F,D0FC90DD,02000420,00000071
114,49230000,FEE4FF7C,FFFD03D4,FF390005,FFFF0005,00153FAB,3A004E20,28014D5D,D0FC98DD,02000260,00000072
115,52963300,FEEAFF82,FFFF03D6,FF390004,FFFF0005,00153F71,3A004E20,28014D5B,D0FC98DC,020000A0,00000073
116,48082500,FEEEFF7E,000103D7,FF390002,FFFF0005,00143F39,3C004E20,28014D6A,D0FCA8DB,02000F20,00000074
117,50903000,FEF4FF86,000303D8,FF3CFFFF,FFFF0005,00143F01,3C004E20,28014D85,D0FCB0DB,02000DA0,00000075
118,49516500,FEF6FF8B,000503D8,FF3EFFFD,FFFF0005,FF143ECA,3E004E20,28014DA9,D0FCB8DC,0203FBE0,00000076
119,50856900,FEF5FF9D,000503D7,FF41FFFD,FFFF0005,FF143E94,3C004E20,28014DCF,D0FCC0DD,0203FAE0,00000077
120,50876000,FEFBFFD2,000303D6,FF44FFFE,FFFF0005,FF143E5E,3A004E20,28016073,D0FCC8DD,0303FAA0,00000078
121,50141000,FEFF0013,000103D5,FF4A0000,00000005,FF143E29,3A004E20,2801608A,D0FCD0DD,0303EB20,00000079
122,50269100,FF070056,FFFF03D3,FF4A0002,00000005,FF143DF4,3A004E20,28016091,D0FCE0DD,0303FC60,0000007A
123,50320800,FF0E008D,FFFD03D2,FF520002,00000005,FF143DC0,3C004E20,28016087,D0FCF0DC,0303FE60,0000007B
124,52967100,FF1400B0,FFFD03D2,FF4F0001,00000005,FF153D8D,3E004E20,2801606D,D0FCF8DB,0303F0A0,0000007C
125,46730800,FF1800D4,FFFD03D3,FF55FFFE,00010004,FF153D5A,3E004E20,28016045,D0FD00DB,0303F360,0000007D
126,51219400,FF1C00E8,FFFF03D4,FF52FFFC,00010004,00153D28,3E004E20,28016018,D0FD10DC,03000660,0000007E
127,51314000,FF1D00FD,000103D6,FF55FFFB,00010004,00153CF6,3C004E20,28015FEB,E0FD28DD,030009A0,0000007F
128,50624900,FF1E010D,000203D7,FF54FFFC,00010004,00153CC5,3A004E20,28015FC5,E0FD28DD,03001CE0,00000080
129,50927800,FF1A0116,000303D7,FF54FFFE,00010004,00163C95,3A004E20,28015FAD,E0FD30DC,03001060,00000081
130,49365000,FF1B0121,000203D7,FF550001,00010004,00163C65,3C004E20,28015FA7,E0FD38DB,03002420,00000082
131,55296100,FF1C0128,000103D6,FF570003,00020004,00163C35,3E004E20,28015FB2,E0FD38DB,030037A0,00000083
132,48235300,FF1E012E,FFFE03D5,FF5A0003,00020004,00163C06,3E004E20,28015FCF,E0FD38DB,03003B60,00000084
133,49565800,FF1E0130,FFFD03D3,FF5C0002,00020004,00163BD7,3C004E20,28015FF7,E0FD38DB,03004F60,00000085
134,49795700,FF1F0134,FFFC03D2,FF5EFFFF,00020004,00173BA9,3A004E20,28016024,E0FD38DC,04004320,00000086
135,49484500,FF1E0137,FFFC03D1,FF61FFFE,00020004,00173B7A,3A004E20,28016050,E0FD38DD,04005720,00000087
136,50195000,FF1C0134,FFFD03D2,FF61FFFD,00020004,00173B4C,3A004E20,28016073,E0FD38DD,03005AA0,00000088
137,54193100,FF1900F5,FFFF03D3,FF62FFFF,00020004,00173B1E,3C004E20,28016089,E0FD38DC,03006D20,00000089
138,48863400,FF100070,000203D4,FF630002,00020004,00173AF0,3E004E20,2801608D,E0FD38DB,03006DE0,0000008A
139,48649500,FF0D0008,000303D6,FF630005,00010004,00173AC3,3E004E20,28016080,E0FD38DB,03006DA0,0000008B
140,49686600,FF0BFFCB,000403D7,FF610006,00010004,00173A96,3C004E20,28016064,E0FD30DC,03006CA0,0000008C
141,50401000,FF0AFFA7,000303D7,FF5F0005,00000004,00173A69,3A004E20,2801603F,E0FD20DC,03006B60,0000008D
142,51397900,FF0CFF95,000103D7,FF5D0002,00000004,00173A3B,3A004E20,28016017,E0FD18DD,030069E0,0000008E
143,52486300,FF0AFF84,FFFF03D6,FF5CFFFF,00000004,00173A0D,3A004E20,28015FF4,E0FD18DD,03006820,0000008F
144,48769000,FF0AFF7B,FFFE03D5,FF5BFFFD,00000004,001739DF,3C004E20,28015FDB,E0FD10DD,03005660,00000090
145,49416600,FF0AFF7A,FFFD03D4,FF5BFFFD,00000004,001739B1,3E004E20,28015FD2,E0FD00DC,030054A0,00000091
146,52876900,FF06FF76,FFFE03D3,FF5AFFFE,FFFF0005,00173981,3E004E20,28015FDA,E0FCF8DB,030052E0,00000092
147,47199500,FF04FF78,000003D2,FF5A0001,FFFF0005,00173951,3E004E20,28015FF2,E0FCF0DB,03004120,00000093
148,52205600,FF00FF77,000203D3,FF5A0002,FFFF0005,00163921,3A004E20,28016018,E0FCF0DC,03004F60,00000094
149,50063400,FEFEFF79,000403D4,FF590003,FFFF0005,001638F0,3A004E20,28016044,E0FCE8DD,03004DA0,00000095
150,51926500,FEFBFF79,000403D5,FF570002,FFFF0005,001638BE,3A004E20,280171AA,E0FCE0DD,03004BE0,00000096
151,49806000,FEFFFF7E,000403D7,FF54FFFF,FFFF0005,0016388D,3C004E20,280171D1,E0FCD8DD,03003A20,00000097
152,55764600,FEFEFF7C,000203D8,FF50FFFD,FFFF0005,0016385A,3E004E20,280171E9,E0FCD8DC,030038A0,00000098
153,45196500,FF00FF7C,000003D8,FF4EFFFC,FFFF0005,00163827,3E004E20,280171F0,E0FCD8DB,030036E0,00000099
154,50030900,FEFFFF78,FFFD03D8,FF4CFFFD,FFFF0005,001637F5,3C004E20,280171E4,E0FCD8DB,03003520,0000009A
155,49574000,FF01FF7B,FFFC03D6,FF4BFFFF,FFFF0005,001637C1,3A004E20,280171C6,E0FCD0DB,03002360,0000009B
156,50340700,FEFDFF79,FFFC03D5,FF4A0002,FFFF0005,0016378E,3A004E20,2801719B,E0FCD0DC,030021A0,0000009C
157,50246200,FEFBFF7A,FFFD03D3,FF4B0004,FFFF0005,0015375B,3A004E20,2801716B,E0FCD0DD,03002FE0,0000009D
158,49291200,FEFAFF7A,FFFF03D2,FF4C0004,FFFF0005,00153727,3C004E20,2801713B,E0FCD0DD,03002E60,0000009E
159,53318900,FEFCFF7F,000103D2,FF4E0003,FFFF0005,001536F3,3E004E20,28017114,E0FCD8DC,03002CA0,0000009F
160,49316500,FEFDFF7F,000303D2,FF500000,FFFF0005,001536C0,3E004E20,280170FC,E0FCD0DC,03001AE0,000000A0
161,74099500,FEFFFF81,000303D3,FF50FFFE,FFFF0005,0015368D,3C004E20,280170F6,E0FCD0DB,03001960,000000A1
162,48846400,FF02FF81,000203D5,FF50FFFD,FFFF0005,00153659,3A004E20,28017102,E0FCD8DB,030017A0,000000A2
163,49346600,FF05FF85,000003D6,FF50FFFE,FFFF0005,00153626,3A004E20,2801711E,E0FCD8DC,03000620,000000A3
164,39850100,FF06FF99,FFFE03D7,FF500001,FFFF0005,001535F3,3C004E20,28017145,E0FCE8DD,030004E0,000000A4
165,105531100,FF0AFFCB,FFFD03D7,FF4E0003,FFFF0005,001535C0,3E004E20,2801716F,D0FCE8DD,030004A0,000000A5
166,17230400,FF09000C,FFFC03D6,FF4C0003,00000005,0015358E,3E004E20,28017195,D0FCE8DD,03000520,000000A6
167,51602800,FF080053,FFFD03D5,FF4B0002,00000005,0015355B,3E004E20,280171B1,D0FCF0DC,03000660,000000A7
168,48093800,FF0E008F,FFFF03D4,FF4B0000,00000005,00153529,3C004E20,280171BD,E0FCF8DB,03000860,000000A8
169,50671400,FF0F00B8,000103D2,FF4DFFFD,00000004,001534F6,3A004E20,280171B7,E0FD00DB,03000AE0,000000A9
170,50711800,FF1200DA,000303D2,FF4EFFFB,00010004,001534C4,3A004E20,280171A0,E0FD08DB,03000DA0,000000AA
171,50597200,FF1100F1,000403D2,FF50FFFB,00010004,00163492,3A004E20,2801717B,E0FD08DC,030010E0,000000AB
172,50354800,FF160107,000403D3,FF53FFFD,00010004,00163460,3C004E20,2801714E,E0FD10DD,03002420,000000AC
173,50079700,FF1A0116,000303D4,FF55FFFF,00010004,0016342E,3E004E20,28017121,E0FD20DD,030027A0,000000AD
174,51369900,FF16011E,000003D6,FF570002,00010004,001633FD,3E004E20,280170FB,E0FD20DC,03003B20,000000AE
175,49249400,FF150127,FFFE03D7,FF570003,00020004,001633CB,3C004E20,280170E2,E0FD20DB,03003EE0,000000AF
176,50626300,FF110124,FFFD03D8,FF570002,00020004,0017339A,3A004E20,280170DB,E0FD28DB,03004260,000000B0
177,49845700,FF1000E6,FFFD03D8,FF570000,00020004,0017336A,3A004E20,280170E7,E0FD30DB,030054A0,000000B1
178,53898200,FF0C006B,FFFE03D8,FF58FFFF,00010004,0017333A,3C004E20,28017105,E0FD28DC,03005520,000000B2
179,48580800,FF050000,000003D6,FF59FFFE,00010004,0017330B,3E004E20,28017130,E0FD20DD,030054E0,000000B3
180,50168700,FF0BFFCA,000203D5,FF59FFFF,00010004,001732DC,3E004E20,2801824B,E0FD20DD,030053E0,000000B4
181,51206400,FF0CFFA9,000303D3,FF5A0001,00000004,001732AD,3E004E20,2801827D,E0FD20DD,030052A0,000000B5
182,50019700,FF0EFF96,000303D3,FF5C0003,00000004,0017327F,3C004E20,280182A7,E0FD18DC,03005120,000000B6
183,50864700,FF0BFF89,000203D3,FF5D0005,00000004,00163250,3A004E20,280182C2,E0FD10DB,03005FA0,000000B7
184,51410600,FF0BFF83,000003D3,FF5E0005,00000004,00163221,3A004E20,280182CA,E0FD08DB,03004DE0,000000B8
185,50181900,FF0BFF80,FFFE03D5,FF5E0003,00000004,001631F2,3C004E20,280182BF,E0FD00DC,03004C20,000000B9
186,50800400,FF06FF79,FFFC03D6,FF5E0001,FFFF0004,001631C3,3E004E20,280182A2,E0FD00DD,03004A60,000000BA
187,50881000,FF08FF7B,FFFC03D7,FF5DFFFE,FFFF0005,00163193,3E004E20,2801827A,E0FCF8DD,030038E0,000000BB
188,49867200,FF05FF78,FFFC03D8,FF5BFFFD,FFFF0005,00163163,3E004E20,2801824D,E0FCF0DD,03003720,000000BC
189,51206900,FF02FF77,FFFE03D7,FF58FFFE,FFFF0005,00163132,3C004E20,28018223,E0FCF0DC,03003560,000000BD
190,49549500,FF07FF7B,000003D6,FF550000,FFFF0005,00163101,3A004E20,28018204,E0FCE8DB,030023A0,000000BE
191,53429500,FF07FF7C,000203D5,FF530002,FFFF0005,001630D0,3A004E20,280181F5,E0FCF0DB,030021E0,000000BF
192,52921400,FF0AFF7E,000303D3,FF510003,FFFF0005,0016309F,3C004E20,280181F8,E0FCF0DB,03002060,000000C0
193,46985500,FF08FF7F,000303D2,FF500003,FFFF0005,0015306E,3E004E20,2801820D,E0FCE8DC,03002EA0,000000C1
194,50368400,FF08FF80,000103D1,FF500001,FFFF0005,0015303C,3E004E20,28018232,E0FCE8DD,03001CE0,000000C2
195,51304400,FF07FF82,000003D2,FF51FFFE,FFFF0005,0015300A,3C004E20,2801825E,E0FCE8DD,03001B60,000000C3
196,50509900,FF05FF98,FFFE03D3,FF52FFFC,FFFF0005,00152FD8,3A004E20,2801828C,E0FCE8DC,03001A20,000000C4
197,50406600,FF06FFC7,FFFD03D4,FF54FFFB,FFFF0005,00152FA6,3A004E20,280182B4,E0FCF0DB,030019E0,000000C5
198,49662300,FF05000A,FFFD03D5,FF54FFFD,00000005,00152F74,3A004E20,280182CE,E0FCE8DB,03000A60,000000C6
199,86934900,FF0C0057,FFFE03D6,FF54FFFF,00000005,00152F42,3C004E20,280182D5,E0FCF0DB,03000BA0,000000C7
200,15957400,FF0F0090,000003D7,FF520001,00000004,00152F10,3E004E20,280182C9,E0FCF0DC,03000DA0,000000C8
201,70534800,FF1400BD,000303D7,FF500002,00000004,00162EDD,3E004E20,280182AA,E0FCF8DD,03001020,000000C9
202,41762400,FF1000DC,000403D6,FF4F0002,00010004,00162EAB,3E004E20,2801827D,E0FD00DD,03001320,000000CA
203,42853400,FF1500F9,000403D4,FF4D0000,00010004,00162E78,3C004E20,2801824A,E0FD00DD,03002620,000000CB
204,104995400,FF110104,000403D3,FF4CFFFE,00010004,00162E45,3A004E20,28018216,E0FD08DC,03002920,000000CC
205,16703200,FF0A00CC,000203D3,FF4DFFFD,00010004,00162E13,3A004E20,280181EC,E0FD10DB,03003B20,000000CD
206,49400000,FF0B005B,FFFF03D3,FF50FFFE,00010004,00162DE2,3C004E20,280181D0,E0FD10DB,03003BA0,000000CE
207,49571600,FF0AFFFD,FFFE03D3,FF530001,00010004,00162DB1,3E004E20,280181C7,E0FD10DC,03004B60,000000CF
208,54553400,FF05FFC2,FFFD03D4,FF560003,00010004,00162D80,3E004E20,280181D1,E0FD08DC,03004A60,000000D0
209,46840200,FF0BFFA4,FFFD03D6,FF590005,00000004,00162D50,3C004E20,280181EE,E0FD08DD,03003920,000000D1
210,49639200,FF0CFF92,FFFF03D7,FF5C0005,00000004,00162D20,3A004E20,2801923F,E0FD10DD,030037A0,000000D2
211,69977200,FF0EFF8C,000103D8,FF5D0004,00000004,00162CF1,3A004E20,2801926F,E0FD08DC,03003620,000000D3
212,54502300,FF0CFF9F,000203D8,FF5D0001,00000004,00162CC1,3A004E20,2801929C,E0FD00DB,03003520,000000D4
213,57538300,FF0AFFCE,000303D7,FF5BFFFE,00000004,00162C91,3C004E20,280192BF,E0FD00DB,030024A0,000000D5
214,42925600,FF0A000D,000303D6,FF59FFFC,00000004,00162C61,3E004E20,280192D2,E0FD00DB,030024E0,000000D6
215,102690000,FF0B0016,000103D5,FF57FFFD,00000004,00162C31,3E004E20,280192D2,E0FD00DC,030024E0,000000D7
216,16900300,FF0BFFE7,FFFF03D4,FF55FFFF,00000004,00162C00,3C004E20,280192BE,E0FD00DD,03002460,000000D8
217,52200100,FF05FFD2,FFFD03D3,FF540001,00000004,00162BD0,3A004E20,2801929B,E0FCF8DD,030023E0,000000D9
218,46334700,FF0CFFE5,FFFC03D2,FF530003,00000004,00162B9F,3A004E20,2801926E,E0FCF8DD,030023A0,000000DA
219,51701700,FF0DFFD5,FFFC03D3,FF540003,00000004,00162B6E,3C004E20,28019240,E0FCF8DC,030022E0,000000DB
220,49758800,FF0EFFB2,FFFD03D4,FF560001,00000004,00162B3E,3E004E20,28019217,E0FD00DB,030021E0,000000DC
221,49193300,FF11FFB7,FFFF03D5,FF57FFFE,00000004,00162B0D,3E004E20,280191FC,E0FCF8DB,030020E0,000000DD
222,49741900,FF10FFDD,000103D6,FF58FFFC,00000004,00162ADC,3E004E20,280191F3,E0FCF8DC,030010A0,000000DE
223,51683300,FF08001D,000303D7,FF59FFFC,00000004,00162AAB,3C004E20,280191FF,E0FCF8DD,03001160,000000DF
224,50630500,FF0C0068,000303D7,FF58FFFD,00000004,00162A7A,3A004E20,2801921E,E0FCF8DD,030012E0,000000E0
225,51195600,FF10009F,000303D6,FF57FFFF,00000004,00162A49,3A004E20,2801924C,E0FD00DD,03002520,000000E1
226,51980700,FF0900C7,000103D5,FF540002,00000004,00162A17,3A004E20,28019282,E0FD00DC,030027A0,000000E2
227,49647000,FF0E00DD,FFFF03D3,FF520003,00010004,001629E5,3C004E20,280192B7,E0FD00DB,03002A60,000000E3
228,49491300,FF1000B3,FFFE03D2,FF500003,00010004,001629B3,3E004E20,280192E4,E0FD08DB,03003C20,000000E4
229,50793200,FF0B0049,FFFD03D2,FF510002,00010004,00162981,3E004E20,28019301,E0FD08DB,03003CA0,000000E5
230,51824400,FF0FFFF2,FFFE03D2,FF520000,00010004,00162950,3C004E20,2801930B,E0FD08DC,03003BE0,000000E6
231,50612700,FF09FFBE,FFFF03D3,FF52FFFE,00000004,0016291F,3A004E20,28019301,E0FD00DD,03003AE0,000000E7
232,52229900,FF0BFFA3,000103D4,FF54FFFF,00000004,001628EE,3A004E20,280192E3,E0FD00DD,030039A0,000000E8
233,50979600,FF05FF92,000303D5,FF560000,00000004,001628BE,3A004E20,280192B8,E0FD00DC,03003820,000000E9
234,52176500,FF07FF8B,000403D6,FF580003,00000004,0016288E,3E004E20,28019286,E0FD00DB,030036A0,000000EA
235,50259200,FF07FF87,000403D7,FF590004,00000005,0016285D,3E004E20,28019257,E0FCF8DB,030034E0,000000EB
236,119313700,FF03FF83,000203D7,FF590004,FFFF0005,0016282D,3E004E20,28019231,E0FCF8DB,03003360,000000EC
237,12608900,FF06FF81,000003D6,FF580003,FFFF0005,001627FC,3C004E20,2801921B,E0FCF0DC,030021A0,000000ED
238,54380000,FF0BFF7F,FFFE03D5,FF570000,FFFF0005,001527CB,3A004E20,28019218,E0FCF0DD,03002FE0,000000EE
239,46526800,FF0AFF7F,FFFD03D4,FF56FFFD,FFFF0005,0015279B,3A004E20,28019229,E0FCF8DD,03002E60,000000EF
240,51100100,FF0FFF97,FFFC03D3,FF53FFFC,FFFF0004,0015276A,3C004E20,2801A20B,E0FCF0DD,03001D20,000000F0
241,49399200,FF09FFC6,FFFD03D2,FF51FFFC,FFFF0004,00152739,3E004E20,2801A238,E0FCF0DC,03001CE0,000000F1
242,50224600,FF0D000E,FFFF03D3,FF50FFFE,00000004,00152707,3E004E20,2801A268,E0FCF0DB,03001D60,000000F2
243,50870100,FF0B0059,000103D4,FF4F0000,00000004,001526D6,3E004E20,2801A292,E0FCF8DB,03001EE0,000000F3
244,52205200,FF0A0094,000203D5,FF4F0002,00000004,001626A4,3C004E20,2801A2AF,E0FD00DC,030010E0,000000F4
245,49838000,FF1000BF,000303D7,FF510002,00000004,00162673,3A004E20,2801A2B9,E0FD08DD,03001360,000000F5
246,49461900,FF1200E2,000203D8,FF530000,00010004,00162641,3A004E20,2801A2AE,E0FD10DD,03002620,000000F6
247,49842500,FF1100F6,000003D8,FF56FFFE,00010004,0016260F,3A004E20,2801A290,E0FD18DD,03002960,000000F7
248,49578700,FF17010B,FFFE03D8,FF58FFFC,00010004,001625DE,3C004E20,2801A262,E0FD28DC,03003CA0,000000F8
249,51154700,FF1B0117,FFFD03D7,FF5BFFFC,00010004,001725AE,3E004E20,2801A22B,E0FD38DB,04004020,000000F9
250,55240100,FF1A0122,FFFC03D5,FF5FFFFD,00010004,0017257E,3C004E20,2801A1F4,E0FD58DB,040053E0,000000FA
251,43772000,FF1D012B,FFFD03D4,FF620000,00020004,00172550,3C004E20,2801A1C5,E0FD70DB,040067A0,000000FB
252,52944300,FF210134,FFFE03D3,FF660003,00020004,00172523,3A004E20,2801A1A6,E0FD98DC,04007B60,000000FC
253,48705000,FF21013C,000103D2,FF6A0004,00020004,001724F7,3A004E20,2801A19C,E0FDB8DD,04007F60,000000FD
254,50696300,FF290144,000303D2,FF6F0004,00020004,001824CE,3C004E20,2801A1A7,E0FDD8DD,05008360,000000FE
255,50691800,FF29014B,000403D3,FF750002,00020004,001824A6,3E004E20,2BFDA1C6,E0FE10DC,05FC97A0,000000FF
256,49473900,FF380152,000403D5,FF7DFFFF,00020004,00182480,3E004E20,2BFDA1F4,E0FE40DC,05FCABE0,00000100
257,49603900,FF3A0155,000303D6,FF84FFFD,00020004,0018245D,3E004E20,2BFDA228,E0FE68DB,05FCAFE0,00000101
258,52528600,FF46015A,000103D7,FF8DFFFD,00020004,0019243B,3C004E20,2BFDA25C,E0FEA0DB,05FCA460,00000102
259,49998500,FF4E015C,FFFF03D7,FF96FFFF,00020004,0019241B,3A004E20,2BFDA286,E0FEF0DC,06FCB8A0,00000103
260,49956000,FF55015F,FFFE03D6,FF9E0001,00020003,001923FD,3A004E20,2BFDA29F,E0FF28DD,06FCBCE0,00000104
261,50663000,FF5B0163,FFFE03D5,FFA60003,00020003,001A23E2,3C004E20,2BFDA2A5,E0FF68DD,06FCB160,00000105
262,51290400,FF5F0164,FFFF03D4,FFAC0003,00020003,001A23C8,3E004E20,2BFDA297,E0FFA8DD,06FCB5E0,00000106
263,51614200,FF6B0168,000103D2,FFB10002,00020003,001A23B0,3E004E20,2BFDA277,E0FFF8DC,06FCBA60,00000107
264,53467800,FF6A016B,000303D2,FFB5FFFF,00020003,001A2399,3C004E20,2BFDA24B,E0FFF8DB,06FCBEE0,00000108
265,49115800,FF7E016E,000403D2,FFB9FFFD,00020003,001B2385,3A004E20,2BFDA21C,E0FFF8DB,06FCB360,00000109
266,49139600,FF7E016F,000403D2,FFBDFFFC,00020003,001B2372,3A004E20,2BFDA1F1,E0FFF8DB,07FCB7E0,0000010A
267,50558800,FF870172,000303D4,FFC1FFFC,00020002,001B2360,3A004E20,2BFDA1D3,E0FFF8DC,07FCBCA0,0000010B
268,53226600,FF910171,000103D5,FFC5FFFE,00020002,001C2350,3C004E20,2BFDA1C7,E0FFF8DD,07FCA120,0000010C
269,52359200,FF980171,FFFF03D7,FFCB0001,00020002,001C2341,3E004E20,2BFDA1D0,E0FFF8DD,07FCA5A0,0000010D
270,47651300,FF9E016F,FFFD03D8,FFD00003,00020002,001C2334,3E004E20,2BFDB00E,E0FFF8DC,07FCAA60,0000010E
271,50505600,FFA5016F,FFFC03D8,FFD60003,00020002,001C2328,3C004E20,2BFDB03C,E0FFF8DB,07FC9EE0,0000010F
272,54959100,FFAA0170,FFFC03D7,FFDC0002,00020002,001D231C,3A004E20,2BFDB073,E007F8DB,00FC93A0,00000110
273,47225900,FFB80170,FFFE03D6,FFE9FFFF,00020002,001D2314,3A004E20,2BFDB0AB,E007F8DB,00FCA820,00000111
274,50742700,FFC50172,000003D5,FFF2FFFD,00020001,001D230E,3A004E20,2BFDB0DA,E007F8DC,00FC9CE0,00000112
275,51478800,FFCA0175,000203D4,FFF8FFFD,00020001,001E230B,3C004E20,2BFDB0FA,E007F8DD,00FC8160,00000113
276,50241200,FFD60176,000303D3,FFFCFFFE,00020001,001E2309,3E004E20,2BFDB105,E007F8DD,00FC7620,00000114
277,48876300,FFE00179,000303D3,FFFD0001,00020001,001E2308,3E004E20,2BFDB0FA,E007F8DD,00FC6AE0,00000115
278,53712800,FFE50178,000203D4,FFFE0003,00020001,001E2308,3E004E20,2BFDB0D9,E007F8DC,00FC5F60,00000116
279,46474500,FFED0178,000003D5,FFFE0004,00020001,001F2308,3A004E20,2BFDB0A9,E007F8DB,00FC4420,00000117
280,50112800,FFF10177,FFFE03D6,FFFE0004,00020001,001F2308,3A004E20,2BFDB071,E007F8DB,00FC38E0,00000118
281,51151000,FFED0177,FFFD03D7,FFFF0002,00020000,001F2309,3A004E20,2BFDB03A,E007F8DC,00FC2DA0,00000119
282,51374800,FFF80176,FFFD03D8,0000FFFF,00020000,00202309,3C004E20,2BFDB00D,E007F8DD,00FC2260,0000011A
283,50631400,FFF80177,FFFE03D8,0002FFFD,00020000,0020230A,3E004E20,2BFDAFEF,F007F8DD,00FC16E0,0000011B
284,54244100,FFF90177,000003D7,0003FFFD,00020000,0020230A,3E004E20,2BFDAFE7,F007F8DD,00FC1BA0,0000011C
285,47931200,00000179,000203D5,0005FFFE,00020000,0021230B,3C004E20,2BFDAFF4,F007F8DC,00FC0060,0000011D
286,50698900,FFFC017B,000403D4,00050000,00020000,0021230B,3A004E20,2BFDB013,F007F8DB,00FC0520,0000011E
287,49372900,0005017C,000503D2,00050002,00020000,0021230B,3A004E20,2BFDB03F,F007F8DB,00FC09E0,0000011F
288,51492300,0005017B,000403D2,00040003,00020000,0021230C,3A004E20,2BFDB070,F007F8DB,00FC0EA0,00000120
289,49913000,FFFB017B,000203D2,00020002,00020000,0022230C,3C004E20,2BFDB09D,F007F8DC,00FC0320,00000121
290,50683500,00040178,000003D3,0001FFFF,00020000,0022230C,3E004E20,2BFDB0BE,F007F8DD,00FC07E0,00000122
291,51828200,00000177,FFFE03D4,FFFFFFFD,00020000,0022230C,3E004E20,2BFDB0CD,F007F8DD,00FC0CA0,00000123
292,51086100,FFFD0193,FFFD03D5,FFFEFFFB,00020000,0023230C,3C004E20,2BFDB0C6,F007F8DC,00FC01E0,00000124
293,51008200,FFFF0192,FFFD03D6,FFFDFFFC,00020000,0023230C,3A004E20,2BFDB0AC,E007F8DB,00FC06A0,00000125
294,51724000,FFFC0157,FFFF03D7,FFFEFFFE,00020000,0023230C,3A004E20,2BFDB080,E007F8DB,00FC0AA0,00000126
295,49870600,FFFF0131,000003D7,FFFF0001,00020000,0023230C,3C004E20,2BFDB04B,E007F8DB,00FC0E60,00000127
296,49865100,00030118,000203D6,00010004,00020000,0024230C,3E004E20,2BFDB015,E007F8DC,00FC01A0,00000128
297,53461500,00010108,000303D5,00020004,00020000,0024230C,3E004E20,2BFDAFE6,E007F8DD,00FC04E0,00000129
298,48066800,000500FD,000303D3,00030003,00020000,0024230C,3E004E20,2BFDAFC6,E007F8DD,00FC0820,0000012A
299,50825000,000100F6,000203D2,00030000,00020000,0024230C,3C004E20,2BFDAFBB,E007F8DD,00FC0B20,0000012B
300,55088000,000000EF,000003D2,0003FFFE,00020000,0024230C,3A004E20,2BFDBCF5,E007F8DC,00FC0DE0,0000012C
301,48042700,FFFC00E8,FFFD03D2,0001FFFD,00020000,0025230C,3A004E20,2BFDBD17,E007F8DB,00FC00E0,0000012D
302,52936700,FFFA00E6,FFFC03D4,FFFFFFFE,00020000,0025230C,3A004E20,2BFDBD49,E007F8DB,00FC03A0,0000012E
303,48596800,FFFD00E1,FFFC03D5,FFFE0001,00020000,0025230C,3C004E20,2BFDBD84,E007F8DC,00FC06A0,0000012F
304,49954500,000100E0,FFFC03D7,FFFC0003,00020000,0025230C,3E004E20,2BFDBDBE,E007F8DC,00FC0960,00000130
305,50425600,000300E2,FFFE03D8,FFFC0004,00010000,0025230C,3E004E20,2BFDBDEF,E007F8DD,00FC0C60,00000131
306,51547700,000400E2,000103D8,FFFC0004,00010000,0025230C,3C004E20,2BFDBE0F,E007F8DD,00FC0F20,00000132
307,49892200,000400E4,000203D8,FFFD0002,00010000,0026230C,3A004E20,2BFDBE1A,E007F8DC,00FC01E0,00000133
308,50721100,000300E5,000303D7,FFFFFFFF,00010000,0026230C,3A004E20,2BFDBE0F,E007F8DB,00FC04E0,00000134
309,50241400,FFFC00E6,000303D5,0000FFFD,00010000,0026230C,3C004E20,2BFDBDF0,E007F8DB,00FC07A0,00000135
310,52209700,FFFE00E5,000103D4,0002FFFC,00010000,0026230C,3E004E20,2BFDBDC3,E007F8DB,00FC0A60,00000136
311,50154300,FFFF00E4,FFFF03D3,0003FFFD,00010000,0026230C,3E004E20,2BFDBD90,E007F8DC,00FC0D60,00000137
312,50529700,FFFF00E3,FFFE03D3,00030000,00010000,0027230C,3E004E20,2BFDBD60,E007F8DC,00FC0020,00000138
313,50256500,000000E2,FFFD03D3,00020002,00010000,0027230C,3C004E20,2BFDBD3C,E007F8DD,00FC0320,00000139
314,51087800,000200E1,FFFD03D4,00010003,00010000,0027230C,3A004E20,2BFDBD2A,E007F8DD,00FC05E0,0000013A
315,50514300,000300E1,FFFF03D6,FFFF0002,00010000,0027230C,3A004E20,2BFDBD2D,E007F8DC,00FC08A0,0000013B
316,49801400,FFFE00E3,000103D7,FFFE0000,00010000,0027230C,3C004E20,2BFDBD45,E007F8DB,00FC0BA0,0000013C
317,50757400,000100E5,000303D8,FFFDFFFD,00010000,0027230C,3E004E20,2BFDBD6F,E007F8DB,00FC0E60,0000013D
318,50636000,000200E6,000403D8,FFFDFFFC,00010000,0028230C,3E004E20,2BFDBDA4,E007F8DC,00FC0160,0000013E
319,49901800,000000E8,000403D7,FFFEFFFC,00010000,0028230C,3E004E20,2BFDBDDB,E007F8DD,00FC0420,0000013F
320,51269200,FFFE00E8,000303D5,FFFFFFFF,00010000,0028230C,3C004E20,2BFDBE0A,E007F8DD,00FC06E0,00000140
321,49693700,FFFE00E7,000103D4,00010001,00010000,0028230C,3A004E20,2BFDBE2A,E007F8DD,00FC09E0,00000141
322,50689700,FFFE00E5,FFFF03D2,00030004,00010000,0028230C,3A004E20,2BFDBE36,E007F8DD,00FC0CA0,00000142
323,49850200,FFFC00E3,FFFD03D2,00040004,00010000,0028230C,3C004E20,2BFDBE2A,E007F8DC,00FC0FA0,00000143
324,51855900,FFFE00E4,FFFC03D2,00040003,00010000,0029230C,3E004E20,2BFDBE09,E007F8DB,00FC0260,00000144
325,50756500,000300E0,FFFD03D2,00040001,00010000,0029230C,3E004E20,2BFDBDD7,E007F8DB,00FC0520,00000145
326,49527800,000300E4,FFFF03D4,0003FFFE,00010000,0029230C,3C004E20,2BFDBD9C,E007F8DC,00FC0820,00000146
327,53555800,000300E3,000103D5,0001FFFD,00010000,0029230C,3C004E20,2BFDBD60,E007F8DD,00FC0AE0,00000147
328,47651400,000100E6,000203D6,FFFFFFFE,00010000,0029230C,3A004E20,2BFDBD2E,E007F8DD,00FC0DE0,00000148
329,50482300,FFFF00E7,000303D7,FFFD0000,00010000,002A230C,3A004E20,2BFDBD0C,E007F8DC,00FC00A0,00000149
330,50156600,FFFB00E7,000203D7,FFFD0002,00010000,002A230C,3C004E20,2BFDC903,E007F8DB,00FC0360,0000014A
331,51295900,FFFB00E6,000103D7,FFFD0004,00010000,002A230C,3E004E20,2BFDC90D,E007F8DB,00FC0660,0000014B
332,52199400,000000E6,FFFE03D5,FFFE0003,00010000,002A230C,3E004E20,2BFDC92D,E007F8DB,00FC0920,0000014C
333,50395700,000400E3,FFFD03D4,FFFF0001,00010000,002A230C,3E004E20,2BFDC95B,E007F8DB,00FC0C20,0000014D
334,49414100,000200E2,FFFC03D3,0001FFFE,00010000,002A230C,3C004E20,2BFDC990,E007F8DC,00FC0EE0,0000014E
335,49945300,000500E1,FFFC03D2,0002FFFC,00010000,002B230C,3A004E20,2BFDC9C3,E007F8DD,00FC01E0,0000014F
336,50506200,000400E2,FFFE03D3,0003FFFC,00020000,002B230C,3A004E20,2BFDC9EB,E007F8DD,00FC04A0,00000150
337,50055100,000100E3,000003D4,0003FFFD,00020000,002B230C,3C004E20,2BFDCA01,E007F8DC,00FC0760,00000151
338,50014500,FFFB00E0,000203D5,0002FFFF,00020000,002B230C,3E004E20,2BFDCA01,E007F8DB,00FC0A20,00000152
339,50386300,FFFF00AD,000303D7,00000002,00010000,002B230C,3E004E20,2BFDC9EB,E007F8DB,00FC0BE0,00000153
340,49665800,0000004A,000403D8,FFFE0004,00010000,002B230C,3C004E20,2BFDC9C3,E007F8DC,00FC0C20,00000154
341,49831100,FFFCFFEF,000303D9,FFFD0003,00010000,002B230C,3A004E20,2801C990,E007F8DC,00000BA0,00000155
342,50526200,FFFFFFB9,000103D8,FFFC0002,00010000,002B230C,3A004E20,2801C959,E007F8DD,01000AA0,00000156
343,50021500,0011FF9B,000003D7,0003FFFF,00000000,002B230E,3A004E20,2801C929,E007F8DD,01001920,00000157
344,51523600,0010FF86,FFFE03D6,000AFFFE,00000000,002B2311,3C004E20,2801C908,E007F8DD,010007A0,00000158
345,49673700,001EFF7D,FFFE03D4,0011FFFE,00000000,FF2B2316,3E004E20,2801C8FC,E007F8DC,0103F5E0,00000159
346,50429700,0017FF78,FFFE03D3,0017FFFF,00000000,FF2B231C,3E004E20,2801C907,E007F8DB,0103E460,0000015A
347,50019200,0025FF87,000003D2,001C0002,00000000,FF2B2323,3C004E20,2801C928,E007F8DB,0103C2E0,0000015B
348,51568500,0022FFB2,000203D2,001F0004,0000FFFF,FF2B232B,3A004E20,2801C95B,E007F8DC,0103B260,0000015C
349,55497000,002DFFF0,000403D3,00210004,0000FFFF,FF2B2333,3A004E20,2801C998,E007F8DD,01039260,0000015D
350,46168500,002D0033,000403D4,00220003,0000FFFF,FF2B233C,3C004E20,2801C9D6,E007F8DD,01038360,0000015E
351,50246400,0036006B,000403D6,00200000,0000FFFF,FF2B2345,3E004E20,2801CA0A,E007F8DD,000364E0,0000015F
352,51000700,00350091,000203D7,0017FFFD,0000FFFF,FF2B234C,3E004E20,2801CA2E,E007F8DC,000356A0,00000160
353,50914900,002D00A7,FFFF03D7,000FFFFC,0001FFFF,FF2B2351,3E004E20,2801CA3C,E007F8DB,000348E0,00000161
354,50409300,00300086,FFFD03D7,0008FFFD,0001FFFF,FF2B2355,3C004E20,2801CA33,E007F8DB,00034A20,00000162
355,49526500,002C002D,FFFC03D6,0003FFFF,0001FFFF,FF2B2357,3A004E20,2801CA14,E007F8DB,00035A20,00000163
356,51619500,002AFFDD,FFFC03D5,00000002,0001FFFF,FF2B2358,3A004E20,2801C9E5,E007F8DC,000369A0,00000164
357,50301100,0022FFB0,FFFD03D3,FFFF0004,0000FFFF,FF2B2358,3A004E20,2801C9AE,E007F8DD,00038860,00000165
358,51085000,0019FF93,FFFF03D2,FFFF0004,0000FFFF,FF2B2358,3C004E20,2801C979,E007F8DD,000396E0,00000166
359,53487000,0015FF86,000103D2,FFFF0002,0000FFFF,FF2B2357,3E004E20,2801C94E,E007F8DC,0003A560,00000167
360,48981000,0012FF7E,000203D2,0000FFFF,0000FFFF,FF2B2356,3E004E20,2801D419,E007F8DC,0003C3A0,00000168
361,51234200,0011FF78,000203D3,0001FFFD,00000000,FF2B2355,3C004E20,2801D415,E007F8DB,0003D1E0,00000169
362,50393800,0009FF7A,000103D5,0001FFFC,00000000,FF2B2354,3A004E20,2801D428,E007F8DB,0003E020,0000016A
363,50412400,000AFF74,000003D6,0000FFFD,FFFF0000,FF2A2353,3A004E20,2801D44E,E007F8DC,0003FE60,0000016B
364,51211700,000AFF72,FFFE03D7,FFFEFFFF,FFFF0000,FF2A2352,3A004E20,2801D481,E007F8DD,0003FCA0,0000016C
365,50901000,0003FF57,FFFC03D8,FFFD0002,FFFF0000,002A2352,3E004E20,2801D4B7,E007F8DD,00000A20,0000016D
366,50813800,0004FF07,FFFC03D8,FFFB0004,FFFF0000,002A2351,3E004E20,2801D4E8,E007F8DD,000006E0,0000016E
367,51122100,FFFAFF22,FFFD03D6,FFFB0003,FFFF0000,002A2351,3E004E20,2801D50A,E007F8DC,000004E0,0000016F
368,49701500,FFFAFF52,FFFF03D5,FFFB0001,FFFF0000,002A2350,3C004E20,2801D517,E007F8DB,00000220,00000170
369,51832000,FFFFFF09,000103D4,FFFCFFFF,FFFF0000,00292350,3A004E20,2801D50D,E007F8DB,00000F20,00000171
370,50538000,FFFCFF03,000303D3,FFFDFFFE,FFFF0000,00292350,3A004E20,2801D4EC,E007F8DB,00040BE0,00000172
371,50466000,FFFDFF05,000403D3,FFFFFFFE,FFFF0000,0029234F,3C004E20,2801D4B9,E007F8DC,000408A0,00000173
372,51503500,0003FF05,000403D4,0001FFFF,FFFF0000,0029234F,3E004E20,2801D47C,E007F8DD,00040560,00000174
373,51786300,FFFCFF03,000303D5,00020002,FFFF0000,0029234F,3E004E20,2801D43D,E007F8DD,00040260,00000175
374,50212800,0001FF04,000003D6,00030004,FFFF0000,0028234F,3E004E20,2801D407,E007F8DC,00040F20,00000176
375,51478800,0000FF03,FFFF03D7,00020004,FFFF0000,0028234F,3C004E20,2801D3E1,E007F8DB,00040C20,00000177
376,49685900,FFFCFF03,FFFD03D8,00010003,FFFF0000,0028234F,3A004E20,2801D3D3,E007F8DB,000408E0,00000178
377,51504900,FFFFFF04,FFFD03D8,FFFF0001,FFFF0000,0028234F,3A004E20,2801D3DC,E007F8DB,000405E0,00000179
378,56562700,FFFDFF04,FFFE03D7,FFFEFFFE,FFFF0000,0028234F,3A004E20,2801D3FC,E007F8DC,000402A0,0000017A
379,45347400,FFF7FF06,000003D6,FFFDFFFC,FFFF0000,0027234F,3C004E20,2801D42D,E007F8DD,00040FA0,0000017B
380,49582400,0001FF07,000203D4,FFFCFFFD,FFFF0000,0027234F,3E004E20,2801D466,E0FFF8DD,07040C60,0000017C
381,50684100,FFF9FF0A,000303D3,FFF5FFFE,FFFF0000,FF27234E,3E004E20,2801D49F,E0FFF8DD,0707F960,0000017D
382,49180900,FFECFF0C,000303D2,FFEE0001,FFFF0000,FF27234A,3C004E20,2801D4CE,E0FFF8DC,0707F620,0000017E
383,52540100,FFE6FF0D,000203D2,FFE80002,FFFF0000,00272345,3A004E20,2801D4EB,E0FFF8DB,07040320,0000017F
384,48665200,FFDFFF0C,000003D3,FFE30003,FFFF0000,0027233D,3A004E20,2801D4F2,E0FFF8DB,07041020,00000180
385,50566000,FFD3FF0B,FFFD03D4,FFDD0001,FFFF0001,00262332,3C004E20,2801D4E2,E0FFF8DC,06043D20,00000181
386,51180800,FFC5FF0B,FFFC03D5,FFD7FFFF,FFFF0001,00262326,3E004E20,2801D4BF,E0FFF8DD,060459E0,00000182
387,51232300,FFB9FF08,FFFB03D6,FFD1FFFC,FFFF0001,00262318,3E004E20,2801D48E,E0FFD8DD,060476E0,00000183
388,50629700,FFA8FF09,FFFB03D7,FFCAFFFC,FFFF0001,00262308,3E004E20,2801D459,E0FF80DD,060493E0,00000184
389,50100900,FF9BFF0B,FFFD03D7,FFC2FFFD,FFFF0001,002622F7,3C004E20,2801D428,E0FF38DC,0604B0E0,00000185
390,50840400,FF93FF0B,FFFF03D6,FFBB0000,FFFF0002,002522E4,3A004E20,2801DDB9,E0FEF8DB,0604DDE0,00000186
391,50274700,FF84FEF3,000103D5,FFB40003,FFFF0002,002522CF,3A004E20,2801DDAA,E0FEC0DB,0504F9E0,00000187
392,50743000,FF79FE90,000203D4,FFAD0004,FFFF0002,002522B8,3C004E20,2801DDB3,E0FE88DB,05051520,00000188
393,50065000,FF6DFE81,000203D2,FFA80004,FFFE0002,002522A0,3E004E20,2801DDD2,E0FE58DC,05053020,00000189
394,50814700,FF5AFE82,000103D2,FFA40002,FFFE0002,00242287,3E004E20,2801DE05,E0FE28DD,05055B60,0000018A
395,51094700,FF4EFE80,FFFF03D2,FFA00000,FFFE0003,0024226C,3C004E20,2801DE42,E0FE00DD,050566A0,0000018B
396,51319100,FF3EFE80,FFFD03D3,FF9CFFFE,FFFE0003,00242250,3A004E20,2801DE81,E0FDD8DC,050581A0,0000018C
397,50457000,FF31FE80,FFFC03D5,FF98FFFE,FFFE0003,00232232,3A004E20,2801DEB8,E0FDB0DB,04059CE0,0000018D
398,51187500,FF24FE7E,FFFC03D6,FF94FFFF,FFFE0003,00232213,3A004E20,2801DEDE,E0FD90DB,0405A820,0000018E
399,51572500,FF19FE80,FFFE03D7,FF8F0001,FFFE0004,002321F2,3C004E20,2801DEEE,E0FD70DB,0405C320,0000018F
400,49173100,FF11FE66,000003D8,FF890004,FFFE0004,002221CF,3E004E20,2801DEE4,E0FD50DC,0405DDA0,00000190
401,50754700,FF0BFE03,000203D8,FF820005,FFFE0004,002221AB,3E004E20,2801DEC3,E0FD38DD,0405E6E0,00000191
402,50068200,FEFFFDF6,000303D7,FF7B0003,FFFE0004,00222186,3C004E20,2801DE91,E0FD20DD,0305F060,00000192
403,50587900,FEF0FDF9,000403D5,FF740001,FFFD0004,0021215F,3C004E20,2801DE54,E0FD08DD,030609A0,00000193
404,51585500,FEE7FDF8,000303D4,FF6DFFFE,FFFD0005,00212137,3A004E20,2801DE18,E0FCF0DC,03061320,00000194
405,49178600,FED5FDFA,000103D3,FF67FFFC,FFFD0005,0020210D,3A004E20,2801DDE6,E0FCE0DB,03061C60,00000195
406,52090600,FED0FDF8,FFFF03D2,FF63FFFC,FFFD0005,002020E1,3C004E20,2801DDC5,E0FCD0DB,030625E0,00000196
407,51591200,FEC4FDF7,FFFD03D3,FF5FFFFE,FFFD0005,001F20B5,3E004E20,2801DDBA,E0FCC0DC,03062F60,00000197
408,51180700,FEBCFE26,FFFC03D4,FF5C0000,FFFD0005,001F2087,3E004E20,2801DDC7,E0FCB0DC,030629E0,00000198
409,52352700,FEAEFE84,FFFD03D5,FF590002,FFFD0006,001F2057,3E004E20,2801DDE9,E0FCA0DD,02061520,00000199
410,87304100,FEB5FE8B,FFFE03D6,FF570002,FFFD0006,001F2027,3A004E20,2801DE19,E0FC98DD,02061060,0000019A
411,16642500,FEA5FE91,000003D7,FF540001,FFFE0006,001E1FF5,3A004E20,2801DE4F,E0FC90DC,02061BA0,0000019B
412,48683900,FEA6FE8F,000203D7,FF51FFFF,FFFE0006,001E1FC2,3A004E20,2801DE81,E0FC88DB,020616E0,0000019C
413,49746800,FE9EFE95,000303D7,FF4DFFFD,FFFE0006,001E1F8F,3C004E20,2801DEA6,D0FC88DB,02060260,0000019D
414,49243000,FE9EFE94,000203D5,FF49FFFC,FFFE0006,001D1F5A,3E004E20,2801DEB8,D0FC80DB,02060DA0,0000019E
415,50614200,FE95FE95,000103D4,FF45FFFE,FFFE0006,001D1F25,3E004E20,2801DEB2,D0FC80DC,020608E0,0000019F
416,51072600,FE92FE97,FFFF03D2,FF420000,FFFE0006,001D1EF0,3C004E20,2801DE95,D0FC78DD,0205F420,000001A0
417,87335500,FE90FE93,FFFD03D1,FF3F0003,FFFE0006,001C1EB9,3A004E20,2801DE65,D0FC78DD,0205FFA0,000001A1
418,13728700,FE92FE94,FFFC03D1,FF3E0004,FFFE0007,001C1E83,3A004E20,2801DE29,D0FC78DD,0205EAE0,000001A2
419,52801900,FE91FE94,FFFC03D2,FF3E0004,FFFE0007,001C1E4C,3A004E20,2801DDEB,D0FC80DC,0205D660,000001A3
420,49474400,FE91FE95,FFFD03D3,FF3F0003,FFFE0007,001C1E15,3C004E20,2801E61B,D0FC80DB,0205D1A0,000001A4
421,51329200,FE97FE97,FFFF03D4,FF410000,FFFE0007,001B1DDE,3E004E20,2801E5F5,D0FC80DB,0205CD20,000001A5
422,50236300,FE99FE9A,000103D6,FF43FFFE,FFFE0007,001B1DA7,3E004E20,2801E5E5,D0FC88DC,0205B8A0,000001A6
423,50690100,FE95FE9D,000303D7,FF45FFFD,FFFE0007,001B1D70,3C004E20,2801E5EF,D0FC90DD,0205A3E0,000001A7
424,49706100,FE99FE9D,000403D7,FF47FFFE,FFFE0007,001A1D3A,3A004E20,2801E611,D0FC98DD,02059F60,000001A8
425,51011700,FE9CFED1,000303D6,FF480000,FFFE0006,001A1D04,3A004E20,2801E645,D0FCA0DD,02058C20,000001A9
426,50551700,FEA0FF2D,000203D5,FF480002,FFFE0006,001A1CCE,3C004E20,2801E683,D0FCB0DC,03056960,000001AA
427,50776500,FEA5FF35,000003D4,FF490003,FFFE0006,001A1C99,3E004E20,2801E6C3,D0FCC0DB,030556E0,000001AB
428,49596100,FEB2FF30,FFFE03D3,FF4B0002,FFFE0006,001A1C65,3E004E20,2801E6F9,D0FCD0DB,03014420,000001AC
429,120023300,FEBAFF32,FFFE03D2,FF4D0000,FFFF0006,001A1C33,3E004E20,2801E71D,D0FCE0DB,03014160,000001AD
430,12747300,FEC9FF34,FFFE03D2,FF51FFFD,FFFF0006,00191C01,3C004E20,2801E72B,D0FCF8DC,03013EE0,000001AE
431,53320200,FED0FF34,000003D3,FF56FFFC,FFFF0006,00191BD0,3A004E20,2801E720,D0FD10DD,03012C60,000001AF
432,50121200,FED8FF37,000203D5,FF5CFFFC,FFFF0006,00191BA1,3A004E20,2801E6FF,D0FD28DD,040119A0,000001B0
433,50176700,FEE0FF38,000403D6,FF63FFFE,FFFF0006,00191B74,3A004E20,2801E6CF,D0FD48DC,04010720,000001B1
434,50227300,FEE9FF68,000503D7,FF6A0000,FFFF0005,00191B48,3C004E20,2801E698,D0FD60DB,0400F5A0,000001B2
435,49643600,FEF1FFB1,000403D8,FF710002,FFFF0005,00191B1E,3E004E20,2801E664,D0FD88DB,0400E4A0,000001B3
436,50315800,FEFCFFB3,000303D8,FF780003,FFFF0005,00191AF5,3E004E20,2801E63C,D0FDA8DB,0400E3A0,000001B4
437,52366100,FF0EFFB4,000103D7,FF7E0002,FFFF0005,00191ACF,3C004E20,2801E628,D0FDD8DC,0500D2A0,000001B5
438,53513200,FF1BFFC0,FFFF03D6,FF840000,FFFF0005,00191AAA,3A004E20,2801E62B,D0FE00DD,0500C1E0,000001B6
439,50214300,FF26FFDE,FFFD03D4,FF88FFFE,00000004,00191A87,3A004E20,2801E645,D0FE30DD,0500C1A0,000001B7
440,47361000,FF330004,FFFD03D3,FF8DFFFD,00000004,00191A66,3C004E20,2801E673,D0FE68DD,0500B1E0,000001B8
441,49087400,FF39002D,FFFE03D2,FF92FFFD,00000004,00191A46,3E004E20,2801E6AE,D0FEA8DC,0500B2A0,000001B9
442,51948200,FF4E0046,000003D3,FF970000,00000004,00191A29,3E004E20,2801E6EB,D0FEE0DB,0600A3A0,000001BA
443,49443000,FF4C0060,000103D3,FF9D0002,00000004,00191A0D,3E004E20,2801E721,D0FF20DB,0600A4E0,000001BB
444,50346000,FF5A0071,000303D5,FFA40004,00000003,001919F3,3C004E20,2801E747,D0FF68DC,06009620,000001BC
445,50818500,FF64007B,000303D6,FFAC0004,00000003,001919DB,3A004E20,2801E757,D0FFB8DD,060097E0,000001BD
446,52576900,FF6F0086,000303D7,FFB30002,00010003,001919C5,3A004E20,2801E74D,D0FFF8DD,06009960,000001BE
447,48619900,FF78008C,000103D7,FFBAFFFF,00010003,001919B0,3C004E20,2801E72C,D0FFF8DD,06008B20,000001BF
448,50547000,FF82008D,FFFF03D7,FFC1FFFD,00010003,0019199C,3E004E20,2801E6F7,D0FFF8DC,06008CE0,000001C0
449,50254600,FF890093,FFFD03D6,FFC6FFFC,00010003,0019198A,3E004E20,2801E6B7,D0FFF8DB,07008EE0,000001C1
450,50989100,FF950090,FFFC03D4,FFCAFFFD,00010002,001A1979,3E004E20,2801EDA3,D0FFF8DB,070070A0,000001C2
451,50200500,FF980094,FFFD03D3,FFCC0000,00010002,001A1969,3A004E20,2801ED6B,D0FFF8DB,070072A0,000001C3
452,49947300,FF95009B,FFFF03D2,FFCE0002,00010002,001A195A,3A004E20,2801ED44,D0FFF8DC,07007460,000001C4
453,50459800,FFA40097,000103D1,FFCF0003,00010002,001A194C,3A004E20,2801ED33,D0FFF8DD,07006660,000001C5
454,50927800,FFA200A0,000303D2,FFD00002,00010002,001A193F,3C004E20,2801ED3C,D0FFF8DD,07006860,000001C6
455,49802500,FFA900A0,000403D3,FFD20000,00010002,001A1933,3E004E20,2801ED5C,D0FFF8DC,07006A60,000001C7
456,51014100,FFAF00A0,000403D5,FFD4FFFD,00010002,001A1926,3E004E20,2801ED8C,D0FFF8DC,07005C60,000001C8
457,50670800,FFB200A6,000303D6,FFD6FFFC,00010002,001A191B,3E004E20,2801EDC5,D0FFF8DB,07005E60,000001C9
458,51296300,FFB900A2,000103D7,FFD8FFFC,00010002,001B190F,3C004E20,2801EDFB,D0FFF8DB,07005060,000001CA
459,51284400,FFB700A1,FFFF03D8,FFDBFFFE,00010001,001B1904,3A004E20,2801EE26,D0FFF8DC,07005260,000001CB
460,49919300,FFB900A4,FFFE03D7,FFDC0001,00010001,001B18F8,3A004E20,2801EE3E,D0FFF8DD,07005460,000001CC
461,50677200,FFBA00A2,FFFD03D6,FFDD0003,00010001,001B18ED,3C004E20,2801EE3F,D0FFF8DD,07004660,000001CD
462,49382100,FFB800A2,FFFE03D5,FFDC0004,00010001,001B18E2,3E004E20,2801EE28,D0FFF8DD,070048A0,000001CE
463,49801600,FFB800A3,000003D4,FFDA0003,00010001,001B18D6,3E004E20,2801EDFC,D0FFF8DC,07004AA0,000001CF
464,50582300,FFB700A7,000203D3,FFD80001,00010001,001B18CA,3E004E20,2801EDC4,D0FFF8DB,07004CA0,000001D0
465,49989400,FFB600A9,000303D3,FFD5FFFE,00010001,001B18BE,3C004E20,2801ED87,D0FFF8DB,07004EE0,000001D1
466,50919400,FFB400AC,000403D3,FFD2FFFD,00010001,001C18B2,3A004E20,2801ED51,D0FFF8DB,070040E0,000001D2
467,50104000,FFB700A9,000303D5,FFCFFFFE,00010001,001C18A5,3A004E20,2801ED2B,D0FFF8DC,070042E0,000001D3
468,50954700,FFB400AE,000103D6,FFCD0000,00010001,001C1897,3C004E20,2801ED1B,D0FFF8DD,07005520,000001D4
469,51204600,FFB300AA,FFFE03D7,FFCC0002,00010001,001C188A,3E004E20,2801ED24,D0FFF8DD,06005720,000001D5
470,50249300,FFAC00A9,FFFC03D8,FFCC0004,00010001,001C187B,3E004E20,2801ED46,D0FFF8DC,06005960,000001D6
471,56465400,FFAB00A9,FFFB03D8,FFCB0004,00010002,001C186D,3C004E20,2801ED7B,D0FFF8DB,06005B60,000001D7
472,44611800,FFA300AA,FFFC03D7,FFCB0002,00010002,001C185D,3A004E20,2801EDBC,D0FFF8DB,06006DA0,000001D8
473,50910000,FFA000A9,FFFD03D6,FFCAFFFF,00010002,001C184D,3A004E20,2801EDFF,D0FFF8DB,06006FA0,000001D9
474,51058600,FF9D00AD,FFFF03D5,FFC8FFFD,00010002,001D183D,3A004E20,2801EE39,D0FFF8DC,060061E0,000001DA
475,50901300,FF9A00AD,000103D3,FFC6FFFC,00010002,001D182C,3C004E20,2801EE62,D0FFF8DD,06007420,000001DB
476,50867800,FF9700B3,000203D2,FFC2FFFD,00010002,001D181A,3E004E20,2801EE73,D0FFF8DD,06007660,000001DC
477,52314000,FF9500B1,000303D2,FFBEFFFF,00010002,001D1808,3E004E20,2801EE6C,D0FFE0DD,06007860,000001DD
478,48647200,FF9100B3,000103D3,FFBB0001,00010002,001D17F5,3C004E20,2801EE4D,D0FFC8DC,06008AA0,000001DE
479,49439600,FF8E00B2,000003D4,FFB70003,00010002,001D17E1,3C004E20,2801EE1C,D0FFA0DB,06008CE0,000001DF
480,50673100,FF8900B1,FFFE03D5,FFB40002,00010002,001D17CD,3A004E20,2801F382,D0FF80DB,06009F20,000001E0
481,49734800,FF7E00B3,FFFD03D6,FFB30000,00010002,001E17B8,3C004E20,2801F349,D0FF68DC,06009160,000001E1
482,51154100,FF7D00B1,FFFC03D7,FFB2FFFE,00010002,001E17A3,3E004E20,2801F31B,D0FF48DD,0600A3A0,000001E2
483,50363400,FF7700B2,FFFE03D7,FFB2FFFC,00010002,001E178D,3E004E20,2801F2FF,D0FF30DD,0600A5E0,000001E3
484,51019200,FF7500B1,000003D6,FFB1FFFC,00010002,001E1776,3E004E20,2801F2FB,D0FF18DD,0600B820,000001E4
485,49621700,FF6E00B7,000203D5,FFB1FFFE,00010002,001E175F,3C004E20,2801F30E,D0FF00DC,0500BA60,000001E5
486,50060800,FF7000B8,000403D3,FFB00001,00010003,001E1747,3A004E20,2801F337,D0FEE8DB,0500CCA0,000001E6
487,50952300,FF6A00B5,000403D2,FFAE0003,00010003,001E172F,3A004E20,2801F36D,E0FED8DB,0500DEA0,000001E7
488,50114100,FF6A008E,000403D2,FFAC0005,00010003,001E1716,3A004E20,2801F3A9,E0FEC0DB,0500DFE0,000001E8
489,56123100,FF5E003C,000203D2,FFA90004,00010003,001F16FC,3C004E20,2801F3DE,E0FEA8DC,0500E060,000001E9
490,44942200,FF59FFF9,000003D3,FFA60002,00010003,001E16E3,3E004E20,2801F405,E0FE98DD,0500EFE0,000001EA
491,50056600,FF53FFCF,FFFE03D5,FFA30000,00000003,001E16C8,3E004E20,2801F416,E0FE80DD,0500EF20,000001EB
492,50396500,FF4CFFB9,FFFD03D6,FFA0FFFE,00000003,001E16AE,3C004E20,2801F40D,E0FE70DC,0500FE20,000001EC
493,49408100,FF4EFF90,FFFD03D7,FF9EFFFF,00000003,001E1693,3A004E20,2801F3EC,E0FE60DB,0500FC20,000001ED
494,50873400,FF4BFF39,FFFE03D8,FF9D0000,00000003,001E1677,3A004E20,2801F3B7,E0FE48DB,0500F9A0,000001EE
495,51093700,FF48FF2B,000003D8,FF9C0003,FFFF0003,001E165B,3A004E20,2801F376,D0FE38DB,050106E0,000001EF
496,50012500,FF42FF2F,000203D7,FF9C0004,FFFF0003,001E163E,3E004E20,2801F332,D0FE28DC,05010420,000001F0
497,51782700,FF3FFF2E,000303D5,FF9C0004,FFFF0003,001E1621,3E004E20,2801F2F7,D0FE18DD,050101A0,000001F1
498,50299500,FF41FF2E,000303D4,FF9B0002,FFFF0003,001D1603,3E004E20,2801F2CC,D0FE08DD,05010EE0,000001F2
499,49980900,FF34FF2E,000103D3,FF99FFFF,FFFF0004,001D15E5,3C004E20,2801F2BA,D0FDF8DD,05010C20,000001F3
500,51239900,FF34FF2B,FFFF03D3,FF96FFFD,FFFF0004,001D15C6,3A004E20,2801F2C0,D0FDF0DC,05010960,000001F4
501,50706800,FF2DFF2B,FFFD03D3,FF93FFFC,FFFF0004,001D15A6,3A004E20,2801F2DF,D0FDE8DB,050106A0,000001F5
502,49170900,FF2BFF2D,FFFC03D4,FF8FFFFD,FFFF0004,001D1586,3C004E20,2801F311,D0FDD8DB,04010420,000001F6
503,50604900,FF29FF28,FFFB03D5,FF8BFFFF,FFFF0004,001D1565,3E004E20,2801F34D,D0FDD0DC,04010160,000001F7
504,49228300,FF27FF29,FFFC03D7,FF880001,FFFF0004,001C1544,3E004E20,2801F388,D0FDC8DC,04010EA0,000001F8
505,50020900,FF25FF2B,FFFE03D8,FF860003,FFFF0004,001C1522,3E004E20,2801F3BA,D0FDC8DD,04010BE0,000001F9
506,55630800,FF2AFF2D,000103D8,FF850003,FFFF0004,001C1500,3C004E20,2801F3D9,D0FDC0DD,04010960,000001FA
507,47511100,FF25FF2E,000203D7,FF850001,FFFF0004,001C14DE,3A004E20,2801F3E1,D0FDB8DC,040106A0,000001FB
508,51544700,FF23FF31,000303D6,FF85FFFF,FFFF0004,001C14BB,3A004E20,2801F3D1,D0FDB8DB,04010420,000001FC
509,49009700,FF1FFF31,000303D4,FF86FFFD,FFFF0004,001C1498,3A004E20,2801F3AC,D0FDB8DB,0400F160,000001FD
510,49929200,FF20FF34,000103D3,FF87FFFD,FFFF0004,001B1475,3C004E20,2801F7AC,D0FDB0DB,0400FEA0,000001FE
511,55104400,FF1AFF32,000003D2,FF87FFFF,FFFF0004,001B1452,3E004E20,2801F772,D0FDB0DC,0400FC20,000001FF
512,48359400,FF1FFF2C,FFFE03D1,FF870001,FFFF0004,001B142E,3E004E20,2801F73C,D0FDB8DC,0400F960,00000200
513,49903700,FF1CFF60,FFFD03D2,FF860003,FFFF0004,001B140B,3C004E20,2801F715,D0FDB8DD,0400E7E0,00000201
514,51315800,FF1FFFA2,FFFE03D3,FF840004,FFFF0004,001B13E7,3A004E20,2801F703,D0FDB8DD,0400E6E0,00000202
515,50377100,FF22FFA6,FFFF03D5,FF830003,FFFF0004,001B13C4,3A004E20,2801F70A,D0FDC0DC,0400E5A0,00000203
516,51495700,FF28FFA8,000103D6,FF820001,FFFF0004,001B13A0,3C004E20,2801F72A,D0FDC8DB,0400E4A0,00000204
517,50982300,FF26FFA6,000303D7,FF82FFFF,FFFF0004,001B137D,3E004E20,2801F75E,D0FDD0DB,0400D360,00000205
518,52296700,FF24FFAF,000403D7,FF83FFFD,FFFF0004,001B135A,3E004E20,2801F79F,D0FDD8DC,0400D260,00000206
519,48547900,FF29FFAB,000403D6,FF85FFFD,FFFF0004,001B1337,3E004E20,2801F7E2,D0FDE0DD,0500D120,00000207
520,50587100,FF26FFB1,000303D5,FF87FFFF,FFFF0004,001B1315,3C004E20,2801F7E8,D0FDF0DD,0500D020,00000208
521,51666500,FF2BFFAA,000103D4,FF8B0001,00000004,001A12F3,3A004E20,2801F7E8,D0FDF8DD,0500DEE0,00000209
522,50864100,FF28FFAF,FFFF03D3,FF8E0003,00000004,001A12D1,3A004E20,2801F7E8,D0FE00DD,0500CDE0,0000020A
523,51204200,FF32FFA6,FFFD03D2,FF910003,00000004,001A12B0,3C004E20,2801F7E8,D0FE10DC,0500CCA0,0000020B
524,49070700,FF33FFAC,FFFC03D2,FF930001,00000004,001A128F,3E004E20,2801F7E8,D0FE20DB,0500CBA0,0000020C
525,50974600,FF3AFFBA,FFFD03D3,FF94FFFF,00000004,001A126F,3E004E20,2801F7E8,D0FE28DB,0500CAE0,0000020D
526,57771700,FF3BFFD6,FFFF03D4,FF94FFFC,00000004,001A124F,3C004E20,2801F7C7,D0FE38DC,0500BAA0,0000020E
527,42819700,FF3C0005,000103D6,FF94FFFB,00000004,001A1230,3A004E20,2801F788,D0FE48DD,0500BAE0,0000020F
528,50494900,FF41002B,000203D7,FF94FFFC,00000004,001A1211,3A004E20,2801F753,D0FE58DD,0500BB60,00000210
529,50452600,FF41004E,000303D8,FF94FFFE,00000004,001A11F2,3A004E20,2801F730,D0FE68DC,0500BCA0,00000211
530,51668100,FF440064,000203D8,FF950001,00000003,001A11D4,3C004E20,2801F724,D0FE78DC,0500BDE0,00000212
531,49349800,FF490074,000103D7,FF970003,00000003,001A11B7,3E004E20,2801F731,D0FE90DB,0500BF60,00000213
532,51330300,FF4E0080,FFFF03D6,FF990003,00000003,001B119A,3E004E20,2801F753,D0FEA0DB,0500B0E0,00000214
533,49682100,FF500089,FFFD03D5,FF9D0002,00010003,001B117D,3E004E20,2801F786,D0FEB0DB,0500B2A0,00000215
534,53663700,FF56008E,FFFC03D3,FFA0FFFF,00010003,001B1161,3C004E20,2801F7BF,D0FEC8DC,0500B460,00000216
535,46368600,FF5B0092,FFFC03D3,FFA4FFFD,00010003,001B1146,3A004E20,2801F7E8,D0FED8DD,0500B660,00000217
536,51198200,FF5D0095,FFFE03D3,FFA6FFFD,00010003,001B112B,3A004E20,2801F7E8,D0FEE8DD,0500B820,00000218
537,51671000,FF59009F,000003D4,FFA8FFFE,00010003,001B1110,3C004E20,2801F7E8,D0FEF8DC,0600BA20,00000219
538,51150800,FF5F009F,000203D5,FFA80001,00010003,001B10F7,3E004E20,2801F7E8,D0FF08DB,0600BC20,0000021A
539,49361300,FF6000A3,000403D6,FFA80003,00010003,001B10DD,3E004E20,2801F7E8,D0FF10DB,0600BE20,0000021B
540,50706400,FF5E00A6,000403D7,FFA80004,00010003,001C10C4,3E004E20,2801F7E8,D0FF18DC,0600B020,0000021C
541,50278100,FF6200A9,000303D7,FFA70003,00010003,001C10AB,3A004E20,2801F7E8,D0FF28DC,0600B260,0000021D
542,51572500,FF6500A7,000103D7,FFA70001,00010003,001C1093,3A004E20,2801F7E8,D0FF30DD,0600B460,0000021E
543,52327700,FF6900AA,FFFF03D6,FFA8FFFE,00010003,001C107B,3A004E20,2801F7E8,D0FF30DD,0600B660,0000021F
544,49754700,FF6C00A8,FFFE03D5,FFAAFFFC,00010003,001C1063,3C004E20,2801F7E8,D0FF38DD,0600B8A0,00000220
545,50956500,FF7100AB,FFFD03D3,FFACFFFC,00010003,001C104C,3E004E20,2801F7E8,D0FF40DC,0600BAA0,00000221
546,48521000,FF6A00A6,FFFE03D2,FFAEFFFE,00010003,001C1035,3E004E20,2801F7E8,D0FF40DB,0600BCE0,00000222
547,51064800,FF6800AC,000003D1,FFB00000,00010003,001C101D,3C004E20,2801F7E8,D0FF40DB,0600BEE0,00000223
548,49669000,FF6900AB,000203D2,FFB20002,00010003,001D1006,3A004E20,2801F7E8,D0FF40DC,0600B120,00000224
549,51715400,FF6B00B4,000303D3,FFB30003,00010003,001D0FEF,3A004E20,2801F7E8,D0FF40DD,0600B320,00000225
550,49718200,FF6B00B2,000403D4,FFB20002,00010003,001D0FD8,3A004E20,2801F7E8,D0FF38DD,0600C560,00000226
551,50880600,FF6800B2,000303D6,FFB1FFFF,00010003,001D0FC1,3C004E20,2801F7E8,D0FF38DD,0600C7A0,00000227
552,50149100,FF6D00B2,000203D7,FFAFFFFD,00010003,001D0FAA,3E004E20,2801F7E8,D0FF30DC,0600C9A0,00000228
553,49771900,FF6800B0,FFFF03D7,FFADFFFC,00010003,001D0F92,3E004E20,2801F7E8,D0FF28DB,0600CBE0,00000229
554,49822900,FF6A00B5,FFFD03D7,FFACFFFD,00010003,001D0F7B,3C004E20,2801F7E8,D0FF28DB,0600CE20,0000022A
555,52725800,FF6A00B1,FFFC03D6,FFABFFFF,00010003,001E0F64,3C004E20,2801F7E8,D0FF18DB,0600C060,0000022B
556,47927300,FF6A00B1,FFFC03D5,FFAB0002,00010003,001E0F4C,3A004E20,2801F7E8,D0FF10DC,0600D2A0,0000022C
557,51485900,FF6600AF,FFFD03D4,FFAC0004,00010003,001E0F34,3C004E20,2801F7E8,D0FF10DD,0600D4E0,0000022D
558,49102200,FF6300B4,FFFF03D3,FFAD0004,00010003,001E0F1D,3E004E20,2801F7E8,D0FF00DD,0600D6E0,0000022E
559,51643100,FF6000B3,000103D3,FFAE0003,00010003,001E0F04,3E004E20,2801F7E8,D0FEF8DC,0600D920,0000022F
560,50220900,FF5F00BC,000203D3,FFAF0000,00010003,001E0EEC,3E004E20,2801F7E8,D0FEF0DC,0500EBA0,00000230
561,50774400,FF6100B7,000303D4,FFAEFFFE,00010003,001E0ED4,3C004E20,2801F7E8,E0FEE0DB,0500EDE0,00000231
562,51996200,FF5B00B6,000203D6,FFADFFFD,00010003,001E0EBB,3A004E20,2801F7E8,E0FED8DB,0500EFE0,00000232
563,49357700,FF5F008A,000003D7,FFACFFFF,00010003,001F0EA2,3A004E20,2801F7E8,E0FED0DC,0500F120,00000233
564,49974100,FF5B0038,FFFE03D8,FFAA0001,00010003,001F0E89,3A004E20,2801F7E8,E0FEC0DD,0500F1A0,00000234
565,50780100,FF59FFF7,FFFD03D9,FFA80004,00010003,001F0E70,3C004E20,2801F7E8,E0FEB0DD,0500F120,00000235
566,49165100,FF55FFCF,FFFC03D8,FFA50005,00000003,001F0E56,3E004E20,2801F7E8,E0FEA8DD,0500F060,00000236
567,49009000,FF51FFB6,FFFD03D6,FFA30004,00000003,001E0E3D,3E004E20,2801F7E8,E0FE98DC,0500FF60,00000237
568,50084700,FF4FFFAA,FFFF03D5,FFA20001,00000003,001E0E23,3C004E20,2801F7E8,E0FE88DB,0500FE60,00000238
569,50601000,FF47FFA8,000103D3,FFA1FFFF,00000003,001E0E08,3A004E20,2801F7E8,E0FE78DB,05010D20,00000239
570,50192700,FF4AFFA5,000303D2,FFA1FFFC,00000003,001E0DEE,3A004E20,2801F7E8,E0FE70DB,05010BE0,0000023A
571,49740300,FF4BFFA1,000403D2,FFA1FFFC,00000003,001E0DD3,3C004E20,2801F7E8,E0FE60DC,05010AA0,0000023B
572,49886400,FF49FF84,000403D3,FFA1FFFE,00000003,001E0DB7,3E004E20,2801F7E8,D0FE50DD,050108A0,0000023C
573,48277700,FF49FF39,000203D4,FFA10000,FFFF0003,001E0D9B,3E004E20,2801F7E8,D0FE48DD,050105E0,0000023D
574,51381300,FF42FF26,000003D5,FF9F0003,FFFF0003,001E0D7F,3E004E20,2801F7E8,D0FE38DC,05010320,0000023E
575,51261400,FF42FF2C,FFFE03D6,FF9D0003,FFFF0003,001E0D62,3C004E20,2801F7E8,D0FE30DB,05010060,0000023F
576,50270100,FF3EFF2B,FFFD03D7,FF9B0002,FFFF0003,001D0D45,3A004E20,2801F7E8,D0FE28DB,05010DE0,00000240
577,49861700,FF38FF27,FFFD03D7,FF970000,FFFF0003,001D0D28,3A004E20,2801F7E8,D0FE18DB,05010B20,00000241
578,51844000,FF33FF2B,FFFE03D6,FF94FFFE,FFFF0004,001D0D0A,3C004E20,2801F7E8,D0FE10DC,05010860,00000242
579,50217900,FF34FF2C,000003D5,FF91FFFD,FFFF0004,001D0CEB,3E004E20,2801F7E8,D0FE08DD,050105A0,00000243
580,53223600,FF33FF2B,000203D3,FF90FFFD,FFFF0004,001D0CCC,3E004E20,2801F7E8,D0FE00DD,05010320,00000244
581,47511400,FF32FF31,000303D2,FF8F0000,FFFF0004,001D0CAD,3E004E20,2801F7E8,D0FDF8DD,05010060,00000245
582,50962100,FF37FF2F,000303D1,FF8F0002,FFFF0004,001C0C8D,3C004E20,2801F7E8,D0FDF8DC,0500FDA0,00000246
583,51010200,FF30FF32,000203D2,FF8F0004,FFFF0004,001C0C6E,3A004E20,2801F7E8,D0FDF0DB,0500FAE0,00000247
584,53449200,FF31FF30,000003D3,FF900004,FFFF0004,001C0C4D,3A004E20,2801F7E8,D0FDF0DB,0500F860,00000248
585,48655200,FF2DFF59,FFFE03D4,FF910003,FFFF0004,001C0C2D,3C004E20,2801F7E8,D0FDE8DC,0500F6E0,00000249
586,53318600,FF28FFA4,FFFC03D5,FF910000,FFFF0004,001C0C0C,3E004E20,2801F7E8,D0FDE8DD,0500F5A0,0000024A
587,50407300,FF2BFF9E,FFFB03D7,FF91FFFE,FFFF0004,001C0BEB,3E004E20,2801F7E8,D0FDF0DD,0500E460,0000024B
588,49767100,FF2AFFA4,FFFC03D8,FF90FFFD,FFFF0004,001C0BCA,3E004E20,2801F7E8,D0FDF0DD,0500E320,0000024C
589,49466800,FF2CFFA3,FFFE03D8,FF8EFFFD,FFFF0004,001C0BA9,3C004E20,2801F7E8,D0FDF0DC,0500E220,0000024D
590,52116400,FF2FFFA3,000003D7,FF8D0000,FFFF0004,001C0B88,3A004E20,2801F7E8,D0FDF8DB,0500E0E0,0000024E
591,48975700,FF31FFA7,000203D6,FF8C0002,FFFF0004,001B0B67,3A004E20,2801F7E8,D0FE00DB,0500EFE0,0000024F
592,49660000,FF30FFAC,000303D4,FF8B0003,FFFF0004,001B0B47,3C004E20,2801F7E8,D0FE00DB,0500EEA0,00000250
593,51087100,FF37FFA6,000303D3,FF8B0003,00000004,001B0B26,3E004E20,2801F7E8,D0FE08DC,0500ED60,00000251
594,51079700,FF2FFFAB,000203D3,FF8D0001,00000004,001B0B05,3E004E20,2801F7E8,D0FE08DD,0500EC60,00000252
595,50137000,FF34FFA8,000003D3,FF8FFFFE,00000004,001B0AE5,3E004E20,2801F7E8,D0FE18DD,0500DB20,00000253
596,50054700,FF30FFA5,FFFE03D4,FF91FFFC,00000004,001B0AC5,3C004E20,2801F7E8,D0FE18DC,0500DA20,00000254
597,49441500,FF33FFA8,FFFD03D5,FF94FFFC,00000004,001B0AA5,3A004E20,2801F7E8,D0FE20DB,0500D8E0,00000255
598,52547600,FF37FFA5,FFFD03D7,FF96FFFD,00000004,001B0A86,3A004E20,2801F7E8,D0FE28DB,0500D7E0,00000256
599,49061100,FF39FFA8,FFFF03D8,FF970000,00000004,001B0A66,3C004E20,2801F7E8,D0FE30DB,0500D6A0,00000257
600,52424900,FF3AFFA8,000103D8,FF970002,00000004,001B0A47,3E004E20,2801F7E8,D0FE38DC,0500C5A0,00000258
601,49628600,FF3FFFBA,000303D8,FF970003,00000004,001B0A28,3E004E20,2801F7E8,D0FE40DD,0500C4E0,00000259
602,50781300,FF40FFDC,000403D6,FF960002,00000004,001B0A0A,3C004E20,2801F7E8,D0FE50DD,0500C460,0000025A
603,52544700,FF430004,000503D5,FF950000,00000004,001B09EC,3A004E20,2801F7E8,D0FE58DD,0500C4A0,0000025B
604,49284100,FF44002C,000403D3,FF94FFFE,00000004,001B09CE,3A004E20,2801F7E8,D0FE60DC,0500C560,0000025C
605,50549200,FF440051,000203D2,FF95FFFD,00000003,001B09B0,3A004E20,2801F7E8,D0FE70DB,0500B660,0000025D
606,52146500,FF470066,FFFF03D2,FF96FFFD,00000003,001B0993,3C004E20,2801F7E8,D0FE80DB,0500B7A0,0000025E
607,49216800,FF490071,FFFE03D2,FF98FFFF,00000003,001B0976,3E004E20,2801F7E8,D0FE88DC,0500B920,0000025F
608,52273200,FF4A0082,FFFD03D3,FF9B0002,00000003,001B0959,3E004E20,2801F7E8,D0FE98DC,0500CAE0,00000260
609,49011500,FF500088,FFFD03D5,FF9E0004,00010003,001B093C,3E004E20,2801F7E8,D0FEA8DD,0500CCA0,00000261
610,49849500,FF550093,FFFE03D6,FFA10004,00010003,001B0921,3C004E20,2801F7E8,D0FEB8DD,0500CE60,00000262
611,52023200,FF560097,000003D7,FFA30003,00010003,001C0905,3A004E20,2801F7E8,D0FEC0DC,0500C060,00000263
612,49773600,FF56009F,000203D7,FFA40000,00010003,001C08EA,3C004E20,2801F7E8,D0FED0DB,0500C260,00000264
613,50601300,FF5C00A4,000303D6,FFA5FFFD,00010003,001C08CF,3C004E20,2801F7E8,D0FED8DB,0500C460,00000265
614,51893500,FF5700A7,000303D5,FFA5FFFC,00010003,001C08B5,3E004E20,2801F7E8,D0FEE0DB,0500C660,00000266
615,51131400,FF5700A8,000103D4,FFA4FFFD,00010003,001C089B,3E004E20,2801F7E8,D0FEF0DC,0500C860,00000267
616,49334900,FF5C00A8,FFFF03D3,FFA4FFFF,00010003,001C0881,3C004E20,2801F7E8,D0FEF8DD,0600CA60,00000268
617,50077900,FF5B00A7,FFFD03D2,FFA40001,00010003,001C0867,3A004E20,2801F7E8,D0FEF8DD,0600CCA0,00000269
618,49552800,FF5C00A9,FFFC03D2,FFA50003,00010003,001C084E,3A004E20,2801F7E8,D0FF00DD,0600CEA0,0000026A
619,50794300,FF6400A9,FFFC03D3,FFA60002,00010003,001D0835,3A004E20,2801F7E8,D0FF08DC,0600C0E0,0000026B
620,50946200,FF6100A8,FFFD03D4,FFA90001,00010003,001D081D,3C004E20,2801F7E8,D0FF08DB,0600D2E0,0000026C
621,55936400,FF6400AD,FFFF03D6,FFABFFFE,00010003,001D0804,3E004E20,2801F7E8,D0FF08DB,0600D520,0000026D
622,45388000,FF6300AE,000203D7,FFADFFFC,00010003,001D07EC,3E004E20,2801F7E8,D0FF10DC,0600D760,0000026E
623,49225000,FF6300B1,000303D8,FFAFFFFC,00010003,001D07D3,3C004E20,2801F7E8,D0FF08DD,0600D960,0000026F
624,50912600,FF5F00B2,000403D8,FFAFFFFD,00010003,001D07BB,3A004E20,2801F7E8,D0FF08DD,0600DBA0,00000270
625,51227800,FF5E00B5,000303D8,FFAF0000,00010003,001D07A3,3A004E20,2801F7E8,D0FF08DD,0600DDE0,00000271
626,50165000,FF5E00B4,000103D6,FFAE0003,00010003,001E078A,3A004E20,2801F7E8,D0FF00DC,0600D020,00000272
627,55899400,FF6100B2,000003D5,FFAC0004,00010003,001E0772,3E004E20,2801F7E8,D0FF00DB,0600D260,00000273
628,44141600,FF5D00B4,FFFE03D4,FFAA0003,00010003,001E075A,3E004E20,2801F7E8,D0FEF8DB,0600E460,00000274
629,50249300,FF6100B5,FFFD03D3,FFA80001,00010003,001E0741,3E004E20,2801F7E8,D0FEF0DB,0500E6A0,00000275
630,52932900,FF5F00B1,FFFE03D3,FFA7FFFF,00010003,001E0728,3C004E20,2801F7E8,D0FEE8DC,0500E8E0,00000276
631,47559300,FF6000B7,FFFF03D3,FFA7FFFD,00010003,001E0710,3A004E20,2801F7E8,D0FEE8DD,0500EB20,00000277
632,50535800,FF5D00B6,000103D5,FFA7FFFE,00010003,001E06F7,3A004E20,2801F7E8,E0FEE0DD,0500FD60,00000278
633,52829500,FF5C00B7,000303D6,FFA8FFFF,00010003,001E06DE,3C004E20,2801F7E8,E0FED0DC,0500FFA0,00000279
634,47802000,FF54008C,000403D7,FFAA0002,00010003,001F06C5,3E004E20,2801F7E8,E0FED0DB,0500F0E0,0000027A
635,49084700,FF4E003B,000403D8,FFAB0004,00010003,001F06AC,3E004E20,2801F7E8,E0FEC0DB,0500F120,0000027B
636,50407900,FF58FFFC,000203D8,FFAB0005,00010003,001F0692,3E004E20,2801F7E8,E0FEB8DB,0500F0E0,0000027C
637,51024300,FF4BFFD1,000003D6,FFAB0003,00000003,001F0679,3C004E20,2801F7E8,E0FEA8DC,05010020,0000027D
638,51637000,FF57FFBC,FFFE03D5,FFA90001,00000003,001E065F,3A004E20,2801F7E8,E0FEA0DD,05010F20,0000027E
639,51480000,FF4FFFB0,FFFC03D3,FFA6FFFE,00000003,001E0646,3A004E20,2801F7E8,E0FE90DD,05010E20,0000027F
640,49716900,FF51FFA2,FFFC03D2,FFA3FFFC,00000003,001E062C,3A004E20,2801F7E8,E0FE80DD,05010CE0,00000280
641,53154100,FF4DFFA4,FFFD03D1,FFA0FFFD,00000003,001E0611,3C004E20,2801F7E8,E0FE78DC,05010BA0,00000281
642,47734700,FF4CFF9C,FFFF03D2,FF9EFFFF,00000003,001E05F6,3E004E20,2801F7E8,E0FE68DB,05010A60,00000282
643,50341900,FF48FF9F,000103D3,FF9C0001,00000003,001E05DB,3E004E20,2801F7E8,D0FE60DB,05010920,00000283
644,50508100,FF44FF82,000203D4,FF9C0003,00000003,001E05C0,3C004E20,2801F7E8,D0FE58DC,05010720,00000284
645,53070900,FF3EFF35,000303D6,FF9C0003,FFFF0003,001E05A4,3A004E20,2801F7E8,D0FE48DD,05010460,00000285
646,48321000,FF45FF2B,000203D7,FF9C0002,FFFF0003,001E0587,3A004E20,2801F7E8,D0FE38DD,050101A0,00000286
647,50569000,FF43FF2F,000003D7,FF9DFFFF,FFFF0003,001D056B,3C004E20,2801F7E8,D0FE30DD,05010EE0,00000287
648,48726900,FF3EFF29,FFFE03D7,FF9CFFFD,FFFF0003,001D054D,3E004E20,2801F7E8,D0FE28DC,05010C20,00000288
649,51332500,FF3EFF27,FFFD03D6,FF9BFFFD,FFFF0003,001D0530,3E004E20,2801F7E8,D0FE20DB,050109A0,00000289
650,51762600,FF3CFF2C,FFFC03D5,FF9AFFFE,FFFF0004,001D0512,3E004E20,2801F7E8,D0FE18DB,050106E0,0000028A
651,55789800,FF39FF27,FFFD03D3,FF970001,FFFF0004,001D04F4,3C004E20,2801F7E8,D0FE10DB,05010420,0000028B
652,44788100,FF35FF2A,FFFE03D3,FF950003,FFFF0004,001D04D5,3A004E20,2801F7E8,D0FE08DC,0500F160,0000028C
653,51651600,FF33FF2B,000103D2,FF920004,FFFF0004,001C04B6,3A004E20,2801F7E8,D0FE00DD,0500FEE0,0000028D
654,48922900,FF30FF58,000303D3,FF8F0004,FFFF0004,001C0497,3C004E20,2801F7E8,D0FE00DD,0500FD60,0000028E
655,51788500,FF2CFFA6,000403D4,FF8E0001,FFFF0004,001C0477,3E004E20,2801F7E8,D0FE00DC,0500FC20,0000028F
656,49601700,FF2EFFA4,000403D6,FF8EFFFF,FFFF0004,001C0457,3E004E20,2801F7E8,D0FE00DC,0500FAE0,00000290
657,50592700,FF31FFA6,000303D7,FF8EFFFD,FFFF0004,001C0437,3C004E20,2801F7E8,D0FDF8DB,0500F9A0,00000291
658,51295300,FF34FFA8,000103D8,FF90FFFD,FFFF0004,001C0417,3A004E20,2801F7E8,D0FE00DB,0500F860,00000292
659,50710900,FF31FFA4,FFFF03D8,FF91FFFF,FFFF0004,001C03F7,3A004E20,2801F7E8,D0FE00DC,0500E760,00000293
660,50165300,FF34FFA2,FFFE03D8,FF930001,FFFF0004,001C03D7,3A004E20,2801F76A,D0FE00DD,0500E620,00000294
661,50164600,FF2FFFA6,FFFD03D7,FF940003,FFFF0004,001C03B6,3C004E20,2801F767,D0FE08DD,0500E4E0,00000295
662,52366800,FF30FFA2,FFFE03D5,FF940003,FFFF0004,001C0396,3E004E20,2801F74B,D0FE08DD,0500E3E0,00000296
663,48754600,FF30FFA5,000003D4,FF930002,00000004,001C0376,3E004E20,2801F71A,D0FE10DC,0500E2A0,00000297
664,52132900,FF32FFA6,000203D3,FF92FFFF,00000004,001C0356,3E004E20,2801F6DA,D0FE10DB,0500E160,00000298
665,50288000,FF2FFFA8,000303D2,FF91FFFD,00000004,001C0336,3C004E20,2801F697,D0FE18DB,0500E060,00000299
666,50720800,FF34FFAA,000403D3,FF90FFFC,00000004,001B0316,3A004E20,2801F65A,D0FE20DB,0500EF20,0000029A
667,50606900,FF39FFAB,000303D4,FF8FFFFC,00000004,001B02F7,3A004E20,2801F62C,D0FE20DC,0500EE20,0000029B
668,50495400,FF38FFA9,000103D5,FF8FFFFE,00000004,001B02D7,3C004E20,2801F615,D0FE28DD,0500DCE0,0000029C
669,50824200,FF3EFFAA,FFFF03D6,FF910001,00000004,001B02B8,3E004E20,2801F618,D0FE30DD,0500DBA0,0000029D
670,50331500,FF38FFA6,FFFD03D7,FF930003,00000004,001B0299,3E004E20,2801F634,D0FE38DC,0500DAA0,0000029E
671,51694700,FF3EFFA9,FFFC03D7,FF950003,00000004,001B027A,3E004E20,2801F665,D0FE38DB,0500D9A0,0000029F
672,50456300,FF3BFFB3,FFFC03D6,FF970002,00000004,001B025C,3A004E20,2801F6A2,D0FE40DB,0500C8A0,000002A0
673,54879300,FF3AFFD3,FFFE03D5,FF99FFFF,00000004,001B023D,3A004E20,2801F6E2,D0FE48DB,0500C860,000002A1
674,46721300,FF420005,000003D3,FF9AFFFD,00000004,001B021F,3A004E20,2801F719,D0FE58DC,0500C8A0,000002A2
675,50205300,FF400029,000203D2,FF9AFFFC,00000004,001B0201,3C004E20,2801F740,D0FE60DD,0500C960,000002A3
676,50275900,FF47004A,000303D1,FF9AFFFE,00000003,001B01E4,3E004E20,2801F750,D0FE68DD,0500CA60,000002A4
677,50687600,FF4B0067,000303D2,FF990000,00000003,001B01C6,3E004E20,2801F747,D0FE78DD,0500CBA0,000002A5
678,52379400,FF4B0078,000203D2,FF980003,00000003,001B01A9,3C004E20,2801F728,D0FE80DC,0500CD20,000002A6
679,50049500,FF520084,000003D4,FF980004,00000003,001B018C,3A004E20,2801F6F8,D0FE90DB,0500CEE0,000002A7
680,54089800,FF4C0090,FFFE03D5,FF990004,00010003,001C0170,3A004E20,2801F6BF,D0FEA8DB,0500C0A0,000002A8
681,45612900,FF51008F,FFFD03D7,FF9B0002,00010003,001C0154,3A004E20,2801F689,D0FEB8DC,0500C260,000002A9
682,51253400,FF4E0099,FFFD03D8,FF9DFFFF,00010003,001C0138,3C004E20,2801F65E,D0FEC8DD,0500C460,000002AA
683,51603600,FF52009C,FFFE03D8,FFA1FFFD,00010003,001C011D,3E004E20,2801F647,D0FEE0DD,0600D660,000002AB
684,51008400,FF54009F,000003D7,FFA6FFFD,00010003,001C0102,3E004E20,2801F647,D0FF00DD,0600D860,000002AC
685,51099900,FF5C00A8,000203D6,FFAAFFFE,00010003,001C00E9,3C004E20,2801F661,D0FF18DC,0600DA60,000002AD
686,50659500,FF5E00A8,000403D4,FFAD0000,00010003,001C00D0,3C004E20,2801F690,D0FF30DB,0600DC60,000002AE
687,51897100,FF6400AD,000503D3,FFB00002,00010003,001C00B8,3A004E20,2801F6CE,D0FF60DB,0600DEA0,000002AF
688,47382900,FF6700AC,000403D3,FFB20003,00010003,001D00A0,3C004E20,2801F710,D0FF80DB,0600D0A0,000002B0
689,49664400,FF6900B2,000203D3,FFB40002,00010003,001D008A,3E004E20,2801F74C,D0FFA8DC,0600D2E0,000002B1
690,52801200,FF6E00AE,000003D4,FFB5FFFF,00010003,001D0074,3E004E20,2801F2EC,D0FFD0DD,0600D4E0,000002B2
691,47940000,FF6F00AF,FFFE03D5,FFB7FFFD,00010003,001D005F,3E004E20,2801F303,D0FFF8DD,0600D720,000002B3
692,55011500,FF7300AC,FFFD03D7,FFBAFFFC,00010003,001D004C,3C004E20,2801F300,D0FFF8DC,0600D960,000002B4
693,45251900,FF7A00B1,FFFD03D8,FFBDFFFC,00010003,001D0039,3A004E20,2801F2E4,D0FFF8DB,0600CBA0,000002B5
694,52894900,FF8200B1,FFFF03D8,FFC1FFFE,00010003,001D0027,3A004E20,2801F2B3,D0FFF8DB,0600CDA0,000002B6
695,48414900,FF8000AF,000003D8,FFC60001,00010002,001D0016,3A004E20,2801F275,D0FFF8DB,0700CFE0,000002B7
696,52124600,FF9000B6,000203D7,FFCB0003,00010002,001E0006,3C004E20,2801F234,D0FFF8DC,0700C220,000002B8
697,47523800,FF9300B7,000303D5,FFD00004,00010002,001EFFF7,3E004E20,2801F1FB,D0FFF8DD,0700B460,000002B9
698,51193600,FF9900B6,000303D4,FFD40002,00010002,001EFFE9,3E004E20,2801F1D1,D0FFF8DD,0700B6A0,000002BA
699,48848500,FF9A00BA,000203D2,FFD80000,00010002,001EFFDC,3C004E20,2801F1BE,D0FFF8DD,0700B8E0,000002BB
700,52764400,FF9E00B8,000003D2,FFDAFFFE,00010002,001EFFD0,3A004E20,2801F1C3,D0FFF8DC,0700AB20,000002BC
701,48272900,FFA500B7,FFFE03D2,FFDCFFFD,00010002,001EFFC4,3A004E20,2801F1E0,E0FFF8DB,0700ADA0,000002BD
702,51595100,FFA500B6,FFFC03D3,FFDDFFFE,00010002,001EFFBA,3C004E20,2801F20E,E0FFF8DB,0700AFE0,000002BE
703,50262000,FFAE00B7,FFFC03D4,FFDD0000,00010002,001FFFB0,3E004E20,2801F246,E007F8DC,00009220,000002BF
704,49233000,FFC000B6,FFFD03D6,FFE70003,00010001,001FFFA9,3E004E20,2801F27C,E007F8DC,00009460,000002C0
705,52507000,FFCC00BA,FFFF03D7,FFEE0004,00010001,001FFFA4,3E004E20,2801F2A9,E007F8DD,000096E0,000002C1
706,49335000,FFD300BB,000103D7,FFF40004,00010001,001FFFA1,3C004E20,2801F2C2,E007F8DD,00008920,000002C2
707,50758000,FFD900BC,000303D7,FFF90002,00010001,001FFF9F,3A004E20,2801F2C4,E007F8DC,00007BA0,000002C3
708,49436800,FFE000C1,000403D5,FFFEFFFF,00010001,001FFF9E,3A004E20,2801F2AE,E007F8DB,00006DE0,000002C4
709,51509300,FFE200C1,000403D4,0001FFFD,00010001,0020FF9E,3C004E20,2801F282,E007F8DB,00005060,000002C5
710,50958400,FFE700C1,000203D3,0003FFFC,00010001,0020FF9F,3E004E20,2801F248,E007F8DB,000042A0,000002C6
711,48763300,FFEE00C1,000003D2,0005FFFD,00010001,0020FF9F,3E004E20,2801F208,E007F8DC,00003520,000002C7
712,51632700,FFF000C0,FFFE03D2,00050000,00010000,0020FFA0,3E004E20,2801F1CD,E007F8DC,000027A0,000002C8
713,52886000,FFF800C1,FFFE03D3,00040002,00010000,0020FFA1,3C004E20,2801F1A1,E007F8DD,000019E0,000002C9
714,47728300,FFFC00C1,FFFE03D4,00020003,00010000,0020FFA1,3A004E20,2801F18A,E007F8DD,00001C60,000002CA
715,51745000,FFFB00C2,FFFF03D5,00000002,00010000,0020FFA2,3A004E20,2801F18D,E007F8DC,00001EE0,000002CB
716,50892800,000000C3,000103D7,FFFE0000,00010000,0021FFA2,3C004E20,2801F1A9,E007F8DB,00000160,000002CC
717,52328400,000600C7,000303D8,FFFDFFFD,00010000,0021FFA3,3E004E20,2801F1DA,E007F8DB,000003E0,000002CD
718,49748800,FFFD00C9,000403D8,FFFDFFFC,00010000,0021FFA3,3E004E20,2801F219,E007F8DC,00000660,000002CE
719,50324500,000300CB,000403D8,FFFEFFFD,00010000,0021FFA3,3E004E20,2801F25C,E007F8DD,000008E0,000002CF
720,51958100,FFFE00CC,000303D6,FFFFFFFF,00010000,0021FFA3,3C004E20,2801ECA6,E007F8DD,00000B60,000002D0
721,49572700,FFFD00CC,000103D5,00010001,00010000,0021FFA3,3A004E20,2801ECD2,E007F8DD,00000DE0,000002D1
722,50605500,000200CB,FFFE03D4,00030004,00010000,0022FFA3,3A004E20,2801ECE7,E007F8DD,00000060,000002D2
723,52056400,FFFD00CA,FFFD03D3,00040004,00010000,0022FFA3,3C004E20,2801ECE4,E007F8DC,000002E0,000002D3
724,50182700,000500C9,FFFC03D3,00040003,00010000,0022FFA4,3E004E20,2801ECC9,E007F8DB,00000560,000002D4
725,49884400,000400CC,FFFD03D4,00040001,00010000,0022FFA4,3E004E20,2801EC9D,E007F8DB,000007E0,000002D5
726,51721100,000000CB,FFFE03D5,0003FFFE,00010000,0022FFA4,3E004E20,2801EC66,E007F8DC,00000AA0,000002D6
727,50997200,000300CE,000003D6,0001FFFD,00010000,0022FFA4,3C004E20,2BFDEC2F,E007F8DD,00FC0D20,000002D7
728,49922200,000300D0,000203D7,FFFFFFFE,00010000,0022FFA4,3A004E20,2BFDEC01,E007F8DD,00FC0FA0,000002D8
729,48955200,FFF900D3,000303D8,FFFE0000,00010000,0023FFA4,3A004E20,2BFDEBE5,E007F8DC,00FC0260,000002D9
730,49189800,000200D3,000203D8,FFFD0002,00010000,0023FFA4,3C004E20,2BFDEBDF,E007F8DC,00FC04E0,000002DA
731,49503500,FFF800D4,000103D7,FFFE0003,00010000,0023FFA3,3E004E20,2BFDEBF2,E007F8DB,00FC07A0,000002DB
732,51016700,000100D3,FFFF03D5,FFFF0003,00010000,0023FFA3,3E004E20,2BFDEC1A,E007F8DB,00FC0A20,000002DC
733,50481400,FFFD00D4,FFFD03D4,00000001,00010000,0023FFA3,3C004E20,2BFDEC51,E007F8DB,00FC0CE0,000002DD
734,50841500,000300D0,FFFC03D2,0002FFFE,00010000,0023FFA3,3A004E20,2BFDEC8E,E007F8DC,00FC0FA0,000002DE
735,49581300,000200D4,FFFC03D2,0003FFFC,00010000,0024FFA3,3A004E20,2BFDECC7,E007F8DD,00FC0220,000002DF
736,50274800,000100D5,FFFE03D2,0004FFFC,00010000,0024FFA3,3A004E20,2BFDECF3,E007F8DD,00FC04E0,000002E0
737,49882800,000400D4,000003D3,0003FFFD,00010000,0024FFA3,3C004E20,2BFDED09,E007F8DC,00FC07A0,000002E1
738,50619400,FFFA00D9,000203D4,0002FFFF,00010000,0024FFA3,3E004E20,2BFDED06,E007F8DB,00FC0A60,000002E2
739,50271200,000100DC,000403D5,00010002,00010000,0024FFA3,3E004E20,2BFDECEA,E007F8DB,00FC0D20,000002E3
740,57250000,FFFB00DE,000403D7,FFFF0003,00010000,0024FFA3,3E004E20,2BFDECBA,E007F8DB,00FC0FE0,000002E4
741,45580300,000000DF,000303D7,FFFD0002,00010000,0025FFA3,3C004E20,2BFDEC7B,E007F8DC,00FC02A0,000002E5
742,48332800,FFFF00DE,000103D7,FFFC0001,00010000,0025FFA3,3A004E20,2BFDEC38,E007F8DD,00FC0560,000002E6
743,50826900,000100DF,FFFF03D6,FFFCFFFE,00010000,0025FFA3,3C004E20,2BFDEBFC,E007F8DD,00FC0820,000002E7
744,50164500,000300DD,FFFE03D5,FFFCFFFD,00010000,0025FFA3,3C004E20,2BFDEBCF,E007F8DD,00FC0AE0,000002E8
745,51155300,000300DE,FFFD03D4,FFFEFFFD,00010000,0025FFA3,3E004E20,2BFDEBB7,E007F8DC,00FC0DA0,000002E9
746,51889500,000400E0,FFFE03D3,FFFFFFFF,00010000,0026FFA3,3E004E20,2BFDEBB9,E007F8DB,00FC0060,000002EA
747,50941400,000000DE,000003D2,00010002,00010000,0026FFA3,3C004E20,2BFDEBD2,E007F8DB,00FC0360,000002EB
748,53892400,FFFF00E4,000203D3,00020004,00010000,0026FFA3,3A004E20,2BFDEBFE,E007F8DC,00FC0620,000002EC
749,47984300,FFFE00E4,000303D4,00030004,00010000,0026FFA3,3A004E20,2BFDEC36,E007F8DD,00FC08E0,000002ED
750,49622200,000000E6,000403D5,00020003,00010000,0026FFA3,3A004E20,2BFDE522,E007F8DD,00FC0BE0,000002EE
751,50141000,FFFB00E8,000303D7,00010001,00010000,0026FFA3,3C004E20,2BFDE551,E007F8DD,00FC0EA0,000002EF
752,50694100,000600E5,000103D8,0000FFFE,00010000,0027FFA3,3E004E20,2BFDE570,E007F8DC,00FC01A0,000002F0
753,50767100,FFFE00E6,FFFF03D8,FFFEFFFD,00010000,0027FFA3,3E004E20,2BFDE579,E007F8DB,00FC0460,000002F1
754,54648000,000400E4,FFFD03D8,FFFDFFFD,00010000,0027FFA3,3C004E20,2BFDE56A,E007F8DB,00FC0720,000002F2
755,46246800,000200E2,FFFC03D7,FFFDFFFF,00010000,0027FFA3,3A004E20,2BFDE546,E007F8DB,00FC0A20,000002F3
756,51103800,000200E1,FFFC03D5,FFFD0001,00010000,0027FFA3,3A004E20,2BFDE513,E007F8DC,00FC0CE0,000002F4
757,52134100,FFFC00E1,FFFD03D4,FFFE0003,00010000,0027FFA3,3C004E20,2BFDE4D9,E007F8DD,00FC0FA0,000002F5
758,49731300,FFFF00E1,FFFF03D3,00000003,00010000,0028FFA3,3E004E20,2BFDE4A2,E007F8DD,00FC02A0,000002F6
759,49887700,FFFA00E5,000103D3,00020001,00010000,0028FFA3,3E004E20,2BFDE478,E007F8DC,00FC0560,000002F7
760,51273600,FFFF00E4,000303D3,0004FFFE,00010000,0028FFA3,3E004E20,2BFDE461,E007F8DC,00FC0860,000002F8
761,49696200,FFFE00E6,000303D4,0004FFFC,00010000,0028FFA3,3C004E20,2BFDE463,E007F8DB,00FC0B20,000002F9
762,50740000,000000E7,000203D5,0004FFFC,00010000,0028FFA3,3A004E20,2BFDE47E,E007F8DB,00FC0DE0,000002FA
763,50246200,000400E5,000003D7,0003FFFD,00010000,0029FFA3,3A004E20,2BFDE4AE,E007F8DC,00FC00E0,000002FB
764,50299400,000000E4,FFFE03D7,0002FFFF,00010000,0029FFA3,3C004E20,2BFDE4EB,E007F8DD,00FC03A0,000002FC
765,50701200,000300E2,FFFD03D7,00000002,00010000,0029FFA3,3E004E20,2BFDE52D,E007F8DD,00FC06A0,000002FD
766,49827800,000000E0,FFFD03D7,FFFE0003,00010000,0029FFA3,3E004E20,2BFDE56A,E007F8DD,00FC0960,000002FE
767,50810700,FFFE00E3,FFFD03D5,FFFD0003,00010000,0029FFA3,3E004E20,2BFDE597,E007F8DC,00FC0C60,000002FF
768,50984600,FFFB00E2,FFFF03D4,FFFD0001,00010000,0029FFA3,3C004E20,2BFDE5B0,E007F8DB,00FC0F20,00000300
769,51456300,000400E3,000203D2,FFFEFFFF,00010000,002AFFA3,3A004E20,2BFDE5B0,E007F8DB,00FC01E0,00000301
770,50078100,FFF900E6,000403D2,FFFFFFFD,00010000,002AFFA3,3A004E20,2BFDE597,E007F8DB,00FC04E0,00000302
771,52589300,000700E6,000403D2,0000FFFD,00010000,002AFFA3,3A004E20,2BFDE56B,E007F8DC,00FC07A0,00000303
772,49908100,FFFC00EA,000403D2,0002FFFF,00010000,002AFFA3,3C004E20,2BFDE534,E007F8DD,00FC0AA0,00000304
773,48623300,000900E6,000303D4,00030002,00010000,002AFFA3,3E004E20,2BFDE4FA,E007F8DD,00FC0D60,00000305
774,53121200,000100E8,000003D5,00030004,00010000,002BFFA3,3E004E20,2BFDE4C8,E007F8DC,00FC0020,00000306
775,48998100,000300E4,FFFE03D7,00020004,00010000,002BFFA3,3C004E20,2BFDE4A5,E007F8DB,00FC0320,00000307
776,51432200,FFFD00E3,FFFD03D7,00010003,00010000,002BFFA3,3A004E20,2BFDE499,E007F8DB,00FC05E0,00000308
777,51549000,FFFE00E3,FFFD03D8,FFFF0001,00010000,002BFFA3,3A004E20,2BFDE4A4,E007F8DB,00FC08E0,00000309
778,51013200,FFFF00DD,FFFE03D7,FFFDFFFE,00010000,002BFFA3,3C004E20,2BFDE4C5,E007F8DC,00FC0B60,0000030A
779,53804800,FFFD00AC,000003D6,FFFCFFFD,00010000,002BFFA3,3E004E20,2BFDE4F5,E007F8DD,00FC0D20,0000030B
780,47224200,00000047,000203D5,FFFCFFFD,00010000,002BFFA3,3E004E20,2BFDDC81,E007F8DD,00FC0DA0,0000030C
781,49833300,FFFEFFEF,000303D4,FFFCFFFF,00010000,002BFFA3,3E004E20,2801DCB7,E007F8DD,00000CE0,0000030D
782,51714200,0003FFBA,000303D3,FFFD0002,00010000,002BFFA3,3C004E20,2801DCE0,E007F8DC,00000BE0,0000030E
783,48745800,0001FF9D,000203D3,FFFF0003,00000000,002BFFA3,3A004E20,2801DCF7,E007F8DB,00000AA0,0000030F
784,50970500,0005FF8A,000003D4,00010003,00000000,002BFFA3,3A004E20,2801DCF6,E007F8DB,000008E0,00000310
785,50852600,FFFFFF7E,FFFE03D5,00020002,00000000,002BFFA3,3C004E20,2801DCDD,E007F8DC,00000760,00000311
786,49472300,FFFCFF76,FFFC03D7,0003FFFF,00000000,002BFFA3,3E004E20,2801DCAF,E007F8DD,000005A0,00000312
787,57500000,FFFAFF72,FFFC03D8,0003FFFD,00000000,002BFFA3,3E004E20,2801DC73,E007F8DD,000003E0,00000313
788,47617900,0003FF6E,FFFC03D8,0003FFFC,FFFF0000,002BFFA3,3C004E20,2801DC33,E007F8DD,00000220,00000314
789,49733300,FFFCFF71,FFFE03D8,0001FFFD,FFFF0000,002BFFA3,3A004E20,2801DBF7,E007F8DC,00000060,00000315
790,49859900,FFFCFF71,000003D7,00000000,FFFF0000,002AFFA3,3A004E20,2801DBCA,E007F8DB,00000EA0,00000316
791,50212600,0007FF71,000203D6,FFFE0002,FFFF0000,002AFFA3,3A004E20,2801DBB1,E007F8DB,00000CA0,00000317
792,49567600,0003FF74,000303D4,FFFD0004,FFFF0000,002AFFA3,3C004E20,2801DBB1,E007F8DB,00000AE0,00000318
793,50260300,FFFEFF5B,000303D3,FFFD0004,FFFF0000,002AFFA3,3E004E20,2801DBC9,E007F8DC,00000860,00000319
794,49959700,0008FF0A,000203D2,FFFE0002,FFFF0000,002AFFA3,3E004E20,2801DBF4,E007F8DD,00000520,0000031A
795,52729800,FFFAFF04,000003D2,FFFF0000,FFFF0000,002AFFA3,3E004E20,2801DC2C,E007F8DD,00000220,0000031B
796,48931300,0004FEFE,FFFE03D3,0001FFFE,FFFF0000,0029FFA3,3C004E20,2801DC67,E007F8DC,00040EE0,0000031C
797,50158200,FFFAFEFF,FFFD03D4,0003FFFE,FFFF0000,0029FFA3,3A004E20,2801DC9B,E007F8DB,00040BA0,0000031D
798,49332100,0000FF00,FFFD03D6,0004FFFF,FFFF0000,0029FFA3,3A004E20,2801DCC0,E007F8DB,00040860,0000031E
799,50075100,0000FF00,FFFF03D7,00040001,FFFF0000,0029FFA3,3C004E20,2801DCD0,E007F8DB,00040560,0000031F
800,49490700,0002FF01,000103D7,00040003,FFFF0000,0029FFA3,3E004E20,2801DCC8,E0FFF8DC,07040220,00000320
801,50118200,FFF7FF02,000203D7,FFFB0004,FFFF0000,FF28FFA2,3E004E20,2801DCAB,E0FFF8DD,0707FEE0,00000321
802,50264800,FFF1FF06,000403D6,FFF10003,FFFF0000,0028FF9F,3C004E20,2801DC7E,E0FFF8DD,07040BE0,00000322
803,49778800,FFE8FF09,000403D4,FFE80000,FFFF0000,0028FF99,3A004E20,2801DC48,E0FFF8DD,070408A0,00000323
804,50808600,FFDBFF07,000303D3,FFE0FFFD,FFFF0000,0028FF91,3A004E20,2801DC14,E0FFF8DC,070425A0,00000324
805,50611200,FFD5FF08,000103D2,FFD9FFFC,FFFF0001,0028FF88,3A004E20,2801DBEA,E0FFF8DB,06043260,00000325
806,49062300,FFC6FF2D,FFFF03D2,FFD3FFFC,FFFF0001,0028FF7C,3C004E20,2801DBD2,E0FFF8DB,06045060,00000326
807,50352700,FFB9FF76,FFFD03D2,FFCEFFFD,FFFF0001,0027FF6F,3E004E20,2801DBD1,E0FFF8DC,06047EA0,00000327
808,51495800,FFADFF60,FFFC03D4,FFCA0000,FFFF0001,0027FF61,3E004E20,2801DBE8,E0FFD8DC,06009C20,00000328
809,50844400,FFA6FF0E,FFFC03D5,FFC70002,FFFF0001,0027FF51,3C004E20,2801DC14,E0FF98DD,0600B920,00000329
810,50190900,FF9BFF07,FFFE03D7,FFC30003,FFFF0001,0027FF3F,3A004E20,2801D26D,E0FF50DD,0600D5E0,0000032A
811,50378100,FF8CFEED,FFFF03D8,FFC00002,FFFF0002,0027FF2D,3A004E20,2801D2AB,E0FF18DC,0604F1E0,0000032B
812,50964200,FF86FE8B,000103D8,FFBB0000,FFFF0002,0026FF19,3A004E20,2801D2E5,E0FEE0DB,06051D20,0000032C
813,49525200,FF75FE7D,000203D8,FFB6FFFE,FFFE0002,0026FF03,3C004E20,2801D312,E0FEB0DB,05053820,0000032D
814,53827500,FF68FE7E,000203D6,FFB0FFFD,FFFE0002,0026FEED,3E004E20,2801D32A,E0FE80DB,05055360,0000032E
815,47532000,FF5BFE7C,000003D5,FFAAFFFE,FFFE0002,0025FED5,3E004E20,2801D32B,E0FE58DC,05056E60,0000032F
816,50517500,FF4EFE7C,FFFE03D4,FFA40000,FFFE0003,0025FEBC,3E004E20,2801D314,E0FE30DD,050589A0,00000330
817,50324700,FF43FE7C,FFFC03D3,FF9E0003,FFFE0003,0025FEA2,3C004E20,2801D2E8,E0FE08DD,050594A0,00000331
818,51002400,FF3BFE79,FFFB03D3,FF9A0004,FFFE0003,0024FE86,3A004E20,2801D2B0,E0FDE0DD,0505BFE0,00000332
819,51900200,FF31FE7A,FFFB03D3,FF960004,FFFE0003,0024FE69,3C004E20,2801D275,E0FDC0DC,0405CAE0,00000333
820,52363700,FF2AFE5F,FFFD03D5,FF930003,FFFE0004,0024FE4B,3C004E20,2801D23F,E0FDA0DB,0405D520,00000334
821,47697200,FF22FDFE,FFFF03D6,FF900000,FFFE0004,0023FE2B,3E004E20,2801D218,E0FD88DB,0405EEA0,00000335
822,49668700,FF11FDF1,000103D7,FF8DFFFE,FFFE0004,0023FE0B,3E004E20,2801D205,E0FD68DC,0405F7E0,00000336
823,50558600,FF0EFDEE,000303D8,FF8AFFFE,FFFD0004,0023FDE8,3C004E20,2801D209,E0FD50DD,04060120,00000337
824,51960900,FEFBFDF6,000303D7,FF85FFFF,FFFD0004,0022FDC4,3A004E20,2801D223,E0FD30DD,04061AA0,00000338
825,50312800,FEF2FDF3,000303D6,FF800001,FFFD0004,0022FD9F,3A004E20,2801D24E,E0FD18DD,040613E0,00000339
826,52375600,FEE8FDF6,000103D5,FF7A0003,FFFD0005,0021FD79,3A004E20,2801D281,E0FD08DC,03062D60,0000033A
827,49669400,FEDDFDF6,FFFF03D3,FF730003,FFFD0005,0021FD51,3C004E20,2801D2B5,E0FCF8DB,030626A0,0000033B
828,51145000,FED7FDF3,FFFD03D2,FF6D0002,FFFD0005,0021FD27,3E004E20,2801D2DF,E0FCE8DB,03063020,0000033C
829,51698700,FED2FDF5,FFFD03D1,FF670000,FFFD0005,0020FCFC,3E004E20,2801D2F8,E0FCD8DB,03063960,0000033D
830,51928000,FEC7FDF5,FFFD03D1,FF63FFFD,FFFD0005,0020FCD1,3C004E20,2801D2FB,E0FCC8DC,030632E0,0000033E
831,48209300,FEBFFE24,FFFF03D2,FF5FFFFB,FFFD0005,001FFCA3,3A004E20,2801D2E7,E0FCC0DD,03063D60,0000033F
832,49251300,FEB5FE87,000103D3,FF5CFFFB,FFFD0006,001FFC75,3A004E20,2801D2BE,E0FCB8DD,030628A0,00000340
833,51210200,FEACFE8E,000303D5,FF5AFFFD,FFFD0006,001FFC46,3C004E20,2801D287,E0FCB0DC,030623E0,00000341
834,52967800,FEA9FE91,000403D6,FF590000,FFFE0006,001EFC16,3E004E20,2801D24A,E0FCA8DB,03062F20,00000342
835,47541900,FEABFE92,000303D7,FF580002,FFFE0006,001EFBE5,3E004E20,2801D211,E0FCA0DB,03061A60,00000343
836,50128100,FEA0FE94,000203D7,FF560003,FFFE0006,001EFBB4,3E004E20,2801D1E5,D0FCA0DB,030615E0,00000344
837,52530900,FEA4FE95,000003D6,FF540002,FFFE0006,001EFB82,3C004E20,2801D1CC,D0FCA0DC,02060120,00000345
838,49334900,FEA2FE92,FFFD03D4,FF520000,FFFE0006,001DFB4F,3A004E20,2801D1CC,D0FCA0DD,02060C60,00000346
839,49536800,FEA3FE92,FFFC03D3,FF4FFFFE,FFFE0006,001DFB1C,3A004E20,2801D1E3,D0FCA0DD,0205F7E0,00000347
840,53648700,FEA3FE93,FFFC03D2,FF4CFFFD,FFFE0006,001DFAE9,3C004E20,2801C6ED,D0FCA0DD,0205F320,00000348
841,49518900,FEA4FE93,FFFD03D2,FF4AFFFE,FFFE0006,001CFAB6,3E004E20,2801C724,D0FCA0DC,0305EE60,00000349
842,52411000,FE9FFE96,FFFF03D2,FF490000,FFFE0006,001CFA82,3E004E20,2801C760,D0FCA8DB,0305D9E0,0000034A
843,49443100,FEA2FE97,000103D3,FF490003,FFFE0006,001CFA4F,3E004E20,2801C797,D0FCA8DB,0305C560,0000034B
844,49264100,FEA5FE9A,000203D5,FF4A0004,FFFE0006,001CFA1C,3C004E20,2801C7C0,D0FCB0DC,0305B0A0,0000034C
845,50806300,FEA8FE9C,000303D6,FF4C0004,FFFE0006,001BF9E9,3A004E20,2801C7D5,D0FCB8DD,0305AC20,0000034D
846,52263300,FEAAFE9F,000203D7,FF500002,FFFE0006,001BF9B7,3A004E20,2801C7D3,D0FCC0DD,030597A0,0000034E
847,47177100,FEB2FECE,000103D8,FF53FFFF,FFFE0006,001BF984,3C004E20,2801C7BC,D0FCD0DD,03058460,0000034F
848,49969500,FEB6FF2C,FFFF03D7,FF56FFFD,FFFE0006,001BF953,3E004E20,2801C794,D0FCD8DC,030571A0,00000350
849,52825400,FEBFFF2F,FFFD03D7,FF59FFFC,FFFE0006,001AF922,3E004E20,2801C762,D0FCF0DB,03056EE0,00000351
850,49286100,FEC9FF2F,FFFD03D5,FF5CFFFD,FFFE0006,001AF8F2,3E004E20,2801C72F,D0FD00DB,03015C20,00000352
851,52385600,FECEFF30,FFFD03D4,FF5FFFFF,FFFF0006,001AF8C3,3C004E20,2801C705,D0FD18DB,030149A0,00000353
852,50131700,FED9FF30,FFFF03D3,FF620002,FFFF0006,001AF895,3A004E20,2801C6EA,D0FD30DC,040136E0,00000354
853,53341700,FEDEFF34,000203D2,FF650003,FFFF0006,001AF869,3A004E20,2801C6E5,D0FD48DD,04012460,00000355
854,50648400,FEE6FF38,000403D3,FF680002,FFFF0005,001AF83E,3C004E20,2801C6F5,D0FD60DD,040111E0,00000356
855,46721000,FEECFF65,000503D4,FF6D0000,FFFF0005,001AF814,3E004E20,2801C71A,D0FD80DC,04011060,00000357
856,53359100,FEFDFFAD,000503D5,FF73FFFD,FFFF0005,0019F7EC,3E004E20,2801C74E,D0FDA8DC,04010F20,00000358
857,122407700,FF07FFAF,000403D6,FF7AFFFC,FFFF0005,0019F7C6,3E004E20,2801C787,D0FDD0DB,0500FE20,00000359
858,16081000,FF0FFFB2,000203D7,FF82FFFC,FFFF0005,0019F7A1,3C004E20,2801C7BE,D0FDF8DB,0500ED20,0000035A
859,52882600,FF21FFAF,000003D7,FF8AFFFE,FFFF0005,0019F77E,3A004E20,2801C7E8,D0FE28DC,0500DC20,0000035B
860,48582400,FF2BFFBE,FFFE03D7,FF920000,FFFF0004,0019F75D,3A004E20,2801C800,D0FE58DD,0500DB60,0000035C
861,51744700,FF31FFDC,FFFE03D5,FF990003,00000004,0019F73D,3C004E20,2801C801,D0FE88DD,0500CB20,0000035D
862,52225600,FF3D0003,FFFF03D4,FF9F0003,00000004,0019F720,3E004E20,2801C7EA,D0FEC0DD,0500BB60,0000035E
863,48745900,FF47002B,000003D2,FFA40002,00000004,0019F704,3E004E20,2801C7BF,D0FF08DC,0600BC20,0000035F
864,51621200,FF4E004B,000203D2,FFA80000,00000004,0019F6E9,3C004E20,2801C786,D0FF48DB,0600AD20,00000360
865,48812200,FF5E0063,000403D1,FFACFFFE,00000003,0019F6D1,3A004E20,2801C749,D0FF90DB,0600AE60,00000361
866,54495000,FF690074,000403D2,FFB0FFFD,00000003,0019F6BA,3A004E20,2801C711,D0FFE0DB,0600AFE0,00000362
867,49446800,FF75007F,000303D3,FFB5FFFD,00000003,001AF6A4,3A004E20,2801C6E6,D0FFF8DC,06009160,00000363
868,49575300,FF7D0088,000103D5,FFB9FFFF,00010003,001AF690,3C004E20,2801C6CE,D0FFF8DD,06009320,00000364
869,50977000,FF88008D,FFFF03D6,FFBF0002,00010003,001AF67E,3E004E20,2801C6CE,D0FFF8DD,070084E0,00000365
870,51716300,FF8D0091,FFFD03D7,FFC50004,00010002,001AF66D,3E004E20,2801BA49,D0FFF8DC,070086A0,00000366
871,48825200,FF940093,FFFC03D7,FFCB0004,00010002,001AF65D,3E004E20,2801BA70,D0FFF8DB,070088A0,00000367
872,49222300,FF980096,FFFC03D7,FFD00002,00010002,001AF64E,3C004E20,2801BAA0,D0FFF8DB,07007A60,00000368
873,51811500,FF9F0098,FFFE03D6,FFD5FFFF,00010002,001AF640,3A004E20,2801BAD3,D0FFF8DB,07007C60,00000369
874,49220300,FFA7009C,000003D4,FFD8FFFD,00010002,001AF634,3A004E20,2801BAFE,D0FFF8DC,07007E60,0000036A
875,123001400,FFAB009F,000203D3,FFDAFFFC,00010002,001BF628,3C004E20,2801BB1B,D0FFF8DD,07006060,0000036B
876,17913500,FFB100A2,000303D3,FFDAFFFD,00010002,001BF61C,3E004E20,2801BB23,D0FFF8DD,07006260,0000036C
877,51012800,FFB900A4,000303D3,FFDAFFFF,00010002,001BF611,3E004E20,2801BB16,D0FFF8DD,07006460,0000036D
878,50731600,FFB900A5,000203D4,FFDA0001,00010002,001BF607,3C004E20,2801BAF5,D0FFF8DC,07005660,0000036E
879,51261700,FFBE00A6,000003D5,FFD90003,00010001,001BF5FD,3A004E20,2801BAC6,D0FFF8DB,07005860,0000036F
880,50259600,FFBF00A5,FFFF03D6,FFDA0002,00010001,001BF5F3,3A004E20,2801BA8F,D0FFF8DB,07005AA0,00000370
881,50499300,FFBD00A3,FFFD03D8,FFDA0000,00010001,001BF5EA,3A004E20,2801BA5C,D0FFF8DC,07005CA0,00000371
882,53152600,FFC000A3,FFFD03D8,FFDBFFFE,00010001,001BF5E0,3C004E20,2801BA33,D0FFF8DD,07004EA0,00000372
883,48791400,FFBD00A6,FFFE03D8,FFDDFFFC,00010001,001CF5D6,3E004E20,2801BA1C,D0FFF8DD,070040E0,00000373
884,52624300,FFC000A6,000003D7,FFDEFFFD,00010001,001CF5CD,3E004E20,2801BA1B,D0FFF8DD,070042E0,00000374
885,46898900,FFC100A9,000203D6,FFDFFFFE,00010001,001CF5C3,3C004E20,2801BA31,D0FFF8DC,070044E0,00000375
886,50180800,FFC000AC,000403D4,FFDF0001,00010001,001CF5B9,3A004E20,2801BA5B,D0FFF8DB,07004720,00000376
887,51198100,FFC300AE,000403D3,FFDE0003,00010001,001CF5AE,3A004E20,2801BA92,D0FFF8DB,07004920,00000377
888,140231500,FFBE00AF,000403D2,FFDC0004,00010001,001CF5A4,3C004E20,2801BACE,D0FFF8DB,07004B60,00000378
889,16316500,FFC000AE,000203D2,FFDA0003,00010001,001CF599,3E004E20,2801BB06,D0FFF8DC,07004DA0,00000379
890,50779900,FFBA00AF,000003D3,FFD70001,00010001,001CF58D,3E004E20,2801BB31,D0FFF8DD,07004FA0,0000037A
891,50670700,FFB600AD,FFFE03D4,FFD4FFFF,00010001,001DF581,3E004E20,2801BB49,D0FFF8DD,070051E0,0000037B
892,50664700,FFB500AD,FFFD03D6,FFD1FFFD,00010001,001DF575,3C004E20,2801BB4C,D0FFF8DC,07005420,0000037C
893,50986200,FFAE00AE,FFFD03D7,FFCFFFFD,00010001,001DF568,3A004E20,2801BB38,D0FFF8DB,07005620,0000037D
894,49610700,FFAE00AF,FFFE03D7,FFCEFFFF,00010001,001DF55A,3A004E20,2801BB12,D0FFF8DB,06005860,0000037E
895,50283900,FFB000AF,000003D7,FFCE0002,00010001,001DF54C,3C004E20,2801BAE0,D0FFF8DB,06006AA0,0000037F
896,49751100,FFA800B3,000203D6,FFCE0003,00010001,001DF53E,3C004E20,2801BAAD,D0FFF8DC,06006CE0,00000380
897,134110000,FFAC00B4,000303D4,FFCD0003,00010002,001DF52E,3E004E20,2801BA7F,D0FFF8DD,06006F20,00000381
898,17226900,FFA300B6,000203D3,FFCC0002,00010002,001EF51F,3E004E20,2801BA60,D0FFF8DD,06007160,00000382
899,51992600,FFA100B6,000103D2,FFCBFFFF,00010002,001EF50E,3C004E20,2801BA54,D0FFF8DD,060073A0,00000383
900,50234400,FF9900B7,FFFF03D2,FFC8FFFC,00010002,001EF4FD,3A004E20,2801ABB2,D0FFF8DC,060085E0,00000384
901,52772400,FF9400B6,FFFD03D2,FFC5FFFC,00010002,001EF4EC,3A004E20,2801ABCF,D0FFF8DB,06008820,00000385
902,47280100,FF8F00B4,FFFC03D3,FFC1FFFC,00010002,001EF4DA,3A004E20,2801ABFA,D0FFE0DB,06009A60,00000386
903,50219800,FF8D00B4,FFFB03D5,FFBDFFFF,00010002,001EF4C7,3C004E20,2801AC2D,D0FFC0DC,06009CA0,00000387
904,49991400,FF8800B5,FFFC03D6,FFB90001,00010002,001EF4B4,3E004E20,2801AC5E,E0FFA0DC,0600AEE0,00000388
905,50131500,FF8900B4,FFFE03D7,FFB60003,00010002,001FF4A0,3E004E20,2801AC85,E0FF88DD,0600A120,00000389
906,50697500,FF8300B9,000103D8,FFB40003,00010002,001FF48B,3C004E20,2801AC9B,E0FF68DD,0600B360,0000038A
907,56079400,FF7E00BB,000303D8,FFB30001,00010002,001FF476,3A004E20,2801AC9D,E0FF50DC,0600B5E0,0000038B
908,43652800,FF7800BF,000303D6,FFB3FFFF,00010002,001FF460,3A004E20,2801AC88,E0FF38DB,0600C820,0000038C
909,52670600,FF7400BD,000303D5,FFB2FFFD,00010002,001FF44A,3C004E20,2801AC61,E0FF20DB,0600DA60,0000038D
910,150815600,FF6D00BF,000203D4,FFB2FFFD,00010002,001FF433,3E004E20,2801AC2C,E0FF08DB,0600DCE0,0000038E
911,17380400,FF6700B9,000003D3,FFB0FFFF,00010003,001FF41C,3E004E20,2801ABF2,E0FEF8DC,0500EEE0,0000038F
912,52402300,FF61008D,FFFE03D3,FFAF0002,00010003,0020F404,3E004E20,2801ABBB,E0FEE0DC,0500E060,00000390
913,49837100,FF5E003A,FFFD03D4,FFAD0004,00010003,0020F3EB,3C004E20,2801AB90,E0FED0DD,0500F0A0,00000391
914,50217900,FF5CFFF4,FFFD03D5,FFAA0005,00010003,0020F3D3,3A004E20,2801AB78,E0FEB8DD,0500F060,00000392
915,51419900,FF57FFCE,FFFF03D6,FFA70005,00000003,001FF3BA,3A004E20,2801AB75,E0FEA0DC,05010F60,00000393
916,50251400,FF59FF97,000103D7,FFA40002,00000003,001FF3A0,3C004E20,2801AB88,E0FE90DB,05010DA0,00000394
917,50224900,FF51FF41,000303D8,FFA10000,00000003,001FF387,3E004E20,2801ABAC,E0FE80DB,05011B20,00000395
918,51177100,FF4EFF33,000403D8,FF9FFFFE,00000003,001FF36C,3E004E20,2801ABDD,E0FE68DB,05011860,00000396
919,47343400,FF48FF2F,000403D7,FF9EFFFE,FFFF0003,001FF351,3C004E20,2801AC11,E0FE58DD,050115A0,00000397
920,50543700,FF43FF2C,000203D6,FF9EFFFF,FFFF0003,001FF336,3A004E20,2801AC3F,E0FE48DD,050112E0,00000398
921,54115100,FF3FFF2B,000003D4,FF9E0001,FFFF0003,001FF31A,3A004E20,2801AC60,E0FE38DD,05011020,00000399
922,139563800,FF3DFF28,FFFE03D3,FF9E0003,FFFF0003,001EF2FE,3A004E20,2801AC6F,E0FE28DD,05011D60,0000039A
923,43262600,FF39FF28,FFFC03D2,FF9D0003,FFFF0003,001EF2E1,3C004E20,2801AC69,E0FE18DC,05011AA0,0000039B
924,33697600,FF3DFF24,FFFC03D2,FF9C0002,FFFF0004,001EF2C3,3E004E20,2801AC4F,D0FE10DB,050117E0,0000039C
925,47394000,FF37FF27,FFFC03D2,FF9AFFFF,FFFF0004,001EF2A5,3E004E20,2801AC26,D0FE00DB,05011560,0000039D
926,50618000,FF36FF27,FFFE03D3,FF97FFFD,FFFF0004,001EF286,3E004E20,2801ABF5,D0FDF8DC,050112A0,0000039E
927,49961900,FF31FF29,000003D5,FF94FFFC,FFFF0004,001DF267,3C004E20,2801ABC5,D0FDF0DD,05011FE0,0000039F
928,56587400,FF2FFF2A,000203D6,FF90FFFD,FFFF0004,001DF248,3A004E20,2801AB9E,D0FDE8DD,05011D20,000003A0
929,147897200,FF29FF2D,000303D7,FF8EFFFF,FFFF0004,001DF228,3A004E20,2801AB87,D0FDE0DD,05011A60,000003A1
930,17333300,FF27FF2D,000203D7,FF8C0002,FFFF0004,001DF208,3C004E20,28019B24,D0FDD8DC,050117A0,000003A2
931,50416600,FF27FF2C,000103D6,FF8B0003,FFFF0004,001DF1E7,3E004E20,28019B36,D0FDD8DB,040114E0,000003A3
932,50796500,FF24FF2E,FFFF03D5,FF8B0004,FFFF0004,001DF1C6,3E004E20,28019B5B,D0FDD0DB,04011260,000003A4
933,55069500,FF25FF2B,FFFD03D3,FF8C0002,FFFF0004,001CF1A5,3C004E20,28019B8D,D0FDD0DB,04011FA0,000003A5
934,47159500,FF26FF2A,FFFC03D2,FF8D0000,FFFF0004,001CF183,3A004E20,28019BC5,D0FDD0DC,04011CE0,000003A6
935,49562900,FF27FF2A,FFFC03D2,FF8EFFFE,FFFF0004,001CF162,3A004E20,28019BF9,D0FDD0DD,04010A60,000003A7
936,55822700,FF25FF2B,FFFE03D2,FF8EFFFD,FFFF0004,001CF140,3A004E20,28019C23,D0FDD0DD,040107A0,000003A8
937,46389700,FF21FF2F,000003D3,FF8EFFFF,FFFF0004,001CF11E,3C004E20,28019C3B,D0FDD0DC,040104E0,000003A9
938,53491500,FF25FF2D,000303D5,FF8C0001,FFFF0004,001CF0FC,3E004E20,28019C3E,D0FDD8DB,04010260,000003AA
939,48813200,FF1DFF5F,000403D6,FF8B0003,FFFF0004,001CF0DA,3E004E20,28019C2C,D0FDD8DB,0400F0E0,000003AB
940,138508500,FF20FFA6,000403D7,FF890004,FFFF0004,001BF0B8,3C004E20,28019C08,D0FDE0DB,0500FFA0,000003AC
941,22101500,FF23FFA9,000303D8,FF880003,FFFF0004,001BF096,3A004E20,28019BD8,D0FDE8DC,0500FE60,000003AD
942,46297800,FF25FFA9,000103D8,FF870001,FFFF0004,001BF075,3A004E20,28019BA5,D0FDF0DD,0500ED60,000003AE
943,54287200,FF2BFFA8,FFFF03D7,FF88FFFE,FFFF0004,001BF053,3A004E20,28019B76,D0FDF8DD,0500EC20,000003AF
944,50761800,FF2CFFA7,FFFE03D6,FF89FFFC,FFFF0004,001BF032,3C004E20,28019B53,D0FE00DD,0500EAE0,000003B0
945,47247200,FF32FFA5,FFFD03D4,FF8CFFFC,FFFF0004,001BF011,3E004E20,28019B42,D0FE10DC,0500E9E0,000003B1
946,52389700,FF32FFA7,FFFE03D3,FF8FFFFE,FFFF0004,001BEFF1,3E004E20,28019B45,D0FE20DB,0500E8A0,000003B2
947,48681500,FF34FFA6,000003D3,FF920000,00000004,001BEFD1,3E004E20,28019B5B,D0FE28DB,0500D7A0,000003B3
948,50386600,FF35FFA9,000203D3,FF950002,00000004,001BEFB2,3C004E20,28019B80,D0FE38DC,0500D660,000003B4
949,144352600,FF35FFAD,000303D4,FF970003,00000004,001BEF93,3A004E20,28019BAE,D0FE40DD,0500D560,000003B5
950,17694200,FF3AFFBD,000403D5,FF980001,00000004,001BEF74,3A004E20,28019BDC,D0FE50DD,0500C4A0,000003B6
951,52757100,FF3FFFDB,000303D6,FF99FFFF,00000004,001BEF56,3C004E20,28019C02,D0FE60DD,0500C420,000003B7
952,49173300,FF440004,000103D7,FF99FFFD,00000004,001BEF38,3E004E20,28019C19,D0FE70DC,0500C460,000003B8
953,49631100,FF48002D,FFFF03D8,FF99FFFC,00000004,001BEF1B,3E004E20,28019C1D,D0FE88DB,0500C520,000003B9
954,55195100,FF50004A,FFFD03D7,FF99FFFC,00000003,001BEEFE,3C004E20,28019C0C,D0FE98DB,0500C620,000003BA
955,50283000,FF500062,FFFC03D6,FF9AFFFF,00000003,001BEEE2,3A004E20,28019BE9,D0FEA8DB,0500B7A0,000003BB
956,46813300,FF520072,FFFC03D4,FF9C0001,00000003,001BEEC7,3A004E20,28019BB9,D0FEC0DC,0500B920,000003BC
957,49804700,FF56007E,FFFD03D3,FFA00003,00000003,001BEEAB,3A004E20,28019B82,D0FED8DD,0500BAA0,000003BD
958,49920100,FF56008B,FFFF03D2,FFA30004,00010003,001BEE91,3C004E20,28019B4E,D0FEE8DD,0600BC60,000003BE
959,50479600,FF590092,000103D2,FFA70002,00010003,001BEE77,3E004E20,28019B25,D0FF00DC,0600BE60,000003BF
960,51086500,FF5B009C,000303D2,FFAB0000,00010003,001CEE5D,3E004E20,28018A6A,D0FF18DC,0600B020,000003C0
961,139723100,FF6000A0,000303D3,FFAEFFFE,00010003,001CEE44,3C004E20,28018A67,D0FF28DB,0600B220,000003C1
962,16556900,FF6500A2,000203D5,FFB0FFFD,00010003,001CEE2C,3A004E20,28018A78,D0FF38DB,0600B420,000003C2
963,51859400,FF6700A6,000103D6,FFB1FFFE,00010003,001CEE14,3A004E20,28018A9B,D0FF50DC,0600B620,000003C3
964,62067400,FF6C00A4,FFFF03D7,FFB10000,00010003,001CEDFD,3C004E20,28018AC9,D0FF60DD,0600B860,000003C4
965,42985800,FF6C00A6,FFFD03D7,FFB10003,00010003,001CEDE6,3E004E20,28018AFC,D0FF68DD,0600BA60,000003C5
966,48467000,FF6B00A8,FFFD03D7,FFB00004,00010003,001CEDCF,3E004E20,28018B2B,D0FF78DD,0600BC60,000003C6
967,55493700,FF6C00A8,FFFE03D6,FFB00003,00010003,001CEDB9,3E004E20,28018B4F,D0FF80DC,0600BEA0,000003C7
968,55507500,FF6E00A9,000003D4,FFB10001,00010003,001DEDA3,3C004E20,28018B62,D0FF88DB,0600B0A0,000003C8
969,142158100,FF6E00AD,000203D3,FFB3FFFE,00010003,001DED8E,3A004E20,28018B62,D0FF90DB,0600B2E0,000003C9
970,19094400,FF7300AE,000403D2,FFB5FFFC,00010003,001DED78,3A004E20,28018B4F,D0FF98DB,0600B520,000003CA
971,49687900,FF7400B3,000503D2,FFB7FFFC,00010003,001DED63,3C004E20,28018B2D,D0FF98DC,0600B720,000003CB
972,51538500,FF7700B4,000403D3,FFB9FFFD,00010003,001DED4E,3C004E20,28018B02,D0FF98DD,0600B960,000003CC
973,49702300,FF7A00B3,000303D5,FFBA0000,00010003,001DED39,3E004E20,28018AD6,D0FFA0DD,0600BBA0,000003CD
974,51547500,FF7800B5,000003D6,FFBB0002,00010003,001DED24,3E004E20,28018AB0,D0FF98DC,0600BDE0,000003CE
975,52327500,FF7A00B1,FFFE03D8,FFBA0003,00010003,001DED0F,3C004E20,28018A99,D0FF98DB,0600CFE0,000003CF
976,53747200,FF7600B3,FFFD03D8,FFB90002,00010003,001EECFB,3A004E20,28018A93,D0FF98DB,0600C220,000003D0
977,47559100,FF7500B1,FFFD03D8,FFB70000,00010003,001EECE6,3A004E20,28018AA1,D0FF90DB,0600C460,000003D1
978,51024900,FF7200B5,FFFE03D7,FFB5FFFE,00010003,001EECD1,3C004E20,28018AC1,D0FF88DC,0600C6A0,000003D2
979,51916900,FF7600B2,000003D6,FFB3FFFD,00010003,001EECBC,3E004E20,28018AED,D0FF80DD,0600C8E0,000003D3
980,50355000,FF7400B8,000203D5,FFB2FFFD,00010003,001EECA7,3E004E20,28018B20,D0FF78DD,0600CB20,000003D4
981,51070100,FF7300BB,000303D3,FFB20000,00010003,001EEC92,3E004E20,28018B51,E0FF70DD,0600CD60,000003D5
982,138340000,FF7600BB,000303D2,FFB20002,00010003,001EEC7C,3C004E20,28018B78,E0FF68DC,0600DFA0,000003D6
983,16395100,FF7700B8,000203D2,FFB30004,00010003,001FEC67,3A004E20,28018B8F,E0FF58DB,0600D220,000003D7
984,50369300,FF6E00C0,000003D3,FFB40004,00010003,001FEC51,3A004E20,28018B93,E0FF50DB,0600D460,000003D8
985,52476100,FF6E00BB,FFFE03D4,FFB50003,00010003,001FEC3B,3C004E20,28018B81,E0FF48DC,0600E6A0,000003D9
986,50304200,FF6C00B7,FFFC03D6,FFB50000,00010003,001FEC25,3E004E20,28018B5E,E0FF38DD,0600E8E0,000003DA
987,57911500,FF6600BC,FFFB03D7,FFB4FFFE,00010003,001FEC0E,3E004E20,28018B2F,E0FF30DD,0600EB60,000003DB
988,43766100,FF6500B9,FFFC03D7,FFB3FFFD,00010003,001FEBF8,3E004E20,28018AFB,E0FF20DD,0600FDA0,000003DC
989,52587300,FF6400B6,FFFE03D7,FFB0FFFE,00010003,001FEBE1,3C004E20,28018ACA,E0FF18DC,0600FFE0,000003DD
990,49106400,FF64008C,000003D6,FFAE0000,00010003,0020EBCA,3A004E20,2801785D,E0FF08DB,0600F120,000003DE
991,50650600,FF61003C,000203D5,FFAC0003,00010003,0020EBB2,3A004E20,28017848,E0FF00DB,060101A0,000003DF
992,52475900,FF60FFF9,000303D3,FFAB0004,00010003,0020EB9B,3C004E20,28017847,E0FEF0DB,06010120,000003E0
993,49713600,FF5CFFD3,000303D2,FFAA0003,00010003,0020EB84,3E004E20,28017857,E0FEE0DC,05010060,000003E1
994,50983000,FF58FFBD,000203D1,FFAA0001,00000003,001FEB6C,3E004E20,28017876,E0FED0DD,05010F60,000003E2
995,47662700,FF58FFAA,000003D2,FFABFFFF,00000003,001FEB54,3C004E20,2801789F,E0FEC0DD,05010E20,000003E3
996,138398600,FF52FFA4,FFFE03D3,FFABFFFC,00000003,001FEB3B,3A004E20,280178CA,E0FEB0DC,05010D20,000003E4
997,17687900,FF4FFF9F,FFFD03D4,FFACFFFC,00000003,001FEB22,3A004E20,280178EE,E0FEA0DB,05010BE0,000003E5
998,52821400,FF4FFF7C,FFFD03D6,FFACFFFE,00000003,001FEB09,3A004E20,28017907,E0FE90DB,050109A0,000003E6
999,47561000,FF51FF2B,FFFF03D7,FFAB0001,FFFF0003,001FEAF0,3C004E20,2801790F,E0FE80DB,050116E0,000003E7
1000,52088100,FF4DFF29,000103D8,FFA90003,FFFF0003,001FEAD6,3E004E20,28017904,E0FE78DC,05011420,000003E8
1001,52174600,FF4DFF27,000303D7,FFA60004,FFFF0003,001FEABB,3E004E20,280178E8,E0FE68DD,05011160,000003E9
1002,46651700,FF4CFF28,000403D6,FFA20003,FFFF0003,001EEAA0,3E004E20,280178BF,E0FE58DD,05011EA0,000003EA
1003,49418500,FF45FF2D,000403D5,FF9F0001,FFFF0003,001EEA85,3C004E20,28017891,E0FE50DD,05011BE0,000003EB
1004,50284800,FF44FF2B,000303D4,FF9CFFFF,FFFF0003,001EEA69,3A004E20,28017863,E0FE40DC,05011920,000003EC
1005,51160900,FF3FFF2B,000103D3,FF9AFFFD,FFFF0003,001EEA4D,3A004E20,2801783E,D0FE38DB,05011660,000003ED
1006,135775900,FF3DFF28,FFFF03D3,FF99FFFE,FFFF0003,001EEA30,3C004E20,28017828,D0FE30DB,050113E0,000003EE
1007,17615100,FF39FF2A,FFFD03D3,FF980000,FFFF0003,001EEA13,3E004E20,28017825,D0FE28DC,05011120,000003EF
1008,49735800,FF3AFF27,FFFC03D4,FF990002,FFFF0004,001DE9F6,3E004E20,28017836,D0FE20DC,05010E60,000003F0
1009,58882800,FF38FF29,FFFD03D6,FF990004,FFFF0004,001DE9D9,3C004E20,28017857,D0FE18DD,05010BA0,000003F1
1010,43424500,FF3AFF28,FFFE03D7,FF990004,FFFF0004,001DE9BB,3A004E20,28017885,D0FE18DD,050108E0,000003F2
1011,50196100,FF38FF2C,000003D8,FF990003,FFFF0004,001DE99C,3A004E20,280178B7,D0FE10DC,05010620,000003F3
1012,49529200,FF38FF2B,000203D8,FF980000,FFFF0004,001DE97E,3A004E20,280178E7,D0FE10DB,050103A0,000003F4
1013,49967400,FF35FF2E,000303D7,FF96FFFE,FFFF0004,001DE95F,3C004E20,2801790D,D0FE08DB,050100E0,000003F5
1014,52092000,FF30FF5D,000203D6,FF94FFFC,FFFF0004,001CE940,3E004E20,28017923,D0FE08DB,05010F60,000003F6
1015,53059900,FF2FFFA2,000103D4,FF91FFFC,FFFF0004,001CE921,3E004E20,28017927,D0FE10DC,0500FE20,000003F7
1016,47480100,FF2EFFA5,FFFF03D3,FF8FFFFE,FFFF0004,001CE902,3C004E20,28017918,D0FE10DD,0500FCE0,000003F8
1017,50637800,FF30FFA1,FFFD03D2,FF8E0001,FFFF0004,001CE8E2,3A004E20,280178F9,D0FE10DD,0500FBA0,000003F9
1018,52816600,FF31FFA2,FFFC03D2,FF8E0002,FFFF0004,001CE8C3,3A004E20,280178D0,D0FE18DD,0500FAA0,000003FA
1019,51214800,FF35FF9F,FFFC03D2,FF8F0002,FFFF0004,001CE8A4,3C004E20,280178A5,D0FE20DC,0500F960,000003FB
1020,46916100,FF36FFA3,FFFD03D4,FF910000,FFFF0004,001CE885,3E004E20,2801665B,D0FE20DB,0500F820,000003FC
1021,52257500,FF38FFA2,000003D5,FF94FFFE,FFFF0004,001CE865,3E004E20,28016641,D0FE28DB,0500E6E0,000003FD
1022,140959200,FF39FFA5,000203D6,FF96FFFC,FFFF0004,001CE847,3E004E20,28016637,D0FE30DC,0500E5E0,000003FE
1023,17652200,FF39FFA6,000403D7,FF98FFFC,00000004,001CE828,3C004E20,2801663F,D0FE38DD,0500E4A0,000003FF
1024,50823600,FF37FFAA,000403D7,FF9AFFFE,00000004,001CE80A,3A004E20,28016657,D0FE40DD,0500E360,00000400
1025,50064900,FF3AFFA8,000403D6,FF9A0000,00000004,001CE7EB,3A004E20,2801667C,D0FE48DD,0500E260,00000401
1026,51231000,FF3BFFA9,000203D5,FF9A0003,00000004,001CE7CD,3A004E20,280166A7,D0FE50DC,0500E120,00000402
1027,49118400,FF3FFFA8,000003D3,FF990004,00000004,001CE7B0,3C004E20,280166D1,D0FE58DB,0500D020,00000403
1028,50977600,FF41FFB8,FFFE03D2,FF990003,00000004,001BE792,3E004E20,280166F4,D0FE60DB,0500DF60,00000404
1029,51570200,FF46FFD4,FFFD03D2,FF990001,00000004,001BE775,3E004E20,28016708,D0FE70DB,0500DEE0,00000405
1030,49650000,FF48FFFE,FFFE03D2,FF99FFFF,00000003,001BE759,3C004E20,2801670C,D0FE78DC,0500DF20,00000406
1031,50030000,FF4C0028,FFFF03D3,FF9AFFFD,00000003,001BE73C,3A004E20,280166FC,D0FE88DD,0500CFE0,00000407
1032,53907400,FF4C004E,000103D4,FF9DFFFD,00000003,001CE720,3A004E20,280166DC,D0FE98DD,0500C0E0,00000408
1033,47479300,FF4F0065,000303D6,FF9FFFFF,00000003,001CE704,3A004E20,280166B1,D0FEA8DC,0500C220,00000409
1034,49669700,FF4F007B,000403D7,FFA20001,00000003,001CE6E8,3C004E20,28016680,D0FEB0DB,0500C3A0,0000040A
1035,50029300,FF510087,000403D8,FFA50003,00010003,001CE6CD,3E004E20,28016652,D0FEC8DB,0500C560,0000040B
1036,142818200,FF520093,000203D8,FFA70003,00010003,001CE6B2,3E004E20,2801662D,D0FED8DB,0500C720,0000040C
1037,17205100,FF560099,000003D7,FFA80002,00010003,001CE698,3C004E20,28016617,D0FEE0DC,0500C920,0000040D
1038,51674600,FF5A009C,FFFE03D6,FFA9FFFF,00010003,001CE67E,3A004E20,28016612,D0FEF0DD,0600DB20,0000040E
1039,49753600,FF5E009E,FFFC03D5,FFA9FFFD,00010003,001CE664,3A004E20,28016620,D0FF00DD,0600DD20,0000040F
1040,49357100,FF5E00A4,FFFC03D3,FFA8FFFC,00010003,001CE64B,3C004E20,2801663D,D0FF10DD,0600DF20,00000410
1041,51615400,FF6000A4,FFFD03D3,FFA8FFFC,00010003,001DE632,3E004E20,28016664,D0FF18DC,0600D120,00000411
1042,49537500,FF6000A7,FFFF03D3,FFA8FFFE,00010003,001DE61A,3E004E20,2801668F,D0FF28DB,0600D360,00000412
1043,51442000,FF6000AC,000103D4,FFA90001,00010003,001DE602,3E004E20,280166B5,D0FF30DB,0600D560,00000413
1044,52649000,FF6100AD,000203D5,FFAA0003,00010003,001DE5EA,3C004E20,280166D1,D0FF38DC,0600D7A0,00000414
1045,140236000,FF6100B1,000303D7,FFAD0003,00010003,001DE5D3,3A004E20,280166DE,D0FF40DD,0600D9A0,00000415
1046,17404900,FF6400B2,000203D8,FFAF0001,00010003,001DE5BC,3A004E20,280166D9,D0FF48DD,0600DBE0,00000416
1047,56026100,FF6700B2,000103D8,FFB1FFFF,00010003,001DE5A5,3C004E20,280166C3,D0FF48DD,0600DE20,00000417
1048,47148700,FF6900B3,FFFF03D7,FFB3FFFD,00010003,001EE58E,3C004E20,280166A1,D0FF50DC,0600D060,00000418
1049,49987700,FF6B00B2,FFFD03D6,FFB4FFFD,00010003,001EE577,3E004E20,28016678,D0FF50DB,0600D2A0,00000419
1050,49046900,FF6C00B0,FFFD03D5,FFB4FFFE,00010003,001EE561,3C004E20,280152BA,D0FF50DB,0600D4E0,0000041A
1051,50941400,FF6C00B2,FFFD03D3,FFB30001,00010003,001EE54A,3A004E20,2801529A,D0FF50DB,0600D720,0000041B
1052,50172600,FF6A00B4,FFFF03D2,FFB10003,00010003,001EE534,3A004E20,28015286,D0FF48DC,0600D960,0000041C
1053,50983300,FF6800B5,000103D2,FFB00004,00010003,001EE51E,3A004E20,28015282,D0FF48DD,0600EBA0,0000041D
1054,50975300,FF6700B9,000303D2,FFAE0004,00010003,001EE507,3C004E20,28015290,E0FF48DD,0600EDE0,0000041E
1055,50577200,FF6800BA,000403D3,FFAE0002,00010003,001FE4F1,3E004E20,280152AD,E0FF40DC,0600E020,0000041F
1056,52676200,FF6900BB,000403D4,FFAEFFFF,00010003,001FE4DB,3E004E20,280152D6,E0FF38DC,0600E260,00000420
1057,47609700,FF6900BD,000303D6,FFAFFFFD,00010003,001FE4C4,3E004E20,28015304,E0FF38DB,0600E4A0,00000421
1058,52929000,FF6A00BD,000103D7,FFB0FFFD,00010003,001FE4AD,3C004E20,28015330,E0FF30DB,0600E6E0,00000422
1059,48271200,FF6A00BB,FFFF03D7,FFB2FFFF,00010003,001FE497,3A004E20,28015354,E0FF28DC,0600F960,00000423
1060,145400500,FF6600BE,FFFD03D7,FFB30001,00010003,001FE480,3A004E20,28015369,E0FF20DD,0600FBA0,00000424
1061,17906200,FF6500B9,FFFD03D6,FFB30003,00010003,001FE469,3C004E20,2801536E,E0FF18DD,0600FDE0,00000425
1062,49498500,FF6000B8,FFFE03D4,FFB30003,00010003,0020E451,3E004E20,28015361,E0FF10DD,06010020,00000426
1063,50699800,FF5C008E,FFFF03D3,FFB20002,00010003,0020E43A,3E004E20,28015346,E0FF08DC,060101A0,00000427
1064,51200400,FF5A003C,000103D3,FFB00000,00010003,0020E423,3C004E20,28015320,E0FEF8DB,060101E0,00000428
1065,50961300,FF59FFF8,000303D3,FFAEFFFE,00010003,0020E40B,3A004E20,280152F7,E0FEF0DB,06010160,00000429
1066,49926300,FF58FFD3,000303D3,FFACFFFC,00010003,0020E3F4,3A004E20,280152D0,E0FEE0DB,050100A0,0000042A
1067,51548600,FF59FFBB,000203D4,FFAAFFFD,00000003,001FE3DC,3A004E20,280152B4,E0FED0DC,05010FA0,0000042B
1068,51120000,FF58FFAE,000003D6,FFA9FFFF,00000003,001FE3C4,3C004E20,280152A5,E0FEC0DD,05010EA0,0000042C
1069,50114400,FF57FFA3,FFFE03D7,FFA90001,00000003,001FE3AC,3E004E20,280152A7,E0FEB8DD,05010D60,0000042D
1070,52795300,FF52FFA2,FFFC03D8,FFA90003,00000003,001FE393,3E004E20,280152B9,E0FEA8DC,05010C20,0000042E
1071,147986100,FF51FF98,FFFB03D8,FFA90003,00000003,001FE37A,3C004E20,280152D8,E0FE98DB,05010AE0,0000042F
1072,16800300,FF4DFF7B,FFFC03D8,FFAA0002,00000003,001FE361,3A004E20,280152FE,E0FE90DB,050118A0,00000430
1073,51672300,FF4CFF29,FFFD03D7,FFA90000,FFFF0003,001FE347,3A004E20,28015324,E0FE80DB,050115E0,00000431
1074,50748700,FF48FF28,000003D5,FFA8FFFE,FFFF0003,001FE32D,3A004E20,28015344,E0FE70DC,05011320,00000432
1075,50457200,FF49FF25,000203D3,FFA6FFFE,FFFF0003,001FE312,3C004E20,28015359,E0FE68DD,05011060,00000433
1076,53786400,FF47FF2A,000303D3,FFA3FFFF,FFFF0003,001EE2F7,3E004E20,2801535D,E0FE60DD,05011DA0,00000434
1077,47293500,FF47FF2A,000303D2,FFA00001,FFFF0003,001EE2DC,3E004E20,28015351,E0FE50DD,05011AE0,00000435
1078,53491400,FF46FF29,000203D3,FF9D0003,FFFF0003,001EE2C0,3E004E20,28015334,E0FE48DC,05011820,00000436
1079,48270400,FF43FF2B,000003D4,FF9A0005,FFFF0003,001EE2A4,3C004E20,2801530D,D0FE40DB,050115A0,00000437
1080,50931400,FF40FF28,FFFE03D6,FF980004,FFFF0003,001EE288,3A004E20,28013F4F,D0FE38DB,050112E0,00000438
1081,51819400,FF3DFF27,FFFD03D7,FF970002,FFFF0003,001EE26B,3A004E20,28013F26,D0FE30DC,05010020,00000439
1082,47850700,FF3AFF27,FFFD03D7,FF97FFFF,FFFF0004,001DE24E,3C004E20,28013F04,D0FE28DD,05010D60,0000043A
1083,128479800,FF38FF29,FFFE03D7,FF98FFFD,FFFF0004,001DE231,3E004E20,28013EEF,D0FE28DD,05010AA0,0000043B
1084,17660400,FF38FF2A,000003D6,FF99FFFD,FFFF0004,001DE213,3E004E20,28013EEB,D0FE20DD,050107E0,0000043C
1085,50945000,FF38FF2B,000203D5,FF99FFFE,FFFF0004,001DE1F5,3C004E20,28013EF6,D0FE20DC,05010560,0000043D
1086,56635400,FF38FF59,000403D3,FF990000,FFFF0004,001DE1D7,3A004E20,28013F11,D0FE18DB,050103A0,0000043E
1087,47772300,FF38FFA4,000403D2,FF980002,FFFF0004,001DE1B9,3A004E20,28013F35,D0FE20DB,0500F260,0000043F
1088,51077600,FF38FFA6,000403D1,FF970002,FFFF0004,001DE19A,3A004E20,28013F5D,D0FE20DB,0500F160,00000440
1089,48669600,FF37FFA4,000203D2,FF950001,FFFF0004,001DE17C,3C004E20,28013F83,D0FE20DC,0500F020,00000441
1090,51839500,FF35FFA5,000003D3,FF94FFFF,FFFF0004,001CE15D,3E004E20,28013FA0,D0FE28DD,0500FEE0,00000442
1091,48493600,FF34FFA3,FFFE03D4,FF92FFFD,FFFF0004,001CE13E,3E004E20,28013FB0,D0FE28DD,0500FDA0,00000443
1092,51527500,FF34FFA3,FFFD03D6,FF92FFFC,FFFF0004,001CE120,3C004E20,28013FB0,D0FE28DC,0500FC60,00000444
1093,134217000,FF35FFA2,FFFD03D7,FF92FFFC,FFFF0004,001CE101,3A004E20,28013FA1,D0FE30DB,0500FB60,00000445
1094,16906500,FF37FFA2,FFFE03D7,FF94FFFE,FFFF0004,001CE0E3,3A004E20,28013F86,D0FE38DB,0500FA20,00000446
1095,50829000,FF3AFFA4,000003D7,FF960001,00000004,001CE0C4,3C004E20,28013F64,D0FE38DB,0500E8E0,00000447
1096,56435800,FF3CFFA6,000203D6,FF980003,00000004,001CE0A6,3E004E20,28013F40,D0FE40DC,0500E7E0,00000448
1097,44726500,FF3EFFA6,000303D5,FF9B0004,00000004,001CE088,3E004E20,28013F21,D0FE48DD,0500E6A0,00000449
1098,49828600,FF3FFFA8,000303D4,FF9D0003,00000004,001CE06B,3E004E20,28013F0D,D0FE50DD,0500E560,0000044A
1099,49897800,FF3FFFA9,000103D3,FF9E0000,00000004,001CE04D,3C004E20,28013F07,D0FE58DD,0500E460,0000044B
1100,50563000,FF40FFA6,FFFF03D3,FF9EFFFE,00000004,001CE030,3A004E20,28013F12,D0FE60DC,0500D320,0000044C
1101,52691800,FF40FFA8,FFFD03D3,FF9EFFFD,00000004,001CE013,3A004E20,28013F2B,D0FE68DB,0500D220,0000044D
1102,47771500,FF42FFB3,FFFC03D4,FF9DFFFE,00000003,001CDFF6,3A004E20,28013F4F,D0FE70DB,0500D120,0000044E
1103,51327400,FF44FFD5,FFFC03D6,FF9C0000,00000003,001CDFDA,3C004E20,28013F79,D0FE78DC,0500D0E0,0000044F
1104,51893800,FF49FFFB,FFFD03D7,FF9C0002,00000003,001CDFBE,3E004E20,28013FA2,D0FE88DC,0500C120,00000450
1105,48053400,FF4D0028,FFFF03D8,FF9C0004,00000003,001CDFA2,3E004E20,28013FC3,D0FE98DD,0500C1E0,00000451
1106,133982900,FF51004C,000103D8,FF9D0003,00000003,001CDF86,3C004E20,28013FD8,D0FEA0DD,0500C2E0,00000452
1107,18977700,FF540064,000303D8,FF9E0001,00000003,001CDF6A,3A004E20,28013FDD,D0FEB0DD,0500C420,00000453
1108,49243300,FF55007B,000403D7,FFA1FFFE,00000003,001CDF4F,3A004E20,28013FD1,D0FEC0DC,0500C5A0,00000454
1109,49578600,FF560086,000403D5,FFA4FFFC,00010003,001CDF34,3C004E20,28013FB6,D0FEC8DB,0500C760,00000455
1110,53062200,FF560092,000203D4,FFA6FFFC,00010003,001CDF1A,3E004E20,28012B78,D0FED8DB,0500C920,00000456
1111,49932000,FF560099,000003D2,FFA8FFFD,00010003,001CDF00,3E004E20,28012B51,D0FEE8DC,0500DB20,00000457
1112,51071600,FF58009D,FFFE03D2,FFAAFFFF,00010003,001CDEE6,3E004E20,28012B2C,D0FEF8DC,0600DD20,00000458
1113,50152100,FF5B009F,FFFD03D3,FFAA0002,00010003,001CDECD,3C004E20,28012B0F,D0FF00DD,0600DF20,00000459
1114,49595100,FF5E00A5,FFFE03D4,FFA90003,00010003,001DDEB4,3A004E20,28012AFE,D0FF10DD,0600D120,0000045A
1115,50320800,FF6100A5,FFFF03D5,FFA90002,00010003,001DDE9B,3A004E20,28012AFC,D0FF20DC,0600D320,0000045B
1116,49345900,FF6300AA,000103D6,FFA80000,00010003,001DDE83,3C004E20,28012B08,D0FF28DB,0600D560,0000045C
1117,133077300,FF6400AE,000303D7,FFA9FFFE,00010003,001DDE6B,3E004E20,28012B21,D0FF30DB,0600D760,0000045D
1118,17789300,FF6400B1,000403D7,FFA9FFFC,00010003,001DDE53,3E004E20,28012B40,D0FF38DB,0600D9A0,0000045E
1119,52751800,FF6400B2,000403D6,FFABFFFD,00010003,001DDE3C,3E004E20,28012B62,D0FF40DC,0600DBE0,0000045F
1120,47308000,FF6300B4,000303D5,FFAEFFFF,00010003,001DDE25,3C004E20,28012B80,D0FF48DD,0600DDE0,00000460
1121,52847700,FF6400B4,000003D4,FFB00002,00010003,001EDE0E,3A004E20,28012B94,D0FF50DD,0600D020,00000461
1122,50025300,FF6600B3,FFFE03D2,FFB30004,00010003,001EDDF7,3A004E20,28012B9A,D0FF60DD,0600D260,00000462
1123,50743600,FF6900B3,FFFC03D2,FFB60004,00010003,001EDDE1,3C004E20,28012B92,D0FF70DC,0600D4A0,00000463
1124,50894800,FF6D00B2,FFFC03D2,FFB70003,00010003,001EDDCB,3E004E20,28012B7C,D0FF80DB,0600D6E0,00000464
1125,51634200,FF7000B3,FFFD03D3,FFB80001,00010003,001EDDB6,3E004E20,28012B5C,D0FF98DB,0600E920,00000465
1126,53118900,FF7200B4,FFFE03D4,FFB9FFFE,00010003,001EDDA1,3C004E20,28012B36,D0FFB0DC,0600EB60,00000466
1127,49567200,FF7300B8,000003D6,FFB9FFFD,00010003,001EDD8C,3A004E20,28012B11,E0FFC8DD,0600EDA0,00000467
1128,51142900,FF7400B8,000203D7,FFB9FFFE,00010003,001EDD78,3A004E20,28012AF2,E0FFE8DD,0600EFE0,00000468
1129,50199300,FF7500BC,000303D8,FFBA0000,00010003,001FDD64,3A004E20,28012ADF,E0FFF8DD,0600E220,00000469
1130,50764600,FF7600BC,000203D8,FFBC0002,00010003,001FDD51,3C004E20,28012ADA,E0FFF8DC,0600E4A0,0000046A
1131,51285100,FF7A00BC,000103D7,FFBE0003,00010003,001FDD3F,3E004E20,28012AE5,E0FFF8DB,0600E6E0,0000046B
1132,49985500,FF7E00BE,FFFF03D6,FFC20003,00010002,001FDD2D,3E004E20,28012AFE,E0FFF8DB,0600E920,0000046C
1133,50819500,FF8300BB,FFFD03D5,FFC60001,00010002,001FDD1C,3E004E20,28012B21,E0FFF8DB,0600EBA0,0000046D
1134,51975900,FF8800B9,FFFC03D3,FFCAFFFE,00010002,001FDD0C,3C004E20,28012B49,E0FFF8DC,0700DDE0,0000046E
1135,47310900,FF8D00BD,FFFD03D3,FFCEFFFC,00010002,0020DCFC,3A004E20,28012B6F,E0FFF8DD,0700D060,0000046F
1136,57823200,FF9000BC,FFFE03D3,FFD1FFFC,00010002,0020DCED,3A004E20,28012B8E,E0FFF8DD,0700D2A0,00000470
1137,47919700,FF9200BE,000103D4,FFD3FFFD,00010002,0020DCDF,3C004E20,28012BA0,E0FFF8DC,0700D520,00000471
1138,47569900,FF9400C0,000303D5,FFD5FFFF,00010002,0020DCD1,3E004E20,28012BA4,E0FFF8DB,0700D760,00000472
1139,125960900,FF9700C6,000403D7,FFD60002,00010002,0020DCC5,3E004E20,28012B99,E0FFF8DB,0700C9E0,00000473
1140,16095500,FF9A00C4,000503D8,FFD60003,00010002,0020DCB9,3C004E20,280117D7,E0FFF8DB,0700CC60,00000474
1141,52598000,FF9F00C6,000403D8,FFD70003,00010002,0020DCAD,3A004E20,280117B9,E0FFF8DC,0700CEA0,00000475
1142,50371100,FFA500C8,000203D8,FFD80001,00010002,0021DCA3,3A004E20,28011799,E0FFF8DD,0700B120,00000476
1143,49525800,FFAB00C7,000003D7,FFDAFFFE,00010002,0021DC99,3A004E20,2801177D,E0FFF8DD,0700B3A0,00000477
1144,51010200,FFB100C4,FFFE03D5,FFDDFFFD,00010002,0021DC8F,3C004E20,28011769,E007F8DD,0000B620,00000478
1145,49165800,FFC000C6,FFFE03D3,FFE9FFFD,00010001,0021DC88,3E004E20,28011761,E007F8DC,0000B8A0,00000479
1146,49993300,FFCA00C7,FFFE03D2,FFF2FFFF,00010001,0021DC83,3E004E20,28011766,E007F8DB,0000AB20,0000047A
1147,52532400,FFCD00C8,000003D2,FFF90002,00010001,0021DC80,3C004E20,28011779,E007F8DB,00009DA0,0000047B
1148,47515600,FFD200CB,000203D2,FFFF0004,00010001,0022DC7F,3A004E20,28011796,E007F8DC,00008020,0000047C
1149,49859800,FFD800CB,000303D3,00020004,00010001,0022DC7E,3A004E20,280117B8,E007F8DD,000072A0,0000047D
1150,50625100,FFDF00CF,000403D4,00030003,00010001,0022DC7E,3C004E20,280117DA,E007F8DD,00006560,0000047E
1151,131095600,FFE700CF,000303D6,00030001,00010001,0022DC7E,3E004E20,280117F6,E007F8DD,000047E0,0000047F
1152,14942600,FFEE00D1,000103D7,0002FFFE,00010001,0022DC7F,3E004E20,2BFD1808,E007F8DC,00FC3A60,00000480
1153,51864200,FFF500D0,FFFF03D7,0000FFFD,00010000,0022DC80,3E004E20,2BFD180C,E007F8DB,00FC2CE0,00000481
1154,49824200,FFF900D0,FFFD03D7,FFFFFFFD,00010000,0022DC81,3C004E20,2BFD1802,E007F8DB,00FC2FA0,00000482
1155,51936400,FFFC00CE,FFFC03D6,FFFEFFFF,00010000,0023DC81,3A004E20,2BFD17EB,E007F8DB,00FC1220,00000483
1156,50741100,FFFD00CE,FFFC03D4,FFFE0001,00010000,0023DC82,3A004E20,2BFD17CA,E007F8DC,00FC14E0,00000484
1157,49856800,FFFD00CF,FFFD03D3,FFFF0003,00010000,0023DC83,3A004E20,2BFD17A4,E007F8DD,00FC0760,00000485
1158,50745900,FFFD00D2,FFFF03D2,00010003,00010000,0023DC83,3C004E20,2BFD1780,E007F8DD,00FC0A20,00000486
1159,50533700,FFFE00D3,000103D2,00020001,00010000,0023DC83,3E004E20,2BFD1762,E007F8DC,00FC0CA0,00000487
1160,50346100,FFFF00D8,000303D3,0004FFFE,00010000,0023DC84,3E004E20,2BFD1750,E007F8DC,00FC0F60,00000488
1161,50337100,000100D5,000303D4,0004FFFC,00010000,0024DC84,3C004E20,2BFD174B,E007F8DB,00FC0220,00000489
1162,48950700,000200D9,000203D6,0004FFFC,00010000,0024DC84,3A004E20,2BFD1754,E007F8DB,00FC04E0,0000048A
1163,131722200,000400DD,000103D7,0003FFFD,00010000,0024DC84,3A004E20,2BFD176A,E007F8DC,00FC0760,0000048B
1164,21631100,000400D7,FFFF03D8,0002FFFF,00010000,0024DC84,3A004E20,2BFD1787,E007F8DD,00FC0A20,0000048C
1165,47852500,000300D9,FFFD03D8,00000002,00010000,0024DC84,3C004E20,2BFD17A8,E007F8DD,00FC0CE0,0000048D
1166,48281000,000100D8,FFFD03D8,FFFE0004,00010000,0024DC84,3E004E20,2BFD17C6,E007F8DD,00FC0FA0,0000048E
1167,50521400,FFFF00DA,FFFE03D7,FFFD0003,00010000,0025DC84,3E004E20,2BFD17DB,E007F8DC,00FC0260,0000048F
1168,50523100,FFFD00DB,000003D5,FFFD0001,00010000,0025DC84,3C004E20,2BFD17E5,E007F8DB,00FC0520,00000490
1169,50669300,FFFD00DD,000203D4,FFFEFFFF,00010000,0025DC84,3A004E20,2BFD17E2,E007F8DB,00FC07E0,00000491
1170,51309000,FFFE00E0,000403D3,FFFFFFFD,00010000,0025DC84,3A004E20,2BFD0430,E007F8DB,00FC0AA0,00000492
1171,49858200,000000E2,000403D3,0001FFFD,00010000,0025DC84,3C004E20,2BFD0417,E007F8DC,00FC0DA0,00000493
1172,51005200,000100E4,000403D3,0003FFFF,00010000,0026DC84,3E004E20,2BFD03F8,E007F8DD,00FC0060,00000494
1173,51391600,000200E6,000203D4,00040002,00010000,0026DC84,3E004E20,2BFD03D9,E007F8DD,00FC0320,00000495
1174,50818700,000200E4,000003D6,00040004,00010000,0026DC84,3E004E20,2BFD03BF,E007F8DC,00FC05E0,00000496
1175,48862400,000100E3,FFFE03D7,00030004,00010000,0026DC84,3C004E20,2BFD03AF,E007F8DB,00FC08E0,00000497
1176,52295000,FFFF00E1,FFFD03D8,00020003,00010000,0026DC84,3A004E20,2BFD03AB,E007F8DB,00FC0BA0,00000498
1177,50402400,FFFE00E3,FFFD03D7,00000000,00010000,0026DC84,3A004E20,2BFD03B4,E007F8DB,00FC0EA0,00000499
1178,49184000,FFFD00E1,FFFE03D7,FFFEFFFE,00010000,0027DC84,3A004E20,2BFD03C9,E007F8DC,00FC0160,0000049A
1179,123739800,FFFE00E3,000003D5,FFFDFFFC,00010000,0027DC84,3C004E20,2BFD03E8,E007F8DD,00FC0420,0000049B
1180,17447600,000000E4,000103D4,FFFCFFFC,00010000,0027DC84,3E004E20,2BFD040B,E007F8DD,00FC0720,0000049C
1181,53198900,000200E7,000303D2,FFFCFFFE,00010000,0027DC84,3C004E20,2BFD042D,E007F8DD,00FC09E0,0000049D
1182,49642200,000300E7,000303D2,FFFD0001,00010000,0027DC84,3C004E20,2BFD044A,E007F8DC,00FC0CA0,0000049E
1183,51677000,000300E6,000203D2,FFFF0002,00010000,0027DC84,3A004E20,2BFD045B,E007F8DB,00FC0FA0,0000049F
1184,50667400,000300E6,000003D2,00000003,00010000,0028DC84,3A004E20,2BFD0460,E007F8DB,00FC0260,000004A0
1185,51081600,000100E4,FFFE03D4,00020001,00010000,0028DC84,3C004E20,2BFD0458,E007F8DC,00FC0560,000004A1
1186,49160400,FFFF00E3,FFFC03D5,0003FFFF,00010000,0028DC84,3E004E20,2BFD0445,E007F8DD,00FC0820,000004A2
1187,51948200,FFFE00E1,FFFC03D7,0003FFFD,00010000,0028DC84,3E004E20,2BFD0429,E007F8DD,00FC0AE0,000004A3
1188,50841300,FFFE00E0,FFFC03D7,0002FFFC,00010000,0028DC84,3E004E20,2BFD040A,E007F8DD,00FC0DE0,000004A4
1189,52162700,FFFF00E2,FFFE03D7,0000FFFD,00010000,0029DC84,3C004E20,2BFD03ED,E007F8DC,00FC00A0,000004A5
1190,50971700,000000E2,000003D6,FFFF0000,00010000,0029DC84,3A004E20,2BFD03D7,E007F8DB,00FC03A0,000004A6
1191,50684200,000200E6,000203D5,FFFD0002,00010000,0029DC84,3A004E20,2BFD03CC,E007F8DB,00FC0660,000004A7
1192,126518700,000300E6,000403D4,FFFC0004,00010000,0029DC84,3C004E20,2BFD03CD,E007F8DB,00FC0960,000004A8
1193,16402100,000200E7,000303D3,FFFC0004,00010000,0029DC84,3E004E20,2BFD03DA,E007F8DC,00FC0C20,000004A9
1194,50361800,000100E7,000203D3,FFFD0002,00010000,0029DC84,3E004E20,2BFD03F2,E007F8DD,00FC0EE0,000004AA
1195,50868300,FFFF00E5,000003D3,FFFF0000,00010000,002ADC84,3C004E20,2BFD040F,E007F8DD,00FC01E0,000004AB
1196,51193100,FFFD00E5,FFFE03D4,0001FFFE,00010000,002ADC84,3A004E20,2BFD042D,E007F8DC,00FC04A0,000004AC
1197,51294600,FFFC00E3,FFFD03D5,0003FFFD,00010000,002ADC84,3A004E20,2BFD0447,E007F8DB,00FC07A0,000004AD
1198,58609400,FFFD00E2,FFFD03D7,0004FFFF,00010000,002ADC84,3A004E20,2BFD0458,E007F8DB,00FC0A60,000004AE
1199,43277700,FFFF00E3,FFFF03D8,00040001,00010000,002ADC84,3C004E20,2BFD045D,E007F8DB,00FC0D20,000004AF
1200,49899900,000100E4,000103D8,00040003,00010000,002BDC84,3E004E20,2BFCF0C7,E007F8DC,00FC0020,000004B0
1201,50317000,000200E5,000303D8,00030004,00010000,002BDC84,3E004E20,2BFCF0B4,E007F8DD,00FC02E0,000004B1
1202,50989700,000200E7,000403D7,00010003,00010000,002BDC84,3C004E20,2BFCF098,E007F8DD,00FC05E0,000004B2
1203,54496400,000200E8,000403D5,FFFF0000,00010000,002BDC84,3A004E20,2BFCF077,E007F8DD,00FC08A0,000004B3
1204,46242900,000000E3,000303D4,FFFEFFFD,00010000,002BDC84,3A004E20,2BFCF058,E007F8DC,00FC0B60,000004B4
1205,53165400,FFFF00B0,000103D3,FFFDFFFC,00010000,002BDC84,3A004E20,2BFCF03D,E007F8DB,00FC0D20,000004B5
1206,48412100,FFFE0047,FFFF03D3,FFFDFFFD,00010000,002BDC84,3C004E20,2BFCF02D,E007F8DB,00FC0D60,000004B6
1207,50848100,FFFEFFEC,FFFD03D3,FFFEFFFF,00010000,002BDC84,3E004E20,2800F027,E007F8DC,00000CE0,000004B7
1208,51103700,FFFFFFB6,FFFC03D4,00000001,00010000,002BDC84,3E004E20,2800F02F,E007F8DC,00000BE0,000004B8
1209,50862000,0001FF96,FFFC03D5,00010003,00000000,002BDC84,3E004E20,2800F041,E007F8DD,00000A60,000004B9
1210,52101100,0003FF86,FFFE03D6,00030004,00000000,002BDC84,3C004E20,2800F05B,E007F8DD,000008E0,000004BA
1211,50107000,0003FF7D,000003D7,00030002,00000000,002BDC84,3A004E20,2800F079,E007F8DC,00000720,000004BB
1212,48254500,0003FF79,000203D7,00030000,00000000,002BDC84,3A004E20,2800F095,E007F8DB,00000560,000004BC
1213,52365100,0002FF78,000303D6,0002FFFE,00000000,002BDC84,3C004E20,2800F0AB,E007F8DB,000003A0,000004BD
1214,47905100,0000FF8A,000203D5,0000FFFD,00000000,002BDC84,3E004E20,2800F0B7,E007F8DB,00000260,000004BE
1215,50230200,FFFEFFB2,000103D4,FFFEFFFD,00000000,002BDC84,3E004E20,2800F0B8,E007F8DC,000001A0,000004BF
1216,51326300,FFFDFFEF,FFFF03D2,FFFD0000,00000000,002BDC84,3C004E20,2800F0AD,E007F8DD,000001E0,000004C0
1217,50644500,FFFE002F,FFFD03D1,FFFC0002,00000000,002BDC84,3A004E20,2800F098,E007F8DD,000002A0,000004C1
1218,50012000,FFFF0064,FFFC03D1,FFFC0003,00000000,002BDC84,3A004E20,2800F07E,E007F8DD,00000420,000004C2
1219,49246100,0001008A,FFFC03D2,FFFC0003,00000000,002BDC84,3A004E20,2800F063,E007F8DC,00000620,000004C3
1220,50679800,000200A6,FFFE03D4,FFFE0001,00010000,002BDC84,3C004E20,2800F04B,E007F8DB,00000860,000004C4
1221,50097500,000200B7,000003D5,0000FFFF,00010000,002BDC84,3E004E20,2800F03B,E007F8DB,00000AA0,000004C5
1222,51819600,00010093,000203D7,0001FFFD,00010000,002BDC84,3E004E20,2800F036,E007F8DC,00000C20,000004C6
1223,48318000,00000037,000403D8,0003FFFD,00010000,002BDC84,3C004E20,2800F03D,E007F8DD,00000C60,000004C7
1224,52719000,FFFEFFE7,000403D8,0003FFFF,00010000,002BDC84,3A004E20,2800F050,E007F8DD,00000BA0,000004C8
1225,48752900,FFFDFFB5,000403D7,00030001,00000000,002BDC84,3A004E20,2800F06B,E007F8DD,00000A60,000004C9
1226,53584300,FFFDFF9A,000203D6,00020003,00000000,002BDC84,3C004E20,2800F08B,E007F8DC,00000920,000004CA
1227,48451800,FFFEFF87,000003D5,00000004,00000000,002BDC84,3E004E20,2800F0AA,E007F8DB,00000760,000004CB
1228,50085100,0000FF7D,FFFE03D3,FFFE0003,00000000,002BDC84,3E004E20,2800F0C4,E007F8DB,000005E0,000004CC
1229,51278800,0002FF77,FFFD03D3,FFFD0000,00000000,002BDC84,3E004E20,2800F0D5,E007F8DB,00000420,000004CD
1230,50805200,0003FF88,FFFE03D3,FFFDFFFD,00000000,002BDC84,3C004E20,2800DE9E,E007F8DC,000002E0,000004CE
1231,54444500,0003FFB0,FFFF03D4,FFFDFFFC,00000000,002BDC84,3A004E20,2800DE97,E007F8DD,00000220,000004CF
1232,47550000,0002FFEE,000103D5,FFFFFFFB,00000000,002BDC84,3A004E20,2800DE86,E007F8DD,00000220,000004D0
1233,49365100,00000032,000303D6,0000FFFD,00000000,002BDC84,3A004E20,2800DE6D,E007F8DC,00000320,000004D1
1234,52042800,FFFF0069,000403D8,00020000,00000000,002BDC84,3C004E20,2800DE51,E007F8DB,000004A0,000004D2
1235,49725100,FFFE0091,000303D8,00040002,00000000,002BDC84,3E004E20,2800DE36,E007F8DB,000006A0,000004D3
1236,50922400,FFFE00A8,000203D8,00040003,00010000,002BDC84,3E004E20,2800DE20,E007F8DB,000008A0,000004D4
1237,50999100,00000088,FFFF03D7,00040002,00010000,002BDC84,3C004E20,2800DE14,E007F8DC,000009E0,000004D5
1238,50572600,00020030,FFFD03D6,00030000,00010000,002BDC84,3A004E20,2800DE11,E007F8DD,00000A20,000004D6
1239,50682700,0003FFDD,FFFC03D4,0002FFFF,00010000,002BDC84,3A004E20,2800DE1A,E007F8DD,00000960,000004D7
1240,51770100,0003FFAE,FFFC03D3,0000FFFE,00000000,002BDC84,3C004E20,2800DE2C,E007F8DD,00000820,000004D8
1241,54775200,0002FF92,FFFD03D2,FFFEFFFF,00000000,002BDC84,3E004E20,2800DE43,E007F8DC,000006E0,000004D9
1242,45781500,0001FF84,FFFF03D2,FFFD0001,00000000,002BDC84,3E004E20,2800DE5C,E007F8DB,00000520,000004DA
1243,50969400,FFFEFF7E,000103D3,FFFD0003,00000000,002BDC84,3E004E20,2800DE73,E007F8DB,000003A0,000004DB
1244,51128800,FFFDFF8E,000203D4,FFFD0004,00000000,002BDC84,3C004E20,2800DE82,E007F8DC,00000260,000004DC
1245,48932900,FFFDFFB5,000303D5,FFFE0004,00000000,002BDC84,3A004E20,2800DE87,E007F8DD,000001A0,000004DD
1246,49604400,FFFEFFF2,000203D6,00000002,00000000,002BDC84,3A004E20,2800DE82,E007F8DD,000001E0,000004DE
1247,51484700,FFFF0034,000103D7,0002FFFF,00000000,002BDC84,3C004E20,2800DE72,E007F8DD,000002A0,000004DF
1248,50541400,00010067,FFFF03D7,0003FFFC,00000000,002BDC84,3E004E20,2800DE5A,E007F8DC,00000420,000004E0
1249,50467700,0002008D,FFFD03D6,0003FFFB,00000000,002BDC84,3E004E20,2800DE3D,E007F8DB,00000620,000004E1
1250,50122800,000200A8,FFFD03D4,0002FFFC,00010000,002BDC84,3E004E20,2800DE21,E007F8DB,00000860,000004E2
1251,51001800,000100B6,FFFD03D3,0001FFFF,00010000,002BDC84,3C004E20,2800DE09,E007F8DB,00000AA0,000004E3
1252,50993200,FFFF0091,FFFF03D2,FFFF0001,00010000,002BDC84,3A004E20,2800DDF9,E007F8DC,00000C20,000004E4
1253,57728400,FFFE0036,000103D2,FFFD0003,00010000,002BDC84,3A004E20,2800DDF4,E007F8DD,00000C60,000004E5
1254,43459200,FFFDFFE4,000303D3,FFFC0003,00010000,002BDC84,3C004E20,2800DDFB,E007F8DD,00000BA0,000004E6
1255,50827200,FFFEFFB5,000403D4,FFFC0001,00000000,002BDC84,3C004E20,2800DE0C,E007F8DC,00000AA0,000004E7
1256,50595400,FFFFFF9A,000403D5,FFFCFFFE,00000000,002BDC84,3E004E20,2800DE25,E007F8DB,00000920,000004E8
1257,50564700,0001FF89,000303D7,FFFDFFFD,00000000,002BDC84,3C004E20,2800DE42,E007F8DB,000007A0,000004E9
1258,49621600,0003FF7F,000103D8,FFFFFFFD,00000000,002BDC84,3A004E20,2800DE5E,E007F8DB,000005E0,000004EA
1259,50137500,0003FF7A,FFFF03D8,0001FFFE,00000000,002BDC84,3A004E20,2800DE75,E007F8DC,00000420,000004EB
1260,50846700,0003FF88,FFFD03D8,00030001,00000000,002BDC84,3A004E20,2800CC95,E007F8DD,000002E0,000004EC
1261,50348600,0001FFB0,FFFD03D7,00040003,00000000,002BDC84,3C004E20,2800CC98,E007F8DD,00000220,000004ED
1262,49597200,0000FFEC,FFFE03D5,00040004,00000000,002BDC84,3E004E20,2800CC91,E007F8DD,00000260,000004EE
1263,50393700,FFFE0030,FFFF03D4,00030002,00000000,002BDC84,3E004E20,2800CC82,E007F8DC,00000320,000004EF
1264,49709600,FFFE0066,000103D3,00010000,00000000,002BDC84,3E004E20,2800CC6C,E007F8DB,000004A0,000004F0
1265,49260600,FFFF008F,000303D3,0000FFFE,00000000,002BDC84,3C004E20,2800CC55,E007F8DB,000006A0,000004F1
1266,51797500,000000A8,000303D3,FFFEFFFD,00010000,002BDC84,3A004E20,2800CC40,E007F8DC,000008A0,000004F2
1267,50832100,0002008A,000203D5,FFFDFFFD,00010000,002BDC84,3A004E20,2800CC31,E007F8DC,00000A20,000004F3
1268,52413700,00030031,000003D6,FFFD0000,00010000,002BDC84,3C004E20,2800CC2B,E007F8DD,00000A20,000004F4
1269,48667200,0002FFE0,FFFE03D8,FFFE0003,00010000,002BDC84,3E004E20,2800CC2F,E007F8DD,00000960,000004F5
1270,51916300,0001FFB0,FFFC03D8,00000004,00000000,002BDC84,3E004E20,2800CC3C,E007F8DC,00000860,000004F6
1271,53470600,FFFFFF92,FFFC03D8,00010004,00000000,002BDC84,3C004E20,2800CC51,E007F8DB,000006E0,000004F7
1272,48602600,FFFDFF83,FFFC03D7,00030002,00000000,002BDC84,3A004E20,2800CC6B,E007F8DB,00000560,000004F8
1273,50943100,FFFDFF7C,FFFE03D5,00040000,00000000,002BDC84,3A004E20,2800CC85,E007F8DB,000003A0,000004F9
1274,50440300,FFFDFF8B,000003D4,0004FFFD,00000000,002BDC84,3A004E20,2800CC9A,E007F8DC,00000260,000004FA
1275,51264000,FFFEFFB4,000203D2,0004FFFC,00000000,002BDC84,3C004E20,2800CCA9,E007F8DD,000001A0,000004FB
1276,55813200,0000FFF1,000303D1,0002FFFC,00000000,002BDC84,3E004E20,2800CCAD,E007F8DD,010001E0,000004FC
1277,46022800,000C0035,000403D1,0008FFFE,00000000,002BDC86,3E004E20,2800CCA7,E007F8DD,010012E0,000004FD
1278,50816800,00140069,000303D2,000C0000,00000000,002BDC89,3C004E20,2800CC97,E007F8DC,01000460,000004FE
1279,50165600,0016008F,000103D4,000F0002,00000000,FF2BDC8E,3A004E20,2800CC80,E007F8DB,0003F620,000004FF
1280,52040200,000F00AA,FFFF03D5,000B0002,00010000,FF2BDC92,3A004E20,2800CC65,E007F8DB,0003D860,00000500
1281,48398100,000C00B7,FFFD03D7,00080000,00010000,FF2BDC96,3C004E20,2800CC4A,E007F8DC,0003CAA0,00000501
1282,49159300,000E0091,FFFD03D7,0006FFFE,00010000,FF2BDC99,3E004E20,2800CC34,E007F8DD,0003BC20,00000502
1283,50813400,000F0034,FFFE03D8,0004FFFD,00010000,FF2BDC9B,3E004E20,2800CC26,E007F8DD,0003BC60,00000503
1284,51121000,0010FFE3,000003D7,0004FFFD,00010000,FF2BDC9C,3E004E20,2800CC22,E007F8DD,0003BBA0,00000504
1285,51013800,0011FFB3,000203D5,0004FFFF,00000000,FF2BDC9D,3C004E20,2800CC28,E007F8DC,0003CAA0,00000505
1286,49521900,0011FF98,000403D4,00030002,00000000,FF2BDC9D,3A004E20,2800CC37,E007F8DC,0003C920,00000506
1287,50019100,0010FF8A,000403D3,00020004,00000000,FF2BDC9D,3A004E20,2800CC4C,E007F8DB,0003D7A0,00000507
1288,50415100,000EFF80,000303D2,00010005,00000000,FF2BDC9D,3A004E20,2800CC63,E007F8DB,0003D5E0,00000508
1289,51240400,0015FF7D,000203D3,00060004,00000000,FF2BDC9E,3C004E20,2800CC79,E007F8DC,0103F420,00000509
1290,50561300,0019FF8B,000003D4,000B0001,00000000,FF2BDCA1,3E004E20,2800BB11,E007F8DD,0103F2E0,0000050A
1291,50025900,0019FFB1,FFFE03D5,000EFFFF,00000000,FF2BDCA5,3E004E20,2800BB18,E007F8DD,0103E220,0000050B
1292,50525000,001BFFED,FFFD03D6,0011FFFD,00000000,FF2BDCAB,3C004E20,2800BB15,E007F8DC,0003D260,0000050C
1293,59549100,0014002F,FFFC03D8,000CFFFD,00000000,FF2BDCB0,3A004E20,2800BB0A,E007F8DB,0003B320,0000050D
1294,42172300,00130064,FFFE03D8,0009FFFE,00000000,FF2BDCB4,3A004E20,2800BAF8,E007F8DB,0003A4A0,0000050E
1295,49031600,0017008D,000003D8,00070001,00000000,FF2BDCB6,3A004E20,2800BAE2,E007F8DB,0003A6A0,0000050F
1296,50173500,001900A6,000103D7,00060002,00010000,FF2BDCB8,3C004E20,2800BACB,E007F8DB,0003A8A0,00000510
1297,52227600,00180089,000303D6,00060003,00010000,FF2BDCB9,3E004E20,2800BAB8,E007F8DC,0003AA20,00000511
1298,47530200,00160032,000203D5,00050002,00010000,FF2BDCBA,3E004E20,2800BAAB,E007F8DD,0003BA20,00000512
1299,53112400,0012FFE2,000103D3,0004FFFF,00010000,FF2BDCBA,3C004E20,2800BAA6,E007F8DD,0003C960,00000513
1300,51290100,000DFFB2,FFFF03D3,0003FFFD,00000000,FF2BDCBA,3A004E20,2800BAAC,E007F8DC,0003C860,00000514
1301,49907200,0009FF95,FFFD03D3,0001FFFC,00000000,FF2BDCBA,3A004E20,2800BABA,E007F8DB,0003D6E0,00000515
1302,47909400,0006FF84,FFFC03D4,FFFFFFFD,00000000,FF2BDCB9,3C004E20,2800BAD0,E007F8DB,0003E560,00000516
1303,54859400,0005FF7C,FFFC03D5,FFFDFFFF,00000000,FF2BDCB9,3E004E20,2800BAE9,E007F8DC,0003E3A0,00000517
1304,48697400,0005FF89,FFFD03D6,FFFC0002,00000000,FF2BDCB8,3E004E20,2800BB02,E007F8DC,0003F260,00000518
1305,51415000,0005FFB1,FFFF03D7,FFFC0003,00000000,FF2BDCB8,3E004E20,2800BB16,E007F8DD,0003F1A0,00000519
1306,50412100,0005FFEF,000103D7,FFFC0003,00000000,002BDCB7,3C004E20,2800BB24,E007F8DD,000001E0,0000051A
1307,50770000,00040033,000303D6,FFFD0001,00000000,002BDCB7,3A004E20,2800BB28,E007F8DD,000002E0,0000051B
1308,51572600,00020069,000403D5,FFFFFFFE,00000000,002BDCB7,3A004E20,2800BB24,E007F8DC,00000460,0000051C
1309,49351500,00000091,000403D4,0001FFFC,00000000,002BDCB6,3A004E20,2800BB16,E007F8DB,00000620,0000051D
1310,52123900,FFFE00AD,000203D3,0002FFFC,00010000,002BDCB6,3C004E20,2800BB03,E007F8DB,00000860,0000051E
1311,52219400,FFFD00BA,000003D2,0003FFFE,00010000,002BDCB6,3E004E20,2800BAED,E007F8DC,00000AA0,0000051F
1312,48639000,FFFD0093,FFFE03D2,00030001,00010000,002BDCB6,3C004E20,2800BAD9,E007F8DC,00000C20,00000520
1313,50836100,FFFF0036,FFFD03D3,00020004,00010000,002BDCB6,3C004E20,2800BAC9,E007F8DD,00000C60,00000521
1314,50881500,0000FFE1,FFFE03D4,00000005,00010000,002BDCB6,3A004E20,2800BAC1,E007F8DC,00000BA0,00000522
1315,49646000,0002FFB1,FFFF03D5,FFFF0004,00000000,002BDCB6,3A004E20,2800BAC1,E007F8DC,00000AA0,00000523
1316,49754100,0003FF96,000103D6,FFFD0002,00000000,002BDCB6,3C004E20,2800BACB,E007F8DB,00000920,00000524
1317,50621200,0002FF87,000303D7,FFFCFFFF,00000000,002BDCB6,3E004E20,2800BADC,E007F8DB,000007A0,00000525
1318,49157500,0001FF80,000403D8,FFFCFFFD,00000000,002BDCB6,3E004E20,2800BAF1,E007F8DB,000005E0,00000526
1319,50778600,0009FF7D,000403D7,0004FFFD,00000000,002BDCB7,3E004E20,2800BB08,E007F8DC,01001460,00000527
1320,50610400,000FFF8C,000303D6,000BFFFE,00000000,002BDCBA,3C004E20,2800AA30,E007F8DD,000002E0,00000528
1321,50400900,0011FFB4,000003D4,00120001,00000000,FF2BDCBF,3A004E20,2800AA3C,E007F8DD,0003F220,00000529
1322,50416500,000CFFEF,FFFE03D3,00100002,00000000,FF2BDCC4,3A004E20,2800AA40,E007F8DD,0003D260,0000052A
1323,56608900,000C0030,FFFC03D3,000E0002,00000000,FF2BDCC7,3C004E20,2800AA3B,E007F8DC,0003C360,0000052B
1324,48731100,00110064,FFFC03D3,000B0000,00000000,FF2BDCCA,3E004E20,2800AA2E,E007F8DB,0003C4E0,0000052C
1325,48201500,0013008B,FFFC03D4,0008FFFE,00000000,FF2BDCCC,3E004E20,2800AA1B,E007F8DB,0003C6A0,0000052D
1326,50913300,001300A3,FFFE03D5,0005FFFC,00010000,FF2BDCCD,3C004E20,2800AA04,E007F8DC,0003C8E0,0000052E
1327,51616500,00110086,000003D7,0002FFFB,00010000,FF2BDCCE,3A004E20,2800A9ED,E007F8DD,0003CA20,0000052F
1328,50161700,000E0030,000203D8,FFFFFFFD,00010000,FF2BDCCE,3A004E20,2800A9DA,E007F8DD,0003CA20,00000530
1329,50139600,000BFFE1,000303D9,FFFD0000,00010000,FF2BDCCE,3A004E20,2800A9CD,E007F8DD,0003D9A0,00000531
1330,50269300,0008FFB3,000203D8,FFFC0002,00000000,FF2BDCCE,3C004E20,2800A9C9,E007F8DC,0003D860,00000532
1331,51678900,0006FF97,000103D7,FFFC0004,00000000,FF2BDCCE,3E004E20,2800A9CD,E007F8DB,0003E6E0,00000533
1332,50976600,0005FF86,FFFF03D6,FFFD0004,00000000,FF2BDCCD,3E004E20,2800A9D9,E007F8DB,0003E560,00000534
1333,49802700,0006FF7E,FFFD03D4,FFFF0003,00000000,FF2BDCCD,3C004E20,2800A9EB,E007F8DB,0003F3E0,00000535
1334,51661600,0006FF8A,FFFC03D3,00010000,00000000,FF2BDCCD,3C004E20,2800A9FF,E007F8DC,0003F260,00000536
1335,54387200,0006FFB1,FFFD03D2,0002FFFE,00000000,FF2BDCCC,3A004E20,2800AA13,E007F8DD,0003F1E0,00000537
1336,46754300,0005FFED,FFFE03D2,0003FFFD,00000000,002BDCCC,3A004E20,2800AA22,E007F8DD,000001E0,00000538
1337,49620600,00020031,000103D3,0003FFFE,00000000,002BDCCC,3C004E20,2800AA2B,E007F8DC,000002E0,00000539
1338,50022700,00000067,000303D4,00030000,00000000,002BDCCB,3E004E20,2800AA2B,E007F8DB,00000460,0000053A
1339,52460100,FFFE0090,000403D5,00010002,00000000,002BDCCB,3E004E20,2800AA24,E007F8DB,00000660,0000053B
1340,49416900,FFFD00AE,000403D7,FFFF0003,00010000,002BDCCB,3E004E20,2800AA16,E007F8DB,000008A0,0000053C
1341,50420000,FFFE00BC,000303D7,FFFE0003,00010000,002BDCCB,3C004E20,2800AA03,E007F8DC,00000AE0,0000053D
1342,50515100,FFFF0096,000103D7,FFFD0001,00010000,002BDCCB,3A004E20,2800A9EF,E007F8DD,00000C20,0000053E
1343,52976300,00010038,FFFF03D6,FFFDFFFE,00010000,002BDCCB,3A004E20,2800A9DE,E007F8DD,00000C60,0000053F
1344,48314700,0002FFE3,FFFE03D5,FFFDFFFD,00010000,002BDCCB,3C004E20,2800A9D2,E007F8DD,00000BE0,00000540
1345,49935100,0002FFB1,FFFD03D3,FFFFFFFD,00000000,002BDCCB,3E004E20,2800A9CE,E007F8DC,00000AA0,00000541
1346,52857300,0001FF95,FFFE03D2,0000FFFE,00000000,002BDCCB,3E004E20,2800A9D2,E007F8DB,00000920,00000542
1347,49293900,FFFFFF85,FFFF03D2,00020001,00000000,002BDCCB,3C004E20,2800A9DE,E007F8DB,000007A0,00000543
1348,49575300,FFFDFF7E,000103D2,00030003,00000000,002BDCCB,3A004E20,2800A9F1,E007F8DC,000005E0,00000544
1349,50113400,FFFDFF7B,000303D3,00030003,00000000,002BDCCB,3A004E20,2800AA08,E007F8DD,00000460,00000545
1350,50703900,FFFDFF8C,000303D5,00020002,00000000,002BDCCB,3A004E20,280099D5,E007F8DD,00000320,00000546
1351,50196000,FFFEFFB5,000303D6,0001FFFF,00000000,002BDCCB,3C004E20,280099E6,E007F8DD,00000260,00000547
1352,51706600,0000FFF0,000103D7,FFFFFFFD,00000000,002BDCCB,3E004E20,280099F2,E007F8DC,00000260,00000548
1353,51397800,00010033,FFFF03D8,FFFDFFFB,00000000,002BDCCB,3E004E20,280099F6,E007F8DB,00000360,00000549
1354,49908200,00020066,FFFD03D8,FFFCFFFC,00000000,002BDCCB,3C004E20,280099F3,E007F8DB,000004E0,0000054A
1355,56142900,0002008B,FFFC03D7,FFFCFFFE,00000000,002BDCCB,3A004E20,280099E8,E007F8DB,000006E0,0000054B
1356,44954700,000100A2,FFFC03D6,FFFC0001,00010000,002BDCCB,3A004E20,280099D8,E007F8DC,000008E0,0000054C
1357,50932000,FFFF0084,FFFD03D4,FFFD0004,00010000,002BDCCB,3C004E20,280099C5,E007F8DD,00000A20,0000054D
1358,51362200,FFFE002D,FFFF03D4,FFFF0004,00010000,002BDCCB,3E004E20,280099B2,E007F8DD,00000A60,0000054E
1359,52306500,FFFDFFDF,000103D3,00010003,00010000,002BDCCB,3E004E20,280099A3,E007F8DC,000009A0,0000054F
1360,51470400,FFFEFFB2,000303D4,00020001,00000000,002BDCCB,3E004E20,2800999A,E007F8DC,00000860,00000550
1361,50800200,0000FF97,000303D5,0003FFFF,00000000,002BDCCB,3C004E20,28009999,E007F8DB,000006E0,00000551
1362,49999400,0002FF88,000203D6,0003FFFE,00000000,002BDCCB,3A004E20,2800999E,E007F8DB,00000560,00000552
1363,53349300,0003FF80,000103D7,0003FFFF,00000000,002BDCCB,3A004E20,280099AA,E007F8DC,000003E0,00000553
1364,49760200,0003FF8D,FFFF03D8,00010001,00000000,002BDCCB,3A004E20,280099BB,E007F8DD,000002A0,00000554
1365,50607100,0002FFB1,FFFD03D8,00000002,00000000,002BDCCB,3C004E20,280099CC,E007F8DD,000001E0,00000555
1366,48181600,0001FFEE,FFFD03D7,FFFE0003,00000000,002BDCCB,3E004E20,280099DC,E007F8DD,000001E0,00000556
1367,51014300,FFFF002F,FFFE03D6,FFFD0002,00000000,002BDCCB,3E004E20,280099E7,E007F8DC,000002E0,00000557
1368,49584100,FFFE0065,000003D4,FFFD0000,00000000,002BDCCB,3C004E20,280099EB,E007F8DB,00000460,00000558
1369,50243100,FFFE008E,000203D3,FFFEFFFD,00000000,002BDCCB,3A004E20,280099E8,E007F8DB,00000660,00000559
1370,50602200,FFFF00AB,000403D2,0000FFFB,00010000,002BDCCB,3A004E20,280099DD,E007F8DB,000008A0,0000055A
1371,50236600,000000BB,000403D2,0001FFFB,00010000,002BDCCB,3C004E20,280099CD,E007F8DC,00000AE0,0000055B
1372,49682700,00020098,000403D3,0003FFFD,00010000,002BDCCB,3E004E20,280099B9,E007F8DD,00000C60,0000055C
1373,51219600,0002003A,000203D4,00040000,00010000,002BDCCB,3E004E20,280099A5,E007F8DD,00000C60,0000055D
1374,49868800,0002FFE5,000003D5,00040003,00010000,002BDCCB,3E004E20,28009993,E007F8DC,00000BE0,0000055E
1375,54400700,0000FFB3,FFFE03D7,00040004,00000000,002BDCCB,3C004E20,28009987,E007F8DB,00000AA0,0000055F
1376,46320800,FFFFFF96,FFFD03D7,00020003,00000000,002BDCCB,3A004E20,28009983,E007F8DB,00000960,00000560
1377,51100600,FFFDFF84,FFFD03D7,00000001,00000000,002BDCCB,3A004E20,28009987,E007F8DB,000007A0,00000561
1378,50463700,FFFDFF7A,FFFE03D6,FFFFFFFE,00000000,002BDCCB,3C004E20,28009992,E007F8DC,00000620,00000562
1379,50435100,FFFDFF79,FFFF03D5,FFFDFFFD,00000000,002BDCCB,3E004E20,280099A2,E007F8DD,00000460,00000563
1380,50053300,FFFFFF89,000103D4,FFFCFFFE,00000000,002BDCCB,3E004E20,28008A35,E007F8DD,00000320,00000564
1381,51426700,0001FFB3,000303D3,FFFCFFFF,00000000,002BDCCB,3E004E20,28008A46,E007F8DD,00000260,00000565
1382,49649500,0002FFF1,000303D2,FFFD0002,00000000,002BDCCB,3C004E20,28008A54,E007F8DC,00000260,00000566
1383,50485100,00030033,000203D2,FFFF0003,00000000,002BDCCB,3A004E20,28008A5D,E007F8DB,00000360,00000567
1384,50647300,00020068,000003D3,00010004,00000000,002BDCCB,3A004E20,28008A60,E007F8DB,000004E0,00000568
1385,50894200,0000008D,FFFE03D5,00020002,00000000,002BDCCB,3C004E20,28008A5C,E007F8DC,000006E0,00000569
1386,51113400,FFFF00A4,FFFC03D7,0003FFFF,00010000,002BDCCB,3C004E20,28008A51,E007F8DD,000008E0,0000056A
1387,51489000,FFFE0084,FFFC03D8,0003FFFD,00010000,002BDCCB,3E004E20,28008A43,E007F8DD,00000A20,0000056B
1388,49879600,FFFE002B,FFFD03D9,0002FFFD,00010000,002BDCCB,3C004E20,28008A34,E007F8DD,00000A60,0000056C
1389,52192000,FFFFFFDD,FFFE03D9,0000FFFE,00010000,002BDCCB,3C004E20,28008A25,E007F8DC,000009A0,0000056D
1390,50676400,0001FFB0,000103D8,FFFE0000,00000000,002BDCCB,3A004E20,28008A1B,E007F8DB,00000860,0000056E
1391,51336300,0003FF95,000303D6,FFFD0002,00000000,002BDCCB,3A004E20,28008A16,E007F8DB,00000720,0000056F
1392,50281300,0003FF87,000403D4,FFFC0004,00000000,002BDCCB,3C004E20,28008A19,E007F8DB,00000560,00000570
1393,52459500,0003FF81,000403D3,FFFC0003,00000000,002BDCCB,3E004E20,28008A22,E007F8DC,000003E0,00000571
1394,48564200,0002FF90,000203D2,FFFD0001,00000000,002BDCCB,3E004E20,28008A30,E007F8DD,000002A0,00000572
1395,50646700,0000FFB4,000003D3,FFFEFFFE,00000000,002BDCCB,3E004E20,28008A41,E007F8DD,000001E0,00000573
1396,49778000,FFFEFFF1,FFFF03D3,0000FFFC,00000000,002BDCCB,3C004E20,28008A53,E007F8DC,00000220,00000574
1397,51311000,FFFD0030,FFFD03D5,0002FFFB,00000000,002BDCCB,3A004E20,28008A62,E007F8DB,000002E0,00000575
1398,50466500,FFFE0065,FFFD03D6,0004FFFC,00000000,002BDCCB,3A004E20,28008A6D,E007F8DB,00000460,00000576
1399,51201900,FFFF008C,FFFF03D7,0004FFFF,00000000,002BDCCB,3C004E20,28008A71,E007F8DB,00000660,00000577
1400,50569200,000000A9,000103D8,00040002,00010000,002BDCCB,3E004E20,28008A6E,E007F8DC,000008A0,00000578
1401,51538900,000200BA,000303D7,00030003,00010000,002BDCCB,3E004E20,28008A64,E007F8DD,00000AE0,00000579
1402,50280400,00020096,000403D6,00010003,00010000,002BDCCB,3C004E20,28008A55,E007F8DD,00000C60,0000057A
1403,49900500,0001003A,000403D5,FFFF0001,00010000,002BDCCB,3A004E20,28008A43,E007F8DD,00000CA0,0000057B
1404,51211100,0000FFE6,000303D3,FFFEFFFF,00010000,002BDCCB,3A004E20,28008A31,E007F8DC,00000BE0,0000057C
1405,50603400,FFFEFFB5,000103D2,FFFDFFFE,00000000,002BDCCB,3A004E20,28008A22,E007F8DB,00000AA0,0000057D
1406,50326400,FFFDFF98,FFFF03D2,FFFEFFFE,00000000,002BDCCB,3C004E20,28008A18,E007F8DB,00000960,0000057E
1407,51286800,FFFDFF85,FFFD03D2,FFFF0000,00000000,002BDCCB,3E004E20,28008A15,E007F8DC,000007E0,0000057F
1408,49652700,FFFEFF7B,FFFC03D3,00000003,00000000,002BDCCB,3E004E20,28008A18,E007F8DC,00000620,00000580
1409,52016300,0000FF77,FFFC03D5,00020004,00000000,002BDCCB,3C004E20,28008A22,E007F8DD,00000460,00000581
1410,49366400,0002FF86,FFFE03D6,00030004,00000000,002BDCCB,3C004E20,28007B85,E007F8DD,00000320,00000582
1411,57929800,0003FFB1,000003D7,00040002,00000000,002BDCCB,3A004E20,28007B93,E007F8DC,00000260,00000583
1412,44777300,0003FFEF,000203D7,0004FFFF,00000000,002BDCCB,3C004E20,28007BA0,E007F8DB,000002A0,00000584
1413,51647700,00020033,000303D7,0002FFFD,00000000,002BDCCB,3C004E20,28007BAA,E007F8DB,00000360,00000585
1414,49535400,00000068,000203D6,0001FFFB,00000000,002BDCCB,3E004E20,28007BAF,E007F8DB,000004E0,00000586
1415,51030300,FFFF0090,000103D5,FFFFFFFC,00000000,002BDCCB,3E004E20,28007BAE,E007F8DC,000006E0,00000587
1416,50662900,FFFE00A6,FFFF03D4,FFFDFFFE,00010000,002BDCCB,3C004E20,28007BA6,E007F8DD,000008E0,00000588
1417,49149500,FFFE0086,FFFD03D3,FFFC0001,00010000,002BDCCB,3A004E20,28007B9A,E007F8DD,00000A20,00000589
1418,50681000,0000002D,FFFC03D3,FFFC0003,00010000,002BDCCB,3A004E20,28007B8B,E007F8DD,00000A60,0000058A
1419,50452800,0002FFDC,FFFC03D4,FFFC0003,00010000,002BDCCB,3A004E20,28007B7C,E007F8DC,000009A0,0000058B
1420,52005000,0003FFAE,FFFE03D5,FFFE0001,00000000,002BDCCB,3C004E20,28007B6E,E007F8DB,000008A0,0000058C
1421,48637300,0003FF93,000003D6,FFFFFFFF,00000000,002BDCCB,3E004E20,28007B65,E007F8DB,00000720,0000058D
1422,51898500,0002FF86,000203D8,0001FFFD,00000000,002BDCCB,3E004E20,28007B61,E007F8DC,000005A0,0000058E
1423,50057500,0000FF81,000403D8,0002FFFD,00000000,002BDCCB,3C004E20,28007B64,E007F8DD,000003E0,0000058F
1424,49678200,FFFEFF8E,000403D8,0003FFFE,00000000,002BDCCB,3A004E20,28007B6D,E007F8DD,000002A0,00000590
1425,53084600,FFFDFFB8,000403D7,00020000,00000000,002BDCCB,3A004E20,28007B7B,E007F8DD,000001E0,00000591
1426,48902500,FFFDFFF2,000203D6,00010002,00000000,002BDCCB,3A004E20,28007B8B,E007F8DC,00000220,00000592
1427,50107400,FFFE0032,000003D4,00000003,00000000,002BDCCB,3C004E20,28007B9B,E007F8DB,000002E0,00000593
1428,49372900,FFFF0067,FFFE03D3,FFFE0003,00000000,002BDCCB,3E004E20,28007BA9,E007F8DB,00000460,00000594
1429,51391900,0001008D,FFFD03D2,FFFD0001,00000000,002BDCCB,3E004E20,28007BB3,E007F8DB,00000660,00000595
1430,50539600,000200A8,FFFE03D2,FFFCFFFE,00010000,002BDCCB,3C004E20,28007BB6,E007F8DC,000008A0,00000596
1431,49612200,000200B8,FFFF03D3,FFFDFFFD,00010000,002BDCCB,3A004E20,28007BB4,E007F8DD,00000AE0,00000597
1432,51317200,00010091,000103D4,FFFEFFFD,00010000,002BDCCB,3A004E20,28007BAB,E007F8DD,00000C60,00000598
1433,51505300,FFFF0038,000303D6,00000000,00010000,002BDCCB,3C004E20,28007B9F,E007F8DC,00000CA0,00000599
1434,50744000,FFFEFFE9,000303D7,00020002,00010000,002BDCCB,3E004E20,28007B91,E007F8DB,00000BE0,0000059A
1435,50550200,FFFDFFB5,000303D7,00030004,00000000,002BDCCB,3E004E20,28007B83,E007F8DB,00000AE0,0000059B
1436,50473800,FFFEFF99,000203D7,00040004,00000000,002BDCCB,3E004E20,28007B79,E007F8DB,00000960,0000059C
1437,49529300,FFFFFF88,FFFF03D6,00040003,00000000,002BDCCB,3C004E20,28007B73,E007F8DC,000007E0,0000059D
1438,50684100,0001FF7C,FFFD03D5,00030000,00000000,002BDCCB,3A004E20,28007B74,E007F8DD,00000620,0000059E
1439,50248200,0003FF77,FFFC03D3,0002FFFD,00000000,002BDCCB,3A004E20,28007B7A,E007F8DD,00000460,0000059F
1440,50985500,0003FF87,FFFC03D2,0000FFFC,00000000,002BDCCB,3A004E20,28006DD9,E007F8DD,00000320,000005A0
1441,50087000,0003FFA7,FFFD03D1,FFFEFFFC,00000000,002BDCCB,3C004E20,28006DE6,E007F8DC,00000220,000005A1
1442,50783100,0001FFAF,FFFF03D2,FFFDFFFE,00000000,002BDCCB,3E004E20,28006DF3,E007F8DB,00000120,000005A2
1443,54203700,FFFFFF95,000103D3,FFFD0001,00000000,002ADCCB,3E004E20,28006DFF,E007F8DB,00000FA0,000005A3
1444,46820000,FFFEFF89,000203D5,FFFE0003,00000000,002ADCCB,3C004E20,28006E07,E007F8DC,00000E20,000005A4
1445,50855900,FFFEFF82,000303D6,FFFF0003,00000000,002ADCCB,3A004E20,28006E0A,E007F8DD,00000C60,000005A5
1446,49756600,FFFFFF7B,000203D7,00000001,FFFF0000,002ADCCB,3A004E20,28006E08,E007F8DD,00000AE0,000005A6
1447,53014700,0000FF78,000103D8,0002FFFF,FFFF0000,002ADCCB,3C004E20,28006E00,E007F8DD,00000920,000005A7
1448,47574400,0002FF5B,FFFF03D8,0003FFFD,FFFF0000,002ADCCB,3E004E20,28006DF4,E007F8DC,010006A0,000005A8
1449,49723600,000DFF08,FFFE03D7,000BFFFD,FFFF0000,002ADCCC,3E004E20,28006DE5,E007F8DB,01001360,000005A9
1450,52075100,0015FF00,FFFD03D6,0011FFFF,FFFF0000,002ADCD0,3E004E20,28006DD7,E007F8DB,01000020,000005AA
1451,51213700,0018FEFF,FFFE03D4,00150001,FFFF0000,FF29DCD5,3C004E20,28006DCA,E007F8DB,0103FD20,000005AB
1452,50705000,001CFEFC,FFFF03D3,00180003,FFFF0000,FF29DCDB,3A004E20,28006DC1,E007F8DC,0107E9E0,000005AC
1453,51988300,0022FF00,000203D3,001B0005,FFFF0000,FF29DCE3,3A004E20,28006DBE,E007F8DD,0107D6A0,000005AD
1454,48679400,0029FF03,000403D3,001D0004,FFFFFFFF,FF29DCEC,3C004E20,28006DC0,E007F8DD,0107B360,000005AE
1455,51608300,0032FF06,000503D4,00200002,FFFFFFFF,FF29DCF7,3E004E20,28006DC7,E007F8DC,01079060,000005AF
1456,50704000,003DFF09,000503D6,0023FFFF,FFFFFFFF,FF28DD02,3E004E20,28006DD2,E007F8DB,01078D20,000005B0
1457,51237200,0047FF06,000303D7,0027FFFD,FFFFFFFF,FF28DD0D,3C004E20,28006DDF,E007F8DB,010769E0,000005B1
1458,49674300,0051FF08,000103D8,002CFFFD,FFFFFFFF,FF28DD1A,3A004E20,28006DEB,E007F8DB,020756E0,000005B2
1459,50313700,005BFF04,FFFF03D8,0030FFFE,FFFFFFFF,FF28DD27,3A004E20,28006DF5,E007F8DC,020733A0,000005B3
1460,50266100,0062FF06,FFFE03D7,00340001,FFFFFFFF,FF28DD36,3A004E20,28006DFB,E007E8DD,020720A0,000005B4
1461,51157800,0069FF05,FFFD03D6,00380003,FFFFFFFE,FF27DD45,3C004E20,28006DFB,E007E8DD,02071D60,000005B5
1462,50112300,006FFF04,FFFE03D4,003B0003,FFFFFFFE,FF27DD54,3E004E20,28006DF7,E007C0DD,02070A60,000005B6
1463,50789700,0076FF07,000003D3,003D0002,FFFFFFFE,FF27DD65,3E004E20,28006DED,E00788DC,0206F720,000005B7
1464,52157000,007DFF09,000203D2,003FFFFF,FFFFFFFE,FF27DD76,3C004E20,28006DE1,E00758DB,0206E420,000005B8
1465,49842200,0086FEEE,000303D2,0041FFFD,FFFFFFFE,FF27DD88,3C004E20,28006DD4,E00728DB,0206D020,000005B9
1466,51302800,008EFE8C,000303D2,0043FFFC,FFFEFFFE,FF26DD9C,3A004E20,28006DC8,E006F8DC,0206BB60,000005BA
1467,50647300,0098FE7E,000303D3,0045FFFD,FFFEFFFE,FF26DDB0,3A004E20,28006DC0,E006C8DC,0306A660,000005BB
1468,49633200,00A1FE7D,000103D5,0049FFFF,FFFEFFFD,FF26DDC5,3C004E20,28006DBD,E00698DD,03069160,000005BC
1469,51384600,00AAFE7B,FFFF03D6,004E0001,FFFEFFFD,FF25DDDC,3E004E20,28006DBF,E00670DD,03069CA0,000005BD
1470,50004600,00B2FE7A,FFFD03D7,00540003,FFFEFFFD,FF25DDF4,3E004E20,28006121,E00648DC,030687A0,000005BE
1471,51298800,00B9FE7A,FFFC03D7,005A0003,FFFEFFFD,FF25DE0D,3E004E20,2800612C,E00628DB,030672E0,000005BF
1472,49880000,00C0FE7A,FFFD03D6,00600002,FFFEFFFD,FF24DE27,3C004E20,28006138,E00600DB,03066DE0,000005C0
1473,50647800,00C8FE7C,FFFE03D5,00660000,FFFEFFFD,FF24DE42,3A004E20,28006145,E005E0DB,03065920,000005C1
1474,50769800,00D2FE7C,000003D4,006BFFFE,FFFEFFFD,FF24DE5F,3A004E20,28006151,E005C0DC,04064420,000005C2
1475,49736200,00DCFE82,000303D2,006FFFFD,FFFEFFFC,FF23DE7D,3C004E20,28006159,E005A0DD,04063F60,000005C3
1476,51561800,00E6FE64,000403D2,0072FFFF,FFFEFFFC,FF23DE9D,3E004E20,2800615C,E00588DD,040629A0,000005C4
1477,55391500,00EEFE03,000403D2,00750001,FFFEFFFC,FF23DEBE,3E004E20,2800615A,E00568DD,04062320,000005C5
1478,43930900,00F9FDF4,000303D3,00780004,FFFEFFFC,FF22DEE0,3C004E20,28006154,E00550DC,04061C60,000005C6
1479,50636600,0103FDF6,000103D4,007C0005,FFFDFFFC,FF22DF04,3A004E20,2800614A,E00538DB,040605E0,000005C7
1480,49248800,010BFDF3,FFFF03D6,00800004,FFFDFFFC,FF21DF29,3A004E20,2800613F,E00520DB,04060F20,000005C8
1481,51972700,0113FDF1,FFFE03D7,00850002,FFFDFFFB,FF21DF4F,3A004E20,28006133,E00508DC,0505F8A0,000005C9
1482,50731500,011BFDF3,FFFE03D8,008BFFFF,FFFDFFFB,FF21DF77,3C004E20,2800612A,E004F8DD,0505F1E0,000005CA
1483,50933000,0124FDF6,FFFF03D8,0091FFFD,FFFDFFFB,FF20DFA1,3E004E20,28006124,E004E8DD,0505EB60,000005CB
1484,49463300,012FFE21,000103D7,0097FFFC,FFFDFFFB,FF20DFCB,3E004E20,28006123,E004D8DD,0505F5E0,000005CC
1485,50857300,013CFE86,000303D5,009DFFFD,FFFDFFFB,FF20DFF7,3C004E20,28006126,E004C8DC,0505F120,000005CD
1486,50436500,0143FE8D,000403D4,00A20000,FFFDFFFB,FF1FE025,3A004E20,2800612E,E004C0DC,0505FC60,000005CE
1487,51406100,014AFE91,000503D3,00A60002,FFFEFFFA,FF1FE053,3A004E20,28006138,E004B8DB,0505F7A0,000005CF
1488,54815300,0150FE90,000403D2,00A80003,FFFEFFFA,FF1FE082,3C004E20,28006143,E004B0DB,0505F2E0,000005D0
1489,46720600,0153FE93,000203D3,00AA0002,FFFEFFFA,FF1EE0B2,3E004E20,2800614E,E004A8DC,0505FE20,000005D1
1490,50498300,0156FE90,000003D3,00ABFFFF,FFFEFFFA,FF1EE0E4,3E004E20,28006155,E004A0DD,0605F960,000005D2
1491,50298200,0158FE92,FFFD03D5,00ACFFFD,FFFEFFFA,FF1EE115,3E004E20,28006158,D00498DD,060604E0,000005D3
1492,51671100,015AFE92,FFFC03D6,00ADFFFC,FFFEFFFA,FF1EE148,3C004E20,28006156,D00498DC,06060020,000005D4
1493,49185300,015EFE8F,FFFC03D7,00AFFFFD,FFFEFFFA,FF1DE17B,3A004E20,28006150,D00490DB,06061B60,000005D5
1494,48847800,0161FE91,FFFE03D7,00B2FFFF,FFFEFFFA,FF1DE1AF,3A004E20,28006146,D00490DB,060616E0,000005D6
1495,52005900,0164FE94,000003D7,00B50001,FFFEFFFA,FF1DE1E3,3A004E20,28006139,D00490DB,06062220,000005D7
1496,50240400,0167FE96,000103D6,00B80004,FFFEFFFA,FF1CE218,3C004E20,2800612C,D00490DB,06062D60,000005D8
1497,50170800,0168FE98,000303D4,00BB0004,FFFEFFFA,FF1CE24C,3E004E20,28006120,D00490DC,060638E0,000005D9
1498,50965800,0167FE9A,000303D3,00BD0003,FFFEFFFA,FF1CE281,3E004E20,28006118,D00490DD,06064420,000005DA
1499,53028000,0164FE9C,000103D1,00BE0001,FFFEFFFA,FF1BE2B7,3C004E20,28006115,D00490DD,06065FA0,000005DB
1500,47473000,0160FE9B,FFFF03D1,00BDFFFE,FFFEFFFA,FF1BE2EC,3A004E20,28005599,D00498DC,06066B20,000005DC
1501,50436800,015DFE99,FFFD03D1,00BCFFFD,FFFEFFFA,FF1BE321,3A004E20,2800559F,D004A0DB,060666A0,000005DD
1502,50450700,0158FE9C,FFFC03D2,00BAFFFE,FFFEFFFA,FF1BE356,3C004E20,280055A8,D004A0DB,060671E0,000005DE
1503,48636000,0159FEC9,FFFC03D4,00B70000,FFFEFFFA,FF1AE38B,3E004E20,280055B2,D004A8DC,05069EA0,000005DF
1504,51084100,0157FF2B,FFFD03D5,00B50002,FFFEFFFA,FF1AE3C0,3E004E20,280055BD,D004B0DC,0506ABE0,000005E0
1505,50256100,0152FF2C,FFFF03D7,00B20004,FFFEFFFA,FF1AE3F4,3E004E20,280055C6,D004C0DD,0506B960,000005E1
1506,49837800,014BFF33,000103D7,00B00003,FFFEFFFA,FF1AE427,3C004E20,280055CB,D004D0DD,0502C6A0,000005E2
1507,51105600,0145FF34,000303D7,00AE0001,FFFFFFFA,FF1AE45A,3A004E20,280055CD,D004E0DD,0502C420,000005E3
1508,51122800,013CFF36,000403D6,00ACFFFE,FFFFFFFA,FF1AE48B,3A004E20,280055CA,D004F0DC,0502D160,000005E4
1509,50647600,0132FF3A,000303D4,00AAFFFC,FFFFFFFA,FF19E4BC,3C004E20,280055C4,D00508DB,0502EEE0,000005E5
1510,50349500,012AFF38,000203D3,00A8FFFC,FFFFFFFA,FF19E4EB,3E004E20,280055BB,D00518DB,0502FC20,000005E6
1511,50087300,0120FF39,000003D2,00A4FFFD,FFFFFFFA,FF19E51A,3E004E20,280055B2,D00530DC,040309A0,000005E7
1512,49586000,0118FF37,FFFE03D2,009F0000,FFFFFFFB,FF19E547,3E004E20,280055A9,D00548DC,04030720,000005E8
1513,57896900,0111FF64,FFFD03D3,00990001,FFFFFFFB,FF19E572,3C004E20,280055A2,D00560DD,040315A0,000005E9
1514,43676600,010BFFAB,FFFD03D4,00930002,FFFFFFFB,FF19E59C,3A004E20,2800559F,D00578DC,040324A0,000005EA
1515,50102600,0102FFAD,FFFE03D6,008C0002,FFFFFFFB,FF19E5C5,3A004E20,280055A0,D00598DC,04033360,000005EB
1516,49313100,00F8FFB0,000003D7,00850000,FFFFFFFB,FF19E5ED,3A004E20,280055A6,D005B8DB,04034260,000005EC
1517,50230100,00EEFFB3,000203D8,007EFFFE,FFFFFFFB,FF19E613,3C004E20,280055AE,D005D8DB,03034160,000005ED
1518,49072300,00E3FFC3,000303D8,0079FFFC,FFFFFFFC,FF19E637,3E004E20,280055B9,D00600DB,030350A0,000005EE
1519,50545600,00D8FFE2,000303D8,0074FFFD,0000FFFC,FF19E65A,3E004E20,280055C4,D00628DC,03035060,000005EF
1520,50976800,00CC000B,000203D6,0070FFFE,0000FFFC,FF19E67B,3C004E20,280055CE,D00650DD,030360A0,000005F0
1521,50890500,00C3002F,FFFF03D5,006D0001,0000FFFC,FF19E69B,3A004E20,280055D6,D00678DD,03036160,000005F1
1522,51247300,00B9004B,FFFD03D3,006A0003,0000FFFC,FF19E6BA,3A004E20,280055D9,D006A8DD,03037260,000005F2
1523,56768200,00B2005D,FFFC03D2,00660004,0000FFFC,FF19E6D7,3C004E20,280055D7,D006D8DC,030373A0,000005F3
1524,48025700,00AC006A,FFFB03D2,00620003,0000FFFD,FF19E6F3,3E004E20,280055D1,D00700DB,02037520,000005F4
1525,46835700,00A50077,FFFC03D3,005D0000,0000FFFD,FF19E70D,3E004E20,280055C9,D00730DB,020376A0,000005F5
1526,51928500,009D0081,FFFE03D4,0058FFFE,0001FFFD,FF19E726,3E004E20,280055BE,D00760DC,02038860,000005F6
1527,47663600,00960088,000003D5,0052FFFD,0001FFFD,FF19E73E,3C004E20,280055B3,D00788DD,02038A20,000005F7
1528,53024500,008E008F,000203D7,004DFFFE,0001FFFD,FF19E755,3A004E20,280055AA,D007B0DD,02038BE0,000005F8
1529,50147900,00860094,000203D7,00480000,0001FFFD,FF19E76B,3A004E20,280055A3,D007B0DD,02038DA0,000005F9
1530,50219000,00800098,000203D7,00450002,0001FFFD,FF19E781,3C004E20,28004B53,D007B0DC,02039FA2,000005FA
1531,50027600,007C0099,000103D6,00430003,0001FFFD,FF1AE795,3E004E20,28004B55,D007B0DB,02039162,000005FB
1532,50784700,007A0098,FFFF03D5,00420003,0001FFFE,FF1AE7A9,3E004E20,28004B5A,D007B0DB,02039362,000005FC
1533,49568600,0077009A,FFFD03D3,00420001,0001FFFE,FF1AE7BC,3C004E20,28004B62,D007B0DB,02039522,000005FD
1534,51617600,0076009A,FFFC03D2,0043FFFE,0001FFFE,FF1AE7CF,3A004E20,28004B6A,D007B0DC,02039722,000005FE
1535,48913400,0074009C,FFFD03D2,0044FFFC,0001FFFE,FF1AE7E1,3A004E20,28004B72,D007B0DD,02039922,000005FF
1536,51454100,0073009A,FFFE03D2,0044FFFC,0001FFFE,FF1AE7F4,3A004E20,28004B78,D007B0DD,0203AB22,00000600
1537,50039100,006F00A0,000103D3,0043FFFD,0001FFFE,FF1AE806,3C004E20,28004B7B,D007B0DC,0203AD22,00000601
1538,52185800,006D00A1,000303D4,0043FFFF,0001FFFE,FF1AE818,3E004E20,28004B7B,D007B0DB,0203AF22,00000602
1539,48425700,006C00A3,000403D6,00410002,0001FFFE,FF1BE82A,3E004E20,28004B76,D007B0DB,0203A122,00000603
1540,51484000,006C00A5,000403D7,00400003,0001FFFE,FF1BE83C,3C004E20,28004B6F,D007B0DB,0203A322,00000604
1541,50517900,006E00A6,000303D8,003F0003,0001FFFE,FF1BE84F,3C004E20,28004B66,D007B0DC,0203A522,00000605
1542,51460600,006F00A7,000103D8,003F0001,0001FFFE,FF1BE862,3A004E20,28004B5C,D007B0DD,0203A722,00000606
1543,50004600,007300A5,FFFF03D7,0040FFFE,0001FFFE,FF1BE875,3C004E20,28004B53,D007B0DD,0203A922,00000607
1544,51213000,007600A5,FFFE03D6,0042FFFD,0001FFFE,FF1BE888,3C004E20,28004B4D,D007B0DD,02039B62,00000608
1545,50752500,007900A3,FFFD03D4,0045FFFD,0001FFFE,FF1BE89C,3E004E20,28004B4A,D007B0DC,02039D62,00000609
1546,51158200,007900A6,FFFE03D3,0048FFFF,0001FFFE,FF1BE8B0,3E004E20,28004B4C,D00798DB,02039F62,0000060A
1547,49074300,007B00A6,FFFF03D3,004B0002,0001FFFE,FF1CE8C5,3C004E20,28004B51,D00780DB,020391A2,0000060B
1548,50250400,007C00A8,000103D3,004E0004,0001FFFE,FF1CE8DA,3A004E20,28004B59,D00770DC,020393A2,0000060C
1549,56109200,007E00AA,000303D4,00500004,0001FFFE,FF1CE8F0,3A004E20,28004B62,D00750DD,020385A2,0000060D
1550,44565800,008100AD,000303D6,00520003,0001FFFE,FF1CE906,3A004E20,28004B6C,D00738DD,020387E2,0000060E
1551,53204700,008600AD,000303D7,00520001,0001FFFE,FF1CE91D,3C004E20,28004B75,D00720DD,020389E2,0000060F
1552,48156100,008C00AD,000103D8,0053FFFE,0001FFFE,FF1CE935,3E004E20,28004B7B,D00700DC,03037C22,00000610
1553,49732600,009100AD,FFFF03D8,0053FFFD,0001FFFE,FF1CE94D,3E004E20,28004B7D,D006E8DB,03037E22,00000611
1554,51068400,009600AC,FFFD03D8,0054FFFD,0001FFFD,FF1DE966,3C004E20,28004B7C,D006D8DB,03036062,00000612
1555,52179900,009900AB,FFFC03D6,0055FFFF,0001FFFD,FF1DE97F,3A004E20,28004B77,D006C0DB,03036262,00000613
1556,52232600,009C00AB,FFFC03D5,00580001,0001FFFD,FF1DE999,3A004E20,28004B70,D006A8DC,030354A2,00000614
1557,49471300,009F00AB,FFFD03D3,005B0003,0001FFFD,FF1DE9B4,3A004E20,28004B67,D00698DD,030356E2,00000615
1558,50318500,00A200A9,000003D2,005F0003,0001FFFD,FF1DE9CF,3C004E20,28004B5F,D00680DD,030348E2,00000616
1559,48742200,00A60083,000203D2,00620001,0001FFFD,FF1DE9EB,3E004E20,28004B59,D00670DC,03034A22,00000617
1560,50439200,00AD0037,000303D3,0065FFFF,0001FFFD,FF1DEA08,3E004E20,28004244,D00658DC,03033A62,00000618
1561,48971100,00B2FFFB,000403D4,0068FFFD,0001FFFD,FF1DEA24,3C004E20,28004244,D00648DB,030339E2,00000619
1562,50460400,00BAFFD4,000303D5,006AFFFD,0000FFFD,FF1DEA42,3A004E20,28004247,D00630DB,03033922,0000061A
1563,50692600,00C0FFBE,000103D6,006BFFFE,0000FFFD,FF1DEA5F,3A004E20,2800424D,D00620DC,03032862,0000061B
1564,51336700,00C2FF94,FFFF03D7,006C0000,0000FFFD,FF1DEA7E,3C004E20,28004255,D00610DD,03032662,0000061C
1565,50246600,00C5FF3B,FFFE03D7,006C0003,0000FFFD,FF1DEA9D,3E004E20,2800425D,D005F8DD,030323E2,0000061D
1566,51466200,00C8FF31,FFFD03D6,006D0005,FFFFFFFD,FF1DEABC,3E004E20,28004265,D005E8DD,04032122,0000061E
1567,51018500,00CBFF2E,FFFE03D5,006E0004,FFFFFFFC,FF1CEADD,3E004E20,2800426A,D005D8DC,04031EA2,0000061F
1568,56037700,00CFFF2E,000003D4,00710002,FFFFFFFC,FF1CEAFD,3C004E20,2800426D,D005C8DB,04031BE2,00000620
1569,45467900,00D3FF2F,000203D2,00740000,FFFFFFFC,FF1CEB1F,3A004E20,2800426B,D005C0DB,04031922,00000621
1570,49403600,00D7FF31,000403D2,0078FFFE,FFFFFFFC,FF1CEB41,3A004E20,28004267,D005B0DB,040316A2,00000622
1571,51553900,00DDFF33,000503D2,007CFFFE,FFFFFFFC,FF1CEB64,3A004E20,28004260,D005A0DC,040313E2,00000623
1572,50950600,00E2FF33,000403D3,0080FFFF,FFFFFFFC,FF1CEB88,3C004E20,28004257,D00598DD,04031162,00000624
1573,50167100,00E6FF33,000203D4,00830002,FFFFFFFC,FF1BEBAC,3E004E20,2800424F,D00590DD,04031EA2,00000625
1574,49474200,00E8FF33,000003D6,00860004,FFFFFFFC,FF1BEBD1,3E004E20,28004247,D00588DC,04032BE2,00000626
1575,52251300,00EAFF31,FFFE03D7,00870004,FFFFFFFC,FF1BEBF7,3C004E20,28004241,D00580DB,04032962,00000627
1576,51070000,00EAFF2F,FFFD03D8,00870003,FFFFFFFC,FF1BEC1C,3A004E20,2800423F,D00578DB,040326A2,00000628
1577,50688100,00E9FF31,FFFD03D8,00870000,FFFFFFFC,FF1BEC43,3A004E20,28004240,D00570DB,04032422,00000629
1578,50486400,00ECFF2F,FFFE03D7,0087FFFE,FFFFFFFC,FF1BEC69,3C004E20,28004244,D00570DC,04032162,0000062A
1579,49494800,00EDFF31,FFFF03D6,0086FFFC,FFFFFFFC,FF1AEC91,3E004E20,2800424A,D00568DD,04032EE2,0000062B
1580,49812800,00EFFF35,000103D5,0086FFFC,FFFFFFFC,FF1AECB8,3E004E20,28004252,D00568DD,04032C62,0000062C
1581,51066000,00F3FF35,000303D3,0087FFFE,FFFFFFFC,FF1AECE0,3E004E20,28004259,D00568DD,040339A2,0000062D
1582,49701400,00F3FF38,000303D3,00890001,FFFFFFFC,FF1AED07,3C004E20,2800425F,D00568DC,04033722,0000062E
1583,50289400,00F3FF38,000203D3,008B0002,FFFFFFFC,FF1AED2F,3A004E20,28004263,D00568DB,040334A2,0000062F
1584,51013300,00F5FF63,000003D3,008D0002,FFFFFFFC,FF1AED57,3A004E20,28004263,D00568DB,04033322,00000630
1585,51059100,00F2FFAB,FFFE03D5,008E0001,FFFFFFFC,FF1AED7F,3C004E20,28004260,D00570DC,040341E2,00000631
1586,50924100,00EFFFA9,FFFC03D6,008FFFFE,FFFFFFFC,FF1AEDA7,3E004E20,2800425B,D00570DD,040340E2,00000632
1587,53940400,00ECFFA8,FFFC03D7,008EFFFC,FFFFFFFC,FF19EDCF,3E004E20,28004253,D00578DD,04034FE2,00000633
1588,47769000,00EAFFAA,FFFD03D8,008CFFFC,FFFFFFFC,FF19EDF7,3C004E20,2800424B,D00580DD,04034EA2,00000634
1589,50567800,00E9FFAA,FFFE03D7,008AFFFD,FFFFFFFC,FF19EE1F,3A004E20,28004244,D00588DC,04035DA2,00000635
1590,51386500,00EAFFAC,000103D6,00870000,FFFFFFFC,FF19EE46,3A004E20,28003A78,D00590DB,04035CA2,00000636
1591,51584000,00E8FFAF,000303D5,00840003,0000FFFC,FF19EE6D,3A004E20,28003A75,D00598DB,04035B62,00000637
1592,49913100,00E8FFAF,000403D3,00820004,0000FFFC,FF19EE93,3C004E20,28003A76,D005A0DB,04035A62,00000638
1593,49893000,00E3FFB3,000403D2,00800004,0000FFFC,FF19EEBA,3E004E20,28003A7A,D005A8DC,04035962,00000639
1594,49899300,00E3FFAF,000203D1,007F0002,0000FFFC,FF19EEDF,3E004E20,28003A80,D005B8DD,04036862,0000063A
1595,50789600,00DAFFB2,000003D2,007F0000,0000FFFC,FF19EF04,3E004E20,28003A88,D005C0DD,04036722,0000063B
1596,50387500,00D9FFB0,FFFE03D3,007FFFFE,0000FFFC,FF19EF29,3C004E20,28003A90,D005C8DC,04036622,0000063C
1597,50868400,00D4FFBF,FFFD03D4,0080FFFD,0000FFFC,FF19EF4D,3A004E20,28003A97,D005D8DB,040365A2,0000063D
1598,49946100,00D1FFDC,FFFD03D5,007FFFFE,0000FFFC,FF19EF71,3A004E20,28003A9C,D005E8DB,04037522,0000063E
1599,51468900,00CE0005,FFFE03D6,007E0001,0000FFFC,FF19EF94,3C004E20,28003A9E,D005F0DB,03037562,0000063F
1600,48541900,00CF002A,000003D7,007C0002,0000FFFC,FF19EFB7,3E004E20,28003A9E,D00600DC,03037622,00000640
1601,50260800,00CA004B,000203D7,007A0003,0000FFFC,FF19EFD9,3E004E20,28003A9A,D00610DD,03037722,00000641
1602,49421900,00C90061,000303D6,00760002,0000FFFC,FF19EFFB,3E004E20,28003A94,D00620DD,03037862,00000642
1603,51230100,00C10073,000403D5,00730000,0000FFFC,FF19F01D,3C004E20,28003A8E,D00628DD,030379E2,00000643
1604,49605200,00BF007E,000303D3,0070FFFD,0000FFFC,FF19F03E,3A004E20,28003A87,D00638DC,03037B62,00000644
1605,50403100,00BA0086,000103D3,006EFFFB,0001FFFC,FF19F05E,3A004E20,28003A81,D00648DB,03037D22,00000645
1606,49964100,00B4008C,FFFE03D2,006CFFFC,0001FFFD,FF19F07E,3C004E20,28003A7E,D00658DB,03037EA2,00000646
1607,50273900,00B6008D,FFFC03D3,006CFFFE,0001FFFD,FF1AF09D,3E004E20,28003A7D,D00660DC,030370A2,00000647
1608,50253900,00B10091,FFFC03D4,006C0000,0001FFFD,FF1AF0BC,3E004E20,28003A7F,D00670DD,03037262,00000648
1609,50024300,00B10094,FFFC03D6,006C0002,0001FFFD,FF1AF0DB,3C004E20,28003A84,D00678DD,03037422,00000649
1610,51327200,00B50094,FFFE03D7,006C0003,0001FFFD,FF1AF0F9,3A004E20,28003A8A,D00688DD,03037622,0000064A
1611,49799000,00B0009A,000003D8,006B0002,0001FFFD,FF1AF116,3A004E20,28003A91,D00690DC,03036822,0000064B
1612,50736300,00AE009E,000203D8,006AFFFF,0001FFFD,FF1AF134,3A004E20,28003A97,D00698DB,030369E2,0000064C
1613,50340800,00AD009F,000303D8,0068FFFD,0001FFFD,FF1AF150,3C004E20,28003A9C,D00698DB,03036BE2,0000064D
1614,50744000,00A900A2,000203D7,0065FFFD,0001FFFD,FF1AF16D,3E004E20,28003A9E,D006A0DB,03036DE2,0000064E
1615,50148900,00AA00A0,000103D5,0062FFFE,0001FFFD,FF1AF18A,3E004E20,28003A9D,D006A0DC,03036FE2,0000064F
1616,50582800,00A600A3,FFFF03D4,00600000,0001FFFD,FF1BF1A6,3C004E20,28003A99,D006A0DD,030361E2,00000650
1617,51813300,00A700A1,FFFD03D3,005E0003,0001FFFD,FF1BF1C2,3C004E20,28003A93,D006A8DD,030363E2,00000651
1618,49822600,00A800A0,FFFC03D2,005E0004,0001FFFD,FF1BF1DE,3A004E20,28003A8C,D006A8DD,030365E2,00000652
1619,49391100,00AA00A1,FFFD03D3,005E0004,0001FFFD,FF1BF1FA,3C004E20,28003A84,D006A0DC,030367E2,00000653
1620,50564000,00AE00A0,FFFE03D4,00600002,0001FFFD,FF1BF216,3E004E20,2800341C,D006A0DB,030369E2,00000654
1621,50941000,00AB00A4,000003D5,00610000,0001FFFD,FF1BF232,3E004E20,28003417,D00698DB,03035BE2,00000655
1622,50361600,00AF00A4,000203D7,0063FFFD,0001FFFD,FF1BF24E,3E004E20,28003415,D00698DC,03035DE2,00000656
1623,50502600,00AB00AA,000403D7,0065FFFD,0001FFFD,FF1CF26A,3C004E20,28003415,D00690DD,03035022,00000657
1624,50940600,00AA00AA,000403D7,0065FFFE,0001FFFD,FF1CF286,3A004E20,28003418,D00688DD,03035222,00000658
1625,50940500,00AB00AB,000403D6,00660000,0001FFFD,FF1CF2A3,3A004E20,2800341E,D00680DD,03035422,00000659
1626,50014100,00AD00AA,000203D5,00650002,0001FFFD,FF1CF2BF,3A004E20,28003424,D00680DC,03034622,0000065A
1627,52295400,00AD00AC,000003D3,00640003,0001FFFD,FF1CF2DC,3C004E20,2800342A,D00678DB,03034862,0000065B
1628,50252500,00B300A9,FFFE03D2,00630002,0001FFFD,FF1CF2F9,3E004E20,2800342F,D00670DB,03034A62,0000065C
1629,50319200,00B300A7,FFFD03D1,00630000,0001FFFD,FF1CF316,3E004E20,28003433,D00668DB,03033C62,0000065D
1630,50293100,00B9007C,FFFE03D2,0063FFFE,0001FFFD,FF1CF334,3C004E20,28003434,D00660DC,03033DA2,0000065E
1631,50582800,00BC0033,FFFF03D3,0063FFFC,0001FFFD,FF1CF351,3A004E20,28003433,D00650DD,03033DE2,0000065F
1632,50520200,00BBFFF7,000103D4,0065FFFD,0001FFFD,FF1CF36F,3A004E20,2800342F,D00648DD,03033D62,00000660
1633,50962200,00BBFFD6,000303D5,0067FFFF,0000FFFD,FF1CF38C,3C004E20,28003429,D00638DC,03033CE2,00000661
1634,50242000,00BCFFC2,000303D7,006A0001,0000FFFD,FF1CF3AA,3E004E20,28003423,D00630DB,03033BE2,00000662
1635,50521100,00BEFFB7,000303D7,006D0003,0000FFFD,FF1CF3C8,3E004E20,2800341E,D00628DB,03033AE2,00000663
1636,49988000,00BEFFB2,000203D7,006F0004,0000FFFD,FF1CF3E7,3E004E20,2800341A,D00618DB,030339E2,00000664
1637,50234800,00C5FFAA,FFFF03D7,00710003,0000FFFC,FF1CF406,3C004E20,28003418,D00608DC,030338A2,00000665
1638,52677800,00C7FFA8,FFFD03D5,00720001,0000FFFC,FF1CF426,3A004E20,28003418,D00600DD,03033762,00000666
1639,49472400,00CBFFA4,FFFC03D4,0072FFFE,0000FFFC,FF1CF445,3A004E20,2800341B,D005F8DD,03033662,00000667
1640,51666500,00D0FFA2,FFFC03D3,0072FFFD,0000FFFC,FF1CF466,3C004E20,28003421,D005E8DD,03033522,00000668
1641,49113600,00CEFFA5,FFFD03D3,0072FFFE,0000FFFC,FF1CF487,3E004E20,28003427,D005E0DC,04033422,00000669
1642,49190000,00D1FFA4,FFFF03D3,00720000,0000FFFC,FF1CF4A8,3E004E20,2800342E,D005E0DB,040332E2,0000066A
1643,51427200,00D1FFA5,000103D4,00730003,0000FFFC,FF1CF4C9,3E004E20,28003434,D005D0DB,040331A2,0000066B
1644,54710400,00D1FFA8,000303D5,00750004,0000FFFC,FF1CF4EB,3C004E20,28003439,D005D0DC,040330A2,0000066C
1645,49683100,00D4FF87,000303D7,00780004,FFFFFFFC,FF1BF50E,3A004E20,2800343B,D005C8DD,04032E62,0000066D
1646,47879800,00D7FF65,000303D8,007A0002,FFFFFFFC,FF1BF530,3A004E20,2800343B,D005C0DD,04033CE2,0000066E
1647,50730600,00D9FFA9,000103D8,007DFFFF,FFFFFFFC,FF1BF554,3A004E20,28003438,D005B8DD,04033BE2,0000066F
1648,50008400,00DFFF86,FFFF03D8,007FFFFD,FFFFFFFC,FF1BF577,3C004E20,28003432,D005B8DC,040339A2,00000670
1649,50282800,00DCFF64,FFFE03D7,0080FFFC,FFFFFFFC,FF1BF59A,3E004E20,2800342C,D005B0DB,04033862,00000671
1650,58116700,00E4FFA3,FFFD03D5,0080FFFD,FFFFFFFC,FF1BF5BE,3E004E20,28002F1B,D005B0DB,04033722,00000672
1651,53857800,00DFFFA6,FFFE03D4,0080FFFF,FFFFFFFC,FF1BF5E2,3C004E20,28002F16,D005B0DB,040335E2,00000673
1652,40403700,00E0FFA6,FFFF03D2,007E0002,FFFFFFFC,FF1BF607,3A004E20,28002F12,D005B0DC,040334E2,00000674
1653,50061600,00DEFFA8,000103D2,007D0003,FFFFFFFC,FF1BF62B,3A004E20,28002F11,D005A8DD,040333A2,00000675
1654,50854600,00DDFFAA,000303D2,007C0002,FFFFFFFC,FF1BF650,3C004E20,28002F12,D005A8DD,040332A2,00000676
1655,50501900,00DFFFAB,000403D3,007C0000,0000FFFC,FF1BF674,3E004E20,28002F15,D005B0DC,04033162,00000677
1656,116913400,00DEFFAD,000403D5,007CFFFE,0000FFFC,FF1BF699,3E004E20,28002F19,D005B0DB,04033062,00000678
1657,17528000,00E1FFAD,000303D6,007DFFFC,0000FFFC,FF1AF6BE,3E004E20,28002F1F,D005B0DB,04033F22,00000679
1658,51586400,00DFFFAE,000103D7,007FFFFC,0000FFFC,FF1AF6E2,3C004E20,28002F24,D005B0DB,04033E22,0000067A
1659,49324000,00E6FFA9,FFFE03D7,0080FFFE,0000FFFC,FF1AF707,3A004E20,28002F28,D005B0DC,04034CE2,0000067B
1660,50023900,00DFFFAA,FFFD03D6,00820001,0000FFFC,FF1AF72C,3A004E20,28002F2A,D005B0DD,04034BE2,0000067C
1661,50860000,00E1FFA8,FFFC03D5,00820003,0000FFFC,FF1AF750,3C004E20,28002F29,D005B8DD,04034AA2,0000067D
1662,48751100,00D9FFAA,FFFD03D4,00820004,0000FFFC,FF1AF775,3E004E20,28002F27,D005C0DD,040349A2,0000067E
1663,49304500,00D9FFAA,FFFF03D3,00800003,0000FFFC,FF1AF799,3E004E20,28002F22,D005C0DC,040348A2,0000067F
1664,50135700,00D8FFAB,000103D2,007F0001,0000FFFC,FF1AF7BD,3C004E20,28002F1C,D005C0DB,04034762,00000680
1665,50932400,00DBFFAD,000203D2,007CFFFF,0000FFFC,FF1AF7E1,3A004E20,28002F16,D005C8DB,04034662,00000681
1666,51191000,00D7FFAF,000303D2,007AFFFD,0000FFFC,FF1AF805,3A004E20,28002F11,D005D0DC,04035522,00000682
1667,53205800,00DAFFAF,000203D4,0079FFFE,0000FFFC,FF1AF828,3A004E20,28002F0D,D005D0DC,04035422,00000683
1668,49728300,00D9FFAE,000003D5,00780000,0000FFFC,FF1AF84C,3C004E20,28002F0B,D005D8DD,04035322,00000684
1669,49982400,00D7FFAE,FFFE03D7,00780002,0000FFFC,FF1AF86F,3E004E20,28002F0B,D005E0DD,040351E2,00000685
1670,50317100,00D4FFAC,FFFC03D8,00790004,0000FFFC,FF1AF892,3E004E20,28002F0E,D005E0DC,040350E2,00000686
1671,49927800,00D3FFBB,FFFC03D8,007A0003,0000FFFC,FF1AF8B5,3E004E20,28002F13,D005E8DB,03036022,00000687
1672,51646100,00CDFFD8,FFFC03D7,007B0002,0000FFFC,FF19F8D7,3C004E20,28002F18,D005F0DB,03036FE2,00000688
1673,50261600,00CA0002,FFFE03D6,007CFFFF,0000FFFC,FF1AF8FA,3A004E20,28002F1F,D005F8DB,03036022,00000689
1674,50663800,00C9002B,000003D5,007CFFFC,0000FFFC,FF1AF91C,3A004E20,28002F24,D00600DC,030360E2,0000068A
1675,50214700,00C90049,000203D4,007AFFFB,0000FFFC,FF1AF93E,3C004E20,28002F28,D00608DC,030361E2,0000068B
1676,51011900,00C60063,000303D3,0078FFFC,0000FFFC,FF1AF960,3E004E20,28002F29,D00618DD,03036322,0000068C
1677,50769000,00CA0073,000403D3,0075FFFE,0000FFFC,FF1AF981,3E004E20,28002F29,D00618DD,030364A2,0000068D
1678,51135800,00C2007E,000303D4,00730001,0000FFFC,FF1AF9A2,3C004E20,28002F26,D00628DC,03036622,0000068E
1679,50233300,00C20089,000103D5,00700002,0001FFFC,FF1AF9C3,3A004E20,28002F21,D00630DB,030367E2,0000068F
1680,50381300,00C2008C,FFFF03D6,006E0002,0001FFFC,FF1AF9E4,3A004E20,28002B7A,D00638DB,030369A2,00000690
1681,50266400,00BB0092,FFFD03D7,006D0000,0001FFFC,FF1AFA04,3A004E20,28002B75,D00640DC,03036B62,00000691
1682,49445300,00BD0093,FFFD03D8,006DFFFE,0001FFFC,FF1AFA24,3C004E20,28002B71,D00648DD,03035D62,00000692
1683,49670600,00B60098,FFFE03D8,006DFFFD,0001FFFD,FF1AFA43,3E004E20,28002B6F,D00650DD,03035F22,00000693
1684,50004500,00B8009B,000003D7,006EFFFD,0001FFFD,FF1BFA63,3E004E20,28002B6F,D00658DD,03035122,00000694
1685,51322300,00BB009E,000203D5,006EFFFE,0001FFFD,FF1BFA82,3C004E20,28002B71,D00660DC,03035322,00000695
1686,51093900,00BB00A2,000403D4,006E0001,0001FFFD,FF1BFAA0,3A004E20,28002B75,D00660DC,03035522,00000696
1687,50039300,00B900A5,000403D2,006D0004,0001FFFD,FF1BFABF,3A004E20,28002B7A,D00668DB,03035722,00000697
1688,50952300,00B900A6,000303D2,006B0004,0001FFFD,FF1BFADD,3A004E20,28002B80,D00668DB,03034922,00000698
1689,50525200,00B900A7,000103D2,00690004,0001FFFD,FF1BFAFB,3C004E20,28002B85,D00668DC,03034B22,00000699
1690,50994800,00B600A6,FFFF03D3,00670001,0001FFFD,FF1BFB19,3E004E20,28002B89,D00668DD,03034D22,0000069A
1691,50100900,00B600A5,FFFD03D4,0065FFFF,0001FFFD,FF1BFB37,3E004E20,28002B8B,D00668DD,03034F22,0000069B
1692,53367900,00B400A5,FFFC03D5,0064FFFD,0001FFFD,FF1CFB55,3C004E20,28002B8A,D00668DC,03034122,0000069C
1693,48695100,00B500A5,FFFC03D6,0064FFFD,0001FFFD,FF1CFB73,3A004E20,28002B88,D00668DB,03034322,0000069D
1694,51196700,00B700A6,FFFE03D7,0064FFFF,0001FFFD,FF1CFB90,3A004E20,28002B83,D00668DB,03033562,0000069E
1695,50636700,00B800A8,000003D7,00660001,0001FFFD,FF1CFBAE,3C004E20,28002B7E,D00660DB,03033762,0000069F
1696,48723500,00BF00A5,000103D6,00680003,0001FFFD,FF1CFBCC,3E004E20,28002B78,D00658DB,03033962,000006A0
1697,54197300,00BB0080,000303D5,006A0003,0001FFFD,FF1CFBEA,3E004E20,28002B73,D00658DC,03033AA2,000006A1
1698,48484300,00C00037,000303D4,006B0002,0001FFFD,FF1CFC08,3E004E20,28002B6F,D00650DD,03033AE2,000006A2
1699,50879500,00C2FFFA,000203D3,006C0000,0001FFFD,FF1CFC26,3C004E20,28002B6D,D00648DD,03033A62,000006A3
1700,53219700,00BFFFD4,000003D2,006BFFFD,0000FFFD,FF1CFC44,3A004E20,28002B6E,D00640DC,030339A2,000006A4
1701,50532300,00BAFFC0,FFFE03D3,006BFFFC,0000FFFD,FF1CFC62,3A004E20,28002B70,D00638DB,030338E2,000006A5
1702,50423600,00BFFFB3,FFFC03D4,006AFFFD,0000FFFD,FF1CFC80,3A004E20,28002B74,D00628DB,030337E2,000006A6
1703,52912400,00C4FFAB,FFFC03D5,0069FFFF,0000FFFC,FF1CFC9E,3C004E20,28002B79,D00620DC,030336A2,000006A7
1704,47028600,00C3FFA9,FFFD03D7,00690002,0000FFFC,FF1CFCBD,3E004E20,28002B7E,D00618DC,030335A2,000006A8
1705,50127200,00C6FFA6,FFFF03D8,006A0003,0000FFFC,FF1CFCDC,3E004E20,28002B82,D00610DD,03033462,000006A9
1706,51206900,00C9FFA6,000203D8,006C0003,0000FFFC,FF1CFCFC,3C004E20,28002B84,D00608DD,03033362,000006AA
1707,49965100,00CCFFA8,000403D8,006E0002,0000FFFC,FF1CFD1B,3A004E20,28002B85,D00600DD,03033222,000006AB
1708,50591700,00CAFFA9,000403D7,0071FFFF,0000FFFC,FF1CFD3C,3A004E20,28002B83,D005F8DC,03033122,000006AC
1709,51112500,00C9FFAA,000403D5,0074FFFD,0000FFFC,FF1BFD5C,3C004E20,28002B7F,D005F0DB,03033FE2,000006AD
1710,49657000,00CCFFAA,000203D4,0077FFFD,0000FFFC,FF1BFD7D,3E004E20,2800295F,D005E8DB,03033EA2,000006AE
1711,52100700,00CCFFA8,000003D3,0079FFFF,0000FFFC,FF1BFD9E,3E004E20,2800295A,D005E0DC,04033DA2,000006AF
1712,48231900,00CFFFA7,FFFE03D3,007A0001,0000FFFC,FF1BFDC0,3E004E20,28002955,D005E0DC,04033C62,000006B0
1713,51103400,00CEFFA5,FFFD03D3,007A0004,0000FFFC,FF1BFDE2,3C004E20,28002952,D005D8DD,04033B62,000006B1
1714,49975400,00D2FFA6,FFFE03D4,00790005,0000FFFC,FF1BFE04,3A004E20,28002950,D005D8DC,04033A22,000006B2
1715,49783800,00D6FFA6,FFFF03D5,00770004,0000FFFC,FF1BFE26,3A004E20,28002950,D005E0DC,040338E2,000006B3
1716,52224300,00D6FFA7,000103D7,00750001,0000FFFC,FF1BFE48,3C004E20,28002953,D005E0DB,030337E2,000006B4
1717,47371700,00D6FFAA,000203D7,0074FFFE,0000FFFC,FF1BFE6B,3E004E20,28002957,D005E8DB,030336A2,000006B5
1718,49921000,00D2FFAB,000303D7,0073FFFD,0000FFFC,FF1BFE8D,3E004E20,2800295C,D005F8DB,030335A2,000006B6
1719,50272200,00CFFFAC,000303D7,0072FFFD,0000FFFC,FF1BFEAE,3C004E20,28002962,D00600DC,03033462,000006B7
1720,50559400,00CEFFAD,000203D5,0072FFFE,0000FFFC,FF1BFED0,3A004E20,28002967,D00608DD,03033362,000006B8
1721,56668300,00CBFFAB,000003D4,00720001,0000FFFC,FF1BFEF0,3A004E20,2800296B,D00618DD,03033222,000006B9
1722,44440800,00C9FFAB,FFFD03D2,00710002,0000FFFC,FF1BFF11,3A004E20,2800296C,D00638DD,03033122,000006BA
1723,51378700,00C8FFBB,FFFC03D1,006F0003,0000FFFC,FF1BFF30,3C004E20,2800296C,D00650DC,03034062,000006BB
1724,47488100,00C2FFD7,FFFB03D1,006D0001,0000FFFC,FF1BFF4F,3E004E20,2800296A,D00668DB,03034022,000006BC
1725,52869600,00C5FFFF,FFFC03D2,0069FFFF,0000FFFC,FF1BFF6D,3E004E20,28002966,D00690DB,03034062,000006BD
1726,48293700,00B80029,FFFE03D3,0065FFFC,0000FFFD,FF1BFF8A,3E004E20,28002961,D006B0DC,030340E2,000006BE
1727,49888200,00B6004B,000003D5,005FFFFB,0000FFFD,FF1BFFA5,3C004E20,2800295D,D006D8DD,02034222,000006BF
1728,50320000,00AA0063,000203D6,005AFFFC,0000FFFD,FF1BFFC0,3A004E20,28002959,D00718DD,02034362,000006C0
1729,50425400,00A50076,000303D7,0054FFFF,0000FFFD,FF1BFFDA,3A004E20,28002956,D00748DD,020354E2,000006C1
1730,50833600,00990083,000203D7,004F0001,0000FFFD,FF1BFFF2,3C004E20,28002956,D00780DC,02035662,000006C2
1731,49335200,0095008D,000103D7,004B0003,0001FFFD,FF1B0009,3E004E20,28002957,D007C0DB,02035822,000006C3
1732,50395500,00900093,FFFF03D6,00470003,0001FFFD,FF1B001F,3E004E20,2800295A,D007F8DB,02035A22,000006C4
1733,53373600,008A0097,FFFD03D4,00440002,0001FFFD,FF1B0033,3E004E20,2800295F,D007F8DB,02035BE2,000006C5
1734,46861700,0080009B,FFFC03D3,00420000,0001FFFD,FF1B0046,3C004E20,28002964,D007F8DC,01035DE2,000006C6
1735,49607200,0080009D,FFFD03D3,003EFFFE,0001FFFE,FF1B0058,3A004E20,28002968,D007F8DD,01036FE2,000006C7
1736,51572600,007300A0,FFFE03D3,003BFFFD,0001FFFE,FF1C0068,3A004E20,2800296C,D007F8DD,010361E2,000006C8
1737,50410200,006B00A4,000003D4,0036FFFE,0001FFFE,FF1C0077,3C004E20,2800296E,D007F8DC,01036422,000006C9
1738,50186800,006500A8,000203D5,00310001,0001FFFE,FF1C0084,3E004E20,2800296D,D007F8DB,01037622,000006CA
1739,50796000,005A00AB,000403D7,002B0003,0001FFFE,FF1C0091,3E004E20,2800296B,D007F8DB,01037822,000006CB
1740,53555200,005400AC,000403D8,00260004,0001FFFE,FF1C009C,3C004E20,280028C4,D007F8DB,00038A62,000006CC
1741,50061600,004100AF,000203D8,00170003,0001FFFE,FF1C00A5,3A004E20,280028BF,D007F8DC,00037C62,000006CD
1742,50061000,003700AF,000103D8,000D0001,0001FFFF,FF1C00AA,3A004E20,280028B9,D007F8DD,00038EA2,000006CE
1743,51326700,003200AD,FFFE03D7,0007FFFE,0001FFFF,FF1D00AD,3A004E20,280028B4,D007F8DD,000390E2,000006CF
1744,49585700,002B00AE,FFFD03D6,0003FFFC,0001FFFF,FF1D00AF,3C004E20,280028B0,D007F8DD,0003A2E2,000006D0
1745,49762800,002600AD,FFFC03D4,0001FFFC,0001FFFF,FF1D00B0,3E004E20,280028AE,D007F8DC,0003B522,000006D1
1746,52164200,001E00AD,FFFD03D3,0001FFFE,0001FFFF,FF1D00B0,3E004E20,280028AF,D007F8DB,0003C762,000006D2
1747,49258500,001300AF,FFFE03D2,00010000,0001FFFF,FF1D00B0,3E004E20,280028B1,D007F8DB,0003D9A2,000006D3
1748,52238100,001100B1,000003D2,00020002,0001FFFF,FF1D00AF,3C004E20,280028B4,D007F8DC,0003EBE2,000006D4
1749,50582300,000800B4,000203D3,00020003,00010000,FF1D00AF,3A004E20,280028B9,D007F8DD,0003EE22,000006D5
1750,51133800,000700B6,000303D5,00010002,00010000,FF1E00AE,3C004E20,280028BE,D007F8DD,0003F062,000006D6
1751,50027900,000500B6,000203D6,0000FFFF,00010000,FF1E00AE,3C004E20,280028C2,D007F8DD,0003F2A2,000006D7
1752,50908500,000400B6,000103D7,FFFEFFFD,00010000,FF1E00AD,3E004E20,280028C5,D007F8DC,0003F4E2,000006D8
1753,49776800,000300B7,FFFE03D7,FFFDFFFC,00010000,001E00AD,3E004E20,280028C6,D007F8DB,00000722,000006D9
1754,49938800,000600B5,FFFD03D7,FFFCFFFD,00010000,001E00AD,3C004E20,280028C5,D007F8DB,00000962,000006DA
1755,51500100,000200B5,FFFC03D6,FFFBFFFF,00010000,001E00AC,3A004E20,280028C2,D007F8DB,00000BA2,000006DB
1756,51000900,000500B5,FFFC03D4,FFFB0002,00010000,001E00AC,3A004E20,280028BE,E007F8DC,00000DE2,000006DC
1757,50558500,FFFD00B5,FFFD03D3,FFFD0004,00010000,001F00AC,3A004E20,280028B9,E007F8DD,00000022,000006DD
1758,50443900,FFFC00B7,FFFF03D2,FFFE0004,00010000,001F00AC,3C004E20,280028B4,E007F8DD,000002A2,000006DE
1759,50388000,FFFE00BB,000203D2,00000003,00010000,001F00AC,3E004E20,280028B1,E007F8DC,000004E2,000006DF
1760,52055600,FFFD00BC,000303D2,00020000,00010000,001F00AC,3E004E20,280028AF,E007F8DC,00000722,000006E0
1761,50048400,FFFC00BD,000403D4,0003FFFE,00010000,001F00AC,3C004E20,280028AF,E007F8DB,000009A2,000006E1
1762,51153900,000200C0,000303D5,0003FFFD,00010000,001F00AC,3A004E20,280028B2,E007F8DB,00000BE2,000006E2
1763,48841800,000200C0,000103D7,0002FFFE,00010000,001F00AC,3A004E20,280028B6,E007F8DC,00000E62,000006E3
1764,50197100,000000BE,FFFF03D8,00000000,00010000,002000AC,3C004E20,280028BB,E007F8DD,000000A2,000006E4
1765,49147100,000100BF,FFFE03D8,FFFF0002,00010000,002000AC,3E004E20,280028C0,E007F8DD,00000322,000006E5
1766,51264000,000100BE,FFFD03D7,FFFD0003,00010000,002000AC,3E004E20,280028C5,E007F8DD,000005A2,000006E6
1767,50888800,FFFC00BF,FFFE03D6,FFFD0003,00010000,002000AC,3E004E20,280028C9,E007F8DC,000007E2,000006E7
1768,50213600,FFFC00C0,000003D5,FFFD0000,00010000,002000AC,3C004E20,280028CB,E007F8DB,00000A62,000006E8
1769,49328800,FFFF00C4,000203D4,FFFDFFFE,00010000,002000AC,3A004E20,280028CB,E007F8DB,00000CE2,000006E9
1770,50957100,FFFF00C6,000403D3,FFFFFFFC,00010000,002000AC,3A004E20,2800299D,E007F8DB,00000F62,000006EA
1771,51161900,000000C8,000403D3,0001FFFC,00010000,002100AC,3C004E20,28002999,E007F8DC,000001A2,000006EB
1772,49714900,000000C8,000403D4,0003FFFD,00010000,002100AC,3E004E20,28002994,E007F8DD,00000422,000006EC
1773,50493400,000500CB,000203D5,00040000,00010000,002100AC,3E004E20,2800298F,E007F8DD,000006A2,000006ED
1774,50512000,000400C9,000003D6,00040002,00010000,002100AC,3E004E20,2800298B,E007F8DC,00000922,000006EE
1775,49631300,000000C9,FFFE03D7,00040003,00010000,002100AC,3C004E20,28002988,E007F8DB,00000BA2,000006EF
1776,49909900,000100C7,FFFC03D8,00030002,00010000,002100AC,3A004E20,28002986,E007F8DB,00000E22,000006F0
1777,49647800,FFFD00C8,FFFC03D8,00010000,00010000,002200AC,3A004E20,28002987,E007F8DB,000000E2,000006F1
1778,51878300,FFFF00C8,FFFD03D7,FFFFFFFE,00010000,002200AC,3A004E20,2800298A,E007F8DC,00000362,000006F2
1779,51394900,FFFE00CB,FFFF03D6,FFFEFFFD,00010000,002200AC,3C004E20,2800298E,E0FFF8DD,070005E2,000006F3
1780,52088600,FFF400CC,000103D4,FFF5FFFD,00010000,FF2200AA,3E004E20,28002993,E0FFF8DD,0703F862,000006F4
1781,49210700,FFED00D0,000203D3,FFEE0000,00010000,FF2200A7,3E004E20,2BFC2997,E0FFF8DD,07FFFAE2,000006F5
1782,50300400,FFEC00D1,000203D2,FFE90002,00010000,002200A1,3C004E20,2BFC299B,E0FFF8DC,07FC0DA2,000006F6
1783,51522600,FFE400D4,000103D2,FFE60004,00010000,0023009A,3A004E20,2BFC299D,E0FFF8DB,07FC1022,000006F7
1784,50131100,FFE200D1,000003D3,FFE50004,00010000,00230092,3A004E20,2BFC299D,E0FFF8DB,07FC22E2,000006F8
1785,50354900,FFD600D1,FFFE03D4,FFE40003,00010001,0023008A,3C004E20,2BFC299B,E0FFF8DC,07FC3562,000006F9
1786,49959900,FFD400D0,FFFC03D5,FFE30000,00010001,00230081,3E004E20,2BFC2997,E0FFF8DD,07FC4822,000006FA
1787,50896700,FFCB00D1,FFFC03D6,FFE2FFFE,00010001,00230077,3E004E20,2BFC2991,E0FFF8DD,07FC5AA2,000006FB
1788,51588000,FFC500D0,FFFD03D7,FFE1FFFD,00010001,0023006E,3E004E20,2BFC298C,E0FFF8DD,07FC6D62,000006FC
1789,49753800,FFC400D4,FFFE03D7,FFDFFFFD,00010001,00230064,3C004E20,2BFC2987,E0FFF8DC,07FC7FE2,000006FD
1790,50570400,FFC100D3,000103D6,FFDEFFFF,00010001,0024005B,3A004E20,2BFC2983,E0FFF8DB,07FC82A2,000006FE
1791,51921500,FFC600DA,000303D5,FFDD0002,00010001,00240052,3A004E20,2BFC2981,E0FFF8DB,07FC9562,000006FF
1792,49916200,FFC100DA,000403D3,FFDD0003,00010001,00240049,3C004E20,2BFC2981,E0FFF8DB,07FC9822,00000700
1793,50162000,FFC800DB,000403D2,FFE60002,00010001,00240041,3E004E20,2BFC2983,E007F8DC,00FCAAE2,00000701
1794,51285300,FFD400DC,000303D2,FFED0000,00010001,0024003C,3E004E20,2BFC2987,E007F8DD,00FCAD62,00000702
1795,52339800,FFD500DD,000103D2,FFF4FFFE,00010001,00250039,3C004E20,2BFC298C,E007F8DD,00FCA022,00000703
1796,49580800,FFD500DC,FFFF03D4,FFFAFFFC,00010001,00250037,3A004E20,2BFC2991,E007F8DC,00FC92E2,00000704
1797,51183800,FFD600DB,FFFE03D5,FFFFFFFC,00010001,00250036,3A004E20,2BFC2996,E007F8DB,00FC75A2,00000705
1798,50635200,FFE100DD,FFFE03D7,0003FFFD,00010001,00250036,3A004E20,2BFC2999,E007F8DB,00FC68A2,00000706
1799,51096100,FFEA00DD,FFFF03D8,00050000,00010001,00250036,3C004E20,2BFC299B,E007F8DB,00FC5B62,00000707
1800,49772700,FFEC00DE,000103D8,00050003,00010001,00250037,3E004E20,2BFC2BE8,E007F8DC,00FC4E22,00000708
1801,50129000,FFF200E3,000303D8,00040004,00010000,00260038,3E004E20,2BFC2BE5,E007F8DD,00FC30E2,00000709
1802,50757700,FFFA00DF,000403D7,00030003,00010000,00260038,3E004E20,2BFC2BE1,E007F8DD,00FC23A2,0000070A
1803,50518800,FFFA00AE,000403D6,00010001,00010000,00260039,3C004E20,2BFC2BDC,E007F8DD,00FC2562,0000070B
1804,50165500,FFFA004B,000303D5,0000FFFF,00010000,0026003A,3A004E20,2BFC2BD7,E007F8DC,00FC15A2,0000070C
1805,50140700,FFFFFFFA,000103D3,FFFFFFFE,00010000,0026003A,3A004E20,28002BD3,E007F8DB,00001562,0000070D
1806,50155100,FFF8FFC7,FFFE03D3,FFFFFFFF,00010000,0026003B,3C004E20,28002BD1,E007F8DB,00000462,0000070E
1807,50057300,FFFDFF8A,FFFD03D3,00000001,00000000,0026003B,3E004E20,28002BD1,E007F8DC,00000262,0000070F
1808,49409800,0002FF2E,FFFC03D4,00010003,00000000,0025003C,3E004E20,28002BD3,E007F8DD,00000FA2,00000710
1809,50872800,FFFEFF1B,FFFC03D5,00030005,00000000,0025003C,3C004E20,28002BD7,E007D8DD,00000CA2,00000711
1810,52675500,0001FF14,FFFE03D7,00040005,FFFF0000,0025003C,3A004E20,28002BDC,E007D8DD,000009E2,00000712
1811,49825800,0005FF14,000003D7,00050003,FFFF0000,0025003C,3A004E20,28002BE2,E007B0DC,000006E2,00000713
1812,51464700,0002FF16,000203D7,00050000,FFFF0000,0025003D,3A004E20,28002BE7,E007B0DB,000003E2,00000714
1813,50393900,0005FF14,000303D7,0003FFFE,FFFF0000,0025003D,3C004E20,28002BEB,E007B0DB,000000E2,00000715
1814,49207500,FFFCFF15,000303D6,0002FFFC,FFFF0000,0024003D,3E004E20,28002BEE,E00788DB,00000E22,00000716
1815,49887400,FFFEFF15,000103D4,0000FFFD,FFFF0000,0024003D,3E004E20,28002BED,E00788DC,00000B22,00000717
1816,51022800,FFFEFF13,FFFF03D3,FFFEFFFF,FFFF0000,0024003D,3C004E20,28002BEB,E00760DD,01040822,00000718
1817,48728600,000BFF14,FFFE03D2,00060001,FFFF0000,0024003E,3A004E20,28002BE7,E00760DD,01041522,00000719
1818,51034100,0017FF15,FFFD03D1,000E0003,FFFF0000,00240042,3A004E20,28002BE1,E00760DC,01041222,0000071A
1819,50944300,001EFF11,FFFD03D2,00180002,FFFF0000,00230049,3A004E20,28002BDC,E00760DC,02040F62,0000071B
1820,50473600,002DFF13,FFFF03D3,00220001,FFFFFFFF,FF230052,3C004E20,28002BD7,E00760DB,0207FC62,0000071C
1821,51982900,0039FF16,000103D5,002CFFFE,FFFFFFFF,FF23005E,3E004E20,28002BD3,E00760DB,0207E962,0000071D
1822,49757900,0045FF16,000303D6,0035FFFC,FFFFFFFF,FF23006C,3E004E20,28002BD1,E00760DC,0207C6A2,0000071E
1823,49773100,0050FF1A,000503D7,003EFFFC,FFFFFFFF,FF23007C,3C004E20,28002BD1,E00758DD,0203B3A2,0000071F
1824,50623200,005FFF19,000503D7,0046FFFE,FFFFFFFF,FF23008E,3A004E20,28002BD4,E00700DD,030390A2,00000720
1825,49410900,006DFF1E,000403D7,004D0000,FFFFFFFE,FF2200A3,3A004E20,28002BD7,E006B8DD,03037DE2,00000721
1826,50278000,007DFF18,000303D5,00530003,FFFFFFFE,FF2200BA,3C004E20,28002BDC,E00678DC,03035AE2,00000722
1827,49571700,008DFF1A,000103D4,00580004,FFFFFFFE,FF2200D3,3C004E20,28002BE1,E00640DB,03033822,00000723
1828,51500700,009CFEFE,FFFF03D3,005D0004,FFFFFFFE,FF2200ED,3E004E20,28002BE5,E00608DB,03071422,00000724
1829,50798800,00AEFE97,FFFE03D3,00620002,FFFFFFFD,FF21010A,3E004E20,28002BE8,E005D8DB,0406FFA2,00000725
1830,49993500,00BFFE88,FFFE03D3,00680000,FFFEFFFD,FF210128,3C004E20,28002FA6,E005B0DC,0406EAE2,00000726
1831,51656000,00C9FE89,000003D3,006FFFFE,FFFEFFFD,FF210149,3A004E20,28002FA4,E00588DD,0406C622,00000727
1832,50711000,00DBFE8A,000103D5,0077FFFE,FFFEFFFD,FF21016B,3A004E20,28002FA0,E00568DD,0406B162,00000728
1833,55201500,00E6FE8E,000303D6,007FFFFF,FFFEFFFC,FF20018F,3A004E20,28002F9B,E00540DC,04069CA2,00000729
1834,44231100,00F1FE8F,000403D7,00870002,FFFEFFFC,FF2001B5,3C004E20,28002F95,E00528DB,050687E2,0000072A
1835,50258600,0100FE8E,000403D8,008F0003,FFFEFFFC,FF2001DC,3E004E20,28002F8F,E00510DB,05067362,0000072B
1836,50721700,010BFE90,000203D8,00960004,FFFEFFFC,FF1F0205,3E004E20,28002F8B,E004F0DB,05066EA2,0000072C
1837,49827900,0118FE8E,000003D7,009C0002,FFFEFFFB,FF1F0230,3C004E20,28002F88,E004D8DC,050659E2,0000072D
1838,50792600,0125FE90,FFFE03D6,00A10000,FFFEFFFB,FF1F025D,3A004E20,28002F88,E004C8DD,05065522,0000072E
1839,50950700,0132FE8C,FFFC03D4,00A5FFFD,FFFEFFFB,FF1F028B,3A004E20,28002F8B,E004B8DD,05064062,0000072F
1840,52139000,0139FE8D,FFFC03D3,00A9FFFC,FFFEFFFB,FF1E02BB,3C004E20,28002F8F,E004A0DD,06064BE2,00000730
1841,50424100,014AFE8F,FFFD03D2,00ACFFFC,FFFEFFFB,FF1E02EC,3E004E20,28002F95,E00490DC,06063722,00000731
1842,51759900,014FFE8F,FFFF03D2,00B0FFFE,FFFEFFFA,FF1E031F,3E004E20,28002F9C,D00488DB,06063262,00000732
1843,51453100,0152FE91,000203D3,00B50001,FFFEFFFA,FF1D0353,3E004E20,28002FA2,D00478DB,06063DA2,00000733
1844,50036400,015CFE95,000303D4,00BA0003,FFFEFFFA,FF1D0388,3C004E20,28002FA6,D00470DC,06063922,00000734
1845,49547300,0164FE96,000403D5,00C00003,FFFEFFFA,FF1D03BF,3A004E20,28002FA8,D00468DD,06063462,00000735
1846,51205700,016AFE97,000303D6,00C60001,FFFEFFFA,FF1C03F7,3A004E20,28002FA8,D00458DD,06063FA2,00000736
1847,50179800,0173FE98,000203D7,00CBFFFF,FFFEFFFA,FF1C0430,3C004E20,28002FA6,D00450DD,06063B22,00000737
1848,49737100,0176FE96,000003D6,00D0FFFD,FFFEFFF9,FF1C046A,3E004E20,28002FA1,D00450DC,06064662,00000738
1849,50507000,0181FE97,FFFE03D5,00D3FFFD,FFFEFFF9,FF1C04A5,3E004E20,28002F9C,D00448DB,070641E2,00000739
1850,49785400,0184FE96,FFFD03D4,00D5FFFE,FFFEFFF9,FF1B04E1,3C004E20,28002F97,D00448DB,07064D22,0000073A
1851,50380400,0182FE96,FFFE03D2,00D60001,FFFEFFF9,FF1B051D,3A004E20,28002F92,D00440DB,070658A2,0000073B
1852,49590600,0187FE99,FFFF03D1,00D60003,FFFEFFF9,FF1B055A,3A004E20,28002F8F,D00440DC,070663E2,0000073C
1853,52007800,0183FE9A,000103D1,00D50005,FFFEFFF9,FF1A0598,3A004E20,28002F8F,D00440DD,07066F62,0000073D
1854,51383000,0182FE9D,000303D1,00D50004,FFFEFFF9,FF1A05D6,3C004E20,28002F90,D00440DD,07067AA2,0000073E
1855,50758400,0187FE9E,000403D3,00D50002,FFFEFFF9,FF1A0614,3E004E20,28002F94,D00440DC,07068622,0000073F
1856,53061200,0182FEA1,000403D4,00D5FFFF,FFFEFFF9,FF1A0652,3E004E20,28002F99,D00448DB,070691A2,00000740
1857,46636100,0181FEA4,000303D6,00D5FFFD,FFFEFFF9,FF190690,3E004E20,28002F9F,D00448DB,0706AD22,00000741
1858,49942200,0182FEA2,000003D7,00D6FFFD,FFFEFFF9,FF1906CE,3C004E20,28002FA5,D00450DB,0606B8A2,00000742
1859,50204900,017BFED2,FFFE03D7,00D7FFFE,FFFEFFF9,FF19070B,3A004E20,28002FA9,D00458DC,0606C562,00000743
1860,51007000,017CFF30,FFFD03D7,00D70000,FFFEFFF9,FF190748,3A004E20,280034D8,D00460DD,0606D2A2,00000744
1861,50338100,016EFF32,FFFC03D6,00D50002,FFFEFFF9,FF190785,3C004E20,280034D7,D00470DD,0602E022,00000745
1862,50642500,016AFF36,FFFD03D5,00D20003,FFFFFFF9,FF1807C1,3E004E20,280034D5,D00480DD,0602FD62,00000746
1863,50134900,015AFF36,FFFE03D3,00CD0002,FFFFFFF9,FF1807FB,3E004E20,280034D0,D00490DC,06030AE2,00000747
1864,50579000,0154FF3A,000003D3,00C7FFFF,FFFFFFFA,FF180835,3E004E20,280034C9,D004A0DB,06031822,00000748
1865,50411400,0149FF3A,000203D3,00C1FFFD,FFFFFFFA,FF18086D,3C004E20,280034C2,D004B0DB,050315A2,00000749
1866,50344800,0141FF3C,000203D3,00BAFFFC,FFFFFFFA,FF1808A4,3A004E20,280034BB,D004C8DC,05032322,0000074A
1867,50962400,013BFF40,000103D4,00B4FFFC,FFFFFFFA,FF1808D9,3A004E20,280034B6,D004E0DC,050330A2,0000074B
1868,50178300,0132FF3E,000003D6,00AEFFFE,FFFFFFFA,FF17090C,3C004E20,280034B3,D004F8DD,05034E22,0000074C
1869,56991200,0126FF6B,FFFE03D7,00A90001,FFFFFFFA,FF17093E,3E004E20,280034B3,D00510DD,05035CA2,0000074D
1870,45182000,011CFFB0,FFFC03D8,00A40003,FFFFFFFB,FF17096E,3E004E20,280034B6,D00530DC,04035BA2,0000074E
1871,51203000,010EFFB2,FFFB03D8,00A00003,FFFFFFFB,FF17099C,3C004E20,280034BB,D00550DB,04036AA2,0000074F
1872,49077600,00FFFFB1,FFFC03D7,009B0002,FFFFFFFB,FF1709C9,3A004E20,280034C1,D00570DB,040379A2,00000750
1873,50826500,00F4FFB3,FFFD03D6,00960000,FFFFFFFB,FF1709F3,3A004E20,280034C7,D00598DB,040378E2,00000751
1874,50448100,00EBFFC6,000003D4,008FFFFE,FFFFFFFB,FF170A1C,3A004E20,280034CC,D005C0DC,04038822,00000752
1875,49819600,00DEFFE2,000203D3,0089FFFD,0000FFFC,FF170A43,3C004E20,280034D0,D005E0DC,030387E2,00000753
1876,51799100,00D6000D,000303D2,0081FFFE,0000FFFC,FF170A67,3E004E20,280034D1,D00610DD,03039822,00000754
1877,51301100,00CC0032,000303D2,00790000,0000FFFC,FF170A8B,3E004E20,280034CF,D00640DD,030398E2,00000755
1878,49004800,00C5004D,000203D2,00710003,0000FFFC,FF170AAC,3E004E20,280034CC,D00670DC,030399E2,00000756
1879,49844800,00B6005E,000003D4,006A0004,0000FFFC,FF170ACC,3C004E20,280034C6,D00698DB,03039B22,00000757
1880,55480400,00AE006B,FFFE03D5,00640003,0000FFFC,FF170AEA,3A004E20,280034C0,D006D0DB,0303ACA2,00000758
1881,45407200,00A30072,FFFD03D6,005F0001,0000FFFD,FF170B06,3C004E20,280034BA,D00708DC,0203ADE2,00000759
1882,50680400,009A007A,FFFD03D7,005BFFFF,0001FFFD,FF170B21,3C004E20,280034B5,D00730DD,0203AFA2,0000075A
1883,50885900,00920080,FFFE03D7,0058FFFD,0001FFFD,FF180B3A,3E004E20,280034B3,D00760DD,0203A122,0000075B
1884,51660100,008B0087,000003D6,0055FFFC,0001FFFD,FF180B53,3E004E20,280034B3,D00760DD,0203A2E2,0000075C
1885,50563600,00860088,000203D5,0052FFFD,0001FFFD,FF180B6A,3C004E20,280034B5,D00760DC,0203A4A2,0000075D
1886,50233600,0082008F,000303D3,00500000,0001FFFD,FF180B80,3A004E20,280034BA,D00760DC,0203B662,0000075E
1887,50302200,007F0093,000403D2,004D0002,0001FFFD,FF180B95,3A004E20,280034C1,D00760DB,0203B822,0000075F
1888,50320700,007C0094,000303D2,00490003,0001FFFE,FF180BAA,3A004E20,280034C8,D00760DB,0203B9E2,00000760
1889,56731200,00750095,000103D2,00460002,0001FFFE,FF180BBE,3C004E20,280034CF,D00760DC,0203BBA2,00000761
1890,45424100,00720093,FFFF03D3,0042FFFF,0001FFFE,FF180BD2,3E004E20,28003B69,D00760DD,0203BDA2,00000762
1891,50680700,006B0096,FFFD03D5,003FFFFD,0001FFFE,FF180BE5,3E004E20,28003B6C,D00760DD,0203BF62,00000763
1892,49567000,006B0094,FFFC03D6,003EFFFC,0001FFFE,FF190BF8,3C004E20,28003B6C,D00760DC,0203C162,00000764
1893,50437900,00690092,FFFC03D8,003DFFFC,0001FFFE,FF190C0A,3A004E20,28003B69,D00760DB,0203C322,00000765
1894,50609200,00680096,FFFD03D8,003EFFFF,0001FFFE,FF190C1D,3A004E20,28003B64,D00760DB,0203C522,00000766
1895,48613900,006C0095,FFFF03D8,003F0001,0001FFFE,FF190C30,3C004E20,28003B5D,D00760DB,0203C6E2,00000767
1896,50630200,006C0099,000103D7,00420004,0001FFFE,FF190C43,3E004E20,28003B56,D00760DB,0203C8E2,00000768
1897,49476200,006E009D,000303D6,00450004,0001FFFE,FF190C56,3E004E20,28003B50,D00760DC,0203CAA2,00000769
1898,49947900,0071009C,000303D4,00470003,0001FFFE,FF190C69,3E004E20,28003B4B,D00760DD,0203CCA2,0000076A
1899,50475900,006E009E,000203D3,00490000,0001FFFE,FF190C7D,3C004E20,28003B4A,D00760DD,0203CEA2,0000076B
1900,51422800,0071009C,000003D3,004AFFFE,0001FFFE,FF1A0C92,3A004E20,28003B4B,D00760DC,0203B0A2,0000076C
1901,49328700,006E009A,FFFE03D3,004AFFFD,0001FFFE,FF1A0CA6,3A004E20,28003B4E,D00760DB,0203B262,0000076D
1902,54249500,0075009B,FFFD03D4,004BFFFE,0001FFFE,FF1A0CBB,3C004E20,28003B54,D00760DB,0203B462,0000076E
1903,47028500,0077009B,FFFD03D5,004B0000,0001FFFE,FF1A0CD1,3C004E20,28003B5B,D00760DC,0203B662,0000076F
1904,50209600,007D009A,FFFE03D7,004C0003,0001FFFE,FF1A0CE7,3E004E20,28003B62,D00750DC,0203B862,00000770
1905,50888800,008100A0,000003D8,004D0004,0001FFFE,FF1A0CFE,3E004E20,28003B67,D00730DD,0203AA62,00000771
1906,49814600,0085009C,000203D8,00500003,0001FFFE,FF1A0D16,3C004E20,28003B6A,D00718DD,0303AC62,00000772
1907,49479300,008900A4,000403D7,00530001,0001FFFE,FF1A0D2E,3A004E20,28003B6A,D00700DD,0303AE62,00000773
1908,50411800,008C00A3,000503D6,0057FFFE,0001FFFE,FF1B0D47,3A004E20,28003B67,D006E8DC,0303A062,00000774
1909,51445200,008F00A4,000403D4,005CFFFC,0001FFFE,FF1B0D60,3A004E20,28003B62,D006D0DB,03039262,00000775
1910,50371700,009100A4,000303D3,005FFFFC,0001FFFD,FF1B0D7A,3C004E20,28003B5A,D006B8DB,03039462,00000776
1911,51852200,009200A7,000003D2,0063FFFD,0001FFFD,FF1B0D95,3E004E20,28003B52,D006A0DC,03038662,00000777
1912,50177000,009A00A3,FFFF03D2,0065FFFF,0001FFFD,FF1B0DB0,3E004E20,28003B4B,D00690DC,03038862,00000778
1913,50383700,009E00A4,FFFD03D2,00660002,0001FFFD,FF1B0DCC,3C004E20,28003B45,D00678DD,03037A62,00000779
1914,51252800,00A200A1,FFFE03D3,00670003,0001FFFD,FF1B0DE9,3A004E20,28003B42,D00668DC,03037C62,0000077A
1915,50202200,00AC00A5,FFFF03D5,00670002,0001FFFD,FF1B0E06,3A004E20,28003B42,D00650DC,03036E62,0000077B
1916,50798700,00B000A6,000103D6,00680000,0001FFFD,FF1C0E24,3C004E20,28003B44,D00640DB,030360A2,0000077C
1917,48780100,00B400A5,000303D7,0069FFFE,0001FFFD,FF1C0E43,3E004E20,28003B4A,D00630DB,03035262,0000077D
1918,50950500,00B9007C,000403D7,006AFFFD,0001FFFD,FF1C0E62,3E004E20,28003B51,D00620DB,030353A2,0000077E
1919,50202200,00B90037,000303D7,006CFFFE,0001FFFD,FF1C0E82,3E004E20,28003B58,D00610DC,030353E2,0000077F
1920,52163600,00BEFFFB,000203D6,006F0000,0001FFFD,FF1C0EA2,3C004E20,28004341,D00600DD,030343A2,00000780
1921,49572900,00C1FFD5,000003D4,00730003,0000FFFD,FF1C0EC3,3A004E20,28004347,D005F0DD,030342E2,00000781
1922,51814100,00C9FFC5,FFFE03D3,00760005,0000FFFC,FF1C0EE4,3A004E20,28004349,D005E0DD,040341E2,00000782
1923,49956300,00CAFFB1,FFFC03D2,00790005,0000FFFC,FF1C0F06,3C004E20,28004348,D005D0DC,040330E2,00000783
1924,50569000,00D3FFAD,FFFC03D2,007B0004,0000FFFC,FF1B0F28,3E004E20,28004344,D005C0DB,04033FE2,00000784
1925,50795400,00D9FF88,FFFD03D3,007D0001,0000FFFC,FF1B0F4B,3E004E20,2800433E,D005B8DB,04033DE2,00000785
1926,49252500,00D9FF3C,FFFE03D5,007DFFFF,0000FFFC,FF1B0F6E,3C004E20,28004337,D005A8DC,04033B22,00000786
1927,50989600,00DCFF30,000103D6,007EFFFE,FFFFFFFC,FF1B0F92,3A004E20,2800432F,D00598DD,040338A2,00000787
1928,50905200,00DEFF32,000203D7,007EFFFE,FFFFFFFC,FF1B0FB7,3A004E20,28004329,D00590DD,04033622,00000788
1929,51411100,00E0FF36,000303D8,007F0000,FFFFFFFC,FF1B0FDC,3A004E20,28004326,D00588DD,04033362,00000789
1930,50204700,00E3FF35,000303D8,00800002,FFFFFFFC,FF1B1002,3C004E20,28004325,D00578DC,040330E2,0000078A
1931,51422400,00EEFF39,000203D7,00830003,FFFFFFFC,FF1A1028,3E004E20,28004328,D00570DB,04033E22,0000078B
1932,50462900,00E8FF35,000003D6,00860003,FFFFFFFC,FF1A104F,3E004E20,2800432E,D00568DB,04033BA2,0000078C
1933,51341200,00EDFF32,FFFE03D4,00890001,FFFFFFFC,FF1A1076,3E004E20,28004336,D00560DB,04033922,0000078D
1934,49654000,00F3FF32,FFFD03D3,008DFFFE,FFFFFFFC,FF1A109E,3C004E20,2800433F,D00560DC,04034662,0000078E
1935,58967700,00F1FF33,FFFD03D2,0090FFFC,FFFFFFFC,FF1A10C6,3A004E20,28004348,D00558DD,040343E2,0000078F
1936,43403000,00F2FF32,FFFF03D2,0092FFFC,FFFFFFFC,FF1A10EF,3A004E20,2800434E,D00558DD,04034162,00000790
1937,50224200,00FAFF33,000103D3,0093FFFD,FFFFFFFC,FF191118,3C004E20,28004352,D00550DC,04034EA2,00000791
1938,51194600,00F1FF36,000303D4,0093FFFF,FFFFFFFC,FF191141,3E004E20,28004352,D00550DB,04034C22,00000792
1939,50194500,00EFFF6A,000403D6,00920002,FFFFFFFC,FF19116B,3E004E20,2800434F,D00550DB,04035AE2,00000793
1940,50554400,00F4FFAF,000403D7,00910003,FFFFFFFC,FF191194,3C004E20,28004349,D00558DB,040359A2,00000794
1941,49683800,00F3FFAE,000303D7,00900002,FFFFFFFC,FF1911BE,3A004E20,28004341,D00558DC,040358A2,00000795
1942,51112100,00F3FFB1,000103D7,008F0001,FFFFFFFC,FF1911E8,3A004E20,28004338,D00558DD,04036762,00000796
1943,51008100,00F1FFB1,FFFF03D6,008FFFFE,FFFFFFFC,FF191211,3A004E20,28004330,D00560DD,04036662,00000797
1944,49495700,00F4FFAC,FFFD03D4,008FFFFD,FFFFFFFC,FF19123B,3C004E20,2800432B,D00568DD,04036562,00000798
1945,52118700,00F1FFAF,FFFC03D3,0090FFFD,FFFFFFFC,FF191264,3E004E20,28004328,D00568DC,04036462,00000799
1946,50921200,00EDFFAB,FFFD03D2,0090FFFF,0000FFFC,FF19128D,3E004E20,28004328,D00570DB,04036362,0000079A
1947,50746000,00EDFFAE,FFFF03D1,00910002,0000FFFC,FF1912B6,3C004E20,2800432B,D00578DB,04036222,0000079B
1948,51699700,00E7FFB1,000103D2,00910004,0000FFFC,FF1912DF,3A004E20,28004331,D00580DC,04036122,0000079C
1949,49554300,00E4FFB1,000203D3,00900004,0000FFFC,FF191307,3A004E20,28004339,D00588DD,04037022,0000079D
1950,51009600,00E2FFB3,000303D4,008E0003,0000FFFC,FF18132E,3A004E20,28004C82,D00590DD,04037F22,0000079E
1951,49488200,00E2FFB3,000203D6,008B0001,0000FFFC,FF181356,3C004E20,28004C89,D00598DD,04037E22,0000079F
1952,49971800,00E1FFB4,000103D7,0087FFFE,0000FFFC,FF18137C,3E004E20,28004C8E,D005A0DC,04037D22,000007A0
1953,50697100,00DFFFC4,FFFE03D7,0084FFFD,0000FFFC,FF1813A3,3E004E20,28004C8F,D005A8DB,04037C62,000007A1
1954,50513000,00DDFFDE,FFFD03D7,0081FFFD,0000FFFC,FF1813C9,3C004E20,28004C8C,D005B8DB,04038C22,000007A2
1955,49356500,00D80005,FFFC03D6,007FFFFE,0000FFFC,FF1813EE,3A004E20,28004C85,D005C0DB,04038C62,000007A3
1956,51469800,00D6002A,FFFC03D5,007D0001,0000FFFC,FF181413,3A004E20,28004C7C,D005C8DC,04038D22,000007A4
1957,47682300,00D00046,FFFD03D4,007D0002,0000FFFC,FF181438,3C004E20,28004C72,D005D8DD,04038E22,000007A5
1958,52223700,00CC005B,FFFF03D3,007D0002,0000FFFC,FF18145D,3C004E20,28004C69,D005E8DD,04038F62,000007A6
1959,51649800,00C7006D,000203D3,007D0000,0000FFFC,FF191480,3E004E20,28004C62,D005F0DC,030380A2,000007A7
1960,49614300,00C4007B,000303D3,007DFFFE,0000FFFC,FF1914A4,3E004E20,28004C5D,D00600DC,03038222,000007A8
1961,50235400,00C50083,000403D4,007CFFFC,0001FFFC,FF1914C7,3C004E20,28004C5D,D00610DB,030383E2,000007A9
1962,50176400,00C40089,000303D6,007AFFFC,0001FFFC,FF1914E9,3A004E20,28004C61,D00618DB,03038562,000007AA
1963,50044500,00C4008D,000103D7,0078FFFD,0001FFFC,FF19150B,3A004E20,28004C68,D00620DC,03038722,000007AB
1964,49485500,00C20091,FFFF03D8,00750000,0001FFFC,FF19152D,3A004E20,28004C71,D00630DD,03037922,000007AC
1965,49530300,00BB0093,FFFE03D8,00710002,0001FFFC,FF19154E,3C004E20,28004C7B,D00638DD,03037AE2,000007AD
1966,50903000,00BD0090,FFFD03D8,006E0004,0001FFFD,FF19156E,3E004E20,28004C84,D00640DD,03037CA2,000007AE
1967,51292200,00B60097,FFFE03D6,006C0003,0001FFFD,FF19158F,3E004E20,28004C8B,D00648DC,03037EA2,000007AF
1968,50191400,00B60095,000003D5,006B0002,0001FFFD,FF1A15AF,3C004E20,28004C8F,D00650DB,03037062,000007B0
1969,49526600,00B4009B,000203D3,006BFFFF,0001FFFD,FF1A15CE,3A004E20,28004C8F,D00650DB,03037262,000007B1
1970,49557200,00B4009D,000303D2,006CFFFE,0001FFFD,FF1A15EE,3A004E20,28004C8C,D00658DB,03037422,000007B2
1971,50209600,00B6009D,000403D2,006DFFFE,0001FFFD,FF1A160D,3C004E20,28004C85,D00658DC,03037622,000007B3
1972,51437700,00B600A2,000403D3,006EFFFF,0001FFFD,FF1A162C,3E004E20,28004C7D,D00658DD,03037822,000007B4
1973,50396100,00B800A0,000203D4,006F0001,0001FFFD,FF1A164B,3E004E20,28004C74,D00658DD,03036A22,000007B5
1974,50291400,00B600A3,000003D5,00700004,0001FFFD,FF1A1669,3E004E20,28004C6D,D00658DC,03036BE2,000007B6
1975,50246800,00B6009F,FFFE03D6,006F0004,0001FFFD,FF1A1688,3C004E20,28004C68,D00658DB,03036DE2,000007B7
1976,51176200,00B300A0,FFFC03D7,006E0003,0001FFFD,FF1A16A7,3A004E20,28004C67,D00650DB,03036FE2,000007B8
1977,51136800,00B6009C,FFFC03D7,006C0000,0001FFFD,FF1B16C6,3A004E20,28004C69,D00650DB,030361E2,000007B9
1978,50914600,00B400A2,FFFD03D6,006BFFFE,0001FFFD,FF1B16E5,3C004E20,28004C6F,D00650DC,030363E2,000007BA
1979,51145600,00B400A3,FFFF03D5,006AFFFC,0001FFFD,FF1B1704,3C004E20,28004C78,D00648DD,030355E2,000007BB
1980,50227700,00BA009F,000103D3,006AFFFC,0001FFFD,FF1B1723,3E004E20,280056F5,D00648DD,030357E0,000007BC
1981,50471400,00BE00A7,000203D2,006BFFFE,0001FFFD,FF1B1742,3C004E20,280056FF,D00638DD,030359E0,000007BD
1982,50364200,00BE00A5,000303D2,006C0001,0001FFFD,FF1B1761,3A004E20,28005708,D00638DC,03035BE0,000007BE
1983,51836800,00BC00A9,000203D2,006F0002,0001FFFD,FF1B1781,3A004E20,2800570D,D00630DB,03034DE0,000007BF
1984,50631400,00C50078,000003D3,00710003,0001FFFD,FF1B17A1,3A004E20,2800570D,D00628DB,03034F20,000007C0
1985,52312500,00C10033,FFFE03D5,00720002,0001FFFD,FF1B17C0,3C004E20,28005709,D00620DC,03034F60,000007C1
1986,50566900,00C4FFF5,FFFD03D6,00730000,0001FFFC,FF1B17E0,3E004E20,28005701,D00618DD,03034EE0,000007C2
1987,53392100,00C2FFD3,FFFC03D7,0073FFFE,0000FFFC,FF1B1800,3E004E20,280056F6,D00608DD,03034E60,000007C3
1988,49629000,00C6FFBE,FFFD03D8,0073FFFD,0000FFFC,FF1B1820,3E004E20,280056EA,D00600DD,03034D60,000007C4
1989,48779400,00C8FFB4,FFFF03D8,0073FFFE,0000FFFC,FF1B1841,3C004E20,280056E0,D005F8DC,03034C60,000007C5
1990,51983600,00CCFFB0,000103D7,00720000,0000FFFC,FF1B1862,3A004E20,280056D7,D005F0DB,04034B60,000007C6
1991,50667400,00CBFFAF,000303D6,00720003,0000FFFC,FF1B1883,3A004E20,280056D2,D005E0DB,04034A20,000007C7
1992,54843000,00D2FFAB,000403D4,00720005,0000FFFC,FF1B18A5,3C004E20,280056D2,D005D8DB,04034920,000007C8
1993,44961300,00D4FFAD,000403D3,00730004,0000FFFC,FF1B18C7,3E004E20,280056D6,D005D0DC,040347E0,000007C9
1994,52573200,00D3FFAC,000303D3,00750002,0000FFFC,FF1B18E9,3E004E20,280056DD,D005C8DD,040346E0,000007CA
1995,51135400,00D2FFAB,000103D3,00780000,0000FFFC,FF1B190C,3E004E20,280056E6,D005C0DD,040345A0,000007CB
1996,49296200,00D5FFA8,FFFF03D4,007BFFFE,0000FFFC,FF1B192F,3C004E20,280056F0,D005B8DC,040344A0,000007CC
1997,50313900,00D8FFA7,FFFE03D5,007EFFFD,0000FFFC,FF1B1953,3A004E20,280056F9,D005B0DB,04034360,000007CD
1998,50583400,00D5FFA9,FFFD03D7,0081FFFF,0000FFFC,FF1B1977,3A004E20,280056FF,D005A8DB,04034260,000007CE
1999,50718900,00DAFFA8,FFFF03D8,00820001,0000FFFC,FF1B199B,3C004E20,28005701,D005A8DB,04034120,000007CF
2000,51087600,00E1FFA7,000003D8,00830003,0000FFFC,FF1B19C0,3E004E20,280056FF,D005A0DC,04034020,000007D0
2001,50696700,00DEFFAB,000203D7,00830004,0000FFFC,FF1A19E5,3E004E20,280056F9,D005A0DD,04034EE0,000007D1
2002,50813000,00E4FFAD,000303D6,00820002,0000FFFC,FF1A1A0A,3C004E20,280056F0,D00598DD,04034DE0,000007D2
2003,51548200,00E3FFAC,000403D5,00810000,0000FFFC,FF1A1A30,3A004E20,280056E5,D00598DD,04034CA0,000007D3
2004,51448200,00E3FFAF,000203D3,0081FFFD,0000FFFC,FF1A1A56,3A004E20,280056DB,D00598DC,04034BA0,000007D4
2005,50351400,00E4FFAB,000003D2,0081FFFC,0000FFFC,FF1A1A7C,3A004E20,280056D3,D00590DB,04034AA0,000007D5
2006,51464800,00E0FFAE,FFFE03D2,0082FFFC,0000FFFC,FF1A1AA2,3C004E20,280056CE,D00590DB,04034960,000007D6
2007,51426000,00E2FFA8,FFFC03D2,0083FFFE,0000FFFC,FF1A1AC8,3E004E20,280056CE,D00590DC,04034860,000007D7
2008,49587900,00E6FFA9,FFFC03D3,00860001,0000FFFC,FF1A1AEE,3E004E20,280056D2,D00590DD,04034720,000007D8
2009,48655500,00E3FFA8,FFFC03D4,00880003,0000FFFC,FF1A1B14,3E004E20,280056D9,D00590DD,04034620,000007D9
2010,51744400,00E9FFAA,FFFE03D6,00890003,0000FFFC,FF1A1B3B,3C004E20,28006293,D00598DD,04034520,000007DA
2011,50422900,00E6FFAB,000003D7,008A0002,0000FFFC,FF1A1B61,3A004E20,280062A1,D00590DC,040353E0,000007DB
2012,50861900,00EBFFAC,000203D7,008A0000,0000FFFC,FF1A1B87,3A004E20,280062AD,D00590DB,040352E0,000007DC
2013,51249100,00E3FFAF,000303D6,0089FFFE,0000FFFC,FF1A1BAD,3C004E20,280062B7,D00598DB,040351A0,000007DD
2014,53535100,00E4FFAD,000303D5,0087FFFD,0000FFFC,FF1A1BD4,3E004E20,280062BD,D00598DB,040350A0,000007DE
2015,49364300,00DFFFB0,000103D4,0085FFFE,0000FFFC,FF191BFA,3E004E20,280062BE,D00598DC,04035FA0,000007DF
2016,51936600,00DEFFAE,000003D3,00830000,0000FFFC,FF191C20,3C004E20,280062BA,D005A0DD,04035E60,000007E0
2017,48264800,00E0FFAD,FFFE03D2,00810003,0000FFFC,FF191C46,3A004E20,280062B2,D005A0DD,04035D60,000007E1
2018,52805600,00DBFFAC,FFFD03D2,00810004,0000FFFC,FF191C6C,3A004E20,280062A7,D005A8DC,04036C60,000007E2
2019,50171100,00DEFFAB,FFFD03D3,00810004,0000FFFC,FF191C91,3A004E20,2800629B,D005A8DC,04036B60,000007E3
2020,49352200,00E0FFAB,FFFE03D4,00810002,0000FFFC,FF191CB7,3C004E20,28006291,D005B0DB,04036A20,000007E4
2021,50778900,00DDFFAF,000003D6,00820000,0000FFFC,FF191CDC,3E004E20,28006289,D005B8DB,04036920,000007E5
2022,51551000,00DCFFAD,000203D7,0083FFFD,0000FFFC,FF191D01,3E004E20,28006286,D005B8DC,04036820,000007E6
2023,50720700,00DAFFB1,000403D8,0083FFFD,0000FFFC,FF191D26,3C004E20,28006288,D005B8DD,04037720,000007E7
2024,52117000,00D2FFB3,000403D8,0083FFFE,0000FFFC,FF191D4B,3A004E20,2800628E,D005C0DD,04037620,000007E8
2025,48745300,00D4FFC4,000403D7,00810000,0000FFFC,FF191D6F,3A004E20,28006298,D005C8DD,04037560,000007E9
2026,50369000,00D1FFE1,000203D6,007F0002,0000FFFC,FF191D93,3C004E20,280062A4,D005C8DC,04037520,000007EA
2027,53868700,00D00005,FFFF03D5,007D0003,0000FFFC,FF191DB8,3E004E20,280062AF,D005D0DB,04037560,000007EB
2028,50439100,00CD002F,FFFE03D3,007A0002,0000FFFC,FF191DDB,3E004E20,280062B8,D005E0DB,04037620,000007EC
2029,49295000,00CD0046,FFFD03D3,0078FFFF,0000FFFC,FF191DFF,3E004E20,280062BE,D005E0DB,04037720,000007ED
2030,50042300,00D0005D,FFFD03D3,0077FFFD,0000FFFC,FF191E23,3C004E20,280062BE,D005E8DC,03037820,000007EE
2031,50098100,00CA006D,FFFE03D3,0077FFFB,0000FFFC,FF191E46,3A004E20,280062BA,D005F8DD,030379A0,000007EF
2032,49785100,00CA007B,000003D5,0077FFFC,0000FFFC,FF191E69,3A004E20,280062B1,D00600DD,03037B20,000007F0
2033,49153700,00C70081,000203D6,0078FFFE,0001FFFC,FF191E8B,3C004E20,280062A5,D00608DC,03037CE0,000007F1
2034,48993500,00C1008F,000303D7,00780000,0001FFFC,FF191EAE,3C004E20,28006298,D00610DB,03037EA0,000007F2
2035,51953800,00C10090,000303D8,00790003,0001FFFC,FF1A1ED0,3E004E20,2800628B,D00618DB,03037060,000007F3
2036,50853900,00C20097,000103D7,00790004,0001FFFC,FF1A1EF2,3E004E20,28006281,D00620DB,03036220,000007F4
2037,51245800,00C10096,FFFF03D6,00780003,0001FFFC,FF1A1F13,3C004E20,2800627B,D00628DC,030363E0,000007F5
2038,50289500,00C10099,FFFD03D5,00760000,0001FFFC,FF1A1F34,3A004E20,2800627A,D00628DD,030365E0,000007F6
2039,50539200,00C30096,FFFC03D3,0074FFFE,0001FFFC,FF1A1F55,3A004E20,2800627E,D00630DD,030367E0,000007F7
2040,52498200,00C10098,FFFC03D2,0071FFFD,0001FFFC,FF1A1F76,3A004E20,28006F54,D00630DD,030369A0,000007F8
2041,48891100,00C2009B,FFFD03D1,006FFFFE,0001FFFC,FF1A1F96,3E004E20,28006F61,D00638DC,03036BA0,000007F9
2042,49693100,00BD009D,FFFF03D2,006E0000,0001FFFC,FF1A1FB7,3E004E20,28006F6F,D00630DB,03035DA0,000007FA
2043,52790800,00BC009D,000103D3,006E0003,0001FFFC,FF1A1FD7,3E004E20,28006F7B,D00638DB,03035FA0,000007FB
2044,49443500,00BC00A2,000303D4,006E0004,0001FFFD,FF1B1FF7,3C004E20,28006F84,D00638DC,030351A0,000007FC
2045,51300800,00BC00A3,000403D6,006F0004,0001FFFD,FF1B2017,3A004E20,28006F88,D00630DD,03035360,000007FD
2046,48394800,00BB00A6,000303D7,00710002,0001FFFD,FF1B2037,3A004E20,28006F87,D00630DD,03035560,000007FE
2047,49520700,00BF00A3,000103D7,0073FFFF,0001FFFC,FF1B2057,3C004E20,28006F81,D00630DD,03034760,000007FF
2048,53961200,00C200A4,FFFF03D7,0074FFFD,0001FFFC,FF1B2077,3E004E20,28006F77,D00628DC,030349A0,00000800
2049,51783600,00C500A1,FFFE03D6,0075FFFC,0001FFFC,FF1B2098,3E004E20,28006F6A,D00628DB,03034B60,00000801
2050,47739300,00C30079,FFFD03D5,0074FFFD,0001FFFC,FF1B20B8,3E004E20,28006F5D,D00628DB,03034CA0,00000802
2051,52613700,00C8002D,FFFE03D4,00720000,0001FFFC,FF1B20D8,3C004E20,28006F53,D00620DB,03034CE0,00000803
2052,49046500,00C3FFF6,FFFF03D3,00700002,0001FFFC,FF1B20F8,3A004E20,28006F4D,D00618DC,03034C60,00000804
2053,49587500,00C6FFD6,000103D3,006F0004,0000FFFC,FF1B2118,3A004E20,28006F4C,D00610DD,03034BE0,00000805
2054,50234900,00C6FFC4,000303D3,006D0003,0000FFFC,FF1B2138,3C004E20,28006F50,D00608DD,03034AE0,00000806
2055,53379900,00C4FFB9,000403D4,006D0001,0000FFFC,FF1B2158,3E004E20,28006F5A,D00610DC,030349E0,00000807
2056,52760300,00C9FFB4,000403D6,006DFFFE,0000FFFC,FF1B2179,3E004E20,28006F67,D00610DB,030348E0,00000808
2057,48056400,00CAFFB1,000303D7,006EFFFD,0000FFFC,FF1B2199,3C004E20,28006F76,D00610DB,030347E0,00000809
2058,50827500,00CAFFAE,000003D8,006EFFFD,0000FFFC,FF1B21B9,3A004E20,28006F84,D00620DB,030346A0,0000080A
2059,49342300,00C6FFAA,FFFE03D8,006FFFFE,0000FFFC,FF1B21D8,3A004E20,28006F90,D00628DC,030345A0,0000080B
2060,53088000,00CAFFAC,FFFD03D8,00700001,0000FFFC,FF1B21F8,3A004E20,28006F97,D00630DD,030344A0,0000080C
2061,50061300,00C3FFB7,FFFC03D6,006F0003,0000FFFC,FF1B2217,3C004E20,28006F98,D00648DD,030343A0,0000080D
2062,47149200,00C0FFD7,FFFD03D5,006D0004,0000FFFC,FF1B2236,3E004E20,28006F93,D00658DD,03034360,0000080E
2063,51320700,00BBFFFE,FFFF03D3,006A0003,0000FFFC,FF1B2254,3E004E20,28006F8A,D00670DC,030343A0,0000080F
2064,51472300,00B5002D,000103D2,00660001,0000FFFD,FF1B2271,3E004E20,28006F7D,D00698DB,03034460,00000810
2065,49529900,00B3004D,000203D2,0061FFFE,0000FFFD,FF1B228E,3C004E20,28006F6F,D006B0DB,03034560,00000811
2066,51162300,00B00066,000203D3,005DFFFD,0000FFFD,FF1B22A9,3A004E20,28006F62,D006D8DC,030346A0,00000812
2067,50715000,00AC0075,000203D4,0059FFFD,0000FFFD,FF1B22C4,3A004E20,28006F58,D00700DC,02034820,00000813
2068,51864100,00A50084,000003D5,0055FFFF,0000FFFD,FF1B22DE,3C004E20,28006F53,D00738DD,020349E0,00000814
2069,54673400,00A5008D,FFFE03D6,00520002,0001FFFD,FF1B22F7,3E004E20,28006F54,D00768DD,02034BA0,00000815
2070,48234400,00970093,FFFC03D7,004F0003,0001FFFD,FF1B230E,3E004E20,28007D24,D007A0DC,02034D60,00000816
2071,48970500,00960095,FFFC03D7,004C0003,0001FFFD,FF1B2325,3C004E20,28007D2F,D007E8DB,02035F60,00000817
2072,52299900,0088009C,FFFC03D6,004A0001,0001FFFD,FF1C233A,3A004E20,28007D3D,D007F8DB,02035160,00000818
2073,50359400,0084009E,FFFE03D5,0047FFFF,0001FFFD,FF1C234E,3A004E20,28007D4B,D007F8DB,02035360,00000819
2074,51991400,007E00A2,000003D4,0043FFFC,0001FFFD,FF1C2360,3A004E20,28007D57,D007F8DC,01035560,0000081A
2075,48569800,007B00A6,000203D2,003EFFFC,0001FFFE,FF1C2371,3C004E20,28007D5E,D007F8DC,01035760,0000081B
2076,50354100,007000AA,000403D2,0039FFFD,0001FFFE,FF1C2381,3E004E20,28007D60,D007F8DD,010369A0,0000081C
2077,50065800,007000AD,000403D2,0033FFFF,0001FFFE,FF1C2390,3E004E20,28007D5C,D007F8DD,01036BA0,0000081D
2078,50751200,006600AC,000203D3,002E0001,0001FFFE,FF1C239E,3C004E20,28007D51,D007F8DC,01036DE0,0000081E
2079,54751900,006600AF,000103D4,00280003,0001FFFE,FF1C23AB,3A004E20,28007D43,D007F8DB,01037FE0,0000081F
2080,48087900,005A00AD,FFFF03D6,00240002,0001FFFE,FF1D23B6,3A004E20,28007D32,D007F8DB,01037220,00000820
2081,52119200,004E00AF,FFFD03D7,00210001,0001FFFE,FF1D23C1,3A004E20,28007D22,D007F8DC,00038460,00000821
2082,49607400,004200AB,FFFD03D8,0016FFFE,0001FFFE,FF1D23C9,3C004E20,28007D16,D007F8DD,00037660,00000822
2083,50722800,003200AE,FFFE03D8,000FFFFD,0001FFFF,FF1D23CE,3E004E20,28007D0E,D007F8DD,000388A0,00000823
2084,50782900,002D00B2,FFFF03D7,000BFFFD,0001FFFF,FF1D23D1,3E004E20,28007D0C,D007F8DD,00039AE0,00000824
2085,54565800,002900B0,000103D6,0008FFFF,0001FFFF,FF1D23D3,3C004E20,28007D12,D007F8DC,0003AD20,00000825
2086,48897500,002300B6,000303D4,00050001,0001FFFF,FF1D23D3,3A004E20,28007D1C,D007F8DC,0003BF60,00000826
2087,50874900,001E00B6,000303D3,00030004,0001FFFF,FF1E23D4,3A004E20,28007D2B,D007F8DB,0003C1A0,00000827
2088,50300700,001A00B8,000303D3,00010004,0001FFFF,FF1E23D3,3A004E20,28007D3B,D007F8DB,0003D3E0,00000828
2089,50533500,001000B7,000103D3,FFFF0003,0001FFFF,FF1E23D3,3C004E20,28007D4A,D007F8DC,0003E620,00000829
2090,51164800,000B00B8,FFFE03D4,FFFD0001,00010000,FF1E23D2,3E004E20,28007D56,D007F8DD,0003E860,0000082A
2091,50833400,000700B7,FFFD03D5,FFFBFFFF,00010000,FF1E23D2,3E004E20,28007D5D,D007F8DD,0003FAA0,0000082B
2092,50053800,000200B5,FFFC03D7,FFFAFFFD,00010000,FF1E23D1,3C004E20,28007D5D,D007F8DC,0003FCE0,0000082C
2093,49457100,000000B4,FFFC03D8,FFFAFFFD,00010000,FF1E23D1,3A004E20,28007D58,E007F8DB,0003FF60,0000082D
2094,50523900,000300B8,FFFD03D8,FFFBFFFF,00010000,001F23D0,3A004E20,28007D4D,E007F8DB,000001A0,0000082E
2095,53450400,000000B9,FFFF03D8,FFFD0001,00010000,001F23D0,3A004E20,28007D40,E007F8DB,000003E0,0000082F
2096,47999700,000000BB,000103D7,FFFF0003,00010000,001F23D0,3C004E20,28007D32,E007F8DB,00000660,00000830
2097,49894000,000700BD,000303D5,00010003,00010000,001F23D0,3E004E20,28007D25,E007F8DC,000008A0,00000831
2098,49610400,FFFE00BF,000303D4,00020001,00010000,001F23CF,3E004E20,28007D1D,E007F8DD,00000B20,00000832
2099,50340200,000000BF,000203D2,0002FFFF,00010000,001F23CF,3C004E20,28007D1B,E007F8DD,00000D60,00000833
2100,50695400,FFFF00C0,000003D2,0002FFFC,00010000,001F23CF,3A004E20,28008BDE,E007F8DC,00000FE0,00000834
2101,51931100,FFFC00BF,FFFE03D2,0001FFFB,00010000,002023CF,3A004E20,28008BE9,E007F8DB,00000220,00000835
2102,52518600,FFFC00BE,FFFD03D3,FFFFFFFC,00010000,002023CF,3C004E20,28008BF8,E007F8DB,000004A0,00000836
2103,47639500,FFFE00BE,FFFD03D4,FFFEFFFF,00010000,002023CF,3E004E20,28008C0A,E007F8DC,000006E0,00000837
2104,51458100,FFFF00BE,FFFE03D6,FFFD0002,00010000,002023CF,3E004E20,28008C1B,E007F8DC,00000960,00000838
2105,50726400,000000C2,000003D7,FFFC0003,00010000,002023CF,3E004E20,28008C2A,E007F8DD,00000BE0,00000839
2106,51011200,000300C3,000203D7,FFFD0003,00010000,002023CF,3C004E20,28008C32,E007F8DD,00000E60,0000083A
2107,50097600,000400C5,000403D7,FFFE0002,00010000,002123CF,3A004E20,28008C34,E007F8DD,000000A0,0000083B
2108,51520900,000100CA,000403D6,0000FFFF,00010000,002123CF,3A004E20,28008C2E,E007F8DC,00000320,0000083C
2109,54093600,FFFF00C8,000403D4,0002FFFD,00010000,002123CF,3C004E20,28008C22,E007F8DB,000005A0,0000083D
2110,47931800,000100CA,000203D3,0003FFFD,00010000,002123CF,3C004E20,28008C11,E007F8DB,00000820,0000083E
2111,51117100,FFFD00CA,000003D2,0004FFFF,00010000,002123CF,3E004E20,28008BFF,E007F8DC,00000AA0,0000083F
2112,49981800,FFFE00C9,FFFE03D2,00040001,00010000,002123CF,3C004E20,28008BED,E007F8DC,00000D20,00000840
2113,50573800,FFFD00C8,FFFD03D3,00030003,00010000,002123CF,3C004E20,28008BDF,E007F8DD,00000FA0,00000841
2114,50418600,000400C9,FFFD03D4,00020004,00010000,002223CF,3A004E20,28008BD7,E007F8DC,00000260,00000842
2115,50474100,000100C9,FFFE03D6,00000003,00010000,002223CF,3A004E20,28008BD6,E007F8DC,000004E0,00000843
2116,49572700,000300CC,000003D7,FFFE0001,00010000,002223CF,3C004E20,28008BDC,E007F8DB,00000760,00000844
2117,50644900,000100CE,000203D8,FFFDFFFE,00010000,002223CF,3E004E20,2BFC8BE7,E007F8DB,00FC09E0,00000845
2118,51370500,000300D1,000303D8,FFFDFFFD,00010000,002223CF,3E004E20,2BFC8BF6,E007F8DB,00FC0CA0,00000846
2119,52510400,FFFF00D2,000303D8,FFFEFFFC,00010000,002223CF,3E004E20,2BFC8C06,E007F8DC,00FC0F20,00000847
2120,51202800,FFFC00D4,000203D7,FFFFFFFE,00010000,002323CF,3C004E20,2BFC8C14,E007F8DD,00FC01A0,00000848
2121,50287900,FFFD00D2,000003D5,00010000,00010000,002323CF,3A004E20,2BFC8C1D,E007F8DD,00FC0460,00000849
2122,50108000,FFFD00D2,FFFD03D4,00020002,00010000,002323CF,3A004E20,2BFC8C21,E007F8DD,00FC06E0,0000084A
2123,51023300,000100D1,FFFC03D3,00030003,00010000,002323CF,3C004E20,2BFC8C1D,E007F8DC,00FC09A0,0000084B
2124,50454300,FFFF00D2,FFFC03D3,00030001,00010000,002323CF,3E004E20,2BFC8C14,E007F8DB,00FC0C60,0000084C
2125,49057700,000200D0,FFFC03D3,0003FFFF,00010000,002323CF,3E004E20,2BFC8C05,E007F8DB,00FC0EE0,0000084D
2126,50751900,000300D5,FFFE03D5,0001FFFD,00010000,002423CF,3E004E20,2BFC8BF4,E007F8DC,00FC01A0,0000084E
2127,49471400,000000D6,000103D6,FFFFFFFC,00010000,002423CF,3A004E20,2BFC8BE3,E007F8DD,00FC0460,0000084F
2128,49739100,000200D8,000203D7,FFFEFFFD,00010000,002423CF,3A004E20,2BFC8BD5,E007F8DD,00FC06E0,00000850
2129,51016100,FFFC00D9,000303D8,FFFCFFFF,00010000,002423CF,3A004E20,2BFC8BCC,E007F8DD,00FC09A0,00000851
2130,51851900,FFFD00DD,000303D8,FFFC0002,00010000,002423CF,3C004E20,2BFC9B63,E007F8DC,00FC0C60,00000852
2131,54734200,FFFE00DD,000203D7,FFFC0004,00010000,002423CF,3E004E20,2BFC9B69,E007F8DB,00FC0F20,00000853
2132,47724300,FFFE00DC,000003D5,FFFD0004,00010000,002523CF,3E004E20,2BFC9B77,E007F8DB,00FC01E0,00000854
2133,49915200,000400DB,FFFE03D4,FFFF0002,00010000,002523CF,3C004E20,2BFC9B89,E007F8DB,00FC04A0,00000855
2134,49617500,000200DC,FFFD03D2,00010000,00010000,002523CF,3A004E20,2BFC9B9E,E0FFF8DC,07FC0760,00000856
2135,50716700,000300DD,FFFD03D2,0002FFFE,00010000,002523CF,3A004E20,2BFC9BB2,E0FFF8DD,07FC0A20,00000857
2136,51302300,FFF700DE,FFFE03D2,FFFBFFFD,00010000,FF2523CE,3A004E20,2BFC9BC2,E0FFF8DD,07FFFD20,00000858
2137,51746700,FFF000DE,000103D3,FFF4FFFF,00010000,FF2523CA,3C004E20,2BFC9BCC,E0FFF8DC,07FFFFE0,00000859
2138,49621200,FFE900E2,000303D4,FFEF0001,00010000,002623C5,3E004E20,2BFC9BCE,E0FFF8DB,07FC02A0,0000085A
2139,52954300,FFE600E5,000403D5,FFEA0003,00010000,002623BF,3E004E20,2BFC9BC8,E007F8DB,00FC1560,0000085B
2140,49125100,FFEB00E6,000403D7,FFED0004,00010000,002623B9,3E004E20,2BFC9BBC,E007F8DB,00FC3860,0000085C
2141,51746700,FFEA00E7,000303D7,FFF00003,00010000,002623B5,3C004E20,2BFC9BAB,E007F8DC,00FC4B20,0000085D
2142,50895200,FFEE00E6,000103D7,FFF30001,00010000,002623B2,3A004E20,2BFC9B99,E007F8DD,00FC5DE0,0000085E
2143,49977900,FFEB00E4,FFFF03D6,FFF6FFFE,00010000,002723AF,3A004E20,2BFC9B89,E007F8DD,00FC50E0,0000085F
2144,51428600,FFED00E3,FFFD03D5,FFFAFFFC,00010000,002723AE,3C004E20,2BFC9B7D,E007F8DD,00FC53A0,00000860
2145,49215100,FFEF00E2,FFFC03D4,FFFDFFFC,00010000,002723AD,3E004E20,2BFC9B78,E007F8DC,00FC46A0,00000861
2146,58121000,FFEF00E2,FFFD03D3,0000FFFE,00010000,002723AD,3E004E20,2BFC9B7B,E007F8DB,00FC4960,00000862
2147,43210500,FFF500E2,FFFF03D2,00030000,00010000,002723AD,3C004E20,2BFC9B85,E007F8DB,00FC3C20,00000863
2148,50380900,FFEE00E3,000103D3,00050002,00010000,002723AD,3A004E20,2BFC9B94,E007F8DC,00FC3F20,00000864
2149,50681800,FFF500E6,000203D4,00060003,00010000,002823AD,3A004E20,2BFC9BA7,E007F8DD,00FC21E0,00000865
2150,50343100,FFF600E6,000303D6,00050002,00010000,002823AD,3A004E20,2BFC9BB9,E0FFF8DD,07FC24E0,00000866
2151,50340300,FFF900E7,000203D7,00040000,00010000,002823AE,3C004E20,2BFC9BC8,E0FFF8DD,07FC17A0,00000867
2152,51805900,FFED00E7,000003D8,FFFAFFFD,00010000,002823AD,3E004E20,2BFC9BD2,E0FFF8DC,07FC0A60,00000868
2153,49202600,FFEE00E4,FFFE03D8,FFF2FFFC,00010000,002823AA,3E004E20,2BFC9BD4,E0FFF8DB,07FC0D60,00000869
2154,49297500,FFF600E4,FFFD03D8,FFF3FFFD,00010000,002923A6,3C004E20,2BFC9BCE,E007F8DB,00FC1020,0000086A
2155,49599000,FFF900E1,FFFC03D7,FFF50000,00010000,002923A4,3A004E20,2BFC9BC0,E007F8DB,00FC2320,0000086B
2156,50301800,FFF800E1,FFFC03D5,FFF70002,00010000,002923A2,3A004E20,2BFC9BAE,E007F8DC,00FC35E0,0000086C
2157,51057100,FFF400E2,FFFE03D4,FFFA0004,00010000,002923A1,3C004E20,2BFC9B99,E007F8DD,00FC38A0,0000086D
2158,51133300,FFF200E2,000003D3,FFFC0004,00010000,002923A0,3E004E20,2BFC9B84,E007F8DD,00FC3BA0,0000086E
2159,50641700,FFF500E5,000203D2,FFFF0003,00010000,0029239F,3E004E20,2BFC9B74,E007F8DC,00FC3E60,0000086F
2160,51161400,FFF300E6,000403D3,00010000,00010000,002A239F,3E004E20,2BFCABBD,E007F8DB,00FC2160,00000870
2161,51311900,FFF900E7,000403D4,0003FFFE,00010000,002A239F,3C004E20,2BFCABBB,E007F8DB,00FC2420,00000871
2162,50895100,FFFD00E7,000303D5,0003FFFD,00010000,002A239F,3A004E20,2BFCABC1,E007F8DB,00FC2720,00000872
2163,49946200,FFF900E6,000103D6,0002FFFE,00010000,002A239F,3A004E20,2BFCABCE,E007F8DC,00FC19E0,00000873
2164,51769300,000300E5,FFFF03D7,00010000,00010000,002A239F,3A004E20,2BFCABE1,E007F8DD,00FC1CA0,00000874
2165,49280400,FFFF00E4,FFFE03D7,FFFF0002,00010000,002A239F,3C004E20,2BFCABF5,E007F8DD,00FC1FA0,00000875
2166,50587300,FFFC00E4,FFFD03D7,FFFE0003,00010000,002B23A0,3E004E20,2BFCAC08,E007F8DD,00FC1260,00000876
2167,50792900,FFFA00E2,FFFE03D5,FFFD0003,00020000,002B23A0,3E004E20,2BFCAC16,E007F8DC,00FC0560,00000877
2168,50821300,000100E3,000003D4,FFFC0000,00020000,002B23A0,3C004E20,2BFCAC1D,E007F8DB,00FC0820,00000878
2169,51391000,FFF700E0,000203D2,FFFDFFFE,00010000,002B23A0,3A004E20,2BFCAC1B,E007F8DB,00FC0AE0,00000879
2170,52603300,000500AF,000303D2,FFFFFFFC,00010000,002B23A0,3A004E20,2BFCAC12,E007F8DB,00FC0CA0,0000087A
2171,49386600,FFFD004A,000403D2,0000FFFC,00010000,002B23A1,3A004E20,2BFCAC02,E007F8DC,00FC0CE0,0000087B
2172,50457800,0002FFF0,000303D3,0002FFFE,00010000,002B23A1,3E004E20,2800ABEE,E0FFF8DD,07000C60,0000087C
2173,52254300,FFF6FFBA,000103D4,FFFC0001,00010000,FF2B239F,3E004E20,2800ABDA,E0FFF8DD,0703FB20,0000087D
2174,48215000,FFF2FF9C,FFFF03D5,FFF60003,00000000,002B239C,3E004E20,2800ABCA,E0FFF8DC,070009E0,0000087E
2175,53680000,FFEAFF87,FFFD03D7,FFF10004,00000000,002B2398,3C004E20,2800ABBF,E0FFF8DB,07001860,0000087F
2176,48070900,FFE9FF7D,FFFC03D7,FFEC0003,00000000,002B2392,3A004E20,2800ABBD,E0FFF8DB,070026A0,00000880
2177,50792700,FFDAFF75,FFFC03D8,FFE80001,00000000,002B238B,3A004E20,2800ABC3,E0FFF8DB,070034E0,00000881
2178,50390100,FFDBFF74,FFFD03D7,FFE4FFFE,00000000,002B2383,3C004E20,2800ABD1,E007F8DC,00005320,00000882
2179,49484400,FFD4FF87,FFFF03D6,FFE2FFFD,00000001,002B237C,3E004E20,2800ABE6,E007F8DD,000071E0,00000883
2180,50607900,FFD6FFB0,000103D4,FFE9FFFD,00000001,002B2375,3E004E20,2800ABFD,E007F8DD,00008120,00000884
2181,50243500,FFDEFFEF,000203D3,FFEFFFFF,00000001,002B2370,3E004E20,2800AC13,E007F8DD,00009160,00000885
2182,50054600,FFDE0033,000303D3,FFF50002,00000001,002B236D,3C004E20,2800AC26,E007F8DC,00009220,00000886
2183,50330900,FFE20068,000203D3,FFFA0003,00000001,002B236A,3A004E20,2800AC31,E007F8DB,000093A0,00000887
2184,50096700,FFE2008F,000003D4,FFFF0003,00000001,002B2369,3A004E20,2800AC34,E007F8DB,000085A0,00000888
2185,50575200,FFE300A9,FFFE03D5,00020002,00010001,002B2369,3C004E20,2800AC2E,E007F8DC,000077E0,00000889
2186,51677200,FFE800B6,FFFD03D7,0005FFFF,00010001,002B2369,3C004E20,2800AC21,E007F8DD,00006A20,0000088A
2187,50256100,FFE80091,FFFC03D8,0006FFFD,00010000,002B2369,3E004E20,2800AC0E,E007F8DD,00005BA0,0000088B
2188,51024200,FFEE0034,FFFD03D9,0005FFFD,00010000,002B236A,3C004E20,2800ABF9,E007F8DD,00004BA0,0000088C
2189,49525900,FFF1FFE1,FFFF03D8,0004FFFE,00010000,002B236A,3A004E20,2800ABE5,E007F8DC,00003B20,0000088D
2190,50994200,FFFAFFB2,000103D7,00020000,00000000,002B236B,3A004E20,2800BCD0,E007F8DB,000029E0,0000088E
2191,51412200,FFFBFF97,000303D6,00000002,00000000,002B236C,3A004E20,2800BCC7,E007F8DB,000018A0,0000088F
2192,50331700,FFFFFF6E,000403D4,FFFF0004,00000000,002B236D,3C004E20,2800BCC7,E007F8DB,00001620,00000890
2193,50753500,FFF5FF16,000403D3,FFF70003,00000000,002B236C,3E004E20,2800BCD1,E0FFF8DC,07000320,00000891
2194,49661500,FFEDFF08,000203D2,FFF10001,FFFF0000,002A2369,3E004E20,2800BCE1,E0FFF8DD,07000FE0,00000892
2195,49652300,FFEDFF04,000003D2,FFEDFFFE,FFFF0000,002A2365,3E004E20,2800BCF6,E0FFD8DD,07001CA0,00000893
2196,51619600,FFE3FEE4,FFFE03D3,FFEBFFFD,FFFF0000,002A2360,3C004E20,2800BD0B,E0FFD8DC,070428A0,00000894
2197,50217000,FFE4FE80,FFFD03D4,FFEAFFFD,FFFF0000,002A2359,3A004E20,2800BD1E,E007D8DB,000433A0,00000895
2198,50429200,FFD9FE6E,FFFD03D6,FFE9FFFE,FFFE0001,00292352,3A004E20,2800BD2A,E00770DB,00045EA0,00000896
2199,50502700,FFD6FE6D,FFFE03D6,FFE80001,FFFE0001,0029234B,3C004E20,2800BD2D,E007B0DB,000469A0,00000897
2200,51558900,FFD3FE70,000003D7,FFE70003,FFFE0001,00292343,3E004E20,2800BD27,E00748DC,000474A0,00000898
2201,50158300,FFD9FE70,000203D6,FFEC0004,FFFE0001,0028233C,3E004E20,2800BD18,E00748DD,00049FA0,00000899
2202,51851600,FFDEFE73,000303D5,FFF10003,FFFE0001,00282337,3C004E20,2800BD02,E006F8DD,00049AA0,0000089A
2203,51683100,FFDBFE75,000303D4,FFF40001,FFFE0001,00282334,3A004E20,2800BCE9,E006F8DD,000495A0,0000089B
2204,49861000,FFDAFE76,000203D3,FFF6FFFF,FFFE0001,00282332,3A004E20,2800BCD0,E006D0DC,000490A0,0000089C
2205,50064700,FFD5FE76,000003D2,FFF2FFFD,FFFE0001,0027232F,3A004E20,2800BCBC,E006D0DB,00047BE0,0000089D
2206,50094000,FFCCFE76,FFFE03D2,FFEEFFFE,FFFE0001,0027232C,3C004E20,2800BCAF,E006D0DB,000466E0,0000089E
2207,50165800,FFD0FE74,FFFC03D2,FFEC0000,FFFE0001,00272327,3E004E20,2800BCAC,E00688DC,000461E0,0000089F
2208,49385500,FFD0FE75,FFFB03D4,FFEB0002,FFFE0001,00262322,3E004E20,2800BCB2,E00688DD,00046D20,000008A0
2209,50856100,FFD3FE75,FFFC03D5,FFEB0004,FFFE0001,0026231B,3C004E20,2800BCC1,E00668DD,00046820,000008A1
2210,51526500,FFDCFE77,FFFE03D7,FFF30004,FFFE0001,00262316,3A004E20,2800BCD6,E00668DD,00047360,000008A2
2211,50842600,FFE5FE79,000003D8,FFF90002,FFFE0001,00252312,3A004E20,2800BCEE,E00668DC,00047E60,000008A3
2212,50894600,FFDFFE7C,000203D8,FFFD0000,FFFE0001,00252310,3A004E20,2800BD05,E00628DB,000479A0,000008A4
2213,50237800,FFE5FE7E,000303D8,FFFFFFFD,FFFE0001,0025230E,3C004E20,2800BD17,E00628DB,000474E0,000008A5
2214,50538500,FFE8FE80,000303D7,0000FFFC,FFFE0001,0024230D,3E004E20,2800BD21,E00608DB,00046FE0,000008A6
2215,49651700,FFDAFE81,000203D5,FFF8FFFD,FFFE0001,0024230C,3E004E20,2800BD22,E00608DC,00044B20,000008A7
2216,50453800,FFD9FE81,000003D4,FFF2FFFF,FFFE0001,00242309,3C004E20,2800BD1A,E00608DD,00043660,000008A8
2217,50558600,FFDBFE80,FFFE03D3,FFED0001,FFFE0001,00242304,3A004E20,2800BD0A,E005D0DD,000431A0,000008A9
2218,50472300,FFE5FE80,FFFD03D3,FFF10003,FFFE0001,00232300,3A004E20,2800BCF6,E005D0DC,00044CE0,000008AA
2219,49204500,FFEEFE80,FFFD03D3,FFF50002,FFFE0001,002322FD,3A004E20,2800BCE1,E005B0DC,00044820,000008AB
2220,52024200,FFEDFE82,FFFF03D5,FFF90001,FFFE0000,002322FB,3C004E20,2800CE4E,E005B0DB,00044360,000008AC
2221,50155700,FFF1FE84,000103D6,FFFDFFFE,FFFE0000,002222FA,3E004E20,2800CE40,E005B0DB,00044EA0,000008AD
2222,51293800,FFEEFE87,000303D7,0000FFFC,FFFE0000,002222F9,3E004E20,2800CE3C,E00580DC,000439E0,000008AE
2223,49492000,FFF1FE89,000403D8,0003FFFC,FFFE0000,002222F9,3C004E20,2800CE42,E0FD80DD,07043520,000008AF
2224,49487200,FFE9FE8C,000403D8,FFFCFFFE,FFFE0000,002222F8,3A004E20,2800CE51,E00560DD,000420A0,000008B0
2225,51308900,FFDEFE8D,000303D7,FFF50001,FFFE0000,002122F4,3A004E20,2800CE68,E00560DD,00041BE0,000008B1
2226,50401900,FFEAFE8D,000203D5,FFF70003,FFFE0000,002122F1,3A004E20,2800CE83,E00560DC,00042720,000008B2
2227,50895800,FFF2FE8D,000003D4,FFF80004,FFFE0000,002122EF,3C004E20,2800CE9D,E00538DB,000422A0,000008B3
2228,49069400,FFF2FE8C,FFFE03D2,FFF90004,FFFE0000,002022ED,3E004E20,2800CEB3,E00538DB,00043DE0,000008B4
2229,51022400,FFF6FE8C,FFFD03D2,FFF90002,FFFE0000,002022EC,3E004E20,2800CEC1,E00538DB,00042960,000008B5
2230,51302200,FFF6FE8D,FFFD03D2,FFFAFFFF,FFFE0000,002022EB,3C004E20,2800CEC5,E00518DC,000424A0,000008B6
2231,48907500,FFF7FE8E,FFFE03D2,FFFBFFFD,FFFE0000,002022EB,3A004E20,2800CEBE,E00518DD,00042020,000008B7
2232,51945100,FFFAFE90,000003D4,FFFDFFFD,FFFE0000,001F22EB,3A004E20,2800CEAD,E00518DD,00042BA0,000008B8
2233,51184400,FFF6FE93,000203D5,FFFFFFFF,FFFE0000,001F22EB,3C004E20,2800CE96,E004F0DC,000416E0,000008B9
2234,50070400,FFF9FE95,000303D6,00010001,FFFE0000,001F22EB,3E004E20,2800CE7B,E004F0DB,00041260,000008BA
2235,48914200,FFFBFE96,000303D7,00030003,FFFE0000,001E22EB,3E004E20,2800CE61,E004F8DB,01041DE0,000008BB
2236,51624800,FFF8FE97,000103D7,00030003,FFFE0000,001E22EB,3E004E20,2800CE4D,E004D0DB,01041960,000008BC
2237,49784800,000FFE97,000003D6,000F0002,FFFE0000,001E22EE,3C004E20,2800CE40,D004D0DC,020424E0,000008BD
2238,50141600,0024FE95,FFFE03D5,001BFFFF,FFFE0000,001E22F3,3A004E20,2800CE3E,D004D0DD,02042060,000008BE
2239,50733200,002BFE95,FFFC03D4,0026FFFD,FFFE0000,001D22FD,3A004E20,2800CE45,D004B0DD,02042BE0,000008BF
2240,50247900,0041FE94,FFFD03D3,0032FFFC,FFFEFFFF,001D230A,3A004E20,2800CE56,D004B0DD,03041760,000008C0
2241,50536400,004CFE95,FFFE03D2,0040FFFC,FFFEFFFF,001D231B,3C004E20,2800CE6B,D004B0DC,030412E0,000008C1
2242,51191200,0067FE97,000003D3,004DFFFE,FFFEFFFF,FF1C2331,3E004E20,2800CE83,D00490DB,0407FE60,000008C2
2243,50259900,0072FE99,000203D4,005C0001,FFFEFFFE,FF1C234B,3C004E20,2800CE97,D00490DB,0407E9E0,000008C3
2244,52734800,0091FE9B,000403D5,006D0003,FFFEFFFE,FF1C2369,3C004E20,2800CEA6,D00490DC,0507D560,000008C4
2245,52074200,00A7FE9D,000503D7,007F0003,FFFEFFFE,FF1C238C,3A004E20,2800CEAB,D00478DD,0507C0E0,000008C5
2246,49372800,00C0FE9D,000403D8,00910001,FFFEFFFD,FF1B23B3,3A004E20,2800CEA7,D00478DD,0607AC60,000008C6
2247,50213800,00E0FE9D,000303D8,00A3FFFF,FFFEFFFD,FF1B23DF,3C004E20,2800CE98,D00478DD,060797E0,000008C7
2248,50791700,00FDFE9C,000103D8,00B6FFFD,FFFEFFFC,FF1B2410,3E004E20,2800CE82,D00468DC,07078360,000008C8
2249,48974700,011CFE9A,FFFF03D7,00C7FFFD,FFFEFFFC,FF1A2446,3E004E20,2800CE69,D00438DB,07077EE0,000008C9
2250,51613400,0132FE99,FFFF03D5,00D8FFFE,FFFEFFFB,FF1A2481,3E004E20,2800E03A,D00C10DB,00076A60,000008CA
2251,49893600,0151FE99,FFFF03D4,00E80001,FFFEFFFB,FF1A24C1,3C004E20,2800E023,D00BF0DB,000755A0,000008CB
2252,51941500,016AFE99,000103D3,00F70003,FFFEFFFA,FF1A2506,3A004E20,2800E014,D00BD0DC,01074120,000008CC
2253,50334300,0182FE9A,000303D2,01050005,FFFEFFFA,FF19254F,3A004E20,2800E010,D00BB8DD,01073CA0,000008CD
2254,50902200,0195FE9B,000503D2,01130004,FFFEFFF9,FF19259D,3C004E20,2800E017,D00BA0DD,020727E0,000008CE
2255,50193500,01B6FE9D,000603D3,01220002,FFFEFFF9,FF1925EF,3E004E20,2800E029,D00B88DC,02072360,000008CF
2256,49520900,01CAFE9D,000503D4,0130FFFF,FFFEFFF9,FF182646,3E004E20,2800E043,D00B78DB,03071EA0,000008D0
2257,49361300,01E3FE9D,000403D6,013FFFFE,FFFEFFF8,FF1826A0,3E004E20,2800E061,D00B68DB,030719E0,000008D1
2258,50061200,01F5FE9B,000103D6,014DFFFD,FFFEFFF8,FF1826FE,3A004E20,1C00E07E,D00B58DB,01071560,000008D2
2259,51190800,01EDFE9F,FFFE03D7,0146FFFF,FFFEFFF8,FF18275C,3A004E20,1C00E095,D00B48DC,0106F0A0,000008D3
2260,51454300,01E9FEA2,FFFD03D6,01420001,FFFEFFF7,FF1727B9,3A004E20,2800E0A4,D00B38DD,0406EC20,000008D4
2261,50799900,0212FE99,FFFD03D5,01580003,FFFEFFF7,FF172818,3C004E20,1C00E0A8,D00B30DD,02071750,000008D5
2262,51501100,020DFE9A,FFFD03D3,01530003,FFFEFFF7,FF172879,3E004E20,1C00E0A1,D00B20DD,020712A0,000008D6
2263,51671200,01FDFEA0,FFFF03D2,01510002,FFFEFFF7,FF1628D9,3E004E20,1C00E090,D00B18DC,03072E20,000008D7
2264,47270400,0201FE45,000103D1,01500000,FFFEFFF7,FF162939,3C004E20,1C00E078,D00B10DB,030727A0,000008D8
2265,51471700,0203FE04,000203D2,0152FFFC,FFFEFFF7,FF16299A,3A004E20,1C00E05F,E00B00DB,03074120,000008D9
2266,52953700,020FFE35,000303D4,0155FFFA,FFFEFFF7,FF1529FC,3A004E20,1C00E047,E00AF8DC,03076B50,000008DA
2267,49904900,0212FE4D,000203D4,015AFFFA,FFFFFFF7,FF152A60,3A004E20,1C00E036,E00AF0DC,040795D0,000008DB
2268,49346600,0216FE5C,000003D5,0160FFFC,0000FFF7,FF152AC5,3C004E20,1C00E02F,E00AE8DD,0407B050,000008DC
2269,50381300,0216FE64,FFFE03D7,01670000,0000FFF7,FF142B2C,3E004E20,1C00E032,D00AE0DD,0407DB10,000008DD
2270,50027200,0211FE67,FFFC03DA,016E0003,0001FFF7,00142B95,3E004E20,1C00E041,D00AE0DC,040405D0,000008DE
2271,51947100,020FFE6D,FFFC03D9,01740004,0001FFF7,00142BFF,3E004E20,1C00E057,D00AD8DB,04042090,000008DF
2272,49227800,0206FE6E,FFFC03D7,017A0003,0001FFF7,00132C6B,3C004E20,1C00E072,D00AD8DB,04044B50,000008E0
2273,52299100,0200FE71,FFFE03D5,017F0001,0001FFF8,00132CD7,3A004E20,1C00E08D,D00AD0DB,05045650,000008E1
2274,50958300,0202FE78,000003D3,0181FFFF,0001FFF8,00132D45,3A004E20,1C00E0A4,D00AD0DC,04047150,000008E2
2275,50934600,01FBFEAA,000203D2,0186FFFE,0001FFF8,00122DB2,3C004E20,1C00E0B3,D00AD0DC,04009D50,000008E3
2276,49633300,01FBFF0E,000403D1,017BFFFE,0001FFF8,00122E20,3E004E20,1C00E0B8,D00AD8DD,0400BA90,000008E4
2277,49142000,01E3FF0D,000303D2,01870001,0001FFF8,00122E8E,3E004E20,2800E0B0,D00AD8DD,0700C750,000008E5
2278,56244900,0208FF09,000303D3,018C0003,0001FFF8,00122EFF,3C004E20,1C00E09E,D00AE0DC,04010390,000008E6
2279,47068300,01D3FF16,000003D4,01960004,0001FFF8,00122F73,3A004E20,2800E084,D00AE0DB,0700E110,000008E7
2280,46597000,01E2FF05,FFFF03D6,018C0004,0001FFF8,00112FE6,3A004E20,2800F29D,D00AE8DB,06010D50,000008E8
2281,50828600,01E5FF17,FFFD03D7,01AF0002,0001FFF8,0011305E,3A004E20,2800F27D,D00AF8DC,06010AD0,000008E9
2282,50516200,01E2FF03,FFFD03D8,0193FFFF,0001FFF9,001130D6,3C004E20,2800F263,D00B00DD,05011710,000008EA
2283,49065800,01CAFF21,FFFD03D7,01ACFFFD,0001FFF9,0011314D,3E004E20,2800F252,D00B10DD,050104D0,000008EB
2284,50590700,01CBFF0B,FFFF03D7,0185FFFD,0001FFF9,001131C1,3E004E20,2800F24D,D00B20DD,0400F0D0,000008EC
2285,50840100,01ADFF2A,000103D5,0199FFFE,0001FFF9,00103233,3C004E20,2800F254,D00B38DD,0400EED0,000008ED
2286,51062800,01ACFF11,000203D4,01680001,0001FFFA,0010329E,3A004E20,2800F266,D00B50DC,0300EB10,000008EE
2287,51322600,018EFF5F,000303D2,017B0002,0001FFFA,00103307,3A004E20,2800F280,D00B68DB,0300DA50,000008EF
2288,50573400,018AFF85,000203D2,01460003,0001FFFA,0010336A,3C004E20,2800F29C,D00B80DB,0200D7A0,000008F0
2289,49350200,0165FFAA,000003D2,01580001,0001FFFB,001033C9,3E004E20,2800F2B6,D00B98DC,0100C750,000008F1
2290,49927300,015DFF85,FFFD03D3,011F0000,0001FFFB,00103422,3E004E20,2800F2CA,D00BB8DD,0100B4E0,000008F2
2291,50009400,013AFFAE,FFFB03D4,0133FFFD,0001FFFB,00103478,3E004E20,2800F2D4,D00BD0DD,0000B4E0,000008F3
2292,52479500,0138FF9F,FFFA03D5,00F9FFFC,0002FFFC,001034C7,3C004E20,2800F2D2,D00BF8DC,0000A2E0,000008F4
2293,50177900,0115FFED,FFFB03D6,0110FFFC,0002FFFC,00103513,3A004E20,2800F2C4,D00418DB,0700A3A0,000008F5
2294,49636900,0116FFFF,FFFC03D7,00DBFFFF,0002FFFD,00103558,3A004E20,2800F2AD,D00430DB,0700A320,000008F6
2295,50056600,00FE0062,FFFE03D6,00F50001,0002FFFD,0010359C,3A004E20,2800F291,D00450DB,07009560,000008F7
2296,51224900,00FB0066,000103D6,00C40003,0002FFFD,001035DA,3C004E20,2800F275,D00478DB,0600A620,000008F8
2297,49935100,00E000AB,000203D4,00DF0003,0002FFFD,00103617,3E004E20,2800F25C,D00478DC,06009920,000008F9
2298,49586300,00E200A2,000203D3,00B20002,0003FFFE,0010364E,3E004E20,2800F24C,D00478DD,06009A60,000008FA
2299,51035600,00CB00D4,000103D2,00CE0000,0003FFFE,00103685,3C004E20,2800F247,D00478DD,06009DA0,000008FB
2300,50077200,00D000C5,FFFF03D2,00A5FFFE,0003FFFE,001036B8,3A004E20,2800F24F,D00478DC,05009FA0,000008FC
2301,50972900,00B700E7,FFFE03D2,00BFFFFD,0003FFFE,001136EB,3A004E20,2800F262,D00478DB,05008320,000008FD
2302,49546100,00C200D8,FFFD03D3,0099FFFE,0003FFFE,0011371C,3A004E20,2800F27E,D00478DB,05008520,000008FE
2303,50855100,00B400F5,FFFB03D4,00B50000,0003FFFF,0011374D,3E004E20,2800F29F,D00478DC,050088E0,000008FF
2304,50864000,00C300E3,000003D8,00950002,0003FFFF,0011377C,3E004E20,2800F2BF,D00478DC,05008B60,00000900
2305,51138700,00B800FD,000403D9,00B00002,0004FFFD,001137AC,3E004E20,2800F2DA,D00478DD,05008EE0,00000901
2306,48408700,00C400F2,000303DB,00970001,0004FFFD,001237DC,3C004E20,2800F2EB,D00478DD,05008160,00000902
2307,50289400,00BD0107,000103D8,00B4FFFF,0005FFFE,0012380D,3A004E20,2800F2F1,D00478DD,06008520,00000903
2308,51999000,00CC00FC,000403D7,00A1FFFA,0006FFFE,0012383D,3A004E20,2800F2EA,D00478DC,060097E0,00000904
2309,50858700,00C7010C,000703D8,00BDFFF9,0007FFFD,00123870,3C004E20,2800F2D8,D00478DB,06008B60,00000905
2310,51683000,00D6010B,000403EE,00B1FFDC,000BFFFD,001238A4,3E004E20,28010531,D00478DB,060C9E60,00000906
2311,50286600,00D1011C,FFDE042B,00CFFFBA,001A0000,001338DB,3E004E20,28010511,D00498DC,061891A0,00000907
2312,53478300,00EA010E,00030405,00BEFFBC,002D0003,00133912,3E004E20,280104F4,D00498DC,060C94A0,00000908
2313,48783300,00EC010D,001803E1,00D5FFBE,0040FFFF,0013394B,3C004E20,280104DD,D00488DD,060087E0,00000909
2314,50844100,011F0118,003903FE,00CCFFB2,0059FFE9,00133986,3A004E20,2BFD04D1,D00478DC,06F47B20,0000090A
2315,53714000,00CB00FB,00080404,00D6FFEE,0065FFE4,001339C2,3A004E20,2BFD04D1,D00470DC,07EC7E60,0000090B
2316,49975300,00FB00F2,FFFC0426,00C9000E,0064FFE7,001439FE,3C004E20,2BFD04DD,D00468DB,07F47160,0000090C
2317,50579000,011100CB,000903DB,00DC0010,005FFFE7,00143A3B,3C004E20,2BFD04F4,D00450DB,07F46320,0000090D
2318,50500600,01260059,004003E2,00CD0028,0058FFE1,00143A79,3E004E20,28010511,D00440DB,070063A0,0000090E
2319,50230700,01180000,001503EC,00EE0018,004EFFD7,00143ABA,3C004E20,2801052F,D00430DC,07045320,0000090F
2320,51313300,0100FFDB,000303A1,00D9000C,004AFFD6,00143AFB,3C004E20,28010549,D00C28DD,00045220,00000910
2321,50075400,0119FFB7,FFFE03B4,01000008,0048FFD7,00143B40,3A004E20,2801055B,D00C18DD,000440A0,00000911
2322,49535300,0135FFA2,FFFC03C0,00E50007,0047FFD8,00133B84,3A004E20,28010561,D00C08DC,00004F60,00000912
2323,57861100,0133FF92,FFFB03C8,010E0005,0047FFDA,00133BCC,3C004E20,28010559,D00C00DC,00004DA0,00000913
2324,43002900,0148FF8E,FFFB03CD,00ED0003,0047FFDB,00133C13,3E004E20,28010545,D00C00DB,00004C20,00000914
2325,49150800,0140FF86,FFFC03D1,01160001,0048FFDC,00133C5D,3E004E20,28010527,D00BF0DB,00004A60,00000915
2326,49938400,0154FF89,FFFE03D3,00F2FFFE,0048FFDD,00133CA5,3E004E20,28010504,D00BE8DC,000048A0,00000916
2327,49638300,0148FF86,000003D5,011BFFFD,0049FFDE,00133CF2,3C004E20,280104E2,D00BE0DD,000046E0,00000917
2328,50899800,0157FF8B,000203D7,00F4FFFE,0049FFDF,00133D3D,3A004E20,280104C5,D00BE0DD,01005520,00000918
2329,123347000,0148FF88,000303D7,011F0000,0049FFE0,00133D8B,3A004E20,280104B1,D00BD8DD,01005360,00000919
2330,20098100,015AFF8E,000303D7,00F60002,004AFFE1,00133DD7,3C004E20,280104AB,D00BD0DC,010051E0,0000091A
2331,50318900,014AFF88,000203D6,01250003,004AFFE2,00123E27,3E004E20,280104B2,D00BD0DB,01005FE0,0000091B
2332,51864200,015EFF8D,000003D5,00FB0003,004AFFE3,00123E75,3E004E20,280104C5,D00BD0DB,01006E60,0000091C
2333,49258100,014DFF87,FFFE03D3,012C0001,004BFFE4,00123EC6,3C004E20,280104E2,D00BD0DB,01005CA0,0000091D
2334,50860200,0161FF89,FFFD03D2,0100FFFE,004BFFE5,00123F14,3A004E20,28010502,D00BC8DC,01006AE0,0000091E
2335,51130500,0152FF8C,FFFD03D2,0132FFFC,004BFFE6,00123F65,3A004E20,28010521,D00BC8DD,01006920,0000091F
2336,50289200,0161FF8A,FFFF03D2,0102FFFC,004CFFE7,00123FB4,3A004E20,28010539,D00BC8DD,010067A0,00000920
2337,51751900,014BFF8A,000103D3,0134FFFD,004CFFE8,00124006,3C004E20,28010548,D00BD0DC,010065E0,00000921
2338,50080600,015CFF93,000303D4,01000000,004CFFE9,00124055,3E004E20,28010549,D00BD0DB,01007420,00000922
2339,49229100,0144FF8F,000403D6,01320002,004CFFEA,001240A6,3E004E20,2801053F,D00BC8DB,01007260,00000923
2340,51312700,0155FF92,000403D7,00FA0004,004DFFEB,001240F5,3C004E20,28011838,D00BD0DB,010070E0,00000924
2341,49670000,013EFF94,000303D8,012D0003,004DFFED,00114145,3A004E20,2801181A,D00BD8DC,01007F20,00000925
2342,50828700,0151FF96,000103D8,00F30001,004DFFEE,00114193,3A004E20,280117FA,D00BD8DD,01007DA0,00000926
2343,50241400,0139FF8C,FFFE03D7,0129FFFF,004DFFEF,001141E3,3A004E20,280117DE,D00BD8DD,01007BE0,00000927
2344,123300500,014DFF93,FFFD03D5,00EFFFFD,004DFFF0,0011422F,3C004E20,280117CA,D00BE0DD,00008A60,00000928
2345,16768100,0131FF92,FFFC03D4,0128FFFE,004DFFF1,0011427D,3E004E20,280117C3,D00BE8DC,000078A0,00000929
2346,51713900,013FFF92,FFFC03D3,00EAFFFF,004EFFF2,001142C7,3E004E20,280117CB,D00BF0DB,00008760,0000092A
2347,50308900,0121FF94,FFFE03D2,01220002,004EFFF3,00114313,3C004E20,280117DF,D00C00DB,000075A0,0000092B
2348,49790100,012FFFAE,000003D3,00E30004,004EFFF4,0011435B,3A004E20,280117FE,D00410DC,070084A0,0000092C
2349,50814800,010FFFD4,000803CC,0114000B,004DFFF3,001143A3,3A004E20,2BFD1823,D00430DD,07FC7420,0000092D
2350,53427600,01120016,000303C6,00D1000E,004AFFF4,001143E5,3A004E20,2BFD1847,D00448DD,07FC74A0,0000092E
2351,48187600,00F8004C,000103CE,00FE000C,0047FFF5,00114428,3C004E20,2BFD1867,D00460DD,06FC65A0,0000092F
2352,49610200,0108007F,FFFF03D6,00BD0009,0044FFF6,00114465,3E004E20,2801187B,D00480DC,06007720,00000930
2353,51359900,00EA009F,FFFD03DA,00E60005,0041FFF7,001144A2,3E004E20,28011882,D004A0DB,05046920,00000931
2354,51891700,00F200BE,000203D4,00A7FFFE,0040FFF7,001144D9,3C004E20,2801187B,D004E0DB,05046B60,00000932
2355,50841400,00CB00CE,FFFB03C9,00CAFFF8,0041FFF7,00114510,3A004E20,28011866,D00508DB,05045DE0,00000933
2356,140393500,00D400DD,FFFB03D0,0092FFF6,0044FFF8,00124541,3A004E20,28011847,D00540DC,040040A0,00000934
2357,18746200,00BF00F0,000003FC,00B6FFD0,004CFFF7,00124571,3A004E20,28011824,D00578DD,04144320,00000935
2358,51545700,00B400F4,00040400,007EFFDF,0059FFF8,0012459C,3C004E20,28011801,D005D8DD,03043620,00000936
2359,50170300,009E00F9,000203D9,0099FFDB,0063FFF9,001245C4,3E004E20,280117E5,D00618DC,030028E0,00000937
2360,50477900,009F0103,000303E2,006CFFD9,006EFFFA,001245E7,3E004E20,2BFD17D4,D00660DB,03FC2C20,00000938
2361,49289900,008A010C,000403DC,0082FFD9,0079FFFA,00124609,3C004E20,2BFD17D0,D006A8DB,03F41F20,00000939
2362,50305000,009200FA,0004041F,00580007,007BFFFB,00134626,3A004E20,280117D9,D00700DB,02001220,0000093A
2363,51665400,0077010E,000303EC,006BFFFA,007BFFFB,00134643,3A004E20,2BFD17EF,D00768DC,02FC1560,0000093B
2364,51552900,00780112,FFFF03DB,00490001,007BFFFC,0013B9BB,3C004E20,2801180C,D007C8DD,02000860,0000093C
2365,50420700,00660111,FFFD03DD,00550006,007BFFFC,0013B9D2,3E004E20,2801182C,D007F8DD,02000BA0,0000093D
2366,52058100,0064011A,FFFD03D6,003A0007,007AFFFD,0013B9E6,3E004E20,28011848,D007F8DD,02000EE0,0000093E
2367,51092100,00530117,FFFD03D2,00420006,0079FFFE,FF14B9F9,3E004E20,2801185C,D007F8DC,0103F220,0000093F
2368,50991700,0051011F,FFFF03DB,002EFFFB,007AFFFE,FF14BA0A,3C004E20,28011864,D007F8DB,0107F5A0,00000940
2369,50385600,00450122,000103DD,0034FFF5,007CFFFE,FF14BA19,3A004E20,2801185F,D007F8DB,0107F8E0,00000941
2370,49730500,00440126,000303D7,0027FFF1,0080FFFF,FF14BA27,3A004E20,28012C0F,D007F8DC,0103FC20,00000942
2371,51011500,003B0127,000303D3,002BFFF0,0083FFFF,FF14BA33,3A004E20,2BFD2BEF,D007F8DC,00FFFFA0,00000943
2372,50943000,002C012B,000203D9,0019FFF8,00870000,FF15BA3C,3C004E20,2BFD2BC9,D007F8DD,00FFE2E0,00000944
2373,147648900,00210126,000103E7,00140000,00880000,FF15BA41,3E004E20,2BFD2BA3,D007F8DD,00FFD660,00000945
2374,17013000,001E012E,FFFF03DF,000C0004,00880000,FF15BA45,3E004E20,2BFD2B82,E007F8DC,00FFD9E0,00000946
2375,50621700,0017012D,FFFD03DA,00090005,00870001,FF15BA47,3C004E20,28012B6C,E007F8DB,0003ED60,00000947
2376,51996700,00110133,FFFB03DD,0005FFFE,00880001,FF16BA48,3A004E20,28012B64,E007F8DB,0003E0E0,00000948
2377,50107000,000B0135,FFFB03E7,0002FFF5,008A0001,FF16BA49,3A004E20,28012B6C,E007F8DB,0007F4A0,00000949
2378,51103100,00070138,FFFD03E0,FFFFFFF0,008E0001,FF16BA49,3C004E20,28012B83,E007F8DC,0003F820,0000094A
2379,51067800,00050138,FFFF03D9,FFFEFFEE,00920001,FF16BA49,3E004E20,2BFD2BA4,E007F8DD,00FFFBE0,0000094B
2380,48215700,00040140,000103DB,FFFDFFF4,00950001,FF16BA49,3E004E20,2BFD2BCB,E007F8DD,00FFFF60,0000094C
2381,49290400,0004013C,000203E8,FFFDFFFC,00960001,0017BA49,3E004E20,2BFD2BF1,E007F8DD,00FC0320,0000094D
2382,134808800,00040144,000303DC,FFFE0001,00960001,0017BA49,3C004E20,2BFD2C11,E007F8DC,00FC06E0,0000094E
2383,18165800,00040149,000203D5,00000004,00960001,0017BA49,3A004E20,2BFD2C25,E007F8DB,00FC0AA0,0000094F
2384,49517900,00020150,000003DD,0002FFFB,00970001,0017BA49,3A004E20,28012C2B,E007F8DB,00040EA0,00000950
2385,50635300,00000153,FFFE03E3,0003FFF4,009A0001,0018BA48,3C004E20,28012C23,E007F8DC,00000260,00000951
2386,51072400,FFFE0151,FFFD03DC,0004FFF0,009F0001,0018BA48,3E004E20,28012C0D,E007F8DD,00000660,00000952
2387,50834200,FFFD0155,FFFC03D9,0004FFF0,00A30001,0018BA48,3E004E20,2BFD2BEE,E007F8DD,00FC0A20,00000953
2388,50090900,FFFD0151,FFFD03EC,0003FFF8,00A50002,0018BA48,3E004E20,2BFD2BCC,E007F8DD,00FC0E20,00000954
2389,50647000,FFFF0155,FFFF03E6,0001FFFD,00A50002,0019BA48,3A004E20,2BFD2BAD,E007F8DC,00FC0220,00000955
2390,49839000,0000015F,000103DB,00000001,00A50002,0019BA48,3A004E20,2BFD2B96,E007F8DB,00FC0660,00000956
2391,51259800,00020168,000303DD,FFFEFFFC,00A60002,0019BA48,3A004E20,28012B8C,E007F8DB,00000A60,00000957
2392,51713300,0003016C,000403E4,FFFDFFF7,00A90002,0019BA48,3C004E20,28012B90,E007F8DB,00000EA0,00000958
2393,51172700,00030171,000403DA,FFFCFFF4,00AD0002,001ABA48,3E004E20,28012BA3,E007F8DC,000002A0,00000959
2394,47670400,0002016E,000203D6,FFFDFFF5,00B20002,001ABA48,3E004E20,2BFD2BC1,E007F8DD,00FC06E0,0000095A
2395,49082800,0000016A,000103E9,FFFEFFFC,00B40002,001ABA48,3C004E20,2BFD2BE5,E007F8DD,00FC0B20,0000095B
2396,51868200,FFFE016C,FFFF03E2,0000FFFE,00B40002,001ABA48,3C004E20,2BFD2C0B,E007F8DC,00FC0F20,0000095C
2397,124417200,FFFD016C,FFFD03DA,0001FFFE,00B40002,001BBA48,3A004E20,2BFD2C2B,E007F8DB,00FC0360,0000095D
2398,17084600,FFFE0173,FFFD03E6,0003FFF4,00B60002,001BBA48,3A004E20,28012C41,E007F8DB,000007A0,0000095E
2399,50913400,FFFF0173,FFFE03E6,0003FFF2,00BA0002,001BBA48,3C004E20,28012C49,E007F8DB,00000BE0,0000095F
2400,49878900,00010173,000003DE,0002FFF2,00BE0002,001CBA48,3E004E20,2BFD4072,E007F8DC,00FC0020,00000960
2401,50611500,00020173,000203E7,0001FFFC,00C20002,001CBA48,3E004E20,2BFD405A,E007F8DD,00FC0460,00000961
2402,50864800,0002016F,000303EF,FFFF0001,00C30002,001CBA48,3E004E20,2BFD4036,E007F8DD,00FC08A0,00000962
2403,50401700,00010176,000303DF,FFFE0001,00C30002,001CBA48,3C004E20,2BFD400C,E007F8DD,00FC0CE0,00000963
2404,49598600,FFFF017A,000203E0,FFFCFFF5,00C40002,001DBA48,3A004E20,28013FE2,E007F8DC,00000120,00000964
2405,50125700,FFFE017C,000003E6,FFFCFFED,00C80002,001DBA48,3A004E20,28013FBF,E007F8DB,00000560,00000965
2406,52050300,FFFC017B,FFFE03DB,FFFCFFEA,00CC0002,001DBA49,3C004E20,2BFD3FA7,E007F8DB,00FC09A0,00000966
2407,51963500,FFFC0173,FFFC03E2,FFFDFFF5,00D00002,001DBA49,3E004E20,2BFD3F9F,E007F8DC,00FC0DE0,00000967
2408,51042400,FFFD016F,FFFB03EF,FFFFFFFE,00D20002,001EBA49,3E004E20,2BFD3FA8,E007F8DD,00FC0220,00000968
2409,50074800,FFFF0172,FFFC03E1,00010003,00D20002,001EBA49,3C004E20,2BFD3FBE,E007F8DD,00FC0660,00000969
2410,52827700,0001017B,FFFE03E6,0003FFF9,00D30002,001EBA49,3A004E20,28013FDF,E007F8DD,00000AA0,0000096A
2411,49209600,0002017C,000003EC,0004FFF2,00D70002,001EBA49,3A004E20,28014003,E007F8DC,00000EE0,0000096B
2412,49044500,0002017D,000203E0,0004FFED,00DC0002,001FBA49,3A004E20,2BFD4026,E007F8DB,00FC0320,0000096C
2413,133959300,00010179,000303EE,0003FFF6,00DF0002,001FBA49,3C004E20,2BFD4040,E007F8DB,00FC0760,0000096D
2414,15679700,FFFF0179,000303EE,0002FFFC,00E00002,001FBA49,3E004E20,2BFD404D,E007F8DB,00FC0BA0,0000096E
2415,51149300,FFFE017D,000103DF,0000FFFB,00E00002,001FBA49,3E004E20,2801404A,E007F8DC,00000FE0,0000096F
2416,51570500,FFFD0185,000003E9,FFFEFFF3,00E30002,0020BA49,3C004E20,28014039,E007F8DD,00000420,00000970
2417,50465000,FFFE0180,FFFE03E2,FFFEFFF1,00E80002,0020BA49,3A004E20,2BFD401B,F007F8DD,00FC0860,00000971
2418,50784300,FFFF017C,FFFD03DD,FFFDFFF7,00ED0002,0020BA49,3A004E20,2BFD3FF5,F007F8DC,00FC0CA0,00000972
2419,50921400,00010174,FFFD03F2,FFFE0000,00EF0002,0021BA49,3C004E20,2BFD3FCE,F007F8DC,00FC00E0,00000973
2420,50724300,00030176,FFFE03E4,FFFF0002,00EF0002,0021BA49,3E004E20,2BFD3FAC,F007F8DB,00FC0520,00000974
2421,49945400,0003017D,000003E6,0001FFF5,00F10002,0021BA49,3E004E20,28013F95,F007F8DB,00000960,00000975
2422,50255400,00020183,000303EC,0003FFEC,00F50002,0021BA49,3E004E20,28013F8D,F007F8DC,00000DA0,00000976
2423,50674400,00010181,000403E1,0004FFEB,00FA0002,0022BA49,3C004E20,2BFD3F95,F007F8DD,00F801E0,00000977
2424,51392500,FFFF0177,000403F6,0004FFF8,00FD0002,0022BA49,3A004E20,2BFD3FAD,F007F8DD,00FC0620,00000978
2425,50044700,FFFD0179,000303EC,0003FFFF,00FE0002,0022BA49,3A004E20,2BFD3FD1,F007F8DD,00FC0A20,00000979
2426,50240200,FFFD017E,000103E5,0002FFF9,00FF0002,0022BA49,3A004E20,28013FFC,F007F8DC,00000E60,0000097A
2427,51293800,FFFE019F,FFFF03EC,0000FFF1,01030002,0023BA49,3C004E20,28014027,F007F8DB,00000320,0000097B
2428,50563000,FFFF019B,FFFD03DE,FFFEFFEF,01090003,0023BA49,3E004E20,2BFD404B,E007F8DB,00F80760,0000097C
2429,50370400,00010154,FFFC03F1,FFFDFFFA,010C0003,0023BA49,3E004E20,2BFD4063,E007F8DB,00FC0AE0,0000097D
2430,50813700,0002012D,FFFD03EB,FFFCFFFD,010C0003,0023BA49,3C004E20,2BFD5313,E007F8DC,00FC0E20,0000097E
2431,54695700,00020119,FFFE03E5,FFFCFFF2,010E0003,0024BA49,3A004E20,2801530B,E007F8DD,000000E0,0000097F
2432,50051000,0000010F,000003EE,FFFDFFEB,01120003,0024BA49,3A004E20,280152F4,E007F8DD,000003A0,00000980
2433,47546800,FFFF0103,000203E3,FFFFFFED,01170003,0024BA49,3A004E20,2BFD52D2,E007F8DC,00FC0620,00000981
2434,47794700,FFFD00F0,000303FA,0000FFFB,011A0003,0024BA49,3E004E20,2BFD52AA,E007F8DB,00FC08A0,00000982
2435,49720200,FFFC00EE,000303EF,00020003,011A0003,0024BA49,3E004E20,2BFD5284,E007F8DB,00FC0AE0,00000983
2436,133730900,FFFD00F1,000103EE,0003FFF8,011C0003,0024BA49,3E004E20,28015267,E007F8DB,00040D20,00000984
2437,16605900,FFFF00F0,FFFF03F0,0003FFF0,01210003,0024BA49,3C004E20,28015256,E007F8DC,00000FA0,00000985
2438,50378400,000000EA,FFFD03E6,0002FFF2,01260003,0025BA49,3A004E20,2BFD5256,E007F8DD,00FC01E0,00000986
2439,51013200,000200DD,FFFC03F9,0000FFFA,01290003,0025BA49,3A004E20,2BFD5266,E007F8DD,00FC0420,00000987
2440,50539700,000200DE,FFFB03E7,FFFFFFFC,01290003,0025BA49,3C004E20,28015284,E007F8DD,00000660,00000988
2441,50924900,000200E9,FFFD03ED,FFFDFFEF,012C0003,0025BA49,3E004E20,280152AA,E007F8DC,00040860,00000989
2442,49875600,000100E8,FFFF03E8,FFFCFFEC,01310003,0025BA49,3E004E20,2BFD52D2,E007F8DB,00FC0AA0,0000098A
2443,50047600,FFFF00E5,000103EA,FFFCFFF8,01360003,0025BA49,3E004E20,2BFD52F6,E007F8DB,00FC0CE0,0000098B
2444,50466700,FFFE00DF,000303F8,FFFD0002,01370003,0025BA49,3C004E20,2BFD530E,E007F8DC,00FC0F20,0000098C
2445,49814300,FFFE00E7,000403E9,FFFFFFFD,01380003,0026BA49,3A004E20,28015317,E007F8DD,00000160,0000098D
2446,50138800,FFFF00F0,000303F5,0001FFF0,013C0003,0026BA49,3A004E20,2801530F,E007F8DD,000003A0,0000098E
2447,51307400,000000ED,000103E8,0003FFEA,01420003,0026BA49,3A004E20,2BFD52F6,E007F8DD,00FC05A0,0000098F
2448,50820500,000200E4,000003F9,0004FFF6,01450003,0026BA49,3C004E20,2BFD52D0,E007F8DC,00FC07E0,00000990
2449,50765100,000300E0,FFFE03F1,0004FFFB,01460003,0026BA49,3E004E20,2BFD52A3,E007F8DB,00FC0A20,00000991
2450,51531400,000200E8,FFFD03EC,0004FFF0,01480003,0026BA49,3C004E20,28015276,E007F8DB,00040C60,00000992
2451,51170600,000100EC,FFFE03ED,0003FFEB,014D0003,0026BA49,3C004E20,2801524F,E007F8DB,00000E60,00000993
2452,48665800,FFFF00E7,FFFF03E6,0001FFF4,01530003,0027BA4A,3A004E20,2BFD5234,E007F8DC,00FC00A0,00000994
2453,51245700,FFFE00E0,000103F8,FFFFFFFF,01550003,0027BA4A,3A004E20,2BFD522A,E007F8DD,00FC02E0,00000995
2454,50429800,FFFC00E7,000303E5,FFFEFFFF,01550003,0027BA4A,3C004E20,28015231,E007F8DD,00000520,00000996
2455,50033700,FFFD00ED,000403E4,FFFDFFF8,01570003,0027BA4A,3E004E20,28015248,E007F8DC,00000720,00000997
2456,49823700,FFFE00EC,000403DB,FFFDFFF4,01590003,0027BA4A,3E004E20,2BFD526B,E007F8DB,00FC0960,00000998
2457,51637300,000000E9,000203E4,FFFEFFF9,015B0003,0027BA4A,3E004E20,2BFD5294,E007F8DB,00FC0B60,00000999
2458,49872200,000100E7,000003E1,0000FFFD,015B0003,0027BA4A,3C004E20,2BFD52BB,E007F8DB,00FC0DA0,0000099A
2459,50559700,000200E6,FFFE03D8,00020000,015B0003,0027BA4A,3A004E20,2BFD52DB,E007F8DC,00FC0FE0,0000099B
2460,52482700,000100E6,FFFC03D3,00030002,015A0003,0028BA4A,3A004E20,2BFD6517,E007F8DD,00FC01E0,0000099C
2461,48845500,000000E6,FFFC03D0,00030005,015A0003,0028BA4A,3C004E20,2BFD651A,E007F8DD,00FC0420,0000099D
2462,50903400,FFFE00E5,FFFD03CF,00030005,015A0003,0028BA4A,3E004E20,2BFD650B,E007F8DD,00FC0660,0000099E
2463,50456100,FFFD00E6,FFFF03CE,00020004,015A0003,0028BA4A,3E004E20,2BFD64EE,E007F8DC,00FC0860,0000099F
2464,50203800,FFFD00E8,000103CE,00000001,01590003,0028BA4A,3C004E20,2BFD64C8,E007F8DB,00FC0AA0,000009A0
2465,50655700,FFFE00E8,000203CF,FFFFFFFF,01590003,0028BA4A,3A004E20,2BFD649F,E007F8DB,00FC0CA0,000009A1
2466,51194300,000000EA,000303D0,FFFDFFFD,01590003,0028BA4A,3A004E20,2BFD647A,E007F8DC,00FC0EE0,000009A2
2467,49862200,000200EA,000203D2,FFFCFFFE,01590003,0029BA4A,3A004E20,2BFD6460,E007F8DC,00FC0120,000009A3
2468,50157500,000300E9,000003D4,FFFC0000,01590003,0029BA4A,3C004E20,2BFD6455,E007F8DD,00FC0320,000009A4
2469,50595600,000300E9,FFFE03D5,FFFC0002,01590003,0029BA4A,3E004E20,2BFD645D,E007F8DD,00FC0560,000009A5
2470,51580600,000200E6,FFFD03D6,FFFE0003,01590003,0029BA4A,3E004E20,2BFD6476,E007F8DC,00FC07A0,000009A6
2471,51324500,000000E5,FFFC03D7,00000003,01590003,0029BA4A,3C004E20,2BFD649D,E007F8DB,00FC09A0,000009A7
2472,49816800,FFFF00E4,FFFD03D6,00010001,01590003,0029BA4A,3C004E20,2BFD64CC,E007F8DB,00FC0BE0,000009A8
2473,50396800,FFFD00E6,FFFE03D5,0003FFFF,01590003,0029BA4A,3A004E20,2BFD64FC,E007F8DB,00FC0E20,000009A9
2474,51473800,FFFE00E7,000103D3,0003FFFC,01590003,002ABA4A,3A004E20,2BFD6525,E007F8DC,00FC0020,000009AA
2475,50562500,FFFF00E8,000303D2,0003FFFC,01590003,002ABA4A,3C004E20,2BFD6541,E007F8DC,00FC0260,000009AB
2476,51290100,000100EA,000403D1,0002FFFD,01590003,002ABA4A,3E004E20,2BFD654C,E007F8DD,00FC04A0,000009AC
2477,48858400,000200EB,000403D1,0000FFFF,01590003,002ABA4A,3E004E20,2BFD6545,E007F8DD,00FC06A0,000009AD
2478,50974100,000300EA,000303D1,FFFF0001,01590003,002ABA4A,3C004E20,2BFD652D,E007F8DC,00FC08E0,000009AE
2479,50427800,000200EA,000103D2,FFFD0003,01590003,002ABA4A,3A004E20,2BFD6507,E007F8DB,00FC0AE0,000009AF
2480,51637800,000000E8,FFFF03D4,FFFD0003,01590003,002ABA4A,3A004E20,2BFD64DB,E007F8DB,00FC0D20,000009B0
2481,111508400,FFFE00E7,FFFE03D5,FFFD0001,01590003,002ABA4A,3A004E20,2BFD64B0,E007F8DC,00FC0F60,000009B1
2482,16142500,FFFD00E6,FFFD03D6,FFFFFFFF,01590003,002BBA4A,3C004E20,2BFD648C,E007F8DD,00FC0160,000009B2
2483,50225100,FFFC00E6,FFFE03D5,0000FFFD,01590003,002BBA4A,3E004E20,2BFD6476,E007F8DD,00FC03A0,000009B3
2484,50274300,FFFD00E6,000003D4,0002FFFD,01590003,002BBA4A,3E004E20,2BFD6470,E007F8DD,00FC05E0,000009B4
2485,50553900,FFFF00EA,000203D3,0004FFFF,01590003,002BBA4A,3C004E20,2BFD647C,E007F8DD,00FC07E0,000009B5
2486,49544200,000100E3,000303CF,00050005,01590003,002BBA4A,3A004E20,2BFD6497,E007F8DC,00FC09E0,000009B6
2487,50873000,000200B0,000303C3,0004000D,01570003,002BBA4B,3A004E20,2BFD64BC,E007F8DB,00FC0B20,000009B7
2488,50652600,0002004B,000303C4,0003000D,01540003,002BBA4B,3A004E20,280164E5,E007F8DB,00000AA0,000009B8
2489,50916700,0001FFF7,000103BB,00020007,01520003,002BBA4B,3C004E20,2801650A,E007F8DC,00000960,000009B9
2490,51524200,0000FFB8,FFFF03BA,0000000E,01500003,002BBA4B,3E004E20,2BFD7688,E0FFF8DD,07FC07A0,000009BA
2491,50085800,FFF4FF97,FFFC03B3,FFF70013,014B0003,002BBA49,3E004E20,28017694,E0FFF8DD,070005A0,000009BB
2492,51274600,FFECFF8B,FFFB03B7,FFF00009,01460003,002BBA46,3C004E20,2801768D,E0FFF8DC,07000360,000009BC
2493,50491400,FFE9FF99,FFFC03AD,FFEA0001,01440003,002BBA42,3A004E20,28017675,E0FFF8DB,070011A0,000009BD
2494,49879400,FFE6FFB6,FFFD03B1,FFE7000D,01410003,002BBA3C,3A004E20,2BFD764D,E0FFF8DB,07FC2060,000009BE
2495,50575800,FFE2FFEF,FFFF03B9,FFE60014,013C0002,002ABA35,3C004E20,2801761D,E007F8DB,00004FE0,000009BF
2496,52235000,FFDE003B,000103B4,FFE6000A,01380002,002BBA2E,3E004E20,280175EC,E007F8DB,00005020,000009C0
2497,49994900,FFE40071,000303B2,FFED0007,01370002,002BBA27,3E004E20,280175C1,E007F8DC,00007120,000009C1
2498,50498600,FFE5008F,000303B0,FFF4000F,01340001,002BBA22,3E004E20,2BFD75A3,E007F8DD,00FC8260,000009C2
2499,50200100,FFE100AD,000203BB,FFF90010,012F0001,002BBA1F,3C004E20,28017597,E007F8DD,000083E0,000009C3
2500,51386900,FFE000C5,000003AE,FFFB0002,012D0001,002BBA1C,3A004E20,2801759F,E007F8DC,000085E0,000009C4
2501,52031100,FFE100D2,FFFE03B4,FFFD0003,012C0001,002BBA1B,3A004E20,2BFD75B9,E007F8DB,00FC87E0,000009C5
2502,51150600,FFE300C8,FFFD03B1,FFFE000D,01280001,002BBA1A,3A004E20,2BFD75E1,E007F8DB,00FC79A0,000009C6
2503,49223200,FFE6009F,FFFD03BF,FFFE000D,01230001,002BBA1A,3C004E20,28017610,E007F8DC,00006AA0,000009C7
2504,48807600,FFEB0046,FFFE03B0,FFFD0006,01210001,002BBA1A,3E004E20,2801763F,E007F8DC,00005A60,000009C8
2505,51783000,FFF1FFE9,000003B9,FFFE000F,011F0001,002BBA1B,3E004E20,2BFD7667,E007F8DD,00FC4920,000009C9
2506,50881900,FFF5FFB3,000203B8,FFFE0016,011A0001,002BBA1B,3C004E20,2BFD7681,E007F8DD,00FC37A0,000009CA
2507,50300200,FFF8FF9C,000403BD,0000000D,01150001,002BBA1C,3A004E20,28017689,E007F8DD,000025A0,000009CB
2508,49571200,FFFAFF95,000503B1,00020002,01140001,002BBA1D,3A004E20,2801767F,E007F8DC,000023A0,000009CC
2509,51505000,FFFAFF96,000403B3,0003000B,01110001,002BBA1E,3C004E20,2BFD7665,E007F8DB,00FC11E0,000009CD
2510,50840100,FFFAFFB8,000203B8,00050010,010C0001,002BBA1E,3E004E20,2801763F,E007F8DB,000010A0,000009CE
2511,50285800,FFFBFFF9,000003B3,00050006,01090001,002BBA1F,3E004E20,28017615,E007F8DC,00000020,000009CF
2512,49588800,FFFC003D,FFFE03B0,00050005,01070001,002BBA1F,3E004E20,280175ED,E007F8DD,000000A0,000009D0
2513,50653000,FFFE0065,FFFD03B0,00040012,01040001,002BBA20,3C004E20,2BFD75D0,E007F8DD,00FC01A0,000009D1
2514,51544700,0001008A,FFFD03BD,00020015,01000001,002BBA20,3A004E20,280175C3,E007F8DC,00000320,000009D2
2515,49528900,000300B0,FFFE03B1,00010008,00FD0001,002BBA20,3A004E20,280175C7,E007F8DC,000004E0,000009D3
2516,51548700,000400C4,000003B7,FFFF0008,00FC0001,002BBA20,3C004E20,2BFD75DE,E007F8DB,00FC06A0,000009D4
2517,50447400,000400C3,000203B5,FFFE000E,00F80001,002BBA21,3E004E20,2BFD7603,E007F8DB,00FC08A0,000009D5
2518,50551600,0002009D,000303C0,FFFE000A,00F30001,002BBA21,3E004E20,28017632,E007F8DB,000009A0,000009D6
2519,50163100,00010047,000303B0,FFFE0001,00F10001,002BBA21,3E004E20,28017662,E007F8DC,00000960,000009D7
2520,51423000,FFFFFFEC,000203B6,0000000A,00EF0001,002BBA21,3A004E20,2BFD8705,E007F8DD,00FC0860,000009D8
2521,51897500,FFFFFFB3,FFFF03B4,00010013,00EA0001,002BBA21,3A004E20,2BFD8724,E007F8DD,00FC06A0,000009D9
2522,49718900,FFFFFF99,FFFD03B8,0003000D,00E60001,002BBA21,3A004E20,28018730,E007F8DC,000004E0,000009DA
2523,50499600,0001FF90,FFFC03AC,00040006,00E40001,002BBA21,3C004E20,28018728,E0FFF8DC,070002E0,000009DB
2524,50917300,FFF8FF90,FFFB03B0,FFFD000F,00E10001,FF2BBA1F,3E004E20,2BFD870D,E0FFF8DB,07FFF120,000009DC
2525,52692800,FFF2FFB0,FFFC03B8,FFF60012,00DD0001,002BBA1C,3E004E20,280186E3,E0FFF8DB,07000020,000009DD
2526,49308900,FFEFFFF4,FFFE03B5,FFF00004,00D90000,002ABA18,3C004E20,280186B1,E007F8DC,00001FE0,000009DE
2527,50507600,FFF4003A,000103B4,FFF20000,00D80000,002BBA13,3C004E20,2801867E,E007F8DD,00003060,000009DF
2528,51900000,FFF40067,000303B5,FFF3000B,00D50000,002BBA0F,3A004E20,2BFD8652,E007F8DD,00FC4160,000009E0
2529,51115800,FFEF008D,000403C1,FFF50010,00D00000,002BBA0D,3A004E20,28018635,E007F8DD,000042E0,000009E1
2530,50164000,FFEC00B5,000303B4,FFF60007,00CD0000,002BBA0B,3C004E20,2801862A,E007F8DC,000054E0,000009E2
2531,49643800,FFEC00C5,000203B9,FFF8000B,00CC0000,002BBA09,3E004E20,2BFD8633,E007F8DB,00FC46E0,000009E3
2532,50768600,FFEE00C2,000003B4,FFFB0014,00C90000,002BBA09,3E004E20,2BFD864D,E007F8DB,00FC48E0,000009E4
2533,50712100,FFF1009A,FFFE03BE,FFFE0010,00C40000,002BBA08,3E004E20,28018673,E007F8DB,00004A20,000009E5
2534,49169900,FFF50043,FFFD03AD,00000004,00C20000,002BBA08,3C004E20,2801869F,E007F8DC,000039E0,000009E6
2535,50073800,FFF7FFE8,FFFE03B4,00030009,00C00000,002BBA08,3A004E20,2BFD86C9,E007F8DD,00FC38E0,000009E7
2536,50415700,FFF9FFAD,FFFF03B3,00040010,00BB0000,002BBA08,3A004E20,2BFD86E9,E007F8DD,00FC2760,000009E8
2537,50752300,FFF9FF99,000103BA,0004000A,00B60000,002BBA09,3C004E20,280186FA,E007F8DC,000025A0,000009E9
2538,49572000,FFF9FF92,000303B0,00030004,00B50000,002BBA09,3E004E20,280186F8,E007F8DB,000013A0,000009EA
2539,50098100,FFF9FF91,000403AD,00020017,00B10000,002BBA0A,3E004E20,2BFD86E3,E007F8DB,00FC1220,000009EB
2540,50891200,FFFAFFB5,000403B0,00000021,00A90000,002BBA0A,3C004E20,280186BE,E007F8DB,00001120,000009EC
2541,50365600,FFFCFFFB,000303A9,FFFE000F,00A30000,002BBA0A,3A004E20,2801868F,E007F8DC,000400E0,000009ED
2542,51477300,FFFF0041,000103A5,FFFD0003,00A20000,002BBA0B,3A004E20,2801865E,E007F8DD,000001A0,000009EE
2543,49472000,0001006E,FFFF03C3,FFFDFFFC,00A20000,002BBA0B,3A004E20,28018633,E007F8DD,000002E0,000009EF
2544,48772900,00030091,FFFD03D2,FFFEFFF9,00A30000,002BBA0B,3C004E20,2BFD8614,E007F8DD,00FC0460,000009F0
2545,52187600,000400AB,FFFC03D8,FFFFFFF9,00A40000,002BBA0B,3E004E20,2BFD8608,E007F8DC,00FC0660,000009F1
2546,49954900,000300BC,FFFD03D8,0001FFFE,00A40000,002BBA0B,3E004E20,2BFD8610,E007F8DB,00FC0860,000009F2
2547,49966400,000100C4,FFFE03CF,00030005,00A30000,002BBA0B,3C004E20,2BFD862B,E007F8DB,00FC0AA0,000009F3
2548,52419900,FFFD009B,FFED03D1,00040002,00A20001,002BBA0C,3C004E20,28018655,E007F8DC,00000BA0,000009F4
2549,51576400,000B0054,004C0410,0005FFE5,00ACFFFE,002BBA0C,3A004E20,28018688,E007F8DD,00000BA0,000009F5
2550,51043400,000AFFCA,000C0379,0005002C,00A7FFF5,002BBA0C,3C004E20,2BFD9675,E007F8DD,00E00AA0,000009F6
2551,51285500,FFF1FF83,003703C5,0003006D,008CFFF3,002BBA0C,3E004E20,280196A4,E007F8DD,000C0920,000009F7
2552,49783000,000BFFAC,000B0327,0001002B,0079FFED,FF2BBA0C,3E004E20,280196C4,E007F8DC,000FF7A0,000009F8
2553,52103800,FFF6FFA4,FFFF032E,FFFF000B,0071FFEC,FF2BBA0C,3E004E20,280196D1,E0FFF8DB,0707F5E0,000009F9
2554,55213500,FFF8FF8C,FFFB0388,FFF6FFFF,0070FFEC,FF2BBA0B,3C004E20,280196CA,E0FFF8DB,0703F3E0,000009FA
2555,45197800,FFF3FF8E,FFFA03BB,FFEFFFFC,0070FFED,FF2BBA07,3A004E20,2BFD96B0,E0FFF8DB,07FFF260,000009FB
2556,52821700,FFEFFFB3,FFFB03D4,FFEAFFFD,0072FFED,002BBA03,3A004E20,2BFD9688,E0FFF8DC,07FC0160,000009FC
2557,49424200,FFE8FFEC,FFFD03DF,FFE7FFFF,0073FFED,002BB9FC,3A004E20,2BFD9659,E0FFF8DD,07FC1160,000009FD
2558,51363300,FFD9002F,FFDA03DC,FFE7000B,0074FFF0,002BB9F5,3C004E20,2BFD962C,E007F8DD,00F83220,000009FE
2559,50132700,FFCC0054,001103A7,FFEF0023,006CFFFE,002BB9EF,3E004E20,2BFD9609,E007F8DC,00F86360,000009FF
2560,53515500,00240084,FFF903A7,FFF60026,005FFFF2,002BB9EB,3E004E20,280195F5,E007F8DB,00086520,00000A00
2561,49119800,FFAD00B9,FFF70384,FFF90019,0058FFFF,002BB9E7,3C004E20,280195F4,E007F8DB,00087720,00000A01
2562,49729100,001300C2,0009037C,FFFC000F,0054FFFA,002BB9E5,3A004E20,28019607,E007F8DB,00007920,00000A02
2563,49806600,FFD40094,FFFC03B7,FFFE0008,0050FFFC,002BB9E3,3A004E20,2801962B,E007F8DC,00007A60,00000A03
2564,51208500,FFEF003E,FFFF03AF,FFFE0002,004FFFFD,002BB9E2,3A004E20,28019659,E007F8DD,00006A60,00000A04
2565,49976300,FFEDFFE7,FFFE03C9,FFFE0001,004FFFFC,002BB9E2,3E004E20,2BFD968B,E007F8DD,00FC59A0,00000A05
2566,51068500,FFEEFFB2,FFFE03D8,FFFD0001,0050FFFC,002BB9E2,3E004E20,2BFD96B7,E007F8DD,00FC4860,00000A06
2567,49210500,FFEFFF95,FFFE03DE,FFFD0000,0050FFFC,002BB9E2,3E004E20,2BFD96D6,E007F8DC,00FC46E0,00000A07
2568,50892600,FFF1FF86,000003DE,FFFDFFFF,0051FFFC,002BB9E3,3C004E20,280196E4,E007F8DB,00003520,00000A08
2569,50214800,FFF4FF80,000203DC,FFFEFFFD,0051FFFC,002BB9E3,3A004E20,280196DC,E007F8DB,00002360,00000A09
2570,50740500,FFF8FF8F,000303DA,0000FFFB,0051FFFC,002BB9E4,3A004E20,280196C0,E0FFF8DC,070011E0,00000A0A
2571,50760800,FFF2FFB8,000403D8,FFFAFFFB,0051FFFC,002BB9E3,3C004E20,28019694,E0FFF8DC,070000E0,00000A0B
2572,50923200,FFEDFFF2,000303D7,FFF5FFFC,0052FFFC,002BB9E0,3E004E20,2801965F,E0FFF8DD,070000E0,00000A0C
2573,50792400,FFED0036,000103D6,FFF1FFFF,0052FFFC,002BB9DC,3E004E20,28019628,E007F8DD,000011A0,00000A0D
2574,52198900,FFF4006A,FFFF03D7,FFF50001,0052FFFC,002BB9D8,3E004E20,280195F8,E007F8DC,00003320,00000A0E
2575,49194300,FFF5008D,FFFD03D7,FFF80002,0053FFFC,002BB9D4,3C004E20,280195D6,E007F8DB,000044E0,00000A0F
2576,51184300,FFF100AA,FFFC03D8,FFFA0002,0053FFFC,002BB9D2,3A004E20,280195C8,E007F8DB,000046E0,00000A10
2577,49420300,FFEE00B6,FFFC03D7,FFFB0000,0053FFFB,002BB9D0,3A004E20,280195CE,E007F8DB,000048E0,00000A11
2578,53550400,FFEE0091,FFFD03D7,FFFBFFFE,0053FFFB,002BB9CF,3A004E20,280195E8,E007F8DC,00004A60,00000A12
2579,49461800,FFEF0036,FFFF03D5,FFFBFFFD,0053FFFB,002BB9CE,3C004E20,28019610,E007F8DD,00004A60,00000A13
2580,52176900,FFF1FFE3,FFF903D0,FFFC000A,0052FFFC,002BB9CE,3E004E20,2BFDA52A,E007F8DD,00F83960,00000A14
2581,54948700,FFF5FF8D,00010358,FFFE0058,0040FFFD,002BB9CE,3E004E20,2BFDA55A,E007F8DD,00EC3860,00000A15
2582,46246700,FFFAFF7A,FFFD0353,00000075,0021FFFD,002BB9CE,3C004E20,2801A581,E007F8DC,001026E0,00000A16
2583,48598100,FFFBFFA7,00010301,00010028,000FFFFE,002BB9CE,3A004E20,2401A599,E207D0DB,000C2520,00000A17
2584,51322900,FFFEFF85,00000328,00030005,000CFFFE,002BB9CF,3A004E20,2801A59D,E007F8DB,000412A0,00000A18
2585,53089800,FFFBFF1E,FFFF039E,0005FFFD,000DFFFE,002BB9CF,3C004E20,2801A58C,E007F8DC,00001020,00000A19
2586,48115600,FFFBFF7F,FFFD03D4,0006FFF8,000FFFFE,002AB9CF,3E004E20,2BFDA56A,E007F8DD,00FC1EA0,00000A1A
2587,50755100,FFFAFFAD,FFFD03E7,0005FFF6,0011FFFE,002AB9D0,3E004E20,2BFDA53C,E007F8DD,00FC0DE0,00000A1B
2588,51324000,FFF9FFE8,FFFA03E9,0004FFFE,0012FFFF,002AB9D0,3E004E20,2BFDA50A,E0FFF8DD,07F80DE0,00000A1C
2589,52284700,FFF40025,FFFF03D0,FFFB000B,000F0000,002AB9CF,3C004E20,2BFDA4DD,E007F8DC,00FC0EE0,00000A1D
2590,47624900,FFFA005E,000903CE,FFFB0010,000AFFFF,002BB9CD,3A004E20,2801A4BD,E007F8DB,00000060,00000A1E
2591,51222800,0003008F,000703A4,FFFA0012,0006FFFD,002BB9CC,3A004E20,2BFDA4AF,E007F8DB,00FC1220,00000A1F
2592,50601300,FFFC00AB,000A03AC,FFFA0012,0001FFFC,002BB9CB,3C004E20,2801A4B6,E007F8DB,00001460,00000A20
2593,51057200,FFFF00C5,000703AF,FFFA0007,FFFEFFFB,002BB9CA,3E004E20,2801A4D2,E007F8DC,000016E0,00000A21
2594,50470200,FFF900CD,000303B8,FFFC0000,FFFEFFFB,002BB9C9,3E004E20,2801A4FF,E007F8DD,00001960,00000A22
2595,50298900,FFFA009F,000003CB,FFFDFFFC,FFFEFFFB,002BB9C9,3C004E20,2BFDA536,E007F8DD,00FC1AE0,00000A23
2596,51349700,FFFA003D,FFFE03D6,0000FFFA,FFFFFFFB,002BB9C9,3A004E20,2BFDA56F,E007F8DC,00FC1B20,00000A24
2597,50435800,FFFAFFE5,FFFD03DB,0001FFFB,FFFFFFFB,002BB9C9,3A004E20,2BFDA5A1,E007F8DB,00FC1A60,00000A25
2598,50225800,FFFBFFB2,FFFC03DE,0003FFFD,FFFFFFFB,002BB9C9,3A004E20,2801A5C4,E007F8DB,00001960,00000A26
2599,50812100,FFFBFF96,FFFA03E0,0003FFFF,0000FFFC,002BB9C9,3C004E20,2801A5D4,E007F8DB,000017E0,00000A27
2600,51117200,FFFFFF86,FFFB03DF,00030001,0000FFFD,002BB9C9,3E004E20,2801A5CE,E007F8DC,00001660,00000A28
2601,56476600,0001FF7F,FFFD03DF,00010003,0001FFFF,002BB9C9,3E004E20,2801A5B4,E007F8DD,000004A0,00000A29
2602,45286500,0004FF8F,000003DE,00000002,00010000,002BB9C9,3E004E20,2801A58A,E007F8DD,00000360,00000A2A
2603,49045200,0002FFB7,000103DA,FFFEFFFF,00020000,002BB9C9,3C004E20,2801A558,E007F8DD,000002A0,00000A2B
2604,50892500,0001FFF2,000203D8,FFFCFFFE,00020000,002BB9C9,3A004E20,2801A525,E007F8DC,000002E0,00000A2C
2605,50866700,FFFF0034,000003D5,FFFCFFFD,00020000,002BB9C9,3A004E20,2801A4FB,E007F8DB,000003E0,00000A2D
2606,52357000,FFFD0067,FFFE03D3,FFFCFFFD,00020000,002BB9C9,3C004E20,2801A4E1,E007F8DB,00000560,00000A2E
2607,49551400,FFFD008D,FFFC03D3,FFFDFFFF,00030000,002BB9C9,3E004E20,2801A4DA,E007F8DC,00000760,00000A2F
2608,49665700,FFFE00A3,FFFC03D3,FFFF0001,00030000,002BB9C9,3E004E20,2801A4E7,E007F8DD,00000960,00000A30
2609,50349400,00000084,FFFC03D5,00010004,00030000,002BB9C9,3C004E20,2801A506,E007F8DD,00000AA0,00000A31
2610,49762500,0001002D,FFFE03D6,00020004,00030000,002BB9C9,3A004E20,2801B320,E007F8DD,00000AE0,00000A32
2611,50831500,0002FFDE,000003D7,00030003,00030000,002BB9C9,3A004E20,2801B352,E007F8DC,00000A20,00000A33
2612,49563400,0002FFB1,000203D7,00030000,00020000,002BB9C9,3A004E20,2801B380,E007F8DB,000008E0,00000A34
2613,50982900,0001FF97,000303D6,0003FFFE,00020000,002BB9C9,3C004E20,2801B3A2,E007F8DB,00000760,00000A35
2614,49489600,FFFFFF88,000303D5,0001FFFD,00020000,002BB9C9,3E004E20,2801B3B2,E007F8DB,000005E0,00000A36
2615,50767900,FFFDFF81,000203D4,0000FFFD,00020000,002BB9C9,3E004E20,2801B3AC,E007F8DC,00000460,00000A37
2616,50382600,FFFDFF8D,000003D2,FFFEFFFF,00020000,002BB9C9,3C004E20,2801B390,E007F8DD,000002E0,00000A38
2617,49651600,FFFEFFB3,FFFE03D1,FFFD0001,00020000,002BB9C9,3A004E20,2801B363,E007F8DD,00000260,00000A39
2618,50735800,FFFFFFEE,FFFD03D1,FFFD0002,00020000,002BB9C9,3A004E20,2801B32B,E007F8DC,00000260,00000A3A
2619,51262900,00000040,FFF503A4,FFFC007F,FFFB0000,002BB9C9,3A004E20,2BFDB2F1,E007F8DC,00C80560,00000A3B
2620,50495400,FFFBFFDC,FFFB031D,00000038,FFDD0004,002BB9C9,3C004E20,2801B2BD,E007F8DB,001C03E0,00000A3C
2621,50557000,000A00A0,00030469,0002FFFB,FFD90004,002BB9C9,3E004E20,2801B298,E007F8DB,004805E0,00000A3D
2622,50332900,000200B5,0006042D,0003FFE5,FFDE0003,002BB9C9,3E004E20,2801B288,E007F8DC,005007E0,00000A3E
2623,50180000,000000B9,000703FC,0004FFE0,FFE60002,002BB9C9,3C004E20,2801B28D,E007F8DD,00440A20,00000A3F
2624,50928800,FFFE0090,000603E1,0005FFE5,FFED0002,002BB9C9,3A004E20,2801B2A9,E007F8DD,00380BA0,00000A40
2625,51044400,FFFD0034,000503D3,0004FFEE,FFF30001,002BB9C9,3A004E20,2801B2D5,E007F8DD,00280BE0,00000A41
2626,50966400,FFFDFFE1,000203CB,0002FFF6,FFF80001,002BB9C9,3C004E20,2801B30A,E007F8DC,001C0B20,00000A42
2627,52342400,FFFFFFAF,000003C6,00010001,FFFA0001,002BB9C9,3E004E20,2801B340,E007F8DB,00100A20,00000A43
2628,50168900,0000FF8B,FFFE03AF,FFFF0010,FFF90000,002BB9C9,3E004E20,2801B36E,E007F8DB,000808A0,00000A44
2629,49644200,0002FF7E,FFFD03B2,FFFD0011,FFF40000,002BB9C9,3E004E20,2801B38D,E007F8DB,000C0720,00000A45
2630,49711100,0003FF7F,FFFD03A0,FFFC0004,FFF10000,002BB9C9,3C004E20,2801B397,E007F8DC,00080560,00000A46
2631,50638900,0003FF7B,FFFE03B1,FFFCFFFE,FFF10000,002BB9C9,3A004E20,2801B38C,E007F8DD,000403E0,00000A47
2632,53104800,0001FF88,000003C1,FFFD0006,FFF00000,002BB9C9,3A004E20,2BFDB36E,E007F8DD,00FC0260,00000A48
2633,48329000,0000FFA3,000203A0,FFFF0020,FFE90000,002BB9C9,3A004E20,2BFDB343,E007F8DC,00FC01E0,00000A49
2634,50573600,FFFEFFE6,000303AB,00010025,FFDE0000,002BB9C9,3C004E20,2801B312,E007F8DB,00040220,00000A4A
2635,56356200,FFFD003F,00020386,0002000F,FFD90000,002BB9C9,3E004E20,2801B2E3,E007F8DB,00040320,00000A4B
2636,46779000,FFFD0071,0001039F,00030005,FFD70000,002BB9C9,3E004E20,2801B2C0,E007F8DB,000004A0,00000A4C
2637,50958200,FFFE0090,FFFF03BD,00030009,FFD70000,002BB9C9,3C004E20,2BFDB2AF,E007F8DC,00FC06A0,00000A4D
2638,53402200,00000096,FFFD03A1,0002001E,FFD00000,002BB9C9,3A004E20,2BFDB2B3,E007F8DD,00F808E0,00000A4E
2639,47618300,0002007A,FFFC03AC,00000020,FFC60000,002BB9C9,3A004E20,2801B2CD,E007F8DD,00040A20,00000A4F
2640,51864800,00020036,FFFC0385,FFFE0008,FFC00000,002BB9C9,3C004E20,2801BFEB,E007F8DD,00000A60,00000A50
2641,49398300,0002FFE5,FFFD039D,FFFDFFFF,FFBE0000,002BB9C9,3E004E20,2801C023,E007F8DC,000009E0,00000A51
2642,52446500,0000FFB0,FFFF03BB,FFFC0007,FFBE0000,002BB9C9,3E004E20,2BFDC05E,E007F8DB,00F808E0,00000A52
2643,49365400,FFFEFF86,000203A0,FFFC0021,FFB70000,002BB9C9,3E004E20,2BFDC093,E007F8DB,00F807A0,00000A53
2644,52042300,FFFDFF7C,000303AD,FFFD0026,FFAC0000,002BB9C9,3C004E20,2801C0B9,E007F8DC,00040620,00000A54
2645,53421200,FFFDFF8B,00040388,FFFE000F,FFA60000,002BB9C9,3A004E20,2801C0CA,E007F8DD,000404A0,00000A55
2646,46676900,FFFEFF97,000303A3,00000003,FFA50000,002BB9C9,3A004E20,2801C0C4,E007F8DD,000003A0,00000A56
2647,50299900,0000FFB7,000203C3,00020002,FFA50000,002BB9C9,3C004E20,2BFDC0A8,E007F8DD,00FC0320,00000A57
2648,50010100,0002FFE9,000003BE,0004000B,FFA20000,002BB9C9,3E004E20,2BFDC07A,E007F8DC,00FC0360,00000A58
2649,50398900,0003002C,FFFE03C7,0004000C,FF9D0000,002BB9C9,3E004E20,2801C042,E007F8DB,000004A0,00000A59
2650,50241900,00030069,FFFD03B3,00040002,FF9B0000,002BB9C9,3C004E20,2801C008,E007F8DB,00000660,00000A5A
2651,49963000,0002008F,FFFE03BE,00030000,FF9B0000,002BB9C9,3A004E20,2801BFD6,E007F8DB,00000860,00000A5B
2652,50525100,000000A4,FFFF03CD,00010001,FF9C0000,002BB9C9,3A004E20,2BFDBFB4,E007F8DC,00FC0AA0,00000A5C
2653,50850300,FFFF0086,000103D5,FFFF0002,FF9C0000,002BB9C9,3A004E20,2BFDBFA6,E007F8DD,00FC0C20,00000A5D
2654,53203400,FFFE0030,000303D9,FFFE0002,FF9D0000,002BB9C9,3C004E20,2BFDBFAF,E007F8DD,00FC0CA0,00000A5E
2655,49440600,FFFEFFE1,000403DA,FFFD0001,FF9D0000,002BB9C9,3E004E20,2801BFCB,E007F8DC,00000C20,00000A5F
2656,50828900,FFFFFFB3,000403DB,FFFEFFFF,FF9D0000,002BB9C9,3E004E20,2801BFF7,E007F8DB,00000B20,00000A60
2657,50001800,0001FF97,000203DB,FFFFFFFD,FF9D0000,002BB9C9,3E004E20,2801C029,E007F8DB,000009E0,00000A61
2658,51329000,0002FF86,000003DB,0000FFFD,FF9D0000,002BB9C9,3C004E20,2801C059,E007F8DB,00000860,00000A62
2659,50504300,0003FF7B,FFFE03DA,0002FFFE,FF9D0000,002BB9C9,3A004E20,2801C07F,E007F8DC,000006E0,00000A63
2660,49807300,0002FF75,FFFC03D9,00030001,FF9D0000,002BB9C9,3A004E20,2801C093,E007F8DD,00000560,00000A64
2661,49995800,FFF6FF73,FFFB03D7,FFFC0003,FF9D0000,FF2BB9C8,3C004E20,2801C091,E007F8DD,0003F3E0,00000A65
2662,50104100,FFECFF84,FFFC03D5,FFF60003,FF9D0000,002BB9C5,3E004E20,2801C079,E007F8DD,000002E0,00000A66
2663,51043000,FFE8FFAD,FFFE03D4,FFF00001,FF9D0000,002BB9C0,3E004E20,2801C04F,E007F8DC,00001260,00000A67
2664,51196900,FFEEFFEC,000103D3,FFF2FFFF,FF9D0000,002BB9BC,3E004E20,2801C019,E007F8DB,000032A0,00000A68
2665,50355100,FFF10031,000203D2,FFF4FFFC,FF9D0000,002BB9B8,3C004E20,2801BFDF,E007F8DB,000043A0,00000A69
2666,51113400,FFEF0067,000303D3,FFF5FFFB,FF9E0001,002BB9B5,3A004E20,2801BFAC,E007F8DC,00004560,00000A6A
2667,47711000,FFF0008F,000203D4,FFF6FFFB,FF9E0001,002BB9B4,3A004E20,2801BF86,E007F8DC,00004760,00000A6B
2668,49928000,FFF100A5,000103D6,FFF8FFFE,FF9E0001,002BB9B2,3C004E20,2801BF75,E007F8DD,000049E0,00000A6C
2669,51610700,FFF20086,FFFF03D7,FFFA0001,FF9E0001,002BB9B2,3E004E20,2801BF7B,E007F8DD,00004B60,00000A6D
2670,50404700,FFF3002D,FFFD03D9,FFFD0003,FF9E0001,002BB9B1,3E004E20,2801CB61,E007F8DC,00004BA0,00000A6E
2671,51782100,FFF3FFDC,FFFC03D9,00000003,FF9F0001,002BB9B1,3C004E20,2801CB90,E007F8DB,00003B20,00000A6F
2672,49774600,FFF4FFAC,FFFD03D9,00020002,FF9F0001,002BB9B1,3A004E20,2801CBCB,E007F8DB,00003A20,00000A70
2673,51518200,FFF5FF91,FFFF03D7,00030000,FF9F0000,002BB9B2,3A004E20,2801CC08,E007F8DB,000028E0,00000A71
2674,50996400,FFF7FF83,000103D5,0004FFFF,FF9E0000,002BB9B2,3A004E20,2801CC3D,E007F8DC,000027A0,00000A72
2675,51166900,FFFAFF7C,000303D3,0004FFFE,FF9E0000,002BB9B2,3C004E20,2801CC63,E007F8DC,00001620,00000A73
2676,50453600,FFFEFF7B,000403D1,0003FFFF,FF9E0000,002BB9B3,3E004E20,2801CC74,E007F8DD,000014A0,00000A74
2677,49574200,0000FF8B,000403D1,00010001,FF9E0000,002BB9B3,3E004E20,2801CC6D,E007F8DD,00001360,00000A75
2678,50684400,0002FFB4,000303D2,FFFF0003,FF9E0000,002BB9B3,3C004E20,2801CC51,E007F8DC,000002E0,00000A76
2679,50746100,0002FFEF,000103D3,FFFE0004,FF9E0000,002BB9B4,3C004E20,2801CC25,E007F8DB,00000360,00000A77
2680,50164900,00010031,FFFF03D5,FFFD0003,FF9E0000,002BB9B4,3A004E20,2801CBF2,E007F8DB,00000460,00000A78
2681,50500100,FFFF0064,FFFE03D6,FFFE0001,FF9E0000,002BB9B4,3C004E20,2801CBBF,E007F8DC,00000620,00000A79
2682,49286300,FFFE008B,FFFD03D7,FFFFFFFE,FF9F0000,002BB9B4,3C004E20,2801CB97,E007F8DD,00000820,00000A7A
2683,50293600,FFFE00A2,FFFE03D7,0000FFFC,FF9F0000,002BB9B4,3E004E20,2801CB80,E007F8DD,00000A60,00000A7B
2684,49798700,FFFF0085,000003D7,0002FFFC,FF9F0000,002BB9B4,3E004E20,2801CB7F,E007F8DD,00000BE0,00000A7C
2685,50789300,0000002F,000203D6,0004FFFE,FF9F0000,002BB9B4,3C004E20,2801CB94,E007F8DD,00000C60,00000A7D
2686,54626600,0002FFE0,000303D5,00040000,FF9F0000,002BB9B4,3A004E20,2801CBBC,E007F8DC,00000BE0,00000A7E
2687,45974800,0003FFB2,000303D3,00040003,FF9F0000,002BB9B5,3A004E20,2801CBF1,E007F8DB,00000AE0,00000A7F
2688,50955300,0003FF97,000303D3,00030003,FF9F0000,002BB9B5,3A004E20,2801CC2B,E007F8DB,000009A0,00000A80
2689,50012000,0009FF84,002003CC,0002000D,FF9EFFFD,002BB9B5,3C004E20,2BFDCC5F,E007F8DC,00FC0820,00000A81
2690,49858600,FFF9FF6B,FFC8039A,00000028,FF95FFFC,002BB9B4,3E004E20,2BFDCC85,E007F8DD,00FC06E0,00000A82
2691,50112100,FFEDFF79,FFFD03CB,FFFE0006,FF8E0003,002BB9B4,3E004E20,2801CC97,E007F8DD,00100520,00000A83
2692,50557000,000FFF90,FFE003AD,FFFEFFDC,FF930002,002BB9B5,3C004E20,2801CC91,E007F8DC,000003E0,00000A84
2693,51281200,FFEFFF87,FFF203E8,FFFDFFEA,FF9B0008,002BB9B5,3A004E20,2BFDCC74,E007F8DB,00FC02A0,00000A85
2694,51209800,000BFFA2,FFFC0414,FFFEFFF7,FF9E000A,002BB9B5,3A004E20,2BFDCC44,E007F8DB,00FC0220,00000A86
2695,51559500,0002FFE6,000003F9,FFFFFFFE,FFA0000A,002BB9B5,3C004E20,2801CC08,E007F8DB,00000260,00000A87
2696,50919300,0002002E,000203E7,00010003,FFA00009,002BB9B5,3E004E20,2801CBCA,E007F8DB,00000360,00000A88
2697,51146600,002E0057,006803B1,00010026,FF9AFFF6,002BB9B5,3E004E20,2BFDCB94,E007F8DC,00F80520,00000A89
2698,50665000,00030086,003003B4,0003001C,FF91FFE1,FF2BB9B5,3E004E20,2801CB6C,E007F8DD,000FF760,00000A8A
2699,50181700,FFF000B9,001F03AE,0005FFFD,FF90FFD2,FF2BB9B5,3C004E20,2801CB5A,E007F8DD,0003F9A0,00000A8B
2700,50467100,FFC80081,FFB60372,0002001A,FF8CFFDC,FF2BB9B5,3A004E20,2BFDD602,E007F8DC,00FBFB20,00000A8C
2701,49472600,00030026,FFD703E6,00010005,FF86FFE8,FF2BB9B5,3A004E20,2801D61E,E007F8DB,000FFBA0,00000A8D
2702,50267700,FFFAFFF7,FFBD03B6,0000FFE0,FF8BFFF9,FF2BB9B5,3C004E20,2801D64A,E007F8DB,0003FB20,00000A8E
2703,50743400,0012FFB1,FFEC03E3,FFFEFFEE,FF930003,002BB9B5,3E004E20,2BFDD680,E007F8DC,00FC0A20,00000A8F
2704,48890600,0019FF89,FFFD0413,FFFCFFFB,FF960005,002BB9B5,3E004E20,2BFDD6B5,E007F8DC,00FC08E0,00000A90
2705,50169100,0007FF7E,000203F9,FFFC0001,FF970005,002BB9B5,3E004E20,2801D6E1,E007F8DD,000007A0,00000A91
2706,50268400,0004FF7A,000403E8,FFFC0003,FF970004,002BB9B5,3C004E20,2801D6FB,E007F8DD,00000620,00000A92
2707,51375500,0003FF79,000503DE,FFFD0002,FF970004,002BB9B5,3A004E20,2801D700,E007F8DD,000004A0,00000A93
2708,50267900,0001FF8C,000603D7,FFFFFFFF,FF970003,002BB9B5,3A004E20,2801D6EE,E007F8DC,000003A0,00000A94
2709,51024000,FFFFFFB4,000503D3,0001FFFD,FF960003,002BB9B5,3A004E20,2801D6C8,E007F8DB,00000320,00000A95
2710,50284400,FFFEFFF0,000303D0,0002FFFC,FF960003,002BB9B5,3C004E20,2801D694,E007F8DB,00000360,00000A96
2711,50227500,FFFD0032,000003CF,0003FFFD,FF960003,002BB9B5,3E004E20,2801D65B,E007F8DC,00000460,00000A97
2712,51409600,FFFF0065,000703CE,00030002,FF960002,002BB9B5,3E004E20,2801D627,E007F8DD,00000620,00000A98
2713,50912200,00040088,000603C5,0002000B,FF95FFFE,002BB9B5,3C004E20,2BFDD600,E007F8DD,00FC0860,00000A99
2714,51342200,FFFA009D,000303BF,00010010,FF91FFFD,002BB9B5,3A004E20,2801D5EE,E007F8DC,00000AA0,00000A9A
2715,50635800,00030086,000403BA,FFFF000A,FF8EFFFA,002BB9B5,3A004E20,2801D5F3,E007F8DC,00000C20,00000A9B
2716,52627000,FFFE0031,000003BB,FFFE0003,FF8DFFFA,002BB9B5,3C004E20,2801D611,E007F8DB,00000CA0,00000A9C
2717,49416100,0001FFE1,000103C9,FFFDFFFF,FF8CFFFA,002BB9B5,3E004E20,2801D641,E007F8DB,00000C20,00000A9D
2718,51938600,0001FFB2,000203D3,FFFDFFFD,FF8CFFFA,002BB9B5,3E004E20,2801D67E,E007F8DB,00000B20,00000A9E
2719,50025500,FFFBFFA1,000A03FF,FFFDFFF7,FF92FFFC,002BB9B5,3E004E20,2BFDD6BE,E007F8DC,00F809E0,00000A9F
2720,50675200,0005FF53,0003034A,FFFF0056,FF82FFFB,002BB9B5,3C004E20,2BFDD6F7,E007F8DD,00E008A0,00000AA0
2721,49521100,FFF9FF47,00020376,00010090,FF5CFFFC,002BB9B5,3A004E20,2801D721,E007F8DD,00100760,00000AA1
2722,49675000,FFF8FFA4,00040302,00020020,FF4B0000,002BB9B4,3A004E20,2401D735,E207D0DC,001405E0,00000AA2
2723,49406200,000AFF63,FFFE02B9,00040036,FF40FFFF,002BB9B4,3C004E20,27FDD731,E207D0DC,00EC03A0,00000AA3
2724,49848400,FFFAFEA8,00000346,00040065,FF270001,002AB9B4,3E004E20,2801D717,E007F8DB,00040FA0,00000AA4
2725,49323800,000CFEA8,00110331,00030030,FF140000,002AB9B4,3E004E20,2801D6EA,E007F8DB,00040C60,00000AA5
2726,58056600,0009FF68,000702F7,00020031,FF07FFFB,002AB9B4,3C004E20,27FDD6B3,E207D0DC,00F80BA0,00000AA6
2727,43226200,0003FF7C,00150340,00000045,FEF5FFF4,002AB9B4,3A004E20,2BFDD67C,E007F8DD,00FC0A20,00000AA7
2728,51143300,FFEEFF4D,FFDD0346,FFFE0025,FEE5FFF5,002AB9B4,3A004E20,2801D64E,E007F8DD,000408E0,00000AA8
2729,50063700,FFFBFFCD,00040391,FFFDFFE9,FEE4FFF9,002AB9B3,3A004E20,2801D630,E007F8DD,000808A0,00000AA9
2730,50766600,0000FFF6,FFEC03BE,FFFDFFD1,FEF0FFFB,002AB9B4,3C004E20,2BFDDF8C,E007F8DC,00F808E0,00000AAA
2731,49774000,FFFA000F,FFFA0425,FFFDFFE6,FEFB0000,002AB9B4,3E004E20,2BFDDF9B,E007F8DB,00F40A20,00000AAB
2732,50561500,00090041,FFFF0435,FFFEFFF3,FF010001,002AB9B4,3E004E20,2BFDDFBF,E007F8DB,00F80BE0,00000AAC
2733,51219600,00020066,FFFF03EA,FFFF0023,FEFE0001,002AB9B4,3E004E20,2BFDDFF1,E007F8DB,00EC0E20,00000AAD
2734,49938900,00020078,FFFE0392,00010045,FEEE0001,002BB9B4,3C004E20,2BFDE029,E007F8DC,00FC00A0,00000AAE
2735,50316300,000200AA,FFFE0380,0002002B,FEDB0001,002BB9B4,3A004E20,2801E05D,E007F8DD,000803A0,00000AAF
2736,51229300,000200D9,FFFF0339,0003000B,FED30001,002BB9B4,3A004E20,2801E085,E007F8DD,000406E0,00000AB0
2737,51171900,000000D3,00010383,0003FFFF,FED20000,002BB9B4,3C004E20,2801E098,E007F8DC,000009E0,00000AB1
2738,50581400,FFFE00A1,000303B6,0002FFFC,FED20000,002BB9B4,3E004E20,2BFDE094,E007F8DB,00FC0BE0,00000AB2
2739,49928200,FFFD003F,000403D2,0000FFFE,FED30000,002BB9B4,3E004E20,2BFDE077,E007F8DB,00FC0CE0,00000AB3
2740,49263100,FFFCFFE8,000403DF,FFFE0000,FED40000,002BB9B4,3C004E20,2BFDE047,E007F8DB,00FC0CE0,00000AB4
2741,50290700,FFFDFFB5,000303E3,FFFD0000,FED50000,002BB9B4,3A004E20,2BFDE009,E007F8DC,00FC0C60,00000AB5
2742,51860900,FFFFFF97,000103E2,FFFCFFFF,FED60000,002BB9B4,3A004E20,2BFDDFC8,E007F8DD,00FC0BA0,00000AB6
2743,50812200,0001FF84,FFFE03DF,FFFCFFFE,FED60000,002BB9B4,3A004E20,2801DF8D,E007F8DD,00000AA0,00000AB7
2744,50173000,0002FF7A,FFFD03DB,FFFDFFFD,FED60000,002BB9B4,3C004E20,2801DF62,E007F8DD,00000960,00000AB8
2745,50576100,0002FF72,FFFC03D7,FFFEFFFD,FED60000,002BB9B4,3E004E20,2801DF4D,E007F8DC,00000860,00000AB9
2746,49783900,0001FF6E,FFFD03D4,0000FFFF,FED70000,002BB9B4,3E004E20,2801DF50,E007F8DB,00000720,00000ABA
2747,50623100,0000FF6E,FFFE03D3,00020002,FED70000,002BB9B4,3C004E20,2801DF6B,E007F8DB,00000620,00000ABB
2748,51035900,FFFEFF71,000003D2,00030004,FED70000,002BB9B4,3A004E20,2801DF99,E007F8DC,000004E0,00000ABC
2749,51134200,FFFDFF83,000203D3,00040004,FED70000,002BB9B4,3A004E20,2801DFD2,E007F8DD,00000420,00000ABD
2750,51642400,FFFEFFAE,000303D4,00040003,FED70000,002BB9B4,3A004E20,2801E00D,E007F8DD,00000420,00000ABE
2751,50606200,FFFFFFEC,000203D5,00020000,FED70000,002BB9B4,3C004E20,2801E03F,E007F8DD,000004A0,00000ABF
2752,49734700,0001002E,000103D6,0001FFFD,FED70000,002BB9B4,3E004E20,2801E061,E007F8DC,00000620,00000AC0
2753,50802700,00030063,FFFF03D7,FFFFFFFB,FED70000,002BB9B4,3E004E20,2801E06D,E007F8DB,00000860,00000AC1
2754,50475600,00030085,FFFD03D7,FFFEFFFC,FED80000,002BB9B4,3C004E20,2801E062,E007F8DB,00000AA0,00000AC2
2755,58150900,0003006D,FFFC03D6,FFFDFFFE,FED80000,002BB9B4,3C004E20,2801E041,E007F8DB,00000C60,00000AC3
2756,45840400,0002001E,FFFD03D5,FFFE0001,FED80000,002BB9B4,3A004E20,2801E011,E007F8DC,00000D20,00000AC4
2757,50446900,0000FFD3,FFFE03D3,FFFF0003,FED80000,002BB9B4,3C004E20,2801DFDB,E007F8DD,00000CE0,00000AC5
2758,49710400,FFFEFFA8,000003D2,00000003,FED70000,002BB9B4,3E004E20,2801DFA7,E007F8DD,00000C20,00000AC6
2759,49864300,FFFDFF8F,000203D2,00020002,FED70000,002BB9B4,3E004E20,2801DF7F,E007F8DC,00000B60,00000AC7
2760,50418900,FFFEFF84,000403D2,0003FFFF,FED70000,002BB9B4,3E004E20,2801E789,E007F8DB,00000A60,00000AC8
2761,50859900,FFFFFF7A,000403D3,0004FFFD,FED70000,002BB9B4,3C004E20,2801E78C,E007F8DB,00000960,00000AC9
2762,51154900,0001FF77,000303D4,0004FFFC,FED70000,002BB9B4,3A004E20,2801E7A7,E007F8DB,00000820,00000ACA
2763,50886600,0002FF74,000103D6,0003FFFE,FED70000,002BB9B4,3A004E20,2801E7D7,E007F8DC,00000720,00000ACB
2764,49739200,0002FF6F,FFFF03D6,00010000,FED70000,002BB9B4,3A004E20,2801E814,E007F8DD,000005E0,00000ACC
2765,50182900,0001FF72,FFFE03D6,FFFF0003,FED70000,002BB9B4,3C004E20,2801E855,E007F8DD,000004A0,00000ACD
2766,51248900,FFFFFF81,FFFD03D6,FFFD0004,FED70000,002BB9B4,3E004E20,2801E891,E007F8DD,000003E0,00000ACE
2767,50463600,FFFEFFA9,FFFE03D4,FFFC0003,FED70000,002BB9B4,3E004E20,2801E8BD,E007F8DC,000003E0,00000ACF
2768,51818200,FFFDFFEA,FFFF03D3,FFFC0001,FED70000,002BB9B4,3C004E20,2801E8D3,E007F8DB,000004A0,00000AD0
2769,52857100,FFFD002B,000103D1,FFFCFFFF,FED70000,002BB9B4,3A004E20,2801E8D0,E007F8DB,00000620,00000AD1
2770,49680700,FFFE0066,000303D0,FFFEFFFD,FED70000,002BB9B4,3A004E20,2801E8B4,E007F8DC,00000820,00000AD2
2771,51382500,00000087,000403D0,0000FFFD,FED80000,002BB9B4,3C004E20,2801E885,E007F8DC,00000A60,00000AD3
2772,50845200,00020074,000303D1,0001FFFE,FED80000,002BB9B4,3E004E20,2801E849,E007F8DD,00000C20,00000AD4
2773,51061300,00030024,000103D3,00020001,FED80000,002BB9B4,3E004E20,2801E80C,E007F8DD,00000CE0,00000AD5
2774,50914700,0003FFD8,FFFF03D4,00030004,FED80000,002BB9B4,3E004E20,2801E7D6,E007F8DC,00000CA0,00000AD6
2775,50122600,0001FFA9,FFFD03D5,00020004,FED70000,002BB9B4,3C004E20,2801E7B0,E007F8DB,00000C20,00000AD7
2776,50919300,0000FF8E,FFFC03D6,00010003,FED70000,002BB9B4,3A004E20,2801E7A0,E007F8DB,00000B20,00000AD8
2777,51470500,FFFEFF7F,FFFC03D6,FFFF0001,FED70000,002BB9B4,3A004E20,2801E7A8,E007F8DB,00000A20,00000AD9
2778,50181900,FFFEFF76,FFFD03D5,FFFEFFFE,FED70000,002BB9B4,3C004E20,2801E7C7,E007F8DC,00000920,00000ADA
2779,49598700,FFFFFF72,FFFF03D4,FFFDFFFC,FED70000,002BB9B4,3E004E20,2801E7F5,E007F8DD,000007E0,00000ADB
2780,50698600,0000FF70,000103D3,FFFCFFFC,FED70000,002BB9B4,3E004E20,2801E82C,E007F8DD,000006E0,00000ADC
2781,49713600,0002FF70,000303D2,FFFDFFFE,FED70000,002BB9B4,3C004E20,2801E861,E007F8DD,000005A0,00000ADD
2782,51085200,0003FF74,000303D1,FFFE0001,FED70000,002BB9B4,3A004E20,2801E88B,E007F8DC,000004A0,00000ADE
2783,51026200,0003FF84,000203D1,00000002,FED70000,002BB9B4,3A004E20,2801E8A1,E007F8DB,000003E0,00000ADF
2784,50218100,0002FFAE,000103D2,00020002,FED70000,002BB9B4,3A004E20,2801E8A1,E007F8DB,000003A0,00000AE0
2785,51348900,0001FFEA,FFFF03D3,00030001,FED70000,002BB9B4,3C004E20,2801E888,E007F8DC,00000460,00000AE1
2786,51281500,FFFF002A,FFFD03D5,0004FFFE,FED70000,002BB9B4,3E004E20,2801E85A,E007F8DD,000005E0,00000AE2
2787,49950600,FFFD0061,FFFD03D6,0004FFFC,FED70000,002BB9B4,3E004E20,2801E81F,E007F8DD,000007E0,00000AE3
2788,51088200,FFFD0083,FFFE03D7,0003FFFC,FED80000,002BB9B4,3E004E20,2801E7DF,E007F8DD,00000A60,00000AE4
2789,52504100,FFFE006E,FFFF03D7,0002FFFD,FED80000,002BB9B4,3C004E20,2801E7A4,E007F8DC,00000C20,00000AE5
2790,49354200,0000001F,000203D6,00000000,FED80000,002BB9B4,3A004E20,2801EE42,E007F8DB,00000CA0,00000AE6
2791,50005500,0001FFD7,000403D5,FFFE0003,FED80000,002BB9B4,3A004E20,2801EE2C,E007F8DB,00000C60,00000AE7
2792,49658300,0002FFAD,000403D3,FFFD0005,FED70000,002BB9B4,3C004E20,2801EE2F,E007F8DB,00000BE0,00000AE8
2793,51504300,0002FF92,000403D2,FFFD0005,FED70000,002BB9B4,3E004E20,2801EE4B,E007F8DC,00000B20,00000AE9
2794,50481800,0001FF87,000303D1,FFFE0003,FED70000,002BB9B4,3E004E20,2801EE7C,E007F8DD,00000A20,00000AEA
2795,50930200,FFFFFF78,000003D1,FFFF0000,FED70000,002BB9B4,3E004E20,2801EEB9,E007F8DD,000008E0,00000AEB
2796,50502500,FFFDFF77,FFFE03D9,0001FFF6,FED80000,002BB9B4,3C004E20,2801EEFA,E007F8DC,000407E0,00000AEC
2797,52553500,FFFDFF77,FFFD03E6,0002FFF0,FEDB0000,002BB9B4,3A004E20,2801EF33,E007F8DB,000006A0,00000AED
2798,51072800,FFFEFF6D,FFFD03E8,0003FFF5,FEDE0000,002BB9B4,3A004E20,2801EF5D,E007F8DB,00000560,00000AEE
2799,49871200,FFFFFF6C,FFFE03F4,0003FFFE,FEE00000,002BB9B4,3C004E20,2801EF70,E007F8DB,00000460,00000AEF
2800,50248500,0001FF7E,000003E5,00030002,FEE00000,002BB9B4,3E004E20,2801EF6A,E007F8DC,000003A0,00000AF0
2801,50356300,0003FFAC,000103DB,00010004,FEE00000,002BB9B4,3E004E20,2801EF4E,E007F8DD,00000360,00000AF1
2802,49439600,0003FFF2,000303E9,FFFFFFF0,FEE30000,002BB9B4,3C004E20,2801EF20,E007F8DD,00080420,00000AF2
2803,50477900,0002003D,000303F5,FFFEFFE3,FEEA0000,002BB9B4,3A004E20,2801EEE9,E007F8DD,00000560,00000AF3
2804,51005000,00010063,000203FA,FFFCFFEE,FEF10000,002BB9B4,3A004E20,2BFDEEB3,E007F8DC,00FC07A0,00000AF4
2805,50680000,FFFF007C,00000406,FFFCFFF6,FEF30000,002BB9B4,3A004E20,2801EE87,E007F8DB,000009E0,00000AF5
2806,50219700,FFFE0071,FFFE03E9,FFFCFFFC,FEF40000,002BB9B4,3C004E20,2801EE6D,E007F8DB,00000BA0,00000AF6
2807,50239400,FFFE001C,FFFC03D9,FFFDFFFE,FEF30000,002BB9B4,3E004E20,2801EE6B,E007F8DC,00000C20,00000AF7
2808,51153300,FFFFFFDC,FFFC03EE,FFFFFFEE,FEF70000,002BB9B4,3E004E20,2801EE81,E007F8DD,00040BE0,00000AF8
2809,50786700,0001FFAF,FFFC03EF,0000FFE7,FEFE0000,002BB9B4,3E004E20,2BFDEEAD,E007F8DD,00FC0B20,00000AF9
2810,52047100,0002FF89,FFFE0406,0002FFF9,FF030000,002BB9B4,3C004E20,2BFDEEE6,E007F8DD,00FC0A20,00000AFA
2811,49785600,0003FF78,00000402,00030000,FF040000,002BB9B4,3A004E20,2801EF26,E007F8DC,00000920,00000AFB
2812,50771600,0002FF77,000203E8,00030001,FF040000,002BB9B4,3C004E20,2801EF60,E007F8DB,000007E0,00000AFC
2813,51021900,0001FF74,000303DD,0002FFF9,FF040000,002BB9B4,3C004E20,2801EF8C,E007F8DB,000406E0,00000AFD
2814,51658900,FFFFFF80,000303F4,0001FFE7,FF080000,002BB9B4,3E004E20,2801EFA2,E007F8DB,00080560,00000AFE
2815,50784800,FFFEFF7B,000203ED,FFFFFFE7,FF100000,002BB9B4,3E004E20,2801EF9F,E007F8DC,00000460,00000AFF
2816,50308300,FFFDFF7E,00000408,FFFEFFF8,FF130000,002BB9B4,3C004E20,2801EF83,E007F8DD,00000360,00000B00
2817,53284800,FFFDFFA7,FFFE03F5,FFFD0001,FF140000,002BB9B4,3A004E20,2801EF52,E007F8DD,00000320,00000B01
2818,54476500,FFFEFFE7,FFFD03DE,FFFD0005,FF140000,002BB9B4,3A004E20,2801EF13,E007F8DC,000003A0,00000B02
2819,48293900,0000002E,FFFD03DB,FFFEFFFA,FF150000,002BB9B4,3A004E20,2801EED1,E007F8DC,00080520,00000B03
2820,49508000,0002006C,FFFF03F4,FFFFFFE9,FF1B0000,002BB9B4,3C004E20,2801F3F9,E007F8DB,00040720,00000B04
2821,49386900,00020089,000103F1,0001FFEB,FF220000,002BB9B4,3E004E20,2BFDF3CD,E007F8DB,00FC0960,00000B05
2822,49542100,0002006A,0003040E,0003FFF6,FF260000,002BB9B4,3E004E20,2BFDF3B7,E007F8DC,00FC0AE0,00000B06
2823,51731800,0000001D,000403F6,0004FFFC,FF260000,002BB9B4,3C004E20,2801F3BA,E007F8DD,00000B60,00000B07
2824,49826500,FFFEFFD9,000403E2,00040000,FF260000,002BB9B4,3A004E20,2801F3D5,E007F8DD,00000AE0,00000B08
2825,51484300,FFFDFFB4,000303E6,0004FFF2,FF270000,002BB9B4,3A004E20,2801F403,E007F8DD,00080A20,00000B09
2826,50583000,FFFDFF9E,000103F6,0003FFE9,FF2E0000,002BB9B4,3C004E20,2801F43B,E007F8DC,00000920,00000B0A
2827,50250900,FFFEFF84,FFFF03F6,0001FFF4,FF340000,002BB9B4,3E004E20,2BFDF473,E007F8DB,00FC0820,00000B0B
2828,52875000,0001FF6F,FFFD0407,FFFFFFFE,FF360000,002BB9B4,3E004E20,2801F4A1,E007F8DB,000006A0,00000B0C
2829,49024800,0002FF72,FFFC03EA,FFFD0000,FF360000,002BB9B4,3E004E20,2801F4BE,E007F8DB,00000560,00000B0D
2830,49973500,0003FF71,FFFD03D8,FFFDFFFF,FF360000,002BB9B4,3C004E20,2801F4C4,E007F8DC,00040420,00000B0E
2831,51099900,0003FF8A,FFFE03E8,FFFDFFEB,FF380000,002BB9B4,3A004E20,2801F4B1,E007F8DD,00080320,00000B0F
2832,50491900,0002FFB7,000003F0,FFFEFFE1,FF3F0000,002BB9B4,3A004E20,2801F488,E007F8DD,000002E0,00000B10
2833,51976200,0000FFE9,000203FE,FFFFFFF1,FF450000,002BB9B4,3C004E20,2801F451,E007F8DC,00000360,00000B11
2834,49499300,FFFF002B,00030405,0001FFFD,FF470000,002BB9B4,3E004E20,2801F413,E007F8DB,000004A0,00000B12
2835,50319400,FFFE0061,000203EA,00020003,FF470000,002BB9B4,3E004E20,2801F3D9,E007F8DB,000006A0,00000B13
2836,50828000,FFFE008E,000103DC,00030002,FF470000,002BB9B4,3E004E20,2801F3AD,E007F8DB,000408E0,00000B14
2837,51076400,FFFF00AD,FFFF03F1,0003FFEE,FF4C0000,002BB9B4,3C004E20,2801F397,E007F8DC,00040B20,00000B15
2838,51394000,0001008C,FFFD03EE,0002FFE5,FF530000,002BB9B4,3A004E20,2BFDF39A,E007F8DD,00FC0CE0,00000B16
2839,51054800,00020026,FFFC0406,0000FFF5,FF580000,002BB9B4,3A004E20,2BFDF3B6,E007F8DD,00FC0D60,00000B17
2840,50695600,0002FFD3,FFFC03FB,FFFEFFFC,FF590000,002BB9B4,3A004E20,2801F3E8,E007F8DD,00000D20,00000B18
2841,51924800,0002FFA9,FFFD03E1,FFFD0000,FF580000,002BB9B4,3C004E20,2801F427,E007F8DC,00000C20,00000B19
2842,47161600,0000FF92,000003D9,FFFCFFF9,FF590000,002BB9B4,3E004E20,2801F46B,E007F8DB,00040B20,00000B1A
2843,51863100,FFFEFF8F,000203F3,FFFCFFEC,FF5D0000,002BB9B4,3E004E20,2801F4A9,E007F8DB,000409E0,00000B1B
2844,49701300,FFFDFF82,000403EF,FFFCFFEF,FF640000,002BB9B4,3C004E20,2BFDF4D7,E007F8DC,00FC0860,00000B1C
2845,50089900,FFFDFF70,0004040D,FFFEFFFD,FF680000,002BB9B4,3A004E20,2801F4EF,E007F8DD,00000720,00000B1D
2846,51062100,FFFEFF71,000303F8,00000001,FF690000,002BB9B4,3A004E20,2801F4ED,E007F8DD,000005A0,00000B1E
2847,48886500,FFFFFF72,000203E3,00020001,FF680000,002BB9B4,3C004E20,2801F4D3,E007F8DD,00040420,00000B1F
2848,50882200,0001FF8A,000003E3,0003FFF1,FF690000,002BB9B4,3E004E20,2801F4A6,E007F8DC,00080320,00000B20
2849,49701300,0002FFB9,FFFE03F7,0004FFE3,FF6F0000,002BB9B4,3E004E20,2801F46D,E007F8DB,000402A0,00000B21
2850,50447600,0002FFED,FFFD03F3,0003FFEB,FF760000,002BB9B4,3E004E20,2801F7E8,E007F8DB,00000320,00000B22
2851,50557900,00010023,FFFE040A,0002FFF9,FF790000,002BB9B4,3C004E20,2801F7E8,E007F8DB,00000460,00000B23
2852,50243600,0000005F,FFFF03EE,00010000,FF7A0000,002BB9B4,3A004E20,2801F7D4,E007F8DC,00000620,00000B24
2853,51041100,FFFE0089,000103DA,FFFF0004,FF7A0000,002BB9B4,3A004E20,2801F7CB,E007F8DD,00000860,00000B25
2854,51309500,FFFE00AC,000303E4,FFFEFFF2,FF7C0000,002BB9B4,3C004E20,2801F7DA,E007F8DD,00040AA0,00000B26
2855,50386600,FFFE0092,000403F3,FFFDFFE5,FF830000,002BB9B4,3E004E20,2801F7E8,E007F8DC,00000C20,00000B27
2856,50583300,00000031,000303FB,FFFEFFF0,FF890000,002BB9B4,3E004E20,2BFDF7E8,E007F8DB,00FC0CA0,00000B28
2857,55594200,0002FFD8,0002040B,FFFFFFF9,FF8B0000,002BB9B4,3C004E20,2BFDF7E8,E007F8DB,00FC0C20,00000B29
2858,47781200,0003FFAE,000003EE,0000FFFE,FF8B0000,002BB9B4,3A004E20,2801F7E8,E007F8DB,00000B20,00000B2A
2859,49568700,0003FF92,FFFE03DE,00020000,FF8A0000,002BB9B4,3A004E20,2801F7E8,E007F8DC,000009E0,00000B2B
2860,50075100,0003FF8C,FFFC03F1,0004FFEF,FF8E0000,002BB9B4,3A004E20,2801F7E8,E007F8DD,000808A0,00000B2C
2861,50051300,0001FF80,FFFC03F0,0004FFE8,FF950000,002BB9B4,3C004E20,2801F7E8,E007F8DD,00000720,00000B2D
2862,49988100,FFFFFF70,FFFD0404,0004FFFA,FF990000,002BB9B4,3E004E20,2801F7E8,E007F8DD,000005A0,00000B2E
2863,49776100,FFFEFF6B,FFFE03FE,00030001,FF9B0000,002BB9B4,3E004E20,2801F7E8,E007F8DC,00000420,00000B2F
2864,50674800,FFFDFF85,000103E2,00010002,FF9B0000,002BB9B4,3E004E20,2801F7E8,E007F8DB,00000320,00000B30
2865,49482600,FFFEFFAF,000203D7,FFFFFFFA,FF9B0000,002BB9B4,3C004E20,2801F7E8,E007F8DB,00040260,00000B31
2866,51137700,0000FFF9,000303F0,FFFEFFE7,FF9F0000,002BB9B4,3A004E20,2801F7DA,E007F8DC,000802E0,00000B32
2867,49745600,00010038,000203EC,FFFCFFE5,FFA70000,002BB9B4,3A004E20,2BFDF7AA,E007F8DC,00FC03E0,00000B33
2868,50441200,00020060,00010409,FFFCFFF6,FFAB0000,002BB9B4,3C004E20,2801F791,E007F8DD,000005A0,00000B34
2869,49875500,00020085,FFFF03FA,FFFDFFFF,FFAD0000,002BB9B4,3E004E20,2801F792,E007F8DD,000007A0,00000B35
2870,52268700,000100A1,FFFD03E4,FFFE0004,FFAD0000,002BB9B4,3E004E20,2801F7AB,E007F8DC,000009E0,00000B36
2871,50122500,FFFF0086,FFFD03E0,0000FFF9,FFAD0000,002BB9B4,3C004E20,2801F7D9,E007F8DB,00040B60,00000B37
2872,49234100,FFFE0036,FFFD03F8,0001FFEA,FFB30000,002BB9B4,3A004E20,2801F7E8,E007F8DB,00040BA0,00000B38
2873,51055600,FFFDFFDF,FFFF03F2,0002FFEC,FFBA0000,002BB9B4,3A004E20,2BFDF7E8,E007F8DB,00FC0B20,00000B39
2874,49994100,FFFDFFA8,0001040C,0003FFF7,FFBD0000,002BB9B4,3A004E20,2BFDF7E8,E007F8DC,00FC0A20,00000B3A
2875,51001500,FFFFFF8D,000303F1,0002FFFC,FFBD0000,002BB9B4,3C004E20,2801F7E8,E007F8DC,000008E0,00000B3B
2876,50789100,0001FF8C,000403DC,0001FFFF,FFBD0000,002BB9B4,3E004E20,2801F7E8,E007F8DD,00000760,00000B3C
2877,50453300,0002FF7F,000403E1,FFFFFFF2,FFBE0000,002BB9B4,3E004E20,2801F7E8,E007F8DD,000805E0,00000B3D
2878,51943400,0003FF87,000303F3,FFFEFFE8,FFC40000,002BB9B4,3C004E20,2801F7E8,E007F8DC,00040420,00000B3E
2879,51418900,0003FF8F,000103F6,FFFCFFF3,FFCB0000,002BB9B4,3A004E20,2801F7E8,E007F8DB,00000320,00000B3F
2880,52356300,0001FFA6,FFFF040B,FFFCFFFE,FFCD0000,002BB9B4,3A004E20,2801F7E8,E007F8DB,00000260,00000B40
2881,50533800,FFFFFFEA,FFFD03EF,FFFC0001,FFCE0000,002BB9B4,3A004E20,2801F7E8,E007F8DC,000002A0,00000B41
2882,49922600,FFFE002D,FFFD03DF,FFFE0000,FFCD0000,002BB9B4,3C004E20,2801F7E8,E007F8DD,000003A0,00000B42
2883,51221000,FFFE006E,FFFE03FC,0000FFDE,FFD20000,002BB9B4,3E004E20,2801F7E8,E007F8DD,00080520,00000B43
2884,50486000,FFFF009C,FFFF040B,0002FFCE,FFDE0000,002BB9B4,3E004E20,2BFDF7E8,E007F8DD,00FC0720,00000B44
2885,50358300,000000A3,0001041D,0003FFE8,FFE80000,002BB9B4,3C004E20,2BFDF7E8,E007F8DD,00FC0960,00000B45
2886,48765300,0002007A,0003042A,0004FFFB,FFEC0000,002BB9B4,3C004E20,2BFDF7E8,E007F8DC,00FC0AA0,00000B46
2887,51232100,0003002D,000303F8,00040005,FFEC0000,002BB9B4,3A004E20,2801F7E8,E007F8DB,00000AE0,00000B47
2888,50672800,0003FFDF,000203DD,00030008,FFEC0000,002BB9B4,3C004E20,2801F7E8,E007F8DB,00000A60,00000B48
2889,49875700,0002FFB4,000103D0,00020007,FFEA0000,002BB9B4,3C004E20,2801F7E8,E007F8DC,00000920,00000B49
2890,52801200,0000FF92,FFFE03CB,00000004,FFE90000,002BB9B4,3E004E20,2801F7E8,E007F8DD,000007E0,00000B4A
2891,48383400,FFFEFF87,FFFD03CC,FFFE0001,FFE90000,002BB9B4,3E004E20,2801F7E8,E007F8DD,00000620,00000B4B
2892,51372800,FFFDFF7D,FFFC03CE,FFFDFFFF,FFE80000,002BB9B4,3C004E20,2801F7E8,E007F8DC,000004A0,00000B4C
2893,49694500,FFFDFF88,FFFC03D0,FFFDFFFE,FFE80000,002BB9B4,3A004E20,2801F7E8,E007F8DB,00000360,00000B4D
2894,50336900,FFFEFFB1,FFFD03D2,FFFEFFFF,FFE70000,002BB9B4,3A004E20,2801F7E8,E007F8DB,000002E0,00000B4E
2895,51063800,0000FFEC,000003D3,FFFF0001,FFE70000,002BB9B4,3A004E20,2801F7E8,E0FFF8DB,070002E0,00000B4F
2896,50296400,FFF70038,000103D9,FFF9FFF8,FFE80000,FF2BB9B3,3C004E20,2801F7E8,E0FFF8DB,0707F3E0,00000B50
2897,50437400,FFF00077,00030404,FFF4FFE0,FFF00000,002B464F,3E004E20,2801F7E8,E007F8DC,00040560,00000B51
2898,51001300,FFF70095,00010400,FFF8FFDC,FFFB0000,002B464C,3E004E20,2BFDF7E8,E007F8DD,00F81760,00000B52
2899,52920700,FFF7009E,00010422,FFFBFFF5,00010001,002B4649,3C004E20,2BFDF7E8,E007F8DD,00F82960,00000B53
2900,51873100,FFF6007C,FFFF0406,FFFD0000,00010001,002B4647,3A004E20,2BFDF7E8,E007F8DC,00FC3AE0,00000B54
2901,48612400,FFF0002E,FFFD03DF,FFFD0001,00000002,002B4645,3A004E20,2801F7E8,E007F8DB,00003AE0,00000B55
2902,50831300,FFF2FFDD,FFFD03CC,FFFD0001,FFFF0002,002B4644,3C004E20,2801F7E8,E007F8DB,00003A60,00000B56
2903,50629800,FFF3FFAF,FFFD03CB,FFFC0002,FFFD0002,002B4643,3E004E20,2801F7E8,E007F8DC,00003920,00000B57
2904,52711500,FFF6FF79,FFFF03D3,FFFBFFFF,FFFE0002,002B4643,3E004E20,2801F7E8,E007F8DC,000436E0,00000B58
2905,48544900,FFF7FF1E,000003D9,FFFBFFFE,FFFF0001,002B4643,3E004E20,2801F7E8,E007F8DD,000023E0,00000B59
2906,50772200,FFFAFF09,FFFD03DD,FFFC0003,00000002,002B4643,3C004E20,2801F7E8,E0FFF8DD,070020E0,00000B5A
2907,50567600,FFF1FF03,000203D9,FFF60008,FFFF0003,002A4642,3A004E20,2801F7E8,E0FFF8DD,07001DA0,00000B5B
2908,51512500,FFEDFF04,000503D1,FFF20006,FFFC0003,002A463F,3A004E20,2801F7E8,E0FFF8DC,07041A60,00000B5C
2909,51024200,FFEAFF06,000503D0,FFEFFFFA,FFFC0002,002A463B,3C004E20,2801F7E8,E0FFF8DB,07042720,00000B5D
2910,51545100,FFE1FF08,000303D4,FFEDFFF4,FFFF0002,002A4635,3E004E20,2801F7E8,E0FFD8DB,07043420,00000B5E
2911,49774800,FFDEFEE9,000203DF,FFEBFFFA,00010001,0029462E,3E004E20,2801F7E8,E0FED0DC,07004FE0,00000B5F
2912,50622000,FFD7FE61,FFFE03E5,FFE90000,00010001,00294627,3C004E20,2801F7E8,E006D0DD,00045A20,00000B60
2913,50784000,FFD5FDEF,FFFC03DD,FFE70004,00010001,00294620,3C004E20,2801F7E8,E007B8DD,00046360,00000B61
2914,50007000,FFD2FE06,FFFC03D8,FFE50005,00010001,00284618,3A004E20,2801F7E8,E00768DC,00048DA0,00000B62
2915,49538800,FFCEFE68,FFFD03D6,FFE30004,00010001,00284610,3A004E20,2801F7E8,E00768DC,000498A0,00000B63
2916,50437700,FFD5FE72,000003D6,FFE90001,00000001,00284609,3C004E20,2801F7E8,E00790DB,0004A3A0,00000B64
2917,55161400,FFD9FE74,000203D7,FFEEFFFE,00000001,00274604,3E004E20,2801F7E8,E00748DB,0004AEE0,00000B65
2918,47774300,FFD7FE74,000303D7,FFF3FFFD,00000001,00274601,3E004E20,2801F7E8,E00748DB,0004A9E0,00000B66
2919,50914000,FFD8FE78,000303D6,FFF8FFFC,00000001,002745FF,3E004E20,2801F7E8,E00708DC,000494E0,00000B67
2920,51485300,FFCFFE79,000103D5,FFF5FFFE,00000001,002645FD,3C004E20,2801F7E8,E00708DD,00047FE0,00000B68
2921,49517600,FFCCFE7B,FFFF03D4,FFF30000,00000001,002645F9,3A004E20,2801F7E8,E006E0DD,00046B20,00000B69
2922,50419600,FFCFFE79,FFFE03D1,FFF20004,00000001,002645F5,3A004E20,2801F7E8,E006E0DC,00046620,00000B6A
2923,50356200,FFD1FE76,FFFC03CD,FFF00006,FFFF0001,002645EF,3C004E20,2801F7E8,E006E0DC,00046160,00000B6B
2924,51717600,FFD3FE76,FFFC03CE,FFEF0004,FFFE0001,002545E9,3E004E20,2801F7E8,E006A8DB,00046C60,00000B6C
2925,50150300,FFDDFE77,FFFD03CC,FFF40000,FFFE0001,002545E4,3E004E20,2801F7E8,E006A8DB,000477A0,00000B6D
2926,49778600,FFE3FE7D,FFFF03CF,FFF8FFFD,FFFE0001,002545E1,3E004E20,2801F7E8,E00688DC,000472E0,00000B6E
2927,50938400,FFE2FE7B,000103D3,FFFAFFFC,FFFE0001,002445DE,3C004E20,2801F7E8,E00688DD,00047DE0,00000B6F
2928,49944900,FFE3FE82,000303D6,FFFBFFFD,FFFE0001,002445DD,3A004E20,2801F7E8,E00688DD,00046920,00000B70
2929,51508400,FFDAFE81,000403D7,FFF4FFFF,FFFE0001,002445DA,3A004E20,2801F7E8,E00650DD,00045460,00000B71
2930,50264900,FFD5FE87,000303D7,FFEF0002,FFFE0001,002345D7,3C004E20,2801F7E8,E0FE50DC,07044FA0,00000B72
2931,51741300,FFD6FE82,000203D7,FFEB0004,FFFE0001,002345D2,3E004E20,2801F7E8,E0FE20DB,07044AE0,00000B73
2932,50494700,FFD7FE87,000003D5,FFE90004,FFFE0001,002345CC,3E004E20,2801F7E8,E0FE30DB,07044620,00000B74
2933,50765500,FFD6FE85,FFFE03D4,FFE70002,FFFE0001,002345C6,3C004E20,2801F7E8,E0FE30DB,07044160,00000B75
2934,50782700,FFD5FE82,FFFD03D2,FFE70000,FFFE0001,002245BF,3A004E20,2801F7E8,E0FE00DC,07045CA0,00000B76
2935,51478100,FFD2FE86,FFFD03D2,FFE6FFFE,FFFE0001,002245B7,3A004E20,2801F7E8,E0FE00DD,070457E0,00000B77
2936,49121400,FFCEFE86,FFFF03D2,FFE5FFFD,FFFE0001,002245AE,3A004E20,2801F7E8,E0FE00DD,07045360,00000B78
2937,51585700,FFC8FE88,000103D3,FFE3FFFE,FFFE0001,002145A5,3C004E20,2801F7E8,E0FDE0DC,07046EA0,00000B79
2938,50268300,FFC2FE8A,000303D4,FFE00001,FFFE0001,0021459C,3E004E20,2801F7E8,E0FDE0DB,070469E0,00000B7A
2939,50308100,FFBDFE8E,000403D6,FFDD0003,FFFE0001,00214592,3E004E20,2801F7E8,E0FDE0DB,07047560,00000B7B
2940,52068100,FFB8FE8F,000403D7,FFD90004,FFFE0001,00214587,3E004E20,2801F7E8,E0FDB8DB,070470A0,00000B7C
2941,50081800,FFB4FE90,000203D8,FFD50003,FFFE0001,0020457C,3C004E20,2801F7E8,E0FDB8DC,07047BE0,00000B7D
2942,50668400,FFB1FE8F,000003D8,FFD10000,FFFE0001,00204570,3A004E20,2801F7E8,E0FD98DD,06047760,00000B7E
2943,49906900,FFADFE91,FFFE03D7,FFCEFFFE,FFFE0001,00204563,3A004E20,2801F7E8,E0FD98DD,060482E0,00000B7F
2944,49906300,FFA9FE8F,FFFC03D6,FFCBFFFC,FFFE0001,001F4556,3C004E20,2801F7E8,E0FD98DD,06048E20,00000B80
2945,51541900,FFA3FE8D,FFFB03D4,FFC9FFFC,FFFE0002,001F4547,3E004E20,2801F7E8,E0FD70DC,060489A0,00000B81
2946,49313800,FF9CFE91,FFFC03D3,FFC7FFFD,FFFE0002,001F4537,3E004E20,2801F7E8,E0FD70DB,060484E0,00000B82
2947,50397800,FF93FE8D,FFFE03D3,FFC40000,FFFE0002,001F4526,3C004E20,2801F7E8,E0FD70DB,06049060,00000B83
2948,49408800,FF8AFE94,000003D3,FFC10002,FFFE0002,001E4513,3A004E20,2801F7E8,E0FD50DC,06049BE0,00000B84
2949,51664200,FF81FE93,000203D4,FFBC0003,FFFE0002,001E44FF,3A004E20,2801F7E8,E0FD50DD,05049760,00000B85
2950,50290100,FF79FE9B,000203D5,FFB60002,FFFE0002,001E44EA,3A004E20,2801F7E8,D0FD50DD,0504A2E0,00000B86
2951,49911200,FF71FE98,000203D7,FFAF0000,FFFE0002,001D44D3,3C004E20,2801F7E8,D0FD38DD,0504AE20,00000B87
2952,50625300,FF6AFE97,000003D8,FFA8FFFE,FFFE0002,001D44BA,3E004E20,2801F7E8,D0FD38DC,0504A9A0,00000B88
2953,50053400,FF61FEC5,FFFE03D8,FFA0FFFC,FFFE0003,001D44A0,3E004E20,2801F7E8,D0FD38DB,0504A660,00000B89
2954,50453400,FF57FF2A,FFFD03D7,FF98FFFD,FFFE0003,001D4483,3C004E20,2801F7E8,D0FD38DB,0404B3A0,00000B8A
2955,51725800,FF4CFF24,FFFC03D6,FF90FFFF,FFFE0003,001D4465,3A004E20,2801F7E8,D0FD38DB,0404B120,00000B8B
2956,50299900,FF41FF29,FFFC03D5,FF8A0002,FFFE0003,001C4444,3A004E20,2801F7E8,D0FD38DC,0400BE60,00000B8C
2957,51243800,FF35FF29,FFFE03D3,FF840004,FFFF0003,001C4422,3C004E20,2801F7E8,D0FD38DD,0400CBA0,00000B8D
2958,50681100,FF29FF2D,000003D2,FF7F0004,FFFF0004,001C43FE,3E004E20,2801F7E8,D0FD38DD,0400C920,00000B8E
2959,51299000,FF1DFF2F,000203D2,FF7A0003,FFFF0004,001C43D7,3E004E20,2801F7E8,D0FD38DC,0300D660,00000B8F
2960,51422900,FF12FF2C,000303D2,FF750000,FFFF0004,001C43AF,3E004E20,2801F7E8,D0FD20DB,0300D3A0,00000B90
2961,53019700,FF0AFF32,000403D3,FF6FFFFE,FFFF0004,001C4385,3C004E20,2801F7E8,D0FD08DB,0300E0E0,00000B91
2962,49853600,FF01FF33,000303D4,FF68FFFD,FFFF0004,001B4359,3A004E20,2801F7E8,D0FCE8DB,0300EE60,00000B92
2963,50983300,FEF7FF31,000103D6,FF61FFFE,FFFF0004,001B432B,3A004E20,2801F7E8,D0FCD0DC,0300FBA0,00000B93
2964,51144400,FEECFF2E,FFFF03D7,FF590000,FFFF0005,001B42FB,3C004E20,2801F7E8,D0FCC0DD,0300F8E0,00000B94
2965,50341800,FEE3FF33,FFFD03D7,FF510002,FFFF0005,001B42CA,3C004E20,2801F7E8,D0FCB0DD,02010660,00000B95
2966,50254100,FED6FF2C,FFFD03D6,FF4A0003,FFFF0005,001B4297,3E004E20,2801F7E8,D0FCA0DD,020103A0,00000B96
2967,49852800,FECCFF0D,FFFD03D5,FF430003,FFFF0005,001A4262,3E004E20,2801F7E8,D0FC90DC,02010FE0,00000B97
2968,50129900,FEC4FEA8,FFFF03D4,FF3E0001,FFFF0005,001A422C,3C004E20,2801F7E8,D0FC80DB,02011B60,00000B98
2969,50843700,FEBBFE9F,000103D2,FF3AFFFE,FFFE0006,001A41F5,3A004E20,2801F7E8,D0FC70DB,020116E0,00000B99
2970,51605300,FEB4FEA3,000203D2,FF36FFFC,FFFE0006,001A41BC,3A004E20,2801F7E8,D0FC68DC,02051260,00000B9A
2971,49530300,FEADFEA2,000303D2,FF33FFFC,FFFE0006,00194182,3A004E20,2801F7E8,D0FC58DC,01051DE0,00000B9B
2972,50392600,FEA5FED2,000203D2,FF30FFFD,FFFE0006,00194147,3C004E20,2801F7E8,D0FC50DD,01050AA0,00000B9C
2973,50894600,FE9FFF33,000103D4,FF2D0000,FFFE0006,0019410A,3E004E20,2801F7E8,D0FC48DD,01050820,00000B9D
2974,52084700,FE9CFF36,FFFF03D5,FF290002,FFFE0006,001940CC,3E004E20,2801F7E8,D0FC40DC,0100F560,00000B9E
2975,50161300,FE99FF36,FFFD03D7,FF250003,FFFF0006,0019408D,3C004E20,2801F7E8,D0FC40DB,0100F2E0,00000B9F
2976,50348300,FE92FF2F,FFFB03D8,FF210003,FFFF0006,0019404D,3A004E20,2801F7E8,D0FC38DB,0100E020,00000BA0
2977,50591400,FE90FF35,FFFC03D8,FF1D0001,FFFF0007,0018400D,3A004E20,2801F7E8,D0FC38DB,0100ED60,00000BA1
2978,49489700,FE8EFF35,FFFD03D7,FF19FFFE,FFFF0007,00183FCC,3C004E20,2801F7E8,D0FC38DC,0100EAE0,00000BA2
2979,51269400,FE8DFF32,FFFF03D6,FF17FFFD,FFFF0007,00183F8A,3E004E20,2801F7E8,D0FC38DD,0100E820,00000BA3
2980,49487000,FE8EFF35,000103D4,FF16FFFE,FFFF0007,00183F48,3E004E20,2801F7E8,D0FC38DD,0100D5A0,00000BA4
2981,51878000,FE92FF3E,000303D3,FF150000,FFFF0007,00183F06,3E004E20,2801F7E8,D0FC30DD,0100D2E0,00000BA5
2982,49819200,FE92FF3A,000303D2,FF160003,FFFF0007,00183EC4,3C004E20,2801F7E8,D0FC38DC,0100C060,00000BA6
2983,50984800,FE95FF3D,000203D2,FF190004,FFFF0007,00173E82,3A004E20,2801F7E8,D0FC38DB,0100CDE0,00000BA7
2984,50718900,FE94FF37,000103D3,FF1C0004,FFFF0007,00173E40,3A004E20,2801F7E8,D0FC40DB,0100BB20,00000BA8
2985,48463200,FE99FF3F,FFFF03D4,FF1E0003,FFFF0007,00173DFE,3C004E20,2801F7E8,D0FC40DC,0100B8A0,00000BA9
2986,49934900,FE96FF36,FFFE03D6,FF210000,FFFF0007,00173DBD,3E004E20,2801F7E8,D0FC48DD,0100A620,00000BAA
2987,51066000,FE9BFF3A,FFFD03D7,FF22FFFE,FFFF0007,00173D7C,3E004E20,2801F7E8,D0FC48DD,0100A3A0,00000BAB
2988,56400600,FE9FFF39,FFFE03D7,FF23FFFD,FFFF0006,00173D3C,3C004E20,2801F7E8,D0FC50DD,01009120,00000BAC
2989,45743100,FEA6FF3C,000003D7,FF25FFFD,FFFF0006,00163CFC,3A004E20,2801F7E8,D0FC60DC,02009EA0,00000BAD
2990,49541200,FEB2FEE0,000203D6,FF260000,FFFF0006,00163CBD,3A004E20,2801F7E8,D0FC60DB,020089E0,00000BAE
2991,50719600,FEB5FE9A,000403D5,FF270002,FFFF0006,00163C7F,3A004E20,2801F7E8,E0FC68DB,020085A0,00000BAF
2992,50532900,FEB9FECF,000503D3,FF290003,FFFE0006,00163C42,3C004E20,2801F7E8,E0FC68DB,020071E0,00000BB0
2993,50216600,FEBFFEEB,000403D1,FF2B0003,FFFE0006,00153C05,3E004E20,2801F7E8,E0FC78DC,02006E60,00000BB1
2994,50320000,FEC1FF23,000303D1,FF2F0000,FFFE0006,00153BCA,3E004E20,2801F7E8,E0FC80DD,02005C20,00000BB2
2995,50153900,FEC6FF6F,000103D1,FF33FFFE,FFFF0006,00153B8F,3E004E20,2801F7E8,E0FC90DD,02004A20,00000BB3
2996,51750000,FED1FF79,FFFF03D2,FF39FFFC,FFFF0006,00153B55,3C004E20,2801F7E8,E0FC98DC,02003860,00000BB4
2997,50219400,FED6FF77,FFFD03D4,FF3DFFFC,FFFF0006,00153B1C,3A004E20,2801F7E8,E0FCA8DB,020036E0,00000BB5
2998,48947200,FEE0FF7C,FFFD03D6,FF43FFFD,FFFF0005,00153AE4,3A004E20,2801F7E8,E0FCB8DB,03002520,00000BB6
2999,51175400,FEEBFF7D,FFFE03D7,FF460000,FFFF0005,00153AAE,3C004E20,2801F7E8,D0FCC8DB,03002360,00000BB7
3000,50088800,FEF5FF85,000003D7,FF4D0003,FFFF0005,00153A79,3E004E20,2801F677,D0FCE0DC,030011E0,00000BB8
3001,51088000,FEFEFF9A,000203D7,FF4C0004,FFFF0005,00153A45,3E004E20,2801F655,D0FCF0DD,030010E0,00000BB9
3002,50727400,FF05FFD0,000303D6,FF540003,FFFF0005,00153A12,3C004E20,2801F622,D0FCF8DD,03001060,00000BBA
3003,50736800,FF0E0011,000303D4,FF4E0001,00000005,001539E1,3A004E20,2801F5E7,D0FD08DD,030010E0,00000BBB
3004,50818600,FF13005B,000203D3,FF59FFFE,00000005,001539B0,3A004E20,2801F5AE,D0FD20DC,03000260,00000BBC
3005,50781600,FF1A008D,000003D2,FF54FFFD,00000004,00153981,3A004E20,2801F580,D0FD38DB,03001420,00000BBD
3006,49657400,FF2000BC,FFFE03D2,FF5EFFFD,00000004,00153953,3C004E20,2801F566,D0FD38DB,040016A0,00000BBE
3007,51407900,FF2300D3,FFFD03D3,FF5DFFFF,00010004,00153925,3E004E20,2801F564,E0FD38DC,04001960,00000BBF
3008,49880700,FF2800EC,FFFC03D4,FF650001,00010004,001538F8,3E004E20,2801F57D,E0FD38DD,04001CA0,00000BC0
3009,50282200,FF310100,FFFD03D6,FF680003,00010004,001538CC,3C004E20,2801F5AB,E0FD38DD,04002FE0,00000BC1
3010,51236600,FF35010E,FFFE03D7,FF6D0003,00010004,001638A1,3A004E20,2801F5E9,E0FD38DD,04002320,00000BC2
3011,50052100,FF370119,000103D8,FF6F0002,00010004,00163877,3A004E20,2801F62D,E0FD38DC,040026E0,00000BC3
3012,49773900,FF380125,000303D8,FF71FFFF,00020004,0016384D,3A004E20,2801F66E,E0FD38DB,04003A60,00000BC4
3013,51260900,FF37012B,000403D8,FF72FFFD,00020004,00163824,3C004E20,2801F6A0,E0FD38DB,04003E20,00000BC5
3014,51391700,FF370135,000403D6,FF72FFFC,00020004,001737FB,3E004E20,2801F6BC,E0FD38DB,04004220,00000BC6
3015,49670400,FF35013B,000203D5,FF71FFFC,00020004,001737D2,3E004E20,2801F6BF,E0FD38DC,040045E0,00000BC7
3016,50182800,FF320135,000003D4,FF70FFFF,00020004,001737AA,3E004E20,2801F6A9,E0FD38DD,040059A0,00000BC8
3017,50114800,FF3300F4,FFFE03D3,FF700001,00020004,00173782,3C004E20,2801F67E,E0FD38DD,04005BE0,00000BC9
3018,52260400,FF2C006D,FFFD03D3,FF720004,00020004,0017375A,3A004E20,2801F645,E0FD38DC,04005CA0,00000BCA
3019,57014500,FF2F0006,FFFD03D3,FF730004,00010004,00173732,3A004E20,2801F608,E0FD38DC,04005C60,00000BCB
3020,42925600,FF2FFFC9,FFFE03D4,FF740002,00010004,0017370A,3C004E20,2801F5D2,E0FD38DB,04005B60,00000BCC
3021,50374700,FF2AFFA1,000003D5,FF750000,00000004,001736E2,3E004E20,2801F5AA,E0FD38DB,04005A20,00000BCD
3022,50752700,FF2CFF94,000203D6,FF76FFFE,00000004,001736BA,3E004E20,2801F599,E0FD38DC,040058A0,00000BCE
3023,49362900,FF26FF87,000403D7,FF76FFFD,00000004,00173691,3C004E20,2801F5A0,E0FD38DD,04004720,00000BCF
3024,50908500,FF22FF83,000403D7,FF74FFFF,00000004,00173668,3A004E20,2801F5BE,E0FD38DD,03004560,00000BD0
3025,53156400,FF1DFF7D,000303D6,FF710001,00000004,0017363E,3A004E20,2801F5EE,E0FD38DD,030043A0,00000BD1
3026,48527800,FF20FF82,000103D5,FF6D0004,FFFF0004,00173614,3A004E20,2801F627,E0FD38DC,03004220,00000BD2
3027,51517900,FF1BFF94,FFFF03D3,FF690005,FFFF0004,001735E8,3C004E20,2801F65F,E0FD30DB,030030E0,00000BD3
3028,50912700,FF19FFC5,FFFD03D2,FF640004,FFFF0004,001735BC,3E004E20,2801F68D,E0FD28DB,03003060,00000BD4
3029,54597200,FF170002,FFFC03D1,FF600001,00000004,0017358F,3E004E20,2801F6A8,E0FD18DB,030030A0,00000BD5
3030,50128000,FF1C0013,FFFC03D2,FF5CFFFF,00000004,00173562,3C004E20,2801F1D8,E0FD10DC,030030A0,00000BD6
3031,50629100,FF17FFDD,FFFE03D3,FF5BFFFD,00000004,00163533,3A004E20,2801F1C2,E0FD10DD,03003FE0,00000BD7
3032,47833000,FF13FFB3,000003D4,FF5AFFFE,00000004,00163504,3A004E20,2801F195,E0FD08DD,03003EE0,00000BD8
3033,49290900,FF0EFF9A,000203D6,FF5AFFFF,00000004,001634D5,3C004E20,2801F159,E0FD00DC,03003D60,00000BD9
3034,50338000,FF0CFF8F,000203D7,FF5A0002,00000004,001634A5,3E004E20,2801F116,E0FCF8DB,03003BE0,00000BDA
3035,50396800,FF07FF87,000203D8,FF590003,00000004,00163475,3E004E20,2801F0D7,E0FCF0DB,03003A60,00000BDB
3036,50214300,FF06FF81,000103D7,FF590004,FFFF0004,00163444,3E004E20,2801F0A5,E0FCF0DB,030038A0,00000BDC
3037,50652100,FF0AFF81,FFFF03D7,FF580002,FFFF0004,00163413,3C004E20,2801F088,E0FCF0DC,030036E0,00000BDD
3038,50156300,FF06FF7A,FFFD03D5,FF56FFFF,FFFF0004,001633E2,3A004E20,2801F084,E0FCE8DD,03002560,00000BDE
3039,50770600,FF07FF7A,FFFC03D4,FF53FFFD,FFFF0005,001633B1,3A004E20,2801F09A,E0FCE0DD,030023A0,00000BDF
3040,50624200,FF08FF7A,FFFC03D3,FF50FFFC,FFFF0005,0016337F,3C004E20,2801F0C5,E0FCE0DD,030021E0,00000BE0
3041,50880900,FF06FF79,FFFE03D3,FF4EFFFC,FFFF0005,0016334D,3C004E20,2801F0FF,E0FCE0DC,03002020,00000BE1
3042,49899300,FF06FF7C,000003D3,FF4DFFFF,FFFF0005,0015331B,3E004E20,2801F13D,E0FCE8DB,03002EA0,00000BE2
3043,52204400,FF04FF7E,000203D4,FF4C0001,FFFF0005,001532E8,3C004E20,2801F176,E0FCE0DB,03001CE0,00000BE3
3044,50173200,FEFEFF7D,000403D5,FF4C0003,FFFF0005,001532B6,3C004E20,2801F1A0,E0FCE0DC,03001B20,00000BE4
3045,50880800,FF05FF84,000403D7,FF4D0003,FFFF0005,00153284,3A004E20,2801F1B5,E0FCE0DD,030019A0,00000BE5
3046,49770700,FF04FF86,000403D8,FF4F0002,FFFF0005,00153251,3A004E20,2801F1B2,E0FCE0DD,030017E0,00000BE6
3047,49538600,FF03FF9A,000203D8,FF52FFFF,FFFF0005,0015321F,3C004E20,2801F197,E0FCE8DD,030006E0,00000BE7
3048,51033800,FF0CFFCE,000003D8,FF53FFFD,FFFF0005,001531EC,3E004E20,2801F16A,E0FCE8DC,03000660,00000BE8
3049,51914200,FF08000C,FFFE03D6,FF53FFFC,00000005,001531BA,3E004E20,2801F133,E0FCE8DB,030006E0,00000BE9
3050,49560200,FF0F0058,FFFD03D5,FF52FFFE,00000005,00153187,3E004E20,2801F0FC,E0FCE8DB,03000860,00000BEA
3051,50939700,FF0E008D,FFFE03D3,FF500000,00000004,00153155,3C004E20,2801F0CE,E0FCF0DB,03000A60,00000BEB
3052,49854300,FF1200BA,FFFF03D2,FF4F0002,00000004,00153122,3A004E20,2801F0B2,E0FD00DC,03000CE0,00000BEC
3053,51590700,FF0D00D9,000103D2,FF4E0004,00010004,001530EF,3A004E20,2801F0AD,E0FD00DD,03001FA0,00000BED
3054,50254100,FF0E00F3,000303D2,FF4C0003,00010004,001630BC,3C004E20,2801F0C1,E0FD00DD,030012A0,00000BEE
3055,50975000,FF0E0108,000403D3,FF4C0001,00010004,0016308A,3E004E20,2801F0EC,E0FD08DC,03002620,00000BEF
3056,51489600,FF110117,000303D4,FF4EFFFE,00010004,00163057,3E004E20,2801F126,E0FD18DB,03002960,00000BF0
3057,49867900,FF120122,000203D6,FF50FFFD,00010004,00163025,3E004E20,2801F168,E0FD10DB,03003D20,00000BF1
3058,49866000,FF100121,FFFF03D7,FF52FFFC,00020004,00172FF3,3C004E20,2801F1A7,E0FD10DB,03004060,00000BF2
3059,49458000,FF1000E3,FFFD03D7,FF56FFFE,00020004,00172FC2,3A004E20,2801F1D8,E0FD18DC,030042A0,00000BF3
3060,50514300,FF0C0066,FFFC03D7,FF5A0001,00010004,00172F91,3A004E20,2801EBC1,E0FD20DD,03005360,00000BF4
3061,50050100,FF07FFFF,FFFC03D6,FF5D0004,00010004,00172F61,3C004E20,2801EBC4,E0FD18DD,030052E0,00000BF5
3062,51841200,FF06FFC5,FFFD03D4,FF5E0004,00010004,00172F31,3E004E20,2801EBAF,E0FD10DD,03005220,00000BF6
3063,50070400,FF06FFA5,FFFE03D3,FF5D0003,00000004,00172F01,3E004E20,2801EB83,E0FD10DC,030050A0,00000BF7
3064,51522600,FF03FF90,000103D2,FF5C0000,00000005,00162ED2,3C004E20,2801EB49,E0FD08DB,03005F20,00000BF8
3065,50931000,FF05FF88,000203D2,FF5AFFFE,00000005,00162EA2,3A004E20,2801EB0A,E0FD08DB,03004DA0,00000BF9
3066,48892100,FF06FF83,000303D2,FF58FFFC,00000005,00162E73,3A004E20,2801EACF,E0FD00DC,03004BE0,00000BFA
3067,51233300,FF09FF81,000203D4,FF55FFFD,00000005,00162E43,3A004E20,2801EAA2,E0FCF8DC,03004A60,00000BFB
3068,49620900,FF07FF7D,000103D5,FF54FFFF,FFFF0005,00162E13,3C004E20,2801EA8A,E0FCF0DD,030038A0,00000BFC
3069,49836500,FF09FF7C,FFFF03D7,FF530002,FFFF0005,00162DE2,3E004E20,2801EA8B,E0FCF0DD,030036E0,00000BFD
3070,50545900,FF09FF7C,FFFD03D8,FF540004,FFFF0005,00162DB1,3E004E20,2801EAA2,E0FCF0DC,03003520,00000BFE
3071,51098800,FF03FF79,FFFD03D8,FF550004,FFFF0005,00162D81,3E004E20,2801EACD,E0FCE8DB,030023A0,00000BFF
3072,50278400,FF03FF79,FFFD03D7,FF550003,FFFF0005,00162D4F,3C004E20,2801EB02,E0FCE8DB,030021E0,00000C00
3073,51126400,FF02FF7B,FFFF03D6,FF550000,FFFF0005,00162D1E,3A004E20,2801EB39,E0FCE8DB,03002020,00000C01
3074,50273000,FF02FF7B,000103D5,FF55FFFE,FFFF0005,00152CEC,3A004E20,2801EB67,E0FCE8DC,03002E60,00000C02
3075,50602000,FF05FF7F,000303D3,FF55FFFD,FFFF0005,00152CBA,3C004E20,2801EB85,E0FCE8DC,03001CE0,00000C03
3076,52036400,FF09FF85,000403D3,FF53FFFE,FFFF0005,00152C89,3E004E20,2801EB8C,E0FCE8DD,03001B20,00000C04
3077,49126600,FF09FF9C,000403D3,FF510001,FFFF0005,00152C57,3E004E20,2801EB7B,E0FCE8DD,03001A20,00000C05
3078,50343600,FF07FFCC,000303D3,FF4F0003,FFFF0005,00152C25,3C004E20,2801EB54,E0FCE8DC,030009A0,00000C06
3079,50309300,FF0C0012,000103D4,FF4D0004,00000005,00152BF3,3A004E20,2801EB1C,E0FCE8DB,03000A20,00000C07
3080,50422300,FF0B0059,FFFF03D6,FF4C0003,00000005,00152BC0,3A004E20,2801EADD,E0FCF8DB,03000BA0,00000C08
3081,50088400,FF100091,FFFD03D7,FF4C0000,00000004,00152B8E,3A004E20,2801EAA0,E0FCF0DC,03000DA0,00000C09
3082,50080000,FF0B00BA,FFFD03D8,FF4CFFFE,00000004,00162B5B,3C004E20,2801EA70,E0FCF8DD,03001020,00000C0A
3083,51137100,FF0C00DA,FFFE03D7,FF4EFFFC,00010004,00162B29,3E004E20,2801EA53,E0FCF8DD,030012E0,00000C0B
3084,52544000,FF0E00F2,FFFF03D7,FF50FFFB,00010004,00162AF6,3E004E20,2801EA4F,E0FD08DD,03002620,00000C0C
3085,48507200,FF0E0107,000103D5,FF52FFFD,00010004,00162AC3,3C004E20,2801EA65,E0FD08DD,03002960,00000C0D
3086,50484000,FF120110,000303D3,FF54FFFF,00010004,00162A91,3A004E20,2801EA91,E0FD08DC,03003CA0,00000C0E
3087,49205200,FF0F00D7,000303D2,FF550002,00010004,00162A5F,3A004E20,2801EACC,E0FD10DB,03004EA0,00000C0F
3088,49296400,FF0D0063,000203D2,FF570003,00010004,00162A2D,3C004E20,2801EB0D,E0FD18DB,03004F60,00000C10
3089,50929700,FF0C0002,000003D2,FF580003,00010004,001629FD,3E004E20,2801EB4A,E0FD18DC,03004EE0,00000C11
3090,49756800,FF06FFC6,FFFE03D3,FF580001,00010004,001629CD,3E004E20,2801E3EA,E0FD10DD,03004DE0,00000C12
3091,50250900,FF09FFA5,FFFC03D4,FF57FFFF,00000004,0016299D,3E004E20,2801E404,E0FD08DD,03004CA0,00000C13
3092,50269100,FF02FF8F,FFFC03D5,FF57FFFD,00000004,0016296D,3C004E20,2801E407,E0FD08DC,03004B20,00000C14
3093,50202400,FF08FF86,FFFC03D6,FF57FFFE,00000004,0016293D,3A004E20,2801E3F2,E0FD08DB,030049A0,00000C15
3094,50188500,FF08FF7F,FFFE03D7,FF580000,00000004,0016290E,3A004E20,2801E3C9,E0FD00DB,030037E0,00000C16
3095,50031000,FF08FF7E,000003D7,FF580002,00000005,001628DE,3A004E20,2801E395,E0FD00DB,03003620,00000C17
3096,50391100,FF09FF7E,000203D6,FF590004,FFFF0005,001628AE,3C004E20,2801E35E,E0FCF8DB,030034A0,00000C18
3097,51140600,FF0AFF7E,000303D5,FF5A0005,FFFF0005,0016287D,3E004E20,2801E32F,E0FCF8DC,030022E0,00000C19
3098,49744600,FF0EFF80,000303D3,FF5B0003,FFFF0005,0016284D,3E004E20,2801E30F,E0FCF8DD,03002120,00000C1A
3099,52065200,FF0AFF82,000203D2,FF5B0001,FFFF0004,0015281C,3C004E20,2801E305,E0FCF8DD,03002FA0,00000C1B
3100,50581300,FF06FF99,000103D2,FF59FFFE,FFFF0004,001527EC,3A004E20,2801E313,E0FCF0DC,03001E60,00000C1C
3101,48849600,FF08FFC8,FFFF03D2,FF57FFFD,FFFF0004,001527BB,3A004E20,2801E336,E0FCF0DB,03001E20,00000C1D
3102,50395000,FF06000D,FFFD03D4,FF53FFFD,00000004,00152789,3A004E20,2801E36B,E0FCF0DB,03001EA0,00000C1E
3103,51532800,FF0C0057,FFFD03D5,FF51FFFF,00000004,00152758,3C004E20,2801E3A7,E0FCF8DC,03001FE0,00000C1F
3104,51907900,FF0E0091,FFFE03D7,FF4E0001,00000004,00162726,3E004E20,2801E3E1,E0FCF8DC,03001220,00000C20
3105,50025200,FF0F00BD,000003D8,FF4D0003,00000004,001626F4,3E004E20,2801E410,E0FD00DD,030014A0,00000C21
3106,50346600,FF1000D7,000203D8,FF4D0002,00010004,001626C2,3C004E20,2801E42C,E0FD00DD,03002720,00000C22
3107,51518300,FF1500B1,000403D8,FF4F0001,00010004,00162690,3A004E20,2801E430,E0FD08DD,030028E0,00000C23
3108,50250100,FF0E004C,000403D7,FF53FFFF,00010004,0016265E,3A004E20,2801E41B,E0FD10DC,03003920,00000C24
3109,50823900,FF0CFFF9,000403D6,FF57FFFD,00010004,0016262E,3C004E20,2801E3EF,E0FD10DB,030038E0,00000C25
3110,50925000,FF0CFFE1,000203D4,FF5BFFFC,00000004,001625FE,3E004E20,2801E3B5,E0FD20DB,03003860,00000C26
3111,49725600,FF0CFFF8,000003D3,FF5FFFFE,00000004,001625CE,3E004E20,2801E373,E0FD28DC,03003860,00000C27
3112,50275200,FF140031,FFFE03D2,FF610000,00000004,001625A0,3E004E20,2801E336,E0FD38DD,03003960,00000C28
3113,49841900,FF140073,FFFC03D2,FF620002,00000004,00162572,3C004E20,2801E305,E0FD48DD,04004B20,00000C29
3114,50524500,FF2100A8,FFFD03D4,FF640002,00000004,00162545,3A004E20,2801E2E9,E0FD68DC,04004D60,00000C2A
3115,49759500,FF2700CF,FFFE03D5,FF660002,00010004,00172519,3A004E20,2801E2E4,E0FD88DC,04004020,00000C2B
3116,49972800,FF2900F0,000003D6,FF690000,00010004,001724EE,3C004E20,2801E2F8,E0FDA0DB,04005320,00000C2C
3117,51335900,FF330108,000203D7,FF6DFFFE,00010004,001724C5,3C004E20,2801E320,E0FDC8DB,040066A0,00000C2D
3118,50305000,FF36011C,000303D7,FF73FFFC,00010004,0017249D,3E004E20,2801E354,E0FDF0DB,05006A20,00000C2E
3119,50178800,FF3B0129,000303D6,FF7BFFFD,00010004,00172477,3C004E20,2801E38C,E0FE30DC,05007DE0,00000C2F
3120,50060500,FF3F0136,000203D5,FF83FFFF,00020004,00182452,3A004E20,2801DADD,E0FE60DD,050081A0,00000C30
3121,50001100,FF4A013E,000003D4,FF8C0002,00020004,00182430,3A004E20,2801DAFE,E0FE98DD,050085A0,00000C31
3122,50513400,FF4C0144,FFFE03D2,FF950004,00020003,00182410,3A004E20,2801DB0C,E0FED0DC,060089A0,00000C32
3123,50415700,FF570149,FFFD03D1,FF9E0004,00020003,001823F2,3C004E20,2BFDDB02,E0FF28DC,06FC9DE0,00000C33
3124,51345200,FF62014E,FFFC03D1,FFA60003,00020003,001923D6,3E004E20,2BFDDAE2,E0FF70DB,06FC9220,00000C34
3125,51185800,FF6B0154,FFFD03D2,FFAC0000,00020003,001923BC,3E004E20,2BFDDAB2,E0FFB8DB,06FC9660,00000C35
3126,50414900,FF6E015A,FFFF03D4,FFB1FFFE,00020003,001923A4,3E004E20,2BFDDA79,E0FFF8DC,06FC9AA0,00000C36
3127,49131700,FF7E0160,000203D5,FFB6FFFD,00020003,0019238E,3C004E20,2BFDDA41,E0FFF8DD,06FC9F20,00000C37
3128,51085300,FF7C0165,000403D6,FFBAFFFD,00020003,001A237A,3A004E20,2BFDDA14,E0FFF8DD,06FC93A0,00000C38
3129,49631500,FF85016A,000503D7,FFBEFFFF,00020002,001A2367,3A004E20,2BFDD9F8,E0FFF8DD,07FC9820,00000C39
3130,50816900,FF8D016B,000403D7,FFC30001,00020002,001A2356,3C004E20,2BFDD9F4,E0FFF8DC,07FC9CA0,00000C3A
3131,49442700,FF91016E,000303D7,FFC80003,00020002,001B2346,3E004E20,2BFDDA08,E0FFF8DB,07FC9120,00000C3B
3132,51086200,FF9D016D,000103D6,FFCE0003,00020002,001B2338,3E004E20,2BFDDA33,E0FFF8DB,07FC95A0,00000C3C
3133,51567600,FFA4016E,FFFF03D4,FFD40001,00020002,001B232B,3C004E20,2BFDDA6C,E0FFF8DB,07FC8A20,00000C3D
3134,51014500,FFAA016C,FFFE03D3,FFDAFFFE,00020002,001B231F,3A004E20,2BFDDAAD,E0FFF8DC,07FC8EE0,00000C3E
3135,49666600,FFC6016E,FFFE03D3,FFE8FFFC,00020002,001C2316,3A004E20,2BFDDAEA,E007F8DD,00FC9360,00000C3F
3136,50384700,FFCA016F,FFFF03D3,FFF2FFFC,00020001,001C2310,3A004E20,2BFDDB1B,E007F8DD,00FC87E0,00000C40
3137,49832100,FFD30171,000103D4,FFF9FFFD,00020001,001C230C,3C004E20,2BFDDB38,E007F8DC,00FC8CA0,00000C41
3138,51136700,FFD70172,000303D5,FFFC0000,00020001,001D230A,3E004E20,2BFDDB3E,E007F8DB,00FC7120,00000C42
3139,50257400,FFD80175,000403D7,FFFE0002,00020001,001D2309,3E004E20,2BFDDB2C,E007F8DB,00FC65E0,00000C43
3140,51097300,FFE20176,000403D8,FFFE0003,00020001,001D2309,3C004E20,2BFDDB05,E007F8DB,00FC4A60,00000C44
3141,49431800,FFE90177,000303D8,FFFE0003,00020001,001D2309,3A004E20,2BFDDAD1,E007F8DC,00FC4F20,00000C45
3142,51742500,FFEE0177,000103D8,FFFD0001,00020001,001E2309,3A004E20,2BFDDA99,E007F8DD,00FC33E0,00000C46
3143,51628500,FFFA0176,FFFE03D7,FFFDFFFF,00020000,001E2309,3A004E20,2BFDDA66,E007F8DD,00FC2860,00000C47
3144,49508100,FFF70175,FFFD03D5,FFFEFFFD,00020000,001E230A,3C004E20,2BFDDA41,E007F8DD,00FC1D20,00000C48
3145,52304700,FFFD0174,FFFC03D4,FFFFFFFD,00020000,001F230A,3E004E20,2BFDDA30,E007F8DC,00FC11E0,00000C49
3146,49749000,00000174,FFFD03D3,0001FFFF,00020000,001F230B,3E004E20,2BFDDA36,E007F8DB,00FC16A0,00000C4A
3147,51300500,FFFA0176,FFFE03D2,00030002,00020000,001F230B,3E004E20,2BFDDA52,E007F8DB,00FC0B20,00000C4B
3148,49737600,00000178,000003D2,00040004,00020000,001F230C,3C004E20,2BFDDA80,E007F8DC,00FC0FE0,00000C4C
3149,49158000,FFFB017A,000203D3,00040004,00020000,0020230C,3A004E20,2BFDDAB6,E007F8DD,00FC04A0,00000C4D
3150,51156400,FFFB017B,000303D4,00030003,00020000,0020230C,3A004E20,2BFDD0C5,F007F8DD,00FC0960,00000C4E
3151,50002100,0000017C,000303D6,00020000,00020000,0020230C,3C004E20,2BFDD0F2,F007F8DD,00FC0E20,00000C4F
3152,51075600,0002017B,000103D7,0000FFFE,00020000,0021230C,3E004E20,2BFDD10D,F007F8DC,00FC02E0,00000C50
3153,50786900,0001017A,FFFF03D7,FFFFFFFC,00020000,0021230C,3E004E20,2BFDD112,F007F8DB,00FC0760,00000C51
3154,51068400,00000178,FFFD03D7,FFFDFFFD,00020000,0021230D,3C004E20,2BFDD0FF,F007F8DB,00FC0C20,00000C52
3155,49753100,00020175,FFFD03D5,FFFDFFFE,00020000,0022230D,3A004E20,2BFDD0D6,F007F8DB,00FC00E0,00000C53
3156,50405100,00040175,FFFD03D4,FFFD0001,00020000,0022230D,3A004E20,2BFDD09F,F007F8DC,00FC05A0,00000C54
3157,50999000,FFFF0173,FFFE03D3,FFFF0002,00020000,0022230D,3A004E20,2BFDD060,F007F8DD,00FC0A20,00000C55
3158,48882900,00010175,000103D2,00000002,00020000,0022230D,3C004E20,2BFDD023,F007F8DD,00FC0EE0,00000C56
3159,51649600,FFF50196,000303D1,00020001,00020000,0023230D,3E004E20,2BFDCFF3,F007F8DC,00FC0460,00000C57
3160,50250700,00020195,000403D2,0004FFFE,00020000,0023230D,3E004E20,2BFDCFD5,E007F8DB,00FC08E0,00000C58
3161,51123500,0001015D,000403D4,0004FFFD,00020000,0023230D,3C004E20,2BFDCFCF,E007F8DB,00FC0D20,00000C59
3162,49681000,00010134,000303D5,0004FFFC,00020000,0024230D,3A004E20,2BFDCFE0,E007F8DB,00FC00A0,00000C5A
3163,54762200,00060119,000103D7,0003FFFE,00020000,0024230D,3A004E20,2BFDD006,E007F8DC,00FC0420,00000C5B
3164,52044700,FFFF0108,FFFF03D8,00020000,00020000,0024230D,3C004E20,2BFDD03A,E007F8DD,00FC0760,00000C5C
3165,50744900,000200FA,FFFE03D8,00000003,00020000,0024230D,3E004E20,2BFDD073,E007F8DD,00FC0A60,00000C5D
3166,50922100,000200F1,FFFD03D7,FFFE0004,00020000,0024230D,3E004E20,2BFDD0A7,E007F8DD,00FC0D60,00000C5E
3167,50257800,FFFE00EC,FFFE03D6,FFFD0004,00020000,0025230D,3E004E20,2BFDD0CF,E007F8DC,00FC0060,00000C5F
3168,50493800,000100E8,FFFF03D5,FFFD0002,00020000,0025230D,3C004E20,2BFDD0E3,E007F8DB,00FC0320,00000C60
3169,47362100,FFFF00E7,000103D4,FFFD0000,00020000,0025230D,3A004E20,2BFDD0E0,E007F8DB,00FC0620,00000C61
3170,50792900,FFFE00E7,000303D3,FFFFFFFE,00020000,0025230D,3A004E20,2BFDD0C8,E007F8DC,00FC08E0,00000C62
3171,49111500,000000E7,000303D3,0000FFFD,00020000,0025230D,3A004E20,2BFDD09E,E007F8DC,00FC0BE0,00000C63
3172,50000100,FFFF00E7,000303D4,0002FFFF,00010000,0025230D,3C004E20,2BFDD06A,E007F8DD,00FC0EA0,00000C64
3173,51873400,000200E7,000103D5,00030001,00010000,0026230D,3E004E20,2BFDD036,E007F8DD,00FC01A0,00000C65
3174,50051200,000500E5,FFFF03D6,00030003,00010000,0026230D,3E004E20,2BFDD009,E007F8DC,00FC0460,00000C66
3175,50658200,000200E3,FFFD03D7,00020004,00010000,0026230D,3C004E20,2BFDCFEE,E007F8DB,00FC0720,00000C67
3176,51749700,000000E1,FFFC03D8,00010002,00010000,0026230D,3A004E20,2BFDCFE7,E007F8DB,00FC0A20,00000C68
3177,49145200,FFFE00E1,FFFC03D8,FFFF0000,00010000,0026230D,3A004E20,2BFDCFF9,E007F8DB,00FC0CE0,00000C69
3178,50630900,FFF800E1,FFFD03D7,FFFDFFFD,00010000,0026230D,3C004E20,2BFDD01F,E007F8DC,00FC0FE0,00000C6A
3179,49485100,FFFC00E2,FFFF03D5,FFFCFFFC,00010000,0027230D,3E004E20,2BFDD056,E007F8DD,00FC02A0,00000C6B
3180,51345700,000000E3,000103D4,FFFCFFFC,00010000,0027230D,3E004E20,2BFDC537,E007F8DD,00FC0560,00000C6C
3181,50354000,000200E5,000303D3,FFFCFFFE,00010000,0027230D,3E004E20,2BFDC572,E007F8DD,00FC0860,00000C6D
3182,50557500,000300E6,000303D2,FFFD0001,00010000,0027230D,3C004E20,2BFDC5A1,E007F8DC,00FC0B20,00000C6E
3183,50529800,000300E6,000303D2,FFFF0002,00010000,0027230D,3A004E20,2BFDC5BF,E007F8DB,00FC0E20,00000C6F
3184,49981200,000300E6,000103D3,00010003,00010000,0028230D,3A004E20,2BFDC5C5,E007F8DB,00FC00E0,00000C70
3185,51251300,FFFD00E4,FFFF03D4,00020001,00010000,0028230D,3C004E20,2BFDC5B4,E007F8DC,00FC03A0,00000C71
3186,49496300,FFFC00E3,FFFD03D5,0003FFFF,00010000,0028230D,3E004E20,2BFDC58F,E007F8DD,00FC06A0,00000C72
3187,50704400,FFFF00E1,FFFD03D6,0004FFFD,00010000,0028230D,3E004E20,2BFDC55B,E007F8DD,00FC0960,00000C73
3188,51758900,FFFF00E3,FFFE03D7,0003FFFD,00010000,0028230D,3E004E20,2BFDC522,E007F8DD,00FC0C60,00000C74
3189,50446400,000000E2,000003D7,0001FFFE,00010000,0028230D,3C004E20,2BFDC4EC,E007F8DC,00FC0F20,00000C75
3190,50285800,000200E4,000203D6,00000000,00010000,0029230D,3A004E20,2BFDC4C3,E007F8DB,00FC01E0,00000C76
3191,50518300,000400E5,000403D5,FFFE0003,00010000,0029230D,3A004E20,2BFDC4AC,E007F8DB,00FC04E0,00000C77
3192,50450000,000300E7,000403D3,FFFD0004,00010000,0029230D,3C004E20,2BFDC4AB,E007F8DB,00FC07A0,00000C78
3193,51346800,FFFE00EA,000403D2,FFFD0004,00010000,0029230D,3E004E20,2BFDC4C0,E007F8DC,00FC0AA0,00000C79
3194,50156500,000300E6,000203D2,FFFE0002,00010000,0029230D,3E004E20,2BFDC4E7,E007F8DD,00FC0D60,00000C7A
3195,52093200,000100E7,000003D3,0000FFFF,00010000,002A230D,3C004E20,2BFDC518,E007F8DD,00FC0020,00000C7B
3196,50500600,000100E5,FFFE03D4,0001FFFD,00010000,002A230D,3A004E20,2BFDC54B,E007F8DC,00FC0320,00000C7C
3197,49290400,FFFD00E2,FFFD03D5,0003FFFD,00010000,002A230D,3A004E20,2BFDC577,E007F8DB,00FC05E0,00000C7D
3198,51824000,FFFF00E4,FFFC03D7,0004FFFE,00010000,002A230D,3A004E20,2BFDC593,E007F8DB,00FC08E0,00000C7E
3199,49785100,000000E2,FFFD03D8,00040000,00010000,002A230D,3C004E20,2BFDC59B,E007F8DB,00FC0BA0,00000C7F
3200,50390700,FFFA00E4,FFFF03D8,00040002,00010000,002A230D,3E004E20,2BFDC58C,E007F8DC,00FC0EA0,00000C80
3201,48871700,000300E4,000103D8,00020003,00010000,002B230D,3E004E20,2BFDC569,E007F8DD,00FC0160,00000C81
3202,51050800,000300E6,000203D7,00000002,00010000,002B230D,3E004E20,2BFDC535,E007F8DD,00FC0420,00000C82
3203,49833400,000400E7,000303D6,FFFE0000,00010000,002B230D,3C004E20,2BFDC4FA,E007F8DD,00FC0720,00000C83
3204,51467700,FFFF00E2,000203D4,FFFDFFFD,00010000,002B230D,3A004E20,2BFDC4C0,E007F8DC,01FC09E0,00000C84
3205,49089000,FFFF00AE,000003D3,FFFCFFFC,00010000,002B230D,3A004E20,2BFDC491,E007F8DB,01FC0B60,00000C85
3206,50403300,00050048,FFFE03D3,0004FFFD,00010000,002B230E,3C004E20,2BFDC474,E007F8DB,01FC1BE0,00000C86
3207,51139200,000FFFEA,FFFD03D3,000BFFFF,00010000,002B2311,3E004E20,2801C46D,E007F8DC,01000B60,00000C87
3208,51844100,0018FFB5,FFFC03D4,00120002,00010000,FF2B2316,3E004E20,2801C47E,E007F8DD,0103FA20,00000C88
3209,49790100,0016FF96,FFFD03D5,00170004,00000000,FF2B231C,3C004E20,2801C4A4,E007F8DD,0103E8E0,00000C89
3210,51508000,0026FF85,FFFF03D7,001C0004,00000000,FF2B2323,3A004E20,2801B865,E007F8DD,0103C720,00000C8A
3211,47841100,0027FF7C,000103D7,001F0003,0000FFFF,FF2B232B,3A004E20,2801B89E,E007F8DC,0103B5A0,00000C8B
3212,50647500,0033FF7C,000303D7,00200000,0000FFFF,FF2B2333,3A004E20,2801B8D5,E007F8DB,010393E0,00000C8C
3213,52226000,0032FF8A,000403D7,0020FFFE,0000FFFF,FF2B233C,3C004E20,2801B900,E007F8DB,010382A0,00000C8D
3214,50686500,003AFFB4,000403D5,001EFFFD,0000FFFF,FF2B2345,3E004E20,2801B919,E007F8DB,010361E0,00000C8E
3215,49991700,0039FFF1,000303D4,001CFFFE,0000FFFF,FF2B234D,3E004E20,2801B91C,E007F8DC,000351E0,00000C8F
3216,51385600,00360034,000003D2,00120000,0000FFFF,FF2B2354,3C004E20,2801B90A,E007F8DD,000342E0,00000C90
3217,50193600,002C0066,FFFF03D1,000B0002,0000FFFF,FF2B2359,3A004E20,2801B8E6,E007F8DD,00034460,00000C91
3218,51960200,002D008B,FFFD03D1,00060003,0000FFFF,FF2B235C,3A004E20,2801B8B7,E007F8DC,00034660,00000C92
3219,49318200,002E00AA,FFFD03D2,00020003,0001FFFF,FF2B235E,3C004E20,2801B886,E007F8DC,000358A0,00000C93
3220,49644800,002900B5,FFFE03D4,00010001,0001FFFF,FF2B235F,3E004E20,2801B85A,E007F8DB,00036AE0,00000C94
3221,51329400,00260093,000003D5,0000FFFF,0001FFFF,FF2B2360,3E004E20,2801B83D,E007F8DB,00038C60,00000C95
3222,50728700,00200037,000203D7,0000FFFD,0001FFFF,FF2B235F,3E004E20,2801B833,E007F8DC,00039C60,00000C96
3223,50424700,0017FFE6,000403D8,0001FFFD,0001FFFF,FF2B235E,3C004E20,2801B83F,E007F8DD,0003ABE0,00000C97
3224,50228800,0013FFB7,000403D8,0001FFFE,0000FFFF,FF2B235D,3A004E20,2801B85F,E007F8DD,0003CAA0,00000C98
3225,51131700,000AFF99,000303D7,00000001,00000000,FF2B235C,3A004E20,2801B88E,E007F8DD,0003D960,00000C99
3226,51032300,0006FF8B,000103D6,FFFF0003,00000000,FF2B235B,3A004E20,2801B8C6,E007F8DC,0003E7A0,00000C9A
3227,50585100,0007FF7D,FFFE03D4,FFFE0003,00000000,FF2B235A,3C004E20,2801B8FD,E007F8DB,0003F620,00000C9B
3228,51984400,0001FF5C,FFFD03D3,FFFC0003,00000000,FF2B2359,3E004E20,2801B92A,E007F8DB,0003F360,00000C9C
3229,51834300,0005FF0B,FFFC03D3,FFFB0001,FFFF0000,002B2359,3E004E20,2801B946,E007F8DB,00000060,00000C9D
3230,50873100,0002FEFC,FFFC03D3,FFFBFFFE,FFFF0000,002A2358,3C004E20,2801B94D,E007F8DC,00000D20,00000C9E
3231,49508100,0002FEFD,FFFE03D4,FFFCFFFC,FFFF0000,002A2357,3A004E20,2801B93C,E007F8DD,000009E0,00000C9F
3232,49671300,FFFDFEFE,000003D5,FFFDFFFD,FFFF0000,002A2357,3A004E20,2801B917,E007F8DD,000406A0,00000CA0
3233,53651600,0003FEFF,000203D6,FFFFFFFE,FFFF0000,002A2357,3A004E20,2801B8E4,E007F8DC,00040360,00000CA1
3234,49453000,FFF4FF02,000303D8,00010001,FFFF0000,002A2356,3C004E20,2801B8A9,E007F8DB,00040060,00000CA2
3235,50079000,0003FF01,000203D8,00030003,FFFF0000,00292356,3E004E20,2801B871,E007F8DB,00040D20,00000CA3
3236,49489900,FFF6FF04,000103D8,00030004,FFFF0000,00292356,3E004E20,2801B844,E007F8DB,000409E0,00000CA4
3237,52370700,0001FF01,FFFF03D7,00030003,FFFF0000,00292356,3C004E20,2801B829,E007F8DC,000406A0,00000CA5
3238,50432000,FFFFFF00,FFFD03D6,00020001,FFFF0000,00292356,3A004E20,2801B823,E007F8DD,000403A0,00000CA6
3239,49856500,FFFFFF02,FFFC03D4,0001FFFE,FFFF0000,00292356,3A004E20,2801B833,E007F8DD,00040060,00000CA7
3240,49657500,0007FEFE,FFFC03D3,FFFFFFFD,FFFF0000,00282356,3C004E20,2801AAC9,E007F8DD,00040D20,00000CA8
3241,50635800,FFFDFF03,FFFE03D2,FFFDFFFE,FFFF0000,00282356,3E004E20,2801AAF6,E007F8DC,00040A20,00000CA9
3242,50550700,0003FF02,000003D2,FFFC0000,FFFF0000,00282356,3E004E20,2801AB27,E007F8DB,000406E0,00000CAA
3243,48874000,0001FF07,000203D3,FFFC0002,FFFF0000,00282356,3E004E20,2801AB52,E007F8DB,000403E0,00000CAB
3244,50208800,FFF8FF05,000403D4,FFFC0004,FFFF0000,00282356,3C004E20,2801AB71,E0FFF8DC,070400A0,00000CAC
3245,49373100,FFF4FF09,000403D6,FFF60004,FFFF0000,FF272355,3A004E20,2801AB7E,E0FFF8DD,0707FDA0,00000CAD
3246,50923000,FFEBFF0C,000303D7,FFF00002,FFFF0000,FF272351,3A004E20,2801AB75,E0FFF8DD,0707FAA0,00000CAE
3247,49378100,FFE8FF0B,000203D7,FFEAFFFF,FFFF0000,0027234B,3C004E20,2801AB59,E0FFF8DD,07040760,00000CAF
3248,51077600,FFDBFF09,FFFF03D7,FFE3FFFD,FFFF0000,00272343,3C004E20,2801AB2D,E0FFF8DC,07041460,00000CB0
3249,50590900,FFD5FF0A,FFFE03D6,FFDDFFFC,FFFF0001,00272339,3E004E20,2801AAF9,E0FFF8DB,06043160,00000CB1
3250,50338400,FFC7FF08,FFFD03D4,FFD5FFFD,FFFF0001,0026232D,3C004E20,2801AAC5,E0FFF8DB,06045E20,00000CB2
3251,50179000,FFBBFF09,FFFD03D3,FFCEFFFF,FFFF0001,0026231F,3A004E20,2801AA9A,E0FFD8DB,06047B20,00000CB3
3252,49916600,FFAAFF0B,FFFE03D2,FFC60001,FFFF0001,0026230F,3A004E20,2801AA7F,E0FF80DC,06049820,00000CB4
3253,51118400,FF9BFF0C,000003D2,FFBF0003,FFFF0001,002622FE,3A004E20,2801AA78,E0FF38DD,0604B520,00000CB5
3254,49565900,FF8CFF0F,000203D2,FFB80002,FFFF0002,002622EA,3C004E20,2801AA88,E0FEF8DD,0604D1E0,00000CB6
3255,49817100,FF81FEF1,000303D3,FFB20001,FFFF0002,002522D6,3E004E20,2801AAAC,E0FEC0DC,0504FE20,00000CB7
3256,51113800,FF73FE90,000203D5,FFADFFFF,FFFF0002,002522BF,3E004E20,2801AADF,E0FE88DB,05051920,00000CB8
3257,58899900,FF69FE84,000103D6,FFA9FFFD,FFFE0002,002522A7,3E004E20,2801AB18,E0FE58DB,05053460,00000CB9
3258,42760200,FF5BFE7F,FFFF03D7,FFA6FFFD,FFFE0002,0024228E,3C004E20,2801AB50,E0FE28DB,05055F60,00000CBA
3259,49647900,FF52FE80,FFFC03D8,FFA3FFFF,FFFE0003,00242273,3A004E20,2801AB7D,E0FE00DC,05057AA0,00000CBB
3260,51619900,FF41FE7D,FFFB03D7,FF9F0002,FFFE0003,00242257,3A004E20,2801AB99,E0FDD8DD,050585E0,00000CBC
3261,50114600,FF37FE7B,FFFB03D6,FF9B0004,FFFE0003,00242239,3C004E20,2801ABA0,E0FDB0DD,0405A0E0,00000CBD
3262,50243600,FF20FE81,FFFC03D5,FF950005,FFFE0003,0023221A,3E004E20,2801AB92,E0FD90DD,0405BC20,00000CBE
3263,52631500,FF1DFE62,FFFE03D4,FF8F0004,FFFE0004,002321F9,3E004E20,2801AB71,E0FD70DC,0405C660,00000CBF
3264,50211300,FF0EFE00,000003D3,FF880002,FFFE0004,002221D7,3C004E20,2801AB44,E0FD50DB,0405EFE0,00000CC0
3265,50468600,FF03FDF3,000203D3,FF81FFFF,FFFE0004,002221B3,3A004E20,2801AB12,E0FD38DB,0405F920,00000CC1
3266,50278700,FEFEFDF6,000203D3,FF7AFFFE,FFFD0004,0022218E,3A004E20,2801AAE5,E0FD18DC,030602A0,00000CC2
3267,50064300,FEEDFDF4,000203D4,FF73FFFE,FFFD0004,00212167,3A004E20,2801AAC3,E0FD00DC,03061BE0,00000CC3
3268,49801500,FEE9FDF7,000003D6,FF6E0000,FFFD0005,0021213E,3C004E20,2801AAB4,E0FCF0DD,03061560,00000CC4
3269,51388100,FEDBFDF7,FFFE03D7,FF690002,FFFD0005,00202114,3E004E20,2801AAB9,E0FCD8DD,03062EA0,00000CC5
3270,51072800,FED2FDF5,FFFD03D8,FF650003,FFFD0005,002020E9,3E004E20,28019C63,E0FCC8DC,03062820,00000CC6
3271,51670100,FEC6FDF7,FFFC03D8,FF620003,FFFD0005,002020BC,3C004E20,28019C8B,E0FCB8DB,03062160,00000CC7
3272,51305200,FEB9FDF5,FFFD03D7,FF5F0001,FFFD0005,001F208E,3A004E20,28019CBB,E0FCA8DB,03062AE0,00000CC8
3273,50803500,FEB4FDF9,FFFF03D5,FF5BFFFF,FFFD0006,001F205E,3A004E20,28019CEC,E0FCA0DB,02062460,00000CC9
3274,50511200,FEA5FE27,000103D4,FF57FFFC,FFFD0006,001E202E,3A004E20,28019D15,E0FC90DC,02062EE0,00000CCA
3275,49700500,FEA4FE8A,000303D2,FF53FFFB,FFFD0006,001E1FFC,3C004E20,28019D2F,E0FC88DC,02061A20,00000CCB
3276,51744600,FE9BFE93,000403D1,FF4DFFFC,FFFD0006,001E1FC8,3E004E20,28019D36,D0FC80DD,02061560,00000CCC
3277,50173700,FE9CFE92,000403D1,FF49FFFF,FFFE0006,001E1F94,3E004E20,28019D27,D0FC80DD,020610E0,00000CCD
3278,51455100,FE99FE96,000303D2,FF440001,FFFE0006,001D1F60,3E004E20,28019D05,D0FC78DC,02060C20,00000CCE
3279,49471200,FE94FE96,000103D3,FF400003,FFFE0006,001D1F2A,3C004E20,28019CD4,D0FC78DB,02060760,00000CCF
3280,50169800,FE92FE93,FFFE03D5,FF3D0003,FFFE0007,001D1EF4,3A004E20,28019C9D,D0FC70DB,0205F2A0,00000CD0
3281,50325200,FE8BFE97,FFFD03D6,FF3C0001,FFFE0007,001C1EBD,3A004E20,28019C66,D0FC70DC,0205FE20,00000CD1
3282,50558000,FE8BFE94,FFFD03D7,FF3CFFFF,FFFE0007,001C1E86,3C004E20,28019C3A,D0FC78DD,0205E960,00000CD2
3283,49699500,FE89FE95,FFFD03D6,FF3DFFFD,FFFE0007,001C1E4E,3E004E20,28019C1D,D0FC78DD,0205D4E0,00000CD3
3284,50576800,FE8DFE99,FFFF03D6,FF3EFFFD,FFFE0007,001C1E17,3E004E20,28019C15,D0FC78DD,0205C020,00000CD4
3285,49782200,FE8EFE9A,000103D4,FF40FFFF,FFFE0007,001B1DDF,3C004E20,28019C22,D0FC80DD,0205CBA0,00000CD5
3286,49849600,FE96FE9B,000303D3,FF420002,FFFE0007,001B1DA7,3A004E20,28019C42,D0FC80DC,0205B6E0,00000CD6
3287,49586100,FE93FE9E,000303D2,FF430004,FFFE0007,001B1D70,3A004E20,28019C6E,D0FC88DB,0205A260,00000CD7
3288,49800000,FEA0FE9F,000203D1,FF430005,FFFE0007,001A1D39,3A004E20,28019C9F,D0FC90DB,02059DE0,00000CD8
3289,50931200,FE9DFED1,000103D2,FF430003,FFFE0007,001A1D02,3C004E20,28019CCE,D0FC98DC,02058AA0,00000CD9
3290,53303500,FEA2FF2D,FFFF03D3,FF440001,FFFE0006,001A1CCD,3E004E20,28019CF0,D0FCA8DD,030567E0,00000CDA
3291,49194800,FEA3FF31,FFFD03D4,FF45FFFE,FFFE0006,001A1C97,3E004E20,28019D02,D0FCB8DD,03055560,00000CDB
3292,49379300,FEAFFF31,FFFC03D6,FF48FFFC,FFFE0006,001A1C63,3C004E20,28019D01,D0FCD0DC,030142A0,00000CDC
3293,49242700,FEB9FF32,FFFD03D7,FF4CFFFD,FFFF0006,00191C30,3A004E20,28019CEB,D0FCE0DB,03013FE0,00000CDD
3294,51047600,FEC0FF31,FFFE03D8,FF51FFFE,FFFF0006,00191BFE,3A004E20,28019CC6,D0FCF8DB,03013D60,00000CDE
3295,51770300,FED1FF34,000003D8,FF580001,FFFF0006,00191BCD,3C004E20,28019C98,D0FD10DB,03012AE0,00000CDF
3296,50085500,FED7FF38,000303D7,FF5F0003,FFFF0006,00191B9E,3E004E20,28019C68,D0FD28DB,04011820,00000CE0
3297,50166400,FEE4FF39,000403D6,FF660003,FFFF0006,00191B71,3E004E20,28019C3F,D0FD48DC,040105A0,00000CE1
3298,50500700,FEEEFF69,000403D4,FF6D0001,FFFF0005,00191B45,3E004E20,28019C25,D0FD68DD,0400F420,00000CE2
3299,50412700,FEF6FFAF,000303D3,FF74FFFE,FFFF0005,00191B1B,3C004E20,28019C1D,D0FD88DD,0400E320,00000CE3
3300,50578300,FEFFFFB3,000103D3,FF79FFFC,FFFF0005,00191AF3,3A004E20,28018CD8,D0FDB0DC,0400D220,00000CE4
3301,50180300,FF0DFFB1,000003D3,FF7EFFFB,FFFF0005,00191ACC,3A004E20,28018CF8,D0FDD8DB,0500D120,00000CE5
3302,50996600,FF16FFBF,FFFE03D4,FF83FFFC,FFFF0005,00191AA7,3A004E20,28018D26,D0FE08DB,0500C060,00000CE6
3303,50560400,FF23FFDE,FFFE03D5,FF88FFFF,00000004,00191A85,3C004E20,28018D5B,D0FE40DC,0500B020,00000CE7
3304,50672800,FF330003,FFFF03D6,FF8D0001,00000004,00191A64,3E004E20,28018D8F,D0FE70DC,0500B060,00000CE8
3305,51021700,FF3B002D,000103D7,FF930003,00000004,00191A45,3E004E20,28018DBB,D0FEB0DD,0500A120,00000CE9
3306,50819600,FF4C004A,000303D8,FF990003,00000004,00191A28,3C004E20,28018DD6,D0FEF0DD,0600A220,00000CEA
3307,51824200,FF560063,000403D7,FFA10001,00000004,00191A0D,3A004E20,28018DDF,D0FF38DD,0600A360,00000CEB
3308,50031600,FF62006F,000503D6,FFA8FFFF,00000003,001919F3,3A004E20,28018DD2,D0FF80DC,060094E0,00000CEC
3309,49329300,FF6A007F,000403D4,FFB0FFFD,00000003,001919DC,3C004E20,28018DB4,D0FFD0DB,06009660,00000CED
3310,54469800,FF6B0085,000203D3,FFB7FFFD,00010003,001919C6,3E004E20,28018D89,D0FFF8DB,060087E0,00000CEE
3311,49401100,FF7A008D,000003D2,FFBDFFFF,00010003,001919B1,3E004E20,28018D58,D0FFF8DC,060089A0,00000CEF
3312,49829000,FF84008C,FFFE03D2,FFC20001,00010003,0019199E,3E004E20,28018D29,D0FFF8DD,06008BA0,00000CF0
3313,51891100,FF880091,FFFD03D2,FFC60003,00010002,0019198D,3C004E20,28018D05,D0FFF8DD,07007D60,00000CF1
3314,49794300,FF910094,FFFD03D3,FFC90004,00010002,0019197C,3A004E20,28018CF1,D0FFF8DC,07007F20,00000CF2
3315,49452400,FFA10091,FFFE03D5,FFCA0003,00010002,001A196D,3A004E20,28018CF0,D0FFF8DC,07007120,00000CF3
3316,50648800,FFA2009B,000003D6,FFCC0001,00010002,001A195F,3C004E20,28018D01,D0FFF8DB,07006320,00000CF4
3317,50766700,FFAA009C,000203D7,FFCEFFFE,00010002,001A1951,3E004E20,28018D23,D0FFF8DB,070064E0,00000CF5
3318,48885700,FFA9009D,000303D7,FFD0FFFC,00010002,001A1944,3E004E20,28018D4E,D0FFF8DB,070066E0,00000CF6
3319,52060800,FFAF009F,000303D7,FFD3FFFC,00010002,001A1938,3E004E20,28018D7B,D0FFF8DC,070058E0,00000CF7
3320,49837900,FFB000A4,000203D6,FFD6FFFE,00010002,001A192D,3C004E20,28018DA3,D0FFF8DD,07005AE0,00000CF8
3321,50125400,FFB3009F,000003D4,FFD90000,00010002,001A1921,3A004E20,28018DBD,D0FFF8DD,07005CE0,00000CF9
3322,50357500,FFB700A0,FFFE03D3,FFDC0002,00010001,001A1916,3A004E20,28018DC5,D0FFF8DC,07005EE0,00000CFA
3323,50881100,FFBB009D,FFFC03D2,FFDD0003,00010001,001B190B,3C004E20,28018DB9,D0FFF8DC,070040E0,00000CFB
3324,50883900,FFB900A3,FFFC03D3,FFDE0001,00010001,001B1900,3E004E20,28018D9B,D0FFF8DB,070042E0,00000CFC
3325,51158200,FFC1009F,FFFD03D3,FFDDFFFF,00010001,001B18F5,3E004E20,28018D6E,D0FFF8DB,070044E0,00000CFD
3326,50873100,FFBE00A2,FFFF03D5,FFDCFFFD,00010001,001B18EA,3C004E20,28018D3A,D0FFF8DC,070046E0,00000CFE
3327,50919600,FFBC00A1,000103D6,FFD9FFFC,00010001,001B18DF,3A004E20,28018D06,D0FFF8DD,07004920,00000CFF
3328,51196500,FFB800A7,000303D8,FFD7FFFD,00010001,001B18D4,3A004E20,28018CDB,D0FFF8DD,07004B20,00000D00
3329,51546200,FFB900AA,000403D8,FFD4FFFF,00010001,001B18C8,3A004E20,28018CBF,D0FFF8DD,07004D20,00000D01
3330,49212300,FFB400AA,000403D8,FFD20002,00010001,001B18BC,3C004E20,28017C94,D0FFF8DC,07004F60,00000D02
3331,51225100,FFB400A9,000203D7,FFD10004,00010001,001C18AF,3E004E20,28017C9F,D0FFF8DB,07004160,00000D03
3332,49533400,FFB000AB,000003D6,FFD10004,00010001,001C18A2,3E004E20,28017CBD,D0FFF8DB,07004360,00000D04
3333,50576900,FFB200A9,FFFE03D5,FFD00002,00010001,001C1895,3E004E20,28017CE7,D0FFF8DB,070055A0,00000D05
3334,50432600,FFAE00AA,FFFD03D3,FFD00000,00010001,001C1887,3C004E20,28017D18,D0FFF8DC,060057A0,00000D06
3335,49963700,FFAB00A9,FFFD03D3,FFD0FFFE,00010001,001C1878,3A004E20,28017D46,D0FFF8DD,060059E0,00000D07
3336,51693500,FFAE00A8,FFFF03D3,FFCEFFFD,00010002,001C1869,3A004E20,28017D6B,D0FFF8DD,06005BE0,00000D08
3337,49525500,FFA500AA,000003D3,FFCCFFFE,00010002,001C1859,3C004E20,28017D81,D0FFF8DC,06006E20,00000D09
3338,50370100,FF9F00B0,000203D5,FFC90001,00010002,001D1849,3E004E20,28017D85,D0FFF8DB,06006060,00000D0A
3339,50836200,FF9900B1,000303D6,FFC50003,00010002,001D1838,3E004E20,28017D77,D0FFF8DB,06006260,00000D0B
3340,50825700,FF9700B2,000303D7,FFC10004,00010002,001D1826,3C004E20,28017D58,D0FFF8DB,060074A0,00000D0C
3341,50256100,FF9300B1,000203D7,FFBD0003,00010002,001D1814,3A004E20,28017D30,D0FFE8DC,060076E0,00000D0D
3342,50547100,FF9100B5,000003D7,FFB90000,00010002,001D1801,3A004E20,28017D05,D0FFC8DD,060088E0,00000D0E
3343,51576500,FF8F00AF,FFFE03D6,FFB7FFFE,00010002,001D17EE,3A004E20,28017CDF,D0FFA8DD,06008B20,00000D0F
3344,50452500,FF8A00B1,FFFC03D4,FFB5FFFC,00010002,001D17DA,3C004E20,28017CC5,D0FF88DD,06008D60,00000D10
3345,49699100,FF8900B1,FFFB03D3,FFB5FFFC,00010002,001D17C5,3E004E20,28017CBB,D0FF68DC,06009FA0,00000D11
3346,49973100,FF8100AF,FFFC03D2,FFB4FFFD,00010002,001E17B0,3E004E20,28017CC4,D0FF50DB,0600A1E0,00000D12
3347,50038100,FF7C00B2,FFFE03D1,FFB40000,00010002,001E179A,3C004E20,28017CE0,D0FF38DB,0600A420,00000D13
3348,51543300,FF7500B5,000003D2,FFB30002,00010002,001E1783,3A004E20,28017D09,D0FF18DC,0600B660,00000D14
3349,50844800,FF7100B5,000203D3,FFB10003,00010002,001E176C,3A004E20,28017D3A,D0FF00DD,0600B8A0,00000D15
3350,50074900,FF6800B7,000303D4,FFAE0002,00010003,001E1754,3C004E20,28017D6B,D0FEF0DD,0500CAE0,00000D16
3351,50488600,FF6B00BD,000203D6,FFAB0000,00010003,001E173C,3E004E20,28017D94,D0FED8DD,0500CD20,00000D17
3352,50195100,FF6400B1,000103D7,FFA8FFFE,00010003,001E1723,3E004E20,28017DAF,E0FEC0DC,0500DF20,00000D18
3353,50312900,FF60008C,FFFF03D8,FFA4FFFD,00010003,001F1709,3E004E20,28017DB7,E0FEB0DB,0500E0A0,00000D19
3354,53860400,FF5B0037,FFFD03D8,FFA2FFFE,00010003,001F16EF,3C004E20,28017DAB,E0FE98DB,0500E0E0,00000D1A
3355,49072100,FF59FFF7,FFFC03D7,FFA00001,00010003,001F16D5,3A004E20,28017D8D,E0FE88DB,0500F060,00000D1B
3356,50004900,FF4EFFCD,FFFD03D5,FF9F0003,00000003,001E16BB,3A004E20,28017D62,E0FE78DC,0500FFA0,00000D1C
3357,48841100,FF4DFF98,FFFE03D4,FF9F0005,00000003,001E169F,3A004E20,28017D31,E0FE60DD,0500FDE0,00000D1D
3358,48881200,FF4AFF3E,000003D3,FF9F0005,00000003,001E1684,3C004E20,28017D00,E0FE50DD,05010B60,00000D1E
3359,51392000,FF41FF36,000303D3,FF9F0004,00000003,001E1668,3E004E20,28017CD9,E0FE40DC,050108A0,00000D1F
3360,50582500,FF43FF2D,000403D3,FF9F0001,FFFF0003,001E164B,3E004E20,28016BFE,D0FE28DB,050105E0,00000D20
3361,50715600,FF3DFF33,000403D4,FF9EFFFE,FFFF0003,001E162E,3C004E20,28016BF8,D0FE18DB,05010360,00000D21
3362,51993900,FF3BFF2D,000303D6,FF9CFFFD,FFFF0003,001E1610,3A004E20,28016C05,D0FE08DB,050100A0,00000D22
3363,51224600,FF3AFF2F,000103D7,FF99FFFE,FFFF0004,001D15F2,3A004E20,28016C20,D0FE00DC,05010DE0,00000D23
3364,49892600,FF37FF2B,FFFF03D8,FF950000,FFFF0004,001D15D3,3A004E20,28016C46,D0FDF0DD,05010B20,00000D24
3365,50417900,FF31FF2C,FFFD03D8,FF910002,FFFF0004,001D15B4,3C004E20,28016C6F,D0FDE8DD,05010860,00000D25
3366,51377900,FF2FFF29,FFFD03D7,FF8E0003,FFFF0004,001D1594,3E004E20,28016C94,D0FDE0DD,040105E0,00000D26
3367,49593300,FF2BFF2C,FFFD03D6,FF8B0002,FFFF0004,001D1573,3E004E20,28016CAF,D0FDD0DC,04010320,00000D27
3368,51536300,FF24FF27,FFFF03D4,FF890000,FFFF0004,001D1552,3C004E20,28016CBA,D0FDC8DB,04010060,00000D28
3369,55946700,FF27FF2F,000103D3,FF88FFFE,FFFF0004,001C1530,3A004E20,28016CB4,D0FDC0DB,04010DE0,00000D29
3370,46614600,FF23FF2F,000203D2,FF88FFFC,FFFF0004,001C150F,3A004E20,28016C9C,D0FDC0DC,04010B20,00000D2A
3371,50232600,FF22FF30,000303D2,FF88FFFC,FFFF0004,001C14EC,3C004E20,28016C76,D0FDB8DC,04010860,00000D2B
3372,50882700,FF26FF30,000203D2,FF89FFFE,FFFF0004,001C14C9,3E004E20,28016C49,D0FDB8DD,040105E0,00000D2C
3373,50990600,FF23FF33,000103D4,FF890000,FFFF0004,001C14A7,3E004E20,28016C1C,D0FDB0DD,04010320,00000D2D
3374,51951900,FF22FF2F,FFFF03D5,FF880003,FFFF0004,001C1483,3E004E20,28016BF5,D0FDB0DC,0400F060,00000D2E
3375,49735400,FF1EFF32,FFFD03D6,FF870004,FFFF0004,001B1460,3C004E20,28016BDB,D0FDB0DB,0400FDE0,00000D2F
3376,51879400,FF20FF2C,FFFC03D7,FF850003,FFFF0004,001B143C,3A004E20,28016BD4,D0FDB0DB,0400FB20,00000D30
3377,49333000,FF1CFF2E,FFFC03D7,FF830001,FFFF0004,001B1419,3A004E20,28016BDF,D0FDB0DB,0400F8A0,00000D31
3378,51167500,FF1DFF5A,FFFD03D6,FF81FFFE,FFFF0004,001B13F5,3A004E20,28016BFB,D0FDB8DC,0400E720,00000D32
3379,50721300,FF1AFFA3,FFFF03D5,FF80FFFD,FFFF0004,001B13D1,3C004E20,28016C25,D0FDB8DD,0400E5E0,00000D33
3380,50721500,FF1CFFAA,000103D3,FF7FFFFD,FFFF0004,001B13AE,3E004E20,28016C55,D0FDC0DD,0400E4E0,00000D34
3381,50881400,FF1FFFA9,000303D2,FF800000,FFFF0004,001B138A,3C004E20,28016C85,D0FDC8DD,0400E3A0,00000D35
3382,50300200,FF27FFAB,000403D2,FF820002,FFFF0004,001B1367,3C004E20,28016CAC,D0FDD0DC,0400D260,00000D36
3383,49697700,FF27FFAD,000303D2,FF850004,FFFF0004,001B1344,3A004E20,28016CC5,D0FDD8DB,0400D160,00000D37
3384,51150900,FF28FFAA,000103D3,FF880004,FFFF0004,001B1321,3A004E20,28016CCD,D0FDE8DB,0500D060,00000D38
3385,51202100,FF28FFA9,FFFF03D4,FF8B0002,FFFF0004,001A12FF,3C004E20,28016CC2,D0FDF0DC,0500DF20,00000D39
3386,50205500,FF2CFFAA,FFFE03D6,FF8D0000,00000004,001A12DD,3E004E20,28016CA7,D0FE00DD,0500DE20,00000D3A
3387,50425100,FF2BFFA8,FFFD03D7,FF8FFFFD,00000004,001A12BB,3E004E20,28016C82,D0FE08DD,0500CCE0,00000D3B
3388,49802600,FF2DFFAE,FFFE03D8,FF8FFFFC,00000004,001A129A,3E004E20,28016C58,D0FE10DD,0500CBE0,00000D3C
3389,50528300,FF35FFB6,000003D8,FF90FFFD,00000004,001A127A,3C004E20,28016C32,D0FE20DC,0500CB20,00000D3D
3390,51626200,FF33FFD7,000203D7,FF90FFFF,00000004,001A1259,3A004E20,28015AA6,D0FE30DB,0500CAE0,00000D3E
3391,49981700,FF410008,000403D6,FF900001,00000004,001A123A,3A004E20,28015A99,D0FE38DB,0500BB20,00000D3F
3392,51794100,FF3D002D,000503D4,FF900002,00000004,001A121A,3C004E20,28015A9D,D0FE50DB,0500BBA0,00000D40
3393,52320200,FF450051,000403D3,FF920002,00000004,001A11FC,3E004E20,28015AB1,D0FE60DC,0500BCA0,00000D41
3394,50898800,FF4B0064,000203D3,FF950000,00000004,001A11DD,3E004E20,28015AD3,D0FE70DD,0500BE20,00000D42
3395,49294500,FF490077,000003D3,FF98FFFD,00000003,001A11BF,3C004E20,28015AFC,D0FE80DD,0500BF60,00000D43
3396,49967100,FF4A007E,FFFE03D4,FF9CFFFC,00000003,001B11A2,3A004E20,28015B26,D0FE98DC,0500B120,00000D44
3397,49250600,FF4F0088,FFFD03D5,FF9FFFFC,00010003,001B1185,3A004E20,28015B4B,D0FEB0DB,0500B2E0,00000D45
3398,51749300,FF500090,FFFC03D7,FFA2FFFE,00010003,001B1169,3A004E20,28015B63,D0FEC0DB,0500B4A0,00000D46
3399,51349500,FF540092,FFFD03D8,FFA50000,00010003,001B114D,3C004E20,28015B6A,D0FED0DB,0500B6A0,00000D47
3400,51598900,FF580098,FFFF03D8,FFA60003,00010003,001B1132,3E004E20,28015B60,D0FEE8DC,0500B860,00000D48
3401,49585800,FF5F009F,000103D7,FFA70004,00010003,001B1118,3E004E20,28015B45,D0FEF0DD,0500BA60,00000D49
3402,51441200,FF61009F,000303D6,FFA60003,00010003,001B10FE,3C004E20,28015B1D,D0FF00DD,0600BC60,00000D4A
3403,49677100,FF6300A9,000303D5,FFA60001,00010003,001B10E4,3A004E20,28015AEF,D0FF10DD,0600BE60,00000D4B
3404,50850400,FF5F00A4,000203D3,FFA6FFFF,00010003,001C10CB,3A004E20,28015AC1,D0FF18DC,0600B060,00000D4C
3405,52804400,FF6000A9,000003D2,FFA7FFFD,00010003,001C10B3,3A004E20,28015A9A,D0FF20DB,0600B260,00000D4D
3406,47924000,FF6200A5,FFFE03D2,FFA8FFFE,00010003,001C109A,3C004E20,28015A81,D0FF30DB,0600B4A0,00000D4E
3407,50506600,FF6400A8,FFFC03D2,FFAAFFFF,00010003,001C1082,3E004E20,28015A79,D0FF38DC,0600B6A0,00000D4F
3408,51158200,FF6600A2,FFFC03D3,FFAC0002,00010003,001C106A,3E004E20,28015A82,D0FF38DD,0600B8E0,00000D50
3409,48610000,FF6900AC,FFFD03D4,FFAF0004,00010003,001C1053,3E004E20,28015A9B,D0FF40DD,0600BAE0,00000D51
3410,48343800,FF6B00A9,FFFF03D6,FFB10004,00010003,001C103B,3C004E20,28015ABE,D0FF40DD,0600BCE0,00000D52
3411,50478500,FF6D00A9,000103D7,FFB20002,00010003,001C1024,3A004E20,28015AE7,D0FF40DC,0600BF20,00000D53
3412,51672400,FF6C00AC,000303D7,FFB2FFFF,00010003,001D100D,3A004E20,28015B0D,D0FF40DB,0600B160,00000D54
3413,51122300,FF6B00AE,000403D7,FFB1FFFD,00010003,001D0FF6,3C004E20,28015B2A,D0FF40DB,0600B360,00000D55
3414,50773400,FF6F00B4,000403D6,FFB0FFFC,00010003,001D0FDF,3E004E20,28015B3A,D0FF38DB,0600C5A0,00000D56
3415,50024400,FF6800B5,000303D4,FFAEFFFC,00010003,001D0FC8,3E004E20,28015B39,D0FF38DC,0600C7A0,00000D57
3416,51940000,FF6900B2,000103D3,FFACFFFF,00010003,001D0FB0,3C004E20,28015B27,D0FF38DD,0600C9E0,00000D58
3417,49685200,FF6200AD,FFFF03D2,FFAB0001,00010003,001D0F99,3A004E20,28015B08,D0FF28DD,0600CC20,00000D59
3418,50348300,FF6900B3,FFFD03D2,FFAA0003,00010003,001D0F82,3A004E20,28015AE0,D0FF28DC,0600CE60,00000D5A
3419,51211100,FF6E00B4,FFFD03D3,FFAB0003,00010003,001E0F6B,3A004E20,28015AB7,D0FF20DC,0600C0A0,00000D5B
3420,50324700,FF6600AF,FFFE03D4,FFAC0001,00010003,001E0F53,3C004E20,280148BD,D0FF18DB,0600D2E0,00000D5C
3421,50289300,FF6D00B0,000003D6,FFADFFFF,00010003,001E0F3C,3E004E20,280148A7,D0FF08DB,0600D4E0,00000D5D
3422,50212200,FF6B00B6,000203D7,FFAEFFFD,00010003,001E0F24,3E004E20,2801489F,D0FF08DC,0600D720,00000D5E
3423,49608400,FF6300BA,000403D8,FFAFFFFD,00010003,001E0F0C,3C004E20,280148A8,D0FEF8DD,0600D960,00000D5F
3424,51392200,FF6000B8,000403D8,FFAFFFFE,00010003,001E0EF3,3A004E20,280148C2,D0FEF0DD,0500EBA0,00000D60
3425,50612700,FF6100BC,000303D8,FFAE0001,00010003,001E0EDB,3A004E20,280148E7,E0FEE8DD,0500EE20,00000D61
3426,51532000,FF5B00B7,000103D6,FFAC0003,00010003,001F0EC2,3C004E20,28014913,E0FED8DC,0500E020,00000D62
3427,49229600,FF590088,FFFE03D5,FFAA0005,00010003,001F0EA9,3E004E20,2801493F,E0FED0DB,0500F160,00000D63
3428,50449500,FF59003A,FFFC03D4,FFA80004,00010003,001F0E90,3E004E20,28014964,E0FEC8DB,0500F1A0,00000D64
3429,51429100,FF58FFF6,FFFC03D3,FFA60002,00010003,001F0E77,3E004E20,2801497D,E0FEB8DB,0500F160,00000D65
3430,51603000,FF55FFCB,FFFC03D3,FFA50000,00000003,001F0E5E,3C004E20,28014986,E0FEA8DC,0500F0A0,00000D66
3431,49189000,FF55FFBA,FFFE03D3,FFA4FFFE,00000003,001E0E44,3A004E20,2801497D,E0FE98DD,0500FFA0,00000D67
3432,50964400,FF54FFAF,000003D4,FFA4FFFE,00000003,001E0E2A,3A004E20,28014966,E0FE88DD,0500FEA0,00000D68
3433,50426700,FF48FFA3,000103D6,FFA4FFFF,00000003,001E0E10,3A004E20,28014944,E0FE78DC,05010D60,00000D69
3434,50256000,FF4BFFA6,000303D7,FFA50001,00000003,001E0DF6,3C004E20,2801491C,E0FE70DB,05010C20,00000D6A
3435,51227600,FF45FFA5,000203D7,FFA50003,00000003,001E0DDB,3E004E20,280148F6,E0FE60DB,05010AE0,00000D6B
3436,50534300,FF42FF81,000103D7,FFA40004,00000003,001E0DBF,3E004E20,280148D8,E0FE50DB,050108E0,00000D6C
3437,49311400,FF49FF34,FFFF03D6,FFA20002,FFFF0003,001E0DA3,3C004E20,280148C7,D0FE48DC,05010620,00000D6D
3438,50755900,FF3EFF27,FFFE03D5,FFA00000,FFFF0003,001E0D87,3A004E20,280148C6,D0FE40DD,05010360,00000D6E
3439,50700300,FF45FF28,FFFC03D3,FF9DFFFD,FFFF0003,001E0D6A,3A004E20,280148D4,D0FE30DD,050100A0,00000D6F
3440,49842100,FF41FF26,FFFC03D2,FF99FFFC,FFFF0003,001D0D4D,3C004E20,280148F0,D0FE20DD,05010E20,00000D70
3441,50369100,FF3BFF2B,FFFE03D1,FF96FFFC,FFFF0003,001D0D30,3E004E20,28014914,D0FE18DC,05010B60,00000D71
3442,50142200,FF3AFF27,000003D2,FF93FFFF,FFFF0004,001D0D12,3E004E20,2801493A,D0FE10DB,050108A0,00000D72
3443,51469100,FF36FF2C,000203D3,FF910001,FFFF0004,001D0CF3,3E004E20,2801495C,D0FE08DB,050105E0,00000D73
3444,49715000,FF31FF2F,000403D4,FF910003,FFFF0004,001D0CD5,3C004E20,28014973,D0FE00DC,05010320,00000D74
3445,49763300,FF33FF2F,000403D6,FF910003,FFFF0004,001D0CB5,3A004E20,2801497B,D0FDF8DD,050100A0,00000D75
3446,50937300,FF2FFF30,000403D7,FF910002,FFFF0004,001C0C96,3A004E20,28014973,D0FDF8DD,0500FDE0,00000D76
3447,50213300,FF31FF2F,000203D7,FF92FFFF,FFFF0004,001C0C76,3C004E20,2801495A,D0FDF0DD,0500FB20,00000D77
3448,50911700,FF32FF31,000003D7,FF92FFFE,FFFF0004,001C0C56,3E004E20,28014936,D0FDF0DC,0500F8A0,00000D78
3449,49216100,FF30FF59,FFFE03D6,FF91FFFD,FFFF0004,001C0C36,3E004E20,2801490A,D0FDF0DB,0500F720,00000D79
3450,50646000,FF32FFA2,FFFD03D5,FF90FFFE,FFFF0004,001C0C15,3E004E20,280136BF,D0FDE8DB,0500F5E0,00000D7A
3451,49308900,FF2DFFA3,FFFD03D4,FF8E0001,FFFF0004,001C0BF4,3C004E20,2801369C,D0FDF0DB,0500E4A0,00000D7B
3452,51023700,FF2CFFA1,FFFF03D3,FF8C0003,FFFF0004,001C0BD3,3A004E20,28013684,D0FDF0DC,0500E360,00000D7C
3453,51332100,FF2CFFA6,000103D3,FF8B0004,FFFF0004,001C0BB2,3A004E20,2801367C,D0FDF8DD,0500E260,00000D7D
3454,51817200,FF2CFFA9,000203D3,FF8A0004,FFFF0004,001C0B91,3C004E20,28013683,D0FDF8DD,0500E120,00000D7E
3455,50929500,FF2AFFA8,000303D4,FF890001,FFFF0004,001B0B70,3E004E20,28013699,D0FDF8DC,0500EFE0,00000D7F
3456,50687800,FF2FFFAB,000303D6,FF8AFFFF,FFFF0004,001B0B4F,3E004E20,280136BA,D0FE00DB,0500EEE0,00000D80
3457,49731300,FF31FFA8,000203D7,FF8CFFFD,00000004,001B0B2F,3C004E20,280136E1,D0FE08DB,0500EDA0,00000D81
3458,51510500,FF31FFA8,FFFF03D8,FF8EFFFD,00000004,001B0B0E,3C004E20,28013706,D0FE08DB,0500ECA0,00000D82
3459,51491800,FF38FFA9,FFFD03D8,FF91FFFE,00000004,001B0AEE,3A004E20,28013724,D0FE10DC,0500DB60,00000D83
3460,51194300,FF32FFA6,FFFC03D8,FF940000,00000004,001B0ACE,3A004E20,28013737,D0FE18DD,0500DA20,00000D84
3461,49559700,FF36FFA5,FFFC03D6,FF950002,00000004,001B0AAE,3C004E20,2801373A,D0FE20DD,0500D920,00000D85
3462,51522000,FF34FFA5,FFFD03D5,FF960003,00000004,001B0A8E,3E004E20,2801372F,D0FE28DD,0500D7E0,00000D86
3463,51317900,FF34FFA6,FFFF03D3,FF960002,00000004,001B0A6F,3E004E20,28013716,D0FE30DC,0500D6E0,00000D87
3464,50142100,FF38FFAA,000103D2,FF96FFFF,00000004,001B0A50,3E004E20,280136F6,D0FE38DB,0500C5E0,00000D88
3465,51565300,FF3DFFBB,000303D2,FF95FFFD,00000004,001B0A31,3C004E20,280136D2,D0FE40DB,0500C520,00000D89
3466,50918400,FF3DFFD9,000303D2,FF94FFFC,00000004,001B0A13,3A004E20,280136B2,D0FE48DC,0500C4A0,00000D8A
3467,49956100,FF3F0004,000303D3,FF94FFFC,00000004,001B09F4,3A004E20,2801369C,D0FE58DC,0500C4E0,00000D8B
3468,49895100,FF4A002A,000103D5,FF95FFFE,00000004,001B09D7,3C004E20,28013693,D0FE60DD,0500C5A0,00000D8C
3469,50023500,FF44004E,FFFF03D6,FF960001,00000003,001B09B9,3E004E20,2801369A,D0FE70DD,0500B6A0,00000D8D
3470,50752500,FF4E0062,FFFE03D7,FF990003,00000003,001B099B,3E004E20,280136B0,D0FE78DC,0500B7E0,00000D8E
3471,49205400,FF4D0070,FFFD03D7,FF9C0003,00000003,001B097E,3C004E20,280136D1,D0FE90DB,0500C960,00000D8F
3472,51474800,FF4B0080,FFFE03D6,FF9E0002,00000003,001B0962,3A004E20,280136F9,D0FE98DB,0500CB20,00000D90
3473,49573700,FF4E008B,FFFF03D5,FFA10000,00010003,001B0945,3A004E20,28013722,D0FEA8DB,0500CCE0,00000D91
3474,51776400,FF4F0091,000103D4,FFA2FFFE,00010003,001B0929,3A004E20,28013745,D0FEB8DC,0500CEA0,00000D92
3475,50627900,FF55009D,000303D2,FFA3FFFD,00010003,001C090E,3C004E20,2801375D,D0FEC0DC,0500C0A0,00000D93
3476,51210100,FF56009D,000403D2,FFA3FFFE,00010003,001C08F2,3E004E20,28013766,D0FED0DD,0500C2A0,00000D94
3477,50159100,FF5900A7,000403D2,FFA20000,00010003,001C08D8,3E004E20,2801375E,D0FED8DD,0500C4A0,00000D95
3478,48927900,FF5B00A9,000303D3,FFA20003,00010003,001C08BD,3C004E20,28013748,D0FEE8DC,0500C6A0,00000D96
3479,51014400,FF5E00A7,000103D4,FFA20004,00010003,001C08A3,3A004E20,28013726,D0FEE8DB,0500C8A0,00000D97
3480,49973800,FF5B00A7,FFFF03D6,FFA20003,00010003,001C0889,3A004E20,2801248F,D0FEF0DB,0600CAA0,00000D98
3481,50298400,FF5F00A8,FFFD03D7,FFA30001,00010003,001C0870,3C004E20,2801246A,D0FF00DC,0600CCE0,00000D99
3482,50349800,FF5A00AB,FFFD03D8,FFA5FFFE,00010003,001C0857,3E004E20,2801244C,D0FF00DD,0600CEE0,00000D9A
3483,49680200,FF5A00A6,FFFD03D8,FFA8FFFC,00010003,001D083E,3E004E20,28012439,D0FF00DD,0600C120,00000D9B
3484,51206300,FF6000AF,FFFF03D7,FFAAFFFC,00010003,001D0825,3E004E20,28012434,D0FF08DD,0600D320,00000D9C
3485,50760800,FF5F00AD,000103D6,FFACFFFD,00010003,001D080C,3C004E20,2801243D,D0FF08DD,0600D560,00000D9D
3486,50405900,FF6200B0,000203D4,FFAD0000,00010003,001D07F4,3A004E20,28012452,D0FF08DC,0600D7A0,00000D9E
3487,50402800,FF6100B2,000303D3,FFAE0002,00010003,001D07DB,3A004E20,28012470,D0FF08DB,0600D9A0,00000D9F
3488,50308000,FF6400B3,000203D3,FFAD0003,00010003,001D07C3,3A004E20,28012491,D0FF08DB,0600DBE0,00000DA0
3489,50825400,FF6200B4,000003D3,FFAC0002,00010003,001D07AB,3C004E20,280124AF,D0FF00DC,0600DE20,00000DA1
3490,50313700,FF6000B3,FFFE03D4,FFAA0000,00010003,001E0792,3E004E20,280124C5,D0FF00DD,0600D060,00000DA2
3491,50174600,FF5D00B0,FFFC03D5,FFA9FFFD,00010003,001E077A,3E004E20,280124CF,D0FF00DD,0600D260,00000DA3
3492,49989500,FF5C00B2,FFFC03D7,FFA7FFFC,00010003,001E0762,3C004E20,280124CA,D0FEF8DC,0600E4A0,00000DA4
3493,51062800,FF5B00B2,FFFC03D8,FFA7FFFD,00010003,001E0749,3A004E20,280124B7,D0FEF0DB,0500E6E0,00000DA5
3494,49597500,FF5D00B2,FFFE03D8,FFA8FFFF,00010003,001E0730,3A004E20,28012499,D0FEE8DB,0500E920,00000DA6
3495,50982900,FF5F00B5,000003D8,FFA90002,00010003,001E0718,3A004E20,28012474,D0FEE0DB,0500EB60,00000DA7
3496,50328800,FF5B00B1,000203D6,FFAA0004,00010003,001E06FF,3C004E20,2801244F,E0FEE0DB,0500FDA0,00000DA8
3497,50292100,FF600089,000303D5,FFAC0005,00010003,001E06E6,3E004E20,2801242E,E0FED0DC,0500FEE0,00000DA9
3498,49940800,FF5A0041,000403D4,FFAD0004,00010003,001E06CD,3E004E20,28012418,E0FEC8DD,0500FF20,00000DAA
3499,52014900,FF55FFF7,000303D2,FFAD0001,00010003,001E06B4,3C004E20,28012410,E0FEC0DD,0500FEE0,00000DAB
3500,48616800,FF55FFD3,000103D2,FFACFFFF,00000003,001E069B,3A004E20,28012417,E0FEB0DC,0500FE20,00000DAC
3501,53105400,FF51FFBA,FFFF03D2,FFAAFFFE,00000003,001E0681,3A004E20,2801242C,E0FEA0DB,0500FD20,00000DAD
3502,49350300,FF4DFFAF,FFFE03D3,FFA7FFFF,00000003,001E0668,3C004E20,2801244C,E0FE98DB,0500FBE0,00000DAE
3503,50634700,FF4EFFA5,FFFD03D4,FFA40000,00000003,001E064E,3E004E20,28012472,E0FE90DC,0500FAE0,00000DAF
3504,50545000,FF4FFFA4,FFFE03D6,FFA20003,00000003,001E0634,3E004E20,28012498,E0FE80DC,0500F9A0,00000DB0
3505,49994000,FF4FFF9C,000003D7,FFA00004,00000003,001E0619,3E004E20,280124B8,D0FE70DD,0500F860,00000DB1
3506,49654200,FF4BFFA2,000203D7,FF9E0003,00000003,001E05FE,3C004E20,280124CC,D0FE68DD,0500F720,00000DB2
3507,51412700,FF4BFFA2,000303D7,FF9E0001,00000003,001E05E3,3A004E20,280124D3,D0FE58DD,0500F5E0,00000DB3
3508,50104600,FF4AFFA2,000403D6,FF9EFFFE,00000003,001E05C7,3A004E20,280124CC,D0FE50DC,0500F4A0,00000DB4
3509,50716600,FF43FFA3,000303D4,FF9EFFFC,00000003,001E05AB,3A004E20,280124B8,D0FE48DB,0500F360,00000DB5
