Copyright 1986-2022 Xilinx, Inc. All Rights Reserved.
------------------------------------------------------------------------------------------------------------------------------------------------------------------------------------------------------------------------
| Tool Version      : Vivado v.2022.2 (win64) Build 3671981 Fri Oct 14 05:00:03 MDT 2022
| Date              : Thu Aug 13 01:08:54 2026
| Host              : JH_HP running 64-bit major release  (build 9200)
| Command           : report_timing_summary -delay_type min_max -max_paths 20 -file C:/Users/jiho0/GitProjects/FPGA-Autonomous-Vehicle-Project/verification_reports/standalone_synth/standalone_routed_timing_90mhz.rpt
| Design            : top_controller
| Device            : xczu2cg-sfvc784
| Speed File        : -1  PRODUCTION 1.30 05-15-2022
| Temperature Grade : E
------------------------------------------------------------------------------------------------------------------------------------------------------------------------------------------------------------------------

Timing Summary Report

------------------------------------------------------------------------------------------------
| Timer Settings
| --------------
------------------------------------------------------------------------------------------------

  Enable Multi Corner Analysis               :  Yes
  Enable Pessimism Removal                   :  Yes
  Pessimism Removal Resolution               :  Nearest Common Node
  Enable Input Delay Default Clock           :  No
  Enable Preset / Clear Arcs                 :  No
  Disable Flight Delays                      :  No
  Ignore I/O Paths                           :  No
  Timing Early Launch at Borrowing Latches   :  No
  Borrow Time for Max Delay Exceptions       :  Yes
  Merge Timing Exceptions                    :  Yes

  Corner  Analyze    Analyze    
  Name    Max Paths  Min Paths  
  ------  ---------  ---------  
  Slow    Yes        Yes        
  Fast    Yes        Yes        


------------------------------------------------------------------------------------------------
| Report Methodology
| ------------------
------------------------------------------------------------------------------------------------

No report available as report_methodology has not been run prior. Run report_methodology on the current design for the summary of methodology violations.



check_timing report

Table of Contents
-----------------
1. checking no_clock (0)
2. checking constant_clock (0)
3. checking pulse_width_clock (0)
4. checking unconstrained_internal_endpoints (0)
5. checking no_input_delay (50)
6. checking no_output_delay (37)
7. checking multiple_clock (0)
8. checking generated_clocks (0)
9. checking loops (0)
10. checking partial_input_delay (0)
11. checking partial_output_delay (0)
12. checking latch_loops (0)

1. checking no_clock (0)
------------------------
 There are 0 register/latch pins with no clock.


2. checking constant_clock (0)
------------------------------
 There are 0 register/latch pins with constant_clock.


3. checking pulse_width_clock (0)
---------------------------------
 There are 0 register/latch pins which need pulse_width check


4. checking unconstrained_internal_endpoints (0)
------------------------------------------------
 There are 0 pins that are not constrained for maximum delay.

 There are 0 pins that are not constrained for maximum delay due to constant clock.


5. checking no_input_delay (50)
-------------------------------
 There are 50 input ports with no input delay specified. (HIGH)

 There are 0 input ports with no input delay but user has a false path constraint.


6. checking no_output_delay (37)
--------------------------------
 There are 37 ports with no output delay specified. (HIGH)

 There are 0 ports with no output delay but user has a false path constraint

 There are 0 ports with no output delay but with a timing clock defined on it or propagating through it


7. checking multiple_clock (0)
------------------------------
 There are 0 register/latch pins with multiple clocks.


8. checking generated_clocks (0)
--------------------------------
 There are 0 generated clocks that are not connected to a clock source.


9. checking loops (0)
---------------------
 There are 0 combinational loops in the design.


10. checking partial_input_delay (0)
------------------------------------
 There are 0 input ports with partial input delay specified.


11. checking partial_output_delay (0)
-------------------------------------
 There are 0 ports with partial output delay specified.


12. checking latch_loops (0)
----------------------------
 There are 0 combinational latch loops in the design through latch input



------------------------------------------------------------------------------------------------
| Design Timing Summary
| ---------------------
------------------------------------------------------------------------------------------------

    WNS(ns)      TNS(ns)  TNS Failing Endpoints  TNS Total Endpoints      WHS(ns)      THS(ns)  THS Failing Endpoints  THS Total Endpoints     WPWS(ns)     TPWS(ns)  TPWS Failing Endpoints  TPWS Total Endpoints  
    -------      -------  ---------------------  -------------------      -------      -------  ---------------------  -------------------     --------     --------  ----------------------  --------------------  
      0.838        0.000                      0                13635        0.004        0.000                      0                13635        5.280        0.000                       0                  5729  


All user specified timing constraints are met.


------------------------------------------------------------------------------------------------
| Clock Summary
| -------------
------------------------------------------------------------------------------------------------

Clock       Waveform(ns)       Period(ns)      Frequency(MHz)
-----       ------------       ----------      --------------
s_axi_aclk  {0.000 5.556}      11.111          90.001          


------------------------------------------------------------------------------------------------
| Intra Clock Table
| -----------------
------------------------------------------------------------------------------------------------

Clock             WNS(ns)      TNS(ns)  TNS Failing Endpoints  TNS Total Endpoints      WHS(ns)      THS(ns)  THS Failing Endpoints  THS Total Endpoints     WPWS(ns)     TPWS(ns)  TPWS Failing Endpoints  TPWS Total Endpoints  
-----             -------      -------  ---------------------  -------------------      -------      -------  ---------------------  -------------------     --------     --------  ----------------------  --------------------  
s_axi_aclk          0.838        0.000                      0                13635        0.004        0.000                      0                13635        5.280        0.000                       0                  5729  


------------------------------------------------------------------------------------------------
| Inter Clock Table
| -----------------
------------------------------------------------------------------------------------------------

From Clock    To Clock          WNS(ns)      TNS(ns)  TNS Failing Endpoints  TNS Total Endpoints      WHS(ns)      THS(ns)  THS Failing Endpoints  THS Total Endpoints  
----------    --------          -------      -------  ---------------------  -------------------      -------      -------  ---------------------  -------------------  


------------------------------------------------------------------------------------------------
| Other Path Groups Table
| -----------------------
------------------------------------------------------------------------------------------------

Path Group    From Clock    To Clock          WNS(ns)      TNS(ns)  TNS Failing Endpoints  TNS Total Endpoints      WHS(ns)      THS(ns)  THS Failing Endpoints  THS Total Endpoints  
----------    ----------    --------          -------      -------  ---------------------  -------------------      -------      -------  ---------------------  -------------------  


------------------------------------------------------------------------------------------------
| Timing Details
| --------------
------------------------------------------------------------------------------------------------


---------------------------------------------------------------------------------------------------
From Clock:  s_axi_aclk
  To Clock:  s_axi_aclk

Setup :            0  Failing Endpoints,  Worst Slack        0.838ns,  Total Violation        0.000ns
Hold  :            0  Failing Endpoints,  Worst Slack        0.004ns,  Total Violation        0.000ns
PW    :            0  Failing Endpoints,  Worst Slack        5.280ns,  Total Violation        0.000ns
---------------------------------------------------------------------------------------------------


Max Delay Paths
--------------------------------------------------------------------------------------
Slack (MET) :             0.838ns  (required time - arrival time)
  Source:                 u_axi_slave/slv_reg3_reg[5]/C
                            (rising edge-triggered cell FDRE clocked by s_axi_aclk  {rise@0.000ns fall@5.556ns period=11.111ns})
  Destination:            u_preprocessor/pred_data_out_reg[pred_accel_z_2][7]/D
                            (rising edge-triggered cell FDRE clocked by s_axi_aclk  {rise@0.000ns fall@5.556ns period=11.111ns})
  Path Group:             s_axi_aclk
  Path Type:              Setup (Max at Slow Process Corner)
  Requirement:            11.111ns  (s_axi_aclk rise@11.111ns - s_axi_aclk rise@0.000ns)
  Data Path Delay:        10.141ns  (logic 7.059ns (69.610%)  route 3.082ns (30.390%))
  Logic Levels:           28  (CARRY8=3 DSP_A_B_DATA=3 DSP_ALU=3 DSP_M_DATA=3 DSP_MULTIPLIER=3 DSP_OUTPUT=3 DSP_PREADD_DATA=3 LUT2=1 LUT5=1 LUT6=5)
  Clock Path Skew:        -0.123ns (DCD - SCD + CPR)
    Destination Clock Delay (DCD):    1.710ns = ( 12.821 - 11.111 ) 
    Source Clock Delay      (SCD):    2.215ns
    Clock Pessimism Removal (CPR):    0.381ns
  Clock Uncertainty:      0.035ns  ((TSJ^2 + TIJ^2)^1/2 + DJ) / 2 + PE
    Total System Jitter     (TSJ):    0.071ns
    Total Input Jitter      (TIJ):    0.000ns
    Discrete Jitter          (DJ):    0.000ns
    Phase Error              (PE):    0.000ns
  Clock Net Delay (Source):      1.323ns (routing 0.185ns, distribution 1.138ns)
  Clock Net Delay (Destination): 1.128ns (routing 0.170ns, distribution 0.958ns)

    Location             Delay type                Incr(ns)  Path(ns)    Netlist Resource(s)
  -------------------------------------------------------------------    -------------------
                         (clock s_axi_aclk rise edge)
                                                      0.000     0.000 r  
    D7                                                0.000     0.000 r  S_AXI_ACLK (IN)
                         net (fo=0)                   0.000     0.000    S_AXI_ACLK_IBUF_inst/I
    D7                   INBUF (Prop_INBUF_HPIOB_M_PAD_O)
                                                      0.535     0.535 r  S_AXI_ACLK_IBUF_inst/INBUF_INST/O
                         net (fo=1, routed)           0.000     0.535    S_AXI_ACLK_IBUF_inst/OUT
    D7                   IBUFCTRL (Prop_IBUFCTRL_HPIOB_M_I_O)
                                                      0.000     0.535 r  S_AXI_ACLK_IBUF_inst/IBUFCTRL_INST/O
                         net (fo=1, routed)           0.329     0.864    S_AXI_ACLK_IBUF
    BUFGCE_X0Y67         BUFGCE (Prop_BUFCE_BUFGCE_I_O)
                                                      0.028     0.892 r  S_AXI_ACLK_IBUF_BUFG_inst/O
    X1Y2 (CLOCK_ROOT)    net (fo=5789, routed)        1.323     2.215    u_axi_slave/S_AXI_ACLK_IBUF_BUFG
    SLICE_X43Y86         FDRE                                         r  u_axi_slave/slv_reg3_reg[5]/C
  -------------------------------------------------------------------    -------------------
    SLICE_X43Y86         FDRE (Prop_CFF_SLICEM_C_Q)
                                                      0.095     2.310 f  u_axi_slave/slv_reg3_reg[5]/Q
                         net (fo=9, routed)           0.096     2.406    u_axi_slave/sim_data_out[incline_x][5]
    SLICE_X43Y86         LUT6 (Prop_F6LUT_SLICEM_I0_O)
                                                      0.177     2.583 f  u_axi_slave/g0_b0__3_i_6/O
                         net (fo=8, routed)           0.107     2.690    u_axi_slave/g0_b0__3_i_6_n_0
    SLICE_X44Y86         LUT6 (Prop_F6LUT_SLICEL_I3_O)
                                                      0.062     2.752 f  u_axi_slave/g0_b0__3_i_10/O
                         net (fo=2, routed)           0.101     2.853    u_axi_slave/g0_b0__3_i_10_n_0
    SLICE_X44Y87         LUT6 (Prop_G6LUT_SLICEL_I3_O)
                                                      0.038     2.891 r  u_axi_slave/consistency_cnt[0]_i_31__9/O
                         net (fo=3, routed)           0.122     3.012    u_axi_slave/consistency_cnt[0]_i_31__9_n_0
    SLICE_X43Y87         LUT6 (Prop_D6LUT_SLICEM_I0_O)
                                                      0.174     3.186 r  u_axi_slave/g0_b0__3_i_7/O
                         net (fo=12, routed)          0.225     3.411    u_axi_slave/g0_b0__3_i_7_n_0
    SLICE_X40Y88         LUT2 (Prop_E6LUT_SLICEM_I1_O)
                                                      0.039     3.450 r  u_axi_slave/g0_b0__3_i_3/O
                         net (fo=87, routed)          0.243     3.693    u_axi_slave/g0_b0__3_i_3_n_0
    SLICE_X41Y89         LUT5 (Prop_C6LUT_SLICEL_I2_O)
                                                      0.174     3.867 r  u_axi_slave/g0_b2__9/O
                         net (fo=1, routed)           0.011     3.878    u_axi_slave/g0_b2__9_n_0
    SLICE_X41Y89         CARRY8 (Prop_CARRY8_SLICEL_S[2]_O[7])
                                                      0.248     4.126 f  u_axi_slave/p_0_out__9_i_2/O[7]
                         net (fo=1, routed)           0.550     4.676    u_preprocessor/p_0_out__9/A[7]
    DSP48E2_X4Y37        DSP_A_B_DATA (Prop_DSP_A_B_DATA_DSP48E2_A[7]_A2_DATA[7])
                                                      0.241     4.917 r  u_preprocessor/p_0_out__9/DSP_A_B_DATA_INST/A2_DATA[7]
                         net (fo=1, routed)           0.000     4.917    u_preprocessor/p_0_out__9/DSP_A_B_DATA.A2_DATA<7>
    DSP48E2_X4Y37        DSP_PREADD_DATA (Prop_DSP_PREADD_DATA_DSP48E2_A2_DATA[7]_A2A1[7])
                                                      0.098     5.015 r  u_preprocessor/p_0_out__9/DSP_PREADD_DATA_INST/A2A1[7]
                         net (fo=1, routed)           0.000     5.015    u_preprocessor/p_0_out__9/DSP_PREADD_DATA.A2A1<7>
    DSP48E2_X4Y37        DSP_MULTIPLIER (Prop_DSP_MULTIPLIER_DSP48E2_A2A1[7]_V[7])
                                                      0.648     5.663 f  u_preprocessor/p_0_out__9/DSP_MULTIPLIER_INST/V[7]
                         net (fo=1, routed)           0.000     5.663    u_preprocessor/p_0_out__9/DSP_MULTIPLIER.V<7>
    DSP48E2_X4Y37        DSP_M_DATA (Prop_DSP_M_DATA_DSP48E2_V[7]_V_DATA[7])
                                                      0.057     5.720 r  u_preprocessor/p_0_out__9/DSP_M_DATA_INST/V_DATA[7]
                         net (fo=1, routed)           0.000     5.720    u_preprocessor/p_0_out__9/DSP_M_DATA.V_DATA<7>
    DSP48E2_X4Y37        DSP_ALU (Prop_DSP_ALU_DSP48E2_V_DATA[7]_ALU_OUT[7])
                                                      0.688     6.408 f  u_preprocessor/p_0_out__9/DSP_ALU_INST/ALU_OUT[7]
                         net (fo=1, routed)           0.000     6.408    u_preprocessor/p_0_out__9/DSP_ALU.ALU_OUT<7>
    DSP48E2_X4Y37        DSP_OUTPUT (Prop_DSP_OUTPUT_DSP48E2_ALU_OUT[7]_P[7])
                                                      0.141     6.549 r  u_preprocessor/p_0_out__9/DSP_OUTPUT_INST/P[7]
                         net (fo=1, routed)           0.303     6.852    u_axi_slave/p_0_out__10_i_2_0[0]
    SLICE_X42Y88         LUT6 (Prop_A6LUT_SLICEM_I5_O)
                                                      0.064     6.916 r  u_axi_slave/g0_b0__10__0/O
                         net (fo=1, routed)           0.014     6.930    u_axi_slave/g0_b0__10__0_n_0
    SLICE_X42Y88         CARRY8 (Prop_CARRY8_SLICEM_S[0]_CO[7])
                                                      0.241     7.171 r  u_axi_slave/p_0_out__10_i_2/CO[7]
                         net (fo=1, routed)           0.028     7.199    u_axi_slave/p_0_out__10_i_2_n_0
    SLICE_X42Y89         CARRY8 (Prop_CARRY8_SLICEM_CI_O[3])
                                                      0.104     7.303 f  u_axi_slave/p_0_out__10_i_1/O[3]
                         net (fo=19, routed)          0.527     7.831    u_preprocessor/p_0_out__10/A[13]
    DSP48E2_X3Y36        DSP_A_B_DATA (Prop_DSP_A_B_DATA_DSP48E2_A[13]_A2_DATA[13])
                                                      0.241     8.072 r  u_preprocessor/p_0_out__10/DSP_A_B_DATA_INST/A2_DATA[13]
                         net (fo=1, routed)           0.000     8.072    u_preprocessor/p_0_out__10/DSP_A_B_DATA.A2_DATA<13>
    DSP48E2_X3Y36        DSP_PREADD_DATA (Prop_DSP_PREADD_DATA_DSP48E2_A2_DATA[13]_A2A1[13])
                                                      0.098     8.170 r  u_preprocessor/p_0_out__10/DSP_PREADD_DATA_INST/A2A1[13]
                         net (fo=1, routed)           0.000     8.170    u_preprocessor/p_0_out__10/DSP_PREADD_DATA.A2A1<13>
    DSP48E2_X3Y36        DSP_MULTIPLIER (Prop_DSP_MULTIPLIER_DSP48E2_A2A1[13]_U[14])
                                                      0.647     8.817 f  u_preprocessor/p_0_out__10/DSP_MULTIPLIER_INST/U[14]
                         net (fo=1, routed)           0.000     8.817    u_preprocessor/p_0_out__10/DSP_MULTIPLIER.U<14>
    DSP48E2_X3Y36        DSP_M_DATA (Prop_DSP_M_DATA_DSP48E2_U[14]_U_DATA[14])
                                                      0.059     8.876 r  u_preprocessor/p_0_out__10/DSP_M_DATA_INST/U_DATA[14]
                         net (fo=1, routed)           0.000     8.876    u_preprocessor/p_0_out__10/DSP_M_DATA.U_DATA<14>
    DSP48E2_X3Y36        DSP_ALU (Prop_DSP_ALU_DSP48E2_U_DATA[14]_ALU_OUT[14])
                                                      0.699     9.575 r  u_preprocessor/p_0_out__10/DSP_ALU_INST/ALU_OUT[14]
                         net (fo=1, routed)           0.000     9.575    u_preprocessor/p_0_out__10/DSP_ALU.ALU_OUT<14>
    DSP48E2_X3Y36        DSP_OUTPUT (Prop_DSP_OUTPUT_DSP48E2_ALU_OUT[14]_P[14])
                                                      0.141     9.716 f  u_preprocessor/p_0_out__10/DSP_OUTPUT_INST/P[14]
                         net (fo=1, routed)           0.389    10.105    u_preprocessor/p_0_out__11/A[14]
    DSP48E2_X3Y37        DSP_A_B_DATA (Prop_DSP_A_B_DATA_DSP48E2_A[14]_A2_DATA[14])
                                                      0.241    10.346 r  u_preprocessor/p_0_out__11/DSP_A_B_DATA_INST/A2_DATA[14]
                         net (fo=1, routed)           0.000    10.346    u_preprocessor/p_0_out__11/DSP_A_B_DATA.A2_DATA<14>
    DSP48E2_X3Y37        DSP_PREADD_DATA (Prop_DSP_PREADD_DATA_DSP48E2_A2_DATA[14]_A2A1[14])
                                                      0.098    10.444 r  u_preprocessor/p_0_out__11/DSP_PREADD_DATA_INST/A2A1[14]
                         net (fo=1, routed)           0.000    10.444    u_preprocessor/p_0_out__11/DSP_PREADD_DATA.A2A1<14>
    DSP48E2_X3Y37        DSP_MULTIPLIER (Prop_DSP_MULTIPLIER_DSP48E2_A2A1[14]_U[27])
                                                      0.647    11.091 f  u_preprocessor/p_0_out__11/DSP_MULTIPLIER_INST/U[27]
                         net (fo=1, routed)           0.000    11.091    u_preprocessor/p_0_out__11/DSP_MULTIPLIER.U<27>
    DSP48E2_X3Y37        DSP_M_DATA (Prop_DSP_M_DATA_DSP48E2_U[27]_U_DATA[27])
                                                      0.059    11.150 r  u_preprocessor/p_0_out__11/DSP_M_DATA_INST/U_DATA[27]
                         net (fo=1, routed)           0.000    11.150    u_preprocessor/p_0_out__11/DSP_M_DATA.U_DATA<27>
    DSP48E2_X3Y37        DSP_ALU (Prop_DSP_ALU_DSP48E2_U_DATA[27]_ALU_OUT[27])
                                                      0.699    11.849 f  u_preprocessor/p_0_out__11/DSP_ALU_INST/ALU_OUT[27]
                         net (fo=1, routed)           0.000    11.849    u_preprocessor/p_0_out__11/DSP_ALU.ALU_OUT<27>
    DSP48E2_X3Y37        DSP_OUTPUT (Prop_DSP_OUTPUT_DSP48E2_ALU_OUT[27]_P[27])
                                                      0.141    11.990 r  u_preprocessor/p_0_out__11/DSP_OUTPUT_INST/P[27]
                         net (fo=2, routed)           0.366    12.356    u_preprocessor/grav_z[7]
    SLICE_X39Y93         FDRE                                         r  u_preprocessor/pred_data_out_reg[pred_accel_z_2][7]/D
  -------------------------------------------------------------------    -------------------

                         (clock s_axi_aclk rise edge)
                                                     11.111    11.111 r  
    D7                                                0.000    11.111 r  S_AXI_ACLK (IN)
                         net (fo=0)                   0.000    11.111    S_AXI_ACLK_IBUF_inst/I
    D7                   INBUF (Prop_INBUF_HPIOB_M_PAD_O)
                                                      0.268    11.379 r  S_AXI_ACLK_IBUF_inst/INBUF_INST/O
                         net (fo=1, routed)           0.000    11.379    S_AXI_ACLK_IBUF_inst/OUT
    D7                   IBUFCTRL (Prop_IBUFCTRL_HPIOB_M_I_O)
                                                      0.000    11.379 r  S_AXI_ACLK_IBUF_inst/IBUFCTRL_INST/O
                         net (fo=1, routed)           0.290    11.669    S_AXI_ACLK_IBUF
    BUFGCE_X0Y67         BUFGCE (Prop_BUFCE_BUFGCE_I_O)
                                                      0.024    11.693 r  S_AXI_ACLK_IBUF_BUFG_inst/O
    X1Y2 (CLOCK_ROOT)    net (fo=5789, routed)        1.128    12.821    u_preprocessor/S_AXI_ACLK_IBUF_BUFG
    SLICE_X39Y93         FDRE                                         r  u_preprocessor/pred_data_out_reg[pred_accel_z_2][7]/C
                         clock pessimism              0.381    13.203    
                         clock uncertainty           -0.035    13.167    
    SLICE_X39Y93         FDRE (Setup_HFF_SLICEM_C_D)
                                                      0.027    13.194    u_preprocessor/pred_data_out_reg[pred_accel_z_2][7]
  -------------------------------------------------------------------
                         required time                         13.194    
                         arrival time                         -12.356    
  -------------------------------------------------------------------
                         slack                                  0.838    

Slack (MET) :             0.840ns  (required time - arrival time)
  Source:                 u_axi_slave/slv_reg3_reg[5]/C
                            (rising edge-triggered cell FDRE clocked by s_axi_aclk  {rise@0.000ns fall@5.556ns period=11.111ns})
  Destination:            u_preprocessor/pred_data_out_reg[pred_accel_z_2][9]/D
                            (rising edge-triggered cell FDRE clocked by s_axi_aclk  {rise@0.000ns fall@5.556ns period=11.111ns})
  Path Group:             s_axi_aclk
  Path Type:              Setup (Max at Slow Process Corner)
  Requirement:            11.111ns  (s_axi_aclk rise@11.111ns - s_axi_aclk rise@0.000ns)
  Data Path Delay:        10.139ns  (logic 7.059ns (69.622%)  route 3.080ns (30.378%))
  Logic Levels:           28  (CARRY8=3 DSP_A_B_DATA=3 DSP_ALU=3 DSP_M_DATA=3 DSP_MULTIPLIER=3 DSP_OUTPUT=3 DSP_PREADD_DATA=3 LUT2=1 LUT5=1 LUT6=5)
  Clock Path Skew:        -0.123ns (DCD - SCD + CPR)
    Destination Clock Delay (DCD):    1.710ns = ( 12.821 - 11.111 ) 
    Source Clock Delay      (SCD):    2.215ns
    Clock Pessimism Removal (CPR):    0.381ns
  Clock Uncertainty:      0.035ns  ((TSJ^2 + TIJ^2)^1/2 + DJ) / 2 + PE
    Total System Jitter     (TSJ):    0.071ns
    Total Input Jitter      (TIJ):    0.000ns
    Discrete Jitter          (DJ):    0.000ns
    Phase Error              (PE):    0.000ns
  Clock Net Delay (Source):      1.323ns (routing 0.185ns, distribution 1.138ns)
  Clock Net Delay (Destination): 1.128ns (routing 0.170ns, distribution 0.958ns)

    Location             Delay type                Incr(ns)  Path(ns)    Netlist Resource(s)
  -------------------------------------------------------------------    -------------------
                         (clock s_axi_aclk rise edge)
                                                      0.000     0.000 r  
    D7                                                0.000     0.000 r  S_AXI_ACLK (IN)
                         net (fo=0)                   0.000     0.000    S_AXI_ACLK_IBUF_inst/I
    D7                   INBUF (Prop_INBUF_HPIOB_M_PAD_O)
                                                      0.535     0.535 r  S_AXI_ACLK_IBUF_inst/INBUF_INST/O
                         net (fo=1, routed)           0.000     0.535    S_AXI_ACLK_IBUF_inst/OUT
    D7                   IBUFCTRL (Prop_IBUFCTRL_HPIOB_M_I_O)
                                                      0.000     0.535 r  S_AXI_ACLK_IBUF_inst/IBUFCTRL_INST/O
                         net (fo=1, routed)           0.329     0.864    S_AXI_ACLK_IBUF
    BUFGCE_X0Y67         BUFGCE (Prop_BUFCE_BUFGCE_I_O)
                                                      0.028     0.892 r  S_AXI_ACLK_IBUF_BUFG_inst/O
    X1Y2 (CLOCK_ROOT)    net (fo=5789, routed)        1.323     2.215    u_axi_slave/S_AXI_ACLK_IBUF_BUFG
    SLICE_X43Y86         FDRE                                         r  u_axi_slave/slv_reg3_reg[5]/C
  -------------------------------------------------------------------    -------------------
    SLICE_X43Y86         FDRE (Prop_CFF_SLICEM_C_Q)
                                                      0.095     2.310 f  u_axi_slave/slv_reg3_reg[5]/Q
                         net (fo=9, routed)           0.096     2.406    u_axi_slave/sim_data_out[incline_x][5]
    SLICE_X43Y86         LUT6 (Prop_F6LUT_SLICEM_I0_O)
                                                      0.177     2.583 f  u_axi_slave/g0_b0__3_i_6/O
                         net (fo=8, routed)           0.107     2.690    u_axi_slave/g0_b0__3_i_6_n_0
    SLICE_X44Y86         LUT6 (Prop_F6LUT_SLICEL_I3_O)
                                                      0.062     2.752 f  u_axi_slave/g0_b0__3_i_10/O
                         net (fo=2, routed)           0.101     2.853    u_axi_slave/g0_b0__3_i_10_n_0
    SLICE_X44Y87         LUT6 (Prop_G6LUT_SLICEL_I3_O)
                                                      0.038     2.891 r  u_axi_slave/consistency_cnt[0]_i_31__9/O
                         net (fo=3, routed)           0.122     3.012    u_axi_slave/consistency_cnt[0]_i_31__9_n_0
    SLICE_X43Y87         LUT6 (Prop_D6LUT_SLICEM_I0_O)
                                                      0.174     3.186 r  u_axi_slave/g0_b0__3_i_7/O
                         net (fo=12, routed)          0.225     3.411    u_axi_slave/g0_b0__3_i_7_n_0
    SLICE_X40Y88         LUT2 (Prop_E6LUT_SLICEM_I1_O)
                                                      0.039     3.450 r  u_axi_slave/g0_b0__3_i_3/O
                         net (fo=87, routed)          0.243     3.693    u_axi_slave/g0_b0__3_i_3_n_0
    SLICE_X41Y89         LUT5 (Prop_C6LUT_SLICEL_I2_O)
                                                      0.174     3.867 r  u_axi_slave/g0_b2__9/O
                         net (fo=1, routed)           0.011     3.878    u_axi_slave/g0_b2__9_n_0
    SLICE_X41Y89         CARRY8 (Prop_CARRY8_SLICEL_S[2]_O[7])
                                                      0.248     4.126 f  u_axi_slave/p_0_out__9_i_2/O[7]
                         net (fo=1, routed)           0.550     4.676    u_preprocessor/p_0_out__9/A[7]
    DSP48E2_X4Y37        DSP_A_B_DATA (Prop_DSP_A_B_DATA_DSP48E2_A[7]_A2_DATA[7])
                                                      0.241     4.917 r  u_preprocessor/p_0_out__9/DSP_A_B_DATA_INST/A2_DATA[7]
                         net (fo=1, routed)           0.000     4.917    u_preprocessor/p_0_out__9/DSP_A_B_DATA.A2_DATA<7>
    DSP48E2_X4Y37        DSP_PREADD_DATA (Prop_DSP_PREADD_DATA_DSP48E2_A2_DATA[7]_A2A1[7])
                                                      0.098     5.015 r  u_preprocessor/p_0_out__9/DSP_PREADD_DATA_INST/A2A1[7]
                         net (fo=1, routed)           0.000     5.015    u_preprocessor/p_0_out__9/DSP_PREADD_DATA.A2A1<7>
    DSP48E2_X4Y37        DSP_MULTIPLIER (Prop_DSP_MULTIPLIER_DSP48E2_A2A1[7]_V[7])
                                                      0.648     5.663 f  u_preprocessor/p_0_out__9/DSP_MULTIPLIER_INST/V[7]
                         net (fo=1, routed)           0.000     5.663    u_preprocessor/p_0_out__9/DSP_MULTIPLIER.V<7>
    DSP48E2_X4Y37        DSP_M_DATA (Prop_DSP_M_DATA_DSP48E2_V[7]_V_DATA[7])
                                                      0.057     5.720 r  u_preprocessor/p_0_out__9/DSP_M_DATA_INST/V_DATA[7]
                         net (fo=1, routed)           0.000     5.720    u_preprocessor/p_0_out__9/DSP_M_DATA.V_DATA<7>
    DSP48E2_X4Y37        DSP_ALU (Prop_DSP_ALU_DSP48E2_V_DATA[7]_ALU_OUT[7])
                                                      0.688     6.408 f  u_preprocessor/p_0_out__9/DSP_ALU_INST/ALU_OUT[7]
                         net (fo=1, routed)           0.000     6.408    u_preprocessor/p_0_out__9/DSP_ALU.ALU_OUT<7>
    DSP48E2_X4Y37        DSP_OUTPUT (Prop_DSP_OUTPUT_DSP48E2_ALU_OUT[7]_P[7])
                                                      0.141     6.549 r  u_preprocessor/p_0_out__9/DSP_OUTPUT_INST/P[7]
                         net (fo=1, routed)           0.303     6.852    u_axi_slave/p_0_out__10_i_2_0[0]
    SLICE_X42Y88         LUT6 (Prop_A6LUT_SLICEM_I5_O)
                                                      0.064     6.916 r  u_axi_slave/g0_b0__10__0/O
                         net (fo=1, routed)           0.014     6.930    u_axi_slave/g0_b0__10__0_n_0
    SLICE_X42Y88         CARRY8 (Prop_CARRY8_SLICEM_S[0]_CO[7])
                                                      0.241     7.171 r  u_axi_slave/p_0_out__10_i_2/CO[7]
                         net (fo=1, routed)           0.028     7.199    u_axi_slave/p_0_out__10_i_2_n_0
    SLICE_X42Y89         CARRY8 (Prop_CARRY8_SLICEM_CI_O[3])
                                                      0.104     7.303 f  u_axi_slave/p_0_out__10_i_1/O[3]
                         net (fo=19, routed)          0.527     7.831    u_preprocessor/p_0_out__10/A[13]
    DSP48E2_X3Y36        DSP_A_B_DATA (Prop_DSP_A_B_DATA_DSP48E2_A[13]_A2_DATA[13])
                                                      0.241     8.072 r  u_preprocessor/p_0_out__10/DSP_A_B_DATA_INST/A2_DATA[13]
                         net (fo=1, routed)           0.000     8.072    u_preprocessor/p_0_out__10/DSP_A_B_DATA.A2_DATA<13>
    DSP48E2_X3Y36        DSP_PREADD_DATA (Prop_DSP_PREADD_DATA_DSP48E2_A2_DATA[13]_A2A1[13])
                                                      0.098     8.170 r  u_preprocessor/p_0_out__10/DSP_PREADD_DATA_INST/A2A1[13]
                         net (fo=1, routed)           0.000     8.170    u_preprocessor/p_0_out__10/DSP_PREADD_DATA.A2A1<13>
    DSP48E2_X3Y36        DSP_MULTIPLIER (Prop_DSP_MULTIPLIER_DSP48E2_A2A1[13]_U[14])
                                                      0.647     8.817 f  u_preprocessor/p_0_out__10/DSP_MULTIPLIER_INST/U[14]
                         net (fo=1, routed)           0.000     8.817    u_preprocessor/p_0_out__10/DSP_MULTIPLIER.U<14>
    DSP48E2_X3Y36        DSP_M_DATA (Prop_DSP_M_DATA_DSP48E2_U[14]_U_DATA[14])
                                                      0.059     8.876 r  u_preprocessor/p_0_out__10/DSP_M_DATA_INST/U_DATA[14]
                         net (fo=1, routed)           0.000     8.876    u_preprocessor/p_0_out__10/DSP_M_DATA.U_DATA<14>
    DSP48E2_X3Y36        DSP_ALU (Prop_DSP_ALU_DSP48E2_U_DATA[14]_ALU_OUT[14])
                                                      0.699     9.575 r  u_preprocessor/p_0_out__10/DSP_ALU_INST/ALU_OUT[14]
                         net (fo=1, routed)           0.000     9.575    u_preprocessor/p_0_out__10/DSP_ALU.ALU_OUT<14>
    DSP48E2_X3Y36        DSP_OUTPUT (Prop_DSP_OUTPUT_DSP48E2_ALU_OUT[14]_P[14])
                                                      0.141     9.716 f  u_preprocessor/p_0_out__10/DSP_OUTPUT_INST/P[14]
                         net (fo=1, routed)           0.389    10.105    u_preprocessor/p_0_out__11/A[14]
    DSP48E2_X3Y37        DSP_A_B_DATA (Prop_DSP_A_B_DATA_DSP48E2_A[14]_A2_DATA[14])
                                                      0.241    10.346 r  u_preprocessor/p_0_out__11/DSP_A_B_DATA_INST/A2_DATA[14]
                         net (fo=1, routed)           0.000    10.346    u_preprocessor/p_0_out__11/DSP_A_B_DATA.A2_DATA<14>
    DSP48E2_X3Y37        DSP_PREADD_DATA (Prop_DSP_PREADD_DATA_DSP48E2_A2_DATA[14]_A2A1[14])
                                                      0.098    10.444 r  u_preprocessor/p_0_out__11/DSP_PREADD_DATA_INST/A2A1[14]
                         net (fo=1, routed)           0.000    10.444    u_preprocessor/p_0_out__11/DSP_PREADD_DATA.A2A1<14>
    DSP48E2_X3Y37        DSP_MULTIPLIER (Prop_DSP_MULTIPLIER_DSP48E2_A2A1[14]_U[29])
                                                      0.647    11.091 f  u_preprocessor/p_0_out__11/DSP_MULTIPLIER_INST/U[29]
                         net (fo=1, routed)           0.000    11.091    u_preprocessor/p_0_out__11/DSP_MULTIPLIER.U<29>
    DSP48E2_X3Y37        DSP_M_DATA (Prop_DSP_M_DATA_DSP48E2_U[29]_U_DATA[29])
                                                      0.059    11.150 r  u_preprocessor/p_0_out__11/DSP_M_DATA_INST/U_DATA[29]
                         net (fo=1, routed)           0.000    11.150    u_preprocessor/p_0_out__11/DSP_M_DATA.U_DATA<29>
    DSP48E2_X3Y37        DSP_ALU (Prop_DSP_ALU_DSP48E2_U_DATA[29]_ALU_OUT[29])
                                                      0.699    11.849 f  u_preprocessor/p_0_out__11/DSP_ALU_INST/ALU_OUT[29]
                         net (fo=1, routed)           0.000    11.849    u_preprocessor/p_0_out__11/DSP_ALU.ALU_OUT<29>
    DSP48E2_X3Y37        DSP_OUTPUT (Prop_DSP_OUTPUT_DSP48E2_ALU_OUT[29]_P[29])
                                                      0.141    11.990 r  u_preprocessor/p_0_out__11/DSP_OUTPUT_INST/P[29]
                         net (fo=2, routed)           0.365    12.354    u_preprocessor/grav_z[9]
    SLICE_X39Y93         FDRE                                         r  u_preprocessor/pred_data_out_reg[pred_accel_z_2][9]/D
  -------------------------------------------------------------------    -------------------

                         (clock s_axi_aclk rise edge)
                                                     11.111    11.111 r  
    D7                                                0.000    11.111 r  S_AXI_ACLK (IN)
                         net (fo=0)                   0.000    11.111    S_AXI_ACLK_IBUF_inst/I
    D7                   INBUF (Prop_INBUF_HPIOB_M_PAD_O)
                                                      0.268    11.379 r  S_AXI_ACLK_IBUF_inst/INBUF_INST/O
                         net (fo=1, routed)           0.000    11.379    S_AXI_ACLK_IBUF_inst/OUT
    D7                   IBUFCTRL (Prop_IBUFCTRL_HPIOB_M_I_O)
                                                      0.000    11.379 r  S_AXI_ACLK_IBUF_inst/IBUFCTRL_INST/O
                         net (fo=1, routed)           0.290    11.669    S_AXI_ACLK_IBUF
    BUFGCE_X0Y67         BUFGCE (Prop_BUFCE_BUFGCE_I_O)
                                                      0.024    11.693 r  S_AXI_ACLK_IBUF_BUFG_inst/O
    X1Y2 (CLOCK_ROOT)    net (fo=5789, routed)        1.128    12.821    u_preprocessor/S_AXI_ACLK_IBUF_BUFG
    SLICE_X39Y93         FDRE                                         r  u_preprocessor/pred_data_out_reg[pred_accel_z_2][9]/C
                         clock pessimism              0.381    13.203    
                         clock uncertainty           -0.035    13.167    
    SLICE_X39Y93         FDRE (Setup_AFF2_SLICEM_C_D)
                                                      0.027    13.194    u_preprocessor/pred_data_out_reg[pred_accel_z_2][9]
  -------------------------------------------------------------------
                         required time                         13.194    
                         arrival time                         -12.354    
  -------------------------------------------------------------------
                         slack                                  0.840    

Slack (MET) :             0.843ns  (required time - arrival time)
  Source:                 u_axi_slave/slv_reg3_reg[5]/C
                            (rising edge-triggered cell FDRE clocked by s_axi_aclk  {rise@0.000ns fall@5.556ns period=11.111ns})
  Destination:            u_preprocessor/pred_data_out_reg[pred_accel_z_1][11]/D
                            (rising edge-triggered cell FDRE clocked by s_axi_aclk  {rise@0.000ns fall@5.556ns period=11.111ns})
  Path Group:             s_axi_aclk
  Path Type:              Setup (Max at Slow Process Corner)
  Requirement:            11.111ns  (s_axi_aclk rise@11.111ns - s_axi_aclk rise@0.000ns)
  Data Path Delay:        10.359ns  (logic 7.326ns (70.720%)  route 3.033ns (29.280%))
  Logic Levels:           30  (CARRY8=4 DSP_A_B_DATA=3 DSP_ALU=3 DSP_M_DATA=3 DSP_MULTIPLIER=3 DSP_OUTPUT=3 DSP_PREADD_DATA=3 LUT2=2 LUT5=1 LUT6=5)
  Clock Path Skew:        0.099ns (DCD - SCD + CPR)
    Destination Clock Delay (DCD):    1.934ns = ( 13.045 - 11.111 ) 
    Source Clock Delay      (SCD):    2.215ns
    Clock Pessimism Removal (CPR):    0.380ns
  Clock Uncertainty:      0.035ns  ((TSJ^2 + TIJ^2)^1/2 + DJ) / 2 + PE
    Total System Jitter     (TSJ):    0.071ns
    Total Input Jitter      (TIJ):    0.000ns
    Discrete Jitter          (DJ):    0.000ns
    Phase Error              (PE):    0.000ns
  Clock Net Delay (Source):      1.323ns (routing 0.185ns, distribution 1.138ns)
  Clock Net Delay (Destination): 1.352ns (routing 0.170ns, distribution 1.182ns)

    Location             Delay type                Incr(ns)  Path(ns)    Netlist Resource(s)
  -------------------------------------------------------------------    -------------------
                         (clock s_axi_aclk rise edge)
                                                      0.000     0.000 r  
    D7                                                0.000     0.000 r  S_AXI_ACLK (IN)
                         net (fo=0)                   0.000     0.000    S_AXI_ACLK_IBUF_inst/I
    D7                   INBUF (Prop_INBUF_HPIOB_M_PAD_O)
                                                      0.535     0.535 r  S_AXI_ACLK_IBUF_inst/INBUF_INST/O
                         net (fo=1, routed)           0.000     0.535    S_AXI_ACLK_IBUF_inst/OUT
    D7                   IBUFCTRL (Prop_IBUFCTRL_HPIOB_M_I_O)
                                                      0.000     0.535 r  S_AXI_ACLK_IBUF_inst/IBUFCTRL_INST/O
                         net (fo=1, routed)           0.329     0.864    S_AXI_ACLK_IBUF
    BUFGCE_X0Y67         BUFGCE (Prop_BUFCE_BUFGCE_I_O)
                                                      0.028     0.892 r  S_AXI_ACLK_IBUF_BUFG_inst/O
    X1Y2 (CLOCK_ROOT)    net (fo=5789, routed)        1.323     2.215    u_axi_slave/S_AXI_ACLK_IBUF_BUFG
    SLICE_X43Y86         FDRE                                         r  u_axi_slave/slv_reg3_reg[5]/C
  -------------------------------------------------------------------    -------------------
    SLICE_X43Y86         FDRE (Prop_CFF_SLICEM_C_Q)
                                                      0.095     2.310 f  u_axi_slave/slv_reg3_reg[5]/Q
                         net (fo=9, routed)           0.096     2.406    u_axi_slave/sim_data_out[incline_x][5]
    SLICE_X43Y86         LUT6 (Prop_F6LUT_SLICEM_I0_O)
                                                      0.177     2.583 f  u_axi_slave/g0_b0__3_i_6/O
                         net (fo=8, routed)           0.107     2.690    u_axi_slave/g0_b0__3_i_6_n_0
    SLICE_X44Y86         LUT6 (Prop_F6LUT_SLICEL_I3_O)
                                                      0.062     2.752 f  u_axi_slave/g0_b0__3_i_10/O
                         net (fo=2, routed)           0.101     2.853    u_axi_slave/g0_b0__3_i_10_n_0
    SLICE_X44Y87         LUT6 (Prop_G6LUT_SLICEL_I3_O)
                                                      0.038     2.891 r  u_axi_slave/consistency_cnt[0]_i_31__9/O
                         net (fo=3, routed)           0.122     3.012    u_axi_slave/consistency_cnt[0]_i_31__9_n_0
    SLICE_X43Y87         LUT6 (Prop_D6LUT_SLICEM_I0_O)
                                                      0.174     3.186 r  u_axi_slave/g0_b0__3_i_7/O
                         net (fo=12, routed)          0.225     3.411    u_axi_slave/g0_b0__3_i_7_n_0
    SLICE_X40Y88         LUT2 (Prop_E6LUT_SLICEM_I1_O)
                                                      0.039     3.450 r  u_axi_slave/g0_b0__3_i_3/O
                         net (fo=87, routed)          0.243     3.693    u_axi_slave/g0_b0__3_i_3_n_0
    SLICE_X41Y89         LUT5 (Prop_C6LUT_SLICEL_I2_O)
                                                      0.174     3.867 r  u_axi_slave/g0_b2__9/O
                         net (fo=1, routed)           0.011     3.878    u_axi_slave/g0_b2__9_n_0
    SLICE_X41Y89         CARRY8 (Prop_CARRY8_SLICEL_S[2]_O[7])
                                                      0.248     4.126 f  u_axi_slave/p_0_out__9_i_2/O[7]
                         net (fo=1, routed)           0.550     4.676    u_preprocessor/p_0_out__9/A[7]
    DSP48E2_X4Y37        DSP_A_B_DATA (Prop_DSP_A_B_DATA_DSP48E2_A[7]_A2_DATA[7])
                                                      0.241     4.917 r  u_preprocessor/p_0_out__9/DSP_A_B_DATA_INST/A2_DATA[7]
                         net (fo=1, routed)           0.000     4.917    u_preprocessor/p_0_out__9/DSP_A_B_DATA.A2_DATA<7>
    DSP48E2_X4Y37        DSP_PREADD_DATA (Prop_DSP_PREADD_DATA_DSP48E2_A2_DATA[7]_A2A1[7])
                                                      0.098     5.015 r  u_preprocessor/p_0_out__9/DSP_PREADD_DATA_INST/A2A1[7]
                         net (fo=1, routed)           0.000     5.015    u_preprocessor/p_0_out__9/DSP_PREADD_DATA.A2A1<7>
    DSP48E2_X4Y37        DSP_MULTIPLIER (Prop_DSP_MULTIPLIER_DSP48E2_A2A1[7]_V[7])
                                                      0.648     5.663 f  u_preprocessor/p_0_out__9/DSP_MULTIPLIER_INST/V[7]
                         net (fo=1, routed)           0.000     5.663    u_preprocessor/p_0_out__9/DSP_MULTIPLIER.V<7>
    DSP48E2_X4Y37        DSP_M_DATA (Prop_DSP_M_DATA_DSP48E2_V[7]_V_DATA[7])
                                                      0.057     5.720 r  u_preprocessor/p_0_out__9/DSP_M_DATA_INST/V_DATA[7]
                         net (fo=1, routed)           0.000     5.720    u_preprocessor/p_0_out__9/DSP_M_DATA.V_DATA<7>
    DSP48E2_X4Y37        DSP_ALU (Prop_DSP_ALU_DSP48E2_V_DATA[7]_ALU_OUT[7])
                                                      0.688     6.408 f  u_preprocessor/p_0_out__9/DSP_ALU_INST/ALU_OUT[7]
                         net (fo=1, routed)           0.000     6.408    u_preprocessor/p_0_out__9/DSP_ALU.ALU_OUT<7>
    DSP48E2_X4Y37        DSP_OUTPUT (Prop_DSP_OUTPUT_DSP48E2_ALU_OUT[7]_P[7])
                                                      0.141     6.549 r  u_preprocessor/p_0_out__9/DSP_OUTPUT_INST/P[7]
                         net (fo=1, routed)           0.303     6.852    u_axi_slave/p_0_out__10_i_2_0[0]
    SLICE_X42Y88         LUT6 (Prop_A6LUT_SLICEM_I5_O)
                                                      0.064     6.916 r  u_axi_slave/g0_b0__10__0/O
                         net (fo=1, routed)           0.014     6.930    u_axi_slave/g0_b0__10__0_n_0
    SLICE_X42Y88         CARRY8 (Prop_CARRY8_SLICEM_S[0]_CO[7])
                                                      0.241     7.171 r  u_axi_slave/p_0_out__10_i_2/CO[7]
                         net (fo=1, routed)           0.028     7.199    u_axi_slave/p_0_out__10_i_2_n_0
    SLICE_X42Y89         CARRY8 (Prop_CARRY8_SLICEM_CI_O[3])
                                                      0.104     7.303 f  u_axi_slave/p_0_out__10_i_1/O[3]
                         net (fo=19, routed)          0.527     7.831    u_preprocessor/p_0_out__10/A[13]
    DSP48E2_X3Y36        DSP_A_B_DATA (Prop_DSP_A_B_DATA_DSP48E2_A[13]_A2_DATA[13])
                                                      0.241     8.072 r  u_preprocessor/p_0_out__10/DSP_A_B_DATA_INST/A2_DATA[13]
                         net (fo=1, routed)           0.000     8.072    u_preprocessor/p_0_out__10/DSP_A_B_DATA.A2_DATA<13>
    DSP48E2_X3Y36        DSP_PREADD_DATA (Prop_DSP_PREADD_DATA_DSP48E2_A2_DATA[13]_A2A1[13])
                                                      0.098     8.170 r  u_preprocessor/p_0_out__10/DSP_PREADD_DATA_INST/A2A1[13]
                         net (fo=1, routed)           0.000     8.170    u_preprocessor/p_0_out__10/DSP_PREADD_DATA.A2A1<13>
    DSP48E2_X3Y36        DSP_MULTIPLIER (Prop_DSP_MULTIPLIER_DSP48E2_A2A1[13]_U[14])
                                                      0.647     8.817 f  u_preprocessor/p_0_out__10/DSP_MULTIPLIER_INST/U[14]
                         net (fo=1, routed)           0.000     8.817    u_preprocessor/p_0_out__10/DSP_MULTIPLIER.U<14>
    DSP48E2_X3Y36        DSP_M_DATA (Prop_DSP_M_DATA_DSP48E2_U[14]_U_DATA[14])
                                                      0.059     8.876 r  u_preprocessor/p_0_out__10/DSP_M_DATA_INST/U_DATA[14]
                         net (fo=1, routed)           0.000     8.876    u_preprocessor/p_0_out__10/DSP_M_DATA.U_DATA<14>
    DSP48E2_X3Y36        DSP_ALU (Prop_DSP_ALU_DSP48E2_U_DATA[14]_ALU_OUT[14])
                                                      0.699     9.575 r  u_preprocessor/p_0_out__10/DSP_ALU_INST/ALU_OUT[14]
                         net (fo=1, routed)           0.000     9.575    u_preprocessor/p_0_out__10/DSP_ALU.ALU_OUT<14>
    DSP48E2_X3Y36        DSP_OUTPUT (Prop_DSP_OUTPUT_DSP48E2_ALU_OUT[14]_P[14])
                                                      0.141     9.716 f  u_preprocessor/p_0_out__10/DSP_OUTPUT_INST/P[14]
                         net (fo=1, routed)           0.389    10.105    u_preprocessor/p_0_out__11/A[14]
    DSP48E2_X3Y37        DSP_A_B_DATA (Prop_DSP_A_B_DATA_DSP48E2_A[14]_A2_DATA[14])
                                                      0.241    10.346 r  u_preprocessor/p_0_out__11/DSP_A_B_DATA_INST/A2_DATA[14]
                         net (fo=1, routed)           0.000    10.346    u_preprocessor/p_0_out__11/DSP_A_B_DATA.A2_DATA<14>
    DSP48E2_X3Y37        DSP_PREADD_DATA (Prop_DSP_PREADD_DATA_DSP48E2_A2_DATA[14]_A2A1[14])
                                                      0.098    10.444 r  u_preprocessor/p_0_out__11/DSP_PREADD_DATA_INST/A2A1[14]
                         net (fo=1, routed)           0.000    10.444    u_preprocessor/p_0_out__11/DSP_PREADD_DATA.A2A1<14>
    DSP48E2_X3Y37        DSP_MULTIPLIER (Prop_DSP_MULTIPLIER_DSP48E2_A2A1[14]_U[29])
                                                      0.647    11.091 f  u_preprocessor/p_0_out__11/DSP_MULTIPLIER_INST/U[29]
                         net (fo=1, routed)           0.000    11.091    u_preprocessor/p_0_out__11/DSP_MULTIPLIER.U<29>
    DSP48E2_X3Y37        DSP_M_DATA (Prop_DSP_M_DATA_DSP48E2_U[29]_U_DATA[29])
                                                      0.059    11.150 r  u_preprocessor/p_0_out__11/DSP_M_DATA_INST/U_DATA[29]
                         net (fo=1, routed)           0.000    11.150    u_preprocessor/p_0_out__11/DSP_M_DATA.U_DATA<29>
    DSP48E2_X3Y37        DSP_ALU (Prop_DSP_ALU_DSP48E2_U_DATA[29]_ALU_OUT[29])
                                                      0.699    11.849 f  u_preprocessor/p_0_out__11/DSP_ALU_INST/ALU_OUT[29]
                         net (fo=1, routed)           0.000    11.849    u_preprocessor/p_0_out__11/DSP_ALU.ALU_OUT<29>
    DSP48E2_X3Y37        DSP_OUTPUT (Prop_DSP_OUTPUT_DSP48E2_ALU_OUT[29]_P[29])
                                                      0.141    11.990 r  u_preprocessor/p_0_out__11/DSP_OUTPUT_INST/P[29]
                         net (fo=2, routed)           0.277    12.266    u_preprocessor/grav_z[9]
    SLICE_X38Y93         LUT2 (Prop_C6LUT_SLICEL_I1_O)
                                                      0.063    12.329 r  u_preprocessor/pred_data_out[pred_accel_z_1][11]_i_6/O
                         net (fo=1, routed)           0.011    12.340    u_preprocessor/pred_data_out[pred_accel_z_1][11]_i_6_n_0
    SLICE_X38Y93         CARRY8 (Prop_CARRY8_SLICEL_S[2]_O[4])
                                                      0.204    12.544 r  u_preprocessor/pred_data_out_reg[pred_accel_z_1][11]_i_1/O[4]
                         net (fo=1, routed)           0.030    12.574    u_preprocessor/pred_data_out_reg[pred_accel_z_1][11]_i_1_n_11
    SLICE_X38Y93         FDRE                                         r  u_preprocessor/pred_data_out_reg[pred_accel_z_1][11]/D
  -------------------------------------------------------------------    -------------------

                         (clock s_axi_aclk rise edge)
                                                     11.111    11.111 r  
    D7                                                0.000    11.111 r  S_AXI_ACLK (IN)
                         net (fo=0)                   0.000    11.111    S_AXI_ACLK_IBUF_inst/I
    D7                   INBUF (Prop_INBUF_HPIOB_M_PAD_O)
                                                      0.268    11.379 r  S_AXI_ACLK_IBUF_inst/INBUF_INST/O
                         net (fo=1, routed)           0.000    11.379    S_AXI_ACLK_IBUF_inst/OUT
    D7                   IBUFCTRL (Prop_IBUFCTRL_HPIOB_M_I_O)
                                                      0.000    11.379 r  S_AXI_ACLK_IBUF_inst/IBUFCTRL_INST/O
                         net (fo=1, routed)           0.290    11.669    S_AXI_ACLK_IBUF
    BUFGCE_X0Y67         BUFGCE (Prop_BUFCE_BUFGCE_I_O)
                                                      0.024    11.693 r  S_AXI_ACLK_IBUF_BUFG_inst/O
    X1Y2 (CLOCK_ROOT)    net (fo=5789, routed)        1.352    13.045    u_preprocessor/S_AXI_ACLK_IBUF_BUFG
    SLICE_X38Y93         FDRE                                         r  u_preprocessor/pred_data_out_reg[pred_accel_z_1][11]/C
                         clock pessimism              0.380    13.426    
                         clock uncertainty           -0.035    13.390    
    SLICE_X38Y93         FDRE (Setup_EFF_SLICEL_C_D)
                                                      0.027    13.417    u_preprocessor/pred_data_out_reg[pred_accel_z_1][11]
  -------------------------------------------------------------------
                         required time                         13.417    
                         arrival time                         -12.574    
  -------------------------------------------------------------------
                         slack                                  0.843    

Slack (MET) :             0.843ns  (required time - arrival time)
  Source:                 u_axi_slave/slv_reg3_reg[5]/C
                            (rising edge-triggered cell FDRE clocked by s_axi_aclk  {rise@0.000ns fall@5.556ns period=11.111ns})
  Destination:            u_preprocessor/pred_data_out_reg[pred_accel_y_1][11]/D
                            (rising edge-triggered cell FDRE clocked by s_axi_aclk  {rise@0.000ns fall@5.556ns period=11.111ns})
  Path Group:             s_axi_aclk
  Path Type:              Setup (Max at Slow Process Corner)
  Requirement:            11.111ns  (s_axi_aclk rise@11.111ns - s_axi_aclk rise@0.000ns)
  Data Path Delay:        10.353ns  (logic 7.228ns (69.815%)  route 3.125ns (30.185%))
  Logic Levels:           33  (CARRY8=3 DSP_A_B_DATA=3 DSP_ALU=3 DSP_M_DATA=3 DSP_MULTIPLIER=3 DSP_OUTPUT=3 DSP_PREADD_DATA=3 LUT2=2 LUT3=1 LUT5=2 LUT6=7)
  Clock Path Skew:        0.093ns (DCD - SCD + CPR)
    Destination Clock Delay (DCD):    1.928ns = ( 13.039 - 11.111 ) 
    Source Clock Delay      (SCD):    2.215ns
    Clock Pessimism Removal (CPR):    0.380ns
  Clock Uncertainty:      0.035ns  ((TSJ^2 + TIJ^2)^1/2 + DJ) / 2 + PE
    Total System Jitter     (TSJ):    0.071ns
    Total Input Jitter      (TIJ):    0.000ns
    Discrete Jitter          (DJ):    0.000ns
    Phase Error              (PE):    0.000ns
  Clock Net Delay (Source):      1.323ns (routing 0.185ns, distribution 1.138ns)
  Clock Net Delay (Destination): 1.346ns (routing 0.170ns, distribution 1.176ns)

    Location             Delay type                Incr(ns)  Path(ns)    Netlist Resource(s)
  -------------------------------------------------------------------    -------------------
                         (clock s_axi_aclk rise edge)
                                                      0.000     0.000 r  
    D7                                                0.000     0.000 r  S_AXI_ACLK (IN)
                         net (fo=0)                   0.000     0.000    S_AXI_ACLK_IBUF_inst/I
    D7                   INBUF (Prop_INBUF_HPIOB_M_PAD_O)
                                                      0.535     0.535 r  S_AXI_ACLK_IBUF_inst/INBUF_INST/O
                         net (fo=1, routed)           0.000     0.535    S_AXI_ACLK_IBUF_inst/OUT
    D7                   IBUFCTRL (Prop_IBUFCTRL_HPIOB_M_I_O)
                                                      0.000     0.535 r  S_AXI_ACLK_IBUF_inst/IBUFCTRL_INST/O
                         net (fo=1, routed)           0.329     0.864    S_AXI_ACLK_IBUF
    BUFGCE_X0Y67         BUFGCE (Prop_BUFCE_BUFGCE_I_O)
                                                      0.028     0.892 r  S_AXI_ACLK_IBUF_BUFG_inst/O
    X1Y2 (CLOCK_ROOT)    net (fo=5789, routed)        1.323     2.215    u_axi_slave/S_AXI_ACLK_IBUF_BUFG
    SLICE_X43Y86         FDRE                                         r  u_axi_slave/slv_reg3_reg[5]/C
  -------------------------------------------------------------------    -------------------
    SLICE_X43Y86         FDRE (Prop_CFF_SLICEM_C_Q)
                                                      0.095     2.310 f  u_axi_slave/slv_reg3_reg[5]/Q
                         net (fo=9, routed)           0.096     2.406    u_axi_slave/sim_data_out[incline_x][5]
    SLICE_X43Y86         LUT6 (Prop_F6LUT_SLICEM_I0_O)
                                                      0.177     2.583 f  u_axi_slave/g0_b0__3_i_6/O
                         net (fo=8, routed)           0.107     2.690    u_axi_slave/g0_b0__3_i_6_n_0
    SLICE_X44Y86         LUT6 (Prop_F6LUT_SLICEL_I3_O)
                                                      0.062     2.752 f  u_axi_slave/g0_b0__3_i_10/O
                         net (fo=2, routed)           0.101     2.853    u_axi_slave/g0_b0__3_i_10_n_0
    SLICE_X44Y87         LUT6 (Prop_G6LUT_SLICEL_I3_O)
                                                      0.038     2.891 r  u_axi_slave/consistency_cnt[0]_i_31__9/O
                         net (fo=3, routed)           0.122     3.012    u_axi_slave/consistency_cnt[0]_i_31__9_n_0
    SLICE_X43Y87         LUT6 (Prop_D6LUT_SLICEM_I0_O)
                                                      0.174     3.186 r  u_axi_slave/g0_b0__3_i_7/O
                         net (fo=12, routed)          0.225     3.411    u_axi_slave/g0_b0__3_i_7_n_0
    SLICE_X40Y88         LUT2 (Prop_E6LUT_SLICEM_I1_O)
                                                      0.039     3.450 r  u_axi_slave/g0_b0__3_i_3/O
                         net (fo=87, routed)          0.204     3.654    u_axi_slave/g0_b0__3_i_3_n_0
    SLICE_X42Y87         LUT5 (Prop_B6LUT_SLICEM_I2_O)
                                                      0.100     3.754 r  u_axi_slave/g0_b4__3/O
                         net (fo=8, routed)           0.188     3.942    u_axi_slave/g0_b4__3_n_0
    SLICE_X42Y90         LUT6 (Prop_E6LUT_SLICEM_I5_O)
                                                      0.148     4.090 r  u_axi_slave/g0_b4__4__0/O
                         net (fo=1, routed)           0.015     4.105    u_axi_slave/g0_b4__4__0_n_0
    SLICE_X42Y90         CARRY8 (Prop_CARRY8_SLICEM_S[4]_CO[7])
                                                      0.198     4.303 r  u_axi_slave/p_0_out__3_i_9/CO[7]
                         net (fo=1, routed)           0.028     4.331    u_axi_slave/p_0_out__3_i_9_n_0
    SLICE_X42Y91         CARRY8 (Prop_CARRY8_SLICEM_CI_O[0])
                                                      0.072     4.403 f  u_axi_slave/p_0_out__3_i_8/O[0]
                         net (fo=1, routed)           0.340     4.743    u_preprocessor/p_0_out__3/A[8]
    DSP48E2_X4Y36        DSP_A_B_DATA (Prop_DSP_A_B_DATA_DSP48E2_A[8]_A2_DATA[8])
                                                      0.241     4.984 r  u_preprocessor/p_0_out__3/DSP_A_B_DATA_INST/A2_DATA[8]
                         net (fo=1, routed)           0.000     4.984    u_preprocessor/p_0_out__3/DSP_A_B_DATA.A2_DATA<8>
    DSP48E2_X4Y36        DSP_PREADD_DATA (Prop_DSP_PREADD_DATA_DSP48E2_A2_DATA[8]_A2A1[8])
                                                      0.098     5.082 r  u_preprocessor/p_0_out__3/DSP_PREADD_DATA_INST/A2A1[8]
                         net (fo=1, routed)           0.000     5.082    u_preprocessor/p_0_out__3/DSP_PREADD_DATA.A2A1<8>
    DSP48E2_X4Y36        DSP_MULTIPLIER (Prop_DSP_MULTIPLIER_DSP48E2_A2A1[8]_V[8])
                                                      0.648     5.730 f  u_preprocessor/p_0_out__3/DSP_MULTIPLIER_INST/V[8]
                         net (fo=1, routed)           0.000     5.730    u_preprocessor/p_0_out__3/DSP_MULTIPLIER.V<8>
    DSP48E2_X4Y36        DSP_M_DATA (Prop_DSP_M_DATA_DSP48E2_V[8]_V_DATA[8])
                                                      0.057     5.787 r  u_preprocessor/p_0_out__3/DSP_M_DATA_INST/V_DATA[8]
                         net (fo=1, routed)           0.000     5.787    u_preprocessor/p_0_out__3/DSP_M_DATA.V_DATA<8>
    DSP48E2_X4Y36        DSP_ALU (Prop_DSP_ALU_DSP48E2_V_DATA[8]_ALU_OUT[8])
                                                      0.688     6.475 f  u_preprocessor/p_0_out__3/DSP_ALU_INST/ALU_OUT[8]
                         net (fo=1, routed)           0.000     6.475    u_preprocessor/p_0_out__3/DSP_ALU.ALU_OUT<8>
    DSP48E2_X4Y36        DSP_OUTPUT (Prop_DSP_OUTPUT_DSP48E2_ALU_OUT[8]_P[8])
                                                      0.141     6.616 r  u_preprocessor/p_0_out__3/DSP_OUTPUT_INST/P[8]
                         net (fo=5, routed)           0.268     6.885    u_axi_slave/p_0_out__4_i_8_0[1]
    SLICE_X44Y93         LUT6 (Prop_B6LUT_SLICEL_I3_O)
                                                      0.115     7.000 r  u_axi_slave/p_0_out__4_i_22/O
                         net (fo=8, routed)           0.124     7.123    u_axi_slave/p_0_out__4_i_22_n_0
    SLICE_X43Y93         LUT6 (Prop_E6LUT_SLICEM_I1_O)
                                                      0.039     7.162 r  u_axi_slave/p_0_out__4_i_17/O
                         net (fo=5, routed)           0.197     7.359    u_axi_slave/p_0_out__4_i_17_n_0
    SLICE_X43Y94         LUT5 (Prop_F6LUT_SLICEM_I2_O)
                                                      0.038     7.397 r  u_axi_slave/p_0_out__4_i_13/O
                         net (fo=1, routed)           0.203     7.600    u_axi_slave/p_0_out__4_i_13_n_0
    SLICE_X44Y96         LUT3 (Prop_E6LUT_SLICEL_I2_O)
                                                      0.064     7.664 f  u_axi_slave/p_0_out__4_i_2/O
                         net (fo=1, routed)           0.133     7.797    u_preprocessor/p_0_out__4/A[10]
    DSP48E2_X4Y38        DSP_A_B_DATA (Prop_DSP_A_B_DATA_DSP48E2_A[10]_A2_DATA[10])
                                                      0.241     8.038 r  u_preprocessor/p_0_out__4/DSP_A_B_DATA_INST/A2_DATA[10]
                         net (fo=1, routed)           0.000     8.038    u_preprocessor/p_0_out__4/DSP_A_B_DATA.A2_DATA<10>
    DSP48E2_X4Y38        DSP_PREADD_DATA (Prop_DSP_PREADD_DATA_DSP48E2_A2_DATA[10]_A2A1[10])
                                                      0.098     8.136 r  u_preprocessor/p_0_out__4/DSP_PREADD_DATA_INST/A2A1[10]
                         net (fo=1, routed)           0.000     8.136    u_preprocessor/p_0_out__4/DSP_PREADD_DATA.A2A1<10>
    DSP48E2_X4Y38        DSP_MULTIPLIER (Prop_DSP_MULTIPLIER_DSP48E2_A2A1[10]_U[12])
                                                      0.647     8.783 f  u_preprocessor/p_0_out__4/DSP_MULTIPLIER_INST/U[12]
                         net (fo=1, routed)           0.000     8.783    u_preprocessor/p_0_out__4/DSP_MULTIPLIER.U<12>
    DSP48E2_X4Y38        DSP_M_DATA (Prop_DSP_M_DATA_DSP48E2_U[12]_U_DATA[12])
                                                      0.059     8.842 r  u_preprocessor/p_0_out__4/DSP_M_DATA_INST/U_DATA[12]
                         net (fo=1, routed)           0.000     8.842    u_preprocessor/p_0_out__4/DSP_M_DATA.U_DATA<12>
    DSP48E2_X4Y38        DSP_ALU (Prop_DSP_ALU_DSP48E2_U_DATA[12]_ALU_OUT[12])
                                                      0.699     9.541 r  u_preprocessor/p_0_out__4/DSP_ALU_INST/ALU_OUT[12]
                         net (fo=1, routed)           0.000     9.541    u_preprocessor/p_0_out__4/DSP_ALU.ALU_OUT<12>
    DSP48E2_X4Y38        DSP_OUTPUT (Prop_DSP_OUTPUT_DSP48E2_ALU_OUT[12]_P[12])
                                                      0.141     9.682 f  u_preprocessor/p_0_out__4/DSP_OUTPUT_INST/P[12]
                         net (fo=1, routed)           0.391    10.073    u_preprocessor/p_0_out__6/A[12]
    DSP48E2_X4Y39        DSP_A_B_DATA (Prop_DSP_A_B_DATA_DSP48E2_A[12]_A2_DATA[12])
                                                      0.241    10.314 r  u_preprocessor/p_0_out__6/DSP_A_B_DATA_INST/A2_DATA[12]
                         net (fo=1, routed)           0.000    10.314    u_preprocessor/p_0_out__6/DSP_A_B_DATA.A2_DATA<12>
    DSP48E2_X4Y39        DSP_PREADD_DATA (Prop_DSP_PREADD_DATA_DSP48E2_A2_DATA[12]_A2A1[12])
                                                      0.098    10.412 r  u_preprocessor/p_0_out__6/DSP_PREADD_DATA_INST/A2A1[12]
                         net (fo=1, routed)           0.000    10.412    u_preprocessor/p_0_out__6/DSP_PREADD_DATA.A2A1<12>
    DSP48E2_X4Y39        DSP_MULTIPLIER (Prop_DSP_MULTIPLIER_DSP48E2_A2A1[12]_U[30])
                                                      0.647    11.059 f  u_preprocessor/p_0_out__6/DSP_MULTIPLIER_INST/U[30]
                         net (fo=1, routed)           0.000    11.059    u_preprocessor/p_0_out__6/DSP_MULTIPLIER.U<30>
    DSP48E2_X4Y39        DSP_M_DATA (Prop_DSP_M_DATA_DSP48E2_U[30]_U_DATA[30])
                                                      0.059    11.118 r  u_preprocessor/p_0_out__6/DSP_M_DATA_INST/U_DATA[30]
                         net (fo=1, routed)           0.000    11.118    u_preprocessor/p_0_out__6/DSP_M_DATA.U_DATA<30>
    DSP48E2_X4Y39        DSP_ALU (Prop_DSP_ALU_DSP48E2_U_DATA[30]_ALU_OUT[30])
                                                      0.699    11.817 f  u_preprocessor/p_0_out__6/DSP_ALU_INST/ALU_OUT[30]
                         net (fo=1, routed)           0.000    11.817    u_preprocessor/p_0_out__6/DSP_ALU.ALU_OUT<30>
    DSP48E2_X4Y39        DSP_OUTPUT (Prop_DSP_OUTPUT_DSP48E2_ALU_OUT[30]_P[30])
                                                      0.141    11.958 r  u_preprocessor/p_0_out__6/DSP_OUTPUT_INST/P[30]
                         net (fo=2, routed)           0.328    12.286    u_preprocessor/grav_y[10]
    SLICE_X42Y98         LUT2 (Prop_D6LUT_SLICEM_I1_O)
                                                      0.038    12.324 r  u_preprocessor/pred_data_out[pred_accel_y_1][11]_i_5/O
                         net (fo=1, routed)           0.026    12.350    u_preprocessor/pred_data_out[pred_accel_y_1][11]_i_5_n_0
    SLICE_X42Y98         CARRY8 (Prop_CARRY8_SLICEM_S[3]_O[4])
                                                      0.188    12.538 r  u_preprocessor/pred_data_out_reg[pred_accel_y_1][11]_i_1/O[4]
                         net (fo=1, routed)           0.030    12.568    u_preprocessor/pred_data_out_reg[pred_accel_y_1][11]_i_1_n_11
    SLICE_X42Y98         FDRE                                         r  u_preprocessor/pred_data_out_reg[pred_accel_y_1][11]/D
  -------------------------------------------------------------------    -------------------

                         (clock s_axi_aclk rise edge)
                                                     11.111    11.111 r  
    D7                                                0.000    11.111 r  S_AXI_ACLK (IN)
                         net (fo=0)                   0.000    11.111    S_AXI_ACLK_IBUF_inst/I
    D7                   INBUF (Prop_INBUF_HPIOB_M_PAD_O)
                                                      0.268    11.379 r  S_AXI_ACLK_IBUF_inst/INBUF_INST/O
                         net (fo=1, routed)           0.000    11.379    S_AXI_ACLK_IBUF_inst/OUT
    D7                   IBUFCTRL (Prop_IBUFCTRL_HPIOB_M_I_O)
                                                      0.000    11.379 r  S_AXI_ACLK_IBUF_inst/IBUFCTRL_INST/O
                         net (fo=1, routed)           0.290    11.669    S_AXI_ACLK_IBUF
    BUFGCE_X0Y67         BUFGCE (Prop_BUFCE_BUFGCE_I_O)
                                                      0.024    11.693 r  S_AXI_ACLK_IBUF_BUFG_inst/O
    X1Y2 (CLOCK_ROOT)    net (fo=5789, routed)        1.346    13.039    u_preprocessor/S_AXI_ACLK_IBUF_BUFG
    SLICE_X42Y98         FDRE                                         r  u_preprocessor/pred_data_out_reg[pred_accel_y_1][11]/C
                         clock pessimism              0.380    13.420    
                         clock uncertainty           -0.035    13.384    
    SLICE_X42Y98         FDRE (Setup_EFF_SLICEM_C_D)
                                                      0.027    13.411    u_preprocessor/pred_data_out_reg[pred_accel_y_1][11]
  -------------------------------------------------------------------
                         required time                         13.411    
                         arrival time                         -12.568    
  -------------------------------------------------------------------
                         slack                                  0.843    

Slack (MET) :             0.851ns  (required time - arrival time)
  Source:                 u_axi_slave/slv_reg3_reg[5]/C
                            (rising edge-triggered cell FDRE clocked by s_axi_aclk  {rise@0.000ns fall@5.556ns period=11.111ns})
  Destination:            u_preprocessor/pred_data_out_reg[pred_accel_y_1][10]/D
                            (rising edge-triggered cell FDRE clocked by s_axi_aclk  {rise@0.000ns fall@5.556ns period=11.111ns})
  Path Group:             s_axi_aclk
  Path Type:              Setup (Max at Slow Process Corner)
  Requirement:            11.111ns  (s_axi_aclk rise@11.111ns - s_axi_aclk rise@0.000ns)
  Data Path Delay:        10.251ns  (logic 7.221ns (70.439%)  route 3.030ns (29.561%))
  Logic Levels:           33  (CARRY8=3 DSP_A_B_DATA=3 DSP_ALU=3 DSP_M_DATA=3 DSP_MULTIPLIER=3 DSP_OUTPUT=3 DSP_PREADD_DATA=3 LUT2=2 LUT3=1 LUT5=2 LUT6=7)
  Clock Path Skew:        0.000ns (DCD - SCD + CPR)
    Destination Clock Delay (DCD):    1.834ns = ( 12.945 - 11.111 ) 
    Source Clock Delay      (SCD):    2.215ns
    Clock Pessimism Removal (CPR):    0.381ns
  Clock Uncertainty:      0.035ns  ((TSJ^2 + TIJ^2)^1/2 + DJ) / 2 + PE
    Total System Jitter     (TSJ):    0.071ns
    Total Input Jitter      (TIJ):    0.000ns
    Discrete Jitter          (DJ):    0.000ns
    Phase Error              (PE):    0.000ns
  Clock Net Delay (Source):      1.323ns (routing 0.185ns, distribution 1.138ns)
  Clock Net Delay (Destination): 1.252ns (routing 0.170ns, distribution 1.082ns)

    Location             Delay type                Incr(ns)  Path(ns)    Netlist Resource(s)
  -------------------------------------------------------------------    -------------------
                         (clock s_axi_aclk rise edge)
                                                      0.000     0.000 r  
    D7                                                0.000     0.000 r  S_AXI_ACLK (IN)
                         net (fo=0)                   0.000     0.000    S_AXI_ACLK_IBUF_inst/I
    D7                   INBUF (Prop_INBUF_HPIOB_M_PAD_O)
                                                      0.535     0.535 r  S_AXI_ACLK_IBUF_inst/INBUF_INST/O
                         net (fo=1, routed)           0.000     0.535    S_AXI_ACLK_IBUF_inst/OUT
    D7                   IBUFCTRL (Prop_IBUFCTRL_HPIOB_M_I_O)
                                                      0.000     0.535 r  S_AXI_ACLK_IBUF_inst/IBUFCTRL_INST/O
                         net (fo=1, routed)           0.329     0.864    S_AXI_ACLK_IBUF
    BUFGCE_X0Y67         BUFGCE (Prop_BUFCE_BUFGCE_I_O)
                                                      0.028     0.892 r  S_AXI_ACLK_IBUF_BUFG_inst/O
    X1Y2 (CLOCK_ROOT)    net (fo=5789, routed)        1.323     2.215    u_axi_slave/S_AXI_ACLK_IBUF_BUFG
    SLICE_X43Y86         FDRE                                         r  u_axi_slave/slv_reg3_reg[5]/C
  -------------------------------------------------------------------    -------------------
    SLICE_X43Y86         FDRE (Prop_CFF_SLICEM_C_Q)
                                                      0.095     2.310 f  u_axi_slave/slv_reg3_reg[5]/Q
                         net (fo=9, routed)           0.096     2.406    u_axi_slave/sim_data_out[incline_x][5]
    SLICE_X43Y86         LUT6 (Prop_F6LUT_SLICEM_I0_O)
                                                      0.177     2.583 f  u_axi_slave/g0_b0__3_i_6/O
                         net (fo=8, routed)           0.107     2.690    u_axi_slave/g0_b0__3_i_6_n_0
    SLICE_X44Y86         LUT6 (Prop_F6LUT_SLICEL_I3_O)
                                                      0.062     2.752 f  u_axi_slave/g0_b0__3_i_10/O
                         net (fo=2, routed)           0.101     2.853    u_axi_slave/g0_b0__3_i_10_n_0
    SLICE_X44Y87         LUT6 (Prop_G6LUT_SLICEL_I3_O)
                                                      0.038     2.891 r  u_axi_slave/consistency_cnt[0]_i_31__9/O
                         net (fo=3, routed)           0.122     3.012    u_axi_slave/consistency_cnt[0]_i_31__9_n_0
    SLICE_X43Y87         LUT6 (Prop_D6LUT_SLICEM_I0_O)
                                                      0.174     3.186 r  u_axi_slave/g0_b0__3_i_7/O
                         net (fo=12, routed)          0.225     3.411    u_axi_slave/g0_b0__3_i_7_n_0
    SLICE_X40Y88         LUT2 (Prop_E6LUT_SLICEM_I1_O)
                                                      0.039     3.450 r  u_axi_slave/g0_b0__3_i_3/O
                         net (fo=87, routed)          0.204     3.654    u_axi_slave/g0_b0__3_i_3_n_0
    SLICE_X42Y87         LUT5 (Prop_B6LUT_SLICEM_I2_O)
                                                      0.100     3.754 r  u_axi_slave/g0_b4__3/O
                         net (fo=8, routed)           0.188     3.942    u_axi_slave/g0_b4__3_n_0
    SLICE_X42Y90         LUT6 (Prop_E6LUT_SLICEM_I5_O)
                                                      0.148     4.090 r  u_axi_slave/g0_b4__4__0/O
                         net (fo=1, routed)           0.015     4.105    u_axi_slave/g0_b4__4__0_n_0
    SLICE_X42Y90         CARRY8 (Prop_CARRY8_SLICEM_S[4]_CO[7])
                                                      0.198     4.303 r  u_axi_slave/p_0_out__3_i_9/CO[7]
                         net (fo=1, routed)           0.028     4.331    u_axi_slave/p_0_out__3_i_9_n_0
    SLICE_X42Y91         CARRY8 (Prop_CARRY8_SLICEM_CI_O[0])
                                                      0.072     4.403 f  u_axi_slave/p_0_out__3_i_8/O[0]
                         net (fo=1, routed)           0.340     4.743    u_preprocessor/p_0_out__3/A[8]
    DSP48E2_X4Y36        DSP_A_B_DATA (Prop_DSP_A_B_DATA_DSP48E2_A[8]_A2_DATA[8])
                                                      0.241     4.984 r  u_preprocessor/p_0_out__3/DSP_A_B_DATA_INST/A2_DATA[8]
                         net (fo=1, routed)           0.000     4.984    u_preprocessor/p_0_out__3/DSP_A_B_DATA.A2_DATA<8>
    DSP48E2_X4Y36        DSP_PREADD_DATA (Prop_DSP_PREADD_DATA_DSP48E2_A2_DATA[8]_A2A1[8])
                                                      0.098     5.082 r  u_preprocessor/p_0_out__3/DSP_PREADD_DATA_INST/A2A1[8]
                         net (fo=1, routed)           0.000     5.082    u_preprocessor/p_0_out__3/DSP_PREADD_DATA.A2A1<8>
    DSP48E2_X4Y36        DSP_MULTIPLIER (Prop_DSP_MULTIPLIER_DSP48E2_A2A1[8]_V[8])
                                                      0.648     5.730 f  u_preprocessor/p_0_out__3/DSP_MULTIPLIER_INST/V[8]
                         net (fo=1, routed)           0.000     5.730    u_preprocessor/p_0_out__3/DSP_MULTIPLIER.V<8>
    DSP48E2_X4Y36        DSP_M_DATA (Prop_DSP_M_DATA_DSP48E2_V[8]_V_DATA[8])
                                                      0.057     5.787 r  u_preprocessor/p_0_out__3/DSP_M_DATA_INST/V_DATA[8]
                         net (fo=1, routed)           0.000     5.787    u_preprocessor/p_0_out__3/DSP_M_DATA.V_DATA<8>
    DSP48E2_X4Y36        DSP_ALU (Prop_DSP_ALU_DSP48E2_V_DATA[8]_ALU_OUT[8])
                                                      0.688     6.475 f  u_preprocessor/p_0_out__3/DSP_ALU_INST/ALU_OUT[8]
                         net (fo=1, routed)           0.000     6.475    u_preprocessor/p_0_out__3/DSP_ALU.ALU_OUT<8>
    DSP48E2_X4Y36        DSP_OUTPUT (Prop_DSP_OUTPUT_DSP48E2_ALU_OUT[8]_P[8])
                                                      0.141     6.616 r  u_preprocessor/p_0_out__3/DSP_OUTPUT_INST/P[8]
                         net (fo=5, routed)           0.268     6.885    u_axi_slave/p_0_out__4_i_8_0[1]
    SLICE_X44Y93         LUT6 (Prop_B6LUT_SLICEL_I3_O)
                                                      0.115     7.000 r  u_axi_slave/p_0_out__4_i_22/O
                         net (fo=8, routed)           0.124     7.123    u_axi_slave/p_0_out__4_i_22_n_0
    SLICE_X43Y93         LUT6 (Prop_E6LUT_SLICEM_I1_O)
                                                      0.039     7.162 r  u_axi_slave/p_0_out__4_i_17/O
                         net (fo=5, routed)           0.197     7.359    u_axi_slave/p_0_out__4_i_17_n_0
    SLICE_X43Y94         LUT5 (Prop_F6LUT_SLICEM_I2_O)
                                                      0.038     7.397 r  u_axi_slave/p_0_out__4_i_13/O
                         net (fo=1, routed)           0.203     7.600    u_axi_slave/p_0_out__4_i_13_n_0
    SLICE_X44Y96         LUT3 (Prop_E6LUT_SLICEL_I2_O)
                                                      0.064     7.664 f  u_axi_slave/p_0_out__4_i_2/O
                         net (fo=1, routed)           0.133     7.797    u_preprocessor/p_0_out__4/A[10]
    DSP48E2_X4Y38        DSP_A_B_DATA (Prop_DSP_A_B_DATA_DSP48E2_A[10]_A2_DATA[10])
                                                      0.241     8.038 r  u_preprocessor/p_0_out__4/DSP_A_B_DATA_INST/A2_DATA[10]
                         net (fo=1, routed)           0.000     8.038    u_preprocessor/p_0_out__4/DSP_A_B_DATA.A2_DATA<10>
    DSP48E2_X4Y38        DSP_PREADD_DATA (Prop_DSP_PREADD_DATA_DSP48E2_A2_DATA[10]_A2A1[10])
                                                      0.098     8.136 r  u_preprocessor/p_0_out__4/DSP_PREADD_DATA_INST/A2A1[10]
                         net (fo=1, routed)           0.000     8.136    u_preprocessor/p_0_out__4/DSP_PREADD_DATA.A2A1<10>
    DSP48E2_X4Y38        DSP_MULTIPLIER (Prop_DSP_MULTIPLIER_DSP48E2_A2A1[10]_U[12])
                                                      0.647     8.783 f  u_preprocessor/p_0_out__4/DSP_MULTIPLIER_INST/U[12]
                         net (fo=1, routed)           0.000     8.783    u_preprocessor/p_0_out__4/DSP_MULTIPLIER.U<12>
    DSP48E2_X4Y38        DSP_M_DATA (Prop_DSP_M_DATA_DSP48E2_U[12]_U_DATA[12])
                                                      0.059     8.842 r  u_preprocessor/p_0_out__4/DSP_M_DATA_INST/U_DATA[12]
                         net (fo=1, routed)           0.000     8.842    u_preprocessor/p_0_out__4/DSP_M_DATA.U_DATA<12>
    DSP48E2_X4Y38        DSP_ALU (Prop_DSP_ALU_DSP48E2_U_DATA[12]_ALU_OUT[12])
                                                      0.699     9.541 r  u_preprocessor/p_0_out__4/DSP_ALU_INST/ALU_OUT[12]
                         net (fo=1, routed)           0.000     9.541    u_preprocessor/p_0_out__4/DSP_ALU.ALU_OUT<12>
    DSP48E2_X4Y38        DSP_OUTPUT (Prop_DSP_OUTPUT_DSP48E2_ALU_OUT[12]_P[12])
                                                      0.141     9.682 f  u_preprocessor/p_0_out__4/DSP_OUTPUT_INST/P[12]
                         net (fo=1, routed)           0.391    10.073    u_preprocessor/p_0_out__6/A[12]
    DSP48E2_X4Y39        DSP_A_B_DATA (Prop_DSP_A_B_DATA_DSP48E2_A[12]_A2_DATA[12])
                                                      0.241    10.314 r  u_preprocessor/p_0_out__6/DSP_A_B_DATA_INST/A2_DATA[12]
                         net (fo=1, routed)           0.000    10.314    u_preprocessor/p_0_out__6/DSP_A_B_DATA.A2_DATA<12>
    DSP48E2_X4Y39        DSP_PREADD_DATA (Prop_DSP_PREADD_DATA_DSP48E2_A2_DATA[12]_A2A1[12])
                                                      0.098    10.412 r  u_preprocessor/p_0_out__6/DSP_PREADD_DATA_INST/A2A1[12]
                         net (fo=1, routed)           0.000    10.412    u_preprocessor/p_0_out__6/DSP_PREADD_DATA.A2A1<12>
    DSP48E2_X4Y39        DSP_MULTIPLIER (Prop_DSP_MULTIPLIER_DSP48E2_A2A1[12]_U[28])
                                                      0.647    11.059 f  u_preprocessor/p_0_out__6/DSP_MULTIPLIER_INST/U[28]
                         net (fo=1, routed)           0.000    11.059    u_preprocessor/p_0_out__6/DSP_MULTIPLIER.U<28>
    DSP48E2_X4Y39        DSP_M_DATA (Prop_DSP_M_DATA_DSP48E2_U[28]_U_DATA[28])
                                                      0.059    11.118 r  u_preprocessor/p_0_out__6/DSP_M_DATA_INST/U_DATA[28]
                         net (fo=1, routed)           0.000    11.118    u_preprocessor/p_0_out__6/DSP_M_DATA.U_DATA<28>
    DSP48E2_X4Y39        DSP_ALU (Prop_DSP_ALU_DSP48E2_U_DATA[28]_ALU_OUT[28])
                                                      0.699    11.817 f  u_preprocessor/p_0_out__6/DSP_ALU_INST/ALU_OUT[28]
                         net (fo=1, routed)           0.000    11.817    u_preprocessor/p_0_out__6/DSP_ALU.ALU_OUT<28>
    DSP48E2_X4Y39        DSP_OUTPUT (Prop_DSP_OUTPUT_DSP48E2_ALU_OUT[28]_P[28])
                                                      0.141    11.958 r  u_preprocessor/p_0_out__6/DSP_OUTPUT_INST/P[28]
                         net (fo=2, routed)           0.239    12.198    u_preprocessor/grav_y[8]
    SLICE_X42Y98         LUT2 (Prop_B6LUT_SLICEM_I1_O)
                                                      0.063    12.261 r  u_preprocessor/pred_data_out[pred_accel_y_1][11]_i_7/O
                         net (fo=1, routed)           0.018    12.279    u_preprocessor/pred_data_out[pred_accel_y_1][11]_i_7_n_0
    SLICE_X42Y98         CARRY8 (Prop_CARRY8_SLICEM_S[1]_O[3])
                                                      0.156    12.435 r  u_preprocessor/pred_data_out_reg[pred_accel_y_1][11]_i_1/O[3]
                         net (fo=1, routed)           0.032    12.467    u_preprocessor/pred_data_out_reg[pred_accel_y_1][11]_i_1_n_12
    SLICE_X42Y98         FDRE                                         r  u_preprocessor/pred_data_out_reg[pred_accel_y_1][10]/D
  -------------------------------------------------------------------    -------------------

                         (clock s_axi_aclk rise edge)
                                                     11.111    11.111 r  
    D7                                                0.000    11.111 r  S_AXI_ACLK (IN)
                         net (fo=0)                   0.000    11.111    S_AXI_ACLK_IBUF_inst/I
    D7                   INBUF (Prop_INBUF_HPIOB_M_PAD_O)
                                                      0.268    11.379 r  S_AXI_ACLK_IBUF_inst/INBUF_INST/O
                         net (fo=1, routed)           0.000    11.379    S_AXI_ACLK_IBUF_inst/OUT
    D7                   IBUFCTRL (Prop_IBUFCTRL_HPIOB_M_I_O)
                                                      0.000    11.379 r  S_AXI_ACLK_IBUF_inst/IBUFCTRL_INST/O
                         net (fo=1, routed)           0.290    11.669    S_AXI_ACLK_IBUF
    BUFGCE_X0Y67         BUFGCE (Prop_BUFCE_BUFGCE_I_O)
                                                      0.024    11.693 r  S_AXI_ACLK_IBUF_BUFG_inst/O
    X1Y2 (CLOCK_ROOT)    net (fo=5789, routed)        1.252    12.945    u_preprocessor/S_AXI_ACLK_IBUF_BUFG
    SLICE_X42Y98         FDRE                                         r  u_preprocessor/pred_data_out_reg[pred_accel_y_1][10]/C
                         clock pessimism              0.381    13.326    
                         clock uncertainty           -0.035    13.291    
    SLICE_X42Y98         FDRE (Setup_DFF_SLICEM_C_D)
                                                      0.027    13.318    u_preprocessor/pred_data_out_reg[pred_accel_y_1][10]
  -------------------------------------------------------------------
                         required time                         13.318    
                         arrival time                         -12.467    
  -------------------------------------------------------------------
                         slack                                  0.851    

Slack (MET) :             0.857ns  (required time - arrival time)
  Source:                 u_axi_slave/slv_reg3_reg[5]/C
                            (rising edge-triggered cell FDRE clocked by s_axi_aclk  {rise@0.000ns fall@5.556ns period=11.111ns})
  Destination:            u_preprocessor/pred_data_out_reg[pred_accel_z_2][11]/D
                            (rising edge-triggered cell FDRE clocked by s_axi_aclk  {rise@0.000ns fall@5.556ns period=11.111ns})
  Path Group:             s_axi_aclk
  Path Type:              Setup (Max at Slow Process Corner)
  Requirement:            11.111ns  (s_axi_aclk rise@11.111ns - s_axi_aclk rise@0.000ns)
  Data Path Delay:        10.122ns  (logic 7.059ns (69.741%)  route 3.063ns (30.259%))
  Logic Levels:           28  (CARRY8=3 DSP_A_B_DATA=3 DSP_ALU=3 DSP_M_DATA=3 DSP_MULTIPLIER=3 DSP_OUTPUT=3 DSP_PREADD_DATA=3 LUT2=1 LUT5=1 LUT6=5)
  Clock Path Skew:        -0.123ns (DCD - SCD + CPR)
    Destination Clock Delay (DCD):    1.710ns = ( 12.821 - 11.111 ) 
    Source Clock Delay      (SCD):    2.215ns
    Clock Pessimism Removal (CPR):    0.381ns
  Clock Uncertainty:      0.035ns  ((TSJ^2 + TIJ^2)^1/2 + DJ) / 2 + PE
    Total System Jitter     (TSJ):    0.071ns
    Total Input Jitter      (TIJ):    0.000ns
    Discrete Jitter          (DJ):    0.000ns
    Phase Error              (PE):    0.000ns
  Clock Net Delay (Source):      1.323ns (routing 0.185ns, distribution 1.138ns)
  Clock Net Delay (Destination): 1.128ns (routing 0.170ns, distribution 0.958ns)

    Location             Delay type                Incr(ns)  Path(ns)    Netlist Resource(s)
  -------------------------------------------------------------------    -------------------
                         (clock s_axi_aclk rise edge)
                                                      0.000     0.000 r  
    D7                                                0.000     0.000 r  S_AXI_ACLK (IN)
                         net (fo=0)                   0.000     0.000    S_AXI_ACLK_IBUF_inst/I
    D7                   INBUF (Prop_INBUF_HPIOB_M_PAD_O)
                                                      0.535     0.535 r  S_AXI_ACLK_IBUF_inst/INBUF_INST/O
                         net (fo=1, routed)           0.000     0.535    S_AXI_ACLK_IBUF_inst/OUT
    D7                   IBUFCTRL (Prop_IBUFCTRL_HPIOB_M_I_O)
                                                      0.000     0.535 r  S_AXI_ACLK_IBUF_inst/IBUFCTRL_INST/O
                         net (fo=1, routed)           0.329     0.864    S_AXI_ACLK_IBUF
    BUFGCE_X0Y67         BUFGCE (Prop_BUFCE_BUFGCE_I_O)
                                                      0.028     0.892 r  S_AXI_ACLK_IBUF_BUFG_inst/O
    X1Y2 (CLOCK_ROOT)    net (fo=5789, routed)        1.323     2.215    u_axi_slave/S_AXI_ACLK_IBUF_BUFG
    SLICE_X43Y86         FDRE                                         r  u_axi_slave/slv_reg3_reg[5]/C
  -------------------------------------------------------------------    -------------------
    SLICE_X43Y86         FDRE (Prop_CFF_SLICEM_C_Q)
                                                      0.095     2.310 f  u_axi_slave/slv_reg3_reg[5]/Q
                         net (fo=9, routed)           0.096     2.406    u_axi_slave/sim_data_out[incline_x][5]
    SLICE_X43Y86         LUT6 (Prop_F6LUT_SLICEM_I0_O)
                                                      0.177     2.583 f  u_axi_slave/g0_b0__3_i_6/O
                         net (fo=8, routed)           0.107     2.690    u_axi_slave/g0_b0__3_i_6_n_0
    SLICE_X44Y86         LUT6 (Prop_F6LUT_SLICEL_I3_O)
                                                      0.062     2.752 f  u_axi_slave/g0_b0__3_i_10/O
                         net (fo=2, routed)           0.101     2.853    u_axi_slave/g0_b0__3_i_10_n_0
    SLICE_X44Y87         LUT6 (Prop_G6LUT_SLICEL_I3_O)
                                                      0.038     2.891 r  u_axi_slave/consistency_cnt[0]_i_31__9/O
                         net (fo=3, routed)           0.122     3.012    u_axi_slave/consistency_cnt[0]_i_31__9_n_0
    SLICE_X43Y87         LUT6 (Prop_D6LUT_SLICEM_I0_O)
                                                      0.174     3.186 r  u_axi_slave/g0_b0__3_i_7/O
                         net (fo=12, routed)          0.225     3.411    u_axi_slave/g0_b0__3_i_7_n_0
    SLICE_X40Y88         LUT2 (Prop_E6LUT_SLICEM_I1_O)
                                                      0.039     3.450 r  u_axi_slave/g0_b0__3_i_3/O
                         net (fo=87, routed)          0.243     3.693    u_axi_slave/g0_b0__3_i_3_n_0
    SLICE_X41Y89         LUT5 (Prop_C6LUT_SLICEL_I2_O)
                                                      0.174     3.867 r  u_axi_slave/g0_b2__9/O
                         net (fo=1, routed)           0.011     3.878    u_axi_slave/g0_b2__9_n_0
    SLICE_X41Y89         CARRY8 (Prop_CARRY8_SLICEL_S[2]_O[7])
                                                      0.248     4.126 f  u_axi_slave/p_0_out__9_i_2/O[7]
                         net (fo=1, routed)           0.550     4.676    u_preprocessor/p_0_out__9/A[7]
    DSP48E2_X4Y37        DSP_A_B_DATA (Prop_DSP_A_B_DATA_DSP48E2_A[7]_A2_DATA[7])
                                                      0.241     4.917 r  u_preprocessor/p_0_out__9/DSP_A_B_DATA_INST/A2_DATA[7]
                         net (fo=1, routed)           0.000     4.917    u_preprocessor/p_0_out__9/DSP_A_B_DATA.A2_DATA<7>
    DSP48E2_X4Y37        DSP_PREADD_DATA (Prop_DSP_PREADD_DATA_DSP48E2_A2_DATA[7]_A2A1[7])
                                                      0.098     5.015 r  u_preprocessor/p_0_out__9/DSP_PREADD_DATA_INST/A2A1[7]
                         net (fo=1, routed)           0.000     5.015    u_preprocessor/p_0_out__9/DSP_PREADD_DATA.A2A1<7>
    DSP48E2_X4Y37        DSP_MULTIPLIER (Prop_DSP_MULTIPLIER_DSP48E2_A2A1[7]_V[7])
                                                      0.648     5.663 f  u_preprocessor/p_0_out__9/DSP_MULTIPLIER_INST/V[7]
                         net (fo=1, routed)           0.000     5.663    u_preprocessor/p_0_out__9/DSP_MULTIPLIER.V<7>
    DSP48E2_X4Y37        DSP_M_DATA (Prop_DSP_M_DATA_DSP48E2_V[7]_V_DATA[7])
                                                      0.057     5.720 r  u_preprocessor/p_0_out__9/DSP_M_DATA_INST/V_DATA[7]
                         net (fo=1, routed)           0.000     5.720    u_preprocessor/p_0_out__9/DSP_M_DATA.V_DATA<7>
    DSP48E2_X4Y37        DSP_ALU (Prop_DSP_ALU_DSP48E2_V_DATA[7]_ALU_OUT[7])
                                                      0.688     6.408 f  u_preprocessor/p_0_out__9/DSP_ALU_INST/ALU_OUT[7]
                         net (fo=1, routed)           0.000     6.408    u_preprocessor/p_0_out__9/DSP_ALU.ALU_OUT<7>
    DSP48E2_X4Y37        DSP_OUTPUT (Prop_DSP_OUTPUT_DSP48E2_ALU_OUT[7]_P[7])
                                                      0.141     6.549 r  u_preprocessor/p_0_out__9/DSP_OUTPUT_INST/P[7]
                         net (fo=1, routed)           0.303     6.852    u_axi_slave/p_0_out__10_i_2_0[0]
    SLICE_X42Y88         LUT6 (Prop_A6LUT_SLICEM_I5_O)
                                                      0.064     6.916 r  u_axi_slave/g0_b0__10__0/O
                         net (fo=1, routed)           0.014     6.930    u_axi_slave/g0_b0__10__0_n_0
    SLICE_X42Y88         CARRY8 (Prop_CARRY8_SLICEM_S[0]_CO[7])
                                                      0.241     7.171 r  u_axi_slave/p_0_out__10_i_2/CO[7]
                         net (fo=1, routed)           0.028     7.199    u_axi_slave/p_0_out__10_i_2_n_0
    SLICE_X42Y89         CARRY8 (Prop_CARRY8_SLICEM_CI_O[3])
                                                      0.104     7.303 f  u_axi_slave/p_0_out__10_i_1/O[3]
                         net (fo=19, routed)          0.527     7.831    u_preprocessor/p_0_out__10/A[13]
    DSP48E2_X3Y36        DSP_A_B_DATA (Prop_DSP_A_B_DATA_DSP48E2_A[13]_A2_DATA[13])
                                                      0.241     8.072 r  u_preprocessor/p_0_out__10/DSP_A_B_DATA_INST/A2_DATA[13]
                         net (fo=1, routed)           0.000     8.072    u_preprocessor/p_0_out__10/DSP_A_B_DATA.A2_DATA<13>
    DSP48E2_X3Y36        DSP_PREADD_DATA (Prop_DSP_PREADD_DATA_DSP48E2_A2_DATA[13]_A2A1[13])
                                                      0.098     8.170 r  u_preprocessor/p_0_out__10/DSP_PREADD_DATA_INST/A2A1[13]
                         net (fo=1, routed)           0.000     8.170    u_preprocessor/p_0_out__10/DSP_PREADD_DATA.A2A1<13>
    DSP48E2_X3Y36        DSP_MULTIPLIER (Prop_DSP_MULTIPLIER_DSP48E2_A2A1[13]_U[14])
                                                      0.647     8.817 f  u_preprocessor/p_0_out__10/DSP_MULTIPLIER_INST/U[14]
                         net (fo=1, routed)           0.000     8.817    u_preprocessor/p_0_out__10/DSP_MULTIPLIER.U<14>
    DSP48E2_X3Y36        DSP_M_DATA (Prop_DSP_M_DATA_DSP48E2_U[14]_U_DATA[14])
                                                      0.059     8.876 r  u_preprocessor/p_0_out__10/DSP_M_DATA_INST/U_DATA[14]
                         net (fo=1, routed)           0.000     8.876    u_preprocessor/p_0_out__10/DSP_M_DATA.U_DATA<14>
    DSP48E2_X3Y36        DSP_ALU (Prop_DSP_ALU_DSP48E2_U_DATA[14]_ALU_OUT[14])
                                                      0.699     9.575 r  u_preprocessor/p_0_out__10/DSP_ALU_INST/ALU_OUT[14]
                         net (fo=1, routed)           0.000     9.575    u_preprocessor/p_0_out__10/DSP_ALU.ALU_OUT<14>
    DSP48E2_X3Y36        DSP_OUTPUT (Prop_DSP_OUTPUT_DSP48E2_ALU_OUT[14]_P[14])
                                                      0.141     9.716 f  u_preprocessor/p_0_out__10/DSP_OUTPUT_INST/P[14]
                         net (fo=1, routed)           0.389    10.105    u_preprocessor/p_0_out__11/A[14]
    DSP48E2_X3Y37        DSP_A_B_DATA (Prop_DSP_A_B_DATA_DSP48E2_A[14]_A2_DATA[14])
                                                      0.241    10.346 r  u_preprocessor/p_0_out__11/DSP_A_B_DATA_INST/A2_DATA[14]
                         net (fo=1, routed)           0.000    10.346    u_preprocessor/p_0_out__11/DSP_A_B_DATA.A2_DATA<14>
    DSP48E2_X3Y37        DSP_PREADD_DATA (Prop_DSP_PREADD_DATA_DSP48E2_A2_DATA[14]_A2A1[14])
                                                      0.098    10.444 r  u_preprocessor/p_0_out__11/DSP_PREADD_DATA_INST/A2A1[14]
                         net (fo=1, routed)           0.000    10.444    u_preprocessor/p_0_out__11/DSP_PREADD_DATA.A2A1<14>
    DSP48E2_X3Y37        DSP_MULTIPLIER (Prop_DSP_MULTIPLIER_DSP48E2_A2A1[14]_U[31])
                                                      0.647    11.091 f  u_preprocessor/p_0_out__11/DSP_MULTIPLIER_INST/U[31]
                         net (fo=1, routed)           0.000    11.091    u_preprocessor/p_0_out__11/DSP_MULTIPLIER.U<31>
    DSP48E2_X3Y37        DSP_M_DATA (Prop_DSP_M_DATA_DSP48E2_U[31]_U_DATA[31])
                                                      0.059    11.150 r  u_preprocessor/p_0_out__11/DSP_M_DATA_INST/U_DATA[31]
                         net (fo=1, routed)           0.000    11.150    u_preprocessor/p_0_out__11/DSP_M_DATA.U_DATA<31>
    DSP48E2_X3Y37        DSP_ALU (Prop_DSP_ALU_DSP48E2_U_DATA[31]_ALU_OUT[31])
                                                      0.699    11.849 f  u_preprocessor/p_0_out__11/DSP_ALU_INST/ALU_OUT[31]
                         net (fo=1, routed)           0.000    11.849    u_preprocessor/p_0_out__11/DSP_ALU.ALU_OUT<31>
    DSP48E2_X3Y37        DSP_OUTPUT (Prop_DSP_OUTPUT_DSP48E2_ALU_OUT[31]_P[31])
                                                      0.141    11.990 r  u_preprocessor/p_0_out__11/DSP_OUTPUT_INST/P[31]
                         net (fo=2, routed)           0.347    12.337    u_preprocessor/grav_z[11]
    SLICE_X39Y93         FDRE                                         r  u_preprocessor/pred_data_out_reg[pred_accel_z_2][11]/D
  -------------------------------------------------------------------    -------------------

                         (clock s_axi_aclk rise edge)
                                                     11.111    11.111 r  
    D7                                                0.000    11.111 r  S_AXI_ACLK (IN)
                         net (fo=0)                   0.000    11.111    S_AXI_ACLK_IBUF_inst/I
    D7                   INBUF (Prop_INBUF_HPIOB_M_PAD_O)
                                                      0.268    11.379 r  S_AXI_ACLK_IBUF_inst/INBUF_INST/O
                         net (fo=1, routed)           0.000    11.379    S_AXI_ACLK_IBUF_inst/OUT
    D7                   IBUFCTRL (Prop_IBUFCTRL_HPIOB_M_I_O)
                                                      0.000    11.379 r  S_AXI_ACLK_IBUF_inst/IBUFCTRL_INST/O
                         net (fo=1, routed)           0.290    11.669    S_AXI_ACLK_IBUF
    BUFGCE_X0Y67         BUFGCE (Prop_BUFCE_BUFGCE_I_O)
                                                      0.024    11.693 r  S_AXI_ACLK_IBUF_BUFG_inst/O
    X1Y2 (CLOCK_ROOT)    net (fo=5789, routed)        1.128    12.821    u_preprocessor/S_AXI_ACLK_IBUF_BUFG
    SLICE_X39Y93         FDRE                                         r  u_preprocessor/pred_data_out_reg[pred_accel_z_2][11]/C
                         clock pessimism              0.381    13.203    
                         clock uncertainty           -0.035    13.167    
    SLICE_X39Y93         FDRE (Setup_GFF2_SLICEM_C_D)
                                                      0.027    13.194    u_preprocessor/pred_data_out_reg[pred_accel_z_2][11]
  -------------------------------------------------------------------
                         required time                         13.194    
                         arrival time                         -12.337    
  -------------------------------------------------------------------
                         slack                                  0.857    

Slack (MET) :             0.858ns  (required time - arrival time)
  Source:                 u_axi_slave/slv_reg3_reg[5]/C
                            (rising edge-triggered cell FDRE clocked by s_axi_aclk  {rise@0.000ns fall@5.556ns period=11.111ns})
  Destination:            u_preprocessor/pred_data_out_reg[pred_accel_z_2][8]/D
                            (rising edge-triggered cell FDRE clocked by s_axi_aclk  {rise@0.000ns fall@5.556ns period=11.111ns})
  Path Group:             s_axi_aclk
  Path Type:              Setup (Max at Slow Process Corner)
  Requirement:            11.111ns  (s_axi_aclk rise@11.111ns - s_axi_aclk rise@0.000ns)
  Data Path Delay:        10.121ns  (logic 7.059ns (69.748%)  route 3.062ns (30.252%))
  Logic Levels:           28  (CARRY8=3 DSP_A_B_DATA=3 DSP_ALU=3 DSP_M_DATA=3 DSP_MULTIPLIER=3 DSP_OUTPUT=3 DSP_PREADD_DATA=3 LUT2=1 LUT5=1 LUT6=5)
  Clock Path Skew:        -0.123ns (DCD - SCD + CPR)
    Destination Clock Delay (DCD):    1.710ns = ( 12.821 - 11.111 ) 
    Source Clock Delay      (SCD):    2.215ns
    Clock Pessimism Removal (CPR):    0.381ns
  Clock Uncertainty:      0.035ns  ((TSJ^2 + TIJ^2)^1/2 + DJ) / 2 + PE
    Total System Jitter     (TSJ):    0.071ns
    Total Input Jitter      (TIJ):    0.000ns
    Discrete Jitter          (DJ):    0.000ns
    Phase Error              (PE):    0.000ns
  Clock Net Delay (Source):      1.323ns (routing 0.185ns, distribution 1.138ns)
  Clock Net Delay (Destination): 1.128ns (routing 0.170ns, distribution 0.958ns)

    Location             Delay type                Incr(ns)  Path(ns)    Netlist Resource(s)
  -------------------------------------------------------------------    -------------------
                         (clock s_axi_aclk rise edge)
                                                      0.000     0.000 r  
    D7                                                0.000     0.000 r  S_AXI_ACLK (IN)
                         net (fo=0)                   0.000     0.000    S_AXI_ACLK_IBUF_inst/I
    D7                   INBUF (Prop_INBUF_HPIOB_M_PAD_O)
                                                      0.535     0.535 r  S_AXI_ACLK_IBUF_inst/INBUF_INST/O
                         net (fo=1, routed)           0.000     0.535    S_AXI_ACLK_IBUF_inst/OUT
    D7                   IBUFCTRL (Prop_IBUFCTRL_HPIOB_M_I_O)
                                                      0.000     0.535 r  S_AXI_ACLK_IBUF_inst/IBUFCTRL_INST/O
                         net (fo=1, routed)           0.329     0.864    S_AXI_ACLK_IBUF
    BUFGCE_X0Y67         BUFGCE (Prop_BUFCE_BUFGCE_I_O)
                                                      0.028     0.892 r  S_AXI_ACLK_IBUF_BUFG_inst/O
    X1Y2 (CLOCK_ROOT)    net (fo=5789, routed)        1.323     2.215    u_axi_slave/S_AXI_ACLK_IBUF_BUFG
    SLICE_X43Y86         FDRE                                         r  u_axi_slave/slv_reg3_reg[5]/C
  -------------------------------------------------------------------    -------------------
    SLICE_X43Y86         FDRE (Prop_CFF_SLICEM_C_Q)
                                                      0.095     2.310 f  u_axi_slave/slv_reg3_reg[5]/Q
                         net (fo=9, routed)           0.096     2.406    u_axi_slave/sim_data_out[incline_x][5]
    SLICE_X43Y86         LUT6 (Prop_F6LUT_SLICEM_I0_O)
                                                      0.177     2.583 f  u_axi_slave/g0_b0__3_i_6/O
                         net (fo=8, routed)           0.107     2.690    u_axi_slave/g0_b0__3_i_6_n_0
    SLICE_X44Y86         LUT6 (Prop_F6LUT_SLICEL_I3_O)
                                                      0.062     2.752 f  u_axi_slave/g0_b0__3_i_10/O
                         net (fo=2, routed)           0.101     2.853    u_axi_slave/g0_b0__3_i_10_n_0
    SLICE_X44Y87         LUT6 (Prop_G6LUT_SLICEL_I3_O)
                                                      0.038     2.891 r  u_axi_slave/consistency_cnt[0]_i_31__9/O
                         net (fo=3, routed)           0.122     3.012    u_axi_slave/consistency_cnt[0]_i_31__9_n_0
    SLICE_X43Y87         LUT6 (Prop_D6LUT_SLICEM_I0_O)
                                                      0.174     3.186 r  u_axi_slave/g0_b0__3_i_7/O
                         net (fo=12, routed)          0.225     3.411    u_axi_slave/g0_b0__3_i_7_n_0
    SLICE_X40Y88         LUT2 (Prop_E6LUT_SLICEM_I1_O)
                                                      0.039     3.450 r  u_axi_slave/g0_b0__3_i_3/O
                         net (fo=87, routed)          0.243     3.693    u_axi_slave/g0_b0__3_i_3_n_0
    SLICE_X41Y89         LUT5 (Prop_C6LUT_SLICEL_I2_O)
                                                      0.174     3.867 r  u_axi_slave/g0_b2__9/O
                         net (fo=1, routed)           0.011     3.878    u_axi_slave/g0_b2__9_n_0
    SLICE_X41Y89         CARRY8 (Prop_CARRY8_SLICEL_S[2]_O[7])
                                                      0.248     4.126 f  u_axi_slave/p_0_out__9_i_2/O[7]
                         net (fo=1, routed)           0.550     4.676    u_preprocessor/p_0_out__9/A[7]
    DSP48E2_X4Y37        DSP_A_B_DATA (Prop_DSP_A_B_DATA_DSP48E2_A[7]_A2_DATA[7])
                                                      0.241     4.917 r  u_preprocessor/p_0_out__9/DSP_A_B_DATA_INST/A2_DATA[7]
                         net (fo=1, routed)           0.000     4.917    u_preprocessor/p_0_out__9/DSP_A_B_DATA.A2_DATA<7>
    DSP48E2_X4Y37        DSP_PREADD_DATA (Prop_DSP_PREADD_DATA_DSP48E2_A2_DATA[7]_A2A1[7])
                                                      0.098     5.015 r  u_preprocessor/p_0_out__9/DSP_PREADD_DATA_INST/A2A1[7]
                         net (fo=1, routed)           0.000     5.015    u_preprocessor/p_0_out__9/DSP_PREADD_DATA.A2A1<7>
    DSP48E2_X4Y37        DSP_MULTIPLIER (Prop_DSP_MULTIPLIER_DSP48E2_A2A1[7]_V[7])
                                                      0.648     5.663 f  u_preprocessor/p_0_out__9/DSP_MULTIPLIER_INST/V[7]
                         net (fo=1, routed)           0.000     5.663    u_preprocessor/p_0_out__9/DSP_MULTIPLIER.V<7>
    DSP48E2_X4Y37        DSP_M_DATA (Prop_DSP_M_DATA_DSP48E2_V[7]_V_DATA[7])
                                                      0.057     5.720 r  u_preprocessor/p_0_out__9/DSP_M_DATA_INST/V_DATA[7]
                         net (fo=1, routed)           0.000     5.720    u_preprocessor/p_0_out__9/DSP_M_DATA.V_DATA<7>
    DSP48E2_X4Y37        DSP_ALU (Prop_DSP_ALU_DSP48E2_V_DATA[7]_ALU_OUT[7])
                                                      0.688     6.408 f  u_preprocessor/p_0_out__9/DSP_ALU_INST/ALU_OUT[7]
                         net (fo=1, routed)           0.000     6.408    u_preprocessor/p_0_out__9/DSP_ALU.ALU_OUT<7>
    DSP48E2_X4Y37        DSP_OUTPUT (Prop_DSP_OUTPUT_DSP48E2_ALU_OUT[7]_P[7])
                                                      0.141     6.549 r  u_preprocessor/p_0_out__9/DSP_OUTPUT_INST/P[7]
                         net (fo=1, routed)           0.303     6.852    u_axi_slave/p_0_out__10_i_2_0[0]
    SLICE_X42Y88         LUT6 (Prop_A6LUT_SLICEM_I5_O)
                                                      0.064     6.916 r  u_axi_slave/g0_b0__10__0/O
                         net (fo=1, routed)           0.014     6.930    u_axi_slave/g0_b0__10__0_n_0
    SLICE_X42Y88         CARRY8 (Prop_CARRY8_SLICEM_S[0]_CO[7])
                                                      0.241     7.171 r  u_axi_slave/p_0_out__10_i_2/CO[7]
                         net (fo=1, routed)           0.028     7.199    u_axi_slave/p_0_out__10_i_2_n_0
    SLICE_X42Y89         CARRY8 (Prop_CARRY8_SLICEM_CI_O[3])
                                                      0.104     7.303 f  u_axi_slave/p_0_out__10_i_1/O[3]
                         net (fo=19, routed)          0.527     7.831    u_preprocessor/p_0_out__10/A[13]
    DSP48E2_X3Y36        DSP_A_B_DATA (Prop_DSP_A_B_DATA_DSP48E2_A[13]_A2_DATA[13])
                                                      0.241     8.072 r  u_preprocessor/p_0_out__10/DSP_A_B_DATA_INST/A2_DATA[13]
                         net (fo=1, routed)           0.000     8.072    u_preprocessor/p_0_out__10/DSP_A_B_DATA.A2_DATA<13>
    DSP48E2_X3Y36        DSP_PREADD_DATA (Prop_DSP_PREADD_DATA_DSP48E2_A2_DATA[13]_A2A1[13])
                                                      0.098     8.170 r  u_preprocessor/p_0_out__10/DSP_PREADD_DATA_INST/A2A1[13]
                         net (fo=1, routed)           0.000     8.170    u_preprocessor/p_0_out__10/DSP_PREADD_DATA.A2A1<13>
    DSP48E2_X3Y36        DSP_MULTIPLIER (Prop_DSP_MULTIPLIER_DSP48E2_A2A1[13]_U[14])
                                                      0.647     8.817 f  u_preprocessor/p_0_out__10/DSP_MULTIPLIER_INST/U[14]
                         net (fo=1, routed)           0.000     8.817    u_preprocessor/p_0_out__10/DSP_MULTIPLIER.U<14>
    DSP48E2_X3Y36        DSP_M_DATA (Prop_DSP_M_DATA_DSP48E2_U[14]_U_DATA[14])
                                                      0.059     8.876 r  u_preprocessor/p_0_out__10/DSP_M_DATA_INST/U_DATA[14]
                         net (fo=1, routed)           0.000     8.876    u_preprocessor/p_0_out__10/DSP_M_DATA.U_DATA<14>
    DSP48E2_X3Y36        DSP_ALU (Prop_DSP_ALU_DSP48E2_U_DATA[14]_ALU_OUT[14])
                                                      0.699     9.575 r  u_preprocessor/p_0_out__10/DSP_ALU_INST/ALU_OUT[14]
                         net (fo=1, routed)           0.000     9.575    u_preprocessor/p_0_out__10/DSP_ALU.ALU_OUT<14>
    DSP48E2_X3Y36        DSP_OUTPUT (Prop_DSP_OUTPUT_DSP48E2_ALU_OUT[14]_P[14])
                                                      0.141     9.716 f  u_preprocessor/p_0_out__10/DSP_OUTPUT_INST/P[14]
                         net (fo=1, routed)           0.389    10.105    u_preprocessor/p_0_out__11/A[14]
    DSP48E2_X3Y37        DSP_A_B_DATA (Prop_DSP_A_B_DATA_DSP48E2_A[14]_A2_DATA[14])
                                                      0.241    10.346 r  u_preprocessor/p_0_out__11/DSP_A_B_DATA_INST/A2_DATA[14]
                         net (fo=1, routed)           0.000    10.346    u_preprocessor/p_0_out__11/DSP_A_B_DATA.A2_DATA<14>
    DSP48E2_X3Y37        DSP_PREADD_DATA (Prop_DSP_PREADD_DATA_DSP48E2_A2_DATA[14]_A2A1[14])
                                                      0.098    10.444 r  u_preprocessor/p_0_out__11/DSP_PREADD_DATA_INST/A2A1[14]
                         net (fo=1, routed)           0.000    10.444    u_preprocessor/p_0_out__11/DSP_PREADD_DATA.A2A1<14>
    DSP48E2_X3Y37        DSP_MULTIPLIER (Prop_DSP_MULTIPLIER_DSP48E2_A2A1[14]_U[28])
                                                      0.647    11.091 f  u_preprocessor/p_0_out__11/DSP_MULTIPLIER_INST/U[28]
                         net (fo=1, routed)           0.000    11.091    u_preprocessor/p_0_out__11/DSP_MULTIPLIER.U<28>
    DSP48E2_X3Y37        DSP_M_DATA (Prop_DSP_M_DATA_DSP48E2_U[28]_U_DATA[28])
                                                      0.059    11.150 r  u_preprocessor/p_0_out__11/DSP_M_DATA_INST/U_DATA[28]
                         net (fo=1, routed)           0.000    11.150    u_preprocessor/p_0_out__11/DSP_M_DATA.U_DATA<28>
    DSP48E2_X3Y37        DSP_ALU (Prop_DSP_ALU_DSP48E2_U_DATA[28]_ALU_OUT[28])
                                                      0.699    11.849 f  u_preprocessor/p_0_out__11/DSP_ALU_INST/ALU_OUT[28]
                         net (fo=1, routed)           0.000    11.849    u_preprocessor/p_0_out__11/DSP_ALU.ALU_OUT<28>
    DSP48E2_X3Y37        DSP_OUTPUT (Prop_DSP_OUTPUT_DSP48E2_ALU_OUT[28]_P[28])
                                                      0.141    11.990 r  u_preprocessor/p_0_out__11/DSP_OUTPUT_INST/P[28]
                         net (fo=2, routed)           0.346    12.336    u_preprocessor/grav_z[8]
    SLICE_X39Y93         FDRE                                         r  u_preprocessor/pred_data_out_reg[pred_accel_z_2][8]/D
  -------------------------------------------------------------------    -------------------

                         (clock s_axi_aclk rise edge)
                                                     11.111    11.111 r  
    D7                                                0.000    11.111 r  S_AXI_ACLK (IN)
                         net (fo=0)                   0.000    11.111    S_AXI_ACLK_IBUF_inst/I
    D7                   INBUF (Prop_INBUF_HPIOB_M_PAD_O)
                                                      0.268    11.379 r  S_AXI_ACLK_IBUF_inst/INBUF_INST/O
                         net (fo=1, routed)           0.000    11.379    S_AXI_ACLK_IBUF_inst/OUT
    D7                   IBUFCTRL (Prop_IBUFCTRL_HPIOB_M_I_O)
                                                      0.000    11.379 r  S_AXI_ACLK_IBUF_inst/IBUFCTRL_INST/O
                         net (fo=1, routed)           0.290    11.669    S_AXI_ACLK_IBUF
    BUFGCE_X0Y67         BUFGCE (Prop_BUFCE_BUFGCE_I_O)
                                                      0.024    11.693 r  S_AXI_ACLK_IBUF_BUFG_inst/O
    X1Y2 (CLOCK_ROOT)    net (fo=5789, routed)        1.128    12.821    u_preprocessor/S_AXI_ACLK_IBUF_BUFG
    SLICE_X39Y93         FDRE                                         r  u_preprocessor/pred_data_out_reg[pred_accel_z_2][8]/C
                         clock pessimism              0.381    13.203    
                         clock uncertainty           -0.035    13.167    
    SLICE_X39Y93         FDRE (Setup_HFF2_SLICEM_C_D)
                                                      0.027    13.194    u_preprocessor/pred_data_out_reg[pred_accel_z_2][8]
  -------------------------------------------------------------------
                         required time                         13.194    
                         arrival time                         -12.336    
  -------------------------------------------------------------------
                         slack                                  0.858    

Slack (MET) :             0.859ns  (required time - arrival time)
  Source:                 u_axi_slave/slv_reg3_reg[5]/C
                            (rising edge-triggered cell FDRE clocked by s_axi_aclk  {rise@0.000ns fall@5.556ns period=11.111ns})
  Destination:            u_preprocessor/pred_data_out_reg[pred_accel_y_1][9]/D
                            (rising edge-triggered cell FDRE clocked by s_axi_aclk  {rise@0.000ns fall@5.556ns period=11.111ns})
  Path Group:             s_axi_aclk
  Path Type:              Setup (Max at Slow Process Corner)
  Requirement:            11.111ns  (s_axi_aclk rise@11.111ns - s_axi_aclk rise@0.000ns)
  Data Path Delay:        10.243ns  (logic 7.213ns (70.416%)  route 3.030ns (29.584%))
  Logic Levels:           33  (CARRY8=3 DSP_A_B_DATA=3 DSP_ALU=3 DSP_M_DATA=3 DSP_MULTIPLIER=3 DSP_OUTPUT=3 DSP_PREADD_DATA=3 LUT2=2 LUT3=1 LUT5=2 LUT6=7)
  Clock Path Skew:        0.000ns (DCD - SCD + CPR)
    Destination Clock Delay (DCD):    1.834ns = ( 12.945 - 11.111 ) 
    Source Clock Delay      (SCD):    2.215ns
    Clock Pessimism Removal (CPR):    0.381ns
  Clock Uncertainty:      0.035ns  ((TSJ^2 + TIJ^2)^1/2 + DJ) / 2 + PE
    Total System Jitter     (TSJ):    0.071ns
    Total Input Jitter      (TIJ):    0.000ns
    Discrete Jitter          (DJ):    0.000ns
    Phase Error              (PE):    0.000ns
  Clock Net Delay (Source):      1.323ns (routing 0.185ns, distribution 1.138ns)
  Clock Net Delay (Destination): 1.252ns (routing 0.170ns, distribution 1.082ns)

    Location             Delay type                Incr(ns)  Path(ns)    Netlist Resource(s)
  -------------------------------------------------------------------    -------------------
                         (clock s_axi_aclk rise edge)
                                                      0.000     0.000 r  
    D7                                                0.000     0.000 r  S_AXI_ACLK (IN)
                         net (fo=0)                   0.000     0.000    S_AXI_ACLK_IBUF_inst/I
    D7                   INBUF (Prop_INBUF_HPIOB_M_PAD_O)
                                                      0.535     0.535 r  S_AXI_ACLK_IBUF_inst/INBUF_INST/O
                         net (fo=1, routed)           0.000     0.535    S_AXI_ACLK_IBUF_inst/OUT
    D7                   IBUFCTRL (Prop_IBUFCTRL_HPIOB_M_I_O)
                                                      0.000     0.535 r  S_AXI_ACLK_IBUF_inst/IBUFCTRL_INST/O
                         net (fo=1, routed)           0.329     0.864    S_AXI_ACLK_IBUF
    BUFGCE_X0Y67         BUFGCE (Prop_BUFCE_BUFGCE_I_O)
                                                      0.028     0.892 r  S_AXI_ACLK_IBUF_BUFG_inst/O
    X1Y2 (CLOCK_ROOT)    net (fo=5789, routed)        1.323     2.215    u_axi_slave/S_AXI_ACLK_IBUF_BUFG
    SLICE_X43Y86         FDRE                                         r  u_axi_slave/slv_reg3_reg[5]/C
  -------------------------------------------------------------------    -------------------
    SLICE_X43Y86         FDRE (Prop_CFF_SLICEM_C_Q)
                                                      0.095     2.310 f  u_axi_slave/slv_reg3_reg[5]/Q
                         net (fo=9, routed)           0.096     2.406    u_axi_slave/sim_data_out[incline_x][5]
    SLICE_X43Y86         LUT6 (Prop_F6LUT_SLICEM_I0_O)
                                                      0.177     2.583 f  u_axi_slave/g0_b0__3_i_6/O
                         net (fo=8, routed)           0.107     2.690    u_axi_slave/g0_b0__3_i_6_n_0
    SLICE_X44Y86         LUT6 (Prop_F6LUT_SLICEL_I3_O)
                                                      0.062     2.752 f  u_axi_slave/g0_b0__3_i_10/O
                         net (fo=2, routed)           0.101     2.853    u_axi_slave/g0_b0__3_i_10_n_0
    SLICE_X44Y87         LUT6 (Prop_G6LUT_SLICEL_I3_O)
                                                      0.038     2.891 r  u_axi_slave/consistency_cnt[0]_i_31__9/O
                         net (fo=3, routed)           0.122     3.012    u_axi_slave/consistency_cnt[0]_i_31__9_n_0
    SLICE_X43Y87         LUT6 (Prop_D6LUT_SLICEM_I0_O)
                                                      0.174     3.186 r  u_axi_slave/g0_b0__3_i_7/O
                         net (fo=12, routed)          0.225     3.411    u_axi_slave/g0_b0__3_i_7_n_0
    SLICE_X40Y88         LUT2 (Prop_E6LUT_SLICEM_I1_O)
                                                      0.039     3.450 r  u_axi_slave/g0_b0__3_i_3/O
                         net (fo=87, routed)          0.204     3.654    u_axi_slave/g0_b0__3_i_3_n_0
    SLICE_X42Y87         LUT5 (Prop_B6LUT_SLICEM_I2_O)
                                                      0.100     3.754 r  u_axi_slave/g0_b4__3/O
                         net (fo=8, routed)           0.188     3.942    u_axi_slave/g0_b4__3_n_0
    SLICE_X42Y90         LUT6 (Prop_E6LUT_SLICEM_I5_O)
                                                      0.148     4.090 r  u_axi_slave/g0_b4__4__0/O
                         net (fo=1, routed)           0.015     4.105    u_axi_slave/g0_b4__4__0_n_0
    SLICE_X42Y90         CARRY8 (Prop_CARRY8_SLICEM_S[4]_CO[7])
                                                      0.198     4.303 r  u_axi_slave/p_0_out__3_i_9/CO[7]
                         net (fo=1, routed)           0.028     4.331    u_axi_slave/p_0_out__3_i_9_n_0
    SLICE_X42Y91         CARRY8 (Prop_CARRY8_SLICEM_CI_O[0])
                                                      0.072     4.403 f  u_axi_slave/p_0_out__3_i_8/O[0]
                         net (fo=1, routed)           0.340     4.743    u_preprocessor/p_0_out__3/A[8]
    DSP48E2_X4Y36        DSP_A_B_DATA (Prop_DSP_A_B_DATA_DSP48E2_A[8]_A2_DATA[8])
                                                      0.241     4.984 r  u_preprocessor/p_0_out__3/DSP_A_B_DATA_INST/A2_DATA[8]
                         net (fo=1, routed)           0.000     4.984    u_preprocessor/p_0_out__3/DSP_A_B_DATA.A2_DATA<8>
    DSP48E2_X4Y36        DSP_PREADD_DATA (Prop_DSP_PREADD_DATA_DSP48E2_A2_DATA[8]_A2A1[8])
                                                      0.098     5.082 r  u_preprocessor/p_0_out__3/DSP_PREADD_DATA_INST/A2A1[8]
                         net (fo=1, routed)           0.000     5.082    u_preprocessor/p_0_out__3/DSP_PREADD_DATA.A2A1<8>
    DSP48E2_X4Y36        DSP_MULTIPLIER (Prop_DSP_MULTIPLIER_DSP48E2_A2A1[8]_V[8])
                                                      0.648     5.730 f  u_preprocessor/p_0_out__3/DSP_MULTIPLIER_INST/V[8]
                         net (fo=1, routed)           0.000     5.730    u_preprocessor/p_0_out__3/DSP_MULTIPLIER.V<8>
    DSP48E2_X4Y36        DSP_M_DATA (Prop_DSP_M_DATA_DSP48E2_V[8]_V_DATA[8])
                                                      0.057     5.787 r  u_preprocessor/p_0_out__3/DSP_M_DATA_INST/V_DATA[8]
                         net (fo=1, routed)           0.000     5.787    u_preprocessor/p_0_out__3/DSP_M_DATA.V_DATA<8>
    DSP48E2_X4Y36        DSP_ALU (Prop_DSP_ALU_DSP48E2_V_DATA[8]_ALU_OUT[8])
                                                      0.688     6.475 f  u_preprocessor/p_0_out__3/DSP_ALU_INST/ALU_OUT[8]
                         net (fo=1, routed)           0.000     6.475    u_preprocessor/p_0_out__3/DSP_ALU.ALU_OUT<8>
    DSP48E2_X4Y36        DSP_OUTPUT (Prop_DSP_OUTPUT_DSP48E2_ALU_OUT[8]_P[8])
                                                      0.141     6.616 r  u_preprocessor/p_0_out__3/DSP_OUTPUT_INST/P[8]
                         net (fo=5, routed)           0.268     6.885    u_axi_slave/p_0_out__4_i_8_0[1]
    SLICE_X44Y93         LUT6 (Prop_B6LUT_SLICEL_I3_O)
                                                      0.115     7.000 r  u_axi_slave/p_0_out__4_i_22/O
                         net (fo=8, routed)           0.124     7.123    u_axi_slave/p_0_out__4_i_22_n_0
    SLICE_X43Y93         LUT6 (Prop_E6LUT_SLICEM_I1_O)
                                                      0.039     7.162 r  u_axi_slave/p_0_out__4_i_17/O
                         net (fo=5, routed)           0.197     7.359    u_axi_slave/p_0_out__4_i_17_n_0
    SLICE_X43Y94         LUT5 (Prop_F6LUT_SLICEM_I2_O)
                                                      0.038     7.397 r  u_axi_slave/p_0_out__4_i_13/O
                         net (fo=1, routed)           0.203     7.600    u_axi_slave/p_0_out__4_i_13_n_0
    SLICE_X44Y96         LUT3 (Prop_E6LUT_SLICEL_I2_O)
                                                      0.064     7.664 f  u_axi_slave/p_0_out__4_i_2/O
                         net (fo=1, routed)           0.133     7.797    u_preprocessor/p_0_out__4/A[10]
    DSP48E2_X4Y38        DSP_A_B_DATA (Prop_DSP_A_B_DATA_DSP48E2_A[10]_A2_DATA[10])
                                                      0.241     8.038 r  u_preprocessor/p_0_out__4/DSP_A_B_DATA_INST/A2_DATA[10]
                         net (fo=1, routed)           0.000     8.038    u_preprocessor/p_0_out__4/DSP_A_B_DATA.A2_DATA<10>
    DSP48E2_X4Y38        DSP_PREADD_DATA (Prop_DSP_PREADD_DATA_DSP48E2_A2_DATA[10]_A2A1[10])
                                                      0.098     8.136 r  u_preprocessor/p_0_out__4/DSP_PREADD_DATA_INST/A2A1[10]
                         net (fo=1, routed)           0.000     8.136    u_preprocessor/p_0_out__4/DSP_PREADD_DATA.A2A1<10>
    DSP48E2_X4Y38        DSP_MULTIPLIER (Prop_DSP_MULTIPLIER_DSP48E2_A2A1[10]_U[12])
                                                      0.647     8.783 f  u_preprocessor/p_0_out__4/DSP_MULTIPLIER_INST/U[12]
                         net (fo=1, routed)           0.000     8.783    u_preprocessor/p_0_out__4/DSP_MULTIPLIER.U<12>
    DSP48E2_X4Y38        DSP_M_DATA (Prop_DSP_M_DATA_DSP48E2_U[12]_U_DATA[12])
                                                      0.059     8.842 r  u_preprocessor/p_0_out__4/DSP_M_DATA_INST/U_DATA[12]
                         net (fo=1, routed)           0.000     8.842    u_preprocessor/p_0_out__4/DSP_M_DATA.U_DATA<12>
    DSP48E2_X4Y38        DSP_ALU (Prop_DSP_ALU_DSP48E2_U_DATA[12]_ALU_OUT[12])
                                                      0.699     9.541 r  u_preprocessor/p_0_out__4/DSP_ALU_INST/ALU_OUT[12]
                         net (fo=1, routed)           0.000     9.541    u_preprocessor/p_0_out__4/DSP_ALU.ALU_OUT<12>
    DSP48E2_X4Y38        DSP_OUTPUT (Prop_DSP_OUTPUT_DSP48E2_ALU_OUT[12]_P[12])
                                                      0.141     9.682 f  u_preprocessor/p_0_out__4/DSP_OUTPUT_INST/P[12]
                         net (fo=1, routed)           0.391    10.073    u_preprocessor/p_0_out__6/A[12]
    DSP48E2_X4Y39        DSP_A_B_DATA (Prop_DSP_A_B_DATA_DSP48E2_A[12]_A2_DATA[12])
                                                      0.241    10.314 r  u_preprocessor/p_0_out__6/DSP_A_B_DATA_INST/A2_DATA[12]
                         net (fo=1, routed)           0.000    10.314    u_preprocessor/p_0_out__6/DSP_A_B_DATA.A2_DATA<12>
    DSP48E2_X4Y39        DSP_PREADD_DATA (Prop_DSP_PREADD_DATA_DSP48E2_A2_DATA[12]_A2A1[12])
                                                      0.098    10.412 r  u_preprocessor/p_0_out__6/DSP_PREADD_DATA_INST/A2A1[12]
                         net (fo=1, routed)           0.000    10.412    u_preprocessor/p_0_out__6/DSP_PREADD_DATA.A2A1<12>
    DSP48E2_X4Y39        DSP_MULTIPLIER (Prop_DSP_MULTIPLIER_DSP48E2_A2A1[12]_U[28])
                                                      0.647    11.059 f  u_preprocessor/p_0_out__6/DSP_MULTIPLIER_INST/U[28]
                         net (fo=1, routed)           0.000    11.059    u_preprocessor/p_0_out__6/DSP_MULTIPLIER.U<28>
    DSP48E2_X4Y39        DSP_M_DATA (Prop_DSP_M_DATA_DSP48E2_U[28]_U_DATA[28])
                                                      0.059    11.118 r  u_preprocessor/p_0_out__6/DSP_M_DATA_INST/U_DATA[28]
                         net (fo=1, routed)           0.000    11.118    u_preprocessor/p_0_out__6/DSP_M_DATA.U_DATA<28>
    DSP48E2_X4Y39        DSP_ALU (Prop_DSP_ALU_DSP48E2_U_DATA[28]_ALU_OUT[28])
                                                      0.699    11.817 f  u_preprocessor/p_0_out__6/DSP_ALU_INST/ALU_OUT[28]
                         net (fo=1, routed)           0.000    11.817    u_preprocessor/p_0_out__6/DSP_ALU.ALU_OUT<28>
    DSP48E2_X4Y39        DSP_OUTPUT (Prop_DSP_OUTPUT_DSP48E2_ALU_OUT[28]_P[28])
                                                      0.141    11.958 r  u_preprocessor/p_0_out__6/DSP_OUTPUT_INST/P[28]
                         net (fo=2, routed)           0.239    12.198    u_preprocessor/grav_y[8]
    SLICE_X42Y98         LUT2 (Prop_B6LUT_SLICEM_I1_O)
                                                      0.063    12.261 r  u_preprocessor/pred_data_out[pred_accel_y_1][11]_i_7/O
                         net (fo=1, routed)           0.018    12.279    u_preprocessor/pred_data_out[pred_accel_y_1][11]_i_7_n_0
    SLICE_X42Y98         CARRY8 (Prop_CARRY8_SLICEM_S[1]_O[2])
                                                      0.148    12.427 r  u_preprocessor/pred_data_out_reg[pred_accel_y_1][11]_i_1/O[2]
                         net (fo=1, routed)           0.032    12.459    u_preprocessor/pred_data_out_reg[pred_accel_y_1][11]_i_1_n_13
    SLICE_X42Y98         FDRE                                         r  u_preprocessor/pred_data_out_reg[pred_accel_y_1][9]/D
  -------------------------------------------------------------------    -------------------

                         (clock s_axi_aclk rise edge)
                                                     11.111    11.111 r  
    D7                                                0.000    11.111 r  S_AXI_ACLK (IN)
                         net (fo=0)                   0.000    11.111    S_AXI_ACLK_IBUF_inst/I
    D7                   INBUF (Prop_INBUF_HPIOB_M_PAD_O)
                                                      0.268    11.379 r  S_AXI_ACLK_IBUF_inst/INBUF_INST/O
                         net (fo=1, routed)           0.000    11.379    S_AXI_ACLK_IBUF_inst/OUT
    D7                   IBUFCTRL (Prop_IBUFCTRL_HPIOB_M_I_O)
                                                      0.000    11.379 r  S_AXI_ACLK_IBUF_inst/IBUFCTRL_INST/O
                         net (fo=1, routed)           0.290    11.669    S_AXI_ACLK_IBUF
    BUFGCE_X0Y67         BUFGCE (Prop_BUFCE_BUFGCE_I_O)
                                                      0.024    11.693 r  S_AXI_ACLK_IBUF_BUFG_inst/O
    X1Y2 (CLOCK_ROOT)    net (fo=5789, routed)        1.252    12.945    u_preprocessor/S_AXI_ACLK_IBUF_BUFG
    SLICE_X42Y98         FDRE                                         r  u_preprocessor/pred_data_out_reg[pred_accel_y_1][9]/C
                         clock pessimism              0.381    13.326    
                         clock uncertainty           -0.035    13.291    
    SLICE_X42Y98         FDRE (Setup_CFF_SLICEM_C_D)
                                                      0.027    13.318    u_preprocessor/pred_data_out_reg[pred_accel_y_1][9]
  -------------------------------------------------------------------
                         required time                         13.318    
                         arrival time                         -12.459    
  -------------------------------------------------------------------
                         slack                                  0.859    

Slack (MET) :             0.863ns  (required time - arrival time)
  Source:                 u_axi_slave/slv_reg3_reg[5]/C
                            (rising edge-triggered cell FDRE clocked by s_axi_aclk  {rise@0.000ns fall@5.556ns period=11.111ns})
  Destination:            u_preprocessor/pred_data_out_reg[pred_accel_z_1][5]/D
                            (rising edge-triggered cell FDRE clocked by s_axi_aclk  {rise@0.000ns fall@5.556ns period=11.111ns})
  Path Group:             s_axi_aclk
  Path Type:              Setup (Max at Slow Process Corner)
  Requirement:            11.111ns  (s_axi_aclk rise@11.111ns - s_axi_aclk rise@0.000ns)
  Data Path Delay:        10.116ns  (logic 7.059ns (69.778%)  route 3.057ns (30.222%))
  Logic Levels:           28  (CARRY8=3 DSP_A_B_DATA=3 DSP_ALU=3 DSP_M_DATA=3 DSP_MULTIPLIER=3 DSP_OUTPUT=3 DSP_PREADD_DATA=3 LUT2=1 LUT5=1 LUT6=5)
  Clock Path Skew:        -0.123ns (DCD - SCD + CPR)
    Destination Clock Delay (DCD):    1.710ns = ( 12.821 - 11.111 ) 
    Source Clock Delay      (SCD):    2.215ns
    Clock Pessimism Removal (CPR):    0.381ns
  Clock Uncertainty:      0.035ns  ((TSJ^2 + TIJ^2)^1/2 + DJ) / 2 + PE
    Total System Jitter     (TSJ):    0.071ns
    Total Input Jitter      (TIJ):    0.000ns
    Discrete Jitter          (DJ):    0.000ns
    Phase Error              (PE):    0.000ns
  Clock Net Delay (Source):      1.323ns (routing 0.185ns, distribution 1.138ns)
  Clock Net Delay (Destination): 1.128ns (routing 0.170ns, distribution 0.958ns)

    Location             Delay type                Incr(ns)  Path(ns)    Netlist Resource(s)
  -------------------------------------------------------------------    -------------------
                         (clock s_axi_aclk rise edge)
                                                      0.000     0.000 r  
    D7                                                0.000     0.000 r  S_AXI_ACLK (IN)
                         net (fo=0)                   0.000     0.000    S_AXI_ACLK_IBUF_inst/I
    D7                   INBUF (Prop_INBUF_HPIOB_M_PAD_O)
                                                      0.535     0.535 r  S_AXI_ACLK_IBUF_inst/INBUF_INST/O
                         net (fo=1, routed)           0.000     0.535    S_AXI_ACLK_IBUF_inst/OUT
    D7                   IBUFCTRL (Prop_IBUFCTRL_HPIOB_M_I_O)
                                                      0.000     0.535 r  S_AXI_ACLK_IBUF_inst/IBUFCTRL_INST/O
                         net (fo=1, routed)           0.329     0.864    S_AXI_ACLK_IBUF
    BUFGCE_X0Y67         BUFGCE (Prop_BUFCE_BUFGCE_I_O)
                                                      0.028     0.892 r  S_AXI_ACLK_IBUF_BUFG_inst/O
    X1Y2 (CLOCK_ROOT)    net (fo=5789, routed)        1.323     2.215    u_axi_slave/S_AXI_ACLK_IBUF_BUFG
    SLICE_X43Y86         FDRE                                         r  u_axi_slave/slv_reg3_reg[5]/C
  -------------------------------------------------------------------    -------------------
    SLICE_X43Y86         FDRE (Prop_CFF_SLICEM_C_Q)
                                                      0.095     2.310 f  u_axi_slave/slv_reg3_reg[5]/Q
                         net (fo=9, routed)           0.096     2.406    u_axi_slave/sim_data_out[incline_x][5]
    SLICE_X43Y86         LUT6 (Prop_F6LUT_SLICEM_I0_O)
                                                      0.177     2.583 f  u_axi_slave/g0_b0__3_i_6/O
                         net (fo=8, routed)           0.107     2.690    u_axi_slave/g0_b0__3_i_6_n_0
    SLICE_X44Y86         LUT6 (Prop_F6LUT_SLICEL_I3_O)
                                                      0.062     2.752 f  u_axi_slave/g0_b0__3_i_10/O
                         net (fo=2, routed)           0.101     2.853    u_axi_slave/g0_b0__3_i_10_n_0
    SLICE_X44Y87         LUT6 (Prop_G6LUT_SLICEL_I3_O)
                                                      0.038     2.891 r  u_axi_slave/consistency_cnt[0]_i_31__9/O
                         net (fo=3, routed)           0.122     3.012    u_axi_slave/consistency_cnt[0]_i_31__9_n_0
    SLICE_X43Y87         LUT6 (Prop_D6LUT_SLICEM_I0_O)
                                                      0.174     3.186 r  u_axi_slave/g0_b0__3_i_7/O
                         net (fo=12, routed)          0.225     3.411    u_axi_slave/g0_b0__3_i_7_n_0
    SLICE_X40Y88         LUT2 (Prop_E6LUT_SLICEM_I1_O)
                                                      0.039     3.450 r  u_axi_slave/g0_b0__3_i_3/O
                         net (fo=87, routed)          0.243     3.693    u_axi_slave/g0_b0__3_i_3_n_0
    SLICE_X41Y89         LUT5 (Prop_C6LUT_SLICEL_I2_O)
                                                      0.174     3.867 r  u_axi_slave/g0_b2__9/O
                         net (fo=1, routed)           0.011     3.878    u_axi_slave/g0_b2__9_n_0
    SLICE_X41Y89         CARRY8 (Prop_CARRY8_SLICEL_S[2]_O[7])
                                                      0.248     4.126 f  u_axi_slave/p_0_out__9_i_2/O[7]
                         net (fo=1, routed)           0.550     4.676    u_preprocessor/p_0_out__9/A[7]
    DSP48E2_X4Y37        DSP_A_B_DATA (Prop_DSP_A_B_DATA_DSP48E2_A[7]_A2_DATA[7])
                                                      0.241     4.917 r  u_preprocessor/p_0_out__9/DSP_A_B_DATA_INST/A2_DATA[7]
                         net (fo=1, routed)           0.000     4.917    u_preprocessor/p_0_out__9/DSP_A_B_DATA.A2_DATA<7>
    DSP48E2_X4Y37        DSP_PREADD_DATA (Prop_DSP_PREADD_DATA_DSP48E2_A2_DATA[7]_A2A1[7])
                                                      0.098     5.015 r  u_preprocessor/p_0_out__9/DSP_PREADD_DATA_INST/A2A1[7]
                         net (fo=1, routed)           0.000     5.015    u_preprocessor/p_0_out__9/DSP_PREADD_DATA.A2A1<7>
    DSP48E2_X4Y37        DSP_MULTIPLIER (Prop_DSP_MULTIPLIER_DSP48E2_A2A1[7]_V[7])
                                                      0.648     5.663 f  u_preprocessor/p_0_out__9/DSP_MULTIPLIER_INST/V[7]
                         net (fo=1, routed)           0.000     5.663    u_preprocessor/p_0_out__9/DSP_MULTIPLIER.V<7>
    DSP48E2_X4Y37        DSP_M_DATA (Prop_DSP_M_DATA_DSP48E2_V[7]_V_DATA[7])
                                                      0.057     5.720 r  u_preprocessor/p_0_out__9/DSP_M_DATA_INST/V_DATA[7]
                         net (fo=1, routed)           0.000     5.720    u_preprocessor/p_0_out__9/DSP_M_DATA.V_DATA<7>
    DSP48E2_X4Y37        DSP_ALU (Prop_DSP_ALU_DSP48E2_V_DATA[7]_ALU_OUT[7])
                                                      0.688     6.408 f  u_preprocessor/p_0_out__9/DSP_ALU_INST/ALU_OUT[7]
                         net (fo=1, routed)           0.000     6.408    u_preprocessor/p_0_out__9/DSP_ALU.ALU_OUT<7>
    DSP48E2_X4Y37        DSP_OUTPUT (Prop_DSP_OUTPUT_DSP48E2_ALU_OUT[7]_P[7])
                                                      0.141     6.549 r  u_preprocessor/p_0_out__9/DSP_OUTPUT_INST/P[7]
                         net (fo=1, routed)           0.303     6.852    u_axi_slave/p_0_out__10_i_2_0[0]
    SLICE_X42Y88         LUT6 (Prop_A6LUT_SLICEM_I5_O)
                                                      0.064     6.916 r  u_axi_slave/g0_b0__10__0/O
                         net (fo=1, routed)           0.014     6.930    u_axi_slave/g0_b0__10__0_n_0
    SLICE_X42Y88         CARRY8 (Prop_CARRY8_SLICEM_S[0]_CO[7])
                                                      0.241     7.171 r  u_axi_slave/p_0_out__10_i_2/CO[7]
                         net (fo=1, routed)           0.028     7.199    u_axi_slave/p_0_out__10_i_2_n_0
    SLICE_X42Y89         CARRY8 (Prop_CARRY8_SLICEM_CI_O[3])
                                                      0.104     7.303 f  u_axi_slave/p_0_out__10_i_1/O[3]
                         net (fo=19, routed)          0.527     7.831    u_preprocessor/p_0_out__10/A[13]
    DSP48E2_X3Y36        DSP_A_B_DATA (Prop_DSP_A_B_DATA_DSP48E2_A[13]_A2_DATA[13])
                                                      0.241     8.072 r  u_preprocessor/p_0_out__10/DSP_A_B_DATA_INST/A2_DATA[13]
                         net (fo=1, routed)           0.000     8.072    u_preprocessor/p_0_out__10/DSP_A_B_DATA.A2_DATA<13>
    DSP48E2_X3Y36        DSP_PREADD_DATA (Prop_DSP_PREADD_DATA_DSP48E2_A2_DATA[13]_A2A1[13])
                                                      0.098     8.170 r  u_preprocessor/p_0_out__10/DSP_PREADD_DATA_INST/A2A1[13]
                         net (fo=1, routed)           0.000     8.170    u_preprocessor/p_0_out__10/DSP_PREADD_DATA.A2A1<13>
    DSP48E2_X3Y36        DSP_MULTIPLIER (Prop_DSP_MULTIPLIER_DSP48E2_A2A1[13]_U[14])
                                                      0.647     8.817 f  u_preprocessor/p_0_out__10/DSP_MULTIPLIER_INST/U[14]
                         net (fo=1, routed)           0.000     8.817    u_preprocessor/p_0_out__10/DSP_MULTIPLIER.U<14>
    DSP48E2_X3Y36        DSP_M_DATA (Prop_DSP_M_DATA_DSP48E2_U[14]_U_DATA[14])
                                                      0.059     8.876 r  u_preprocessor/p_0_out__10/DSP_M_DATA_INST/U_DATA[14]
                         net (fo=1, routed)           0.000     8.876    u_preprocessor/p_0_out__10/DSP_M_DATA.U_DATA<14>
    DSP48E2_X3Y36        DSP_ALU (Prop_DSP_ALU_DSP48E2_U_DATA[14]_ALU_OUT[14])
                                                      0.699     9.575 r  u_preprocessor/p_0_out__10/DSP_ALU_INST/ALU_OUT[14]
                         net (fo=1, routed)           0.000     9.575    u_preprocessor/p_0_out__10/DSP_ALU.ALU_OUT<14>
    DSP48E2_X3Y36        DSP_OUTPUT (Prop_DSP_OUTPUT_DSP48E2_ALU_OUT[14]_P[14])
                                                      0.141     9.716 f  u_preprocessor/p_0_out__10/DSP_OUTPUT_INST/P[14]
                         net (fo=1, routed)           0.389    10.105    u_preprocessor/p_0_out__11/A[14]
    DSP48E2_X3Y37        DSP_A_B_DATA (Prop_DSP_A_B_DATA_DSP48E2_A[14]_A2_DATA[14])
                                                      0.241    10.346 r  u_preprocessor/p_0_out__11/DSP_A_B_DATA_INST/A2_DATA[14]
                         net (fo=1, routed)           0.000    10.346    u_preprocessor/p_0_out__11/DSP_A_B_DATA.A2_DATA<14>
    DSP48E2_X3Y37        DSP_PREADD_DATA (Prop_DSP_PREADD_DATA_DSP48E2_A2_DATA[14]_A2A1[14])
                                                      0.098    10.444 r  u_preprocessor/p_0_out__11/DSP_PREADD_DATA_INST/A2A1[14]
                         net (fo=1, routed)           0.000    10.444    u_preprocessor/p_0_out__11/DSP_PREADD_DATA.A2A1<14>
    DSP48E2_X3Y37        DSP_MULTIPLIER (Prop_DSP_MULTIPLIER_DSP48E2_A2A1[14]_U[25])
                                                      0.647    11.091 f  u_preprocessor/p_0_out__11/DSP_MULTIPLIER_INST/U[25]
                         net (fo=1, routed)           0.000    11.091    u_preprocessor/p_0_out__11/DSP_MULTIPLIER.U<25>
    DSP48E2_X3Y37        DSP_M_DATA (Prop_DSP_M_DATA_DSP48E2_U[25]_U_DATA[25])
                                                      0.059    11.150 r  u_preprocessor/p_0_out__11/DSP_M_DATA_INST/U_DATA[25]
                         net (fo=1, routed)           0.000    11.150    u_preprocessor/p_0_out__11/DSP_M_DATA.U_DATA<25>
    DSP48E2_X3Y37        DSP_ALU (Prop_DSP_ALU_DSP48E2_U_DATA[25]_ALU_OUT[25])
                                                      0.699    11.849 f  u_preprocessor/p_0_out__11/DSP_ALU_INST/ALU_OUT[25]
                         net (fo=1, routed)           0.000    11.849    u_preprocessor/p_0_out__11/DSP_ALU.ALU_OUT<25>
    DSP48E2_X3Y37        DSP_OUTPUT (Prop_DSP_OUTPUT_DSP48E2_ALU_OUT[25]_P[25])
                                                      0.141    11.990 r  u_preprocessor/p_0_out__11/DSP_OUTPUT_INST/P[25]
                         net (fo=1, routed)           0.342    12.332    u_preprocessor/grav_z[5]
    SLICE_X39Y93         FDRE                                         r  u_preprocessor/pred_data_out_reg[pred_accel_z_1][5]/D
  -------------------------------------------------------------------    -------------------

                         (clock s_axi_aclk rise edge)
                                                     11.111    11.111 r  
    D7                                                0.000    11.111 r  S_AXI_ACLK (IN)
                         net (fo=0)                   0.000    11.111    S_AXI_ACLK_IBUF_inst/I
    D7                   INBUF (Prop_INBUF_HPIOB_M_PAD_O)
                                                      0.268    11.379 r  S_AXI_ACLK_IBUF_inst/INBUF_INST/O
                         net (fo=1, routed)           0.000    11.379    S_AXI_ACLK_IBUF_inst/OUT
    D7                   IBUFCTRL (Prop_IBUFCTRL_HPIOB_M_I_O)
                                                      0.000    11.379 r  S_AXI_ACLK_IBUF_inst/IBUFCTRL_INST/O
                         net (fo=1, routed)           0.290    11.669    S_AXI_ACLK_IBUF
    BUFGCE_X0Y67         BUFGCE (Prop_BUFCE_BUFGCE_I_O)
                                                      0.024    11.693 r  S_AXI_ACLK_IBUF_BUFG_inst/O
    X1Y2 (CLOCK_ROOT)    net (fo=5789, routed)        1.128    12.821    u_preprocessor/S_AXI_ACLK_IBUF_BUFG
    SLICE_X39Y93         FDRE                                         r  u_preprocessor/pred_data_out_reg[pred_accel_z_1][5]/C
                         clock pessimism              0.381    13.203    
                         clock uncertainty           -0.035    13.167    
    SLICE_X39Y93         FDRE (Setup_FFF_SLICEM_C_D)
                                                      0.027    13.194    u_preprocessor/pred_data_out_reg[pred_accel_z_1][5]
  -------------------------------------------------------------------
                         required time                         13.194    
                         arrival time                         -12.332    
  -------------------------------------------------------------------
                         slack                                  0.863    

Slack (MET) :             0.867ns  (required time - arrival time)
  Source:                 u_axi_slave/slv_reg3_reg[5]/C
                            (rising edge-triggered cell FDRE clocked by s_axi_aclk  {rise@0.000ns fall@5.556ns period=11.111ns})
  Destination:            u_preprocessor/pred_data_out_reg[pred_accel_z_1][3]/D
                            (rising edge-triggered cell FDRE clocked by s_axi_aclk  {rise@0.000ns fall@5.556ns period=11.111ns})
  Path Group:             s_axi_aclk
  Path Type:              Setup (Max at Slow Process Corner)
  Requirement:            11.111ns  (s_axi_aclk rise@11.111ns - s_axi_aclk rise@0.000ns)
  Data Path Delay:        10.106ns  (logic 7.059ns (69.847%)  route 3.047ns (30.153%))
  Logic Levels:           28  (CARRY8=3 DSP_A_B_DATA=3 DSP_ALU=3 DSP_M_DATA=3 DSP_MULTIPLIER=3 DSP_OUTPUT=3 DSP_PREADD_DATA=3 LUT2=1 LUT5=1 LUT6=5)
  Clock Path Skew:        -0.129ns (DCD - SCD + CPR)
    Destination Clock Delay (DCD):    1.704ns = ( 12.815 - 11.111 ) 
    Source Clock Delay      (SCD):    2.215ns
    Clock Pessimism Removal (CPR):    0.381ns
  Clock Uncertainty:      0.035ns  ((TSJ^2 + TIJ^2)^1/2 + DJ) / 2 + PE
    Total System Jitter     (TSJ):    0.071ns
    Total Input Jitter      (TIJ):    0.000ns
    Discrete Jitter          (DJ):    0.000ns
    Phase Error              (PE):    0.000ns
  Clock Net Delay (Source):      1.323ns (routing 0.185ns, distribution 1.138ns)
  Clock Net Delay (Destination): 1.122ns (routing 0.170ns, distribution 0.952ns)

    Location             Delay type                Incr(ns)  Path(ns)    Netlist Resource(s)
  -------------------------------------------------------------------    -------------------
                         (clock s_axi_aclk rise edge)
                                                      0.000     0.000 r  
    D7                                                0.000     0.000 r  S_AXI_ACLK (IN)
                         net (fo=0)                   0.000     0.000    S_AXI_ACLK_IBUF_inst/I
    D7                   INBUF (Prop_INBUF_HPIOB_M_PAD_O)
                                                      0.535     0.535 r  S_AXI_ACLK_IBUF_inst/INBUF_INST/O
                         net (fo=1, routed)           0.000     0.535    S_AXI_ACLK_IBUF_inst/OUT
    D7                   IBUFCTRL (Prop_IBUFCTRL_HPIOB_M_I_O)
                                                      0.000     0.535 r  S_AXI_ACLK_IBUF_inst/IBUFCTRL_INST/O
                         net (fo=1, routed)           0.329     0.864    S_AXI_ACLK_IBUF
    BUFGCE_X0Y67         BUFGCE (Prop_BUFCE_BUFGCE_I_O)
                                                      0.028     0.892 r  S_AXI_ACLK_IBUF_BUFG_inst/O
    X1Y2 (CLOCK_ROOT)    net (fo=5789, routed)        1.323     2.215    u_axi_slave/S_AXI_ACLK_IBUF_BUFG
    SLICE_X43Y86         FDRE                                         r  u_axi_slave/slv_reg3_reg[5]/C
  -------------------------------------------------------------------    -------------------
    SLICE_X43Y86         FDRE (Prop_CFF_SLICEM_C_Q)
                                                      0.095     2.310 f  u_axi_slave/slv_reg3_reg[5]/Q
                         net (fo=9, routed)           0.096     2.406    u_axi_slave/sim_data_out[incline_x][5]
    SLICE_X43Y86         LUT6 (Prop_F6LUT_SLICEM_I0_O)
                                                      0.177     2.583 f  u_axi_slave/g0_b0__3_i_6/O
                         net (fo=8, routed)           0.107     2.690    u_axi_slave/g0_b0__3_i_6_n_0
    SLICE_X44Y86         LUT6 (Prop_F6LUT_SLICEL_I3_O)
                                                      0.062     2.752 f  u_axi_slave/g0_b0__3_i_10/O
                         net (fo=2, routed)           0.101     2.853    u_axi_slave/g0_b0__3_i_10_n_0
    SLICE_X44Y87         LUT6 (Prop_G6LUT_SLICEL_I3_O)
                                                      0.038     2.891 r  u_axi_slave/consistency_cnt[0]_i_31__9/O
                         net (fo=3, routed)           0.122     3.012    u_axi_slave/consistency_cnt[0]_i_31__9_n_0
    SLICE_X43Y87         LUT6 (Prop_D6LUT_SLICEM_I0_O)
                                                      0.174     3.186 r  u_axi_slave/g0_b0__3_i_7/O
                         net (fo=12, routed)          0.225     3.411    u_axi_slave/g0_b0__3_i_7_n_0
    SLICE_X40Y88         LUT2 (Prop_E6LUT_SLICEM_I1_O)
                                                      0.039     3.450 r  u_axi_slave/g0_b0__3_i_3/O
                         net (fo=87, routed)          0.243     3.693    u_axi_slave/g0_b0__3_i_3_n_0
    SLICE_X41Y89         LUT5 (Prop_C6LUT_SLICEL_I2_O)
                                                      0.174     3.867 r  u_axi_slave/g0_b2__9/O
                         net (fo=1, routed)           0.011     3.878    u_axi_slave/g0_b2__9_n_0
    SLICE_X41Y89         CARRY8 (Prop_CARRY8_SLICEL_S[2]_O[7])
                                                      0.248     4.126 f  u_axi_slave/p_0_out__9_i_2/O[7]
                         net (fo=1, routed)           0.550     4.676    u_preprocessor/p_0_out__9/A[7]
    DSP48E2_X4Y37        DSP_A_B_DATA (Prop_DSP_A_B_DATA_DSP48E2_A[7]_A2_DATA[7])
                                                      0.241     4.917 r  u_preprocessor/p_0_out__9/DSP_A_B_DATA_INST/A2_DATA[7]
                         net (fo=1, routed)           0.000     4.917    u_preprocessor/p_0_out__9/DSP_A_B_DATA.A2_DATA<7>
    DSP48E2_X4Y37        DSP_PREADD_DATA (Prop_DSP_PREADD_DATA_DSP48E2_A2_DATA[7]_A2A1[7])
                                                      0.098     5.015 r  u_preprocessor/p_0_out__9/DSP_PREADD_DATA_INST/A2A1[7]
                         net (fo=1, routed)           0.000     5.015    u_preprocessor/p_0_out__9/DSP_PREADD_DATA.A2A1<7>
    DSP48E2_X4Y37        DSP_MULTIPLIER (Prop_DSP_MULTIPLIER_DSP48E2_A2A1[7]_V[7])
                                                      0.648     5.663 f  u_preprocessor/p_0_out__9/DSP_MULTIPLIER_INST/V[7]
                         net (fo=1, routed)           0.000     5.663    u_preprocessor/p_0_out__9/DSP_MULTIPLIER.V<7>
    DSP48E2_X4Y37        DSP_M_DATA (Prop_DSP_M_DATA_DSP48E2_V[7]_V_DATA[7])
                                                      0.057     5.720 r  u_preprocessor/p_0_out__9/DSP_M_DATA_INST/V_DATA[7]
                         net (fo=1, routed)           0.000     5.720    u_preprocessor/p_0_out__9/DSP_M_DATA.V_DATA<7>
    DSP48E2_X4Y37        DSP_ALU (Prop_DSP_ALU_DSP48E2_V_DATA[7]_ALU_OUT[7])
                                                      0.688     6.408 f  u_preprocessor/p_0_out__9/DSP_ALU_INST/ALU_OUT[7]
                         net (fo=1, routed)           0.000     6.408    u_preprocessor/p_0_out__9/DSP_ALU.ALU_OUT<7>
    DSP48E2_X4Y37        DSP_OUTPUT (Prop_DSP_OUTPUT_DSP48E2_ALU_OUT[7]_P[7])
                                                      0.141     6.549 r  u_preprocessor/p_0_out__9/DSP_OUTPUT_INST/P[7]
                         net (fo=1, routed)           0.303     6.852    u_axi_slave/p_0_out__10_i_2_0[0]
    SLICE_X42Y88         LUT6 (Prop_A6LUT_SLICEM_I5_O)
                                                      0.064     6.916 r  u_axi_slave/g0_b0__10__0/O
                         net (fo=1, routed)           0.014     6.930    u_axi_slave/g0_b0__10__0_n_0
    SLICE_X42Y88         CARRY8 (Prop_CARRY8_SLICEM_S[0]_CO[7])
                                                      0.241     7.171 r  u_axi_slave/p_0_out__10_i_2/CO[7]
                         net (fo=1, routed)           0.028     7.199    u_axi_slave/p_0_out__10_i_2_n_0
    SLICE_X42Y89         CARRY8 (Prop_CARRY8_SLICEM_CI_O[3])
                                                      0.104     7.303 f  u_axi_slave/p_0_out__10_i_1/O[3]
                         net (fo=19, routed)          0.527     7.831    u_preprocessor/p_0_out__10/A[13]
    DSP48E2_X3Y36        DSP_A_B_DATA (Prop_DSP_A_B_DATA_DSP48E2_A[13]_A2_DATA[13])
                                                      0.241     8.072 r  u_preprocessor/p_0_out__10/DSP_A_B_DATA_INST/A2_DATA[13]
                         net (fo=1, routed)           0.000     8.072    u_preprocessor/p_0_out__10/DSP_A_B_DATA.A2_DATA<13>
    DSP48E2_X3Y36        DSP_PREADD_DATA (Prop_DSP_PREADD_DATA_DSP48E2_A2_DATA[13]_A2A1[13])
                                                      0.098     8.170 r  u_preprocessor/p_0_out__10/DSP_PREADD_DATA_INST/A2A1[13]
                         net (fo=1, routed)           0.000     8.170    u_preprocessor/p_0_out__10/DSP_PREADD_DATA.A2A1<13>
    DSP48E2_X3Y36        DSP_MULTIPLIER (Prop_DSP_MULTIPLIER_DSP48E2_A2A1[13]_U[14])
                                                      0.647     8.817 f  u_preprocessor/p_0_out__10/DSP_MULTIPLIER_INST/U[14]
                         net (fo=1, routed)           0.000     8.817    u_preprocessor/p_0_out__10/DSP_MULTIPLIER.U<14>
    DSP48E2_X3Y36        DSP_M_DATA (Prop_DSP_M_DATA_DSP48E2_U[14]_U_DATA[14])
                                                      0.059     8.876 r  u_preprocessor/p_0_out__10/DSP_M_DATA_INST/U_DATA[14]
                         net (fo=1, routed)           0.000     8.876    u_preprocessor/p_0_out__10/DSP_M_DATA.U_DATA<14>
    DSP48E2_X3Y36        DSP_ALU (Prop_DSP_ALU_DSP48E2_U_DATA[14]_ALU_OUT[14])
                                                      0.699     9.575 r  u_preprocessor/p_0_out__10/DSP_ALU_INST/ALU_OUT[14]
                         net (fo=1, routed)           0.000     9.575    u_preprocessor/p_0_out__10/DSP_ALU.ALU_OUT<14>
    DSP48E2_X3Y36        DSP_OUTPUT (Prop_DSP_OUTPUT_DSP48E2_ALU_OUT[14]_P[14])
                                                      0.141     9.716 f  u_preprocessor/p_0_out__10/DSP_OUTPUT_INST/P[14]
                         net (fo=1, routed)           0.389    10.105    u_preprocessor/p_0_out__11/A[14]
    DSP48E2_X3Y37        DSP_A_B_DATA (Prop_DSP_A_B_DATA_DSP48E2_A[14]_A2_DATA[14])
                                                      0.241    10.346 r  u_preprocessor/p_0_out__11/DSP_A_B_DATA_INST/A2_DATA[14]
                         net (fo=1, routed)           0.000    10.346    u_preprocessor/p_0_out__11/DSP_A_B_DATA.A2_DATA<14>
    DSP48E2_X3Y37        DSP_PREADD_DATA (Prop_DSP_PREADD_DATA_DSP48E2_A2_DATA[14]_A2A1[14])
                                                      0.098    10.444 r  u_preprocessor/p_0_out__11/DSP_PREADD_DATA_INST/A2A1[14]
                         net (fo=1, routed)           0.000    10.444    u_preprocessor/p_0_out__11/DSP_PREADD_DATA.A2A1<14>
    DSP48E2_X3Y37        DSP_MULTIPLIER (Prop_DSP_MULTIPLIER_DSP48E2_A2A1[14]_U[23])
                                                      0.647    11.091 f  u_preprocessor/p_0_out__11/DSP_MULTIPLIER_INST/U[23]
                         net (fo=1, routed)           0.000    11.091    u_preprocessor/p_0_out__11/DSP_MULTIPLIER.U<23>
    DSP48E2_X3Y37        DSP_M_DATA (Prop_DSP_M_DATA_DSP48E2_U[23]_U_DATA[23])
                                                      0.059    11.150 r  u_preprocessor/p_0_out__11/DSP_M_DATA_INST/U_DATA[23]
                         net (fo=1, routed)           0.000    11.150    u_preprocessor/p_0_out__11/DSP_M_DATA.U_DATA<23>
    DSP48E2_X3Y37        DSP_ALU (Prop_DSP_ALU_DSP48E2_U_DATA[23]_ALU_OUT[23])
                                                      0.699    11.849 f  u_preprocessor/p_0_out__11/DSP_ALU_INST/ALU_OUT[23]
                         net (fo=1, routed)           0.000    11.849    u_preprocessor/p_0_out__11/DSP_ALU.ALU_OUT<23>
    DSP48E2_X3Y37        DSP_OUTPUT (Prop_DSP_OUTPUT_DSP48E2_ALU_OUT[23]_P[23])
                                                      0.141    11.990 r  u_preprocessor/p_0_out__11/DSP_OUTPUT_INST/P[23]
                         net (fo=1, routed)           0.332    12.322    u_preprocessor/grav_z[3]
    SLICE_X39Y92         FDRE                                         r  u_preprocessor/pred_data_out_reg[pred_accel_z_1][3]/D
  -------------------------------------------------------------------    -------------------

                         (clock s_axi_aclk rise edge)
                                                     11.111    11.111 r  
    D7                                                0.000    11.111 r  S_AXI_ACLK (IN)
                         net (fo=0)                   0.000    11.111    S_AXI_ACLK_IBUF_inst/I
    D7                   INBUF (Prop_INBUF_HPIOB_M_PAD_O)
                                                      0.268    11.379 r  S_AXI_ACLK_IBUF_inst/INBUF_INST/O
                         net (fo=1, routed)           0.000    11.379    S_AXI_ACLK_IBUF_inst/OUT
    D7                   IBUFCTRL (Prop_IBUFCTRL_HPIOB_M_I_O)
                                                      0.000    11.379 r  S_AXI_ACLK_IBUF_inst/IBUFCTRL_INST/O
                         net (fo=1, routed)           0.290    11.669    S_AXI_ACLK_IBUF
    BUFGCE_X0Y67         BUFGCE (Prop_BUFCE_BUFGCE_I_O)
                                                      0.024    11.693 r  S_AXI_ACLK_IBUF_BUFG_inst/O
    X1Y2 (CLOCK_ROOT)    net (fo=5789, routed)        1.122    12.815    u_preprocessor/S_AXI_ACLK_IBUF_BUFG
    SLICE_X39Y92         FDRE                                         r  u_preprocessor/pred_data_out_reg[pred_accel_z_1][3]/C
                         clock pessimism              0.381    13.197    
                         clock uncertainty           -0.035    13.161    
    SLICE_X39Y92         FDRE (Setup_HFF2_SLICEM_C_D)
                                                      0.027    13.188    u_preprocessor/pred_data_out_reg[pred_accel_z_1][3]
  -------------------------------------------------------------------
                         required time                         13.188    
                         arrival time                         -12.322    
  -------------------------------------------------------------------
                         slack                                  0.867    

Slack (MET) :             0.886ns  (required time - arrival time)
  Source:                 u_axi_slave/slv_reg3_reg[5]/C
                            (rising edge-triggered cell FDRE clocked by s_axi_aclk  {rise@0.000ns fall@5.556ns period=11.111ns})
  Destination:            u_preprocessor/pred_data_out_reg[pred_accel_z_1][0]/D
                            (rising edge-triggered cell FDRE clocked by s_axi_aclk  {rise@0.000ns fall@5.556ns period=11.111ns})
  Path Group:             s_axi_aclk
  Path Type:              Setup (Max at Slow Process Corner)
  Requirement:            11.111ns  (s_axi_aclk rise@11.111ns - s_axi_aclk rise@0.000ns)
  Data Path Delay:        10.087ns  (logic 7.059ns (69.978%)  route 3.028ns (30.022%))
  Logic Levels:           28  (CARRY8=3 DSP_A_B_DATA=3 DSP_ALU=3 DSP_M_DATA=3 DSP_MULTIPLIER=3 DSP_OUTPUT=3 DSP_PREADD_DATA=3 LUT2=1 LUT5=1 LUT6=5)
  Clock Path Skew:        -0.129ns (DCD - SCD + CPR)
    Destination Clock Delay (DCD):    1.704ns = ( 12.815 - 11.111 ) 
    Source Clock Delay      (SCD):    2.215ns
    Clock Pessimism Removal (CPR):    0.381ns
  Clock Uncertainty:      0.035ns  ((TSJ^2 + TIJ^2)^1/2 + DJ) / 2 + PE
    Total System Jitter     (TSJ):    0.071ns
    Total Input Jitter      (TIJ):    0.000ns
    Discrete Jitter          (DJ):    0.000ns
    Phase Error              (PE):    0.000ns
  Clock Net Delay (Source):      1.323ns (routing 0.185ns, distribution 1.138ns)
  Clock Net Delay (Destination): 1.122ns (routing 0.170ns, distribution 0.952ns)

    Location             Delay type                Incr(ns)  Path(ns)    Netlist Resource(s)
  -------------------------------------------------------------------    -------------------
                         (clock s_axi_aclk rise edge)
                                                      0.000     0.000 r  
    D7                                                0.000     0.000 r  S_AXI_ACLK (IN)
                         net (fo=0)                   0.000     0.000    S_AXI_ACLK_IBUF_inst/I
    D7                   INBUF (Prop_INBUF_HPIOB_M_PAD_O)
                                                      0.535     0.535 r  S_AXI_ACLK_IBUF_inst/INBUF_INST/O
                         net (fo=1, routed)           0.000     0.535    S_AXI_ACLK_IBUF_inst/OUT
    D7                   IBUFCTRL (Prop_IBUFCTRL_HPIOB_M_I_O)
                                                      0.000     0.535 r  S_AXI_ACLK_IBUF_inst/IBUFCTRL_INST/O
                         net (fo=1, routed)           0.329     0.864    S_AXI_ACLK_IBUF
    BUFGCE_X0Y67         BUFGCE (Prop_BUFCE_BUFGCE_I_O)
                                                      0.028     0.892 r  S_AXI_ACLK_IBUF_BUFG_inst/O
    X1Y2 (CLOCK_ROOT)    net (fo=5789, routed)        1.323     2.215    u_axi_slave/S_AXI_ACLK_IBUF_BUFG
    SLICE_X43Y86         FDRE                                         r  u_axi_slave/slv_reg3_reg[5]/C
  -------------------------------------------------------------------    -------------------
    SLICE_X43Y86         FDRE (Prop_CFF_SLICEM_C_Q)
                                                      0.095     2.310 f  u_axi_slave/slv_reg3_reg[5]/Q
                         net (fo=9, routed)           0.096     2.406    u_axi_slave/sim_data_out[incline_x][5]
    SLICE_X43Y86         LUT6 (Prop_F6LUT_SLICEM_I0_O)
                                                      0.177     2.583 f  u_axi_slave/g0_b0__3_i_6/O
                         net (fo=8, routed)           0.107     2.690    u_axi_slave/g0_b0__3_i_6_n_0
    SLICE_X44Y86         LUT6 (Prop_F6LUT_SLICEL_I3_O)
                                                      0.062     2.752 f  u_axi_slave/g0_b0__3_i_10/O
                         net (fo=2, routed)           0.101     2.853    u_axi_slave/g0_b0__3_i_10_n_0
    SLICE_X44Y87         LUT6 (Prop_G6LUT_SLICEL_I3_O)
                                                      0.038     2.891 r  u_axi_slave/consistency_cnt[0]_i_31__9/O
                         net (fo=3, routed)           0.122     3.012    u_axi_slave/consistency_cnt[0]_i_31__9_n_0
    SLICE_X43Y87         LUT6 (Prop_D6LUT_SLICEM_I0_O)
                                                      0.174     3.186 r  u_axi_slave/g0_b0__3_i_7/O
                         net (fo=12, routed)          0.225     3.411    u_axi_slave/g0_b0__3_i_7_n_0
    SLICE_X40Y88         LUT2 (Prop_E6LUT_SLICEM_I1_O)
                                                      0.039     3.450 r  u_axi_slave/g0_b0__3_i_3/O
                         net (fo=87, routed)          0.243     3.693    u_axi_slave/g0_b0__3_i_3_n_0
    SLICE_X41Y89         LUT5 (Prop_C6LUT_SLICEL_I2_O)
                                                      0.174     3.867 r  u_axi_slave/g0_b2__9/O
                         net (fo=1, routed)           0.011     3.878    u_axi_slave/g0_b2__9_n_0
    SLICE_X41Y89         CARRY8 (Prop_CARRY8_SLICEL_S[2]_O[7])
                                                      0.248     4.126 f  u_axi_slave/p_0_out__9_i_2/O[7]
                         net (fo=1, routed)           0.550     4.676    u_preprocessor/p_0_out__9/A[7]
    DSP48E2_X4Y37        DSP_A_B_DATA (Prop_DSP_A_B_DATA_DSP48E2_A[7]_A2_DATA[7])
                                                      0.241     4.917 r  u_preprocessor/p_0_out__9/DSP_A_B_DATA_INST/A2_DATA[7]
                         net (fo=1, routed)           0.000     4.917    u_preprocessor/p_0_out__9/DSP_A_B_DATA.A2_DATA<7>
    DSP48E2_X4Y37        DSP_PREADD_DATA (Prop_DSP_PREADD_DATA_DSP48E2_A2_DATA[7]_A2A1[7])
                                                      0.098     5.015 r  u_preprocessor/p_0_out__9/DSP_PREADD_DATA_INST/A2A1[7]
                         net (fo=1, routed)           0.000     5.015    u_preprocessor/p_0_out__9/DSP_PREADD_DATA.A2A1<7>
    DSP48E2_X4Y37        DSP_MULTIPLIER (Prop_DSP_MULTIPLIER_DSP48E2_A2A1[7]_V[7])
                                                      0.648     5.663 f  u_preprocessor/p_0_out__9/DSP_MULTIPLIER_INST/V[7]
                         net (fo=1, routed)           0.000     5.663    u_preprocessor/p_0_out__9/DSP_MULTIPLIER.V<7>
    DSP48E2_X4Y37        DSP_M_DATA (Prop_DSP_M_DATA_DSP48E2_V[7]_V_DATA[7])
                                                      0.057     5.720 r  u_preprocessor/p_0_out__9/DSP_M_DATA_INST/V_DATA[7]
                         net (fo=1, routed)           0.000     5.720    u_preprocessor/p_0_out__9/DSP_M_DATA.V_DATA<7>
    DSP48E2_X4Y37        DSP_ALU (Prop_DSP_ALU_DSP48E2_V_DATA[7]_ALU_OUT[7])
                                                      0.688     6.408 f  u_preprocessor/p_0_out__9/DSP_ALU_INST/ALU_OUT[7]
                         net (fo=1, routed)           0.000     6.408    u_preprocessor/p_0_out__9/DSP_ALU.ALU_OUT<7>
    DSP48E2_X4Y37        DSP_OUTPUT (Prop_DSP_OUTPUT_DSP48E2_ALU_OUT[7]_P[7])
                                                      0.141     6.549 r  u_preprocessor/p_0_out__9/DSP_OUTPUT_INST/P[7]
                         net (fo=1, routed)           0.303     6.852    u_axi_slave/p_0_out__10_i_2_0[0]
    SLICE_X42Y88         LUT6 (Prop_A6LUT_SLICEM_I5_O)
                                                      0.064     6.916 r  u_axi_slave/g0_b0__10__0/O
                         net (fo=1, routed)           0.014     6.930    u_axi_slave/g0_b0__10__0_n_0
    SLICE_X42Y88         CARRY8 (Prop_CARRY8_SLICEM_S[0]_CO[7])
                                                      0.241     7.171 r  u_axi_slave/p_0_out__10_i_2/CO[7]
                         net (fo=1, routed)           0.028     7.199    u_axi_slave/p_0_out__10_i_2_n_0
    SLICE_X42Y89         CARRY8 (Prop_CARRY8_SLICEM_CI_O[3])
                                                      0.104     7.303 f  u_axi_slave/p_0_out__10_i_1/O[3]
                         net (fo=19, routed)          0.527     7.831    u_preprocessor/p_0_out__10/A[13]
    DSP48E2_X3Y36        DSP_A_B_DATA (Prop_DSP_A_B_DATA_DSP48E2_A[13]_A2_DATA[13])
                                                      0.241     8.072 r  u_preprocessor/p_0_out__10/DSP_A_B_DATA_INST/A2_DATA[13]
                         net (fo=1, routed)           0.000     8.072    u_preprocessor/p_0_out__10/DSP_A_B_DATA.A2_DATA<13>
    DSP48E2_X3Y36        DSP_PREADD_DATA (Prop_DSP_PREADD_DATA_DSP48E2_A2_DATA[13]_A2A1[13])
                                                      0.098     8.170 r  u_preprocessor/p_0_out__10/DSP_PREADD_DATA_INST/A2A1[13]
                         net (fo=1, routed)           0.000     8.170    u_preprocessor/p_0_out__10/DSP_PREADD_DATA.A2A1<13>
    DSP48E2_X3Y36        DSP_MULTIPLIER (Prop_DSP_MULTIPLIER_DSP48E2_A2A1[13]_U[14])
                                                      0.647     8.817 f  u_preprocessor/p_0_out__10/DSP_MULTIPLIER_INST/U[14]
                         net (fo=1, routed)           0.000     8.817    u_preprocessor/p_0_out__10/DSP_MULTIPLIER.U<14>
    DSP48E2_X3Y36        DSP_M_DATA (Prop_DSP_M_DATA_DSP48E2_U[14]_U_DATA[14])
                                                      0.059     8.876 r  u_preprocessor/p_0_out__10/DSP_M_DATA_INST/U_DATA[14]
                         net (fo=1, routed)           0.000     8.876    u_preprocessor/p_0_out__10/DSP_M_DATA.U_DATA<14>
    DSP48E2_X3Y36        DSP_ALU (Prop_DSP_ALU_DSP48E2_U_DATA[14]_ALU_OUT[14])
                                                      0.699     9.575 r  u_preprocessor/p_0_out__10/DSP_ALU_INST/ALU_OUT[14]
                         net (fo=1, routed)           0.000     9.575    u_preprocessor/p_0_out__10/DSP_ALU.ALU_OUT<14>
    DSP48E2_X3Y36        DSP_OUTPUT (Prop_DSP_OUTPUT_DSP48E2_ALU_OUT[14]_P[14])
                                                      0.141     9.716 f  u_preprocessor/p_0_out__10/DSP_OUTPUT_INST/P[14]
                         net (fo=1, routed)           0.389    10.105    u_preprocessor/p_0_out__11/A[14]
    DSP48E2_X3Y37        DSP_A_B_DATA (Prop_DSP_A_B_DATA_DSP48E2_A[14]_A2_DATA[14])
                                                      0.241    10.346 r  u_preprocessor/p_0_out__11/DSP_A_B_DATA_INST/A2_DATA[14]
                         net (fo=1, routed)           0.000    10.346    u_preprocessor/p_0_out__11/DSP_A_B_DATA.A2_DATA<14>
    DSP48E2_X3Y37        DSP_PREADD_DATA (Prop_DSP_PREADD_DATA_DSP48E2_A2_DATA[14]_A2A1[14])
                                                      0.098    10.444 r  u_preprocessor/p_0_out__11/DSP_PREADD_DATA_INST/A2A1[14]
                         net (fo=1, routed)           0.000    10.444    u_preprocessor/p_0_out__11/DSP_PREADD_DATA.A2A1<14>
    DSP48E2_X3Y37        DSP_MULTIPLIER (Prop_DSP_MULTIPLIER_DSP48E2_A2A1[14]_U[20])
                                                      0.647    11.091 f  u_preprocessor/p_0_out__11/DSP_MULTIPLIER_INST/U[20]
                         net (fo=1, routed)           0.000    11.091    u_preprocessor/p_0_out__11/DSP_MULTIPLIER.U<20>
    DSP48E2_X3Y37        DSP_M_DATA (Prop_DSP_M_DATA_DSP48E2_U[20]_U_DATA[20])
                                                      0.059    11.150 r  u_preprocessor/p_0_out__11/DSP_M_DATA_INST/U_DATA[20]
                         net (fo=1, routed)           0.000    11.150    u_preprocessor/p_0_out__11/DSP_M_DATA.U_DATA<20>
    DSP48E2_X3Y37        DSP_ALU (Prop_DSP_ALU_DSP48E2_U_DATA[20]_ALU_OUT[20])
                                                      0.699    11.849 f  u_preprocessor/p_0_out__11/DSP_ALU_INST/ALU_OUT[20]
                         net (fo=1, routed)           0.000    11.849    u_preprocessor/p_0_out__11/DSP_ALU.ALU_OUT<20>
    DSP48E2_X3Y37        DSP_OUTPUT (Prop_DSP_OUTPUT_DSP48E2_ALU_OUT[20]_P[20])
                                                      0.141    11.990 r  u_preprocessor/p_0_out__11/DSP_OUTPUT_INST/P[20]
                         net (fo=1, routed)           0.313    12.303    u_preprocessor/grav_z[0]
    SLICE_X39Y92         FDRE                                         r  u_preprocessor/pred_data_out_reg[pred_accel_z_1][0]/D
  -------------------------------------------------------------------    -------------------

                         (clock s_axi_aclk rise edge)
                                                     11.111    11.111 r  
    D7                                                0.000    11.111 r  S_AXI_ACLK (IN)
                         net (fo=0)                   0.000    11.111    S_AXI_ACLK_IBUF_inst/I
    D7                   INBUF (Prop_INBUF_HPIOB_M_PAD_O)
                                                      0.268    11.379 r  S_AXI_ACLK_IBUF_inst/INBUF_INST/O
                         net (fo=1, routed)           0.000    11.379    S_AXI_ACLK_IBUF_inst/OUT
    D7                   IBUFCTRL (Prop_IBUFCTRL_HPIOB_M_I_O)
                                                      0.000    11.379 r  S_AXI_ACLK_IBUF_inst/IBUFCTRL_INST/O
                         net (fo=1, routed)           0.290    11.669    S_AXI_ACLK_IBUF
    BUFGCE_X0Y67         BUFGCE (Prop_BUFCE_BUFGCE_I_O)
                                                      0.024    11.693 r  S_AXI_ACLK_IBUF_BUFG_inst/O
    X1Y2 (CLOCK_ROOT)    net (fo=5789, routed)        1.122    12.815    u_preprocessor/S_AXI_ACLK_IBUF_BUFG
    SLICE_X39Y92         FDRE                                         r  u_preprocessor/pred_data_out_reg[pred_accel_z_1][0]/C
                         clock pessimism              0.381    13.197    
                         clock uncertainty           -0.035    13.161    
    SLICE_X39Y92         FDRE (Setup_EFF2_SLICEM_C_D)
                                                      0.027    13.188    u_preprocessor/pred_data_out_reg[pred_accel_z_1][0]
  -------------------------------------------------------------------
                         required time                         13.188    
                         arrival time                         -12.303    
  -------------------------------------------------------------------
                         slack                                  0.886    

Slack (MET) :             0.898ns  (required time - arrival time)
  Source:                 u_axi_slave/slv_reg3_reg[5]/C
                            (rising edge-triggered cell FDRE clocked by s_axi_aclk  {rise@0.000ns fall@5.556ns period=11.111ns})
  Destination:            u_preprocessor/pred_data_out_reg[pred_accel_z_1][6]/D
                            (rising edge-triggered cell FDRE clocked by s_axi_aclk  {rise@0.000ns fall@5.556ns period=11.111ns})
  Path Group:             s_axi_aclk
  Path Type:              Setup (Max at Slow Process Corner)
  Requirement:            11.111ns  (s_axi_aclk rise@11.111ns - s_axi_aclk rise@0.000ns)
  Data Path Delay:        10.081ns  (logic 7.059ns (70.020%)  route 3.022ns (29.980%))
  Logic Levels:           28  (CARRY8=3 DSP_A_B_DATA=3 DSP_ALU=3 DSP_M_DATA=3 DSP_MULTIPLIER=3 DSP_OUTPUT=3 DSP_PREADD_DATA=3 LUT2=1 LUT5=1 LUT6=5)
  Clock Path Skew:        -0.123ns (DCD - SCD + CPR)
    Destination Clock Delay (DCD):    1.710ns = ( 12.821 - 11.111 ) 
    Source Clock Delay      (SCD):    2.215ns
    Clock Pessimism Removal (CPR):    0.381ns
  Clock Uncertainty:      0.035ns  ((TSJ^2 + TIJ^2)^1/2 + DJ) / 2 + PE
    Total System Jitter     (TSJ):    0.071ns
    Total Input Jitter      (TIJ):    0.000ns
    Discrete Jitter          (DJ):    0.000ns
    Phase Error              (PE):    0.000ns
  Clock Net Delay (Source):      1.323ns (routing 0.185ns, distribution 1.138ns)
  Clock Net Delay (Destination): 1.128ns (routing 0.170ns, distribution 0.958ns)

    Location             Delay type                Incr(ns)  Path(ns)    Netlist Resource(s)
  -------------------------------------------------------------------    -------------------
                         (clock s_axi_aclk rise edge)
                                                      0.000     0.000 r  
    D7                                                0.000     0.000 r  S_AXI_ACLK (IN)
                         net (fo=0)                   0.000     0.000    S_AXI_ACLK_IBUF_inst/I
    D7                   INBUF (Prop_INBUF_HPIOB_M_PAD_O)
                                                      0.535     0.535 r  S_AXI_ACLK_IBUF_inst/INBUF_INST/O
                         net (fo=1, routed)           0.000     0.535    S_AXI_ACLK_IBUF_inst/OUT
    D7                   IBUFCTRL (Prop_IBUFCTRL_HPIOB_M_I_O)
                                                      0.000     0.535 r  S_AXI_ACLK_IBUF_inst/IBUFCTRL_INST/O
                         net (fo=1, routed)           0.329     0.864    S_AXI_ACLK_IBUF
    BUFGCE_X0Y67         BUFGCE (Prop_BUFCE_BUFGCE_I_O)
                                                      0.028     0.892 r  S_AXI_ACLK_IBUF_BUFG_inst/O
    X1Y2 (CLOCK_ROOT)    net (fo=5789, routed)        1.323     2.215    u_axi_slave/S_AXI_ACLK_IBUF_BUFG
    SLICE_X43Y86         FDRE                                         r  u_axi_slave/slv_reg3_reg[5]/C
  -------------------------------------------------------------------    -------------------
    SLICE_X43Y86         FDRE (Prop_CFF_SLICEM_C_Q)
                                                      0.095     2.310 f  u_axi_slave/slv_reg3_reg[5]/Q
                         net (fo=9, routed)           0.096     2.406    u_axi_slave/sim_data_out[incline_x][5]
    SLICE_X43Y86         LUT6 (Prop_F6LUT_SLICEM_I0_O)
                                                      0.177     2.583 f  u_axi_slave/g0_b0__3_i_6/O
                         net (fo=8, routed)           0.107     2.690    u_axi_slave/g0_b0__3_i_6_n_0
    SLICE_X44Y86         LUT6 (Prop_F6LUT_SLICEL_I3_O)
                                                      0.062     2.752 f  u_axi_slave/g0_b0__3_i_10/O
                         net (fo=2, routed)           0.101     2.853    u_axi_slave/g0_b0__3_i_10_n_0
    SLICE_X44Y87         LUT6 (Prop_G6LUT_SLICEL_I3_O)
                                                      0.038     2.891 r  u_axi_slave/consistency_cnt[0]_i_31__9/O
                         net (fo=3, routed)           0.122     3.012    u_axi_slave/consistency_cnt[0]_i_31__9_n_0
    SLICE_X43Y87         LUT6 (Prop_D6LUT_SLICEM_I0_O)
                                                      0.174     3.186 r  u_axi_slave/g0_b0__3_i_7/O
                         net (fo=12, routed)          0.225     3.411    u_axi_slave/g0_b0__3_i_7_n_0
    SLICE_X40Y88         LUT2 (Prop_E6LUT_SLICEM_I1_O)
                                                      0.039     3.450 r  u_axi_slave/g0_b0__3_i_3/O
                         net (fo=87, routed)          0.243     3.693    u_axi_slave/g0_b0__3_i_3_n_0
    SLICE_X41Y89         LUT5 (Prop_C6LUT_SLICEL_I2_O)
                                                      0.174     3.867 r  u_axi_slave/g0_b2__9/O
                         net (fo=1, routed)           0.011     3.878    u_axi_slave/g0_b2__9_n_0
    SLICE_X41Y89         CARRY8 (Prop_CARRY8_SLICEL_S[2]_O[7])
                                                      0.248     4.126 f  u_axi_slave/p_0_out__9_i_2/O[7]
                         net (fo=1, routed)           0.550     4.676    u_preprocessor/p_0_out__9/A[7]
    DSP48E2_X4Y37        DSP_A_B_DATA (Prop_DSP_A_B_DATA_DSP48E2_A[7]_A2_DATA[7])
                                                      0.241     4.917 r  u_preprocessor/p_0_out__9/DSP_A_B_DATA_INST/A2_DATA[7]
                         net (fo=1, routed)           0.000     4.917    u_preprocessor/p_0_out__9/DSP_A_B_DATA.A2_DATA<7>
    DSP48E2_X4Y37        DSP_PREADD_DATA (Prop_DSP_PREADD_DATA_DSP48E2_A2_DATA[7]_A2A1[7])
                                                      0.098     5.015 r  u_preprocessor/p_0_out__9/DSP_PREADD_DATA_INST/A2A1[7]
                         net (fo=1, routed)           0.000     5.015    u_preprocessor/p_0_out__9/DSP_PREADD_DATA.A2A1<7>
    DSP48E2_X4Y37        DSP_MULTIPLIER (Prop_DSP_MULTIPLIER_DSP48E2_A2A1[7]_V[7])
                                                      0.648     5.663 f  u_preprocessor/p_0_out__9/DSP_MULTIPLIER_INST/V[7]
                         net (fo=1, routed)           0.000     5.663    u_preprocessor/p_0_out__9/DSP_MULTIPLIER.V<7>
    DSP48E2_X4Y37        DSP_M_DATA (Prop_DSP_M_DATA_DSP48E2_V[7]_V_DATA[7])
                                                      0.057     5.720 r  u_preprocessor/p_0_out__9/DSP_M_DATA_INST/V_DATA[7]
                         net (fo=1, routed)           0.000     5.720    u_preprocessor/p_0_out__9/DSP_M_DATA.V_DATA<7>
    DSP48E2_X4Y37        DSP_ALU (Prop_DSP_ALU_DSP48E2_V_DATA[7]_ALU_OUT[7])
                                                      0.688     6.408 f  u_preprocessor/p_0_out__9/DSP_ALU_INST/ALU_OUT[7]
                         net (fo=1, routed)           0.000     6.408    u_preprocessor/p_0_out__9/DSP_ALU.ALU_OUT<7>
    DSP48E2_X4Y37        DSP_OUTPUT (Prop_DSP_OUTPUT_DSP48E2_ALU_OUT[7]_P[7])
                                                      0.141     6.549 r  u_preprocessor/p_0_out__9/DSP_OUTPUT_INST/P[7]
                         net (fo=1, routed)           0.303     6.852    u_axi_slave/p_0_out__10_i_2_0[0]
    SLICE_X42Y88         LUT6 (Prop_A6LUT_SLICEM_I5_O)
                                                      0.064     6.916 r  u_axi_slave/g0_b0__10__0/O
                         net (fo=1, routed)           0.014     6.930    u_axi_slave/g0_b0__10__0_n_0
    SLICE_X42Y88         CARRY8 (Prop_CARRY8_SLICEM_S[0]_CO[7])
                                                      0.241     7.171 r  u_axi_slave/p_0_out__10_i_2/CO[7]
                         net (fo=1, routed)           0.028     7.199    u_axi_slave/p_0_out__10_i_2_n_0
    SLICE_X42Y89         CARRY8 (Prop_CARRY8_SLICEM_CI_O[3])
                                                      0.104     7.303 f  u_axi_slave/p_0_out__10_i_1/O[3]
                         net (fo=19, routed)          0.527     7.831    u_preprocessor/p_0_out__10/A[13]
    DSP48E2_X3Y36        DSP_A_B_DATA (Prop_DSP_A_B_DATA_DSP48E2_A[13]_A2_DATA[13])
                                                      0.241     8.072 r  u_preprocessor/p_0_out__10/DSP_A_B_DATA_INST/A2_DATA[13]
                         net (fo=1, routed)           0.000     8.072    u_preprocessor/p_0_out__10/DSP_A_B_DATA.A2_DATA<13>
    DSP48E2_X3Y36        DSP_PREADD_DATA (Prop_DSP_PREADD_DATA_DSP48E2_A2_DATA[13]_A2A1[13])
                                                      0.098     8.170 r  u_preprocessor/p_0_out__10/DSP_PREADD_DATA_INST/A2A1[13]
                         net (fo=1, routed)           0.000     8.170    u_preprocessor/p_0_out__10/DSP_PREADD_DATA.A2A1<13>
    DSP48E2_X3Y36        DSP_MULTIPLIER (Prop_DSP_MULTIPLIER_DSP48E2_A2A1[13]_U[14])
                                                      0.647     8.817 f  u_preprocessor/p_0_out__10/DSP_MULTIPLIER_INST/U[14]
                         net (fo=1, routed)           0.000     8.817    u_preprocessor/p_0_out__10/DSP_MULTIPLIER.U<14>
    DSP48E2_X3Y36        DSP_M_DATA (Prop_DSP_M_DATA_DSP48E2_U[14]_U_DATA[14])
                                                      0.059     8.876 r  u_preprocessor/p_0_out__10/DSP_M_DATA_INST/U_DATA[14]
                         net (fo=1, routed)           0.000     8.876    u_preprocessor/p_0_out__10/DSP_M_DATA.U_DATA<14>
    DSP48E2_X3Y36        DSP_ALU (Prop_DSP_ALU_DSP48E2_U_DATA[14]_ALU_OUT[14])
                                                      0.699     9.575 r  u_preprocessor/p_0_out__10/DSP_ALU_INST/ALU_OUT[14]
                         net (fo=1, routed)           0.000     9.575    u_preprocessor/p_0_out__10/DSP_ALU.ALU_OUT<14>
    DSP48E2_X3Y36        DSP_OUTPUT (Prop_DSP_OUTPUT_DSP48E2_ALU_OUT[14]_P[14])
                                                      0.141     9.716 f  u_preprocessor/p_0_out__10/DSP_OUTPUT_INST/P[14]
                         net (fo=1, routed)           0.389    10.105    u_preprocessor/p_0_out__11/A[14]
    DSP48E2_X3Y37        DSP_A_B_DATA (Prop_DSP_A_B_DATA_DSP48E2_A[14]_A2_DATA[14])
                                                      0.241    10.346 r  u_preprocessor/p_0_out__11/DSP_A_B_DATA_INST/A2_DATA[14]
                         net (fo=1, routed)           0.000    10.346    u_preprocessor/p_0_out__11/DSP_A_B_DATA.A2_DATA<14>
    DSP48E2_X3Y37        DSP_PREADD_DATA (Prop_DSP_PREADD_DATA_DSP48E2_A2_DATA[14]_A2A1[14])
                                                      0.098    10.444 r  u_preprocessor/p_0_out__11/DSP_PREADD_DATA_INST/A2A1[14]
                         net (fo=1, routed)           0.000    10.444    u_preprocessor/p_0_out__11/DSP_PREADD_DATA.A2A1<14>
    DSP48E2_X3Y37        DSP_MULTIPLIER (Prop_DSP_MULTIPLIER_DSP48E2_A2A1[14]_U[26])
                                                      0.647    11.091 f  u_preprocessor/p_0_out__11/DSP_MULTIPLIER_INST/U[26]
                         net (fo=1, routed)           0.000    11.091    u_preprocessor/p_0_out__11/DSP_MULTIPLIER.U<26>
    DSP48E2_X3Y37        DSP_M_DATA (Prop_DSP_M_DATA_DSP48E2_U[26]_U_DATA[26])
                                                      0.059    11.150 r  u_preprocessor/p_0_out__11/DSP_M_DATA_INST/U_DATA[26]
                         net (fo=1, routed)           0.000    11.150    u_preprocessor/p_0_out__11/DSP_M_DATA.U_DATA<26>
    DSP48E2_X3Y37        DSP_ALU (Prop_DSP_ALU_DSP48E2_U_DATA[26]_ALU_OUT[26])
                                                      0.699    11.849 f  u_preprocessor/p_0_out__11/DSP_ALU_INST/ALU_OUT[26]
                         net (fo=1, routed)           0.000    11.849    u_preprocessor/p_0_out__11/DSP_ALU.ALU_OUT<26>
    DSP48E2_X3Y37        DSP_OUTPUT (Prop_DSP_OUTPUT_DSP48E2_ALU_OUT[26]_P[26])
                                                      0.141    11.990 r  u_preprocessor/p_0_out__11/DSP_OUTPUT_INST/P[26]
                         net (fo=1, routed)           0.307    12.297    u_preprocessor/grav_z[6]
    SLICE_X39Y93         FDRE                                         r  u_preprocessor/pred_data_out_reg[pred_accel_z_1][6]/D
  -------------------------------------------------------------------    -------------------

                         (clock s_axi_aclk rise edge)
                                                     11.111    11.111 r  
    D7                                                0.000    11.111 r  S_AXI_ACLK (IN)
                         net (fo=0)                   0.000    11.111    S_AXI_ACLK_IBUF_inst/I
    D7                   INBUF (Prop_INBUF_HPIOB_M_PAD_O)
                                                      0.268    11.379 r  S_AXI_ACLK_IBUF_inst/INBUF_INST/O
                         net (fo=1, routed)           0.000    11.379    S_AXI_ACLK_IBUF_inst/OUT
    D7                   IBUFCTRL (Prop_IBUFCTRL_HPIOB_M_I_O)
                                                      0.000    11.379 r  S_AXI_ACLK_IBUF_inst/IBUFCTRL_INST/O
                         net (fo=1, routed)           0.290    11.669    S_AXI_ACLK_IBUF
    BUFGCE_X0Y67         BUFGCE (Prop_BUFCE_BUFGCE_I_O)
                                                      0.024    11.693 r  S_AXI_ACLK_IBUF_BUFG_inst/O
    X1Y2 (CLOCK_ROOT)    net (fo=5789, routed)        1.128    12.821    u_preprocessor/S_AXI_ACLK_IBUF_BUFG
    SLICE_X39Y93         FDRE                                         r  u_preprocessor/pred_data_out_reg[pred_accel_z_1][6]/C
                         clock pessimism              0.381    13.203    
                         clock uncertainty           -0.035    13.167    
    SLICE_X39Y93         FDRE (Setup_FFF2_SLICEM_C_D)
                                                      0.027    13.194    u_preprocessor/pred_data_out_reg[pred_accel_z_1][6]
  -------------------------------------------------------------------
                         required time                         13.194    
                         arrival time                         -12.297    
  -------------------------------------------------------------------
                         slack                                  0.898    

Slack (MET) :             0.923ns  (required time - arrival time)
  Source:                 u_axi_slave/slv_reg3_reg[5]/C
                            (rising edge-triggered cell FDRE clocked by s_axi_aclk  {rise@0.000ns fall@5.556ns period=11.111ns})
  Destination:            u_preprocessor/pred_data_out_reg[pred_accel_z_2][10]/D
                            (rising edge-triggered cell FDRE clocked by s_axi_aclk  {rise@0.000ns fall@5.556ns period=11.111ns})
  Path Group:             s_axi_aclk
  Path Type:              Setup (Max at Slow Process Corner)
  Requirement:            11.111ns  (s_axi_aclk rise@11.111ns - s_axi_aclk rise@0.000ns)
  Data Path Delay:        10.056ns  (logic 7.059ns (70.199%)  route 2.997ns (29.802%))
  Logic Levels:           28  (CARRY8=3 DSP_A_B_DATA=3 DSP_ALU=3 DSP_M_DATA=3 DSP_MULTIPLIER=3 DSP_OUTPUT=3 DSP_PREADD_DATA=3 LUT2=1 LUT5=1 LUT6=5)
  Clock Path Skew:        -0.123ns (DCD - SCD + CPR)
    Destination Clock Delay (DCD):    1.710ns = ( 12.821 - 11.111 ) 
    Source Clock Delay      (SCD):    2.215ns
    Clock Pessimism Removal (CPR):    0.381ns
  Clock Uncertainty:      0.035ns  ((TSJ^2 + TIJ^2)^1/2 + DJ) / 2 + PE
    Total System Jitter     (TSJ):    0.071ns
    Total Input Jitter      (TIJ):    0.000ns
    Discrete Jitter          (DJ):    0.000ns
    Phase Error              (PE):    0.000ns
  Clock Net Delay (Source):      1.323ns (routing 0.185ns, distribution 1.138ns)
  Clock Net Delay (Destination): 1.128ns (routing 0.170ns, distribution 0.958ns)

    Location             Delay type                Incr(ns)  Path(ns)    Netlist Resource(s)
  -------------------------------------------------------------------    -------------------
                         (clock s_axi_aclk rise edge)
                                                      0.000     0.000 r  
    D7                                                0.000     0.000 r  S_AXI_ACLK (IN)
                         net (fo=0)                   0.000     0.000    S_AXI_ACLK_IBUF_inst/I
    D7                   INBUF (Prop_INBUF_HPIOB_M_PAD_O)
                                                      0.535     0.535 r  S_AXI_ACLK_IBUF_inst/INBUF_INST/O
                         net (fo=1, routed)           0.000     0.535    S_AXI_ACLK_IBUF_inst/OUT
    D7                   IBUFCTRL (Prop_IBUFCTRL_HPIOB_M_I_O)
                                                      0.000     0.535 r  S_AXI_ACLK_IBUF_inst/IBUFCTRL_INST/O
                         net (fo=1, routed)           0.329     0.864    S_AXI_ACLK_IBUF
    BUFGCE_X0Y67         BUFGCE (Prop_BUFCE_BUFGCE_I_O)
                                                      0.028     0.892 r  S_AXI_ACLK_IBUF_BUFG_inst/O
    X1Y2 (CLOCK_ROOT)    net (fo=5789, routed)        1.323     2.215    u_axi_slave/S_AXI_ACLK_IBUF_BUFG
    SLICE_X43Y86         FDRE                                         r  u_axi_slave/slv_reg3_reg[5]/C
  -------------------------------------------------------------------    -------------------
    SLICE_X43Y86         FDRE (Prop_CFF_SLICEM_C_Q)
                                                      0.095     2.310 f  u_axi_slave/slv_reg3_reg[5]/Q
                         net (fo=9, routed)           0.096     2.406    u_axi_slave/sim_data_out[incline_x][5]
    SLICE_X43Y86         LUT6 (Prop_F6LUT_SLICEM_I0_O)
                                                      0.177     2.583 f  u_axi_slave/g0_b0__3_i_6/O
                         net (fo=8, routed)           0.107     2.690    u_axi_slave/g0_b0__3_i_6_n_0
    SLICE_X44Y86         LUT6 (Prop_F6LUT_SLICEL_I3_O)
                                                      0.062     2.752 f  u_axi_slave/g0_b0__3_i_10/O
                         net (fo=2, routed)           0.101     2.853    u_axi_slave/g0_b0__3_i_10_n_0
    SLICE_X44Y87         LUT6 (Prop_G6LUT_SLICEL_I3_O)
                                                      0.038     2.891 r  u_axi_slave/consistency_cnt[0]_i_31__9/O
                         net (fo=3, routed)           0.122     3.012    u_axi_slave/consistency_cnt[0]_i_31__9_n_0
    SLICE_X43Y87         LUT6 (Prop_D6LUT_SLICEM_I0_O)
                                                      0.174     3.186 r  u_axi_slave/g0_b0__3_i_7/O
                         net (fo=12, routed)          0.225     3.411    u_axi_slave/g0_b0__3_i_7_n_0
    SLICE_X40Y88         LUT2 (Prop_E6LUT_SLICEM_I1_O)
                                                      0.039     3.450 r  u_axi_slave/g0_b0__3_i_3/O
                         net (fo=87, routed)          0.243     3.693    u_axi_slave/g0_b0__3_i_3_n_0
    SLICE_X41Y89         LUT5 (Prop_C6LUT_SLICEL_I2_O)
                                                      0.174     3.867 r  u_axi_slave/g0_b2__9/O
                         net (fo=1, routed)           0.011     3.878    u_axi_slave/g0_b2__9_n_0
    SLICE_X41Y89         CARRY8 (Prop_CARRY8_SLICEL_S[2]_O[7])
                                                      0.248     4.126 f  u_axi_slave/p_0_out__9_i_2/O[7]
                         net (fo=1, routed)           0.550     4.676    u_preprocessor/p_0_out__9/A[7]
    DSP48E2_X4Y37        DSP_A_B_DATA (Prop_DSP_A_B_DATA_DSP48E2_A[7]_A2_DATA[7])
                                                      0.241     4.917 r  u_preprocessor/p_0_out__9/DSP_A_B_DATA_INST/A2_DATA[7]
                         net (fo=1, routed)           0.000     4.917    u_preprocessor/p_0_out__9/DSP_A_B_DATA.A2_DATA<7>
    DSP48E2_X4Y37        DSP_PREADD_DATA (Prop_DSP_PREADD_DATA_DSP48E2_A2_DATA[7]_A2A1[7])
                                                      0.098     5.015 r  u_preprocessor/p_0_out__9/DSP_PREADD_DATA_INST/A2A1[7]
                         net (fo=1, routed)           0.000     5.015    u_preprocessor/p_0_out__9/DSP_PREADD_DATA.A2A1<7>
    DSP48E2_X4Y37        DSP_MULTIPLIER (Prop_DSP_MULTIPLIER_DSP48E2_A2A1[7]_V[7])
                                                      0.648     5.663 f  u_preprocessor/p_0_out__9/DSP_MULTIPLIER_INST/V[7]
                         net (fo=1, routed)           0.000     5.663    u_preprocessor/p_0_out__9/DSP_MULTIPLIER.V<7>
    DSP48E2_X4Y37        DSP_M_DATA (Prop_DSP_M_DATA_DSP48E2_V[7]_V_DATA[7])
                                                      0.057     5.720 r  u_preprocessor/p_0_out__9/DSP_M_DATA_INST/V_DATA[7]
                         net (fo=1, routed)           0.000     5.720    u_preprocessor/p_0_out__9/DSP_M_DATA.V_DATA<7>
    DSP48E2_X4Y37        DSP_ALU (Prop_DSP_ALU_DSP48E2_V_DATA[7]_ALU_OUT[7])
                                                      0.688     6.408 f  u_preprocessor/p_0_out__9/DSP_ALU_INST/ALU_OUT[7]
                         net (fo=1, routed)           0.000     6.408    u_preprocessor/p_0_out__9/DSP_ALU.ALU_OUT<7>
    DSP48E2_X4Y37        DSP_OUTPUT (Prop_DSP_OUTPUT_DSP48E2_ALU_OUT[7]_P[7])
                                                      0.141     6.549 r  u_preprocessor/p_0_out__9/DSP_OUTPUT_INST/P[7]
                         net (fo=1, routed)           0.303     6.852    u_axi_slave/p_0_out__10_i_2_0[0]
    SLICE_X42Y88         LUT6 (Prop_A6LUT_SLICEM_I5_O)
                                                      0.064     6.916 r  u_axi_slave/g0_b0__10__0/O
                         net (fo=1, routed)           0.014     6.930    u_axi_slave/g0_b0__10__0_n_0
    SLICE_X42Y88         CARRY8 (Prop_CARRY8_SLICEM_S[0]_CO[7])
                                                      0.241     7.171 r  u_axi_slave/p_0_out__10_i_2/CO[7]
                         net (fo=1, routed)           0.028     7.199    u_axi_slave/p_0_out__10_i_2_n_0
    SLICE_X42Y89         CARRY8 (Prop_CARRY8_SLICEM_CI_O[3])
                                                      0.104     7.303 f  u_axi_slave/p_0_out__10_i_1/O[3]
                         net (fo=19, routed)          0.527     7.831    u_preprocessor/p_0_out__10/A[13]
    DSP48E2_X3Y36        DSP_A_B_DATA (Prop_DSP_A_B_DATA_DSP48E2_A[13]_A2_DATA[13])
                                                      0.241     8.072 r  u_preprocessor/p_0_out__10/DSP_A_B_DATA_INST/A2_DATA[13]
                         net (fo=1, routed)           0.000     8.072    u_preprocessor/p_0_out__10/DSP_A_B_DATA.A2_DATA<13>
    DSP48E2_X3Y36        DSP_PREADD_DATA (Prop_DSP_PREADD_DATA_DSP48E2_A2_DATA[13]_A2A1[13])
                                                      0.098     8.170 r  u_preprocessor/p_0_out__10/DSP_PREADD_DATA_INST/A2A1[13]
                         net (fo=1, routed)           0.000     8.170    u_preprocessor/p_0_out__10/DSP_PREADD_DATA.A2A1<13>
    DSP48E2_X3Y36        DSP_MULTIPLIER (Prop_DSP_MULTIPLIER_DSP48E2_A2A1[13]_U[14])
                                                      0.647     8.817 f  u_preprocessor/p_0_out__10/DSP_MULTIPLIER_INST/U[14]
                         net (fo=1, routed)           0.000     8.817    u_preprocessor/p_0_out__10/DSP_MULTIPLIER.U<14>
    DSP48E2_X3Y36        DSP_M_DATA (Prop_DSP_M_DATA_DSP48E2_U[14]_U_DATA[14])
                                                      0.059     8.876 r  u_preprocessor/p_0_out__10/DSP_M_DATA_INST/U_DATA[14]
                         net (fo=1, routed)           0.000     8.876    u_preprocessor/p_0_out__10/DSP_M_DATA.U_DATA<14>
    DSP48E2_X3Y36        DSP_ALU (Prop_DSP_ALU_DSP48E2_U_DATA[14]_ALU_OUT[14])
                                                      0.699     9.575 r  u_preprocessor/p_0_out__10/DSP_ALU_INST/ALU_OUT[14]
                         net (fo=1, routed)           0.000     9.575    u_preprocessor/p_0_out__10/DSP_ALU.ALU_OUT<14>
    DSP48E2_X3Y36        DSP_OUTPUT (Prop_DSP_OUTPUT_DSP48E2_ALU_OUT[14]_P[14])
                                                      0.141     9.716 f  u_preprocessor/p_0_out__10/DSP_OUTPUT_INST/P[14]
                         net (fo=1, routed)           0.389    10.105    u_preprocessor/p_0_out__11/A[14]
    DSP48E2_X3Y37        DSP_A_B_DATA (Prop_DSP_A_B_DATA_DSP48E2_A[14]_A2_DATA[14])
                                                      0.241    10.346 r  u_preprocessor/p_0_out__11/DSP_A_B_DATA_INST/A2_DATA[14]
                         net (fo=1, routed)           0.000    10.346    u_preprocessor/p_0_out__11/DSP_A_B_DATA.A2_DATA<14>
    DSP48E2_X3Y37        DSP_PREADD_DATA (Prop_DSP_PREADD_DATA_DSP48E2_A2_DATA[14]_A2A1[14])
                                                      0.098    10.444 r  u_preprocessor/p_0_out__11/DSP_PREADD_DATA_INST/A2A1[14]
                         net (fo=1, routed)           0.000    10.444    u_preprocessor/p_0_out__11/DSP_PREADD_DATA.A2A1<14>
    DSP48E2_X3Y37        DSP_MULTIPLIER (Prop_DSP_MULTIPLIER_DSP48E2_A2A1[14]_U[30])
                                                      0.647    11.091 f  u_preprocessor/p_0_out__11/DSP_MULTIPLIER_INST/U[30]
                         net (fo=1, routed)           0.000    11.091    u_preprocessor/p_0_out__11/DSP_MULTIPLIER.U<30>
    DSP48E2_X3Y37        DSP_M_DATA (Prop_DSP_M_DATA_DSP48E2_U[30]_U_DATA[30])
                                                      0.059    11.150 r  u_preprocessor/p_0_out__11/DSP_M_DATA_INST/U_DATA[30]
                         net (fo=1, routed)           0.000    11.150    u_preprocessor/p_0_out__11/DSP_M_DATA.U_DATA<30>
    DSP48E2_X3Y37        DSP_ALU (Prop_DSP_ALU_DSP48E2_U_DATA[30]_ALU_OUT[30])
                                                      0.699    11.849 f  u_preprocessor/p_0_out__11/DSP_ALU_INST/ALU_OUT[30]
                         net (fo=1, routed)           0.000    11.849    u_preprocessor/p_0_out__11/DSP_ALU.ALU_OUT<30>
    DSP48E2_X3Y37        DSP_OUTPUT (Prop_DSP_OUTPUT_DSP48E2_ALU_OUT[30]_P[30])
                                                      0.141    11.990 r  u_preprocessor/p_0_out__11/DSP_OUTPUT_INST/P[30]
                         net (fo=2, routed)           0.281    12.271    u_preprocessor/grav_z[10]
    SLICE_X39Y93         FDRE                                         r  u_preprocessor/pred_data_out_reg[pred_accel_z_2][10]/D
  -------------------------------------------------------------------    -------------------

                         (clock s_axi_aclk rise edge)
                                                     11.111    11.111 r  
    D7                                                0.000    11.111 r  S_AXI_ACLK (IN)
                         net (fo=0)                   0.000    11.111    S_AXI_ACLK_IBUF_inst/I
    D7                   INBUF (Prop_INBUF_HPIOB_M_PAD_O)
                                                      0.268    11.379 r  S_AXI_ACLK_IBUF_inst/INBUF_INST/O
                         net (fo=1, routed)           0.000    11.379    S_AXI_ACLK_IBUF_inst/OUT
    D7                   IBUFCTRL (Prop_IBUFCTRL_HPIOB_M_I_O)
                                                      0.000    11.379 r  S_AXI_ACLK_IBUF_inst/IBUFCTRL_INST/O
                         net (fo=1, routed)           0.290    11.669    S_AXI_ACLK_IBUF
    BUFGCE_X0Y67         BUFGCE (Prop_BUFCE_BUFGCE_I_O)
                                                      0.024    11.693 r  S_AXI_ACLK_IBUF_BUFG_inst/O
    X1Y2 (CLOCK_ROOT)    net (fo=5789, routed)        1.128    12.821    u_preprocessor/S_AXI_ACLK_IBUF_BUFG
    SLICE_X39Y93         FDRE                                         r  u_preprocessor/pred_data_out_reg[pred_accel_z_2][10]/C
                         clock pessimism              0.381    13.203    
                         clock uncertainty           -0.035    13.167    
    SLICE_X39Y93         FDRE (Setup_GFF_SLICEM_C_D)
                                                      0.027    13.194    u_preprocessor/pred_data_out_reg[pred_accel_z_2][10]
  -------------------------------------------------------------------
                         required time                         13.194    
                         arrival time                         -12.271    
  -------------------------------------------------------------------
                         slack                                  0.923    

Slack (MET) :             0.937ns  (required time - arrival time)
  Source:                 u_axi_slave/slv_reg3_reg[5]/C
                            (rising edge-triggered cell FDRE clocked by s_axi_aclk  {rise@0.000ns fall@5.556ns period=11.111ns})
  Destination:            u_preprocessor/pred_data_out_reg[pred_accel_z_1][4]/D
                            (rising edge-triggered cell FDRE clocked by s_axi_aclk  {rise@0.000ns fall@5.556ns period=11.111ns})
  Path Group:             s_axi_aclk
  Path Type:              Setup (Max at Slow Process Corner)
  Requirement:            11.111ns  (s_axi_aclk rise@11.111ns - s_axi_aclk rise@0.000ns)
  Data Path Delay:        10.033ns  (logic 7.059ns (70.355%)  route 2.974ns (29.645%))
  Logic Levels:           28  (CARRY8=3 DSP_A_B_DATA=3 DSP_ALU=3 DSP_M_DATA=3 DSP_MULTIPLIER=3 DSP_OUTPUT=3 DSP_PREADD_DATA=3 LUT2=1 LUT5=1 LUT6=5)
  Clock Path Skew:        -0.132ns (DCD - SCD + CPR)
    Destination Clock Delay (DCD):    1.701ns = ( 12.812 - 11.111 ) 
    Source Clock Delay      (SCD):    2.215ns
    Clock Pessimism Removal (CPR):    0.381ns
  Clock Uncertainty:      0.035ns  ((TSJ^2 + TIJ^2)^1/2 + DJ) / 2 + PE
    Total System Jitter     (TSJ):    0.071ns
    Total Input Jitter      (TIJ):    0.000ns
    Discrete Jitter          (DJ):    0.000ns
    Phase Error              (PE):    0.000ns
  Clock Net Delay (Source):      1.323ns (routing 0.185ns, distribution 1.138ns)
  Clock Net Delay (Destination): 1.119ns (routing 0.170ns, distribution 0.949ns)

    Location             Delay type                Incr(ns)  Path(ns)    Netlist Resource(s)
  -------------------------------------------------------------------    -------------------
                         (clock s_axi_aclk rise edge)
                                                      0.000     0.000 r  
    D7                                                0.000     0.000 r  S_AXI_ACLK (IN)
                         net (fo=0)                   0.000     0.000    S_AXI_ACLK_IBUF_inst/I
    D7                   INBUF (Prop_INBUF_HPIOB_M_PAD_O)
                                                      0.535     0.535 r  S_AXI_ACLK_IBUF_inst/INBUF_INST/O
                         net (fo=1, routed)           0.000     0.535    S_AXI_ACLK_IBUF_inst/OUT
    D7                   IBUFCTRL (Prop_IBUFCTRL_HPIOB_M_I_O)
                                                      0.000     0.535 r  S_AXI_ACLK_IBUF_inst/IBUFCTRL_INST/O
                         net (fo=1, routed)           0.329     0.864    S_AXI_ACLK_IBUF
    BUFGCE_X0Y67         BUFGCE (Prop_BUFCE_BUFGCE_I_O)
                                                      0.028     0.892 r  S_AXI_ACLK_IBUF_BUFG_inst/O
    X1Y2 (CLOCK_ROOT)    net (fo=5789, routed)        1.323     2.215    u_axi_slave/S_AXI_ACLK_IBUF_BUFG
    SLICE_X43Y86         FDRE                                         r  u_axi_slave/slv_reg3_reg[5]/C
  -------------------------------------------------------------------    -------------------
    SLICE_X43Y86         FDRE (Prop_CFF_SLICEM_C_Q)
                                                      0.095     2.310 f  u_axi_slave/slv_reg3_reg[5]/Q
                         net (fo=9, routed)           0.096     2.406    u_axi_slave/sim_data_out[incline_x][5]
    SLICE_X43Y86         LUT6 (Prop_F6LUT_SLICEM_I0_O)
                                                      0.177     2.583 f  u_axi_slave/g0_b0__3_i_6/O
                         net (fo=8, routed)           0.107     2.690    u_axi_slave/g0_b0__3_i_6_n_0
    SLICE_X44Y86         LUT6 (Prop_F6LUT_SLICEL_I3_O)
                                                      0.062     2.752 f  u_axi_slave/g0_b0__3_i_10/O
                         net (fo=2, routed)           0.101     2.853    u_axi_slave/g0_b0__3_i_10_n_0
    SLICE_X44Y87         LUT6 (Prop_G6LUT_SLICEL_I3_O)
                                                      0.038     2.891 r  u_axi_slave/consistency_cnt[0]_i_31__9/O
                         net (fo=3, routed)           0.122     3.012    u_axi_slave/consistency_cnt[0]_i_31__9_n_0
    SLICE_X43Y87         LUT6 (Prop_D6LUT_SLICEM_I0_O)
                                                      0.174     3.186 r  u_axi_slave/g0_b0__3_i_7/O
                         net (fo=12, routed)          0.225     3.411    u_axi_slave/g0_b0__3_i_7_n_0
    SLICE_X40Y88         LUT2 (Prop_E6LUT_SLICEM_I1_O)
                                                      0.039     3.450 r  u_axi_slave/g0_b0__3_i_3/O
                         net (fo=87, routed)          0.243     3.693    u_axi_slave/g0_b0__3_i_3_n_0
    SLICE_X41Y89         LUT5 (Prop_C6LUT_SLICEL_I2_O)
                                                      0.174     3.867 r  u_axi_slave/g0_b2__9/O
                         net (fo=1, routed)           0.011     3.878    u_axi_slave/g0_b2__9_n_0
    SLICE_X41Y89         CARRY8 (Prop_CARRY8_SLICEL_S[2]_O[7])
                                                      0.248     4.126 f  u_axi_slave/p_0_out__9_i_2/O[7]
                         net (fo=1, routed)           0.550     4.676    u_preprocessor/p_0_out__9/A[7]
    DSP48E2_X4Y37        DSP_A_B_DATA (Prop_DSP_A_B_DATA_DSP48E2_A[7]_A2_DATA[7])
                                                      0.241     4.917 r  u_preprocessor/p_0_out__9/DSP_A_B_DATA_INST/A2_DATA[7]
                         net (fo=1, routed)           0.000     4.917    u_preprocessor/p_0_out__9/DSP_A_B_DATA.A2_DATA<7>
    DSP48E2_X4Y37        DSP_PREADD_DATA (Prop_DSP_PREADD_DATA_DSP48E2_A2_DATA[7]_A2A1[7])
                                                      0.098     5.015 r  u_preprocessor/p_0_out__9/DSP_PREADD_DATA_INST/A2A1[7]
                         net (fo=1, routed)           0.000     5.015    u_preprocessor/p_0_out__9/DSP_PREADD_DATA.A2A1<7>
    DSP48E2_X4Y37        DSP_MULTIPLIER (Prop_DSP_MULTIPLIER_DSP48E2_A2A1[7]_V[7])
                                                      0.648     5.663 f  u_preprocessor/p_0_out__9/DSP_MULTIPLIER_INST/V[7]
                         net (fo=1, routed)           0.000     5.663    u_preprocessor/p_0_out__9/DSP_MULTIPLIER.V<7>
    DSP48E2_X4Y37        DSP_M_DATA (Prop_DSP_M_DATA_DSP48E2_V[7]_V_DATA[7])
                                                      0.057     5.720 r  u_preprocessor/p_0_out__9/DSP_M_DATA_INST/V_DATA[7]
                         net (fo=1, routed)           0.000     5.720    u_preprocessor/p_0_out__9/DSP_M_DATA.V_DATA<7>
    DSP48E2_X4Y37        DSP_ALU (Prop_DSP_ALU_DSP48E2_V_DATA[7]_ALU_OUT[7])
                                                      0.688     6.408 f  u_preprocessor/p_0_out__9/DSP_ALU_INST/ALU_OUT[7]
                         net (fo=1, routed)           0.000     6.408    u_preprocessor/p_0_out__9/DSP_ALU.ALU_OUT<7>
    DSP48E2_X4Y37        DSP_OUTPUT (Prop_DSP_OUTPUT_DSP48E2_ALU_OUT[7]_P[7])
                                                      0.141     6.549 r  u_preprocessor/p_0_out__9/DSP_OUTPUT_INST/P[7]
                         net (fo=1, routed)           0.303     6.852    u_axi_slave/p_0_out__10_i_2_0[0]
    SLICE_X42Y88         LUT6 (Prop_A6LUT_SLICEM_I5_O)
                                                      0.064     6.916 r  u_axi_slave/g0_b0__10__0/O
                         net (fo=1, routed)           0.014     6.930    u_axi_slave/g0_b0__10__0_n_0
    SLICE_X42Y88         CARRY8 (Prop_CARRY8_SLICEM_S[0]_CO[7])
                                                      0.241     7.171 r  u_axi_slave/p_0_out__10_i_2/CO[7]
                         net (fo=1, routed)           0.028     7.199    u_axi_slave/p_0_out__10_i_2_n_0
    SLICE_X42Y89         CARRY8 (Prop_CARRY8_SLICEM_CI_O[3])
                                                      0.104     7.303 f  u_axi_slave/p_0_out__10_i_1/O[3]
                         net (fo=19, routed)          0.527     7.831    u_preprocessor/p_0_out__10/A[13]
    DSP48E2_X3Y36        DSP_A_B_DATA (Prop_DSP_A_B_DATA_DSP48E2_A[13]_A2_DATA[13])
                                                      0.241     8.072 r  u_preprocessor/p_0_out__10/DSP_A_B_DATA_INST/A2_DATA[13]
                         net (fo=1, routed)           0.000     8.072    u_preprocessor/p_0_out__10/DSP_A_B_DATA.A2_DATA<13>
    DSP48E2_X3Y36        DSP_PREADD_DATA (Prop_DSP_PREADD_DATA_DSP48E2_A2_DATA[13]_A2A1[13])
                                                      0.098     8.170 r  u_preprocessor/p_0_out__10/DSP_PREADD_DATA_INST/A2A1[13]
                         net (fo=1, routed)           0.000     8.170    u_preprocessor/p_0_out__10/DSP_PREADD_DATA.A2A1<13>
    DSP48E2_X3Y36        DSP_MULTIPLIER (Prop_DSP_MULTIPLIER_DSP48E2_A2A1[13]_U[14])
                                                      0.647     8.817 f  u_preprocessor/p_0_out__10/DSP_MULTIPLIER_INST/U[14]
                         net (fo=1, routed)           0.000     8.817    u_preprocessor/p_0_out__10/DSP_MULTIPLIER.U<14>
    DSP48E2_X3Y36        DSP_M_DATA (Prop_DSP_M_DATA_DSP48E2_U[14]_U_DATA[14])
                                                      0.059     8.876 r  u_preprocessor/p_0_out__10/DSP_M_DATA_INST/U_DATA[14]
                         net (fo=1, routed)           0.000     8.876    u_preprocessor/p_0_out__10/DSP_M_DATA.U_DATA<14>
    DSP48E2_X3Y36        DSP_ALU (Prop_DSP_ALU_DSP48E2_U_DATA[14]_ALU_OUT[14])
                                                      0.699     9.575 r  u_preprocessor/p_0_out__10/DSP_ALU_INST/ALU_OUT[14]
                         net (fo=1, routed)           0.000     9.575    u_preprocessor/p_0_out__10/DSP_ALU.ALU_OUT<14>
    DSP48E2_X3Y36        DSP_OUTPUT (Prop_DSP_OUTPUT_DSP48E2_ALU_OUT[14]_P[14])
                                                      0.141     9.716 f  u_preprocessor/p_0_out__10/DSP_OUTPUT_INST/P[14]
                         net (fo=1, routed)           0.389    10.105    u_preprocessor/p_0_out__11/A[14]
    DSP48E2_X3Y37        DSP_A_B_DATA (Prop_DSP_A_B_DATA_DSP48E2_A[14]_A2_DATA[14])
                                                      0.241    10.346 r  u_preprocessor/p_0_out__11/DSP_A_B_DATA_INST/A2_DATA[14]
                         net (fo=1, routed)           0.000    10.346    u_preprocessor/p_0_out__11/DSP_A_B_DATA.A2_DATA<14>
    DSP48E2_X3Y37        DSP_PREADD_DATA (Prop_DSP_PREADD_DATA_DSP48E2_A2_DATA[14]_A2A1[14])
                                                      0.098    10.444 r  u_preprocessor/p_0_out__11/DSP_PREADD_DATA_INST/A2A1[14]
                         net (fo=1, routed)           0.000    10.444    u_preprocessor/p_0_out__11/DSP_PREADD_DATA.A2A1<14>
    DSP48E2_X3Y37        DSP_MULTIPLIER (Prop_DSP_MULTIPLIER_DSP48E2_A2A1[14]_U[24])
                                                      0.647    11.091 f  u_preprocessor/p_0_out__11/DSP_MULTIPLIER_INST/U[24]
                         net (fo=1, routed)           0.000    11.091    u_preprocessor/p_0_out__11/DSP_MULTIPLIER.U<24>
    DSP48E2_X3Y37        DSP_M_DATA (Prop_DSP_M_DATA_DSP48E2_U[24]_U_DATA[24])
                                                      0.059    11.150 r  u_preprocessor/p_0_out__11/DSP_M_DATA_INST/U_DATA[24]
                         net (fo=1, routed)           0.000    11.150    u_preprocessor/p_0_out__11/DSP_M_DATA.U_DATA<24>
    DSP48E2_X3Y37        DSP_ALU (Prop_DSP_ALU_DSP48E2_U_DATA[24]_ALU_OUT[24])
                                                      0.699    11.849 f  u_preprocessor/p_0_out__11/DSP_ALU_INST/ALU_OUT[24]
                         net (fo=1, routed)           0.000    11.849    u_preprocessor/p_0_out__11/DSP_ALU.ALU_OUT<24>
    DSP48E2_X3Y37        DSP_OUTPUT (Prop_DSP_OUTPUT_DSP48E2_ALU_OUT[24]_P[24])
                                                      0.141    11.990 r  u_preprocessor/p_0_out__11/DSP_OUTPUT_INST/P[24]
                         net (fo=1, routed)           0.259    12.249    u_preprocessor/grav_z[4]
    SLICE_X40Y93         FDRE                                         r  u_preprocessor/pred_data_out_reg[pred_accel_z_1][4]/D
  -------------------------------------------------------------------    -------------------

                         (clock s_axi_aclk rise edge)
                                                     11.111    11.111 r  
    D7                                                0.000    11.111 r  S_AXI_ACLK (IN)
                         net (fo=0)                   0.000    11.111    S_AXI_ACLK_IBUF_inst/I
    D7                   INBUF (Prop_INBUF_HPIOB_M_PAD_O)
                                                      0.268    11.379 r  S_AXI_ACLK_IBUF_inst/INBUF_INST/O
                         net (fo=1, routed)           0.000    11.379    S_AXI_ACLK_IBUF_inst/OUT
    D7                   IBUFCTRL (Prop_IBUFCTRL_HPIOB_M_I_O)
                                                      0.000    11.379 r  S_AXI_ACLK_IBUF_inst/IBUFCTRL_INST/O
                         net (fo=1, routed)           0.290    11.669    S_AXI_ACLK_IBUF
    BUFGCE_X0Y67         BUFGCE (Prop_BUFCE_BUFGCE_I_O)
                                                      0.024    11.693 r  S_AXI_ACLK_IBUF_BUFG_inst/O
    X1Y2 (CLOCK_ROOT)    net (fo=5789, routed)        1.119    12.812    u_preprocessor/S_AXI_ACLK_IBUF_BUFG
    SLICE_X40Y93         FDRE                                         r  u_preprocessor/pred_data_out_reg[pred_accel_z_1][4]/C
                         clock pessimism              0.381    13.194    
                         clock uncertainty           -0.035    13.158    
    SLICE_X40Y93         FDRE (Setup_BFF2_SLICEM_C_D)
                                                      0.027    13.185    u_preprocessor/pred_data_out_reg[pred_accel_z_1][4]
  -------------------------------------------------------------------
                         required time                         13.185    
                         arrival time                         -12.249    
  -------------------------------------------------------------------
                         slack                                  0.937    

Slack (MET) :             0.937ns  (required time - arrival time)
  Source:                 u_axi_slave/slv_reg3_reg[5]/C
                            (rising edge-triggered cell FDRE clocked by s_axi_aclk  {rise@0.000ns fall@5.556ns period=11.111ns})
  Destination:            u_preprocessor/pred_data_out_reg[pred_accel_y_1][1]/D
                            (rising edge-triggered cell FDRE clocked by s_axi_aclk  {rise@0.000ns fall@5.556ns period=11.111ns})
  Path Group:             s_axi_aclk
  Path Type:              Setup (Max at Slow Process Corner)
  Requirement:            11.111ns  (s_axi_aclk rise@11.111ns - s_axi_aclk rise@0.000ns)
  Data Path Delay:        10.091ns  (logic 7.002ns (69.388%)  route 3.089ns (30.612%))
  Logic Levels:           31  (CARRY8=2 DSP_A_B_DATA=3 DSP_ALU=3 DSP_M_DATA=3 DSP_MULTIPLIER=3 DSP_OUTPUT=3 DSP_PREADD_DATA=3 LUT2=1 LUT3=1 LUT5=2 LUT6=7)
  Clock Path Skew:        -0.075ns (DCD - SCD + CPR)
    Destination Clock Delay (DCD):    1.759ns = ( 12.870 - 11.111 ) 
    Source Clock Delay      (SCD):    2.215ns
    Clock Pessimism Removal (CPR):    0.381ns
  Clock Uncertainty:      0.035ns  ((TSJ^2 + TIJ^2)^1/2 + DJ) / 2 + PE
    Total System Jitter     (TSJ):    0.071ns
    Total Input Jitter      (TIJ):    0.000ns
    Discrete Jitter          (DJ):    0.000ns
    Phase Error              (PE):    0.000ns
  Clock Net Delay (Source):      1.323ns (routing 0.185ns, distribution 1.138ns)
  Clock Net Delay (Destination): 1.177ns (routing 0.170ns, distribution 1.007ns)

    Location             Delay type                Incr(ns)  Path(ns)    Netlist Resource(s)
  -------------------------------------------------------------------    -------------------
                         (clock s_axi_aclk rise edge)
                                                      0.000     0.000 r  
    D7                                                0.000     0.000 r  S_AXI_ACLK (IN)
                         net (fo=0)                   0.000     0.000    S_AXI_ACLK_IBUF_inst/I
    D7                   INBUF (Prop_INBUF_HPIOB_M_PAD_O)
                                                      0.535     0.535 r  S_AXI_ACLK_IBUF_inst/INBUF_INST/O
                         net (fo=1, routed)           0.000     0.535    S_AXI_ACLK_IBUF_inst/OUT
    D7                   IBUFCTRL (Prop_IBUFCTRL_HPIOB_M_I_O)
                                                      0.000     0.535 r  S_AXI_ACLK_IBUF_inst/IBUFCTRL_INST/O
                         net (fo=1, routed)           0.329     0.864    S_AXI_ACLK_IBUF
    BUFGCE_X0Y67         BUFGCE (Prop_BUFCE_BUFGCE_I_O)
                                                      0.028     0.892 r  S_AXI_ACLK_IBUF_BUFG_inst/O
    X1Y2 (CLOCK_ROOT)    net (fo=5789, routed)        1.323     2.215    u_axi_slave/S_AXI_ACLK_IBUF_BUFG
    SLICE_X43Y86         FDRE                                         r  u_axi_slave/slv_reg3_reg[5]/C
  -------------------------------------------------------------------    -------------------
    SLICE_X43Y86         FDRE (Prop_CFF_SLICEM_C_Q)
                                                      0.095     2.310 f  u_axi_slave/slv_reg3_reg[5]/Q
                         net (fo=9, routed)           0.096     2.406    u_axi_slave/sim_data_out[incline_x][5]
    SLICE_X43Y86         LUT6 (Prop_F6LUT_SLICEM_I0_O)
                                                      0.177     2.583 f  u_axi_slave/g0_b0__3_i_6/O
                         net (fo=8, routed)           0.107     2.690    u_axi_slave/g0_b0__3_i_6_n_0
    SLICE_X44Y86         LUT6 (Prop_F6LUT_SLICEL_I3_O)
                                                      0.062     2.752 f  u_axi_slave/g0_b0__3_i_10/O
                         net (fo=2, routed)           0.101     2.853    u_axi_slave/g0_b0__3_i_10_n_0
    SLICE_X44Y87         LUT6 (Prop_G6LUT_SLICEL_I3_O)
                                                      0.038     2.891 r  u_axi_slave/consistency_cnt[0]_i_31__9/O
                         net (fo=3, routed)           0.122     3.012    u_axi_slave/consistency_cnt[0]_i_31__9_n_0
    SLICE_X43Y87         LUT6 (Prop_D6LUT_SLICEM_I0_O)
                                                      0.174     3.186 r  u_axi_slave/g0_b0__3_i_7/O
                         net (fo=12, routed)          0.225     3.411    u_axi_slave/g0_b0__3_i_7_n_0
    SLICE_X40Y88         LUT2 (Prop_E6LUT_SLICEM_I1_O)
                                                      0.039     3.450 r  u_axi_slave/g0_b0__3_i_3/O
                         net (fo=87, routed)          0.204     3.654    u_axi_slave/g0_b0__3_i_3_n_0
    SLICE_X42Y87         LUT5 (Prop_B6LUT_SLICEM_I2_O)
                                                      0.100     3.754 r  u_axi_slave/g0_b4__3/O
                         net (fo=8, routed)           0.188     3.942    u_axi_slave/g0_b4__3_n_0
    SLICE_X42Y90         LUT6 (Prop_E6LUT_SLICEM_I5_O)
                                                      0.148     4.090 r  u_axi_slave/g0_b4__4__0/O
                         net (fo=1, routed)           0.015     4.105    u_axi_slave/g0_b4__4__0_n_0
    SLICE_X42Y90         CARRY8 (Prop_CARRY8_SLICEM_S[4]_CO[7])
                                                      0.198     4.303 r  u_axi_slave/p_0_out__3_i_9/CO[7]
                         net (fo=1, routed)           0.028     4.331    u_axi_slave/p_0_out__3_i_9_n_0
    SLICE_X42Y91         CARRY8 (Prop_CARRY8_SLICEM_CI_O[0])
                                                      0.072     4.403 f  u_axi_slave/p_0_out__3_i_8/O[0]
                         net (fo=1, routed)           0.340     4.743    u_preprocessor/p_0_out__3/A[8]
    DSP48E2_X4Y36        DSP_A_B_DATA (Prop_DSP_A_B_DATA_DSP48E2_A[8]_A2_DATA[8])
                                                      0.241     4.984 r  u_preprocessor/p_0_out__3/DSP_A_B_DATA_INST/A2_DATA[8]
                         net (fo=1, routed)           0.000     4.984    u_preprocessor/p_0_out__3/DSP_A_B_DATA.A2_DATA<8>
    DSP48E2_X4Y36        DSP_PREADD_DATA (Prop_DSP_PREADD_DATA_DSP48E2_A2_DATA[8]_A2A1[8])
                                                      0.098     5.082 r  u_preprocessor/p_0_out__3/DSP_PREADD_DATA_INST/A2A1[8]
                         net (fo=1, routed)           0.000     5.082    u_preprocessor/p_0_out__3/DSP_PREADD_DATA.A2A1<8>
    DSP48E2_X4Y36        DSP_MULTIPLIER (Prop_DSP_MULTIPLIER_DSP48E2_A2A1[8]_V[8])
                                                      0.648     5.730 f  u_preprocessor/p_0_out__3/DSP_MULTIPLIER_INST/V[8]
                         net (fo=1, routed)           0.000     5.730    u_preprocessor/p_0_out__3/DSP_MULTIPLIER.V<8>
    DSP48E2_X4Y36        DSP_M_DATA (Prop_DSP_M_DATA_DSP48E2_V[8]_V_DATA[8])
                                                      0.057     5.787 r  u_preprocessor/p_0_out__3/DSP_M_DATA_INST/V_DATA[8]
                         net (fo=1, routed)           0.000     5.787    u_preprocessor/p_0_out__3/DSP_M_DATA.V_DATA<8>
    DSP48E2_X4Y36        DSP_ALU (Prop_DSP_ALU_DSP48E2_V_DATA[8]_ALU_OUT[8])
                                                      0.688     6.475 f  u_preprocessor/p_0_out__3/DSP_ALU_INST/ALU_OUT[8]
                         net (fo=1, routed)           0.000     6.475    u_preprocessor/p_0_out__3/DSP_ALU.ALU_OUT<8>
    DSP48E2_X4Y36        DSP_OUTPUT (Prop_DSP_OUTPUT_DSP48E2_ALU_OUT[8]_P[8])
                                                      0.141     6.616 r  u_preprocessor/p_0_out__3/DSP_OUTPUT_INST/P[8]
                         net (fo=5, routed)           0.268     6.885    u_axi_slave/p_0_out__4_i_8_0[1]
    SLICE_X44Y93         LUT6 (Prop_B6LUT_SLICEL_I3_O)
                                                      0.115     7.000 r  u_axi_slave/p_0_out__4_i_22/O
                         net (fo=8, routed)           0.124     7.123    u_axi_slave/p_0_out__4_i_22_n_0
    SLICE_X43Y93         LUT6 (Prop_E6LUT_SLICEM_I1_O)
                                                      0.039     7.162 r  u_axi_slave/p_0_out__4_i_17/O
                         net (fo=5, routed)           0.197     7.359    u_axi_slave/p_0_out__4_i_17_n_0
    SLICE_X43Y94         LUT5 (Prop_F6LUT_SLICEM_I2_O)
                                                      0.038     7.397 r  u_axi_slave/p_0_out__4_i_13/O
                         net (fo=1, routed)           0.203     7.600    u_axi_slave/p_0_out__4_i_13_n_0
    SLICE_X44Y96         LUT3 (Prop_E6LUT_SLICEL_I2_O)
                                                      0.064     7.664 f  u_axi_slave/p_0_out__4_i_2/O
                         net (fo=1, routed)           0.133     7.797    u_preprocessor/p_0_out__4/A[10]
    DSP48E2_X4Y38        DSP_A_B_DATA (Prop_DSP_A_B_DATA_DSP48E2_A[10]_A2_DATA[10])
                                                      0.241     8.038 r  u_preprocessor/p_0_out__4/DSP_A_B_DATA_INST/A2_DATA[10]
                         net (fo=1, routed)           0.000     8.038    u_preprocessor/p_0_out__4/DSP_A_B_DATA.A2_DATA<10>
    DSP48E2_X4Y38        DSP_PREADD_DATA (Prop_DSP_PREADD_DATA_DSP48E2_A2_DATA[10]_A2A1[10])
                                                      0.098     8.136 r  u_preprocessor/p_0_out__4/DSP_PREADD_DATA_INST/A2A1[10]
                         net (fo=1, routed)           0.000     8.136    u_preprocessor/p_0_out__4/DSP_PREADD_DATA.A2A1<10>
    DSP48E2_X4Y38        DSP_MULTIPLIER (Prop_DSP_MULTIPLIER_DSP48E2_A2A1[10]_U[12])
                                                      0.647     8.783 f  u_preprocessor/p_0_out__4/DSP_MULTIPLIER_INST/U[12]
                         net (fo=1, routed)           0.000     8.783    u_preprocessor/p_0_out__4/DSP_MULTIPLIER.U<12>
    DSP48E2_X4Y38        DSP_M_DATA (Prop_DSP_M_DATA_DSP48E2_U[12]_U_DATA[12])
                                                      0.059     8.842 r  u_preprocessor/p_0_out__4/DSP_M_DATA_INST/U_DATA[12]
                         net (fo=1, routed)           0.000     8.842    u_preprocessor/p_0_out__4/DSP_M_DATA.U_DATA<12>
    DSP48E2_X4Y38        DSP_ALU (Prop_DSP_ALU_DSP48E2_U_DATA[12]_ALU_OUT[12])
                                                      0.699     9.541 r  u_preprocessor/p_0_out__4/DSP_ALU_INST/ALU_OUT[12]
                         net (fo=1, routed)           0.000     9.541    u_preprocessor/p_0_out__4/DSP_ALU.ALU_OUT<12>
    DSP48E2_X4Y38        DSP_OUTPUT (Prop_DSP_OUTPUT_DSP48E2_ALU_OUT[12]_P[12])
                                                      0.141     9.682 f  u_preprocessor/p_0_out__4/DSP_OUTPUT_INST/P[12]
                         net (fo=1, routed)           0.391    10.073    u_preprocessor/p_0_out__6/A[12]
    DSP48E2_X4Y39        DSP_A_B_DATA (Prop_DSP_A_B_DATA_DSP48E2_A[12]_A2_DATA[12])
                                                      0.241    10.314 r  u_preprocessor/p_0_out__6/DSP_A_B_DATA_INST/A2_DATA[12]
                         net (fo=1, routed)           0.000    10.314    u_preprocessor/p_0_out__6/DSP_A_B_DATA.A2_DATA<12>
    DSP48E2_X4Y39        DSP_PREADD_DATA (Prop_DSP_PREADD_DATA_DSP48E2_A2_DATA[12]_A2A1[12])
                                                      0.098    10.412 r  u_preprocessor/p_0_out__6/DSP_PREADD_DATA_INST/A2A1[12]
                         net (fo=1, routed)           0.000    10.412    u_preprocessor/p_0_out__6/DSP_PREADD_DATA.A2A1<12>
    DSP48E2_X4Y39        DSP_MULTIPLIER (Prop_DSP_MULTIPLIER_DSP48E2_A2A1[12]_U[21])
                                                      0.647    11.059 f  u_preprocessor/p_0_out__6/DSP_MULTIPLIER_INST/U[21]
                         net (fo=1, routed)           0.000    11.059    u_preprocessor/p_0_out__6/DSP_MULTIPLIER.U<21>
    DSP48E2_X4Y39        DSP_M_DATA (Prop_DSP_M_DATA_DSP48E2_U[21]_U_DATA[21])
                                                      0.059    11.118 r  u_preprocessor/p_0_out__6/DSP_M_DATA_INST/U_DATA[21]
                         net (fo=1, routed)           0.000    11.118    u_preprocessor/p_0_out__6/DSP_M_DATA.U_DATA<21>
    DSP48E2_X4Y39        DSP_ALU (Prop_DSP_ALU_DSP48E2_U_DATA[21]_ALU_OUT[21])
                                                      0.699    11.817 f  u_preprocessor/p_0_out__6/DSP_ALU_INST/ALU_OUT[21]
                         net (fo=1, routed)           0.000    11.817    u_preprocessor/p_0_out__6/DSP_ALU.ALU_OUT<21>
    DSP48E2_X4Y39        DSP_OUTPUT (Prop_DSP_OUTPUT_DSP48E2_ALU_OUT[21]_P[21])
                                                      0.141    11.958 r  u_preprocessor/p_0_out__6/DSP_OUTPUT_INST/P[21]
                         net (fo=1, routed)           0.348    12.306    u_preprocessor/grav_y[1]
    SLICE_X42Y97         FDRE                                         r  u_preprocessor/pred_data_out_reg[pred_accel_y_1][1]/D
  -------------------------------------------------------------------    -------------------

                         (clock s_axi_aclk rise edge)
                                                     11.111    11.111 r  
    D7                                                0.000    11.111 r  S_AXI_ACLK (IN)
                         net (fo=0)                   0.000    11.111    S_AXI_ACLK_IBUF_inst/I
    D7                   INBUF (Prop_INBUF_HPIOB_M_PAD_O)
                                                      0.268    11.379 r  S_AXI_ACLK_IBUF_inst/INBUF_INST/O
                         net (fo=1, routed)           0.000    11.379    S_AXI_ACLK_IBUF_inst/OUT
    D7                   IBUFCTRL (Prop_IBUFCTRL_HPIOB_M_I_O)
                                                      0.000    11.379 r  S_AXI_ACLK_IBUF_inst/IBUFCTRL_INST/O
                         net (fo=1, routed)           0.290    11.669    S_AXI_ACLK_IBUF
    BUFGCE_X0Y67         BUFGCE (Prop_BUFCE_BUFGCE_I_O)
                                                      0.024    11.693 r  S_AXI_ACLK_IBUF_BUFG_inst/O
    X1Y2 (CLOCK_ROOT)    net (fo=5789, routed)        1.177    12.870    u_preprocessor/S_AXI_ACLK_IBUF_BUFG
    SLICE_X42Y97         FDRE                                         r  u_preprocessor/pred_data_out_reg[pred_accel_y_1][1]/C
                         clock pessimism              0.381    13.252    
                         clock uncertainty           -0.035    13.216    
    SLICE_X42Y97         FDRE (Setup_FFF_SLICEM_C_D)
                                                      0.027    13.243    u_preprocessor/pred_data_out_reg[pred_accel_y_1][1]
  -------------------------------------------------------------------
                         required time                         13.243    
                         arrival time                         -12.306    
  -------------------------------------------------------------------
                         slack                                  0.937    

Slack (MET) :             0.937ns  (required time - arrival time)
  Source:                 u_axi_slave/slv_reg3_reg[5]/C
                            (rising edge-triggered cell FDRE clocked by s_axi_aclk  {rise@0.000ns fall@5.556ns period=11.111ns})
  Destination:            u_preprocessor/pred_data_out_reg[pred_accel_y_1][8]/D
                            (rising edge-triggered cell FDRE clocked by s_axi_aclk  {rise@0.000ns fall@5.556ns period=11.111ns})
  Path Group:             s_axi_aclk
  Path Type:              Setup (Max at Slow Process Corner)
  Requirement:            11.111ns  (s_axi_aclk rise@11.111ns - s_axi_aclk rise@0.000ns)
  Data Path Delay:        10.165ns  (logic 7.136ns (70.199%)  route 3.029ns (29.801%))
  Logic Levels:           33  (CARRY8=3 DSP_A_B_DATA=3 DSP_ALU=3 DSP_M_DATA=3 DSP_MULTIPLIER=3 DSP_OUTPUT=3 DSP_PREADD_DATA=3 LUT2=2 LUT3=1 LUT5=2 LUT6=7)
  Clock Path Skew:        0.000ns (DCD - SCD + CPR)
    Destination Clock Delay (DCD):    1.834ns = ( 12.945 - 11.111 ) 
    Source Clock Delay      (SCD):    2.215ns
    Clock Pessimism Removal (CPR):    0.381ns
  Clock Uncertainty:      0.035ns  ((TSJ^2 + TIJ^2)^1/2 + DJ) / 2 + PE
    Total System Jitter     (TSJ):    0.071ns
    Total Input Jitter      (TIJ):    0.000ns
    Discrete Jitter          (DJ):    0.000ns
    Phase Error              (PE):    0.000ns
  Clock Net Delay (Source):      1.323ns (routing 0.185ns, distribution 1.138ns)
  Clock Net Delay (Destination): 1.252ns (routing 0.170ns, distribution 1.082ns)

    Location             Delay type                Incr(ns)  Path(ns)    Netlist Resource(s)
  -------------------------------------------------------------------    -------------------
                         (clock s_axi_aclk rise edge)
                                                      0.000     0.000 r  
    D7                                                0.000     0.000 r  S_AXI_ACLK (IN)
                         net (fo=0)                   0.000     0.000    S_AXI_ACLK_IBUF_inst/I
    D7                   INBUF (Prop_INBUF_HPIOB_M_PAD_O)
                                                      0.535     0.535 r  S_AXI_ACLK_IBUF_inst/INBUF_INST/O
                         net (fo=1, routed)           0.000     0.535    S_AXI_ACLK_IBUF_inst/OUT
    D7                   IBUFCTRL (Prop_IBUFCTRL_HPIOB_M_I_O)
                                                      0.000     0.535 r  S_AXI_ACLK_IBUF_inst/IBUFCTRL_INST/O
                         net (fo=1, routed)           0.329     0.864    S_AXI_ACLK_IBUF
    BUFGCE_X0Y67         BUFGCE (Prop_BUFCE_BUFGCE_I_O)
                                                      0.028     0.892 r  S_AXI_ACLK_IBUF_BUFG_inst/O
    X1Y2 (CLOCK_ROOT)    net (fo=5789, routed)        1.323     2.215    u_axi_slave/S_AXI_ACLK_IBUF_BUFG
    SLICE_X43Y86         FDRE                                         r  u_axi_slave/slv_reg3_reg[5]/C
  -------------------------------------------------------------------    -------------------
    SLICE_X43Y86         FDRE (Prop_CFF_SLICEM_C_Q)
                                                      0.095     2.310 f  u_axi_slave/slv_reg3_reg[5]/Q
                         net (fo=9, routed)           0.096     2.406    u_axi_slave/sim_data_out[incline_x][5]
    SLICE_X43Y86         LUT6 (Prop_F6LUT_SLICEM_I0_O)
                                                      0.177     2.583 f  u_axi_slave/g0_b0__3_i_6/O
                         net (fo=8, routed)           0.107     2.690    u_axi_slave/g0_b0__3_i_6_n_0
    SLICE_X44Y86         LUT6 (Prop_F6LUT_SLICEL_I3_O)
                                                      0.062     2.752 f  u_axi_slave/g0_b0__3_i_10/O
                         net (fo=2, routed)           0.101     2.853    u_axi_slave/g0_b0__3_i_10_n_0
    SLICE_X44Y87         LUT6 (Prop_G6LUT_SLICEL_I3_O)
                                                      0.038     2.891 r  u_axi_slave/consistency_cnt[0]_i_31__9/O
                         net (fo=3, routed)           0.122     3.012    u_axi_slave/consistency_cnt[0]_i_31__9_n_0
    SLICE_X43Y87         LUT6 (Prop_D6LUT_SLICEM_I0_O)
                                                      0.174     3.186 r  u_axi_slave/g0_b0__3_i_7/O
                         net (fo=12, routed)          0.225     3.411    u_axi_slave/g0_b0__3_i_7_n_0
    SLICE_X40Y88         LUT2 (Prop_E6LUT_SLICEM_I1_O)
                                                      0.039     3.450 r  u_axi_slave/g0_b0__3_i_3/O
                         net (fo=87, routed)          0.204     3.654    u_axi_slave/g0_b0__3_i_3_n_0
    SLICE_X42Y87         LUT5 (Prop_B6LUT_SLICEM_I2_O)
                                                      0.100     3.754 r  u_axi_slave/g0_b4__3/O
                         net (fo=8, routed)           0.188     3.942    u_axi_slave/g0_b4__3_n_0
    SLICE_X42Y90         LUT6 (Prop_E6LUT_SLICEM_I5_O)
                                                      0.148     4.090 r  u_axi_slave/g0_b4__4__0/O
                         net (fo=1, routed)           0.015     4.105    u_axi_slave/g0_b4__4__0_n_0
    SLICE_X42Y90         CARRY8 (Prop_CARRY8_SLICEM_S[4]_CO[7])
                                                      0.198     4.303 r  u_axi_slave/p_0_out__3_i_9/CO[7]
                         net (fo=1, routed)           0.028     4.331    u_axi_slave/p_0_out__3_i_9_n_0
    SLICE_X42Y91         CARRY8 (Prop_CARRY8_SLICEM_CI_O[0])
                                                      0.072     4.403 f  u_axi_slave/p_0_out__3_i_8/O[0]
                         net (fo=1, routed)           0.340     4.743    u_preprocessor/p_0_out__3/A[8]
    DSP48E2_X4Y36        DSP_A_B_DATA (Prop_DSP_A_B_DATA_DSP48E2_A[8]_A2_DATA[8])
                                                      0.241     4.984 r  u_preprocessor/p_0_out__3/DSP_A_B_DATA_INST/A2_DATA[8]
                         net (fo=1, routed)           0.000     4.984    u_preprocessor/p_0_out__3/DSP_A_B_DATA.A2_DATA<8>
    DSP48E2_X4Y36        DSP_PREADD_DATA (Prop_DSP_PREADD_DATA_DSP48E2_A2_DATA[8]_A2A1[8])
                                                      0.098     5.082 r  u_preprocessor/p_0_out__3/DSP_PREADD_DATA_INST/A2A1[8]
                         net (fo=1, routed)           0.000     5.082    u_preprocessor/p_0_out__3/DSP_PREADD_DATA.A2A1<8>
    DSP48E2_X4Y36        DSP_MULTIPLIER (Prop_DSP_MULTIPLIER_DSP48E2_A2A1[8]_V[8])
                                                      0.648     5.730 f  u_preprocessor/p_0_out__3/DSP_MULTIPLIER_INST/V[8]
                         net (fo=1, routed)           0.000     5.730    u_preprocessor/p_0_out__3/DSP_MULTIPLIER.V<8>
    DSP48E2_X4Y36        DSP_M_DATA (Prop_DSP_M_DATA_DSP48E2_V[8]_V_DATA[8])
                                                      0.057     5.787 r  u_preprocessor/p_0_out__3/DSP_M_DATA_INST/V_DATA[8]
                         net (fo=1, routed)           0.000     5.787    u_preprocessor/p_0_out__3/DSP_M_DATA.V_DATA<8>
    DSP48E2_X4Y36        DSP_ALU (Prop_DSP_ALU_DSP48E2_V_DATA[8]_ALU_OUT[8])
                                                      0.688     6.475 f  u_preprocessor/p_0_out__3/DSP_ALU_INST/ALU_OUT[8]
                         net (fo=1, routed)           0.000     6.475    u_preprocessor/p_0_out__3/DSP_ALU.ALU_OUT<8>
    DSP48E2_X4Y36        DSP_OUTPUT (Prop_DSP_OUTPUT_DSP48E2_ALU_OUT[8]_P[8])
                                                      0.141     6.616 r  u_preprocessor/p_0_out__3/DSP_OUTPUT_INST/P[8]
                         net (fo=5, routed)           0.268     6.885    u_axi_slave/p_0_out__4_i_8_0[1]
    SLICE_X44Y93         LUT6 (Prop_B6LUT_SLICEL_I3_O)
                                                      0.115     7.000 r  u_axi_slave/p_0_out__4_i_22/O
                         net (fo=8, routed)           0.124     7.123    u_axi_slave/p_0_out__4_i_22_n_0
    SLICE_X43Y93         LUT6 (Prop_E6LUT_SLICEM_I1_O)
                                                      0.039     7.162 r  u_axi_slave/p_0_out__4_i_17/O
                         net (fo=5, routed)           0.197     7.359    u_axi_slave/p_0_out__4_i_17_n_0
    SLICE_X43Y94         LUT5 (Prop_F6LUT_SLICEM_I2_O)
                                                      0.038     7.397 r  u_axi_slave/p_0_out__4_i_13/O
                         net (fo=1, routed)           0.203     7.600    u_axi_slave/p_0_out__4_i_13_n_0
    SLICE_X44Y96         LUT3 (Prop_E6LUT_SLICEL_I2_O)
                                                      0.064     7.664 f  u_axi_slave/p_0_out__4_i_2/O
                         net (fo=1, routed)           0.133     7.797    u_preprocessor/p_0_out__4/A[10]
    DSP48E2_X4Y38        DSP_A_B_DATA (Prop_DSP_A_B_DATA_DSP48E2_A[10]_A2_DATA[10])
                                                      0.241     8.038 r  u_preprocessor/p_0_out__4/DSP_A_B_DATA_INST/A2_DATA[10]
                         net (fo=1, routed)           0.000     8.038    u_preprocessor/p_0_out__4/DSP_A_B_DATA.A2_DATA<10>
    DSP48E2_X4Y38        DSP_PREADD_DATA (Prop_DSP_PREADD_DATA_DSP48E2_A2_DATA[10]_A2A1[10])
                                                      0.098     8.136 r  u_preprocessor/p_0_out__4/DSP_PREADD_DATA_INST/A2A1[10]
                         net (fo=1, routed)           0.000     8.136    u_preprocessor/p_0_out__4/DSP_PREADD_DATA.A2A1<10>
    DSP48E2_X4Y38        DSP_MULTIPLIER (Prop_DSP_MULTIPLIER_DSP48E2_A2A1[10]_U[12])
                                                      0.647     8.783 f  u_preprocessor/p_0_out__4/DSP_MULTIPLIER_INST/U[12]
                         net (fo=1, routed)           0.000     8.783    u_preprocessor/p_0_out__4/DSP_MULTIPLIER.U<12>
    DSP48E2_X4Y38        DSP_M_DATA (Prop_DSP_M_DATA_DSP48E2_U[12]_U_DATA[12])
                                                      0.059     8.842 r  u_preprocessor/p_0_out__4/DSP_M_DATA_INST/U_DATA[12]
                         net (fo=1, routed)           0.000     8.842    u_preprocessor/p_0_out__4/DSP_M_DATA.U_DATA<12>
    DSP48E2_X4Y38        DSP_ALU (Prop_DSP_ALU_DSP48E2_U_DATA[12]_ALU_OUT[12])
                                                      0.699     9.541 r  u_preprocessor/p_0_out__4/DSP_ALU_INST/ALU_OUT[12]
                         net (fo=1, routed)           0.000     9.541    u_preprocessor/p_0_out__4/DSP_ALU.ALU_OUT<12>
    DSP48E2_X4Y38        DSP_OUTPUT (Prop_DSP_OUTPUT_DSP48E2_ALU_OUT[12]_P[12])
                                                      0.141     9.682 f  u_preprocessor/p_0_out__4/DSP_OUTPUT_INST/P[12]
                         net (fo=1, routed)           0.391    10.073    u_preprocessor/p_0_out__6/A[12]
    DSP48E2_X4Y39        DSP_A_B_DATA (Prop_DSP_A_B_DATA_DSP48E2_A[12]_A2_DATA[12])
                                                      0.241    10.314 r  u_preprocessor/p_0_out__6/DSP_A_B_DATA_INST/A2_DATA[12]
                         net (fo=1, routed)           0.000    10.314    u_preprocessor/p_0_out__6/DSP_A_B_DATA.A2_DATA<12>
    DSP48E2_X4Y39        DSP_PREADD_DATA (Prop_DSP_PREADD_DATA_DSP48E2_A2_DATA[12]_A2A1[12])
                                                      0.098    10.412 r  u_preprocessor/p_0_out__6/DSP_PREADD_DATA_INST/A2A1[12]
                         net (fo=1, routed)           0.000    10.412    u_preprocessor/p_0_out__6/DSP_PREADD_DATA.A2A1<12>
    DSP48E2_X4Y39        DSP_MULTIPLIER (Prop_DSP_MULTIPLIER_DSP48E2_A2A1[12]_U[28])
                                                      0.647    11.059 f  u_preprocessor/p_0_out__6/DSP_MULTIPLIER_INST/U[28]
                         net (fo=1, routed)           0.000    11.059    u_preprocessor/p_0_out__6/DSP_MULTIPLIER.U<28>
    DSP48E2_X4Y39        DSP_M_DATA (Prop_DSP_M_DATA_DSP48E2_U[28]_U_DATA[28])
                                                      0.059    11.118 r  u_preprocessor/p_0_out__6/DSP_M_DATA_INST/U_DATA[28]
                         net (fo=1, routed)           0.000    11.118    u_preprocessor/p_0_out__6/DSP_M_DATA.U_DATA<28>
    DSP48E2_X4Y39        DSP_ALU (Prop_DSP_ALU_DSP48E2_U_DATA[28]_ALU_OUT[28])
                                                      0.699    11.817 f  u_preprocessor/p_0_out__6/DSP_ALU_INST/ALU_OUT[28]
                         net (fo=1, routed)           0.000    11.817    u_preprocessor/p_0_out__6/DSP_ALU.ALU_OUT<28>
    DSP48E2_X4Y39        DSP_OUTPUT (Prop_DSP_OUTPUT_DSP48E2_ALU_OUT[28]_P[28])
                                                      0.141    11.958 r  u_preprocessor/p_0_out__6/DSP_OUTPUT_INST/P[28]
                         net (fo=2, routed)           0.239    12.198    u_preprocessor/grav_y[8]
    SLICE_X42Y98         LUT2 (Prop_B6LUT_SLICEM_I1_O)
                                                      0.063    12.261 r  u_preprocessor/pred_data_out[pred_accel_y_1][11]_i_7/O
                         net (fo=1, routed)           0.018    12.279    u_preprocessor/pred_data_out[pred_accel_y_1][11]_i_7_n_0
    SLICE_X42Y98         CARRY8 (Prop_CARRY8_SLICEM_S[1]_O[1])
                                                      0.071    12.350 r  u_preprocessor/pred_data_out_reg[pred_accel_y_1][11]_i_1/O[1]
                         net (fo=1, routed)           0.031    12.381    u_preprocessor/pred_data_out_reg[pred_accel_y_1][11]_i_1_n_14
    SLICE_X42Y98         FDRE                                         r  u_preprocessor/pred_data_out_reg[pred_accel_y_1][8]/D
  -------------------------------------------------------------------    -------------------

                         (clock s_axi_aclk rise edge)
                                                     11.111    11.111 r  
    D7                                                0.000    11.111 r  S_AXI_ACLK (IN)
                         net (fo=0)                   0.000    11.111    S_AXI_ACLK_IBUF_inst/I
    D7                   INBUF (Prop_INBUF_HPIOB_M_PAD_O)
                                                      0.268    11.379 r  S_AXI_ACLK_IBUF_inst/INBUF_INST/O
                         net (fo=1, routed)           0.000    11.379    S_AXI_ACLK_IBUF_inst/OUT
    D7                   IBUFCTRL (Prop_IBUFCTRL_HPIOB_M_I_O)
                                                      0.000    11.379 r  S_AXI_ACLK_IBUF_inst/IBUFCTRL_INST/O
                         net (fo=1, routed)           0.290    11.669    S_AXI_ACLK_IBUF
    BUFGCE_X0Y67         BUFGCE (Prop_BUFCE_BUFGCE_I_O)
                                                      0.024    11.693 r  S_AXI_ACLK_IBUF_BUFG_inst/O
    X1Y2 (CLOCK_ROOT)    net (fo=5789, routed)        1.252    12.945    u_preprocessor/S_AXI_ACLK_IBUF_BUFG
    SLICE_X42Y98         FDRE                                         r  u_preprocessor/pred_data_out_reg[pred_accel_y_1][8]/C
                         clock pessimism              0.381    13.326    
                         clock uncertainty           -0.035    13.291    
    SLICE_X42Y98         FDRE (Setup_BFF_SLICEM_C_D)
                                                      0.027    13.318    u_preprocessor/pred_data_out_reg[pred_accel_y_1][8]
  -------------------------------------------------------------------
                         required time                         13.318    
                         arrival time                         -12.381    
  -------------------------------------------------------------------
                         slack                                  0.937    

Slack (MET) :             0.938ns  (required time - arrival time)
  Source:                 u_axi_slave/slv_reg3_reg[5]/C
                            (rising edge-triggered cell FDRE clocked by s_axi_aclk  {rise@0.000ns fall@5.556ns period=11.111ns})
  Destination:            u_preprocessor/pred_data_out_reg[pred_accel_z_1][10]/D
                            (rising edge-triggered cell FDRE clocked by s_axi_aclk  {rise@0.000ns fall@5.556ns period=11.111ns})
  Path Group:             s_axi_aclk
  Path Type:              Setup (Max at Slow Process Corner)
  Requirement:            11.111ns  (s_axi_aclk rise@11.111ns - s_axi_aclk rise@0.000ns)
  Data Path Delay:        10.260ns  (logic 7.225ns (70.418%)  route 3.035ns (29.582%))
  Logic Levels:           30  (CARRY8=4 DSP_A_B_DATA=3 DSP_ALU=3 DSP_M_DATA=3 DSP_MULTIPLIER=3 DSP_OUTPUT=3 DSP_PREADD_DATA=3 LUT2=2 LUT5=1 LUT6=5)
  Clock Path Skew:        0.095ns (DCD - SCD + CPR)
    Destination Clock Delay (DCD):    1.930ns = ( 13.041 - 11.111 ) 
    Source Clock Delay      (SCD):    2.215ns
    Clock Pessimism Removal (CPR):    0.380ns
  Clock Uncertainty:      0.035ns  ((TSJ^2 + TIJ^2)^1/2 + DJ) / 2 + PE
    Total System Jitter     (TSJ):    0.071ns
    Total Input Jitter      (TIJ):    0.000ns
    Discrete Jitter          (DJ):    0.000ns
    Phase Error              (PE):    0.000ns
  Clock Net Delay (Source):      1.323ns (routing 0.185ns, distribution 1.138ns)
  Clock Net Delay (Destination): 1.348ns (routing 0.170ns, distribution 1.178ns)

    Location             Delay type                Incr(ns)  Path(ns)    Netlist Resource(s)
  -------------------------------------------------------------------    -------------------
                         (clock s_axi_aclk rise edge)
                                                      0.000     0.000 r  
    D7                                                0.000     0.000 r  S_AXI_ACLK (IN)
                         net (fo=0)                   0.000     0.000    S_AXI_ACLK_IBUF_inst/I
    D7                   INBUF (Prop_INBUF_HPIOB_M_PAD_O)
                                                      0.535     0.535 r  S_AXI_ACLK_IBUF_inst/INBUF_INST/O
                         net (fo=1, routed)           0.000     0.535    S_AXI_ACLK_IBUF_inst/OUT
    D7                   IBUFCTRL (Prop_IBUFCTRL_HPIOB_M_I_O)
                                                      0.000     0.535 r  S_AXI_ACLK_IBUF_inst/IBUFCTRL_INST/O
                         net (fo=1, routed)           0.329     0.864    S_AXI_ACLK_IBUF
    BUFGCE_X0Y67         BUFGCE (Prop_BUFCE_BUFGCE_I_O)
                                                      0.028     0.892 r  S_AXI_ACLK_IBUF_BUFG_inst/O
    X1Y2 (CLOCK_ROOT)    net (fo=5789, routed)        1.323     2.215    u_axi_slave/S_AXI_ACLK_IBUF_BUFG
    SLICE_X43Y86         FDRE                                         r  u_axi_slave/slv_reg3_reg[5]/C
  -------------------------------------------------------------------    -------------------
    SLICE_X43Y86         FDRE (Prop_CFF_SLICEM_C_Q)
                                                      0.095     2.310 f  u_axi_slave/slv_reg3_reg[5]/Q
                         net (fo=9, routed)           0.096     2.406    u_axi_slave/sim_data_out[incline_x][5]
    SLICE_X43Y86         LUT6 (Prop_F6LUT_SLICEM_I0_O)
                                                      0.177     2.583 f  u_axi_slave/g0_b0__3_i_6/O
                         net (fo=8, routed)           0.107     2.690    u_axi_slave/g0_b0__3_i_6_n_0
    SLICE_X44Y86         LUT6 (Prop_F6LUT_SLICEL_I3_O)
                                                      0.062     2.752 f  u_axi_slave/g0_b0__3_i_10/O
                         net (fo=2, routed)           0.101     2.853    u_axi_slave/g0_b0__3_i_10_n_0
    SLICE_X44Y87         LUT6 (Prop_G6LUT_SLICEL_I3_O)
                                                      0.038     2.891 r  u_axi_slave/consistency_cnt[0]_i_31__9/O
                         net (fo=3, routed)           0.122     3.012    u_axi_slave/consistency_cnt[0]_i_31__9_n_0
    SLICE_X43Y87         LUT6 (Prop_D6LUT_SLICEM_I0_O)
                                                      0.174     3.186 r  u_axi_slave/g0_b0__3_i_7/O
                         net (fo=12, routed)          0.225     3.411    u_axi_slave/g0_b0__3_i_7_n_0
    SLICE_X40Y88         LUT2 (Prop_E6LUT_SLICEM_I1_O)
                                                      0.039     3.450 r  u_axi_slave/g0_b0__3_i_3/O
                         net (fo=87, routed)          0.243     3.693    u_axi_slave/g0_b0__3_i_3_n_0
    SLICE_X41Y89         LUT5 (Prop_C6LUT_SLICEL_I2_O)
                                                      0.174     3.867 r  u_axi_slave/g0_b2__9/O
                         net (fo=1, routed)           0.011     3.878    u_axi_slave/g0_b2__9_n_0
    SLICE_X41Y89         CARRY8 (Prop_CARRY8_SLICEL_S[2]_O[7])
                                                      0.248     4.126 f  u_axi_slave/p_0_out__9_i_2/O[7]
                         net (fo=1, routed)           0.550     4.676    u_preprocessor/p_0_out__9/A[7]
    DSP48E2_X4Y37        DSP_A_B_DATA (Prop_DSP_A_B_DATA_DSP48E2_A[7]_A2_DATA[7])
                                                      0.241     4.917 r  u_preprocessor/p_0_out__9/DSP_A_B_DATA_INST/A2_DATA[7]
                         net (fo=1, routed)           0.000     4.917    u_preprocessor/p_0_out__9/DSP_A_B_DATA.A2_DATA<7>
    DSP48E2_X4Y37        DSP_PREADD_DATA (Prop_DSP_PREADD_DATA_DSP48E2_A2_DATA[7]_A2A1[7])
                                                      0.098     5.015 r  u_preprocessor/p_0_out__9/DSP_PREADD_DATA_INST/A2A1[7]
                         net (fo=1, routed)           0.000     5.015    u_preprocessor/p_0_out__9/DSP_PREADD_DATA.A2A1<7>
    DSP48E2_X4Y37        DSP_MULTIPLIER (Prop_DSP_MULTIPLIER_DSP48E2_A2A1[7]_V[7])
                                                      0.648     5.663 f  u_preprocessor/p_0_out__9/DSP_MULTIPLIER_INST/V[7]
                         net (fo=1, routed)           0.000     5.663    u_preprocessor/p_0_out__9/DSP_MULTIPLIER.V<7>
    DSP48E2_X4Y37        DSP_M_DATA (Prop_DSP_M_DATA_DSP48E2_V[7]_V_DATA[7])
                                                      0.057     5.720 r  u_preprocessor/p_0_out__9/DSP_M_DATA_INST/V_DATA[7]
                         net (fo=1, routed)           0.000     5.720    u_preprocessor/p_0_out__9/DSP_M_DATA.V_DATA<7>
    DSP48E2_X4Y37        DSP_ALU (Prop_DSP_ALU_DSP48E2_V_DATA[7]_ALU_OUT[7])
                                                      0.688     6.408 f  u_preprocessor/p_0_out__9/DSP_ALU_INST/ALU_OUT[7]
                         net (fo=1, routed)           0.000     6.408    u_preprocessor/p_0_out__9/DSP_ALU.ALU_OUT<7>
    DSP48E2_X4Y37        DSP_OUTPUT (Prop_DSP_OUTPUT_DSP48E2_ALU_OUT[7]_P[7])
                                                      0.141     6.549 r  u_preprocessor/p_0_out__9/DSP_OUTPUT_INST/P[7]
                         net (fo=1, routed)           0.303     6.852    u_axi_slave/p_0_out__10_i_2_0[0]
    SLICE_X42Y88         LUT6 (Prop_A6LUT_SLICEM_I5_O)
                                                      0.064     6.916 r  u_axi_slave/g0_b0__10__0/O
                         net (fo=1, routed)           0.014     6.930    u_axi_slave/g0_b0__10__0_n_0
    SLICE_X42Y88         CARRY8 (Prop_CARRY8_SLICEM_S[0]_CO[7])
                                                      0.241     7.171 r  u_axi_slave/p_0_out__10_i_2/CO[7]
                         net (fo=1, routed)           0.028     7.199    u_axi_slave/p_0_out__10_i_2_n_0
    SLICE_X42Y89         CARRY8 (Prop_CARRY8_SLICEM_CI_O[3])
                                                      0.104     7.303 f  u_axi_slave/p_0_out__10_i_1/O[3]
                         net (fo=19, routed)          0.527     7.831    u_preprocessor/p_0_out__10/A[13]
    DSP48E2_X3Y36        DSP_A_B_DATA (Prop_DSP_A_B_DATA_DSP48E2_A[13]_A2_DATA[13])
                                                      0.241     8.072 r  u_preprocessor/p_0_out__10/DSP_A_B_DATA_INST/A2_DATA[13]
                         net (fo=1, routed)           0.000     8.072    u_preprocessor/p_0_out__10/DSP_A_B_DATA.A2_DATA<13>
    DSP48E2_X3Y36        DSP_PREADD_DATA (Prop_DSP_PREADD_DATA_DSP48E2_A2_DATA[13]_A2A1[13])
                                                      0.098     8.170 r  u_preprocessor/p_0_out__10/DSP_PREADD_DATA_INST/A2A1[13]
                         net (fo=1, routed)           0.000     8.170    u_preprocessor/p_0_out__10/DSP_PREADD_DATA.A2A1<13>
    DSP48E2_X3Y36        DSP_MULTIPLIER (Prop_DSP_MULTIPLIER_DSP48E2_A2A1[13]_U[14])
                                                      0.647     8.817 f  u_preprocessor/p_0_out__10/DSP_MULTIPLIER_INST/U[14]
                         net (fo=1, routed)           0.000     8.817    u_preprocessor/p_0_out__10/DSP_MULTIPLIER.U<14>
    DSP48E2_X3Y36        DSP_M_DATA (Prop_DSP_M_DATA_DSP48E2_U[14]_U_DATA[14])
                                                      0.059     8.876 r  u_preprocessor/p_0_out__10/DSP_M_DATA_INST/U_DATA[14]
                         net (fo=1, routed)           0.000     8.876    u_preprocessor/p_0_out__10/DSP_M_DATA.U_DATA<14>
    DSP48E2_X3Y36        DSP_ALU (Prop_DSP_ALU_DSP48E2_U_DATA[14]_ALU_OUT[14])
                                                      0.699     9.575 r  u_preprocessor/p_0_out__10/DSP_ALU_INST/ALU_OUT[14]
                         net (fo=1, routed)           0.000     9.575    u_preprocessor/p_0_out__10/DSP_ALU.ALU_OUT<14>
    DSP48E2_X3Y36        DSP_OUTPUT (Prop_DSP_OUTPUT_DSP48E2_ALU_OUT[14]_P[14])
                                                      0.141     9.716 f  u_preprocessor/p_0_out__10/DSP_OUTPUT_INST/P[14]
                         net (fo=1, routed)           0.389    10.105    u_preprocessor/p_0_out__11/A[14]
    DSP48E2_X3Y37        DSP_A_B_DATA (Prop_DSP_A_B_DATA_DSP48E2_A[14]_A2_DATA[14])
                                                      0.241    10.346 r  u_preprocessor/p_0_out__11/DSP_A_B_DATA_INST/A2_DATA[14]
                         net (fo=1, routed)           0.000    10.346    u_preprocessor/p_0_out__11/DSP_A_B_DATA.A2_DATA<14>
    DSP48E2_X3Y37        DSP_PREADD_DATA (Prop_DSP_PREADD_DATA_DSP48E2_A2_DATA[14]_A2A1[14])
                                                      0.098    10.444 r  u_preprocessor/p_0_out__11/DSP_PREADD_DATA_INST/A2A1[14]
                         net (fo=1, routed)           0.000    10.444    u_preprocessor/p_0_out__11/DSP_PREADD_DATA.A2A1<14>
    DSP48E2_X3Y37        DSP_MULTIPLIER (Prop_DSP_MULTIPLIER_DSP48E2_A2A1[14]_U[29])
                                                      0.647    11.091 f  u_preprocessor/p_0_out__11/DSP_MULTIPLIER_INST/U[29]
                         net (fo=1, routed)           0.000    11.091    u_preprocessor/p_0_out__11/DSP_MULTIPLIER.U<29>
    DSP48E2_X3Y37        DSP_M_DATA (Prop_DSP_M_DATA_DSP48E2_U[29]_U_DATA[29])
                                                      0.059    11.150 r  u_preprocessor/p_0_out__11/DSP_M_DATA_INST/U_DATA[29]
                         net (fo=1, routed)           0.000    11.150    u_preprocessor/p_0_out__11/DSP_M_DATA.U_DATA<29>
    DSP48E2_X3Y37        DSP_ALU (Prop_DSP_ALU_DSP48E2_U_DATA[29]_ALU_OUT[29])
                                                      0.699    11.849 f  u_preprocessor/p_0_out__11/DSP_ALU_INST/ALU_OUT[29]
                         net (fo=1, routed)           0.000    11.849    u_preprocessor/p_0_out__11/DSP_ALU.ALU_OUT<29>
    DSP48E2_X3Y37        DSP_OUTPUT (Prop_DSP_OUTPUT_DSP48E2_ALU_OUT[29]_P[29])
                                                      0.141    11.990 r  u_preprocessor/p_0_out__11/DSP_OUTPUT_INST/P[29]
                         net (fo=2, routed)           0.277    12.266    u_preprocessor/grav_z[9]
    SLICE_X38Y93         LUT2 (Prop_C6LUT_SLICEL_I1_O)
                                                      0.063    12.329 r  u_preprocessor/pred_data_out[pred_accel_z_1][11]_i_6/O
                         net (fo=1, routed)           0.011    12.340    u_preprocessor/pred_data_out[pred_accel_z_1][11]_i_6_n_0
    SLICE_X38Y93         CARRY8 (Prop_CARRY8_SLICEL_S[2]_O[3])
                                                      0.103    12.443 r  u_preprocessor/pred_data_out_reg[pred_accel_z_1][11]_i_1/O[3]
                         net (fo=1, routed)           0.032    12.475    u_preprocessor/pred_data_out_reg[pred_accel_z_1][11]_i_1_n_12
    SLICE_X38Y93         FDRE                                         r  u_preprocessor/pred_data_out_reg[pred_accel_z_1][10]/D
  -------------------------------------------------------------------    -------------------

                         (clock s_axi_aclk rise edge)
                                                     11.111    11.111 r  
    D7                                                0.000    11.111 r  S_AXI_ACLK (IN)
                         net (fo=0)                   0.000    11.111    S_AXI_ACLK_IBUF_inst/I
    D7                   INBUF (Prop_INBUF_HPIOB_M_PAD_O)
                                                      0.268    11.379 r  S_AXI_ACLK_IBUF_inst/INBUF_INST/O
                         net (fo=1, routed)           0.000    11.379    S_AXI_ACLK_IBUF_inst/OUT
    D7                   IBUFCTRL (Prop_IBUFCTRL_HPIOB_M_I_O)
                                                      0.000    11.379 r  S_AXI_ACLK_IBUF_inst/IBUFCTRL_INST/O
                         net (fo=1, routed)           0.290    11.669    S_AXI_ACLK_IBUF
    BUFGCE_X0Y67         BUFGCE (Prop_BUFCE_BUFGCE_I_O)
                                                      0.024    11.693 r  S_AXI_ACLK_IBUF_BUFG_inst/O
    X1Y2 (CLOCK_ROOT)    net (fo=5789, routed)        1.348    13.041    u_preprocessor/S_AXI_ACLK_IBUF_BUFG
    SLICE_X38Y93         FDRE                                         r  u_preprocessor/pred_data_out_reg[pred_accel_z_1][10]/C
                         clock pessimism              0.380    13.422    
                         clock uncertainty           -0.035    13.386    
    SLICE_X38Y93         FDRE (Setup_DFF_SLICEL_C_D)
                                                      0.027    13.413    u_preprocessor/pred_data_out_reg[pred_accel_z_1][10]
  -------------------------------------------------------------------
                         required time                         13.413    
                         arrival time                         -12.475    
  -------------------------------------------------------------------
                         slack                                  0.938    

Slack (MET) :             0.947ns  (required time - arrival time)
  Source:                 u_axi_slave/slv_reg3_reg[5]/C
                            (rising edge-triggered cell FDRE clocked by s_axi_aclk  {rise@0.000ns fall@5.556ns period=11.111ns})
  Destination:            u_preprocessor/pred_data_out_reg[pred_accel_z_1][1]/D
                            (rising edge-triggered cell FDRE clocked by s_axi_aclk  {rise@0.000ns fall@5.556ns period=11.111ns})
  Path Group:             s_axi_aclk
  Path Type:              Setup (Max at Slow Process Corner)
  Requirement:            11.111ns  (s_axi_aclk rise@11.111ns - s_axi_aclk rise@0.000ns)
  Data Path Delay:        10.026ns  (logic 7.059ns (70.404%)  route 2.967ns (29.596%))
  Logic Levels:           28  (CARRY8=3 DSP_A_B_DATA=3 DSP_ALU=3 DSP_M_DATA=3 DSP_MULTIPLIER=3 DSP_OUTPUT=3 DSP_PREADD_DATA=3 LUT2=1 LUT5=1 LUT6=5)
  Clock Path Skew:        -0.129ns (DCD - SCD + CPR)
    Destination Clock Delay (DCD):    1.704ns = ( 12.815 - 11.111 ) 
    Source Clock Delay      (SCD):    2.215ns
    Clock Pessimism Removal (CPR):    0.381ns
  Clock Uncertainty:      0.035ns  ((TSJ^2 + TIJ^2)^1/2 + DJ) / 2 + PE
    Total System Jitter     (TSJ):    0.071ns
    Total Input Jitter      (TIJ):    0.000ns
    Discrete Jitter          (DJ):    0.000ns
    Phase Error              (PE):    0.000ns
  Clock Net Delay (Source):      1.323ns (routing 0.185ns, distribution 1.138ns)
  Clock Net Delay (Destination): 1.122ns (routing 0.170ns, distribution 0.952ns)

    Location             Delay type                Incr(ns)  Path(ns)    Netlist Resource(s)
  -------------------------------------------------------------------    -------------------
                         (clock s_axi_aclk rise edge)
                                                      0.000     0.000 r  
    D7                                                0.000     0.000 r  S_AXI_ACLK (IN)
                         net (fo=0)                   0.000     0.000    S_AXI_ACLK_IBUF_inst/I
    D7                   INBUF (Prop_INBUF_HPIOB_M_PAD_O)
                                                      0.535     0.535 r  S_AXI_ACLK_IBUF_inst/INBUF_INST/O
                         net (fo=1, routed)           0.000     0.535    S_AXI_ACLK_IBUF_inst/OUT
    D7                   IBUFCTRL (Prop_IBUFCTRL_HPIOB_M_I_O)
                                                      0.000     0.535 r  S_AXI_ACLK_IBUF_inst/IBUFCTRL_INST/O
                         net (fo=1, routed)           0.329     0.864    S_AXI_ACLK_IBUF
    BUFGCE_X0Y67         BUFGCE (Prop_BUFCE_BUFGCE_I_O)
                                                      0.028     0.892 r  S_AXI_ACLK_IBUF_BUFG_inst/O
    X1Y2 (CLOCK_ROOT)    net (fo=5789, routed)        1.323     2.215    u_axi_slave/S_AXI_ACLK_IBUF_BUFG
    SLICE_X43Y86         FDRE                                         r  u_axi_slave/slv_reg3_reg[5]/C
  -------------------------------------------------------------------    -------------------
    SLICE_X43Y86         FDRE (Prop_CFF_SLICEM_C_Q)
                                                      0.095     2.310 f  u_axi_slave/slv_reg3_reg[5]/Q
                         net (fo=9, routed)           0.096     2.406    u_axi_slave/sim_data_out[incline_x][5]
    SLICE_X43Y86         LUT6 (Prop_F6LUT_SLICEM_I0_O)
                                                      0.177     2.583 f  u_axi_slave/g0_b0__3_i_6/O
                         net (fo=8, routed)           0.107     2.690    u_axi_slave/g0_b0__3_i_6_n_0
    SLICE_X44Y86         LUT6 (Prop_F6LUT_SLICEL_I3_O)
                                                      0.062     2.752 f  u_axi_slave/g0_b0__3_i_10/O
                         net (fo=2, routed)           0.101     2.853    u_axi_slave/g0_b0__3_i_10_n_0
    SLICE_X44Y87         LUT6 (Prop_G6LUT_SLICEL_I3_O)
                                                      0.038     2.891 r  u_axi_slave/consistency_cnt[0]_i_31__9/O
                         net (fo=3, routed)           0.122     3.012    u_axi_slave/consistency_cnt[0]_i_31__9_n_0
    SLICE_X43Y87         LUT6 (Prop_D6LUT_SLICEM_I0_O)
                                                      0.174     3.186 r  u_axi_slave/g0_b0__3_i_7/O
                         net (fo=12, routed)          0.225     3.411    u_axi_slave/g0_b0__3_i_7_n_0
    SLICE_X40Y88         LUT2 (Prop_E6LUT_SLICEM_I1_O)
                                                      0.039     3.450 r  u_axi_slave/g0_b0__3_i_3/O
                         net (fo=87, routed)          0.243     3.693    u_axi_slave/g0_b0__3_i_3_n_0
    SLICE_X41Y89         LUT5 (Prop_C6LUT_SLICEL_I2_O)
                                                      0.174     3.867 r  u_axi_slave/g0_b2__9/O
                         net (fo=1, routed)           0.011     3.878    u_axi_slave/g0_b2__9_n_0
    SLICE_X41Y89         CARRY8 (Prop_CARRY8_SLICEL_S[2]_O[7])
                                                      0.248     4.126 f  u_axi_slave/p_0_out__9_i_2/O[7]
                         net (fo=1, routed)           0.550     4.676    u_preprocessor/p_0_out__9/A[7]
    DSP48E2_X4Y37        DSP_A_B_DATA (Prop_DSP_A_B_DATA_DSP48E2_A[7]_A2_DATA[7])
                                                      0.241     4.917 r  u_preprocessor/p_0_out__9/DSP_A_B_DATA_INST/A2_DATA[7]
                         net (fo=1, routed)           0.000     4.917    u_preprocessor/p_0_out__9/DSP_A_B_DATA.A2_DATA<7>
    DSP48E2_X4Y37        DSP_PREADD_DATA (Prop_DSP_PREADD_DATA_DSP48E2_A2_DATA[7]_A2A1[7])
                                                      0.098     5.015 r  u_preprocessor/p_0_out__9/DSP_PREADD_DATA_INST/A2A1[7]
                         net (fo=1, routed)           0.000     5.015    u_preprocessor/p_0_out__9/DSP_PREADD_DATA.A2A1<7>
    DSP48E2_X4Y37        DSP_MULTIPLIER (Prop_DSP_MULTIPLIER_DSP48E2_A2A1[7]_V[7])
                                                      0.648     5.663 f  u_preprocessor/p_0_out__9/DSP_MULTIPLIER_INST/V[7]
                         net (fo=1, routed)           0.000     5.663    u_preprocessor/p_0_out__9/DSP_MULTIPLIER.V<7>
    DSP48E2_X4Y37        DSP_M_DATA (Prop_DSP_M_DATA_DSP48E2_V[7]_V_DATA[7])
                                                      0.057     5.720 r  u_preprocessor/p_0_out__9/DSP_M_DATA_INST/V_DATA[7]
                         net (fo=1, routed)           0.000     5.720    u_preprocessor/p_0_out__9/DSP_M_DATA.V_DATA<7>
    DSP48E2_X4Y37        DSP_ALU (Prop_DSP_ALU_DSP48E2_V_DATA[7]_ALU_OUT[7])
                                                      0.688     6.408 f  u_preprocessor/p_0_out__9/DSP_ALU_INST/ALU_OUT[7]
                         net (fo=1, routed)           0.000     6.408    u_preprocessor/p_0_out__9/DSP_ALU.ALU_OUT<7>
    DSP48E2_X4Y37        DSP_OUTPUT (Prop_DSP_OUTPUT_DSP48E2_ALU_OUT[7]_P[7])
                                                      0.141     6.549 r  u_preprocessor/p_0_out__9/DSP_OUTPUT_INST/P[7]
                         net (fo=1, routed)           0.303     6.852    u_axi_slave/p_0_out__10_i_2_0[0]
    SLICE_X42Y88         LUT6 (Prop_A6LUT_SLICEM_I5_O)
                                                      0.064     6.916 r  u_axi_slave/g0_b0__10__0/O
                         net (fo=1, routed)           0.014     6.930    u_axi_slave/g0_b0__10__0_n_0
    SLICE_X42Y88         CARRY8 (Prop_CARRY8_SLICEM_S[0]_CO[7])
                                                      0.241     7.171 r  u_axi_slave/p_0_out__10_i_2/CO[7]
                         net (fo=1, routed)           0.028     7.199    u_axi_slave/p_0_out__10_i_2_n_0
    SLICE_X42Y89         CARRY8 (Prop_CARRY8_SLICEM_CI_O[3])
                                                      0.104     7.303 f  u_axi_slave/p_0_out__10_i_1/O[3]
                         net (fo=19, routed)          0.527     7.831    u_preprocessor/p_0_out__10/A[13]
    DSP48E2_X3Y36        DSP_A_B_DATA (Prop_DSP_A_B_DATA_DSP48E2_A[13]_A2_DATA[13])
                                                      0.241     8.072 r  u_preprocessor/p_0_out__10/DSP_A_B_DATA_INST/A2_DATA[13]
                         net (fo=1, routed)           0.000     8.072    u_preprocessor/p_0_out__10/DSP_A_B_DATA.A2_DATA<13>
    DSP48E2_X3Y36        DSP_PREADD_DATA (Prop_DSP_PREADD_DATA_DSP48E2_A2_DATA[13]_A2A1[13])
                                                      0.098     8.170 r  u_preprocessor/p_0_out__10/DSP_PREADD_DATA_INST/A2A1[13]
                         net (fo=1, routed)           0.000     8.170    u_preprocessor/p_0_out__10/DSP_PREADD_DATA.A2A1<13>
    DSP48E2_X3Y36        DSP_MULTIPLIER (Prop_DSP_MULTIPLIER_DSP48E2_A2A1[13]_U[14])
                                                      0.647     8.817 f  u_preprocessor/p_0_out__10/DSP_MULTIPLIER_INST/U[14]
                         net (fo=1, routed)           0.000     8.817    u_preprocessor/p_0_out__10/DSP_MULTIPLIER.U<14>
    DSP48E2_X3Y36        DSP_M_DATA (Prop_DSP_M_DATA_DSP48E2_U[14]_U_DATA[14])
                                                      0.059     8.876 r  u_preprocessor/p_0_out__10/DSP_M_DATA_INST/U_DATA[14]
                         net (fo=1, routed)           0.000     8.876    u_preprocessor/p_0_out__10/DSP_M_DATA.U_DATA<14>
    DSP48E2_X3Y36        DSP_ALU (Prop_DSP_ALU_DSP48E2_U_DATA[14]_ALU_OUT[14])
                                                      0.699     9.575 r  u_preprocessor/p_0_out__10/DSP_ALU_INST/ALU_OUT[14]
                         net (fo=1, routed)           0.000     9.575    u_preprocessor/p_0_out__10/DSP_ALU.ALU_OUT<14>
    DSP48E2_X3Y36        DSP_OUTPUT (Prop_DSP_OUTPUT_DSP48E2_ALU_OUT[14]_P[14])
                                                      0.141     9.716 f  u_preprocessor/p_0_out__10/DSP_OUTPUT_INST/P[14]
                         net (fo=1, routed)           0.389    10.105    u_preprocessor/p_0_out__11/A[14]
    DSP48E2_X3Y37        DSP_A_B_DATA (Prop_DSP_A_B_DATA_DSP48E2_A[14]_A2_DATA[14])
                                                      0.241    10.346 r  u_preprocessor/p_0_out__11/DSP_A_B_DATA_INST/A2_DATA[14]
                         net (fo=1, routed)           0.000    10.346    u_preprocessor/p_0_out__11/DSP_A_B_DATA.A2_DATA<14>
    DSP48E2_X3Y37        DSP_PREADD_DATA (Prop_DSP_PREADD_DATA_DSP48E2_A2_DATA[14]_A2A1[14])
                                                      0.098    10.444 r  u_preprocessor/p_0_out__11/DSP_PREADD_DATA_INST/A2A1[14]
                         net (fo=1, routed)           0.000    10.444    u_preprocessor/p_0_out__11/DSP_PREADD_DATA.A2A1<14>
    DSP48E2_X3Y37        DSP_MULTIPLIER (Prop_DSP_MULTIPLIER_DSP48E2_A2A1[14]_U[21])
                                                      0.647    11.091 f  u_preprocessor/p_0_out__11/DSP_MULTIPLIER_INST/U[21]
                         net (fo=1, routed)           0.000    11.091    u_preprocessor/p_0_out__11/DSP_MULTIPLIER.U<21>
    DSP48E2_X3Y37        DSP_M_DATA (Prop_DSP_M_DATA_DSP48E2_U[21]_U_DATA[21])
                                                      0.059    11.150 r  u_preprocessor/p_0_out__11/DSP_M_DATA_INST/U_DATA[21]
                         net (fo=1, routed)           0.000    11.150    u_preprocessor/p_0_out__11/DSP_M_DATA.U_DATA<21>
    DSP48E2_X3Y37        DSP_ALU (Prop_DSP_ALU_DSP48E2_U_DATA[21]_ALU_OUT[21])
                                                      0.699    11.849 f  u_preprocessor/p_0_out__11/DSP_ALU_INST/ALU_OUT[21]
                         net (fo=1, routed)           0.000    11.849    u_preprocessor/p_0_out__11/DSP_ALU.ALU_OUT<21>
    DSP48E2_X3Y37        DSP_OUTPUT (Prop_DSP_OUTPUT_DSP48E2_ALU_OUT[21]_P[21])
                                                      0.141    11.990 r  u_preprocessor/p_0_out__11/DSP_OUTPUT_INST/P[21]
                         net (fo=1, routed)           0.252    12.242    u_preprocessor/grav_z[1]
    SLICE_X39Y92         FDRE                                         r  u_preprocessor/pred_data_out_reg[pred_accel_z_1][1]/D
  -------------------------------------------------------------------    -------------------

                         (clock s_axi_aclk rise edge)
                                                     11.111    11.111 r  
    D7                                                0.000    11.111 r  S_AXI_ACLK (IN)
                         net (fo=0)                   0.000    11.111    S_AXI_ACLK_IBUF_inst/I
    D7                   INBUF (Prop_INBUF_HPIOB_M_PAD_O)
                                                      0.268    11.379 r  S_AXI_ACLK_IBUF_inst/INBUF_INST/O
                         net (fo=1, routed)           0.000    11.379    S_AXI_ACLK_IBUF_inst/OUT
    D7                   IBUFCTRL (Prop_IBUFCTRL_HPIOB_M_I_O)
                                                      0.000    11.379 r  S_AXI_ACLK_IBUF_inst/IBUFCTRL_INST/O
                         net (fo=1, routed)           0.290    11.669    S_AXI_ACLK_IBUF
    BUFGCE_X0Y67         BUFGCE (Prop_BUFCE_BUFGCE_I_O)
                                                      0.024    11.693 r  S_AXI_ACLK_IBUF_BUFG_inst/O
    X1Y2 (CLOCK_ROOT)    net (fo=5789, routed)        1.122    12.815    u_preprocessor/S_AXI_ACLK_IBUF_BUFG
    SLICE_X39Y92         FDRE                                         r  u_preprocessor/pred_data_out_reg[pred_accel_z_1][1]/C
                         clock pessimism              0.381    13.197    
                         clock uncertainty           -0.035    13.161    
    SLICE_X39Y92         FDRE (Setup_FFF2_SLICEM_C_D)
                                                      0.027    13.188    u_preprocessor/pred_data_out_reg[pred_accel_z_1][1]
  -------------------------------------------------------------------
                         required time                         13.188    
                         arrival time                         -12.242    
  -------------------------------------------------------------------
                         slack                                  0.947    

Slack (MET) :             0.953ns  (required time - arrival time)
  Source:                 u_axi_slave/slv_reg3_reg[5]/C
                            (rising edge-triggered cell FDRE clocked by s_axi_aclk  {rise@0.000ns fall@5.556ns period=11.111ns})
  Destination:            u_preprocessor/pred_data_out_reg[pred_accel_z_1][2]/D
                            (rising edge-triggered cell FDRE clocked by s_axi_aclk  {rise@0.000ns fall@5.556ns period=11.111ns})
  Path Group:             s_axi_aclk
  Path Type:              Setup (Max at Slow Process Corner)
  Requirement:            11.111ns  (s_axi_aclk rise@11.111ns - s_axi_aclk rise@0.000ns)
  Data Path Delay:        10.020ns  (logic 7.059ns (70.446%)  route 2.961ns (29.554%))
  Logic Levels:           28  (CARRY8=3 DSP_A_B_DATA=3 DSP_ALU=3 DSP_M_DATA=3 DSP_MULTIPLIER=3 DSP_OUTPUT=3 DSP_PREADD_DATA=3 LUT2=1 LUT5=1 LUT6=5)
  Clock Path Skew:        -0.129ns (DCD - SCD + CPR)
    Destination Clock Delay (DCD):    1.704ns = ( 12.815 - 11.111 ) 
    Source Clock Delay      (SCD):    2.215ns
    Clock Pessimism Removal (CPR):    0.381ns
  Clock Uncertainty:      0.035ns  ((TSJ^2 + TIJ^2)^1/2 + DJ) / 2 + PE
    Total System Jitter     (TSJ):    0.071ns
    Total Input Jitter      (TIJ):    0.000ns
    Discrete Jitter          (DJ):    0.000ns
    Phase Error              (PE):    0.000ns
  Clock Net Delay (Source):      1.323ns (routing 0.185ns, distribution 1.138ns)
  Clock Net Delay (Destination): 1.122ns (routing 0.170ns, distribution 0.952ns)

    Location             Delay type                Incr(ns)  Path(ns)    Netlist Resource(s)
  -------------------------------------------------------------------    -------------------
                         (clock s_axi_aclk rise edge)
                                                      0.000     0.000 r  
    D7                                                0.000     0.000 r  S_AXI_ACLK (IN)
                         net (fo=0)                   0.000     0.000    S_AXI_ACLK_IBUF_inst/I
    D7                   INBUF (Prop_INBUF_HPIOB_M_PAD_O)
                                                      0.535     0.535 r  S_AXI_ACLK_IBUF_inst/INBUF_INST/O
                         net (fo=1, routed)           0.000     0.535    S_AXI_ACLK_IBUF_inst/OUT
    D7                   IBUFCTRL (Prop_IBUFCTRL_HPIOB_M_I_O)
                                                      0.000     0.535 r  S_AXI_ACLK_IBUF_inst/IBUFCTRL_INST/O
                         net (fo=1, routed)           0.329     0.864    S_AXI_ACLK_IBUF
    BUFGCE_X0Y67         BUFGCE (Prop_BUFCE_BUFGCE_I_O)
                                                      0.028     0.892 r  S_AXI_ACLK_IBUF_BUFG_inst/O
    X1Y2 (CLOCK_ROOT)    net (fo=5789, routed)        1.323     2.215    u_axi_slave/S_AXI_ACLK_IBUF_BUFG
    SLICE_X43Y86         FDRE                                         r  u_axi_slave/slv_reg3_reg[5]/C
  -------------------------------------------------------------------    -------------------
    SLICE_X43Y86         FDRE (Prop_CFF_SLICEM_C_Q)
                                                      0.095     2.310 f  u_axi_slave/slv_reg3_reg[5]/Q
                         net (fo=9, routed)           0.096     2.406    u_axi_slave/sim_data_out[incline_x][5]
    SLICE_X43Y86         LUT6 (Prop_F6LUT_SLICEM_I0_O)
                                                      0.177     2.583 f  u_axi_slave/g0_b0__3_i_6/O
                         net (fo=8, routed)           0.107     2.690    u_axi_slave/g0_b0__3_i_6_n_0
    SLICE_X44Y86         LUT6 (Prop_F6LUT_SLICEL_I3_O)
                                                      0.062     2.752 f  u_axi_slave/g0_b0__3_i_10/O
                         net (fo=2, routed)           0.101     2.853    u_axi_slave/g0_b0__3_i_10_n_0
    SLICE_X44Y87         LUT6 (Prop_G6LUT_SLICEL_I3_O)
                                                      0.038     2.891 r  u_axi_slave/consistency_cnt[0]_i_31__9/O
                         net (fo=3, routed)           0.122     3.012    u_axi_slave/consistency_cnt[0]_i_31__9_n_0
    SLICE_X43Y87         LUT6 (Prop_D6LUT_SLICEM_I0_O)
                                                      0.174     3.186 r  u_axi_slave/g0_b0__3_i_7/O
                         net (fo=12, routed)          0.225     3.411    u_axi_slave/g0_b0__3_i_7_n_0
    SLICE_X40Y88         LUT2 (Prop_E6LUT_SLICEM_I1_O)
                                                      0.039     3.450 r  u_axi_slave/g0_b0__3_i_3/O
                         net (fo=87, routed)          0.243     3.693    u_axi_slave/g0_b0__3_i_3_n_0
    SLICE_X41Y89         LUT5 (Prop_C6LUT_SLICEL_I2_O)
                                                      0.174     3.867 r  u_axi_slave/g0_b2__9/O
                         net (fo=1, routed)           0.011     3.878    u_axi_slave/g0_b2__9_n_0
    SLICE_X41Y89         CARRY8 (Prop_CARRY8_SLICEL_S[2]_O[7])
                                                      0.248     4.126 f  u_axi_slave/p_0_out__9_i_2/O[7]
                         net (fo=1, routed)           0.550     4.676    u_preprocessor/p_0_out__9/A[7]
    DSP48E2_X4Y37        DSP_A_B_DATA (Prop_DSP_A_B_DATA_DSP48E2_A[7]_A2_DATA[7])
                                                      0.241     4.917 r  u_preprocessor/p_0_out__9/DSP_A_B_DATA_INST/A2_DATA[7]
                         net (fo=1, routed)           0.000     4.917    u_preprocessor/p_0_out__9/DSP_A_B_DATA.A2_DATA<7>
    DSP48E2_X4Y37        DSP_PREADD_DATA (Prop_DSP_PREADD_DATA_DSP48E2_A2_DATA[7]_A2A1[7])
                                                      0.098     5.015 r  u_preprocessor/p_0_out__9/DSP_PREADD_DATA_INST/A2A1[7]
                         net (fo=1, routed)           0.000     5.015    u_preprocessor/p_0_out__9/DSP_PREADD_DATA.A2A1<7>
    DSP48E2_X4Y37        DSP_MULTIPLIER (Prop_DSP_MULTIPLIER_DSP48E2_A2A1[7]_V[7])
                                                      0.648     5.663 f  u_preprocessor/p_0_out__9/DSP_MULTIPLIER_INST/V[7]
                         net (fo=1, routed)           0.000     5.663    u_preprocessor/p_0_out__9/DSP_MULTIPLIER.V<7>
    DSP48E2_X4Y37        DSP_M_DATA (Prop_DSP_M_DATA_DSP48E2_V[7]_V_DATA[7])
                                                      0.057     5.720 r  u_preprocessor/p_0_out__9/DSP_M_DATA_INST/V_DATA[7]
                         net (fo=1, routed)           0.000     5.720    u_preprocessor/p_0_out__9/DSP_M_DATA.V_DATA<7>
    DSP48E2_X4Y37        DSP_ALU (Prop_DSP_ALU_DSP48E2_V_DATA[7]_ALU_OUT[7])
                                                      0.688     6.408 f  u_preprocessor/p_0_out__9/DSP_ALU_INST/ALU_OUT[7]
                         net (fo=1, routed)           0.000     6.408    u_preprocessor/p_0_out__9/DSP_ALU.ALU_OUT<7>
    DSP48E2_X4Y37        DSP_OUTPUT (Prop_DSP_OUTPUT_DSP48E2_ALU_OUT[7]_P[7])
                                                      0.141     6.549 r  u_preprocessor/p_0_out__9/DSP_OUTPUT_INST/P[7]
                         net (fo=1, routed)           0.303     6.852    u_axi_slave/p_0_out__10_i_2_0[0]
    SLICE_X42Y88         LUT6 (Prop_A6LUT_SLICEM_I5_O)
                                                      0.064     6.916 r  u_axi_slave/g0_b0__10__0/O
                         net (fo=1, routed)           0.014     6.930    u_axi_slave/g0_b0__10__0_n_0
    SLICE_X42Y88         CARRY8 (Prop_CARRY8_SLICEM_S[0]_CO[7])
                                                      0.241     7.171 r  u_axi_slave/p_0_out__10_i_2/CO[7]
                         net (fo=1, routed)           0.028     7.199    u_axi_slave/p_0_out__10_i_2_n_0
    SLICE_X42Y89         CARRY8 (Prop_CARRY8_SLICEM_CI_O[3])
                                                      0.104     7.303 f  u_axi_slave/p_0_out__10_i_1/O[3]
                         net (fo=19, routed)          0.527     7.831    u_preprocessor/p_0_out__10/A[13]
    DSP48E2_X3Y36        DSP_A_B_DATA (Prop_DSP_A_B_DATA_DSP48E2_A[13]_A2_DATA[13])
                                                      0.241     8.072 r  u_preprocessor/p_0_out__10/DSP_A_B_DATA_INST/A2_DATA[13]
                         net (fo=1, routed)           0.000     8.072    u_preprocessor/p_0_out__10/DSP_A_B_DATA.A2_DATA<13>
    DSP48E2_X3Y36        DSP_PREADD_DATA (Prop_DSP_PREADD_DATA_DSP48E2_A2_DATA[13]_A2A1[13])
                                                      0.098     8.170 r  u_preprocessor/p_0_out__10/DSP_PREADD_DATA_INST/A2A1[13]
                         net (fo=1, routed)           0.000     8.170    u_preprocessor/p_0_out__10/DSP_PREADD_DATA.A2A1<13>
    DSP48E2_X3Y36        DSP_MULTIPLIER (Prop_DSP_MULTIPLIER_DSP48E2_A2A1[13]_U[14])
                                                      0.647     8.817 f  u_preprocessor/p_0_out__10/DSP_MULTIPLIER_INST/U[14]
                         net (fo=1, routed)           0.000     8.817    u_preprocessor/p_0_out__10/DSP_MULTIPLIER.U<14>
    DSP48E2_X3Y36        DSP_M_DATA (Prop_DSP_M_DATA_DSP48E2_U[14]_U_DATA[14])
                                                      0.059     8.876 r  u_preprocessor/p_0_out__10/DSP_M_DATA_INST/U_DATA[14]
                         net (fo=1, routed)           0.000     8.876    u_preprocessor/p_0_out__10/DSP_M_DATA.U_DATA<14>
    DSP48E2_X3Y36        DSP_ALU (Prop_DSP_ALU_DSP48E2_U_DATA[14]_ALU_OUT[14])
                                                      0.699     9.575 r  u_preprocessor/p_0_out__10/DSP_ALU_INST/ALU_OUT[14]
                         net (fo=1, routed)           0.000     9.575    u_preprocessor/p_0_out__10/DSP_ALU.ALU_OUT<14>
    DSP48E2_X3Y36        DSP_OUTPUT (Prop_DSP_OUTPUT_DSP48E2_ALU_OUT[14]_P[14])
                                                      0.141     9.716 f  u_preprocessor/p_0_out__10/DSP_OUTPUT_INST/P[14]
                         net (fo=1, routed)           0.389    10.105    u_preprocessor/p_0_out__11/A[14]
    DSP48E2_X3Y37        DSP_A_B_DATA (Prop_DSP_A_B_DATA_DSP48E2_A[14]_A2_DATA[14])
                                                      0.241    10.346 r  u_preprocessor/p_0_out__11/DSP_A_B_DATA_INST/A2_DATA[14]
                         net (fo=1, routed)           0.000    10.346    u_preprocessor/p_0_out__11/DSP_A_B_DATA.A2_DATA<14>
    DSP48E2_X3Y37        DSP_PREADD_DATA (Prop_DSP_PREADD_DATA_DSP48E2_A2_DATA[14]_A2A1[14])
                                                      0.098    10.444 r  u_preprocessor/p_0_out__11/DSP_PREADD_DATA_INST/A2A1[14]
                         net (fo=1, routed)           0.000    10.444    u_preprocessor/p_0_out__11/DSP_PREADD_DATA.A2A1<14>
    DSP48E2_X3Y37        DSP_MULTIPLIER (Prop_DSP_MULTIPLIER_DSP48E2_A2A1[14]_U[22])
                                                      0.647    11.091 f  u_preprocessor/p_0_out__11/DSP_MULTIPLIER_INST/U[22]
                         net (fo=1, routed)           0.000    11.091    u_preprocessor/p_0_out__11/DSP_MULTIPLIER.U<22>
    DSP48E2_X3Y37        DSP_M_DATA (Prop_DSP_M_DATA_DSP48E2_U[22]_U_DATA[22])
                                                      0.059    11.150 r  u_preprocessor/p_0_out__11/DSP_M_DATA_INST/U_DATA[22]
                         net (fo=1, routed)           0.000    11.150    u_preprocessor/p_0_out__11/DSP_M_DATA.U_DATA<22>
    DSP48E2_X3Y37        DSP_ALU (Prop_DSP_ALU_DSP48E2_U_DATA[22]_ALU_OUT[22])
                                                      0.699    11.849 f  u_preprocessor/p_0_out__11/DSP_ALU_INST/ALU_OUT[22]
                         net (fo=1, routed)           0.000    11.849    u_preprocessor/p_0_out__11/DSP_ALU.ALU_OUT<22>
    DSP48E2_X3Y37        DSP_OUTPUT (Prop_DSP_OUTPUT_DSP48E2_ALU_OUT[22]_P[22])
                                                      0.141    11.990 r  u_preprocessor/p_0_out__11/DSP_OUTPUT_INST/P[22]
                         net (fo=1, routed)           0.246    12.236    u_preprocessor/grav_z[2]
    SLICE_X39Y92         FDRE                                         r  u_preprocessor/pred_data_out_reg[pred_accel_z_1][2]/D
  -------------------------------------------------------------------    -------------------

                         (clock s_axi_aclk rise edge)
                                                     11.111    11.111 r  
    D7                                                0.000    11.111 r  S_AXI_ACLK (IN)
                         net (fo=0)                   0.000    11.111    S_AXI_ACLK_IBUF_inst/I
    D7                   INBUF (Prop_INBUF_HPIOB_M_PAD_O)
                                                      0.268    11.379 r  S_AXI_ACLK_IBUF_inst/INBUF_INST/O
                         net (fo=1, routed)           0.000    11.379    S_AXI_ACLK_IBUF_inst/OUT
    D7                   IBUFCTRL (Prop_IBUFCTRL_HPIOB_M_I_O)
                                                      0.000    11.379 r  S_AXI_ACLK_IBUF_inst/IBUFCTRL_INST/O
                         net (fo=1, routed)           0.290    11.669    S_AXI_ACLK_IBUF
    BUFGCE_X0Y67         BUFGCE (Prop_BUFCE_BUFGCE_I_O)
                                                      0.024    11.693 r  S_AXI_ACLK_IBUF_BUFG_inst/O
    X1Y2 (CLOCK_ROOT)    net (fo=5789, routed)        1.122    12.815    u_preprocessor/S_AXI_ACLK_IBUF_BUFG
    SLICE_X39Y92         FDRE                                         r  u_preprocessor/pred_data_out_reg[pred_accel_z_1][2]/C
                         clock pessimism              0.381    13.197    
                         clock uncertainty           -0.035    13.161    
    SLICE_X39Y92         FDRE (Setup_GFF2_SLICEM_C_D)
                                                      0.027    13.188    u_preprocessor/pred_data_out_reg[pred_accel_z_1][2]
  -------------------------------------------------------------------
                         required time                         13.188    
                         arrival time                         -12.236    
  -------------------------------------------------------------------
                         slack                                  0.953    

Slack (MET) :             0.972ns  (required time - arrival time)
  Source:                 u_axi_slave/slv_reg3_reg[5]/C
                            (rising edge-triggered cell FDRE clocked by s_axi_aclk  {rise@0.000ns fall@5.556ns period=11.111ns})
  Destination:            u_preprocessor/pred_data_out_reg[pred_accel_y_1][0]/D
                            (rising edge-triggered cell FDRE clocked by s_axi_aclk  {rise@0.000ns fall@5.556ns period=11.111ns})
  Path Group:             s_axi_aclk
  Path Type:              Setup (Max at Slow Process Corner)
  Requirement:            11.111ns  (s_axi_aclk rise@11.111ns - s_axi_aclk rise@0.000ns)
  Data Path Delay:        10.056ns  (logic 7.002ns (69.630%)  route 3.054ns (30.370%))
  Logic Levels:           31  (CARRY8=2 DSP_A_B_DATA=3 DSP_ALU=3 DSP_M_DATA=3 DSP_MULTIPLIER=3 DSP_OUTPUT=3 DSP_PREADD_DATA=3 LUT2=1 LUT3=1 LUT5=2 LUT6=7)
  Clock Path Skew:        -0.075ns (DCD - SCD + CPR)
    Destination Clock Delay (DCD):    1.759ns = ( 12.870 - 11.111 ) 
    Source Clock Delay      (SCD):    2.215ns
    Clock Pessimism Removal (CPR):    0.381ns
  Clock Uncertainty:      0.035ns  ((TSJ^2 + TIJ^2)^1/2 + DJ) / 2 + PE
    Total System Jitter     (TSJ):    0.071ns
    Total Input Jitter      (TIJ):    0.000ns
    Discrete Jitter          (DJ):    0.000ns
    Phase Error              (PE):    0.000ns
  Clock Net Delay (Source):      1.323ns (routing 0.185ns, distribution 1.138ns)
  Clock Net Delay (Destination): 1.177ns (routing 0.170ns, distribution 1.007ns)

    Location             Delay type                Incr(ns)  Path(ns)    Netlist Resource(s)
  -------------------------------------------------------------------    -------------------
                         (clock s_axi_aclk rise edge)
                                                      0.000     0.000 r  
    D7                                                0.000     0.000 r  S_AXI_ACLK (IN)
                         net (fo=0)                   0.000     0.000    S_AXI_ACLK_IBUF_inst/I
    D7                   INBUF (Prop_INBUF_HPIOB_M_PAD_O)
                                                      0.535     0.535 r  S_AXI_ACLK_IBUF_inst/INBUF_INST/O
                         net (fo=1, routed)           0.000     0.535    S_AXI_ACLK_IBUF_inst/OUT
    D7                   IBUFCTRL (Prop_IBUFCTRL_HPIOB_M_I_O)
                                                      0.000     0.535 r  S_AXI_ACLK_IBUF_inst/IBUFCTRL_INST/O
                         net (fo=1, routed)           0.329     0.864    S_AXI_ACLK_IBUF
    BUFGCE_X0Y67         BUFGCE (Prop_BUFCE_BUFGCE_I_O)
                                                      0.028     0.892 r  S_AXI_ACLK_IBUF_BUFG_inst/O
    X1Y2 (CLOCK_ROOT)    net (fo=5789, routed)        1.323     2.215    u_axi_slave/S_AXI_ACLK_IBUF_BUFG
    SLICE_X43Y86         FDRE                                         r  u_axi_slave/slv_reg3_reg[5]/C
  -------------------------------------------------------------------    -------------------
    SLICE_X43Y86         FDRE (Prop_CFF_SLICEM_C_Q)
                                                      0.095     2.310 f  u_axi_slave/slv_reg3_reg[5]/Q
                         net (fo=9, routed)           0.096     2.406    u_axi_slave/sim_data_out[incline_x][5]
    SLICE_X43Y86         LUT6 (Prop_F6LUT_SLICEM_I0_O)
                                                      0.177     2.583 f  u_axi_slave/g0_b0__3_i_6/O
                         net (fo=8, routed)           0.107     2.690    u_axi_slave/g0_b0__3_i_6_n_0
    SLICE_X44Y86         LUT6 (Prop_F6LUT_SLICEL_I3_O)
                                                      0.062     2.752 f  u_axi_slave/g0_b0__3_i_10/O
                         net (fo=2, routed)           0.101     2.853    u_axi_slave/g0_b0__3_i_10_n_0
    SLICE_X44Y87         LUT6 (Prop_G6LUT_SLICEL_I3_O)
                                                      0.038     2.891 r  u_axi_slave/consistency_cnt[0]_i_31__9/O
                         net (fo=3, routed)           0.122     3.012    u_axi_slave/consistency_cnt[0]_i_31__9_n_0
    SLICE_X43Y87         LUT6 (Prop_D6LUT_SLICEM_I0_O)
                                                      0.174     3.186 r  u_axi_slave/g0_b0__3_i_7/O
                         net (fo=12, routed)          0.225     3.411    u_axi_slave/g0_b0__3_i_7_n_0
    SLICE_X40Y88         LUT2 (Prop_E6LUT_SLICEM_I1_O)
                                                      0.039     3.450 r  u_axi_slave/g0_b0__3_i_3/O
                         net (fo=87, routed)          0.204     3.654    u_axi_slave/g0_b0__3_i_3_n_0
    SLICE_X42Y87         LUT5 (Prop_B6LUT_SLICEM_I2_O)
                                                      0.100     3.754 r  u_axi_slave/g0_b4__3/O
                         net (fo=8, routed)           0.188     3.942    u_axi_slave/g0_b4__3_n_0
    SLICE_X42Y90         LUT6 (Prop_E6LUT_SLICEM_I5_O)
                                                      0.148     4.090 r  u_axi_slave/g0_b4__4__0/O
                         net (fo=1, routed)           0.015     4.105    u_axi_slave/g0_b4__4__0_n_0
    SLICE_X42Y90         CARRY8 (Prop_CARRY8_SLICEM_S[4]_CO[7])
                                                      0.198     4.303 r  u_axi_slave/p_0_out__3_i_9/CO[7]
                         net (fo=1, routed)           0.028     4.331    u_axi_slave/p_0_out__3_i_9_n_0
    SLICE_X42Y91         CARRY8 (Prop_CARRY8_SLICEM_CI_O[0])
                                                      0.072     4.403 f  u_axi_slave/p_0_out__3_i_8/O[0]
                         net (fo=1, routed)           0.340     4.743    u_preprocessor/p_0_out__3/A[8]
    DSP48E2_X4Y36        DSP_A_B_DATA (Prop_DSP_A_B_DATA_DSP48E2_A[8]_A2_DATA[8])
                                                      0.241     4.984 r  u_preprocessor/p_0_out__3/DSP_A_B_DATA_INST/A2_DATA[8]
                         net (fo=1, routed)           0.000     4.984    u_preprocessor/p_0_out__3/DSP_A_B_DATA.A2_DATA<8>
    DSP48E2_X4Y36        DSP_PREADD_DATA (Prop_DSP_PREADD_DATA_DSP48E2_A2_DATA[8]_A2A1[8])
                                                      0.098     5.082 r  u_preprocessor/p_0_out__3/DSP_PREADD_DATA_INST/A2A1[8]
                         net (fo=1, routed)           0.000     5.082    u_preprocessor/p_0_out__3/DSP_PREADD_DATA.A2A1<8>
    DSP48E2_X4Y36        DSP_MULTIPLIER (Prop_DSP_MULTIPLIER_DSP48E2_A2A1[8]_V[8])
                                                      0.648     5.730 f  u_preprocessor/p_0_out__3/DSP_MULTIPLIER_INST/V[8]
                         net (fo=1, routed)           0.000     5.730    u_preprocessor/p_0_out__3/DSP_MULTIPLIER.V<8>
    DSP48E2_X4Y36        DSP_M_DATA (Prop_DSP_M_DATA_DSP48E2_V[8]_V_DATA[8])
                                                      0.057     5.787 r  u_preprocessor/p_0_out__3/DSP_M_DATA_INST/V_DATA[8]
                         net (fo=1, routed)           0.000     5.787    u_preprocessor/p_0_out__3/DSP_M_DATA.V_DATA<8>
    DSP48E2_X4Y36        DSP_ALU (Prop_DSP_ALU_DSP48E2_V_DATA[8]_ALU_OUT[8])
                                                      0.688     6.475 f  u_preprocessor/p_0_out__3/DSP_ALU_INST/ALU_OUT[8]
                         net (fo=1, routed)           0.000     6.475    u_preprocessor/p_0_out__3/DSP_ALU.ALU_OUT<8>
    DSP48E2_X4Y36        DSP_OUTPUT (Prop_DSP_OUTPUT_DSP48E2_ALU_OUT[8]_P[8])
                                                      0.141     6.616 r  u_preprocessor/p_0_out__3/DSP_OUTPUT_INST/P[8]
                         net (fo=5, routed)           0.268     6.885    u_axi_slave/p_0_out__4_i_8_0[1]
    SLICE_X44Y93         LUT6 (Prop_B6LUT_SLICEL_I3_O)
                                                      0.115     7.000 r  u_axi_slave/p_0_out__4_i_22/O
                         net (fo=8, routed)           0.124     7.123    u_axi_slave/p_0_out__4_i_22_n_0
    SLICE_X43Y93         LUT6 (Prop_E6LUT_SLICEM_I1_O)
                                                      0.039     7.162 r  u_axi_slave/p_0_out__4_i_17/O
                         net (fo=5, routed)           0.197     7.359    u_axi_slave/p_0_out__4_i_17_n_0
    SLICE_X43Y94         LUT5 (Prop_F6LUT_SLICEM_I2_O)
                                                      0.038     7.397 r  u_axi_slave/p_0_out__4_i_13/O
                         net (fo=1, routed)           0.203     7.600    u_axi_slave/p_0_out__4_i_13_n_0
    SLICE_X44Y96         LUT3 (Prop_E6LUT_SLICEL_I2_O)
                                                      0.064     7.664 f  u_axi_slave/p_0_out__4_i_2/O
                         net (fo=1, routed)           0.133     7.797    u_preprocessor/p_0_out__4/A[10]
    DSP48E2_X4Y38        DSP_A_B_DATA (Prop_DSP_A_B_DATA_DSP48E2_A[10]_A2_DATA[10])
                                                      0.241     8.038 r  u_preprocessor/p_0_out__4/DSP_A_B_DATA_INST/A2_DATA[10]
                         net (fo=1, routed)           0.000     8.038    u_preprocessor/p_0_out__4/DSP_A_B_DATA.A2_DATA<10>
    DSP48E2_X4Y38        DSP_PREADD_DATA (Prop_DSP_PREADD_DATA_DSP48E2_A2_DATA[10]_A2A1[10])
                                                      0.098     8.136 r  u_preprocessor/p_0_out__4/DSP_PREADD_DATA_INST/A2A1[10]
                         net (fo=1, routed)           0.000     8.136    u_preprocessor/p_0_out__4/DSP_PREADD_DATA.A2A1<10>
    DSP48E2_X4Y38        DSP_MULTIPLIER (Prop_DSP_MULTIPLIER_DSP48E2_A2A1[10]_U[12])
                                                      0.647     8.783 f  u_preprocessor/p_0_out__4/DSP_MULTIPLIER_INST/U[12]
                         net (fo=1, routed)           0.000     8.783    u_preprocessor/p_0_out__4/DSP_MULTIPLIER.U<12>
    DSP48E2_X4Y38        DSP_M_DATA (Prop_DSP_M_DATA_DSP48E2_U[12]_U_DATA[12])
                                                      0.059     8.842 r  u_preprocessor/p_0_out__4/DSP_M_DATA_INST/U_DATA[12]
                         net (fo=1, routed)           0.000     8.842    u_preprocessor/p_0_out__4/DSP_M_DATA.U_DATA<12>
    DSP48E2_X4Y38        DSP_ALU (Prop_DSP_ALU_DSP48E2_U_DATA[12]_ALU_OUT[12])
                                                      0.699     9.541 r  u_preprocessor/p_0_out__4/DSP_ALU_INST/ALU_OUT[12]
                         net (fo=1, routed)           0.000     9.541    u_preprocessor/p_0_out__4/DSP_ALU.ALU_OUT<12>
    DSP48E2_X4Y38        DSP_OUTPUT (Prop_DSP_OUTPUT_DSP48E2_ALU_OUT[12]_P[12])
                                                      0.141     9.682 f  u_preprocessor/p_0_out__4/DSP_OUTPUT_INST/P[12]
                         net (fo=1, routed)           0.391    10.073    u_preprocessor/p_0_out__6/A[12]
    DSP48E2_X4Y39        DSP_A_B_DATA (Prop_DSP_A_B_DATA_DSP48E2_A[12]_A2_DATA[12])
                                                      0.241    10.314 r  u_preprocessor/p_0_out__6/DSP_A_B_DATA_INST/A2_DATA[12]
                         net (fo=1, routed)           0.000    10.314    u_preprocessor/p_0_out__6/DSP_A_B_DATA.A2_DATA<12>
    DSP48E2_X4Y39        DSP_PREADD_DATA (Prop_DSP_PREADD_DATA_DSP48E2_A2_DATA[12]_A2A1[12])
                                                      0.098    10.412 r  u_preprocessor/p_0_out__6/DSP_PREADD_DATA_INST/A2A1[12]
                         net (fo=1, routed)           0.000    10.412    u_preprocessor/p_0_out__6/DSP_PREADD_DATA.A2A1<12>
    DSP48E2_X4Y39        DSP_MULTIPLIER (Prop_DSP_MULTIPLIER_DSP48E2_A2A1[12]_U[20])
                                                      0.647    11.059 f  u_preprocessor/p_0_out__6/DSP_MULTIPLIER_INST/U[20]
                         net (fo=1, routed)           0.000    11.059    u_preprocessor/p_0_out__6/DSP_MULTIPLIER.U<20>
    DSP48E2_X4Y39        DSP_M_DATA (Prop_DSP_M_DATA_DSP48E2_U[20]_U_DATA[20])
                                                      0.059    11.118 r  u_preprocessor/p_0_out__6/DSP_M_DATA_INST/U_DATA[20]
                         net (fo=1, routed)           0.000    11.118    u_preprocessor/p_0_out__6/DSP_M_DATA.U_DATA<20>
    DSP48E2_X4Y39        DSP_ALU (Prop_DSP_ALU_DSP48E2_U_DATA[20]_ALU_OUT[20])
                                                      0.699    11.817 f  u_preprocessor/p_0_out__6/DSP_ALU_INST/ALU_OUT[20]
                         net (fo=1, routed)           0.000    11.817    u_preprocessor/p_0_out__6/DSP_ALU.ALU_OUT<20>
    DSP48E2_X4Y39        DSP_OUTPUT (Prop_DSP_OUTPUT_DSP48E2_ALU_OUT[20]_P[20])
                                                      0.141    11.958 r  u_preprocessor/p_0_out__6/DSP_OUTPUT_INST/P[20]
                         net (fo=1, routed)           0.313    12.271    u_preprocessor/grav_y[0]
    SLICE_X42Y97         FDRE                                         r  u_preprocessor/pred_data_out_reg[pred_accel_y_1][0]/D
  -------------------------------------------------------------------    -------------------

                         (clock s_axi_aclk rise edge)
                                                     11.111    11.111 r  
    D7                                                0.000    11.111 r  S_AXI_ACLK (IN)
                         net (fo=0)                   0.000    11.111    S_AXI_ACLK_IBUF_inst/I
    D7                   INBUF (Prop_INBUF_HPIOB_M_PAD_O)
                                                      0.268    11.379 r  S_AXI_ACLK_IBUF_inst/INBUF_INST/O
                         net (fo=1, routed)           0.000    11.379    S_AXI_ACLK_IBUF_inst/OUT
    D7                   IBUFCTRL (Prop_IBUFCTRL_HPIOB_M_I_O)
                                                      0.000    11.379 r  S_AXI_ACLK_IBUF_inst/IBUFCTRL_INST/O
                         net (fo=1, routed)           0.290    11.669    S_AXI_ACLK_IBUF
    BUFGCE_X0Y67         BUFGCE (Prop_BUFCE_BUFGCE_I_O)
                                                      0.024    11.693 r  S_AXI_ACLK_IBUF_BUFG_inst/O
    X1Y2 (CLOCK_ROOT)    net (fo=5789, routed)        1.177    12.870    u_preprocessor/S_AXI_ACLK_IBUF_BUFG
    SLICE_X42Y97         FDRE                                         r  u_preprocessor/pred_data_out_reg[pred_accel_y_1][0]/C
                         clock pessimism              0.381    13.252    
                         clock uncertainty           -0.035    13.216    
    SLICE_X42Y97         FDRE (Setup_EFF2_SLICEM_C_D)
                                                      0.027    13.243    u_preprocessor/pred_data_out_reg[pred_accel_y_1][0]
  -------------------------------------------------------------------
                         required time                         13.243    
                         arrival time                         -12.271    
  -------------------------------------------------------------------
                         slack                                  0.972    





Min Delay Paths
--------------------------------------------------------------------------------------
Slack (MET) :             0.004ns  (arrival time - required time)
  Source:                 u_preprocessor/sensor_data_out_reg[lux][9]/C
                            (rising edge-triggered cell FDRE clocked by s_axi_aclk  {rise@0.000ns fall@5.556ns period=11.111ns})
  Destination:            u_risk_types/sensor_data_out_reg[lux][9]/D
                            (rising edge-triggered cell FDRE clocked by s_axi_aclk  {rise@0.000ns fall@5.556ns period=11.111ns})
  Path Group:             s_axi_aclk
  Path Type:              Hold (Min at Slow Process Corner)
  Requirement:            0.000ns  (s_axi_aclk rise@0.000ns - s_axi_aclk rise@0.000ns)
  Data Path Delay:        0.188ns  (logic 0.071ns (37.829%)  route 0.117ns (62.171%))
  Logic Levels:           0  
  Clock Path Skew:        0.129ns (DCD - SCD - CPR)
    Destination Clock Delay (DCD):    2.241ns
    Source Clock Delay      (SCD):    1.734ns
    Clock Pessimism Removal (CPR):    0.378ns
  Clock Net Delay (Source):      1.152ns (routing 0.170ns, distribution 0.982ns)
  Clock Net Delay (Destination): 1.349ns (routing 0.185ns, distribution 1.164ns)

    Location             Delay type                Incr(ns)  Path(ns)    Netlist Resource(s)
  -------------------------------------------------------------------    -------------------
                         (clock s_axi_aclk rise edge)
                                                      0.000     0.000 r  
    D7                                                0.000     0.000 r  S_AXI_ACLK (IN)
                         net (fo=0)                   0.000     0.000    S_AXI_ACLK_IBUF_inst/I
    D7                   INBUF (Prop_INBUF_HPIOB_M_PAD_O)
                                                      0.268     0.268 r  S_AXI_ACLK_IBUF_inst/INBUF_INST/O
                         net (fo=1, routed)           0.000     0.268    S_AXI_ACLK_IBUF_inst/OUT
    D7                   IBUFCTRL (Prop_IBUFCTRL_HPIOB_M_I_O)
                                                      0.000     0.268 r  S_AXI_ACLK_IBUF_inst/IBUFCTRL_INST/O
                         net (fo=1, routed)           0.290     0.558    S_AXI_ACLK_IBUF
    BUFGCE_X0Y67         BUFGCE (Prop_BUFCE_BUFGCE_I_O)
                                                      0.024     0.582 r  S_AXI_ACLK_IBUF_BUFG_inst/O
    X1Y2 (CLOCK_ROOT)    net (fo=5789, routed)        1.152     1.734    u_preprocessor/S_AXI_ACLK_IBUF_BUFG
    SLICE_X33Y127        FDRE                                         r  u_preprocessor/sensor_data_out_reg[lux][9]/C
  -------------------------------------------------------------------    -------------------
    SLICE_X33Y127        FDRE (Prop_BFF2_SLICEL_C_Q)
                                                      0.071     1.805 r  u_preprocessor/sensor_data_out_reg[lux][9]/Q
                         net (fo=10, routed)          0.117     1.922    u_risk_types/sensor_data_out_reg[lux][17]_1[9]
    SLICE_X35Y126        FDRE                                         r  u_risk_types/sensor_data_out_reg[lux][9]/D
  -------------------------------------------------------------------    -------------------

                         (clock s_axi_aclk rise edge)
                                                      0.000     0.000 r  
    D7                                                0.000     0.000 r  S_AXI_ACLK (IN)
                         net (fo=0)                   0.000     0.000    S_AXI_ACLK_IBUF_inst/I
    D7                   INBUF (Prop_INBUF_HPIOB_M_PAD_O)
                                                      0.535     0.535 r  S_AXI_ACLK_IBUF_inst/INBUF_INST/O
                         net (fo=1, routed)           0.000     0.535    S_AXI_ACLK_IBUF_inst/OUT
    D7                   IBUFCTRL (Prop_IBUFCTRL_HPIOB_M_I_O)
                                                      0.000     0.535 r  S_AXI_ACLK_IBUF_inst/IBUFCTRL_INST/O
                         net (fo=1, routed)           0.329     0.864    S_AXI_ACLK_IBUF
    BUFGCE_X0Y67         BUFGCE (Prop_BUFCE_BUFGCE_I_O)
                                                      0.028     0.892 r  S_AXI_ACLK_IBUF_BUFG_inst/O
    X1Y2 (CLOCK_ROOT)    net (fo=5789, routed)        1.349     2.241    u_risk_types/S_AXI_ACLK_IBUF_BUFG
    SLICE_X35Y126        FDRE                                         r  u_risk_types/sensor_data_out_reg[lux][9]/C
                         clock pessimism             -0.378     1.863    
    SLICE_X35Y126        FDRE (Hold_DFF2_SLICEL_C_D)
                                                      0.055     1.918    u_risk_types/sensor_data_out_reg[lux][9]
  -------------------------------------------------------------------
                         required time                         -1.918    
                         arrival time                           1.922    
  -------------------------------------------------------------------
                         slack                                  0.004    

Slack (MET) :             0.006ns  (arrival time - required time)
  Source:                 u_axi_slave/slv_reg2_reg[19]/C
                            (rising edge-triggered cell FDRE clocked by s_axi_aclk  {rise@0.000ns fall@5.556ns period=11.111ns})
  Destination:            u_preprocessor/sensor_data_out_reg[gyro_z][3]/D
                            (rising edge-triggered cell FDRE clocked by s_axi_aclk  {rise@0.000ns fall@5.556ns period=11.111ns})
  Path Group:             s_axi_aclk
  Path Type:              Hold (Min at Slow Process Corner)
  Requirement:            0.000ns  (s_axi_aclk rise@0.000ns - s_axi_aclk rise@0.000ns)
  Data Path Delay:        0.241ns  (logic 0.070ns (29.050%)  route 0.171ns (70.950%))
  Logic Levels:           0  
  Clock Path Skew:        0.182ns (DCD - SCD - CPR)
    Destination Clock Delay (DCD):    2.265ns
    Source Clock Delay      (SCD):    1.701ns
    Clock Pessimism Removal (CPR):    0.381ns
  Clock Net Delay (Source):      1.119ns (routing 0.170ns, distribution 0.949ns)
  Clock Net Delay (Destination): 1.373ns (routing 0.185ns, distribution 1.188ns)

    Location             Delay type                Incr(ns)  Path(ns)    Netlist Resource(s)
  -------------------------------------------------------------------    -------------------
                         (clock s_axi_aclk rise edge)
                                                      0.000     0.000 r  
    D7                                                0.000     0.000 r  S_AXI_ACLK (IN)
                         net (fo=0)                   0.000     0.000    S_AXI_ACLK_IBUF_inst/I
    D7                   INBUF (Prop_INBUF_HPIOB_M_PAD_O)
                                                      0.268     0.268 r  S_AXI_ACLK_IBUF_inst/INBUF_INST/O
                         net (fo=1, routed)           0.000     0.268    S_AXI_ACLK_IBUF_inst/OUT
    D7                   IBUFCTRL (Prop_IBUFCTRL_HPIOB_M_I_O)
                                                      0.000     0.268 r  S_AXI_ACLK_IBUF_inst/IBUFCTRL_INST/O
                         net (fo=1, routed)           0.290     0.558    S_AXI_ACLK_IBUF
    BUFGCE_X0Y67         BUFGCE (Prop_BUFCE_BUFGCE_I_O)
                                                      0.024     0.582 r  S_AXI_ACLK_IBUF_BUFG_inst/O
    X1Y2 (CLOCK_ROOT)    net (fo=5789, routed)        1.119     1.701    u_axi_slave/S_AXI_ACLK_IBUF_BUFG
    SLICE_X43Y99         FDRE                                         r  u_axi_slave/slv_reg2_reg[19]/C
  -------------------------------------------------------------------    -------------------
    SLICE_X43Y99         FDRE (Prop_GFF_SLICEM_C_Q)
                                                      0.070     1.771 r  u_axi_slave/slv_reg2_reg[19]/Q
                         net (fo=4, routed)           0.171     1.942    u_preprocessor/sensor_data_out_reg[gyro_z][15]_2[3]
    SLICE_X42Y101        FDRE                                         r  u_preprocessor/sensor_data_out_reg[gyro_z][3]/D
  -------------------------------------------------------------------    -------------------

                         (clock s_axi_aclk rise edge)
                                                      0.000     0.000 r  
    D7                                                0.000     0.000 r  S_AXI_ACLK (IN)
                         net (fo=0)                   0.000     0.000    S_AXI_ACLK_IBUF_inst/I
    D7                   INBUF (Prop_INBUF_HPIOB_M_PAD_O)
                                                      0.535     0.535 r  S_AXI_ACLK_IBUF_inst/INBUF_INST/O
                         net (fo=1, routed)           0.000     0.535    S_AXI_ACLK_IBUF_inst/OUT
    D7                   IBUFCTRL (Prop_IBUFCTRL_HPIOB_M_I_O)
                                                      0.000     0.535 r  S_AXI_ACLK_IBUF_inst/IBUFCTRL_INST/O
                         net (fo=1, routed)           0.329     0.864    S_AXI_ACLK_IBUF
    BUFGCE_X0Y67         BUFGCE (Prop_BUFCE_BUFGCE_I_O)
                                                      0.028     0.892 r  S_AXI_ACLK_IBUF_BUFG_inst/O
    X1Y2 (CLOCK_ROOT)    net (fo=5789, routed)        1.373     2.265    u_preprocessor/S_AXI_ACLK_IBUF_BUFG
    SLICE_X42Y101        FDRE                                         r  u_preprocessor/sensor_data_out_reg[gyro_z][3]/C
                         clock pessimism             -0.381     1.884    
    SLICE_X42Y101        FDRE (Hold_HFF_SLICEM_C_D)
                                                      0.053     1.937    u_preprocessor/sensor_data_out_reg[gyro_z][3]
  -------------------------------------------------------------------
                         required time                         -1.937    
                         arrival time                           1.942    
  -------------------------------------------------------------------
                         slack                                  0.006    

Slack (MET) :             0.008ns  (arrival time - required time)
  Source:                 u_axi_slave/slv_reg8_reg[3]/C
                            (rising edge-triggered cell FDRE clocked by s_axi_aclk  {rise@0.000ns fall@5.556ns period=11.111ns})
  Destination:            u_preprocessor/sim_data_out_reg[situation][0]/D
                            (rising edge-triggered cell FDRE clocked by s_axi_aclk  {rise@0.000ns fall@5.556ns period=11.111ns})
  Path Group:             s_axi_aclk
  Path Type:              Hold (Min at Slow Process Corner)
  Requirement:            0.000ns  (s_axi_aclk rise@0.000ns - s_axi_aclk rise@0.000ns)
  Data Path Delay:        0.165ns  (logic 0.070ns (42.424%)  route 0.095ns (57.576%))
  Logic Levels:           0  
  Clock Path Skew:        0.102ns (DCD - SCD - CPR)
    Destination Clock Delay (DCD):    2.188ns
    Source Clock Delay      (SCD):    1.708ns
    Clock Pessimism Removal (CPR):    0.378ns
  Clock Net Delay (Source):      1.126ns (routing 0.170ns, distribution 0.956ns)
  Clock Net Delay (Destination): 1.296ns (routing 0.185ns, distribution 1.111ns)

    Location             Delay type                Incr(ns)  Path(ns)    Netlist Resource(s)
  -------------------------------------------------------------------    -------------------
                         (clock s_axi_aclk rise edge)
                                                      0.000     0.000 r  
    D7                                                0.000     0.000 r  S_AXI_ACLK (IN)
                         net (fo=0)                   0.000     0.000    S_AXI_ACLK_IBUF_inst/I
    D7                   INBUF (Prop_INBUF_HPIOB_M_PAD_O)
                                                      0.268     0.268 r  S_AXI_ACLK_IBUF_inst/INBUF_INST/O
                         net (fo=1, routed)           0.000     0.268    S_AXI_ACLK_IBUF_inst/OUT
    D7                   IBUFCTRL (Prop_IBUFCTRL_HPIOB_M_I_O)
                                                      0.000     0.268 r  S_AXI_ACLK_IBUF_inst/IBUFCTRL_INST/O
                         net (fo=1, routed)           0.290     0.558    S_AXI_ACLK_IBUF
    BUFGCE_X0Y67         BUFGCE (Prop_BUFCE_BUFGCE_I_O)
                                                      0.024     0.582 r  S_AXI_ACLK_IBUF_BUFG_inst/O
    X1Y2 (CLOCK_ROOT)    net (fo=5789, routed)        1.126     1.708    u_axi_slave/S_AXI_ACLK_IBUF_BUFG
    SLICE_X43Y136        FDRE                                         r  u_axi_slave/slv_reg8_reg[3]/C
  -------------------------------------------------------------------    -------------------
    SLICE_X43Y136        FDRE (Prop_HFF_SLICEM_C_Q)
                                                      0.070     1.778 r  u_axi_slave/slv_reg8_reg[3]/Q
                         net (fo=2, routed)           0.095     1.873    u_preprocessor/sim_data_out_reg[situation][2]_0[0]
    SLICE_X42Y136        FDRE                                         r  u_preprocessor/sim_data_out_reg[situation][0]/D
  -------------------------------------------------------------------    -------------------

                         (clock s_axi_aclk rise edge)
                                                      0.000     0.000 r  
    D7                                                0.000     0.000 r  S_AXI_ACLK (IN)
                         net (fo=0)                   0.000     0.000    S_AXI_ACLK_IBUF_inst/I
    D7                   INBUF (Prop_INBUF_HPIOB_M_PAD_O)
                                                      0.535     0.535 r  S_AXI_ACLK_IBUF_inst/INBUF_INST/O
                         net (fo=1, routed)           0.000     0.535    S_AXI_ACLK_IBUF_inst/OUT
    D7                   IBUFCTRL (Prop_IBUFCTRL_HPIOB_M_I_O)
                                                      0.000     0.535 r  S_AXI_ACLK_IBUF_inst/IBUFCTRL_INST/O
                         net (fo=1, routed)           0.329     0.864    S_AXI_ACLK_IBUF
    BUFGCE_X0Y67         BUFGCE (Prop_BUFCE_BUFGCE_I_O)
                                                      0.028     0.892 r  S_AXI_ACLK_IBUF_BUFG_inst/O
    X1Y2 (CLOCK_ROOT)    net (fo=5789, routed)        1.296     2.188    u_preprocessor/S_AXI_ACLK_IBUF_BUFG
    SLICE_X42Y136        FDRE                                         r  u_preprocessor/sim_data_out_reg[situation][0]/C
                         clock pessimism             -0.378     1.810    
    SLICE_X42Y136        FDRE (Hold_GFF2_SLICEM_C_D)
                                                      0.055     1.865    u_preprocessor/sim_data_out_reg[situation][0]
  -------------------------------------------------------------------
                         required time                         -1.865    
                         arrival time                           1.873    
  -------------------------------------------------------------------
                         slack                                  0.008    

Slack (MET) :             0.010ns  (arrival time - required time)
  Source:                 u_axi_slave/slv_reg2_reg[12]/C
                            (rising edge-triggered cell FDRE clocked by s_axi_aclk  {rise@0.000ns fall@5.556ns period=11.111ns})
  Destination:            u_preprocessor/sensor_data_out_reg[gyro_y][12]/D
                            (rising edge-triggered cell FDRE clocked by s_axi_aclk  {rise@0.000ns fall@5.556ns period=11.111ns})
  Path Group:             s_axi_aclk
  Path Type:              Hold (Min at Slow Process Corner)
  Requirement:            0.000ns  (s_axi_aclk rise@0.000ns - s_axi_aclk rise@0.000ns)
  Data Path Delay:        0.229ns  (logic 0.072ns (31.413%)  route 0.157ns (68.587%))
  Logic Levels:           0  
  Clock Path Skew:        0.167ns (DCD - SCD - CPR)
    Destination Clock Delay (DCD):    2.274ns
    Source Clock Delay      (SCD):    1.726ns
    Clock Pessimism Removal (CPR):    0.381ns
  Clock Net Delay (Source):      1.144ns (routing 0.170ns, distribution 0.974ns)
  Clock Net Delay (Destination): 1.382ns (routing 0.185ns, distribution 1.197ns)

    Location             Delay type                Incr(ns)  Path(ns)    Netlist Resource(s)
  -------------------------------------------------------------------    -------------------
                         (clock s_axi_aclk rise edge)
                                                      0.000     0.000 r  
    D7                                                0.000     0.000 r  S_AXI_ACLK (IN)
                         net (fo=0)                   0.000     0.000    S_AXI_ACLK_IBUF_inst/I
    D7                   INBUF (Prop_INBUF_HPIOB_M_PAD_O)
                                                      0.268     0.268 r  S_AXI_ACLK_IBUF_inst/INBUF_INST/O
                         net (fo=1, routed)           0.000     0.268    S_AXI_ACLK_IBUF_inst/OUT
    D7                   IBUFCTRL (Prop_IBUFCTRL_HPIOB_M_I_O)
                                                      0.000     0.268 r  S_AXI_ACLK_IBUF_inst/IBUFCTRL_INST/O
                         net (fo=1, routed)           0.290     0.558    S_AXI_ACLK_IBUF
    BUFGCE_X0Y67         BUFGCE (Prop_BUFCE_BUFGCE_I_O)
                                                      0.024     0.582 r  S_AXI_ACLK_IBUF_BUFG_inst/O
    X1Y2 (CLOCK_ROOT)    net (fo=5789, routed)        1.144     1.726    u_axi_slave/S_AXI_ACLK_IBUF_BUFG
    SLICE_X43Y114        FDRE                                         r  u_axi_slave/slv_reg2_reg[12]/C
  -------------------------------------------------------------------    -------------------
    SLICE_X43Y114        FDRE (Prop_FFF2_SLICEM_C_Q)
                                                      0.072     1.798 r  u_axi_slave/slv_reg2_reg[12]/Q
                         net (fo=3, routed)           0.157     1.956    u_preprocessor/sensor_data_out_reg[gyro_y][15]_2[12]
    SLICE_X42Y112        FDRE                                         r  u_preprocessor/sensor_data_out_reg[gyro_y][12]/D
  -------------------------------------------------------------------    -------------------

                         (clock s_axi_aclk rise edge)
                                                      0.000     0.000 r  
    D7                                                0.000     0.000 r  S_AXI_ACLK (IN)
                         net (fo=0)                   0.000     0.000    S_AXI_ACLK_IBUF_inst/I
    D7                   INBUF (Prop_INBUF_HPIOB_M_PAD_O)
                                                      0.535     0.535 r  S_AXI_ACLK_IBUF_inst/INBUF_INST/O
                         net (fo=1, routed)           0.000     0.535    S_AXI_ACLK_IBUF_inst/OUT
    D7                   IBUFCTRL (Prop_IBUFCTRL_HPIOB_M_I_O)
                                                      0.000     0.535 r  S_AXI_ACLK_IBUF_inst/IBUFCTRL_INST/O
                         net (fo=1, routed)           0.329     0.864    S_AXI_ACLK_IBUF
    BUFGCE_X0Y67         BUFGCE (Prop_BUFCE_BUFGCE_I_O)
                                                      0.028     0.892 r  S_AXI_ACLK_IBUF_BUFG_inst/O
    X1Y2 (CLOCK_ROOT)    net (fo=5789, routed)        1.382     2.274    u_preprocessor/S_AXI_ACLK_IBUF_BUFG
    SLICE_X42Y112        FDRE                                         r  u_preprocessor/sensor_data_out_reg[gyro_y][12]/C
                         clock pessimism             -0.381     1.893    
    SLICE_X42Y112        FDRE (Hold_CFF_SLICEM_C_D)
                                                      0.053     1.946    u_preprocessor/sensor_data_out_reg[gyro_y][12]
  -------------------------------------------------------------------
                         required time                         -1.946    
                         arrival time                           1.956    
  -------------------------------------------------------------------
                         slack                                  0.010    

Slack (MET) :             0.020ns  (arrival time - required time)
  Source:                 u_axi_slave/slv_reg2_reg[30]/C
                            (rising edge-triggered cell FDRE clocked by s_axi_aclk  {rise@0.000ns fall@5.556ns period=11.111ns})
  Destination:            u_preprocessor/processed_data_out_reg[delta_gyro_z][15]/D
                            (rising edge-triggered cell FDRE clocked by s_axi_aclk  {rise@0.000ns fall@5.556ns period=11.111ns})
  Path Group:             s_axi_aclk
  Path Type:              Hold (Min at Slow Process Corner)
  Requirement:            0.000ns  (s_axi_aclk rise@0.000ns - s_axi_aclk rise@0.000ns)
  Data Path Delay:        0.235ns  (logic 0.142ns (60.359%)  route 0.093ns (39.641%))
  Logic Levels:           1  (CARRY8=1)
  Clock Path Skew:        0.162ns (DCD - SCD - CPR)
    Destination Clock Delay (DCD):    2.264ns
    Source Clock Delay      (SCD):    1.720ns
    Clock Pessimism Removal (CPR):    0.381ns
  Clock Net Delay (Source):      1.138ns (routing 0.170ns, distribution 0.968ns)
  Clock Net Delay (Destination): 1.372ns (routing 0.185ns, distribution 1.187ns)

    Location             Delay type                Incr(ns)  Path(ns)    Netlist Resource(s)
  -------------------------------------------------------------------    -------------------
                         (clock s_axi_aclk rise edge)
                                                      0.000     0.000 r  
    D7                                                0.000     0.000 r  S_AXI_ACLK (IN)
                         net (fo=0)                   0.000     0.000    S_AXI_ACLK_IBUF_inst/I
    D7                   INBUF (Prop_INBUF_HPIOB_M_PAD_O)
                                                      0.268     0.268 r  S_AXI_ACLK_IBUF_inst/INBUF_INST/O
                         net (fo=1, routed)           0.000     0.268    S_AXI_ACLK_IBUF_inst/OUT
    D7                   IBUFCTRL (Prop_IBUFCTRL_HPIOB_M_I_O)
                                                      0.000     0.268 r  S_AXI_ACLK_IBUF_inst/IBUFCTRL_INST/O
                         net (fo=1, routed)           0.290     0.558    S_AXI_ACLK_IBUF
    BUFGCE_X0Y67         BUFGCE (Prop_BUFCE_BUFGCE_I_O)
                                                      0.024     0.582 r  S_AXI_ACLK_IBUF_BUFG_inst/O
    X1Y2 (CLOCK_ROOT)    net (fo=5789, routed)        1.138     1.720    u_axi_slave/S_AXI_ACLK_IBUF_BUFG
    SLICE_X41Y100        FDRE                                         r  u_axi_slave/slv_reg2_reg[30]/C
  -------------------------------------------------------------------    -------------------
    SLICE_X41Y100        FDRE (Prop_AFF2_SLICEL_C_Q)
                                                      0.072     1.792 r  u_axi_slave/slv_reg2_reg[30]/Q
                         net (fo=5, routed)           0.081     1.874    u_axi_slave/sensor_data_out[gyro_z][14]
    SLICE_X42Y100        CARRY8 (Prop_CARRY8_SLICEM_DI[6]_O[7])
                                                      0.070     1.944 r  u_axi_slave/processed_data_out_reg[delta_gyro_z][15]_i_1/O[7]
                         net (fo=1, routed)           0.012     1.956    u_preprocessor/processed_data_out_reg[delta_gyro_z][16]_1[15]
    SLICE_X42Y100        FDRE                                         r  u_preprocessor/processed_data_out_reg[delta_gyro_z][15]/D
  -------------------------------------------------------------------    -------------------

                         (clock s_axi_aclk rise edge)
                                                      0.000     0.000 r  
    D7                                                0.000     0.000 r  S_AXI_ACLK (IN)
                         net (fo=0)                   0.000     0.000    S_AXI_ACLK_IBUF_inst/I
    D7                   INBUF (Prop_INBUF_HPIOB_M_PAD_O)
                                                      0.535     0.535 r  S_AXI_ACLK_IBUF_inst/INBUF_INST/O
                         net (fo=1, routed)           0.000     0.535    S_AXI_ACLK_IBUF_inst/OUT
    D7                   IBUFCTRL (Prop_IBUFCTRL_HPIOB_M_I_O)
                                                      0.000     0.535 r  S_AXI_ACLK_IBUF_inst/IBUFCTRL_INST/O
                         net (fo=1, routed)           0.329     0.864    S_AXI_ACLK_IBUF
    BUFGCE_X0Y67         BUFGCE (Prop_BUFCE_BUFGCE_I_O)
                                                      0.028     0.892 r  S_AXI_ACLK_IBUF_BUFG_inst/O
    X1Y2 (CLOCK_ROOT)    net (fo=5789, routed)        1.372     2.264    u_preprocessor/S_AXI_ACLK_IBUF_BUFG
    SLICE_X42Y100        FDRE                                         r  u_preprocessor/processed_data_out_reg[delta_gyro_z][15]/C
                         clock pessimism             -0.381     1.883    
    SLICE_X42Y100        FDRE (Hold_HFF_SLICEM_C_D)
                                                      0.053     1.936    u_preprocessor/processed_data_out_reg[delta_gyro_z][15]
  -------------------------------------------------------------------
                         required time                         -1.936    
                         arrival time                           1.956    
  -------------------------------------------------------------------
                         slack                                  0.020    

Slack (MET) :             0.024ns  (arrival time - required time)
  Source:                 u_axi_slave/slv_reg2_reg[5]/C
                            (rising edge-triggered cell FDRE clocked by s_axi_aclk  {rise@0.000ns fall@5.556ns period=11.111ns})
  Destination:            u_preprocessor/sensor_data_out_reg[gyro_y][5]/D
                            (rising edge-triggered cell FDRE clocked by s_axi_aclk  {rise@0.000ns fall@5.556ns period=11.111ns})
  Path Group:             s_axi_aclk
  Path Type:              Hold (Min at Slow Process Corner)
  Requirement:            0.000ns  (s_axi_aclk rise@0.000ns - s_axi_aclk rise@0.000ns)
  Data Path Delay:        0.244ns  (logic 0.072ns (29.460%)  route 0.172ns (70.540%))
  Logic Levels:           0  
  Clock Path Skew:        0.168ns (DCD - SCD - CPR)
    Destination Clock Delay (DCD):    2.274ns
    Source Clock Delay      (SCD):    1.725ns
    Clock Pessimism Removal (CPR):    0.381ns
  Clock Net Delay (Source):      1.143ns (routing 0.170ns, distribution 0.973ns)
  Clock Net Delay (Destination): 1.382ns (routing 0.185ns, distribution 1.197ns)

    Location             Delay type                Incr(ns)  Path(ns)    Netlist Resource(s)
  -------------------------------------------------------------------    -------------------
                         (clock s_axi_aclk rise edge)
                                                      0.000     0.000 r  
    D7                                                0.000     0.000 r  S_AXI_ACLK (IN)
                         net (fo=0)                   0.000     0.000    S_AXI_ACLK_IBUF_inst/I
    D7                   INBUF (Prop_INBUF_HPIOB_M_PAD_O)
                                                      0.268     0.268 r  S_AXI_ACLK_IBUF_inst/INBUF_INST/O
                         net (fo=1, routed)           0.000     0.268    S_AXI_ACLK_IBUF_inst/OUT
    D7                   IBUFCTRL (Prop_IBUFCTRL_HPIOB_M_I_O)
                                                      0.000     0.268 r  S_AXI_ACLK_IBUF_inst/IBUFCTRL_INST/O
                         net (fo=1, routed)           0.290     0.558    S_AXI_ACLK_IBUF
    BUFGCE_X0Y67         BUFGCE (Prop_BUFCE_BUFGCE_I_O)
                                                      0.024     0.582 r  S_AXI_ACLK_IBUF_BUFG_inst/O
    X1Y2 (CLOCK_ROOT)    net (fo=5789, routed)        1.143     1.725    u_axi_slave/S_AXI_ACLK_IBUF_BUFG
    SLICE_X43Y111        FDRE                                         r  u_axi_slave/slv_reg2_reg[5]/C
  -------------------------------------------------------------------    -------------------
    SLICE_X43Y111        FDRE (Prop_GFF2_SLICEM_C_Q)
                                                      0.072     1.797 r  u_axi_slave/slv_reg2_reg[5]/Q
                         net (fo=3, routed)           0.172     1.970    u_preprocessor/sensor_data_out_reg[gyro_y][15]_2[5]
    SLICE_X42Y112        FDRE                                         r  u_preprocessor/sensor_data_out_reg[gyro_y][5]/D
  -------------------------------------------------------------------    -------------------

                         (clock s_axi_aclk rise edge)
                                                      0.000     0.000 r  
    D7                                                0.000     0.000 r  S_AXI_ACLK (IN)
                         net (fo=0)                   0.000     0.000    S_AXI_ACLK_IBUF_inst/I
    D7                   INBUF (Prop_INBUF_HPIOB_M_PAD_O)
                                                      0.535     0.535 r  S_AXI_ACLK_IBUF_inst/INBUF_INST/O
                         net (fo=1, routed)           0.000     0.535    S_AXI_ACLK_IBUF_inst/OUT
    D7                   IBUFCTRL (Prop_IBUFCTRL_HPIOB_M_I_O)
                                                      0.000     0.535 r  S_AXI_ACLK_IBUF_inst/IBUFCTRL_INST/O
                         net (fo=1, routed)           0.329     0.864    S_AXI_ACLK_IBUF
    BUFGCE_X0Y67         BUFGCE (Prop_BUFCE_BUFGCE_I_O)
                                                      0.028     0.892 r  S_AXI_ACLK_IBUF_BUFG_inst/O
    X1Y2 (CLOCK_ROOT)    net (fo=5789, routed)        1.382     2.274    u_preprocessor/S_AXI_ACLK_IBUF_BUFG
    SLICE_X42Y112        FDRE                                         r  u_preprocessor/sensor_data_out_reg[gyro_y][5]/C
                         clock pessimism             -0.381     1.893    
    SLICE_X42Y112        FDRE (Hold_BFF_SLICEM_C_D)
                                                      0.053     1.946    u_preprocessor/sensor_data_out_reg[gyro_y][5]
  -------------------------------------------------------------------
                         required time                         -1.946    
                         arrival time                           1.970    
  -------------------------------------------------------------------
                         slack                                  0.024    

Slack (MET) :             0.028ns  (arrival time - required time)
  Source:                 u_sensor_reliability/u_chk_accel_y/delta_history_reg[8][0]/C
                            (rising edge-triggered cell FDRE clocked by s_axi_aclk  {rise@0.000ns fall@5.556ns period=11.111ns})
  Destination:            u_sensor_reliability/u_chk_accel_y/delta_history_reg[9][0]/D
                            (rising edge-triggered cell FDRE clocked by s_axi_aclk  {rise@0.000ns fall@5.556ns period=11.111ns})
  Path Group:             s_axi_aclk
  Path Type:              Hold (Min at Slow Process Corner)
  Requirement:            0.000ns  (s_axi_aclk rise@0.000ns - s_axi_aclk rise@0.000ns)
  Data Path Delay:        0.296ns  (logic 0.070ns (23.638%)  route 0.226ns (76.362%))
  Logic Levels:           0  
  Clock Path Skew:        0.213ns (DCD - SCD - CPR)
    Destination Clock Delay (DCD):    2.340ns
    Source Clock Delay      (SCD):    1.802ns
    Clock Pessimism Removal (CPR):    0.325ns
  Clock Net Delay (Source):      1.220ns (routing 0.170ns, distribution 1.050ns)
  Clock Net Delay (Destination): 1.448ns (routing 0.185ns, distribution 1.263ns)

    Location             Delay type                Incr(ns)  Path(ns)    Netlist Resource(s)
  -------------------------------------------------------------------    -------------------
                         (clock s_axi_aclk rise edge)
                                                      0.000     0.000 r  
    D7                                                0.000     0.000 r  S_AXI_ACLK (IN)
                         net (fo=0)                   0.000     0.000    S_AXI_ACLK_IBUF_inst/I
    D7                   INBUF (Prop_INBUF_HPIOB_M_PAD_O)
                                                      0.268     0.268 r  S_AXI_ACLK_IBUF_inst/INBUF_INST/O
                         net (fo=1, routed)           0.000     0.268    S_AXI_ACLK_IBUF_inst/OUT
    D7                   IBUFCTRL (Prop_IBUFCTRL_HPIOB_M_I_O)
                                                      0.000     0.268 r  S_AXI_ACLK_IBUF_inst/IBUFCTRL_INST/O
                         net (fo=1, routed)           0.290     0.558    S_AXI_ACLK_IBUF
    BUFGCE_X0Y67         BUFGCE (Prop_BUFCE_BUFGCE_I_O)
                                                      0.024     0.582 r  S_AXI_ACLK_IBUF_BUFG_inst/O
    X1Y2 (CLOCK_ROOT)    net (fo=5789, routed)        1.220     1.802    u_sensor_reliability/u_chk_accel_y/S_AXI_ACLK_IBUF_BUFG
    SLICE_X26Y122        FDRE                                         r  u_sensor_reliability/u_chk_accel_y/delta_history_reg[8][0]/C
  -------------------------------------------------------------------    -------------------
    SLICE_X26Y122        FDRE (Prop_EFF_SLICEL_C_Q)
                                                      0.070     1.872 r  u_sensor_reliability/u_chk_accel_y/delta_history_reg[8][0]/Q
                         net (fo=3, routed)           0.226     2.099    u_sensor_reliability/u_chk_accel_y/delta_history_reg[8]_98[0]
    SLICE_X26Y119        FDRE                                         r  u_sensor_reliability/u_chk_accel_y/delta_history_reg[9][0]/D
  -------------------------------------------------------------------    -------------------

                         (clock s_axi_aclk rise edge)
                                                      0.000     0.000 r  
    D7                                                0.000     0.000 r  S_AXI_ACLK (IN)
                         net (fo=0)                   0.000     0.000    S_AXI_ACLK_IBUF_inst/I
    D7                   INBUF (Prop_INBUF_HPIOB_M_PAD_O)
                                                      0.535     0.535 r  S_AXI_ACLK_IBUF_inst/INBUF_INST/O
                         net (fo=1, routed)           0.000     0.535    S_AXI_ACLK_IBUF_inst/OUT
    D7                   IBUFCTRL (Prop_IBUFCTRL_HPIOB_M_I_O)
                                                      0.000     0.535 r  S_AXI_ACLK_IBUF_inst/IBUFCTRL_INST/O
                         net (fo=1, routed)           0.329     0.864    S_AXI_ACLK_IBUF
    BUFGCE_X0Y67         BUFGCE (Prop_BUFCE_BUFGCE_I_O)
                                                      0.028     0.892 r  S_AXI_ACLK_IBUF_BUFG_inst/O
    X1Y2 (CLOCK_ROOT)    net (fo=5789, routed)        1.448     2.340    u_sensor_reliability/u_chk_accel_y/S_AXI_ACLK_IBUF_BUFG
    SLICE_X26Y119        FDRE                                         r  u_sensor_reliability/u_chk_accel_y/delta_history_reg[9][0]/C
                         clock pessimism             -0.325     2.015    
    SLICE_X26Y119        FDRE (Hold_FFF2_SLICEL_C_D)
                                                      0.055     2.070    u_sensor_reliability/u_chk_accel_y/delta_history_reg[9][0]
  -------------------------------------------------------------------
                         required time                         -2.070    
                         arrival time                           2.099    
  -------------------------------------------------------------------
                         slack                                  0.028    

Slack (MET) :             0.028ns  (arrival time - required time)
  Source:                 u_axi_slave/slv_reg2_reg[3]/C
                            (rising edge-triggered cell FDRE clocked by s_axi_aclk  {rise@0.000ns fall@5.556ns period=11.111ns})
  Destination:            u_preprocessor/sensor_data_out_reg[gyro_y][3]/D
                            (rising edge-triggered cell FDRE clocked by s_axi_aclk  {rise@0.000ns fall@5.556ns period=11.111ns})
  Path Group:             s_axi_aclk
  Path Type:              Hold (Min at Slow Process Corner)
  Requirement:            0.000ns  (s_axi_aclk rise@0.000ns - s_axi_aclk rise@0.000ns)
  Data Path Delay:        0.248ns  (logic 0.071ns (28.673%)  route 0.177ns (71.327%))
  Logic Levels:           0  
  Clock Path Skew:        0.167ns (DCD - SCD - CPR)
    Destination Clock Delay (DCD):    2.273ns
    Source Clock Delay      (SCD):    1.725ns
    Clock Pessimism Removal (CPR):    0.381ns
  Clock Net Delay (Source):      1.143ns (routing 0.170ns, distribution 0.973ns)
  Clock Net Delay (Destination): 1.381ns (routing 0.185ns, distribution 1.196ns)

    Location             Delay type                Incr(ns)  Path(ns)    Netlist Resource(s)
  -------------------------------------------------------------------    -------------------
                         (clock s_axi_aclk rise edge)
                                                      0.000     0.000 r  
    D7                                                0.000     0.000 r  S_AXI_ACLK (IN)
                         net (fo=0)                   0.000     0.000    S_AXI_ACLK_IBUF_inst/I
    D7                   INBUF (Prop_INBUF_HPIOB_M_PAD_O)
                                                      0.268     0.268 r  S_AXI_ACLK_IBUF_inst/INBUF_INST/O
                         net (fo=1, routed)           0.000     0.268    S_AXI_ACLK_IBUF_inst/OUT
    D7                   IBUFCTRL (Prop_IBUFCTRL_HPIOB_M_I_O)
                                                      0.000     0.268 r  S_AXI_ACLK_IBUF_inst/IBUFCTRL_INST/O
                         net (fo=1, routed)           0.290     0.558    S_AXI_ACLK_IBUF
    BUFGCE_X0Y67         BUFGCE (Prop_BUFCE_BUFGCE_I_O)
                                                      0.024     0.582 r  S_AXI_ACLK_IBUF_BUFG_inst/O
    X1Y2 (CLOCK_ROOT)    net (fo=5789, routed)        1.143     1.725    u_axi_slave/S_AXI_ACLK_IBUF_BUFG
    SLICE_X43Y111        FDRE                                         r  u_axi_slave/slv_reg2_reg[3]/C
  -------------------------------------------------------------------    -------------------
    SLICE_X43Y111        FDRE (Prop_HFF2_SLICEM_C_Q)
                                                      0.071     1.796 r  u_axi_slave/slv_reg2_reg[3]/Q
                         net (fo=3, routed)           0.177     1.973    u_preprocessor/sensor_data_out_reg[gyro_y][15]_2[3]
    SLICE_X42Y112        FDRE                                         r  u_preprocessor/sensor_data_out_reg[gyro_y][3]/D
  -------------------------------------------------------------------    -------------------

                         (clock s_axi_aclk rise edge)
                                                      0.000     0.000 r  
    D7                                                0.000     0.000 r  S_AXI_ACLK (IN)
                         net (fo=0)                   0.000     0.000    S_AXI_ACLK_IBUF_inst/I
    D7                   INBUF (Prop_INBUF_HPIOB_M_PAD_O)
                                                      0.535     0.535 r  S_AXI_ACLK_IBUF_inst/INBUF_INST/O
                         net (fo=1, routed)           0.000     0.535    S_AXI_ACLK_IBUF_inst/OUT
    D7                   IBUFCTRL (Prop_IBUFCTRL_HPIOB_M_I_O)
                                                      0.000     0.535 r  S_AXI_ACLK_IBUF_inst/IBUFCTRL_INST/O
                         net (fo=1, routed)           0.329     0.864    S_AXI_ACLK_IBUF
    BUFGCE_X0Y67         BUFGCE (Prop_BUFCE_BUFGCE_I_O)
                                                      0.028     0.892 r  S_AXI_ACLK_IBUF_BUFG_inst/O
    X1Y2 (CLOCK_ROOT)    net (fo=5789, routed)        1.381     2.273    u_preprocessor/S_AXI_ACLK_IBUF_BUFG
    SLICE_X42Y112        FDRE                                         r  u_preprocessor/sensor_data_out_reg[gyro_y][3]/C
                         clock pessimism             -0.381     1.892    
    SLICE_X42Y112        FDRE (Hold_GFF_SLICEM_C_D)
                                                      0.053     1.945    u_preprocessor/sensor_data_out_reg[gyro_y][3]
  -------------------------------------------------------------------
                         required time                         -1.945    
                         arrival time                           1.973    
  -------------------------------------------------------------------
                         slack                                  0.028    

Slack (MET) :             0.029ns  (arrival time - required time)
  Source:                 u_sensor_reliability/u_chk_gyro_x/delta_history_reg[8][0]/C
                            (rising edge-triggered cell FDRE clocked by s_axi_aclk  {rise@0.000ns fall@5.556ns period=11.111ns})
  Destination:            u_sensor_reliability/u_chk_gyro_x/delta_history_reg[9][0]/D
                            (rising edge-triggered cell FDRE clocked by s_axi_aclk  {rise@0.000ns fall@5.556ns period=11.111ns})
  Path Group:             s_axi_aclk
  Path Type:              Hold (Min at Slow Process Corner)
  Requirement:            0.000ns  (s_axi_aclk rise@0.000ns - s_axi_aclk rise@0.000ns)
  Data Path Delay:        0.214ns  (logic 0.070ns (32.780%)  route 0.144ns (67.220%))
  Logic Levels:           0  
  Clock Path Skew:        0.130ns (DCD - SCD - CPR)
    Destination Clock Delay (DCD):    2.230ns
    Source Clock Delay      (SCD):    1.722ns
    Clock Pessimism Removal (CPR):    0.378ns
  Clock Net Delay (Source):      1.140ns (routing 0.170ns, distribution 0.970ns)
  Clock Net Delay (Destination): 1.338ns (routing 0.185ns, distribution 1.153ns)

    Location             Delay type                Incr(ns)  Path(ns)    Netlist Resource(s)
  -------------------------------------------------------------------    -------------------
                         (clock s_axi_aclk rise edge)
                                                      0.000     0.000 r  
    D7                                                0.000     0.000 r  S_AXI_ACLK (IN)
                         net (fo=0)                   0.000     0.000    S_AXI_ACLK_IBUF_inst/I
    D7                   INBUF (Prop_INBUF_HPIOB_M_PAD_O)
                                                      0.268     0.268 r  S_AXI_ACLK_IBUF_inst/INBUF_INST/O
                         net (fo=1, routed)           0.000     0.268    S_AXI_ACLK_IBUF_inst/OUT
    D7                   IBUFCTRL (Prop_IBUFCTRL_HPIOB_M_I_O)
                                                      0.000     0.268 r  S_AXI_ACLK_IBUF_inst/IBUFCTRL_INST/O
                         net (fo=1, routed)           0.290     0.558    S_AXI_ACLK_IBUF
    BUFGCE_X0Y67         BUFGCE (Prop_BUFCE_BUFGCE_I_O)
                                                      0.024     0.582 r  S_AXI_ACLK_IBUF_BUFG_inst/O
    X1Y2 (CLOCK_ROOT)    net (fo=5789, routed)        1.140     1.722    u_sensor_reliability/u_chk_gyro_x/S_AXI_ACLK_IBUF_BUFG
    SLICE_X33Y160        FDRE                                         r  u_sensor_reliability/u_chk_gyro_x/delta_history_reg[8][0]/C
  -------------------------------------------------------------------    -------------------
    SLICE_X33Y160        FDRE (Prop_AFF_SLICEL_C_Q)
                                                      0.070     1.792 r  u_sensor_reliability/u_chk_gyro_x/delta_history_reg[8][0]/Q
                         net (fo=3, routed)           0.144     1.936    u_sensor_reliability/u_chk_gyro_x/delta_history_reg[8]_28[0]
    SLICE_X34Y159        FDRE                                         r  u_sensor_reliability/u_chk_gyro_x/delta_history_reg[9][0]/D
  -------------------------------------------------------------------    -------------------

                         (clock s_axi_aclk rise edge)
                                                      0.000     0.000 r  
    D7                                                0.000     0.000 r  S_AXI_ACLK (IN)
                         net (fo=0)                   0.000     0.000    S_AXI_ACLK_IBUF_inst/I
    D7                   INBUF (Prop_INBUF_HPIOB_M_PAD_O)
                                                      0.535     0.535 r  S_AXI_ACLK_IBUF_inst/INBUF_INST/O
                         net (fo=1, routed)           0.000     0.535    S_AXI_ACLK_IBUF_inst/OUT
    D7                   IBUFCTRL (Prop_IBUFCTRL_HPIOB_M_I_O)
                                                      0.000     0.535 r  S_AXI_ACLK_IBUF_inst/IBUFCTRL_INST/O
                         net (fo=1, routed)           0.329     0.864    S_AXI_ACLK_IBUF
    BUFGCE_X0Y67         BUFGCE (Prop_BUFCE_BUFGCE_I_O)
                                                      0.028     0.892 r  S_AXI_ACLK_IBUF_BUFG_inst/O
    X1Y2 (CLOCK_ROOT)    net (fo=5789, routed)        1.338     2.230    u_sensor_reliability/u_chk_gyro_x/S_AXI_ACLK_IBUF_BUFG
    SLICE_X34Y159        FDRE                                         r  u_sensor_reliability/u_chk_gyro_x/delta_history_reg[9][0]/C
                         clock pessimism             -0.378     1.852    
    SLICE_X34Y159        FDRE (Hold_GFF2_SLICEM_C_D)
                                                      0.055     1.907    u_sensor_reliability/u_chk_gyro_x/delta_history_reg[9][0]
  -------------------------------------------------------------------
                         required time                         -1.907    
                         arrival time                           1.936    
  -------------------------------------------------------------------
                         slack                                  0.029    

Slack (MET) :             0.029ns  (arrival time - required time)
  Source:                 u_sensor_reliability/u_chk_distance/delta_history_reg[6][14]/C
                            (rising edge-triggered cell FDRE clocked by s_axi_aclk  {rise@0.000ns fall@5.556ns period=11.111ns})
  Destination:            u_sensor_reliability/u_chk_distance/delta_history_reg[7][14]/D
                            (rising edge-triggered cell FDRE clocked by s_axi_aclk  {rise@0.000ns fall@5.556ns period=11.111ns})
  Path Group:             s_axi_aclk
  Path Type:              Hold (Min at Slow Process Corner)
  Requirement:            0.000ns  (s_axi_aclk rise@0.000ns - s_axi_aclk rise@0.000ns)
  Data Path Delay:        0.186ns  (logic 0.072ns (38.668%)  route 0.114ns (61.332%))
  Logic Levels:           0  
  Clock Path Skew:        0.102ns (DCD - SCD - CPR)
    Destination Clock Delay (DCD):    2.165ns
    Source Clock Delay      (SCD):    1.684ns
    Clock Pessimism Removal (CPR):    0.379ns
  Clock Net Delay (Source):      1.102ns (routing 0.170ns, distribution 0.932ns)
  Clock Net Delay (Destination): 1.272ns (routing 0.185ns, distribution 1.087ns)

    Location             Delay type                Incr(ns)  Path(ns)    Netlist Resource(s)
  -------------------------------------------------------------------    -------------------
                         (clock s_axi_aclk rise edge)
                                                      0.000     0.000 r  
    D7                                                0.000     0.000 r  S_AXI_ACLK (IN)
                         net (fo=0)                   0.000     0.000    S_AXI_ACLK_IBUF_inst/I
    D7                   INBUF (Prop_INBUF_HPIOB_M_PAD_O)
                                                      0.268     0.268 r  S_AXI_ACLK_IBUF_inst/INBUF_INST/O
                         net (fo=1, routed)           0.000     0.268    S_AXI_ACLK_IBUF_inst/OUT
    D7                   IBUFCTRL (Prop_IBUFCTRL_HPIOB_M_I_O)
                                                      0.000     0.268 r  S_AXI_ACLK_IBUF_inst/IBUFCTRL_INST/O
                         net (fo=1, routed)           0.290     0.558    S_AXI_ACLK_IBUF
    BUFGCE_X0Y67         BUFGCE (Prop_BUFCE_BUFGCE_I_O)
                                                      0.024     0.582 r  S_AXI_ACLK_IBUF_BUFG_inst/O
    X1Y2 (CLOCK_ROOT)    net (fo=5789, routed)        1.102     1.684    u_sensor_reliability/u_chk_distance/S_AXI_ACLK_IBUF_BUFG
    SLICE_X45Y153        FDRE                                         r  u_sensor_reliability/u_chk_distance/delta_history_reg[6][14]/C
  -------------------------------------------------------------------    -------------------
    SLICE_X45Y153        FDRE (Prop_EFF2_SLICEM_C_Q)
                                                      0.072     1.756 r  u_sensor_reliability/u_chk_distance/delta_history_reg[6][14]/Q
                         net (fo=3, routed)           0.114     1.871    u_sensor_reliability/u_chk_distance/delta_history_reg[6]_6[14]
    SLICE_X44Y154        FDRE                                         r  u_sensor_reliability/u_chk_distance/delta_history_reg[7][14]/D
  -------------------------------------------------------------------    -------------------

                         (clock s_axi_aclk rise edge)
                                                      0.000     0.000 r  
    D7                                                0.000     0.000 r  S_AXI_ACLK (IN)
                         net (fo=0)                   0.000     0.000    S_AXI_ACLK_IBUF_inst/I
    D7                   INBUF (Prop_INBUF_HPIOB_M_PAD_O)
                                                      0.535     0.535 r  S_AXI_ACLK_IBUF_inst/INBUF_INST/O
                         net (fo=1, routed)           0.000     0.535    S_AXI_ACLK_IBUF_inst/OUT
    D7                   IBUFCTRL (Prop_IBUFCTRL_HPIOB_M_I_O)
                                                      0.000     0.535 r  S_AXI_ACLK_IBUF_inst/IBUFCTRL_INST/O
                         net (fo=1, routed)           0.329     0.864    S_AXI_ACLK_IBUF
    BUFGCE_X0Y67         BUFGCE (Prop_BUFCE_BUFGCE_I_O)
                                                      0.028     0.892 r  S_AXI_ACLK_IBUF_BUFG_inst/O
    X1Y2 (CLOCK_ROOT)    net (fo=5789, routed)        1.272     2.165    u_sensor_reliability/u_chk_distance/S_AXI_ACLK_IBUF_BUFG
    SLICE_X44Y154        FDRE                                         r  u_sensor_reliability/u_chk_distance/delta_history_reg[7][14]/C
                         clock pessimism             -0.379     1.786    
    SLICE_X44Y154        FDRE (Hold_CFF2_SLICEL_C_D)
                                                      0.055     1.841    u_sensor_reliability/u_chk_distance/delta_history_reg[7][14]
  -------------------------------------------------------------------
                         required time                         -1.841    
                         arrival time                           1.871    
  -------------------------------------------------------------------
                         slack                                  0.029    

Slack (MET) :             0.032ns  (arrival time - required time)
  Source:                 u_axi_slave/slv_reg9_reg[16]/C
                            (rising edge-triggered cell FDRE clocked by s_axi_aclk  {rise@0.000ns fall@5.556ns period=11.111ns})
  Destination:            u_preprocessor/sample_seq_out_reg[16]/D
                            (rising edge-triggered cell FDRE clocked by s_axi_aclk  {rise@0.000ns fall@5.556ns period=11.111ns})
  Path Group:             s_axi_aclk
  Path Type:              Hold (Min at Fast Process Corner)
  Requirement:            0.000ns  (s_axi_aclk rise@0.000ns - s_axi_aclk rise@0.000ns)
  Data Path Delay:        0.105ns  (logic 0.041ns (39.166%)  route 0.064ns (60.834%))
  Logic Levels:           0  
  Clock Path Skew:        0.025ns (DCD - SCD - CPR)
    Destination Clock Delay (DCD):    1.307ns
    Source Clock Delay      (SCD):    0.979ns
    Clock Pessimism Removal (CPR):    0.303ns
  Clock Net Delay (Source):      0.670ns (routing 0.096ns, distribution 0.574ns)
  Clock Net Delay (Destination): 0.771ns (routing 0.108ns, distribution 0.663ns)

    Location             Delay type                Incr(ns)  Path(ns)    Netlist Resource(s)
  -------------------------------------------------------------------    -------------------
                         (clock s_axi_aclk rise edge)
                                                      0.000     0.000 r  
    D7                                                0.000     0.000 r  S_AXI_ACLK (IN)
                         net (fo=0)                   0.000     0.000    S_AXI_ACLK_IBUF_inst/I
    D7                   INBUF (Prop_INBUF_HPIOB_M_PAD_O)
                                                      0.143     0.143 r  S_AXI_ACLK_IBUF_inst/INBUF_INST/O
                         net (fo=1, routed)           0.000     0.143    S_AXI_ACLK_IBUF_inst/OUT
    D7                   IBUFCTRL (Prop_IBUFCTRL_HPIOB_M_I_O)
                                                      0.000     0.143 r  S_AXI_ACLK_IBUF_inst/IBUFCTRL_INST/O
                         net (fo=1, routed)           0.149     0.292    S_AXI_ACLK_IBUF
    BUFGCE_X0Y67         BUFGCE (Prop_BUFCE_BUFGCE_I_O)
                                                      0.017     0.309 r  S_AXI_ACLK_IBUF_BUFG_inst/O
    X1Y2 (CLOCK_ROOT)    net (fo=5789, routed)        0.670     0.979    u_axi_slave/S_AXI_ACLK_IBUF_BUFG
    SLICE_X44Y139        FDRE                                         r  u_axi_slave/slv_reg9_reg[16]/C
  -------------------------------------------------------------------    -------------------
    SLICE_X44Y139        FDRE (Prop_DFF2_SLICEL_C_Q)
                                                      0.041     1.020 r  u_axi_slave/slv_reg9_reg[16]/Q
                         net (fo=2, routed)           0.064     1.084    u_preprocessor/sample_seq_out_reg[31]_1[16]
    SLICE_X44Y137        FDRE                                         r  u_preprocessor/sample_seq_out_reg[16]/D
  -------------------------------------------------------------------    -------------------

                         (clock s_axi_aclk rise edge)
                                                      0.000     0.000 r  
    D7                                                0.000     0.000 r  S_AXI_ACLK (IN)
                         net (fo=0)                   0.000     0.000    S_AXI_ACLK_IBUF_inst/I
    D7                   INBUF (Prop_INBUF_HPIOB_M_PAD_O)
                                                      0.328     0.328 r  S_AXI_ACLK_IBUF_inst/INBUF_INST/O
                         net (fo=1, routed)           0.000     0.328    S_AXI_ACLK_IBUF_inst/OUT
    D7                   IBUFCTRL (Prop_IBUFCTRL_HPIOB_M_I_O)
                                                      0.000     0.328 r  S_AXI_ACLK_IBUF_inst/IBUFCTRL_INST/O
                         net (fo=1, routed)           0.189     0.517    S_AXI_ACLK_IBUF
    BUFGCE_X0Y67         BUFGCE (Prop_BUFCE_BUFGCE_I_O)
                                                      0.019     0.536 r  S_AXI_ACLK_IBUF_BUFG_inst/O
    X1Y2 (CLOCK_ROOT)    net (fo=5789, routed)        0.771     1.307    u_preprocessor/S_AXI_ACLK_IBUF_BUFG
    SLICE_X44Y137        FDRE                                         r  u_preprocessor/sample_seq_out_reg[16]/C
                         clock pessimism             -0.303     1.004    
    SLICE_X44Y137        FDRE (Hold_GFF2_SLICEL_C_D)
                                                      0.047     1.051    u_preprocessor/sample_seq_out_reg[16]
  -------------------------------------------------------------------
                         required time                         -1.051    
                         arrival time                           1.084    
  -------------------------------------------------------------------
                         slack                                  0.032    

Slack (MET) :             0.033ns  (arrival time - required time)
  Source:                 u_sensor_reliability/u_chk_accel_y/delta_history_reg[3][11]/C
                            (rising edge-triggered cell FDRE clocked by s_axi_aclk  {rise@0.000ns fall@5.556ns period=11.111ns})
  Destination:            u_sensor_reliability/u_chk_accel_y/delta_history_reg[4][11]/D
                            (rising edge-triggered cell FDRE clocked by s_axi_aclk  {rise@0.000ns fall@5.556ns period=11.111ns})
  Path Group:             s_axi_aclk
  Path Type:              Hold (Min at Fast Process Corner)
  Requirement:            0.000ns  (s_axi_aclk rise@0.000ns - s_axi_aclk rise@0.000ns)
  Data Path Delay:        0.085ns  (logic 0.039ns (46.054%)  route 0.046ns (53.946%))
  Logic Levels:           0  
  Clock Path Skew:        0.006ns (DCD - SCD - CPR)
    Destination Clock Delay (DCD):    1.377ns
    Source Clock Delay      (SCD):    1.047ns
    Clock Pessimism Removal (CPR):    0.324ns
  Clock Net Delay (Source):      0.738ns (routing 0.096ns, distribution 0.642ns)
  Clock Net Delay (Destination): 0.841ns (routing 0.108ns, distribution 0.733ns)

    Location             Delay type                Incr(ns)  Path(ns)    Netlist Resource(s)
  -------------------------------------------------------------------    -------------------
                         (clock s_axi_aclk rise edge)
                                                      0.000     0.000 r  
    D7                                                0.000     0.000 r  S_AXI_ACLK (IN)
                         net (fo=0)                   0.000     0.000    S_AXI_ACLK_IBUF_inst/I
    D7                   INBUF (Prop_INBUF_HPIOB_M_PAD_O)
                                                      0.143     0.143 r  S_AXI_ACLK_IBUF_inst/INBUF_INST/O
                         net (fo=1, routed)           0.000     0.143    S_AXI_ACLK_IBUF_inst/OUT
    D7                   IBUFCTRL (Prop_IBUFCTRL_HPIOB_M_I_O)
                                                      0.000     0.143 r  S_AXI_ACLK_IBUF_inst/IBUFCTRL_INST/O
                         net (fo=1, routed)           0.149     0.292    S_AXI_ACLK_IBUF
    BUFGCE_X0Y67         BUFGCE (Prop_BUFCE_BUFGCE_I_O)
                                                      0.017     0.309 r  S_AXI_ACLK_IBUF_BUFG_inst/O
    X1Y2 (CLOCK_ROOT)    net (fo=5789, routed)        0.738     1.047    u_sensor_reliability/u_chk_accel_y/S_AXI_ACLK_IBUF_BUFG
    SLICE_X22Y122        FDRE                                         r  u_sensor_reliability/u_chk_accel_y/delta_history_reg[3][11]/C
  -------------------------------------------------------------------    -------------------
    SLICE_X22Y122        FDRE (Prop_BFF_SLICEL_C_Q)
                                                      0.039     1.086 r  u_sensor_reliability/u_chk_accel_y/delta_history_reg[3][11]/Q
                         net (fo=3, routed)           0.046     1.132    u_sensor_reliability/u_chk_accel_y/delta_history_reg[3]_93[11]
    SLICE_X22Y122        FDRE                                         r  u_sensor_reliability/u_chk_accel_y/delta_history_reg[4][11]/D
  -------------------------------------------------------------------    -------------------

                         (clock s_axi_aclk rise edge)
                                                      0.000     0.000 r  
    D7                                                0.000     0.000 r  S_AXI_ACLK (IN)
                         net (fo=0)                   0.000     0.000    S_AXI_ACLK_IBUF_inst/I
    D7                   INBUF (Prop_INBUF_HPIOB_M_PAD_O)
                                                      0.328     0.328 r  S_AXI_ACLK_IBUF_inst/INBUF_INST/O
                         net (fo=1, routed)           0.000     0.328    S_AXI_ACLK_IBUF_inst/OUT
    D7                   IBUFCTRL (Prop_IBUFCTRL_HPIOB_M_I_O)
                                                      0.000     0.328 r  S_AXI_ACLK_IBUF_inst/IBUFCTRL_INST/O
                         net (fo=1, routed)           0.189     0.517    S_AXI_ACLK_IBUF
    BUFGCE_X0Y67         BUFGCE (Prop_BUFCE_BUFGCE_I_O)
                                                      0.019     0.536 r  S_AXI_ACLK_IBUF_BUFG_inst/O
    X1Y2 (CLOCK_ROOT)    net (fo=5789, routed)        0.841     1.377    u_sensor_reliability/u_chk_accel_y/S_AXI_ACLK_IBUF_BUFG
    SLICE_X22Y122        FDRE                                         r  u_sensor_reliability/u_chk_accel_y/delta_history_reg[4][11]/C
                         clock pessimism             -0.324     1.053    
    SLICE_X22Y122        FDRE (Hold_CFF_SLICEL_C_D)
                                                      0.046     1.099    u_sensor_reliability/u_chk_accel_y/delta_history_reg[4][11]
  -------------------------------------------------------------------
                         required time                         -1.099    
                         arrival time                           1.132    
  -------------------------------------------------------------------
                         slack                                  0.033    

Slack (MET) :             0.033ns  (arrival time - required time)
  Source:                 u_sensor_reliability/u_chk_accel_y/delta_history_reg[3][3]/C
                            (rising edge-triggered cell FDRE clocked by s_axi_aclk  {rise@0.000ns fall@5.556ns period=11.111ns})
  Destination:            u_sensor_reliability/u_chk_accel_y/delta_history_reg[4][3]/D
                            (rising edge-triggered cell FDRE clocked by s_axi_aclk  {rise@0.000ns fall@5.556ns period=11.111ns})
  Path Group:             s_axi_aclk
  Path Type:              Hold (Min at Fast Process Corner)
  Requirement:            0.000ns  (s_axi_aclk rise@0.000ns - s_axi_aclk rise@0.000ns)
  Data Path Delay:        0.085ns  (logic 0.039ns (46.054%)  route 0.046ns (53.946%))
  Logic Levels:           0  
  Clock Path Skew:        0.006ns (DCD - SCD - CPR)
    Destination Clock Delay (DCD):    1.377ns
    Source Clock Delay      (SCD):    1.047ns
    Clock Pessimism Removal (CPR):    0.324ns
  Clock Net Delay (Source):      0.738ns (routing 0.096ns, distribution 0.642ns)
  Clock Net Delay (Destination): 0.841ns (routing 0.108ns, distribution 0.733ns)

    Location             Delay type                Incr(ns)  Path(ns)    Netlist Resource(s)
  -------------------------------------------------------------------    -------------------
                         (clock s_axi_aclk rise edge)
                                                      0.000     0.000 r  
    D7                                                0.000     0.000 r  S_AXI_ACLK (IN)
                         net (fo=0)                   0.000     0.000    S_AXI_ACLK_IBUF_inst/I
    D7                   INBUF (Prop_INBUF_HPIOB_M_PAD_O)
                                                      0.143     0.143 r  S_AXI_ACLK_IBUF_inst/INBUF_INST/O
                         net (fo=1, routed)           0.000     0.143    S_AXI_ACLK_IBUF_inst/OUT
    D7                   IBUFCTRL (Prop_IBUFCTRL_HPIOB_M_I_O)
                                                      0.000     0.143 r  S_AXI_ACLK_IBUF_inst/IBUFCTRL_INST/O
                         net (fo=1, routed)           0.149     0.292    S_AXI_ACLK_IBUF
    BUFGCE_X0Y67         BUFGCE (Prop_BUFCE_BUFGCE_I_O)
                                                      0.017     0.309 r  S_AXI_ACLK_IBUF_BUFG_inst/O
    X1Y2 (CLOCK_ROOT)    net (fo=5789, routed)        0.738     1.047    u_sensor_reliability/u_chk_accel_y/S_AXI_ACLK_IBUF_BUFG
    SLICE_X22Y121        FDRE                                         r  u_sensor_reliability/u_chk_accel_y/delta_history_reg[3][3]/C
  -------------------------------------------------------------------    -------------------
    SLICE_X22Y121        FDRE (Prop_BFF_SLICEL_C_Q)
                                                      0.039     1.086 r  u_sensor_reliability/u_chk_accel_y/delta_history_reg[3][3]/Q
                         net (fo=3, routed)           0.046     1.132    u_sensor_reliability/u_chk_accel_y/delta_history_reg[3]_93[3]
    SLICE_X22Y121        FDRE                                         r  u_sensor_reliability/u_chk_accel_y/delta_history_reg[4][3]/D
  -------------------------------------------------------------------    -------------------

                         (clock s_axi_aclk rise edge)
                                                      0.000     0.000 r  
    D7                                                0.000     0.000 r  S_AXI_ACLK (IN)
                         net (fo=0)                   0.000     0.000    S_AXI_ACLK_IBUF_inst/I
    D7                   INBUF (Prop_INBUF_HPIOB_M_PAD_O)
                                                      0.328     0.328 r  S_AXI_ACLK_IBUF_inst/INBUF_INST/O
                         net (fo=1, routed)           0.000     0.328    S_AXI_ACLK_IBUF_inst/OUT
    D7                   IBUFCTRL (Prop_IBUFCTRL_HPIOB_M_I_O)
                                                      0.000     0.328 r  S_AXI_ACLK_IBUF_inst/IBUFCTRL_INST/O
                         net (fo=1, routed)           0.189     0.517    S_AXI_ACLK_IBUF
    BUFGCE_X0Y67         BUFGCE (Prop_BUFCE_BUFGCE_I_O)
                                                      0.019     0.536 r  S_AXI_ACLK_IBUF_BUFG_inst/O
    X1Y2 (CLOCK_ROOT)    net (fo=5789, routed)        0.841     1.377    u_sensor_reliability/u_chk_accel_y/S_AXI_ACLK_IBUF_BUFG
    SLICE_X22Y121        FDRE                                         r  u_sensor_reliability/u_chk_accel_y/delta_history_reg[4][3]/C
                         clock pessimism             -0.324     1.053    
    SLICE_X22Y121        FDRE (Hold_CFF_SLICEL_C_D)
                                                      0.046     1.099    u_sensor_reliability/u_chk_accel_y/delta_history_reg[4][3]
  -------------------------------------------------------------------
                         required time                         -1.099    
                         arrival time                           1.132    
  -------------------------------------------------------------------
                         slack                                  0.033    

Slack (MET) :             0.033ns  (arrival time - required time)
  Source:                 u_sensor_reliability/u_chk_accel_x/delta_history_reg[4][10]/C
                            (rising edge-triggered cell FDRE clocked by s_axi_aclk  {rise@0.000ns fall@5.556ns period=11.111ns})
  Destination:            u_sensor_reliability/u_chk_accel_x/delta_history_reg[5][10]/D
                            (rising edge-triggered cell FDRE clocked by s_axi_aclk  {rise@0.000ns fall@5.556ns period=11.111ns})
  Path Group:             s_axi_aclk
  Path Type:              Hold (Min at Fast Process Corner)
  Requirement:            0.000ns  (s_axi_aclk rise@0.000ns - s_axi_aclk rise@0.000ns)
  Data Path Delay:        0.085ns  (logic 0.039ns (46.054%)  route 0.046ns (53.946%))
  Logic Levels:           0  
  Clock Path Skew:        0.006ns (DCD - SCD - CPR)
    Destination Clock Delay (DCD):    1.365ns
    Source Clock Delay      (SCD):    1.038ns
    Clock Pessimism Removal (CPR):    0.322ns
  Clock Net Delay (Source):      0.729ns (routing 0.096ns, distribution 0.633ns)
  Clock Net Delay (Destination): 0.829ns (routing 0.108ns, distribution 0.721ns)

    Location             Delay type                Incr(ns)  Path(ns)    Netlist Resource(s)
  -------------------------------------------------------------------    -------------------
                         (clock s_axi_aclk rise edge)
                                                      0.000     0.000 r  
    D7                                                0.000     0.000 r  S_AXI_ACLK (IN)
                         net (fo=0)                   0.000     0.000    S_AXI_ACLK_IBUF_inst/I
    D7                   INBUF (Prop_INBUF_HPIOB_M_PAD_O)
                                                      0.143     0.143 r  S_AXI_ACLK_IBUF_inst/INBUF_INST/O
                         net (fo=1, routed)           0.000     0.143    S_AXI_ACLK_IBUF_inst/OUT
    D7                   IBUFCTRL (Prop_IBUFCTRL_HPIOB_M_I_O)
                                                      0.000     0.143 r  S_AXI_ACLK_IBUF_inst/IBUFCTRL_INST/O
                         net (fo=1, routed)           0.149     0.292    S_AXI_ACLK_IBUF
    BUFGCE_X0Y67         BUFGCE (Prop_BUFCE_BUFGCE_I_O)
                                                      0.017     0.309 r  S_AXI_ACLK_IBUF_BUFG_inst/O
    X1Y2 (CLOCK_ROOT)    net (fo=5789, routed)        0.729     1.038    u_sensor_reliability/u_chk_accel_x/S_AXI_ACLK_IBUF_BUFG
    SLICE_X21Y109        FDRE                                         r  u_sensor_reliability/u_chk_accel_x/delta_history_reg[4][10]/C
  -------------------------------------------------------------------    -------------------
    SLICE_X21Y109        FDRE (Prop_BFF_SLICEL_C_Q)
                                                      0.039     1.077 r  u_sensor_reliability/u_chk_accel_x/delta_history_reg[4][10]/Q
                         net (fo=3, routed)           0.046     1.123    u_sensor_reliability/u_chk_accel_x/delta_history_reg[4]_104[10]
    SLICE_X21Y109        FDRE                                         r  u_sensor_reliability/u_chk_accel_x/delta_history_reg[5][10]/D
  -------------------------------------------------------------------    -------------------

                         (clock s_axi_aclk rise edge)
                                                      0.000     0.000 r  
    D7                                                0.000     0.000 r  S_AXI_ACLK (IN)
                         net (fo=0)                   0.000     0.000    S_AXI_ACLK_IBUF_inst/I
    D7                   INBUF (Prop_INBUF_HPIOB_M_PAD_O)
                                                      0.328     0.328 r  S_AXI_ACLK_IBUF_inst/INBUF_INST/O
                         net (fo=1, routed)           0.000     0.328    S_AXI_ACLK_IBUF_inst/OUT
    D7                   IBUFCTRL (Prop_IBUFCTRL_HPIOB_M_I_O)
                                                      0.000     0.328 r  S_AXI_ACLK_IBUF_inst/IBUFCTRL_INST/O
                         net (fo=1, routed)           0.189     0.517    S_AXI_ACLK_IBUF
    BUFGCE_X0Y67         BUFGCE (Prop_BUFCE_BUFGCE_I_O)
                                                      0.019     0.536 r  S_AXI_ACLK_IBUF_BUFG_inst/O
    X1Y2 (CLOCK_ROOT)    net (fo=5789, routed)        0.829     1.365    u_sensor_reliability/u_chk_accel_x/S_AXI_ACLK_IBUF_BUFG
    SLICE_X21Y109        FDRE                                         r  u_sensor_reliability/u_chk_accel_x/delta_history_reg[5][10]/C
                         clock pessimism             -0.322     1.044    
    SLICE_X21Y109        FDRE (Hold_CFF_SLICEL_C_D)
                                                      0.046     1.090    u_sensor_reliability/u_chk_accel_x/delta_history_reg[5][10]
  -------------------------------------------------------------------
                         required time                         -1.090    
                         arrival time                           1.123    
  -------------------------------------------------------------------
                         slack                                  0.033    

Slack (MET) :             0.034ns  (arrival time - required time)
  Source:                 u_risk_types/sensor_data_out_reg[humidity][4]/C
                            (rising edge-triggered cell FDRE clocked by s_axi_aclk  {rise@0.000ns fall@5.556ns period=11.111ns})
  Destination:            u_risk_control/sensor_data_out_reg[humidity][4]/D
                            (rising edge-triggered cell FDRE clocked by s_axi_aclk  {rise@0.000ns fall@5.556ns period=11.111ns})
  Path Group:             s_axi_aclk
  Path Type:              Hold (Min at Fast Process Corner)
  Requirement:            0.000ns  (s_axi_aclk rise@0.000ns - s_axi_aclk rise@0.000ns)
  Data Path Delay:        0.093ns  (logic 0.038ns (40.860%)  route 0.055ns (59.140%))
  Logic Levels:           0  
  Clock Path Skew:        0.013ns (DCD - SCD - CPR)
    Destination Clock Delay (DCD):    1.307ns
    Source Clock Delay      (SCD):    0.985ns
    Clock Pessimism Removal (CPR):    0.310ns
  Clock Net Delay (Source):      0.676ns (routing 0.096ns, distribution 0.580ns)
  Clock Net Delay (Destination): 0.771ns (routing 0.108ns, distribution 0.663ns)

    Location             Delay type                Incr(ns)  Path(ns)    Netlist Resource(s)
  -------------------------------------------------------------------    -------------------
                         (clock s_axi_aclk rise edge)
                                                      0.000     0.000 r  
    D7                                                0.000     0.000 r  S_AXI_ACLK (IN)
                         net (fo=0)                   0.000     0.000    S_AXI_ACLK_IBUF_inst/I
    D7                   INBUF (Prop_INBUF_HPIOB_M_PAD_O)
                                                      0.143     0.143 r  S_AXI_ACLK_IBUF_inst/INBUF_INST/O
                         net (fo=1, routed)           0.000     0.143    S_AXI_ACLK_IBUF_inst/OUT
    D7                   IBUFCTRL (Prop_IBUFCTRL_HPIOB_M_I_O)
                                                      0.000     0.143 r  S_AXI_ACLK_IBUF_inst/IBUFCTRL_INST/O
                         net (fo=1, routed)           0.149     0.292    S_AXI_ACLK_IBUF
    BUFGCE_X0Y67         BUFGCE (Prop_BUFCE_BUFGCE_I_O)
                                                      0.017     0.309 r  S_AXI_ACLK_IBUF_BUFG_inst/O
    X1Y2 (CLOCK_ROOT)    net (fo=5789, routed)        0.676     0.985    u_risk_types/S_AXI_ACLK_IBUF_BUFG
    SLICE_X39Y142        FDRE                                         r  u_risk_types/sensor_data_out_reg[humidity][4]/C
  -------------------------------------------------------------------    -------------------
    SLICE_X39Y142        FDRE (Prop_AFF_SLICEM_C_Q)
                                                      0.038     1.023 r  u_risk_types/sensor_data_out_reg[humidity][4]/Q
                         net (fo=1, routed)           0.055     1.078    u_risk_control/sensor_data_out_reg[humidity][6]_1[4]
    SLICE_X39Y142        FDRE                                         r  u_risk_control/sensor_data_out_reg[humidity][4]/D
  -------------------------------------------------------------------    -------------------

                         (clock s_axi_aclk rise edge)
                                                      0.000     0.000 r  
    D7                                                0.000     0.000 r  S_AXI_ACLK (IN)
                         net (fo=0)                   0.000     0.000    S_AXI_ACLK_IBUF_inst/I
    D7                   INBUF (Prop_INBUF_HPIOB_M_PAD_O)
                                                      0.328     0.328 r  S_AXI_ACLK_IBUF_inst/INBUF_INST/O
                         net (fo=1, routed)           0.000     0.328    S_AXI_ACLK_IBUF_inst/OUT
    D7                   IBUFCTRL (Prop_IBUFCTRL_HPIOB_M_I_O)
                                                      0.000     0.328 r  S_AXI_ACLK_IBUF_inst/IBUFCTRL_INST/O
                         net (fo=1, routed)           0.189     0.517    S_AXI_ACLK_IBUF
    BUFGCE_X0Y67         BUFGCE (Prop_BUFCE_BUFGCE_I_O)
                                                      0.019     0.536 r  S_AXI_ACLK_IBUF_BUFG_inst/O
    X1Y2 (CLOCK_ROOT)    net (fo=5789, routed)        0.771     1.307    u_risk_control/S_AXI_ACLK_IBUF_BUFG
    SLICE_X39Y142        FDRE                                         r  u_risk_control/sensor_data_out_reg[humidity][4]/C
                         clock pessimism             -0.310     0.998    
    SLICE_X39Y142        FDRE (Hold_FFF_SLICEM_C_D)
                                                      0.046     1.044    u_risk_control/sensor_data_out_reg[humidity][4]
  -------------------------------------------------------------------
                         required time                         -1.044    
                         arrival time                           1.078    
  -------------------------------------------------------------------
                         slack                                  0.034    

Slack (MET) :             0.035ns  (arrival time - required time)
  Source:                 u_axi_slave/slv_reg6_reg[27]/C
                            (rising edge-triggered cell FDRE clocked by s_axi_aclk  {rise@0.000ns fall@5.556ns period=11.111ns})
  Destination:            u_preprocessor/sim_data_out_reg[accelerator][1]/D
                            (rising edge-triggered cell FDRE clocked by s_axi_aclk  {rise@0.000ns fall@5.556ns period=11.111ns})
  Path Group:             s_axi_aclk
  Path Type:              Hold (Min at Fast Process Corner)
  Requirement:            0.000ns  (s_axi_aclk rise@0.000ns - s_axi_aclk rise@0.000ns)
  Data Path Delay:        0.098ns  (logic 0.039ns (39.796%)  route 0.059ns (60.204%))
  Logic Levels:           0  
  Clock Path Skew:        0.016ns (DCD - SCD - CPR)
    Destination Clock Delay (DCD):    1.309ns
    Source Clock Delay      (SCD):    0.985ns
    Clock Pessimism Removal (CPR):    0.308ns
  Clock Net Delay (Source):      0.676ns (routing 0.096ns, distribution 0.580ns)
  Clock Net Delay (Destination): 0.773ns (routing 0.108ns, distribution 0.665ns)

    Location             Delay type                Incr(ns)  Path(ns)    Netlist Resource(s)
  -------------------------------------------------------------------    -------------------
                         (clock s_axi_aclk rise edge)
                                                      0.000     0.000 r  
    D7                                                0.000     0.000 r  S_AXI_ACLK (IN)
                         net (fo=0)                   0.000     0.000    S_AXI_ACLK_IBUF_inst/I
    D7                   INBUF (Prop_INBUF_HPIOB_M_PAD_O)
                                                      0.143     0.143 r  S_AXI_ACLK_IBUF_inst/INBUF_INST/O
                         net (fo=1, routed)           0.000     0.143    S_AXI_ACLK_IBUF_inst/OUT
    D7                   IBUFCTRL (Prop_IBUFCTRL_HPIOB_M_I_O)
                                                      0.000     0.143 r  S_AXI_ACLK_IBUF_inst/IBUFCTRL_INST/O
                         net (fo=1, routed)           0.149     0.292    S_AXI_ACLK_IBUF
    BUFGCE_X0Y67         BUFGCE (Prop_BUFCE_BUFGCE_I_O)
                                                      0.017     0.309 r  S_AXI_ACLK_IBUF_BUFG_inst/O
    X1Y2 (CLOCK_ROOT)    net (fo=5789, routed)        0.676     0.985    u_axi_slave/S_AXI_ACLK_IBUF_BUFG
    SLICE_X45Y133        FDRE                                         r  u_axi_slave/slv_reg6_reg[27]/C
  -------------------------------------------------------------------    -------------------
    SLICE_X45Y133        FDRE (Prop_HFF_SLICEM_C_Q)
                                                      0.039     1.024 r  u_axi_slave/slv_reg6_reg[27]/Q
                         net (fo=1, routed)           0.059     1.083    u_preprocessor/sim_data_out_reg[accelerator][3]_1[1]
    SLICE_X45Y133        FDRE                                         r  u_preprocessor/sim_data_out_reg[accelerator][1]/D
  -------------------------------------------------------------------    -------------------

                         (clock s_axi_aclk rise edge)
                                                      0.000     0.000 r  
    D7                                                0.000     0.000 r  S_AXI_ACLK (IN)
                         net (fo=0)                   0.000     0.000    S_AXI_ACLK_IBUF_inst/I
    D7                   INBUF (Prop_INBUF_HPIOB_M_PAD_O)
                                                      0.328     0.328 r  S_AXI_ACLK_IBUF_inst/INBUF_INST/O
                         net (fo=1, routed)           0.000     0.328    S_AXI_ACLK_IBUF_inst/OUT
    D7                   IBUFCTRL (Prop_IBUFCTRL_HPIOB_M_I_O)
                                                      0.000     0.328 r  S_AXI_ACLK_IBUF_inst/IBUFCTRL_INST/O
                         net (fo=1, routed)           0.189     0.517    S_AXI_ACLK_IBUF
    BUFGCE_X0Y67         BUFGCE (Prop_BUFCE_BUFGCE_I_O)
                                                      0.019     0.536 r  S_AXI_ACLK_IBUF_BUFG_inst/O
    X1Y2 (CLOCK_ROOT)    net (fo=5789, routed)        0.773     1.309    u_preprocessor/S_AXI_ACLK_IBUF_BUFG
    SLICE_X45Y133        FDRE                                         r  u_preprocessor/sim_data_out_reg[accelerator][1]/C
                         clock pessimism             -0.308     1.001    
    SLICE_X45Y133        FDRE (Hold_CFF2_SLICEM_C_D)
                                                      0.047     1.048    u_preprocessor/sim_data_out_reg[accelerator][1]
  -------------------------------------------------------------------
                         required time                         -1.048    
                         arrival time                           1.083    
  -------------------------------------------------------------------
                         slack                                  0.035    

Slack (MET) :             0.035ns  (arrival time - required time)
  Source:                 u_sensor_reliability/u_chk_humidity/delta_history_reg[7][1]/C
                            (rising edge-triggered cell FDRE clocked by s_axi_aclk  {rise@0.000ns fall@5.556ns period=11.111ns})
  Destination:            u_sensor_reliability/u_chk_humidity/delta_history_reg[8][1]/D
                            (rising edge-triggered cell FDRE clocked by s_axi_aclk  {rise@0.000ns fall@5.556ns period=11.111ns})
  Path Group:             s_axi_aclk
  Path Type:              Hold (Min at Fast Process Corner)
  Requirement:            0.000ns  (s_axi_aclk rise@0.000ns - s_axi_aclk rise@0.000ns)
  Data Path Delay:        0.103ns  (logic 0.039ns (37.688%)  route 0.064ns (62.312%))
  Logic Levels:           0  
  Clock Path Skew:        0.022ns (DCD - SCD - CPR)
    Destination Clock Delay (DCD):    1.320ns
    Source Clock Delay      (SCD):    0.993ns
    Clock Pessimism Removal (CPR):    0.305ns
  Clock Net Delay (Source):      0.684ns (routing 0.096ns, distribution 0.588ns)
  Clock Net Delay (Destination): 0.783ns (routing 0.108ns, distribution 0.675ns)

    Location             Delay type                Incr(ns)  Path(ns)    Netlist Resource(s)
  -------------------------------------------------------------------    -------------------
                         (clock s_axi_aclk rise edge)
                                                      0.000     0.000 r  
    D7                                                0.000     0.000 r  S_AXI_ACLK (IN)
                         net (fo=0)                   0.000     0.000    S_AXI_ACLK_IBUF_inst/I
    D7                   INBUF (Prop_INBUF_HPIOB_M_PAD_O)
                                                      0.143     0.143 r  S_AXI_ACLK_IBUF_inst/INBUF_INST/O
                         net (fo=1, routed)           0.000     0.143    S_AXI_ACLK_IBUF_inst/OUT
    D7                   IBUFCTRL (Prop_IBUFCTRL_HPIOB_M_I_O)
                                                      0.000     0.143 r  S_AXI_ACLK_IBUF_inst/IBUFCTRL_INST/O
                         net (fo=1, routed)           0.149     0.292    S_AXI_ACLK_IBUF
    BUFGCE_X0Y67         BUFGCE (Prop_BUFCE_BUFGCE_I_O)
                                                      0.017     0.309 r  S_AXI_ACLK_IBUF_BUFG_inst/O
    X1Y2 (CLOCK_ROOT)    net (fo=5789, routed)        0.684     0.993    u_sensor_reliability/u_chk_humidity/S_AXI_ACLK_IBUF_BUFG
    SLICE_X35Y148        FDRE                                         r  u_sensor_reliability/u_chk_humidity/delta_history_reg[7][1]/C
  -------------------------------------------------------------------    -------------------
    SLICE_X35Y148        FDRE (Prop_FFF_SLICEL_C_Q)
                                                      0.039     1.032 r  u_sensor_reliability/u_chk_humidity/delta_history_reg[7][1]/Q
                         net (fo=4, routed)           0.064     1.096    u_sensor_reliability/u_chk_humidity/delta_history_reg[7]_67[1]
    SLICE_X35Y149        FDRE                                         r  u_sensor_reliability/u_chk_humidity/delta_history_reg[8][1]/D
  -------------------------------------------------------------------    -------------------

                         (clock s_axi_aclk rise edge)
                                                      0.000     0.000 r  
    D7                                                0.000     0.000 r  S_AXI_ACLK (IN)
                         net (fo=0)                   0.000     0.000    S_AXI_ACLK_IBUF_inst/I
    D7                   INBUF (Prop_INBUF_HPIOB_M_PAD_O)
                                                      0.328     0.328 r  S_AXI_ACLK_IBUF_inst/INBUF_INST/O
                         net (fo=1, routed)           0.000     0.328    S_AXI_ACLK_IBUF_inst/OUT
    D7                   IBUFCTRL (Prop_IBUFCTRL_HPIOB_M_I_O)
                                                      0.000     0.328 r  S_AXI_ACLK_IBUF_inst/IBUFCTRL_INST/O
                         net (fo=1, routed)           0.189     0.517    S_AXI_ACLK_IBUF
    BUFGCE_X0Y67         BUFGCE (Prop_BUFCE_BUFGCE_I_O)
                                                      0.019     0.536 r  S_AXI_ACLK_IBUF_BUFG_inst/O
    X1Y2 (CLOCK_ROOT)    net (fo=5789, routed)        0.783     1.320    u_sensor_reliability/u_chk_humidity/S_AXI_ACLK_IBUF_BUFG
    SLICE_X35Y149        FDRE                                         r  u_sensor_reliability/u_chk_humidity/delta_history_reg[8][1]/C
                         clock pessimism             -0.305     1.015    
    SLICE_X35Y149        FDRE (Hold_FFF2_SLICEL_C_D)
                                                      0.047     1.062    u_sensor_reliability/u_chk_humidity/delta_history_reg[8][1]
  -------------------------------------------------------------------
                         required time                         -1.062    
                         arrival time                           1.096    
  -------------------------------------------------------------------
                         slack                                  0.035    

Slack (MET) :             0.036ns  (arrival time - required time)
  Source:                 u_sensor_reliability/u_chk_approach_speed/delta_history_reg[6][11]/C
                            (rising edge-triggered cell FDRE clocked by s_axi_aclk  {rise@0.000ns fall@5.556ns period=11.111ns})
  Destination:            u_sensor_reliability/u_chk_approach_speed/delta_history_reg[7][11]/D
                            (rising edge-triggered cell FDRE clocked by s_axi_aclk  {rise@0.000ns fall@5.556ns period=11.111ns})
  Path Group:             s_axi_aclk
  Path Type:              Hold (Min at Fast Process Corner)
  Requirement:            0.000ns  (s_axi_aclk rise@0.000ns - s_axi_aclk rise@0.000ns)
  Data Path Delay:        0.133ns  (logic 0.039ns (29.394%)  route 0.094ns (70.606%))
  Logic Levels:           0  
  Clock Path Skew:        0.051ns (DCD - SCD - CPR)
    Destination Clock Delay (DCD):    1.292ns
    Source Clock Delay      (SCD):    0.969ns
    Clock Pessimism Removal (CPR):    0.272ns
  Clock Net Delay (Source):      0.660ns (routing 0.096ns, distribution 0.564ns)
  Clock Net Delay (Destination): 0.756ns (routing 0.108ns, distribution 0.648ns)

    Location             Delay type                Incr(ns)  Path(ns)    Netlist Resource(s)
  -------------------------------------------------------------------    -------------------
                         (clock s_axi_aclk rise edge)
                                                      0.000     0.000 r  
    D7                                                0.000     0.000 r  S_AXI_ACLK (IN)
                         net (fo=0)                   0.000     0.000    S_AXI_ACLK_IBUF_inst/I
    D7                   INBUF (Prop_INBUF_HPIOB_M_PAD_O)
                                                      0.143     0.143 r  S_AXI_ACLK_IBUF_inst/INBUF_INST/O
                         net (fo=1, routed)           0.000     0.143    S_AXI_ACLK_IBUF_inst/OUT
    D7                   IBUFCTRL (Prop_IBUFCTRL_HPIOB_M_I_O)
                                                      0.000     0.143 r  S_AXI_ACLK_IBUF_inst/IBUFCTRL_INST/O
                         net (fo=1, routed)           0.149     0.292    S_AXI_ACLK_IBUF
    BUFGCE_X0Y67         BUFGCE (Prop_BUFCE_BUFGCE_I_O)
                                                      0.017     0.309 r  S_AXI_ACLK_IBUF_BUFG_inst/O
    X1Y2 (CLOCK_ROOT)    net (fo=5789, routed)        0.660     0.969    u_sensor_reliability/u_chk_approach_speed/S_AXI_ACLK_IBUF_BUFG
    SLICE_X45Y164        FDRE                                         r  u_sensor_reliability/u_chk_approach_speed/delta_history_reg[6][11]/C
  -------------------------------------------------------------------    -------------------
    SLICE_X45Y164        FDRE (Prop_EFF2_SLICEM_C_Q)
                                                      0.039     1.008 r  u_sensor_reliability/u_chk_approach_speed/delta_history_reg[6][11]/Q
                         net (fo=3, routed)           0.094     1.102    u_sensor_reliability/u_chk_approach_speed/delta_history_reg[6]_16[11]
    SLICE_X44Y163        FDRE                                         r  u_sensor_reliability/u_chk_approach_speed/delta_history_reg[7][11]/D
  -------------------------------------------------------------------    -------------------

                         (clock s_axi_aclk rise edge)
                                                      0.000     0.000 r  
    D7                                                0.000     0.000 r  S_AXI_ACLK (IN)
                         net (fo=0)                   0.000     0.000    S_AXI_ACLK_IBUF_inst/I
    D7                   INBUF (Prop_INBUF_HPIOB_M_PAD_O)
                                                      0.328     0.328 r  S_AXI_ACLK_IBUF_inst/INBUF_INST/O
                         net (fo=1, routed)           0.000     0.328    S_AXI_ACLK_IBUF_inst/OUT
    D7                   IBUFCTRL (Prop_IBUFCTRL_HPIOB_M_I_O)
                                                      0.000     0.328 r  S_AXI_ACLK_IBUF_inst/IBUFCTRL_INST/O
                         net (fo=1, routed)           0.189     0.517    S_AXI_ACLK_IBUF
    BUFGCE_X0Y67         BUFGCE (Prop_BUFCE_BUFGCE_I_O)
                                                      0.019     0.536 r  S_AXI_ACLK_IBUF_BUFG_inst/O
    X1Y2 (CLOCK_ROOT)    net (fo=5789, routed)        0.756     1.292    u_sensor_reliability/u_chk_approach_speed/S_AXI_ACLK_IBUF_BUFG
    SLICE_X44Y163        FDRE                                         r  u_sensor_reliability/u_chk_approach_speed/delta_history_reg[7][11]/C
                         clock pessimism             -0.272     1.020    
    SLICE_X44Y163        FDRE (Hold_EFF_SLICEL_C_D)
                                                      0.046     1.066    u_sensor_reliability/u_chk_approach_speed/delta_history_reg[7][11]
  -------------------------------------------------------------------
                         required time                         -1.066    
                         arrival time                           1.102    
  -------------------------------------------------------------------
                         slack                                  0.036    

Slack (MET) :             0.036ns  (arrival time - required time)
  Source:                 u_sensor_reliability/u_chk_accel_y/jump_cnt_reg[18]/C
                            (rising edge-triggered cell FDRE clocked by s_axi_aclk  {rise@0.000ns fall@5.556ns period=11.111ns})
  Destination:            u_sensor_reliability/u_chk_accel_y/jump_cnt_reg[24]/D
                            (rising edge-triggered cell FDRE clocked by s_axi_aclk  {rise@0.000ns fall@5.556ns period=11.111ns})
  Path Group:             s_axi_aclk
  Path Type:              Hold (Min at Fast Process Corner)
  Requirement:            0.000ns  (s_axi_aclk rise@0.000ns - s_axi_aclk rise@0.000ns)
  Data Path Delay:        0.182ns  (logic 0.128ns (70.452%)  route 0.054ns (29.548%))
  Logic Levels:           3  (CARRY8=2 LUT6=1)
  Clock Path Skew:        0.100ns (DCD - SCD - CPR)
    Destination Clock Delay (DCD):    1.343ns
    Source Clock Delay      (SCD):    1.004ns
    Clock Pessimism Removal (CPR):    0.239ns
  Clock Net Delay (Source):      0.695ns (routing 0.096ns, distribution 0.599ns)
  Clock Net Delay (Destination): 0.807ns (routing 0.108ns, distribution 0.699ns)

    Location             Delay type                Incr(ns)  Path(ns)    Netlist Resource(s)
  -------------------------------------------------------------------    -------------------
                         (clock s_axi_aclk rise edge)
                                                      0.000     0.000 r  
    D7                                                0.000     0.000 r  S_AXI_ACLK (IN)
                         net (fo=0)                   0.000     0.000    S_AXI_ACLK_IBUF_inst/I
    D7                   INBUF (Prop_INBUF_HPIOB_M_PAD_O)
                                                      0.143     0.143 r  S_AXI_ACLK_IBUF_inst/INBUF_INST/O
                         net (fo=1, routed)           0.000     0.143    S_AXI_ACLK_IBUF_inst/OUT
    D7                   IBUFCTRL (Prop_IBUFCTRL_HPIOB_M_I_O)
                                                      0.000     0.143 r  S_AXI_ACLK_IBUF_inst/IBUFCTRL_INST/O
                         net (fo=1, routed)           0.149     0.292    S_AXI_ACLK_IBUF
    BUFGCE_X0Y67         BUFGCE (Prop_BUFCE_BUFGCE_I_O)
                                                      0.017     0.309 r  S_AXI_ACLK_IBUF_BUFG_inst/O
    X1Y2 (CLOCK_ROOT)    net (fo=5789, routed)        0.695     1.004    u_sensor_reliability/u_chk_accel_y/S_AXI_ACLK_IBUF_BUFG
    SLICE_X29Y119        FDRE                                         r  u_sensor_reliability/u_chk_accel_y/jump_cnt_reg[18]/C
  -------------------------------------------------------------------    -------------------
    SLICE_X29Y119        FDRE (Prop_CFF_SLICEM_C_Q)
                                                      0.038     1.042 r  u_sensor_reliability/u_chk_accel_y/jump_cnt_reg[18]/Q
                         net (fo=2, routed)           0.030     1.072    u_sensor_reliability/u_chk_accel_y/jump_cnt_reg[18]
    SLICE_X29Y119        LUT6 (Prop_C6LUT_SLICEM_I5_O)
                                                      0.014     1.086 r  u_sensor_reliability/u_chk_accel_y/jump_cnt[16]_i_7__8/O
                         net (fo=1, routed)           0.014     1.100    u_sensor_reliability/u_chk_accel_y/jump_cnt[16]_i_7__8_n_0
    SLICE_X29Y119        CARRY8 (Prop_CARRY8_SLICEM_S[2]_CO[7])
                                                      0.057     1.157 r  u_sensor_reliability/u_chk_accel_y/jump_cnt_reg[16]_i_1__8/CO[7]
                         net (fo=1, routed)           0.003     1.160    u_sensor_reliability/u_chk_accel_y/jump_cnt_reg[16]_i_1__8_n_0
    SLICE_X29Y120        CARRY8 (Prop_CARRY8_SLICEM_CI_O[0])
                                                      0.019     1.179 r  u_sensor_reliability/u_chk_accel_y/jump_cnt_reg[24]_i_1__8/O[0]
                         net (fo=1, routed)           0.007     1.186    u_sensor_reliability/u_chk_accel_y/jump_cnt_reg[24]_i_1__8_n_15
    SLICE_X29Y120        FDRE                                         r  u_sensor_reliability/u_chk_accel_y/jump_cnt_reg[24]/D
  -------------------------------------------------------------------    -------------------

                         (clock s_axi_aclk rise edge)
                                                      0.000     0.000 r  
    D7                                                0.000     0.000 r  S_AXI_ACLK (IN)
                         net (fo=0)                   0.000     0.000    S_AXI_ACLK_IBUF_inst/I
    D7                   INBUF (Prop_INBUF_HPIOB_M_PAD_O)
                                                      0.328     0.328 r  S_AXI_ACLK_IBUF_inst/INBUF_INST/O
                         net (fo=1, routed)           0.000     0.328    S_AXI_ACLK_IBUF_inst/OUT
    D7                   IBUFCTRL (Prop_IBUFCTRL_HPIOB_M_I_O)
                                                      0.000     0.328 r  S_AXI_ACLK_IBUF_inst/IBUFCTRL_INST/O
                         net (fo=1, routed)           0.189     0.517    S_AXI_ACLK_IBUF
    BUFGCE_X0Y67         BUFGCE (Prop_BUFCE_BUFGCE_I_O)
                                                      0.019     0.536 r  S_AXI_ACLK_IBUF_BUFG_inst/O
    X1Y2 (CLOCK_ROOT)    net (fo=5789, routed)        0.807     1.343    u_sensor_reliability/u_chk_accel_y/S_AXI_ACLK_IBUF_BUFG
    SLICE_X29Y120        FDRE                                         r  u_sensor_reliability/u_chk_accel_y/jump_cnt_reg[24]/C
                         clock pessimism             -0.239     1.104    
    SLICE_X29Y120        FDRE (Hold_AFF_SLICEM_C_D)
                                                      0.046     1.150    u_sensor_reliability/u_chk_accel_y/jump_cnt_reg[24]
  -------------------------------------------------------------------
                         required time                         -1.150    
                         arrival time                           1.186    
  -------------------------------------------------------------------
                         slack                                  0.036    

Slack (MET) :             0.037ns  (arrival time - required time)
  Source:                 u_sensor_reliability/u_chk_distance/delta_history_reg[6][0]/C
                            (rising edge-triggered cell FDRE clocked by s_axi_aclk  {rise@0.000ns fall@5.556ns period=11.111ns})
  Destination:            u_sensor_reliability/u_chk_distance/delta_history_reg[7][0]/D
                            (rising edge-triggered cell FDRE clocked by s_axi_aclk  {rise@0.000ns fall@5.556ns period=11.111ns})
  Path Group:             s_axi_aclk
  Path Type:              Hold (Min at Fast Process Corner)
  Requirement:            0.000ns  (s_axi_aclk rise@0.000ns - s_axi_aclk rise@0.000ns)
  Data Path Delay:        0.127ns  (logic 0.039ns (30.750%)  route 0.088ns (69.250%))
  Logic Levels:           0  
  Clock Path Skew:        0.043ns (DCD - SCD - CPR)
    Destination Clock Delay (DCD):    1.284ns
    Source Clock Delay      (SCD):    0.969ns
    Clock Pessimism Removal (CPR):    0.272ns
  Clock Net Delay (Source):      0.660ns (routing 0.096ns, distribution 0.564ns)
  Clock Net Delay (Destination): 0.748ns (routing 0.108ns, distribution 0.640ns)

    Location             Delay type                Incr(ns)  Path(ns)    Netlist Resource(s)
  -------------------------------------------------------------------    -------------------
                         (clock s_axi_aclk rise edge)
                                                      0.000     0.000 r  
    D7                                                0.000     0.000 r  S_AXI_ACLK (IN)
                         net (fo=0)                   0.000     0.000    S_AXI_ACLK_IBUF_inst/I
    D7                   INBUF (Prop_INBUF_HPIOB_M_PAD_O)
                                                      0.143     0.143 r  S_AXI_ACLK_IBUF_inst/INBUF_INST/O
                         net (fo=1, routed)           0.000     0.143    S_AXI_ACLK_IBUF_inst/OUT
    D7                   IBUFCTRL (Prop_IBUFCTRL_HPIOB_M_I_O)
                                                      0.000     0.143 r  S_AXI_ACLK_IBUF_inst/IBUFCTRL_INST/O
                         net (fo=1, routed)           0.149     0.292    S_AXI_ACLK_IBUF
    BUFGCE_X0Y67         BUFGCE (Prop_BUFCE_BUFGCE_I_O)
                                                      0.017     0.309 r  S_AXI_ACLK_IBUF_BUFG_inst/O
    X1Y2 (CLOCK_ROOT)    net (fo=5789, routed)        0.660     0.969    u_sensor_reliability/u_chk_distance/S_AXI_ACLK_IBUF_BUFG
    SLICE_X45Y152        FDRE                                         r  u_sensor_reliability/u_chk_distance/delta_history_reg[6][0]/C
  -------------------------------------------------------------------    -------------------
    SLICE_X45Y152        FDRE (Prop_EFF2_SLICEM_C_Q)
                                                      0.039     1.008 r  u_sensor_reliability/u_chk_distance/delta_history_reg[6][0]/Q
                         net (fo=3, routed)           0.088     1.096    u_sensor_reliability/u_chk_distance/delta_history_reg[6]_6[0]
    SLICE_X44Y151        FDRE                                         r  u_sensor_reliability/u_chk_distance/delta_history_reg[7][0]/D
  -------------------------------------------------------------------    -------------------

                         (clock s_axi_aclk rise edge)
                                                      0.000     0.000 r  
    D7                                                0.000     0.000 r  S_AXI_ACLK (IN)
                         net (fo=0)                   0.000     0.000    S_AXI_ACLK_IBUF_inst/I
    D7                   INBUF (Prop_INBUF_HPIOB_M_PAD_O)
                                                      0.328     0.328 r  S_AXI_ACLK_IBUF_inst/INBUF_INST/O
                         net (fo=1, routed)           0.000     0.328    S_AXI_ACLK_IBUF_inst/OUT
    D7                   IBUFCTRL (Prop_IBUFCTRL_HPIOB_M_I_O)
                                                      0.000     0.328 r  S_AXI_ACLK_IBUF_inst/IBUFCTRL_INST/O
                         net (fo=1, routed)           0.189     0.517    S_AXI_ACLK_IBUF
    BUFGCE_X0Y67         BUFGCE (Prop_BUFCE_BUFGCE_I_O)
                                                      0.019     0.536 r  S_AXI_ACLK_IBUF_BUFG_inst/O
    X1Y2 (CLOCK_ROOT)    net (fo=5789, routed)        0.748     1.284    u_sensor_reliability/u_chk_distance/S_AXI_ACLK_IBUF_BUFG
    SLICE_X44Y151        FDRE                                         r  u_sensor_reliability/u_chk_distance/delta_history_reg[7][0]/C
                         clock pessimism             -0.272     1.013    
    SLICE_X44Y151        FDRE (Hold_AFF2_SLICEL_C_D)
                                                      0.047     1.060    u_sensor_reliability/u_chk_distance/delta_history_reg[7][0]
  -------------------------------------------------------------------
                         required time                         -1.060    
                         arrival time                           1.096    
  -------------------------------------------------------------------
                         slack                                  0.037    





Pulse Width Checks
--------------------------------------------------------------------------------------
Clock Name:         s_axi_aclk
Waveform(ns):       { 0.000 5.556 }
Period(ns):         11.111
Sources:            { S_AXI_ACLK }

Check Type        Corner  Lib Pin           Reference Pin  Required(ns)  Actual(ns)  Slack(ns)  Location       Pin
Min Period        n/a     BUFGCE/I          n/a            1.499         11.111      9.612      BUFGCE_X0Y67   S_AXI_ACLK_IBUF_BUFG_inst/I
Min Period        n/a     DSP_OUTPUT/CLK    n/a            0.750         11.111      10.361     DSP48E2_X4Y52  u_preprocessor/p_0_out__12/DSP_OUTPUT_INST/CLK
Min Period        n/a     DSP_OUTPUT/CLK    n/a            0.750         11.111      10.361     DSP48E2_X3Y38  u_preprocessor/p_0_out__8/DSP_OUTPUT_INST/CLK
Min Period        n/a     DSP_OUTPUT/CLK    n/a            0.750         11.111      10.361     DSP48E2_X2Y42  u_preprocessor/pred_data_out_reg[pred_accel_x_3]/DSP_OUTPUT_INST/CLK
Min Period        n/a     DSP_OUTPUT/CLK    n/a            0.750         11.111      10.361     DSP48E2_X4Y56  u_preprocessor/pred_data_out_reg[pred_approach_speed]/DSP_OUTPUT_INST/CLK
Min Period        n/a     DSP_OUTPUT/CLK    n/a            0.750         11.111      10.361     DSP48E2_X2Y48  u_preprocessor/pred_data_out_reg[pred_gyro_x_1]/DSP_OUTPUT_INST/CLK
Min Period        n/a     DSP_OUTPUT/CLK    n/a            0.750         11.111      10.361     DSP48E2_X4Y43  u_preprocessor/pred_data_out_reg[pred_gyro_y_1]/DSP_OUTPUT_INST/CLK
Min Period        n/a     DSP_OUTPUT/CLK    n/a            0.750         11.111      10.361     DSP48E2_X4Y51  u_preprocessor/pred_data_out_reg[pred_gyro_z_1]/DSP_OUTPUT_INST/CLK
Min Period        n/a     DSP_A_B_DATA/CLK  n/a            0.600         11.111      10.511     DSP48E2_X4Y49  u_risk_control/p_0_out/DSP_A_B_DATA_INST/CLK
Min Period        n/a     DSP_A_B_DATA/CLK  n/a            0.600         11.111      10.511     DSP48E2_X3Y49  u_risk_control/p_0_out__0/DSP_A_B_DATA_INST/CLK
Min Period        n/a     DSP_A_B_DATA/CLK  n/a            0.600         11.111      10.511     DSP48E2_X3Y48  u_risk_control/p_0_out__1/DSP_A_B_DATA_INST/CLK
Min Period        n/a     DSP_A_B_DATA/CLK  n/a            0.600         11.111      10.511     DSP48E2_X4Y48  u_risk_control/p_0_out__2/DSP_A_B_DATA_INST/CLK
Min Period        n/a     FDSE/C            n/a            0.550         11.111      10.561     SLICE_X48Y155  u_axi_slave/aw_en_reg/C
Min Period        n/a     FDRE/C            n/a            0.550         11.111      10.561     SLICE_X48Y143  u_axi_slave/axi_araddr_reg[2]/C
Min Period        n/a     FDRE/C            n/a            0.550         11.111      10.561     SLICE_X48Y143  u_axi_slave/axi_araddr_reg[3]/C
Min Period        n/a     FDRE/C            n/a            0.550         11.111      10.561     SLICE_X48Y143  u_axi_slave/axi_araddr_reg[4]/C
Min Period        n/a     FDRE/C            n/a            0.550         11.111      10.561     SLICE_X48Y143  u_axi_slave/axi_araddr_reg[5]/C
Min Period        n/a     FDRE/C            n/a            0.550         11.111      10.561     SLICE_X48Y143  u_axi_slave/axi_arready_reg/C
Min Period        n/a     FDRE/C            n/a            0.550         11.111      10.561     SLICE_X47Y133  u_axi_slave/axi_awaddr_reg[2]/C
Min Period        n/a     FDRE/C            n/a            0.550         11.111      10.561     SLICE_X47Y133  u_axi_slave/axi_awaddr_reg[3]/C
Low Pulse Width   Slow    FDSE/C            n/a            0.275         5.556       5.281      SLICE_X48Y155  u_axi_slave/aw_en_reg/C
Low Pulse Width   Fast    FDSE/C            n/a            0.275         5.556       5.281      SLICE_X48Y155  u_axi_slave/aw_en_reg/C
Low Pulse Width   Slow    FDRE/C            n/a            0.275         5.556       5.281      SLICE_X48Y143  u_axi_slave/axi_araddr_reg[2]/C
Low Pulse Width   Fast    FDRE/C            n/a            0.275         5.556       5.281      SLICE_X48Y143  u_axi_slave/axi_araddr_reg[2]/C
Low Pulse Width   Slow    FDRE/C            n/a            0.275         5.556       5.281      SLICE_X48Y143  u_axi_slave/axi_araddr_reg[3]/C
Low Pulse Width   Fast    FDRE/C            n/a            0.275         5.556       5.281      SLICE_X48Y143  u_axi_slave/axi_araddr_reg[3]/C
Low Pulse Width   Slow    FDRE/C            n/a            0.275         5.556       5.281      SLICE_X48Y143  u_axi_slave/axi_araddr_reg[4]/C
Low Pulse Width   Fast    FDRE/C            n/a            0.275         5.556       5.281      SLICE_X48Y143  u_axi_slave/axi_araddr_reg[4]/C
Low Pulse Width   Slow    FDRE/C            n/a            0.275         5.556       5.281      SLICE_X48Y143  u_axi_slave/axi_araddr_reg[5]/C
Low Pulse Width   Fast    FDRE/C            n/a            0.275         5.556       5.281      SLICE_X48Y143  u_axi_slave/axi_araddr_reg[5]/C
Low Pulse Width   Slow    FDRE/C            n/a            0.275         5.556       5.281      SLICE_X48Y143  u_axi_slave/axi_arready_reg/C
Low Pulse Width   Fast    FDRE/C            n/a            0.275         5.556       5.281      SLICE_X48Y143  u_axi_slave/axi_arready_reg/C
Low Pulse Width   Slow    FDRE/C            n/a            0.275         5.556       5.281      SLICE_X47Y133  u_axi_slave/axi_awaddr_reg[2]/C
Low Pulse Width   Fast    FDRE/C            n/a            0.275         5.556       5.281      SLICE_X47Y133  u_axi_slave/axi_awaddr_reg[2]/C
Low Pulse Width   Slow    FDRE/C            n/a            0.275         5.556       5.281      SLICE_X47Y133  u_axi_slave/axi_awaddr_reg[3]/C
Low Pulse Width   Fast    FDRE/C            n/a            0.275         5.556       5.281      SLICE_X47Y133  u_axi_slave/axi_awaddr_reg[3]/C
Low Pulse Width   Slow    FDRE/C            n/a            0.275         5.556       5.281      SLICE_X47Y133  u_axi_slave/axi_awaddr_reg[4]/C
Low Pulse Width   Fast    FDRE/C            n/a            0.275         5.556       5.281      SLICE_X47Y133  u_axi_slave/axi_awaddr_reg[4]/C
Low Pulse Width   Slow    FDRE/C            n/a            0.275         5.556       5.281      SLICE_X47Y133  u_axi_slave/axi_awaddr_reg[5]/C
Low Pulse Width   Fast    FDRE/C            n/a            0.275         5.556       5.281      SLICE_X47Y133  u_axi_slave/axi_awaddr_reg[5]/C
High Pulse Width  Slow    FDSE/C            n/a            0.275         5.556       5.281      SLICE_X48Y155  u_axi_slave/aw_en_reg/C
High Pulse Width  Fast    FDSE/C            n/a            0.275         5.556       5.281      SLICE_X48Y155  u_axi_slave/aw_en_reg/C
High Pulse Width  Slow    FDRE/C            n/a            0.275         5.556       5.281      SLICE_X48Y143  u_axi_slave/axi_araddr_reg[2]/C
High Pulse Width  Fast    FDRE/C            n/a            0.275         5.555       5.280      SLICE_X48Y143  u_axi_slave/axi_araddr_reg[2]/C
High Pulse Width  Slow    FDRE/C            n/a            0.275         5.556       5.281      SLICE_X48Y143  u_axi_slave/axi_araddr_reg[3]/C
High Pulse Width  Fast    FDRE/C            n/a            0.275         5.555       5.280      SLICE_X48Y143  u_axi_slave/axi_araddr_reg[3]/C
High Pulse Width  Slow    FDRE/C            n/a            0.275         5.556       5.281      SLICE_X48Y143  u_axi_slave/axi_araddr_reg[4]/C
High Pulse Width  Fast    FDRE/C            n/a            0.275         5.555       5.280      SLICE_X48Y143  u_axi_slave/axi_araddr_reg[4]/C
High Pulse Width  Slow    FDRE/C            n/a            0.275         5.556       5.281      SLICE_X48Y143  u_axi_slave/axi_araddr_reg[5]/C
High Pulse Width  Fast    FDRE/C            n/a            0.275         5.555       5.280      SLICE_X48Y143  u_axi_slave/axi_araddr_reg[5]/C
High Pulse Width  Slow    FDRE/C            n/a            0.275         5.556       5.281      SLICE_X48Y143  u_axi_slave/axi_arready_reg/C
High Pulse Width  Fast    FDRE/C            n/a            0.275         5.555       5.280      SLICE_X48Y143  u_axi_slave/axi_arready_reg/C
High Pulse Width  Slow    FDRE/C            n/a            0.275         5.556       5.281      SLICE_X47Y133  u_axi_slave/axi_awaddr_reg[2]/C
High Pulse Width  Fast    FDRE/C            n/a            0.275         5.556       5.281      SLICE_X47Y133  u_axi_slave/axi_awaddr_reg[2]/C
High Pulse Width  Slow    FDRE/C            n/a            0.275         5.556       5.281      SLICE_X47Y133  u_axi_slave/axi_awaddr_reg[3]/C
High Pulse Width  Fast    FDRE/C            n/a            0.275         5.556       5.281      SLICE_X47Y133  u_axi_slave/axi_awaddr_reg[3]/C
High Pulse Width  Slow    FDRE/C            n/a            0.275         5.556       5.281      SLICE_X47Y133  u_axi_slave/axi_awaddr_reg[4]/C
High Pulse Width  Fast    FDRE/C            n/a            0.275         5.556       5.281      SLICE_X47Y133  u_axi_slave/axi_awaddr_reg[4]/C
High Pulse Width  Slow    FDRE/C            n/a            0.275         5.556       5.281      SLICE_X47Y133  u_axi_slave/axi_awaddr_reg[5]/C
High Pulse Width  Fast    FDRE/C            n/a            0.275         5.556       5.281      SLICE_X47Y133  u_axi_slave/axi_awaddr_reg[5]/C



