Copyright 1986-2022 Xilinx, Inc. All Rights Reserved.
------------------------------------------------------------------------------------------------------------------------------------------------------------------------------------------------------------------
| Tool Version      : Vivado v.2022.2 (win64) Build 3671981 Fri Oct 14 05:00:03 MDT 2022
| Date              : Thu Aug 13 00:59:08 2026
| Host              : JH_HP running 64-bit major release  (build 9200)
| Command           : report_timing_summary -delay_type min_max -max_paths 20 -file C:/Users/jiho0/GitProjects/FPGA-Autonomous-Vehicle-Project/verification_reports/standalone_synth/standalone_timing_100mhz.rpt
| Design            : top_controller
| Device            : xczu2cg-sfvc784
| Speed File        : -1  PRODUCTION 1.30 05-15-2022
| Temperature Grade : E
------------------------------------------------------------------------------------------------------------------------------------------------------------------------------------------------------------------

Timing Summary Report

------------------------------------------------------------------------------------------------
| Timer Settings
| --------------
------------------------------------------------------------------------------------------------

  Enable Multi Corner Analysis               :  Yes
  Enable Pessimism Removal                   :  Yes
  Pessimism Removal Resolution               :  Nearest Common Node
  Enable Input Delay Default Clock           :  No
  Enable Preset / Clear Arcs                 :  No
  Disable Flight Delays                      :  No
  Ignore I/O Paths                           :  No
  Timing Early Launch at Borrowing Latches   :  No
  Borrow Time for Max Delay Exceptions       :  Yes
  Merge Timing Exceptions                    :  Yes

  Corner  Analyze    Analyze    
  Name    Max Paths  Min Paths  
  ------  ---------  ---------  
  Slow    Yes        Yes        
  Fast    Yes        Yes        


------------------------------------------------------------------------------------------------
| Report Methodology
| ------------------
------------------------------------------------------------------------------------------------

No report available as report_methodology has not been run prior. Run report_methodology on the current design for the summary of methodology violations.



check_timing report

Table of Contents
-----------------
1. checking no_clock (0)
2. checking constant_clock (0)
3. checking pulse_width_clock (0)
4. checking unconstrained_internal_endpoints (0)
5. checking no_input_delay (50)
6. checking no_output_delay (37)
7. checking multiple_clock (0)
8. checking generated_clocks (0)
9. checking loops (0)
10. checking partial_input_delay (0)
11. checking partial_output_delay (0)
12. checking latch_loops (0)

1. checking no_clock (0)
------------------------
 There are 0 register/latch pins with no clock.


2. checking constant_clock (0)
------------------------------
 There are 0 register/latch pins with constant_clock.


3. checking pulse_width_clock (0)
---------------------------------
 There are 0 register/latch pins which need pulse_width check


4. checking unconstrained_internal_endpoints (0)
------------------------------------------------
 There are 0 pins that are not constrained for maximum delay.

 There are 0 pins that are not constrained for maximum delay due to constant clock.


5. checking no_input_delay (50)
-------------------------------
 There are 50 input ports with no input delay specified. (HIGH)

 There are 0 input ports with no input delay but user has a false path constraint.


6. checking no_output_delay (37)
--------------------------------
 There are 37 ports with no output delay specified. (HIGH)

 There are 0 ports with no output delay but user has a false path constraint

 There are 0 ports with no output delay but with a timing clock defined on it or propagating through it


7. checking multiple_clock (0)
------------------------------
 There are 0 register/latch pins with multiple clocks.


8. checking generated_clocks (0)
--------------------------------
 There are 0 generated clocks that are not connected to a clock source.


9. checking loops (0)
---------------------
 There are 0 combinational loops in the design.


10. checking partial_input_delay (0)
------------------------------------
 There are 0 input ports with partial input delay specified.


11. checking partial_output_delay (0)
-------------------------------------
 There are 0 ports with partial output delay specified.


12. checking latch_loops (0)
----------------------------
 There are 0 combinational latch loops in the design through latch input



------------------------------------------------------------------------------------------------
| Design Timing Summary
| ---------------------
------------------------------------------------------------------------------------------------

    WNS(ns)      TNS(ns)  TNS Failing Endpoints  TNS Total Endpoints      WHS(ns)      THS(ns)  THS Failing Endpoints  THS Total Endpoints     WPWS(ns)     TPWS(ns)  TPWS Failing Endpoints  TPWS Total Endpoints  
    -------      -------  ---------------------  -------------------      -------      -------  ---------------------  -------------------     --------     --------  ----------------------  --------------------  
     -1.361      -25.621                     34                13634       -0.077     -227.563                   5202                13634        4.725        0.000                       0                  5728  


Timing constraints are not met.


------------------------------------------------------------------------------------------------
| Clock Summary
| -------------
------------------------------------------------------------------------------------------------

Clock       Waveform(ns)       Period(ns)      Frequency(MHz)
-----       ------------       ----------      --------------
s_axi_aclk  {0.000 5.000}      10.000          100.000         


------------------------------------------------------------------------------------------------
| Intra Clock Table
| -----------------
------------------------------------------------------------------------------------------------

Clock             WNS(ns)      TNS(ns)  TNS Failing Endpoints  TNS Total Endpoints      WHS(ns)      THS(ns)  THS Failing Endpoints  THS Total Endpoints     WPWS(ns)     TPWS(ns)  TPWS Failing Endpoints  TPWS Total Endpoints  
-----             -------      -------  ---------------------  -------------------      -------      -------  ---------------------  -------------------     --------     --------  ----------------------  --------------------  
s_axi_aclk         -1.361      -25.621                     34                13634       -0.077     -227.563                   5202                13634        4.725        0.000                       0                  5728  


------------------------------------------------------------------------------------------------
| Inter Clock Table
| -----------------
------------------------------------------------------------------------------------------------

From Clock    To Clock          WNS(ns)      TNS(ns)  TNS Failing Endpoints  TNS Total Endpoints      WHS(ns)      THS(ns)  THS Failing Endpoints  THS Total Endpoints  
----------    --------          -------      -------  ---------------------  -------------------      -------      -------  ---------------------  -------------------  


------------------------------------------------------------------------------------------------
| Other Path Groups Table
| -----------------------
------------------------------------------------------------------------------------------------

Path Group    From Clock    To Clock          WNS(ns)      TNS(ns)  TNS Failing Endpoints  TNS Total Endpoints      WHS(ns)      THS(ns)  THS Failing Endpoints  THS Total Endpoints  
----------    ----------    --------          -------      -------  ---------------------  -------------------      -------      -------  ---------------------  -------------------  


------------------------------------------------------------------------------------------------
| Timing Details
| --------------
------------------------------------------------------------------------------------------------


---------------------------------------------------------------------------------------------------
From Clock:  s_axi_aclk
  To Clock:  s_axi_aclk

Setup :           34  Failing Endpoints,  Worst Slack       -1.361ns,  Total Violation      -25.621ns
Hold  :         5202  Failing Endpoints,  Worst Slack       -0.077ns,  Total Violation     -227.563ns
PW    :            0  Failing Endpoints,  Worst Slack        4.725ns,  Total Violation        0.000ns
---------------------------------------------------------------------------------------------------


Max Delay Paths
--------------------------------------------------------------------------------------
Slack (VIOLATED) :        -1.361ns  (required time - arrival time)
  Source:                 u_axi_slave/slv_reg3_reg[5]/C
                            (rising edge-triggered cell FDRE clocked by s_axi_aclk  {rise@0.000ns fall@5.000ns period=10.000ns})
  Destination:            u_preprocessor/pred_data_out_reg[pred_accel_y_1][11]/D
                            (rising edge-triggered cell FDRE clocked by s_axi_aclk  {rise@0.000ns fall@5.000ns period=10.000ns})
  Path Group:             s_axi_aclk
  Path Type:              Setup (Max at Slow Process Corner)
  Requirement:            10.000ns  (s_axi_aclk rise@10.000ns - s_axi_aclk rise@0.000ns)
  Data Path Delay:        11.208ns  (logic 7.284ns (64.989%)  route 3.924ns (35.011%))
  Logic Levels:           34  (CARRY8=3 DSP_A_B_DATA=3 DSP_ALU=3 DSP_M_DATA=3 DSP_MULTIPLIER=3 DSP_OUTPUT=3 DSP_PREADD_DATA=3 LUT2=1 LUT3=1 LUT5=3 LUT6=8)
  Clock Path Skew:        -0.145ns (DCD - SCD + CPR)
    Destination Clock Delay (DCD):    2.878ns = ( 12.878 - 10.000 ) 
    Source Clock Delay      (SCD):    3.323ns
    Clock Pessimism Removal (CPR):    0.300ns
  Clock Uncertainty:      0.035ns  ((TSJ^2 + TIJ^2)^1/2 + DJ) / 2 + PE
    Total System Jitter     (TSJ):    0.071ns
    Total Input Jitter      (TIJ):    0.000ns
    Discrete Jitter          (DJ):    0.000ns
    Phase Error              (PE):    0.000ns

    Location             Delay type                Incr(ns)  Path(ns)    Netlist Resource(s)
  -------------------------------------------------------------------    -------------------
                         (clock s_axi_aclk rise edge)
                                                      0.000     0.000 r  
                                                      0.000     0.000 r  S_AXI_ACLK (IN)
                         net (fo=0)                   0.000     0.000    S_AXI_ACLK_IBUF_inst/I
                         INBUF (Prop_INBUF_PAD_O)     0.542     0.542 r  S_AXI_ACLK_IBUF_inst/INBUF_INST/O
                         net (fo=1, unplaced)         0.000     0.542    S_AXI_ACLK_IBUF_inst/OUT
                         IBUFCTRL (Prop_IBUFCTRL_I_O)
                                                      0.000     0.542 r  S_AXI_ACLK_IBUF_inst/IBUFCTRL_INST/O
                         net (fo=1, unplaced)         0.169     0.711    S_AXI_ACLK_IBUF
                         BUFGCE (Prop_BUFGCE_I_O)     0.028     0.739 r  S_AXI_ACLK_IBUF_BUFG_inst/O
                         net (fo=5788, unplaced)      2.584     3.323    u_axi_slave/S_AXI_ACLK_IBUF_BUFG
                         FDRE                                         r  u_axi_slave/slv_reg3_reg[5]/C
  -------------------------------------------------------------------    -------------------
                         FDRE (Prop_FDRE_C_Q)         0.093     3.416 f  u_axi_slave/slv_reg3_reg[5]/Q
                         net (fo=11, unplaced)        0.212     3.628    u_axi_slave/sim_data_out[incline_x][5]
                         LUT6 (Prop_LUT6_I0_O)        0.179     3.807 f  u_axi_slave/g0_b0__3_i_6/O
                         net (fo=7, unplaced)         0.239     4.046    u_axi_slave/g0_b0__3_i_6_n_0
                         LUT6 (Prop_LUT6_I3_O)        0.040     4.086 f  u_axi_slave/g0_b0__3_i_10/O
                         net (fo=2, unplaced)         0.214     4.300    u_axi_slave/g0_b0__3_i_10_n_0
                         LUT6 (Prop_LUT6_I3_O)        0.040     4.340 r  u_axi_slave/consistency_cnt[0]_i_31__9/O
                         net (fo=3, unplaced)         0.165     4.505    u_axi_slave/consistency_cnt[0]_i_31__9_n_0
                         LUT6 (Prop_LUT6_I0_O)        0.100     4.605 r  u_axi_slave/g0_b0__3_i_7/O
                         net (fo=11, unplaced)        0.249     4.854    u_axi_slave/g0_b0__3_i_7_n_0
                         LUT5 (Prop_LUT5_I4_O)        0.040     4.894 r  u_axi_slave/g0_b0__3_i_1/O
                         net (fo=81, unplaced)        0.242     5.136    u_axi_slave/g0_b0__3_i_1_n_0
                         LUT5 (Prop_LUT5_I0_O)        0.171     5.307 r  u_axi_slave/g0_b1__3/O
                         net (fo=6, unplaced)         0.236     5.543    u_axi_slave/slv_reg3_reg[7]_0[1]
                         LUT6 (Prop_LUT6_I5_O)        0.039     5.582 r  u_axi_slave/g0_b1__4__0/O
                         net (fo=1, unplaced)         0.025     5.607    u_axi_slave/g0_b1__4__0_n_0
                         CARRY8 (Prop_CARRY8_S[1]_CO[7])
                                                      0.245     5.852 r  u_axi_slave/p_0_out__3_i_9/CO[7]
                         net (fo=1, unplaced)         0.007     5.859    u_axi_slave/p_0_out__3_i_9_n_0
                         CARRY8 (Prop_CARRY8_CI_O[0])
                                                      0.072     5.931 f  u_axi_slave/p_0_out__3_i_8/O[0]
                         net (fo=1, unplaced)         0.262     6.193    u_preprocessor/p_0_out__3/A[8]
                         DSP_A_B_DATA (Prop_DSP_A_B_DATA_A[8]_A2_DATA[8])
                                                      0.241     6.434 r  u_preprocessor/p_0_out__3/DSP_A_B_DATA_INST/A2_DATA[8]
                         net (fo=1, unplaced)         0.000     6.434    u_preprocessor/p_0_out__3/DSP_A_B_DATA.A2_DATA<8>
                         DSP_PREADD_DATA (Prop_DSP_PREADD_DATA_A2_DATA[8]_A2A1[8])
                                                      0.098     6.532 r  u_preprocessor/p_0_out__3/DSP_PREADD_DATA_INST/A2A1[8]
                         net (fo=1, unplaced)         0.000     6.532    u_preprocessor/p_0_out__3/DSP_PREADD_DATA.A2A1<8>
                         DSP_MULTIPLIER (Prop_DSP_MULTIPLIER_A2A1[8]_U[9])
                                                      0.647     7.179 f  u_preprocessor/p_0_out__3/DSP_MULTIPLIER_INST/U[9]
                         net (fo=1, unplaced)         0.000     7.179    u_preprocessor/p_0_out__3/DSP_MULTIPLIER.U<9>
                         DSP_M_DATA (Prop_DSP_M_DATA_U[9]_U_DATA[9])
                                                      0.059     7.238 r  u_preprocessor/p_0_out__3/DSP_M_DATA_INST/U_DATA[9]
                         net (fo=1, unplaced)         0.000     7.238    u_preprocessor/p_0_out__3/DSP_M_DATA.U_DATA<9>
                         DSP_ALU (Prop_DSP_ALU_U_DATA[9]_ALU_OUT[9])
                                                      0.699     7.937 f  u_preprocessor/p_0_out__3/DSP_ALU_INST/ALU_OUT[9]
                         net (fo=1, unplaced)         0.000     7.937    u_preprocessor/p_0_out__3/DSP_ALU.ALU_OUT<9>
                         DSP_OUTPUT (Prop_DSP_OUTPUT_ALU_OUT[9]_P[9])
                                                      0.141     8.078 r  u_preprocessor/p_0_out__3/DSP_OUTPUT_INST/P[9]
                         net (fo=3, unplaced)         0.265     8.343    u_axi_slave/p_0_out__4_i_8_0[2]
                         LUT6 (Prop_LUT6_I1_O)        0.179     8.522 r  u_axi_slave/p_0_out__4_i_21/O
                         net (fo=3, unplaced)         0.220     8.742    u_axi_slave/p_0_out__4_i_21_n_0
                         LUT6 (Prop_LUT6_I5_O)        0.040     8.782 f  u_axi_slave/p_0_out__4_i_19/O
                         net (fo=4, unplaced)         0.226     9.008    u_axi_slave/p_0_out__4_i_19_n_0
                         LUT5 (Prop_LUT5_I3_O)        0.040     9.048 r  u_axi_slave/p_0_out__4_i_15/O
                         net (fo=3, unplaced)         0.220     9.268    u_axi_slave/p_0_out__4_i_15_n_0
                         LUT6 (Prop_LUT6_I0_O)        0.040     9.308 r  u_axi_slave/p_0_out__4_i_14/O
                         net (fo=2, unplaced)         0.214     9.522    u_axi_slave/p_0_out__4_i_14_n_0
                         LUT3 (Prop_LUT3_I2_O)        0.040     9.562 f  u_axi_slave/p_0_out__4_i_1/O
                         net (fo=19, unplaced)        0.300     9.862    u_preprocessor/p_0_out__4/A[16]
                         DSP_A_B_DATA (Prop_DSP_A_B_DATA_A[16]_A2_DATA[16])
                                                      0.241    10.103 r  u_preprocessor/p_0_out__4/DSP_A_B_DATA_INST/A2_DATA[16]
                         net (fo=1, unplaced)         0.000    10.103    u_preprocessor/p_0_out__4/DSP_A_B_DATA.A2_DATA<16>
                         DSP_PREADD_DATA (Prop_DSP_PREADD_DATA_A2_DATA[16]_A2A1[16])
                                                      0.098    10.201 r  u_preprocessor/p_0_out__4/DSP_PREADD_DATA_INST/A2A1[16]
                         net (fo=1, unplaced)         0.000    10.201    u_preprocessor/p_0_out__4/DSP_PREADD_DATA.A2A1<16>
                         DSP_MULTIPLIER (Prop_DSP_MULTIPLIER_A2A1[16]_U[22])
                                                      0.647    10.848 f  u_preprocessor/p_0_out__4/DSP_MULTIPLIER_INST/U[22]
                         net (fo=1, unplaced)         0.000    10.848    u_preprocessor/p_0_out__4/DSP_MULTIPLIER.U<22>
                         DSP_M_DATA (Prop_DSP_M_DATA_U[22]_U_DATA[22])
                                                      0.059    10.907 r  u_preprocessor/p_0_out__4/DSP_M_DATA_INST/U_DATA[22]
                         net (fo=1, unplaced)         0.000    10.907    u_preprocessor/p_0_out__4/DSP_M_DATA.U_DATA<22>
                         DSP_ALU (Prop_DSP_ALU_U_DATA[22]_ALU_OUT[22])
                                                      0.699    11.606 r  u_preprocessor/p_0_out__4/DSP_ALU_INST/ALU_OUT[22]
                         net (fo=1, unplaced)         0.000    11.606    u_preprocessor/p_0_out__4/DSP_ALU.ALU_OUT<22>
                         DSP_OUTPUT (Prop_DSP_OUTPUT_ALU_OUT[22]_P[22])
                                                      0.141    11.747 f  u_preprocessor/p_0_out__4/DSP_OUTPUT_INST/P[22]
                         net (fo=8, unplaced)         0.316    12.063    u_preprocessor/p_0_out__6/A[24]
                         DSP_A_B_DATA (Prop_DSP_A_B_DATA_A[24]_A2_DATA[24])
                                                      0.241    12.304 r  u_preprocessor/p_0_out__6/DSP_A_B_DATA_INST/A2_DATA[24]
                         net (fo=1, unplaced)         0.000    12.304    u_preprocessor/p_0_out__6/DSP_A_B_DATA.A2_DATA<24>
                         DSP_PREADD_DATA (Prop_DSP_PREADD_DATA_A2_DATA[24]_A2A1[24])
                                                      0.098    12.402 r  u_preprocessor/p_0_out__6/DSP_PREADD_DATA_INST/A2A1[24]
                         net (fo=1, unplaced)         0.000    12.402    u_preprocessor/p_0_out__6/DSP_PREADD_DATA.A2A1<24>
                         DSP_MULTIPLIER (Prop_DSP_MULTIPLIER_A2A1[24]_U[29])
                                                      0.647    13.049 f  u_preprocessor/p_0_out__6/DSP_MULTIPLIER_INST/U[29]
                         net (fo=1, unplaced)         0.000    13.049    u_preprocessor/p_0_out__6/DSP_MULTIPLIER.U<29>
                         DSP_M_DATA (Prop_DSP_M_DATA_U[29]_U_DATA[29])
                                                      0.059    13.108 r  u_preprocessor/p_0_out__6/DSP_M_DATA_INST/U_DATA[29]
                         net (fo=1, unplaced)         0.000    13.108    u_preprocessor/p_0_out__6/DSP_M_DATA.U_DATA<29>
                         DSP_ALU (Prop_DSP_ALU_U_DATA[29]_ALU_OUT[29])
                                                      0.699    13.807 f  u_preprocessor/p_0_out__6/DSP_ALU_INST/ALU_OUT[29]
                         net (fo=1, unplaced)         0.000    13.807    u_preprocessor/p_0_out__6/DSP_ALU.ALU_OUT<29>
                         DSP_OUTPUT (Prop_DSP_OUTPUT_ALU_OUT[29]_P[29])
                                                      0.141    13.948 r  u_preprocessor/p_0_out__6/DSP_OUTPUT_INST/P[29]
                         net (fo=2, unplaced)         0.252    14.200    u_preprocessor/grav_y[9]
                         LUT2 (Prop_LUT2_I1_O)        0.062    14.262 r  u_preprocessor/pred_data_out[pred_accel_y_1][11]_i_6/O
                         net (fo=1, unplaced)         0.030    14.292    u_preprocessor/pred_data_out[pred_accel_y_1][11]_i_6_n_0
                         CARRY8 (Prop_CARRY8_S[2]_O[4])
                                                      0.209    14.501 r  u_preprocessor/pred_data_out_reg[pred_accel_y_1][11]_i_1/O[4]
                         net (fo=1, unplaced)         0.030    14.531    u_preprocessor/pred_data_out_reg[pred_accel_y_1][11]_i_1_n_11
                         FDRE                                         r  u_preprocessor/pred_data_out_reg[pred_accel_y_1][11]/D
  -------------------------------------------------------------------    -------------------

                         (clock s_axi_aclk rise edge)
                                                     10.000    10.000 r  
                                                      0.000    10.000 r  S_AXI_ACLK (IN)
                         net (fo=0)                   0.000    10.000    S_AXI_ACLK_IBUF_inst/I
                         INBUF (Prop_INBUF_PAD_O)     0.275    10.275 r  S_AXI_ACLK_IBUF_inst/INBUF_INST/O
                         net (fo=1, unplaced)         0.000    10.275    S_AXI_ACLK_IBUF_inst/OUT
                         IBUFCTRL (Prop_IBUFCTRL_I_O)
                                                      0.000    10.275 r  S_AXI_ACLK_IBUF_inst/IBUFCTRL_INST/O
                         net (fo=1, unplaced)         0.140    10.415    S_AXI_ACLK_IBUF
                         BUFGCE (Prop_BUFGCE_I_O)     0.024    10.439 r  S_AXI_ACLK_IBUF_BUFG_inst/O
                         net (fo=5788, unplaced)      2.439    12.878    u_preprocessor/S_AXI_ACLK_IBUF_BUFG
                         FDRE                                         r  u_preprocessor/pred_data_out_reg[pred_accel_y_1][11]/C
                         clock pessimism              0.300    13.178    
                         clock uncertainty           -0.035    13.143    
                         FDRE (Setup_FDRE_C_D)        0.027    13.170    u_preprocessor/pred_data_out_reg[pred_accel_y_1][11]
  -------------------------------------------------------------------
                         required time                         13.170    
                         arrival time                         -14.531    
  -------------------------------------------------------------------
                         slack                                 -1.361    

Slack (VIOLATED) :        -1.264ns  (required time - arrival time)
  Source:                 u_axi_slave/slv_reg3_reg[5]/C
                            (rising edge-triggered cell FDRE clocked by s_axi_aclk  {rise@0.000ns fall@5.000ns period=10.000ns})
  Destination:            u_preprocessor/pred_data_out_reg[pred_accel_y_1][10]/D
                            (rising edge-triggered cell FDRE clocked by s_axi_aclk  {rise@0.000ns fall@5.000ns period=10.000ns})
  Path Group:             s_axi_aclk
  Path Type:              Setup (Max at Slow Process Corner)
  Requirement:            10.000ns  (s_axi_aclk rise@10.000ns - s_axi_aclk rise@0.000ns)
  Data Path Delay:        11.111ns  (logic 7.185ns (64.666%)  route 3.926ns (35.334%))
  Logic Levels:           34  (CARRY8=3 DSP_A_B_DATA=3 DSP_ALU=3 DSP_M_DATA=3 DSP_MULTIPLIER=3 DSP_OUTPUT=3 DSP_PREADD_DATA=3 LUT2=1 LUT3=1 LUT5=3 LUT6=8)
  Clock Path Skew:        -0.145ns (DCD - SCD + CPR)
    Destination Clock Delay (DCD):    2.878ns = ( 12.878 - 10.000 ) 
    Source Clock Delay      (SCD):    3.323ns
    Clock Pessimism Removal (CPR):    0.300ns
  Clock Uncertainty:      0.035ns  ((TSJ^2 + TIJ^2)^1/2 + DJ) / 2 + PE
    Total System Jitter     (TSJ):    0.071ns
    Total Input Jitter      (TIJ):    0.000ns
    Discrete Jitter          (DJ):    0.000ns
    Phase Error              (PE):    0.000ns

    Location             Delay type                Incr(ns)  Path(ns)    Netlist Resource(s)
  -------------------------------------------------------------------    -------------------
                         (clock s_axi_aclk rise edge)
                                                      0.000     0.000 r  
                                                      0.000     0.000 r  S_AXI_ACLK (IN)
                         net (fo=0)                   0.000     0.000    S_AXI_ACLK_IBUF_inst/I
                         INBUF (Prop_INBUF_PAD_O)     0.542     0.542 r  S_AXI_ACLK_IBUF_inst/INBUF_INST/O
                         net (fo=1, unplaced)         0.000     0.542    S_AXI_ACLK_IBUF_inst/OUT
                         IBUFCTRL (Prop_IBUFCTRL_I_O)
                                                      0.000     0.542 r  S_AXI_ACLK_IBUF_inst/IBUFCTRL_INST/O
                         net (fo=1, unplaced)         0.169     0.711    S_AXI_ACLK_IBUF
                         BUFGCE (Prop_BUFGCE_I_O)     0.028     0.739 r  S_AXI_ACLK_IBUF_BUFG_inst/O
                         net (fo=5788, unplaced)      2.584     3.323    u_axi_slave/S_AXI_ACLK_IBUF_BUFG
                         FDRE                                         r  u_axi_slave/slv_reg3_reg[5]/C
  -------------------------------------------------------------------    -------------------
                         FDRE (Prop_FDRE_C_Q)         0.093     3.416 f  u_axi_slave/slv_reg3_reg[5]/Q
                         net (fo=11, unplaced)        0.212     3.628    u_axi_slave/sim_data_out[incline_x][5]
                         LUT6 (Prop_LUT6_I0_O)        0.179     3.807 f  u_axi_slave/g0_b0__3_i_6/O
                         net (fo=7, unplaced)         0.239     4.046    u_axi_slave/g0_b0__3_i_6_n_0
                         LUT6 (Prop_LUT6_I3_O)        0.040     4.086 f  u_axi_slave/g0_b0__3_i_10/O
                         net (fo=2, unplaced)         0.214     4.300    u_axi_slave/g0_b0__3_i_10_n_0
                         LUT6 (Prop_LUT6_I3_O)        0.040     4.340 r  u_axi_slave/consistency_cnt[0]_i_31__9/O
                         net (fo=3, unplaced)         0.165     4.505    u_axi_slave/consistency_cnt[0]_i_31__9_n_0
                         LUT6 (Prop_LUT6_I0_O)        0.100     4.605 r  u_axi_slave/g0_b0__3_i_7/O
                         net (fo=11, unplaced)        0.249     4.854    u_axi_slave/g0_b0__3_i_7_n_0
                         LUT5 (Prop_LUT5_I4_O)        0.040     4.894 r  u_axi_slave/g0_b0__3_i_1/O
                         net (fo=81, unplaced)        0.242     5.136    u_axi_slave/g0_b0__3_i_1_n_0
                         LUT5 (Prop_LUT5_I0_O)        0.171     5.307 r  u_axi_slave/g0_b1__3/O
                         net (fo=6, unplaced)         0.236     5.543    u_axi_slave/slv_reg3_reg[7]_0[1]
                         LUT6 (Prop_LUT6_I5_O)        0.039     5.582 r  u_axi_slave/g0_b1__4__0/O
                         net (fo=1, unplaced)         0.025     5.607    u_axi_slave/g0_b1__4__0_n_0
                         CARRY8 (Prop_CARRY8_S[1]_CO[7])
                                                      0.245     5.852 r  u_axi_slave/p_0_out__3_i_9/CO[7]
                         net (fo=1, unplaced)         0.007     5.859    u_axi_slave/p_0_out__3_i_9_n_0
                         CARRY8 (Prop_CARRY8_CI_O[0])
                                                      0.072     5.931 f  u_axi_slave/p_0_out__3_i_8/O[0]
                         net (fo=1, unplaced)         0.262     6.193    u_preprocessor/p_0_out__3/A[8]
                         DSP_A_B_DATA (Prop_DSP_A_B_DATA_A[8]_A2_DATA[8])
                                                      0.241     6.434 r  u_preprocessor/p_0_out__3/DSP_A_B_DATA_INST/A2_DATA[8]
                         net (fo=1, unplaced)         0.000     6.434    u_preprocessor/p_0_out__3/DSP_A_B_DATA.A2_DATA<8>
                         DSP_PREADD_DATA (Prop_DSP_PREADD_DATA_A2_DATA[8]_A2A1[8])
                                                      0.098     6.532 r  u_preprocessor/p_0_out__3/DSP_PREADD_DATA_INST/A2A1[8]
                         net (fo=1, unplaced)         0.000     6.532    u_preprocessor/p_0_out__3/DSP_PREADD_DATA.A2A1<8>
                         DSP_MULTIPLIER (Prop_DSP_MULTIPLIER_A2A1[8]_U[9])
                                                      0.647     7.179 f  u_preprocessor/p_0_out__3/DSP_MULTIPLIER_INST/U[9]
                         net (fo=1, unplaced)         0.000     7.179    u_preprocessor/p_0_out__3/DSP_MULTIPLIER.U<9>
                         DSP_M_DATA (Prop_DSP_M_DATA_U[9]_U_DATA[9])
                                                      0.059     7.238 r  u_preprocessor/p_0_out__3/DSP_M_DATA_INST/U_DATA[9]
                         net (fo=1, unplaced)         0.000     7.238    u_preprocessor/p_0_out__3/DSP_M_DATA.U_DATA<9>
                         DSP_ALU (Prop_DSP_ALU_U_DATA[9]_ALU_OUT[9])
                                                      0.699     7.937 f  u_preprocessor/p_0_out__3/DSP_ALU_INST/ALU_OUT[9]
                         net (fo=1, unplaced)         0.000     7.937    u_preprocessor/p_0_out__3/DSP_ALU.ALU_OUT<9>
                         DSP_OUTPUT (Prop_DSP_OUTPUT_ALU_OUT[9]_P[9])
                                                      0.141     8.078 r  u_preprocessor/p_0_out__3/DSP_OUTPUT_INST/P[9]
                         net (fo=3, unplaced)         0.265     8.343    u_axi_slave/p_0_out__4_i_8_0[2]
                         LUT6 (Prop_LUT6_I1_O)        0.179     8.522 r  u_axi_slave/p_0_out__4_i_21/O
                         net (fo=3, unplaced)         0.220     8.742    u_axi_slave/p_0_out__4_i_21_n_0
                         LUT6 (Prop_LUT6_I5_O)        0.040     8.782 f  u_axi_slave/p_0_out__4_i_19/O
                         net (fo=4, unplaced)         0.226     9.008    u_axi_slave/p_0_out__4_i_19_n_0
                         LUT5 (Prop_LUT5_I3_O)        0.040     9.048 r  u_axi_slave/p_0_out__4_i_15/O
                         net (fo=3, unplaced)         0.220     9.268    u_axi_slave/p_0_out__4_i_15_n_0
                         LUT6 (Prop_LUT6_I0_O)        0.040     9.308 r  u_axi_slave/p_0_out__4_i_14/O
                         net (fo=2, unplaced)         0.214     9.522    u_axi_slave/p_0_out__4_i_14_n_0
                         LUT3 (Prop_LUT3_I2_O)        0.040     9.562 f  u_axi_slave/p_0_out__4_i_1/O
                         net (fo=19, unplaced)        0.300     9.862    u_preprocessor/p_0_out__4/A[16]
                         DSP_A_B_DATA (Prop_DSP_A_B_DATA_A[16]_A2_DATA[16])
                                                      0.241    10.103 r  u_preprocessor/p_0_out__4/DSP_A_B_DATA_INST/A2_DATA[16]
                         net (fo=1, unplaced)         0.000    10.103    u_preprocessor/p_0_out__4/DSP_A_B_DATA.A2_DATA<16>
                         DSP_PREADD_DATA (Prop_DSP_PREADD_DATA_A2_DATA[16]_A2A1[16])
                                                      0.098    10.201 r  u_preprocessor/p_0_out__4/DSP_PREADD_DATA_INST/A2A1[16]
                         net (fo=1, unplaced)         0.000    10.201    u_preprocessor/p_0_out__4/DSP_PREADD_DATA.A2A1<16>
                         DSP_MULTIPLIER (Prop_DSP_MULTIPLIER_A2A1[16]_U[22])
                                                      0.647    10.848 f  u_preprocessor/p_0_out__4/DSP_MULTIPLIER_INST/U[22]
                         net (fo=1, unplaced)         0.000    10.848    u_preprocessor/p_0_out__4/DSP_MULTIPLIER.U<22>
                         DSP_M_DATA (Prop_DSP_M_DATA_U[22]_U_DATA[22])
                                                      0.059    10.907 r  u_preprocessor/p_0_out__4/DSP_M_DATA_INST/U_DATA[22]
                         net (fo=1, unplaced)         0.000    10.907    u_preprocessor/p_0_out__4/DSP_M_DATA.U_DATA<22>
                         DSP_ALU (Prop_DSP_ALU_U_DATA[22]_ALU_OUT[22])
                                                      0.699    11.606 r  u_preprocessor/p_0_out__4/DSP_ALU_INST/ALU_OUT[22]
                         net (fo=1, unplaced)         0.000    11.606    u_preprocessor/p_0_out__4/DSP_ALU.ALU_OUT<22>
                         DSP_OUTPUT (Prop_DSP_OUTPUT_ALU_OUT[22]_P[22])
                                                      0.141    11.747 f  u_preprocessor/p_0_out__4/DSP_OUTPUT_INST/P[22]
                         net (fo=8, unplaced)         0.316    12.063    u_preprocessor/p_0_out__6/A[24]
                         DSP_A_B_DATA (Prop_DSP_A_B_DATA_A[24]_A2_DATA[24])
                                                      0.241    12.304 r  u_preprocessor/p_0_out__6/DSP_A_B_DATA_INST/A2_DATA[24]
                         net (fo=1, unplaced)         0.000    12.304    u_preprocessor/p_0_out__6/DSP_A_B_DATA.A2_DATA<24>
                         DSP_PREADD_DATA (Prop_DSP_PREADD_DATA_A2_DATA[24]_A2A1[24])
                                                      0.098    12.402 r  u_preprocessor/p_0_out__6/DSP_PREADD_DATA_INST/A2A1[24]
                         net (fo=1, unplaced)         0.000    12.402    u_preprocessor/p_0_out__6/DSP_PREADD_DATA.A2A1<24>
                         DSP_MULTIPLIER (Prop_DSP_MULTIPLIER_A2A1[24]_U[29])
                                                      0.647    13.049 f  u_preprocessor/p_0_out__6/DSP_MULTIPLIER_INST/U[29]
                         net (fo=1, unplaced)         0.000    13.049    u_preprocessor/p_0_out__6/DSP_MULTIPLIER.U<29>
                         DSP_M_DATA (Prop_DSP_M_DATA_U[29]_U_DATA[29])
                                                      0.059    13.108 r  u_preprocessor/p_0_out__6/DSP_M_DATA_INST/U_DATA[29]
                         net (fo=1, unplaced)         0.000    13.108    u_preprocessor/p_0_out__6/DSP_M_DATA.U_DATA<29>
                         DSP_ALU (Prop_DSP_ALU_U_DATA[29]_ALU_OUT[29])
                                                      0.699    13.807 f  u_preprocessor/p_0_out__6/DSP_ALU_INST/ALU_OUT[29]
                         net (fo=1, unplaced)         0.000    13.807    u_preprocessor/p_0_out__6/DSP_ALU.ALU_OUT<29>
                         DSP_OUTPUT (Prop_DSP_OUTPUT_ALU_OUT[29]_P[29])
                                                      0.141    13.948 r  u_preprocessor/p_0_out__6/DSP_OUTPUT_INST/P[29]
                         net (fo=2, unplaced)         0.252    14.200    u_preprocessor/grav_y[9]
                         LUT2 (Prop_LUT2_I1_O)        0.062    14.262 r  u_preprocessor/pred_data_out[pred_accel_y_1][11]_i_6/O
                         net (fo=1, unplaced)         0.030    14.292    u_preprocessor/pred_data_out[pred_accel_y_1][11]_i_6_n_0
                         CARRY8 (Prop_CARRY8_S[2]_O[3])
                                                      0.110    14.402 r  u_preprocessor/pred_data_out_reg[pred_accel_y_1][11]_i_1/O[3]
                         net (fo=1, unplaced)         0.032    14.434    u_preprocessor/pred_data_out_reg[pred_accel_y_1][11]_i_1_n_12
                         FDRE                                         r  u_preprocessor/pred_data_out_reg[pred_accel_y_1][10]/D
  -------------------------------------------------------------------    -------------------

                         (clock s_axi_aclk rise edge)
                                                     10.000    10.000 r  
                                                      0.000    10.000 r  S_AXI_ACLK (IN)
                         net (fo=0)                   0.000    10.000    S_AXI_ACLK_IBUF_inst/I
                         INBUF (Prop_INBUF_PAD_O)     0.275    10.275 r  S_AXI_ACLK_IBUF_inst/INBUF_INST/O
                         net (fo=1, unplaced)         0.000    10.275    S_AXI_ACLK_IBUF_inst/OUT
                         IBUFCTRL (Prop_IBUFCTRL_I_O)
                                                      0.000    10.275 r  S_AXI_ACLK_IBUF_inst/IBUFCTRL_INST/O
                         net (fo=1, unplaced)         0.140    10.415    S_AXI_ACLK_IBUF
                         BUFGCE (Prop_BUFGCE_I_O)     0.024    10.439 r  S_AXI_ACLK_IBUF_BUFG_inst/O
                         net (fo=5788, unplaced)      2.439    12.878    u_preprocessor/S_AXI_ACLK_IBUF_BUFG
                         FDRE                                         r  u_preprocessor/pred_data_out_reg[pred_accel_y_1][10]/C
                         clock pessimism              0.300    13.178    
                         clock uncertainty           -0.035    13.143    
                         FDRE (Setup_FDRE_C_D)        0.027    13.170    u_preprocessor/pred_data_out_reg[pred_accel_y_1][10]
  -------------------------------------------------------------------
                         required time                         13.170    
                         arrival time                         -14.434    
  -------------------------------------------------------------------
                         slack                                 -1.264    

Slack (VIOLATED) :        -1.246ns  (required time - arrival time)
  Source:                 u_axi_slave/slv_reg3_reg[5]/C
                            (rising edge-triggered cell FDRE clocked by s_axi_aclk  {rise@0.000ns fall@5.000ns period=10.000ns})
  Destination:            u_preprocessor/pred_data_out_reg[pred_accel_y_1][9]/D
                            (rising edge-triggered cell FDRE clocked by s_axi_aclk  {rise@0.000ns fall@5.000ns period=10.000ns})
  Path Group:             s_axi_aclk
  Path Type:              Setup (Max at Slow Process Corner)
  Requirement:            10.000ns  (s_axi_aclk rise@10.000ns - s_axi_aclk rise@0.000ns)
  Data Path Delay:        11.093ns  (logic 7.244ns (65.302%)  route 3.849ns (34.698%))
  Logic Levels:           34  (CARRY8=3 DSP_A_B_DATA=3 DSP_ALU=3 DSP_M_DATA=3 DSP_MULTIPLIER=3 DSP_OUTPUT=3 DSP_PREADD_DATA=3 LUT2=1 LUT3=1 LUT5=3 LUT6=8)
  Clock Path Skew:        -0.145ns (DCD - SCD + CPR)
    Destination Clock Delay (DCD):    2.878ns = ( 12.878 - 10.000 ) 
    Source Clock Delay      (SCD):    3.323ns
    Clock Pessimism Removal (CPR):    0.300ns
  Clock Uncertainty:      0.035ns  ((TSJ^2 + TIJ^2)^1/2 + DJ) / 2 + PE
    Total System Jitter     (TSJ):    0.071ns
    Total Input Jitter      (TIJ):    0.000ns
    Discrete Jitter          (DJ):    0.000ns
    Phase Error              (PE):    0.000ns

    Location             Delay type                Incr(ns)  Path(ns)    Netlist Resource(s)
  -------------------------------------------------------------------    -------------------
                         (clock s_axi_aclk rise edge)
                                                      0.000     0.000 r  
                                                      0.000     0.000 r  S_AXI_ACLK (IN)
                         net (fo=0)                   0.000     0.000    S_AXI_ACLK_IBUF_inst/I
                         INBUF (Prop_INBUF_PAD_O)     0.542     0.542 r  S_AXI_ACLK_IBUF_inst/INBUF_INST/O
                         net (fo=1, unplaced)         0.000     0.542    S_AXI_ACLK_IBUF_inst/OUT
                         IBUFCTRL (Prop_IBUFCTRL_I_O)
                                                      0.000     0.542 r  S_AXI_ACLK_IBUF_inst/IBUFCTRL_INST/O
                         net (fo=1, unplaced)         0.169     0.711    S_AXI_ACLK_IBUF
                         BUFGCE (Prop_BUFGCE_I_O)     0.028     0.739 r  S_AXI_ACLK_IBUF_BUFG_inst/O
                         net (fo=5788, unplaced)      2.584     3.323    u_axi_slave/S_AXI_ACLK_IBUF_BUFG
                         FDRE                                         r  u_axi_slave/slv_reg3_reg[5]/C
  -------------------------------------------------------------------    -------------------
                         FDRE (Prop_FDRE_C_Q)         0.093     3.416 f  u_axi_slave/slv_reg3_reg[5]/Q
                         net (fo=11, unplaced)        0.212     3.628    u_axi_slave/sim_data_out[incline_x][5]
                         LUT6 (Prop_LUT6_I0_O)        0.179     3.807 f  u_axi_slave/g0_b0__3_i_6/O
                         net (fo=7, unplaced)         0.239     4.046    u_axi_slave/g0_b0__3_i_6_n_0
                         LUT6 (Prop_LUT6_I3_O)        0.040     4.086 f  u_axi_slave/g0_b0__3_i_10/O
                         net (fo=2, unplaced)         0.214     4.300    u_axi_slave/g0_b0__3_i_10_n_0
                         LUT6 (Prop_LUT6_I3_O)        0.040     4.340 r  u_axi_slave/consistency_cnt[0]_i_31__9/O
                         net (fo=3, unplaced)         0.165     4.505    u_axi_slave/consistency_cnt[0]_i_31__9_n_0
                         LUT6 (Prop_LUT6_I0_O)        0.100     4.605 r  u_axi_slave/g0_b0__3_i_7/O
                         net (fo=11, unplaced)        0.249     4.854    u_axi_slave/g0_b0__3_i_7_n_0
                         LUT5 (Prop_LUT5_I4_O)        0.040     4.894 r  u_axi_slave/g0_b0__3_i_1/O
                         net (fo=81, unplaced)        0.242     5.136    u_axi_slave/g0_b0__3_i_1_n_0
                         LUT5 (Prop_LUT5_I0_O)        0.171     5.307 r  u_axi_slave/g0_b1__3/O
                         net (fo=6, unplaced)         0.236     5.543    u_axi_slave/slv_reg3_reg[7]_0[1]
                         LUT6 (Prop_LUT6_I5_O)        0.039     5.582 r  u_axi_slave/g0_b1__4__0/O
                         net (fo=1, unplaced)         0.025     5.607    u_axi_slave/g0_b1__4__0_n_0
                         CARRY8 (Prop_CARRY8_S[1]_CO[7])
                                                      0.245     5.852 r  u_axi_slave/p_0_out__3_i_9/CO[7]
                         net (fo=1, unplaced)         0.007     5.859    u_axi_slave/p_0_out__3_i_9_n_0
                         CARRY8 (Prop_CARRY8_CI_O[0])
                                                      0.072     5.931 f  u_axi_slave/p_0_out__3_i_8/O[0]
                         net (fo=1, unplaced)         0.262     6.193    u_preprocessor/p_0_out__3/A[8]
                         DSP_A_B_DATA (Prop_DSP_A_B_DATA_A[8]_A2_DATA[8])
                                                      0.241     6.434 r  u_preprocessor/p_0_out__3/DSP_A_B_DATA_INST/A2_DATA[8]
                         net (fo=1, unplaced)         0.000     6.434    u_preprocessor/p_0_out__3/DSP_A_B_DATA.A2_DATA<8>
                         DSP_PREADD_DATA (Prop_DSP_PREADD_DATA_A2_DATA[8]_A2A1[8])
                                                      0.098     6.532 r  u_preprocessor/p_0_out__3/DSP_PREADD_DATA_INST/A2A1[8]
                         net (fo=1, unplaced)         0.000     6.532    u_preprocessor/p_0_out__3/DSP_PREADD_DATA.A2A1<8>
                         DSP_MULTIPLIER (Prop_DSP_MULTIPLIER_A2A1[8]_U[9])
                                                      0.647     7.179 f  u_preprocessor/p_0_out__3/DSP_MULTIPLIER_INST/U[9]
                         net (fo=1, unplaced)         0.000     7.179    u_preprocessor/p_0_out__3/DSP_MULTIPLIER.U<9>
                         DSP_M_DATA (Prop_DSP_M_DATA_U[9]_U_DATA[9])
                                                      0.059     7.238 r  u_preprocessor/p_0_out__3/DSP_M_DATA_INST/U_DATA[9]
                         net (fo=1, unplaced)         0.000     7.238    u_preprocessor/p_0_out__3/DSP_M_DATA.U_DATA<9>
                         DSP_ALU (Prop_DSP_ALU_U_DATA[9]_ALU_OUT[9])
                                                      0.699     7.937 f  u_preprocessor/p_0_out__3/DSP_ALU_INST/ALU_OUT[9]
                         net (fo=1, unplaced)         0.000     7.937    u_preprocessor/p_0_out__3/DSP_ALU.ALU_OUT<9>
                         DSP_OUTPUT (Prop_DSP_OUTPUT_ALU_OUT[9]_P[9])
                                                      0.141     8.078 r  u_preprocessor/p_0_out__3/DSP_OUTPUT_INST/P[9]
                         net (fo=3, unplaced)         0.265     8.343    u_axi_slave/p_0_out__4_i_8_0[2]
                         LUT6 (Prop_LUT6_I1_O)        0.179     8.522 r  u_axi_slave/p_0_out__4_i_21/O
                         net (fo=3, unplaced)         0.220     8.742    u_axi_slave/p_0_out__4_i_21_n_0
                         LUT6 (Prop_LUT6_I5_O)        0.040     8.782 f  u_axi_slave/p_0_out__4_i_19/O
                         net (fo=4, unplaced)         0.226     9.008    u_axi_slave/p_0_out__4_i_19_n_0
                         LUT5 (Prop_LUT5_I3_O)        0.040     9.048 r  u_axi_slave/p_0_out__4_i_15/O
                         net (fo=3, unplaced)         0.220     9.268    u_axi_slave/p_0_out__4_i_15_n_0
                         LUT6 (Prop_LUT6_I0_O)        0.040     9.308 r  u_axi_slave/p_0_out__4_i_14/O
                         net (fo=2, unplaced)         0.214     9.522    u_axi_slave/p_0_out__4_i_14_n_0
                         LUT3 (Prop_LUT3_I2_O)        0.040     9.562 f  u_axi_slave/p_0_out__4_i_1/O
                         net (fo=19, unplaced)        0.300     9.862    u_preprocessor/p_0_out__4/A[16]
                         DSP_A_B_DATA (Prop_DSP_A_B_DATA_A[16]_A2_DATA[16])
                                                      0.241    10.103 r  u_preprocessor/p_0_out__4/DSP_A_B_DATA_INST/A2_DATA[16]
                         net (fo=1, unplaced)         0.000    10.103    u_preprocessor/p_0_out__4/DSP_A_B_DATA.A2_DATA<16>
                         DSP_PREADD_DATA (Prop_DSP_PREADD_DATA_A2_DATA[16]_A2A1[16])
                                                      0.098    10.201 r  u_preprocessor/p_0_out__4/DSP_PREADD_DATA_INST/A2A1[16]
                         net (fo=1, unplaced)         0.000    10.201    u_preprocessor/p_0_out__4/DSP_PREADD_DATA.A2A1<16>
                         DSP_MULTIPLIER (Prop_DSP_MULTIPLIER_A2A1[16]_U[22])
                                                      0.647    10.848 f  u_preprocessor/p_0_out__4/DSP_MULTIPLIER_INST/U[22]
                         net (fo=1, unplaced)         0.000    10.848    u_preprocessor/p_0_out__4/DSP_MULTIPLIER.U<22>
                         DSP_M_DATA (Prop_DSP_M_DATA_U[22]_U_DATA[22])
                                                      0.059    10.907 r  u_preprocessor/p_0_out__4/DSP_M_DATA_INST/U_DATA[22]
                         net (fo=1, unplaced)         0.000    10.907    u_preprocessor/p_0_out__4/DSP_M_DATA.U_DATA<22>
                         DSP_ALU (Prop_DSP_ALU_U_DATA[22]_ALU_OUT[22])
                                                      0.699    11.606 r  u_preprocessor/p_0_out__4/DSP_ALU_INST/ALU_OUT[22]
                         net (fo=1, unplaced)         0.000    11.606    u_preprocessor/p_0_out__4/DSP_ALU.ALU_OUT<22>
                         DSP_OUTPUT (Prop_DSP_OUTPUT_ALU_OUT[22]_P[22])
                                                      0.141    11.747 f  u_preprocessor/p_0_out__4/DSP_OUTPUT_INST/P[22]
                         net (fo=8, unplaced)         0.316    12.063    u_preprocessor/p_0_out__6/A[24]
                         DSP_A_B_DATA (Prop_DSP_A_B_DATA_A[24]_A2_DATA[24])
                                                      0.241    12.304 r  u_preprocessor/p_0_out__6/DSP_A_B_DATA_INST/A2_DATA[24]
                         net (fo=1, unplaced)         0.000    12.304    u_preprocessor/p_0_out__6/DSP_A_B_DATA.A2_DATA<24>
                         DSP_PREADD_DATA (Prop_DSP_PREADD_DATA_A2_DATA[24]_A2A1[24])
                                                      0.098    12.402 r  u_preprocessor/p_0_out__6/DSP_PREADD_DATA_INST/A2A1[24]
                         net (fo=1, unplaced)         0.000    12.402    u_preprocessor/p_0_out__6/DSP_PREADD_DATA.A2A1<24>
                         DSP_MULTIPLIER (Prop_DSP_MULTIPLIER_A2A1[24]_U[27])
                                                      0.647    13.049 f  u_preprocessor/p_0_out__6/DSP_MULTIPLIER_INST/U[27]
                         net (fo=1, unplaced)         0.000    13.049    u_preprocessor/p_0_out__6/DSP_MULTIPLIER.U<27>
                         DSP_M_DATA (Prop_DSP_M_DATA_U[27]_U_DATA[27])
                                                      0.059    13.108 r  u_preprocessor/p_0_out__6/DSP_M_DATA_INST/U_DATA[27]
                         net (fo=1, unplaced)         0.000    13.108    u_preprocessor/p_0_out__6/DSP_M_DATA.U_DATA<27>
                         DSP_ALU (Prop_DSP_ALU_U_DATA[27]_ALU_OUT[27])
                                                      0.699    13.807 f  u_preprocessor/p_0_out__6/DSP_ALU_INST/ALU_OUT[27]
                         net (fo=1, unplaced)         0.000    13.807    u_preprocessor/p_0_out__6/DSP_ALU.ALU_OUT<27>
                         DSP_OUTPUT (Prop_DSP_OUTPUT_ALU_OUT[27]_P[27])
                                                      0.141    13.948 r  u_preprocessor/p_0_out__6/DSP_OUTPUT_INST/P[27]
                         net (fo=2, unplaced)         0.184    14.132    u_preprocessor/grav_y[7]
                         LUT2 (Prop_LUT2_I1_O)        0.064    14.196 r  u_preprocessor/pred_data_out[pred_accel_y_1][11]_i_8/O
                         net (fo=1, unplaced)         0.021    14.217    u_preprocessor/pred_data_out[pred_accel_y_1][11]_i_8_n_0
                         CARRY8 (Prop_CARRY8_S[0]_O[2])
                                                      0.167    14.384 r  u_preprocessor/pred_data_out_reg[pred_accel_y_1][11]_i_1/O[2]
                         net (fo=1, unplaced)         0.032    14.416    u_preprocessor/pred_data_out_reg[pred_accel_y_1][11]_i_1_n_13
                         FDRE                                         r  u_preprocessor/pred_data_out_reg[pred_accel_y_1][9]/D
  -------------------------------------------------------------------    -------------------

                         (clock s_axi_aclk rise edge)
                                                     10.000    10.000 r  
                                                      0.000    10.000 r  S_AXI_ACLK (IN)
                         net (fo=0)                   0.000    10.000    S_AXI_ACLK_IBUF_inst/I
                         INBUF (Prop_INBUF_PAD_O)     0.275    10.275 r  S_AXI_ACLK_IBUF_inst/INBUF_INST/O
                         net (fo=1, unplaced)         0.000    10.275    S_AXI_ACLK_IBUF_inst/OUT
                         IBUFCTRL (Prop_IBUFCTRL_I_O)
                                                      0.000    10.275 r  S_AXI_ACLK_IBUF_inst/IBUFCTRL_INST/O
                         net (fo=1, unplaced)         0.140    10.415    S_AXI_ACLK_IBUF
                         BUFGCE (Prop_BUFGCE_I_O)     0.024    10.439 r  S_AXI_ACLK_IBUF_BUFG_inst/O
                         net (fo=5788, unplaced)      2.439    12.878    u_preprocessor/S_AXI_ACLK_IBUF_BUFG
                         FDRE                                         r  u_preprocessor/pred_data_out_reg[pred_accel_y_1][9]/C
                         clock pessimism              0.300    13.178    
                         clock uncertainty           -0.035    13.143    
                         FDRE (Setup_FDRE_C_D)        0.027    13.170    u_preprocessor/pred_data_out_reg[pred_accel_y_1][9]
  -------------------------------------------------------------------
                         required time                         13.170    
                         arrival time                         -14.416    
  -------------------------------------------------------------------
                         slack                                 -1.246    

Slack (VIOLATED) :        -1.199ns  (required time - arrival time)
  Source:                 u_axi_slave/slv_reg3_reg[5]/C
                            (rising edge-triggered cell FDRE clocked by s_axi_aclk  {rise@0.000ns fall@5.000ns period=10.000ns})
  Destination:            u_preprocessor/pred_data_out_reg[pred_accel_y_1][8]/D
                            (rising edge-triggered cell FDRE clocked by s_axi_aclk  {rise@0.000ns fall@5.000ns period=10.000ns})
  Path Group:             s_axi_aclk
  Path Type:              Setup (Max at Slow Process Corner)
  Requirement:            10.000ns  (s_axi_aclk rise@10.000ns - s_axi_aclk rise@0.000ns)
  Data Path Delay:        11.046ns  (logic 7.198ns (65.164%)  route 3.848ns (34.836%))
  Logic Levels:           34  (CARRY8=3 DSP_A_B_DATA=3 DSP_ALU=3 DSP_M_DATA=3 DSP_MULTIPLIER=3 DSP_OUTPUT=3 DSP_PREADD_DATA=3 LUT2=1 LUT3=1 LUT5=3 LUT6=8)
  Clock Path Skew:        -0.145ns (DCD - SCD + CPR)
    Destination Clock Delay (DCD):    2.878ns = ( 12.878 - 10.000 ) 
    Source Clock Delay      (SCD):    3.323ns
    Clock Pessimism Removal (CPR):    0.300ns
  Clock Uncertainty:      0.035ns  ((TSJ^2 + TIJ^2)^1/2 + DJ) / 2 + PE
    Total System Jitter     (TSJ):    0.071ns
    Total Input Jitter      (TIJ):    0.000ns
    Discrete Jitter          (DJ):    0.000ns
    Phase Error              (PE):    0.000ns

    Location             Delay type                Incr(ns)  Path(ns)    Netlist Resource(s)
  -------------------------------------------------------------------    -------------------
                         (clock s_axi_aclk rise edge)
                                                      0.000     0.000 r  
                                                      0.000     0.000 r  S_AXI_ACLK (IN)
                         net (fo=0)                   0.000     0.000    S_AXI_ACLK_IBUF_inst/I
                         INBUF (Prop_INBUF_PAD_O)     0.542     0.542 r  S_AXI_ACLK_IBUF_inst/INBUF_INST/O
                         net (fo=1, unplaced)         0.000     0.542    S_AXI_ACLK_IBUF_inst/OUT
                         IBUFCTRL (Prop_IBUFCTRL_I_O)
                                                      0.000     0.542 r  S_AXI_ACLK_IBUF_inst/IBUFCTRL_INST/O
                         net (fo=1, unplaced)         0.169     0.711    S_AXI_ACLK_IBUF
                         BUFGCE (Prop_BUFGCE_I_O)     0.028     0.739 r  S_AXI_ACLK_IBUF_BUFG_inst/O
                         net (fo=5788, unplaced)      2.584     3.323    u_axi_slave/S_AXI_ACLK_IBUF_BUFG
                         FDRE                                         r  u_axi_slave/slv_reg3_reg[5]/C
  -------------------------------------------------------------------    -------------------
                         FDRE (Prop_FDRE_C_Q)         0.093     3.416 f  u_axi_slave/slv_reg3_reg[5]/Q
                         net (fo=11, unplaced)        0.212     3.628    u_axi_slave/sim_data_out[incline_x][5]
                         LUT6 (Prop_LUT6_I0_O)        0.179     3.807 f  u_axi_slave/g0_b0__3_i_6/O
                         net (fo=7, unplaced)         0.239     4.046    u_axi_slave/g0_b0__3_i_6_n_0
                         LUT6 (Prop_LUT6_I3_O)        0.040     4.086 f  u_axi_slave/g0_b0__3_i_10/O
                         net (fo=2, unplaced)         0.214     4.300    u_axi_slave/g0_b0__3_i_10_n_0
                         LUT6 (Prop_LUT6_I3_O)        0.040     4.340 r  u_axi_slave/consistency_cnt[0]_i_31__9/O
                         net (fo=3, unplaced)         0.165     4.505    u_axi_slave/consistency_cnt[0]_i_31__9_n_0
                         LUT6 (Prop_LUT6_I0_O)        0.100     4.605 r  u_axi_slave/g0_b0__3_i_7/O
                         net (fo=11, unplaced)        0.249     4.854    u_axi_slave/g0_b0__3_i_7_n_0
                         LUT5 (Prop_LUT5_I4_O)        0.040     4.894 r  u_axi_slave/g0_b0__3_i_1/O
                         net (fo=81, unplaced)        0.242     5.136    u_axi_slave/g0_b0__3_i_1_n_0
                         LUT5 (Prop_LUT5_I0_O)        0.171     5.307 r  u_axi_slave/g0_b1__3/O
                         net (fo=6, unplaced)         0.236     5.543    u_axi_slave/slv_reg3_reg[7]_0[1]
                         LUT6 (Prop_LUT6_I5_O)        0.039     5.582 r  u_axi_slave/g0_b1__4__0/O
                         net (fo=1, unplaced)         0.025     5.607    u_axi_slave/g0_b1__4__0_n_0
                         CARRY8 (Prop_CARRY8_S[1]_CO[7])
                                                      0.245     5.852 r  u_axi_slave/p_0_out__3_i_9/CO[7]
                         net (fo=1, unplaced)         0.007     5.859    u_axi_slave/p_0_out__3_i_9_n_0
                         CARRY8 (Prop_CARRY8_CI_O[0])
                                                      0.072     5.931 f  u_axi_slave/p_0_out__3_i_8/O[0]
                         net (fo=1, unplaced)         0.262     6.193    u_preprocessor/p_0_out__3/A[8]
                         DSP_A_B_DATA (Prop_DSP_A_B_DATA_A[8]_A2_DATA[8])
                                                      0.241     6.434 r  u_preprocessor/p_0_out__3/DSP_A_B_DATA_INST/A2_DATA[8]
                         net (fo=1, unplaced)         0.000     6.434    u_preprocessor/p_0_out__3/DSP_A_B_DATA.A2_DATA<8>
                         DSP_PREADD_DATA (Prop_DSP_PREADD_DATA_A2_DATA[8]_A2A1[8])
                                                      0.098     6.532 r  u_preprocessor/p_0_out__3/DSP_PREADD_DATA_INST/A2A1[8]
                         net (fo=1, unplaced)         0.000     6.532    u_preprocessor/p_0_out__3/DSP_PREADD_DATA.A2A1<8>
                         DSP_MULTIPLIER (Prop_DSP_MULTIPLIER_A2A1[8]_U[9])
                                                      0.647     7.179 f  u_preprocessor/p_0_out__3/DSP_MULTIPLIER_INST/U[9]
                         net (fo=1, unplaced)         0.000     7.179    u_preprocessor/p_0_out__3/DSP_MULTIPLIER.U<9>
                         DSP_M_DATA (Prop_DSP_M_DATA_U[9]_U_DATA[9])
                                                      0.059     7.238 r  u_preprocessor/p_0_out__3/DSP_M_DATA_INST/U_DATA[9]
                         net (fo=1, unplaced)         0.000     7.238    u_preprocessor/p_0_out__3/DSP_M_DATA.U_DATA<9>
                         DSP_ALU (Prop_DSP_ALU_U_DATA[9]_ALU_OUT[9])
                                                      0.699     7.937 f  u_preprocessor/p_0_out__3/DSP_ALU_INST/ALU_OUT[9]
                         net (fo=1, unplaced)         0.000     7.937    u_preprocessor/p_0_out__3/DSP_ALU.ALU_OUT<9>
                         DSP_OUTPUT (Prop_DSP_OUTPUT_ALU_OUT[9]_P[9])
                                                      0.141     8.078 r  u_preprocessor/p_0_out__3/DSP_OUTPUT_INST/P[9]
                         net (fo=3, unplaced)         0.265     8.343    u_axi_slave/p_0_out__4_i_8_0[2]
                         LUT6 (Prop_LUT6_I1_O)        0.179     8.522 r  u_axi_slave/p_0_out__4_i_21/O
                         net (fo=3, unplaced)         0.220     8.742    u_axi_slave/p_0_out__4_i_21_n_0
                         LUT6 (Prop_LUT6_I5_O)        0.040     8.782 f  u_axi_slave/p_0_out__4_i_19/O
                         net (fo=4, unplaced)         0.226     9.008    u_axi_slave/p_0_out__4_i_19_n_0
                         LUT5 (Prop_LUT5_I3_O)        0.040     9.048 r  u_axi_slave/p_0_out__4_i_15/O
                         net (fo=3, unplaced)         0.220     9.268    u_axi_slave/p_0_out__4_i_15_n_0
                         LUT6 (Prop_LUT6_I0_O)        0.040     9.308 r  u_axi_slave/p_0_out__4_i_14/O
                         net (fo=2, unplaced)         0.214     9.522    u_axi_slave/p_0_out__4_i_14_n_0
                         LUT3 (Prop_LUT3_I2_O)        0.040     9.562 f  u_axi_slave/p_0_out__4_i_1/O
                         net (fo=19, unplaced)        0.300     9.862    u_preprocessor/p_0_out__4/A[16]
                         DSP_A_B_DATA (Prop_DSP_A_B_DATA_A[16]_A2_DATA[16])
                                                      0.241    10.103 r  u_preprocessor/p_0_out__4/DSP_A_B_DATA_INST/A2_DATA[16]
                         net (fo=1, unplaced)         0.000    10.103    u_preprocessor/p_0_out__4/DSP_A_B_DATA.A2_DATA<16>
                         DSP_PREADD_DATA (Prop_DSP_PREADD_DATA_A2_DATA[16]_A2A1[16])
                                                      0.098    10.201 r  u_preprocessor/p_0_out__4/DSP_PREADD_DATA_INST/A2A1[16]
                         net (fo=1, unplaced)         0.000    10.201    u_preprocessor/p_0_out__4/DSP_PREADD_DATA.A2A1<16>
                         DSP_MULTIPLIER (Prop_DSP_MULTIPLIER_A2A1[16]_U[22])
                                                      0.647    10.848 f  u_preprocessor/p_0_out__4/DSP_MULTIPLIER_INST/U[22]
                         net (fo=1, unplaced)         0.000    10.848    u_preprocessor/p_0_out__4/DSP_MULTIPLIER.U<22>
                         DSP_M_DATA (Prop_DSP_M_DATA_U[22]_U_DATA[22])
                                                      0.059    10.907 r  u_preprocessor/p_0_out__4/DSP_M_DATA_INST/U_DATA[22]
                         net (fo=1, unplaced)         0.000    10.907    u_preprocessor/p_0_out__4/DSP_M_DATA.U_DATA<22>
                         DSP_ALU (Prop_DSP_ALU_U_DATA[22]_ALU_OUT[22])
                                                      0.699    11.606 r  u_preprocessor/p_0_out__4/DSP_ALU_INST/ALU_OUT[22]
                         net (fo=1, unplaced)         0.000    11.606    u_preprocessor/p_0_out__4/DSP_ALU.ALU_OUT<22>
                         DSP_OUTPUT (Prop_DSP_OUTPUT_ALU_OUT[22]_P[22])
                                                      0.141    11.747 f  u_preprocessor/p_0_out__4/DSP_OUTPUT_INST/P[22]
                         net (fo=8, unplaced)         0.316    12.063    u_preprocessor/p_0_out__6/A[24]
                         DSP_A_B_DATA (Prop_DSP_A_B_DATA_A[24]_A2_DATA[24])
                                                      0.241    12.304 r  u_preprocessor/p_0_out__6/DSP_A_B_DATA_INST/A2_DATA[24]
                         net (fo=1, unplaced)         0.000    12.304    u_preprocessor/p_0_out__6/DSP_A_B_DATA.A2_DATA<24>
                         DSP_PREADD_DATA (Prop_DSP_PREADD_DATA_A2_DATA[24]_A2A1[24])
                                                      0.098    12.402 r  u_preprocessor/p_0_out__6/DSP_PREADD_DATA_INST/A2A1[24]
                         net (fo=1, unplaced)         0.000    12.402    u_preprocessor/p_0_out__6/DSP_PREADD_DATA.A2A1<24>
                         DSP_MULTIPLIER (Prop_DSP_MULTIPLIER_A2A1[24]_U[27])
                                                      0.647    13.049 f  u_preprocessor/p_0_out__6/DSP_MULTIPLIER_INST/U[27]
                         net (fo=1, unplaced)         0.000    13.049    u_preprocessor/p_0_out__6/DSP_MULTIPLIER.U<27>
                         DSP_M_DATA (Prop_DSP_M_DATA_U[27]_U_DATA[27])
                                                      0.059    13.108 r  u_preprocessor/p_0_out__6/DSP_M_DATA_INST/U_DATA[27]
                         net (fo=1, unplaced)         0.000    13.108    u_preprocessor/p_0_out__6/DSP_M_DATA.U_DATA<27>
                         DSP_ALU (Prop_DSP_ALU_U_DATA[27]_ALU_OUT[27])
                                                      0.699    13.807 f  u_preprocessor/p_0_out__6/DSP_ALU_INST/ALU_OUT[27]
                         net (fo=1, unplaced)         0.000    13.807    u_preprocessor/p_0_out__6/DSP_ALU.ALU_OUT<27>
                         DSP_OUTPUT (Prop_DSP_OUTPUT_ALU_OUT[27]_P[27])
                                                      0.141    13.948 r  u_preprocessor/p_0_out__6/DSP_OUTPUT_INST/P[27]
                         net (fo=2, unplaced)         0.184    14.132    u_preprocessor/grav_y[7]
                         LUT2 (Prop_LUT2_I1_O)        0.064    14.196 r  u_preprocessor/pred_data_out[pred_accel_y_1][11]_i_8/O
                         net (fo=1, unplaced)         0.021    14.217    u_preprocessor/pred_data_out[pred_accel_y_1][11]_i_8_n_0
                         CARRY8 (Prop_CARRY8_S[0]_O[1])
                                                      0.121    14.338 r  u_preprocessor/pred_data_out_reg[pred_accel_y_1][11]_i_1/O[1]
                         net (fo=1, unplaced)         0.031    14.369    u_preprocessor/pred_data_out_reg[pred_accel_y_1][11]_i_1_n_14
                         FDRE                                         r  u_preprocessor/pred_data_out_reg[pred_accel_y_1][8]/D
  -------------------------------------------------------------------    -------------------

                         (clock s_axi_aclk rise edge)
                                                     10.000    10.000 r  
                                                      0.000    10.000 r  S_AXI_ACLK (IN)
                         net (fo=0)                   0.000    10.000    S_AXI_ACLK_IBUF_inst/I
                         INBUF (Prop_INBUF_PAD_O)     0.275    10.275 r  S_AXI_ACLK_IBUF_inst/INBUF_INST/O
                         net (fo=1, unplaced)         0.000    10.275    S_AXI_ACLK_IBUF_inst/OUT
                         IBUFCTRL (Prop_IBUFCTRL_I_O)
                                                      0.000    10.275 r  S_AXI_ACLK_IBUF_inst/IBUFCTRL_INST/O
                         net (fo=1, unplaced)         0.140    10.415    S_AXI_ACLK_IBUF
                         BUFGCE (Prop_BUFGCE_I_O)     0.024    10.439 r  S_AXI_ACLK_IBUF_BUFG_inst/O
                         net (fo=5788, unplaced)      2.439    12.878    u_preprocessor/S_AXI_ACLK_IBUF_BUFG
                         FDRE                                         r  u_preprocessor/pred_data_out_reg[pred_accel_y_1][8]/C
                         clock pessimism              0.300    13.178    
                         clock uncertainty           -0.035    13.143    
                         FDRE (Setup_FDRE_C_D)        0.027    13.170    u_preprocessor/pred_data_out_reg[pred_accel_y_1][8]
  -------------------------------------------------------------------
                         required time                         13.170    
                         arrival time                         -14.369    
  -------------------------------------------------------------------
                         slack                                 -1.199    

Slack (VIOLATED) :        -1.147ns  (required time - arrival time)
  Source:                 u_axi_slave/slv_reg3_reg[5]/C
                            (rising edge-triggered cell FDRE clocked by s_axi_aclk  {rise@0.000ns fall@5.000ns period=10.000ns})
  Destination:            u_preprocessor/pred_data_out_reg[pred_accel_y_1][7]/D
                            (rising edge-triggered cell FDRE clocked by s_axi_aclk  {rise@0.000ns fall@5.000ns period=10.000ns})
  Path Group:             s_axi_aclk
  Path Type:              Setup (Max at Slow Process Corner)
  Requirement:            10.000ns  (s_axi_aclk rise@10.000ns - s_axi_aclk rise@0.000ns)
  Data Path Delay:        10.994ns  (logic 7.147ns (65.008%)  route 3.847ns (34.992%))
  Logic Levels:           34  (CARRY8=3 DSP_A_B_DATA=3 DSP_ALU=3 DSP_M_DATA=3 DSP_MULTIPLIER=3 DSP_OUTPUT=3 DSP_PREADD_DATA=3 LUT2=1 LUT3=1 LUT5=3 LUT6=8)
  Clock Path Skew:        -0.145ns (DCD - SCD + CPR)
    Destination Clock Delay (DCD):    2.878ns = ( 12.878 - 10.000 ) 
    Source Clock Delay      (SCD):    3.323ns
    Clock Pessimism Removal (CPR):    0.300ns
  Clock Uncertainty:      0.035ns  ((TSJ^2 + TIJ^2)^1/2 + DJ) / 2 + PE
    Total System Jitter     (TSJ):    0.071ns
    Total Input Jitter      (TIJ):    0.000ns
    Discrete Jitter          (DJ):    0.000ns
    Phase Error              (PE):    0.000ns

    Location             Delay type                Incr(ns)  Path(ns)    Netlist Resource(s)
  -------------------------------------------------------------------    -------------------
                         (clock s_axi_aclk rise edge)
                                                      0.000     0.000 r  
                                                      0.000     0.000 r  S_AXI_ACLK (IN)
                         net (fo=0)                   0.000     0.000    S_AXI_ACLK_IBUF_inst/I
                         INBUF (Prop_INBUF_PAD_O)     0.542     0.542 r  S_AXI_ACLK_IBUF_inst/INBUF_INST/O
                         net (fo=1, unplaced)         0.000     0.542    S_AXI_ACLK_IBUF_inst/OUT
                         IBUFCTRL (Prop_IBUFCTRL_I_O)
                                                      0.000     0.542 r  S_AXI_ACLK_IBUF_inst/IBUFCTRL_INST/O
                         net (fo=1, unplaced)         0.169     0.711    S_AXI_ACLK_IBUF
                         BUFGCE (Prop_BUFGCE_I_O)     0.028     0.739 r  S_AXI_ACLK_IBUF_BUFG_inst/O
                         net (fo=5788, unplaced)      2.584     3.323    u_axi_slave/S_AXI_ACLK_IBUF_BUFG
                         FDRE                                         r  u_axi_slave/slv_reg3_reg[5]/C
  -------------------------------------------------------------------    -------------------
                         FDRE (Prop_FDRE_C_Q)         0.093     3.416 f  u_axi_slave/slv_reg3_reg[5]/Q
                         net (fo=11, unplaced)        0.212     3.628    u_axi_slave/sim_data_out[incline_x][5]
                         LUT6 (Prop_LUT6_I0_O)        0.179     3.807 f  u_axi_slave/g0_b0__3_i_6/O
                         net (fo=7, unplaced)         0.239     4.046    u_axi_slave/g0_b0__3_i_6_n_0
                         LUT6 (Prop_LUT6_I3_O)        0.040     4.086 f  u_axi_slave/g0_b0__3_i_10/O
                         net (fo=2, unplaced)         0.214     4.300    u_axi_slave/g0_b0__3_i_10_n_0
                         LUT6 (Prop_LUT6_I3_O)        0.040     4.340 r  u_axi_slave/consistency_cnt[0]_i_31__9/O
                         net (fo=3, unplaced)         0.165     4.505    u_axi_slave/consistency_cnt[0]_i_31__9_n_0
                         LUT6 (Prop_LUT6_I0_O)        0.100     4.605 r  u_axi_slave/g0_b0__3_i_7/O
                         net (fo=11, unplaced)        0.249     4.854    u_axi_slave/g0_b0__3_i_7_n_0
                         LUT5 (Prop_LUT5_I4_O)        0.040     4.894 r  u_axi_slave/g0_b0__3_i_1/O
                         net (fo=81, unplaced)        0.242     5.136    u_axi_slave/g0_b0__3_i_1_n_0
                         LUT5 (Prop_LUT5_I0_O)        0.171     5.307 r  u_axi_slave/g0_b1__3/O
                         net (fo=6, unplaced)         0.236     5.543    u_axi_slave/slv_reg3_reg[7]_0[1]
                         LUT6 (Prop_LUT6_I5_O)        0.039     5.582 r  u_axi_slave/g0_b1__4__0/O
                         net (fo=1, unplaced)         0.025     5.607    u_axi_slave/g0_b1__4__0_n_0
                         CARRY8 (Prop_CARRY8_S[1]_CO[7])
                                                      0.245     5.852 r  u_axi_slave/p_0_out__3_i_9/CO[7]
                         net (fo=1, unplaced)         0.007     5.859    u_axi_slave/p_0_out__3_i_9_n_0
                         CARRY8 (Prop_CARRY8_CI_O[0])
                                                      0.072     5.931 f  u_axi_slave/p_0_out__3_i_8/O[0]
                         net (fo=1, unplaced)         0.262     6.193    u_preprocessor/p_0_out__3/A[8]
                         DSP_A_B_DATA (Prop_DSP_A_B_DATA_A[8]_A2_DATA[8])
                                                      0.241     6.434 r  u_preprocessor/p_0_out__3/DSP_A_B_DATA_INST/A2_DATA[8]
                         net (fo=1, unplaced)         0.000     6.434    u_preprocessor/p_0_out__3/DSP_A_B_DATA.A2_DATA<8>
                         DSP_PREADD_DATA (Prop_DSP_PREADD_DATA_A2_DATA[8]_A2A1[8])
                                                      0.098     6.532 r  u_preprocessor/p_0_out__3/DSP_PREADD_DATA_INST/A2A1[8]
                         net (fo=1, unplaced)         0.000     6.532    u_preprocessor/p_0_out__3/DSP_PREADD_DATA.A2A1<8>
                         DSP_MULTIPLIER (Prop_DSP_MULTIPLIER_A2A1[8]_U[9])
                                                      0.647     7.179 f  u_preprocessor/p_0_out__3/DSP_MULTIPLIER_INST/U[9]
                         net (fo=1, unplaced)         0.000     7.179    u_preprocessor/p_0_out__3/DSP_MULTIPLIER.U<9>
                         DSP_M_DATA (Prop_DSP_M_DATA_U[9]_U_DATA[9])
                                                      0.059     7.238 r  u_preprocessor/p_0_out__3/DSP_M_DATA_INST/U_DATA[9]
                         net (fo=1, unplaced)         0.000     7.238    u_preprocessor/p_0_out__3/DSP_M_DATA.U_DATA<9>
                         DSP_ALU (Prop_DSP_ALU_U_DATA[9]_ALU_OUT[9])
                                                      0.699     7.937 f  u_preprocessor/p_0_out__3/DSP_ALU_INST/ALU_OUT[9]
                         net (fo=1, unplaced)         0.000     7.937    u_preprocessor/p_0_out__3/DSP_ALU.ALU_OUT<9>
                         DSP_OUTPUT (Prop_DSP_OUTPUT_ALU_OUT[9]_P[9])
                                                      0.141     8.078 r  u_preprocessor/p_0_out__3/DSP_OUTPUT_INST/P[9]
                         net (fo=3, unplaced)         0.265     8.343    u_axi_slave/p_0_out__4_i_8_0[2]
                         LUT6 (Prop_LUT6_I1_O)        0.179     8.522 r  u_axi_slave/p_0_out__4_i_21/O
                         net (fo=3, unplaced)         0.220     8.742    u_axi_slave/p_0_out__4_i_21_n_0
                         LUT6 (Prop_LUT6_I5_O)        0.040     8.782 f  u_axi_slave/p_0_out__4_i_19/O
                         net (fo=4, unplaced)         0.226     9.008    u_axi_slave/p_0_out__4_i_19_n_0
                         LUT5 (Prop_LUT5_I3_O)        0.040     9.048 r  u_axi_slave/p_0_out__4_i_15/O
                         net (fo=3, unplaced)         0.220     9.268    u_axi_slave/p_0_out__4_i_15_n_0
                         LUT6 (Prop_LUT6_I0_O)        0.040     9.308 r  u_axi_slave/p_0_out__4_i_14/O
                         net (fo=2, unplaced)         0.214     9.522    u_axi_slave/p_0_out__4_i_14_n_0
                         LUT3 (Prop_LUT3_I2_O)        0.040     9.562 f  u_axi_slave/p_0_out__4_i_1/O
                         net (fo=19, unplaced)        0.300     9.862    u_preprocessor/p_0_out__4/A[16]
                         DSP_A_B_DATA (Prop_DSP_A_B_DATA_A[16]_A2_DATA[16])
                                                      0.241    10.103 r  u_preprocessor/p_0_out__4/DSP_A_B_DATA_INST/A2_DATA[16]
                         net (fo=1, unplaced)         0.000    10.103    u_preprocessor/p_0_out__4/DSP_A_B_DATA.A2_DATA<16>
                         DSP_PREADD_DATA (Prop_DSP_PREADD_DATA_A2_DATA[16]_A2A1[16])
                                                      0.098    10.201 r  u_preprocessor/p_0_out__4/DSP_PREADD_DATA_INST/A2A1[16]
                         net (fo=1, unplaced)         0.000    10.201    u_preprocessor/p_0_out__4/DSP_PREADD_DATA.A2A1<16>
                         DSP_MULTIPLIER (Prop_DSP_MULTIPLIER_A2A1[16]_U[22])
                                                      0.647    10.848 f  u_preprocessor/p_0_out__4/DSP_MULTIPLIER_INST/U[22]
                         net (fo=1, unplaced)         0.000    10.848    u_preprocessor/p_0_out__4/DSP_MULTIPLIER.U<22>
                         DSP_M_DATA (Prop_DSP_M_DATA_U[22]_U_DATA[22])
                                                      0.059    10.907 r  u_preprocessor/p_0_out__4/DSP_M_DATA_INST/U_DATA[22]
                         net (fo=1, unplaced)         0.000    10.907    u_preprocessor/p_0_out__4/DSP_M_DATA.U_DATA<22>
                         DSP_ALU (Prop_DSP_ALU_U_DATA[22]_ALU_OUT[22])
                                                      0.699    11.606 r  u_preprocessor/p_0_out__4/DSP_ALU_INST/ALU_OUT[22]
                         net (fo=1, unplaced)         0.000    11.606    u_preprocessor/p_0_out__4/DSP_ALU.ALU_OUT<22>
                         DSP_OUTPUT (Prop_DSP_OUTPUT_ALU_OUT[22]_P[22])
                                                      0.141    11.747 f  u_preprocessor/p_0_out__4/DSP_OUTPUT_INST/P[22]
                         net (fo=8, unplaced)         0.316    12.063    u_preprocessor/p_0_out__6/A[24]
                         DSP_A_B_DATA (Prop_DSP_A_B_DATA_A[24]_A2_DATA[24])
                                                      0.241    12.304 r  u_preprocessor/p_0_out__6/DSP_A_B_DATA_INST/A2_DATA[24]
                         net (fo=1, unplaced)         0.000    12.304    u_preprocessor/p_0_out__6/DSP_A_B_DATA.A2_DATA<24>
                         DSP_PREADD_DATA (Prop_DSP_PREADD_DATA_A2_DATA[24]_A2A1[24])
                                                      0.098    12.402 r  u_preprocessor/p_0_out__6/DSP_PREADD_DATA_INST/A2A1[24]
                         net (fo=1, unplaced)         0.000    12.402    u_preprocessor/p_0_out__6/DSP_PREADD_DATA.A2A1<24>
                         DSP_MULTIPLIER (Prop_DSP_MULTIPLIER_A2A1[24]_U[27])
                                                      0.647    13.049 f  u_preprocessor/p_0_out__6/DSP_MULTIPLIER_INST/U[27]
                         net (fo=1, unplaced)         0.000    13.049    u_preprocessor/p_0_out__6/DSP_MULTIPLIER.U<27>
                         DSP_M_DATA (Prop_DSP_M_DATA_U[27]_U_DATA[27])
                                                      0.059    13.108 r  u_preprocessor/p_0_out__6/DSP_M_DATA_INST/U_DATA[27]
                         net (fo=1, unplaced)         0.000    13.108    u_preprocessor/p_0_out__6/DSP_M_DATA.U_DATA<27>
                         DSP_ALU (Prop_DSP_ALU_U_DATA[27]_ALU_OUT[27])
                                                      0.699    13.807 f  u_preprocessor/p_0_out__6/DSP_ALU_INST/ALU_OUT[27]
                         net (fo=1, unplaced)         0.000    13.807    u_preprocessor/p_0_out__6/DSP_ALU.ALU_OUT<27>
                         DSP_OUTPUT (Prop_DSP_OUTPUT_ALU_OUT[27]_P[27])
                                                      0.141    13.948 r  u_preprocessor/p_0_out__6/DSP_OUTPUT_INST/P[27]
                         net (fo=2, unplaced)         0.184    14.132    u_preprocessor/grav_y[7]
                         LUT2 (Prop_LUT2_I1_O)        0.064    14.196 r  u_preprocessor/pred_data_out[pred_accel_y_1][11]_i_8/O
                         net (fo=1, unplaced)         0.021    14.217    u_preprocessor/pred_data_out[pred_accel_y_1][11]_i_8_n_0
                         CARRY8 (Prop_CARRY8_S[0]_O[0])
                                                      0.070    14.287 r  u_preprocessor/pred_data_out_reg[pred_accel_y_1][11]_i_1/O[0]
                         net (fo=1, unplaced)         0.030    14.317    u_preprocessor/pred_data_out_reg[pred_accel_y_1][11]_i_1_n_15
                         FDRE                                         r  u_preprocessor/pred_data_out_reg[pred_accel_y_1][7]/D
  -------------------------------------------------------------------    -------------------

                         (clock s_axi_aclk rise edge)
                                                     10.000    10.000 r  
                                                      0.000    10.000 r  S_AXI_ACLK (IN)
                         net (fo=0)                   0.000    10.000    S_AXI_ACLK_IBUF_inst/I
                         INBUF (Prop_INBUF_PAD_O)     0.275    10.275 r  S_AXI_ACLK_IBUF_inst/INBUF_INST/O
                         net (fo=1, unplaced)         0.000    10.275    S_AXI_ACLK_IBUF_inst/OUT
                         IBUFCTRL (Prop_IBUFCTRL_I_O)
                                                      0.000    10.275 r  S_AXI_ACLK_IBUF_inst/IBUFCTRL_INST/O
                         net (fo=1, unplaced)         0.140    10.415    S_AXI_ACLK_IBUF
                         BUFGCE (Prop_BUFGCE_I_O)     0.024    10.439 r  S_AXI_ACLK_IBUF_BUFG_inst/O
                         net (fo=5788, unplaced)      2.439    12.878    u_preprocessor/S_AXI_ACLK_IBUF_BUFG
                         FDRE                                         r  u_preprocessor/pred_data_out_reg[pred_accel_y_1][7]/C
                         clock pessimism              0.300    13.178    
                         clock uncertainty           -0.035    13.143    
                         FDRE (Setup_FDRE_C_D)        0.027    13.170    u_preprocessor/pred_data_out_reg[pred_accel_y_1][7]
  -------------------------------------------------------------------
                         required time                         13.170    
                         arrival time                         -14.317    
  -------------------------------------------------------------------
                         slack                                 -1.147    

Slack (VIOLATED) :        -1.118ns  (required time - arrival time)
  Source:                 u_axi_slave/slv_reg3_reg[5]/C
                            (rising edge-triggered cell FDRE clocked by s_axi_aclk  {rise@0.000ns fall@5.000ns period=10.000ns})
  Destination:            u_preprocessor/pred_data_out_reg[pred_accel_y_2][9]/D
                            (rising edge-triggered cell FDRE clocked by s_axi_aclk  {rise@0.000ns fall@5.000ns period=10.000ns})
  Path Group:             s_axi_aclk
  Path Type:              Setup (Max at Slow Process Corner)
  Requirement:            10.000ns  (s_axi_aclk rise@10.000ns - s_axi_aclk rise@0.000ns)
  Data Path Delay:        10.965ns  (logic 7.013ns (63.958%)  route 3.952ns (36.042%))
  Logic Levels:           32  (CARRY8=2 DSP_A_B_DATA=3 DSP_ALU=3 DSP_M_DATA=3 DSP_MULTIPLIER=3 DSP_OUTPUT=3 DSP_PREADD_DATA=3 LUT3=1 LUT5=3 LUT6=8)
  Clock Path Skew:        -0.145ns (DCD - SCD + CPR)
    Destination Clock Delay (DCD):    2.878ns = ( 12.878 - 10.000 ) 
    Source Clock Delay      (SCD):    3.323ns
    Clock Pessimism Removal (CPR):    0.300ns
  Clock Uncertainty:      0.035ns  ((TSJ^2 + TIJ^2)^1/2 + DJ) / 2 + PE
    Total System Jitter     (TSJ):    0.071ns
    Total Input Jitter      (TIJ):    0.000ns
    Discrete Jitter          (DJ):    0.000ns
    Phase Error              (PE):    0.000ns

    Location             Delay type                Incr(ns)  Path(ns)    Netlist Resource(s)
  -------------------------------------------------------------------    -------------------
                         (clock s_axi_aclk rise edge)
                                                      0.000     0.000 r  
                                                      0.000     0.000 r  S_AXI_ACLK (IN)
                         net (fo=0)                   0.000     0.000    S_AXI_ACLK_IBUF_inst/I
                         INBUF (Prop_INBUF_PAD_O)     0.542     0.542 r  S_AXI_ACLK_IBUF_inst/INBUF_INST/O
                         net (fo=1, unplaced)         0.000     0.542    S_AXI_ACLK_IBUF_inst/OUT
                         IBUFCTRL (Prop_IBUFCTRL_I_O)
                                                      0.000     0.542 r  S_AXI_ACLK_IBUF_inst/IBUFCTRL_INST/O
                         net (fo=1, unplaced)         0.169     0.711    S_AXI_ACLK_IBUF
                         BUFGCE (Prop_BUFGCE_I_O)     0.028     0.739 r  S_AXI_ACLK_IBUF_BUFG_inst/O
                         net (fo=5788, unplaced)      2.584     3.323    u_axi_slave/S_AXI_ACLK_IBUF_BUFG
                         FDRE                                         r  u_axi_slave/slv_reg3_reg[5]/C
  -------------------------------------------------------------------    -------------------
                         FDRE (Prop_FDRE_C_Q)         0.093     3.416 f  u_axi_slave/slv_reg3_reg[5]/Q
                         net (fo=11, unplaced)        0.212     3.628    u_axi_slave/sim_data_out[incline_x][5]
                         LUT6 (Prop_LUT6_I0_O)        0.179     3.807 f  u_axi_slave/g0_b0__3_i_6/O
                         net (fo=7, unplaced)         0.239     4.046    u_axi_slave/g0_b0__3_i_6_n_0
                         LUT6 (Prop_LUT6_I3_O)        0.040     4.086 f  u_axi_slave/g0_b0__3_i_10/O
                         net (fo=2, unplaced)         0.214     4.300    u_axi_slave/g0_b0__3_i_10_n_0
                         LUT6 (Prop_LUT6_I3_O)        0.040     4.340 r  u_axi_slave/consistency_cnt[0]_i_31__9/O
                         net (fo=3, unplaced)         0.165     4.505    u_axi_slave/consistency_cnt[0]_i_31__9_n_0
                         LUT6 (Prop_LUT6_I0_O)        0.100     4.605 r  u_axi_slave/g0_b0__3_i_7/O
                         net (fo=11, unplaced)        0.249     4.854    u_axi_slave/g0_b0__3_i_7_n_0
                         LUT5 (Prop_LUT5_I4_O)        0.040     4.894 r  u_axi_slave/g0_b0__3_i_1/O
                         net (fo=81, unplaced)        0.242     5.136    u_axi_slave/g0_b0__3_i_1_n_0
                         LUT5 (Prop_LUT5_I0_O)        0.171     5.307 r  u_axi_slave/g0_b1__3/O
                         net (fo=6, unplaced)         0.236     5.543    u_axi_slave/slv_reg3_reg[7]_0[1]
                         LUT6 (Prop_LUT6_I5_O)        0.039     5.582 r  u_axi_slave/g0_b1__4__0/O
                         net (fo=1, unplaced)         0.025     5.607    u_axi_slave/g0_b1__4__0_n_0
                         CARRY8 (Prop_CARRY8_S[1]_CO[7])
                                                      0.245     5.852 r  u_axi_slave/p_0_out__3_i_9/CO[7]
                         net (fo=1, unplaced)         0.007     5.859    u_axi_slave/p_0_out__3_i_9_n_0
                         CARRY8 (Prop_CARRY8_CI_O[0])
                                                      0.072     5.931 f  u_axi_slave/p_0_out__3_i_8/O[0]
                         net (fo=1, unplaced)         0.262     6.193    u_preprocessor/p_0_out__3/A[8]
                         DSP_A_B_DATA (Prop_DSP_A_B_DATA_A[8]_A2_DATA[8])
                                                      0.241     6.434 r  u_preprocessor/p_0_out__3/DSP_A_B_DATA_INST/A2_DATA[8]
                         net (fo=1, unplaced)         0.000     6.434    u_preprocessor/p_0_out__3/DSP_A_B_DATA.A2_DATA<8>
                         DSP_PREADD_DATA (Prop_DSP_PREADD_DATA_A2_DATA[8]_A2A1[8])
                                                      0.098     6.532 r  u_preprocessor/p_0_out__3/DSP_PREADD_DATA_INST/A2A1[8]
                         net (fo=1, unplaced)         0.000     6.532    u_preprocessor/p_0_out__3/DSP_PREADD_DATA.A2A1<8>
                         DSP_MULTIPLIER (Prop_DSP_MULTIPLIER_A2A1[8]_U[9])
                                                      0.647     7.179 f  u_preprocessor/p_0_out__3/DSP_MULTIPLIER_INST/U[9]
                         net (fo=1, unplaced)         0.000     7.179    u_preprocessor/p_0_out__3/DSP_MULTIPLIER.U<9>
                         DSP_M_DATA (Prop_DSP_M_DATA_U[9]_U_DATA[9])
                                                      0.059     7.238 r  u_preprocessor/p_0_out__3/DSP_M_DATA_INST/U_DATA[9]
                         net (fo=1, unplaced)         0.000     7.238    u_preprocessor/p_0_out__3/DSP_M_DATA.U_DATA<9>
                         DSP_ALU (Prop_DSP_ALU_U_DATA[9]_ALU_OUT[9])
                                                      0.699     7.937 f  u_preprocessor/p_0_out__3/DSP_ALU_INST/ALU_OUT[9]
                         net (fo=1, unplaced)         0.000     7.937    u_preprocessor/p_0_out__3/DSP_ALU.ALU_OUT<9>
                         DSP_OUTPUT (Prop_DSP_OUTPUT_ALU_OUT[9]_P[9])
                                                      0.141     8.078 r  u_preprocessor/p_0_out__3/DSP_OUTPUT_INST/P[9]
                         net (fo=3, unplaced)         0.265     8.343    u_axi_slave/p_0_out__4_i_8_0[2]
                         LUT6 (Prop_LUT6_I1_O)        0.179     8.522 r  u_axi_slave/p_0_out__4_i_21/O
                         net (fo=3, unplaced)         0.220     8.742    u_axi_slave/p_0_out__4_i_21_n_0
                         LUT6 (Prop_LUT6_I5_O)        0.040     8.782 f  u_axi_slave/p_0_out__4_i_19/O
                         net (fo=4, unplaced)         0.226     9.008    u_axi_slave/p_0_out__4_i_19_n_0
                         LUT5 (Prop_LUT5_I3_O)        0.040     9.048 r  u_axi_slave/p_0_out__4_i_15/O
                         net (fo=3, unplaced)         0.220     9.268    u_axi_slave/p_0_out__4_i_15_n_0
                         LUT6 (Prop_LUT6_I0_O)        0.040     9.308 r  u_axi_slave/p_0_out__4_i_14/O
                         net (fo=2, unplaced)         0.214     9.522    u_axi_slave/p_0_out__4_i_14_n_0
                         LUT3 (Prop_LUT3_I2_O)        0.040     9.562 f  u_axi_slave/p_0_out__4_i_1/O
                         net (fo=19, unplaced)        0.300     9.862    u_preprocessor/p_0_out__4/A[16]
                         DSP_A_B_DATA (Prop_DSP_A_B_DATA_A[16]_A2_DATA[16])
                                                      0.241    10.103 r  u_preprocessor/p_0_out__4/DSP_A_B_DATA_INST/A2_DATA[16]
                         net (fo=1, unplaced)         0.000    10.103    u_preprocessor/p_0_out__4/DSP_A_B_DATA.A2_DATA<16>
                         DSP_PREADD_DATA (Prop_DSP_PREADD_DATA_A2_DATA[16]_A2A1[16])
                                                      0.098    10.201 r  u_preprocessor/p_0_out__4/DSP_PREADD_DATA_INST/A2A1[16]
                         net (fo=1, unplaced)         0.000    10.201    u_preprocessor/p_0_out__4/DSP_PREADD_DATA.A2A1<16>
                         DSP_MULTIPLIER (Prop_DSP_MULTIPLIER_A2A1[16]_U[22])
                                                      0.647    10.848 f  u_preprocessor/p_0_out__4/DSP_MULTIPLIER_INST/U[22]
                         net (fo=1, unplaced)         0.000    10.848    u_preprocessor/p_0_out__4/DSP_MULTIPLIER.U<22>
                         DSP_M_DATA (Prop_DSP_M_DATA_U[22]_U_DATA[22])
                                                      0.059    10.907 r  u_preprocessor/p_0_out__4/DSP_M_DATA_INST/U_DATA[22]
                         net (fo=1, unplaced)         0.000    10.907    u_preprocessor/p_0_out__4/DSP_M_DATA.U_DATA<22>
                         DSP_ALU (Prop_DSP_ALU_U_DATA[22]_ALU_OUT[22])
                                                      0.699    11.606 r  u_preprocessor/p_0_out__4/DSP_ALU_INST/ALU_OUT[22]
                         net (fo=1, unplaced)         0.000    11.606    u_preprocessor/p_0_out__4/DSP_ALU.ALU_OUT<22>
                         DSP_OUTPUT (Prop_DSP_OUTPUT_ALU_OUT[22]_P[22])
                                                      0.141    11.747 f  u_preprocessor/p_0_out__4/DSP_OUTPUT_INST/P[22]
                         net (fo=8, unplaced)         0.316    12.063    u_preprocessor/p_0_out__6/A[24]
                         DSP_A_B_DATA (Prop_DSP_A_B_DATA_A[24]_A2_DATA[24])
                                                      0.241    12.304 r  u_preprocessor/p_0_out__6/DSP_A_B_DATA_INST/A2_DATA[24]
                         net (fo=1, unplaced)         0.000    12.304    u_preprocessor/p_0_out__6/DSP_A_B_DATA.A2_DATA<24>
                         DSP_PREADD_DATA (Prop_DSP_PREADD_DATA_A2_DATA[24]_A2A1[24])
                                                      0.098    12.402 r  u_preprocessor/p_0_out__6/DSP_PREADD_DATA_INST/A2A1[24]
                         net (fo=1, unplaced)         0.000    12.402    u_preprocessor/p_0_out__6/DSP_PREADD_DATA.A2A1<24>
                         DSP_MULTIPLIER (Prop_DSP_MULTIPLIER_A2A1[24]_U[29])
                                                      0.647    13.049 f  u_preprocessor/p_0_out__6/DSP_MULTIPLIER_INST/U[29]
                         net (fo=1, unplaced)         0.000    13.049    u_preprocessor/p_0_out__6/DSP_MULTIPLIER.U<29>
                         DSP_M_DATA (Prop_DSP_M_DATA_U[29]_U_DATA[29])
                                                      0.059    13.108 r  u_preprocessor/p_0_out__6/DSP_M_DATA_INST/U_DATA[29]
                         net (fo=1, unplaced)         0.000    13.108    u_preprocessor/p_0_out__6/DSP_M_DATA.U_DATA<29>
                         DSP_ALU (Prop_DSP_ALU_U_DATA[29]_ALU_OUT[29])
                                                      0.699    13.807 f  u_preprocessor/p_0_out__6/DSP_ALU_INST/ALU_OUT[29]
                         net (fo=1, unplaced)         0.000    13.807    u_preprocessor/p_0_out__6/DSP_ALU.ALU_OUT<29>
                         DSP_OUTPUT (Prop_DSP_OUTPUT_ALU_OUT[29]_P[29])
                                                      0.141    13.948 r  u_preprocessor/p_0_out__6/DSP_OUTPUT_INST/P[29]
                         net (fo=2, unplaced)         0.340    14.288    u_preprocessor/grav_y[9]
                         FDRE                                         r  u_preprocessor/pred_data_out_reg[pred_accel_y_2][9]/D
  -------------------------------------------------------------------    -------------------

                         (clock s_axi_aclk rise edge)
                                                     10.000    10.000 r  
                                                      0.000    10.000 r  S_AXI_ACLK (IN)
                         net (fo=0)                   0.000    10.000    S_AXI_ACLK_IBUF_inst/I
                         INBUF (Prop_INBUF_PAD_O)     0.275    10.275 r  S_AXI_ACLK_IBUF_inst/INBUF_INST/O
                         net (fo=1, unplaced)         0.000    10.275    S_AXI_ACLK_IBUF_inst/OUT
                         IBUFCTRL (Prop_IBUFCTRL_I_O)
                                                      0.000    10.275 r  S_AXI_ACLK_IBUF_inst/IBUFCTRL_INST/O
                         net (fo=1, unplaced)         0.140    10.415    S_AXI_ACLK_IBUF
                         BUFGCE (Prop_BUFGCE_I_O)     0.024    10.439 r  S_AXI_ACLK_IBUF_BUFG_inst/O
                         net (fo=5788, unplaced)      2.439    12.878    u_preprocessor/S_AXI_ACLK_IBUF_BUFG
                         FDRE                                         r  u_preprocessor/pred_data_out_reg[pred_accel_y_2][9]/C
                         clock pessimism              0.300    13.178    
                         clock uncertainty           -0.035    13.143    
                         FDRE (Setup_FDRE_C_D)        0.027    13.170    u_preprocessor/pred_data_out_reg[pred_accel_y_2][9]
  -------------------------------------------------------------------
                         required time                         13.170    
                         arrival time                         -14.288    
  -------------------------------------------------------------------
                         slack                                 -1.118    

Slack (VIOLATED) :        -1.115ns  (required time - arrival time)
  Source:                 u_axi_slave/slv_reg3_reg[5]/C
                            (rising edge-triggered cell FDRE clocked by s_axi_aclk  {rise@0.000ns fall@5.000ns period=10.000ns})
  Destination:            u_preprocessor/pred_data_out_reg[pred_accel_y_2][10]/D
                            (rising edge-triggered cell FDRE clocked by s_axi_aclk  {rise@0.000ns fall@5.000ns period=10.000ns})
  Path Group:             s_axi_aclk
  Path Type:              Setup (Max at Slow Process Corner)
  Requirement:            10.000ns  (s_axi_aclk rise@10.000ns - s_axi_aclk rise@0.000ns)
  Data Path Delay:        10.962ns  (logic 7.013ns (63.976%)  route 3.949ns (36.024%))
  Logic Levels:           32  (CARRY8=2 DSP_A_B_DATA=3 DSP_ALU=3 DSP_M_DATA=3 DSP_MULTIPLIER=3 DSP_OUTPUT=3 DSP_PREADD_DATA=3 LUT3=1 LUT5=3 LUT6=8)
  Clock Path Skew:        -0.145ns (DCD - SCD + CPR)
    Destination Clock Delay (DCD):    2.878ns = ( 12.878 - 10.000 ) 
    Source Clock Delay      (SCD):    3.323ns
    Clock Pessimism Removal (CPR):    0.300ns
  Clock Uncertainty:      0.035ns  ((TSJ^2 + TIJ^2)^1/2 + DJ) / 2 + PE
    Total System Jitter     (TSJ):    0.071ns
    Total Input Jitter      (TIJ):    0.000ns
    Discrete Jitter          (DJ):    0.000ns
    Phase Error              (PE):    0.000ns

    Location             Delay type                Incr(ns)  Path(ns)    Netlist Resource(s)
  -------------------------------------------------------------------    -------------------
                         (clock s_axi_aclk rise edge)
                                                      0.000     0.000 r  
                                                      0.000     0.000 r  S_AXI_ACLK (IN)
                         net (fo=0)                   0.000     0.000    S_AXI_ACLK_IBUF_inst/I
                         INBUF (Prop_INBUF_PAD_O)     0.542     0.542 r  S_AXI_ACLK_IBUF_inst/INBUF_INST/O
                         net (fo=1, unplaced)         0.000     0.542    S_AXI_ACLK_IBUF_inst/OUT
                         IBUFCTRL (Prop_IBUFCTRL_I_O)
                                                      0.000     0.542 r  S_AXI_ACLK_IBUF_inst/IBUFCTRL_INST/O
                         net (fo=1, unplaced)         0.169     0.711    S_AXI_ACLK_IBUF
                         BUFGCE (Prop_BUFGCE_I_O)     0.028     0.739 r  S_AXI_ACLK_IBUF_BUFG_inst/O
                         net (fo=5788, unplaced)      2.584     3.323    u_axi_slave/S_AXI_ACLK_IBUF_BUFG
                         FDRE                                         r  u_axi_slave/slv_reg3_reg[5]/C
  -------------------------------------------------------------------    -------------------
                         FDRE (Prop_FDRE_C_Q)         0.093     3.416 f  u_axi_slave/slv_reg3_reg[5]/Q
                         net (fo=11, unplaced)        0.212     3.628    u_axi_slave/sim_data_out[incline_x][5]
                         LUT6 (Prop_LUT6_I0_O)        0.179     3.807 f  u_axi_slave/g0_b0__3_i_6/O
                         net (fo=7, unplaced)         0.239     4.046    u_axi_slave/g0_b0__3_i_6_n_0
                         LUT6 (Prop_LUT6_I3_O)        0.040     4.086 f  u_axi_slave/g0_b0__3_i_10/O
                         net (fo=2, unplaced)         0.214     4.300    u_axi_slave/g0_b0__3_i_10_n_0
                         LUT6 (Prop_LUT6_I3_O)        0.040     4.340 r  u_axi_slave/consistency_cnt[0]_i_31__9/O
                         net (fo=3, unplaced)         0.165     4.505    u_axi_slave/consistency_cnt[0]_i_31__9_n_0
                         LUT6 (Prop_LUT6_I0_O)        0.100     4.605 r  u_axi_slave/g0_b0__3_i_7/O
                         net (fo=11, unplaced)        0.249     4.854    u_axi_slave/g0_b0__3_i_7_n_0
                         LUT5 (Prop_LUT5_I4_O)        0.040     4.894 r  u_axi_slave/g0_b0__3_i_1/O
                         net (fo=81, unplaced)        0.242     5.136    u_axi_slave/g0_b0__3_i_1_n_0
                         LUT5 (Prop_LUT5_I0_O)        0.171     5.307 r  u_axi_slave/g0_b1__3/O
                         net (fo=6, unplaced)         0.236     5.543    u_axi_slave/slv_reg3_reg[7]_0[1]
                         LUT6 (Prop_LUT6_I5_O)        0.039     5.582 r  u_axi_slave/g0_b1__4__0/O
                         net (fo=1, unplaced)         0.025     5.607    u_axi_slave/g0_b1__4__0_n_0
                         CARRY8 (Prop_CARRY8_S[1]_CO[7])
                                                      0.245     5.852 r  u_axi_slave/p_0_out__3_i_9/CO[7]
                         net (fo=1, unplaced)         0.007     5.859    u_axi_slave/p_0_out__3_i_9_n_0
                         CARRY8 (Prop_CARRY8_CI_O[0])
                                                      0.072     5.931 f  u_axi_slave/p_0_out__3_i_8/O[0]
                         net (fo=1, unplaced)         0.262     6.193    u_preprocessor/p_0_out__3/A[8]
                         DSP_A_B_DATA (Prop_DSP_A_B_DATA_A[8]_A2_DATA[8])
                                                      0.241     6.434 r  u_preprocessor/p_0_out__3/DSP_A_B_DATA_INST/A2_DATA[8]
                         net (fo=1, unplaced)         0.000     6.434    u_preprocessor/p_0_out__3/DSP_A_B_DATA.A2_DATA<8>
                         DSP_PREADD_DATA (Prop_DSP_PREADD_DATA_A2_DATA[8]_A2A1[8])
                                                      0.098     6.532 r  u_preprocessor/p_0_out__3/DSP_PREADD_DATA_INST/A2A1[8]
                         net (fo=1, unplaced)         0.000     6.532    u_preprocessor/p_0_out__3/DSP_PREADD_DATA.A2A1<8>
                         DSP_MULTIPLIER (Prop_DSP_MULTIPLIER_A2A1[8]_U[9])
                                                      0.647     7.179 f  u_preprocessor/p_0_out__3/DSP_MULTIPLIER_INST/U[9]
                         net (fo=1, unplaced)         0.000     7.179    u_preprocessor/p_0_out__3/DSP_MULTIPLIER.U<9>
                         DSP_M_DATA (Prop_DSP_M_DATA_U[9]_U_DATA[9])
                                                      0.059     7.238 r  u_preprocessor/p_0_out__3/DSP_M_DATA_INST/U_DATA[9]
                         net (fo=1, unplaced)         0.000     7.238    u_preprocessor/p_0_out__3/DSP_M_DATA.U_DATA<9>
                         DSP_ALU (Prop_DSP_ALU_U_DATA[9]_ALU_OUT[9])
                                                      0.699     7.937 f  u_preprocessor/p_0_out__3/DSP_ALU_INST/ALU_OUT[9]
                         net (fo=1, unplaced)         0.000     7.937    u_preprocessor/p_0_out__3/DSP_ALU.ALU_OUT<9>
                         DSP_OUTPUT (Prop_DSP_OUTPUT_ALU_OUT[9]_P[9])
                                                      0.141     8.078 r  u_preprocessor/p_0_out__3/DSP_OUTPUT_INST/P[9]
                         net (fo=3, unplaced)         0.265     8.343    u_axi_slave/p_0_out__4_i_8_0[2]
                         LUT6 (Prop_LUT6_I1_O)        0.179     8.522 r  u_axi_slave/p_0_out__4_i_21/O
                         net (fo=3, unplaced)         0.220     8.742    u_axi_slave/p_0_out__4_i_21_n_0
                         LUT6 (Prop_LUT6_I5_O)        0.040     8.782 f  u_axi_slave/p_0_out__4_i_19/O
                         net (fo=4, unplaced)         0.226     9.008    u_axi_slave/p_0_out__4_i_19_n_0
                         LUT5 (Prop_LUT5_I3_O)        0.040     9.048 r  u_axi_slave/p_0_out__4_i_15/O
                         net (fo=3, unplaced)         0.220     9.268    u_axi_slave/p_0_out__4_i_15_n_0
                         LUT6 (Prop_LUT6_I0_O)        0.040     9.308 r  u_axi_slave/p_0_out__4_i_14/O
                         net (fo=2, unplaced)         0.214     9.522    u_axi_slave/p_0_out__4_i_14_n_0
                         LUT3 (Prop_LUT3_I2_O)        0.040     9.562 f  u_axi_slave/p_0_out__4_i_1/O
                         net (fo=19, unplaced)        0.300     9.862    u_preprocessor/p_0_out__4/A[16]
                         DSP_A_B_DATA (Prop_DSP_A_B_DATA_A[16]_A2_DATA[16])
                                                      0.241    10.103 r  u_preprocessor/p_0_out__4/DSP_A_B_DATA_INST/A2_DATA[16]
                         net (fo=1, unplaced)         0.000    10.103    u_preprocessor/p_0_out__4/DSP_A_B_DATA.A2_DATA<16>
                         DSP_PREADD_DATA (Prop_DSP_PREADD_DATA_A2_DATA[16]_A2A1[16])
                                                      0.098    10.201 r  u_preprocessor/p_0_out__4/DSP_PREADD_DATA_INST/A2A1[16]
                         net (fo=1, unplaced)         0.000    10.201    u_preprocessor/p_0_out__4/DSP_PREADD_DATA.A2A1<16>
                         DSP_MULTIPLIER (Prop_DSP_MULTIPLIER_A2A1[16]_U[22])
                                                      0.647    10.848 f  u_preprocessor/p_0_out__4/DSP_MULTIPLIER_INST/U[22]
                         net (fo=1, unplaced)         0.000    10.848    u_preprocessor/p_0_out__4/DSP_MULTIPLIER.U<22>
                         DSP_M_DATA (Prop_DSP_M_DATA_U[22]_U_DATA[22])
                                                      0.059    10.907 r  u_preprocessor/p_0_out__4/DSP_M_DATA_INST/U_DATA[22]
                         net (fo=1, unplaced)         0.000    10.907    u_preprocessor/p_0_out__4/DSP_M_DATA.U_DATA<22>
                         DSP_ALU (Prop_DSP_ALU_U_DATA[22]_ALU_OUT[22])
                                                      0.699    11.606 r  u_preprocessor/p_0_out__4/DSP_ALU_INST/ALU_OUT[22]
                         net (fo=1, unplaced)         0.000    11.606    u_preprocessor/p_0_out__4/DSP_ALU.ALU_OUT<22>
                         DSP_OUTPUT (Prop_DSP_OUTPUT_ALU_OUT[22]_P[22])
                                                      0.141    11.747 f  u_preprocessor/p_0_out__4/DSP_OUTPUT_INST/P[22]
                         net (fo=8, unplaced)         0.316    12.063    u_preprocessor/p_0_out__6/A[24]
                         DSP_A_B_DATA (Prop_DSP_A_B_DATA_A[24]_A2_DATA[24])
                                                      0.241    12.304 r  u_preprocessor/p_0_out__6/DSP_A_B_DATA_INST/A2_DATA[24]
                         net (fo=1, unplaced)         0.000    12.304    u_preprocessor/p_0_out__6/DSP_A_B_DATA.A2_DATA<24>
                         DSP_PREADD_DATA (Prop_DSP_PREADD_DATA_A2_DATA[24]_A2A1[24])
                                                      0.098    12.402 r  u_preprocessor/p_0_out__6/DSP_PREADD_DATA_INST/A2A1[24]
                         net (fo=1, unplaced)         0.000    12.402    u_preprocessor/p_0_out__6/DSP_PREADD_DATA.A2A1<24>
                         DSP_MULTIPLIER (Prop_DSP_MULTIPLIER_A2A1[24]_U[30])
                                                      0.647    13.049 f  u_preprocessor/p_0_out__6/DSP_MULTIPLIER_INST/U[30]
                         net (fo=1, unplaced)         0.000    13.049    u_preprocessor/p_0_out__6/DSP_MULTIPLIER.U<30>
                         DSP_M_DATA (Prop_DSP_M_DATA_U[30]_U_DATA[30])
                                                      0.059    13.108 r  u_preprocessor/p_0_out__6/DSP_M_DATA_INST/U_DATA[30]
                         net (fo=1, unplaced)         0.000    13.108    u_preprocessor/p_0_out__6/DSP_M_DATA.U_DATA<30>
                         DSP_ALU (Prop_DSP_ALU_U_DATA[30]_ALU_OUT[30])
                                                      0.699    13.807 f  u_preprocessor/p_0_out__6/DSP_ALU_INST/ALU_OUT[30]
                         net (fo=1, unplaced)         0.000    13.807    u_preprocessor/p_0_out__6/DSP_ALU.ALU_OUT<30>
                         DSP_OUTPUT (Prop_DSP_OUTPUT_ALU_OUT[30]_P[30])
                                                      0.141    13.948 r  u_preprocessor/p_0_out__6/DSP_OUTPUT_INST/P[30]
                         net (fo=2, unplaced)         0.337    14.285    u_preprocessor/grav_y[10]
                         FDRE                                         r  u_preprocessor/pred_data_out_reg[pred_accel_y_2][10]/D
  -------------------------------------------------------------------    -------------------

                         (clock s_axi_aclk rise edge)
                                                     10.000    10.000 r  
                                                      0.000    10.000 r  S_AXI_ACLK (IN)
                         net (fo=0)                   0.000    10.000    S_AXI_ACLK_IBUF_inst/I
                         INBUF (Prop_INBUF_PAD_O)     0.275    10.275 r  S_AXI_ACLK_IBUF_inst/INBUF_INST/O
                         net (fo=1, unplaced)         0.000    10.275    S_AXI_ACLK_IBUF_inst/OUT
                         IBUFCTRL (Prop_IBUFCTRL_I_O)
                                                      0.000    10.275 r  S_AXI_ACLK_IBUF_inst/IBUFCTRL_INST/O
                         net (fo=1, unplaced)         0.140    10.415    S_AXI_ACLK_IBUF
                         BUFGCE (Prop_BUFGCE_I_O)     0.024    10.439 r  S_AXI_ACLK_IBUF_BUFG_inst/O
                         net (fo=5788, unplaced)      2.439    12.878    u_preprocessor/S_AXI_ACLK_IBUF_BUFG
                         FDRE                                         r  u_preprocessor/pred_data_out_reg[pred_accel_y_2][10]/C
                         clock pessimism              0.300    13.178    
                         clock uncertainty           -0.035    13.143    
                         FDRE (Setup_FDRE_C_D)        0.027    13.170    u_preprocessor/pred_data_out_reg[pred_accel_y_2][10]
  -------------------------------------------------------------------
                         required time                         13.170    
                         arrival time                         -14.285    
  -------------------------------------------------------------------
                         slack                                 -1.115    

Slack (VIOLATED) :        -1.109ns  (required time - arrival time)
  Source:                 u_axi_slave/slv_reg3_reg[5]/C
                            (rising edge-triggered cell FDRE clocked by s_axi_aclk  {rise@0.000ns fall@5.000ns period=10.000ns})
  Destination:            u_preprocessor/pred_data_out_reg[pred_accel_y_2][11]/D
                            (rising edge-triggered cell FDRE clocked by s_axi_aclk  {rise@0.000ns fall@5.000ns period=10.000ns})
  Path Group:             s_axi_aclk
  Path Type:              Setup (Max at Slow Process Corner)
  Requirement:            10.000ns  (s_axi_aclk rise@10.000ns - s_axi_aclk rise@0.000ns)
  Data Path Delay:        10.956ns  (logic 7.013ns (64.011%)  route 3.943ns (35.989%))
  Logic Levels:           32  (CARRY8=2 DSP_A_B_DATA=3 DSP_ALU=3 DSP_M_DATA=3 DSP_MULTIPLIER=3 DSP_OUTPUT=3 DSP_PREADD_DATA=3 LUT3=1 LUT5=3 LUT6=8)
  Clock Path Skew:        -0.145ns (DCD - SCD + CPR)
    Destination Clock Delay (DCD):    2.878ns = ( 12.878 - 10.000 ) 
    Source Clock Delay      (SCD):    3.323ns
    Clock Pessimism Removal (CPR):    0.300ns
  Clock Uncertainty:      0.035ns  ((TSJ^2 + TIJ^2)^1/2 + DJ) / 2 + PE
    Total System Jitter     (TSJ):    0.071ns
    Total Input Jitter      (TIJ):    0.000ns
    Discrete Jitter          (DJ):    0.000ns
    Phase Error              (PE):    0.000ns

    Location             Delay type                Incr(ns)  Path(ns)    Netlist Resource(s)
  -------------------------------------------------------------------    -------------------
                         (clock s_axi_aclk rise edge)
                                                      0.000     0.000 r  
                                                      0.000     0.000 r  S_AXI_ACLK (IN)
                         net (fo=0)                   0.000     0.000    S_AXI_ACLK_IBUF_inst/I
                         INBUF (Prop_INBUF_PAD_O)     0.542     0.542 r  S_AXI_ACLK_IBUF_inst/INBUF_INST/O
                         net (fo=1, unplaced)         0.000     0.542    S_AXI_ACLK_IBUF_inst/OUT
                         IBUFCTRL (Prop_IBUFCTRL_I_O)
                                                      0.000     0.542 r  S_AXI_ACLK_IBUF_inst/IBUFCTRL_INST/O
                         net (fo=1, unplaced)         0.169     0.711    S_AXI_ACLK_IBUF
                         BUFGCE (Prop_BUFGCE_I_O)     0.028     0.739 r  S_AXI_ACLK_IBUF_BUFG_inst/O
                         net (fo=5788, unplaced)      2.584     3.323    u_axi_slave/S_AXI_ACLK_IBUF_BUFG
                         FDRE                                         r  u_axi_slave/slv_reg3_reg[5]/C
  -------------------------------------------------------------------    -------------------
                         FDRE (Prop_FDRE_C_Q)         0.093     3.416 f  u_axi_slave/slv_reg3_reg[5]/Q
                         net (fo=11, unplaced)        0.212     3.628    u_axi_slave/sim_data_out[incline_x][5]
                         LUT6 (Prop_LUT6_I0_O)        0.179     3.807 f  u_axi_slave/g0_b0__3_i_6/O
                         net (fo=7, unplaced)         0.239     4.046    u_axi_slave/g0_b0__3_i_6_n_0
                         LUT6 (Prop_LUT6_I3_O)        0.040     4.086 f  u_axi_slave/g0_b0__3_i_10/O
                         net (fo=2, unplaced)         0.214     4.300    u_axi_slave/g0_b0__3_i_10_n_0
                         LUT6 (Prop_LUT6_I3_O)        0.040     4.340 r  u_axi_slave/consistency_cnt[0]_i_31__9/O
                         net (fo=3, unplaced)         0.165     4.505    u_axi_slave/consistency_cnt[0]_i_31__9_n_0
                         LUT6 (Prop_LUT6_I0_O)        0.100     4.605 r  u_axi_slave/g0_b0__3_i_7/O
                         net (fo=11, unplaced)        0.249     4.854    u_axi_slave/g0_b0__3_i_7_n_0
                         LUT5 (Prop_LUT5_I4_O)        0.040     4.894 r  u_axi_slave/g0_b0__3_i_1/O
                         net (fo=81, unplaced)        0.242     5.136    u_axi_slave/g0_b0__3_i_1_n_0
                         LUT5 (Prop_LUT5_I0_O)        0.171     5.307 r  u_axi_slave/g0_b1__3/O
                         net (fo=6, unplaced)         0.236     5.543    u_axi_slave/slv_reg3_reg[7]_0[1]
                         LUT6 (Prop_LUT6_I5_O)        0.039     5.582 r  u_axi_slave/g0_b1__4__0/O
                         net (fo=1, unplaced)         0.025     5.607    u_axi_slave/g0_b1__4__0_n_0
                         CARRY8 (Prop_CARRY8_S[1]_CO[7])
                                                      0.245     5.852 r  u_axi_slave/p_0_out__3_i_9/CO[7]
                         net (fo=1, unplaced)         0.007     5.859    u_axi_slave/p_0_out__3_i_9_n_0
                         CARRY8 (Prop_CARRY8_CI_O[0])
                                                      0.072     5.931 f  u_axi_slave/p_0_out__3_i_8/O[0]
                         net (fo=1, unplaced)         0.262     6.193    u_preprocessor/p_0_out__3/A[8]
                         DSP_A_B_DATA (Prop_DSP_A_B_DATA_A[8]_A2_DATA[8])
                                                      0.241     6.434 r  u_preprocessor/p_0_out__3/DSP_A_B_DATA_INST/A2_DATA[8]
                         net (fo=1, unplaced)         0.000     6.434    u_preprocessor/p_0_out__3/DSP_A_B_DATA.A2_DATA<8>
                         DSP_PREADD_DATA (Prop_DSP_PREADD_DATA_A2_DATA[8]_A2A1[8])
                                                      0.098     6.532 r  u_preprocessor/p_0_out__3/DSP_PREADD_DATA_INST/A2A1[8]
                         net (fo=1, unplaced)         0.000     6.532    u_preprocessor/p_0_out__3/DSP_PREADD_DATA.A2A1<8>
                         DSP_MULTIPLIER (Prop_DSP_MULTIPLIER_A2A1[8]_U[9])
                                                      0.647     7.179 f  u_preprocessor/p_0_out__3/DSP_MULTIPLIER_INST/U[9]
                         net (fo=1, unplaced)         0.000     7.179    u_preprocessor/p_0_out__3/DSP_MULTIPLIER.U<9>
                         DSP_M_DATA (Prop_DSP_M_DATA_U[9]_U_DATA[9])
                                                      0.059     7.238 r  u_preprocessor/p_0_out__3/DSP_M_DATA_INST/U_DATA[9]
                         net (fo=1, unplaced)         0.000     7.238    u_preprocessor/p_0_out__3/DSP_M_DATA.U_DATA<9>
                         DSP_ALU (Prop_DSP_ALU_U_DATA[9]_ALU_OUT[9])
                                                      0.699     7.937 f  u_preprocessor/p_0_out__3/DSP_ALU_INST/ALU_OUT[9]
                         net (fo=1, unplaced)         0.000     7.937    u_preprocessor/p_0_out__3/DSP_ALU.ALU_OUT<9>
                         DSP_OUTPUT (Prop_DSP_OUTPUT_ALU_OUT[9]_P[9])
                                                      0.141     8.078 r  u_preprocessor/p_0_out__3/DSP_OUTPUT_INST/P[9]
                         net (fo=3, unplaced)         0.265     8.343    u_axi_slave/p_0_out__4_i_8_0[2]
                         LUT6 (Prop_LUT6_I1_O)        0.179     8.522 r  u_axi_slave/p_0_out__4_i_21/O
                         net (fo=3, unplaced)         0.220     8.742    u_axi_slave/p_0_out__4_i_21_n_0
                         LUT6 (Prop_LUT6_I5_O)        0.040     8.782 f  u_axi_slave/p_0_out__4_i_19/O
                         net (fo=4, unplaced)         0.226     9.008    u_axi_slave/p_0_out__4_i_19_n_0
                         LUT5 (Prop_LUT5_I3_O)        0.040     9.048 r  u_axi_slave/p_0_out__4_i_15/O
                         net (fo=3, unplaced)         0.220     9.268    u_axi_slave/p_0_out__4_i_15_n_0
                         LUT6 (Prop_LUT6_I0_O)        0.040     9.308 r  u_axi_slave/p_0_out__4_i_14/O
                         net (fo=2, unplaced)         0.214     9.522    u_axi_slave/p_0_out__4_i_14_n_0
                         LUT3 (Prop_LUT3_I2_O)        0.040     9.562 f  u_axi_slave/p_0_out__4_i_1/O
                         net (fo=19, unplaced)        0.300     9.862    u_preprocessor/p_0_out__4/A[16]
                         DSP_A_B_DATA (Prop_DSP_A_B_DATA_A[16]_A2_DATA[16])
                                                      0.241    10.103 r  u_preprocessor/p_0_out__4/DSP_A_B_DATA_INST/A2_DATA[16]
                         net (fo=1, unplaced)         0.000    10.103    u_preprocessor/p_0_out__4/DSP_A_B_DATA.A2_DATA<16>
                         DSP_PREADD_DATA (Prop_DSP_PREADD_DATA_A2_DATA[16]_A2A1[16])
                                                      0.098    10.201 r  u_preprocessor/p_0_out__4/DSP_PREADD_DATA_INST/A2A1[16]
                         net (fo=1, unplaced)         0.000    10.201    u_preprocessor/p_0_out__4/DSP_PREADD_DATA.A2A1<16>
                         DSP_MULTIPLIER (Prop_DSP_MULTIPLIER_A2A1[16]_U[22])
                                                      0.647    10.848 f  u_preprocessor/p_0_out__4/DSP_MULTIPLIER_INST/U[22]
                         net (fo=1, unplaced)         0.000    10.848    u_preprocessor/p_0_out__4/DSP_MULTIPLIER.U<22>
                         DSP_M_DATA (Prop_DSP_M_DATA_U[22]_U_DATA[22])
                                                      0.059    10.907 r  u_preprocessor/p_0_out__4/DSP_M_DATA_INST/U_DATA[22]
                         net (fo=1, unplaced)         0.000    10.907    u_preprocessor/p_0_out__4/DSP_M_DATA.U_DATA<22>
                         DSP_ALU (Prop_DSP_ALU_U_DATA[22]_ALU_OUT[22])
                                                      0.699    11.606 r  u_preprocessor/p_0_out__4/DSP_ALU_INST/ALU_OUT[22]
                         net (fo=1, unplaced)         0.000    11.606    u_preprocessor/p_0_out__4/DSP_ALU.ALU_OUT<22>
                         DSP_OUTPUT (Prop_DSP_OUTPUT_ALU_OUT[22]_P[22])
                                                      0.141    11.747 f  u_preprocessor/p_0_out__4/DSP_OUTPUT_INST/P[22]
                         net (fo=8, unplaced)         0.316    12.063    u_preprocessor/p_0_out__6/A[24]
                         DSP_A_B_DATA (Prop_DSP_A_B_DATA_A[24]_A2_DATA[24])
                                                      0.241    12.304 r  u_preprocessor/p_0_out__6/DSP_A_B_DATA_INST/A2_DATA[24]
                         net (fo=1, unplaced)         0.000    12.304    u_preprocessor/p_0_out__6/DSP_A_B_DATA.A2_DATA<24>
                         DSP_PREADD_DATA (Prop_DSP_PREADD_DATA_A2_DATA[24]_A2A1[24])
                                                      0.098    12.402 r  u_preprocessor/p_0_out__6/DSP_PREADD_DATA_INST/A2A1[24]
                         net (fo=1, unplaced)         0.000    12.402    u_preprocessor/p_0_out__6/DSP_PREADD_DATA.A2A1<24>
                         DSP_MULTIPLIER (Prop_DSP_MULTIPLIER_A2A1[24]_U[31])
                                                      0.647    13.049 f  u_preprocessor/p_0_out__6/DSP_MULTIPLIER_INST/U[31]
                         net (fo=1, unplaced)         0.000    13.049    u_preprocessor/p_0_out__6/DSP_MULTIPLIER.U<31>
                         DSP_M_DATA (Prop_DSP_M_DATA_U[31]_U_DATA[31])
                                                      0.059    13.108 r  u_preprocessor/p_0_out__6/DSP_M_DATA_INST/U_DATA[31]
                         net (fo=1, unplaced)         0.000    13.108    u_preprocessor/p_0_out__6/DSP_M_DATA.U_DATA<31>
                         DSP_ALU (Prop_DSP_ALU_U_DATA[31]_ALU_OUT[31])
                                                      0.699    13.807 f  u_preprocessor/p_0_out__6/DSP_ALU_INST/ALU_OUT[31]
                         net (fo=1, unplaced)         0.000    13.807    u_preprocessor/p_0_out__6/DSP_ALU.ALU_OUT<31>
                         DSP_OUTPUT (Prop_DSP_OUTPUT_ALU_OUT[31]_P[31])
                                                      0.141    13.948 r  u_preprocessor/p_0_out__6/DSP_OUTPUT_INST/P[31]
                         net (fo=2, unplaced)         0.331    14.279    u_preprocessor/grav_y[11]
                         FDRE                                         r  u_preprocessor/pred_data_out_reg[pred_accel_y_2][11]/D
  -------------------------------------------------------------------    -------------------

                         (clock s_axi_aclk rise edge)
                                                     10.000    10.000 r  
                                                      0.000    10.000 r  S_AXI_ACLK (IN)
                         net (fo=0)                   0.000    10.000    S_AXI_ACLK_IBUF_inst/I
                         INBUF (Prop_INBUF_PAD_O)     0.275    10.275 r  S_AXI_ACLK_IBUF_inst/INBUF_INST/O
                         net (fo=1, unplaced)         0.000    10.275    S_AXI_ACLK_IBUF_inst/OUT
                         IBUFCTRL (Prop_IBUFCTRL_I_O)
                                                      0.000    10.275 r  S_AXI_ACLK_IBUF_inst/IBUFCTRL_INST/O
                         net (fo=1, unplaced)         0.140    10.415    S_AXI_ACLK_IBUF
                         BUFGCE (Prop_BUFGCE_I_O)     0.024    10.439 r  S_AXI_ACLK_IBUF_BUFG_inst/O
                         net (fo=5788, unplaced)      2.439    12.878    u_preprocessor/S_AXI_ACLK_IBUF_BUFG
                         FDRE                                         r  u_preprocessor/pred_data_out_reg[pred_accel_y_2][11]/C
                         clock pessimism              0.300    13.178    
                         clock uncertainty           -0.035    13.143    
                         FDRE (Setup_FDRE_C_D)        0.027    13.170    u_preprocessor/pred_data_out_reg[pred_accel_y_2][11]
  -------------------------------------------------------------------
                         required time                         13.170    
                         arrival time                         -14.279    
  -------------------------------------------------------------------
                         slack                                 -1.109    

Slack (VIOLATED) :        -1.085ns  (required time - arrival time)
  Source:                 u_axi_slave/slv_reg3_reg[5]/C
                            (rising edge-triggered cell FDRE clocked by s_axi_aclk  {rise@0.000ns fall@5.000ns period=10.000ns})
  Destination:            u_preprocessor/pred_data_out_reg[pred_accel_y_1][3]/D
                            (rising edge-triggered cell FDRE clocked by s_axi_aclk  {rise@0.000ns fall@5.000ns period=10.000ns})
  Path Group:             s_axi_aclk
  Path Type:              Setup (Max at Slow Process Corner)
  Requirement:            10.000ns  (s_axi_aclk rise@10.000ns - s_axi_aclk rise@0.000ns)
  Data Path Delay:        10.932ns  (logic 7.013ns (64.151%)  route 3.919ns (35.849%))
  Logic Levels:           32  (CARRY8=2 DSP_A_B_DATA=3 DSP_ALU=3 DSP_M_DATA=3 DSP_MULTIPLIER=3 DSP_OUTPUT=3 DSP_PREADD_DATA=3 LUT3=1 LUT5=3 LUT6=8)
  Clock Path Skew:        -0.145ns (DCD - SCD + CPR)
    Destination Clock Delay (DCD):    2.878ns = ( 12.878 - 10.000 ) 
    Source Clock Delay      (SCD):    3.323ns
    Clock Pessimism Removal (CPR):    0.300ns
  Clock Uncertainty:      0.035ns  ((TSJ^2 + TIJ^2)^1/2 + DJ) / 2 + PE
    Total System Jitter     (TSJ):    0.071ns
    Total Input Jitter      (TIJ):    0.000ns
    Discrete Jitter          (DJ):    0.000ns
    Phase Error              (PE):    0.000ns

    Location             Delay type                Incr(ns)  Path(ns)    Netlist Resource(s)
  -------------------------------------------------------------------    -------------------
                         (clock s_axi_aclk rise edge)
                                                      0.000     0.000 r  
                                                      0.000     0.000 r  S_AXI_ACLK (IN)
                         net (fo=0)                   0.000     0.000    S_AXI_ACLK_IBUF_inst/I
                         INBUF (Prop_INBUF_PAD_O)     0.542     0.542 r  S_AXI_ACLK_IBUF_inst/INBUF_INST/O
                         net (fo=1, unplaced)         0.000     0.542    S_AXI_ACLK_IBUF_inst/OUT
                         IBUFCTRL (Prop_IBUFCTRL_I_O)
                                                      0.000     0.542 r  S_AXI_ACLK_IBUF_inst/IBUFCTRL_INST/O
                         net (fo=1, unplaced)         0.169     0.711    S_AXI_ACLK_IBUF
                         BUFGCE (Prop_BUFGCE_I_O)     0.028     0.739 r  S_AXI_ACLK_IBUF_BUFG_inst/O
                         net (fo=5788, unplaced)      2.584     3.323    u_axi_slave/S_AXI_ACLK_IBUF_BUFG
                         FDRE                                         r  u_axi_slave/slv_reg3_reg[5]/C
  -------------------------------------------------------------------    -------------------
                         FDRE (Prop_FDRE_C_Q)         0.093     3.416 f  u_axi_slave/slv_reg3_reg[5]/Q
                         net (fo=11, unplaced)        0.212     3.628    u_axi_slave/sim_data_out[incline_x][5]
                         LUT6 (Prop_LUT6_I0_O)        0.179     3.807 f  u_axi_slave/g0_b0__3_i_6/O
                         net (fo=7, unplaced)         0.239     4.046    u_axi_slave/g0_b0__3_i_6_n_0
                         LUT6 (Prop_LUT6_I3_O)        0.040     4.086 f  u_axi_slave/g0_b0__3_i_10/O
                         net (fo=2, unplaced)         0.214     4.300    u_axi_slave/g0_b0__3_i_10_n_0
                         LUT6 (Prop_LUT6_I3_O)        0.040     4.340 r  u_axi_slave/consistency_cnt[0]_i_31__9/O
                         net (fo=3, unplaced)         0.165     4.505    u_axi_slave/consistency_cnt[0]_i_31__9_n_0
                         LUT6 (Prop_LUT6_I0_O)        0.100     4.605 r  u_axi_slave/g0_b0__3_i_7/O
                         net (fo=11, unplaced)        0.249     4.854    u_axi_slave/g0_b0__3_i_7_n_0
                         LUT5 (Prop_LUT5_I4_O)        0.040     4.894 r  u_axi_slave/g0_b0__3_i_1/O
                         net (fo=81, unplaced)        0.242     5.136    u_axi_slave/g0_b0__3_i_1_n_0
                         LUT5 (Prop_LUT5_I0_O)        0.171     5.307 r  u_axi_slave/g0_b1__3/O
                         net (fo=6, unplaced)         0.236     5.543    u_axi_slave/slv_reg3_reg[7]_0[1]
                         LUT6 (Prop_LUT6_I5_O)        0.039     5.582 r  u_axi_slave/g0_b1__4__0/O
                         net (fo=1, unplaced)         0.025     5.607    u_axi_slave/g0_b1__4__0_n_0
                         CARRY8 (Prop_CARRY8_S[1]_CO[7])
                                                      0.245     5.852 r  u_axi_slave/p_0_out__3_i_9/CO[7]
                         net (fo=1, unplaced)         0.007     5.859    u_axi_slave/p_0_out__3_i_9_n_0
                         CARRY8 (Prop_CARRY8_CI_O[0])
                                                      0.072     5.931 f  u_axi_slave/p_0_out__3_i_8/O[0]
                         net (fo=1, unplaced)         0.262     6.193    u_preprocessor/p_0_out__3/A[8]
                         DSP_A_B_DATA (Prop_DSP_A_B_DATA_A[8]_A2_DATA[8])
                                                      0.241     6.434 r  u_preprocessor/p_0_out__3/DSP_A_B_DATA_INST/A2_DATA[8]
                         net (fo=1, unplaced)         0.000     6.434    u_preprocessor/p_0_out__3/DSP_A_B_DATA.A2_DATA<8>
                         DSP_PREADD_DATA (Prop_DSP_PREADD_DATA_A2_DATA[8]_A2A1[8])
                                                      0.098     6.532 r  u_preprocessor/p_0_out__3/DSP_PREADD_DATA_INST/A2A1[8]
                         net (fo=1, unplaced)         0.000     6.532    u_preprocessor/p_0_out__3/DSP_PREADD_DATA.A2A1<8>
                         DSP_MULTIPLIER (Prop_DSP_MULTIPLIER_A2A1[8]_U[9])
                                                      0.647     7.179 f  u_preprocessor/p_0_out__3/DSP_MULTIPLIER_INST/U[9]
                         net (fo=1, unplaced)         0.000     7.179    u_preprocessor/p_0_out__3/DSP_MULTIPLIER.U<9>
                         DSP_M_DATA (Prop_DSP_M_DATA_U[9]_U_DATA[9])
                                                      0.059     7.238 r  u_preprocessor/p_0_out__3/DSP_M_DATA_INST/U_DATA[9]
                         net (fo=1, unplaced)         0.000     7.238    u_preprocessor/p_0_out__3/DSP_M_DATA.U_DATA<9>
                         DSP_ALU (Prop_DSP_ALU_U_DATA[9]_ALU_OUT[9])
                                                      0.699     7.937 f  u_preprocessor/p_0_out__3/DSP_ALU_INST/ALU_OUT[9]
                         net (fo=1, unplaced)         0.000     7.937    u_preprocessor/p_0_out__3/DSP_ALU.ALU_OUT<9>
                         DSP_OUTPUT (Prop_DSP_OUTPUT_ALU_OUT[9]_P[9])
                                                      0.141     8.078 r  u_preprocessor/p_0_out__3/DSP_OUTPUT_INST/P[9]
                         net (fo=3, unplaced)         0.265     8.343    u_axi_slave/p_0_out__4_i_8_0[2]
                         LUT6 (Prop_LUT6_I1_O)        0.179     8.522 r  u_axi_slave/p_0_out__4_i_21/O
                         net (fo=3, unplaced)         0.220     8.742    u_axi_slave/p_0_out__4_i_21_n_0
                         LUT6 (Prop_LUT6_I5_O)        0.040     8.782 f  u_axi_slave/p_0_out__4_i_19/O
                         net (fo=4, unplaced)         0.226     9.008    u_axi_slave/p_0_out__4_i_19_n_0
                         LUT5 (Prop_LUT5_I3_O)        0.040     9.048 r  u_axi_slave/p_0_out__4_i_15/O
                         net (fo=3, unplaced)         0.220     9.268    u_axi_slave/p_0_out__4_i_15_n_0
                         LUT6 (Prop_LUT6_I0_O)        0.040     9.308 r  u_axi_slave/p_0_out__4_i_14/O
                         net (fo=2, unplaced)         0.214     9.522    u_axi_slave/p_0_out__4_i_14_n_0
                         LUT3 (Prop_LUT3_I2_O)        0.040     9.562 f  u_axi_slave/p_0_out__4_i_1/O
                         net (fo=19, unplaced)        0.300     9.862    u_preprocessor/p_0_out__4/A[16]
                         DSP_A_B_DATA (Prop_DSP_A_B_DATA_A[16]_A2_DATA[16])
                                                      0.241    10.103 r  u_preprocessor/p_0_out__4/DSP_A_B_DATA_INST/A2_DATA[16]
                         net (fo=1, unplaced)         0.000    10.103    u_preprocessor/p_0_out__4/DSP_A_B_DATA.A2_DATA<16>
                         DSP_PREADD_DATA (Prop_DSP_PREADD_DATA_A2_DATA[16]_A2A1[16])
                                                      0.098    10.201 r  u_preprocessor/p_0_out__4/DSP_PREADD_DATA_INST/A2A1[16]
                         net (fo=1, unplaced)         0.000    10.201    u_preprocessor/p_0_out__4/DSP_PREADD_DATA.A2A1<16>
                         DSP_MULTIPLIER (Prop_DSP_MULTIPLIER_A2A1[16]_U[22])
                                                      0.647    10.848 f  u_preprocessor/p_0_out__4/DSP_MULTIPLIER_INST/U[22]
                         net (fo=1, unplaced)         0.000    10.848    u_preprocessor/p_0_out__4/DSP_MULTIPLIER.U<22>
                         DSP_M_DATA (Prop_DSP_M_DATA_U[22]_U_DATA[22])
                                                      0.059    10.907 r  u_preprocessor/p_0_out__4/DSP_M_DATA_INST/U_DATA[22]
                         net (fo=1, unplaced)         0.000    10.907    u_preprocessor/p_0_out__4/DSP_M_DATA.U_DATA<22>
                         DSP_ALU (Prop_DSP_ALU_U_DATA[22]_ALU_OUT[22])
                                                      0.699    11.606 r  u_preprocessor/p_0_out__4/DSP_ALU_INST/ALU_OUT[22]
                         net (fo=1, unplaced)         0.000    11.606    u_preprocessor/p_0_out__4/DSP_ALU.ALU_OUT<22>
                         DSP_OUTPUT (Prop_DSP_OUTPUT_ALU_OUT[22]_P[22])
                                                      0.141    11.747 f  u_preprocessor/p_0_out__4/DSP_OUTPUT_INST/P[22]
                         net (fo=8, unplaced)         0.293    12.040    u_preprocessor/p_0_out__6/A[22]
                         DSP_A_B_DATA (Prop_DSP_A_B_DATA_A[22]_A2_DATA[22])
                                                      0.241    12.281 r  u_preprocessor/p_0_out__6/DSP_A_B_DATA_INST/A2_DATA[22]
                         net (fo=1, unplaced)         0.000    12.281    u_preprocessor/p_0_out__6/DSP_A_B_DATA.A2_DATA<22>
                         DSP_PREADD_DATA (Prop_DSP_PREADD_DATA_A2_DATA[22]_A2A1[22])
                                                      0.098    12.379 r  u_preprocessor/p_0_out__6/DSP_PREADD_DATA_INST/A2A1[22]
                         net (fo=1, unplaced)         0.000    12.379    u_preprocessor/p_0_out__6/DSP_PREADD_DATA.A2A1<22>
                         DSP_MULTIPLIER (Prop_DSP_MULTIPLIER_A2A1[22]_U[23])
                                                      0.647    13.026 f  u_preprocessor/p_0_out__6/DSP_MULTIPLIER_INST/U[23]
                         net (fo=1, unplaced)         0.000    13.026    u_preprocessor/p_0_out__6/DSP_MULTIPLIER.U<23>
                         DSP_M_DATA (Prop_DSP_M_DATA_U[23]_U_DATA[23])
                                                      0.059    13.085 r  u_preprocessor/p_0_out__6/DSP_M_DATA_INST/U_DATA[23]
                         net (fo=1, unplaced)         0.000    13.085    u_preprocessor/p_0_out__6/DSP_M_DATA.U_DATA<23>
                         DSP_ALU (Prop_DSP_ALU_U_DATA[23]_ALU_OUT[23])
                                                      0.699    13.784 f  u_preprocessor/p_0_out__6/DSP_ALU_INST/ALU_OUT[23]
                         net (fo=1, unplaced)         0.000    13.784    u_preprocessor/p_0_out__6/DSP_ALU.ALU_OUT<23>
                         DSP_OUTPUT (Prop_DSP_OUTPUT_ALU_OUT[23]_P[23])
                                                      0.141    13.925 r  u_preprocessor/p_0_out__6/DSP_OUTPUT_INST/P[23]
                         net (fo=1, unplaced)         0.330    14.255    u_preprocessor/grav_y[3]
                         FDRE                                         r  u_preprocessor/pred_data_out_reg[pred_accel_y_1][3]/D
  -------------------------------------------------------------------    -------------------

                         (clock s_axi_aclk rise edge)
                                                     10.000    10.000 r  
                                                      0.000    10.000 r  S_AXI_ACLK (IN)
                         net (fo=0)                   0.000    10.000    S_AXI_ACLK_IBUF_inst/I
                         INBUF (Prop_INBUF_PAD_O)     0.275    10.275 r  S_AXI_ACLK_IBUF_inst/INBUF_INST/O
                         net (fo=1, unplaced)         0.000    10.275    S_AXI_ACLK_IBUF_inst/OUT
                         IBUFCTRL (Prop_IBUFCTRL_I_O)
                                                      0.000    10.275 r  S_AXI_ACLK_IBUF_inst/IBUFCTRL_INST/O
                         net (fo=1, unplaced)         0.140    10.415    S_AXI_ACLK_IBUF
                         BUFGCE (Prop_BUFGCE_I_O)     0.024    10.439 r  S_AXI_ACLK_IBUF_BUFG_inst/O
                         net (fo=5788, unplaced)      2.439    12.878    u_preprocessor/S_AXI_ACLK_IBUF_BUFG
                         FDRE                                         r  u_preprocessor/pred_data_out_reg[pred_accel_y_1][3]/C
                         clock pessimism              0.300    13.178    
                         clock uncertainty           -0.035    13.143    
                         FDRE (Setup_FDRE_C_D)        0.027    13.170    u_preprocessor/pred_data_out_reg[pred_accel_y_1][3]
  -------------------------------------------------------------------
                         required time                         13.170    
                         arrival time                         -14.255    
  -------------------------------------------------------------------
                         slack                                 -1.085    

Slack (VIOLATED) :        -1.078ns  (required time - arrival time)
  Source:                 u_axi_slave/slv_reg3_reg[5]/C
                            (rising edge-triggered cell FDRE clocked by s_axi_aclk  {rise@0.000ns fall@5.000ns period=10.000ns})
  Destination:            u_preprocessor/pred_data_out_reg[pred_accel_y_1][2]/D
                            (rising edge-triggered cell FDRE clocked by s_axi_aclk  {rise@0.000ns fall@5.000ns period=10.000ns})
  Path Group:             s_axi_aclk
  Path Type:              Setup (Max at Slow Process Corner)
  Requirement:            10.000ns  (s_axi_aclk rise@10.000ns - s_axi_aclk rise@0.000ns)
  Data Path Delay:        10.925ns  (logic 7.001ns (64.082%)  route 3.924ns (35.918%))
  Logic Levels:           32  (CARRY8=2 DSP_A_B_DATA=3 DSP_ALU=3 DSP_M_DATA=3 DSP_MULTIPLIER=3 DSP_OUTPUT=3 DSP_PREADD_DATA=3 LUT3=1 LUT5=3 LUT6=8)
  Clock Path Skew:        -0.145ns (DCD - SCD + CPR)
    Destination Clock Delay (DCD):    2.878ns = ( 12.878 - 10.000 ) 
    Source Clock Delay      (SCD):    3.323ns
    Clock Pessimism Removal (CPR):    0.300ns
  Clock Uncertainty:      0.035ns  ((TSJ^2 + TIJ^2)^1/2 + DJ) / 2 + PE
    Total System Jitter     (TSJ):    0.071ns
    Total Input Jitter      (TIJ):    0.000ns
    Discrete Jitter          (DJ):    0.000ns
    Phase Error              (PE):    0.000ns

    Location             Delay type                Incr(ns)  Path(ns)    Netlist Resource(s)
  -------------------------------------------------------------------    -------------------
                         (clock s_axi_aclk rise edge)
                                                      0.000     0.000 r  
                                                      0.000     0.000 r  S_AXI_ACLK (IN)
                         net (fo=0)                   0.000     0.000    S_AXI_ACLK_IBUF_inst/I
                         INBUF (Prop_INBUF_PAD_O)     0.542     0.542 r  S_AXI_ACLK_IBUF_inst/INBUF_INST/O
                         net (fo=1, unplaced)         0.000     0.542    S_AXI_ACLK_IBUF_inst/OUT
                         IBUFCTRL (Prop_IBUFCTRL_I_O)
                                                      0.000     0.542 r  S_AXI_ACLK_IBUF_inst/IBUFCTRL_INST/O
                         net (fo=1, unplaced)         0.169     0.711    S_AXI_ACLK_IBUF
                         BUFGCE (Prop_BUFGCE_I_O)     0.028     0.739 r  S_AXI_ACLK_IBUF_BUFG_inst/O
                         net (fo=5788, unplaced)      2.584     3.323    u_axi_slave/S_AXI_ACLK_IBUF_BUFG
                         FDRE                                         r  u_axi_slave/slv_reg3_reg[5]/C
  -------------------------------------------------------------------    -------------------
                         FDRE (Prop_FDRE_C_Q)         0.093     3.416 f  u_axi_slave/slv_reg3_reg[5]/Q
                         net (fo=11, unplaced)        0.212     3.628    u_axi_slave/sim_data_out[incline_x][5]
                         LUT6 (Prop_LUT6_I0_O)        0.179     3.807 f  u_axi_slave/g0_b0__3_i_6/O
                         net (fo=7, unplaced)         0.239     4.046    u_axi_slave/g0_b0__3_i_6_n_0
                         LUT6 (Prop_LUT6_I3_O)        0.040     4.086 f  u_axi_slave/g0_b0__3_i_10/O
                         net (fo=2, unplaced)         0.214     4.300    u_axi_slave/g0_b0__3_i_10_n_0
                         LUT6 (Prop_LUT6_I3_O)        0.040     4.340 r  u_axi_slave/consistency_cnt[0]_i_31__9/O
                         net (fo=3, unplaced)         0.165     4.505    u_axi_slave/consistency_cnt[0]_i_31__9_n_0
                         LUT6 (Prop_LUT6_I0_O)        0.100     4.605 r  u_axi_slave/g0_b0__3_i_7/O
                         net (fo=11, unplaced)        0.249     4.854    u_axi_slave/g0_b0__3_i_7_n_0
                         LUT5 (Prop_LUT5_I4_O)        0.040     4.894 r  u_axi_slave/g0_b0__3_i_1/O
                         net (fo=81, unplaced)        0.242     5.136    u_axi_slave/g0_b0__3_i_1_n_0
                         LUT5 (Prop_LUT5_I0_O)        0.171     5.307 r  u_axi_slave/g0_b1__3/O
                         net (fo=6, unplaced)         0.236     5.543    u_axi_slave/slv_reg3_reg[7]_0[1]
                         LUT6 (Prop_LUT6_I5_O)        0.039     5.582 r  u_axi_slave/g0_b1__4__0/O
                         net (fo=1, unplaced)         0.025     5.607    u_axi_slave/g0_b1__4__0_n_0
                         CARRY8 (Prop_CARRY8_S[1]_CO[7])
                                                      0.245     5.852 r  u_axi_slave/p_0_out__3_i_9/CO[7]
                         net (fo=1, unplaced)         0.007     5.859    u_axi_slave/p_0_out__3_i_9_n_0
                         CARRY8 (Prop_CARRY8_CI_O[0])
                                                      0.072     5.931 f  u_axi_slave/p_0_out__3_i_8/O[0]
                         net (fo=1, unplaced)         0.262     6.193    u_preprocessor/p_0_out__3/A[8]
                         DSP_A_B_DATA (Prop_DSP_A_B_DATA_A[8]_A2_DATA[8])
                                                      0.241     6.434 r  u_preprocessor/p_0_out__3/DSP_A_B_DATA_INST/A2_DATA[8]
                         net (fo=1, unplaced)         0.000     6.434    u_preprocessor/p_0_out__3/DSP_A_B_DATA.A2_DATA<8>
                         DSP_PREADD_DATA (Prop_DSP_PREADD_DATA_A2_DATA[8]_A2A1[8])
                                                      0.098     6.532 r  u_preprocessor/p_0_out__3/DSP_PREADD_DATA_INST/A2A1[8]
                         net (fo=1, unplaced)         0.000     6.532    u_preprocessor/p_0_out__3/DSP_PREADD_DATA.A2A1<8>
                         DSP_MULTIPLIER (Prop_DSP_MULTIPLIER_A2A1[8]_U[9])
                                                      0.647     7.179 f  u_preprocessor/p_0_out__3/DSP_MULTIPLIER_INST/U[9]
                         net (fo=1, unplaced)         0.000     7.179    u_preprocessor/p_0_out__3/DSP_MULTIPLIER.U<9>
                         DSP_M_DATA (Prop_DSP_M_DATA_U[9]_U_DATA[9])
                                                      0.059     7.238 r  u_preprocessor/p_0_out__3/DSP_M_DATA_INST/U_DATA[9]
                         net (fo=1, unplaced)         0.000     7.238    u_preprocessor/p_0_out__3/DSP_M_DATA.U_DATA<9>
                         DSP_ALU (Prop_DSP_ALU_U_DATA[9]_ALU_OUT[9])
                                                      0.699     7.937 f  u_preprocessor/p_0_out__3/DSP_ALU_INST/ALU_OUT[9]
                         net (fo=1, unplaced)         0.000     7.937    u_preprocessor/p_0_out__3/DSP_ALU.ALU_OUT<9>
                         DSP_OUTPUT (Prop_DSP_OUTPUT_ALU_OUT[9]_P[9])
                                                      0.141     8.078 r  u_preprocessor/p_0_out__3/DSP_OUTPUT_INST/P[9]
                         net (fo=3, unplaced)         0.265     8.343    u_axi_slave/p_0_out__4_i_8_0[2]
                         LUT6 (Prop_LUT6_I1_O)        0.179     8.522 r  u_axi_slave/p_0_out__4_i_21/O
                         net (fo=3, unplaced)         0.220     8.742    u_axi_slave/p_0_out__4_i_21_n_0
                         LUT6 (Prop_LUT6_I5_O)        0.040     8.782 f  u_axi_slave/p_0_out__4_i_19/O
                         net (fo=4, unplaced)         0.226     9.008    u_axi_slave/p_0_out__4_i_19_n_0
                         LUT5 (Prop_LUT5_I3_O)        0.040     9.048 r  u_axi_slave/p_0_out__4_i_15/O
                         net (fo=3, unplaced)         0.220     9.268    u_axi_slave/p_0_out__4_i_15_n_0
                         LUT6 (Prop_LUT6_I0_O)        0.040     9.308 r  u_axi_slave/p_0_out__4_i_14/O
                         net (fo=2, unplaced)         0.214     9.522    u_axi_slave/p_0_out__4_i_14_n_0
                         LUT3 (Prop_LUT3_I2_O)        0.040     9.562 f  u_axi_slave/p_0_out__4_i_1/O
                         net (fo=19, unplaced)        0.300     9.862    u_preprocessor/p_0_out__4/A[16]
                         DSP_A_B_DATA (Prop_DSP_A_B_DATA_A[16]_A2_DATA[16])
                                                      0.241    10.103 r  u_preprocessor/p_0_out__4/DSP_A_B_DATA_INST/A2_DATA[16]
                         net (fo=1, unplaced)         0.000    10.103    u_preprocessor/p_0_out__4/DSP_A_B_DATA.A2_DATA<16>
                         DSP_PREADD_DATA (Prop_DSP_PREADD_DATA_A2_DATA[16]_A2A1[16])
                                                      0.098    10.201 r  u_preprocessor/p_0_out__4/DSP_PREADD_DATA_INST/A2A1[16]
                         net (fo=1, unplaced)         0.000    10.201    u_preprocessor/p_0_out__4/DSP_PREADD_DATA.A2A1<16>
                         DSP_MULTIPLIER (Prop_DSP_MULTIPLIER_A2A1[16]_U[22])
                                                      0.647    10.848 f  u_preprocessor/p_0_out__4/DSP_MULTIPLIER_INST/U[22]
                         net (fo=1, unplaced)         0.000    10.848    u_preprocessor/p_0_out__4/DSP_MULTIPLIER.U<22>
                         DSP_M_DATA (Prop_DSP_M_DATA_U[22]_U_DATA[22])
                                                      0.059    10.907 r  u_preprocessor/p_0_out__4/DSP_M_DATA_INST/U_DATA[22]
                         net (fo=1, unplaced)         0.000    10.907    u_preprocessor/p_0_out__4/DSP_M_DATA.U_DATA<22>
                         DSP_ALU (Prop_DSP_ALU_U_DATA[22]_ALU_OUT[22])
                                                      0.699    11.606 r  u_preprocessor/p_0_out__4/DSP_ALU_INST/ALU_OUT[22]
                         net (fo=1, unplaced)         0.000    11.606    u_preprocessor/p_0_out__4/DSP_ALU.ALU_OUT<22>
                         DSP_OUTPUT (Prop_DSP_OUTPUT_ALU_OUT[22]_P[22])
                                                      0.141    11.747 f  u_preprocessor/p_0_out__4/DSP_OUTPUT_INST/P[22]
                         net (fo=8, unplaced)         0.293    12.040    u_preprocessor/p_0_out__6/A[22]
                         DSP_A_B_DATA (Prop_DSP_A_B_DATA_A[22]_A2_DATA[22])
                                                      0.241    12.281 r  u_preprocessor/p_0_out__6/DSP_A_B_DATA_INST/A2_DATA[22]
                         net (fo=1, unplaced)         0.000    12.281    u_preprocessor/p_0_out__6/DSP_A_B_DATA.A2_DATA<22>
                         DSP_PREADD_DATA (Prop_DSP_PREADD_DATA_A2_DATA[22]_A2A1[22])
                                                      0.098    12.379 r  u_preprocessor/p_0_out__6/DSP_PREADD_DATA_INST/A2A1[22]
                         net (fo=1, unplaced)         0.000    12.379    u_preprocessor/p_0_out__6/DSP_PREADD_DATA.A2A1<22>
                         DSP_MULTIPLIER (Prop_DSP_MULTIPLIER_A2A1[22]_V[22])
                                                      0.648    13.027 f  u_preprocessor/p_0_out__6/DSP_MULTIPLIER_INST/V[22]
                         net (fo=1, unplaced)         0.000    13.027    u_preprocessor/p_0_out__6/DSP_MULTIPLIER.V<22>
                         DSP_M_DATA (Prop_DSP_M_DATA_V[22]_V_DATA[22])
                                                      0.057    13.084 r  u_preprocessor/p_0_out__6/DSP_M_DATA_INST/V_DATA[22]
                         net (fo=1, unplaced)         0.000    13.084    u_preprocessor/p_0_out__6/DSP_M_DATA.V_DATA<22>
                         DSP_ALU (Prop_DSP_ALU_V_DATA[22]_ALU_OUT[22])
                                                      0.688    13.772 f  u_preprocessor/p_0_out__6/DSP_ALU_INST/ALU_OUT[22]
                         net (fo=1, unplaced)         0.000    13.772    u_preprocessor/p_0_out__6/DSP_ALU.ALU_OUT<22>
                         DSP_OUTPUT (Prop_DSP_OUTPUT_ALU_OUT[22]_P[22])
                                                      0.141    13.913 r  u_preprocessor/p_0_out__6/DSP_OUTPUT_INST/P[22]
                         net (fo=1, unplaced)         0.335    14.248    u_preprocessor/grav_y[2]
                         FDRE                                         r  u_preprocessor/pred_data_out_reg[pred_accel_y_1][2]/D
  -------------------------------------------------------------------    -------------------

                         (clock s_axi_aclk rise edge)
                                                     10.000    10.000 r  
                                                      0.000    10.000 r  S_AXI_ACLK (IN)
                         net (fo=0)                   0.000    10.000    S_AXI_ACLK_IBUF_inst/I
                         INBUF (Prop_INBUF_PAD_O)     0.275    10.275 r  S_AXI_ACLK_IBUF_inst/INBUF_INST/O
                         net (fo=1, unplaced)         0.000    10.275    S_AXI_ACLK_IBUF_inst/OUT
                         IBUFCTRL (Prop_IBUFCTRL_I_O)
                                                      0.000    10.275 r  S_AXI_ACLK_IBUF_inst/IBUFCTRL_INST/O
                         net (fo=1, unplaced)         0.140    10.415    S_AXI_ACLK_IBUF
                         BUFGCE (Prop_BUFGCE_I_O)     0.024    10.439 r  S_AXI_ACLK_IBUF_BUFG_inst/O
                         net (fo=5788, unplaced)      2.439    12.878    u_preprocessor/S_AXI_ACLK_IBUF_BUFG
                         FDRE                                         r  u_preprocessor/pred_data_out_reg[pred_accel_y_1][2]/C
                         clock pessimism              0.300    13.178    
                         clock uncertainty           -0.035    13.143    
                         FDRE (Setup_FDRE_C_D)        0.027    13.170    u_preprocessor/pred_data_out_reg[pred_accel_y_1][2]
  -------------------------------------------------------------------
                         required time                         13.170    
                         arrival time                         -14.248    
  -------------------------------------------------------------------
                         slack                                 -1.078    

Slack (VIOLATED) :        -1.068ns  (required time - arrival time)
  Source:                 u_axi_slave/slv_reg3_reg[5]/C
                            (rising edge-triggered cell FDRE clocked by s_axi_aclk  {rise@0.000ns fall@5.000ns period=10.000ns})
  Destination:            u_preprocessor/pred_data_out_reg[pred_accel_y_1][6]/D
                            (rising edge-triggered cell FDRE clocked by s_axi_aclk  {rise@0.000ns fall@5.000ns period=10.000ns})
  Path Group:             s_axi_aclk
  Path Type:              Setup (Max at Slow Process Corner)
  Requirement:            10.000ns  (s_axi_aclk rise@10.000ns - s_axi_aclk rise@0.000ns)
  Data Path Delay:        10.915ns  (logic 7.013ns (64.251%)  route 3.902ns (35.749%))
  Logic Levels:           32  (CARRY8=2 DSP_A_B_DATA=3 DSP_ALU=3 DSP_M_DATA=3 DSP_MULTIPLIER=3 DSP_OUTPUT=3 DSP_PREADD_DATA=3 LUT3=1 LUT5=3 LUT6=8)
  Clock Path Skew:        -0.145ns (DCD - SCD + CPR)
    Destination Clock Delay (DCD):    2.878ns = ( 12.878 - 10.000 ) 
    Source Clock Delay      (SCD):    3.323ns
    Clock Pessimism Removal (CPR):    0.300ns
  Clock Uncertainty:      0.035ns  ((TSJ^2 + TIJ^2)^1/2 + DJ) / 2 + PE
    Total System Jitter     (TSJ):    0.071ns
    Total Input Jitter      (TIJ):    0.000ns
    Discrete Jitter          (DJ):    0.000ns
    Phase Error              (PE):    0.000ns

    Location             Delay type                Incr(ns)  Path(ns)    Netlist Resource(s)
  -------------------------------------------------------------------    -------------------
                         (clock s_axi_aclk rise edge)
                                                      0.000     0.000 r  
                                                      0.000     0.000 r  S_AXI_ACLK (IN)
                         net (fo=0)                   0.000     0.000    S_AXI_ACLK_IBUF_inst/I
                         INBUF (Prop_INBUF_PAD_O)     0.542     0.542 r  S_AXI_ACLK_IBUF_inst/INBUF_INST/O
                         net (fo=1, unplaced)         0.000     0.542    S_AXI_ACLK_IBUF_inst/OUT
                         IBUFCTRL (Prop_IBUFCTRL_I_O)
                                                      0.000     0.542 r  S_AXI_ACLK_IBUF_inst/IBUFCTRL_INST/O
                         net (fo=1, unplaced)         0.169     0.711    S_AXI_ACLK_IBUF
                         BUFGCE (Prop_BUFGCE_I_O)     0.028     0.739 r  S_AXI_ACLK_IBUF_BUFG_inst/O
                         net (fo=5788, unplaced)      2.584     3.323    u_axi_slave/S_AXI_ACLK_IBUF_BUFG
                         FDRE                                         r  u_axi_slave/slv_reg3_reg[5]/C
  -------------------------------------------------------------------    -------------------
                         FDRE (Prop_FDRE_C_Q)         0.093     3.416 f  u_axi_slave/slv_reg3_reg[5]/Q
                         net (fo=11, unplaced)        0.212     3.628    u_axi_slave/sim_data_out[incline_x][5]
                         LUT6 (Prop_LUT6_I0_O)        0.179     3.807 f  u_axi_slave/g0_b0__3_i_6/O
                         net (fo=7, unplaced)         0.239     4.046    u_axi_slave/g0_b0__3_i_6_n_0
                         LUT6 (Prop_LUT6_I3_O)        0.040     4.086 f  u_axi_slave/g0_b0__3_i_10/O
                         net (fo=2, unplaced)         0.214     4.300    u_axi_slave/g0_b0__3_i_10_n_0
                         LUT6 (Prop_LUT6_I3_O)        0.040     4.340 r  u_axi_slave/consistency_cnt[0]_i_31__9/O
                         net (fo=3, unplaced)         0.165     4.505    u_axi_slave/consistency_cnt[0]_i_31__9_n_0
                         LUT6 (Prop_LUT6_I0_O)        0.100     4.605 r  u_axi_slave/g0_b0__3_i_7/O
                         net (fo=11, unplaced)        0.249     4.854    u_axi_slave/g0_b0__3_i_7_n_0
                         LUT5 (Prop_LUT5_I4_O)        0.040     4.894 r  u_axi_slave/g0_b0__3_i_1/O
                         net (fo=81, unplaced)        0.242     5.136    u_axi_slave/g0_b0__3_i_1_n_0
                         LUT5 (Prop_LUT5_I0_O)        0.171     5.307 r  u_axi_slave/g0_b1__3/O
                         net (fo=6, unplaced)         0.236     5.543    u_axi_slave/slv_reg3_reg[7]_0[1]
                         LUT6 (Prop_LUT6_I5_O)        0.039     5.582 r  u_axi_slave/g0_b1__4__0/O
                         net (fo=1, unplaced)         0.025     5.607    u_axi_slave/g0_b1__4__0_n_0
                         CARRY8 (Prop_CARRY8_S[1]_CO[7])
                                                      0.245     5.852 r  u_axi_slave/p_0_out__3_i_9/CO[7]
                         net (fo=1, unplaced)         0.007     5.859    u_axi_slave/p_0_out__3_i_9_n_0
                         CARRY8 (Prop_CARRY8_CI_O[0])
                                                      0.072     5.931 f  u_axi_slave/p_0_out__3_i_8/O[0]
                         net (fo=1, unplaced)         0.262     6.193    u_preprocessor/p_0_out__3/A[8]
                         DSP_A_B_DATA (Prop_DSP_A_B_DATA_A[8]_A2_DATA[8])
                                                      0.241     6.434 r  u_preprocessor/p_0_out__3/DSP_A_B_DATA_INST/A2_DATA[8]
                         net (fo=1, unplaced)         0.000     6.434    u_preprocessor/p_0_out__3/DSP_A_B_DATA.A2_DATA<8>
                         DSP_PREADD_DATA (Prop_DSP_PREADD_DATA_A2_DATA[8]_A2A1[8])
                                                      0.098     6.532 r  u_preprocessor/p_0_out__3/DSP_PREADD_DATA_INST/A2A1[8]
                         net (fo=1, unplaced)         0.000     6.532    u_preprocessor/p_0_out__3/DSP_PREADD_DATA.A2A1<8>
                         DSP_MULTIPLIER (Prop_DSP_MULTIPLIER_A2A1[8]_U[9])
                                                      0.647     7.179 f  u_preprocessor/p_0_out__3/DSP_MULTIPLIER_INST/U[9]
                         net (fo=1, unplaced)         0.000     7.179    u_preprocessor/p_0_out__3/DSP_MULTIPLIER.U<9>
                         DSP_M_DATA (Prop_DSP_M_DATA_U[9]_U_DATA[9])
                                                      0.059     7.238 r  u_preprocessor/p_0_out__3/DSP_M_DATA_INST/U_DATA[9]
                         net (fo=1, unplaced)         0.000     7.238    u_preprocessor/p_0_out__3/DSP_M_DATA.U_DATA<9>
                         DSP_ALU (Prop_DSP_ALU_U_DATA[9]_ALU_OUT[9])
                                                      0.699     7.937 f  u_preprocessor/p_0_out__3/DSP_ALU_INST/ALU_OUT[9]
                         net (fo=1, unplaced)         0.000     7.937    u_preprocessor/p_0_out__3/DSP_ALU.ALU_OUT<9>
                         DSP_OUTPUT (Prop_DSP_OUTPUT_ALU_OUT[9]_P[9])
                                                      0.141     8.078 r  u_preprocessor/p_0_out__3/DSP_OUTPUT_INST/P[9]
                         net (fo=3, unplaced)         0.265     8.343    u_axi_slave/p_0_out__4_i_8_0[2]
                         LUT6 (Prop_LUT6_I1_O)        0.179     8.522 r  u_axi_slave/p_0_out__4_i_21/O
                         net (fo=3, unplaced)         0.220     8.742    u_axi_slave/p_0_out__4_i_21_n_0
                         LUT6 (Prop_LUT6_I5_O)        0.040     8.782 f  u_axi_slave/p_0_out__4_i_19/O
                         net (fo=4, unplaced)         0.226     9.008    u_axi_slave/p_0_out__4_i_19_n_0
                         LUT5 (Prop_LUT5_I3_O)        0.040     9.048 r  u_axi_slave/p_0_out__4_i_15/O
                         net (fo=3, unplaced)         0.220     9.268    u_axi_slave/p_0_out__4_i_15_n_0
                         LUT6 (Prop_LUT6_I0_O)        0.040     9.308 r  u_axi_slave/p_0_out__4_i_14/O
                         net (fo=2, unplaced)         0.214     9.522    u_axi_slave/p_0_out__4_i_14_n_0
                         LUT3 (Prop_LUT3_I2_O)        0.040     9.562 f  u_axi_slave/p_0_out__4_i_1/O
                         net (fo=19, unplaced)        0.300     9.862    u_preprocessor/p_0_out__4/A[16]
                         DSP_A_B_DATA (Prop_DSP_A_B_DATA_A[16]_A2_DATA[16])
                                                      0.241    10.103 r  u_preprocessor/p_0_out__4/DSP_A_B_DATA_INST/A2_DATA[16]
                         net (fo=1, unplaced)         0.000    10.103    u_preprocessor/p_0_out__4/DSP_A_B_DATA.A2_DATA<16>
                         DSP_PREADD_DATA (Prop_DSP_PREADD_DATA_A2_DATA[16]_A2A1[16])
                                                      0.098    10.201 r  u_preprocessor/p_0_out__4/DSP_PREADD_DATA_INST/A2A1[16]
                         net (fo=1, unplaced)         0.000    10.201    u_preprocessor/p_0_out__4/DSP_PREADD_DATA.A2A1<16>
                         DSP_MULTIPLIER (Prop_DSP_MULTIPLIER_A2A1[16]_U[22])
                                                      0.647    10.848 f  u_preprocessor/p_0_out__4/DSP_MULTIPLIER_INST/U[22]
                         net (fo=1, unplaced)         0.000    10.848    u_preprocessor/p_0_out__4/DSP_MULTIPLIER.U<22>
                         DSP_M_DATA (Prop_DSP_M_DATA_U[22]_U_DATA[22])
                                                      0.059    10.907 r  u_preprocessor/p_0_out__4/DSP_M_DATA_INST/U_DATA[22]
                         net (fo=1, unplaced)         0.000    10.907    u_preprocessor/p_0_out__4/DSP_M_DATA.U_DATA<22>
                         DSP_ALU (Prop_DSP_ALU_U_DATA[22]_ALU_OUT[22])
                                                      0.699    11.606 r  u_preprocessor/p_0_out__4/DSP_ALU_INST/ALU_OUT[22]
                         net (fo=1, unplaced)         0.000    11.606    u_preprocessor/p_0_out__4/DSP_ALU.ALU_OUT<22>
                         DSP_OUTPUT (Prop_DSP_OUTPUT_ALU_OUT[22]_P[22])
                                                      0.141    11.747 f  u_preprocessor/p_0_out__4/DSP_OUTPUT_INST/P[22]
                         net (fo=8, unplaced)         0.316    12.063    u_preprocessor/p_0_out__6/A[24]
                         DSP_A_B_DATA (Prop_DSP_A_B_DATA_A[24]_A2_DATA[24])
                                                      0.241    12.304 r  u_preprocessor/p_0_out__6/DSP_A_B_DATA_INST/A2_DATA[24]
                         net (fo=1, unplaced)         0.000    12.304    u_preprocessor/p_0_out__6/DSP_A_B_DATA.A2_DATA<24>
                         DSP_PREADD_DATA (Prop_DSP_PREADD_DATA_A2_DATA[24]_A2A1[24])
                                                      0.098    12.402 r  u_preprocessor/p_0_out__6/DSP_PREADD_DATA_INST/A2A1[24]
                         net (fo=1, unplaced)         0.000    12.402    u_preprocessor/p_0_out__6/DSP_PREADD_DATA.A2A1<24>
                         DSP_MULTIPLIER (Prop_DSP_MULTIPLIER_A2A1[24]_U[26])
                                                      0.647    13.049 f  u_preprocessor/p_0_out__6/DSP_MULTIPLIER_INST/U[26]
                         net (fo=1, unplaced)         0.000    13.049    u_preprocessor/p_0_out__6/DSP_MULTIPLIER.U<26>
                         DSP_M_DATA (Prop_DSP_M_DATA_U[26]_U_DATA[26])
                                                      0.059    13.108 r  u_preprocessor/p_0_out__6/DSP_M_DATA_INST/U_DATA[26]
                         net (fo=1, unplaced)         0.000    13.108    u_preprocessor/p_0_out__6/DSP_M_DATA.U_DATA<26>
                         DSP_ALU (Prop_DSP_ALU_U_DATA[26]_ALU_OUT[26])
                                                      0.699    13.807 f  u_preprocessor/p_0_out__6/DSP_ALU_INST/ALU_OUT[26]
                         net (fo=1, unplaced)         0.000    13.807    u_preprocessor/p_0_out__6/DSP_ALU.ALU_OUT<26>
                         DSP_OUTPUT (Prop_DSP_OUTPUT_ALU_OUT[26]_P[26])
                                                      0.141    13.948 r  u_preprocessor/p_0_out__6/DSP_OUTPUT_INST/P[26]
                         net (fo=1, unplaced)         0.290    14.238    u_preprocessor/grav_y[6]
                         FDRE                                         r  u_preprocessor/pred_data_out_reg[pred_accel_y_1][6]/D
  -------------------------------------------------------------------    -------------------

                         (clock s_axi_aclk rise edge)
                                                     10.000    10.000 r  
                                                      0.000    10.000 r  S_AXI_ACLK (IN)
                         net (fo=0)                   0.000    10.000    S_AXI_ACLK_IBUF_inst/I
                         INBUF (Prop_INBUF_PAD_O)     0.275    10.275 r  S_AXI_ACLK_IBUF_inst/INBUF_INST/O
                         net (fo=1, unplaced)         0.000    10.275    S_AXI_ACLK_IBUF_inst/OUT
                         IBUFCTRL (Prop_IBUFCTRL_I_O)
                                                      0.000    10.275 r  S_AXI_ACLK_IBUF_inst/IBUFCTRL_INST/O
                         net (fo=1, unplaced)         0.140    10.415    S_AXI_ACLK_IBUF
                         BUFGCE (Prop_BUFGCE_I_O)     0.024    10.439 r  S_AXI_ACLK_IBUF_BUFG_inst/O
                         net (fo=5788, unplaced)      2.439    12.878    u_preprocessor/S_AXI_ACLK_IBUF_BUFG
                         FDRE                                         r  u_preprocessor/pred_data_out_reg[pred_accel_y_1][6]/C
                         clock pessimism              0.300    13.178    
                         clock uncertainty           -0.035    13.143    
                         FDRE (Setup_FDRE_C_D)        0.027    13.170    u_preprocessor/pred_data_out_reg[pred_accel_y_1][6]
  -------------------------------------------------------------------
                         required time                         13.170    
                         arrival time                         -14.238    
  -------------------------------------------------------------------
                         slack                                 -1.068    

Slack (VIOLATED) :        -1.068ns  (required time - arrival time)
  Source:                 u_axi_slave/slv_reg3_reg[5]/C
                            (rising edge-triggered cell FDRE clocked by s_axi_aclk  {rise@0.000ns fall@5.000ns period=10.000ns})
  Destination:            u_preprocessor/pred_data_out_reg[pred_accel_y_2][8]/D
                            (rising edge-triggered cell FDRE clocked by s_axi_aclk  {rise@0.000ns fall@5.000ns period=10.000ns})
  Path Group:             s_axi_aclk
  Path Type:              Setup (Max at Slow Process Corner)
  Requirement:            10.000ns  (s_axi_aclk rise@10.000ns - s_axi_aclk rise@0.000ns)
  Data Path Delay:        10.915ns  (logic 7.013ns (64.251%)  route 3.902ns (35.749%))
  Logic Levels:           32  (CARRY8=2 DSP_A_B_DATA=3 DSP_ALU=3 DSP_M_DATA=3 DSP_MULTIPLIER=3 DSP_OUTPUT=3 DSP_PREADD_DATA=3 LUT3=1 LUT5=3 LUT6=8)
  Clock Path Skew:        -0.145ns (DCD - SCD + CPR)
    Destination Clock Delay (DCD):    2.878ns = ( 12.878 - 10.000 ) 
    Source Clock Delay      (SCD):    3.323ns
    Clock Pessimism Removal (CPR):    0.300ns
  Clock Uncertainty:      0.035ns  ((TSJ^2 + TIJ^2)^1/2 + DJ) / 2 + PE
    Total System Jitter     (TSJ):    0.071ns
    Total Input Jitter      (TIJ):    0.000ns
    Discrete Jitter          (DJ):    0.000ns
    Phase Error              (PE):    0.000ns

    Location             Delay type                Incr(ns)  Path(ns)    Netlist Resource(s)
  -------------------------------------------------------------------    -------------------
                         (clock s_axi_aclk rise edge)
                                                      0.000     0.000 r  
                                                      0.000     0.000 r  S_AXI_ACLK (IN)
                         net (fo=0)                   0.000     0.000    S_AXI_ACLK_IBUF_inst/I
                         INBUF (Prop_INBUF_PAD_O)     0.542     0.542 r  S_AXI_ACLK_IBUF_inst/INBUF_INST/O
                         net (fo=1, unplaced)         0.000     0.542    S_AXI_ACLK_IBUF_inst/OUT
                         IBUFCTRL (Prop_IBUFCTRL_I_O)
                                                      0.000     0.542 r  S_AXI_ACLK_IBUF_inst/IBUFCTRL_INST/O
                         net (fo=1, unplaced)         0.169     0.711    S_AXI_ACLK_IBUF
                         BUFGCE (Prop_BUFGCE_I_O)     0.028     0.739 r  S_AXI_ACLK_IBUF_BUFG_inst/O
                         net (fo=5788, unplaced)      2.584     3.323    u_axi_slave/S_AXI_ACLK_IBUF_BUFG
                         FDRE                                         r  u_axi_slave/slv_reg3_reg[5]/C
  -------------------------------------------------------------------    -------------------
                         FDRE (Prop_FDRE_C_Q)         0.093     3.416 f  u_axi_slave/slv_reg3_reg[5]/Q
                         net (fo=11, unplaced)        0.212     3.628    u_axi_slave/sim_data_out[incline_x][5]
                         LUT6 (Prop_LUT6_I0_O)        0.179     3.807 f  u_axi_slave/g0_b0__3_i_6/O
                         net (fo=7, unplaced)         0.239     4.046    u_axi_slave/g0_b0__3_i_6_n_0
                         LUT6 (Prop_LUT6_I3_O)        0.040     4.086 f  u_axi_slave/g0_b0__3_i_10/O
                         net (fo=2, unplaced)         0.214     4.300    u_axi_slave/g0_b0__3_i_10_n_0
                         LUT6 (Prop_LUT6_I3_O)        0.040     4.340 r  u_axi_slave/consistency_cnt[0]_i_31__9/O
                         net (fo=3, unplaced)         0.165     4.505    u_axi_slave/consistency_cnt[0]_i_31__9_n_0
                         LUT6 (Prop_LUT6_I0_O)        0.100     4.605 r  u_axi_slave/g0_b0__3_i_7/O
                         net (fo=11, unplaced)        0.249     4.854    u_axi_slave/g0_b0__3_i_7_n_0
                         LUT5 (Prop_LUT5_I4_O)        0.040     4.894 r  u_axi_slave/g0_b0__3_i_1/O
                         net (fo=81, unplaced)        0.242     5.136    u_axi_slave/g0_b0__3_i_1_n_0
                         LUT5 (Prop_LUT5_I0_O)        0.171     5.307 r  u_axi_slave/g0_b1__3/O
                         net (fo=6, unplaced)         0.236     5.543    u_axi_slave/slv_reg3_reg[7]_0[1]
                         LUT6 (Prop_LUT6_I5_O)        0.039     5.582 r  u_axi_slave/g0_b1__4__0/O
                         net (fo=1, unplaced)         0.025     5.607    u_axi_slave/g0_b1__4__0_n_0
                         CARRY8 (Prop_CARRY8_S[1]_CO[7])
                                                      0.245     5.852 r  u_axi_slave/p_0_out__3_i_9/CO[7]
                         net (fo=1, unplaced)         0.007     5.859    u_axi_slave/p_0_out__3_i_9_n_0
                         CARRY8 (Prop_CARRY8_CI_O[0])
                                                      0.072     5.931 f  u_axi_slave/p_0_out__3_i_8/O[0]
                         net (fo=1, unplaced)         0.262     6.193    u_preprocessor/p_0_out__3/A[8]
                         DSP_A_B_DATA (Prop_DSP_A_B_DATA_A[8]_A2_DATA[8])
                                                      0.241     6.434 r  u_preprocessor/p_0_out__3/DSP_A_B_DATA_INST/A2_DATA[8]
                         net (fo=1, unplaced)         0.000     6.434    u_preprocessor/p_0_out__3/DSP_A_B_DATA.A2_DATA<8>
                         DSP_PREADD_DATA (Prop_DSP_PREADD_DATA_A2_DATA[8]_A2A1[8])
                                                      0.098     6.532 r  u_preprocessor/p_0_out__3/DSP_PREADD_DATA_INST/A2A1[8]
                         net (fo=1, unplaced)         0.000     6.532    u_preprocessor/p_0_out__3/DSP_PREADD_DATA.A2A1<8>
                         DSP_MULTIPLIER (Prop_DSP_MULTIPLIER_A2A1[8]_U[9])
                                                      0.647     7.179 f  u_preprocessor/p_0_out__3/DSP_MULTIPLIER_INST/U[9]
                         net (fo=1, unplaced)         0.000     7.179    u_preprocessor/p_0_out__3/DSP_MULTIPLIER.U<9>
                         DSP_M_DATA (Prop_DSP_M_DATA_U[9]_U_DATA[9])
                                                      0.059     7.238 r  u_preprocessor/p_0_out__3/DSP_M_DATA_INST/U_DATA[9]
                         net (fo=1, unplaced)         0.000     7.238    u_preprocessor/p_0_out__3/DSP_M_DATA.U_DATA<9>
                         DSP_ALU (Prop_DSP_ALU_U_DATA[9]_ALU_OUT[9])
                                                      0.699     7.937 f  u_preprocessor/p_0_out__3/DSP_ALU_INST/ALU_OUT[9]
                         net (fo=1, unplaced)         0.000     7.937    u_preprocessor/p_0_out__3/DSP_ALU.ALU_OUT<9>
                         DSP_OUTPUT (Prop_DSP_OUTPUT_ALU_OUT[9]_P[9])
                                                      0.141     8.078 r  u_preprocessor/p_0_out__3/DSP_OUTPUT_INST/P[9]
                         net (fo=3, unplaced)         0.265     8.343    u_axi_slave/p_0_out__4_i_8_0[2]
                         LUT6 (Prop_LUT6_I1_O)        0.179     8.522 r  u_axi_slave/p_0_out__4_i_21/O
                         net (fo=3, unplaced)         0.220     8.742    u_axi_slave/p_0_out__4_i_21_n_0
                         LUT6 (Prop_LUT6_I5_O)        0.040     8.782 f  u_axi_slave/p_0_out__4_i_19/O
                         net (fo=4, unplaced)         0.226     9.008    u_axi_slave/p_0_out__4_i_19_n_0
                         LUT5 (Prop_LUT5_I3_O)        0.040     9.048 r  u_axi_slave/p_0_out__4_i_15/O
                         net (fo=3, unplaced)         0.220     9.268    u_axi_slave/p_0_out__4_i_15_n_0
                         LUT6 (Prop_LUT6_I0_O)        0.040     9.308 r  u_axi_slave/p_0_out__4_i_14/O
                         net (fo=2, unplaced)         0.214     9.522    u_axi_slave/p_0_out__4_i_14_n_0
                         LUT3 (Prop_LUT3_I2_O)        0.040     9.562 f  u_axi_slave/p_0_out__4_i_1/O
                         net (fo=19, unplaced)        0.300     9.862    u_preprocessor/p_0_out__4/A[16]
                         DSP_A_B_DATA (Prop_DSP_A_B_DATA_A[16]_A2_DATA[16])
                                                      0.241    10.103 r  u_preprocessor/p_0_out__4/DSP_A_B_DATA_INST/A2_DATA[16]
                         net (fo=1, unplaced)         0.000    10.103    u_preprocessor/p_0_out__4/DSP_A_B_DATA.A2_DATA<16>
                         DSP_PREADD_DATA (Prop_DSP_PREADD_DATA_A2_DATA[16]_A2A1[16])
                                                      0.098    10.201 r  u_preprocessor/p_0_out__4/DSP_PREADD_DATA_INST/A2A1[16]
                         net (fo=1, unplaced)         0.000    10.201    u_preprocessor/p_0_out__4/DSP_PREADD_DATA.A2A1<16>
                         DSP_MULTIPLIER (Prop_DSP_MULTIPLIER_A2A1[16]_U[22])
                                                      0.647    10.848 f  u_preprocessor/p_0_out__4/DSP_MULTIPLIER_INST/U[22]
                         net (fo=1, unplaced)         0.000    10.848    u_preprocessor/p_0_out__4/DSP_MULTIPLIER.U<22>
                         DSP_M_DATA (Prop_DSP_M_DATA_U[22]_U_DATA[22])
                                                      0.059    10.907 r  u_preprocessor/p_0_out__4/DSP_M_DATA_INST/U_DATA[22]
                         net (fo=1, unplaced)         0.000    10.907    u_preprocessor/p_0_out__4/DSP_M_DATA.U_DATA<22>
                         DSP_ALU (Prop_DSP_ALU_U_DATA[22]_ALU_OUT[22])
                                                      0.699    11.606 r  u_preprocessor/p_0_out__4/DSP_ALU_INST/ALU_OUT[22]
                         net (fo=1, unplaced)         0.000    11.606    u_preprocessor/p_0_out__4/DSP_ALU.ALU_OUT<22>
                         DSP_OUTPUT (Prop_DSP_OUTPUT_ALU_OUT[22]_P[22])
                                                      0.141    11.747 f  u_preprocessor/p_0_out__4/DSP_OUTPUT_INST/P[22]
                         net (fo=8, unplaced)         0.316    12.063    u_preprocessor/p_0_out__6/A[24]
                         DSP_A_B_DATA (Prop_DSP_A_B_DATA_A[24]_A2_DATA[24])
                                                      0.241    12.304 r  u_preprocessor/p_0_out__6/DSP_A_B_DATA_INST/A2_DATA[24]
                         net (fo=1, unplaced)         0.000    12.304    u_preprocessor/p_0_out__6/DSP_A_B_DATA.A2_DATA<24>
                         DSP_PREADD_DATA (Prop_DSP_PREADD_DATA_A2_DATA[24]_A2A1[24])
                                                      0.098    12.402 r  u_preprocessor/p_0_out__6/DSP_PREADD_DATA_INST/A2A1[24]
                         net (fo=1, unplaced)         0.000    12.402    u_preprocessor/p_0_out__6/DSP_PREADD_DATA.A2A1<24>
                         DSP_MULTIPLIER (Prop_DSP_MULTIPLIER_A2A1[24]_U[28])
                                                      0.647    13.049 f  u_preprocessor/p_0_out__6/DSP_MULTIPLIER_INST/U[28]
                         net (fo=1, unplaced)         0.000    13.049    u_preprocessor/p_0_out__6/DSP_MULTIPLIER.U<28>
                         DSP_M_DATA (Prop_DSP_M_DATA_U[28]_U_DATA[28])
                                                      0.059    13.108 r  u_preprocessor/p_0_out__6/DSP_M_DATA_INST/U_DATA[28]
                         net (fo=1, unplaced)         0.000    13.108    u_preprocessor/p_0_out__6/DSP_M_DATA.U_DATA<28>
                         DSP_ALU (Prop_DSP_ALU_U_DATA[28]_ALU_OUT[28])
                                                      0.699    13.807 f  u_preprocessor/p_0_out__6/DSP_ALU_INST/ALU_OUT[28]
                         net (fo=1, unplaced)         0.000    13.807    u_preprocessor/p_0_out__6/DSP_ALU.ALU_OUT<28>
                         DSP_OUTPUT (Prop_DSP_OUTPUT_ALU_OUT[28]_P[28])
                                                      0.141    13.948 r  u_preprocessor/p_0_out__6/DSP_OUTPUT_INST/P[28]
                         net (fo=2, unplaced)         0.290    14.238    u_preprocessor/grav_y[8]
                         FDRE                                         r  u_preprocessor/pred_data_out_reg[pred_accel_y_2][8]/D
  -------------------------------------------------------------------    -------------------

                         (clock s_axi_aclk rise edge)
                                                     10.000    10.000 r  
                                                      0.000    10.000 r  S_AXI_ACLK (IN)
                         net (fo=0)                   0.000    10.000    S_AXI_ACLK_IBUF_inst/I
                         INBUF (Prop_INBUF_PAD_O)     0.275    10.275 r  S_AXI_ACLK_IBUF_inst/INBUF_INST/O
                         net (fo=1, unplaced)         0.000    10.275    S_AXI_ACLK_IBUF_inst/OUT
                         IBUFCTRL (Prop_IBUFCTRL_I_O)
                                                      0.000    10.275 r  S_AXI_ACLK_IBUF_inst/IBUFCTRL_INST/O
                         net (fo=1, unplaced)         0.140    10.415    S_AXI_ACLK_IBUF
                         BUFGCE (Prop_BUFGCE_I_O)     0.024    10.439 r  S_AXI_ACLK_IBUF_BUFG_inst/O
                         net (fo=5788, unplaced)      2.439    12.878    u_preprocessor/S_AXI_ACLK_IBUF_BUFG
                         FDRE                                         r  u_preprocessor/pred_data_out_reg[pred_accel_y_2][8]/C
                         clock pessimism              0.300    13.178    
                         clock uncertainty           -0.035    13.143    
                         FDRE (Setup_FDRE_C_D)        0.027    13.170    u_preprocessor/pred_data_out_reg[pred_accel_y_2][8]
  -------------------------------------------------------------------
                         required time                         13.170    
                         arrival time                         -14.238    
  -------------------------------------------------------------------
                         slack                                 -1.068    

Slack (VIOLATED) :        -1.066ns  (required time - arrival time)
  Source:                 u_axi_slave/slv_reg3_reg[5]/C
                            (rising edge-triggered cell FDRE clocked by s_axi_aclk  {rise@0.000ns fall@5.000ns period=10.000ns})
  Destination:            u_preprocessor/pred_data_out_reg[pred_accel_y_2][7]/D
                            (rising edge-triggered cell FDRE clocked by s_axi_aclk  {rise@0.000ns fall@5.000ns period=10.000ns})
  Path Group:             s_axi_aclk
  Path Type:              Setup (Max at Slow Process Corner)
  Requirement:            10.000ns  (s_axi_aclk rise@10.000ns - s_axi_aclk rise@0.000ns)
  Data Path Delay:        10.913ns  (logic 7.013ns (64.263%)  route 3.900ns (35.737%))
  Logic Levels:           32  (CARRY8=2 DSP_A_B_DATA=3 DSP_ALU=3 DSP_M_DATA=3 DSP_MULTIPLIER=3 DSP_OUTPUT=3 DSP_PREADD_DATA=3 LUT3=1 LUT5=3 LUT6=8)
  Clock Path Skew:        -0.145ns (DCD - SCD + CPR)
    Destination Clock Delay (DCD):    2.878ns = ( 12.878 - 10.000 ) 
    Source Clock Delay      (SCD):    3.323ns
    Clock Pessimism Removal (CPR):    0.300ns
  Clock Uncertainty:      0.035ns  ((TSJ^2 + TIJ^2)^1/2 + DJ) / 2 + PE
    Total System Jitter     (TSJ):    0.071ns
    Total Input Jitter      (TIJ):    0.000ns
    Discrete Jitter          (DJ):    0.000ns
    Phase Error              (PE):    0.000ns

    Location             Delay type                Incr(ns)  Path(ns)    Netlist Resource(s)
  -------------------------------------------------------------------    -------------------
                         (clock s_axi_aclk rise edge)
                                                      0.000     0.000 r  
                                                      0.000     0.000 r  S_AXI_ACLK (IN)
                         net (fo=0)                   0.000     0.000    S_AXI_ACLK_IBUF_inst/I
                         INBUF (Prop_INBUF_PAD_O)     0.542     0.542 r  S_AXI_ACLK_IBUF_inst/INBUF_INST/O
                         net (fo=1, unplaced)         0.000     0.542    S_AXI_ACLK_IBUF_inst/OUT
                         IBUFCTRL (Prop_IBUFCTRL_I_O)
                                                      0.000     0.542 r  S_AXI_ACLK_IBUF_inst/IBUFCTRL_INST/O
                         net (fo=1, unplaced)         0.169     0.711    S_AXI_ACLK_IBUF
                         BUFGCE (Prop_BUFGCE_I_O)     0.028     0.739 r  S_AXI_ACLK_IBUF_BUFG_inst/O
                         net (fo=5788, unplaced)      2.584     3.323    u_axi_slave/S_AXI_ACLK_IBUF_BUFG
                         FDRE                                         r  u_axi_slave/slv_reg3_reg[5]/C
  -------------------------------------------------------------------    -------------------
                         FDRE (Prop_FDRE_C_Q)         0.093     3.416 f  u_axi_slave/slv_reg3_reg[5]/Q
                         net (fo=11, unplaced)        0.212     3.628    u_axi_slave/sim_data_out[incline_x][5]
                         LUT6 (Prop_LUT6_I0_O)        0.179     3.807 f  u_axi_slave/g0_b0__3_i_6/O
                         net (fo=7, unplaced)         0.239     4.046    u_axi_slave/g0_b0__3_i_6_n_0
                         LUT6 (Prop_LUT6_I3_O)        0.040     4.086 f  u_axi_slave/g0_b0__3_i_10/O
                         net (fo=2, unplaced)         0.214     4.300    u_axi_slave/g0_b0__3_i_10_n_0
                         LUT6 (Prop_LUT6_I3_O)        0.040     4.340 r  u_axi_slave/consistency_cnt[0]_i_31__9/O
                         net (fo=3, unplaced)         0.165     4.505    u_axi_slave/consistency_cnt[0]_i_31__9_n_0
                         LUT6 (Prop_LUT6_I0_O)        0.100     4.605 r  u_axi_slave/g0_b0__3_i_7/O
                         net (fo=11, unplaced)        0.249     4.854    u_axi_slave/g0_b0__3_i_7_n_0
                         LUT5 (Prop_LUT5_I4_O)        0.040     4.894 r  u_axi_slave/g0_b0__3_i_1/O
                         net (fo=81, unplaced)        0.242     5.136    u_axi_slave/g0_b0__3_i_1_n_0
                         LUT5 (Prop_LUT5_I0_O)        0.171     5.307 r  u_axi_slave/g0_b1__3/O
                         net (fo=6, unplaced)         0.236     5.543    u_axi_slave/slv_reg3_reg[7]_0[1]
                         LUT6 (Prop_LUT6_I5_O)        0.039     5.582 r  u_axi_slave/g0_b1__4__0/O
                         net (fo=1, unplaced)         0.025     5.607    u_axi_slave/g0_b1__4__0_n_0
                         CARRY8 (Prop_CARRY8_S[1]_CO[7])
                                                      0.245     5.852 r  u_axi_slave/p_0_out__3_i_9/CO[7]
                         net (fo=1, unplaced)         0.007     5.859    u_axi_slave/p_0_out__3_i_9_n_0
                         CARRY8 (Prop_CARRY8_CI_O[0])
                                                      0.072     5.931 f  u_axi_slave/p_0_out__3_i_8/O[0]
                         net (fo=1, unplaced)         0.262     6.193    u_preprocessor/p_0_out__3/A[8]
                         DSP_A_B_DATA (Prop_DSP_A_B_DATA_A[8]_A2_DATA[8])
                                                      0.241     6.434 r  u_preprocessor/p_0_out__3/DSP_A_B_DATA_INST/A2_DATA[8]
                         net (fo=1, unplaced)         0.000     6.434    u_preprocessor/p_0_out__3/DSP_A_B_DATA.A2_DATA<8>
                         DSP_PREADD_DATA (Prop_DSP_PREADD_DATA_A2_DATA[8]_A2A1[8])
                                                      0.098     6.532 r  u_preprocessor/p_0_out__3/DSP_PREADD_DATA_INST/A2A1[8]
                         net (fo=1, unplaced)         0.000     6.532    u_preprocessor/p_0_out__3/DSP_PREADD_DATA.A2A1<8>
                         DSP_MULTIPLIER (Prop_DSP_MULTIPLIER_A2A1[8]_U[9])
                                                      0.647     7.179 f  u_preprocessor/p_0_out__3/DSP_MULTIPLIER_INST/U[9]
                         net (fo=1, unplaced)         0.000     7.179    u_preprocessor/p_0_out__3/DSP_MULTIPLIER.U<9>
                         DSP_M_DATA (Prop_DSP_M_DATA_U[9]_U_DATA[9])
                                                      0.059     7.238 r  u_preprocessor/p_0_out__3/DSP_M_DATA_INST/U_DATA[9]
                         net (fo=1, unplaced)         0.000     7.238    u_preprocessor/p_0_out__3/DSP_M_DATA.U_DATA<9>
                         DSP_ALU (Prop_DSP_ALU_U_DATA[9]_ALU_OUT[9])
                                                      0.699     7.937 f  u_preprocessor/p_0_out__3/DSP_ALU_INST/ALU_OUT[9]
                         net (fo=1, unplaced)         0.000     7.937    u_preprocessor/p_0_out__3/DSP_ALU.ALU_OUT<9>
                         DSP_OUTPUT (Prop_DSP_OUTPUT_ALU_OUT[9]_P[9])
                                                      0.141     8.078 r  u_preprocessor/p_0_out__3/DSP_OUTPUT_INST/P[9]
                         net (fo=3, unplaced)         0.265     8.343    u_axi_slave/p_0_out__4_i_8_0[2]
                         LUT6 (Prop_LUT6_I1_O)        0.179     8.522 r  u_axi_slave/p_0_out__4_i_21/O
                         net (fo=3, unplaced)         0.220     8.742    u_axi_slave/p_0_out__4_i_21_n_0
                         LUT6 (Prop_LUT6_I5_O)        0.040     8.782 f  u_axi_slave/p_0_out__4_i_19/O
                         net (fo=4, unplaced)         0.226     9.008    u_axi_slave/p_0_out__4_i_19_n_0
                         LUT5 (Prop_LUT5_I3_O)        0.040     9.048 r  u_axi_slave/p_0_out__4_i_15/O
                         net (fo=3, unplaced)         0.220     9.268    u_axi_slave/p_0_out__4_i_15_n_0
                         LUT6 (Prop_LUT6_I0_O)        0.040     9.308 r  u_axi_slave/p_0_out__4_i_14/O
                         net (fo=2, unplaced)         0.214     9.522    u_axi_slave/p_0_out__4_i_14_n_0
                         LUT3 (Prop_LUT3_I2_O)        0.040     9.562 f  u_axi_slave/p_0_out__4_i_1/O
                         net (fo=19, unplaced)        0.300     9.862    u_preprocessor/p_0_out__4/A[16]
                         DSP_A_B_DATA (Prop_DSP_A_B_DATA_A[16]_A2_DATA[16])
                                                      0.241    10.103 r  u_preprocessor/p_0_out__4/DSP_A_B_DATA_INST/A2_DATA[16]
                         net (fo=1, unplaced)         0.000    10.103    u_preprocessor/p_0_out__4/DSP_A_B_DATA.A2_DATA<16>
                         DSP_PREADD_DATA (Prop_DSP_PREADD_DATA_A2_DATA[16]_A2A1[16])
                                                      0.098    10.201 r  u_preprocessor/p_0_out__4/DSP_PREADD_DATA_INST/A2A1[16]
                         net (fo=1, unplaced)         0.000    10.201    u_preprocessor/p_0_out__4/DSP_PREADD_DATA.A2A1<16>
                         DSP_MULTIPLIER (Prop_DSP_MULTIPLIER_A2A1[16]_U[22])
                                                      0.647    10.848 f  u_preprocessor/p_0_out__4/DSP_MULTIPLIER_INST/U[22]
                         net (fo=1, unplaced)         0.000    10.848    u_preprocessor/p_0_out__4/DSP_MULTIPLIER.U<22>
                         DSP_M_DATA (Prop_DSP_M_DATA_U[22]_U_DATA[22])
                                                      0.059    10.907 r  u_preprocessor/p_0_out__4/DSP_M_DATA_INST/U_DATA[22]
                         net (fo=1, unplaced)         0.000    10.907    u_preprocessor/p_0_out__4/DSP_M_DATA.U_DATA<22>
                         DSP_ALU (Prop_DSP_ALU_U_DATA[22]_ALU_OUT[22])
                                                      0.699    11.606 r  u_preprocessor/p_0_out__4/DSP_ALU_INST/ALU_OUT[22]
                         net (fo=1, unplaced)         0.000    11.606    u_preprocessor/p_0_out__4/DSP_ALU.ALU_OUT<22>
                         DSP_OUTPUT (Prop_DSP_OUTPUT_ALU_OUT[22]_P[22])
                                                      0.141    11.747 f  u_preprocessor/p_0_out__4/DSP_OUTPUT_INST/P[22]
                         net (fo=8, unplaced)         0.316    12.063    u_preprocessor/p_0_out__6/A[24]
                         DSP_A_B_DATA (Prop_DSP_A_B_DATA_A[24]_A2_DATA[24])
                                                      0.241    12.304 r  u_preprocessor/p_0_out__6/DSP_A_B_DATA_INST/A2_DATA[24]
                         net (fo=1, unplaced)         0.000    12.304    u_preprocessor/p_0_out__6/DSP_A_B_DATA.A2_DATA<24>
                         DSP_PREADD_DATA (Prop_DSP_PREADD_DATA_A2_DATA[24]_A2A1[24])
                                                      0.098    12.402 r  u_preprocessor/p_0_out__6/DSP_PREADD_DATA_INST/A2A1[24]
                         net (fo=1, unplaced)         0.000    12.402    u_preprocessor/p_0_out__6/DSP_PREADD_DATA.A2A1<24>
                         DSP_MULTIPLIER (Prop_DSP_MULTIPLIER_A2A1[24]_U[27])
                                                      0.647    13.049 f  u_preprocessor/p_0_out__6/DSP_MULTIPLIER_INST/U[27]
                         net (fo=1, unplaced)         0.000    13.049    u_preprocessor/p_0_out__6/DSP_MULTIPLIER.U<27>
                         DSP_M_DATA (Prop_DSP_M_DATA_U[27]_U_DATA[27])
                                                      0.059    13.108 r  u_preprocessor/p_0_out__6/DSP_M_DATA_INST/U_DATA[27]
                         net (fo=1, unplaced)         0.000    13.108    u_preprocessor/p_0_out__6/DSP_M_DATA.U_DATA<27>
                         DSP_ALU (Prop_DSP_ALU_U_DATA[27]_ALU_OUT[27])
                                                      0.699    13.807 f  u_preprocessor/p_0_out__6/DSP_ALU_INST/ALU_OUT[27]
                         net (fo=1, unplaced)         0.000    13.807    u_preprocessor/p_0_out__6/DSP_ALU.ALU_OUT<27>
                         DSP_OUTPUT (Prop_DSP_OUTPUT_ALU_OUT[27]_P[27])
                                                      0.141    13.948 r  u_preprocessor/p_0_out__6/DSP_OUTPUT_INST/P[27]
                         net (fo=2, unplaced)         0.288    14.236    u_preprocessor/grav_y[7]
                         FDRE                                         r  u_preprocessor/pred_data_out_reg[pred_accel_y_2][7]/D
  -------------------------------------------------------------------    -------------------

                         (clock s_axi_aclk rise edge)
                                                     10.000    10.000 r  
                                                      0.000    10.000 r  S_AXI_ACLK (IN)
                         net (fo=0)                   0.000    10.000    S_AXI_ACLK_IBUF_inst/I
                         INBUF (Prop_INBUF_PAD_O)     0.275    10.275 r  S_AXI_ACLK_IBUF_inst/INBUF_INST/O
                         net (fo=1, unplaced)         0.000    10.275    S_AXI_ACLK_IBUF_inst/OUT
                         IBUFCTRL (Prop_IBUFCTRL_I_O)
                                                      0.000    10.275 r  S_AXI_ACLK_IBUF_inst/IBUFCTRL_INST/O
                         net (fo=1, unplaced)         0.140    10.415    S_AXI_ACLK_IBUF
                         BUFGCE (Prop_BUFGCE_I_O)     0.024    10.439 r  S_AXI_ACLK_IBUF_BUFG_inst/O
                         net (fo=5788, unplaced)      2.439    12.878    u_preprocessor/S_AXI_ACLK_IBUF_BUFG
                         FDRE                                         r  u_preprocessor/pred_data_out_reg[pred_accel_y_2][7]/C
                         clock pessimism              0.300    13.178    
                         clock uncertainty           -0.035    13.143    
                         FDRE (Setup_FDRE_C_D)        0.027    13.170    u_preprocessor/pred_data_out_reg[pred_accel_y_2][7]
  -------------------------------------------------------------------
                         required time                         13.170    
                         arrival time                         -14.236    
  -------------------------------------------------------------------
                         slack                                 -1.066    

Slack (VIOLATED) :        -1.038ns  (required time - arrival time)
  Source:                 u_axi_slave/slv_reg3_reg[5]/C
                            (rising edge-triggered cell FDRE clocked by s_axi_aclk  {rise@0.000ns fall@5.000ns period=10.000ns})
  Destination:            u_preprocessor/pred_data_out_reg[pred_accel_y_1][1]/D
                            (rising edge-triggered cell FDRE clocked by s_axi_aclk  {rise@0.000ns fall@5.000ns period=10.000ns})
  Path Group:             s_axi_aclk
  Path Type:              Setup (Max at Slow Process Corner)
  Requirement:            10.000ns  (s_axi_aclk rise@10.000ns - s_axi_aclk rise@0.000ns)
  Data Path Delay:        10.885ns  (logic 7.013ns (64.428%)  route 3.872ns (35.572%))
  Logic Levels:           32  (CARRY8=2 DSP_A_B_DATA=3 DSP_ALU=3 DSP_M_DATA=3 DSP_MULTIPLIER=3 DSP_OUTPUT=3 DSP_PREADD_DATA=3 LUT3=1 LUT5=3 LUT6=8)
  Clock Path Skew:        -0.145ns (DCD - SCD + CPR)
    Destination Clock Delay (DCD):    2.878ns = ( 12.878 - 10.000 ) 
    Source Clock Delay      (SCD):    3.323ns
    Clock Pessimism Removal (CPR):    0.300ns
  Clock Uncertainty:      0.035ns  ((TSJ^2 + TIJ^2)^1/2 + DJ) / 2 + PE
    Total System Jitter     (TSJ):    0.071ns
    Total Input Jitter      (TIJ):    0.000ns
    Discrete Jitter          (DJ):    0.000ns
    Phase Error              (PE):    0.000ns

    Location             Delay type                Incr(ns)  Path(ns)    Netlist Resource(s)
  -------------------------------------------------------------------    -------------------
                         (clock s_axi_aclk rise edge)
                                                      0.000     0.000 r  
                                                      0.000     0.000 r  S_AXI_ACLK (IN)
                         net (fo=0)                   0.000     0.000    S_AXI_ACLK_IBUF_inst/I
                         INBUF (Prop_INBUF_PAD_O)     0.542     0.542 r  S_AXI_ACLK_IBUF_inst/INBUF_INST/O
                         net (fo=1, unplaced)         0.000     0.542    S_AXI_ACLK_IBUF_inst/OUT
                         IBUFCTRL (Prop_IBUFCTRL_I_O)
                                                      0.000     0.542 r  S_AXI_ACLK_IBUF_inst/IBUFCTRL_INST/O
                         net (fo=1, unplaced)         0.169     0.711    S_AXI_ACLK_IBUF
                         BUFGCE (Prop_BUFGCE_I_O)     0.028     0.739 r  S_AXI_ACLK_IBUF_BUFG_inst/O
                         net (fo=5788, unplaced)      2.584     3.323    u_axi_slave/S_AXI_ACLK_IBUF_BUFG
                         FDRE                                         r  u_axi_slave/slv_reg3_reg[5]/C
  -------------------------------------------------------------------    -------------------
                         FDRE (Prop_FDRE_C_Q)         0.093     3.416 f  u_axi_slave/slv_reg3_reg[5]/Q
                         net (fo=11, unplaced)        0.212     3.628    u_axi_slave/sim_data_out[incline_x][5]
                         LUT6 (Prop_LUT6_I0_O)        0.179     3.807 f  u_axi_slave/g0_b0__3_i_6/O
                         net (fo=7, unplaced)         0.239     4.046    u_axi_slave/g0_b0__3_i_6_n_0
                         LUT6 (Prop_LUT6_I3_O)        0.040     4.086 f  u_axi_slave/g0_b0__3_i_10/O
                         net (fo=2, unplaced)         0.214     4.300    u_axi_slave/g0_b0__3_i_10_n_0
                         LUT6 (Prop_LUT6_I3_O)        0.040     4.340 r  u_axi_slave/consistency_cnt[0]_i_31__9/O
                         net (fo=3, unplaced)         0.165     4.505    u_axi_slave/consistency_cnt[0]_i_31__9_n_0
                         LUT6 (Prop_LUT6_I0_O)        0.100     4.605 r  u_axi_slave/g0_b0__3_i_7/O
                         net (fo=11, unplaced)        0.249     4.854    u_axi_slave/g0_b0__3_i_7_n_0
                         LUT5 (Prop_LUT5_I4_O)        0.040     4.894 r  u_axi_slave/g0_b0__3_i_1/O
                         net (fo=81, unplaced)        0.242     5.136    u_axi_slave/g0_b0__3_i_1_n_0
                         LUT5 (Prop_LUT5_I0_O)        0.171     5.307 r  u_axi_slave/g0_b1__3/O
                         net (fo=6, unplaced)         0.236     5.543    u_axi_slave/slv_reg3_reg[7]_0[1]
                         LUT6 (Prop_LUT6_I5_O)        0.039     5.582 r  u_axi_slave/g0_b1__4__0/O
                         net (fo=1, unplaced)         0.025     5.607    u_axi_slave/g0_b1__4__0_n_0
                         CARRY8 (Prop_CARRY8_S[1]_CO[7])
                                                      0.245     5.852 r  u_axi_slave/p_0_out__3_i_9/CO[7]
                         net (fo=1, unplaced)         0.007     5.859    u_axi_slave/p_0_out__3_i_9_n_0
                         CARRY8 (Prop_CARRY8_CI_O[0])
                                                      0.072     5.931 f  u_axi_slave/p_0_out__3_i_8/O[0]
                         net (fo=1, unplaced)         0.262     6.193    u_preprocessor/p_0_out__3/A[8]
                         DSP_A_B_DATA (Prop_DSP_A_B_DATA_A[8]_A2_DATA[8])
                                                      0.241     6.434 r  u_preprocessor/p_0_out__3/DSP_A_B_DATA_INST/A2_DATA[8]
                         net (fo=1, unplaced)         0.000     6.434    u_preprocessor/p_0_out__3/DSP_A_B_DATA.A2_DATA<8>
                         DSP_PREADD_DATA (Prop_DSP_PREADD_DATA_A2_DATA[8]_A2A1[8])
                                                      0.098     6.532 r  u_preprocessor/p_0_out__3/DSP_PREADD_DATA_INST/A2A1[8]
                         net (fo=1, unplaced)         0.000     6.532    u_preprocessor/p_0_out__3/DSP_PREADD_DATA.A2A1<8>
                         DSP_MULTIPLIER (Prop_DSP_MULTIPLIER_A2A1[8]_U[9])
                                                      0.647     7.179 f  u_preprocessor/p_0_out__3/DSP_MULTIPLIER_INST/U[9]
                         net (fo=1, unplaced)         0.000     7.179    u_preprocessor/p_0_out__3/DSP_MULTIPLIER.U<9>
                         DSP_M_DATA (Prop_DSP_M_DATA_U[9]_U_DATA[9])
                                                      0.059     7.238 r  u_preprocessor/p_0_out__3/DSP_M_DATA_INST/U_DATA[9]
                         net (fo=1, unplaced)         0.000     7.238    u_preprocessor/p_0_out__3/DSP_M_DATA.U_DATA<9>
                         DSP_ALU (Prop_DSP_ALU_U_DATA[9]_ALU_OUT[9])
                                                      0.699     7.937 f  u_preprocessor/p_0_out__3/DSP_ALU_INST/ALU_OUT[9]
                         net (fo=1, unplaced)         0.000     7.937    u_preprocessor/p_0_out__3/DSP_ALU.ALU_OUT<9>
                         DSP_OUTPUT (Prop_DSP_OUTPUT_ALU_OUT[9]_P[9])
                                                      0.141     8.078 r  u_preprocessor/p_0_out__3/DSP_OUTPUT_INST/P[9]
                         net (fo=3, unplaced)         0.265     8.343    u_axi_slave/p_0_out__4_i_8_0[2]
                         LUT6 (Prop_LUT6_I1_O)        0.179     8.522 r  u_axi_slave/p_0_out__4_i_21/O
                         net (fo=3, unplaced)         0.220     8.742    u_axi_slave/p_0_out__4_i_21_n_0
                         LUT6 (Prop_LUT6_I5_O)        0.040     8.782 f  u_axi_slave/p_0_out__4_i_19/O
                         net (fo=4, unplaced)         0.226     9.008    u_axi_slave/p_0_out__4_i_19_n_0
                         LUT5 (Prop_LUT5_I3_O)        0.040     9.048 r  u_axi_slave/p_0_out__4_i_15/O
                         net (fo=3, unplaced)         0.220     9.268    u_axi_slave/p_0_out__4_i_15_n_0
                         LUT6 (Prop_LUT6_I0_O)        0.040     9.308 r  u_axi_slave/p_0_out__4_i_14/O
                         net (fo=2, unplaced)         0.214     9.522    u_axi_slave/p_0_out__4_i_14_n_0
                         LUT3 (Prop_LUT3_I2_O)        0.040     9.562 f  u_axi_slave/p_0_out__4_i_1/O
                         net (fo=19, unplaced)        0.300     9.862    u_preprocessor/p_0_out__4/A[16]
                         DSP_A_B_DATA (Prop_DSP_A_B_DATA_A[16]_A2_DATA[16])
                                                      0.241    10.103 r  u_preprocessor/p_0_out__4/DSP_A_B_DATA_INST/A2_DATA[16]
                         net (fo=1, unplaced)         0.000    10.103    u_preprocessor/p_0_out__4/DSP_A_B_DATA.A2_DATA<16>
                         DSP_PREADD_DATA (Prop_DSP_PREADD_DATA_A2_DATA[16]_A2A1[16])
                                                      0.098    10.201 r  u_preprocessor/p_0_out__4/DSP_PREADD_DATA_INST/A2A1[16]
                         net (fo=1, unplaced)         0.000    10.201    u_preprocessor/p_0_out__4/DSP_PREADD_DATA.A2A1<16>
                         DSP_MULTIPLIER (Prop_DSP_MULTIPLIER_A2A1[16]_U[20])
                                                      0.647    10.848 f  u_preprocessor/p_0_out__4/DSP_MULTIPLIER_INST/U[20]
                         net (fo=1, unplaced)         0.000    10.848    u_preprocessor/p_0_out__4/DSP_MULTIPLIER.U<20>
                         DSP_M_DATA (Prop_DSP_M_DATA_U[20]_U_DATA[20])
                                                      0.059    10.907 r  u_preprocessor/p_0_out__4/DSP_M_DATA_INST/U_DATA[20]
                         net (fo=1, unplaced)         0.000    10.907    u_preprocessor/p_0_out__4/DSP_M_DATA.U_DATA<20>
                         DSP_ALU (Prop_DSP_ALU_U_DATA[20]_ALU_OUT[20])
                                                      0.699    11.606 r  u_preprocessor/p_0_out__4/DSP_ALU_INST/ALU_OUT[20]
                         net (fo=1, unplaced)         0.000    11.606    u_preprocessor/p_0_out__4/DSP_ALU.ALU_OUT<20>
                         DSP_OUTPUT (Prop_DSP_OUTPUT_ALU_OUT[20]_P[20])
                                                      0.141    11.747 f  u_preprocessor/p_0_out__4/DSP_OUTPUT_INST/P[20]
                         net (fo=1, unplaced)         0.241    11.988    u_preprocessor/p_0_out__6/A[20]
                         DSP_A_B_DATA (Prop_DSP_A_B_DATA_A[20]_A2_DATA[20])
                                                      0.241    12.229 r  u_preprocessor/p_0_out__6/DSP_A_B_DATA_INST/A2_DATA[20]
                         net (fo=1, unplaced)         0.000    12.229    u_preprocessor/p_0_out__6/DSP_A_B_DATA.A2_DATA<20>
                         DSP_PREADD_DATA (Prop_DSP_PREADD_DATA_A2_DATA[20]_A2A1[20])
                                                      0.098    12.327 r  u_preprocessor/p_0_out__6/DSP_PREADD_DATA_INST/A2A1[20]
                         net (fo=1, unplaced)         0.000    12.327    u_preprocessor/p_0_out__6/DSP_PREADD_DATA.A2A1<20>
                         DSP_MULTIPLIER (Prop_DSP_MULTIPLIER_A2A1[20]_U[21])
                                                      0.647    12.974 f  u_preprocessor/p_0_out__6/DSP_MULTIPLIER_INST/U[21]
                         net (fo=1, unplaced)         0.000    12.974    u_preprocessor/p_0_out__6/DSP_MULTIPLIER.U<21>
                         DSP_M_DATA (Prop_DSP_M_DATA_U[21]_U_DATA[21])
                                                      0.059    13.033 r  u_preprocessor/p_0_out__6/DSP_M_DATA_INST/U_DATA[21]
                         net (fo=1, unplaced)         0.000    13.033    u_preprocessor/p_0_out__6/DSP_M_DATA.U_DATA<21>
                         DSP_ALU (Prop_DSP_ALU_U_DATA[21]_ALU_OUT[21])
                                                      0.699    13.732 f  u_preprocessor/p_0_out__6/DSP_ALU_INST/ALU_OUT[21]
                         net (fo=1, unplaced)         0.000    13.732    u_preprocessor/p_0_out__6/DSP_ALU.ALU_OUT<21>
                         DSP_OUTPUT (Prop_DSP_OUTPUT_ALU_OUT[21]_P[21])
                                                      0.141    13.873 r  u_preprocessor/p_0_out__6/DSP_OUTPUT_INST/P[21]
                         net (fo=1, unplaced)         0.335    14.208    u_preprocessor/grav_y[1]
                         FDRE                                         r  u_preprocessor/pred_data_out_reg[pred_accel_y_1][1]/D
  -------------------------------------------------------------------    -------------------

                         (clock s_axi_aclk rise edge)
                                                     10.000    10.000 r  
                                                      0.000    10.000 r  S_AXI_ACLK (IN)
                         net (fo=0)                   0.000    10.000    S_AXI_ACLK_IBUF_inst/I
                         INBUF (Prop_INBUF_PAD_O)     0.275    10.275 r  S_AXI_ACLK_IBUF_inst/INBUF_INST/O
                         net (fo=1, unplaced)         0.000    10.275    S_AXI_ACLK_IBUF_inst/OUT
                         IBUFCTRL (Prop_IBUFCTRL_I_O)
                                                      0.000    10.275 r  S_AXI_ACLK_IBUF_inst/IBUFCTRL_INST/O
                         net (fo=1, unplaced)         0.140    10.415    S_AXI_ACLK_IBUF
                         BUFGCE (Prop_BUFGCE_I_O)     0.024    10.439 r  S_AXI_ACLK_IBUF_BUFG_inst/O
                         net (fo=5788, unplaced)      2.439    12.878    u_preprocessor/S_AXI_ACLK_IBUF_BUFG
                         FDRE                                         r  u_preprocessor/pred_data_out_reg[pred_accel_y_1][1]/C
                         clock pessimism              0.300    13.178    
                         clock uncertainty           -0.035    13.143    
                         FDRE (Setup_FDRE_C_D)        0.027    13.170    u_preprocessor/pred_data_out_reg[pred_accel_y_1][1]
  -------------------------------------------------------------------
                         required time                         13.170    
                         arrival time                         -14.208    
  -------------------------------------------------------------------
                         slack                                 -1.038    

Slack (VIOLATED) :        -1.013ns  (required time - arrival time)
  Source:                 u_axi_slave/slv_reg3_reg[5]/C
                            (rising edge-triggered cell FDRE clocked by s_axi_aclk  {rise@0.000ns fall@5.000ns period=10.000ns})
  Destination:            u_preprocessor/pred_data_out_reg[pred_accel_y_1][5]/D
                            (rising edge-triggered cell FDRE clocked by s_axi_aclk  {rise@0.000ns fall@5.000ns period=10.000ns})
  Path Group:             s_axi_aclk
  Path Type:              Setup (Max at Slow Process Corner)
  Requirement:            10.000ns  (s_axi_aclk rise@10.000ns - s_axi_aclk rise@0.000ns)
  Data Path Delay:        10.860ns  (logic 7.013ns (64.576%)  route 3.847ns (35.424%))
  Logic Levels:           32  (CARRY8=2 DSP_A_B_DATA=3 DSP_ALU=3 DSP_M_DATA=3 DSP_MULTIPLIER=3 DSP_OUTPUT=3 DSP_PREADD_DATA=3 LUT3=1 LUT5=3 LUT6=8)
  Clock Path Skew:        -0.145ns (DCD - SCD + CPR)
    Destination Clock Delay (DCD):    2.878ns = ( 12.878 - 10.000 ) 
    Source Clock Delay      (SCD):    3.323ns
    Clock Pessimism Removal (CPR):    0.300ns
  Clock Uncertainty:      0.035ns  ((TSJ^2 + TIJ^2)^1/2 + DJ) / 2 + PE
    Total System Jitter     (TSJ):    0.071ns
    Total Input Jitter      (TIJ):    0.000ns
    Discrete Jitter          (DJ):    0.000ns
    Phase Error              (PE):    0.000ns

    Location             Delay type                Incr(ns)  Path(ns)    Netlist Resource(s)
  -------------------------------------------------------------------    -------------------
                         (clock s_axi_aclk rise edge)
                                                      0.000     0.000 r  
                                                      0.000     0.000 r  S_AXI_ACLK (IN)
                         net (fo=0)                   0.000     0.000    S_AXI_ACLK_IBUF_inst/I
                         INBUF (Prop_INBUF_PAD_O)     0.542     0.542 r  S_AXI_ACLK_IBUF_inst/INBUF_INST/O
                         net (fo=1, unplaced)         0.000     0.542    S_AXI_ACLK_IBUF_inst/OUT
                         IBUFCTRL (Prop_IBUFCTRL_I_O)
                                                      0.000     0.542 r  S_AXI_ACLK_IBUF_inst/IBUFCTRL_INST/O
                         net (fo=1, unplaced)         0.169     0.711    S_AXI_ACLK_IBUF
                         BUFGCE (Prop_BUFGCE_I_O)     0.028     0.739 r  S_AXI_ACLK_IBUF_BUFG_inst/O
                         net (fo=5788, unplaced)      2.584     3.323    u_axi_slave/S_AXI_ACLK_IBUF_BUFG
                         FDRE                                         r  u_axi_slave/slv_reg3_reg[5]/C
  -------------------------------------------------------------------    -------------------
                         FDRE (Prop_FDRE_C_Q)         0.093     3.416 f  u_axi_slave/slv_reg3_reg[5]/Q
                         net (fo=11, unplaced)        0.212     3.628    u_axi_slave/sim_data_out[incline_x][5]
                         LUT6 (Prop_LUT6_I0_O)        0.179     3.807 f  u_axi_slave/g0_b0__3_i_6/O
                         net (fo=7, unplaced)         0.239     4.046    u_axi_slave/g0_b0__3_i_6_n_0
                         LUT6 (Prop_LUT6_I3_O)        0.040     4.086 f  u_axi_slave/g0_b0__3_i_10/O
                         net (fo=2, unplaced)         0.214     4.300    u_axi_slave/g0_b0__3_i_10_n_0
                         LUT6 (Prop_LUT6_I3_O)        0.040     4.340 r  u_axi_slave/consistency_cnt[0]_i_31__9/O
                         net (fo=3, unplaced)         0.165     4.505    u_axi_slave/consistency_cnt[0]_i_31__9_n_0
                         LUT6 (Prop_LUT6_I0_O)        0.100     4.605 r  u_axi_slave/g0_b0__3_i_7/O
                         net (fo=11, unplaced)        0.249     4.854    u_axi_slave/g0_b0__3_i_7_n_0
                         LUT5 (Prop_LUT5_I4_O)        0.040     4.894 r  u_axi_slave/g0_b0__3_i_1/O
                         net (fo=81, unplaced)        0.242     5.136    u_axi_slave/g0_b0__3_i_1_n_0
                         LUT5 (Prop_LUT5_I0_O)        0.171     5.307 r  u_axi_slave/g0_b1__3/O
                         net (fo=6, unplaced)         0.236     5.543    u_axi_slave/slv_reg3_reg[7]_0[1]
                         LUT6 (Prop_LUT6_I5_O)        0.039     5.582 r  u_axi_slave/g0_b1__4__0/O
                         net (fo=1, unplaced)         0.025     5.607    u_axi_slave/g0_b1__4__0_n_0
                         CARRY8 (Prop_CARRY8_S[1]_CO[7])
                                                      0.245     5.852 r  u_axi_slave/p_0_out__3_i_9/CO[7]
                         net (fo=1, unplaced)         0.007     5.859    u_axi_slave/p_0_out__3_i_9_n_0
                         CARRY8 (Prop_CARRY8_CI_O[0])
                                                      0.072     5.931 f  u_axi_slave/p_0_out__3_i_8/O[0]
                         net (fo=1, unplaced)         0.262     6.193    u_preprocessor/p_0_out__3/A[8]
                         DSP_A_B_DATA (Prop_DSP_A_B_DATA_A[8]_A2_DATA[8])
                                                      0.241     6.434 r  u_preprocessor/p_0_out__3/DSP_A_B_DATA_INST/A2_DATA[8]
                         net (fo=1, unplaced)         0.000     6.434    u_preprocessor/p_0_out__3/DSP_A_B_DATA.A2_DATA<8>
                         DSP_PREADD_DATA (Prop_DSP_PREADD_DATA_A2_DATA[8]_A2A1[8])
                                                      0.098     6.532 r  u_preprocessor/p_0_out__3/DSP_PREADD_DATA_INST/A2A1[8]
                         net (fo=1, unplaced)         0.000     6.532    u_preprocessor/p_0_out__3/DSP_PREADD_DATA.A2A1<8>
                         DSP_MULTIPLIER (Prop_DSP_MULTIPLIER_A2A1[8]_U[9])
                                                      0.647     7.179 f  u_preprocessor/p_0_out__3/DSP_MULTIPLIER_INST/U[9]
                         net (fo=1, unplaced)         0.000     7.179    u_preprocessor/p_0_out__3/DSP_MULTIPLIER.U<9>
                         DSP_M_DATA (Prop_DSP_M_DATA_U[9]_U_DATA[9])
                                                      0.059     7.238 r  u_preprocessor/p_0_out__3/DSP_M_DATA_INST/U_DATA[9]
                         net (fo=1, unplaced)         0.000     7.238    u_preprocessor/p_0_out__3/DSP_M_DATA.U_DATA<9>
                         DSP_ALU (Prop_DSP_ALU_U_DATA[9]_ALU_OUT[9])
                                                      0.699     7.937 f  u_preprocessor/p_0_out__3/DSP_ALU_INST/ALU_OUT[9]
                         net (fo=1, unplaced)         0.000     7.937    u_preprocessor/p_0_out__3/DSP_ALU.ALU_OUT<9>
                         DSP_OUTPUT (Prop_DSP_OUTPUT_ALU_OUT[9]_P[9])
                                                      0.141     8.078 r  u_preprocessor/p_0_out__3/DSP_OUTPUT_INST/P[9]
                         net (fo=3, unplaced)         0.265     8.343    u_axi_slave/p_0_out__4_i_8_0[2]
                         LUT6 (Prop_LUT6_I1_O)        0.179     8.522 r  u_axi_slave/p_0_out__4_i_21/O
                         net (fo=3, unplaced)         0.220     8.742    u_axi_slave/p_0_out__4_i_21_n_0
                         LUT6 (Prop_LUT6_I5_O)        0.040     8.782 f  u_axi_slave/p_0_out__4_i_19/O
                         net (fo=4, unplaced)         0.226     9.008    u_axi_slave/p_0_out__4_i_19_n_0
                         LUT5 (Prop_LUT5_I3_O)        0.040     9.048 r  u_axi_slave/p_0_out__4_i_15/O
                         net (fo=3, unplaced)         0.220     9.268    u_axi_slave/p_0_out__4_i_15_n_0
                         LUT6 (Prop_LUT6_I0_O)        0.040     9.308 r  u_axi_slave/p_0_out__4_i_14/O
                         net (fo=2, unplaced)         0.214     9.522    u_axi_slave/p_0_out__4_i_14_n_0
                         LUT3 (Prop_LUT3_I2_O)        0.040     9.562 f  u_axi_slave/p_0_out__4_i_1/O
                         net (fo=19, unplaced)        0.300     9.862    u_preprocessor/p_0_out__4/A[16]
                         DSP_A_B_DATA (Prop_DSP_A_B_DATA_A[16]_A2_DATA[16])
                                                      0.241    10.103 r  u_preprocessor/p_0_out__4/DSP_A_B_DATA_INST/A2_DATA[16]
                         net (fo=1, unplaced)         0.000    10.103    u_preprocessor/p_0_out__4/DSP_A_B_DATA.A2_DATA<16>
                         DSP_PREADD_DATA (Prop_DSP_PREADD_DATA_A2_DATA[16]_A2A1[16])
                                                      0.098    10.201 r  u_preprocessor/p_0_out__4/DSP_PREADD_DATA_INST/A2A1[16]
                         net (fo=1, unplaced)         0.000    10.201    u_preprocessor/p_0_out__4/DSP_PREADD_DATA.A2A1<16>
                         DSP_MULTIPLIER (Prop_DSP_MULTIPLIER_A2A1[16]_U[22])
                                                      0.647    10.848 f  u_preprocessor/p_0_out__4/DSP_MULTIPLIER_INST/U[22]
                         net (fo=1, unplaced)         0.000    10.848    u_preprocessor/p_0_out__4/DSP_MULTIPLIER.U<22>
                         DSP_M_DATA (Prop_DSP_M_DATA_U[22]_U_DATA[22])
                                                      0.059    10.907 r  u_preprocessor/p_0_out__4/DSP_M_DATA_INST/U_DATA[22]
                         net (fo=1, unplaced)         0.000    10.907    u_preprocessor/p_0_out__4/DSP_M_DATA.U_DATA<22>
                         DSP_ALU (Prop_DSP_ALU_U_DATA[22]_ALU_OUT[22])
                                                      0.699    11.606 r  u_preprocessor/p_0_out__4/DSP_ALU_INST/ALU_OUT[22]
                         net (fo=1, unplaced)         0.000    11.606    u_preprocessor/p_0_out__4/DSP_ALU.ALU_OUT<22>
                         DSP_OUTPUT (Prop_DSP_OUTPUT_ALU_OUT[22]_P[22])
                                                      0.141    11.747 f  u_preprocessor/p_0_out__4/DSP_OUTPUT_INST/P[22]
                         net (fo=8, unplaced)         0.316    12.063    u_preprocessor/p_0_out__6/A[24]
                         DSP_A_B_DATA (Prop_DSP_A_B_DATA_A[24]_A2_DATA[24])
                                                      0.241    12.304 r  u_preprocessor/p_0_out__6/DSP_A_B_DATA_INST/A2_DATA[24]
                         net (fo=1, unplaced)         0.000    12.304    u_preprocessor/p_0_out__6/DSP_A_B_DATA.A2_DATA<24>
                         DSP_PREADD_DATA (Prop_DSP_PREADD_DATA_A2_DATA[24]_A2A1[24])
                                                      0.098    12.402 r  u_preprocessor/p_0_out__6/DSP_PREADD_DATA_INST/A2A1[24]
                         net (fo=1, unplaced)         0.000    12.402    u_preprocessor/p_0_out__6/DSP_PREADD_DATA.A2A1<24>
                         DSP_MULTIPLIER (Prop_DSP_MULTIPLIER_A2A1[24]_U[25])
                                                      0.647    13.049 f  u_preprocessor/p_0_out__6/DSP_MULTIPLIER_INST/U[25]
                         net (fo=1, unplaced)         0.000    13.049    u_preprocessor/p_0_out__6/DSP_MULTIPLIER.U<25>
                         DSP_M_DATA (Prop_DSP_M_DATA_U[25]_U_DATA[25])
                                                      0.059    13.108 r  u_preprocessor/p_0_out__6/DSP_M_DATA_INST/U_DATA[25]
                         net (fo=1, unplaced)         0.000    13.108    u_preprocessor/p_0_out__6/DSP_M_DATA.U_DATA<25>
                         DSP_ALU (Prop_DSP_ALU_U_DATA[25]_ALU_OUT[25])
                                                      0.699    13.807 f  u_preprocessor/p_0_out__6/DSP_ALU_INST/ALU_OUT[25]
                         net (fo=1, unplaced)         0.000    13.807    u_preprocessor/p_0_out__6/DSP_ALU.ALU_OUT<25>
                         DSP_OUTPUT (Prop_DSP_OUTPUT_ALU_OUT[25]_P[25])
                                                      0.141    13.948 r  u_preprocessor/p_0_out__6/DSP_OUTPUT_INST/P[25]
                         net (fo=1, unplaced)         0.235    14.183    u_preprocessor/grav_y[5]
                         FDRE                                         r  u_preprocessor/pred_data_out_reg[pred_accel_y_1][5]/D
  -------------------------------------------------------------------    -------------------

                         (clock s_axi_aclk rise edge)
                                                     10.000    10.000 r  
                                                      0.000    10.000 r  S_AXI_ACLK (IN)
                         net (fo=0)                   0.000    10.000    S_AXI_ACLK_IBUF_inst/I
                         INBUF (Prop_INBUF_PAD_O)     0.275    10.275 r  S_AXI_ACLK_IBUF_inst/INBUF_INST/O
                         net (fo=1, unplaced)         0.000    10.275    S_AXI_ACLK_IBUF_inst/OUT
                         IBUFCTRL (Prop_IBUFCTRL_I_O)
                                                      0.000    10.275 r  S_AXI_ACLK_IBUF_inst/IBUFCTRL_INST/O
                         net (fo=1, unplaced)         0.140    10.415    S_AXI_ACLK_IBUF
                         BUFGCE (Prop_BUFGCE_I_O)     0.024    10.439 r  S_AXI_ACLK_IBUF_BUFG_inst/O
                         net (fo=5788, unplaced)      2.439    12.878    u_preprocessor/S_AXI_ACLK_IBUF_BUFG
                         FDRE                                         r  u_preprocessor/pred_data_out_reg[pred_accel_y_1][5]/C
                         clock pessimism              0.300    13.178    
                         clock uncertainty           -0.035    13.143    
                         FDRE (Setup_FDRE_C_D)        0.027    13.170    u_preprocessor/pred_data_out_reg[pred_accel_y_1][5]
  -------------------------------------------------------------------
                         required time                         13.170    
                         arrival time                         -14.183    
  -------------------------------------------------------------------
                         slack                                 -1.013    

Slack (VIOLATED) :        -1.012ns  (required time - arrival time)
  Source:                 u_axi_slave/slv_reg3_reg[5]/C
                            (rising edge-triggered cell FDRE clocked by s_axi_aclk  {rise@0.000ns fall@5.000ns period=10.000ns})
  Destination:            u_preprocessor/pred_data_out_reg[pred_accel_y_1][4]/D
                            (rising edge-triggered cell FDRE clocked by s_axi_aclk  {rise@0.000ns fall@5.000ns period=10.000ns})
  Path Group:             s_axi_aclk
  Path Type:              Setup (Max at Slow Process Corner)
  Requirement:            10.000ns  (s_axi_aclk rise@10.000ns - s_axi_aclk rise@0.000ns)
  Data Path Delay:        10.859ns  (logic 7.001ns (64.472%)  route 3.858ns (35.528%))
  Logic Levels:           32  (CARRY8=2 DSP_A_B_DATA=3 DSP_ALU=3 DSP_M_DATA=3 DSP_MULTIPLIER=3 DSP_OUTPUT=3 DSP_PREADD_DATA=3 LUT3=1 LUT5=3 LUT6=8)
  Clock Path Skew:        -0.145ns (DCD - SCD + CPR)
    Destination Clock Delay (DCD):    2.878ns = ( 12.878 - 10.000 ) 
    Source Clock Delay      (SCD):    3.323ns
    Clock Pessimism Removal (CPR):    0.300ns
  Clock Uncertainty:      0.035ns  ((TSJ^2 + TIJ^2)^1/2 + DJ) / 2 + PE
    Total System Jitter     (TSJ):    0.071ns
    Total Input Jitter      (TIJ):    0.000ns
    Discrete Jitter          (DJ):    0.000ns
    Phase Error              (PE):    0.000ns

    Location             Delay type                Incr(ns)  Path(ns)    Netlist Resource(s)
  -------------------------------------------------------------------    -------------------
                         (clock s_axi_aclk rise edge)
                                                      0.000     0.000 r  
                                                      0.000     0.000 r  S_AXI_ACLK (IN)
                         net (fo=0)                   0.000     0.000    S_AXI_ACLK_IBUF_inst/I
                         INBUF (Prop_INBUF_PAD_O)     0.542     0.542 r  S_AXI_ACLK_IBUF_inst/INBUF_INST/O
                         net (fo=1, unplaced)         0.000     0.542    S_AXI_ACLK_IBUF_inst/OUT
                         IBUFCTRL (Prop_IBUFCTRL_I_O)
                                                      0.000     0.542 r  S_AXI_ACLK_IBUF_inst/IBUFCTRL_INST/O
                         net (fo=1, unplaced)         0.169     0.711    S_AXI_ACLK_IBUF
                         BUFGCE (Prop_BUFGCE_I_O)     0.028     0.739 r  S_AXI_ACLK_IBUF_BUFG_inst/O
                         net (fo=5788, unplaced)      2.584     3.323    u_axi_slave/S_AXI_ACLK_IBUF_BUFG
                         FDRE                                         r  u_axi_slave/slv_reg3_reg[5]/C
  -------------------------------------------------------------------    -------------------
                         FDRE (Prop_FDRE_C_Q)         0.093     3.416 f  u_axi_slave/slv_reg3_reg[5]/Q
                         net (fo=11, unplaced)        0.212     3.628    u_axi_slave/sim_data_out[incline_x][5]
                         LUT6 (Prop_LUT6_I0_O)        0.179     3.807 f  u_axi_slave/g0_b0__3_i_6/O
                         net (fo=7, unplaced)         0.239     4.046    u_axi_slave/g0_b0__3_i_6_n_0
                         LUT6 (Prop_LUT6_I3_O)        0.040     4.086 f  u_axi_slave/g0_b0__3_i_10/O
                         net (fo=2, unplaced)         0.214     4.300    u_axi_slave/g0_b0__3_i_10_n_0
                         LUT6 (Prop_LUT6_I3_O)        0.040     4.340 r  u_axi_slave/consistency_cnt[0]_i_31__9/O
                         net (fo=3, unplaced)         0.165     4.505    u_axi_slave/consistency_cnt[0]_i_31__9_n_0
                         LUT6 (Prop_LUT6_I0_O)        0.100     4.605 r  u_axi_slave/g0_b0__3_i_7/O
                         net (fo=11, unplaced)        0.249     4.854    u_axi_slave/g0_b0__3_i_7_n_0
                         LUT5 (Prop_LUT5_I4_O)        0.040     4.894 r  u_axi_slave/g0_b0__3_i_1/O
                         net (fo=81, unplaced)        0.242     5.136    u_axi_slave/g0_b0__3_i_1_n_0
                         LUT5 (Prop_LUT5_I0_O)        0.171     5.307 r  u_axi_slave/g0_b1__3/O
                         net (fo=6, unplaced)         0.236     5.543    u_axi_slave/slv_reg3_reg[7]_0[1]
                         LUT6 (Prop_LUT6_I5_O)        0.039     5.582 r  u_axi_slave/g0_b1__4__0/O
                         net (fo=1, unplaced)         0.025     5.607    u_axi_slave/g0_b1__4__0_n_0
                         CARRY8 (Prop_CARRY8_S[1]_CO[7])
                                                      0.245     5.852 r  u_axi_slave/p_0_out__3_i_9/CO[7]
                         net (fo=1, unplaced)         0.007     5.859    u_axi_slave/p_0_out__3_i_9_n_0
                         CARRY8 (Prop_CARRY8_CI_O[0])
                                                      0.072     5.931 f  u_axi_slave/p_0_out__3_i_8/O[0]
                         net (fo=1, unplaced)         0.262     6.193    u_preprocessor/p_0_out__3/A[8]
                         DSP_A_B_DATA (Prop_DSP_A_B_DATA_A[8]_A2_DATA[8])
                                                      0.241     6.434 r  u_preprocessor/p_0_out__3/DSP_A_B_DATA_INST/A2_DATA[8]
                         net (fo=1, unplaced)         0.000     6.434    u_preprocessor/p_0_out__3/DSP_A_B_DATA.A2_DATA<8>
                         DSP_PREADD_DATA (Prop_DSP_PREADD_DATA_A2_DATA[8]_A2A1[8])
                                                      0.098     6.532 r  u_preprocessor/p_0_out__3/DSP_PREADD_DATA_INST/A2A1[8]
                         net (fo=1, unplaced)         0.000     6.532    u_preprocessor/p_0_out__3/DSP_PREADD_DATA.A2A1<8>
                         DSP_MULTIPLIER (Prop_DSP_MULTIPLIER_A2A1[8]_U[9])
                                                      0.647     7.179 f  u_preprocessor/p_0_out__3/DSP_MULTIPLIER_INST/U[9]
                         net (fo=1, unplaced)         0.000     7.179    u_preprocessor/p_0_out__3/DSP_MULTIPLIER.U<9>
                         DSP_M_DATA (Prop_DSP_M_DATA_U[9]_U_DATA[9])
                                                      0.059     7.238 r  u_preprocessor/p_0_out__3/DSP_M_DATA_INST/U_DATA[9]
                         net (fo=1, unplaced)         0.000     7.238    u_preprocessor/p_0_out__3/DSP_M_DATA.U_DATA<9>
                         DSP_ALU (Prop_DSP_ALU_U_DATA[9]_ALU_OUT[9])
                                                      0.699     7.937 f  u_preprocessor/p_0_out__3/DSP_ALU_INST/ALU_OUT[9]
                         net (fo=1, unplaced)         0.000     7.937    u_preprocessor/p_0_out__3/DSP_ALU.ALU_OUT<9>
                         DSP_OUTPUT (Prop_DSP_OUTPUT_ALU_OUT[9]_P[9])
                                                      0.141     8.078 r  u_preprocessor/p_0_out__3/DSP_OUTPUT_INST/P[9]
                         net (fo=3, unplaced)         0.265     8.343    u_axi_slave/p_0_out__4_i_8_0[2]
                         LUT6 (Prop_LUT6_I1_O)        0.179     8.522 r  u_axi_slave/p_0_out__4_i_21/O
                         net (fo=3, unplaced)         0.220     8.742    u_axi_slave/p_0_out__4_i_21_n_0
                         LUT6 (Prop_LUT6_I5_O)        0.040     8.782 f  u_axi_slave/p_0_out__4_i_19/O
                         net (fo=4, unplaced)         0.226     9.008    u_axi_slave/p_0_out__4_i_19_n_0
                         LUT5 (Prop_LUT5_I3_O)        0.040     9.048 r  u_axi_slave/p_0_out__4_i_15/O
                         net (fo=3, unplaced)         0.220     9.268    u_axi_slave/p_0_out__4_i_15_n_0
                         LUT6 (Prop_LUT6_I0_O)        0.040     9.308 r  u_axi_slave/p_0_out__4_i_14/O
                         net (fo=2, unplaced)         0.214     9.522    u_axi_slave/p_0_out__4_i_14_n_0
                         LUT3 (Prop_LUT3_I2_O)        0.040     9.562 f  u_axi_slave/p_0_out__4_i_1/O
                         net (fo=19, unplaced)        0.300     9.862    u_preprocessor/p_0_out__4/A[16]
                         DSP_A_B_DATA (Prop_DSP_A_B_DATA_A[16]_A2_DATA[16])
                                                      0.241    10.103 r  u_preprocessor/p_0_out__4/DSP_A_B_DATA_INST/A2_DATA[16]
                         net (fo=1, unplaced)         0.000    10.103    u_preprocessor/p_0_out__4/DSP_A_B_DATA.A2_DATA<16>
                         DSP_PREADD_DATA (Prop_DSP_PREADD_DATA_A2_DATA[16]_A2A1[16])
                                                      0.098    10.201 r  u_preprocessor/p_0_out__4/DSP_PREADD_DATA_INST/A2A1[16]
                         net (fo=1, unplaced)         0.000    10.201    u_preprocessor/p_0_out__4/DSP_PREADD_DATA.A2A1<16>
                         DSP_MULTIPLIER (Prop_DSP_MULTIPLIER_A2A1[16]_U[22])
                                                      0.647    10.848 f  u_preprocessor/p_0_out__4/DSP_MULTIPLIER_INST/U[22]
                         net (fo=1, unplaced)         0.000    10.848    u_preprocessor/p_0_out__4/DSP_MULTIPLIER.U<22>
                         DSP_M_DATA (Prop_DSP_M_DATA_U[22]_U_DATA[22])
                                                      0.059    10.907 r  u_preprocessor/p_0_out__4/DSP_M_DATA_INST/U_DATA[22]
                         net (fo=1, unplaced)         0.000    10.907    u_preprocessor/p_0_out__4/DSP_M_DATA.U_DATA<22>
                         DSP_ALU (Prop_DSP_ALU_U_DATA[22]_ALU_OUT[22])
                                                      0.699    11.606 r  u_preprocessor/p_0_out__4/DSP_ALU_INST/ALU_OUT[22]
                         net (fo=1, unplaced)         0.000    11.606    u_preprocessor/p_0_out__4/DSP_ALU.ALU_OUT<22>
                         DSP_OUTPUT (Prop_DSP_OUTPUT_ALU_OUT[22]_P[22])
                                                      0.141    11.747 f  u_preprocessor/p_0_out__4/DSP_OUTPUT_INST/P[22]
                         net (fo=8, unplaced)         0.316    12.063    u_preprocessor/p_0_out__6/A[24]
                         DSP_A_B_DATA (Prop_DSP_A_B_DATA_A[24]_A2_DATA[24])
                                                      0.241    12.304 r  u_preprocessor/p_0_out__6/DSP_A_B_DATA_INST/A2_DATA[24]
                         net (fo=1, unplaced)         0.000    12.304    u_preprocessor/p_0_out__6/DSP_A_B_DATA.A2_DATA<24>
                         DSP_PREADD_DATA (Prop_DSP_PREADD_DATA_A2_DATA[24]_A2A1[24])
                                                      0.098    12.402 r  u_preprocessor/p_0_out__6/DSP_PREADD_DATA_INST/A2A1[24]
                         net (fo=1, unplaced)         0.000    12.402    u_preprocessor/p_0_out__6/DSP_PREADD_DATA.A2A1<24>
                         DSP_MULTIPLIER (Prop_DSP_MULTIPLIER_A2A1[24]_V[24])
                                                      0.648    13.050 f  u_preprocessor/p_0_out__6/DSP_MULTIPLIER_INST/V[24]
                         net (fo=1, unplaced)         0.000    13.050    u_preprocessor/p_0_out__6/DSP_MULTIPLIER.V<24>
                         DSP_M_DATA (Prop_DSP_M_DATA_V[24]_V_DATA[24])
                                                      0.057    13.107 r  u_preprocessor/p_0_out__6/DSP_M_DATA_INST/V_DATA[24]
                         net (fo=1, unplaced)         0.000    13.107    u_preprocessor/p_0_out__6/DSP_M_DATA.V_DATA<24>
                         DSP_ALU (Prop_DSP_ALU_V_DATA[24]_ALU_OUT[24])
                                                      0.688    13.795 f  u_preprocessor/p_0_out__6/DSP_ALU_INST/ALU_OUT[24]
                         net (fo=1, unplaced)         0.000    13.795    u_preprocessor/p_0_out__6/DSP_ALU.ALU_OUT<24>
                         DSP_OUTPUT (Prop_DSP_OUTPUT_ALU_OUT[24]_P[24])
                                                      0.141    13.936 r  u_preprocessor/p_0_out__6/DSP_OUTPUT_INST/P[24]
                         net (fo=1, unplaced)         0.246    14.182    u_preprocessor/grav_y[4]
                         FDRE                                         r  u_preprocessor/pred_data_out_reg[pred_accel_y_1][4]/D
  -------------------------------------------------------------------    -------------------

                         (clock s_axi_aclk rise edge)
                                                     10.000    10.000 r  
                                                      0.000    10.000 r  S_AXI_ACLK (IN)
                         net (fo=0)                   0.000    10.000    S_AXI_ACLK_IBUF_inst/I
                         INBUF (Prop_INBUF_PAD_O)     0.275    10.275 r  S_AXI_ACLK_IBUF_inst/INBUF_INST/O
                         net (fo=1, unplaced)         0.000    10.275    S_AXI_ACLK_IBUF_inst/OUT
                         IBUFCTRL (Prop_IBUFCTRL_I_O)
                                                      0.000    10.275 r  S_AXI_ACLK_IBUF_inst/IBUFCTRL_INST/O
                         net (fo=1, unplaced)         0.140    10.415    S_AXI_ACLK_IBUF
                         BUFGCE (Prop_BUFGCE_I_O)     0.024    10.439 r  S_AXI_ACLK_IBUF_BUFG_inst/O
                         net (fo=5788, unplaced)      2.439    12.878    u_preprocessor/S_AXI_ACLK_IBUF_BUFG
                         FDRE                                         r  u_preprocessor/pred_data_out_reg[pred_accel_y_1][4]/C
                         clock pessimism              0.300    13.178    
                         clock uncertainty           -0.035    13.143    
                         FDRE (Setup_FDRE_C_D)        0.027    13.170    u_preprocessor/pred_data_out_reg[pred_accel_y_1][4]
  -------------------------------------------------------------------
                         required time                         13.170    
                         arrival time                         -14.182    
  -------------------------------------------------------------------
                         slack                                 -1.012    

Slack (VIOLATED) :        -0.987ns  (required time - arrival time)
  Source:                 u_axi_slave/slv_reg3_reg[5]/C
                            (rising edge-triggered cell FDRE clocked by s_axi_aclk  {rise@0.000ns fall@5.000ns period=10.000ns})
  Destination:            u_preprocessor/pred_data_out_reg[pred_accel_y_1][0]/D
                            (rising edge-triggered cell FDRE clocked by s_axi_aclk  {rise@0.000ns fall@5.000ns period=10.000ns})
  Path Group:             s_axi_aclk
  Path Type:              Setup (Max at Slow Process Corner)
  Requirement:            10.000ns  (s_axi_aclk rise@10.000ns - s_axi_aclk rise@0.000ns)
  Data Path Delay:        10.834ns  (logic 7.013ns (64.731%)  route 3.821ns (35.269%))
  Logic Levels:           32  (CARRY8=2 DSP_A_B_DATA=3 DSP_ALU=3 DSP_M_DATA=3 DSP_MULTIPLIER=3 DSP_OUTPUT=3 DSP_PREADD_DATA=3 LUT3=1 LUT5=3 LUT6=8)
  Clock Path Skew:        -0.145ns (DCD - SCD + CPR)
    Destination Clock Delay (DCD):    2.878ns = ( 12.878 - 10.000 ) 
    Source Clock Delay      (SCD):    3.323ns
    Clock Pessimism Removal (CPR):    0.300ns
  Clock Uncertainty:      0.035ns  ((TSJ^2 + TIJ^2)^1/2 + DJ) / 2 + PE
    Total System Jitter     (TSJ):    0.071ns
    Total Input Jitter      (TIJ):    0.000ns
    Discrete Jitter          (DJ):    0.000ns
    Phase Error              (PE):    0.000ns

    Location             Delay type                Incr(ns)  Path(ns)    Netlist Resource(s)
  -------------------------------------------------------------------    -------------------
                         (clock s_axi_aclk rise edge)
                                                      0.000     0.000 r  
                                                      0.000     0.000 r  S_AXI_ACLK (IN)
                         net (fo=0)                   0.000     0.000    S_AXI_ACLK_IBUF_inst/I
                         INBUF (Prop_INBUF_PAD_O)     0.542     0.542 r  S_AXI_ACLK_IBUF_inst/INBUF_INST/O
                         net (fo=1, unplaced)         0.000     0.542    S_AXI_ACLK_IBUF_inst/OUT
                         IBUFCTRL (Prop_IBUFCTRL_I_O)
                                                      0.000     0.542 r  S_AXI_ACLK_IBUF_inst/IBUFCTRL_INST/O
                         net (fo=1, unplaced)         0.169     0.711    S_AXI_ACLK_IBUF
                         BUFGCE (Prop_BUFGCE_I_O)     0.028     0.739 r  S_AXI_ACLK_IBUF_BUFG_inst/O
                         net (fo=5788, unplaced)      2.584     3.323    u_axi_slave/S_AXI_ACLK_IBUF_BUFG
                         FDRE                                         r  u_axi_slave/slv_reg3_reg[5]/C
  -------------------------------------------------------------------    -------------------
                         FDRE (Prop_FDRE_C_Q)         0.093     3.416 f  u_axi_slave/slv_reg3_reg[5]/Q
                         net (fo=11, unplaced)        0.212     3.628    u_axi_slave/sim_data_out[incline_x][5]
                         LUT6 (Prop_LUT6_I0_O)        0.179     3.807 f  u_axi_slave/g0_b0__3_i_6/O
                         net (fo=7, unplaced)         0.239     4.046    u_axi_slave/g0_b0__3_i_6_n_0
                         LUT6 (Prop_LUT6_I3_O)        0.040     4.086 f  u_axi_slave/g0_b0__3_i_10/O
                         net (fo=2, unplaced)         0.214     4.300    u_axi_slave/g0_b0__3_i_10_n_0
                         LUT6 (Prop_LUT6_I3_O)        0.040     4.340 r  u_axi_slave/consistency_cnt[0]_i_31__9/O
                         net (fo=3, unplaced)         0.165     4.505    u_axi_slave/consistency_cnt[0]_i_31__9_n_0
                         LUT6 (Prop_LUT6_I0_O)        0.100     4.605 r  u_axi_slave/g0_b0__3_i_7/O
                         net (fo=11, unplaced)        0.249     4.854    u_axi_slave/g0_b0__3_i_7_n_0
                         LUT5 (Prop_LUT5_I4_O)        0.040     4.894 r  u_axi_slave/g0_b0__3_i_1/O
                         net (fo=81, unplaced)        0.242     5.136    u_axi_slave/g0_b0__3_i_1_n_0
                         LUT5 (Prop_LUT5_I0_O)        0.171     5.307 r  u_axi_slave/g0_b1__3/O
                         net (fo=6, unplaced)         0.236     5.543    u_axi_slave/slv_reg3_reg[7]_0[1]
                         LUT6 (Prop_LUT6_I5_O)        0.039     5.582 r  u_axi_slave/g0_b1__4__0/O
                         net (fo=1, unplaced)         0.025     5.607    u_axi_slave/g0_b1__4__0_n_0
                         CARRY8 (Prop_CARRY8_S[1]_CO[7])
                                                      0.245     5.852 r  u_axi_slave/p_0_out__3_i_9/CO[7]
                         net (fo=1, unplaced)         0.007     5.859    u_axi_slave/p_0_out__3_i_9_n_0
                         CARRY8 (Prop_CARRY8_CI_O[0])
                                                      0.072     5.931 f  u_axi_slave/p_0_out__3_i_8/O[0]
                         net (fo=1, unplaced)         0.262     6.193    u_preprocessor/p_0_out__3/A[8]
                         DSP_A_B_DATA (Prop_DSP_A_B_DATA_A[8]_A2_DATA[8])
                                                      0.241     6.434 r  u_preprocessor/p_0_out__3/DSP_A_B_DATA_INST/A2_DATA[8]
                         net (fo=1, unplaced)         0.000     6.434    u_preprocessor/p_0_out__3/DSP_A_B_DATA.A2_DATA<8>
                         DSP_PREADD_DATA (Prop_DSP_PREADD_DATA_A2_DATA[8]_A2A1[8])
                                                      0.098     6.532 r  u_preprocessor/p_0_out__3/DSP_PREADD_DATA_INST/A2A1[8]
                         net (fo=1, unplaced)         0.000     6.532    u_preprocessor/p_0_out__3/DSP_PREADD_DATA.A2A1<8>
                         DSP_MULTIPLIER (Prop_DSP_MULTIPLIER_A2A1[8]_U[9])
                                                      0.647     7.179 f  u_preprocessor/p_0_out__3/DSP_MULTIPLIER_INST/U[9]
                         net (fo=1, unplaced)         0.000     7.179    u_preprocessor/p_0_out__3/DSP_MULTIPLIER.U<9>
                         DSP_M_DATA (Prop_DSP_M_DATA_U[9]_U_DATA[9])
                                                      0.059     7.238 r  u_preprocessor/p_0_out__3/DSP_M_DATA_INST/U_DATA[9]
                         net (fo=1, unplaced)         0.000     7.238    u_preprocessor/p_0_out__3/DSP_M_DATA.U_DATA<9>
                         DSP_ALU (Prop_DSP_ALU_U_DATA[9]_ALU_OUT[9])
                                                      0.699     7.937 f  u_preprocessor/p_0_out__3/DSP_ALU_INST/ALU_OUT[9]
                         net (fo=1, unplaced)         0.000     7.937    u_preprocessor/p_0_out__3/DSP_ALU.ALU_OUT<9>
                         DSP_OUTPUT (Prop_DSP_OUTPUT_ALU_OUT[9]_P[9])
                                                      0.141     8.078 r  u_preprocessor/p_0_out__3/DSP_OUTPUT_INST/P[9]
                         net (fo=3, unplaced)         0.265     8.343    u_axi_slave/p_0_out__4_i_8_0[2]
                         LUT6 (Prop_LUT6_I1_O)        0.179     8.522 r  u_axi_slave/p_0_out__4_i_21/O
                         net (fo=3, unplaced)         0.220     8.742    u_axi_slave/p_0_out__4_i_21_n_0
                         LUT6 (Prop_LUT6_I5_O)        0.040     8.782 f  u_axi_slave/p_0_out__4_i_19/O
                         net (fo=4, unplaced)         0.226     9.008    u_axi_slave/p_0_out__4_i_19_n_0
                         LUT5 (Prop_LUT5_I3_O)        0.040     9.048 r  u_axi_slave/p_0_out__4_i_15/O
                         net (fo=3, unplaced)         0.220     9.268    u_axi_slave/p_0_out__4_i_15_n_0
                         LUT6 (Prop_LUT6_I0_O)        0.040     9.308 r  u_axi_slave/p_0_out__4_i_14/O
                         net (fo=2, unplaced)         0.214     9.522    u_axi_slave/p_0_out__4_i_14_n_0
                         LUT3 (Prop_LUT3_I2_O)        0.040     9.562 f  u_axi_slave/p_0_out__4_i_1/O
                         net (fo=19, unplaced)        0.300     9.862    u_preprocessor/p_0_out__4/A[16]
                         DSP_A_B_DATA (Prop_DSP_A_B_DATA_A[16]_A2_DATA[16])
                                                      0.241    10.103 r  u_preprocessor/p_0_out__4/DSP_A_B_DATA_INST/A2_DATA[16]
                         net (fo=1, unplaced)         0.000    10.103    u_preprocessor/p_0_out__4/DSP_A_B_DATA.A2_DATA<16>
                         DSP_PREADD_DATA (Prop_DSP_PREADD_DATA_A2_DATA[16]_A2A1[16])
                                                      0.098    10.201 r  u_preprocessor/p_0_out__4/DSP_PREADD_DATA_INST/A2A1[16]
                         net (fo=1, unplaced)         0.000    10.201    u_preprocessor/p_0_out__4/DSP_PREADD_DATA.A2A1<16>
                         DSP_MULTIPLIER (Prop_DSP_MULTIPLIER_A2A1[16]_U[19])
                                                      0.647    10.848 f  u_preprocessor/p_0_out__4/DSP_MULTIPLIER_INST/U[19]
                         net (fo=1, unplaced)         0.000    10.848    u_preprocessor/p_0_out__4/DSP_MULTIPLIER.U<19>
                         DSP_M_DATA (Prop_DSP_M_DATA_U[19]_U_DATA[19])
                                                      0.059    10.907 r  u_preprocessor/p_0_out__4/DSP_M_DATA_INST/U_DATA[19]
                         net (fo=1, unplaced)         0.000    10.907    u_preprocessor/p_0_out__4/DSP_M_DATA.U_DATA<19>
                         DSP_ALU (Prop_DSP_ALU_U_DATA[19]_ALU_OUT[19])
                                                      0.699    11.606 r  u_preprocessor/p_0_out__4/DSP_ALU_INST/ALU_OUT[19]
                         net (fo=1, unplaced)         0.000    11.606    u_preprocessor/p_0_out__4/DSP_ALU.ALU_OUT<19>
                         DSP_OUTPUT (Prop_DSP_OUTPUT_ALU_OUT[19]_P[19])
                                                      0.141    11.747 f  u_preprocessor/p_0_out__4/DSP_OUTPUT_INST/P[19]
                         net (fo=1, unplaced)         0.238    11.985    u_preprocessor/p_0_out__6/A[19]
                         DSP_A_B_DATA (Prop_DSP_A_B_DATA_A[19]_A2_DATA[19])
                                                      0.241    12.226 r  u_preprocessor/p_0_out__6/DSP_A_B_DATA_INST/A2_DATA[19]
                         net (fo=1, unplaced)         0.000    12.226    u_preprocessor/p_0_out__6/DSP_A_B_DATA.A2_DATA<19>
                         DSP_PREADD_DATA (Prop_DSP_PREADD_DATA_A2_DATA[19]_A2A1[19])
                                                      0.098    12.324 r  u_preprocessor/p_0_out__6/DSP_PREADD_DATA_INST/A2A1[19]
                         net (fo=1, unplaced)         0.000    12.324    u_preprocessor/p_0_out__6/DSP_PREADD_DATA.A2A1<19>
                         DSP_MULTIPLIER (Prop_DSP_MULTIPLIER_A2A1[19]_U[20])
                                                      0.647    12.971 f  u_preprocessor/p_0_out__6/DSP_MULTIPLIER_INST/U[20]
                         net (fo=1, unplaced)         0.000    12.971    u_preprocessor/p_0_out__6/DSP_MULTIPLIER.U<20>
                         DSP_M_DATA (Prop_DSP_M_DATA_U[20]_U_DATA[20])
                                                      0.059    13.030 r  u_preprocessor/p_0_out__6/DSP_M_DATA_INST/U_DATA[20]
                         net (fo=1, unplaced)         0.000    13.030    u_preprocessor/p_0_out__6/DSP_M_DATA.U_DATA<20>
                         DSP_ALU (Prop_DSP_ALU_U_DATA[20]_ALU_OUT[20])
                                                      0.699    13.729 f  u_preprocessor/p_0_out__6/DSP_ALU_INST/ALU_OUT[20]
                         net (fo=1, unplaced)         0.000    13.729    u_preprocessor/p_0_out__6/DSP_ALU.ALU_OUT<20>
                         DSP_OUTPUT (Prop_DSP_OUTPUT_ALU_OUT[20]_P[20])
                                                      0.141    13.870 r  u_preprocessor/p_0_out__6/DSP_OUTPUT_INST/P[20]
                         net (fo=1, unplaced)         0.287    14.157    u_preprocessor/grav_y[0]
                         FDRE                                         r  u_preprocessor/pred_data_out_reg[pred_accel_y_1][0]/D
  -------------------------------------------------------------------    -------------------

                         (clock s_axi_aclk rise edge)
                                                     10.000    10.000 r  
                                                      0.000    10.000 r  S_AXI_ACLK (IN)
                         net (fo=0)                   0.000    10.000    S_AXI_ACLK_IBUF_inst/I
                         INBUF (Prop_INBUF_PAD_O)     0.275    10.275 r  S_AXI_ACLK_IBUF_inst/INBUF_INST/O
                         net (fo=1, unplaced)         0.000    10.275    S_AXI_ACLK_IBUF_inst/OUT
                         IBUFCTRL (Prop_IBUFCTRL_I_O)
                                                      0.000    10.275 r  S_AXI_ACLK_IBUF_inst/IBUFCTRL_INST/O
                         net (fo=1, unplaced)         0.140    10.415    S_AXI_ACLK_IBUF
                         BUFGCE (Prop_BUFGCE_I_O)     0.024    10.439 r  S_AXI_ACLK_IBUF_BUFG_inst/O
                         net (fo=5788, unplaced)      2.439    12.878    u_preprocessor/S_AXI_ACLK_IBUF_BUFG
                         FDRE                                         r  u_preprocessor/pred_data_out_reg[pred_accel_y_1][0]/C
                         clock pessimism              0.300    13.178    
                         clock uncertainty           -0.035    13.143    
                         FDRE (Setup_FDRE_C_D)        0.027    13.170    u_preprocessor/pred_data_out_reg[pred_accel_y_1][0]
  -------------------------------------------------------------------
                         required time                         13.170    
                         arrival time                         -14.157    
  -------------------------------------------------------------------
                         slack                                 -0.987    

Slack (VIOLATED) :        -0.633ns  (required time - arrival time)
  Source:                 u_axi_slave/slv_reg3_reg[5]/C
                            (rising edge-triggered cell FDRE clocked by s_axi_aclk  {rise@0.000ns fall@5.000ns period=10.000ns})
  Destination:            u_preprocessor/pred_data_out_reg[pred_accel_z_1][11]/D
                            (rising edge-triggered cell FDRE clocked by s_axi_aclk  {rise@0.000ns fall@5.000ns period=10.000ns})
  Path Group:             s_axi_aclk
  Path Type:              Setup (Max at Slow Process Corner)
  Requirement:            10.000ns  (s_axi_aclk rise@10.000ns - s_axi_aclk rise@0.000ns)
  Data Path Delay:        10.480ns  (logic 7.303ns (69.685%)  route 3.177ns (30.315%))
  Logic Levels:           31  (CARRY8=4 DSP_A_B_DATA=3 DSP_ALU=3 DSP_M_DATA=3 DSP_MULTIPLIER=3 DSP_OUTPUT=3 DSP_PREADD_DATA=3 LUT2=2 LUT5=2 LUT6=5)
  Clock Path Skew:        -0.145ns (DCD - SCD + CPR)
    Destination Clock Delay (DCD):    2.878ns = ( 12.878 - 10.000 ) 
    Source Clock Delay      (SCD):    3.323ns
    Clock Pessimism Removal (CPR):    0.300ns
  Clock Uncertainty:      0.035ns  ((TSJ^2 + TIJ^2)^1/2 + DJ) / 2 + PE
    Total System Jitter     (TSJ):    0.071ns
    Total Input Jitter      (TIJ):    0.000ns
    Discrete Jitter          (DJ):    0.000ns
    Phase Error              (PE):    0.000ns

    Location             Delay type                Incr(ns)  Path(ns)    Netlist Resource(s)
  -------------------------------------------------------------------    -------------------
                         (clock s_axi_aclk rise edge)
                                                      0.000     0.000 r  
                                                      0.000     0.000 r  S_AXI_ACLK (IN)
                         net (fo=0)                   0.000     0.000    S_AXI_ACLK_IBUF_inst/I
                         INBUF (Prop_INBUF_PAD_O)     0.542     0.542 r  S_AXI_ACLK_IBUF_inst/INBUF_INST/O
                         net (fo=1, unplaced)         0.000     0.542    S_AXI_ACLK_IBUF_inst/OUT
                         IBUFCTRL (Prop_IBUFCTRL_I_O)
                                                      0.000     0.542 r  S_AXI_ACLK_IBUF_inst/IBUFCTRL_INST/O
                         net (fo=1, unplaced)         0.169     0.711    S_AXI_ACLK_IBUF
                         BUFGCE (Prop_BUFGCE_I_O)     0.028     0.739 r  S_AXI_ACLK_IBUF_BUFG_inst/O
                         net (fo=5788, unplaced)      2.584     3.323    u_axi_slave/S_AXI_ACLK_IBUF_BUFG
                         FDRE                                         r  u_axi_slave/slv_reg3_reg[5]/C
  -------------------------------------------------------------------    -------------------
                         FDRE (Prop_FDRE_C_Q)         0.093     3.416 f  u_axi_slave/slv_reg3_reg[5]/Q
                         net (fo=11, unplaced)        0.212     3.628    u_axi_slave/sim_data_out[incline_x][5]
                         LUT6 (Prop_LUT6_I0_O)        0.179     3.807 f  u_axi_slave/g0_b0__3_i_6/O
                         net (fo=7, unplaced)         0.239     4.046    u_axi_slave/g0_b0__3_i_6_n_0
                         LUT6 (Prop_LUT6_I3_O)        0.040     4.086 f  u_axi_slave/g0_b0__3_i_10/O
                         net (fo=2, unplaced)         0.214     4.300    u_axi_slave/g0_b0__3_i_10_n_0
                         LUT6 (Prop_LUT6_I3_O)        0.040     4.340 r  u_axi_slave/consistency_cnt[0]_i_31__9/O
                         net (fo=3, unplaced)         0.165     4.505    u_axi_slave/consistency_cnt[0]_i_31__9_n_0
                         LUT6 (Prop_LUT6_I0_O)        0.100     4.605 r  u_axi_slave/g0_b0__3_i_7/O
                         net (fo=11, unplaced)        0.249     4.854    u_axi_slave/g0_b0__3_i_7_n_0
                         LUT5 (Prop_LUT5_I4_O)        0.040     4.894 r  u_axi_slave/g0_b0__3_i_1/O
                         net (fo=81, unplaced)        0.242     5.136    u_axi_slave/g0_b0__3_i_1_n_0
                         LUT5 (Prop_LUT5_I0_O)        0.171     5.307 r  u_axi_slave/g0_b9__9/O
                         net (fo=3, unplaced)         0.162     5.469    u_axi_slave/g0_b9__9_n_0
                         LUT2 (Prop_LUT2_I0_O)        0.121     5.590 r  u_axi_slave/p_0_out__9_i_3/O
                         net (fo=1, unplaced)         0.280     5.870    u_axi_slave/p_0_out__9_i_3_n_0
                         CARRY8 (Prop_CARRY8_DI[2]_O[3])
                                                      0.119     5.989 f  u_axi_slave/p_0_out__9_i_1/O[3]
                         net (fo=1, unplaced)         0.201     6.190    u_preprocessor/p_0_out__9/A[11]
                         DSP_A_B_DATA (Prop_DSP_A_B_DATA_A[11]_A2_DATA[11])
                                                      0.241     6.431 r  u_preprocessor/p_0_out__9/DSP_A_B_DATA_INST/A2_DATA[11]
                         net (fo=1, unplaced)         0.000     6.431    u_preprocessor/p_0_out__9/DSP_A_B_DATA.A2_DATA<11>
                         DSP_PREADD_DATA (Prop_DSP_PREADD_DATA_A2_DATA[11]_A2A1[11])
                                                      0.098     6.529 r  u_preprocessor/p_0_out__9/DSP_PREADD_DATA_INST/A2A1[11]
                         net (fo=1, unplaced)         0.000     6.529    u_preprocessor/p_0_out__9/DSP_PREADD_DATA.A2A1<11>
                         DSP_MULTIPLIER (Prop_DSP_MULTIPLIER_A2A1[11]_V[11])
                                                      0.648     7.177 f  u_preprocessor/p_0_out__9/DSP_MULTIPLIER_INST/V[11]
                         net (fo=1, unplaced)         0.000     7.177    u_preprocessor/p_0_out__9/DSP_MULTIPLIER.V<11>
                         DSP_M_DATA (Prop_DSP_M_DATA_V[11]_V_DATA[11])
                                                      0.057     7.234 r  u_preprocessor/p_0_out__9/DSP_M_DATA_INST/V_DATA[11]
                         net (fo=1, unplaced)         0.000     7.234    u_preprocessor/p_0_out__9/DSP_M_DATA.V_DATA<11>
                         DSP_ALU (Prop_DSP_ALU_V_DATA[11]_ALU_OUT[11])
                                                      0.688     7.922 f  u_preprocessor/p_0_out__9/DSP_ALU_INST/ALU_OUT[11]
                         net (fo=1, unplaced)         0.000     7.922    u_preprocessor/p_0_out__9/DSP_ALU.ALU_OUT<11>
                         DSP_OUTPUT (Prop_DSP_OUTPUT_ALU_OUT[11]_P[11])
                                                      0.141     8.063 r  u_preprocessor/p_0_out__9/DSP_OUTPUT_INST/P[11]
                         net (fo=1, unplaced)         0.264     8.327    u_axi_slave/p_0_out__10_i_2_0[4]
                         LUT6 (Prop_LUT6_I5_O)        0.177     8.504 r  u_axi_slave/g0_b4__10__0/O
                         net (fo=1, unplaced)         0.022     8.526    u_axi_slave/g0_b4__10__0_n_0
                         CARRY8 (Prop_CARRY8_S[4]_CO[7])
                                                      0.205     8.731 r  u_axi_slave/p_0_out__10_i_2/CO[7]
                         net (fo=1, unplaced)         0.007     8.738    u_axi_slave/p_0_out__10_i_2_n_0
                         CARRY8 (Prop_CARRY8_CI_O[3])
                                                      0.104     8.842 f  u_axi_slave/p_0_out__10_i_1/O[3]
                         net (fo=19, unplaced)        0.292     9.134    u_preprocessor/p_0_out__10/A[12]
                         DSP_A_B_DATA (Prop_DSP_A_B_DATA_A[12]_A2_DATA[12])
                                                      0.241     9.375 r  u_preprocessor/p_0_out__10/DSP_A_B_DATA_INST/A2_DATA[12]
                         net (fo=1, unplaced)         0.000     9.375    u_preprocessor/p_0_out__10/DSP_A_B_DATA.A2_DATA<12>
                         DSP_PREADD_DATA (Prop_DSP_PREADD_DATA_A2_DATA[12]_A2A1[12])
                                                      0.098     9.473 r  u_preprocessor/p_0_out__10/DSP_PREADD_DATA_INST/A2A1[12]
                         net (fo=1, unplaced)         0.000     9.473    u_preprocessor/p_0_out__10/DSP_PREADD_DATA.A2A1<12>
                         DSP_MULTIPLIER (Prop_DSP_MULTIPLIER_A2A1[12]_U[22])
                                                      0.647    10.120 f  u_preprocessor/p_0_out__10/DSP_MULTIPLIER_INST/U[22]
                         net (fo=1, unplaced)         0.000    10.120    u_preprocessor/p_0_out__10/DSP_MULTIPLIER.U<22>
                         DSP_M_DATA (Prop_DSP_M_DATA_U[22]_U_DATA[22])
                                                      0.059    10.179 r  u_preprocessor/p_0_out__10/DSP_M_DATA_INST/U_DATA[22]
                         net (fo=1, unplaced)         0.000    10.179    u_preprocessor/p_0_out__10/DSP_M_DATA.U_DATA<22>
                         DSP_ALU (Prop_DSP_ALU_U_DATA[22]_ALU_OUT[22])
                                                      0.699    10.878 r  u_preprocessor/p_0_out__10/DSP_ALU_INST/ALU_OUT[22]
                         net (fo=1, unplaced)         0.000    10.878    u_preprocessor/p_0_out__10/DSP_ALU.ALU_OUT<22>
                         DSP_OUTPUT (Prop_DSP_OUTPUT_ALU_OUT[22]_P[22])
                                                      0.141    11.019 f  u_preprocessor/p_0_out__10/DSP_OUTPUT_INST/P[22]
                         net (fo=8, unplaced)         0.316    11.335    u_preprocessor/p_0_out__11/A[24]
                         DSP_A_B_DATA (Prop_DSP_A_B_DATA_A[24]_A2_DATA[24])
                                                      0.241    11.576 r  u_preprocessor/p_0_out__11/DSP_A_B_DATA_INST/A2_DATA[24]
                         net (fo=1, unplaced)         0.000    11.576    u_preprocessor/p_0_out__11/DSP_A_B_DATA.A2_DATA<24>
                         DSP_PREADD_DATA (Prop_DSP_PREADD_DATA_A2_DATA[24]_A2A1[24])
                                                      0.098    11.674 r  u_preprocessor/p_0_out__11/DSP_PREADD_DATA_INST/A2A1[24]
                         net (fo=1, unplaced)         0.000    11.674    u_preprocessor/p_0_out__11/DSP_PREADD_DATA.A2A1<24>
                         DSP_MULTIPLIER (Prop_DSP_MULTIPLIER_A2A1[24]_U[29])
                                                      0.647    12.321 f  u_preprocessor/p_0_out__11/DSP_MULTIPLIER_INST/U[29]
                         net (fo=1, unplaced)         0.000    12.321    u_preprocessor/p_0_out__11/DSP_MULTIPLIER.U<29>
                         DSP_M_DATA (Prop_DSP_M_DATA_U[29]_U_DATA[29])
                                                      0.059    12.380 r  u_preprocessor/p_0_out__11/DSP_M_DATA_INST/U_DATA[29]
                         net (fo=1, unplaced)         0.000    12.380    u_preprocessor/p_0_out__11/DSP_M_DATA.U_DATA<29>
                         DSP_ALU (Prop_DSP_ALU_U_DATA[29]_ALU_OUT[29])
                                                      0.699    13.079 f  u_preprocessor/p_0_out__11/DSP_ALU_INST/ALU_OUT[29]
                         net (fo=1, unplaced)         0.000    13.079    u_preprocessor/p_0_out__11/DSP_ALU.ALU_OUT<29>
                         DSP_OUTPUT (Prop_DSP_OUTPUT_ALU_OUT[29]_P[29])
                                                      0.141    13.220 r  u_preprocessor/p_0_out__11/DSP_OUTPUT_INST/P[29]
                         net (fo=2, unplaced)         0.252    13.472    u_preprocessor/grav_z[9]
                         LUT2 (Prop_LUT2_I1_O)        0.062    13.534 r  u_preprocessor/pred_data_out[pred_accel_z_1][11]_i_6/O
                         net (fo=1, unplaced)         0.030    13.564    u_preprocessor/pred_data_out[pred_accel_z_1][11]_i_6_n_0
                         CARRY8 (Prop_CARRY8_S[2]_O[4])
                                                      0.209    13.773 r  u_preprocessor/pred_data_out_reg[pred_accel_z_1][11]_i_1/O[4]
                         net (fo=1, unplaced)         0.030    13.803    u_preprocessor/pred_data_out_reg[pred_accel_z_1][11]_i_1_n_11
                         FDRE                                         r  u_preprocessor/pred_data_out_reg[pred_accel_z_1][11]/D
  -------------------------------------------------------------------    -------------------

                         (clock s_axi_aclk rise edge)
                                                     10.000    10.000 r  
                                                      0.000    10.000 r  S_AXI_ACLK (IN)
                         net (fo=0)                   0.000    10.000    S_AXI_ACLK_IBUF_inst/I
                         INBUF (Prop_INBUF_PAD_O)     0.275    10.275 r  S_AXI_ACLK_IBUF_inst/INBUF_INST/O
                         net (fo=1, unplaced)         0.000    10.275    S_AXI_ACLK_IBUF_inst/OUT
                         IBUFCTRL (Prop_IBUFCTRL_I_O)
                                                      0.000    10.275 r  S_AXI_ACLK_IBUF_inst/IBUFCTRL_INST/O
                         net (fo=1, unplaced)         0.140    10.415    S_AXI_ACLK_IBUF
                         BUFGCE (Prop_BUFGCE_I_O)     0.024    10.439 r  S_AXI_ACLK_IBUF_BUFG_inst/O
                         net (fo=5788, unplaced)      2.439    12.878    u_preprocessor/S_AXI_ACLK_IBUF_BUFG
                         FDRE                                         r  u_preprocessor/pred_data_out_reg[pred_accel_z_1][11]/C
                         clock pessimism              0.300    13.178    
                         clock uncertainty           -0.035    13.143    
                         FDRE (Setup_FDRE_C_D)        0.027    13.170    u_preprocessor/pred_data_out_reg[pred_accel_z_1][11]
  -------------------------------------------------------------------
                         required time                         13.170    
                         arrival time                         -13.803    
  -------------------------------------------------------------------
                         slack                                 -0.633    

Slack (VIOLATED) :        -0.536ns  (required time - arrival time)
  Source:                 u_axi_slave/slv_reg3_reg[5]/C
                            (rising edge-triggered cell FDRE clocked by s_axi_aclk  {rise@0.000ns fall@5.000ns period=10.000ns})
  Destination:            u_preprocessor/pred_data_out_reg[pred_accel_z_1][10]/D
                            (rising edge-triggered cell FDRE clocked by s_axi_aclk  {rise@0.000ns fall@5.000ns period=10.000ns})
  Path Group:             s_axi_aclk
  Path Type:              Setup (Max at Slow Process Corner)
  Requirement:            10.000ns  (s_axi_aclk rise@10.000ns - s_axi_aclk rise@0.000ns)
  Data Path Delay:        10.383ns  (logic 7.204ns (69.383%)  route 3.179ns (30.617%))
  Logic Levels:           31  (CARRY8=4 DSP_A_B_DATA=3 DSP_ALU=3 DSP_M_DATA=3 DSP_MULTIPLIER=3 DSP_OUTPUT=3 DSP_PREADD_DATA=3 LUT2=2 LUT5=2 LUT6=5)
  Clock Path Skew:        -0.145ns (DCD - SCD + CPR)
    Destination Clock Delay (DCD):    2.878ns = ( 12.878 - 10.000 ) 
    Source Clock Delay      (SCD):    3.323ns
    Clock Pessimism Removal (CPR):    0.300ns
  Clock Uncertainty:      0.035ns  ((TSJ^2 + TIJ^2)^1/2 + DJ) / 2 + PE
    Total System Jitter     (TSJ):    0.071ns
    Total Input Jitter      (TIJ):    0.000ns
    Discrete Jitter          (DJ):    0.000ns
    Phase Error              (PE):    0.000ns

    Location             Delay type                Incr(ns)  Path(ns)    Netlist Resource(s)
  -------------------------------------------------------------------    -------------------
                         (clock s_axi_aclk rise edge)
                                                      0.000     0.000 r  
                                                      0.000     0.000 r  S_AXI_ACLK (IN)
                         net (fo=0)                   0.000     0.000    S_AXI_ACLK_IBUF_inst/I
                         INBUF (Prop_INBUF_PAD_O)     0.542     0.542 r  S_AXI_ACLK_IBUF_inst/INBUF_INST/O
                         net (fo=1, unplaced)         0.000     0.542    S_AXI_ACLK_IBUF_inst/OUT
                         IBUFCTRL (Prop_IBUFCTRL_I_O)
                                                      0.000     0.542 r  S_AXI_ACLK_IBUF_inst/IBUFCTRL_INST/O
                         net (fo=1, unplaced)         0.169     0.711    S_AXI_ACLK_IBUF
                         BUFGCE (Prop_BUFGCE_I_O)     0.028     0.739 r  S_AXI_ACLK_IBUF_BUFG_inst/O
                         net (fo=5788, unplaced)      2.584     3.323    u_axi_slave/S_AXI_ACLK_IBUF_BUFG
                         FDRE                                         r  u_axi_slave/slv_reg3_reg[5]/C
  -------------------------------------------------------------------    -------------------
                         FDRE (Prop_FDRE_C_Q)         0.093     3.416 f  u_axi_slave/slv_reg3_reg[5]/Q
                         net (fo=11, unplaced)        0.212     3.628    u_axi_slave/sim_data_out[incline_x][5]
                         LUT6 (Prop_LUT6_I0_O)        0.179     3.807 f  u_axi_slave/g0_b0__3_i_6/O
                         net (fo=7, unplaced)         0.239     4.046    u_axi_slave/g0_b0__3_i_6_n_0
                         LUT6 (Prop_LUT6_I3_O)        0.040     4.086 f  u_axi_slave/g0_b0__3_i_10/O
                         net (fo=2, unplaced)         0.214     4.300    u_axi_slave/g0_b0__3_i_10_n_0
                         LUT6 (Prop_LUT6_I3_O)        0.040     4.340 r  u_axi_slave/consistency_cnt[0]_i_31__9/O
                         net (fo=3, unplaced)         0.165     4.505    u_axi_slave/consistency_cnt[0]_i_31__9_n_0
                         LUT6 (Prop_LUT6_I0_O)        0.100     4.605 r  u_axi_slave/g0_b0__3_i_7/O
                         net (fo=11, unplaced)        0.249     4.854    u_axi_slave/g0_b0__3_i_7_n_0
                         LUT5 (Prop_LUT5_I4_O)        0.040     4.894 r  u_axi_slave/g0_b0__3_i_1/O
                         net (fo=81, unplaced)        0.242     5.136    u_axi_slave/g0_b0__3_i_1_n_0
                         LUT5 (Prop_LUT5_I0_O)        0.171     5.307 r  u_axi_slave/g0_b9__9/O
                         net (fo=3, unplaced)         0.162     5.469    u_axi_slave/g0_b9__9_n_0
                         LUT2 (Prop_LUT2_I0_O)        0.121     5.590 r  u_axi_slave/p_0_out__9_i_3/O
                         net (fo=1, unplaced)         0.280     5.870    u_axi_slave/p_0_out__9_i_3_n_0
                         CARRY8 (Prop_CARRY8_DI[2]_O[3])
                                                      0.119     5.989 f  u_axi_slave/p_0_out__9_i_1/O[3]
                         net (fo=1, unplaced)         0.201     6.190    u_preprocessor/p_0_out__9/A[11]
                         DSP_A_B_DATA (Prop_DSP_A_B_DATA_A[11]_A2_DATA[11])
                                                      0.241     6.431 r  u_preprocessor/p_0_out__9/DSP_A_B_DATA_INST/A2_DATA[11]
                         net (fo=1, unplaced)         0.000     6.431    u_preprocessor/p_0_out__9/DSP_A_B_DATA.A2_DATA<11>
                         DSP_PREADD_DATA (Prop_DSP_PREADD_DATA_A2_DATA[11]_A2A1[11])
                                                      0.098     6.529 r  u_preprocessor/p_0_out__9/DSP_PREADD_DATA_INST/A2A1[11]
                         net (fo=1, unplaced)         0.000     6.529    u_preprocessor/p_0_out__9/DSP_PREADD_DATA.A2A1<11>
                         DSP_MULTIPLIER (Prop_DSP_MULTIPLIER_A2A1[11]_V[11])
                                                      0.648     7.177 f  u_preprocessor/p_0_out__9/DSP_MULTIPLIER_INST/V[11]
                         net (fo=1, unplaced)         0.000     7.177    u_preprocessor/p_0_out__9/DSP_MULTIPLIER.V<11>
                         DSP_M_DATA (Prop_DSP_M_DATA_V[11]_V_DATA[11])
                                                      0.057     7.234 r  u_preprocessor/p_0_out__9/DSP_M_DATA_INST/V_DATA[11]
                         net (fo=1, unplaced)         0.000     7.234    u_preprocessor/p_0_out__9/DSP_M_DATA.V_DATA<11>
                         DSP_ALU (Prop_DSP_ALU_V_DATA[11]_ALU_OUT[11])
                                                      0.688     7.922 f  u_preprocessor/p_0_out__9/DSP_ALU_INST/ALU_OUT[11]
                         net (fo=1, unplaced)         0.000     7.922    u_preprocessor/p_0_out__9/DSP_ALU.ALU_OUT<11>
                         DSP_OUTPUT (Prop_DSP_OUTPUT_ALU_OUT[11]_P[11])
                                                      0.141     8.063 r  u_preprocessor/p_0_out__9/DSP_OUTPUT_INST/P[11]
                         net (fo=1, unplaced)         0.264     8.327    u_axi_slave/p_0_out__10_i_2_0[4]
                         LUT6 (Prop_LUT6_I5_O)        0.177     8.504 r  u_axi_slave/g0_b4__10__0/O
                         net (fo=1, unplaced)         0.022     8.526    u_axi_slave/g0_b4__10__0_n_0
                         CARRY8 (Prop_CARRY8_S[4]_CO[7])
                                                      0.205     8.731 r  u_axi_slave/p_0_out__10_i_2/CO[7]
                         net (fo=1, unplaced)         0.007     8.738    u_axi_slave/p_0_out__10_i_2_n_0
                         CARRY8 (Prop_CARRY8_CI_O[3])
                                                      0.104     8.842 f  u_axi_slave/p_0_out__10_i_1/O[3]
                         net (fo=19, unplaced)        0.292     9.134    u_preprocessor/p_0_out__10/A[12]
                         DSP_A_B_DATA (Prop_DSP_A_B_DATA_A[12]_A2_DATA[12])
                                                      0.241     9.375 r  u_preprocessor/p_0_out__10/DSP_A_B_DATA_INST/A2_DATA[12]
                         net (fo=1, unplaced)         0.000     9.375    u_preprocessor/p_0_out__10/DSP_A_B_DATA.A2_DATA<12>
                         DSP_PREADD_DATA (Prop_DSP_PREADD_DATA_A2_DATA[12]_A2A1[12])
                                                      0.098     9.473 r  u_preprocessor/p_0_out__10/DSP_PREADD_DATA_INST/A2A1[12]
                         net (fo=1, unplaced)         0.000     9.473    u_preprocessor/p_0_out__10/DSP_PREADD_DATA.A2A1<12>
                         DSP_MULTIPLIER (Prop_DSP_MULTIPLIER_A2A1[12]_U[22])
                                                      0.647    10.120 f  u_preprocessor/p_0_out__10/DSP_MULTIPLIER_INST/U[22]
                         net (fo=1, unplaced)         0.000    10.120    u_preprocessor/p_0_out__10/DSP_MULTIPLIER.U<22>
                         DSP_M_DATA (Prop_DSP_M_DATA_U[22]_U_DATA[22])
                                                      0.059    10.179 r  u_preprocessor/p_0_out__10/DSP_M_DATA_INST/U_DATA[22]
                         net (fo=1, unplaced)         0.000    10.179    u_preprocessor/p_0_out__10/DSP_M_DATA.U_DATA<22>
                         DSP_ALU (Prop_DSP_ALU_U_DATA[22]_ALU_OUT[22])
                                                      0.699    10.878 r  u_preprocessor/p_0_out__10/DSP_ALU_INST/ALU_OUT[22]
                         net (fo=1, unplaced)         0.000    10.878    u_preprocessor/p_0_out__10/DSP_ALU.ALU_OUT<22>
                         DSP_OUTPUT (Prop_DSP_OUTPUT_ALU_OUT[22]_P[22])
                                                      0.141    11.019 f  u_preprocessor/p_0_out__10/DSP_OUTPUT_INST/P[22]
                         net (fo=8, unplaced)         0.316    11.335    u_preprocessor/p_0_out__11/A[24]
                         DSP_A_B_DATA (Prop_DSP_A_B_DATA_A[24]_A2_DATA[24])
                                                      0.241    11.576 r  u_preprocessor/p_0_out__11/DSP_A_B_DATA_INST/A2_DATA[24]
                         net (fo=1, unplaced)         0.000    11.576    u_preprocessor/p_0_out__11/DSP_A_B_DATA.A2_DATA<24>
                         DSP_PREADD_DATA (Prop_DSP_PREADD_DATA_A2_DATA[24]_A2A1[24])
                                                      0.098    11.674 r  u_preprocessor/p_0_out__11/DSP_PREADD_DATA_INST/A2A1[24]
                         net (fo=1, unplaced)         0.000    11.674    u_preprocessor/p_0_out__11/DSP_PREADD_DATA.A2A1<24>
                         DSP_MULTIPLIER (Prop_DSP_MULTIPLIER_A2A1[24]_U[29])
                                                      0.647    12.321 f  u_preprocessor/p_0_out__11/DSP_MULTIPLIER_INST/U[29]
                         net (fo=1, unplaced)         0.000    12.321    u_preprocessor/p_0_out__11/DSP_MULTIPLIER.U<29>
                         DSP_M_DATA (Prop_DSP_M_DATA_U[29]_U_DATA[29])
                                                      0.059    12.380 r  u_preprocessor/p_0_out__11/DSP_M_DATA_INST/U_DATA[29]
                         net (fo=1, unplaced)         0.000    12.380    u_preprocessor/p_0_out__11/DSP_M_DATA.U_DATA<29>
                         DSP_ALU (Prop_DSP_ALU_U_DATA[29]_ALU_OUT[29])
                                                      0.699    13.079 f  u_preprocessor/p_0_out__11/DSP_ALU_INST/ALU_OUT[29]
                         net (fo=1, unplaced)         0.000    13.079    u_preprocessor/p_0_out__11/DSP_ALU.ALU_OUT<29>
                         DSP_OUTPUT (Prop_DSP_OUTPUT_ALU_OUT[29]_P[29])
                                                      0.141    13.220 r  u_preprocessor/p_0_out__11/DSP_OUTPUT_INST/P[29]
                         net (fo=2, unplaced)         0.252    13.472    u_preprocessor/grav_z[9]
                         LUT2 (Prop_LUT2_I1_O)        0.062    13.534 r  u_preprocessor/pred_data_out[pred_accel_z_1][11]_i_6/O
                         net (fo=1, unplaced)         0.030    13.564    u_preprocessor/pred_data_out[pred_accel_z_1][11]_i_6_n_0
                         CARRY8 (Prop_CARRY8_S[2]_O[3])
                                                      0.110    13.674 r  u_preprocessor/pred_data_out_reg[pred_accel_z_1][11]_i_1/O[3]
                         net (fo=1, unplaced)         0.032    13.706    u_preprocessor/pred_data_out_reg[pred_accel_z_1][11]_i_1_n_12
                         FDRE                                         r  u_preprocessor/pred_data_out_reg[pred_accel_z_1][10]/D
  -------------------------------------------------------------------    -------------------

                         (clock s_axi_aclk rise edge)
                                                     10.000    10.000 r  
                                                      0.000    10.000 r  S_AXI_ACLK (IN)
                         net (fo=0)                   0.000    10.000    S_AXI_ACLK_IBUF_inst/I
                         INBUF (Prop_INBUF_PAD_O)     0.275    10.275 r  S_AXI_ACLK_IBUF_inst/INBUF_INST/O
                         net (fo=1, unplaced)         0.000    10.275    S_AXI_ACLK_IBUF_inst/OUT
                         IBUFCTRL (Prop_IBUFCTRL_I_O)
                                                      0.000    10.275 r  S_AXI_ACLK_IBUF_inst/IBUFCTRL_INST/O
                         net (fo=1, unplaced)         0.140    10.415    S_AXI_ACLK_IBUF
                         BUFGCE (Prop_BUFGCE_I_O)     0.024    10.439 r  S_AXI_ACLK_IBUF_BUFG_inst/O
                         net (fo=5788, unplaced)      2.439    12.878    u_preprocessor/S_AXI_ACLK_IBUF_BUFG
                         FDRE                                         r  u_preprocessor/pred_data_out_reg[pred_accel_z_1][10]/C
                         clock pessimism              0.300    13.178    
                         clock uncertainty           -0.035    13.143    
                         FDRE (Setup_FDRE_C_D)        0.027    13.170    u_preprocessor/pred_data_out_reg[pred_accel_z_1][10]
  -------------------------------------------------------------------
                         required time                         13.170    
                         arrival time                         -13.706    
  -------------------------------------------------------------------
                         slack                                 -0.536    

Slack (VIOLATED) :        -0.518ns  (required time - arrival time)
  Source:                 u_axi_slave/slv_reg3_reg[5]/C
                            (rising edge-triggered cell FDRE clocked by s_axi_aclk  {rise@0.000ns fall@5.000ns period=10.000ns})
  Destination:            u_preprocessor/pred_data_out_reg[pred_accel_z_1][9]/D
                            (rising edge-triggered cell FDRE clocked by s_axi_aclk  {rise@0.000ns fall@5.000ns period=10.000ns})
  Path Group:             s_axi_aclk
  Path Type:              Setup (Max at Slow Process Corner)
  Requirement:            10.000ns  (s_axi_aclk rise@10.000ns - s_axi_aclk rise@0.000ns)
  Data Path Delay:        10.365ns  (logic 7.263ns (70.072%)  route 3.102ns (29.928%))
  Logic Levels:           31  (CARRY8=4 DSP_A_B_DATA=3 DSP_ALU=3 DSP_M_DATA=3 DSP_MULTIPLIER=3 DSP_OUTPUT=3 DSP_PREADD_DATA=3 LUT2=2 LUT5=2 LUT6=5)
  Clock Path Skew:        -0.145ns (DCD - SCD + CPR)
    Destination Clock Delay (DCD):    2.878ns = ( 12.878 - 10.000 ) 
    Source Clock Delay      (SCD):    3.323ns
    Clock Pessimism Removal (CPR):    0.300ns
  Clock Uncertainty:      0.035ns  ((TSJ^2 + TIJ^2)^1/2 + DJ) / 2 + PE
    Total System Jitter     (TSJ):    0.071ns
    Total Input Jitter      (TIJ):    0.000ns
    Discrete Jitter          (DJ):    0.000ns
    Phase Error              (PE):    0.000ns

    Location             Delay type                Incr(ns)  Path(ns)    Netlist Resource(s)
  -------------------------------------------------------------------    -------------------
                         (clock s_axi_aclk rise edge)
                                                      0.000     0.000 r  
                                                      0.000     0.000 r  S_AXI_ACLK (IN)
                         net (fo=0)                   0.000     0.000    S_AXI_ACLK_IBUF_inst/I
                         INBUF (Prop_INBUF_PAD_O)     0.542     0.542 r  S_AXI_ACLK_IBUF_inst/INBUF_INST/O
                         net (fo=1, unplaced)         0.000     0.542    S_AXI_ACLK_IBUF_inst/OUT
                         IBUFCTRL (Prop_IBUFCTRL_I_O)
                                                      0.000     0.542 r  S_AXI_ACLK_IBUF_inst/IBUFCTRL_INST/O
                         net (fo=1, unplaced)         0.169     0.711    S_AXI_ACLK_IBUF
                         BUFGCE (Prop_BUFGCE_I_O)     0.028     0.739 r  S_AXI_ACLK_IBUF_BUFG_inst/O
                         net (fo=5788, unplaced)      2.584     3.323    u_axi_slave/S_AXI_ACLK_IBUF_BUFG
                         FDRE                                         r  u_axi_slave/slv_reg3_reg[5]/C
  -------------------------------------------------------------------    -------------------
                         FDRE (Prop_FDRE_C_Q)         0.093     3.416 f  u_axi_slave/slv_reg3_reg[5]/Q
                         net (fo=11, unplaced)        0.212     3.628    u_axi_slave/sim_data_out[incline_x][5]
                         LUT6 (Prop_LUT6_I0_O)        0.179     3.807 f  u_axi_slave/g0_b0__3_i_6/O
                         net (fo=7, unplaced)         0.239     4.046    u_axi_slave/g0_b0__3_i_6_n_0
                         LUT6 (Prop_LUT6_I3_O)        0.040     4.086 f  u_axi_slave/g0_b0__3_i_10/O
                         net (fo=2, unplaced)         0.214     4.300    u_axi_slave/g0_b0__3_i_10_n_0
                         LUT6 (Prop_LUT6_I3_O)        0.040     4.340 r  u_axi_slave/consistency_cnt[0]_i_31__9/O
                         net (fo=3, unplaced)         0.165     4.505    u_axi_slave/consistency_cnt[0]_i_31__9_n_0
                         LUT6 (Prop_LUT6_I0_O)        0.100     4.605 r  u_axi_slave/g0_b0__3_i_7/O
                         net (fo=11, unplaced)        0.249     4.854    u_axi_slave/g0_b0__3_i_7_n_0
                         LUT5 (Prop_LUT5_I4_O)        0.040     4.894 r  u_axi_slave/g0_b0__3_i_1/O
                         net (fo=81, unplaced)        0.242     5.136    u_axi_slave/g0_b0__3_i_1_n_0
                         LUT5 (Prop_LUT5_I0_O)        0.171     5.307 r  u_axi_slave/g0_b9__9/O
                         net (fo=3, unplaced)         0.162     5.469    u_axi_slave/g0_b9__9_n_0
                         LUT2 (Prop_LUT2_I0_O)        0.121     5.590 r  u_axi_slave/p_0_out__9_i_3/O
                         net (fo=1, unplaced)         0.280     5.870    u_axi_slave/p_0_out__9_i_3_n_0
                         CARRY8 (Prop_CARRY8_DI[2]_O[3])
                                                      0.119     5.989 f  u_axi_slave/p_0_out__9_i_1/O[3]
                         net (fo=1, unplaced)         0.201     6.190    u_preprocessor/p_0_out__9/A[11]
                         DSP_A_B_DATA (Prop_DSP_A_B_DATA_A[11]_A2_DATA[11])
                                                      0.241     6.431 r  u_preprocessor/p_0_out__9/DSP_A_B_DATA_INST/A2_DATA[11]
                         net (fo=1, unplaced)         0.000     6.431    u_preprocessor/p_0_out__9/DSP_A_B_DATA.A2_DATA<11>
                         DSP_PREADD_DATA (Prop_DSP_PREADD_DATA_A2_DATA[11]_A2A1[11])
                                                      0.098     6.529 r  u_preprocessor/p_0_out__9/DSP_PREADD_DATA_INST/A2A1[11]
                         net (fo=1, unplaced)         0.000     6.529    u_preprocessor/p_0_out__9/DSP_PREADD_DATA.A2A1<11>
                         DSP_MULTIPLIER (Prop_DSP_MULTIPLIER_A2A1[11]_V[11])
                                                      0.648     7.177 f  u_preprocessor/p_0_out__9/DSP_MULTIPLIER_INST/V[11]
                         net (fo=1, unplaced)         0.000     7.177    u_preprocessor/p_0_out__9/DSP_MULTIPLIER.V<11>
                         DSP_M_DATA (Prop_DSP_M_DATA_V[11]_V_DATA[11])
                                                      0.057     7.234 r  u_preprocessor/p_0_out__9/DSP_M_DATA_INST/V_DATA[11]
                         net (fo=1, unplaced)         0.000     7.234    u_preprocessor/p_0_out__9/DSP_M_DATA.V_DATA<11>
                         DSP_ALU (Prop_DSP_ALU_V_DATA[11]_ALU_OUT[11])
                                                      0.688     7.922 f  u_preprocessor/p_0_out__9/DSP_ALU_INST/ALU_OUT[11]
                         net (fo=1, unplaced)         0.000     7.922    u_preprocessor/p_0_out__9/DSP_ALU.ALU_OUT<11>
                         DSP_OUTPUT (Prop_DSP_OUTPUT_ALU_OUT[11]_P[11])
                                                      0.141     8.063 r  u_preprocessor/p_0_out__9/DSP_OUTPUT_INST/P[11]
                         net (fo=1, unplaced)         0.264     8.327    u_axi_slave/p_0_out__10_i_2_0[4]
                         LUT6 (Prop_LUT6_I5_O)        0.177     8.504 r  u_axi_slave/g0_b4__10__0/O
                         net (fo=1, unplaced)         0.022     8.526    u_axi_slave/g0_b4__10__0_n_0
                         CARRY8 (Prop_CARRY8_S[4]_CO[7])
                                                      0.205     8.731 r  u_axi_slave/p_0_out__10_i_2/CO[7]
                         net (fo=1, unplaced)         0.007     8.738    u_axi_slave/p_0_out__10_i_2_n_0
                         CARRY8 (Prop_CARRY8_CI_O[3])
                                                      0.104     8.842 f  u_axi_slave/p_0_out__10_i_1/O[3]
                         net (fo=19, unplaced)        0.292     9.134    u_preprocessor/p_0_out__10/A[12]
                         DSP_A_B_DATA (Prop_DSP_A_B_DATA_A[12]_A2_DATA[12])
                                                      0.241     9.375 r  u_preprocessor/p_0_out__10/DSP_A_B_DATA_INST/A2_DATA[12]
                         net (fo=1, unplaced)         0.000     9.375    u_preprocessor/p_0_out__10/DSP_A_B_DATA.A2_DATA<12>
                         DSP_PREADD_DATA (Prop_DSP_PREADD_DATA_A2_DATA[12]_A2A1[12])
                                                      0.098     9.473 r  u_preprocessor/p_0_out__10/DSP_PREADD_DATA_INST/A2A1[12]
                         net (fo=1, unplaced)         0.000     9.473    u_preprocessor/p_0_out__10/DSP_PREADD_DATA.A2A1<12>
                         DSP_MULTIPLIER (Prop_DSP_MULTIPLIER_A2A1[12]_U[22])
                                                      0.647    10.120 f  u_preprocessor/p_0_out__10/DSP_MULTIPLIER_INST/U[22]
                         net (fo=1, unplaced)         0.000    10.120    u_preprocessor/p_0_out__10/DSP_MULTIPLIER.U<22>
                         DSP_M_DATA (Prop_DSP_M_DATA_U[22]_U_DATA[22])
                                                      0.059    10.179 r  u_preprocessor/p_0_out__10/DSP_M_DATA_INST/U_DATA[22]
                         net (fo=1, unplaced)         0.000    10.179    u_preprocessor/p_0_out__10/DSP_M_DATA.U_DATA<22>
                         DSP_ALU (Prop_DSP_ALU_U_DATA[22]_ALU_OUT[22])
                                                      0.699    10.878 r  u_preprocessor/p_0_out__10/DSP_ALU_INST/ALU_OUT[22]
                         net (fo=1, unplaced)         0.000    10.878    u_preprocessor/p_0_out__10/DSP_ALU.ALU_OUT<22>
                         DSP_OUTPUT (Prop_DSP_OUTPUT_ALU_OUT[22]_P[22])
                                                      0.141    11.019 f  u_preprocessor/p_0_out__10/DSP_OUTPUT_INST/P[22]
                         net (fo=8, unplaced)         0.316    11.335    u_preprocessor/p_0_out__11/A[24]
                         DSP_A_B_DATA (Prop_DSP_A_B_DATA_A[24]_A2_DATA[24])
                                                      0.241    11.576 r  u_preprocessor/p_0_out__11/DSP_A_B_DATA_INST/A2_DATA[24]
                         net (fo=1, unplaced)         0.000    11.576    u_preprocessor/p_0_out__11/DSP_A_B_DATA.A2_DATA<24>
                         DSP_PREADD_DATA (Prop_DSP_PREADD_DATA_A2_DATA[24]_A2A1[24])
                                                      0.098    11.674 r  u_preprocessor/p_0_out__11/DSP_PREADD_DATA_INST/A2A1[24]
                         net (fo=1, unplaced)         0.000    11.674    u_preprocessor/p_0_out__11/DSP_PREADD_DATA.A2A1<24>
                         DSP_MULTIPLIER (Prop_DSP_MULTIPLIER_A2A1[24]_U[27])
                                                      0.647    12.321 f  u_preprocessor/p_0_out__11/DSP_MULTIPLIER_INST/U[27]
                         net (fo=1, unplaced)         0.000    12.321    u_preprocessor/p_0_out__11/DSP_MULTIPLIER.U<27>
                         DSP_M_DATA (Prop_DSP_M_DATA_U[27]_U_DATA[27])
                                                      0.059    12.380 r  u_preprocessor/p_0_out__11/DSP_M_DATA_INST/U_DATA[27]
                         net (fo=1, unplaced)         0.000    12.380    u_preprocessor/p_0_out__11/DSP_M_DATA.U_DATA<27>
                         DSP_ALU (Prop_DSP_ALU_U_DATA[27]_ALU_OUT[27])
                                                      0.699    13.079 f  u_preprocessor/p_0_out__11/DSP_ALU_INST/ALU_OUT[27]
                         net (fo=1, unplaced)         0.000    13.079    u_preprocessor/p_0_out__11/DSP_ALU.ALU_OUT<27>
                         DSP_OUTPUT (Prop_DSP_OUTPUT_ALU_OUT[27]_P[27])
                                                      0.141    13.220 r  u_preprocessor/p_0_out__11/DSP_OUTPUT_INST/P[27]
                         net (fo=2, unplaced)         0.184    13.404    u_preprocessor/grav_z[7]
                         LUT2 (Prop_LUT2_I1_O)        0.064    13.468 r  u_preprocessor/pred_data_out[pred_accel_z_1][11]_i_8/O
                         net (fo=1, unplaced)         0.021    13.489    u_preprocessor/pred_data_out[pred_accel_z_1][11]_i_8_n_0
                         CARRY8 (Prop_CARRY8_S[0]_O[2])
                                                      0.167    13.656 r  u_preprocessor/pred_data_out_reg[pred_accel_z_1][11]_i_1/O[2]
                         net (fo=1, unplaced)         0.032    13.688    u_preprocessor/pred_data_out_reg[pred_accel_z_1][11]_i_1_n_13
                         FDRE                                         r  u_preprocessor/pred_data_out_reg[pred_accel_z_1][9]/D
  -------------------------------------------------------------------    -------------------

                         (clock s_axi_aclk rise edge)
                                                     10.000    10.000 r  
                                                      0.000    10.000 r  S_AXI_ACLK (IN)
                         net (fo=0)                   0.000    10.000    S_AXI_ACLK_IBUF_inst/I
                         INBUF (Prop_INBUF_PAD_O)     0.275    10.275 r  S_AXI_ACLK_IBUF_inst/INBUF_INST/O
                         net (fo=1, unplaced)         0.000    10.275    S_AXI_ACLK_IBUF_inst/OUT
                         IBUFCTRL (Prop_IBUFCTRL_I_O)
                                                      0.000    10.275 r  S_AXI_ACLK_IBUF_inst/IBUFCTRL_INST/O
                         net (fo=1, unplaced)         0.140    10.415    S_AXI_ACLK_IBUF
                         BUFGCE (Prop_BUFGCE_I_O)     0.024    10.439 r  S_AXI_ACLK_IBUF_BUFG_inst/O
                         net (fo=5788, unplaced)      2.439    12.878    u_preprocessor/S_AXI_ACLK_IBUF_BUFG
                         FDRE                                         r  u_preprocessor/pred_data_out_reg[pred_accel_z_1][9]/C
                         clock pessimism              0.300    13.178    
                         clock uncertainty           -0.035    13.143    
                         FDRE (Setup_FDRE_C_D)        0.027    13.170    u_preprocessor/pred_data_out_reg[pred_accel_z_1][9]
  -------------------------------------------------------------------
                         required time                         13.170    
                         arrival time                         -13.688    
  -------------------------------------------------------------------
                         slack                                 -0.518    





Min Delay Paths
--------------------------------------------------------------------------------------
Slack (VIOLATED) :        -0.077ns  (arrival time - required time)
  Source:                 u_sensor_reliability/u_mask_20s_approach_speed/consistency_mask_20s_approach_speed_cnt_reg[0]/C
                            (rising edge-triggered cell FDRE clocked by s_axi_aclk  {rise@0.000ns fall@5.000ns period=10.000ns})
  Destination:            u_sensor_reliability/u_mask_20s_approach_speed/consistency_mask_20s_approach_speed_cnt_reg[1]/D
                            (rising edge-triggered cell FDRE clocked by s_axi_aclk  {rise@0.000ns fall@5.000ns period=10.000ns})
  Path Group:             s_axi_aclk
  Path Type:              Hold (Min at Fast Process Corner)
  Requirement:            0.000ns  (s_axi_aclk rise@0.000ns - s_axi_aclk rise@0.000ns)
  Data Path Delay:        0.114ns  (logic 0.085ns (74.561%)  route 0.029ns (25.439%))
  Logic Levels:           1  (CARRY8=1)
  Clock Path Skew:        0.145ns (DCD - SCD - CPR)
    Destination Clock Delay (DCD):    1.696ns
    Source Clock Delay      (SCD):    1.347ns
    Clock Pessimism Removal (CPR):    0.204ns

    Location             Delay type                Incr(ns)  Path(ns)    Netlist Resource(s)
  -------------------------------------------------------------------    -------------------
                         (clock s_axi_aclk rise edge)
                                                      0.000     0.000 r  
                                                      0.000     0.000 r  S_AXI_ACLK (IN)
                         net (fo=0)                   0.000     0.000    S_AXI_ACLK_IBUF_inst/I
                         INBUF (Prop_INBUF_PAD_O)     0.150     0.150 r  S_AXI_ACLK_IBUF_inst/INBUF_INST/O
                         net (fo=1, unplaced)         0.000     0.150    S_AXI_ACLK_IBUF_inst/OUT
                         IBUFCTRL (Prop_IBUFCTRL_I_O)
                                                      0.000     0.150 r  S_AXI_ACLK_IBUF_inst/IBUFCTRL_INST/O
                         net (fo=1, unplaced)         0.066     0.216    S_AXI_ACLK_IBUF
                         BUFGCE (Prop_BUFGCE_I_O)     0.017     0.233 r  S_AXI_ACLK_IBUF_BUFG_inst/O
                         net (fo=5788, unplaced)      1.114     1.347    u_sensor_reliability/u_mask_20s_approach_speed/S_AXI_ACLK_IBUF_BUFG
                         FDRE                                         r  u_sensor_reliability/u_mask_20s_approach_speed/consistency_mask_20s_approach_speed_cnt_reg[0]/C
  -------------------------------------------------------------------    -------------------
                         FDRE (Prop_FDRE_C_Q)         0.038     1.385 r  u_sensor_reliability/u_mask_20s_approach_speed/consistency_mask_20s_approach_speed_cnt_reg[0]/Q
                         net (fo=3, unplaced)         0.022     1.407    u_sensor_reliability/u_mask_20s_approach_speed/consistency_mask_20s_approach_speed_cnt_reg_n_0_[0]
                         CARRY8 (Prop_CARRY8_CI_O[0])
                                                      0.047     1.454 r  u_sensor_reliability/u_mask_20s_approach_speed/consistency_mask_20s_approach_speed_cnt_reg[8]_i_1/O[0]
                         net (fo=1, unplaced)         0.007     1.461    u_sensor_reliability/u_mask_20s_approach_speed/consistency_mask_20s_approach_speed_cnt_reg[8]_i_1_n_15
                         FDRE                                         r  u_sensor_reliability/u_mask_20s_approach_speed/consistency_mask_20s_approach_speed_cnt_reg[1]/D
  -------------------------------------------------------------------    -------------------

                         (clock s_axi_aclk rise edge)
                                                      0.000     0.000 r  
                                                      0.000     0.000 r  S_AXI_ACLK (IN)
                         net (fo=0)                   0.000     0.000    S_AXI_ACLK_IBUF_inst/I
                         INBUF (Prop_INBUF_PAD_O)     0.335     0.335 r  S_AXI_ACLK_IBUF_inst/INBUF_INST/O
                         net (fo=1, unplaced)         0.000     0.335    S_AXI_ACLK_IBUF_inst/OUT
                         IBUFCTRL (Prop_IBUFCTRL_I_O)
                                                      0.000     0.335 r  S_AXI_ACLK_IBUF_inst/IBUFCTRL_INST/O
                         net (fo=1, unplaced)         0.083     0.418    S_AXI_ACLK_IBUF
                         BUFGCE (Prop_BUFGCE_I_O)     0.019     0.437 r  S_AXI_ACLK_IBUF_BUFG_inst/O
                         net (fo=5788, unplaced)      1.259     1.696    u_sensor_reliability/u_mask_20s_approach_speed/S_AXI_ACLK_IBUF_BUFG
                         FDRE                                         r  u_sensor_reliability/u_mask_20s_approach_speed/consistency_mask_20s_approach_speed_cnt_reg[1]/C
                         clock pessimism             -0.204     1.492    
                         FDRE (Hold_FDRE_C_D)         0.046     1.538    u_sensor_reliability/u_mask_20s_approach_speed/consistency_mask_20s_approach_speed_cnt_reg[1]
  -------------------------------------------------------------------
                         required time                         -1.538    
                         arrival time                           1.461    
  -------------------------------------------------------------------
                         slack                                 -0.077    

Slack (VIOLATED) :        -0.077ns  (arrival time - required time)
  Source:                 u_sensor_reliability/u_mask_20s_approach_speed/stuck_mask_20s_cnt_reg[0]/C
                            (rising edge-triggered cell FDRE clocked by s_axi_aclk  {rise@0.000ns fall@5.000ns period=10.000ns})
  Destination:            u_sensor_reliability/u_mask_20s_approach_speed/stuck_mask_20s_cnt_reg[1]/D
                            (rising edge-triggered cell FDRE clocked by s_axi_aclk  {rise@0.000ns fall@5.000ns period=10.000ns})
  Path Group:             s_axi_aclk
  Path Type:              Hold (Min at Fast Process Corner)
  Requirement:            0.000ns  (s_axi_aclk rise@0.000ns - s_axi_aclk rise@0.000ns)
  Data Path Delay:        0.114ns  (logic 0.085ns (74.561%)  route 0.029ns (25.439%))
  Logic Levels:           1  (CARRY8=1)
  Clock Path Skew:        0.145ns (DCD - SCD - CPR)
    Destination Clock Delay (DCD):    1.696ns
    Source Clock Delay      (SCD):    1.347ns
    Clock Pessimism Removal (CPR):    0.204ns

    Location             Delay type                Incr(ns)  Path(ns)    Netlist Resource(s)
  -------------------------------------------------------------------    -------------------
                         (clock s_axi_aclk rise edge)
                                                      0.000     0.000 r  
                                                      0.000     0.000 r  S_AXI_ACLK (IN)
                         net (fo=0)                   0.000     0.000    S_AXI_ACLK_IBUF_inst/I
                         INBUF (Prop_INBUF_PAD_O)     0.150     0.150 r  S_AXI_ACLK_IBUF_inst/INBUF_INST/O
                         net (fo=1, unplaced)         0.000     0.150    S_AXI_ACLK_IBUF_inst/OUT
                         IBUFCTRL (Prop_IBUFCTRL_I_O)
                                                      0.000     0.150 r  S_AXI_ACLK_IBUF_inst/IBUFCTRL_INST/O
                         net (fo=1, unplaced)         0.066     0.216    S_AXI_ACLK_IBUF
                         BUFGCE (Prop_BUFGCE_I_O)     0.017     0.233 r  S_AXI_ACLK_IBUF_BUFG_inst/O
                         net (fo=5788, unplaced)      1.114     1.347    u_sensor_reliability/u_mask_20s_approach_speed/S_AXI_ACLK_IBUF_BUFG
                         FDRE                                         r  u_sensor_reliability/u_mask_20s_approach_speed/stuck_mask_20s_cnt_reg[0]/C
  -------------------------------------------------------------------    -------------------
                         FDRE (Prop_FDRE_C_Q)         0.038     1.385 r  u_sensor_reliability/u_mask_20s_approach_speed/stuck_mask_20s_cnt_reg[0]/Q
                         net (fo=3, unplaced)         0.022     1.407    u_sensor_reliability/u_mask_20s_approach_speed/stuck_mask_20s_cnt_reg_n_0_[0]
                         CARRY8 (Prop_CARRY8_CI_O[0])
                                                      0.047     1.454 r  u_sensor_reliability/u_mask_20s_approach_speed/stuck_mask_20s_cnt_reg[8]_i_1/O[0]
                         net (fo=1, unplaced)         0.007     1.461    u_sensor_reliability/u_mask_20s_approach_speed/stuck_mask_20s_cnt_reg[8]_i_1_n_15
                         FDRE                                         r  u_sensor_reliability/u_mask_20s_approach_speed/stuck_mask_20s_cnt_reg[1]/D
  -------------------------------------------------------------------    -------------------

                         (clock s_axi_aclk rise edge)
                                                      0.000     0.000 r  
                                                      0.000     0.000 r  S_AXI_ACLK (IN)
                         net (fo=0)                   0.000     0.000    S_AXI_ACLK_IBUF_inst/I
                         INBUF (Prop_INBUF_PAD_O)     0.335     0.335 r  S_AXI_ACLK_IBUF_inst/INBUF_INST/O
                         net (fo=1, unplaced)         0.000     0.335    S_AXI_ACLK_IBUF_inst/OUT
                         IBUFCTRL (Prop_IBUFCTRL_I_O)
                                                      0.000     0.335 r  S_AXI_ACLK_IBUF_inst/IBUFCTRL_INST/O
                         net (fo=1, unplaced)         0.083     0.418    S_AXI_ACLK_IBUF
                         BUFGCE (Prop_BUFGCE_I_O)     0.019     0.437 r  S_AXI_ACLK_IBUF_BUFG_inst/O
                         net (fo=5788, unplaced)      1.259     1.696    u_sensor_reliability/u_mask_20s_approach_speed/S_AXI_ACLK_IBUF_BUFG
                         FDRE                                         r  u_sensor_reliability/u_mask_20s_approach_speed/stuck_mask_20s_cnt_reg[1]/C
                         clock pessimism             -0.204     1.492    
                         FDRE (Hold_FDRE_C_D)         0.046     1.538    u_sensor_reliability/u_mask_20s_approach_speed/stuck_mask_20s_cnt_reg[1]
  -------------------------------------------------------------------
                         required time                         -1.538    
                         arrival time                           1.461    
  -------------------------------------------------------------------
                         slack                                 -0.077    

Slack (VIOLATED) :        -0.077ns  (arrival time - required time)
  Source:                 u_sensor_reliability/u_mask_20s_distance/stuck_mask_20s_cnt_reg[0]/C
                            (rising edge-triggered cell FDRE clocked by s_axi_aclk  {rise@0.000ns fall@5.000ns period=10.000ns})
  Destination:            u_sensor_reliability/u_mask_20s_distance/stuck_mask_20s_cnt_reg[1]/D
                            (rising edge-triggered cell FDRE clocked by s_axi_aclk  {rise@0.000ns fall@5.000ns period=10.000ns})
  Path Group:             s_axi_aclk
  Path Type:              Hold (Min at Fast Process Corner)
  Requirement:            0.000ns  (s_axi_aclk rise@0.000ns - s_axi_aclk rise@0.000ns)
  Data Path Delay:        0.114ns  (logic 0.085ns (74.561%)  route 0.029ns (25.439%))
  Logic Levels:           1  (CARRY8=1)
  Clock Path Skew:        0.145ns (DCD - SCD - CPR)
    Destination Clock Delay (DCD):    1.696ns
    Source Clock Delay      (SCD):    1.347ns
    Clock Pessimism Removal (CPR):    0.204ns

    Location             Delay type                Incr(ns)  Path(ns)    Netlist Resource(s)
  -------------------------------------------------------------------    -------------------
                         (clock s_axi_aclk rise edge)
                                                      0.000     0.000 r  
                                                      0.000     0.000 r  S_AXI_ACLK (IN)
                         net (fo=0)                   0.000     0.000    S_AXI_ACLK_IBUF_inst/I
                         INBUF (Prop_INBUF_PAD_O)     0.150     0.150 r  S_AXI_ACLK_IBUF_inst/INBUF_INST/O
                         net (fo=1, unplaced)         0.000     0.150    S_AXI_ACLK_IBUF_inst/OUT
                         IBUFCTRL (Prop_IBUFCTRL_I_O)
                                                      0.000     0.150 r  S_AXI_ACLK_IBUF_inst/IBUFCTRL_INST/O
                         net (fo=1, unplaced)         0.066     0.216    S_AXI_ACLK_IBUF
                         BUFGCE (Prop_BUFGCE_I_O)     0.017     0.233 r  S_AXI_ACLK_IBUF_BUFG_inst/O
                         net (fo=5788, unplaced)      1.114     1.347    u_sensor_reliability/u_mask_20s_distance/S_AXI_ACLK_IBUF_BUFG
                         FDRE                                         r  u_sensor_reliability/u_mask_20s_distance/stuck_mask_20s_cnt_reg[0]/C
  -------------------------------------------------------------------    -------------------
                         FDRE (Prop_FDRE_C_Q)         0.038     1.385 r  u_sensor_reliability/u_mask_20s_distance/stuck_mask_20s_cnt_reg[0]/Q
                         net (fo=3, unplaced)         0.022     1.407    u_sensor_reliability/u_mask_20s_distance/stuck_mask_20s_cnt_reg_n_0_[0]
                         CARRY8 (Prop_CARRY8_CI_O[0])
                                                      0.047     1.454 r  u_sensor_reliability/u_mask_20s_distance/stuck_mask_20s_cnt_reg[8]_i_1__0/O[0]
                         net (fo=1, unplaced)         0.007     1.461    u_sensor_reliability/u_mask_20s_distance/stuck_mask_20s_cnt_reg[8]_i_1__0_n_15
                         FDRE                                         r  u_sensor_reliability/u_mask_20s_distance/stuck_mask_20s_cnt_reg[1]/D
  -------------------------------------------------------------------    -------------------

                         (clock s_axi_aclk rise edge)
                                                      0.000     0.000 r  
                                                      0.000     0.000 r  S_AXI_ACLK (IN)
                         net (fo=0)                   0.000     0.000    S_AXI_ACLK_IBUF_inst/I
                         INBUF (Prop_INBUF_PAD_O)     0.335     0.335 r  S_AXI_ACLK_IBUF_inst/INBUF_INST/O
                         net (fo=1, unplaced)         0.000     0.335    S_AXI_ACLK_IBUF_inst/OUT
                         IBUFCTRL (Prop_IBUFCTRL_I_O)
                                                      0.000     0.335 r  S_AXI_ACLK_IBUF_inst/IBUFCTRL_INST/O
                         net (fo=1, unplaced)         0.083     0.418    S_AXI_ACLK_IBUF
                         BUFGCE (Prop_BUFGCE_I_O)     0.019     0.437 r  S_AXI_ACLK_IBUF_BUFG_inst/O
                         net (fo=5788, unplaced)      1.259     1.696    u_sensor_reliability/u_mask_20s_distance/S_AXI_ACLK_IBUF_BUFG
                         FDRE                                         r  u_sensor_reliability/u_mask_20s_distance/stuck_mask_20s_cnt_reg[1]/C
                         clock pessimism             -0.204     1.492    
                         FDRE (Hold_FDRE_C_D)         0.046     1.538    u_sensor_reliability/u_mask_20s_distance/stuck_mask_20s_cnt_reg[1]
  -------------------------------------------------------------------
                         required time                         -1.538    
                         arrival time                           1.461    
  -------------------------------------------------------------------
                         slack                                 -0.077    

Slack (VIOLATED) :        -0.075ns  (arrival time - required time)
  Source:                 u_sensor_reliability/u_mask_20s_approach_speed/consistency_mask_20s_approach_speed_cnt_reg[0]/C
                            (rising edge-triggered cell FDRE clocked by s_axi_aclk  {rise@0.000ns fall@5.000ns period=10.000ns})
  Destination:            u_sensor_reliability/u_mask_20s_approach_speed/consistency_mask_20s_approach_speed_cnt_reg[3]/D
                            (rising edge-triggered cell FDRE clocked by s_axi_aclk  {rise@0.000ns fall@5.000ns period=10.000ns})
  Path Group:             s_axi_aclk
  Path Type:              Hold (Min at Fast Process Corner)
  Requirement:            0.000ns  (s_axi_aclk rise@0.000ns - s_axi_aclk rise@0.000ns)
  Data Path Delay:        0.116ns  (logic 0.087ns (75.000%)  route 0.029ns (25.000%))
  Logic Levels:           1  (CARRY8=1)
  Clock Path Skew:        0.145ns (DCD - SCD - CPR)
    Destination Clock Delay (DCD):    1.696ns
    Source Clock Delay      (SCD):    1.347ns
    Clock Pessimism Removal (CPR):    0.204ns

    Location             Delay type                Incr(ns)  Path(ns)    Netlist Resource(s)
  -------------------------------------------------------------------    -------------------
                         (clock s_axi_aclk rise edge)
                                                      0.000     0.000 r  
                                                      0.000     0.000 r  S_AXI_ACLK (IN)
                         net (fo=0)                   0.000     0.000    S_AXI_ACLK_IBUF_inst/I
                         INBUF (Prop_INBUF_PAD_O)     0.150     0.150 r  S_AXI_ACLK_IBUF_inst/INBUF_INST/O
                         net (fo=1, unplaced)         0.000     0.150    S_AXI_ACLK_IBUF_inst/OUT
                         IBUFCTRL (Prop_IBUFCTRL_I_O)
                                                      0.000     0.150 r  S_AXI_ACLK_IBUF_inst/IBUFCTRL_INST/O
                         net (fo=1, unplaced)         0.066     0.216    S_AXI_ACLK_IBUF
                         BUFGCE (Prop_BUFGCE_I_O)     0.017     0.233 r  S_AXI_ACLK_IBUF_BUFG_inst/O
                         net (fo=5788, unplaced)      1.114     1.347    u_sensor_reliability/u_mask_20s_approach_speed/S_AXI_ACLK_IBUF_BUFG
                         FDRE                                         r  u_sensor_reliability/u_mask_20s_approach_speed/consistency_mask_20s_approach_speed_cnt_reg[0]/C
  -------------------------------------------------------------------    -------------------
                         FDRE (Prop_FDRE_C_Q)         0.038     1.385 r  u_sensor_reliability/u_mask_20s_approach_speed/consistency_mask_20s_approach_speed_cnt_reg[0]/Q
                         net (fo=3, unplaced)         0.022     1.407    u_sensor_reliability/u_mask_20s_approach_speed/consistency_mask_20s_approach_speed_cnt_reg_n_0_[0]
                         CARRY8 (Prop_CARRY8_CI_O[2])
                                                      0.049     1.456 r  u_sensor_reliability/u_mask_20s_approach_speed/consistency_mask_20s_approach_speed_cnt_reg[8]_i_1/O[2]
                         net (fo=1, unplaced)         0.007     1.463    u_sensor_reliability/u_mask_20s_approach_speed/consistency_mask_20s_approach_speed_cnt_reg[8]_i_1_n_13
                         FDRE                                         r  u_sensor_reliability/u_mask_20s_approach_speed/consistency_mask_20s_approach_speed_cnt_reg[3]/D
  -------------------------------------------------------------------    -------------------

                         (clock s_axi_aclk rise edge)
                                                      0.000     0.000 r  
                                                      0.000     0.000 r  S_AXI_ACLK (IN)
                         net (fo=0)                   0.000     0.000    S_AXI_ACLK_IBUF_inst/I
                         INBUF (Prop_INBUF_PAD_O)     0.335     0.335 r  S_AXI_ACLK_IBUF_inst/INBUF_INST/O
                         net (fo=1, unplaced)         0.000     0.335    S_AXI_ACLK_IBUF_inst/OUT
                         IBUFCTRL (Prop_IBUFCTRL_I_O)
                                                      0.000     0.335 r  S_AXI_ACLK_IBUF_inst/IBUFCTRL_INST/O
                         net (fo=1, unplaced)         0.083     0.418    S_AXI_ACLK_IBUF
                         BUFGCE (Prop_BUFGCE_I_O)     0.019     0.437 r  S_AXI_ACLK_IBUF_BUFG_inst/O
                         net (fo=5788, unplaced)      1.259     1.696    u_sensor_reliability/u_mask_20s_approach_speed/S_AXI_ACLK_IBUF_BUFG
                         FDRE                                         r  u_sensor_reliability/u_mask_20s_approach_speed/consistency_mask_20s_approach_speed_cnt_reg[3]/C
                         clock pessimism             -0.204     1.492    
                         FDRE (Hold_FDRE_C_D)         0.046     1.538    u_sensor_reliability/u_mask_20s_approach_speed/consistency_mask_20s_approach_speed_cnt_reg[3]
  -------------------------------------------------------------------
                         required time                         -1.538    
                         arrival time                           1.463    
  -------------------------------------------------------------------
                         slack                                 -0.075    

Slack (VIOLATED) :        -0.075ns  (arrival time - required time)
  Source:                 u_sensor_reliability/u_mask_20s_approach_speed/stuck_mask_20s_cnt_reg[0]/C
                            (rising edge-triggered cell FDRE clocked by s_axi_aclk  {rise@0.000ns fall@5.000ns period=10.000ns})
  Destination:            u_sensor_reliability/u_mask_20s_approach_speed/stuck_mask_20s_cnt_reg[3]/D
                            (rising edge-triggered cell FDRE clocked by s_axi_aclk  {rise@0.000ns fall@5.000ns period=10.000ns})
  Path Group:             s_axi_aclk
  Path Type:              Hold (Min at Fast Process Corner)
  Requirement:            0.000ns  (s_axi_aclk rise@0.000ns - s_axi_aclk rise@0.000ns)
  Data Path Delay:        0.116ns  (logic 0.087ns (75.000%)  route 0.029ns (25.000%))
  Logic Levels:           1  (CARRY8=1)
  Clock Path Skew:        0.145ns (DCD - SCD - CPR)
    Destination Clock Delay (DCD):    1.696ns
    Source Clock Delay      (SCD):    1.347ns
    Clock Pessimism Removal (CPR):    0.204ns

    Location             Delay type                Incr(ns)  Path(ns)    Netlist Resource(s)
  -------------------------------------------------------------------    -------------------
                         (clock s_axi_aclk rise edge)
                                                      0.000     0.000 r  
                                                      0.000     0.000 r  S_AXI_ACLK (IN)
                         net (fo=0)                   0.000     0.000    S_AXI_ACLK_IBUF_inst/I
                         INBUF (Prop_INBUF_PAD_O)     0.150     0.150 r  S_AXI_ACLK_IBUF_inst/INBUF_INST/O
                         net (fo=1, unplaced)         0.000     0.150    S_AXI_ACLK_IBUF_inst/OUT
                         IBUFCTRL (Prop_IBUFCTRL_I_O)
                                                      0.000     0.150 r  S_AXI_ACLK_IBUF_inst/IBUFCTRL_INST/O
                         net (fo=1, unplaced)         0.066     0.216    S_AXI_ACLK_IBUF
                         BUFGCE (Prop_BUFGCE_I_O)     0.017     0.233 r  S_AXI_ACLK_IBUF_BUFG_inst/O
                         net (fo=5788, unplaced)      1.114     1.347    u_sensor_reliability/u_mask_20s_approach_speed/S_AXI_ACLK_IBUF_BUFG
                         FDRE                                         r  u_sensor_reliability/u_mask_20s_approach_speed/stuck_mask_20s_cnt_reg[0]/C
  -------------------------------------------------------------------    -------------------
                         FDRE (Prop_FDRE_C_Q)         0.038     1.385 r  u_sensor_reliability/u_mask_20s_approach_speed/stuck_mask_20s_cnt_reg[0]/Q
                         net (fo=3, unplaced)         0.022     1.407    u_sensor_reliability/u_mask_20s_approach_speed/stuck_mask_20s_cnt_reg_n_0_[0]
                         CARRY8 (Prop_CARRY8_CI_O[2])
                                                      0.049     1.456 r  u_sensor_reliability/u_mask_20s_approach_speed/stuck_mask_20s_cnt_reg[8]_i_1/O[2]
                         net (fo=1, unplaced)         0.007     1.463    u_sensor_reliability/u_mask_20s_approach_speed/stuck_mask_20s_cnt_reg[8]_i_1_n_13
                         FDRE                                         r  u_sensor_reliability/u_mask_20s_approach_speed/stuck_mask_20s_cnt_reg[3]/D
  -------------------------------------------------------------------    -------------------

                         (clock s_axi_aclk rise edge)
                                                      0.000     0.000 r  
                                                      0.000     0.000 r  S_AXI_ACLK (IN)
                         net (fo=0)                   0.000     0.000    S_AXI_ACLK_IBUF_inst/I
                         INBUF (Prop_INBUF_PAD_O)     0.335     0.335 r  S_AXI_ACLK_IBUF_inst/INBUF_INST/O
                         net (fo=1, unplaced)         0.000     0.335    S_AXI_ACLK_IBUF_inst/OUT
                         IBUFCTRL (Prop_IBUFCTRL_I_O)
                                                      0.000     0.335 r  S_AXI_ACLK_IBUF_inst/IBUFCTRL_INST/O
                         net (fo=1, unplaced)         0.083     0.418    S_AXI_ACLK_IBUF
                         BUFGCE (Prop_BUFGCE_I_O)     0.019     0.437 r  S_AXI_ACLK_IBUF_BUFG_inst/O
                         net (fo=5788, unplaced)      1.259     1.696    u_sensor_reliability/u_mask_20s_approach_speed/S_AXI_ACLK_IBUF_BUFG
                         FDRE                                         r  u_sensor_reliability/u_mask_20s_approach_speed/stuck_mask_20s_cnt_reg[3]/C
                         clock pessimism             -0.204     1.492    
                         FDRE (Hold_FDRE_C_D)         0.046     1.538    u_sensor_reliability/u_mask_20s_approach_speed/stuck_mask_20s_cnt_reg[3]
  -------------------------------------------------------------------
                         required time                         -1.538    
                         arrival time                           1.463    
  -------------------------------------------------------------------
                         slack                                 -0.075    

Slack (VIOLATED) :        -0.075ns  (arrival time - required time)
  Source:                 u_sensor_reliability/u_mask_20s_distance/stuck_mask_20s_cnt_reg[0]/C
                            (rising edge-triggered cell FDRE clocked by s_axi_aclk  {rise@0.000ns fall@5.000ns period=10.000ns})
  Destination:            u_sensor_reliability/u_mask_20s_distance/stuck_mask_20s_cnt_reg[3]/D
                            (rising edge-triggered cell FDRE clocked by s_axi_aclk  {rise@0.000ns fall@5.000ns period=10.000ns})
  Path Group:             s_axi_aclk
  Path Type:              Hold (Min at Fast Process Corner)
  Requirement:            0.000ns  (s_axi_aclk rise@0.000ns - s_axi_aclk rise@0.000ns)
  Data Path Delay:        0.116ns  (logic 0.087ns (75.000%)  route 0.029ns (25.000%))
  Logic Levels:           1  (CARRY8=1)
  Clock Path Skew:        0.145ns (DCD - SCD - CPR)
    Destination Clock Delay (DCD):    1.696ns
    Source Clock Delay      (SCD):    1.347ns
    Clock Pessimism Removal (CPR):    0.204ns

    Location             Delay type                Incr(ns)  Path(ns)    Netlist Resource(s)
  -------------------------------------------------------------------    -------------------
                         (clock s_axi_aclk rise edge)
                                                      0.000     0.000 r  
                                                      0.000     0.000 r  S_AXI_ACLK (IN)
                         net (fo=0)                   0.000     0.000    S_AXI_ACLK_IBUF_inst/I
                         INBUF (Prop_INBUF_PAD_O)     0.150     0.150 r  S_AXI_ACLK_IBUF_inst/INBUF_INST/O
                         net (fo=1, unplaced)         0.000     0.150    S_AXI_ACLK_IBUF_inst/OUT
                         IBUFCTRL (Prop_IBUFCTRL_I_O)
                                                      0.000     0.150 r  S_AXI_ACLK_IBUF_inst/IBUFCTRL_INST/O
                         net (fo=1, unplaced)         0.066     0.216    S_AXI_ACLK_IBUF
                         BUFGCE (Prop_BUFGCE_I_O)     0.017     0.233 r  S_AXI_ACLK_IBUF_BUFG_inst/O
                         net (fo=5788, unplaced)      1.114     1.347    u_sensor_reliability/u_mask_20s_distance/S_AXI_ACLK_IBUF_BUFG
                         FDRE                                         r  u_sensor_reliability/u_mask_20s_distance/stuck_mask_20s_cnt_reg[0]/C
  -------------------------------------------------------------------    -------------------
                         FDRE (Prop_FDRE_C_Q)         0.038     1.385 r  u_sensor_reliability/u_mask_20s_distance/stuck_mask_20s_cnt_reg[0]/Q
                         net (fo=3, unplaced)         0.022     1.407    u_sensor_reliability/u_mask_20s_distance/stuck_mask_20s_cnt_reg_n_0_[0]
                         CARRY8 (Prop_CARRY8_CI_O[2])
                                                      0.049     1.456 r  u_sensor_reliability/u_mask_20s_distance/stuck_mask_20s_cnt_reg[8]_i_1__0/O[2]
                         net (fo=1, unplaced)         0.007     1.463    u_sensor_reliability/u_mask_20s_distance/stuck_mask_20s_cnt_reg[8]_i_1__0_n_13
                         FDRE                                         r  u_sensor_reliability/u_mask_20s_distance/stuck_mask_20s_cnt_reg[3]/D
  -------------------------------------------------------------------    -------------------

                         (clock s_axi_aclk rise edge)
                                                      0.000     0.000 r  
                                                      0.000     0.000 r  S_AXI_ACLK (IN)
                         net (fo=0)                   0.000     0.000    S_AXI_ACLK_IBUF_inst/I
                         INBUF (Prop_INBUF_PAD_O)     0.335     0.335 r  S_AXI_ACLK_IBUF_inst/INBUF_INST/O
                         net (fo=1, unplaced)         0.000     0.335    S_AXI_ACLK_IBUF_inst/OUT
                         IBUFCTRL (Prop_IBUFCTRL_I_O)
                                                      0.000     0.335 r  S_AXI_ACLK_IBUF_inst/IBUFCTRL_INST/O
                         net (fo=1, unplaced)         0.083     0.418    S_AXI_ACLK_IBUF
                         BUFGCE (Prop_BUFGCE_I_O)     0.019     0.437 r  S_AXI_ACLK_IBUF_BUFG_inst/O
                         net (fo=5788, unplaced)      1.259     1.696    u_sensor_reliability/u_mask_20s_distance/S_AXI_ACLK_IBUF_BUFG
                         FDRE                                         r  u_sensor_reliability/u_mask_20s_distance/stuck_mask_20s_cnt_reg[3]/C
                         clock pessimism             -0.204     1.492    
                         FDRE (Hold_FDRE_C_D)         0.046     1.538    u_sensor_reliability/u_mask_20s_distance/stuck_mask_20s_cnt_reg[3]
  -------------------------------------------------------------------
                         required time                         -1.538    
                         arrival time                           1.463    
  -------------------------------------------------------------------
                         slack                                 -0.075    

Slack (VIOLATED) :        -0.070ns  (arrival time - required time)
  Source:                 u_risk_control/sec_cnt_reg[17]/C
                            (rising edge-triggered cell FDRE clocked by s_axi_aclk  {rise@0.000ns fall@5.000ns period=10.000ns})
  Destination:            u_risk_control/sec_cnt_reg[17]/D
                            (rising edge-triggered cell FDRE clocked by s_axi_aclk  {rise@0.000ns fall@5.000ns period=10.000ns})
  Path Group:             s_axi_aclk
  Path Type:              Hold (Min at Fast Process Corner)
  Requirement:            0.000ns  (s_axi_aclk rise@0.000ns - s_axi_aclk rise@0.000ns)
  Data Path Delay:        0.121ns  (logic 0.056ns (46.281%)  route 0.065ns (53.719%))
  Logic Levels:           1  (CARRY8=1)
  Clock Path Skew:        0.145ns (DCD - SCD - CPR)
    Destination Clock Delay (DCD):    1.696ns
    Source Clock Delay      (SCD):    1.347ns
    Clock Pessimism Removal (CPR):    0.204ns

    Location             Delay type                Incr(ns)  Path(ns)    Netlist Resource(s)
  -------------------------------------------------------------------    -------------------
                         (clock s_axi_aclk rise edge)
                                                      0.000     0.000 r  
                                                      0.000     0.000 r  S_AXI_ACLK (IN)
                         net (fo=0)                   0.000     0.000    S_AXI_ACLK_IBUF_inst/I
                         INBUF (Prop_INBUF_PAD_O)     0.150     0.150 r  S_AXI_ACLK_IBUF_inst/INBUF_INST/O
                         net (fo=1, unplaced)         0.000     0.150    S_AXI_ACLK_IBUF_inst/OUT
                         IBUFCTRL (Prop_IBUFCTRL_I_O)
                                                      0.000     0.150 r  S_AXI_ACLK_IBUF_inst/IBUFCTRL_INST/O
                         net (fo=1, unplaced)         0.066     0.216    S_AXI_ACLK_IBUF
                         BUFGCE (Prop_BUFGCE_I_O)     0.017     0.233 r  S_AXI_ACLK_IBUF_BUFG_inst/O
                         net (fo=5788, unplaced)      1.114     1.347    u_risk_control/S_AXI_ACLK_IBUF_BUFG
                         FDRE                                         r  u_risk_control/sec_cnt_reg[17]/C
  -------------------------------------------------------------------    -------------------
                         FDRE (Prop_FDRE_C_Q)         0.038     1.385 r  u_risk_control/sec_cnt_reg[17]/Q
                         net (fo=2, unplaced)         0.058     1.443    u_risk_control/sec_cnt_reg[17]
                         CARRY8 (Prop_CARRY8_S[1]_O[1])
                                                      0.018     1.461 r  u_risk_control/sec_cnt_reg[16]_i_1/O[1]
                         net (fo=1, unplaced)         0.007     1.468    u_risk_control/sec_cnt_reg[16]_i_1_n_14
                         FDRE                                         r  u_risk_control/sec_cnt_reg[17]/D
  -------------------------------------------------------------------    -------------------

                         (clock s_axi_aclk rise edge)
                                                      0.000     0.000 r  
                                                      0.000     0.000 r  S_AXI_ACLK (IN)
                         net (fo=0)                   0.000     0.000    S_AXI_ACLK_IBUF_inst/I
                         INBUF (Prop_INBUF_PAD_O)     0.335     0.335 r  S_AXI_ACLK_IBUF_inst/INBUF_INST/O
                         net (fo=1, unplaced)         0.000     0.335    S_AXI_ACLK_IBUF_inst/OUT
                         IBUFCTRL (Prop_IBUFCTRL_I_O)
                                                      0.000     0.335 r  S_AXI_ACLK_IBUF_inst/IBUFCTRL_INST/O
                         net (fo=1, unplaced)         0.083     0.418    S_AXI_ACLK_IBUF
                         BUFGCE (Prop_BUFGCE_I_O)     0.019     0.437 r  S_AXI_ACLK_IBUF_BUFG_inst/O
                         net (fo=5788, unplaced)      1.259     1.696    u_risk_control/S_AXI_ACLK_IBUF_BUFG
                         FDRE                                         r  u_risk_control/sec_cnt_reg[17]/C
                         clock pessimism             -0.204     1.492    
                         FDRE (Hold_FDRE_C_D)         0.046     1.538    u_risk_control/sec_cnt_reg[17]
  -------------------------------------------------------------------
                         required time                         -1.538    
                         arrival time                           1.468    
  -------------------------------------------------------------------
                         slack                                 -0.070    

Slack (VIOLATED) :        -0.070ns  (arrival time - required time)
  Source:                 u_risk_control/sec_cnt_reg[1]/C
                            (rising edge-triggered cell FDRE clocked by s_axi_aclk  {rise@0.000ns fall@5.000ns period=10.000ns})
  Destination:            u_risk_control/sec_cnt_reg[1]/D
                            (rising edge-triggered cell FDRE clocked by s_axi_aclk  {rise@0.000ns fall@5.000ns period=10.000ns})
  Path Group:             s_axi_aclk
  Path Type:              Hold (Min at Fast Process Corner)
  Requirement:            0.000ns  (s_axi_aclk rise@0.000ns - s_axi_aclk rise@0.000ns)
  Data Path Delay:        0.121ns  (logic 0.056ns (46.281%)  route 0.065ns (53.719%))
  Logic Levels:           1  (CARRY8=1)
  Clock Path Skew:        0.145ns (DCD - SCD - CPR)
    Destination Clock Delay (DCD):    1.696ns
    Source Clock Delay      (SCD):    1.347ns
    Clock Pessimism Removal (CPR):    0.204ns

    Location             Delay type                Incr(ns)  Path(ns)    Netlist Resource(s)
  -------------------------------------------------------------------    -------------------
                         (clock s_axi_aclk rise edge)
                                                      0.000     0.000 r  
                                                      0.000     0.000 r  S_AXI_ACLK (IN)
                         net (fo=0)                   0.000     0.000    S_AXI_ACLK_IBUF_inst/I
                         INBUF (Prop_INBUF_PAD_O)     0.150     0.150 r  S_AXI_ACLK_IBUF_inst/INBUF_INST/O
                         net (fo=1, unplaced)         0.000     0.150    S_AXI_ACLK_IBUF_inst/OUT
                         IBUFCTRL (Prop_IBUFCTRL_I_O)
                                                      0.000     0.150 r  S_AXI_ACLK_IBUF_inst/IBUFCTRL_INST/O
                         net (fo=1, unplaced)         0.066     0.216    S_AXI_ACLK_IBUF
                         BUFGCE (Prop_BUFGCE_I_O)     0.017     0.233 r  S_AXI_ACLK_IBUF_BUFG_inst/O
                         net (fo=5788, unplaced)      1.114     1.347    u_risk_control/S_AXI_ACLK_IBUF_BUFG
                         FDRE                                         r  u_risk_control/sec_cnt_reg[1]/C
  -------------------------------------------------------------------    -------------------
                         FDRE (Prop_FDRE_C_Q)         0.038     1.385 r  u_risk_control/sec_cnt_reg[1]/Q
                         net (fo=2, unplaced)         0.058     1.443    u_risk_control/sec_cnt_reg[1]
                         CARRY8 (Prop_CARRY8_S[1]_O[1])
                                                      0.018     1.461 r  u_risk_control/sec_cnt_reg[0]_i_2/O[1]
                         net (fo=1, unplaced)         0.007     1.468    u_risk_control/sec_cnt_reg[0]_i_2_n_14
                         FDRE                                         r  u_risk_control/sec_cnt_reg[1]/D
  -------------------------------------------------------------------    -------------------

                         (clock s_axi_aclk rise edge)
                                                      0.000     0.000 r  
                                                      0.000     0.000 r  S_AXI_ACLK (IN)
                         net (fo=0)                   0.000     0.000    S_AXI_ACLK_IBUF_inst/I
                         INBUF (Prop_INBUF_PAD_O)     0.335     0.335 r  S_AXI_ACLK_IBUF_inst/INBUF_INST/O
                         net (fo=1, unplaced)         0.000     0.335    S_AXI_ACLK_IBUF_inst/OUT
                         IBUFCTRL (Prop_IBUFCTRL_I_O)
                                                      0.000     0.335 r  S_AXI_ACLK_IBUF_inst/IBUFCTRL_INST/O
                         net (fo=1, unplaced)         0.083     0.418    S_AXI_ACLK_IBUF
                         BUFGCE (Prop_BUFGCE_I_O)     0.019     0.437 r  S_AXI_ACLK_IBUF_BUFG_inst/O
                         net (fo=5788, unplaced)      1.259     1.696    u_risk_control/S_AXI_ACLK_IBUF_BUFG
                         FDRE                                         r  u_risk_control/sec_cnt_reg[1]/C
                         clock pessimism             -0.204     1.492    
                         FDRE (Hold_FDRE_C_D)         0.046     1.538    u_risk_control/sec_cnt_reg[1]
  -------------------------------------------------------------------
                         required time                         -1.538    
                         arrival time                           1.468    
  -------------------------------------------------------------------
                         slack                                 -0.070    

Slack (VIOLATED) :        -0.070ns  (arrival time - required time)
  Source:                 u_risk_control/sec_cnt_reg[25]/C
                            (rising edge-triggered cell FDRE clocked by s_axi_aclk  {rise@0.000ns fall@5.000ns period=10.000ns})
  Destination:            u_risk_control/sec_cnt_reg[25]/D
                            (rising edge-triggered cell FDRE clocked by s_axi_aclk  {rise@0.000ns fall@5.000ns period=10.000ns})
  Path Group:             s_axi_aclk
  Path Type:              Hold (Min at Fast Process Corner)
  Requirement:            0.000ns  (s_axi_aclk rise@0.000ns - s_axi_aclk rise@0.000ns)
  Data Path Delay:        0.121ns  (logic 0.056ns (46.281%)  route 0.065ns (53.719%))
  Logic Levels:           1  (CARRY8=1)
  Clock Path Skew:        0.145ns (DCD - SCD - CPR)
    Destination Clock Delay (DCD):    1.696ns
    Source Clock Delay      (SCD):    1.347ns
    Clock Pessimism Removal (CPR):    0.204ns

    Location             Delay type                Incr(ns)  Path(ns)    Netlist Resource(s)
  -------------------------------------------------------------------    -------------------
                         (clock s_axi_aclk rise edge)
                                                      0.000     0.000 r  
                                                      0.000     0.000 r  S_AXI_ACLK (IN)
                         net (fo=0)                   0.000     0.000    S_AXI_ACLK_IBUF_inst/I
                         INBUF (Prop_INBUF_PAD_O)     0.150     0.150 r  S_AXI_ACLK_IBUF_inst/INBUF_INST/O
                         net (fo=1, unplaced)         0.000     0.150    S_AXI_ACLK_IBUF_inst/OUT
                         IBUFCTRL (Prop_IBUFCTRL_I_O)
                                                      0.000     0.150 r  S_AXI_ACLK_IBUF_inst/IBUFCTRL_INST/O
                         net (fo=1, unplaced)         0.066     0.216    S_AXI_ACLK_IBUF
                         BUFGCE (Prop_BUFGCE_I_O)     0.017     0.233 r  S_AXI_ACLK_IBUF_BUFG_inst/O
                         net (fo=5788, unplaced)      1.114     1.347    u_risk_control/S_AXI_ACLK_IBUF_BUFG
                         FDRE                                         r  u_risk_control/sec_cnt_reg[25]/C
  -------------------------------------------------------------------    -------------------
                         FDRE (Prop_FDRE_C_Q)         0.038     1.385 r  u_risk_control/sec_cnt_reg[25]/Q
                         net (fo=2, unplaced)         0.058     1.443    u_risk_control/sec_cnt_reg[25]
                         CARRY8 (Prop_CARRY8_S[1]_O[1])
                                                      0.018     1.461 r  u_risk_control/sec_cnt_reg[24]_i_1/O[1]
                         net (fo=1, unplaced)         0.007     1.468    u_risk_control/sec_cnt_reg[24]_i_1_n_14
                         FDRE                                         r  u_risk_control/sec_cnt_reg[25]/D
  -------------------------------------------------------------------    -------------------

                         (clock s_axi_aclk rise edge)
                                                      0.000     0.000 r  
                                                      0.000     0.000 r  S_AXI_ACLK (IN)
                         net (fo=0)                   0.000     0.000    S_AXI_ACLK_IBUF_inst/I
                         INBUF (Prop_INBUF_PAD_O)     0.335     0.335 r  S_AXI_ACLK_IBUF_inst/INBUF_INST/O
                         net (fo=1, unplaced)         0.000     0.335    S_AXI_ACLK_IBUF_inst/OUT
                         IBUFCTRL (Prop_IBUFCTRL_I_O)
                                                      0.000     0.335 r  S_AXI_ACLK_IBUF_inst/IBUFCTRL_INST/O
                         net (fo=1, unplaced)         0.083     0.418    S_AXI_ACLK_IBUF
                         BUFGCE (Prop_BUFGCE_I_O)     0.019     0.437 r  S_AXI_ACLK_IBUF_BUFG_inst/O
                         net (fo=5788, unplaced)      1.259     1.696    u_risk_control/S_AXI_ACLK_IBUF_BUFG
                         FDRE                                         r  u_risk_control/sec_cnt_reg[25]/C
                         clock pessimism             -0.204     1.492    
                         FDRE (Hold_FDRE_C_D)         0.046     1.538    u_risk_control/sec_cnt_reg[25]
  -------------------------------------------------------------------
                         required time                         -1.538    
                         arrival time                           1.468    
  -------------------------------------------------------------------
                         slack                                 -0.070    

Slack (VIOLATED) :        -0.070ns  (arrival time - required time)
  Source:                 u_risk_control/sec_cnt_reg[9]/C
                            (rising edge-triggered cell FDRE clocked by s_axi_aclk  {rise@0.000ns fall@5.000ns period=10.000ns})
  Destination:            u_risk_control/sec_cnt_reg[9]/D
                            (rising edge-triggered cell FDRE clocked by s_axi_aclk  {rise@0.000ns fall@5.000ns period=10.000ns})
  Path Group:             s_axi_aclk
  Path Type:              Hold (Min at Fast Process Corner)
  Requirement:            0.000ns  (s_axi_aclk rise@0.000ns - s_axi_aclk rise@0.000ns)
  Data Path Delay:        0.121ns  (logic 0.056ns (46.281%)  route 0.065ns (53.719%))
  Logic Levels:           1  (CARRY8=1)
  Clock Path Skew:        0.145ns (DCD - SCD - CPR)
    Destination Clock Delay (DCD):    1.696ns
    Source Clock Delay      (SCD):    1.347ns
    Clock Pessimism Removal (CPR):    0.204ns

    Location             Delay type                Incr(ns)  Path(ns)    Netlist Resource(s)
  -------------------------------------------------------------------    -------------------
                         (clock s_axi_aclk rise edge)
                                                      0.000     0.000 r  
                                                      0.000     0.000 r  S_AXI_ACLK (IN)
                         net (fo=0)                   0.000     0.000    S_AXI_ACLK_IBUF_inst/I
                         INBUF (Prop_INBUF_PAD_O)     0.150     0.150 r  S_AXI_ACLK_IBUF_inst/INBUF_INST/O
                         net (fo=1, unplaced)         0.000     0.150    S_AXI_ACLK_IBUF_inst/OUT
                         IBUFCTRL (Prop_IBUFCTRL_I_O)
                                                      0.000     0.150 r  S_AXI_ACLK_IBUF_inst/IBUFCTRL_INST/O
                         net (fo=1, unplaced)         0.066     0.216    S_AXI_ACLK_IBUF
                         BUFGCE (Prop_BUFGCE_I_O)     0.017     0.233 r  S_AXI_ACLK_IBUF_BUFG_inst/O
                         net (fo=5788, unplaced)      1.114     1.347    u_risk_control/S_AXI_ACLK_IBUF_BUFG
                         FDRE                                         r  u_risk_control/sec_cnt_reg[9]/C
  -------------------------------------------------------------------    -------------------
                         FDRE (Prop_FDRE_C_Q)         0.038     1.385 r  u_risk_control/sec_cnt_reg[9]/Q
                         net (fo=2, unplaced)         0.058     1.443    u_risk_control/sec_cnt_reg[9]
                         CARRY8 (Prop_CARRY8_S[1]_O[1])
                                                      0.018     1.461 r  u_risk_control/sec_cnt_reg[8]_i_1/O[1]
                         net (fo=1, unplaced)         0.007     1.468    u_risk_control/sec_cnt_reg[8]_i_1_n_14
                         FDRE                                         r  u_risk_control/sec_cnt_reg[9]/D
  -------------------------------------------------------------------    -------------------

                         (clock s_axi_aclk rise edge)
                                                      0.000     0.000 r  
                                                      0.000     0.000 r  S_AXI_ACLK (IN)
                         net (fo=0)                   0.000     0.000    S_AXI_ACLK_IBUF_inst/I
                         INBUF (Prop_INBUF_PAD_O)     0.335     0.335 r  S_AXI_ACLK_IBUF_inst/INBUF_INST/O
                         net (fo=1, unplaced)         0.000     0.335    S_AXI_ACLK_IBUF_inst/OUT
                         IBUFCTRL (Prop_IBUFCTRL_I_O)
                                                      0.000     0.335 r  S_AXI_ACLK_IBUF_inst/IBUFCTRL_INST/O
                         net (fo=1, unplaced)         0.083     0.418    S_AXI_ACLK_IBUF
                         BUFGCE (Prop_BUFGCE_I_O)     0.019     0.437 r  S_AXI_ACLK_IBUF_BUFG_inst/O
                         net (fo=5788, unplaced)      1.259     1.696    u_risk_control/S_AXI_ACLK_IBUF_BUFG
                         FDRE                                         r  u_risk_control/sec_cnt_reg[9]/C
                         clock pessimism             -0.204     1.492    
                         FDRE (Hold_FDRE_C_D)         0.046     1.538    u_risk_control/sec_cnt_reg[9]
  -------------------------------------------------------------------
                         required time                         -1.538    
                         arrival time                           1.468    
  -------------------------------------------------------------------
                         slack                                 -0.070    

Slack (VIOLATED) :        -0.070ns  (arrival time - required time)
  Source:                 u_sensor_reliability/u_cons_1_accel_x/consistency_cnt_reg[1]/C
                            (rising edge-triggered cell FDRE clocked by s_axi_aclk  {rise@0.000ns fall@5.000ns period=10.000ns})
  Destination:            u_sensor_reliability/u_cons_1_accel_x/consistency_cnt_reg[1]/D
                            (rising edge-triggered cell FDRE clocked by s_axi_aclk  {rise@0.000ns fall@5.000ns period=10.000ns})
  Path Group:             s_axi_aclk
  Path Type:              Hold (Min at Fast Process Corner)
  Requirement:            0.000ns  (s_axi_aclk rise@0.000ns - s_axi_aclk rise@0.000ns)
  Data Path Delay:        0.121ns  (logic 0.056ns (46.281%)  route 0.065ns (53.719%))
  Logic Levels:           1  (CARRY8=1)
  Clock Path Skew:        0.145ns (DCD - SCD - CPR)
    Destination Clock Delay (DCD):    1.696ns
    Source Clock Delay      (SCD):    1.347ns
    Clock Pessimism Removal (CPR):    0.204ns

    Location             Delay type                Incr(ns)  Path(ns)    Netlist Resource(s)
  -------------------------------------------------------------------    -------------------
                         (clock s_axi_aclk rise edge)
                                                      0.000     0.000 r  
                                                      0.000     0.000 r  S_AXI_ACLK (IN)
                         net (fo=0)                   0.000     0.000    S_AXI_ACLK_IBUF_inst/I
                         INBUF (Prop_INBUF_PAD_O)     0.150     0.150 r  S_AXI_ACLK_IBUF_inst/INBUF_INST/O
                         net (fo=1, unplaced)         0.000     0.150    S_AXI_ACLK_IBUF_inst/OUT
                         IBUFCTRL (Prop_IBUFCTRL_I_O)
                                                      0.000     0.150 r  S_AXI_ACLK_IBUF_inst/IBUFCTRL_INST/O
                         net (fo=1, unplaced)         0.066     0.216    S_AXI_ACLK_IBUF
                         BUFGCE (Prop_BUFGCE_I_O)     0.017     0.233 r  S_AXI_ACLK_IBUF_BUFG_inst/O
                         net (fo=5788, unplaced)      1.114     1.347    u_sensor_reliability/u_cons_1_accel_x/S_AXI_ACLK_IBUF_BUFG
                         FDRE                                         r  u_sensor_reliability/u_cons_1_accel_x/consistency_cnt_reg[1]/C
  -------------------------------------------------------------------    -------------------
                         FDRE (Prop_FDRE_C_Q)         0.038     1.385 r  u_sensor_reliability/u_cons_1_accel_x/consistency_cnt_reg[1]/Q
                         net (fo=2, unplaced)         0.058     1.443    u_sensor_reliability/u_chk_accel_x/consistency_cnt_reg_1[0]
                         CARRY8 (Prop_CARRY8_S[1]_O[1])
                                                      0.018     1.461 r  u_sensor_reliability/u_chk_accel_x/consistency_cnt_reg[0]_i_3__13/O[1]
                         net (fo=1, unplaced)         0.007     1.468    u_sensor_reliability/u_cons_1_accel_x/consistency_cnt_reg[7]_0[1]
                         FDRE                                         r  u_sensor_reliability/u_cons_1_accel_x/consistency_cnt_reg[1]/D
  -------------------------------------------------------------------    -------------------

                         (clock s_axi_aclk rise edge)
                                                      0.000     0.000 r  
                                                      0.000     0.000 r  S_AXI_ACLK (IN)
                         net (fo=0)                   0.000     0.000    S_AXI_ACLK_IBUF_inst/I
                         INBUF (Prop_INBUF_PAD_O)     0.335     0.335 r  S_AXI_ACLK_IBUF_inst/INBUF_INST/O
                         net (fo=1, unplaced)         0.000     0.335    S_AXI_ACLK_IBUF_inst/OUT
                         IBUFCTRL (Prop_IBUFCTRL_I_O)
                                                      0.000     0.335 r  S_AXI_ACLK_IBUF_inst/IBUFCTRL_INST/O
                         net (fo=1, unplaced)         0.083     0.418    S_AXI_ACLK_IBUF
                         BUFGCE (Prop_BUFGCE_I_O)     0.019     0.437 r  S_AXI_ACLK_IBUF_BUFG_inst/O
                         net (fo=5788, unplaced)      1.259     1.696    u_sensor_reliability/u_cons_1_accel_x/S_AXI_ACLK_IBUF_BUFG
                         FDRE                                         r  u_sensor_reliability/u_cons_1_accel_x/consistency_cnt_reg[1]/C
                         clock pessimism             -0.204     1.492    
                         FDRE (Hold_FDRE_C_D)         0.046     1.538    u_sensor_reliability/u_cons_1_accel_x/consistency_cnt_reg[1]
  -------------------------------------------------------------------
                         required time                         -1.538    
                         arrival time                           1.468    
  -------------------------------------------------------------------
                         slack                                 -0.070    

Slack (VIOLATED) :        -0.070ns  (arrival time - required time)
  Source:                 u_sensor_reliability/u_cons_1_accel_y/consistency_cnt_reg[1]/C
                            (rising edge-triggered cell FDRE clocked by s_axi_aclk  {rise@0.000ns fall@5.000ns period=10.000ns})
  Destination:            u_sensor_reliability/u_cons_1_accel_y/consistency_cnt_reg[1]/D
                            (rising edge-triggered cell FDRE clocked by s_axi_aclk  {rise@0.000ns fall@5.000ns period=10.000ns})
  Path Group:             s_axi_aclk
  Path Type:              Hold (Min at Fast Process Corner)
  Requirement:            0.000ns  (s_axi_aclk rise@0.000ns - s_axi_aclk rise@0.000ns)
  Data Path Delay:        0.121ns  (logic 0.056ns (46.281%)  route 0.065ns (53.719%))
  Logic Levels:           1  (CARRY8=1)
  Clock Path Skew:        0.145ns (DCD - SCD - CPR)
    Destination Clock Delay (DCD):    1.696ns
    Source Clock Delay      (SCD):    1.347ns
    Clock Pessimism Removal (CPR):    0.204ns

    Location             Delay type                Incr(ns)  Path(ns)    Netlist Resource(s)
  -------------------------------------------------------------------    -------------------
                         (clock s_axi_aclk rise edge)
                                                      0.000     0.000 r  
                                                      0.000     0.000 r  S_AXI_ACLK (IN)
                         net (fo=0)                   0.000     0.000    S_AXI_ACLK_IBUF_inst/I
                         INBUF (Prop_INBUF_PAD_O)     0.150     0.150 r  S_AXI_ACLK_IBUF_inst/INBUF_INST/O
                         net (fo=1, unplaced)         0.000     0.150    S_AXI_ACLK_IBUF_inst/OUT
                         IBUFCTRL (Prop_IBUFCTRL_I_O)
                                                      0.000     0.150 r  S_AXI_ACLK_IBUF_inst/IBUFCTRL_INST/O
                         net (fo=1, unplaced)         0.066     0.216    S_AXI_ACLK_IBUF
                         BUFGCE (Prop_BUFGCE_I_O)     0.017     0.233 r  S_AXI_ACLK_IBUF_BUFG_inst/O
                         net (fo=5788, unplaced)      1.114     1.347    u_sensor_reliability/u_cons_1_accel_y/S_AXI_ACLK_IBUF_BUFG
                         FDRE                                         r  u_sensor_reliability/u_cons_1_accel_y/consistency_cnt_reg[1]/C
  -------------------------------------------------------------------    -------------------
                         FDRE (Prop_FDRE_C_Q)         0.038     1.385 r  u_sensor_reliability/u_cons_1_accel_y/consistency_cnt_reg[1]/Q
                         net (fo=2, unplaced)         0.058     1.443    u_sensor_reliability/u_chk_accel_y/consistency_cnt_reg_1[0]
                         CARRY8 (Prop_CARRY8_S[1]_O[1])
                                                      0.018     1.461 r  u_sensor_reliability/u_chk_accel_y/consistency_cnt_reg[0]_i_3__10/O[1]
                         net (fo=1, unplaced)         0.007     1.468    u_sensor_reliability/u_cons_1_accel_y/consistency_cnt_reg[7]_0[1]
                         FDRE                                         r  u_sensor_reliability/u_cons_1_accel_y/consistency_cnt_reg[1]/D
  -------------------------------------------------------------------    -------------------

                         (clock s_axi_aclk rise edge)
                                                      0.000     0.000 r  
                                                      0.000     0.000 r  S_AXI_ACLK (IN)
                         net (fo=0)                   0.000     0.000    S_AXI_ACLK_IBUF_inst/I
                         INBUF (Prop_INBUF_PAD_O)     0.335     0.335 r  S_AXI_ACLK_IBUF_inst/INBUF_INST/O
                         net (fo=1, unplaced)         0.000     0.335    S_AXI_ACLK_IBUF_inst/OUT
                         IBUFCTRL (Prop_IBUFCTRL_I_O)
                                                      0.000     0.335 r  S_AXI_ACLK_IBUF_inst/IBUFCTRL_INST/O
                         net (fo=1, unplaced)         0.083     0.418    S_AXI_ACLK_IBUF
                         BUFGCE (Prop_BUFGCE_I_O)     0.019     0.437 r  S_AXI_ACLK_IBUF_BUFG_inst/O
                         net (fo=5788, unplaced)      1.259     1.696    u_sensor_reliability/u_cons_1_accel_y/S_AXI_ACLK_IBUF_BUFG
                         FDRE                                         r  u_sensor_reliability/u_cons_1_accel_y/consistency_cnt_reg[1]/C
                         clock pessimism             -0.204     1.492    
                         FDRE (Hold_FDRE_C_D)         0.046     1.538    u_sensor_reliability/u_cons_1_accel_y/consistency_cnt_reg[1]
  -------------------------------------------------------------------
                         required time                         -1.538    
                         arrival time                           1.468    
  -------------------------------------------------------------------
                         slack                                 -0.070    

Slack (VIOLATED) :        -0.070ns  (arrival time - required time)
  Source:                 u_sensor_reliability/u_cons_1_accel_z/consistency_cnt_reg[1]/C
                            (rising edge-triggered cell FDRE clocked by s_axi_aclk  {rise@0.000ns fall@5.000ns period=10.000ns})
  Destination:            u_sensor_reliability/u_cons_1_accel_z/consistency_cnt_reg[1]/D
                            (rising edge-triggered cell FDRE clocked by s_axi_aclk  {rise@0.000ns fall@5.000ns period=10.000ns})
  Path Group:             s_axi_aclk
  Path Type:              Hold (Min at Fast Process Corner)
  Requirement:            0.000ns  (s_axi_aclk rise@0.000ns - s_axi_aclk rise@0.000ns)
  Data Path Delay:        0.121ns  (logic 0.056ns (46.281%)  route 0.065ns (53.719%))
  Logic Levels:           1  (CARRY8=1)
  Clock Path Skew:        0.145ns (DCD - SCD - CPR)
    Destination Clock Delay (DCD):    1.696ns
    Source Clock Delay      (SCD):    1.347ns
    Clock Pessimism Removal (CPR):    0.204ns

    Location             Delay type                Incr(ns)  Path(ns)    Netlist Resource(s)
  -------------------------------------------------------------------    -------------------
                         (clock s_axi_aclk rise edge)
                                                      0.000     0.000 r  
                                                      0.000     0.000 r  S_AXI_ACLK (IN)
                         net (fo=0)                   0.000     0.000    S_AXI_ACLK_IBUF_inst/I
                         INBUF (Prop_INBUF_PAD_O)     0.150     0.150 r  S_AXI_ACLK_IBUF_inst/INBUF_INST/O
                         net (fo=1, unplaced)         0.000     0.150    S_AXI_ACLK_IBUF_inst/OUT
                         IBUFCTRL (Prop_IBUFCTRL_I_O)
                                                      0.000     0.150 r  S_AXI_ACLK_IBUF_inst/IBUFCTRL_INST/O
                         net (fo=1, unplaced)         0.066     0.216    S_AXI_ACLK_IBUF
                         BUFGCE (Prop_BUFGCE_I_O)     0.017     0.233 r  S_AXI_ACLK_IBUF_BUFG_inst/O
                         net (fo=5788, unplaced)      1.114     1.347    u_sensor_reliability/u_cons_1_accel_z/S_AXI_ACLK_IBUF_BUFG
                         FDRE                                         r  u_sensor_reliability/u_cons_1_accel_z/consistency_cnt_reg[1]/C
  -------------------------------------------------------------------    -------------------
                         FDRE (Prop_FDRE_C_Q)         0.038     1.385 r  u_sensor_reliability/u_cons_1_accel_z/consistency_cnt_reg[1]/Q
                         net (fo=2, unplaced)         0.058     1.443    u_sensor_reliability/u_chk_accel_z/consistency_cnt_reg_0[0]
                         CARRY8 (Prop_CARRY8_S[1]_O[1])
                                                      0.018     1.461 r  u_sensor_reliability/u_chk_accel_z/consistency_cnt_reg[0]_i_3__7/O[1]
                         net (fo=1, unplaced)         0.007     1.468    u_sensor_reliability/u_cons_1_accel_z/consistency_cnt_reg[7]_0[1]
                         FDRE                                         r  u_sensor_reliability/u_cons_1_accel_z/consistency_cnt_reg[1]/D
  -------------------------------------------------------------------    -------------------

                         (clock s_axi_aclk rise edge)
                                                      0.000     0.000 r  
                                                      0.000     0.000 r  S_AXI_ACLK (IN)
                         net (fo=0)                   0.000     0.000    S_AXI_ACLK_IBUF_inst/I
                         INBUF (Prop_INBUF_PAD_O)     0.335     0.335 r  S_AXI_ACLK_IBUF_inst/INBUF_INST/O
                         net (fo=1, unplaced)         0.000     0.335    S_AXI_ACLK_IBUF_inst/OUT
                         IBUFCTRL (Prop_IBUFCTRL_I_O)
                                                      0.000     0.335 r  S_AXI_ACLK_IBUF_inst/IBUFCTRL_INST/O
                         net (fo=1, unplaced)         0.083     0.418    S_AXI_ACLK_IBUF
                         BUFGCE (Prop_BUFGCE_I_O)     0.019     0.437 r  S_AXI_ACLK_IBUF_BUFG_inst/O
                         net (fo=5788, unplaced)      1.259     1.696    u_sensor_reliability/u_cons_1_accel_z/S_AXI_ACLK_IBUF_BUFG
                         FDRE                                         r  u_sensor_reliability/u_cons_1_accel_z/consistency_cnt_reg[1]/C
                         clock pessimism             -0.204     1.492    
                         FDRE (Hold_FDRE_C_D)         0.046     1.538    u_sensor_reliability/u_cons_1_accel_z/consistency_cnt_reg[1]
  -------------------------------------------------------------------
                         required time                         -1.538    
                         arrival time                           1.468    
  -------------------------------------------------------------------
                         slack                                 -0.070    

Slack (VIOLATED) :        -0.070ns  (arrival time - required time)
  Source:                 u_sensor_reliability/u_cons_1_gyro_x/consistency_cnt_reg[1]/C
                            (rising edge-triggered cell FDRE clocked by s_axi_aclk  {rise@0.000ns fall@5.000ns period=10.000ns})
  Destination:            u_sensor_reliability/u_cons_1_gyro_x/consistency_cnt_reg[1]/D
                            (rising edge-triggered cell FDRE clocked by s_axi_aclk  {rise@0.000ns fall@5.000ns period=10.000ns})
  Path Group:             s_axi_aclk
  Path Type:              Hold (Min at Fast Process Corner)
  Requirement:            0.000ns  (s_axi_aclk rise@0.000ns - s_axi_aclk rise@0.000ns)
  Data Path Delay:        0.121ns  (logic 0.056ns (46.281%)  route 0.065ns (53.719%))
  Logic Levels:           1  (CARRY8=1)
  Clock Path Skew:        0.145ns (DCD - SCD - CPR)
    Destination Clock Delay (DCD):    1.696ns
    Source Clock Delay      (SCD):    1.347ns
    Clock Pessimism Removal (CPR):    0.204ns

    Location             Delay type                Incr(ns)  Path(ns)    Netlist Resource(s)
  -------------------------------------------------------------------    -------------------
                         (clock s_axi_aclk rise edge)
                                                      0.000     0.000 r  
                                                      0.000     0.000 r  S_AXI_ACLK (IN)
                         net (fo=0)                   0.000     0.000    S_AXI_ACLK_IBUF_inst/I
                         INBUF (Prop_INBUF_PAD_O)     0.150     0.150 r  S_AXI_ACLK_IBUF_inst/INBUF_INST/O
                         net (fo=1, unplaced)         0.000     0.150    S_AXI_ACLK_IBUF_inst/OUT
                         IBUFCTRL (Prop_IBUFCTRL_I_O)
                                                      0.000     0.150 r  S_AXI_ACLK_IBUF_inst/IBUFCTRL_INST/O
                         net (fo=1, unplaced)         0.066     0.216    S_AXI_ACLK_IBUF
                         BUFGCE (Prop_BUFGCE_I_O)     0.017     0.233 r  S_AXI_ACLK_IBUF_BUFG_inst/O
                         net (fo=5788, unplaced)      1.114     1.347    u_sensor_reliability/u_cons_1_gyro_x/S_AXI_ACLK_IBUF_BUFG
                         FDRE                                         r  u_sensor_reliability/u_cons_1_gyro_x/consistency_cnt_reg[1]/C
  -------------------------------------------------------------------    -------------------
                         FDRE (Prop_FDRE_C_Q)         0.038     1.385 r  u_sensor_reliability/u_cons_1_gyro_x/consistency_cnt_reg[1]/Q
                         net (fo=2, unplaced)         0.058     1.443    u_sensor_reliability/u_chk_gyro_x/consistency_cnt_reg[0]
                         CARRY8 (Prop_CARRY8_S[1]_O[1])
                                                      0.018     1.461 r  u_sensor_reliability/u_chk_gyro_x/consistency_cnt_reg[0]_i_3__4/O[1]
                         net (fo=1, unplaced)         0.007     1.468    u_sensor_reliability/u_cons_1_gyro_x/O[1]
                         FDRE                                         r  u_sensor_reliability/u_cons_1_gyro_x/consistency_cnt_reg[1]/D
  -------------------------------------------------------------------    -------------------

                         (clock s_axi_aclk rise edge)
                                                      0.000     0.000 r  
                                                      0.000     0.000 r  S_AXI_ACLK (IN)
                         net (fo=0)                   0.000     0.000    S_AXI_ACLK_IBUF_inst/I
                         INBUF (Prop_INBUF_PAD_O)     0.335     0.335 r  S_AXI_ACLK_IBUF_inst/INBUF_INST/O
                         net (fo=1, unplaced)         0.000     0.335    S_AXI_ACLK_IBUF_inst/OUT
                         IBUFCTRL (Prop_IBUFCTRL_I_O)
                                                      0.000     0.335 r  S_AXI_ACLK_IBUF_inst/IBUFCTRL_INST/O
                         net (fo=1, unplaced)         0.083     0.418    S_AXI_ACLK_IBUF
                         BUFGCE (Prop_BUFGCE_I_O)     0.019     0.437 r  S_AXI_ACLK_IBUF_BUFG_inst/O
                         net (fo=5788, unplaced)      1.259     1.696    u_sensor_reliability/u_cons_1_gyro_x/S_AXI_ACLK_IBUF_BUFG
                         FDRE                                         r  u_sensor_reliability/u_cons_1_gyro_x/consistency_cnt_reg[1]/C
                         clock pessimism             -0.204     1.492    
                         FDRE (Hold_FDRE_C_D)         0.046     1.538    u_sensor_reliability/u_cons_1_gyro_x/consistency_cnt_reg[1]
  -------------------------------------------------------------------
                         required time                         -1.538    
                         arrival time                           1.468    
  -------------------------------------------------------------------
                         slack                                 -0.070    

Slack (VIOLATED) :        -0.070ns  (arrival time - required time)
  Source:                 u_sensor_reliability/u_cons_1_gyro_y/consistency_cnt_reg[1]/C
                            (rising edge-triggered cell FDRE clocked by s_axi_aclk  {rise@0.000ns fall@5.000ns period=10.000ns})
  Destination:            u_sensor_reliability/u_cons_1_gyro_y/consistency_cnt_reg[1]/D
                            (rising edge-triggered cell FDRE clocked by s_axi_aclk  {rise@0.000ns fall@5.000ns period=10.000ns})
  Path Group:             s_axi_aclk
  Path Type:              Hold (Min at Fast Process Corner)
  Requirement:            0.000ns  (s_axi_aclk rise@0.000ns - s_axi_aclk rise@0.000ns)
  Data Path Delay:        0.121ns  (logic 0.056ns (46.281%)  route 0.065ns (53.719%))
  Logic Levels:           1  (CARRY8=1)
  Clock Path Skew:        0.145ns (DCD - SCD - CPR)
    Destination Clock Delay (DCD):    1.696ns
    Source Clock Delay      (SCD):    1.347ns
    Clock Pessimism Removal (CPR):    0.204ns

    Location             Delay type                Incr(ns)  Path(ns)    Netlist Resource(s)
  -------------------------------------------------------------------    -------------------
                         (clock s_axi_aclk rise edge)
                                                      0.000     0.000 r  
                                                      0.000     0.000 r  S_AXI_ACLK (IN)
                         net (fo=0)                   0.000     0.000    S_AXI_ACLK_IBUF_inst/I
                         INBUF (Prop_INBUF_PAD_O)     0.150     0.150 r  S_AXI_ACLK_IBUF_inst/INBUF_INST/O
                         net (fo=1, unplaced)         0.000     0.150    S_AXI_ACLK_IBUF_inst/OUT
                         IBUFCTRL (Prop_IBUFCTRL_I_O)
                                                      0.000     0.150 r  S_AXI_ACLK_IBUF_inst/IBUFCTRL_INST/O
                         net (fo=1, unplaced)         0.066     0.216    S_AXI_ACLK_IBUF
                         BUFGCE (Prop_BUFGCE_I_O)     0.017     0.233 r  S_AXI_ACLK_IBUF_BUFG_inst/O
                         net (fo=5788, unplaced)      1.114     1.347    u_sensor_reliability/u_cons_1_gyro_y/S_AXI_ACLK_IBUF_BUFG
                         FDRE                                         r  u_sensor_reliability/u_cons_1_gyro_y/consistency_cnt_reg[1]/C
  -------------------------------------------------------------------    -------------------
                         FDRE (Prop_FDRE_C_Q)         0.038     1.385 r  u_sensor_reliability/u_cons_1_gyro_y/consistency_cnt_reg[1]/Q
                         net (fo=2, unplaced)         0.058     1.443    u_sensor_reliability/u_chk_gyro_y/consistency_cnt_reg_0[0]
                         CARRY8 (Prop_CARRY8_S[1]_O[1])
                                                      0.018     1.461 r  u_sensor_reliability/u_chk_gyro_y/consistency_cnt_reg[0]_i_3__3/O[1]
                         net (fo=1, unplaced)         0.007     1.468    u_sensor_reliability/u_cons_1_gyro_y/consistency_cnt_reg[7]_0[1]
                         FDRE                                         r  u_sensor_reliability/u_cons_1_gyro_y/consistency_cnt_reg[1]/D
  -------------------------------------------------------------------    -------------------

                         (clock s_axi_aclk rise edge)
                                                      0.000     0.000 r  
                                                      0.000     0.000 r  S_AXI_ACLK (IN)
                         net (fo=0)                   0.000     0.000    S_AXI_ACLK_IBUF_inst/I
                         INBUF (Prop_INBUF_PAD_O)     0.335     0.335 r  S_AXI_ACLK_IBUF_inst/INBUF_INST/O
                         net (fo=1, unplaced)         0.000     0.335    S_AXI_ACLK_IBUF_inst/OUT
                         IBUFCTRL (Prop_IBUFCTRL_I_O)
                                                      0.000     0.335 r  S_AXI_ACLK_IBUF_inst/IBUFCTRL_INST/O
                         net (fo=1, unplaced)         0.083     0.418    S_AXI_ACLK_IBUF
                         BUFGCE (Prop_BUFGCE_I_O)     0.019     0.437 r  S_AXI_ACLK_IBUF_BUFG_inst/O
                         net (fo=5788, unplaced)      1.259     1.696    u_sensor_reliability/u_cons_1_gyro_y/S_AXI_ACLK_IBUF_BUFG
                         FDRE                                         r  u_sensor_reliability/u_cons_1_gyro_y/consistency_cnt_reg[1]/C
                         clock pessimism             -0.204     1.492    
                         FDRE (Hold_FDRE_C_D)         0.046     1.538    u_sensor_reliability/u_cons_1_gyro_y/consistency_cnt_reg[1]
  -------------------------------------------------------------------
                         required time                         -1.538    
                         arrival time                           1.468    
  -------------------------------------------------------------------
                         slack                                 -0.070    

Slack (VIOLATED) :        -0.070ns  (arrival time - required time)
  Source:                 u_sensor_reliability/u_cons_1_gyro_z/consistency_cnt_reg[1]/C
                            (rising edge-triggered cell FDRE clocked by s_axi_aclk  {rise@0.000ns fall@5.000ns period=10.000ns})
  Destination:            u_sensor_reliability/u_cons_1_gyro_z/consistency_cnt_reg[1]/D
                            (rising edge-triggered cell FDRE clocked by s_axi_aclk  {rise@0.000ns fall@5.000ns period=10.000ns})
  Path Group:             s_axi_aclk
  Path Type:              Hold (Min at Fast Process Corner)
  Requirement:            0.000ns  (s_axi_aclk rise@0.000ns - s_axi_aclk rise@0.000ns)
  Data Path Delay:        0.121ns  (logic 0.056ns (46.281%)  route 0.065ns (53.719%))
  Logic Levels:           1  (CARRY8=1)
  Clock Path Skew:        0.145ns (DCD - SCD - CPR)
    Destination Clock Delay (DCD):    1.696ns
    Source Clock Delay      (SCD):    1.347ns
    Clock Pessimism Removal (CPR):    0.204ns

    Location             Delay type                Incr(ns)  Path(ns)    Netlist Resource(s)
  -------------------------------------------------------------------    -------------------
                         (clock s_axi_aclk rise edge)
                                                      0.000     0.000 r  
                                                      0.000     0.000 r  S_AXI_ACLK (IN)
                         net (fo=0)                   0.000     0.000    S_AXI_ACLK_IBUF_inst/I
                         INBUF (Prop_INBUF_PAD_O)     0.150     0.150 r  S_AXI_ACLK_IBUF_inst/INBUF_INST/O
                         net (fo=1, unplaced)         0.000     0.150    S_AXI_ACLK_IBUF_inst/OUT
                         IBUFCTRL (Prop_IBUFCTRL_I_O)
                                                      0.000     0.150 r  S_AXI_ACLK_IBUF_inst/IBUFCTRL_INST/O
                         net (fo=1, unplaced)         0.066     0.216    S_AXI_ACLK_IBUF
                         BUFGCE (Prop_BUFGCE_I_O)     0.017     0.233 r  S_AXI_ACLK_IBUF_BUFG_inst/O
                         net (fo=5788, unplaced)      1.114     1.347    u_sensor_reliability/u_cons_1_gyro_z/S_AXI_ACLK_IBUF_BUFG
                         FDRE                                         r  u_sensor_reliability/u_cons_1_gyro_z/consistency_cnt_reg[1]/C
  -------------------------------------------------------------------    -------------------
                         FDRE (Prop_FDRE_C_Q)         0.038     1.385 r  u_sensor_reliability/u_cons_1_gyro_z/consistency_cnt_reg[1]/Q
                         net (fo=2, unplaced)         0.058     1.443    u_sensor_reliability/u_chk_gyro_z/consistency_cnt_reg_1[0]
                         CARRY8 (Prop_CARRY8_S[1]_O[1])
                                                      0.018     1.461 r  u_sensor_reliability/u_chk_gyro_z/consistency_cnt_reg[0]_i_3__1/O[1]
                         net (fo=1, unplaced)         0.007     1.468    u_sensor_reliability/u_cons_1_gyro_z/consistency_cnt_reg[7]_0[1]
                         FDRE                                         r  u_sensor_reliability/u_cons_1_gyro_z/consistency_cnt_reg[1]/D
  -------------------------------------------------------------------    -------------------

                         (clock s_axi_aclk rise edge)
                                                      0.000     0.000 r  
                                                      0.000     0.000 r  S_AXI_ACLK (IN)
                         net (fo=0)                   0.000     0.000    S_AXI_ACLK_IBUF_inst/I
                         INBUF (Prop_INBUF_PAD_O)     0.335     0.335 r  S_AXI_ACLK_IBUF_inst/INBUF_INST/O
                         net (fo=1, unplaced)         0.000     0.335    S_AXI_ACLK_IBUF_inst/OUT
                         IBUFCTRL (Prop_IBUFCTRL_I_O)
                                                      0.000     0.335 r  S_AXI_ACLK_IBUF_inst/IBUFCTRL_INST/O
                         net (fo=1, unplaced)         0.083     0.418    S_AXI_ACLK_IBUF
                         BUFGCE (Prop_BUFGCE_I_O)     0.019     0.437 r  S_AXI_ACLK_IBUF_BUFG_inst/O
                         net (fo=5788, unplaced)      1.259     1.696    u_sensor_reliability/u_cons_1_gyro_z/S_AXI_ACLK_IBUF_BUFG
                         FDRE                                         r  u_sensor_reliability/u_cons_1_gyro_z/consistency_cnt_reg[1]/C
                         clock pessimism             -0.204     1.492    
                         FDRE (Hold_FDRE_C_D)         0.046     1.538    u_sensor_reliability/u_cons_1_gyro_z/consistency_cnt_reg[1]
  -------------------------------------------------------------------
                         required time                         -1.538    
                         arrival time                           1.468    
  -------------------------------------------------------------------
                         slack                                 -0.070    

Slack (VIOLATED) :        -0.070ns  (arrival time - required time)
  Source:                 u_sensor_reliability/u_cons_2_accel_x/consistency_cnt_reg[1]/C
                            (rising edge-triggered cell FDRE clocked by s_axi_aclk  {rise@0.000ns fall@5.000ns period=10.000ns})
  Destination:            u_sensor_reliability/u_cons_2_accel_x/consistency_cnt_reg[1]/D
                            (rising edge-triggered cell FDRE clocked by s_axi_aclk  {rise@0.000ns fall@5.000ns period=10.000ns})
  Path Group:             s_axi_aclk
  Path Type:              Hold (Min at Fast Process Corner)
  Requirement:            0.000ns  (s_axi_aclk rise@0.000ns - s_axi_aclk rise@0.000ns)
  Data Path Delay:        0.121ns  (logic 0.056ns (46.281%)  route 0.065ns (53.719%))
  Logic Levels:           1  (CARRY8=1)
  Clock Path Skew:        0.145ns (DCD - SCD - CPR)
    Destination Clock Delay (DCD):    1.696ns
    Source Clock Delay      (SCD):    1.347ns
    Clock Pessimism Removal (CPR):    0.204ns

    Location             Delay type                Incr(ns)  Path(ns)    Netlist Resource(s)
  -------------------------------------------------------------------    -------------------
                         (clock s_axi_aclk rise edge)
                                                      0.000     0.000 r  
                                                      0.000     0.000 r  S_AXI_ACLK (IN)
                         net (fo=0)                   0.000     0.000    S_AXI_ACLK_IBUF_inst/I
                         INBUF (Prop_INBUF_PAD_O)     0.150     0.150 r  S_AXI_ACLK_IBUF_inst/INBUF_INST/O
                         net (fo=1, unplaced)         0.000     0.150    S_AXI_ACLK_IBUF_inst/OUT
                         IBUFCTRL (Prop_IBUFCTRL_I_O)
                                                      0.000     0.150 r  S_AXI_ACLK_IBUF_inst/IBUFCTRL_INST/O
                         net (fo=1, unplaced)         0.066     0.216    S_AXI_ACLK_IBUF
                         BUFGCE (Prop_BUFGCE_I_O)     0.017     0.233 r  S_AXI_ACLK_IBUF_BUFG_inst/O
                         net (fo=5788, unplaced)      1.114     1.347    u_sensor_reliability/u_cons_2_accel_x/S_AXI_ACLK_IBUF_BUFG
                         FDRE                                         r  u_sensor_reliability/u_cons_2_accel_x/consistency_cnt_reg[1]/C
  -------------------------------------------------------------------    -------------------
                         FDRE (Prop_FDRE_C_Q)         0.038     1.385 r  u_sensor_reliability/u_cons_2_accel_x/consistency_cnt_reg[1]/Q
                         net (fo=2, unplaced)         0.058     1.443    u_sensor_reliability/u_chk_accel_x/consistency_cnt_reg_0[0]
                         CARRY8 (Prop_CARRY8_S[1]_O[1])
                                                      0.018     1.461 r  u_sensor_reliability/u_chk_accel_x/consistency_cnt_reg[0]_i_3__12/O[1]
                         net (fo=1, unplaced)         0.007     1.468    u_sensor_reliability/u_cons_2_accel_x/consistency_cnt_reg[7]_0[1]
                         FDRE                                         r  u_sensor_reliability/u_cons_2_accel_x/consistency_cnt_reg[1]/D
  -------------------------------------------------------------------    -------------------

                         (clock s_axi_aclk rise edge)
                                                      0.000     0.000 r  
                                                      0.000     0.000 r  S_AXI_ACLK (IN)
                         net (fo=0)                   0.000     0.000    S_AXI_ACLK_IBUF_inst/I
                         INBUF (Prop_INBUF_PAD_O)     0.335     0.335 r  S_AXI_ACLK_IBUF_inst/INBUF_INST/O
                         net (fo=1, unplaced)         0.000     0.335    S_AXI_ACLK_IBUF_inst/OUT
                         IBUFCTRL (Prop_IBUFCTRL_I_O)
                                                      0.000     0.335 r  S_AXI_ACLK_IBUF_inst/IBUFCTRL_INST/O
                         net (fo=1, unplaced)         0.083     0.418    S_AXI_ACLK_IBUF
                         BUFGCE (Prop_BUFGCE_I_O)     0.019     0.437 r  S_AXI_ACLK_IBUF_BUFG_inst/O
                         net (fo=5788, unplaced)      1.259     1.696    u_sensor_reliability/u_cons_2_accel_x/S_AXI_ACLK_IBUF_BUFG
                         FDRE                                         r  u_sensor_reliability/u_cons_2_accel_x/consistency_cnt_reg[1]/C
                         clock pessimism             -0.204     1.492    
                         FDRE (Hold_FDRE_C_D)         0.046     1.538    u_sensor_reliability/u_cons_2_accel_x/consistency_cnt_reg[1]
  -------------------------------------------------------------------
                         required time                         -1.538    
                         arrival time                           1.468    
  -------------------------------------------------------------------
                         slack                                 -0.070    

Slack (VIOLATED) :        -0.070ns  (arrival time - required time)
  Source:                 u_sensor_reliability/u_cons_2_accel_y/consistency_cnt_reg[1]/C
                            (rising edge-triggered cell FDRE clocked by s_axi_aclk  {rise@0.000ns fall@5.000ns period=10.000ns})
  Destination:            u_sensor_reliability/u_cons_2_accel_y/consistency_cnt_reg[1]/D
                            (rising edge-triggered cell FDRE clocked by s_axi_aclk  {rise@0.000ns fall@5.000ns period=10.000ns})
  Path Group:             s_axi_aclk
  Path Type:              Hold (Min at Fast Process Corner)
  Requirement:            0.000ns  (s_axi_aclk rise@0.000ns - s_axi_aclk rise@0.000ns)
  Data Path Delay:        0.121ns  (logic 0.056ns (46.281%)  route 0.065ns (53.719%))
  Logic Levels:           1  (CARRY8=1)
  Clock Path Skew:        0.145ns (DCD - SCD - CPR)
    Destination Clock Delay (DCD):    1.696ns
    Source Clock Delay      (SCD):    1.347ns
    Clock Pessimism Removal (CPR):    0.204ns

    Location             Delay type                Incr(ns)  Path(ns)    Netlist Resource(s)
  -------------------------------------------------------------------    -------------------
                         (clock s_axi_aclk rise edge)
                                                      0.000     0.000 r  
                                                      0.000     0.000 r  S_AXI_ACLK (IN)
                         net (fo=0)                   0.000     0.000    S_AXI_ACLK_IBUF_inst/I
                         INBUF (Prop_INBUF_PAD_O)     0.150     0.150 r  S_AXI_ACLK_IBUF_inst/INBUF_INST/O
                         net (fo=1, unplaced)         0.000     0.150    S_AXI_ACLK_IBUF_inst/OUT
                         IBUFCTRL (Prop_IBUFCTRL_I_O)
                                                      0.000     0.150 r  S_AXI_ACLK_IBUF_inst/IBUFCTRL_INST/O
                         net (fo=1, unplaced)         0.066     0.216    S_AXI_ACLK_IBUF
                         BUFGCE (Prop_BUFGCE_I_O)     0.017     0.233 r  S_AXI_ACLK_IBUF_BUFG_inst/O
                         net (fo=5788, unplaced)      1.114     1.347    u_sensor_reliability/u_cons_2_accel_y/S_AXI_ACLK_IBUF_BUFG
                         FDRE                                         r  u_sensor_reliability/u_cons_2_accel_y/consistency_cnt_reg[1]/C
  -------------------------------------------------------------------    -------------------
                         FDRE (Prop_FDRE_C_Q)         0.038     1.385 r  u_sensor_reliability/u_cons_2_accel_y/consistency_cnt_reg[1]/Q
                         net (fo=2, unplaced)         0.058     1.443    u_sensor_reliability/u_chk_accel_y/consistency_cnt_reg_0[0]
                         CARRY8 (Prop_CARRY8_S[1]_O[1])
                                                      0.018     1.461 r  u_sensor_reliability/u_chk_accel_y/consistency_cnt_reg[0]_i_3__9/O[1]
                         net (fo=1, unplaced)         0.007     1.468    u_sensor_reliability/u_cons_2_accel_y/consistency_cnt_reg[7]_0[1]
                         FDRE                                         r  u_sensor_reliability/u_cons_2_accel_y/consistency_cnt_reg[1]/D
  -------------------------------------------------------------------    -------------------

                         (clock s_axi_aclk rise edge)
                                                      0.000     0.000 r  
                                                      0.000     0.000 r  S_AXI_ACLK (IN)
                         net (fo=0)                   0.000     0.000    S_AXI_ACLK_IBUF_inst/I
                         INBUF (Prop_INBUF_PAD_O)     0.335     0.335 r  S_AXI_ACLK_IBUF_inst/INBUF_INST/O
                         net (fo=1, unplaced)         0.000     0.335    S_AXI_ACLK_IBUF_inst/OUT
                         IBUFCTRL (Prop_IBUFCTRL_I_O)
                                                      0.000     0.335 r  S_AXI_ACLK_IBUF_inst/IBUFCTRL_INST/O
                         net (fo=1, unplaced)         0.083     0.418    S_AXI_ACLK_IBUF
                         BUFGCE (Prop_BUFGCE_I_O)     0.019     0.437 r  S_AXI_ACLK_IBUF_BUFG_inst/O
                         net (fo=5788, unplaced)      1.259     1.696    u_sensor_reliability/u_cons_2_accel_y/S_AXI_ACLK_IBUF_BUFG
                         FDRE                                         r  u_sensor_reliability/u_cons_2_accel_y/consistency_cnt_reg[1]/C
                         clock pessimism             -0.204     1.492    
                         FDRE (Hold_FDRE_C_D)         0.046     1.538    u_sensor_reliability/u_cons_2_accel_y/consistency_cnt_reg[1]
  -------------------------------------------------------------------
                         required time                         -1.538    
                         arrival time                           1.468    
  -------------------------------------------------------------------
                         slack                                 -0.070    

Slack (VIOLATED) :        -0.070ns  (arrival time - required time)
  Source:                 u_sensor_reliability/u_cons_2_accel_z/consistency_cnt_reg[1]/C
                            (rising edge-triggered cell FDRE clocked by s_axi_aclk  {rise@0.000ns fall@5.000ns period=10.000ns})
  Destination:            u_sensor_reliability/u_cons_2_accel_z/consistency_cnt_reg[1]/D
                            (rising edge-triggered cell FDRE clocked by s_axi_aclk  {rise@0.000ns fall@5.000ns period=10.000ns})
  Path Group:             s_axi_aclk
  Path Type:              Hold (Min at Fast Process Corner)
  Requirement:            0.000ns  (s_axi_aclk rise@0.000ns - s_axi_aclk rise@0.000ns)
  Data Path Delay:        0.121ns  (logic 0.056ns (46.281%)  route 0.065ns (53.719%))
  Logic Levels:           1  (CARRY8=1)
  Clock Path Skew:        0.145ns (DCD - SCD - CPR)
    Destination Clock Delay (DCD):    1.696ns
    Source Clock Delay      (SCD):    1.347ns
    Clock Pessimism Removal (CPR):    0.204ns

    Location             Delay type                Incr(ns)  Path(ns)    Netlist Resource(s)
  -------------------------------------------------------------------    -------------------
                         (clock s_axi_aclk rise edge)
                                                      0.000     0.000 r  
                                                      0.000     0.000 r  S_AXI_ACLK (IN)
                         net (fo=0)                   0.000     0.000    S_AXI_ACLK_IBUF_inst/I
                         INBUF (Prop_INBUF_PAD_O)     0.150     0.150 r  S_AXI_ACLK_IBUF_inst/INBUF_INST/O
                         net (fo=1, unplaced)         0.000     0.150    S_AXI_ACLK_IBUF_inst/OUT
                         IBUFCTRL (Prop_IBUFCTRL_I_O)
                                                      0.000     0.150 r  S_AXI_ACLK_IBUF_inst/IBUFCTRL_INST/O
                         net (fo=1, unplaced)         0.066     0.216    S_AXI_ACLK_IBUF
                         BUFGCE (Prop_BUFGCE_I_O)     0.017     0.233 r  S_AXI_ACLK_IBUF_BUFG_inst/O
                         net (fo=5788, unplaced)      1.114     1.347    u_sensor_reliability/u_cons_2_accel_z/S_AXI_ACLK_IBUF_BUFG
                         FDRE                                         r  u_sensor_reliability/u_cons_2_accel_z/consistency_cnt_reg[1]/C
  -------------------------------------------------------------------    -------------------
                         FDRE (Prop_FDRE_C_Q)         0.038     1.385 r  u_sensor_reliability/u_cons_2_accel_z/consistency_cnt_reg[1]/Q
                         net (fo=2, unplaced)         0.058     1.443    u_sensor_reliability/u_chk_accel_z/consistency_cnt_reg[0]
                         CARRY8 (Prop_CARRY8_S[1]_O[1])
                                                      0.018     1.461 r  u_sensor_reliability/u_chk_accel_z/consistency_cnt_reg[0]_i_3__6/O[1]
                         net (fo=1, unplaced)         0.007     1.468    u_sensor_reliability/u_cons_2_accel_z/O[1]
                         FDRE                                         r  u_sensor_reliability/u_cons_2_accel_z/consistency_cnt_reg[1]/D
  -------------------------------------------------------------------    -------------------

                         (clock s_axi_aclk rise edge)
                                                      0.000     0.000 r  
                                                      0.000     0.000 r  S_AXI_ACLK (IN)
                         net (fo=0)                   0.000     0.000    S_AXI_ACLK_IBUF_inst/I
                         INBUF (Prop_INBUF_PAD_O)     0.335     0.335 r  S_AXI_ACLK_IBUF_inst/INBUF_INST/O
                         net (fo=1, unplaced)         0.000     0.335    S_AXI_ACLK_IBUF_inst/OUT
                         IBUFCTRL (Prop_IBUFCTRL_I_O)
                                                      0.000     0.335 r  S_AXI_ACLK_IBUF_inst/IBUFCTRL_INST/O
                         net (fo=1, unplaced)         0.083     0.418    S_AXI_ACLK_IBUF
                         BUFGCE (Prop_BUFGCE_I_O)     0.019     0.437 r  S_AXI_ACLK_IBUF_BUFG_inst/O
                         net (fo=5788, unplaced)      1.259     1.696    u_sensor_reliability/u_cons_2_accel_z/S_AXI_ACLK_IBUF_BUFG
                         FDRE                                         r  u_sensor_reliability/u_cons_2_accel_z/consistency_cnt_reg[1]/C
                         clock pessimism             -0.204     1.492    
                         FDRE (Hold_FDRE_C_D)         0.046     1.538    u_sensor_reliability/u_cons_2_accel_z/consistency_cnt_reg[1]
  -------------------------------------------------------------------
                         required time                         -1.538    
                         arrival time                           1.468    
  -------------------------------------------------------------------
                         slack                                 -0.070    

Slack (VIOLATED) :        -0.070ns  (arrival time - required time)
  Source:                 u_sensor_reliability/u_cons_2_gyro_x/consistency_cnt_reg[1]/C
                            (rising edge-triggered cell FDRE clocked by s_axi_aclk  {rise@0.000ns fall@5.000ns period=10.000ns})
  Destination:            u_sensor_reliability/u_cons_2_gyro_x/consistency_cnt_reg[1]/D
                            (rising edge-triggered cell FDRE clocked by s_axi_aclk  {rise@0.000ns fall@5.000ns period=10.000ns})
  Path Group:             s_axi_aclk
  Path Type:              Hold (Min at Fast Process Corner)
  Requirement:            0.000ns  (s_axi_aclk rise@0.000ns - s_axi_aclk rise@0.000ns)
  Data Path Delay:        0.121ns  (logic 0.056ns (46.281%)  route 0.065ns (53.719%))
  Logic Levels:           1  (CARRY8=1)
  Clock Path Skew:        0.145ns (DCD - SCD - CPR)
    Destination Clock Delay (DCD):    1.696ns
    Source Clock Delay      (SCD):    1.347ns
    Clock Pessimism Removal (CPR):    0.204ns

    Location             Delay type                Incr(ns)  Path(ns)    Netlist Resource(s)
  -------------------------------------------------------------------    -------------------
                         (clock s_axi_aclk rise edge)
                                                      0.000     0.000 r  
                                                      0.000     0.000 r  S_AXI_ACLK (IN)
                         net (fo=0)                   0.000     0.000    S_AXI_ACLK_IBUF_inst/I
                         INBUF (Prop_INBUF_PAD_O)     0.150     0.150 r  S_AXI_ACLK_IBUF_inst/INBUF_INST/O
                         net (fo=1, unplaced)         0.000     0.150    S_AXI_ACLK_IBUF_inst/OUT
                         IBUFCTRL (Prop_IBUFCTRL_I_O)
                                                      0.000     0.150 r  S_AXI_ACLK_IBUF_inst/IBUFCTRL_INST/O
                         net (fo=1, unplaced)         0.066     0.216    S_AXI_ACLK_IBUF
                         BUFGCE (Prop_BUFGCE_I_O)     0.017     0.233 r  S_AXI_ACLK_IBUF_BUFG_inst/O
                         net (fo=5788, unplaced)      1.114     1.347    u_sensor_reliability/u_cons_2_gyro_x/S_AXI_ACLK_IBUF_BUFG
                         FDRE                                         r  u_sensor_reliability/u_cons_2_gyro_x/consistency_cnt_reg[1]/C
  -------------------------------------------------------------------    -------------------
                         FDRE (Prop_FDRE_C_Q)         0.038     1.385 r  u_sensor_reliability/u_cons_2_gyro_x/consistency_cnt_reg[1]/Q
                         net (fo=2, unplaced)         0.058     1.443    u_sensor_reliability/u_chk_gyro_x/consistency_cnt_reg_1[0]
                         CARRY8 (Prop_CARRY8_S[1]_O[1])
                                                      0.018     1.461 r  u_sensor_reliability/u_chk_gyro_x/consistency_cnt_reg[0]_i_3__5/O[1]
                         net (fo=1, unplaced)         0.007     1.468    u_sensor_reliability/u_cons_2_gyro_x/consistency_cnt_reg[7]_1[1]
                         FDRE                                         r  u_sensor_reliability/u_cons_2_gyro_x/consistency_cnt_reg[1]/D
  -------------------------------------------------------------------    -------------------

                         (clock s_axi_aclk rise edge)
                                                      0.000     0.000 r  
                                                      0.000     0.000 r  S_AXI_ACLK (IN)
                         net (fo=0)                   0.000     0.000    S_AXI_ACLK_IBUF_inst/I
                         INBUF (Prop_INBUF_PAD_O)     0.335     0.335 r  S_AXI_ACLK_IBUF_inst/INBUF_INST/O
                         net (fo=1, unplaced)         0.000     0.335    S_AXI_ACLK_IBUF_inst/OUT
                         IBUFCTRL (Prop_IBUFCTRL_I_O)
                                                      0.000     0.335 r  S_AXI_ACLK_IBUF_inst/IBUFCTRL_INST/O
                         net (fo=1, unplaced)         0.083     0.418    S_AXI_ACLK_IBUF
                         BUFGCE (Prop_BUFGCE_I_O)     0.019     0.437 r  S_AXI_ACLK_IBUF_BUFG_inst/O
                         net (fo=5788, unplaced)      1.259     1.696    u_sensor_reliability/u_cons_2_gyro_x/S_AXI_ACLK_IBUF_BUFG
                         FDRE                                         r  u_sensor_reliability/u_cons_2_gyro_x/consistency_cnt_reg[1]/C
                         clock pessimism             -0.204     1.492    
                         FDRE (Hold_FDRE_C_D)         0.046     1.538    u_sensor_reliability/u_cons_2_gyro_x/consistency_cnt_reg[1]
  -------------------------------------------------------------------
                         required time                         -1.538    
                         arrival time                           1.468    
  -------------------------------------------------------------------
                         slack                                 -0.070    





Pulse Width Checks
--------------------------------------------------------------------------------------
Clock Name:         s_axi_aclk
Waveform(ns):       { 0.000 5.000 }
Period(ns):         10.000
Sources:            { S_AXI_ACLK }

Check Type        Corner  Lib Pin           Reference Pin  Required(ns)  Actual(ns)  Slack(ns)  Location  Pin
Min Period        n/a     BUFGCE/I          n/a            1.499         10.000      8.501                S_AXI_ACLK_IBUF_BUFG_inst/I
Min Period        n/a     DSP_OUTPUT/CLK    n/a            0.750         10.000      9.250                u_preprocessor/p_0_out__12/DSP_OUTPUT_INST/CLK
Min Period        n/a     DSP_OUTPUT/CLK    n/a            0.750         10.000      9.250                u_preprocessor/p_0_out__8/DSP_OUTPUT_INST/CLK
Min Period        n/a     DSP_OUTPUT/CLK    n/a            0.750         10.000      9.250                u_preprocessor/pred_data_out_reg[pred_accel_x_3]/DSP_OUTPUT_INST/CLK
Min Period        n/a     DSP_OUTPUT/CLK    n/a            0.750         10.000      9.250                u_preprocessor/pred_data_out_reg[pred_approach_speed]/DSP_OUTPUT_INST/CLK
Min Period        n/a     DSP_OUTPUT/CLK    n/a            0.750         10.000      9.250                u_preprocessor/pred_data_out_reg[pred_gyro_x_1]/DSP_OUTPUT_INST/CLK
Min Period        n/a     DSP_OUTPUT/CLK    n/a            0.750         10.000      9.250                u_preprocessor/pred_data_out_reg[pred_gyro_y_1]/DSP_OUTPUT_INST/CLK
Min Period        n/a     DSP_OUTPUT/CLK    n/a            0.750         10.000      9.250                u_preprocessor/pred_data_out_reg[pred_gyro_z_1]/DSP_OUTPUT_INST/CLK
Min Period        n/a     DSP_A_B_DATA/CLK  n/a            0.600         10.000      9.400                u_risk_control/p_0_out/DSP_A_B_DATA_INST/CLK
Min Period        n/a     DSP_A_B_DATA/CLK  n/a            0.600         10.000      9.400                u_risk_control/p_0_out__0/DSP_A_B_DATA_INST/CLK
Min Period        n/a     DSP_A_B_DATA/CLK  n/a            0.600         10.000      9.400                u_risk_control/p_0_out__1/DSP_A_B_DATA_INST/CLK
Min Period        n/a     DSP_A_B_DATA/CLK  n/a            0.600         10.000      9.400                u_risk_control/p_0_out__2/DSP_A_B_DATA_INST/CLK
Min Period        n/a     FDSE/C            n/a            0.550         10.000      9.450                u_axi_slave/aw_en_reg/C
Min Period        n/a     FDRE/C            n/a            0.550         10.000      9.450                u_axi_slave/axi_araddr_reg[2]/C
Min Period        n/a     FDRE/C            n/a            0.550         10.000      9.450                u_axi_slave/axi_araddr_reg[3]/C
Min Period        n/a     FDRE/C            n/a            0.550         10.000      9.450                u_axi_slave/axi_araddr_reg[4]/C
Min Period        n/a     FDRE/C            n/a            0.550         10.000      9.450                u_axi_slave/axi_araddr_reg[5]/C
Min Period        n/a     FDRE/C            n/a            0.550         10.000      9.450                u_axi_slave/axi_arready_reg/C
Min Period        n/a     FDRE/C            n/a            0.550         10.000      9.450                u_axi_slave/axi_awaddr_reg[2]/C
Min Period        n/a     FDRE/C            n/a            0.550         10.000      9.450                u_axi_slave/axi_awaddr_reg[3]/C
Low Pulse Width   Slow    FDSE/C            n/a            0.275         5.000       4.725                u_axi_slave/aw_en_reg/C
Low Pulse Width   Fast    FDSE/C            n/a            0.275         5.000       4.725                u_axi_slave/aw_en_reg/C
Low Pulse Width   Slow    FDRE/C            n/a            0.275         5.000       4.725                u_axi_slave/axi_araddr_reg[2]/C
Low Pulse Width   Fast    FDRE/C            n/a            0.275         5.000       4.725                u_axi_slave/axi_araddr_reg[2]/C
Low Pulse Width   Slow    FDRE/C            n/a            0.275         5.000       4.725                u_axi_slave/axi_araddr_reg[3]/C
Low Pulse Width   Fast    FDRE/C            n/a            0.275         5.000       4.725                u_axi_slave/axi_araddr_reg[3]/C
Low Pulse Width   Slow    FDRE/C            n/a            0.275         5.000       4.725                u_axi_slave/axi_araddr_reg[4]/C
Low Pulse Width   Fast    FDRE/C            n/a            0.275         5.000       4.725                u_axi_slave/axi_araddr_reg[4]/C
Low Pulse Width   Slow    FDRE/C            n/a            0.275         5.000       4.725                u_axi_slave/axi_araddr_reg[5]/C
Low Pulse Width   Fast    FDRE/C            n/a            0.275         5.000       4.725                u_axi_slave/axi_araddr_reg[5]/C
Low Pulse Width   Slow    FDRE/C            n/a            0.275         5.000       4.725                u_axi_slave/axi_arready_reg/C
Low Pulse Width   Fast    FDRE/C            n/a            0.275         5.000       4.725                u_axi_slave/axi_arready_reg/C
Low Pulse Width   Slow    FDRE/C            n/a            0.275         5.000       4.725                u_axi_slave/axi_awaddr_reg[2]/C
Low Pulse Width   Fast    FDRE/C            n/a            0.275         5.000       4.725                u_axi_slave/axi_awaddr_reg[2]/C
Low Pulse Width   Slow    FDRE/C            n/a            0.275         5.000       4.725                u_axi_slave/axi_awaddr_reg[3]/C
Low Pulse Width   Fast    FDRE/C            n/a            0.275         5.000       4.725                u_axi_slave/axi_awaddr_reg[3]/C
Low Pulse Width   Slow    FDRE/C            n/a            0.275         5.000       4.725                u_axi_slave/axi_awaddr_reg[4]/C
Low Pulse Width   Fast    FDRE/C            n/a            0.275         5.000       4.725                u_axi_slave/axi_awaddr_reg[4]/C
Low Pulse Width   Slow    FDRE/C            n/a            0.275         5.000       4.725                u_axi_slave/axi_awaddr_reg[5]/C
Low Pulse Width   Fast    FDRE/C            n/a            0.275         5.000       4.725                u_axi_slave/axi_awaddr_reg[5]/C
High Pulse Width  Slow    FDSE/C            n/a            0.275         5.000       4.725                u_axi_slave/aw_en_reg/C
High Pulse Width  Fast    FDSE/C            n/a            0.275         5.000       4.725                u_axi_slave/aw_en_reg/C
High Pulse Width  Slow    FDRE/C            n/a            0.275         5.000       4.725                u_axi_slave/axi_araddr_reg[2]/C
High Pulse Width  Fast    FDRE/C            n/a            0.275         5.000       4.725                u_axi_slave/axi_araddr_reg[2]/C
High Pulse Width  Slow    FDRE/C            n/a            0.275         5.000       4.725                u_axi_slave/axi_araddr_reg[3]/C
High Pulse Width  Fast    FDRE/C            n/a            0.275         5.000       4.725                u_axi_slave/axi_araddr_reg[3]/C
High Pulse Width  Slow    FDRE/C            n/a            0.275         5.000       4.725                u_axi_slave/axi_araddr_reg[4]/C
High Pulse Width  Fast    FDRE/C            n/a            0.275         5.000       4.725                u_axi_slave/axi_araddr_reg[4]/C
High Pulse Width  Slow    FDRE/C            n/a            0.275         5.000       4.725                u_axi_slave/axi_araddr_reg[5]/C
High Pulse Width  Fast    FDRE/C            n/a            0.275         5.000       4.725                u_axi_slave/axi_araddr_reg[5]/C
High Pulse Width  Slow    FDRE/C            n/a            0.275         5.000       4.725                u_axi_slave/axi_arready_reg/C
High Pulse Width  Fast    FDRE/C            n/a            0.275         5.000       4.725                u_axi_slave/axi_arready_reg/C
High Pulse Width  Slow    FDRE/C            n/a            0.275         5.000       4.725                u_axi_slave/axi_awaddr_reg[2]/C
High Pulse Width  Fast    FDRE/C            n/a            0.275         5.000       4.725                u_axi_slave/axi_awaddr_reg[2]/C
High Pulse Width  Slow    FDRE/C            n/a            0.275         5.000       4.725                u_axi_slave/axi_awaddr_reg[3]/C
High Pulse Width  Fast    FDRE/C            n/a            0.275         5.000       4.725                u_axi_slave/axi_awaddr_reg[3]/C
High Pulse Width  Slow    FDRE/C            n/a            0.275         5.000       4.725                u_axi_slave/axi_awaddr_reg[4]/C
High Pulse Width  Fast    FDRE/C            n/a            0.275         5.000       4.725                u_axi_slave/axi_awaddr_reg[4]/C
High Pulse Width  Slow    FDRE/C            n/a            0.275         5.000       4.725                u_axi_slave/axi_awaddr_reg[5]/C
High Pulse Width  Fast    FDRE/C            n/a            0.275         5.000       4.725                u_axi_slave/axi_awaddr_reg[5]/C



