Copyright 1986-2022 Xilinx, Inc. All Rights Reserved.
--------------------------------------------------------------------------------------------------------------------------------------------------------------------------------------------------------------------------------------------------
| Tool Version      : Vivado v.2022.2 (win64) Build 3671981 Fri Oct 14 05:00:03 MDT 2022
| Date              : Sat Aug 15 03:03:57 2026
| Host              : JH_HP running 64-bit major release  (build 9200)
| Command           : report_timing_summary -max_paths 10 -report_unconstrained -file design_1_wrapper_timing_summary_routed.rpt -pb design_1_wrapper_timing_summary_routed.pb -rpx design_1_wrapper_timing_summary_routed.rpx -warn_on_violation
| Design            : design_1_wrapper
| Device            : xczu2cg-sfvc784
| Speed File        : -1  PRODUCTION 1.30 05-15-2022
| Temperature Grade : E
--------------------------------------------------------------------------------------------------------------------------------------------------------------------------------------------------------------------------------------------------

Timing Summary Report

------------------------------------------------------------------------------------------------
| Timer Settings
| --------------
------------------------------------------------------------------------------------------------

  Enable Multi Corner Analysis               :  Yes
  Enable Pessimism Removal                   :  Yes
  Pessimism Removal Resolution               :  Nearest Common Node
  Enable Input Delay Default Clock           :  No
  Enable Preset / Clear Arcs                 :  No
  Disable Flight Delays                      :  No
  Ignore I/O Paths                           :  No
  Timing Early Launch at Borrowing Latches   :  No
  Borrow Time for Max Delay Exceptions       :  Yes
  Merge Timing Exceptions                    :  Yes

  Corner  Analyze    Analyze    
  Name    Max Paths  Min Paths  
  ------  ---------  ---------  
  Slow    Yes        Yes        
  Fast    Yes        Yes        


------------------------------------------------------------------------------------------------
| Report Methodology
| ------------------
------------------------------------------------------------------------------------------------

No report available as report_methodology has not been run prior. Run report_methodology on the current design for the summary of methodology violations.



check_timing report

Table of Contents
-----------------
1. checking no_clock (0)
2. checking constant_clock (0)
3. checking pulse_width_clock (0)
4. checking unconstrained_internal_endpoints (0)
5. checking no_input_delay (0)
6. checking no_output_delay (0)
7. checking multiple_clock (0)
8. checking generated_clocks (0)
9. checking loops (0)
10. checking partial_input_delay (0)
11. checking partial_output_delay (0)
12. checking latch_loops (0)

1. checking no_clock (0)
------------------------
 There are 0 register/latch pins with no clock.


2. checking constant_clock (0)
------------------------------
 There are 0 register/latch pins with constant_clock.


3. checking pulse_width_clock (0)
---------------------------------
 There are 0 register/latch pins which need pulse_width check


4. checking unconstrained_internal_endpoints (0)
------------------------------------------------
 There are 0 pins that are not constrained for maximum delay.

 There are 0 pins that are not constrained for maximum delay due to constant clock.


5. checking no_input_delay (0)
------------------------------
 There are 0 input ports with no input delay specified.

 There are 0 input ports with no input delay but user has a false path constraint.


6. checking no_output_delay (0)
-------------------------------
 There are 0 ports with no output delay specified.

 There are 0 ports with no output delay but user has a false path constraint

 There are 0 ports with no output delay but with a timing clock defined on it or propagating through it


7. checking multiple_clock (0)
------------------------------
 There are 0 register/latch pins with multiple clocks.


8. checking generated_clocks (0)
--------------------------------
 There are 0 generated clocks that are not connected to a clock source.


9. checking loops (0)
---------------------
 There are 0 combinational loops in the design.


10. checking partial_input_delay (0)
------------------------------------
 There are 0 input ports with partial input delay specified.


11. checking partial_output_delay (0)
-------------------------------------
 There are 0 ports with partial output delay specified.


12. checking latch_loops (0)
----------------------------
 There are 0 combinational latch loops in the design through latch input



------------------------------------------------------------------------------------------------
| Design Timing Summary
| ---------------------
------------------------------------------------------------------------------------------------

    WNS(ns)      TNS(ns)  TNS Failing Endpoints  TNS Total Endpoints      WHS(ns)      THS(ns)  THS Failing Endpoints  THS Total Endpoints     WPWS(ns)     TPWS(ns)  TPWS Failing Endpoints  TPWS Total Endpoints  
    -------      -------  ---------------------  -------------------      -------      -------  ---------------------  -------------------     --------     --------  ----------------------  --------------------  
      0.106        0.000                      0                18820        0.012        0.000                      0                18820        4.125        0.000                       0                  6476  


All user specified timing constraints are met.


------------------------------------------------------------------------------------------------
| Clock Summary
| -------------
------------------------------------------------------------------------------------------------

Clock     Waveform(ns)       Period(ns)      Frequency(MHz)
-----     ------------       ----------      --------------
clk_pl_0  {0.000 5.625}      11.250          88.889          


------------------------------------------------------------------------------------------------
| Intra Clock Table
| -----------------
------------------------------------------------------------------------------------------------

Clock             WNS(ns)      TNS(ns)  TNS Failing Endpoints  TNS Total Endpoints      WHS(ns)      THS(ns)  THS Failing Endpoints  THS Total Endpoints     WPWS(ns)     TPWS(ns)  TPWS Failing Endpoints  TPWS Total Endpoints  
-----             -------      -------  ---------------------  -------------------      -------      -------  ---------------------  -------------------     --------     --------  ----------------------  --------------------  
clk_pl_0            0.106        0.000                      0                18820        0.012        0.000                      0                18820        4.125        0.000                       0                  6476  


------------------------------------------------------------------------------------------------
| Inter Clock Table
| -----------------
------------------------------------------------------------------------------------------------

From Clock    To Clock          WNS(ns)      TNS(ns)  TNS Failing Endpoints  TNS Total Endpoints      WHS(ns)      THS(ns)  THS Failing Endpoints  THS Total Endpoints  
----------    --------          -------      -------  ---------------------  -------------------      -------      -------  ---------------------  -------------------  


------------------------------------------------------------------------------------------------
| Other Path Groups Table
| -----------------------
------------------------------------------------------------------------------------------------

Path Group    From Clock    To Clock          WNS(ns)      TNS(ns)  TNS Failing Endpoints  TNS Total Endpoints      WHS(ns)      THS(ns)  THS Failing Endpoints  THS Total Endpoints  
----------    ----------    --------          -------      -------  ---------------------  -------------------      -------      -------  ---------------------  -------------------  


------------------------------------------------------------------------------------------------
| User Ignored Path Table
| -----------------------
------------------------------------------------------------------------------------------------

Path Group    From Clock    To Clock    
----------    ----------    --------    
(none)                      clk_pl_0      


------------------------------------------------------------------------------------------------
| Unconstrained Path Table
| ------------------------
------------------------------------------------------------------------------------------------

Path Group    From Clock    To Clock    
----------    ----------    --------    
(none)                      clk_pl_0      


------------------------------------------------------------------------------------------------
| Timing Details
| --------------
------------------------------------------------------------------------------------------------


---------------------------------------------------------------------------------------------------
From Clock:  clk_pl_0
  To Clock:  clk_pl_0

Setup :            0  Failing Endpoints,  Worst Slack        0.106ns,  Total Violation        0.000ns
Hold  :            0  Failing Endpoints,  Worst Slack        0.012ns,  Total Violation        0.000ns
PW    :            0  Failing Endpoints,  Worst Slack        4.125ns,  Total Violation        0.000ns
---------------------------------------------------------------------------------------------------


Max Delay Paths
--------------------------------------------------------------------------------------
Slack (MET) :             0.106ns  (required time - arrival time)
  Source:                 design_1_i/top_controller_0/inst/u_axi_slave/slv_reg3_reg[0]/C
                            (rising edge-triggered cell FDRE clocked by clk_pl_0  {rise@0.000ns fall@5.625ns period=11.250ns})
  Destination:            design_1_i/top_controller_0/inst/u_preprocessor/pred_data_out_reg[pred_accel_y_1][11]/D
                            (rising edge-triggered cell FDRE clocked by clk_pl_0  {rise@0.000ns fall@5.625ns period=11.250ns})
  Path Group:             clk_pl_0
  Path Type:              Setup (Max at Slow Process Corner)
  Requirement:            11.250ns  (clk_pl_0 rise@11.250ns - clk_pl_0 rise@0.000ns)
  Data Path Delay:        11.282ns  (logic 7.625ns (67.587%)  route 3.657ns (32.413%))
  Logic Levels:           34  (CARRY8=3 DSP_A_B_DATA=3 DSP_ALU=3 DSP_M_DATA=3 DSP_MULTIPLIER=3 DSP_OUTPUT=3 DSP_PREADD_DATA=3 LUT3=1 LUT4=1 LUT5=2 LUT6=9)
  Clock Path Skew:        0.292ns (DCD - SCD + CPR)
    Destination Clock Delay (DCD):    1.927ns = ( 13.177 - 11.250 ) 
    Source Clock Delay      (SCD):    1.778ns
    Clock Pessimism Removal (CPR):    0.143ns
  Clock Uncertainty:      0.182ns  ((TSJ^2 + DJ^2)^1/2) / 2 + PE
    Total System Jitter     (TSJ):    0.071ns
    Discrete Jitter          (DJ):    0.356ns
    Phase Error              (PE):    0.000ns
  Clock Net Delay (Source):      1.571ns (routing 0.638ns, distribution 0.933ns)
  Clock Net Delay (Destination): 1.760ns (routing 0.576ns, distribution 1.184ns)

    Location             Delay type                Incr(ns)  Path(ns)    Netlist Resource(s)
  -------------------------------------------------------------------    -------------------
                         (clock clk_pl_0 rise edge)
                                                      0.000     0.000 r  
    PS8_X0Y0             PS8                          0.000     0.000 r  design_1_i/zynq_ultra_ps_e_0/inst/PS8_i/PLCLK[0]
                         net (fo=1, routed)           0.178     0.178    design_1_i/zynq_ultra_ps_e_0/inst/pl_clk_unbuffered[0]
    BUFG_PS_X0Y58        BUFG_PS (Prop_BUFG_PS_I_O)
                                                      0.029     0.207 r  design_1_i/zynq_ultra_ps_e_0/inst/buffer_pl_clk_0.PL_CLK_0_BUFG/O
    X0Y1 (CLOCK_ROOT)    net (fo=6532, routed)        1.571     1.778    design_1_i/top_controller_0/inst/u_axi_slave/S_AXI_ACLK
    SLICE_X28Y87         FDRE                                         r  design_1_i/top_controller_0/inst/u_axi_slave/slv_reg3_reg[0]/C
  -------------------------------------------------------------------    -------------------
    SLICE_X28Y87         FDRE (Prop_HFF_SLICEM_C_Q)
                                                      0.096     1.874 f  design_1_i/top_controller_0/inst/u_axi_slave/slv_reg3_reg[0]/Q
                         net (fo=14, routed)          0.136     2.010    design_1_i/top_controller_0/inst/u_axi_slave/Q[0]
    SLICE_X28Y86         LUT6 (Prop_A6LUT_SLICEM_I2_O)
                                                      0.179     2.189 f  design_1_i/top_controller_0/inst/u_axi_slave/g0_b0__3_i_6/O
                         net (fo=6, routed)           0.115     2.304    design_1_i/top_controller_0/inst/u_axi_slave/g0_b0__3_i_6_n_0
    SLICE_X28Y87         LUT6 (Prop_C6LUT_SLICEM_I3_O)
                                                      0.113     2.417 f  design_1_i/top_controller_0/inst/u_axi_slave/g0_b0__3_i_10/O
                         net (fo=4, routed)           0.073     2.490    design_1_i/top_controller_0/inst/u_axi_slave/g0_b0__3_i_10_n_0
    SLICE_X28Y86         LUT6 (Prop_H6LUT_SLICEM_I2_O)
                                                      0.041     2.531 r  design_1_i/top_controller_0/inst/u_axi_slave/consistency_cnt[31]_i_18__10/O
                         net (fo=2, routed)           0.132     2.663    design_1_i/top_controller_0/inst/u_axi_slave/consistency_cnt[31]_i_18__10_n_0
    SLICE_X28Y85         LUT6 (Prop_F6LUT_SLICEM_I0_O)
                                                      0.177     2.840 r  design_1_i/top_controller_0/inst/u_axi_slave/g0_b0__3_i_7/O
                         net (fo=11, routed)          0.116     2.956    design_1_i/top_controller_0/inst/u_axi_slave/g0_b0__3_i_7_n_0
    SLICE_X28Y86         LUT5 (Prop_C6LUT_SLICEM_I4_O)
                                                      0.098     3.054 r  design_1_i/top_controller_0/inst/u_axi_slave/g0_b0__3_i_1/O
                         net (fo=81, routed)          0.315     3.369    design_1_i/top_controller_0/inst/u_axi_slave_n_604
    SLICE_X28Y87         LUT5 (Prop_A6LUT_SLICEM_I0_O)
                                                      0.116     3.485 r  design_1_i/top_controller_0/inst/g0_b0__3/O
                         net (fo=7, routed)           0.195     3.680    design_1_i/top_controller_0/inst/g0_b0__3_n_0
    SLICE_X27Y86         LUT6 (Prop_A6LUT_SLICEL_I5_O)
                                                      0.100     3.780 r  design_1_i/top_controller_0/inst/g0_b0__4__0/O
                         net (fo=1, routed)           0.011     3.791    design_1_i/top_controller_0/inst/u_axi_slave/DSP_A_B_DATA_INST_8[0]
    SLICE_X27Y86         CARRY8 (Prop_CARRY8_SLICEL_S[0]_O[6])
                                                      0.279     4.070 f  design_1_i/top_controller_0/inst/u_axi_slave/p_0_out__3_i_9/O[6]
                         net (fo=1, routed)           0.378     4.448    design_1_i/top_controller_0/inst/u_preprocessor/p_0_out__3/A[6]
    DSP48E2_X2Y35        DSP_A_B_DATA (Prop_DSP_A_B_DATA_DSP48E2_A[6]_A2_DATA[6])
                                                      0.241     4.689 r  design_1_i/top_controller_0/inst/u_preprocessor/p_0_out__3/DSP_A_B_DATA_INST/A2_DATA[6]
                         net (fo=1, routed)           0.000     4.689    design_1_i/top_controller_0/inst/u_preprocessor/p_0_out__3/DSP_A_B_DATA.A2_DATA<6>
    DSP48E2_X2Y35        DSP_PREADD_DATA (Prop_DSP_PREADD_DATA_DSP48E2_A2_DATA[6]_A2A1[6])
                                                      0.098     4.787 r  design_1_i/top_controller_0/inst/u_preprocessor/p_0_out__3/DSP_PREADD_DATA_INST/A2A1[6]
                         net (fo=1, routed)           0.000     4.787    design_1_i/top_controller_0/inst/u_preprocessor/p_0_out__3/DSP_PREADD_DATA.A2A1<6>
    DSP48E2_X2Y35        DSP_MULTIPLIER (Prop_DSP_MULTIPLIER_DSP48E2_A2A1[6]_U[7])
                                                      0.647     5.434 f  design_1_i/top_controller_0/inst/u_preprocessor/p_0_out__3/DSP_MULTIPLIER_INST/U[7]
                         net (fo=1, routed)           0.000     5.434    design_1_i/top_controller_0/inst/u_preprocessor/p_0_out__3/DSP_MULTIPLIER.U<7>
    DSP48E2_X2Y35        DSP_M_DATA (Prop_DSP_M_DATA_DSP48E2_U[7]_U_DATA[7])
                                                      0.059     5.493 r  design_1_i/top_controller_0/inst/u_preprocessor/p_0_out__3/DSP_M_DATA_INST/U_DATA[7]
                         net (fo=1, routed)           0.000     5.493    design_1_i/top_controller_0/inst/u_preprocessor/p_0_out__3/DSP_M_DATA.U_DATA<7>
    DSP48E2_X2Y35        DSP_ALU (Prop_DSP_ALU_DSP48E2_U_DATA[7]_ALU_OUT[7])
                                                      0.699     6.192 f  design_1_i/top_controller_0/inst/u_preprocessor/p_0_out__3/DSP_ALU_INST/ALU_OUT[7]
                         net (fo=1, routed)           0.000     6.192    design_1_i/top_controller_0/inst/u_preprocessor/p_0_out__3/DSP_ALU.ALU_OUT<7>
    DSP48E2_X2Y35        DSP_OUTPUT (Prop_DSP_OUTPUT_DSP48E2_ALU_OUT[7]_P[7])
                                                      0.141     6.333 r  design_1_i/top_controller_0/inst/u_preprocessor/p_0_out__3/DSP_OUTPUT_INST/P[7]
                         net (fo=6, routed)           0.426     6.759    design_1_i/top_controller_0/inst/u_axi_slave/p_0_out__4_i_8_0[0]
    SLICE_X28Y86         LUT6 (Prop_E6LUT_SLICEM_I5_O)
                                                      0.063     6.822 r  design_1_i/top_controller_0/inst/u_axi_slave/p_0_out__4_i_21/O
                         net (fo=3, routed)           0.209     7.031    design_1_i/top_controller_0/inst/u_axi_slave/p_0_out__4_i_21_n_0
    SLICE_X23Y86         LUT6 (Prop_E6LUT_SLICEL_I0_O)
                                                      0.176     7.207 r  design_1_i/top_controller_0/inst/u_axi_slave/p_0_out__4_i_18/O
                         net (fo=4, routed)           0.165     7.373    design_1_i/top_controller_0/inst/u_axi_slave/p_0_out__4_i_18_n_0
    SLICE_X22Y85         LUT6 (Prop_D6LUT_SLICEL_I5_O)
                                                      0.039     7.412 f  design_1_i/top_controller_0/inst/u_axi_slave/p_0_out__4_i_16/O
                         net (fo=3, routed)           0.050     7.462    design_1_i/top_controller_0/inst/u_axi_slave/p_0_out__4_i_16_n_0
    SLICE_X22Y85         LUT6 (Prop_F6LUT_SLICEL_I1_O)
                                                      0.039     7.501 r  design_1_i/top_controller_0/inst/u_axi_slave/p_0_out__4_i_14/O
                         net (fo=2, routed)           0.100     7.601    design_1_i/top_controller_0/inst/u_axi_slave/p_0_out__4_i_14_n_0
    SLICE_X22Y86         LUT4 (Prop_F6LUT_SLICEL_I3_O)
                                                      0.062     7.663 f  design_1_i/top_controller_0/inst/u_axi_slave/p_0_out__4_i_1/O
                         net (fo=19, routed)          0.337     8.000    design_1_i/top_controller_0/inst/u_preprocessor/p_0_out__4/A[11]
    DSP48E2_X1Y34        DSP_A_B_DATA (Prop_DSP_A_B_DATA_DSP48E2_A[11]_A2_DATA[11])
                                                      0.241     8.241 r  design_1_i/top_controller_0/inst/u_preprocessor/p_0_out__4/DSP_A_B_DATA_INST/A2_DATA[11]
                         net (fo=1, routed)           0.000     8.241    design_1_i/top_controller_0/inst/u_preprocessor/p_0_out__4/DSP_A_B_DATA.A2_DATA<11>
    DSP48E2_X1Y34        DSP_PREADD_DATA (Prop_DSP_PREADD_DATA_DSP48E2_A2_DATA[11]_A2A1[11])
                                                      0.098     8.339 r  design_1_i/top_controller_0/inst/u_preprocessor/p_0_out__4/DSP_PREADD_DATA_INST/A2A1[11]
                         net (fo=1, routed)           0.000     8.339    design_1_i/top_controller_0/inst/u_preprocessor/p_0_out__4/DSP_PREADD_DATA.A2A1<11>
    DSP48E2_X1Y34        DSP_MULTIPLIER (Prop_DSP_MULTIPLIER_DSP48E2_A2A1[11]_U[12])
                                                      0.647     8.986 f  design_1_i/top_controller_0/inst/u_preprocessor/p_0_out__4/DSP_MULTIPLIER_INST/U[12]
                         net (fo=1, routed)           0.000     8.986    design_1_i/top_controller_0/inst/u_preprocessor/p_0_out__4/DSP_MULTIPLIER.U<12>
    DSP48E2_X1Y34        DSP_M_DATA (Prop_DSP_M_DATA_DSP48E2_U[12]_U_DATA[12])
                                                      0.059     9.045 r  design_1_i/top_controller_0/inst/u_preprocessor/p_0_out__4/DSP_M_DATA_INST/U_DATA[12]
                         net (fo=1, routed)           0.000     9.045    design_1_i/top_controller_0/inst/u_preprocessor/p_0_out__4/DSP_M_DATA.U_DATA<12>
    DSP48E2_X1Y34        DSP_ALU (Prop_DSP_ALU_DSP48E2_U_DATA[12]_ALU_OUT[12])
                                                      0.699     9.744 r  design_1_i/top_controller_0/inst/u_preprocessor/p_0_out__4/DSP_ALU_INST/ALU_OUT[12]
                         net (fo=1, routed)           0.000     9.744    design_1_i/top_controller_0/inst/u_preprocessor/p_0_out__4/DSP_ALU.ALU_OUT<12>
    DSP48E2_X1Y34        DSP_OUTPUT (Prop_DSP_OUTPUT_DSP48E2_ALU_OUT[12]_P[12])
                                                      0.141     9.885 f  design_1_i/top_controller_0/inst/u_preprocessor/p_0_out__4/DSP_OUTPUT_INST/P[12]
                         net (fo=1, routed)           0.391    10.276    design_1_i/top_controller_0/inst/u_preprocessor/p_0_out__6/A[12]
    DSP48E2_X1Y35        DSP_A_B_DATA (Prop_DSP_A_B_DATA_DSP48E2_A[12]_A2_DATA[12])
                                                      0.241    10.517 r  design_1_i/top_controller_0/inst/u_preprocessor/p_0_out__6/DSP_A_B_DATA_INST/A2_DATA[12]
                         net (fo=1, routed)           0.000    10.517    design_1_i/top_controller_0/inst/u_preprocessor/p_0_out__6/DSP_A_B_DATA.A2_DATA<12>
    DSP48E2_X1Y35        DSP_PREADD_DATA (Prop_DSP_PREADD_DATA_DSP48E2_A2_DATA[12]_A2A1[12])
                                                      0.098    10.615 r  design_1_i/top_controller_0/inst/u_preprocessor/p_0_out__6/DSP_PREADD_DATA_INST/A2A1[12]
                         net (fo=1, routed)           0.000    10.615    design_1_i/top_controller_0/inst/u_preprocessor/p_0_out__6/DSP_PREADD_DATA.A2A1<12>
    DSP48E2_X1Y35        DSP_MULTIPLIER (Prop_DSP_MULTIPLIER_DSP48E2_A2A1[12]_U[21])
                                                      0.647    11.262 f  design_1_i/top_controller_0/inst/u_preprocessor/p_0_out__6/DSP_MULTIPLIER_INST/U[21]
                         net (fo=1, routed)           0.000    11.262    design_1_i/top_controller_0/inst/u_preprocessor/p_0_out__6/DSP_MULTIPLIER.U<21>
    DSP48E2_X1Y35        DSP_M_DATA (Prop_DSP_M_DATA_DSP48E2_U[21]_U_DATA[21])
                                                      0.059    11.321 r  design_1_i/top_controller_0/inst/u_preprocessor/p_0_out__6/DSP_M_DATA_INST/U_DATA[21]
                         net (fo=1, routed)           0.000    11.321    design_1_i/top_controller_0/inst/u_preprocessor/p_0_out__6/DSP_M_DATA.U_DATA<21>
    DSP48E2_X1Y35        DSP_ALU (Prop_DSP_ALU_DSP48E2_U_DATA[21]_ALU_OUT[21])
                                                      0.699    12.020 f  design_1_i/top_controller_0/inst/u_preprocessor/p_0_out__6/DSP_ALU_INST/ALU_OUT[21]
                         net (fo=1, routed)           0.000    12.020    design_1_i/top_controller_0/inst/u_preprocessor/p_0_out__6/DSP_ALU.ALU_OUT<21>
    DSP48E2_X1Y35        DSP_OUTPUT (Prop_DSP_OUTPUT_DSP48E2_ALU_OUT[21]_P[21])
                                                      0.141    12.161 r  design_1_i/top_controller_0/inst/u_preprocessor/p_0_out__6/DSP_OUTPUT_INST/P[21]
                         net (fo=4, routed)           0.300    12.461    design_1_i/top_controller_0/inst/u_preprocessor/grav_y[1]
    SLICE_X19Y86         LUT3 (Prop_C6LUT_SLICEM_I1_O)
                                                      0.147    12.608 r  design_1_i/top_controller_0/inst/u_preprocessor/pred_data_out[pred_accel_y_1][7]_i_7/O
                         net (fo=1, routed)           0.147    12.755    design_1_i/top_controller_0/inst/u_preprocessor/pred_data_out[pred_accel_y_1][7]_i_7_n_0
    SLICE_X19Y87         CARRY8 (Prop_CARRY8_SLICEM_DI[2]_CO[7])
                                                      0.141    12.896 r  design_1_i/top_controller_0/inst/u_preprocessor/pred_data_out_reg[pred_accel_y_1][7]_i_1/CO[7]
                         net (fo=1, routed)           0.028    12.924    design_1_i/top_controller_0/inst/u_preprocessor/pred_data_out_reg[pred_accel_y_1][7]_i_1_n_0
    SLICE_X19Y88         CARRY8 (Prop_CARRY8_SLICEM_CI_O[3])
                                                      0.104    13.028 r  design_1_i/top_controller_0/inst/u_preprocessor/pred_data_out_reg[pred_accel_y_1][11]_i_1/O[3]
                         net (fo=1, routed)           0.032    13.060    design_1_i/top_controller_0/inst/u_preprocessor/pred_data_out_reg[pred_accel_y_1][11]_i_1_n_12
    SLICE_X19Y88         FDRE                                         r  design_1_i/top_controller_0/inst/u_preprocessor/pred_data_out_reg[pred_accel_y_1][11]/D
  -------------------------------------------------------------------    -------------------

                         (clock clk_pl_0 rise edge)
                                                     11.250    11.250 r  
    PS8_X0Y0             PS8                          0.000    11.250 r  design_1_i/zynq_ultra_ps_e_0/inst/PS8_i/PLCLK[0]
                         net (fo=1, routed)           0.140    11.390    design_1_i/zynq_ultra_ps_e_0/inst/pl_clk_unbuffered[0]
    BUFG_PS_X0Y58        BUFG_PS (Prop_BUFG_PS_I_O)
                                                      0.027    11.417 r  design_1_i/zynq_ultra_ps_e_0/inst/buffer_pl_clk_0.PL_CLK_0_BUFG/O
    X0Y1 (CLOCK_ROOT)    net (fo=6532, routed)        1.760    13.177    design_1_i/top_controller_0/inst/u_preprocessor/S_AXI_ACLK
    SLICE_X19Y88         FDRE                                         r  design_1_i/top_controller_0/inst/u_preprocessor/pred_data_out_reg[pred_accel_y_1][11]/C
                         clock pessimism              0.143    13.320    
                         clock uncertainty           -0.182    13.139    
    SLICE_X19Y88         FDRE (Setup_DFF_SLICEM_C_D)
                                                      0.027    13.166    design_1_i/top_controller_0/inst/u_preprocessor/pred_data_out_reg[pred_accel_y_1][11]
  -------------------------------------------------------------------
                         required time                         13.166    
                         arrival time                         -13.060    
  -------------------------------------------------------------------
                         slack                                  0.106    

Slack (MET) :             0.114ns  (required time - arrival time)
  Source:                 design_1_i/top_controller_0/inst/u_axi_slave/slv_reg3_reg[0]/C
                            (rising edge-triggered cell FDRE clocked by clk_pl_0  {rise@0.000ns fall@5.625ns period=11.250ns})
  Destination:            design_1_i/top_controller_0/inst/u_preprocessor/pred_data_out_reg[pred_accel_y_1][9]/D
                            (rising edge-triggered cell FDRE clocked by clk_pl_0  {rise@0.000ns fall@5.625ns period=11.250ns})
  Path Group:             clk_pl_0
  Path Type:              Setup (Max at Slow Process Corner)
  Requirement:            11.250ns  (clk_pl_0 rise@11.250ns - clk_pl_0 rise@0.000ns)
  Data Path Delay:        11.274ns  (logic 7.618ns (67.573%)  route 3.656ns (32.427%))
  Logic Levels:           34  (CARRY8=3 DSP_A_B_DATA=3 DSP_ALU=3 DSP_M_DATA=3 DSP_MULTIPLIER=3 DSP_OUTPUT=3 DSP_PREADD_DATA=3 LUT3=1 LUT4=1 LUT5=2 LUT6=9)
  Clock Path Skew:        0.292ns (DCD - SCD + CPR)
    Destination Clock Delay (DCD):    1.927ns = ( 13.177 - 11.250 ) 
    Source Clock Delay      (SCD):    1.778ns
    Clock Pessimism Removal (CPR):    0.143ns
  Clock Uncertainty:      0.182ns  ((TSJ^2 + DJ^2)^1/2) / 2 + PE
    Total System Jitter     (TSJ):    0.071ns
    Discrete Jitter          (DJ):    0.356ns
    Phase Error              (PE):    0.000ns
  Clock Net Delay (Source):      1.571ns (routing 0.638ns, distribution 0.933ns)
  Clock Net Delay (Destination): 1.760ns (routing 0.576ns, distribution 1.184ns)

    Location             Delay type                Incr(ns)  Path(ns)    Netlist Resource(s)
  -------------------------------------------------------------------    -------------------
                         (clock clk_pl_0 rise edge)
                                                      0.000     0.000 r  
    PS8_X0Y0             PS8                          0.000     0.000 r  design_1_i/zynq_ultra_ps_e_0/inst/PS8_i/PLCLK[0]
                         net (fo=1, routed)           0.178     0.178    design_1_i/zynq_ultra_ps_e_0/inst/pl_clk_unbuffered[0]
    BUFG_PS_X0Y58        BUFG_PS (Prop_BUFG_PS_I_O)
                                                      0.029     0.207 r  design_1_i/zynq_ultra_ps_e_0/inst/buffer_pl_clk_0.PL_CLK_0_BUFG/O
    X0Y1 (CLOCK_ROOT)    net (fo=6532, routed)        1.571     1.778    design_1_i/top_controller_0/inst/u_axi_slave/S_AXI_ACLK
    SLICE_X28Y87         FDRE                                         r  design_1_i/top_controller_0/inst/u_axi_slave/slv_reg3_reg[0]/C
  -------------------------------------------------------------------    -------------------
    SLICE_X28Y87         FDRE (Prop_HFF_SLICEM_C_Q)
                                                      0.096     1.874 f  design_1_i/top_controller_0/inst/u_axi_slave/slv_reg3_reg[0]/Q
                         net (fo=14, routed)          0.136     2.010    design_1_i/top_controller_0/inst/u_axi_slave/Q[0]
    SLICE_X28Y86         LUT6 (Prop_A6LUT_SLICEM_I2_O)
                                                      0.179     2.189 f  design_1_i/top_controller_0/inst/u_axi_slave/g0_b0__3_i_6/O
                         net (fo=6, routed)           0.115     2.304    design_1_i/top_controller_0/inst/u_axi_slave/g0_b0__3_i_6_n_0
    SLICE_X28Y87         LUT6 (Prop_C6LUT_SLICEM_I3_O)
                                                      0.113     2.417 f  design_1_i/top_controller_0/inst/u_axi_slave/g0_b0__3_i_10/O
                         net (fo=4, routed)           0.073     2.490    design_1_i/top_controller_0/inst/u_axi_slave/g0_b0__3_i_10_n_0
    SLICE_X28Y86         LUT6 (Prop_H6LUT_SLICEM_I2_O)
                                                      0.041     2.531 r  design_1_i/top_controller_0/inst/u_axi_slave/consistency_cnt[31]_i_18__10/O
                         net (fo=2, routed)           0.132     2.663    design_1_i/top_controller_0/inst/u_axi_slave/consistency_cnt[31]_i_18__10_n_0
    SLICE_X28Y85         LUT6 (Prop_F6LUT_SLICEM_I0_O)
                                                      0.177     2.840 r  design_1_i/top_controller_0/inst/u_axi_slave/g0_b0__3_i_7/O
                         net (fo=11, routed)          0.116     2.956    design_1_i/top_controller_0/inst/u_axi_slave/g0_b0__3_i_7_n_0
    SLICE_X28Y86         LUT5 (Prop_C6LUT_SLICEM_I4_O)
                                                      0.098     3.054 r  design_1_i/top_controller_0/inst/u_axi_slave/g0_b0__3_i_1/O
                         net (fo=81, routed)          0.315     3.369    design_1_i/top_controller_0/inst/u_axi_slave_n_604
    SLICE_X28Y87         LUT5 (Prop_A6LUT_SLICEM_I0_O)
                                                      0.116     3.485 r  design_1_i/top_controller_0/inst/g0_b0__3/O
                         net (fo=7, routed)           0.195     3.680    design_1_i/top_controller_0/inst/g0_b0__3_n_0
    SLICE_X27Y86         LUT6 (Prop_A6LUT_SLICEL_I5_O)
                                                      0.100     3.780 r  design_1_i/top_controller_0/inst/g0_b0__4__0/O
                         net (fo=1, routed)           0.011     3.791    design_1_i/top_controller_0/inst/u_axi_slave/DSP_A_B_DATA_INST_8[0]
    SLICE_X27Y86         CARRY8 (Prop_CARRY8_SLICEL_S[0]_O[6])
                                                      0.279     4.070 f  design_1_i/top_controller_0/inst/u_axi_slave/p_0_out__3_i_9/O[6]
                         net (fo=1, routed)           0.378     4.448    design_1_i/top_controller_0/inst/u_preprocessor/p_0_out__3/A[6]
    DSP48E2_X2Y35        DSP_A_B_DATA (Prop_DSP_A_B_DATA_DSP48E2_A[6]_A2_DATA[6])
                                                      0.241     4.689 r  design_1_i/top_controller_0/inst/u_preprocessor/p_0_out__3/DSP_A_B_DATA_INST/A2_DATA[6]
                         net (fo=1, routed)           0.000     4.689    design_1_i/top_controller_0/inst/u_preprocessor/p_0_out__3/DSP_A_B_DATA.A2_DATA<6>
    DSP48E2_X2Y35        DSP_PREADD_DATA (Prop_DSP_PREADD_DATA_DSP48E2_A2_DATA[6]_A2A1[6])
                                                      0.098     4.787 r  design_1_i/top_controller_0/inst/u_preprocessor/p_0_out__3/DSP_PREADD_DATA_INST/A2A1[6]
                         net (fo=1, routed)           0.000     4.787    design_1_i/top_controller_0/inst/u_preprocessor/p_0_out__3/DSP_PREADD_DATA.A2A1<6>
    DSP48E2_X2Y35        DSP_MULTIPLIER (Prop_DSP_MULTIPLIER_DSP48E2_A2A1[6]_U[7])
                                                      0.647     5.434 f  design_1_i/top_controller_0/inst/u_preprocessor/p_0_out__3/DSP_MULTIPLIER_INST/U[7]
                         net (fo=1, routed)           0.000     5.434    design_1_i/top_controller_0/inst/u_preprocessor/p_0_out__3/DSP_MULTIPLIER.U<7>
    DSP48E2_X2Y35        DSP_M_DATA (Prop_DSP_M_DATA_DSP48E2_U[7]_U_DATA[7])
                                                      0.059     5.493 r  design_1_i/top_controller_0/inst/u_preprocessor/p_0_out__3/DSP_M_DATA_INST/U_DATA[7]
                         net (fo=1, routed)           0.000     5.493    design_1_i/top_controller_0/inst/u_preprocessor/p_0_out__3/DSP_M_DATA.U_DATA<7>
    DSP48E2_X2Y35        DSP_ALU (Prop_DSP_ALU_DSP48E2_U_DATA[7]_ALU_OUT[7])
                                                      0.699     6.192 f  design_1_i/top_controller_0/inst/u_preprocessor/p_0_out__3/DSP_ALU_INST/ALU_OUT[7]
                         net (fo=1, routed)           0.000     6.192    design_1_i/top_controller_0/inst/u_preprocessor/p_0_out__3/DSP_ALU.ALU_OUT<7>
    DSP48E2_X2Y35        DSP_OUTPUT (Prop_DSP_OUTPUT_DSP48E2_ALU_OUT[7]_P[7])
                                                      0.141     6.333 r  design_1_i/top_controller_0/inst/u_preprocessor/p_0_out__3/DSP_OUTPUT_INST/P[7]
                         net (fo=6, routed)           0.426     6.759    design_1_i/top_controller_0/inst/u_axi_slave/p_0_out__4_i_8_0[0]
    SLICE_X28Y86         LUT6 (Prop_E6LUT_SLICEM_I5_O)
                                                      0.063     6.822 r  design_1_i/top_controller_0/inst/u_axi_slave/p_0_out__4_i_21/O
                         net (fo=3, routed)           0.209     7.031    design_1_i/top_controller_0/inst/u_axi_slave/p_0_out__4_i_21_n_0
    SLICE_X23Y86         LUT6 (Prop_E6LUT_SLICEL_I0_O)
                                                      0.176     7.207 r  design_1_i/top_controller_0/inst/u_axi_slave/p_0_out__4_i_18/O
                         net (fo=4, routed)           0.165     7.373    design_1_i/top_controller_0/inst/u_axi_slave/p_0_out__4_i_18_n_0
    SLICE_X22Y85         LUT6 (Prop_D6LUT_SLICEL_I5_O)
                                                      0.039     7.412 f  design_1_i/top_controller_0/inst/u_axi_slave/p_0_out__4_i_16/O
                         net (fo=3, routed)           0.050     7.462    design_1_i/top_controller_0/inst/u_axi_slave/p_0_out__4_i_16_n_0
    SLICE_X22Y85         LUT6 (Prop_F6LUT_SLICEL_I1_O)
                                                      0.039     7.501 r  design_1_i/top_controller_0/inst/u_axi_slave/p_0_out__4_i_14/O
                         net (fo=2, routed)           0.100     7.601    design_1_i/top_controller_0/inst/u_axi_slave/p_0_out__4_i_14_n_0
    SLICE_X22Y86         LUT4 (Prop_F6LUT_SLICEL_I3_O)
                                                      0.062     7.663 f  design_1_i/top_controller_0/inst/u_axi_slave/p_0_out__4_i_1/O
                         net (fo=19, routed)          0.337     8.000    design_1_i/top_controller_0/inst/u_preprocessor/p_0_out__4/A[11]
    DSP48E2_X1Y34        DSP_A_B_DATA (Prop_DSP_A_B_DATA_DSP48E2_A[11]_A2_DATA[11])
                                                      0.241     8.241 r  design_1_i/top_controller_0/inst/u_preprocessor/p_0_out__4/DSP_A_B_DATA_INST/A2_DATA[11]
                         net (fo=1, routed)           0.000     8.241    design_1_i/top_controller_0/inst/u_preprocessor/p_0_out__4/DSP_A_B_DATA.A2_DATA<11>
    DSP48E2_X1Y34        DSP_PREADD_DATA (Prop_DSP_PREADD_DATA_DSP48E2_A2_DATA[11]_A2A1[11])
                                                      0.098     8.339 r  design_1_i/top_controller_0/inst/u_preprocessor/p_0_out__4/DSP_PREADD_DATA_INST/A2A1[11]
                         net (fo=1, routed)           0.000     8.339    design_1_i/top_controller_0/inst/u_preprocessor/p_0_out__4/DSP_PREADD_DATA.A2A1<11>
    DSP48E2_X1Y34        DSP_MULTIPLIER (Prop_DSP_MULTIPLIER_DSP48E2_A2A1[11]_U[12])
                                                      0.647     8.986 f  design_1_i/top_controller_0/inst/u_preprocessor/p_0_out__4/DSP_MULTIPLIER_INST/U[12]
                         net (fo=1, routed)           0.000     8.986    design_1_i/top_controller_0/inst/u_preprocessor/p_0_out__4/DSP_MULTIPLIER.U<12>
    DSP48E2_X1Y34        DSP_M_DATA (Prop_DSP_M_DATA_DSP48E2_U[12]_U_DATA[12])
                                                      0.059     9.045 r  design_1_i/top_controller_0/inst/u_preprocessor/p_0_out__4/DSP_M_DATA_INST/U_DATA[12]
                         net (fo=1, routed)           0.000     9.045    design_1_i/top_controller_0/inst/u_preprocessor/p_0_out__4/DSP_M_DATA.U_DATA<12>
    DSP48E2_X1Y34        DSP_ALU (Prop_DSP_ALU_DSP48E2_U_DATA[12]_ALU_OUT[12])
                                                      0.699     9.744 r  design_1_i/top_controller_0/inst/u_preprocessor/p_0_out__4/DSP_ALU_INST/ALU_OUT[12]
                         net (fo=1, routed)           0.000     9.744    design_1_i/top_controller_0/inst/u_preprocessor/p_0_out__4/DSP_ALU.ALU_OUT<12>
    DSP48E2_X1Y34        DSP_OUTPUT (Prop_DSP_OUTPUT_DSP48E2_ALU_OUT[12]_P[12])
                                                      0.141     9.885 f  design_1_i/top_controller_0/inst/u_preprocessor/p_0_out__4/DSP_OUTPUT_INST/P[12]
                         net (fo=1, routed)           0.391    10.276    design_1_i/top_controller_0/inst/u_preprocessor/p_0_out__6/A[12]
    DSP48E2_X1Y35        DSP_A_B_DATA (Prop_DSP_A_B_DATA_DSP48E2_A[12]_A2_DATA[12])
                                                      0.241    10.517 r  design_1_i/top_controller_0/inst/u_preprocessor/p_0_out__6/DSP_A_B_DATA_INST/A2_DATA[12]
                         net (fo=1, routed)           0.000    10.517    design_1_i/top_controller_0/inst/u_preprocessor/p_0_out__6/DSP_A_B_DATA.A2_DATA<12>
    DSP48E2_X1Y35        DSP_PREADD_DATA (Prop_DSP_PREADD_DATA_DSP48E2_A2_DATA[12]_A2A1[12])
                                                      0.098    10.615 r  design_1_i/top_controller_0/inst/u_preprocessor/p_0_out__6/DSP_PREADD_DATA_INST/A2A1[12]
                         net (fo=1, routed)           0.000    10.615    design_1_i/top_controller_0/inst/u_preprocessor/p_0_out__6/DSP_PREADD_DATA.A2A1<12>
    DSP48E2_X1Y35        DSP_MULTIPLIER (Prop_DSP_MULTIPLIER_DSP48E2_A2A1[12]_U[21])
                                                      0.647    11.262 f  design_1_i/top_controller_0/inst/u_preprocessor/p_0_out__6/DSP_MULTIPLIER_INST/U[21]
                         net (fo=1, routed)           0.000    11.262    design_1_i/top_controller_0/inst/u_preprocessor/p_0_out__6/DSP_MULTIPLIER.U<21>
    DSP48E2_X1Y35        DSP_M_DATA (Prop_DSP_M_DATA_DSP48E2_U[21]_U_DATA[21])
                                                      0.059    11.321 r  design_1_i/top_controller_0/inst/u_preprocessor/p_0_out__6/DSP_M_DATA_INST/U_DATA[21]
                         net (fo=1, routed)           0.000    11.321    design_1_i/top_controller_0/inst/u_preprocessor/p_0_out__6/DSP_M_DATA.U_DATA<21>
    DSP48E2_X1Y35        DSP_ALU (Prop_DSP_ALU_DSP48E2_U_DATA[21]_ALU_OUT[21])
                                                      0.699    12.020 f  design_1_i/top_controller_0/inst/u_preprocessor/p_0_out__6/DSP_ALU_INST/ALU_OUT[21]
                         net (fo=1, routed)           0.000    12.020    design_1_i/top_controller_0/inst/u_preprocessor/p_0_out__6/DSP_ALU.ALU_OUT<21>
    DSP48E2_X1Y35        DSP_OUTPUT (Prop_DSP_OUTPUT_DSP48E2_ALU_OUT[21]_P[21])
                                                      0.141    12.161 r  design_1_i/top_controller_0/inst/u_preprocessor/p_0_out__6/DSP_OUTPUT_INST/P[21]
                         net (fo=4, routed)           0.300    12.461    design_1_i/top_controller_0/inst/u_preprocessor/grav_y[1]
    SLICE_X19Y86         LUT3 (Prop_C6LUT_SLICEM_I1_O)
                                                      0.147    12.608 r  design_1_i/top_controller_0/inst/u_preprocessor/pred_data_out[pred_accel_y_1][7]_i_7/O
                         net (fo=1, routed)           0.147    12.755    design_1_i/top_controller_0/inst/u_preprocessor/pred_data_out[pred_accel_y_1][7]_i_7_n_0
    SLICE_X19Y87         CARRY8 (Prop_CARRY8_SLICEM_DI[2]_CO[7])
                                                      0.141    12.896 r  design_1_i/top_controller_0/inst/u_preprocessor/pred_data_out_reg[pred_accel_y_1][7]_i_1/CO[7]
                         net (fo=1, routed)           0.028    12.924    design_1_i/top_controller_0/inst/u_preprocessor/pred_data_out_reg[pred_accel_y_1][7]_i_1_n_0
    SLICE_X19Y88         CARRY8 (Prop_CARRY8_SLICEM_CI_O[1])
                                                      0.097    13.021 r  design_1_i/top_controller_0/inst/u_preprocessor/pred_data_out_reg[pred_accel_y_1][11]_i_1/O[1]
                         net (fo=1, routed)           0.031    13.052    design_1_i/top_controller_0/inst/u_preprocessor/pred_data_out_reg[pred_accel_y_1][11]_i_1_n_14
    SLICE_X19Y88         FDRE                                         r  design_1_i/top_controller_0/inst/u_preprocessor/pred_data_out_reg[pred_accel_y_1][9]/D
  -------------------------------------------------------------------    -------------------

                         (clock clk_pl_0 rise edge)
                                                     11.250    11.250 r  
    PS8_X0Y0             PS8                          0.000    11.250 r  design_1_i/zynq_ultra_ps_e_0/inst/PS8_i/PLCLK[0]
                         net (fo=1, routed)           0.140    11.390    design_1_i/zynq_ultra_ps_e_0/inst/pl_clk_unbuffered[0]
    BUFG_PS_X0Y58        BUFG_PS (Prop_BUFG_PS_I_O)
                                                      0.027    11.417 r  design_1_i/zynq_ultra_ps_e_0/inst/buffer_pl_clk_0.PL_CLK_0_BUFG/O
    X0Y1 (CLOCK_ROOT)    net (fo=6532, routed)        1.760    13.177    design_1_i/top_controller_0/inst/u_preprocessor/S_AXI_ACLK
    SLICE_X19Y88         FDRE                                         r  design_1_i/top_controller_0/inst/u_preprocessor/pred_data_out_reg[pred_accel_y_1][9]/C
                         clock pessimism              0.143    13.320    
                         clock uncertainty           -0.182    13.139    
    SLICE_X19Y88         FDRE (Setup_BFF_SLICEM_C_D)
                                                      0.027    13.166    design_1_i/top_controller_0/inst/u_preprocessor/pred_data_out_reg[pred_accel_y_1][9]
  -------------------------------------------------------------------
                         required time                         13.166    
                         arrival time                         -13.052    
  -------------------------------------------------------------------
                         slack                                  0.114    

Slack (MET) :             0.124ns  (required time - arrival time)
  Source:                 design_1_i/top_controller_0/inst/u_axi_slave/slv_reg3_reg[0]/C
                            (rising edge-triggered cell FDRE clocked by clk_pl_0  {rise@0.000ns fall@5.625ns period=11.250ns})
  Destination:            design_1_i/top_controller_0/inst/u_preprocessor/pred_data_out_reg[pred_accel_y_1][10]/D
                            (rising edge-triggered cell FDRE clocked by clk_pl_0  {rise@0.000ns fall@5.625ns period=11.250ns})
  Path Group:             clk_pl_0
  Path Type:              Setup (Max at Slow Process Corner)
  Requirement:            11.250ns  (clk_pl_0 rise@11.250ns - clk_pl_0 rise@0.000ns)
  Data Path Delay:        11.264ns  (logic 7.607ns (67.535%)  route 3.657ns (32.465%))
  Logic Levels:           34  (CARRY8=3 DSP_A_B_DATA=3 DSP_ALU=3 DSP_M_DATA=3 DSP_MULTIPLIER=3 DSP_OUTPUT=3 DSP_PREADD_DATA=3 LUT3=1 LUT4=1 LUT5=2 LUT6=9)
  Clock Path Skew:        0.292ns (DCD - SCD + CPR)
    Destination Clock Delay (DCD):    1.927ns = ( 13.177 - 11.250 ) 
    Source Clock Delay      (SCD):    1.778ns
    Clock Pessimism Removal (CPR):    0.143ns
  Clock Uncertainty:      0.182ns  ((TSJ^2 + DJ^2)^1/2) / 2 + PE
    Total System Jitter     (TSJ):    0.071ns
    Discrete Jitter          (DJ):    0.356ns
    Phase Error              (PE):    0.000ns
  Clock Net Delay (Source):      1.571ns (routing 0.638ns, distribution 0.933ns)
  Clock Net Delay (Destination): 1.760ns (routing 0.576ns, distribution 1.184ns)

    Location             Delay type                Incr(ns)  Path(ns)    Netlist Resource(s)
  -------------------------------------------------------------------    -------------------
                         (clock clk_pl_0 rise edge)
                                                      0.000     0.000 r  
    PS8_X0Y0             PS8                          0.000     0.000 r  design_1_i/zynq_ultra_ps_e_0/inst/PS8_i/PLCLK[0]
                         net (fo=1, routed)           0.178     0.178    design_1_i/zynq_ultra_ps_e_0/inst/pl_clk_unbuffered[0]
    BUFG_PS_X0Y58        BUFG_PS (Prop_BUFG_PS_I_O)
                                                      0.029     0.207 r  design_1_i/zynq_ultra_ps_e_0/inst/buffer_pl_clk_0.PL_CLK_0_BUFG/O
    X0Y1 (CLOCK_ROOT)    net (fo=6532, routed)        1.571     1.778    design_1_i/top_controller_0/inst/u_axi_slave/S_AXI_ACLK
    SLICE_X28Y87         FDRE                                         r  design_1_i/top_controller_0/inst/u_axi_slave/slv_reg3_reg[0]/C
  -------------------------------------------------------------------    -------------------
    SLICE_X28Y87         FDRE (Prop_HFF_SLICEM_C_Q)
                                                      0.096     1.874 f  design_1_i/top_controller_0/inst/u_axi_slave/slv_reg3_reg[0]/Q
                         net (fo=14, routed)          0.136     2.010    design_1_i/top_controller_0/inst/u_axi_slave/Q[0]
    SLICE_X28Y86         LUT6 (Prop_A6LUT_SLICEM_I2_O)
                                                      0.179     2.189 f  design_1_i/top_controller_0/inst/u_axi_slave/g0_b0__3_i_6/O
                         net (fo=6, routed)           0.115     2.304    design_1_i/top_controller_0/inst/u_axi_slave/g0_b0__3_i_6_n_0
    SLICE_X28Y87         LUT6 (Prop_C6LUT_SLICEM_I3_O)
                                                      0.113     2.417 f  design_1_i/top_controller_0/inst/u_axi_slave/g0_b0__3_i_10/O
                         net (fo=4, routed)           0.073     2.490    design_1_i/top_controller_0/inst/u_axi_slave/g0_b0__3_i_10_n_0
    SLICE_X28Y86         LUT6 (Prop_H6LUT_SLICEM_I2_O)
                                                      0.041     2.531 r  design_1_i/top_controller_0/inst/u_axi_slave/consistency_cnt[31]_i_18__10/O
                         net (fo=2, routed)           0.132     2.663    design_1_i/top_controller_0/inst/u_axi_slave/consistency_cnt[31]_i_18__10_n_0
    SLICE_X28Y85         LUT6 (Prop_F6LUT_SLICEM_I0_O)
                                                      0.177     2.840 r  design_1_i/top_controller_0/inst/u_axi_slave/g0_b0__3_i_7/O
                         net (fo=11, routed)          0.116     2.956    design_1_i/top_controller_0/inst/u_axi_slave/g0_b0__3_i_7_n_0
    SLICE_X28Y86         LUT5 (Prop_C6LUT_SLICEM_I4_O)
                                                      0.098     3.054 r  design_1_i/top_controller_0/inst/u_axi_slave/g0_b0__3_i_1/O
                         net (fo=81, routed)          0.315     3.369    design_1_i/top_controller_0/inst/u_axi_slave_n_604
    SLICE_X28Y87         LUT5 (Prop_A6LUT_SLICEM_I0_O)
                                                      0.116     3.485 r  design_1_i/top_controller_0/inst/g0_b0__3/O
                         net (fo=7, routed)           0.195     3.680    design_1_i/top_controller_0/inst/g0_b0__3_n_0
    SLICE_X27Y86         LUT6 (Prop_A6LUT_SLICEL_I5_O)
                                                      0.100     3.780 r  design_1_i/top_controller_0/inst/g0_b0__4__0/O
                         net (fo=1, routed)           0.011     3.791    design_1_i/top_controller_0/inst/u_axi_slave/DSP_A_B_DATA_INST_8[0]
    SLICE_X27Y86         CARRY8 (Prop_CARRY8_SLICEL_S[0]_O[6])
                                                      0.279     4.070 f  design_1_i/top_controller_0/inst/u_axi_slave/p_0_out__3_i_9/O[6]
                         net (fo=1, routed)           0.378     4.448    design_1_i/top_controller_0/inst/u_preprocessor/p_0_out__3/A[6]
    DSP48E2_X2Y35        DSP_A_B_DATA (Prop_DSP_A_B_DATA_DSP48E2_A[6]_A2_DATA[6])
                                                      0.241     4.689 r  design_1_i/top_controller_0/inst/u_preprocessor/p_0_out__3/DSP_A_B_DATA_INST/A2_DATA[6]
                         net (fo=1, routed)           0.000     4.689    design_1_i/top_controller_0/inst/u_preprocessor/p_0_out__3/DSP_A_B_DATA.A2_DATA<6>
    DSP48E2_X2Y35        DSP_PREADD_DATA (Prop_DSP_PREADD_DATA_DSP48E2_A2_DATA[6]_A2A1[6])
                                                      0.098     4.787 r  design_1_i/top_controller_0/inst/u_preprocessor/p_0_out__3/DSP_PREADD_DATA_INST/A2A1[6]
                         net (fo=1, routed)           0.000     4.787    design_1_i/top_controller_0/inst/u_preprocessor/p_0_out__3/DSP_PREADD_DATA.A2A1<6>
    DSP48E2_X2Y35        DSP_MULTIPLIER (Prop_DSP_MULTIPLIER_DSP48E2_A2A1[6]_U[7])
                                                      0.647     5.434 f  design_1_i/top_controller_0/inst/u_preprocessor/p_0_out__3/DSP_MULTIPLIER_INST/U[7]
                         net (fo=1, routed)           0.000     5.434    design_1_i/top_controller_0/inst/u_preprocessor/p_0_out__3/DSP_MULTIPLIER.U<7>
    DSP48E2_X2Y35        DSP_M_DATA (Prop_DSP_M_DATA_DSP48E2_U[7]_U_DATA[7])
                                                      0.059     5.493 r  design_1_i/top_controller_0/inst/u_preprocessor/p_0_out__3/DSP_M_DATA_INST/U_DATA[7]
                         net (fo=1, routed)           0.000     5.493    design_1_i/top_controller_0/inst/u_preprocessor/p_0_out__3/DSP_M_DATA.U_DATA<7>
    DSP48E2_X2Y35        DSP_ALU (Prop_DSP_ALU_DSP48E2_U_DATA[7]_ALU_OUT[7])
                                                      0.699     6.192 f  design_1_i/top_controller_0/inst/u_preprocessor/p_0_out__3/DSP_ALU_INST/ALU_OUT[7]
                         net (fo=1, routed)           0.000     6.192    design_1_i/top_controller_0/inst/u_preprocessor/p_0_out__3/DSP_ALU.ALU_OUT<7>
    DSP48E2_X2Y35        DSP_OUTPUT (Prop_DSP_OUTPUT_DSP48E2_ALU_OUT[7]_P[7])
                                                      0.141     6.333 r  design_1_i/top_controller_0/inst/u_preprocessor/p_0_out__3/DSP_OUTPUT_INST/P[7]
                         net (fo=6, routed)           0.426     6.759    design_1_i/top_controller_0/inst/u_axi_slave/p_0_out__4_i_8_0[0]
    SLICE_X28Y86         LUT6 (Prop_E6LUT_SLICEM_I5_O)
                                                      0.063     6.822 r  design_1_i/top_controller_0/inst/u_axi_slave/p_0_out__4_i_21/O
                         net (fo=3, routed)           0.209     7.031    design_1_i/top_controller_0/inst/u_axi_slave/p_0_out__4_i_21_n_0
    SLICE_X23Y86         LUT6 (Prop_E6LUT_SLICEL_I0_O)
                                                      0.176     7.207 r  design_1_i/top_controller_0/inst/u_axi_slave/p_0_out__4_i_18/O
                         net (fo=4, routed)           0.165     7.373    design_1_i/top_controller_0/inst/u_axi_slave/p_0_out__4_i_18_n_0
    SLICE_X22Y85         LUT6 (Prop_D6LUT_SLICEL_I5_O)
                                                      0.039     7.412 f  design_1_i/top_controller_0/inst/u_axi_slave/p_0_out__4_i_16/O
                         net (fo=3, routed)           0.050     7.462    design_1_i/top_controller_0/inst/u_axi_slave/p_0_out__4_i_16_n_0
    SLICE_X22Y85         LUT6 (Prop_F6LUT_SLICEL_I1_O)
                                                      0.039     7.501 r  design_1_i/top_controller_0/inst/u_axi_slave/p_0_out__4_i_14/O
                         net (fo=2, routed)           0.100     7.601    design_1_i/top_controller_0/inst/u_axi_slave/p_0_out__4_i_14_n_0
    SLICE_X22Y86         LUT4 (Prop_F6LUT_SLICEL_I3_O)
                                                      0.062     7.663 f  design_1_i/top_controller_0/inst/u_axi_slave/p_0_out__4_i_1/O
                         net (fo=19, routed)          0.337     8.000    design_1_i/top_controller_0/inst/u_preprocessor/p_0_out__4/A[11]
    DSP48E2_X1Y34        DSP_A_B_DATA (Prop_DSP_A_B_DATA_DSP48E2_A[11]_A2_DATA[11])
                                                      0.241     8.241 r  design_1_i/top_controller_0/inst/u_preprocessor/p_0_out__4/DSP_A_B_DATA_INST/A2_DATA[11]
                         net (fo=1, routed)           0.000     8.241    design_1_i/top_controller_0/inst/u_preprocessor/p_0_out__4/DSP_A_B_DATA.A2_DATA<11>
    DSP48E2_X1Y34        DSP_PREADD_DATA (Prop_DSP_PREADD_DATA_DSP48E2_A2_DATA[11]_A2A1[11])
                                                      0.098     8.339 r  design_1_i/top_controller_0/inst/u_preprocessor/p_0_out__4/DSP_PREADD_DATA_INST/A2A1[11]
                         net (fo=1, routed)           0.000     8.339    design_1_i/top_controller_0/inst/u_preprocessor/p_0_out__4/DSP_PREADD_DATA.A2A1<11>
    DSP48E2_X1Y34        DSP_MULTIPLIER (Prop_DSP_MULTIPLIER_DSP48E2_A2A1[11]_U[12])
                                                      0.647     8.986 f  design_1_i/top_controller_0/inst/u_preprocessor/p_0_out__4/DSP_MULTIPLIER_INST/U[12]
                         net (fo=1, routed)           0.000     8.986    design_1_i/top_controller_0/inst/u_preprocessor/p_0_out__4/DSP_MULTIPLIER.U<12>
    DSP48E2_X1Y34        DSP_M_DATA (Prop_DSP_M_DATA_DSP48E2_U[12]_U_DATA[12])
                                                      0.059     9.045 r  design_1_i/top_controller_0/inst/u_preprocessor/p_0_out__4/DSP_M_DATA_INST/U_DATA[12]
                         net (fo=1, routed)           0.000     9.045    design_1_i/top_controller_0/inst/u_preprocessor/p_0_out__4/DSP_M_DATA.U_DATA<12>
    DSP48E2_X1Y34        DSP_ALU (Prop_DSP_ALU_DSP48E2_U_DATA[12]_ALU_OUT[12])
                                                      0.699     9.744 r  design_1_i/top_controller_0/inst/u_preprocessor/p_0_out__4/DSP_ALU_INST/ALU_OUT[12]
                         net (fo=1, routed)           0.000     9.744    design_1_i/top_controller_0/inst/u_preprocessor/p_0_out__4/DSP_ALU.ALU_OUT<12>
    DSP48E2_X1Y34        DSP_OUTPUT (Prop_DSP_OUTPUT_DSP48E2_ALU_OUT[12]_P[12])
                                                      0.141     9.885 f  design_1_i/top_controller_0/inst/u_preprocessor/p_0_out__4/DSP_OUTPUT_INST/P[12]
                         net (fo=1, routed)           0.391    10.276    design_1_i/top_controller_0/inst/u_preprocessor/p_0_out__6/A[12]
    DSP48E2_X1Y35        DSP_A_B_DATA (Prop_DSP_A_B_DATA_DSP48E2_A[12]_A2_DATA[12])
                                                      0.241    10.517 r  design_1_i/top_controller_0/inst/u_preprocessor/p_0_out__6/DSP_A_B_DATA_INST/A2_DATA[12]
                         net (fo=1, routed)           0.000    10.517    design_1_i/top_controller_0/inst/u_preprocessor/p_0_out__6/DSP_A_B_DATA.A2_DATA<12>
    DSP48E2_X1Y35        DSP_PREADD_DATA (Prop_DSP_PREADD_DATA_DSP48E2_A2_DATA[12]_A2A1[12])
                                                      0.098    10.615 r  design_1_i/top_controller_0/inst/u_preprocessor/p_0_out__6/DSP_PREADD_DATA_INST/A2A1[12]
                         net (fo=1, routed)           0.000    10.615    design_1_i/top_controller_0/inst/u_preprocessor/p_0_out__6/DSP_PREADD_DATA.A2A1<12>
    DSP48E2_X1Y35        DSP_MULTIPLIER (Prop_DSP_MULTIPLIER_DSP48E2_A2A1[12]_U[21])
                                                      0.647    11.262 f  design_1_i/top_controller_0/inst/u_preprocessor/p_0_out__6/DSP_MULTIPLIER_INST/U[21]
                         net (fo=1, routed)           0.000    11.262    design_1_i/top_controller_0/inst/u_preprocessor/p_0_out__6/DSP_MULTIPLIER.U<21>
    DSP48E2_X1Y35        DSP_M_DATA (Prop_DSP_M_DATA_DSP48E2_U[21]_U_DATA[21])
                                                      0.059    11.321 r  design_1_i/top_controller_0/inst/u_preprocessor/p_0_out__6/DSP_M_DATA_INST/U_DATA[21]
                         net (fo=1, routed)           0.000    11.321    design_1_i/top_controller_0/inst/u_preprocessor/p_0_out__6/DSP_M_DATA.U_DATA<21>
    DSP48E2_X1Y35        DSP_ALU (Prop_DSP_ALU_DSP48E2_U_DATA[21]_ALU_OUT[21])
                                                      0.699    12.020 f  design_1_i/top_controller_0/inst/u_preprocessor/p_0_out__6/DSP_ALU_INST/ALU_OUT[21]
                         net (fo=1, routed)           0.000    12.020    design_1_i/top_controller_0/inst/u_preprocessor/p_0_out__6/DSP_ALU.ALU_OUT<21>
    DSP48E2_X1Y35        DSP_OUTPUT (Prop_DSP_OUTPUT_DSP48E2_ALU_OUT[21]_P[21])
                                                      0.141    12.161 r  design_1_i/top_controller_0/inst/u_preprocessor/p_0_out__6/DSP_OUTPUT_INST/P[21]
                         net (fo=4, routed)           0.300    12.461    design_1_i/top_controller_0/inst/u_preprocessor/grav_y[1]
    SLICE_X19Y86         LUT3 (Prop_C6LUT_SLICEM_I1_O)
                                                      0.147    12.608 r  design_1_i/top_controller_0/inst/u_preprocessor/pred_data_out[pred_accel_y_1][7]_i_7/O
                         net (fo=1, routed)           0.147    12.755    design_1_i/top_controller_0/inst/u_preprocessor/pred_data_out[pred_accel_y_1][7]_i_7_n_0
    SLICE_X19Y87         CARRY8 (Prop_CARRY8_SLICEM_DI[2]_CO[7])
                                                      0.141    12.896 r  design_1_i/top_controller_0/inst/u_preprocessor/pred_data_out_reg[pred_accel_y_1][7]_i_1/CO[7]
                         net (fo=1, routed)           0.028    12.924    design_1_i/top_controller_0/inst/u_preprocessor/pred_data_out_reg[pred_accel_y_1][7]_i_1_n_0
    SLICE_X19Y88         CARRY8 (Prop_CARRY8_SLICEM_CI_O[2])
                                                      0.086    13.010 r  design_1_i/top_controller_0/inst/u_preprocessor/pred_data_out_reg[pred_accel_y_1][11]_i_1/O[2]
                         net (fo=1, routed)           0.032    13.042    design_1_i/top_controller_0/inst/u_preprocessor/pred_data_out_reg[pred_accel_y_1][11]_i_1_n_13
    SLICE_X19Y88         FDRE                                         r  design_1_i/top_controller_0/inst/u_preprocessor/pred_data_out_reg[pred_accel_y_1][10]/D
  -------------------------------------------------------------------    -------------------

                         (clock clk_pl_0 rise edge)
                                                     11.250    11.250 r  
    PS8_X0Y0             PS8                          0.000    11.250 r  design_1_i/zynq_ultra_ps_e_0/inst/PS8_i/PLCLK[0]
                         net (fo=1, routed)           0.140    11.390    design_1_i/zynq_ultra_ps_e_0/inst/pl_clk_unbuffered[0]
    BUFG_PS_X0Y58        BUFG_PS (Prop_BUFG_PS_I_O)
                                                      0.027    11.417 r  design_1_i/zynq_ultra_ps_e_0/inst/buffer_pl_clk_0.PL_CLK_0_BUFG/O
    X0Y1 (CLOCK_ROOT)    net (fo=6532, routed)        1.760    13.177    design_1_i/top_controller_0/inst/u_preprocessor/S_AXI_ACLK
    SLICE_X19Y88         FDRE                                         r  design_1_i/top_controller_0/inst/u_preprocessor/pred_data_out_reg[pred_accel_y_1][10]/C
                         clock pessimism              0.143    13.320    
                         clock uncertainty           -0.182    13.139    
    SLICE_X19Y88         FDRE (Setup_CFF_SLICEM_C_D)
                                                      0.027    13.166    design_1_i/top_controller_0/inst/u_preprocessor/pred_data_out_reg[pred_accel_y_1][10]
  -------------------------------------------------------------------
                         required time                         13.166    
                         arrival time                         -13.042    
  -------------------------------------------------------------------
                         slack                                  0.124    

Slack (MET) :             0.140ns  (required time - arrival time)
  Source:                 design_1_i/top_controller_0/inst/u_axi_slave/slv_reg3_reg[0]/C
                            (rising edge-triggered cell FDRE clocked by clk_pl_0  {rise@0.000ns fall@5.625ns period=11.250ns})
  Destination:            design_1_i/top_controller_0/inst/u_preprocessor/pred_data_out_reg[pred_accel_y_1][8]/D
                            (rising edge-triggered cell FDRE clocked by clk_pl_0  {rise@0.000ns fall@5.625ns period=11.250ns})
  Path Group:             clk_pl_0
  Path Type:              Setup (Max at Slow Process Corner)
  Requirement:            11.250ns  (clk_pl_0 rise@11.250ns - clk_pl_0 rise@0.000ns)
  Data Path Delay:        11.248ns  (logic 7.593ns (67.507%)  route 3.655ns (32.493%))
  Logic Levels:           34  (CARRY8=3 DSP_A_B_DATA=3 DSP_ALU=3 DSP_M_DATA=3 DSP_MULTIPLIER=3 DSP_OUTPUT=3 DSP_PREADD_DATA=3 LUT3=1 LUT4=1 LUT5=2 LUT6=9)
  Clock Path Skew:        0.292ns (DCD - SCD + CPR)
    Destination Clock Delay (DCD):    1.927ns = ( 13.177 - 11.250 ) 
    Source Clock Delay      (SCD):    1.778ns
    Clock Pessimism Removal (CPR):    0.143ns
  Clock Uncertainty:      0.182ns  ((TSJ^2 + DJ^2)^1/2) / 2 + PE
    Total System Jitter     (TSJ):    0.071ns
    Discrete Jitter          (DJ):    0.356ns
    Phase Error              (PE):    0.000ns
  Clock Net Delay (Source):      1.571ns (routing 0.638ns, distribution 0.933ns)
  Clock Net Delay (Destination): 1.760ns (routing 0.576ns, distribution 1.184ns)

    Location             Delay type                Incr(ns)  Path(ns)    Netlist Resource(s)
  -------------------------------------------------------------------    -------------------
                         (clock clk_pl_0 rise edge)
                                                      0.000     0.000 r  
    PS8_X0Y0             PS8                          0.000     0.000 r  design_1_i/zynq_ultra_ps_e_0/inst/PS8_i/PLCLK[0]
                         net (fo=1, routed)           0.178     0.178    design_1_i/zynq_ultra_ps_e_0/inst/pl_clk_unbuffered[0]
    BUFG_PS_X0Y58        BUFG_PS (Prop_BUFG_PS_I_O)
                                                      0.029     0.207 r  design_1_i/zynq_ultra_ps_e_0/inst/buffer_pl_clk_0.PL_CLK_0_BUFG/O
    X0Y1 (CLOCK_ROOT)    net (fo=6532, routed)        1.571     1.778    design_1_i/top_controller_0/inst/u_axi_slave/S_AXI_ACLK
    SLICE_X28Y87         FDRE                                         r  design_1_i/top_controller_0/inst/u_axi_slave/slv_reg3_reg[0]/C
  -------------------------------------------------------------------    -------------------
    SLICE_X28Y87         FDRE (Prop_HFF_SLICEM_C_Q)
                                                      0.096     1.874 f  design_1_i/top_controller_0/inst/u_axi_slave/slv_reg3_reg[0]/Q
                         net (fo=14, routed)          0.136     2.010    design_1_i/top_controller_0/inst/u_axi_slave/Q[0]
    SLICE_X28Y86         LUT6 (Prop_A6LUT_SLICEM_I2_O)
                                                      0.179     2.189 f  design_1_i/top_controller_0/inst/u_axi_slave/g0_b0__3_i_6/O
                         net (fo=6, routed)           0.115     2.304    design_1_i/top_controller_0/inst/u_axi_slave/g0_b0__3_i_6_n_0
    SLICE_X28Y87         LUT6 (Prop_C6LUT_SLICEM_I3_O)
                                                      0.113     2.417 f  design_1_i/top_controller_0/inst/u_axi_slave/g0_b0__3_i_10/O
                         net (fo=4, routed)           0.073     2.490    design_1_i/top_controller_0/inst/u_axi_slave/g0_b0__3_i_10_n_0
    SLICE_X28Y86         LUT6 (Prop_H6LUT_SLICEM_I2_O)
                                                      0.041     2.531 r  design_1_i/top_controller_0/inst/u_axi_slave/consistency_cnt[31]_i_18__10/O
                         net (fo=2, routed)           0.132     2.663    design_1_i/top_controller_0/inst/u_axi_slave/consistency_cnt[31]_i_18__10_n_0
    SLICE_X28Y85         LUT6 (Prop_F6LUT_SLICEM_I0_O)
                                                      0.177     2.840 r  design_1_i/top_controller_0/inst/u_axi_slave/g0_b0__3_i_7/O
                         net (fo=11, routed)          0.116     2.956    design_1_i/top_controller_0/inst/u_axi_slave/g0_b0__3_i_7_n_0
    SLICE_X28Y86         LUT5 (Prop_C6LUT_SLICEM_I4_O)
                                                      0.098     3.054 r  design_1_i/top_controller_0/inst/u_axi_slave/g0_b0__3_i_1/O
                         net (fo=81, routed)          0.315     3.369    design_1_i/top_controller_0/inst/u_axi_slave_n_604
    SLICE_X28Y87         LUT5 (Prop_A6LUT_SLICEM_I0_O)
                                                      0.116     3.485 r  design_1_i/top_controller_0/inst/g0_b0__3/O
                         net (fo=7, routed)           0.195     3.680    design_1_i/top_controller_0/inst/g0_b0__3_n_0
    SLICE_X27Y86         LUT6 (Prop_A6LUT_SLICEL_I5_O)
                                                      0.100     3.780 r  design_1_i/top_controller_0/inst/g0_b0__4__0/O
                         net (fo=1, routed)           0.011     3.791    design_1_i/top_controller_0/inst/u_axi_slave/DSP_A_B_DATA_INST_8[0]
    SLICE_X27Y86         CARRY8 (Prop_CARRY8_SLICEL_S[0]_O[6])
                                                      0.279     4.070 f  design_1_i/top_controller_0/inst/u_axi_slave/p_0_out__3_i_9/O[6]
                         net (fo=1, routed)           0.378     4.448    design_1_i/top_controller_0/inst/u_preprocessor/p_0_out__3/A[6]
    DSP48E2_X2Y35        DSP_A_B_DATA (Prop_DSP_A_B_DATA_DSP48E2_A[6]_A2_DATA[6])
                                                      0.241     4.689 r  design_1_i/top_controller_0/inst/u_preprocessor/p_0_out__3/DSP_A_B_DATA_INST/A2_DATA[6]
                         net (fo=1, routed)           0.000     4.689    design_1_i/top_controller_0/inst/u_preprocessor/p_0_out__3/DSP_A_B_DATA.A2_DATA<6>
    DSP48E2_X2Y35        DSP_PREADD_DATA (Prop_DSP_PREADD_DATA_DSP48E2_A2_DATA[6]_A2A1[6])
                                                      0.098     4.787 r  design_1_i/top_controller_0/inst/u_preprocessor/p_0_out__3/DSP_PREADD_DATA_INST/A2A1[6]
                         net (fo=1, routed)           0.000     4.787    design_1_i/top_controller_0/inst/u_preprocessor/p_0_out__3/DSP_PREADD_DATA.A2A1<6>
    DSP48E2_X2Y35        DSP_MULTIPLIER (Prop_DSP_MULTIPLIER_DSP48E2_A2A1[6]_U[7])
                                                      0.647     5.434 f  design_1_i/top_controller_0/inst/u_preprocessor/p_0_out__3/DSP_MULTIPLIER_INST/U[7]
                         net (fo=1, routed)           0.000     5.434    design_1_i/top_controller_0/inst/u_preprocessor/p_0_out__3/DSP_MULTIPLIER.U<7>
    DSP48E2_X2Y35        DSP_M_DATA (Prop_DSP_M_DATA_DSP48E2_U[7]_U_DATA[7])
                                                      0.059     5.493 r  design_1_i/top_controller_0/inst/u_preprocessor/p_0_out__3/DSP_M_DATA_INST/U_DATA[7]
                         net (fo=1, routed)           0.000     5.493    design_1_i/top_controller_0/inst/u_preprocessor/p_0_out__3/DSP_M_DATA.U_DATA<7>
    DSP48E2_X2Y35        DSP_ALU (Prop_DSP_ALU_DSP48E2_U_DATA[7]_ALU_OUT[7])
                                                      0.699     6.192 f  design_1_i/top_controller_0/inst/u_preprocessor/p_0_out__3/DSP_ALU_INST/ALU_OUT[7]
                         net (fo=1, routed)           0.000     6.192    design_1_i/top_controller_0/inst/u_preprocessor/p_0_out__3/DSP_ALU.ALU_OUT<7>
    DSP48E2_X2Y35        DSP_OUTPUT (Prop_DSP_OUTPUT_DSP48E2_ALU_OUT[7]_P[7])
                                                      0.141     6.333 r  design_1_i/top_controller_0/inst/u_preprocessor/p_0_out__3/DSP_OUTPUT_INST/P[7]
                         net (fo=6, routed)           0.426     6.759    design_1_i/top_controller_0/inst/u_axi_slave/p_0_out__4_i_8_0[0]
    SLICE_X28Y86         LUT6 (Prop_E6LUT_SLICEM_I5_O)
                                                      0.063     6.822 r  design_1_i/top_controller_0/inst/u_axi_slave/p_0_out__4_i_21/O
                         net (fo=3, routed)           0.209     7.031    design_1_i/top_controller_0/inst/u_axi_slave/p_0_out__4_i_21_n_0
    SLICE_X23Y86         LUT6 (Prop_E6LUT_SLICEL_I0_O)
                                                      0.176     7.207 r  design_1_i/top_controller_0/inst/u_axi_slave/p_0_out__4_i_18/O
                         net (fo=4, routed)           0.165     7.373    design_1_i/top_controller_0/inst/u_axi_slave/p_0_out__4_i_18_n_0
    SLICE_X22Y85         LUT6 (Prop_D6LUT_SLICEL_I5_O)
                                                      0.039     7.412 f  design_1_i/top_controller_0/inst/u_axi_slave/p_0_out__4_i_16/O
                         net (fo=3, routed)           0.050     7.462    design_1_i/top_controller_0/inst/u_axi_slave/p_0_out__4_i_16_n_0
    SLICE_X22Y85         LUT6 (Prop_F6LUT_SLICEL_I1_O)
                                                      0.039     7.501 r  design_1_i/top_controller_0/inst/u_axi_slave/p_0_out__4_i_14/O
                         net (fo=2, routed)           0.100     7.601    design_1_i/top_controller_0/inst/u_axi_slave/p_0_out__4_i_14_n_0
    SLICE_X22Y86         LUT4 (Prop_F6LUT_SLICEL_I3_O)
                                                      0.062     7.663 f  design_1_i/top_controller_0/inst/u_axi_slave/p_0_out__4_i_1/O
                         net (fo=19, routed)          0.337     8.000    design_1_i/top_controller_0/inst/u_preprocessor/p_0_out__4/A[11]
    DSP48E2_X1Y34        DSP_A_B_DATA (Prop_DSP_A_B_DATA_DSP48E2_A[11]_A2_DATA[11])
                                                      0.241     8.241 r  design_1_i/top_controller_0/inst/u_preprocessor/p_0_out__4/DSP_A_B_DATA_INST/A2_DATA[11]
                         net (fo=1, routed)           0.000     8.241    design_1_i/top_controller_0/inst/u_preprocessor/p_0_out__4/DSP_A_B_DATA.A2_DATA<11>
    DSP48E2_X1Y34        DSP_PREADD_DATA (Prop_DSP_PREADD_DATA_DSP48E2_A2_DATA[11]_A2A1[11])
                                                      0.098     8.339 r  design_1_i/top_controller_0/inst/u_preprocessor/p_0_out__4/DSP_PREADD_DATA_INST/A2A1[11]
                         net (fo=1, routed)           0.000     8.339    design_1_i/top_controller_0/inst/u_preprocessor/p_0_out__4/DSP_PREADD_DATA.A2A1<11>
    DSP48E2_X1Y34        DSP_MULTIPLIER (Prop_DSP_MULTIPLIER_DSP48E2_A2A1[11]_U[12])
                                                      0.647     8.986 f  design_1_i/top_controller_0/inst/u_preprocessor/p_0_out__4/DSP_MULTIPLIER_INST/U[12]
                         net (fo=1, routed)           0.000     8.986    design_1_i/top_controller_0/inst/u_preprocessor/p_0_out__4/DSP_MULTIPLIER.U<12>
    DSP48E2_X1Y34        DSP_M_DATA (Prop_DSP_M_DATA_DSP48E2_U[12]_U_DATA[12])
                                                      0.059     9.045 r  design_1_i/top_controller_0/inst/u_preprocessor/p_0_out__4/DSP_M_DATA_INST/U_DATA[12]
                         net (fo=1, routed)           0.000     9.045    design_1_i/top_controller_0/inst/u_preprocessor/p_0_out__4/DSP_M_DATA.U_DATA<12>
    DSP48E2_X1Y34        DSP_ALU (Prop_DSP_ALU_DSP48E2_U_DATA[12]_ALU_OUT[12])
                                                      0.699     9.744 r  design_1_i/top_controller_0/inst/u_preprocessor/p_0_out__4/DSP_ALU_INST/ALU_OUT[12]
                         net (fo=1, routed)           0.000     9.744    design_1_i/top_controller_0/inst/u_preprocessor/p_0_out__4/DSP_ALU.ALU_OUT<12>
    DSP48E2_X1Y34        DSP_OUTPUT (Prop_DSP_OUTPUT_DSP48E2_ALU_OUT[12]_P[12])
                                                      0.141     9.885 f  design_1_i/top_controller_0/inst/u_preprocessor/p_0_out__4/DSP_OUTPUT_INST/P[12]
                         net (fo=1, routed)           0.391    10.276    design_1_i/top_controller_0/inst/u_preprocessor/p_0_out__6/A[12]
    DSP48E2_X1Y35        DSP_A_B_DATA (Prop_DSP_A_B_DATA_DSP48E2_A[12]_A2_DATA[12])
                                                      0.241    10.517 r  design_1_i/top_controller_0/inst/u_preprocessor/p_0_out__6/DSP_A_B_DATA_INST/A2_DATA[12]
                         net (fo=1, routed)           0.000    10.517    design_1_i/top_controller_0/inst/u_preprocessor/p_0_out__6/DSP_A_B_DATA.A2_DATA<12>
    DSP48E2_X1Y35        DSP_PREADD_DATA (Prop_DSP_PREADD_DATA_DSP48E2_A2_DATA[12]_A2A1[12])
                                                      0.098    10.615 r  design_1_i/top_controller_0/inst/u_preprocessor/p_0_out__6/DSP_PREADD_DATA_INST/A2A1[12]
                         net (fo=1, routed)           0.000    10.615    design_1_i/top_controller_0/inst/u_preprocessor/p_0_out__6/DSP_PREADD_DATA.A2A1<12>
    DSP48E2_X1Y35        DSP_MULTIPLIER (Prop_DSP_MULTIPLIER_DSP48E2_A2A1[12]_U[21])
                                                      0.647    11.262 f  design_1_i/top_controller_0/inst/u_preprocessor/p_0_out__6/DSP_MULTIPLIER_INST/U[21]
                         net (fo=1, routed)           0.000    11.262    design_1_i/top_controller_0/inst/u_preprocessor/p_0_out__6/DSP_MULTIPLIER.U<21>
    DSP48E2_X1Y35        DSP_M_DATA (Prop_DSP_M_DATA_DSP48E2_U[21]_U_DATA[21])
                                                      0.059    11.321 r  design_1_i/top_controller_0/inst/u_preprocessor/p_0_out__6/DSP_M_DATA_INST/U_DATA[21]
                         net (fo=1, routed)           0.000    11.321    design_1_i/top_controller_0/inst/u_preprocessor/p_0_out__6/DSP_M_DATA.U_DATA<21>
    DSP48E2_X1Y35        DSP_ALU (Prop_DSP_ALU_DSP48E2_U_DATA[21]_ALU_OUT[21])
                                                      0.699    12.020 f  design_1_i/top_controller_0/inst/u_preprocessor/p_0_out__6/DSP_ALU_INST/ALU_OUT[21]
                         net (fo=1, routed)           0.000    12.020    design_1_i/top_controller_0/inst/u_preprocessor/p_0_out__6/DSP_ALU.ALU_OUT<21>
    DSP48E2_X1Y35        DSP_OUTPUT (Prop_DSP_OUTPUT_DSP48E2_ALU_OUT[21]_P[21])
                                                      0.141    12.161 r  design_1_i/top_controller_0/inst/u_preprocessor/p_0_out__6/DSP_OUTPUT_INST/P[21]
                         net (fo=4, routed)           0.300    12.461    design_1_i/top_controller_0/inst/u_preprocessor/grav_y[1]
    SLICE_X19Y86         LUT3 (Prop_C6LUT_SLICEM_I1_O)
                                                      0.147    12.608 r  design_1_i/top_controller_0/inst/u_preprocessor/pred_data_out[pred_accel_y_1][7]_i_7/O
                         net (fo=1, routed)           0.147    12.755    design_1_i/top_controller_0/inst/u_preprocessor/pred_data_out[pred_accel_y_1][7]_i_7_n_0
    SLICE_X19Y87         CARRY8 (Prop_CARRY8_SLICEM_DI[2]_CO[7])
                                                      0.141    12.896 r  design_1_i/top_controller_0/inst/u_preprocessor/pred_data_out_reg[pred_accel_y_1][7]_i_1/CO[7]
                         net (fo=1, routed)           0.028    12.924    design_1_i/top_controller_0/inst/u_preprocessor/pred_data_out_reg[pred_accel_y_1][7]_i_1_n_0
    SLICE_X19Y88         CARRY8 (Prop_CARRY8_SLICEM_CI_O[0])
                                                      0.072    12.996 r  design_1_i/top_controller_0/inst/u_preprocessor/pred_data_out_reg[pred_accel_y_1][11]_i_1/O[0]
                         net (fo=1, routed)           0.030    13.026    design_1_i/top_controller_0/inst/u_preprocessor/pred_data_out_reg[pred_accel_y_1][11]_i_1_n_15
    SLICE_X19Y88         FDRE                                         r  design_1_i/top_controller_0/inst/u_preprocessor/pred_data_out_reg[pred_accel_y_1][8]/D
  -------------------------------------------------------------------    -------------------

                         (clock clk_pl_0 rise edge)
                                                     11.250    11.250 r  
    PS8_X0Y0             PS8                          0.000    11.250 r  design_1_i/zynq_ultra_ps_e_0/inst/PS8_i/PLCLK[0]
                         net (fo=1, routed)           0.140    11.390    design_1_i/zynq_ultra_ps_e_0/inst/pl_clk_unbuffered[0]
    BUFG_PS_X0Y58        BUFG_PS (Prop_BUFG_PS_I_O)
                                                      0.027    11.417 r  design_1_i/zynq_ultra_ps_e_0/inst/buffer_pl_clk_0.PL_CLK_0_BUFG/O
    X0Y1 (CLOCK_ROOT)    net (fo=6532, routed)        1.760    13.177    design_1_i/top_controller_0/inst/u_preprocessor/S_AXI_ACLK
    SLICE_X19Y88         FDRE                                         r  design_1_i/top_controller_0/inst/u_preprocessor/pred_data_out_reg[pred_accel_y_1][8]/C
                         clock pessimism              0.143    13.320    
                         clock uncertainty           -0.182    13.139    
    SLICE_X19Y88         FDRE (Setup_AFF_SLICEM_C_D)
                                                      0.027    13.166    design_1_i/top_controller_0/inst/u_preprocessor/pred_data_out_reg[pred_accel_y_1][8]
  -------------------------------------------------------------------
                         required time                         13.166    
                         arrival time                         -13.026    
  -------------------------------------------------------------------
                         slack                                  0.140    

Slack (MET) :             0.146ns  (required time - arrival time)
  Source:                 design_1_i/top_controller_0/inst/u_axi_slave/slv_reg3_reg[0]/C
                            (rising edge-triggered cell FDRE clocked by clk_pl_0  {rise@0.000ns fall@5.625ns period=11.250ns})
  Destination:            design_1_i/top_controller_0/inst/u_preprocessor/pred_data_out_reg[pred_accel_y_1][7]/D
                            (rising edge-triggered cell FDRE clocked by clk_pl_0  {rise@0.000ns fall@5.625ns period=11.250ns})
  Path Group:             clk_pl_0
  Path Type:              Setup (Max at Slow Process Corner)
  Requirement:            11.250ns  (clk_pl_0 rise@11.250ns - clk_pl_0 rise@0.000ns)
  Data Path Delay:        11.244ns  (logic 7.616ns (67.736%)  route 3.628ns (32.264%))
  Logic Levels:           33  (CARRY8=2 DSP_A_B_DATA=3 DSP_ALU=3 DSP_M_DATA=3 DSP_MULTIPLIER=3 DSP_OUTPUT=3 DSP_PREADD_DATA=3 LUT3=1 LUT4=1 LUT5=2 LUT6=9)
  Clock Path Skew:        0.294ns (DCD - SCD + CPR)
    Destination Clock Delay (DCD):    1.929ns = ( 13.179 - 11.250 ) 
    Source Clock Delay      (SCD):    1.778ns
    Clock Pessimism Removal (CPR):    0.143ns
  Clock Uncertainty:      0.182ns  ((TSJ^2 + DJ^2)^1/2) / 2 + PE
    Total System Jitter     (TSJ):    0.071ns
    Discrete Jitter          (DJ):    0.356ns
    Phase Error              (PE):    0.000ns
  Clock Net Delay (Source):      1.571ns (routing 0.638ns, distribution 0.933ns)
  Clock Net Delay (Destination): 1.762ns (routing 0.576ns, distribution 1.186ns)

    Location             Delay type                Incr(ns)  Path(ns)    Netlist Resource(s)
  -------------------------------------------------------------------    -------------------
                         (clock clk_pl_0 rise edge)
                                                      0.000     0.000 r  
    PS8_X0Y0             PS8                          0.000     0.000 r  design_1_i/zynq_ultra_ps_e_0/inst/PS8_i/PLCLK[0]
                         net (fo=1, routed)           0.178     0.178    design_1_i/zynq_ultra_ps_e_0/inst/pl_clk_unbuffered[0]
    BUFG_PS_X0Y58        BUFG_PS (Prop_BUFG_PS_I_O)
                                                      0.029     0.207 r  design_1_i/zynq_ultra_ps_e_0/inst/buffer_pl_clk_0.PL_CLK_0_BUFG/O
    X0Y1 (CLOCK_ROOT)    net (fo=6532, routed)        1.571     1.778    design_1_i/top_controller_0/inst/u_axi_slave/S_AXI_ACLK
    SLICE_X28Y87         FDRE                                         r  design_1_i/top_controller_0/inst/u_axi_slave/slv_reg3_reg[0]/C
  -------------------------------------------------------------------    -------------------
    SLICE_X28Y87         FDRE (Prop_HFF_SLICEM_C_Q)
                                                      0.096     1.874 f  design_1_i/top_controller_0/inst/u_axi_slave/slv_reg3_reg[0]/Q
                         net (fo=14, routed)          0.136     2.010    design_1_i/top_controller_0/inst/u_axi_slave/Q[0]
    SLICE_X28Y86         LUT6 (Prop_A6LUT_SLICEM_I2_O)
                                                      0.179     2.189 f  design_1_i/top_controller_0/inst/u_axi_slave/g0_b0__3_i_6/O
                         net (fo=6, routed)           0.115     2.304    design_1_i/top_controller_0/inst/u_axi_slave/g0_b0__3_i_6_n_0
    SLICE_X28Y87         LUT6 (Prop_C6LUT_SLICEM_I3_O)
                                                      0.113     2.417 f  design_1_i/top_controller_0/inst/u_axi_slave/g0_b0__3_i_10/O
                         net (fo=4, routed)           0.073     2.490    design_1_i/top_controller_0/inst/u_axi_slave/g0_b0__3_i_10_n_0
    SLICE_X28Y86         LUT6 (Prop_H6LUT_SLICEM_I2_O)
                                                      0.041     2.531 r  design_1_i/top_controller_0/inst/u_axi_slave/consistency_cnt[31]_i_18__10/O
                         net (fo=2, routed)           0.132     2.663    design_1_i/top_controller_0/inst/u_axi_slave/consistency_cnt[31]_i_18__10_n_0
    SLICE_X28Y85         LUT6 (Prop_F6LUT_SLICEM_I0_O)
                                                      0.177     2.840 r  design_1_i/top_controller_0/inst/u_axi_slave/g0_b0__3_i_7/O
                         net (fo=11, routed)          0.116     2.956    design_1_i/top_controller_0/inst/u_axi_slave/g0_b0__3_i_7_n_0
    SLICE_X28Y86         LUT5 (Prop_C6LUT_SLICEM_I4_O)
                                                      0.098     3.054 r  design_1_i/top_controller_0/inst/u_axi_slave/g0_b0__3_i_1/O
                         net (fo=81, routed)          0.315     3.369    design_1_i/top_controller_0/inst/u_axi_slave_n_604
    SLICE_X28Y87         LUT5 (Prop_A6LUT_SLICEM_I0_O)
                                                      0.116     3.485 r  design_1_i/top_controller_0/inst/g0_b0__3/O
                         net (fo=7, routed)           0.195     3.680    design_1_i/top_controller_0/inst/g0_b0__3_n_0
    SLICE_X27Y86         LUT6 (Prop_A6LUT_SLICEL_I5_O)
                                                      0.100     3.780 r  design_1_i/top_controller_0/inst/g0_b0__4__0/O
                         net (fo=1, routed)           0.011     3.791    design_1_i/top_controller_0/inst/u_axi_slave/DSP_A_B_DATA_INST_8[0]
    SLICE_X27Y86         CARRY8 (Prop_CARRY8_SLICEL_S[0]_O[6])
                                                      0.279     4.070 f  design_1_i/top_controller_0/inst/u_axi_slave/p_0_out__3_i_9/O[6]
                         net (fo=1, routed)           0.378     4.448    design_1_i/top_controller_0/inst/u_preprocessor/p_0_out__3/A[6]
    DSP48E2_X2Y35        DSP_A_B_DATA (Prop_DSP_A_B_DATA_DSP48E2_A[6]_A2_DATA[6])
                                                      0.241     4.689 r  design_1_i/top_controller_0/inst/u_preprocessor/p_0_out__3/DSP_A_B_DATA_INST/A2_DATA[6]
                         net (fo=1, routed)           0.000     4.689    design_1_i/top_controller_0/inst/u_preprocessor/p_0_out__3/DSP_A_B_DATA.A2_DATA<6>
    DSP48E2_X2Y35        DSP_PREADD_DATA (Prop_DSP_PREADD_DATA_DSP48E2_A2_DATA[6]_A2A1[6])
                                                      0.098     4.787 r  design_1_i/top_controller_0/inst/u_preprocessor/p_0_out__3/DSP_PREADD_DATA_INST/A2A1[6]
                         net (fo=1, routed)           0.000     4.787    design_1_i/top_controller_0/inst/u_preprocessor/p_0_out__3/DSP_PREADD_DATA.A2A1<6>
    DSP48E2_X2Y35        DSP_MULTIPLIER (Prop_DSP_MULTIPLIER_DSP48E2_A2A1[6]_U[7])
                                                      0.647     5.434 f  design_1_i/top_controller_0/inst/u_preprocessor/p_0_out__3/DSP_MULTIPLIER_INST/U[7]
                         net (fo=1, routed)           0.000     5.434    design_1_i/top_controller_0/inst/u_preprocessor/p_0_out__3/DSP_MULTIPLIER.U<7>
    DSP48E2_X2Y35        DSP_M_DATA (Prop_DSP_M_DATA_DSP48E2_U[7]_U_DATA[7])
                                                      0.059     5.493 r  design_1_i/top_controller_0/inst/u_preprocessor/p_0_out__3/DSP_M_DATA_INST/U_DATA[7]
                         net (fo=1, routed)           0.000     5.493    design_1_i/top_controller_0/inst/u_preprocessor/p_0_out__3/DSP_M_DATA.U_DATA<7>
    DSP48E2_X2Y35        DSP_ALU (Prop_DSP_ALU_DSP48E2_U_DATA[7]_ALU_OUT[7])
                                                      0.699     6.192 f  design_1_i/top_controller_0/inst/u_preprocessor/p_0_out__3/DSP_ALU_INST/ALU_OUT[7]
                         net (fo=1, routed)           0.000     6.192    design_1_i/top_controller_0/inst/u_preprocessor/p_0_out__3/DSP_ALU.ALU_OUT<7>
    DSP48E2_X2Y35        DSP_OUTPUT (Prop_DSP_OUTPUT_DSP48E2_ALU_OUT[7]_P[7])
                                                      0.141     6.333 r  design_1_i/top_controller_0/inst/u_preprocessor/p_0_out__3/DSP_OUTPUT_INST/P[7]
                         net (fo=6, routed)           0.426     6.759    design_1_i/top_controller_0/inst/u_axi_slave/p_0_out__4_i_8_0[0]
    SLICE_X28Y86         LUT6 (Prop_E6LUT_SLICEM_I5_O)
                                                      0.063     6.822 r  design_1_i/top_controller_0/inst/u_axi_slave/p_0_out__4_i_21/O
                         net (fo=3, routed)           0.209     7.031    design_1_i/top_controller_0/inst/u_axi_slave/p_0_out__4_i_21_n_0
    SLICE_X23Y86         LUT6 (Prop_E6LUT_SLICEL_I0_O)
                                                      0.176     7.207 r  design_1_i/top_controller_0/inst/u_axi_slave/p_0_out__4_i_18/O
                         net (fo=4, routed)           0.165     7.373    design_1_i/top_controller_0/inst/u_axi_slave/p_0_out__4_i_18_n_0
    SLICE_X22Y85         LUT6 (Prop_D6LUT_SLICEL_I5_O)
                                                      0.039     7.412 f  design_1_i/top_controller_0/inst/u_axi_slave/p_0_out__4_i_16/O
                         net (fo=3, routed)           0.050     7.462    design_1_i/top_controller_0/inst/u_axi_slave/p_0_out__4_i_16_n_0
    SLICE_X22Y85         LUT6 (Prop_F6LUT_SLICEL_I1_O)
                                                      0.039     7.501 r  design_1_i/top_controller_0/inst/u_axi_slave/p_0_out__4_i_14/O
                         net (fo=2, routed)           0.100     7.601    design_1_i/top_controller_0/inst/u_axi_slave/p_0_out__4_i_14_n_0
    SLICE_X22Y86         LUT4 (Prop_F6LUT_SLICEL_I3_O)
                                                      0.062     7.663 f  design_1_i/top_controller_0/inst/u_axi_slave/p_0_out__4_i_1/O
                         net (fo=19, routed)          0.337     8.000    design_1_i/top_controller_0/inst/u_preprocessor/p_0_out__4/A[11]
    DSP48E2_X1Y34        DSP_A_B_DATA (Prop_DSP_A_B_DATA_DSP48E2_A[11]_A2_DATA[11])
                                                      0.241     8.241 r  design_1_i/top_controller_0/inst/u_preprocessor/p_0_out__4/DSP_A_B_DATA_INST/A2_DATA[11]
                         net (fo=1, routed)           0.000     8.241    design_1_i/top_controller_0/inst/u_preprocessor/p_0_out__4/DSP_A_B_DATA.A2_DATA<11>
    DSP48E2_X1Y34        DSP_PREADD_DATA (Prop_DSP_PREADD_DATA_DSP48E2_A2_DATA[11]_A2A1[11])
                                                      0.098     8.339 r  design_1_i/top_controller_0/inst/u_preprocessor/p_0_out__4/DSP_PREADD_DATA_INST/A2A1[11]
                         net (fo=1, routed)           0.000     8.339    design_1_i/top_controller_0/inst/u_preprocessor/p_0_out__4/DSP_PREADD_DATA.A2A1<11>
    DSP48E2_X1Y34        DSP_MULTIPLIER (Prop_DSP_MULTIPLIER_DSP48E2_A2A1[11]_U[12])
                                                      0.647     8.986 f  design_1_i/top_controller_0/inst/u_preprocessor/p_0_out__4/DSP_MULTIPLIER_INST/U[12]
                         net (fo=1, routed)           0.000     8.986    design_1_i/top_controller_0/inst/u_preprocessor/p_0_out__4/DSP_MULTIPLIER.U<12>
    DSP48E2_X1Y34        DSP_M_DATA (Prop_DSP_M_DATA_DSP48E2_U[12]_U_DATA[12])
                                                      0.059     9.045 r  design_1_i/top_controller_0/inst/u_preprocessor/p_0_out__4/DSP_M_DATA_INST/U_DATA[12]
                         net (fo=1, routed)           0.000     9.045    design_1_i/top_controller_0/inst/u_preprocessor/p_0_out__4/DSP_M_DATA.U_DATA<12>
    DSP48E2_X1Y34        DSP_ALU (Prop_DSP_ALU_DSP48E2_U_DATA[12]_ALU_OUT[12])
                                                      0.699     9.744 r  design_1_i/top_controller_0/inst/u_preprocessor/p_0_out__4/DSP_ALU_INST/ALU_OUT[12]
                         net (fo=1, routed)           0.000     9.744    design_1_i/top_controller_0/inst/u_preprocessor/p_0_out__4/DSP_ALU.ALU_OUT<12>
    DSP48E2_X1Y34        DSP_OUTPUT (Prop_DSP_OUTPUT_DSP48E2_ALU_OUT[12]_P[12])
                                                      0.141     9.885 f  design_1_i/top_controller_0/inst/u_preprocessor/p_0_out__4/DSP_OUTPUT_INST/P[12]
                         net (fo=1, routed)           0.391    10.276    design_1_i/top_controller_0/inst/u_preprocessor/p_0_out__6/A[12]
    DSP48E2_X1Y35        DSP_A_B_DATA (Prop_DSP_A_B_DATA_DSP48E2_A[12]_A2_DATA[12])
                                                      0.241    10.517 r  design_1_i/top_controller_0/inst/u_preprocessor/p_0_out__6/DSP_A_B_DATA_INST/A2_DATA[12]
                         net (fo=1, routed)           0.000    10.517    design_1_i/top_controller_0/inst/u_preprocessor/p_0_out__6/DSP_A_B_DATA.A2_DATA<12>
    DSP48E2_X1Y35        DSP_PREADD_DATA (Prop_DSP_PREADD_DATA_DSP48E2_A2_DATA[12]_A2A1[12])
                                                      0.098    10.615 r  design_1_i/top_controller_0/inst/u_preprocessor/p_0_out__6/DSP_PREADD_DATA_INST/A2A1[12]
                         net (fo=1, routed)           0.000    10.615    design_1_i/top_controller_0/inst/u_preprocessor/p_0_out__6/DSP_PREADD_DATA.A2A1<12>
    DSP48E2_X1Y35        DSP_MULTIPLIER (Prop_DSP_MULTIPLIER_DSP48E2_A2A1[12]_U[21])
                                                      0.647    11.262 f  design_1_i/top_controller_0/inst/u_preprocessor/p_0_out__6/DSP_MULTIPLIER_INST/U[21]
                         net (fo=1, routed)           0.000    11.262    design_1_i/top_controller_0/inst/u_preprocessor/p_0_out__6/DSP_MULTIPLIER.U<21>
    DSP48E2_X1Y35        DSP_M_DATA (Prop_DSP_M_DATA_DSP48E2_U[21]_U_DATA[21])
                                                      0.059    11.321 r  design_1_i/top_controller_0/inst/u_preprocessor/p_0_out__6/DSP_M_DATA_INST/U_DATA[21]
                         net (fo=1, routed)           0.000    11.321    design_1_i/top_controller_0/inst/u_preprocessor/p_0_out__6/DSP_M_DATA.U_DATA<21>
    DSP48E2_X1Y35        DSP_ALU (Prop_DSP_ALU_DSP48E2_U_DATA[21]_ALU_OUT[21])
                                                      0.699    12.020 f  design_1_i/top_controller_0/inst/u_preprocessor/p_0_out__6/DSP_ALU_INST/ALU_OUT[21]
                         net (fo=1, routed)           0.000    12.020    design_1_i/top_controller_0/inst/u_preprocessor/p_0_out__6/DSP_ALU.ALU_OUT<21>
    DSP48E2_X1Y35        DSP_OUTPUT (Prop_DSP_OUTPUT_DSP48E2_ALU_OUT[21]_P[21])
                                                      0.141    12.161 r  design_1_i/top_controller_0/inst/u_preprocessor/p_0_out__6/DSP_OUTPUT_INST/P[21]
                         net (fo=4, routed)           0.300    12.461    design_1_i/top_controller_0/inst/u_preprocessor/grav_y[1]
    SLICE_X19Y86         LUT3 (Prop_C6LUT_SLICEM_I1_O)
                                                      0.147    12.608 r  design_1_i/top_controller_0/inst/u_preprocessor/pred_data_out[pred_accel_y_1][7]_i_7/O
                         net (fo=1, routed)           0.147    12.755    design_1_i/top_controller_0/inst/u_preprocessor/pred_data_out[pred_accel_y_1][7]_i_7_n_0
    SLICE_X19Y87         CARRY8 (Prop_CARRY8_SLICEM_DI[2]_O[7])
                                                      0.236    12.991 r  design_1_i/top_controller_0/inst/u_preprocessor/pred_data_out_reg[pred_accel_y_1][7]_i_1/O[7]
                         net (fo=1, routed)           0.031    13.022    design_1_i/top_controller_0/inst/u_preprocessor/pred_data_out_reg[pred_accel_y_1][7]_i_1_n_8
    SLICE_X19Y87         FDRE                                         r  design_1_i/top_controller_0/inst/u_preprocessor/pred_data_out_reg[pred_accel_y_1][7]/D
  -------------------------------------------------------------------    -------------------

                         (clock clk_pl_0 rise edge)
                                                     11.250    11.250 r  
    PS8_X0Y0             PS8                          0.000    11.250 r  design_1_i/zynq_ultra_ps_e_0/inst/PS8_i/PLCLK[0]
                         net (fo=1, routed)           0.140    11.390    design_1_i/zynq_ultra_ps_e_0/inst/pl_clk_unbuffered[0]
    BUFG_PS_X0Y58        BUFG_PS (Prop_BUFG_PS_I_O)
                                                      0.027    11.417 r  design_1_i/zynq_ultra_ps_e_0/inst/buffer_pl_clk_0.PL_CLK_0_BUFG/O
    X0Y1 (CLOCK_ROOT)    net (fo=6532, routed)        1.762    13.179    design_1_i/top_controller_0/inst/u_preprocessor/S_AXI_ACLK
    SLICE_X19Y87         FDRE                                         r  design_1_i/top_controller_0/inst/u_preprocessor/pred_data_out_reg[pred_accel_y_1][7]/C
                         clock pessimism              0.143    13.322    
                         clock uncertainty           -0.182    13.141    
    SLICE_X19Y87         FDRE (Setup_HFF_SLICEM_C_D)
                                                      0.027    13.168    design_1_i/top_controller_0/inst/u_preprocessor/pred_data_out_reg[pred_accel_y_1][7]
  -------------------------------------------------------------------
                         required time                         13.168    
                         arrival time                         -13.022    
  -------------------------------------------------------------------
                         slack                                  0.146    

Slack (MET) :             0.149ns  (required time - arrival time)
  Source:                 design_1_i/top_controller_0/inst/u_axi_slave/slv_reg3_reg[0]/C
                            (rising edge-triggered cell FDRE clocked by clk_pl_0  {rise@0.000ns fall@5.625ns period=11.250ns})
  Destination:            design_1_i/top_controller_0/inst/u_preprocessor/pred_data_out_reg[pred_accel_y_1][5]/D
                            (rising edge-triggered cell FDRE clocked by clk_pl_0  {rise@0.000ns fall@5.625ns period=11.250ns})
  Path Group:             clk_pl_0
  Path Type:              Setup (Max at Slow Process Corner)
  Requirement:            11.250ns  (clk_pl_0 rise@11.250ns - clk_pl_0 rise@0.000ns)
  Data Path Delay:        11.241ns  (logic 7.613ns (67.727%)  route 3.628ns (32.273%))
  Logic Levels:           33  (CARRY8=2 DSP_A_B_DATA=3 DSP_ALU=3 DSP_M_DATA=3 DSP_MULTIPLIER=3 DSP_OUTPUT=3 DSP_PREADD_DATA=3 LUT3=1 LUT4=1 LUT5=2 LUT6=9)
  Clock Path Skew:        0.294ns (DCD - SCD + CPR)
    Destination Clock Delay (DCD):    1.929ns = ( 13.179 - 11.250 ) 
    Source Clock Delay      (SCD):    1.778ns
    Clock Pessimism Removal (CPR):    0.143ns
  Clock Uncertainty:      0.182ns  ((TSJ^2 + DJ^2)^1/2) / 2 + PE
    Total System Jitter     (TSJ):    0.071ns
    Discrete Jitter          (DJ):    0.356ns
    Phase Error              (PE):    0.000ns
  Clock Net Delay (Source):      1.571ns (routing 0.638ns, distribution 0.933ns)
  Clock Net Delay (Destination): 1.762ns (routing 0.576ns, distribution 1.186ns)

    Location             Delay type                Incr(ns)  Path(ns)    Netlist Resource(s)
  -------------------------------------------------------------------    -------------------
                         (clock clk_pl_0 rise edge)
                                                      0.000     0.000 r  
    PS8_X0Y0             PS8                          0.000     0.000 r  design_1_i/zynq_ultra_ps_e_0/inst/PS8_i/PLCLK[0]
                         net (fo=1, routed)           0.178     0.178    design_1_i/zynq_ultra_ps_e_0/inst/pl_clk_unbuffered[0]
    BUFG_PS_X0Y58        BUFG_PS (Prop_BUFG_PS_I_O)
                                                      0.029     0.207 r  design_1_i/zynq_ultra_ps_e_0/inst/buffer_pl_clk_0.PL_CLK_0_BUFG/O
    X0Y1 (CLOCK_ROOT)    net (fo=6532, routed)        1.571     1.778    design_1_i/top_controller_0/inst/u_axi_slave/S_AXI_ACLK
    SLICE_X28Y87         FDRE                                         r  design_1_i/top_controller_0/inst/u_axi_slave/slv_reg3_reg[0]/C
  -------------------------------------------------------------------    -------------------
    SLICE_X28Y87         FDRE (Prop_HFF_SLICEM_C_Q)
                                                      0.096     1.874 f  design_1_i/top_controller_0/inst/u_axi_slave/slv_reg3_reg[0]/Q
                         net (fo=14, routed)          0.136     2.010    design_1_i/top_controller_0/inst/u_axi_slave/Q[0]
    SLICE_X28Y86         LUT6 (Prop_A6LUT_SLICEM_I2_O)
                                                      0.179     2.189 f  design_1_i/top_controller_0/inst/u_axi_slave/g0_b0__3_i_6/O
                         net (fo=6, routed)           0.115     2.304    design_1_i/top_controller_0/inst/u_axi_slave/g0_b0__3_i_6_n_0
    SLICE_X28Y87         LUT6 (Prop_C6LUT_SLICEM_I3_O)
                                                      0.113     2.417 f  design_1_i/top_controller_0/inst/u_axi_slave/g0_b0__3_i_10/O
                         net (fo=4, routed)           0.073     2.490    design_1_i/top_controller_0/inst/u_axi_slave/g0_b0__3_i_10_n_0
    SLICE_X28Y86         LUT6 (Prop_H6LUT_SLICEM_I2_O)
                                                      0.041     2.531 r  design_1_i/top_controller_0/inst/u_axi_slave/consistency_cnt[31]_i_18__10/O
                         net (fo=2, routed)           0.132     2.663    design_1_i/top_controller_0/inst/u_axi_slave/consistency_cnt[31]_i_18__10_n_0
    SLICE_X28Y85         LUT6 (Prop_F6LUT_SLICEM_I0_O)
                                                      0.177     2.840 r  design_1_i/top_controller_0/inst/u_axi_slave/g0_b0__3_i_7/O
                         net (fo=11, routed)          0.116     2.956    design_1_i/top_controller_0/inst/u_axi_slave/g0_b0__3_i_7_n_0
    SLICE_X28Y86         LUT5 (Prop_C6LUT_SLICEM_I4_O)
                                                      0.098     3.054 r  design_1_i/top_controller_0/inst/u_axi_slave/g0_b0__3_i_1/O
                         net (fo=81, routed)          0.315     3.369    design_1_i/top_controller_0/inst/u_axi_slave_n_604
    SLICE_X28Y87         LUT5 (Prop_A6LUT_SLICEM_I0_O)
                                                      0.116     3.485 r  design_1_i/top_controller_0/inst/g0_b0__3/O
                         net (fo=7, routed)           0.195     3.680    design_1_i/top_controller_0/inst/g0_b0__3_n_0
    SLICE_X27Y86         LUT6 (Prop_A6LUT_SLICEL_I5_O)
                                                      0.100     3.780 r  design_1_i/top_controller_0/inst/g0_b0__4__0/O
                         net (fo=1, routed)           0.011     3.791    design_1_i/top_controller_0/inst/u_axi_slave/DSP_A_B_DATA_INST_8[0]
    SLICE_X27Y86         CARRY8 (Prop_CARRY8_SLICEL_S[0]_O[6])
                                                      0.279     4.070 f  design_1_i/top_controller_0/inst/u_axi_slave/p_0_out__3_i_9/O[6]
                         net (fo=1, routed)           0.378     4.448    design_1_i/top_controller_0/inst/u_preprocessor/p_0_out__3/A[6]
    DSP48E2_X2Y35        DSP_A_B_DATA (Prop_DSP_A_B_DATA_DSP48E2_A[6]_A2_DATA[6])
                                                      0.241     4.689 r  design_1_i/top_controller_0/inst/u_preprocessor/p_0_out__3/DSP_A_B_DATA_INST/A2_DATA[6]
                         net (fo=1, routed)           0.000     4.689    design_1_i/top_controller_0/inst/u_preprocessor/p_0_out__3/DSP_A_B_DATA.A2_DATA<6>
    DSP48E2_X2Y35        DSP_PREADD_DATA (Prop_DSP_PREADD_DATA_DSP48E2_A2_DATA[6]_A2A1[6])
                                                      0.098     4.787 r  design_1_i/top_controller_0/inst/u_preprocessor/p_0_out__3/DSP_PREADD_DATA_INST/A2A1[6]
                         net (fo=1, routed)           0.000     4.787    design_1_i/top_controller_0/inst/u_preprocessor/p_0_out__3/DSP_PREADD_DATA.A2A1<6>
    DSP48E2_X2Y35        DSP_MULTIPLIER (Prop_DSP_MULTIPLIER_DSP48E2_A2A1[6]_U[7])
                                                      0.647     5.434 f  design_1_i/top_controller_0/inst/u_preprocessor/p_0_out__3/DSP_MULTIPLIER_INST/U[7]
                         net (fo=1, routed)           0.000     5.434    design_1_i/top_controller_0/inst/u_preprocessor/p_0_out__3/DSP_MULTIPLIER.U<7>
    DSP48E2_X2Y35        DSP_M_DATA (Prop_DSP_M_DATA_DSP48E2_U[7]_U_DATA[7])
                                                      0.059     5.493 r  design_1_i/top_controller_0/inst/u_preprocessor/p_0_out__3/DSP_M_DATA_INST/U_DATA[7]
                         net (fo=1, routed)           0.000     5.493    design_1_i/top_controller_0/inst/u_preprocessor/p_0_out__3/DSP_M_DATA.U_DATA<7>
    DSP48E2_X2Y35        DSP_ALU (Prop_DSP_ALU_DSP48E2_U_DATA[7]_ALU_OUT[7])
                                                      0.699     6.192 f  design_1_i/top_controller_0/inst/u_preprocessor/p_0_out__3/DSP_ALU_INST/ALU_OUT[7]
                         net (fo=1, routed)           0.000     6.192    design_1_i/top_controller_0/inst/u_preprocessor/p_0_out__3/DSP_ALU.ALU_OUT<7>
    DSP48E2_X2Y35        DSP_OUTPUT (Prop_DSP_OUTPUT_DSP48E2_ALU_OUT[7]_P[7])
                                                      0.141     6.333 r  design_1_i/top_controller_0/inst/u_preprocessor/p_0_out__3/DSP_OUTPUT_INST/P[7]
                         net (fo=6, routed)           0.426     6.759    design_1_i/top_controller_0/inst/u_axi_slave/p_0_out__4_i_8_0[0]
    SLICE_X28Y86         LUT6 (Prop_E6LUT_SLICEM_I5_O)
                                                      0.063     6.822 r  design_1_i/top_controller_0/inst/u_axi_slave/p_0_out__4_i_21/O
                         net (fo=3, routed)           0.209     7.031    design_1_i/top_controller_0/inst/u_axi_slave/p_0_out__4_i_21_n_0
    SLICE_X23Y86         LUT6 (Prop_E6LUT_SLICEL_I0_O)
                                                      0.176     7.207 r  design_1_i/top_controller_0/inst/u_axi_slave/p_0_out__4_i_18/O
                         net (fo=4, routed)           0.165     7.373    design_1_i/top_controller_0/inst/u_axi_slave/p_0_out__4_i_18_n_0
    SLICE_X22Y85         LUT6 (Prop_D6LUT_SLICEL_I5_O)
                                                      0.039     7.412 f  design_1_i/top_controller_0/inst/u_axi_slave/p_0_out__4_i_16/O
                         net (fo=3, routed)           0.050     7.462    design_1_i/top_controller_0/inst/u_axi_slave/p_0_out__4_i_16_n_0
    SLICE_X22Y85         LUT6 (Prop_F6LUT_SLICEL_I1_O)
                                                      0.039     7.501 r  design_1_i/top_controller_0/inst/u_axi_slave/p_0_out__4_i_14/O
                         net (fo=2, routed)           0.100     7.601    design_1_i/top_controller_0/inst/u_axi_slave/p_0_out__4_i_14_n_0
    SLICE_X22Y86         LUT4 (Prop_F6LUT_SLICEL_I3_O)
                                                      0.062     7.663 f  design_1_i/top_controller_0/inst/u_axi_slave/p_0_out__4_i_1/O
                         net (fo=19, routed)          0.337     8.000    design_1_i/top_controller_0/inst/u_preprocessor/p_0_out__4/A[11]
    DSP48E2_X1Y34        DSP_A_B_DATA (Prop_DSP_A_B_DATA_DSP48E2_A[11]_A2_DATA[11])
                                                      0.241     8.241 r  design_1_i/top_controller_0/inst/u_preprocessor/p_0_out__4/DSP_A_B_DATA_INST/A2_DATA[11]
                         net (fo=1, routed)           0.000     8.241    design_1_i/top_controller_0/inst/u_preprocessor/p_0_out__4/DSP_A_B_DATA.A2_DATA<11>
    DSP48E2_X1Y34        DSP_PREADD_DATA (Prop_DSP_PREADD_DATA_DSP48E2_A2_DATA[11]_A2A1[11])
                                                      0.098     8.339 r  design_1_i/top_controller_0/inst/u_preprocessor/p_0_out__4/DSP_PREADD_DATA_INST/A2A1[11]
                         net (fo=1, routed)           0.000     8.339    design_1_i/top_controller_0/inst/u_preprocessor/p_0_out__4/DSP_PREADD_DATA.A2A1<11>
    DSP48E2_X1Y34        DSP_MULTIPLIER (Prop_DSP_MULTIPLIER_DSP48E2_A2A1[11]_U[12])
                                                      0.647     8.986 f  design_1_i/top_controller_0/inst/u_preprocessor/p_0_out__4/DSP_MULTIPLIER_INST/U[12]
                         net (fo=1, routed)           0.000     8.986    design_1_i/top_controller_0/inst/u_preprocessor/p_0_out__4/DSP_MULTIPLIER.U<12>
    DSP48E2_X1Y34        DSP_M_DATA (Prop_DSP_M_DATA_DSP48E2_U[12]_U_DATA[12])
                                                      0.059     9.045 r  design_1_i/top_controller_0/inst/u_preprocessor/p_0_out__4/DSP_M_DATA_INST/U_DATA[12]
                         net (fo=1, routed)           0.000     9.045    design_1_i/top_controller_0/inst/u_preprocessor/p_0_out__4/DSP_M_DATA.U_DATA<12>
    DSP48E2_X1Y34        DSP_ALU (Prop_DSP_ALU_DSP48E2_U_DATA[12]_ALU_OUT[12])
                                                      0.699     9.744 r  design_1_i/top_controller_0/inst/u_preprocessor/p_0_out__4/DSP_ALU_INST/ALU_OUT[12]
                         net (fo=1, routed)           0.000     9.744    design_1_i/top_controller_0/inst/u_preprocessor/p_0_out__4/DSP_ALU.ALU_OUT<12>
    DSP48E2_X1Y34        DSP_OUTPUT (Prop_DSP_OUTPUT_DSP48E2_ALU_OUT[12]_P[12])
                                                      0.141     9.885 f  design_1_i/top_controller_0/inst/u_preprocessor/p_0_out__4/DSP_OUTPUT_INST/P[12]
                         net (fo=1, routed)           0.391    10.276    design_1_i/top_controller_0/inst/u_preprocessor/p_0_out__6/A[12]
    DSP48E2_X1Y35        DSP_A_B_DATA (Prop_DSP_A_B_DATA_DSP48E2_A[12]_A2_DATA[12])
                                                      0.241    10.517 r  design_1_i/top_controller_0/inst/u_preprocessor/p_0_out__6/DSP_A_B_DATA_INST/A2_DATA[12]
                         net (fo=1, routed)           0.000    10.517    design_1_i/top_controller_0/inst/u_preprocessor/p_0_out__6/DSP_A_B_DATA.A2_DATA<12>
    DSP48E2_X1Y35        DSP_PREADD_DATA (Prop_DSP_PREADD_DATA_DSP48E2_A2_DATA[12]_A2A1[12])
                                                      0.098    10.615 r  design_1_i/top_controller_0/inst/u_preprocessor/p_0_out__6/DSP_PREADD_DATA_INST/A2A1[12]
                         net (fo=1, routed)           0.000    10.615    design_1_i/top_controller_0/inst/u_preprocessor/p_0_out__6/DSP_PREADD_DATA.A2A1<12>
    DSP48E2_X1Y35        DSP_MULTIPLIER (Prop_DSP_MULTIPLIER_DSP48E2_A2A1[12]_U[21])
                                                      0.647    11.262 f  design_1_i/top_controller_0/inst/u_preprocessor/p_0_out__6/DSP_MULTIPLIER_INST/U[21]
                         net (fo=1, routed)           0.000    11.262    design_1_i/top_controller_0/inst/u_preprocessor/p_0_out__6/DSP_MULTIPLIER.U<21>
    DSP48E2_X1Y35        DSP_M_DATA (Prop_DSP_M_DATA_DSP48E2_U[21]_U_DATA[21])
                                                      0.059    11.321 r  design_1_i/top_controller_0/inst/u_preprocessor/p_0_out__6/DSP_M_DATA_INST/U_DATA[21]
                         net (fo=1, routed)           0.000    11.321    design_1_i/top_controller_0/inst/u_preprocessor/p_0_out__6/DSP_M_DATA.U_DATA<21>
    DSP48E2_X1Y35        DSP_ALU (Prop_DSP_ALU_DSP48E2_U_DATA[21]_ALU_OUT[21])
                                                      0.699    12.020 f  design_1_i/top_controller_0/inst/u_preprocessor/p_0_out__6/DSP_ALU_INST/ALU_OUT[21]
                         net (fo=1, routed)           0.000    12.020    design_1_i/top_controller_0/inst/u_preprocessor/p_0_out__6/DSP_ALU.ALU_OUT<21>
    DSP48E2_X1Y35        DSP_OUTPUT (Prop_DSP_OUTPUT_DSP48E2_ALU_OUT[21]_P[21])
                                                      0.141    12.161 r  design_1_i/top_controller_0/inst/u_preprocessor/p_0_out__6/DSP_OUTPUT_INST/P[21]
                         net (fo=4, routed)           0.300    12.461    design_1_i/top_controller_0/inst/u_preprocessor/grav_y[1]
    SLICE_X19Y86         LUT3 (Prop_C6LUT_SLICEM_I1_O)
                                                      0.147    12.608 r  design_1_i/top_controller_0/inst/u_preprocessor/pred_data_out[pred_accel_y_1][7]_i_7/O
                         net (fo=1, routed)           0.147    12.755    design_1_i/top_controller_0/inst/u_preprocessor/pred_data_out[pred_accel_y_1][7]_i_7_n_0
    SLICE_X19Y87         CARRY8 (Prop_CARRY8_SLICEM_DI[2]_O[5])
                                                      0.233    12.988 r  design_1_i/top_controller_0/inst/u_preprocessor/pred_data_out_reg[pred_accel_y_1][7]_i_1/O[5]
                         net (fo=1, routed)           0.031    13.019    design_1_i/top_controller_0/inst/u_preprocessor/pred_data_out_reg[pred_accel_y_1][7]_i_1_n_10
    SLICE_X19Y87         FDRE                                         r  design_1_i/top_controller_0/inst/u_preprocessor/pred_data_out_reg[pred_accel_y_1][5]/D
  -------------------------------------------------------------------    -------------------

                         (clock clk_pl_0 rise edge)
                                                     11.250    11.250 r  
    PS8_X0Y0             PS8                          0.000    11.250 r  design_1_i/zynq_ultra_ps_e_0/inst/PS8_i/PLCLK[0]
                         net (fo=1, routed)           0.140    11.390    design_1_i/zynq_ultra_ps_e_0/inst/pl_clk_unbuffered[0]
    BUFG_PS_X0Y58        BUFG_PS (Prop_BUFG_PS_I_O)
                                                      0.027    11.417 r  design_1_i/zynq_ultra_ps_e_0/inst/buffer_pl_clk_0.PL_CLK_0_BUFG/O
    X0Y1 (CLOCK_ROOT)    net (fo=6532, routed)        1.762    13.179    design_1_i/top_controller_0/inst/u_preprocessor/S_AXI_ACLK
    SLICE_X19Y87         FDRE                                         r  design_1_i/top_controller_0/inst/u_preprocessor/pred_data_out_reg[pred_accel_y_1][5]/C
                         clock pessimism              0.143    13.322    
                         clock uncertainty           -0.182    13.141    
    SLICE_X19Y87         FDRE (Setup_FFF_SLICEM_C_D)
                                                      0.027    13.168    design_1_i/top_controller_0/inst/u_preprocessor/pred_data_out_reg[pred_accel_y_1][5]
  -------------------------------------------------------------------
                         required time                         13.168    
                         arrival time                         -13.019    
  -------------------------------------------------------------------
                         slack                                  0.149    

Slack (MET) :             0.163ns  (required time - arrival time)
  Source:                 design_1_i/top_controller_0/inst/u_axi_slave/slv_reg3_reg[0]/C
                            (rising edge-triggered cell FDRE clocked by clk_pl_0  {rise@0.000ns fall@5.625ns period=11.250ns})
  Destination:            design_1_i/top_controller_0/inst/u_preprocessor/pred_data_out_reg[pred_accel_y_1][6]/D
                            (rising edge-triggered cell FDRE clocked by clk_pl_0  {rise@0.000ns fall@5.625ns period=11.250ns})
  Path Group:             clk_pl_0
  Path Type:              Setup (Max at Slow Process Corner)
  Requirement:            11.250ns  (clk_pl_0 rise@11.250ns - clk_pl_0 rise@0.000ns)
  Data Path Delay:        11.227ns  (logic 7.598ns (67.678%)  route 3.629ns (32.322%))
  Logic Levels:           33  (CARRY8=2 DSP_A_B_DATA=3 DSP_ALU=3 DSP_M_DATA=3 DSP_MULTIPLIER=3 DSP_OUTPUT=3 DSP_PREADD_DATA=3 LUT3=1 LUT4=1 LUT5=2 LUT6=9)
  Clock Path Skew:        0.294ns (DCD - SCD + CPR)
    Destination Clock Delay (DCD):    1.929ns = ( 13.179 - 11.250 ) 
    Source Clock Delay      (SCD):    1.778ns
    Clock Pessimism Removal (CPR):    0.143ns
  Clock Uncertainty:      0.182ns  ((TSJ^2 + DJ^2)^1/2) / 2 + PE
    Total System Jitter     (TSJ):    0.071ns
    Discrete Jitter          (DJ):    0.356ns
    Phase Error              (PE):    0.000ns
  Clock Net Delay (Source):      1.571ns (routing 0.638ns, distribution 0.933ns)
  Clock Net Delay (Destination): 1.762ns (routing 0.576ns, distribution 1.186ns)

    Location             Delay type                Incr(ns)  Path(ns)    Netlist Resource(s)
  -------------------------------------------------------------------    -------------------
                         (clock clk_pl_0 rise edge)
                                                      0.000     0.000 r  
    PS8_X0Y0             PS8                          0.000     0.000 r  design_1_i/zynq_ultra_ps_e_0/inst/PS8_i/PLCLK[0]
                         net (fo=1, routed)           0.178     0.178    design_1_i/zynq_ultra_ps_e_0/inst/pl_clk_unbuffered[0]
    BUFG_PS_X0Y58        BUFG_PS (Prop_BUFG_PS_I_O)
                                                      0.029     0.207 r  design_1_i/zynq_ultra_ps_e_0/inst/buffer_pl_clk_0.PL_CLK_0_BUFG/O
    X0Y1 (CLOCK_ROOT)    net (fo=6532, routed)        1.571     1.778    design_1_i/top_controller_0/inst/u_axi_slave/S_AXI_ACLK
    SLICE_X28Y87         FDRE                                         r  design_1_i/top_controller_0/inst/u_axi_slave/slv_reg3_reg[0]/C
  -------------------------------------------------------------------    -------------------
    SLICE_X28Y87         FDRE (Prop_HFF_SLICEM_C_Q)
                                                      0.096     1.874 f  design_1_i/top_controller_0/inst/u_axi_slave/slv_reg3_reg[0]/Q
                         net (fo=14, routed)          0.136     2.010    design_1_i/top_controller_0/inst/u_axi_slave/Q[0]
    SLICE_X28Y86         LUT6 (Prop_A6LUT_SLICEM_I2_O)
                                                      0.179     2.189 f  design_1_i/top_controller_0/inst/u_axi_slave/g0_b0__3_i_6/O
                         net (fo=6, routed)           0.115     2.304    design_1_i/top_controller_0/inst/u_axi_slave/g0_b0__3_i_6_n_0
    SLICE_X28Y87         LUT6 (Prop_C6LUT_SLICEM_I3_O)
                                                      0.113     2.417 f  design_1_i/top_controller_0/inst/u_axi_slave/g0_b0__3_i_10/O
                         net (fo=4, routed)           0.073     2.490    design_1_i/top_controller_0/inst/u_axi_slave/g0_b0__3_i_10_n_0
    SLICE_X28Y86         LUT6 (Prop_H6LUT_SLICEM_I2_O)
                                                      0.041     2.531 r  design_1_i/top_controller_0/inst/u_axi_slave/consistency_cnt[31]_i_18__10/O
                         net (fo=2, routed)           0.132     2.663    design_1_i/top_controller_0/inst/u_axi_slave/consistency_cnt[31]_i_18__10_n_0
    SLICE_X28Y85         LUT6 (Prop_F6LUT_SLICEM_I0_O)
                                                      0.177     2.840 r  design_1_i/top_controller_0/inst/u_axi_slave/g0_b0__3_i_7/O
                         net (fo=11, routed)          0.116     2.956    design_1_i/top_controller_0/inst/u_axi_slave/g0_b0__3_i_7_n_0
    SLICE_X28Y86         LUT5 (Prop_C6LUT_SLICEM_I4_O)
                                                      0.098     3.054 r  design_1_i/top_controller_0/inst/u_axi_slave/g0_b0__3_i_1/O
                         net (fo=81, routed)          0.315     3.369    design_1_i/top_controller_0/inst/u_axi_slave_n_604
    SLICE_X28Y87         LUT5 (Prop_A6LUT_SLICEM_I0_O)
                                                      0.116     3.485 r  design_1_i/top_controller_0/inst/g0_b0__3/O
                         net (fo=7, routed)           0.195     3.680    design_1_i/top_controller_0/inst/g0_b0__3_n_0
    SLICE_X27Y86         LUT6 (Prop_A6LUT_SLICEL_I5_O)
                                                      0.100     3.780 r  design_1_i/top_controller_0/inst/g0_b0__4__0/O
                         net (fo=1, routed)           0.011     3.791    design_1_i/top_controller_0/inst/u_axi_slave/DSP_A_B_DATA_INST_8[0]
    SLICE_X27Y86         CARRY8 (Prop_CARRY8_SLICEL_S[0]_O[6])
                                                      0.279     4.070 f  design_1_i/top_controller_0/inst/u_axi_slave/p_0_out__3_i_9/O[6]
                         net (fo=1, routed)           0.378     4.448    design_1_i/top_controller_0/inst/u_preprocessor/p_0_out__3/A[6]
    DSP48E2_X2Y35        DSP_A_B_DATA (Prop_DSP_A_B_DATA_DSP48E2_A[6]_A2_DATA[6])
                                                      0.241     4.689 r  design_1_i/top_controller_0/inst/u_preprocessor/p_0_out__3/DSP_A_B_DATA_INST/A2_DATA[6]
                         net (fo=1, routed)           0.000     4.689    design_1_i/top_controller_0/inst/u_preprocessor/p_0_out__3/DSP_A_B_DATA.A2_DATA<6>
    DSP48E2_X2Y35        DSP_PREADD_DATA (Prop_DSP_PREADD_DATA_DSP48E2_A2_DATA[6]_A2A1[6])
                                                      0.098     4.787 r  design_1_i/top_controller_0/inst/u_preprocessor/p_0_out__3/DSP_PREADD_DATA_INST/A2A1[6]
                         net (fo=1, routed)           0.000     4.787    design_1_i/top_controller_0/inst/u_preprocessor/p_0_out__3/DSP_PREADD_DATA.A2A1<6>
    DSP48E2_X2Y35        DSP_MULTIPLIER (Prop_DSP_MULTIPLIER_DSP48E2_A2A1[6]_U[7])
                                                      0.647     5.434 f  design_1_i/top_controller_0/inst/u_preprocessor/p_0_out__3/DSP_MULTIPLIER_INST/U[7]
                         net (fo=1, routed)           0.000     5.434    design_1_i/top_controller_0/inst/u_preprocessor/p_0_out__3/DSP_MULTIPLIER.U<7>
    DSP48E2_X2Y35        DSP_M_DATA (Prop_DSP_M_DATA_DSP48E2_U[7]_U_DATA[7])
                                                      0.059     5.493 r  design_1_i/top_controller_0/inst/u_preprocessor/p_0_out__3/DSP_M_DATA_INST/U_DATA[7]
                         net (fo=1, routed)           0.000     5.493    design_1_i/top_controller_0/inst/u_preprocessor/p_0_out__3/DSP_M_DATA.U_DATA<7>
    DSP48E2_X2Y35        DSP_ALU (Prop_DSP_ALU_DSP48E2_U_DATA[7]_ALU_OUT[7])
                                                      0.699     6.192 f  design_1_i/top_controller_0/inst/u_preprocessor/p_0_out__3/DSP_ALU_INST/ALU_OUT[7]
                         net (fo=1, routed)           0.000     6.192    design_1_i/top_controller_0/inst/u_preprocessor/p_0_out__3/DSP_ALU.ALU_OUT<7>
    DSP48E2_X2Y35        DSP_OUTPUT (Prop_DSP_OUTPUT_DSP48E2_ALU_OUT[7]_P[7])
                                                      0.141     6.333 r  design_1_i/top_controller_0/inst/u_preprocessor/p_0_out__3/DSP_OUTPUT_INST/P[7]
                         net (fo=6, routed)           0.426     6.759    design_1_i/top_controller_0/inst/u_axi_slave/p_0_out__4_i_8_0[0]
    SLICE_X28Y86         LUT6 (Prop_E6LUT_SLICEM_I5_O)
                                                      0.063     6.822 r  design_1_i/top_controller_0/inst/u_axi_slave/p_0_out__4_i_21/O
                         net (fo=3, routed)           0.209     7.031    design_1_i/top_controller_0/inst/u_axi_slave/p_0_out__4_i_21_n_0
    SLICE_X23Y86         LUT6 (Prop_E6LUT_SLICEL_I0_O)
                                                      0.176     7.207 r  design_1_i/top_controller_0/inst/u_axi_slave/p_0_out__4_i_18/O
                         net (fo=4, routed)           0.165     7.373    design_1_i/top_controller_0/inst/u_axi_slave/p_0_out__4_i_18_n_0
    SLICE_X22Y85         LUT6 (Prop_D6LUT_SLICEL_I5_O)
                                                      0.039     7.412 f  design_1_i/top_controller_0/inst/u_axi_slave/p_0_out__4_i_16/O
                         net (fo=3, routed)           0.050     7.462    design_1_i/top_controller_0/inst/u_axi_slave/p_0_out__4_i_16_n_0
    SLICE_X22Y85         LUT6 (Prop_F6LUT_SLICEL_I1_O)
                                                      0.039     7.501 r  design_1_i/top_controller_0/inst/u_axi_slave/p_0_out__4_i_14/O
                         net (fo=2, routed)           0.100     7.601    design_1_i/top_controller_0/inst/u_axi_slave/p_0_out__4_i_14_n_0
    SLICE_X22Y86         LUT4 (Prop_F6LUT_SLICEL_I3_O)
                                                      0.062     7.663 f  design_1_i/top_controller_0/inst/u_axi_slave/p_0_out__4_i_1/O
                         net (fo=19, routed)          0.337     8.000    design_1_i/top_controller_0/inst/u_preprocessor/p_0_out__4/A[11]
    DSP48E2_X1Y34        DSP_A_B_DATA (Prop_DSP_A_B_DATA_DSP48E2_A[11]_A2_DATA[11])
                                                      0.241     8.241 r  design_1_i/top_controller_0/inst/u_preprocessor/p_0_out__4/DSP_A_B_DATA_INST/A2_DATA[11]
                         net (fo=1, routed)           0.000     8.241    design_1_i/top_controller_0/inst/u_preprocessor/p_0_out__4/DSP_A_B_DATA.A2_DATA<11>
    DSP48E2_X1Y34        DSP_PREADD_DATA (Prop_DSP_PREADD_DATA_DSP48E2_A2_DATA[11]_A2A1[11])
                                                      0.098     8.339 r  design_1_i/top_controller_0/inst/u_preprocessor/p_0_out__4/DSP_PREADD_DATA_INST/A2A1[11]
                         net (fo=1, routed)           0.000     8.339    design_1_i/top_controller_0/inst/u_preprocessor/p_0_out__4/DSP_PREADD_DATA.A2A1<11>
    DSP48E2_X1Y34        DSP_MULTIPLIER (Prop_DSP_MULTIPLIER_DSP48E2_A2A1[11]_U[12])
                                                      0.647     8.986 f  design_1_i/top_controller_0/inst/u_preprocessor/p_0_out__4/DSP_MULTIPLIER_INST/U[12]
                         net (fo=1, routed)           0.000     8.986    design_1_i/top_controller_0/inst/u_preprocessor/p_0_out__4/DSP_MULTIPLIER.U<12>
    DSP48E2_X1Y34        DSP_M_DATA (Prop_DSP_M_DATA_DSP48E2_U[12]_U_DATA[12])
                                                      0.059     9.045 r  design_1_i/top_controller_0/inst/u_preprocessor/p_0_out__4/DSP_M_DATA_INST/U_DATA[12]
                         net (fo=1, routed)           0.000     9.045    design_1_i/top_controller_0/inst/u_preprocessor/p_0_out__4/DSP_M_DATA.U_DATA<12>
    DSP48E2_X1Y34        DSP_ALU (Prop_DSP_ALU_DSP48E2_U_DATA[12]_ALU_OUT[12])
                                                      0.699     9.744 r  design_1_i/top_controller_0/inst/u_preprocessor/p_0_out__4/DSP_ALU_INST/ALU_OUT[12]
                         net (fo=1, routed)           0.000     9.744    design_1_i/top_controller_0/inst/u_preprocessor/p_0_out__4/DSP_ALU.ALU_OUT<12>
    DSP48E2_X1Y34        DSP_OUTPUT (Prop_DSP_OUTPUT_DSP48E2_ALU_OUT[12]_P[12])
                                                      0.141     9.885 f  design_1_i/top_controller_0/inst/u_preprocessor/p_0_out__4/DSP_OUTPUT_INST/P[12]
                         net (fo=1, routed)           0.391    10.276    design_1_i/top_controller_0/inst/u_preprocessor/p_0_out__6/A[12]
    DSP48E2_X1Y35        DSP_A_B_DATA (Prop_DSP_A_B_DATA_DSP48E2_A[12]_A2_DATA[12])
                                                      0.241    10.517 r  design_1_i/top_controller_0/inst/u_preprocessor/p_0_out__6/DSP_A_B_DATA_INST/A2_DATA[12]
                         net (fo=1, routed)           0.000    10.517    design_1_i/top_controller_0/inst/u_preprocessor/p_0_out__6/DSP_A_B_DATA.A2_DATA<12>
    DSP48E2_X1Y35        DSP_PREADD_DATA (Prop_DSP_PREADD_DATA_DSP48E2_A2_DATA[12]_A2A1[12])
                                                      0.098    10.615 r  design_1_i/top_controller_0/inst/u_preprocessor/p_0_out__6/DSP_PREADD_DATA_INST/A2A1[12]
                         net (fo=1, routed)           0.000    10.615    design_1_i/top_controller_0/inst/u_preprocessor/p_0_out__6/DSP_PREADD_DATA.A2A1<12>
    DSP48E2_X1Y35        DSP_MULTIPLIER (Prop_DSP_MULTIPLIER_DSP48E2_A2A1[12]_U[21])
                                                      0.647    11.262 f  design_1_i/top_controller_0/inst/u_preprocessor/p_0_out__6/DSP_MULTIPLIER_INST/U[21]
                         net (fo=1, routed)           0.000    11.262    design_1_i/top_controller_0/inst/u_preprocessor/p_0_out__6/DSP_MULTIPLIER.U<21>
    DSP48E2_X1Y35        DSP_M_DATA (Prop_DSP_M_DATA_DSP48E2_U[21]_U_DATA[21])
                                                      0.059    11.321 r  design_1_i/top_controller_0/inst/u_preprocessor/p_0_out__6/DSP_M_DATA_INST/U_DATA[21]
                         net (fo=1, routed)           0.000    11.321    design_1_i/top_controller_0/inst/u_preprocessor/p_0_out__6/DSP_M_DATA.U_DATA<21>
    DSP48E2_X1Y35        DSP_ALU (Prop_DSP_ALU_DSP48E2_U_DATA[21]_ALU_OUT[21])
                                                      0.699    12.020 f  design_1_i/top_controller_0/inst/u_preprocessor/p_0_out__6/DSP_ALU_INST/ALU_OUT[21]
                         net (fo=1, routed)           0.000    12.020    design_1_i/top_controller_0/inst/u_preprocessor/p_0_out__6/DSP_ALU.ALU_OUT<21>
    DSP48E2_X1Y35        DSP_OUTPUT (Prop_DSP_OUTPUT_DSP48E2_ALU_OUT[21]_P[21])
                                                      0.141    12.161 r  design_1_i/top_controller_0/inst/u_preprocessor/p_0_out__6/DSP_OUTPUT_INST/P[21]
                         net (fo=4, routed)           0.300    12.461    design_1_i/top_controller_0/inst/u_preprocessor/grav_y[1]
    SLICE_X19Y86         LUT3 (Prop_C6LUT_SLICEM_I1_O)
                                                      0.147    12.608 r  design_1_i/top_controller_0/inst/u_preprocessor/pred_data_out[pred_accel_y_1][7]_i_7/O
                         net (fo=1, routed)           0.147    12.755    design_1_i/top_controller_0/inst/u_preprocessor/pred_data_out[pred_accel_y_1][7]_i_7_n_0
    SLICE_X19Y87         CARRY8 (Prop_CARRY8_SLICEM_DI[2]_O[6])
                                                      0.218    12.973 r  design_1_i/top_controller_0/inst/u_preprocessor/pred_data_out_reg[pred_accel_y_1][7]_i_1/O[6]
                         net (fo=1, routed)           0.032    13.005    design_1_i/top_controller_0/inst/u_preprocessor/pred_data_out_reg[pred_accel_y_1][7]_i_1_n_9
    SLICE_X19Y87         FDRE                                         r  design_1_i/top_controller_0/inst/u_preprocessor/pred_data_out_reg[pred_accel_y_1][6]/D
  -------------------------------------------------------------------    -------------------

                         (clock clk_pl_0 rise edge)
                                                     11.250    11.250 r  
    PS8_X0Y0             PS8                          0.000    11.250 r  design_1_i/zynq_ultra_ps_e_0/inst/PS8_i/PLCLK[0]
                         net (fo=1, routed)           0.140    11.390    design_1_i/zynq_ultra_ps_e_0/inst/pl_clk_unbuffered[0]
    BUFG_PS_X0Y58        BUFG_PS (Prop_BUFG_PS_I_O)
                                                      0.027    11.417 r  design_1_i/zynq_ultra_ps_e_0/inst/buffer_pl_clk_0.PL_CLK_0_BUFG/O
    X0Y1 (CLOCK_ROOT)    net (fo=6532, routed)        1.762    13.179    design_1_i/top_controller_0/inst/u_preprocessor/S_AXI_ACLK
    SLICE_X19Y87         FDRE                                         r  design_1_i/top_controller_0/inst/u_preprocessor/pred_data_out_reg[pred_accel_y_1][6]/C
                         clock pessimism              0.143    13.322    
                         clock uncertainty           -0.182    13.141    
    SLICE_X19Y87         FDRE (Setup_GFF_SLICEM_C_D)
                                                      0.027    13.168    design_1_i/top_controller_0/inst/u_preprocessor/pred_data_out_reg[pred_accel_y_1][6]
  -------------------------------------------------------------------
                         required time                         13.168    
                         arrival time                         -13.005    
  -------------------------------------------------------------------
                         slack                                  0.163    

Slack (MET) :             0.194ns  (required time - arrival time)
  Source:                 design_1_i/top_controller_0/inst/u_axi_slave/slv_reg3_reg[0]/C
                            (rising edge-triggered cell FDRE clocked by clk_pl_0  {rise@0.000ns fall@5.625ns period=11.250ns})
  Destination:            design_1_i/top_controller_0/inst/u_preprocessor/pred_data_out_reg[pred_accel_y_1][4]/D
                            (rising edge-triggered cell FDRE clocked by clk_pl_0  {rise@0.000ns fall@5.625ns period=11.250ns})
  Path Group:             clk_pl_0
  Path Type:              Setup (Max at Slow Process Corner)
  Requirement:            11.250ns  (clk_pl_0 rise@11.250ns - clk_pl_0 rise@0.000ns)
  Data Path Delay:        11.196ns  (logic 7.569ns (67.606%)  route 3.627ns (32.394%))
  Logic Levels:           33  (CARRY8=2 DSP_A_B_DATA=3 DSP_ALU=3 DSP_M_DATA=3 DSP_MULTIPLIER=3 DSP_OUTPUT=3 DSP_PREADD_DATA=3 LUT3=1 LUT4=1 LUT5=2 LUT6=9)
  Clock Path Skew:        0.294ns (DCD - SCD + CPR)
    Destination Clock Delay (DCD):    1.929ns = ( 13.179 - 11.250 ) 
    Source Clock Delay      (SCD):    1.778ns
    Clock Pessimism Removal (CPR):    0.143ns
  Clock Uncertainty:      0.182ns  ((TSJ^2 + DJ^2)^1/2) / 2 + PE
    Total System Jitter     (TSJ):    0.071ns
    Discrete Jitter          (DJ):    0.356ns
    Phase Error              (PE):    0.000ns
  Clock Net Delay (Source):      1.571ns (routing 0.638ns, distribution 0.933ns)
  Clock Net Delay (Destination): 1.762ns (routing 0.576ns, distribution 1.186ns)

    Location             Delay type                Incr(ns)  Path(ns)    Netlist Resource(s)
  -------------------------------------------------------------------    -------------------
                         (clock clk_pl_0 rise edge)
                                                      0.000     0.000 r  
    PS8_X0Y0             PS8                          0.000     0.000 r  design_1_i/zynq_ultra_ps_e_0/inst/PS8_i/PLCLK[0]
                         net (fo=1, routed)           0.178     0.178    design_1_i/zynq_ultra_ps_e_0/inst/pl_clk_unbuffered[0]
    BUFG_PS_X0Y58        BUFG_PS (Prop_BUFG_PS_I_O)
                                                      0.029     0.207 r  design_1_i/zynq_ultra_ps_e_0/inst/buffer_pl_clk_0.PL_CLK_0_BUFG/O
    X0Y1 (CLOCK_ROOT)    net (fo=6532, routed)        1.571     1.778    design_1_i/top_controller_0/inst/u_axi_slave/S_AXI_ACLK
    SLICE_X28Y87         FDRE                                         r  design_1_i/top_controller_0/inst/u_axi_slave/slv_reg3_reg[0]/C
  -------------------------------------------------------------------    -------------------
    SLICE_X28Y87         FDRE (Prop_HFF_SLICEM_C_Q)
                                                      0.096     1.874 f  design_1_i/top_controller_0/inst/u_axi_slave/slv_reg3_reg[0]/Q
                         net (fo=14, routed)          0.136     2.010    design_1_i/top_controller_0/inst/u_axi_slave/Q[0]
    SLICE_X28Y86         LUT6 (Prop_A6LUT_SLICEM_I2_O)
                                                      0.179     2.189 f  design_1_i/top_controller_0/inst/u_axi_slave/g0_b0__3_i_6/O
                         net (fo=6, routed)           0.115     2.304    design_1_i/top_controller_0/inst/u_axi_slave/g0_b0__3_i_6_n_0
    SLICE_X28Y87         LUT6 (Prop_C6LUT_SLICEM_I3_O)
                                                      0.113     2.417 f  design_1_i/top_controller_0/inst/u_axi_slave/g0_b0__3_i_10/O
                         net (fo=4, routed)           0.073     2.490    design_1_i/top_controller_0/inst/u_axi_slave/g0_b0__3_i_10_n_0
    SLICE_X28Y86         LUT6 (Prop_H6LUT_SLICEM_I2_O)
                                                      0.041     2.531 r  design_1_i/top_controller_0/inst/u_axi_slave/consistency_cnt[31]_i_18__10/O
                         net (fo=2, routed)           0.132     2.663    design_1_i/top_controller_0/inst/u_axi_slave/consistency_cnt[31]_i_18__10_n_0
    SLICE_X28Y85         LUT6 (Prop_F6LUT_SLICEM_I0_O)
                                                      0.177     2.840 r  design_1_i/top_controller_0/inst/u_axi_slave/g0_b0__3_i_7/O
                         net (fo=11, routed)          0.116     2.956    design_1_i/top_controller_0/inst/u_axi_slave/g0_b0__3_i_7_n_0
    SLICE_X28Y86         LUT5 (Prop_C6LUT_SLICEM_I4_O)
                                                      0.098     3.054 r  design_1_i/top_controller_0/inst/u_axi_slave/g0_b0__3_i_1/O
                         net (fo=81, routed)          0.315     3.369    design_1_i/top_controller_0/inst/u_axi_slave_n_604
    SLICE_X28Y87         LUT5 (Prop_A6LUT_SLICEM_I0_O)
                                                      0.116     3.485 r  design_1_i/top_controller_0/inst/g0_b0__3/O
                         net (fo=7, routed)           0.195     3.680    design_1_i/top_controller_0/inst/g0_b0__3_n_0
    SLICE_X27Y86         LUT6 (Prop_A6LUT_SLICEL_I5_O)
                                                      0.100     3.780 r  design_1_i/top_controller_0/inst/g0_b0__4__0/O
                         net (fo=1, routed)           0.011     3.791    design_1_i/top_controller_0/inst/u_axi_slave/DSP_A_B_DATA_INST_8[0]
    SLICE_X27Y86         CARRY8 (Prop_CARRY8_SLICEL_S[0]_O[6])
                                                      0.279     4.070 f  design_1_i/top_controller_0/inst/u_axi_slave/p_0_out__3_i_9/O[6]
                         net (fo=1, routed)           0.378     4.448    design_1_i/top_controller_0/inst/u_preprocessor/p_0_out__3/A[6]
    DSP48E2_X2Y35        DSP_A_B_DATA (Prop_DSP_A_B_DATA_DSP48E2_A[6]_A2_DATA[6])
                                                      0.241     4.689 r  design_1_i/top_controller_0/inst/u_preprocessor/p_0_out__3/DSP_A_B_DATA_INST/A2_DATA[6]
                         net (fo=1, routed)           0.000     4.689    design_1_i/top_controller_0/inst/u_preprocessor/p_0_out__3/DSP_A_B_DATA.A2_DATA<6>
    DSP48E2_X2Y35        DSP_PREADD_DATA (Prop_DSP_PREADD_DATA_DSP48E2_A2_DATA[6]_A2A1[6])
                                                      0.098     4.787 r  design_1_i/top_controller_0/inst/u_preprocessor/p_0_out__3/DSP_PREADD_DATA_INST/A2A1[6]
                         net (fo=1, routed)           0.000     4.787    design_1_i/top_controller_0/inst/u_preprocessor/p_0_out__3/DSP_PREADD_DATA.A2A1<6>
    DSP48E2_X2Y35        DSP_MULTIPLIER (Prop_DSP_MULTIPLIER_DSP48E2_A2A1[6]_U[7])
                                                      0.647     5.434 f  design_1_i/top_controller_0/inst/u_preprocessor/p_0_out__3/DSP_MULTIPLIER_INST/U[7]
                         net (fo=1, routed)           0.000     5.434    design_1_i/top_controller_0/inst/u_preprocessor/p_0_out__3/DSP_MULTIPLIER.U<7>
    DSP48E2_X2Y35        DSP_M_DATA (Prop_DSP_M_DATA_DSP48E2_U[7]_U_DATA[7])
                                                      0.059     5.493 r  design_1_i/top_controller_0/inst/u_preprocessor/p_0_out__3/DSP_M_DATA_INST/U_DATA[7]
                         net (fo=1, routed)           0.000     5.493    design_1_i/top_controller_0/inst/u_preprocessor/p_0_out__3/DSP_M_DATA.U_DATA<7>
    DSP48E2_X2Y35        DSP_ALU (Prop_DSP_ALU_DSP48E2_U_DATA[7]_ALU_OUT[7])
                                                      0.699     6.192 f  design_1_i/top_controller_0/inst/u_preprocessor/p_0_out__3/DSP_ALU_INST/ALU_OUT[7]
                         net (fo=1, routed)           0.000     6.192    design_1_i/top_controller_0/inst/u_preprocessor/p_0_out__3/DSP_ALU.ALU_OUT<7>
    DSP48E2_X2Y35        DSP_OUTPUT (Prop_DSP_OUTPUT_DSP48E2_ALU_OUT[7]_P[7])
                                                      0.141     6.333 r  design_1_i/top_controller_0/inst/u_preprocessor/p_0_out__3/DSP_OUTPUT_INST/P[7]
                         net (fo=6, routed)           0.426     6.759    design_1_i/top_controller_0/inst/u_axi_slave/p_0_out__4_i_8_0[0]
    SLICE_X28Y86         LUT6 (Prop_E6LUT_SLICEM_I5_O)
                                                      0.063     6.822 r  design_1_i/top_controller_0/inst/u_axi_slave/p_0_out__4_i_21/O
                         net (fo=3, routed)           0.209     7.031    design_1_i/top_controller_0/inst/u_axi_slave/p_0_out__4_i_21_n_0
    SLICE_X23Y86         LUT6 (Prop_E6LUT_SLICEL_I0_O)
                                                      0.176     7.207 r  design_1_i/top_controller_0/inst/u_axi_slave/p_0_out__4_i_18/O
                         net (fo=4, routed)           0.165     7.373    design_1_i/top_controller_0/inst/u_axi_slave/p_0_out__4_i_18_n_0
    SLICE_X22Y85         LUT6 (Prop_D6LUT_SLICEL_I5_O)
                                                      0.039     7.412 f  design_1_i/top_controller_0/inst/u_axi_slave/p_0_out__4_i_16/O
                         net (fo=3, routed)           0.050     7.462    design_1_i/top_controller_0/inst/u_axi_slave/p_0_out__4_i_16_n_0
    SLICE_X22Y85         LUT6 (Prop_F6LUT_SLICEL_I1_O)
                                                      0.039     7.501 r  design_1_i/top_controller_0/inst/u_axi_slave/p_0_out__4_i_14/O
                         net (fo=2, routed)           0.100     7.601    design_1_i/top_controller_0/inst/u_axi_slave/p_0_out__4_i_14_n_0
    SLICE_X22Y86         LUT4 (Prop_F6LUT_SLICEL_I3_O)
                                                      0.062     7.663 f  design_1_i/top_controller_0/inst/u_axi_slave/p_0_out__4_i_1/O
                         net (fo=19, routed)          0.337     8.000    design_1_i/top_controller_0/inst/u_preprocessor/p_0_out__4/A[11]
    DSP48E2_X1Y34        DSP_A_B_DATA (Prop_DSP_A_B_DATA_DSP48E2_A[11]_A2_DATA[11])
                                                      0.241     8.241 r  design_1_i/top_controller_0/inst/u_preprocessor/p_0_out__4/DSP_A_B_DATA_INST/A2_DATA[11]
                         net (fo=1, routed)           0.000     8.241    design_1_i/top_controller_0/inst/u_preprocessor/p_0_out__4/DSP_A_B_DATA.A2_DATA<11>
    DSP48E2_X1Y34        DSP_PREADD_DATA (Prop_DSP_PREADD_DATA_DSP48E2_A2_DATA[11]_A2A1[11])
                                                      0.098     8.339 r  design_1_i/top_controller_0/inst/u_preprocessor/p_0_out__4/DSP_PREADD_DATA_INST/A2A1[11]
                         net (fo=1, routed)           0.000     8.339    design_1_i/top_controller_0/inst/u_preprocessor/p_0_out__4/DSP_PREADD_DATA.A2A1<11>
    DSP48E2_X1Y34        DSP_MULTIPLIER (Prop_DSP_MULTIPLIER_DSP48E2_A2A1[11]_U[12])
                                                      0.647     8.986 f  design_1_i/top_controller_0/inst/u_preprocessor/p_0_out__4/DSP_MULTIPLIER_INST/U[12]
                         net (fo=1, routed)           0.000     8.986    design_1_i/top_controller_0/inst/u_preprocessor/p_0_out__4/DSP_MULTIPLIER.U<12>
    DSP48E2_X1Y34        DSP_M_DATA (Prop_DSP_M_DATA_DSP48E2_U[12]_U_DATA[12])
                                                      0.059     9.045 r  design_1_i/top_controller_0/inst/u_preprocessor/p_0_out__4/DSP_M_DATA_INST/U_DATA[12]
                         net (fo=1, routed)           0.000     9.045    design_1_i/top_controller_0/inst/u_preprocessor/p_0_out__4/DSP_M_DATA.U_DATA<12>
    DSP48E2_X1Y34        DSP_ALU (Prop_DSP_ALU_DSP48E2_U_DATA[12]_ALU_OUT[12])
                                                      0.699     9.744 r  design_1_i/top_controller_0/inst/u_preprocessor/p_0_out__4/DSP_ALU_INST/ALU_OUT[12]
                         net (fo=1, routed)           0.000     9.744    design_1_i/top_controller_0/inst/u_preprocessor/p_0_out__4/DSP_ALU.ALU_OUT<12>
    DSP48E2_X1Y34        DSP_OUTPUT (Prop_DSP_OUTPUT_DSP48E2_ALU_OUT[12]_P[12])
                                                      0.141     9.885 f  design_1_i/top_controller_0/inst/u_preprocessor/p_0_out__4/DSP_OUTPUT_INST/P[12]
                         net (fo=1, routed)           0.391    10.276    design_1_i/top_controller_0/inst/u_preprocessor/p_0_out__6/A[12]
    DSP48E2_X1Y35        DSP_A_B_DATA (Prop_DSP_A_B_DATA_DSP48E2_A[12]_A2_DATA[12])
                                                      0.241    10.517 r  design_1_i/top_controller_0/inst/u_preprocessor/p_0_out__6/DSP_A_B_DATA_INST/A2_DATA[12]
                         net (fo=1, routed)           0.000    10.517    design_1_i/top_controller_0/inst/u_preprocessor/p_0_out__6/DSP_A_B_DATA.A2_DATA<12>
    DSP48E2_X1Y35        DSP_PREADD_DATA (Prop_DSP_PREADD_DATA_DSP48E2_A2_DATA[12]_A2A1[12])
                                                      0.098    10.615 r  design_1_i/top_controller_0/inst/u_preprocessor/p_0_out__6/DSP_PREADD_DATA_INST/A2A1[12]
                         net (fo=1, routed)           0.000    10.615    design_1_i/top_controller_0/inst/u_preprocessor/p_0_out__6/DSP_PREADD_DATA.A2A1<12>
    DSP48E2_X1Y35        DSP_MULTIPLIER (Prop_DSP_MULTIPLIER_DSP48E2_A2A1[12]_U[21])
                                                      0.647    11.262 f  design_1_i/top_controller_0/inst/u_preprocessor/p_0_out__6/DSP_MULTIPLIER_INST/U[21]
                         net (fo=1, routed)           0.000    11.262    design_1_i/top_controller_0/inst/u_preprocessor/p_0_out__6/DSP_MULTIPLIER.U<21>
    DSP48E2_X1Y35        DSP_M_DATA (Prop_DSP_M_DATA_DSP48E2_U[21]_U_DATA[21])
                                                      0.059    11.321 r  design_1_i/top_controller_0/inst/u_preprocessor/p_0_out__6/DSP_M_DATA_INST/U_DATA[21]
                         net (fo=1, routed)           0.000    11.321    design_1_i/top_controller_0/inst/u_preprocessor/p_0_out__6/DSP_M_DATA.U_DATA<21>
    DSP48E2_X1Y35        DSP_ALU (Prop_DSP_ALU_DSP48E2_U_DATA[21]_ALU_OUT[21])
                                                      0.699    12.020 f  design_1_i/top_controller_0/inst/u_preprocessor/p_0_out__6/DSP_ALU_INST/ALU_OUT[21]
                         net (fo=1, routed)           0.000    12.020    design_1_i/top_controller_0/inst/u_preprocessor/p_0_out__6/DSP_ALU.ALU_OUT<21>
    DSP48E2_X1Y35        DSP_OUTPUT (Prop_DSP_OUTPUT_DSP48E2_ALU_OUT[21]_P[21])
                                                      0.141    12.161 r  design_1_i/top_controller_0/inst/u_preprocessor/p_0_out__6/DSP_OUTPUT_INST/P[21]
                         net (fo=4, routed)           0.300    12.461    design_1_i/top_controller_0/inst/u_preprocessor/grav_y[1]
    SLICE_X19Y86         LUT3 (Prop_C6LUT_SLICEM_I1_O)
                                                      0.147    12.608 r  design_1_i/top_controller_0/inst/u_preprocessor/pred_data_out[pred_accel_y_1][7]_i_7/O
                         net (fo=1, routed)           0.147    12.755    design_1_i/top_controller_0/inst/u_preprocessor/pred_data_out[pred_accel_y_1][7]_i_7_n_0
    SLICE_X19Y87         CARRY8 (Prop_CARRY8_SLICEM_DI[2]_O[4])
                                                      0.189    12.944 r  design_1_i/top_controller_0/inst/u_preprocessor/pred_data_out_reg[pred_accel_y_1][7]_i_1/O[4]
                         net (fo=1, routed)           0.030    12.974    design_1_i/top_controller_0/inst/u_preprocessor/pred_data_out_reg[pred_accel_y_1][7]_i_1_n_11
    SLICE_X19Y87         FDRE                                         r  design_1_i/top_controller_0/inst/u_preprocessor/pred_data_out_reg[pred_accel_y_1][4]/D
  -------------------------------------------------------------------    -------------------

                         (clock clk_pl_0 rise edge)
                                                     11.250    11.250 r  
    PS8_X0Y0             PS8                          0.000    11.250 r  design_1_i/zynq_ultra_ps_e_0/inst/PS8_i/PLCLK[0]
                         net (fo=1, routed)           0.140    11.390    design_1_i/zynq_ultra_ps_e_0/inst/pl_clk_unbuffered[0]
    BUFG_PS_X0Y58        BUFG_PS (Prop_BUFG_PS_I_O)
                                                      0.027    11.417 r  design_1_i/zynq_ultra_ps_e_0/inst/buffer_pl_clk_0.PL_CLK_0_BUFG/O
    X0Y1 (CLOCK_ROOT)    net (fo=6532, routed)        1.762    13.179    design_1_i/top_controller_0/inst/u_preprocessor/S_AXI_ACLK
    SLICE_X19Y87         FDRE                                         r  design_1_i/top_controller_0/inst/u_preprocessor/pred_data_out_reg[pred_accel_y_1][4]/C
                         clock pessimism              0.143    13.322    
                         clock uncertainty           -0.182    13.141    
    SLICE_X19Y87         FDRE (Setup_EFF_SLICEM_C_D)
                                                      0.027    13.168    design_1_i/top_controller_0/inst/u_preprocessor/pred_data_out_reg[pred_accel_y_1][4]
  -------------------------------------------------------------------
                         required time                         13.168    
                         arrival time                         -12.974    
  -------------------------------------------------------------------
                         slack                                  0.194    

Slack (MET) :             0.199ns  (required time - arrival time)
  Source:                 design_1_i/top_controller_0/inst/u_axi_slave/slv_reg3_reg[0]/C
                            (rising edge-triggered cell FDRE clocked by clk_pl_0  {rise@0.000ns fall@5.625ns period=11.250ns})
  Destination:            design_1_i/top_controller_0/inst/u_preprocessor/pred_data_out_reg[pred_accel_z_1][10]/D
                            (rising edge-triggered cell FDRE clocked by clk_pl_0  {rise@0.000ns fall@5.625ns period=11.250ns})
  Path Group:             clk_pl_0
  Path Type:              Setup (Max at Slow Process Corner)
  Requirement:            11.250ns  (clk_pl_0 rise@11.250ns - clk_pl_0 rise@0.000ns)
  Data Path Delay:        10.783ns  (logic 7.694ns (71.352%)  route 3.089ns (28.648%))
  Logic Levels:           32  (CARRY8=6 DSP_A_B_DATA=3 DSP_ALU=3 DSP_M_DATA=3 DSP_MULTIPLIER=3 DSP_OUTPUT=3 DSP_PREADD_DATA=3 LUT2=2 LUT5=1 LUT6=5)
  Clock Path Skew:        -0.113ns (DCD - SCD + CPR)
    Destination Clock Delay (DCD):    1.524ns = ( 12.774 - 11.250 ) 
    Source Clock Delay      (SCD):    1.778ns
    Clock Pessimism Removal (CPR):    0.141ns
  Clock Uncertainty:      0.182ns  ((TSJ^2 + DJ^2)^1/2) / 2 + PE
    Total System Jitter     (TSJ):    0.071ns
    Discrete Jitter          (DJ):    0.356ns
    Phase Error              (PE):    0.000ns
  Clock Net Delay (Source):      1.571ns (routing 0.638ns, distribution 0.933ns)
  Clock Net Delay (Destination): 1.357ns (routing 0.576ns, distribution 0.781ns)

    Location             Delay type                Incr(ns)  Path(ns)    Netlist Resource(s)
  -------------------------------------------------------------------    -------------------
                         (clock clk_pl_0 rise edge)
                                                      0.000     0.000 r  
    PS8_X0Y0             PS8                          0.000     0.000 r  design_1_i/zynq_ultra_ps_e_0/inst/PS8_i/PLCLK[0]
                         net (fo=1, routed)           0.178     0.178    design_1_i/zynq_ultra_ps_e_0/inst/pl_clk_unbuffered[0]
    BUFG_PS_X0Y58        BUFG_PS (Prop_BUFG_PS_I_O)
                                                      0.029     0.207 r  design_1_i/zynq_ultra_ps_e_0/inst/buffer_pl_clk_0.PL_CLK_0_BUFG/O
    X0Y1 (CLOCK_ROOT)    net (fo=6532, routed)        1.571     1.778    design_1_i/top_controller_0/inst/u_axi_slave/S_AXI_ACLK
    SLICE_X28Y87         FDRE                                         r  design_1_i/top_controller_0/inst/u_axi_slave/slv_reg3_reg[0]/C
  -------------------------------------------------------------------    -------------------
    SLICE_X28Y87         FDRE (Prop_HFF_SLICEM_C_Q)
                                                      0.096     1.874 f  design_1_i/top_controller_0/inst/u_axi_slave/slv_reg3_reg[0]/Q
                         net (fo=14, routed)          0.136     2.010    design_1_i/top_controller_0/inst/u_axi_slave/Q[0]
    SLICE_X28Y86         LUT6 (Prop_A6LUT_SLICEM_I2_O)
                                                      0.179     2.189 f  design_1_i/top_controller_0/inst/u_axi_slave/g0_b0__3_i_6/O
                         net (fo=6, routed)           0.115     2.304    design_1_i/top_controller_0/inst/u_axi_slave/g0_b0__3_i_6_n_0
    SLICE_X28Y87         LUT6 (Prop_C6LUT_SLICEM_I3_O)
                                                      0.113     2.417 f  design_1_i/top_controller_0/inst/u_axi_slave/g0_b0__3_i_10/O
                         net (fo=4, routed)           0.073     2.490    design_1_i/top_controller_0/inst/u_axi_slave/g0_b0__3_i_10_n_0
    SLICE_X28Y86         LUT6 (Prop_H6LUT_SLICEM_I2_O)
                                                      0.041     2.531 r  design_1_i/top_controller_0/inst/u_axi_slave/consistency_cnt[31]_i_18__10/O
                         net (fo=2, routed)           0.132     2.663    design_1_i/top_controller_0/inst/u_axi_slave/consistency_cnt[31]_i_18__10_n_0
    SLICE_X28Y85         LUT6 (Prop_F6LUT_SLICEM_I0_O)
                                                      0.177     2.840 r  design_1_i/top_controller_0/inst/u_axi_slave/g0_b0__3_i_7/O
                         net (fo=11, routed)          0.121     2.961    design_1_i/top_controller_0/inst/u_axi_slave/g0_b0__3_i_7_n_0
    SLICE_X28Y86         LUT2 (Prop_F6LUT_SLICEM_I1_O)
                                                      0.148     3.109 r  design_1_i/top_controller_0/inst/u_axi_slave/g0_b0__3_i_3/O
                         net (fo=88, routed)          0.393     3.502    design_1_i/top_controller_0/inst/u_axi_slave_n_53
    SLICE_X27Y81         LUT5 (Prop_C6LUT_SLICEL_I2_O)
                                                      0.148     3.650 r  design_1_i/top_controller_0/inst/g0_b1__10/O
                         net (fo=2, routed)           0.212     3.862    design_1_i/top_controller_0/inst/u_axi_slave/p_0_out__9_i_1_1[1]
    SLICE_X28Y81         CARRY8 (Prop_CARRY8_SLICEM_DI[1]_CO[7])
                                                      0.154     4.016 r  design_1_i/top_controller_0/inst/u_axi_slave/p_0_out__9_i_2/CO[7]
                         net (fo=1, routed)           0.028     4.044    design_1_i/top_controller_0/inst/u_axi_slave/p_0_out__9_i_2_n_0
    SLICE_X28Y82         CARRY8 (Prop_CARRY8_SLICEM_CI_O[1])
                                                      0.097     4.141 f  design_1_i/top_controller_0/inst/u_axi_slave/p_0_out__9_i_1/O[1]
                         net (fo=1, routed)           0.333     4.474    design_1_i/top_controller_0/inst/u_preprocessor/p_0_out__9/A[9]
    DSP48E2_X2Y33        DSP_A_B_DATA (Prop_DSP_A_B_DATA_DSP48E2_A[9]_A2_DATA[9])
                                                      0.241     4.715 r  design_1_i/top_controller_0/inst/u_preprocessor/p_0_out__9/DSP_A_B_DATA_INST/A2_DATA[9]
                         net (fo=1, routed)           0.000     4.715    design_1_i/top_controller_0/inst/u_preprocessor/p_0_out__9/DSP_A_B_DATA.A2_DATA<9>
    DSP48E2_X2Y33        DSP_PREADD_DATA (Prop_DSP_PREADD_DATA_DSP48E2_A2_DATA[9]_A2A1[9])
                                                      0.098     4.813 r  design_1_i/top_controller_0/inst/u_preprocessor/p_0_out__9/DSP_PREADD_DATA_INST/A2A1[9]
                         net (fo=1, routed)           0.000     4.813    design_1_i/top_controller_0/inst/u_preprocessor/p_0_out__9/DSP_PREADD_DATA.A2A1<9>
    DSP48E2_X2Y33        DSP_MULTIPLIER (Prop_DSP_MULTIPLIER_DSP48E2_A2A1[9]_U[11])
                                                      0.647     5.460 f  design_1_i/top_controller_0/inst/u_preprocessor/p_0_out__9/DSP_MULTIPLIER_INST/U[11]
                         net (fo=1, routed)           0.000     5.460    design_1_i/top_controller_0/inst/u_preprocessor/p_0_out__9/DSP_MULTIPLIER.U<11>
    DSP48E2_X2Y33        DSP_M_DATA (Prop_DSP_M_DATA_DSP48E2_U[11]_U_DATA[11])
                                                      0.059     5.519 r  design_1_i/top_controller_0/inst/u_preprocessor/p_0_out__9/DSP_M_DATA_INST/U_DATA[11]
                         net (fo=1, routed)           0.000     5.519    design_1_i/top_controller_0/inst/u_preprocessor/p_0_out__9/DSP_M_DATA.U_DATA<11>
    DSP48E2_X2Y33        DSP_ALU (Prop_DSP_ALU_DSP48E2_U_DATA[11]_ALU_OUT[11])
                                                      0.699     6.218 f  design_1_i/top_controller_0/inst/u_preprocessor/p_0_out__9/DSP_ALU_INST/ALU_OUT[11]
                         net (fo=1, routed)           0.000     6.218    design_1_i/top_controller_0/inst/u_preprocessor/p_0_out__9/DSP_ALU.ALU_OUT<11>
    DSP48E2_X2Y33        DSP_OUTPUT (Prop_DSP_OUTPUT_DSP48E2_ALU_OUT[11]_P[11])
                                                      0.141     6.359 r  design_1_i/top_controller_0/inst/u_preprocessor/p_0_out__9/DSP_OUTPUT_INST/P[11]
                         net (fo=1, routed)           0.248     6.607    design_1_i/top_controller_0/inst/u_preprocessor_n_26
    SLICE_X27Y82         LUT6 (Prop_E6LUT_SLICEL_I5_O)
                                                      0.148     6.755 r  design_1_i/top_controller_0/inst/g0_b4__10__0/O
                         net (fo=1, routed)           0.008     6.763    design_1_i/top_controller_0/inst/u_axi_slave/DSP_A_B_DATA_INST_17[4]
    SLICE_X27Y82         CARRY8 (Prop_CARRY8_SLICEL_S[4]_CO[7])
                                                      0.195     6.958 r  design_1_i/top_controller_0/inst/u_axi_slave/p_0_out__10_i_2/CO[7]
                         net (fo=1, routed)           0.028     6.986    design_1_i/top_controller_0/inst/u_axi_slave/p_0_out__10_i_2_n_0
    SLICE_X27Y83         CARRY8 (Prop_CARRY8_SLICEL_CI_O[3])
                                                      0.104     7.090 f  design_1_i/top_controller_0/inst/u_axi_slave/p_0_out__10_i_1/O[3]
                         net (fo=19, routed)          0.503     7.593    design_1_i/top_controller_0/inst/u_preprocessor/p_0_out__10/A[21]
    DSP48E2_X2Y32        DSP_A_B_DATA (Prop_DSP_A_B_DATA_DSP48E2_A[21]_A2_DATA[21])
                                                      0.241     7.834 r  design_1_i/top_controller_0/inst/u_preprocessor/p_0_out__10/DSP_A_B_DATA_INST/A2_DATA[21]
                         net (fo=1, routed)           0.000     7.834    design_1_i/top_controller_0/inst/u_preprocessor/p_0_out__10/DSP_A_B_DATA.A2_DATA<21>
    DSP48E2_X2Y32        DSP_PREADD_DATA (Prop_DSP_PREADD_DATA_DSP48E2_A2_DATA[21]_A2A1[21])
                                                      0.098     7.932 r  design_1_i/top_controller_0/inst/u_preprocessor/p_0_out__10/DSP_PREADD_DATA_INST/A2A1[21]
                         net (fo=1, routed)           0.000     7.932    design_1_i/top_controller_0/inst/u_preprocessor/p_0_out__10/DSP_PREADD_DATA.A2A1<21>
    DSP48E2_X2Y32        DSP_MULTIPLIER (Prop_DSP_MULTIPLIER_DSP48E2_A2A1[21]_U[22])
                                                      0.647     8.579 f  design_1_i/top_controller_0/inst/u_preprocessor/p_0_out__10/DSP_MULTIPLIER_INST/U[22]
                         net (fo=1, routed)           0.000     8.579    design_1_i/top_controller_0/inst/u_preprocessor/p_0_out__10/DSP_MULTIPLIER.U<22>
    DSP48E2_X2Y32        DSP_M_DATA (Prop_DSP_M_DATA_DSP48E2_U[22]_U_DATA[22])
                                                      0.059     8.638 r  design_1_i/top_controller_0/inst/u_preprocessor/p_0_out__10/DSP_M_DATA_INST/U_DATA[22]
                         net (fo=1, routed)           0.000     8.638    design_1_i/top_controller_0/inst/u_preprocessor/p_0_out__10/DSP_M_DATA.U_DATA<22>
    DSP48E2_X2Y32        DSP_ALU (Prop_DSP_ALU_DSP48E2_U_DATA[22]_ALU_OUT[22])
                                                      0.699     9.337 r  design_1_i/top_controller_0/inst/u_preprocessor/p_0_out__10/DSP_ALU_INST/ALU_OUT[22]
                         net (fo=1, routed)           0.000     9.337    design_1_i/top_controller_0/inst/u_preprocessor/p_0_out__10/DSP_ALU.ALU_OUT<22>
    DSP48E2_X2Y32        DSP_OUTPUT (Prop_DSP_OUTPUT_DSP48E2_ALU_OUT[22]_P[22])
                                                      0.141     9.478 f  design_1_i/top_controller_0/inst/u_preprocessor/p_0_out__10/DSP_OUTPUT_INST/P[22]
                         net (fo=8, routed)           0.434     9.912    design_1_i/top_controller_0/inst/u_preprocessor/p_0_out__11/A[23]
    DSP48E2_X2Y34        DSP_A_B_DATA (Prop_DSP_A_B_DATA_DSP48E2_A[23]_A2_DATA[23])
                                                      0.241    10.153 r  design_1_i/top_controller_0/inst/u_preprocessor/p_0_out__11/DSP_A_B_DATA_INST/A2_DATA[23]
                         net (fo=1, routed)           0.000    10.153    design_1_i/top_controller_0/inst/u_preprocessor/p_0_out__11/DSP_A_B_DATA.A2_DATA<23>
    DSP48E2_X2Y34        DSP_PREADD_DATA (Prop_DSP_PREADD_DATA_DSP48E2_A2_DATA[23]_A2A1[23])
                                                      0.098    10.251 r  design_1_i/top_controller_0/inst/u_preprocessor/p_0_out__11/DSP_PREADD_DATA_INST/A2A1[23]
                         net (fo=1, routed)           0.000    10.251    design_1_i/top_controller_0/inst/u_preprocessor/p_0_out__11/DSP_PREADD_DATA.A2A1<23>
    DSP48E2_X2Y34        DSP_MULTIPLIER (Prop_DSP_MULTIPLIER_DSP48E2_A2A1[23]_U[24])
                                                      0.647    10.898 f  design_1_i/top_controller_0/inst/u_preprocessor/p_0_out__11/DSP_MULTIPLIER_INST/U[24]
                         net (fo=1, routed)           0.000    10.898    design_1_i/top_controller_0/inst/u_preprocessor/p_0_out__11/DSP_MULTIPLIER.U<24>
    DSP48E2_X2Y34        DSP_M_DATA (Prop_DSP_M_DATA_DSP48E2_U[24]_U_DATA[24])
                                                      0.059    10.957 r  design_1_i/top_controller_0/inst/u_preprocessor/p_0_out__11/DSP_M_DATA_INST/U_DATA[24]
                         net (fo=1, routed)           0.000    10.957    design_1_i/top_controller_0/inst/u_preprocessor/p_0_out__11/DSP_M_DATA.U_DATA<24>
    DSP48E2_X2Y34        DSP_ALU (Prop_DSP_ALU_DSP48E2_U_DATA[24]_ALU_OUT[24])
                                                      0.699    11.656 f  design_1_i/top_controller_0/inst/u_preprocessor/p_0_out__11/DSP_ALU_INST/ALU_OUT[24]
                         net (fo=1, routed)           0.000    11.656    design_1_i/top_controller_0/inst/u_preprocessor/p_0_out__11/DSP_ALU.ALU_OUT<24>
    DSP48E2_X2Y34        DSP_OUTPUT (Prop_DSP_OUTPUT_DSP48E2_ALU_OUT[24]_P[24])
                                                      0.141    11.797 r  design_1_i/top_controller_0/inst/u_preprocessor/p_0_out__11/DSP_OUTPUT_INST/P[24]
                         net (fo=2, routed)           0.256    12.053    design_1_i/top_controller_0/inst/u_preprocessor/grav_z[4]
    SLICE_X26Y87         LUT2 (Prop_D6LUT_SLICEL_I1_O)
                                                      0.147    12.200 r  design_1_i/top_controller_0/inst/u_preprocessor/pred_data_out[pred_accel_z_1][8]_i_7/O
                         net (fo=1, routed)           0.010    12.210    design_1_i/top_controller_0/inst/u_preprocessor/pred_data_out[pred_accel_z_1][8]_i_7_n_0
    SLICE_X26Y87         CARRY8 (Prop_CARRY8_SLICEL_S[3]_CO[7])
                                                      0.195    12.405 r  design_1_i/top_controller_0/inst/u_preprocessor/pred_data_out_reg[pred_accel_z_1][8]_i_1/CO[7]
                         net (fo=1, routed)           0.028    12.433    design_1_i/top_controller_0/inst/u_preprocessor/pred_data_out_reg[pred_accel_z_1][8]_i_1_n_0
    SLICE_X26Y88         CARRY8 (Prop_CARRY8_SLICEL_CI_O[1])
                                                      0.097    12.530 r  design_1_i/top_controller_0/inst/u_preprocessor/pred_data_out_reg[pred_accel_z_1][11]_i_1/O[1]
                         net (fo=1, routed)           0.031    12.561    design_1_i/top_controller_0/inst/u_preprocessor/pred_data_out_reg[pred_accel_z_1][11]_i_1_n_14
    SLICE_X26Y88         FDRE                                         r  design_1_i/top_controller_0/inst/u_preprocessor/pred_data_out_reg[pred_accel_z_1][10]/D
  -------------------------------------------------------------------    -------------------

                         (clock clk_pl_0 rise edge)
                                                     11.250    11.250 r  
    PS8_X0Y0             PS8                          0.000    11.250 r  design_1_i/zynq_ultra_ps_e_0/inst/PS8_i/PLCLK[0]
                         net (fo=1, routed)           0.140    11.390    design_1_i/zynq_ultra_ps_e_0/inst/pl_clk_unbuffered[0]
    BUFG_PS_X0Y58        BUFG_PS (Prop_BUFG_PS_I_O)
                                                      0.027    11.417 r  design_1_i/zynq_ultra_ps_e_0/inst/buffer_pl_clk_0.PL_CLK_0_BUFG/O
    X0Y1 (CLOCK_ROOT)    net (fo=6532, routed)        1.357    12.774    design_1_i/top_controller_0/inst/u_preprocessor/S_AXI_ACLK
    SLICE_X26Y88         FDRE                                         r  design_1_i/top_controller_0/inst/u_preprocessor/pred_data_out_reg[pred_accel_z_1][10]/C
                         clock pessimism              0.141    12.915    
                         clock uncertainty           -0.182    12.733    
    SLICE_X26Y88         FDRE (Setup_BFF_SLICEL_C_D)
                                                      0.027    12.760    design_1_i/top_controller_0/inst/u_preprocessor/pred_data_out_reg[pred_accel_z_1][10]
  -------------------------------------------------------------------
                         required time                         12.760    
                         arrival time                         -12.561    
  -------------------------------------------------------------------
                         slack                                  0.199    

Slack (MET) :             0.209ns  (required time - arrival time)
  Source:                 design_1_i/top_controller_0/inst/u_axi_slave/slv_reg3_reg[0]/C
                            (rising edge-triggered cell FDRE clocked by clk_pl_0  {rise@0.000ns fall@5.625ns period=11.250ns})
  Destination:            design_1_i/top_controller_0/inst/u_preprocessor/pred_data_out_reg[pred_accel_z_1][11]/D
                            (rising edge-triggered cell FDRE clocked by clk_pl_0  {rise@0.000ns fall@5.625ns period=11.250ns})
  Path Group:             clk_pl_0
  Path Type:              Setup (Max at Slow Process Corner)
  Requirement:            11.250ns  (clk_pl_0 rise@11.250ns - clk_pl_0 rise@0.000ns)
  Data Path Delay:        10.773ns  (logic 7.683ns (71.316%)  route 3.090ns (28.684%))
  Logic Levels:           32  (CARRY8=6 DSP_A_B_DATA=3 DSP_ALU=3 DSP_M_DATA=3 DSP_MULTIPLIER=3 DSP_OUTPUT=3 DSP_PREADD_DATA=3 LUT2=2 LUT5=1 LUT6=5)
  Clock Path Skew:        -0.113ns (DCD - SCD + CPR)
    Destination Clock Delay (DCD):    1.524ns = ( 12.774 - 11.250 ) 
    Source Clock Delay      (SCD):    1.778ns
    Clock Pessimism Removal (CPR):    0.141ns
  Clock Uncertainty:      0.182ns  ((TSJ^2 + DJ^2)^1/2) / 2 + PE
    Total System Jitter     (TSJ):    0.071ns
    Discrete Jitter          (DJ):    0.356ns
    Phase Error              (PE):    0.000ns
  Clock Net Delay (Source):      1.571ns (routing 0.638ns, distribution 0.933ns)
  Clock Net Delay (Destination): 1.357ns (routing 0.576ns, distribution 0.781ns)

    Location             Delay type                Incr(ns)  Path(ns)    Netlist Resource(s)
  -------------------------------------------------------------------    -------------------
                         (clock clk_pl_0 rise edge)
                                                      0.000     0.000 r  
    PS8_X0Y0             PS8                          0.000     0.000 r  design_1_i/zynq_ultra_ps_e_0/inst/PS8_i/PLCLK[0]
                         net (fo=1, routed)           0.178     0.178    design_1_i/zynq_ultra_ps_e_0/inst/pl_clk_unbuffered[0]
    BUFG_PS_X0Y58        BUFG_PS (Prop_BUFG_PS_I_O)
                                                      0.029     0.207 r  design_1_i/zynq_ultra_ps_e_0/inst/buffer_pl_clk_0.PL_CLK_0_BUFG/O
    X0Y1 (CLOCK_ROOT)    net (fo=6532, routed)        1.571     1.778    design_1_i/top_controller_0/inst/u_axi_slave/S_AXI_ACLK
    SLICE_X28Y87         FDRE                                         r  design_1_i/top_controller_0/inst/u_axi_slave/slv_reg3_reg[0]/C
  -------------------------------------------------------------------    -------------------
    SLICE_X28Y87         FDRE (Prop_HFF_SLICEM_C_Q)
                                                      0.096     1.874 f  design_1_i/top_controller_0/inst/u_axi_slave/slv_reg3_reg[0]/Q
                         net (fo=14, routed)          0.136     2.010    design_1_i/top_controller_0/inst/u_axi_slave/Q[0]
    SLICE_X28Y86         LUT6 (Prop_A6LUT_SLICEM_I2_O)
                                                      0.179     2.189 f  design_1_i/top_controller_0/inst/u_axi_slave/g0_b0__3_i_6/O
                         net (fo=6, routed)           0.115     2.304    design_1_i/top_controller_0/inst/u_axi_slave/g0_b0__3_i_6_n_0
    SLICE_X28Y87         LUT6 (Prop_C6LUT_SLICEM_I3_O)
                                                      0.113     2.417 f  design_1_i/top_controller_0/inst/u_axi_slave/g0_b0__3_i_10/O
                         net (fo=4, routed)           0.073     2.490    design_1_i/top_controller_0/inst/u_axi_slave/g0_b0__3_i_10_n_0
    SLICE_X28Y86         LUT6 (Prop_H6LUT_SLICEM_I2_O)
                                                      0.041     2.531 r  design_1_i/top_controller_0/inst/u_axi_slave/consistency_cnt[31]_i_18__10/O
                         net (fo=2, routed)           0.132     2.663    design_1_i/top_controller_0/inst/u_axi_slave/consistency_cnt[31]_i_18__10_n_0
    SLICE_X28Y85         LUT6 (Prop_F6LUT_SLICEM_I0_O)
                                                      0.177     2.840 r  design_1_i/top_controller_0/inst/u_axi_slave/g0_b0__3_i_7/O
                         net (fo=11, routed)          0.121     2.961    design_1_i/top_controller_0/inst/u_axi_slave/g0_b0__3_i_7_n_0
    SLICE_X28Y86         LUT2 (Prop_F6LUT_SLICEM_I1_O)
                                                      0.148     3.109 r  design_1_i/top_controller_0/inst/u_axi_slave/g0_b0__3_i_3/O
                         net (fo=88, routed)          0.393     3.502    design_1_i/top_controller_0/inst/u_axi_slave_n_53
    SLICE_X27Y81         LUT5 (Prop_C6LUT_SLICEL_I2_O)
                                                      0.148     3.650 r  design_1_i/top_controller_0/inst/g0_b1__10/O
                         net (fo=2, routed)           0.212     3.862    design_1_i/top_controller_0/inst/u_axi_slave/p_0_out__9_i_1_1[1]
    SLICE_X28Y81         CARRY8 (Prop_CARRY8_SLICEM_DI[1]_CO[7])
                                                      0.154     4.016 r  design_1_i/top_controller_0/inst/u_axi_slave/p_0_out__9_i_2/CO[7]
                         net (fo=1, routed)           0.028     4.044    design_1_i/top_controller_0/inst/u_axi_slave/p_0_out__9_i_2_n_0
    SLICE_X28Y82         CARRY8 (Prop_CARRY8_SLICEM_CI_O[1])
                                                      0.097     4.141 f  design_1_i/top_controller_0/inst/u_axi_slave/p_0_out__9_i_1/O[1]
                         net (fo=1, routed)           0.333     4.474    design_1_i/top_controller_0/inst/u_preprocessor/p_0_out__9/A[9]
    DSP48E2_X2Y33        DSP_A_B_DATA (Prop_DSP_A_B_DATA_DSP48E2_A[9]_A2_DATA[9])
                                                      0.241     4.715 r  design_1_i/top_controller_0/inst/u_preprocessor/p_0_out__9/DSP_A_B_DATA_INST/A2_DATA[9]
                         net (fo=1, routed)           0.000     4.715    design_1_i/top_controller_0/inst/u_preprocessor/p_0_out__9/DSP_A_B_DATA.A2_DATA<9>
    DSP48E2_X2Y33        DSP_PREADD_DATA (Prop_DSP_PREADD_DATA_DSP48E2_A2_DATA[9]_A2A1[9])
                                                      0.098     4.813 r  design_1_i/top_controller_0/inst/u_preprocessor/p_0_out__9/DSP_PREADD_DATA_INST/A2A1[9]
                         net (fo=1, routed)           0.000     4.813    design_1_i/top_controller_0/inst/u_preprocessor/p_0_out__9/DSP_PREADD_DATA.A2A1<9>
    DSP48E2_X2Y33        DSP_MULTIPLIER (Prop_DSP_MULTIPLIER_DSP48E2_A2A1[9]_U[11])
                                                      0.647     5.460 f  design_1_i/top_controller_0/inst/u_preprocessor/p_0_out__9/DSP_MULTIPLIER_INST/U[11]
                         net (fo=1, routed)           0.000     5.460    design_1_i/top_controller_0/inst/u_preprocessor/p_0_out__9/DSP_MULTIPLIER.U<11>
    DSP48E2_X2Y33        DSP_M_DATA (Prop_DSP_M_DATA_DSP48E2_U[11]_U_DATA[11])
                                                      0.059     5.519 r  design_1_i/top_controller_0/inst/u_preprocessor/p_0_out__9/DSP_M_DATA_INST/U_DATA[11]
                         net (fo=1, routed)           0.000     5.519    design_1_i/top_controller_0/inst/u_preprocessor/p_0_out__9/DSP_M_DATA.U_DATA<11>
    DSP48E2_X2Y33        DSP_ALU (Prop_DSP_ALU_DSP48E2_U_DATA[11]_ALU_OUT[11])
                                                      0.699     6.218 f  design_1_i/top_controller_0/inst/u_preprocessor/p_0_out__9/DSP_ALU_INST/ALU_OUT[11]
                         net (fo=1, routed)           0.000     6.218    design_1_i/top_controller_0/inst/u_preprocessor/p_0_out__9/DSP_ALU.ALU_OUT<11>
    DSP48E2_X2Y33        DSP_OUTPUT (Prop_DSP_OUTPUT_DSP48E2_ALU_OUT[11]_P[11])
                                                      0.141     6.359 r  design_1_i/top_controller_0/inst/u_preprocessor/p_0_out__9/DSP_OUTPUT_INST/P[11]
                         net (fo=1, routed)           0.248     6.607    design_1_i/top_controller_0/inst/u_preprocessor_n_26
    SLICE_X27Y82         LUT6 (Prop_E6LUT_SLICEL_I5_O)
                                                      0.148     6.755 r  design_1_i/top_controller_0/inst/g0_b4__10__0/O
                         net (fo=1, routed)           0.008     6.763    design_1_i/top_controller_0/inst/u_axi_slave/DSP_A_B_DATA_INST_17[4]
    SLICE_X27Y82         CARRY8 (Prop_CARRY8_SLICEL_S[4]_CO[7])
                                                      0.195     6.958 r  design_1_i/top_controller_0/inst/u_axi_slave/p_0_out__10_i_2/CO[7]
                         net (fo=1, routed)           0.028     6.986    design_1_i/top_controller_0/inst/u_axi_slave/p_0_out__10_i_2_n_0
    SLICE_X27Y83         CARRY8 (Prop_CARRY8_SLICEL_CI_O[3])
                                                      0.104     7.090 f  design_1_i/top_controller_0/inst/u_axi_slave/p_0_out__10_i_1/O[3]
                         net (fo=19, routed)          0.503     7.593    design_1_i/top_controller_0/inst/u_preprocessor/p_0_out__10/A[21]
    DSP48E2_X2Y32        DSP_A_B_DATA (Prop_DSP_A_B_DATA_DSP48E2_A[21]_A2_DATA[21])
                                                      0.241     7.834 r  design_1_i/top_controller_0/inst/u_preprocessor/p_0_out__10/DSP_A_B_DATA_INST/A2_DATA[21]
                         net (fo=1, routed)           0.000     7.834    design_1_i/top_controller_0/inst/u_preprocessor/p_0_out__10/DSP_A_B_DATA.A2_DATA<21>
    DSP48E2_X2Y32        DSP_PREADD_DATA (Prop_DSP_PREADD_DATA_DSP48E2_A2_DATA[21]_A2A1[21])
                                                      0.098     7.932 r  design_1_i/top_controller_0/inst/u_preprocessor/p_0_out__10/DSP_PREADD_DATA_INST/A2A1[21]
                         net (fo=1, routed)           0.000     7.932    design_1_i/top_controller_0/inst/u_preprocessor/p_0_out__10/DSP_PREADD_DATA.A2A1<21>
    DSP48E2_X2Y32        DSP_MULTIPLIER (Prop_DSP_MULTIPLIER_DSP48E2_A2A1[21]_U[22])
                                                      0.647     8.579 f  design_1_i/top_controller_0/inst/u_preprocessor/p_0_out__10/DSP_MULTIPLIER_INST/U[22]
                         net (fo=1, routed)           0.000     8.579    design_1_i/top_controller_0/inst/u_preprocessor/p_0_out__10/DSP_MULTIPLIER.U<22>
    DSP48E2_X2Y32        DSP_M_DATA (Prop_DSP_M_DATA_DSP48E2_U[22]_U_DATA[22])
                                                      0.059     8.638 r  design_1_i/top_controller_0/inst/u_preprocessor/p_0_out__10/DSP_M_DATA_INST/U_DATA[22]
                         net (fo=1, routed)           0.000     8.638    design_1_i/top_controller_0/inst/u_preprocessor/p_0_out__10/DSP_M_DATA.U_DATA<22>
    DSP48E2_X2Y32        DSP_ALU (Prop_DSP_ALU_DSP48E2_U_DATA[22]_ALU_OUT[22])
                                                      0.699     9.337 r  design_1_i/top_controller_0/inst/u_preprocessor/p_0_out__10/DSP_ALU_INST/ALU_OUT[22]
                         net (fo=1, routed)           0.000     9.337    design_1_i/top_controller_0/inst/u_preprocessor/p_0_out__10/DSP_ALU.ALU_OUT<22>
    DSP48E2_X2Y32        DSP_OUTPUT (Prop_DSP_OUTPUT_DSP48E2_ALU_OUT[22]_P[22])
                                                      0.141     9.478 f  design_1_i/top_controller_0/inst/u_preprocessor/p_0_out__10/DSP_OUTPUT_INST/P[22]
                         net (fo=8, routed)           0.434     9.912    design_1_i/top_controller_0/inst/u_preprocessor/p_0_out__11/A[23]
    DSP48E2_X2Y34        DSP_A_B_DATA (Prop_DSP_A_B_DATA_DSP48E2_A[23]_A2_DATA[23])
                                                      0.241    10.153 r  design_1_i/top_controller_0/inst/u_preprocessor/p_0_out__11/DSP_A_B_DATA_INST/A2_DATA[23]
                         net (fo=1, routed)           0.000    10.153    design_1_i/top_controller_0/inst/u_preprocessor/p_0_out__11/DSP_A_B_DATA.A2_DATA<23>
    DSP48E2_X2Y34        DSP_PREADD_DATA (Prop_DSP_PREADD_DATA_DSP48E2_A2_DATA[23]_A2A1[23])
                                                      0.098    10.251 r  design_1_i/top_controller_0/inst/u_preprocessor/p_0_out__11/DSP_PREADD_DATA_INST/A2A1[23]
                         net (fo=1, routed)           0.000    10.251    design_1_i/top_controller_0/inst/u_preprocessor/p_0_out__11/DSP_PREADD_DATA.A2A1<23>
    DSP48E2_X2Y34        DSP_MULTIPLIER (Prop_DSP_MULTIPLIER_DSP48E2_A2A1[23]_U[24])
                                                      0.647    10.898 f  design_1_i/top_controller_0/inst/u_preprocessor/p_0_out__11/DSP_MULTIPLIER_INST/U[24]
                         net (fo=1, routed)           0.000    10.898    design_1_i/top_controller_0/inst/u_preprocessor/p_0_out__11/DSP_MULTIPLIER.U<24>
    DSP48E2_X2Y34        DSP_M_DATA (Prop_DSP_M_DATA_DSP48E2_U[24]_U_DATA[24])
                                                      0.059    10.957 r  design_1_i/top_controller_0/inst/u_preprocessor/p_0_out__11/DSP_M_DATA_INST/U_DATA[24]
                         net (fo=1, routed)           0.000    10.957    design_1_i/top_controller_0/inst/u_preprocessor/p_0_out__11/DSP_M_DATA.U_DATA<24>
    DSP48E2_X2Y34        DSP_ALU (Prop_DSP_ALU_DSP48E2_U_DATA[24]_ALU_OUT[24])
                                                      0.699    11.656 f  design_1_i/top_controller_0/inst/u_preprocessor/p_0_out__11/DSP_ALU_INST/ALU_OUT[24]
                         net (fo=1, routed)           0.000    11.656    design_1_i/top_controller_0/inst/u_preprocessor/p_0_out__11/DSP_ALU.ALU_OUT<24>
    DSP48E2_X2Y34        DSP_OUTPUT (Prop_DSP_OUTPUT_DSP48E2_ALU_OUT[24]_P[24])
                                                      0.141    11.797 r  design_1_i/top_controller_0/inst/u_preprocessor/p_0_out__11/DSP_OUTPUT_INST/P[24]
                         net (fo=2, routed)           0.256    12.053    design_1_i/top_controller_0/inst/u_preprocessor/grav_z[4]
    SLICE_X26Y87         LUT2 (Prop_D6LUT_SLICEL_I1_O)
                                                      0.147    12.200 r  design_1_i/top_controller_0/inst/u_preprocessor/pred_data_out[pred_accel_z_1][8]_i_7/O
                         net (fo=1, routed)           0.010    12.210    design_1_i/top_controller_0/inst/u_preprocessor/pred_data_out[pred_accel_z_1][8]_i_7_n_0
    SLICE_X26Y87         CARRY8 (Prop_CARRY8_SLICEL_S[3]_CO[7])
                                                      0.195    12.405 r  design_1_i/top_controller_0/inst/u_preprocessor/pred_data_out_reg[pred_accel_z_1][8]_i_1/CO[7]
                         net (fo=1, routed)           0.028    12.433    design_1_i/top_controller_0/inst/u_preprocessor/pred_data_out_reg[pred_accel_z_1][8]_i_1_n_0
    SLICE_X26Y88         CARRY8 (Prop_CARRY8_SLICEL_CI_O[2])
                                                      0.086    12.519 r  design_1_i/top_controller_0/inst/u_preprocessor/pred_data_out_reg[pred_accel_z_1][11]_i_1/O[2]
                         net (fo=1, routed)           0.032    12.551    design_1_i/top_controller_0/inst/u_preprocessor/pred_data_out_reg[pred_accel_z_1][11]_i_1_n_13
    SLICE_X26Y88         FDRE                                         r  design_1_i/top_controller_0/inst/u_preprocessor/pred_data_out_reg[pred_accel_z_1][11]/D
  -------------------------------------------------------------------    -------------------

                         (clock clk_pl_0 rise edge)
                                                     11.250    11.250 r  
    PS8_X0Y0             PS8                          0.000    11.250 r  design_1_i/zynq_ultra_ps_e_0/inst/PS8_i/PLCLK[0]
                         net (fo=1, routed)           0.140    11.390    design_1_i/zynq_ultra_ps_e_0/inst/pl_clk_unbuffered[0]
    BUFG_PS_X0Y58        BUFG_PS (Prop_BUFG_PS_I_O)
                                                      0.027    11.417 r  design_1_i/zynq_ultra_ps_e_0/inst/buffer_pl_clk_0.PL_CLK_0_BUFG/O
    X0Y1 (CLOCK_ROOT)    net (fo=6532, routed)        1.357    12.774    design_1_i/top_controller_0/inst/u_preprocessor/S_AXI_ACLK
    SLICE_X26Y88         FDRE                                         r  design_1_i/top_controller_0/inst/u_preprocessor/pred_data_out_reg[pred_accel_z_1][11]/C
                         clock pessimism              0.141    12.915    
                         clock uncertainty           -0.182    12.733    
    SLICE_X26Y88         FDRE (Setup_CFF_SLICEL_C_D)
                                                      0.027    12.760    design_1_i/top_controller_0/inst/u_preprocessor/pred_data_out_reg[pred_accel_z_1][11]
  -------------------------------------------------------------------
                         required time                         12.760    
                         arrival time                         -12.551    
  -------------------------------------------------------------------
                         slack                                  0.209    





Min Delay Paths
--------------------------------------------------------------------------------------
Slack (MET) :             0.012ns  (arrival time - required time)
  Source:                 design_1_i/ps8_0_axi_periph/s00_couplers/auto_pc/inst/gen_axilite.gen_b2s_conv.axilite_b2s/SI_REG/aw.aw_pipe/m_payload_i_reg[57]/C
                            (rising edge-triggered cell FDRE clocked by clk_pl_0  {rise@0.000ns fall@5.625ns period=11.250ns})
  Destination:            design_1_i/ps8_0_axi_periph/s00_couplers/auto_pc/inst/gen_axilite.gen_b2s_conv.axilite_b2s/WR.aw_channel_0/s_awlen_r_reg[5]/D
                            (rising edge-triggered cell FDRE clocked by clk_pl_0  {rise@0.000ns fall@5.625ns period=11.250ns})
  Path Group:             clk_pl_0
  Path Type:              Hold (Min at Slow Process Corner)
  Requirement:            0.000ns  (clk_pl_0 rise@0.000ns - clk_pl_0 rise@0.000ns)
  Data Path Delay:        0.198ns  (logic 0.073ns (36.782%)  route 0.125ns (63.218%))
  Logic Levels:           0  
  Clock Path Skew:        0.131ns (DCD - SCD - CPR)
    Destination Clock Delay (DCD):    1.834ns
    Source Clock Delay      (SCD):    1.558ns
    Clock Pessimism Removal (CPR):    0.145ns
  Clock Net Delay (Source):      1.391ns (routing 0.576ns, distribution 0.815ns)
  Clock Net Delay (Destination): 1.627ns (routing 0.638ns, distribution 0.989ns)

    Location             Delay type                Incr(ns)  Path(ns)    Netlist Resource(s)
  -------------------------------------------------------------------    -------------------
                         (clock clk_pl_0 rise edge)
                                                      0.000     0.000 r  
    PS8_X0Y0             PS8                          0.000     0.000 r  design_1_i/zynq_ultra_ps_e_0/inst/PS8_i/PLCLK[0]
                         net (fo=1, routed)           0.140     0.140    design_1_i/zynq_ultra_ps_e_0/inst/pl_clk_unbuffered[0]
    BUFG_PS_X0Y58        BUFG_PS (Prop_BUFG_PS_I_O)
                                                      0.027     0.167 r  design_1_i/zynq_ultra_ps_e_0/inst/buffer_pl_clk_0.PL_CLK_0_BUFG/O
    X0Y1 (CLOCK_ROOT)    net (fo=6532, routed)        1.391     1.558    design_1_i/ps8_0_axi_periph/s00_couplers/auto_pc/inst/gen_axilite.gen_b2s_conv.axilite_b2s/SI_REG/aw.aw_pipe/aclk
    SLICE_X0Y136         FDRE                                         r  design_1_i/ps8_0_axi_periph/s00_couplers/auto_pc/inst/gen_axilite.gen_b2s_conv.axilite_b2s/SI_REG/aw.aw_pipe/m_payload_i_reg[57]/C
  -------------------------------------------------------------------    -------------------
    SLICE_X0Y136         FDRE (Prop_DFF2_SLICEL_C_Q)
                                                      0.073     1.631 r  design_1_i/ps8_0_axi_periph/s00_couplers/auto_pc/inst/gen_axilite.gen_b2s_conv.axilite_b2s/SI_REG/aw.aw_pipe/m_payload_i_reg[57]/Q
                         net (fo=3, routed)           0.125     1.756    design_1_i/ps8_0_axi_periph/s00_couplers/auto_pc/inst/gen_axilite.gen_b2s_conv.axilite_b2s/WR.aw_channel_0/s_awid_r_reg[15]_0[21]
    SLICE_X1Y137         FDRE                                         r  design_1_i/ps8_0_axi_periph/s00_couplers/auto_pc/inst/gen_axilite.gen_b2s_conv.axilite_b2s/WR.aw_channel_0/s_awlen_r_reg[5]/D
  -------------------------------------------------------------------    -------------------

                         (clock clk_pl_0 rise edge)
                                                      0.000     0.000 r  
    PS8_X0Y0             PS8                          0.000     0.000 r  design_1_i/zynq_ultra_ps_e_0/inst/PS8_i/PLCLK[0]
                         net (fo=1, routed)           0.178     0.178    design_1_i/zynq_ultra_ps_e_0/inst/pl_clk_unbuffered[0]
    BUFG_PS_X0Y58        BUFG_PS (Prop_BUFG_PS_I_O)
                                                      0.029     0.207 r  design_1_i/zynq_ultra_ps_e_0/inst/buffer_pl_clk_0.PL_CLK_0_BUFG/O
    X0Y1 (CLOCK_ROOT)    net (fo=6532, routed)        1.627     1.834    design_1_i/ps8_0_axi_periph/s00_couplers/auto_pc/inst/gen_axilite.gen_b2s_conv.axilite_b2s/WR.aw_channel_0/aclk
    SLICE_X1Y137         FDRE                                         r  design_1_i/ps8_0_axi_periph/s00_couplers/auto_pc/inst/gen_axilite.gen_b2s_conv.axilite_b2s/WR.aw_channel_0/s_awlen_r_reg[5]/C
                         clock pessimism             -0.145     1.689    
    SLICE_X1Y137         FDRE (Hold_GFF2_SLICEM_C_D)
                                                      0.055     1.744    design_1_i/ps8_0_axi_periph/s00_couplers/auto_pc/inst/gen_axilite.gen_b2s_conv.axilite_b2s/WR.aw_channel_0/s_awlen_r_reg[5]
  -------------------------------------------------------------------
                         required time                         -1.744    
                         arrival time                           1.756    
  -------------------------------------------------------------------
                         slack                                  0.012    

Slack (MET) :             0.012ns  (arrival time - required time)
  Source:                 design_1_i/top_controller_0/inst/u_sensor_reliability/u_chk_gyro_z/delta_history_reg[4][9]/C
                            (rising edge-triggered cell FDRE clocked by clk_pl_0  {rise@0.000ns fall@5.625ns period=11.250ns})
  Destination:            design_1_i/top_controller_0/inst/u_sensor_reliability/u_chk_gyro_z/delta_history_reg[5][9]/D
                            (rising edge-triggered cell FDRE clocked by clk_pl_0  {rise@0.000ns fall@5.625ns period=11.250ns})
  Path Group:             clk_pl_0
  Path Type:              Hold (Min at Slow Process Corner)
  Requirement:            0.000ns  (clk_pl_0 rise@0.000ns - clk_pl_0 rise@0.000ns)
  Data Path Delay:        0.183ns  (logic 0.073ns (39.978%)  route 0.110ns (60.022%))
  Logic Levels:           0  
  Clock Path Skew:        0.115ns (DCD - SCD - CPR)
    Destination Clock Delay (DCD):    1.781ns
    Source Clock Delay      (SCD):    1.525ns
    Clock Pessimism Removal (CPR):    0.141ns
  Clock Net Delay (Source):      1.358ns (routing 0.576ns, distribution 0.782ns)
  Clock Net Delay (Destination): 1.574ns (routing 0.638ns, distribution 0.936ns)

    Location             Delay type                Incr(ns)  Path(ns)    Netlist Resource(s)
  -------------------------------------------------------------------    -------------------
                         (clock clk_pl_0 rise edge)
                                                      0.000     0.000 r  
    PS8_X0Y0             PS8                          0.000     0.000 r  design_1_i/zynq_ultra_ps_e_0/inst/PS8_i/PLCLK[0]
                         net (fo=1, routed)           0.140     0.140    design_1_i/zynq_ultra_ps_e_0/inst/pl_clk_unbuffered[0]
    BUFG_PS_X0Y58        BUFG_PS (Prop_BUFG_PS_I_O)
                                                      0.027     0.167 r  design_1_i/zynq_ultra_ps_e_0/inst/buffer_pl_clk_0.PL_CLK_0_BUFG/O
    X0Y1 (CLOCK_ROOT)    net (fo=6532, routed)        1.358     1.525    design_1_i/top_controller_0/inst/u_sensor_reliability/u_chk_gyro_z/S_AXI_ACLK
    SLICE_X6Y117         FDRE                                         r  design_1_i/top_controller_0/inst/u_sensor_reliability/u_chk_gyro_z/delta_history_reg[4][9]/C
  -------------------------------------------------------------------    -------------------
    SLICE_X6Y117         FDRE (Prop_DFF2_SLICEL_C_Q)
                                                      0.073     1.598 r  design_1_i/top_controller_0/inst/u_sensor_reliability/u_chk_gyro_z/delta_history_reg[4][9]/Q
                         net (fo=3, routed)           0.110     1.708    design_1_i/top_controller_0/inst/u_sensor_reliability/u_chk_gyro_z/delta_history_reg[4]_44[9]
    SLICE_X8Y118         FDRE                                         r  design_1_i/top_controller_0/inst/u_sensor_reliability/u_chk_gyro_z/delta_history_reg[5][9]/D
  -------------------------------------------------------------------    -------------------

                         (clock clk_pl_0 rise edge)
                                                      0.000     0.000 r  
    PS8_X0Y0             PS8                          0.000     0.000 r  design_1_i/zynq_ultra_ps_e_0/inst/PS8_i/PLCLK[0]
                         net (fo=1, routed)           0.178     0.178    design_1_i/zynq_ultra_ps_e_0/inst/pl_clk_unbuffered[0]
    BUFG_PS_X0Y58        BUFG_PS (Prop_BUFG_PS_I_O)
                                                      0.029     0.207 r  design_1_i/zynq_ultra_ps_e_0/inst/buffer_pl_clk_0.PL_CLK_0_BUFG/O
    X0Y1 (CLOCK_ROOT)    net (fo=6532, routed)        1.574     1.781    design_1_i/top_controller_0/inst/u_sensor_reliability/u_chk_gyro_z/S_AXI_ACLK
    SLICE_X8Y118         FDRE                                         r  design_1_i/top_controller_0/inst/u_sensor_reliability/u_chk_gyro_z/delta_history_reg[5][9]/C
                         clock pessimism             -0.141     1.640    
    SLICE_X8Y118         FDRE (Hold_GFF2_SLICEL_C_D)
                                                      0.055     1.695    design_1_i/top_controller_0/inst/u_sensor_reliability/u_chk_gyro_z/delta_history_reg[5][9]
  -------------------------------------------------------------------
                         required time                         -1.695    
                         arrival time                           1.708    
  -------------------------------------------------------------------
                         slack                                  0.012    

Slack (MET) :             0.017ns  (arrival time - required time)
  Source:                 design_1_i/top_controller_0/inst/u_sensor_reliability/u_chk_temperature/delta_history_reg[1][5]/C
                            (rising edge-triggered cell FDRE clocked by clk_pl_0  {rise@0.000ns fall@5.625ns period=11.250ns})
  Destination:            design_1_i/top_controller_0/inst/u_sensor_reliability/u_chk_temperature/delta_history_reg[2][5]/D
                            (rising edge-triggered cell FDRE clocked by clk_pl_0  {rise@0.000ns fall@5.625ns period=11.250ns})
  Path Group:             clk_pl_0
  Path Type:              Hold (Min at Slow Process Corner)
  Requirement:            0.000ns  (clk_pl_0 rise@0.000ns - clk_pl_0 rise@0.000ns)
  Data Path Delay:        0.174ns  (logic 0.070ns (40.223%)  route 0.104ns (59.777%))
  Logic Levels:           0  
  Clock Path Skew:        0.102ns (DCD - SCD - CPR)
    Destination Clock Delay (DCD):    1.807ns
    Source Clock Delay      (SCD):    1.560ns
    Clock Pessimism Removal (CPR):    0.145ns
  Clock Net Delay (Source):      1.393ns (routing 0.576ns, distribution 0.817ns)
  Clock Net Delay (Destination): 1.600ns (routing 0.638ns, distribution 0.962ns)

    Location             Delay type                Incr(ns)  Path(ns)    Netlist Resource(s)
  -------------------------------------------------------------------    -------------------
                         (clock clk_pl_0 rise edge)
                                                      0.000     0.000 r  
    PS8_X0Y0             PS8                          0.000     0.000 r  design_1_i/zynq_ultra_ps_e_0/inst/PS8_i/PLCLK[0]
                         net (fo=1, routed)           0.140     0.140    design_1_i/zynq_ultra_ps_e_0/inst/pl_clk_unbuffered[0]
    BUFG_PS_X0Y58        BUFG_PS (Prop_BUFG_PS_I_O)
                                                      0.027     0.167 r  design_1_i/zynq_ultra_ps_e_0/inst/buffer_pl_clk_0.PL_CLK_0_BUFG/O
    X0Y1 (CLOCK_ROOT)    net (fo=6532, routed)        1.393     1.560    design_1_i/top_controller_0/inst/u_sensor_reliability/u_chk_temperature/S_AXI_ACLK
    SLICE_X7Y139         FDRE                                         r  design_1_i/top_controller_0/inst/u_sensor_reliability/u_chk_temperature/delta_history_reg[1][5]/C
  -------------------------------------------------------------------    -------------------
    SLICE_X7Y139         FDRE (Prop_GFF_SLICEL_C_Q)
                                                      0.070     1.630 r  design_1_i/top_controller_0/inst/u_sensor_reliability/u_chk_temperature/delta_history_reg[1][5]/Q
                         net (fo=3, routed)           0.104     1.734    design_1_i/top_controller_0/inst/u_sensor_reliability/u_chk_temperature/delta_history_reg[1]_71[5]
    SLICE_X5Y139         FDRE                                         r  design_1_i/top_controller_0/inst/u_sensor_reliability/u_chk_temperature/delta_history_reg[2][5]/D
  -------------------------------------------------------------------    -------------------

                         (clock clk_pl_0 rise edge)
                                                      0.000     0.000 r  
    PS8_X0Y0             PS8                          0.000     0.000 r  design_1_i/zynq_ultra_ps_e_0/inst/PS8_i/PLCLK[0]
                         net (fo=1, routed)           0.178     0.178    design_1_i/zynq_ultra_ps_e_0/inst/pl_clk_unbuffered[0]
    BUFG_PS_X0Y58        BUFG_PS (Prop_BUFG_PS_I_O)
                                                      0.029     0.207 r  design_1_i/zynq_ultra_ps_e_0/inst/buffer_pl_clk_0.PL_CLK_0_BUFG/O
    X0Y1 (CLOCK_ROOT)    net (fo=6532, routed)        1.600     1.807    design_1_i/top_controller_0/inst/u_sensor_reliability/u_chk_temperature/S_AXI_ACLK
    SLICE_X5Y139         FDRE                                         r  design_1_i/top_controller_0/inst/u_sensor_reliability/u_chk_temperature/delta_history_reg[2][5]/C
                         clock pessimism             -0.145     1.662    
    SLICE_X5Y139         FDRE (Hold_FFF2_SLICEM_C_D)
                                                      0.055     1.717    design_1_i/top_controller_0/inst/u_sensor_reliability/u_chk_temperature/delta_history_reg[2][5]
  -------------------------------------------------------------------
                         required time                         -1.717    
                         arrival time                           1.734    
  -------------------------------------------------------------------
                         slack                                  0.017    

Slack (MET) :             0.020ns  (arrival time - required time)
  Source:                 design_1_i/top_controller_0/inst/u_sensor_reliability/u_chk_distance/jump_cnt_reg[11]/C
                            (rising edge-triggered cell FDRE clocked by clk_pl_0  {rise@0.000ns fall@5.625ns period=11.250ns})
  Destination:            design_1_i/top_controller_0/inst/u_sensor_reliability/u_chk_distance/jump_cnt_reg[16]/D
                            (rising edge-triggered cell FDRE clocked by clk_pl_0  {rise@0.000ns fall@5.625ns period=11.250ns})
  Path Group:             clk_pl_0
  Path Type:              Hold (Min at Fast Process Corner)
  Requirement:            0.000ns  (clk_pl_0 rise@0.000ns - clk_pl_0 rise@0.000ns)
  Data Path Delay:        0.169ns  (logic 0.120ns (70.916%)  route 0.049ns (29.084%))
  Logic Levels:           3  (CARRY8=2 LUT2=1)
  Clock Path Skew:        0.103ns (DCD - SCD - CPR)
    Destination Clock Delay (DCD):    1.083ns
    Source Clock Delay      (SCD):    0.912ns
    Clock Pessimism Removal (CPR):    0.068ns
  Clock Net Delay (Source):      0.801ns (routing 0.324ns, distribution 0.477ns)
  Clock Net Delay (Destination): 0.945ns (routing 0.365ns, distribution 0.580ns)

    Location             Delay type                Incr(ns)  Path(ns)    Netlist Resource(s)
  -------------------------------------------------------------------    -------------------
                         (clock clk_pl_0 rise edge)
                                                      0.000     0.000 r  
    PS8_X0Y0             PS8                          0.000     0.000 r  design_1_i/zynq_ultra_ps_e_0/inst/PS8_i/PLCLK[0]
                         net (fo=1, routed)           0.094     0.094    design_1_i/zynq_ultra_ps_e_0/inst/pl_clk_unbuffered[0]
    BUFG_PS_X0Y58        BUFG_PS (Prop_BUFG_PS_I_O)
                                                      0.017     0.111 r  design_1_i/zynq_ultra_ps_e_0/inst/buffer_pl_clk_0.PL_CLK_0_BUFG/O
    X0Y1 (CLOCK_ROOT)    net (fo=6532, routed)        0.801     0.912    design_1_i/top_controller_0/inst/u_sensor_reliability/u_chk_distance/S_AXI_ACLK
    SLICE_X21Y119        FDRE                                         r  design_1_i/top_controller_0/inst/u_sensor_reliability/u_chk_distance/jump_cnt_reg[11]/C
  -------------------------------------------------------------------    -------------------
    SLICE_X21Y119        FDRE (Prop_DFF_SLICEL_C_Q)
                                                      0.039     0.951 r  design_1_i/top_controller_0/inst/u_sensor_reliability/u_chk_distance/jump_cnt_reg[11]/Q
                         net (fo=4, routed)           0.032     0.983    design_1_i/top_controller_0/inst/u_sensor_reliability/u_chk_distance/jump_cnt[11]
    SLICE_X21Y119        LUT2 (Prop_D6LUT_SLICEL_I1_O)
                                                      0.014     0.997 r  design_1_i/top_controller_0/inst/u_sensor_reliability/u_chk_distance/jump_cnt[15]_i_6/O
                         net (fo=1, routed)           0.007     1.004    design_1_i/top_controller_0/inst/u_sensor_reliability/u_chk_distance/jump_cnt[15]_i_6_n_0
    SLICE_X21Y119        CARRY8 (Prop_CARRY8_SLICEL_S[3]_CO[7])
                                                      0.048     1.052 r  design_1_i/top_controller_0/inst/u_sensor_reliability/u_chk_distance/jump_cnt_reg[15]_i_1/CO[7]
                         net (fo=1, routed)           0.003     1.055    design_1_i/top_controller_0/inst/u_sensor_reliability/u_chk_distance/jump_cnt_reg[15]_i_1_n_0
    SLICE_X21Y120        CARRY8 (Prop_CARRY8_SLICEL_CI_O[0])
                                                      0.019     1.074 r  design_1_i/top_controller_0/inst/u_sensor_reliability/u_chk_distance/jump_cnt_reg[23]_i_1/O[0]
                         net (fo=1, routed)           0.007     1.081    design_1_i/top_controller_0/inst/u_sensor_reliability/u_chk_distance/jump_cnt2_in[16]
    SLICE_X21Y120        FDRE                                         r  design_1_i/top_controller_0/inst/u_sensor_reliability/u_chk_distance/jump_cnt_reg[16]/D
  -------------------------------------------------------------------    -------------------

                         (clock clk_pl_0 rise edge)
                                                      0.000     0.000 r  
    PS8_X0Y0             PS8                          0.000     0.000 r  design_1_i/zynq_ultra_ps_e_0/inst/PS8_i/PLCLK[0]
                         net (fo=1, routed)           0.120     0.120    design_1_i/zynq_ultra_ps_e_0/inst/pl_clk_unbuffered[0]
    BUFG_PS_X0Y58        BUFG_PS (Prop_BUFG_PS_I_O)
                                                      0.018     0.138 r  design_1_i/zynq_ultra_ps_e_0/inst/buffer_pl_clk_0.PL_CLK_0_BUFG/O
    X0Y1 (CLOCK_ROOT)    net (fo=6532, routed)        0.945     1.083    design_1_i/top_controller_0/inst/u_sensor_reliability/u_chk_distance/S_AXI_ACLK
    SLICE_X21Y120        FDRE                                         r  design_1_i/top_controller_0/inst/u_sensor_reliability/u_chk_distance/jump_cnt_reg[16]/C
                         clock pessimism             -0.068     1.015    
    SLICE_X21Y120        FDRE (Hold_AFF_SLICEL_C_D)
                                                      0.046     1.061    design_1_i/top_controller_0/inst/u_sensor_reliability/u_chk_distance/jump_cnt_reg[16]
  -------------------------------------------------------------------
                         required time                         -1.061    
                         arrival time                           1.081    
  -------------------------------------------------------------------
                         slack                                  0.020    

Slack (MET) :             0.025ns  (arrival time - required time)
  Source:                 design_1_i/top_controller_0/inst/u_sensor_reliability/u_chk_distance/jump_cnt_reg[11]/C
                            (rising edge-triggered cell FDRE clocked by clk_pl_0  {rise@0.000ns fall@5.625ns period=11.250ns})
  Destination:            design_1_i/top_controller_0/inst/u_sensor_reliability/u_chk_distance/jump_cnt_reg[18]/D
                            (rising edge-triggered cell FDRE clocked by clk_pl_0  {rise@0.000ns fall@5.625ns period=11.250ns})
  Path Group:             clk_pl_0
  Path Type:              Hold (Min at Fast Process Corner)
  Requirement:            0.000ns  (clk_pl_0 rise@0.000ns - clk_pl_0 rise@0.000ns)
  Data Path Delay:        0.174ns  (logic 0.125ns (71.751%)  route 0.049ns (28.249%))
  Logic Levels:           3  (CARRY8=2 LUT2=1)
  Clock Path Skew:        0.103ns (DCD - SCD - CPR)
    Destination Clock Delay (DCD):    1.083ns
    Source Clock Delay      (SCD):    0.912ns
    Clock Pessimism Removal (CPR):    0.068ns
  Clock Net Delay (Source):      0.801ns (routing 0.324ns, distribution 0.477ns)
  Clock Net Delay (Destination): 0.945ns (routing 0.365ns, distribution 0.580ns)

    Location             Delay type                Incr(ns)  Path(ns)    Netlist Resource(s)
  -------------------------------------------------------------------    -------------------
                         (clock clk_pl_0 rise edge)
                                                      0.000     0.000 r  
    PS8_X0Y0             PS8                          0.000     0.000 r  design_1_i/zynq_ultra_ps_e_0/inst/PS8_i/PLCLK[0]
                         net (fo=1, routed)           0.094     0.094    design_1_i/zynq_ultra_ps_e_0/inst/pl_clk_unbuffered[0]
    BUFG_PS_X0Y58        BUFG_PS (Prop_BUFG_PS_I_O)
                                                      0.017     0.111 r  design_1_i/zynq_ultra_ps_e_0/inst/buffer_pl_clk_0.PL_CLK_0_BUFG/O
    X0Y1 (CLOCK_ROOT)    net (fo=6532, routed)        0.801     0.912    design_1_i/top_controller_0/inst/u_sensor_reliability/u_chk_distance/S_AXI_ACLK
    SLICE_X21Y119        FDRE                                         r  design_1_i/top_controller_0/inst/u_sensor_reliability/u_chk_distance/jump_cnt_reg[11]/C
  -------------------------------------------------------------------    -------------------
    SLICE_X21Y119        FDRE (Prop_DFF_SLICEL_C_Q)
                                                      0.039     0.951 r  design_1_i/top_controller_0/inst/u_sensor_reliability/u_chk_distance/jump_cnt_reg[11]/Q
                         net (fo=4, routed)           0.032     0.983    design_1_i/top_controller_0/inst/u_sensor_reliability/u_chk_distance/jump_cnt[11]
    SLICE_X21Y119        LUT2 (Prop_D6LUT_SLICEL_I1_O)
                                                      0.014     0.997 r  design_1_i/top_controller_0/inst/u_sensor_reliability/u_chk_distance/jump_cnt[15]_i_6/O
                         net (fo=1, routed)           0.007     1.004    design_1_i/top_controller_0/inst/u_sensor_reliability/u_chk_distance/jump_cnt[15]_i_6_n_0
    SLICE_X21Y119        CARRY8 (Prop_CARRY8_SLICEL_S[3]_CO[7])
                                                      0.048     1.052 r  design_1_i/top_controller_0/inst/u_sensor_reliability/u_chk_distance/jump_cnt_reg[15]_i_1/CO[7]
                         net (fo=1, routed)           0.003     1.055    design_1_i/top_controller_0/inst/u_sensor_reliability/u_chk_distance/jump_cnt_reg[15]_i_1_n_0
    SLICE_X21Y120        CARRY8 (Prop_CARRY8_SLICEL_CI_O[2])
                                                      0.024     1.079 r  design_1_i/top_controller_0/inst/u_sensor_reliability/u_chk_distance/jump_cnt_reg[23]_i_1/O[2]
                         net (fo=1, routed)           0.007     1.086    design_1_i/top_controller_0/inst/u_sensor_reliability/u_chk_distance/jump_cnt2_in[18]
    SLICE_X21Y120        FDRE                                         r  design_1_i/top_controller_0/inst/u_sensor_reliability/u_chk_distance/jump_cnt_reg[18]/D
  -------------------------------------------------------------------    -------------------

                         (clock clk_pl_0 rise edge)
                                                      0.000     0.000 r  
    PS8_X0Y0             PS8                          0.000     0.000 r  design_1_i/zynq_ultra_ps_e_0/inst/PS8_i/PLCLK[0]
                         net (fo=1, routed)           0.120     0.120    design_1_i/zynq_ultra_ps_e_0/inst/pl_clk_unbuffered[0]
    BUFG_PS_X0Y58        BUFG_PS (Prop_BUFG_PS_I_O)
                                                      0.018     0.138 r  design_1_i/zynq_ultra_ps_e_0/inst/buffer_pl_clk_0.PL_CLK_0_BUFG/O
    X0Y1 (CLOCK_ROOT)    net (fo=6532, routed)        0.945     1.083    design_1_i/top_controller_0/inst/u_sensor_reliability/u_chk_distance/S_AXI_ACLK
    SLICE_X21Y120        FDRE                                         r  design_1_i/top_controller_0/inst/u_sensor_reliability/u_chk_distance/jump_cnt_reg[18]/C
                         clock pessimism             -0.068     1.015    
    SLICE_X21Y120        FDRE (Hold_CFF_SLICEL_C_D)
                                                      0.046     1.061    design_1_i/top_controller_0/inst/u_sensor_reliability/u_chk_distance/jump_cnt_reg[18]
  -------------------------------------------------------------------
                         required time                         -1.061    
                         arrival time                           1.086    
  -------------------------------------------------------------------
                         slack                                  0.025    

Slack (MET) :             0.027ns  (arrival time - required time)
  Source:                 design_1_i/ps8_0_axi_periph/s00_couplers/auto_pc/inst/gen_axilite.gen_b2s_conv.axilite_b2s/WR.aw_channel_0/cmd_translator_0/incr_cmd_0/axaddr_incr_reg[5]/C
                            (rising edge-triggered cell FDRE clocked by clk_pl_0  {rise@0.000ns fall@5.625ns period=11.250ns})
  Destination:            design_1_i/top_controller_0/inst/u_axi_slave/axi_awaddr_reg[5]/D
                            (rising edge-triggered cell FDRE clocked by clk_pl_0  {rise@0.000ns fall@5.625ns period=11.250ns})
  Path Group:             clk_pl_0
  Path Type:              Hold (Min at Fast Process Corner)
  Requirement:            0.000ns  (clk_pl_0 rise@0.000ns - clk_pl_0 rise@0.000ns)
  Data Path Delay:        0.097ns  (logic 0.054ns (55.661%)  route 0.043ns (44.339%))
  Logic Levels:           1  (LUT6=1)
  Clock Path Skew:        0.024ns (DCD - SCD - CPR)
    Destination Clock Delay (DCD):    1.071ns
    Source Clock Delay      (SCD):    0.924ns
    Clock Pessimism Removal (CPR):    0.123ns
  Clock Net Delay (Source):      0.813ns (routing 0.324ns, distribution 0.489ns)
  Clock Net Delay (Destination): 0.933ns (routing 0.365ns, distribution 0.568ns)

    Location             Delay type                Incr(ns)  Path(ns)    Netlist Resource(s)
  -------------------------------------------------------------------    -------------------
                         (clock clk_pl_0 rise edge)
                                                      0.000     0.000 r  
    PS8_X0Y0             PS8                          0.000     0.000 r  design_1_i/zynq_ultra_ps_e_0/inst/PS8_i/PLCLK[0]
                         net (fo=1, routed)           0.094     0.094    design_1_i/zynq_ultra_ps_e_0/inst/pl_clk_unbuffered[0]
    BUFG_PS_X0Y58        BUFG_PS (Prop_BUFG_PS_I_O)
                                                      0.017     0.111 r  design_1_i/zynq_ultra_ps_e_0/inst/buffer_pl_clk_0.PL_CLK_0_BUFG/O
    X0Y1 (CLOCK_ROOT)    net (fo=6532, routed)        0.813     0.924    design_1_i/ps8_0_axi_periph/s00_couplers/auto_pc/inst/gen_axilite.gen_b2s_conv.axilite_b2s/WR.aw_channel_0/cmd_translator_0/incr_cmd_0/aclk
    SLICE_X2Y136         FDRE                                         r  design_1_i/ps8_0_axi_periph/s00_couplers/auto_pc/inst/gen_axilite.gen_b2s_conv.axilite_b2s/WR.aw_channel_0/cmd_translator_0/incr_cmd_0/axaddr_incr_reg[5]/C
  -------------------------------------------------------------------    -------------------
    SLICE_X2Y136         FDRE (Prop_CFF_SLICEL_C_Q)
                                                      0.039     0.963 r  design_1_i/ps8_0_axi_periph/s00_couplers/auto_pc/inst/gen_axilite.gen_b2s_conv.axilite_b2s/WR.aw_channel_0/cmd_translator_0/incr_cmd_0/axaddr_incr_reg[5]/Q
                         net (fo=2, routed)           0.026     0.989    design_1_i/ps8_0_axi_periph/s00_couplers/auto_pc/inst/gen_axilite.gen_b2s_conv.axilite_b2s/WR.aw_channel_0/cmd_translator_0/wrap_cmd_0/m_axi_awaddr[11][1]
    SLICE_X2Y135         LUT6 (Prop_H6LUT_SLICEL_I5_O)
                                                      0.015     1.004 r  design_1_i/ps8_0_axi_periph/s00_couplers/auto_pc/inst/gen_axilite.gen_b2s_conv.axilite_b2s/WR.aw_channel_0/cmd_translator_0/wrap_cmd_0/m_axi_awaddr[5]_INST_0/O
                         net (fo=1, routed)           0.017     1.021    design_1_i/top_controller_0/inst/u_axi_slave/S_AXI_AWADDR[3]
    SLICE_X2Y135         FDRE                                         r  design_1_i/top_controller_0/inst/u_axi_slave/axi_awaddr_reg[5]/D
  -------------------------------------------------------------------    -------------------

                         (clock clk_pl_0 rise edge)
                                                      0.000     0.000 r  
    PS8_X0Y0             PS8                          0.000     0.000 r  design_1_i/zynq_ultra_ps_e_0/inst/PS8_i/PLCLK[0]
                         net (fo=1, routed)           0.120     0.120    design_1_i/zynq_ultra_ps_e_0/inst/pl_clk_unbuffered[0]
    BUFG_PS_X0Y58        BUFG_PS (Prop_BUFG_PS_I_O)
                                                      0.018     0.138 r  design_1_i/zynq_ultra_ps_e_0/inst/buffer_pl_clk_0.PL_CLK_0_BUFG/O
    X0Y1 (CLOCK_ROOT)    net (fo=6532, routed)        0.933     1.071    design_1_i/top_controller_0/inst/u_axi_slave/S_AXI_ACLK
    SLICE_X2Y135         FDRE                                         r  design_1_i/top_controller_0/inst/u_axi_slave/axi_awaddr_reg[5]/C
                         clock pessimism             -0.123     0.948    
    SLICE_X2Y135         FDRE (Hold_HFF_SLICEL_C_D)
                                                      0.046     0.994    design_1_i/top_controller_0/inst/u_axi_slave/axi_awaddr_reg[5]
  -------------------------------------------------------------------
                         required time                         -0.994    
                         arrival time                           1.021    
  -------------------------------------------------------------------
                         slack                                  0.027    

Slack (MET) :             0.027ns  (arrival time - required time)
  Source:                 design_1_i/top_controller_0/inst/u_preprocessor/sim_data_out_reg[incline_x][13]/C
                            (rising edge-triggered cell FDRE clocked by clk_pl_0  {rise@0.000ns fall@5.625ns period=11.250ns})
  Destination:            design_1_i/top_controller_0/inst/u_risk_types/sim_data_out_reg[incline_x][13]/D
                            (rising edge-triggered cell FDRE clocked by clk_pl_0  {rise@0.000ns fall@5.625ns period=11.250ns})
  Path Group:             clk_pl_0
  Path Type:              Hold (Min at Slow Process Corner)
  Requirement:            0.000ns  (clk_pl_0 rise@0.000ns - clk_pl_0 rise@0.000ns)
  Data Path Delay:        0.191ns  (logic 0.071ns (37.134%)  route 0.120ns (62.867%))
  Logic Levels:           0  
  Clock Path Skew:        0.109ns (DCD - SCD - CPR)
    Destination Clock Delay (DCD):    1.805ns
    Source Clock Delay      (SCD):    1.555ns
    Clock Pessimism Removal (CPR):    0.140ns
  Clock Net Delay (Source):      1.388ns (routing 0.576ns, distribution 0.812ns)
  Clock Net Delay (Destination): 1.598ns (routing 0.638ns, distribution 0.960ns)

    Location             Delay type                Incr(ns)  Path(ns)    Netlist Resource(s)
  -------------------------------------------------------------------    -------------------
                         (clock clk_pl_0 rise edge)
                                                      0.000     0.000 r  
    PS8_X0Y0             PS8                          0.000     0.000 r  design_1_i/zynq_ultra_ps_e_0/inst/PS8_i/PLCLK[0]
                         net (fo=1, routed)           0.140     0.140    design_1_i/zynq_ultra_ps_e_0/inst/pl_clk_unbuffered[0]
    BUFG_PS_X0Y58        BUFG_PS (Prop_BUFG_PS_I_O)
                                                      0.027     0.167 r  design_1_i/zynq_ultra_ps_e_0/inst/buffer_pl_clk_0.PL_CLK_0_BUFG/O
    X0Y1 (CLOCK_ROOT)    net (fo=6532, routed)        1.388     1.555    design_1_i/top_controller_0/inst/u_preprocessor/S_AXI_ACLK
    SLICE_X24Y106        FDRE                                         r  design_1_i/top_controller_0/inst/u_preprocessor/sim_data_out_reg[incline_x][13]/C
  -------------------------------------------------------------------    -------------------
    SLICE_X24Y106        FDRE (Prop_BFF2_SLICEM_C_Q)
                                                      0.071     1.626 r  design_1_i/top_controller_0/inst/u_preprocessor/sim_data_out_reg[incline_x][13]/Q
                         net (fo=2, routed)           0.120     1.746    design_1_i/top_controller_0/inst/u_risk_types/sim_data_out_reg[incline_x][15]_1[13]
    SLICE_X22Y108        FDRE                                         r  design_1_i/top_controller_0/inst/u_risk_types/sim_data_out_reg[incline_x][13]/D
  -------------------------------------------------------------------    -------------------

                         (clock clk_pl_0 rise edge)
                                                      0.000     0.000 r  
    PS8_X0Y0             PS8                          0.000     0.000 r  design_1_i/zynq_ultra_ps_e_0/inst/PS8_i/PLCLK[0]
                         net (fo=1, routed)           0.178     0.178    design_1_i/zynq_ultra_ps_e_0/inst/pl_clk_unbuffered[0]
    BUFG_PS_X0Y58        BUFG_PS (Prop_BUFG_PS_I_O)
                                                      0.029     0.207 r  design_1_i/zynq_ultra_ps_e_0/inst/buffer_pl_clk_0.PL_CLK_0_BUFG/O
    X0Y1 (CLOCK_ROOT)    net (fo=6532, routed)        1.598     1.805    design_1_i/top_controller_0/inst/u_risk_types/S_AXI_ACLK
    SLICE_X22Y108        FDRE                                         r  design_1_i/top_controller_0/inst/u_risk_types/sim_data_out_reg[incline_x][13]/C
                         clock pessimism             -0.140     1.664    
    SLICE_X22Y108        FDRE (Hold_GFF2_SLICEL_C_D)
                                                      0.055     1.719    design_1_i/top_controller_0/inst/u_risk_types/sim_data_out_reg[incline_x][13]
  -------------------------------------------------------------------
                         required time                         -1.719    
                         arrival time                           1.746    
  -------------------------------------------------------------------
                         slack                                  0.027    

Slack (MET) :             0.027ns  (arrival time - required time)
  Source:                 design_1_i/top_controller_0/inst/u_sensor_reliability/u_chk_gyro_z/delta_history_reg[7][13]/C
                            (rising edge-triggered cell FDRE clocked by clk_pl_0  {rise@0.000ns fall@5.625ns period=11.250ns})
  Destination:            design_1_i/top_controller_0/inst/u_sensor_reliability/u_chk_gyro_z/delta_history_reg[8][13]/D
                            (rising edge-triggered cell FDRE clocked by clk_pl_0  {rise@0.000ns fall@5.625ns period=11.250ns})
  Path Group:             clk_pl_0
  Path Type:              Hold (Min at Fast Process Corner)
  Requirement:            0.000ns  (clk_pl_0 rise@0.000ns - clk_pl_0 rise@0.000ns)
  Data Path Delay:        0.101ns  (logic 0.039ns (38.459%)  route 0.062ns (61.541%))
  Logic Levels:           0  
  Clock Path Skew:        0.028ns (DCD - SCD - CPR)
    Destination Clock Delay (DCD):    1.040ns
    Source Clock Delay      (SCD):    0.893ns
    Clock Pessimism Removal (CPR):    0.120ns
  Clock Net Delay (Source):      0.782ns (routing 0.324ns, distribution 0.458ns)
  Clock Net Delay (Destination): 0.902ns (routing 0.365ns, distribution 0.537ns)

    Location             Delay type                Incr(ns)  Path(ns)    Netlist Resource(s)
  -------------------------------------------------------------------    -------------------
                         (clock clk_pl_0 rise edge)
                                                      0.000     0.000 r  
    PS8_X0Y0             PS8                          0.000     0.000 r  design_1_i/zynq_ultra_ps_e_0/inst/PS8_i/PLCLK[0]
                         net (fo=1, routed)           0.094     0.094    design_1_i/zynq_ultra_ps_e_0/inst/pl_clk_unbuffered[0]
    BUFG_PS_X0Y58        BUFG_PS (Prop_BUFG_PS_I_O)
                                                      0.017     0.111 r  design_1_i/zynq_ultra_ps_e_0/inst/buffer_pl_clk_0.PL_CLK_0_BUFG/O
    X0Y1 (CLOCK_ROOT)    net (fo=6532, routed)        0.782     0.893    design_1_i/top_controller_0/inst/u_sensor_reliability/u_chk_gyro_z/S_AXI_ACLK
    SLICE_X10Y118        FDRE                                         r  design_1_i/top_controller_0/inst/u_sensor_reliability/u_chk_gyro_z/delta_history_reg[7][13]/C
  -------------------------------------------------------------------    -------------------
    SLICE_X10Y118        FDRE (Prop_HFF_SLICEL_C_Q)
                                                      0.039     0.932 r  design_1_i/top_controller_0/inst/u_sensor_reliability/u_chk_gyro_z/delta_history_reg[7][13]/Q
                         net (fo=3, routed)           0.062     0.994    design_1_i/top_controller_0/inst/u_sensor_reliability/u_chk_gyro_z/delta_history_reg[7]_47[13]
    SLICE_X10Y119        FDRE                                         r  design_1_i/top_controller_0/inst/u_sensor_reliability/u_chk_gyro_z/delta_history_reg[8][13]/D
  -------------------------------------------------------------------    -------------------

                         (clock clk_pl_0 rise edge)
                                                      0.000     0.000 r  
    PS8_X0Y0             PS8                          0.000     0.000 r  design_1_i/zynq_ultra_ps_e_0/inst/PS8_i/PLCLK[0]
                         net (fo=1, routed)           0.120     0.120    design_1_i/zynq_ultra_ps_e_0/inst/pl_clk_unbuffered[0]
    BUFG_PS_X0Y58        BUFG_PS (Prop_BUFG_PS_I_O)
                                                      0.018     0.138 r  design_1_i/zynq_ultra_ps_e_0/inst/buffer_pl_clk_0.PL_CLK_0_BUFG/O
    X0Y1 (CLOCK_ROOT)    net (fo=6532, routed)        0.902     1.040    design_1_i/top_controller_0/inst/u_sensor_reliability/u_chk_gyro_z/S_AXI_ACLK
    SLICE_X10Y119        FDRE                                         r  design_1_i/top_controller_0/inst/u_sensor_reliability/u_chk_gyro_z/delta_history_reg[8][13]/C
                         clock pessimism             -0.120     0.920    
    SLICE_X10Y119        FDRE (Hold_FFF2_SLICEL_C_D)
                                                      0.047     0.967    design_1_i/top_controller_0/inst/u_sensor_reliability/u_chk_gyro_z/delta_history_reg[8][13]
  -------------------------------------------------------------------
                         required time                         -0.967    
                         arrival time                           0.994    
  -------------------------------------------------------------------
                         slack                                  0.027    

Slack (MET) :             0.031ns  (arrival time - required time)
  Source:                 design_1_i/ps8_0_axi_periph/s00_couplers/auto_pc/inst/gen_axilite.gen_b2s_conv.axilite_b2s/SI_REG/ar.ar_pipe/skid_buffer_reg[44]/C
                            (rising edge-triggered cell FDRE clocked by clk_pl_0  {rise@0.000ns fall@5.625ns period=11.250ns})
  Destination:            design_1_i/ps8_0_axi_periph/s00_couplers/auto_pc/inst/gen_axilite.gen_b2s_conv.axilite_b2s/SI_REG/ar.ar_pipe/m_payload_i_reg[44]/D
                            (rising edge-triggered cell FDRE clocked by clk_pl_0  {rise@0.000ns fall@5.625ns period=11.250ns})
  Path Group:             clk_pl_0
  Path Type:              Hold (Min at Fast Process Corner)
  Requirement:            0.000ns  (clk_pl_0 rise@0.000ns - clk_pl_0 rise@0.000ns)
  Data Path Delay:        0.088ns  (logic 0.059ns (67.045%)  route 0.029ns (32.955%))
  Logic Levels:           1  (LUT3=1)
  Clock Path Skew:        0.010ns (DCD - SCD - CPR)
    Destination Clock Delay (DCD):    1.068ns
    Source Clock Delay      (SCD):    0.928ns
    Clock Pessimism Removal (CPR):    0.130ns
  Clock Net Delay (Source):      0.817ns (routing 0.324ns, distribution 0.493ns)
  Clock Net Delay (Destination): 0.930ns (routing 0.365ns, distribution 0.565ns)

    Location             Delay type                Incr(ns)  Path(ns)    Netlist Resource(s)
  -------------------------------------------------------------------    -------------------
                         (clock clk_pl_0 rise edge)
                                                      0.000     0.000 r  
    PS8_X0Y0             PS8                          0.000     0.000 r  design_1_i/zynq_ultra_ps_e_0/inst/PS8_i/PLCLK[0]
                         net (fo=1, routed)           0.094     0.094    design_1_i/zynq_ultra_ps_e_0/inst/pl_clk_unbuffered[0]
    BUFG_PS_X0Y58        BUFG_PS (Prop_BUFG_PS_I_O)
                                                      0.017     0.111 r  design_1_i/zynq_ultra_ps_e_0/inst/buffer_pl_clk_0.PL_CLK_0_BUFG/O
    X0Y1 (CLOCK_ROOT)    net (fo=6532, routed)        0.817     0.928    design_1_i/ps8_0_axi_periph/s00_couplers/auto_pc/inst/gen_axilite.gen_b2s_conv.axilite_b2s/SI_REG/ar.ar_pipe/aclk
    SLICE_X2Y132         FDRE                                         r  design_1_i/ps8_0_axi_periph/s00_couplers/auto_pc/inst/gen_axilite.gen_b2s_conv.axilite_b2s/SI_REG/ar.ar_pipe/skid_buffer_reg[44]/C
  -------------------------------------------------------------------    -------------------
    SLICE_X2Y132         FDRE (Prop_GFF_SLICEL_C_Q)
                                                      0.039     0.967 r  design_1_i/ps8_0_axi_periph/s00_couplers/auto_pc/inst/gen_axilite.gen_b2s_conv.axilite_b2s/SI_REG/ar.ar_pipe/skid_buffer_reg[44]/Q
                         net (fo=1, routed)           0.023     0.990    design_1_i/ps8_0_axi_periph/s00_couplers/auto_pc/inst/gen_axilite.gen_b2s_conv.axilite_b2s/SI_REG/ar.ar_pipe/skid_buffer_reg_n_0_[44]
    SLICE_X2Y132         LUT3 (Prop_D5LUT_SLICEL_I2_O)
                                                      0.020     1.010 r  design_1_i/ps8_0_axi_periph/s00_couplers/auto_pc/inst/gen_axilite.gen_b2s_conv.axilite_b2s/SI_REG/ar.ar_pipe/m_payload_i[44]_i_1__0/O
                         net (fo=1, routed)           0.006     1.016    design_1_i/ps8_0_axi_periph/s00_couplers/auto_pc/inst/gen_axilite.gen_b2s_conv.axilite_b2s/SI_REG/ar.ar_pipe/m_payload_i[44]_i_1__0_n_0
    SLICE_X2Y132         FDRE                                         r  design_1_i/ps8_0_axi_periph/s00_couplers/auto_pc/inst/gen_axilite.gen_b2s_conv.axilite_b2s/SI_REG/ar.ar_pipe/m_payload_i_reg[44]/D
  -------------------------------------------------------------------    -------------------

                         (clock clk_pl_0 rise edge)
                                                      0.000     0.000 r  
    PS8_X0Y0             PS8                          0.000     0.000 r  design_1_i/zynq_ultra_ps_e_0/inst/PS8_i/PLCLK[0]
                         net (fo=1, routed)           0.120     0.120    design_1_i/zynq_ultra_ps_e_0/inst/pl_clk_unbuffered[0]
    BUFG_PS_X0Y58        BUFG_PS (Prop_BUFG_PS_I_O)
                                                      0.018     0.138 r  design_1_i/zynq_ultra_ps_e_0/inst/buffer_pl_clk_0.PL_CLK_0_BUFG/O
    X0Y1 (CLOCK_ROOT)    net (fo=6532, routed)        0.930     1.068    design_1_i/ps8_0_axi_periph/s00_couplers/auto_pc/inst/gen_axilite.gen_b2s_conv.axilite_b2s/SI_REG/ar.ar_pipe/aclk
    SLICE_X2Y132         FDRE                                         r  design_1_i/ps8_0_axi_periph/s00_couplers/auto_pc/inst/gen_axilite.gen_b2s_conv.axilite_b2s/SI_REG/ar.ar_pipe/m_payload_i_reg[44]/C
                         clock pessimism             -0.130     0.938    
    SLICE_X2Y132         FDRE (Hold_DFF2_SLICEL_C_D)
                                                      0.047     0.985    design_1_i/ps8_0_axi_periph/s00_couplers/auto_pc/inst/gen_axilite.gen_b2s_conv.axilite_b2s/SI_REG/ar.ar_pipe/m_payload_i_reg[44]
  -------------------------------------------------------------------
                         required time                         -0.985    
                         arrival time                           1.016    
  -------------------------------------------------------------------
                         slack                                  0.031    

Slack (MET) :             0.031ns  (arrival time - required time)
  Source:                 design_1_i/ps8_0_axi_periph/s00_couplers/auto_pc/inst/gen_axilite.gen_b2s_conv.axilite_b2s/SI_REG/ar.ar_pipe/skid_buffer_reg[53]/C
                            (rising edge-triggered cell FDRE clocked by clk_pl_0  {rise@0.000ns fall@5.625ns period=11.250ns})
  Destination:            design_1_i/ps8_0_axi_periph/s00_couplers/auto_pc/inst/gen_axilite.gen_b2s_conv.axilite_b2s/SI_REG/ar.ar_pipe/m_payload_i_reg[53]/D
                            (rising edge-triggered cell FDRE clocked by clk_pl_0  {rise@0.000ns fall@5.625ns period=11.250ns})
  Path Group:             clk_pl_0
  Path Type:              Hold (Min at Fast Process Corner)
  Requirement:            0.000ns  (clk_pl_0 rise@0.000ns - clk_pl_0 rise@0.000ns)
  Data Path Delay:        0.088ns  (logic 0.059ns (67.045%)  route 0.029ns (32.955%))
  Logic Levels:           1  (LUT3=1)
  Clock Path Skew:        0.010ns (DCD - SCD - CPR)
    Destination Clock Delay (DCD):    1.069ns
    Source Clock Delay      (SCD):    0.929ns
    Clock Pessimism Removal (CPR):    0.130ns
  Clock Net Delay (Source):      0.818ns (routing 0.324ns, distribution 0.494ns)
  Clock Net Delay (Destination): 0.931ns (routing 0.365ns, distribution 0.566ns)

    Location             Delay type                Incr(ns)  Path(ns)    Netlist Resource(s)
  -------------------------------------------------------------------    -------------------
                         (clock clk_pl_0 rise edge)
                                                      0.000     0.000 r  
    PS8_X0Y0             PS8                          0.000     0.000 r  design_1_i/zynq_ultra_ps_e_0/inst/PS8_i/PLCLK[0]
                         net (fo=1, routed)           0.094     0.094    design_1_i/zynq_ultra_ps_e_0/inst/pl_clk_unbuffered[0]
    BUFG_PS_X0Y58        BUFG_PS (Prop_BUFG_PS_I_O)
                                                      0.017     0.111 r  design_1_i/zynq_ultra_ps_e_0/inst/buffer_pl_clk_0.PL_CLK_0_BUFG/O
    X0Y1 (CLOCK_ROOT)    net (fo=6532, routed)        0.818     0.929    design_1_i/ps8_0_axi_periph/s00_couplers/auto_pc/inst/gen_axilite.gen_b2s_conv.axilite_b2s/SI_REG/ar.ar_pipe/aclk
    SLICE_X2Y129         FDRE                                         r  design_1_i/ps8_0_axi_periph/s00_couplers/auto_pc/inst/gen_axilite.gen_b2s_conv.axilite_b2s/SI_REG/ar.ar_pipe/skid_buffer_reg[53]/C
  -------------------------------------------------------------------    -------------------
    SLICE_X2Y129         FDRE (Prop_GFF_SLICEL_C_Q)
                                                      0.039     0.968 r  design_1_i/ps8_0_axi_periph/s00_couplers/auto_pc/inst/gen_axilite.gen_b2s_conv.axilite_b2s/SI_REG/ar.ar_pipe/skid_buffer_reg[53]/Q
                         net (fo=1, routed)           0.023     0.991    design_1_i/ps8_0_axi_periph/s00_couplers/auto_pc/inst/gen_axilite.gen_b2s_conv.axilite_b2s/SI_REG/ar.ar_pipe/skid_buffer_reg_n_0_[53]
    SLICE_X2Y129         LUT3 (Prop_D5LUT_SLICEL_I2_O)
                                                      0.020     1.011 r  design_1_i/ps8_0_axi_periph/s00_couplers/auto_pc/inst/gen_axilite.gen_b2s_conv.axilite_b2s/SI_REG/ar.ar_pipe/m_payload_i[53]_i_1__0/O
                         net (fo=1, routed)           0.006     1.017    design_1_i/ps8_0_axi_periph/s00_couplers/auto_pc/inst/gen_axilite.gen_b2s_conv.axilite_b2s/SI_REG/ar.ar_pipe/m_payload_i[53]_i_1__0_n_0
    SLICE_X2Y129         FDRE                                         r  design_1_i/ps8_0_axi_periph/s00_couplers/auto_pc/inst/gen_axilite.gen_b2s_conv.axilite_b2s/SI_REG/ar.ar_pipe/m_payload_i_reg[53]/D
  -------------------------------------------------------------------    -------------------

                         (clock clk_pl_0 rise edge)
                                                      0.000     0.000 r  
    PS8_X0Y0             PS8                          0.000     0.000 r  design_1_i/zynq_ultra_ps_e_0/inst/PS8_i/PLCLK[0]
                         net (fo=1, routed)           0.120     0.120    design_1_i/zynq_ultra_ps_e_0/inst/pl_clk_unbuffered[0]
    BUFG_PS_X0Y58        BUFG_PS (Prop_BUFG_PS_I_O)
                                                      0.018     0.138 r  design_1_i/zynq_ultra_ps_e_0/inst/buffer_pl_clk_0.PL_CLK_0_BUFG/O
    X0Y1 (CLOCK_ROOT)    net (fo=6532, routed)        0.931     1.069    design_1_i/ps8_0_axi_periph/s00_couplers/auto_pc/inst/gen_axilite.gen_b2s_conv.axilite_b2s/SI_REG/ar.ar_pipe/aclk
    SLICE_X2Y129         FDRE                                         r  design_1_i/ps8_0_axi_periph/s00_couplers/auto_pc/inst/gen_axilite.gen_b2s_conv.axilite_b2s/SI_REG/ar.ar_pipe/m_payload_i_reg[53]/C
                         clock pessimism             -0.130     0.939    
    SLICE_X2Y129         FDRE (Hold_DFF2_SLICEL_C_D)
                                                      0.047     0.986    design_1_i/ps8_0_axi_periph/s00_couplers/auto_pc/inst/gen_axilite.gen_b2s_conv.axilite_b2s/SI_REG/ar.ar_pipe/m_payload_i_reg[53]
  -------------------------------------------------------------------
                         required time                         -0.986    
                         arrival time                           1.017    
  -------------------------------------------------------------------
                         slack                                  0.031    





Pulse Width Checks
--------------------------------------------------------------------------------------
Clock Name:         clk_pl_0
Waveform(ns):       { 0.000 5.625 }
Period(ns):         11.250
Sources:            { design_1_i/zynq_ultra_ps_e_0/inst/PS8_i/PLCLK[0] }

Check Type        Corner  Lib Pin          Reference Pin  Required(ns)  Actual(ns)  Slack(ns)  Location      Pin
Min Period        n/a     PS8/MAXIGP2ACLK  n/a            3.000         11.250      8.250      PS8_X0Y0      design_1_i/zynq_ultra_ps_e_0/inst/PS8_i/MAXIGP2ACLK
Min Period        n/a     SRL16E/CLK       n/a            1.146         11.250      10.104     SLICE_X1Y170  design_1_i/proc_sys_reset_0/U0/EXT_LPF/POR_SRL_I/CLK
Min Period        n/a     SRLC32E/CLK      n/a            1.146         11.250      10.104     SLICE_X1Y115  design_1_i/ps8_0_axi_periph/s00_couplers/auto_pc/inst/gen_axilite.gen_b2s_conv.axilite_b2s/RD.r_channel_0/rd_data_fifo_0/memory_reg[31][0]_srl32/CLK
Min Period        n/a     SRLC32E/CLK      n/a            1.146         11.250      10.104     SLICE_X1Y118  design_1_i/ps8_0_axi_periph/s00_couplers/auto_pc/inst/gen_axilite.gen_b2s_conv.axilite_b2s/RD.r_channel_0/rd_data_fifo_0/memory_reg[31][10]_srl32/CLK
Min Period        n/a     SRLC32E/CLK      n/a            1.146         11.250      10.104     SLICE_X1Y115  design_1_i/ps8_0_axi_periph/s00_couplers/auto_pc/inst/gen_axilite.gen_b2s_conv.axilite_b2s/RD.r_channel_0/rd_data_fifo_0/memory_reg[31][11]_srl32/CLK
Min Period        n/a     SRLC32E/CLK      n/a            1.146         11.250      10.104     SLICE_X1Y114  design_1_i/ps8_0_axi_periph/s00_couplers/auto_pc/inst/gen_axilite.gen_b2s_conv.axilite_b2s/RD.r_channel_0/rd_data_fifo_0/memory_reg[31][12]_srl32/CLK
Min Period        n/a     SRLC32E/CLK      n/a            1.146         11.250      10.104     SLICE_X1Y115  design_1_i/ps8_0_axi_periph/s00_couplers/auto_pc/inst/gen_axilite.gen_b2s_conv.axilite_b2s/RD.r_channel_0/rd_data_fifo_0/memory_reg[31][13]_srl32/CLK
Min Period        n/a     SRLC32E/CLK      n/a            1.146         11.250      10.104     SLICE_X4Y114  design_1_i/ps8_0_axi_periph/s00_couplers/auto_pc/inst/gen_axilite.gen_b2s_conv.axilite_b2s/RD.r_channel_0/rd_data_fifo_0/memory_reg[31][14]_srl32/CLK
Min Period        n/a     SRLC32E/CLK      n/a            1.146         11.250      10.104     SLICE_X5Y119  design_1_i/ps8_0_axi_periph/s00_couplers/auto_pc/inst/gen_axilite.gen_b2s_conv.axilite_b2s/RD.r_channel_0/rd_data_fifo_0/memory_reg[31][15]_srl32/CLK
Min Period        n/a     SRLC32E/CLK      n/a            1.146         11.250      10.104     SLICE_X4Y114  design_1_i/ps8_0_axi_periph/s00_couplers/auto_pc/inst/gen_axilite.gen_b2s_conv.axilite_b2s/RD.r_channel_0/rd_data_fifo_0/memory_reg[31][16]_srl32/CLK
Low Pulse Width   Slow    PS8/MAXIGP2ACLK  n/a            1.500         5.625       4.125      PS8_X0Y0      design_1_i/zynq_ultra_ps_e_0/inst/PS8_i/MAXIGP2ACLK
Low Pulse Width   Fast    PS8/MAXIGP2ACLK  n/a            1.500         5.625       4.125      PS8_X0Y0      design_1_i/zynq_ultra_ps_e_0/inst/PS8_i/MAXIGP2ACLK
Low Pulse Width   Slow    SRL16E/CLK       n/a            0.573         5.625       5.052      SLICE_X1Y170  design_1_i/proc_sys_reset_0/U0/EXT_LPF/POR_SRL_I/CLK
Low Pulse Width   Fast    SRL16E/CLK       n/a            0.573         5.625       5.052      SLICE_X1Y170  design_1_i/proc_sys_reset_0/U0/EXT_LPF/POR_SRL_I/CLK
Low Pulse Width   Slow    SRLC32E/CLK      n/a            0.573         5.625       5.052      SLICE_X1Y115  design_1_i/ps8_0_axi_periph/s00_couplers/auto_pc/inst/gen_axilite.gen_b2s_conv.axilite_b2s/RD.r_channel_0/rd_data_fifo_0/memory_reg[31][0]_srl32/CLK
Low Pulse Width   Fast    SRLC32E/CLK      n/a            0.573         5.625       5.052      SLICE_X1Y115  design_1_i/ps8_0_axi_periph/s00_couplers/auto_pc/inst/gen_axilite.gen_b2s_conv.axilite_b2s/RD.r_channel_0/rd_data_fifo_0/memory_reg[31][0]_srl32/CLK
Low Pulse Width   Slow    SRLC32E/CLK      n/a            0.573         5.625       5.052      SLICE_X1Y118  design_1_i/ps8_0_axi_periph/s00_couplers/auto_pc/inst/gen_axilite.gen_b2s_conv.axilite_b2s/RD.r_channel_0/rd_data_fifo_0/memory_reg[31][10]_srl32/CLK
Low Pulse Width   Fast    SRLC32E/CLK      n/a            0.573         5.625       5.052      SLICE_X1Y118  design_1_i/ps8_0_axi_periph/s00_couplers/auto_pc/inst/gen_axilite.gen_b2s_conv.axilite_b2s/RD.r_channel_0/rd_data_fifo_0/memory_reg[31][10]_srl32/CLK
Low Pulse Width   Slow    SRLC32E/CLK      n/a            0.573         5.625       5.052      SLICE_X1Y115  design_1_i/ps8_0_axi_periph/s00_couplers/auto_pc/inst/gen_axilite.gen_b2s_conv.axilite_b2s/RD.r_channel_0/rd_data_fifo_0/memory_reg[31][11]_srl32/CLK
Low Pulse Width   Fast    SRLC32E/CLK      n/a            0.573         5.625       5.052      SLICE_X1Y115  design_1_i/ps8_0_axi_periph/s00_couplers/auto_pc/inst/gen_axilite.gen_b2s_conv.axilite_b2s/RD.r_channel_0/rd_data_fifo_0/memory_reg[31][11]_srl32/CLK
High Pulse Width  Slow    PS8/MAXIGP2ACLK  n/a            1.500         5.625       4.125      PS8_X0Y0      design_1_i/zynq_ultra_ps_e_0/inst/PS8_i/MAXIGP2ACLK
High Pulse Width  Fast    PS8/MAXIGP2ACLK  n/a            1.500         5.625       4.125      PS8_X0Y0      design_1_i/zynq_ultra_ps_e_0/inst/PS8_i/MAXIGP2ACLK
High Pulse Width  Slow    SRL16E/CLK       n/a            0.573         5.625       5.052      SLICE_X1Y170  design_1_i/proc_sys_reset_0/U0/EXT_LPF/POR_SRL_I/CLK
High Pulse Width  Fast    SRL16E/CLK       n/a            0.573         5.625       5.052      SLICE_X1Y170  design_1_i/proc_sys_reset_0/U0/EXT_LPF/POR_SRL_I/CLK
High Pulse Width  Slow    SRLC32E/CLK      n/a            0.573         5.625       5.052      SLICE_X1Y115  design_1_i/ps8_0_axi_periph/s00_couplers/auto_pc/inst/gen_axilite.gen_b2s_conv.axilite_b2s/RD.r_channel_0/rd_data_fifo_0/memory_reg[31][0]_srl32/CLK
High Pulse Width  Fast    SRLC32E/CLK      n/a            0.573         5.625       5.052      SLICE_X1Y115  design_1_i/ps8_0_axi_periph/s00_couplers/auto_pc/inst/gen_axilite.gen_b2s_conv.axilite_b2s/RD.r_channel_0/rd_data_fifo_0/memory_reg[31][0]_srl32/CLK
High Pulse Width  Slow    SRLC32E/CLK      n/a            0.573         5.625       5.052      SLICE_X1Y118  design_1_i/ps8_0_axi_periph/s00_couplers/auto_pc/inst/gen_axilite.gen_b2s_conv.axilite_b2s/RD.r_channel_0/rd_data_fifo_0/memory_reg[31][10]_srl32/CLK
High Pulse Width  Fast    SRLC32E/CLK      n/a            0.573         5.625       5.052      SLICE_X1Y118  design_1_i/ps8_0_axi_periph/s00_couplers/auto_pc/inst/gen_axilite.gen_b2s_conv.axilite_b2s/RD.r_channel_0/rd_data_fifo_0/memory_reg[31][10]_srl32/CLK
High Pulse Width  Slow    SRLC32E/CLK      n/a            0.573         5.625       5.052      SLICE_X1Y115  design_1_i/ps8_0_axi_periph/s00_couplers/auto_pc/inst/gen_axilite.gen_b2s_conv.axilite_b2s/RD.r_channel_0/rd_data_fifo_0/memory_reg[31][11]_srl32/CLK
High Pulse Width  Fast    SRLC32E/CLK      n/a            0.573         5.625       5.052      SLICE_X1Y115  design_1_i/ps8_0_axi_periph/s00_couplers/auto_pc/inst/gen_axilite.gen_b2s_conv.axilite_b2s/RD.r_channel_0/rd_data_fifo_0/memory_reg[31][11]_srl32/CLK



--------------------------------------------------------------------------------------
Path Group:  (none)
From Clock:  
  To Clock:  clk_pl_0

Max Delay             1 Endpoint
Min Delay             1 Endpoint
--------------------------------------------------------------------------------------


Max Delay Paths
--------------------------------------------------------------------------------------
Slack:                    inf
  Source:                 design_1_i/zynq_ultra_ps_e_0/inst/PS8_i/EMIOGPIOO[95]
                            (internal pin)
  Destination:            design_1_i/proc_sys_reset_0/U0/EXT_LPF/ACTIVE_LOW_EXT.ACT_LO_EXT/GENERATE_LEVEL_P_S_CDC.SINGLE_BIT.CROSS_PLEVEL_IN2SCNDRY_IN_cdc_to/D
                            (rising edge-triggered cell FDRE clocked by clk_pl_0  {rise@0.000ns fall@5.625ns period=11.250ns})
  Path Group:             (none)
  Path Type:              Setup (Max at Slow Process Corner)
  Data Path Delay:        0.657ns  (logic 0.179ns (27.245%)  route 0.478ns (72.755%))
  Logic Levels:           1  (LUT1=1)
  Clock Uncertainty:      0.180ns  ((TSJ^2 + DJ^2)^1/2) / 2 + PE
    Total System Jitter     (TSJ):    0.050ns
    Discrete Jitter          (DJ):    0.356ns
    Phase Error              (PE):    0.000ns
  Clock Net Delay (Destination): 1.389ns (routing 0.576ns, distribution 0.813ns)
  Timing Exception:       False Path

    Location             Delay type                Incr(ns)  Path(ns)    Netlist Resource(s)
  -------------------------------------------------------------------    -------------------
    PS8_X0Y0             PS8                          0.000     0.000 f  design_1_i/zynq_ultra_ps_e_0/inst/PS8_i/EMIOGPIOO[95]
                         net (fo=1, routed)           0.318     0.318    design_1_i/proc_sys_reset_0/U0/EXT_LPF/ACTIVE_LOW_EXT.ACT_LO_EXT/ext_reset_in
    SLICE_X0Y177         LUT1 (Prop_H6LUT_SLICEL_I0_O)
                                                      0.179     0.497 r  design_1_i/proc_sys_reset_0/U0/EXT_LPF/ACTIVE_LOW_EXT.ACT_LO_EXT/GENERATE_LEVEL_P_S_CDC.SINGLE_BIT.CROSS_PLEVEL_IN2SCNDRY_IN_cdc_to_i_1/O
                         net (fo=1, routed)           0.160     0.657    design_1_i/proc_sys_reset_0/U0/EXT_LPF/ACTIVE_LOW_EXT.ACT_LO_EXT/exr_d1
    SLICE_X0Y177         FDRE                                         r  design_1_i/proc_sys_reset_0/U0/EXT_LPF/ACTIVE_LOW_EXT.ACT_LO_EXT/GENERATE_LEVEL_P_S_CDC.SINGLE_BIT.CROSS_PLEVEL_IN2SCNDRY_IN_cdc_to/D
  -------------------------------------------------------------------    -------------------

                         (clock clk_pl_0 rise edge)
                                                      0.000     0.000 r  
    PS8_X0Y0             PS8                          0.000     0.000 r  design_1_i/zynq_ultra_ps_e_0/inst/PS8_i/PLCLK[0]
                         net (fo=1, routed)           0.140     0.140    design_1_i/zynq_ultra_ps_e_0/inst/pl_clk_unbuffered[0]
    BUFG_PS_X0Y58        BUFG_PS (Prop_BUFG_PS_I_O)
                                                      0.027     0.167 r  design_1_i/zynq_ultra_ps_e_0/inst/buffer_pl_clk_0.PL_CLK_0_BUFG/O
    X0Y1 (CLOCK_ROOT)    net (fo=6532, routed)        1.389     1.556    design_1_i/proc_sys_reset_0/U0/EXT_LPF/ACTIVE_LOW_EXT.ACT_LO_EXT/slowest_sync_clk
    SLICE_X0Y177         FDRE                                         r  design_1_i/proc_sys_reset_0/U0/EXT_LPF/ACTIVE_LOW_EXT.ACT_LO_EXT/GENERATE_LEVEL_P_S_CDC.SINGLE_BIT.CROSS_PLEVEL_IN2SCNDRY_IN_cdc_to/C





Min Delay Paths
--------------------------------------------------------------------------------------
Slack:                    inf
  Source:                 design_1_i/zynq_ultra_ps_e_0/inst/PS8_i/EMIOGPIOO[95]
                            (internal pin)
  Destination:            design_1_i/proc_sys_reset_0/U0/EXT_LPF/ACTIVE_LOW_EXT.ACT_LO_EXT/GENERATE_LEVEL_P_S_CDC.SINGLE_BIT.CROSS_PLEVEL_IN2SCNDRY_IN_cdc_to/D
                            (rising edge-triggered cell FDRE clocked by clk_pl_0  {rise@0.000ns fall@5.625ns period=11.250ns})
  Path Group:             (none)
  Path Type:              Hold (Min at Fast Process Corner)
  Data Path Delay:        0.253ns  (logic 0.060ns (23.715%)  route 0.193ns (76.285%))
  Logic Levels:           1  (LUT1=1)
  Clock Uncertainty:      0.180ns  ((TSJ^2 + DJ^2)^1/2) / 2 + PE
    Total System Jitter     (TSJ):    0.050ns
    Discrete Jitter          (DJ):    0.356ns
    Phase Error              (PE):    0.000ns
  Clock Net Delay (Destination): 0.917ns (routing 0.365ns, distribution 0.552ns)
  Timing Exception:       False Path

    Location             Delay type                Incr(ns)  Path(ns)    Netlist Resource(s)
  -------------------------------------------------------------------    -------------------
    PS8_X0Y0             PS8                          0.000     0.000 f  design_1_i/zynq_ultra_ps_e_0/inst/PS8_i/EMIOGPIOO[95]
                         net (fo=1, routed)           0.145     0.145    design_1_i/proc_sys_reset_0/U0/EXT_LPF/ACTIVE_LOW_EXT.ACT_LO_EXT/ext_reset_in
    SLICE_X0Y177         LUT1 (Prop_H6LUT_SLICEL_I0_O)
                                                      0.060     0.205 r  design_1_i/proc_sys_reset_0/U0/EXT_LPF/ACTIVE_LOW_EXT.ACT_LO_EXT/GENERATE_LEVEL_P_S_CDC.SINGLE_BIT.CROSS_PLEVEL_IN2SCNDRY_IN_cdc_to_i_1/O
                         net (fo=1, routed)           0.048     0.253    design_1_i/proc_sys_reset_0/U0/EXT_LPF/ACTIVE_LOW_EXT.ACT_LO_EXT/exr_d1
    SLICE_X0Y177         FDRE                                         r  design_1_i/proc_sys_reset_0/U0/EXT_LPF/ACTIVE_LOW_EXT.ACT_LO_EXT/GENERATE_LEVEL_P_S_CDC.SINGLE_BIT.CROSS_PLEVEL_IN2SCNDRY_IN_cdc_to/D
  -------------------------------------------------------------------    -------------------

                         (clock clk_pl_0 rise edge)
                                                      0.000     0.000 r  
    PS8_X0Y0             PS8                          0.000     0.000 r  design_1_i/zynq_ultra_ps_e_0/inst/PS8_i/PLCLK[0]
                         net (fo=1, routed)           0.120     0.120    design_1_i/zynq_ultra_ps_e_0/inst/pl_clk_unbuffered[0]
    BUFG_PS_X0Y58        BUFG_PS (Prop_BUFG_PS_I_O)
                                                      0.018     0.138 r  design_1_i/zynq_ultra_ps_e_0/inst/buffer_pl_clk_0.PL_CLK_0_BUFG/O
    X0Y1 (CLOCK_ROOT)    net (fo=6532, routed)        0.917     1.055    design_1_i/proc_sys_reset_0/U0/EXT_LPF/ACTIVE_LOW_EXT.ACT_LO_EXT/slowest_sync_clk
    SLICE_X0Y177         FDRE                                         r  design_1_i/proc_sys_reset_0/U0/EXT_LPF/ACTIVE_LOW_EXT.ACT_LO_EXT/GENERATE_LEVEL_P_S_CDC.SINGLE_BIT.CROSS_PLEVEL_IN2SCNDRY_IN_cdc_to/C





--------------------------------------------------------------------------------------
Path Group:  (none)
From Clock:  
  To Clock:  clk_pl_0

Max Delay           110 Endpoints
Min Delay           110 Endpoints
--------------------------------------------------------------------------------------


Max Delay Paths
--------------------------------------------------------------------------------------
Slack:                    inf
  Source:                 design_1_i/top_controller_0/inst/u_risk_control/p_0_out__1/DSP_A_B_DATA_INST/B2_DATA[17]
                            (internal pin)
  Destination:            design_1_i/top_controller_0/inst/u_risk_control/sim_data_out_reg[accelerator][0]/D
                            (rising edge-triggered cell FDRE clocked by clk_pl_0  {rise@0.000ns fall@5.625ns period=11.250ns})
  Path Group:             (none)
  Path Type:              Setup (Max at Slow Process Corner)
  Data Path Delay:        6.766ns  (logic 2.886ns (42.654%)  route 3.880ns (57.346%))
  Logic Levels:           15  (CARRY8=1 DSP_ALU=1 DSP_M_DATA=1 DSP_MULTIPLIER=1 DSP_OUTPUT=1 DSP_PREADD_DATA=1 LUT3=1 LUT4=1 LUT5=1 LUT6=6)
  Clock Uncertainty:      0.180ns  ((TSJ^2 + DJ^2)^1/2) / 2 + PE
    Total System Jitter     (TSJ):    0.050ns
    Discrete Jitter          (DJ):    0.356ns
    Phase Error              (PE):    0.000ns
  Clock Net Delay (Destination): 1.351ns (routing 0.576ns, distribution 0.775ns)

    Location             Delay type                Incr(ns)  Path(ns)    Netlist Resource(s)
  -------------------------------------------------------------------    -------------------
    DSP48E2_X0Y37        DSP_A_B_DATA                 0.000     0.000 r  design_1_i/top_controller_0/inst/u_risk_control/p_0_out__1/DSP_A_B_DATA_INST/B2_DATA[17]
                         net (fo=1, routed)           0.000     0.000    design_1_i/top_controller_0/inst/u_risk_control/p_0_out__1/DSP_A_B_DATA.B2_DATA<17>
    DSP48E2_X0Y37        DSP_PREADD_DATA (Prop_DSP_PREADD_DATA_DSP48E2_B2_DATA[17]_B2B1[17])
                                                      0.092     0.092 r  design_1_i/top_controller_0/inst/u_risk_control/p_0_out__1/DSP_PREADD_DATA_INST/B2B1[17]
                         net (fo=1, routed)           0.000     0.092    design_1_i/top_controller_0/inst/u_risk_control/p_0_out__1/DSP_PREADD_DATA.B2B1<17>
    DSP48E2_X0Y37        DSP_MULTIPLIER (Prop_DSP_MULTIPLIER_DSP48E2_B2B1[17]_U[19])
                                                      0.737     0.829 f  design_1_i/top_controller_0/inst/u_risk_control/p_0_out__1/DSP_MULTIPLIER_INST/U[19]
                         net (fo=1, routed)           0.000     0.829    design_1_i/top_controller_0/inst/u_risk_control/p_0_out__1/DSP_MULTIPLIER.U<19>
    DSP48E2_X0Y37        DSP_M_DATA (Prop_DSP_M_DATA_DSP48E2_U[19]_U_DATA[19])
                                                      0.059     0.888 r  design_1_i/top_controller_0/inst/u_risk_control/p_0_out__1/DSP_M_DATA_INST/U_DATA[19]
                         net (fo=1, routed)           0.000     0.888    design_1_i/top_controller_0/inst/u_risk_control/p_0_out__1/DSP_M_DATA.U_DATA<19>
    DSP48E2_X0Y37        DSP_ALU (Prop_DSP_ALU_DSP48E2_U_DATA[19]_ALU_OUT[19])
                                                      0.699     1.587 f  design_1_i/top_controller_0/inst/u_risk_control/p_0_out__1/DSP_ALU_INST/ALU_OUT[19]
                         net (fo=1, routed)           0.000     1.587    design_1_i/top_controller_0/inst/u_risk_control/p_0_out__1/DSP_ALU.ALU_OUT<19>
    DSP48E2_X0Y37        DSP_OUTPUT (Prop_DSP_OUTPUT_DSP48E2_ALU_OUT[19]_P[19])
                                                      0.141     1.728 r  design_1_i/top_controller_0/inst/u_risk_control/p_0_out__1/DSP_OUTPUT_INST/P[19]
                         net (fo=7, routed)           0.534     2.262    design_1_i/top_controller_0/inst/u_risk_control/S_AXI_ACLK_1[9]
    SLICE_X6Y95          LUT4 (Prop_E6LUT_SLICEL_I0_O)
                                                      0.176     2.438 r  design_1_i/top_controller_0/inst/u_risk_control/sim_data_out[accelerator][3]_i_26/O
                         net (fo=1, routed)           0.008     2.446    design_1_i/top_controller_0/inst/u_risk_types/sim_data_out[accelerator][3]_i_9[4]
    SLICE_X6Y95          CARRY8 (Prop_CARRY8_SLICEL_S[4]_CO[6])
                                                      0.138     2.584 f  design_1_i/top_controller_0/inst/u_risk_types/sim_data_out_reg[accelerator][3]_i_10/CO[6]
                         net (fo=12, routed)          1.039     3.623    design_1_i/top_controller_0/inst/u_risk_types/sim_data_out_reg[speed_x][13]_0[0]
    SLICE_X14Y101        LUT6 (Prop_B6LUT_SLICEM_I0_O)
                                                      0.063     3.686 r  design_1_i/top_controller_0/inst/u_risk_types/sim_data_out[accelerator][2]_i_37/O
                         net (fo=1, routed)           0.106     3.792    design_1_i/top_controller_0/inst/u_risk_types/sim_data_out[accelerator][2]_i_37_n_0
    SLICE_X14Y101        LUT6 (Prop_C6LUT_SLICEM_I5_O)
                                                      0.113     3.905 f  design_1_i/top_controller_0/inst/u_risk_types/sim_data_out[accelerator][2]_i_26/O
                         net (fo=2, routed)           0.423     4.327    design_1_i/top_controller_0/inst/u_risk_types/sim_data_out[accelerator][2]_i_26_n_0
    SLICE_X15Y101        LUT3 (Prop_D5LUT_SLICEL_I2_O)
                                                      0.080     4.407 f  design_1_i/top_controller_0/inst/u_risk_types/sim_data_out[accelerator][2]_i_12/O
                         net (fo=3, routed)           0.406     4.813    design_1_i/top_controller_0/inst/u_risk_types/sim_data_out[accelerator][2]_i_12_n_0
    SLICE_X13Y102        LUT5 (Prop_G6LUT_SLICEL_I2_O)
                                                      0.178     4.991 r  design_1_i/top_controller_0/inst/u_risk_types/sim_data_out[accelerator][2]_i_14/O
                         net (fo=3, routed)           0.283     5.274    design_1_i/top_controller_0/inst/u_risk_types/sim_data_out[accelerator][2]_i_14_n_0
    SLICE_X13Y102        LUT6 (Prop_D6LUT_SLICEL_I2_O)
                                                      0.063     5.337 r  design_1_i/top_controller_0/inst/u_risk_types/sim_data_out[accelerator][0]_i_3/O
                         net (fo=2, routed)           0.446     5.784    design_1_i/top_controller_0/inst/u_risk_types/sim_data_out[accelerator][0]_i_3_n_0
    SLICE_X15Y102        LUT6 (Prop_G6LUT_SLICEL_I0_O)
                                                      0.100     5.884 r  design_1_i/top_controller_0/inst/u_risk_types/sim_data_out[accelerator][2]_i_10/O
                         net (fo=1, routed)           0.284     6.168    design_1_i/top_controller_0/inst/u_risk_types/sim_data_out[accelerator][2]_i_10_n_0
    SLICE_X14Y102        LUT6 (Prop_H6LUT_SLICEM_I4_O)
                                                      0.100     6.268 r  design_1_i/top_controller_0/inst/u_risk_types/sim_data_out[accelerator][2]_i_3/O
                         net (fo=3, routed)           0.293     6.561    design_1_i/top_controller_0/inst/u_risk_types/sim_data_out[accelerator][2]_i_3_n_0
    SLICE_X15Y102        LUT6 (Prop_D6LUT_SLICEL_I4_O)
                                                      0.147     6.708 r  design_1_i/top_controller_0/inst/u_risk_types/sim_data_out[accelerator][0]_i_1/O
                         net (fo=1, routed)           0.058     6.766    design_1_i/top_controller_0/inst/u_risk_control/sim_data_out_reg[accelerator][3]_1[0]
    SLICE_X15Y102        FDRE                                         r  design_1_i/top_controller_0/inst/u_risk_control/sim_data_out_reg[accelerator][0]/D
  -------------------------------------------------------------------    -------------------

                         (clock clk_pl_0 rise edge)
                                                      0.000     0.000 r  
    PS8_X0Y0             PS8                          0.000     0.000 r  design_1_i/zynq_ultra_ps_e_0/inst/PS8_i/PLCLK[0]
                         net (fo=1, routed)           0.140     0.140    design_1_i/zynq_ultra_ps_e_0/inst/pl_clk_unbuffered[0]
    BUFG_PS_X0Y58        BUFG_PS (Prop_BUFG_PS_I_O)
                                                      0.027     0.167 r  design_1_i/zynq_ultra_ps_e_0/inst/buffer_pl_clk_0.PL_CLK_0_BUFG/O
    X0Y1 (CLOCK_ROOT)    net (fo=6532, routed)        1.351     1.518    design_1_i/top_controller_0/inst/u_risk_control/S_AXI_ACLK
    SLICE_X15Y102        FDRE                                         r  design_1_i/top_controller_0/inst/u_risk_control/sim_data_out_reg[accelerator][0]/C

Slack:                    inf
  Source:                 design_1_i/top_controller_0/inst/u_risk_control/p_0_out__1/DSP_A_B_DATA_INST/B2_DATA[17]
                            (internal pin)
  Destination:            design_1_i/top_controller_0/inst/u_risk_control/sim_data_out_reg[accelerator][1]/D
                            (rising edge-triggered cell FDRE clocked by clk_pl_0  {rise@0.000ns fall@5.625ns period=11.250ns})
  Path Group:             (none)
  Path Type:              Setup (Max at Slow Process Corner)
  Data Path Delay:        6.560ns  (logic 2.886ns (43.994%)  route 3.674ns (56.006%))
  Logic Levels:           15  (CARRY8=1 DSP_ALU=1 DSP_M_DATA=1 DSP_MULTIPLIER=1 DSP_OUTPUT=1 DSP_PREADD_DATA=1 LUT3=1 LUT4=1 LUT5=1 LUT6=6)
  Clock Uncertainty:      0.180ns  ((TSJ^2 + DJ^2)^1/2) / 2 + PE
    Total System Jitter     (TSJ):    0.050ns
    Discrete Jitter          (DJ):    0.356ns
    Phase Error              (PE):    0.000ns
  Clock Net Delay (Destination): 1.347ns (routing 0.576ns, distribution 0.771ns)

    Location             Delay type                Incr(ns)  Path(ns)    Netlist Resource(s)
  -------------------------------------------------------------------    -------------------
    DSP48E2_X0Y37        DSP_A_B_DATA                 0.000     0.000 r  design_1_i/top_controller_0/inst/u_risk_control/p_0_out__1/DSP_A_B_DATA_INST/B2_DATA[17]
                         net (fo=1, routed)           0.000     0.000    design_1_i/top_controller_0/inst/u_risk_control/p_0_out__1/DSP_A_B_DATA.B2_DATA<17>
    DSP48E2_X0Y37        DSP_PREADD_DATA (Prop_DSP_PREADD_DATA_DSP48E2_B2_DATA[17]_B2B1[17])
                                                      0.092     0.092 r  design_1_i/top_controller_0/inst/u_risk_control/p_0_out__1/DSP_PREADD_DATA_INST/B2B1[17]
                         net (fo=1, routed)           0.000     0.092    design_1_i/top_controller_0/inst/u_risk_control/p_0_out__1/DSP_PREADD_DATA.B2B1<17>
    DSP48E2_X0Y37        DSP_MULTIPLIER (Prop_DSP_MULTIPLIER_DSP48E2_B2B1[17]_U[19])
                                                      0.737     0.829 f  design_1_i/top_controller_0/inst/u_risk_control/p_0_out__1/DSP_MULTIPLIER_INST/U[19]
                         net (fo=1, routed)           0.000     0.829    design_1_i/top_controller_0/inst/u_risk_control/p_0_out__1/DSP_MULTIPLIER.U<19>
    DSP48E2_X0Y37        DSP_M_DATA (Prop_DSP_M_DATA_DSP48E2_U[19]_U_DATA[19])
                                                      0.059     0.888 r  design_1_i/top_controller_0/inst/u_risk_control/p_0_out__1/DSP_M_DATA_INST/U_DATA[19]
                         net (fo=1, routed)           0.000     0.888    design_1_i/top_controller_0/inst/u_risk_control/p_0_out__1/DSP_M_DATA.U_DATA<19>
    DSP48E2_X0Y37        DSP_ALU (Prop_DSP_ALU_DSP48E2_U_DATA[19]_ALU_OUT[19])
                                                      0.699     1.587 f  design_1_i/top_controller_0/inst/u_risk_control/p_0_out__1/DSP_ALU_INST/ALU_OUT[19]
                         net (fo=1, routed)           0.000     1.587    design_1_i/top_controller_0/inst/u_risk_control/p_0_out__1/DSP_ALU.ALU_OUT<19>
    DSP48E2_X0Y37        DSP_OUTPUT (Prop_DSP_OUTPUT_DSP48E2_ALU_OUT[19]_P[19])
                                                      0.141     1.728 r  design_1_i/top_controller_0/inst/u_risk_control/p_0_out__1/DSP_OUTPUT_INST/P[19]
                         net (fo=7, routed)           0.534     2.262    design_1_i/top_controller_0/inst/u_risk_control/S_AXI_ACLK_1[9]
    SLICE_X6Y95          LUT4 (Prop_E6LUT_SLICEL_I0_O)
                                                      0.176     2.438 r  design_1_i/top_controller_0/inst/u_risk_control/sim_data_out[accelerator][3]_i_26/O
                         net (fo=1, routed)           0.008     2.446    design_1_i/top_controller_0/inst/u_risk_types/sim_data_out[accelerator][3]_i_9[4]
    SLICE_X6Y95          CARRY8 (Prop_CARRY8_SLICEL_S[4]_CO[6])
                                                      0.138     2.584 f  design_1_i/top_controller_0/inst/u_risk_types/sim_data_out_reg[accelerator][3]_i_10/CO[6]
                         net (fo=12, routed)          1.039     3.623    design_1_i/top_controller_0/inst/u_risk_types/sim_data_out_reg[speed_x][13]_0[0]
    SLICE_X14Y101        LUT6 (Prop_B6LUT_SLICEM_I0_O)
                                                      0.063     3.686 r  design_1_i/top_controller_0/inst/u_risk_types/sim_data_out[accelerator][2]_i_37/O
                         net (fo=1, routed)           0.106     3.792    design_1_i/top_controller_0/inst/u_risk_types/sim_data_out[accelerator][2]_i_37_n_0
    SLICE_X14Y101        LUT6 (Prop_C6LUT_SLICEM_I5_O)
                                                      0.113     3.905 f  design_1_i/top_controller_0/inst/u_risk_types/sim_data_out[accelerator][2]_i_26/O
                         net (fo=2, routed)           0.423     4.327    design_1_i/top_controller_0/inst/u_risk_types/sim_data_out[accelerator][2]_i_26_n_0
    SLICE_X15Y101        LUT3 (Prop_D5LUT_SLICEL_I2_O)
                                                      0.080     4.407 f  design_1_i/top_controller_0/inst/u_risk_types/sim_data_out[accelerator][2]_i_12/O
                         net (fo=3, routed)           0.406     4.813    design_1_i/top_controller_0/inst/u_risk_types/sim_data_out[accelerator][2]_i_12_n_0
    SLICE_X13Y102        LUT5 (Prop_G6LUT_SLICEL_I2_O)
                                                      0.178     4.991 r  design_1_i/top_controller_0/inst/u_risk_types/sim_data_out[accelerator][2]_i_14/O
                         net (fo=3, routed)           0.283     5.274    design_1_i/top_controller_0/inst/u_risk_types/sim_data_out[accelerator][2]_i_14_n_0
    SLICE_X13Y102        LUT6 (Prop_D6LUT_SLICEL_I2_O)
                                                      0.063     5.337 r  design_1_i/top_controller_0/inst/u_risk_types/sim_data_out[accelerator][0]_i_3/O
                         net (fo=2, routed)           0.446     5.784    design_1_i/top_controller_0/inst/u_risk_types/sim_data_out[accelerator][0]_i_3_n_0
    SLICE_X15Y102        LUT6 (Prop_G6LUT_SLICEL_I0_O)
                                                      0.100     5.884 r  design_1_i/top_controller_0/inst/u_risk_types/sim_data_out[accelerator][2]_i_10/O
                         net (fo=1, routed)           0.284     6.168    design_1_i/top_controller_0/inst/u_risk_types/sim_data_out[accelerator][2]_i_10_n_0
    SLICE_X14Y102        LUT6 (Prop_H6LUT_SLICEM_I4_O)
                                                      0.100     6.268 r  design_1_i/top_controller_0/inst/u_risk_types/sim_data_out[accelerator][2]_i_3/O
                         net (fo=3, routed)           0.068     6.336    design_1_i/top_controller_0/inst/u_risk_types/sim_data_out[accelerator][2]_i_3_n_0
    SLICE_X14Y102        LUT6 (Prop_C6LUT_SLICEM_I4_O)
                                                      0.147     6.483 r  design_1_i/top_controller_0/inst/u_risk_types/sim_data_out[accelerator][1]_i_1/O
                         net (fo=1, routed)           0.077     6.560    design_1_i/top_controller_0/inst/u_risk_control/sim_data_out_reg[accelerator][3]_1[1]
    SLICE_X14Y102        FDRE                                         r  design_1_i/top_controller_0/inst/u_risk_control/sim_data_out_reg[accelerator][1]/D
  -------------------------------------------------------------------    -------------------

                         (clock clk_pl_0 rise edge)
                                                      0.000     0.000 r  
    PS8_X0Y0             PS8                          0.000     0.000 r  design_1_i/zynq_ultra_ps_e_0/inst/PS8_i/PLCLK[0]
                         net (fo=1, routed)           0.140     0.140    design_1_i/zynq_ultra_ps_e_0/inst/pl_clk_unbuffered[0]
    BUFG_PS_X0Y58        BUFG_PS (Prop_BUFG_PS_I_O)
                                                      0.027     0.167 r  design_1_i/zynq_ultra_ps_e_0/inst/buffer_pl_clk_0.PL_CLK_0_BUFG/O
    X0Y1 (CLOCK_ROOT)    net (fo=6532, routed)        1.347     1.514    design_1_i/top_controller_0/inst/u_risk_control/S_AXI_ACLK
    SLICE_X14Y102        FDRE                                         r  design_1_i/top_controller_0/inst/u_risk_control/sim_data_out_reg[accelerator][1]/C

Slack:                    inf
  Source:                 design_1_i/top_controller_0/inst/u_risk_control/p_0_out__1/DSP_A_B_DATA_INST/B2_DATA[17]
                            (internal pin)
  Destination:            design_1_i/top_controller_0/inst/u_risk_control/sim_data_out_reg[accelerator][2]/D
                            (rising edge-triggered cell FDRE clocked by clk_pl_0  {rise@0.000ns fall@5.625ns period=11.250ns})
  Path Group:             (none)
  Path Type:              Setup (Max at Slow Process Corner)
  Data Path Delay:        6.513ns  (logic 2.802ns (43.022%)  route 3.711ns (56.978%))
  Logic Levels:           15  (CARRY8=1 DSP_ALU=1 DSP_M_DATA=1 DSP_MULTIPLIER=1 DSP_OUTPUT=1 DSP_PREADD_DATA=1 LUT3=1 LUT4=1 LUT5=1 LUT6=6)
  Clock Uncertainty:      0.180ns  ((TSJ^2 + DJ^2)^1/2) / 2 + PE
    Total System Jitter     (TSJ):    0.050ns
    Discrete Jitter          (DJ):    0.356ns
    Phase Error              (PE):    0.000ns
  Clock Net Delay (Destination): 1.347ns (routing 0.576ns, distribution 0.771ns)

    Location             Delay type                Incr(ns)  Path(ns)    Netlist Resource(s)
  -------------------------------------------------------------------    -------------------
    DSP48E2_X0Y37        DSP_A_B_DATA                 0.000     0.000 r  design_1_i/top_controller_0/inst/u_risk_control/p_0_out__1/DSP_A_B_DATA_INST/B2_DATA[17]
                         net (fo=1, routed)           0.000     0.000    design_1_i/top_controller_0/inst/u_risk_control/p_0_out__1/DSP_A_B_DATA.B2_DATA<17>
    DSP48E2_X0Y37        DSP_PREADD_DATA (Prop_DSP_PREADD_DATA_DSP48E2_B2_DATA[17]_B2B1[17])
                                                      0.092     0.092 r  design_1_i/top_controller_0/inst/u_risk_control/p_0_out__1/DSP_PREADD_DATA_INST/B2B1[17]
                         net (fo=1, routed)           0.000     0.092    design_1_i/top_controller_0/inst/u_risk_control/p_0_out__1/DSP_PREADD_DATA.B2B1<17>
    DSP48E2_X0Y37        DSP_MULTIPLIER (Prop_DSP_MULTIPLIER_DSP48E2_B2B1[17]_U[19])
                                                      0.737     0.829 f  design_1_i/top_controller_0/inst/u_risk_control/p_0_out__1/DSP_MULTIPLIER_INST/U[19]
                         net (fo=1, routed)           0.000     0.829    design_1_i/top_controller_0/inst/u_risk_control/p_0_out__1/DSP_MULTIPLIER.U<19>
    DSP48E2_X0Y37        DSP_M_DATA (Prop_DSP_M_DATA_DSP48E2_U[19]_U_DATA[19])
                                                      0.059     0.888 r  design_1_i/top_controller_0/inst/u_risk_control/p_0_out__1/DSP_M_DATA_INST/U_DATA[19]
                         net (fo=1, routed)           0.000     0.888    design_1_i/top_controller_0/inst/u_risk_control/p_0_out__1/DSP_M_DATA.U_DATA<19>
    DSP48E2_X0Y37        DSP_ALU (Prop_DSP_ALU_DSP48E2_U_DATA[19]_ALU_OUT[19])
                                                      0.699     1.587 f  design_1_i/top_controller_0/inst/u_risk_control/p_0_out__1/DSP_ALU_INST/ALU_OUT[19]
                         net (fo=1, routed)           0.000     1.587    design_1_i/top_controller_0/inst/u_risk_control/p_0_out__1/DSP_ALU.ALU_OUT<19>
    DSP48E2_X0Y37        DSP_OUTPUT (Prop_DSP_OUTPUT_DSP48E2_ALU_OUT[19]_P[19])
                                                      0.141     1.728 r  design_1_i/top_controller_0/inst/u_risk_control/p_0_out__1/DSP_OUTPUT_INST/P[19]
                         net (fo=7, routed)           0.534     2.262    design_1_i/top_controller_0/inst/u_risk_control/S_AXI_ACLK_1[9]
    SLICE_X6Y95          LUT4 (Prop_E6LUT_SLICEL_I0_O)
                                                      0.176     2.438 r  design_1_i/top_controller_0/inst/u_risk_control/sim_data_out[accelerator][3]_i_26/O
                         net (fo=1, routed)           0.008     2.446    design_1_i/top_controller_0/inst/u_risk_types/sim_data_out[accelerator][3]_i_9[4]
    SLICE_X6Y95          CARRY8 (Prop_CARRY8_SLICEL_S[4]_CO[6])
                                                      0.138     2.584 f  design_1_i/top_controller_0/inst/u_risk_types/sim_data_out_reg[accelerator][3]_i_10/CO[6]
                         net (fo=12, routed)          1.039     3.623    design_1_i/top_controller_0/inst/u_risk_types/sim_data_out_reg[speed_x][13]_0[0]
    SLICE_X14Y101        LUT6 (Prop_B6LUT_SLICEM_I0_O)
                                                      0.063     3.686 r  design_1_i/top_controller_0/inst/u_risk_types/sim_data_out[accelerator][2]_i_37/O
                         net (fo=1, routed)           0.106     3.792    design_1_i/top_controller_0/inst/u_risk_types/sim_data_out[accelerator][2]_i_37_n_0
    SLICE_X14Y101        LUT6 (Prop_C6LUT_SLICEM_I5_O)
                                                      0.113     3.905 f  design_1_i/top_controller_0/inst/u_risk_types/sim_data_out[accelerator][2]_i_26/O
                         net (fo=2, routed)           0.423     4.327    design_1_i/top_controller_0/inst/u_risk_types/sim_data_out[accelerator][2]_i_26_n_0
    SLICE_X15Y101        LUT3 (Prop_D5LUT_SLICEL_I2_O)
                                                      0.080     4.407 f  design_1_i/top_controller_0/inst/u_risk_types/sim_data_out[accelerator][2]_i_12/O
                         net (fo=3, routed)           0.406     4.813    design_1_i/top_controller_0/inst/u_risk_types/sim_data_out[accelerator][2]_i_12_n_0
    SLICE_X13Y102        LUT5 (Prop_G6LUT_SLICEL_I2_O)
                                                      0.178     4.991 r  design_1_i/top_controller_0/inst/u_risk_types/sim_data_out[accelerator][2]_i_14/O
                         net (fo=3, routed)           0.283     5.274    design_1_i/top_controller_0/inst/u_risk_types/sim_data_out[accelerator][2]_i_14_n_0
    SLICE_X13Y102        LUT6 (Prop_D6LUT_SLICEL_I2_O)
                                                      0.063     5.337 r  design_1_i/top_controller_0/inst/u_risk_types/sim_data_out[accelerator][0]_i_3/O
                         net (fo=2, routed)           0.446     5.784    design_1_i/top_controller_0/inst/u_risk_types/sim_data_out[accelerator][0]_i_3_n_0
    SLICE_X15Y102        LUT6 (Prop_G6LUT_SLICEL_I0_O)
                                                      0.100     5.884 r  design_1_i/top_controller_0/inst/u_risk_types/sim_data_out[accelerator][2]_i_10/O
                         net (fo=1, routed)           0.284     6.168    design_1_i/top_controller_0/inst/u_risk_types/sim_data_out[accelerator][2]_i_10_n_0
    SLICE_X14Y102        LUT6 (Prop_H6LUT_SLICEM_I4_O)
                                                      0.100     6.268 r  design_1_i/top_controller_0/inst/u_risk_types/sim_data_out[accelerator][2]_i_3/O
                         net (fo=3, routed)           0.112     6.380    design_1_i/top_controller_0/inst/u_risk_types/sim_data_out[accelerator][2]_i_3_n_0
    SLICE_X14Y102        LUT6 (Prop_B6LUT_SLICEM_I3_O)
                                                      0.063     6.443 r  design_1_i/top_controller_0/inst/u_risk_types/sim_data_out[accelerator][2]_i_1/O
                         net (fo=1, routed)           0.070     6.513    design_1_i/top_controller_0/inst/u_risk_control/sim_data_out_reg[accelerator][3]_1[2]
    SLICE_X14Y102        FDRE                                         r  design_1_i/top_controller_0/inst/u_risk_control/sim_data_out_reg[accelerator][2]/D
  -------------------------------------------------------------------    -------------------

                         (clock clk_pl_0 rise edge)
                                                      0.000     0.000 r  
    PS8_X0Y0             PS8                          0.000     0.000 r  design_1_i/zynq_ultra_ps_e_0/inst/PS8_i/PLCLK[0]
                         net (fo=1, routed)           0.140     0.140    design_1_i/zynq_ultra_ps_e_0/inst/pl_clk_unbuffered[0]
    BUFG_PS_X0Y58        BUFG_PS (Prop_BUFG_PS_I_O)
                                                      0.027     0.167 r  design_1_i/zynq_ultra_ps_e_0/inst/buffer_pl_clk_0.PL_CLK_0_BUFG/O
    X0Y1 (CLOCK_ROOT)    net (fo=6532, routed)        1.347     1.514    design_1_i/top_controller_0/inst/u_risk_control/S_AXI_ACLK
    SLICE_X14Y102        FDRE                                         r  design_1_i/top_controller_0/inst/u_risk_control/sim_data_out_reg[accelerator][2]/C

Slack:                    inf
  Source:                 design_1_i/top_controller_0/inst/u_sensor_reliability/u_cons_1_distance/val/DSP_A_B_DATA_INST/B2_DATA[1]
                            (internal pin)
  Destination:            design_1_i/top_controller_0/inst/u_sensor_reliability/u_cons_1_distance/consistency_cnt_reg[4]/R
                            (rising edge-triggered cell FDRE clocked by clk_pl_0  {rise@0.000ns fall@5.625ns period=11.250ns})
  Path Group:             (none)
  Path Type:              Setup (Max at Slow Process Corner)
  Data Path Delay:        5.890ns  (logic 2.839ns (48.197%)  route 3.051ns (51.803%))
  Logic Levels:           13  (CARRY8=3 DSP_ALU=1 DSP_M_DATA=1 DSP_MULTIPLIER=1 DSP_OUTPUT=1 DSP_PREADD_DATA=1 LUT1=1 LUT3=2 LUT5=2)
  Clock Uncertainty:      0.180ns  ((TSJ^2 + DJ^2)^1/2) / 2 + PE
    Total System Jitter     (TSJ):    0.050ns
    Discrete Jitter          (DJ):    0.356ns
    Phase Error              (PE):    0.000ns
  Clock Net Delay (Destination): 1.421ns (routing 0.576ns, distribution 0.845ns)

    Location             Delay type                Incr(ns)  Path(ns)    Netlist Resource(s)
  -------------------------------------------------------------------    -------------------
    DSP48E2_X1Y49        DSP_A_B_DATA                 0.000     0.000 r  design_1_i/top_controller_0/inst/u_sensor_reliability/u_cons_1_distance/val/DSP_A_B_DATA_INST/B2_DATA[1]
                         net (fo=1, routed)           0.000     0.000    design_1_i/top_controller_0/inst/u_sensor_reliability/u_cons_1_distance/val/DSP_A_B_DATA.B2_DATA<1>
    DSP48E2_X1Y49        DSP_PREADD_DATA (Prop_DSP_PREADD_DATA_DSP48E2_B2_DATA[1]_B2B1[1])
                                                      0.092     0.092 r  design_1_i/top_controller_0/inst/u_sensor_reliability/u_cons_1_distance/val/DSP_PREADD_DATA_INST/B2B1[1]
                         net (fo=1, routed)           0.000     0.092    design_1_i/top_controller_0/inst/u_sensor_reliability/u_cons_1_distance/val/DSP_PREADD_DATA.B2B1<1>
    DSP48E2_X1Y49        DSP_MULTIPLIER (Prop_DSP_MULTIPLIER_DSP48E2_B2B1[1]_U[0])
                                                      0.737     0.829 f  design_1_i/top_controller_0/inst/u_sensor_reliability/u_cons_1_distance/val/DSP_MULTIPLIER_INST/U[0]
                         net (fo=1, routed)           0.000     0.829    design_1_i/top_controller_0/inst/u_sensor_reliability/u_cons_1_distance/val/DSP_MULTIPLIER.U<0>
    DSP48E2_X1Y49        DSP_M_DATA (Prop_DSP_M_DATA_DSP48E2_U[0]_U_DATA[0])
                                                      0.059     0.888 r  design_1_i/top_controller_0/inst/u_sensor_reliability/u_cons_1_distance/val/DSP_M_DATA_INST/U_DATA[0]
                         net (fo=1, routed)           0.000     0.888    design_1_i/top_controller_0/inst/u_sensor_reliability/u_cons_1_distance/val/DSP_M_DATA.U_DATA<0>
    DSP48E2_X1Y49        DSP_ALU (Prop_DSP_ALU_DSP48E2_U_DATA[0]_ALU_OUT[0])
                                                      0.699     1.587 r  design_1_i/top_controller_0/inst/u_sensor_reliability/u_cons_1_distance/val/DSP_ALU_INST/ALU_OUT[0]
                         net (fo=1, routed)           0.000     1.587    design_1_i/top_controller_0/inst/u_sensor_reliability/u_cons_1_distance/val/DSP_ALU.ALU_OUT<0>
    DSP48E2_X1Y49        DSP_OUTPUT (Prop_DSP_OUTPUT_DSP48E2_ALU_OUT[0]_P[0])
                                                      0.141     1.728 f  design_1_i/top_controller_0/inst/u_sensor_reliability/u_cons_1_distance/val/DSP_OUTPUT_INST/P[0]
                         net (fo=2, routed)           0.373     2.101    design_1_i/top_controller_0/inst/u_sensor_reliability/u_cons_1_distance/val_n_105
    SLICE_X17Y120        LUT1 (Prop_B6LUT_SLICEL_I0_O)
                                                      0.115     2.216 r  design_1_i/top_controller_0/inst/u_sensor_reliability/u_cons_1_distance/consistency_cnt[31]_i_75__11/O
                         net (fo=1, routed)           0.199     2.415    design_1_i/top_controller_0/inst/u_sensor_reliability/u_cons_1_distance/consistency_cnt[31]_i_75__11_n_0
    SLICE_X16Y120        CARRY8 (Prop_CARRY8_SLICEM_CI_O[5])
                                                      0.285     2.700 r  design_1_i/top_controller_0/inst/u_sensor_reliability/u_cons_1_distance/consistency_cnt_reg[31]_i_58__3/O[5]
                         net (fo=1, routed)           0.742     3.442    design_1_i/top_controller_0/inst/u_sensor_reliability/u_cons_1_distance/abs0_return0[6]
    SLICE_X15Y121        LUT5 (Prop_C6LUT_SLICEL_I0_O)
                                                      0.063     3.505 r  design_1_i/top_controller_0/inst/u_sensor_reliability/u_cons_1_distance/consistency_cnt[31]_i_53__4/O
                         net (fo=1, routed)           0.011     3.516    design_1_i/top_controller_0/inst/u_sensor_reliability/u_cons_1_distance/consistency_cnt[31]_i_53__4_n_0
    SLICE_X15Y121        CARRY8 (Prop_CARRY8_SLICEL_S[2]_CO[7])
                                                      0.196     3.712 f  design_1_i/top_controller_0/inst/u_sensor_reliability/u_cons_1_distance/consistency_cnt_reg[31]_i_14__0/CO[7]
                         net (fo=1, routed)           0.028     3.740    design_1_i/top_controller_0/inst/u_sensor_reliability/u_cons_1_distance/consistency_cnt_reg[31]_i_14__0_n_0
    SLICE_X15Y122        CARRY8 (Prop_CARRY8_SLICEL_CI_CO[6])
                                                      0.116     3.856 f  design_1_i/top_controller_0/inst/u_sensor_reliability/u_cons_1_distance/consistency_cnt_reg[31]_i_8__0/CO[6]
                         net (fo=34, routed)          0.879     4.735    design_1_i/top_controller_0/inst/u_sensor_reliability/u_cons_1_distance/CO[0]
    SLICE_X23Y132        LUT3 (Prop_D5LUT_SLICEL_I0_O)
                                                      0.136     4.871 f  design_1_i/top_controller_0/inst/u_sensor_reliability/u_cons_1_distance/consistency_cnt[31]_i_11__6/O
                         net (fo=1, routed)           0.188     5.059    design_1_i/top_controller_0/inst/u_sensor_reliability/u_cons_1_distance/consistency_cnt[31]_i_11__6_n_0
    SLICE_X23Y133        LUT5 (Prop_H6LUT_SLICEL_I0_O)
                                                      0.100     5.159 f  design_1_i/top_controller_0/inst/u_sensor_reliability/u_cons_1_distance/consistency_cnt[31]_i_4__15/O
                         net (fo=2, routed)           0.175     5.334    design_1_i/top_controller_0/inst/u_sensor_reliability/u_cons_1_distance/consistency_cnt[31]_i_4__15_n_0
    SLICE_X23Y132        LUT3 (Prop_B6LUT_SLICEL_I0_O)
                                                      0.100     5.434 r  design_1_i/top_controller_0/inst/u_sensor_reliability/u_cons_1_distance/consistency_cnt[31]_i_1__15/O
                         net (fo=31, routed)          0.456     5.890    design_1_i/top_controller_0/inst/u_sensor_reliability/u_cons_1_distance/consistency_cnt[31]_i_1__15_n_0
    SLICE_X26Y132        FDRE                                         r  design_1_i/top_controller_0/inst/u_sensor_reliability/u_cons_1_distance/consistency_cnt_reg[4]/R
  -------------------------------------------------------------------    -------------------

                         (clock clk_pl_0 rise edge)
                                                      0.000     0.000 r  
    PS8_X0Y0             PS8                          0.000     0.000 r  design_1_i/zynq_ultra_ps_e_0/inst/PS8_i/PLCLK[0]
                         net (fo=1, routed)           0.140     0.140    design_1_i/zynq_ultra_ps_e_0/inst/pl_clk_unbuffered[0]
    BUFG_PS_X0Y58        BUFG_PS (Prop_BUFG_PS_I_O)
                                                      0.027     0.167 r  design_1_i/zynq_ultra_ps_e_0/inst/buffer_pl_clk_0.PL_CLK_0_BUFG/O
    X0Y1 (CLOCK_ROOT)    net (fo=6532, routed)        1.421     1.588    design_1_i/top_controller_0/inst/u_sensor_reliability/u_cons_1_distance/S_AXI_ACLK
    SLICE_X26Y132        FDRE                                         r  design_1_i/top_controller_0/inst/u_sensor_reliability/u_cons_1_distance/consistency_cnt_reg[4]/C

Slack:                    inf
  Source:                 design_1_i/top_controller_0/inst/u_sensor_reliability/u_cons_1_distance/val/DSP_A_B_DATA_INST/B2_DATA[1]
                            (internal pin)
  Destination:            design_1_i/top_controller_0/inst/u_sensor_reliability/u_cons_1_distance/consistency_cnt_reg[7]/R
                            (rising edge-triggered cell FDRE clocked by clk_pl_0  {rise@0.000ns fall@5.625ns period=11.250ns})
  Path Group:             (none)
  Path Type:              Setup (Max at Slow Process Corner)
  Data Path Delay:        5.890ns  (logic 2.839ns (48.197%)  route 3.051ns (51.803%))
  Logic Levels:           13  (CARRY8=3 DSP_ALU=1 DSP_M_DATA=1 DSP_MULTIPLIER=1 DSP_OUTPUT=1 DSP_PREADD_DATA=1 LUT1=1 LUT3=2 LUT5=2)
  Clock Uncertainty:      0.180ns  ((TSJ^2 + DJ^2)^1/2) / 2 + PE
    Total System Jitter     (TSJ):    0.050ns
    Discrete Jitter          (DJ):    0.356ns
    Phase Error              (PE):    0.000ns
  Clock Net Delay (Destination): 1.421ns (routing 0.576ns, distribution 0.845ns)

    Location             Delay type                Incr(ns)  Path(ns)    Netlist Resource(s)
  -------------------------------------------------------------------    -------------------
    DSP48E2_X1Y49        DSP_A_B_DATA                 0.000     0.000 r  design_1_i/top_controller_0/inst/u_sensor_reliability/u_cons_1_distance/val/DSP_A_B_DATA_INST/B2_DATA[1]
                         net (fo=1, routed)           0.000     0.000    design_1_i/top_controller_0/inst/u_sensor_reliability/u_cons_1_distance/val/DSP_A_B_DATA.B2_DATA<1>
    DSP48E2_X1Y49        DSP_PREADD_DATA (Prop_DSP_PREADD_DATA_DSP48E2_B2_DATA[1]_B2B1[1])
                                                      0.092     0.092 r  design_1_i/top_controller_0/inst/u_sensor_reliability/u_cons_1_distance/val/DSP_PREADD_DATA_INST/B2B1[1]
                         net (fo=1, routed)           0.000     0.092    design_1_i/top_controller_0/inst/u_sensor_reliability/u_cons_1_distance/val/DSP_PREADD_DATA.B2B1<1>
    DSP48E2_X1Y49        DSP_MULTIPLIER (Prop_DSP_MULTIPLIER_DSP48E2_B2B1[1]_U[0])
                                                      0.737     0.829 f  design_1_i/top_controller_0/inst/u_sensor_reliability/u_cons_1_distance/val/DSP_MULTIPLIER_INST/U[0]
                         net (fo=1, routed)           0.000     0.829    design_1_i/top_controller_0/inst/u_sensor_reliability/u_cons_1_distance/val/DSP_MULTIPLIER.U<0>
    DSP48E2_X1Y49        DSP_M_DATA (Prop_DSP_M_DATA_DSP48E2_U[0]_U_DATA[0])
                                                      0.059     0.888 r  design_1_i/top_controller_0/inst/u_sensor_reliability/u_cons_1_distance/val/DSP_M_DATA_INST/U_DATA[0]
                         net (fo=1, routed)           0.000     0.888    design_1_i/top_controller_0/inst/u_sensor_reliability/u_cons_1_distance/val/DSP_M_DATA.U_DATA<0>
    DSP48E2_X1Y49        DSP_ALU (Prop_DSP_ALU_DSP48E2_U_DATA[0]_ALU_OUT[0])
                                                      0.699     1.587 r  design_1_i/top_controller_0/inst/u_sensor_reliability/u_cons_1_distance/val/DSP_ALU_INST/ALU_OUT[0]
                         net (fo=1, routed)           0.000     1.587    design_1_i/top_controller_0/inst/u_sensor_reliability/u_cons_1_distance/val/DSP_ALU.ALU_OUT<0>
    DSP48E2_X1Y49        DSP_OUTPUT (Prop_DSP_OUTPUT_DSP48E2_ALU_OUT[0]_P[0])
                                                      0.141     1.728 f  design_1_i/top_controller_0/inst/u_sensor_reliability/u_cons_1_distance/val/DSP_OUTPUT_INST/P[0]
                         net (fo=2, routed)           0.373     2.101    design_1_i/top_controller_0/inst/u_sensor_reliability/u_cons_1_distance/val_n_105
    SLICE_X17Y120        LUT1 (Prop_B6LUT_SLICEL_I0_O)
                                                      0.115     2.216 r  design_1_i/top_controller_0/inst/u_sensor_reliability/u_cons_1_distance/consistency_cnt[31]_i_75__11/O
                         net (fo=1, routed)           0.199     2.415    design_1_i/top_controller_0/inst/u_sensor_reliability/u_cons_1_distance/consistency_cnt[31]_i_75__11_n_0
    SLICE_X16Y120        CARRY8 (Prop_CARRY8_SLICEM_CI_O[5])
                                                      0.285     2.700 r  design_1_i/top_controller_0/inst/u_sensor_reliability/u_cons_1_distance/consistency_cnt_reg[31]_i_58__3/O[5]
                         net (fo=1, routed)           0.742     3.442    design_1_i/top_controller_0/inst/u_sensor_reliability/u_cons_1_distance/abs0_return0[6]
    SLICE_X15Y121        LUT5 (Prop_C6LUT_SLICEL_I0_O)
                                                      0.063     3.505 r  design_1_i/top_controller_0/inst/u_sensor_reliability/u_cons_1_distance/consistency_cnt[31]_i_53__4/O
                         net (fo=1, routed)           0.011     3.516    design_1_i/top_controller_0/inst/u_sensor_reliability/u_cons_1_distance/consistency_cnt[31]_i_53__4_n_0
    SLICE_X15Y121        CARRY8 (Prop_CARRY8_SLICEL_S[2]_CO[7])
                                                      0.196     3.712 f  design_1_i/top_controller_0/inst/u_sensor_reliability/u_cons_1_distance/consistency_cnt_reg[31]_i_14__0/CO[7]
                         net (fo=1, routed)           0.028     3.740    design_1_i/top_controller_0/inst/u_sensor_reliability/u_cons_1_distance/consistency_cnt_reg[31]_i_14__0_n_0
    SLICE_X15Y122        CARRY8 (Prop_CARRY8_SLICEL_CI_CO[6])
                                                      0.116     3.856 f  design_1_i/top_controller_0/inst/u_sensor_reliability/u_cons_1_distance/consistency_cnt_reg[31]_i_8__0/CO[6]
                         net (fo=34, routed)          0.879     4.735    design_1_i/top_controller_0/inst/u_sensor_reliability/u_cons_1_distance/CO[0]
    SLICE_X23Y132        LUT3 (Prop_D5LUT_SLICEL_I0_O)
                                                      0.136     4.871 f  design_1_i/top_controller_0/inst/u_sensor_reliability/u_cons_1_distance/consistency_cnt[31]_i_11__6/O
                         net (fo=1, routed)           0.188     5.059    design_1_i/top_controller_0/inst/u_sensor_reliability/u_cons_1_distance/consistency_cnt[31]_i_11__6_n_0
    SLICE_X23Y133        LUT5 (Prop_H6LUT_SLICEL_I0_O)
                                                      0.100     5.159 f  design_1_i/top_controller_0/inst/u_sensor_reliability/u_cons_1_distance/consistency_cnt[31]_i_4__15/O
                         net (fo=2, routed)           0.175     5.334    design_1_i/top_controller_0/inst/u_sensor_reliability/u_cons_1_distance/consistency_cnt[31]_i_4__15_n_0
    SLICE_X23Y132        LUT3 (Prop_B6LUT_SLICEL_I0_O)
                                                      0.100     5.434 r  design_1_i/top_controller_0/inst/u_sensor_reliability/u_cons_1_distance/consistency_cnt[31]_i_1__15/O
                         net (fo=31, routed)          0.456     5.890    design_1_i/top_controller_0/inst/u_sensor_reliability/u_cons_1_distance/consistency_cnt[31]_i_1__15_n_0
    SLICE_X26Y132        FDRE                                         r  design_1_i/top_controller_0/inst/u_sensor_reliability/u_cons_1_distance/consistency_cnt_reg[7]/R
  -------------------------------------------------------------------    -------------------

                         (clock clk_pl_0 rise edge)
                                                      0.000     0.000 r  
    PS8_X0Y0             PS8                          0.000     0.000 r  design_1_i/zynq_ultra_ps_e_0/inst/PS8_i/PLCLK[0]
                         net (fo=1, routed)           0.140     0.140    design_1_i/zynq_ultra_ps_e_0/inst/pl_clk_unbuffered[0]
    BUFG_PS_X0Y58        BUFG_PS (Prop_BUFG_PS_I_O)
                                                      0.027     0.167 r  design_1_i/zynq_ultra_ps_e_0/inst/buffer_pl_clk_0.PL_CLK_0_BUFG/O
    X0Y1 (CLOCK_ROOT)    net (fo=6532, routed)        1.421     1.588    design_1_i/top_controller_0/inst/u_sensor_reliability/u_cons_1_distance/S_AXI_ACLK
    SLICE_X26Y132        FDRE                                         r  design_1_i/top_controller_0/inst/u_sensor_reliability/u_cons_1_distance/consistency_cnt_reg[7]/C

Slack:                    inf
  Source:                 design_1_i/top_controller_0/inst/u_sensor_reliability/u_cons_1_distance/val/DSP_A_B_DATA_INST/B2_DATA[1]
                            (internal pin)
  Destination:            design_1_i/top_controller_0/inst/u_sensor_reliability/u_cons_1_distance/consistency_cnt_reg[8]/R
                            (rising edge-triggered cell FDRE clocked by clk_pl_0  {rise@0.000ns fall@5.625ns period=11.250ns})
  Path Group:             (none)
  Path Type:              Setup (Max at Slow Process Corner)
  Data Path Delay:        5.890ns  (logic 2.839ns (48.197%)  route 3.051ns (51.803%))
  Logic Levels:           13  (CARRY8=3 DSP_ALU=1 DSP_M_DATA=1 DSP_MULTIPLIER=1 DSP_OUTPUT=1 DSP_PREADD_DATA=1 LUT1=1 LUT3=2 LUT5=2)
  Clock Uncertainty:      0.180ns  ((TSJ^2 + DJ^2)^1/2) / 2 + PE
    Total System Jitter     (TSJ):    0.050ns
    Discrete Jitter          (DJ):    0.356ns
    Phase Error              (PE):    0.000ns
  Clock Net Delay (Destination): 1.417ns (routing 0.576ns, distribution 0.841ns)

    Location             Delay type                Incr(ns)  Path(ns)    Netlist Resource(s)
  -------------------------------------------------------------------    -------------------
    DSP48E2_X1Y49        DSP_A_B_DATA                 0.000     0.000 r  design_1_i/top_controller_0/inst/u_sensor_reliability/u_cons_1_distance/val/DSP_A_B_DATA_INST/B2_DATA[1]
                         net (fo=1, routed)           0.000     0.000    design_1_i/top_controller_0/inst/u_sensor_reliability/u_cons_1_distance/val/DSP_A_B_DATA.B2_DATA<1>
    DSP48E2_X1Y49        DSP_PREADD_DATA (Prop_DSP_PREADD_DATA_DSP48E2_B2_DATA[1]_B2B1[1])
                                                      0.092     0.092 r  design_1_i/top_controller_0/inst/u_sensor_reliability/u_cons_1_distance/val/DSP_PREADD_DATA_INST/B2B1[1]
                         net (fo=1, routed)           0.000     0.092    design_1_i/top_controller_0/inst/u_sensor_reliability/u_cons_1_distance/val/DSP_PREADD_DATA.B2B1<1>
    DSP48E2_X1Y49        DSP_MULTIPLIER (Prop_DSP_MULTIPLIER_DSP48E2_B2B1[1]_U[0])
                                                      0.737     0.829 f  design_1_i/top_controller_0/inst/u_sensor_reliability/u_cons_1_distance/val/DSP_MULTIPLIER_INST/U[0]
                         net (fo=1, routed)           0.000     0.829    design_1_i/top_controller_0/inst/u_sensor_reliability/u_cons_1_distance/val/DSP_MULTIPLIER.U<0>
    DSP48E2_X1Y49        DSP_M_DATA (Prop_DSP_M_DATA_DSP48E2_U[0]_U_DATA[0])
                                                      0.059     0.888 r  design_1_i/top_controller_0/inst/u_sensor_reliability/u_cons_1_distance/val/DSP_M_DATA_INST/U_DATA[0]
                         net (fo=1, routed)           0.000     0.888    design_1_i/top_controller_0/inst/u_sensor_reliability/u_cons_1_distance/val/DSP_M_DATA.U_DATA<0>
    DSP48E2_X1Y49        DSP_ALU (Prop_DSP_ALU_DSP48E2_U_DATA[0]_ALU_OUT[0])
                                                      0.699     1.587 r  design_1_i/top_controller_0/inst/u_sensor_reliability/u_cons_1_distance/val/DSP_ALU_INST/ALU_OUT[0]
                         net (fo=1, routed)           0.000     1.587    design_1_i/top_controller_0/inst/u_sensor_reliability/u_cons_1_distance/val/DSP_ALU.ALU_OUT<0>
    DSP48E2_X1Y49        DSP_OUTPUT (Prop_DSP_OUTPUT_DSP48E2_ALU_OUT[0]_P[0])
                                                      0.141     1.728 f  design_1_i/top_controller_0/inst/u_sensor_reliability/u_cons_1_distance/val/DSP_OUTPUT_INST/P[0]
                         net (fo=2, routed)           0.373     2.101    design_1_i/top_controller_0/inst/u_sensor_reliability/u_cons_1_distance/val_n_105
    SLICE_X17Y120        LUT1 (Prop_B6LUT_SLICEL_I0_O)
                                                      0.115     2.216 r  design_1_i/top_controller_0/inst/u_sensor_reliability/u_cons_1_distance/consistency_cnt[31]_i_75__11/O
                         net (fo=1, routed)           0.199     2.415    design_1_i/top_controller_0/inst/u_sensor_reliability/u_cons_1_distance/consistency_cnt[31]_i_75__11_n_0
    SLICE_X16Y120        CARRY8 (Prop_CARRY8_SLICEM_CI_O[5])
                                                      0.285     2.700 r  design_1_i/top_controller_0/inst/u_sensor_reliability/u_cons_1_distance/consistency_cnt_reg[31]_i_58__3/O[5]
                         net (fo=1, routed)           0.742     3.442    design_1_i/top_controller_0/inst/u_sensor_reliability/u_cons_1_distance/abs0_return0[6]
    SLICE_X15Y121        LUT5 (Prop_C6LUT_SLICEL_I0_O)
                                                      0.063     3.505 r  design_1_i/top_controller_0/inst/u_sensor_reliability/u_cons_1_distance/consistency_cnt[31]_i_53__4/O
                         net (fo=1, routed)           0.011     3.516    design_1_i/top_controller_0/inst/u_sensor_reliability/u_cons_1_distance/consistency_cnt[31]_i_53__4_n_0
    SLICE_X15Y121        CARRY8 (Prop_CARRY8_SLICEL_S[2]_CO[7])
                                                      0.196     3.712 f  design_1_i/top_controller_0/inst/u_sensor_reliability/u_cons_1_distance/consistency_cnt_reg[31]_i_14__0/CO[7]
                         net (fo=1, routed)           0.028     3.740    design_1_i/top_controller_0/inst/u_sensor_reliability/u_cons_1_distance/consistency_cnt_reg[31]_i_14__0_n_0
    SLICE_X15Y122        CARRY8 (Prop_CARRY8_SLICEL_CI_CO[6])
                                                      0.116     3.856 f  design_1_i/top_controller_0/inst/u_sensor_reliability/u_cons_1_distance/consistency_cnt_reg[31]_i_8__0/CO[6]
                         net (fo=34, routed)          0.879     4.735    design_1_i/top_controller_0/inst/u_sensor_reliability/u_cons_1_distance/CO[0]
    SLICE_X23Y132        LUT3 (Prop_D5LUT_SLICEL_I0_O)
                                                      0.136     4.871 f  design_1_i/top_controller_0/inst/u_sensor_reliability/u_cons_1_distance/consistency_cnt[31]_i_11__6/O
                         net (fo=1, routed)           0.188     5.059    design_1_i/top_controller_0/inst/u_sensor_reliability/u_cons_1_distance/consistency_cnt[31]_i_11__6_n_0
    SLICE_X23Y133        LUT5 (Prop_H6LUT_SLICEL_I0_O)
                                                      0.100     5.159 f  design_1_i/top_controller_0/inst/u_sensor_reliability/u_cons_1_distance/consistency_cnt[31]_i_4__15/O
                         net (fo=2, routed)           0.175     5.334    design_1_i/top_controller_0/inst/u_sensor_reliability/u_cons_1_distance/consistency_cnt[31]_i_4__15_n_0
    SLICE_X23Y132        LUT3 (Prop_B6LUT_SLICEL_I0_O)
                                                      0.100     5.434 r  design_1_i/top_controller_0/inst/u_sensor_reliability/u_cons_1_distance/consistency_cnt[31]_i_1__15/O
                         net (fo=31, routed)          0.456     5.890    design_1_i/top_controller_0/inst/u_sensor_reliability/u_cons_1_distance/consistency_cnt[31]_i_1__15_n_0
    SLICE_X26Y132        FDRE                                         r  design_1_i/top_controller_0/inst/u_sensor_reliability/u_cons_1_distance/consistency_cnt_reg[8]/R
  -------------------------------------------------------------------    -------------------

                         (clock clk_pl_0 rise edge)
                                                      0.000     0.000 r  
    PS8_X0Y0             PS8                          0.000     0.000 r  design_1_i/zynq_ultra_ps_e_0/inst/PS8_i/PLCLK[0]
                         net (fo=1, routed)           0.140     0.140    design_1_i/zynq_ultra_ps_e_0/inst/pl_clk_unbuffered[0]
    BUFG_PS_X0Y58        BUFG_PS (Prop_BUFG_PS_I_O)
                                                      0.027     0.167 r  design_1_i/zynq_ultra_ps_e_0/inst/buffer_pl_clk_0.PL_CLK_0_BUFG/O
    X0Y1 (CLOCK_ROOT)    net (fo=6532, routed)        1.417     1.584    design_1_i/top_controller_0/inst/u_sensor_reliability/u_cons_1_distance/S_AXI_ACLK
    SLICE_X26Y132        FDRE                                         r  design_1_i/top_controller_0/inst/u_sensor_reliability/u_cons_1_distance/consistency_cnt_reg[8]/C

Slack:                    inf
  Source:                 design_1_i/top_controller_0/inst/u_risk_control/p_0_out__1/DSP_A_B_DATA_INST/B2_DATA[17]
                            (internal pin)
  Destination:            design_1_i/top_controller_0/inst/u_risk_control/sim_data_out_reg[speed_limit][2]/D
                            (rising edge-triggered cell FDRE clocked by clk_pl_0  {rise@0.000ns fall@5.625ns period=11.250ns})
  Path Group:             (none)
  Path Type:              Setup (Max at Slow Process Corner)
  Data Path Delay:        5.877ns  (logic 3.168ns (53.902%)  route 2.709ns (46.098%))
  Logic Levels:           14  (CARRY8=2 DSP_ALU=1 DSP_M_DATA=1 DSP_MULTIPLIER=1 DSP_OUTPUT=1 DSP_PREADD_DATA=1 LUT2=1 LUT4=1 LUT5=2 LUT6=3)
  Clock Uncertainty:      0.180ns  ((TSJ^2 + DJ^2)^1/2) / 2 + PE
    Total System Jitter     (TSJ):    0.050ns
    Discrete Jitter          (DJ):    0.356ns
    Phase Error              (PE):    0.000ns
  Clock Net Delay (Destination): 1.344ns (routing 0.576ns, distribution 0.768ns)

    Location             Delay type                Incr(ns)  Path(ns)    Netlist Resource(s)
  -------------------------------------------------------------------    -------------------
    DSP48E2_X0Y37        DSP_A_B_DATA                 0.000     0.000 r  design_1_i/top_controller_0/inst/u_risk_control/p_0_out__1/DSP_A_B_DATA_INST/B2_DATA[17]
                         net (fo=1, routed)           0.000     0.000    design_1_i/top_controller_0/inst/u_risk_control/p_0_out__1/DSP_A_B_DATA.B2_DATA<17>
    DSP48E2_X0Y37        DSP_PREADD_DATA (Prop_DSP_PREADD_DATA_DSP48E2_B2_DATA[17]_B2B1[17])
                                                      0.092     0.092 r  design_1_i/top_controller_0/inst/u_risk_control/p_0_out__1/DSP_PREADD_DATA_INST/B2B1[17]
                         net (fo=1, routed)           0.000     0.092    design_1_i/top_controller_0/inst/u_risk_control/p_0_out__1/DSP_PREADD_DATA.B2B1<17>
    DSP48E2_X0Y37        DSP_MULTIPLIER (Prop_DSP_MULTIPLIER_DSP48E2_B2B1[17]_U[19])
                                                      0.737     0.829 f  design_1_i/top_controller_0/inst/u_risk_control/p_0_out__1/DSP_MULTIPLIER_INST/U[19]
                         net (fo=1, routed)           0.000     0.829    design_1_i/top_controller_0/inst/u_risk_control/p_0_out__1/DSP_MULTIPLIER.U<19>
    DSP48E2_X0Y37        DSP_M_DATA (Prop_DSP_M_DATA_DSP48E2_U[19]_U_DATA[19])
                                                      0.059     0.888 r  design_1_i/top_controller_0/inst/u_risk_control/p_0_out__1/DSP_M_DATA_INST/U_DATA[19]
                         net (fo=1, routed)           0.000     0.888    design_1_i/top_controller_0/inst/u_risk_control/p_0_out__1/DSP_M_DATA.U_DATA<19>
    DSP48E2_X0Y37        DSP_ALU (Prop_DSP_ALU_DSP48E2_U_DATA[19]_ALU_OUT[19])
                                                      0.699     1.587 r  design_1_i/top_controller_0/inst/u_risk_control/p_0_out__1/DSP_ALU_INST/ALU_OUT[19]
                         net (fo=1, routed)           0.000     1.587    design_1_i/top_controller_0/inst/u_risk_control/p_0_out__1/DSP_ALU.ALU_OUT<19>
    DSP48E2_X0Y37        DSP_OUTPUT (Prop_DSP_OUTPUT_DSP48E2_ALU_OUT[19]_P[19])
                                                      0.141     1.728 f  design_1_i/top_controller_0/inst/u_risk_control/p_0_out__1/DSP_OUTPUT_INST/P[19]
                         net (fo=7, routed)           0.558     2.286    design_1_i/top_controller_0/inst/u_risk_types/sim_data_out_reg[accelerator][3]_i_10_0[9]
    SLICE_X10Y93         LUT6 (Prop_F6LUT_SLICEL_I5_O)
                                                      0.148     2.434 r  design_1_i/top_controller_0/inst/u_risk_types/sim_data_out[speed_limit][9]_i_7/O
                         net (fo=3, routed)           0.205     2.639    design_1_i/top_controller_0/inst/u_risk_types/sim_data_out[speed_limit][9]_i_7_n_0
    SLICE_X10Y93         LUT5 (Prop_D5LUT_SLICEL_I0_O)
                                                      0.164     2.803 r  design_1_i/top_controller_0/inst/u_risk_types/sim_data_out[speed_limit][12]_i_71/O
                         net (fo=1, routed)           0.419     3.222    design_1_i/top_controller_0/inst/u_risk_types/sim_data_out[speed_limit][12]_i_71_n_0
    SLICE_X7Y94          LUT6 (Prop_E6LUT_SLICEL_I0_O)
                                                      0.176     3.398 r  design_1_i/top_controller_0/inst/u_risk_types/sim_data_out[speed_limit][12]_i_62/O
                         net (fo=1, routed)           0.008     3.406    design_1_i/top_controller_0/inst/u_risk_types/sim_data_out[speed_limit][12]_i_62_n_0
    SLICE_X7Y94          CARRY8 (Prop_CARRY8_SLICEL_S[4]_CO[6])
                                                      0.138     3.544 r  design_1_i/top_controller_0/inst/u_risk_types/sim_data_out_reg[speed_limit][12]_i_51/CO[6]
                         net (fo=13, routed)          0.278     3.821    design_1_i/top_controller_0/inst/u_risk_control/sim_data_out[speed_limit][12]_i_48_0[0]
    SLICE_X7Y95          LUT5 (Prop_B6LUT_SLICEL_I3_O)
                                                      0.064     3.885 r  design_1_i/top_controller_0/inst/u_risk_control/sim_data_out[speed_limit][2]_i_5/O
                         net (fo=5, routed)           0.249     4.134    design_1_i/top_controller_0/inst/u_risk_control/sim_data_out[speed_limit][2]_i_5_n_0
    SLICE_X9Y94          LUT4 (Prop_B6LUT_SLICEM_I2_O)
                                                      0.178     4.312 r  design_1_i/top_controller_0/inst/u_risk_control/sim_data_out[speed_limit][12]_i_49/O
                         net (fo=1, routed)           0.018     4.330    design_1_i/top_controller_0/inst/u_risk_types/sim_data_out[speed_limit][4]_i_2_0[1]
    SLICE_X9Y94          CARRY8 (Prop_CARRY8_SLICEM_S[1]_CO[6])
                                                      0.267     4.597 r  design_1_i/top_controller_0/inst/u_risk_types/sim_data_out_reg[speed_limit][12]_i_7/CO[6]
                         net (fo=13, routed)          0.422     5.019    design_1_i/top_controller_0/inst/u_risk_control/sim_data_out_reg[speed_limit][2]_0[0]
    SLICE_X10Y95         LUT6 (Prop_G6LUT_SLICEL_I4_O)
                                                      0.100     5.119 f  design_1_i/top_controller_0/inst/u_risk_control/sim_data_out[speed_limit][2]_i_2/O
                         net (fo=1, routed)           0.519     5.638    design_1_i/top_controller_0/inst/u_risk_types/sim_data_out_reg[speed_limit][2]
    SLICE_X14Y104        LUT2 (Prop_B5LUT_SLICEM_I1_O)
                                                      0.205     5.843 r  design_1_i/top_controller_0/inst/u_risk_types/sim_data_out[speed_limit][2]_i_1/O
                         net (fo=1, routed)           0.034     5.877    design_1_i/top_controller_0/inst/u_risk_control/sim_data_out_reg[speed_limit][12]_6[2]
    SLICE_X14Y104        FDRE                                         r  design_1_i/top_controller_0/inst/u_risk_control/sim_data_out_reg[speed_limit][2]/D
  -------------------------------------------------------------------    -------------------

                         (clock clk_pl_0 rise edge)
                                                      0.000     0.000 r  
    PS8_X0Y0             PS8                          0.000     0.000 r  design_1_i/zynq_ultra_ps_e_0/inst/PS8_i/PLCLK[0]
                         net (fo=1, routed)           0.140     0.140    design_1_i/zynq_ultra_ps_e_0/inst/pl_clk_unbuffered[0]
    BUFG_PS_X0Y58        BUFG_PS (Prop_BUFG_PS_I_O)
                                                      0.027     0.167 r  design_1_i/zynq_ultra_ps_e_0/inst/buffer_pl_clk_0.PL_CLK_0_BUFG/O
    X0Y1 (CLOCK_ROOT)    net (fo=6532, routed)        1.344     1.511    design_1_i/top_controller_0/inst/u_risk_control/S_AXI_ACLK
    SLICE_X14Y104        FDRE                                         r  design_1_i/top_controller_0/inst/u_risk_control/sim_data_out_reg[speed_limit][2]/C

Slack:                    inf
  Source:                 design_1_i/top_controller_0/inst/u_sensor_reliability/u_cons_1_distance/val/DSP_A_B_DATA_INST/B2_DATA[1]
                            (internal pin)
  Destination:            design_1_i/top_controller_0/inst/u_sensor_reliability/u_cons_1_distance/consistency_cnt_reg[22]/R
                            (rising edge-triggered cell FDRE clocked by clk_pl_0  {rise@0.000ns fall@5.625ns period=11.250ns})
  Path Group:             (none)
  Path Type:              Setup (Max at Slow Process Corner)
  Data Path Delay:        5.858ns  (logic 2.839ns (48.464%)  route 3.019ns (51.536%))
  Logic Levels:           13  (CARRY8=3 DSP_ALU=1 DSP_M_DATA=1 DSP_MULTIPLIER=1 DSP_OUTPUT=1 DSP_PREADD_DATA=1 LUT1=1 LUT3=2 LUT5=2)
  Clock Uncertainty:      0.180ns  ((TSJ^2 + DJ^2)^1/2) / 2 + PE
    Total System Jitter     (TSJ):    0.050ns
    Discrete Jitter          (DJ):    0.356ns
    Phase Error              (PE):    0.000ns
  Clock Net Delay (Destination): 1.419ns (routing 0.576ns, distribution 0.843ns)

    Location             Delay type                Incr(ns)  Path(ns)    Netlist Resource(s)
  -------------------------------------------------------------------    -------------------
    DSP48E2_X1Y49        DSP_A_B_DATA                 0.000     0.000 r  design_1_i/top_controller_0/inst/u_sensor_reliability/u_cons_1_distance/val/DSP_A_B_DATA_INST/B2_DATA[1]
                         net (fo=1, routed)           0.000     0.000    design_1_i/top_controller_0/inst/u_sensor_reliability/u_cons_1_distance/val/DSP_A_B_DATA.B2_DATA<1>
    DSP48E2_X1Y49        DSP_PREADD_DATA (Prop_DSP_PREADD_DATA_DSP48E2_B2_DATA[1]_B2B1[1])
                                                      0.092     0.092 r  design_1_i/top_controller_0/inst/u_sensor_reliability/u_cons_1_distance/val/DSP_PREADD_DATA_INST/B2B1[1]
                         net (fo=1, routed)           0.000     0.092    design_1_i/top_controller_0/inst/u_sensor_reliability/u_cons_1_distance/val/DSP_PREADD_DATA.B2B1<1>
    DSP48E2_X1Y49        DSP_MULTIPLIER (Prop_DSP_MULTIPLIER_DSP48E2_B2B1[1]_U[0])
                                                      0.737     0.829 f  design_1_i/top_controller_0/inst/u_sensor_reliability/u_cons_1_distance/val/DSP_MULTIPLIER_INST/U[0]
                         net (fo=1, routed)           0.000     0.829    design_1_i/top_controller_0/inst/u_sensor_reliability/u_cons_1_distance/val/DSP_MULTIPLIER.U<0>
    DSP48E2_X1Y49        DSP_M_DATA (Prop_DSP_M_DATA_DSP48E2_U[0]_U_DATA[0])
                                                      0.059     0.888 r  design_1_i/top_controller_0/inst/u_sensor_reliability/u_cons_1_distance/val/DSP_M_DATA_INST/U_DATA[0]
                         net (fo=1, routed)           0.000     0.888    design_1_i/top_controller_0/inst/u_sensor_reliability/u_cons_1_distance/val/DSP_M_DATA.U_DATA<0>
    DSP48E2_X1Y49        DSP_ALU (Prop_DSP_ALU_DSP48E2_U_DATA[0]_ALU_OUT[0])
                                                      0.699     1.587 r  design_1_i/top_controller_0/inst/u_sensor_reliability/u_cons_1_distance/val/DSP_ALU_INST/ALU_OUT[0]
                         net (fo=1, routed)           0.000     1.587    design_1_i/top_controller_0/inst/u_sensor_reliability/u_cons_1_distance/val/DSP_ALU.ALU_OUT<0>
    DSP48E2_X1Y49        DSP_OUTPUT (Prop_DSP_OUTPUT_DSP48E2_ALU_OUT[0]_P[0])
                                                      0.141     1.728 f  design_1_i/top_controller_0/inst/u_sensor_reliability/u_cons_1_distance/val/DSP_OUTPUT_INST/P[0]
                         net (fo=2, routed)           0.373     2.101    design_1_i/top_controller_0/inst/u_sensor_reliability/u_cons_1_distance/val_n_105
    SLICE_X17Y120        LUT1 (Prop_B6LUT_SLICEL_I0_O)
                                                      0.115     2.216 r  design_1_i/top_controller_0/inst/u_sensor_reliability/u_cons_1_distance/consistency_cnt[31]_i_75__11/O
                         net (fo=1, routed)           0.199     2.415    design_1_i/top_controller_0/inst/u_sensor_reliability/u_cons_1_distance/consistency_cnt[31]_i_75__11_n_0
    SLICE_X16Y120        CARRY8 (Prop_CARRY8_SLICEM_CI_O[5])
                                                      0.285     2.700 r  design_1_i/top_controller_0/inst/u_sensor_reliability/u_cons_1_distance/consistency_cnt_reg[31]_i_58__3/O[5]
                         net (fo=1, routed)           0.742     3.442    design_1_i/top_controller_0/inst/u_sensor_reliability/u_cons_1_distance/abs0_return0[6]
    SLICE_X15Y121        LUT5 (Prop_C6LUT_SLICEL_I0_O)
                                                      0.063     3.505 r  design_1_i/top_controller_0/inst/u_sensor_reliability/u_cons_1_distance/consistency_cnt[31]_i_53__4/O
                         net (fo=1, routed)           0.011     3.516    design_1_i/top_controller_0/inst/u_sensor_reliability/u_cons_1_distance/consistency_cnt[31]_i_53__4_n_0
    SLICE_X15Y121        CARRY8 (Prop_CARRY8_SLICEL_S[2]_CO[7])
                                                      0.196     3.712 f  design_1_i/top_controller_0/inst/u_sensor_reliability/u_cons_1_distance/consistency_cnt_reg[31]_i_14__0/CO[7]
                         net (fo=1, routed)           0.028     3.740    design_1_i/top_controller_0/inst/u_sensor_reliability/u_cons_1_distance/consistency_cnt_reg[31]_i_14__0_n_0
    SLICE_X15Y122        CARRY8 (Prop_CARRY8_SLICEL_CI_CO[6])
                                                      0.116     3.856 f  design_1_i/top_controller_0/inst/u_sensor_reliability/u_cons_1_distance/consistency_cnt_reg[31]_i_8__0/CO[6]
                         net (fo=34, routed)          0.879     4.735    design_1_i/top_controller_0/inst/u_sensor_reliability/u_cons_1_distance/CO[0]
    SLICE_X23Y132        LUT3 (Prop_D5LUT_SLICEL_I0_O)
                                                      0.136     4.871 f  design_1_i/top_controller_0/inst/u_sensor_reliability/u_cons_1_distance/consistency_cnt[31]_i_11__6/O
                         net (fo=1, routed)           0.188     5.059    design_1_i/top_controller_0/inst/u_sensor_reliability/u_cons_1_distance/consistency_cnt[31]_i_11__6_n_0
    SLICE_X23Y133        LUT5 (Prop_H6LUT_SLICEL_I0_O)
                                                      0.100     5.159 f  design_1_i/top_controller_0/inst/u_sensor_reliability/u_cons_1_distance/consistency_cnt[31]_i_4__15/O
                         net (fo=2, routed)           0.175     5.334    design_1_i/top_controller_0/inst/u_sensor_reliability/u_cons_1_distance/consistency_cnt[31]_i_4__15_n_0
    SLICE_X23Y132        LUT3 (Prop_B6LUT_SLICEL_I0_O)
                                                      0.100     5.434 r  design_1_i/top_controller_0/inst/u_sensor_reliability/u_cons_1_distance/consistency_cnt[31]_i_1__15/O
                         net (fo=31, routed)          0.424     5.858    design_1_i/top_controller_0/inst/u_sensor_reliability/u_cons_1_distance/consistency_cnt[31]_i_1__15_n_0
    SLICE_X26Y134        FDRE                                         r  design_1_i/top_controller_0/inst/u_sensor_reliability/u_cons_1_distance/consistency_cnt_reg[22]/R
  -------------------------------------------------------------------    -------------------

                         (clock clk_pl_0 rise edge)
                                                      0.000     0.000 r  
    PS8_X0Y0             PS8                          0.000     0.000 r  design_1_i/zynq_ultra_ps_e_0/inst/PS8_i/PLCLK[0]
                         net (fo=1, routed)           0.140     0.140    design_1_i/zynq_ultra_ps_e_0/inst/pl_clk_unbuffered[0]
    BUFG_PS_X0Y58        BUFG_PS (Prop_BUFG_PS_I_O)
                                                      0.027     0.167 r  design_1_i/zynq_ultra_ps_e_0/inst/buffer_pl_clk_0.PL_CLK_0_BUFG/O
    X0Y1 (CLOCK_ROOT)    net (fo=6532, routed)        1.419     1.586    design_1_i/top_controller_0/inst/u_sensor_reliability/u_cons_1_distance/S_AXI_ACLK
    SLICE_X26Y134        FDRE                                         r  design_1_i/top_controller_0/inst/u_sensor_reliability/u_cons_1_distance/consistency_cnt_reg[22]/C

Slack:                    inf
  Source:                 design_1_i/top_controller_0/inst/u_sensor_reliability/u_cons_1_distance/val/DSP_A_B_DATA_INST/B2_DATA[1]
                            (internal pin)
  Destination:            design_1_i/top_controller_0/inst/u_sensor_reliability/u_cons_1_distance/consistency_cnt_reg[24]/R
                            (rising edge-triggered cell FDRE clocked by clk_pl_0  {rise@0.000ns fall@5.625ns period=11.250ns})
  Path Group:             (none)
  Path Type:              Setup (Max at Slow Process Corner)
  Data Path Delay:        5.858ns  (logic 2.839ns (48.464%)  route 3.019ns (51.536%))
  Logic Levels:           13  (CARRY8=3 DSP_ALU=1 DSP_M_DATA=1 DSP_MULTIPLIER=1 DSP_OUTPUT=1 DSP_PREADD_DATA=1 LUT1=1 LUT3=2 LUT5=2)
  Clock Uncertainty:      0.180ns  ((TSJ^2 + DJ^2)^1/2) / 2 + PE
    Total System Jitter     (TSJ):    0.050ns
    Discrete Jitter          (DJ):    0.356ns
    Phase Error              (PE):    0.000ns
  Clock Net Delay (Destination): 1.419ns (routing 0.576ns, distribution 0.843ns)

    Location             Delay type                Incr(ns)  Path(ns)    Netlist Resource(s)
  -------------------------------------------------------------------    -------------------
    DSP48E2_X1Y49        DSP_A_B_DATA                 0.000     0.000 r  design_1_i/top_controller_0/inst/u_sensor_reliability/u_cons_1_distance/val/DSP_A_B_DATA_INST/B2_DATA[1]
                         net (fo=1, routed)           0.000     0.000    design_1_i/top_controller_0/inst/u_sensor_reliability/u_cons_1_distance/val/DSP_A_B_DATA.B2_DATA<1>
    DSP48E2_X1Y49        DSP_PREADD_DATA (Prop_DSP_PREADD_DATA_DSP48E2_B2_DATA[1]_B2B1[1])
                                                      0.092     0.092 r  design_1_i/top_controller_0/inst/u_sensor_reliability/u_cons_1_distance/val/DSP_PREADD_DATA_INST/B2B1[1]
                         net (fo=1, routed)           0.000     0.092    design_1_i/top_controller_0/inst/u_sensor_reliability/u_cons_1_distance/val/DSP_PREADD_DATA.B2B1<1>
    DSP48E2_X1Y49        DSP_MULTIPLIER (Prop_DSP_MULTIPLIER_DSP48E2_B2B1[1]_U[0])
                                                      0.737     0.829 f  design_1_i/top_controller_0/inst/u_sensor_reliability/u_cons_1_distance/val/DSP_MULTIPLIER_INST/U[0]
                         net (fo=1, routed)           0.000     0.829    design_1_i/top_controller_0/inst/u_sensor_reliability/u_cons_1_distance/val/DSP_MULTIPLIER.U<0>
    DSP48E2_X1Y49        DSP_M_DATA (Prop_DSP_M_DATA_DSP48E2_U[0]_U_DATA[0])
                                                      0.059     0.888 r  design_1_i/top_controller_0/inst/u_sensor_reliability/u_cons_1_distance/val/DSP_M_DATA_INST/U_DATA[0]
                         net (fo=1, routed)           0.000     0.888    design_1_i/top_controller_0/inst/u_sensor_reliability/u_cons_1_distance/val/DSP_M_DATA.U_DATA<0>
    DSP48E2_X1Y49        DSP_ALU (Prop_DSP_ALU_DSP48E2_U_DATA[0]_ALU_OUT[0])
                                                      0.699     1.587 r  design_1_i/top_controller_0/inst/u_sensor_reliability/u_cons_1_distance/val/DSP_ALU_INST/ALU_OUT[0]
                         net (fo=1, routed)           0.000     1.587    design_1_i/top_controller_0/inst/u_sensor_reliability/u_cons_1_distance/val/DSP_ALU.ALU_OUT<0>
    DSP48E2_X1Y49        DSP_OUTPUT (Prop_DSP_OUTPUT_DSP48E2_ALU_OUT[0]_P[0])
                                                      0.141     1.728 f  design_1_i/top_controller_0/inst/u_sensor_reliability/u_cons_1_distance/val/DSP_OUTPUT_INST/P[0]
                         net (fo=2, routed)           0.373     2.101    design_1_i/top_controller_0/inst/u_sensor_reliability/u_cons_1_distance/val_n_105
    SLICE_X17Y120        LUT1 (Prop_B6LUT_SLICEL_I0_O)
                                                      0.115     2.216 r  design_1_i/top_controller_0/inst/u_sensor_reliability/u_cons_1_distance/consistency_cnt[31]_i_75__11/O
                         net (fo=1, routed)           0.199     2.415    design_1_i/top_controller_0/inst/u_sensor_reliability/u_cons_1_distance/consistency_cnt[31]_i_75__11_n_0
    SLICE_X16Y120        CARRY8 (Prop_CARRY8_SLICEM_CI_O[5])
                                                      0.285     2.700 r  design_1_i/top_controller_0/inst/u_sensor_reliability/u_cons_1_distance/consistency_cnt_reg[31]_i_58__3/O[5]
                         net (fo=1, routed)           0.742     3.442    design_1_i/top_controller_0/inst/u_sensor_reliability/u_cons_1_distance/abs0_return0[6]
    SLICE_X15Y121        LUT5 (Prop_C6LUT_SLICEL_I0_O)
                                                      0.063     3.505 r  design_1_i/top_controller_0/inst/u_sensor_reliability/u_cons_1_distance/consistency_cnt[31]_i_53__4/O
                         net (fo=1, routed)           0.011     3.516    design_1_i/top_controller_0/inst/u_sensor_reliability/u_cons_1_distance/consistency_cnt[31]_i_53__4_n_0
    SLICE_X15Y121        CARRY8 (Prop_CARRY8_SLICEL_S[2]_CO[7])
                                                      0.196     3.712 f  design_1_i/top_controller_0/inst/u_sensor_reliability/u_cons_1_distance/consistency_cnt_reg[31]_i_14__0/CO[7]
                         net (fo=1, routed)           0.028     3.740    design_1_i/top_controller_0/inst/u_sensor_reliability/u_cons_1_distance/consistency_cnt_reg[31]_i_14__0_n_0
    SLICE_X15Y122        CARRY8 (Prop_CARRY8_SLICEL_CI_CO[6])
                                                      0.116     3.856 f  design_1_i/top_controller_0/inst/u_sensor_reliability/u_cons_1_distance/consistency_cnt_reg[31]_i_8__0/CO[6]
                         net (fo=34, routed)          0.879     4.735    design_1_i/top_controller_0/inst/u_sensor_reliability/u_cons_1_distance/CO[0]
    SLICE_X23Y132        LUT3 (Prop_D5LUT_SLICEL_I0_O)
                                                      0.136     4.871 f  design_1_i/top_controller_0/inst/u_sensor_reliability/u_cons_1_distance/consistency_cnt[31]_i_11__6/O
                         net (fo=1, routed)           0.188     5.059    design_1_i/top_controller_0/inst/u_sensor_reliability/u_cons_1_distance/consistency_cnt[31]_i_11__6_n_0
    SLICE_X23Y133        LUT5 (Prop_H6LUT_SLICEL_I0_O)
                                                      0.100     5.159 f  design_1_i/top_controller_0/inst/u_sensor_reliability/u_cons_1_distance/consistency_cnt[31]_i_4__15/O
                         net (fo=2, routed)           0.175     5.334    design_1_i/top_controller_0/inst/u_sensor_reliability/u_cons_1_distance/consistency_cnt[31]_i_4__15_n_0
    SLICE_X23Y132        LUT3 (Prop_B6LUT_SLICEL_I0_O)
                                                      0.100     5.434 r  design_1_i/top_controller_0/inst/u_sensor_reliability/u_cons_1_distance/consistency_cnt[31]_i_1__15/O
                         net (fo=31, routed)          0.424     5.858    design_1_i/top_controller_0/inst/u_sensor_reliability/u_cons_1_distance/consistency_cnt[31]_i_1__15_n_0
    SLICE_X26Y134        FDRE                                         r  design_1_i/top_controller_0/inst/u_sensor_reliability/u_cons_1_distance/consistency_cnt_reg[24]/R
  -------------------------------------------------------------------    -------------------

                         (clock clk_pl_0 rise edge)
                                                      0.000     0.000 r  
    PS8_X0Y0             PS8                          0.000     0.000 r  design_1_i/zynq_ultra_ps_e_0/inst/PS8_i/PLCLK[0]
                         net (fo=1, routed)           0.140     0.140    design_1_i/zynq_ultra_ps_e_0/inst/pl_clk_unbuffered[0]
    BUFG_PS_X0Y58        BUFG_PS (Prop_BUFG_PS_I_O)
                                                      0.027     0.167 r  design_1_i/zynq_ultra_ps_e_0/inst/buffer_pl_clk_0.PL_CLK_0_BUFG/O
    X0Y1 (CLOCK_ROOT)    net (fo=6532, routed)        1.419     1.586    design_1_i/top_controller_0/inst/u_sensor_reliability/u_cons_1_distance/S_AXI_ACLK
    SLICE_X26Y134        FDRE                                         r  design_1_i/top_controller_0/inst/u_sensor_reliability/u_cons_1_distance/consistency_cnt_reg[24]/C

Slack:                    inf
  Source:                 design_1_i/top_controller_0/inst/u_sensor_reliability/u_cons_1_distance/val/DSP_A_B_DATA_INST/B2_DATA[1]
                            (internal pin)
  Destination:            design_1_i/top_controller_0/inst/u_sensor_reliability/u_cons_1_distance/consistency_cnt_reg[25]/R
                            (rising edge-triggered cell FDRE clocked by clk_pl_0  {rise@0.000ns fall@5.625ns period=11.250ns})
  Path Group:             (none)
  Path Type:              Setup (Max at Slow Process Corner)
  Data Path Delay:        5.858ns  (logic 2.839ns (48.464%)  route 3.019ns (51.536%))
  Logic Levels:           13  (CARRY8=3 DSP_ALU=1 DSP_M_DATA=1 DSP_MULTIPLIER=1 DSP_OUTPUT=1 DSP_PREADD_DATA=1 LUT1=1 LUT3=2 LUT5=2)
  Clock Uncertainty:      0.180ns  ((TSJ^2 + DJ^2)^1/2) / 2 + PE
    Total System Jitter     (TSJ):    0.050ns
    Discrete Jitter          (DJ):    0.356ns
    Phase Error              (PE):    0.000ns
  Clock Net Delay (Destination): 1.415ns (routing 0.576ns, distribution 0.839ns)

    Location             Delay type                Incr(ns)  Path(ns)    Netlist Resource(s)
  -------------------------------------------------------------------    -------------------
    DSP48E2_X1Y49        DSP_A_B_DATA                 0.000     0.000 r  design_1_i/top_controller_0/inst/u_sensor_reliability/u_cons_1_distance/val/DSP_A_B_DATA_INST/B2_DATA[1]
                         net (fo=1, routed)           0.000     0.000    design_1_i/top_controller_0/inst/u_sensor_reliability/u_cons_1_distance/val/DSP_A_B_DATA.B2_DATA<1>
    DSP48E2_X1Y49        DSP_PREADD_DATA (Prop_DSP_PREADD_DATA_DSP48E2_B2_DATA[1]_B2B1[1])
                                                      0.092     0.092 r  design_1_i/top_controller_0/inst/u_sensor_reliability/u_cons_1_distance/val/DSP_PREADD_DATA_INST/B2B1[1]
                         net (fo=1, routed)           0.000     0.092    design_1_i/top_controller_0/inst/u_sensor_reliability/u_cons_1_distance/val/DSP_PREADD_DATA.B2B1<1>
    DSP48E2_X1Y49        DSP_MULTIPLIER (Prop_DSP_MULTIPLIER_DSP48E2_B2B1[1]_U[0])
                                                      0.737     0.829 f  design_1_i/top_controller_0/inst/u_sensor_reliability/u_cons_1_distance/val/DSP_MULTIPLIER_INST/U[0]
                         net (fo=1, routed)           0.000     0.829    design_1_i/top_controller_0/inst/u_sensor_reliability/u_cons_1_distance/val/DSP_MULTIPLIER.U<0>
    DSP48E2_X1Y49        DSP_M_DATA (Prop_DSP_M_DATA_DSP48E2_U[0]_U_DATA[0])
                                                      0.059     0.888 r  design_1_i/top_controller_0/inst/u_sensor_reliability/u_cons_1_distance/val/DSP_M_DATA_INST/U_DATA[0]
                         net (fo=1, routed)           0.000     0.888    design_1_i/top_controller_0/inst/u_sensor_reliability/u_cons_1_distance/val/DSP_M_DATA.U_DATA<0>
    DSP48E2_X1Y49        DSP_ALU (Prop_DSP_ALU_DSP48E2_U_DATA[0]_ALU_OUT[0])
                                                      0.699     1.587 r  design_1_i/top_controller_0/inst/u_sensor_reliability/u_cons_1_distance/val/DSP_ALU_INST/ALU_OUT[0]
                         net (fo=1, routed)           0.000     1.587    design_1_i/top_controller_0/inst/u_sensor_reliability/u_cons_1_distance/val/DSP_ALU.ALU_OUT<0>
    DSP48E2_X1Y49        DSP_OUTPUT (Prop_DSP_OUTPUT_DSP48E2_ALU_OUT[0]_P[0])
                                                      0.141     1.728 f  design_1_i/top_controller_0/inst/u_sensor_reliability/u_cons_1_distance/val/DSP_OUTPUT_INST/P[0]
                         net (fo=2, routed)           0.373     2.101    design_1_i/top_controller_0/inst/u_sensor_reliability/u_cons_1_distance/val_n_105
    SLICE_X17Y120        LUT1 (Prop_B6LUT_SLICEL_I0_O)
                                                      0.115     2.216 r  design_1_i/top_controller_0/inst/u_sensor_reliability/u_cons_1_distance/consistency_cnt[31]_i_75__11/O
                         net (fo=1, routed)           0.199     2.415    design_1_i/top_controller_0/inst/u_sensor_reliability/u_cons_1_distance/consistency_cnt[31]_i_75__11_n_0
    SLICE_X16Y120        CARRY8 (Prop_CARRY8_SLICEM_CI_O[5])
                                                      0.285     2.700 r  design_1_i/top_controller_0/inst/u_sensor_reliability/u_cons_1_distance/consistency_cnt_reg[31]_i_58__3/O[5]
                         net (fo=1, routed)           0.742     3.442    design_1_i/top_controller_0/inst/u_sensor_reliability/u_cons_1_distance/abs0_return0[6]
    SLICE_X15Y121        LUT5 (Prop_C6LUT_SLICEL_I0_O)
                                                      0.063     3.505 r  design_1_i/top_controller_0/inst/u_sensor_reliability/u_cons_1_distance/consistency_cnt[31]_i_53__4/O
                         net (fo=1, routed)           0.011     3.516    design_1_i/top_controller_0/inst/u_sensor_reliability/u_cons_1_distance/consistency_cnt[31]_i_53__4_n_0
    SLICE_X15Y121        CARRY8 (Prop_CARRY8_SLICEL_S[2]_CO[7])
                                                      0.196     3.712 f  design_1_i/top_controller_0/inst/u_sensor_reliability/u_cons_1_distance/consistency_cnt_reg[31]_i_14__0/CO[7]
                         net (fo=1, routed)           0.028     3.740    design_1_i/top_controller_0/inst/u_sensor_reliability/u_cons_1_distance/consistency_cnt_reg[31]_i_14__0_n_0
    SLICE_X15Y122        CARRY8 (Prop_CARRY8_SLICEL_CI_CO[6])
                                                      0.116     3.856 f  design_1_i/top_controller_0/inst/u_sensor_reliability/u_cons_1_distance/consistency_cnt_reg[31]_i_8__0/CO[6]
                         net (fo=34, routed)          0.879     4.735    design_1_i/top_controller_0/inst/u_sensor_reliability/u_cons_1_distance/CO[0]
    SLICE_X23Y132        LUT3 (Prop_D5LUT_SLICEL_I0_O)
                                                      0.136     4.871 f  design_1_i/top_controller_0/inst/u_sensor_reliability/u_cons_1_distance/consistency_cnt[31]_i_11__6/O
                         net (fo=1, routed)           0.188     5.059    design_1_i/top_controller_0/inst/u_sensor_reliability/u_cons_1_distance/consistency_cnt[31]_i_11__6_n_0
    SLICE_X23Y133        LUT5 (Prop_H6LUT_SLICEL_I0_O)
                                                      0.100     5.159 f  design_1_i/top_controller_0/inst/u_sensor_reliability/u_cons_1_distance/consistency_cnt[31]_i_4__15/O
                         net (fo=2, routed)           0.175     5.334    design_1_i/top_controller_0/inst/u_sensor_reliability/u_cons_1_distance/consistency_cnt[31]_i_4__15_n_0
    SLICE_X23Y132        LUT3 (Prop_B6LUT_SLICEL_I0_O)
                                                      0.100     5.434 r  design_1_i/top_controller_0/inst/u_sensor_reliability/u_cons_1_distance/consistency_cnt[31]_i_1__15/O
                         net (fo=31, routed)          0.424     5.858    design_1_i/top_controller_0/inst/u_sensor_reliability/u_cons_1_distance/consistency_cnt[31]_i_1__15_n_0
    SLICE_X26Y134        FDRE                                         r  design_1_i/top_controller_0/inst/u_sensor_reliability/u_cons_1_distance/consistency_cnt_reg[25]/R
  -------------------------------------------------------------------    -------------------

                         (clock clk_pl_0 rise edge)
                                                      0.000     0.000 r  
    PS8_X0Y0             PS8                          0.000     0.000 r  design_1_i/zynq_ultra_ps_e_0/inst/PS8_i/PLCLK[0]
                         net (fo=1, routed)           0.140     0.140    design_1_i/zynq_ultra_ps_e_0/inst/pl_clk_unbuffered[0]
    BUFG_PS_X0Y58        BUFG_PS (Prop_BUFG_PS_I_O)
                                                      0.027     0.167 r  design_1_i/zynq_ultra_ps_e_0/inst/buffer_pl_clk_0.PL_CLK_0_BUFG/O
    X0Y1 (CLOCK_ROOT)    net (fo=6532, routed)        1.415     1.582    design_1_i/top_controller_0/inst/u_sensor_reliability/u_cons_1_distance/S_AXI_ACLK
    SLICE_X26Y134        FDRE                                         r  design_1_i/top_controller_0/inst/u_sensor_reliability/u_cons_1_distance/consistency_cnt_reg[25]/C





Min Delay Paths
--------------------------------------------------------------------------------------
Slack:                    inf
  Source:                 design_1_i/top_controller_0/inst/u_risk_control/p_0_out/DSP_A_B_DATA_INST/B2_DATA[15]
                            (internal pin)
  Destination:            design_1_i/top_controller_0/inst/u_risk_control/sim_data_out_reg[speed_limit][5]/D
                            (rising edge-triggered cell FDRE clocked by clk_pl_0  {rise@0.000ns fall@5.625ns period=11.250ns})
  Path Group:             (none)
  Path Type:              Hold (Min at Fast Process Corner)
  Data Path Delay:        0.551ns  (logic 0.334ns (60.568%)  route 0.217ns (39.432%))
  Logic Levels:           8  (DSP_ALU=1 DSP_M_DATA=1 DSP_MULTIPLIER=1 DSP_OUTPUT=1 DSP_PREADD_DATA=1 LUT3=1 LUT6=2)
  Clock Uncertainty:      0.180ns  ((TSJ^2 + DJ^2)^1/2) / 2 + PE
    Total System Jitter     (TSJ):    0.050ns
    Discrete Jitter          (DJ):    0.356ns
    Phase Error              (PE):    0.000ns
  Clock Net Delay (Destination): 0.880ns (routing 0.365ns, distribution 0.515ns)

    Location             Delay type                Incr(ns)  Path(ns)    Netlist Resource(s)
  -------------------------------------------------------------------    -------------------
    DSP48E2_X0Y38        DSP_A_B_DATA                 0.000     0.000 r  design_1_i/top_controller_0/inst/u_risk_control/p_0_out/DSP_A_B_DATA_INST/B2_DATA[15]
                         net (fo=1, routed)           0.000     0.000    design_1_i/top_controller_0/inst/u_risk_control/p_0_out/DSP_A_B_DATA.B2_DATA<15>
    DSP48E2_X0Y38        DSP_PREADD_DATA (Prop_DSP_PREADD_DATA_DSP48E2_B2_DATA[15]_B2B1[15])
                                                      0.020     0.020 r  design_1_i/top_controller_0/inst/u_risk_control/p_0_out/DSP_PREADD_DATA_INST/B2B1[15]
                         net (fo=1, routed)           0.000     0.020    design_1_i/top_controller_0/inst/u_risk_control/p_0_out/DSP_PREADD_DATA.B2B1<15>
    DSP48E2_X0Y38        DSP_MULTIPLIER (Prop_DSP_MULTIPLIER_DSP48E2_B2B1[15]_U[15])
                                                      0.075     0.095 f  design_1_i/top_controller_0/inst/u_risk_control/p_0_out/DSP_MULTIPLIER_INST/U[15]
                         net (fo=1, routed)           0.000     0.095    design_1_i/top_controller_0/inst/u_risk_control/p_0_out/DSP_MULTIPLIER.U<15>
    DSP48E2_X0Y38        DSP_M_DATA (Prop_DSP_M_DATA_DSP48E2_U[15]_U_DATA[15])
                                                      0.012     0.107 r  design_1_i/top_controller_0/inst/u_risk_control/p_0_out/DSP_M_DATA_INST/U_DATA[15]
                         net (fo=1, routed)           0.000     0.107    design_1_i/top_controller_0/inst/u_risk_control/p_0_out/DSP_M_DATA.U_DATA<15>
    DSP48E2_X0Y38        DSP_ALU (Prop_DSP_ALU_DSP48E2_U_DATA[15]_ALU_OUT[15])
                                                      0.113     0.220 f  design_1_i/top_controller_0/inst/u_risk_control/p_0_out/DSP_ALU_INST/ALU_OUT[15]
                         net (fo=1, routed)           0.000     0.220    design_1_i/top_controller_0/inst/u_risk_control/p_0_out/DSP_ALU.ALU_OUT<15>
    DSP48E2_X0Y38        DSP_OUTPUT (Prop_DSP_OUTPUT_DSP48E2_ALU_OUT[15]_P[15])
                                                      0.030     0.250 r  design_1_i/top_controller_0/inst/u_risk_control/p_0_out/DSP_OUTPUT_INST/P[15]
                         net (fo=4, routed)           0.107     0.357    design_1_i/top_controller_0/inst/u_risk_types/P[5]
    SLICE_X10Y96         LUT6 (Prop_F6LUT_SLICEL_I5_O)
                                                      0.014     0.371 f  design_1_i/top_controller_0/inst/u_risk_types/sim_data_out[speed_limit][5]_i_4/O
                         net (fo=5, routed)           0.072     0.442    design_1_i/top_controller_0/inst/u_risk_types/sim_data_out_reg[speed_limit][5]_0
    SLICE_X10Y95         LUT6 (Prop_E6LUT_SLICEL_I2_O)
                                                      0.035     0.477 r  design_1_i/top_controller_0/inst/u_risk_types/sim_data_out[speed_limit][5]_i_2/O
                         net (fo=1, routed)           0.023     0.500    design_1_i/top_controller_0/inst/u_risk_types/sim_data_out[speed_limit][5]_i_2_n_0
    SLICE_X10Y95         LUT3 (Prop_D6LUT_SLICEL_I2_O)
                                                      0.035     0.535 r  design_1_i/top_controller_0/inst/u_risk_types/sim_data_out[speed_limit][5]_i_1/O
                         net (fo=1, routed)           0.016     0.551    design_1_i/top_controller_0/inst/u_risk_control/sim_data_out_reg[speed_limit][12]_6[5]
    SLICE_X10Y95         FDRE                                         r  design_1_i/top_controller_0/inst/u_risk_control/sim_data_out_reg[speed_limit][5]/D
  -------------------------------------------------------------------    -------------------

                         (clock clk_pl_0 rise edge)
                                                      0.000     0.000 r  
    PS8_X0Y0             PS8                          0.000     0.000 r  design_1_i/zynq_ultra_ps_e_0/inst/PS8_i/PLCLK[0]
                         net (fo=1, routed)           0.120     0.120    design_1_i/zynq_ultra_ps_e_0/inst/pl_clk_unbuffered[0]
    BUFG_PS_X0Y58        BUFG_PS (Prop_BUFG_PS_I_O)
                                                      0.018     0.138 r  design_1_i/zynq_ultra_ps_e_0/inst/buffer_pl_clk_0.PL_CLK_0_BUFG/O
    X0Y1 (CLOCK_ROOT)    net (fo=6532, routed)        0.880     1.018    design_1_i/top_controller_0/inst/u_risk_control/S_AXI_ACLK
    SLICE_X10Y95         FDRE                                         r  design_1_i/top_controller_0/inst/u_risk_control/sim_data_out_reg[speed_limit][5]/C

Slack:                    inf
  Source:                 design_1_i/top_controller_0/inst/u_risk_control/p_0_out/DSP_A_B_DATA_INST/B2_DATA[11]
                            (internal pin)
  Destination:            design_1_i/top_controller_0/inst/u_risk_control/sim_data_out_reg[speed_limit][1]/D
                            (rising edge-triggered cell FDRE clocked by clk_pl_0  {rise@0.000ns fall@5.625ns period=11.250ns})
  Path Group:             (none)
  Path Type:              Hold (Min at Fast Process Corner)
  Data Path Delay:        0.603ns  (logic 0.325ns (53.885%)  route 0.278ns (46.115%))
  Logic Levels:           8  (DSP_ALU=1 DSP_M_DATA=1 DSP_MULTIPLIER=1 DSP_OUTPUT=1 DSP_PREADD_DATA=1 LUT2=1 LUT6=2)
  Clock Uncertainty:      0.180ns  ((TSJ^2 + DJ^2)^1/2) / 2 + PE
    Total System Jitter     (TSJ):    0.050ns
    Discrete Jitter          (DJ):    0.356ns
    Phase Error              (PE):    0.000ns
  Clock Net Delay (Destination): 0.881ns (routing 0.365ns, distribution 0.516ns)

    Location             Delay type                Incr(ns)  Path(ns)    Netlist Resource(s)
  -------------------------------------------------------------------    -------------------
    DSP48E2_X0Y38        DSP_A_B_DATA                 0.000     0.000 r  design_1_i/top_controller_0/inst/u_risk_control/p_0_out/DSP_A_B_DATA_INST/B2_DATA[11]
                         net (fo=1, routed)           0.000     0.000    design_1_i/top_controller_0/inst/u_risk_control/p_0_out/DSP_A_B_DATA.B2_DATA<11>
    DSP48E2_X0Y38        DSP_PREADD_DATA (Prop_DSP_PREADD_DATA_DSP48E2_B2_DATA[11]_B2B1[11])
                                                      0.020     0.020 r  design_1_i/top_controller_0/inst/u_risk_control/p_0_out/DSP_PREADD_DATA_INST/B2B1[11]
                         net (fo=1, routed)           0.000     0.020    design_1_i/top_controller_0/inst/u_risk_control/p_0_out/DSP_PREADD_DATA.B2B1<11>
    DSP48E2_X0Y38        DSP_MULTIPLIER (Prop_DSP_MULTIPLIER_DSP48E2_B2B1[11]_U[11])
                                                      0.075     0.095 f  design_1_i/top_controller_0/inst/u_risk_control/p_0_out/DSP_MULTIPLIER_INST/U[11]
                         net (fo=1, routed)           0.000     0.095    design_1_i/top_controller_0/inst/u_risk_control/p_0_out/DSP_MULTIPLIER.U<11>
    DSP48E2_X0Y38        DSP_M_DATA (Prop_DSP_M_DATA_DSP48E2_U[11]_U_DATA[11])
                                                      0.012     0.107 r  design_1_i/top_controller_0/inst/u_risk_control/p_0_out/DSP_M_DATA_INST/U_DATA[11]
                         net (fo=1, routed)           0.000     0.107    design_1_i/top_controller_0/inst/u_risk_control/p_0_out/DSP_M_DATA.U_DATA<11>
    DSP48E2_X0Y38        DSP_ALU (Prop_DSP_ALU_DSP48E2_U_DATA[11]_ALU_OUT[11])
                                                      0.113     0.220 f  design_1_i/top_controller_0/inst/u_risk_control/p_0_out/DSP_ALU_INST/ALU_OUT[11]
                         net (fo=1, routed)           0.000     0.220    design_1_i/top_controller_0/inst/u_risk_control/p_0_out/DSP_ALU.ALU_OUT<11>
    DSP48E2_X0Y38        DSP_OUTPUT (Prop_DSP_OUTPUT_DSP48E2_ALU_OUT[11]_P[11])
                                                      0.030     0.250 r  design_1_i/top_controller_0/inst/u_risk_control/p_0_out/DSP_OUTPUT_INST/P[11]
                         net (fo=4, routed)           0.151     0.401    design_1_i/top_controller_0/inst/u_risk_control/P[1]
    SLICE_X10Y96         LUT6 (Prop_G6LUT_SLICEL_I0_O)
                                                      0.014     0.415 f  design_1_i/top_controller_0/inst/u_risk_control/sim_data_out[speed_limit][1]_i_4/O
                         net (fo=5, routed)           0.050     0.465    design_1_i/top_controller_0/inst/u_risk_control/sim_data_out[speed_limit][1]_i_4_n_0
    SLICE_X10Y95         LUT6 (Prop_H6LUT_SLICEL_I3_O)
                                                      0.023     0.488 f  design_1_i/top_controller_0/inst/u_risk_control/sim_data_out[speed_limit][1]_i_2/O
                         net (fo=1, routed)           0.071     0.559    design_1_i/top_controller_0/inst/u_risk_types/sim_data_out_reg[speed_limit][1]
    SLICE_X11Y98         LUT2 (Prop_C5LUT_SLICEL_I1_O)
                                                      0.038     0.597 r  design_1_i/top_controller_0/inst/u_risk_types/sim_data_out[speed_limit][1]_i_1/O
                         net (fo=1, routed)           0.006     0.603    design_1_i/top_controller_0/inst/u_risk_control/sim_data_out_reg[speed_limit][12]_6[1]
    SLICE_X11Y98         FDRE                                         r  design_1_i/top_controller_0/inst/u_risk_control/sim_data_out_reg[speed_limit][1]/D
  -------------------------------------------------------------------    -------------------

                         (clock clk_pl_0 rise edge)
                                                      0.000     0.000 r  
    PS8_X0Y0             PS8                          0.000     0.000 r  design_1_i/zynq_ultra_ps_e_0/inst/PS8_i/PLCLK[0]
                         net (fo=1, routed)           0.120     0.120    design_1_i/zynq_ultra_ps_e_0/inst/pl_clk_unbuffered[0]
    BUFG_PS_X0Y58        BUFG_PS (Prop_BUFG_PS_I_O)
                                                      0.018     0.138 r  design_1_i/zynq_ultra_ps_e_0/inst/buffer_pl_clk_0.PL_CLK_0_BUFG/O
    X0Y1 (CLOCK_ROOT)    net (fo=6532, routed)        0.881     1.019    design_1_i/top_controller_0/inst/u_risk_control/S_AXI_ACLK
    SLICE_X11Y98         FDRE                                         r  design_1_i/top_controller_0/inst/u_risk_control/sim_data_out_reg[speed_limit][1]/C

Slack:                    inf
  Source:                 design_1_i/top_controller_0/inst/u_risk_control/p_0_out/DSP_A_B_DATA_INST/B2_DATA[13]
                            (internal pin)
  Destination:            design_1_i/top_controller_0/inst/u_risk_control/sim_data_out_reg[speed_limit][4]/D
                            (rising edge-triggered cell FDRE clocked by clk_pl_0  {rise@0.000ns fall@5.625ns period=11.250ns})
  Path Group:             (none)
  Path Type:              Hold (Min at Fast Process Corner)
  Data Path Delay:        0.648ns  (logic 0.355ns (54.757%)  route 0.293ns (45.243%))
  Logic Levels:           8  (DSP_ALU=1 DSP_M_DATA=1 DSP_MULTIPLIER=1 DSP_OUTPUT=1 DSP_PREADD_DATA=1 LUT2=1 LUT5=1 LUT6=1)
  Clock Uncertainty:      0.180ns  ((TSJ^2 + DJ^2)^1/2) / 2 + PE
    Total System Jitter     (TSJ):    0.050ns
    Discrete Jitter          (DJ):    0.356ns
    Phase Error              (PE):    0.000ns
  Clock Net Delay (Destination): 0.881ns (routing 0.365ns, distribution 0.516ns)

    Location             Delay type                Incr(ns)  Path(ns)    Netlist Resource(s)
  -------------------------------------------------------------------    -------------------
    DSP48E2_X0Y38        DSP_A_B_DATA                 0.000     0.000 r  design_1_i/top_controller_0/inst/u_risk_control/p_0_out/DSP_A_B_DATA_INST/B2_DATA[13]
                         net (fo=1, routed)           0.000     0.000    design_1_i/top_controller_0/inst/u_risk_control/p_0_out/DSP_A_B_DATA.B2_DATA<13>
    DSP48E2_X0Y38        DSP_PREADD_DATA (Prop_DSP_PREADD_DATA_DSP48E2_B2_DATA[13]_B2B1[13])
                                                      0.020     0.020 r  design_1_i/top_controller_0/inst/u_risk_control/p_0_out/DSP_PREADD_DATA_INST/B2B1[13]
                         net (fo=1, routed)           0.000     0.020    design_1_i/top_controller_0/inst/u_risk_control/p_0_out/DSP_PREADD_DATA.B2B1<13>
    DSP48E2_X0Y38        DSP_MULTIPLIER (Prop_DSP_MULTIPLIER_DSP48E2_B2B1[13]_U[14])
                                                      0.075     0.095 f  design_1_i/top_controller_0/inst/u_risk_control/p_0_out/DSP_MULTIPLIER_INST/U[14]
                         net (fo=1, routed)           0.000     0.095    design_1_i/top_controller_0/inst/u_risk_control/p_0_out/DSP_MULTIPLIER.U<14>
    DSP48E2_X0Y38        DSP_M_DATA (Prop_DSP_M_DATA_DSP48E2_U[14]_U_DATA[14])
                                                      0.012     0.107 r  design_1_i/top_controller_0/inst/u_risk_control/p_0_out/DSP_M_DATA_INST/U_DATA[14]
                         net (fo=1, routed)           0.000     0.107    design_1_i/top_controller_0/inst/u_risk_control/p_0_out/DSP_M_DATA.U_DATA<14>
    DSP48E2_X0Y38        DSP_ALU (Prop_DSP_ALU_DSP48E2_U_DATA[14]_ALU_OUT[14])
                                                      0.113     0.220 f  design_1_i/top_controller_0/inst/u_risk_control/p_0_out/DSP_ALU_INST/ALU_OUT[14]
                         net (fo=1, routed)           0.000     0.220    design_1_i/top_controller_0/inst/u_risk_control/p_0_out/DSP_ALU.ALU_OUT<14>
    DSP48E2_X0Y38        DSP_OUTPUT (Prop_DSP_OUTPUT_DSP48E2_ALU_OUT[14]_P[14])
                                                      0.030     0.250 r  design_1_i/top_controller_0/inst/u_risk_control/p_0_out/DSP_OUTPUT_INST/P[14]
                         net (fo=4, routed)           0.130     0.380    design_1_i/top_controller_0/inst/u_risk_types/P[4]
    SLICE_X9Y96          LUT5 (Prop_B6LUT_SLICEM_I4_O)
                                                      0.035     0.415 r  design_1_i/top_controller_0/inst/u_risk_types/sim_data_out[speed_limit][4]_i_4/O
                         net (fo=5, routed)           0.102     0.516    design_1_i/top_controller_0/inst/u_risk_control/sim_data_out_reg[speed_limit][4]_0
    SLICE_X10Y95         LUT6 (Prop_C6LUT_SLICEL_I3_O)
                                                      0.035     0.551 f  design_1_i/top_controller_0/inst/u_risk_control/sim_data_out[speed_limit][4]_i_2/O
                         net (fo=1, routed)           0.046     0.597    design_1_i/top_controller_0/inst/u_risk_types/sim_data_out_reg[speed_limit][4]
    SLICE_X10Y96         LUT2 (Prop_D6LUT_SLICEL_I1_O)
                                                      0.035     0.632 r  design_1_i/top_controller_0/inst/u_risk_types/sim_data_out[speed_limit][4]_i_1/O
                         net (fo=1, routed)           0.016     0.648    design_1_i/top_controller_0/inst/u_risk_control/sim_data_out_reg[speed_limit][12]_6[4]
    SLICE_X10Y96         FDRE                                         r  design_1_i/top_controller_0/inst/u_risk_control/sim_data_out_reg[speed_limit][4]/D
  -------------------------------------------------------------------    -------------------

                         (clock clk_pl_0 rise edge)
                                                      0.000     0.000 r  
    PS8_X0Y0             PS8                          0.000     0.000 r  design_1_i/zynq_ultra_ps_e_0/inst/PS8_i/PLCLK[0]
                         net (fo=1, routed)           0.120     0.120    design_1_i/zynq_ultra_ps_e_0/inst/pl_clk_unbuffered[0]
    BUFG_PS_X0Y58        BUFG_PS (Prop_BUFG_PS_I_O)
                                                      0.018     0.138 r  design_1_i/zynq_ultra_ps_e_0/inst/buffer_pl_clk_0.PL_CLK_0_BUFG/O
    X0Y1 (CLOCK_ROOT)    net (fo=6532, routed)        0.881     1.019    design_1_i/top_controller_0/inst/u_risk_control/S_AXI_ACLK
    SLICE_X10Y96         FDRE                                         r  design_1_i/top_controller_0/inst/u_risk_control/sim_data_out_reg[speed_limit][4]/C

Slack:                    inf
  Source:                 design_1_i/top_controller_0/inst/u_risk_control/p_0_out/DSP_A_B_DATA_INST/B2_DATA[17]
                            (internal pin)
  Destination:            design_1_i/top_controller_0/inst/u_risk_control/sim_data_out_reg[speed_limit][7]/D
                            (rising edge-triggered cell FDRE clocked by clk_pl_0  {rise@0.000ns fall@5.625ns period=11.250ns})
  Path Group:             (none)
  Path Type:              Hold (Min at Fast Process Corner)
  Data Path Delay:        0.653ns  (logic 0.343ns (52.552%)  route 0.310ns (47.448%))
  Logic Levels:           8  (DSP_ALU=1 DSP_M_DATA=1 DSP_MULTIPLIER=1 DSP_OUTPUT=1 DSP_PREADD_DATA=1 LUT3=1 LUT6=2)
  Clock Uncertainty:      0.180ns  ((TSJ^2 + DJ^2)^1/2) / 2 + PE
    Total System Jitter     (TSJ):    0.050ns
    Discrete Jitter          (DJ):    0.356ns
    Phase Error              (PE):    0.000ns
  Clock Net Delay (Destination): 0.880ns (routing 0.365ns, distribution 0.515ns)

    Location             Delay type                Incr(ns)  Path(ns)    Netlist Resource(s)
  -------------------------------------------------------------------    -------------------
    DSP48E2_X0Y38        DSP_A_B_DATA                 0.000     0.000 r  design_1_i/top_controller_0/inst/u_risk_control/p_0_out/DSP_A_B_DATA_INST/B2_DATA[17]
                         net (fo=1, routed)           0.000     0.000    design_1_i/top_controller_0/inst/u_risk_control/p_0_out/DSP_A_B_DATA.B2_DATA<17>
    DSP48E2_X0Y38        DSP_PREADD_DATA (Prop_DSP_PREADD_DATA_DSP48E2_B2_DATA[17]_B2B1[17])
                                                      0.020     0.020 r  design_1_i/top_controller_0/inst/u_risk_control/p_0_out/DSP_PREADD_DATA_INST/B2B1[17]
                         net (fo=1, routed)           0.000     0.020    design_1_i/top_controller_0/inst/u_risk_control/p_0_out/DSP_PREADD_DATA.B2B1<17>
    DSP48E2_X0Y38        DSP_MULTIPLIER (Prop_DSP_MULTIPLIER_DSP48E2_B2B1[17]_U[17])
                                                      0.075     0.095 f  design_1_i/top_controller_0/inst/u_risk_control/p_0_out/DSP_MULTIPLIER_INST/U[17]
                         net (fo=1, routed)           0.000     0.095    design_1_i/top_controller_0/inst/u_risk_control/p_0_out/DSP_MULTIPLIER.U<17>
    DSP48E2_X0Y38        DSP_M_DATA (Prop_DSP_M_DATA_DSP48E2_U[17]_U_DATA[17])
                                                      0.012     0.107 r  design_1_i/top_controller_0/inst/u_risk_control/p_0_out/DSP_M_DATA_INST/U_DATA[17]
                         net (fo=1, routed)           0.000     0.107    design_1_i/top_controller_0/inst/u_risk_control/p_0_out/DSP_M_DATA.U_DATA<17>
    DSP48E2_X0Y38        DSP_ALU (Prop_DSP_ALU_DSP48E2_U_DATA[17]_ALU_OUT[17])
                                                      0.113     0.220 f  design_1_i/top_controller_0/inst/u_risk_control/p_0_out/DSP_ALU_INST/ALU_OUT[17]
                         net (fo=1, routed)           0.000     0.220    design_1_i/top_controller_0/inst/u_risk_control/p_0_out/DSP_ALU.ALU_OUT<17>
    DSP48E2_X0Y38        DSP_OUTPUT (Prop_DSP_OUTPUT_DSP48E2_ALU_OUT[17]_P[17])
                                                      0.030     0.250 r  design_1_i/top_controller_0/inst/u_risk_control/p_0_out/DSP_OUTPUT_INST/P[17]
                         net (fo=4, routed)           0.128     0.378    design_1_i/top_controller_0/inst/u_risk_types/P[7]
    SLICE_X8Y95          LUT6 (Prop_F6LUT_SLICEL_I0_O)
                                                      0.014     0.392 f  design_1_i/top_controller_0/inst/u_risk_types/sim_data_out[speed_limit][7]_i_4/O
                         net (fo=5, routed)           0.128     0.520    design_1_i/top_controller_0/inst/u_risk_types/sim_data_out_reg[speed_limit][7]_0
    SLICE_X10Y94         LUT6 (Prop_C6LUT_SLICEL_I2_O)
                                                      0.040     0.560 r  design_1_i/top_controller_0/inst/u_risk_types/sim_data_out[speed_limit][7]_i_2/O
                         net (fo=1, routed)           0.048     0.608    design_1_i/top_controller_0/inst/u_risk_types/sim_data_out[speed_limit][7]_i_2_n_0
    SLICE_X10Y95         LUT3 (Prop_D5LUT_SLICEL_I2_O)
                                                      0.039     0.647 r  design_1_i/top_controller_0/inst/u_risk_types/sim_data_out[speed_limit][7]_i_1/O
                         net (fo=1, routed)           0.006     0.653    design_1_i/top_controller_0/inst/u_risk_control/sim_data_out_reg[speed_limit][12]_6[7]
    SLICE_X10Y95         FDRE                                         r  design_1_i/top_controller_0/inst/u_risk_control/sim_data_out_reg[speed_limit][7]/D
  -------------------------------------------------------------------    -------------------

                         (clock clk_pl_0 rise edge)
                                                      0.000     0.000 r  
    PS8_X0Y0             PS8                          0.000     0.000 r  design_1_i/zynq_ultra_ps_e_0/inst/PS8_i/PLCLK[0]
                         net (fo=1, routed)           0.120     0.120    design_1_i/zynq_ultra_ps_e_0/inst/pl_clk_unbuffered[0]
    BUFG_PS_X0Y58        BUFG_PS (Prop_BUFG_PS_I_O)
                                                      0.018     0.138 r  design_1_i/zynq_ultra_ps_e_0/inst/buffer_pl_clk_0.PL_CLK_0_BUFG/O
    X0Y1 (CLOCK_ROOT)    net (fo=6532, routed)        0.880     1.018    design_1_i/top_controller_0/inst/u_risk_control/S_AXI_ACLK
    SLICE_X10Y95         FDRE                                         r  design_1_i/top_controller_0/inst/u_risk_control/sim_data_out_reg[speed_limit][7]/C

Slack:                    inf
  Source:                 design_1_i/top_controller_0/inst/u_risk_control/p_0_out__1/DSP_A_B_DATA_INST/B2_DATA[17]
                            (internal pin)
  Destination:            design_1_i/top_controller_0/inst/u_risk_control/sim_data_out_reg[speed_limit][8]/D
                            (rising edge-triggered cell FDRE clocked by clk_pl_0  {rise@0.000ns fall@5.625ns period=11.250ns})
  Path Group:             (none)
  Path Type:              Hold (Min at Fast Process Corner)
  Data Path Delay:        0.663ns  (logic 0.393ns (59.319%)  route 0.270ns (40.681%))
  Logic Levels:           8  (DSP_ALU=1 DSP_M_DATA=1 DSP_MULTIPLIER=1 DSP_OUTPUT=1 DSP_PREADD_DATA=1 LUT3=1 LUT6=2)
  Clock Uncertainty:      0.180ns  ((TSJ^2 + DJ^2)^1/2) / 2 + PE
    Total System Jitter     (TSJ):    0.050ns
    Discrete Jitter          (DJ):    0.356ns
    Phase Error              (PE):    0.000ns
  Clock Net Delay (Destination): 0.881ns (routing 0.365ns, distribution 0.516ns)

    Location             Delay type                Incr(ns)  Path(ns)    Netlist Resource(s)
  -------------------------------------------------------------------    -------------------
    DSP48E2_X0Y37        DSP_A_B_DATA                 0.000     0.000 r  design_1_i/top_controller_0/inst/u_risk_control/p_0_out__1/DSP_A_B_DATA_INST/B2_DATA[17]
                         net (fo=1, routed)           0.000     0.000    design_1_i/top_controller_0/inst/u_risk_control/p_0_out__1/DSP_A_B_DATA.B2_DATA<17>
    DSP48E2_X0Y37        DSP_PREADD_DATA (Prop_DSP_PREADD_DATA_DSP48E2_B2_DATA[17]_B2B1[17])
                                                      0.020     0.020 r  design_1_i/top_controller_0/inst/u_risk_control/p_0_out__1/DSP_PREADD_DATA_INST/B2B1[17]
                         net (fo=1, routed)           0.000     0.020    design_1_i/top_controller_0/inst/u_risk_control/p_0_out__1/DSP_PREADD_DATA.B2B1<17>
    DSP48E2_X0Y37        DSP_MULTIPLIER (Prop_DSP_MULTIPLIER_DSP48E2_B2B1[17]_U[18])
                                                      0.075     0.095 f  design_1_i/top_controller_0/inst/u_risk_control/p_0_out__1/DSP_MULTIPLIER_INST/U[18]
                         net (fo=1, routed)           0.000     0.095    design_1_i/top_controller_0/inst/u_risk_control/p_0_out__1/DSP_MULTIPLIER.U<18>
    DSP48E2_X0Y37        DSP_M_DATA (Prop_DSP_M_DATA_DSP48E2_U[18]_U_DATA[18])
                                                      0.012     0.107 r  design_1_i/top_controller_0/inst/u_risk_control/p_0_out__1/DSP_M_DATA_INST/U_DATA[18]
                         net (fo=1, routed)           0.000     0.107    design_1_i/top_controller_0/inst/u_risk_control/p_0_out__1/DSP_M_DATA.U_DATA<18>
    DSP48E2_X0Y37        DSP_ALU (Prop_DSP_ALU_DSP48E2_U_DATA[18]_ALU_OUT[18])
                                                      0.113     0.220 f  design_1_i/top_controller_0/inst/u_risk_control/p_0_out__1/DSP_ALU_INST/ALU_OUT[18]
                         net (fo=1, routed)           0.000     0.220    design_1_i/top_controller_0/inst/u_risk_control/p_0_out__1/DSP_ALU.ALU_OUT<18>
    DSP48E2_X0Y37        DSP_OUTPUT (Prop_DSP_OUTPUT_DSP48E2_ALU_OUT[18]_P[18])
                                                      0.030     0.250 r  design_1_i/top_controller_0/inst/u_risk_control/p_0_out__1/DSP_OUTPUT_INST/P[18]
                         net (fo=7, routed)           0.187     0.437    design_1_i/top_controller_0/inst/u_risk_control/S_AXI_ACLK_1[8]
    SLICE_X10Y94         LUT6 (Prop_H6LUT_SLICEL_I0_O)
                                                      0.060     0.497 f  design_1_i/top_controller_0/inst/u_risk_control/sim_data_out[speed_limit][8]_i_3/O
                         net (fo=5, routed)           0.025     0.522    design_1_i/top_controller_0/inst/u_risk_types/sim_data_out_reg[speed_limit][8]_1
    SLICE_X10Y94         LUT6 (Prop_F6LUT_SLICEL_I0_O)
                                                      0.035     0.557 r  design_1_i/top_controller_0/inst/u_risk_types/sim_data_out[speed_limit][8]_i_2/O
                         net (fo=1, routed)           0.052     0.609    design_1_i/top_controller_0/inst/u_risk_types/sim_data_out[speed_limit][8]_i_2_n_0
    SLICE_X10Y96         LUT3 (Prop_D5LUT_SLICEL_I2_O)
                                                      0.048     0.657 r  design_1_i/top_controller_0/inst/u_risk_types/sim_data_out[speed_limit][8]_i_1/O
                         net (fo=1, routed)           0.006     0.663    design_1_i/top_controller_0/inst/u_risk_control/sim_data_out_reg[speed_limit][12]_6[8]
    SLICE_X10Y96         FDRE                                         r  design_1_i/top_controller_0/inst/u_risk_control/sim_data_out_reg[speed_limit][8]/D
  -------------------------------------------------------------------    -------------------

                         (clock clk_pl_0 rise edge)
                                                      0.000     0.000 r  
    PS8_X0Y0             PS8                          0.000     0.000 r  design_1_i/zynq_ultra_ps_e_0/inst/PS8_i/PLCLK[0]
                         net (fo=1, routed)           0.120     0.120    design_1_i/zynq_ultra_ps_e_0/inst/pl_clk_unbuffered[0]
    BUFG_PS_X0Y58        BUFG_PS (Prop_BUFG_PS_I_O)
                                                      0.018     0.138 r  design_1_i/zynq_ultra_ps_e_0/inst/buffer_pl_clk_0.PL_CLK_0_BUFG/O
    X0Y1 (CLOCK_ROOT)    net (fo=6532, routed)        0.881     1.019    design_1_i/top_controller_0/inst/u_risk_control/S_AXI_ACLK
    SLICE_X10Y96         FDRE                                         r  design_1_i/top_controller_0/inst/u_risk_control/sim_data_out_reg[speed_limit][8]/C

Slack:                    inf
  Source:                 design_1_i/top_controller_0/inst/u_risk_control/p_0_out__0/DSP_A_B_DATA_INST/B2_DATA[17]
                            (internal pin)
  Destination:            design_1_i/top_controller_0/inst/u_risk_control/sim_data_out_reg[speed_limit][10]/D
                            (rising edge-triggered cell FDRE clocked by clk_pl_0  {rise@0.000ns fall@5.625ns period=11.250ns})
  Path Group:             (none)
  Path Type:              Hold (Min at Fast Process Corner)
  Data Path Delay:        0.667ns  (logic 0.365ns (54.693%)  route 0.302ns (45.307%))
  Logic Levels:           8  (DSP_ALU=1 DSP_M_DATA=1 DSP_MULTIPLIER=1 DSP_OUTPUT=1 DSP_PREADD_DATA=1 LUT3=1 LUT6=2)
  Clock Uncertainty:      0.180ns  ((TSJ^2 + DJ^2)^1/2) / 2 + PE
    Total System Jitter     (TSJ):    0.050ns
    Discrete Jitter          (DJ):    0.356ns
    Phase Error              (PE):    0.000ns
  Clock Net Delay (Destination): 0.881ns (routing 0.365ns, distribution 0.516ns)

    Location             Delay type                Incr(ns)  Path(ns)    Netlist Resource(s)
  -------------------------------------------------------------------    -------------------
    DSP48E2_X0Y36        DSP_A_B_DATA                 0.000     0.000 r  design_1_i/top_controller_0/inst/u_risk_control/p_0_out__0/DSP_A_B_DATA_INST/B2_DATA[17]
                         net (fo=1, routed)           0.000     0.000    design_1_i/top_controller_0/inst/u_risk_control/p_0_out__0/DSP_A_B_DATA.B2_DATA<17>
    DSP48E2_X0Y36        DSP_PREADD_DATA (Prop_DSP_PREADD_DATA_DSP48E2_B2_DATA[17]_B2B1[17])
                                                      0.020     0.020 r  design_1_i/top_controller_0/inst/u_risk_control/p_0_out__0/DSP_PREADD_DATA_INST/B2B1[17]
                         net (fo=1, routed)           0.000     0.020    design_1_i/top_controller_0/inst/u_risk_control/p_0_out__0/DSP_PREADD_DATA.B2B1<17>
    DSP48E2_X0Y36        DSP_MULTIPLIER (Prop_DSP_MULTIPLIER_DSP48E2_B2B1[17]_U[20])
                                                      0.075     0.095 f  design_1_i/top_controller_0/inst/u_risk_control/p_0_out__0/DSP_MULTIPLIER_INST/U[20]
                         net (fo=1, routed)           0.000     0.095    design_1_i/top_controller_0/inst/u_risk_control/p_0_out__0/DSP_MULTIPLIER.U<20>
    DSP48E2_X0Y36        DSP_M_DATA (Prop_DSP_M_DATA_DSP48E2_U[20]_U_DATA[20])
                                                      0.012     0.107 r  design_1_i/top_controller_0/inst/u_risk_control/p_0_out__0/DSP_M_DATA_INST/U_DATA[20]
                         net (fo=1, routed)           0.000     0.107    design_1_i/top_controller_0/inst/u_risk_control/p_0_out__0/DSP_M_DATA.U_DATA<20>
    DSP48E2_X0Y36        DSP_ALU (Prop_DSP_ALU_DSP48E2_U_DATA[20]_ALU_OUT[20])
                                                      0.113     0.220 f  design_1_i/top_controller_0/inst/u_risk_control/p_0_out__0/DSP_ALU_INST/ALU_OUT[20]
                         net (fo=1, routed)           0.000     0.220    design_1_i/top_controller_0/inst/u_risk_control/p_0_out__0/DSP_ALU.ALU_OUT<20>
    DSP48E2_X0Y36        DSP_OUTPUT (Prop_DSP_OUTPUT_DSP48E2_ALU_OUT[20]_P[20])
                                                      0.030     0.250 r  design_1_i/top_controller_0/inst/u_risk_control/p_0_out__0/DSP_OUTPUT_INST/P[20]
                         net (fo=4, routed)           0.101     0.351    design_1_i/top_controller_0/inst/u_risk_control/S_AXI_ACLK_0[10]
    SLICE_X8Y93          LUT6 (Prop_H6LUT_SLICEL_I5_O)
                                                      0.041     0.392 f  design_1_i/top_controller_0/inst/u_risk_control/sim_data_out[speed_limit][10]_i_3/O
                         net (fo=5, routed)           0.095     0.487    design_1_i/top_controller_0/inst/u_risk_types/sim_data_out_reg[speed_limit][10]_1
    SLICE_X11Y94         LUT6 (Prop_D6LUT_SLICEL_I0_O)
                                                      0.041     0.528 r  design_1_i/top_controller_0/inst/u_risk_types/sim_data_out[speed_limit][10]_i_2/O
                         net (fo=1, routed)           0.100     0.628    design_1_i/top_controller_0/inst/u_risk_types/sim_data_out[speed_limit][10]_i_2_n_0
    SLICE_X11Y98         LUT3 (Prop_D5LUT_SLICEL_I2_O)
                                                      0.033     0.661 r  design_1_i/top_controller_0/inst/u_risk_types/sim_data_out[speed_limit][10]_i_1/O
                         net (fo=1, routed)           0.006     0.667    design_1_i/top_controller_0/inst/u_risk_control/sim_data_out_reg[speed_limit][12]_6[10]
    SLICE_X11Y98         FDRE                                         r  design_1_i/top_controller_0/inst/u_risk_control/sim_data_out_reg[speed_limit][10]/D
  -------------------------------------------------------------------    -------------------

                         (clock clk_pl_0 rise edge)
                                                      0.000     0.000 r  
    PS8_X0Y0             PS8                          0.000     0.000 r  design_1_i/zynq_ultra_ps_e_0/inst/PS8_i/PLCLK[0]
                         net (fo=1, routed)           0.120     0.120    design_1_i/zynq_ultra_ps_e_0/inst/pl_clk_unbuffered[0]
    BUFG_PS_X0Y58        BUFG_PS (Prop_BUFG_PS_I_O)
                                                      0.018     0.138 r  design_1_i/zynq_ultra_ps_e_0/inst/buffer_pl_clk_0.PL_CLK_0_BUFG/O
    X0Y1 (CLOCK_ROOT)    net (fo=6532, routed)        0.881     1.019    design_1_i/top_controller_0/inst/u_risk_control/S_AXI_ACLK
    SLICE_X11Y98         FDRE                                         r  design_1_i/top_controller_0/inst/u_risk_control/sim_data_out_reg[speed_limit][10]/C

Slack:                    inf
  Source:                 design_1_i/top_controller_0/inst/u_risk_control/p_0_out__1/DSP_A_B_DATA_INST/B2_DATA[9]
                            (internal pin)
  Destination:            design_1_i/top_controller_0/inst/u_risk_control/sim_data_out_reg[speed_limit][0]/D
                            (rising edge-triggered cell FDRE clocked by clk_pl_0  {rise@0.000ns fall@5.625ns period=11.250ns})
  Path Group:             (none)
  Path Type:              Hold (Min at Fast Process Corner)
  Data Path Delay:        0.688ns  (logic 0.364ns (52.902%)  route 0.324ns (47.098%))
  Logic Levels:           8  (DSP_ALU=1 DSP_M_DATA=1 DSP_MULTIPLIER=1 DSP_OUTPUT=1 DSP_PREADD_DATA=1 LUT2=1 LUT4=1 LUT6=1)
  Clock Uncertainty:      0.180ns  ((TSJ^2 + DJ^2)^1/2) / 2 + PE
    Total System Jitter     (TSJ):    0.050ns
    Discrete Jitter          (DJ):    0.356ns
    Phase Error              (PE):    0.000ns
  Clock Net Delay (Destination): 0.881ns (routing 0.365ns, distribution 0.516ns)

    Location             Delay type                Incr(ns)  Path(ns)    Netlist Resource(s)
  -------------------------------------------------------------------    -------------------
    DSP48E2_X0Y37        DSP_A_B_DATA                 0.000     0.000 r  design_1_i/top_controller_0/inst/u_risk_control/p_0_out__1/DSP_A_B_DATA_INST/B2_DATA[9]
                         net (fo=1, routed)           0.000     0.000    design_1_i/top_controller_0/inst/u_risk_control/p_0_out__1/DSP_A_B_DATA.B2_DATA<9>
    DSP48E2_X0Y37        DSP_PREADD_DATA (Prop_DSP_PREADD_DATA_DSP48E2_B2_DATA[9]_B2B1[9])
                                                      0.020     0.020 r  design_1_i/top_controller_0/inst/u_risk_control/p_0_out__1/DSP_PREADD_DATA_INST/B2B1[9]
                         net (fo=1, routed)           0.000     0.020    design_1_i/top_controller_0/inst/u_risk_control/p_0_out__1/DSP_PREADD_DATA.B2B1<9>
    DSP48E2_X0Y37        DSP_MULTIPLIER (Prop_DSP_MULTIPLIER_DSP48E2_B2B1[9]_U[10])
                                                      0.075     0.095 f  design_1_i/top_controller_0/inst/u_risk_control/p_0_out__1/DSP_MULTIPLIER_INST/U[10]
                         net (fo=1, routed)           0.000     0.095    design_1_i/top_controller_0/inst/u_risk_control/p_0_out__1/DSP_MULTIPLIER.U<10>
    DSP48E2_X0Y37        DSP_M_DATA (Prop_DSP_M_DATA_DSP48E2_U[10]_U_DATA[10])
                                                      0.012     0.107 r  design_1_i/top_controller_0/inst/u_risk_control/p_0_out__1/DSP_M_DATA_INST/U_DATA[10]
                         net (fo=1, routed)           0.000     0.107    design_1_i/top_controller_0/inst/u_risk_control/p_0_out__1/DSP_M_DATA.U_DATA<10>
    DSP48E2_X0Y37        DSP_ALU (Prop_DSP_ALU_DSP48E2_U_DATA[10]_ALU_OUT[10])
                                                      0.113     0.220 f  design_1_i/top_controller_0/inst/u_risk_control/p_0_out__1/DSP_ALU_INST/ALU_OUT[10]
                         net (fo=1, routed)           0.000     0.220    design_1_i/top_controller_0/inst/u_risk_control/p_0_out__1/DSP_ALU.ALU_OUT<10>
    DSP48E2_X0Y37        DSP_OUTPUT (Prop_DSP_OUTPUT_DSP48E2_ALU_OUT[10]_P[10])
                                                      0.030     0.250 r  design_1_i/top_controller_0/inst/u_risk_control/p_0_out__1/DSP_OUTPUT_INST/P[10]
                         net (fo=7, routed)           0.146     0.396    design_1_i/top_controller_0/inst/u_risk_control/S_AXI_ACLK_1[0]
    SLICE_X7Y95          LUT4 (Prop_A6LUT_SLICEL_I1_O)
                                                      0.014     0.410 f  design_1_i/top_controller_0/inst/u_risk_control/sim_data_out[speed_limit][0]_i_3/O
                         net (fo=5, routed)           0.084     0.494    design_1_i/top_controller_0/inst/u_risk_control/sim_data_out[speed_limit][0]_i_3_n_0
    SLICE_X11Y94         LUT6 (Prop_H6LUT_SLICEL_I0_O)
                                                      0.050     0.544 f  design_1_i/top_controller_0/inst/u_risk_control/sim_data_out[speed_limit][0]_i_2/O
                         net (fo=1, routed)           0.078     0.622    design_1_i/top_controller_0/inst/u_risk_types/sim_data_out_reg[speed_limit][0]
    SLICE_X11Y98         LUT2 (Prop_D6LUT_SLICEL_I1_O)
                                                      0.050     0.672 r  design_1_i/top_controller_0/inst/u_risk_types/sim_data_out[speed_limit][0]_i_1/O
                         net (fo=1, routed)           0.016     0.688    design_1_i/top_controller_0/inst/u_risk_control/sim_data_out_reg[speed_limit][12]_6[0]
    SLICE_X11Y98         FDRE                                         r  design_1_i/top_controller_0/inst/u_risk_control/sim_data_out_reg[speed_limit][0]/D
  -------------------------------------------------------------------    -------------------

                         (clock clk_pl_0 rise edge)
                                                      0.000     0.000 r  
    PS8_X0Y0             PS8                          0.000     0.000 r  design_1_i/zynq_ultra_ps_e_0/inst/PS8_i/PLCLK[0]
                         net (fo=1, routed)           0.120     0.120    design_1_i/zynq_ultra_ps_e_0/inst/pl_clk_unbuffered[0]
    BUFG_PS_X0Y58        BUFG_PS (Prop_BUFG_PS_I_O)
                                                      0.018     0.138 r  design_1_i/zynq_ultra_ps_e_0/inst/buffer_pl_clk_0.PL_CLK_0_BUFG/O
    X0Y1 (CLOCK_ROOT)    net (fo=6532, routed)        0.881     1.019    design_1_i/top_controller_0/inst/u_risk_control/S_AXI_ACLK
    SLICE_X11Y98         FDRE                                         r  design_1_i/top_controller_0/inst/u_risk_control/sim_data_out_reg[speed_limit][0]/C

Slack:                    inf
  Source:                 design_1_i/top_controller_0/inst/u_risk_control/p_0_out__2/DSP_A_B_DATA_INST/B2_DATA[17]
                            (internal pin)
  Destination:            design_1_i/top_controller_0/inst/u_risk_control/sim_data_out_reg[speed_limit][12]/D
                            (rising edge-triggered cell FDRE clocked by clk_pl_0  {rise@0.000ns fall@5.625ns period=11.250ns})
  Path Group:             (none)
  Path Type:              Hold (Min at Fast Process Corner)
  Data Path Delay:        0.689ns  (logic 0.334ns (48.506%)  route 0.355ns (51.494%))
  Logic Levels:           8  (DSP_ALU=1 DSP_M_DATA=1 DSP_MULTIPLIER=1 DSP_OUTPUT=1 DSP_PREADD_DATA=1 LUT3=1 LUT5=1 LUT6=1)
  Clock Uncertainty:      0.180ns  ((TSJ^2 + DJ^2)^1/2) / 2 + PE
    Total System Jitter     (TSJ):    0.050ns
    Discrete Jitter          (DJ):    0.356ns
    Phase Error              (PE):    0.000ns
  Clock Net Delay (Destination): 0.884ns (routing 0.365ns, distribution 0.519ns)

    Location             Delay type                Incr(ns)  Path(ns)    Netlist Resource(s)
  -------------------------------------------------------------------    -------------------
    DSP48E2_X0Y39        DSP_A_B_DATA                 0.000     0.000 r  design_1_i/top_controller_0/inst/u_risk_control/p_0_out__2/DSP_A_B_DATA_INST/B2_DATA[17]
                         net (fo=1, routed)           0.000     0.000    design_1_i/top_controller_0/inst/u_risk_control/p_0_out__2/DSP_A_B_DATA.B2_DATA<17>
    DSP48E2_X0Y39        DSP_PREADD_DATA (Prop_DSP_PREADD_DATA_DSP48E2_B2_DATA[17]_B2B1[17])
                                                      0.020     0.020 r  design_1_i/top_controller_0/inst/u_risk_control/p_0_out__2/DSP_PREADD_DATA_INST/B2B1[17]
                         net (fo=1, routed)           0.000     0.020    design_1_i/top_controller_0/inst/u_risk_control/p_0_out__2/DSP_PREADD_DATA.B2B1<17>
    DSP48E2_X0Y39        DSP_MULTIPLIER (Prop_DSP_MULTIPLIER_DSP48E2_B2B1[17]_U[22])
                                                      0.075     0.095 f  design_1_i/top_controller_0/inst/u_risk_control/p_0_out__2/DSP_MULTIPLIER_INST/U[22]
                         net (fo=1, routed)           0.000     0.095    design_1_i/top_controller_0/inst/u_risk_control/p_0_out__2/DSP_MULTIPLIER.U<22>
    DSP48E2_X0Y39        DSP_M_DATA (Prop_DSP_M_DATA_DSP48E2_U[22]_U_DATA[22])
                                                      0.012     0.107 r  design_1_i/top_controller_0/inst/u_risk_control/p_0_out__2/DSP_M_DATA_INST/U_DATA[22]
                         net (fo=1, routed)           0.000     0.107    design_1_i/top_controller_0/inst/u_risk_control/p_0_out__2/DSP_M_DATA.U_DATA<22>
    DSP48E2_X0Y39        DSP_ALU (Prop_DSP_ALU_DSP48E2_U_DATA[22]_ALU_OUT[22])
                                                      0.113     0.220 f  design_1_i/top_controller_0/inst/u_risk_control/p_0_out__2/DSP_ALU_INST/ALU_OUT[22]
                         net (fo=1, routed)           0.000     0.220    design_1_i/top_controller_0/inst/u_risk_control/p_0_out__2/DSP_ALU.ALU_OUT<22>
    DSP48E2_X0Y39        DSP_OUTPUT (Prop_DSP_OUTPUT_DSP48E2_ALU_OUT[22]_P[22])
                                                      0.030     0.250 r  design_1_i/top_controller_0/inst/u_risk_control/p_0_out__2/DSP_OUTPUT_INST/P[22]
                         net (fo=7, routed)           0.176     0.426    design_1_i/top_controller_0/inst/u_risk_types/sim_data_out_reg[accelerator][3]_i_16_0[12]
    SLICE_X10Y94         LUT5 (Prop_E6LUT_SLICEL_I0_O)
                                                      0.014     0.440 f  design_1_i/top_controller_0/inst/u_risk_types/sim_data_out[speed_limit][12]_i_6/O
                         net (fo=1, routed)           0.046     0.486    design_1_i/top_controller_0/inst/u_risk_types/sim_data_out[speed_limit][12]_i_6_n_0
    SLICE_X11Y94         LUT6 (Prop_C6LUT_SLICEL_I3_O)
                                                      0.035     0.521 r  design_1_i/top_controller_0/inst/u_risk_types/sim_data_out[speed_limit][12]_i_2/O
                         net (fo=1, routed)           0.107     0.628    design_1_i/top_controller_0/inst/u_risk_types/sim_data_out[speed_limit][12]_i_2_n_0
    SLICE_X14Y95         LUT3 (Prop_D6LUT_SLICEM_I2_O)
                                                      0.035     0.663 r  design_1_i/top_controller_0/inst/u_risk_types/sim_data_out[speed_limit][12]_i_1/O
                         net (fo=1, routed)           0.026     0.689    design_1_i/top_controller_0/inst/u_risk_control/sim_data_out_reg[speed_limit][12]_6[12]
    SLICE_X14Y95         FDRE                                         r  design_1_i/top_controller_0/inst/u_risk_control/sim_data_out_reg[speed_limit][12]/D
  -------------------------------------------------------------------    -------------------

                         (clock clk_pl_0 rise edge)
                                                      0.000     0.000 r  
    PS8_X0Y0             PS8                          0.000     0.000 r  design_1_i/zynq_ultra_ps_e_0/inst/PS8_i/PLCLK[0]
                         net (fo=1, routed)           0.120     0.120    design_1_i/zynq_ultra_ps_e_0/inst/pl_clk_unbuffered[0]
    BUFG_PS_X0Y58        BUFG_PS (Prop_BUFG_PS_I_O)
                                                      0.018     0.138 r  design_1_i/zynq_ultra_ps_e_0/inst/buffer_pl_clk_0.PL_CLK_0_BUFG/O
    X0Y1 (CLOCK_ROOT)    net (fo=6532, routed)        0.884     1.022    design_1_i/top_controller_0/inst/u_risk_control/S_AXI_ACLK
    SLICE_X14Y95         FDRE                                         r  design_1_i/top_controller_0/inst/u_risk_control/sim_data_out_reg[speed_limit][12]/C

Slack:                    inf
  Source:                 design_1_i/top_controller_0/inst/u_risk_control/p_0_out/DSP_A_B_DATA_INST/B2_DATA[15]
                            (internal pin)
  Destination:            design_1_i/top_controller_0/inst/u_risk_control/sim_data_out_reg[speed_limit][6]/D
                            (rising edge-triggered cell FDRE clocked by clk_pl_0  {rise@0.000ns fall@5.625ns period=11.250ns})
  Path Group:             (none)
  Path Type:              Hold (Min at Fast Process Corner)
  Data Path Delay:        0.735ns  (logic 0.338ns (45.958%)  route 0.397ns (54.042%))
  Logic Levels:           8  (DSP_ALU=1 DSP_M_DATA=1 DSP_MULTIPLIER=1 DSP_OUTPUT=1 DSP_PREADD_DATA=1 LUT3=1 LUT6=2)
  Clock Uncertainty:      0.180ns  ((TSJ^2 + DJ^2)^1/2) / 2 + PE
    Total System Jitter     (TSJ):    0.050ns
    Discrete Jitter          (DJ):    0.356ns
    Phase Error              (PE):    0.000ns
  Clock Net Delay (Destination): 0.887ns (routing 0.365ns, distribution 0.522ns)

    Location             Delay type                Incr(ns)  Path(ns)    Netlist Resource(s)
  -------------------------------------------------------------------    -------------------
    DSP48E2_X0Y38        DSP_A_B_DATA                 0.000     0.000 r  design_1_i/top_controller_0/inst/u_risk_control/p_0_out/DSP_A_B_DATA_INST/B2_DATA[15]
                         net (fo=1, routed)           0.000     0.000    design_1_i/top_controller_0/inst/u_risk_control/p_0_out/DSP_A_B_DATA.B2_DATA<15>
    DSP48E2_X0Y38        DSP_PREADD_DATA (Prop_DSP_PREADD_DATA_DSP48E2_B2_DATA[15]_B2B1[15])
                                                      0.020     0.020 r  design_1_i/top_controller_0/inst/u_risk_control/p_0_out/DSP_PREADD_DATA_INST/B2B1[15]
                         net (fo=1, routed)           0.000     0.020    design_1_i/top_controller_0/inst/u_risk_control/p_0_out/DSP_PREADD_DATA.B2B1<15>
    DSP48E2_X0Y38        DSP_MULTIPLIER (Prop_DSP_MULTIPLIER_DSP48E2_B2B1[15]_U[16])
                                                      0.075     0.095 f  design_1_i/top_controller_0/inst/u_risk_control/p_0_out/DSP_MULTIPLIER_INST/U[16]
                         net (fo=1, routed)           0.000     0.095    design_1_i/top_controller_0/inst/u_risk_control/p_0_out/DSP_MULTIPLIER.U<16>
    DSP48E2_X0Y38        DSP_M_DATA (Prop_DSP_M_DATA_DSP48E2_U[16]_U_DATA[16])
                                                      0.012     0.107 r  design_1_i/top_controller_0/inst/u_risk_control/p_0_out/DSP_M_DATA_INST/U_DATA[16]
                         net (fo=1, routed)           0.000     0.107    design_1_i/top_controller_0/inst/u_risk_control/p_0_out/DSP_M_DATA.U_DATA<16>
    DSP48E2_X0Y38        DSP_ALU (Prop_DSP_ALU_DSP48E2_U_DATA[16]_ALU_OUT[16])
                                                      0.113     0.220 f  design_1_i/top_controller_0/inst/u_risk_control/p_0_out/DSP_ALU_INST/ALU_OUT[16]
                         net (fo=1, routed)           0.000     0.220    design_1_i/top_controller_0/inst/u_risk_control/p_0_out/DSP_ALU.ALU_OUT<16>
    DSP48E2_X0Y38        DSP_OUTPUT (Prop_DSP_OUTPUT_DSP48E2_ALU_OUT[16]_P[16])
                                                      0.030     0.250 r  design_1_i/top_controller_0/inst/u_risk_control/p_0_out/DSP_OUTPUT_INST/P[16]
                         net (fo=4, routed)           0.122     0.372    design_1_i/top_controller_0/inst/u_risk_types/P[6]
    SLICE_X8Y95          LUT6 (Prop_B6LUT_SLICEL_I0_O)
                                                      0.015     0.387 f  design_1_i/top_controller_0/inst/u_risk_types/sim_data_out[speed_limit][6]_i_4/O
                         net (fo=5, routed)           0.048     0.434    design_1_i/top_controller_0/inst/u_risk_types/sim_data_out_reg[speed_limit][6]_0
    SLICE_X8Y95          LUT6 (Prop_C6LUT_SLICEL_I2_O)
                                                      0.035     0.469 r  design_1_i/top_controller_0/inst/u_risk_types/sim_data_out[speed_limit][6]_i_2/O
                         net (fo=1, routed)           0.077     0.546    design_1_i/top_controller_0/inst/u_risk_types/sim_data_out[speed_limit][6]_i_2_n_0
    SLICE_X10Y96         LUT3 (Prop_C5LUT_SLICEL_I2_O)
                                                      0.038     0.584 r  design_1_i/top_controller_0/inst/u_risk_types/sim_data_out[speed_limit][6]_i_1/O
                         net (fo=1, routed)           0.151     0.735    design_1_i/top_controller_0/inst/u_risk_control/sim_data_out_reg[speed_limit][12]_6[6]
    SLICE_X14Y96         FDRE                                         r  design_1_i/top_controller_0/inst/u_risk_control/sim_data_out_reg[speed_limit][6]/D
  -------------------------------------------------------------------    -------------------

                         (clock clk_pl_0 rise edge)
                                                      0.000     0.000 r  
    PS8_X0Y0             PS8                          0.000     0.000 r  design_1_i/zynq_ultra_ps_e_0/inst/PS8_i/PLCLK[0]
                         net (fo=1, routed)           0.120     0.120    design_1_i/zynq_ultra_ps_e_0/inst/pl_clk_unbuffered[0]
    BUFG_PS_X0Y58        BUFG_PS (Prop_BUFG_PS_I_O)
                                                      0.018     0.138 r  design_1_i/zynq_ultra_ps_e_0/inst/buffer_pl_clk_0.PL_CLK_0_BUFG/O
    X0Y1 (CLOCK_ROOT)    net (fo=6532, routed)        0.887     1.025    design_1_i/top_controller_0/inst/u_risk_control/S_AXI_ACLK
    SLICE_X14Y96         FDRE                                         r  design_1_i/top_controller_0/inst/u_risk_control/sim_data_out_reg[speed_limit][6]/C

Slack:                    inf
  Source:                 design_1_i/top_controller_0/inst/u_risk_control/p_0_out__1/DSP_A_B_DATA_INST/B2_DATA[17]
                            (internal pin)
  Destination:            design_1_i/top_controller_0/inst/u_risk_control/sim_data_out_reg[speed_limit][11]/D
                            (rising edge-triggered cell FDRE clocked by clk_pl_0  {rise@0.000ns fall@5.625ns period=11.250ns})
  Path Group:             (none)
  Path Type:              Hold (Min at Fast Process Corner)
  Data Path Delay:        0.748ns  (logic 0.385ns (51.484%)  route 0.363ns (48.516%))
  Logic Levels:           8  (DSP_ALU=1 DSP_M_DATA=1 DSP_MULTIPLIER=1 DSP_OUTPUT=1 DSP_PREADD_DATA=1 LUT3=1 LUT6=2)
  Clock Uncertainty:      0.180ns  ((TSJ^2 + DJ^2)^1/2) / 2 + PE
    Total System Jitter     (TSJ):    0.050ns
    Discrete Jitter          (DJ):    0.356ns
    Phase Error              (PE):    0.000ns
  Clock Net Delay (Destination): 0.881ns (routing 0.365ns, distribution 0.516ns)

    Location             Delay type                Incr(ns)  Path(ns)    Netlist Resource(s)
  -------------------------------------------------------------------    -------------------
    DSP48E2_X0Y37        DSP_A_B_DATA                 0.000     0.000 r  design_1_i/top_controller_0/inst/u_risk_control/p_0_out__1/DSP_A_B_DATA_INST/B2_DATA[17]
                         net (fo=1, routed)           0.000     0.000    design_1_i/top_controller_0/inst/u_risk_control/p_0_out__1/DSP_A_B_DATA.B2_DATA<17>
    DSP48E2_X0Y37        DSP_PREADD_DATA (Prop_DSP_PREADD_DATA_DSP48E2_B2_DATA[17]_B2B1[17])
                                                      0.020     0.020 r  design_1_i/top_controller_0/inst/u_risk_control/p_0_out__1/DSP_PREADD_DATA_INST/B2B1[17]
                         net (fo=1, routed)           0.000     0.020    design_1_i/top_controller_0/inst/u_risk_control/p_0_out__1/DSP_PREADD_DATA.B2B1<17>
    DSP48E2_X0Y37        DSP_MULTIPLIER (Prop_DSP_MULTIPLIER_DSP48E2_B2B1[17]_U[21])
                                                      0.075     0.095 f  design_1_i/top_controller_0/inst/u_risk_control/p_0_out__1/DSP_MULTIPLIER_INST/U[21]
                         net (fo=1, routed)           0.000     0.095    design_1_i/top_controller_0/inst/u_risk_control/p_0_out__1/DSP_MULTIPLIER.U<21>
    DSP48E2_X0Y37        DSP_M_DATA (Prop_DSP_M_DATA_DSP48E2_U[21]_U_DATA[21])
                                                      0.012     0.107 r  design_1_i/top_controller_0/inst/u_risk_control/p_0_out__1/DSP_M_DATA_INST/U_DATA[21]
                         net (fo=1, routed)           0.000     0.107    design_1_i/top_controller_0/inst/u_risk_control/p_0_out__1/DSP_M_DATA.U_DATA<21>
    DSP48E2_X0Y37        DSP_ALU (Prop_DSP_ALU_DSP48E2_U_DATA[21]_ALU_OUT[21])
                                                      0.113     0.220 f  design_1_i/top_controller_0/inst/u_risk_control/p_0_out__1/DSP_ALU_INST/ALU_OUT[21]
                         net (fo=1, routed)           0.000     0.220    design_1_i/top_controller_0/inst/u_risk_control/p_0_out__1/DSP_ALU.ALU_OUT<21>
    DSP48E2_X0Y37        DSP_OUTPUT (Prop_DSP_OUTPUT_DSP48E2_ALU_OUT[21]_P[21])
                                                      0.030     0.250 r  design_1_i/top_controller_0/inst/u_risk_control/p_0_out__1/DSP_OUTPUT_INST/P[21]
                         net (fo=7, routed)           0.140     0.390    design_1_i/top_controller_0/inst/u_risk_types/sim_data_out_reg[accelerator][3]_i_10_0[11]
    SLICE_X8Y95          LUT6 (Prop_H6LUT_SLICEL_I0_O)
                                                      0.050     0.440 f  design_1_i/top_controller_0/inst/u_risk_types/sim_data_out[speed_limit][11]_i_5/O
                         net (fo=5, routed)           0.106     0.546    design_1_i/top_controller_0/inst/u_risk_types/risk_out_reg[Ri_vision_A][0]_3
    SLICE_X10Y95         LUT6 (Prop_F6LUT_SLICEL_I5_O)
                                                      0.035     0.581 r  design_1_i/top_controller_0/inst/u_risk_types/sim_data_out[speed_limit][11]_i_2/O
                         net (fo=1, routed)           0.100     0.681    design_1_i/top_controller_0/inst/u_risk_types/sim_data_out[speed_limit][11]_i_2_n_0
    SLICE_X11Y98         LUT3 (Prop_C6LUT_SLICEL_I2_O)
                                                      0.050     0.731 r  design_1_i/top_controller_0/inst/u_risk_types/sim_data_out[speed_limit][11]_i_1/O
                         net (fo=1, routed)           0.017     0.748    design_1_i/top_controller_0/inst/u_risk_control/sim_data_out_reg[speed_limit][12]_6[11]
    SLICE_X11Y98         FDRE                                         r  design_1_i/top_controller_0/inst/u_risk_control/sim_data_out_reg[speed_limit][11]/D
  -------------------------------------------------------------------    -------------------

                         (clock clk_pl_0 rise edge)
                                                      0.000     0.000 r  
    PS8_X0Y0             PS8                          0.000     0.000 r  design_1_i/zynq_ultra_ps_e_0/inst/PS8_i/PLCLK[0]
                         net (fo=1, routed)           0.120     0.120    design_1_i/zynq_ultra_ps_e_0/inst/pl_clk_unbuffered[0]
    BUFG_PS_X0Y58        BUFG_PS (Prop_BUFG_PS_I_O)
                                                      0.018     0.138 r  design_1_i/zynq_ultra_ps_e_0/inst/buffer_pl_clk_0.PL_CLK_0_BUFG/O
    X0Y1 (CLOCK_ROOT)    net (fo=6532, routed)        0.881     1.019    design_1_i/top_controller_0/inst/u_risk_control/S_AXI_ACLK
    SLICE_X11Y98         FDRE                                         r  design_1_i/top_controller_0/inst/u_risk_control/sim_data_out_reg[speed_limit][11]/C





