#-----------------------------------------------------------
# Vivado v2022.2 (64-bit)
# SW Build 3671981 on Fri Oct 14 05:00:03 MDT 2022
# IP Build 3669848 on Fri Oct 14 08:30:02 MDT 2022
# Start of session at: Thu Aug 13 22:01:07 2026
# Process ID: 35824
# Current directory: C:/Users/jiho0/GitProjects/FPGA-Autonomous-Vehicle-Project
# Command line: vivado.exe -mode batch -source sources_1/verification/build_full_project_88888mhz.tcl -nojournal -log verification_reports/full_project_88888mhz/build_final_sentinel_state.log
# Log file: C:/Users/jiho0/GitProjects/FPGA-Autonomous-Vehicle-Project/verification_reports/full_project_88888mhz/build_final_sentinel_state.log
# Journal file: 
# Running On: JH_HP, OS: Windows, CPU Frequency: 1996 MHz, CPU Physical cores: 12, Host memory: 16697 MB
#-----------------------------------------------------------
source sources_1/verification/build_full_project_88888mhz.tcl
# set verification_dir [file dirname [file normalize [info script]]]
# set repo_root [file normalize [file join $verification_dir .. ..]]
# set project_file [file join $repo_root FPGA_project FPGA_project.xpr]
# set report_dir [file join $repo_root verification_reports full_project_88888mhz]
# file mkdir $report_dir
# open_project $project_file
Scanning sources...
Finished scanning sources
INFO: [IP_Flow 19-234] Refreshing IP repositories
INFO: [IP_Flow 19-1700] Loaded user IP repository 'c:/Users/jiho0/GitProjects/FPGA-Autonomous-Vehicle-Project'.
WARNING: [IP_Flow 19-3656] If you move the project, the path for repository 'c:/Users/jiho0/GitProjects/FPGA-Autonomous-Vehicle-Project' may become invalid. A better location for the repository would be in a path adjacent to the project. (Current project location is 'c:/Users/jiho0/GitProjects/FPGA-Autonomous-Vehicle-Project/FPGA_project'.)
INFO: [IP_Flow 19-2313] Loaded Vivado IP repository 'C:/Xilinx/Vivado/2022.2/data/ip'.
open_project: Time (s): cpu = 00:00:14 ; elapsed = 00:00:18 . Memory (MB): peak = 462.824 ; gain = 145.922
# update_ip_catalog -rebuild
INFO: [IP_Flow 19-234] Refreshing IP repositories
INFO: [IP_Flow 19-1700] Loaded user IP repository 'c:/Users/jiho0/GitProjects/FPGA-Autonomous-Vehicle-Project'.
WARNING: [IP_Flow 19-3656] If you move the project, the path for repository 'c:/Users/jiho0/GitProjects/FPGA-Autonomous-Vehicle-Project' may become invalid. A better location for the repository would be in a path adjacent to the project. (Current project location is 'c:/Users/jiho0/GitProjects/FPGA-Autonomous-Vehicle-Project/FPGA_project'.)
# set design_bd [get_files -quiet */design_1.bd]
# if {[llength $design_bd] != 0} {
#     reset_target all $design_bd
#     generate_target all $design_bd
#     export_ip_user_files -of_objects $design_bd -sync -force -quiet
# }
INFO: [BD 41-1662] The design 'design_1.bd' is already validated. Therefore parameter propagation will not be re-run.
Verilog Output written to : c:/Users/jiho0/GitProjects/FPGA-Autonomous-Vehicle-Project/FPGA_project/FPGA_project.gen/sources_1/bd/design_1/synth/design_1.v
Verilog Output written to : c:/Users/jiho0/GitProjects/FPGA-Autonomous-Vehicle-Project/FPGA_project/FPGA_project.gen/sources_1/bd/design_1/sim/design_1.v
Verilog Output written to : c:/Users/jiho0/GitProjects/FPGA-Autonomous-Vehicle-Project/FPGA_project/FPGA_project.gen/sources_1/bd/design_1/hdl/design_1_wrapper.v
INFO: [xilinx.com:ip:zynq_ultra_ps_e:3.4-0] design_1_zynq_ultra_ps_e_0_0: 
Changes in your design (including the PCW configuration settings) are not automatically exported from Vivado to Xilinx's SDK, Petalinux or Yocto.
This is by design to avoid disrupting existing embedded development efforts. To have any changes of your design taking effect in the embedded software flow please export your
design by going through Vivado's main menu, click on File, then Export finally select Export Hardware, please ensure you click on the Include BitStream option.
The auto-generated HDF file is all you need to import in Xilinx's SDK, Petalinux or Yocto for your changes to be reflected in the Embedded Software Flow.
For more information, please consult PG201, section: Exporting PCW Settings to Embedded Software Flows
INFO: [PSU-0] Address Range of DDR (0x7ff00000 to 0x7fffffff) is reserved by PMU for internal purpose.
INFO: [IP_Flow 19-5611] Unable to find an associated reset port for the interface 'M_AXI_HPM0_LPD'. A default connection has been created.
INFO: [BD 41-1029] Generation completed for the IP Integrator block zynq_ultra_ps_e_0 .
INFO: [BD 41-1029] Generation completed for the IP Integrator block proc_sys_reset_0 .
WARNING: [IP_Flow 19-4994] Overwriting existing constraint file 'c:/Users/jiho0/GitProjects/FPGA-Autonomous-Vehicle-Project/FPGA_project/FPGA_project.gen/sources_1/bd/design_1/ip/design_1_auto_pc_0/design_1_auto_pc_0_ooc.xdc'
INFO: [BD 41-1029] Generation completed for the IP Integrator block ps8_0_axi_periph/s00_couplers/auto_pc .
INFO: [BD 41-1029] Generation completed for the IP Integrator block top_controller_0 .
Exporting to file c:/Users/jiho0/GitProjects/FPGA-Autonomous-Vehicle-Project/FPGA_project/FPGA_project.gen/sources_1/bd/design_1/hw_handoff/design_1.hwh
Generated Hardware Definition File c:/Users/jiho0/GitProjects/FPGA-Autonomous-Vehicle-Project/FPGA_project/FPGA_project.gen/sources_1/bd/design_1/synth/design_1.hwdef
generate_target: Time (s): cpu = 00:01:42 ; elapsed = 00:01:56 . Memory (MB): peak = 846.008 ; gain = 383.184
# set top_ip_run [get_runs -quiet design_1_top_controller_0_0_synth_1]
# if {[llength $top_ip_run] != 0} {
#     reset_run $top_ip_run
# }
# reset_run synth_1
INFO: [Project 1-1161] Replacing file C:/Users/jiho0/GitProjects/FPGA-Autonomous-Vehicle-Project/FPGA_project/FPGA_project.srcs/utils_1/imports/synth_1/top_controller.dcp with file C:/Users/jiho0/GitProjects/FPGA-Autonomous-Vehicle-Project/FPGA_project/FPGA_project.runs/synth_1/design_1_wrapper.dcp
# launch_runs synth_1 -jobs 4
INFO: [IP_Flow 19-6930] IPCACHE: runCacheChecks() number of threads = 8
INFO: [IP_Flow 19-6921] IPCACHE: Adding cache check func to thread queue for IP design_1_auto_pc_0
INFO: [IP_Flow 19-6921] IPCACHE: Adding cache check func to thread queue for IP design_1_proc_sys_reset_0_0
INFO: [IP_Flow 19-6921] IPCACHE: Adding cache check func to thread queue for IP design_1_top_controller_0_0
INFO: [IP_Flow 19-6921] IPCACHE: Adding cache check func to thread queue for IP design_1_zynq_ultra_ps_e_0_0
INFO: [IP_Flow 19-8020] IPCACHE: runCacheChecks() calling threadPool finishWork()
INFO: [IP_Flow 19-6924] IPCACHE: Running cache check for IP inst: design_1_auto_pc_0
INFO: [IP_Flow 19-6922] IPCACHE: Exporting cached entry d3eaf8c48e91c23f to dir: c:/Users/jiho0/GitProjects/FPGA-Autonomous-Vehicle-Project/FPGA_project/FPGA_project.gen/sources_1/bd/design_1/ip/design_1_auto_pc_0
INFO: [IP_Flow 19-6928] IPCACHE: copied cached file c:/Users/jiho0/GitProjects/FPGA-Autonomous-Vehicle-Project/FPGA_project/FPGA_project.cache/ip/2022.2/d/3/d3eaf8c48e91c23f/design_1_auto_pc_0.dcp to c:/Users/jiho0/GitProjects/FPGA-Autonomous-Vehicle-Project/FPGA_project/FPGA_project.gen/sources_1/bd/design_1/ip/design_1_auto_pc_0/design_1_auto_pc_0.dcp.
INFO: [IP_Flow 19-6926] IPCACHE: added file to list for BOM: c:/Users/jiho0/GitProjects/FPGA-Autonomous-Vehicle-Project/FPGA_project/FPGA_project.gen/sources_1/bd/design_1/ip/design_1_auto_pc_0/design_1_auto_pc_0.dcp
INFO: [IP_Flow 19-6928] IPCACHE: copied cached file c:/Users/jiho0/GitProjects/FPGA-Autonomous-Vehicle-Project/FPGA_project/FPGA_project.cache/ip/2022.2/d/3/d3eaf8c48e91c23f/design_1_auto_pc_0_sim_netlist.v to c:/Users/jiho0/GitProjects/FPGA-Autonomous-Vehicle-Project/FPGA_project/FPGA_project.gen/sources_1/bd/design_1/ip/design_1_auto_pc_0/design_1_auto_pc_0_sim_netlist.v.
INFO: [IP_Flow 19-6926] IPCACHE: added file to list for BOM: c:/Users/jiho0/GitProjects/FPGA-Autonomous-Vehicle-Project/FPGA_project/FPGA_project.gen/sources_1/bd/design_1/ip/design_1_auto_pc_0/design_1_auto_pc_0_sim_netlist.v
INFO: [IP_Flow 19-6928] IPCACHE: copied cached file c:/Users/jiho0/GitProjects/FPGA-Autonomous-Vehicle-Project/FPGA_project/FPGA_project.cache/ip/2022.2/d/3/d3eaf8c48e91c23f/design_1_auto_pc_0_sim_netlist.vhdl to c:/Users/jiho0/GitProjects/FPGA-Autonomous-Vehicle-Project/FPGA_project/FPGA_project.gen/sources_1/bd/design_1/ip/design_1_auto_pc_0/design_1_auto_pc_0_sim_netlist.vhdl.
INFO: [IP_Flow 19-6926] IPCACHE: added file to list for BOM: c:/Users/jiho0/GitProjects/FPGA-Autonomous-Vehicle-Project/FPGA_project/FPGA_project.gen/sources_1/bd/design_1/ip/design_1_auto_pc_0/design_1_auto_pc_0_sim_netlist.vhdl
INFO: [IP_Flow 19-6928] IPCACHE: copied cached file c:/Users/jiho0/GitProjects/FPGA-Autonomous-Vehicle-Project/FPGA_project/FPGA_project.cache/ip/2022.2/d/3/d3eaf8c48e91c23f/design_1_auto_pc_0_stub.v to c:/Users/jiho0/GitProjects/FPGA-Autonomous-Vehicle-Project/FPGA_project/FPGA_project.gen/sources_1/bd/design_1/ip/design_1_auto_pc_0/design_1_auto_pc_0_stub.v.
INFO: [IP_Flow 19-6926] IPCACHE: added file to list for BOM: c:/Users/jiho0/GitProjects/FPGA-Autonomous-Vehicle-Project/FPGA_project/FPGA_project.gen/sources_1/bd/design_1/ip/design_1_auto_pc_0/design_1_auto_pc_0_stub.v
INFO: [IP_Flow 19-6928] IPCACHE: copied cached file c:/Users/jiho0/GitProjects/FPGA-Autonomous-Vehicle-Project/FPGA_project/FPGA_project.cache/ip/2022.2/d/3/d3eaf8c48e91c23f/design_1_auto_pc_0_stub.vhdl to c:/Users/jiho0/GitProjects/FPGA-Autonomous-Vehicle-Project/FPGA_project/FPGA_project.gen/sources_1/bd/design_1/ip/design_1_auto_pc_0/design_1_auto_pc_0_stub.vhdl.
INFO: [IP_Flow 19-6926] IPCACHE: added file to list for BOM: c:/Users/jiho0/GitProjects/FPGA-Autonomous-Vehicle-Project/FPGA_project/FPGA_project.gen/sources_1/bd/design_1/ip/design_1_auto_pc_0/design_1_auto_pc_0_stub.vhdl
INFO: [IP_Flow 19-4993] Using cached IP synthesis design for IP design_1_auto_pc_0, cache-ID = d3eaf8c48e91c23f; cache size = 54.222 MB.
INFO: [IP_Flow 19-6924] IPCACHE: Running cache check for IP inst: design_1_proc_sys_reset_0_0
INFO: [IP_Flow 19-6922] IPCACHE: Exporting cached entry 5f8fc2f2251a4979 to dir: c:/Users/jiho0/GitProjects/FPGA-Autonomous-Vehicle-Project/FPGA_project/FPGA_project.gen/sources_1/bd/design_1/ip/design_1_proc_sys_reset_0_0
INFO: [IP_Flow 19-6928] IPCACHE: copied cached file c:/Users/jiho0/GitProjects/FPGA-Autonomous-Vehicle-Project/FPGA_project/FPGA_project.cache/ip/2022.2/5/f/5f8fc2f2251a4979/design_1_proc_sys_reset_0_0.dcp to c:/Users/jiho0/GitProjects/FPGA-Autonomous-Vehicle-Project/FPGA_project/FPGA_project.gen/sources_1/bd/design_1/ip/design_1_proc_sys_reset_0_0/design_1_proc_sys_reset_0_0.dcp.
INFO: [IP_Flow 19-6926] IPCACHE: added file to list for BOM: c:/Users/jiho0/GitProjects/FPGA-Autonomous-Vehicle-Project/FPGA_project/FPGA_project.gen/sources_1/bd/design_1/ip/design_1_proc_sys_reset_0_0/design_1_proc_sys_reset_0_0.dcp
INFO: [IP_Flow 19-6928] IPCACHE: copied cached file c:/Users/jiho0/GitProjects/FPGA-Autonomous-Vehicle-Project/FPGA_project/FPGA_project.cache/ip/2022.2/5/f/5f8fc2f2251a4979/design_1_proc_sys_reset_0_0_sim_netlist.v to c:/Users/jiho0/GitProjects/FPGA-Autonomous-Vehicle-Project/FPGA_project/FPGA_project.gen/sources_1/bd/design_1/ip/design_1_proc_sys_reset_0_0/design_1_proc_sys_reset_0_0_sim_netlist.v.
INFO: [IP_Flow 19-6926] IPCACHE: added file to list for BOM: c:/Users/jiho0/GitProjects/FPGA-Autonomous-Vehicle-Project/FPGA_project/FPGA_project.gen/sources_1/bd/design_1/ip/design_1_proc_sys_reset_0_0/design_1_proc_sys_reset_0_0_sim_netlist.v
INFO: [IP_Flow 19-6928] IPCACHE: copied cached file c:/Users/jiho0/GitProjects/FPGA-Autonomous-Vehicle-Project/FPGA_project/FPGA_project.cache/ip/2022.2/5/f/5f8fc2f2251a4979/design_1_proc_sys_reset_0_0_sim_netlist.vhdl to c:/Users/jiho0/GitProjects/FPGA-Autonomous-Vehicle-Project/FPGA_project/FPGA_project.gen/sources_1/bd/design_1/ip/design_1_proc_sys_reset_0_0/design_1_proc_sys_reset_0_0_sim_netlist.vhdl.
INFO: [IP_Flow 19-6926] IPCACHE: added file to list for BOM: c:/Users/jiho0/GitProjects/FPGA-Autonomous-Vehicle-Project/FPGA_project/FPGA_project.gen/sources_1/bd/design_1/ip/design_1_proc_sys_reset_0_0/design_1_proc_sys_reset_0_0_sim_netlist.vhdl
INFO: [IP_Flow 19-6928] IPCACHE: copied cached file c:/Users/jiho0/GitProjects/FPGA-Autonomous-Vehicle-Project/FPGA_project/FPGA_project.cache/ip/2022.2/5/f/5f8fc2f2251a4979/design_1_proc_sys_reset_0_0_stub.v to c:/Users/jiho0/GitProjects/FPGA-Autonomous-Vehicle-Project/FPGA_project/FPGA_project.gen/sources_1/bd/design_1/ip/design_1_proc_sys_reset_0_0/design_1_proc_sys_reset_0_0_stub.v.
INFO: [IP_Flow 19-6926] IPCACHE: added file to list for BOM: c:/Users/jiho0/GitProjects/FPGA-Autonomous-Vehicle-Project/FPGA_project/FPGA_project.gen/sources_1/bd/design_1/ip/design_1_proc_sys_reset_0_0/design_1_proc_sys_reset_0_0_stub.v
INFO: [IP_Flow 19-6928] IPCACHE: copied cached file c:/Users/jiho0/GitProjects/FPGA-Autonomous-Vehicle-Project/FPGA_project/FPGA_project.cache/ip/2022.2/5/f/5f8fc2f2251a4979/design_1_proc_sys_reset_0_0_stub.vhdl to c:/Users/jiho0/GitProjects/FPGA-Autonomous-Vehicle-Project/FPGA_project/FPGA_project.gen/sources_1/bd/design_1/ip/design_1_proc_sys_reset_0_0/design_1_proc_sys_reset_0_0_stub.vhdl.
INFO: [IP_Flow 19-6926] IPCACHE: added file to list for BOM: c:/Users/jiho0/GitProjects/FPGA-Autonomous-Vehicle-Project/FPGA_project/FPGA_project.gen/sources_1/bd/design_1/ip/design_1_proc_sys_reset_0_0/design_1_proc_sys_reset_0_0_stub.vhdl
INFO: [IP_Flow 19-4993] Using cached IP synthesis design for IP design_1_proc_sys_reset_0_0, cache-ID = 5f8fc2f2251a4979; cache size = 54.222 MB.
INFO: [IP_Flow 19-6924] IPCACHE: Running cache check for IP inst: design_1_top_controller_0_0
INFO: [IP_Flow 19-6922] IPCACHE: Exporting cached entry 43cc4d8d97920e22 to dir: c:/Users/jiho0/GitProjects/FPGA-Autonomous-Vehicle-Project/FPGA_project/FPGA_project.gen/sources_1/bd/design_1/ip/design_1_top_controller_0_0
INFO: [IP_Flow 19-6928] IPCACHE: copied cached file c:/Users/jiho0/GitProjects/FPGA-Autonomous-Vehicle-Project/FPGA_project/FPGA_project.cache/ip/2022.2/4/3/43cc4d8d97920e22/design_1_top_controller_0_0.dcp to c:/Users/jiho0/GitProjects/FPGA-Autonomous-Vehicle-Project/FPGA_project/FPGA_project.gen/sources_1/bd/design_1/ip/design_1_top_controller_0_0/design_1_top_controller_0_0.dcp.
INFO: [IP_Flow 19-6926] IPCACHE: added file to list for BOM: c:/Users/jiho0/GitProjects/FPGA-Autonomous-Vehicle-Project/FPGA_project/FPGA_project.gen/sources_1/bd/design_1/ip/design_1_top_controller_0_0/design_1_top_controller_0_0.dcp
INFO: [IP_Flow 19-6928] IPCACHE: copied cached file c:/Users/jiho0/GitProjects/FPGA-Autonomous-Vehicle-Project/FPGA_project/FPGA_project.cache/ip/2022.2/4/3/43cc4d8d97920e22/design_1_top_controller_0_0_sim_netlist.v to c:/Users/jiho0/GitProjects/FPGA-Autonomous-Vehicle-Project/FPGA_project/FPGA_project.gen/sources_1/bd/design_1/ip/design_1_top_controller_0_0/design_1_top_controller_0_0_sim_netlist.v.
INFO: [IP_Flow 19-6926] IPCACHE: added file to list for BOM: c:/Users/jiho0/GitProjects/FPGA-Autonomous-Vehicle-Project/FPGA_project/FPGA_project.gen/sources_1/bd/design_1/ip/design_1_top_controller_0_0/design_1_top_controller_0_0_sim_netlist.v
INFO: [IP_Flow 19-6928] IPCACHE: copied cached file c:/Users/jiho0/GitProjects/FPGA-Autonomous-Vehicle-Project/FPGA_project/FPGA_project.cache/ip/2022.2/4/3/43cc4d8d97920e22/design_1_top_controller_0_0_sim_netlist.vhdl to c:/Users/jiho0/GitProjects/FPGA-Autonomous-Vehicle-Project/FPGA_project/FPGA_project.gen/sources_1/bd/design_1/ip/design_1_top_controller_0_0/design_1_top_controller_0_0_sim_netlist.vhdl.
INFO: [IP_Flow 19-6926] IPCACHE: added file to list for BOM: c:/Users/jiho0/GitProjects/FPGA-Autonomous-Vehicle-Project/FPGA_project/FPGA_project.gen/sources_1/bd/design_1/ip/design_1_top_controller_0_0/design_1_top_controller_0_0_sim_netlist.vhdl
INFO: [IP_Flow 19-6928] IPCACHE: copied cached file c:/Users/jiho0/GitProjects/FPGA-Autonomous-Vehicle-Project/FPGA_project/FPGA_project.cache/ip/2022.2/4/3/43cc4d8d97920e22/design_1_top_controller_0_0_stub.v to c:/Users/jiho0/GitProjects/FPGA-Autonomous-Vehicle-Project/FPGA_project/FPGA_project.gen/sources_1/bd/design_1/ip/design_1_top_controller_0_0/design_1_top_controller_0_0_stub.v.
INFO: [IP_Flow 19-6926] IPCACHE: added file to list for BOM: c:/Users/jiho0/GitProjects/FPGA-Autonomous-Vehicle-Project/FPGA_project/FPGA_project.gen/sources_1/bd/design_1/ip/design_1_top_controller_0_0/design_1_top_controller_0_0_stub.v
INFO: [IP_Flow 19-6928] IPCACHE: copied cached file c:/Users/jiho0/GitProjects/FPGA-Autonomous-Vehicle-Project/FPGA_project/FPGA_project.cache/ip/2022.2/4/3/43cc4d8d97920e22/design_1_top_controller_0_0_stub.vhdl to c:/Users/jiho0/GitProjects/FPGA-Autonomous-Vehicle-Project/FPGA_project/FPGA_project.gen/sources_1/bd/design_1/ip/design_1_top_controller_0_0/design_1_top_controller_0_0_stub.vhdl.
INFO: [IP_Flow 19-6926] IPCACHE: added file to list for BOM: c:/Users/jiho0/GitProjects/FPGA-Autonomous-Vehicle-Project/FPGA_project/FPGA_project.gen/sources_1/bd/design_1/ip/design_1_top_controller_0_0/design_1_top_controller_0_0_stub.vhdl
INFO: [IP_Flow 19-4993] Using cached IP synthesis design for IP design_1_top_controller_0_0, cache-ID = 43cc4d8d97920e22; cache size = 54.222 MB.
INFO: [IP_Flow 19-6924] IPCACHE: Running cache check for IP inst: design_1_zynq_ultra_ps_e_0_0
INFO: [IP_Flow 19-6922] IPCACHE: Exporting cached entry ada60e61eb02cd25 to dir: c:/Users/jiho0/GitProjects/FPGA-Autonomous-Vehicle-Project/FPGA_project/FPGA_project.gen/sources_1/bd/design_1/ip/design_1_zynq_ultra_ps_e_0_0
INFO: [IP_Flow 19-6928] IPCACHE: copied cached file c:/Users/jiho0/GitProjects/FPGA-Autonomous-Vehicle-Project/FPGA_project/FPGA_project.cache/ip/2022.2/a/d/ada60e61eb02cd25/design_1_zynq_ultra_ps_e_0_0.dcp to c:/Users/jiho0/GitProjects/FPGA-Autonomous-Vehicle-Project/FPGA_project/FPGA_project.gen/sources_1/bd/design_1/ip/design_1_zynq_ultra_ps_e_0_0/design_1_zynq_ultra_ps_e_0_0.dcp.
INFO: [IP_Flow 19-6926] IPCACHE: added file to list for BOM: c:/Users/jiho0/GitProjects/FPGA-Autonomous-Vehicle-Project/FPGA_project/FPGA_project.gen/sources_1/bd/design_1/ip/design_1_zynq_ultra_ps_e_0_0/design_1_zynq_ultra_ps_e_0_0.dcp
INFO: [IP_Flow 19-6928] IPCACHE: copied cached file c:/Users/jiho0/GitProjects/FPGA-Autonomous-Vehicle-Project/FPGA_project/FPGA_project.cache/ip/2022.2/a/d/ada60e61eb02cd25/design_1_zynq_ultra_ps_e_0_0_sim_netlist.v to c:/Users/jiho0/GitProjects/FPGA-Autonomous-Vehicle-Project/FPGA_project/FPGA_project.gen/sources_1/bd/design_1/ip/design_1_zynq_ultra_ps_e_0_0/design_1_zynq_ultra_ps_e_0_0_sim_netlist.v.
INFO: [IP_Flow 19-6926] IPCACHE: added file to list for BOM: c:/Users/jiho0/GitProjects/FPGA-Autonomous-Vehicle-Project/FPGA_project/FPGA_project.gen/sources_1/bd/design_1/ip/design_1_zynq_ultra_ps_e_0_0/design_1_zynq_ultra_ps_e_0_0_sim_netlist.v
INFO: [IP_Flow 19-6928] IPCACHE: copied cached file c:/Users/jiho0/GitProjects/FPGA-Autonomous-Vehicle-Project/FPGA_project/FPGA_project.cache/ip/2022.2/a/d/ada60e61eb02cd25/design_1_zynq_ultra_ps_e_0_0_sim_netlist.vhdl to c:/Users/jiho0/GitProjects/FPGA-Autonomous-Vehicle-Project/FPGA_project/FPGA_project.gen/sources_1/bd/design_1/ip/design_1_zynq_ultra_ps_e_0_0/design_1_zynq_ultra_ps_e_0_0_sim_netlist.vhdl.
INFO: [IP_Flow 19-6926] IPCACHE: added file to list for BOM: c:/Users/jiho0/GitProjects/FPGA-Autonomous-Vehicle-Project/FPGA_project/FPGA_project.gen/sources_1/bd/design_1/ip/design_1_zynq_ultra_ps_e_0_0/design_1_zynq_ultra_ps_e_0_0_sim_netlist.vhdl
INFO: [IP_Flow 19-6928] IPCACHE: copied cached file c:/Users/jiho0/GitProjects/FPGA-Autonomous-Vehicle-Project/FPGA_project/FPGA_project.cache/ip/2022.2/a/d/ada60e61eb02cd25/design_1_zynq_ultra_ps_e_0_0_stub.v to c:/Users/jiho0/GitProjects/FPGA-Autonomous-Vehicle-Project/FPGA_project/FPGA_project.gen/sources_1/bd/design_1/ip/design_1_zynq_ultra_ps_e_0_0/design_1_zynq_ultra_ps_e_0_0_stub.v.
INFO: [IP_Flow 19-6926] IPCACHE: added file to list for BOM: c:/Users/jiho0/GitProjects/FPGA-Autonomous-Vehicle-Project/FPGA_project/FPGA_project.gen/sources_1/bd/design_1/ip/design_1_zynq_ultra_ps_e_0_0/design_1_zynq_ultra_ps_e_0_0_stub.v
INFO: [IP_Flow 19-6928] IPCACHE: copied cached file c:/Users/jiho0/GitProjects/FPGA-Autonomous-Vehicle-Project/FPGA_project/FPGA_project.cache/ip/2022.2/a/d/ada60e61eb02cd25/design_1_zynq_ultra_ps_e_0_0_stub.vhdl to c:/Users/jiho0/GitProjects/FPGA-Autonomous-Vehicle-Project/FPGA_project/FPGA_project.gen/sources_1/bd/design_1/ip/design_1_zynq_ultra_ps_e_0_0/design_1_zynq_ultra_ps_e_0_0_stub.vhdl.
INFO: [IP_Flow 19-6926] IPCACHE: added file to list for BOM: c:/Users/jiho0/GitProjects/FPGA-Autonomous-Vehicle-Project/FPGA_project/FPGA_project.gen/sources_1/bd/design_1/ip/design_1_zynq_ultra_ps_e_0_0/design_1_zynq_ultra_ps_e_0_0_stub.vhdl
INFO: [IP_Flow 19-4993] Using cached IP synthesis design for IP design_1_zynq_ultra_ps_e_0_0, cache-ID = ada60e61eb02cd25; cache size = 54.222 MB.
[Thu Aug 13 22:03:45 2026] Launched synth_1...
Run output will be captured here: C:/Users/jiho0/GitProjects/FPGA-Autonomous-Vehicle-Project/FPGA_project/FPGA_project.runs/synth_1/runme.log
# wait_on_run synth_1
[Thu Aug 13 22:03:46 2026] Waiting for synth_1 to finish...

*** Running vivado
    with args -log design_1_wrapper.vds -m64 -product Vivado -mode batch -messageDb vivado.pb -notrace -source design_1_wrapper.tcl



****** Vivado v2022.2 (64-bit)
  **** SW Build 3671981 on Fri Oct 14 05:00:03 MDT 2022
  **** IP Build 3669848 on Fri Oct 14 08:30:02 MDT 2022
    ** Copyright 1986-2022 Xilinx, Inc. All Rights Reserved.

source design_1_wrapper.tcl -notrace
create_project: Time (s): cpu = 00:00:09 ; elapsed = 00:00:10 . Memory (MB): peak = 378.586 ; gain = 64.086
INFO: [IP_Flow 19-234] Refreshing IP repositories
INFO: [IP_Flow 19-1700] Loaded user IP repository 'c:/Users/jiho0/GitProjects/FPGA-Autonomous-Vehicle-Project'.
WARNING: [IP_Flow 19-3656] If you move the project, the path for repository 'c:/Users/jiho0/GitProjects/FPGA-Autonomous-Vehicle-Project' may become invalid. A better location for the repository would be in a path adjacent to the project. (Current project location is 'c:/Users/jiho0/GitProjects/FPGA-Autonomous-Vehicle-Project/FPGA_project/FPGA_project.runs/synth_1'.)
INFO: [IP_Flow 19-2313] Loaded Vivado IP repository 'C:/Xilinx/Vivado/2022.2/data/ip'.
update_ip_catalog: Time (s): cpu = 00:00:03 ; elapsed = 00:00:06 . Memory (MB): peak = 421.379 ; gain = 42.793
WARNING: [IP_Flow 19-4995] The host OS only allows 260 characters in a normal path. The IP cache path is more than 80 characters. If you experience issues with IP caching, please consider changing the IP cache to a location with a shorter path. Alternately consider using the OS subst command to map part of the path to a drive letter. 
Current IP cache path is c:/Users/jiho0/GitProjects/FPGA-Autonomous-Vehicle-Project/FPGA_project/FPGA_project.cache/ip 
Command: read_checkpoint -auto_incremental -incremental C:/Users/jiho0/GitProjects/FPGA-Autonomous-Vehicle-Project/FPGA_project/FPGA_project.srcs/utils_1/imports/synth_1/top_controller.dcp
INFO: [Vivado 12-5825] Read reference checkpoint from C:/Users/jiho0/GitProjects/FPGA-Autonomous-Vehicle-Project/FPGA_project/FPGA_project.srcs/utils_1/imports/synth_1/top_controller.dcp for incremental synthesis
INFO: [Vivado 12-7989] Please ensure there are no constraint changes
Command: synth_design -top design_1_wrapper -part xczu2cg-sfvc784-1-e
Starting synth_design
Attempting to get a license for feature 'Synthesis' and/or device 'xczu2cg'
INFO: [Common 17-349] Got license for feature 'Synthesis' and/or device 'xczu2cg'
INFO: [Device 21-403] Loading part xczu2cg-sfvc784-1-e
INFO: [Designutils 20-5440] No compile time benefit to using incremental synthesis; A full resynthesis will be run
INFO: [Designutils 20-4379] Flow is switching to default flow due to incremental criteria not met. If you would like to alter this behaviour and have the flow terminate instead, please set the following parameter config_implementation {autoIncr.Synth.RejectBehavior Terminate}
INFO: [Synth 8-7079] Multithreading enabled for synth_design using a maximum of 2 processes.
INFO: [Synth 8-7078] Launching helper process for spawning children vivado processes
INFO: [Synth 8-7075] Helper process launched with PID 37200
INFO: [Synth 8-11241] undeclared symbol 'REGCCE', assumed default net type 'wire' [C:/Xilinx/Vivado/2022.2/data/verilog/src/unimacro/BRAM_SINGLE_MACRO.v:2170]
---------------------------------------------------------------------------------
Starting RTL Elaboration : Time (s): cpu = 00:00:10 ; elapsed = 00:00:12 . Memory (MB): peak = 1697.344 ; gain = 329.109
---------------------------------------------------------------------------------
INFO: [Synth 8-6157] synthesizing module 'design_1_wrapper' [C:/Users/jiho0/GitProjects/FPGA-Autonomous-Vehicle-Project/FPGA_project/FPGA_project.gen/sources_1/bd/design_1/hdl/design_1_wrapper.v:12]
INFO: [Synth 8-6157] synthesizing module 'design_1' [c:/Users/jiho0/GitProjects/FPGA-Autonomous-Vehicle-Project/FPGA_project/FPGA_project.gen/sources_1/bd/design_1/synth/design_1.v:12]
INFO: [Synth 8-6157] synthesizing module 'design_1_proc_sys_reset_0_0' [C:/Users/jiho0/GitProjects/FPGA-Autonomous-Vehicle-Project/FPGA_project/FPGA_project.runs/synth_1/.Xil/Vivado-37000-JH_HP/realtime/design_1_proc_sys_reset_0_0_stub.v:5]
INFO: [Synth 8-6155] done synthesizing module 'design_1_proc_sys_reset_0_0' (0#1) [C:/Users/jiho0/GitProjects/FPGA-Autonomous-Vehicle-Project/FPGA_project/FPGA_project.runs/synth_1/.Xil/Vivado-37000-JH_HP/realtime/design_1_proc_sys_reset_0_0_stub.v:5]
WARNING: [Synth 8-7071] port 'mb_reset' of module 'design_1_proc_sys_reset_0_0' is unconnected for instance 'proc_sys_reset_0' [c:/Users/jiho0/GitProjects/FPGA-Autonomous-Vehicle-Project/FPGA_project/FPGA_project.gen/sources_1/bd/design_1/synth/design_1.v:76]
WARNING: [Synth 8-7071] port 'bus_struct_reset' of module 'design_1_proc_sys_reset_0_0' is unconnected for instance 'proc_sys_reset_0' [c:/Users/jiho0/GitProjects/FPGA-Autonomous-Vehicle-Project/FPGA_project/FPGA_project.gen/sources_1/bd/design_1/synth/design_1.v:76]
WARNING: [Synth 8-7071] port 'peripheral_reset' of module 'design_1_proc_sys_reset_0_0' is unconnected for instance 'proc_sys_reset_0' [c:/Users/jiho0/GitProjects/FPGA-Autonomous-Vehicle-Project/FPGA_project/FPGA_project.gen/sources_1/bd/design_1/synth/design_1.v:76]
WARNING: [Synth 8-7071] port 'interconnect_aresetn' of module 'design_1_proc_sys_reset_0_0' is unconnected for instance 'proc_sys_reset_0' [c:/Users/jiho0/GitProjects/FPGA-Autonomous-Vehicle-Project/FPGA_project/FPGA_project.gen/sources_1/bd/design_1/synth/design_1.v:76]
WARNING: [Synth 8-7023] instance 'proc_sys_reset_0' of module 'design_1_proc_sys_reset_0_0' has 10 connections declared, but only 6 given [c:/Users/jiho0/GitProjects/FPGA-Autonomous-Vehicle-Project/FPGA_project/FPGA_project.gen/sources_1/bd/design_1/synth/design_1.v:76]
INFO: [Synth 8-6157] synthesizing module 'design_1_ps8_0_axi_periph_0' [c:/Users/jiho0/GitProjects/FPGA-Autonomous-Vehicle-Project/FPGA_project/FPGA_project.gen/sources_1/bd/design_1/synth/design_1.v:211]
INFO: [Synth 8-6157] synthesizing module 's00_couplers_imp_1A7ZMW4' [c:/Users/jiho0/GitProjects/FPGA-Autonomous-Vehicle-Project/FPGA_project/FPGA_project.gen/sources_1/bd/design_1/synth/design_1.v:521]
INFO: [Synth 8-6157] synthesizing module 'design_1_auto_pc_0' [C:/Users/jiho0/GitProjects/FPGA-Autonomous-Vehicle-Project/FPGA_project/FPGA_project.runs/synth_1/.Xil/Vivado-37000-JH_HP/realtime/design_1_auto_pc_0_stub.v:5]
INFO: [Synth 8-6155] done synthesizing module 'design_1_auto_pc_0' (0#1) [C:/Users/jiho0/GitProjects/FPGA-Autonomous-Vehicle-Project/FPGA_project/FPGA_project.runs/synth_1/.Xil/Vivado-37000-JH_HP/realtime/design_1_auto_pc_0_stub.v:5]
INFO: [Synth 8-6155] done synthesizing module 's00_couplers_imp_1A7ZMW4' (0#1) [c:/Users/jiho0/GitProjects/FPGA-Autonomous-Vehicle-Project/FPGA_project/FPGA_project.gen/sources_1/bd/design_1/synth/design_1.v:521]
INFO: [Synth 8-6155] done synthesizing module 'design_1_ps8_0_axi_periph_0' (0#1) [c:/Users/jiho0/GitProjects/FPGA-Autonomous-Vehicle-Project/FPGA_project/FPGA_project.gen/sources_1/bd/design_1/synth/design_1.v:211]
INFO: [Synth 8-6157] synthesizing module 'design_1_top_controller_0_0' [C:/Users/jiho0/GitProjects/FPGA-Autonomous-Vehicle-Project/FPGA_project/FPGA_project.runs/synth_1/.Xil/Vivado-37000-JH_HP/realtime/design_1_top_controller_0_0_stub.v:5]
INFO: [Synth 8-6155] done synthesizing module 'design_1_top_controller_0_0' (0#1) [C:/Users/jiho0/GitProjects/FPGA-Autonomous-Vehicle-Project/FPGA_project/FPGA_project.runs/synth_1/.Xil/Vivado-37000-JH_HP/realtime/design_1_top_controller_0_0_stub.v:5]
INFO: [Synth 8-6157] synthesizing module 'design_1_zynq_ultra_ps_e_0_0' [C:/Users/jiho0/GitProjects/FPGA-Autonomous-Vehicle-Project/FPGA_project/FPGA_project.runs/synth_1/.Xil/Vivado-37000-JH_HP/realtime/design_1_zynq_ultra_ps_e_0_0_stub.v:5]
INFO: [Synth 8-6155] done synthesizing module 'design_1_zynq_ultra_ps_e_0_0' (0#1) [C:/Users/jiho0/GitProjects/FPGA-Autonomous-Vehicle-Project/FPGA_project/FPGA_project.runs/synth_1/.Xil/Vivado-37000-JH_HP/realtime/design_1_zynq_ultra_ps_e_0_0_stub.v:5]
WARNING: [Synth 8-7071] port 'maxigp2_awuser' of module 'design_1_zynq_ultra_ps_e_0_0' is unconnected for instance 'zynq_ultra_ps_e_0' [c:/Users/jiho0/GitProjects/FPGA-Autonomous-Vehicle-Project/FPGA_project/FPGA_project.gen/sources_1/bd/design_1/synth/design_1.v:168]
WARNING: [Synth 8-7071] port 'maxigp2_aruser' of module 'design_1_zynq_ultra_ps_e_0_0' is unconnected for instance 'zynq_ultra_ps_e_0' [c:/Users/jiho0/GitProjects/FPGA-Autonomous-Vehicle-Project/FPGA_project/FPGA_project.gen/sources_1/bd/design_1/synth/design_1.v:168]
WARNING: [Synth 8-7023] instance 'zynq_ultra_ps_e_0' of module 'design_1_zynq_ultra_ps_e_0_0' has 42 connections declared, but only 40 given [c:/Users/jiho0/GitProjects/FPGA-Autonomous-Vehicle-Project/FPGA_project/FPGA_project.gen/sources_1/bd/design_1/synth/design_1.v:168]
INFO: [Synth 8-6155] done synthesizing module 'design_1' (0#1) [c:/Users/jiho0/GitProjects/FPGA-Autonomous-Vehicle-Project/FPGA_project/FPGA_project.gen/sources_1/bd/design_1/synth/design_1.v:12]
INFO: [Synth 8-6155] done synthesizing module 'design_1_wrapper' (0#1) [C:/Users/jiho0/GitProjects/FPGA-Autonomous-Vehicle-Project/FPGA_project/FPGA_project.gen/sources_1/bd/design_1/hdl/design_1_wrapper.v:12]
WARNING: [Synth 8-7129] Port M_ACLK in module s00_couplers_imp_1A7ZMW4 is either unconnected or has no load
WARNING: [Synth 8-7129] Port M_ARESETN in module s00_couplers_imp_1A7ZMW4 is either unconnected or has no load
WARNING: [Synth 8-7129] Port ACLK in module design_1_ps8_0_axi_periph_0 is either unconnected or has no load
WARNING: [Synth 8-7129] Port ARESETN in module design_1_ps8_0_axi_periph_0 is either unconnected or has no load
---------------------------------------------------------------------------------
Finished RTL Elaboration : Time (s): cpu = 00:00:13 ; elapsed = 00:00:15 . Memory (MB): peak = 1791.270 ; gain = 423.035
---------------------------------------------------------------------------------
---------------------------------------------------------------------------------
Start Handling Custom Attributes
---------------------------------------------------------------------------------
---------------------------------------------------------------------------------
Finished Handling Custom Attributes : Time (s): cpu = 00:00:13 ; elapsed = 00:00:16 . Memory (MB): peak = 1809.188 ; gain = 440.953
---------------------------------------------------------------------------------
---------------------------------------------------------------------------------
Finished RTL Optimization Phase 1 : Time (s): cpu = 00:00:13 ; elapsed = 00:00:16 . Memory (MB): peak = 1809.188 ; gain = 440.953
---------------------------------------------------------------------------------
Netlist sorting complete. Time (s): cpu = 00:00:00 ; elapsed = 00:00:00.012 . Memory (MB): peak = 1809.188 ; gain = 0.000
INFO: [Project 1-570] Preparing netlist for logic optimization

Processing XDC Constraints
Initializing timing engine
Parsing XDC File [c:/Users/jiho0/GitProjects/FPGA-Autonomous-Vehicle-Project/FPGA_project/FPGA_project.gen/sources_1/bd/design_1/ip/design_1_zynq_ultra_ps_e_0_0/design_1_zynq_ultra_ps_e_0_0/design_1_zynq_ultra_ps_e_0_0_in_context.xdc] for cell 'design_1_i/zynq_ultra_ps_e_0'
create_clock: Time (s): cpu = 00:00:07 ; elapsed = 00:00:08 . Memory (MB): peak = 1838.559 ; gain = 6.113
Finished Parsing XDC File [c:/Users/jiho0/GitProjects/FPGA-Autonomous-Vehicle-Project/FPGA_project/FPGA_project.gen/sources_1/bd/design_1/ip/design_1_zynq_ultra_ps_e_0_0/design_1_zynq_ultra_ps_e_0_0/design_1_zynq_ultra_ps_e_0_0_in_context.xdc] for cell 'design_1_i/zynq_ultra_ps_e_0'
Parsing XDC File [c:/Users/jiho0/GitProjects/FPGA-Autonomous-Vehicle-Project/FPGA_project/FPGA_project.gen/sources_1/bd/design_1/ip/design_1_proc_sys_reset_0_0/design_1_proc_sys_reset_0_0/design_1_proc_sys_reset_0_0_in_context.xdc] for cell 'design_1_i/proc_sys_reset_0'
Finished Parsing XDC File [c:/Users/jiho0/GitProjects/FPGA-Autonomous-Vehicle-Project/FPGA_project/FPGA_project.gen/sources_1/bd/design_1/ip/design_1_proc_sys_reset_0_0/design_1_proc_sys_reset_0_0/design_1_proc_sys_reset_0_0_in_context.xdc] for cell 'design_1_i/proc_sys_reset_0'
Parsing XDC File [c:/Users/jiho0/GitProjects/FPGA-Autonomous-Vehicle-Project/FPGA_project/FPGA_project.gen/sources_1/bd/design_1/ip/design_1_auto_pc_0/design_1_auto_pc_0/design_1_auto_pc_0_in_context.xdc] for cell 'design_1_i/ps8_0_axi_periph/s00_couplers/auto_pc'
Finished Parsing XDC File [c:/Users/jiho0/GitProjects/FPGA-Autonomous-Vehicle-Project/FPGA_project/FPGA_project.gen/sources_1/bd/design_1/ip/design_1_auto_pc_0/design_1_auto_pc_0/design_1_auto_pc_0_in_context.xdc] for cell 'design_1_i/ps8_0_axi_periph/s00_couplers/auto_pc'
Parsing XDC File [c:/Users/jiho0/GitProjects/FPGA-Autonomous-Vehicle-Project/FPGA_project/FPGA_project.gen/sources_1/bd/design_1/ip/design_1_top_controller_0_0/design_1_top_controller_0_0/design_1_top_controller_0_0_in_context.xdc] for cell 'design_1_i/top_controller_0'
Finished Parsing XDC File [c:/Users/jiho0/GitProjects/FPGA-Autonomous-Vehicle-Project/FPGA_project/FPGA_project.gen/sources_1/bd/design_1/ip/design_1_top_controller_0_0/design_1_top_controller_0_0/design_1_top_controller_0_0_in_context.xdc] for cell 'design_1_i/top_controller_0'
Parsing XDC File [C:/Users/jiho0/GitProjects/FPGA-Autonomous-Vehicle-Project/FPGA_project/FPGA_project.runs/synth_1/dont_touch.xdc]
Finished Parsing XDC File [C:/Users/jiho0/GitProjects/FPGA-Autonomous-Vehicle-Project/FPGA_project/FPGA_project.runs/synth_1/dont_touch.xdc]
Completed Processing XDC Constraints

Netlist sorting complete. Time (s): cpu = 00:00:00 ; elapsed = 00:00:00 . Memory (MB): peak = 1838.559 ; gain = 0.000
INFO: [Project 1-111] Unisim Transformation Summary:
No Unisim elements were transformed.

Constraint Validation Runtime : Time (s): cpu = 00:00:00 ; elapsed = 00:00:00.017 . Memory (MB): peak = 1838.559 ; gain = 0.000
INFO: [Designutils 20-5440] No compile time benefit to using incremental synthesis; A full resynthesis will be run
INFO: [Designutils 20-4379] Flow is switching to default flow due to incremental criteria not met. If you would like to alter this behaviour and have the flow terminate instead, please set the following parameter config_implementation {autoIncr.Synth.RejectBehavior Terminate}
INFO: [Synth 8-11241] undeclared symbol 'REGCCE', assumed default net type 'wire' [C:/Xilinx/Vivado/2022.2/data/verilog/src/unimacro/BRAM_SINGLE_MACRO.v:2170]
---------------------------------------------------------------------------------
Finished Constraint Validation : Time (s): cpu = 00:00:37 ; elapsed = 00:00:42 . Memory (MB): peak = 1838.559 ; gain = 470.324
---------------------------------------------------------------------------------
---------------------------------------------------------------------------------
Start Loading Part and Timing Information
---------------------------------------------------------------------------------
Loading part: xczu2cg-sfvc784-1-e
INFO: [Synth 8-6742] Reading net delay rules and data
---------------------------------------------------------------------------------
Finished Loading Part and Timing Information : Time (s): cpu = 00:00:37 ; elapsed = 00:00:42 . Memory (MB): peak = 1838.559 ; gain = 470.324
---------------------------------------------------------------------------------
---------------------------------------------------------------------------------
Start Applying 'set_property' XDC Constraints
---------------------------------------------------------------------------------
Applied set_property KEEP_HIERARCHY = SOFT for design_1_i. (constraint file  auto generated constraint).
Applied set_property KEEP_HIERARCHY = SOFT for design_1_i/zynq_ultra_ps_e_0. (constraint file  auto generated constraint).
Applied set_property KEEP_HIERARCHY = SOFT for design_1_i/proc_sys_reset_0. (constraint file  auto generated constraint).
Applied set_property KEEP_HIERARCHY = SOFT for design_1_i/ps8_0_axi_periph/s00_couplers/auto_pc. (constraint file  auto generated constraint).
Applied set_property KEEP_HIERARCHY = SOFT for design_1_i/ps8_0_axi_periph. (constraint file  auto generated constraint).
Applied set_property KEEP_HIERARCHY = SOFT for design_1_i/top_controller_0. (constraint file  auto generated constraint).
---------------------------------------------------------------------------------
Finished applying 'set_property' XDC Constraints : Time (s): cpu = 00:00:37 ; elapsed = 00:00:42 . Memory (MB): peak = 1838.559 ; gain = 470.324
---------------------------------------------------------------------------------
---------------------------------------------------------------------------------
Finished RTL Optimization Phase 2 : Time (s): cpu = 00:00:37 ; elapsed = 00:00:42 . Memory (MB): peak = 1838.559 ; gain = 470.324
---------------------------------------------------------------------------------
---------------------------------------------------------------------------------
Start RTL Component Statistics 
---------------------------------------------------------------------------------
Detailed RTL Component Info : 
---------------------------------------------------------------------------------
Finished RTL Component Statistics 
---------------------------------------------------------------------------------
---------------------------------------------------------------------------------
Start Part Resource Summary
---------------------------------------------------------------------------------
Part Resources:
DSPs: 240 (col length:72)
BRAMs: 300 (col length: RAMB18 72 RAMB36 36)
---------------------------------------------------------------------------------
Finished Part Resource Summary
---------------------------------------------------------------------------------
---------------------------------------------------------------------------------
Start Cross Boundary and Area Optimization
---------------------------------------------------------------------------------
WARNING: [Synth 8-7080] Parallel synthesis criteria is not met
WARNING: [Synth 8-7129] Port ACLK in module design_1_ps8_0_axi_periph_0 is either unconnected or has no load
WARNING: [Synth 8-7129] Port ARESETN in module design_1_ps8_0_axi_periph_0 is either unconnected or has no load
WARNING: [Synth 8-7129] Port M00_ACLK in module design_1_ps8_0_axi_periph_0 is either unconnected or has no load
WARNING: [Synth 8-7129] Port M00_ARESETN in module design_1_ps8_0_axi_periph_0 is either unconnected or has no load
---------------------------------------------------------------------------------
Finished Cross Boundary and Area Optimization : Time (s): cpu = 00:00:40 ; elapsed = 00:00:46 . Memory (MB): peak = 1838.559 ; gain = 470.324
---------------------------------------------------------------------------------
---------------------------------------------------------------------------------
Start Applying XDC Timing Constraints
---------------------------------------------------------------------------------
---------------------------------------------------------------------------------
Finished Applying XDC Timing Constraints : Time (s): cpu = 00:01:01 ; elapsed = 00:01:10 . Memory (MB): peak = 2330.129 ; gain = 961.895
---------------------------------------------------------------------------------
---------------------------------------------------------------------------------
Start Timing Optimization
---------------------------------------------------------------------------------
---------------------------------------------------------------------------------
Finished Timing Optimization : Time (s): cpu = 00:01:01 ; elapsed = 00:01:10 . Memory (MB): peak = 2330.129 ; gain = 961.895
---------------------------------------------------------------------------------
---------------------------------------------------------------------------------
Start Technology Mapping
---------------------------------------------------------------------------------
---------------------------------------------------------------------------------
Finished Technology Mapping : Time (s): cpu = 00:01:01 ; elapsed = 00:01:10 . Memory (MB): peak = 2350.246 ; gain = 982.012
---------------------------------------------------------------------------------
---------------------------------------------------------------------------------
Start IO Insertion
---------------------------------------------------------------------------------
---------------------------------------------------------------------------------
Start Flattening Before IO Insertion
---------------------------------------------------------------------------------
---------------------------------------------------------------------------------
Finished Flattening Before IO Insertion
---------------------------------------------------------------------------------
---------------------------------------------------------------------------------
Start Final Netlist Cleanup
---------------------------------------------------------------------------------
---------------------------------------------------------------------------------
Finished Final Netlist Cleanup
---------------------------------------------------------------------------------
---------------------------------------------------------------------------------
Finished IO Insertion : Time (s): cpu = 00:01:13 ; elapsed = 00:01:23 . Memory (MB): peak = 2355.012 ; gain = 986.777
---------------------------------------------------------------------------------
---------------------------------------------------------------------------------
Start Renaming Generated Instances
---------------------------------------------------------------------------------
---------------------------------------------------------------------------------
Finished Renaming Generated Instances : Time (s): cpu = 00:01:13 ; elapsed = 00:01:23 . Memory (MB): peak = 2355.012 ; gain = 986.777
---------------------------------------------------------------------------------
---------------------------------------------------------------------------------
Start Rebuilding User Hierarchy
---------------------------------------------------------------------------------
---------------------------------------------------------------------------------
Finished Rebuilding User Hierarchy : Time (s): cpu = 00:01:13 ; elapsed = 00:01:23 . Memory (MB): peak = 2355.012 ; gain = 986.777
---------------------------------------------------------------------------------
---------------------------------------------------------------------------------
Start Renaming Generated Ports
---------------------------------------------------------------------------------
---------------------------------------------------------------------------------
Finished Renaming Generated Ports : Time (s): cpu = 00:01:13 ; elapsed = 00:01:23 . Memory (MB): peak = 2355.012 ; gain = 986.777
---------------------------------------------------------------------------------
---------------------------------------------------------------------------------
Start Handling Custom Attributes
---------------------------------------------------------------------------------
---------------------------------------------------------------------------------
Finished Handling Custom Attributes : Time (s): cpu = 00:01:13 ; elapsed = 00:01:23 . Memory (MB): peak = 2355.012 ; gain = 986.777
---------------------------------------------------------------------------------
---------------------------------------------------------------------------------
Start Renaming Generated Nets
---------------------------------------------------------------------------------
---------------------------------------------------------------------------------
Finished Renaming Generated Nets : Time (s): cpu = 00:01:13 ; elapsed = 00:01:23 . Memory (MB): peak = 2355.012 ; gain = 986.777
---------------------------------------------------------------------------------
---------------------------------------------------------------------------------
Start Writing Synthesis Report
---------------------------------------------------------------------------------

Report BlackBoxes: 
+------+-----------------------------+----------+
|      |BlackBox name                |Instances |
+------+-----------------------------+----------+
|1     |design_1_auto_pc_0           |         1|
|2     |design_1_proc_sys_reset_0_0  |         1|
|3     |design_1_top_controller_0_0  |         1|
|4     |design_1_zynq_ultra_ps_e_0_0 |         1|
+------+-----------------------------+----------+

Report Cell Usage: 
+------+---------------------------+------+
|      |Cell                       |Count |
+------+---------------------------+------+
|1     |design_1_auto_pc           |     1|
|2     |design_1_proc_sys_reset_0  |     1|
|3     |design_1_top_controller_0  |     1|
|4     |design_1_zynq_ultra_ps_e_0 |     1|
+------+---------------------------+------+
---------------------------------------------------------------------------------
Finished Writing Synthesis Report : Time (s): cpu = 00:01:13 ; elapsed = 00:01:23 . Memory (MB): peak = 2355.012 ; gain = 986.777
---------------------------------------------------------------------------------
Synthesis finished with 0 errors, 0 critical warnings and 5 warnings.
Synthesis Optimization Runtime : Time (s): cpu = 00:00:49 ; elapsed = 00:01:10 . Memory (MB): peak = 2355.012 ; gain = 957.406
Synthesis Optimization Complete : Time (s): cpu = 00:01:13 ; elapsed = 00:01:23 . Memory (MB): peak = 2355.012 ; gain = 986.777
INFO: [Project 1-571] Translating synthesized netlist
Netlist sorting complete. Time (s): cpu = 00:00:00 ; elapsed = 00:00:00.017 . Memory (MB): peak = 2355.012 ; gain = 0.000
INFO: [Project 1-570] Preparing netlist for logic optimization
INFO: [Opt 31-138] Pushed 0 inverter(s) to 0 load pin(s).
Netlist sorting complete. Time (s): cpu = 00:00:00 ; elapsed = 00:00:00 . Memory (MB): peak = 2395.832 ; gain = 0.000
INFO: [Project 1-111] Unisim Transformation Summary:
No Unisim elements were transformed.

Synth Design complete, checksum: 723ca00b
INFO: [Common 17-83] Releasing license: Synthesis
40 Infos, 19 Warnings, 0 Critical Warnings and 0 Errors encountered.
synth_design completed successfully
synth_design: Time (s): cpu = 00:01:27 ; elapsed = 00:01:42 . Memory (MB): peak = 2400.848 ; gain = 1942.832
INFO: [Common 17-1381] The checkpoint 'C:/Users/jiho0/GitProjects/FPGA-Autonomous-Vehicle-Project/FPGA_project/FPGA_project.runs/synth_1/design_1_wrapper.dcp' has been generated.
INFO: [runtcl-4] Executing : report_utilization -file design_1_wrapper_utilization_synth.rpt -pb design_1_wrapper_utilization_synth.pb
INFO: [Common 17-206] Exiting Vivado at Thu Aug 13 22:05:52 2026...
[Thu Aug 13 22:05:56 2026] synth_1 finished
wait_on_runs: Time (s): cpu = 00:00:00 ; elapsed = 00:02:11 . Memory (MB): peak = 846.008 ; gain = 0.000
# set synth_status [get_property STATUS [get_runs synth_1]]
# puts "SYNTH_STATUS=$synth_status"
SYNTH_STATUS=synth_design Complete!
# if {![string match "*Complete*" $synth_status]} {
#     error "Synthesis did not complete: $synth_status"
# }
# open_run synth_1
Design is defaulting to impl run constrset: constrs_1
Design is defaulting to synth run part: xczu2cg-sfvc784-1-e
INFO: [Device 21-403] Loading part xczu2cg-sfvc784-1-e
INFO: [Project 1-454] Reading design checkpoint 'c:/Users/jiho0/GitProjects/FPGA-Autonomous-Vehicle-Project/FPGA_project/FPGA_project.gen/sources_1/bd/design_1/ip/design_1_proc_sys_reset_0_0/design_1_proc_sys_reset_0_0.dcp' for cell 'design_1_i/proc_sys_reset_0'
INFO: [Project 1-454] Reading design checkpoint 'c:/Users/jiho0/GitProjects/FPGA-Autonomous-Vehicle-Project/FPGA_project/FPGA_project.gen/sources_1/bd/design_1/ip/design_1_top_controller_0_0/design_1_top_controller_0_0.dcp' for cell 'design_1_i/top_controller_0'
INFO: [Project 1-454] Reading design checkpoint 'c:/Users/jiho0/GitProjects/FPGA-Autonomous-Vehicle-Project/FPGA_project/FPGA_project.gen/sources_1/bd/design_1/ip/design_1_zynq_ultra_ps_e_0_0/design_1_zynq_ultra_ps_e_0_0.dcp' for cell 'design_1_i/zynq_ultra_ps_e_0'
INFO: [Project 1-454] Reading design checkpoint 'c:/Users/jiho0/GitProjects/FPGA-Autonomous-Vehicle-Project/FPGA_project/FPGA_project.gen/sources_1/bd/design_1/ip/design_1_auto_pc_0/design_1_auto_pc_0.dcp' for cell 'design_1_i/ps8_0_axi_periph/s00_couplers/auto_pc'
Netlist sorting complete. Time (s): cpu = 00:00:01 ; elapsed = 00:00:00.453 . Memory (MB): peak = 1659.305 ; gain = 0.000
INFO: [Netlist 29-17] Analyzing 884 Unisim elements for replacement
INFO: [Netlist 29-28] Unisim Transformation completed in 0 CPU seconds
INFO: [Project 1-479] Netlist was created with Vivado 2022.2
INFO: [Project 1-570] Preparing netlist for logic optimization
Parsing XDC File [c:/Users/jiho0/GitProjects/FPGA-Autonomous-Vehicle-Project/FPGA_project/FPGA_project.gen/sources_1/bd/design_1/ip/design_1_zynq_ultra_ps_e_0_0/design_1_zynq_ultra_ps_e_0_0.xdc] for cell 'design_1_i/zynq_ultra_ps_e_0/inst'
Finished Parsing XDC File [c:/Users/jiho0/GitProjects/FPGA-Autonomous-Vehicle-Project/FPGA_project/FPGA_project.gen/sources_1/bd/design_1/ip/design_1_zynq_ultra_ps_e_0_0/design_1_zynq_ultra_ps_e_0_0.xdc] for cell 'design_1_i/zynq_ultra_ps_e_0/inst'
Parsing XDC File [c:/Users/jiho0/GitProjects/FPGA-Autonomous-Vehicle-Project/FPGA_project/FPGA_project.gen/sources_1/bd/design_1/ip/design_1_proc_sys_reset_0_0/design_1_proc_sys_reset_0_0_board.xdc] for cell 'design_1_i/proc_sys_reset_0/U0'
Finished Parsing XDC File [c:/Users/jiho0/GitProjects/FPGA-Autonomous-Vehicle-Project/FPGA_project/FPGA_project.gen/sources_1/bd/design_1/ip/design_1_proc_sys_reset_0_0/design_1_proc_sys_reset_0_0_board.xdc] for cell 'design_1_i/proc_sys_reset_0/U0'
Parsing XDC File [c:/Users/jiho0/GitProjects/FPGA-Autonomous-Vehicle-Project/FPGA_project/FPGA_project.gen/sources_1/bd/design_1/ip/design_1_proc_sys_reset_0_0/design_1_proc_sys_reset_0_0.xdc] for cell 'design_1_i/proc_sys_reset_0/U0'
Finished Parsing XDC File [c:/Users/jiho0/GitProjects/FPGA-Autonomous-Vehicle-Project/FPGA_project/FPGA_project.gen/sources_1/bd/design_1/ip/design_1_proc_sys_reset_0_0/design_1_proc_sys_reset_0_0.xdc] for cell 'design_1_i/proc_sys_reset_0/U0'
INFO: [Opt 31-138] Pushed 0 inverter(s) to 0 load pin(s).
Netlist sorting complete. Time (s): cpu = 00:00:00 ; elapsed = 00:00:00.009 . Memory (MB): peak = 1659.305 ; gain = 0.000
INFO: [Project 1-111] Unisim Transformation Summary:
  A total of 24 instances were transformed.
  DSP48E2 => DSP48E2 (DSP_ALU, DSP_A_B_DATA, DSP_C_DATA, DSP_MULTIPLIER, DSP_M_DATA, DSP_OUTPUT, DSP_PREADD, DSP_PREADD_DATA): 24 instances

open_run: Time (s): cpu = 00:00:24 ; elapsed = 00:00:27 . Memory (MB): peak = 1659.305 ; gain = 813.297
# report_utilization -file [file join $report_dir post_synth_utilization.rpt]
# report_timing_summary -file [file join $report_dir post_synth_timing.rpt]
INFO: [Timing 38-35] Done setting XDC timing constraints.
INFO: [Timing 38-91] UpdateTimingParams: Speed grade: -1, Temperature grade: E, Delay Type: min_max.
INFO: [Timing 38-191] Multithreading enabled for timing update using a maximum of 2 CPUs
report_timing_summary: Time (s): cpu = 00:01:09 ; elapsed = 00:01:10 . Memory (MB): peak = 3543.773 ; gain = 1884.469
# close_design
# launch_runs impl_1 -to_step write_bitstream -jobs 4
[Thu Aug 13 22:07:35 2026] Launched impl_1...
Run output will be captured here: C:/Users/jiho0/GitProjects/FPGA-Autonomous-Vehicle-Project/FPGA_project/FPGA_project.runs/impl_1/runme.log
# wait_on_run impl_1
[Thu Aug 13 22:07:35 2026] Waiting for impl_1 to finish...

*** Running vivado
    with args -log design_1_wrapper.vdi -applog -m64 -product Vivado -messageDb vivado.pb -mode batch -source design_1_wrapper.tcl -notrace



****** Vivado v2022.2 (64-bit)
  **** SW Build 3671981 on Fri Oct 14 05:00:03 MDT 2022
  **** IP Build 3669848 on Fri Oct 14 08:30:02 MDT 2022
    ** Copyright 1986-2022 Xilinx, Inc. All Rights Reserved.

source design_1_wrapper.tcl -notrace
create_project: Time (s): cpu = 00:00:09 ; elapsed = 00:00:10 . Memory (MB): peak = 380.027 ; gain = 63.648
INFO: [IP_Flow 19-234] Refreshing IP repositories
INFO: [IP_Flow 19-1700] Loaded user IP repository 'c:/Users/jiho0/GitProjects/FPGA-Autonomous-Vehicle-Project'.
WARNING: [IP_Flow 19-3656] If you move the project, the path for repository 'c:/Users/jiho0/GitProjects/FPGA-Autonomous-Vehicle-Project' may become invalid. A better location for the repository would be in a path adjacent to the project. (Current project location is 'c:/Users/jiho0/GitProjects/FPGA-Autonomous-Vehicle-Project/FPGA_project/FPGA_project.runs/impl_1'.)
INFO: [IP_Flow 19-2313] Loaded Vivado IP repository 'C:/Xilinx/Vivado/2022.2/data/ip'.
update_ip_catalog: Time (s): cpu = 00:00:03 ; elapsed = 00:00:06 . Memory (MB): peak = 423.414 ; gain = 42.859
WARNING: [IP_Flow 19-4995] The host OS only allows 260 characters in a normal path. The IP cache path is more than 80 characters. If you experience issues with IP caching, please consider changing the IP cache to a location with a shorter path. Alternately consider using the OS subst command to map part of the path to a drive letter. 
Current IP cache path is C:/Users/jiho0/GitProjects/FPGA-Autonomous-Vehicle-Project/FPGA_project/FPGA_project.cache/ip 
Command: link_design -top design_1_wrapper -part xczu2cg-sfvc784-1-e
Design is defaulting to srcset: sources_1
Design is defaulting to constrset: constrs_1
INFO: [Device 21-403] Loading part xczu2cg-sfvc784-1-e
INFO: [Project 1-454] Reading design checkpoint 'c:/Users/jiho0/GitProjects/FPGA-Autonomous-Vehicle-Project/FPGA_project/FPGA_project.gen/sources_1/bd/design_1/ip/design_1_proc_sys_reset_0_0/design_1_proc_sys_reset_0_0.dcp' for cell 'design_1_i/proc_sys_reset_0'
INFO: [Project 1-454] Reading design checkpoint 'c:/Users/jiho0/GitProjects/FPGA-Autonomous-Vehicle-Project/FPGA_project/FPGA_project.gen/sources_1/bd/design_1/ip/design_1_top_controller_0_0/design_1_top_controller_0_0.dcp' for cell 'design_1_i/top_controller_0'
INFO: [Project 1-454] Reading design checkpoint 'c:/Users/jiho0/GitProjects/FPGA-Autonomous-Vehicle-Project/FPGA_project/FPGA_project.gen/sources_1/bd/design_1/ip/design_1_zynq_ultra_ps_e_0_0/design_1_zynq_ultra_ps_e_0_0.dcp' for cell 'design_1_i/zynq_ultra_ps_e_0'
INFO: [Project 1-454] Reading design checkpoint 'c:/Users/jiho0/GitProjects/FPGA-Autonomous-Vehicle-Project/FPGA_project/FPGA_project.gen/sources_1/bd/design_1/ip/design_1_auto_pc_0/design_1_auto_pc_0.dcp' for cell 'design_1_i/ps8_0_axi_periph/s00_couplers/auto_pc'
Netlist sorting complete. Time (s): cpu = 00:00:00 ; elapsed = 00:00:00.493 . Memory (MB): peak = 1371.109 ; gain = 0.000
INFO: [Netlist 29-17] Analyzing 884 Unisim elements for replacement
INFO: [Netlist 29-28] Unisim Transformation completed in 1 CPU seconds
INFO: [Project 1-479] Netlist was created with Vivado 2022.2
INFO: [Project 1-570] Preparing netlist for logic optimization
Parsing XDC File [c:/Users/jiho0/GitProjects/FPGA-Autonomous-Vehicle-Project/FPGA_project/FPGA_project.gen/sources_1/bd/design_1/ip/design_1_zynq_ultra_ps_e_0_0/design_1_zynq_ultra_ps_e_0_0.xdc] for cell 'design_1_i/zynq_ultra_ps_e_0/inst'
create_clock: Time (s): cpu = 00:00:08 ; elapsed = 00:00:09 . Memory (MB): peak = 1504.562 ; gain = 31.766
Finished Parsing XDC File [c:/Users/jiho0/GitProjects/FPGA-Autonomous-Vehicle-Project/FPGA_project/FPGA_project.gen/sources_1/bd/design_1/ip/design_1_zynq_ultra_ps_e_0_0/design_1_zynq_ultra_ps_e_0_0.xdc] for cell 'design_1_i/zynq_ultra_ps_e_0/inst'
Parsing XDC File [c:/Users/jiho0/GitProjects/FPGA-Autonomous-Vehicle-Project/FPGA_project/FPGA_project.gen/sources_1/bd/design_1/ip/design_1_proc_sys_reset_0_0/design_1_proc_sys_reset_0_0_board.xdc] for cell 'design_1_i/proc_sys_reset_0/U0'
Finished Parsing XDC File [c:/Users/jiho0/GitProjects/FPGA-Autonomous-Vehicle-Project/FPGA_project/FPGA_project.gen/sources_1/bd/design_1/ip/design_1_proc_sys_reset_0_0/design_1_proc_sys_reset_0_0_board.xdc] for cell 'design_1_i/proc_sys_reset_0/U0'
Parsing XDC File [c:/Users/jiho0/GitProjects/FPGA-Autonomous-Vehicle-Project/FPGA_project/FPGA_project.gen/sources_1/bd/design_1/ip/design_1_proc_sys_reset_0_0/design_1_proc_sys_reset_0_0.xdc] for cell 'design_1_i/proc_sys_reset_0/U0'
Finished Parsing XDC File [c:/Users/jiho0/GitProjects/FPGA-Autonomous-Vehicle-Project/FPGA_project/FPGA_project.gen/sources_1/bd/design_1/ip/design_1_proc_sys_reset_0_0/design_1_proc_sys_reset_0_0.xdc] for cell 'design_1_i/proc_sys_reset_0/U0'
INFO: [Opt 31-138] Pushed 0 inverter(s) to 0 load pin(s).
Netlist sorting complete. Time (s): cpu = 00:00:00 ; elapsed = 00:00:00.010 . Memory (MB): peak = 1506.555 ; gain = 0.000
INFO: [Project 1-111] Unisim Transformation Summary:
  A total of 24 instances were transformed.
  DSP48E2 => DSP48E2 (DSP_ALU, DSP_A_B_DATA, DSP_C_DATA, DSP_MULTIPLIER, DSP_M_DATA, DSP_OUTPUT, DSP_PREADD, DSP_PREADD_DATA): 24 instances

14 Infos, 2 Warnings, 0 Critical Warnings and 0 Errors encountered.
link_design completed successfully
link_design: Time (s): cpu = 00:00:32 ; elapsed = 00:00:42 . Memory (MB): peak = 1506.555 ; gain = 1045.941
Command: opt_design
Attempting to get a license for feature 'Implementation' and/or device 'xczu2cg'
INFO: [Common 17-349] Got license for feature 'Implementation' and/or device 'xczu2cg'
Running DRC as a precondition to command opt_design

Starting DRC Task
INFO: [DRC 23-27] Running DRC with 2 threads
INFO: [Project 1-461] DRC finished with 0 Errors
INFO: [Project 1-462] Please refer to the DRC report (report_drc) for more information.

Time (s): cpu = 00:00:05 ; elapsed = 00:00:03 . Memory (MB): peak = 1539.457 ; gain = 32.902

Starting Cache Timing Information Task
INFO: [Timing 38-35] Done setting XDC timing constraints.
Ending Cache Timing Information Task | Checksum: e6fd7d8f

Time (s): cpu = 00:00:11 ; elapsed = 00:00:09 . Memory (MB): peak = 1830.289 ; gain = 290.832

Starting Logic Optimization Task

Phase 1 Retarget
INFO: [Opt 31-1287] Pulled Inverter design_1_i/top_controller_0/inst/u_axi_slave/p_0_out__10_i_3 into driver instance design_1_i/top_controller_0/inst/g0_b9__10, which resulted in an inversion of 4 pins
INFO: [Opt 31-1287] Pulled Inverter design_1_i/top_controller_0/inst/u_axi_slave/p_0_out__6_i_3 into driver instance design_1_i/top_controller_0/inst/g0_b9__6, which resulted in an inversion of 4 pins
INFO: [Opt 31-1287] Pulled Inverter design_1_i/top_controller_0/inst/u_preprocessor/val_i_20 into driver instance design_1_i/top_controller_0/inst/u_preprocessor/val_i_37, which resulted in an inversion of 30 pins
INFO: [Opt 31-1287] Pulled Inverter design_1_i/top_controller_0/inst/u_risk_control/last_valid_Ri_collision[1]_i_1 into driver instance design_1_i/top_controller_0/inst/u_risk_control/last_valid_Ri_collision[1]_i_2, which resulted in an inversion of 11 pins
INFO: [Opt 31-1287] Pulled Inverter design_1_i/top_controller_0/inst/u_sensor_reliability/u_chk_approach_speed/last_valid_Ri_collision[0]_i_1 into driver instance design_1_i/top_controller_0/inst/u_sensor_reliability/u_chk_approach_speed/last_valid_Ri_collision[0]_i_2, which resulted in an inversion of 11 pins
INFO: [Opt 31-1287] Pulled Inverter design_1_i/top_controller_0/inst/u_sensor_reliability/u_chk_gyro_x/rel_out[gyro_x][state][1]_i_1 into driver instance design_1_i/top_controller_0/inst/u_sensor_reliability/u_chk_gyro_x/risk_out[Ri_posture_A]_i_2, which resulted in an inversion of 8 pins
INFO: [Opt 31-1287] Pulled Inverter design_1_i/top_controller_0/inst/u_sensor_reliability/u_chk_humidity/rel_out[humidity][state][1]_i_1 into driver instance design_1_i/top_controller_0/inst/u_sensor_reliability/u_chk_humidity/last_valid_Ri_road_A[1]_i_3, which resulted in an inversion of 7 pins
INFO: [Opt 31-1287] Pulled Inverter design_1_i/top_controller_0/inst/u_sensor_reliability/u_chk_lux/timeout_cnt[24]_i_2__7 into driver instance design_1_i/top_controller_0/inst/u_sensor_reliability/u_chk_accel_y/timeout_cnt[0]_i_8__1, which resulted in an inversion of 26 pins
INFO: [Opt 31-1287] Pulled Inverter design_1_i/top_controller_0/inst/u_sensor_reliability/u_chk_temperature/rel_out[temperature][state][1]_i_1 into driver instance design_1_i/top_controller_0/inst/u_sensor_reliability/u_chk_temperature/last_valid_Ri_road_A[1]_i_4, which resulted in an inversion of 7 pins
INFO: [Opt 31-138] Pushed 5 inverter(s) to 3438 load pin(s).
INFO: [Opt 31-49] Retargeted 0 cell(s).
Phase 1 Retarget | Checksum: c5cfae0f

Time (s): cpu = 00:00:04 ; elapsed = 00:00:04 . Memory (MB): peak = 2173.305 ; gain = 0.000
INFO: [Opt 31-389] Phase Retarget created 4 cells and removed 287 cells

Phase 2 Constant propagation
INFO: [Opt 31-138] Pushed 0 inverter(s) to 0 load pin(s).
Phase 2 Constant propagation | Checksum: 8cdb4161

Time (s): cpu = 00:00:05 ; elapsed = 00:00:04 . Memory (MB): peak = 2173.305 ; gain = 0.000
INFO: [Opt 31-389] Phase Constant propagation created 20 cells and removed 50 cells

Phase 3 Sweep
Phase 3 Sweep | Checksum: ed23f9de

Time (s): cpu = 00:00:06 ; elapsed = 00:00:05 . Memory (MB): peak = 2173.305 ; gain = 0.000
INFO: [Opt 31-389] Phase Sweep created 0 cells and removed 349 cells
INFO: [Opt 31-1021] In phase Sweep, 1 netlist objects are constrained preventing optimization. Please run opt_design with -debug_log to get more detail. 

Phase 4 BUFG optimization
INFO: [Opt 31-1077] Phase BUFG optimization inserted 0 global clock buffer(s) for CLOCK_LOW_FANOUT.
Phase 4 BUFG optimization | Checksum: ed23f9de

Time (s): cpu = 00:00:07 ; elapsed = 00:00:06 . Memory (MB): peak = 2173.305 ; gain = 0.000
INFO: [Opt 31-662] Phase BUFG optimization created 0 cells of which 0 are BUFGs and removed 0 cells.

Phase 5 Shift Register Optimization
INFO: [Opt 31-1064] SRL Remap converted 0 SRLs to 0 registers and converted 0 registers of register chains to 0 SRLs
Phase 5 Shift Register Optimization | Checksum: ed23f9de

Time (s): cpu = 00:00:07 ; elapsed = 00:00:06 . Memory (MB): peak = 2173.305 ; gain = 0.000
INFO: [Opt 31-389] Phase Shift Register Optimization created 0 cells and removed 0 cells

Phase 6 Post Processing Netlist
Phase 6 Post Processing Netlist | Checksum: 12bb1c06b

Time (s): cpu = 00:00:07 ; elapsed = 00:00:06 . Memory (MB): peak = 2173.305 ; gain = 0.000
INFO: [Opt 31-389] Phase Post Processing Netlist created 0 cells and removed 0 cells
Opt_design Change Summary
=========================


-------------------------------------------------------------------------------------------------------------------------
|  Phase                        |  #Cells created  |  #Cells Removed  |  #Constrained objects preventing optimizations  |
-------------------------------------------------------------------------------------------------------------------------
|  Retarget                     |               4  |             287  |                                              0  |
|  Constant propagation         |              20  |              50  |                                              0  |
|  Sweep                        |               0  |             349  |                                              1  |
|  BUFG optimization            |               0  |               0  |                                              0  |
|  Shift Register Optimization  |               0  |               0  |                                              0  |
|  Post Processing Netlist      |               0  |               0  |                                              0  |
-------------------------------------------------------------------------------------------------------------------------



Starting Connectivity Check Task

Time (s): cpu = 00:00:00 ; elapsed = 00:00:00.086 . Memory (MB): peak = 2173.305 ; gain = 0.000
Ending Logic Optimization Task | Checksum: a08059be

Time (s): cpu = 00:00:09 ; elapsed = 00:00:08 . Memory (MB): peak = 2173.305 ; gain = 0.000

Starting Power Optimization Task
INFO: [Pwropt 34-132] Skipping clock gating for clocks with a period < 2.00 ns.
Ending Power Optimization Task | Checksum: a08059be

Time (s): cpu = 00:00:00 ; elapsed = 00:00:00.061 . Memory (MB): peak = 2173.305 ; gain = 0.000

Starting Final Cleanup Task
Ending Final Cleanup Task | Checksum: a08059be

Time (s): cpu = 00:00:00 ; elapsed = 00:00:00.007 . Memory (MB): peak = 2173.305 ; gain = 0.000

Starting Netlist Obfuscation Task
Netlist sorting complete. Time (s): cpu = 00:00:00 ; elapsed = 00:00:00.015 . Memory (MB): peak = 2173.305 ; gain = 0.000
Ending Netlist Obfuscation Task | Checksum: a08059be

Time (s): cpu = 00:00:00 ; elapsed = 00:00:00.023 . Memory (MB): peak = 2173.305 ; gain = 0.000
INFO: [Common 17-83] Releasing license: Implementation
42 Infos, 2 Warnings, 0 Critical Warnings and 0 Errors encountered.
opt_design completed successfully
opt_design: Time (s): cpu = 00:00:32 ; elapsed = 00:00:29 . Memory (MB): peak = 2173.305 ; gain = 666.750
INFO: [Timing 38-480] Writing timing data to binary archive.
INFO: [Common 17-1381] The checkpoint 'C:/Users/jiho0/GitProjects/FPGA-Autonomous-Vehicle-Project/FPGA_project/FPGA_project.runs/impl_1/design_1_wrapper_opt.dcp' has been generated.
INFO: [runtcl-4] Executing : report_drc -file design_1_wrapper_drc_opted.rpt -pb design_1_wrapper_drc_opted.pb -rpx design_1_wrapper_drc_opted.rpx
Command: report_drc -file design_1_wrapper_drc_opted.rpt -pb design_1_wrapper_drc_opted.pb -rpx design_1_wrapper_drc_opted.rpx
INFO: [IP_Flow 19-1839] IP Catalog is up to date.
INFO: [DRC 23-27] Running DRC with 2 threads
INFO: [Vivado_Tcl 2-168] The results of DRC are in file C:/Users/jiho0/GitProjects/FPGA-Autonomous-Vehicle-Project/FPGA_project/FPGA_project.runs/impl_1/design_1_wrapper_drc_opted.rpt.
report_drc completed successfully
report_drc: Time (s): cpu = 00:00:08 ; elapsed = 00:00:06 . Memory (MB): peak = 2173.305 ; gain = 0.000
Command: place_design
Attempting to get a license for feature 'Implementation' and/or device 'xczu2cg'
INFO: [Common 17-349] Got license for feature 'Implementation' and/or device 'xczu2cg'
INFO: [DRC 23-27] Running DRC with 2 threads
INFO: [Vivado_Tcl 4-198] DRC finished with 0 Errors
INFO: [Vivado_Tcl 4-199] Please refer to the DRC report (report_drc) for more information.
Running DRC as a precondition to command place_design
INFO: [DRC 23-27] Running DRC with 2 threads
INFO: [Vivado_Tcl 4-198] DRC finished with 0 Errors
INFO: [Vivado_Tcl 4-199] Please refer to the DRC report (report_drc) for more information.

Starting Placer Task
INFO: [Place 30-611] Multithreading enabled for place_design using a maximum of 2 CPUs

Phase 1 Placer Initialization

Phase 1.1 Placer Initialization Netlist Sorting
Netlist sorting complete. Time (s): cpu = 00:00:00 ; elapsed = 00:00:00.011 . Memory (MB): peak = 2173.305 ; gain = 0.000
Phase 1.1 Placer Initialization Netlist Sorting | Checksum: 64632a0b

Time (s): cpu = 00:00:00 ; elapsed = 00:00:00.043 . Memory (MB): peak = 2173.305 ; gain = 0.000
Netlist sorting complete. Time (s): cpu = 00:00:00 ; elapsed = 00:00:00.016 . Memory (MB): peak = 2173.305 ; gain = 0.000

Phase 1.2 IO Placement/ Clock Placement/ Build Placer Device
INFO: [Timing 38-35] Done setting XDC timing constraints.
Phase 1.2 IO Placement/ Clock Placement/ Build Placer Device | Checksum: e9e97126

Time (s): cpu = 00:01:02 ; elapsed = 00:01:10 . Memory (MB): peak = 3641.047 ; gain = 1467.742

Phase 1.3 Build Placer Netlist Model
Phase 1.3 Build Placer Netlist Model | Checksum: 1c4a2df83

Time (s): cpu = 00:01:19 ; elapsed = 00:01:23 . Memory (MB): peak = 3641.047 ; gain = 1467.742

Phase 1.4 Constrain Clocks/Macros
Phase 1.4 Constrain Clocks/Macros | Checksum: 1c4a2df83

Time (s): cpu = 00:01:19 ; elapsed = 00:01:23 . Memory (MB): peak = 3641.047 ; gain = 1467.742
Phase 1 Placer Initialization | Checksum: 1c4a2df83

Time (s): cpu = 00:01:19 ; elapsed = 00:01:23 . Memory (MB): peak = 3641.047 ; gain = 1467.742

Phase 2 Global Placement

Phase 2.1 Floorplanning

Phase 2.1.1 Partition Driven Placement

Phase 2.1.1.1 PBP: Partition Driven Placement
Phase 2.1.1.1 PBP: Partition Driven Placement | Checksum: 1059eb305

Time (s): cpu = 00:01:30 ; elapsed = 00:01:31 . Memory (MB): peak = 3641.047 ; gain = 1467.742

Phase 2.1.1.2 PBP: Clock Region Placement
Phase 2.1.1.2 PBP: Clock Region Placement | Checksum: 1b131647b

Time (s): cpu = 00:01:31 ; elapsed = 00:01:32 . Memory (MB): peak = 3641.047 ; gain = 1467.742

Phase 2.1.1.3 PBP: Compute Congestion
Phase 2.1.1.3 PBP: Compute Congestion | Checksum: 1b131647b

Time (s): cpu = 00:01:31 ; elapsed = 00:01:32 . Memory (MB): peak = 3641.047 ; gain = 1467.742

Phase 2.1.1.4 PBP: UpdateTiming
Phase 2.1.1.4 PBP: UpdateTiming | Checksum: ec14c011

Time (s): cpu = 00:01:33 ; elapsed = 00:01:33 . Memory (MB): peak = 3641.047 ; gain = 1467.742

Phase 2.1.1.5 PBP: Add part constraints
Phase 2.1.1.5 PBP: Add part constraints | Checksum: ec14c011

Time (s): cpu = 00:01:33 ; elapsed = 00:01:33 . Memory (MB): peak = 3641.047 ; gain = 1467.742
Phase 2.1.1 Partition Driven Placement | Checksum: ec14c011

Time (s): cpu = 00:01:33 ; elapsed = 00:01:33 . Memory (MB): peak = 3641.047 ; gain = 1467.742
Phase 2.1 Floorplanning | Checksum: 1b97e57fd

Time (s): cpu = 00:01:33 ; elapsed = 00:01:33 . Memory (MB): peak = 3641.047 ; gain = 1467.742

Phase 2.2 Update Timing before SLR Path Opt
Phase 2.2 Update Timing before SLR Path Opt | Checksum: 1b97e57fd

Time (s): cpu = 00:01:33 ; elapsed = 00:01:33 . Memory (MB): peak = 3641.047 ; gain = 1467.742

Phase 2.3 Post-Processing in Floorplanning
Phase 2.3 Post-Processing in Floorplanning | Checksum: 1b97e57fd

Time (s): cpu = 00:01:33 ; elapsed = 00:01:33 . Memory (MB): peak = 3641.047 ; gain = 1467.742

Phase 2.4 Global Placement Core

Phase 2.4.1 UpdateTiming Before Physical Synthesis
Phase 2.4.1 UpdateTiming Before Physical Synthesis | Checksum: 1e540007f

Time (s): cpu = 00:01:55 ; elapsed = 00:01:50 . Memory (MB): peak = 3641.047 ; gain = 1467.742

Phase 2.4.2 Physical Synthesis In Placer
INFO: [Physopt 32-1035] Found 14 LUTNM shape to break, 433 LUT instances to create LUTNM shape
INFO: [Physopt 32-1044] Break lutnm for timing: one critical 5, two critical 9, total 14, new lutff created 0
INFO: [Physopt 32-1138] End 1 Pass. Optimized 219 nets or LUTs. Breaked 14 LUTs, combined 205 existing LUTs and moved 0 existing LUT
INFO: [Physopt 32-1030] Pass 1. Identified 2 candidate driver sets for equivalent driver rewiring.
INFO: [Physopt 32-661] Optimized 0 net.  Re-placed 0 instance.
INFO: [Physopt 32-775] End 1 Pass. Optimized 0 net or cell. Created 0 new cell, deleted 0 existing cell and moved 0 existing cell
INFO: [Physopt 32-65] No nets found for high-fanout optimization.
INFO: [Physopt 32-232] Optimized 0 net. Created 0 new instance.
INFO: [Physopt 32-775] End 1 Pass. Optimized 0 net or cell. Created 0 new cell, deleted 0 existing cell and moved 0 existing cell
INFO: [Physopt 32-456] No candidate cells for DSP register optimization found in the design.
INFO: [Physopt 32-775] End 2 Pass. Optimized 0 net or cell. Created 0 new cell, deleted 0 existing cell and moved 0 existing cell
INFO: [Physopt 32-1123] No candidate cells found for Shift Register to Pipeline optimization
INFO: [Physopt 32-775] End 2 Pass. Optimized 0 net or cell. Created 0 new cell, deleted 0 existing cell and moved 0 existing cell
INFO: [Physopt 32-677] No candidate cells for Shift Register optimization found in the design
INFO: [Physopt 32-775] End 1 Pass. Optimized 0 net or cell. Created 0 new cell, deleted 0 existing cell and moved 0 existing cell
INFO: [Physopt 32-526] No candidate cells for BRAM register optimization found in the design
INFO: [Physopt 32-775] End 1 Pass. Optimized 0 net or cell. Created 0 new cell, deleted 0 existing cell and moved 0 existing cell
INFO: [Physopt 32-846] No candidate cells for URAM register optimization found in the design
INFO: [Physopt 32-775] End 2 Pass. Optimized 0 net or cell. Created 0 new cell, deleted 0 existing cell and moved 0 existing cell
INFO: [Physopt 32-949] No candidate nets found for dynamic/static region interface net replication
INFO: [Physopt 32-775] End 1 Pass. Optimized 0 net or cell. Created 0 new cell, deleted 0 existing cell and moved 0 existing cell
Netlist sorting complete. Time (s): cpu = 00:00:00 ; elapsed = 00:00:00.010 . Memory (MB): peak = 3641.047 ; gain = 0.000

Summary of Physical Synthesis Optimizations
============================================


-----------------------------------------------------------------------------------------------------------------------------------------------------------
|  Optimization                                     |  Added Cells  |  Removed Cells  |  Optimized Cells/Nets  |  Dont Touch  |  Iterations  |  Elapsed   |
-----------------------------------------------------------------------------------------------------------------------------------------------------------
|  LUT Combining                                    |           14  |            205  |                   219  |           0  |           1  |  00:00:01  |
|  Retime                                           |            0  |              0  |                     0  |           0  |           1  |  00:00:00  |
|  Equivalent Driver Rewiring                       |            0  |              0  |                     0  |           0  |           1  |  00:00:00  |
|  Very High Fanout                                 |            0  |              0  |                     0  |           0  |           1  |  00:00:00  |
|  DSP Register                                     |            0  |              0  |                     0  |           0  |           1  |  00:00:00  |
|  Shift Register to Pipeline                       |            0  |              0  |                     0  |           0  |           1  |  00:00:00  |
|  Shift Register                                   |            0  |              0  |                     0  |           0  |           1  |  00:00:00  |
|  BRAM Register                                    |            0  |              0  |                     0  |           0  |           1  |  00:00:00  |
|  URAM Register                                    |            0  |              0  |                     0  |           0  |           1  |  00:00:00  |
|  Dynamic/Static Region Interface Net Replication  |            0  |              0  |                     0  |           0  |           1  |  00:00:00  |
|  Total                                            |           14  |            205  |                   219  |           0  |          10  |  00:00:02  |
-----------------------------------------------------------------------------------------------------------------------------------------------------------


Phase 2.4.2 Physical Synthesis In Placer | Checksum: 1186c88c4

Time (s): cpu = 00:02:00 ; elapsed = 00:01:54 . Memory (MB): peak = 3641.047 ; gain = 1467.742
Phase 2.4 Global Placement Core | Checksum: 60a12020

Time (s): cpu = 00:02:02 ; elapsed = 00:01:56 . Memory (MB): peak = 3641.047 ; gain = 1467.742
Phase 2 Global Placement | Checksum: 60a12020

Time (s): cpu = 00:02:02 ; elapsed = 00:01:56 . Memory (MB): peak = 3641.047 ; gain = 1467.742

Phase 3 Detail Placement

Phase 3.1 Commit Multi Column Macros
Phase 3.1 Commit Multi Column Macros | Checksum: 97a267f9

Time (s): cpu = 00:02:04 ; elapsed = 00:01:57 . Memory (MB): peak = 3641.047 ; gain = 1467.742

Phase 3.2 Commit Most Macros & LUTRAMs
Phase 3.2 Commit Most Macros & LUTRAMs | Checksum: 1e99cb7e9

Time (s): cpu = 00:02:07 ; elapsed = 00:02:00 . Memory (MB): peak = 3641.047 ; gain = 1467.742

Phase 3.3 Small Shape DP

Phase 3.3.1 Small Shape Clustering
Phase 3.3.1 Small Shape Clustering | Checksum: 218a002c9

Time (s): cpu = 00:02:13 ; elapsed = 00:02:05 . Memory (MB): peak = 3641.047 ; gain = 1467.742

Phase 3.3.2 Flow Legalize Slice Clusters
Phase 3.3.2 Flow Legalize Slice Clusters | Checksum: 218bbc839

Time (s): cpu = 00:02:13 ; elapsed = 00:02:06 . Memory (MB): peak = 3641.047 ; gain = 1467.742

Phase 3.3.3 Slice Area Swap

Phase 3.3.3.1 Slice Area Swap Initial
Phase 3.3.3.1 Slice Area Swap Initial | Checksum: 217563c66

Time (s): cpu = 00:02:15 ; elapsed = 00:02:08 . Memory (MB): peak = 3641.047 ; gain = 1467.742
Phase 3.3.3 Slice Area Swap | Checksum: 217563c66

Time (s): cpu = 00:02:15 ; elapsed = 00:02:08 . Memory (MB): peak = 3641.047 ; gain = 1467.742
Phase 3.3 Small Shape DP | Checksum: 13e315077

Time (s): cpu = 00:02:17 ; elapsed = 00:02:10 . Memory (MB): peak = 3641.047 ; gain = 1467.742

Phase 3.4 Re-assign LUT pins
Phase 3.4 Re-assign LUT pins | Checksum: 18137f07f

Time (s): cpu = 00:02:19 ; elapsed = 00:02:12 . Memory (MB): peak = 3641.047 ; gain = 1467.742

Phase 3.5 Pipeline Register Optimization
Phase 3.5 Pipeline Register Optimization | Checksum: 136bffc90

Time (s): cpu = 00:02:19 ; elapsed = 00:02:12 . Memory (MB): peak = 3641.047 ; gain = 1467.742
Phase 3 Detail Placement | Checksum: 136bffc90

Time (s): cpu = 00:02:19 ; elapsed = 00:02:12 . Memory (MB): peak = 3641.047 ; gain = 1467.742

Phase 4 Post Placement Optimization and Clean-Up

Phase 4.1 Post Commit Optimization
INFO: [Timing 38-35] Done setting XDC timing constraints.

Phase 4.1.1 Post Placement Optimization
Post Placement Optimization Initialization | Checksum: 11d99c5a3

Phase 4.1.1.1 BUFG Insertion

Starting Physical Synthesis Task

Phase 1 Physical Synthesis Initialization
INFO: [Physopt 32-721] Multithreading enabled for phys_opt_design using a maximum of 2 CPUs
INFO: [Physopt 32-619] Estimated Timing Summary | WNS=0.169 | TNS=0.000 |
Phase 1 Physical Synthesis Initialization | Checksum: 1375bcfad

Time (s): cpu = 00:00:01 ; elapsed = 00:00:00.626 . Memory (MB): peak = 3641.047 ; gain = 0.000
INFO: [Place 46-35] Processed net design_1_i/proc_sys_reset_0/U0/peripheral_aresetn[0], inserted BUFG to drive 3424 loads.
INFO: [Place 46-45] Replicated bufg driver design_1_i/proc_sys_reset_0/U0/ACTIVE_LOW_PR_OUT_DFF[0].FDRE_PER_N_replica
INFO: [Place 46-56] BUFG insertion identified 1 candidate nets. Inserted BUFG: 1, Replicated BUFG Driver: 1, Skipped due to Placement/Routing Conflicts: 0, Skipped due to Timing Degradation: 0, Skipped due to Illegal Netlist: 0.
Ending Physical Synthesis Task | Checksum: 19f47fb6d

Time (s): cpu = 00:00:03 ; elapsed = 00:00:03 . Memory (MB): peak = 3641.047 ; gain = 0.000
Phase 4.1.1.1 BUFG Insertion | Checksum: 1c77040de

Time (s): cpu = 00:02:32 ; elapsed = 00:02:24 . Memory (MB): peak = 3641.047 ; gain = 1467.742

Phase 4.1.1.2 Post Placement Timing Optimization
INFO: [Place 30-746] Post Placement Timing Summary WNS=0.515. For the most accurate timing information please run report_timing.
Phase 4.1.1.2 Post Placement Timing Optimization | Checksum: 1ae2dff5e

Time (s): cpu = 00:02:51 ; elapsed = 00:02:50 . Memory (MB): peak = 3641.047 ; gain = 1467.742

Time (s): cpu = 00:02:51 ; elapsed = 00:02:50 . Memory (MB): peak = 3641.047 ; gain = 1467.742
Phase 4.1 Post Commit Optimization | Checksum: 1ae2dff5e

Time (s): cpu = 00:02:51 ; elapsed = 00:02:50 . Memory (MB): peak = 3641.047 ; gain = 1467.742
Netlist sorting complete. Time (s): cpu = 00:00:00 ; elapsed = 00:00:00.159 . Memory (MB): peak = 3641.047 ; gain = 0.000

Phase 4.2 Post Placement Cleanup
Phase 4.2 Post Placement Cleanup | Checksum: 22d620eb9

Time (s): cpu = 00:02:53 ; elapsed = 00:02:53 . Memory (MB): peak = 3641.047 ; gain = 1467.742

Phase 4.3 Placer Reporting

Phase 4.3.1 Print Estimated Congestion
INFO: [Place 30-612] Post-Placement Estimated Congestion 
 ________________________________________________________________________
|           | Global Congestion | Long Congestion   | Short Congestion  |
| Direction | Region Size       | Region Size       | Region Size       |
|___________|___________________|___________________|___________________|
|      North|                1x1|                1x1|                2x2|
|___________|___________________|___________________|___________________|
|      South|                1x1|                1x1|                2x2|
|___________|___________________|___________________|___________________|
|       East|                1x1|                1x1|                2x2|
|___________|___________________|___________________|___________________|
|       West|                1x1|                1x1|                2x2|
|___________|___________________|___________________|___________________|

Phase 4.3.1 Print Estimated Congestion | Checksum: 22d620eb9

Time (s): cpu = 00:02:54 ; elapsed = 00:02:53 . Memory (MB): peak = 3641.047 ; gain = 1467.742
Phase 4.3 Placer Reporting | Checksum: 22d620eb9

Time (s): cpu = 00:02:54 ; elapsed = 00:02:53 . Memory (MB): peak = 3641.047 ; gain = 1467.742

Phase 4.4 Final Placement Cleanup
Netlist sorting complete. Time (s): cpu = 00:00:00 ; elapsed = 00:00:00.006 . Memory (MB): peak = 3641.047 ; gain = 0.000

Time (s): cpu = 00:02:54 ; elapsed = 00:02:53 . Memory (MB): peak = 3641.047 ; gain = 1467.742
Phase 4 Post Placement Optimization and Clean-Up | Checksum: 249ef7687

Time (s): cpu = 00:02:54 ; elapsed = 00:02:53 . Memory (MB): peak = 3641.047 ; gain = 1467.742
Ending Placer Task | Checksum: 1c97b47c8

Time (s): cpu = 00:02:54 ; elapsed = 00:02:53 . Memory (MB): peak = 3641.047 ; gain = 1467.742
INFO: [Common 17-83] Releasing license: Implementation
87 Infos, 2 Warnings, 0 Critical Warnings and 0 Errors encountered.
place_design completed successfully
place_design: Time (s): cpu = 00:03:02 ; elapsed = 00:02:58 . Memory (MB): peak = 3641.047 ; gain = 1467.742
INFO: [Timing 38-480] Writing timing data to binary archive.
Writing XDEF routing.
Writing XDEF routing logical nets.
Writing XDEF routing special nets.
Write XDEF Complete: Time (s): cpu = 00:00:04 ; elapsed = 00:00:02 . Memory (MB): peak = 3641.047 ; gain = 0.000
INFO: [Common 17-1381] The checkpoint 'C:/Users/jiho0/GitProjects/FPGA-Autonomous-Vehicle-Project/FPGA_project/FPGA_project.runs/impl_1/design_1_wrapper_placed.dcp' has been generated.
write_checkpoint: Time (s): cpu = 00:00:08 ; elapsed = 00:00:08 . Memory (MB): peak = 3641.047 ; gain = 0.000
INFO: [runtcl-4] Executing : report_io -file design_1_wrapper_io_placed.rpt
report_io: Time (s): cpu = 00:00:00 ; elapsed = 00:00:00.157 . Memory (MB): peak = 3641.047 ; gain = 0.000
INFO: [runtcl-4] Executing : report_utilization -file design_1_wrapper_utilization_placed.rpt -pb design_1_wrapper_utilization_placed.pb
INFO: [runtcl-4] Executing : report_control_sets -verbose -file design_1_wrapper_control_sets_placed.rpt
report_control_sets: Time (s): cpu = 00:00:00 ; elapsed = 00:00:00.044 . Memory (MB): peak = 3641.047 ; gain = 0.000
Command: phys_opt_design
Attempting to get a license for feature 'Implementation' and/or device 'xczu2cg'
INFO: [Common 17-349] Got license for feature 'Implementation' and/or device 'xczu2cg'

Starting Initial Update Timing Task

Time (s): cpu = 00:00:07 ; elapsed = 00:00:04 . Memory (MB): peak = 3641.047 ; gain = 0.000
INFO: [Vivado_Tcl 4-383] Design worst setup slack (WNS) is greater than or equal to 0.000 ns. Skipping all physical synthesis optimizations.
INFO: [Vivado_Tcl 4-232] No setup violation found. The netlist was not modified.
INFO: [Common 17-83] Releasing license: Implementation
96 Infos, 2 Warnings, 0 Critical Warnings and 0 Errors encountered.
phys_opt_design completed successfully
INFO: [Timing 38-480] Writing timing data to binary archive.
Writing XDEF routing.
Writing XDEF routing logical nets.
Writing XDEF routing special nets.
Write XDEF Complete: Time (s): cpu = 00:00:05 ; elapsed = 00:00:03 . Memory (MB): peak = 3641.047 ; gain = 0.000
INFO: [Common 17-1381] The checkpoint 'C:/Users/jiho0/GitProjects/FPGA-Autonomous-Vehicle-Project/FPGA_project/FPGA_project.runs/impl_1/design_1_wrapper_physopt.dcp' has been generated.
write_checkpoint: Time (s): cpu = 00:00:06 ; elapsed = 00:00:05 . Memory (MB): peak = 3641.047 ; gain = 0.000
Command: route_design
Attempting to get a license for feature 'Implementation' and/or device 'xczu2cg'
INFO: [Common 17-349] Got license for feature 'Implementation' and/or device 'xczu2cg'
Running DRC as a precondition to command route_design
INFO: [DRC 23-27] Running DRC with 2 threads
INFO: [Vivado_Tcl 4-198] DRC finished with 0 Errors
INFO: [Vivado_Tcl 4-199] Please refer to the DRC report (report_drc) for more information.


Starting Routing Task
INFO: [Route 35-254] Multithreading enabled for route_design using a maximum of 2 CPUs

Phase 1 Build RT Design
Checksum: PlaceDB: 85d00bc2 ConstDB: 0 ShapeSum: c4772cab RouteDB: 7f340f5b
Nodegraph reading from file.  Time (s): cpu = 00:00:01 ; elapsed = 00:00:01 . Memory (MB): peak = 3641.047 ; gain = 0.000
Post Restoration Checksum: NetGraph: 43b5b2fc NumContArr: 8ee8fea0 Constraints: b41263ba Timing: 0
Phase 1 Build RT Design | Checksum: 186b11556

Time (s): cpu = 00:00:10 ; elapsed = 00:00:09 . Memory (MB): peak = 3641.047 ; gain = 0.000

Phase 2 Router Initialization

Phase 2.1 Fix Topology Constraints
Phase 2.1 Fix Topology Constraints | Checksum: 186b11556

Time (s): cpu = 00:00:10 ; elapsed = 00:00:09 . Memory (MB): peak = 3641.047 ; gain = 0.000

Phase 2.2 Pre Route Cleanup
Phase 2.2 Pre Route Cleanup | Checksum: 186b11556

Time (s): cpu = 00:00:10 ; elapsed = 00:00:09 . Memory (MB): peak = 3641.047 ; gain = 0.000

Phase 2.3 Global Clock Net Routing
 Number of Nodes with overlaps = 0
Phase 2.3 Global Clock Net Routing | Checksum: 10525f995

Time (s): cpu = 00:00:11 ; elapsed = 00:00:10 . Memory (MB): peak = 3641.047 ; gain = 0.000

Phase 2.4 Update Timing
Phase 2.4 Update Timing | Checksum: 1359d95ce

Time (s): cpu = 00:00:16 ; elapsed = 00:00:14 . Memory (MB): peak = 3641.047 ; gain = 0.000
INFO: [Route 35-416] Intermediate Timing Summary | WNS=0.805  | TNS=0.000  | WHS=-0.036 | THS=-0.192 |


Router Utilization Summary
  Global Vertical Routing Utilization    = 0 %
  Global Horizontal Routing Utilization  = 0 %
  Routable Net Status*
  *Does not include unroutable nets such as driverless and loadless.
  Run report_route_status for detailed report.
  Number of Failed Nets               = 12764
    (Failed Nets is the sum of unrouted and partially routed nets)
  Number of Unrouted Nets             = 10853
  Number of Partially Routed Nets     = 1911
  Number of Node Overlaps             = 0

Phase 2 Router Initialization | Checksum: 209a91f6a

Time (s): cpu = 00:00:23 ; elapsed = 00:00:20 . Memory (MB): peak = 3641.047 ; gain = 0.000

Phase 3 Initial Routing

Phase 3.1 Global Routing
Phase 3.1 Global Routing | Checksum: 209a91f6a

Time (s): cpu = 00:00:24 ; elapsed = 00:00:20 . Memory (MB): peak = 3641.047 ; gain = 0.000
Phase 3 Initial Routing | Checksum: 256d66060

Time (s): cpu = 00:00:28 ; elapsed = 00:00:24 . Memory (MB): peak = 3641.047 ; gain = 0.000

Phase 4 Rip-up And Reroute

Phase 4.1 Global Iteration 0
 Number of Nodes with overlaps = 2916
 Number of Nodes with overlaps = 380
 Number of Nodes with overlaps = 68
 Number of Nodes with overlaps = 21
 Number of Nodes with overlaps = 9
 Number of Nodes with overlaps = 5
 Number of Nodes with overlaps = 4
 Number of Nodes with overlaps = 3
 Number of Nodes with overlaps = 1
 Number of Nodes with overlaps = 1
 Number of Nodes with overlaps = 1
 Number of Nodes with overlaps = 1
 Number of Nodes with overlaps = 1
 Number of Nodes with overlaps = 1
 Number of Nodes with overlaps = 1
 Number of Nodes with overlaps = 2
 Number of Nodes with overlaps = 0
INFO: [Route 35-416] Intermediate Timing Summary | WNS=0.045  | TNS=0.000  | WHS=0.007  | THS=0.000  |

Phase 4.1 Global Iteration 0 | Checksum: 29ee12751

Time (s): cpu = 00:01:35 ; elapsed = 00:01:23 . Memory (MB): peak = 3641.047 ; gain = 0.000

Phase 4.2 Global Iteration 1
 Number of Nodes with overlaps = 83
 Number of Nodes with overlaps = 12
 Number of Nodes with overlaps = 6
 Number of Nodes with overlaps = 4
 Number of Nodes with overlaps = 1
 Number of Nodes with overlaps = 0
INFO: [Route 35-416] Intermediate Timing Summary | WNS=0.271  | TNS=0.000  | WHS=N/A    | THS=N/A    |

Phase 4.2 Global Iteration 1 | Checksum: 26cf8c6ef

Time (s): cpu = 00:01:41 ; elapsed = 00:01:29 . Memory (MB): peak = 3641.047 ; gain = 0.000
Phase 4 Rip-up And Reroute | Checksum: 26cf8c6ef

Time (s): cpu = 00:01:41 ; elapsed = 00:01:29 . Memory (MB): peak = 3641.047 ; gain = 0.000

Phase 5 Delay and Skew Optimization

Phase 5.1 Delay CleanUp
Phase 5.1 Delay CleanUp | Checksum: 28cd31170

Time (s): cpu = 00:01:41 ; elapsed = 00:01:29 . Memory (MB): peak = 3641.047 ; gain = 0.000

Phase 5.2 Clock Skew Optimization
Phase 5.2 Clock Skew Optimization | Checksum: 28cd31170

Time (s): cpu = 00:01:41 ; elapsed = 00:01:29 . Memory (MB): peak = 3641.047 ; gain = 0.000
Phase 5 Delay and Skew Optimization | Checksum: 28cd31170

Time (s): cpu = 00:01:41 ; elapsed = 00:01:29 . Memory (MB): peak = 3641.047 ; gain = 0.000

Phase 6 Post Hold Fix

Phase 6.1 Hold Fix Iter

Phase 6.1.1 Update Timing
Phase 6.1.1 Update Timing | Checksum: 2098c239b

Time (s): cpu = 00:01:45 ; elapsed = 00:01:32 . Memory (MB): peak = 3641.047 ; gain = 0.000
INFO: [Route 35-416] Intermediate Timing Summary | WNS=0.271  | TNS=0.000  | WHS=0.007  | THS=0.000  |

Phase 6.1 Hold Fix Iter | Checksum: 256906c08

Time (s): cpu = 00:01:45 ; elapsed = 00:01:32 . Memory (MB): peak = 3641.047 ; gain = 0.000
Phase 6 Post Hold Fix | Checksum: 256906c08

Time (s): cpu = 00:01:45 ; elapsed = 00:01:32 . Memory (MB): peak = 3641.047 ; gain = 0.000

Phase 7 Route finalize

Router Utilization Summary
  Global Vertical Routing Utilization    = 1.71202 %
  Global Horizontal Routing Utilization  = 2.16509 %
  Routable Net Status*
  *Does not include unroutable nets such as driverless and loadless.
  Run report_route_status for detailed report.
  Number of Failed Nets               = 0
    (Failed Nets is the sum of unrouted and partially routed nets)
  Number of Unrouted Nets             = 0
  Number of Partially Routed Nets     = 0
  Number of Node Overlaps             = 0

Phase 7 Route finalize | Checksum: 240a37694

Time (s): cpu = 00:01:45 ; elapsed = 00:01:32 . Memory (MB): peak = 3641.047 ; gain = 0.000

Phase 8 Verifying routed nets

 Verification completed successfully
Phase 8 Verifying routed nets | Checksum: 240a37694

Time (s): cpu = 00:01:45 ; elapsed = 00:01:33 . Memory (MB): peak = 3641.047 ; gain = 0.000

Phase 9 Depositing Routes
Phase 9 Depositing Routes | Checksum: 240a37694

Time (s): cpu = 00:01:48 ; elapsed = 00:01:35 . Memory (MB): peak = 3641.047 ; gain = 0.000

Phase 10 Resolve XTalk
Phase 10 Resolve XTalk | Checksum: 240a37694

Time (s): cpu = 00:01:48 ; elapsed = 00:01:36 . Memory (MB): peak = 3641.047 ; gain = 0.000

Phase 11 Post Router Timing
INFO: [Route 35-57] Estimated Timing Summary | WNS=0.271  | TNS=0.000  | WHS=0.007  | THS=0.000  |

INFO: [Route 35-327] The final timing numbers are based on the router estimated timing analysis. For a complete and accurate timing signoff, please run report_timing_summary.
Phase 11 Post Router Timing | Checksum: 240a37694

Time (s): cpu = 00:01:50 ; elapsed = 00:01:37 . Memory (MB): peak = 3641.047 ; gain = 0.000
INFO: [Route 35-16] Router Completed Successfully

Time (s): cpu = 00:01:50 ; elapsed = 00:01:37 . Memory (MB): peak = 3641.047 ; gain = 0.000

Routing Is Done.
INFO: [Common 17-83] Releasing license: Implementation
111 Infos, 2 Warnings, 0 Critical Warnings and 0 Errors encountered.
route_design completed successfully
route_design: Time (s): cpu = 00:01:56 ; elapsed = 00:01:41 . Memory (MB): peak = 3641.047 ; gain = 0.000
INFO: [Timing 38-480] Writing timing data to binary archive.
Writing XDEF routing.
Writing XDEF routing logical nets.
Writing XDEF routing special nets.
Write XDEF Complete: Time (s): cpu = 00:00:05 ; elapsed = 00:00:03 . Memory (MB): peak = 3641.047 ; gain = 0.000
INFO: [Common 17-1381] The checkpoint 'C:/Users/jiho0/GitProjects/FPGA-Autonomous-Vehicle-Project/FPGA_project/FPGA_project.runs/impl_1/design_1_wrapper_routed.dcp' has been generated.
write_checkpoint: Time (s): cpu = 00:00:10 ; elapsed = 00:00:11 . Memory (MB): peak = 3641.047 ; gain = 0.000
INFO: [runtcl-4] Executing : report_drc -file design_1_wrapper_drc_routed.rpt -pb design_1_wrapper_drc_routed.pb -rpx design_1_wrapper_drc_routed.rpx
Command: report_drc -file design_1_wrapper_drc_routed.rpt -pb design_1_wrapper_drc_routed.pb -rpx design_1_wrapper_drc_routed.rpx
INFO: [IP_Flow 19-1839] IP Catalog is up to date.
INFO: [DRC 23-27] Running DRC with 2 threads
INFO: [Vivado_Tcl 2-168] The results of DRC are in file C:/Users/jiho0/GitProjects/FPGA-Autonomous-Vehicle-Project/FPGA_project/FPGA_project.runs/impl_1/design_1_wrapper_drc_routed.rpt.
report_drc completed successfully
report_drc: Time (s): cpu = 00:00:09 ; elapsed = 00:00:06 . Memory (MB): peak = 3641.047 ; gain = 0.000
INFO: [runtcl-4] Executing : report_methodology -file design_1_wrapper_methodology_drc_routed.rpt -pb design_1_wrapper_methodology_drc_routed.pb -rpx design_1_wrapper_methodology_drc_routed.rpx
Command: report_methodology -file design_1_wrapper_methodology_drc_routed.rpt -pb design_1_wrapper_methodology_drc_routed.pb -rpx design_1_wrapper_methodology_drc_routed.rpx
INFO: [Timing 38-35] Done setting XDC timing constraints.
INFO: [DRC 23-133] Running Methodology with 2 threads
INFO: [Vivado_Tcl 2-1520] The results of Report Methodology are in file C:/Users/jiho0/GitProjects/FPGA-Autonomous-Vehicle-Project/FPGA_project/FPGA_project.runs/impl_1/design_1_wrapper_methodology_drc_routed.rpt.
report_methodology completed successfully
report_methodology: Time (s): cpu = 00:00:14 ; elapsed = 00:00:09 . Memory (MB): peak = 3641.047 ; gain = 0.000
INFO: [runtcl-4] Executing : report_power -file design_1_wrapper_power_routed.rpt -pb design_1_wrapper_power_summary_routed.pb -rpx design_1_wrapper_power_routed.rpx
Command: report_power -file design_1_wrapper_power_routed.rpt -pb design_1_wrapper_power_summary_routed.pb -rpx design_1_wrapper_power_routed.rpx
INFO: [Timing 38-35] Done setting XDC timing constraints.
Running Vector-less Activity Propagation...

Finished Running Vector-less Activity Propagation
123 Infos, 2 Warnings, 0 Critical Warnings and 0 Errors encountered.
report_power completed successfully
report_power: Time (s): cpu = 00:00:12 ; elapsed = 00:00:08 . Memory (MB): peak = 3641.047 ; gain = 0.000
INFO: [runtcl-4] Executing : report_route_status -file design_1_wrapper_route_status.rpt -pb design_1_wrapper_route_status.pb
INFO: [runtcl-4] Executing : report_timing_summary -max_paths 10 -report_unconstrained -file design_1_wrapper_timing_summary_routed.rpt -pb design_1_wrapper_timing_summary_routed.pb -rpx design_1_wrapper_timing_summary_routed.rpx -warn_on_violation 
INFO: [Timing 38-91] UpdateTimingParams: Speed grade: -1, Temperature grade: E, Delay Type: min_max.
INFO: [Timing 38-191] Multithreading enabled for timing update using a maximum of 2 CPUs
INFO: [runtcl-4] Executing : report_incremental_reuse -file design_1_wrapper_incremental_reuse_routed.rpt
INFO: [Vivado_Tcl 4-1062] Incremental flow is disabled. No incremental reuse Info to report.
INFO: [runtcl-4] Executing : report_clock_utilization -file design_1_wrapper_clock_utilization_routed.rpt
INFO: [runtcl-4] Executing : report_bus_skew -warn_on_violation -file design_1_wrapper_bus_skew_routed.rpt -pb design_1_wrapper_bus_skew_routed.pb -rpx design_1_wrapper_bus_skew_routed.rpx
INFO: [Timing 38-91] UpdateTimingParams: Speed grade: -1, Temperature grade: E, Delay Type: min_max.
INFO: [Timing 38-191] Multithreading enabled for timing update using a maximum of 2 CPUs
Command: write_bitstream -force design_1_wrapper.bit
Attempting to get a license for feature 'Implementation' and/or device 'xczu2cg'
INFO: [Common 17-349] Got license for feature 'Implementation' and/or device 'xczu2cg'
Running DRC as a precondition to command write_bitstream
INFO: [IP_Flow 19-1839] IP Catalog is up to date.
INFO: [DRC 23-27] Running DRC with 2 threads
WARNING: [DRC DPIP-2] Input pipelining: DSP design_1_i/top_controller_0/inst/u_preprocessor/p_0_out input design_1_i/top_controller_0/inst/u_preprocessor/p_0_out/A[29:0] is not pipelined. Pipelining DSP48 input will improve performance.
WARNING: [DRC DPIP-2] Input pipelining: DSP design_1_i/top_controller_0/inst/u_preprocessor/p_0_out__0 input design_1_i/top_controller_0/inst/u_preprocessor/p_0_out__0/A[29:0] is not pipelined. Pipelining DSP48 input will improve performance.
WARNING: [DRC DPIP-2] Input pipelining: DSP design_1_i/top_controller_0/inst/u_preprocessor/p_0_out__0 input design_1_i/top_controller_0/inst/u_preprocessor/p_0_out__0/B[17:0] is not pipelined. Pipelining DSP48 input will improve performance.
WARNING: [DRC DPIP-2] Input pipelining: DSP design_1_i/top_controller_0/inst/u_preprocessor/p_0_out__1 input design_1_i/top_controller_0/inst/u_preprocessor/p_0_out__1/A[29:0] is not pipelined. Pipelining DSP48 input will improve performance.
WARNING: [DRC DPIP-2] Input pipelining: DSP design_1_i/top_controller_0/inst/u_preprocessor/p_0_out__10 input design_1_i/top_controller_0/inst/u_preprocessor/p_0_out__10/A[29:0] is not pipelined. Pipelining DSP48 input will improve performance.
WARNING: [DRC DPIP-2] Input pipelining: DSP design_1_i/top_controller_0/inst/u_preprocessor/p_0_out__11 input design_1_i/top_controller_0/inst/u_preprocessor/p_0_out__11/A[29:0] is not pipelined. Pipelining DSP48 input will improve performance.
WARNING: [DRC DPIP-2] Input pipelining: DSP design_1_i/top_controller_0/inst/u_preprocessor/p_0_out__11 input design_1_i/top_controller_0/inst/u_preprocessor/p_0_out__11/B[17:0] is not pipelined. Pipelining DSP48 input will improve performance.
WARNING: [DRC DPIP-2] Input pipelining: DSP design_1_i/top_controller_0/inst/u_preprocessor/p_0_out__12 input design_1_i/top_controller_0/inst/u_preprocessor/p_0_out__12/B[17:0] is not pipelined. Pipelining DSP48 input will improve performance.
WARNING: [DRC DPIP-2] Input pipelining: DSP design_1_i/top_controller_0/inst/u_preprocessor/p_0_out__2 input design_1_i/top_controller_0/inst/u_preprocessor/p_0_out__2/A[29:0] is not pipelined. Pipelining DSP48 input will improve performance.
WARNING: [DRC DPIP-2] Input pipelining: DSP design_1_i/top_controller_0/inst/u_preprocessor/p_0_out__2 input design_1_i/top_controller_0/inst/u_preprocessor/p_0_out__2/B[17:0] is not pipelined. Pipelining DSP48 input will improve performance.
WARNING: [DRC DPIP-2] Input pipelining: DSP design_1_i/top_controller_0/inst/u_preprocessor/p_0_out__3 input design_1_i/top_controller_0/inst/u_preprocessor/p_0_out__3/A[29:0] is not pipelined. Pipelining DSP48 input will improve performance.
WARNING: [DRC DPIP-2] Input pipelining: DSP design_1_i/top_controller_0/inst/u_preprocessor/p_0_out__3 input design_1_i/top_controller_0/inst/u_preprocessor/p_0_out__3/B[17:0] is not pipelined. Pipelining DSP48 input will improve performance.
WARNING: [DRC DPIP-2] Input pipelining: DSP design_1_i/top_controller_0/inst/u_preprocessor/p_0_out__4 input design_1_i/top_controller_0/inst/u_preprocessor/p_0_out__4/A[29:0] is not pipelined. Pipelining DSP48 input will improve performance.
WARNING: [DRC DPIP-2] Input pipelining: DSP design_1_i/top_controller_0/inst/u_preprocessor/p_0_out__5 input design_1_i/top_controller_0/inst/u_preprocessor/p_0_out__5/A[29:0] is not pipelined. Pipelining DSP48 input will improve performance.
WARNING: [DRC DPIP-2] Input pipelining: DSP design_1_i/top_controller_0/inst/u_preprocessor/p_0_out__5 input design_1_i/top_controller_0/inst/u_preprocessor/p_0_out__5/B[17:0] is not pipelined. Pipelining DSP48 input will improve performance.
WARNING: [DRC DPIP-2] Input pipelining: DSP design_1_i/top_controller_0/inst/u_preprocessor/p_0_out__6 input design_1_i/top_controller_0/inst/u_preprocessor/p_0_out__6/A[29:0] is not pipelined. Pipelining DSP48 input will improve performance.
WARNING: [DRC DPIP-2] Input pipelining: DSP design_1_i/top_controller_0/inst/u_preprocessor/p_0_out__6 input design_1_i/top_controller_0/inst/u_preprocessor/p_0_out__6/B[17:0] is not pipelined. Pipelining DSP48 input will improve performance.
WARNING: [DRC DPIP-2] Input pipelining: DSP design_1_i/top_controller_0/inst/u_preprocessor/p_0_out__7 input design_1_i/top_controller_0/inst/u_preprocessor/p_0_out__7/A[29:0] is not pipelined. Pipelining DSP48 input will improve performance.
WARNING: [DRC DPIP-2] Input pipelining: DSP design_1_i/top_controller_0/inst/u_preprocessor/p_0_out__7 input design_1_i/top_controller_0/inst/u_preprocessor/p_0_out__7/B[17:0] is not pipelined. Pipelining DSP48 input will improve performance.
WARNING: [DRC DPIP-2] Input pipelining: DSP design_1_i/top_controller_0/inst/u_preprocessor/p_0_out__8 input design_1_i/top_controller_0/inst/u_preprocessor/p_0_out__8/A[29:0] is not pipelined. Pipelining DSP48 input will improve performance.
WARNING: [DRC DPIP-2] Input pipelining: DSP design_1_i/top_controller_0/inst/u_preprocessor/p_0_out__8 input design_1_i/top_controller_0/inst/u_preprocessor/p_0_out__8/B[17:0] is not pipelined. Pipelining DSP48 input will improve performance.
WARNING: [DRC DPIP-2] Input pipelining: DSP design_1_i/top_controller_0/inst/u_preprocessor/p_0_out__9 input design_1_i/top_controller_0/inst/u_preprocessor/p_0_out__9/A[29:0] is not pipelined. Pipelining DSP48 input will improve performance.
WARNING: [DRC DPIP-2] Input pipelining: DSP design_1_i/top_controller_0/inst/u_preprocessor/p_0_out__9 input design_1_i/top_controller_0/inst/u_preprocessor/p_0_out__9/B[17:0] is not pipelined. Pipelining DSP48 input will improve performance.
WARNING: [DRC DPIP-2] Input pipelining: DSP design_1_i/top_controller_0/inst/u_preprocessor/pred_data_out_reg[pred_accel_x_3] input design_1_i/top_controller_0/inst/u_preprocessor/pred_data_out_reg[pred_accel_x_3]/A[29:0] is not pipelined. Pipelining DSP48 input will improve performance.
WARNING: [DRC DPIP-2] Input pipelining: DSP design_1_i/top_controller_0/inst/u_preprocessor/pred_data_out_reg[pred_accel_x_3] input design_1_i/top_controller_0/inst/u_preprocessor/pred_data_out_reg[pred_accel_x_3]/B[17:0] is not pipelined. Pipelining DSP48 input will improve performance.
WARNING: [DRC DPIP-2] Input pipelining: DSP design_1_i/top_controller_0/inst/u_preprocessor/pred_data_out_reg[pred_approach_speed] input design_1_i/top_controller_0/inst/u_preprocessor/pred_data_out_reg[pred_approach_speed]/A[29:0] is not pipelined. Pipelining DSP48 input will improve performance.
WARNING: [DRC DPOP-3] PREG Output pipelining: DSP design_1_i/top_controller_0/inst/u_preprocessor/p_0_out output design_1_i/top_controller_0/inst/u_preprocessor/p_0_out/P[47:0] is not pipelined (PREG=0). Pipelining the DSP48 output will improve performance and often saves power so it is suggested whenever possible to fully pipeline this function.  If this DSP48 function was inferred, it is suggested to describe an additional register stage after this function.  If the DSP48 was instantiated in the design, it is suggested to set the PREG attribute to 1.
WARNING: [DRC DPOP-3] PREG Output pipelining: DSP design_1_i/top_controller_0/inst/u_preprocessor/p_0_out__0 output design_1_i/top_controller_0/inst/u_preprocessor/p_0_out__0/P[47:0] is not pipelined (PREG=0). Pipelining the DSP48 output will improve performance and often saves power so it is suggested whenever possible to fully pipeline this function.  If this DSP48 function was inferred, it is suggested to describe an additional register stage after this function.  If the DSP48 was instantiated in the design, it is suggested to set the PREG attribute to 1.
WARNING: [DRC DPOP-3] PREG Output pipelining: DSP design_1_i/top_controller_0/inst/u_preprocessor/p_0_out__1 output design_1_i/top_controller_0/inst/u_preprocessor/p_0_out__1/P[47:0] is not pipelined (PREG=0). Pipelining the DSP48 output will improve performance and often saves power so it is suggested whenever possible to fully pipeline this function.  If this DSP48 function was inferred, it is suggested to describe an additional register stage after this function.  If the DSP48 was instantiated in the design, it is suggested to set the PREG attribute to 1.
WARNING: [DRC DPOP-3] PREG Output pipelining: DSP design_1_i/top_controller_0/inst/u_preprocessor/p_0_out__10 output design_1_i/top_controller_0/inst/u_preprocessor/p_0_out__10/P[47:0] is not pipelined (PREG=0). Pipelining the DSP48 output will improve performance and often saves power so it is suggested whenever possible to fully pipeline this function.  If this DSP48 function was inferred, it is suggested to describe an additional register stage after this function.  If the DSP48 was instantiated in the design, it is suggested to set the PREG attribute to 1.
WARNING: [DRC DPOP-3] PREG Output pipelining: DSP design_1_i/top_controller_0/inst/u_preprocessor/p_0_out__11 output design_1_i/top_controller_0/inst/u_preprocessor/p_0_out__11/P[47:0] is not pipelined (PREG=0). Pipelining the DSP48 output will improve performance and often saves power so it is suggested whenever possible to fully pipeline this function.  If this DSP48 function was inferred, it is suggested to describe an additional register stage after this function.  If the DSP48 was instantiated in the design, it is suggested to set the PREG attribute to 1.
WARNING: [DRC DPOP-3] PREG Output pipelining: DSP design_1_i/top_controller_0/inst/u_preprocessor/p_0_out__2 output design_1_i/top_controller_0/inst/u_preprocessor/p_0_out__2/P[47:0] is not pipelined (PREG=0). Pipelining the DSP48 output will improve performance and often saves power so it is suggested whenever possible to fully pipeline this function.  If this DSP48 function was inferred, it is suggested to describe an additional register stage after this function.  If the DSP48 was instantiated in the design, it is suggested to set the PREG attribute to 1.
WARNING: [DRC DPOP-3] PREG Output pipelining: DSP design_1_i/top_controller_0/inst/u_preprocessor/p_0_out__3 output design_1_i/top_controller_0/inst/u_preprocessor/p_0_out__3/P[47:0] is not pipelined (PREG=0). Pipelining the DSP48 output will improve performance and often saves power so it is suggested whenever possible to fully pipeline this function.  If this DSP48 function was inferred, it is suggested to describe an additional register stage after this function.  If the DSP48 was instantiated in the design, it is suggested to set the PREG attribute to 1.
WARNING: [DRC DPOP-3] PREG Output pipelining: DSP design_1_i/top_controller_0/inst/u_preprocessor/p_0_out__4 output design_1_i/top_controller_0/inst/u_preprocessor/p_0_out__4/P[47:0] is not pipelined (PREG=0). Pipelining the DSP48 output will improve performance and often saves power so it is suggested whenever possible to fully pipeline this function.  If this DSP48 function was inferred, it is suggested to describe an additional register stage after this function.  If the DSP48 was instantiated in the design, it is suggested to set the PREG attribute to 1.
WARNING: [DRC DPOP-3] PREG Output pipelining: DSP design_1_i/top_controller_0/inst/u_preprocessor/p_0_out__5 output design_1_i/top_controller_0/inst/u_preprocessor/p_0_out__5/P[47:0] is not pipelined (PREG=0). Pipelining the DSP48 output will improve performance and often saves power so it is suggested whenever possible to fully pipeline this function.  If this DSP48 function was inferred, it is suggested to describe an additional register stage after this function.  If the DSP48 was instantiated in the design, it is suggested to set the PREG attribute to 1.
WARNING: [DRC DPOP-3] PREG Output pipelining: DSP design_1_i/top_controller_0/inst/u_preprocessor/p_0_out__6 output design_1_i/top_controller_0/inst/u_preprocessor/p_0_out__6/P[47:0] is not pipelined (PREG=0). Pipelining the DSP48 output will improve performance and often saves power so it is suggested whenever possible to fully pipeline this function.  If this DSP48 function was inferred, it is suggested to describe an additional register stage after this function.  If the DSP48 was instantiated in the design, it is suggested to set the PREG attribute to 1.
WARNING: [DRC DPOP-3] PREG Output pipelining: DSP design_1_i/top_controller_0/inst/u_preprocessor/p_0_out__7 output design_1_i/top_controller_0/inst/u_preprocessor/p_0_out__7/P[47:0] is not pipelined (PREG=0). Pipelining the DSP48 output will improve performance and often saves power so it is suggested whenever possible to fully pipeline this function.  If this DSP48 function was inferred, it is suggested to describe an additional register stage after this function.  If the DSP48 was instantiated in the design, it is suggested to set the PREG attribute to 1.
WARNING: [DRC DPOP-3] PREG Output pipelining: DSP design_1_i/top_controller_0/inst/u_preprocessor/p_0_out__9 output design_1_i/top_controller_0/inst/u_preprocessor/p_0_out__9/P[47:0] is not pipelined (PREG=0). Pipelining the DSP48 output will improve performance and often saves power so it is suggested whenever possible to fully pipeline this function.  If this DSP48 function was inferred, it is suggested to describe an additional register stage after this function.  If the DSP48 was instantiated in the design, it is suggested to set the PREG attribute to 1.
WARNING: [DRC DPOP-3] PREG Output pipelining: DSP design_1_i/top_controller_0/inst/u_risk_control/p_0_out output design_1_i/top_controller_0/inst/u_risk_control/p_0_out/P[47:0] is not pipelined (PREG=0). Pipelining the DSP48 output will improve performance and often saves power so it is suggested whenever possible to fully pipeline this function.  If this DSP48 function was inferred, it is suggested to describe an additional register stage after this function.  If the DSP48 was instantiated in the design, it is suggested to set the PREG attribute to 1.
WARNING: [DRC DPOP-3] PREG Output pipelining: DSP design_1_i/top_controller_0/inst/u_risk_control/p_0_out__0 output design_1_i/top_controller_0/inst/u_risk_control/p_0_out__0/P[47:0] is not pipelined (PREG=0). Pipelining the DSP48 output will improve performance and often saves power so it is suggested whenever possible to fully pipeline this function.  If this DSP48 function was inferred, it is suggested to describe an additional register stage after this function.  If the DSP48 was instantiated in the design, it is suggested to set the PREG attribute to 1.
WARNING: [DRC DPOP-3] PREG Output pipelining: DSP design_1_i/top_controller_0/inst/u_risk_control/p_0_out__1 output design_1_i/top_controller_0/inst/u_risk_control/p_0_out__1/P[47:0] is not pipelined (PREG=0). Pipelining the DSP48 output will improve performance and often saves power so it is suggested whenever possible to fully pipeline this function.  If this DSP48 function was inferred, it is suggested to describe an additional register stage after this function.  If the DSP48 was instantiated in the design, it is suggested to set the PREG attribute to 1.
WARNING: [DRC DPOP-3] PREG Output pipelining: DSP design_1_i/top_controller_0/inst/u_risk_control/p_0_out__2 output design_1_i/top_controller_0/inst/u_risk_control/p_0_out__2/P[47:0] is not pipelined (PREG=0). Pipelining the DSP48 output will improve performance and often saves power so it is suggested whenever possible to fully pipeline this function.  If this DSP48 function was inferred, it is suggested to describe an additional register stage after this function.  If the DSP48 was instantiated in the design, it is suggested to set the PREG attribute to 1.
WARNING: [DRC DPOP-3] PREG Output pipelining: DSP design_1_i/top_controller_0/inst/u_sensor_reliability/u_cons_1_distance/val output design_1_i/top_controller_0/inst/u_sensor_reliability/u_cons_1_distance/val/P[47:0] is not pipelined (PREG=0). Pipelining the DSP48 output will improve performance and often saves power so it is suggested whenever possible to fully pipeline this function.  If this DSP48 function was inferred, it is suggested to describe an additional register stage after this function.  If the DSP48 was instantiated in the design, it is suggested to set the PREG attribute to 1.
WARNING: [DRC DPOP-4] MREG Output pipelining: DSP design_1_i/top_controller_0/inst/u_preprocessor/p_0_out multiplier stage design_1_i/top_controller_0/inst/u_preprocessor/p_0_out/P[47:0] is not pipelined (MREG=0). Pipelining the multiplier function will improve performance and will save significant power so it is suggested whenever possible to fully pipeline this function.  If this multiplier was inferred, it is suggested to describe an additional register stage after this function.  If there is no registered adder/accumulator following the multiply function, two pipeline stages are suggested to allow both the MREG and PREG registers to be used.  If the DSP48 was instantiated in the design, it is suggested to set both the MREG and PREG attributes to 1 when performing multiply functions.
WARNING: [DRC DPOP-4] MREG Output pipelining: DSP design_1_i/top_controller_0/inst/u_preprocessor/p_0_out__0 multiplier stage design_1_i/top_controller_0/inst/u_preprocessor/p_0_out__0/P[47:0] is not pipelined (MREG=0). Pipelining the multiplier function will improve performance and will save significant power so it is suggested whenever possible to fully pipeline this function.  If this multiplier was inferred, it is suggested to describe an additional register stage after this function.  If there is no registered adder/accumulator following the multiply function, two pipeline stages are suggested to allow both the MREG and PREG registers to be used.  If the DSP48 was instantiated in the design, it is suggested to set both the MREG and PREG attributes to 1 when performing multiply functions.
WARNING: [DRC DPOP-4] MREG Output pipelining: DSP design_1_i/top_controller_0/inst/u_preprocessor/p_0_out__1 multiplier stage design_1_i/top_controller_0/inst/u_preprocessor/p_0_out__1/P[47:0] is not pipelined (MREG=0). Pipelining the multiplier function will improve performance and will save significant power so it is suggested whenever possible to fully pipeline this function.  If this multiplier was inferred, it is suggested to describe an additional register stage after this function.  If there is no registered adder/accumulator following the multiply function, two pipeline stages are suggested to allow both the MREG and PREG registers to be used.  If the DSP48 was instantiated in the design, it is suggested to set both the MREG and PREG attributes to 1 when performing multiply functions.
WARNING: [DRC DPOP-4] MREG Output pipelining: DSP design_1_i/top_controller_0/inst/u_preprocessor/p_0_out__10 multiplier stage design_1_i/top_controller_0/inst/u_preprocessor/p_0_out__10/P[47:0] is not pipelined (MREG=0). Pipelining the multiplier function will improve performance and will save significant power so it is suggested whenever possible to fully pipeline this function.  If this multiplier was inferred, it is suggested to describe an additional register stage after this function.  If there is no registered adder/accumulator following the multiply function, two pipeline stages are suggested to allow both the MREG and PREG registers to be used.  If the DSP48 was instantiated in the design, it is suggested to set both the MREG and PREG attributes to 1 when performing multiply functions.
WARNING: [DRC DPOP-4] MREG Output pipelining: DSP design_1_i/top_controller_0/inst/u_preprocessor/p_0_out__11 multiplier stage design_1_i/top_controller_0/inst/u_preprocessor/p_0_out__11/P[47:0] is not pipelined (MREG=0). Pipelining the multiplier function will improve performance and will save significant power so it is suggested whenever possible to fully pipeline this function.  If this multiplier was inferred, it is suggested to describe an additional register stage after this function.  If there is no registered adder/accumulator following the multiply function, two pipeline stages are suggested to allow both the MREG and PREG registers to be used.  If the DSP48 was instantiated in the design, it is suggested to set both the MREG and PREG attributes to 1 when performing multiply functions.
WARNING: [DRC DPOP-4] MREG Output pipelining: DSP design_1_i/top_controller_0/inst/u_preprocessor/p_0_out__12 multiplier stage design_1_i/top_controller_0/inst/u_preprocessor/p_0_out__12/P[47:0] is not pipelined (MREG=0). Pipelining the multiplier function will improve performance and will save significant power so it is suggested whenever possible to fully pipeline this function.  If this multiplier was inferred, it is suggested to describe an additional register stage after this function.  If there is no registered adder/accumulator following the multiply function, two pipeline stages are suggested to allow both the MREG and PREG registers to be used.  If the DSP48 was instantiated in the design, it is suggested to set both the MREG and PREG attributes to 1 when performing multiply functions.
WARNING: [DRC DPOP-4] MREG Output pipelining: DSP design_1_i/top_controller_0/inst/u_preprocessor/p_0_out__2 multiplier stage design_1_i/top_controller_0/inst/u_preprocessor/p_0_out__2/P[47:0] is not pipelined (MREG=0). Pipelining the multiplier function will improve performance and will save significant power so it is suggested whenever possible to fully pipeline this function.  If this multiplier was inferred, it is suggested to describe an additional register stage after this function.  If there is no registered adder/accumulator following the multiply function, two pipeline stages are suggested to allow both the MREG and PREG registers to be used.  If the DSP48 was instantiated in the design, it is suggested to set both the MREG and PREG attributes to 1 when performing multiply functions.
WARNING: [DRC DPOP-4] MREG Output pipelining: DSP design_1_i/top_controller_0/inst/u_preprocessor/p_0_out__3 multiplier stage design_1_i/top_controller_0/inst/u_preprocessor/p_0_out__3/P[47:0] is not pipelined (MREG=0). Pipelining the multiplier function will improve performance and will save significant power so it is suggested whenever possible to fully pipeline this function.  If this multiplier was inferred, it is suggested to describe an additional register stage after this function.  If there is no registered adder/accumulator following the multiply function, two pipeline stages are suggested to allow both the MREG and PREG registers to be used.  If the DSP48 was instantiated in the design, it is suggested to set both the MREG and PREG attributes to 1 when performing multiply functions.
WARNING: [DRC DPOP-4] MREG Output pipelining: DSP design_1_i/top_controller_0/inst/u_preprocessor/p_0_out__4 multiplier stage design_1_i/top_controller_0/inst/u_preprocessor/p_0_out__4/P[47:0] is not pipelined (MREG=0). Pipelining the multiplier function will improve performance and will save significant power so it is suggested whenever possible to fully pipeline this function.  If this multiplier was inferred, it is suggested to describe an additional register stage after this function.  If there is no registered adder/accumulator following the multiply function, two pipeline stages are suggested to allow both the MREG and PREG registers to be used.  If the DSP48 was instantiated in the design, it is suggested to set both the MREG and PREG attributes to 1 when performing multiply functions.
WARNING: [DRC DPOP-4] MREG Output pipelining: DSP design_1_i/top_controller_0/inst/u_preprocessor/p_0_out__5 multiplier stage design_1_i/top_controller_0/inst/u_preprocessor/p_0_out__5/P[47:0] is not pipelined (MREG=0). Pipelining the multiplier function will improve performance and will save significant power so it is suggested whenever possible to fully pipeline this function.  If this multiplier was inferred, it is suggested to describe an additional register stage after this function.  If there is no registered adder/accumulator following the multiply function, two pipeline stages are suggested to allow both the MREG and PREG registers to be used.  If the DSP48 was instantiated in the design, it is suggested to set both the MREG and PREG attributes to 1 when performing multiply functions.
WARNING: [DRC DPOP-4] MREG Output pipelining: DSP design_1_i/top_controller_0/inst/u_preprocessor/p_0_out__6 multiplier stage design_1_i/top_controller_0/inst/u_preprocessor/p_0_out__6/P[47:0] is not pipelined (MREG=0). Pipelining the multiplier function will improve performance and will save significant power so it is suggested whenever possible to fully pipeline this function.  If this multiplier was inferred, it is suggested to describe an additional register stage after this function.  If there is no registered adder/accumulator following the multiply function, two pipeline stages are suggested to allow both the MREG and PREG registers to be used.  If the DSP48 was instantiated in the design, it is suggested to set both the MREG and PREG attributes to 1 when performing multiply functions.
WARNING: [DRC DPOP-4] MREG Output pipelining: DSP design_1_i/top_controller_0/inst/u_preprocessor/p_0_out__7 multiplier stage design_1_i/top_controller_0/inst/u_preprocessor/p_0_out__7/P[47:0] is not pipelined (MREG=0). Pipelining the multiplier function will improve performance and will save significant power so it is suggested whenever possible to fully pipeline this function.  If this multiplier was inferred, it is suggested to describe an additional register stage after this function.  If there is no registered adder/accumulator following the multiply function, two pipeline stages are suggested to allow both the MREG and PREG registers to be used.  If the DSP48 was instantiated in the design, it is suggested to set both the MREG and PREG attributes to 1 when performing multiply functions.
WARNING: [DRC DPOP-4] MREG Output pipelining: DSP design_1_i/top_controller_0/inst/u_preprocessor/p_0_out__8 multiplier stage design_1_i/top_controller_0/inst/u_preprocessor/p_0_out__8/P[47:0] is not pipelined (MREG=0). Pipelining the multiplier function will improve performance and will save significant power so it is suggested whenever possible to fully pipeline this function.  If this multiplier was inferred, it is suggested to describe an additional register stage after this function.  If there is no registered adder/accumulator following the multiply function, two pipeline stages are suggested to allow both the MREG and PREG registers to be used.  If the DSP48 was instantiated in the design, it is suggested to set both the MREG and PREG attributes to 1 when performing multiply functions.
WARNING: [DRC DPOP-4] MREG Output pipelining: DSP design_1_i/top_controller_0/inst/u_preprocessor/p_0_out__9 multiplier stage design_1_i/top_controller_0/inst/u_preprocessor/p_0_out__9/P[47:0] is not pipelined (MREG=0). Pipelining the multiplier function will improve performance and will save significant power so it is suggested whenever possible to fully pipeline this function.  If this multiplier was inferred, it is suggested to describe an additional register stage after this function.  If there is no registered adder/accumulator following the multiply function, two pipeline stages are suggested to allow both the MREG and PREG registers to be used.  If the DSP48 was instantiated in the design, it is suggested to set both the MREG and PREG attributes to 1 when performing multiply functions.
WARNING: [DRC DPOP-4] MREG Output pipelining: DSP design_1_i/top_controller_0/inst/u_preprocessor/pred_data_out_reg[pred_accel_x_3] multiplier stage design_1_i/top_controller_0/inst/u_preprocessor/pred_data_out_reg[pred_accel_x_3]/P[47:0] is not pipelined (MREG=0). Pipelining the multiplier function will improve performance and will save significant power so it is suggested whenever possible to fully pipeline this function.  If this multiplier was inferred, it is suggested to describe an additional register stage after this function.  If there is no registered adder/accumulator following the multiply function, two pipeline stages are suggested to allow both the MREG and PREG registers to be used.  If the DSP48 was instantiated in the design, it is suggested to set both the MREG and PREG attributes to 1 when performing multiply functions.
WARNING: [DRC DPOP-4] MREG Output pipelining: DSP design_1_i/top_controller_0/inst/u_preprocessor/pred_data_out_reg[pred_approach_speed] multiplier stage design_1_i/top_controller_0/inst/u_preprocessor/pred_data_out_reg[pred_approach_speed]/P[47:0] is not pipelined (MREG=0). Pipelining the multiplier function will improve performance and will save significant power so it is suggested whenever possible to fully pipeline this function.  If this multiplier was inferred, it is suggested to describe an additional register stage after this function.  If there is no registered adder/accumulator following the multiply function, two pipeline stages are suggested to allow both the MREG and PREG registers to be used.  If the DSP48 was instantiated in the design, it is suggested to set both the MREG and PREG attributes to 1 when performing multiply functions.
WARNING: [DRC DPOP-4] MREG Output pipelining: DSP design_1_i/top_controller_0/inst/u_preprocessor/pred_data_out_reg[pred_gyro_x_1] multiplier stage design_1_i/top_controller_0/inst/u_preprocessor/pred_data_out_reg[pred_gyro_x_1]/P[47:0] is not pipelined (MREG=0). Pipelining the multiplier function will improve performance and will save significant power so it is suggested whenever possible to fully pipeline this function.  If this multiplier was inferred, it is suggested to describe an additional register stage after this function.  If there is no registered adder/accumulator following the multiply function, two pipeline stages are suggested to allow both the MREG and PREG registers to be used.  If the DSP48 was instantiated in the design, it is suggested to set both the MREG and PREG attributes to 1 when performing multiply functions.
WARNING: [DRC DPOP-4] MREG Output pipelining: DSP design_1_i/top_controller_0/inst/u_preprocessor/pred_data_out_reg[pred_gyro_y_1] multiplier stage design_1_i/top_controller_0/inst/u_preprocessor/pred_data_out_reg[pred_gyro_y_1]/P[47:0] is not pipelined (MREG=0). Pipelining the multiplier function will improve performance and will save significant power so it is suggested whenever possible to fully pipeline this function.  If this multiplier was inferred, it is suggested to describe an additional register stage after this function.  If there is no registered adder/accumulator following the multiply function, two pipeline stages are suggested to allow both the MREG and PREG registers to be used.  If the DSP48 was instantiated in the design, it is suggested to set both the MREG and PREG attributes to 1 when performing multiply functions.
WARNING: [DRC DPOP-4] MREG Output pipelining: DSP design_1_i/top_controller_0/inst/u_preprocessor/pred_data_out_reg[pred_gyro_z_1] multiplier stage design_1_i/top_controller_0/inst/u_preprocessor/pred_data_out_reg[pred_gyro_z_1]/P[47:0] is not pipelined (MREG=0). Pipelining the multiplier function will improve performance and will save significant power so it is suggested whenever possible to fully pipeline this function.  If this multiplier was inferred, it is suggested to describe an additional register stage after this function.  If there is no registered adder/accumulator following the multiply function, two pipeline stages are suggested to allow both the MREG and PREG registers to be used.  If the DSP48 was instantiated in the design, it is suggested to set both the MREG and PREG attributes to 1 when performing multiply functions.
WARNING: [DRC DPOP-4] MREG Output pipelining: DSP design_1_i/top_controller_0/inst/u_risk_control/p_0_out multiplier stage design_1_i/top_controller_0/inst/u_risk_control/p_0_out/P[47:0] is not pipelined (MREG=0). Pipelining the multiplier function will improve performance and will save significant power so it is suggested whenever possible to fully pipeline this function.  If this multiplier was inferred, it is suggested to describe an additional register stage after this function.  If there is no registered adder/accumulator following the multiply function, two pipeline stages are suggested to allow both the MREG and PREG registers to be used.  If the DSP48 was instantiated in the design, it is suggested to set both the MREG and PREG attributes to 1 when performing multiply functions.
WARNING: [DRC DPOP-4] MREG Output pipelining: DSP design_1_i/top_controller_0/inst/u_risk_control/p_0_out__0 multiplier stage design_1_i/top_controller_0/inst/u_risk_control/p_0_out__0/P[47:0] is not pipelined (MREG=0). Pipelining the multiplier function will improve performance and will save significant power so it is suggested whenever possible to fully pipeline this function.  If this multiplier was inferred, it is suggested to describe an additional register stage after this function.  If there is no registered adder/accumulator following the multiply function, two pipeline stages are suggested to allow both the MREG and PREG registers to be used.  If the DSP48 was instantiated in the design, it is suggested to set both the MREG and PREG attributes to 1 when performing multiply functions.
WARNING: [DRC DPOP-4] MREG Output pipelining: DSP design_1_i/top_controller_0/inst/u_risk_control/p_0_out__1 multiplier stage design_1_i/top_controller_0/inst/u_risk_control/p_0_out__1/P[47:0] is not pipelined (MREG=0). Pipelining the multiplier function will improve performance and will save significant power so it is suggested whenever possible to fully pipeline this function.  If this multiplier was inferred, it is suggested to describe an additional register stage after this function.  If there is no registered adder/accumulator following the multiply function, two pipeline stages are suggested to allow both the MREG and PREG registers to be used.  If the DSP48 was instantiated in the design, it is suggested to set both the MREG and PREG attributes to 1 when performing multiply functions.
WARNING: [DRC DPOP-4] MREG Output pipelining: DSP design_1_i/top_controller_0/inst/u_risk_control/p_0_out__2 multiplier stage design_1_i/top_controller_0/inst/u_risk_control/p_0_out__2/P[47:0] is not pipelined (MREG=0). Pipelining the multiplier function will improve performance and will save significant power so it is suggested whenever possible to fully pipeline this function.  If this multiplier was inferred, it is suggested to describe an additional register stage after this function.  If there is no registered adder/accumulator following the multiply function, two pipeline stages are suggested to allow both the MREG and PREG registers to be used.  If the DSP48 was instantiated in the design, it is suggested to set both the MREG and PREG attributes to 1 when performing multiply functions.
WARNING: [DRC DPOP-4] MREG Output pipelining: DSP design_1_i/top_controller_0/inst/u_sensor_reliability/u_cons_1_distance/val multiplier stage design_1_i/top_controller_0/inst/u_sensor_reliability/u_cons_1_distance/val/P[47:0] is not pipelined (MREG=0). Pipelining the multiplier function will improve performance and will save significant power so it is suggested whenever possible to fully pipeline this function.  If this multiplier was inferred, it is suggested to describe an additional register stage after this function.  If there is no registered adder/accumulator following the multiply function, two pipeline stages are suggested to allow both the MREG and PREG registers to be used.  If the DSP48 was instantiated in the design, it is suggested to set both the MREG and PREG attributes to 1 when performing multiply functions.
INFO: [Vivado 12-3199] DRC finished with 0 Errors, 67 Warnings
INFO: [Vivado 12-3200] Please refer to the DRC report (report_drc) for more information.
INFO: [Designutils 20-2272] Running write_bitstream with 2 threads.
Loading data files...
Loading site data...
Loading route data...
Processing options...
Creating bitmap...
Creating bitstream...
Writing bitstream ./design_1_wrapper.bit...
INFO: [Vivado 12-1842] Bitgen Completed Successfully.
INFO: [Project 1-1876] WebTalk data collection is mandatory when using a ULT device. To see the specific WebTalk data collected for your design, open the usage_statistics_webtalk.html or usage_statistics_webtalk.xml file in the implementation directory.
INFO: [Common 17-83] Releasing license: Implementation
12 Infos, 67 Warnings, 0 Critical Warnings and 0 Errors encountered.
write_bitstream completed successfully
write_bitstream: Time (s): cpu = 00:00:35 ; elapsed = 00:00:32 . Memory (MB): peak = 3641.047 ; gain = 0.000
INFO: [Common 17-206] Exiting Vivado at Thu Aug 13 22:15:32 2026...
[Thu Aug 13 22:15:38 2026] impl_1 finished
wait_on_runs: Time (s): cpu = 00:00:00 ; elapsed = 00:08:03 . Memory (MB): peak = 3543.773 ; gain = 0.000
# set impl_status [get_property STATUS [get_runs impl_1]]
# puts "IMPL_STATUS=$impl_status"
IMPL_STATUS=write_bitstream Complete!
# if {![string match "*Complete*" $impl_status]} {
#     error "Implementation/bitstream did not complete: $impl_status"
# }
# open_run impl_1
Netlist sorting complete. Time (s): cpu = 00:00:00 ; elapsed = 00:00:00.354 . Memory (MB): peak = 3543.773 ; gain = 0.000
INFO: [Netlist 29-17] Analyzing 882 Unisim elements for replacement
INFO: [Netlist 29-28] Unisim Transformation completed in 1 CPU seconds
INFO: [Project 1-479] Netlist was created with Vivado 2022.2
INFO: [Project 1-570] Preparing netlist for logic optimization
INFO: [Timing 38-478] Restoring timing data from binary archive.
INFO: [Timing 38-479] Binary timing data restore complete.
INFO: [Project 1-856] Restoring constraints from binary archive.
INFO: [Project 1-853] Binary constraint restore complete.
Reading XDEF placement.
Reading placer database...
Reading XDEF routing.
Read XDEF Files: Time (s): cpu = 00:00:04 ; elapsed = 00:00:06 . Memory (MB): peak = 3543.773 ; gain = 0.000
Restored from archive | CPU: 5.000000 secs | Memory: 0.000000 MB |
Finished XDEF File Restore: Time (s): cpu = 00:00:04 ; elapsed = 00:00:06 . Memory (MB): peak = 3543.773 ; gain = 0.000
Netlist sorting complete. Time (s): cpu = 00:00:00 ; elapsed = 00:00:00.007 . Memory (MB): peak = 3543.773 ; gain = 0.000
INFO: [Project 1-111] Unisim Transformation Summary:
  A total of 24 instances were transformed.
  DSP48E2 => DSP48E2 (DSP_ALU, DSP_A_B_DATA, DSP_C_DATA, DSP_MULTIPLIER, DSP_M_DATA, DSP_OUTPUT, DSP_PREADD, DSP_PREADD_DATA): 12 instances
  DSP48E2 => DSP48E2 (inverted pins: RSTA) (DSP_ALU, DSP_A_B_DATA, DSP_C_DATA, DSP_MULTIPLIER, DSP_M_DATA, DSP_OUTPUT, DSP_PREADD, DSP_PREADD_DATA): 4 instances
  DSP48E2 => DSP48E2 (inverted pins: RSTA, RSTC) (DSP_ALU, DSP_A_B_DATA, DSP_C_DATA, DSP_MULTIPLIER, DSP_M_DATA, DSP_OUTPUT, DSP_PREADD, DSP_PREADD_DATA): 1 instance 
  DSP48E2 => DSP48E2 (inverted pins: RSTA, RSTP) (DSP_ALU, DSP_A_B_DATA, DSP_C_DATA, DSP_MULTIPLIER, DSP_M_DATA, DSP_OUTPUT, DSP_PREADD, DSP_PREADD_DATA): 4 instances
  DSP48E2 => DSP48E2 (inverted pins: RSTP) (DSP_ALU, DSP_A_B_DATA, DSP_C_DATA, DSP_MULTIPLIER, DSP_M_DATA, DSP_OUTPUT, DSP_PREADD, DSP_PREADD_DATA): 3 instances

open_run: Time (s): cpu = 00:00:16 ; elapsed = 00:00:21 . Memory (MB): peak = 3543.773 ; gain = 0.000
# report_timing_summary -delay_type min_max -max_paths 20 \
#     -file [file join $report_dir implemented_timing_summary.rpt]
INFO: [Timing 38-91] UpdateTimingParams: Speed grade: -1, Temperature grade: E, Delay Type: min_max.
INFO: [Timing 38-191] Multithreading enabled for timing update using a maximum of 2 CPUs
report_timing_summary: Time (s): cpu = 00:00:12 ; elapsed = 00:00:08 . Memory (MB): peak = 3543.773 ; gain = 0.000
# report_utilization -file [file join $report_dir implemented_utilization.rpt]
# report_drc -file [file join $report_dir implemented_drc.rpt]
Command: report_drc -file C:/Users/jiho0/GitProjects/FPGA-Autonomous-Vehicle-Project/verification_reports/full_project_88888mhz/implemented_drc.rpt
INFO: [IP_Flow 19-1839] IP Catalog is up to date.
INFO: [DRC 23-27] Running DRC with 2 threads
INFO: [Vivado_Tcl 2-168] The results of DRC are in file C:/Users/jiho0/GitProjects/FPGA-Autonomous-Vehicle-Project/verification_reports/full_project_88888mhz/implemented_drc.rpt.
report_drc completed successfully
report_drc: Time (s): cpu = 00:00:10 ; elapsed = 00:00:07 . Memory (MB): peak = 3543.773 ; gain = 0.000
# report_clock_utilization -file [file join $report_dir clock_utilization.rpt]
# set bit_file [file join $repo_root FPGA_project FPGA_project.runs impl_1 design_1_wrapper.bit]
# if {![file exists $bit_file]} {
#     error "Bitstream was not created: $bit_file"
# }
# write_hw_platform -fixed -include_bit -force \
#     -file [file join $repo_root FPGA_project design_1_wrapper.xsa]
INFO: [Project 1-1918] Creating Hardware Platform: C:/Users/jiho0/GitProjects/FPGA-Autonomous-Vehicle-Project/FPGA_project/design_1_wrapper.xsa ...
INFO: [Project 1-1943] The Hardware Platform can be used for Hardware
INFO: [Project 1-1941] Successfully created Hardware Platform: C:/Users/jiho0/GitProjects/FPGA-Autonomous-Vehicle-Project/FPGA_project/design_1_wrapper.xsa
INFO: [Hsi 55-2053] elapsed time for repository (C:/Xilinx/Vivado/2022.2/data/embeddedsw) loading 1 seconds
write_hw_platform: Time (s): cpu = 00:00:18 ; elapsed = 00:00:21 . Memory (MB): peak = 3543.773 ; gain = 0.000
# puts "BITSTREAM_FILE=$bit_file"
BITSTREAM_FILE=C:/Users/jiho0/GitProjects/FPGA-Autonomous-Vehicle-Project/FPGA_project/FPGA_project.runs/impl_1/design_1_wrapper.bit
# puts "FULL_PROJECT_BUILD=PASS"
FULL_PROJECT_BUILD=PASS
# close_project
INFO: [Common 17-206] Exiting Vivado at Thu Aug 13 22:16:41 2026...
