Copyright 1986-2022 Xilinx, Inc. All Rights Reserved.
-------------------------------------------------------------------------------------------------------------------------------------------------------------------------------------------------------------------------
| Tool Version      : Vivado v.2022.2 (win64) Build 3671981 Fri Oct 14 05:00:03 MDT 2022
| Date              : Fri Aug 14 15:19:02 2026
| Host              : JH_HP running 64-bit major release  (build 9200)
| Command           : report_timing_summary -delay_type min_max -max_paths 20 -file C:/Users/jiho0/GitProjects/FPGA-Autonomous-Vehicle-Project/verification_reports/full_project_88888mhz/implemented_timing_summary.rpt
| Design            : design_1_wrapper
| Device            : xczu2cg-sfvc784
| Speed File        : -1  PRODUCTION 1.30 05-15-2022
| Temperature Grade : E
-------------------------------------------------------------------------------------------------------------------------------------------------------------------------------------------------------------------------

Timing Summary Report

------------------------------------------------------------------------------------------------
| Timer Settings
| --------------
------------------------------------------------------------------------------------------------

  Enable Multi Corner Analysis               :  Yes
  Enable Pessimism Removal                   :  Yes
  Pessimism Removal Resolution               :  Nearest Common Node
  Enable Input Delay Default Clock           :  No
  Enable Preset / Clear Arcs                 :  No
  Disable Flight Delays                      :  No
  Ignore I/O Paths                           :  No
  Timing Early Launch at Borrowing Latches   :  No
  Borrow Time for Max Delay Exceptions       :  Yes
  Merge Timing Exceptions                    :  Yes

  Corner  Analyze    Analyze    
  Name    Max Paths  Min Paths  
  ------  ---------  ---------  
  Slow    Yes        Yes        
  Fast    Yes        Yes        


------------------------------------------------------------------------------------------------
| Report Methodology
| ------------------
------------------------------------------------------------------------------------------------

No report available as report_methodology has not been run prior. Run report_methodology on the current design for the summary of methodology violations.



check_timing report

Table of Contents
-----------------
1. checking no_clock (0)
2. checking constant_clock (0)
3. checking pulse_width_clock (0)
4. checking unconstrained_internal_endpoints (0)
5. checking no_input_delay (0)
6. checking no_output_delay (0)
7. checking multiple_clock (0)
8. checking generated_clocks (0)
9. checking loops (0)
10. checking partial_input_delay (0)
11. checking partial_output_delay (0)
12. checking latch_loops (0)

1. checking no_clock (0)
------------------------
 There are 0 register/latch pins with no clock.


2. checking constant_clock (0)
------------------------------
 There are 0 register/latch pins with constant_clock.


3. checking pulse_width_clock (0)
---------------------------------
 There are 0 register/latch pins which need pulse_width check


4. checking unconstrained_internal_endpoints (0)
------------------------------------------------
 There are 0 pins that are not constrained for maximum delay.

 There are 0 pins that are not constrained for maximum delay due to constant clock.


5. checking no_input_delay (0)
------------------------------
 There are 0 input ports with no input delay specified.

 There are 0 input ports with no input delay but user has a false path constraint.


6. checking no_output_delay (0)
-------------------------------
 There are 0 ports with no output delay specified.

 There are 0 ports with no output delay but user has a false path constraint

 There are 0 ports with no output delay but with a timing clock defined on it or propagating through it


7. checking multiple_clock (0)
------------------------------
 There are 0 register/latch pins with multiple clocks.


8. checking generated_clocks (0)
--------------------------------
 There are 0 generated clocks that are not connected to a clock source.


9. checking loops (0)
---------------------
 There are 0 combinational loops in the design.


10. checking partial_input_delay (0)
------------------------------------
 There are 0 input ports with partial input delay specified.


11. checking partial_output_delay (0)
-------------------------------------
 There are 0 ports with partial output delay specified.


12. checking latch_loops (0)
----------------------------
 There are 0 combinational latch loops in the design through latch input



------------------------------------------------------------------------------------------------
| Design Timing Summary
| ---------------------
------------------------------------------------------------------------------------------------

    WNS(ns)      TNS(ns)  TNS Failing Endpoints  TNS Total Endpoints      WHS(ns)      THS(ns)  THS Failing Endpoints  THS Total Endpoints     WPWS(ns)     TPWS(ns)  TPWS Failing Endpoints  TPWS Total Endpoints  
    -------      -------  ---------------------  -------------------      -------      -------  ---------------------  -------------------     --------     --------  ----------------------  --------------------  
      0.311        0.000                      0                18860        0.005        0.000                      0                18860        4.125        0.000                       0                  6463  


All user specified timing constraints are met.


------------------------------------------------------------------------------------------------
| Clock Summary
| -------------
------------------------------------------------------------------------------------------------

Clock     Waveform(ns)       Period(ns)      Frequency(MHz)
-----     ------------       ----------      --------------
clk_pl_0  {0.000 5.625}      11.250          88.889          


------------------------------------------------------------------------------------------------
| Intra Clock Table
| -----------------
------------------------------------------------------------------------------------------------

Clock             WNS(ns)      TNS(ns)  TNS Failing Endpoints  TNS Total Endpoints      WHS(ns)      THS(ns)  THS Failing Endpoints  THS Total Endpoints     WPWS(ns)     TPWS(ns)  TPWS Failing Endpoints  TPWS Total Endpoints  
-----             -------      -------  ---------------------  -------------------      -------      -------  ---------------------  -------------------     --------     --------  ----------------------  --------------------  
clk_pl_0            0.311        0.000                      0                18860        0.005        0.000                      0                18860        4.125        0.000                       0                  6463  


------------------------------------------------------------------------------------------------
| Inter Clock Table
| -----------------
------------------------------------------------------------------------------------------------

From Clock    To Clock          WNS(ns)      TNS(ns)  TNS Failing Endpoints  TNS Total Endpoints      WHS(ns)      THS(ns)  THS Failing Endpoints  THS Total Endpoints  
----------    --------          -------      -------  ---------------------  -------------------      -------      -------  ---------------------  -------------------  


------------------------------------------------------------------------------------------------
| Other Path Groups Table
| -----------------------
------------------------------------------------------------------------------------------------

Path Group    From Clock    To Clock          WNS(ns)      TNS(ns)  TNS Failing Endpoints  TNS Total Endpoints      WHS(ns)      THS(ns)  THS Failing Endpoints  THS Total Endpoints  
----------    ----------    --------          -------      -------  ---------------------  -------------------      -------      -------  ---------------------  -------------------  


------------------------------------------------------------------------------------------------
| Timing Details
| --------------
------------------------------------------------------------------------------------------------


---------------------------------------------------------------------------------------------------
From Clock:  clk_pl_0
  To Clock:  clk_pl_0

Setup :            0  Failing Endpoints,  Worst Slack        0.311ns,  Total Violation        0.000ns
Hold  :            0  Failing Endpoints,  Worst Slack        0.005ns,  Total Violation        0.000ns
PW    :            0  Failing Endpoints,  Worst Slack        4.125ns,  Total Violation        0.000ns
---------------------------------------------------------------------------------------------------


Max Delay Paths
--------------------------------------------------------------------------------------
Slack (MET) :             0.311ns  (required time - arrival time)
  Source:                 design_1_i/top_controller_0/inst/u_axi_slave/slv_reg3_reg[0]/C
                            (rising edge-triggered cell FDRE clocked by clk_pl_0  {rise@0.000ns fall@5.625ns period=11.250ns})
  Destination:            design_1_i/top_controller_0/inst/u_preprocessor/pred_data_out_reg[pred_accel_y_1][11]/D
                            (rising edge-triggered cell FDRE clocked by clk_pl_0  {rise@0.000ns fall@5.625ns period=11.250ns})
  Path Group:             clk_pl_0
  Path Type:              Setup (Max at Slow Process Corner)
  Requirement:            11.250ns  (clk_pl_0 rise@11.250ns - clk_pl_0 rise@0.000ns)
  Data Path Delay:        10.599ns  (logic 7.134ns (67.307%)  route 3.465ns (32.693%))
  Logic Levels:           35  (CARRY8=4 DSP_A_B_DATA=3 DSP_ALU=3 DSP_M_DATA=3 DSP_MULTIPLIER=3 DSP_OUTPUT=3 DSP_PREADD_DATA=3 LUT3=2 LUT4=1 LUT5=1 LUT6=9)
  Clock Path Skew:        -0.185ns (DCD - SCD + CPR)
    Destination Clock Delay (DCD):    1.726ns = ( 12.976 - 11.250 ) 
    Source Clock Delay      (SCD):    2.018ns
    Clock Pessimism Removal (CPR):    0.107ns
  Clock Uncertainty:      0.182ns  ((TSJ^2 + DJ^2)^1/2) / 2 + PE
    Total System Jitter     (TSJ):    0.071ns
    Discrete Jitter          (DJ):    0.356ns
    Phase Error              (PE):    0.000ns
  Clock Net Delay (Source):      1.811ns (routing 0.638ns, distribution 1.173ns)
  Clock Net Delay (Destination): 1.559ns (routing 0.576ns, distribution 0.983ns)

    Location             Delay type                Incr(ns)  Path(ns)    Netlist Resource(s)
  -------------------------------------------------------------------    -------------------
                         (clock clk_pl_0 rise edge)
                                                      0.000     0.000 r  
    PS8_X0Y0             PS8                          0.000     0.000 r  design_1_i/zynq_ultra_ps_e_0/inst/PS8_i/PLCLK[0]
                         net (fo=1, routed)           0.178     0.178    design_1_i/zynq_ultra_ps_e_0/inst/pl_clk_unbuffered[0]
    BUFG_PS_X0Y58        BUFG_PS (Prop_BUFG_PS_I_O)
                                                      0.029     0.207 r  design_1_i/zynq_ultra_ps_e_0/inst/buffer_pl_clk_0.PL_CLK_0_BUFG/O
    X0Y1 (CLOCK_ROOT)    net (fo=6524, routed)        1.811     2.018    design_1_i/top_controller_0/inst/u_axi_slave/S_AXI_ACLK
    SLICE_X20Y57         FDRE                                         r  design_1_i/top_controller_0/inst/u_axi_slave/slv_reg3_reg[0]/C
  -------------------------------------------------------------------    -------------------
    SLICE_X20Y57         FDRE (Prop_FFF_SLICEM_C_Q)
                                                      0.094     2.112 r  design_1_i/top_controller_0/inst/u_axi_slave/slv_reg3_reg[0]/Q
                         net (fo=14, routed)          0.183     2.295    design_1_i/top_controller_0/inst/u_axi_slave/Q[0]
    SLICE_X22Y58         LUT3 (Prop_E6LUT_SLICEL_I2_O)
                                                      0.039     2.334 r  design_1_i/top_controller_0/inst/u_axi_slave/p_0_out__3_i_13/O
                         net (fo=4, routed)           0.120     2.454    design_1_i/top_controller_0/inst/u_axi_slave/p_0_out__3_i_13_n_0
    SLICE_X20Y58         LUT6 (Prop_A6LUT_SLICEM_I3_O)
                                                      0.064     2.518 r  design_1_i/top_controller_0/inst/u_axi_slave/g0_b0__3_i_13/O
                         net (fo=2, routed)           0.114     2.632    design_1_i/top_controller_0/inst/u_axi_slave/g0_b0__3_i_13_n_0
    SLICE_X20Y58         LUT6 (Prop_H6LUT_SLICEM_I4_O)
                                                      0.041     2.673 r  design_1_i/top_controller_0/inst/u_axi_slave/consistency_cnt[31]_i_20__12/O
                         net (fo=3, routed)           0.196     2.869    design_1_i/top_controller_0/inst/u_axi_slave/consistency_cnt[31]_i_20__12_n_0
    SLICE_X20Y59         LUT6 (Prop_D6LUT_SLICEM_I5_O)
                                                      0.038     2.907 r  design_1_i/top_controller_0/inst/u_axi_slave/g0_b0__3_i_7/O
                         net (fo=11, routed)          0.132     3.039    design_1_i/top_controller_0/inst/u_axi_slave/g0_b0__3_i_7_n_0
    SLICE_X20Y59         LUT6 (Prop_H6LUT_SLICEM_I5_O)
                                                      0.041     3.080 r  design_1_i/top_controller_0/inst/u_axi_slave/g0_b0__3_i_2/O
                         net (fo=85, routed)          0.284     3.364    design_1_i/top_controller_0/inst/u_axi_slave_n_577
    SLICE_X18Y60         LUT5 (Prop_A6LUT_SLICEL_I1_O)
                                                      0.115     3.479 r  design_1_i/top_controller_0/inst/g0_b3__3/O
                         net (fo=8, routed)           0.115     3.594    design_1_i/top_controller_0/inst/g0_b3__3_n_0
    SLICE_X19Y60         LUT6 (Prop_D6LUT_SLICEM_I5_O)
                                                      0.038     3.632 r  design_1_i/top_controller_0/inst/g0_b3__4__0/O
                         net (fo=1, routed)           0.026     3.658    design_1_i/top_controller_0/inst/u_axi_slave/DSP_A_B_DATA_INST_8[3]
    SLICE_X19Y60         CARRY8 (Prop_CARRY8_SLICEM_S[3]_CO[7])
                                                      0.206     3.864 r  design_1_i/top_controller_0/inst/u_axi_slave/p_0_out__3_i_9/CO[7]
                         net (fo=1, routed)           0.028     3.892    design_1_i/top_controller_0/inst/u_axi_slave/p_0_out__3_i_9_n_0
    SLICE_X19Y61         CARRY8 (Prop_CARRY8_SLICEM_CI_O[0])
                                                      0.072     3.964 f  design_1_i/top_controller_0/inst/u_axi_slave/p_0_out__3_i_8/O[0]
                         net (fo=1, routed)           0.331     4.295    design_1_i/top_controller_0/inst/u_preprocessor/p_0_out__3/A[8]
    DSP48E2_X1Y24        DSP_A_B_DATA (Prop_DSP_A_B_DATA_DSP48E2_A[8]_A2_DATA[8])
                                                      0.241     4.536 r  design_1_i/top_controller_0/inst/u_preprocessor/p_0_out__3/DSP_A_B_DATA_INST/A2_DATA[8]
                         net (fo=1, routed)           0.000     4.536    design_1_i/top_controller_0/inst/u_preprocessor/p_0_out__3/DSP_A_B_DATA.A2_DATA<8>
    DSP48E2_X1Y24        DSP_PREADD_DATA (Prop_DSP_PREADD_DATA_DSP48E2_A2_DATA[8]_A2A1[8])
                                                      0.098     4.634 r  design_1_i/top_controller_0/inst/u_preprocessor/p_0_out__3/DSP_PREADD_DATA_INST/A2A1[8]
                         net (fo=1, routed)           0.000     4.634    design_1_i/top_controller_0/inst/u_preprocessor/p_0_out__3/DSP_PREADD_DATA.A2A1<8>
    DSP48E2_X1Y24        DSP_MULTIPLIER (Prop_DSP_MULTIPLIER_DSP48E2_A2A1[8]_U[9])
                                                      0.647     5.281 f  design_1_i/top_controller_0/inst/u_preprocessor/p_0_out__3/DSP_MULTIPLIER_INST/U[9]
                         net (fo=1, routed)           0.000     5.281    design_1_i/top_controller_0/inst/u_preprocessor/p_0_out__3/DSP_MULTIPLIER.U<9>
    DSP48E2_X1Y24        DSP_M_DATA (Prop_DSP_M_DATA_DSP48E2_U[9]_U_DATA[9])
                                                      0.059     5.340 r  design_1_i/top_controller_0/inst/u_preprocessor/p_0_out__3/DSP_M_DATA_INST/U_DATA[9]
                         net (fo=1, routed)           0.000     5.340    design_1_i/top_controller_0/inst/u_preprocessor/p_0_out__3/DSP_M_DATA.U_DATA<9>
    DSP48E2_X1Y24        DSP_ALU (Prop_DSP_ALU_DSP48E2_U_DATA[9]_ALU_OUT[9])
                                                      0.699     6.039 f  design_1_i/top_controller_0/inst/u_preprocessor/p_0_out__3/DSP_ALU_INST/ALU_OUT[9]
                         net (fo=1, routed)           0.000     6.039    design_1_i/top_controller_0/inst/u_preprocessor/p_0_out__3/DSP_ALU.ALU_OUT<9>
    DSP48E2_X1Y24        DSP_OUTPUT (Prop_DSP_OUTPUT_DSP48E2_ALU_OUT[9]_P[9])
                                                      0.141     6.180 r  design_1_i/top_controller_0/inst/u_preprocessor/p_0_out__3/DSP_OUTPUT_INST/P[9]
                         net (fo=3, routed)           0.193     6.373    design_1_i/top_controller_0/inst/u_axi_slave/p_0_out__4_i_8_0[2]
    SLICE_X19Y61         LUT6 (Prop_F6LUT_SLICEM_I1_O)
                                                      0.148     6.521 r  design_1_i/top_controller_0/inst/u_axi_slave/p_0_out__4_i_22/O
                         net (fo=7, routed)           0.228     6.750    design_1_i/top_controller_0/inst/u_axi_slave/p_0_out__4_i_22_n_0
    SLICE_X18Y63         LUT6 (Prop_A6LUT_SLICEL_I5_O)
                                                      0.039     6.789 r  design_1_i/top_controller_0/inst/u_axi_slave/p_0_out__4_i_18/O
                         net (fo=4, routed)           0.118     6.906    design_1_i/top_controller_0/inst/u_axi_slave/p_0_out__4_i_18_n_0
    SLICE_X18Y65         LUT6 (Prop_C6LUT_SLICEL_I5_O)
                                                      0.113     7.019 f  design_1_i/top_controller_0/inst/u_axi_slave/p_0_out__4_i_16/O
                         net (fo=3, routed)           0.058     7.077    design_1_i/top_controller_0/inst/u_axi_slave/p_0_out__4_i_16_n_0
    SLICE_X18Y65         LUT6 (Prop_D6LUT_SLICEL_I1_O)
                                                      0.039     7.116 r  design_1_i/top_controller_0/inst/u_axi_slave/p_0_out__4_i_14/O
                         net (fo=2, routed)           0.051     7.168    design_1_i/top_controller_0/inst/u_axi_slave/p_0_out__4_i_14_n_0
    SLICE_X18Y65         LUT4 (Prop_E6LUT_SLICEL_I3_O)
                                                      0.039     7.207 f  design_1_i/top_controller_0/inst/u_axi_slave/p_0_out__4_i_1/O
                         net (fo=19, routed)          0.349     7.555    design_1_i/top_controller_0/inst/u_preprocessor/p_0_out__4/A[12]
    DSP48E2_X1Y26        DSP_A_B_DATA (Prop_DSP_A_B_DATA_DSP48E2_A[12]_A2_DATA[12])
                                                      0.241     7.796 r  design_1_i/top_controller_0/inst/u_preprocessor/p_0_out__4/DSP_A_B_DATA_INST/A2_DATA[12]
                         net (fo=1, routed)           0.000     7.796    design_1_i/top_controller_0/inst/u_preprocessor/p_0_out__4/DSP_A_B_DATA.A2_DATA<12>
    DSP48E2_X1Y26        DSP_PREADD_DATA (Prop_DSP_PREADD_DATA_DSP48E2_A2_DATA[12]_A2A1[12])
                                                      0.098     7.894 r  design_1_i/top_controller_0/inst/u_preprocessor/p_0_out__4/DSP_PREADD_DATA_INST/A2A1[12]
                         net (fo=1, routed)           0.000     7.894    design_1_i/top_controller_0/inst/u_preprocessor/p_0_out__4/DSP_PREADD_DATA.A2A1<12>
    DSP48E2_X1Y26        DSP_MULTIPLIER (Prop_DSP_MULTIPLIER_DSP48E2_A2A1[12]_V[12])
                                                      0.648     8.542 f  design_1_i/top_controller_0/inst/u_preprocessor/p_0_out__4/DSP_MULTIPLIER_INST/V[12]
                         net (fo=1, routed)           0.000     8.542    design_1_i/top_controller_0/inst/u_preprocessor/p_0_out__4/DSP_MULTIPLIER.V<12>
    DSP48E2_X1Y26        DSP_M_DATA (Prop_DSP_M_DATA_DSP48E2_V[12]_V_DATA[12])
                                                      0.057     8.599 r  design_1_i/top_controller_0/inst/u_preprocessor/p_0_out__4/DSP_M_DATA_INST/V_DATA[12]
                         net (fo=1, routed)           0.000     8.599    design_1_i/top_controller_0/inst/u_preprocessor/p_0_out__4/DSP_M_DATA.V_DATA<12>
    DSP48E2_X1Y26        DSP_ALU (Prop_DSP_ALU_DSP48E2_V_DATA[12]_ALU_OUT[12])
                                                      0.688     9.287 r  design_1_i/top_controller_0/inst/u_preprocessor/p_0_out__4/DSP_ALU_INST/ALU_OUT[12]
                         net (fo=1, routed)           0.000     9.287    design_1_i/top_controller_0/inst/u_preprocessor/p_0_out__4/DSP_ALU.ALU_OUT<12>
    DSP48E2_X1Y26        DSP_OUTPUT (Prop_DSP_OUTPUT_DSP48E2_ALU_OUT[12]_P[12])
                                                      0.141     9.428 f  design_1_i/top_controller_0/inst/u_preprocessor/p_0_out__4/DSP_OUTPUT_INST/P[12]
                         net (fo=1, routed)           0.391     9.819    design_1_i/top_controller_0/inst/u_preprocessor/p_0_out__6/A[12]
    DSP48E2_X1Y27        DSP_A_B_DATA (Prop_DSP_A_B_DATA_DSP48E2_A[12]_A2_DATA[12])
                                                      0.241    10.060 r  design_1_i/top_controller_0/inst/u_preprocessor/p_0_out__6/DSP_A_B_DATA_INST/A2_DATA[12]
                         net (fo=1, routed)           0.000    10.060    design_1_i/top_controller_0/inst/u_preprocessor/p_0_out__6/DSP_A_B_DATA.A2_DATA<12>
    DSP48E2_X1Y27        DSP_PREADD_DATA (Prop_DSP_PREADD_DATA_DSP48E2_A2_DATA[12]_A2A1[12])
                                                      0.098    10.158 r  design_1_i/top_controller_0/inst/u_preprocessor/p_0_out__6/DSP_PREADD_DATA_INST/A2A1[12]
                         net (fo=1, routed)           0.000    10.158    design_1_i/top_controller_0/inst/u_preprocessor/p_0_out__6/DSP_PREADD_DATA.A2A1<12>
    DSP48E2_X1Y27        DSP_MULTIPLIER (Prop_DSP_MULTIPLIER_DSP48E2_A2A1[12]_U[25])
                                                      0.647    10.805 f  design_1_i/top_controller_0/inst/u_preprocessor/p_0_out__6/DSP_MULTIPLIER_INST/U[25]
                         net (fo=1, routed)           0.000    10.805    design_1_i/top_controller_0/inst/u_preprocessor/p_0_out__6/DSP_MULTIPLIER.U<25>
    DSP48E2_X1Y27        DSP_M_DATA (Prop_DSP_M_DATA_DSP48E2_U[25]_U_DATA[25])
                                                      0.059    10.864 r  design_1_i/top_controller_0/inst/u_preprocessor/p_0_out__6/DSP_M_DATA_INST/U_DATA[25]
                         net (fo=1, routed)           0.000    10.864    design_1_i/top_controller_0/inst/u_preprocessor/p_0_out__6/DSP_M_DATA.U_DATA<25>
    DSP48E2_X1Y27        DSP_ALU (Prop_DSP_ALU_DSP48E2_U_DATA[25]_ALU_OUT[25])
                                                      0.699    11.563 f  design_1_i/top_controller_0/inst/u_preprocessor/p_0_out__6/DSP_ALU_INST/ALU_OUT[25]
                         net (fo=1, routed)           0.000    11.563    design_1_i/top_controller_0/inst/u_preprocessor/p_0_out__6/DSP_ALU.ALU_OUT<25>
    DSP48E2_X1Y27        DSP_OUTPUT (Prop_DSP_OUTPUT_DSP48E2_ALU_OUT[25]_P[25])
                                                      0.141    11.704 r  design_1_i/top_controller_0/inst/u_preprocessor/p_0_out__6/DSP_OUTPUT_INST/P[25]
                         net (fo=4, routed)           0.213    11.917    design_1_i/top_controller_0/inst/u_preprocessor/grav_y[5]
    SLICE_X19Y68         LUT3 (Prop_H6LUT_SLICEM_I1_O)
                                                      0.182    12.099 r  design_1_i/top_controller_0/inst/u_preprocessor/pred_data_out[pred_accel_y_1][7]_i_3/O
                         net (fo=1, routed)           0.275    12.374    design_1_i/top_controller_0/inst/u_preprocessor/pred_data_out[pred_accel_y_1][7]_i_3_n_0
    SLICE_X19Y67         CARRY8 (Prop_CARRY8_SLICEM_DI[6]_CO[7])
                                                      0.079    12.453 r  design_1_i/top_controller_0/inst/u_preprocessor/pred_data_out_reg[pred_accel_y_1][7]_i_1/CO[7]
                         net (fo=1, routed)           0.028    12.481    design_1_i/top_controller_0/inst/u_preprocessor/pred_data_out_reg[pred_accel_y_1][7]_i_1_n_0
    SLICE_X19Y68         CARRY8 (Prop_CARRY8_SLICEM_CI_O[3])
                                                      0.104    12.585 r  design_1_i/top_controller_0/inst/u_preprocessor/pred_data_out_reg[pred_accel_y_1][11]_i_1/O[3]
                         net (fo=1, routed)           0.032    12.617    design_1_i/top_controller_0/inst/u_preprocessor/pred_data_out_reg[pred_accel_y_1][11]_i_1_n_12
    SLICE_X19Y68         FDRE                                         r  design_1_i/top_controller_0/inst/u_preprocessor/pred_data_out_reg[pred_accel_y_1][11]/D
  -------------------------------------------------------------------    -------------------

                         (clock clk_pl_0 rise edge)
                                                     11.250    11.250 r  
    PS8_X0Y0             PS8                          0.000    11.250 r  design_1_i/zynq_ultra_ps_e_0/inst/PS8_i/PLCLK[0]
                         net (fo=1, routed)           0.140    11.390    design_1_i/zynq_ultra_ps_e_0/inst/pl_clk_unbuffered[0]
    BUFG_PS_X0Y58        BUFG_PS (Prop_BUFG_PS_I_O)
                                                      0.027    11.417 r  design_1_i/zynq_ultra_ps_e_0/inst/buffer_pl_clk_0.PL_CLK_0_BUFG/O
    X0Y1 (CLOCK_ROOT)    net (fo=6524, routed)        1.559    12.976    design_1_i/top_controller_0/inst/u_preprocessor/S_AXI_ACLK
    SLICE_X19Y68         FDRE                                         r  design_1_i/top_controller_0/inst/u_preprocessor/pred_data_out_reg[pred_accel_y_1][11]/C
                         clock pessimism              0.107    13.083    
                         clock uncertainty           -0.182    12.901    
    SLICE_X19Y68         FDRE (Setup_DFF_SLICEM_C_D)
                                                      0.027    12.928    design_1_i/top_controller_0/inst/u_preprocessor/pred_data_out_reg[pred_accel_y_1][11]
  -------------------------------------------------------------------
                         required time                         12.928    
                         arrival time                         -12.617    
  -------------------------------------------------------------------
                         slack                                  0.311    

Slack (MET) :             0.319ns  (required time - arrival time)
  Source:                 design_1_i/top_controller_0/inst/u_axi_slave/slv_reg3_reg[0]/C
                            (rising edge-triggered cell FDRE clocked by clk_pl_0  {rise@0.000ns fall@5.625ns period=11.250ns})
  Destination:            design_1_i/top_controller_0/inst/u_preprocessor/pred_data_out_reg[pred_accel_y_1][9]/D
                            (rising edge-triggered cell FDRE clocked by clk_pl_0  {rise@0.000ns fall@5.625ns period=11.250ns})
  Path Group:             clk_pl_0
  Path Type:              Setup (Max at Slow Process Corner)
  Requirement:            11.250ns  (clk_pl_0 rise@11.250ns - clk_pl_0 rise@0.000ns)
  Data Path Delay:        10.591ns  (logic 7.127ns (67.292%)  route 3.464ns (32.708%))
  Logic Levels:           35  (CARRY8=4 DSP_A_B_DATA=3 DSP_ALU=3 DSP_M_DATA=3 DSP_MULTIPLIER=3 DSP_OUTPUT=3 DSP_PREADD_DATA=3 LUT3=2 LUT4=1 LUT5=1 LUT6=9)
  Clock Path Skew:        -0.185ns (DCD - SCD + CPR)
    Destination Clock Delay (DCD):    1.726ns = ( 12.976 - 11.250 ) 
    Source Clock Delay      (SCD):    2.018ns
    Clock Pessimism Removal (CPR):    0.107ns
  Clock Uncertainty:      0.182ns  ((TSJ^2 + DJ^2)^1/2) / 2 + PE
    Total System Jitter     (TSJ):    0.071ns
    Discrete Jitter          (DJ):    0.356ns
    Phase Error              (PE):    0.000ns
  Clock Net Delay (Source):      1.811ns (routing 0.638ns, distribution 1.173ns)
  Clock Net Delay (Destination): 1.559ns (routing 0.576ns, distribution 0.983ns)

    Location             Delay type                Incr(ns)  Path(ns)    Netlist Resource(s)
  -------------------------------------------------------------------    -------------------
                         (clock clk_pl_0 rise edge)
                                                      0.000     0.000 r  
    PS8_X0Y0             PS8                          0.000     0.000 r  design_1_i/zynq_ultra_ps_e_0/inst/PS8_i/PLCLK[0]
                         net (fo=1, routed)           0.178     0.178    design_1_i/zynq_ultra_ps_e_0/inst/pl_clk_unbuffered[0]
    BUFG_PS_X0Y58        BUFG_PS (Prop_BUFG_PS_I_O)
                                                      0.029     0.207 r  design_1_i/zynq_ultra_ps_e_0/inst/buffer_pl_clk_0.PL_CLK_0_BUFG/O
    X0Y1 (CLOCK_ROOT)    net (fo=6524, routed)        1.811     2.018    design_1_i/top_controller_0/inst/u_axi_slave/S_AXI_ACLK
    SLICE_X20Y57         FDRE                                         r  design_1_i/top_controller_0/inst/u_axi_slave/slv_reg3_reg[0]/C
  -------------------------------------------------------------------    -------------------
    SLICE_X20Y57         FDRE (Prop_FFF_SLICEM_C_Q)
                                                      0.094     2.112 r  design_1_i/top_controller_0/inst/u_axi_slave/slv_reg3_reg[0]/Q
                         net (fo=14, routed)          0.183     2.295    design_1_i/top_controller_0/inst/u_axi_slave/Q[0]
    SLICE_X22Y58         LUT3 (Prop_E6LUT_SLICEL_I2_O)
                                                      0.039     2.334 r  design_1_i/top_controller_0/inst/u_axi_slave/p_0_out__3_i_13/O
                         net (fo=4, routed)           0.120     2.454    design_1_i/top_controller_0/inst/u_axi_slave/p_0_out__3_i_13_n_0
    SLICE_X20Y58         LUT6 (Prop_A6LUT_SLICEM_I3_O)
                                                      0.064     2.518 r  design_1_i/top_controller_0/inst/u_axi_slave/g0_b0__3_i_13/O
                         net (fo=2, routed)           0.114     2.632    design_1_i/top_controller_0/inst/u_axi_slave/g0_b0__3_i_13_n_0
    SLICE_X20Y58         LUT6 (Prop_H6LUT_SLICEM_I4_O)
                                                      0.041     2.673 r  design_1_i/top_controller_0/inst/u_axi_slave/consistency_cnt[31]_i_20__12/O
                         net (fo=3, routed)           0.196     2.869    design_1_i/top_controller_0/inst/u_axi_slave/consistency_cnt[31]_i_20__12_n_0
    SLICE_X20Y59         LUT6 (Prop_D6LUT_SLICEM_I5_O)
                                                      0.038     2.907 r  design_1_i/top_controller_0/inst/u_axi_slave/g0_b0__3_i_7/O
                         net (fo=11, routed)          0.132     3.039    design_1_i/top_controller_0/inst/u_axi_slave/g0_b0__3_i_7_n_0
    SLICE_X20Y59         LUT6 (Prop_H6LUT_SLICEM_I5_O)
                                                      0.041     3.080 r  design_1_i/top_controller_0/inst/u_axi_slave/g0_b0__3_i_2/O
                         net (fo=85, routed)          0.284     3.364    design_1_i/top_controller_0/inst/u_axi_slave_n_577
    SLICE_X18Y60         LUT5 (Prop_A6LUT_SLICEL_I1_O)
                                                      0.115     3.479 r  design_1_i/top_controller_0/inst/g0_b3__3/O
                         net (fo=8, routed)           0.115     3.594    design_1_i/top_controller_0/inst/g0_b3__3_n_0
    SLICE_X19Y60         LUT6 (Prop_D6LUT_SLICEM_I5_O)
                                                      0.038     3.632 r  design_1_i/top_controller_0/inst/g0_b3__4__0/O
                         net (fo=1, routed)           0.026     3.658    design_1_i/top_controller_0/inst/u_axi_slave/DSP_A_B_DATA_INST_8[3]
    SLICE_X19Y60         CARRY8 (Prop_CARRY8_SLICEM_S[3]_CO[7])
                                                      0.206     3.864 r  design_1_i/top_controller_0/inst/u_axi_slave/p_0_out__3_i_9/CO[7]
                         net (fo=1, routed)           0.028     3.892    design_1_i/top_controller_0/inst/u_axi_slave/p_0_out__3_i_9_n_0
    SLICE_X19Y61         CARRY8 (Prop_CARRY8_SLICEM_CI_O[0])
                                                      0.072     3.964 f  design_1_i/top_controller_0/inst/u_axi_slave/p_0_out__3_i_8/O[0]
                         net (fo=1, routed)           0.331     4.295    design_1_i/top_controller_0/inst/u_preprocessor/p_0_out__3/A[8]
    DSP48E2_X1Y24        DSP_A_B_DATA (Prop_DSP_A_B_DATA_DSP48E2_A[8]_A2_DATA[8])
                                                      0.241     4.536 r  design_1_i/top_controller_0/inst/u_preprocessor/p_0_out__3/DSP_A_B_DATA_INST/A2_DATA[8]
                         net (fo=1, routed)           0.000     4.536    design_1_i/top_controller_0/inst/u_preprocessor/p_0_out__3/DSP_A_B_DATA.A2_DATA<8>
    DSP48E2_X1Y24        DSP_PREADD_DATA (Prop_DSP_PREADD_DATA_DSP48E2_A2_DATA[8]_A2A1[8])
                                                      0.098     4.634 r  design_1_i/top_controller_0/inst/u_preprocessor/p_0_out__3/DSP_PREADD_DATA_INST/A2A1[8]
                         net (fo=1, routed)           0.000     4.634    design_1_i/top_controller_0/inst/u_preprocessor/p_0_out__3/DSP_PREADD_DATA.A2A1<8>
    DSP48E2_X1Y24        DSP_MULTIPLIER (Prop_DSP_MULTIPLIER_DSP48E2_A2A1[8]_U[9])
                                                      0.647     5.281 f  design_1_i/top_controller_0/inst/u_preprocessor/p_0_out__3/DSP_MULTIPLIER_INST/U[9]
                         net (fo=1, routed)           0.000     5.281    design_1_i/top_controller_0/inst/u_preprocessor/p_0_out__3/DSP_MULTIPLIER.U<9>
    DSP48E2_X1Y24        DSP_M_DATA (Prop_DSP_M_DATA_DSP48E2_U[9]_U_DATA[9])
                                                      0.059     5.340 r  design_1_i/top_controller_0/inst/u_preprocessor/p_0_out__3/DSP_M_DATA_INST/U_DATA[9]
                         net (fo=1, routed)           0.000     5.340    design_1_i/top_controller_0/inst/u_preprocessor/p_0_out__3/DSP_M_DATA.U_DATA<9>
    DSP48E2_X1Y24        DSP_ALU (Prop_DSP_ALU_DSP48E2_U_DATA[9]_ALU_OUT[9])
                                                      0.699     6.039 f  design_1_i/top_controller_0/inst/u_preprocessor/p_0_out__3/DSP_ALU_INST/ALU_OUT[9]
                         net (fo=1, routed)           0.000     6.039    design_1_i/top_controller_0/inst/u_preprocessor/p_0_out__3/DSP_ALU.ALU_OUT<9>
    DSP48E2_X1Y24        DSP_OUTPUT (Prop_DSP_OUTPUT_DSP48E2_ALU_OUT[9]_P[9])
                                                      0.141     6.180 r  design_1_i/top_controller_0/inst/u_preprocessor/p_0_out__3/DSP_OUTPUT_INST/P[9]
                         net (fo=3, routed)           0.193     6.373    design_1_i/top_controller_0/inst/u_axi_slave/p_0_out__4_i_8_0[2]
    SLICE_X19Y61         LUT6 (Prop_F6LUT_SLICEM_I1_O)
                                                      0.148     6.521 r  design_1_i/top_controller_0/inst/u_axi_slave/p_0_out__4_i_22/O
                         net (fo=7, routed)           0.228     6.750    design_1_i/top_controller_0/inst/u_axi_slave/p_0_out__4_i_22_n_0
    SLICE_X18Y63         LUT6 (Prop_A6LUT_SLICEL_I5_O)
                                                      0.039     6.789 r  design_1_i/top_controller_0/inst/u_axi_slave/p_0_out__4_i_18/O
                         net (fo=4, routed)           0.118     6.906    design_1_i/top_controller_0/inst/u_axi_slave/p_0_out__4_i_18_n_0
    SLICE_X18Y65         LUT6 (Prop_C6LUT_SLICEL_I5_O)
                                                      0.113     7.019 f  design_1_i/top_controller_0/inst/u_axi_slave/p_0_out__4_i_16/O
                         net (fo=3, routed)           0.058     7.077    design_1_i/top_controller_0/inst/u_axi_slave/p_0_out__4_i_16_n_0
    SLICE_X18Y65         LUT6 (Prop_D6LUT_SLICEL_I1_O)
                                                      0.039     7.116 r  design_1_i/top_controller_0/inst/u_axi_slave/p_0_out__4_i_14/O
                         net (fo=2, routed)           0.051     7.168    design_1_i/top_controller_0/inst/u_axi_slave/p_0_out__4_i_14_n_0
    SLICE_X18Y65         LUT4 (Prop_E6LUT_SLICEL_I3_O)
                                                      0.039     7.207 f  design_1_i/top_controller_0/inst/u_axi_slave/p_0_out__4_i_1/O
                         net (fo=19, routed)          0.349     7.555    design_1_i/top_controller_0/inst/u_preprocessor/p_0_out__4/A[12]
    DSP48E2_X1Y26        DSP_A_B_DATA (Prop_DSP_A_B_DATA_DSP48E2_A[12]_A2_DATA[12])
                                                      0.241     7.796 r  design_1_i/top_controller_0/inst/u_preprocessor/p_0_out__4/DSP_A_B_DATA_INST/A2_DATA[12]
                         net (fo=1, routed)           0.000     7.796    design_1_i/top_controller_0/inst/u_preprocessor/p_0_out__4/DSP_A_B_DATA.A2_DATA<12>
    DSP48E2_X1Y26        DSP_PREADD_DATA (Prop_DSP_PREADD_DATA_DSP48E2_A2_DATA[12]_A2A1[12])
                                                      0.098     7.894 r  design_1_i/top_controller_0/inst/u_preprocessor/p_0_out__4/DSP_PREADD_DATA_INST/A2A1[12]
                         net (fo=1, routed)           0.000     7.894    design_1_i/top_controller_0/inst/u_preprocessor/p_0_out__4/DSP_PREADD_DATA.A2A1<12>
    DSP48E2_X1Y26        DSP_MULTIPLIER (Prop_DSP_MULTIPLIER_DSP48E2_A2A1[12]_V[12])
                                                      0.648     8.542 f  design_1_i/top_controller_0/inst/u_preprocessor/p_0_out__4/DSP_MULTIPLIER_INST/V[12]
                         net (fo=1, routed)           0.000     8.542    design_1_i/top_controller_0/inst/u_preprocessor/p_0_out__4/DSP_MULTIPLIER.V<12>
    DSP48E2_X1Y26        DSP_M_DATA (Prop_DSP_M_DATA_DSP48E2_V[12]_V_DATA[12])
                                                      0.057     8.599 r  design_1_i/top_controller_0/inst/u_preprocessor/p_0_out__4/DSP_M_DATA_INST/V_DATA[12]
                         net (fo=1, routed)           0.000     8.599    design_1_i/top_controller_0/inst/u_preprocessor/p_0_out__4/DSP_M_DATA.V_DATA<12>
    DSP48E2_X1Y26        DSP_ALU (Prop_DSP_ALU_DSP48E2_V_DATA[12]_ALU_OUT[12])
                                                      0.688     9.287 r  design_1_i/top_controller_0/inst/u_preprocessor/p_0_out__4/DSP_ALU_INST/ALU_OUT[12]
                         net (fo=1, routed)           0.000     9.287    design_1_i/top_controller_0/inst/u_preprocessor/p_0_out__4/DSP_ALU.ALU_OUT<12>
    DSP48E2_X1Y26        DSP_OUTPUT (Prop_DSP_OUTPUT_DSP48E2_ALU_OUT[12]_P[12])
                                                      0.141     9.428 f  design_1_i/top_controller_0/inst/u_preprocessor/p_0_out__4/DSP_OUTPUT_INST/P[12]
                         net (fo=1, routed)           0.391     9.819    design_1_i/top_controller_0/inst/u_preprocessor/p_0_out__6/A[12]
    DSP48E2_X1Y27        DSP_A_B_DATA (Prop_DSP_A_B_DATA_DSP48E2_A[12]_A2_DATA[12])
                                                      0.241    10.060 r  design_1_i/top_controller_0/inst/u_preprocessor/p_0_out__6/DSP_A_B_DATA_INST/A2_DATA[12]
                         net (fo=1, routed)           0.000    10.060    design_1_i/top_controller_0/inst/u_preprocessor/p_0_out__6/DSP_A_B_DATA.A2_DATA<12>
    DSP48E2_X1Y27        DSP_PREADD_DATA (Prop_DSP_PREADD_DATA_DSP48E2_A2_DATA[12]_A2A1[12])
                                                      0.098    10.158 r  design_1_i/top_controller_0/inst/u_preprocessor/p_0_out__6/DSP_PREADD_DATA_INST/A2A1[12]
                         net (fo=1, routed)           0.000    10.158    design_1_i/top_controller_0/inst/u_preprocessor/p_0_out__6/DSP_PREADD_DATA.A2A1<12>
    DSP48E2_X1Y27        DSP_MULTIPLIER (Prop_DSP_MULTIPLIER_DSP48E2_A2A1[12]_U[25])
                                                      0.647    10.805 f  design_1_i/top_controller_0/inst/u_preprocessor/p_0_out__6/DSP_MULTIPLIER_INST/U[25]
                         net (fo=1, routed)           0.000    10.805    design_1_i/top_controller_0/inst/u_preprocessor/p_0_out__6/DSP_MULTIPLIER.U<25>
    DSP48E2_X1Y27        DSP_M_DATA (Prop_DSP_M_DATA_DSP48E2_U[25]_U_DATA[25])
                                                      0.059    10.864 r  design_1_i/top_controller_0/inst/u_preprocessor/p_0_out__6/DSP_M_DATA_INST/U_DATA[25]
                         net (fo=1, routed)           0.000    10.864    design_1_i/top_controller_0/inst/u_preprocessor/p_0_out__6/DSP_M_DATA.U_DATA<25>
    DSP48E2_X1Y27        DSP_ALU (Prop_DSP_ALU_DSP48E2_U_DATA[25]_ALU_OUT[25])
                                                      0.699    11.563 f  design_1_i/top_controller_0/inst/u_preprocessor/p_0_out__6/DSP_ALU_INST/ALU_OUT[25]
                         net (fo=1, routed)           0.000    11.563    design_1_i/top_controller_0/inst/u_preprocessor/p_0_out__6/DSP_ALU.ALU_OUT<25>
    DSP48E2_X1Y27        DSP_OUTPUT (Prop_DSP_OUTPUT_DSP48E2_ALU_OUT[25]_P[25])
                                                      0.141    11.704 r  design_1_i/top_controller_0/inst/u_preprocessor/p_0_out__6/DSP_OUTPUT_INST/P[25]
                         net (fo=4, routed)           0.213    11.917    design_1_i/top_controller_0/inst/u_preprocessor/grav_y[5]
    SLICE_X19Y68         LUT3 (Prop_H6LUT_SLICEM_I1_O)
                                                      0.182    12.099 r  design_1_i/top_controller_0/inst/u_preprocessor/pred_data_out[pred_accel_y_1][7]_i_3/O
                         net (fo=1, routed)           0.275    12.374    design_1_i/top_controller_0/inst/u_preprocessor/pred_data_out[pred_accel_y_1][7]_i_3_n_0
    SLICE_X19Y67         CARRY8 (Prop_CARRY8_SLICEM_DI[6]_CO[7])
                                                      0.079    12.453 r  design_1_i/top_controller_0/inst/u_preprocessor/pred_data_out_reg[pred_accel_y_1][7]_i_1/CO[7]
                         net (fo=1, routed)           0.028    12.481    design_1_i/top_controller_0/inst/u_preprocessor/pred_data_out_reg[pred_accel_y_1][7]_i_1_n_0
    SLICE_X19Y68         CARRY8 (Prop_CARRY8_SLICEM_CI_O[1])
                                                      0.097    12.578 r  design_1_i/top_controller_0/inst/u_preprocessor/pred_data_out_reg[pred_accel_y_1][11]_i_1/O[1]
                         net (fo=1, routed)           0.031    12.609    design_1_i/top_controller_0/inst/u_preprocessor/pred_data_out_reg[pred_accel_y_1][11]_i_1_n_14
    SLICE_X19Y68         FDRE                                         r  design_1_i/top_controller_0/inst/u_preprocessor/pred_data_out_reg[pred_accel_y_1][9]/D
  -------------------------------------------------------------------    -------------------

                         (clock clk_pl_0 rise edge)
                                                     11.250    11.250 r  
    PS8_X0Y0             PS8                          0.000    11.250 r  design_1_i/zynq_ultra_ps_e_0/inst/PS8_i/PLCLK[0]
                         net (fo=1, routed)           0.140    11.390    design_1_i/zynq_ultra_ps_e_0/inst/pl_clk_unbuffered[0]
    BUFG_PS_X0Y58        BUFG_PS (Prop_BUFG_PS_I_O)
                                                      0.027    11.417 r  design_1_i/zynq_ultra_ps_e_0/inst/buffer_pl_clk_0.PL_CLK_0_BUFG/O
    X0Y1 (CLOCK_ROOT)    net (fo=6524, routed)        1.559    12.976    design_1_i/top_controller_0/inst/u_preprocessor/S_AXI_ACLK
    SLICE_X19Y68         FDRE                                         r  design_1_i/top_controller_0/inst/u_preprocessor/pred_data_out_reg[pred_accel_y_1][9]/C
                         clock pessimism              0.107    13.083    
                         clock uncertainty           -0.182    12.901    
    SLICE_X19Y68         FDRE (Setup_BFF_SLICEM_C_D)
                                                      0.027    12.928    design_1_i/top_controller_0/inst/u_preprocessor/pred_data_out_reg[pred_accel_y_1][9]
  -------------------------------------------------------------------
                         required time                         12.928    
                         arrival time                         -12.609    
  -------------------------------------------------------------------
                         slack                                  0.319    

Slack (MET) :             0.329ns  (required time - arrival time)
  Source:                 design_1_i/top_controller_0/inst/u_axi_slave/slv_reg3_reg[0]/C
                            (rising edge-triggered cell FDRE clocked by clk_pl_0  {rise@0.000ns fall@5.625ns period=11.250ns})
  Destination:            design_1_i/top_controller_0/inst/u_preprocessor/pred_data_out_reg[pred_accel_y_1][10]/D
                            (rising edge-triggered cell FDRE clocked by clk_pl_0  {rise@0.000ns fall@5.625ns period=11.250ns})
  Path Group:             clk_pl_0
  Path Type:              Setup (Max at Slow Process Corner)
  Requirement:            11.250ns  (clk_pl_0 rise@11.250ns - clk_pl_0 rise@0.000ns)
  Data Path Delay:        10.581ns  (logic 7.116ns (67.252%)  route 3.465ns (32.748%))
  Logic Levels:           35  (CARRY8=4 DSP_A_B_DATA=3 DSP_ALU=3 DSP_M_DATA=3 DSP_MULTIPLIER=3 DSP_OUTPUT=3 DSP_PREADD_DATA=3 LUT3=2 LUT4=1 LUT5=1 LUT6=9)
  Clock Path Skew:        -0.185ns (DCD - SCD + CPR)
    Destination Clock Delay (DCD):    1.726ns = ( 12.976 - 11.250 ) 
    Source Clock Delay      (SCD):    2.018ns
    Clock Pessimism Removal (CPR):    0.107ns
  Clock Uncertainty:      0.182ns  ((TSJ^2 + DJ^2)^1/2) / 2 + PE
    Total System Jitter     (TSJ):    0.071ns
    Discrete Jitter          (DJ):    0.356ns
    Phase Error              (PE):    0.000ns
  Clock Net Delay (Source):      1.811ns (routing 0.638ns, distribution 1.173ns)
  Clock Net Delay (Destination): 1.559ns (routing 0.576ns, distribution 0.983ns)

    Location             Delay type                Incr(ns)  Path(ns)    Netlist Resource(s)
  -------------------------------------------------------------------    -------------------
                         (clock clk_pl_0 rise edge)
                                                      0.000     0.000 r  
    PS8_X0Y0             PS8                          0.000     0.000 r  design_1_i/zynq_ultra_ps_e_0/inst/PS8_i/PLCLK[0]
                         net (fo=1, routed)           0.178     0.178    design_1_i/zynq_ultra_ps_e_0/inst/pl_clk_unbuffered[0]
    BUFG_PS_X0Y58        BUFG_PS (Prop_BUFG_PS_I_O)
                                                      0.029     0.207 r  design_1_i/zynq_ultra_ps_e_0/inst/buffer_pl_clk_0.PL_CLK_0_BUFG/O
    X0Y1 (CLOCK_ROOT)    net (fo=6524, routed)        1.811     2.018    design_1_i/top_controller_0/inst/u_axi_slave/S_AXI_ACLK
    SLICE_X20Y57         FDRE                                         r  design_1_i/top_controller_0/inst/u_axi_slave/slv_reg3_reg[0]/C
  -------------------------------------------------------------------    -------------------
    SLICE_X20Y57         FDRE (Prop_FFF_SLICEM_C_Q)
                                                      0.094     2.112 r  design_1_i/top_controller_0/inst/u_axi_slave/slv_reg3_reg[0]/Q
                         net (fo=14, routed)          0.183     2.295    design_1_i/top_controller_0/inst/u_axi_slave/Q[0]
    SLICE_X22Y58         LUT3 (Prop_E6LUT_SLICEL_I2_O)
                                                      0.039     2.334 r  design_1_i/top_controller_0/inst/u_axi_slave/p_0_out__3_i_13/O
                         net (fo=4, routed)           0.120     2.454    design_1_i/top_controller_0/inst/u_axi_slave/p_0_out__3_i_13_n_0
    SLICE_X20Y58         LUT6 (Prop_A6LUT_SLICEM_I3_O)
                                                      0.064     2.518 r  design_1_i/top_controller_0/inst/u_axi_slave/g0_b0__3_i_13/O
                         net (fo=2, routed)           0.114     2.632    design_1_i/top_controller_0/inst/u_axi_slave/g0_b0__3_i_13_n_0
    SLICE_X20Y58         LUT6 (Prop_H6LUT_SLICEM_I4_O)
                                                      0.041     2.673 r  design_1_i/top_controller_0/inst/u_axi_slave/consistency_cnt[31]_i_20__12/O
                         net (fo=3, routed)           0.196     2.869    design_1_i/top_controller_0/inst/u_axi_slave/consistency_cnt[31]_i_20__12_n_0
    SLICE_X20Y59         LUT6 (Prop_D6LUT_SLICEM_I5_O)
                                                      0.038     2.907 r  design_1_i/top_controller_0/inst/u_axi_slave/g0_b0__3_i_7/O
                         net (fo=11, routed)          0.132     3.039    design_1_i/top_controller_0/inst/u_axi_slave/g0_b0__3_i_7_n_0
    SLICE_X20Y59         LUT6 (Prop_H6LUT_SLICEM_I5_O)
                                                      0.041     3.080 r  design_1_i/top_controller_0/inst/u_axi_slave/g0_b0__3_i_2/O
                         net (fo=85, routed)          0.284     3.364    design_1_i/top_controller_0/inst/u_axi_slave_n_577
    SLICE_X18Y60         LUT5 (Prop_A6LUT_SLICEL_I1_O)
                                                      0.115     3.479 r  design_1_i/top_controller_0/inst/g0_b3__3/O
                         net (fo=8, routed)           0.115     3.594    design_1_i/top_controller_0/inst/g0_b3__3_n_0
    SLICE_X19Y60         LUT6 (Prop_D6LUT_SLICEM_I5_O)
                                                      0.038     3.632 r  design_1_i/top_controller_0/inst/g0_b3__4__0/O
                         net (fo=1, routed)           0.026     3.658    design_1_i/top_controller_0/inst/u_axi_slave/DSP_A_B_DATA_INST_8[3]
    SLICE_X19Y60         CARRY8 (Prop_CARRY8_SLICEM_S[3]_CO[7])
                                                      0.206     3.864 r  design_1_i/top_controller_0/inst/u_axi_slave/p_0_out__3_i_9/CO[7]
                         net (fo=1, routed)           0.028     3.892    design_1_i/top_controller_0/inst/u_axi_slave/p_0_out__3_i_9_n_0
    SLICE_X19Y61         CARRY8 (Prop_CARRY8_SLICEM_CI_O[0])
                                                      0.072     3.964 f  design_1_i/top_controller_0/inst/u_axi_slave/p_0_out__3_i_8/O[0]
                         net (fo=1, routed)           0.331     4.295    design_1_i/top_controller_0/inst/u_preprocessor/p_0_out__3/A[8]
    DSP48E2_X1Y24        DSP_A_B_DATA (Prop_DSP_A_B_DATA_DSP48E2_A[8]_A2_DATA[8])
                                                      0.241     4.536 r  design_1_i/top_controller_0/inst/u_preprocessor/p_0_out__3/DSP_A_B_DATA_INST/A2_DATA[8]
                         net (fo=1, routed)           0.000     4.536    design_1_i/top_controller_0/inst/u_preprocessor/p_0_out__3/DSP_A_B_DATA.A2_DATA<8>
    DSP48E2_X1Y24        DSP_PREADD_DATA (Prop_DSP_PREADD_DATA_DSP48E2_A2_DATA[8]_A2A1[8])
                                                      0.098     4.634 r  design_1_i/top_controller_0/inst/u_preprocessor/p_0_out__3/DSP_PREADD_DATA_INST/A2A1[8]
                         net (fo=1, routed)           0.000     4.634    design_1_i/top_controller_0/inst/u_preprocessor/p_0_out__3/DSP_PREADD_DATA.A2A1<8>
    DSP48E2_X1Y24        DSP_MULTIPLIER (Prop_DSP_MULTIPLIER_DSP48E2_A2A1[8]_U[9])
                                                      0.647     5.281 f  design_1_i/top_controller_0/inst/u_preprocessor/p_0_out__3/DSP_MULTIPLIER_INST/U[9]
                         net (fo=1, routed)           0.000     5.281    design_1_i/top_controller_0/inst/u_preprocessor/p_0_out__3/DSP_MULTIPLIER.U<9>
    DSP48E2_X1Y24        DSP_M_DATA (Prop_DSP_M_DATA_DSP48E2_U[9]_U_DATA[9])
                                                      0.059     5.340 r  design_1_i/top_controller_0/inst/u_preprocessor/p_0_out__3/DSP_M_DATA_INST/U_DATA[9]
                         net (fo=1, routed)           0.000     5.340    design_1_i/top_controller_0/inst/u_preprocessor/p_0_out__3/DSP_M_DATA.U_DATA<9>
    DSP48E2_X1Y24        DSP_ALU (Prop_DSP_ALU_DSP48E2_U_DATA[9]_ALU_OUT[9])
                                                      0.699     6.039 f  design_1_i/top_controller_0/inst/u_preprocessor/p_0_out__3/DSP_ALU_INST/ALU_OUT[9]
                         net (fo=1, routed)           0.000     6.039    design_1_i/top_controller_0/inst/u_preprocessor/p_0_out__3/DSP_ALU.ALU_OUT<9>
    DSP48E2_X1Y24        DSP_OUTPUT (Prop_DSP_OUTPUT_DSP48E2_ALU_OUT[9]_P[9])
                                                      0.141     6.180 r  design_1_i/top_controller_0/inst/u_preprocessor/p_0_out__3/DSP_OUTPUT_INST/P[9]
                         net (fo=3, routed)           0.193     6.373    design_1_i/top_controller_0/inst/u_axi_slave/p_0_out__4_i_8_0[2]
    SLICE_X19Y61         LUT6 (Prop_F6LUT_SLICEM_I1_O)
                                                      0.148     6.521 r  design_1_i/top_controller_0/inst/u_axi_slave/p_0_out__4_i_22/O
                         net (fo=7, routed)           0.228     6.750    design_1_i/top_controller_0/inst/u_axi_slave/p_0_out__4_i_22_n_0
    SLICE_X18Y63         LUT6 (Prop_A6LUT_SLICEL_I5_O)
                                                      0.039     6.789 r  design_1_i/top_controller_0/inst/u_axi_slave/p_0_out__4_i_18/O
                         net (fo=4, routed)           0.118     6.906    design_1_i/top_controller_0/inst/u_axi_slave/p_0_out__4_i_18_n_0
    SLICE_X18Y65         LUT6 (Prop_C6LUT_SLICEL_I5_O)
                                                      0.113     7.019 f  design_1_i/top_controller_0/inst/u_axi_slave/p_0_out__4_i_16/O
                         net (fo=3, routed)           0.058     7.077    design_1_i/top_controller_0/inst/u_axi_slave/p_0_out__4_i_16_n_0
    SLICE_X18Y65         LUT6 (Prop_D6LUT_SLICEL_I1_O)
                                                      0.039     7.116 r  design_1_i/top_controller_0/inst/u_axi_slave/p_0_out__4_i_14/O
                         net (fo=2, routed)           0.051     7.168    design_1_i/top_controller_0/inst/u_axi_slave/p_0_out__4_i_14_n_0
    SLICE_X18Y65         LUT4 (Prop_E6LUT_SLICEL_I3_O)
                                                      0.039     7.207 f  design_1_i/top_controller_0/inst/u_axi_slave/p_0_out__4_i_1/O
                         net (fo=19, routed)          0.349     7.555    design_1_i/top_controller_0/inst/u_preprocessor/p_0_out__4/A[12]
    DSP48E2_X1Y26        DSP_A_B_DATA (Prop_DSP_A_B_DATA_DSP48E2_A[12]_A2_DATA[12])
                                                      0.241     7.796 r  design_1_i/top_controller_0/inst/u_preprocessor/p_0_out__4/DSP_A_B_DATA_INST/A2_DATA[12]
                         net (fo=1, routed)           0.000     7.796    design_1_i/top_controller_0/inst/u_preprocessor/p_0_out__4/DSP_A_B_DATA.A2_DATA<12>
    DSP48E2_X1Y26        DSP_PREADD_DATA (Prop_DSP_PREADD_DATA_DSP48E2_A2_DATA[12]_A2A1[12])
                                                      0.098     7.894 r  design_1_i/top_controller_0/inst/u_preprocessor/p_0_out__4/DSP_PREADD_DATA_INST/A2A1[12]
                         net (fo=1, routed)           0.000     7.894    design_1_i/top_controller_0/inst/u_preprocessor/p_0_out__4/DSP_PREADD_DATA.A2A1<12>
    DSP48E2_X1Y26        DSP_MULTIPLIER (Prop_DSP_MULTIPLIER_DSP48E2_A2A1[12]_V[12])
                                                      0.648     8.542 f  design_1_i/top_controller_0/inst/u_preprocessor/p_0_out__4/DSP_MULTIPLIER_INST/V[12]
                         net (fo=1, routed)           0.000     8.542    design_1_i/top_controller_0/inst/u_preprocessor/p_0_out__4/DSP_MULTIPLIER.V<12>
    DSP48E2_X1Y26        DSP_M_DATA (Prop_DSP_M_DATA_DSP48E2_V[12]_V_DATA[12])
                                                      0.057     8.599 r  design_1_i/top_controller_0/inst/u_preprocessor/p_0_out__4/DSP_M_DATA_INST/V_DATA[12]
                         net (fo=1, routed)           0.000     8.599    design_1_i/top_controller_0/inst/u_preprocessor/p_0_out__4/DSP_M_DATA.V_DATA<12>
    DSP48E2_X1Y26        DSP_ALU (Prop_DSP_ALU_DSP48E2_V_DATA[12]_ALU_OUT[12])
                                                      0.688     9.287 r  design_1_i/top_controller_0/inst/u_preprocessor/p_0_out__4/DSP_ALU_INST/ALU_OUT[12]
                         net (fo=1, routed)           0.000     9.287    design_1_i/top_controller_0/inst/u_preprocessor/p_0_out__4/DSP_ALU.ALU_OUT<12>
    DSP48E2_X1Y26        DSP_OUTPUT (Prop_DSP_OUTPUT_DSP48E2_ALU_OUT[12]_P[12])
                                                      0.141     9.428 f  design_1_i/top_controller_0/inst/u_preprocessor/p_0_out__4/DSP_OUTPUT_INST/P[12]
                         net (fo=1, routed)           0.391     9.819    design_1_i/top_controller_0/inst/u_preprocessor/p_0_out__6/A[12]
    DSP48E2_X1Y27        DSP_A_B_DATA (Prop_DSP_A_B_DATA_DSP48E2_A[12]_A2_DATA[12])
                                                      0.241    10.060 r  design_1_i/top_controller_0/inst/u_preprocessor/p_0_out__6/DSP_A_B_DATA_INST/A2_DATA[12]
                         net (fo=1, routed)           0.000    10.060    design_1_i/top_controller_0/inst/u_preprocessor/p_0_out__6/DSP_A_B_DATA.A2_DATA<12>
    DSP48E2_X1Y27        DSP_PREADD_DATA (Prop_DSP_PREADD_DATA_DSP48E2_A2_DATA[12]_A2A1[12])
                                                      0.098    10.158 r  design_1_i/top_controller_0/inst/u_preprocessor/p_0_out__6/DSP_PREADD_DATA_INST/A2A1[12]
                         net (fo=1, routed)           0.000    10.158    design_1_i/top_controller_0/inst/u_preprocessor/p_0_out__6/DSP_PREADD_DATA.A2A1<12>
    DSP48E2_X1Y27        DSP_MULTIPLIER (Prop_DSP_MULTIPLIER_DSP48E2_A2A1[12]_U[25])
                                                      0.647    10.805 f  design_1_i/top_controller_0/inst/u_preprocessor/p_0_out__6/DSP_MULTIPLIER_INST/U[25]
                         net (fo=1, routed)           0.000    10.805    design_1_i/top_controller_0/inst/u_preprocessor/p_0_out__6/DSP_MULTIPLIER.U<25>
    DSP48E2_X1Y27        DSP_M_DATA (Prop_DSP_M_DATA_DSP48E2_U[25]_U_DATA[25])
                                                      0.059    10.864 r  design_1_i/top_controller_0/inst/u_preprocessor/p_0_out__6/DSP_M_DATA_INST/U_DATA[25]
                         net (fo=1, routed)           0.000    10.864    design_1_i/top_controller_0/inst/u_preprocessor/p_0_out__6/DSP_M_DATA.U_DATA<25>
    DSP48E2_X1Y27        DSP_ALU (Prop_DSP_ALU_DSP48E2_U_DATA[25]_ALU_OUT[25])
                                                      0.699    11.563 f  design_1_i/top_controller_0/inst/u_preprocessor/p_0_out__6/DSP_ALU_INST/ALU_OUT[25]
                         net (fo=1, routed)           0.000    11.563    design_1_i/top_controller_0/inst/u_preprocessor/p_0_out__6/DSP_ALU.ALU_OUT<25>
    DSP48E2_X1Y27        DSP_OUTPUT (Prop_DSP_OUTPUT_DSP48E2_ALU_OUT[25]_P[25])
                                                      0.141    11.704 r  design_1_i/top_controller_0/inst/u_preprocessor/p_0_out__6/DSP_OUTPUT_INST/P[25]
                         net (fo=4, routed)           0.213    11.917    design_1_i/top_controller_0/inst/u_preprocessor/grav_y[5]
    SLICE_X19Y68         LUT3 (Prop_H6LUT_SLICEM_I1_O)
                                                      0.182    12.099 r  design_1_i/top_controller_0/inst/u_preprocessor/pred_data_out[pred_accel_y_1][7]_i_3/O
                         net (fo=1, routed)           0.275    12.374    design_1_i/top_controller_0/inst/u_preprocessor/pred_data_out[pred_accel_y_1][7]_i_3_n_0
    SLICE_X19Y67         CARRY8 (Prop_CARRY8_SLICEM_DI[6]_CO[7])
                                                      0.079    12.453 r  design_1_i/top_controller_0/inst/u_preprocessor/pred_data_out_reg[pred_accel_y_1][7]_i_1/CO[7]
                         net (fo=1, routed)           0.028    12.481    design_1_i/top_controller_0/inst/u_preprocessor/pred_data_out_reg[pred_accel_y_1][7]_i_1_n_0
    SLICE_X19Y68         CARRY8 (Prop_CARRY8_SLICEM_CI_O[2])
                                                      0.086    12.567 r  design_1_i/top_controller_0/inst/u_preprocessor/pred_data_out_reg[pred_accel_y_1][11]_i_1/O[2]
                         net (fo=1, routed)           0.032    12.599    design_1_i/top_controller_0/inst/u_preprocessor/pred_data_out_reg[pred_accel_y_1][11]_i_1_n_13
    SLICE_X19Y68         FDRE                                         r  design_1_i/top_controller_0/inst/u_preprocessor/pred_data_out_reg[pred_accel_y_1][10]/D
  -------------------------------------------------------------------    -------------------

                         (clock clk_pl_0 rise edge)
                                                     11.250    11.250 r  
    PS8_X0Y0             PS8                          0.000    11.250 r  design_1_i/zynq_ultra_ps_e_0/inst/PS8_i/PLCLK[0]
                         net (fo=1, routed)           0.140    11.390    design_1_i/zynq_ultra_ps_e_0/inst/pl_clk_unbuffered[0]
    BUFG_PS_X0Y58        BUFG_PS (Prop_BUFG_PS_I_O)
                                                      0.027    11.417 r  design_1_i/zynq_ultra_ps_e_0/inst/buffer_pl_clk_0.PL_CLK_0_BUFG/O
    X0Y1 (CLOCK_ROOT)    net (fo=6524, routed)        1.559    12.976    design_1_i/top_controller_0/inst/u_preprocessor/S_AXI_ACLK
    SLICE_X19Y68         FDRE                                         r  design_1_i/top_controller_0/inst/u_preprocessor/pred_data_out_reg[pred_accel_y_1][10]/C
                         clock pessimism              0.107    13.083    
                         clock uncertainty           -0.182    12.901    
    SLICE_X19Y68         FDRE (Setup_CFF_SLICEM_C_D)
                                                      0.027    12.928    design_1_i/top_controller_0/inst/u_preprocessor/pred_data_out_reg[pred_accel_y_1][10]
  -------------------------------------------------------------------
                         required time                         12.928    
                         arrival time                         -12.599    
  -------------------------------------------------------------------
                         slack                                  0.329    

Slack (MET) :             0.345ns  (required time - arrival time)
  Source:                 design_1_i/top_controller_0/inst/u_axi_slave/slv_reg3_reg[0]/C
                            (rising edge-triggered cell FDRE clocked by clk_pl_0  {rise@0.000ns fall@5.625ns period=11.250ns})
  Destination:            design_1_i/top_controller_0/inst/u_preprocessor/pred_data_out_reg[pred_accel_y_1][8]/D
                            (rising edge-triggered cell FDRE clocked by clk_pl_0  {rise@0.000ns fall@5.625ns period=11.250ns})
  Path Group:             clk_pl_0
  Path Type:              Setup (Max at Slow Process Corner)
  Requirement:            11.250ns  (clk_pl_0 rise@11.250ns - clk_pl_0 rise@0.000ns)
  Data Path Delay:        10.565ns  (logic 7.102ns (67.221%)  route 3.463ns (32.779%))
  Logic Levels:           35  (CARRY8=4 DSP_A_B_DATA=3 DSP_ALU=3 DSP_M_DATA=3 DSP_MULTIPLIER=3 DSP_OUTPUT=3 DSP_PREADD_DATA=3 LUT3=2 LUT4=1 LUT5=1 LUT6=9)
  Clock Path Skew:        -0.185ns (DCD - SCD + CPR)
    Destination Clock Delay (DCD):    1.726ns = ( 12.976 - 11.250 ) 
    Source Clock Delay      (SCD):    2.018ns
    Clock Pessimism Removal (CPR):    0.107ns
  Clock Uncertainty:      0.182ns  ((TSJ^2 + DJ^2)^1/2) / 2 + PE
    Total System Jitter     (TSJ):    0.071ns
    Discrete Jitter          (DJ):    0.356ns
    Phase Error              (PE):    0.000ns
  Clock Net Delay (Source):      1.811ns (routing 0.638ns, distribution 1.173ns)
  Clock Net Delay (Destination): 1.559ns (routing 0.576ns, distribution 0.983ns)

    Location             Delay type                Incr(ns)  Path(ns)    Netlist Resource(s)
  -------------------------------------------------------------------    -------------------
                         (clock clk_pl_0 rise edge)
                                                      0.000     0.000 r  
    PS8_X0Y0             PS8                          0.000     0.000 r  design_1_i/zynq_ultra_ps_e_0/inst/PS8_i/PLCLK[0]
                         net (fo=1, routed)           0.178     0.178    design_1_i/zynq_ultra_ps_e_0/inst/pl_clk_unbuffered[0]
    BUFG_PS_X0Y58        BUFG_PS (Prop_BUFG_PS_I_O)
                                                      0.029     0.207 r  design_1_i/zynq_ultra_ps_e_0/inst/buffer_pl_clk_0.PL_CLK_0_BUFG/O
    X0Y1 (CLOCK_ROOT)    net (fo=6524, routed)        1.811     2.018    design_1_i/top_controller_0/inst/u_axi_slave/S_AXI_ACLK
    SLICE_X20Y57         FDRE                                         r  design_1_i/top_controller_0/inst/u_axi_slave/slv_reg3_reg[0]/C
  -------------------------------------------------------------------    -------------------
    SLICE_X20Y57         FDRE (Prop_FFF_SLICEM_C_Q)
                                                      0.094     2.112 r  design_1_i/top_controller_0/inst/u_axi_slave/slv_reg3_reg[0]/Q
                         net (fo=14, routed)          0.183     2.295    design_1_i/top_controller_0/inst/u_axi_slave/Q[0]
    SLICE_X22Y58         LUT3 (Prop_E6LUT_SLICEL_I2_O)
                                                      0.039     2.334 r  design_1_i/top_controller_0/inst/u_axi_slave/p_0_out__3_i_13/O
                         net (fo=4, routed)           0.120     2.454    design_1_i/top_controller_0/inst/u_axi_slave/p_0_out__3_i_13_n_0
    SLICE_X20Y58         LUT6 (Prop_A6LUT_SLICEM_I3_O)
                                                      0.064     2.518 r  design_1_i/top_controller_0/inst/u_axi_slave/g0_b0__3_i_13/O
                         net (fo=2, routed)           0.114     2.632    design_1_i/top_controller_0/inst/u_axi_slave/g0_b0__3_i_13_n_0
    SLICE_X20Y58         LUT6 (Prop_H6LUT_SLICEM_I4_O)
                                                      0.041     2.673 r  design_1_i/top_controller_0/inst/u_axi_slave/consistency_cnt[31]_i_20__12/O
                         net (fo=3, routed)           0.196     2.869    design_1_i/top_controller_0/inst/u_axi_slave/consistency_cnt[31]_i_20__12_n_0
    SLICE_X20Y59         LUT6 (Prop_D6LUT_SLICEM_I5_O)
                                                      0.038     2.907 r  design_1_i/top_controller_0/inst/u_axi_slave/g0_b0__3_i_7/O
                         net (fo=11, routed)          0.132     3.039    design_1_i/top_controller_0/inst/u_axi_slave/g0_b0__3_i_7_n_0
    SLICE_X20Y59         LUT6 (Prop_H6LUT_SLICEM_I5_O)
                                                      0.041     3.080 r  design_1_i/top_controller_0/inst/u_axi_slave/g0_b0__3_i_2/O
                         net (fo=85, routed)          0.284     3.364    design_1_i/top_controller_0/inst/u_axi_slave_n_577
    SLICE_X18Y60         LUT5 (Prop_A6LUT_SLICEL_I1_O)
                                                      0.115     3.479 r  design_1_i/top_controller_0/inst/g0_b3__3/O
                         net (fo=8, routed)           0.115     3.594    design_1_i/top_controller_0/inst/g0_b3__3_n_0
    SLICE_X19Y60         LUT6 (Prop_D6LUT_SLICEM_I5_O)
                                                      0.038     3.632 r  design_1_i/top_controller_0/inst/g0_b3__4__0/O
                         net (fo=1, routed)           0.026     3.658    design_1_i/top_controller_0/inst/u_axi_slave/DSP_A_B_DATA_INST_8[3]
    SLICE_X19Y60         CARRY8 (Prop_CARRY8_SLICEM_S[3]_CO[7])
                                                      0.206     3.864 r  design_1_i/top_controller_0/inst/u_axi_slave/p_0_out__3_i_9/CO[7]
                         net (fo=1, routed)           0.028     3.892    design_1_i/top_controller_0/inst/u_axi_slave/p_0_out__3_i_9_n_0
    SLICE_X19Y61         CARRY8 (Prop_CARRY8_SLICEM_CI_O[0])
                                                      0.072     3.964 f  design_1_i/top_controller_0/inst/u_axi_slave/p_0_out__3_i_8/O[0]
                         net (fo=1, routed)           0.331     4.295    design_1_i/top_controller_0/inst/u_preprocessor/p_0_out__3/A[8]
    DSP48E2_X1Y24        DSP_A_B_DATA (Prop_DSP_A_B_DATA_DSP48E2_A[8]_A2_DATA[8])
                                                      0.241     4.536 r  design_1_i/top_controller_0/inst/u_preprocessor/p_0_out__3/DSP_A_B_DATA_INST/A2_DATA[8]
                         net (fo=1, routed)           0.000     4.536    design_1_i/top_controller_0/inst/u_preprocessor/p_0_out__3/DSP_A_B_DATA.A2_DATA<8>
    DSP48E2_X1Y24        DSP_PREADD_DATA (Prop_DSP_PREADD_DATA_DSP48E2_A2_DATA[8]_A2A1[8])
                                                      0.098     4.634 r  design_1_i/top_controller_0/inst/u_preprocessor/p_0_out__3/DSP_PREADD_DATA_INST/A2A1[8]
                         net (fo=1, routed)           0.000     4.634    design_1_i/top_controller_0/inst/u_preprocessor/p_0_out__3/DSP_PREADD_DATA.A2A1<8>
    DSP48E2_X1Y24        DSP_MULTIPLIER (Prop_DSP_MULTIPLIER_DSP48E2_A2A1[8]_U[9])
                                                      0.647     5.281 f  design_1_i/top_controller_0/inst/u_preprocessor/p_0_out__3/DSP_MULTIPLIER_INST/U[9]
                         net (fo=1, routed)           0.000     5.281    design_1_i/top_controller_0/inst/u_preprocessor/p_0_out__3/DSP_MULTIPLIER.U<9>
    DSP48E2_X1Y24        DSP_M_DATA (Prop_DSP_M_DATA_DSP48E2_U[9]_U_DATA[9])
                                                      0.059     5.340 r  design_1_i/top_controller_0/inst/u_preprocessor/p_0_out__3/DSP_M_DATA_INST/U_DATA[9]
                         net (fo=1, routed)           0.000     5.340    design_1_i/top_controller_0/inst/u_preprocessor/p_0_out__3/DSP_M_DATA.U_DATA<9>
    DSP48E2_X1Y24        DSP_ALU (Prop_DSP_ALU_DSP48E2_U_DATA[9]_ALU_OUT[9])
                                                      0.699     6.039 f  design_1_i/top_controller_0/inst/u_preprocessor/p_0_out__3/DSP_ALU_INST/ALU_OUT[9]
                         net (fo=1, routed)           0.000     6.039    design_1_i/top_controller_0/inst/u_preprocessor/p_0_out__3/DSP_ALU.ALU_OUT<9>
    DSP48E2_X1Y24        DSP_OUTPUT (Prop_DSP_OUTPUT_DSP48E2_ALU_OUT[9]_P[9])
                                                      0.141     6.180 r  design_1_i/top_controller_0/inst/u_preprocessor/p_0_out__3/DSP_OUTPUT_INST/P[9]
                         net (fo=3, routed)           0.193     6.373    design_1_i/top_controller_0/inst/u_axi_slave/p_0_out__4_i_8_0[2]
    SLICE_X19Y61         LUT6 (Prop_F6LUT_SLICEM_I1_O)
                                                      0.148     6.521 r  design_1_i/top_controller_0/inst/u_axi_slave/p_0_out__4_i_22/O
                         net (fo=7, routed)           0.228     6.750    design_1_i/top_controller_0/inst/u_axi_slave/p_0_out__4_i_22_n_0
    SLICE_X18Y63         LUT6 (Prop_A6LUT_SLICEL_I5_O)
                                                      0.039     6.789 r  design_1_i/top_controller_0/inst/u_axi_slave/p_0_out__4_i_18/O
                         net (fo=4, routed)           0.118     6.906    design_1_i/top_controller_0/inst/u_axi_slave/p_0_out__4_i_18_n_0
    SLICE_X18Y65         LUT6 (Prop_C6LUT_SLICEL_I5_O)
                                                      0.113     7.019 f  design_1_i/top_controller_0/inst/u_axi_slave/p_0_out__4_i_16/O
                         net (fo=3, routed)           0.058     7.077    design_1_i/top_controller_0/inst/u_axi_slave/p_0_out__4_i_16_n_0
    SLICE_X18Y65         LUT6 (Prop_D6LUT_SLICEL_I1_O)
                                                      0.039     7.116 r  design_1_i/top_controller_0/inst/u_axi_slave/p_0_out__4_i_14/O
                         net (fo=2, routed)           0.051     7.168    design_1_i/top_controller_0/inst/u_axi_slave/p_0_out__4_i_14_n_0
    SLICE_X18Y65         LUT4 (Prop_E6LUT_SLICEL_I3_O)
                                                      0.039     7.207 f  design_1_i/top_controller_0/inst/u_axi_slave/p_0_out__4_i_1/O
                         net (fo=19, routed)          0.349     7.555    design_1_i/top_controller_0/inst/u_preprocessor/p_0_out__4/A[12]
    DSP48E2_X1Y26        DSP_A_B_DATA (Prop_DSP_A_B_DATA_DSP48E2_A[12]_A2_DATA[12])
                                                      0.241     7.796 r  design_1_i/top_controller_0/inst/u_preprocessor/p_0_out__4/DSP_A_B_DATA_INST/A2_DATA[12]
                         net (fo=1, routed)           0.000     7.796    design_1_i/top_controller_0/inst/u_preprocessor/p_0_out__4/DSP_A_B_DATA.A2_DATA<12>
    DSP48E2_X1Y26        DSP_PREADD_DATA (Prop_DSP_PREADD_DATA_DSP48E2_A2_DATA[12]_A2A1[12])
                                                      0.098     7.894 r  design_1_i/top_controller_0/inst/u_preprocessor/p_0_out__4/DSP_PREADD_DATA_INST/A2A1[12]
                         net (fo=1, routed)           0.000     7.894    design_1_i/top_controller_0/inst/u_preprocessor/p_0_out__4/DSP_PREADD_DATA.A2A1<12>
    DSP48E2_X1Y26        DSP_MULTIPLIER (Prop_DSP_MULTIPLIER_DSP48E2_A2A1[12]_V[12])
                                                      0.648     8.542 f  design_1_i/top_controller_0/inst/u_preprocessor/p_0_out__4/DSP_MULTIPLIER_INST/V[12]
                         net (fo=1, routed)           0.000     8.542    design_1_i/top_controller_0/inst/u_preprocessor/p_0_out__4/DSP_MULTIPLIER.V<12>
    DSP48E2_X1Y26        DSP_M_DATA (Prop_DSP_M_DATA_DSP48E2_V[12]_V_DATA[12])
                                                      0.057     8.599 r  design_1_i/top_controller_0/inst/u_preprocessor/p_0_out__4/DSP_M_DATA_INST/V_DATA[12]
                         net (fo=1, routed)           0.000     8.599    design_1_i/top_controller_0/inst/u_preprocessor/p_0_out__4/DSP_M_DATA.V_DATA<12>
    DSP48E2_X1Y26        DSP_ALU (Prop_DSP_ALU_DSP48E2_V_DATA[12]_ALU_OUT[12])
                                                      0.688     9.287 r  design_1_i/top_controller_0/inst/u_preprocessor/p_0_out__4/DSP_ALU_INST/ALU_OUT[12]
                         net (fo=1, routed)           0.000     9.287    design_1_i/top_controller_0/inst/u_preprocessor/p_0_out__4/DSP_ALU.ALU_OUT<12>
    DSP48E2_X1Y26        DSP_OUTPUT (Prop_DSP_OUTPUT_DSP48E2_ALU_OUT[12]_P[12])
                                                      0.141     9.428 f  design_1_i/top_controller_0/inst/u_preprocessor/p_0_out__4/DSP_OUTPUT_INST/P[12]
                         net (fo=1, routed)           0.391     9.819    design_1_i/top_controller_0/inst/u_preprocessor/p_0_out__6/A[12]
    DSP48E2_X1Y27        DSP_A_B_DATA (Prop_DSP_A_B_DATA_DSP48E2_A[12]_A2_DATA[12])
                                                      0.241    10.060 r  design_1_i/top_controller_0/inst/u_preprocessor/p_0_out__6/DSP_A_B_DATA_INST/A2_DATA[12]
                         net (fo=1, routed)           0.000    10.060    design_1_i/top_controller_0/inst/u_preprocessor/p_0_out__6/DSP_A_B_DATA.A2_DATA<12>
    DSP48E2_X1Y27        DSP_PREADD_DATA (Prop_DSP_PREADD_DATA_DSP48E2_A2_DATA[12]_A2A1[12])
                                                      0.098    10.158 r  design_1_i/top_controller_0/inst/u_preprocessor/p_0_out__6/DSP_PREADD_DATA_INST/A2A1[12]
                         net (fo=1, routed)           0.000    10.158    design_1_i/top_controller_0/inst/u_preprocessor/p_0_out__6/DSP_PREADD_DATA.A2A1<12>
    DSP48E2_X1Y27        DSP_MULTIPLIER (Prop_DSP_MULTIPLIER_DSP48E2_A2A1[12]_U[25])
                                                      0.647    10.805 f  design_1_i/top_controller_0/inst/u_preprocessor/p_0_out__6/DSP_MULTIPLIER_INST/U[25]
                         net (fo=1, routed)           0.000    10.805    design_1_i/top_controller_0/inst/u_preprocessor/p_0_out__6/DSP_MULTIPLIER.U<25>
    DSP48E2_X1Y27        DSP_M_DATA (Prop_DSP_M_DATA_DSP48E2_U[25]_U_DATA[25])
                                                      0.059    10.864 r  design_1_i/top_controller_0/inst/u_preprocessor/p_0_out__6/DSP_M_DATA_INST/U_DATA[25]
                         net (fo=1, routed)           0.000    10.864    design_1_i/top_controller_0/inst/u_preprocessor/p_0_out__6/DSP_M_DATA.U_DATA<25>
    DSP48E2_X1Y27        DSP_ALU (Prop_DSP_ALU_DSP48E2_U_DATA[25]_ALU_OUT[25])
                                                      0.699    11.563 f  design_1_i/top_controller_0/inst/u_preprocessor/p_0_out__6/DSP_ALU_INST/ALU_OUT[25]
                         net (fo=1, routed)           0.000    11.563    design_1_i/top_controller_0/inst/u_preprocessor/p_0_out__6/DSP_ALU.ALU_OUT<25>
    DSP48E2_X1Y27        DSP_OUTPUT (Prop_DSP_OUTPUT_DSP48E2_ALU_OUT[25]_P[25])
                                                      0.141    11.704 r  design_1_i/top_controller_0/inst/u_preprocessor/p_0_out__6/DSP_OUTPUT_INST/P[25]
                         net (fo=4, routed)           0.213    11.917    design_1_i/top_controller_0/inst/u_preprocessor/grav_y[5]
    SLICE_X19Y68         LUT3 (Prop_H6LUT_SLICEM_I1_O)
                                                      0.182    12.099 r  design_1_i/top_controller_0/inst/u_preprocessor/pred_data_out[pred_accel_y_1][7]_i_3/O
                         net (fo=1, routed)           0.275    12.374    design_1_i/top_controller_0/inst/u_preprocessor/pred_data_out[pred_accel_y_1][7]_i_3_n_0
    SLICE_X19Y67         CARRY8 (Prop_CARRY8_SLICEM_DI[6]_CO[7])
                                                      0.079    12.453 r  design_1_i/top_controller_0/inst/u_preprocessor/pred_data_out_reg[pred_accel_y_1][7]_i_1/CO[7]
                         net (fo=1, routed)           0.028    12.481    design_1_i/top_controller_0/inst/u_preprocessor/pred_data_out_reg[pred_accel_y_1][7]_i_1_n_0
    SLICE_X19Y68         CARRY8 (Prop_CARRY8_SLICEM_CI_O[0])
                                                      0.072    12.553 r  design_1_i/top_controller_0/inst/u_preprocessor/pred_data_out_reg[pred_accel_y_1][11]_i_1/O[0]
                         net (fo=1, routed)           0.030    12.583    design_1_i/top_controller_0/inst/u_preprocessor/pred_data_out_reg[pred_accel_y_1][11]_i_1_n_15
    SLICE_X19Y68         FDRE                                         r  design_1_i/top_controller_0/inst/u_preprocessor/pred_data_out_reg[pred_accel_y_1][8]/D
  -------------------------------------------------------------------    -------------------

                         (clock clk_pl_0 rise edge)
                                                     11.250    11.250 r  
    PS8_X0Y0             PS8                          0.000    11.250 r  design_1_i/zynq_ultra_ps_e_0/inst/PS8_i/PLCLK[0]
                         net (fo=1, routed)           0.140    11.390    design_1_i/zynq_ultra_ps_e_0/inst/pl_clk_unbuffered[0]
    BUFG_PS_X0Y58        BUFG_PS (Prop_BUFG_PS_I_O)
                                                      0.027    11.417 r  design_1_i/zynq_ultra_ps_e_0/inst/buffer_pl_clk_0.PL_CLK_0_BUFG/O
    X0Y1 (CLOCK_ROOT)    net (fo=6524, routed)        1.559    12.976    design_1_i/top_controller_0/inst/u_preprocessor/S_AXI_ACLK
    SLICE_X19Y68         FDRE                                         r  design_1_i/top_controller_0/inst/u_preprocessor/pred_data_out_reg[pred_accel_y_1][8]/C
                         clock pessimism              0.107    13.083    
                         clock uncertainty           -0.182    12.901    
    SLICE_X19Y68         FDRE (Setup_AFF_SLICEM_C_D)
                                                      0.027    12.928    design_1_i/top_controller_0/inst/u_preprocessor/pred_data_out_reg[pred_accel_y_1][8]
  -------------------------------------------------------------------
                         required time                         12.928    
                         arrival time                         -12.583    
  -------------------------------------------------------------------
                         slack                                  0.345    

Slack (MET) :             0.404ns  (required time - arrival time)
  Source:                 design_1_i/top_controller_0/inst/u_axi_slave/slv_reg3_reg[0]/C
                            (rising edge-triggered cell FDRE clocked by clk_pl_0  {rise@0.000ns fall@5.625ns period=11.250ns})
  Destination:            design_1_i/top_controller_0/inst/u_preprocessor/pred_data_out_reg[pred_accel_y_1][7]/D
                            (rising edge-triggered cell FDRE clocked by clk_pl_0  {rise@0.000ns fall@5.625ns period=11.250ns})
  Path Group:             clk_pl_0
  Path Type:              Setup (Max at Slow Process Corner)
  Requirement:            11.250ns  (clk_pl_0 rise@11.250ns - clk_pl_0 rise@0.000ns)
  Data Path Delay:        10.506ns  (logic 7.070ns (67.294%)  route 3.436ns (32.706%))
  Logic Levels:           34  (CARRY8=3 DSP_A_B_DATA=3 DSP_ALU=3 DSP_M_DATA=3 DSP_MULTIPLIER=3 DSP_OUTPUT=3 DSP_PREADD_DATA=3 LUT3=2 LUT4=1 LUT5=1 LUT6=9)
  Clock Path Skew:        -0.185ns (DCD - SCD + CPR)
    Destination Clock Delay (DCD):    1.726ns = ( 12.976 - 11.250 ) 
    Source Clock Delay      (SCD):    2.018ns
    Clock Pessimism Removal (CPR):    0.107ns
  Clock Uncertainty:      0.182ns  ((TSJ^2 + DJ^2)^1/2) / 2 + PE
    Total System Jitter     (TSJ):    0.071ns
    Discrete Jitter          (DJ):    0.356ns
    Phase Error              (PE):    0.000ns
  Clock Net Delay (Source):      1.811ns (routing 0.638ns, distribution 1.173ns)
  Clock Net Delay (Destination): 1.559ns (routing 0.576ns, distribution 0.983ns)

    Location             Delay type                Incr(ns)  Path(ns)    Netlist Resource(s)
  -------------------------------------------------------------------    -------------------
                         (clock clk_pl_0 rise edge)
                                                      0.000     0.000 r  
    PS8_X0Y0             PS8                          0.000     0.000 r  design_1_i/zynq_ultra_ps_e_0/inst/PS8_i/PLCLK[0]
                         net (fo=1, routed)           0.178     0.178    design_1_i/zynq_ultra_ps_e_0/inst/pl_clk_unbuffered[0]
    BUFG_PS_X0Y58        BUFG_PS (Prop_BUFG_PS_I_O)
                                                      0.029     0.207 r  design_1_i/zynq_ultra_ps_e_0/inst/buffer_pl_clk_0.PL_CLK_0_BUFG/O
    X0Y1 (CLOCK_ROOT)    net (fo=6524, routed)        1.811     2.018    design_1_i/top_controller_0/inst/u_axi_slave/S_AXI_ACLK
    SLICE_X20Y57         FDRE                                         r  design_1_i/top_controller_0/inst/u_axi_slave/slv_reg3_reg[0]/C
  -------------------------------------------------------------------    -------------------
    SLICE_X20Y57         FDRE (Prop_FFF_SLICEM_C_Q)
                                                      0.094     2.112 r  design_1_i/top_controller_0/inst/u_axi_slave/slv_reg3_reg[0]/Q
                         net (fo=14, routed)          0.183     2.295    design_1_i/top_controller_0/inst/u_axi_slave/Q[0]
    SLICE_X22Y58         LUT3 (Prop_E6LUT_SLICEL_I2_O)
                                                      0.039     2.334 r  design_1_i/top_controller_0/inst/u_axi_slave/p_0_out__3_i_13/O
                         net (fo=4, routed)           0.120     2.454    design_1_i/top_controller_0/inst/u_axi_slave/p_0_out__3_i_13_n_0
    SLICE_X20Y58         LUT6 (Prop_A6LUT_SLICEM_I3_O)
                                                      0.064     2.518 r  design_1_i/top_controller_0/inst/u_axi_slave/g0_b0__3_i_13/O
                         net (fo=2, routed)           0.114     2.632    design_1_i/top_controller_0/inst/u_axi_slave/g0_b0__3_i_13_n_0
    SLICE_X20Y58         LUT6 (Prop_H6LUT_SLICEM_I4_O)
                                                      0.041     2.673 r  design_1_i/top_controller_0/inst/u_axi_slave/consistency_cnt[31]_i_20__12/O
                         net (fo=3, routed)           0.196     2.869    design_1_i/top_controller_0/inst/u_axi_slave/consistency_cnt[31]_i_20__12_n_0
    SLICE_X20Y59         LUT6 (Prop_D6LUT_SLICEM_I5_O)
                                                      0.038     2.907 r  design_1_i/top_controller_0/inst/u_axi_slave/g0_b0__3_i_7/O
                         net (fo=11, routed)          0.132     3.039    design_1_i/top_controller_0/inst/u_axi_slave/g0_b0__3_i_7_n_0
    SLICE_X20Y59         LUT6 (Prop_H6LUT_SLICEM_I5_O)
                                                      0.041     3.080 r  design_1_i/top_controller_0/inst/u_axi_slave/g0_b0__3_i_2/O
                         net (fo=85, routed)          0.284     3.364    design_1_i/top_controller_0/inst/u_axi_slave_n_577
    SLICE_X18Y60         LUT5 (Prop_A6LUT_SLICEL_I1_O)
                                                      0.115     3.479 r  design_1_i/top_controller_0/inst/g0_b3__3/O
                         net (fo=8, routed)           0.115     3.594    design_1_i/top_controller_0/inst/g0_b3__3_n_0
    SLICE_X19Y60         LUT6 (Prop_D6LUT_SLICEM_I5_O)
                                                      0.038     3.632 r  design_1_i/top_controller_0/inst/g0_b3__4__0/O
                         net (fo=1, routed)           0.026     3.658    design_1_i/top_controller_0/inst/u_axi_slave/DSP_A_B_DATA_INST_8[3]
    SLICE_X19Y60         CARRY8 (Prop_CARRY8_SLICEM_S[3]_CO[7])
                                                      0.206     3.864 r  design_1_i/top_controller_0/inst/u_axi_slave/p_0_out__3_i_9/CO[7]
                         net (fo=1, routed)           0.028     3.892    design_1_i/top_controller_0/inst/u_axi_slave/p_0_out__3_i_9_n_0
    SLICE_X19Y61         CARRY8 (Prop_CARRY8_SLICEM_CI_O[0])
                                                      0.072     3.964 f  design_1_i/top_controller_0/inst/u_axi_slave/p_0_out__3_i_8/O[0]
                         net (fo=1, routed)           0.331     4.295    design_1_i/top_controller_0/inst/u_preprocessor/p_0_out__3/A[8]
    DSP48E2_X1Y24        DSP_A_B_DATA (Prop_DSP_A_B_DATA_DSP48E2_A[8]_A2_DATA[8])
                                                      0.241     4.536 r  design_1_i/top_controller_0/inst/u_preprocessor/p_0_out__3/DSP_A_B_DATA_INST/A2_DATA[8]
                         net (fo=1, routed)           0.000     4.536    design_1_i/top_controller_0/inst/u_preprocessor/p_0_out__3/DSP_A_B_DATA.A2_DATA<8>
    DSP48E2_X1Y24        DSP_PREADD_DATA (Prop_DSP_PREADD_DATA_DSP48E2_A2_DATA[8]_A2A1[8])
                                                      0.098     4.634 r  design_1_i/top_controller_0/inst/u_preprocessor/p_0_out__3/DSP_PREADD_DATA_INST/A2A1[8]
                         net (fo=1, routed)           0.000     4.634    design_1_i/top_controller_0/inst/u_preprocessor/p_0_out__3/DSP_PREADD_DATA.A2A1<8>
    DSP48E2_X1Y24        DSP_MULTIPLIER (Prop_DSP_MULTIPLIER_DSP48E2_A2A1[8]_U[9])
                                                      0.647     5.281 f  design_1_i/top_controller_0/inst/u_preprocessor/p_0_out__3/DSP_MULTIPLIER_INST/U[9]
                         net (fo=1, routed)           0.000     5.281    design_1_i/top_controller_0/inst/u_preprocessor/p_0_out__3/DSP_MULTIPLIER.U<9>
    DSP48E2_X1Y24        DSP_M_DATA (Prop_DSP_M_DATA_DSP48E2_U[9]_U_DATA[9])
                                                      0.059     5.340 r  design_1_i/top_controller_0/inst/u_preprocessor/p_0_out__3/DSP_M_DATA_INST/U_DATA[9]
                         net (fo=1, routed)           0.000     5.340    design_1_i/top_controller_0/inst/u_preprocessor/p_0_out__3/DSP_M_DATA.U_DATA<9>
    DSP48E2_X1Y24        DSP_ALU (Prop_DSP_ALU_DSP48E2_U_DATA[9]_ALU_OUT[9])
                                                      0.699     6.039 f  design_1_i/top_controller_0/inst/u_preprocessor/p_0_out__3/DSP_ALU_INST/ALU_OUT[9]
                         net (fo=1, routed)           0.000     6.039    design_1_i/top_controller_0/inst/u_preprocessor/p_0_out__3/DSP_ALU.ALU_OUT<9>
    DSP48E2_X1Y24        DSP_OUTPUT (Prop_DSP_OUTPUT_DSP48E2_ALU_OUT[9]_P[9])
                                                      0.141     6.180 r  design_1_i/top_controller_0/inst/u_preprocessor/p_0_out__3/DSP_OUTPUT_INST/P[9]
                         net (fo=3, routed)           0.193     6.373    design_1_i/top_controller_0/inst/u_axi_slave/p_0_out__4_i_8_0[2]
    SLICE_X19Y61         LUT6 (Prop_F6LUT_SLICEM_I1_O)
                                                      0.148     6.521 r  design_1_i/top_controller_0/inst/u_axi_slave/p_0_out__4_i_22/O
                         net (fo=7, routed)           0.228     6.750    design_1_i/top_controller_0/inst/u_axi_slave/p_0_out__4_i_22_n_0
    SLICE_X18Y63         LUT6 (Prop_A6LUT_SLICEL_I5_O)
                                                      0.039     6.789 r  design_1_i/top_controller_0/inst/u_axi_slave/p_0_out__4_i_18/O
                         net (fo=4, routed)           0.118     6.906    design_1_i/top_controller_0/inst/u_axi_slave/p_0_out__4_i_18_n_0
    SLICE_X18Y65         LUT6 (Prop_C6LUT_SLICEL_I5_O)
                                                      0.113     7.019 f  design_1_i/top_controller_0/inst/u_axi_slave/p_0_out__4_i_16/O
                         net (fo=3, routed)           0.058     7.077    design_1_i/top_controller_0/inst/u_axi_slave/p_0_out__4_i_16_n_0
    SLICE_X18Y65         LUT6 (Prop_D6LUT_SLICEL_I1_O)
                                                      0.039     7.116 r  design_1_i/top_controller_0/inst/u_axi_slave/p_0_out__4_i_14/O
                         net (fo=2, routed)           0.051     7.168    design_1_i/top_controller_0/inst/u_axi_slave/p_0_out__4_i_14_n_0
    SLICE_X18Y65         LUT4 (Prop_E6LUT_SLICEL_I3_O)
                                                      0.039     7.207 f  design_1_i/top_controller_0/inst/u_axi_slave/p_0_out__4_i_1/O
                         net (fo=19, routed)          0.349     7.555    design_1_i/top_controller_0/inst/u_preprocessor/p_0_out__4/A[12]
    DSP48E2_X1Y26        DSP_A_B_DATA (Prop_DSP_A_B_DATA_DSP48E2_A[12]_A2_DATA[12])
                                                      0.241     7.796 r  design_1_i/top_controller_0/inst/u_preprocessor/p_0_out__4/DSP_A_B_DATA_INST/A2_DATA[12]
                         net (fo=1, routed)           0.000     7.796    design_1_i/top_controller_0/inst/u_preprocessor/p_0_out__4/DSP_A_B_DATA.A2_DATA<12>
    DSP48E2_X1Y26        DSP_PREADD_DATA (Prop_DSP_PREADD_DATA_DSP48E2_A2_DATA[12]_A2A1[12])
                                                      0.098     7.894 r  design_1_i/top_controller_0/inst/u_preprocessor/p_0_out__4/DSP_PREADD_DATA_INST/A2A1[12]
                         net (fo=1, routed)           0.000     7.894    design_1_i/top_controller_0/inst/u_preprocessor/p_0_out__4/DSP_PREADD_DATA.A2A1<12>
    DSP48E2_X1Y26        DSP_MULTIPLIER (Prop_DSP_MULTIPLIER_DSP48E2_A2A1[12]_V[12])
                                                      0.648     8.542 f  design_1_i/top_controller_0/inst/u_preprocessor/p_0_out__4/DSP_MULTIPLIER_INST/V[12]
                         net (fo=1, routed)           0.000     8.542    design_1_i/top_controller_0/inst/u_preprocessor/p_0_out__4/DSP_MULTIPLIER.V<12>
    DSP48E2_X1Y26        DSP_M_DATA (Prop_DSP_M_DATA_DSP48E2_V[12]_V_DATA[12])
                                                      0.057     8.599 r  design_1_i/top_controller_0/inst/u_preprocessor/p_0_out__4/DSP_M_DATA_INST/V_DATA[12]
                         net (fo=1, routed)           0.000     8.599    design_1_i/top_controller_0/inst/u_preprocessor/p_0_out__4/DSP_M_DATA.V_DATA<12>
    DSP48E2_X1Y26        DSP_ALU (Prop_DSP_ALU_DSP48E2_V_DATA[12]_ALU_OUT[12])
                                                      0.688     9.287 r  design_1_i/top_controller_0/inst/u_preprocessor/p_0_out__4/DSP_ALU_INST/ALU_OUT[12]
                         net (fo=1, routed)           0.000     9.287    design_1_i/top_controller_0/inst/u_preprocessor/p_0_out__4/DSP_ALU.ALU_OUT<12>
    DSP48E2_X1Y26        DSP_OUTPUT (Prop_DSP_OUTPUT_DSP48E2_ALU_OUT[12]_P[12])
                                                      0.141     9.428 f  design_1_i/top_controller_0/inst/u_preprocessor/p_0_out__4/DSP_OUTPUT_INST/P[12]
                         net (fo=1, routed)           0.391     9.819    design_1_i/top_controller_0/inst/u_preprocessor/p_0_out__6/A[12]
    DSP48E2_X1Y27        DSP_A_B_DATA (Prop_DSP_A_B_DATA_DSP48E2_A[12]_A2_DATA[12])
                                                      0.241    10.060 r  design_1_i/top_controller_0/inst/u_preprocessor/p_0_out__6/DSP_A_B_DATA_INST/A2_DATA[12]
                         net (fo=1, routed)           0.000    10.060    design_1_i/top_controller_0/inst/u_preprocessor/p_0_out__6/DSP_A_B_DATA.A2_DATA<12>
    DSP48E2_X1Y27        DSP_PREADD_DATA (Prop_DSP_PREADD_DATA_DSP48E2_A2_DATA[12]_A2A1[12])
                                                      0.098    10.158 r  design_1_i/top_controller_0/inst/u_preprocessor/p_0_out__6/DSP_PREADD_DATA_INST/A2A1[12]
                         net (fo=1, routed)           0.000    10.158    design_1_i/top_controller_0/inst/u_preprocessor/p_0_out__6/DSP_PREADD_DATA.A2A1<12>
    DSP48E2_X1Y27        DSP_MULTIPLIER (Prop_DSP_MULTIPLIER_DSP48E2_A2A1[12]_U[25])
                                                      0.647    10.805 f  design_1_i/top_controller_0/inst/u_preprocessor/p_0_out__6/DSP_MULTIPLIER_INST/U[25]
                         net (fo=1, routed)           0.000    10.805    design_1_i/top_controller_0/inst/u_preprocessor/p_0_out__6/DSP_MULTIPLIER.U<25>
    DSP48E2_X1Y27        DSP_M_DATA (Prop_DSP_M_DATA_DSP48E2_U[25]_U_DATA[25])
                                                      0.059    10.864 r  design_1_i/top_controller_0/inst/u_preprocessor/p_0_out__6/DSP_M_DATA_INST/U_DATA[25]
                         net (fo=1, routed)           0.000    10.864    design_1_i/top_controller_0/inst/u_preprocessor/p_0_out__6/DSP_M_DATA.U_DATA<25>
    DSP48E2_X1Y27        DSP_ALU (Prop_DSP_ALU_DSP48E2_U_DATA[25]_ALU_OUT[25])
                                                      0.699    11.563 f  design_1_i/top_controller_0/inst/u_preprocessor/p_0_out__6/DSP_ALU_INST/ALU_OUT[25]
                         net (fo=1, routed)           0.000    11.563    design_1_i/top_controller_0/inst/u_preprocessor/p_0_out__6/DSP_ALU.ALU_OUT<25>
    DSP48E2_X1Y27        DSP_OUTPUT (Prop_DSP_OUTPUT_DSP48E2_ALU_OUT[25]_P[25])
                                                      0.141    11.704 r  design_1_i/top_controller_0/inst/u_preprocessor/p_0_out__6/DSP_OUTPUT_INST/P[25]
                         net (fo=4, routed)           0.213    11.917    design_1_i/top_controller_0/inst/u_preprocessor/grav_y[5]
    SLICE_X19Y68         LUT3 (Prop_H6LUT_SLICEM_I1_O)
                                                      0.182    12.099 r  design_1_i/top_controller_0/inst/u_preprocessor/pred_data_out[pred_accel_y_1][7]_i_3/O
                         net (fo=1, routed)           0.275    12.374    design_1_i/top_controller_0/inst/u_preprocessor/pred_data_out[pred_accel_y_1][7]_i_3_n_0
    SLICE_X19Y67         CARRY8 (Prop_CARRY8_SLICEM_DI[6]_O[7])
                                                      0.119    12.493 r  design_1_i/top_controller_0/inst/u_preprocessor/pred_data_out_reg[pred_accel_y_1][7]_i_1/O[7]
                         net (fo=1, routed)           0.031    12.524    design_1_i/top_controller_0/inst/u_preprocessor/pred_data_out_reg[pred_accel_y_1][7]_i_1_n_8
    SLICE_X19Y67         FDRE                                         r  design_1_i/top_controller_0/inst/u_preprocessor/pred_data_out_reg[pred_accel_y_1][7]/D
  -------------------------------------------------------------------    -------------------

                         (clock clk_pl_0 rise edge)
                                                     11.250    11.250 r  
    PS8_X0Y0             PS8                          0.000    11.250 r  design_1_i/zynq_ultra_ps_e_0/inst/PS8_i/PLCLK[0]
                         net (fo=1, routed)           0.140    11.390    design_1_i/zynq_ultra_ps_e_0/inst/pl_clk_unbuffered[0]
    BUFG_PS_X0Y58        BUFG_PS (Prop_BUFG_PS_I_O)
                                                      0.027    11.417 r  design_1_i/zynq_ultra_ps_e_0/inst/buffer_pl_clk_0.PL_CLK_0_BUFG/O
    X0Y1 (CLOCK_ROOT)    net (fo=6524, routed)        1.559    12.976    design_1_i/top_controller_0/inst/u_preprocessor/S_AXI_ACLK
    SLICE_X19Y67         FDRE                                         r  design_1_i/top_controller_0/inst/u_preprocessor/pred_data_out_reg[pred_accel_y_1][7]/C
                         clock pessimism              0.107    13.083    
                         clock uncertainty           -0.182    12.901    
    SLICE_X19Y67         FDRE (Setup_HFF_SLICEM_C_D)
                                                      0.027    12.928    design_1_i/top_controller_0/inst/u_preprocessor/pred_data_out_reg[pred_accel_y_1][7]
  -------------------------------------------------------------------
                         required time                         12.928    
                         arrival time                         -12.524    
  -------------------------------------------------------------------
                         slack                                  0.404    

Slack (MET) :             0.469ns  (required time - arrival time)
  Source:                 design_1_i/top_controller_0/inst/u_axi_slave/slv_reg3_reg[0]/C
                            (rising edge-triggered cell FDRE clocked by clk_pl_0  {rise@0.000ns fall@5.625ns period=11.250ns})
  Destination:            design_1_i/top_controller_0/inst/u_preprocessor/pred_data_out_reg[pred_accel_y_1][5]/D
                            (rising edge-triggered cell FDRE clocked by clk_pl_0  {rise@0.000ns fall@5.625ns period=11.250ns})
  Path Group:             clk_pl_0
  Path Type:              Setup (Max at Slow Process Corner)
  Requirement:            11.250ns  (clk_pl_0 rise@11.250ns - clk_pl_0 rise@0.000ns)
  Data Path Delay:        10.441ns  (logic 7.214ns (69.093%)  route 3.227ns (30.907%))
  Logic Levels:           34  (CARRY8=3 DSP_A_B_DATA=3 DSP_ALU=3 DSP_M_DATA=3 DSP_MULTIPLIER=3 DSP_OUTPUT=3 DSP_PREADD_DATA=3 LUT3=1 LUT4=1 LUT5=2 LUT6=9)
  Clock Path Skew:        -0.185ns (DCD - SCD + CPR)
    Destination Clock Delay (DCD):    1.726ns = ( 12.976 - 11.250 ) 
    Source Clock Delay      (SCD):    2.018ns
    Clock Pessimism Removal (CPR):    0.107ns
  Clock Uncertainty:      0.182ns  ((TSJ^2 + DJ^2)^1/2) / 2 + PE
    Total System Jitter     (TSJ):    0.071ns
    Discrete Jitter          (DJ):    0.356ns
    Phase Error              (PE):    0.000ns
  Clock Net Delay (Source):      1.811ns (routing 0.638ns, distribution 1.173ns)
  Clock Net Delay (Destination): 1.559ns (routing 0.576ns, distribution 0.983ns)

    Location             Delay type                Incr(ns)  Path(ns)    Netlist Resource(s)
  -------------------------------------------------------------------    -------------------
                         (clock clk_pl_0 rise edge)
                                                      0.000     0.000 r  
    PS8_X0Y0             PS8                          0.000     0.000 r  design_1_i/zynq_ultra_ps_e_0/inst/PS8_i/PLCLK[0]
                         net (fo=1, routed)           0.178     0.178    design_1_i/zynq_ultra_ps_e_0/inst/pl_clk_unbuffered[0]
    BUFG_PS_X0Y58        BUFG_PS (Prop_BUFG_PS_I_O)
                                                      0.029     0.207 r  design_1_i/zynq_ultra_ps_e_0/inst/buffer_pl_clk_0.PL_CLK_0_BUFG/O
    X0Y1 (CLOCK_ROOT)    net (fo=6524, routed)        1.811     2.018    design_1_i/top_controller_0/inst/u_axi_slave/S_AXI_ACLK
    SLICE_X20Y57         FDRE                                         r  design_1_i/top_controller_0/inst/u_axi_slave/slv_reg3_reg[0]/C
  -------------------------------------------------------------------    -------------------
    SLICE_X20Y57         FDRE (Prop_FFF_SLICEM_C_Q)
                                                      0.094     2.112 r  design_1_i/top_controller_0/inst/u_axi_slave/slv_reg3_reg[0]/Q
                         net (fo=14, routed)          0.183     2.295    design_1_i/top_controller_0/inst/u_axi_slave/Q[0]
    SLICE_X22Y58         LUT3 (Prop_E6LUT_SLICEL_I2_O)
                                                      0.039     2.334 r  design_1_i/top_controller_0/inst/u_axi_slave/p_0_out__3_i_13/O
                         net (fo=4, routed)           0.120     2.454    design_1_i/top_controller_0/inst/u_axi_slave/p_0_out__3_i_13_n_0
    SLICE_X20Y58         LUT6 (Prop_A6LUT_SLICEM_I3_O)
                                                      0.064     2.518 r  design_1_i/top_controller_0/inst/u_axi_slave/g0_b0__3_i_13/O
                         net (fo=2, routed)           0.114     2.632    design_1_i/top_controller_0/inst/u_axi_slave/g0_b0__3_i_13_n_0
    SLICE_X20Y58         LUT6 (Prop_H6LUT_SLICEM_I4_O)
                                                      0.041     2.673 r  design_1_i/top_controller_0/inst/u_axi_slave/consistency_cnt[31]_i_20__12/O
                         net (fo=3, routed)           0.196     2.869    design_1_i/top_controller_0/inst/u_axi_slave/consistency_cnt[31]_i_20__12_n_0
    SLICE_X20Y59         LUT6 (Prop_D6LUT_SLICEM_I5_O)
                                                      0.038     2.907 r  design_1_i/top_controller_0/inst/u_axi_slave/g0_b0__3_i_7/O
                         net (fo=11, routed)          0.132     3.039    design_1_i/top_controller_0/inst/u_axi_slave/g0_b0__3_i_7_n_0
    SLICE_X20Y59         LUT6 (Prop_H6LUT_SLICEM_I5_O)
                                                      0.041     3.080 r  design_1_i/top_controller_0/inst/u_axi_slave/g0_b0__3_i_2/O
                         net (fo=85, routed)          0.284     3.364    design_1_i/top_controller_0/inst/u_axi_slave_n_577
    SLICE_X18Y60         LUT5 (Prop_A6LUT_SLICEL_I1_O)
                                                      0.115     3.479 r  design_1_i/top_controller_0/inst/g0_b3__3/O
                         net (fo=8, routed)           0.115     3.594    design_1_i/top_controller_0/inst/g0_b3__3_n_0
    SLICE_X19Y60         LUT6 (Prop_D6LUT_SLICEM_I5_O)
                                                      0.038     3.632 r  design_1_i/top_controller_0/inst/g0_b3__4__0/O
                         net (fo=1, routed)           0.026     3.658    design_1_i/top_controller_0/inst/u_axi_slave/DSP_A_B_DATA_INST_8[3]
    SLICE_X19Y60         CARRY8 (Prop_CARRY8_SLICEM_S[3]_CO[7])
                                                      0.206     3.864 r  design_1_i/top_controller_0/inst/u_axi_slave/p_0_out__3_i_9/CO[7]
                         net (fo=1, routed)           0.028     3.892    design_1_i/top_controller_0/inst/u_axi_slave/p_0_out__3_i_9_n_0
    SLICE_X19Y61         CARRY8 (Prop_CARRY8_SLICEM_CI_O[0])
                                                      0.072     3.964 f  design_1_i/top_controller_0/inst/u_axi_slave/p_0_out__3_i_8/O[0]
                         net (fo=1, routed)           0.331     4.295    design_1_i/top_controller_0/inst/u_preprocessor/p_0_out__3/A[8]
    DSP48E2_X1Y24        DSP_A_B_DATA (Prop_DSP_A_B_DATA_DSP48E2_A[8]_A2_DATA[8])
                                                      0.241     4.536 r  design_1_i/top_controller_0/inst/u_preprocessor/p_0_out__3/DSP_A_B_DATA_INST/A2_DATA[8]
                         net (fo=1, routed)           0.000     4.536    design_1_i/top_controller_0/inst/u_preprocessor/p_0_out__3/DSP_A_B_DATA.A2_DATA<8>
    DSP48E2_X1Y24        DSP_PREADD_DATA (Prop_DSP_PREADD_DATA_DSP48E2_A2_DATA[8]_A2A1[8])
                                                      0.098     4.634 r  design_1_i/top_controller_0/inst/u_preprocessor/p_0_out__3/DSP_PREADD_DATA_INST/A2A1[8]
                         net (fo=1, routed)           0.000     4.634    design_1_i/top_controller_0/inst/u_preprocessor/p_0_out__3/DSP_PREADD_DATA.A2A1<8>
    DSP48E2_X1Y24        DSP_MULTIPLIER (Prop_DSP_MULTIPLIER_DSP48E2_A2A1[8]_U[9])
                                                      0.647     5.281 f  design_1_i/top_controller_0/inst/u_preprocessor/p_0_out__3/DSP_MULTIPLIER_INST/U[9]
                         net (fo=1, routed)           0.000     5.281    design_1_i/top_controller_0/inst/u_preprocessor/p_0_out__3/DSP_MULTIPLIER.U<9>
    DSP48E2_X1Y24        DSP_M_DATA (Prop_DSP_M_DATA_DSP48E2_U[9]_U_DATA[9])
                                                      0.059     5.340 r  design_1_i/top_controller_0/inst/u_preprocessor/p_0_out__3/DSP_M_DATA_INST/U_DATA[9]
                         net (fo=1, routed)           0.000     5.340    design_1_i/top_controller_0/inst/u_preprocessor/p_0_out__3/DSP_M_DATA.U_DATA<9>
    DSP48E2_X1Y24        DSP_ALU (Prop_DSP_ALU_DSP48E2_U_DATA[9]_ALU_OUT[9])
                                                      0.699     6.039 f  design_1_i/top_controller_0/inst/u_preprocessor/p_0_out__3/DSP_ALU_INST/ALU_OUT[9]
                         net (fo=1, routed)           0.000     6.039    design_1_i/top_controller_0/inst/u_preprocessor/p_0_out__3/DSP_ALU.ALU_OUT<9>
    DSP48E2_X1Y24        DSP_OUTPUT (Prop_DSP_OUTPUT_DSP48E2_ALU_OUT[9]_P[9])
                                                      0.141     6.180 r  design_1_i/top_controller_0/inst/u_preprocessor/p_0_out__3/DSP_OUTPUT_INST/P[9]
                         net (fo=3, routed)           0.193     6.373    design_1_i/top_controller_0/inst/u_axi_slave/p_0_out__4_i_8_0[2]
    SLICE_X19Y61         LUT6 (Prop_F6LUT_SLICEM_I1_O)
                                                      0.148     6.521 r  design_1_i/top_controller_0/inst/u_axi_slave/p_0_out__4_i_22/O
                         net (fo=7, routed)           0.228     6.750    design_1_i/top_controller_0/inst/u_axi_slave/p_0_out__4_i_22_n_0
    SLICE_X18Y63         LUT6 (Prop_A6LUT_SLICEL_I5_O)
                                                      0.039     6.789 r  design_1_i/top_controller_0/inst/u_axi_slave/p_0_out__4_i_18/O
                         net (fo=4, routed)           0.118     6.906    design_1_i/top_controller_0/inst/u_axi_slave/p_0_out__4_i_18_n_0
    SLICE_X18Y65         LUT6 (Prop_C6LUT_SLICEL_I5_O)
                                                      0.113     7.019 f  design_1_i/top_controller_0/inst/u_axi_slave/p_0_out__4_i_16/O
                         net (fo=3, routed)           0.058     7.077    design_1_i/top_controller_0/inst/u_axi_slave/p_0_out__4_i_16_n_0
    SLICE_X18Y65         LUT6 (Prop_D6LUT_SLICEL_I1_O)
                                                      0.039     7.116 r  design_1_i/top_controller_0/inst/u_axi_slave/p_0_out__4_i_14/O
                         net (fo=2, routed)           0.051     7.168    design_1_i/top_controller_0/inst/u_axi_slave/p_0_out__4_i_14_n_0
    SLICE_X18Y65         LUT4 (Prop_E6LUT_SLICEL_I3_O)
                                                      0.039     7.207 f  design_1_i/top_controller_0/inst/u_axi_slave/p_0_out__4_i_1/O
                         net (fo=19, routed)          0.349     7.555    design_1_i/top_controller_0/inst/u_preprocessor/p_0_out__4/A[12]
    DSP48E2_X1Y26        DSP_A_B_DATA (Prop_DSP_A_B_DATA_DSP48E2_A[12]_A2_DATA[12])
                                                      0.241     7.796 r  design_1_i/top_controller_0/inst/u_preprocessor/p_0_out__4/DSP_A_B_DATA_INST/A2_DATA[12]
                         net (fo=1, routed)           0.000     7.796    design_1_i/top_controller_0/inst/u_preprocessor/p_0_out__4/DSP_A_B_DATA.A2_DATA<12>
    DSP48E2_X1Y26        DSP_PREADD_DATA (Prop_DSP_PREADD_DATA_DSP48E2_A2_DATA[12]_A2A1[12])
                                                      0.098     7.894 r  design_1_i/top_controller_0/inst/u_preprocessor/p_0_out__4/DSP_PREADD_DATA_INST/A2A1[12]
                         net (fo=1, routed)           0.000     7.894    design_1_i/top_controller_0/inst/u_preprocessor/p_0_out__4/DSP_PREADD_DATA.A2A1<12>
    DSP48E2_X1Y26        DSP_MULTIPLIER (Prop_DSP_MULTIPLIER_DSP48E2_A2A1[12]_V[12])
                                                      0.648     8.542 f  design_1_i/top_controller_0/inst/u_preprocessor/p_0_out__4/DSP_MULTIPLIER_INST/V[12]
                         net (fo=1, routed)           0.000     8.542    design_1_i/top_controller_0/inst/u_preprocessor/p_0_out__4/DSP_MULTIPLIER.V<12>
    DSP48E2_X1Y26        DSP_M_DATA (Prop_DSP_M_DATA_DSP48E2_V[12]_V_DATA[12])
                                                      0.057     8.599 r  design_1_i/top_controller_0/inst/u_preprocessor/p_0_out__4/DSP_M_DATA_INST/V_DATA[12]
                         net (fo=1, routed)           0.000     8.599    design_1_i/top_controller_0/inst/u_preprocessor/p_0_out__4/DSP_M_DATA.V_DATA<12>
    DSP48E2_X1Y26        DSP_ALU (Prop_DSP_ALU_DSP48E2_V_DATA[12]_ALU_OUT[12])
                                                      0.688     9.287 r  design_1_i/top_controller_0/inst/u_preprocessor/p_0_out__4/DSP_ALU_INST/ALU_OUT[12]
                         net (fo=1, routed)           0.000     9.287    design_1_i/top_controller_0/inst/u_preprocessor/p_0_out__4/DSP_ALU.ALU_OUT<12>
    DSP48E2_X1Y26        DSP_OUTPUT (Prop_DSP_OUTPUT_DSP48E2_ALU_OUT[12]_P[12])
                                                      0.141     9.428 f  design_1_i/top_controller_0/inst/u_preprocessor/p_0_out__4/DSP_OUTPUT_INST/P[12]
                         net (fo=1, routed)           0.391     9.819    design_1_i/top_controller_0/inst/u_preprocessor/p_0_out__6/A[12]
    DSP48E2_X1Y27        DSP_A_B_DATA (Prop_DSP_A_B_DATA_DSP48E2_A[12]_A2_DATA[12])
                                                      0.241    10.060 r  design_1_i/top_controller_0/inst/u_preprocessor/p_0_out__6/DSP_A_B_DATA_INST/A2_DATA[12]
                         net (fo=1, routed)           0.000    10.060    design_1_i/top_controller_0/inst/u_preprocessor/p_0_out__6/DSP_A_B_DATA.A2_DATA<12>
    DSP48E2_X1Y27        DSP_PREADD_DATA (Prop_DSP_PREADD_DATA_DSP48E2_A2_DATA[12]_A2A1[12])
                                                      0.098    10.158 r  design_1_i/top_controller_0/inst/u_preprocessor/p_0_out__6/DSP_PREADD_DATA_INST/A2A1[12]
                         net (fo=1, routed)           0.000    10.158    design_1_i/top_controller_0/inst/u_preprocessor/p_0_out__6/DSP_PREADD_DATA.A2A1<12>
    DSP48E2_X1Y27        DSP_MULTIPLIER (Prop_DSP_MULTIPLIER_DSP48E2_A2A1[12]_U[21])
                                                      0.647    10.805 f  design_1_i/top_controller_0/inst/u_preprocessor/p_0_out__6/DSP_MULTIPLIER_INST/U[21]
                         net (fo=1, routed)           0.000    10.805    design_1_i/top_controller_0/inst/u_preprocessor/p_0_out__6/DSP_MULTIPLIER.U<21>
    DSP48E2_X1Y27        DSP_M_DATA (Prop_DSP_M_DATA_DSP48E2_U[21]_U_DATA[21])
                                                      0.059    10.864 r  design_1_i/top_controller_0/inst/u_preprocessor/p_0_out__6/DSP_M_DATA_INST/U_DATA[21]
                         net (fo=1, routed)           0.000    10.864    design_1_i/top_controller_0/inst/u_preprocessor/p_0_out__6/DSP_M_DATA.U_DATA<21>
    DSP48E2_X1Y27        DSP_ALU (Prop_DSP_ALU_DSP48E2_U_DATA[21]_ALU_OUT[21])
                                                      0.699    11.563 f  design_1_i/top_controller_0/inst/u_preprocessor/p_0_out__6/DSP_ALU_INST/ALU_OUT[21]
                         net (fo=1, routed)           0.000    11.563    design_1_i/top_controller_0/inst/u_preprocessor/p_0_out__6/DSP_ALU.ALU_OUT<21>
    DSP48E2_X1Y27        DSP_OUTPUT (Prop_DSP_OUTPUT_DSP48E2_ALU_OUT[21]_P[21])
                                                      0.141    11.704 r  design_1_i/top_controller_0/inst/u_preprocessor/p_0_out__6/DSP_OUTPUT_INST/P[21]
                         net (fo=4, routed)           0.261    11.965    design_1_i/top_controller_0/inst/u_preprocessor/grav_y[1]
    SLICE_X19Y67         LUT5 (Prop_B6LUT_SLICEM_I3_O)
                                                      0.150    12.115 r  design_1_i/top_controller_0/inst/u_preprocessor/pred_data_out[pred_accel_y_1][7]_i_15/O
                         net (fo=1, routed)           0.018    12.133    design_1_i/top_controller_0/inst/u_preprocessor/pred_data_out[pred_accel_y_1][7]_i_15_n_0
    SLICE_X19Y67         CARRY8 (Prop_CARRY8_SLICEM_S[1]_O[5])
                                                      0.295    12.428 r  design_1_i/top_controller_0/inst/u_preprocessor/pred_data_out_reg[pred_accel_y_1][7]_i_1/O[5]
                         net (fo=1, routed)           0.031    12.459    design_1_i/top_controller_0/inst/u_preprocessor/pred_data_out_reg[pred_accel_y_1][7]_i_1_n_10
    SLICE_X19Y67         FDRE                                         r  design_1_i/top_controller_0/inst/u_preprocessor/pred_data_out_reg[pred_accel_y_1][5]/D
  -------------------------------------------------------------------    -------------------

                         (clock clk_pl_0 rise edge)
                                                     11.250    11.250 r  
    PS8_X0Y0             PS8                          0.000    11.250 r  design_1_i/zynq_ultra_ps_e_0/inst/PS8_i/PLCLK[0]
                         net (fo=1, routed)           0.140    11.390    design_1_i/zynq_ultra_ps_e_0/inst/pl_clk_unbuffered[0]
    BUFG_PS_X0Y58        BUFG_PS (Prop_BUFG_PS_I_O)
                                                      0.027    11.417 r  design_1_i/zynq_ultra_ps_e_0/inst/buffer_pl_clk_0.PL_CLK_0_BUFG/O
    X0Y1 (CLOCK_ROOT)    net (fo=6524, routed)        1.559    12.976    design_1_i/top_controller_0/inst/u_preprocessor/S_AXI_ACLK
    SLICE_X19Y67         FDRE                                         r  design_1_i/top_controller_0/inst/u_preprocessor/pred_data_out_reg[pred_accel_y_1][5]/C
                         clock pessimism              0.107    13.083    
                         clock uncertainty           -0.182    12.901    
    SLICE_X19Y67         FDRE (Setup_FFF_SLICEM_C_D)
                                                      0.027    12.928    design_1_i/top_controller_0/inst/u_preprocessor/pred_data_out_reg[pred_accel_y_1][5]
  -------------------------------------------------------------------
                         required time                         12.928    
                         arrival time                         -12.459    
  -------------------------------------------------------------------
                         slack                                  0.469    

Slack (MET) :             0.484ns  (required time - arrival time)
  Source:                 design_1_i/top_controller_0/inst/u_axi_slave/slv_reg3_reg[0]/C
                            (rising edge-triggered cell FDRE clocked by clk_pl_0  {rise@0.000ns fall@5.625ns period=11.250ns})
  Destination:            design_1_i/top_controller_0/inst/u_preprocessor/pred_data_out_reg[pred_accel_y_1][6]/D
                            (rising edge-triggered cell FDRE clocked by clk_pl_0  {rise@0.000ns fall@5.625ns period=11.250ns})
  Path Group:             clk_pl_0
  Path Type:              Setup (Max at Slow Process Corner)
  Requirement:            11.250ns  (clk_pl_0 rise@11.250ns - clk_pl_0 rise@0.000ns)
  Data Path Delay:        10.426ns  (logic 7.198ns (69.039%)  route 3.228ns (30.961%))
  Logic Levels:           34  (CARRY8=3 DSP_A_B_DATA=3 DSP_ALU=3 DSP_M_DATA=3 DSP_MULTIPLIER=3 DSP_OUTPUT=3 DSP_PREADD_DATA=3 LUT3=1 LUT4=1 LUT5=2 LUT6=9)
  Clock Path Skew:        -0.185ns (DCD - SCD + CPR)
    Destination Clock Delay (DCD):    1.726ns = ( 12.976 - 11.250 ) 
    Source Clock Delay      (SCD):    2.018ns
    Clock Pessimism Removal (CPR):    0.107ns
  Clock Uncertainty:      0.182ns  ((TSJ^2 + DJ^2)^1/2) / 2 + PE
    Total System Jitter     (TSJ):    0.071ns
    Discrete Jitter          (DJ):    0.356ns
    Phase Error              (PE):    0.000ns
  Clock Net Delay (Source):      1.811ns (routing 0.638ns, distribution 1.173ns)
  Clock Net Delay (Destination): 1.559ns (routing 0.576ns, distribution 0.983ns)

    Location             Delay type                Incr(ns)  Path(ns)    Netlist Resource(s)
  -------------------------------------------------------------------    -------------------
                         (clock clk_pl_0 rise edge)
                                                      0.000     0.000 r  
    PS8_X0Y0             PS8                          0.000     0.000 r  design_1_i/zynq_ultra_ps_e_0/inst/PS8_i/PLCLK[0]
                         net (fo=1, routed)           0.178     0.178    design_1_i/zynq_ultra_ps_e_0/inst/pl_clk_unbuffered[0]
    BUFG_PS_X0Y58        BUFG_PS (Prop_BUFG_PS_I_O)
                                                      0.029     0.207 r  design_1_i/zynq_ultra_ps_e_0/inst/buffer_pl_clk_0.PL_CLK_0_BUFG/O
    X0Y1 (CLOCK_ROOT)    net (fo=6524, routed)        1.811     2.018    design_1_i/top_controller_0/inst/u_axi_slave/S_AXI_ACLK
    SLICE_X20Y57         FDRE                                         r  design_1_i/top_controller_0/inst/u_axi_slave/slv_reg3_reg[0]/C
  -------------------------------------------------------------------    -------------------
    SLICE_X20Y57         FDRE (Prop_FFF_SLICEM_C_Q)
                                                      0.094     2.112 r  design_1_i/top_controller_0/inst/u_axi_slave/slv_reg3_reg[0]/Q
                         net (fo=14, routed)          0.183     2.295    design_1_i/top_controller_0/inst/u_axi_slave/Q[0]
    SLICE_X22Y58         LUT3 (Prop_E6LUT_SLICEL_I2_O)
                                                      0.039     2.334 r  design_1_i/top_controller_0/inst/u_axi_slave/p_0_out__3_i_13/O
                         net (fo=4, routed)           0.120     2.454    design_1_i/top_controller_0/inst/u_axi_slave/p_0_out__3_i_13_n_0
    SLICE_X20Y58         LUT6 (Prop_A6LUT_SLICEM_I3_O)
                                                      0.064     2.518 r  design_1_i/top_controller_0/inst/u_axi_slave/g0_b0__3_i_13/O
                         net (fo=2, routed)           0.114     2.632    design_1_i/top_controller_0/inst/u_axi_slave/g0_b0__3_i_13_n_0
    SLICE_X20Y58         LUT6 (Prop_H6LUT_SLICEM_I4_O)
                                                      0.041     2.673 r  design_1_i/top_controller_0/inst/u_axi_slave/consistency_cnt[31]_i_20__12/O
                         net (fo=3, routed)           0.196     2.869    design_1_i/top_controller_0/inst/u_axi_slave/consistency_cnt[31]_i_20__12_n_0
    SLICE_X20Y59         LUT6 (Prop_D6LUT_SLICEM_I5_O)
                                                      0.038     2.907 r  design_1_i/top_controller_0/inst/u_axi_slave/g0_b0__3_i_7/O
                         net (fo=11, routed)          0.132     3.039    design_1_i/top_controller_0/inst/u_axi_slave/g0_b0__3_i_7_n_0
    SLICE_X20Y59         LUT6 (Prop_H6LUT_SLICEM_I5_O)
                                                      0.041     3.080 r  design_1_i/top_controller_0/inst/u_axi_slave/g0_b0__3_i_2/O
                         net (fo=85, routed)          0.284     3.364    design_1_i/top_controller_0/inst/u_axi_slave_n_577
    SLICE_X18Y60         LUT5 (Prop_A6LUT_SLICEL_I1_O)
                                                      0.115     3.479 r  design_1_i/top_controller_0/inst/g0_b3__3/O
                         net (fo=8, routed)           0.115     3.594    design_1_i/top_controller_0/inst/g0_b3__3_n_0
    SLICE_X19Y60         LUT6 (Prop_D6LUT_SLICEM_I5_O)
                                                      0.038     3.632 r  design_1_i/top_controller_0/inst/g0_b3__4__0/O
                         net (fo=1, routed)           0.026     3.658    design_1_i/top_controller_0/inst/u_axi_slave/DSP_A_B_DATA_INST_8[3]
    SLICE_X19Y60         CARRY8 (Prop_CARRY8_SLICEM_S[3]_CO[7])
                                                      0.206     3.864 r  design_1_i/top_controller_0/inst/u_axi_slave/p_0_out__3_i_9/CO[7]
                         net (fo=1, routed)           0.028     3.892    design_1_i/top_controller_0/inst/u_axi_slave/p_0_out__3_i_9_n_0
    SLICE_X19Y61         CARRY8 (Prop_CARRY8_SLICEM_CI_O[0])
                                                      0.072     3.964 f  design_1_i/top_controller_0/inst/u_axi_slave/p_0_out__3_i_8/O[0]
                         net (fo=1, routed)           0.331     4.295    design_1_i/top_controller_0/inst/u_preprocessor/p_0_out__3/A[8]
    DSP48E2_X1Y24        DSP_A_B_DATA (Prop_DSP_A_B_DATA_DSP48E2_A[8]_A2_DATA[8])
                                                      0.241     4.536 r  design_1_i/top_controller_0/inst/u_preprocessor/p_0_out__3/DSP_A_B_DATA_INST/A2_DATA[8]
                         net (fo=1, routed)           0.000     4.536    design_1_i/top_controller_0/inst/u_preprocessor/p_0_out__3/DSP_A_B_DATA.A2_DATA<8>
    DSP48E2_X1Y24        DSP_PREADD_DATA (Prop_DSP_PREADD_DATA_DSP48E2_A2_DATA[8]_A2A1[8])
                                                      0.098     4.634 r  design_1_i/top_controller_0/inst/u_preprocessor/p_0_out__3/DSP_PREADD_DATA_INST/A2A1[8]
                         net (fo=1, routed)           0.000     4.634    design_1_i/top_controller_0/inst/u_preprocessor/p_0_out__3/DSP_PREADD_DATA.A2A1<8>
    DSP48E2_X1Y24        DSP_MULTIPLIER (Prop_DSP_MULTIPLIER_DSP48E2_A2A1[8]_U[9])
                                                      0.647     5.281 f  design_1_i/top_controller_0/inst/u_preprocessor/p_0_out__3/DSP_MULTIPLIER_INST/U[9]
                         net (fo=1, routed)           0.000     5.281    design_1_i/top_controller_0/inst/u_preprocessor/p_0_out__3/DSP_MULTIPLIER.U<9>
    DSP48E2_X1Y24        DSP_M_DATA (Prop_DSP_M_DATA_DSP48E2_U[9]_U_DATA[9])
                                                      0.059     5.340 r  design_1_i/top_controller_0/inst/u_preprocessor/p_0_out__3/DSP_M_DATA_INST/U_DATA[9]
                         net (fo=1, routed)           0.000     5.340    design_1_i/top_controller_0/inst/u_preprocessor/p_0_out__3/DSP_M_DATA.U_DATA<9>
    DSP48E2_X1Y24        DSP_ALU (Prop_DSP_ALU_DSP48E2_U_DATA[9]_ALU_OUT[9])
                                                      0.699     6.039 f  design_1_i/top_controller_0/inst/u_preprocessor/p_0_out__3/DSP_ALU_INST/ALU_OUT[9]
                         net (fo=1, routed)           0.000     6.039    design_1_i/top_controller_0/inst/u_preprocessor/p_0_out__3/DSP_ALU.ALU_OUT<9>
    DSP48E2_X1Y24        DSP_OUTPUT (Prop_DSP_OUTPUT_DSP48E2_ALU_OUT[9]_P[9])
                                                      0.141     6.180 r  design_1_i/top_controller_0/inst/u_preprocessor/p_0_out__3/DSP_OUTPUT_INST/P[9]
                         net (fo=3, routed)           0.193     6.373    design_1_i/top_controller_0/inst/u_axi_slave/p_0_out__4_i_8_0[2]
    SLICE_X19Y61         LUT6 (Prop_F6LUT_SLICEM_I1_O)
                                                      0.148     6.521 r  design_1_i/top_controller_0/inst/u_axi_slave/p_0_out__4_i_22/O
                         net (fo=7, routed)           0.228     6.750    design_1_i/top_controller_0/inst/u_axi_slave/p_0_out__4_i_22_n_0
    SLICE_X18Y63         LUT6 (Prop_A6LUT_SLICEL_I5_O)
                                                      0.039     6.789 r  design_1_i/top_controller_0/inst/u_axi_slave/p_0_out__4_i_18/O
                         net (fo=4, routed)           0.118     6.906    design_1_i/top_controller_0/inst/u_axi_slave/p_0_out__4_i_18_n_0
    SLICE_X18Y65         LUT6 (Prop_C6LUT_SLICEL_I5_O)
                                                      0.113     7.019 f  design_1_i/top_controller_0/inst/u_axi_slave/p_0_out__4_i_16/O
                         net (fo=3, routed)           0.058     7.077    design_1_i/top_controller_0/inst/u_axi_slave/p_0_out__4_i_16_n_0
    SLICE_X18Y65         LUT6 (Prop_D6LUT_SLICEL_I1_O)
                                                      0.039     7.116 r  design_1_i/top_controller_0/inst/u_axi_slave/p_0_out__4_i_14/O
                         net (fo=2, routed)           0.051     7.168    design_1_i/top_controller_0/inst/u_axi_slave/p_0_out__4_i_14_n_0
    SLICE_X18Y65         LUT4 (Prop_E6LUT_SLICEL_I3_O)
                                                      0.039     7.207 f  design_1_i/top_controller_0/inst/u_axi_slave/p_0_out__4_i_1/O
                         net (fo=19, routed)          0.349     7.555    design_1_i/top_controller_0/inst/u_preprocessor/p_0_out__4/A[12]
    DSP48E2_X1Y26        DSP_A_B_DATA (Prop_DSP_A_B_DATA_DSP48E2_A[12]_A2_DATA[12])
                                                      0.241     7.796 r  design_1_i/top_controller_0/inst/u_preprocessor/p_0_out__4/DSP_A_B_DATA_INST/A2_DATA[12]
                         net (fo=1, routed)           0.000     7.796    design_1_i/top_controller_0/inst/u_preprocessor/p_0_out__4/DSP_A_B_DATA.A2_DATA<12>
    DSP48E2_X1Y26        DSP_PREADD_DATA (Prop_DSP_PREADD_DATA_DSP48E2_A2_DATA[12]_A2A1[12])
                                                      0.098     7.894 r  design_1_i/top_controller_0/inst/u_preprocessor/p_0_out__4/DSP_PREADD_DATA_INST/A2A1[12]
                         net (fo=1, routed)           0.000     7.894    design_1_i/top_controller_0/inst/u_preprocessor/p_0_out__4/DSP_PREADD_DATA.A2A1<12>
    DSP48E2_X1Y26        DSP_MULTIPLIER (Prop_DSP_MULTIPLIER_DSP48E2_A2A1[12]_V[12])
                                                      0.648     8.542 f  design_1_i/top_controller_0/inst/u_preprocessor/p_0_out__4/DSP_MULTIPLIER_INST/V[12]
                         net (fo=1, routed)           0.000     8.542    design_1_i/top_controller_0/inst/u_preprocessor/p_0_out__4/DSP_MULTIPLIER.V<12>
    DSP48E2_X1Y26        DSP_M_DATA (Prop_DSP_M_DATA_DSP48E2_V[12]_V_DATA[12])
                                                      0.057     8.599 r  design_1_i/top_controller_0/inst/u_preprocessor/p_0_out__4/DSP_M_DATA_INST/V_DATA[12]
                         net (fo=1, routed)           0.000     8.599    design_1_i/top_controller_0/inst/u_preprocessor/p_0_out__4/DSP_M_DATA.V_DATA<12>
    DSP48E2_X1Y26        DSP_ALU (Prop_DSP_ALU_DSP48E2_V_DATA[12]_ALU_OUT[12])
                                                      0.688     9.287 r  design_1_i/top_controller_0/inst/u_preprocessor/p_0_out__4/DSP_ALU_INST/ALU_OUT[12]
                         net (fo=1, routed)           0.000     9.287    design_1_i/top_controller_0/inst/u_preprocessor/p_0_out__4/DSP_ALU.ALU_OUT<12>
    DSP48E2_X1Y26        DSP_OUTPUT (Prop_DSP_OUTPUT_DSP48E2_ALU_OUT[12]_P[12])
                                                      0.141     9.428 f  design_1_i/top_controller_0/inst/u_preprocessor/p_0_out__4/DSP_OUTPUT_INST/P[12]
                         net (fo=1, routed)           0.391     9.819    design_1_i/top_controller_0/inst/u_preprocessor/p_0_out__6/A[12]
    DSP48E2_X1Y27        DSP_A_B_DATA (Prop_DSP_A_B_DATA_DSP48E2_A[12]_A2_DATA[12])
                                                      0.241    10.060 r  design_1_i/top_controller_0/inst/u_preprocessor/p_0_out__6/DSP_A_B_DATA_INST/A2_DATA[12]
                         net (fo=1, routed)           0.000    10.060    design_1_i/top_controller_0/inst/u_preprocessor/p_0_out__6/DSP_A_B_DATA.A2_DATA<12>
    DSP48E2_X1Y27        DSP_PREADD_DATA (Prop_DSP_PREADD_DATA_DSP48E2_A2_DATA[12]_A2A1[12])
                                                      0.098    10.158 r  design_1_i/top_controller_0/inst/u_preprocessor/p_0_out__6/DSP_PREADD_DATA_INST/A2A1[12]
                         net (fo=1, routed)           0.000    10.158    design_1_i/top_controller_0/inst/u_preprocessor/p_0_out__6/DSP_PREADD_DATA.A2A1<12>
    DSP48E2_X1Y27        DSP_MULTIPLIER (Prop_DSP_MULTIPLIER_DSP48E2_A2A1[12]_U[21])
                                                      0.647    10.805 f  design_1_i/top_controller_0/inst/u_preprocessor/p_0_out__6/DSP_MULTIPLIER_INST/U[21]
                         net (fo=1, routed)           0.000    10.805    design_1_i/top_controller_0/inst/u_preprocessor/p_0_out__6/DSP_MULTIPLIER.U<21>
    DSP48E2_X1Y27        DSP_M_DATA (Prop_DSP_M_DATA_DSP48E2_U[21]_U_DATA[21])
                                                      0.059    10.864 r  design_1_i/top_controller_0/inst/u_preprocessor/p_0_out__6/DSP_M_DATA_INST/U_DATA[21]
                         net (fo=1, routed)           0.000    10.864    design_1_i/top_controller_0/inst/u_preprocessor/p_0_out__6/DSP_M_DATA.U_DATA<21>
    DSP48E2_X1Y27        DSP_ALU (Prop_DSP_ALU_DSP48E2_U_DATA[21]_ALU_OUT[21])
                                                      0.699    11.563 f  design_1_i/top_controller_0/inst/u_preprocessor/p_0_out__6/DSP_ALU_INST/ALU_OUT[21]
                         net (fo=1, routed)           0.000    11.563    design_1_i/top_controller_0/inst/u_preprocessor/p_0_out__6/DSP_ALU.ALU_OUT<21>
    DSP48E2_X1Y27        DSP_OUTPUT (Prop_DSP_OUTPUT_DSP48E2_ALU_OUT[21]_P[21])
                                                      0.141    11.704 r  design_1_i/top_controller_0/inst/u_preprocessor/p_0_out__6/DSP_OUTPUT_INST/P[21]
                         net (fo=4, routed)           0.261    11.965    design_1_i/top_controller_0/inst/u_preprocessor/grav_y[1]
    SLICE_X19Y67         LUT5 (Prop_B6LUT_SLICEM_I3_O)
                                                      0.150    12.115 r  design_1_i/top_controller_0/inst/u_preprocessor/pred_data_out[pred_accel_y_1][7]_i_15/O
                         net (fo=1, routed)           0.018    12.133    design_1_i/top_controller_0/inst/u_preprocessor/pred_data_out[pred_accel_y_1][7]_i_15_n_0
    SLICE_X19Y67         CARRY8 (Prop_CARRY8_SLICEM_S[1]_O[6])
                                                      0.279    12.412 r  design_1_i/top_controller_0/inst/u_preprocessor/pred_data_out_reg[pred_accel_y_1][7]_i_1/O[6]
                         net (fo=1, routed)           0.032    12.444    design_1_i/top_controller_0/inst/u_preprocessor/pred_data_out_reg[pred_accel_y_1][7]_i_1_n_9
    SLICE_X19Y67         FDRE                                         r  design_1_i/top_controller_0/inst/u_preprocessor/pred_data_out_reg[pred_accel_y_1][6]/D
  -------------------------------------------------------------------    -------------------

                         (clock clk_pl_0 rise edge)
                                                     11.250    11.250 r  
    PS8_X0Y0             PS8                          0.000    11.250 r  design_1_i/zynq_ultra_ps_e_0/inst/PS8_i/PLCLK[0]
                         net (fo=1, routed)           0.140    11.390    design_1_i/zynq_ultra_ps_e_0/inst/pl_clk_unbuffered[0]
    BUFG_PS_X0Y58        BUFG_PS (Prop_BUFG_PS_I_O)
                                                      0.027    11.417 r  design_1_i/zynq_ultra_ps_e_0/inst/buffer_pl_clk_0.PL_CLK_0_BUFG/O
    X0Y1 (CLOCK_ROOT)    net (fo=6524, routed)        1.559    12.976    design_1_i/top_controller_0/inst/u_preprocessor/S_AXI_ACLK
    SLICE_X19Y67         FDRE                                         r  design_1_i/top_controller_0/inst/u_preprocessor/pred_data_out_reg[pred_accel_y_1][6]/C
                         clock pessimism              0.107    13.083    
                         clock uncertainty           -0.182    12.901    
    SLICE_X19Y67         FDRE (Setup_GFF_SLICEM_C_D)
                                                      0.027    12.928    design_1_i/top_controller_0/inst/u_preprocessor/pred_data_out_reg[pred_accel_y_1][6]
  -------------------------------------------------------------------
                         required time                         12.928    
                         arrival time                         -12.444    
  -------------------------------------------------------------------
                         slack                                  0.484    

Slack (MET) :             0.510ns  (required time - arrival time)
  Source:                 design_1_i/top_controller_0/inst/u_axi_slave/slv_reg3_reg[0]/C
                            (rising edge-triggered cell FDRE clocked by clk_pl_0  {rise@0.000ns fall@5.625ns period=11.250ns})
  Destination:            design_1_i/top_controller_0/inst/u_preprocessor/pred_data_out_reg[pred_accel_y_1][4]/D
                            (rising edge-triggered cell FDRE clocked by clk_pl_0  {rise@0.000ns fall@5.625ns period=11.250ns})
  Path Group:             clk_pl_0
  Path Type:              Setup (Max at Slow Process Corner)
  Requirement:            11.250ns  (clk_pl_0 rise@11.250ns - clk_pl_0 rise@0.000ns)
  Data Path Delay:        10.400ns  (logic 7.174ns (68.981%)  route 3.226ns (31.019%))
  Logic Levels:           34  (CARRY8=3 DSP_A_B_DATA=3 DSP_ALU=3 DSP_M_DATA=3 DSP_MULTIPLIER=3 DSP_OUTPUT=3 DSP_PREADD_DATA=3 LUT3=1 LUT4=1 LUT5=2 LUT6=9)
  Clock Path Skew:        -0.185ns (DCD - SCD + CPR)
    Destination Clock Delay (DCD):    1.726ns = ( 12.976 - 11.250 ) 
    Source Clock Delay      (SCD):    2.018ns
    Clock Pessimism Removal (CPR):    0.107ns
  Clock Uncertainty:      0.182ns  ((TSJ^2 + DJ^2)^1/2) / 2 + PE
    Total System Jitter     (TSJ):    0.071ns
    Discrete Jitter          (DJ):    0.356ns
    Phase Error              (PE):    0.000ns
  Clock Net Delay (Source):      1.811ns (routing 0.638ns, distribution 1.173ns)
  Clock Net Delay (Destination): 1.559ns (routing 0.576ns, distribution 0.983ns)

    Location             Delay type                Incr(ns)  Path(ns)    Netlist Resource(s)
  -------------------------------------------------------------------    -------------------
                         (clock clk_pl_0 rise edge)
                                                      0.000     0.000 r  
    PS8_X0Y0             PS8                          0.000     0.000 r  design_1_i/zynq_ultra_ps_e_0/inst/PS8_i/PLCLK[0]
                         net (fo=1, routed)           0.178     0.178    design_1_i/zynq_ultra_ps_e_0/inst/pl_clk_unbuffered[0]
    BUFG_PS_X0Y58        BUFG_PS (Prop_BUFG_PS_I_O)
                                                      0.029     0.207 r  design_1_i/zynq_ultra_ps_e_0/inst/buffer_pl_clk_0.PL_CLK_0_BUFG/O
    X0Y1 (CLOCK_ROOT)    net (fo=6524, routed)        1.811     2.018    design_1_i/top_controller_0/inst/u_axi_slave/S_AXI_ACLK
    SLICE_X20Y57         FDRE                                         r  design_1_i/top_controller_0/inst/u_axi_slave/slv_reg3_reg[0]/C
  -------------------------------------------------------------------    -------------------
    SLICE_X20Y57         FDRE (Prop_FFF_SLICEM_C_Q)
                                                      0.094     2.112 r  design_1_i/top_controller_0/inst/u_axi_slave/slv_reg3_reg[0]/Q
                         net (fo=14, routed)          0.183     2.295    design_1_i/top_controller_0/inst/u_axi_slave/Q[0]
    SLICE_X22Y58         LUT3 (Prop_E6LUT_SLICEL_I2_O)
                                                      0.039     2.334 r  design_1_i/top_controller_0/inst/u_axi_slave/p_0_out__3_i_13/O
                         net (fo=4, routed)           0.120     2.454    design_1_i/top_controller_0/inst/u_axi_slave/p_0_out__3_i_13_n_0
    SLICE_X20Y58         LUT6 (Prop_A6LUT_SLICEM_I3_O)
                                                      0.064     2.518 r  design_1_i/top_controller_0/inst/u_axi_slave/g0_b0__3_i_13/O
                         net (fo=2, routed)           0.114     2.632    design_1_i/top_controller_0/inst/u_axi_slave/g0_b0__3_i_13_n_0
    SLICE_X20Y58         LUT6 (Prop_H6LUT_SLICEM_I4_O)
                                                      0.041     2.673 r  design_1_i/top_controller_0/inst/u_axi_slave/consistency_cnt[31]_i_20__12/O
                         net (fo=3, routed)           0.196     2.869    design_1_i/top_controller_0/inst/u_axi_slave/consistency_cnt[31]_i_20__12_n_0
    SLICE_X20Y59         LUT6 (Prop_D6LUT_SLICEM_I5_O)
                                                      0.038     2.907 r  design_1_i/top_controller_0/inst/u_axi_slave/g0_b0__3_i_7/O
                         net (fo=11, routed)          0.132     3.039    design_1_i/top_controller_0/inst/u_axi_slave/g0_b0__3_i_7_n_0
    SLICE_X20Y59         LUT6 (Prop_H6LUT_SLICEM_I5_O)
                                                      0.041     3.080 r  design_1_i/top_controller_0/inst/u_axi_slave/g0_b0__3_i_2/O
                         net (fo=85, routed)          0.284     3.364    design_1_i/top_controller_0/inst/u_axi_slave_n_577
    SLICE_X18Y60         LUT5 (Prop_A6LUT_SLICEL_I1_O)
                                                      0.115     3.479 r  design_1_i/top_controller_0/inst/g0_b3__3/O
                         net (fo=8, routed)           0.115     3.594    design_1_i/top_controller_0/inst/g0_b3__3_n_0
    SLICE_X19Y60         LUT6 (Prop_D6LUT_SLICEM_I5_O)
                                                      0.038     3.632 r  design_1_i/top_controller_0/inst/g0_b3__4__0/O
                         net (fo=1, routed)           0.026     3.658    design_1_i/top_controller_0/inst/u_axi_slave/DSP_A_B_DATA_INST_8[3]
    SLICE_X19Y60         CARRY8 (Prop_CARRY8_SLICEM_S[3]_CO[7])
                                                      0.206     3.864 r  design_1_i/top_controller_0/inst/u_axi_slave/p_0_out__3_i_9/CO[7]
                         net (fo=1, routed)           0.028     3.892    design_1_i/top_controller_0/inst/u_axi_slave/p_0_out__3_i_9_n_0
    SLICE_X19Y61         CARRY8 (Prop_CARRY8_SLICEM_CI_O[0])
                                                      0.072     3.964 f  design_1_i/top_controller_0/inst/u_axi_slave/p_0_out__3_i_8/O[0]
                         net (fo=1, routed)           0.331     4.295    design_1_i/top_controller_0/inst/u_preprocessor/p_0_out__3/A[8]
    DSP48E2_X1Y24        DSP_A_B_DATA (Prop_DSP_A_B_DATA_DSP48E2_A[8]_A2_DATA[8])
                                                      0.241     4.536 r  design_1_i/top_controller_0/inst/u_preprocessor/p_0_out__3/DSP_A_B_DATA_INST/A2_DATA[8]
                         net (fo=1, routed)           0.000     4.536    design_1_i/top_controller_0/inst/u_preprocessor/p_0_out__3/DSP_A_B_DATA.A2_DATA<8>
    DSP48E2_X1Y24        DSP_PREADD_DATA (Prop_DSP_PREADD_DATA_DSP48E2_A2_DATA[8]_A2A1[8])
                                                      0.098     4.634 r  design_1_i/top_controller_0/inst/u_preprocessor/p_0_out__3/DSP_PREADD_DATA_INST/A2A1[8]
                         net (fo=1, routed)           0.000     4.634    design_1_i/top_controller_0/inst/u_preprocessor/p_0_out__3/DSP_PREADD_DATA.A2A1<8>
    DSP48E2_X1Y24        DSP_MULTIPLIER (Prop_DSP_MULTIPLIER_DSP48E2_A2A1[8]_U[9])
                                                      0.647     5.281 f  design_1_i/top_controller_0/inst/u_preprocessor/p_0_out__3/DSP_MULTIPLIER_INST/U[9]
                         net (fo=1, routed)           0.000     5.281    design_1_i/top_controller_0/inst/u_preprocessor/p_0_out__3/DSP_MULTIPLIER.U<9>
    DSP48E2_X1Y24        DSP_M_DATA (Prop_DSP_M_DATA_DSP48E2_U[9]_U_DATA[9])
                                                      0.059     5.340 r  design_1_i/top_controller_0/inst/u_preprocessor/p_0_out__3/DSP_M_DATA_INST/U_DATA[9]
                         net (fo=1, routed)           0.000     5.340    design_1_i/top_controller_0/inst/u_preprocessor/p_0_out__3/DSP_M_DATA.U_DATA<9>
    DSP48E2_X1Y24        DSP_ALU (Prop_DSP_ALU_DSP48E2_U_DATA[9]_ALU_OUT[9])
                                                      0.699     6.039 f  design_1_i/top_controller_0/inst/u_preprocessor/p_0_out__3/DSP_ALU_INST/ALU_OUT[9]
                         net (fo=1, routed)           0.000     6.039    design_1_i/top_controller_0/inst/u_preprocessor/p_0_out__3/DSP_ALU.ALU_OUT<9>
    DSP48E2_X1Y24        DSP_OUTPUT (Prop_DSP_OUTPUT_DSP48E2_ALU_OUT[9]_P[9])
                                                      0.141     6.180 r  design_1_i/top_controller_0/inst/u_preprocessor/p_0_out__3/DSP_OUTPUT_INST/P[9]
                         net (fo=3, routed)           0.193     6.373    design_1_i/top_controller_0/inst/u_axi_slave/p_0_out__4_i_8_0[2]
    SLICE_X19Y61         LUT6 (Prop_F6LUT_SLICEM_I1_O)
                                                      0.148     6.521 r  design_1_i/top_controller_0/inst/u_axi_slave/p_0_out__4_i_22/O
                         net (fo=7, routed)           0.228     6.750    design_1_i/top_controller_0/inst/u_axi_slave/p_0_out__4_i_22_n_0
    SLICE_X18Y63         LUT6 (Prop_A6LUT_SLICEL_I5_O)
                                                      0.039     6.789 r  design_1_i/top_controller_0/inst/u_axi_slave/p_0_out__4_i_18/O
                         net (fo=4, routed)           0.118     6.906    design_1_i/top_controller_0/inst/u_axi_slave/p_0_out__4_i_18_n_0
    SLICE_X18Y65         LUT6 (Prop_C6LUT_SLICEL_I5_O)
                                                      0.113     7.019 f  design_1_i/top_controller_0/inst/u_axi_slave/p_0_out__4_i_16/O
                         net (fo=3, routed)           0.058     7.077    design_1_i/top_controller_0/inst/u_axi_slave/p_0_out__4_i_16_n_0
    SLICE_X18Y65         LUT6 (Prop_D6LUT_SLICEL_I1_O)
                                                      0.039     7.116 r  design_1_i/top_controller_0/inst/u_axi_slave/p_0_out__4_i_14/O
                         net (fo=2, routed)           0.051     7.168    design_1_i/top_controller_0/inst/u_axi_slave/p_0_out__4_i_14_n_0
    SLICE_X18Y65         LUT4 (Prop_E6LUT_SLICEL_I3_O)
                                                      0.039     7.207 f  design_1_i/top_controller_0/inst/u_axi_slave/p_0_out__4_i_1/O
                         net (fo=19, routed)          0.349     7.555    design_1_i/top_controller_0/inst/u_preprocessor/p_0_out__4/A[12]
    DSP48E2_X1Y26        DSP_A_B_DATA (Prop_DSP_A_B_DATA_DSP48E2_A[12]_A2_DATA[12])
                                                      0.241     7.796 r  design_1_i/top_controller_0/inst/u_preprocessor/p_0_out__4/DSP_A_B_DATA_INST/A2_DATA[12]
                         net (fo=1, routed)           0.000     7.796    design_1_i/top_controller_0/inst/u_preprocessor/p_0_out__4/DSP_A_B_DATA.A2_DATA<12>
    DSP48E2_X1Y26        DSP_PREADD_DATA (Prop_DSP_PREADD_DATA_DSP48E2_A2_DATA[12]_A2A1[12])
                                                      0.098     7.894 r  design_1_i/top_controller_0/inst/u_preprocessor/p_0_out__4/DSP_PREADD_DATA_INST/A2A1[12]
                         net (fo=1, routed)           0.000     7.894    design_1_i/top_controller_0/inst/u_preprocessor/p_0_out__4/DSP_PREADD_DATA.A2A1<12>
    DSP48E2_X1Y26        DSP_MULTIPLIER (Prop_DSP_MULTIPLIER_DSP48E2_A2A1[12]_V[12])
                                                      0.648     8.542 f  design_1_i/top_controller_0/inst/u_preprocessor/p_0_out__4/DSP_MULTIPLIER_INST/V[12]
                         net (fo=1, routed)           0.000     8.542    design_1_i/top_controller_0/inst/u_preprocessor/p_0_out__4/DSP_MULTIPLIER.V<12>
    DSP48E2_X1Y26        DSP_M_DATA (Prop_DSP_M_DATA_DSP48E2_V[12]_V_DATA[12])
                                                      0.057     8.599 r  design_1_i/top_controller_0/inst/u_preprocessor/p_0_out__4/DSP_M_DATA_INST/V_DATA[12]
                         net (fo=1, routed)           0.000     8.599    design_1_i/top_controller_0/inst/u_preprocessor/p_0_out__4/DSP_M_DATA.V_DATA<12>
    DSP48E2_X1Y26        DSP_ALU (Prop_DSP_ALU_DSP48E2_V_DATA[12]_ALU_OUT[12])
                                                      0.688     9.287 r  design_1_i/top_controller_0/inst/u_preprocessor/p_0_out__4/DSP_ALU_INST/ALU_OUT[12]
                         net (fo=1, routed)           0.000     9.287    design_1_i/top_controller_0/inst/u_preprocessor/p_0_out__4/DSP_ALU.ALU_OUT<12>
    DSP48E2_X1Y26        DSP_OUTPUT (Prop_DSP_OUTPUT_DSP48E2_ALU_OUT[12]_P[12])
                                                      0.141     9.428 f  design_1_i/top_controller_0/inst/u_preprocessor/p_0_out__4/DSP_OUTPUT_INST/P[12]
                         net (fo=1, routed)           0.391     9.819    design_1_i/top_controller_0/inst/u_preprocessor/p_0_out__6/A[12]
    DSP48E2_X1Y27        DSP_A_B_DATA (Prop_DSP_A_B_DATA_DSP48E2_A[12]_A2_DATA[12])
                                                      0.241    10.060 r  design_1_i/top_controller_0/inst/u_preprocessor/p_0_out__6/DSP_A_B_DATA_INST/A2_DATA[12]
                         net (fo=1, routed)           0.000    10.060    design_1_i/top_controller_0/inst/u_preprocessor/p_0_out__6/DSP_A_B_DATA.A2_DATA<12>
    DSP48E2_X1Y27        DSP_PREADD_DATA (Prop_DSP_PREADD_DATA_DSP48E2_A2_DATA[12]_A2A1[12])
                                                      0.098    10.158 r  design_1_i/top_controller_0/inst/u_preprocessor/p_0_out__6/DSP_PREADD_DATA_INST/A2A1[12]
                         net (fo=1, routed)           0.000    10.158    design_1_i/top_controller_0/inst/u_preprocessor/p_0_out__6/DSP_PREADD_DATA.A2A1<12>
    DSP48E2_X1Y27        DSP_MULTIPLIER (Prop_DSP_MULTIPLIER_DSP48E2_A2A1[12]_U[21])
                                                      0.647    10.805 f  design_1_i/top_controller_0/inst/u_preprocessor/p_0_out__6/DSP_MULTIPLIER_INST/U[21]
                         net (fo=1, routed)           0.000    10.805    design_1_i/top_controller_0/inst/u_preprocessor/p_0_out__6/DSP_MULTIPLIER.U<21>
    DSP48E2_X1Y27        DSP_M_DATA (Prop_DSP_M_DATA_DSP48E2_U[21]_U_DATA[21])
                                                      0.059    10.864 r  design_1_i/top_controller_0/inst/u_preprocessor/p_0_out__6/DSP_M_DATA_INST/U_DATA[21]
                         net (fo=1, routed)           0.000    10.864    design_1_i/top_controller_0/inst/u_preprocessor/p_0_out__6/DSP_M_DATA.U_DATA<21>
    DSP48E2_X1Y27        DSP_ALU (Prop_DSP_ALU_DSP48E2_U_DATA[21]_ALU_OUT[21])
                                                      0.699    11.563 f  design_1_i/top_controller_0/inst/u_preprocessor/p_0_out__6/DSP_ALU_INST/ALU_OUT[21]
                         net (fo=1, routed)           0.000    11.563    design_1_i/top_controller_0/inst/u_preprocessor/p_0_out__6/DSP_ALU.ALU_OUT<21>
    DSP48E2_X1Y27        DSP_OUTPUT (Prop_DSP_OUTPUT_DSP48E2_ALU_OUT[21]_P[21])
                                                      0.141    11.704 r  design_1_i/top_controller_0/inst/u_preprocessor/p_0_out__6/DSP_OUTPUT_INST/P[21]
                         net (fo=4, routed)           0.261    11.965    design_1_i/top_controller_0/inst/u_preprocessor/grav_y[1]
    SLICE_X19Y67         LUT5 (Prop_B6LUT_SLICEM_I3_O)
                                                      0.150    12.115 r  design_1_i/top_controller_0/inst/u_preprocessor/pred_data_out[pred_accel_y_1][7]_i_15/O
                         net (fo=1, routed)           0.018    12.133    design_1_i/top_controller_0/inst/u_preprocessor/pred_data_out[pred_accel_y_1][7]_i_15_n_0
    SLICE_X19Y67         CARRY8 (Prop_CARRY8_SLICEM_S[1]_O[4])
                                                      0.255    12.388 r  design_1_i/top_controller_0/inst/u_preprocessor/pred_data_out_reg[pred_accel_y_1][7]_i_1/O[4]
                         net (fo=1, routed)           0.030    12.418    design_1_i/top_controller_0/inst/u_preprocessor/pred_data_out_reg[pred_accel_y_1][7]_i_1_n_11
    SLICE_X19Y67         FDRE                                         r  design_1_i/top_controller_0/inst/u_preprocessor/pred_data_out_reg[pred_accel_y_1][4]/D
  -------------------------------------------------------------------    -------------------

                         (clock clk_pl_0 rise edge)
                                                     11.250    11.250 r  
    PS8_X0Y0             PS8                          0.000    11.250 r  design_1_i/zynq_ultra_ps_e_0/inst/PS8_i/PLCLK[0]
                         net (fo=1, routed)           0.140    11.390    design_1_i/zynq_ultra_ps_e_0/inst/pl_clk_unbuffered[0]
    BUFG_PS_X0Y58        BUFG_PS (Prop_BUFG_PS_I_O)
                                                      0.027    11.417 r  design_1_i/zynq_ultra_ps_e_0/inst/buffer_pl_clk_0.PL_CLK_0_BUFG/O
    X0Y1 (CLOCK_ROOT)    net (fo=6524, routed)        1.559    12.976    design_1_i/top_controller_0/inst/u_preprocessor/S_AXI_ACLK
    SLICE_X19Y67         FDRE                                         r  design_1_i/top_controller_0/inst/u_preprocessor/pred_data_out_reg[pred_accel_y_1][4]/C
                         clock pessimism              0.107    13.083    
                         clock uncertainty           -0.182    12.901    
    SLICE_X19Y67         FDRE (Setup_EFF_SLICEM_C_D)
                                                      0.027    12.928    design_1_i/top_controller_0/inst/u_preprocessor/pred_data_out_reg[pred_accel_y_1][4]
  -------------------------------------------------------------------
                         required time                         12.928    
                         arrival time                         -12.418    
  -------------------------------------------------------------------
                         slack                                  0.510    

Slack (MET) :             0.575ns  (required time - arrival time)
  Source:                 design_1_i/top_controller_0/inst/u_axi_slave/slv_reg3_reg[0]/C
                            (rising edge-triggered cell FDRE clocked by clk_pl_0  {rise@0.000ns fall@5.625ns period=11.250ns})
  Destination:            design_1_i/top_controller_0/inst/u_preprocessor/pred_data_out_reg[pred_accel_z_1][10]/D
                            (rising edge-triggered cell FDRE clocked by clk_pl_0  {rise@0.000ns fall@5.625ns period=11.250ns})
  Path Group:             clk_pl_0
  Path Type:              Setup (Max at Slow Process Corner)
  Requirement:            11.250ns  (clk_pl_0 rise@11.250ns - clk_pl_0 rise@0.000ns)
  Data Path Delay:        10.391ns  (logic 7.257ns (69.842%)  route 3.134ns (30.158%))
  Logic Levels:           32  (CARRY8=6 DSP_A_B_DATA=3 DSP_ALU=3 DSP_M_DATA=3 DSP_MULTIPLIER=3 DSP_OUTPUT=3 DSP_PREADD_DATA=3 LUT2=2 LUT3=1 LUT5=1 LUT6=4)
  Clock Path Skew:        -0.130ns (DCD - SCD + CPR)
    Destination Clock Delay (DCD):    1.727ns = ( 12.977 - 11.250 ) 
    Source Clock Delay      (SCD):    2.018ns
    Clock Pessimism Removal (CPR):    0.161ns
  Clock Uncertainty:      0.182ns  ((TSJ^2 + DJ^2)^1/2) / 2 + PE
    Total System Jitter     (TSJ):    0.071ns
    Discrete Jitter          (DJ):    0.356ns
    Phase Error              (PE):    0.000ns
  Clock Net Delay (Source):      1.811ns (routing 0.638ns, distribution 1.173ns)
  Clock Net Delay (Destination): 1.560ns (routing 0.576ns, distribution 0.984ns)

    Location             Delay type                Incr(ns)  Path(ns)    Netlist Resource(s)
  -------------------------------------------------------------------    -------------------
                         (clock clk_pl_0 rise edge)
                                                      0.000     0.000 r  
    PS8_X0Y0             PS8                          0.000     0.000 r  design_1_i/zynq_ultra_ps_e_0/inst/PS8_i/PLCLK[0]
                         net (fo=1, routed)           0.178     0.178    design_1_i/zynq_ultra_ps_e_0/inst/pl_clk_unbuffered[0]
    BUFG_PS_X0Y58        BUFG_PS (Prop_BUFG_PS_I_O)
                                                      0.029     0.207 r  design_1_i/zynq_ultra_ps_e_0/inst/buffer_pl_clk_0.PL_CLK_0_BUFG/O
    X0Y1 (CLOCK_ROOT)    net (fo=6524, routed)        1.811     2.018    design_1_i/top_controller_0/inst/u_axi_slave/S_AXI_ACLK
    SLICE_X20Y57         FDRE                                         r  design_1_i/top_controller_0/inst/u_axi_slave/slv_reg3_reg[0]/C
  -------------------------------------------------------------------    -------------------
    SLICE_X20Y57         FDRE (Prop_FFF_SLICEM_C_Q)
                                                      0.094     2.112 r  design_1_i/top_controller_0/inst/u_axi_slave/slv_reg3_reg[0]/Q
                         net (fo=14, routed)          0.183     2.295    design_1_i/top_controller_0/inst/u_axi_slave/Q[0]
    SLICE_X22Y58         LUT3 (Prop_E6LUT_SLICEL_I2_O)
                                                      0.039     2.334 r  design_1_i/top_controller_0/inst/u_axi_slave/p_0_out__3_i_13/O
                         net (fo=4, routed)           0.120     2.454    design_1_i/top_controller_0/inst/u_axi_slave/p_0_out__3_i_13_n_0
    SLICE_X20Y58         LUT6 (Prop_A6LUT_SLICEM_I3_O)
                                                      0.064     2.518 r  design_1_i/top_controller_0/inst/u_axi_slave/g0_b0__3_i_13/O
                         net (fo=2, routed)           0.114     2.632    design_1_i/top_controller_0/inst/u_axi_slave/g0_b0__3_i_13_n_0
    SLICE_X20Y58         LUT6 (Prop_H6LUT_SLICEM_I4_O)
                                                      0.041     2.673 f  design_1_i/top_controller_0/inst/u_axi_slave/consistency_cnt[31]_i_20__12/O
                         net (fo=3, routed)           0.196     2.869    design_1_i/top_controller_0/inst/u_axi_slave/consistency_cnt[31]_i_20__12_n_0
    SLICE_X20Y59         LUT6 (Prop_D6LUT_SLICEM_I5_O)
                                                      0.038     2.907 f  design_1_i/top_controller_0/inst/u_axi_slave/g0_b0__3_i_7/O
                         net (fo=11, routed)          0.074     2.981    design_1_i/top_controller_0/inst/u_axi_slave/g0_b0__3_i_7_n_0
    SLICE_X20Y59         LUT2 (Prop_A6LUT_SLICEM_I1_O)
                                                      0.064     3.045 r  design_1_i/top_controller_0/inst/u_axi_slave/g0_b0__3_i_4/O
                         net (fo=88, routed)          0.240     3.285    design_1_i/top_controller_0/inst/u_axi_slave_n_54
    SLICE_X21Y58         LUT5 (Prop_H5LUT_SLICEL_I3_O)
                                                      0.195     3.480 r  design_1_i/top_controller_0/inst/g0_b7__10/O
                         net (fo=2, routed)           0.310     3.790    design_1_i/top_controller_0/inst/u_axi_slave/p_0_out__9_i_1_1[7]
    SLICE_X21Y56         CARRY8 (Prop_CARRY8_SLICEL_DI[7]_CO[7])
                                                      0.068     3.858 r  design_1_i/top_controller_0/inst/u_axi_slave/p_0_out__9_i_2/CO[7]
                         net (fo=1, routed)           0.028     3.886    design_1_i/top_controller_0/inst/u_axi_slave/p_0_out__9_i_2_n_0
    SLICE_X21Y57         CARRY8 (Prop_CARRY8_SLICEL_CI_O[1])
                                                      0.097     3.983 f  design_1_i/top_controller_0/inst/u_axi_slave/p_0_out__9_i_1/O[1]
                         net (fo=1, routed)           0.350     4.333    design_1_i/top_controller_0/inst/u_preprocessor/p_0_out__9/A[9]
    DSP48E2_X1Y22        DSP_A_B_DATA (Prop_DSP_A_B_DATA_DSP48E2_A[9]_A2_DATA[9])
                                                      0.241     4.574 r  design_1_i/top_controller_0/inst/u_preprocessor/p_0_out__9/DSP_A_B_DATA_INST/A2_DATA[9]
                         net (fo=1, routed)           0.000     4.574    design_1_i/top_controller_0/inst/u_preprocessor/p_0_out__9/DSP_A_B_DATA.A2_DATA<9>
    DSP48E2_X1Y22        DSP_PREADD_DATA (Prop_DSP_PREADD_DATA_DSP48E2_A2_DATA[9]_A2A1[9])
                                                      0.098     4.672 r  design_1_i/top_controller_0/inst/u_preprocessor/p_0_out__9/DSP_PREADD_DATA_INST/A2A1[9]
                         net (fo=1, routed)           0.000     4.672    design_1_i/top_controller_0/inst/u_preprocessor/p_0_out__9/DSP_PREADD_DATA.A2A1<9>
    DSP48E2_X1Y22        DSP_MULTIPLIER (Prop_DSP_MULTIPLIER_DSP48E2_A2A1[9]_V[9])
                                                      0.648     5.320 f  design_1_i/top_controller_0/inst/u_preprocessor/p_0_out__9/DSP_MULTIPLIER_INST/V[9]
                         net (fo=1, routed)           0.000     5.320    design_1_i/top_controller_0/inst/u_preprocessor/p_0_out__9/DSP_MULTIPLIER.V<9>
    DSP48E2_X1Y22        DSP_M_DATA (Prop_DSP_M_DATA_DSP48E2_V[9]_V_DATA[9])
                                                      0.057     5.377 r  design_1_i/top_controller_0/inst/u_preprocessor/p_0_out__9/DSP_M_DATA_INST/V_DATA[9]
                         net (fo=1, routed)           0.000     5.377    design_1_i/top_controller_0/inst/u_preprocessor/p_0_out__9/DSP_M_DATA.V_DATA<9>
    DSP48E2_X1Y22        DSP_ALU (Prop_DSP_ALU_DSP48E2_V_DATA[9]_ALU_OUT[9])
                                                      0.688     6.065 f  design_1_i/top_controller_0/inst/u_preprocessor/p_0_out__9/DSP_ALU_INST/ALU_OUT[9]
                         net (fo=1, routed)           0.000     6.065    design_1_i/top_controller_0/inst/u_preprocessor/p_0_out__9/DSP_ALU.ALU_OUT<9>
    DSP48E2_X1Y22        DSP_OUTPUT (Prop_DSP_OUTPUT_DSP48E2_ALU_OUT[9]_P[9])
                                                      0.141     6.206 r  design_1_i/top_controller_0/inst/u_preprocessor/p_0_out__9/DSP_OUTPUT_INST/P[9]
                         net (fo=1, routed)           0.189     6.395    design_1_i/top_controller_0/inst/u_preprocessor_n_28
    SLICE_X19Y56         LUT6 (Prop_C6LUT_SLICEM_I5_O)
                                                      0.174     6.569 r  design_1_i/top_controller_0/inst/g0_b2__10__0/O
                         net (fo=1, routed)           0.023     6.592    design_1_i/top_controller_0/inst/u_axi_slave/DSP_A_B_DATA_INST_17[2]
    SLICE_X19Y56         CARRY8 (Prop_CARRY8_SLICEM_S[2]_CO[7])
                                                      0.203     6.795 r  design_1_i/top_controller_0/inst/u_axi_slave/p_0_out__10_i_2/CO[7]
                         net (fo=1, routed)           0.028     6.823    design_1_i/top_controller_0/inst/u_axi_slave/p_0_out__10_i_2_n_0
    SLICE_X19Y57         CARRY8 (Prop_CARRY8_SLICEM_CI_O[3])
                                                      0.104     6.927 f  design_1_i/top_controller_0/inst/u_axi_slave/p_0_out__10_i_1/O[3]
                         net (fo=19, routed)          0.525     7.452    design_1_i/top_controller_0/inst/u_preprocessor/p_0_out__10/A[13]
    DSP48E2_X1Y20        DSP_A_B_DATA (Prop_DSP_A_B_DATA_DSP48E2_A[13]_A2_DATA[13])
                                                      0.241     7.693 r  design_1_i/top_controller_0/inst/u_preprocessor/p_0_out__10/DSP_A_B_DATA_INST/A2_DATA[13]
                         net (fo=1, routed)           0.000     7.693    design_1_i/top_controller_0/inst/u_preprocessor/p_0_out__10/DSP_A_B_DATA.A2_DATA<13>
    DSP48E2_X1Y20        DSP_PREADD_DATA (Prop_DSP_PREADD_DATA_DSP48E2_A2_DATA[13]_A2A1[13])
                                                      0.098     7.791 r  design_1_i/top_controller_0/inst/u_preprocessor/p_0_out__10/DSP_PREADD_DATA_INST/A2A1[13]
                         net (fo=1, routed)           0.000     7.791    design_1_i/top_controller_0/inst/u_preprocessor/p_0_out__10/DSP_PREADD_DATA.A2A1<13>
    DSP48E2_X1Y20        DSP_MULTIPLIER (Prop_DSP_MULTIPLIER_DSP48E2_A2A1[13]_U[22])
                                                      0.647     8.438 f  design_1_i/top_controller_0/inst/u_preprocessor/p_0_out__10/DSP_MULTIPLIER_INST/U[22]
                         net (fo=1, routed)           0.000     8.438    design_1_i/top_controller_0/inst/u_preprocessor/p_0_out__10/DSP_MULTIPLIER.U<22>
    DSP48E2_X1Y20        DSP_M_DATA (Prop_DSP_M_DATA_DSP48E2_U[22]_U_DATA[22])
                                                      0.059     8.497 r  design_1_i/top_controller_0/inst/u_preprocessor/p_0_out__10/DSP_M_DATA_INST/U_DATA[22]
                         net (fo=1, routed)           0.000     8.497    design_1_i/top_controller_0/inst/u_preprocessor/p_0_out__10/DSP_M_DATA.U_DATA<22>
    DSP48E2_X1Y20        DSP_ALU (Prop_DSP_ALU_DSP48E2_U_DATA[22]_ALU_OUT[22])
                                                      0.699     9.196 r  design_1_i/top_controller_0/inst/u_preprocessor/p_0_out__10/DSP_ALU_INST/ALU_OUT[22]
                         net (fo=1, routed)           0.000     9.196    design_1_i/top_controller_0/inst/u_preprocessor/p_0_out__10/DSP_ALU.ALU_OUT<22>
    DSP48E2_X1Y20        DSP_OUTPUT (Prop_DSP_OUTPUT_DSP48E2_ALU_OUT[22]_P[22])
                                                      0.141     9.337 f  design_1_i/top_controller_0/inst/u_preprocessor/p_0_out__10/DSP_OUTPUT_INST/P[22]
                         net (fo=8, routed)           0.334     9.671    design_1_i/top_controller_0/inst/u_preprocessor/p_0_out__11/A[22]
    DSP48E2_X1Y21        DSP_A_B_DATA (Prop_DSP_A_B_DATA_DSP48E2_A[22]_A2_DATA[22])
                                                      0.241     9.912 r  design_1_i/top_controller_0/inst/u_preprocessor/p_0_out__11/DSP_A_B_DATA_INST/A2_DATA[22]
                         net (fo=1, routed)           0.000     9.912    design_1_i/top_controller_0/inst/u_preprocessor/p_0_out__11/DSP_A_B_DATA.A2_DATA<22>
    DSP48E2_X1Y21        DSP_PREADD_DATA (Prop_DSP_PREADD_DATA_DSP48E2_A2_DATA[22]_A2A1[22])
                                                      0.098    10.010 r  design_1_i/top_controller_0/inst/u_preprocessor/p_0_out__11/DSP_PREADD_DATA_INST/A2A1[22]
                         net (fo=1, routed)           0.000    10.010    design_1_i/top_controller_0/inst/u_preprocessor/p_0_out__11/DSP_PREADD_DATA.A2A1<22>
    DSP48E2_X1Y21        DSP_MULTIPLIER (Prop_DSP_MULTIPLIER_DSP48E2_A2A1[22]_V[22])
                                                      0.648    10.658 f  design_1_i/top_controller_0/inst/u_preprocessor/p_0_out__11/DSP_MULTIPLIER_INST/V[22]
                         net (fo=1, routed)           0.000    10.658    design_1_i/top_controller_0/inst/u_preprocessor/p_0_out__11/DSP_MULTIPLIER.V<22>
    DSP48E2_X1Y21        DSP_M_DATA (Prop_DSP_M_DATA_DSP48E2_V[22]_V_DATA[22])
                                                      0.057    10.715 r  design_1_i/top_controller_0/inst/u_preprocessor/p_0_out__11/DSP_M_DATA_INST/V_DATA[22]
                         net (fo=1, routed)           0.000    10.715    design_1_i/top_controller_0/inst/u_preprocessor/p_0_out__11/DSP_M_DATA.V_DATA<22>
    DSP48E2_X1Y21        DSP_ALU (Prop_DSP_ALU_DSP48E2_V_DATA[22]_ALU_OUT[22])
                                                      0.688    11.403 f  design_1_i/top_controller_0/inst/u_preprocessor/p_0_out__11/DSP_ALU_INST/ALU_OUT[22]
                         net (fo=1, routed)           0.000    11.403    design_1_i/top_controller_0/inst/u_preprocessor/p_0_out__11/DSP_ALU.ALU_OUT<22>
    DSP48E2_X1Y21        DSP_OUTPUT (Prop_DSP_OUTPUT_DSP48E2_ALU_OUT[22]_P[22])
                                                      0.141    11.544 r  design_1_i/top_controller_0/inst/u_preprocessor/p_0_out__11/DSP_OUTPUT_INST/P[22]
                         net (fo=2, routed)           0.350    11.895    design_1_i/top_controller_0/inst/u_preprocessor/grav_z[2]
    SLICE_X18Y56         LUT2 (Prop_B6LUT_SLICEL_I1_O)
                                                      0.115    12.010 r  design_1_i/top_controller_0/inst/u_preprocessor/pred_data_out[pred_accel_z_1][8]_i_9/O
                         net (fo=1, routed)           0.010    12.020    design_1_i/top_controller_0/inst/u_preprocessor/pred_data_out[pred_accel_z_1][8]_i_9_n_0
    SLICE_X18Y56         CARRY8 (Prop_CARRY8_SLICEL_S[1]_CO[7])
                                                      0.233    12.253 r  design_1_i/top_controller_0/inst/u_preprocessor/pred_data_out_reg[pred_accel_z_1][8]_i_1/CO[7]
                         net (fo=1, routed)           0.028    12.281    design_1_i/top_controller_0/inst/u_preprocessor/pred_data_out_reg[pred_accel_z_1][8]_i_1_n_0
    SLICE_X18Y57         CARRY8 (Prop_CARRY8_SLICEL_CI_O[1])
                                                      0.097    12.378 r  design_1_i/top_controller_0/inst/u_preprocessor/pred_data_out_reg[pred_accel_z_1][11]_i_1/O[1]
                         net (fo=1, routed)           0.031    12.409    design_1_i/top_controller_0/inst/u_preprocessor/pred_data_out_reg[pred_accel_z_1][11]_i_1_n_14
    SLICE_X18Y57         FDRE                                         r  design_1_i/top_controller_0/inst/u_preprocessor/pred_data_out_reg[pred_accel_z_1][10]/D
  -------------------------------------------------------------------    -------------------

                         (clock clk_pl_0 rise edge)
                                                     11.250    11.250 r  
    PS8_X0Y0             PS8                          0.000    11.250 r  design_1_i/zynq_ultra_ps_e_0/inst/PS8_i/PLCLK[0]
                         net (fo=1, routed)           0.140    11.390    design_1_i/zynq_ultra_ps_e_0/inst/pl_clk_unbuffered[0]
    BUFG_PS_X0Y58        BUFG_PS (Prop_BUFG_PS_I_O)
                                                      0.027    11.417 r  design_1_i/zynq_ultra_ps_e_0/inst/buffer_pl_clk_0.PL_CLK_0_BUFG/O
    X0Y1 (CLOCK_ROOT)    net (fo=6524, routed)        1.560    12.977    design_1_i/top_controller_0/inst/u_preprocessor/S_AXI_ACLK
    SLICE_X18Y57         FDRE                                         r  design_1_i/top_controller_0/inst/u_preprocessor/pred_data_out_reg[pred_accel_z_1][10]/C
                         clock pessimism              0.161    13.138    
                         clock uncertainty           -0.182    12.956    
    SLICE_X18Y57         FDRE (Setup_BFF_SLICEL_C_D)
                                                      0.027    12.983    design_1_i/top_controller_0/inst/u_preprocessor/pred_data_out_reg[pred_accel_z_1][10]
  -------------------------------------------------------------------
                         required time                         12.983    
                         arrival time                         -12.409    
  -------------------------------------------------------------------
                         slack                                  0.575    

Slack (MET) :             0.585ns  (required time - arrival time)
  Source:                 design_1_i/top_controller_0/inst/u_axi_slave/slv_reg3_reg[0]/C
                            (rising edge-triggered cell FDRE clocked by clk_pl_0  {rise@0.000ns fall@5.625ns period=11.250ns})
  Destination:            design_1_i/top_controller_0/inst/u_preprocessor/pred_data_out_reg[pred_accel_z_1][11]/D
                            (rising edge-triggered cell FDRE clocked by clk_pl_0  {rise@0.000ns fall@5.625ns period=11.250ns})
  Path Group:             clk_pl_0
  Path Type:              Setup (Max at Slow Process Corner)
  Requirement:            11.250ns  (clk_pl_0 rise@11.250ns - clk_pl_0 rise@0.000ns)
  Data Path Delay:        10.381ns  (logic 7.246ns (69.804%)  route 3.135ns (30.196%))
  Logic Levels:           32  (CARRY8=6 DSP_A_B_DATA=3 DSP_ALU=3 DSP_M_DATA=3 DSP_MULTIPLIER=3 DSP_OUTPUT=3 DSP_PREADD_DATA=3 LUT2=2 LUT3=1 LUT5=1 LUT6=4)
  Clock Path Skew:        -0.130ns (DCD - SCD + CPR)
    Destination Clock Delay (DCD):    1.727ns = ( 12.977 - 11.250 ) 
    Source Clock Delay      (SCD):    2.018ns
    Clock Pessimism Removal (CPR):    0.161ns
  Clock Uncertainty:      0.182ns  ((TSJ^2 + DJ^2)^1/2) / 2 + PE
    Total System Jitter     (TSJ):    0.071ns
    Discrete Jitter          (DJ):    0.356ns
    Phase Error              (PE):    0.000ns
  Clock Net Delay (Source):      1.811ns (routing 0.638ns, distribution 1.173ns)
  Clock Net Delay (Destination): 1.560ns (routing 0.576ns, distribution 0.984ns)

    Location             Delay type                Incr(ns)  Path(ns)    Netlist Resource(s)
  -------------------------------------------------------------------    -------------------
                         (clock clk_pl_0 rise edge)
                                                      0.000     0.000 r  
    PS8_X0Y0             PS8                          0.000     0.000 r  design_1_i/zynq_ultra_ps_e_0/inst/PS8_i/PLCLK[0]
                         net (fo=1, routed)           0.178     0.178    design_1_i/zynq_ultra_ps_e_0/inst/pl_clk_unbuffered[0]
    BUFG_PS_X0Y58        BUFG_PS (Prop_BUFG_PS_I_O)
                                                      0.029     0.207 r  design_1_i/zynq_ultra_ps_e_0/inst/buffer_pl_clk_0.PL_CLK_0_BUFG/O
    X0Y1 (CLOCK_ROOT)    net (fo=6524, routed)        1.811     2.018    design_1_i/top_controller_0/inst/u_axi_slave/S_AXI_ACLK
    SLICE_X20Y57         FDRE                                         r  design_1_i/top_controller_0/inst/u_axi_slave/slv_reg3_reg[0]/C
  -------------------------------------------------------------------    -------------------
    SLICE_X20Y57         FDRE (Prop_FFF_SLICEM_C_Q)
                                                      0.094     2.112 r  design_1_i/top_controller_0/inst/u_axi_slave/slv_reg3_reg[0]/Q
                         net (fo=14, routed)          0.183     2.295    design_1_i/top_controller_0/inst/u_axi_slave/Q[0]
    SLICE_X22Y58         LUT3 (Prop_E6LUT_SLICEL_I2_O)
                                                      0.039     2.334 r  design_1_i/top_controller_0/inst/u_axi_slave/p_0_out__3_i_13/O
                         net (fo=4, routed)           0.120     2.454    design_1_i/top_controller_0/inst/u_axi_slave/p_0_out__3_i_13_n_0
    SLICE_X20Y58         LUT6 (Prop_A6LUT_SLICEM_I3_O)
                                                      0.064     2.518 r  design_1_i/top_controller_0/inst/u_axi_slave/g0_b0__3_i_13/O
                         net (fo=2, routed)           0.114     2.632    design_1_i/top_controller_0/inst/u_axi_slave/g0_b0__3_i_13_n_0
    SLICE_X20Y58         LUT6 (Prop_H6LUT_SLICEM_I4_O)
                                                      0.041     2.673 f  design_1_i/top_controller_0/inst/u_axi_slave/consistency_cnt[31]_i_20__12/O
                         net (fo=3, routed)           0.196     2.869    design_1_i/top_controller_0/inst/u_axi_slave/consistency_cnt[31]_i_20__12_n_0
    SLICE_X20Y59         LUT6 (Prop_D6LUT_SLICEM_I5_O)
                                                      0.038     2.907 f  design_1_i/top_controller_0/inst/u_axi_slave/g0_b0__3_i_7/O
                         net (fo=11, routed)          0.074     2.981    design_1_i/top_controller_0/inst/u_axi_slave/g0_b0__3_i_7_n_0
    SLICE_X20Y59         LUT2 (Prop_A6LUT_SLICEM_I1_O)
                                                      0.064     3.045 r  design_1_i/top_controller_0/inst/u_axi_slave/g0_b0__3_i_4/O
                         net (fo=88, routed)          0.240     3.285    design_1_i/top_controller_0/inst/u_axi_slave_n_54
    SLICE_X21Y58         LUT5 (Prop_H5LUT_SLICEL_I3_O)
                                                      0.195     3.480 r  design_1_i/top_controller_0/inst/g0_b7__10/O
                         net (fo=2, routed)           0.310     3.790    design_1_i/top_controller_0/inst/u_axi_slave/p_0_out__9_i_1_1[7]
    SLICE_X21Y56         CARRY8 (Prop_CARRY8_SLICEL_DI[7]_CO[7])
                                                      0.068     3.858 r  design_1_i/top_controller_0/inst/u_axi_slave/p_0_out__9_i_2/CO[7]
                         net (fo=1, routed)           0.028     3.886    design_1_i/top_controller_0/inst/u_axi_slave/p_0_out__9_i_2_n_0
    SLICE_X21Y57         CARRY8 (Prop_CARRY8_SLICEL_CI_O[1])
                                                      0.097     3.983 f  design_1_i/top_controller_0/inst/u_axi_slave/p_0_out__9_i_1/O[1]
                         net (fo=1, routed)           0.350     4.333    design_1_i/top_controller_0/inst/u_preprocessor/p_0_out__9/A[9]
    DSP48E2_X1Y22        DSP_A_B_DATA (Prop_DSP_A_B_DATA_DSP48E2_A[9]_A2_DATA[9])
                                                      0.241     4.574 r  design_1_i/top_controller_0/inst/u_preprocessor/p_0_out__9/DSP_A_B_DATA_INST/A2_DATA[9]
                         net (fo=1, routed)           0.000     4.574    design_1_i/top_controller_0/inst/u_preprocessor/p_0_out__9/DSP_A_B_DATA.A2_DATA<9>
    DSP48E2_X1Y22        DSP_PREADD_DATA (Prop_DSP_PREADD_DATA_DSP48E2_A2_DATA[9]_A2A1[9])
                                                      0.098     4.672 r  design_1_i/top_controller_0/inst/u_preprocessor/p_0_out__9/DSP_PREADD_DATA_INST/A2A1[9]
                         net (fo=1, routed)           0.000     4.672    design_1_i/top_controller_0/inst/u_preprocessor/p_0_out__9/DSP_PREADD_DATA.A2A1<9>
    DSP48E2_X1Y22        DSP_MULTIPLIER (Prop_DSP_MULTIPLIER_DSP48E2_A2A1[9]_V[9])
                                                      0.648     5.320 f  design_1_i/top_controller_0/inst/u_preprocessor/p_0_out__9/DSP_MULTIPLIER_INST/V[9]
                         net (fo=1, routed)           0.000     5.320    design_1_i/top_controller_0/inst/u_preprocessor/p_0_out__9/DSP_MULTIPLIER.V<9>
    DSP48E2_X1Y22        DSP_M_DATA (Prop_DSP_M_DATA_DSP48E2_V[9]_V_DATA[9])
                                                      0.057     5.377 r  design_1_i/top_controller_0/inst/u_preprocessor/p_0_out__9/DSP_M_DATA_INST/V_DATA[9]
                         net (fo=1, routed)           0.000     5.377    design_1_i/top_controller_0/inst/u_preprocessor/p_0_out__9/DSP_M_DATA.V_DATA<9>
    DSP48E2_X1Y22        DSP_ALU (Prop_DSP_ALU_DSP48E2_V_DATA[9]_ALU_OUT[9])
                                                      0.688     6.065 f  design_1_i/top_controller_0/inst/u_preprocessor/p_0_out__9/DSP_ALU_INST/ALU_OUT[9]
                         net (fo=1, routed)           0.000     6.065    design_1_i/top_controller_0/inst/u_preprocessor/p_0_out__9/DSP_ALU.ALU_OUT<9>
    DSP48E2_X1Y22        DSP_OUTPUT (Prop_DSP_OUTPUT_DSP48E2_ALU_OUT[9]_P[9])
                                                      0.141     6.206 r  design_1_i/top_controller_0/inst/u_preprocessor/p_0_out__9/DSP_OUTPUT_INST/P[9]
                         net (fo=1, routed)           0.189     6.395    design_1_i/top_controller_0/inst/u_preprocessor_n_28
    SLICE_X19Y56         LUT6 (Prop_C6LUT_SLICEM_I5_O)
                                                      0.174     6.569 r  design_1_i/top_controller_0/inst/g0_b2__10__0/O
                         net (fo=1, routed)           0.023     6.592    design_1_i/top_controller_0/inst/u_axi_slave/DSP_A_B_DATA_INST_17[2]
    SLICE_X19Y56         CARRY8 (Prop_CARRY8_SLICEM_S[2]_CO[7])
                                                      0.203     6.795 r  design_1_i/top_controller_0/inst/u_axi_slave/p_0_out__10_i_2/CO[7]
                         net (fo=1, routed)           0.028     6.823    design_1_i/top_controller_0/inst/u_axi_slave/p_0_out__10_i_2_n_0
    SLICE_X19Y57         CARRY8 (Prop_CARRY8_SLICEM_CI_O[3])
                                                      0.104     6.927 f  design_1_i/top_controller_0/inst/u_axi_slave/p_0_out__10_i_1/O[3]
                         net (fo=19, routed)          0.525     7.452    design_1_i/top_controller_0/inst/u_preprocessor/p_0_out__10/A[13]
    DSP48E2_X1Y20        DSP_A_B_DATA (Prop_DSP_A_B_DATA_DSP48E2_A[13]_A2_DATA[13])
                                                      0.241     7.693 r  design_1_i/top_controller_0/inst/u_preprocessor/p_0_out__10/DSP_A_B_DATA_INST/A2_DATA[13]
                         net (fo=1, routed)           0.000     7.693    design_1_i/top_controller_0/inst/u_preprocessor/p_0_out__10/DSP_A_B_DATA.A2_DATA<13>
    DSP48E2_X1Y20        DSP_PREADD_DATA (Prop_DSP_PREADD_DATA_DSP48E2_A2_DATA[13]_A2A1[13])
                                                      0.098     7.791 r  design_1_i/top_controller_0/inst/u_preprocessor/p_0_out__10/DSP_PREADD_DATA_INST/A2A1[13]
                         net (fo=1, routed)           0.000     7.791    design_1_i/top_controller_0/inst/u_preprocessor/p_0_out__10/DSP_PREADD_DATA.A2A1<13>
    DSP48E2_X1Y20        DSP_MULTIPLIER (Prop_DSP_MULTIPLIER_DSP48E2_A2A1[13]_U[22])
                                                      0.647     8.438 f  design_1_i/top_controller_0/inst/u_preprocessor/p_0_out__10/DSP_MULTIPLIER_INST/U[22]
                         net (fo=1, routed)           0.000     8.438    design_1_i/top_controller_0/inst/u_preprocessor/p_0_out__10/DSP_MULTIPLIER.U<22>
    DSP48E2_X1Y20        DSP_M_DATA (Prop_DSP_M_DATA_DSP48E2_U[22]_U_DATA[22])
                                                      0.059     8.497 r  design_1_i/top_controller_0/inst/u_preprocessor/p_0_out__10/DSP_M_DATA_INST/U_DATA[22]
                         net (fo=1, routed)           0.000     8.497    design_1_i/top_controller_0/inst/u_preprocessor/p_0_out__10/DSP_M_DATA.U_DATA<22>
    DSP48E2_X1Y20        DSP_ALU (Prop_DSP_ALU_DSP48E2_U_DATA[22]_ALU_OUT[22])
                                                      0.699     9.196 r  design_1_i/top_controller_0/inst/u_preprocessor/p_0_out__10/DSP_ALU_INST/ALU_OUT[22]
                         net (fo=1, routed)           0.000     9.196    design_1_i/top_controller_0/inst/u_preprocessor/p_0_out__10/DSP_ALU.ALU_OUT<22>
    DSP48E2_X1Y20        DSP_OUTPUT (Prop_DSP_OUTPUT_DSP48E2_ALU_OUT[22]_P[22])
                                                      0.141     9.337 f  design_1_i/top_controller_0/inst/u_preprocessor/p_0_out__10/DSP_OUTPUT_INST/P[22]
                         net (fo=8, routed)           0.334     9.671    design_1_i/top_controller_0/inst/u_preprocessor/p_0_out__11/A[22]
    DSP48E2_X1Y21        DSP_A_B_DATA (Prop_DSP_A_B_DATA_DSP48E2_A[22]_A2_DATA[22])
                                                      0.241     9.912 r  design_1_i/top_controller_0/inst/u_preprocessor/p_0_out__11/DSP_A_B_DATA_INST/A2_DATA[22]
                         net (fo=1, routed)           0.000     9.912    design_1_i/top_controller_0/inst/u_preprocessor/p_0_out__11/DSP_A_B_DATA.A2_DATA<22>
    DSP48E2_X1Y21        DSP_PREADD_DATA (Prop_DSP_PREADD_DATA_DSP48E2_A2_DATA[22]_A2A1[22])
                                                      0.098    10.010 r  design_1_i/top_controller_0/inst/u_preprocessor/p_0_out__11/DSP_PREADD_DATA_INST/A2A1[22]
                         net (fo=1, routed)           0.000    10.010    design_1_i/top_controller_0/inst/u_preprocessor/p_0_out__11/DSP_PREADD_DATA.A2A1<22>
    DSP48E2_X1Y21        DSP_MULTIPLIER (Prop_DSP_MULTIPLIER_DSP48E2_A2A1[22]_V[22])
                                                      0.648    10.658 f  design_1_i/top_controller_0/inst/u_preprocessor/p_0_out__11/DSP_MULTIPLIER_INST/V[22]
                         net (fo=1, routed)           0.000    10.658    design_1_i/top_controller_0/inst/u_preprocessor/p_0_out__11/DSP_MULTIPLIER.V<22>
    DSP48E2_X1Y21        DSP_M_DATA (Prop_DSP_M_DATA_DSP48E2_V[22]_V_DATA[22])
                                                      0.057    10.715 r  design_1_i/top_controller_0/inst/u_preprocessor/p_0_out__11/DSP_M_DATA_INST/V_DATA[22]
                         net (fo=1, routed)           0.000    10.715    design_1_i/top_controller_0/inst/u_preprocessor/p_0_out__11/DSP_M_DATA.V_DATA<22>
    DSP48E2_X1Y21        DSP_ALU (Prop_DSP_ALU_DSP48E2_V_DATA[22]_ALU_OUT[22])
                                                      0.688    11.403 f  design_1_i/top_controller_0/inst/u_preprocessor/p_0_out__11/DSP_ALU_INST/ALU_OUT[22]
                         net (fo=1, routed)           0.000    11.403    design_1_i/top_controller_0/inst/u_preprocessor/p_0_out__11/DSP_ALU.ALU_OUT<22>
    DSP48E2_X1Y21        DSP_OUTPUT (Prop_DSP_OUTPUT_DSP48E2_ALU_OUT[22]_P[22])
                                                      0.141    11.544 r  design_1_i/top_controller_0/inst/u_preprocessor/p_0_out__11/DSP_OUTPUT_INST/P[22]
                         net (fo=2, routed)           0.350    11.895    design_1_i/top_controller_0/inst/u_preprocessor/grav_z[2]
    SLICE_X18Y56         LUT2 (Prop_B6LUT_SLICEL_I1_O)
                                                      0.115    12.010 r  design_1_i/top_controller_0/inst/u_preprocessor/pred_data_out[pred_accel_z_1][8]_i_9/O
                         net (fo=1, routed)           0.010    12.020    design_1_i/top_controller_0/inst/u_preprocessor/pred_data_out[pred_accel_z_1][8]_i_9_n_0
    SLICE_X18Y56         CARRY8 (Prop_CARRY8_SLICEL_S[1]_CO[7])
                                                      0.233    12.253 r  design_1_i/top_controller_0/inst/u_preprocessor/pred_data_out_reg[pred_accel_z_1][8]_i_1/CO[7]
                         net (fo=1, routed)           0.028    12.281    design_1_i/top_controller_0/inst/u_preprocessor/pred_data_out_reg[pred_accel_z_1][8]_i_1_n_0
    SLICE_X18Y57         CARRY8 (Prop_CARRY8_SLICEL_CI_O[2])
                                                      0.086    12.367 r  design_1_i/top_controller_0/inst/u_preprocessor/pred_data_out_reg[pred_accel_z_1][11]_i_1/O[2]
                         net (fo=1, routed)           0.032    12.399    design_1_i/top_controller_0/inst/u_preprocessor/pred_data_out_reg[pred_accel_z_1][11]_i_1_n_13
    SLICE_X18Y57         FDRE                                         r  design_1_i/top_controller_0/inst/u_preprocessor/pred_data_out_reg[pred_accel_z_1][11]/D
  -------------------------------------------------------------------    -------------------

                         (clock clk_pl_0 rise edge)
                                                     11.250    11.250 r  
    PS8_X0Y0             PS8                          0.000    11.250 r  design_1_i/zynq_ultra_ps_e_0/inst/PS8_i/PLCLK[0]
                         net (fo=1, routed)           0.140    11.390    design_1_i/zynq_ultra_ps_e_0/inst/pl_clk_unbuffered[0]
    BUFG_PS_X0Y58        BUFG_PS (Prop_BUFG_PS_I_O)
                                                      0.027    11.417 r  design_1_i/zynq_ultra_ps_e_0/inst/buffer_pl_clk_0.PL_CLK_0_BUFG/O
    X0Y1 (CLOCK_ROOT)    net (fo=6524, routed)        1.560    12.977    design_1_i/top_controller_0/inst/u_preprocessor/S_AXI_ACLK
    SLICE_X18Y57         FDRE                                         r  design_1_i/top_controller_0/inst/u_preprocessor/pred_data_out_reg[pred_accel_z_1][11]/C
                         clock pessimism              0.161    13.138    
                         clock uncertainty           -0.182    12.956    
    SLICE_X18Y57         FDRE (Setup_CFF_SLICEL_C_D)
                                                      0.027    12.983    design_1_i/top_controller_0/inst/u_preprocessor/pred_data_out_reg[pred_accel_z_1][11]
  -------------------------------------------------------------------
                         required time                         12.983    
                         arrival time                         -12.399    
  -------------------------------------------------------------------
                         slack                                  0.585    

Slack (MET) :             0.601ns  (required time - arrival time)
  Source:                 design_1_i/top_controller_0/inst/u_axi_slave/slv_reg3_reg[0]/C
                            (rising edge-triggered cell FDRE clocked by clk_pl_0  {rise@0.000ns fall@5.625ns period=11.250ns})
  Destination:            design_1_i/top_controller_0/inst/u_preprocessor/pred_data_out_reg[pred_accel_z_1][9]/D
                            (rising edge-triggered cell FDRE clocked by clk_pl_0  {rise@0.000ns fall@5.625ns period=11.250ns})
  Path Group:             clk_pl_0
  Path Type:              Setup (Max at Slow Process Corner)
  Requirement:            11.250ns  (clk_pl_0 rise@11.250ns - clk_pl_0 rise@0.000ns)
  Data Path Delay:        10.365ns  (logic 7.232ns (69.776%)  route 3.133ns (30.224%))
  Logic Levels:           32  (CARRY8=6 DSP_A_B_DATA=3 DSP_ALU=3 DSP_M_DATA=3 DSP_MULTIPLIER=3 DSP_OUTPUT=3 DSP_PREADD_DATA=3 LUT2=2 LUT3=1 LUT5=1 LUT6=4)
  Clock Path Skew:        -0.130ns (DCD - SCD + CPR)
    Destination Clock Delay (DCD):    1.727ns = ( 12.977 - 11.250 ) 
    Source Clock Delay      (SCD):    2.018ns
    Clock Pessimism Removal (CPR):    0.161ns
  Clock Uncertainty:      0.182ns  ((TSJ^2 + DJ^2)^1/2) / 2 + PE
    Total System Jitter     (TSJ):    0.071ns
    Discrete Jitter          (DJ):    0.356ns
    Phase Error              (PE):    0.000ns
  Clock Net Delay (Source):      1.811ns (routing 0.638ns, distribution 1.173ns)
  Clock Net Delay (Destination): 1.560ns (routing 0.576ns, distribution 0.984ns)

    Location             Delay type                Incr(ns)  Path(ns)    Netlist Resource(s)
  -------------------------------------------------------------------    -------------------
                         (clock clk_pl_0 rise edge)
                                                      0.000     0.000 r  
    PS8_X0Y0             PS8                          0.000     0.000 r  design_1_i/zynq_ultra_ps_e_0/inst/PS8_i/PLCLK[0]
                         net (fo=1, routed)           0.178     0.178    design_1_i/zynq_ultra_ps_e_0/inst/pl_clk_unbuffered[0]
    BUFG_PS_X0Y58        BUFG_PS (Prop_BUFG_PS_I_O)
                                                      0.029     0.207 r  design_1_i/zynq_ultra_ps_e_0/inst/buffer_pl_clk_0.PL_CLK_0_BUFG/O
    X0Y1 (CLOCK_ROOT)    net (fo=6524, routed)        1.811     2.018    design_1_i/top_controller_0/inst/u_axi_slave/S_AXI_ACLK
    SLICE_X20Y57         FDRE                                         r  design_1_i/top_controller_0/inst/u_axi_slave/slv_reg3_reg[0]/C
  -------------------------------------------------------------------    -------------------
    SLICE_X20Y57         FDRE (Prop_FFF_SLICEM_C_Q)
                                                      0.094     2.112 r  design_1_i/top_controller_0/inst/u_axi_slave/slv_reg3_reg[0]/Q
                         net (fo=14, routed)          0.183     2.295    design_1_i/top_controller_0/inst/u_axi_slave/Q[0]
    SLICE_X22Y58         LUT3 (Prop_E6LUT_SLICEL_I2_O)
                                                      0.039     2.334 r  design_1_i/top_controller_0/inst/u_axi_slave/p_0_out__3_i_13/O
                         net (fo=4, routed)           0.120     2.454    design_1_i/top_controller_0/inst/u_axi_slave/p_0_out__3_i_13_n_0
    SLICE_X20Y58         LUT6 (Prop_A6LUT_SLICEM_I3_O)
                                                      0.064     2.518 r  design_1_i/top_controller_0/inst/u_axi_slave/g0_b0__3_i_13/O
                         net (fo=2, routed)           0.114     2.632    design_1_i/top_controller_0/inst/u_axi_slave/g0_b0__3_i_13_n_0
    SLICE_X20Y58         LUT6 (Prop_H6LUT_SLICEM_I4_O)
                                                      0.041     2.673 f  design_1_i/top_controller_0/inst/u_axi_slave/consistency_cnt[31]_i_20__12/O
                         net (fo=3, routed)           0.196     2.869    design_1_i/top_controller_0/inst/u_axi_slave/consistency_cnt[31]_i_20__12_n_0
    SLICE_X20Y59         LUT6 (Prop_D6LUT_SLICEM_I5_O)
                                                      0.038     2.907 f  design_1_i/top_controller_0/inst/u_axi_slave/g0_b0__3_i_7/O
                         net (fo=11, routed)          0.074     2.981    design_1_i/top_controller_0/inst/u_axi_slave/g0_b0__3_i_7_n_0
    SLICE_X20Y59         LUT2 (Prop_A6LUT_SLICEM_I1_O)
                                                      0.064     3.045 r  design_1_i/top_controller_0/inst/u_axi_slave/g0_b0__3_i_4/O
                         net (fo=88, routed)          0.240     3.285    design_1_i/top_controller_0/inst/u_axi_slave_n_54
    SLICE_X21Y58         LUT5 (Prop_H5LUT_SLICEL_I3_O)
                                                      0.195     3.480 r  design_1_i/top_controller_0/inst/g0_b7__10/O
                         net (fo=2, routed)           0.310     3.790    design_1_i/top_controller_0/inst/u_axi_slave/p_0_out__9_i_1_1[7]
    SLICE_X21Y56         CARRY8 (Prop_CARRY8_SLICEL_DI[7]_CO[7])
                                                      0.068     3.858 r  design_1_i/top_controller_0/inst/u_axi_slave/p_0_out__9_i_2/CO[7]
                         net (fo=1, routed)           0.028     3.886    design_1_i/top_controller_0/inst/u_axi_slave/p_0_out__9_i_2_n_0
    SLICE_X21Y57         CARRY8 (Prop_CARRY8_SLICEL_CI_O[1])
                                                      0.097     3.983 f  design_1_i/top_controller_0/inst/u_axi_slave/p_0_out__9_i_1/O[1]
                         net (fo=1, routed)           0.350     4.333    design_1_i/top_controller_0/inst/u_preprocessor/p_0_out__9/A[9]
    DSP48E2_X1Y22        DSP_A_B_DATA (Prop_DSP_A_B_DATA_DSP48E2_A[9]_A2_DATA[9])
                                                      0.241     4.574 r  design_1_i/top_controller_0/inst/u_preprocessor/p_0_out__9/DSP_A_B_DATA_INST/A2_DATA[9]
                         net (fo=1, routed)           0.000     4.574    design_1_i/top_controller_0/inst/u_preprocessor/p_0_out__9/DSP_A_B_DATA.A2_DATA<9>
    DSP48E2_X1Y22        DSP_PREADD_DATA (Prop_DSP_PREADD_DATA_DSP48E2_A2_DATA[9]_A2A1[9])
                                                      0.098     4.672 r  design_1_i/top_controller_0/inst/u_preprocessor/p_0_out__9/DSP_PREADD_DATA_INST/A2A1[9]
                         net (fo=1, routed)           0.000     4.672    design_1_i/top_controller_0/inst/u_preprocessor/p_0_out__9/DSP_PREADD_DATA.A2A1<9>
    DSP48E2_X1Y22        DSP_MULTIPLIER (Prop_DSP_MULTIPLIER_DSP48E2_A2A1[9]_V[9])
                                                      0.648     5.320 f  design_1_i/top_controller_0/inst/u_preprocessor/p_0_out__9/DSP_MULTIPLIER_INST/V[9]
                         net (fo=1, routed)           0.000     5.320    design_1_i/top_controller_0/inst/u_preprocessor/p_0_out__9/DSP_MULTIPLIER.V<9>
    DSP48E2_X1Y22        DSP_M_DATA (Prop_DSP_M_DATA_DSP48E2_V[9]_V_DATA[9])
                                                      0.057     5.377 r  design_1_i/top_controller_0/inst/u_preprocessor/p_0_out__9/DSP_M_DATA_INST/V_DATA[9]
                         net (fo=1, routed)           0.000     5.377    design_1_i/top_controller_0/inst/u_preprocessor/p_0_out__9/DSP_M_DATA.V_DATA<9>
    DSP48E2_X1Y22        DSP_ALU (Prop_DSP_ALU_DSP48E2_V_DATA[9]_ALU_OUT[9])
                                                      0.688     6.065 f  design_1_i/top_controller_0/inst/u_preprocessor/p_0_out__9/DSP_ALU_INST/ALU_OUT[9]
                         net (fo=1, routed)           0.000     6.065    design_1_i/top_controller_0/inst/u_preprocessor/p_0_out__9/DSP_ALU.ALU_OUT<9>
    DSP48E2_X1Y22        DSP_OUTPUT (Prop_DSP_OUTPUT_DSP48E2_ALU_OUT[9]_P[9])
                                                      0.141     6.206 r  design_1_i/top_controller_0/inst/u_preprocessor/p_0_out__9/DSP_OUTPUT_INST/P[9]
                         net (fo=1, routed)           0.189     6.395    design_1_i/top_controller_0/inst/u_preprocessor_n_28
    SLICE_X19Y56         LUT6 (Prop_C6LUT_SLICEM_I5_O)
                                                      0.174     6.569 r  design_1_i/top_controller_0/inst/g0_b2__10__0/O
                         net (fo=1, routed)           0.023     6.592    design_1_i/top_controller_0/inst/u_axi_slave/DSP_A_B_DATA_INST_17[2]
    SLICE_X19Y56         CARRY8 (Prop_CARRY8_SLICEM_S[2]_CO[7])
                                                      0.203     6.795 r  design_1_i/top_controller_0/inst/u_axi_slave/p_0_out__10_i_2/CO[7]
                         net (fo=1, routed)           0.028     6.823    design_1_i/top_controller_0/inst/u_axi_slave/p_0_out__10_i_2_n_0
    SLICE_X19Y57         CARRY8 (Prop_CARRY8_SLICEM_CI_O[3])
                                                      0.104     6.927 f  design_1_i/top_controller_0/inst/u_axi_slave/p_0_out__10_i_1/O[3]
                         net (fo=19, routed)          0.525     7.452    design_1_i/top_controller_0/inst/u_preprocessor/p_0_out__10/A[13]
    DSP48E2_X1Y20        DSP_A_B_DATA (Prop_DSP_A_B_DATA_DSP48E2_A[13]_A2_DATA[13])
                                                      0.241     7.693 r  design_1_i/top_controller_0/inst/u_preprocessor/p_0_out__10/DSP_A_B_DATA_INST/A2_DATA[13]
                         net (fo=1, routed)           0.000     7.693    design_1_i/top_controller_0/inst/u_preprocessor/p_0_out__10/DSP_A_B_DATA.A2_DATA<13>
    DSP48E2_X1Y20        DSP_PREADD_DATA (Prop_DSP_PREADD_DATA_DSP48E2_A2_DATA[13]_A2A1[13])
                                                      0.098     7.791 r  design_1_i/top_controller_0/inst/u_preprocessor/p_0_out__10/DSP_PREADD_DATA_INST/A2A1[13]
                         net (fo=1, routed)           0.000     7.791    design_1_i/top_controller_0/inst/u_preprocessor/p_0_out__10/DSP_PREADD_DATA.A2A1<13>
    DSP48E2_X1Y20        DSP_MULTIPLIER (Prop_DSP_MULTIPLIER_DSP48E2_A2A1[13]_U[22])
                                                      0.647     8.438 f  design_1_i/top_controller_0/inst/u_preprocessor/p_0_out__10/DSP_MULTIPLIER_INST/U[22]
                         net (fo=1, routed)           0.000     8.438    design_1_i/top_controller_0/inst/u_preprocessor/p_0_out__10/DSP_MULTIPLIER.U<22>
    DSP48E2_X1Y20        DSP_M_DATA (Prop_DSP_M_DATA_DSP48E2_U[22]_U_DATA[22])
                                                      0.059     8.497 r  design_1_i/top_controller_0/inst/u_preprocessor/p_0_out__10/DSP_M_DATA_INST/U_DATA[22]
                         net (fo=1, routed)           0.000     8.497    design_1_i/top_controller_0/inst/u_preprocessor/p_0_out__10/DSP_M_DATA.U_DATA<22>
    DSP48E2_X1Y20        DSP_ALU (Prop_DSP_ALU_DSP48E2_U_DATA[22]_ALU_OUT[22])
                                                      0.699     9.196 r  design_1_i/top_controller_0/inst/u_preprocessor/p_0_out__10/DSP_ALU_INST/ALU_OUT[22]
                         net (fo=1, routed)           0.000     9.196    design_1_i/top_controller_0/inst/u_preprocessor/p_0_out__10/DSP_ALU.ALU_OUT<22>
    DSP48E2_X1Y20        DSP_OUTPUT (Prop_DSP_OUTPUT_DSP48E2_ALU_OUT[22]_P[22])
                                                      0.141     9.337 f  design_1_i/top_controller_0/inst/u_preprocessor/p_0_out__10/DSP_OUTPUT_INST/P[22]
                         net (fo=8, routed)           0.334     9.671    design_1_i/top_controller_0/inst/u_preprocessor/p_0_out__11/A[22]
    DSP48E2_X1Y21        DSP_A_B_DATA (Prop_DSP_A_B_DATA_DSP48E2_A[22]_A2_DATA[22])
                                                      0.241     9.912 r  design_1_i/top_controller_0/inst/u_preprocessor/p_0_out__11/DSP_A_B_DATA_INST/A2_DATA[22]
                         net (fo=1, routed)           0.000     9.912    design_1_i/top_controller_0/inst/u_preprocessor/p_0_out__11/DSP_A_B_DATA.A2_DATA<22>
    DSP48E2_X1Y21        DSP_PREADD_DATA (Prop_DSP_PREADD_DATA_DSP48E2_A2_DATA[22]_A2A1[22])
                                                      0.098    10.010 r  design_1_i/top_controller_0/inst/u_preprocessor/p_0_out__11/DSP_PREADD_DATA_INST/A2A1[22]
                         net (fo=1, routed)           0.000    10.010    design_1_i/top_controller_0/inst/u_preprocessor/p_0_out__11/DSP_PREADD_DATA.A2A1<22>
    DSP48E2_X1Y21        DSP_MULTIPLIER (Prop_DSP_MULTIPLIER_DSP48E2_A2A1[22]_V[22])
                                                      0.648    10.658 f  design_1_i/top_controller_0/inst/u_preprocessor/p_0_out__11/DSP_MULTIPLIER_INST/V[22]
                         net (fo=1, routed)           0.000    10.658    design_1_i/top_controller_0/inst/u_preprocessor/p_0_out__11/DSP_MULTIPLIER.V<22>
    DSP48E2_X1Y21        DSP_M_DATA (Prop_DSP_M_DATA_DSP48E2_V[22]_V_DATA[22])
                                                      0.057    10.715 r  design_1_i/top_controller_0/inst/u_preprocessor/p_0_out__11/DSP_M_DATA_INST/V_DATA[22]
                         net (fo=1, routed)           0.000    10.715    design_1_i/top_controller_0/inst/u_preprocessor/p_0_out__11/DSP_M_DATA.V_DATA<22>
    DSP48E2_X1Y21        DSP_ALU (Prop_DSP_ALU_DSP48E2_V_DATA[22]_ALU_OUT[22])
                                                      0.688    11.403 f  design_1_i/top_controller_0/inst/u_preprocessor/p_0_out__11/DSP_ALU_INST/ALU_OUT[22]
                         net (fo=1, routed)           0.000    11.403    design_1_i/top_controller_0/inst/u_preprocessor/p_0_out__11/DSP_ALU.ALU_OUT<22>
    DSP48E2_X1Y21        DSP_OUTPUT (Prop_DSP_OUTPUT_DSP48E2_ALU_OUT[22]_P[22])
                                                      0.141    11.544 r  design_1_i/top_controller_0/inst/u_preprocessor/p_0_out__11/DSP_OUTPUT_INST/P[22]
                         net (fo=2, routed)           0.350    11.895    design_1_i/top_controller_0/inst/u_preprocessor/grav_z[2]
    SLICE_X18Y56         LUT2 (Prop_B6LUT_SLICEL_I1_O)
                                                      0.115    12.010 r  design_1_i/top_controller_0/inst/u_preprocessor/pred_data_out[pred_accel_z_1][8]_i_9/O
                         net (fo=1, routed)           0.010    12.020    design_1_i/top_controller_0/inst/u_preprocessor/pred_data_out[pred_accel_z_1][8]_i_9_n_0
    SLICE_X18Y56         CARRY8 (Prop_CARRY8_SLICEL_S[1]_CO[7])
                                                      0.233    12.253 r  design_1_i/top_controller_0/inst/u_preprocessor/pred_data_out_reg[pred_accel_z_1][8]_i_1/CO[7]
                         net (fo=1, routed)           0.028    12.281    design_1_i/top_controller_0/inst/u_preprocessor/pred_data_out_reg[pred_accel_z_1][8]_i_1_n_0
    SLICE_X18Y57         CARRY8 (Prop_CARRY8_SLICEL_CI_O[0])
                                                      0.072    12.353 r  design_1_i/top_controller_0/inst/u_preprocessor/pred_data_out_reg[pred_accel_z_1][11]_i_1/O[0]
                         net (fo=1, routed)           0.030    12.383    design_1_i/top_controller_0/inst/u_preprocessor/pred_data_out_reg[pred_accel_z_1][11]_i_1_n_15
    SLICE_X18Y57         FDRE                                         r  design_1_i/top_controller_0/inst/u_preprocessor/pred_data_out_reg[pred_accel_z_1][9]/D
  -------------------------------------------------------------------    -------------------

                         (clock clk_pl_0 rise edge)
                                                     11.250    11.250 r  
    PS8_X0Y0             PS8                          0.000    11.250 r  design_1_i/zynq_ultra_ps_e_0/inst/PS8_i/PLCLK[0]
                         net (fo=1, routed)           0.140    11.390    design_1_i/zynq_ultra_ps_e_0/inst/pl_clk_unbuffered[0]
    BUFG_PS_X0Y58        BUFG_PS (Prop_BUFG_PS_I_O)
                                                      0.027    11.417 r  design_1_i/zynq_ultra_ps_e_0/inst/buffer_pl_clk_0.PL_CLK_0_BUFG/O
    X0Y1 (CLOCK_ROOT)    net (fo=6524, routed)        1.560    12.977    design_1_i/top_controller_0/inst/u_preprocessor/S_AXI_ACLK
    SLICE_X18Y57         FDRE                                         r  design_1_i/top_controller_0/inst/u_preprocessor/pred_data_out_reg[pred_accel_z_1][9]/C
                         clock pessimism              0.161    13.138    
                         clock uncertainty           -0.182    12.956    
    SLICE_X18Y57         FDRE (Setup_AFF_SLICEL_C_D)
                                                      0.027    12.983    design_1_i/top_controller_0/inst/u_preprocessor/pred_data_out_reg[pred_accel_z_1][9]
  -------------------------------------------------------------------
                         required time                         12.983    
                         arrival time                         -12.383    
  -------------------------------------------------------------------
                         slack                                  0.601    

Slack (MET) :             0.607ns  (required time - arrival time)
  Source:                 design_1_i/top_controller_0/inst/u_axi_slave/slv_reg3_reg[0]/C
                            (rising edge-triggered cell FDRE clocked by clk_pl_0  {rise@0.000ns fall@5.625ns period=11.250ns})
  Destination:            design_1_i/top_controller_0/inst/u_preprocessor/pred_data_out_reg[pred_accel_y_1][3]/D
                            (rising edge-triggered cell FDRE clocked by clk_pl_0  {rise@0.000ns fall@5.625ns period=11.250ns})
  Path Group:             clk_pl_0
  Path Type:              Setup (Max at Slow Process Corner)
  Requirement:            11.250ns  (clk_pl_0 rise@11.250ns - clk_pl_0 rise@0.000ns)
  Data Path Delay:        10.303ns  (logic 7.075ns (68.669%)  route 3.228ns (31.331%))
  Logic Levels:           34  (CARRY8=3 DSP_A_B_DATA=3 DSP_ALU=3 DSP_M_DATA=3 DSP_MULTIPLIER=3 DSP_OUTPUT=3 DSP_PREADD_DATA=3 LUT3=1 LUT4=1 LUT5=2 LUT6=9)
  Clock Path Skew:        -0.185ns (DCD - SCD + CPR)
    Destination Clock Delay (DCD):    1.726ns = ( 12.976 - 11.250 ) 
    Source Clock Delay      (SCD):    2.018ns
    Clock Pessimism Removal (CPR):    0.107ns
  Clock Uncertainty:      0.182ns  ((TSJ^2 + DJ^2)^1/2) / 2 + PE
    Total System Jitter     (TSJ):    0.071ns
    Discrete Jitter          (DJ):    0.356ns
    Phase Error              (PE):    0.000ns
  Clock Net Delay (Source):      1.811ns (routing 0.638ns, distribution 1.173ns)
  Clock Net Delay (Destination): 1.559ns (routing 0.576ns, distribution 0.983ns)

    Location             Delay type                Incr(ns)  Path(ns)    Netlist Resource(s)
  -------------------------------------------------------------------    -------------------
                         (clock clk_pl_0 rise edge)
                                                      0.000     0.000 r  
    PS8_X0Y0             PS8                          0.000     0.000 r  design_1_i/zynq_ultra_ps_e_0/inst/PS8_i/PLCLK[0]
                         net (fo=1, routed)           0.178     0.178    design_1_i/zynq_ultra_ps_e_0/inst/pl_clk_unbuffered[0]
    BUFG_PS_X0Y58        BUFG_PS (Prop_BUFG_PS_I_O)
                                                      0.029     0.207 r  design_1_i/zynq_ultra_ps_e_0/inst/buffer_pl_clk_0.PL_CLK_0_BUFG/O
    X0Y1 (CLOCK_ROOT)    net (fo=6524, routed)        1.811     2.018    design_1_i/top_controller_0/inst/u_axi_slave/S_AXI_ACLK
    SLICE_X20Y57         FDRE                                         r  design_1_i/top_controller_0/inst/u_axi_slave/slv_reg3_reg[0]/C
  -------------------------------------------------------------------    -------------------
    SLICE_X20Y57         FDRE (Prop_FFF_SLICEM_C_Q)
                                                      0.094     2.112 r  design_1_i/top_controller_0/inst/u_axi_slave/slv_reg3_reg[0]/Q
                         net (fo=14, routed)          0.183     2.295    design_1_i/top_controller_0/inst/u_axi_slave/Q[0]
    SLICE_X22Y58         LUT3 (Prop_E6LUT_SLICEL_I2_O)
                                                      0.039     2.334 r  design_1_i/top_controller_0/inst/u_axi_slave/p_0_out__3_i_13/O
                         net (fo=4, routed)           0.120     2.454    design_1_i/top_controller_0/inst/u_axi_slave/p_0_out__3_i_13_n_0
    SLICE_X20Y58         LUT6 (Prop_A6LUT_SLICEM_I3_O)
                                                      0.064     2.518 r  design_1_i/top_controller_0/inst/u_axi_slave/g0_b0__3_i_13/O
                         net (fo=2, routed)           0.114     2.632    design_1_i/top_controller_0/inst/u_axi_slave/g0_b0__3_i_13_n_0
    SLICE_X20Y58         LUT6 (Prop_H6LUT_SLICEM_I4_O)
                                                      0.041     2.673 r  design_1_i/top_controller_0/inst/u_axi_slave/consistency_cnt[31]_i_20__12/O
                         net (fo=3, routed)           0.196     2.869    design_1_i/top_controller_0/inst/u_axi_slave/consistency_cnt[31]_i_20__12_n_0
    SLICE_X20Y59         LUT6 (Prop_D6LUT_SLICEM_I5_O)
                                                      0.038     2.907 r  design_1_i/top_controller_0/inst/u_axi_slave/g0_b0__3_i_7/O
                         net (fo=11, routed)          0.132     3.039    design_1_i/top_controller_0/inst/u_axi_slave/g0_b0__3_i_7_n_0
    SLICE_X20Y59         LUT6 (Prop_H6LUT_SLICEM_I5_O)
                                                      0.041     3.080 r  design_1_i/top_controller_0/inst/u_axi_slave/g0_b0__3_i_2/O
                         net (fo=85, routed)          0.284     3.364    design_1_i/top_controller_0/inst/u_axi_slave_n_577
    SLICE_X18Y60         LUT5 (Prop_A6LUT_SLICEL_I1_O)
                                                      0.115     3.479 r  design_1_i/top_controller_0/inst/g0_b3__3/O
                         net (fo=8, routed)           0.115     3.594    design_1_i/top_controller_0/inst/g0_b3__3_n_0
    SLICE_X19Y60         LUT6 (Prop_D6LUT_SLICEM_I5_O)
                                                      0.038     3.632 r  design_1_i/top_controller_0/inst/g0_b3__4__0/O
                         net (fo=1, routed)           0.026     3.658    design_1_i/top_controller_0/inst/u_axi_slave/DSP_A_B_DATA_INST_8[3]
    SLICE_X19Y60         CARRY8 (Prop_CARRY8_SLICEM_S[3]_CO[7])
                                                      0.206     3.864 r  design_1_i/top_controller_0/inst/u_axi_slave/p_0_out__3_i_9/CO[7]
                         net (fo=1, routed)           0.028     3.892    design_1_i/top_controller_0/inst/u_axi_slave/p_0_out__3_i_9_n_0
    SLICE_X19Y61         CARRY8 (Prop_CARRY8_SLICEM_CI_O[0])
                                                      0.072     3.964 f  design_1_i/top_controller_0/inst/u_axi_slave/p_0_out__3_i_8/O[0]
                         net (fo=1, routed)           0.331     4.295    design_1_i/top_controller_0/inst/u_preprocessor/p_0_out__3/A[8]
    DSP48E2_X1Y24        DSP_A_B_DATA (Prop_DSP_A_B_DATA_DSP48E2_A[8]_A2_DATA[8])
                                                      0.241     4.536 r  design_1_i/top_controller_0/inst/u_preprocessor/p_0_out__3/DSP_A_B_DATA_INST/A2_DATA[8]
                         net (fo=1, routed)           0.000     4.536    design_1_i/top_controller_0/inst/u_preprocessor/p_0_out__3/DSP_A_B_DATA.A2_DATA<8>
    DSP48E2_X1Y24        DSP_PREADD_DATA (Prop_DSP_PREADD_DATA_DSP48E2_A2_DATA[8]_A2A1[8])
                                                      0.098     4.634 r  design_1_i/top_controller_0/inst/u_preprocessor/p_0_out__3/DSP_PREADD_DATA_INST/A2A1[8]
                         net (fo=1, routed)           0.000     4.634    design_1_i/top_controller_0/inst/u_preprocessor/p_0_out__3/DSP_PREADD_DATA.A2A1<8>
    DSP48E2_X1Y24        DSP_MULTIPLIER (Prop_DSP_MULTIPLIER_DSP48E2_A2A1[8]_U[9])
                                                      0.647     5.281 f  design_1_i/top_controller_0/inst/u_preprocessor/p_0_out__3/DSP_MULTIPLIER_INST/U[9]
                         net (fo=1, routed)           0.000     5.281    design_1_i/top_controller_0/inst/u_preprocessor/p_0_out__3/DSP_MULTIPLIER.U<9>
    DSP48E2_X1Y24        DSP_M_DATA (Prop_DSP_M_DATA_DSP48E2_U[9]_U_DATA[9])
                                                      0.059     5.340 r  design_1_i/top_controller_0/inst/u_preprocessor/p_0_out__3/DSP_M_DATA_INST/U_DATA[9]
                         net (fo=1, routed)           0.000     5.340    design_1_i/top_controller_0/inst/u_preprocessor/p_0_out__3/DSP_M_DATA.U_DATA<9>
    DSP48E2_X1Y24        DSP_ALU (Prop_DSP_ALU_DSP48E2_U_DATA[9]_ALU_OUT[9])
                                                      0.699     6.039 f  design_1_i/top_controller_0/inst/u_preprocessor/p_0_out__3/DSP_ALU_INST/ALU_OUT[9]
                         net (fo=1, routed)           0.000     6.039    design_1_i/top_controller_0/inst/u_preprocessor/p_0_out__3/DSP_ALU.ALU_OUT<9>
    DSP48E2_X1Y24        DSP_OUTPUT (Prop_DSP_OUTPUT_DSP48E2_ALU_OUT[9]_P[9])
                                                      0.141     6.180 r  design_1_i/top_controller_0/inst/u_preprocessor/p_0_out__3/DSP_OUTPUT_INST/P[9]
                         net (fo=3, routed)           0.193     6.373    design_1_i/top_controller_0/inst/u_axi_slave/p_0_out__4_i_8_0[2]
    SLICE_X19Y61         LUT6 (Prop_F6LUT_SLICEM_I1_O)
                                                      0.148     6.521 r  design_1_i/top_controller_0/inst/u_axi_slave/p_0_out__4_i_22/O
                         net (fo=7, routed)           0.228     6.750    design_1_i/top_controller_0/inst/u_axi_slave/p_0_out__4_i_22_n_0
    SLICE_X18Y63         LUT6 (Prop_A6LUT_SLICEL_I5_O)
                                                      0.039     6.789 r  design_1_i/top_controller_0/inst/u_axi_slave/p_0_out__4_i_18/O
                         net (fo=4, routed)           0.118     6.906    design_1_i/top_controller_0/inst/u_axi_slave/p_0_out__4_i_18_n_0
    SLICE_X18Y65         LUT6 (Prop_C6LUT_SLICEL_I5_O)
                                                      0.113     7.019 f  design_1_i/top_controller_0/inst/u_axi_slave/p_0_out__4_i_16/O
                         net (fo=3, routed)           0.058     7.077    design_1_i/top_controller_0/inst/u_axi_slave/p_0_out__4_i_16_n_0
    SLICE_X18Y65         LUT6 (Prop_D6LUT_SLICEL_I1_O)
                                                      0.039     7.116 r  design_1_i/top_controller_0/inst/u_axi_slave/p_0_out__4_i_14/O
                         net (fo=2, routed)           0.051     7.168    design_1_i/top_controller_0/inst/u_axi_slave/p_0_out__4_i_14_n_0
    SLICE_X18Y65         LUT4 (Prop_E6LUT_SLICEL_I3_O)
                                                      0.039     7.207 f  design_1_i/top_controller_0/inst/u_axi_slave/p_0_out__4_i_1/O
                         net (fo=19, routed)          0.349     7.555    design_1_i/top_controller_0/inst/u_preprocessor/p_0_out__4/A[12]
    DSP48E2_X1Y26        DSP_A_B_DATA (Prop_DSP_A_B_DATA_DSP48E2_A[12]_A2_DATA[12])
                                                      0.241     7.796 r  design_1_i/top_controller_0/inst/u_preprocessor/p_0_out__4/DSP_A_B_DATA_INST/A2_DATA[12]
                         net (fo=1, routed)           0.000     7.796    design_1_i/top_controller_0/inst/u_preprocessor/p_0_out__4/DSP_A_B_DATA.A2_DATA<12>
    DSP48E2_X1Y26        DSP_PREADD_DATA (Prop_DSP_PREADD_DATA_DSP48E2_A2_DATA[12]_A2A1[12])
                                                      0.098     7.894 r  design_1_i/top_controller_0/inst/u_preprocessor/p_0_out__4/DSP_PREADD_DATA_INST/A2A1[12]
                         net (fo=1, routed)           0.000     7.894    design_1_i/top_controller_0/inst/u_preprocessor/p_0_out__4/DSP_PREADD_DATA.A2A1<12>
    DSP48E2_X1Y26        DSP_MULTIPLIER (Prop_DSP_MULTIPLIER_DSP48E2_A2A1[12]_V[12])
                                                      0.648     8.542 f  design_1_i/top_controller_0/inst/u_preprocessor/p_0_out__4/DSP_MULTIPLIER_INST/V[12]
                         net (fo=1, routed)           0.000     8.542    design_1_i/top_controller_0/inst/u_preprocessor/p_0_out__4/DSP_MULTIPLIER.V<12>
    DSP48E2_X1Y26        DSP_M_DATA (Prop_DSP_M_DATA_DSP48E2_V[12]_V_DATA[12])
                                                      0.057     8.599 r  design_1_i/top_controller_0/inst/u_preprocessor/p_0_out__4/DSP_M_DATA_INST/V_DATA[12]
                         net (fo=1, routed)           0.000     8.599    design_1_i/top_controller_0/inst/u_preprocessor/p_0_out__4/DSP_M_DATA.V_DATA<12>
    DSP48E2_X1Y26        DSP_ALU (Prop_DSP_ALU_DSP48E2_V_DATA[12]_ALU_OUT[12])
                                                      0.688     9.287 r  design_1_i/top_controller_0/inst/u_preprocessor/p_0_out__4/DSP_ALU_INST/ALU_OUT[12]
                         net (fo=1, routed)           0.000     9.287    design_1_i/top_controller_0/inst/u_preprocessor/p_0_out__4/DSP_ALU.ALU_OUT<12>
    DSP48E2_X1Y26        DSP_OUTPUT (Prop_DSP_OUTPUT_DSP48E2_ALU_OUT[12]_P[12])
                                                      0.141     9.428 f  design_1_i/top_controller_0/inst/u_preprocessor/p_0_out__4/DSP_OUTPUT_INST/P[12]
                         net (fo=1, routed)           0.391     9.819    design_1_i/top_controller_0/inst/u_preprocessor/p_0_out__6/A[12]
    DSP48E2_X1Y27        DSP_A_B_DATA (Prop_DSP_A_B_DATA_DSP48E2_A[12]_A2_DATA[12])
                                                      0.241    10.060 r  design_1_i/top_controller_0/inst/u_preprocessor/p_0_out__6/DSP_A_B_DATA_INST/A2_DATA[12]
                         net (fo=1, routed)           0.000    10.060    design_1_i/top_controller_0/inst/u_preprocessor/p_0_out__6/DSP_A_B_DATA.A2_DATA<12>
    DSP48E2_X1Y27        DSP_PREADD_DATA (Prop_DSP_PREADD_DATA_DSP48E2_A2_DATA[12]_A2A1[12])
                                                      0.098    10.158 r  design_1_i/top_controller_0/inst/u_preprocessor/p_0_out__6/DSP_PREADD_DATA_INST/A2A1[12]
                         net (fo=1, routed)           0.000    10.158    design_1_i/top_controller_0/inst/u_preprocessor/p_0_out__6/DSP_PREADD_DATA.A2A1<12>
    DSP48E2_X1Y27        DSP_MULTIPLIER (Prop_DSP_MULTIPLIER_DSP48E2_A2A1[12]_U[21])
                                                      0.647    10.805 f  design_1_i/top_controller_0/inst/u_preprocessor/p_0_out__6/DSP_MULTIPLIER_INST/U[21]
                         net (fo=1, routed)           0.000    10.805    design_1_i/top_controller_0/inst/u_preprocessor/p_0_out__6/DSP_MULTIPLIER.U<21>
    DSP48E2_X1Y27        DSP_M_DATA (Prop_DSP_M_DATA_DSP48E2_U[21]_U_DATA[21])
                                                      0.059    10.864 r  design_1_i/top_controller_0/inst/u_preprocessor/p_0_out__6/DSP_M_DATA_INST/U_DATA[21]
                         net (fo=1, routed)           0.000    10.864    design_1_i/top_controller_0/inst/u_preprocessor/p_0_out__6/DSP_M_DATA.U_DATA<21>
    DSP48E2_X1Y27        DSP_ALU (Prop_DSP_ALU_DSP48E2_U_DATA[21]_ALU_OUT[21])
                                                      0.699    11.563 f  design_1_i/top_controller_0/inst/u_preprocessor/p_0_out__6/DSP_ALU_INST/ALU_OUT[21]
                         net (fo=1, routed)           0.000    11.563    design_1_i/top_controller_0/inst/u_preprocessor/p_0_out__6/DSP_ALU.ALU_OUT<21>
    DSP48E2_X1Y27        DSP_OUTPUT (Prop_DSP_OUTPUT_DSP48E2_ALU_OUT[21]_P[21])
                                                      0.141    11.704 r  design_1_i/top_controller_0/inst/u_preprocessor/p_0_out__6/DSP_OUTPUT_INST/P[21]
                         net (fo=4, routed)           0.261    11.965    design_1_i/top_controller_0/inst/u_preprocessor/grav_y[1]
    SLICE_X19Y67         LUT5 (Prop_B6LUT_SLICEM_I3_O)
                                                      0.150    12.115 r  design_1_i/top_controller_0/inst/u_preprocessor/pred_data_out[pred_accel_y_1][7]_i_15/O
                         net (fo=1, routed)           0.018    12.133    design_1_i/top_controller_0/inst/u_preprocessor/pred_data_out[pred_accel_y_1][7]_i_15_n_0
    SLICE_X19Y67         CARRY8 (Prop_CARRY8_SLICEM_S[1]_O[3])
                                                      0.156    12.289 r  design_1_i/top_controller_0/inst/u_preprocessor/pred_data_out_reg[pred_accel_y_1][7]_i_1/O[3]
                         net (fo=1, routed)           0.032    12.321    design_1_i/top_controller_0/inst/u_preprocessor/pred_data_out_reg[pred_accel_y_1][7]_i_1_n_12
    SLICE_X19Y67         FDRE                                         r  design_1_i/top_controller_0/inst/u_preprocessor/pred_data_out_reg[pred_accel_y_1][3]/D
  -------------------------------------------------------------------    -------------------

                         (clock clk_pl_0 rise edge)
                                                     11.250    11.250 r  
    PS8_X0Y0             PS8                          0.000    11.250 r  design_1_i/zynq_ultra_ps_e_0/inst/PS8_i/PLCLK[0]
                         net (fo=1, routed)           0.140    11.390    design_1_i/zynq_ultra_ps_e_0/inst/pl_clk_unbuffered[0]
    BUFG_PS_X0Y58        BUFG_PS (Prop_BUFG_PS_I_O)
                                                      0.027    11.417 r  design_1_i/zynq_ultra_ps_e_0/inst/buffer_pl_clk_0.PL_CLK_0_BUFG/O
    X0Y1 (CLOCK_ROOT)    net (fo=6524, routed)        1.559    12.976    design_1_i/top_controller_0/inst/u_preprocessor/S_AXI_ACLK
    SLICE_X19Y67         FDRE                                         r  design_1_i/top_controller_0/inst/u_preprocessor/pred_data_out_reg[pred_accel_y_1][3]/C
                         clock pessimism              0.107    13.083    
                         clock uncertainty           -0.182    12.901    
    SLICE_X19Y67         FDRE (Setup_DFF_SLICEM_C_D)
                                                      0.027    12.928    design_1_i/top_controller_0/inst/u_preprocessor/pred_data_out_reg[pred_accel_y_1][3]
  -------------------------------------------------------------------
                         required time                         12.928    
                         arrival time                         -12.321    
  -------------------------------------------------------------------
                         slack                                  0.607    

Slack (MET) :             0.615ns  (required time - arrival time)
  Source:                 design_1_i/top_controller_0/inst/u_axi_slave/slv_reg3_reg[0]/C
                            (rising edge-triggered cell FDRE clocked by clk_pl_0  {rise@0.000ns fall@5.625ns period=11.250ns})
  Destination:            design_1_i/top_controller_0/inst/u_preprocessor/pred_data_out_reg[pred_accel_y_1][2]/D
                            (rising edge-triggered cell FDRE clocked by clk_pl_0  {rise@0.000ns fall@5.625ns period=11.250ns})
  Path Group:             clk_pl_0
  Path Type:              Setup (Max at Slow Process Corner)
  Requirement:            11.250ns  (clk_pl_0 rise@11.250ns - clk_pl_0 rise@0.000ns)
  Data Path Delay:        10.295ns  (logic 7.067ns (68.645%)  route 3.228ns (31.355%))
  Logic Levels:           34  (CARRY8=3 DSP_A_B_DATA=3 DSP_ALU=3 DSP_M_DATA=3 DSP_MULTIPLIER=3 DSP_OUTPUT=3 DSP_PREADD_DATA=3 LUT3=1 LUT4=1 LUT5=2 LUT6=9)
  Clock Path Skew:        -0.185ns (DCD - SCD + CPR)
    Destination Clock Delay (DCD):    1.726ns = ( 12.976 - 11.250 ) 
    Source Clock Delay      (SCD):    2.018ns
    Clock Pessimism Removal (CPR):    0.107ns
  Clock Uncertainty:      0.182ns  ((TSJ^2 + DJ^2)^1/2) / 2 + PE
    Total System Jitter     (TSJ):    0.071ns
    Discrete Jitter          (DJ):    0.356ns
    Phase Error              (PE):    0.000ns
  Clock Net Delay (Source):      1.811ns (routing 0.638ns, distribution 1.173ns)
  Clock Net Delay (Destination): 1.559ns (routing 0.576ns, distribution 0.983ns)

    Location             Delay type                Incr(ns)  Path(ns)    Netlist Resource(s)
  -------------------------------------------------------------------    -------------------
                         (clock clk_pl_0 rise edge)
                                                      0.000     0.000 r  
    PS8_X0Y0             PS8                          0.000     0.000 r  design_1_i/zynq_ultra_ps_e_0/inst/PS8_i/PLCLK[0]
                         net (fo=1, routed)           0.178     0.178    design_1_i/zynq_ultra_ps_e_0/inst/pl_clk_unbuffered[0]
    BUFG_PS_X0Y58        BUFG_PS (Prop_BUFG_PS_I_O)
                                                      0.029     0.207 r  design_1_i/zynq_ultra_ps_e_0/inst/buffer_pl_clk_0.PL_CLK_0_BUFG/O
    X0Y1 (CLOCK_ROOT)    net (fo=6524, routed)        1.811     2.018    design_1_i/top_controller_0/inst/u_axi_slave/S_AXI_ACLK
    SLICE_X20Y57         FDRE                                         r  design_1_i/top_controller_0/inst/u_axi_slave/slv_reg3_reg[0]/C
  -------------------------------------------------------------------    -------------------
    SLICE_X20Y57         FDRE (Prop_FFF_SLICEM_C_Q)
                                                      0.094     2.112 r  design_1_i/top_controller_0/inst/u_axi_slave/slv_reg3_reg[0]/Q
                         net (fo=14, routed)          0.183     2.295    design_1_i/top_controller_0/inst/u_axi_slave/Q[0]
    SLICE_X22Y58         LUT3 (Prop_E6LUT_SLICEL_I2_O)
                                                      0.039     2.334 r  design_1_i/top_controller_0/inst/u_axi_slave/p_0_out__3_i_13/O
                         net (fo=4, routed)           0.120     2.454    design_1_i/top_controller_0/inst/u_axi_slave/p_0_out__3_i_13_n_0
    SLICE_X20Y58         LUT6 (Prop_A6LUT_SLICEM_I3_O)
                                                      0.064     2.518 r  design_1_i/top_controller_0/inst/u_axi_slave/g0_b0__3_i_13/O
                         net (fo=2, routed)           0.114     2.632    design_1_i/top_controller_0/inst/u_axi_slave/g0_b0__3_i_13_n_0
    SLICE_X20Y58         LUT6 (Prop_H6LUT_SLICEM_I4_O)
                                                      0.041     2.673 r  design_1_i/top_controller_0/inst/u_axi_slave/consistency_cnt[31]_i_20__12/O
                         net (fo=3, routed)           0.196     2.869    design_1_i/top_controller_0/inst/u_axi_slave/consistency_cnt[31]_i_20__12_n_0
    SLICE_X20Y59         LUT6 (Prop_D6LUT_SLICEM_I5_O)
                                                      0.038     2.907 r  design_1_i/top_controller_0/inst/u_axi_slave/g0_b0__3_i_7/O
                         net (fo=11, routed)          0.132     3.039    design_1_i/top_controller_0/inst/u_axi_slave/g0_b0__3_i_7_n_0
    SLICE_X20Y59         LUT6 (Prop_H6LUT_SLICEM_I5_O)
                                                      0.041     3.080 r  design_1_i/top_controller_0/inst/u_axi_slave/g0_b0__3_i_2/O
                         net (fo=85, routed)          0.284     3.364    design_1_i/top_controller_0/inst/u_axi_slave_n_577
    SLICE_X18Y60         LUT5 (Prop_A6LUT_SLICEL_I1_O)
                                                      0.115     3.479 r  design_1_i/top_controller_0/inst/g0_b3__3/O
                         net (fo=8, routed)           0.115     3.594    design_1_i/top_controller_0/inst/g0_b3__3_n_0
    SLICE_X19Y60         LUT6 (Prop_D6LUT_SLICEM_I5_O)
                                                      0.038     3.632 r  design_1_i/top_controller_0/inst/g0_b3__4__0/O
                         net (fo=1, routed)           0.026     3.658    design_1_i/top_controller_0/inst/u_axi_slave/DSP_A_B_DATA_INST_8[3]
    SLICE_X19Y60         CARRY8 (Prop_CARRY8_SLICEM_S[3]_CO[7])
                                                      0.206     3.864 r  design_1_i/top_controller_0/inst/u_axi_slave/p_0_out__3_i_9/CO[7]
                         net (fo=1, routed)           0.028     3.892    design_1_i/top_controller_0/inst/u_axi_slave/p_0_out__3_i_9_n_0
    SLICE_X19Y61         CARRY8 (Prop_CARRY8_SLICEM_CI_O[0])
                                                      0.072     3.964 f  design_1_i/top_controller_0/inst/u_axi_slave/p_0_out__3_i_8/O[0]
                         net (fo=1, routed)           0.331     4.295    design_1_i/top_controller_0/inst/u_preprocessor/p_0_out__3/A[8]
    DSP48E2_X1Y24        DSP_A_B_DATA (Prop_DSP_A_B_DATA_DSP48E2_A[8]_A2_DATA[8])
                                                      0.241     4.536 r  design_1_i/top_controller_0/inst/u_preprocessor/p_0_out__3/DSP_A_B_DATA_INST/A2_DATA[8]
                         net (fo=1, routed)           0.000     4.536    design_1_i/top_controller_0/inst/u_preprocessor/p_0_out__3/DSP_A_B_DATA.A2_DATA<8>
    DSP48E2_X1Y24        DSP_PREADD_DATA (Prop_DSP_PREADD_DATA_DSP48E2_A2_DATA[8]_A2A1[8])
                                                      0.098     4.634 r  design_1_i/top_controller_0/inst/u_preprocessor/p_0_out__3/DSP_PREADD_DATA_INST/A2A1[8]
                         net (fo=1, routed)           0.000     4.634    design_1_i/top_controller_0/inst/u_preprocessor/p_0_out__3/DSP_PREADD_DATA.A2A1<8>
    DSP48E2_X1Y24        DSP_MULTIPLIER (Prop_DSP_MULTIPLIER_DSP48E2_A2A1[8]_U[9])
                                                      0.647     5.281 f  design_1_i/top_controller_0/inst/u_preprocessor/p_0_out__3/DSP_MULTIPLIER_INST/U[9]
                         net (fo=1, routed)           0.000     5.281    design_1_i/top_controller_0/inst/u_preprocessor/p_0_out__3/DSP_MULTIPLIER.U<9>
    DSP48E2_X1Y24        DSP_M_DATA (Prop_DSP_M_DATA_DSP48E2_U[9]_U_DATA[9])
                                                      0.059     5.340 r  design_1_i/top_controller_0/inst/u_preprocessor/p_0_out__3/DSP_M_DATA_INST/U_DATA[9]
                         net (fo=1, routed)           0.000     5.340    design_1_i/top_controller_0/inst/u_preprocessor/p_0_out__3/DSP_M_DATA.U_DATA<9>
    DSP48E2_X1Y24        DSP_ALU (Prop_DSP_ALU_DSP48E2_U_DATA[9]_ALU_OUT[9])
                                                      0.699     6.039 f  design_1_i/top_controller_0/inst/u_preprocessor/p_0_out__3/DSP_ALU_INST/ALU_OUT[9]
                         net (fo=1, routed)           0.000     6.039    design_1_i/top_controller_0/inst/u_preprocessor/p_0_out__3/DSP_ALU.ALU_OUT<9>
    DSP48E2_X1Y24        DSP_OUTPUT (Prop_DSP_OUTPUT_DSP48E2_ALU_OUT[9]_P[9])
                                                      0.141     6.180 r  design_1_i/top_controller_0/inst/u_preprocessor/p_0_out__3/DSP_OUTPUT_INST/P[9]
                         net (fo=3, routed)           0.193     6.373    design_1_i/top_controller_0/inst/u_axi_slave/p_0_out__4_i_8_0[2]
    SLICE_X19Y61         LUT6 (Prop_F6LUT_SLICEM_I1_O)
                                                      0.148     6.521 r  design_1_i/top_controller_0/inst/u_axi_slave/p_0_out__4_i_22/O
                         net (fo=7, routed)           0.228     6.750    design_1_i/top_controller_0/inst/u_axi_slave/p_0_out__4_i_22_n_0
    SLICE_X18Y63         LUT6 (Prop_A6LUT_SLICEL_I5_O)
                                                      0.039     6.789 r  design_1_i/top_controller_0/inst/u_axi_slave/p_0_out__4_i_18/O
                         net (fo=4, routed)           0.118     6.906    design_1_i/top_controller_0/inst/u_axi_slave/p_0_out__4_i_18_n_0
    SLICE_X18Y65         LUT6 (Prop_C6LUT_SLICEL_I5_O)
                                                      0.113     7.019 f  design_1_i/top_controller_0/inst/u_axi_slave/p_0_out__4_i_16/O
                         net (fo=3, routed)           0.058     7.077    design_1_i/top_controller_0/inst/u_axi_slave/p_0_out__4_i_16_n_0
    SLICE_X18Y65         LUT6 (Prop_D6LUT_SLICEL_I1_O)
                                                      0.039     7.116 r  design_1_i/top_controller_0/inst/u_axi_slave/p_0_out__4_i_14/O
                         net (fo=2, routed)           0.051     7.168    design_1_i/top_controller_0/inst/u_axi_slave/p_0_out__4_i_14_n_0
    SLICE_X18Y65         LUT4 (Prop_E6LUT_SLICEL_I3_O)
                                                      0.039     7.207 f  design_1_i/top_controller_0/inst/u_axi_slave/p_0_out__4_i_1/O
                         net (fo=19, routed)          0.349     7.555    design_1_i/top_controller_0/inst/u_preprocessor/p_0_out__4/A[12]
    DSP48E2_X1Y26        DSP_A_B_DATA (Prop_DSP_A_B_DATA_DSP48E2_A[12]_A2_DATA[12])
                                                      0.241     7.796 r  design_1_i/top_controller_0/inst/u_preprocessor/p_0_out__4/DSP_A_B_DATA_INST/A2_DATA[12]
                         net (fo=1, routed)           0.000     7.796    design_1_i/top_controller_0/inst/u_preprocessor/p_0_out__4/DSP_A_B_DATA.A2_DATA<12>
    DSP48E2_X1Y26        DSP_PREADD_DATA (Prop_DSP_PREADD_DATA_DSP48E2_A2_DATA[12]_A2A1[12])
                                                      0.098     7.894 r  design_1_i/top_controller_0/inst/u_preprocessor/p_0_out__4/DSP_PREADD_DATA_INST/A2A1[12]
                         net (fo=1, routed)           0.000     7.894    design_1_i/top_controller_0/inst/u_preprocessor/p_0_out__4/DSP_PREADD_DATA.A2A1<12>
    DSP48E2_X1Y26        DSP_MULTIPLIER (Prop_DSP_MULTIPLIER_DSP48E2_A2A1[12]_V[12])
                                                      0.648     8.542 f  design_1_i/top_controller_0/inst/u_preprocessor/p_0_out__4/DSP_MULTIPLIER_INST/V[12]
                         net (fo=1, routed)           0.000     8.542    design_1_i/top_controller_0/inst/u_preprocessor/p_0_out__4/DSP_MULTIPLIER.V<12>
    DSP48E2_X1Y26        DSP_M_DATA (Prop_DSP_M_DATA_DSP48E2_V[12]_V_DATA[12])
                                                      0.057     8.599 r  design_1_i/top_controller_0/inst/u_preprocessor/p_0_out__4/DSP_M_DATA_INST/V_DATA[12]
                         net (fo=1, routed)           0.000     8.599    design_1_i/top_controller_0/inst/u_preprocessor/p_0_out__4/DSP_M_DATA.V_DATA<12>
    DSP48E2_X1Y26        DSP_ALU (Prop_DSP_ALU_DSP48E2_V_DATA[12]_ALU_OUT[12])
                                                      0.688     9.287 r  design_1_i/top_controller_0/inst/u_preprocessor/p_0_out__4/DSP_ALU_INST/ALU_OUT[12]
                         net (fo=1, routed)           0.000     9.287    design_1_i/top_controller_0/inst/u_preprocessor/p_0_out__4/DSP_ALU.ALU_OUT<12>
    DSP48E2_X1Y26        DSP_OUTPUT (Prop_DSP_OUTPUT_DSP48E2_ALU_OUT[12]_P[12])
                                                      0.141     9.428 f  design_1_i/top_controller_0/inst/u_preprocessor/p_0_out__4/DSP_OUTPUT_INST/P[12]
                         net (fo=1, routed)           0.391     9.819    design_1_i/top_controller_0/inst/u_preprocessor/p_0_out__6/A[12]
    DSP48E2_X1Y27        DSP_A_B_DATA (Prop_DSP_A_B_DATA_DSP48E2_A[12]_A2_DATA[12])
                                                      0.241    10.060 r  design_1_i/top_controller_0/inst/u_preprocessor/p_0_out__6/DSP_A_B_DATA_INST/A2_DATA[12]
                         net (fo=1, routed)           0.000    10.060    design_1_i/top_controller_0/inst/u_preprocessor/p_0_out__6/DSP_A_B_DATA.A2_DATA<12>
    DSP48E2_X1Y27        DSP_PREADD_DATA (Prop_DSP_PREADD_DATA_DSP48E2_A2_DATA[12]_A2A1[12])
                                                      0.098    10.158 r  design_1_i/top_controller_0/inst/u_preprocessor/p_0_out__6/DSP_PREADD_DATA_INST/A2A1[12]
                         net (fo=1, routed)           0.000    10.158    design_1_i/top_controller_0/inst/u_preprocessor/p_0_out__6/DSP_PREADD_DATA.A2A1<12>
    DSP48E2_X1Y27        DSP_MULTIPLIER (Prop_DSP_MULTIPLIER_DSP48E2_A2A1[12]_U[21])
                                                      0.647    10.805 f  design_1_i/top_controller_0/inst/u_preprocessor/p_0_out__6/DSP_MULTIPLIER_INST/U[21]
                         net (fo=1, routed)           0.000    10.805    design_1_i/top_controller_0/inst/u_preprocessor/p_0_out__6/DSP_MULTIPLIER.U<21>
    DSP48E2_X1Y27        DSP_M_DATA (Prop_DSP_M_DATA_DSP48E2_U[21]_U_DATA[21])
                                                      0.059    10.864 r  design_1_i/top_controller_0/inst/u_preprocessor/p_0_out__6/DSP_M_DATA_INST/U_DATA[21]
                         net (fo=1, routed)           0.000    10.864    design_1_i/top_controller_0/inst/u_preprocessor/p_0_out__6/DSP_M_DATA.U_DATA<21>
    DSP48E2_X1Y27        DSP_ALU (Prop_DSP_ALU_DSP48E2_U_DATA[21]_ALU_OUT[21])
                                                      0.699    11.563 f  design_1_i/top_controller_0/inst/u_preprocessor/p_0_out__6/DSP_ALU_INST/ALU_OUT[21]
                         net (fo=1, routed)           0.000    11.563    design_1_i/top_controller_0/inst/u_preprocessor/p_0_out__6/DSP_ALU.ALU_OUT<21>
    DSP48E2_X1Y27        DSP_OUTPUT (Prop_DSP_OUTPUT_DSP48E2_ALU_OUT[21]_P[21])
                                                      0.141    11.704 r  design_1_i/top_controller_0/inst/u_preprocessor/p_0_out__6/DSP_OUTPUT_INST/P[21]
                         net (fo=4, routed)           0.261    11.965    design_1_i/top_controller_0/inst/u_preprocessor/grav_y[1]
    SLICE_X19Y67         LUT5 (Prop_B6LUT_SLICEM_I3_O)
                                                      0.150    12.115 r  design_1_i/top_controller_0/inst/u_preprocessor/pred_data_out[pred_accel_y_1][7]_i_15/O
                         net (fo=1, routed)           0.018    12.133    design_1_i/top_controller_0/inst/u_preprocessor/pred_data_out[pred_accel_y_1][7]_i_15_n_0
    SLICE_X19Y67         CARRY8 (Prop_CARRY8_SLICEM_S[1]_O[2])
                                                      0.148    12.281 r  design_1_i/top_controller_0/inst/u_preprocessor/pred_data_out_reg[pred_accel_y_1][7]_i_1/O[2]
                         net (fo=1, routed)           0.032    12.313    design_1_i/top_controller_0/inst/u_preprocessor/pred_data_out_reg[pred_accel_y_1][7]_i_1_n_13
    SLICE_X19Y67         FDRE                                         r  design_1_i/top_controller_0/inst/u_preprocessor/pred_data_out_reg[pred_accel_y_1][2]/D
  -------------------------------------------------------------------    -------------------

                         (clock clk_pl_0 rise edge)
                                                     11.250    11.250 r  
    PS8_X0Y0             PS8                          0.000    11.250 r  design_1_i/zynq_ultra_ps_e_0/inst/PS8_i/PLCLK[0]
                         net (fo=1, routed)           0.140    11.390    design_1_i/zynq_ultra_ps_e_0/inst/pl_clk_unbuffered[0]
    BUFG_PS_X0Y58        BUFG_PS (Prop_BUFG_PS_I_O)
                                                      0.027    11.417 r  design_1_i/zynq_ultra_ps_e_0/inst/buffer_pl_clk_0.PL_CLK_0_BUFG/O
    X0Y1 (CLOCK_ROOT)    net (fo=6524, routed)        1.559    12.976    design_1_i/top_controller_0/inst/u_preprocessor/S_AXI_ACLK
    SLICE_X19Y67         FDRE                                         r  design_1_i/top_controller_0/inst/u_preprocessor/pred_data_out_reg[pred_accel_y_1][2]/C
                         clock pessimism              0.107    13.083    
                         clock uncertainty           -0.182    12.901    
    SLICE_X19Y67         FDRE (Setup_CFF_SLICEM_C_D)
                                                      0.027    12.928    design_1_i/top_controller_0/inst/u_preprocessor/pred_data_out_reg[pred_accel_y_1][2]
  -------------------------------------------------------------------
                         required time                         12.928    
                         arrival time                         -12.313    
  -------------------------------------------------------------------
                         slack                                  0.615    

Slack (MET) :             0.649ns  (required time - arrival time)
  Source:                 design_1_i/top_controller_0/inst/u_axi_slave/slv_reg3_reg[0]/C
                            (rising edge-triggered cell FDRE clocked by clk_pl_0  {rise@0.000ns fall@5.625ns period=11.250ns})
  Destination:            design_1_i/top_controller_0/inst/u_preprocessor/pred_data_out_reg[pred_accel_z_1][8]/D
                            (rising edge-triggered cell FDRE clocked by clk_pl_0  {rise@0.000ns fall@5.625ns period=11.250ns})
  Path Group:             clk_pl_0
  Path Type:              Setup (Max at Slow Process Corner)
  Requirement:            11.250ns  (clk_pl_0 rise@11.250ns - clk_pl_0 rise@0.000ns)
  Data Path Delay:        10.325ns  (logic 7.219ns (69.921%)  route 3.106ns (30.079%))
  Logic Levels:           31  (CARRY8=5 DSP_A_B_DATA=3 DSP_ALU=3 DSP_M_DATA=3 DSP_MULTIPLIER=3 DSP_OUTPUT=3 DSP_PREADD_DATA=3 LUT2=2 LUT3=1 LUT5=1 LUT6=4)
  Clock Path Skew:        -0.121ns (DCD - SCD + CPR)
    Destination Clock Delay (DCD):    1.736ns = ( 12.986 - 11.250 ) 
    Source Clock Delay      (SCD):    2.018ns
    Clock Pessimism Removal (CPR):    0.161ns
  Clock Uncertainty:      0.182ns  ((TSJ^2 + DJ^2)^1/2) / 2 + PE
    Total System Jitter     (TSJ):    0.071ns
    Discrete Jitter          (DJ):    0.356ns
    Phase Error              (PE):    0.000ns
  Clock Net Delay (Source):      1.811ns (routing 0.638ns, distribution 1.173ns)
  Clock Net Delay (Destination): 1.569ns (routing 0.576ns, distribution 0.993ns)

    Location             Delay type                Incr(ns)  Path(ns)    Netlist Resource(s)
  -------------------------------------------------------------------    -------------------
                         (clock clk_pl_0 rise edge)
                                                      0.000     0.000 r  
    PS8_X0Y0             PS8                          0.000     0.000 r  design_1_i/zynq_ultra_ps_e_0/inst/PS8_i/PLCLK[0]
                         net (fo=1, routed)           0.178     0.178    design_1_i/zynq_ultra_ps_e_0/inst/pl_clk_unbuffered[0]
    BUFG_PS_X0Y58        BUFG_PS (Prop_BUFG_PS_I_O)
                                                      0.029     0.207 r  design_1_i/zynq_ultra_ps_e_0/inst/buffer_pl_clk_0.PL_CLK_0_BUFG/O
    X0Y1 (CLOCK_ROOT)    net (fo=6524, routed)        1.811     2.018    design_1_i/top_controller_0/inst/u_axi_slave/S_AXI_ACLK
    SLICE_X20Y57         FDRE                                         r  design_1_i/top_controller_0/inst/u_axi_slave/slv_reg3_reg[0]/C
  -------------------------------------------------------------------    -------------------
    SLICE_X20Y57         FDRE (Prop_FFF_SLICEM_C_Q)
                                                      0.094     2.112 r  design_1_i/top_controller_0/inst/u_axi_slave/slv_reg3_reg[0]/Q
                         net (fo=14, routed)          0.183     2.295    design_1_i/top_controller_0/inst/u_axi_slave/Q[0]
    SLICE_X22Y58         LUT3 (Prop_E6LUT_SLICEL_I2_O)
                                                      0.039     2.334 r  design_1_i/top_controller_0/inst/u_axi_slave/p_0_out__3_i_13/O
                         net (fo=4, routed)           0.120     2.454    design_1_i/top_controller_0/inst/u_axi_slave/p_0_out__3_i_13_n_0
    SLICE_X20Y58         LUT6 (Prop_A6LUT_SLICEM_I3_O)
                                                      0.064     2.518 r  design_1_i/top_controller_0/inst/u_axi_slave/g0_b0__3_i_13/O
                         net (fo=2, routed)           0.114     2.632    design_1_i/top_controller_0/inst/u_axi_slave/g0_b0__3_i_13_n_0
    SLICE_X20Y58         LUT6 (Prop_H6LUT_SLICEM_I4_O)
                                                      0.041     2.673 f  design_1_i/top_controller_0/inst/u_axi_slave/consistency_cnt[31]_i_20__12/O
                         net (fo=3, routed)           0.196     2.869    design_1_i/top_controller_0/inst/u_axi_slave/consistency_cnt[31]_i_20__12_n_0
    SLICE_X20Y59         LUT6 (Prop_D6LUT_SLICEM_I5_O)
                                                      0.038     2.907 f  design_1_i/top_controller_0/inst/u_axi_slave/g0_b0__3_i_7/O
                         net (fo=11, routed)          0.074     2.981    design_1_i/top_controller_0/inst/u_axi_slave/g0_b0__3_i_7_n_0
    SLICE_X20Y59         LUT2 (Prop_A6LUT_SLICEM_I1_O)
                                                      0.064     3.045 r  design_1_i/top_controller_0/inst/u_axi_slave/g0_b0__3_i_4/O
                         net (fo=88, routed)          0.240     3.285    design_1_i/top_controller_0/inst/u_axi_slave_n_54
    SLICE_X21Y58         LUT5 (Prop_H5LUT_SLICEL_I3_O)
                                                      0.195     3.480 r  design_1_i/top_controller_0/inst/g0_b7__10/O
                         net (fo=2, routed)           0.310     3.790    design_1_i/top_controller_0/inst/u_axi_slave/p_0_out__9_i_1_1[7]
    SLICE_X21Y56         CARRY8 (Prop_CARRY8_SLICEL_DI[7]_CO[7])
                                                      0.068     3.858 r  design_1_i/top_controller_0/inst/u_axi_slave/p_0_out__9_i_2/CO[7]
                         net (fo=1, routed)           0.028     3.886    design_1_i/top_controller_0/inst/u_axi_slave/p_0_out__9_i_2_n_0
    SLICE_X21Y57         CARRY8 (Prop_CARRY8_SLICEL_CI_O[1])
                                                      0.097     3.983 f  design_1_i/top_controller_0/inst/u_axi_slave/p_0_out__9_i_1/O[1]
                         net (fo=1, routed)           0.350     4.333    design_1_i/top_controller_0/inst/u_preprocessor/p_0_out__9/A[9]
    DSP48E2_X1Y22        DSP_A_B_DATA (Prop_DSP_A_B_DATA_DSP48E2_A[9]_A2_DATA[9])
                                                      0.241     4.574 r  design_1_i/top_controller_0/inst/u_preprocessor/p_0_out__9/DSP_A_B_DATA_INST/A2_DATA[9]
                         net (fo=1, routed)           0.000     4.574    design_1_i/top_controller_0/inst/u_preprocessor/p_0_out__9/DSP_A_B_DATA.A2_DATA<9>
    DSP48E2_X1Y22        DSP_PREADD_DATA (Prop_DSP_PREADD_DATA_DSP48E2_A2_DATA[9]_A2A1[9])
                                                      0.098     4.672 r  design_1_i/top_controller_0/inst/u_preprocessor/p_0_out__9/DSP_PREADD_DATA_INST/A2A1[9]
                         net (fo=1, routed)           0.000     4.672    design_1_i/top_controller_0/inst/u_preprocessor/p_0_out__9/DSP_PREADD_DATA.A2A1<9>
    DSP48E2_X1Y22        DSP_MULTIPLIER (Prop_DSP_MULTIPLIER_DSP48E2_A2A1[9]_V[9])
                                                      0.648     5.320 f  design_1_i/top_controller_0/inst/u_preprocessor/p_0_out__9/DSP_MULTIPLIER_INST/V[9]
                         net (fo=1, routed)           0.000     5.320    design_1_i/top_controller_0/inst/u_preprocessor/p_0_out__9/DSP_MULTIPLIER.V<9>
    DSP48E2_X1Y22        DSP_M_DATA (Prop_DSP_M_DATA_DSP48E2_V[9]_V_DATA[9])
                                                      0.057     5.377 r  design_1_i/top_controller_0/inst/u_preprocessor/p_0_out__9/DSP_M_DATA_INST/V_DATA[9]
                         net (fo=1, routed)           0.000     5.377    design_1_i/top_controller_0/inst/u_preprocessor/p_0_out__9/DSP_M_DATA.V_DATA<9>
    DSP48E2_X1Y22        DSP_ALU (Prop_DSP_ALU_DSP48E2_V_DATA[9]_ALU_OUT[9])
                                                      0.688     6.065 f  design_1_i/top_controller_0/inst/u_preprocessor/p_0_out__9/DSP_ALU_INST/ALU_OUT[9]
                         net (fo=1, routed)           0.000     6.065    design_1_i/top_controller_0/inst/u_preprocessor/p_0_out__9/DSP_ALU.ALU_OUT<9>
    DSP48E2_X1Y22        DSP_OUTPUT (Prop_DSP_OUTPUT_DSP48E2_ALU_OUT[9]_P[9])
                                                      0.141     6.206 r  design_1_i/top_controller_0/inst/u_preprocessor/p_0_out__9/DSP_OUTPUT_INST/P[9]
                         net (fo=1, routed)           0.189     6.395    design_1_i/top_controller_0/inst/u_preprocessor_n_28
    SLICE_X19Y56         LUT6 (Prop_C6LUT_SLICEM_I5_O)
                                                      0.174     6.569 r  design_1_i/top_controller_0/inst/g0_b2__10__0/O
                         net (fo=1, routed)           0.023     6.592    design_1_i/top_controller_0/inst/u_axi_slave/DSP_A_B_DATA_INST_17[2]
    SLICE_X19Y56         CARRY8 (Prop_CARRY8_SLICEM_S[2]_CO[7])
                                                      0.203     6.795 r  design_1_i/top_controller_0/inst/u_axi_slave/p_0_out__10_i_2/CO[7]
                         net (fo=1, routed)           0.028     6.823    design_1_i/top_controller_0/inst/u_axi_slave/p_0_out__10_i_2_n_0
    SLICE_X19Y57         CARRY8 (Prop_CARRY8_SLICEM_CI_O[3])
                                                      0.104     6.927 f  design_1_i/top_controller_0/inst/u_axi_slave/p_0_out__10_i_1/O[3]
                         net (fo=19, routed)          0.525     7.452    design_1_i/top_controller_0/inst/u_preprocessor/p_0_out__10/A[13]
    DSP48E2_X1Y20        DSP_A_B_DATA (Prop_DSP_A_B_DATA_DSP48E2_A[13]_A2_DATA[13])
                                                      0.241     7.693 r  design_1_i/top_controller_0/inst/u_preprocessor/p_0_out__10/DSP_A_B_DATA_INST/A2_DATA[13]
                         net (fo=1, routed)           0.000     7.693    design_1_i/top_controller_0/inst/u_preprocessor/p_0_out__10/DSP_A_B_DATA.A2_DATA<13>
    DSP48E2_X1Y20        DSP_PREADD_DATA (Prop_DSP_PREADD_DATA_DSP48E2_A2_DATA[13]_A2A1[13])
                                                      0.098     7.791 r  design_1_i/top_controller_0/inst/u_preprocessor/p_0_out__10/DSP_PREADD_DATA_INST/A2A1[13]
                         net (fo=1, routed)           0.000     7.791    design_1_i/top_controller_0/inst/u_preprocessor/p_0_out__10/DSP_PREADD_DATA.A2A1<13>
    DSP48E2_X1Y20        DSP_MULTIPLIER (Prop_DSP_MULTIPLIER_DSP48E2_A2A1[13]_U[22])
                                                      0.647     8.438 f  design_1_i/top_controller_0/inst/u_preprocessor/p_0_out__10/DSP_MULTIPLIER_INST/U[22]
                         net (fo=1, routed)           0.000     8.438    design_1_i/top_controller_0/inst/u_preprocessor/p_0_out__10/DSP_MULTIPLIER.U<22>
    DSP48E2_X1Y20        DSP_M_DATA (Prop_DSP_M_DATA_DSP48E2_U[22]_U_DATA[22])
                                                      0.059     8.497 r  design_1_i/top_controller_0/inst/u_preprocessor/p_0_out__10/DSP_M_DATA_INST/U_DATA[22]
                         net (fo=1, routed)           0.000     8.497    design_1_i/top_controller_0/inst/u_preprocessor/p_0_out__10/DSP_M_DATA.U_DATA<22>
    DSP48E2_X1Y20        DSP_ALU (Prop_DSP_ALU_DSP48E2_U_DATA[22]_ALU_OUT[22])
                                                      0.699     9.196 r  design_1_i/top_controller_0/inst/u_preprocessor/p_0_out__10/DSP_ALU_INST/ALU_OUT[22]
                         net (fo=1, routed)           0.000     9.196    design_1_i/top_controller_0/inst/u_preprocessor/p_0_out__10/DSP_ALU.ALU_OUT<22>
    DSP48E2_X1Y20        DSP_OUTPUT (Prop_DSP_OUTPUT_DSP48E2_ALU_OUT[22]_P[22])
                                                      0.141     9.337 f  design_1_i/top_controller_0/inst/u_preprocessor/p_0_out__10/DSP_OUTPUT_INST/P[22]
                         net (fo=8, routed)           0.334     9.671    design_1_i/top_controller_0/inst/u_preprocessor/p_0_out__11/A[22]
    DSP48E2_X1Y21        DSP_A_B_DATA (Prop_DSP_A_B_DATA_DSP48E2_A[22]_A2_DATA[22])
                                                      0.241     9.912 r  design_1_i/top_controller_0/inst/u_preprocessor/p_0_out__11/DSP_A_B_DATA_INST/A2_DATA[22]
                         net (fo=1, routed)           0.000     9.912    design_1_i/top_controller_0/inst/u_preprocessor/p_0_out__11/DSP_A_B_DATA.A2_DATA<22>
    DSP48E2_X1Y21        DSP_PREADD_DATA (Prop_DSP_PREADD_DATA_DSP48E2_A2_DATA[22]_A2A1[22])
                                                      0.098    10.010 r  design_1_i/top_controller_0/inst/u_preprocessor/p_0_out__11/DSP_PREADD_DATA_INST/A2A1[22]
                         net (fo=1, routed)           0.000    10.010    design_1_i/top_controller_0/inst/u_preprocessor/p_0_out__11/DSP_PREADD_DATA.A2A1<22>
    DSP48E2_X1Y21        DSP_MULTIPLIER (Prop_DSP_MULTIPLIER_DSP48E2_A2A1[22]_V[22])
                                                      0.648    10.658 f  design_1_i/top_controller_0/inst/u_preprocessor/p_0_out__11/DSP_MULTIPLIER_INST/V[22]
                         net (fo=1, routed)           0.000    10.658    design_1_i/top_controller_0/inst/u_preprocessor/p_0_out__11/DSP_MULTIPLIER.V<22>
    DSP48E2_X1Y21        DSP_M_DATA (Prop_DSP_M_DATA_DSP48E2_V[22]_V_DATA[22])
                                                      0.057    10.715 r  design_1_i/top_controller_0/inst/u_preprocessor/p_0_out__11/DSP_M_DATA_INST/V_DATA[22]
                         net (fo=1, routed)           0.000    10.715    design_1_i/top_controller_0/inst/u_preprocessor/p_0_out__11/DSP_M_DATA.V_DATA<22>
    DSP48E2_X1Y21        DSP_ALU (Prop_DSP_ALU_DSP48E2_V_DATA[22]_ALU_OUT[22])
                                                      0.688    11.403 f  design_1_i/top_controller_0/inst/u_preprocessor/p_0_out__11/DSP_ALU_INST/ALU_OUT[22]
                         net (fo=1, routed)           0.000    11.403    design_1_i/top_controller_0/inst/u_preprocessor/p_0_out__11/DSP_ALU.ALU_OUT<22>
    DSP48E2_X1Y21        DSP_OUTPUT (Prop_DSP_OUTPUT_DSP48E2_ALU_OUT[22]_P[22])
                                                      0.141    11.544 r  design_1_i/top_controller_0/inst/u_preprocessor/p_0_out__11/DSP_OUTPUT_INST/P[22]
                         net (fo=2, routed)           0.350    11.895    design_1_i/top_controller_0/inst/u_preprocessor/grav_z[2]
    SLICE_X18Y56         LUT2 (Prop_B6LUT_SLICEL_I1_O)
                                                      0.115    12.010 r  design_1_i/top_controller_0/inst/u_preprocessor/pred_data_out[pred_accel_z_1][8]_i_9/O
                         net (fo=1, routed)           0.010    12.020    design_1_i/top_controller_0/inst/u_preprocessor/pred_data_out[pred_accel_z_1][8]_i_9_n_0
    SLICE_X18Y56         CARRY8 (Prop_CARRY8_SLICEL_S[1]_O[7])
                                                      0.292    12.312 r  design_1_i/top_controller_0/inst/u_preprocessor/pred_data_out_reg[pred_accel_z_1][8]_i_1/O[7]
                         net (fo=1, routed)           0.031    12.343    design_1_i/top_controller_0/inst/u_preprocessor/pred_data_out_reg[pred_accel_z_1][8]_i_1_n_8
    SLICE_X18Y56         FDRE                                         r  design_1_i/top_controller_0/inst/u_preprocessor/pred_data_out_reg[pred_accel_z_1][8]/D
  -------------------------------------------------------------------    -------------------

                         (clock clk_pl_0 rise edge)
                                                     11.250    11.250 r  
    PS8_X0Y0             PS8                          0.000    11.250 r  design_1_i/zynq_ultra_ps_e_0/inst/PS8_i/PLCLK[0]
                         net (fo=1, routed)           0.140    11.390    design_1_i/zynq_ultra_ps_e_0/inst/pl_clk_unbuffered[0]
    BUFG_PS_X0Y58        BUFG_PS (Prop_BUFG_PS_I_O)
                                                      0.027    11.417 r  design_1_i/zynq_ultra_ps_e_0/inst/buffer_pl_clk_0.PL_CLK_0_BUFG/O
    X0Y1 (CLOCK_ROOT)    net (fo=6524, routed)        1.569    12.986    design_1_i/top_controller_0/inst/u_preprocessor/S_AXI_ACLK
    SLICE_X18Y56         FDRE                                         r  design_1_i/top_controller_0/inst/u_preprocessor/pred_data_out_reg[pred_accel_z_1][8]/C
                         clock pessimism              0.161    13.147    
                         clock uncertainty           -0.182    12.965    
    SLICE_X18Y56         FDRE (Setup_HFF_SLICEL_C_D)
                                                      0.027    12.992    design_1_i/top_controller_0/inst/u_preprocessor/pred_data_out_reg[pred_accel_z_1][8]
  -------------------------------------------------------------------
                         required time                         12.992    
                         arrival time                         -12.343    
  -------------------------------------------------------------------
                         slack                                  0.649    

Slack (MET) :             0.651ns  (required time - arrival time)
  Source:                 design_1_i/top_controller_0/inst/u_axi_slave/slv_reg3_reg[0]/C
                            (rising edge-triggered cell FDRE clocked by clk_pl_0  {rise@0.000ns fall@5.625ns period=11.250ns})
  Destination:            design_1_i/top_controller_0/inst/u_preprocessor/pred_data_out_reg[pred_accel_z_1][6]/D
                            (rising edge-triggered cell FDRE clocked by clk_pl_0  {rise@0.000ns fall@5.625ns period=11.250ns})
  Path Group:             clk_pl_0
  Path Type:              Setup (Max at Slow Process Corner)
  Requirement:            11.250ns  (clk_pl_0 rise@11.250ns - clk_pl_0 rise@0.000ns)
  Data Path Delay:        10.323ns  (logic 7.217ns (69.915%)  route 3.106ns (30.085%))
  Logic Levels:           31  (CARRY8=5 DSP_A_B_DATA=3 DSP_ALU=3 DSP_M_DATA=3 DSP_MULTIPLIER=3 DSP_OUTPUT=3 DSP_PREADD_DATA=3 LUT2=2 LUT3=1 LUT5=1 LUT6=4)
  Clock Path Skew:        -0.121ns (DCD - SCD + CPR)
    Destination Clock Delay (DCD):    1.736ns = ( 12.986 - 11.250 ) 
    Source Clock Delay      (SCD):    2.018ns
    Clock Pessimism Removal (CPR):    0.161ns
  Clock Uncertainty:      0.182ns  ((TSJ^2 + DJ^2)^1/2) / 2 + PE
    Total System Jitter     (TSJ):    0.071ns
    Discrete Jitter          (DJ):    0.356ns
    Phase Error              (PE):    0.000ns
  Clock Net Delay (Source):      1.811ns (routing 0.638ns, distribution 1.173ns)
  Clock Net Delay (Destination): 1.569ns (routing 0.576ns, distribution 0.993ns)

    Location             Delay type                Incr(ns)  Path(ns)    Netlist Resource(s)
  -------------------------------------------------------------------    -------------------
                         (clock clk_pl_0 rise edge)
                                                      0.000     0.000 r  
    PS8_X0Y0             PS8                          0.000     0.000 r  design_1_i/zynq_ultra_ps_e_0/inst/PS8_i/PLCLK[0]
                         net (fo=1, routed)           0.178     0.178    design_1_i/zynq_ultra_ps_e_0/inst/pl_clk_unbuffered[0]
    BUFG_PS_X0Y58        BUFG_PS (Prop_BUFG_PS_I_O)
                                                      0.029     0.207 r  design_1_i/zynq_ultra_ps_e_0/inst/buffer_pl_clk_0.PL_CLK_0_BUFG/O
    X0Y1 (CLOCK_ROOT)    net (fo=6524, routed)        1.811     2.018    design_1_i/top_controller_0/inst/u_axi_slave/S_AXI_ACLK
    SLICE_X20Y57         FDRE                                         r  design_1_i/top_controller_0/inst/u_axi_slave/slv_reg3_reg[0]/C
  -------------------------------------------------------------------    -------------------
    SLICE_X20Y57         FDRE (Prop_FFF_SLICEM_C_Q)
                                                      0.094     2.112 r  design_1_i/top_controller_0/inst/u_axi_slave/slv_reg3_reg[0]/Q
                         net (fo=14, routed)          0.183     2.295    design_1_i/top_controller_0/inst/u_axi_slave/Q[0]
    SLICE_X22Y58         LUT3 (Prop_E6LUT_SLICEL_I2_O)
                                                      0.039     2.334 r  design_1_i/top_controller_0/inst/u_axi_slave/p_0_out__3_i_13/O
                         net (fo=4, routed)           0.120     2.454    design_1_i/top_controller_0/inst/u_axi_slave/p_0_out__3_i_13_n_0
    SLICE_X20Y58         LUT6 (Prop_A6LUT_SLICEM_I3_O)
                                                      0.064     2.518 r  design_1_i/top_controller_0/inst/u_axi_slave/g0_b0__3_i_13/O
                         net (fo=2, routed)           0.114     2.632    design_1_i/top_controller_0/inst/u_axi_slave/g0_b0__3_i_13_n_0
    SLICE_X20Y58         LUT6 (Prop_H6LUT_SLICEM_I4_O)
                                                      0.041     2.673 f  design_1_i/top_controller_0/inst/u_axi_slave/consistency_cnt[31]_i_20__12/O
                         net (fo=3, routed)           0.196     2.869    design_1_i/top_controller_0/inst/u_axi_slave/consistency_cnt[31]_i_20__12_n_0
    SLICE_X20Y59         LUT6 (Prop_D6LUT_SLICEM_I5_O)
                                                      0.038     2.907 f  design_1_i/top_controller_0/inst/u_axi_slave/g0_b0__3_i_7/O
                         net (fo=11, routed)          0.074     2.981    design_1_i/top_controller_0/inst/u_axi_slave/g0_b0__3_i_7_n_0
    SLICE_X20Y59         LUT2 (Prop_A6LUT_SLICEM_I1_O)
                                                      0.064     3.045 r  design_1_i/top_controller_0/inst/u_axi_slave/g0_b0__3_i_4/O
                         net (fo=88, routed)          0.240     3.285    design_1_i/top_controller_0/inst/u_axi_slave_n_54
    SLICE_X21Y58         LUT5 (Prop_H5LUT_SLICEL_I3_O)
                                                      0.195     3.480 r  design_1_i/top_controller_0/inst/g0_b7__10/O
                         net (fo=2, routed)           0.310     3.790    design_1_i/top_controller_0/inst/u_axi_slave/p_0_out__9_i_1_1[7]
    SLICE_X21Y56         CARRY8 (Prop_CARRY8_SLICEL_DI[7]_CO[7])
                                                      0.068     3.858 r  design_1_i/top_controller_0/inst/u_axi_slave/p_0_out__9_i_2/CO[7]
                         net (fo=1, routed)           0.028     3.886    design_1_i/top_controller_0/inst/u_axi_slave/p_0_out__9_i_2_n_0
    SLICE_X21Y57         CARRY8 (Prop_CARRY8_SLICEL_CI_O[1])
                                                      0.097     3.983 f  design_1_i/top_controller_0/inst/u_axi_slave/p_0_out__9_i_1/O[1]
                         net (fo=1, routed)           0.350     4.333    design_1_i/top_controller_0/inst/u_preprocessor/p_0_out__9/A[9]
    DSP48E2_X1Y22        DSP_A_B_DATA (Prop_DSP_A_B_DATA_DSP48E2_A[9]_A2_DATA[9])
                                                      0.241     4.574 r  design_1_i/top_controller_0/inst/u_preprocessor/p_0_out__9/DSP_A_B_DATA_INST/A2_DATA[9]
                         net (fo=1, routed)           0.000     4.574    design_1_i/top_controller_0/inst/u_preprocessor/p_0_out__9/DSP_A_B_DATA.A2_DATA<9>
    DSP48E2_X1Y22        DSP_PREADD_DATA (Prop_DSP_PREADD_DATA_DSP48E2_A2_DATA[9]_A2A1[9])
                                                      0.098     4.672 r  design_1_i/top_controller_0/inst/u_preprocessor/p_0_out__9/DSP_PREADD_DATA_INST/A2A1[9]
                         net (fo=1, routed)           0.000     4.672    design_1_i/top_controller_0/inst/u_preprocessor/p_0_out__9/DSP_PREADD_DATA.A2A1<9>
    DSP48E2_X1Y22        DSP_MULTIPLIER (Prop_DSP_MULTIPLIER_DSP48E2_A2A1[9]_V[9])
                                                      0.648     5.320 f  design_1_i/top_controller_0/inst/u_preprocessor/p_0_out__9/DSP_MULTIPLIER_INST/V[9]
                         net (fo=1, routed)           0.000     5.320    design_1_i/top_controller_0/inst/u_preprocessor/p_0_out__9/DSP_MULTIPLIER.V<9>
    DSP48E2_X1Y22        DSP_M_DATA (Prop_DSP_M_DATA_DSP48E2_V[9]_V_DATA[9])
                                                      0.057     5.377 r  design_1_i/top_controller_0/inst/u_preprocessor/p_0_out__9/DSP_M_DATA_INST/V_DATA[9]
                         net (fo=1, routed)           0.000     5.377    design_1_i/top_controller_0/inst/u_preprocessor/p_0_out__9/DSP_M_DATA.V_DATA<9>
    DSP48E2_X1Y22        DSP_ALU (Prop_DSP_ALU_DSP48E2_V_DATA[9]_ALU_OUT[9])
                                                      0.688     6.065 f  design_1_i/top_controller_0/inst/u_preprocessor/p_0_out__9/DSP_ALU_INST/ALU_OUT[9]
                         net (fo=1, routed)           0.000     6.065    design_1_i/top_controller_0/inst/u_preprocessor/p_0_out__9/DSP_ALU.ALU_OUT<9>
    DSP48E2_X1Y22        DSP_OUTPUT (Prop_DSP_OUTPUT_DSP48E2_ALU_OUT[9]_P[9])
                                                      0.141     6.206 r  design_1_i/top_controller_0/inst/u_preprocessor/p_0_out__9/DSP_OUTPUT_INST/P[9]
                         net (fo=1, routed)           0.189     6.395    design_1_i/top_controller_0/inst/u_preprocessor_n_28
    SLICE_X19Y56         LUT6 (Prop_C6LUT_SLICEM_I5_O)
                                                      0.174     6.569 r  design_1_i/top_controller_0/inst/g0_b2__10__0/O
                         net (fo=1, routed)           0.023     6.592    design_1_i/top_controller_0/inst/u_axi_slave/DSP_A_B_DATA_INST_17[2]
    SLICE_X19Y56         CARRY8 (Prop_CARRY8_SLICEM_S[2]_CO[7])
                                                      0.203     6.795 r  design_1_i/top_controller_0/inst/u_axi_slave/p_0_out__10_i_2/CO[7]
                         net (fo=1, routed)           0.028     6.823    design_1_i/top_controller_0/inst/u_axi_slave/p_0_out__10_i_2_n_0
    SLICE_X19Y57         CARRY8 (Prop_CARRY8_SLICEM_CI_O[3])
                                                      0.104     6.927 f  design_1_i/top_controller_0/inst/u_axi_slave/p_0_out__10_i_1/O[3]
                         net (fo=19, routed)          0.525     7.452    design_1_i/top_controller_0/inst/u_preprocessor/p_0_out__10/A[13]
    DSP48E2_X1Y20        DSP_A_B_DATA (Prop_DSP_A_B_DATA_DSP48E2_A[13]_A2_DATA[13])
                                                      0.241     7.693 r  design_1_i/top_controller_0/inst/u_preprocessor/p_0_out__10/DSP_A_B_DATA_INST/A2_DATA[13]
                         net (fo=1, routed)           0.000     7.693    design_1_i/top_controller_0/inst/u_preprocessor/p_0_out__10/DSP_A_B_DATA.A2_DATA<13>
    DSP48E2_X1Y20        DSP_PREADD_DATA (Prop_DSP_PREADD_DATA_DSP48E2_A2_DATA[13]_A2A1[13])
                                                      0.098     7.791 r  design_1_i/top_controller_0/inst/u_preprocessor/p_0_out__10/DSP_PREADD_DATA_INST/A2A1[13]
                         net (fo=1, routed)           0.000     7.791    design_1_i/top_controller_0/inst/u_preprocessor/p_0_out__10/DSP_PREADD_DATA.A2A1<13>
    DSP48E2_X1Y20        DSP_MULTIPLIER (Prop_DSP_MULTIPLIER_DSP48E2_A2A1[13]_U[22])
                                                      0.647     8.438 f  design_1_i/top_controller_0/inst/u_preprocessor/p_0_out__10/DSP_MULTIPLIER_INST/U[22]
                         net (fo=1, routed)           0.000     8.438    design_1_i/top_controller_0/inst/u_preprocessor/p_0_out__10/DSP_MULTIPLIER.U<22>
    DSP48E2_X1Y20        DSP_M_DATA (Prop_DSP_M_DATA_DSP48E2_U[22]_U_DATA[22])
                                                      0.059     8.497 r  design_1_i/top_controller_0/inst/u_preprocessor/p_0_out__10/DSP_M_DATA_INST/U_DATA[22]
                         net (fo=1, routed)           0.000     8.497    design_1_i/top_controller_0/inst/u_preprocessor/p_0_out__10/DSP_M_DATA.U_DATA<22>
    DSP48E2_X1Y20        DSP_ALU (Prop_DSP_ALU_DSP48E2_U_DATA[22]_ALU_OUT[22])
                                                      0.699     9.196 r  design_1_i/top_controller_0/inst/u_preprocessor/p_0_out__10/DSP_ALU_INST/ALU_OUT[22]
                         net (fo=1, routed)           0.000     9.196    design_1_i/top_controller_0/inst/u_preprocessor/p_0_out__10/DSP_ALU.ALU_OUT<22>
    DSP48E2_X1Y20        DSP_OUTPUT (Prop_DSP_OUTPUT_DSP48E2_ALU_OUT[22]_P[22])
                                                      0.141     9.337 f  design_1_i/top_controller_0/inst/u_preprocessor/p_0_out__10/DSP_OUTPUT_INST/P[22]
                         net (fo=8, routed)           0.334     9.671    design_1_i/top_controller_0/inst/u_preprocessor/p_0_out__11/A[22]
    DSP48E2_X1Y21        DSP_A_B_DATA (Prop_DSP_A_B_DATA_DSP48E2_A[22]_A2_DATA[22])
                                                      0.241     9.912 r  design_1_i/top_controller_0/inst/u_preprocessor/p_0_out__11/DSP_A_B_DATA_INST/A2_DATA[22]
                         net (fo=1, routed)           0.000     9.912    design_1_i/top_controller_0/inst/u_preprocessor/p_0_out__11/DSP_A_B_DATA.A2_DATA<22>
    DSP48E2_X1Y21        DSP_PREADD_DATA (Prop_DSP_PREADD_DATA_DSP48E2_A2_DATA[22]_A2A1[22])
                                                      0.098    10.010 r  design_1_i/top_controller_0/inst/u_preprocessor/p_0_out__11/DSP_PREADD_DATA_INST/A2A1[22]
                         net (fo=1, routed)           0.000    10.010    design_1_i/top_controller_0/inst/u_preprocessor/p_0_out__11/DSP_PREADD_DATA.A2A1<22>
    DSP48E2_X1Y21        DSP_MULTIPLIER (Prop_DSP_MULTIPLIER_DSP48E2_A2A1[22]_V[22])
                                                      0.648    10.658 f  design_1_i/top_controller_0/inst/u_preprocessor/p_0_out__11/DSP_MULTIPLIER_INST/V[22]
                         net (fo=1, routed)           0.000    10.658    design_1_i/top_controller_0/inst/u_preprocessor/p_0_out__11/DSP_MULTIPLIER.V<22>
    DSP48E2_X1Y21        DSP_M_DATA (Prop_DSP_M_DATA_DSP48E2_V[22]_V_DATA[22])
                                                      0.057    10.715 r  design_1_i/top_controller_0/inst/u_preprocessor/p_0_out__11/DSP_M_DATA_INST/V_DATA[22]
                         net (fo=1, routed)           0.000    10.715    design_1_i/top_controller_0/inst/u_preprocessor/p_0_out__11/DSP_M_DATA.V_DATA<22>
    DSP48E2_X1Y21        DSP_ALU (Prop_DSP_ALU_DSP48E2_V_DATA[22]_ALU_OUT[22])
                                                      0.688    11.403 f  design_1_i/top_controller_0/inst/u_preprocessor/p_0_out__11/DSP_ALU_INST/ALU_OUT[22]
                         net (fo=1, routed)           0.000    11.403    design_1_i/top_controller_0/inst/u_preprocessor/p_0_out__11/DSP_ALU.ALU_OUT<22>
    DSP48E2_X1Y21        DSP_OUTPUT (Prop_DSP_OUTPUT_DSP48E2_ALU_OUT[22]_P[22])
                                                      0.141    11.544 r  design_1_i/top_controller_0/inst/u_preprocessor/p_0_out__11/DSP_OUTPUT_INST/P[22]
                         net (fo=2, routed)           0.350    11.895    design_1_i/top_controller_0/inst/u_preprocessor/grav_z[2]
    SLICE_X18Y56         LUT2 (Prop_B6LUT_SLICEL_I1_O)
                                                      0.115    12.010 r  design_1_i/top_controller_0/inst/u_preprocessor/pred_data_out[pred_accel_z_1][8]_i_9/O
                         net (fo=1, routed)           0.010    12.020    design_1_i/top_controller_0/inst/u_preprocessor/pred_data_out[pred_accel_z_1][8]_i_9_n_0
    SLICE_X18Y56         CARRY8 (Prop_CARRY8_SLICEL_S[1]_O[5])
                                                      0.290    12.310 r  design_1_i/top_controller_0/inst/u_preprocessor/pred_data_out_reg[pred_accel_z_1][8]_i_1/O[5]
                         net (fo=1, routed)           0.031    12.341    design_1_i/top_controller_0/inst/u_preprocessor/pred_data_out_reg[pred_accel_z_1][8]_i_1_n_10
    SLICE_X18Y56         FDRE                                         r  design_1_i/top_controller_0/inst/u_preprocessor/pred_data_out_reg[pred_accel_z_1][6]/D
  -------------------------------------------------------------------    -------------------

                         (clock clk_pl_0 rise edge)
                                                     11.250    11.250 r  
    PS8_X0Y0             PS8                          0.000    11.250 r  design_1_i/zynq_ultra_ps_e_0/inst/PS8_i/PLCLK[0]
                         net (fo=1, routed)           0.140    11.390    design_1_i/zynq_ultra_ps_e_0/inst/pl_clk_unbuffered[0]
    BUFG_PS_X0Y58        BUFG_PS (Prop_BUFG_PS_I_O)
                                                      0.027    11.417 r  design_1_i/zynq_ultra_ps_e_0/inst/buffer_pl_clk_0.PL_CLK_0_BUFG/O
    X0Y1 (CLOCK_ROOT)    net (fo=6524, routed)        1.569    12.986    design_1_i/top_controller_0/inst/u_preprocessor/S_AXI_ACLK
    SLICE_X18Y56         FDRE                                         r  design_1_i/top_controller_0/inst/u_preprocessor/pred_data_out_reg[pred_accel_z_1][6]/C
                         clock pessimism              0.161    13.147    
                         clock uncertainty           -0.182    12.965    
    SLICE_X18Y56         FDRE (Setup_FFF_SLICEL_C_D)
                                                      0.027    12.992    design_1_i/top_controller_0/inst/u_preprocessor/pred_data_out_reg[pred_accel_z_1][6]
  -------------------------------------------------------------------
                         required time                         12.992    
                         arrival time                         -12.341    
  -------------------------------------------------------------------
                         slack                                  0.651    

Slack (MET) :             0.666ns  (required time - arrival time)
  Source:                 design_1_i/top_controller_0/inst/u_axi_slave/slv_reg3_reg[0]/C
                            (rising edge-triggered cell FDRE clocked by clk_pl_0  {rise@0.000ns fall@5.625ns period=11.250ns})
  Destination:            design_1_i/top_controller_0/inst/u_preprocessor/pred_data_out_reg[pred_accel_z_1][7]/D
                            (rising edge-triggered cell FDRE clocked by clk_pl_0  {rise@0.000ns fall@5.625ns period=11.250ns})
  Path Group:             clk_pl_0
  Path Type:              Setup (Max at Slow Process Corner)
  Requirement:            11.250ns  (clk_pl_0 rise@11.250ns - clk_pl_0 rise@0.000ns)
  Data Path Delay:        10.308ns  (logic 7.201ns (69.861%)  route 3.107ns (30.139%))
  Logic Levels:           31  (CARRY8=5 DSP_A_B_DATA=3 DSP_ALU=3 DSP_M_DATA=3 DSP_MULTIPLIER=3 DSP_OUTPUT=3 DSP_PREADD_DATA=3 LUT2=2 LUT3=1 LUT5=1 LUT6=4)
  Clock Path Skew:        -0.121ns (DCD - SCD + CPR)
    Destination Clock Delay (DCD):    1.736ns = ( 12.986 - 11.250 ) 
    Source Clock Delay      (SCD):    2.018ns
    Clock Pessimism Removal (CPR):    0.161ns
  Clock Uncertainty:      0.182ns  ((TSJ^2 + DJ^2)^1/2) / 2 + PE
    Total System Jitter     (TSJ):    0.071ns
    Discrete Jitter          (DJ):    0.356ns
    Phase Error              (PE):    0.000ns
  Clock Net Delay (Source):      1.811ns (routing 0.638ns, distribution 1.173ns)
  Clock Net Delay (Destination): 1.569ns (routing 0.576ns, distribution 0.993ns)

    Location             Delay type                Incr(ns)  Path(ns)    Netlist Resource(s)
  -------------------------------------------------------------------    -------------------
                         (clock clk_pl_0 rise edge)
                                                      0.000     0.000 r  
    PS8_X0Y0             PS8                          0.000     0.000 r  design_1_i/zynq_ultra_ps_e_0/inst/PS8_i/PLCLK[0]
                         net (fo=1, routed)           0.178     0.178    design_1_i/zynq_ultra_ps_e_0/inst/pl_clk_unbuffered[0]
    BUFG_PS_X0Y58        BUFG_PS (Prop_BUFG_PS_I_O)
                                                      0.029     0.207 r  design_1_i/zynq_ultra_ps_e_0/inst/buffer_pl_clk_0.PL_CLK_0_BUFG/O
    X0Y1 (CLOCK_ROOT)    net (fo=6524, routed)        1.811     2.018    design_1_i/top_controller_0/inst/u_axi_slave/S_AXI_ACLK
    SLICE_X20Y57         FDRE                                         r  design_1_i/top_controller_0/inst/u_axi_slave/slv_reg3_reg[0]/C
  -------------------------------------------------------------------    -------------------
    SLICE_X20Y57         FDRE (Prop_FFF_SLICEM_C_Q)
                                                      0.094     2.112 r  design_1_i/top_controller_0/inst/u_axi_slave/slv_reg3_reg[0]/Q
                         net (fo=14, routed)          0.183     2.295    design_1_i/top_controller_0/inst/u_axi_slave/Q[0]
    SLICE_X22Y58         LUT3 (Prop_E6LUT_SLICEL_I2_O)
                                                      0.039     2.334 r  design_1_i/top_controller_0/inst/u_axi_slave/p_0_out__3_i_13/O
                         net (fo=4, routed)           0.120     2.454    design_1_i/top_controller_0/inst/u_axi_slave/p_0_out__3_i_13_n_0
    SLICE_X20Y58         LUT6 (Prop_A6LUT_SLICEM_I3_O)
                                                      0.064     2.518 r  design_1_i/top_controller_0/inst/u_axi_slave/g0_b0__3_i_13/O
                         net (fo=2, routed)           0.114     2.632    design_1_i/top_controller_0/inst/u_axi_slave/g0_b0__3_i_13_n_0
    SLICE_X20Y58         LUT6 (Prop_H6LUT_SLICEM_I4_O)
                                                      0.041     2.673 f  design_1_i/top_controller_0/inst/u_axi_slave/consistency_cnt[31]_i_20__12/O
                         net (fo=3, routed)           0.196     2.869    design_1_i/top_controller_0/inst/u_axi_slave/consistency_cnt[31]_i_20__12_n_0
    SLICE_X20Y59         LUT6 (Prop_D6LUT_SLICEM_I5_O)
                                                      0.038     2.907 f  design_1_i/top_controller_0/inst/u_axi_slave/g0_b0__3_i_7/O
                         net (fo=11, routed)          0.074     2.981    design_1_i/top_controller_0/inst/u_axi_slave/g0_b0__3_i_7_n_0
    SLICE_X20Y59         LUT2 (Prop_A6LUT_SLICEM_I1_O)
                                                      0.064     3.045 r  design_1_i/top_controller_0/inst/u_axi_slave/g0_b0__3_i_4/O
                         net (fo=88, routed)          0.240     3.285    design_1_i/top_controller_0/inst/u_axi_slave_n_54
    SLICE_X21Y58         LUT5 (Prop_H5LUT_SLICEL_I3_O)
                                                      0.195     3.480 r  design_1_i/top_controller_0/inst/g0_b7__10/O
                         net (fo=2, routed)           0.310     3.790    design_1_i/top_controller_0/inst/u_axi_slave/p_0_out__9_i_1_1[7]
    SLICE_X21Y56         CARRY8 (Prop_CARRY8_SLICEL_DI[7]_CO[7])
                                                      0.068     3.858 r  design_1_i/top_controller_0/inst/u_axi_slave/p_0_out__9_i_2/CO[7]
                         net (fo=1, routed)           0.028     3.886    design_1_i/top_controller_0/inst/u_axi_slave/p_0_out__9_i_2_n_0
    SLICE_X21Y57         CARRY8 (Prop_CARRY8_SLICEL_CI_O[1])
                                                      0.097     3.983 f  design_1_i/top_controller_0/inst/u_axi_slave/p_0_out__9_i_1/O[1]
                         net (fo=1, routed)           0.350     4.333    design_1_i/top_controller_0/inst/u_preprocessor/p_0_out__9/A[9]
    DSP48E2_X1Y22        DSP_A_B_DATA (Prop_DSP_A_B_DATA_DSP48E2_A[9]_A2_DATA[9])
                                                      0.241     4.574 r  design_1_i/top_controller_0/inst/u_preprocessor/p_0_out__9/DSP_A_B_DATA_INST/A2_DATA[9]
                         net (fo=1, routed)           0.000     4.574    design_1_i/top_controller_0/inst/u_preprocessor/p_0_out__9/DSP_A_B_DATA.A2_DATA<9>
    DSP48E2_X1Y22        DSP_PREADD_DATA (Prop_DSP_PREADD_DATA_DSP48E2_A2_DATA[9]_A2A1[9])
                                                      0.098     4.672 r  design_1_i/top_controller_0/inst/u_preprocessor/p_0_out__9/DSP_PREADD_DATA_INST/A2A1[9]
                         net (fo=1, routed)           0.000     4.672    design_1_i/top_controller_0/inst/u_preprocessor/p_0_out__9/DSP_PREADD_DATA.A2A1<9>
    DSP48E2_X1Y22        DSP_MULTIPLIER (Prop_DSP_MULTIPLIER_DSP48E2_A2A1[9]_V[9])
                                                      0.648     5.320 f  design_1_i/top_controller_0/inst/u_preprocessor/p_0_out__9/DSP_MULTIPLIER_INST/V[9]
                         net (fo=1, routed)           0.000     5.320    design_1_i/top_controller_0/inst/u_preprocessor/p_0_out__9/DSP_MULTIPLIER.V<9>
    DSP48E2_X1Y22        DSP_M_DATA (Prop_DSP_M_DATA_DSP48E2_V[9]_V_DATA[9])
                                                      0.057     5.377 r  design_1_i/top_controller_0/inst/u_preprocessor/p_0_out__9/DSP_M_DATA_INST/V_DATA[9]
                         net (fo=1, routed)           0.000     5.377    design_1_i/top_controller_0/inst/u_preprocessor/p_0_out__9/DSP_M_DATA.V_DATA<9>
    DSP48E2_X1Y22        DSP_ALU (Prop_DSP_ALU_DSP48E2_V_DATA[9]_ALU_OUT[9])
                                                      0.688     6.065 f  design_1_i/top_controller_0/inst/u_preprocessor/p_0_out__9/DSP_ALU_INST/ALU_OUT[9]
                         net (fo=1, routed)           0.000     6.065    design_1_i/top_controller_0/inst/u_preprocessor/p_0_out__9/DSP_ALU.ALU_OUT<9>
    DSP48E2_X1Y22        DSP_OUTPUT (Prop_DSP_OUTPUT_DSP48E2_ALU_OUT[9]_P[9])
                                                      0.141     6.206 r  design_1_i/top_controller_0/inst/u_preprocessor/p_0_out__9/DSP_OUTPUT_INST/P[9]
                         net (fo=1, routed)           0.189     6.395    design_1_i/top_controller_0/inst/u_preprocessor_n_28
    SLICE_X19Y56         LUT6 (Prop_C6LUT_SLICEM_I5_O)
                                                      0.174     6.569 r  design_1_i/top_controller_0/inst/g0_b2__10__0/O
                         net (fo=1, routed)           0.023     6.592    design_1_i/top_controller_0/inst/u_axi_slave/DSP_A_B_DATA_INST_17[2]
    SLICE_X19Y56         CARRY8 (Prop_CARRY8_SLICEM_S[2]_CO[7])
                                                      0.203     6.795 r  design_1_i/top_controller_0/inst/u_axi_slave/p_0_out__10_i_2/CO[7]
                         net (fo=1, routed)           0.028     6.823    design_1_i/top_controller_0/inst/u_axi_slave/p_0_out__10_i_2_n_0
    SLICE_X19Y57         CARRY8 (Prop_CARRY8_SLICEM_CI_O[3])
                                                      0.104     6.927 f  design_1_i/top_controller_0/inst/u_axi_slave/p_0_out__10_i_1/O[3]
                         net (fo=19, routed)          0.525     7.452    design_1_i/top_controller_0/inst/u_preprocessor/p_0_out__10/A[13]
    DSP48E2_X1Y20        DSP_A_B_DATA (Prop_DSP_A_B_DATA_DSP48E2_A[13]_A2_DATA[13])
                                                      0.241     7.693 r  design_1_i/top_controller_0/inst/u_preprocessor/p_0_out__10/DSP_A_B_DATA_INST/A2_DATA[13]
                         net (fo=1, routed)           0.000     7.693    design_1_i/top_controller_0/inst/u_preprocessor/p_0_out__10/DSP_A_B_DATA.A2_DATA<13>
    DSP48E2_X1Y20        DSP_PREADD_DATA (Prop_DSP_PREADD_DATA_DSP48E2_A2_DATA[13]_A2A1[13])
                                                      0.098     7.791 r  design_1_i/top_controller_0/inst/u_preprocessor/p_0_out__10/DSP_PREADD_DATA_INST/A2A1[13]
                         net (fo=1, routed)           0.000     7.791    design_1_i/top_controller_0/inst/u_preprocessor/p_0_out__10/DSP_PREADD_DATA.A2A1<13>
    DSP48E2_X1Y20        DSP_MULTIPLIER (Prop_DSP_MULTIPLIER_DSP48E2_A2A1[13]_U[22])
                                                      0.647     8.438 f  design_1_i/top_controller_0/inst/u_preprocessor/p_0_out__10/DSP_MULTIPLIER_INST/U[22]
                         net (fo=1, routed)           0.000     8.438    design_1_i/top_controller_0/inst/u_preprocessor/p_0_out__10/DSP_MULTIPLIER.U<22>
    DSP48E2_X1Y20        DSP_M_DATA (Prop_DSP_M_DATA_DSP48E2_U[22]_U_DATA[22])
                                                      0.059     8.497 r  design_1_i/top_controller_0/inst/u_preprocessor/p_0_out__10/DSP_M_DATA_INST/U_DATA[22]
                         net (fo=1, routed)           0.000     8.497    design_1_i/top_controller_0/inst/u_preprocessor/p_0_out__10/DSP_M_DATA.U_DATA<22>
    DSP48E2_X1Y20        DSP_ALU (Prop_DSP_ALU_DSP48E2_U_DATA[22]_ALU_OUT[22])
                                                      0.699     9.196 r  design_1_i/top_controller_0/inst/u_preprocessor/p_0_out__10/DSP_ALU_INST/ALU_OUT[22]
                         net (fo=1, routed)           0.000     9.196    design_1_i/top_controller_0/inst/u_preprocessor/p_0_out__10/DSP_ALU.ALU_OUT<22>
    DSP48E2_X1Y20        DSP_OUTPUT (Prop_DSP_OUTPUT_DSP48E2_ALU_OUT[22]_P[22])
                                                      0.141     9.337 f  design_1_i/top_controller_0/inst/u_preprocessor/p_0_out__10/DSP_OUTPUT_INST/P[22]
                         net (fo=8, routed)           0.334     9.671    design_1_i/top_controller_0/inst/u_preprocessor/p_0_out__11/A[22]
    DSP48E2_X1Y21        DSP_A_B_DATA (Prop_DSP_A_B_DATA_DSP48E2_A[22]_A2_DATA[22])
                                                      0.241     9.912 r  design_1_i/top_controller_0/inst/u_preprocessor/p_0_out__11/DSP_A_B_DATA_INST/A2_DATA[22]
                         net (fo=1, routed)           0.000     9.912    design_1_i/top_controller_0/inst/u_preprocessor/p_0_out__11/DSP_A_B_DATA.A2_DATA<22>
    DSP48E2_X1Y21        DSP_PREADD_DATA (Prop_DSP_PREADD_DATA_DSP48E2_A2_DATA[22]_A2A1[22])
                                                      0.098    10.010 r  design_1_i/top_controller_0/inst/u_preprocessor/p_0_out__11/DSP_PREADD_DATA_INST/A2A1[22]
                         net (fo=1, routed)           0.000    10.010    design_1_i/top_controller_0/inst/u_preprocessor/p_0_out__11/DSP_PREADD_DATA.A2A1<22>
    DSP48E2_X1Y21        DSP_MULTIPLIER (Prop_DSP_MULTIPLIER_DSP48E2_A2A1[22]_V[22])
                                                      0.648    10.658 f  design_1_i/top_controller_0/inst/u_preprocessor/p_0_out__11/DSP_MULTIPLIER_INST/V[22]
                         net (fo=1, routed)           0.000    10.658    design_1_i/top_controller_0/inst/u_preprocessor/p_0_out__11/DSP_MULTIPLIER.V<22>
    DSP48E2_X1Y21        DSP_M_DATA (Prop_DSP_M_DATA_DSP48E2_V[22]_V_DATA[22])
                                                      0.057    10.715 r  design_1_i/top_controller_0/inst/u_preprocessor/p_0_out__11/DSP_M_DATA_INST/V_DATA[22]
                         net (fo=1, routed)           0.000    10.715    design_1_i/top_controller_0/inst/u_preprocessor/p_0_out__11/DSP_M_DATA.V_DATA<22>
    DSP48E2_X1Y21        DSP_ALU (Prop_DSP_ALU_DSP48E2_V_DATA[22]_ALU_OUT[22])
                                                      0.688    11.403 f  design_1_i/top_controller_0/inst/u_preprocessor/p_0_out__11/DSP_ALU_INST/ALU_OUT[22]
                         net (fo=1, routed)           0.000    11.403    design_1_i/top_controller_0/inst/u_preprocessor/p_0_out__11/DSP_ALU.ALU_OUT<22>
    DSP48E2_X1Y21        DSP_OUTPUT (Prop_DSP_OUTPUT_DSP48E2_ALU_OUT[22]_P[22])
                                                      0.141    11.544 r  design_1_i/top_controller_0/inst/u_preprocessor/p_0_out__11/DSP_OUTPUT_INST/P[22]
                         net (fo=2, routed)           0.350    11.895    design_1_i/top_controller_0/inst/u_preprocessor/grav_z[2]
    SLICE_X18Y56         LUT2 (Prop_B6LUT_SLICEL_I1_O)
                                                      0.115    12.010 r  design_1_i/top_controller_0/inst/u_preprocessor/pred_data_out[pred_accel_z_1][8]_i_9/O
                         net (fo=1, routed)           0.010    12.020    design_1_i/top_controller_0/inst/u_preprocessor/pred_data_out[pred_accel_z_1][8]_i_9_n_0
    SLICE_X18Y56         CARRY8 (Prop_CARRY8_SLICEL_S[1]_O[6])
                                                      0.274    12.294 r  design_1_i/top_controller_0/inst/u_preprocessor/pred_data_out_reg[pred_accel_z_1][8]_i_1/O[6]
                         net (fo=1, routed)           0.032    12.326    design_1_i/top_controller_0/inst/u_preprocessor/pred_data_out_reg[pred_accel_z_1][8]_i_1_n_9
    SLICE_X18Y56         FDRE                                         r  design_1_i/top_controller_0/inst/u_preprocessor/pred_data_out_reg[pred_accel_z_1][7]/D
  -------------------------------------------------------------------    -------------------

                         (clock clk_pl_0 rise edge)
                                                     11.250    11.250 r  
    PS8_X0Y0             PS8                          0.000    11.250 r  design_1_i/zynq_ultra_ps_e_0/inst/PS8_i/PLCLK[0]
                         net (fo=1, routed)           0.140    11.390    design_1_i/zynq_ultra_ps_e_0/inst/pl_clk_unbuffered[0]
    BUFG_PS_X0Y58        BUFG_PS (Prop_BUFG_PS_I_O)
                                                      0.027    11.417 r  design_1_i/zynq_ultra_ps_e_0/inst/buffer_pl_clk_0.PL_CLK_0_BUFG/O
    X0Y1 (CLOCK_ROOT)    net (fo=6524, routed)        1.569    12.986    design_1_i/top_controller_0/inst/u_preprocessor/S_AXI_ACLK
    SLICE_X18Y56         FDRE                                         r  design_1_i/top_controller_0/inst/u_preprocessor/pred_data_out_reg[pred_accel_z_1][7]/C
                         clock pessimism              0.161    13.147    
                         clock uncertainty           -0.182    12.965    
    SLICE_X18Y56         FDRE (Setup_GFF_SLICEL_C_D)
                                                      0.027    12.992    design_1_i/top_controller_0/inst/u_preprocessor/pred_data_out_reg[pred_accel_z_1][7]
  -------------------------------------------------------------------
                         required time                         12.992    
                         arrival time                         -12.326    
  -------------------------------------------------------------------
                         slack                                  0.666    

Slack (MET) :             0.692ns  (required time - arrival time)
  Source:                 design_1_i/top_controller_0/inst/u_axi_slave/slv_reg3_reg[0]/C
                            (rising edge-triggered cell FDRE clocked by clk_pl_0  {rise@0.000ns fall@5.625ns period=11.250ns})
  Destination:            design_1_i/top_controller_0/inst/u_preprocessor/pred_data_out_reg[pred_accel_z_1][5]/D
                            (rising edge-triggered cell FDRE clocked by clk_pl_0  {rise@0.000ns fall@5.625ns period=11.250ns})
  Path Group:             clk_pl_0
  Path Type:              Setup (Max at Slow Process Corner)
  Requirement:            11.250ns  (clk_pl_0 rise@11.250ns - clk_pl_0 rise@0.000ns)
  Data Path Delay:        10.282ns  (logic 7.177ns (69.805%)  route 3.105ns (30.195%))
  Logic Levels:           31  (CARRY8=5 DSP_A_B_DATA=3 DSP_ALU=3 DSP_M_DATA=3 DSP_MULTIPLIER=3 DSP_OUTPUT=3 DSP_PREADD_DATA=3 LUT2=2 LUT3=1 LUT5=1 LUT6=4)
  Clock Path Skew:        -0.121ns (DCD - SCD + CPR)
    Destination Clock Delay (DCD):    1.736ns = ( 12.986 - 11.250 ) 
    Source Clock Delay      (SCD):    2.018ns
    Clock Pessimism Removal (CPR):    0.161ns
  Clock Uncertainty:      0.182ns  ((TSJ^2 + DJ^2)^1/2) / 2 + PE
    Total System Jitter     (TSJ):    0.071ns
    Discrete Jitter          (DJ):    0.356ns
    Phase Error              (PE):    0.000ns
  Clock Net Delay (Source):      1.811ns (routing 0.638ns, distribution 1.173ns)
  Clock Net Delay (Destination): 1.569ns (routing 0.576ns, distribution 0.993ns)

    Location             Delay type                Incr(ns)  Path(ns)    Netlist Resource(s)
  -------------------------------------------------------------------    -------------------
                         (clock clk_pl_0 rise edge)
                                                      0.000     0.000 r  
    PS8_X0Y0             PS8                          0.000     0.000 r  design_1_i/zynq_ultra_ps_e_0/inst/PS8_i/PLCLK[0]
                         net (fo=1, routed)           0.178     0.178    design_1_i/zynq_ultra_ps_e_0/inst/pl_clk_unbuffered[0]
    BUFG_PS_X0Y58        BUFG_PS (Prop_BUFG_PS_I_O)
                                                      0.029     0.207 r  design_1_i/zynq_ultra_ps_e_0/inst/buffer_pl_clk_0.PL_CLK_0_BUFG/O
    X0Y1 (CLOCK_ROOT)    net (fo=6524, routed)        1.811     2.018    design_1_i/top_controller_0/inst/u_axi_slave/S_AXI_ACLK
    SLICE_X20Y57         FDRE                                         r  design_1_i/top_controller_0/inst/u_axi_slave/slv_reg3_reg[0]/C
  -------------------------------------------------------------------    -------------------
    SLICE_X20Y57         FDRE (Prop_FFF_SLICEM_C_Q)
                                                      0.094     2.112 r  design_1_i/top_controller_0/inst/u_axi_slave/slv_reg3_reg[0]/Q
                         net (fo=14, routed)          0.183     2.295    design_1_i/top_controller_0/inst/u_axi_slave/Q[0]
    SLICE_X22Y58         LUT3 (Prop_E6LUT_SLICEL_I2_O)
                                                      0.039     2.334 r  design_1_i/top_controller_0/inst/u_axi_slave/p_0_out__3_i_13/O
                         net (fo=4, routed)           0.120     2.454    design_1_i/top_controller_0/inst/u_axi_slave/p_0_out__3_i_13_n_0
    SLICE_X20Y58         LUT6 (Prop_A6LUT_SLICEM_I3_O)
                                                      0.064     2.518 r  design_1_i/top_controller_0/inst/u_axi_slave/g0_b0__3_i_13/O
                         net (fo=2, routed)           0.114     2.632    design_1_i/top_controller_0/inst/u_axi_slave/g0_b0__3_i_13_n_0
    SLICE_X20Y58         LUT6 (Prop_H6LUT_SLICEM_I4_O)
                                                      0.041     2.673 f  design_1_i/top_controller_0/inst/u_axi_slave/consistency_cnt[31]_i_20__12/O
                         net (fo=3, routed)           0.196     2.869    design_1_i/top_controller_0/inst/u_axi_slave/consistency_cnt[31]_i_20__12_n_0
    SLICE_X20Y59         LUT6 (Prop_D6LUT_SLICEM_I5_O)
                                                      0.038     2.907 f  design_1_i/top_controller_0/inst/u_axi_slave/g0_b0__3_i_7/O
                         net (fo=11, routed)          0.074     2.981    design_1_i/top_controller_0/inst/u_axi_slave/g0_b0__3_i_7_n_0
    SLICE_X20Y59         LUT2 (Prop_A6LUT_SLICEM_I1_O)
                                                      0.064     3.045 r  design_1_i/top_controller_0/inst/u_axi_slave/g0_b0__3_i_4/O
                         net (fo=88, routed)          0.240     3.285    design_1_i/top_controller_0/inst/u_axi_slave_n_54
    SLICE_X21Y58         LUT5 (Prop_H5LUT_SLICEL_I3_O)
                                                      0.195     3.480 r  design_1_i/top_controller_0/inst/g0_b7__10/O
                         net (fo=2, routed)           0.310     3.790    design_1_i/top_controller_0/inst/u_axi_slave/p_0_out__9_i_1_1[7]
    SLICE_X21Y56         CARRY8 (Prop_CARRY8_SLICEL_DI[7]_CO[7])
                                                      0.068     3.858 r  design_1_i/top_controller_0/inst/u_axi_slave/p_0_out__9_i_2/CO[7]
                         net (fo=1, routed)           0.028     3.886    design_1_i/top_controller_0/inst/u_axi_slave/p_0_out__9_i_2_n_0
    SLICE_X21Y57         CARRY8 (Prop_CARRY8_SLICEL_CI_O[1])
                                                      0.097     3.983 f  design_1_i/top_controller_0/inst/u_axi_slave/p_0_out__9_i_1/O[1]
                         net (fo=1, routed)           0.350     4.333    design_1_i/top_controller_0/inst/u_preprocessor/p_0_out__9/A[9]
    DSP48E2_X1Y22        DSP_A_B_DATA (Prop_DSP_A_B_DATA_DSP48E2_A[9]_A2_DATA[9])
                                                      0.241     4.574 r  design_1_i/top_controller_0/inst/u_preprocessor/p_0_out__9/DSP_A_B_DATA_INST/A2_DATA[9]
                         net (fo=1, routed)           0.000     4.574    design_1_i/top_controller_0/inst/u_preprocessor/p_0_out__9/DSP_A_B_DATA.A2_DATA<9>
    DSP48E2_X1Y22        DSP_PREADD_DATA (Prop_DSP_PREADD_DATA_DSP48E2_A2_DATA[9]_A2A1[9])
                                                      0.098     4.672 r  design_1_i/top_controller_0/inst/u_preprocessor/p_0_out__9/DSP_PREADD_DATA_INST/A2A1[9]
                         net (fo=1, routed)           0.000     4.672    design_1_i/top_controller_0/inst/u_preprocessor/p_0_out__9/DSP_PREADD_DATA.A2A1<9>
    DSP48E2_X1Y22        DSP_MULTIPLIER (Prop_DSP_MULTIPLIER_DSP48E2_A2A1[9]_V[9])
                                                      0.648     5.320 f  design_1_i/top_controller_0/inst/u_preprocessor/p_0_out__9/DSP_MULTIPLIER_INST/V[9]
                         net (fo=1, routed)           0.000     5.320    design_1_i/top_controller_0/inst/u_preprocessor/p_0_out__9/DSP_MULTIPLIER.V<9>
    DSP48E2_X1Y22        DSP_M_DATA (Prop_DSP_M_DATA_DSP48E2_V[9]_V_DATA[9])
                                                      0.057     5.377 r  design_1_i/top_controller_0/inst/u_preprocessor/p_0_out__9/DSP_M_DATA_INST/V_DATA[9]
                         net (fo=1, routed)           0.000     5.377    design_1_i/top_controller_0/inst/u_preprocessor/p_0_out__9/DSP_M_DATA.V_DATA<9>
    DSP48E2_X1Y22        DSP_ALU (Prop_DSP_ALU_DSP48E2_V_DATA[9]_ALU_OUT[9])
                                                      0.688     6.065 f  design_1_i/top_controller_0/inst/u_preprocessor/p_0_out__9/DSP_ALU_INST/ALU_OUT[9]
                         net (fo=1, routed)           0.000     6.065    design_1_i/top_controller_0/inst/u_preprocessor/p_0_out__9/DSP_ALU.ALU_OUT<9>
    DSP48E2_X1Y22        DSP_OUTPUT (Prop_DSP_OUTPUT_DSP48E2_ALU_OUT[9]_P[9])
                                                      0.141     6.206 r  design_1_i/top_controller_0/inst/u_preprocessor/p_0_out__9/DSP_OUTPUT_INST/P[9]
                         net (fo=1, routed)           0.189     6.395    design_1_i/top_controller_0/inst/u_preprocessor_n_28
    SLICE_X19Y56         LUT6 (Prop_C6LUT_SLICEM_I5_O)
                                                      0.174     6.569 r  design_1_i/top_controller_0/inst/g0_b2__10__0/O
                         net (fo=1, routed)           0.023     6.592    design_1_i/top_controller_0/inst/u_axi_slave/DSP_A_B_DATA_INST_17[2]
    SLICE_X19Y56         CARRY8 (Prop_CARRY8_SLICEM_S[2]_CO[7])
                                                      0.203     6.795 r  design_1_i/top_controller_0/inst/u_axi_slave/p_0_out__10_i_2/CO[7]
                         net (fo=1, routed)           0.028     6.823    design_1_i/top_controller_0/inst/u_axi_slave/p_0_out__10_i_2_n_0
    SLICE_X19Y57         CARRY8 (Prop_CARRY8_SLICEM_CI_O[3])
                                                      0.104     6.927 f  design_1_i/top_controller_0/inst/u_axi_slave/p_0_out__10_i_1/O[3]
                         net (fo=19, routed)          0.525     7.452    design_1_i/top_controller_0/inst/u_preprocessor/p_0_out__10/A[13]
    DSP48E2_X1Y20        DSP_A_B_DATA (Prop_DSP_A_B_DATA_DSP48E2_A[13]_A2_DATA[13])
                                                      0.241     7.693 r  design_1_i/top_controller_0/inst/u_preprocessor/p_0_out__10/DSP_A_B_DATA_INST/A2_DATA[13]
                         net (fo=1, routed)           0.000     7.693    design_1_i/top_controller_0/inst/u_preprocessor/p_0_out__10/DSP_A_B_DATA.A2_DATA<13>
    DSP48E2_X1Y20        DSP_PREADD_DATA (Prop_DSP_PREADD_DATA_DSP48E2_A2_DATA[13]_A2A1[13])
                                                      0.098     7.791 r  design_1_i/top_controller_0/inst/u_preprocessor/p_0_out__10/DSP_PREADD_DATA_INST/A2A1[13]
                         net (fo=1, routed)           0.000     7.791    design_1_i/top_controller_0/inst/u_preprocessor/p_0_out__10/DSP_PREADD_DATA.A2A1<13>
    DSP48E2_X1Y20        DSP_MULTIPLIER (Prop_DSP_MULTIPLIER_DSP48E2_A2A1[13]_U[22])
                                                      0.647     8.438 f  design_1_i/top_controller_0/inst/u_preprocessor/p_0_out__10/DSP_MULTIPLIER_INST/U[22]
                         net (fo=1, routed)           0.000     8.438    design_1_i/top_controller_0/inst/u_preprocessor/p_0_out__10/DSP_MULTIPLIER.U<22>
    DSP48E2_X1Y20        DSP_M_DATA (Prop_DSP_M_DATA_DSP48E2_U[22]_U_DATA[22])
                                                      0.059     8.497 r  design_1_i/top_controller_0/inst/u_preprocessor/p_0_out__10/DSP_M_DATA_INST/U_DATA[22]
                         net (fo=1, routed)           0.000     8.497    design_1_i/top_controller_0/inst/u_preprocessor/p_0_out__10/DSP_M_DATA.U_DATA<22>
    DSP48E2_X1Y20        DSP_ALU (Prop_DSP_ALU_DSP48E2_U_DATA[22]_ALU_OUT[22])
                                                      0.699     9.196 r  design_1_i/top_controller_0/inst/u_preprocessor/p_0_out__10/DSP_ALU_INST/ALU_OUT[22]
                         net (fo=1, routed)           0.000     9.196    design_1_i/top_controller_0/inst/u_preprocessor/p_0_out__10/DSP_ALU.ALU_OUT<22>
    DSP48E2_X1Y20        DSP_OUTPUT (Prop_DSP_OUTPUT_DSP48E2_ALU_OUT[22]_P[22])
                                                      0.141     9.337 f  design_1_i/top_controller_0/inst/u_preprocessor/p_0_out__10/DSP_OUTPUT_INST/P[22]
                         net (fo=8, routed)           0.334     9.671    design_1_i/top_controller_0/inst/u_preprocessor/p_0_out__11/A[22]
    DSP48E2_X1Y21        DSP_A_B_DATA (Prop_DSP_A_B_DATA_DSP48E2_A[22]_A2_DATA[22])
                                                      0.241     9.912 r  design_1_i/top_controller_0/inst/u_preprocessor/p_0_out__11/DSP_A_B_DATA_INST/A2_DATA[22]
                         net (fo=1, routed)           0.000     9.912    design_1_i/top_controller_0/inst/u_preprocessor/p_0_out__11/DSP_A_B_DATA.A2_DATA<22>
    DSP48E2_X1Y21        DSP_PREADD_DATA (Prop_DSP_PREADD_DATA_DSP48E2_A2_DATA[22]_A2A1[22])
                                                      0.098    10.010 r  design_1_i/top_controller_0/inst/u_preprocessor/p_0_out__11/DSP_PREADD_DATA_INST/A2A1[22]
                         net (fo=1, routed)           0.000    10.010    design_1_i/top_controller_0/inst/u_preprocessor/p_0_out__11/DSP_PREADD_DATA.A2A1<22>
    DSP48E2_X1Y21        DSP_MULTIPLIER (Prop_DSP_MULTIPLIER_DSP48E2_A2A1[22]_V[22])
                                                      0.648    10.658 f  design_1_i/top_controller_0/inst/u_preprocessor/p_0_out__11/DSP_MULTIPLIER_INST/V[22]
                         net (fo=1, routed)           0.000    10.658    design_1_i/top_controller_0/inst/u_preprocessor/p_0_out__11/DSP_MULTIPLIER.V<22>
    DSP48E2_X1Y21        DSP_M_DATA (Prop_DSP_M_DATA_DSP48E2_V[22]_V_DATA[22])
                                                      0.057    10.715 r  design_1_i/top_controller_0/inst/u_preprocessor/p_0_out__11/DSP_M_DATA_INST/V_DATA[22]
                         net (fo=1, routed)           0.000    10.715    design_1_i/top_controller_0/inst/u_preprocessor/p_0_out__11/DSP_M_DATA.V_DATA<22>
    DSP48E2_X1Y21        DSP_ALU (Prop_DSP_ALU_DSP48E2_V_DATA[22]_ALU_OUT[22])
                                                      0.688    11.403 f  design_1_i/top_controller_0/inst/u_preprocessor/p_0_out__11/DSP_ALU_INST/ALU_OUT[22]
                         net (fo=1, routed)           0.000    11.403    design_1_i/top_controller_0/inst/u_preprocessor/p_0_out__11/DSP_ALU.ALU_OUT<22>
    DSP48E2_X1Y21        DSP_OUTPUT (Prop_DSP_OUTPUT_DSP48E2_ALU_OUT[22]_P[22])
                                                      0.141    11.544 r  design_1_i/top_controller_0/inst/u_preprocessor/p_0_out__11/DSP_OUTPUT_INST/P[22]
                         net (fo=2, routed)           0.350    11.895    design_1_i/top_controller_0/inst/u_preprocessor/grav_z[2]
    SLICE_X18Y56         LUT2 (Prop_B6LUT_SLICEL_I1_O)
                                                      0.115    12.010 r  design_1_i/top_controller_0/inst/u_preprocessor/pred_data_out[pred_accel_z_1][8]_i_9/O
                         net (fo=1, routed)           0.010    12.020    design_1_i/top_controller_0/inst/u_preprocessor/pred_data_out[pred_accel_z_1][8]_i_9_n_0
    SLICE_X18Y56         CARRY8 (Prop_CARRY8_SLICEL_S[1]_O[4])
                                                      0.250    12.270 r  design_1_i/top_controller_0/inst/u_preprocessor/pred_data_out_reg[pred_accel_z_1][8]_i_1/O[4]
                         net (fo=1, routed)           0.030    12.300    design_1_i/top_controller_0/inst/u_preprocessor/pred_data_out_reg[pred_accel_z_1][8]_i_1_n_11
    SLICE_X18Y56         FDRE                                         r  design_1_i/top_controller_0/inst/u_preprocessor/pred_data_out_reg[pred_accel_z_1][5]/D
  -------------------------------------------------------------------    -------------------

                         (clock clk_pl_0 rise edge)
                                                     11.250    11.250 r  
    PS8_X0Y0             PS8                          0.000    11.250 r  design_1_i/zynq_ultra_ps_e_0/inst/PS8_i/PLCLK[0]
                         net (fo=1, routed)           0.140    11.390    design_1_i/zynq_ultra_ps_e_0/inst/pl_clk_unbuffered[0]
    BUFG_PS_X0Y58        BUFG_PS (Prop_BUFG_PS_I_O)
                                                      0.027    11.417 r  design_1_i/zynq_ultra_ps_e_0/inst/buffer_pl_clk_0.PL_CLK_0_BUFG/O
    X0Y1 (CLOCK_ROOT)    net (fo=6524, routed)        1.569    12.986    design_1_i/top_controller_0/inst/u_preprocessor/S_AXI_ACLK
    SLICE_X18Y56         FDRE                                         r  design_1_i/top_controller_0/inst/u_preprocessor/pred_data_out_reg[pred_accel_z_1][5]/C
                         clock pessimism              0.161    13.147    
                         clock uncertainty           -0.182    12.965    
    SLICE_X18Y56         FDRE (Setup_EFF_SLICEL_C_D)
                                                      0.027    12.992    design_1_i/top_controller_0/inst/u_preprocessor/pred_data_out_reg[pred_accel_z_1][5]
  -------------------------------------------------------------------
                         required time                         12.992    
                         arrival time                         -12.300    
  -------------------------------------------------------------------
                         slack                                  0.692    

Slack (MET) :             0.693ns  (required time - arrival time)
  Source:                 design_1_i/top_controller_0/inst/u_axi_slave/slv_reg3_reg[0]/C
                            (rising edge-triggered cell FDRE clocked by clk_pl_0  {rise@0.000ns fall@5.625ns period=11.250ns})
  Destination:            design_1_i/top_controller_0/inst/u_preprocessor/pred_data_out_reg[pred_accel_y_1][1]/D
                            (rising edge-triggered cell FDRE clocked by clk_pl_0  {rise@0.000ns fall@5.625ns period=11.250ns})
  Path Group:             clk_pl_0
  Path Type:              Setup (Max at Slow Process Corner)
  Requirement:            11.250ns  (clk_pl_0 rise@11.250ns - clk_pl_0 rise@0.000ns)
  Data Path Delay:        10.217ns  (logic 6.990ns (68.415%)  route 3.227ns (31.585%))
  Logic Levels:           34  (CARRY8=3 DSP_A_B_DATA=3 DSP_ALU=3 DSP_M_DATA=3 DSP_MULTIPLIER=3 DSP_OUTPUT=3 DSP_PREADD_DATA=3 LUT3=1 LUT4=1 LUT5=2 LUT6=9)
  Clock Path Skew:        -0.185ns (DCD - SCD + CPR)
    Destination Clock Delay (DCD):    1.726ns = ( 12.976 - 11.250 ) 
    Source Clock Delay      (SCD):    2.018ns
    Clock Pessimism Removal (CPR):    0.107ns
  Clock Uncertainty:      0.182ns  ((TSJ^2 + DJ^2)^1/2) / 2 + PE
    Total System Jitter     (TSJ):    0.071ns
    Discrete Jitter          (DJ):    0.356ns
    Phase Error              (PE):    0.000ns
  Clock Net Delay (Source):      1.811ns (routing 0.638ns, distribution 1.173ns)
  Clock Net Delay (Destination): 1.559ns (routing 0.576ns, distribution 0.983ns)

    Location             Delay type                Incr(ns)  Path(ns)    Netlist Resource(s)
  -------------------------------------------------------------------    -------------------
                         (clock clk_pl_0 rise edge)
                                                      0.000     0.000 r  
    PS8_X0Y0             PS8                          0.000     0.000 r  design_1_i/zynq_ultra_ps_e_0/inst/PS8_i/PLCLK[0]
                         net (fo=1, routed)           0.178     0.178    design_1_i/zynq_ultra_ps_e_0/inst/pl_clk_unbuffered[0]
    BUFG_PS_X0Y58        BUFG_PS (Prop_BUFG_PS_I_O)
                                                      0.029     0.207 r  design_1_i/zynq_ultra_ps_e_0/inst/buffer_pl_clk_0.PL_CLK_0_BUFG/O
    X0Y1 (CLOCK_ROOT)    net (fo=6524, routed)        1.811     2.018    design_1_i/top_controller_0/inst/u_axi_slave/S_AXI_ACLK
    SLICE_X20Y57         FDRE                                         r  design_1_i/top_controller_0/inst/u_axi_slave/slv_reg3_reg[0]/C
  -------------------------------------------------------------------    -------------------
    SLICE_X20Y57         FDRE (Prop_FFF_SLICEM_C_Q)
                                                      0.094     2.112 r  design_1_i/top_controller_0/inst/u_axi_slave/slv_reg3_reg[0]/Q
                         net (fo=14, routed)          0.183     2.295    design_1_i/top_controller_0/inst/u_axi_slave/Q[0]
    SLICE_X22Y58         LUT3 (Prop_E6LUT_SLICEL_I2_O)
                                                      0.039     2.334 r  design_1_i/top_controller_0/inst/u_axi_slave/p_0_out__3_i_13/O
                         net (fo=4, routed)           0.120     2.454    design_1_i/top_controller_0/inst/u_axi_slave/p_0_out__3_i_13_n_0
    SLICE_X20Y58         LUT6 (Prop_A6LUT_SLICEM_I3_O)
                                                      0.064     2.518 r  design_1_i/top_controller_0/inst/u_axi_slave/g0_b0__3_i_13/O
                         net (fo=2, routed)           0.114     2.632    design_1_i/top_controller_0/inst/u_axi_slave/g0_b0__3_i_13_n_0
    SLICE_X20Y58         LUT6 (Prop_H6LUT_SLICEM_I4_O)
                                                      0.041     2.673 r  design_1_i/top_controller_0/inst/u_axi_slave/consistency_cnt[31]_i_20__12/O
                         net (fo=3, routed)           0.196     2.869    design_1_i/top_controller_0/inst/u_axi_slave/consistency_cnt[31]_i_20__12_n_0
    SLICE_X20Y59         LUT6 (Prop_D6LUT_SLICEM_I5_O)
                                                      0.038     2.907 r  design_1_i/top_controller_0/inst/u_axi_slave/g0_b0__3_i_7/O
                         net (fo=11, routed)          0.132     3.039    design_1_i/top_controller_0/inst/u_axi_slave/g0_b0__3_i_7_n_0
    SLICE_X20Y59         LUT6 (Prop_H6LUT_SLICEM_I5_O)
                                                      0.041     3.080 r  design_1_i/top_controller_0/inst/u_axi_slave/g0_b0__3_i_2/O
                         net (fo=85, routed)          0.284     3.364    design_1_i/top_controller_0/inst/u_axi_slave_n_577
    SLICE_X18Y60         LUT5 (Prop_A6LUT_SLICEL_I1_O)
                                                      0.115     3.479 r  design_1_i/top_controller_0/inst/g0_b3__3/O
                         net (fo=8, routed)           0.115     3.594    design_1_i/top_controller_0/inst/g0_b3__3_n_0
    SLICE_X19Y60         LUT6 (Prop_D6LUT_SLICEM_I5_O)
                                                      0.038     3.632 r  design_1_i/top_controller_0/inst/g0_b3__4__0/O
                         net (fo=1, routed)           0.026     3.658    design_1_i/top_controller_0/inst/u_axi_slave/DSP_A_B_DATA_INST_8[3]
    SLICE_X19Y60         CARRY8 (Prop_CARRY8_SLICEM_S[3]_CO[7])
                                                      0.206     3.864 r  design_1_i/top_controller_0/inst/u_axi_slave/p_0_out__3_i_9/CO[7]
                         net (fo=1, routed)           0.028     3.892    design_1_i/top_controller_0/inst/u_axi_slave/p_0_out__3_i_9_n_0
    SLICE_X19Y61         CARRY8 (Prop_CARRY8_SLICEM_CI_O[0])
                                                      0.072     3.964 f  design_1_i/top_controller_0/inst/u_axi_slave/p_0_out__3_i_8/O[0]
                         net (fo=1, routed)           0.331     4.295    design_1_i/top_controller_0/inst/u_preprocessor/p_0_out__3/A[8]
    DSP48E2_X1Y24        DSP_A_B_DATA (Prop_DSP_A_B_DATA_DSP48E2_A[8]_A2_DATA[8])
                                                      0.241     4.536 r  design_1_i/top_controller_0/inst/u_preprocessor/p_0_out__3/DSP_A_B_DATA_INST/A2_DATA[8]
                         net (fo=1, routed)           0.000     4.536    design_1_i/top_controller_0/inst/u_preprocessor/p_0_out__3/DSP_A_B_DATA.A2_DATA<8>
    DSP48E2_X1Y24        DSP_PREADD_DATA (Prop_DSP_PREADD_DATA_DSP48E2_A2_DATA[8]_A2A1[8])
                                                      0.098     4.634 r  design_1_i/top_controller_0/inst/u_preprocessor/p_0_out__3/DSP_PREADD_DATA_INST/A2A1[8]
                         net (fo=1, routed)           0.000     4.634    design_1_i/top_controller_0/inst/u_preprocessor/p_0_out__3/DSP_PREADD_DATA.A2A1<8>
    DSP48E2_X1Y24        DSP_MULTIPLIER (Prop_DSP_MULTIPLIER_DSP48E2_A2A1[8]_U[9])
                                                      0.647     5.281 f  design_1_i/top_controller_0/inst/u_preprocessor/p_0_out__3/DSP_MULTIPLIER_INST/U[9]
                         net (fo=1, routed)           0.000     5.281    design_1_i/top_controller_0/inst/u_preprocessor/p_0_out__3/DSP_MULTIPLIER.U<9>
    DSP48E2_X1Y24        DSP_M_DATA (Prop_DSP_M_DATA_DSP48E2_U[9]_U_DATA[9])
                                                      0.059     5.340 r  design_1_i/top_controller_0/inst/u_preprocessor/p_0_out__3/DSP_M_DATA_INST/U_DATA[9]
                         net (fo=1, routed)           0.000     5.340    design_1_i/top_controller_0/inst/u_preprocessor/p_0_out__3/DSP_M_DATA.U_DATA<9>
    DSP48E2_X1Y24        DSP_ALU (Prop_DSP_ALU_DSP48E2_U_DATA[9]_ALU_OUT[9])
                                                      0.699     6.039 f  design_1_i/top_controller_0/inst/u_preprocessor/p_0_out__3/DSP_ALU_INST/ALU_OUT[9]
                         net (fo=1, routed)           0.000     6.039    design_1_i/top_controller_0/inst/u_preprocessor/p_0_out__3/DSP_ALU.ALU_OUT<9>
    DSP48E2_X1Y24        DSP_OUTPUT (Prop_DSP_OUTPUT_DSP48E2_ALU_OUT[9]_P[9])
                                                      0.141     6.180 r  design_1_i/top_controller_0/inst/u_preprocessor/p_0_out__3/DSP_OUTPUT_INST/P[9]
                         net (fo=3, routed)           0.193     6.373    design_1_i/top_controller_0/inst/u_axi_slave/p_0_out__4_i_8_0[2]
    SLICE_X19Y61         LUT6 (Prop_F6LUT_SLICEM_I1_O)
                                                      0.148     6.521 r  design_1_i/top_controller_0/inst/u_axi_slave/p_0_out__4_i_22/O
                         net (fo=7, routed)           0.228     6.750    design_1_i/top_controller_0/inst/u_axi_slave/p_0_out__4_i_22_n_0
    SLICE_X18Y63         LUT6 (Prop_A6LUT_SLICEL_I5_O)
                                                      0.039     6.789 r  design_1_i/top_controller_0/inst/u_axi_slave/p_0_out__4_i_18/O
                         net (fo=4, routed)           0.118     6.906    design_1_i/top_controller_0/inst/u_axi_slave/p_0_out__4_i_18_n_0
    SLICE_X18Y65         LUT6 (Prop_C6LUT_SLICEL_I5_O)
                                                      0.113     7.019 f  design_1_i/top_controller_0/inst/u_axi_slave/p_0_out__4_i_16/O
                         net (fo=3, routed)           0.058     7.077    design_1_i/top_controller_0/inst/u_axi_slave/p_0_out__4_i_16_n_0
    SLICE_X18Y65         LUT6 (Prop_D6LUT_SLICEL_I1_O)
                                                      0.039     7.116 r  design_1_i/top_controller_0/inst/u_axi_slave/p_0_out__4_i_14/O
                         net (fo=2, routed)           0.051     7.168    design_1_i/top_controller_0/inst/u_axi_slave/p_0_out__4_i_14_n_0
    SLICE_X18Y65         LUT4 (Prop_E6LUT_SLICEL_I3_O)
                                                      0.039     7.207 f  design_1_i/top_controller_0/inst/u_axi_slave/p_0_out__4_i_1/O
                         net (fo=19, routed)          0.349     7.555    design_1_i/top_controller_0/inst/u_preprocessor/p_0_out__4/A[12]
    DSP48E2_X1Y26        DSP_A_B_DATA (Prop_DSP_A_B_DATA_DSP48E2_A[12]_A2_DATA[12])
                                                      0.241     7.796 r  design_1_i/top_controller_0/inst/u_preprocessor/p_0_out__4/DSP_A_B_DATA_INST/A2_DATA[12]
                         net (fo=1, routed)           0.000     7.796    design_1_i/top_controller_0/inst/u_preprocessor/p_0_out__4/DSP_A_B_DATA.A2_DATA<12>
    DSP48E2_X1Y26        DSP_PREADD_DATA (Prop_DSP_PREADD_DATA_DSP48E2_A2_DATA[12]_A2A1[12])
                                                      0.098     7.894 r  design_1_i/top_controller_0/inst/u_preprocessor/p_0_out__4/DSP_PREADD_DATA_INST/A2A1[12]
                         net (fo=1, routed)           0.000     7.894    design_1_i/top_controller_0/inst/u_preprocessor/p_0_out__4/DSP_PREADD_DATA.A2A1<12>
    DSP48E2_X1Y26        DSP_MULTIPLIER (Prop_DSP_MULTIPLIER_DSP48E2_A2A1[12]_V[12])
                                                      0.648     8.542 f  design_1_i/top_controller_0/inst/u_preprocessor/p_0_out__4/DSP_MULTIPLIER_INST/V[12]
                         net (fo=1, routed)           0.000     8.542    design_1_i/top_controller_0/inst/u_preprocessor/p_0_out__4/DSP_MULTIPLIER.V<12>
    DSP48E2_X1Y26        DSP_M_DATA (Prop_DSP_M_DATA_DSP48E2_V[12]_V_DATA[12])
                                                      0.057     8.599 r  design_1_i/top_controller_0/inst/u_preprocessor/p_0_out__4/DSP_M_DATA_INST/V_DATA[12]
                         net (fo=1, routed)           0.000     8.599    design_1_i/top_controller_0/inst/u_preprocessor/p_0_out__4/DSP_M_DATA.V_DATA<12>
    DSP48E2_X1Y26        DSP_ALU (Prop_DSP_ALU_DSP48E2_V_DATA[12]_ALU_OUT[12])
                                                      0.688     9.287 r  design_1_i/top_controller_0/inst/u_preprocessor/p_0_out__4/DSP_ALU_INST/ALU_OUT[12]
                         net (fo=1, routed)           0.000     9.287    design_1_i/top_controller_0/inst/u_preprocessor/p_0_out__4/DSP_ALU.ALU_OUT<12>
    DSP48E2_X1Y26        DSP_OUTPUT (Prop_DSP_OUTPUT_DSP48E2_ALU_OUT[12]_P[12])
                                                      0.141     9.428 f  design_1_i/top_controller_0/inst/u_preprocessor/p_0_out__4/DSP_OUTPUT_INST/P[12]
                         net (fo=1, routed)           0.391     9.819    design_1_i/top_controller_0/inst/u_preprocessor/p_0_out__6/A[12]
    DSP48E2_X1Y27        DSP_A_B_DATA (Prop_DSP_A_B_DATA_DSP48E2_A[12]_A2_DATA[12])
                                                      0.241    10.060 r  design_1_i/top_controller_0/inst/u_preprocessor/p_0_out__6/DSP_A_B_DATA_INST/A2_DATA[12]
                         net (fo=1, routed)           0.000    10.060    design_1_i/top_controller_0/inst/u_preprocessor/p_0_out__6/DSP_A_B_DATA.A2_DATA<12>
    DSP48E2_X1Y27        DSP_PREADD_DATA (Prop_DSP_PREADD_DATA_DSP48E2_A2_DATA[12]_A2A1[12])
                                                      0.098    10.158 r  design_1_i/top_controller_0/inst/u_preprocessor/p_0_out__6/DSP_PREADD_DATA_INST/A2A1[12]
                         net (fo=1, routed)           0.000    10.158    design_1_i/top_controller_0/inst/u_preprocessor/p_0_out__6/DSP_PREADD_DATA.A2A1<12>
    DSP48E2_X1Y27        DSP_MULTIPLIER (Prop_DSP_MULTIPLIER_DSP48E2_A2A1[12]_U[21])
                                                      0.647    10.805 f  design_1_i/top_controller_0/inst/u_preprocessor/p_0_out__6/DSP_MULTIPLIER_INST/U[21]
                         net (fo=1, routed)           0.000    10.805    design_1_i/top_controller_0/inst/u_preprocessor/p_0_out__6/DSP_MULTIPLIER.U<21>
    DSP48E2_X1Y27        DSP_M_DATA (Prop_DSP_M_DATA_DSP48E2_U[21]_U_DATA[21])
                                                      0.059    10.864 r  design_1_i/top_controller_0/inst/u_preprocessor/p_0_out__6/DSP_M_DATA_INST/U_DATA[21]
                         net (fo=1, routed)           0.000    10.864    design_1_i/top_controller_0/inst/u_preprocessor/p_0_out__6/DSP_M_DATA.U_DATA<21>
    DSP48E2_X1Y27        DSP_ALU (Prop_DSP_ALU_DSP48E2_U_DATA[21]_ALU_OUT[21])
                                                      0.699    11.563 f  design_1_i/top_controller_0/inst/u_preprocessor/p_0_out__6/DSP_ALU_INST/ALU_OUT[21]
                         net (fo=1, routed)           0.000    11.563    design_1_i/top_controller_0/inst/u_preprocessor/p_0_out__6/DSP_ALU.ALU_OUT<21>
    DSP48E2_X1Y27        DSP_OUTPUT (Prop_DSP_OUTPUT_DSP48E2_ALU_OUT[21]_P[21])
                                                      0.141    11.704 r  design_1_i/top_controller_0/inst/u_preprocessor/p_0_out__6/DSP_OUTPUT_INST/P[21]
                         net (fo=4, routed)           0.261    11.965    design_1_i/top_controller_0/inst/u_preprocessor/grav_y[1]
    SLICE_X19Y67         LUT5 (Prop_B6LUT_SLICEM_I3_O)
                                                      0.150    12.115 r  design_1_i/top_controller_0/inst/u_preprocessor/pred_data_out[pred_accel_y_1][7]_i_15/O
                         net (fo=1, routed)           0.018    12.133    design_1_i/top_controller_0/inst/u_preprocessor/pred_data_out[pred_accel_y_1][7]_i_15_n_0
    SLICE_X19Y67         CARRY8 (Prop_CARRY8_SLICEM_S[1]_O[1])
                                                      0.071    12.204 r  design_1_i/top_controller_0/inst/u_preprocessor/pred_data_out_reg[pred_accel_y_1][7]_i_1/O[1]
                         net (fo=1, routed)           0.031    12.235    design_1_i/top_controller_0/inst/u_preprocessor/pred_data_out_reg[pred_accel_y_1][7]_i_1_n_14
    SLICE_X19Y67         FDRE                                         r  design_1_i/top_controller_0/inst/u_preprocessor/pred_data_out_reg[pred_accel_y_1][1]/D
  -------------------------------------------------------------------    -------------------

                         (clock clk_pl_0 rise edge)
                                                     11.250    11.250 r  
    PS8_X0Y0             PS8                          0.000    11.250 r  design_1_i/zynq_ultra_ps_e_0/inst/PS8_i/PLCLK[0]
                         net (fo=1, routed)           0.140    11.390    design_1_i/zynq_ultra_ps_e_0/inst/pl_clk_unbuffered[0]
    BUFG_PS_X0Y58        BUFG_PS (Prop_BUFG_PS_I_O)
                                                      0.027    11.417 r  design_1_i/zynq_ultra_ps_e_0/inst/buffer_pl_clk_0.PL_CLK_0_BUFG/O
    X0Y1 (CLOCK_ROOT)    net (fo=6524, routed)        1.559    12.976    design_1_i/top_controller_0/inst/u_preprocessor/S_AXI_ACLK
    SLICE_X19Y67         FDRE                                         r  design_1_i/top_controller_0/inst/u_preprocessor/pred_data_out_reg[pred_accel_y_1][1]/C
                         clock pessimism              0.107    13.083    
                         clock uncertainty           -0.182    12.901    
    SLICE_X19Y67         FDRE (Setup_BFF_SLICEM_C_D)
                                                      0.027    12.928    design_1_i/top_controller_0/inst/u_preprocessor/pred_data_out_reg[pred_accel_y_1][1]
  -------------------------------------------------------------------
                         required time                         12.928    
                         arrival time                         -12.235    
  -------------------------------------------------------------------
                         slack                                  0.693    

Slack (MET) :             0.706ns  (required time - arrival time)
  Source:                 design_1_i/top_controller_0/inst/u_axi_slave/slv_reg3_reg[0]/C
                            (rising edge-triggered cell FDRE clocked by clk_pl_0  {rise@0.000ns fall@5.625ns period=11.250ns})
  Destination:            design_1_i/top_controller_0/inst/u_preprocessor/pred_data_out_reg[pred_accel_y_2][4]/D
                            (rising edge-triggered cell FDRE clocked by clk_pl_0  {rise@0.000ns fall@5.625ns period=11.250ns})
  Path Group:             clk_pl_0
  Path Type:              Setup (Max at Slow Process Corner)
  Requirement:            11.250ns  (clk_pl_0 rise@11.250ns - clk_pl_0 rise@0.000ns)
  Data Path Delay:        10.204ns  (logic 6.769ns (66.337%)  route 3.435ns (33.663%))
  Logic Levels:           32  (CARRY8=2 DSP_A_B_DATA=3 DSP_ALU=3 DSP_M_DATA=3 DSP_MULTIPLIER=3 DSP_OUTPUT=3 DSP_PREADD_DATA=3 LUT3=1 LUT4=1 LUT5=1 LUT6=9)
  Clock Path Skew:        -0.185ns (DCD - SCD + CPR)
    Destination Clock Delay (DCD):    1.726ns = ( 12.976 - 11.250 ) 
    Source Clock Delay      (SCD):    2.018ns
    Clock Pessimism Removal (CPR):    0.107ns
  Clock Uncertainty:      0.182ns  ((TSJ^2 + DJ^2)^1/2) / 2 + PE
    Total System Jitter     (TSJ):    0.071ns
    Discrete Jitter          (DJ):    0.356ns
    Phase Error              (PE):    0.000ns
  Clock Net Delay (Source):      1.811ns (routing 0.638ns, distribution 1.173ns)
  Clock Net Delay (Destination): 1.559ns (routing 0.576ns, distribution 0.983ns)

    Location             Delay type                Incr(ns)  Path(ns)    Netlist Resource(s)
  -------------------------------------------------------------------    -------------------
                         (clock clk_pl_0 rise edge)
                                                      0.000     0.000 r  
    PS8_X0Y0             PS8                          0.000     0.000 r  design_1_i/zynq_ultra_ps_e_0/inst/PS8_i/PLCLK[0]
                         net (fo=1, routed)           0.178     0.178    design_1_i/zynq_ultra_ps_e_0/inst/pl_clk_unbuffered[0]
    BUFG_PS_X0Y58        BUFG_PS (Prop_BUFG_PS_I_O)
                                                      0.029     0.207 r  design_1_i/zynq_ultra_ps_e_0/inst/buffer_pl_clk_0.PL_CLK_0_BUFG/O
    X0Y1 (CLOCK_ROOT)    net (fo=6524, routed)        1.811     2.018    design_1_i/top_controller_0/inst/u_axi_slave/S_AXI_ACLK
    SLICE_X20Y57         FDRE                                         r  design_1_i/top_controller_0/inst/u_axi_slave/slv_reg3_reg[0]/C
  -------------------------------------------------------------------    -------------------
    SLICE_X20Y57         FDRE (Prop_FFF_SLICEM_C_Q)
                                                      0.094     2.112 r  design_1_i/top_controller_0/inst/u_axi_slave/slv_reg3_reg[0]/Q
                         net (fo=14, routed)          0.183     2.295    design_1_i/top_controller_0/inst/u_axi_slave/Q[0]
    SLICE_X22Y58         LUT3 (Prop_E6LUT_SLICEL_I2_O)
                                                      0.039     2.334 r  design_1_i/top_controller_0/inst/u_axi_slave/p_0_out__3_i_13/O
                         net (fo=4, routed)           0.120     2.454    design_1_i/top_controller_0/inst/u_axi_slave/p_0_out__3_i_13_n_0
    SLICE_X20Y58         LUT6 (Prop_A6LUT_SLICEM_I3_O)
                                                      0.064     2.518 r  design_1_i/top_controller_0/inst/u_axi_slave/g0_b0__3_i_13/O
                         net (fo=2, routed)           0.114     2.632    design_1_i/top_controller_0/inst/u_axi_slave/g0_b0__3_i_13_n_0
    SLICE_X20Y58         LUT6 (Prop_H6LUT_SLICEM_I4_O)
                                                      0.041     2.673 r  design_1_i/top_controller_0/inst/u_axi_slave/consistency_cnt[31]_i_20__12/O
                         net (fo=3, routed)           0.196     2.869    design_1_i/top_controller_0/inst/u_axi_slave/consistency_cnt[31]_i_20__12_n_0
    SLICE_X20Y59         LUT6 (Prop_D6LUT_SLICEM_I5_O)
                                                      0.038     2.907 r  design_1_i/top_controller_0/inst/u_axi_slave/g0_b0__3_i_7/O
                         net (fo=11, routed)          0.132     3.039    design_1_i/top_controller_0/inst/u_axi_slave/g0_b0__3_i_7_n_0
    SLICE_X20Y59         LUT6 (Prop_H6LUT_SLICEM_I5_O)
                                                      0.041     3.080 r  design_1_i/top_controller_0/inst/u_axi_slave/g0_b0__3_i_2/O
                         net (fo=85, routed)          0.284     3.364    design_1_i/top_controller_0/inst/u_axi_slave_n_577
    SLICE_X18Y60         LUT5 (Prop_A6LUT_SLICEL_I1_O)
                                                      0.115     3.479 r  design_1_i/top_controller_0/inst/g0_b3__3/O
                         net (fo=8, routed)           0.115     3.594    design_1_i/top_controller_0/inst/g0_b3__3_n_0
    SLICE_X19Y60         LUT6 (Prop_D6LUT_SLICEM_I5_O)
                                                      0.038     3.632 r  design_1_i/top_controller_0/inst/g0_b3__4__0/O
                         net (fo=1, routed)           0.026     3.658    design_1_i/top_controller_0/inst/u_axi_slave/DSP_A_B_DATA_INST_8[3]
    SLICE_X19Y60         CARRY8 (Prop_CARRY8_SLICEM_S[3]_CO[7])
                                                      0.206     3.864 r  design_1_i/top_controller_0/inst/u_axi_slave/p_0_out__3_i_9/CO[7]
                         net (fo=1, routed)           0.028     3.892    design_1_i/top_controller_0/inst/u_axi_slave/p_0_out__3_i_9_n_0
    SLICE_X19Y61         CARRY8 (Prop_CARRY8_SLICEM_CI_O[0])
                                                      0.072     3.964 f  design_1_i/top_controller_0/inst/u_axi_slave/p_0_out__3_i_8/O[0]
                         net (fo=1, routed)           0.331     4.295    design_1_i/top_controller_0/inst/u_preprocessor/p_0_out__3/A[8]
    DSP48E2_X1Y24        DSP_A_B_DATA (Prop_DSP_A_B_DATA_DSP48E2_A[8]_A2_DATA[8])
                                                      0.241     4.536 r  design_1_i/top_controller_0/inst/u_preprocessor/p_0_out__3/DSP_A_B_DATA_INST/A2_DATA[8]
                         net (fo=1, routed)           0.000     4.536    design_1_i/top_controller_0/inst/u_preprocessor/p_0_out__3/DSP_A_B_DATA.A2_DATA<8>
    DSP48E2_X1Y24        DSP_PREADD_DATA (Prop_DSP_PREADD_DATA_DSP48E2_A2_DATA[8]_A2A1[8])
                                                      0.098     4.634 r  design_1_i/top_controller_0/inst/u_preprocessor/p_0_out__3/DSP_PREADD_DATA_INST/A2A1[8]
                         net (fo=1, routed)           0.000     4.634    design_1_i/top_controller_0/inst/u_preprocessor/p_0_out__3/DSP_PREADD_DATA.A2A1<8>
    DSP48E2_X1Y24        DSP_MULTIPLIER (Prop_DSP_MULTIPLIER_DSP48E2_A2A1[8]_U[9])
                                                      0.647     5.281 f  design_1_i/top_controller_0/inst/u_preprocessor/p_0_out__3/DSP_MULTIPLIER_INST/U[9]
                         net (fo=1, routed)           0.000     5.281    design_1_i/top_controller_0/inst/u_preprocessor/p_0_out__3/DSP_MULTIPLIER.U<9>
    DSP48E2_X1Y24        DSP_M_DATA (Prop_DSP_M_DATA_DSP48E2_U[9]_U_DATA[9])
                                                      0.059     5.340 r  design_1_i/top_controller_0/inst/u_preprocessor/p_0_out__3/DSP_M_DATA_INST/U_DATA[9]
                         net (fo=1, routed)           0.000     5.340    design_1_i/top_controller_0/inst/u_preprocessor/p_0_out__3/DSP_M_DATA.U_DATA<9>
    DSP48E2_X1Y24        DSP_ALU (Prop_DSP_ALU_DSP48E2_U_DATA[9]_ALU_OUT[9])
                                                      0.699     6.039 f  design_1_i/top_controller_0/inst/u_preprocessor/p_0_out__3/DSP_ALU_INST/ALU_OUT[9]
                         net (fo=1, routed)           0.000     6.039    design_1_i/top_controller_0/inst/u_preprocessor/p_0_out__3/DSP_ALU.ALU_OUT<9>
    DSP48E2_X1Y24        DSP_OUTPUT (Prop_DSP_OUTPUT_DSP48E2_ALU_OUT[9]_P[9])
                                                      0.141     6.180 r  design_1_i/top_controller_0/inst/u_preprocessor/p_0_out__3/DSP_OUTPUT_INST/P[9]
                         net (fo=3, routed)           0.193     6.373    design_1_i/top_controller_0/inst/u_axi_slave/p_0_out__4_i_8_0[2]
    SLICE_X19Y61         LUT6 (Prop_F6LUT_SLICEM_I1_O)
                                                      0.148     6.521 r  design_1_i/top_controller_0/inst/u_axi_slave/p_0_out__4_i_22/O
                         net (fo=7, routed)           0.228     6.750    design_1_i/top_controller_0/inst/u_axi_slave/p_0_out__4_i_22_n_0
    SLICE_X18Y63         LUT6 (Prop_A6LUT_SLICEL_I5_O)
                                                      0.039     6.789 r  design_1_i/top_controller_0/inst/u_axi_slave/p_0_out__4_i_18/O
                         net (fo=4, routed)           0.118     6.906    design_1_i/top_controller_0/inst/u_axi_slave/p_0_out__4_i_18_n_0
    SLICE_X18Y65         LUT6 (Prop_C6LUT_SLICEL_I5_O)
                                                      0.113     7.019 f  design_1_i/top_controller_0/inst/u_axi_slave/p_0_out__4_i_16/O
                         net (fo=3, routed)           0.058     7.077    design_1_i/top_controller_0/inst/u_axi_slave/p_0_out__4_i_16_n_0
    SLICE_X18Y65         LUT6 (Prop_D6LUT_SLICEL_I1_O)
                                                      0.039     7.116 r  design_1_i/top_controller_0/inst/u_axi_slave/p_0_out__4_i_14/O
                         net (fo=2, routed)           0.051     7.168    design_1_i/top_controller_0/inst/u_axi_slave/p_0_out__4_i_14_n_0
    SLICE_X18Y65         LUT4 (Prop_E6LUT_SLICEL_I3_O)
                                                      0.039     7.207 f  design_1_i/top_controller_0/inst/u_axi_slave/p_0_out__4_i_1/O
                         net (fo=19, routed)          0.349     7.555    design_1_i/top_controller_0/inst/u_preprocessor/p_0_out__4/A[12]
    DSP48E2_X1Y26        DSP_A_B_DATA (Prop_DSP_A_B_DATA_DSP48E2_A[12]_A2_DATA[12])
                                                      0.241     7.796 r  design_1_i/top_controller_0/inst/u_preprocessor/p_0_out__4/DSP_A_B_DATA_INST/A2_DATA[12]
                         net (fo=1, routed)           0.000     7.796    design_1_i/top_controller_0/inst/u_preprocessor/p_0_out__4/DSP_A_B_DATA.A2_DATA<12>
    DSP48E2_X1Y26        DSP_PREADD_DATA (Prop_DSP_PREADD_DATA_DSP48E2_A2_DATA[12]_A2A1[12])
                                                      0.098     7.894 r  design_1_i/top_controller_0/inst/u_preprocessor/p_0_out__4/DSP_PREADD_DATA_INST/A2A1[12]
                         net (fo=1, routed)           0.000     7.894    design_1_i/top_controller_0/inst/u_preprocessor/p_0_out__4/DSP_PREADD_DATA.A2A1<12>
    DSP48E2_X1Y26        DSP_MULTIPLIER (Prop_DSP_MULTIPLIER_DSP48E2_A2A1[12]_V[12])
                                                      0.648     8.542 f  design_1_i/top_controller_0/inst/u_preprocessor/p_0_out__4/DSP_MULTIPLIER_INST/V[12]
                         net (fo=1, routed)           0.000     8.542    design_1_i/top_controller_0/inst/u_preprocessor/p_0_out__4/DSP_MULTIPLIER.V<12>
    DSP48E2_X1Y26        DSP_M_DATA (Prop_DSP_M_DATA_DSP48E2_V[12]_V_DATA[12])
                                                      0.057     8.599 r  design_1_i/top_controller_0/inst/u_preprocessor/p_0_out__4/DSP_M_DATA_INST/V_DATA[12]
                         net (fo=1, routed)           0.000     8.599    design_1_i/top_controller_0/inst/u_preprocessor/p_0_out__4/DSP_M_DATA.V_DATA<12>
    DSP48E2_X1Y26        DSP_ALU (Prop_DSP_ALU_DSP48E2_V_DATA[12]_ALU_OUT[12])
                                                      0.688     9.287 r  design_1_i/top_controller_0/inst/u_preprocessor/p_0_out__4/DSP_ALU_INST/ALU_OUT[12]
                         net (fo=1, routed)           0.000     9.287    design_1_i/top_controller_0/inst/u_preprocessor/p_0_out__4/DSP_ALU.ALU_OUT<12>
    DSP48E2_X1Y26        DSP_OUTPUT (Prop_DSP_OUTPUT_DSP48E2_ALU_OUT[12]_P[12])
                                                      0.141     9.428 f  design_1_i/top_controller_0/inst/u_preprocessor/p_0_out__4/DSP_OUTPUT_INST/P[12]
                         net (fo=1, routed)           0.391     9.819    design_1_i/top_controller_0/inst/u_preprocessor/p_0_out__6/A[12]
    DSP48E2_X1Y27        DSP_A_B_DATA (Prop_DSP_A_B_DATA_DSP48E2_A[12]_A2_DATA[12])
                                                      0.241    10.060 r  design_1_i/top_controller_0/inst/u_preprocessor/p_0_out__6/DSP_A_B_DATA_INST/A2_DATA[12]
                         net (fo=1, routed)           0.000    10.060    design_1_i/top_controller_0/inst/u_preprocessor/p_0_out__6/DSP_A_B_DATA.A2_DATA<12>
    DSP48E2_X1Y27        DSP_PREADD_DATA (Prop_DSP_PREADD_DATA_DSP48E2_A2_DATA[12]_A2A1[12])
                                                      0.098    10.158 r  design_1_i/top_controller_0/inst/u_preprocessor/p_0_out__6/DSP_PREADD_DATA_INST/A2A1[12]
                         net (fo=1, routed)           0.000    10.158    design_1_i/top_controller_0/inst/u_preprocessor/p_0_out__6/DSP_PREADD_DATA.A2A1<12>
    DSP48E2_X1Y27        DSP_MULTIPLIER (Prop_DSP_MULTIPLIER_DSP48E2_A2A1[12]_U[24])
                                                      0.647    10.805 f  design_1_i/top_controller_0/inst/u_preprocessor/p_0_out__6/DSP_MULTIPLIER_INST/U[24]
                         net (fo=1, routed)           0.000    10.805    design_1_i/top_controller_0/inst/u_preprocessor/p_0_out__6/DSP_MULTIPLIER.U<24>
    DSP48E2_X1Y27        DSP_M_DATA (Prop_DSP_M_DATA_DSP48E2_U[24]_U_DATA[24])
                                                      0.059    10.864 r  design_1_i/top_controller_0/inst/u_preprocessor/p_0_out__6/DSP_M_DATA_INST/U_DATA[24]
                         net (fo=1, routed)           0.000    10.864    design_1_i/top_controller_0/inst/u_preprocessor/p_0_out__6/DSP_M_DATA.U_DATA<24>
    DSP48E2_X1Y27        DSP_ALU (Prop_DSP_ALU_DSP48E2_U_DATA[24]_ALU_OUT[24])
                                                      0.699    11.563 f  design_1_i/top_controller_0/inst/u_preprocessor/p_0_out__6/DSP_ALU_INST/ALU_OUT[24]
                         net (fo=1, routed)           0.000    11.563    design_1_i/top_controller_0/inst/u_preprocessor/p_0_out__6/DSP_ALU.ALU_OUT<24>
    DSP48E2_X1Y27        DSP_OUTPUT (Prop_DSP_OUTPUT_DSP48E2_ALU_OUT[24]_P[24])
                                                      0.141    11.704 r  design_1_i/top_controller_0/inst/u_preprocessor/p_0_out__6/DSP_OUTPUT_INST/P[24]
                         net (fo=4, routed)           0.518    12.222    design_1_i/top_controller_0/inst/u_preprocessor/grav_y[4]
    SLICE_X19Y68         FDRE                                         r  design_1_i/top_controller_0/inst/u_preprocessor/pred_data_out_reg[pred_accel_y_2][4]/D
  -------------------------------------------------------------------    -------------------

                         (clock clk_pl_0 rise edge)
                                                     11.250    11.250 r  
    PS8_X0Y0             PS8                          0.000    11.250 r  design_1_i/zynq_ultra_ps_e_0/inst/PS8_i/PLCLK[0]
                         net (fo=1, routed)           0.140    11.390    design_1_i/zynq_ultra_ps_e_0/inst/pl_clk_unbuffered[0]
    BUFG_PS_X0Y58        BUFG_PS (Prop_BUFG_PS_I_O)
                                                      0.027    11.417 r  design_1_i/zynq_ultra_ps_e_0/inst/buffer_pl_clk_0.PL_CLK_0_BUFG/O
    X0Y1 (CLOCK_ROOT)    net (fo=6524, routed)        1.559    12.976    design_1_i/top_controller_0/inst/u_preprocessor/S_AXI_ACLK
    SLICE_X19Y68         FDRE                                         r  design_1_i/top_controller_0/inst/u_preprocessor/pred_data_out_reg[pred_accel_y_2][4]/C
                         clock pessimism              0.107    13.083    
                         clock uncertainty           -0.182    12.901    
    SLICE_X19Y68         FDRE (Setup_FFF_SLICEM_C_D)
                                                      0.027    12.928    design_1_i/top_controller_0/inst/u_preprocessor/pred_data_out_reg[pred_accel_y_2][4]
  -------------------------------------------------------------------
                         required time                         12.928    
                         arrival time                         -12.222    
  -------------------------------------------------------------------
                         slack                                  0.706    

Slack (MET) :             0.785ns  (required time - arrival time)
  Source:                 design_1_i/top_controller_0/inst/u_axi_slave/slv_reg3_reg[0]/C
                            (rising edge-triggered cell FDRE clocked by clk_pl_0  {rise@0.000ns fall@5.625ns period=11.250ns})
  Destination:            design_1_i/top_controller_0/inst/u_preprocessor/pred_data_out_reg[pred_accel_z_1][4]/D
                            (rising edge-triggered cell FDRE clocked by clk_pl_0  {rise@0.000ns fall@5.625ns period=11.250ns})
  Path Group:             clk_pl_0
  Path Type:              Setup (Max at Slow Process Corner)
  Requirement:            11.250ns  (clk_pl_0 rise@11.250ns - clk_pl_0 rise@0.000ns)
  Data Path Delay:        10.186ns  (logic 7.079ns (69.500%)  route 3.107ns (30.500%))
  Logic Levels:           31  (CARRY8=5 DSP_A_B_DATA=3 DSP_ALU=3 DSP_M_DATA=3 DSP_MULTIPLIER=3 DSP_OUTPUT=3 DSP_PREADD_DATA=3 LUT2=2 LUT3=1 LUT5=1 LUT6=4)
  Clock Path Skew:        -0.125ns (DCD - SCD + CPR)
    Destination Clock Delay (DCD):    1.732ns = ( 12.982 - 11.250 ) 
    Source Clock Delay      (SCD):    2.018ns
    Clock Pessimism Removal (CPR):    0.161ns
  Clock Uncertainty:      0.182ns  ((TSJ^2 + DJ^2)^1/2) / 2 + PE
    Total System Jitter     (TSJ):    0.071ns
    Discrete Jitter          (DJ):    0.356ns
    Phase Error              (PE):    0.000ns
  Clock Net Delay (Source):      1.811ns (routing 0.638ns, distribution 1.173ns)
  Clock Net Delay (Destination): 1.565ns (routing 0.576ns, distribution 0.989ns)

    Location             Delay type                Incr(ns)  Path(ns)    Netlist Resource(s)
  -------------------------------------------------------------------    -------------------
                         (clock clk_pl_0 rise edge)
                                                      0.000     0.000 r  
    PS8_X0Y0             PS8                          0.000     0.000 r  design_1_i/zynq_ultra_ps_e_0/inst/PS8_i/PLCLK[0]
                         net (fo=1, routed)           0.178     0.178    design_1_i/zynq_ultra_ps_e_0/inst/pl_clk_unbuffered[0]
    BUFG_PS_X0Y58        BUFG_PS (Prop_BUFG_PS_I_O)
                                                      0.029     0.207 r  design_1_i/zynq_ultra_ps_e_0/inst/buffer_pl_clk_0.PL_CLK_0_BUFG/O
    X0Y1 (CLOCK_ROOT)    net (fo=6524, routed)        1.811     2.018    design_1_i/top_controller_0/inst/u_axi_slave/S_AXI_ACLK
    SLICE_X20Y57         FDRE                                         r  design_1_i/top_controller_0/inst/u_axi_slave/slv_reg3_reg[0]/C
  -------------------------------------------------------------------    -------------------
    SLICE_X20Y57         FDRE (Prop_FFF_SLICEM_C_Q)
                                                      0.094     2.112 r  design_1_i/top_controller_0/inst/u_axi_slave/slv_reg3_reg[0]/Q
                         net (fo=14, routed)          0.183     2.295    design_1_i/top_controller_0/inst/u_axi_slave/Q[0]
    SLICE_X22Y58         LUT3 (Prop_E6LUT_SLICEL_I2_O)
                                                      0.039     2.334 r  design_1_i/top_controller_0/inst/u_axi_slave/p_0_out__3_i_13/O
                         net (fo=4, routed)           0.120     2.454    design_1_i/top_controller_0/inst/u_axi_slave/p_0_out__3_i_13_n_0
    SLICE_X20Y58         LUT6 (Prop_A6LUT_SLICEM_I3_O)
                                                      0.064     2.518 r  design_1_i/top_controller_0/inst/u_axi_slave/g0_b0__3_i_13/O
                         net (fo=2, routed)           0.114     2.632    design_1_i/top_controller_0/inst/u_axi_slave/g0_b0__3_i_13_n_0
    SLICE_X20Y58         LUT6 (Prop_H6LUT_SLICEM_I4_O)
                                                      0.041     2.673 f  design_1_i/top_controller_0/inst/u_axi_slave/consistency_cnt[31]_i_20__12/O
                         net (fo=3, routed)           0.196     2.869    design_1_i/top_controller_0/inst/u_axi_slave/consistency_cnt[31]_i_20__12_n_0
    SLICE_X20Y59         LUT6 (Prop_D6LUT_SLICEM_I5_O)
                                                      0.038     2.907 f  design_1_i/top_controller_0/inst/u_axi_slave/g0_b0__3_i_7/O
                         net (fo=11, routed)          0.074     2.981    design_1_i/top_controller_0/inst/u_axi_slave/g0_b0__3_i_7_n_0
    SLICE_X20Y59         LUT2 (Prop_A6LUT_SLICEM_I1_O)
                                                      0.064     3.045 r  design_1_i/top_controller_0/inst/u_axi_slave/g0_b0__3_i_4/O
                         net (fo=88, routed)          0.240     3.285    design_1_i/top_controller_0/inst/u_axi_slave_n_54
    SLICE_X21Y58         LUT5 (Prop_H5LUT_SLICEL_I3_O)
                                                      0.195     3.480 r  design_1_i/top_controller_0/inst/g0_b7__10/O
                         net (fo=2, routed)           0.310     3.790    design_1_i/top_controller_0/inst/u_axi_slave/p_0_out__9_i_1_1[7]
    SLICE_X21Y56         CARRY8 (Prop_CARRY8_SLICEL_DI[7]_CO[7])
                                                      0.068     3.858 r  design_1_i/top_controller_0/inst/u_axi_slave/p_0_out__9_i_2/CO[7]
                         net (fo=1, routed)           0.028     3.886    design_1_i/top_controller_0/inst/u_axi_slave/p_0_out__9_i_2_n_0
    SLICE_X21Y57         CARRY8 (Prop_CARRY8_SLICEL_CI_O[1])
                                                      0.097     3.983 f  design_1_i/top_controller_0/inst/u_axi_slave/p_0_out__9_i_1/O[1]
                         net (fo=1, routed)           0.350     4.333    design_1_i/top_controller_0/inst/u_preprocessor/p_0_out__9/A[9]
    DSP48E2_X1Y22        DSP_A_B_DATA (Prop_DSP_A_B_DATA_DSP48E2_A[9]_A2_DATA[9])
                                                      0.241     4.574 r  design_1_i/top_controller_0/inst/u_preprocessor/p_0_out__9/DSP_A_B_DATA_INST/A2_DATA[9]
                         net (fo=1, routed)           0.000     4.574    design_1_i/top_controller_0/inst/u_preprocessor/p_0_out__9/DSP_A_B_DATA.A2_DATA<9>
    DSP48E2_X1Y22        DSP_PREADD_DATA (Prop_DSP_PREADD_DATA_DSP48E2_A2_DATA[9]_A2A1[9])
                                                      0.098     4.672 r  design_1_i/top_controller_0/inst/u_preprocessor/p_0_out__9/DSP_PREADD_DATA_INST/A2A1[9]
                         net (fo=1, routed)           0.000     4.672    design_1_i/top_controller_0/inst/u_preprocessor/p_0_out__9/DSP_PREADD_DATA.A2A1<9>
    DSP48E2_X1Y22        DSP_MULTIPLIER (Prop_DSP_MULTIPLIER_DSP48E2_A2A1[9]_V[9])
                                                      0.648     5.320 f  design_1_i/top_controller_0/inst/u_preprocessor/p_0_out__9/DSP_MULTIPLIER_INST/V[9]
                         net (fo=1, routed)           0.000     5.320    design_1_i/top_controller_0/inst/u_preprocessor/p_0_out__9/DSP_MULTIPLIER.V<9>
    DSP48E2_X1Y22        DSP_M_DATA (Prop_DSP_M_DATA_DSP48E2_V[9]_V_DATA[9])
                                                      0.057     5.377 r  design_1_i/top_controller_0/inst/u_preprocessor/p_0_out__9/DSP_M_DATA_INST/V_DATA[9]
                         net (fo=1, routed)           0.000     5.377    design_1_i/top_controller_0/inst/u_preprocessor/p_0_out__9/DSP_M_DATA.V_DATA<9>
    DSP48E2_X1Y22        DSP_ALU (Prop_DSP_ALU_DSP48E2_V_DATA[9]_ALU_OUT[9])
                                                      0.688     6.065 f  design_1_i/top_controller_0/inst/u_preprocessor/p_0_out__9/DSP_ALU_INST/ALU_OUT[9]
                         net (fo=1, routed)           0.000     6.065    design_1_i/top_controller_0/inst/u_preprocessor/p_0_out__9/DSP_ALU.ALU_OUT<9>
    DSP48E2_X1Y22        DSP_OUTPUT (Prop_DSP_OUTPUT_DSP48E2_ALU_OUT[9]_P[9])
                                                      0.141     6.206 r  design_1_i/top_controller_0/inst/u_preprocessor/p_0_out__9/DSP_OUTPUT_INST/P[9]
                         net (fo=1, routed)           0.189     6.395    design_1_i/top_controller_0/inst/u_preprocessor_n_28
    SLICE_X19Y56         LUT6 (Prop_C6LUT_SLICEM_I5_O)
                                                      0.174     6.569 r  design_1_i/top_controller_0/inst/g0_b2__10__0/O
                         net (fo=1, routed)           0.023     6.592    design_1_i/top_controller_0/inst/u_axi_slave/DSP_A_B_DATA_INST_17[2]
    SLICE_X19Y56         CARRY8 (Prop_CARRY8_SLICEM_S[2]_CO[7])
                                                      0.203     6.795 r  design_1_i/top_controller_0/inst/u_axi_slave/p_0_out__10_i_2/CO[7]
                         net (fo=1, routed)           0.028     6.823    design_1_i/top_controller_0/inst/u_axi_slave/p_0_out__10_i_2_n_0
    SLICE_X19Y57         CARRY8 (Prop_CARRY8_SLICEM_CI_O[3])
                                                      0.104     6.927 f  design_1_i/top_controller_0/inst/u_axi_slave/p_0_out__10_i_1/O[3]
                         net (fo=19, routed)          0.525     7.452    design_1_i/top_controller_0/inst/u_preprocessor/p_0_out__10/A[13]
    DSP48E2_X1Y20        DSP_A_B_DATA (Prop_DSP_A_B_DATA_DSP48E2_A[13]_A2_DATA[13])
                                                      0.241     7.693 r  design_1_i/top_controller_0/inst/u_preprocessor/p_0_out__10/DSP_A_B_DATA_INST/A2_DATA[13]
                         net (fo=1, routed)           0.000     7.693    design_1_i/top_controller_0/inst/u_preprocessor/p_0_out__10/DSP_A_B_DATA.A2_DATA<13>
    DSP48E2_X1Y20        DSP_PREADD_DATA (Prop_DSP_PREADD_DATA_DSP48E2_A2_DATA[13]_A2A1[13])
                                                      0.098     7.791 r  design_1_i/top_controller_0/inst/u_preprocessor/p_0_out__10/DSP_PREADD_DATA_INST/A2A1[13]
                         net (fo=1, routed)           0.000     7.791    design_1_i/top_controller_0/inst/u_preprocessor/p_0_out__10/DSP_PREADD_DATA.A2A1<13>
    DSP48E2_X1Y20        DSP_MULTIPLIER (Prop_DSP_MULTIPLIER_DSP48E2_A2A1[13]_U[22])
                                                      0.647     8.438 f  design_1_i/top_controller_0/inst/u_preprocessor/p_0_out__10/DSP_MULTIPLIER_INST/U[22]
                         net (fo=1, routed)           0.000     8.438    design_1_i/top_controller_0/inst/u_preprocessor/p_0_out__10/DSP_MULTIPLIER.U<22>
    DSP48E2_X1Y20        DSP_M_DATA (Prop_DSP_M_DATA_DSP48E2_U[22]_U_DATA[22])
                                                      0.059     8.497 r  design_1_i/top_controller_0/inst/u_preprocessor/p_0_out__10/DSP_M_DATA_INST/U_DATA[22]
                         net (fo=1, routed)           0.000     8.497    design_1_i/top_controller_0/inst/u_preprocessor/p_0_out__10/DSP_M_DATA.U_DATA<22>
    DSP48E2_X1Y20        DSP_ALU (Prop_DSP_ALU_DSP48E2_U_DATA[22]_ALU_OUT[22])
                                                      0.699     9.196 r  design_1_i/top_controller_0/inst/u_preprocessor/p_0_out__10/DSP_ALU_INST/ALU_OUT[22]
                         net (fo=1, routed)           0.000     9.196    design_1_i/top_controller_0/inst/u_preprocessor/p_0_out__10/DSP_ALU.ALU_OUT<22>
    DSP48E2_X1Y20        DSP_OUTPUT (Prop_DSP_OUTPUT_DSP48E2_ALU_OUT[22]_P[22])
                                                      0.141     9.337 f  design_1_i/top_controller_0/inst/u_preprocessor/p_0_out__10/DSP_OUTPUT_INST/P[22]
                         net (fo=8, routed)           0.334     9.671    design_1_i/top_controller_0/inst/u_preprocessor/p_0_out__11/A[22]
    DSP48E2_X1Y21        DSP_A_B_DATA (Prop_DSP_A_B_DATA_DSP48E2_A[22]_A2_DATA[22])
                                                      0.241     9.912 r  design_1_i/top_controller_0/inst/u_preprocessor/p_0_out__11/DSP_A_B_DATA_INST/A2_DATA[22]
                         net (fo=1, routed)           0.000     9.912    design_1_i/top_controller_0/inst/u_preprocessor/p_0_out__11/DSP_A_B_DATA.A2_DATA<22>
    DSP48E2_X1Y21        DSP_PREADD_DATA (Prop_DSP_PREADD_DATA_DSP48E2_A2_DATA[22]_A2A1[22])
                                                      0.098    10.010 r  design_1_i/top_controller_0/inst/u_preprocessor/p_0_out__11/DSP_PREADD_DATA_INST/A2A1[22]
                         net (fo=1, routed)           0.000    10.010    design_1_i/top_controller_0/inst/u_preprocessor/p_0_out__11/DSP_PREADD_DATA.A2A1<22>
    DSP48E2_X1Y21        DSP_MULTIPLIER (Prop_DSP_MULTIPLIER_DSP48E2_A2A1[22]_V[22])
                                                      0.648    10.658 f  design_1_i/top_controller_0/inst/u_preprocessor/p_0_out__11/DSP_MULTIPLIER_INST/V[22]
                         net (fo=1, routed)           0.000    10.658    design_1_i/top_controller_0/inst/u_preprocessor/p_0_out__11/DSP_MULTIPLIER.V<22>
    DSP48E2_X1Y21        DSP_M_DATA (Prop_DSP_M_DATA_DSP48E2_V[22]_V_DATA[22])
                                                      0.057    10.715 r  design_1_i/top_controller_0/inst/u_preprocessor/p_0_out__11/DSP_M_DATA_INST/V_DATA[22]
                         net (fo=1, routed)           0.000    10.715    design_1_i/top_controller_0/inst/u_preprocessor/p_0_out__11/DSP_M_DATA.V_DATA<22>
    DSP48E2_X1Y21        DSP_ALU (Prop_DSP_ALU_DSP48E2_V_DATA[22]_ALU_OUT[22])
                                                      0.688    11.403 f  design_1_i/top_controller_0/inst/u_preprocessor/p_0_out__11/DSP_ALU_INST/ALU_OUT[22]
                         net (fo=1, routed)           0.000    11.403    design_1_i/top_controller_0/inst/u_preprocessor/p_0_out__11/DSP_ALU.ALU_OUT<22>
    DSP48E2_X1Y21        DSP_OUTPUT (Prop_DSP_OUTPUT_DSP48E2_ALU_OUT[22]_P[22])
                                                      0.141    11.544 r  design_1_i/top_controller_0/inst/u_preprocessor/p_0_out__11/DSP_OUTPUT_INST/P[22]
                         net (fo=2, routed)           0.350    11.895    design_1_i/top_controller_0/inst/u_preprocessor/grav_z[2]
    SLICE_X18Y56         LUT2 (Prop_B6LUT_SLICEL_I1_O)
                                                      0.115    12.010 r  design_1_i/top_controller_0/inst/u_preprocessor/pred_data_out[pred_accel_z_1][8]_i_9/O
                         net (fo=1, routed)           0.010    12.020    design_1_i/top_controller_0/inst/u_preprocessor/pred_data_out[pred_accel_z_1][8]_i_9_n_0
    SLICE_X18Y56         CARRY8 (Prop_CARRY8_SLICEL_S[1]_O[3])
                                                      0.152    12.172 r  design_1_i/top_controller_0/inst/u_preprocessor/pred_data_out_reg[pred_accel_z_1][8]_i_1/O[3]
                         net (fo=1, routed)           0.032    12.204    design_1_i/top_controller_0/inst/u_preprocessor/pred_data_out_reg[pred_accel_z_1][8]_i_1_n_12
    SLICE_X18Y56         FDRE                                         r  design_1_i/top_controller_0/inst/u_preprocessor/pred_data_out_reg[pred_accel_z_1][4]/D
  -------------------------------------------------------------------    -------------------

                         (clock clk_pl_0 rise edge)
                                                     11.250    11.250 r  
    PS8_X0Y0             PS8                          0.000    11.250 r  design_1_i/zynq_ultra_ps_e_0/inst/PS8_i/PLCLK[0]
                         net (fo=1, routed)           0.140    11.390    design_1_i/zynq_ultra_ps_e_0/inst/pl_clk_unbuffered[0]
    BUFG_PS_X0Y58        BUFG_PS (Prop_BUFG_PS_I_O)
                                                      0.027    11.417 r  design_1_i/zynq_ultra_ps_e_0/inst/buffer_pl_clk_0.PL_CLK_0_BUFG/O
    X0Y1 (CLOCK_ROOT)    net (fo=6524, routed)        1.565    12.982    design_1_i/top_controller_0/inst/u_preprocessor/S_AXI_ACLK
    SLICE_X18Y56         FDRE                                         r  design_1_i/top_controller_0/inst/u_preprocessor/pred_data_out_reg[pred_accel_z_1][4]/C
                         clock pessimism              0.161    13.143    
                         clock uncertainty           -0.182    12.961    
    SLICE_X18Y56         FDRE (Setup_DFF_SLICEL_C_D)
                                                      0.027    12.988    design_1_i/top_controller_0/inst/u_preprocessor/pred_data_out_reg[pred_accel_z_1][4]
  -------------------------------------------------------------------
                         required time                         12.988    
                         arrival time                         -12.204    
  -------------------------------------------------------------------
                         slack                                  0.785    





Min Delay Paths
--------------------------------------------------------------------------------------
Slack (MET) :             0.005ns  (arrival time - required time)
  Source:                 design_1_i/top_controller_0/inst/u_axi_slave/slv_reg8_reg[20]/C
                            (rising edge-triggered cell FDRE clocked by clk_pl_0  {rise@0.000ns fall@5.625ns period=11.250ns})
  Destination:            design_1_i/top_controller_0/inst/u_preprocessor/processed_data_out_reg[delta_speed_z][2]/D
                            (rising edge-triggered cell FDRE clocked by clk_pl_0  {rise@0.000ns fall@5.625ns period=11.250ns})
  Path Group:             clk_pl_0
  Path Type:              Hold (Min at Slow Process Corner)
  Requirement:            0.000ns  (clk_pl_0 rise@0.000ns - clk_pl_0 rise@0.000ns)
  Data Path Delay:        0.213ns  (logic 0.128ns (60.098%)  route 0.085ns (39.902%))
  Logic Levels:           2  (CARRY8=1 LUT2=1)
  Clock Path Skew:        0.155ns (DCD - SCD - CPR)
    Destination Clock Delay (DCD):    1.970ns
    Source Clock Delay      (SCD):    1.708ns
    Clock Pessimism Removal (CPR):    0.107ns
  Clock Net Delay (Source):      1.541ns (routing 0.576ns, distribution 0.965ns)
  Clock Net Delay (Destination): 1.763ns (routing 0.638ns, distribution 1.125ns)

    Location             Delay type                Incr(ns)  Path(ns)    Netlist Resource(s)
  -------------------------------------------------------------------    -------------------
                         (clock clk_pl_0 rise edge)
                                                      0.000     0.000 r  
    PS8_X0Y0             PS8                          0.000     0.000 r  design_1_i/zynq_ultra_ps_e_0/inst/PS8_i/PLCLK[0]
                         net (fo=1, routed)           0.140     0.140    design_1_i/zynq_ultra_ps_e_0/inst/pl_clk_unbuffered[0]
    BUFG_PS_X0Y58        BUFG_PS (Prop_BUFG_PS_I_O)
                                                      0.027     0.167 r  design_1_i/zynq_ultra_ps_e_0/inst/buffer_pl_clk_0.PL_CLK_0_BUFG/O
    X0Y1 (CLOCK_ROOT)    net (fo=6524, routed)        1.541     1.708    design_1_i/top_controller_0/inst/u_axi_slave/S_AXI_ACLK
    SLICE_X10Y59         FDRE                                         r  design_1_i/top_controller_0/inst/u_axi_slave/slv_reg8_reg[20]/C
  -------------------------------------------------------------------    -------------------
    SLICE_X10Y59         FDRE (Prop_BFF_SLICEL_C_Q)
                                                      0.070     1.778 r  design_1_i/top_controller_0/inst/u_axi_slave/slv_reg8_reg[20]/Q
                         net (fo=5, routed)           0.062     1.840    design_1_i/top_controller_0/inst/u_axi_slave/slv_reg8_reg[26]_0[18]
    SLICE_X10Y60         LUT2 (Prop_C6LUT_SLICEL_I0_O)
                                                      0.027     1.867 r  design_1_i/top_controller_0/inst/u_axi_slave/processed_data_out[delta_speed_z][7]_i_7/O
                         net (fo=1, routed)           0.011     1.878    design_1_i/top_controller_0/inst/u_axi_slave/processed_data_out[delta_speed_z][7]_i_7_n_0
    SLICE_X10Y60         CARRY8 (Prop_CARRY8_SLICEL_S[2]_O[2])
                                                      0.031     1.909 r  design_1_i/top_controller_0/inst/u_axi_slave/processed_data_out_reg[delta_speed_z][7]_i_1/O[2]
                         net (fo=1, routed)           0.012     1.921    design_1_i/top_controller_0/inst/u_preprocessor/processed_data_out_reg[delta_speed_z][14]_1[2]
    SLICE_X10Y60         FDRE                                         r  design_1_i/top_controller_0/inst/u_preprocessor/processed_data_out_reg[delta_speed_z][2]/D
  -------------------------------------------------------------------    -------------------

                         (clock clk_pl_0 rise edge)
                                                      0.000     0.000 r  
    PS8_X0Y0             PS8                          0.000     0.000 r  design_1_i/zynq_ultra_ps_e_0/inst/PS8_i/PLCLK[0]
                         net (fo=1, routed)           0.178     0.178    design_1_i/zynq_ultra_ps_e_0/inst/pl_clk_unbuffered[0]
    BUFG_PS_X0Y58        BUFG_PS (Prop_BUFG_PS_I_O)
                                                      0.029     0.207 r  design_1_i/zynq_ultra_ps_e_0/inst/buffer_pl_clk_0.PL_CLK_0_BUFG/O
    X0Y1 (CLOCK_ROOT)    net (fo=6524, routed)        1.763     1.970    design_1_i/top_controller_0/inst/u_preprocessor/S_AXI_ACLK
    SLICE_X10Y60         FDRE                                         r  design_1_i/top_controller_0/inst/u_preprocessor/processed_data_out_reg[delta_speed_z][2]/C
                         clock pessimism             -0.107     1.863    
    SLICE_X10Y60         FDRE (Hold_CFF_SLICEL_C_D)
                                                      0.053     1.916    design_1_i/top_controller_0/inst/u_preprocessor/processed_data_out_reg[delta_speed_z][2]
  -------------------------------------------------------------------
                         required time                         -1.916    
                         arrival time                           1.921    
  -------------------------------------------------------------------
                         slack                                  0.005    

Slack (MET) :             0.006ns  (arrival time - required time)
  Source:                 design_1_i/top_controller_0/inst/u_preprocessor/sim_data_out_reg[incline_x][9]/C
                            (rising edge-triggered cell FDRE clocked by clk_pl_0  {rise@0.000ns fall@5.625ns period=11.250ns})
  Destination:            design_1_i/top_controller_0/inst/u_risk_types/sim_data_out_reg[incline_x][9]/D
                            (rising edge-triggered cell FDRE clocked by clk_pl_0  {rise@0.000ns fall@5.625ns period=11.250ns})
  Path Group:             clk_pl_0
  Path Type:              Hold (Min at Slow Process Corner)
  Requirement:            0.000ns  (clk_pl_0 rise@0.000ns - clk_pl_0 rise@0.000ns)
  Data Path Delay:        0.174ns  (logic 0.070ns (40.200%)  route 0.104ns (59.800%))
  Logic Levels:           0  
  Clock Path Skew:        0.115ns (DCD - SCD - CPR)
    Destination Clock Delay (DCD):    1.990ns
    Source Clock Delay      (SCD):    1.714ns
    Clock Pessimism Removal (CPR):    0.161ns
  Clock Net Delay (Source):      1.547ns (routing 0.576ns, distribution 0.971ns)
  Clock Net Delay (Destination): 1.783ns (routing 0.638ns, distribution 1.145ns)

    Location             Delay type                Incr(ns)  Path(ns)    Netlist Resource(s)
  -------------------------------------------------------------------    -------------------
                         (clock clk_pl_0 rise edge)
                                                      0.000     0.000 r  
    PS8_X0Y0             PS8                          0.000     0.000 r  design_1_i/zynq_ultra_ps_e_0/inst/PS8_i/PLCLK[0]
                         net (fo=1, routed)           0.140     0.140    design_1_i/zynq_ultra_ps_e_0/inst/pl_clk_unbuffered[0]
    BUFG_PS_X0Y58        BUFG_PS (Prop_BUFG_PS_I_O)
                                                      0.027     0.167 r  design_1_i/zynq_ultra_ps_e_0/inst/buffer_pl_clk_0.PL_CLK_0_BUFG/O
    X0Y1 (CLOCK_ROOT)    net (fo=6524, routed)        1.547     1.714    design_1_i/top_controller_0/inst/u_preprocessor/S_AXI_ACLK
    SLICE_X7Y57          FDRE                                         r  design_1_i/top_controller_0/inst/u_preprocessor/sim_data_out_reg[incline_x][9]/C
  -------------------------------------------------------------------    -------------------
    SLICE_X7Y57          FDRE (Prop_BFF_SLICEL_C_Q)
                                                      0.070     1.784 r  design_1_i/top_controller_0/inst/u_preprocessor/sim_data_out_reg[incline_x][9]/Q
                         net (fo=2, routed)           0.104     1.888    design_1_i/top_controller_0/inst/u_risk_types/sim_data_out_reg[incline_x][15]_1[9]
    SLICE_X9Y57          FDRE                                         r  design_1_i/top_controller_0/inst/u_risk_types/sim_data_out_reg[incline_x][9]/D
  -------------------------------------------------------------------    -------------------

                         (clock clk_pl_0 rise edge)
                                                      0.000     0.000 r  
    PS8_X0Y0             PS8                          0.000     0.000 r  design_1_i/zynq_ultra_ps_e_0/inst/PS8_i/PLCLK[0]
                         net (fo=1, routed)           0.178     0.178    design_1_i/zynq_ultra_ps_e_0/inst/pl_clk_unbuffered[0]
    BUFG_PS_X0Y58        BUFG_PS (Prop_BUFG_PS_I_O)
                                                      0.029     0.207 r  design_1_i/zynq_ultra_ps_e_0/inst/buffer_pl_clk_0.PL_CLK_0_BUFG/O
    X0Y1 (CLOCK_ROOT)    net (fo=6524, routed)        1.783     1.990    design_1_i/top_controller_0/inst/u_risk_types/S_AXI_ACLK
    SLICE_X9Y57          FDRE                                         r  design_1_i/top_controller_0/inst/u_risk_types/sim_data_out_reg[incline_x][9]/C
                         clock pessimism             -0.161     1.829    
    SLICE_X9Y57          FDRE (Hold_AFF_SLICEM_C_D)
                                                      0.053     1.882    design_1_i/top_controller_0/inst/u_risk_types/sim_data_out_reg[incline_x][9]
  -------------------------------------------------------------------
                         required time                         -1.882    
                         arrival time                           1.888    
  -------------------------------------------------------------------
                         slack                                  0.006    

Slack (MET) :             0.009ns  (arrival time - required time)
  Source:                 design_1_i/top_controller_0/inst/u_axi_slave/slv_reg8_reg[20]/C
                            (rising edge-triggered cell FDRE clocked by clk_pl_0  {rise@0.000ns fall@5.625ns period=11.250ns})
  Destination:            design_1_i/top_controller_0/inst/u_preprocessor/processed_data_out_reg[delta_speed_z][3]/D
                            (rising edge-triggered cell FDRE clocked by clk_pl_0  {rise@0.000ns fall@5.625ns period=11.250ns})
  Path Group:             clk_pl_0
  Path Type:              Hold (Min at Slow Process Corner)
  Requirement:            0.000ns  (clk_pl_0 rise@0.000ns - clk_pl_0 rise@0.000ns)
  Data Path Delay:        0.217ns  (logic 0.134ns (61.756%)  route 0.083ns (38.244%))
  Logic Levels:           1  (CARRY8=1)
  Clock Path Skew:        0.155ns (DCD - SCD - CPR)
    Destination Clock Delay (DCD):    1.970ns
    Source Clock Delay      (SCD):    1.708ns
    Clock Pessimism Removal (CPR):    0.107ns
  Clock Net Delay (Source):      1.541ns (routing 0.576ns, distribution 0.965ns)
  Clock Net Delay (Destination): 1.763ns (routing 0.638ns, distribution 1.125ns)

    Location             Delay type                Incr(ns)  Path(ns)    Netlist Resource(s)
  -------------------------------------------------------------------    -------------------
                         (clock clk_pl_0 rise edge)
                                                      0.000     0.000 r  
    PS8_X0Y0             PS8                          0.000     0.000 r  design_1_i/zynq_ultra_ps_e_0/inst/PS8_i/PLCLK[0]
                         net (fo=1, routed)           0.140     0.140    design_1_i/zynq_ultra_ps_e_0/inst/pl_clk_unbuffered[0]
    BUFG_PS_X0Y58        BUFG_PS (Prop_BUFG_PS_I_O)
                                                      0.027     0.167 r  design_1_i/zynq_ultra_ps_e_0/inst/buffer_pl_clk_0.PL_CLK_0_BUFG/O
    X0Y1 (CLOCK_ROOT)    net (fo=6524, routed)        1.541     1.708    design_1_i/top_controller_0/inst/u_axi_slave/S_AXI_ACLK
    SLICE_X10Y59         FDRE                                         r  design_1_i/top_controller_0/inst/u_axi_slave/slv_reg8_reg[20]/C
  -------------------------------------------------------------------    -------------------
    SLICE_X10Y59         FDRE (Prop_BFF_SLICEL_C_Q)
                                                      0.070     1.778 r  design_1_i/top_controller_0/inst/u_axi_slave/slv_reg8_reg[20]/Q
                         net (fo=5, routed)           0.071     1.849    design_1_i/top_controller_0/inst/u_axi_slave/slv_reg8_reg[26]_0[18]
    SLICE_X10Y60         CARRY8 (Prop_CARRY8_SLICEL_DI[2]_O[3])
                                                      0.064     1.913 r  design_1_i/top_controller_0/inst/u_axi_slave/processed_data_out_reg[delta_speed_z][7]_i_1/O[3]
                         net (fo=1, routed)           0.012     1.925    design_1_i/top_controller_0/inst/u_preprocessor/processed_data_out_reg[delta_speed_z][14]_1[3]
    SLICE_X10Y60         FDRE                                         r  design_1_i/top_controller_0/inst/u_preprocessor/processed_data_out_reg[delta_speed_z][3]/D
  -------------------------------------------------------------------    -------------------

                         (clock clk_pl_0 rise edge)
                                                      0.000     0.000 r  
    PS8_X0Y0             PS8                          0.000     0.000 r  design_1_i/zynq_ultra_ps_e_0/inst/PS8_i/PLCLK[0]
                         net (fo=1, routed)           0.178     0.178    design_1_i/zynq_ultra_ps_e_0/inst/pl_clk_unbuffered[0]
    BUFG_PS_X0Y58        BUFG_PS (Prop_BUFG_PS_I_O)
                                                      0.029     0.207 r  design_1_i/zynq_ultra_ps_e_0/inst/buffer_pl_clk_0.PL_CLK_0_BUFG/O
    X0Y1 (CLOCK_ROOT)    net (fo=6524, routed)        1.763     1.970    design_1_i/top_controller_0/inst/u_preprocessor/S_AXI_ACLK
    SLICE_X10Y60         FDRE                                         r  design_1_i/top_controller_0/inst/u_preprocessor/processed_data_out_reg[delta_speed_z][3]/C
                         clock pessimism             -0.107     1.863    
    SLICE_X10Y60         FDRE (Hold_DFF_SLICEL_C_D)
                                                      0.053     1.916    design_1_i/top_controller_0/inst/u_preprocessor/processed_data_out_reg[delta_speed_z][3]
  -------------------------------------------------------------------
                         required time                         -1.916    
                         arrival time                           1.925    
  -------------------------------------------------------------------
                         slack                                  0.009    

Slack (MET) :             0.017ns  (arrival time - required time)
  Source:                 design_1_i/top_controller_0/inst/u_sensor_reliability/u_chk_approach_speed/flip_history_reg[6]/C
                            (rising edge-triggered cell FDRE clocked by clk_pl_0  {rise@0.000ns fall@5.625ns period=11.250ns})
  Destination:            design_1_i/top_controller_0/inst/u_sensor_reliability/u_chk_approach_speed/flip_history_reg[7]/D
                            (rising edge-triggered cell FDRE clocked by clk_pl_0  {rise@0.000ns fall@5.625ns period=11.250ns})
  Path Group:             clk_pl_0
  Path Type:              Hold (Min at Slow Process Corner)
  Requirement:            0.000ns  (clk_pl_0 rise@0.000ns - clk_pl_0 rise@0.000ns)
  Data Path Delay:        0.172ns  (logic 0.072ns (41.811%)  route 0.100ns (58.189%))
  Logic Levels:           0  
  Clock Path Skew:        0.102ns (DCD - SCD - CPR)
    Destination Clock Delay (DCD):    1.964ns
    Source Clock Delay      (SCD):    1.706ns
    Clock Pessimism Removal (CPR):    0.156ns
  Clock Net Delay (Source):      1.539ns (routing 0.576ns, distribution 0.963ns)
  Clock Net Delay (Destination): 1.757ns (routing 0.638ns, distribution 1.119ns)

    Location             Delay type                Incr(ns)  Path(ns)    Netlist Resource(s)
  -------------------------------------------------------------------    -------------------
                         (clock clk_pl_0 rise edge)
                                                      0.000     0.000 r  
    PS8_X0Y0             PS8                          0.000     0.000 r  design_1_i/zynq_ultra_ps_e_0/inst/PS8_i/PLCLK[0]
                         net (fo=1, routed)           0.140     0.140    design_1_i/zynq_ultra_ps_e_0/inst/pl_clk_unbuffered[0]
    BUFG_PS_X0Y58        BUFG_PS (Prop_BUFG_PS_I_O)
                                                      0.027     0.167 r  design_1_i/zynq_ultra_ps_e_0/inst/buffer_pl_clk_0.PL_CLK_0_BUFG/O
    X0Y1 (CLOCK_ROOT)    net (fo=6524, routed)        1.539     1.706    design_1_i/top_controller_0/inst/u_sensor_reliability/u_chk_approach_speed/S_AXI_ACLK
    SLICE_X18Y98         FDRE                                         r  design_1_i/top_controller_0/inst/u_sensor_reliability/u_chk_approach_speed/flip_history_reg[6]/C
  -------------------------------------------------------------------    -------------------
    SLICE_X18Y98         FDRE (Prop_GFF2_SLICEL_C_Q)
                                                      0.072     1.778 r  design_1_i/top_controller_0/inst/u_sensor_reliability/u_chk_approach_speed/flip_history_reg[6]/Q
                         net (fo=4, routed)           0.100     1.878    design_1_i/top_controller_0/inst/u_sensor_reliability/u_chk_approach_speed/p_0_in4_in
    SLICE_X19Y98         FDRE                                         r  design_1_i/top_controller_0/inst/u_sensor_reliability/u_chk_approach_speed/flip_history_reg[7]/D
  -------------------------------------------------------------------    -------------------

                         (clock clk_pl_0 rise edge)
                                                      0.000     0.000 r  
    PS8_X0Y0             PS8                          0.000     0.000 r  design_1_i/zynq_ultra_ps_e_0/inst/PS8_i/PLCLK[0]
                         net (fo=1, routed)           0.178     0.178    design_1_i/zynq_ultra_ps_e_0/inst/pl_clk_unbuffered[0]
    BUFG_PS_X0Y58        BUFG_PS (Prop_BUFG_PS_I_O)
                                                      0.029     0.207 r  design_1_i/zynq_ultra_ps_e_0/inst/buffer_pl_clk_0.PL_CLK_0_BUFG/O
    X0Y1 (CLOCK_ROOT)    net (fo=6524, routed)        1.757     1.964    design_1_i/top_controller_0/inst/u_sensor_reliability/u_chk_approach_speed/S_AXI_ACLK
    SLICE_X19Y98         FDRE                                         r  design_1_i/top_controller_0/inst/u_sensor_reliability/u_chk_approach_speed/flip_history_reg[7]/C
                         clock pessimism             -0.156     1.808    
    SLICE_X19Y98         FDRE (Hold_EFF_SLICEM_C_D)
                                                      0.053     1.861    design_1_i/top_controller_0/inst/u_sensor_reliability/u_chk_approach_speed/flip_history_reg[7]
  -------------------------------------------------------------------
                         required time                         -1.861    
                         arrival time                           1.878    
  -------------------------------------------------------------------
                         slack                                  0.017    

Slack (MET) :             0.018ns  (arrival time - required time)
  Source:                 design_1_i/top_controller_0/inst/u_sensor_reliability/u_chk_gyro_x/delta_history_reg[8][10]/C
                            (rising edge-triggered cell FDRE clocked by clk_pl_0  {rise@0.000ns fall@5.625ns period=11.250ns})
  Destination:            design_1_i/top_controller_0/inst/u_sensor_reliability/u_chk_gyro_x/delta_history_reg[9][10]/D
                            (rising edge-triggered cell FDRE clocked by clk_pl_0  {rise@0.000ns fall@5.625ns period=11.250ns})
  Path Group:             clk_pl_0
  Path Type:              Hold (Min at Slow Process Corner)
  Requirement:            0.000ns  (clk_pl_0 rise@0.000ns - clk_pl_0 rise@0.000ns)
  Data Path Delay:        0.193ns  (logic 0.073ns (37.784%)  route 0.120ns (62.216%))
  Logic Levels:           0  
  Clock Path Skew:        0.122ns (DCD - SCD - CPR)
    Destination Clock Delay (DCD):    1.957ns
    Source Clock Delay      (SCD):    1.679ns
    Clock Pessimism Removal (CPR):    0.156ns
  Clock Net Delay (Source):      1.512ns (routing 0.576ns, distribution 0.936ns)
  Clock Net Delay (Destination): 1.750ns (routing 0.638ns, distribution 1.112ns)

    Location             Delay type                Incr(ns)  Path(ns)    Netlist Resource(s)
  -------------------------------------------------------------------    -------------------
                         (clock clk_pl_0 rise edge)
                                                      0.000     0.000 r  
    PS8_X0Y0             PS8                          0.000     0.000 r  design_1_i/zynq_ultra_ps_e_0/inst/PS8_i/PLCLK[0]
                         net (fo=1, routed)           0.140     0.140    design_1_i/zynq_ultra_ps_e_0/inst/pl_clk_unbuffered[0]
    BUFG_PS_X0Y58        BUFG_PS (Prop_BUFG_PS_I_O)
                                                      0.027     0.167 r  design_1_i/zynq_ultra_ps_e_0/inst/buffer_pl_clk_0.PL_CLK_0_BUFG/O
    X0Y1 (CLOCK_ROOT)    net (fo=6524, routed)        1.512     1.679    design_1_i/top_controller_0/inst/u_sensor_reliability/u_chk_gyro_x/S_AXI_ACLK
    SLICE_X10Y83         FDRE                                         r  design_1_i/top_controller_0/inst/u_sensor_reliability/u_chk_gyro_x/delta_history_reg[8][10]/C
  -------------------------------------------------------------------    -------------------
    SLICE_X10Y83         FDRE (Prop_DFF2_SLICEL_C_Q)
                                                      0.073     1.752 r  design_1_i/top_controller_0/inst/u_sensor_reliability/u_chk_gyro_x/delta_history_reg[8][10]/Q
                         net (fo=3, routed)           0.120     1.872    design_1_i/top_controller_0/inst/u_sensor_reliability/u_chk_gyro_x/delta_history_reg[8]_28[10]
    SLICE_X11Y84         FDRE                                         r  design_1_i/top_controller_0/inst/u_sensor_reliability/u_chk_gyro_x/delta_history_reg[9][10]/D
  -------------------------------------------------------------------    -------------------

                         (clock clk_pl_0 rise edge)
                                                      0.000     0.000 r  
    PS8_X0Y0             PS8                          0.000     0.000 r  design_1_i/zynq_ultra_ps_e_0/inst/PS8_i/PLCLK[0]
                         net (fo=1, routed)           0.178     0.178    design_1_i/zynq_ultra_ps_e_0/inst/pl_clk_unbuffered[0]
    BUFG_PS_X0Y58        BUFG_PS (Prop_BUFG_PS_I_O)
                                                      0.029     0.207 r  design_1_i/zynq_ultra_ps_e_0/inst/buffer_pl_clk_0.PL_CLK_0_BUFG/O
    X0Y1 (CLOCK_ROOT)    net (fo=6524, routed)        1.750     1.957    design_1_i/top_controller_0/inst/u_sensor_reliability/u_chk_gyro_x/S_AXI_ACLK
    SLICE_X11Y84         FDRE                                         r  design_1_i/top_controller_0/inst/u_sensor_reliability/u_chk_gyro_x/delta_history_reg[9][10]/C
                         clock pessimism             -0.156     1.801    
    SLICE_X11Y84         FDRE (Hold_FFF_SLICEL_C_D)
                                                      0.053     1.854    design_1_i/top_controller_0/inst/u_sensor_reliability/u_chk_gyro_x/delta_history_reg[9][10]
  -------------------------------------------------------------------
                         required time                         -1.854    
                         arrival time                           1.872    
  -------------------------------------------------------------------
                         slack                                  0.018    

Slack (MET) :             0.020ns  (arrival time - required time)
  Source:                 design_1_i/top_controller_0/inst/u_risk_types/sensor_data_out_reg[accel_x][11]/C
                            (rising edge-triggered cell FDRE clocked by clk_pl_0  {rise@0.000ns fall@5.625ns period=11.250ns})
  Destination:            design_1_i/top_controller_0/inst/u_risk_control/sensor_data_out_reg[accel_x][11]/D
                            (rising edge-triggered cell FDRE clocked by clk_pl_0  {rise@0.000ns fall@5.625ns period=11.250ns})
  Path Group:             clk_pl_0
  Path Type:              Hold (Min at Slow Process Corner)
  Requirement:            0.000ns  (clk_pl_0 rise@0.000ns - clk_pl_0 rise@0.000ns)
  Data Path Delay:        0.228ns  (logic 0.070ns (30.702%)  route 0.158ns (69.298%))
  Logic Levels:           0  
  Clock Path Skew:        0.154ns (DCD - SCD - CPR)
    Destination Clock Delay (DCD):    1.985ns
    Source Clock Delay      (SCD):    1.724ns
    Clock Pessimism Removal (CPR):    0.107ns
  Clock Net Delay (Source):      1.557ns (routing 0.576ns, distribution 0.981ns)
  Clock Net Delay (Destination): 1.778ns (routing 0.638ns, distribution 1.140ns)

    Location             Delay type                Incr(ns)  Path(ns)    Netlist Resource(s)
  -------------------------------------------------------------------    -------------------
                         (clock clk_pl_0 rise edge)
                                                      0.000     0.000 r  
    PS8_X0Y0             PS8                          0.000     0.000 r  design_1_i/zynq_ultra_ps_e_0/inst/PS8_i/PLCLK[0]
                         net (fo=1, routed)           0.140     0.140    design_1_i/zynq_ultra_ps_e_0/inst/pl_clk_unbuffered[0]
    BUFG_PS_X0Y58        BUFG_PS (Prop_BUFG_PS_I_O)
                                                      0.027     0.167 r  design_1_i/zynq_ultra_ps_e_0/inst/buffer_pl_clk_0.PL_CLK_0_BUFG/O
    X0Y1 (CLOCK_ROOT)    net (fo=6524, routed)        1.557     1.724    design_1_i/top_controller_0/inst/u_risk_types/S_AXI_ACLK
    SLICE_X5Y55          FDRE                                         r  design_1_i/top_controller_0/inst/u_risk_types/sensor_data_out_reg[accel_x][11]/C
  -------------------------------------------------------------------    -------------------
    SLICE_X5Y55          FDRE (Prop_DFF_SLICEM_C_Q)
                                                      0.070     1.794 r  design_1_i/top_controller_0/inst/u_risk_types/sensor_data_out_reg[accel_x][11]/Q
                         net (fo=1, routed)           0.158     1.952    design_1_i/top_controller_0/inst/u_risk_control/sensor_data_out_reg[accel_x][11]_1[11]
    SLICE_X5Y60          FDRE                                         r  design_1_i/top_controller_0/inst/u_risk_control/sensor_data_out_reg[accel_x][11]/D
  -------------------------------------------------------------------    -------------------

                         (clock clk_pl_0 rise edge)
                                                      0.000     0.000 r  
    PS8_X0Y0             PS8                          0.000     0.000 r  design_1_i/zynq_ultra_ps_e_0/inst/PS8_i/PLCLK[0]
                         net (fo=1, routed)           0.178     0.178    design_1_i/zynq_ultra_ps_e_0/inst/pl_clk_unbuffered[0]
    BUFG_PS_X0Y58        BUFG_PS (Prop_BUFG_PS_I_O)
                                                      0.029     0.207 r  design_1_i/zynq_ultra_ps_e_0/inst/buffer_pl_clk_0.PL_CLK_0_BUFG/O
    X0Y1 (CLOCK_ROOT)    net (fo=6524, routed)        1.778     1.985    design_1_i/top_controller_0/inst/u_risk_control/S_AXI_ACLK
    SLICE_X5Y60          FDRE                                         r  design_1_i/top_controller_0/inst/u_risk_control/sensor_data_out_reg[accel_x][11]/C
                         clock pessimism             -0.107     1.878    
    SLICE_X5Y60          FDRE (Hold_AFF2_SLICEM_C_D)
                                                      0.054     1.932    design_1_i/top_controller_0/inst/u_risk_control/sensor_data_out_reg[accel_x][11]
  -------------------------------------------------------------------
                         required time                         -1.932    
                         arrival time                           1.952    
  -------------------------------------------------------------------
                         slack                                  0.020    

Slack (MET) :             0.024ns  (arrival time - required time)
  Source:                 design_1_i/top_controller_0/inst/u_sensor_reliability/u_chk_temperature/delta_history_reg[4][3]/C
                            (rising edge-triggered cell FDRE clocked by clk_pl_0  {rise@0.000ns fall@5.625ns period=11.250ns})
  Destination:            design_1_i/top_controller_0/inst/u_sensor_reliability/u_chk_temperature/delta_history_reg[5][3]/D
                            (rising edge-triggered cell FDRE clocked by clk_pl_0  {rise@0.000ns fall@5.625ns period=11.250ns})
  Path Group:             clk_pl_0
  Path Type:              Hold (Min at Fast Process Corner)
  Requirement:            0.000ns  (clk_pl_0 rise@0.000ns - clk_pl_0 rise@0.000ns)
  Data Path Delay:        0.112ns  (logic 0.039ns (34.920%)  route 0.073ns (65.080%))
  Logic Levels:           0  
  Clock Path Skew:        0.040ns (DCD - SCD - CPR)
    Destination Clock Delay (DCD):    1.120ns
    Source Clock Delay      (SCD):    0.981ns
    Clock Pessimism Removal (CPR):    0.099ns
  Clock Net Delay (Source):      0.870ns (routing 0.324ns, distribution 0.546ns)
  Clock Net Delay (Destination): 0.982ns (routing 0.365ns, distribution 0.617ns)

    Location             Delay type                Incr(ns)  Path(ns)    Netlist Resource(s)
  -------------------------------------------------------------------    -------------------
                         (clock clk_pl_0 rise edge)
                                                      0.000     0.000 r  
    PS8_X0Y0             PS8                          0.000     0.000 r  design_1_i/zynq_ultra_ps_e_0/inst/PS8_i/PLCLK[0]
                         net (fo=1, routed)           0.094     0.094    design_1_i/zynq_ultra_ps_e_0/inst/pl_clk_unbuffered[0]
    BUFG_PS_X0Y58        BUFG_PS (Prop_BUFG_PS_I_O)
                                                      0.017     0.111 r  design_1_i/zynq_ultra_ps_e_0/inst/buffer_pl_clk_0.PL_CLK_0_BUFG/O
    X0Y1 (CLOCK_ROOT)    net (fo=6524, routed)        0.870     0.981    design_1_i/top_controller_0/inst/u_sensor_reliability/u_chk_temperature/S_AXI_ACLK
    SLICE_X3Y88          FDRE                                         r  design_1_i/top_controller_0/inst/u_sensor_reliability/u_chk_temperature/delta_history_reg[4][3]/C
  -------------------------------------------------------------------    -------------------
    SLICE_X3Y88          FDRE (Prop_HFF_SLICEL_C_Q)
                                                      0.039     1.020 r  design_1_i/top_controller_0/inst/u_sensor_reliability/u_chk_temperature/delta_history_reg[4][3]/Q
                         net (fo=3, routed)           0.073     1.092    design_1_i/top_controller_0/inst/u_sensor_reliability/u_chk_temperature/delta_history_reg[4]_64[3]
    SLICE_X3Y90          FDRE                                         r  design_1_i/top_controller_0/inst/u_sensor_reliability/u_chk_temperature/delta_history_reg[5][3]/D
  -------------------------------------------------------------------    -------------------

                         (clock clk_pl_0 rise edge)
                                                      0.000     0.000 r  
    PS8_X0Y0             PS8                          0.000     0.000 r  design_1_i/zynq_ultra_ps_e_0/inst/PS8_i/PLCLK[0]
                         net (fo=1, routed)           0.120     0.120    design_1_i/zynq_ultra_ps_e_0/inst/pl_clk_unbuffered[0]
    BUFG_PS_X0Y58        BUFG_PS (Prop_BUFG_PS_I_O)
                                                      0.018     0.138 r  design_1_i/zynq_ultra_ps_e_0/inst/buffer_pl_clk_0.PL_CLK_0_BUFG/O
    X0Y1 (CLOCK_ROOT)    net (fo=6524, routed)        0.982     1.120    design_1_i/top_controller_0/inst/u_sensor_reliability/u_chk_temperature/S_AXI_ACLK
    SLICE_X3Y90          FDRE                                         r  design_1_i/top_controller_0/inst/u_sensor_reliability/u_chk_temperature/delta_history_reg[5][3]/C
                         clock pessimism             -0.099     1.021    
    SLICE_X3Y90          FDRE (Hold_EFF2_SLICEL_C_D)
                                                      0.047     1.068    design_1_i/top_controller_0/inst/u_sensor_reliability/u_chk_temperature/delta_history_reg[5][3]
  -------------------------------------------------------------------
                         required time                         -1.068    
                         arrival time                           1.092    
  -------------------------------------------------------------------
                         slack                                  0.024    

Slack (MET) :             0.027ns  (arrival time - required time)
  Source:                 design_1_i/top_controller_0/inst/u_sensor_reliability/u_chk_humidity/delta_history_reg[7][7]/C
                            (rising edge-triggered cell FDRE clocked by clk_pl_0  {rise@0.000ns fall@5.625ns period=11.250ns})
  Destination:            design_1_i/top_controller_0/inst/u_sensor_reliability/u_chk_humidity/delta_history_reg[8][7]/D
                            (rising edge-triggered cell FDRE clocked by clk_pl_0  {rise@0.000ns fall@5.625ns period=11.250ns})
  Path Group:             clk_pl_0
  Path Type:              Hold (Min at Fast Process Corner)
  Requirement:            0.000ns  (clk_pl_0 rise@0.000ns - clk_pl_0 rise@0.000ns)
  Data Path Delay:        0.099ns  (logic 0.039ns (39.357%)  route 0.060ns (60.643%))
  Logic Levels:           0  
  Clock Path Skew:        0.025ns (DCD - SCD - CPR)
    Destination Clock Delay (DCD):    1.127ns
    Source Clock Delay      (SCD):    0.975ns
    Clock Pessimism Removal (CPR):    0.127ns
  Clock Net Delay (Source):      0.864ns (routing 0.324ns, distribution 0.540ns)
  Clock Net Delay (Destination): 0.989ns (routing 0.365ns, distribution 0.624ns)

    Location             Delay type                Incr(ns)  Path(ns)    Netlist Resource(s)
  -------------------------------------------------------------------    -------------------
                         (clock clk_pl_0 rise edge)
                                                      0.000     0.000 r  
    PS8_X0Y0             PS8                          0.000     0.000 r  design_1_i/zynq_ultra_ps_e_0/inst/PS8_i/PLCLK[0]
                         net (fo=1, routed)           0.094     0.094    design_1_i/zynq_ultra_ps_e_0/inst/pl_clk_unbuffered[0]
    BUFG_PS_X0Y58        BUFG_PS (Prop_BUFG_PS_I_O)
                                                      0.017     0.111 r  design_1_i/zynq_ultra_ps_e_0/inst/buffer_pl_clk_0.PL_CLK_0_BUFG/O
    X0Y1 (CLOCK_ROOT)    net (fo=6524, routed)        0.864     0.975    design_1_i/top_controller_0/inst/u_sensor_reliability/u_chk_humidity/S_AXI_ACLK
    SLICE_X8Y93          FDRE                                         r  design_1_i/top_controller_0/inst/u_sensor_reliability/u_chk_humidity/delta_history_reg[7][7]/C
  -------------------------------------------------------------------    -------------------
    SLICE_X8Y93          FDRE (Prop_FFF_SLICEL_C_Q)
                                                      0.039     1.014 r  design_1_i/top_controller_0/inst/u_sensor_reliability/u_chk_humidity/delta_history_reg[7][7]/Q
                         net (fo=4, routed)           0.060     1.074    design_1_i/top_controller_0/inst/u_sensor_reliability/u_chk_humidity/delta_history_reg[7]_57[7]
    SLICE_X8Y92          FDRE                                         r  design_1_i/top_controller_0/inst/u_sensor_reliability/u_chk_humidity/delta_history_reg[8][7]/D
  -------------------------------------------------------------------    -------------------

                         (clock clk_pl_0 rise edge)
                                                      0.000     0.000 r  
    PS8_X0Y0             PS8                          0.000     0.000 r  design_1_i/zynq_ultra_ps_e_0/inst/PS8_i/PLCLK[0]
                         net (fo=1, routed)           0.120     0.120    design_1_i/zynq_ultra_ps_e_0/inst/pl_clk_unbuffered[0]
    BUFG_PS_X0Y58        BUFG_PS (Prop_BUFG_PS_I_O)
                                                      0.018     0.138 r  design_1_i/zynq_ultra_ps_e_0/inst/buffer_pl_clk_0.PL_CLK_0_BUFG/O
    X0Y1 (CLOCK_ROOT)    net (fo=6524, routed)        0.989     1.127    design_1_i/top_controller_0/inst/u_sensor_reliability/u_chk_humidity/S_AXI_ACLK
    SLICE_X8Y92          FDRE                                         r  design_1_i/top_controller_0/inst/u_sensor_reliability/u_chk_humidity/delta_history_reg[8][7]/C
                         clock pessimism             -0.127     1.000    
    SLICE_X8Y92          FDRE (Hold_HFF2_SLICEL_C_D)
                                                      0.047     1.047    design_1_i/top_controller_0/inst/u_sensor_reliability/u_chk_humidity/delta_history_reg[8][7]
  -------------------------------------------------------------------
                         required time                         -1.047    
                         arrival time                           1.074    
  -------------------------------------------------------------------
                         slack                                  0.027    

Slack (MET) :             0.028ns  (arrival time - required time)
  Source:                 design_1_i/top_controller_0/inst/u_sensor_reliability/u_chk_gyro_y/delta_history_reg[4][12]/C
                            (rising edge-triggered cell FDRE clocked by clk_pl_0  {rise@0.000ns fall@5.625ns period=11.250ns})
  Destination:            design_1_i/top_controller_0/inst/u_sensor_reliability/u_chk_gyro_y/delta_history_reg[5][12]/D
                            (rising edge-triggered cell FDRE clocked by clk_pl_0  {rise@0.000ns fall@5.625ns period=11.250ns})
  Path Group:             clk_pl_0
  Path Type:              Hold (Min at Slow Process Corner)
  Requirement:            0.000ns  (clk_pl_0 rise@0.000ns - clk_pl_0 rise@0.000ns)
  Data Path Delay:        0.205ns  (logic 0.070ns (34.067%)  route 0.135ns (65.933%))
  Logic Levels:           0  
  Clock Path Skew:        0.123ns (DCD - SCD - CPR)
    Destination Clock Delay (DCD):    1.975ns
    Source Clock Delay      (SCD):    1.691ns
    Clock Pessimism Removal (CPR):    0.161ns
  Clock Net Delay (Source):      1.524ns (routing 0.576ns, distribution 0.948ns)
  Clock Net Delay (Destination): 1.768ns (routing 0.638ns, distribution 1.130ns)

    Location             Delay type                Incr(ns)  Path(ns)    Netlist Resource(s)
  -------------------------------------------------------------------    -------------------
                         (clock clk_pl_0 rise edge)
                                                      0.000     0.000 r  
    PS8_X0Y0             PS8                          0.000     0.000 r  design_1_i/zynq_ultra_ps_e_0/inst/PS8_i/PLCLK[0]
                         net (fo=1, routed)           0.140     0.140    design_1_i/zynq_ultra_ps_e_0/inst/pl_clk_unbuffered[0]
    BUFG_PS_X0Y58        BUFG_PS (Prop_BUFG_PS_I_O)
                                                      0.027     0.167 r  design_1_i/zynq_ultra_ps_e_0/inst/buffer_pl_clk_0.PL_CLK_0_BUFG/O
    X0Y1 (CLOCK_ROOT)    net (fo=6524, routed)        1.524     1.691    design_1_i/top_controller_0/inst/u_sensor_reliability/u_chk_gyro_y/S_AXI_ACLK
    SLICE_X13Y36         FDRE                                         r  design_1_i/top_controller_0/inst/u_sensor_reliability/u_chk_gyro_y/delta_history_reg[4][12]/C
  -------------------------------------------------------------------    -------------------
    SLICE_X13Y36         FDRE (Prop_HFF_SLICEL_C_Q)
                                                      0.070     1.761 r  design_1_i/top_controller_0/inst/u_sensor_reliability/u_chk_gyro_y/delta_history_reg[4][12]/Q
                         net (fo=3, routed)           0.135     1.896    design_1_i/top_controller_0/inst/u_sensor_reliability/u_chk_gyro_y/delta_history_reg[4]_34[12]
    SLICE_X12Y35         FDRE                                         r  design_1_i/top_controller_0/inst/u_sensor_reliability/u_chk_gyro_y/delta_history_reg[5][12]/D
  -------------------------------------------------------------------    -------------------

                         (clock clk_pl_0 rise edge)
                                                      0.000     0.000 r  
    PS8_X0Y0             PS8                          0.000     0.000 r  design_1_i/zynq_ultra_ps_e_0/inst/PS8_i/PLCLK[0]
                         net (fo=1, routed)           0.178     0.178    design_1_i/zynq_ultra_ps_e_0/inst/pl_clk_unbuffered[0]
    BUFG_PS_X0Y58        BUFG_PS (Prop_BUFG_PS_I_O)
                                                      0.029     0.207 r  design_1_i/zynq_ultra_ps_e_0/inst/buffer_pl_clk_0.PL_CLK_0_BUFG/O
    X0Y1 (CLOCK_ROOT)    net (fo=6524, routed)        1.768     1.975    design_1_i/top_controller_0/inst/u_sensor_reliability/u_chk_gyro_y/S_AXI_ACLK
    SLICE_X12Y35         FDRE                                         r  design_1_i/top_controller_0/inst/u_sensor_reliability/u_chk_gyro_y/delta_history_reg[5][12]/C
                         clock pessimism             -0.161     1.814    
    SLICE_X12Y35         FDRE (Hold_GFF2_SLICEL_C_D)
                                                      0.055     1.869    design_1_i/top_controller_0/inst/u_sensor_reliability/u_chk_gyro_y/delta_history_reg[5][12]
  -------------------------------------------------------------------
                         required time                         -1.869    
                         arrival time                           1.896    
  -------------------------------------------------------------------
                         slack                                  0.028    

Slack (MET) :             0.028ns  (arrival time - required time)
  Source:                 design_1_i/top_controller_0/inst/u_preprocessor/sim_data_out_reg[incline_x][4]/C
                            (rising edge-triggered cell FDRE clocked by clk_pl_0  {rise@0.000ns fall@5.625ns period=11.250ns})
  Destination:            design_1_i/top_controller_0/inst/u_risk_types/sim_data_out_reg[incline_x][4]/D
                            (rising edge-triggered cell FDRE clocked by clk_pl_0  {rise@0.000ns fall@5.625ns period=11.250ns})
  Path Group:             clk_pl_0
  Path Type:              Hold (Min at Slow Process Corner)
  Requirement:            0.000ns  (clk_pl_0 rise@0.000ns - clk_pl_0 rise@0.000ns)
  Data Path Delay:        0.225ns  (logic 0.072ns (31.971%)  route 0.153ns (68.029%))
  Logic Levels:           0  
  Clock Path Skew:        0.142ns (DCD - SCD - CPR)
    Destination Clock Delay (DCD):    1.971ns
    Source Clock Delay      (SCD):    1.722ns
    Clock Pessimism Removal (CPR):    0.107ns
  Clock Net Delay (Source):      1.555ns (routing 0.576ns, distribution 0.979ns)
  Clock Net Delay (Destination): 1.764ns (routing 0.638ns, distribution 1.126ns)

    Location             Delay type                Incr(ns)  Path(ns)    Netlist Resource(s)
  -------------------------------------------------------------------    -------------------
                         (clock clk_pl_0 rise edge)
                                                      0.000     0.000 r  
    PS8_X0Y0             PS8                          0.000     0.000 r  design_1_i/zynq_ultra_ps_e_0/inst/PS8_i/PLCLK[0]
                         net (fo=1, routed)           0.140     0.140    design_1_i/zynq_ultra_ps_e_0/inst/pl_clk_unbuffered[0]
    BUFG_PS_X0Y58        BUFG_PS (Prop_BUFG_PS_I_O)
                                                      0.027     0.167 r  design_1_i/zynq_ultra_ps_e_0/inst/buffer_pl_clk_0.PL_CLK_0_BUFG/O
    X0Y1 (CLOCK_ROOT)    net (fo=6524, routed)        1.555     1.722    design_1_i/top_controller_0/inst/u_preprocessor/S_AXI_ACLK
    SLICE_X10Y58         FDRE                                         r  design_1_i/top_controller_0/inst/u_preprocessor/sim_data_out_reg[incline_x][4]/C
  -------------------------------------------------------------------    -------------------
    SLICE_X10Y58         FDRE (Prop_EFF2_SLICEL_C_Q)
                                                      0.072     1.794 r  design_1_i/top_controller_0/inst/u_preprocessor/sim_data_out_reg[incline_x][4]/Q
                         net (fo=2, routed)           0.153     1.947    design_1_i/top_controller_0/inst/u_risk_types/sim_data_out_reg[incline_x][15]_1[4]
    SLICE_X8Y62          FDRE                                         r  design_1_i/top_controller_0/inst/u_risk_types/sim_data_out_reg[incline_x][4]/D
  -------------------------------------------------------------------    -------------------

                         (clock clk_pl_0 rise edge)
                                                      0.000     0.000 r  
    PS8_X0Y0             PS8                          0.000     0.000 r  design_1_i/zynq_ultra_ps_e_0/inst/PS8_i/PLCLK[0]
                         net (fo=1, routed)           0.178     0.178    design_1_i/zynq_ultra_ps_e_0/inst/pl_clk_unbuffered[0]
    BUFG_PS_X0Y58        BUFG_PS (Prop_BUFG_PS_I_O)
                                                      0.029     0.207 r  design_1_i/zynq_ultra_ps_e_0/inst/buffer_pl_clk_0.PL_CLK_0_BUFG/O
    X0Y1 (CLOCK_ROOT)    net (fo=6524, routed)        1.764     1.971    design_1_i/top_controller_0/inst/u_risk_types/S_AXI_ACLK
    SLICE_X8Y62          FDRE                                         r  design_1_i/top_controller_0/inst/u_risk_types/sim_data_out_reg[incline_x][4]/C
                         clock pessimism             -0.107     1.864    
    SLICE_X8Y62          FDRE (Hold_AFF2_SLICEL_C_D)
                                                      0.055     1.919    design_1_i/top_controller_0/inst/u_risk_types/sim_data_out_reg[incline_x][4]
  -------------------------------------------------------------------
                         required time                         -1.919    
                         arrival time                           1.947    
  -------------------------------------------------------------------
                         slack                                  0.028    

Slack (MET) :             0.029ns  (arrival time - required time)
  Source:                 design_1_i/top_controller_0/inst/u_preprocessor/sim_data_out_reg[incline_x][12]/C
                            (rising edge-triggered cell FDRE clocked by clk_pl_0  {rise@0.000ns fall@5.625ns period=11.250ns})
  Destination:            design_1_i/top_controller_0/inst/u_risk_types/sim_data_out_reg[incline_x][12]/D
                            (rising edge-triggered cell FDRE clocked by clk_pl_0  {rise@0.000ns fall@5.625ns period=11.250ns})
  Path Group:             clk_pl_0
  Path Type:              Hold (Min at Slow Process Corner)
  Requirement:            0.000ns  (clk_pl_0 rise@0.000ns - clk_pl_0 rise@0.000ns)
  Data Path Delay:        0.227ns  (logic 0.071ns (31.250%)  route 0.156ns (68.750%))
  Logic Levels:           0  
  Clock Path Skew:        0.145ns (DCD - SCD - CPR)
    Destination Clock Delay (DCD):    1.974ns
    Source Clock Delay      (SCD):    1.722ns
    Clock Pessimism Removal (CPR):    0.107ns
  Clock Net Delay (Source):      1.555ns (routing 0.576ns, distribution 0.979ns)
  Clock Net Delay (Destination): 1.767ns (routing 0.638ns, distribution 1.129ns)

    Location             Delay type                Incr(ns)  Path(ns)    Netlist Resource(s)
  -------------------------------------------------------------------    -------------------
                         (clock clk_pl_0 rise edge)
                                                      0.000     0.000 r  
    PS8_X0Y0             PS8                          0.000     0.000 r  design_1_i/zynq_ultra_ps_e_0/inst/PS8_i/PLCLK[0]
                         net (fo=1, routed)           0.140     0.140    design_1_i/zynq_ultra_ps_e_0/inst/pl_clk_unbuffered[0]
    BUFG_PS_X0Y58        BUFG_PS (Prop_BUFG_PS_I_O)
                                                      0.027     0.167 r  design_1_i/zynq_ultra_ps_e_0/inst/buffer_pl_clk_0.PL_CLK_0_BUFG/O
    X0Y1 (CLOCK_ROOT)    net (fo=6524, routed)        1.555     1.722    design_1_i/top_controller_0/inst/u_preprocessor/S_AXI_ACLK
    SLICE_X10Y58         FDRE                                         r  design_1_i/top_controller_0/inst/u_preprocessor/sim_data_out_reg[incline_x][12]/C
  -------------------------------------------------------------------    -------------------
    SLICE_X10Y58         FDRE (Prop_HFF2_SLICEL_C_Q)
                                                      0.071     1.793 r  design_1_i/top_controller_0/inst/u_preprocessor/sim_data_out_reg[incline_x][12]/Q
                         net (fo=2, routed)           0.156     1.949    design_1_i/top_controller_0/inst/u_risk_types/sim_data_out_reg[incline_x][15]_1[12]
    SLICE_X10Y62         FDRE                                         r  design_1_i/top_controller_0/inst/u_risk_types/sim_data_out_reg[incline_x][12]/D
  -------------------------------------------------------------------    -------------------

                         (clock clk_pl_0 rise edge)
                                                      0.000     0.000 r  
    PS8_X0Y0             PS8                          0.000     0.000 r  design_1_i/zynq_ultra_ps_e_0/inst/PS8_i/PLCLK[0]
                         net (fo=1, routed)           0.178     0.178    design_1_i/zynq_ultra_ps_e_0/inst/pl_clk_unbuffered[0]
    BUFG_PS_X0Y58        BUFG_PS (Prop_BUFG_PS_I_O)
                                                      0.029     0.207 r  design_1_i/zynq_ultra_ps_e_0/inst/buffer_pl_clk_0.PL_CLK_0_BUFG/O
    X0Y1 (CLOCK_ROOT)    net (fo=6524, routed)        1.767     1.974    design_1_i/top_controller_0/inst/u_risk_types/S_AXI_ACLK
    SLICE_X10Y62         FDRE                                         r  design_1_i/top_controller_0/inst/u_risk_types/sim_data_out_reg[incline_x][12]/C
                         clock pessimism             -0.107     1.867    
    SLICE_X10Y62         FDRE (Hold_EFF_SLICEL_C_D)
                                                      0.053     1.920    design_1_i/top_controller_0/inst/u_risk_types/sim_data_out_reg[incline_x][12]
  -------------------------------------------------------------------
                         required time                         -1.920    
                         arrival time                           1.949    
  -------------------------------------------------------------------
                         slack                                  0.029    

Slack (MET) :             0.030ns  (arrival time - required time)
  Source:                 design_1_i/top_controller_0/inst/u_risk_types/sensor_data_out_reg[accel_z][9]/C
                            (rising edge-triggered cell FDRE clocked by clk_pl_0  {rise@0.000ns fall@5.625ns period=11.250ns})
  Destination:            design_1_i/top_controller_0/inst/u_risk_control/sensor_data_out_reg[accel_z][9]/D
                            (rising edge-triggered cell FDRE clocked by clk_pl_0  {rise@0.000ns fall@5.625ns period=11.250ns})
  Path Group:             clk_pl_0
  Path Type:              Hold (Min at Slow Process Corner)
  Requirement:            0.000ns  (clk_pl_0 rise@0.000ns - clk_pl_0 rise@0.000ns)
  Data Path Delay:        0.188ns  (logic 0.070ns (37.234%)  route 0.118ns (62.766%))
  Logic Levels:           0  
  Clock Path Skew:        0.103ns (DCD - SCD - CPR)
    Destination Clock Delay (DCD):    1.985ns
    Source Clock Delay      (SCD):    1.721ns
    Clock Pessimism Removal (CPR):    0.161ns
  Clock Net Delay (Source):      1.554ns (routing 0.576ns, distribution 0.978ns)
  Clock Net Delay (Destination): 1.778ns (routing 0.638ns, distribution 1.140ns)

    Location             Delay type                Incr(ns)  Path(ns)    Netlist Resource(s)
  -------------------------------------------------------------------    -------------------
                         (clock clk_pl_0 rise edge)
                                                      0.000     0.000 r  
    PS8_X0Y0             PS8                          0.000     0.000 r  design_1_i/zynq_ultra_ps_e_0/inst/PS8_i/PLCLK[0]
                         net (fo=1, routed)           0.140     0.140    design_1_i/zynq_ultra_ps_e_0/inst/pl_clk_unbuffered[0]
    BUFG_PS_X0Y58        BUFG_PS (Prop_BUFG_PS_I_O)
                                                      0.027     0.167 r  design_1_i/zynq_ultra_ps_e_0/inst/buffer_pl_clk_0.PL_CLK_0_BUFG/O
    X0Y1 (CLOCK_ROOT)    net (fo=6524, routed)        1.554     1.721    design_1_i/top_controller_0/inst/u_risk_types/S_AXI_ACLK
    SLICE_X11Y57         FDRE                                         r  design_1_i/top_controller_0/inst/u_risk_types/sensor_data_out_reg[accel_z][9]/C
  -------------------------------------------------------------------    -------------------
    SLICE_X11Y57         FDRE (Prop_GFF_SLICEL_C_Q)
                                                      0.070     1.791 r  design_1_i/top_controller_0/inst/u_risk_types/sensor_data_out_reg[accel_z][9]/Q
                         net (fo=1, routed)           0.118     1.909    design_1_i/top_controller_0/inst/u_risk_control/sensor_data_out_reg[accel_z][11]_1[9]
    SLICE_X7Y57          FDRE                                         r  design_1_i/top_controller_0/inst/u_risk_control/sensor_data_out_reg[accel_z][9]/D
  -------------------------------------------------------------------    -------------------

                         (clock clk_pl_0 rise edge)
                                                      0.000     0.000 r  
    PS8_X0Y0             PS8                          0.000     0.000 r  design_1_i/zynq_ultra_ps_e_0/inst/PS8_i/PLCLK[0]
                         net (fo=1, routed)           0.178     0.178    design_1_i/zynq_ultra_ps_e_0/inst/pl_clk_unbuffered[0]
    BUFG_PS_X0Y58        BUFG_PS (Prop_BUFG_PS_I_O)
                                                      0.029     0.207 r  design_1_i/zynq_ultra_ps_e_0/inst/buffer_pl_clk_0.PL_CLK_0_BUFG/O
    X0Y1 (CLOCK_ROOT)    net (fo=6524, routed)        1.778     1.985    design_1_i/top_controller_0/inst/u_risk_control/S_AXI_ACLK
    SLICE_X7Y57          FDRE                                         r  design_1_i/top_controller_0/inst/u_risk_control/sensor_data_out_reg[accel_z][9]/C
                         clock pessimism             -0.161     1.824    
    SLICE_X7Y57          FDRE (Hold_FFF2_SLICEL_C_D)
                                                      0.055     1.879    design_1_i/top_controller_0/inst/u_risk_control/sensor_data_out_reg[accel_z][9]
  -------------------------------------------------------------------
                         required time                         -1.879    
                         arrival time                           1.909    
  -------------------------------------------------------------------
                         slack                                  0.030    

Slack (MET) :             0.030ns  (arrival time - required time)
  Source:                 design_1_i/top_controller_0/inst/u_risk_types/sim_data_out_reg[incline_y][2]/C
                            (rising edge-triggered cell FDRE clocked by clk_pl_0  {rise@0.000ns fall@5.625ns period=11.250ns})
  Destination:            design_1_i/top_controller_0/inst/u_risk_control/sim_data_out_reg[incline_y][2]/D
                            (rising edge-triggered cell FDRE clocked by clk_pl_0  {rise@0.000ns fall@5.625ns period=11.250ns})
  Path Group:             clk_pl_0
  Path Type:              Hold (Min at Fast Process Corner)
  Requirement:            0.000ns  (clk_pl_0 rise@0.000ns - clk_pl_0 rise@0.000ns)
  Data Path Delay:        0.097ns  (logic 0.039ns (40.206%)  route 0.058ns (59.794%))
  Logic Levels:           0  
  Clock Path Skew:        0.020ns (DCD - SCD - CPR)
    Destination Clock Delay (DCD):    1.160ns
    Source Clock Delay      (SCD):    1.008ns
    Clock Pessimism Removal (CPR):    0.132ns
  Clock Net Delay (Source):      0.897ns (routing 0.324ns, distribution 0.573ns)
  Clock Net Delay (Destination): 1.022ns (routing 0.365ns, distribution 0.657ns)

    Location             Delay type                Incr(ns)  Path(ns)    Netlist Resource(s)
  -------------------------------------------------------------------    -------------------
                         (clock clk_pl_0 rise edge)
                                                      0.000     0.000 r  
    PS8_X0Y0             PS8                          0.000     0.000 r  design_1_i/zynq_ultra_ps_e_0/inst/PS8_i/PLCLK[0]
                         net (fo=1, routed)           0.094     0.094    design_1_i/zynq_ultra_ps_e_0/inst/pl_clk_unbuffered[0]
    BUFG_PS_X0Y58        BUFG_PS (Prop_BUFG_PS_I_O)
                                                      0.017     0.111 r  design_1_i/zynq_ultra_ps_e_0/inst/buffer_pl_clk_0.PL_CLK_0_BUFG/O
    X0Y1 (CLOCK_ROOT)    net (fo=6524, routed)        0.897     1.008    design_1_i/top_controller_0/inst/u_risk_types/S_AXI_ACLK
    SLICE_X8Y55          FDRE                                         r  design_1_i/top_controller_0/inst/u_risk_types/sim_data_out_reg[incline_y][2]/C
  -------------------------------------------------------------------    -------------------
    SLICE_X8Y55          FDRE (Prop_HFF2_SLICEL_C_Q)
                                                      0.039     1.047 r  design_1_i/top_controller_0/inst/u_risk_types/sim_data_out_reg[incline_y][2]/Q
                         net (fo=1, routed)           0.058     1.105    design_1_i/top_controller_0/inst/u_risk_control/sim_data_out_reg[incline_y][15]_1[2]
    SLICE_X8Y56          FDRE                                         r  design_1_i/top_controller_0/inst/u_risk_control/sim_data_out_reg[incline_y][2]/D
  -------------------------------------------------------------------    -------------------

                         (clock clk_pl_0 rise edge)
                                                      0.000     0.000 r  
    PS8_X0Y0             PS8                          0.000     0.000 r  design_1_i/zynq_ultra_ps_e_0/inst/PS8_i/PLCLK[0]
                         net (fo=1, routed)           0.120     0.120    design_1_i/zynq_ultra_ps_e_0/inst/pl_clk_unbuffered[0]
    BUFG_PS_X0Y58        BUFG_PS (Prop_BUFG_PS_I_O)
                                                      0.018     0.138 r  design_1_i/zynq_ultra_ps_e_0/inst/buffer_pl_clk_0.PL_CLK_0_BUFG/O
    X0Y1 (CLOCK_ROOT)    net (fo=6524, routed)        1.022     1.160    design_1_i/top_controller_0/inst/u_risk_control/S_AXI_ACLK
    SLICE_X8Y56          FDRE                                         r  design_1_i/top_controller_0/inst/u_risk_control/sim_data_out_reg[incline_y][2]/C
                         clock pessimism             -0.132     1.028    
    SLICE_X8Y56          FDRE (Hold_CFF2_SLICEL_C_D)
                                                      0.047     1.075    design_1_i/top_controller_0/inst/u_risk_control/sim_data_out_reg[incline_y][2]
  -------------------------------------------------------------------
                         required time                         -1.075    
                         arrival time                           1.105    
  -------------------------------------------------------------------
                         slack                                  0.030    

Slack (MET) :             0.031ns  (arrival time - required time)
  Source:                 design_1_i/top_controller_0/inst/u_sensor_reliability/u_chk_gyro_z/delta_history_reg[3][14]/C
                            (rising edge-triggered cell FDRE clocked by clk_pl_0  {rise@0.000ns fall@5.625ns period=11.250ns})
  Destination:            design_1_i/top_controller_0/inst/u_sensor_reliability/u_chk_gyro_z/delta_history_reg[4][14]/D
                            (rising edge-triggered cell FDRE clocked by clk_pl_0  {rise@0.000ns fall@5.625ns period=11.250ns})
  Path Group:             clk_pl_0
  Path Type:              Hold (Min at Slow Process Corner)
  Requirement:            0.000ns  (clk_pl_0 rise@0.000ns - clk_pl_0 rise@0.000ns)
  Data Path Delay:        0.189ns  (logic 0.072ns (38.134%)  route 0.117ns (61.866%))
  Logic Levels:           0  
  Clock Path Skew:        0.102ns (DCD - SCD - CPR)
    Destination Clock Delay (DCD):    1.982ns
    Source Clock Delay      (SCD):    1.724ns
    Clock Pessimism Removal (CPR):    0.156ns
  Clock Net Delay (Source):      1.557ns (routing 0.576ns, distribution 0.981ns)
  Clock Net Delay (Destination): 1.775ns (routing 0.638ns, distribution 1.137ns)

    Location             Delay type                Incr(ns)  Path(ns)    Netlist Resource(s)
  -------------------------------------------------------------------    -------------------
                         (clock clk_pl_0 rise edge)
                                                      0.000     0.000 r  
    PS8_X0Y0             PS8                          0.000     0.000 r  design_1_i/zynq_ultra_ps_e_0/inst/PS8_i/PLCLK[0]
                         net (fo=1, routed)           0.140     0.140    design_1_i/zynq_ultra_ps_e_0/inst/pl_clk_unbuffered[0]
    BUFG_PS_X0Y58        BUFG_PS (Prop_BUFG_PS_I_O)
                                                      0.027     0.167 r  design_1_i/zynq_ultra_ps_e_0/inst/buffer_pl_clk_0.PL_CLK_0_BUFG/O
    X0Y1 (CLOCK_ROOT)    net (fo=6524, routed)        1.557     1.724    design_1_i/top_controller_0/inst/u_sensor_reliability/u_chk_gyro_z/S_AXI_ACLK
    SLICE_X23Y76         FDRE                                         r  design_1_i/top_controller_0/inst/u_sensor_reliability/u_chk_gyro_z/delta_history_reg[3][14]/C
  -------------------------------------------------------------------    -------------------
    SLICE_X23Y76         FDRE (Prop_AFF2_SLICEL_C_Q)
                                                      0.072     1.796 r  design_1_i/top_controller_0/inst/u_sensor_reliability/u_chk_gyro_z/delta_history_reg[3][14]/Q
                         net (fo=3, routed)           0.117     1.913    design_1_i/top_controller_0/inst/u_sensor_reliability/u_chk_gyro_z/delta_history_reg[3]_43[14]
    SLICE_X24Y77         FDRE                                         r  design_1_i/top_controller_0/inst/u_sensor_reliability/u_chk_gyro_z/delta_history_reg[4][14]/D
  -------------------------------------------------------------------    -------------------

                         (clock clk_pl_0 rise edge)
                                                      0.000     0.000 r  
    PS8_X0Y0             PS8                          0.000     0.000 r  design_1_i/zynq_ultra_ps_e_0/inst/PS8_i/PLCLK[0]
                         net (fo=1, routed)           0.178     0.178    design_1_i/zynq_ultra_ps_e_0/inst/pl_clk_unbuffered[0]
    BUFG_PS_X0Y58        BUFG_PS (Prop_BUFG_PS_I_O)
                                                      0.029     0.207 r  design_1_i/zynq_ultra_ps_e_0/inst/buffer_pl_clk_0.PL_CLK_0_BUFG/O
    X0Y1 (CLOCK_ROOT)    net (fo=6524, routed)        1.775     1.982    design_1_i/top_controller_0/inst/u_sensor_reliability/u_chk_gyro_z/S_AXI_ACLK
    SLICE_X24Y77         FDRE                                         r  design_1_i/top_controller_0/inst/u_sensor_reliability/u_chk_gyro_z/delta_history_reg[4][14]/C
                         clock pessimism             -0.156     1.826    
    SLICE_X24Y77         FDRE (Hold_GFF2_SLICEM_C_D)
                                                      0.055     1.881    design_1_i/top_controller_0/inst/u_sensor_reliability/u_chk_gyro_z/delta_history_reg[4][14]
  -------------------------------------------------------------------
                         required time                         -1.881    
                         arrival time                           1.913    
  -------------------------------------------------------------------
                         slack                                  0.031    

Slack (MET) :             0.032ns  (arrival time - required time)
  Source:                 design_1_i/top_controller_0/inst/u_risk_types/sim_data_out_reg[speed_y][2]/C
                            (rising edge-triggered cell FDRE clocked by clk_pl_0  {rise@0.000ns fall@5.625ns period=11.250ns})
  Destination:            design_1_i/top_controller_0/inst/u_risk_control/sim_data_out_reg[speed_y][2]/D
                            (rising edge-triggered cell FDRE clocked by clk_pl_0  {rise@0.000ns fall@5.625ns period=11.250ns})
  Path Group:             clk_pl_0
  Path Type:              Hold (Min at Slow Process Corner)
  Requirement:            0.000ns  (clk_pl_0 rise@0.000ns - clk_pl_0 rise@0.000ns)
  Data Path Delay:        0.189ns  (logic 0.069ns (36.508%)  route 0.120ns (63.492%))
  Logic Levels:           0  
  Clock Path Skew:        0.102ns (DCD - SCD - CPR)
    Destination Clock Delay (DCD):    1.957ns
    Source Clock Delay      (SCD):    1.699ns
    Clock Pessimism Removal (CPR):    0.156ns
  Clock Net Delay (Source):      1.532ns (routing 0.576ns, distribution 0.956ns)
  Clock Net Delay (Destination): 1.750ns (routing 0.638ns, distribution 1.112ns)

    Location             Delay type                Incr(ns)  Path(ns)    Netlist Resource(s)
  -------------------------------------------------------------------    -------------------
                         (clock clk_pl_0 rise edge)
                                                      0.000     0.000 r  
    PS8_X0Y0             PS8                          0.000     0.000 r  design_1_i/zynq_ultra_ps_e_0/inst/PS8_i/PLCLK[0]
                         net (fo=1, routed)           0.140     0.140    design_1_i/zynq_ultra_ps_e_0/inst/pl_clk_unbuffered[0]
    BUFG_PS_X0Y58        BUFG_PS (Prop_BUFG_PS_I_O)
                                                      0.027     0.167 r  design_1_i/zynq_ultra_ps_e_0/inst/buffer_pl_clk_0.PL_CLK_0_BUFG/O
    X0Y1 (CLOCK_ROOT)    net (fo=6524, routed)        1.532     1.699    design_1_i/top_controller_0/inst/u_risk_types/S_AXI_ACLK
    SLICE_X6Y64          FDRE                                         r  design_1_i/top_controller_0/inst/u_risk_types/sim_data_out_reg[speed_y][2]/C
  -------------------------------------------------------------------    -------------------
    SLICE_X6Y64          FDRE (Prop_FFF_SLICEL_C_Q)
                                                      0.069     1.768 r  design_1_i/top_controller_0/inst/u_risk_types/sim_data_out_reg[speed_y][2]/Q
                         net (fo=1, routed)           0.120     1.888    design_1_i/top_controller_0/inst/u_risk_control/sim_data_out_reg[speed_y][7]_1[2]
    SLICE_X3Y64          FDRE                                         r  design_1_i/top_controller_0/inst/u_risk_control/sim_data_out_reg[speed_y][2]/D
  -------------------------------------------------------------------    -------------------

                         (clock clk_pl_0 rise edge)
                                                      0.000     0.000 r  
    PS8_X0Y0             PS8                          0.000     0.000 r  design_1_i/zynq_ultra_ps_e_0/inst/PS8_i/PLCLK[0]
                         net (fo=1, routed)           0.178     0.178    design_1_i/zynq_ultra_ps_e_0/inst/pl_clk_unbuffered[0]
    BUFG_PS_X0Y58        BUFG_PS (Prop_BUFG_PS_I_O)
                                                      0.029     0.207 r  design_1_i/zynq_ultra_ps_e_0/inst/buffer_pl_clk_0.PL_CLK_0_BUFG/O
    X0Y1 (CLOCK_ROOT)    net (fo=6524, routed)        1.750     1.957    design_1_i/top_controller_0/inst/u_risk_control/S_AXI_ACLK
    SLICE_X3Y64          FDRE                                         r  design_1_i/top_controller_0/inst/u_risk_control/sim_data_out_reg[speed_y][2]/C
                         clock pessimism             -0.156     1.801    
    SLICE_X3Y64          FDRE (Hold_HFF2_SLICEL_C_D)
                                                      0.055     1.856    design_1_i/top_controller_0/inst/u_risk_control/sim_data_out_reg[speed_y][2]
  -------------------------------------------------------------------
                         required time                         -1.856    
                         arrival time                           1.888    
  -------------------------------------------------------------------
                         slack                                  0.032    

Slack (MET) :             0.033ns  (arrival time - required time)
  Source:                 design_1_i/top_controller_0/inst/u_risk_types/sensor_data_out_reg[gyro_z][2]/C
                            (rising edge-triggered cell FDRE clocked by clk_pl_0  {rise@0.000ns fall@5.625ns period=11.250ns})
  Destination:            design_1_i/top_controller_0/inst/u_risk_control/sensor_data_out_reg[gyro_z][2]/D
                            (rising edge-triggered cell FDRE clocked by clk_pl_0  {rise@0.000ns fall@5.625ns period=11.250ns})
  Path Group:             clk_pl_0
  Path Type:              Hold (Min at Fast Process Corner)
  Requirement:            0.000ns  (clk_pl_0 rise@0.000ns - clk_pl_0 rise@0.000ns)
  Data Path Delay:        0.093ns  (logic 0.038ns (40.860%)  route 0.055ns (59.140%))
  Logic Levels:           0  
  Clock Path Skew:        0.014ns (DCD - SCD - CPR)
    Destination Clock Delay (DCD):    1.148ns
    Source Clock Delay      (SCD):    1.000ns
    Clock Pessimism Removal (CPR):    0.134ns
  Clock Net Delay (Source):      0.889ns (routing 0.324ns, distribution 0.565ns)
  Clock Net Delay (Destination): 1.010ns (routing 0.365ns, distribution 0.645ns)

    Location             Delay type                Incr(ns)  Path(ns)    Netlist Resource(s)
  -------------------------------------------------------------------    -------------------
                         (clock clk_pl_0 rise edge)
                                                      0.000     0.000 r  
    PS8_X0Y0             PS8                          0.000     0.000 r  design_1_i/zynq_ultra_ps_e_0/inst/PS8_i/PLCLK[0]
                         net (fo=1, routed)           0.094     0.094    design_1_i/zynq_ultra_ps_e_0/inst/pl_clk_unbuffered[0]
    BUFG_PS_X0Y58        BUFG_PS (Prop_BUFG_PS_I_O)
                                                      0.017     0.111 r  design_1_i/zynq_ultra_ps_e_0/inst/buffer_pl_clk_0.PL_CLK_0_BUFG/O
    X0Y1 (CLOCK_ROOT)    net (fo=6524, routed)        0.889     1.000    design_1_i/top_controller_0/inst/u_risk_types/S_AXI_ACLK
    SLICE_X9Y66          FDRE                                         r  design_1_i/top_controller_0/inst/u_risk_types/sensor_data_out_reg[gyro_z][2]/C
  -------------------------------------------------------------------    -------------------
    SLICE_X9Y66          FDRE (Prop_AFF_SLICEM_C_Q)
                                                      0.038     1.038 r  design_1_i/top_controller_0/inst/u_risk_types/sensor_data_out_reg[gyro_z][2]/Q
                         net (fo=1, routed)           0.055     1.093    design_1_i/top_controller_0/inst/u_risk_control/sensor_data_out_reg[gyro_z][15]_1[2]
    SLICE_X9Y66          FDRE                                         r  design_1_i/top_controller_0/inst/u_risk_control/sensor_data_out_reg[gyro_z][2]/D
  -------------------------------------------------------------------    -------------------

                         (clock clk_pl_0 rise edge)
                                                      0.000     0.000 r  
    PS8_X0Y0             PS8                          0.000     0.000 r  design_1_i/zynq_ultra_ps_e_0/inst/PS8_i/PLCLK[0]
                         net (fo=1, routed)           0.120     0.120    design_1_i/zynq_ultra_ps_e_0/inst/pl_clk_unbuffered[0]
    BUFG_PS_X0Y58        BUFG_PS (Prop_BUFG_PS_I_O)
                                                      0.018     0.138 r  design_1_i/zynq_ultra_ps_e_0/inst/buffer_pl_clk_0.PL_CLK_0_BUFG/O
    X0Y1 (CLOCK_ROOT)    net (fo=6524, routed)        1.010     1.148    design_1_i/top_controller_0/inst/u_risk_control/S_AXI_ACLK
    SLICE_X9Y66          FDRE                                         r  design_1_i/top_controller_0/inst/u_risk_control/sensor_data_out_reg[gyro_z][2]/C
                         clock pessimism             -0.134     1.014    
    SLICE_X9Y66          FDRE (Hold_FFF_SLICEM_C_D)
                                                      0.046     1.060    design_1_i/top_controller_0/inst/u_risk_control/sensor_data_out_reg[gyro_z][2]
  -------------------------------------------------------------------
                         required time                         -1.060    
                         arrival time                           1.093    
  -------------------------------------------------------------------
                         slack                                  0.033    

Slack (MET) :             0.033ns  (arrival time - required time)
  Source:                 design_1_i/top_controller_0/inst/u_sensor_reliability/u_chk_accel_x/delta_history_reg[2][8]/C
                            (rising edge-triggered cell FDRE clocked by clk_pl_0  {rise@0.000ns fall@5.625ns period=11.250ns})
  Destination:            design_1_i/top_controller_0/inst/u_sensor_reliability/u_chk_accel_x/delta_history_reg[3][8]/D
                            (rising edge-triggered cell FDRE clocked by clk_pl_0  {rise@0.000ns fall@5.625ns period=11.250ns})
  Path Group:             clk_pl_0
  Path Type:              Hold (Min at Fast Process Corner)
  Requirement:            0.000ns  (clk_pl_0 rise@0.000ns - clk_pl_0 rise@0.000ns)
  Data Path Delay:        0.085ns  (logic 0.039ns (46.054%)  route 0.046ns (53.946%))
  Logic Levels:           0  
  Clock Path Skew:        0.006ns (DCD - SCD - CPR)
    Destination Clock Delay (DCD):    1.145ns
    Source Clock Delay      (SCD):    0.995ns
    Clock Pessimism Removal (CPR):    0.145ns
  Clock Net Delay (Source):      0.884ns (routing 0.324ns, distribution 0.560ns)
  Clock Net Delay (Destination): 1.007ns (routing 0.365ns, distribution 0.642ns)

    Location             Delay type                Incr(ns)  Path(ns)    Netlist Resource(s)
  -------------------------------------------------------------------    -------------------
                         (clock clk_pl_0 rise edge)
                                                      0.000     0.000 r  
    PS8_X0Y0             PS8                          0.000     0.000 r  design_1_i/zynq_ultra_ps_e_0/inst/PS8_i/PLCLK[0]
                         net (fo=1, routed)           0.094     0.094    design_1_i/zynq_ultra_ps_e_0/inst/pl_clk_unbuffered[0]
    BUFG_PS_X0Y58        BUFG_PS (Prop_BUFG_PS_I_O)
                                                      0.017     0.111 r  design_1_i/zynq_ultra_ps_e_0/inst/buffer_pl_clk_0.PL_CLK_0_BUFG/O
    X0Y1 (CLOCK_ROOT)    net (fo=6524, routed)        0.884     0.995    design_1_i/top_controller_0/inst/u_sensor_reliability/u_chk_accel_x/S_AXI_ACLK
    SLICE_X12Y41         FDRE                                         r  design_1_i/top_controller_0/inst/u_sensor_reliability/u_chk_accel_x/delta_history_reg[2][8]/C
  -------------------------------------------------------------------    -------------------
    SLICE_X12Y41         FDRE (Prop_BFF_SLICEL_C_Q)
                                                      0.039     1.034 r  design_1_i/top_controller_0/inst/u_sensor_reliability/u_chk_accel_x/delta_history_reg[2][8]/Q
                         net (fo=3, routed)           0.046     1.079    design_1_i/top_controller_0/inst/u_sensor_reliability/u_chk_accel_x/delta_history_reg[2]_102[8]
    SLICE_X12Y41         FDRE                                         r  design_1_i/top_controller_0/inst/u_sensor_reliability/u_chk_accel_x/delta_history_reg[3][8]/D
  -------------------------------------------------------------------    -------------------

                         (clock clk_pl_0 rise edge)
                                                      0.000     0.000 r  
    PS8_X0Y0             PS8                          0.000     0.000 r  design_1_i/zynq_ultra_ps_e_0/inst/PS8_i/PLCLK[0]
                         net (fo=1, routed)           0.120     0.120    design_1_i/zynq_ultra_ps_e_0/inst/pl_clk_unbuffered[0]
    BUFG_PS_X0Y58        BUFG_PS (Prop_BUFG_PS_I_O)
                                                      0.018     0.138 r  design_1_i/zynq_ultra_ps_e_0/inst/buffer_pl_clk_0.PL_CLK_0_BUFG/O
    X0Y1 (CLOCK_ROOT)    net (fo=6524, routed)        1.007     1.145    design_1_i/top_controller_0/inst/u_sensor_reliability/u_chk_accel_x/S_AXI_ACLK
    SLICE_X12Y41         FDRE                                         r  design_1_i/top_controller_0/inst/u_sensor_reliability/u_chk_accel_x/delta_history_reg[3][8]/C
                         clock pessimism             -0.145     1.001    
    SLICE_X12Y41         FDRE (Hold_CFF_SLICEL_C_D)
                                                      0.046     1.047    design_1_i/top_controller_0/inst/u_sensor_reliability/u_chk_accel_x/delta_history_reg[3][8]
  -------------------------------------------------------------------
                         required time                         -1.047    
                         arrival time                           1.079    
  -------------------------------------------------------------------
                         slack                                  0.033    

Slack (MET) :             0.033ns  (arrival time - required time)
  Source:                 design_1_i/top_controller_0/inst/u_axi_slave/slv_reg5_reg[25]/C
                            (rising edge-triggered cell FDRE clocked by clk_pl_0  {rise@0.000ns fall@5.625ns period=11.250ns})
  Destination:            design_1_i/top_controller_0/inst/u_preprocessor/sensor_data_out_reg[humidity][0]/D
                            (rising edge-triggered cell FDRE clocked by clk_pl_0  {rise@0.000ns fall@5.625ns period=11.250ns})
  Path Group:             clk_pl_0
  Path Type:              Hold (Min at Fast Process Corner)
  Requirement:            0.000ns  (clk_pl_0 rise@0.000ns - clk_pl_0 rise@0.000ns)
  Data Path Delay:        0.100ns  (logic 0.039ns (39.000%)  route 0.061ns (61.000%))
  Logic Levels:           0  
  Clock Path Skew:        0.020ns (DCD - SCD - CPR)
    Destination Clock Delay (DCD):    1.134ns
    Source Clock Delay      (SCD):    0.986ns
    Clock Pessimism Removal (CPR):    0.128ns
  Clock Net Delay (Source):      0.875ns (routing 0.324ns, distribution 0.551ns)
  Clock Net Delay (Destination): 0.996ns (routing 0.365ns, distribution 0.631ns)

    Location             Delay type                Incr(ns)  Path(ns)    Netlist Resource(s)
  -------------------------------------------------------------------    -------------------
                         (clock clk_pl_0 rise edge)
                                                      0.000     0.000 r  
    PS8_X0Y0             PS8                          0.000     0.000 r  design_1_i/zynq_ultra_ps_e_0/inst/PS8_i/PLCLK[0]
                         net (fo=1, routed)           0.094     0.094    design_1_i/zynq_ultra_ps_e_0/inst/pl_clk_unbuffered[0]
    BUFG_PS_X0Y58        BUFG_PS (Prop_BUFG_PS_I_O)
                                                      0.017     0.111 r  design_1_i/zynq_ultra_ps_e_0/inst/buffer_pl_clk_0.PL_CLK_0_BUFG/O
    X0Y1 (CLOCK_ROOT)    net (fo=6524, routed)        0.875     0.986    design_1_i/top_controller_0/inst/u_axi_slave/S_AXI_ACLK
    SLICE_X10Y89         FDRE                                         r  design_1_i/top_controller_0/inst/u_axi_slave/slv_reg5_reg[25]/C
  -------------------------------------------------------------------    -------------------
    SLICE_X10Y89         FDRE (Prop_EFF_SLICEL_C_Q)
                                                      0.039     1.025 r  design_1_i/top_controller_0/inst/u_axi_slave/slv_reg5_reg[25]/Q
                         net (fo=3, routed)           0.061     1.086    design_1_i/top_controller_0/inst/u_preprocessor/sensor_data_out_reg[humidity][6]_2[25]
    SLICE_X10Y88         FDRE                                         r  design_1_i/top_controller_0/inst/u_preprocessor/sensor_data_out_reg[humidity][0]/D
  -------------------------------------------------------------------    -------------------

                         (clock clk_pl_0 rise edge)
                                                      0.000     0.000 r  
    PS8_X0Y0             PS8                          0.000     0.000 r  design_1_i/zynq_ultra_ps_e_0/inst/PS8_i/PLCLK[0]
                         net (fo=1, routed)           0.120     0.120    design_1_i/zynq_ultra_ps_e_0/inst/pl_clk_unbuffered[0]
    BUFG_PS_X0Y58        BUFG_PS (Prop_BUFG_PS_I_O)
                                                      0.018     0.138 r  design_1_i/zynq_ultra_ps_e_0/inst/buffer_pl_clk_0.PL_CLK_0_BUFG/O
    X0Y1 (CLOCK_ROOT)    net (fo=6524, routed)        0.996     1.134    design_1_i/top_controller_0/inst/u_preprocessor/S_AXI_ACLK
    SLICE_X10Y88         FDRE                                         r  design_1_i/top_controller_0/inst/u_preprocessor/sensor_data_out_reg[humidity][0]/C
                         clock pessimism             -0.128     1.006    
    SLICE_X10Y88         FDRE (Hold_EFF2_SLICEL_C_D)
                                                      0.047     1.053    design_1_i/top_controller_0/inst/u_preprocessor/sensor_data_out_reg[humidity][0]
  -------------------------------------------------------------------
                         required time                         -1.053    
                         arrival time                           1.086    
  -------------------------------------------------------------------
                         slack                                  0.033    

Slack (MET) :             0.033ns  (arrival time - required time)
  Source:                 design_1_i/top_controller_0/inst/u_sensor_reliability/u_chk_lux/delta_history_reg[1][12]/C
                            (rising edge-triggered cell FDRE clocked by clk_pl_0  {rise@0.000ns fall@5.625ns period=11.250ns})
  Destination:            design_1_i/top_controller_0/inst/u_sensor_reliability/u_chk_lux/delta_history_reg[2][12]/D
                            (rising edge-triggered cell FDRE clocked by clk_pl_0  {rise@0.000ns fall@5.625ns period=11.250ns})
  Path Group:             clk_pl_0
  Path Type:              Hold (Min at Slow Process Corner)
  Requirement:            0.000ns  (clk_pl_0 rise@0.000ns - clk_pl_0 rise@0.000ns)
  Data Path Delay:        0.184ns  (logic 0.072ns (39.088%)  route 0.112ns (60.913%))
  Logic Levels:           0  
  Clock Path Skew:        0.098ns (DCD - SCD - CPR)
    Destination Clock Delay (DCD):    1.970ns
    Source Clock Delay      (SCD):    1.711ns
    Clock Pessimism Removal (CPR):    0.161ns
  Clock Net Delay (Source):      1.544ns (routing 0.576ns, distribution 0.968ns)
  Clock Net Delay (Destination): 1.763ns (routing 0.638ns, distribution 1.125ns)

    Location             Delay type                Incr(ns)  Path(ns)    Netlist Resource(s)
  -------------------------------------------------------------------    -------------------
                         (clock clk_pl_0 rise edge)
                                                      0.000     0.000 r  
    PS8_X0Y0             PS8                          0.000     0.000 r  design_1_i/zynq_ultra_ps_e_0/inst/PS8_i/PLCLK[0]
                         net (fo=1, routed)           0.140     0.140    design_1_i/zynq_ultra_ps_e_0/inst/pl_clk_unbuffered[0]
    BUFG_PS_X0Y58        BUFG_PS (Prop_BUFG_PS_I_O)
                                                      0.027     0.167 r  design_1_i/zynq_ultra_ps_e_0/inst/buffer_pl_clk_0.PL_CLK_0_BUFG/O
    X0Y1 (CLOCK_ROOT)    net (fo=6524, routed)        1.544     1.711    design_1_i/top_controller_0/inst/u_sensor_reliability/u_chk_lux/S_AXI_ACLK
    SLICE_X2Y44          FDRE                                         r  design_1_i/top_controller_0/inst/u_sensor_reliability/u_chk_lux/delta_history_reg[1][12]/C
  -------------------------------------------------------------------    -------------------
    SLICE_X2Y44          FDRE (Prop_EFF2_SLICEL_C_Q)
                                                      0.072     1.783 r  design_1_i/top_controller_0/inst/u_sensor_reliability/u_chk_lux/delta_history_reg[1][12]/Q
                         net (fo=3, routed)           0.112     1.895    design_1_i/top_controller_0/inst/u_sensor_reliability/u_chk_lux/delta_history_reg[1]_71[12]
    SLICE_X3Y44          FDRE                                         r  design_1_i/top_controller_0/inst/u_sensor_reliability/u_chk_lux/delta_history_reg[2][12]/D
  -------------------------------------------------------------------    -------------------

                         (clock clk_pl_0 rise edge)
                                                      0.000     0.000 r  
    PS8_X0Y0             PS8                          0.000     0.000 r  design_1_i/zynq_ultra_ps_e_0/inst/PS8_i/PLCLK[0]
                         net (fo=1, routed)           0.178     0.178    design_1_i/zynq_ultra_ps_e_0/inst/pl_clk_unbuffered[0]
    BUFG_PS_X0Y58        BUFG_PS (Prop_BUFG_PS_I_O)
                                                      0.029     0.207 r  design_1_i/zynq_ultra_ps_e_0/inst/buffer_pl_clk_0.PL_CLK_0_BUFG/O
    X0Y1 (CLOCK_ROOT)    net (fo=6524, routed)        1.763     1.970    design_1_i/top_controller_0/inst/u_sensor_reliability/u_chk_lux/S_AXI_ACLK
    SLICE_X3Y44          FDRE                                         r  design_1_i/top_controller_0/inst/u_sensor_reliability/u_chk_lux/delta_history_reg[2][12]/C
                         clock pessimism             -0.161     1.809    
    SLICE_X3Y44          FDRE (Hold_EFF_SLICEL_C_D)
                                                      0.053     1.862    design_1_i/top_controller_0/inst/u_sensor_reliability/u_chk_lux/delta_history_reg[2][12]
  -------------------------------------------------------------------
                         required time                         -1.862    
                         arrival time                           1.895    
  -------------------------------------------------------------------
                         slack                                  0.033    

Slack (MET) :             0.034ns  (arrival time - required time)
  Source:                 design_1_i/top_controller_0/inst/u_sensor_reliability/u_chk_accel_y/delta_history_reg[7][0]/C
                            (rising edge-triggered cell FDRE clocked by clk_pl_0  {rise@0.000ns fall@5.625ns period=11.250ns})
  Destination:            design_1_i/top_controller_0/inst/u_sensor_reliability/u_chk_accel_y/delta_history_reg[8][0]/D
                            (rising edge-triggered cell FDRE clocked by clk_pl_0  {rise@0.000ns fall@5.625ns period=11.250ns})
  Path Group:             clk_pl_0
  Path Type:              Hold (Min at Slow Process Corner)
  Requirement:            0.000ns  (clk_pl_0 rise@0.000ns - clk_pl_0 rise@0.000ns)
  Data Path Delay:        0.207ns  (logic 0.070ns (33.812%)  route 0.137ns (66.188%))
  Logic Levels:           0  
  Clock Path Skew:        0.120ns (DCD - SCD - CPR)
    Destination Clock Delay (DCD):    2.022ns
    Source Clock Delay      (SCD):    1.741ns
    Clock Pessimism Removal (CPR):    0.161ns
  Clock Net Delay (Source):      1.574ns (routing 0.576ns, distribution 0.998ns)
  Clock Net Delay (Destination): 1.815ns (routing 0.638ns, distribution 1.177ns)

    Location             Delay type                Incr(ns)  Path(ns)    Netlist Resource(s)
  -------------------------------------------------------------------    -------------------
                         (clock clk_pl_0 rise edge)
                                                      0.000     0.000 r  
    PS8_X0Y0             PS8                          0.000     0.000 r  design_1_i/zynq_ultra_ps_e_0/inst/PS8_i/PLCLK[0]
                         net (fo=1, routed)           0.140     0.140    design_1_i/zynq_ultra_ps_e_0/inst/pl_clk_unbuffered[0]
    BUFG_PS_X0Y58        BUFG_PS (Prop_BUFG_PS_I_O)
                                                      0.027     0.167 r  design_1_i/zynq_ultra_ps_e_0/inst/buffer_pl_clk_0.PL_CLK_0_BUFG/O
    X0Y1 (CLOCK_ROOT)    net (fo=6524, routed)        1.574     1.741    design_1_i/top_controller_0/inst/u_sensor_reliability/u_chk_accel_y/S_AXI_ACLK
    SLICE_X27Y55         FDRE                                         r  design_1_i/top_controller_0/inst/u_sensor_reliability/u_chk_accel_y/delta_history_reg[7][0]/C
  -------------------------------------------------------------------    -------------------
    SLICE_X27Y55         FDRE (Prop_GFF_SLICEL_C_Q)
                                                      0.070     1.811 r  design_1_i/top_controller_0/inst/u_sensor_reliability/u_chk_accel_y/delta_history_reg[7][0]/Q
                         net (fo=3, routed)           0.137     1.948    design_1_i/top_controller_0/inst/u_sensor_reliability/u_chk_accel_y/delta_history_reg[7]_97[0]
    SLICE_X21Y55         FDRE                                         r  design_1_i/top_controller_0/inst/u_sensor_reliability/u_chk_accel_y/delta_history_reg[8][0]/D
  -------------------------------------------------------------------    -------------------

                         (clock clk_pl_0 rise edge)
                                                      0.000     0.000 r  
    PS8_X0Y0             PS8                          0.000     0.000 r  design_1_i/zynq_ultra_ps_e_0/inst/PS8_i/PLCLK[0]
                         net (fo=1, routed)           0.178     0.178    design_1_i/zynq_ultra_ps_e_0/inst/pl_clk_unbuffered[0]
    BUFG_PS_X0Y58        BUFG_PS (Prop_BUFG_PS_I_O)
                                                      0.029     0.207 r  design_1_i/zynq_ultra_ps_e_0/inst/buffer_pl_clk_0.PL_CLK_0_BUFG/O
    X0Y1 (CLOCK_ROOT)    net (fo=6524, routed)        1.815     2.022    design_1_i/top_controller_0/inst/u_sensor_reliability/u_chk_accel_y/S_AXI_ACLK
    SLICE_X21Y55         FDRE                                         r  design_1_i/top_controller_0/inst/u_sensor_reliability/u_chk_accel_y/delta_history_reg[8][0]/C
                         clock pessimism             -0.161     1.861    
    SLICE_X21Y55         FDRE (Hold_EFF_SLICEL_C_D)
                                                      0.053     1.914    design_1_i/top_controller_0/inst/u_sensor_reliability/u_chk_accel_y/delta_history_reg[8][0]
  -------------------------------------------------------------------
                         required time                         -1.914    
                         arrival time                           1.948    
  -------------------------------------------------------------------
                         slack                                  0.034    





Pulse Width Checks
--------------------------------------------------------------------------------------
Clock Name:         clk_pl_0
Waveform(ns):       { 0.000 5.625 }
Period(ns):         11.250
Sources:            { design_1_i/zynq_ultra_ps_e_0/inst/PS8_i/PLCLK[0] }

Check Type        Corner  Lib Pin          Reference Pin  Required(ns)  Actual(ns)  Slack(ns)  Location       Pin
Min Period        n/a     PS8/MAXIGP2ACLK  n/a            3.000         11.250      8.250      PS8_X0Y0       design_1_i/zynq_ultra_ps_e_0/inst/PS8_i/MAXIGP2ACLK
Min Period        n/a     SRL16E/CLK       n/a            1.146         11.250      10.104     SLICE_X14Y169  design_1_i/proc_sys_reset_0/U0/EXT_LPF/POR_SRL_I/CLK
Min Period        n/a     SRLC32E/CLK      n/a            1.146         11.250      10.104     SLICE_X4Y119   design_1_i/ps8_0_axi_periph/s00_couplers/auto_pc/inst/gen_axilite.gen_b2s_conv.axilite_b2s/RD.r_channel_0/rd_data_fifo_0/memory_reg[31][0]_srl32/CLK
Min Period        n/a     SRLC32E/CLK      n/a            1.146         11.250      10.104     SLICE_X4Y117   design_1_i/ps8_0_axi_periph/s00_couplers/auto_pc/inst/gen_axilite.gen_b2s_conv.axilite_b2s/RD.r_channel_0/rd_data_fifo_0/memory_reg[31][10]_srl32/CLK
Min Period        n/a     SRLC32E/CLK      n/a            1.146         11.250      10.104     SLICE_X4Y115   design_1_i/ps8_0_axi_periph/s00_couplers/auto_pc/inst/gen_axilite.gen_b2s_conv.axilite_b2s/RD.r_channel_0/rd_data_fifo_0/memory_reg[31][11]_srl32/CLK
Min Period        n/a     SRLC32E/CLK      n/a            1.146         11.250      10.104     SLICE_X4Y115   design_1_i/ps8_0_axi_periph/s00_couplers/auto_pc/inst/gen_axilite.gen_b2s_conv.axilite_b2s/RD.r_channel_0/rd_data_fifo_0/memory_reg[31][12]_srl32/CLK
Min Period        n/a     SRLC32E/CLK      n/a            1.146         11.250      10.104     SLICE_X4Y117   design_1_i/ps8_0_axi_periph/s00_couplers/auto_pc/inst/gen_axilite.gen_b2s_conv.axilite_b2s/RD.r_channel_0/rd_data_fifo_0/memory_reg[31][13]_srl32/CLK
Min Period        n/a     SRLC32E/CLK      n/a            1.146         11.250      10.104     SLICE_X4Y115   design_1_i/ps8_0_axi_periph/s00_couplers/auto_pc/inst/gen_axilite.gen_b2s_conv.axilite_b2s/RD.r_channel_0/rd_data_fifo_0/memory_reg[31][14]_srl32/CLK
Min Period        n/a     SRLC32E/CLK      n/a            1.146         11.250      10.104     SLICE_X4Y119   design_1_i/ps8_0_axi_periph/s00_couplers/auto_pc/inst/gen_axilite.gen_b2s_conv.axilite_b2s/RD.r_channel_0/rd_data_fifo_0/memory_reg[31][15]_srl32/CLK
Min Period        n/a     SRLC32E/CLK      n/a            1.146         11.250      10.104     SLICE_X4Y121   design_1_i/ps8_0_axi_periph/s00_couplers/auto_pc/inst/gen_axilite.gen_b2s_conv.axilite_b2s/RD.r_channel_0/rd_data_fifo_0/memory_reg[31][16]_srl32/CLK
Min Period        n/a     SRLC32E/CLK      n/a            1.146         11.250      10.104     SLICE_X4Y119   design_1_i/ps8_0_axi_periph/s00_couplers/auto_pc/inst/gen_axilite.gen_b2s_conv.axilite_b2s/RD.r_channel_0/rd_data_fifo_0/memory_reg[31][17]_srl32/CLK
Min Period        n/a     SRLC32E/CLK      n/a            1.146         11.250      10.104     SLICE_X4Y119   design_1_i/ps8_0_axi_periph/s00_couplers/auto_pc/inst/gen_axilite.gen_b2s_conv.axilite_b2s/RD.r_channel_0/rd_data_fifo_0/memory_reg[31][18]_srl32/CLK
Min Period        n/a     SRLC32E/CLK      n/a            1.146         11.250      10.104     SLICE_X4Y121   design_1_i/ps8_0_axi_periph/s00_couplers/auto_pc/inst/gen_axilite.gen_b2s_conv.axilite_b2s/RD.r_channel_0/rd_data_fifo_0/memory_reg[31][19]_srl32/CLK
Min Period        n/a     SRLC32E/CLK      n/a            1.146         11.250      10.104     SLICE_X4Y121   design_1_i/ps8_0_axi_periph/s00_couplers/auto_pc/inst/gen_axilite.gen_b2s_conv.axilite_b2s/RD.r_channel_0/rd_data_fifo_0/memory_reg[31][1]_srl32/CLK
Min Period        n/a     SRLC32E/CLK      n/a            1.146         11.250      10.104     SLICE_X4Y119   design_1_i/ps8_0_axi_periph/s00_couplers/auto_pc/inst/gen_axilite.gen_b2s_conv.axilite_b2s/RD.r_channel_0/rd_data_fifo_0/memory_reg[31][20]_srl32/CLK
Min Period        n/a     SRLC32E/CLK      n/a            1.146         11.250      10.104     SLICE_X4Y117   design_1_i/ps8_0_axi_periph/s00_couplers/auto_pc/inst/gen_axilite.gen_b2s_conv.axilite_b2s/RD.r_channel_0/rd_data_fifo_0/memory_reg[31][21]_srl32/CLK
Min Period        n/a     SRLC32E/CLK      n/a            1.146         11.250      10.104     SLICE_X4Y117   design_1_i/ps8_0_axi_periph/s00_couplers/auto_pc/inst/gen_axilite.gen_b2s_conv.axilite_b2s/RD.r_channel_0/rd_data_fifo_0/memory_reg[31][22]_srl32/CLK
Min Period        n/a     SRLC32E/CLK      n/a            1.146         11.250      10.104     SLICE_X4Y121   design_1_i/ps8_0_axi_periph/s00_couplers/auto_pc/inst/gen_axilite.gen_b2s_conv.axilite_b2s/RD.r_channel_0/rd_data_fifo_0/memory_reg[31][23]_srl32/CLK
Min Period        n/a     SRLC32E/CLK      n/a            1.146         11.250      10.104     SLICE_X4Y121   design_1_i/ps8_0_axi_periph/s00_couplers/auto_pc/inst/gen_axilite.gen_b2s_conv.axilite_b2s/RD.r_channel_0/rd_data_fifo_0/memory_reg[31][24]_srl32/CLK
Min Period        n/a     SRLC32E/CLK      n/a            1.146         11.250      10.104     SLICE_X4Y121   design_1_i/ps8_0_axi_periph/s00_couplers/auto_pc/inst/gen_axilite.gen_b2s_conv.axilite_b2s/RD.r_channel_0/rd_data_fifo_0/memory_reg[31][25]_srl32/CLK
Low Pulse Width   Slow    PS8/MAXIGP2ACLK  n/a            1.500         5.625       4.125      PS8_X0Y0       design_1_i/zynq_ultra_ps_e_0/inst/PS8_i/MAXIGP2ACLK
Low Pulse Width   Fast    PS8/MAXIGP2ACLK  n/a            1.500         5.625       4.125      PS8_X0Y0       design_1_i/zynq_ultra_ps_e_0/inst/PS8_i/MAXIGP2ACLK
Low Pulse Width   Slow    SRL16E/CLK       n/a            0.573         5.625       5.052      SLICE_X14Y169  design_1_i/proc_sys_reset_0/U0/EXT_LPF/POR_SRL_I/CLK
Low Pulse Width   Fast    SRL16E/CLK       n/a            0.573         5.625       5.052      SLICE_X14Y169  design_1_i/proc_sys_reset_0/U0/EXT_LPF/POR_SRL_I/CLK
Low Pulse Width   Slow    SRLC32E/CLK      n/a            0.573         5.625       5.052      SLICE_X4Y119   design_1_i/ps8_0_axi_periph/s00_couplers/auto_pc/inst/gen_axilite.gen_b2s_conv.axilite_b2s/RD.r_channel_0/rd_data_fifo_0/memory_reg[31][0]_srl32/CLK
Low Pulse Width   Fast    SRLC32E/CLK      n/a            0.573         5.625       5.052      SLICE_X4Y119   design_1_i/ps8_0_axi_periph/s00_couplers/auto_pc/inst/gen_axilite.gen_b2s_conv.axilite_b2s/RD.r_channel_0/rd_data_fifo_0/memory_reg[31][0]_srl32/CLK
Low Pulse Width   Slow    SRLC32E/CLK      n/a            0.573         5.625       5.052      SLICE_X4Y117   design_1_i/ps8_0_axi_periph/s00_couplers/auto_pc/inst/gen_axilite.gen_b2s_conv.axilite_b2s/RD.r_channel_0/rd_data_fifo_0/memory_reg[31][10]_srl32/CLK
Low Pulse Width   Fast    SRLC32E/CLK      n/a            0.573         5.625       5.052      SLICE_X4Y117   design_1_i/ps8_0_axi_periph/s00_couplers/auto_pc/inst/gen_axilite.gen_b2s_conv.axilite_b2s/RD.r_channel_0/rd_data_fifo_0/memory_reg[31][10]_srl32/CLK
Low Pulse Width   Slow    SRLC32E/CLK      n/a            0.573         5.625       5.052      SLICE_X4Y115   design_1_i/ps8_0_axi_periph/s00_couplers/auto_pc/inst/gen_axilite.gen_b2s_conv.axilite_b2s/RD.r_channel_0/rd_data_fifo_0/memory_reg[31][11]_srl32/CLK
Low Pulse Width   Fast    SRLC32E/CLK      n/a            0.573         5.625       5.052      SLICE_X4Y115   design_1_i/ps8_0_axi_periph/s00_couplers/auto_pc/inst/gen_axilite.gen_b2s_conv.axilite_b2s/RD.r_channel_0/rd_data_fifo_0/memory_reg[31][11]_srl32/CLK
Low Pulse Width   Slow    SRLC32E/CLK      n/a            0.573         5.625       5.052      SLICE_X4Y115   design_1_i/ps8_0_axi_periph/s00_couplers/auto_pc/inst/gen_axilite.gen_b2s_conv.axilite_b2s/RD.r_channel_0/rd_data_fifo_0/memory_reg[31][12]_srl32/CLK
Low Pulse Width   Fast    SRLC32E/CLK      n/a            0.573         5.625       5.052      SLICE_X4Y115   design_1_i/ps8_0_axi_periph/s00_couplers/auto_pc/inst/gen_axilite.gen_b2s_conv.axilite_b2s/RD.r_channel_0/rd_data_fifo_0/memory_reg[31][12]_srl32/CLK
Low Pulse Width   Slow    SRLC32E/CLK      n/a            0.573         5.625       5.052      SLICE_X4Y117   design_1_i/ps8_0_axi_periph/s00_couplers/auto_pc/inst/gen_axilite.gen_b2s_conv.axilite_b2s/RD.r_channel_0/rd_data_fifo_0/memory_reg[31][13]_srl32/CLK
Low Pulse Width   Fast    SRLC32E/CLK      n/a            0.573         5.625       5.052      SLICE_X4Y117   design_1_i/ps8_0_axi_periph/s00_couplers/auto_pc/inst/gen_axilite.gen_b2s_conv.axilite_b2s/RD.r_channel_0/rd_data_fifo_0/memory_reg[31][13]_srl32/CLK
Low Pulse Width   Slow    SRLC32E/CLK      n/a            0.573         5.625       5.052      SLICE_X4Y115   design_1_i/ps8_0_axi_periph/s00_couplers/auto_pc/inst/gen_axilite.gen_b2s_conv.axilite_b2s/RD.r_channel_0/rd_data_fifo_0/memory_reg[31][14]_srl32/CLK
Low Pulse Width   Fast    SRLC32E/CLK      n/a            0.573         5.625       5.052      SLICE_X4Y115   design_1_i/ps8_0_axi_periph/s00_couplers/auto_pc/inst/gen_axilite.gen_b2s_conv.axilite_b2s/RD.r_channel_0/rd_data_fifo_0/memory_reg[31][14]_srl32/CLK
Low Pulse Width   Slow    SRLC32E/CLK      n/a            0.573         5.625       5.052      SLICE_X4Y119   design_1_i/ps8_0_axi_periph/s00_couplers/auto_pc/inst/gen_axilite.gen_b2s_conv.axilite_b2s/RD.r_channel_0/rd_data_fifo_0/memory_reg[31][15]_srl32/CLK
Low Pulse Width   Fast    SRLC32E/CLK      n/a            0.573         5.625       5.052      SLICE_X4Y119   design_1_i/ps8_0_axi_periph/s00_couplers/auto_pc/inst/gen_axilite.gen_b2s_conv.axilite_b2s/RD.r_channel_0/rd_data_fifo_0/memory_reg[31][15]_srl32/CLK
Low Pulse Width   Slow    SRLC32E/CLK      n/a            0.573         5.625       5.052      SLICE_X4Y121   design_1_i/ps8_0_axi_periph/s00_couplers/auto_pc/inst/gen_axilite.gen_b2s_conv.axilite_b2s/RD.r_channel_0/rd_data_fifo_0/memory_reg[31][16]_srl32/CLK
Low Pulse Width   Fast    SRLC32E/CLK      n/a            0.573         5.625       5.052      SLICE_X4Y121   design_1_i/ps8_0_axi_periph/s00_couplers/auto_pc/inst/gen_axilite.gen_b2s_conv.axilite_b2s/RD.r_channel_0/rd_data_fifo_0/memory_reg[31][16]_srl32/CLK
High Pulse Width  Slow    PS8/MAXIGP2ACLK  n/a            1.500         5.625       4.125      PS8_X0Y0       design_1_i/zynq_ultra_ps_e_0/inst/PS8_i/MAXIGP2ACLK
High Pulse Width  Fast    PS8/MAXIGP2ACLK  n/a            1.500         5.625       4.125      PS8_X0Y0       design_1_i/zynq_ultra_ps_e_0/inst/PS8_i/MAXIGP2ACLK
High Pulse Width  Slow    SRL16E/CLK       n/a            0.573         5.625       5.052      SLICE_X14Y169  design_1_i/proc_sys_reset_0/U0/EXT_LPF/POR_SRL_I/CLK
High Pulse Width  Fast    SRL16E/CLK       n/a            0.573         5.625       5.052      SLICE_X14Y169  design_1_i/proc_sys_reset_0/U0/EXT_LPF/POR_SRL_I/CLK
High Pulse Width  Slow    SRLC32E/CLK      n/a            0.573         5.625       5.052      SLICE_X4Y119   design_1_i/ps8_0_axi_periph/s00_couplers/auto_pc/inst/gen_axilite.gen_b2s_conv.axilite_b2s/RD.r_channel_0/rd_data_fifo_0/memory_reg[31][0]_srl32/CLK
High Pulse Width  Fast    SRLC32E/CLK      n/a            0.573         5.625       5.052      SLICE_X4Y119   design_1_i/ps8_0_axi_periph/s00_couplers/auto_pc/inst/gen_axilite.gen_b2s_conv.axilite_b2s/RD.r_channel_0/rd_data_fifo_0/memory_reg[31][0]_srl32/CLK
High Pulse Width  Slow    SRLC32E/CLK      n/a            0.573         5.625       5.052      SLICE_X4Y117   design_1_i/ps8_0_axi_periph/s00_couplers/auto_pc/inst/gen_axilite.gen_b2s_conv.axilite_b2s/RD.r_channel_0/rd_data_fifo_0/memory_reg[31][10]_srl32/CLK
High Pulse Width  Fast    SRLC32E/CLK      n/a            0.573         5.625       5.052      SLICE_X4Y117   design_1_i/ps8_0_axi_periph/s00_couplers/auto_pc/inst/gen_axilite.gen_b2s_conv.axilite_b2s/RD.r_channel_0/rd_data_fifo_0/memory_reg[31][10]_srl32/CLK
High Pulse Width  Slow    SRLC32E/CLK      n/a            0.573         5.625       5.052      SLICE_X4Y115   design_1_i/ps8_0_axi_periph/s00_couplers/auto_pc/inst/gen_axilite.gen_b2s_conv.axilite_b2s/RD.r_channel_0/rd_data_fifo_0/memory_reg[31][11]_srl32/CLK
High Pulse Width  Fast    SRLC32E/CLK      n/a            0.573         5.625       5.052      SLICE_X4Y115   design_1_i/ps8_0_axi_periph/s00_couplers/auto_pc/inst/gen_axilite.gen_b2s_conv.axilite_b2s/RD.r_channel_0/rd_data_fifo_0/memory_reg[31][11]_srl32/CLK
High Pulse Width  Slow    SRLC32E/CLK      n/a            0.573         5.625       5.052      SLICE_X4Y115   design_1_i/ps8_0_axi_periph/s00_couplers/auto_pc/inst/gen_axilite.gen_b2s_conv.axilite_b2s/RD.r_channel_0/rd_data_fifo_0/memory_reg[31][12]_srl32/CLK
High Pulse Width  Fast    SRLC32E/CLK      n/a            0.573         5.625       5.052      SLICE_X4Y115   design_1_i/ps8_0_axi_periph/s00_couplers/auto_pc/inst/gen_axilite.gen_b2s_conv.axilite_b2s/RD.r_channel_0/rd_data_fifo_0/memory_reg[31][12]_srl32/CLK
High Pulse Width  Slow    SRLC32E/CLK      n/a            0.573         5.625       5.052      SLICE_X4Y117   design_1_i/ps8_0_axi_periph/s00_couplers/auto_pc/inst/gen_axilite.gen_b2s_conv.axilite_b2s/RD.r_channel_0/rd_data_fifo_0/memory_reg[31][13]_srl32/CLK
High Pulse Width  Fast    SRLC32E/CLK      n/a            0.573         5.625       5.052      SLICE_X4Y117   design_1_i/ps8_0_axi_periph/s00_couplers/auto_pc/inst/gen_axilite.gen_b2s_conv.axilite_b2s/RD.r_channel_0/rd_data_fifo_0/memory_reg[31][13]_srl32/CLK
High Pulse Width  Slow    SRLC32E/CLK      n/a            0.573         5.625       5.052      SLICE_X4Y115   design_1_i/ps8_0_axi_periph/s00_couplers/auto_pc/inst/gen_axilite.gen_b2s_conv.axilite_b2s/RD.r_channel_0/rd_data_fifo_0/memory_reg[31][14]_srl32/CLK
High Pulse Width  Fast    SRLC32E/CLK      n/a            0.573         5.625       5.052      SLICE_X4Y115   design_1_i/ps8_0_axi_periph/s00_couplers/auto_pc/inst/gen_axilite.gen_b2s_conv.axilite_b2s/RD.r_channel_0/rd_data_fifo_0/memory_reg[31][14]_srl32/CLK
High Pulse Width  Slow    SRLC32E/CLK      n/a            0.573         5.625       5.052      SLICE_X4Y119   design_1_i/ps8_0_axi_periph/s00_couplers/auto_pc/inst/gen_axilite.gen_b2s_conv.axilite_b2s/RD.r_channel_0/rd_data_fifo_0/memory_reg[31][15]_srl32/CLK
High Pulse Width  Fast    SRLC32E/CLK      n/a            0.573         5.625       5.052      SLICE_X4Y119   design_1_i/ps8_0_axi_periph/s00_couplers/auto_pc/inst/gen_axilite.gen_b2s_conv.axilite_b2s/RD.r_channel_0/rd_data_fifo_0/memory_reg[31][15]_srl32/CLK
High Pulse Width  Slow    SRLC32E/CLK      n/a            0.573         5.625       5.052      SLICE_X4Y121   design_1_i/ps8_0_axi_periph/s00_couplers/auto_pc/inst/gen_axilite.gen_b2s_conv.axilite_b2s/RD.r_channel_0/rd_data_fifo_0/memory_reg[31][16]_srl32/CLK
High Pulse Width  Fast    SRLC32E/CLK      n/a            0.573         5.625       5.052      SLICE_X4Y121   design_1_i/ps8_0_axi_periph/s00_couplers/auto_pc/inst/gen_axilite.gen_b2s_conv.axilite_b2s/RD.r_channel_0/rd_data_fifo_0/memory_reg[31][16]_srl32/CLK



