Time,Speed,RPM,Gear,Steering,Weather,Temperature,Humidity,Lux,RoadSpeedLimit,FrontDistance,DistanceOverRange,ClosingSpeed,TTC,TTCRisk,TTCThrottle,TTCBrake,TTCGearDown,TTCHazard,RoadRisk,RoadSurfaceGrade,RoadShockGrade,RoadThrottle,RoadBrake,RoadSpeedLimitCmd,RoadGearDown,VisionRisk,VisionLuxGrade,VisionWeatherGrade,VisionThrottle,VisionSpeedLimitCmd,VisionHeadlight,VisionHazard,PostureRisk,PostureRollGrade,PostureYawGrade,PostureLateralGrade,PostureThrottle,PostureBrake,PostureSteerRateLimit,PostureGearDown,FinalRisk,FinalThrottle,FinalBrake,FinalSteering,FinalSteerRateLimit,FinalSpeedLimit,FinalGearDown,Headlight,Hazard,ManualMode,AutonomousControl,EmergencyStop
0.05,1.76,800,1,12,0,22.0,30.0,21885.2,50,999.0,True,0.0,20.0,0,10,0,False,False,0,DRY,NORMAL,10,0,50,False,0,BRIGHT,CLEAR,10,50,False,False,0,SAFE,SAFE,SAFE,10,0,100,False,0,10,0,12,100,50,False,False,False,False,True,False
0.1,3.53,1146,1,12,0,22.0,30.0,21885.2,50,999.0,True,0.0,20.0,0,10,0,False,False,0,DRY,NORMAL,10,0,50,False,0,BRIGHT,CLEAR,10,50,False,False,0,SAFE,SAFE,SAFE,10,0,100,False,0,10,0,12,100,50,False,False,False,False,True,False
0.15,5.29,1719,1,12,0,22.0,30.0,21885.2,50,999.0,True,0.0,20.0,0,10,0,False,False,0,DRY,NORMAL,10,0,50,False,0,BRIGHT,CLEAR,10,50,False,False,0,SAFE,SAFE,SAFE,10,0,100,False,0,10,0,12,100,50,False,False,False,False,True,False
0.2,7.06,2292,1,12,0,22.0,30.0,21885.2,50,999.0,True,0.0,20.0,0,10,0,False,False,0,DRY,NORMAL,10,0,50,False,0,BRIGHT,CLEAR,10,50,False,False,0,SAFE,SAFE,SAFE,10,0,100,False,0,10,0,12,100,50,False,False,False,False,True,False
0.25,8.82,2865,1,12,0,22.0,30.0,21885.2,50,999.0,True,0.0,20.0,0,10,0,False,False,0,DRY,NORMAL,10,0,50,False,0,BRIGHT,CLEAR,10,50,False,False,0,SAFE,SAFE,SAFE,10,0,100,False,0,10,0,12,100,50,False,False,False,False,True,False
0.3,10.58,3438,1,12,0,22.0,30.0,21885.2,50,999.0,True,0.0,20.0,0,10,0,False,False,0,DRY,NORMAL,10,0,50,False,0,BRIGHT,CLEAR,10,50,False,False,0,SAFE,SAFE,SAFE,10,0,100,False,0,10,0,12,100,50,False,False,False,False,True,False
0.35,7.04,2288,1,12,0,22.0,30.0,21885.2,50,999.0,True,0.0,20.0,0,10,0,False,False,0,DRY,NORMAL,10,0,50,False,0,BRIGHT,CLEAR,10,50,False,False,0,SAFE,SAFE,SAFE,10,0,100,False,0,10,0,12,100,50,False,False,False,False,True,False
0.4,3.25,1055,1,12,0,22.0,30.0,21885.2,50,999.0,True,0.0,20.0,0,10,0,False,False,0,DRY,NORMAL,10,0,50,False,0,BRIGHT,CLEAR,10,50,False,False,0,SAFE,SAFE,SAFE,10,0,100,False,0,10,0,12,100,50,False,False,False,False,True,False
0.45,2.21,800,1,12,0,22.0,30.0,21885.2,50,999.0,True,0.0,20.0,0,10,0,False,False,0,DRY,NORMAL,10,0,50,False,0,BRIGHT,CLEAR,10,50,False,False,0,SAFE,SAFE,SAFE,10,0,100,False,0,10,0,12,100,50,False,False,False,False,True,False
0.5,3.21,1042,1,12,0,22.0,30.0,21885.2,50,999.0,True,0.0,20.0,0,10,0,False,False,0,DRY,NORMAL,10,0,50,False,0,BRIGHT,CLEAR,10,50,False,False,0,SAFE,SAFE,SAFE,10,0,100,False,0,10,0,12,100,50,False,False,False,False,True,False
0.55,3.88,1260,1,12,0,22.0,30.0,21885.2,50,999.0,True,0.0,20.0,0,10,0,False,False,0,DRY,NORMAL,10,0,50,False,0,BRIGHT,CLEAR,10,50,False,False,0,SAFE,SAFE,SAFE,10,0,100,False,0,10,0,12,100,50,False,False,False,False,True,False
0.6,4.65,1510,1,12,0,22.0,30.0,21885.2,50,999.0,True,0.0,20.0,0,10,0,False,False,0,DRY,NORMAL,10,0,50,False,0,BRIGHT,CLEAR,10,50,False,False,0,SAFE,SAFE,SAFE,10,0,100,False,0,10,0,12,100,50,False,False,False,False,True,False
0.65,5.46,1775,1,12,0,22.0,30.0,21885.2,50,999.0,True,0.0,20.0,0,10,0,False,False,0,DRY,NORMAL,10,0,50,False,0,BRIGHT,CLEAR,10,50,False,False,0,SAFE,SAFE,SAFE,10,0,100,False,0,10,0,12,100,50,False,False,False,False,True,False
0.7,6.25,2031,1,12,0,22.0,30.0,21885.2,50,999.0,True,0.0,20.0,0,10,0,False,False,0,DRY,NORMAL,10,0,50,False,0,BRIGHT,CLEAR,10,50,False,False,0,SAFE,SAFE,SAFE,10,0,100,False,0,10,0,12,100,50,False,False,False,False,True,False
0.75,6.83,2218,1,12,0,22.0,30.0,21885.2,50,999.0,True,0.0,20.0,0,10,0,False,False,0,DRY,NORMAL,10,0,50,False,0,BRIGHT,CLEAR,10,50,False,False,0,SAFE,SAFE,SAFE,10,0,100,False,0,10,0,12,100,50,False,False,False,False,True,False
0.8,7.74,2514,1,12,0,22.0,30.0,21885.2,50,999.0,True,0.0,20.0,0,10,0,False,False,0,DRY,NORMAL,10,0,50,False,0,BRIGHT,CLEAR,10,50,False,False,0,SAFE,SAFE,SAFE,10,0,100,False,0,10,0,12,100,50,False,False,False,False,True,False
0.85,8.3,2695,1,12,0,22.0,30.0,21885.2,50,999.0,True,0.0,20.0,0,10,0,False,False,0,DRY,NORMAL,10,0,50,False,0,BRIGHT,CLEAR,10,50,False,False,0,SAFE,SAFE,SAFE,10,0,100,False,0,10,0,12,100,50,False,False,False,False,True,False
0.9,9.17,2979,1,12,0,22.0,30.0,21885.2,50,999.0,True,0.0,20.0,0,10,0,False,False,0,DRY,NORMAL,10,0,50,False,0,BRIGHT,CLEAR,10,50,False,False,0,SAFE,SAFE,SAFE,10,0,100,False,0,10,0,12,100,50,False,False,False,False,True,False
0.95,9.77,3174,1,12,0,22.0,30.0,21885.2,50,999.0,True,0.0,20.0,0,10,0,False,False,0,DRY,NORMAL,10,0,50,False,0,BRIGHT,CLEAR,10,50,False,False,0,SAFE,SAFE,SAFE,10,0,100,False,0,10,0,12,100,50,False,False,False,False,True,False
1.0,10.45,3395,1,12,0,22.0,30.0,21885.2,50,999.0,True,0.0,20.0,0,10,0,False,False,0,DRY,NORMAL,10,0,50,False,0,BRIGHT,CLEAR,10,50,False,False,0,SAFE,SAFE,SAFE,10,0,100,False,0,10,0,12,100,50,False,False,False,False,True,False
1.05,11.08,3600,1,12,0,22.0,30.0,21885.2,50,999.0,True,0.0,20.0,0,10,0,False,False,0,DRY,NORMAL,10,0,50,False,0,BRIGHT,CLEAR,10,50,False,False,0,SAFE,SAFE,SAFE,10,0,100,False,0,10,0,12,100,50,False,False,False,False,True,False
1.1,11.8,3835,1,12,0,22.0,30.0,21885.2,50,999.0,True,0.0,20.0,0,10,0,False,False,0,DRY,NORMAL,10,0,50,False,0,BRIGHT,CLEAR,10,50,False,False,0,SAFE,SAFE,SAFE,10,0,100,False,0,10,0,12,100,50,False,False,False,False,True,False
1.15,12.47,4052,1,12,0,22.0,30.0,21885.2,50,999.0,True,0.0,20.0,0,10,0,False,False,0,DRY,NORMAL,10,0,50,False,0,BRIGHT,CLEAR,10,50,False,False,0,SAFE,SAFE,SAFE,10,0,100,False,0,10,0,12,100,50,False,False,False,False,True,False
1.2,13.21,4292,1,12,0,22.0,30.0,21885.2,50,999.0,True,0.0,20.0,0,10,0,False,False,0,DRY,NORMAL,10,0,50,False,0,BRIGHT,CLEAR,10,50,False,False,0,SAFE,SAFE,SAFE,10,0,100,False,0,10,0,12,100,50,False,False,False,False,True,False
1.25,13.9,4516,1,12,0,22.0,30.0,21885.2,50,999.0,True,0.0,20.0,0,10,0,False,False,0,DRY,NORMAL,10,0,50,False,0,BRIGHT,CLEAR,10,50,False,False,0,SAFE,SAFE,SAFE,10,0,100,False,0,10,0,12,100,50,False,False,False,False,True,False
1.3,14.64,4757,1,12,0,22.0,30.0,21885.2,50,999.0,True,0.0,20.0,0,10,0,False,False,0,DRY,NORMAL,10,0,50,False,0,BRIGHT,CLEAR,10,50,False,False,0,SAFE,SAFE,SAFE,10,0,100,False,0,10,0,12,100,50,False,False,False,False,True,False
1.35,15.37,4992,1,12,0,22.0,30.0,21885.2,50,999.0,True,0.0,20.0,0,10,0,False,False,0,DRY,NORMAL,10,0,50,False,0,BRIGHT,CLEAR,10,50,False,False,0,SAFE,SAFE,SAFE,10,0,100,False,0,10,0,12,100,50,False,False,False,False,True,False
1.4,16.12,5236,1,12,0,22.0,30.0,21885.2,50,999.0,True,0.0,20.0,0,10,0,False,False,0,DRY,NORMAL,10,0,50,False,0,BRIGHT,CLEAR,10,50,False,False,0,SAFE,SAFE,SAFE,10,0,100,False,0,10,0,12,100,50,False,False,False,False,True,False
1.45,16.89,5486,1,12,0,22.0,30.0,21885.2,50,999.0,True,0.0,20.0,0,10,0,False,False,0,DRY,NORMAL,10,0,50,False,0,BRIGHT,CLEAR,10,50,False,False,0,SAFE,SAFE,SAFE,10,0,100,False,0,10,0,12,100,50,False,False,False,False,True,False
1.5,17.68,5745,1,12,0,22.0,30.0,28283.4,50,999.0,True,0.0,20.0,0,10,0,False,False,0,DRY,NORMAL,10,0,50,False,0,BRIGHT,CLEAR,10,50,False,False,0,SAFE,SAFE,SAFE,10,0,100,False,0,10,0,12,100,50,False,False,False,False,True,False
1.55,18.51,6015,1,12,0,22.0,30.0,28283.4,50,999.0,True,0.0,20.0,0,10,0,False,False,0,DRY,NORMAL,10,0,50,False,0,BRIGHT,CLEAR,10,50,False,False,0,SAFE,SAFE,SAFE,10,0,100,False,0,10,0,12,100,50,False,False,False,False,True,False
1.6,19.13,6216,1,12,0,22.0,30.0,28283.4,50,999.0,True,0.0,20.0,0,10,0,False,False,0,DRY,NORMAL,10,0,50,False,0,BRIGHT,CLEAR,10,50,False,False,0,SAFE,SAFE,SAFE,10,0,100,False,0,10,0,12,100,50,False,False,False,False,True,False
1.65,19.21,6242,1,12,0,22.0,30.0,28283.4,50,999.0,True,0.0,20.0,0,10,0,False,False,0,DRY,NORMAL,10,0,50,False,0,BRIGHT,CLEAR,10,50,False,False,0,SAFE,SAFE,SAFE,10,0,100,False,0,10,0,12,100,50,False,False,False,False,True,False
1.7,19.99,6496,1,12,0,22.0,30.0,28283.4,50,999.0,True,0.0,20.0,0,10,0,False,False,0,DRY,NORMAL,10,0,50,False,0,BRIGHT,CLEAR,10,50,False,False,0,SAFE,SAFE,SAFE,10,0,100,False,0,10,0,12,100,50,False,False,False,False,True,False
1.75,20.65,6708,2,12,0,22.0,30.0,28283.4,50,999.0,True,0.0,20.0,0,10,0,False,False,0,DRY,NORMAL,10,0,50,False,0,BRIGHT,CLEAR,10,50,False,False,0,SAFE,SAFE,SAFE,10,0,100,False,0,10,0,12,100,50,False,False,False,False,True,False
1.8,22.33,2635,2,12,0,22.0,30.0,28283.4,50,999.0,True,0.0,20.0,0,10,0,False,False,0,DRY,NORMAL,10,0,50,False,0,BRIGHT,CLEAR,10,50,False,False,0,SAFE,SAFE,SAFE,10,0,100,False,0,10,0,12,100,50,False,False,False,False,True,False
1.85,23.4,2762,2,12,0,22.0,30.0,28283.4,50,999.0,True,0.0,20.0,0,10,0,False,False,0,DRY,NORMAL,10,0,50,False,0,BRIGHT,CLEAR,10,50,False,False,0,SAFE,SAFE,SAFE,10,0,100,False,0,10,0,12,100,50,False,False,False,False,True,False
1.9,24.65,2909,2,12,0,22.0,30.0,28283.4,50,999.0,True,0.0,20.0,0,10,0,False,False,0,DRY,NORMAL,10,0,50,False,0,BRIGHT,CLEAR,10,50,False,False,0,SAFE,SAFE,SAFE,10,0,100,False,0,10,0,12,100,50,False,False,False,False,True,False
1.95,25.48,3007,2,12,0,22.0,30.0,28283.4,50,999.0,True,0.0,20.0,0,10,0,False,False,0,DRY,NORMAL,10,0,50,False,0,BRIGHT,CLEAR,10,50,False,False,0,SAFE,SAFE,SAFE,10,0,100,False,0,10,0,12,100,50,False,False,False,False,True,False
2.0,26.6,3139,2,12,0,22.0,30.0,28283.4,50,999.0,True,0.0,20.0,0,10,0,False,False,0,DRY,NORMAL,10,0,50,False,0,BRIGHT,CLEAR,10,50,False,False,0,SAFE,SAFE,SAFE,10,0,100,False,0,10,0,12,100,50,False,False,False,False,True,False
2.05,27.36,3229,2,12,0,22.0,30.0,28283.4,50,999.0,True,0.0,20.0,0,10,0,False,False,0,DRY,NORMAL,10,0,50,False,0,BRIGHT,CLEAR,10,50,False,False,0,SAFE,SAFE,SAFE,10,0,100,False,0,10,0,12,100,50,False,False,False,False,True,False
2.1,28.39,3350,2,12,0,22.0,30.0,28283.4,50,999.0,True,0.0,20.0,0,10,0,False,False,0,DRY,NORMAL,10,0,50,False,0,BRIGHT,CLEAR,10,50,False,False,0,SAFE,SAFE,SAFE,10,0,100,False,0,10,0,12,100,50,False,False,False,False,True,False
2.15,29.11,3435,2,12,0,22.0,30.0,28283.4,50,999.0,True,0.0,20.0,0,10,0,False,False,0,DRY,NORMAL,10,0,50,False,0,BRIGHT,CLEAR,10,50,False,False,0,SAFE,SAFE,SAFE,10,0,100,False,0,10,0,12,100,50,False,False,False,False,True,False
2.2,30.1,3551,2,12,0,22.0,30.0,28283.4,50,999.0,True,0.0,20.0,0,10,0,False,False,0,DRY,NORMAL,10,0,50,False,0,BRIGHT,CLEAR,10,50,False,False,0,SAFE,SAFE,SAFE,10,0,100,False,0,10,0,12,100,50,False,False,False,False,True,False
2.25,30.82,3636,2,12,0,22.0,30.0,28283.4,50,999.0,True,0.0,20.0,0,10,0,False,False,0,DRY,NORMAL,10,0,50,False,0,BRIGHT,CLEAR,10,50,False,False,0,SAFE,SAFE,SAFE,10,0,100,False,0,10,0,12,100,50,False,False,False,False,True,False
2.3,31.79,3752,2,12,0,22.0,30.0,28283.4,50,999.0,True,0.0,20.0,0,10,0,False,False,0,DRY,NORMAL,10,0,50,False,0,BRIGHT,CLEAR,10,50,False,False,0,SAFE,SAFE,SAFE,10,0,100,False,0,10,0,12,100,50,False,False,False,False,True,False
2.35,32.53,3838,2,12,0,22.0,30.0,28283.4,50,999.0,True,0.0,20.0,0,10,0,False,False,0,DRY,NORMAL,10,0,50,False,0,BRIGHT,CLEAR,10,50,False,False,0,SAFE,SAFE,SAFE,10,0,100,False,0,10,0,12,100,50,False,False,False,False,True,False
2.4,33.51,3954,2,12,0,22.0,30.0,28283.4,50,999.0,True,0.0,20.0,0,10,0,False,False,0,DRY,NORMAL,10,0,50,False,0,BRIGHT,CLEAR,10,50,False,False,0,SAFE,SAFE,SAFE,10,0,100,False,0,10,0,12,100,50,False,False,False,False,True,False
2.45,34.27,4044,2,12,0,22.0,30.0,28283.4,50,999.0,True,0.0,20.0,0,10,0,False,False,0,DRY,NORMAL,10,0,50,False,0,BRIGHT,CLEAR,10,50,False,False,0,SAFE,SAFE,SAFE,10,0,100,False,0,10,0,12,100,50,False,False,False,False,True,False
2.5,35.26,4161,2,12,0,22.0,30.0,28283.4,50,999.0,True,0.0,20.0,0,10,0,False,False,0,DRY,NORMAL,10,0,50,False,0,BRIGHT,CLEAR,10,50,False,False,0,SAFE,SAFE,SAFE,10,0,100,False,0,10,0,12,100,50,False,False,False,False,True,False
2.55,36.06,4255,2,12,0,22.0,30.0,28283.4,50,999.0,True,0.0,20.0,0,10,0,False,False,0,DRY,NORMAL,10,0,50,False,0,BRIGHT,CLEAR,10,50,False,False,0,SAFE,SAFE,SAFE,10,0,100,False,0,10,0,12,100,50,False,False,False,False,True,False
2.6,37.07,4375,2,12,0,22.0,30.0,28283.4,50,999.0,True,0.0,20.0,0,10,0,False,False,0,DRY,NORMAL,10,0,50,False,0,BRIGHT,CLEAR,10,50,False,False,0,SAFE,SAFE,SAFE,10,0,100,False,0,10,0,12,100,50,False,False,False,False,True,False
2.65,37.91,4474,2,12,0,22.0,30.0,28283.4,50,999.0,True,0.0,20.0,0,10,0,False,False,0,DRY,NORMAL,10,0,50,False,0,BRIGHT,CLEAR,10,50,False,False,0,SAFE,SAFE,SAFE,10,0,100,False,0,10,0,12,100,50,False,False,False,False,True,False
2.7,38.94,4595,2,12,0,22.0,30.0,28283.4,50,999.0,True,0.0,20.0,0,10,0,False,False,0,DRY,NORMAL,10,0,50,False,0,BRIGHT,CLEAR,10,50,False,False,0,SAFE,SAFE,SAFE,10,0,100,False,0,10,0,12,100,50,False,False,False,False,True,False
2.75,39.79,4696,2,12,0,22.0,30.0,28283.4,50,999.0,True,0.0,20.0,0,10,0,False,False,0,DRY,NORMAL,10,0,50,False,0,BRIGHT,CLEAR,10,50,False,False,0,SAFE,SAFE,SAFE,10,0,100,False,0,10,0,12,100,50,False,False,False,False,True,False
2.8,40.81,4816,2,12,0,22.0,30.0,28283.4,50,999.0,True,0.0,20.0,0,10,0,False,False,0,DRY,NORMAL,10,0,50,False,0,BRIGHT,CLEAR,10,50,False,False,0,SAFE,SAFE,SAFE,10,0,100,False,0,10,0,12,100,50,False,False,False,False,True,False
2.85,41.7,4920,2,12,0,22.0,30.0,28283.4,50,999.0,True,0.0,20.0,0,10,0,False,False,0,DRY,NORMAL,10,0,50,False,0,BRIGHT,CLEAR,10,50,False,False,0,SAFE,SAFE,SAFE,10,0,100,False,0,10,0,12,100,50,False,False,False,False,True,False
2.9,42.69,5038,2,12,0,22.0,30.0,28283.4,50,999.0,True,0.0,20.0,0,10,0,False,False,0,DRY,NORMAL,10,0,50,False,0,BRIGHT,CLEAR,10,50,False,False,0,SAFE,SAFE,SAFE,10,0,100,False,0,10,0,12,100,50,False,False,False,False,True,False
2.95,43.61,5147,2,12,0,22.0,30.0,28283.4,50,999.0,True,0.0,20.0,0,10,0,False,False,0,DRY,NORMAL,10,0,50,False,0,BRIGHT,CLEAR,10,50,False,False,0,SAFE,SAFE,SAFE,10,0,100,False,0,10,0,12,100,50,False,False,False,False,True,False
3.0,44.58,5261,2,12,0,22.0,30.0,30176.9,50,999.0,True,0.0,20.0,0,10,0,False,False,0,DRY,NORMAL,10,0,50,False,0,BRIGHT,CLEAR,10,50,False,False,0,SAFE,SAFE,SAFE,10,0,100,False,0,10,0,12,100,50,False,False,False,False,True,False
3.05,45.52,5372,2,12,0,22.0,30.0,30176.9,50,999.0,True,0.0,20.0,0,10,0,False,False,0,DRY,NORMAL,10,0,50,False,0,BRIGHT,CLEAR,10,50,False,False,0,SAFE,SAFE,SAFE,10,0,100,False,0,10,0,12,100,50,False,False,False,False,True,False
3.1,46.48,5485,2,12,0,22.0,30.0,30176.9,50,999.0,True,0.0,20.0,0,10,0,False,False,0,DRY,NORMAL,10,0,50,False,0,BRIGHT,CLEAR,10,50,False,False,0,SAFE,SAFE,SAFE,10,0,100,False,0,10,0,12,100,50,False,False,False,False,True,False
3.15,47.44,5598,2,12,0,22.0,30.0,30176.9,50,999.0,True,0.0,20.0,0,10,0,False,False,0,DRY,NORMAL,10,0,50,False,0,BRIGHT,CLEAR,10,50,False,False,0,SAFE,SAFE,SAFE,10,0,100,False,0,10,0,12,100,50,False,False,False,False,True,False
3.2,48.4,5712,2,12,0,22.0,30.0,30176.9,50,999.0,True,0.0,20.0,0,10,0,False,False,0,DRY,NORMAL,10,0,50,False,0,BRIGHT,CLEAR,10,50,False,False,0,SAFE,SAFE,SAFE,10,0,100,False,0,10,0,12,100,50,False,False,False,False,True,False
3.25,49.37,5826,2,12,0,22.0,30.0,30176.9,50,999.0,True,0.0,20.0,0,10,0,False,False,0,DRY,NORMAL,10,0,50,False,0,BRIGHT,CLEAR,10,50,False,False,0,SAFE,SAFE,SAFE,10,0,100,False,0,10,0,12,100,50,False,False,False,False,True,False
3.3,50.34,5940,2,12,0,22.0,30.0,30176.9,50,999.0,True,0.0,20.0,0,10,0,False,False,0,DRY,NORMAL,10,0,50,False,0,BRIGHT,CLEAR,10,50,False,False,0,SAFE,SAFE,SAFE,10,0,100,False,0,10,0,12,100,50,False,False,False,False,True,False
3.35,51.25,6048,2,12,0,22.0,30.0,30176.9,50,999.0,True,0.0,20.0,0,10,0,False,False,0,DRY,NORMAL,10,0,50,False,0,BRIGHT,CLEAR,10,50,False,False,0,SAFE,SAFE,SAFE,10,0,100,False,0,10,0,12,100,50,False,False,False,False,True,False
3.4,51.86,6120,2,12,0,22.0,30.0,30176.9,50,999.0,True,0.0,20.0,0,10,0,False,False,0,DRY,NORMAL,10,0,50,False,0,BRIGHT,CLEAR,10,50,False,False,0,SAFE,SAFE,SAFE,10,0,100,False,0,10,0,12,100,50,False,False,False,False,True,False
3.45,52.06,6144,2,12,0,22.0,30.0,30176.9,50,999.0,True,0.0,20.0,0,10,0,False,False,0,DRY,NORMAL,10,0,50,False,0,BRIGHT,CLEAR,10,50,False,False,0,SAFE,SAFE,SAFE,10,0,100,False,0,10,0,12,100,50,False,False,False,False,True,False
3.5,51.99,6136,2,12,0,22.0,30.0,30176.9,50,999.0,True,0.0,20.0,0,10,0,False,False,0,DRY,NORMAL,10,0,50,False,0,BRIGHT,CLEAR,10,50,False,False,0,SAFE,SAFE,SAFE,10,0,100,False,0,10,0,12,100,50,False,False,False,False,True,False
3.55,51.77,6109,2,12,0,22.0,30.0,30176.9,50,999.0,True,0.0,20.0,0,10,0,False,False,0,DRY,NORMAL,10,0,50,False,0,BRIGHT,CLEAR,10,50,False,False,0,SAFE,SAFE,SAFE,10,0,100,False,0,10,0,12,100,50,False,False,False,False,True,False
3.6,51.45,6072,2,12,0,22.0,30.0,30176.9,50,999.0,True,0.0,20.0,0,10,0,False,False,0,DRY,NORMAL,10,0,50,False,0,BRIGHT,CLEAR,10,50,False,False,0,SAFE,SAFE,SAFE,10,0,100,False,0,10,0,12,100,50,False,False,False,False,True,False
3.65,51.09,6029,2,12,0,22.0,30.0,30176.9,50,999.0,True,0.0,20.0,0,10,0,False,False,0,DRY,NORMAL,10,0,50,False,0,BRIGHT,CLEAR,10,50,False,False,0,SAFE,SAFE,SAFE,10,0,100,False,0,10,0,12,100,50,False,False,False,False,True,False
3.7,50.69,5982,2,12,0,22.0,30.0,30176.9,50,999.0,True,0.0,20.0,0,10,0,False,False,0,DRY,NORMAL,10,0,50,False,0,BRIGHT,CLEAR,10,50,False,False,0,SAFE,SAFE,SAFE,10,0,100,False,0,10,0,12,100,50,False,False,False,False,True,False
3.75,50.28,5933,2,12,0,22.0,30.0,30176.9,50,999.0,True,0.0,20.0,0,10,0,False,False,0,DRY,NORMAL,10,0,50,False,0,BRIGHT,CLEAR,10,50,False,False,0,SAFE,SAFE,SAFE,10,0,100,False,0,10,0,12,100,50,False,False,False,False,True,False
3.8,49.86,5884,2,12,0,22.0,30.0,30176.9,50,999.0,True,0.0,20.0,0,10,0,False,False,0,DRY,NORMAL,10,0,50,False,0,BRIGHT,CLEAR,10,50,False,False,0,SAFE,SAFE,SAFE,10,0,100,False,0,10,0,12,100,50,False,False,False,False,True,False
3.85,49.46,5837,2,12,0,22.0,30.0,30176.9,50,999.0,True,0.0,20.0,0,10,0,False,False,0,DRY,NORMAL,10,0,50,False,0,BRIGHT,CLEAR,10,50,False,False,0,SAFE,SAFE,SAFE,10,0,100,False,0,10,0,12,100,50,False,False,False,False,True,False
3.9,49.18,5804,2,12,0,22.0,30.0,30176.9,50,999.0,True,0.0,20.0,0,10,0,False,False,0,DRY,NORMAL,10,0,50,False,0,BRIGHT,CLEAR,10,50,False,False,0,SAFE,SAFE,SAFE,10,0,100,False,0,10,0,12,100,50,False,False,False,False,True,False
3.95,49.11,5795,2,12,0,22.0,30.0,30176.9,50,999.0,True,0.0,20.0,0,10,0,False,False,0,DRY,NORMAL,10,0,50,False,0,BRIGHT,CLEAR,10,50,False,False,0,SAFE,SAFE,SAFE,10,0,100,False,0,10,0,12,100,50,False,False,False,False,True,False
4.0,49.3,5818,2,12,0,22.0,30.0,30176.9,50,999.0,True,0.0,20.0,0,10,0,False,False,0,DRY,NORMAL,10,0,50,False,0,BRIGHT,CLEAR,10,50,False,False,0,SAFE,SAFE,SAFE,10,0,100,False,0,10,0,12,100,50,False,False,False,False,True,False
4.05,49.74,5869,2,12,0,22.0,30.0,30176.9,50,999.0,True,0.0,20.0,0,10,0,False,False,0,DRY,NORMAL,10,0,50,False,0,BRIGHT,CLEAR,10,50,False,False,0,SAFE,SAFE,SAFE,10,0,100,False,0,10,0,12,100,50,False,False,False,False,True,False
4.1,50.35,5942,2,12,0,22.0,30.0,30176.9,50,999.0,True,0.0,20.0,0,10,0,False,False,0,DRY,NORMAL,10,0,50,False,0,BRIGHT,CLEAR,10,50,False,False,0,SAFE,SAFE,SAFE,10,0,100,False,0,10,0,12,100,50,False,False,False,False,True,False
4.15,51.02,6021,2,12,0,22.0,30.0,30176.9,50,999.0,True,0.0,20.0,0,10,0,False,False,0,DRY,NORMAL,10,0,50,False,0,BRIGHT,CLEAR,10,50,False,False,0,SAFE,SAFE,SAFE,10,0,100,False,0,10,0,12,100,50,False,False,False,False,True,False
4.2,51.47,6074,2,12,0,22.0,30.0,30176.9,50,999.0,True,0.0,20.0,0,10,0,False,False,0,DRY,NORMAL,10,0,50,False,0,BRIGHT,CLEAR,10,50,False,False,0,SAFE,SAFE,SAFE,10,0,100,False,0,10,0,12,100,50,False,False,False,False,True,False
4.25,51.58,6087,2,12,0,22.0,30.0,30176.9,50,999.0,True,0.0,20.0,0,10,0,False,False,0,DRY,NORMAL,10,0,50,False,0,BRIGHT,CLEAR,10,50,False,False,0,SAFE,SAFE,SAFE,10,0,100,False,0,10,0,12,100,50,False,False,False,False,True,False
4.3,51.46,6072,2,12,0,22.0,30.0,30176.9,50,999.0,True,0.0,20.0,0,10,0,False,False,0,DRY,NORMAL,10,0,50,False,0,BRIGHT,CLEAR,10,50,False,False,0,SAFE,SAFE,SAFE,10,0,100,False,0,10,0,12,100,50,False,False,False,False,True,False
4.35,51.2,6042,2,12,0,22.0,30.0,30176.9,50,999.0,True,0.0,20.0,0,10,0,False,False,0,DRY,NORMAL,10,0,50,False,0,BRIGHT,CLEAR,10,50,False,False,0,SAFE,SAFE,SAFE,10,0,100,False,0,10,0,12,100,50,False,False,False,False,True,False
4.4,50.87,6003,2,12,0,22.0,30.0,30176.9,50,999.0,True,0.0,20.0,0,10,0,False,False,0,DRY,NORMAL,10,0,50,False,0,BRIGHT,CLEAR,10,50,False,False,0,SAFE,SAFE,SAFE,10,0,100,False,0,10,0,12,100,50,False,False,False,False,True,False
4.45,50.49,5959,2,12,0,22.0,30.0,30176.9,50,999.0,True,0.0,20.0,0,10,0,False,False,0,DRY,NORMAL,10,0,50,False,0,BRIGHT,CLEAR,10,50,False,False,0,SAFE,SAFE,SAFE,10,0,100,False,0,10,0,12,100,50,False,False,False,False,True,False
4.5,50.09,5911,2,12,0,22.0,30.0,31887.4,50,999.0,True,0.0,20.0,0,10,0,False,False,0,DRY,NORMAL,10,0,50,False,0,BRIGHT,CLEAR,10,50,False,False,0,SAFE,SAFE,SAFE,10,0,100,False,0,10,0,12,100,50,False,False,False,False,True,False
4.55,49.68,5862,2,12,0,22.0,30.0,31887.4,50,999.0,True,0.0,20.0,0,10,0,False,False,0,DRY,NORMAL,10,0,50,False,0,BRIGHT,CLEAR,10,50,False,False,0,SAFE,SAFE,SAFE,10,0,100,False,0,10,0,12,100,50,False,False,False,False,True,False
4.6,49.28,5816,2,12,0,22.0,30.0,31887.4,50,999.0,True,0.0,20.0,0,10,0,False,False,0,DRY,NORMAL,10,0,50,False,0,BRIGHT,CLEAR,10,50,False,False,0,SAFE,SAFE,SAFE,10,0,100,False,0,10,0,12,100,50,False,False,False,False,True,False
4.65,49.0,5783,2,12,0,22.0,30.0,31887.4,50,999.0,True,0.0,20.0,0,10,0,False,False,0,DRY,NORMAL,10,0,50,False,0,BRIGHT,CLEAR,10,50,False,False,0,SAFE,SAFE,SAFE,10,0,100,False,0,10,0,12,100,50,False,False,False,False,True,False
4.7,48.93,5774,2,12,0,22.0,30.0,31887.4,50,999.0,True,0.0,20.0,0,10,0,False,False,0,DRY,NORMAL,10,0,50,False,0,BRIGHT,CLEAR,10,50,False,False,0,SAFE,SAFE,SAFE,10,0,100,False,0,10,0,12,100,50,False,False,False,False,True,False
4.75,49.12,5796,2,12,0,22.0,30.0,31887.4,50,999.0,True,0.0,20.0,0,10,0,False,False,0,DRY,NORMAL,10,0,50,False,0,BRIGHT,CLEAR,10,50,False,False,0,SAFE,SAFE,SAFE,10,0,100,False,0,10,0,12,100,50,False,False,False,False,True,False
4.8,49.55,5847,2,12,0,22.0,30.0,31887.4,50,999.0,True,0.0,20.0,0,10,0,False,False,0,DRY,NORMAL,10,0,50,False,0,BRIGHT,CLEAR,10,50,False,False,0,SAFE,SAFE,SAFE,10,0,100,False,0,10,0,12,100,50,False,False,False,False,True,False
4.85,50.15,5918,2,12,0,22.0,30.0,31887.4,50,999.0,True,0.0,20.0,0,10,0,False,False,0,DRY,NORMAL,10,0,50,False,0,BRIGHT,CLEAR,10,50,False,False,0,SAFE,SAFE,SAFE,10,0,100,False,0,10,0,12,100,50,False,False,False,False,True,False
4.9,50.82,5997,2,12,0,22.0,30.0,31887.4,50,999.0,True,0.0,20.0,0,10,0,False,False,0,DRY,NORMAL,10,0,50,False,0,BRIGHT,CLEAR,10,50,False,False,0,SAFE,SAFE,SAFE,10,0,100,False,0,10,0,12,100,50,False,False,False,False,True,False
4.95,51.27,6050,2,12,0,22.0,30.0,31887.4,50,999.0,True,0.0,20.0,0,10,0,False,False,0,DRY,NORMAL,10,0,50,False,0,BRIGHT,CLEAR,10,50,False,False,0,SAFE,SAFE,SAFE,10,0,100,False,0,10,0,12,100,50,False,False,False,False,True,False
5.0,51.37,6062,2,12,0,22.0,30.0,31887.4,50,999.0,True,0.0,20.0,0,10,0,False,False,0,DRY,NORMAL,10,0,50,False,0,BRIGHT,CLEAR,10,50,False,False,0,SAFE,SAFE,SAFE,10,0,100,False,0,10,0,12,100,50,False,False,False,False,True,False
5.05,51.25,6048,2,12,0,22.0,30.0,31887.4,50,999.0,True,0.0,20.0,0,10,0,False,False,0,DRY,NORMAL,10,0,50,False,0,BRIGHT,CLEAR,10,50,False,False,0,SAFE,SAFE,SAFE,10,0,100,False,0,10,0,12,100,50,False,False,False,False,True,False
5.1,48.85,5765,2,12,0,22.0,30.0,31887.4,50,999.0,True,0.0,20.0,0,10,0,False,False,2,DRY,EXTREME,5,2,25,False,0,BRIGHT,CLEAR,10,50,False,False,2,DANGER,SAFE,DANGER,0,1,50,False,2,0,1,12,50,25,False,False,False,False,True,False
5.15,52.51,6197,2,12,0,22.0,30.0,31887.4,50,999.0,True,0.0,20.0,0,10,0,False,False,2,DRY,EXTREME,5,2,25,False,0,BRIGHT,CLEAR,10,50,False,False,0,SAFE,SAFE,CAUTION,7,0,80,False,2,5,2,12,80,25,False,False,False,False,True,False
5.2,51.86,6120,2,12,0,22.0,30.0,31887.4,50,999.0,True,0.0,20.0,0,10,0,False,False,1,DRY,SEVERE,7,2,30,False,0,BRIGHT,CLEAR,10,50,False,False,0,SAFE,SAFE,SAFE,10,0,100,False,1,7,2,12,100,30,False,False,False,False,True,False
5.25,51.27,6050,2,12,0,22.0,30.0,31887.4,50,999.0,True,0.0,20.0,0,10,0,False,False,2,DRY,EXTREME,5,2,25,False,0,BRIGHT,CLEAR,10,50,False,False,0,SAFE,SAFE,SAFE,10,0,100,False,2,5,2,12,100,25,False,False,False,False,True,False
5.3,50.72,5986,2,12,0,22.0,30.0,31887.4,48.4,999.0,True,0.0,20.0,0,10,0,False,False,2,DRY,EXTREME,5,2,24,False,0,BRIGHT,CLEAR,10,48.37949914705819,False,False,0,SAFE,SAFE,SAFE,10,0,100,False,2,5,2,12,100,24,False,False,False,False,True,False
5.35,50.24,5928,2,12,0,22.0,30.0,31887.4,46.4,999.0,True,0.0,20.0,0,10,0,False,False,2,DRY,EXTREME,5,2,23,False,0,BRIGHT,CLEAR,10,46.44100250852702,False,False,0,SAFE,SAFE,SAFE,10,0,100,False,2,5,2,12,100,23,False,False,False,False,True,False
5.4,49.81,5878,2,12,0,22.0,30.0,31887.4,44.6,999.0,True,0.0,20.0,0,10,0,False,False,2,DRY,EXTREME,5,2,22,False,0,BRIGHT,CLEAR,10,44.584320092046376,False,False,0,SAFE,SAFE,SAFE,10,0,100,False,2,5,2,12,100,22,False,False,False,False,True,False
5.45,49.44,5834,2,12,0,22.0,30.0,31887.4,43.0,999.0,True,0.0,20.0,0,10,0,False,False,2,DRY,EXTREME,5,2,21,False,0,BRIGHT,CLEAR,10,42.95390975263129,False,False,0,SAFE,SAFE,SAFE,10,0,100,False,2,5,2,12,100,21,False,False,False,False,True,False
5.5,49.13,5798,2,12,0,22.0,30.0,31887.4,41.5,999.0,True,0.0,20.0,0,10,0,False,False,2,DRY,EXTREME,5,2,20,False,0,BRIGHT,CLEAR,10,41.52205631644513,False,False,0,SAFE,SAFE,SAFE,10,0,100,False,2,5,2,12,100,20,False,False,False,False,True,False
5.55,48.88,5769,2,12,0,22.0,30.0,31887.4,40.3,999.0,True,0.0,20.0,0,10,0,False,False,2,DRY,EXTREME,5,2,20,False,0,BRIGHT,CLEAR,10,40.25686280150968,False,False,0,SAFE,SAFE,SAFE,10,0,100,False,2,5,2,12,100,20,False,False,False,False,True,False
5.6,48.7,5747,2,12,0,22.0,30.0,31887.4,39.1,999.0,True,0.0,20.0,0,10,0,False,False,2,DRY,EXTREME,5,2,19,False,0,BRIGHT,CLEAR,10,39.10804113937578,False,False,0,SAFE,SAFE,SAFE,10,0,100,False,2,5,2,12,100,19,False,False,False,False,True,False
5.65,48.58,5733,2,12,0,22.0,30.0,31887.4,38.0,999.0,True,0.0,20.0,0,10,0,False,False,2,DRY,EXTREME,5,2,18,False,0,BRIGHT,CLEAR,10,37.95091508086108,False,False,0,SAFE,SAFE,SAFE,10,0,100,False,2,5,2,12,100,18,False,False,False,False,True,False
5.7,48.53,5727,2,12,0,22.0,30.0,31887.4,36.9,999.0,True,0.0,20.0,0,10,0,False,False,2,DRY,EXTREME,5,2,18,False,0,BRIGHT,CLEAR,10,36.933930257382784,False,False,0,SAFE,SAFE,SAFE,10,0,100,False,2,5,2,12,100,18,False,False,False,False,True,False
5.75,48.54,5728,2,12,0,22.0,30.0,31887.4,36.0,999.0,True,0.0,20.0,0,10,0,False,False,2,DRY,EXTREME,5,2,18,False,0,BRIGHT,CLEAR,10,36.042440972331875,False,False,0,SAFE,SAFE,SAFE,10,0,100,False,2,5,2,12,100,18,False,False,False,False,True,False
5.8,48.61,5736,2,12,0,22.0,30.0,31887.4,35.3,999.0,True,0.0,20.0,0,10,0,False,False,2,DRY,EXTREME,5,2,17,False,0,BRIGHT,CLEAR,10,35.26392924738242,False,False,0,SAFE,SAFE,SAFE,10,0,100,False,2,5,2,12,100,17,False,False,False,False,True,False
5.85,48.75,5753,2,12,0,22.0,30.0,31887.4,34.5,999.0,True,0.0,20.0,0,10,0,False,False,2,DRY,EXTREME,5,2,17,False,0,BRIGHT,CLEAR,10,34.52524645196182,False,False,0,SAFE,SAFE,SAFE,10,0,100,False,2,5,2,12,100,17,False,False,False,False,True,False
5.9,48.95,5776,2,12,0,22.0,30.0,31887.4,33.8,999.0,True,0.0,20.0,0,10,0,False,False,2,DRY,EXTREME,5,2,16,False,0,BRIGHT,CLEAR,10,33.81538359357757,False,False,0,SAFE,SAFE,SAFE,10,0,100,False,2,5,2,12,100,16,False,False,False,False,True,False
5.95,49.21,5808,2,12,0,22.0,30.0,31887.4,33.2,999.0,True,0.0,20.0,0,10,0,False,False,2,DRY,EXTREME,5,2,16,False,0,BRIGHT,CLEAR,10,33.205568520365006,False,False,0,SAFE,SAFE,SAFE,10,0,100,False,2,5,2,12,100,16,False,False,False,False,True,False
6.0,49.54,5846,2,12,0,22.0,30.0,33622.4,32.7,999.0,True,0.0,20.0,0,10,0,False,False,2,DRY,EXTREME,5,2,16,False,0,BRIGHT,CLEAR,10,32.68711133787307,False,False,0,SAFE,SAFE,SAFE,10,0,100,False,2,5,2,12,100,16,False,False,False,False,True,False
6.05,49.93,5892,2,12,0,22.0,30.0,33622.4,32.2,999.0,True,0.0,20.0,0,10,0,False,False,2,DRY,EXTREME,5,2,16,False,0,BRIGHT,CLEAR,10,32.24420993241142,False,False,0,SAFE,SAFE,SAFE,10,0,100,False,2,5,2,12,100,16,False,False,False,False,True,False
6.1,50.38,5945,2,12,0,22.0,30.0,33622.4,31.8,999.0,True,0.0,20.0,0,10,0,False,False,2,DRY,EXTREME,5,2,15,False,0,BRIGHT,CLEAR,10,31.77653601432486,False,False,0,SAFE,SAFE,SAFE,10,0,100,False,2,5,2,12,100,15,False,False,False,False,True,False
6.15,50.43,5951,2,12,0,22.0,30.0,33622.4,31.4,999.0,True,0.0,20.0,0,10,0,False,False,2,DRY,EXTREME,5,2,15,False,0,BRIGHT,CLEAR,10,31.407949122001558,False,False,0,SAFE,SAFE,SAFE,10,0,100,False,2,5,2,12,100,15,False,False,False,False,True,False
6.2,47.22,5572,2,12,0,22.0,30.0,33622.4,31.0,999.0,True,0.0,20.0,0,10,0,False,False,2,DRY,EXTREME,5,2,15,False,0,BRIGHT,CLEAR,10,30.97111463778166,False,False,2,DANGER,CAUTION,DANGER,0,1,50,False,2,0,1,12,50,15,False,False,False,False,True,False
6.25,47.11,5559,2,12,0,22.0,30.0,33622.4,30.1,999.0,True,0.0,20.0,0,10,0,False,False,1,DRY,SEVERE,7,2,18,False,0,BRIGHT,CLEAR,10,30.078282672266294,False,False,1,DANGER,CAUTION,SAFE,0,0,50,False,1,0,2,12,50,18,False,False,False,False,True,False
6.3,47.22,5572,2,12,0,22.0,30.0,33622.4,31.0,999.0,True,0.0,20.0,0,10,0,False,False,1,DRY,SEVERE,7,2,18,False,0,BRIGHT,CLEAR,10,30.985610111142318,False,False,1,DANGER,CAUTION,SAFE,0,0,50,False,1,0,2,12,50,18,False,False,False,False,True,False
6.35,43.1,5087,2,12,0,22.0,30.0,33622.4,32.9,999.0,True,0.0,20.0,0,10,0,False,False,2,DRY,EXTREME,5,2,16,False,0,BRIGHT,CLEAR,10,32.93218820211028,False,False,2,DANGER,CAUTION,DANGER,0,1,50,False,2,0,1,12,50,16,False,False,False,False,True,False
6.4,33.69,3975,2,12,0,22.0,30.0,33622.4,32.8,999.0,True,0.0,20.0,0,10,0,False,False,2,DRY,EXTREME,5,2,16,False,0,BRIGHT,CLEAR,10,32.76886264897156,False,False,0,SAFE,CAUTION,SAFE,8,0,70,False,2,5,2,12,70,16,False,False,False,False,True,False
6.45,26.98,3184,2,12,0,22.0,30.0,33622.4,29.3,999.0,True,0.0,20.0,0,10,0,False,False,0,DRY,NORMAL,10,0,29.268384054557096,False,0,BRIGHT,CLEAR,10,29.268384054557096,False,False,2,SAFE,CAUTION,DANGER,0,1,60,True,2,0,1,12,60,29.268384054557096,True,False,False,False,True,False
6.5,21.26,2508,1,12,0,22.0,30.0,33622.4,26.2,999.0,True,0.0,20.0,0,10,0,False,False,0,DRY,NORMAL,10,0,26.236678097990453,False,0,BRIGHT,CLEAR,10,26.236678097990453,False,False,2,SAFE,CAUTION,DANGER,0,1,60,True,2,0,1,12,60,26.236678097990453,True,False,False,False,True,False
6.55,16.3,5294,1,12,0,22.0,30.0,33622.4,22.6,999.0,True,0.0,20.0,0,10,0,False,False,0,DRY,NORMAL,10,0,22.63175594401506,False,0,BRIGHT,CLEAR,10,22.63175594401506,False,False,2,SAFE,SAFE,DANGER,0,1,60,True,2,0,1,12,60,22.63175594401506,True,False,False,False,True,False
6.6,11.42,3708,1,12,0,22.0,30.0,33622.4,20.8,999.0,True,0.0,20.0,0,10,0,False,False,0,DRY,NORMAL,10,0,20.756531779199467,False,0,BRIGHT,CLEAR,10,20.756531779199467,False,False,0,SAFE,SAFE,SAFE,10,0,100,False,0,10,0,12,100,20.756531779199467,False,False,False,False,True,False
6.65,9.37,3044,1,12,0,22.0,30.0,33622.4,19.2,999.0,True,0.0,20.0,0,10,0,False,False,0,DRY,NORMAL,10,0,19.209311121468964,False,0,BRIGHT,CLEAR,10,19.209311121468964,False,False,0,SAFE,SAFE,SAFE,10,0,100,False,0,10,0,12,100,19.209311121468964,False,False,False,False,True,False
6.7,8.95,2908,1,12,0,22.0,30.0,33622.4,18.7,999.0,True,0.0,20.0,0,10,0,False,False,0,DRY,NORMAL,10,0,18.654484809905867,False,0,BRIGHT,CLEAR,10,18.654484809905867,False,False,0,SAFE,SAFE,SAFE,10,0,100,False,0,10,0,12,100,18.654484809905867,False,False,False,False,True,False
6.75,9.06,2944,1,12,0,22.0,30.0,33622.4,18.9,999.0,True,0.0,20.0,0,10,0,False,False,0,DRY,NORMAL,10,0,18.91185014755577,False,0,BRIGHT,CLEAR,10,18.91185014755577,False,False,0,SAFE,SAFE,SAFE,10,0,100,False,0,10,0,12,100,18.91185014755577,False,False,False,False,True,False
6.8,9.38,3047,1,12,0,22.0,30.0,33622.4,19.6,999.0,True,0.0,20.0,0,10,0,False,False,0,DRY,NORMAL,10,0,19.60967287811623,False,0,BRIGHT,CLEAR,10,19.60967287811623,False,False,0,SAFE,SAFE,SAFE,10,0,100,False,0,10,0,12,100,19.60967287811623,False,False,False,False,True,False
6.85,9.73,3162,1,12,0,22.0,30.0,33622.4,20.6,999.0,True,0.0,20.0,0,10,0,False,False,0,DRY,NORMAL,10,0,20.615483857850663,False,0,BRIGHT,CLEAR,10,20.615483857850663,False,False,0,SAFE,SAFE,SAFE,10,0,100,False,0,10,0,12,100,20.615483857850663,False,False,False,False,True,False
6.9,10.16,3302,1,12,0,22.0,30.0,33622.4,21.8,999.0,True,0.0,20.0,0,10,0,False,False,0,DRY,NORMAL,10,0,21.787358863252912,False,0,BRIGHT,CLEAR,10,21.787358863252912,False,False,0,SAFE,SAFE,SAFE,10,0,100,False,0,10,0,12,100,21.787358863252912,False,False,False,False,True,False
6.95,10.95,3557,1,12,0,22.0,30.0,33622.4,23.3,999.0,True,0.0,20.0,0,10,0,False,False,0,DRY,NORMAL,10,0,23.25094060603845,False,0,BRIGHT,CLEAR,10,23.25094060603845,False,False,0,SAFE,SAFE,SAFE,10,0,100,False,0,10,0,12,100,23.25094060603845,False,False,False,False,True,False
7.0,11.6,3768,1,12,0,22.0,30.0,33622.4,25.3,999.0,True,0.0,20.0,0,10,0,False,False,0,DRY,NORMAL,10,0,25.289854091147077,False,0,BRIGHT,CLEAR,10,25.289854091147077,False,False,0,SAFE,SAFE,SAFE,10,0,100,False,0,10,0,12,100,25.289854091147077,False,False,False,False,True,False
7.05,12.36,4017,1,12,0,22.0,30.0,33622.4,27.7,999.0,True,0.0,20.0,0,10,0,False,False,0,DRY,NORMAL,10,0,27.74297373314194,False,0,BRIGHT,CLEAR,10,27.74297373314194,False,False,0,SAFE,SAFE,SAFE,10,0,100,False,0,10,0,12,100,27.74297373314194,False,False,False,False,True,False
7.1,13.06,4244,1,12,0,22.0,30.0,33622.4,31.1,999.0,True,0.0,20.0,0,10,0,False,False,0,DRY,NORMAL,10,0,31.06852236116524,False,0,BRIGHT,CLEAR,10,31.06852236116524,False,False,0,SAFE,SAFE,SAFE,10,0,100,False,0,10,0,12,100,31.06852236116524,False,False,False,False,True,False
7.15,13.82,4489,1,12,0,22.0,30.0,33622.4,35.4,999.0,True,0.0,20.0,0,10,0,False,False,0,DRY,NORMAL,10,0,35.37997784932799,False,0,BRIGHT,CLEAR,10,35.37997784932799,False,False,0,SAFE,SAFE,SAFE,10,0,100,False,0,10,0,12,100,35.37997784932799,False,False,False,False,True,False
7.2,14.53,4721,1,12,0,22.0,30.0,33622.4,40.4,999.0,True,0.0,20.0,0,10,0,False,False,0,DRY,NORMAL,10,0,40.37997784932799,False,0,BRIGHT,CLEAR,10,40.37997784932799,False,False,0,SAFE,SAFE,SAFE,10,0,100,False,0,10,0,12,100,40.37997784932799,False,False,False,False,True,False
7.25,15.27,4962,1,12,0,22.0,30.0,33622.4,45.4,999.0,True,0.0,20.0,0,10,0,False,False,0,DRY,NORMAL,10,0,45.37997784932799,False,0,BRIGHT,CLEAR,10,45.37997784932799,False,False,0,SAFE,SAFE,SAFE,10,0,100,False,0,10,0,12,100,45.37997784932799,False,False,False,False,True,False
7.3,16.02,5204,1,12,0,22.0,30.0,33622.4,50,999.0,True,0.0,20.0,0,10,0,False,False,0,DRY,NORMAL,10,0,50,False,0,BRIGHT,CLEAR,10,50,False,False,0,SAFE,SAFE,SAFE,10,0,100,False,0,10,0,12,100,50,False,False,False,False,True,False
7.35,16.79,5454,1,12,0,22.0,30.0,33622.4,50,999.0,True,0.0,20.0,0,10,0,False,False,0,DRY,NORMAL,10,0,50,False,0,BRIGHT,CLEAR,10,50,False,False,0,SAFE,SAFE,SAFE,10,0,100,False,0,10,0,12,100,50,False,False,False,False,True,False
7.4,17.41,5657,1,12,0,22.0,30.0,33622.4,50,999.0,True,0.0,20.0,0,10,0,False,False,0,DRY,NORMAL,10,0,50,False,0,BRIGHT,CLEAR,10,50,False,False,0,SAFE,SAFE,SAFE,10,0,100,False,0,10,0,12,100,50,False,False,False,False,True,False
7.45,18.1,5881,1,12,0,22.0,30.0,33622.4,50,999.0,True,0.0,20.0,0,10,0,False,False,0,DRY,NORMAL,10,0,50,False,0,BRIGHT,CLEAR,10,50,False,False,0,SAFE,SAFE,SAFE,10,0,100,False,0,10,0,12,100,50,False,False,False,False,True,False
7.5,19.01,6176,1,12,0,22.0,30.0,35278.4,50,999.0,True,0.0,20.0,0,10,0,False,False,0,DRY,NORMAL,10,0,50,False,0,BRIGHT,CLEAR,10,50,False,False,0,SAFE,SAFE,SAFE,10,0,100,False,0,10,0,12,100,50,False,False,False,False,True,False
7.55,19.29,6268,1,12,0,22.0,30.0,35278.4,50,999.0,True,0.0,20.0,0,10,0,False,False,0,DRY,NORMAL,10,0,50,False,0,BRIGHT,CLEAR,10,50,False,False,0,SAFE,SAFE,SAFE,10,0,100,False,0,10,0,12,100,50,False,False,False,False,True,False
7.6,20.4,6628,2,12,0,22.0,30.0,35278.4,47.4,999.0,True,0.0,20.0,0,10,0,False,False,0,DRY,NORMAL,10,0,47.44887389751001,False,0,BRIGHT,CLEAR,10,47.44887389751001,False,False,0,SAFE,SAFE,SAFE,10,0,100,False,0,10,0,12,100,47.44887389751001,False,False,False,False,True,False
7.65,21.2,2502,2,12,0,22.0,30.0,35278.4,44.2,999.0,True,0.0,20.0,0,10,0,False,False,0,DRY,NORMAL,10,0,44.218958815746134,False,0,BRIGHT,CLEAR,10,44.218958815746134,False,False,0,SAFE,SAFE,SAFE,10,0,100,False,0,10,0,12,100,44.218958815746134,False,False,False,False,True,False
7.7,22.36,2638,2,12,0,22.0,30.0,35278.4,42.6,999.0,True,0.0,20.0,0,10,0,False,False,0,DRY,NORMAL,10,0,42.56615792659788,False,0,BRIGHT,CLEAR,10,42.56615792659788,False,False,0,SAFE,SAFE,SAFE,10,0,100,False,0,10,0,12,100,42.56615792659788,False,False,False,False,True,False
7.75,23.14,2730,2,12,0,22.0,30.0,35278.4,41.6,999.0,True,0.0,20.0,0,10,0,False,False,0,DRY,NORMAL,10,0,41.561098080238,False,0,BRIGHT,CLEAR,10,41.561098080238,False,False,0,SAFE,SAFE,SAFE,10,0,100,False,0,10,0,12,100,41.561098080238,False,False,False,False,True,False
7.8,24.25,2862,2,12,0,22.0,30.0,35278.4,41.2,999.0,True,0.0,20.0,0,10,0,False,False,0,DRY,NORMAL,10,0,41.23032832369529,False,0,BRIGHT,CLEAR,10,41.23032832369529,False,False,0,SAFE,SAFE,SAFE,10,0,100,False,0,10,0,12,100,41.23032832369529,False,False,False,False,True,False
7.85,24.94,2943,2,12,0,22.0,30.0,35278.4,41.2,999.0,True,0.0,20.0,0,10,0,False,False,0,DRY,NORMAL,10,0,41.24869423941681,False,0,BRIGHT,CLEAR,10,41.24869423941681,False,False,0,SAFE,SAFE,SAFE,10,0,100,False,0,10,0,12,100,41.24869423941681,False,False,False,False,True,False
7.9,25.96,3063,2,12,0,22.0,30.0,35278.4,41.6,999.0,True,0.0,20.0,0,10,0,False,False,0,DRY,NORMAL,10,0,41.591341811901,False,0,BRIGHT,CLEAR,10,41.591341811901,False,False,0,SAFE,SAFE,SAFE,10,0,100,False,0,10,0,12,100,41.591341811901,False,False,False,False,True,False
7.95,26.58,3136,2,12,0,22.0,30.0,35278.4,42.4,999.0,True,0.0,20.0,0,10,0,False,False,0,DRY,NORMAL,10,0,42.377667383158034,False,0,BRIGHT,CLEAR,10,42.377667383158034,False,False,0,SAFE,SAFE,SAFE,10,0,100,False,0,10,0,12,100,42.377667383158034,False,False,False,False,True,False
8.0,27.52,3248,2,12,0,22.0,30.0,35278.4,43.6,999.0,True,0.0,20.0,0,10,0,False,False,0,DRY,NORMAL,10,0,43.63922416132633,False,0,BRIGHT,CLEAR,10,43.63922416132633,False,False,0,SAFE,SAFE,SAFE,10,0,100,False,0,10,0,12,100,43.63922416132633,False,False,False,False,True,False
8.05,28.16,3322,2,12,0,22.0,30.0,35278.4,45.3,999.0,True,0.0,20.0,0,10,0,False,False,0,DRY,NORMAL,10,0,45.2585533675029,False,0,BRIGHT,CLEAR,10,45.2585533675029,False,False,0,SAFE,SAFE,SAFE,10,0,100,False,0,10,0,12,100,45.2585533675029,False,False,False,False,True,False
8.1,29.09,3433,2,12,0,22.0,30.0,35278.4,47.0,999.0,True,0.0,20.0,0,10,0,False,False,0,DRY,NORMAL,10,0,46.98647739407897,False,0,BRIGHT,CLEAR,10,46.98647739407897,False,False,0,SAFE,SAFE,SAFE,10,0,100,False,0,10,0,12,100,46.98647739407897,False,False,False,False,True,False
8.15,29.75,3511,2,12,0,22.0,30.0,35278.4,49.0,999.0,True,0.0,20.0,0,10,0,False,False,0,DRY,NORMAL,10,0,49.0070524310921,False,0,BRIGHT,CLEAR,10,49.0070524310921,False,False,0,SAFE,SAFE,SAFE,10,0,100,False,0,10,0,12,100,49.0070524310921,False,False,False,False,True,False
8.2,30.68,3621,2,12,0,22.0,30.0,35278.4,50,999.0,True,0.0,20.0,0,10,0,False,False,0,DRY,NORMAL,10,0,50,False,0,BRIGHT,CLEAR,10,50,False,False,0,SAFE,SAFE,SAFE,10,0,100,False,0,10,0,12,100,50,False,False,False,False,True,False
8.25,31.37,3702,2,12,0,22.0,30.0,35278.4,50,999.0,True,0.0,20.0,0,10,0,False,False,0,DRY,NORMAL,10,0,50,False,0,BRIGHT,CLEAR,10,50,False,False,0,SAFE,SAFE,SAFE,10,0,100,False,0,10,0,12,100,50,False,False,False,False,True,False
8.3,32.32,3814,2,12,0,22.0,30.0,35278.4,50,999.0,True,0.0,20.0,0,10,0,False,False,0,DRY,NORMAL,10,0,50,False,0,BRIGHT,CLEAR,10,50,False,False,0,SAFE,SAFE,SAFE,10,0,100,False,0,10,0,12,100,50,False,False,False,False,True,False
8.35,33.05,3900,2,12,0,22.0,30.0,35278.4,50,999.0,True,0.0,20.0,0,10,0,False,False,0,DRY,NORMAL,10,0,50,False,0,BRIGHT,CLEAR,10,50,False,False,0,SAFE,SAFE,SAFE,10,0,100,False,0,10,0,12,100,50,False,False,False,False,True,False
8.4,34.01,4014,2,12,0,22.0,30.0,35278.4,50,999.0,True,0.0,20.0,0,10,0,False,False,0,DRY,NORMAL,10,0,50,False,0,BRIGHT,CLEAR,10,50,False,False,0,SAFE,SAFE,SAFE,10,0,100,False,0,10,0,12,100,50,False,False,False,False,True,False
8.45,34.78,4104,2,12,0,22.0,30.0,35278.4,50,999.0,True,0.0,20.0,0,10,0,False,False,0,DRY,NORMAL,10,0,50,False,0,BRIGHT,CLEAR,10,50,False,False,0,SAFE,SAFE,SAFE,10,0,100,False,0,10,0,12,100,50,False,False,False,False,True,False
8.5,35.76,4220,2,12,0,22.0,30.0,35278.4,50,999.0,True,0.0,20.0,0,10,0,False,False,0,DRY,NORMAL,10,0,50,False,0,BRIGHT,CLEAR,10,50,False,False,0,SAFE,SAFE,SAFE,10,0,100,False,0,10,0,12,100,50,False,False,False,False,True,False
8.55,36.57,4315,2,12,0,22.0,30.0,35278.4,50,999.0,True,0.0,20.0,0,10,0,False,False,0,DRY,NORMAL,10,0,50,False,0,BRIGHT,CLEAR,10,50,False,False,0,SAFE,SAFE,SAFE,10,0,100,False,0,10,0,12,100,50,False,False,False,False,True,False
8.6,37.59,4435,2,12,0,22.0,30.0,35278.4,50,999.0,True,0.0,20.0,0,10,0,False,False,0,DRY,NORMAL,10,0,50,False,0,BRIGHT,CLEAR,10,50,False,False,0,SAFE,SAFE,SAFE,10,0,100,False,0,10,0,12,100,50,False,False,False,False,True,False
8.65,38.42,4534,2,12,0,22.0,30.0,35278.4,50,999.0,True,0.0,20.0,0,10,0,False,False,0,DRY,NORMAL,10,0,50,False,0,BRIGHT,CLEAR,10,50,False,False,0,SAFE,SAFE,SAFE,10,0,100,False,0,10,0,12,100,50,False,False,False,False,True,False
8.7,39.45,4655,2,12,0,22.0,30.0,35278.4,50,999.0,True,0.0,20.0,0,10,0,False,False,0,DRY,NORMAL,10,0,50,False,0,BRIGHT,CLEAR,10,50,False,False,0,SAFE,SAFE,SAFE,10,0,100,False,0,10,0,12,100,50,False,False,False,False,True,False
8.75,40.31,4757,2,12,0,22.0,30.0,35278.4,50,999.0,True,0.0,20.0,0,10,0,False,False,0,DRY,NORMAL,10,0,50,False,0,BRIGHT,CLEAR,10,50,False,False,0,SAFE,SAFE,SAFE,10,0,100,False,0,10,0,12,100,50,False,False,False,False,True,False
8.8,41.32,4876,2,12,0,22.0,30.0,35278.4,50,999.0,True,0.0,20.0,0,10,0,False,False,0,DRY,NORMAL,10,0,50,False,0,BRIGHT,CLEAR,10,50,False,False,0,SAFE,SAFE,SAFE,10,0,100,False,0,10,0,12,100,50,False,False,False,False,True,False
8.85,42.22,4982,2,12,0,22.0,30.0,35278.4,50,999.0,True,0.0,20.0,0,10,0,False,False,0,DRY,NORMAL,10,0,50,False,0,BRIGHT,CLEAR,10,50,False,False,0,SAFE,SAFE,SAFE,10,0,100,False,0,10,0,12,100,50,False,False,False,False,True,False
8.9,43.2,5098,2,12,0,22.0,30.0,35278.4,50,999.0,True,0.0,20.0,0,10,0,False,False,0,DRY,NORMAL,10,0,50,False,0,BRIGHT,CLEAR,10,50,False,False,0,SAFE,SAFE,SAFE,10,0,100,False,0,10,0,12,100,50,False,False,False,False,True,False
8.95,44.13,5208,2,12,0,22.0,30.0,35278.4,50,999.0,True,0.0,20.0,0,10,0,False,False,0,DRY,NORMAL,10,0,50,False,0,BRIGHT,CLEAR,10,50,False,False,0,SAFE,SAFE,SAFE,10,0,100,False,0,10,0,12,100,50,False,False,False,False,True,False
9.0,45.09,5321,2,12,0,22.0,30.0,36876.5,50,999.0,True,0.0,20.0,0,10,0,False,False,0,DRY,NORMAL,10,0,50,False,0,BRIGHT,CLEAR,10,50,False,False,0,SAFE,SAFE,SAFE,10,0,100,False,0,10,0,12,100,50,False,False,False,False,True,False
9.05,46.04,5433,2,12,0,22.0,30.0,36876.5,50,999.0,True,0.0,20.0,0,10,0,False,False,0,DRY,NORMAL,10,0,50,False,0,BRIGHT,CLEAR,10,50,False,False,0,SAFE,SAFE,SAFE,10,0,100,False,0,10,0,12,100,50,False,False,False,False,True,False
9.1,47.0,5546,2,12,0,22.0,30.0,36876.5,50,999.0,True,0.0,20.0,0,10,0,False,False,0,DRY,NORMAL,10,0,50,False,0,BRIGHT,CLEAR,10,50,False,False,0,SAFE,SAFE,SAFE,10,0,100,False,0,10,0,12,100,50,False,False,False,False,True,False
9.15,47.95,5659,2,12,0,22.0,30.0,36876.5,50,999.0,True,0.0,20.0,0,10,0,False,False,0,DRY,NORMAL,10,0,50,False,0,BRIGHT,CLEAR,10,50,False,False,0,SAFE,SAFE,SAFE,10,0,100,False,0,10,0,12,100,50,False,False,False,False,True,False
9.2,48.92,5772,2,12,0,22.0,30.0,36876.5,50,999.0,True,0.0,20.0,0,10,0,False,False,0,DRY,NORMAL,10,0,50,False,0,BRIGHT,CLEAR,10,50,False,False,0,SAFE,SAFE,SAFE,10,0,100,False,0,10,0,12,100,50,False,False,False,False,True,False
9.25,49.88,5887,2,12,0,22.0,30.0,36876.5,50,999.0,True,0.0,20.0,0,10,0,False,False,0,DRY,NORMAL,10,0,50,False,0,BRIGHT,CLEAR,10,50,False,False,0,SAFE,SAFE,SAFE,10,0,100,False,0,10,0,12,100,50,False,False,False,False,True,False
9.3,50.85,6001,2,12,0,22.0,30.0,36876.5,50,999.0,True,0.0,20.0,0,10,0,False,False,0,DRY,NORMAL,10,0,50,False,0,BRIGHT,CLEAR,10,50,False,False,0,SAFE,SAFE,SAFE,10,0,100,False,0,10,0,12,100,50,False,False,False,False,True,False
9.35,51.76,6108,2,12,0,22.0,30.0,36876.5,50,999.0,True,0.0,20.0,0,10,0,False,False,0,DRY,NORMAL,10,0,50,False,0,BRIGHT,CLEAR,10,50,False,False,0,SAFE,SAFE,SAFE,10,0,100,False,0,10,0,12,100,50,False,False,False,False,True,False
9.4,52.37,6180,2,12,0,22.0,30.0,36876.5,50,999.0,True,0.0,20.0,0,10,0,False,False,0,DRY,NORMAL,10,0,50,False,0,BRIGHT,CLEAR,10,50,False,False,0,SAFE,SAFE,SAFE,10,0,100,False,0,10,0,12,100,50,False,False,False,False,True,False
9.45,52.57,6203,2,12,0,22.0,30.0,36876.5,50,999.0,True,0.0,20.0,0,10,0,False,False,0,DRY,NORMAL,10,0,50,False,0,BRIGHT,CLEAR,10,50,False,False,0,SAFE,SAFE,SAFE,10,0,100,False,0,10,0,12,100,50,False,False,False,False,True,False
9.5,52.49,6195,2,12,0,22.0,30.0,36876.5,50,999.0,True,0.0,20.0,0,10,0,False,False,0,DRY,NORMAL,10,0,50,False,0,BRIGHT,CLEAR,10,50,False,False,0,SAFE,SAFE,SAFE,10,0,100,False,0,10,0,12,100,50,False,False,False,False,True,False
9.55,52.26,6167,2,12,0,22.0,30.0,36876.5,50,999.0,True,0.0,20.0,0,10,0,False,False,0,DRY,NORMAL,10,0,50,False,0,BRIGHT,CLEAR,10,50,False,False,0,SAFE,SAFE,SAFE,10,0,100,False,0,10,0,12,100,50,False,False,False,False,True,False
9.6,51.94,6129,2,12,0,22.0,30.0,36876.5,50,999.0,True,0.0,20.0,0,10,0,False,False,0,DRY,NORMAL,10,0,50,False,0,BRIGHT,CLEAR,10,50,False,False,0,SAFE,SAFE,SAFE,10,0,100,False,0,10,0,12,100,50,False,False,False,False,True,False
9.65,51.56,6084,2,12,0,22.0,30.0,36876.5,50,999.0,True,0.0,20.0,0,10,0,False,False,0,DRY,NORMAL,10,0,50,False,0,BRIGHT,CLEAR,10,50,False,False,0,SAFE,SAFE,SAFE,10,0,100,False,0,10,0,12,100,50,False,False,False,False,True,False
9.7,51.15,6037,2,12,0,22.0,30.0,36876.5,50,999.0,True,0.0,20.0,0,10,0,False,False,0,DRY,NORMAL,10,0,50,False,0,BRIGHT,CLEAR,10,50,False,False,0,SAFE,SAFE,SAFE,10,0,100,False,0,10,0,12,100,50,False,False,False,False,True,False
9.75,50.73,5987,2,12,0,22.0,30.0,36876.5,50,999.0,True,0.0,20.0,0,10,0,False,False,0,DRY,NORMAL,10,0,50,False,0,BRIGHT,CLEAR,10,50,False,False,0,SAFE,SAFE,SAFE,10,0,100,False,0,10,0,12,100,50,False,False,False,False,True,False
9.8,50.3,5936,2,12,0,22.0,30.0,36876.5,50,999.0,True,0.0,20.0,0,10,0,False,False,0,DRY,NORMAL,10,0,50,False,0,BRIGHT,CLEAR,10,50,False,False,0,SAFE,SAFE,SAFE,10,0,100,False,0,10,0,12,100,50,False,False,False,False,True,False
9.85,49.87,5885,2,12,0,22.0,30.0,36876.5,50,999.0,True,0.0,20.0,0,10,0,False,False,0,DRY,NORMAL,10,0,50,False,0,BRIGHT,CLEAR,10,50,False,False,0,SAFE,SAFE,SAFE,10,0,100,False,0,10,0,12,100,50,False,False,False,False,True,False
9.9,49.46,5837,2,12,0,22.0,30.0,36876.5,50,999.0,True,0.0,20.0,0,10,0,False,False,0,DRY,NORMAL,10,0,50,False,0,BRIGHT,CLEAR,10,50,False,False,0,SAFE,SAFE,SAFE,10,0,100,False,0,10,0,12,100,50,False,False,False,False,True,False
9.95,49.17,5803,2,12,0,22.0,30.0,36876.5,50,999.0,True,0.0,20.0,0,10,0,False,False,0,DRY,NORMAL,10,0,50,False,0,BRIGHT,CLEAR,10,50,False,False,0,SAFE,SAFE,SAFE,10,0,100,False,0,10,0,12,100,50,False,False,False,False,True,False
10.0,49.09,5793,2,12,0,22.0,30.0,36876.5,50,999.0,True,0.0,20.0,0,10,0,False,False,0,DRY,NORMAL,10,0,50,False,0,BRIGHT,CLEAR,10,50,False,False,0,SAFE,SAFE,SAFE,10,0,100,False,0,10,0,12,100,50,False,False,False,False,True,False
10.05,49.27,5814,2,12,0,22.0,30.0,36876.5,50,999.0,True,0.0,20.0,0,10,0,False,False,0,DRY,NORMAL,10,0,50,False,0,BRIGHT,CLEAR,10,50,False,False,0,SAFE,SAFE,SAFE,10,0,100,False,0,10,0,12,100,50,False,False,False,False,True,False
10.1,49.7,5865,2,12,0,22.0,30.0,36876.5,50,999.0,True,0.0,20.0,0,10,0,False,False,0,DRY,NORMAL,10,0,50,False,0,BRIGHT,CLEAR,10,50,False,False,0,SAFE,SAFE,SAFE,10,0,100,False,0,10,0,12,100,50,False,False,False,False,True,False
10.15,50.3,5936,2,12,0,22.0,30.0,36876.5,50,999.0,True,0.0,20.0,0,10,0,False,False,0,DRY,NORMAL,10,0,50,False,0,BRIGHT,CLEAR,10,50,False,False,0,SAFE,SAFE,SAFE,10,0,100,False,0,10,0,12,100,50,False,False,False,False,True,False
10.2,50.96,6014,2,12,0,22.0,30.0,36876.5,50,999.0,True,0.0,20.0,0,10,0,False,False,0,DRY,NORMAL,10,0,50,False,0,BRIGHT,CLEAR,10,50,False,False,0,SAFE,SAFE,SAFE,10,0,100,False,0,10,0,12,100,50,False,False,False,False,True,False
10.25,51.41,6067,2,12,0,22.0,30.0,36876.5,50,999.0,True,0.0,20.0,0,10,0,False,False,0,DRY,NORMAL,10,0,50,False,0,BRIGHT,CLEAR,10,50,False,False,0,SAFE,SAFE,SAFE,10,0,100,False,0,10,0,12,100,50,False,False,False,False,True,False
10.3,51.51,6079,2,12,0,22.0,30.0,36876.5,50,999.0,True,0.0,20.0,0,10,0,False,False,0,DRY,NORMAL,10,0,50,False,0,BRIGHT,CLEAR,10,50,False,False,0,SAFE,SAFE,SAFE,10,0,100,False,0,10,0,12,100,50,False,False,False,False,True,False
10.35,51.38,6064,2,12,0,22.0,30.0,36876.5,50,999.0,True,0.0,20.0,0,10,0,False,False,0,DRY,NORMAL,10,0,50,False,0,BRIGHT,CLEAR,10,50,False,False,0,SAFE,SAFE,SAFE,10,0,100,False,0,10,0,12,100,50,False,False,False,False,True,False
10.4,51.12,6033,2,12,0,22.0,30.0,36876.5,50,999.0,True,0.0,20.0,0,10,0,False,False,0,DRY,NORMAL,10,0,50,False,0,BRIGHT,CLEAR,10,50,False,False,0,SAFE,SAFE,SAFE,10,0,100,False,0,10,0,12,100,50,False,False,False,False,True,False
10.45,50.79,5993,2,12,0,22.0,30.0,36876.5,50,999.0,True,0.0,20.0,0,10,0,False,False,0,DRY,NORMAL,10,0,50,False,0,BRIGHT,CLEAR,10,50,False,False,0,SAFE,SAFE,SAFE,10,0,100,False,0,10,0,12,100,50,False,False,False,False,True,False
10.5,50.4,5948,2,12,0,22.0,30.0,38398.9,50,999.0,True,0.0,20.0,0,10,0,False,False,0,DRY,NORMAL,10,0,50,False,0,BRIGHT,CLEAR,10,50,False,False,0,SAFE,SAFE,SAFE,10,0,100,False,0,10,0,12,100,50,False,False,False,False,True,False
10.55,50.0,5900,2,12,0,22.0,30.0,38398.9,50,999.0,True,0.0,20.0,0,10,0,False,False,0,DRY,NORMAL,10,0,50,False,0,BRIGHT,CLEAR,10,50,False,False,0,SAFE,SAFE,SAFE,10,0,100,False,0,10,0,12,100,50,False,False,False,False,True,False
10.6,49.61,5854,2,12,0,22.0,30.0,38398.9,50,999.0,True,0.0,20.0,0,10,0,False,False,0,DRY,NORMAL,10,0,50,False,0,BRIGHT,CLEAR,10,50,False,False,0,SAFE,SAFE,SAFE,10,0,100,False,0,10,0,12,100,50,False,False,False,False,True,False
10.65,49.32,5821,2,12,0,22.0,30.0,38398.9,50,999.0,True,0.0,20.0,0,10,0,False,False,0,DRY,NORMAL,10,0,50,False,0,BRIGHT,CLEAR,10,50,False,False,0,SAFE,SAFE,SAFE,10,0,100,False,0,10,0,12,100,50,False,False,False,False,True,False
10.7,49.24,5811,2,12,0,22.0,30.0,38398.9,50,999.0,True,0.0,20.0,0,10,0,False,False,0,DRY,NORMAL,10,0,50,False,0,BRIGHT,CLEAR,10,50,False,False,0,SAFE,SAFE,SAFE,10,0,100,False,0,10,0,12,100,50,False,False,False,False,True,False
10.75,49.43,5834,2,12,0,22.0,30.0,38398.9,50,999.0,True,0.0,20.0,0,10,0,False,False,0,DRY,NORMAL,10,0,50,False,0,BRIGHT,CLEAR,10,50,False,False,0,SAFE,SAFE,SAFE,10,0,100,False,0,10,0,12,100,50,False,False,False,False,True,False
10.8,49.86,5885,2,12,0,22.0,30.0,38398.9,50,999.0,True,0.0,20.0,0,10,0,False,False,0,DRY,NORMAL,10,0,50,False,0,BRIGHT,CLEAR,10,50,False,False,0,SAFE,SAFE,SAFE,10,0,100,False,0,10,0,12,100,50,False,False,False,False,True,False
10.85,50.47,5956,2,12,0,22.0,30.0,38398.9,50,999.0,True,0.0,20.0,0,10,0,False,False,0,DRY,NORMAL,10,0,50,False,0,BRIGHT,CLEAR,10,50,False,False,0,SAFE,SAFE,SAFE,10,0,100,False,0,10,0,12,100,50,False,False,False,False,True,False
10.9,51.14,6035,2,12,0,22.0,30.0,38398.9,50,999.0,True,0.0,20.0,0,10,0,False,False,0,DRY,NORMAL,10,0,50,False,0,BRIGHT,CLEAR,10,50,False,False,0,SAFE,SAFE,SAFE,10,0,100,False,0,10,0,12,100,50,False,False,False,False,True,False
10.95,51.59,6088,2,12,0,22.0,30.0,38398.9,50,999.0,True,0.0,20.0,0,10,0,False,False,0,DRY,NORMAL,10,0,50,False,0,BRIGHT,CLEAR,10,50,False,False,0,SAFE,SAFE,SAFE,10,0,100,False,0,10,0,12,100,50,False,False,False,False,True,False
11.0,51.69,6100,2,12,0,22.0,30.0,38398.9,50,999.0,True,0.0,20.0,0,10,0,False,False,0,DRY,NORMAL,10,0,50,False,0,BRIGHT,CLEAR,10,50,False,False,0,SAFE,SAFE,SAFE,10,0,100,False,0,10,0,12,100,50,False,False,False,False,True,False
11.05,51.56,6085,2,12,0,22.0,30.0,38398.9,50,999.0,True,0.0,20.0,0,10,0,False,False,0,DRY,NORMAL,10,0,50,False,0,BRIGHT,CLEAR,10,50,False,False,0,SAFE,SAFE,SAFE,10,0,100,False,0,10,0,12,100,50,False,False,False,False,True,False
11.1,51.3,6054,2,12,0,22.0,30.0,38398.9,50,999.0,True,0.0,20.0,0,10,0,False,False,0,DRY,NORMAL,10,0,50,False,0,BRIGHT,CLEAR,10,50,False,False,0,SAFE,SAFE,SAFE,10,0,100,False,0,10,0,12,100,50,False,False,False,False,True,False
11.15,50.96,6014,2,12,0,22.0,30.0,38398.9,50,999.0,True,0.0,20.0,0,10,0,False,False,0,DRY,NORMAL,10,0,50,False,0,BRIGHT,CLEAR,10,50,False,False,0,SAFE,SAFE,SAFE,10,0,100,False,0,10,0,12,100,50,False,False,False,False,True,False
11.2,50.58,5969,2,12,0,22.0,30.0,38398.9,50,999.0,True,0.0,20.0,0,10,0,False,False,0,DRY,NORMAL,10,0,50,False,0,BRIGHT,CLEAR,10,50,False,False,0,SAFE,SAFE,SAFE,10,0,100,False,0,10,0,12,100,50,False,False,False,False,True,False
11.25,50.17,5921,2,12,0,22.0,30.0,38398.9,50,999.0,True,0.0,20.0,0,10,0,False,False,0,DRY,NORMAL,10,0,50,False,0,BRIGHT,CLEAR,10,50,False,False,0,SAFE,SAFE,SAFE,10,0,100,False,0,10,0,12,100,50,False,False,False,False,True,False
11.3,49.75,5871,2,12,0,22.0,30.0,38398.9,50,999.0,True,0.0,20.0,0,10,0,False,False,0,DRY,NORMAL,10,0,50,False,0,BRIGHT,CLEAR,10,50,False,False,0,SAFE,SAFE,SAFE,10,0,100,False,0,10,0,12,100,50,False,False,False,False,True,False
11.35,49.35,5824,2,12,0,22.0,30.0,38398.9,50,999.0,True,0.0,20.0,0,10,0,False,False,0,DRY,NORMAL,10,0,50,False,0,BRIGHT,CLEAR,10,50,False,False,0,SAFE,SAFE,SAFE,10,0,100,False,0,10,0,12,100,50,False,False,False,False,True,False
11.4,49.07,5791,2,12,0,22.0,30.0,38398.9,50,999.0,True,0.0,20.0,0,10,0,False,False,0,DRY,NORMAL,10,0,50,False,0,BRIGHT,CLEAR,10,50,False,False,0,SAFE,SAFE,SAFE,10,0,100,False,0,10,0,12,100,50,False,False,False,False,True,False
11.45,48.99,5781,2,12,0,22.0,30.0,38398.9,50,999.0,True,0.0,20.0,0,10,0,False,False,0,DRY,NORMAL,10,0,50,False,0,BRIGHT,CLEAR,10,50,False,False,0,SAFE,SAFE,SAFE,10,0,100,False,0,10,0,12,100,50,False,False,False,False,True,False
11.5,49.18,5803,2,12,0,22.0,30.0,38398.9,50,999.0,True,0.0,20.0,0,10,0,False,False,0,DRY,NORMAL,10,0,50,False,0,BRIGHT,CLEAR,10,50,False,False,0,SAFE,SAFE,SAFE,10,0,100,False,0,10,0,12,100,50,False,False,False,False,True,False
11.55,49.61,5854,2,12,0,22.0,30.0,38398.9,50,999.0,True,0.0,20.0,0,10,0,False,False,0,DRY,NORMAL,10,0,50,False,0,BRIGHT,CLEAR,10,50,False,False,0,SAFE,SAFE,SAFE,10,0,100,False,0,10,0,12,100,50,False,False,False,False,True,False
11.6,50.21,5925,2,12,0,22.0,30.0,38398.9,50,999.0,True,0.0,20.0,0,10,0,False,False,0,DRY,NORMAL,10,0,50,False,0,BRIGHT,CLEAR,10,50,False,False,0,SAFE,SAFE,SAFE,10,0,100,False,0,10,0,12,100,50,False,False,False,False,True,False
11.65,50.88,6004,2,12,0,22.0,30.0,38398.9,50,999.0,True,0.0,20.0,0,10,0,False,False,0,DRY,NORMAL,10,0,50,False,0,BRIGHT,CLEAR,10,50,False,False,0,SAFE,SAFE,SAFE,10,0,100,False,0,10,0,12,100,50,False,False,False,False,True,False
11.7,51.33,6057,2,12,0,22.0,30.0,38398.9,50,999.0,True,0.0,20.0,0,10,0,False,False,0,DRY,NORMAL,10,0,50,False,0,BRIGHT,CLEAR,10,50,False,False,0,SAFE,SAFE,SAFE,10,0,100,False,0,10,0,12,100,50,False,False,False,False,True,False
11.75,51.43,6069,2,12,0,22.0,30.0,38398.9,50,999.0,True,0.0,20.0,0,10,0,False,False,0,DRY,NORMAL,10,0,50,False,0,BRIGHT,CLEAR,10,50,False,False,0,SAFE,SAFE,SAFE,10,0,100,False,0,10,0,12,100,50,False,False,False,False,True,False
11.8,51.31,6055,2,12,0,22.0,30.0,38398.9,50,999.0,True,0.0,20.0,0,10,0,False,False,0,DRY,NORMAL,10,0,50,False,0,BRIGHT,CLEAR,10,50,False,False,0,SAFE,SAFE,SAFE,10,0,100,False,0,10,0,12,100,50,False,False,False,False,True,False
11.85,51.05,6024,2,12,0,22.0,30.0,38398.9,50,999.0,True,0.0,20.0,0,10,0,False,False,0,DRY,NORMAL,10,0,50,False,0,BRIGHT,CLEAR,10,50,False,False,0,SAFE,SAFE,SAFE,10,0,100,False,0,10,0,12,100,50,False,False,False,False,True,False
11.9,50.71,5985,2,12,0,22.0,30.0,38398.9,50,999.0,True,0.0,20.0,0,10,0,False,False,0,DRY,NORMAL,10,0,50,False,0,BRIGHT,CLEAR,10,50,False,False,0,SAFE,SAFE,SAFE,10,0,100,False,0,10,0,12,100,50,False,False,False,False,True,False
11.95,50.33,5940,2,12,0,22.0,30.0,38398.9,50,999.0,True,0.0,20.0,0,10,0,False,False,0,DRY,NORMAL,10,0,50,False,0,BRIGHT,CLEAR,10,50,False,False,0,SAFE,SAFE,SAFE,10,0,100,False,0,10,0,12,100,50,False,False,False,False,True,False
12.0,49.93,5892,2,12,0,22.0,30.0,39859.3,50,999.0,True,0.0,20.0,0,10,0,False,False,0,DRY,NORMAL,10,0,50,False,0,BRIGHT,CLEAR,10,50,False,False,0,SAFE,SAFE,SAFE,10,0,100,False,0,10,0,12,100,50,False,False,False,False,True,False
12.05,49.54,5847,2,12,0,22.0,30.0,39859.3,50,999.0,True,0.0,20.0,0,10,0,False,False,0,DRY,NORMAL,10,0,50,False,0,BRIGHT,CLEAR,10,50,False,False,0,SAFE,SAFE,SAFE,10,0,100,False,0,10,0,12,100,50,False,False,False,False,True,False
12.1,49.27,5814,2,12,0,22.0,30.0,39859.3,50,999.0,True,0.0,20.0,0,10,0,False,False,0,DRY,NORMAL,10,0,50,False,0,BRIGHT,CLEAR,10,50,False,False,0,SAFE,SAFE,SAFE,10,0,100,False,0,10,0,12,100,50,False,False,False,False,True,False
12.15,49.19,5805,2,12,0,22.0,30.0,39859.3,50,999.0,True,0.0,20.0,0,10,0,False,False,0,DRY,NORMAL,10,0,50,False,0,BRIGHT,CLEAR,10,50,False,False,0,SAFE,SAFE,SAFE,10,0,100,False,0,10,0,12,100,50,False,False,False,False,True,False
12.2,49.38,5828,2,12,0,22.0,30.0,39859.3,50,999.0,True,0.0,20.0,0,10,0,False,False,0,DRY,NORMAL,10,0,50,False,0,BRIGHT,CLEAR,10,50,False,False,0,SAFE,SAFE,SAFE,10,0,100,False,0,10,0,12,100,50,False,False,False,False,True,False
12.25,49.82,5879,2,12,0,22.0,30.0,39859.3,50,999.0,True,0.0,20.0,0,10,0,False,False,0,DRY,NORMAL,10,0,50,False,0,BRIGHT,CLEAR,10,50,False,False,0,SAFE,SAFE,SAFE,10,0,100,False,0,10,0,12,100,50,False,False,False,False,True,False
12.3,50.43,5951,2,12,0,22.0,30.0,39859.3,50,999.0,True,0.0,20.0,0,10,0,False,False,0,DRY,NORMAL,10,0,50,False,0,BRIGHT,CLEAR,10,50,False,False,0,SAFE,SAFE,SAFE,10,0,100,False,0,10,0,12,100,50,False,False,False,False,True,False
12.35,51.1,6030,2,12,0,22.0,30.0,39859.3,50,999.0,True,0.0,20.0,0,10,0,False,False,0,DRY,NORMAL,10,0,50,False,0,BRIGHT,CLEAR,10,50,False,False,0,SAFE,SAFE,SAFE,10,0,100,False,0,10,0,12,100,50,False,False,False,False,True,False
12.4,51.55,6083,2,12,0,22.0,30.0,39859.3,50,999.0,True,0.0,20.0,0,10,0,False,False,0,DRY,NORMAL,10,0,50,False,0,BRIGHT,CLEAR,10,50,False,False,0,SAFE,SAFE,SAFE,10,0,100,False,0,10,0,12,100,50,False,False,False,False,True,False
12.45,51.65,6096,2,12,0,22.0,30.0,39859.3,50,999.0,True,0.0,20.0,0,10,0,False,False,0,DRY,NORMAL,10,0,50,False,0,BRIGHT,CLEAR,10,50,False,False,0,SAFE,SAFE,SAFE,10,0,100,False,0,10,0,12,100,50,False,False,False,False,True,False
12.5,51.53,6081,2,12,0,22.0,30.0,39859.3,50,999.0,True,0.0,20.0,0,10,0,False,False,0,DRY,NORMAL,10,0,50,False,0,BRIGHT,CLEAR,10,50,False,False,0,SAFE,SAFE,SAFE,10,0,100,False,0,10,0,12,100,50,False,False,False,False,True,False
12.55,51.27,6050,2,12,0,22.0,30.0,39859.3,50,999.0,True,0.0,20.0,0,10,0,False,False,0,DRY,NORMAL,10,0,50,False,0,BRIGHT,CLEAR,10,50,False,False,0,SAFE,SAFE,SAFE,10,0,100,False,0,10,0,12,100,50,False,False,False,False,True,False
12.6,50.94,6011,2,12,0,22.0,30.0,39859.3,50,999.0,True,0.0,20.0,0,10,0,False,False,0,DRY,NORMAL,10,0,50,False,0,BRIGHT,CLEAR,10,50,False,False,0,SAFE,SAFE,SAFE,10,0,100,False,0,10,0,12,100,50,False,False,False,False,True,False
12.65,50.56,5966,2,12,0,22.0,30.0,39859.3,50,999.0,True,0.0,20.0,0,10,0,False,False,0,DRY,NORMAL,10,0,50,False,0,BRIGHT,CLEAR,10,50,False,False,0,SAFE,SAFE,SAFE,10,0,100,False,0,10,0,12,100,50,False,False,False,False,True,False
12.7,50.15,5919,2,12,0,22.0,30.0,39859.3,50,999.0,True,0.0,20.0,0,10,0,False,False,0,DRY,NORMAL,10,0,50,False,0,BRIGHT,CLEAR,10,50,False,False,0,SAFE,SAFE,SAFE,10,0,100,False,0,10,0,12,100,50,False,False,False,False,True,False
12.75,49.74,5870,2,12,0,22.0,30.0,39859.3,50,999.0,True,0.0,20.0,0,10,0,False,False,0,DRY,NORMAL,10,0,50,False,0,BRIGHT,CLEAR,10,50,False,False,0,SAFE,SAFE,SAFE,10,0,100,False,0,10,0,12,100,50,False,False,False,False,True,False
12.8,49.34,5823,2,12,0,22.0,30.0,39859.3,50,999.0,True,0.0,20.0,0,10,0,False,False,0,DRY,NORMAL,10,0,50,False,0,BRIGHT,CLEAR,10,50,False,False,0,SAFE,SAFE,SAFE,10,0,100,False,0,10,0,12,100,50,False,False,False,False,True,False
12.85,49.06,5790,2,12,0,22.0,30.0,39859.3,50,999.0,True,0.0,20.0,0,10,0,False,False,0,DRY,NORMAL,10,0,50,False,0,BRIGHT,CLEAR,10,50,False,False,0,SAFE,SAFE,SAFE,10,0,100,False,0,10,0,12,100,50,False,False,False,False,True,False
12.9,48.98,5780,2,12,0,22.0,30.0,39859.3,50,999.0,True,0.0,20.0,0,10,0,False,False,0,DRY,NORMAL,10,0,50,False,0,BRIGHT,CLEAR,10,50,False,False,0,SAFE,SAFE,SAFE,10,0,100,False,0,10,0,12,100,50,False,False,False,False,True,False
12.95,49.17,5803,2,12,0,22.0,30.0,39859.3,50,999.0,True,0.0,20.0,0,10,0,False,False,0,DRY,NORMAL,10,0,50,False,0,BRIGHT,CLEAR,10,50,False,False,0,SAFE,SAFE,SAFE,10,0,100,False,0,10,0,12,100,50,False,False,False,False,True,False
13.0,49.6,5854,2,12,0,22.0,30.0,39859.3,50,999.0,True,0.0,20.0,0,10,0,False,False,0,DRY,NORMAL,10,0,50,False,0,BRIGHT,CLEAR,10,50,False,False,0,SAFE,SAFE,SAFE,10,0,100,False,0,10,0,12,100,50,False,False,False,False,True,False
13.05,50.21,5925,2,12,0,22.0,30.0,39859.3,50,999.0,True,0.0,20.0,0,10,0,False,False,0,DRY,NORMAL,10,0,50,False,0,BRIGHT,CLEAR,10,50,False,False,0,SAFE,SAFE,SAFE,10,0,100,False,0,10,0,12,100,50,False,False,False,False,True,False
13.1,50.88,6004,2,12,0,22.0,30.0,39859.3,50,999.0,True,0.0,20.0,0,10,0,False,False,0,DRY,NORMAL,10,0,50,False,0,BRIGHT,CLEAR,10,50,False,False,0,SAFE,SAFE,SAFE,10,0,100,False,0,10,0,12,100,50,False,False,False,False,True,False
13.15,51.33,6057,2,12,0,22.0,30.0,39859.3,50,999.0,True,0.0,20.0,0,10,0,False,False,0,DRY,NORMAL,10,0,50,False,0,BRIGHT,CLEAR,10,50,False,False,0,SAFE,SAFE,SAFE,10,0,100,False,0,10,0,12,100,50,False,False,False,False,True,False
13.2,51.44,6070,2,12,0,22.0,30.0,39859.3,50,999.0,True,0.0,20.0,0,10,0,False,False,0,DRY,NORMAL,10,0,50,False,0,BRIGHT,CLEAR,10,50,False,False,0,SAFE,SAFE,SAFE,10,0,100,False,0,10,0,12,100,50,False,False,False,False,True,False
13.25,51.31,6055,2,12,0,22.0,30.0,39859.3,50,999.0,True,0.0,20.0,0,10,0,False,False,0,DRY,NORMAL,10,0,50,False,0,BRIGHT,CLEAR,10,50,False,False,0,SAFE,SAFE,SAFE,10,0,100,False,0,10,0,12,100,50,False,False,False,False,True,False
13.3,51.05,6025,2,12,0,22.0,30.0,39859.3,50,999.0,True,0.0,20.0,0,10,0,False,False,0,DRY,NORMAL,10,0,50,False,0,BRIGHT,CLEAR,10,50,False,False,0,SAFE,SAFE,SAFE,10,0,100,False,0,10,0,12,100,50,False,False,False,False,True,False
13.35,50.72,5986,2,12,0,22.0,30.0,39859.3,50,999.0,True,0.0,20.0,0,10,0,False,False,0,DRY,NORMAL,10,0,50,False,0,BRIGHT,CLEAR,10,50,False,False,0,SAFE,SAFE,SAFE,10,0,100,False,0,10,0,12,100,50,False,False,False,False,True,False
13.4,50.34,5941,2,12,0,22.0,30.0,39859.3,50,999.0,True,0.0,20.0,0,10,0,False,False,0,DRY,NORMAL,10,0,50,False,0,BRIGHT,CLEAR,10,50,False,False,0,SAFE,SAFE,SAFE,10,0,100,False,0,10,0,12,100,50,False,False,False,False,True,False
13.45,49.94,5894,2,12,0,22.0,30.0,39859.3,50,999.0,True,0.0,20.0,0,10,0,False,False,0,DRY,NORMAL,10,0,50,False,0,BRIGHT,CLEAR,10,50,False,False,0,SAFE,SAFE,SAFE,10,0,100,False,0,10,0,12,100,50,False,False,False,False,True,False
13.5,49.55,5848,2,12,0,22.0,30.0,41228.2,50,999.0,True,0.0,20.0,0,10,0,False,False,0,DRY,NORMAL,10,0,50,False,0,BRIGHT,CLEAR,10,50,False,False,0,SAFE,SAFE,SAFE,10,0,100,False,0,10,0,12,100,50,False,False,False,False,True,False
13.55,49.28,5815,2,12,0,22.0,30.0,41228.2,50,999.0,True,0.0,20.0,0,10,0,False,False,0,DRY,NORMAL,10,0,50,False,0,BRIGHT,CLEAR,10,50,False,False,0,SAFE,SAFE,SAFE,10,0,100,False,0,10,0,12,100,50,False,False,False,False,True,False
13.6,49.2,5806,2,12,0,22.0,30.0,41228.2,50,999.0,True,0.0,20.0,0,10,0,False,False,0,DRY,NORMAL,10,0,50,False,0,BRIGHT,CLEAR,10,50,False,False,0,SAFE,SAFE,SAFE,10,0,100,False,0,10,0,12,100,50,False,False,False,False,True,False
13.65,49.4,5829,2,12,0,22.0,30.0,41228.2,50,999.0,True,0.0,20.0,0,10,0,False,False,0,DRY,NORMAL,10,0,50,False,0,BRIGHT,CLEAR,10,50,False,False,0,SAFE,SAFE,SAFE,10,0,100,False,0,10,0,12,100,50,False,False,False,False,True,False
13.7,49.83,5881,2,12,0,22.0,30.0,41228.2,50,999.0,True,0.0,20.0,0,10,0,False,False,0,DRY,NORMAL,10,0,50,False,0,BRIGHT,CLEAR,10,50,False,False,0,SAFE,SAFE,SAFE,10,0,100,False,0,10,0,12,100,50,False,False,False,False,True,False
13.75,50.44,5953,2,12,0,22.0,30.0,41228.2,50,999.0,True,0.0,20.0,0,10,0,False,False,0,DRY,NORMAL,10,0,50,False,0,BRIGHT,CLEAR,10,50,False,False,0,SAFE,SAFE,SAFE,10,0,100,False,0,10,0,12,100,50,False,False,False,False,True,False
13.8,51.11,6032,2,12,0,22.0,30.0,41228.2,50,999.0,True,0.0,20.0,0,10,0,False,False,0,DRY,NORMAL,10,0,50,False,0,BRIGHT,CLEAR,10,50,False,False,0,SAFE,SAFE,SAFE,10,0,100,False,0,10,0,12,100,50,False,False,False,False,True,False
13.85,51.56,6085,2,12,0,22.0,30.0,41228.2,50,999.0,True,0.0,20.0,0,10,0,False,False,0,DRY,NORMAL,10,0,50,False,0,BRIGHT,CLEAR,10,50,False,False,0,SAFE,SAFE,SAFE,10,0,100,False,0,10,0,12,100,50,False,False,False,False,True,False
13.9,51.67,6097,2,12,0,22.0,30.0,41228.2,50,999.0,True,0.0,20.0,0,10,0,False,False,0,DRY,NORMAL,10,0,50,False,0,BRIGHT,CLEAR,10,50,False,False,0,SAFE,SAFE,SAFE,10,0,100,False,0,10,0,12,100,50,False,False,False,False,True,False
13.95,51.54,6083,2,12,0,22.0,30.0,41228.2,50,999.0,True,0.0,20.0,0,10,0,False,False,0,DRY,NORMAL,10,0,50,False,0,BRIGHT,CLEAR,10,50,False,False,0,SAFE,SAFE,SAFE,10,0,100,False,0,10,0,12,100,50,False,False,False,False,True,False
14.0,51.29,6052,2,12,0,22.0,30.0,41228.2,50,999.0,True,0.0,20.0,0,10,0,False,False,0,DRY,NORMAL,10,0,50,False,0,BRIGHT,CLEAR,10,50,False,False,0,SAFE,SAFE,SAFE,10,0,100,False,0,10,0,12,100,50,False,False,False,False,True,False
14.05,50.95,6013,2,12,0,22.0,30.0,41228.2,50,999.0,True,0.0,20.0,0,10,0,False,False,0,DRY,NORMAL,10,0,50,False,0,BRIGHT,CLEAR,10,50,False,False,0,SAFE,SAFE,SAFE,10,0,100,False,0,10,0,12,100,50,False,False,False,False,True,False
14.1,50.57,5968,2,12,0,22.0,30.0,41228.2,50,999.0,True,0.0,20.0,0,10,0,False,False,0,DRY,NORMAL,10,0,50,False,0,BRIGHT,CLEAR,10,50,False,False,0,SAFE,SAFE,SAFE,10,0,100,False,0,10,0,12,100,50,False,False,False,False,True,False
14.15,50.17,5920,2,12,0,22.0,30.0,41228.2,50,999.0,True,0.0,20.0,0,10,0,False,False,0,DRY,NORMAL,10,0,50,False,0,BRIGHT,CLEAR,10,50,False,False,0,SAFE,SAFE,SAFE,10,0,100,False,0,10,0,12,100,50,False,False,False,False,True,False
14.2,49.75,5871,2,12,0,22.0,30.0,41228.2,50,999.0,True,0.0,20.0,0,10,0,False,False,0,DRY,NORMAL,10,0,50,False,0,BRIGHT,CLEAR,10,50,False,False,0,SAFE,SAFE,SAFE,10,0,100,False,0,10,0,12,100,50,False,False,False,False,True,False
14.25,49.36,5825,2,12,0,22.0,30.0,41228.2,50,999.0,True,0.0,20.0,0,10,0,False,False,0,DRY,NORMAL,10,0,50,False,0,BRIGHT,CLEAR,10,50,False,False,0,SAFE,SAFE,SAFE,10,0,100,False,0,10,0,12,100,50,False,False,False,False,True,False
14.3,49.08,5792,2,12,0,22.0,30.0,41228.2,50,999.0,True,0.0,20.0,0,10,0,False,False,0,DRY,NORMAL,10,0,50,False,0,BRIGHT,CLEAR,10,50,False,False,0,SAFE,SAFE,SAFE,10,0,100,False,0,10,0,12,100,50,False,False,False,False,True,False
14.35,49.0,5782,2,12,0,22.0,30.0,41228.2,50,999.0,True,0.0,20.0,0,10,0,False,False,0,DRY,NORMAL,10,0,50,False,0,BRIGHT,CLEAR,10,50,False,False,0,SAFE,SAFE,SAFE,10,0,100,False,0,10,0,12,100,50,False,False,False,False,True,False
14.4,49.19,5805,2,12,0,22.0,30.0,41228.2,50,999.0,True,0.0,20.0,0,10,0,False,False,0,DRY,NORMAL,10,0,50,False,0,BRIGHT,CLEAR,10,50,False,False,0,SAFE,SAFE,SAFE,10,0,100,False,0,10,0,12,100,50,False,False,False,False,True,False
14.45,49.62,5855,2,12,0,22.0,30.0,41228.2,50,999.0,True,0.0,20.0,0,10,0,False,False,0,DRY,NORMAL,10,0,50,False,0,BRIGHT,CLEAR,10,50,False,False,0,SAFE,SAFE,SAFE,10,0,100,False,0,10,0,12,100,50,False,False,False,False,True,False
14.5,50.23,5927,2,12,0,22.0,30.0,41228.2,50,999.0,True,0.0,20.0,0,10,0,False,False,0,DRY,NORMAL,10,0,50,False,0,BRIGHT,CLEAR,10,50,False,False,0,SAFE,SAFE,SAFE,10,0,100,False,0,10,0,12,100,50,False,False,False,False,True,False
14.55,50.89,6006,2,12,0,22.0,30.0,41228.2,50,999.0,True,0.0,20.0,0,10,0,False,False,0,DRY,NORMAL,10,0,50,False,0,BRIGHT,CLEAR,10,50,False,False,0,SAFE,SAFE,SAFE,10,0,100,False,0,10,0,12,100,50,False,False,False,False,True,False
14.6,51.34,6059,2,12,0,22.0,30.0,41228.2,50,999.0,True,0.0,20.0,0,10,0,False,False,0,DRY,NORMAL,10,0,50,False,0,BRIGHT,CLEAR,10,50,False,False,0,SAFE,SAFE,SAFE,10,0,100,False,0,10,0,12,100,50,False,False,False,False,True,False
14.65,51.45,6071,2,12,0,22.0,30.0,41228.2,50,999.0,True,0.0,20.0,0,10,0,False,False,0,DRY,NORMAL,10,0,50,False,0,BRIGHT,CLEAR,10,50,False,False,0,SAFE,SAFE,SAFE,10,0,100,False,0,10,0,12,100,50,False,False,False,False,True,False
14.7,51.32,6057,2,12,0,22.0,30.0,41228.2,50,999.0,True,0.0,20.0,0,10,0,False,False,0,DRY,NORMAL,10,0,50,False,0,BRIGHT,CLEAR,10,50,False,False,0,SAFE,SAFE,SAFE,10,0,100,False,0,10,0,12,100,50,False,False,False,False,True,False
14.75,51.07,6026,2,12,0,22.0,30.0,41228.2,50,999.0,True,0.0,20.0,0,10,0,False,False,0,DRY,NORMAL,10,0,50,False,0,BRIGHT,CLEAR,10,50,False,False,0,SAFE,SAFE,SAFE,10,0,100,False,0,10,0,12,100,50,False,False,False,False,True,False
14.8,50.73,5987,2,12,0,22.0,30.0,41228.2,50,999.0,True,0.0,20.0,0,10,0,False,False,0,DRY,NORMAL,10,0,50,False,0,BRIGHT,CLEAR,10,50,False,False,0,SAFE,SAFE,SAFE,10,0,100,False,0,10,0,12,100,50,False,False,False,False,True,False
14.85,50.36,5942,2,12,0,22.0,30.0,41228.2,50,999.0,True,0.0,20.0,0,10,0,False,False,0,DRY,NORMAL,10,0,50,False,0,BRIGHT,CLEAR,10,50,False,False,0,SAFE,SAFE,SAFE,10,0,100,False,0,10,0,12,100,50,False,False,False,False,True,False
14.9,49.95,5895,2,12,0,22.0,30.0,41228.2,50,999.0,True,0.0,20.0,0,10,0,False,False,0,DRY,NORMAL,10,0,50,False,0,BRIGHT,CLEAR,10,50,False,False,0,SAFE,SAFE,SAFE,10,0,100,False,0,10,0,12,100,50,False,False,False,False,True,False
14.95,49.57,5849,2,12,0,22.0,30.0,41228.2,50,999.0,True,0.0,20.0,0,10,0,False,False,0,DRY,NORMAL,10,0,50,False,0,BRIGHT,CLEAR,10,50,False,False,0,SAFE,SAFE,SAFE,10,0,100,False,0,10,0,12,100,50,False,False,False,False,True,False
15.0,49.29,5817,2,12,0,22.0,30.0,42499.9,50,999.0,True,0.0,20.0,0,10,0,False,False,0,DRY,NORMAL,10,0,50,False,0,BRIGHT,CLEAR,10,50,False,False,0,SAFE,SAFE,SAFE,10,0,100,False,0,10,0,12,100,50,False,False,False,False,True,False
15.05,49.21,5808,2,12,0,22.0,30.0,42499.9,50,999.0,True,0.0,20.0,0,10,0,False,False,0,DRY,NORMAL,10,0,50,False,0,BRIGHT,CLEAR,10,50,False,False,0,SAFE,SAFE,SAFE,10,0,100,False,0,10,0,12,100,50,False,False,False,False,True,False
15.1,49.41,5831,2,12,0,22.0,30.0,42499.9,50,999.0,True,0.0,20.0,0,10,0,False,False,0,DRY,NORMAL,10,0,50,False,0,BRIGHT,CLEAR,10,50,False,False,0,SAFE,SAFE,SAFE,10,0,100,False,0,10,0,12,100,50,False,False,False,False,True,False
15.15,49.84,5882,2,12,0,22.0,30.0,42499.9,50,999.0,True,0.0,20.0,0,10,0,False,False,0,DRY,NORMAL,10,0,50,False,0,BRIGHT,CLEAR,10,50,False,False,0,SAFE,SAFE,SAFE,10,0,100,False,0,10,0,12,100,50,False,False,False,False,True,False
15.2,50.45,5954,2,12,0,22.0,30.0,42499.9,50,999.0,True,0.0,20.0,0,10,0,False,False,0,DRY,NORMAL,10,0,50,False,0,BRIGHT,CLEAR,10,50,False,False,0,SAFE,SAFE,SAFE,10,0,100,False,0,10,0,12,100,50,False,False,False,False,True,False
15.25,51.12,6033,2,12,0,22.0,30.0,42499.9,50,999.0,True,0.0,20.0,0,10,0,False,False,0,DRY,NORMAL,10,0,50,False,0,BRIGHT,CLEAR,10,50,False,False,0,SAFE,SAFE,SAFE,10,0,100,False,0,10,0,12,100,50,False,False,False,False,True,False
15.3,51.57,6086,2,12,0,22.0,30.0,42499.9,50,999.0,True,0.0,20.0,0,10,0,False,False,0,DRY,NORMAL,10,0,50,False,0,BRIGHT,CLEAR,10,50,False,False,0,SAFE,SAFE,SAFE,10,0,100,False,0,10,0,12,100,50,False,False,False,False,True,False
15.35,51.68,6099,2,12,0,22.0,30.0,42499.9,50,999.0,True,0.0,20.0,0,10,0,False,False,0,DRY,NORMAL,10,0,50,False,0,BRIGHT,CLEAR,10,50,False,False,0,SAFE,SAFE,SAFE,10,0,100,False,0,10,0,12,100,50,False,False,False,False,True,False
15.4,51.55,6084,2,12,0,22.0,30.0,42499.9,50,999.0,True,0.0,20.0,0,10,0,False,False,0,DRY,NORMAL,10,0,50,False,0,BRIGHT,CLEAR,10,50,False,False,0,SAFE,SAFE,SAFE,10,0,100,False,0,10,0,12,100,50,False,False,False,False,True,False
15.45,51.3,6053,2,12,0,22.0,30.0,42499.9,50,999.0,True,0.0,20.0,0,10,0,False,False,0,DRY,NORMAL,10,0,50,False,0,BRIGHT,CLEAR,10,50,False,False,0,SAFE,SAFE,SAFE,10,0,100,False,0,10,0,12,100,50,False,False,False,False,True,False
15.5,50.96,6014,2,12,0,22.0,30.0,42499.9,50,999.0,True,0.0,20.0,0,10,0,False,False,0,DRY,NORMAL,10,0,50,False,0,BRIGHT,CLEAR,10,50,False,False,0,SAFE,SAFE,SAFE,10,0,100,False,0,10,0,12,100,50,False,False,False,False,True,False
15.55,50.58,5969,2,12,0,22.0,30.0,42499.9,50,999.0,True,0.0,20.0,0,10,0,False,False,0,DRY,NORMAL,10,0,50,False,0,BRIGHT,CLEAR,10,50,False,False,0,SAFE,SAFE,SAFE,10,0,100,False,0,10,0,12,100,50,False,False,False,False,True,False
15.6,50.18,5921,2,12,0,22.0,30.0,42499.9,50,999.0,True,0.0,20.0,0,10,0,False,False,0,DRY,NORMAL,10,0,50,False,0,BRIGHT,CLEAR,10,50,False,False,0,SAFE,SAFE,SAFE,10,0,100,False,0,10,0,12,100,50,False,False,False,False,True,False
15.65,49.76,5872,2,12,0,22.0,30.0,42499.9,50,999.0,True,0.0,20.0,0,10,0,False,False,0,DRY,NORMAL,10,0,50,False,0,BRIGHT,CLEAR,10,50,False,False,0,SAFE,SAFE,SAFE,10,0,100,False,0,10,0,12,100,50,False,False,False,False,True,False
15.7,49.37,5826,2,12,0,22.0,30.0,42499.9,50,999.0,True,0.0,20.0,0,10,0,False,False,0,DRY,NORMAL,10,0,50,False,0,BRIGHT,CLEAR,10,50,False,False,0,SAFE,SAFE,SAFE,10,0,100,False,0,10,0,12,100,50,False,False,False,False,True,False
15.75,49.08,5792,2,12,0,22.0,30.0,42499.9,50,999.0,True,0.0,20.0,0,10,0,False,False,0,DRY,NORMAL,10,0,50,False,0,BRIGHT,CLEAR,10,50,False,False,0,SAFE,SAFE,SAFE,10,0,100,False,0,10,0,12,100,50,False,False,False,False,True,False
15.8,49.0,5783,2,12,0,22.0,30.0,42499.9,50,999.0,True,0.0,20.0,0,10,0,False,False,0,DRY,NORMAL,10,0,50,False,0,BRIGHT,CLEAR,10,50,False,False,0,SAFE,SAFE,SAFE,10,0,100,False,0,10,0,12,100,50,False,False,False,False,True,False
15.85,49.19,5805,2,12,0,22.0,30.0,42499.9,50,999.0,True,0.0,20.0,0,10,0,False,False,0,DRY,NORMAL,10,0,50,False,0,BRIGHT,CLEAR,10,50,False,False,0,SAFE,SAFE,SAFE,10,0,100,False,0,10,0,12,100,50,False,False,False,False,True,False
15.9,49.63,5856,2,12,0,22.0,30.0,42499.9,50,999.0,True,0.0,20.0,0,10,0,False,False,0,DRY,NORMAL,10,0,50,False,0,BRIGHT,CLEAR,10,50,False,False,0,SAFE,SAFE,SAFE,10,0,100,False,0,10,0,12,100,50,False,False,False,False,True,False
15.95,50.23,5928,2,12,0,22.0,30.0,42499.9,50,999.0,True,0.0,20.0,0,10,0,False,False,0,DRY,NORMAL,10,0,50,False,0,BRIGHT,CLEAR,10,50,False,False,0,SAFE,SAFE,SAFE,10,0,100,False,0,10,0,12,100,50,False,False,False,False,True,False
16.0,50.9,6007,2,12,0,22.0,30.0,42499.9,50,999.0,True,0.0,20.0,0,10,0,False,False,0,DRY,NORMAL,10,0,50,False,0,BRIGHT,CLEAR,10,50,False,False,0,SAFE,SAFE,SAFE,10,0,100,False,0,10,0,12,100,50,False,False,False,False,True,False
16.05,51.35,6060,2,12,0,22.0,30.0,42499.9,50,999.0,True,0.0,20.0,0,10,0,False,False,0,DRY,NORMAL,10,0,50,False,0,BRIGHT,CLEAR,10,50,False,False,0,SAFE,SAFE,SAFE,10,0,100,False,0,10,0,12,100,50,False,False,False,False,True,False
16.1,51.46,6072,2,12,0,22.0,30.0,42499.9,50,999.0,True,0.0,20.0,0,10,0,False,False,0,DRY,NORMAL,10,0,50,False,0,BRIGHT,CLEAR,10,50,False,False,0,SAFE,SAFE,SAFE,10,0,100,False,0,10,0,12,100,50,False,False,False,False,True,False
16.15,51.33,6058,2,12,0,22.0,30.0,42499.9,50,999.0,True,0.0,20.0,0,10,0,False,False,0,DRY,NORMAL,10,0,50,False,0,BRIGHT,CLEAR,10,50,False,False,0,SAFE,SAFE,SAFE,10,0,100,False,0,10,0,12,100,50,False,False,False,False,True,False
16.2,51.07,6027,2,12,0,22.0,30.0,42499.9,50,999.0,True,0.0,20.0,0,10,0,False,False,0,DRY,NORMAL,10,0,50,False,0,BRIGHT,CLEAR,10,50,False,False,0,SAFE,SAFE,SAFE,10,0,100,False,0,10,0,12,100,50,False,False,False,False,True,False
16.25,50.74,5988,2,12,0,22.0,30.0,42499.9,50,999.0,True,0.0,20.0,0,10,0,False,False,0,DRY,NORMAL,10,0,50,False,0,BRIGHT,CLEAR,10,50,False,False,0,SAFE,SAFE,SAFE,10,0,100,False,0,10,0,12,100,50,False,False,False,False,True,False
16.3,50.36,5943,2,12,0,22.0,30.0,42499.9,50,999.0,True,0.0,20.0,0,10,0,False,False,0,DRY,NORMAL,10,0,50,False,0,BRIGHT,CLEAR,10,50,False,False,0,SAFE,SAFE,SAFE,10,0,100,False,0,10,0,12,100,50,False,False,False,False,True,False
16.35,49.96,5896,2,12,0,22.0,30.0,42499.9,50,999.0,True,0.0,20.0,0,10,0,False,False,0,DRY,NORMAL,10,0,50,False,0,BRIGHT,CLEAR,10,50,False,False,0,SAFE,SAFE,SAFE,10,0,100,False,0,10,0,12,100,50,False,False,False,False,True,False
16.4,49.57,5850,2,12,0,22.0,30.0,42499.9,50,999.0,True,0.0,20.0,0,10,0,False,False,0,DRY,NORMAL,10,0,50,False,0,BRIGHT,CLEAR,10,50,False,False,0,SAFE,SAFE,SAFE,10,0,100,False,0,10,0,12,100,50,False,False,False,False,True,False
16.45,49.3,5817,2,12,0,22.0,30.0,42499.9,50,999.0,True,0.0,20.0,0,10,0,False,False,0,DRY,NORMAL,10,0,50,False,0,BRIGHT,CLEAR,10,50,False,False,0,SAFE,SAFE,SAFE,10,0,100,False,0,10,0,12,100,50,False,False,False,False,True,False
16.5,49.22,5808,2,12,0,22.0,30.0,43668.2,50,999.0,True,0.0,20.0,0,10,0,False,False,0,DRY,NORMAL,10,0,50,False,0,BRIGHT,CLEAR,10,50,False,False,0,SAFE,SAFE,SAFE,10,0,100,False,0,10,0,12,100,50,False,False,False,False,True,False
16.55,49.41,5831,2,12,0,22.0,30.0,43668.2,50,999.0,True,0.0,20.0,0,10,0,False,False,0,DRY,NORMAL,10,0,50,False,0,BRIGHT,CLEAR,10,50,False,False,0,SAFE,SAFE,SAFE,10,0,100,False,0,10,0,12,100,50,False,False,False,False,True,False
16.6,49.85,5883,2,12,0,22.0,30.0,43668.2,46.9,999.0,True,0.0,20.0,0,10,0,False,False,0,DRY,NORMAL,10,0,46.929211270834735,False,0,BRIGHT,CLEAR,10,46.929211270834735,False,False,0,SAFE,SAFE,SAFE,10,0,100,False,0,10,0,12,100,46.929211270834735,False,False,False,False,True,False
16.65,50.4,5947,2,12,0,22.0,30.0,43668.2,46.9,999.0,True,0.0,20.0,0,10,0,False,False,0,DRY,NORMAL,10,0,46.929211270834735,False,0,BRIGHT,CLEAR,10,46.929211270834735,False,False,0,SAFE,SAFE,SAFE,10,0,100,False,0,10,0,12,100,46.929211270834735,False,False,False,False,True,False
16.7,50.78,5992,2,12,0,22.0,30.0,43668.2,46.9,999.0,True,0.0,20.0,0,10,0,False,False,0,DRY,NORMAL,10,0,46.929211270834735,False,0,BRIGHT,CLEAR,10,46.929211270834735,False,False,0,SAFE,SAFE,SAFE,10,0,100,False,0,10,0,12,100,46.929211270834735,False,False,False,False,True,False
16.75,50.84,5999,2,12,0,22.0,30.0,43668.2,35.3,999.0,True,0.0,20.0,0,10,0,False,False,0,DRY,NORMAL,10,0,35.31428229188062,False,0,BRIGHT,CLEAR,10,35.31428229188062,False,False,0,SAFE,SAFE,SAFE,10,0,100,False,0,10,0,12,100,35.31428229188062,False,False,False,False,True,False
16.8,50.56,5966,2,12,0,22.0,30.0,43668.2,32.4,999.0,True,0.0,20.0,0,10,0,False,False,0,DRY,NORMAL,10,0,32.37991421501628,False,0,BRIGHT,CLEAR,10,32.37991421501628,False,False,0,SAFE,SAFE,SAFE,10,0,100,False,0,10,0,12,100,32.37991421501628,False,False,False,False,True,False
16.85,49.91,5889,2,12,0,22.0,30.0,43668.2,32.4,999.0,True,0.0,20.0,0,10,0,False,False,0,DRY,NORMAL,10,0,32.37991421501628,False,0,BRIGHT,CLEAR,10,32.37991421501628,False,False,0,SAFE,SAFE,SAFE,10,0,100,False,0,10,0,12,100,32.37991421501628,False,False,False,False,True,False
16.9,49.14,5799,2,12,0,22.0,30.0,43668.2,34.4,999.0,True,0.0,20.0,0,10,0,False,False,0,DRY,NORMAL,10,0,34.44066389145255,False,0,BRIGHT,CLEAR,10,34.44066389145255,False,False,0,SAFE,SAFE,SAFE,10,0,100,False,0,10,0,12,100,34.44066389145255,False,False,False,False,True,False
16.95,48.51,5724,2,12,0,22.0,30.0,43668.2,34.4,999.0,True,0.0,20.0,0,10,0,False,False,0,DRY,NORMAL,10,0,34.44066389145255,False,0,BRIGHT,CLEAR,10,34.44066389145255,False,False,0,SAFE,SAFE,SAFE,10,0,100,False,0,10,0,12,100,34.44066389145255,False,False,False,False,True,False
17.0,47.92,5655,2,12,0,22.0,30.0,43668.2,34.4,999.0,True,0.0,20.0,0,10,0,False,False,0,DRY,NORMAL,10,0,34.44066389145255,False,0,BRIGHT,CLEAR,10,34.44066389145255,False,False,0,SAFE,SAFE,SAFE,10,0,100,False,0,10,0,12,100,34.44066389145255,False,False,False,False,True,False
17.05,47.32,5584,2,12,0,22.0,30.0,43668.2,31.5,999.0,True,0.0,20.0,0,10,0,False,False,0,DRY,NORMAL,10,0,31.531018105019886,False,0,BRIGHT,CLEAR,10,31.531018105019886,False,False,0,SAFE,SAFE,SAFE,10,0,100,False,0,10,0,12,100,31.531018105019886,False,False,False,False,True,False
17.1,46.59,5498,2,12,0,22.0,30.0,43668.2,31.5,999.0,True,0.0,20.0,0,10,0,False,False,0,DRY,NORMAL,10,0,31.531018105019886,False,0,BRIGHT,CLEAR,10,31.531018105019886,False,False,0,SAFE,SAFE,SAFE,10,0,100,False,0,10,0,12,100,31.531018105019886,False,False,False,False,True,False
17.15,45.75,5399,2,12,0,22.0,30.0,43668.2,33.5,999.0,True,0.0,20.0,0,10,0,False,False,0,DRY,NORMAL,10,0,33.50894634190605,False,0,BRIGHT,CLEAR,10,33.50894634190605,False,False,0,SAFE,SAFE,SAFE,10,0,100,False,0,10,0,12,100,33.50894634190605,False,False,False,False,True,False
17.2,45.09,5321,2,12,0,22.0,30.0,43668.2,33.5,999.0,True,0.0,20.0,0,10,0,False,False,0,DRY,NORMAL,10,0,33.50894634190605,False,0,BRIGHT,CLEAR,10,33.50894634190605,False,False,0,SAFE,SAFE,SAFE,10,0,100,False,0,10,0,12,100,33.50894634190605,False,False,False,False,True,False
17.25,44.5,5251,2,12,0,22.0,30.0,43668.2,30.6,999.0,True,0.0,20.0,0,10,0,False,False,0,DRY,NORMAL,10,0,30.629868309190815,False,0,BRIGHT,CLEAR,10,30.629868309190815,False,False,0,SAFE,SAFE,SAFE,10,0,100,False,0,10,0,12,100,30.629868309190815,False,False,False,False,True,False
17.3,43.92,5183,2,12,0,22.0,30.0,43668.2,30.6,999.0,True,0.0,20.0,0,10,0,False,False,0,DRY,NORMAL,10,0,30.629868309190815,False,0,BRIGHT,CLEAR,10,30.629868309190815,False,False,0,SAFE,SAFE,SAFE,10,0,100,False,0,10,0,12,100,30.629868309190815,False,False,False,False,True,False
17.35,43.34,5114,2,12,0,22.0,30.0,43668.2,30.6,999.0,True,0.0,20.0,0,10,0,False,False,0,DRY,NORMAL,10,0,30.629868309190815,False,0,BRIGHT,CLEAR,10,30.629868309190815,False,False,0,SAFE,SAFE,SAFE,10,0,100,False,0,10,0,12,100,30.629868309190815,False,False,False,False,True,False
17.4,42.75,5045,2,12,0,22.0,30.0,43668.2,30.6,999.0,True,0.0,20.0,0,10,0,False,False,0,DRY,NORMAL,10,0,30.629868309190815,False,0,BRIGHT,CLEAR,10,30.629868309190815,False,False,0,SAFE,SAFE,SAFE,10,0,100,False,0,10,0,12,100,30.629868309190815,False,False,False,False,True,False
17.45,42.22,4982,2,12,0,22.0,30.0,43668.2,32.5,999.0,True,0.0,20.0,0,10,0,False,False,0,DRY,NORMAL,10,0,32.51198647034064,False,0,BRIGHT,CLEAR,10,32.51198647034064,False,False,0,SAFE,SAFE,SAFE,10,0,100,False,0,10,0,12,100,32.51198647034064,False,False,False,False,True,False
17.5,41.64,4914,2,12,0,22.0,30.0,43668.2,29.7,999.0,True,0.0,20.0,0,10,0,False,False,0,DRY,NORMAL,10,0,29.670231874631536,False,0,BRIGHT,CLEAR,10,29.670231874631536,False,False,0,SAFE,SAFE,SAFE,10,0,100,False,0,10,0,12,100,29.670231874631536,False,False,False,False,True,False
17.55,41.09,4849,2,12,0,22.0,30.0,43668.2,29.7,999.0,True,0.0,20.0,0,10,0,False,False,0,DRY,NORMAL,10,0,29.670231874631536,False,0,BRIGHT,CLEAR,10,29.670231874631536,False,False,0,SAFE,SAFE,SAFE,10,0,100,False,0,10,0,12,100,29.670231874631536,False,False,False,False,True,False
17.6,40.55,4785,2,12,0,22.0,30.0,43668.2,29.7,999.0,True,0.0,20.0,0,10,0,False,False,0,DRY,NORMAL,10,0,29.670231874631536,False,0,BRIGHT,CLEAR,10,29.670231874631536,False,False,0,SAFE,SAFE,SAFE,10,0,100,False,0,10,0,12,100,29.670231874631536,False,False,False,False,True,False
17.65,40.0,4720,2,12,0,22.0,30.0,43668.2,29.7,999.0,True,0.0,20.0,0,10,0,False,False,0,DRY,NORMAL,10,0,29.670231874631536,False,0,BRIGHT,CLEAR,10,29.670231874631536,False,False,0,SAFE,SAFE,SAFE,10,0,100,False,0,10,0,12,100,29.670231874631536,False,False,False,False,True,False
17.7,39.46,4657,2,12,0,22.0,30.0,43668.2,29.7,999.0,True,0.0,20.0,0,10,0,False,False,0,DRY,NORMAL,10,0,29.670231874631536,False,0,BRIGHT,CLEAR,10,29.670231874631536,False,False,0,SAFE,SAFE,SAFE,10,0,100,False,0,10,0,12,100,29.670231874631536,False,False,False,False,True,False
17.75,38.92,4593,2,12,0,22.0,30.0,43668.2,31.4,999.0,True,0.0,20.0,0,10,0,False,False,0,DRY,NORMAL,10,0,31.44115506203298,False,0,BRIGHT,CLEAR,10,31.44115506203298,False,False,0,SAFE,SAFE,SAFE,10,0,100,False,0,10,0,12,100,31.44115506203298,False,False,False,False,True,False
17.8,38.39,4530,2,12,0,22.0,30.0,43668.2,28.6,999.0,True,0.0,20.0,0,10,0,False,False,0,DRY,NORMAL,10,0,28.57551111633905,False,0,BRIGHT,CLEAR,10,28.57551111633905,False,False,0,SAFE,SAFE,SAFE,10,0,100,False,0,10,0,12,100,28.57551111633905,False,False,False,False,True,False
17.85,37.86,4467,2,12,0,22.0,30.0,43668.2,28.6,999.0,True,0.0,20.0,0,10,0,False,False,0,DRY,NORMAL,10,0,28.57551111633905,False,0,BRIGHT,CLEAR,10,28.57551111633905,False,False,0,SAFE,SAFE,SAFE,10,0,100,False,0,10,0,12,100,28.57551111633905,False,False,False,False,True,False
17.9,37.34,4406,2,12,0,22.0,30.0,43668.2,28.6,999.0,True,0.0,20.0,0,10,0,False,False,0,DRY,NORMAL,10,0,28.57551111633905,False,0,BRIGHT,CLEAR,10,28.57551111633905,False,False,0,SAFE,SAFE,SAFE,10,0,100,False,0,10,0,12,100,28.57551111633905,False,False,False,False,True,False
17.95,36.81,4344,2,12,0,22.0,30.0,43668.2,28.6,999.0,True,0.0,20.0,0,10,0,False,False,0,DRY,NORMAL,10,0,28.57551111633905,False,0,BRIGHT,CLEAR,10,28.57551111633905,False,False,0,SAFE,SAFE,SAFE,10,0,100,False,0,10,0,12,100,28.57551111633905,False,False,False,False,True,False
18.0,36.3,4283,2,12,0,22.0,30.0,44730.1,28.6,999.0,True,0.0,20.0,0,10,0,False,False,0,DRY,NORMAL,10,0,28.57551111633905,False,0,BRIGHT,CLEAR,10,28.57551111633905,False,False,0,SAFE,SAFE,SAFE,10,0,100,False,0,10,0,12,100,28.57551111633905,False,False,False,False,True,False
18.05,35.78,4223,2,12,0,22.0,30.0,44730.1,28.6,999.0,True,0.0,20.0,0,10,0,False,False,0,DRY,NORMAL,10,0,28.57551111633905,False,0,BRIGHT,CLEAR,10,28.57551111633905,False,False,0,SAFE,SAFE,SAFE,10,0,100,False,0,10,0,12,100,28.57551111633905,False,False,False,False,True,False
18.1,35.28,4163,2,12,0,22.0,30.0,44730.1,27.2,999.0,True,0.0,20.0,0,10,0,False,False,0,DRY,NORMAL,10,0,27.245680818000835,False,0,BRIGHT,CLEAR,10,27.245680818000835,False,False,0,SAFE,SAFE,SAFE,10,0,100,False,0,10,0,12,100,27.245680818000835,False,False,False,False,True,False
18.15,34.77,4103,2,12,0,22.0,30.0,44730.1,27.2,999.0,True,0.0,20.0,0,10,0,False,False,0,DRY,NORMAL,10,0,27.245680818000835,False,0,BRIGHT,CLEAR,10,27.245680818000835,False,False,0,SAFE,SAFE,SAFE,10,0,100,False,0,10,0,12,100,27.245680818000835,False,False,False,False,True,False
18.2,34.27,4044,2,12,0,22.0,30.0,44730.1,27.2,999.0,True,0.0,20.0,0,10,0,False,False,0,DRY,NORMAL,10,0,27.245680818000835,False,0,BRIGHT,CLEAR,10,27.245680818000835,False,False,0,SAFE,SAFE,SAFE,10,0,100,False,0,10,0,12,100,27.245680818000835,False,False,False,False,True,False
18.25,33.77,3985,2,12,0,22.0,30.0,44730.1,27.2,999.0,True,0.0,20.0,0,10,0,False,False,0,DRY,NORMAL,10,0,27.245680818000835,False,0,BRIGHT,CLEAR,10,27.245680818000835,False,False,0,SAFE,SAFE,SAFE,10,0,100,False,0,10,0,12,100,27.245680818000835,False,False,False,False,True,False
18.3,33.28,3927,2,12,0,22.0,30.0,44730.1,27.2,999.0,True,0.0,20.0,0,10,0,False,False,0,DRY,NORMAL,10,0,27.245680818000835,False,0,BRIGHT,CLEAR,10,27.245680818000835,False,False,0,SAFE,SAFE,SAFE,10,0,100,False,0,10,0,12,100,27.245680818000835,False,False,False,False,True,False
18.35,32.79,3869,2,12,0,22.0,30.0,44730.1,27.2,999.0,True,0.0,20.0,0,10,0,False,False,0,DRY,NORMAL,10,0,27.245680818000835,False,0,BRIGHT,CLEAR,10,27.245680818000835,False,False,0,SAFE,SAFE,SAFE,10,0,100,False,0,10,0,12,100,27.245680818000835,False,False,False,False,True,False
18.4,32.31,3812,2,12,0,22.0,30.0,44730.1,27.2,999.0,True,0.0,20.0,0,10,0,False,False,0,DRY,NORMAL,10,0,27.245680818000835,False,0,BRIGHT,CLEAR,10,27.245680818000835,False,False,0,SAFE,SAFE,SAFE,10,0,100,False,0,10,0,12,100,27.245680818000835,False,False,False,False,True,False
18.45,31.82,3755,2,12,0,22.0,30.0,44730.1,27.2,999.0,True,0.0,20.0,0,10,0,False,False,0,DRY,NORMAL,10,0,27.245680818000835,False,0,BRIGHT,CLEAR,10,27.245680818000835,False,False,0,SAFE,SAFE,SAFE,10,0,100,False,0,10,0,12,100,27.245680818000835,False,False,False,False,True,False
18.5,31.47,3714,2,12,0,22.0,30.0,44730.1,27.2,999.0,True,0.0,20.0,0,10,0,False,False,0,DRY,NORMAL,10,0,27.245680818000835,False,0,BRIGHT,CLEAR,10,27.245680818000835,False,False,0,SAFE,SAFE,SAFE,10,0,100,False,0,10,0,12,100,27.245680818000835,False,False,False,False,True,False
18.55,31.17,3678,2,12,0,22.0,30.0,44730.1,27.2,999.0,True,0.0,20.0,0,10,0,False,False,0,DRY,NORMAL,10,0,27.245680818000835,False,0,BRIGHT,CLEAR,10,27.245680818000835,False,False,0,SAFE,SAFE,SAFE,10,0,100,False,0,10,0,12,100,27.245680818000835,False,False,False,False,True,False
18.6,30.88,3644,2,12,0,22.0,30.0,44730.1,27.2,999.0,True,0.0,20.0,0,10,0,False,False,0,DRY,NORMAL,10,0,27.245680818000835,False,0,BRIGHT,CLEAR,10,27.245680818000835,False,False,0,SAFE,SAFE,SAFE,10,0,100,False,0,10,0,12,100,27.245680818000835,False,False,False,False,True,False
18.65,30.6,3610,2,12,0,22.0,30.0,44730.1,27.2,999.0,True,0.0,20.0,0,10,0,False,False,0,DRY,NORMAL,10,0,27.245680818000835,False,0,BRIGHT,CLEAR,10,27.245680818000835,False,False,0,SAFE,SAFE,SAFE,10,0,100,False,0,10,0,12,100,27.245680818000835,False,False,False,False,True,False
18.7,30.32,3577,2,12,0,22.0,30.0,44730.1,27.2,999.0,True,0.0,20.0,0,10,0,False,False,0,DRY,NORMAL,10,0,27.245680818000835,False,0,BRIGHT,CLEAR,10,27.245680818000835,False,False,0,SAFE,SAFE,SAFE,10,0,100,False,0,10,0,12,100,27.245680818000835,False,False,False,False,True,False
18.75,30.04,3545,2,12,0,22.0,30.0,44730.1,27.2,999.0,True,0.0,20.0,0,10,0,False,False,0,DRY,NORMAL,10,0,27.245680818000835,False,0,BRIGHT,CLEAR,10,27.245680818000835,False,False,0,SAFE,SAFE,SAFE,10,0,100,False,0,10,0,12,100,27.245680818000835,False,False,False,False,True,False
18.8,29.76,3512,2,12,0,22.0,30.0,44730.1,27.2,999.0,True,0.0,20.0,0,10,0,False,False,0,DRY,NORMAL,10,0,27.245680818000835,False,0,BRIGHT,CLEAR,10,27.245680818000835,False,False,0,SAFE,SAFE,SAFE,10,0,100,False,0,10,0,12,100,27.245680818000835,False,False,False,False,True,False
18.85,29.49,3480,2,12,0,22.0,30.0,44730.1,27.2,999.0,True,0.0,20.0,0,10,0,False,False,0,DRY,NORMAL,10,0,27.245680818000835,False,0,BRIGHT,CLEAR,10,27.245680818000835,False,False,0,SAFE,SAFE,SAFE,10,0,100,False,0,10,0,12,100,27.245680818000835,False,False,False,False,True,False
18.9,29.22,3448,2,12,0,22.0,30.0,44730.1,27.2,999.0,True,0.0,20.0,0,10,0,False,False,0,DRY,NORMAL,10,0,27.245680818000835,False,0,BRIGHT,CLEAR,10,27.245680818000835,False,False,0,SAFE,SAFE,SAFE,10,0,100,False,0,10,0,12,100,27.245680818000835,False,False,False,False,True,False
18.95,28.95,3417,2,12,0,22.0,30.0,44730.1,27.2,999.0,True,0.0,20.0,0,10,0,False,False,0,DRY,NORMAL,10,0,27.245680818000835,False,0,BRIGHT,CLEAR,10,27.245680818000835,False,False,0,SAFE,SAFE,SAFE,10,0,100,False,0,10,0,12,100,27.245680818000835,False,False,False,False,True,False
19.0,28.69,3385,2,12,0,22.0,30.0,44730.1,27.2,999.0,True,0.0,20.0,0,10,0,False,False,0,DRY,NORMAL,10,0,27.245680818000835,False,0,BRIGHT,CLEAR,10,27.245680818000835,False,False,0,SAFE,SAFE,SAFE,10,0,100,False,0,10,0,12,100,27.245680818000835,False,False,False,False,True,False
19.05,28.43,3354,2,12,0,22.0,30.0,44730.1,27.2,999.0,True,0.0,20.0,0,10,0,False,False,0,DRY,NORMAL,10,0,27.245680818000835,False,0,BRIGHT,CLEAR,10,27.245680818000835,False,False,0,SAFE,SAFE,SAFE,10,0,100,False,0,10,0,12,100,27.245680818000835,False,False,False,False,True,False
19.1,28.16,3323,2,12,0,22.0,30.0,44730.1,27.2,999.0,True,0.0,20.0,0,10,0,False,False,0,DRY,NORMAL,10,0,27.245677745703993,False,0,BRIGHT,CLEAR,10,27.245677745703993,False,False,0,SAFE,SAFE,SAFE,10,0,100,False,0,10,0,12,100,27.245677745703993,False,False,False,False,True,False
19.15,27.9,3293,2,12,0,22.0,30.0,44730.1,27.2,999.0,True,0.0,20.0,0,10,0,False,False,0,DRY,NORMAL,10,0,27.245677745703993,False,0,BRIGHT,CLEAR,10,27.245677745703993,False,False,0,SAFE,SAFE,SAFE,10,0,100,False,0,10,0,12,100,27.245677745703993,False,False,False,False,True,False
19.2,27.65,3262,2,12,0,22.0,30.0,44730.1,27.2,999.0,True,0.0,20.0,0,10,0,False,False,0,DRY,NORMAL,10,0,27.245677745703993,False,0,BRIGHT,CLEAR,10,27.245677745703993,False,False,0,SAFE,SAFE,SAFE,10,0,100,False,0,10,0,12,100,27.245677745703993,False,False,False,False,True,False
19.25,27.39,3232,2,12,0,22.0,30.0,44730.1,27.2,999.0,True,0.0,20.0,0,10,0,False,False,0,DRY,NORMAL,10,0,27.245677745703993,False,0,BRIGHT,CLEAR,10,27.245677745703993,False,False,0,SAFE,SAFE,SAFE,10,0,100,False,0,10,0,12,100,27.245677745703993,False,False,False,False,True,False
19.3,27.14,3202,2,12,0,22.0,30.0,44730.1,27.2,999.0,True,0.0,20.0,0,10,0,False,False,0,DRY,NORMAL,10,0,27.245677745703993,False,0,BRIGHT,CLEAR,10,27.245677745703993,False,False,0,SAFE,SAFE,SAFE,10,0,100,False,0,10,0,12,100,27.245677745703993,False,False,False,False,True,False
19.35,26.9,3174,2,12,0,22.0,30.0,44730.1,27.2,999.0,True,0.0,20.0,0,10,0,False,False,0,DRY,NORMAL,10,0,27.245677745703993,False,0,BRIGHT,CLEAR,10,27.245677745703993,False,False,0,SAFE,SAFE,SAFE,10,0,100,False,0,10,0,12,100,27.245677745703993,False,False,False,False,True,False
19.4,26.72,3153,2,12,0,22.0,30.0,44730.1,27.2,999.0,True,0.0,20.0,0,10,0,False,False,0,DRY,NORMAL,10,0,27.245677745703993,False,0,BRIGHT,CLEAR,10,27.245677745703993,False,False,0,SAFE,SAFE,SAFE,10,0,100,False,0,10,0,12,100,27.245677745703993,False,False,False,False,True,False
19.45,26.65,3145,2,12,0,22.0,30.0,44730.1,27.2,999.0,True,0.0,20.0,0,10,0,False,False,0,DRY,NORMAL,10,0,27.245677745703993,False,0,BRIGHT,CLEAR,10,27.245677745703993,False,False,0,SAFE,SAFE,SAFE,10,0,100,False,0,10,0,12,100,27.245677745703993,False,False,False,False,True,False
19.5,26.73,3155,2,12,0,22.0,30.0,45673.1,27.2,999.0,True,0.0,20.0,0,10,0,False,False,0,DRY,NORMAL,10,0,27.245677745703993,False,0,BRIGHT,CLEAR,10,27.245677745703993,False,False,0,SAFE,SAFE,SAFE,10,0,100,False,0,10,0,12,100,27.245677745703993,False,False,False,False,True,False
19.55,26.97,3182,2,12,0,22.0,30.0,45673.1,27.2,999.0,True,0.0,20.0,0,10,0,False,False,0,DRY,NORMAL,10,0,27.245677745703993,False,0,BRIGHT,CLEAR,10,27.245677745703993,False,False,0,SAFE,SAFE,SAFE,10,0,100,False,0,10,0,12,100,27.245677745703993,False,False,False,False,True,False
19.6,27.32,3224,2,12,0,22.0,30.0,45673.1,27.2,999.0,True,0.0,20.0,0,10,0,False,False,0,DRY,NORMAL,10,0,27.245677745703993,False,0,BRIGHT,CLEAR,10,27.245677745703993,False,False,0,SAFE,SAFE,SAFE,10,0,100,False,0,10,0,12,100,27.245677745703993,False,False,False,False,True,False
19.65,27.75,3274,2,12,0,22.0,30.0,45673.1,27.2,999.0,True,0.0,20.0,0,10,0,False,False,0,DRY,NORMAL,10,0,27.245677745703993,False,0,BRIGHT,CLEAR,10,27.245677745703993,False,False,0,SAFE,SAFE,SAFE,10,0,100,False,0,10,0,12,100,27.245677745703993,False,False,False,False,True,False
19.7,28.06,3311,2,12,0,22.0,30.0,45673.1,27.2,999.0,True,0.0,20.0,0,10,0,False,False,0,DRY,NORMAL,10,0,27.245677745703993,False,0,BRIGHT,CLEAR,10,27.245677745703993,False,False,0,SAFE,SAFE,SAFE,10,0,100,False,0,10,0,12,100,27.245677745703993,False,False,False,False,True,False
19.75,28.16,3323,2,12,0,22.0,30.0,45673.1,27.2,999.0,True,0.0,20.0,0,10,0,False,False,0,DRY,NORMAL,10,0,27.245677745703993,False,0,BRIGHT,CLEAR,10,27.245677745703993,False,False,0,SAFE,SAFE,SAFE,10,0,100,False,0,10,0,12,100,27.245677745703993,False,False,False,False,True,False
19.8,28.12,3319,2,12,0,22.0,30.0,45673.1,27.2,999.0,True,0.0,20.0,0,10,0,False,False,0,DRY,NORMAL,10,0,27.245677745703993,False,0,BRIGHT,CLEAR,10,27.245677745703993,False,False,0,SAFE,SAFE,SAFE,10,0,100,False,0,10,0,12,100,27.245677745703993,False,False,False,False,True,False
19.85,28.01,3305,2,12,0,22.0,30.0,45673.1,27.2,999.0,True,0.0,20.0,0,10,0,False,False,0,DRY,NORMAL,10,0,27.245670992366552,False,0,BRIGHT,CLEAR,10,27.245670992366552,False,False,0,SAFE,SAFE,SAFE,10,0,100,False,0,10,0,12,100,27.245670992366552,False,False,False,False,True,False
19.9,27.84,3285,2,12,0,22.0,30.0,45673.1,27.2,999.0,True,0.0,20.0,0,10,0,False,False,0,DRY,NORMAL,10,0,27.245670992366552,False,0,BRIGHT,CLEAR,10,27.245670992366552,False,False,0,SAFE,SAFE,SAFE,10,0,100,False,0,10,0,12,100,27.245670992366552,False,False,False,False,True,False
19.95,27.63,3261,2,12,0,22.0,30.0,45673.1,27.2,999.0,True,0.0,20.0,0,10,0,False,False,0,DRY,NORMAL,10,0,27.245670992366552,False,0,BRIGHT,CLEAR,10,27.245670992366552,False,False,0,SAFE,SAFE,SAFE,10,0,100,False,0,10,0,12,100,27.245670992366552,False,False,False,False,True,False
20.0,27.41,3235,2,12,0,22.0,30.0,45673.1,27.2,999.0,True,0.0,20.0,0,10,0,False,False,0,DRY,NORMAL,10,0,27.245670992366552,False,0,BRIGHT,CLEAR,10,27.245670992366552,False,False,0,SAFE,SAFE,SAFE,10,0,100,False,0,10,0,12,100,27.245670992366552,False,False,False,False,True,False
20.05,27.17,3206,2,12,0,22.0,30.0,45673.1,27.2,999.0,True,0.0,20.0,0,10,0,False,False,0,DRY,NORMAL,10,0,27.245670992366552,False,0,BRIGHT,CLEAR,10,27.245670992366552,False,False,0,SAFE,SAFE,SAFE,10,0,100,False,0,10,0,12,100,27.245670992366552,False,False,False,False,True,False
20.1,26.94,3179,2,12,0,22.0,30.0,45673.1,27.2,999.0,True,0.0,20.0,0,10,0,False,False,0,DRY,NORMAL,10,0,27.245670992366552,False,0,BRIGHT,CLEAR,10,27.245670992366552,False,False,0,SAFE,SAFE,SAFE,10,0,100,False,0,10,0,12,100,27.245670992366552,False,False,False,False,True,False
20.15,26.76,3158,2,12,0,22.0,30.0,45673.1,27.2,999.0,True,0.0,20.0,0,10,0,False,False,0,DRY,NORMAL,10,0,27.245670992366552,False,0,BRIGHT,CLEAR,10,27.245670992366552,False,False,0,SAFE,SAFE,SAFE,10,0,100,False,0,10,0,12,100,27.245670992366552,False,False,False,False,True,False
20.2,26.65,3144,2,12,0,22.0,30.0,45673.1,27.2,999.0,True,0.0,20.0,0,10,0,False,False,0,DRY,NORMAL,10,0,27.245670992366552,False,0,BRIGHT,CLEAR,10,27.245670992366552,False,False,0,SAFE,SAFE,SAFE,10,0,100,False,0,10,0,12,100,27.245670992366552,False,False,False,False,True,False
20.25,26.65,3145,2,12,0,22.0,30.0,45673.1,27.6,999.0,True,0.0,20.0,0,10,0,False,False,0,DRY,NORMAL,10,0,27.57255124087304,False,0,BRIGHT,CLEAR,10,27.57255124087304,False,False,0,SAFE,SAFE,SAFE,10,0,100,False,0,10,0,12,100,27.57255124087304,False,False,False,False,True,False
20.3,26.79,3162,2,12,0,22.0,30.0,45673.1,27.6,999.0,True,0.0,20.0,0,10,0,False,False,0,DRY,NORMAL,10,0,27.57255124087304,False,0,BRIGHT,CLEAR,10,27.57255124087304,False,False,0,SAFE,SAFE,SAFE,10,0,100,False,0,10,0,12,100,27.57255124087304,False,False,False,False,True,False
20.35,27.13,3201,2,12,0,22.0,30.0,45673.1,27.6,999.0,True,0.0,20.0,0,10,0,False,False,0,DRY,NORMAL,10,0,27.57255124087304,False,0,BRIGHT,CLEAR,10,27.57255124087304,False,False,0,SAFE,SAFE,SAFE,10,0,100,False,0,10,0,12,100,27.57255124087304,False,False,False,False,True,False
20.4,27.62,3259,2,12,0,22.0,30.0,45673.1,27.6,999.0,True,0.0,20.0,0,10,0,False,False,0,DRY,NORMAL,10,0,27.57255124087304,False,0,BRIGHT,CLEAR,10,27.57255124087304,False,False,0,SAFE,SAFE,SAFE,10,0,100,False,0,10,0,12,100,27.57255124087304,False,False,False,False,True,False
20.45,28.1,3316,2,12,0,22.0,30.0,45673.1,27.6,999.0,True,0.0,20.0,0,10,0,False,False,0,DRY,NORMAL,10,0,27.57255124087304,False,0,BRIGHT,CLEAR,10,27.57255124087304,False,False,0,SAFE,SAFE,SAFE,10,0,100,False,0,10,0,12,100,27.57255124087304,False,False,False,False,True,False
20.5,28.4,3351,2,12,0,22.0,30.0,45673.1,27.6,999.0,True,0.0,20.0,0,10,0,False,False,0,DRY,NORMAL,10,0,27.57255124087304,False,0,BRIGHT,CLEAR,10,27.57255124087304,False,False,0,SAFE,SAFE,SAFE,10,0,100,False,0,10,0,12,100,27.57255124087304,False,False,False,False,True,False
20.55,28.41,3352,2,12,0,22.0,30.0,45673.1,25.5,999.0,True,0.0,20.0,0,10,0,False,False,0,DRY,NORMAL,10,0,25.497617300231116,False,0,BRIGHT,CLEAR,10,25.497617300231116,False,False,0,SAFE,SAFE,SAFE,10,0,100,False,0,10,0,12,100,25.497617300231116,False,False,False,False,True,False
20.6,28.23,3331,2,12,0,22.0,30.0,45673.1,23.7,999.0,True,0.0,20.0,0,10,0,False,False,0,DRY,NORMAL,10,0,23.662847799815648,False,0,BRIGHT,CLEAR,10,23.662847799815648,False,False,0,SAFE,SAFE,SAFE,10,0,100,False,0,10,0,12,100,23.662847799815648,False,False,False,False,True,False
20.65,27.91,3294,2,12,0,22.0,30.0,45673.1,22.7,999.0,True,0.0,20.0,0,10,0,False,False,0,DRY,NORMAL,10,0,22.689572024693796,False,0,BRIGHT,CLEAR,10,22.689572024693796,False,False,0,SAFE,CAUTION,SAFE,8,0,70,False,0,8,0,12,70,22.689572024693796,False,False,False,False,True,False
20.7,27.69,3268,2,12,0,22.0,30.0,45673.1,22.4,999.0,True,0.0,20.0,0,10,0,False,False,0,DRY,NORMAL,10,0,22.395221939933414,False,0,BRIGHT,CLEAR,10,22.395221939933414,False,False,0,SAFE,SAFE,SAFE,10,0,100,False,0,10,0,12,100,22.395221939933414,False,False,False,False,True,False
20.75,27.16,3205,2,12,0,22.0,30.0,45673.1,22.3,999.0,True,0.0,20.0,0,10,0,False,False,0,DRY,NORMAL,10,0,22.307873779757646,False,0,BRIGHT,CLEAR,10,22.307873779757646,False,False,0,SAFE,CAUTION,SAFE,8,0,70,False,0,8,0,12,70,22.307873779757646,False,False,False,False,True,False
20.8,26.86,3170,2,12,0,22.0,30.0,45673.1,22.6,999.0,True,0.0,20.0,0,10,0,False,False,0,DRY,NORMAL,10,0,22.571444610938357,False,0,BRIGHT,CLEAR,10,22.571444610938357,False,False,0,SAFE,SAFE,SAFE,10,0,100,False,0,10,0,12,100,22.571444610938357,False,False,False,False,True,False
20.85,26.51,3128,2,12,0,22.0,30.0,45673.1,23.0,999.0,True,0.0,20.0,0,10,0,False,False,0,DRY,NORMAL,10,0,23.01537635297764,False,0,BRIGHT,CLEAR,10,23.01537635297764,False,False,0,SAFE,CAUTION,SAFE,8,0,70,False,0,8,0,12,70,23.01537635297764,False,False,False,False,True,False
20.9,26.26,3099,2,12,0,22.0,30.0,45673.1,22.2,999.0,True,0.0,20.0,0,10,0,False,False,0,DRY,NORMAL,10,0,22.207616583786933,False,0,BRIGHT,CLEAR,10,22.207616583786933,False,False,0,SAFE,SAFE,SAFE,10,0,100,False,0,10,0,12,100,22.207616583786933,False,False,False,False,True,False
20.95,25.86,3051,2,12,0,22.0,30.0,45673.1,19.8,999.0,True,0.0,20.0,0,10,0,False,False,0,DRY,NORMAL,10,0,19.843597493199145,False,0,BRIGHT,CLEAR,10,19.843597493199145,False,False,0,SAFE,CAUTION,SAFE,8,0,70,False,0,8,0,12,70,19.843597493199145,False,False,False,False,True,False
21.0,25.44,3002,2,12,0,22.0,30.0,46489.8,18.3,999.0,True,0.0,20.0,0,10,0,False,False,0,DRY,NORMAL,10,0,18.291954412684255,False,0,BRIGHT,CLEAR,10,18.291954412684255,False,False,0,SAFE,CAUTION,CAUTION,7,0,70,False,0,7,0,12,70,18.291954412684255,False,False,False,False,True,False
21.05,24.87,2935,1,12,0,22.0,30.0,46489.8,17.2,999.0,True,0.0,20.0,0,10,0,False,False,0,DRY,NORMAL,10,0,17.187359997233447,False,0,BRIGHT,CLEAR,10,17.187359997233447,False,False,0,SAFE,CAUTION,SAFE,8,0,70,False,0,8,0,12,70,17.187359997233447,True,False,False,False,True,False
21.1,23.65,7000,1,12,0,22.0,30.0,46489.8,16.4,999.0,True,0.0,20.0,0,10,0,False,False,0,DRY,NORMAL,10,0,16.427781426308442,False,0,BRIGHT,CLEAR,10,16.427781426308442,False,False,0,SAFE,CAUTION,CAUTION,7,0,70,False,0,7,0,12,70,16.427781426308442,False,False,False,False,True,False
21.15,22.62,7000,1,12,0,22.0,30.0,46489.8,15.9,999.0,True,0.0,20.0,0,10,0,False,False,0,DRY,NORMAL,10,0,15.948165100305932,False,0,BRIGHT,CLEAR,10,15.948165100305932,False,False,0,SAFE,CAUTION,CAUTION,7,0,70,False,0,7,0,12,70,15.948165100305932,False,False,False,False,True,False
21.2,21.7,7000,1,12,0,22.0,30.0,46489.8,15.7,999.0,True,0.0,20.0,0,10,0,False,False,0,DRY,NORMAL,10,0,15.693800961594452,False,0,BRIGHT,CLEAR,10,15.693800961594452,False,False,0,SAFE,CAUTION,SAFE,8,0,70,False,0,8,0,12,70,15.693800961594452,False,False,False,False,True,False
21.25,20.89,6788,1,12,0,22.0,30.0,46489.8,15.5,999.0,True,0.0,20.0,0,10,0,False,False,0,DRY,NORMAL,10,0,15.533093326369109,False,0,BRIGHT,CLEAR,10,15.533093326369109,False,False,0,SAFE,CAUTION,SAFE,8,0,70,False,0,8,0,12,70,15.533093326369109,False,False,False,False,True,False
21.3,20.17,6553,1,12,0,22.0,30.0,46489.8,15.5,999.0,True,0.0,20.0,0,10,0,False,False,0,DRY,NORMAL,10,0,15.500365656253216,False,0,BRIGHT,CLEAR,10,15.500365656253216,False,False,0,SAFE,CAUTION,SAFE,8,0,70,False,0,8,0,12,70,15.500365656253216,False,False,False,False,True,False
21.35,19.55,6353,1,12,0,22.0,30.0,46489.8,15.5,999.0,True,0.0,20.0,0,10,0,False,False,0,DRY,NORMAL,10,0,15.548116394509245,False,0,BRIGHT,CLEAR,10,15.548116394509245,False,False,0,SAFE,CAUTION,SAFE,8,0,70,False,0,8,0,12,70,15.548116394509245,False,False,False,False,True,False
21.4,19.03,6184,1,12,0,22.0,30.0,46489.8,15.8,999.0,True,0.0,20.0,0,10,0,False,False,0,DRY,NORMAL,10,0,15.783594087699523,False,0,BRIGHT,CLEAR,10,15.783594087699523,False,False,0,SAFE,CAUTION,SAFE,8,0,70,False,0,8,0,12,70,15.783594087699523,False,False,False,False,True,False
21.45,18.55,6025,1,12,0,22.0,30.0,46489.8,16.2,999.0,True,0.0,20.0,0,10,0,False,False,0,DRY,NORMAL,10,0,16.170961107396412,False,0,BRIGHT,CLEAR,10,16.170961107396412,False,False,0,SAFE,CAUTION,SAFE,8,0,70,False,0,8,0,12,70,16.170961107396412,False,False,False,False,True,False
21.5,18.15,5897,1,12,0,22.0,30.0,46489.8,16.7,999.0,True,0.0,20.0,0,10,0,False,False,0,DRY,NORMAL,10,0,16.659763341821865,False,0,BRIGHT,CLEAR,10,16.659763341821865,False,False,0,SAFE,CAUTION,SAFE,8,0,70,False,0,8,0,12,70,16.659763341821865,False,False,False,False,True,False
21.55,17.8,5781,1,12,0,22.0,30.0,46489.8,17.0,999.0,True,0.0,20.0,0,10,0,False,False,0,DRY,NORMAL,10,0,17.038387042565994,False,0,BRIGHT,CLEAR,10,17.038387042565994,False,False,0,SAFE,CAUTION,SAFE,8,0,70,False,0,8,0,12,70,17.038387042565994,False,False,False,False,True,False
21.6,17.43,5663,1,12,0,22.0,30.0,46489.8,16.7,999.0,True,0.0,20.0,0,10,0,False,False,0,DRY,NORMAL,10,0,16.705581043812675,False,0,BRIGHT,CLEAR,10,16.705581043812675,False,False,0,SAFE,CAUTION,SAFE,8,0,70,False,0,8,0,12,70,16.705581043812675,False,False,False,False,True,False
21.65,17.05,5538,1,12,0,22.0,30.0,46489.8,16.1,999.0,True,0.0,20.0,0,10,0,False,False,0,DRY,NORMAL,10,0,16.05353805770468,False,0,BRIGHT,CLEAR,10,16.05353805770468,False,False,0,SAFE,CAUTION,SAFE,8,0,70,False,0,8,0,12,70,16.05353805770468,False,False,False,False,True,False
21.7,16.66,5413,1,12,0,22.0,30.0,46489.8,15.6,999.0,True,0.0,20.0,0,10,0,False,False,0,DRY,NORMAL,10,0,15.56160593512016,False,0,BRIGHT,CLEAR,10,15.56160593512016,False,False,0,SAFE,CAUTION,SAFE,8,0,70,False,0,8,0,12,70,15.56160593512016,False,False,False,False,True,False
21.75,16.28,5290,1,12,0,22.0,30.0,46489.8,15.2,999.0,True,0.0,20.0,0,10,0,False,False,0,DRY,NORMAL,10,0,15.209720451181234,False,0,BRIGHT,CLEAR,10,15.209720451181234,False,False,0,SAFE,CAUTION,SAFE,8,0,70,False,0,8,0,12,70,15.209720451181234,False,False,False,False,True,False
21.8,15.92,5173,1,12,0,22.0,30.0,46489.8,15.0,999.0,True,0.0,20.0,0,10,0,False,False,0,DRY,NORMAL,10,0,14.971608798134593,False,0,BRIGHT,CLEAR,10,14.971608798134593,False,False,0,SAFE,CAUTION,SAFE,8,0,70,False,0,8,0,12,70,14.971608798134593,False,False,False,False,True,False
21.85,15.6,5067,1,12,0,22.0,30.0,46489.8,15.3,999.0,True,0.0,20.0,0,10,0,False,False,0,DRY,NORMAL,10,0,15.33564568289678,False,0,BRIGHT,CLEAR,10,15.33564568289678,False,False,0,SAFE,CAUTION,SAFE,8,0,70,False,0,8,0,12,70,15.33564568289678,False,False,False,False,True,False
21.9,15.29,4967,1,12,0,22.0,30.0,46489.8,15.5,999.0,True,0.0,20.0,0,10,0,False,False,0,DRY,NORMAL,10,0,15.453324135160189,False,0,BRIGHT,CLEAR,10,15.453324135160189,False,False,0,SAFE,CAUTION,SAFE,8,0,70,False,0,8,0,12,70,15.453324135160189,False,False,False,False,True,False
21.95,15.0,4873,1,12,0,22.0,30.0,46489.8,15.6,999.0,True,0.0,20.0,0,10,0,False,False,0,DRY,NORMAL,10,0,15.582447717152295,False,0,BRIGHT,CLEAR,10,15.582447717152295,False,False,0,SAFE,CAUTION,SAFE,8,0,70,False,0,8,0,12,70,15.582447717152295,False,False,False,False,True,False
22.0,14.8,4807,1,12,0,22.0,30.0,46489.8,15.7,999.0,True,0.0,20.0,0,10,0,False,False,0,DRY,NORMAL,10,0,15.704795012128743,False,0,BRIGHT,CLEAR,10,15.704795012128743,False,False,0,SAFE,SAFE,SAFE,10,0,100,False,0,10,0,12,100,15.704795012128743,False,False,False,False,True,False
22.05,14.69,4773,1,12,0,22.0,30.0,46489.8,15.9,999.0,True,0.0,20.0,0,10,0,False,False,0,DRY,NORMAL,10,0,15.852527621962489,False,0,BRIGHT,CLEAR,10,15.852527621962489,False,False,0,SAFE,SAFE,SAFE,10,0,100,False,0,10,0,12,100,15.852527621962489,False,False,False,False,True,False
22.1,14.84,4822,1,12,0,22.0,30.0,46489.8,16.1,999.0,True,0.0,20.0,0,10,0,False,False,0,DRY,NORMAL,10,0,16.068272276637227,False,0,BRIGHT,CLEAR,10,16.068272276637227,False,False,0,SAFE,SAFE,SAFE,10,0,100,False,0,10,0,12,100,16.068272276637227,False,False,False,False,True,False
22.15,15.19,4934,1,12,0,22.0,30.0,46489.8,16.4,999.0,True,0.0,20.0,0,10,0,False,False,0,DRY,NORMAL,10,0,16.421525218341305,False,0,BRIGHT,CLEAR,10,16.421525218341305,False,False,0,SAFE,CAUTION,SAFE,8,0,70,False,0,8,0,12,70,16.421525218341305,False,False,False,False,True,False
22.2,15.77,5124,1,12,0,22.0,30.0,46489.8,16.9,999.0,True,0.0,20.0,0,10,0,False,False,0,DRY,NORMAL,10,0,16.88456691107759,False,0,BRIGHT,CLEAR,10,16.88456691107759,False,False,0,SAFE,CAUTION,SAFE,8,0,70,False,0,8,0,12,70,16.88456691107759,False,False,False,False,True,False
22.25,16.33,5304,1,12,0,22.0,30.0,46489.8,17.4,999.0,True,0.0,20.0,0,10,0,False,False,0,DRY,NORMAL,10,0,17.37543248486911,False,0,BRIGHT,CLEAR,10,17.37543248486911,False,False,0,SAFE,CAUTION,SAFE,8,0,70,False,0,8,0,12,70,17.37543248486911,False,False,False,False,True,False
22.3,16.86,5477,1,12,0,22.0,30.0,46489.8,17.8,999.0,True,0.0,20.0,0,10,0,False,False,0,DRY,NORMAL,10,0,17.78944469251027,False,0,BRIGHT,CLEAR,10,17.78944469251027,False,False,0,SAFE,SAFE,SAFE,10,0,100,False,0,10,0,12,100,17.78944469251027,False,False,False,False,True,False
22.35,17.32,5626,1,12,0,22.0,30.0,46489.8,18.2,999.0,True,0.0,20.0,0,10,0,False,False,0,DRY,NORMAL,10,0,18.174473039399185,False,0,BRIGHT,CLEAR,10,18.174473039399185,False,False,0,SAFE,CAUTION,SAFE,8,0,70,False,0,8,0,12,70,18.174473039399185,False,False,False,False,True,False
22.4,17.94,5830,1,12,0,22.0,30.0,46489.8,18.6,999.0,True,0.0,20.0,0,10,0,False,False,0,DRY,NORMAL,10,0,18.639461175907737,False,0,BRIGHT,CLEAR,10,18.639461175907737,False,False,0,SAFE,CAUTION,SAFE,8,0,70,False,0,8,0,12,70,18.639461175907737,False,False,False,False,True,False
22.45,18.55,6026,1,12,0,22.0,30.0,46489.8,19.2,999.0,True,0.0,20.0,0,10,0,False,False,0,DRY,NORMAL,10,0,19.20651256547849,False,0,BRIGHT,CLEAR,10,19.20651256547849,False,False,0,SAFE,SAFE,SAFE,10,0,100,False,0,10,0,12,100,19.20651256547849,False,False,False,False,True,False
22.5,19.01,6175,1,12,0,22.0,30.0,47268.5,19.7,999.0,True,0.0,20.0,0,10,0,False,False,0,DRY,NORMAL,10,0,19.73649977288226,False,0,BRIGHT,CLEAR,10,19.73649977288226,False,False,0,SAFE,CAUTION,SAFE,8,0,70,False,0,8,0,12,70,19.73649977288226,False,False,False,False,True,False
22.55,19.16,6224,1,12,0,22.0,30.0,47268.5,20.4,999.0,True,0.0,20.0,0,10,0,False,False,0,DRY,NORMAL,10,0,20.361817339112676,False,0,BRIGHT,CLEAR,10,20.361817339112676,False,False,0,SAFE,SAFE,SAFE,10,0,100,False,0,10,0,12,100,20.361817339112676,False,False,False,False,True,False
22.6,19.21,6242,1,12,0,22.0,30.0,47268.5,21.1,999.0,True,0.0,20.0,0,10,0,False,False,0,DRY,NORMAL,10,0,21.070416872326742,False,0,BRIGHT,CLEAR,10,21.070416872326742,False,False,0,SAFE,SAFE,SAFE,10,0,100,False,0,10,0,12,100,21.070416872326742,False,False,False,False,True,False
22.65,19.95,6480,1,12,0,22.0,30.0,47268.5,24.4,999.0,True,0.0,20.0,0,10,0,False,False,0,DRY,NORMAL,10,0,24.376312868366814,False,0,BRIGHT,CLEAR,10,24.376312868366814,False,False,0,SAFE,SAFE,SAFE,10,0,100,False,0,10,0,12,100,24.376312868366814,False,False,False,False,True,False
22.7,20.33,6603,2,12,0,22.0,30.0,47268.5,25.5,999.0,True,0.0,20.0,0,10,0,False,False,0,DRY,NORMAL,10,0,25.507282656103136,False,0,BRIGHT,CLEAR,10,25.507282656103136,False,False,0,SAFE,SAFE,SAFE,10,0,100,False,0,10,0,12,100,25.507282656103136,False,False,False,False,True,False
22.75,22.09,2607,2,12,0,22.0,30.0,47268.5,26.7,999.0,True,0.0,20.0,0,10,0,False,False,0,DRY,NORMAL,10,0,26.709182986280116,False,0,BRIGHT,CLEAR,10,26.709182986280116,False,False,0,SAFE,SAFE,SAFE,10,0,100,False,0,10,0,12,100,26.709182986280116,False,False,False,False,True,False
22.8,23.34,2755,2,12,0,22.0,30.0,47268.5,28.6,999.0,True,0.0,20.0,0,10,0,False,False,0,DRY,NORMAL,10,0,28.645607957404696,False,0,BRIGHT,CLEAR,10,28.645607957404696,False,False,0,SAFE,SAFE,SAFE,10,0,100,False,0,10,0,12,100,28.645607957404696,False,False,False,False,True,False
22.85,24.53,2894,2,12,0,22.0,30.0,47268.5,30.5,999.0,True,0.0,20.0,0,10,0,False,False,0,DRY,NORMAL,10,0,30.53692094687647,False,0,BRIGHT,CLEAR,10,30.53692094687647,False,False,0,SAFE,SAFE,SAFE,10,0,100,False,0,10,0,12,100,30.53692094687647,False,False,False,False,True,False
22.9,25.31,2987,2,12,0,22.0,30.0,47268.5,32.6,999.0,True,0.0,20.0,0,10,0,False,False,0,DRY,NORMAL,10,0,32.576247595186736,False,0,BRIGHT,CLEAR,10,32.576247595186736,False,False,0,SAFE,SAFE,SAFE,10,0,100,False,0,10,0,12,100,32.576247595186736,False,False,False,False,True,False
22.95,26.41,3117,2,12,0,22.0,30.0,47268.5,34.6,999.0,True,0.0,20.0,0,10,0,False,False,0,DRY,NORMAL,10,0,34.618827532538916,False,0,BRIGHT,CLEAR,10,34.618827532538916,False,False,0,SAFE,SAFE,SAFE,10,0,100,False,0,10,0,12,100,34.618827532538916,False,False,False,False,True,False
23.0,27.16,3205,2,12,0,22.0,30.0,47268.5,37.0,999.0,True,0.0,20.0,0,10,0,False,False,0,DRY,NORMAL,10,0,36.95372730470235,False,0,BRIGHT,CLEAR,10,36.95372730470235,False,False,0,SAFE,SAFE,SAFE,10,0,100,False,0,10,0,12,100,36.95372730470235,False,False,False,False,True,False
23.05,28.16,3322,2,12,0,22.0,30.0,47268.5,39.3,999.0,True,0.0,20.0,0,10,0,False,False,0,DRY,NORMAL,10,0,39.31465673519129,False,0,BRIGHT,CLEAR,10,39.31465673519129,False,False,0,SAFE,SAFE,SAFE,10,0,100,False,0,10,0,12,100,39.31465673519129,False,False,False,False,True,False
23.1,28.84,3403,2,12,0,22.0,30.0,47268.5,42.1,999.0,True,0.0,20.0,0,10,0,False,False,0,DRY,NORMAL,10,0,42.09098203739266,False,0,BRIGHT,CLEAR,10,42.09098203739266,False,False,0,SAFE,SAFE,SAFE,10,0,100,False,0,10,0,12,100,42.09098203739266,False,False,False,False,True,False
23.15,29.81,3518,2,12,0,22.0,30.0,47268.5,44.9,999.0,True,0.0,20.0,0,10,0,False,False,0,DRY,NORMAL,10,0,44.937913836874486,False,0,BRIGHT,CLEAR,10,44.937913836874486,False,False,0,SAFE,SAFE,SAFE,10,0,100,False,0,10,0,12,100,44.937913836874486,False,False,False,False,True,False
23.2,30.51,3600,2,12,0,22.0,30.0,47268.5,48.3,999.0,True,0.0,20.0,0,10,0,False,False,0,DRY,NORMAL,10,0,48.25446410580026,False,0,BRIGHT,CLEAR,10,48.25446410580026,False,False,0,SAFE,SAFE,SAFE,10,0,100,False,0,10,0,12,100,48.25446410580026,False,False,False,False,True,False
23.25,31.47,3713,2,12,0,22.0,30.0,47268.5,50,999.0,True,0.0,20.0,0,10,0,False,False,0,DRY,NORMAL,10,0,50,False,0,BRIGHT,CLEAR,10,50,False,False,0,SAFE,SAFE,SAFE,10,0,100,False,0,10,0,12,100,50,False,False,False,False,True,False
23.3,32.18,3798,2,12,0,22.0,30.0,47268.5,50,999.0,True,0.0,20.0,0,10,0,False,False,0,DRY,NORMAL,10,0,50,False,0,BRIGHT,CLEAR,10,50,False,False,0,SAFE,SAFE,SAFE,10,0,100,False,0,10,0,12,100,50,False,False,False,False,True,False
23.35,33.15,3912,2,12,0,22.0,30.0,47268.5,50,999.0,True,0.0,20.0,0,10,0,False,False,0,DRY,NORMAL,10,0,50,False,0,BRIGHT,CLEAR,10,50,False,False,0,SAFE,SAFE,SAFE,10,0,100,False,0,10,0,12,100,50,False,False,False,False,True,False
23.4,33.9,4001,2,12,0,22.0,30.0,47268.5,50,999.0,True,0.0,20.0,0,10,0,False,False,0,DRY,NORMAL,10,0,50,False,0,BRIGHT,CLEAR,10,50,False,False,0,SAFE,SAFE,SAFE,10,0,100,False,0,10,0,12,100,50,False,False,False,False,True,False
23.45,34.89,4117,2,12,0,22.0,30.0,47268.5,50,999.0,True,0.0,20.0,0,10,0,False,False,0,DRY,NORMAL,10,0,50,False,0,BRIGHT,CLEAR,10,50,False,False,0,SAFE,SAFE,SAFE,10,0,100,False,0,10,0,12,100,50,False,False,False,False,True,False
23.5,35.67,4209,2,12,0,22.0,30.0,47268.5,50,999.0,True,0.0,20.0,0,10,0,False,False,0,DRY,NORMAL,10,0,50,False,0,BRIGHT,CLEAR,10,50,False,False,0,SAFE,SAFE,SAFE,10,0,100,False,0,10,0,12,100,50,False,False,False,False,True,False
23.55,36.67,4328,2,12,0,22.0,30.0,47268.5,50,999.0,True,0.0,20.0,0,10,0,False,False,0,DRY,NORMAL,10,0,50,False,0,BRIGHT,CLEAR,10,50,False,False,0,SAFE,SAFE,SAFE,10,0,100,False,0,10,0,12,100,50,False,False,False,False,True,False
23.6,37.5,4425,2,12,0,22.0,30.0,47268.5,50,999.0,True,0.0,20.0,0,10,0,False,False,0,DRY,NORMAL,10,0,50,False,0,BRIGHT,CLEAR,10,50,False,False,0,SAFE,SAFE,SAFE,10,0,100,False,0,10,0,12,100,50,False,False,False,False,True,False
23.65,38.53,4547,2,12,0,22.0,30.0,47268.5,50,999.0,True,0.0,20.0,0,10,0,False,False,0,DRY,NORMAL,10,0,50,False,0,BRIGHT,CLEAR,10,50,False,False,0,SAFE,SAFE,SAFE,10,0,100,False,0,10,0,12,100,50,False,False,False,False,True,False
23.7,39.38,4647,2,12,0,22.0,30.0,47268.5,50,999.0,True,0.0,20.0,0,10,0,False,False,0,DRY,NORMAL,10,0,50,False,0,BRIGHT,CLEAR,10,50,False,False,0,SAFE,SAFE,SAFE,10,0,100,False,0,10,0,12,100,50,False,False,False,False,True,False
23.75,40.4,4767,2,12,0,22.0,30.0,47268.5,50,999.0,True,0.0,20.0,0,10,0,False,False,0,DRY,NORMAL,10,0,50,False,0,BRIGHT,CLEAR,10,50,False,False,0,SAFE,SAFE,SAFE,10,0,100,False,0,10,0,12,100,50,False,False,False,False,True,False
23.8,41.28,4871,2,12,0,22.0,30.0,47268.5,50,999.0,True,0.0,20.0,0,10,0,False,False,0,DRY,NORMAL,10,0,50,False,0,BRIGHT,CLEAR,10,50,False,False,0,SAFE,SAFE,SAFE,10,0,100,False,0,10,0,12,100,50,False,False,False,False,True,False
23.85,42.28,4989,2,12,0,22.0,30.0,47268.5,50,999.0,True,0.0,20.0,0,10,0,False,False,0,DRY,NORMAL,10,0,50,False,0,BRIGHT,CLEAR,10,50,False,False,0,SAFE,SAFE,SAFE,10,0,100,False,0,10,0,12,100,50,False,False,False,False,True,False
23.9,43.19,5097,2,12,0,22.0,30.0,47268.5,50,999.0,True,0.0,20.0,0,10,0,False,False,0,DRY,NORMAL,10,0,50,False,0,BRIGHT,CLEAR,10,50,False,False,0,SAFE,SAFE,SAFE,10,0,100,False,0,10,0,12,100,50,False,False,False,False,True,False
23.95,44.16,5211,2,12,0,22.0,30.0,47268.5,50,999.0,True,0.0,20.0,0,10,0,False,False,0,DRY,NORMAL,10,0,50,False,0,BRIGHT,CLEAR,10,50,False,False,0,SAFE,SAFE,SAFE,10,0,100,False,0,10,0,12,100,50,False,False,False,False,True,False
24.0,45.1,5322,2,12,0,22.0,30.0,47817.6,50,999.0,True,0.0,20.0,0,10,0,False,False,0,DRY,NORMAL,10,0,50,False,0,BRIGHT,CLEAR,10,50,False,False,0,SAFE,SAFE,SAFE,10,0,100,False,0,10,0,12,100,50,False,False,False,False,True,False
24.05,46.06,5435,2,12,0,22.0,30.0,47817.6,50,999.0,True,0.0,20.0,0,10,0,False,False,0,DRY,NORMAL,10,0,50,False,0,BRIGHT,CLEAR,10,50,False,False,0,SAFE,SAFE,SAFE,10,0,100,False,0,10,0,12,100,50,False,False,False,False,True,False
24.1,47.02,5548,2,12,0,22.0,30.0,47817.6,50,999.0,True,0.0,20.0,0,10,0,False,False,0,DRY,NORMAL,10,0,50,False,0,BRIGHT,CLEAR,10,50,False,False,0,SAFE,SAFE,SAFE,10,0,100,False,0,10,0,12,100,50,False,False,False,False,True,False
24.15,47.98,5662,2,12,0,22.0,30.0,47817.6,50,999.0,True,0.0,20.0,0,10,0,False,False,0,DRY,NORMAL,10,0,50,False,0,BRIGHT,CLEAR,10,50,False,False,0,SAFE,SAFE,SAFE,10,0,100,False,0,10,0,12,100,50,False,False,False,False,True,False
24.2,48.94,5775,2,12,0,22.0,30.0,47817.6,50,999.0,True,0.0,20.0,0,10,0,False,False,0,DRY,NORMAL,10,0,50,False,0,BRIGHT,CLEAR,10,50,False,False,0,SAFE,SAFE,SAFE,10,0,100,False,0,10,0,12,100,50,False,False,False,False,True,False
24.25,49.91,5890,2,12,0,22.0,30.0,47817.6,50,999.0,True,0.0,20.0,0,10,0,False,False,0,DRY,NORMAL,10,0,50,False,0,BRIGHT,CLEAR,10,50,False,False,0,SAFE,SAFE,SAFE,10,0,100,False,0,10,0,12,100,50,False,False,False,False,True,False
24.3,50.88,6004,2,12,0,22.0,30.0,47817.6,50,999.0,True,0.0,20.0,0,10,0,False,False,0,DRY,NORMAL,10,0,50,False,0,BRIGHT,CLEAR,10,50,False,False,0,SAFE,SAFE,SAFE,10,0,100,False,0,10,0,12,100,50,False,False,False,False,True,False
24.35,51.8,6112,2,12,0,22.0,30.0,47817.6,50,999.0,True,0.0,20.0,0,10,0,False,False,0,DRY,NORMAL,10,0,50,False,0,BRIGHT,CLEAR,10,50,False,False,0,SAFE,SAFE,SAFE,10,0,100,False,0,10,0,12,100,50,False,False,False,False,True,False
24.4,52.41,6185,2,12,0,22.0,30.0,47817.6,50,999.0,True,0.0,20.0,0,10,0,False,False,0,DRY,NORMAL,10,0,50,False,0,BRIGHT,CLEAR,10,50,False,False,0,SAFE,SAFE,SAFE,10,0,100,False,0,10,0,12,100,50,False,False,False,False,True,False
24.45,52.61,6208,2,12,0,22.0,30.0,47817.6,50,999.0,True,0.0,20.0,0,10,0,False,False,0,DRY,NORMAL,10,0,50,False,0,BRIGHT,CLEAR,10,50,False,False,0,SAFE,SAFE,SAFE,10,0,100,False,0,10,0,12,100,50,False,False,False,False,True,False
24.5,52.54,6200,2,12,0,22.0,30.0,47817.6,50,999.0,True,0.0,20.0,0,10,0,False,False,0,DRY,NORMAL,10,0,50,False,0,BRIGHT,CLEAR,10,50,False,False,0,SAFE,SAFE,SAFE,10,0,100,False,0,10,0,12,100,50,False,False,False,False,True,False
24.55,52.31,6173,2,12,0,22.0,30.0,47817.6,50,999.0,True,0.0,20.0,0,10,0,False,False,0,DRY,NORMAL,10,0,50,False,0,BRIGHT,CLEAR,10,50,False,False,0,SAFE,SAFE,SAFE,10,0,100,False,0,10,0,12,100,50,False,False,False,False,True,False
24.6,51.99,6135,2,12,0,22.0,30.0,47817.6,50,999.0,True,0.0,20.0,0,10,0,False,False,0,DRY,NORMAL,10,0,50,False,0,BRIGHT,CLEAR,10,50,False,False,0,SAFE,SAFE,SAFE,10,0,100,False,0,10,0,12,100,50,False,False,False,False,True,False
24.65,51.62,6092,2,12,0,22.0,30.0,47817.6,50,999.0,True,0.0,20.0,0,10,0,False,False,0,DRY,NORMAL,10,0,50,False,0,BRIGHT,CLEAR,10,50,False,False,0,SAFE,SAFE,SAFE,10,0,100,False,0,10,0,12,100,50,False,False,False,False,True,False
24.7,51.22,6044,2,12,0,22.0,30.0,47817.6,50,999.0,True,0.0,20.0,0,10,0,False,False,0,DRY,NORMAL,10,0,50,False,0,BRIGHT,CLEAR,10,50,False,False,0,SAFE,SAFE,SAFE,10,0,100,False,0,10,0,12,100,50,False,False,False,False,True,False
24.75,51.25,6048,2,12,0,22.0,30.0,47817.6,50,999.0,True,0.0,20.0,0,10,0,False,False,2,DRY,EXTREME,5,2,25,False,0,BRIGHT,CLEAR,10,50,False,False,0,SAFE,SAFE,SAFE,10,0,100,False,2,5,2,12,100,25,False,False,False,False,True,False
24.8,51.13,6033,2,12,0,22.0,30.0,47817.6,50,999.0,True,0.0,20.0,0,10,0,False,False,1,DRY,SEVERE,7,2,30,False,0,BRIGHT,CLEAR,10,50,False,False,1,DANGER,SAFE,SAFE,0,0,50,False,1,0,2,12,50,30,False,False,False,False,True,False
24.85,52.64,6212,2,12,0,22.0,30.0,47817.6,50,999.0,True,0.0,20.0,0,10,0,False,False,2,DRY,EXTREME,5,2,25,False,0,BRIGHT,CLEAR,10,50,False,False,0,SAFE,SAFE,CAUTION,7,0,80,False,2,5,2,12,80,25,False,False,False,False,True,False
24.9,52.19,6159,2,12,0,22.0,30.0,47817.6,50,999.0,True,0.0,20.0,0,10,0,False,False,2,DRY,EXTREME,5,2,25,False,0,BRIGHT,CLEAR,10,50,False,False,0,SAFE,SAFE,SAFE,10,0,100,False,2,5,2,12,100,25,False,False,False,False,True,False
24.95,51.79,6112,2,12,0,22.0,30.0,47817.6,50,999.0,True,0.0,20.0,0,10,0,False,False,2,DRY,EXTREME,5,2,25,False,0,BRIGHT,CLEAR,10,50,False,False,0,SAFE,SAFE,SAFE,10,0,100,False,2,5,2,12,100,25,False,False,False,False,True,False
25.0,51.45,6072,2,12,0,22.0,30.0,47817.6,50,999.0,True,0.0,20.0,0,10,0,False,False,2,DRY,EXTREME,5,2,25,False,0,BRIGHT,CLEAR,10,50,False,False,0,SAFE,SAFE,SAFE,10,0,100,False,2,5,2,12,100,25,False,False,False,False,True,False
25.05,51.17,6038,2,12,0,22.0,30.0,47817.6,50,999.0,True,0.0,20.0,0,10,0,False,False,2,DRY,EXTREME,5,2,25,False,0,BRIGHT,CLEAR,10,50,False,False,0,SAFE,SAFE,SAFE,10,0,100,False,2,5,2,12,100,25,False,False,False,False,True,False
25.1,50.94,6012,2,12,0,22.0,30.0,47817.6,50,999.0,True,0.0,20.0,0,10,0,False,False,2,DRY,EXTREME,5,2,25,False,0,BRIGHT,CLEAR,10,50,False,False,0,SAFE,SAFE,SAFE,10,0,100,False,2,5,2,12,100,25,False,False,False,False,True,False
25.15,50.78,5993,2,12,0,22.0,30.0,47817.6,50,999.0,True,0.0,20.0,0,10,0,False,False,2,DRY,EXTREME,5,2,25,False,0,BRIGHT,CLEAR,10,50,False,False,0,SAFE,SAFE,SAFE,10,0,100,False,2,5,2,12,100,25,False,False,False,False,True,False
25.2,50.68,5981,2,12,0,22.0,30.0,47817.6,50,999.0,True,0.0,20.0,0,10,0,False,False,2,DRY,EXTREME,5,2,25,False,0,BRIGHT,CLEAR,10,50,False,False,0,SAFE,SAFE,SAFE,10,0,100,False,2,5,2,12,100,25,False,False,False,False,True,False
25.25,50.64,5976,2,12,0,22.0,30.0,47817.6,50,999.0,True,0.0,20.0,0,10,0,False,False,2,DRY,EXTREME,5,2,25,False,0,BRIGHT,CLEAR,10,50,False,False,0,SAFE,SAFE,SAFE,10,0,100,False,2,5,2,12,100,25,False,False,False,False,True,False
25.3,50.66,5979,2,12,0,22.0,30.0,47817.6,50,999.0,True,0.0,20.0,0,10,0,False,False,2,DRY,EXTREME,5,2,25,False,0,BRIGHT,CLEAR,10,50,False,False,0,SAFE,SAFE,SAFE,10,0,100,False,2,5,2,12,100,25,False,False,False,False,True,False
25.35,50.75,5989,2,12,0,22.0,30.0,47817.6,50,999.0,True,0.0,20.0,0,10,0,False,False,2,DRY,EXTREME,5,2,25,False,0,BRIGHT,CLEAR,10,50,False,False,0,SAFE,SAFE,SAFE,10,0,100,False,2,5,2,12,100,25,False,False,False,False,True,False
25.4,50.89,6006,2,12,0,22.0,30.0,47817.6,50,999.0,True,0.0,20.0,0,10,0,False,False,2,DRY,EXTREME,5,2,25,False,0,BRIGHT,CLEAR,10,50,False,False,0,SAFE,SAFE,SAFE,10,0,100,False,2,5,2,12,100,25,False,False,False,False,True,False
25.45,51.1,6030,2,12,0,22.0,30.0,47817.6,50,999.0,True,0.0,20.0,0,10,0,False,False,2,DRY,EXTREME,5,2,25,False,0,BRIGHT,CLEAR,10,50,False,False,0,SAFE,SAFE,SAFE,10,0,100,False,2,5,2,12,100,25,False,False,False,False,True,False
25.5,51.36,6061,2,12,0,22.0,30.0,48215.4,50,999.0,True,0.0,20.0,0,10,0,False,False,2,DRY,EXTREME,5,2,25,False,0,BRIGHT,CLEAR,10,50,False,False,0,SAFE,SAFE,SAFE,10,0,100,False,2,5,2,12,100,25,False,False,False,False,True,False
25.55,51.69,6100,2,12,0,22.0,30.0,48215.4,50,999.0,True,0.0,20.0,0,10,0,False,False,2,DRY,EXTREME,5,2,25,False,0,BRIGHT,CLEAR,10,50,False,False,0,SAFE,SAFE,SAFE,10,0,100,False,2,5,2,12,100,25,False,False,False,False,True,False
25.6,51.29,6053,2,12,0,22.0,30.0,48215.4,50,999.0,True,0.0,20.0,0,10,0,False,False,2,DRY,EXTREME,5,2,25,False,0,BRIGHT,CLEAR,10,50,False,False,0,SAFE,SAFE,SAFE,10,0,100,False,2,5,2,12,100,25,False,False,False,False,True,False
25.65,48.9,5770,2,12,0,22.0,30.0,48215.4,50,999.0,True,0.0,20.0,0,10,0,False,False,2,DRY,EXTREME,5,2,25,False,0,BRIGHT,CLEAR,10,50,False,False,1,DANGER,CAUTION,CAUTION,0,0,50,False,2,0,2,12,50,25,False,False,False,False,True,False
25.7,48.19,5687,2,12,0,22.0,30.0,48215.4,50,999.0,True,0.0,20.0,0,10,0,False,False,1,DRY,SEVERE,7,2,30,False,0,BRIGHT,CLEAR,10,50,False,False,1,DANGER,CAUTION,CAUTION,0,0,50,False,1,0,2,12,50,30,False,False,False,False,True,False
25.75,45.31,5347,2,12,0,22.0,30.0,48215.4,50,999.0,True,0.0,20.0,0,10,0,False,False,0,DRY,NORMAL,10,0,50,False,0,BRIGHT,CLEAR,10,50,False,False,1,DANGER,CAUTION,SAFE,0,0,50,False,1,0,0,12,50,50,False,False,False,False,True,False
25.8,38.04,4489,2,12,0,22.0,30.0,48215.4,50,999.0,True,0.0,20.0,0,10,0,False,False,2,DRY,EXTREME,5,2,25,False,0,BRIGHT,CLEAR,10,50,False,False,2,SAFE,CAUTION,DANGER,0,1,60,False,2,0,1,12,60,25,False,False,False,False,True,False
25.85,29.18,3444,2,12,0,22.0,30.0,48215.4,50,999.0,True,0.0,20.0,0,10,0,False,False,0,DRY,NORMAL,10,0,50,False,0,BRIGHT,CLEAR,10,50,False,False,0,SAFE,SAFE,SAFE,10,0,100,False,0,10,0,12,100,50,False,False,False,False,True,False
25.9,24.61,2904,1,12,0,22.0,30.0,48215.4,42.3,999.0,True,0.0,20.0,0,10,0,False,False,0,DRY,NORMAL,10,0,42.30802227090006,False,0,BRIGHT,CLEAR,10,42.30802227090006,False,False,2,SAFE,SAFE,DANGER,0,1,60,True,2,0,1,12,60,42.30802227090006,True,False,False,False,True,False
25.95,24.69,7000,1,12,0,22.0,30.0,48215.4,38.3,999.0,True,0.0,20.0,0,10,0,False,False,0,DRY,NORMAL,10,0,38.33485125184637,False,0,BRIGHT,CLEAR,10,38.33485125184637,False,False,0,SAFE,SAFE,CAUTION,7,0,80,False,0,7,0,12,80,38.33485125184637,False,False,False,False,True,False
26.0,23.6,7000,1,12,0,22.0,30.0,48215.4,38.1,999.0,True,0.0,20.0,0,10,0,False,False,0,DRY,NORMAL,10,0,38.149569283118495,False,0,BRIGHT,CLEAR,10,38.149569283118495,False,False,0,SAFE,SAFE,SAFE,10,0,100,False,0,10,0,12,100,38.149569283118495,False,False,False,False,True,False
26.05,23.57,7000,1,12,0,22.0,30.0,48215.4,38.1,999.0,True,0.0,20.0,0,10,0,False,False,0,DRY,NORMAL,10,0,38.07481786861776,False,0,BRIGHT,CLEAR,10,38.07481786861776,False,False,0,SAFE,SAFE,SAFE,10,0,100,False,0,10,0,12,100,38.07481786861776,False,False,False,False,True,False
26.1,22.88,7000,1,12,0,22.0,30.0,48215.4,38.9,999.0,True,0.0,20.0,0,10,0,False,False,0,DRY,NORMAL,10,0,38.91132254506551,False,0,BRIGHT,CLEAR,10,38.91132254506551,False,False,0,SAFE,SAFE,SAFE,10,0,100,False,0,10,0,12,100,38.91132254506551,False,False,False,False,True,False
26.15,23.32,7000,1,12,0,22.0,30.0,48215.4,39.5,999.0,True,0.0,20.0,0,10,0,False,False,0,DRY,NORMAL,10,0,39.513531659020714,False,0,BRIGHT,CLEAR,10,39.513531659020714,False,False,0,SAFE,SAFE,SAFE,10,0,100,False,0,10,0,12,100,39.513531659020714,False,False,False,False,True,False
26.2,23.27,7000,1,12,0,22.0,30.0,48215.4,41.0,999.0,True,0.0,20.0,0,10,0,False,False,0,DRY,NORMAL,10,0,41.0039437180582,False,0,BRIGHT,CLEAR,10,41.0039437180582,False,False,0,SAFE,SAFE,SAFE,10,0,100,False,0,10,0,12,100,41.0039437180582,False,False,False,False,True,False
26.25,24.28,7000,1,12,0,22.0,30.0,48215.4,42.3,999.0,True,0.0,20.0,0,10,0,False,False,0,DRY,NORMAL,10,0,42.30256852419981,False,0,BRIGHT,CLEAR,10,42.30256852419981,False,False,0,SAFE,SAFE,SAFE,10,0,100,False,0,10,0,12,100,42.30256852419981,False,False,False,False,True,False
26.3,24.84,7000,1,12,0,22.0,30.0,48215.4,44.6,999.0,True,0.0,20.0,0,10,0,False,False,0,DRY,NORMAL,10,0,44.60741110484222,False,0,BRIGHT,CLEAR,10,44.60741110484222,False,False,0,SAFE,SAFE,SAFE,10,0,100,False,0,10,0,12,100,44.60741110484222,False,False,False,False,True,False
26.35,25.98,7000,1,12,0,22.0,30.0,48215.4,46.9,999.0,True,0.0,20.0,0,10,0,False,False,0,DRY,NORMAL,10,0,46.86258863912991,False,0,BRIGHT,CLEAR,10,46.86258863912991,False,False,0,SAFE,SAFE,SAFE,10,0,100,False,0,10,0,12,100,46.86258863912991,False,False,False,False,True,False
26.4,26.99,7000,2,12,0,22.0,30.0,48215.4,49.9,999.0,True,0.0,20.0,0,10,0,False,False,0,DRY,NORMAL,10,0,49.94103099345637,False,0,BRIGHT,CLEAR,10,49.94103099345637,False,False,0,SAFE,SAFE,SAFE,10,0,100,False,0,10,0,12,100,49.94103099345637,False,False,False,False,True,False
26.45,28.92,3413,2,12,0,22.0,30.0,48215.4,50,999.0,True,0.0,20.0,0,10,0,False,False,0,DRY,NORMAL,10,0,50,False,0,BRIGHT,CLEAR,10,50,False,False,0,SAFE,SAFE,SAFE,10,0,100,False,0,10,0,12,100,50,False,False,False,False,True,False
26.5,30.24,3569,2,12,0,22.0,30.0,48215.4,50,999.0,True,0.0,20.0,0,10,0,False,False,0,DRY,NORMAL,10,0,50,False,0,BRIGHT,CLEAR,10,50,False,False,0,SAFE,SAFE,SAFE,10,0,100,False,0,10,0,12,100,50,False,False,False,False,True,False
26.55,31.62,3731,2,12,0,22.0,30.0,48215.4,50,999.0,True,0.0,20.0,0,10,0,False,False,0,DRY,NORMAL,10,0,50,False,0,BRIGHT,CLEAR,10,50,False,False,0,SAFE,SAFE,SAFE,10,0,100,False,0,10,0,12,100,50,False,False,False,False,True,False
26.6,32.63,3851,2,12,0,22.0,30.0,48215.4,50,999.0,True,0.0,20.0,0,10,0,False,False,0,DRY,NORMAL,10,0,50,False,0,BRIGHT,CLEAR,10,50,False,False,0,SAFE,SAFE,SAFE,10,0,100,False,0,10,0,12,100,50,False,False,False,False,True,False
26.65,33.83,3992,2,12,0,22.0,30.0,48215.4,50,999.0,True,0.0,20.0,0,10,0,False,False,0,DRY,NORMAL,10,0,50,False,0,BRIGHT,CLEAR,10,50,False,False,0,SAFE,SAFE,SAFE,10,0,100,False,0,10,0,12,100,50,False,False,False,False,True,False
26.7,34.74,4100,2,12,0,22.0,30.0,48215.4,50,999.0,True,0.0,20.0,0,10,0,False,False,0,DRY,NORMAL,10,0,50,False,0,BRIGHT,CLEAR,10,50,False,False,0,SAFE,SAFE,SAFE,10,0,100,False,0,10,0,12,100,50,False,False,False,False,True,False
26.75,35.85,4231,2,12,0,22.0,30.0,48215.4,50,999.0,True,0.0,20.0,0,10,0,False,False,0,DRY,NORMAL,10,0,50,False,0,BRIGHT,CLEAR,10,50,False,False,0,SAFE,SAFE,SAFE,10,0,100,False,0,10,0,12,100,50,False,False,False,False,True,False
26.8,36.74,4335,2,12,0,22.0,30.0,48215.4,50,999.0,True,0.0,20.0,0,10,0,False,False,0,DRY,NORMAL,10,0,50,False,0,BRIGHT,CLEAR,10,50,False,False,0,SAFE,SAFE,SAFE,10,0,100,False,0,10,0,12,100,50,False,False,False,False,True,False
26.85,37.82,4463,2,12,0,22.0,30.0,48215.4,50,999.0,True,0.0,20.0,0,10,0,False,False,0,DRY,NORMAL,10,0,50,False,0,BRIGHT,CLEAR,10,50,False,False,0,SAFE,SAFE,SAFE,10,0,100,False,0,10,0,12,100,50,False,False,False,False,True,False
26.9,38.69,4566,2,12,0,22.0,30.0,48215.4,50,999.0,True,0.0,20.0,0,10,0,False,False,0,DRY,NORMAL,10,0,50,False,0,BRIGHT,CLEAR,10,50,False,False,0,SAFE,SAFE,SAFE,10,0,100,False,0,10,0,12,100,50,False,False,False,False,True,False
26.95,39.74,4689,2,12,0,22.0,30.0,48215.4,50,999.0,True,0.0,20.0,0,10,0,False,False,0,DRY,NORMAL,10,0,50,False,0,BRIGHT,CLEAR,10,50,False,False,0,SAFE,SAFE,SAFE,10,0,100,False,0,10,0,12,100,50,False,False,False,False,True,False
27.0,40.62,4793,2,12,0,22.0,30.0,48482.8,50,999.0,True,0.0,20.0,0,10,0,False,False,0,DRY,NORMAL,10,0,50,False,0,BRIGHT,CLEAR,10,50,False,False,0,SAFE,SAFE,SAFE,10,0,100,False,0,10,0,12,100,50,False,False,False,False,True,False
27.05,41.63,4913,2,12,0,22.0,30.0,48482.8,50,999.0,True,0.0,20.0,0,10,0,False,False,0,DRY,NORMAL,10,0,50,False,0,BRIGHT,CLEAR,10,50,False,False,0,SAFE,SAFE,SAFE,10,0,100,False,0,10,0,12,100,50,False,False,False,False,True,False
27.1,42.54,5020,2,12,0,22.0,30.0,48482.8,50,999.0,True,0.0,20.0,0,10,0,False,False,0,DRY,NORMAL,10,0,50,False,0,BRIGHT,CLEAR,10,50,False,False,0,SAFE,SAFE,SAFE,10,0,100,False,0,10,0,12,100,50,False,False,False,False,True,False
27.15,43.53,5136,2,12,0,22.0,30.0,48482.8,50,999.0,True,0.0,20.0,0,10,0,False,False,0,DRY,NORMAL,10,0,50,False,0,BRIGHT,CLEAR,10,50,False,False,0,SAFE,SAFE,SAFE,10,0,100,False,0,10,0,12,100,50,False,False,False,False,True,False
27.2,44.46,5247,2,12,0,22.0,30.0,48482.8,50,999.0,True,0.0,20.0,0,10,0,False,False,0,DRY,NORMAL,10,0,50,False,0,BRIGHT,CLEAR,10,50,False,False,0,SAFE,SAFE,SAFE,10,0,100,False,0,10,0,12,100,50,False,False,False,False,True,False
27.25,45.42,5360,2,12,0,22.0,30.0,48482.8,50,999.0,True,0.0,20.0,0,10,0,False,False,0,DRY,NORMAL,10,0,50,False,0,BRIGHT,CLEAR,10,50,False,False,0,SAFE,SAFE,SAFE,10,0,100,False,0,10,0,12,100,50,False,False,False,False,True,False
27.3,46.38,5473,2,12,0,22.0,30.0,48482.8,50,999.0,True,0.0,20.0,0,10,0,False,False,0,DRY,NORMAL,10,0,50,False,0,BRIGHT,CLEAR,10,50,False,False,0,SAFE,SAFE,SAFE,10,0,100,False,0,10,0,12,100,50,False,False,False,False,True,False
27.35,47.34,5586,2,12,0,22.0,30.0,48482.8,50,999.0,True,0.0,20.0,0,10,0,False,False,0,DRY,NORMAL,10,0,50,False,0,BRIGHT,CLEAR,10,50,False,False,0,SAFE,SAFE,SAFE,10,0,100,False,0,10,0,12,100,50,False,False,False,False,True,False
27.4,48.3,5699,2,12,0,22.0,30.0,48482.8,50,999.0,True,0.0,20.0,0,10,0,False,False,0,DRY,NORMAL,10,0,50,False,0,BRIGHT,CLEAR,10,50,False,False,0,SAFE,SAFE,SAFE,10,0,100,False,0,10,0,12,100,50,False,False,False,False,True,False
27.45,49.26,5813,2,12,0,22.0,30.0,48482.8,50,999.0,True,0.0,20.0,0,10,0,False,False,0,DRY,NORMAL,10,0,50,False,0,BRIGHT,CLEAR,10,50,False,False,0,SAFE,SAFE,SAFE,10,0,100,False,0,10,0,12,100,50,False,False,False,False,True,False
27.5,50.23,5928,2,12,0,22.0,30.0,48482.8,50,999.0,True,0.0,20.0,0,10,0,False,False,0,DRY,NORMAL,10,0,50,False,0,BRIGHT,CLEAR,10,50,False,False,0,SAFE,SAFE,SAFE,10,0,100,False,0,10,0,12,100,50,False,False,False,False,True,False
27.55,51.15,6036,2,12,0,22.0,30.0,48482.8,50,999.0,True,0.0,20.0,0,10,0,False,False,0,DRY,NORMAL,10,0,50,False,0,BRIGHT,CLEAR,10,50,False,False,0,SAFE,SAFE,SAFE,10,0,100,False,0,10,0,12,100,50,False,False,False,False,True,False
27.6,51.76,6108,2,12,0,22.0,30.0,48482.8,50,999.0,True,0.0,20.0,0,10,0,False,False,0,DRY,NORMAL,10,0,50,False,0,BRIGHT,CLEAR,10,50,False,False,0,SAFE,SAFE,SAFE,10,0,100,False,0,10,0,12,100,50,False,False,False,False,True,False
27.65,51.96,6132,2,12,0,22.0,30.0,48482.8,50,999.0,True,0.0,20.0,0,10,0,False,False,0,DRY,NORMAL,10,0,50,False,0,BRIGHT,CLEAR,10,50,False,False,0,SAFE,SAFE,SAFE,10,0,100,False,0,10,0,12,100,50,False,False,False,False,True,False
27.7,51.89,6124,2,12,0,22.0,30.0,48482.8,50,999.0,True,0.0,20.0,0,10,0,False,False,0,DRY,NORMAL,10,0,50,False,0,BRIGHT,CLEAR,10,50,False,False,0,SAFE,SAFE,SAFE,10,0,100,False,0,10,0,12,100,50,False,False,False,False,True,False
27.75,51.67,6097,2,12,0,22.0,30.0,48482.8,50,999.0,True,0.0,20.0,0,10,0,False,False,0,DRY,NORMAL,10,0,50,False,0,BRIGHT,CLEAR,10,50,False,False,0,SAFE,SAFE,SAFE,10,0,100,False,0,10,0,12,100,50,False,False,False,False,True,False
27.8,51.35,6060,2,12,0,22.0,30.0,48482.8,50,999.0,True,0.0,20.0,0,10,0,False,False,0,DRY,NORMAL,10,0,50,False,0,BRIGHT,CLEAR,10,50,False,False,0,SAFE,SAFE,SAFE,10,0,100,False,0,10,0,12,100,50,False,False,False,False,True,False
27.85,50.99,6017,2,12,0,22.0,30.0,48482.8,50,999.0,True,0.0,20.0,0,10,0,False,False,0,DRY,NORMAL,10,0,50,False,0,BRIGHT,CLEAR,10,50,False,False,0,SAFE,SAFE,SAFE,10,0,100,False,0,10,0,12,100,50,False,False,False,False,True,False
27.9,50.59,5970,2,12,0,22.0,30.0,48482.8,50,999.0,True,0.0,20.0,0,10,0,False,False,0,DRY,NORMAL,10,0,50,False,0,BRIGHT,CLEAR,10,50,False,False,0,SAFE,SAFE,SAFE,10,0,100,False,0,10,0,12,100,50,False,False,False,False,True,False
27.95,50.18,5922,2,12,0,22.0,30.0,48482.8,50,999.0,True,0.0,20.0,0,10,0,False,False,0,DRY,NORMAL,10,0,50,False,0,BRIGHT,CLEAR,10,50,False,False,0,SAFE,SAFE,SAFE,10,0,100,False,0,10,0,12,100,50,False,False,False,False,True,False
28.0,49.76,5872,2,12,0,22.0,30.0,48482.8,50,999.0,True,0.0,20.0,0,10,0,False,False,0,DRY,NORMAL,10,0,50,False,0,BRIGHT,CLEAR,10,50,False,False,0,SAFE,SAFE,SAFE,10,0,100,False,0,10,0,12,100,50,False,False,False,False,True,False
28.05,49.37,5826,2,12,0,22.0,30.0,48482.8,50,999.0,True,0.0,20.0,0,10,0,False,False,0,DRY,NORMAL,10,0,50,False,0,BRIGHT,CLEAR,10,50,False,False,0,SAFE,SAFE,SAFE,10,0,100,False,0,10,0,12,100,50,False,False,False,False,True,False
28.1,49.1,5794,2,12,0,22.0,30.0,48482.8,50,999.0,True,0.0,20.0,0,10,0,False,False,0,DRY,NORMAL,10,0,50,False,0,BRIGHT,CLEAR,10,50,False,False,0,SAFE,SAFE,SAFE,10,0,100,False,0,10,0,12,100,50,False,False,False,False,True,False
28.15,49.04,5787,2,12,0,22.0,30.0,48482.8,50,999.0,True,0.0,20.0,0,10,0,False,False,0,DRY,NORMAL,10,0,50,False,0,BRIGHT,CLEAR,10,50,False,False,0,SAFE,SAFE,SAFE,10,0,100,False,0,10,0,12,100,50,False,False,False,False,True,False
28.2,49.23,5809,2,12,0,22.0,30.0,48482.8,50,999.0,True,0.0,20.0,0,10,0,False,False,0,DRY,NORMAL,10,0,50,False,0,BRIGHT,CLEAR,10,50,False,False,0,SAFE,SAFE,SAFE,10,0,100,False,0,10,0,12,100,50,False,False,False,False,True,False
28.25,49.67,5861,2,12,0,22.0,30.0,48482.8,50,999.0,True,0.0,20.0,0,10,0,False,False,0,DRY,NORMAL,10,0,50,False,0,BRIGHT,CLEAR,10,50,False,False,0,SAFE,SAFE,SAFE,10,0,100,False,0,10,0,12,100,50,False,False,False,False,True,False
28.3,50.27,5933,2,12,0,22.0,30.0,48482.8,50,999.0,True,0.0,20.0,0,10,0,False,False,0,DRY,NORMAL,10,0,50,False,0,BRIGHT,CLEAR,10,50,False,False,0,SAFE,SAFE,SAFE,10,0,100,False,0,10,0,12,100,50,False,False,False,False,True,False
28.35,50.93,6011,2,12,0,22.0,30.0,48482.8,50,999.0,True,0.0,20.0,0,10,0,False,False,0,DRY,NORMAL,10,0,50,False,0,BRIGHT,CLEAR,10,50,False,False,0,SAFE,SAFE,SAFE,10,0,100,False,0,10,0,12,100,50,False,False,False,False,True,False
28.4,51.36,6061,2,12,0,22.0,30.0,48482.8,50,999.0,True,0.0,20.0,0,10,0,False,False,0,DRY,NORMAL,10,0,50,False,0,BRIGHT,CLEAR,10,50,False,False,0,SAFE,SAFE,SAFE,10,0,100,False,0,10,0,12,100,50,False,False,False,False,True,False
28.45,51.45,6072,2,12,0,22.0,30.0,48482.8,50,999.0,True,0.0,20.0,0,10,0,False,False,0,DRY,ROUGH,9,2,40,False,0,BRIGHT,CLEAR,10,50,False,False,0,SAFE,SAFE,SAFE,10,0,100,False,0,9,2,12,100,40,False,False,False,False,True,False
28.5,51.21,6044,2,12,0,22.0,30.0,48615.1,50,999.0,True,0.0,20.0,0,10,0,False,False,0,DRY,NORMAL,10,0,50,False,0,BRIGHT,CLEAR,10,50,False,False,0,SAFE,SAFE,SAFE,10,0,100,False,0,10,0,12,100,50,False,False,False,False,True,False
28.55,50.92,6009,2,12,0,22.0,30.0,48615.1,50,999.0,True,0.0,20.0,0,10,0,False,False,0,DRY,NORMAL,10,0,50,False,0,BRIGHT,CLEAR,10,50,False,False,0,SAFE,SAFE,SAFE,10,0,100,False,0,10,0,12,100,50,False,False,False,False,True,False
28.6,50.58,5969,2,12,0,22.0,30.0,48615.1,50,999.0,True,0.0,20.0,0,10,0,False,False,0,DRY,NORMAL,10,0,50,False,0,BRIGHT,CLEAR,10,50,False,False,0,SAFE,SAFE,SAFE,10,0,100,False,0,10,0,12,100,50,False,False,False,False,True,False
28.65,50.2,5924,2,12,0,22.0,30.0,48615.1,50,999.0,True,0.0,20.0,0,10,0,False,False,0,DRY,NORMAL,10,0,50,False,0,BRIGHT,CLEAR,10,50,False,False,0,SAFE,SAFE,SAFE,10,0,100,False,0,10,0,12,100,50,False,False,False,False,True,False
28.7,49.8,5877,2,12,0,22.0,30.0,48615.1,50,999.0,True,0.0,20.0,0,10,0,False,False,0,DRY,NORMAL,10,0,50,False,0,BRIGHT,CLEAR,10,50,False,False,0,SAFE,SAFE,SAFE,10,0,100,False,0,10,0,12,100,50,False,False,False,False,True,False
28.75,49.42,5832,2,12,0,22.0,30.0,48615.1,50,999.0,True,0.0,20.0,0,10,0,False,False,0,DRY,NORMAL,10,0,50,False,0,BRIGHT,CLEAR,10,50,False,False,0,SAFE,SAFE,SAFE,10,0,100,False,0,10,0,12,100,50,False,False,False,False,True,False
28.8,49.15,5800,2,12,0,22.0,30.0,48615.1,50,999.0,True,0.0,20.0,0,10,0,False,False,0,DRY,NORMAL,10,0,50,False,0,BRIGHT,CLEAR,10,50,False,False,0,SAFE,SAFE,SAFE,10,0,100,False,0,10,0,12,100,50,False,False,False,False,True,False
28.85,49.08,5792,2,12,0,22.0,30.0,48615.1,50,999.0,True,0.0,20.0,0,10,0,False,False,0,DRY,NORMAL,10,0,50,False,0,BRIGHT,CLEAR,10,50,False,False,0,SAFE,SAFE,SAFE,10,0,100,False,0,10,0,12,100,50,False,False,False,False,True,False
28.9,49.28,5815,2,12,0,22.0,30.0,48615.1,50,999.0,True,0.0,20.0,0,10,0,False,False,0,DRY,NORMAL,10,0,50,False,0,BRIGHT,CLEAR,10,50,False,False,0,SAFE,SAFE,SAFE,10,0,100,False,0,10,0,12,100,50,False,False,False,False,True,False
28.95,49.72,5867,2,12,0,22.0,30.0,48615.1,50,999.0,True,0.0,20.0,0,10,0,False,False,0,DRY,NORMAL,10,0,50,False,0,BRIGHT,CLEAR,10,50,False,False,0,SAFE,SAFE,SAFE,10,0,100,False,0,10,0,12,100,50,False,False,False,False,True,False
29.0,50.33,5940,2,12,0,22.0,30.0,48615.1,50,999.0,True,0.0,20.0,0,10,0,False,False,0,DRY,NORMAL,10,0,50,False,0,BRIGHT,CLEAR,10,50,False,False,0,SAFE,SAFE,SAFE,10,0,100,False,0,10,0,12,100,50,False,False,False,False,True,False
29.05,51.0,6019,2,12,0,22.0,30.0,48615.1,50,999.0,True,0.0,20.0,0,10,0,False,False,0,DRY,NORMAL,10,0,50,False,0,BRIGHT,CLEAR,10,50,False,False,0,SAFE,SAFE,SAFE,10,0,100,False,0,10,0,12,100,50,False,False,False,False,True,False
29.1,51.46,6073,2,12,0,22.0,30.0,48615.1,50,999.0,True,0.0,20.0,0,10,0,False,False,0,DRY,NORMAL,10,0,50,False,0,BRIGHT,CLEAR,10,50,False,False,0,SAFE,SAFE,SAFE,10,0,100,False,0,10,0,12,100,50,False,False,False,False,True,False
29.15,51.57,6086,2,12,0,22.0,30.0,48615.1,50,999.0,True,0.0,20.0,0,10,0,False,False,0,DRY,NORMAL,10,0,50,False,0,BRIGHT,CLEAR,10,50,False,False,0,SAFE,SAFE,SAFE,10,0,100,False,0,10,0,12,100,50,False,False,False,False,True,False
29.2,51.45,6072,2,12,0,22.0,30.0,48615.1,50,999.0,True,0.0,20.0,0,10,0,False,False,0,DRY,NORMAL,10,0,50,False,0,BRIGHT,CLEAR,10,50,False,False,0,SAFE,SAFE,SAFE,10,0,100,False,0,10,0,12,100,50,False,False,False,False,True,False
29.25,51.2,6042,2,12,0,22.0,30.0,48615.1,50,999.0,True,0.0,20.0,0,10,0,False,False,0,DRY,NORMAL,10,0,50,False,0,BRIGHT,CLEAR,10,50,False,False,0,SAFE,SAFE,SAFE,10,0,100,False,0,10,0,12,100,50,False,False,False,False,True,False
29.3,50.87,6003,2,12,0,22.0,30.0,48615.1,50,999.0,True,0.0,20.0,0,10,0,False,False,0,DRY,NORMAL,10,0,50,False,0,BRIGHT,CLEAR,10,50,False,False,0,SAFE,SAFE,SAFE,10,0,100,False,0,10,0,12,100,50,False,False,False,False,True,False
29.35,50.49,5959,2,12,0,22.0,30.0,48615.1,50,999.0,True,0.0,20.0,0,10,0,False,False,0,DRY,NORMAL,10,0,50,False,0,BRIGHT,CLEAR,10,50,False,False,0,SAFE,SAFE,SAFE,10,0,100,False,0,10,0,12,100,50,False,False,False,False,True,False
29.4,50.1,5912,2,12,0,22.0,30.0,48615.1,50,999.0,True,0.0,20.0,0,10,0,False,False,0,DRY,NORMAL,10,0,50,False,0,BRIGHT,CLEAR,10,50,False,False,0,SAFE,SAFE,SAFE,10,0,100,False,0,10,0,12,100,50,False,False,False,False,True,False
29.45,49.69,5864,2,12,0,22.0,30.0,48615.1,50,999.0,True,0.0,20.0,0,10,0,False,False,0,DRY,NORMAL,10,0,50,False,0,BRIGHT,CLEAR,10,50,False,False,0,SAFE,SAFE,SAFE,10,0,100,False,0,10,0,12,100,50,False,False,False,False,True,False
29.5,49.3,5818,2,12,0,22.0,30.0,48615.1,50,999.0,True,0.0,20.0,0,10,0,False,False,0,DRY,NORMAL,10,0,50,False,0,BRIGHT,CLEAR,10,50,False,False,0,SAFE,SAFE,SAFE,10,0,100,False,0,10,0,12,100,50,False,False,False,False,True,False
29.55,49.02,5785,2,12,0,22.0,30.0,48615.1,50,999.0,True,0.0,20.0,0,10,0,False,False,0,DRY,NORMAL,10,0,50,False,0,BRIGHT,CLEAR,10,50,False,False,0,SAFE,SAFE,SAFE,10,0,100,False,0,10,0,12,100,50,False,False,False,False,True,False
29.6,48.95,5776,2,12,0,22.0,30.0,48615.1,50,999.0,True,0.0,20.0,0,10,0,False,False,0,DRY,NORMAL,10,0,50,False,0,BRIGHT,CLEAR,10,50,False,False,0,SAFE,SAFE,SAFE,10,0,100,False,0,10,0,12,100,50,False,False,False,False,True,False
29.65,49.14,5799,2,12,0,22.0,30.0,48615.1,50,999.0,True,0.0,20.0,0,10,0,False,False,0,DRY,NORMAL,10,0,50,False,0,BRIGHT,CLEAR,10,50,False,False,0,SAFE,SAFE,SAFE,10,0,100,False,0,10,0,12,100,50,False,False,False,False,True,False
29.7,49.58,5851,2,12,0,22.0,30.0,48615.1,50,999.0,True,0.0,20.0,0,10,0,False,False,0,DRY,NORMAL,10,0,50,False,0,BRIGHT,CLEAR,10,50,False,False,0,SAFE,SAFE,SAFE,10,0,100,False,0,10,0,12,100,50,False,False,False,False,True,False
29.75,50.19,5923,2,12,0,22.0,30.0,48615.1,50,999.0,True,0.0,20.0,0,10,0,False,False,0,DRY,NORMAL,10,0,50,False,0,BRIGHT,CLEAR,10,50,False,False,0,SAFE,SAFE,SAFE,10,0,100,False,0,10,0,12,100,50,False,False,False,False,True,False
29.8,50.86,6003,2,12,0,22.0,30.0,48615.1,50,999.0,True,0.0,20.0,0,10,0,False,False,0,DRY,NORMAL,10,0,50,False,0,BRIGHT,CLEAR,10,50,False,False,0,SAFE,SAFE,SAFE,10,0,100,False,0,10,0,12,100,50,False,False,False,False,True,False
29.85,51.32,6056,2,12,0,22.0,30.0,48615.1,50,999.0,True,0.0,20.0,0,10,0,False,False,0,DRY,NORMAL,10,0,50,False,0,BRIGHT,CLEAR,10,50,False,False,0,SAFE,SAFE,SAFE,10,0,100,False,0,10,0,12,100,50,False,False,False,False,True,False
29.9,51.43,6069,2,12,0,22.0,30.0,48615.1,50,999.0,True,0.0,20.0,0,10,0,False,False,0,DRY,NORMAL,10,0,50,False,0,BRIGHT,CLEAR,10,50,False,False,0,SAFE,SAFE,SAFE,10,0,100,False,0,10,0,12,100,50,False,False,False,False,True,False
29.95,51.31,6055,2,12,0,22.0,30.0,48615.1,50,999.0,True,0.0,20.0,0,10,0,False,False,0,DRY,NORMAL,10,0,50,False,0,BRIGHT,CLEAR,10,50,False,False,0,SAFE,SAFE,SAFE,10,0,100,False,0,10,0,12,100,50,False,False,False,False,True,False
30.0,51.06,6025,2,12,0,22.0,30.0,48571.8,50,999.0,True,0.0,20.0,0,10,0,False,False,0,DRY,NORMAL,10,0,50,False,0,BRIGHT,CLEAR,10,50,False,False,0,SAFE,SAFE,SAFE,10,0,100,False,0,10,0,12,100,50,False,False,False,False,True,False
30.05,50.73,5986,2,12,1,12.0,90.0,48571.8,50,999.0,True,0.0,20.0,0,10,0,False,False,0,WET,NORMAL,0,0,45,False,1,BRIGHT,FOG,0,30,True,True,0,SAFE,SAFE,SAFE,10,0,100,False,1,0,0,12,100,30,False,True,True,False,True,False
30.1,50.23,5927,2,12,1,12.0,90.0,48571.8,50,999.0,True,0.0,20.0,0,10,0,False,False,0,WET,NORMAL,0,0,45,False,1,BRIGHT,FOG,0,30,True,True,0,SAFE,SAFE,SAFE,10,0,100,False,1,0,0,12,100,30,False,True,True,False,True,False
30.15,49.45,5835,2,12,1,12.0,90.0,48571.8,50,999.0,True,0.0,20.0,0,10,0,False,False,0,WET,NORMAL,0,0,45,False,1,BRIGHT,FOG,0,30,True,True,0,SAFE,SAFE,SAFE,10,0,100,False,1,0,0,12,100,30,False,True,True,False,True,False
30.2,48.61,5737,2,12,1,12.0,90.0,48571.8,50,999.0,True,0.0,20.0,0,10,0,False,False,0,WET,NORMAL,0,0,45,False,1,BRIGHT,FOG,0,30,True,True,0,SAFE,SAFE,SAFE,10,0,100,False,1,0,0,12,100,30,False,True,True,False,True,False
30.25,47.77,5637,2,12,1,12.0,90.0,48571.8,50,999.0,True,0.0,20.0,0,10,0,False,False,0,WET,NORMAL,0,0,45,False,1,BRIGHT,FOG,0,30,True,True,0,SAFE,SAFE,SAFE,10,0,100,False,1,0,0,12,100,30,False,True,True,False,True,False
30.3,46.93,5538,2,12,1,12.0,90.0,48571.8,50,999.0,True,0.0,20.0,0,10,0,False,False,0,WET,NORMAL,0,0,45,False,1,BRIGHT,FOG,0,30,True,True,0,SAFE,SAFE,SAFE,10,0,100,False,1,0,0,12,100,30,False,True,True,False,True,False
30.35,46.08,5438,2,12,1,12.0,90.0,48571.8,50,999.0,True,0.0,20.0,0,10,0,False,False,0,WET,NORMAL,0,0,45,False,1,BRIGHT,FOG,0,30,True,True,0,SAFE,SAFE,SAFE,10,0,100,False,1,0,0,12,100,30,False,True,True,False,True,False
30.4,45.25,5339,2,12,1,12.0,90.0,48571.8,50,999.0,True,0.0,20.0,0,10,0,False,False,0,WET,NORMAL,0,0,45,False,1,BRIGHT,FOG,0,30,True,True,0,SAFE,SAFE,SAFE,10,0,100,False,1,0,0,12,100,30,False,True,True,False,True,False
30.45,44.41,5241,2,12,1,12.0,90.0,48571.8,50,999.0,True,0.0,20.0,0,10,0,False,False,0,WET,NORMAL,8,0,45,False,1,BRIGHT,FOG,0,30,True,True,0,SAFE,SAFE,SAFE,10,0,100,False,1,0,0,12,100,30,False,True,True,False,True,False
30.5,43.76,5164,2,12,1,12.0,90.0,48571.8,50,999.0,True,0.0,20.0,0,10,0,False,False,0,WET,NORMAL,8,0,45,False,1,BRIGHT,FOG,0,30,True,True,0,SAFE,SAFE,SAFE,10,0,100,False,1,0,0,12,100,30,False,True,True,False,True,False
30.55,43.18,5096,2,12,1,12.0,90.0,48571.8,50,999.0,True,0.0,20.0,0,10,0,False,False,0,WET,NORMAL,8,0,45,False,1,BRIGHT,FOG,0,30,True,True,0,SAFE,SAFE,SAFE,10,0,100,False,1,0,0,12,100,30,False,True,True,False,True,False
30.6,42.6,5027,2,12,1,12.0,90.0,48571.8,50,999.0,True,0.0,20.0,0,10,0,False,False,0,WET,NORMAL,8,0,45,False,1,BRIGHT,FOG,0,30,True,True,0,SAFE,SAFE,SAFE,10,0,100,False,1,0,0,12,100,30,False,True,True,False,True,False
30.65,42.05,4962,2,12,1,12.0,90.0,48571.8,50,999.0,True,0.0,20.0,0,10,0,False,False,0,WET,NORMAL,8,0,45,False,1,BRIGHT,FOG,0,30,True,True,0,SAFE,SAFE,SAFE,10,0,100,False,1,0,0,12,100,30,False,True,True,False,True,False
30.7,41.51,4898,2,12,1,12.0,90.0,48571.8,50,999.0,True,0.0,20.0,0,10,0,False,False,0,WET,NORMAL,8,0,45,False,1,BRIGHT,FOG,0,30,True,True,0,SAFE,SAFE,SAFE,10,0,100,False,1,0,0,12,100,30,False,True,True,False,True,False
30.75,40.89,4826,2,12,1,12.0,90.0,48571.8,50,999.0,True,0.0,20.0,0,10,0,False,False,0,WET,NORMAL,8,0,45,False,1,BRIGHT,FOG,0,30,True,True,0,SAFE,SAFE,SAFE,10,0,100,False,1,0,0,12,100,30,False,True,True,False,True,False
30.8,40.43,4771,2,12,1,12.0,90.0,48571.8,50,999.0,True,0.0,20.0,0,10,0,False,False,0,WET,NORMAL,8,0,45,False,1,BRIGHT,FOG,0,30,True,True,0,SAFE,SAFE,SAFE,10,0,100,False,1,0,0,12,100,30,False,True,True,False,True,False
30.85,39.79,4695,2,12,1,12.0,90.0,48571.8,50,999.0,True,0.0,20.0,0,10,0,False,False,0,WET,NORMAL,8,0,45,False,1,BRIGHT,FOG,0,30,True,True,0,SAFE,SAFE,SAFE,10,0,100,False,1,0,0,12,100,30,False,True,True,False,True,False
30.9,39.36,4644,2,12,1,12.0,90.0,48571.8,50,999.0,True,0.0,20.0,0,10,0,False,False,0,WET,NORMAL,8,0,45,False,1,BRIGHT,FOG,0,30,True,True,0,SAFE,SAFE,SAFE,10,0,100,False,1,0,0,12,100,30,False,True,True,False,True,False
30.95,38.7,4567,2,12,1,12.0,90.0,48571.8,50,999.0,True,0.0,20.0,0,10,0,False,False,0,WET,NORMAL,8,0,45,False,1,BRIGHT,FOG,0,30,True,True,0,SAFE,SAFE,SAFE,10,0,100,False,1,0,0,12,100,30,False,True,True,False,True,False
31.0,38.3,4520,2,12,1,12.0,90.0,48571.8,50,999.0,True,0.0,20.0,0,10,0,False,False,0,WET,NORMAL,8,0,45,False,1,BRIGHT,FOG,0,30,True,True,0,SAFE,SAFE,SAFE,10,0,100,False,1,0,0,12,100,30,False,True,True,False,True,False
31.05,37.63,4441,2,12,1,12.0,90.0,48571.8,50,999.0,True,0.0,20.0,0,10,0,False,False,0,WET,NORMAL,8,0,45,False,1,BRIGHT,FOG,0,30,True,True,0,SAFE,SAFE,SAFE,10,0,100,False,1,0,0,12,100,30,False,True,True,False,True,False
31.1,37.26,4397,2,12,1,12.0,90.0,48571.8,50,999.0,True,0.0,20.0,0,10,0,False,False,0,WET,NORMAL,8,0,45,False,1,BRIGHT,FOG,0,30,True,True,0,SAFE,SAFE,SAFE,10,0,100,False,1,0,0,12,100,30,False,True,True,False,True,False
31.15,36.58,4317,2,12,1,12.0,90.0,48571.8,50,999.0,True,0.0,20.0,0,10,0,False,False,0,WET,NORMAL,8,0,45,False,1,BRIGHT,FOG,0,30,True,True,0,SAFE,SAFE,SAFE,10,0,100,False,1,0,0,12,100,30,False,True,True,False,True,False
31.2,36.23,4275,2,12,1,12.0,90.0,48571.8,50,999.0,True,0.0,20.0,0,10,0,False,False,0,WET,NORMAL,8,0,45,False,1,BRIGHT,FOG,0,30,True,True,0,SAFE,SAFE,SAFE,10,0,100,False,1,0,0,12,100,30,False,True,True,False,True,False
31.25,35.55,4195,2,12,1,12.0,90.0,48571.8,50,999.0,True,0.0,20.0,0,10,0,False,False,0,WET,NORMAL,8,0,45,False,1,BRIGHT,FOG,0,30,True,True,0,SAFE,SAFE,SAFE,10,0,100,False,1,0,0,12,100,30,False,True,True,False,True,False
31.3,35.22,4156,2,12,1,12.0,90.0,48571.8,50,999.0,True,0.0,20.0,0,10,0,False,False,0,WET,NORMAL,8,0,45,False,1,BRIGHT,FOG,0,30,True,True,0,SAFE,SAFE,SAFE,10,0,100,False,1,0,0,12,100,30,False,True,True,False,True,False
31.35,34.53,4074,2,12,1,12.0,90.0,48571.8,50,999.0,True,0.0,20.0,0,10,0,False,False,0,WET,NORMAL,8,0,45,False,1,BRIGHT,FOG,0,30,True,True,0,SAFE,SAFE,SAFE,10,0,100,False,1,0,0,12,100,30,False,True,True,False,True,False
31.4,34.28,4045,2,12,1,12.0,90.0,48571.8,50,999.0,True,0.0,20.0,0,10,0,False,False,0,WET,NORMAL,8,0,45,False,1,BRIGHT,FOG,0,30,True,True,0,SAFE,SAFE,SAFE,10,0,100,False,1,0,0,12,100,30,False,True,True,False,True,False
31.45,33.65,3971,2,12,1,12.0,90.0,48571.8,50,999.0,True,0.0,20.0,0,10,0,False,False,0,WET,NORMAL,8,0,45,False,1,BRIGHT,FOG,0,30,True,True,0,SAFE,SAFE,SAFE,10,0,100,False,1,0,0,12,100,30,False,True,True,False,True,False
31.5,33.43,3945,2,12,1,12.0,90.0,48385.2,50,999.0,True,0.0,20.0,0,10,0,False,False,0,WET,NORMAL,8,0,45,False,1,BRIGHT,FOG,0,30,True,True,0,SAFE,SAFE,SAFE,10,0,100,False,1,0,0,12,100,30,False,True,True,False,True,False
31.55,32.8,3871,2,12,1,12.0,90.0,48385.2,50,999.0,True,0.0,20.0,0,10,0,False,False,0,WET,NORMAL,8,0,45,False,1,BRIGHT,FOG,0,30,True,True,0,SAFE,SAFE,SAFE,10,0,100,False,1,0,0,12,100,30,False,True,True,False,True,False
31.6,32.6,3847,2,12,1,12.0,90.0,48385.2,50,999.0,True,0.0,20.0,0,10,0,False,False,0,WET,NORMAL,8,0,45,False,1,BRIGHT,FOG,0,30,True,True,0,SAFE,SAFE,SAFE,10,0,100,False,1,0,0,12,100,30,False,True,True,False,True,False
31.65,31.97,3772,2,12,1,12.0,90.0,48385.2,50,999.0,True,0.0,20.0,0,10,0,False,False,0,WET,NORMAL,8,0,45,False,1,BRIGHT,FOG,0,30,True,True,0,SAFE,SAFE,SAFE,10,0,100,False,1,0,0,12,100,30,False,True,True,False,True,False
31.7,31.79,3751,2,12,1,12.0,90.0,48385.2,50,999.0,True,0.0,20.0,0,10,0,False,False,0,WET,NORMAL,8,0,45,False,1,BRIGHT,FOG,0,30,True,True,0,SAFE,SAFE,SAFE,10,0,100,False,1,0,0,12,100,30,False,True,True,False,True,False
31.75,31.15,3675,2,12,1,12.0,90.0,48385.2,50,999.0,True,0.0,20.0,0,10,0,False,False,0,WET,NORMAL,8,0,45,False,1,BRIGHT,FOG,0,30,True,True,0,SAFE,SAFE,SAFE,10,0,100,False,1,0,0,12,100,30,False,True,True,False,True,False
31.8,30.98,3656,2,12,1,12.0,90.0,48385.2,50,999.0,True,0.0,20.0,0,10,0,False,False,0,WET,NORMAL,8,0,45,False,1,BRIGHT,FOG,0,30,True,True,0,SAFE,SAFE,SAFE,10,0,100,False,1,0,0,12,100,30,False,True,True,False,True,False
31.85,30.34,3580,2,12,1,12.0,90.0,48385.2,50,999.0,True,0.0,20.0,0,10,0,False,False,0,WET,NORMAL,8,0,45,False,1,BRIGHT,FOG,0,30,True,True,0,SAFE,SAFE,SAFE,10,0,100,False,1,0,0,12,100,30,False,True,True,False,True,False
31.9,30.19,3563,2,12,1,12.0,90.0,48385.2,50,999.0,True,0.0,20.0,0,10,0,False,False,0,WET,NORMAL,8,0,45,False,1,BRIGHT,FOG,0,30,True,True,0,SAFE,SAFE,SAFE,10,0,100,False,1,0,0,12,100,30,False,True,True,False,True,False
31.95,29.55,3486,2,12,1,12.0,90.0,48385.2,50,999.0,True,0.0,20.0,0,10,0,False,False,0,WET,NORMAL,8,0,45,False,1,BRIGHT,FOG,8,30,True,True,0,SAFE,SAFE,SAFE,10,0,100,False,1,8,0,12,100,30,False,True,True,False,True,False
32.0,29.51,3483,2,12,1,12.0,90.0,48385.2,50,999.0,True,0.0,20.0,0,10,0,False,False,0,WET,NORMAL,8,0,45,False,1,BRIGHT,FOG,8,30,True,True,0,SAFE,SAFE,SAFE,10,0,100,False,1,8,0,12,100,30,False,True,True,False,True,False
32.05,29.06,3429,2,12,1,12.0,90.0,48385.2,50,999.0,True,0.0,20.0,0,10,0,False,False,0,WET,NORMAL,8,0,45,False,1,BRIGHT,FOG,8,30,True,True,0,SAFE,SAFE,SAFE,10,0,100,False,1,8,0,12,100,30,False,True,True,False,True,False
32.1,29.25,3451,2,12,1,12.0,90.0,48385.2,50,999.0,True,0.0,20.0,0,10,0,False,False,0,WET,NORMAL,8,0,45,False,1,BRIGHT,FOG,8,30,True,True,0,SAFE,SAFE,SAFE,10,0,100,False,1,8,0,12,100,30,False,True,True,False,True,False
32.15,29.05,3428,2,12,1,12.0,90.0,48385.2,50,999.0,True,0.0,20.0,0,10,0,False,False,0,WET,NORMAL,8,0,45,False,1,BRIGHT,FOG,8,30,True,True,0,SAFE,SAFE,SAFE,10,0,100,False,1,8,0,12,100,30,False,True,True,False,True,False
32.2,29.47,3477,2,12,1,12.0,90.0,48385.2,50,999.0,True,0.0,20.0,0,10,0,False,False,0,WET,NORMAL,8,0,45,False,1,BRIGHT,FOG,8,30,True,True,0,SAFE,SAFE,SAFE,10,0,100,False,1,8,0,12,100,30,False,True,True,False,True,False
32.25,29.47,3477,2,12,1,12.0,90.0,48385.2,50,999.0,True,0.0,20.0,0,10,0,False,False,0,WET,NORMAL,8,0,45,False,1,BRIGHT,FOG,8,30,True,True,0,SAFE,SAFE,SAFE,10,0,100,False,1,8,0,12,100,30,False,True,True,False,True,False
32.3,30.0,3540,2,12,1,12.0,90.0,48385.2,50,999.0,True,0.0,20.0,0,10,0,False,False,0,WET,NORMAL,8,0,45,False,1,BRIGHT,FOG,8,30,True,True,0,SAFE,SAFE,SAFE,10,0,100,False,1,8,0,12,100,30,False,True,True,False,True,False
32.35,30.12,3554,2,12,1,12.0,90.0,48385.2,50,999.0,True,0.0,20.0,0,10,0,False,False,0,WET,NORMAL,8,0,45,False,1,BRIGHT,FOG,0,30,True,True,0,SAFE,SAFE,SAFE,10,0,100,False,1,0,0,12,100,30,False,True,True,False,True,False
32.4,30.59,3610,2,12,1,12.0,90.0,48385.2,50,999.0,True,0.0,20.0,0,10,0,False,False,0,WET,NORMAL,8,0,45,False,1,BRIGHT,FOG,0,30,True,True,0,SAFE,SAFE,SAFE,10,0,100,False,1,0,0,12,100,30,False,True,True,False,True,False
32.45,30.42,3590,2,12,1,12.0,90.0,48385.2,50,999.0,True,0.0,20.0,0,10,0,False,False,0,WET,NORMAL,8,0,45,False,1,BRIGHT,FOG,0,30,True,True,0,SAFE,SAFE,SAFE,10,0,100,False,1,0,0,12,100,30,False,True,True,False,True,False
32.5,30.55,3605,2,12,1,12.0,90.0,48385.2,50,999.0,True,0.0,20.0,0,10,0,False,False,0,WET,NORMAL,8,0,45,False,1,BRIGHT,FOG,0,30,True,True,0,SAFE,SAFE,SAFE,10,0,100,False,1,0,0,12,100,30,False,True,True,False,True,False
32.55,30.08,3549,2,12,1,12.0,90.0,48385.2,50,999.0,True,0.0,20.0,0,10,0,False,False,0,WET,NORMAL,8,0,45,False,1,BRIGHT,FOG,0,30,True,True,0,SAFE,SAFE,SAFE,10,0,100,False,1,0,0,12,100,30,False,True,True,False,True,False
32.6,30.04,3545,2,12,1,12.0,90.0,48385.2,50,999.0,True,0.0,20.0,0,10,0,False,False,0,WET,NORMAL,8,0,45,False,1,BRIGHT,FOG,0,30,True,True,0,SAFE,SAFE,SAFE,10,0,100,False,1,0,0,12,100,30,False,True,True,False,True,False
32.65,29.46,3476,2,12,1,12.0,90.0,48385.2,50,999.0,True,0.0,20.0,0,10,0,False,False,0,WET,NORMAL,8,0,45,False,1,BRIGHT,FOG,8,30,True,True,0,SAFE,SAFE,SAFE,10,0,100,False,1,8,0,12,100,30,False,True,True,False,True,False
32.7,29.47,3478,2,12,1,12.0,90.0,48385.2,50,999.0,True,0.0,20.0,0,10,0,False,False,0,WET,NORMAL,8,0,45,False,1,BRIGHT,FOG,8,30,True,True,0,SAFE,SAFE,SAFE,10,0,100,False,1,8,0,12,100,30,False,True,True,False,True,False
32.75,29.04,3427,2,12,1,12.0,90.0,48385.2,50,999.0,True,0.0,20.0,0,10,0,False,False,0,WET,NORMAL,8,0,45,False,1,BRIGHT,FOG,8,30,True,True,0,SAFE,SAFE,SAFE,10,0,100,False,1,8,0,12,100,30,False,True,True,False,True,False
32.8,29.25,3451,2,12,1,12.0,90.0,48385.2,50,999.0,True,0.0,20.0,0,10,0,False,False,0,WET,NORMAL,8,0,45,False,1,BRIGHT,FOG,8,30,True,True,0,SAFE,SAFE,SAFE,10,0,100,False,1,8,0,12,100,30,False,True,True,False,True,False
32.85,29.07,3430,2,12,1,12.0,90.0,48385.2,50,999.0,True,0.0,20.0,0,10,0,False,False,0,WET,NORMAL,8,0,45,False,1,BRIGHT,FOG,8,30,True,True,0,SAFE,SAFE,SAFE,10,0,100,False,1,8,0,12,100,30,False,True,True,False,True,False
32.9,29.49,3480,2,12,1,12.0,90.0,48385.2,50,999.0,True,0.0,20.0,0,10,0,False,False,0,WET,NORMAL,8,0,45,False,1,BRIGHT,FOG,8,30,True,True,0,SAFE,SAFE,SAFE,10,0,100,False,1,8,0,12,100,30,False,True,True,False,True,False
32.95,29.5,3481,2,12,1,12.0,90.0,48385.2,50,999.0,True,0.0,20.0,0,10,0,False,False,0,WET,NORMAL,8,0,45,False,1,BRIGHT,FOG,8,30,True,True,0,SAFE,SAFE,SAFE,10,0,100,False,1,8,0,12,100,30,False,True,True,False,True,False
33.0,30.04,3544,2,12,1,12.0,90.0,48060.2,50,999.0,True,0.0,20.0,0,10,0,False,False,0,WET,NORMAL,8,0,45,False,1,BRIGHT,FOG,0,30,True,True,0,SAFE,SAFE,SAFE,10,0,100,False,1,0,0,12,100,30,False,True,True,False,True,False
33.05,30.03,3543,2,12,1,12.0,90.0,48060.2,50,999.0,True,0.0,20.0,0,10,0,False,False,0,WET,NORMAL,8,0,45,False,1,BRIGHT,FOG,0,30,True,True,0,SAFE,SAFE,SAFE,10,0,100,False,1,0,0,12,100,30,False,True,True,False,True,False
33.1,30.32,3577,2,12,1,12.0,90.0,48060.2,50,999.0,True,0.0,20.0,0,10,0,False,False,0,WET,NORMAL,8,0,45,False,1,BRIGHT,FOG,0,30,True,True,0,SAFE,SAFE,SAFE,10,0,100,False,1,0,0,12,100,30,False,True,True,False,True,False
33.15,29.94,3533,2,12,1,12.0,90.0,48060.2,50,999.0,True,0.0,20.0,0,10,0,False,False,0,WET,NORMAL,8,0,45,False,1,BRIGHT,FOG,8,30,True,True,0,SAFE,SAFE,SAFE,10,0,100,False,1,8,0,12,100,30,False,True,True,False,True,False
33.2,30.07,3549,2,12,1,12.0,90.0,48060.2,50,999.0,True,0.0,20.0,0,10,0,False,False,0,WET,NORMAL,8,0,45,False,1,BRIGHT,FOG,0,30,True,True,0,SAFE,SAFE,SAFE,10,0,100,False,1,0,0,12,100,30,False,True,True,False,True,False
33.25,29.61,3494,2,12,1,12.0,90.0,48060.2,50,999.0,True,0.0,20.0,0,10,0,False,False,0,WET,NORMAL,8,0,45,False,1,BRIGHT,FOG,8,30,True,True,0,SAFE,SAFE,SAFE,10,0,100,False,1,8,0,12,100,30,False,True,True,False,True,False
33.3,29.68,3502,2,12,1,12.0,90.0,48060.2,50,999.0,True,0.0,20.0,0,10,0,False,False,0,WET,NORMAL,8,0,45,False,1,BRIGHT,FOG,8,30,True,True,0,SAFE,SAFE,SAFE,10,0,100,False,1,8,0,12,100,30,False,True,True,False,True,False
33.35,29.29,3456,2,12,1,12.0,90.0,48060.2,50,999.0,True,0.0,20.0,0,10,0,False,False,0,WET,NORMAL,8,0,45,False,1,BRIGHT,FOG,8,30,True,True,0,SAFE,SAFE,SAFE,10,0,100,False,1,8,0,12,100,30,False,True,True,False,True,False
33.4,29.52,3483,2,12,1,12.0,90.0,48060.2,50,999.0,True,0.0,20.0,0,10,0,False,False,0,WET,NORMAL,8,0,45,False,1,BRIGHT,FOG,8,30,True,True,0,SAFE,SAFE,SAFE,10,0,100,False,1,8,0,12,100,30,False,True,True,False,True,False
33.45,29.36,3465,2,12,1,12.0,90.0,48060.2,50,999.0,True,0.0,20.0,0,10,0,False,False,0,WET,NORMAL,8,0,45,False,1,BRIGHT,FOG,8,30,True,True,0,SAFE,SAFE,SAFE,10,0,100,False,1,8,0,12,100,30,False,True,True,False,True,False
33.5,29.79,3516,2,12,1,12.0,90.0,48060.2,50,999.0,True,0.0,20.0,0,10,0,False,False,0,WET,NORMAL,8,0,45,False,1,BRIGHT,FOG,8,30,True,True,0,SAFE,SAFE,SAFE,10,0,100,False,1,8,0,12,100,30,False,True,True,False,True,False
33.55,29.82,3519,2,12,1,12.0,90.0,48060.2,50,999.0,True,0.0,20.0,0,10,0,False,False,0,WET,NORMAL,8,0,45,False,1,BRIGHT,FOG,8,30,True,True,0,SAFE,SAFE,SAFE,10,0,100,False,1,8,0,12,100,30,False,True,True,False,True,False
33.6,30.36,3583,2,12,1,12.0,90.0,48060.2,50,999.0,True,0.0,20.0,0,10,0,False,False,0,WET,NORMAL,8,0,45,False,1,BRIGHT,FOG,0,30,True,True,0,SAFE,SAFE,SAFE,10,0,100,False,1,0,0,12,100,30,False,True,True,False,True,False
33.65,30.37,3583,2,12,1,12.0,90.0,48060.2,50,999.0,True,0.0,20.0,0,10,0,False,False,0,WET,NORMAL,8,0,45,False,1,BRIGHT,FOG,0,30,True,True,0,SAFE,SAFE,SAFE,10,0,100,False,1,0,0,12,100,30,False,True,True,False,True,False
33.7,30.65,3617,2,12,1,12.0,90.0,48060.2,50,999.0,True,0.0,20.0,0,10,0,False,False,0,WET,NORMAL,8,0,45,False,1,BRIGHT,FOG,0,30,True,True,0,SAFE,SAFE,SAFE,10,0,100,False,1,0,0,12,100,30,False,True,True,False,True,False
33.75,30.29,3574,2,12,1,12.0,90.0,48060.2,50,999.0,True,0.0,20.0,0,10,0,False,False,0,WET,NORMAL,8,0,45,False,1,BRIGHT,FOG,0,30,True,True,0,SAFE,SAFE,SAFE,10,0,100,False,1,0,0,12,100,30,False,True,True,False,True,False
33.8,30.31,3577,2,12,1,12.0,90.0,48060.2,50,999.0,True,0.0,20.0,0,10,0,False,False,0,WET,NORMAL,8,0,45,False,1,BRIGHT,FOG,0,30,True,True,0,SAFE,SAFE,SAFE,10,0,100,False,1,0,0,12,100,30,False,True,True,False,True,False
33.85,29.77,3513,2,12,1,12.0,90.0,48060.2,50,999.0,True,0.0,20.0,0,10,0,False,False,0,WET,NORMAL,8,0,45,False,1,BRIGHT,FOG,8,30,True,True,0,SAFE,SAFE,SAFE,10,0,100,False,1,8,0,12,100,30,False,True,True,False,True,False
33.9,29.88,3526,2,12,1,12.0,90.0,48060.2,50,999.0,True,0.0,20.0,0,10,0,False,False,0,WET,NORMAL,8,0,45,False,1,BRIGHT,FOG,8,30,True,True,0,SAFE,SAFE,SAFE,10,0,100,False,1,8,0,12,100,30,False,True,True,False,True,False
33.95,29.63,3496,2,12,1,12.0,90.0,48060.2,50,999.0,True,0.0,20.0,0,10,0,False,False,0,WET,NORMAL,8,0,45,False,1,BRIGHT,FOG,8,30,True,True,0,SAFE,SAFE,SAFE,10,0,100,False,1,8,0,12,100,30,False,True,True,False,True,False
34.0,29.67,3501,2,12,1,12.0,90.0,48060.2,50,999.0,True,0.0,20.0,0,10,0,False,False,0,WET,NORMAL,8,0,45,False,1,BRIGHT,FOG,8,30,True,True,0,SAFE,SAFE,SAFE,10,0,100,False,1,8,0,12,100,30,False,True,True,False,True,False
34.05,29.88,3526,2,12,1,12.0,90.0,48060.2,50,999.0,True,0.0,20.0,0,10,0,False,False,0,WET,NORMAL,8,0,45,False,1,BRIGHT,FOG,8,30,True,True,0,SAFE,SAFE,SAFE,10,0,100,False,1,8,0,12,100,30,False,True,True,False,True,False
34.1,29.81,3518,2,12,1,12.0,90.0,48060.2,50,999.0,True,0.0,20.0,0,10,0,False,False,0,WET,NORMAL,8,0,45,False,1,BRIGHT,FOG,8,30,True,True,0,SAFE,SAFE,SAFE,10,0,100,False,1,8,0,12,100,30,False,True,True,False,True,False
34.15,30.23,3567,2,12,1,12.0,90.0,48060.2,50,999.0,True,0.0,20.0,0,10,0,False,False,0,WET,ROUGH,8,0,40,False,1,BRIGHT,FOG,0,30,True,True,0,SAFE,SAFE,SAFE,10,0,100,False,1,0,0,12,100,30,False,True,True,False,True,False
34.2,30.22,3566,2,12,1,12.0,90.0,48060.2,50,999.0,True,0.0,20.0,0,10,0,False,False,0,WET,ROUGH,8,0,40,False,1,BRIGHT,FOG,0,30,True,True,0,SAFE,SAFE,SAFE,10,0,100,False,1,0,0,12,100,30,False,True,True,False,True,False
34.25,30.49,3598,2,12,1,12.0,90.0,48060.2,50,999.0,True,0.0,20.0,0,10,0,False,False,0,WET,NORMAL,8,0,45,False,1,BRIGHT,FOG,0,30,True,True,0,SAFE,SAFE,SAFE,10,0,100,False,1,0,0,12,100,30,False,True,True,False,True,False
34.3,30.15,3558,2,12,1,12.0,90.0,48060.2,50,999.0,True,0.0,20.0,0,10,0,False,False,0,WET,ROUGH,8,0,40,False,1,BRIGHT,FOG,0,30,True,True,0,SAFE,SAFE,SAFE,10,0,100,False,1,0,0,12,100,30,False,True,True,False,True,False
34.35,30.17,3560,2,12,1,12.0,90.0,48060.2,50,999.0,True,0.0,20.0,0,10,0,False,False,0,WET,ROUGH,8,0,40,False,1,BRIGHT,FOG,0,30,True,True,0,SAFE,SAFE,SAFE,10,0,100,False,1,0,0,12,100,30,False,True,True,False,True,False
34.4,29.75,3511,2,12,1,12.0,90.0,48060.2,50,999.0,True,0.0,20.0,0,10,0,False,False,0,WET,NORMAL,8,0,45,False,1,BRIGHT,FOG,8,30,True,True,0,SAFE,SAFE,SAFE,10,0,100,False,1,8,0,12,100,30,False,True,True,False,True,False
34.45,29.56,3488,2,12,1,12.0,90.0,48060.2,50,999.0,True,0.0,20.0,0,10,0,False,False,0,WET,NORMAL,8,0,45,False,1,BRIGHT,FOG,8,30,True,True,0,SAFE,SAFE,SAFE,10,0,100,False,1,8,0,12,100,30,False,True,True,False,True,False
34.5,29.36,3464,2,12,1,12.0,90.0,47594.4,50,999.0,True,0.0,20.0,0,10,0,False,False,0,WET,NORMAL,8,0,45,False,1,BRIGHT,FOG,8,30,True,True,0,SAFE,SAFE,SAFE,10,0,100,False,1,8,0,12,100,30,False,True,True,False,True,False
34.55,29.39,3468,2,12,1,12.0,90.0,47594.4,50,999.0,True,0.0,20.0,0,10,0,False,False,0,WET,NORMAL,8,0,45,False,1,BRIGHT,FOG,8,30,True,True,0,SAFE,SAFE,SAFE,10,0,100,False,1,8,0,12,100,30,False,True,True,False,True,False
34.6,29.37,3466,2,12,1,12.0,90.0,47594.4,50,999.0,True,0.0,20.0,0,10,0,False,False,0,WET,NORMAL,8,0,45,False,1,BRIGHT,FOG,8,30,True,True,0,SAFE,SAFE,SAFE,10,0,100,False,1,8,0,12,100,30,False,True,True,False,True,False
34.65,29.67,3502,2,12,1,12.0,90.0,47594.4,50,999.0,True,0.0,20.0,0,10,0,False,False,0,WET,NORMAL,8,0,45,False,1,BRIGHT,FOG,8,30,True,True,0,SAFE,SAFE,SAFE,10,0,100,False,1,8,0,12,100,30,False,True,True,False,True,False
34.7,29.81,3518,2,12,1,12.0,90.0,47594.4,50,999.0,True,0.0,20.0,0,10,0,False,False,0,WET,NORMAL,8,0,45,False,1,BRIGHT,FOG,8,30,True,True,0,SAFE,SAFE,SAFE,10,0,100,False,1,8,0,12,100,30,False,True,True,False,True,False
34.75,30.25,3570,2,12,1,12.0,90.0,47594.4,50,999.0,True,0.0,20.0,0,10,0,False,False,0,WET,NORMAL,8,0,45,False,1,BRIGHT,FOG,0,30,True,True,0,SAFE,SAFE,SAFE,10,0,100,False,1,0,0,12,100,30,False,True,True,False,True,False
34.8,30.37,3583,2,12,1,12.0,90.0,47594.4,50,999.0,True,0.0,20.0,0,10,0,False,False,0,WET,NORMAL,8,0,45,False,1,BRIGHT,FOG,0,30,True,True,0,SAFE,SAFE,SAFE,10,0,100,False,1,0,0,12,100,30,False,True,True,False,True,False
34.85,30.57,3607,2,12,1,12.0,90.0,47594.4,50,999.0,True,0.0,20.0,0,10,0,False,False,0,WET,NORMAL,8,0,45,False,1,BRIGHT,FOG,0,30,True,True,0,SAFE,SAFE,SAFE,10,0,100,False,1,0,0,12,100,30,False,True,True,False,True,False
34.9,30.33,3579,2,12,1,12.0,90.0,47594.4,50,999.0,True,0.0,20.0,0,10,0,False,False,0,WET,NORMAL,8,0,45,False,1,BRIGHT,FOG,0,30,True,True,0,SAFE,SAFE,SAFE,10,0,100,False,1,0,0,12,100,30,False,True,True,False,True,False
34.95,30.24,3569,2,12,1,12.0,90.0,47594.4,30,999.0,True,0.0,20.0,0,10,0,False,False,0,WET,NORMAL,0,0,27,False,1,BRIGHT,FOG,0,18,True,True,0,SAFE,SAFE,SAFE,10,0,100,False,1,0,0,12,100,18,False,True,True,False,True,False
35.0,29.88,3525,2,12,1,12.0,90.0,47594.4,50,999.0,True,0.0,20.0,0,10,0,False,False,0,WET,NORMAL,8,0,45,False,1,BRIGHT,FOG,8,30,True,True,0,SAFE,SAFE,SAFE,10,0,100,False,1,8,0,12,100,30,False,True,True,False,True,False
35.05,29.68,3502,2,12,1,12.0,90.0,47594.4,50,999.0,True,0.0,20.0,0,10,0,False,False,0,WET,NORMAL,8,0,45,False,1,BRIGHT,FOG,8,30,True,True,0,SAFE,SAFE,SAFE,10,0,100,False,1,8,0,12,100,30,False,True,True,False,True,False
35.1,29.39,3468,2,12,1,12.0,90.0,47594.4,50,999.0,True,0.0,20.0,0,10,0,False,False,0,WET,NORMAL,8,0,45,False,1,BRIGHT,FOG,8,30,True,True,0,SAFE,SAFE,SAFE,10,0,100,False,1,8,0,12,100,30,False,True,True,False,True,False
35.15,29.47,3477,2,12,1,12.0,90.0,47594.4,50,999.0,True,0.0,20.0,0,10,0,False,False,0,WET,NORMAL,8,0,45,False,1,BRIGHT,FOG,8,30,True,True,0,SAFE,SAFE,SAFE,10,0,100,False,1,8,0,12,100,30,False,True,True,False,True,False
35.2,29.43,3473,2,12,1,12.0,90.0,47594.4,50,999.0,True,0.0,20.0,0,10,0,False,False,0,WET,NORMAL,8,0,45,False,1,BRIGHT,FOG,8,30,True,True,0,SAFE,SAFE,SAFE,10,0,100,False,1,8,0,12,100,30,False,True,True,False,True,False
35.25,29.72,3507,2,12,1,12.0,90.0,47594.4,50,999.0,True,0.0,20.0,0,10,0,False,False,0,WET,NORMAL,8,0,45,False,1,BRIGHT,FOG,8,30,True,True,0,SAFE,SAFE,SAFE,10,0,100,False,1,8,0,12,100,30,False,True,True,False,True,False
35.3,29.85,3522,2,12,1,12.0,90.0,47594.4,50,999.0,True,0.0,20.0,0,10,0,False,False,0,WET,NORMAL,8,0,45,False,1,BRIGHT,FOG,8,30,True,True,0,SAFE,SAFE,SAFE,10,0,100,False,1,8,0,12,100,30,False,True,True,False,True,False
35.35,30.31,3577,2,12,1,12.0,90.0,47594.4,50,999.0,True,0.0,20.0,0,10,0,False,False,0,WET,NORMAL,8,0,45,False,1,BRIGHT,FOG,0,30,True,True,0,SAFE,SAFE,SAFE,10,0,100,False,1,0,0,12,100,30,False,True,True,False,True,False
35.4,30.36,3583,2,12,1,12.0,90.0,47594.4,50,999.0,True,0.0,20.0,0,10,0,False,False,0,WET,NORMAL,8,0,45,False,1,BRIGHT,FOG,0,30,True,True,0,SAFE,SAFE,SAFE,10,0,100,False,1,0,0,12,100,30,False,True,True,False,True,False
35.45,30.57,3607,2,12,1,12.0,90.0,47594.4,50,999.0,True,0.0,20.0,0,10,0,False,False,0,WET,NORMAL,8,0,45,False,1,BRIGHT,FOG,0,30,True,True,0,SAFE,SAFE,SAFE,10,0,100,False,1,0,0,12,100,30,False,True,True,False,True,False
35.5,30.0,3540,2,12,1,12.0,90.0,47594.4,50,999.0,True,0.0,20.0,0,10,0,False,False,0,WET,NORMAL,8,0,45,False,1,BRIGHT,FOG,8,30,True,True,0,SAFE,SAFE,SAFE,10,0,100,False,1,8,0,12,100,30,False,True,True,False,True,False
35.55,29.94,3533,2,12,1,12.0,90.0,47594.4,50,999.0,True,0.0,20.0,0,10,0,False,False,0,WET,NORMAL,8,0,45,False,1,BRIGHT,FOG,8,30,True,True,0,SAFE,SAFE,SAFE,10,0,100,False,1,8,0,12,100,30,False,True,True,False,True,False
35.6,29.67,3501,2,12,1,12.0,90.0,47594.4,50,999.0,True,0.0,20.0,0,10,0,False,False,0,WET,NORMAL,8,0,45,False,1,BRIGHT,FOG,8,30,True,True,0,SAFE,SAFE,SAFE,10,0,100,False,1,8,0,12,100,30,False,True,True,False,True,False
35.65,29.73,3508,2,12,1,12.0,90.0,47594.4,50,999.0,True,0.0,20.0,0,10,0,False,False,0,WET,NORMAL,8,0,45,False,1,BRIGHT,FOG,8,30,True,True,0,SAFE,SAFE,SAFE,10,0,100,False,1,8,0,12,100,30,False,True,True,False,True,False
35.7,29.96,3535,2,12,1,12.0,90.0,47594.4,50,999.0,True,0.0,20.0,0,10,0,False,False,0,WET,NORMAL,8,0,45,False,1,BRIGHT,FOG,8,30,True,True,0,SAFE,SAFE,SAFE,10,0,100,False,1,8,0,12,100,30,False,True,True,False,True,False
35.75,29.96,3535,2,12,1,12.0,90.0,47594.4,50,999.0,True,0.0,20.0,0,10,0,False,False,0,WET,NORMAL,8,0,45,False,1,BRIGHT,FOG,8,30,True,True,0,SAFE,SAFE,SAFE,10,0,100,False,1,8,0,12,100,30,False,True,True,False,True,False
35.8,30.44,3592,2,12,1,12.0,90.0,47594.4,50,999.0,True,0.0,20.0,0,10,0,False,False,0,WET,NORMAL,8,0,45,False,1,BRIGHT,FOG,0,30,True,True,0,SAFE,SAFE,SAFE,10,0,100,False,1,0,0,12,100,30,False,True,True,False,True,False
35.85,30.23,3567,2,12,1,12.0,90.0,47594.4,50,999.0,True,0.0,20.0,0,10,0,False,False,0,WET,ROUGH,8,0,40,False,1,BRIGHT,FOG,0,30,True,True,0,SAFE,SAFE,SAFE,10,0,100,False,1,0,0,12,100,30,False,True,True,False,True,False
35.9,30.47,3595,2,12,1,12.0,90.0,47594.4,30,999.0,True,0.0,20.0,0,10,0,False,False,0,WET,ROUGH,0,2,24,False,1,BRIGHT,FOG,0,18,True,True,0,SAFE,SAFE,SAFE,10,0,100,False,1,0,2,12,100,18,False,True,True,False,True,False
35.95,30.04,3544,2,12,1,12.0,90.0,47594.4,30,999.0,True,0.0,20.0,0,10,0,False,False,0,WET,NORMAL,0,0,27,False,1,BRIGHT,FOG,0,18,True,True,0,SAFE,SAFE,SAFE,10,0,100,False,1,0,0,12,100,18,False,True,True,False,True,False
36.0,29.87,3525,2,12,1,12.0,90.0,46995.5,30,999.0,True,0.0,20.0,0,10,0,False,False,0,WET,NORMAL,0,0,27,False,1,BRIGHT,FOG,0,18,True,True,0,SAFE,SAFE,SAFE,10,0,100,False,1,0,0,12,100,18,False,True,True,False,True,False
36.05,29.43,3472,2,12,1,12.0,90.0,46995.5,30,999.0,True,0.0,20.0,0,10,0,False,False,0,WET,NORMAL,0,0,27,False,1,BRIGHT,FOG,0,18,True,True,0,SAFE,SAFE,SAFE,10,0,100,False,1,0,0,12,100,18,False,True,True,False,True,False
36.1,29.04,3426,2,12,1,12.0,90.0,46995.5,30,999.0,True,0.0,20.0,0,10,0,False,False,0,WET,NORMAL,0,0,27,False,1,BRIGHT,FOG,0,18,True,True,0,SAFE,SAFE,SAFE,10,0,100,False,1,0,0,12,100,18,False,True,True,False,True,False
36.15,28.62,3377,2,12,1,12.0,90.0,46995.5,30,999.0,True,0.0,20.0,0,10,0,False,False,0,WET,NORMAL,0,0,27,False,1,BRIGHT,FOG,0,18,True,True,0,SAFE,SAFE,SAFE,10,0,100,False,1,0,0,12,100,18,False,True,True,False,True,False
36.2,28.18,3325,2,12,1,12.0,90.0,46995.5,30,999.0,True,0.0,20.0,0,10,0,False,False,0,WET,NORMAL,0,0,27,False,1,BRIGHT,FOG,0,18,True,True,0,SAFE,SAFE,SAFE,10,0,100,False,1,0,0,12,100,18,False,True,True,False,True,False
36.25,27.74,3273,2,12,1,12.0,90.0,46995.5,30,999.0,True,0.0,20.0,0,10,0,False,False,0,WET,NORMAL,0,0,27,False,1,BRIGHT,FOG,0,18,True,True,0,SAFE,SAFE,SAFE,10,0,100,False,1,0,0,12,100,18,False,True,True,False,True,False
36.3,27.29,3221,2,12,1,12.0,90.0,46995.5,30,999.0,True,0.0,20.0,0,10,0,False,False,0,WET,NORMAL,0,0,27,False,1,BRIGHT,FOG,0,18,True,True,0,SAFE,SAFE,SAFE,10,0,100,False,1,0,0,12,100,18,False,True,True,False,True,False
36.35,26.85,3169,2,12,1,12.0,90.0,46995.5,30,999.0,True,0.0,20.0,0,10,0,False,False,0,WET,NORMAL,8,0,27,False,1,BRIGHT,FOG,0,18,True,True,0,SAFE,SAFE,SAFE,10,0,100,False,1,0,0,12,100,18,False,True,True,False,True,False
36.4,26.41,3117,2,12,1,12.0,90.0,46995.5,30,999.0,True,0.0,20.0,0,10,0,False,False,0,WET,NORMAL,8,0,27,False,1,BRIGHT,FOG,0,18,True,True,0,SAFE,SAFE,SAFE,10,0,100,False,1,0,0,12,100,18,False,True,True,False,True,False
36.45,25.98,3065,2,12,1,12.0,90.0,46995.5,30,999.0,True,0.0,20.0,0,10,0,False,False,0,WET,NORMAL,8,0,27,False,1,BRIGHT,FOG,0,18,True,True,0,SAFE,SAFE,SAFE,10,0,100,False,1,0,0,12,100,18,False,True,True,False,True,False
36.5,25.54,3014,2,12,1,12.0,90.0,46995.5,30,999.0,True,0.0,20.0,0,10,0,False,False,0,WET,NORMAL,8,0,27,False,1,BRIGHT,FOG,0,18,True,True,0,SAFE,SAFE,SAFE,10,0,100,False,1,0,0,12,100,18,False,True,True,False,True,False
36.55,25.11,2964,1,12,1,12.0,90.0,46995.5,30,999.0,True,0.0,20.0,0,10,0,False,False,0,WET,NORMAL,8,0,27,False,1,BRIGHT,FOG,0,18,True,True,0,SAFE,SAFE,SAFE,10,0,100,False,1,0,0,12,100,18,True,True,True,False,True,False
36.6,24.06,7000,1,12,1,12.0,90.0,46995.5,30,999.0,True,0.0,20.0,0,10,0,False,False,0,WET,NORMAL,8,0,27,False,1,BRIGHT,FOG,0,18,True,True,0,SAFE,SAFE,SAFE,10,0,100,False,1,0,0,12,100,18,False,True,True,False,True,False
36.65,23.03,7000,1,12,1,12.0,90.0,46995.5,30,999.0,True,0.0,20.0,0,10,0,False,False,0,WET,NORMAL,8,0,27,False,1,BRIGHT,FOG,0,18,True,True,0,SAFE,SAFE,SAFE,10,0,100,False,1,0,0,12,100,18,False,True,True,False,True,False
36.7,22.13,7000,1,12,1,12.0,90.0,46995.5,30,999.0,True,0.0,20.0,0,10,0,False,False,0,WET,NORMAL,8,0,27,False,1,BRIGHT,FOG,0,18,True,True,0,SAFE,SAFE,SAFE,10,0,100,False,1,0,0,12,100,18,False,True,True,False,True,False
36.75,21.31,6924,1,12,1,12.0,90.0,46995.5,30,999.0,True,0.0,20.0,0,10,0,False,False,0,WET,NORMAL,8,0,27,False,1,BRIGHT,FOG,0,18,True,True,0,SAFE,SAFE,SAFE,10,0,100,False,1,0,0,12,100,18,False,True,True,False,True,False
36.8,20.55,6675,1,12,1,12.0,90.0,46995.5,30,999.0,True,0.0,20.0,0,10,0,False,False,0,WET,NORMAL,8,0,27,False,1,BRIGHT,FOG,0,18,True,True,0,SAFE,SAFE,SAFE,10,0,100,False,1,0,0,12,100,18,False,True,True,False,True,False
36.85,19.82,6439,1,12,1,12.0,90.0,46995.5,30,999.0,True,0.0,20.0,0,10,0,False,False,0,WET,NORMAL,8,0,27,False,1,BRIGHT,FOG,0,18,True,True,0,SAFE,SAFE,SAFE,10,0,100,False,1,0,0,12,100,18,False,True,True,False,True,False
36.9,19.13,6214,1,12,1,12.0,90.0,46995.5,30,999.0,True,0.0,20.0,0,10,0,False,False,0,WET,NORMAL,8,0,27,False,1,BRIGHT,FOG,0,18,True,True,0,SAFE,SAFE,SAFE,10,0,100,False,1,0,0,12,100,18,False,True,True,False,True,False
36.95,18.46,5996,1,12,1,12.0,90.0,46995.5,30,999.0,True,0.0,20.0,0,10,0,False,False,0,WET,NORMAL,8,0,27,False,1,BRIGHT,FOG,0,18,True,True,0,SAFE,SAFE,SAFE,10,0,100,False,1,0,0,12,100,18,False,True,True,False,True,False
37.0,17.22,5595,1,12,1,12.0,90.0,46995.5,30,999.0,True,0.0,20.0,0,10,0,False,False,0,WET,NORMAL,8,0,27,False,1,BRIGHT,FOG,8,18,True,True,0,SAFE,SAFE,SAFE,10,0,100,False,1,8,0,12,100,18,False,True,True,False,True,False
37.05,14.99,4869,1,12,1,12.0,90.0,46995.5,30,999.0,True,0.0,20.0,0,10,0,False,False,0,WET,NORMAL,8,0,27,False,1,BRIGHT,FOG,8,18,True,True,0,SAFE,SAFE,SAFE,10,0,100,False,1,8,0,12,100,18,False,True,True,False,True,False
37.1,14.87,4832,1,12,1,12.0,90.0,46995.5,30,999.0,True,0.0,20.0,0,10,0,False,False,0,WET,NORMAL,8,0,27,False,1,BRIGHT,FOG,8,18,True,True,0,SAFE,SAFE,SAFE,10,0,100,False,1,8,0,12,100,18,False,True,True,False,True,False
37.15,14.96,4859,1,12,1,12.0,90.0,46995.5,30,999.0,True,0.0,20.0,0,10,0,False,False,0,WET,NORMAL,8,0,27,False,1,BRIGHT,FOG,8,18,True,True,0,SAFE,SAFE,SAFE,10,0,100,False,1,8,0,12,100,18,False,True,True,False,True,False
37.2,15.18,4931,1,12,1,12.0,90.0,46995.5,30,999.0,True,0.0,20.0,0,10,0,False,False,0,WET,NORMAL,8,0,27,False,1,BRIGHT,FOG,8,18,True,True,0,SAFE,SAFE,SAFE,10,0,100,False,1,8,0,12,100,18,False,True,True,False,True,False
37.25,15.52,5041,1,12,1,12.0,90.0,46995.5,30,999.0,True,0.0,20.0,0,10,0,False,False,0,WET,NORMAL,8,0,27,False,1,BRIGHT,FOG,8,18,True,True,0,SAFE,SAFE,SAFE,10,0,100,False,1,8,0,12,100,18,False,True,True,False,True,False
37.3,15.89,5163,1,12,1,12.0,90.0,46995.5,30,999.0,True,0.0,20.0,0,10,0,False,False,0,WET,NORMAL,8,0,27,False,1,BRIGHT,FOG,8,18,True,True,0,SAFE,SAFE,SAFE,10,0,100,False,1,8,0,12,100,18,False,True,True,False,True,False
37.35,16.32,5302,1,12,1,12.0,90.0,46995.5,30,999.0,True,0.0,20.0,0,10,0,False,False,0,WET,NORMAL,8,0,27,False,1,BRIGHT,FOG,8,18,True,True,0,SAFE,SAFE,SAFE,10,0,100,False,1,8,0,12,100,18,False,True,True,False,True,False
37.4,16.77,5447,1,12,1,12.0,90.0,46995.5,30,999.0,True,0.0,20.0,0,10,0,False,False,0,WET,NORMAL,8,0,27,False,1,BRIGHT,FOG,8,18,True,True,0,SAFE,SAFE,SAFE,10,0,100,False,1,8,0,12,100,18,False,True,True,False,True,False
37.45,17.24,5600,1,12,1,12.0,90.0,46995.5,30,999.0,True,0.0,20.0,0,10,0,False,False,0,WET,NORMAL,8,0,27,False,1,BRIGHT,FOG,8,18,True,True,0,SAFE,SAFE,SAFE,10,0,100,False,1,8,0,12,100,18,False,True,True,False,True,False
37.5,17.72,5758,1,12,1,12.0,90.0,46263.7,30,999.0,True,0.0,20.0,0,10,0,False,False,0,WET,NORMAL,8,0,27,False,1,BRIGHT,FOG,8,18,True,True,0,SAFE,SAFE,SAFE,10,0,100,False,1,8,0,12,100,18,False,True,True,False,True,False
37.55,18.23,5923,1,12,1,12.0,90.0,46263.7,30,999.0,True,0.0,20.0,0,10,0,False,False,0,WET,NORMAL,8,0,27,False,1,BRIGHT,FOG,0,18,True,True,0,SAFE,SAFE,SAFE,10,0,100,False,1,0,0,12,100,18,False,True,True,False,True,False
37.6,18.63,6053,1,12,1,12.0,90.0,46263.7,30,999.0,True,0.0,20.0,0,10,0,False,False,0,WET,NORMAL,8,0,27,False,1,BRIGHT,FOG,0,18,True,True,0,SAFE,SAFE,SAFE,10,0,100,False,1,0,0,12,100,18,False,True,True,False,True,False
37.65,18.35,5960,1,12,1,12.0,90.0,46263.7,30,999.0,True,0.0,20.0,0,10,0,False,False,0,WET,NORMAL,8,0,27,False,1,BRIGHT,FOG,0,18,True,True,0,SAFE,SAFE,SAFE,10,0,100,False,1,0,0,12,100,18,False,True,True,False,True,False
37.7,17.91,5817,1,12,1,12.0,90.0,46263.7,30,999.0,True,0.0,20.0,0,10,0,False,False,0,WET,NORMAL,8,0,27,False,1,BRIGHT,FOG,8,18,True,True,0,SAFE,SAFE,SAFE,10,0,100,False,1,8,0,12,100,18,False,True,True,False,True,False
37.75,17.73,5759,1,12,1,12.0,90.0,46263.7,30,999.0,True,0.0,20.0,0,10,0,False,False,0,WET,NORMAL,8,0,27,False,1,BRIGHT,FOG,8,18,True,True,0,SAFE,SAFE,SAFE,10,0,100,False,1,8,0,12,100,18,False,True,True,False,True,False
37.8,17.67,5740,1,12,1,12.0,90.0,46263.7,30,999.0,True,0.0,20.0,0,10,0,False,False,0,WET,NORMAL,8,0,27,False,1,BRIGHT,FOG,8,18,True,True,0,SAFE,SAFE,SAFE,10,0,100,False,1,8,0,12,100,18,False,True,True,False,True,False
37.85,17.75,5767,1,12,1,12.0,90.0,46263.7,30,999.0,True,0.0,20.0,0,10,0,False,False,0,WET,NORMAL,8,0,27,False,1,BRIGHT,FOG,8,18,True,True,0,SAFE,SAFE,SAFE,10,0,100,False,1,8,0,12,100,18,False,True,True,False,True,False
37.9,17.99,5844,1,12,1,12.0,90.0,46263.7,30,999.0,True,0.0,20.0,0,10,0,False,False,0,WET,NORMAL,8,0,27,False,1,BRIGHT,FOG,8,18,True,True,0,SAFE,SAFE,SAFE,10,0,100,False,1,8,0,12,100,18,False,True,True,False,True,False
37.95,18.35,5962,1,12,1,12.0,90.0,46263.7,30,999.0,True,0.0,20.0,0,10,0,False,False,0,WET,NORMAL,8,0,27,False,1,BRIGHT,FOG,0,18,True,True,0,SAFE,SAFE,SAFE,10,0,100,False,1,0,0,12,100,18,False,True,True,False,True,False
38.0,18.24,5925,1,12,1,12.0,90.0,46263.7,30,999.0,True,0.0,20.0,0,10,0,False,False,0,WET,NORMAL,8,0,27,False,1,BRIGHT,FOG,0,18,True,True,0,SAFE,SAFE,SAFE,10,0,100,False,1,0,0,12,100,18,False,True,True,False,True,False
38.05,14.98,4865,1,12,1,12.0,90.0,46263.7,30,999.0,True,0.0,20.0,0,10,0,False,False,0,WET,NORMAL,8,0,27,False,1,BRIGHT,FOG,8,18,True,True,0,SAFE,SAFE,SAFE,10,0,100,False,1,8,0,12,100,18,False,True,True,False,True,False
38.1,13.2,4288,1,12,1,12.0,90.0,46263.7,30,999.0,True,0.0,20.0,0,10,0,False,False,0,WET,NORMAL,8,0,27,False,1,BRIGHT,FOG,8,18,True,True,0,SAFE,SAFE,SAFE,10,0,100,False,1,8,0,12,100,18,False,True,True,False,True,False
38.15,13.48,4380,1,12,1,12.0,90.0,46263.7,30,999.0,True,0.0,20.0,0,10,0,False,False,0,WET,NORMAL,8,0,27,False,1,BRIGHT,FOG,8,18,True,True,0,SAFE,SAFE,SAFE,10,0,100,False,1,8,0,12,100,18,False,True,True,False,True,False
38.2,13.81,4486,1,12,1,12.0,90.0,46263.7,30,999.0,True,0.0,20.0,0,10,0,False,False,0,WET,NORMAL,8,0,27,False,1,BRIGHT,FOG,8,18,True,True,0,SAFE,SAFE,SAFE,10,0,100,False,1,8,0,12,100,18,False,True,True,False,True,False
38.25,14.16,4601,1,12,1,12.0,90.0,46263.7,30,999.0,True,0.0,20.0,0,10,0,False,False,0,WET,NORMAL,8,0,27,False,1,BRIGHT,FOG,8,18,True,True,0,SAFE,SAFE,SAFE,10,0,100,False,1,8,0,12,100,18,False,True,True,False,True,False
38.3,14.59,4740,1,12,1,12.0,90.0,46263.7,30,999.0,True,0.0,20.0,0,10,0,False,False,0,WET,NORMAL,8,0,27,False,1,BRIGHT,FOG,8,18,True,True,0,SAFE,SAFE,SAFE,10,0,100,False,1,8,0,12,100,18,False,True,True,False,True,False
38.35,15.01,4876,1,12,1,12.0,90.0,46263.7,30,999.0,True,0.0,20.0,0,10,0,False,False,0,WET,NORMAL,8,0,27,False,1,BRIGHT,FOG,8,18,True,True,0,SAFE,SAFE,SAFE,10,0,100,False,1,8,0,12,100,18,False,True,True,False,True,False
38.4,15.47,5025,1,12,1,12.0,90.0,46263.7,30,999.0,True,0.0,20.0,0,10,0,False,False,0,WET,NORMAL,8,0,27,False,1,BRIGHT,FOG,8,18,True,True,0,SAFE,SAFE,SAFE,10,0,100,False,1,8,0,12,100,18,False,True,True,False,True,False
38.45,15.92,5172,1,12,1,12.0,90.0,46263.7,30,999.0,True,0.0,20.0,0,10,0,False,False,0,WET,NORMAL,8,0,27,False,1,BRIGHT,FOG,8,18,True,True,0,SAFE,SAFE,SAFE,10,0,100,False,1,8,0,12,100,18,False,True,True,False,True,False
38.5,16.39,5325,1,12,1,12.0,90.0,46263.7,30,999.0,True,0.0,20.0,0,10,0,False,False,0,WET,NORMAL,8,0,27,False,1,BRIGHT,FOG,8,18,True,True,0,SAFE,SAFE,SAFE,10,0,100,False,1,8,0,12,100,18,False,True,True,False,True,False
38.55,16.87,5480,1,12,1,12.0,90.0,46263.7,30,999.0,True,0.0,20.0,0,10,0,False,False,0,WET,NORMAL,8,0,27,False,1,BRIGHT,FOG,8,18,True,True,0,SAFE,SAFE,SAFE,10,0,100,False,1,8,0,12,100,18,False,True,True,False,True,False
38.6,17.36,5639,1,12,1,12.0,90.0,46263.7,30,999.0,True,0.0,20.0,0,10,0,False,False,0,WET,NORMAL,8,0,27,False,1,BRIGHT,FOG,8,18,True,True,0,SAFE,SAFE,SAFE,10,0,100,False,1,8,0,12,100,18,False,True,True,False,True,False
38.65,17.86,5803,1,12,1,12.0,90.0,46263.7,30,999.0,True,0.0,20.0,0,10,0,False,False,0,WET,NORMAL,8,0,27,False,1,BRIGHT,FOG,8,18,True,True,0,SAFE,SAFE,SAFE,10,0,100,False,1,8,0,12,100,18,False,True,True,False,True,False
38.7,18.38,5971,1,12,1,12.0,90.0,46263.7,30,999.0,True,0.0,20.0,0,10,0,False,False,0,WET,NORMAL,8,0,27,False,1,BRIGHT,FOG,0,18,True,True,0,SAFE,SAFE,SAFE,10,0,100,False,1,0,0,12,100,18,False,True,True,False,True,False
38.75,18.65,6057,1,12,1,12.0,90.0,46263.7,30,999.0,True,0.0,20.0,0,10,0,False,False,0,WET,NORMAL,8,0,27,False,1,BRIGHT,FOG,0,18,True,True,0,SAFE,SAFE,SAFE,10,0,100,False,1,0,0,12,100,18,False,True,True,False,True,False
38.8,16.33,5306,1,12,1,12.0,90.0,46263.7,30,999.0,True,0.0,20.0,0,10,0,False,False,0,WET,NORMAL,8,0,27,False,1,BRIGHT,FOG,8,18,True,True,0,SAFE,SAFE,SAFE,10,0,100,False,1,8,0,12,100,18,False,True,True,False,True,False
38.85,14.51,4715,1,12,1,12.0,90.0,46263.7,30,999.0,True,0.0,20.0,0,10,0,False,False,0,WET,NORMAL,8,0,27,False,1,BRIGHT,FOG,8,18,True,True,0,SAFE,SAFE,SAFE,10,0,100,False,1,8,0,12,100,18,False,True,True,False,True,False
38.9,14.75,4793,1,12,1,12.0,90.0,46263.7,30,999.0,True,0.0,20.0,0,10,0,False,False,0,WET,NORMAL,8,0,27,False,1,BRIGHT,FOG,8,18,True,True,0,SAFE,SAFE,SAFE,10,0,100,False,1,8,0,12,100,18,False,True,True,False,True,False
38.95,15.04,4885,1,12,1,12.0,90.0,46263.7,30,999.0,True,0.0,20.0,0,10,0,False,False,0,WET,NORMAL,8,0,27,False,1,BRIGHT,FOG,8,18,True,True,0,SAFE,SAFE,SAFE,10,0,100,False,1,8,0,12,100,18,False,True,True,False,True,False
39.0,15.37,4995,1,12,1,12.0,90.0,45409.2,30,999.0,True,0.0,20.0,0,10,0,False,False,0,WET,NORMAL,8,0,27,False,1,BRIGHT,FOG,8,18,True,True,0,SAFE,SAFE,SAFE,10,0,100,False,1,8,0,12,100,18,False,True,True,False,True,False
39.05,15.78,5126,1,12,1,12.0,90.0,45409.2,30,999.0,True,0.0,20.0,0,10,0,False,False,0,WET,NORMAL,8,0,27,False,1,BRIGHT,FOG,8,18,True,True,0,SAFE,SAFE,SAFE,10,0,100,False,1,8,0,12,100,18,False,True,True,False,True,False
39.1,16.2,5264,1,12,1,12.0,90.0,45409.2,30,999.0,True,0.0,20.0,0,10,0,False,False,0,WET,NORMAL,8,0,27,False,1,BRIGHT,FOG,8,18,True,True,0,SAFE,SAFE,SAFE,10,0,100,False,1,8,0,12,100,18,False,True,True,False,True,False
39.15,16.66,5411,1,12,1,12.0,90.0,45409.2,30,999.0,True,0.0,20.0,0,10,0,False,False,0,WET,NORMAL,8,0,27,False,1,BRIGHT,FOG,8,18,True,True,0,SAFE,SAFE,SAFE,10,0,100,False,1,8,0,12,100,18,False,True,True,False,True,False
39.2,17.13,5564,1,12,1,12.0,90.0,45409.2,30,999.0,True,0.0,20.0,0,10,0,False,False,0,WET,NORMAL,8,0,27,False,1,BRIGHT,FOG,8,18,True,True,0,SAFE,SAFE,SAFE,10,0,100,False,1,8,0,12,100,18,False,True,True,False,True,False
39.25,17.61,5722,1,12,1,12.0,90.0,45409.2,30,999.0,True,0.0,20.0,0,10,0,False,False,0,WET,NORMAL,8,0,27,False,1,BRIGHT,FOG,8,18,True,True,0,SAFE,SAFE,SAFE,10,0,100,False,1,8,0,12,100,18,False,True,True,False,True,False
39.3,18.12,5886,1,12,1,12.0,90.0,45409.2,30,999.0,True,0.0,20.0,0,10,0,False,False,0,WET,NORMAL,8,0,27,False,1,BRIGHT,FOG,0,18,True,True,0,SAFE,SAFE,SAFE,10,0,100,False,1,0,0,12,100,18,False,True,True,False,True,False
39.35,18.49,6005,1,12,1,12.0,90.0,45409.2,30,999.0,True,0.0,20.0,0,10,0,False,False,0,WET,NORMAL,8,0,27,False,1,BRIGHT,FOG,0,18,True,True,0,SAFE,SAFE,SAFE,10,0,100,False,1,0,0,12,100,18,False,True,True,False,True,False
39.4,17.98,5842,1,12,1,12.0,90.0,45409.2,30,999.0,True,0.0,20.0,0,10,0,False,False,0,WET,NORMAL,8,0,27,False,1,BRIGHT,FOG,8,18,True,True,0,SAFE,SAFE,SAFE,10,0,100,False,1,8,0,12,100,18,False,True,True,False,True,False
39.45,17.81,5785,1,12,1,12.0,90.0,45409.2,30,999.0,True,0.0,20.0,0,10,0,False,False,0,WET,NORMAL,8,0,27,False,1,BRIGHT,FOG,8,18,True,True,0,SAFE,SAFE,SAFE,10,0,100,False,1,8,0,12,100,18,False,True,True,False,True,False
39.5,18.01,5852,1,12,1,12.0,90.0,45409.2,30,999.0,True,0.0,20.0,0,10,0,False,False,0,WET,NORMAL,8,0,27,False,1,BRIGHT,FOG,0,18,True,True,0,SAFE,SAFE,SAFE,10,0,100,False,1,0,0,12,100,18,False,True,True,False,True,False
39.55,17.93,5824,1,12,1,12.0,90.0,45409.2,30,999.0,True,0.0,20.0,0,10,0,False,False,0,WET,NORMAL,8,0,27,False,1,BRIGHT,FOG,8,18,True,True,0,SAFE,SAFE,SAFE,10,0,100,False,1,8,0,12,100,18,False,True,True,False,True,False
39.6,17.84,5797,1,12,1,12.0,90.0,45409.2,30,999.0,True,0.0,20.0,0,10,0,False,False,0,WET,NORMAL,8,0,27,False,1,BRIGHT,FOG,8,18,True,True,0,SAFE,SAFE,SAFE,10,0,100,False,1,8,0,12,100,18,False,True,True,False,True,False
39.65,17.87,5805,1,12,1,12.0,90.0,45409.2,30,999.0,True,0.0,20.0,0,10,0,False,False,0,WET,NORMAL,8,0,27,False,1,BRIGHT,FOG,8,18,True,True,0,SAFE,SAFE,SAFE,10,0,100,False,1,8,0,12,100,18,False,True,True,False,True,False
39.7,18.04,5859,1,12,1,12.0,90.0,45409.2,30,999.0,True,0.0,20.0,0,10,0,False,False,0,WET,NORMAL,8,0,27,False,1,BRIGHT,FOG,0,18,True,True,0,SAFE,SAFE,SAFE,10,0,100,False,1,0,0,12,100,18,False,True,True,False,True,False
39.75,18.2,5912,1,12,1,12.0,90.0,45409.2,30,999.0,True,0.0,20.0,0,10,0,False,False,0,WET,NORMAL,8,0,27,False,1,BRIGHT,FOG,0,18,True,True,0,SAFE,SAFE,SAFE,10,0,100,False,1,0,0,12,100,18,False,True,True,False,True,False
39.8,17.83,5792,1,12,1,12.0,90.0,45409.2,30,999.0,True,0.0,20.0,0,10,0,False,False,0,WET,NORMAL,8,0,27,False,1,BRIGHT,FOG,8,18,True,True,0,SAFE,SAFE,SAFE,10,0,100,False,1,8,0,12,100,18,False,True,True,False,True,False
39.85,17.69,5746,1,12,1,12.0,90.0,45409.2,30,999.0,True,0.0,20.0,0,10,0,False,False,0,WET,NORMAL,8,0,27,False,1,BRIGHT,FOG,8,18,True,True,0,SAFE,SAFE,SAFE,10,0,100,False,1,8,0,12,100,18,False,True,True,False,True,False
39.9,17.65,5733,1,12,1,12.0,90.0,45409.2,30,999.0,True,0.0,20.0,0,10,0,False,False,0,WET,NORMAL,8,0,27,False,1,BRIGHT,FOG,8,18,True,True,0,SAFE,SAFE,SAFE,10,0,100,False,1,8,0,12,100,18,False,True,True,False,True,False
39.95,17.74,5763,1,12,1,12.0,90.0,45409.2,30,999.0,True,0.0,20.0,0,10,0,False,False,0,WET,NORMAL,8,0,27,False,1,BRIGHT,FOG,8,18,True,True,0,SAFE,SAFE,SAFE,10,0,100,False,1,8,0,12,100,18,False,True,True,False,True,False
40.0,17.98,5842,1,12,1,12.0,90.0,45409.2,30,999.0,True,0.0,20.0,0,10,0,False,False,0,WET,NORMAL,8,0,27,False,1,BRIGHT,FOG,8,18,True,True,0,SAFE,SAFE,SAFE,10,0,100,False,1,8,0,12,100,18,False,True,True,False,True,False
40.05,18.35,5961,1,12,1,12.0,90.0,45409.2,30,999.0,True,0.0,20.0,0,10,0,False,False,0,WET,NORMAL,8,0,27,False,1,BRIGHT,FOG,0,18,True,True,0,SAFE,SAFE,SAFE,10,0,100,False,1,0,0,12,100,18,False,True,True,False,True,False
40.1,18.22,5920,1,12,1,12.0,90.0,45409.2,30,999.0,True,0.0,20.0,0,10,0,False,False,0,WET,NORMAL,8,0,27,False,1,BRIGHT,FOG,0,18,True,True,0,SAFE,SAFE,SAFE,10,0,100,False,1,0,0,12,100,18,False,True,True,False,True,False
40.15,18.08,5873,1,12,1,12.0,90.0,45409.2,30,999.0,True,0.0,20.0,0,10,0,False,False,0,WET,NORMAL,8,0,27,False,1,BRIGHT,FOG,0,18,True,True,0,SAFE,SAFE,SAFE,10,0,100,False,1,0,0,12,100,18,False,True,True,False,True,False
40.2,17.8,5784,1,12,1,12.0,90.0,45409.2,30,999.0,True,0.0,20.0,0,10,0,False,False,0,WET,NORMAL,8,0,27,False,1,BRIGHT,FOG,8,18,True,True,0,SAFE,SAFE,SAFE,10,0,100,False,1,8,0,12,100,18,False,True,True,False,True,False
40.25,17.61,5721,1,12,1,12.0,90.0,45409.2,30,999.0,True,0.0,20.0,0,10,0,False,False,0,WET,NORMAL,8,0,27,False,1,BRIGHT,FOG,8,18,True,True,0,SAFE,SAFE,SAFE,10,0,100,False,1,8,0,12,100,18,False,True,True,False,True,False
40.3,17.54,5700,1,12,1,12.0,90.0,45409.2,30,999.0,True,0.0,20.0,0,10,0,False,False,0,WET,NORMAL,8,0,27,False,1,BRIGHT,FOG,8,18,True,True,0,SAFE,SAFE,SAFE,10,0,100,False,1,8,0,12,100,18,False,True,True,False,True,False
40.35,17.62,5725,1,12,1,12.0,90.0,45409.2,30,999.0,True,0.0,20.0,0,10,0,False,False,0,WET,NORMAL,8,0,27,False,1,BRIGHT,FOG,8,18,True,True,0,SAFE,SAFE,SAFE,10,0,100,False,1,8,0,12,100,18,False,True,True,False,True,False
40.4,17.86,5802,1,12,1,12.0,90.0,45409.2,30,999.0,True,0.0,20.0,0,10,0,False,False,0,WET,NORMAL,8,0,27,False,1,BRIGHT,FOG,8,18,True,True,0,SAFE,SAFE,SAFE,10,0,100,False,1,8,0,12,100,18,False,True,True,False,True,False
40.45,18.2,5914,1,12,1,12.0,90.0,45409.2,30,999.0,True,0.0,20.0,0,10,0,False,False,0,WET,NORMAL,8,0,27,False,1,BRIGHT,FOG,0,18,True,True,0,SAFE,SAFE,SAFE,10,0,100,False,1,0,0,12,100,18,False,True,True,False,True,False
40.5,18.41,5981,1,12,1,12.0,90.0,44411.5,30,999.0,True,0.0,20.0,0,10,0,False,False,0,WET,NORMAL,8,0,27,False,1,BRIGHT,FOG,0,18,True,True,0,SAFE,SAFE,SAFE,10,0,100,False,1,0,0,12,100,18,False,True,True,False,True,False
40.55,17.06,5541,1,12,1,12.0,90.0,44411.5,30,999.0,True,0.0,20.0,0,10,0,False,False,0,WET,NORMAL,8,0,27,False,1,BRIGHT,FOG,8,18,True,True,0,SAFE,SAFE,SAFE,10,0,100,False,1,8,0,12,100,18,False,True,True,False,True,False
40.6,16.14,5242,1,12,1,12.0,90.0,44411.5,30,999.0,True,0.0,20.0,0,10,0,False,False,0,WET,NORMAL,8,0,27,False,1,BRIGHT,FOG,8,18,True,True,0,SAFE,SAFE,SAFE,10,0,100,False,1,8,0,12,100,18,False,True,True,False,True,False
40.65,16.25,5281,1,12,1,12.0,90.0,44411.5,30,999.0,True,0.0,20.0,0,10,0,False,False,0,WET,NORMAL,8,0,27,False,1,BRIGHT,FOG,8,18,True,True,0,SAFE,SAFE,SAFE,10,0,100,False,1,8,0,12,100,18,False,True,True,False,True,False
40.7,16.44,5342,1,12,1,12.0,90.0,44411.5,30,999.0,True,0.0,20.0,0,10,0,False,False,0,WET,NORMAL,8,0,27,False,1,BRIGHT,FOG,8,18,True,True,0,SAFE,SAFE,SAFE,10,0,100,False,1,8,0,12,100,18,False,True,True,False,True,False
40.75,16.74,5439,1,12,1,12.0,90.0,44411.5,30,999.0,True,0.0,20.0,0,10,0,False,False,0,WET,NORMAL,8,0,27,False,1,BRIGHT,FOG,8,18,True,True,0,SAFE,SAFE,SAFE,10,0,100,False,1,8,0,12,100,18,False,True,True,False,True,False
40.8,17.11,5560,1,12,1,12.0,90.0,44411.5,30,999.0,True,0.0,20.0,0,10,0,False,False,0,WET,NORMAL,8,0,27,False,1,BRIGHT,FOG,8,18,True,True,0,SAFE,SAFE,SAFE,10,0,100,False,1,8,0,12,100,18,False,True,True,False,True,False
40.85,17.54,5697,1,12,1,12.0,90.0,44411.5,30,999.0,True,0.0,20.0,0,10,0,False,False,0,WET,NORMAL,8,0,27,False,1,BRIGHT,FOG,8,18,True,True,0,SAFE,SAFE,SAFE,10,0,100,False,1,8,0,12,100,18,False,True,True,False,True,False
40.9,18.0,5847,1,12,1,12.0,90.0,44411.5,30,999.0,True,0.0,20.0,0,10,0,False,False,0,WET,NORMAL,8,0,27,False,1,BRIGHT,FOG,8,18,True,True,0,SAFE,SAFE,SAFE,10,0,100,False,1,8,0,12,100,18,False,True,True,False,True,False
40.95,18.49,6008,1,12,1,12.0,90.0,44411.5,30,999.0,True,0.0,20.0,0,10,0,False,False,0,WET,NORMAL,8,0,27,False,1,BRIGHT,FOG,0,18,True,True,0,SAFE,SAFE,SAFE,10,0,100,False,1,0,0,12,100,18,False,True,True,False,True,False
41.0,18.47,6000,1,12,1,12.0,90.0,44411.5,30,999.0,True,0.0,20.0,0,10,0,False,False,0,WET,NORMAL,8,0,27,False,1,BRIGHT,FOG,0,18,True,True,0,SAFE,SAFE,SAFE,10,0,100,False,1,0,0,12,100,18,False,True,True,False,True,False
41.05,18.38,5970,1,12,1,12.0,90.0,44411.5,30,999.0,True,0.0,20.0,0,10,0,False,False,0,WET,NORMAL,8,0,27,False,1,BRIGHT,FOG,0,18,True,True,0,SAFE,SAFE,SAFE,10,0,100,False,1,0,0,12,100,18,False,True,True,False,True,False
41.1,17.98,5841,1,12,1,12.0,90.0,44411.5,30,999.0,True,0.0,20.0,0,10,0,False,False,0,WET,NORMAL,8,0,27,False,1,BRIGHT,FOG,8,18,True,True,0,SAFE,SAFE,SAFE,10,0,100,False,1,8,0,12,100,18,False,True,True,False,True,False
41.15,17.86,5801,1,12,1,12.0,90.0,44411.5,30,999.0,True,0.0,20.0,0,10,0,False,False,0,WET,NORMAL,8,0,27,False,1,BRIGHT,FOG,8,18,True,True,0,SAFE,SAFE,SAFE,10,0,100,False,1,8,0,12,100,18,False,True,True,False,True,False
41.2,17.83,5791,1,12,1,12.0,90.0,44411.5,30,999.0,True,0.0,20.0,0,10,0,False,False,0,WET,NORMAL,8,0,27,False,1,BRIGHT,FOG,8,18,True,True,0,SAFE,SAFE,SAFE,10,0,100,False,1,8,0,12,100,18,False,True,True,False,True,False
41.25,17.92,5823,1,12,1,12.0,90.0,44411.5,30,999.0,True,0.0,20.0,0,10,0,False,False,0,WET,NORMAL,8,0,27,False,1,BRIGHT,FOG,8,18,True,True,0,SAFE,SAFE,SAFE,10,0,100,False,1,8,0,12,100,18,False,True,True,False,True,False
41.3,18.17,5902,1,12,1,12.0,90.0,44411.5,30,999.0,True,0.0,20.0,0,10,0,False,False,0,WET,NORMAL,8,0,27,False,1,BRIGHT,FOG,0,18,True,True,0,SAFE,SAFE,SAFE,10,0,100,False,1,0,0,12,100,18,False,True,True,False,True,False
41.35,18.07,5871,1,12,1,12.0,90.0,44411.5,30,999.0,True,0.0,20.0,0,10,0,False,False,0,WET,NORMAL,8,0,27,False,1,BRIGHT,FOG,0,18,True,True,0,SAFE,SAFE,SAFE,10,0,100,False,1,0,0,12,100,18,False,True,True,False,True,False
41.4,15.37,4993,1,12,1,12.0,90.0,44411.5,30,999.0,True,0.0,20.0,0,10,0,False,False,0,WET,NORMAL,8,0,27,False,1,BRIGHT,FOG,8,18,True,True,0,SAFE,SAFE,SAFE,10,0,100,False,1,8,0,12,100,18,False,True,True,False,True,False
41.45,13.52,4392,1,12,1,12.0,90.0,44411.5,30,999.0,True,0.0,20.0,0,10,0,False,False,0,WET,NORMAL,8,0,27,False,1,BRIGHT,FOG,8,18,True,True,0,SAFE,SAFE,SAFE,10,0,100,False,1,8,0,12,100,18,False,True,True,False,True,False
41.5,13.74,4465,1,12,1,12.0,90.0,44411.5,30,999.0,True,0.0,20.0,0,10,0,False,False,0,WET,NORMAL,8,0,27,False,1,BRIGHT,FOG,8,18,True,True,0,SAFE,SAFE,SAFE,10,0,100,False,1,8,0,12,100,18,False,True,True,False,True,False
41.55,14.03,4558,1,12,1,12.0,90.0,44411.5,30,999.0,True,0.0,20.0,0,10,0,False,False,0,WET,NORMAL,8,0,27,False,1,BRIGHT,FOG,8,18,True,True,0,SAFE,SAFE,SAFE,10,0,100,False,1,8,0,12,100,18,False,True,True,False,True,False
41.6,14.36,4666,1,12,1,12.0,90.0,44411.5,30,999.0,True,0.0,20.0,0,10,0,False,False,0,WET,NORMAL,8,0,27,False,1,BRIGHT,FOG,8,18,True,True,0,SAFE,SAFE,SAFE,10,0,100,False,1,8,0,12,100,18,False,True,True,False,True,False
41.65,14.78,4801,1,12,1,12.0,90.0,44411.5,30,999.0,True,0.0,20.0,0,10,0,False,False,0,WET,NORMAL,8,0,27,False,1,BRIGHT,FOG,8,18,True,True,0,SAFE,SAFE,SAFE,10,0,100,False,1,8,0,12,100,18,False,True,True,False,True,False
41.7,15.19,4935,1,12,1,12.0,90.0,44411.5,30,999.0,True,0.0,20.0,0,10,0,False,False,0,WET,NORMAL,8,0,27,False,1,BRIGHT,FOG,8,18,True,True,0,SAFE,SAFE,SAFE,10,0,100,False,1,8,0,12,100,18,False,True,True,False,True,False
41.75,15.64,5082,1,12,1,12.0,90.0,44411.5,30,999.0,True,0.0,20.0,0,10,0,False,False,0,WET,NORMAL,8,0,27,False,1,BRIGHT,FOG,8,18,True,True,0,SAFE,SAFE,SAFE,10,0,100,False,1,8,0,12,100,18,False,True,True,False,True,False
41.8,16.1,5229,1,12,1,12.0,90.0,44411.5,30,999.0,True,0.0,20.0,0,10,0,False,False,0,WET,NORMAL,8,0,27,False,1,BRIGHT,FOG,8,18,True,True,0,SAFE,SAFE,SAFE,10,0,100,False,1,8,0,12,100,18,False,True,True,False,True,False
41.85,16.57,5381,1,12,1,12.0,90.0,44411.5,30,999.0,True,0.0,20.0,0,10,0,False,False,0,WET,NORMAL,8,0,27,False,1,BRIGHT,FOG,8,18,True,True,0,SAFE,SAFE,SAFE,10,0,100,False,1,8,0,12,100,18,False,True,True,False,True,False
41.9,17.05,5538,1,12,1,12.0,90.0,44411.5,30,999.0,True,0.0,20.0,0,10,0,False,False,0,WET,NORMAL,8,0,27,False,1,BRIGHT,FOG,8,18,True,True,0,SAFE,SAFE,SAFE,10,0,100,False,1,8,0,12,100,18,False,True,True,False,True,False
41.95,17.54,5698,1,12,1,12.0,90.0,44411.5,30,999.0,True,0.0,20.0,0,10,0,False,False,0,WET,NORMAL,8,0,27,False,1,BRIGHT,FOG,8,18,True,True,0,SAFE,SAFE,SAFE,10,0,100,False,1,8,0,12,100,18,False,True,True,False,True,False
42.0,18.05,5863,1,12,1,12.0,90.0,43316.5,30,999.0,True,0.0,20.0,0,10,0,False,False,0,WET,NORMAL,8,0,27,False,1,BRIGHT,FOG,0,18,True,True,0,SAFE,SAFE,SAFE,10,0,100,False,1,0,0,12,100,18,False,True,True,False,True,False
42.05,18.45,5993,1,12,1,12.0,90.0,43316.5,30,999.0,True,0.0,20.0,0,10,0,False,False,0,WET,NORMAL,8,0,27,False,1,BRIGHT,FOG,0,18,True,True,0,SAFE,SAFE,SAFE,10,0,100,False,1,0,0,12,100,18,False,True,True,False,True,False
42.1,17.93,5825,1,12,1,12.0,90.0,43316.5,30,999.0,True,0.0,20.0,0,10,0,False,False,0,WET,NORMAL,8,0,27,False,1,BRIGHT,FOG,8,18,True,True,0,SAFE,SAFE,SAFE,10,0,100,False,1,8,0,12,100,18,False,True,True,False,True,False
42.15,18.0,5847,1,12,1,12.0,90.0,43316.5,30,999.0,True,0.0,20.0,0,10,0,False,False,0,WET,NORMAL,8,0,27,False,1,BRIGHT,FOG,8,18,True,True,0,SAFE,SAFE,SAFE,10,0,100,False,1,8,0,12,100,18,False,True,True,False,True,False
42.2,18.01,5849,1,12,1,12.0,90.0,43316.5,30,999.0,True,0.0,20.0,0,10,0,False,False,0,WET,NORMAL,8,0,27,False,1,BRIGHT,FOG,0,18,True,True,0,SAFE,SAFE,SAFE,10,0,100,False,1,0,0,12,100,18,False,True,True,False,True,False
42.25,17.89,5813,1,12,1,12.0,90.0,43316.5,30,999.0,True,0.0,20.0,0,10,0,False,False,0,WET,NORMAL,8,0,27,False,1,BRIGHT,FOG,8,18,True,True,0,SAFE,SAFE,SAFE,10,0,100,False,1,8,0,12,100,18,False,True,True,False,True,False
42.3,17.81,5784,1,12,1,12.0,90.0,43316.5,30,999.0,True,0.0,20.0,0,10,0,False,False,0,WET,NORMAL,8,0,27,False,1,BRIGHT,FOG,8,18,True,True,0,SAFE,SAFE,SAFE,10,0,100,False,1,8,0,12,100,18,False,True,True,False,True,False
42.35,17.82,5789,1,12,1,12.0,90.0,43316.5,30,999.0,True,0.0,20.0,0,10,0,False,False,0,WET,NORMAL,8,0,27,False,1,BRIGHT,FOG,8,18,True,True,0,SAFE,SAFE,SAFE,10,0,100,False,1,8,0,12,100,18,False,True,True,False,True,False
42.4,17.98,5842,1,12,1,12.0,90.0,43316.5,30,999.0,True,0.0,20.0,0,10,0,False,False,0,WET,NORMAL,8,0,27,False,1,BRIGHT,FOG,8,18,True,True,0,SAFE,SAFE,SAFE,10,0,100,False,1,8,0,12,100,18,False,True,True,False,True,False
42.45,18.3,5944,1,12,1,12.0,90.0,43316.5,30,999.0,True,0.0,20.0,0,10,0,False,False,0,WET,NORMAL,8,0,27,False,1,BRIGHT,FOG,0,18,True,True,0,SAFE,SAFE,SAFE,10,0,100,False,1,0,0,12,100,18,False,True,True,False,True,False
42.5,18.47,6000,1,12,1,12.0,90.0,43316.5,30,999.0,True,0.0,20.0,0,10,0,False,False,0,WET,NORMAL,8,0,27,False,1,BRIGHT,FOG,0,18,True,True,0,SAFE,SAFE,SAFE,10,0,100,False,1,0,0,12,100,18,False,True,True,False,True,False
42.55,15.49,5033,1,12,1,12.0,90.0,43316.5,30,999.0,True,0.0,20.0,0,10,0,False,False,0,WET,NORMAL,8,0,27,False,1,BRIGHT,FOG,8,18,True,True,0,SAFE,SAFE,SAFE,10,0,100,False,1,8,0,12,100,18,False,True,True,False,True,False
42.6,13.68,4443,1,12,1,12.0,90.0,43316.5,30,999.0,True,0.0,20.0,0,10,0,False,False,0,WET,NORMAL,8,0,27,False,1,BRIGHT,FOG,8,18,True,True,0,SAFE,SAFE,SAFE,10,0,100,False,1,8,0,12,100,18,False,True,True,False,True,False
42.65,13.93,4525,1,12,1,12.0,90.0,43316.5,30,999.0,True,0.0,20.0,0,10,0,False,False,0,WET,NORMAL,8,0,27,False,1,BRIGHT,FOG,8,18,True,True,0,SAFE,SAFE,SAFE,10,0,100,False,1,8,0,12,100,18,False,True,True,False,True,False
42.7,14.23,4623,1,12,1,12.0,90.0,43316.5,30,999.0,True,0.0,20.0,0,10,0,False,False,0,WET,NORMAL,8,0,27,False,1,BRIGHT,FOG,8,18,True,True,0,SAFE,SAFE,SAFE,10,0,100,False,1,8,0,12,100,18,False,True,True,False,True,False
42.75,14.57,4734,1,12,1,12.0,90.0,43316.5,30,999.0,True,0.0,20.0,0,10,0,False,False,0,WET,NORMAL,8,0,27,False,1,BRIGHT,FOG,8,18,True,True,0,SAFE,SAFE,SAFE,10,0,100,False,1,8,0,12,100,18,False,True,True,False,True,False
42.8,14.99,4869,1,12,1,12.0,90.0,43316.5,30,999.0,True,0.0,20.0,0,10,0,False,False,0,WET,NORMAL,8,0,27,False,1,BRIGHT,FOG,8,18,True,True,0,SAFE,SAFE,SAFE,10,0,100,False,1,8,0,12,100,18,False,True,True,False,True,False
42.85,15.4,5004,1,12,1,12.0,90.0,43316.5,30,999.0,True,0.0,20.0,0,10,0,False,False,0,WET,NORMAL,8,0,27,False,1,BRIGHT,FOG,8,18,True,True,0,SAFE,SAFE,SAFE,10,0,100,False,1,8,0,12,100,18,False,True,True,False,True,False
42.9,15.86,5152,1,12,1,12.0,90.0,43316.5,30,999.0,True,0.0,20.0,0,10,0,False,False,0,WET,NORMAL,8,0,27,False,1,BRIGHT,FOG,8,18,True,True,0,SAFE,SAFE,SAFE,10,0,100,False,1,8,0,12,100,18,False,True,True,False,True,False
42.95,16.32,5300,1,12,1,12.0,90.0,43316.5,30,999.0,True,0.0,20.0,0,10,0,False,False,0,WET,NORMAL,8,0,27,False,1,BRIGHT,FOG,8,18,True,True,0,SAFE,SAFE,SAFE,10,0,100,False,1,8,0,12,100,18,False,True,True,False,True,False
43.0,16.79,5454,1,12,1,12.0,90.0,43316.5,30,999.0,True,0.0,20.0,0,10,0,False,False,0,WET,NORMAL,8,0,27,False,1,BRIGHT,FOG,8,18,True,True,0,SAFE,SAFE,SAFE,10,0,100,False,1,8,0,12,100,18,False,True,True,False,True,False
43.05,17.27,5612,1,12,1,12.0,90.0,43316.5,30,999.0,True,0.0,20.0,0,10,0,False,False,0,WET,NORMAL,8,0,27,False,1,BRIGHT,FOG,8,18,True,True,0,SAFE,SAFE,SAFE,10,0,100,False,1,8,0,12,100,18,False,True,True,False,True,False
43.1,17.77,5774,1,12,1,12.0,90.0,43316.5,30,999.0,True,0.0,20.0,0,10,0,False,False,0,WET,NORMAL,8,0,27,False,1,BRIGHT,FOG,8,18,True,True,0,SAFE,SAFE,SAFE,10,0,100,False,1,8,0,12,100,18,False,True,True,False,True,False
43.15,18.29,5941,1,12,1,12.0,90.0,43316.5,30,999.0,True,0.0,20.0,0,10,0,False,False,0,WET,NORMAL,8,0,27,False,1,BRIGHT,FOG,0,18,True,True,0,SAFE,SAFE,SAFE,10,0,100,False,1,0,0,12,100,18,False,True,True,False,True,False
43.2,18.69,6072,1,12,1,12.0,90.0,43316.5,30,999.0,True,0.0,20.0,0,10,0,False,False,0,WET,NORMAL,8,0,27,False,1,BRIGHT,FOG,0,18,True,True,0,SAFE,SAFE,SAFE,10,0,100,False,1,0,0,12,100,18,False,True,True,False,True,False
43.25,18.4,5976,1,12,1,12.0,90.0,43316.5,30,999.0,True,0.0,20.0,0,10,0,False,False,0,WET,NORMAL,8,0,27,False,1,BRIGHT,FOG,0,18,True,True,0,SAFE,SAFE,SAFE,10,0,100,False,1,0,0,12,100,18,False,True,True,False,True,False
43.3,17.96,5835,1,12,1,12.0,90.0,43316.5,30,999.0,True,0.0,20.0,0,10,0,False,False,0,WET,NORMAL,8,0,27,False,1,BRIGHT,FOG,8,18,True,True,0,SAFE,SAFE,SAFE,10,0,100,False,1,8,0,12,100,18,False,True,True,False,True,False
43.35,17.78,5778,1,12,1,12.0,90.0,43316.5,30,999.0,True,0.0,20.0,0,10,0,False,False,0,WET,NORMAL,8,0,27,False,1,BRIGHT,FOG,8,18,True,True,0,SAFE,SAFE,SAFE,10,0,100,False,1,8,0,12,100,18,False,True,True,False,True,False
43.4,17.73,5760,1,12,1,12.0,90.0,43316.5,30,999.0,True,0.0,20.0,0,10,0,False,False,0,WET,NORMAL,8,0,27,False,1,BRIGHT,FOG,8,18,True,True,0,SAFE,SAFE,SAFE,10,0,100,False,1,8,0,12,100,18,False,True,True,False,True,False
43.45,17.82,5788,1,12,1,12.0,90.0,43316.5,30,999.0,True,0.0,20.0,0,10,0,False,False,0,WET,NORMAL,8,0,27,False,1,BRIGHT,FOG,8,18,True,True,0,SAFE,SAFE,SAFE,10,0,100,False,1,8,0,12,100,18,False,True,True,False,True,False
43.5,18.06,5867,1,12,1,12.0,90.0,42114.5,30,999.0,True,0.0,20.0,0,10,0,False,False,0,WET,NORMAL,8,0,27,False,1,BRIGHT,FOG,0,18,True,True,0,SAFE,SAFE,SAFE,10,0,100,False,1,0,0,12,100,18,False,True,True,False,True,False
43.55,18.39,5975,1,12,1,12.0,90.0,42114.5,30,999.0,True,0.0,20.0,0,10,0,False,False,0,WET,NORMAL,8,0,27,False,1,BRIGHT,FOG,0,18,True,True,0,SAFE,SAFE,SAFE,10,0,100,False,1,0,0,12,100,18,False,True,True,False,True,False
43.6,17.93,5826,1,12,1,12.0,90.0,42114.5,30,999.0,True,0.0,20.0,0,10,0,False,False,0,WET,NORMAL,8,0,27,False,1,BRIGHT,FOG,8,18,True,True,0,SAFE,SAFE,SAFE,10,0,100,False,1,8,0,12,100,18,False,True,True,False,True,False
43.65,17.82,5790,1,12,1,12.0,90.0,42114.5,30,999.0,True,0.0,20.0,0,10,0,False,False,0,WET,NORMAL,8,0,27,False,1,BRIGHT,FOG,8,18,True,True,0,SAFE,SAFE,SAFE,10,0,100,False,1,8,0,12,100,18,False,True,True,False,True,False
43.7,17.82,5788,1,12,1,12.0,90.0,42114.5,30,999.0,True,0.0,20.0,0,10,0,False,False,0,WET,NORMAL,8,0,27,False,1,BRIGHT,FOG,8,18,True,True,0,SAFE,SAFE,SAFE,10,0,100,False,1,8,0,12,100,18,False,True,True,False,True,False
43.75,17.96,5835,1,12,1,12.0,90.0,42114.5,30,999.0,True,0.0,20.0,0,10,0,False,False,0,WET,NORMAL,8,0,27,False,1,BRIGHT,FOG,8,18,True,True,0,SAFE,SAFE,SAFE,10,0,100,False,1,8,0,12,100,18,False,True,True,False,True,False
43.8,18.29,5942,1,12,1,12.0,90.0,42114.5,50,999.0,True,0.0,20.0,0,10,0,False,False,0,WET,NORMAL,8,0,45,False,1,BRIGHT,FOG,8,30,True,True,0,SAFE,SAFE,SAFE,10,0,100,False,1,8,0,12,100,30,False,True,True,False,True,False
43.85,18.36,5964,1,12,1,12.0,90.0,42114.5,50,999.0,True,0.0,20.0,0,10,0,False,False,0,WET,NORMAL,8,0,45,False,1,BRIGHT,FOG,8,30,True,True,0,SAFE,SAFE,SAFE,10,0,100,False,1,8,0,12,100,30,False,True,True,False,True,False
43.9,18.44,5990,1,12,1,12.0,90.0,42114.5,50,999.0,True,0.0,20.0,0,10,0,False,False,0,WET,NORMAL,8,0,45,False,1,BRIGHT,FOG,8,30,True,True,0,SAFE,SAFE,SAFE,10,0,100,False,1,8,0,12,100,30,False,True,True,False,True,False
43.95,18.64,6057,1,12,1,12.0,90.0,42114.5,50,999.0,True,0.0,20.0,0,10,0,False,False,0,WET,NORMAL,8,0,45,False,1,BRIGHT,FOG,8,30,True,True,0,SAFE,SAFE,SAFE,10,0,100,False,1,8,0,12,100,30,False,True,True,False,True,False
44.0,18.99,6169,1,12,1,12.0,90.0,42114.5,50,999.0,True,0.0,20.0,0,10,0,False,False,0,WET,NORMAL,8,0,45,False,1,BRIGHT,FOG,8,30,True,True,0,SAFE,SAFE,SAFE,10,0,100,False,1,8,0,12,100,30,False,True,True,False,True,False
44.05,19.48,6328,1,12,1,12.0,90.0,42114.5,50,999.0,True,0.0,20.0,0,10,0,False,False,0,WET,NORMAL,8,0,45,False,1,BRIGHT,FOG,8,30,True,True,0,SAFE,SAFE,SAFE,10,0,100,False,1,8,0,12,100,30,False,True,True,False,True,False
44.1,19.88,6457,1,12,1,12.0,90.0,42114.5,50,999.0,True,0.0,20.0,0,10,0,False,False,0,WET,NORMAL,8,0,45,False,1,BRIGHT,FOG,8,30,True,True,0,SAFE,SAFE,SAFE,10,0,100,False,1,8,0,12,100,30,False,True,True,False,True,False
44.15,20.46,6647,2,12,1,12.0,90.0,42114.5,50,999.0,True,0.0,20.0,0,10,0,False,False,0,WET,NORMAL,8,0,45,False,1,BRIGHT,FOG,8,30,True,True,0,SAFE,SAFE,SAFE,10,0,100,False,1,8,0,12,100,30,False,True,True,False,True,False
44.2,21.74,2565,2,12,1,12.0,90.0,42114.5,50,999.0,True,0.0,20.0,0,10,0,False,False,0,WET,NORMAL,8,0,45,False,1,BRIGHT,FOG,8,30,True,True,0,SAFE,SAFE,SAFE,10,0,100,False,1,8,0,12,100,30,False,True,True,False,True,False
44.25,22.71,2680,2,12,1,12.0,90.0,42114.5,50,999.0,True,0.0,20.0,0,10,0,False,False,0,WET,NORMAL,8,0,45,False,1,BRIGHT,FOG,8,30,True,True,0,SAFE,SAFE,SAFE,10,0,100,False,1,8,0,12,100,30,False,True,True,False,True,False
44.3,23.58,2782,2,12,1,12.0,90.0,42114.5,50,999.0,True,0.0,20.0,0,10,0,False,False,0,WET,NORMAL,8,0,45,False,1,BRIGHT,FOG,8,30,True,True,0,SAFE,SAFE,SAFE,10,0,100,False,1,8,0,12,100,30,False,True,True,False,True,False
44.35,24.34,2872,2,12,1,12.0,90.0,42114.5,50,999.0,True,0.0,20.0,0,10,0,False,False,0,WET,NORMAL,8,0,45,False,1,BRIGHT,FOG,8,30,True,True,0,SAFE,SAFE,SAFE,10,0,100,False,1,8,0,12,100,30,False,True,True,False,True,False
44.4,24.96,2946,2,12,1,12.0,90.0,42114.5,50,999.0,True,0.0,20.0,0,10,0,False,False,0,WET,NORMAL,8,0,45,False,1,BRIGHT,FOG,8,30,True,True,0,SAFE,SAFE,SAFE,10,0,100,False,1,8,0,12,100,30,False,True,True,False,True,False
44.45,25.54,3013,2,12,1,12.0,90.0,42114.5,50,999.0,True,0.0,20.0,0,10,0,False,False,0,WET,NORMAL,8,0,45,False,1,BRIGHT,FOG,8,30,True,True,0,SAFE,SAFE,SAFE,10,0,100,False,1,8,0,12,100,30,False,True,True,False,True,False
44.5,26.08,3078,2,12,1,12.0,90.0,42114.5,50,999.0,True,0.0,20.0,0,10,0,False,False,0,WET,NORMAL,8,0,45,False,1,BRIGHT,FOG,8,30,True,True,0,SAFE,SAFE,SAFE,10,0,100,False,1,8,0,12,100,30,False,True,True,False,True,False
44.55,26.5,3127,2,12,1,12.0,90.0,42114.5,50,999.0,True,0.0,20.0,0,10,0,False,False,0,WET,NORMAL,8,0,45,False,1,BRIGHT,FOG,8,30,True,True,0,SAFE,SAFE,SAFE,10,0,100,False,1,8,0,12,100,30,False,True,True,False,True,False
44.6,26.95,3181,2,12,1,12.0,90.0,42114.5,50,999.0,True,0.0,20.0,0,10,0,False,False,0,WET,NORMAL,8,0,45,False,1,BRIGHT,FOG,8,30,True,True,0,SAFE,SAFE,SAFE,10,0,100,False,1,8,0,12,100,30,False,True,True,False,True,False
44.65,27.42,3235,2,12,1,12.0,90.0,42114.5,50,999.0,True,0.0,20.0,0,10,0,False,False,0,WET,NORMAL,8,0,45,False,1,BRIGHT,FOG,8,30,True,True,0,SAFE,SAFE,SAFE,10,0,100,False,1,8,0,12,100,30,False,True,True,False,True,False
44.7,27.88,3290,2,12,1,12.0,90.0,42114.5,50,999.0,True,0.0,20.0,0,10,0,False,False,0,WET,NORMAL,8,0,45,False,1,BRIGHT,FOG,8,30,True,True,0,SAFE,SAFE,SAFE,10,0,100,False,1,8,0,12,100,30,False,True,True,False,True,False
44.75,28.38,3349,2,12,1,12.0,90.0,42114.5,50,999.0,True,0.0,20.0,0,10,0,False,False,0,WET,NORMAL,8,0,45,False,1,BRIGHT,FOG,8,30,True,True,0,SAFE,SAFE,SAFE,10,0,100,False,1,8,0,12,100,30,False,True,True,False,True,False
44.8,28.81,3400,2,12,1,12.0,90.0,42114.5,50,999.0,True,0.0,20.0,0,10,0,False,False,0,WET,NORMAL,8,0,45,False,1,BRIGHT,FOG,8,30,True,True,0,SAFE,SAFE,SAFE,10,0,100,False,1,8,0,12,100,30,False,True,True,False,True,False
44.85,29.26,3453,2,12,1,12.0,90.0,42114.5,50,999.0,True,0.0,20.0,0,10,0,False,False,0,WET,NORMAL,8,0,45,False,1,BRIGHT,FOG,8,30,True,True,0,SAFE,SAFE,SAFE,10,0,100,False,1,8,0,12,100,30,False,True,True,False,True,False
44.9,29.71,3506,2,12,1,12.0,90.0,42114.5,50,999.0,True,0.0,20.0,0,10,0,False,False,0,WET,NORMAL,8,0,45,False,1,BRIGHT,FOG,8,30,True,True,0,SAFE,SAFE,SAFE,10,0,100,False,1,8,0,12,100,30,False,True,True,False,True,False
44.95,30.19,3562,2,12,1,12.0,90.0,42114.5,50,999.0,True,0.0,20.0,0,10,0,False,False,0,WET,NORMAL,8,0,45,False,1,BRIGHT,FOG,0,30,True,True,0,SAFE,SAFE,SAFE,10,0,100,False,1,0,0,12,100,30,False,True,True,False,True,False
45.0,30.49,3598,2,12,1,12.0,90.0,40810.2,50,999.0,True,0.0,20.0,0,10,0,False,False,0,WET,NORMAL,8,0,45,False,1,BRIGHT,FOG,0,30,True,True,0,SAFE,SAFE,SAFE,10,0,100,False,1,0,0,12,100,30,False,True,True,False,True,False
45.05,30.6,3611,2,12,1,12.0,90.0,40810.2,50,999.0,True,0.0,20.0,0,10,0,False,False,0,WET,NORMAL,8,0,45,False,1,BRIGHT,FOG,0,30,True,True,0,SAFE,SAFE,SAFE,10,0,100,False,1,0,0,12,100,30,False,True,True,False,True,False
45.1,30.48,3597,2,12,1,12.0,90.0,40810.2,50,999.0,True,0.0,20.0,0,10,0,False,False,0,WET,NORMAL,8,0,45,False,1,BRIGHT,FOG,0,30,True,True,0,SAFE,SAFE,SAFE,10,0,100,False,1,0,0,12,100,30,False,True,True,False,True,False
45.15,30.3,3575,2,12,1,12.0,90.0,40810.2,50,999.0,True,0.0,20.0,0,10,0,False,False,0,WET,NORMAL,8,0,45,False,1,BRIGHT,FOG,0,30,True,True,0,SAFE,SAFE,SAFE,10,0,100,False,1,0,0,12,100,30,False,True,True,False,True,False
45.2,30.01,3542,2,12,1,12.0,90.0,40810.2,50,999.0,True,0.0,20.0,0,10,0,False,False,0,WET,NORMAL,8,0,45,False,1,BRIGHT,FOG,0,30,True,True,0,SAFE,SAFE,SAFE,10,0,100,False,1,0,0,12,100,30,False,True,True,False,True,False
45.25,29.68,3502,2,12,1,12.0,90.0,40810.2,50,999.0,True,0.0,20.0,0,10,0,False,False,0,WET,NORMAL,8,0,45,False,1,BRIGHT,FOG,8,30,True,True,0,SAFE,SAFE,SAFE,10,0,100,False,1,8,0,12,100,30,False,True,True,False,True,False
45.3,29.42,3471,2,12,1,12.0,90.0,40810.2,50,999.0,True,0.0,20.0,0,10,0,False,False,0,WET,NORMAL,8,0,45,False,1,BRIGHT,FOG,8,30,True,True,0,SAFE,SAFE,SAFE,10,0,100,False,1,8,0,12,100,30,False,True,True,False,True,False
45.35,29.23,3449,2,12,1,12.0,90.0,40810.2,50,999.0,True,0.0,20.0,0,10,0,False,False,0,WET,NORMAL,8,0,45,False,1,BRIGHT,FOG,8,30,True,True,0,SAFE,SAFE,SAFE,10,0,100,False,1,8,0,12,100,30,False,True,True,False,True,False
45.4,29.15,3440,2,12,1,12.0,90.0,40810.2,50,999.0,True,0.0,20.0,0,10,0,False,False,0,WET,NORMAL,8,0,45,False,1,BRIGHT,FOG,8,30,True,True,0,SAFE,SAFE,SAFE,10,0,100,False,1,8,0,12,100,30,False,True,True,False,True,False
45.45,29.2,3445,2,12,1,12.0,90.0,40810.2,50,999.0,True,0.0,20.0,0,10,0,False,False,0,WET,NORMAL,8,0,45,False,1,BRIGHT,FOG,8,30,True,True,0,SAFE,SAFE,SAFE,10,0,100,False,1,8,0,12,100,30,False,True,True,False,True,False
45.5,29.34,3463,2,12,1,12.0,90.0,40810.2,50,999.0,True,0.0,20.0,0,10,0,False,False,0,WET,NORMAL,8,0,45,False,1,BRIGHT,FOG,8,30,True,True,0,SAFE,SAFE,SAFE,10,0,100,False,1,8,0,12,100,30,False,True,True,False,True,False
45.55,29.48,3479,2,12,1,12.0,90.0,40810.2,50,999.0,True,0.0,20.0,0,10,0,False,False,0,WET,NORMAL,8,0,45,False,1,BRIGHT,FOG,8,30,True,True,0,SAFE,SAFE,SAFE,10,0,100,False,1,8,0,12,100,30,False,True,True,False,True,False
45.6,29.77,3513,2,12,1,12.0,90.0,40810.2,50,999.0,True,0.0,20.0,0,10,0,False,False,0,WET,NORMAL,8,0,45,False,1,BRIGHT,FOG,8,30,True,True,0,SAFE,SAFE,SAFE,10,0,100,False,1,8,0,12,100,30,False,True,True,False,True,False
45.65,30.13,3555,2,12,1,12.0,90.0,40810.2,50,999.0,True,0.0,20.0,0,10,0,False,False,0,WET,NORMAL,8,0,45,False,1,BRIGHT,FOG,0,30,True,True,0,SAFE,SAFE,SAFE,10,0,100,False,1,0,0,12,100,30,False,True,True,False,True,False
45.7,30.39,3586,2,12,1,12.0,90.0,40810.2,50,999.0,True,0.0,20.0,0,10,0,False,False,0,WET,NORMAL,8,0,45,False,1,BRIGHT,FOG,0,30,True,True,0,SAFE,SAFE,SAFE,10,0,100,False,1,0,0,12,100,30,False,True,True,False,True,False
45.75,30.46,3594,2,12,1,12.0,90.0,40810.2,50,999.0,True,0.0,20.0,0,10,0,False,False,0,WET,NORMAL,8,0,45,False,1,BRIGHT,FOG,0,30,True,True,0,SAFE,SAFE,SAFE,10,0,100,False,1,0,0,12,100,30,False,True,True,False,True,False
45.8,30.35,3581,2,12,1,12.0,90.0,40810.2,50,999.0,True,0.0,20.0,0,10,0,False,False,0,WET,NORMAL,8,0,45,False,1,BRIGHT,FOG,0,30,True,True,0,SAFE,SAFE,SAFE,10,0,100,False,1,0,0,12,100,30,False,True,True,False,True,False
45.85,30.13,3555,2,12,1,12.0,90.0,40810.2,50,999.0,True,0.0,20.0,0,10,0,False,False,0,WET,NORMAL,8,0,45,False,1,BRIGHT,FOG,0,30,True,True,0,SAFE,SAFE,SAFE,10,0,100,False,1,0,0,12,100,30,False,True,True,False,True,False
45.9,29.79,3516,2,12,1,12.0,90.0,40810.2,50,999.0,True,0.0,20.0,0,10,0,False,False,0,WET,NORMAL,8,0,45,False,1,BRIGHT,FOG,8,30,True,True,0,SAFE,SAFE,SAFE,10,0,100,False,1,8,0,12,100,30,False,True,True,False,True,False
45.95,29.57,3489,2,12,1,12.0,90.0,40810.2,50,999.0,True,0.0,20.0,0,10,0,False,False,0,WET,NORMAL,8,0,45,False,1,BRIGHT,FOG,8,30,True,True,0,SAFE,SAFE,SAFE,10,0,100,False,1,8,0,12,100,30,False,True,True,False,True,False
46.0,29.43,3473,2,12,1,12.0,90.0,40810.2,30,999.0,True,0.0,20.0,0,10,0,False,False,0,WET,NORMAL,0,0,27,False,1,BRIGHT,FOG,0,18,True,True,0,SAFE,SAFE,SAFE,10,0,100,False,1,0,0,12,100,18,False,True,True,False,True,False
46.05,29.25,3451,2,12,1,12.0,90.0,40810.2,30,999.0,True,0.0,20.0,0,10,0,False,False,0,WET,NORMAL,0,0,27,False,1,BRIGHT,FOG,0,18,True,True,0,SAFE,SAFE,SAFE,10,0,100,False,1,0,0,12,100,18,False,True,True,False,True,False
46.1,28.95,3416,2,12,1,12.0,90.0,40810.2,30,999.0,True,0.0,20.0,0,10,0,False,False,0,WET,NORMAL,0,0,27,False,1,BRIGHT,FOG,0,18,True,True,0,SAFE,SAFE,SAFE,10,0,100,False,1,0,0,12,100,18,False,True,True,False,True,False
46.15,28.59,3373,2,12,1,12.0,90.0,40810.2,30,999.0,True,0.0,20.0,0,10,0,False,False,0,WET,NORMAL,0,0,27,False,1,BRIGHT,FOG,0,18,True,True,0,SAFE,SAFE,SAFE,10,0,100,False,1,0,0,12,100,18,False,True,True,False,True,False
46.2,28.19,3327,2,12,1,12.0,90.0,40810.2,50,999.0,True,0.0,20.0,0,10,0,False,False,0,WET,NORMAL,8,0,45,False,1,BRIGHT,FOG,8,30,True,True,0,SAFE,SAFE,SAFE,10,0,100,False,1,8,0,12,100,30,False,True,True,False,True,False
46.25,27.91,3293,2,12,1,12.0,90.0,40810.2,50,999.0,True,0.0,20.0,0,10,0,False,False,0,WET,NORMAL,8,0,45,False,1,BRIGHT,FOG,8,30,True,True,0,SAFE,SAFE,SAFE,10,0,100,False,1,8,0,12,100,30,False,True,True,False,True,False
46.3,27.73,3273,2,12,1,12.0,90.0,40810.2,50,999.0,True,0.0,20.0,0,10,0,False,False,0,WET,NORMAL,8,0,45,False,1,BRIGHT,FOG,8,30,True,True,0,SAFE,SAFE,SAFE,10,0,100,False,1,8,0,12,100,30,False,True,True,False,True,False
46.35,27.67,3265,2,12,1,12.0,90.0,40810.2,50,999.0,True,0.0,20.0,0,10,0,False,False,0,WET,NORMAL,8,0,45,False,1,BRIGHT,FOG,8,30,True,True,0,SAFE,SAFE,SAFE,10,0,100,False,1,8,0,12,100,30,False,True,True,False,True,False
46.4,27.72,3271,2,12,1,12.0,90.0,40810.2,50,999.0,True,0.0,20.0,0,10,0,False,False,0,WET,NORMAL,8,0,45,False,1,BRIGHT,FOG,8,30,True,True,0,SAFE,SAFE,SAFE,10,0,100,False,1,8,0,12,100,30,False,True,True,False,True,False
46.45,27.88,3289,2,12,1,12.0,90.0,40810.2,50,999.0,True,0.0,20.0,0,10,0,False,False,0,WET,NORMAL,8,0,45,False,1,BRIGHT,FOG,8,30,True,True,0,SAFE,SAFE,SAFE,10,0,100,False,1,8,0,12,100,30,False,True,True,False,True,False
46.5,28.1,3316,2,12,1,12.0,90.0,39406.8,50,999.0,True,0.0,20.0,0,10,0,False,False,0,WET,NORMAL,8,0,45,False,1,BRIGHT,FOG,8,30,True,True,0,SAFE,SAFE,SAFE,10,0,100,False,1,8,0,12,100,30,False,True,True,False,True,False
46.55,28.39,3350,2,12,1,12.0,90.0,39406.8,50,999.0,True,0.0,20.0,0,10,0,False,False,0,WET,NORMAL,8,0,45,False,1,BRIGHT,FOG,8,30,True,True,0,SAFE,SAFE,SAFE,10,0,100,False,1,8,0,12,100,30,False,True,True,False,True,False
46.6,28.72,3389,2,12,1,12.0,90.0,39406.8,50,999.0,True,0.0,20.0,0,10,0,False,False,0,WET,NORMAL,8,0,45,False,1,BRIGHT,FOG,8,30,True,True,0,SAFE,SAFE,SAFE,10,0,100,False,1,8,0,12,100,30,False,True,True,False,True,False
46.65,29.09,3433,2,12,1,12.0,90.0,39406.8,50,999.0,True,0.0,20.0,0,10,0,False,False,0,WET,NORMAL,8,0,45,False,1,BRIGHT,FOG,8,30,True,True,0,SAFE,SAFE,SAFE,10,0,100,False,1,8,0,12,100,30,False,True,True,False,True,False
46.7,29.48,3479,2,12,1,12.0,90.0,39406.8,50,999.0,True,0.0,20.0,0,10,0,False,False,0,WET,NORMAL,8,0,45,False,1,BRIGHT,FOG,8,30,True,True,0,SAFE,SAFE,SAFE,10,0,100,False,1,8,0,12,100,30,False,True,True,False,True,False
46.75,29.89,3528,2,12,1,12.0,90.0,39406.8,50,999.0,True,0.0,20.0,0,10,0,False,False,0,WET,NORMAL,8,0,45,False,1,BRIGHT,FOG,8,30,True,True,0,SAFE,SAFE,SAFE,10,0,100,False,1,8,0,12,100,30,False,True,True,False,True,False
46.8,30.32,3578,2,12,1,12.0,90.0,39406.8,50,999.0,True,0.0,20.0,0,10,0,False,False,0,WET,NORMAL,8,0,45,False,1,BRIGHT,FOG,0,30,True,True,0,SAFE,SAFE,SAFE,10,0,100,False,1,0,0,12,100,30,False,True,True,False,True,False
46.85,30.64,3615,2,12,1,12.0,90.0,39406.8,50,999.0,True,0.0,20.0,0,10,0,False,False,0,WET,NORMAL,8,0,45,False,1,BRIGHT,FOG,0,30,True,True,0,SAFE,SAFE,SAFE,10,0,100,False,1,0,0,12,100,30,False,True,True,False,True,False
46.9,30.75,3629,2,12,1,12.0,90.0,39406.8,50,999.0,True,0.0,20.0,0,10,0,False,False,0,WET,NORMAL,8,0,45,False,1,BRIGHT,FOG,0,30,True,True,0,SAFE,SAFE,SAFE,10,0,100,False,1,0,0,12,100,30,False,True,True,False,True,False
46.95,30.67,3619,2,12,1,12.0,90.0,39406.8,50,999.0,True,0.0,20.0,0,10,0,False,False,0,WET,NORMAL,8,0,45,False,1,BRIGHT,FOG,0,30,True,True,0,SAFE,SAFE,SAFE,10,0,100,False,1,0,0,12,100,30,False,True,True,False,True,False
47.0,30.47,3596,2,12,1,12.0,90.0,39406.8,50,999.0,True,0.0,20.0,0,10,0,False,False,0,WET,NORMAL,8,0,45,False,1,BRIGHT,FOG,0,30,True,True,0,SAFE,SAFE,SAFE,10,0,100,False,1,0,0,12,100,30,False,True,True,False,True,False
47.05,30.2,3564,2,12,1,12.0,90.0,39406.8,50,999.0,True,0.0,20.0,0,10,0,False,False,0,WET,NORMAL,8,0,45,False,1,BRIGHT,FOG,0,30,True,True,0,SAFE,SAFE,SAFE,10,0,100,False,1,0,0,12,100,30,False,True,True,False,True,False
47.1,29.88,3526,2,12,1,12.0,90.0,39406.8,50,999.0,True,0.0,20.0,0,10,0,False,False,0,WET,NORMAL,8,0,45,False,1,BRIGHT,FOG,8,30,True,True,0,SAFE,SAFE,SAFE,10,0,100,False,1,8,0,12,100,30,False,True,True,False,True,False
47.15,29.64,3497,2,12,1,12.0,90.0,39406.8,50,999.0,True,0.0,20.0,0,10,0,False,False,0,WET,NORMAL,8,0,45,False,1,BRIGHT,FOG,8,30,True,True,0,SAFE,SAFE,SAFE,10,0,100,False,1,8,0,12,100,30,False,True,True,False,True,False
47.2,29.47,3477,2,12,1,12.0,90.0,39406.8,50,999.0,True,0.0,20.0,0,10,0,False,False,0,WET,NORMAL,8,0,45,False,1,BRIGHT,FOG,8,30,True,True,0,SAFE,SAFE,SAFE,10,0,100,False,1,8,0,12,100,30,False,True,True,False,True,False
47.25,29.41,3470,2,12,1,12.0,90.0,39406.8,50,999.0,True,0.0,20.0,0,10,0,False,False,0,WET,NORMAL,8,0,45,False,1,BRIGHT,FOG,8,30,True,True,0,SAFE,SAFE,SAFE,10,0,100,False,1,8,0,12,100,30,False,True,True,False,True,False
47.3,29.47,3478,2,12,1,12.0,90.0,39406.8,50,999.0,True,0.0,20.0,0,10,0,False,False,0,WET,NORMAL,8,0,45,False,1,BRIGHT,FOG,8,30,True,True,0,SAFE,SAFE,SAFE,10,0,100,False,1,8,0,12,100,30,False,True,True,False,True,False
47.35,29.64,3497,2,12,1,12.0,90.0,39406.8,50,999.0,True,0.0,20.0,0,10,0,False,False,0,WET,NORMAL,8,0,45,False,1,BRIGHT,FOG,8,30,True,True,0,SAFE,SAFE,SAFE,10,0,100,False,1,8,0,12,100,30,False,True,True,False,True,False
47.4,29.88,3526,2,12,1,12.0,90.0,39406.8,50,999.0,True,0.0,20.0,0,10,0,False,False,0,WET,NORMAL,8,0,45,False,1,BRIGHT,FOG,8,30,True,True,0,SAFE,SAFE,SAFE,10,0,100,False,1,8,0,12,100,30,False,True,True,False,True,False
47.45,30.18,3562,2,12,1,12.0,90.0,39406.8,50,999.0,True,0.0,20.0,0,10,0,False,False,0,WET,NORMAL,8,0,45,False,1,BRIGHT,FOG,0,30,True,True,0,SAFE,SAFE,SAFE,10,0,100,False,1,0,0,12,100,30,False,True,True,False,True,False
47.5,30.41,3588,2,12,1,12.0,90.0,39406.8,50,999.0,True,0.0,20.0,0,10,0,False,False,0,WET,NORMAL,8,0,45,False,1,BRIGHT,FOG,0,30,True,True,0,SAFE,SAFE,SAFE,10,0,100,False,1,0,0,12,100,30,False,True,True,False,True,False
47.55,30.47,3595,2,12,1,12.0,90.0,39406.8,50,999.0,True,0.0,20.0,0,10,0,False,False,0,WET,NORMAL,8,0,45,False,1,BRIGHT,FOG,0,30,True,True,0,SAFE,SAFE,SAFE,10,0,100,False,1,0,0,12,100,30,False,True,True,False,True,False
47.6,30.36,3582,2,12,1,12.0,90.0,39406.8,50,999.0,True,0.0,20.0,0,10,0,False,False,0,WET,NORMAL,8,0,45,False,1,BRIGHT,FOG,0,30,True,True,0,SAFE,SAFE,SAFE,10,0,100,False,1,0,0,12,100,30,False,True,True,False,True,False
47.65,30.14,3556,2,12,1,12.0,90.0,39406.8,50,999.0,True,0.0,20.0,0,10,0,False,False,0,WET,NORMAL,8,0,45,False,1,BRIGHT,FOG,0,30,True,True,0,SAFE,SAFE,SAFE,10,0,100,False,1,0,0,12,100,30,False,True,True,False,True,False
47.7,29.86,3523,2,12,1,12.0,90.0,39406.8,50,999.0,True,0.0,20.0,0,10,0,False,False,0,WET,NORMAL,8,0,45,False,1,BRIGHT,FOG,8,30,True,True,0,SAFE,SAFE,SAFE,10,0,100,False,1,8,0,12,100,30,False,True,True,False,True,False
47.75,29.63,3496,2,12,1,12.0,90.0,39406.8,50,999.0,True,0.0,20.0,0,10,0,False,False,0,WET,NORMAL,8,0,45,False,1,BRIGHT,FOG,8,30,True,True,0,SAFE,SAFE,SAFE,10,0,100,False,1,8,0,12,100,30,False,True,True,False,True,False
47.8,29.47,3478,2,12,1,12.0,90.0,39406.8,50,999.0,True,0.0,20.0,0,10,0,False,False,0,WET,NORMAL,8,0,45,False,1,BRIGHT,FOG,8,30,True,True,0,SAFE,SAFE,SAFE,10,0,100,False,1,8,0,12,100,30,False,True,True,False,True,False
47.85,27.01,3188,2,12,1,12.0,90.0,39406.8,44.6,999.0,True,0.0,20.0,0,10,0,False,False,0,WET,NORMAL,8,0,40,False,1,BRIGHT,FOG,0,26,True,True,0,SAFE,SAFE,SAFE,10,0,100,False,1,0,0,12,100,26,False,True,True,False,True,False
47.9,29.05,3428,2,12,1,12.0,90.0,39406.8,44.6,999.0,True,0.0,20.0,0,10,0,False,False,0,WET,NORMAL,8,0,40,False,1,BRIGHT,FOG,0,26,True,True,1,DANGER,SAFE,SAFE,0,0,50,False,1,0,0,12,50,26,False,True,True,False,True,False
47.95,32.26,3806,2,12,1,12.0,90.0,39406.8,44.6,999.0,True,0.0,20.0,0,10,0,False,False,2,WET,EXTREME,5,2,22,False,1,BRIGHT,FOG,0,26,True,True,1,DANGER,SAFE,CAUTION,0,0,50,False,2,0,2,12,50,22,False,True,True,False,True,False
48.0,31.34,3698,2,12,1,12.0,90.0,37935.2,44.6,999.0,True,0.0,20.0,0,10,0,False,False,2,WET,EXTREME,5,2,22,False,1,BRIGHT,FOG,0,26,True,True,1,DANGER,SAFE,SAFE,0,0,50,False,2,0,2,12,50,22,False,True,True,False,True,False
48.05,30.5,3599,2,12,1,12.0,90.0,37935.2,44.6,999.0,True,0.0,20.0,0,10,0,False,False,2,WET,EXTREME,5,2,22,False,1,BRIGHT,FOG,0,26,True,True,1,DANGER,SAFE,SAFE,0,0,50,False,2,0,2,12,50,22,False,True,True,False,True,False
48.1,29.73,3508,2,12,1,12.0,90.0,37935.2,44.6,999.0,True,0.0,20.0,0,10,0,False,False,0,WET,NORMAL,8,0,40,False,1,BRIGHT,FOG,0,26,True,True,1,DANGER,SAFE,SAFE,0,0,50,False,1,0,0,12,50,26,False,True,True,False,True,False
48.15,29.06,3429,2,12,1,12.0,90.0,37935.2,44.6,999.0,True,0.0,20.0,0,10,0,False,False,0,WET,NORMAL,8,0,40,False,1,BRIGHT,FOG,0,26,True,True,1,DANGER,SAFE,SAFE,0,0,50,False,1,0,0,12,50,26,False,True,True,False,True,False
48.2,28.47,3360,2,12,1,12.0,90.0,37935.2,31.6,999.0,True,0.0,20.0,0,10,0,False,False,0,WET,NORMAL,8,0,28,False,1,BRIGHT,FOG,0,18,True,True,1,DANGER,SAFE,SAFE,0,0,50,False,1,0,0,12,50,18,False,True,True,False,True,False
48.25,27.99,3303,2,12,1,12.0,90.0,37935.2,31.6,999.0,True,0.0,20.0,0,10,0,False,False,0,WET,NORMAL,8,0,28,False,1,BRIGHT,FOG,0,18,True,True,1,DANGER,SAFE,SAFE,0,0,50,False,1,0,0,12,50,18,False,True,True,False,True,False
48.3,27.61,3258,2,12,1,12.0,90.0,37935.2,31.6,999.0,True,0.0,20.0,0,10,0,False,False,0,WET,NORMAL,8,0,28,False,1,BRIGHT,FOG,0,18,True,True,1,DANGER,SAFE,SAFE,0,0,50,False,1,0,0,12,50,18,False,True,True,False,True,False
48.35,27.34,3227,2,12,1,12.0,90.0,37935.2,31.6,999.0,True,0.0,20.0,0,10,0,False,False,0,WET,NORMAL,8,0,28,False,1,BRIGHT,FOG,0,18,True,True,1,DANGER,SAFE,SAFE,0,0,50,False,1,0,0,12,50,18,False,True,True,False,True,False
48.4,27.19,3208,2,12,1,12.0,90.0,37935.2,31.6,999.0,True,0.0,20.0,0,10,0,False,False,0,WET,NORMAL,8,0,28,False,1,BRIGHT,FOG,0,18,True,True,1,DANGER,SAFE,SAFE,0,0,50,False,1,0,0,12,50,18,False,True,True,False,True,False
48.45,27.14,3203,2,12,1,12.0,90.0,37935.2,31.6,999.0,True,0.0,20.0,0,10,0,False,False,0,WET,NORMAL,8,0,28,False,1,BRIGHT,FOG,0,18,True,True,1,DANGER,SAFE,SAFE,0,0,50,False,1,0,0,12,50,18,False,True,True,False,True,False
48.5,27.21,3211,2,12,1,12.0,90.0,37935.2,31.6,999.0,True,0.0,20.0,0,10,0,False,False,0,WET,NORMAL,8,0,28,False,1,BRIGHT,FOG,0,18,True,True,1,DANGER,SAFE,SAFE,0,0,50,False,1,0,0,12,50,18,False,True,True,False,True,False
48.55,27.4,3233,2,12,1,12.0,90.0,37935.2,31.6,999.0,True,0.0,20.0,0,10,0,False,False,0,WET,NORMAL,8,0,28,False,1,BRIGHT,FOG,0,18,True,True,1,DANGER,SAFE,SAFE,0,0,50,False,1,0,0,12,50,18,False,True,True,False,True,False
48.6,27.7,3268,2,12,1,12.0,90.0,37935.2,27.3,999.0,True,0.0,20.0,0,10,0,False,False,0,WET,NORMAL,0,0,24,False,1,BRIGHT,FOG,0,16,True,True,1,DANGER,SAFE,SAFE,0,0,50,False,1,0,0,12,50,16,False,True,True,False,True,False
48.65,28.1,3316,2,12,1,12.0,90.0,37935.2,27.3,999.0,True,0.0,20.0,0,10,0,False,False,0,WET,NORMAL,0,0,24,False,1,BRIGHT,FOG,0,16,True,True,1,DANGER,SAFE,SAFE,0,0,50,False,1,0,0,12,50,16,False,True,True,False,True,False
48.7,28.61,3376,2,12,1,12.0,90.0,37935.2,27.3,999.0,True,0.0,20.0,0,10,0,False,False,0,WET,NORMAL,0,0,24,False,1,BRIGHT,FOG,0,16,True,True,1,DANGER,SAFE,SAFE,0,0,50,False,1,0,0,12,50,16,False,True,True,False,True,False
48.75,26.43,3119,2,12,1,12.0,90.0,37935.2,27.3,999.0,True,0.0,20.0,0,10,0,False,False,0,WET,NORMAL,0,0,24,False,1,BRIGHT,FOG,0,16,True,True,1,DANGER,CAUTION,SAFE,0,0,50,False,1,0,0,12,50,16,False,True,True,False,True,False
48.8,27.02,3188,2,12,1,12.0,90.0,37935.2,27.3,999.0,True,0.0,20.0,0,10,0,False,False,0,WET,NORMAL,0,0,24,False,1,BRIGHT,FOG,0,16,True,True,1,DANGER,CAUTION,SAFE,0,0,50,False,1,0,0,12,50,16,False,True,True,False,True,False
48.85,27.71,3270,2,12,1,12.0,90.0,37935.2,27.3,999.0,True,0.0,20.0,0,10,0,False,False,0,WET,NORMAL,0,0,24,False,1,BRIGHT,FOG,0,16,True,True,1,DANGER,CAUTION,SAFE,0,0,50,False,1,0,0,12,50,16,False,True,True,False,True,False
48.9,27.15,3203,2,12,1,12.0,90.0,37935.2,27.3,999.0,True,0.0,20.0,0,10,0,False,False,0,WET,NORMAL,0,0,24,False,1,BRIGHT,FOG,0,16,True,True,2,DANGER,DANGER,SAFE,0,0,50,True,2,0,0,12,50,16,True,True,True,False,True,False
48.95,27.06,3193,2,12,1,12.0,90.0,37935.2,27.3,999.0,True,0.0,20.0,0,10,0,False,False,0,WET,NORMAL,0,0,24,False,1,BRIGHT,FOG,0,16,True,True,2,DANGER,DANGER,SAFE,0,0,50,True,2,0,0,12,50,16,True,True,True,False,True,False
49.0,26.8,3163,2,12,1,12.0,90.0,37935.2,27.3,999.0,True,0.0,20.0,0,10,0,False,False,0,WET,NORMAL,0,0,24,False,1,BRIGHT,FOG,0,16,True,True,2,DANGER,DANGER,SAFE,0,0,50,True,2,0,0,12,50,16,True,True,True,False,True,False
49.05,23.29,2749,1,12,1,12.0,90.0,37935.2,27.3,999.0,True,0.0,20.0,0,10,0,False,False,0,WET,NORMAL,8,0,24,False,1,BRIGHT,FOG,0,16,True,True,2,DANGER,DANGER,CAUTION,0,0,50,True,2,0,0,12,50,16,True,True,True,False,True,False
49.1,14.03,4559,1,12,1,12.0,90.0,37935.2,23.8,999.0,True,0.0,20.0,0,10,0,False,False,0,WET,NORMAL,8,0,21,False,1,BRIGHT,FOG,8,14,True,True,0,SAFE,SAFE,SAFE,10,0,100,False,1,8,0,12,100,14,False,True,True,False,True,False
49.15,8.93,2902,1,12,1,12.0,90.0,37935.2,20.0,999.0,True,0.0,20.0,0,10,0,False,False,0,WET,NORMAL,8,0,18,False,1,BRIGHT,FOG,8,12,True,True,0,SAFE,SAFE,SAFE,10,0,100,False,1,8,0,12,100,12,False,True,True,False,True,False
49.2,8.56,2780,1,12,1,12.0,90.0,37935.2,19.0,999.0,True,0.0,20.0,0,10,0,False,False,0,WET,NORMAL,8,0,17,False,1,BRIGHT,FOG,8,11,True,True,0,SAFE,SAFE,SAFE,10,0,100,False,1,8,0,12,100,11,False,True,True,False,True,False
49.25,8.48,2755,1,12,1,12.0,90.0,37935.2,19.1,999.0,True,0.0,20.0,0,10,0,False,False,0,WET,NORMAL,8,0,17,False,1,BRIGHT,FOG,8,11,True,True,0,SAFE,SAFE,SAFE,10,0,100,False,1,8,0,12,100,11,False,True,True,False,True,False
49.3,8.64,2805,1,12,1,12.0,90.0,37935.2,19.4,999.0,True,0.0,20.0,0,10,0,False,False,0,WET,NORMAL,8,0,17,False,1,BRIGHT,FOG,8,11,True,True,0,SAFE,SAFE,SAFE,10,0,100,False,1,8,0,12,100,11,False,True,True,False,True,False
49.35,8.86,2879,1,12,1,12.0,90.0,37935.2,19.9,999.0,True,0.0,20.0,0,10,0,False,False,0,WET,NORMAL,8,0,17,False,1,BRIGHT,FOG,8,11,True,True,0,SAFE,SAFE,SAFE,10,0,100,False,1,8,0,12,100,11,False,True,True,False,True,False
49.4,9.26,3008,1,12,1,12.0,90.0,37935.2,20.3,999.0,True,0.0,20.0,0,10,0,False,False,0,WET,NORMAL,8,0,18,False,1,BRIGHT,FOG,8,12,True,True,0,SAFE,SAFE,SAFE,10,0,100,False,1,8,0,12,100,12,False,True,True,False,True,False
49.45,9.64,3131,1,12,1,12.0,90.0,37935.2,20.9,999.0,True,0.0,20.0,0,10,0,False,False,0,WET,NORMAL,8,0,18,False,1,BRIGHT,FOG,8,12,True,True,0,SAFE,SAFE,SAFE,10,0,100,False,1,8,0,12,100,12,False,True,True,False,True,False
49.5,10.13,3289,1,12,1,12.0,90.0,36381.1,21.4,999.0,True,0.0,20.0,0,10,0,False,False,0,WET,NORMAL,8,0,19,False,1,BRIGHT,FOG,8,12,True,True,0,SAFE,SAFE,SAFE,10,0,100,False,1,8,0,12,100,12,False,True,True,False,True,False
49.55,10.56,3432,1,12,1,12.0,90.0,36381.1,22.1,999.0,True,0.0,20.0,0,10,0,False,False,0,WET,NORMAL,8,0,19,False,1,BRIGHT,FOG,8,13,True,True,0,SAFE,SAFE,SAFE,10,0,100,False,1,8,0,12,100,13,False,True,True,False,True,False
49.6,11.08,3599,1,12,1,12.0,90.0,36381.1,22.8,999.0,True,0.0,20.0,0,10,0,False,False,0,WET,NORMAL,8,0,20,False,1,BRIGHT,FOG,8,13,True,True,0,SAFE,SAFE,SAFE,10,0,100,False,1,8,0,12,100,13,False,True,True,False,True,False
49.65,11.54,3748,1,12,1,12.0,90.0,36381.1,23.5,999.0,True,0.0,20.0,0,10,0,False,False,0,WET,NORMAL,8,0,21,False,1,BRIGHT,FOG,8,14,True,True,0,SAFE,SAFE,SAFE,10,0,100,False,1,8,0,12,100,14,False,True,True,False,True,False
49.7,12.06,3917,1,12,1,12.0,90.0,36381.1,24.3,999.0,True,0.0,20.0,0,10,0,False,False,0,WET,NORMAL,8,0,21,False,1,BRIGHT,FOG,8,14,True,True,0,SAFE,SAFE,SAFE,10,0,100,False,1,8,0,12,100,14,False,True,True,False,True,False
49.75,12.52,4068,1,12,1,12.0,90.0,36381.1,25.2,999.0,True,0.0,20.0,0,10,0,False,False,0,WET,NORMAL,8,0,22,False,1,BRIGHT,FOG,8,15,True,True,0,SAFE,SAFE,SAFE,10,0,100,False,1,8,0,12,100,15,False,True,True,False,True,False
49.8,13.04,4235,1,12,1,12.0,90.0,36381.1,26.2,999.0,True,0.0,20.0,0,10,0,False,False,0,WET,NORMAL,8,0,23,False,1,BRIGHT,FOG,8,15,True,True,0,SAFE,SAFE,SAFE,10,0,100,False,1,8,0,12,100,15,False,True,True,False,True,False
49.85,13.51,4387,1,12,1,12.0,90.0,36381.1,27.2,999.0,True,0.0,20.0,0,10,0,False,False,0,WET,NORMAL,8,0,24,False,1,BRIGHT,FOG,8,16,True,True,0,SAFE,SAFE,SAFE,10,0,100,False,1,8,0,12,100,16,False,True,True,False,True,False
49.9,14.0,4550,1,12,1,12.0,90.0,36381.1,27.3,999.0,True,0.0,20.0,0,10,0,False,False,0,WET,NORMAL,8,0,24,False,1,BRIGHT,FOG,8,16,True,True,0,SAFE,SAFE,SAFE,10,0,100,False,1,8,0,12,100,16,False,True,True,False,True,False
49.95,14.47,4699,1,12,1,12.0,90.0,36381.1,27.3,999.0,True,0.0,20.0,0,10,0,False,False,0,WET,NORMAL,8,0,24,False,1,BRIGHT,FOG,8,16,True,True,0,SAFE,SAFE,SAFE,10,0,100,False,1,8,0,12,100,16,False,True,True,False,True,False
50.0,14.95,4857,1,12,1,12.0,90.0,36381.1,27.3,999.0,True,0.0,20.0,0,10,0,False,False,0,WET,NORMAL,8,0,24,False,1,BRIGHT,FOG,8,16,True,True,0,SAFE,SAFE,SAFE,10,0,100,False,1,8,0,12,100,16,False,True,True,False,True,False
50.05,15.41,5007,1,12,1,12.0,90.0,36381.1,27.3,999.0,True,0.0,20.0,0,10,0,False,False,0,WET,NORMAL,8,0,24,False,1,BRIGHT,FOG,8,16,True,True,0,SAFE,SAFE,SAFE,10,0,100,False,1,8,0,12,100,16,False,True,True,False,True,False
50.1,15.89,5163,1,12,1,12.0,90.0,36381.1,27.3,999.0,True,0.0,20.0,0,10,0,False,False,0,WET,NORMAL,8,0,24,False,1,BRIGHT,FOG,8,16,True,True,0,SAFE,SAFE,SAFE,10,0,100,False,1,8,0,12,100,16,False,True,True,False,True,False
50.15,16.37,5318,1,12,1,12.0,90.0,36381.1,27.3,999.0,True,0.0,20.0,0,10,0,False,False,0,WET,NORMAL,8,0,24,False,1,BRIGHT,FOG,0,16,True,True,0,SAFE,SAFE,SAFE,10,0,100,False,1,0,0,12,100,16,False,True,True,False,True,False
50.2,16.64,5407,1,12,1,12.0,90.0,36381.1,27.3,999.0,True,0.0,20.0,0,10,0,False,False,0,WET,NORMAL,8,0,24,False,1,BRIGHT,FOG,0,16,True,True,0,SAFE,SAFE,SAFE,10,0,100,False,1,0,0,12,100,16,False,True,True,False,True,False
50.25,16.52,5367,1,12,1,12.0,90.0,36381.1,27.3,999.0,True,0.0,20.0,0,10,0,False,False,0,WET,NORMAL,8,0,24,False,1,BRIGHT,FOG,0,16,True,True,0,SAFE,SAFE,SAFE,10,0,100,False,1,0,0,12,100,16,False,True,True,False,True,False
50.3,16.17,5254,1,12,1,12.0,90.0,36381.1,27.3,999.0,True,0.0,20.0,0,10,0,False,False,0,WET,NORMAL,8,0,24,False,1,BRIGHT,FOG,8,16,True,True,0,SAFE,SAFE,SAFE,10,0,100,False,1,8,0,12,100,16,False,True,True,False,True,False
50.35,15.92,5173,1,12,1,12.0,90.0,36381.1,27.3,999.0,True,0.0,20.0,0,10,0,False,False,0,WET,NORMAL,8,0,24,False,1,BRIGHT,FOG,8,16,True,True,0,SAFE,SAFE,SAFE,10,0,100,False,1,8,0,12,100,16,False,True,True,False,True,False
50.4,15.73,5109,1,12,1,12.0,90.0,36381.1,27.3,999.0,True,0.0,20.0,0,10,0,False,False,0,WET,NORMAL,8,0,24,False,1,BRIGHT,FOG,8,16,True,True,0,SAFE,SAFE,SAFE,10,0,100,False,1,8,0,12,100,16,False,True,True,False,True,False
50.45,15.62,5074,1,12,1,12.0,90.0,36381.1,27.3,999.0,True,0.0,20.0,0,10,0,False,False,0,WET,NORMAL,8,0,24,False,1,BRIGHT,FOG,8,16,True,True,0,SAFE,SAFE,SAFE,10,0,100,False,1,8,0,12,100,16,False,True,True,False,True,False
50.5,15.68,5094,1,12,1,12.0,90.0,36381.1,27.3,999.0,True,0.0,20.0,0,10,0,False,False,0,WET,NORMAL,8,0,24,False,1,BRIGHT,FOG,8,16,True,True,0,SAFE,SAFE,SAFE,10,0,100,False,1,8,0,12,100,16,False,True,True,False,True,False
50.55,15.91,5167,1,12,1,12.0,90.0,36381.1,27.3,999.0,True,0.0,20.0,0,10,0,False,False,0,WET,NORMAL,8,0,24,False,1,BRIGHT,FOG,8,16,True,True,0,SAFE,SAFE,SAFE,10,0,100,False,1,8,0,12,100,16,False,True,True,False,True,False
50.6,16.23,5273,1,12,1,12.0,90.0,36381.1,27.3,999.0,True,0.0,20.0,0,10,0,False,False,0,WET,NORMAL,8,0,24,False,1,BRIGHT,FOG,8,16,True,True,0,SAFE,SAFE,SAFE,10,0,100,False,1,8,0,12,100,16,False,True,True,False,True,False
50.65,16.56,5379,1,12,1,12.0,90.0,36381.1,27.3,999.0,True,0.0,20.0,0,10,0,False,False,0,WET,NORMAL,8,0,24,False,1,BRIGHT,FOG,0,16,True,True,0,SAFE,SAFE,SAFE,10,0,100,False,1,0,0,12,100,16,False,True,True,False,True,False
50.7,16.53,5370,1,12,1,12.0,90.0,36381.1,27.3,999.0,True,0.0,20.0,0,10,0,False,False,0,WET,NORMAL,8,0,24,False,1,BRIGHT,FOG,0,16,True,True,0,SAFE,SAFE,SAFE,10,0,100,False,1,0,0,12,100,16,False,True,True,False,True,False
50.75,16.14,5244,1,12,1,12.0,90.0,36381.1,27.3,999.0,True,0.0,20.0,0,10,0,False,False,0,WET,NORMAL,8,0,24,False,1,BRIGHT,FOG,8,16,True,True,0,SAFE,SAFE,SAFE,10,0,100,False,1,8,0,12,100,16,False,True,True,False,True,False
50.8,15.87,5157,1,12,1,12.0,90.0,36381.1,27.3,999.0,True,0.0,20.0,0,10,0,False,False,0,WET,NORMAL,8,0,24,False,1,BRIGHT,FOG,8,16,True,True,0,SAFE,SAFE,SAFE,10,0,100,False,1,8,0,12,100,16,False,True,True,False,True,False
50.85,15.67,5090,1,12,1,12.0,90.0,36381.1,27.3,999.0,True,0.0,20.0,0,10,0,False,False,0,WET,NORMAL,8,0,24,False,1,BRIGHT,FOG,8,16,True,True,0,SAFE,SAFE,SAFE,10,0,100,False,1,8,0,12,100,16,False,True,True,False,True,False
50.9,15.55,5053,1,12,1,12.0,90.0,36381.1,27.3,999.0,True,0.0,20.0,0,10,0,False,False,0,WET,NORMAL,8,0,24,False,1,BRIGHT,FOG,8,16,True,True,0,SAFE,SAFE,SAFE,10,0,100,False,1,8,0,12,100,16,False,True,True,False,True,False
50.95,15.61,5071,1,12,1,12.0,90.0,36381.1,27.3,999.0,True,0.0,20.0,0,10,0,False,False,0,WET,NORMAL,8,0,24,False,1,BRIGHT,FOG,8,16,True,True,0,SAFE,SAFE,SAFE,10,0,100,False,1,8,0,12,100,16,False,True,True,False,True,False
51.0,15.83,5144,1,12,1,12.0,90.0,34775.1,27.3,999.0,True,0.0,20.0,0,10,0,False,False,0,WET,NORMAL,8,0,24,False,1,BRIGHT,FOG,8,16,True,True,0,SAFE,SAFE,SAFE,10,0,100,False,1,8,0,12,100,16,False,True,True,False,True,False
51.05,16.16,5248,1,12,1,12.0,90.0,34775.1,27.3,999.0,True,0.0,20.0,0,10,0,False,False,0,WET,NORMAL,8,0,24,False,1,BRIGHT,FOG,8,16,True,True,0,SAFE,SAFE,SAFE,10,0,100,False,1,8,0,12,100,16,False,True,True,False,True,False
51.1,16.48,5354,1,12,1,12.0,90.0,34775.1,27.3,999.0,True,0.0,20.0,0,10,0,False,False,0,WET,NORMAL,8,0,24,False,1,BRIGHT,FOG,0,16,True,True,0,SAFE,SAFE,SAFE,10,0,100,False,1,0,0,12,100,16,False,True,True,False,True,False
51.15,16.45,5346,1,12,1,12.0,90.0,34775.1,27.3,999.0,True,0.0,20.0,0,10,0,False,False,0,WET,NORMAL,8,0,24,False,1,BRIGHT,FOG,0,16,True,True,0,SAFE,SAFE,SAFE,10,0,100,False,1,0,0,12,100,16,False,True,True,False,True,False
51.2,16.07,5220,1,12,1,12.0,90.0,34775.1,27.3,999.0,True,0.0,20.0,0,10,0,False,False,0,WET,NORMAL,8,0,24,False,1,BRIGHT,FOG,8,16,True,True,0,SAFE,SAFE,SAFE,10,0,100,False,1,8,0,12,100,16,False,True,True,False,True,False
51.25,15.8,5133,1,12,1,12.0,90.0,34775.1,27.3,999.0,True,0.0,20.0,0,10,0,False,False,0,WET,NORMAL,8,0,24,False,1,BRIGHT,FOG,8,16,True,True,0,SAFE,SAFE,SAFE,10,0,100,False,1,8,0,12,100,16,False,True,True,False,True,False
51.3,15.6,5066,1,12,1,12.0,90.0,34775.1,27.3,999.0,True,0.0,20.0,0,10,0,False,False,0,WET,NORMAL,8,0,24,False,1,BRIGHT,FOG,8,16,True,True,0,SAFE,SAFE,SAFE,10,0,100,False,1,8,0,12,100,16,False,True,True,False,True,False
51.35,15.48,5029,1,12,1,12.0,90.0,34775.1,27.3,999.0,True,0.0,20.0,0,10,0,False,False,0,WET,NORMAL,8,0,24,False,1,BRIGHT,FOG,8,16,True,True,0,SAFE,SAFE,SAFE,10,0,100,False,1,8,0,12,100,16,False,True,True,False,True,False
51.4,15.54,5048,1,12,1,12.0,90.0,34775.1,27.3,999.0,True,0.0,20.0,0,10,0,False,False,0,WET,NORMAL,8,0,24,False,1,BRIGHT,FOG,8,16,True,True,0,SAFE,SAFE,SAFE,10,0,100,False,1,8,0,12,100,16,False,True,True,False,True,False
51.45,15.76,5120,1,12,1,12.0,90.0,34775.1,27.3,999.0,True,0.0,20.0,0,10,0,False,False,0,WET,NORMAL,8,0,24,False,1,BRIGHT,FOG,8,16,True,True,0,SAFE,SAFE,SAFE,10,0,100,False,1,8,0,12,100,16,False,True,True,False,True,False
51.5,16.08,5225,1,12,1,12.0,90.0,34775.1,27.3,999.0,True,0.0,20.0,0,10,0,False,False,0,WET,NORMAL,8,0,24,False,1,BRIGHT,FOG,8,16,True,True,0,SAFE,SAFE,SAFE,10,0,100,False,1,8,0,12,100,16,False,True,True,False,True,False
51.55,16.41,5331,1,12,1,12.0,90.0,34775.1,27.3,999.0,True,0.0,20.0,0,10,0,False,False,0,WET,NORMAL,8,0,24,False,1,BRIGHT,FOG,0,16,True,True,0,SAFE,SAFE,SAFE,10,0,100,False,1,0,0,12,100,16,False,True,True,False,True,False
51.6,16.38,5322,1,12,1,12.0,90.0,34775.1,27.3,999.0,True,0.0,20.0,0,10,0,False,False,0,WET,NORMAL,8,0,24,False,1,BRIGHT,FOG,0,16,True,True,0,SAFE,SAFE,SAFE,10,0,100,False,1,0,0,12,100,16,False,True,True,False,True,False
51.65,16.0,5197,1,12,1,12.0,90.0,34775.1,27.3,999.0,True,0.0,20.0,0,10,0,False,False,0,WET,NORMAL,8,0,24,False,1,BRIGHT,FOG,8,16,True,True,0,SAFE,SAFE,SAFE,10,0,100,False,1,8,0,12,100,16,False,True,True,False,True,False
51.7,15.76,5120,1,12,1,12.0,90.0,34775.1,27.3,999.0,True,0.0,20.0,0,10,0,False,False,0,WET,NORMAL,8,0,24,False,1,BRIGHT,FOG,8,16,True,True,0,SAFE,SAFE,SAFE,10,0,100,False,1,8,0,12,100,16,False,True,True,False,True,False
51.75,15.68,5094,1,12,1,12.0,90.0,34775.1,27.3,999.0,True,0.0,20.0,0,10,0,False,False,0,WET,NORMAL,8,0,24,False,1,BRIGHT,FOG,8,16,True,True,0,SAFE,SAFE,SAFE,10,0,100,False,1,8,0,12,100,16,False,True,True,False,True,False
51.8,15.76,5119,1,12,1,12.0,90.0,34775.1,27.3,999.0,True,0.0,20.0,0,10,0,False,False,0,WET,NORMAL,8,0,24,False,1,BRIGHT,FOG,8,16,True,True,0,SAFE,SAFE,SAFE,10,0,100,False,1,8,0,12,100,16,False,True,True,False,True,False
51.85,15.99,5195,1,12,1,12.0,90.0,34775.1,27.3,999.0,True,0.0,20.0,0,10,0,False,False,0,WET,NORMAL,8,0,24,False,1,BRIGHT,FOG,8,16,True,True,0,SAFE,SAFE,SAFE,10,0,100,False,1,8,0,12,100,16,False,True,True,False,True,False
51.9,16.32,5302,1,12,1,12.0,90.0,34775.1,27.3,999.0,True,0.0,20.0,0,10,0,False,False,0,WET,NORMAL,8,0,24,False,1,BRIGHT,FOG,8,16,True,True,0,SAFE,SAFE,SAFE,10,0,100,False,1,8,0,12,100,16,False,True,True,False,True,False
51.95,16.65,5409,1,12,1,12.0,90.0,34775.1,27.3,999.0,True,0.0,20.0,0,10,0,False,False,0,WET,NORMAL,8,0,24,False,1,BRIGHT,FOG,0,16,True,True,0,SAFE,SAFE,SAFE,10,0,100,False,1,0,0,12,100,16,False,True,True,False,True,False
52.0,16.62,5401,1,12,1,12.0,90.0,34775.1,27.3,999.0,True,0.0,20.0,0,10,0,False,False,0,WET,NORMAL,8,0,24,False,1,BRIGHT,FOG,0,16,True,True,0,SAFE,SAFE,SAFE,10,0,100,False,1,0,0,12,100,16,False,True,True,False,True,False
52.05,16.24,5275,1,12,1,12.0,90.0,34775.1,27.3,999.0,True,0.0,20.0,0,10,0,False,False,0,WET,NORMAL,8,0,24,False,1,BRIGHT,FOG,8,16,True,True,0,SAFE,SAFE,SAFE,10,0,100,False,1,8,0,12,100,16,False,True,True,False,True,False
52.1,15.97,5187,1,12,1,12.0,90.0,34775.1,27.3,999.0,True,0.0,20.0,0,10,0,False,False,0,WET,NORMAL,8,0,24,False,1,BRIGHT,FOG,8,16,True,True,0,SAFE,SAFE,SAFE,10,0,100,False,1,8,0,12,100,16,False,True,True,False,True,False
52.15,15.76,5120,1,12,1,12.0,90.0,34775.1,27.3,999.0,True,0.0,20.0,0,10,0,False,False,0,WET,NORMAL,8,0,24,False,1,BRIGHT,FOG,8,16,True,True,0,SAFE,SAFE,SAFE,10,0,100,False,1,8,0,12,100,16,False,True,True,False,True,False
52.2,15.64,5082,1,12,1,12.0,90.0,34775.1,27.3,999.0,True,0.0,20.0,0,10,0,False,False,0,WET,NORMAL,8,0,24,False,1,BRIGHT,FOG,8,16,True,True,0,SAFE,SAFE,SAFE,10,0,100,False,1,8,0,12,100,16,False,True,True,False,True,False
52.25,15.7,5100,1,12,1,12.0,90.0,34775.1,27.3,999.0,True,0.0,20.0,0,10,0,False,False,0,WET,NORMAL,8,0,24,False,1,BRIGHT,FOG,8,16,True,True,0,SAFE,SAFE,SAFE,10,0,100,False,1,8,0,12,100,16,False,True,True,False,True,False
52.3,15.92,5173,1,12,1,12.0,90.0,34775.1,27.3,999.0,True,0.0,20.0,0,10,0,False,False,0,WET,NORMAL,8,0,24,False,1,BRIGHT,FOG,8,16,True,True,0,SAFE,SAFE,SAFE,10,0,100,False,1,8,0,12,100,16,False,True,True,False,True,False
52.35,16.24,5277,1,12,1,12.0,90.0,34775.1,27.3,999.0,True,0.0,20.0,0,10,0,False,False,0,WET,NORMAL,8,0,24,False,1,BRIGHT,FOG,8,16,True,True,0,SAFE,SAFE,SAFE,10,0,100,False,1,8,0,12,100,16,False,True,True,False,True,False
52.4,16.57,5383,1,12,1,12.0,90.0,34775.1,27.3,999.0,True,0.0,20.0,0,10,0,False,False,0,WET,NORMAL,8,0,24,False,1,BRIGHT,FOG,0,16,True,True,0,SAFE,SAFE,SAFE,10,0,100,False,1,0,0,12,100,16,False,True,True,False,True,False
52.45,16.54,5374,1,12,1,12.0,90.0,34775.1,27.3,999.0,True,0.0,20.0,0,10,0,False,False,0,WET,NORMAL,8,0,24,False,1,BRIGHT,FOG,0,16,True,True,0,SAFE,SAFE,SAFE,10,0,100,False,1,0,0,12,100,16,False,True,True,False,True,False
52.5,16.15,5248,1,12,1,12.0,90.0,33099.1,27.3,999.0,True,0.0,20.0,0,10,0,False,False,0,WET,NORMAL,8,0,24,False,1,BRIGHT,FOG,8,16,True,True,0,SAFE,SAFE,SAFE,10,0,100,False,1,8,0,12,100,16,False,True,True,False,True,False
52.55,15.89,5161,1,12,1,12.0,90.0,33099.1,27.3,999.0,True,0.0,20.0,0,10,0,False,False,0,WET,NORMAL,8,0,24,False,1,BRIGHT,FOG,8,16,True,True,0,SAFE,SAFE,SAFE,10,0,100,False,1,8,0,12,100,16,False,True,True,False,True,False
52.6,15.68,5094,1,12,1,12.0,90.0,33099.1,27.3,999.0,True,0.0,20.0,0,10,0,False,False,0,WET,NORMAL,8,0,24,False,1,BRIGHT,FOG,8,16,True,True,0,SAFE,SAFE,SAFE,10,0,100,False,1,8,0,12,100,16,False,True,True,False,True,False
52.65,15.56,5056,1,12,1,12.0,90.0,33099.1,27.3,999.0,True,0.0,20.0,0,10,0,False,False,0,WET,NORMAL,8,0,24,False,1,BRIGHT,FOG,8,16,True,True,0,SAFE,SAFE,SAFE,10,0,100,False,1,8,0,12,100,16,False,True,True,False,True,False
52.7,15.62,5075,1,12,1,12.0,90.0,33099.1,27.3,999.0,True,0.0,20.0,0,10,0,False,False,0,WET,NORMAL,8,0,24,False,1,BRIGHT,FOG,8,16,True,True,0,SAFE,SAFE,SAFE,10,0,100,False,1,8,0,12,100,16,False,True,True,False,True,False
52.75,15.84,5147,1,12,1,12.0,90.0,33099.1,27.3,999.0,True,0.0,20.0,0,10,0,False,False,0,WET,NORMAL,8,0,24,False,1,BRIGHT,FOG,8,16,True,True,0,SAFE,SAFE,SAFE,10,0,100,False,1,8,0,12,100,16,False,True,True,False,True,False
52.8,16.17,5252,1,12,1,12.0,90.0,33099.1,27.3,999.0,True,0.0,20.0,0,10,0,False,False,0,WET,NORMAL,8,0,24,False,1,BRIGHT,FOG,8,16,True,True,0,SAFE,SAFE,SAFE,10,0,100,False,1,8,0,12,100,16,False,True,True,False,True,False
52.85,16.49,5357,1,12,1,12.0,90.0,33099.1,27.3,999.0,True,0.0,20.0,0,10,0,False,False,0,WET,NORMAL,8,0,24,False,1,BRIGHT,FOG,0,16,True,True,0,SAFE,SAFE,SAFE,10,0,100,False,1,0,0,12,100,16,False,True,True,False,True,False
52.9,16.46,5349,1,12,1,12.0,90.0,33099.1,27.3,999.0,True,0.0,20.0,0,10,0,False,False,0,WET,NORMAL,8,0,24,False,1,BRIGHT,FOG,0,16,True,True,0,SAFE,SAFE,SAFE,10,0,100,False,1,0,0,12,100,16,False,True,True,False,True,False
52.95,16.08,5223,1,12,1,12.0,90.0,33099.1,27.3,999.0,True,0.0,20.0,0,10,0,False,False,0,WET,NORMAL,8,0,24,False,1,BRIGHT,FOG,8,16,True,True,0,SAFE,SAFE,SAFE,10,0,100,False,1,8,0,12,100,16,False,True,True,False,True,False
53.0,15.81,5136,1,12,1,12.0,90.0,33099.1,27.3,999.0,True,0.0,20.0,0,10,0,False,False,0,WET,NORMAL,8,0,24,False,1,BRIGHT,FOG,8,16,True,True,0,SAFE,SAFE,SAFE,10,0,100,False,1,8,0,12,100,16,False,True,True,False,True,False
53.05,15.59,5065,1,12,1,12.0,90.0,33099.1,27.3,999.0,True,0.0,20.0,0,10,0,False,False,0,WET,NORMAL,8,0,24,False,1,BRIGHT,FOG,8,16,True,True,0,SAFE,SAFE,SAFE,10,0,100,False,1,8,0,12,100,16,False,True,True,False,True,False
53.1,15.45,5019,1,12,1,12.0,90.0,33099.1,27.3,999.0,True,0.0,20.0,0,10,0,False,False,0,WET,NORMAL,8,0,24,False,1,BRIGHT,FOG,8,16,True,True,0,SAFE,SAFE,SAFE,10,0,100,False,1,8,0,12,100,16,False,True,True,False,True,False
53.15,15.49,5033,1,12,1,12.0,90.0,33099.1,27.3,999.0,True,0.0,20.0,0,10,0,False,False,0,WET,NORMAL,8,0,24,False,1,BRIGHT,FOG,8,16,True,True,0,SAFE,SAFE,SAFE,10,0,100,False,1,8,0,12,100,16,False,True,True,False,True,False
