Time,Speed,RPM,Gear,Steering,Weather,Temperature,Humidity,Lux,RoadSpeedLimit,FrontDistance,DistanceOverRange,ClosingSpeed,TTC,TTCRisk,TTCThrottle,TTCBrake,TTCGearDown,TTCHazard,RoadRisk,RoadSurfaceGrade,RoadShockGrade,RoadThrottle,RoadBrake,RoadSpeedLimitCmd,RoadGearDown,VisionRisk,VisionLuxGrade,VisionWeatherGrade,VisionThrottle,VisionSpeedLimitCmd,VisionHeadlight,VisionHazard,PostureRisk,PostureRollGrade,PostureYawGrade,PostureLateralGrade,PostureThrottle,PostureBrake,PostureSteerRateLimit,PostureGearDown,FinalRisk,FinalThrottle,FinalBrake,FinalSteering,FinalSteerRateLimit,FinalSpeedLimit,FinalGearDown,Headlight,Hazard,ManualMode,AutonomousControl,EmergencyStop
0.05,1.76,800,1,12,0,22.0,30.0,43068.1,100,999.0,True,0.0,20.0,0,10,0,False,False,0,DRY,NORMAL,10,0,100,False,0,BRIGHT,CLEAR,10,100,False,False,0,SAFE,SAFE,SAFE,10,0,100,False,0,10,0,12,100,100,False,False,False,False,True,False
0.1,3.53,1146,1,12,0,22.0,30.0,43068.1,100,999.0,True,0.0,20.0,0,10,0,False,False,0,DRY,NORMAL,10,0,100,False,0,BRIGHT,CLEAR,10,100,False,False,0,SAFE,SAFE,SAFE,10,0,100,False,0,10,0,12,100,100,False,False,False,False,True,False
0.15,5.29,1719,1,12,0,22.0,30.0,43068.1,100,999.0,True,0.0,20.0,0,10,0,False,False,0,DRY,NORMAL,10,0,100,False,0,BRIGHT,CLEAR,10,100,False,False,0,SAFE,SAFE,SAFE,10,0,100,False,0,10,0,12,100,100,False,False,False,False,True,False
0.2,7.06,2292,1,12,0,22.0,30.0,43068.1,100,999.0,True,0.0,20.0,0,10,0,False,False,0,DRY,NORMAL,10,0,100,False,0,BRIGHT,CLEAR,10,100,False,False,0,SAFE,SAFE,SAFE,10,0,100,False,0,10,0,12,100,100,False,False,False,False,True,False
0.25,4.16,1351,1,12,0,22.0,30.0,43068.1,100,999.0,True,0.0,20.0,0,10,0,False,False,0,DRY,NORMAL,10,0,100,False,0,BRIGHT,CLEAR,10,100,False,False,0,SAFE,SAFE,SAFE,10,0,100,False,0,10,0,12,100,100,False,False,False,False,True,False
0.3,1.93,800,1,12,0,22.0,30.0,43068.1,100,999.0,True,0.0,20.0,0,10,0,False,False,0,DRY,NORMAL,10,0,100,False,0,BRIGHT,CLEAR,10,100,False,False,0,SAFE,SAFE,SAFE,10,0,100,False,0,10,0,12,100,100,False,False,False,False,True,False
0.35,1.18,800,1,12,0,22.0,30.0,43068.1,100,999.0,True,0.0,20.0,0,10,0,False,False,0,DRY,NORMAL,10,0,100,False,0,BRIGHT,CLEAR,10,100,False,False,0,SAFE,SAFE,SAFE,10,0,100,False,0,10,0,12,100,100,False,False,False,False,True,False
0.4,1.8,800,1,12,0,22.0,30.0,43068.1,100,999.0,True,0.0,20.0,0,10,0,False,False,0,DRY,NORMAL,10,0,100,False,0,BRIGHT,CLEAR,10,100,False,False,0,SAFE,SAFE,SAFE,10,0,100,False,0,10,0,12,100,100,False,False,False,False,True,False
0.45,2.61,848,1,12,0,22.0,30.0,43068.1,100,999.0,True,0.0,20.0,0,10,0,False,False,0,DRY,NORMAL,10,0,100,False,0,BRIGHT,CLEAR,10,100,False,False,0,SAFE,SAFE,SAFE,10,0,100,False,0,10,0,12,100,100,False,False,False,False,True,False
0.5,3.33,1080,1,12,0,22.0,30.0,43068.1,100,999.0,True,0.0,20.0,0,10,0,False,False,0,DRY,NORMAL,10,0,100,False,0,BRIGHT,CLEAR,10,100,False,False,0,SAFE,SAFE,SAFE,10,0,100,False,0,10,0,12,100,100,False,False,False,False,True,False
0.55,4.08,1325,1,12,0,22.0,30.0,43068.1,100,999.0,True,0.0,20.0,0,10,0,False,False,0,DRY,NORMAL,10,0,100,False,0,BRIGHT,CLEAR,10,100,False,False,0,SAFE,SAFE,SAFE,10,0,100,False,0,10,0,12,100,100,False,False,False,False,True,False
0.6,4.84,1573,1,12,0,22.0,30.0,43068.1,100,999.0,True,0.0,20.0,0,10,0,False,False,0,DRY,NORMAL,10,0,100,False,0,BRIGHT,CLEAR,10,100,False,False,0,SAFE,SAFE,SAFE,10,0,100,False,0,10,0,12,100,100,False,False,False,False,True,False
0.65,5.39,1751,1,12,0,22.0,30.0,43068.1,100,999.0,True,0.0,20.0,0,10,0,False,False,0,DRY,NORMAL,10,0,100,False,0,BRIGHT,CLEAR,10,100,False,False,0,SAFE,SAFE,SAFE,10,0,100,False,0,10,0,12,100,100,False,False,False,False,True,False
0.7,6.32,2053,1,12,0,22.0,30.0,43068.1,100,999.0,True,0.0,20.0,0,10,0,False,False,0,DRY,NORMAL,10,0,100,False,0,BRIGHT,CLEAR,10,100,False,False,0,SAFE,SAFE,SAFE,10,0,100,False,0,10,0,12,100,100,False,False,False,False,True,False
0.75,6.86,2227,1,12,0,22.0,30.0,43068.1,100,999.0,True,0.0,20.0,0,10,0,False,False,0,DRY,NORMAL,10,0,100,False,0,BRIGHT,CLEAR,10,100,False,False,0,SAFE,SAFE,SAFE,10,0,100,False,0,10,0,12,100,100,False,False,False,False,True,False
0.8,7.76,2522,1,12,0,22.0,30.0,43068.1,100,999.0,True,0.0,20.0,0,10,0,False,False,0,DRY,NORMAL,10,0,100,False,0,BRIGHT,CLEAR,10,100,False,False,0,SAFE,SAFE,SAFE,10,0,100,False,0,10,0,12,100,100,False,False,False,False,True,False
0.85,8.31,2700,1,12,0,22.0,30.0,43068.1,100,999.0,True,0.0,20.0,0,10,0,False,False,0,DRY,NORMAL,10,0,100,False,0,BRIGHT,CLEAR,10,100,False,False,0,SAFE,SAFE,SAFE,10,0,100,False,0,10,0,12,100,100,False,False,False,False,True,False
0.9,9.19,2984,1,12,0,22.0,30.0,43068.1,100,999.0,True,0.0,20.0,0,10,0,False,False,0,DRY,NORMAL,10,0,100,False,0,BRIGHT,CLEAR,10,100,False,False,0,SAFE,SAFE,SAFE,10,0,100,False,0,10,0,12,100,100,False,False,False,False,True,False
0.95,9.78,3176,1,12,0,22.0,30.0,43068.1,100,999.0,True,0.0,20.0,0,10,0,False,False,0,DRY,NORMAL,10,0,100,False,0,BRIGHT,CLEAR,10,100,False,False,0,SAFE,SAFE,SAFE,10,0,100,False,0,10,0,12,100,100,False,False,False,False,True,False
1.0,10.47,3402,1,12,0,22.0,30.0,43068.1,100,999.0,True,0.0,20.0,0,10,0,False,False,0,DRY,NORMAL,10,0,100,False,0,BRIGHT,CLEAR,10,100,False,False,0,SAFE,SAFE,SAFE,10,0,100,False,0,10,0,12,100,100,False,False,False,False,True,False
1.05,11.1,3606,1,12,0,22.0,30.0,43068.1,100,999.0,True,0.0,20.0,0,10,0,False,False,0,DRY,NORMAL,10,0,100,False,0,BRIGHT,CLEAR,10,100,False,False,0,SAFE,SAFE,SAFE,10,0,100,False,0,10,0,12,100,100,False,False,False,False,True,False
1.1,11.82,3840,1,12,0,22.0,30.0,43068.1,100,999.0,True,0.0,20.0,0,10,0,False,False,0,DRY,NORMAL,10,0,100,False,0,BRIGHT,CLEAR,10,100,False,False,0,SAFE,SAFE,SAFE,10,0,100,False,0,10,0,12,100,100,False,False,False,False,True,False
1.15,12.49,4057,1,12,0,22.0,30.0,43068.1,100,999.0,True,0.0,20.0,0,10,0,False,False,0,DRY,NORMAL,10,0,100,False,0,BRIGHT,CLEAR,10,100,False,False,0,SAFE,SAFE,SAFE,10,0,100,False,0,10,0,12,100,100,False,False,False,False,True,False
1.2,13.23,4297,1,12,0,22.0,30.0,43068.1,100,999.0,True,0.0,20.0,0,10,0,False,False,0,DRY,NORMAL,10,0,100,False,0,BRIGHT,CLEAR,10,100,False,False,0,SAFE,SAFE,SAFE,10,0,100,False,0,10,0,12,100,100,False,False,False,False,True,False
1.25,13.92,4521,1,12,0,22.0,30.0,43068.1,100,999.0,True,0.0,20.0,0,10,0,False,False,0,DRY,NORMAL,10,0,100,False,0,BRIGHT,CLEAR,10,100,False,False,0,SAFE,SAFE,SAFE,10,0,100,False,0,10,0,12,100,100,False,False,False,False,True,False
1.3,14.66,4762,1,12,0,22.0,30.0,43068.1,100,999.0,True,0.0,20.0,0,10,0,False,False,0,DRY,NORMAL,10,0,100,False,0,BRIGHT,CLEAR,10,100,False,False,0,SAFE,SAFE,SAFE,10,0,100,False,0,10,0,12,100,100,False,False,False,False,True,False
1.35,15.38,4997,1,12,0,22.0,30.0,43068.1,100,999.0,True,0.0,20.0,0,10,0,False,False,0,DRY,NORMAL,10,0,100,False,0,BRIGHT,CLEAR,10,100,False,False,0,SAFE,SAFE,SAFE,10,0,100,False,0,10,0,12,100,100,False,False,False,False,True,False
1.4,16.13,5241,1,12,0,22.0,30.0,43068.1,100,999.0,True,0.0,20.0,0,10,0,False,False,0,DRY,NORMAL,10,0,100,False,0,BRIGHT,CLEAR,10,100,False,False,0,SAFE,SAFE,SAFE,10,0,100,False,0,10,0,12,100,100,False,False,False,False,True,False
1.45,16.9,5491,1,12,0,22.0,30.0,43068.1,100,999.0,True,0.0,20.0,0,10,0,False,False,0,DRY,NORMAL,10,0,100,False,0,BRIGHT,CLEAR,10,100,False,False,0,SAFE,SAFE,SAFE,10,0,100,False,0,10,0,12,100,100,False,False,False,False,True,False
1.5,17.7,5750,1,12,0,22.0,30.0,55089.3,100,999.0,True,0.0,20.0,0,10,0,False,False,0,DRY,NORMAL,10,0,100,False,0,BRIGHT,CLEAR,10,100,False,False,0,SAFE,SAFE,SAFE,10,0,100,False,0,10,0,12,100,100,False,False,False,False,True,False
1.55,18.53,6020,1,12,0,22.0,30.0,55089.3,100,999.0,True,0.0,20.0,0,10,0,False,False,0,DRY,NORMAL,10,0,100,False,0,BRIGHT,CLEAR,10,100,False,False,0,SAFE,SAFE,SAFE,10,0,100,False,0,10,0,12,100,100,False,False,False,False,True,False
1.6,19.15,6221,1,12,0,22.0,30.0,55089.3,100,999.0,True,0.0,20.0,0,10,0,False,False,0,DRY,NORMAL,10,0,100,False,0,BRIGHT,CLEAR,10,100,False,False,0,SAFE,SAFE,SAFE,10,0,100,False,0,10,0,12,100,100,False,False,False,False,True,False
1.65,19.23,6248,1,12,0,22.0,30.0,55089.3,100,999.0,True,0.0,20.0,0,10,0,False,False,0,DRY,NORMAL,10,0,100,False,0,BRIGHT,CLEAR,10,100,False,False,0,SAFE,SAFE,SAFE,10,0,100,False,0,10,0,12,100,100,False,False,False,False,True,False
1.7,20.01,6502,2,12,0,22.0,30.0,55089.3,100,999.0,True,0.0,20.0,0,10,0,False,False,0,DRY,NORMAL,10,0,100,False,0,BRIGHT,CLEAR,10,100,False,False,0,SAFE,SAFE,SAFE,10,0,100,False,0,10,0,12,100,100,False,False,False,False,True,False
1.75,21.11,2491,2,12,0,22.0,30.0,55089.3,100,999.0,True,0.0,20.0,0,10,0,False,False,0,DRY,NORMAL,10,0,100,False,0,BRIGHT,CLEAR,10,100,False,False,0,SAFE,SAFE,SAFE,10,0,100,False,0,10,0,12,100,100,False,False,False,False,True,False
1.8,22.42,2646,2,12,0,22.0,30.0,55089.3,100,999.0,True,0.0,20.0,0,10,0,False,False,0,DRY,NORMAL,10,0,100,False,0,BRIGHT,CLEAR,10,100,False,False,0,SAFE,SAFE,SAFE,10,0,100,False,0,10,0,12,100,100,False,False,False,False,True,False
1.85,23.22,2739,2,12,0,22.0,30.0,55089.3,100,999.0,True,0.0,20.0,0,10,0,False,False,0,DRY,NORMAL,10,0,100,False,0,BRIGHT,CLEAR,10,100,False,False,0,SAFE,SAFE,SAFE,10,0,100,False,0,10,0,12,100,100,False,False,False,False,True,False
1.9,24.36,2874,2,12,0,22.0,30.0,55089.3,100,999.0,True,0.0,20.0,0,10,0,False,False,0,DRY,NORMAL,10,0,100,False,0,BRIGHT,CLEAR,10,100,False,False,0,SAFE,SAFE,SAFE,10,0,100,False,0,10,0,12,100,100,False,False,False,False,True,False
1.95,25.1,2962,2,12,0,22.0,30.0,55089.3,100,999.0,True,0.0,20.0,0,10,0,False,False,0,DRY,NORMAL,10,0,100,False,0,BRIGHT,CLEAR,10,100,False,False,0,SAFE,SAFE,SAFE,10,0,100,False,0,10,0,12,100,100,False,False,False,False,True,False
2.0,26.13,3083,2,12,0,22.0,30.0,55089.3,100,999.0,True,0.0,20.0,0,10,0,False,False,0,DRY,NORMAL,10,0,100,False,0,BRIGHT,CLEAR,10,100,False,False,0,SAFE,SAFE,SAFE,10,0,100,False,0,10,0,12,100,100,False,False,False,False,True,False
2.05,26.8,3163,2,12,0,22.0,30.0,55089.3,100,999.0,True,0.0,20.0,0,10,0,False,False,0,DRY,NORMAL,10,0,100,False,0,BRIGHT,CLEAR,10,100,False,False,0,SAFE,SAFE,SAFE,10,0,100,False,0,10,0,12,100,100,False,False,False,False,True,False
2.1,27.79,3279,2,12,0,22.0,30.0,55089.3,100,999.0,True,0.0,20.0,0,10,0,False,False,0,DRY,NORMAL,10,0,100,False,0,BRIGHT,CLEAR,10,100,False,False,0,SAFE,SAFE,SAFE,10,0,100,False,0,10,0,12,100,100,False,False,False,False,True,False
2.15,28.45,3357,2,12,0,22.0,30.0,55089.3,100,999.0,True,0.0,20.0,0,10,0,False,False,0,DRY,NORMAL,10,0,100,False,0,BRIGHT,CLEAR,10,100,False,False,0,SAFE,SAFE,SAFE,10,0,100,False,0,10,0,12,100,100,False,False,False,False,True,False
2.2,29.4,3470,2,12,0,22.0,30.0,55089.3,100,999.0,True,0.0,20.0,0,10,0,False,False,0,DRY,NORMAL,10,0,100,False,0,BRIGHT,CLEAR,10,100,False,False,0,SAFE,SAFE,SAFE,10,0,100,False,0,10,0,12,100,100,False,False,False,False,True,False
2.25,30.08,3550,2,12,0,22.0,30.0,55089.3,100,999.0,True,0.0,20.0,0,10,0,False,False,0,DRY,NORMAL,10,0,100,False,0,BRIGHT,CLEAR,10,100,False,False,0,SAFE,SAFE,SAFE,10,0,100,False,0,10,0,12,100,100,False,False,False,False,True,False
2.3,31.03,3662,2,12,0,22.0,30.0,55089.3,100,999.0,True,0.0,20.0,0,10,0,False,False,0,DRY,NORMAL,10,0,100,False,0,BRIGHT,CLEAR,10,100,False,False,0,SAFE,SAFE,SAFE,10,0,100,False,0,10,0,12,100,100,False,False,False,False,True,False
2.35,31.74,3745,2,12,0,22.0,30.0,55089.3,100,999.0,True,0.0,20.0,0,10,0,False,False,0,DRY,NORMAL,10,0,100,False,0,BRIGHT,CLEAR,10,100,False,False,0,SAFE,SAFE,SAFE,10,0,100,False,0,10,0,12,100,100,False,False,False,False,True,False
2.4,32.7,3859,2,12,0,22.0,30.0,55089.3,100,999.0,True,0.0,20.0,0,10,0,False,False,0,DRY,NORMAL,10,0,100,False,0,BRIGHT,CLEAR,10,100,False,False,0,SAFE,SAFE,SAFE,10,0,100,False,0,10,0,12,100,100,False,False,False,False,True,False
2.45,33.44,3946,2,12,0,22.0,30.0,55089.3,100,999.0,True,0.0,20.0,0,10,0,False,False,0,DRY,NORMAL,10,0,100,False,0,BRIGHT,CLEAR,10,100,False,False,0,SAFE,SAFE,SAFE,10,0,100,False,0,10,0,12,100,100,False,False,False,False,True,False
2.5,34.41,4061,2,12,0,22.0,30.0,55089.3,100,999.0,True,0.0,20.0,0,10,0,False,False,0,DRY,NORMAL,10,0,100,False,0,BRIGHT,CLEAR,10,100,False,False,0,SAFE,SAFE,SAFE,10,0,100,False,0,10,0,12,100,100,False,False,False,False,True,False
2.55,35.18,4152,2,12,0,22.0,30.0,55089.3,100,999.0,True,0.0,20.0,0,10,0,False,False,0,DRY,NORMAL,10,0,100,False,0,BRIGHT,CLEAR,10,100,False,False,0,SAFE,SAFE,SAFE,10,0,100,False,0,10,0,12,100,100,False,False,False,False,True,False
2.6,36.18,4270,2,12,0,22.0,30.0,55089.3,94.9,999.0,True,0.0,20.0,0,10,0,False,False,0,DRY,NORMAL,10,0,94.88386945762203,False,0,BRIGHT,CLEAR,10,94.88386945762203,False,False,0,SAFE,SAFE,SAFE,10,0,100,False,0,10,0,12,100,94.88386945762203,False,False,False,False,True,False
2.65,36.99,4366,2,12,0,22.0,30.0,55089.3,86.9,999.0,True,0.0,20.0,0,10,0,False,False,0,DRY,NORMAL,10,0,86.89057793411246,False,0,BRIGHT,CLEAR,10,86.89057793411246,False,False,0,SAFE,SAFE,SAFE,10,0,100,False,0,10,0,12,100,86.89057793411246,False,False,False,False,True,False
2.7,38.02,4487,2,12,0,22.0,30.0,55089.3,86.9,999.0,True,0.0,20.0,0,10,0,False,False,0,DRY,NORMAL,10,0,86.89057793411246,False,0,BRIGHT,CLEAR,10,86.89057793411246,False,False,0,SAFE,SAFE,SAFE,10,0,100,False,0,10,0,12,100,86.89057793411246,False,False,False,False,True,False
2.75,38.86,4586,2,12,0,22.0,30.0,55089.3,86.9,999.0,True,0.0,20.0,0,10,0,False,False,0,DRY,NORMAL,10,0,86.89057793411246,False,0,BRIGHT,CLEAR,10,86.89057793411246,False,False,0,SAFE,SAFE,SAFE,10,0,100,False,0,10,0,12,100,86.89057793411246,False,False,False,False,True,False
2.8,39.89,4707,2,12,0,22.0,30.0,55089.3,86.9,999.0,True,0.0,20.0,0,10,0,False,False,0,DRY,NORMAL,10,0,86.89057793411246,False,0,BRIGHT,CLEAR,10,86.89057793411246,False,False,0,SAFE,SAFE,SAFE,10,0,100,False,0,10,0,12,100,86.89057793411246,False,False,False,False,True,False
2.85,40.75,4809,2,12,0,22.0,30.0,55089.3,81.6,999.0,True,0.0,20.0,0,10,0,False,False,0,DRY,NORMAL,10,0,81.57788355084236,False,0,BRIGHT,CLEAR,10,81.57788355084236,False,False,0,SAFE,SAFE,SAFE,10,0,100,False,0,10,0,12,100,81.57788355084236,False,False,False,False,True,False
2.9,41.76,4928,2,12,0,22.0,30.0,55089.3,74.7,999.0,True,0.0,20.0,0,10,0,False,False,0,DRY,NORMAL,10,0,74.7195029781318,False,0,BRIGHT,CLEAR,10,74.7195029781318,False,False,0,SAFE,SAFE,SAFE,10,0,100,False,0,10,0,12,100,74.7195029781318,False,False,False,False,True,False
2.95,42.67,5035,2,12,0,22.0,30.0,55089.3,74.7,999.0,True,0.0,20.0,0,10,0,False,False,0,DRY,NORMAL,10,0,74.7195029781318,False,0,BRIGHT,CLEAR,10,74.7195029781318,False,False,0,SAFE,SAFE,SAFE,10,0,100,False,0,10,0,12,100,74.7195029781318,False,False,False,False,True,False
3.0,43.65,5151,2,12,0,22.0,30.0,58570.1,74.7,999.0,True,0.0,20.0,0,10,0,False,False,0,DRY,NORMAL,10,0,74.7195029781318,False,0,BRIGHT,CLEAR,10,74.7195029781318,False,False,0,SAFE,SAFE,SAFE,10,0,100,False,0,10,0,12,100,74.7195029781318,False,False,False,False,True,False
3.05,44.58,5261,2,12,0,22.0,30.0,58570.1,72.2,999.0,True,0.0,20.0,0,10,0,False,False,0,DRY,NORMAL,10,0,72.174646705577,False,0,BRIGHT,CLEAR,10,72.174646705577,False,False,0,SAFE,SAFE,SAFE,10,0,100,False,0,10,0,12,100,72.174646705577,False,False,False,False,True,False
3.1,45.54,5374,2,12,0,22.0,30.0,58570.1,72.2,999.0,True,0.0,20.0,0,10,0,False,False,0,DRY,NORMAL,10,0,72.174646705577,False,0,BRIGHT,CLEAR,10,72.174646705577,False,False,0,SAFE,SAFE,SAFE,10,0,100,False,0,10,0,12,100,72.174646705577,False,False,False,False,True,False
3.15,46.49,5487,2,12,0,22.0,30.0,58570.1,67.6,999.0,True,0.0,20.0,0,10,0,False,False,0,DRY,NORMAL,10,0,67.6355077047856,False,0,BRIGHT,CLEAR,10,67.6355077047856,False,False,0,SAFE,SAFE,SAFE,10,0,100,False,0,10,0,12,100,67.6355077047856,False,False,False,False,True,False
3.2,47.45,5600,2,12,0,22.0,30.0,58570.1,67.6,999.0,True,0.0,20.0,0,10,0,False,False,0,DRY,NORMAL,10,0,67.6355077047856,False,0,BRIGHT,CLEAR,10,67.6355077047856,False,False,0,SAFE,SAFE,SAFE,10,0,100,False,0,10,0,12,100,67.6355077047856,False,False,False,False,True,False
3.25,48.41,5713,2,12,0,22.0,30.0,58570.1,66.3,999.0,True,0.0,20.0,0,10,0,False,False,0,DRY,NORMAL,10,0,66.26800789424277,False,0,BRIGHT,CLEAR,10,66.26800789424277,False,False,0,SAFE,SAFE,SAFE,10,0,100,False,0,10,0,12,100,66.26800789424277,False,False,False,False,True,False
3.3,49.38,5827,2,12,0,22.0,30.0,58570.1,66.3,999.0,True,0.0,20.0,0,10,0,False,False,0,DRY,NORMAL,10,0,66.26800789424277,False,0,BRIGHT,CLEAR,10,66.26800789424277,False,False,0,SAFE,SAFE,SAFE,10,0,100,False,0,10,0,12,100,66.26800789424277,False,False,False,False,True,False
3.35,50.35,5942,2,12,0,22.0,30.0,58570.1,62.9,999.0,True,0.0,20.0,0,10,0,False,False,0,DRY,NORMAL,10,0,62.93857036227715,False,0,BRIGHT,CLEAR,10,62.93857036227715,False,False,0,SAFE,SAFE,SAFE,10,0,100,False,0,10,0,12,100,62.93857036227715,False,False,False,False,True,False
3.4,51.32,6057,2,12,0,22.0,30.0,58570.1,62.9,999.0,True,0.0,20.0,0,10,0,False,False,0,DRY,NORMAL,10,0,62.93857036227715,False,0,BRIGHT,CLEAR,10,62.93857036227715,False,False,0,SAFE,SAFE,SAFE,10,0,100,False,0,10,0,12,100,62.93857036227715,False,False,False,False,True,False
3.45,52.3,6172,2,12,0,22.0,30.0,58570.1,62.2,999.0,True,0.0,20.0,0,10,0,False,False,0,DRY,NORMAL,10,0,62.17351195150664,False,0,BRIGHT,CLEAR,10,62.17351195150664,False,False,0,SAFE,SAFE,SAFE,10,0,100,False,0,10,0,12,100,62.17351195150664,False,False,False,False,True,False
3.5,53.28,6287,2,12,0,22.0,30.0,58570.1,62.2,999.0,True,0.0,20.0,0,10,0,False,False,0,DRY,NORMAL,10,0,62.17351195150664,False,0,BRIGHT,CLEAR,10,62.17351195150664,False,False,0,SAFE,SAFE,SAFE,10,0,100,False,0,10,0,12,100,62.17351195150664,False,False,False,False,True,False
3.55,54.25,6402,2,12,0,22.0,30.0,58570.1,62.2,999.0,True,0.0,20.0,0,10,0,False,False,0,DRY,NORMAL,10,0,62.17351195150664,False,0,BRIGHT,CLEAR,10,62.17351195150664,False,False,0,SAFE,SAFE,SAFE,10,0,100,False,0,10,0,12,100,62.17351195150664,False,False,False,False,True,False
3.6,55.23,6517,3,12,0,22.0,30.0,58570.1,59.2,999.0,True,0.0,20.0,0,10,0,False,False,0,DRY,NORMAL,10,0,59.15155591042402,False,0,BRIGHT,CLEAR,10,59.15155591042402,False,False,0,SAFE,SAFE,SAFE,10,0,100,False,0,10,0,12,100,59.15155591042402,False,False,False,False,True,False
3.65,56.38,4583,3,12,0,22.0,30.0,58570.1,59.2,999.0,True,0.0,20.0,0,10,0,False,False,0,DRY,NORMAL,10,0,59.15155591042402,False,0,BRIGHT,CLEAR,10,59.15155591042402,False,False,0,SAFE,SAFE,SAFE,10,0,100,False,0,10,0,12,100,59.15155591042402,False,False,False,False,True,False
3.7,57.39,4666,3,12,0,22.0,30.0,58570.1,59.2,999.0,True,0.0,20.0,0,10,0,False,False,0,DRY,NORMAL,10,0,59.15155591042402,False,0,BRIGHT,CLEAR,10,59.15155591042402,False,False,0,SAFE,SAFE,SAFE,10,0,100,False,0,10,0,12,100,59.15155591042402,False,False,False,False,True,False
3.75,58.29,4739,3,12,0,22.0,30.0,58570.1,59.2,999.0,True,0.0,20.0,0,10,0,False,False,0,DRY,NORMAL,10,0,59.15155591042402,False,0,BRIGHT,CLEAR,10,59.15155591042402,False,False,0,SAFE,SAFE,SAFE,10,0,100,False,0,10,0,12,100,59.15155591042402,False,False,False,False,True,False
3.8,59.1,4805,3,12,0,22.0,30.0,58570.1,56.8,999.0,True,0.0,20.0,0,10,0,False,False,0,DRY,NORMAL,10,0,56.82163067664734,False,0,BRIGHT,CLEAR,10,56.82163067664734,False,False,0,SAFE,SAFE,SAFE,10,0,100,False,0,10,0,12,100,56.82163067664734,False,False,False,False,True,False
3.85,59.82,4864,3,12,0,22.0,30.0,58570.1,56.8,999.0,True,0.0,20.0,0,10,0,False,False,0,DRY,NORMAL,10,0,56.82163067664734,False,0,BRIGHT,CLEAR,10,56.82163067664734,False,False,0,SAFE,SAFE,SAFE,10,0,100,False,0,10,0,12,100,56.82163067664734,False,False,False,False,True,False
3.9,60.3,4902,3,12,0,22.0,30.0,58570.1,56.8,999.0,True,0.0,20.0,0,10,0,False,False,0,DRY,NORMAL,10,0,56.82163067664734,False,0,BRIGHT,CLEAR,10,56.82163067664734,False,False,0,SAFE,SAFE,SAFE,10,0,100,False,0,10,0,12,100,56.82163067664734,False,False,False,False,True,False
3.95,60.48,4917,3,12,0,22.0,30.0,58570.1,55.0,999.0,True,0.0,20.0,0,10,0,False,False,0,DRY,NORMAL,10,0,55.04087573253752,False,0,BRIGHT,CLEAR,10,55.04087573253752,False,False,0,SAFE,SAFE,SAFE,10,0,100,False,0,10,0,12,100,55.04087573253752,False,False,False,False,True,False
4.0,60.34,4905,3,12,0,22.0,30.0,58570.1,55.0,999.0,True,0.0,20.0,0,10,0,False,False,0,DRY,NORMAL,10,0,55.04087573253752,False,0,BRIGHT,CLEAR,10,55.04087573253752,False,False,0,SAFE,SAFE,SAFE,10,0,100,False,0,10,0,12,100,55.04087573253752,False,False,False,False,True,False
4.05,60.01,4879,3,12,0,22.0,30.0,58570.1,55.0,999.0,True,0.0,20.0,0,10,0,False,False,0,DRY,NORMAL,10,0,55.04087573253752,False,0,BRIGHT,CLEAR,10,55.04087573253752,False,False,0,SAFE,SAFE,SAFE,10,0,100,False,0,10,0,12,100,55.04087573253752,False,False,False,False,True,False
4.1,59.77,4860,3,12,0,22.0,30.0,58570.1,55.0,999.0,True,0.0,20.0,0,10,0,False,False,0,DRY,NORMAL,10,0,55.04087573253752,False,0,BRIGHT,CLEAR,10,55.04087573253752,False,False,0,SAFE,SAFE,SAFE,10,0,100,False,0,10,0,12,100,55.04087573253752,False,False,False,False,True,False
4.15,59.55,4841,3,12,0,22.0,30.0,58570.1,53.7,999.0,True,0.0,20.0,0,10,0,False,False,0,DRY,NORMAL,10,0,53.74395064752828,False,0,BRIGHT,CLEAR,10,53.74395064752828,False,False,0,SAFE,SAFE,SAFE,10,0,100,False,0,10,0,12,100,53.74395064752828,False,False,False,False,True,False
4.2,59.18,4811,3,12,0,22.0,30.0,58570.1,53.7,999.0,True,0.0,20.0,0,10,0,False,False,0,DRY,NORMAL,10,0,53.74395064752828,False,0,BRIGHT,CLEAR,10,53.74395064752828,False,False,0,SAFE,SAFE,SAFE,10,0,100,False,0,10,0,12,100,53.74395064752828,False,False,False,False,True,False
4.25,58.72,4774,3,12,0,22.0,30.0,58570.1,53.7,999.0,True,0.0,20.0,0,10,0,False,False,0,DRY,NORMAL,10,0,53.74395064752828,False,0,BRIGHT,CLEAR,10,53.74395064752828,False,False,0,SAFE,SAFE,SAFE,10,0,100,False,0,10,0,12,100,53.74395064752828,False,False,False,False,True,False
4.3,58.41,4749,3,12,0,22.0,30.0,58570.1,53.7,999.0,True,0.0,20.0,0,10,0,False,False,0,DRY,NORMAL,10,0,53.74395064752828,False,0,BRIGHT,CLEAR,10,53.74395064752828,False,False,0,SAFE,SAFE,SAFE,10,0,100,False,0,10,0,12,100,53.74395064752828,False,False,False,False,True,False
4.35,58.14,4727,3,12,0,22.0,30.0,58570.1,53.7,999.0,True,0.0,20.0,0,10,0,False,False,0,DRY,NORMAL,10,0,53.74394972150293,False,0,BRIGHT,CLEAR,10,53.74394972150293,False,False,0,SAFE,SAFE,SAFE,10,0,100,False,0,10,0,12,100,53.74394972150293,False,False,False,False,True,False
4.4,57.87,4705,3,12,0,22.0,30.0,58570.1,53.7,999.0,True,0.0,20.0,0,10,0,False,False,0,DRY,NORMAL,10,0,53.74394972150293,False,0,BRIGHT,CLEAR,10,53.74394972150293,False,False,0,SAFE,SAFE,SAFE,10,0,100,False,0,10,0,12,100,53.74394972150293,False,False,False,False,True,False
4.45,57.6,4683,3,12,0,22.0,30.0,58570.1,53.7,999.0,True,0.0,20.0,0,10,0,False,False,0,DRY,NORMAL,10,0,53.74394972150293,False,0,BRIGHT,CLEAR,10,53.74394972150293,False,False,0,SAFE,SAFE,SAFE,10,0,100,False,0,10,0,12,100,53.74394972150293,False,False,False,False,True,False
4.5,57.33,4661,3,12,0,22.0,30.0,61995.1,53.7,999.0,True,0.0,20.0,0,10,0,False,False,0,DRY,NORMAL,10,0,53.74394972150293,False,0,BRIGHT,CLEAR,10,53.74394972150293,False,False,0,SAFE,SAFE,SAFE,10,0,100,False,0,10,0,12,100,53.74394972150293,False,False,False,False,True,False
4.55,57.06,4639,3,12,0,22.0,30.0,61995.1,53.7,999.0,True,0.0,20.0,0,10,0,False,False,0,DRY,NORMAL,10,0,53.74395380188768,False,0,BRIGHT,CLEAR,10,53.74395380188768,False,False,0,SAFE,SAFE,SAFE,10,0,100,False,0,10,0,12,100,53.74395380188768,False,False,False,False,True,False
4.6,56.8,4618,3,12,0,22.0,30.0,61995.1,53.7,999.0,True,0.0,20.0,0,10,0,False,False,0,DRY,NORMAL,10,0,53.74395380188768,False,0,BRIGHT,CLEAR,10,53.74395380188768,False,False,0,SAFE,SAFE,SAFE,10,0,100,False,0,10,0,12,100,53.74395380188768,False,False,False,False,True,False
4.65,56.53,4596,3,12,0,22.0,30.0,61995.1,53.7,117.6,False,8.42,13.38,0,10,0,False,False,0,DRY,NORMAL,10,0,53.74395380188768,False,0,BRIGHT,CLEAR,10,53.74395380188768,False,False,0,SAFE,SAFE,SAFE,10,0,100,False,0,10,0,12,100,53.74395380188768,False,False,False,False,True,False
4.7,56.26,4574,3,12,0,22.0,30.0,61995.1,53.5,117.18,False,8.36,13.42,0,10,0,False,False,0,DRY,NORMAL,10,0,53.47074022500245,False,0,BRIGHT,CLEAR,10,53.47074022500245,False,False,0,SAFE,SAFE,SAFE,10,0,100,False,0,10,0,12,100,53.47074022500245,False,False,False,False,True,False
4.75,56.0,4552,3,12,0,22.0,30.0,61995.1,52.5,117.39,False,8.27,13.59,0,10,0,False,False,0,DRY,NORMAL,10,0,52.51172959689767,False,0,BRIGHT,CLEAR,10,52.51172959689767,False,False,0,SAFE,SAFE,SAFE,10,0,100,False,0,10,0,12,100,52.51172959689767,False,False,False,False,True,False
4.8,55.73,4531,3,12,0,22.0,30.0,61995.1,51.7,116.99,False,8.21,13.64,0,10,0,False,False,0,DRY,NORMAL,10,0,51.681978410348094,False,0,BRIGHT,CLEAR,10,51.681978410348094,False,False,0,SAFE,SAFE,SAFE,10,0,100,False,0,10,0,12,100,51.681978410348094,False,False,False,False,True,False
4.85,55.46,4509,3,12,0,22.0,30.0,61995.1,51.0,116.58,False,8.12,13.74,0,10,0,False,False,0,DRY,NORMAL,10,0,51.0387192899683,False,0,BRIGHT,CLEAR,10,51.0387192899683,False,False,0,SAFE,SAFE,SAFE,10,0,100,False,0,10,0,12,100,51.0387192899683,False,False,False,False,True,False
4.9,55.2,4488,3,12,0,22.0,30.0,61995.1,50.6,116.18,False,8.06,13.79,0,10,0,False,False,0,DRY,NORMAL,10,0,50.56715066574455,False,0,BRIGHT,CLEAR,10,50.56715066574455,False,False,0,SAFE,SAFE,SAFE,10,0,100,False,0,10,0,12,100,50.56715066574455,False,False,False,False,True,False
4.95,54.94,4466,3,12,0,22.0,30.0,61995.1,50.3,115.85,False,7.97,13.9,0,10,0,False,False,0,DRY,NORMAL,10,0,50.25338987378714,False,0,BRIGHT,CLEAR,10,50.25338987378714,False,False,0,SAFE,SAFE,SAFE,10,0,100,False,0,10,0,12,100,50.25338987378714,False,False,False,False,True,False
5.0,54.67,4445,3,12,0,22.0,30.0,61995.1,49.7,116.02,False,7.92,14.02,0,10,0,False,False,0,DRY,NORMAL,10,0,49.71929735873817,False,0,BRIGHT,CLEAR,10,49.71929735873817,False,False,0,SAFE,SAFE,SAFE,10,0,100,False,0,10,0,12,100,49.71929735873817,False,False,False,False,True,False
5.05,54.41,4424,3,12,0,22.0,30.0,61995.1,49.2,115.63,False,7.83,14.13,0,10,0,False,False,0,DRY,NORMAL,10,0,49.214290829540595,False,0,BRIGHT,CLEAR,10,49.214290829540595,False,False,0,SAFE,SAFE,SAFE,10,0,100,False,0,10,0,12,100,49.214290829540595,False,False,False,False,True,False
5.1,54.02,4392,3,12,0,22.0,30.0,61995.1,48.9,115.24,False,7.74,14.25,0,10,0,False,False,0,DRY,NORMAL,10,0,48.856237408683874,False,0,BRIGHT,CLEAR,10,48.856237408683874,False,False,0,SAFE,SAFE,SAFE,10,0,100,False,0,10,0,12,100,48.856237408683874,False,False,False,False,True,False
5.15,53.56,4354,3,12,0,22.0,30.0,61995.1,48.6,114.86,False,7.59,14.47,0,10,0,False,False,0,DRY,NORMAL,10,0,48.60804536701909,False,0,BRIGHT,CLEAR,10,48.60804536701909,False,False,0,SAFE,SAFE,SAFE,10,0,100,False,0,10,0,12,100,48.60804536701909,False,False,False,False,True,False
5.2,53.25,4330,3,12,0,22.0,30.0,61995.1,48.5,114.67,False,7.52,14.58,0,10,0,False,False,0,DRY,NORMAL,10,0,48.465812548831686,False,0,BRIGHT,CLEAR,10,48.465812548831686,False,False,0,SAFE,SAFE,SAFE,10,0,100,False,0,10,0,12,100,48.465812548831686,False,False,False,False,True,False
5.25,52.99,4308,3,12,0,22.0,30.0,61995.1,48.3,114.76,False,7.43,14.76,0,10,0,False,False,0,DRY,NORMAL,10,0,48.33331453064352,False,0,BRIGHT,CLEAR,10,48.33331453064352,False,False,0,SAFE,SAFE,SAFE,10,0,100,False,0,10,0,12,100,48.33331453064352,False,False,False,False,True,False
5.3,52.74,4288,3,12,0,22.0,30.0,61995.1,48.0,114.39,False,7.38,14.82,0,10,0,False,False,0,DRY,NORMAL,10,0,48.039972957835836,False,0,BRIGHT,CLEAR,10,48.039972957835836,False,False,0,SAFE,SAFE,SAFE,10,0,100,False,0,10,0,12,100,48.039972957835836,False,False,False,False,True,False
5.35,52.48,4267,3,12,0,22.0,30.0,61995.1,47.9,114.02,False,7.29,14.95,0,10,0,False,False,0,DRY,NORMAL,10,0,47.87405379614891,False,0,BRIGHT,CLEAR,10,47.87405379614891,False,False,0,SAFE,SAFE,SAFE,10,0,100,False,0,10,0,12,100,47.87405379614891,False,False,False,False,True,False
5.4,52.23,4246,3,12,0,22.0,30.0,61995.1,47.8,113.66,False,7.24,15.01,0,10,0,False,False,0,DRY,NORMAL,10,0,47.83440716622503,False,0,BRIGHT,CLEAR,10,47.83440716622503,False,False,0,SAFE,SAFE,SAFE,10,0,100,False,0,10,0,12,100,47.83440716622503,False,False,False,False,True,False
5.45,51.98,4226,3,12,0,22.0,30.0,61995.1,47.9,113.49,False,7.15,15.17,0,10,0,False,False,0,DRY,NORMAL,10,0,47.91874451562421,False,0,BRIGHT,CLEAR,10,47.91874451562421,False,False,0,SAFE,SAFE,SAFE,10,0,100,False,0,10,0,12,100,47.91874451562421,False,False,False,False,True,False
5.5,51.72,4205,3,12,0,22.0,30.0,61995.1,48.1,113.59,False,7.1,15.3,0,10,0,False,False,0,DRY,NORMAL,10,0,48.12554175894346,False,0,BRIGHT,CLEAR,10,48.12554175894346,False,False,0,SAFE,SAFE,SAFE,10,0,100,False,0,10,0,12,100,48.12554175894346,False,False,False,False,True,False
5.55,51.47,4185,3,12,0,22.0,30.0,61995.1,48.0,113.24,False,7.01,15.43,0,10,0,False,False,0,DRY,NORMAL,10,0,48.0387569641759,False,0,BRIGHT,CLEAR,10,48.0387569641759,False,False,0,SAFE,SAFE,SAFE,10,0,100,False,0,10,0,12,100,48.0387569641759,False,False,False,False,True,False
5.6,51.23,4165,3,12,0,22.0,30.0,61995.1,48.0,112.89,False,6.96,15.5,0,10,0,False,False,0,DRY,NORMAL,10,0,48.01031103422125,False,0,BRIGHT,CLEAR,10,48.01031103422125,False,False,0,SAFE,SAFE,SAFE,10,0,100,False,0,10,0,12,100,48.01031103422125,False,False,False,False,True,False
5.65,50.98,4145,3,12,0,22.0,30.0,61995.1,48.1,112.55,False,6.88,15.64,0,10,0,False,False,0,DRY,NORMAL,10,0,48.0959137041696,False,0,BRIGHT,CLEAR,10,48.0959137041696,False,False,0,SAFE,SAFE,SAFE,10,0,100,False,0,10,0,12,100,48.0959137041696,False,False,False,False,True,False
5.7,50.73,4125,3,12,0,22.0,30.0,61995.1,48.3,112.31,False,6.82,15.73,0,10,0,False,False,0,DRY,NORMAL,10,0,48.29770508204681,False,0,BRIGHT,CLEAR,10,48.29770508204681,False,False,0,SAFE,SAFE,SAFE,10,0,100,False,0,10,0,12,100,48.29770508204681,False,False,False,False,True,False
5.75,50.49,4105,3,12,0,22.0,30.0,61995.1,48.6,112.52,False,6.74,15.95,0,10,0,False,False,0,DRY,NORMAL,10,0,48.61733278943462,False,0,BRIGHT,CLEAR,10,48.61733278943462,False,False,0,SAFE,SAFE,SAFE,10,0,100,False,0,10,0,12,100,48.61733278943462,False,False,False,False,True,False
5.8,50.25,4085,3,12,0,22.0,30.0,61995.1,48.9,112.18,False,6.69,16.03,0,10,0,False,False,0,DRY,NORMAL,10,0,48.91354909509714,False,0,BRIGHT,CLEAR,10,48.91354909509714,False,False,0,SAFE,SAFE,SAFE,10,0,100,False,0,10,0,12,100,48.91354909509714,False,False,False,False,True,False
5.85,50.01,4066,3,12,0,22.0,30.0,61995.1,49.0,111.85,False,6.61,16.18,0,10,0,False,False,0,DRY,NORMAL,10,0,48.96046913614971,False,0,BRIGHT,CLEAR,10,48.96046913614971,False,False,0,SAFE,SAFE,SAFE,10,0,100,False,0,10,0,12,100,48.96046913614971,False,False,False,False,True,False
5.9,49.77,4046,3,12,0,22.0,30.0,61995.1,49.1,111.52,False,6.55,16.25,0,10,0,False,False,0,DRY,NORMAL,10,0,49.11263374361566,False,0,BRIGHT,CLEAR,10,49.11263374361566,False,False,0,SAFE,SAFE,SAFE,10,0,100,False,0,10,0,12,100,49.11263374361566,False,False,False,False,True,False
5.95,49.53,4027,3,12,0,22.0,30.0,61995.1,49.4,111.2,False,6.47,16.41,0,10,0,False,False,0,DRY,NORMAL,10,0,49.38582322799766,False,0,BRIGHT,CLEAR,10,49.38582322799766,False,False,0,SAFE,SAFE,SAFE,10,0,100,False,0,10,0,12,100,49.38582322799766,False,False,False,False,True,False
6.0,49.29,4008,3,12,0,22.0,30.0,65351.3,49.8,111.49,False,6.42,16.58,0,10,0,False,False,0,DRY,NORMAL,10,0,49.778066656811035,False,0,BRIGHT,CLEAR,10,49.778066656811035,False,False,0,SAFE,SAFE,SAFE,10,0,100,False,0,10,0,12,100,49.778066656811035,False,False,False,False,True,False
6.05,49.07,3990,3,12,0,22.0,30.0,65351.3,50.3,111.21,False,6.35,16.74,0,10,0,False,False,0,DRY,NORMAL,10,0,50.29312760952291,False,0,BRIGHT,CLEAR,10,50.29312760952291,False,False,0,SAFE,SAFE,SAFE,10,0,100,False,0,10,0,12,100,50.29312760952291,False,False,False,False,True,False
6.1,48.91,3977,3,12,0,22.0,30.0,65351.3,50.6,110.89,False,6.32,16.76,0,10,0,False,False,0,DRY,NORMAL,10,0,50.602705216267054,False,0,BRIGHT,CLEAR,10,50.602705216267054,False,False,0,SAFE,SAFE,SAFE,10,0,100,False,0,10,0,12,100,50.602705216267054,False,False,False,False,True,False
6.15,48.86,3972,3,12,0,22.0,30.0,65351.3,50.8,110.58,False,6.29,16.8,0,10,0,False,False,0,DRY,NORMAL,10,0,50.790007446667694,False,0,BRIGHT,CLEAR,10,50.790007446667694,False,False,0,SAFE,SAFE,SAFE,10,0,100,False,0,10,0,12,100,50.790007446667694,False,False,False,False,True,False
6.2,48.93,3978,3,12,0,22.0,30.0,65351.3,51.1,110.26,False,6.32,16.65,0,10,0,False,False,0,DRY,NORMAL,10,0,51.11563244875753,False,0,BRIGHT,CLEAR,10,51.11563244875753,False,False,0,SAFE,SAFE,SAFE,10,0,100,False,0,10,0,12,100,51.11563244875753,False,False,False,False,True,False
6.25,49.13,3994,3,12,0,22.0,30.0,65351.3,51.6,110.31,False,6.36,16.55,0,10,0,False,False,0,DRY,NORMAL,10,0,51.60870061616613,False,0,BRIGHT,CLEAR,10,51.60870061616613,False,False,0,SAFE,SAFE,SAFE,10,0,100,False,0,10,0,12,100,51.60870061616613,False,False,False,False,True,False
6.3,49.42,4017,3,12,0,22.0,30.0,65351.3,52.3,110.27,False,6.46,16.3,0,10,0,False,False,0,DRY,NORMAL,10,0,52.28480682443466,False,0,BRIGHT,CLEAR,10,52.28480682443466,False,False,0,SAFE,SAFE,SAFE,10,0,100,False,0,10,0,12,100,52.28480682443466,False,False,False,False,True,False
6.35,49.77,4046,3,12,0,22.0,30.0,65351.3,52.9,109.95,False,6.54,16.05,0,10,0,False,False,0,DRY,NORMAL,10,0,52.94628190432181,False,0,BRIGHT,CLEAR,10,52.94628190432181,False,False,0,SAFE,SAFE,SAFE,10,0,100,False,0,10,0,12,100,52.94628190432181,False,False,False,False,True,False
6.4,50.17,4079,3,12,0,22.0,30.0,65351.3,53.2,109.62,False,6.67,15.69,0,10,0,False,False,0,DRY,NORMAL,10,0,53.19046195625253,False,0,BRIGHT,CLEAR,10,53.19046195625253,False,False,0,SAFE,SAFE,SAFE,10,0,100,False,0,10,0,12,100,53.19046195625253,False,False,False,False,True,False
6.45,50.61,4115,3,12,0,22.0,30.0,65351.3,53.6,109.28,False,6.77,15.39,0,10,0,False,False,0,DRY,NORMAL,10,0,53.58161018568012,False,0,BRIGHT,CLEAR,10,53.58161018568012,False,False,0,SAFE,SAFE,SAFE,10,0,100,False,0,10,0,12,100,53.58161018568012,False,False,False,False,True,False
6.5,51.09,4153,3,12,0,22.0,30.0,65351.3,53.7,109.13,False,6.92,15.05,0,10,0,False,False,0,DRY,NORMAL,10,0,53.74392760395503,False,0,BRIGHT,CLEAR,10,53.74392760395503,False,False,0,SAFE,SAFE,SAFE,10,0,100,False,0,10,0,12,100,53.74392760395503,False,False,False,False,True,False
6.55,51.58,4194,3,12,0,22.0,30.0,65351.3,53.7,109.24,False,7.04,14.8,0,10,0,False,False,0,DRY,NORMAL,10,0,53.74392760395503,False,0,BRIGHT,CLEAR,10,53.74392760395503,False,False,0,SAFE,SAFE,SAFE,10,0,100,False,0,10,0,12,100,53.74392760395503,False,False,False,False,True,False
6.6,52.1,4235,3,12,0,22.0,30.0,65351.3,53.7,108.88,False,7.2,14.43,0,10,0,False,False,0,DRY,NORMAL,10,0,53.74395890192329,False,0,BRIGHT,CLEAR,10,53.74395890192329,False,False,0,SAFE,SAFE,SAFE,10,0,100,False,0,10,0,12,100,53.74395890192329,False,False,False,False,True,False
6.65,52.62,4278,3,12,0,22.0,30.0,65351.3,53.7,108.52,False,7.33,14.12,0,10,0,False,False,0,DRY,NORMAL,10,0,53.74395890192329,False,0,BRIGHT,CLEAR,10,53.74395890192329,False,False,0,SAFE,SAFE,SAFE,10,0,100,False,0,10,0,12,100,53.74395890192329,False,False,False,False,True,False
6.7,53.17,4322,3,12,0,22.0,30.0,65351.3,53.7,108.15,False,7.5,13.76,0,10,0,False,False,0,DRY,NORMAL,10,0,53.74395890192329,False,0,BRIGHT,CLEAR,10,53.74395890192329,False,False,0,SAFE,SAFE,SAFE,10,0,100,False,0,10,0,12,100,53.74395890192329,False,False,False,False,True,False
6.75,53.72,4368,3,12,0,22.0,30.0,65351.3,53.7,107.95,False,7.64,13.48,0,10,0,False,False,0,DRY,NORMAL,10,0,53.74395890192329,False,0,BRIGHT,CLEAR,10,53.74395890192329,False,False,0,SAFE,SAFE,SAFE,10,0,100,False,0,10,0,12,100,53.74395890192329,False,False,False,False,True,False
6.8,54.28,4413,3,12,0,22.0,30.0,65351.3,53.7,108.03,False,7.81,13.19,0,10,0,False,False,0,DRY,NORMAL,10,0,53.74395890192329,False,0,BRIGHT,CLEAR,10,53.74395890192329,False,False,0,SAFE,SAFE,SAFE,10,0,100,False,0,10,0,12,100,53.74395890192329,False,False,False,False,True,False
6.85,54.82,4457,3,12,0,22.0,30.0,65351.3,53.7,107.63,False,7.94,12.92,0,10,0,False,False,0,DRY,NORMAL,10,0,53.743962333318684,False,0,BRIGHT,CLEAR,10,53.743962333318684,False,False,0,SAFE,SAFE,SAFE,10,0,100,False,0,10,0,12,100,53.743962333318684,False,False,False,False,True,False
6.9,55.16,4485,3,12,0,22.0,30.0,65351.3,53.7,107.23,False,8.05,12.69,0,10,0,False,False,0,DRY,NORMAL,10,0,53.743962333318684,False,0,BRIGHT,CLEAR,10,53.743962333318684,False,False,0,SAFE,SAFE,SAFE,10,0,100,False,0,10,0,12,100,53.743962333318684,False,False,False,False,True,False
6.95,55.27,4494,3,12,0,22.0,30.0,65351.3,53.7,106.83,False,8.07,12.62,0,10,0,False,False,0,DRY,NORMAL,10,0,53.743962333318684,False,0,BRIGHT,CLEAR,10,53.743962333318684,False,False,0,SAFE,SAFE,SAFE,10,0,100,False,0,10,0,12,100,53.743962333318684,False,False,False,False,True,False
7.0,55.22,4490,3,12,0,22.0,30.0,65351.3,53.7,106.77,False,8.07,12.61,0,10,0,False,False,0,DRY,NORMAL,10,0,53.743962333318684,False,0,BRIGHT,CLEAR,10,53.743962333318684,False,False,0,SAFE,SAFE,SAFE,10,0,100,False,0,10,0,12,100,53.743962333318684,False,False,False,False,True,False
7.05,55.09,4478,3,12,0,22.0,30.0,65351.3,53.7,106.67,False,8.02,12.68,0,10,0,False,False,0,DRY,NORMAL,10,0,53.743953650323014,False,0,BRIGHT,CLEAR,10,53.743953650323014,False,False,0,SAFE,SAFE,SAFE,10,0,100,False,0,10,0,12,100,53.743953650323014,False,False,False,False,True,False
7.1,54.9,4463,3,12,0,22.0,30.0,65351.3,53.7,106.27,False,7.98,12.69,0,10,0,False,False,0,DRY,NORMAL,10,0,53.743953650323014,False,0,BRIGHT,CLEAR,10,53.743953650323014,False,False,0,SAFE,SAFE,SAFE,10,0,100,False,0,10,0,12,100,53.743953650323014,False,False,False,False,True,False
7.15,54.68,4445,3,12,0,22.0,30.0,65351.3,53.7,105.88,False,7.9,12.76,0,10,0,False,False,0,DRY,NORMAL,10,0,53.743953650323014,False,0,BRIGHT,CLEAR,10,53.743953650323014,False,False,0,SAFE,SAFE,SAFE,10,0,100,False,0,10,0,12,100,53.743953650323014,False,False,False,False,True,False
7.2,54.44,4426,3,12,0,22.0,30.0,65351.3,53.7,105.48,False,7.85,12.79,0,10,0,False,False,0,DRY,NORMAL,10,0,53.743953650323014,False,0,BRIGHT,CLEAR,10,53.743953650323014,False,False,0,SAFE,SAFE,SAFE,10,0,100,False,0,10,0,12,100,53.743953650323014,False,False,False,False,True,False
7.25,54.2,4407,3,12,0,22.0,30.0,65351.3,53.7,105.59,False,7.77,12.95,0,10,0,False,False,0,DRY,NORMAL,10,0,53.743953650323014,False,0,BRIGHT,CLEAR,10,53.743953650323014,False,False,0,SAFE,SAFE,SAFE,10,0,100,False,0,10,0,12,100,53.743953650323014,False,False,False,False,True,False
7.3,53.95,4386,3,12,0,22.0,30.0,65351.3,53.6,105.35,False,7.72,13.0,0,10,0,False,False,0,DRY,NORMAL,10,0,53.625176487505634,False,0,BRIGHT,CLEAR,10,53.625176487505634,False,False,0,SAFE,SAFE,SAFE,10,0,100,False,0,10,0,12,100,53.625176487505634,False,False,False,False,True,False
7.35,53.7,4366,3,12,0,22.0,30.0,65351.3,53.2,104.97,False,7.63,13.1,0,10,0,False,False,0,DRY,NORMAL,10,0,53.18907970855591,False,0,BRIGHT,CLEAR,10,53.18907970855591,False,False,0,SAFE,SAFE,SAFE,10,0,100,False,0,10,0,12,100,53.18907970855591,False,False,False,False,True,False
7.4,53.45,4345,3,12,0,22.0,30.0,65351.3,52.9,104.59,False,7.58,13.14,0,10,0,False,False,0,DRY,NORMAL,10,0,52.899607443110774,False,0,BRIGHT,CLEAR,10,52.899607443110774,False,False,0,SAFE,SAFE,SAFE,10,0,100,False,0,10,0,12,100,52.899607443110774,False,False,False,False,True,False
7.45,53.2,4325,3,12,0,22.0,30.0,65351.3,52.8,104.21,False,7.49,13.24,0,10,0,False,False,0,DRY,NORMAL,10,0,52.754550846808584,False,0,BRIGHT,CLEAR,10,52.754550846808584,False,False,0,SAFE,SAFE,SAFE,10,0,100,False,0,10,0,12,100,52.754550846808584,False,False,False,False,True,False
7.5,52.95,4305,3,12,0,22.0,30.0,68632.3,52.8,104.41,False,7.44,13.37,0,10,0,False,False,0,DRY,NORMAL,10,0,52.75042946899805,False,0,BRIGHT,CLEAR,10,52.75042946899805,False,False,0,SAFE,SAFE,SAFE,10,0,100,False,0,10,0,12,100,52.75042946899805,False,False,False,False,True,False
7.55,52.7,4284,3,12,0,22.0,30.0,68632.3,52.4,104.12,False,7.35,13.48,0,10,0,False,False,0,DRY,NORMAL,10,0,52.410882662103866,False,0,BRIGHT,CLEAR,10,52.410882662103866,False,False,0,SAFE,SAFE,SAFE,10,0,100,False,0,10,0,12,100,52.410882662103866,False,False,False,False,True,False
7.6,52.45,4264,3,12,0,22.0,30.0,68632.3,52.1,103.75,False,7.3,13.53,0,10,0,False,False,0,DRY,NORMAL,10,0,52.08618280260629,False,0,BRIGHT,CLEAR,10,52.08618280260629,False,False,0,SAFE,SAFE,SAFE,10,0,100,False,0,10,0,12,100,52.08618280260629,False,False,False,False,True,False
7.65,52.2,4244,3,12,0,22.0,30.0,68632.3,51.9,103.39,False,7.21,13.64,0,10,0,False,False,0,DRY,NORMAL,10,0,51.9003872591073,False,0,BRIGHT,CLEAR,10,51.9003872591073,False,False,0,SAFE,SAFE,SAFE,10,0,100,False,0,10,0,12,100,51.9003872591073,False,False,False,False,True,False
7.7,51.95,4224,3,12,0,22.0,30.0,68632.3,51.9,103.03,False,7.16,13.69,0,10,0,False,False,0,DRY,NORMAL,10,0,51.85233572082986,False,0,BRIGHT,CLEAR,10,51.85233572082986,False,False,0,SAFE,SAFE,SAFE,10,0,100,False,0,10,0,12,100,51.85233572082986,False,False,False,False,True,False
7.75,51.7,4204,3,12,0,22.0,30.0,68632.3,51.9,103.22,False,7.08,13.88,0,10,0,False,False,0,DRY,NORMAL,10,0,51.94092425438382,False,0,BRIGHT,CLEAR,10,51.94092425438382,False,False,0,SAFE,SAFE,SAFE,10,0,100,False,0,10,0,12,100,51.94092425438382,False,False,False,False,True,False
7.8,51.47,4185,3,12,0,22.0,30.0,68632.3,52.0,102.97,False,7.03,13.94,0,10,0,False,False,0,DRY,NORMAL,10,0,51.96267561004854,False,0,BRIGHT,CLEAR,10,51.96267561004854,False,False,0,SAFE,SAFE,SAFE,10,0,100,False,0,10,0,12,100,51.96267561004854,False,False,False,False,True,False
7.85,51.3,4171,3,12,0,22.0,30.0,68632.3,51.7,102.62,False,6.97,14.02,0,10,0,False,False,0,DRY,NORMAL,10,0,51.72570350121664,False,0,BRIGHT,CLEAR,10,51.72570350121664,False,False,0,SAFE,SAFE,SAFE,10,0,100,False,0,10,0,12,100,51.72570350121664,False,False,False,False,True,False
7.9,51.24,4166,3,12,0,22.0,30.0,68632.3,51.6,102.27,False,6.96,13.97,0,10,0,False,False,0,DRY,NORMAL,10,0,51.63190698477205,False,0,BRIGHT,CLEAR,10,51.63190698477205,False,False,0,SAFE,SAFE,SAFE,10,0,100,False,0,10,0,12,100,51.63190698477205,False,False,False,False,True,False
7.95,51.32,4172,3,12,0,22.0,30.0,68632.3,51.7,101.93,False,6.97,13.91,0,10,0,False,False,0,DRY,NORMAL,10,0,51.702490099718496,False,0,BRIGHT,CLEAR,10,51.702490099718496,False,False,0,SAFE,SAFE,SAFE,10,0,100,False,0,10,0,12,100,51.702490099718496,False,False,False,False,True,False
8.0,51.52,4189,3,12,0,22.0,30.0,68632.3,52.0,102.04,False,7.04,13.78,0,10,0,False,False,0,DRY,NORMAL,10,0,51.958521865260764,False,0,BRIGHT,CLEAR,10,51.958521865260764,False,False,0,SAFE,SAFE,SAFE,10,0,100,False,0,10,0,12,100,51.958521865260764,False,False,False,False,True,False
8.05,51.82,4213,3,12,0,22.0,30.0,68632.3,52.3,101.87,False,7.11,13.63,0,10,0,False,False,0,DRY,NORMAL,10,0,52.32044425269869,False,0,BRIGHT,CLEAR,10,52.32044425269869,False,False,0,SAFE,SAFE,SAFE,10,0,100,False,0,10,0,12,100,52.32044425269869,False,False,False,False,True,False
8.1,52.19,4243,3,12,0,22.0,30.0,68632.3,52.2,101.51,False,7.23,13.35,0,10,0,False,False,0,DRY,NORMAL,10,0,52.24572821208409,False,0,BRIGHT,CLEAR,10,52.24572821208409,False,False,0,SAFE,SAFE,SAFE,10,0,100,False,0,10,0,12,100,52.24572821208409,False,False,False,False,True,False
8.15,52.61,4277,3,12,0,22.0,30.0,68632.3,52.3,101.15,False,7.33,13.12,0,10,0,False,False,0,DRY,NORMAL,10,0,52.34045587047165,False,0,BRIGHT,CLEAR,10,52.34045587047165,False,False,0,SAFE,SAFE,SAFE,10,0,100,False,0,10,0,12,100,52.34045587047165,False,False,False,False,True,False
8.2,53.03,4312,3,12,0,22.0,30.0,68632.3,52.6,100.78,False,7.46,12.84,0,10,0,False,False,0,DRY,NORMAL,10,0,52.606345203122174,False,0,BRIGHT,CLEAR,10,52.606345203122174,False,False,0,SAFE,SAFE,SAFE,10,0,100,False,0,10,0,12,100,52.606345203122174,False,False,False,False,True,False
8.25,53.31,4334,3,12,0,22.0,30.0,68632.3,53.0,100.86,False,7.52,12.74,0,10,0,False,False,0,DRY,NORMAL,10,0,53.028098103781176,False,0,BRIGHT,CLEAR,10,53.028098103781176,False,False,0,SAFE,SAFE,SAFE,10,0,100,False,0,10,0,12,100,53.028098103781176,False,False,False,False,True,False
8.3,53.37,4339,3,12,0,22.0,30.0,68632.3,53.1,100.67,False,7.56,12.66,0,10,0,False,False,0,DRY,NORMAL,10,0,53.07355685744356,False,0,BRIGHT,CLEAR,10,53.07355685744356,False,False,0,SAFE,SAFE,SAFE,10,0,100,False,0,10,0,12,100,53.07355685744356,False,False,False,False,True,False
8.35,53.31,4334,3,12,0,22.0,30.0,68632.3,52.9,100.3,False,7.52,12.67,0,10,0,False,False,0,DRY,NORMAL,10,0,52.94294314981557,False,0,BRIGHT,CLEAR,10,52.94294314981557,False,False,0,SAFE,SAFE,SAFE,10,0,100,False,0,10,0,12,100,52.94294314981557,False,False,False,False,True,False
8.4,53.16,4322,3,12,0,22.0,30.0,68632.3,52.9,99.92,False,7.5,12.66,0,10,0,False,False,0,DRY,NORMAL,10,0,52.88847220503196,False,0,BRIGHT,CLEAR,10,52.88847220503196,False,False,0,SAFE,SAFE,SAFE,10,0,100,False,0,10,0,12,100,52.88847220503196,False,False,False,False,True,False
8.45,52.97,4306,3,12,0,22.0,30.0,68632.3,52.9,99.55,False,7.43,12.73,0,10,0,False,False,0,DRY,NORMAL,10,0,52.92158210850473,False,0,BRIGHT,CLEAR,10,52.92158210850473,False,False,0,SAFE,SAFE,SAFE,10,0,100,False,0,10,0,12,100,52.92158210850473,False,False,False,False,True,False
8.5,52.75,4289,3,12,0,22.0,30.0,68632.3,53.1,99.68,False,7.38,12.82,0,10,0,False,False,0,DRY,NORMAL,10,0,53.051903468009506,False,0,BRIGHT,CLEAR,10,53.051903468009506,False,False,0,SAFE,SAFE,SAFE,10,0,100,False,0,10,0,12,100,53.051903468009506,False,False,False,False,True,False
8.55,52.54,4271,3,12,0,22.0,30.0,68632.3,52.9,99.46,False,7.31,12.92,0,10,0,False,False,0,DRY,NORMAL,10,0,52.89681856091954,False,0,BRIGHT,CLEAR,10,52.89681856091954,False,False,0,SAFE,SAFE,SAFE,10,0,100,False,0,10,0,12,100,52.89681856091954,False,False,False,False,True,False
8.6,52.38,4258,3,12,0,22.0,30.0,68632.3,52.6,99.1,False,7.28,12.93,0,10,0,False,False,0,DRY,NORMAL,10,0,52.625826744827606,False,0,BRIGHT,CLEAR,10,52.625826744827606,False,False,0,SAFE,SAFE,SAFE,10,0,100,False,0,10,0,12,100,52.625826744827606,False,False,False,False,True,False
8.65,52.32,4254,3,12,0,22.0,30.0,68632.3,52.5,98.73,False,7.25,12.93,0,10,0,False,False,0,DRY,NORMAL,10,0,52.49224447513641,False,0,BRIGHT,CLEAR,10,52.49224447513641,False,False,0,SAFE,SAFE,SAFE,10,0,100,False,0,10,0,12,100,52.49224447513641,False,False,False,False,True,False
8.7,52.41,4261,3,12,0,22.0,30.0,68632.3,52.5,98.37,False,7.29,12.81,0,10,0,False,False,0,DRY,NORMAL,10,0,52.517436895436354,False,0,BRIGHT,CLEAR,10,52.517436895436354,False,False,0,SAFE,SAFE,SAFE,10,0,100,False,0,10,0,12,100,52.517436895436354,False,False,False,False,True,False
8.75,52.62,4278,3,12,0,22.0,30.0,68632.3,52.7,98.5,False,7.33,12.75,0,10,0,False,False,0,DRY,NORMAL,10,0,52.72904439902673,False,0,BRIGHT,CLEAR,10,52.72904439902673,False,False,0,SAFE,SAFE,SAFE,10,0,100,False,0,10,0,12,100,52.72904439902673,False,False,False,False,True,False
8.8,52.93,4303,3,12,0,22.0,30.0,68632.3,52.8,98.28,False,7.43,12.55,0,10,0,False,False,0,DRY,NORMAL,10,0,52.78282770661148,False,0,BRIGHT,CLEAR,10,52.78282770661148,False,False,0,SAFE,SAFE,SAFE,10,0,100,False,0,10,0,12,100,52.78282770661148,False,False,False,False,True,False
8.85,53.27,4331,3,12,0,22.0,30.0,68632.3,52.7,97.91,False,7.51,12.37,0,10,0,False,False,0,DRY,NORMAL,10,0,52.65921438437214,False,0,BRIGHT,CLEAR,10,52.65921438437214,False,False,0,SAFE,SAFE,SAFE,10,0,100,False,0,10,0,12,100,52.65921438437214,False,False,False,False,True,False
8.9,53.49,4349,3,12,0,22.0,30.0,68632.3,52.7,97.53,False,7.59,12.19,0,10,0,False,False,0,DRY,NORMAL,10,0,52.704886983370535,False,0,BRIGHT,CLEAR,10,52.704886983370535,False,False,0,SAFE,SAFE,SAFE,10,0,100,False,0,10,0,12,100,52.704886983370535,False,False,False,False,True,False
8.95,53.53,4352,3,12,0,22.0,30.0,68632.3,52.9,97.15,False,7.58,12.15,0,10,0,False,False,0,DRY,NORMAL,10,0,52.872141412095864,False,0,BRIGHT,CLEAR,10,52.872141412095864,False,False,0,SAFE,SAFE,SAFE,10,0,100,False,0,10,0,12,100,52.872141412095864,False,False,False,False,True,False
9.0,53.44,4345,3,12,0,22.0,30.0,71805.6,53.1,97.32,False,7.57,12.19,0,10,0,False,False,0,DRY,NORMAL,10,0,53.11413134360295,False,0,BRIGHT,CLEAR,10,53.11413134360295,False,False,0,SAFE,SAFE,SAFE,10,0,100,False,0,10,0,12,100,53.11413134360295,False,False,False,False,True,False
9.05,53.28,4332,3,12,0,22.0,30.0,71805.6,52.9,97.04,False,7.51,12.25,0,10,0,False,False,0,DRY,NORMAL,10,0,52.86498863388568,False,0,BRIGHT,CLEAR,10,52.86498863388568,False,False,0,SAFE,SAFE,SAFE,10,0,100,False,0,10,0,12,100,52.86498863388568,False,False,False,False,True,False
9.1,53.09,4316,3,12,0,22.0,30.0,71805.6,52.6,96.67,False,7.48,12.26,0,10,0,False,False,0,DRY,NORMAL,10,0,52.63844503398677,False,0,BRIGHT,CLEAR,10,52.63844503398677,False,False,0,SAFE,SAFE,SAFE,10,0,100,False,0,10,0,12,100,52.63844503398677,False,False,False,False,True,False
9.15,52.87,4298,3,12,0,22.0,30.0,71805.6,52.5,96.3,False,7.4,12.34,0,10,0,False,False,0,DRY,NORMAL,10,0,52.51970281651057,False,0,BRIGHT,CLEAR,10,52.51970281651057,False,False,0,SAFE,SAFE,SAFE,10,0,100,False,0,10,0,12,100,52.51970281651057,False,False,False,False,True,False
9.2,52.63,4279,3,12,0,22.0,30.0,71805.6,52.5,95.93,False,7.35,12.37,0,10,0,False,False,0,DRY,NORMAL,10,0,52.514920756990925,False,0,BRIGHT,CLEAR,10,52.514920756990925,False,False,0,SAFE,SAFE,SAFE,10,0,100,False,0,10,0,12,100,52.514920756990925,False,False,False,False,True,False
9.25,52.4,4260,3,12,0,22.0,30.0,71805.6,52.6,96.14,False,7.27,12.54,0,10,0,False,False,0,DRY,NORMAL,10,0,52.629056758106024,False,0,BRIGHT,CLEAR,10,52.629056758106024,False,False,0,SAFE,SAFE,SAFE,10,0,100,False,0,10,0,12,100,52.629056758106024,False,False,False,False,True,False
9.3,52.17,4241,3,12,0,22.0,30.0,71805.6,52.5,95.85,False,7.22,12.58,0,10,0,False,False,0,DRY,NORMAL,10,0,52.48875597800409,False,0,BRIGHT,CLEAR,10,52.48875597800409,False,False,0,SAFE,SAFE,SAFE,10,0,100,False,0,10,0,12,100,52.48875597800409,False,False,False,False,True,False
9.35,52.0,4228,3,12,0,22.0,30.0,71805.6,52.2,95.49,False,7.16,12.64,0,10,0,False,False,0,DRY,NORMAL,10,0,52.24231662536481,False,0,BRIGHT,CLEAR,10,52.24231662536481,False,False,0,SAFE,SAFE,SAFE,10,0,100,False,0,10,0,12,100,52.24231662536481,False,False,False,False,True,False
9.4,51.94,4223,3,12,0,22.0,30.0,71805.6,52.1,95.13,False,7.16,12.59,0,10,0,False,False,0,DRY,NORMAL,10,0,52.13723657008294,False,0,BRIGHT,CLEAR,10,52.13723657008294,False,False,0,SAFE,SAFE,SAFE,10,0,100,False,0,10,0,12,100,52.13723657008294,False,False,False,False,True,False
9.45,52.02,4229,3,12,0,22.0,30.0,71805.6,52.2,94.78,False,7.16,12.53,0,10,0,False,False,0,DRY,NORMAL,10,0,52.19563573051231,False,0,BRIGHT,CLEAR,10,52.19563573051231,False,False,0,SAFE,SAFE,SAFE,10,0,100,False,0,10,0,12,100,52.19563573051231,False,False,False,False,True,False
9.5,52.23,4246,3,12,0,22.0,30.0,71805.6,52.4,94.96,False,7.24,12.43,0,10,0,False,False,0,DRY,NORMAL,10,0,52.44449601489938,False,0,BRIGHT,CLEAR,10,52.44449601489938,False,False,0,SAFE,SAFE,SAFE,10,0,100,False,0,10,0,12,100,52.44449601489938,False,False,False,False,True,False
9.55,52.53,4271,3,12,0,22.0,30.0,71805.6,52.6,94.7,False,7.31,12.28,0,10,0,False,False,0,DRY,NORMAL,10,0,52.57828342399533,False,0,BRIGHT,CLEAR,10,52.57828342399533,False,False,0,SAFE,SAFE,SAFE,10,0,100,False,0,10,0,12,100,52.57828342399533,False,False,False,False,True,False
9.6,52.9,4301,3,12,0,22.0,30.0,71805.6,52.5,94.33,False,7.42,12.03,0,10,0,False,False,0,DRY,NORMAL,10,0,52.49504705038223,False,0,BRIGHT,CLEAR,10,52.49504705038223,False,False,0,SAFE,SAFE,SAFE,10,0,100,False,0,10,0,12,100,52.49504705038223,False,False,False,False,True,False
9.65,53.29,4333,3,12,0,22.0,30.0,71805.6,52.6,93.96,False,7.52,11.83,0,10,0,False,False,0,DRY,NORMAL,10,0,52.586883571340785,False,0,BRIGHT,CLEAR,10,52.586883571340785,False,False,0,SAFE,SAFE,SAFE,10,0,100,False,0,10,0,12,100,52.586883571340785,False,False,False,False,True,False
9.7,53.54,4353,3,12,0,22.0,30.0,71805.6,52.8,93.58,False,7.6,11.65,0,10,0,False,False,0,DRY,NORMAL,10,0,52.84112403747229,False,0,BRIGHT,CLEAR,10,52.84112403747229,False,False,0,SAFE,SAFE,SAFE,10,0,100,False,0,10,0,12,100,52.84112403747229,False,False,False,False,True,False
9.75,53.6,4357,3,12,0,22.0,30.0,71805.6,53.2,93.78,False,7.6,11.68,0,10,0,False,False,0,DRY,NORMAL,10,0,53.20192092313307,False,0,BRIGHT,CLEAR,10,53.20192092313307,False,False,0,SAFE,SAFE,SAFE,10,0,100,False,0,10,0,12,100,53.20192092313307,False,False,False,False,True,False
9.8,53.52,4351,3,12,0,22.0,30.0,71805.6,53.0,93.47,False,7.6,11.65,0,10,0,False,False,0,DRY,NORMAL,10,0,52.98926807122625,False,0,BRIGHT,CLEAR,10,52.98926807122625,False,False,0,SAFE,SAFE,SAFE,10,0,100,False,0,10,0,12,100,52.98926807122625,False,False,False,False,True,False
9.85,53.37,4339,3,12,0,22.0,30.0,71805.6,52.8,93.09,False,7.54,11.68,0,10,0,False,False,0,DRY,NORMAL,10,0,52.814638510085295,False,0,BRIGHT,CLEAR,10,52.814638510085295,False,False,0,SAFE,SAFE,SAFE,10,0,100,False,0,10,0,12,100,52.814638510085295,False,False,False,False,True,False
9.9,53.18,4323,3,12,0,22.0,30.0,71805.6,52.7,92.71,False,7.5,11.69,0,10,0,False,False,0,DRY,NORMAL,10,0,52.733596399355804,False,0,BRIGHT,CLEAR,10,52.733596399355804,False,False,0,SAFE,SAFE,SAFE,10,0,100,False,0,10,0,12,100,52.733596399355804,False,False,False,False,True,False
9.95,52.96,4306,3,12,0,22.0,30.0,71805.6,52.8,92.34,False,7.42,11.76,0,10,0,False,False,0,DRY,NORMAL,10,0,52.75465943531443,False,0,BRIGHT,CLEAR,10,52.75465943531443,False,False,0,SAFE,SAFE,SAFE,10,0,100,False,0,10,0,12,100,52.75465943531443,False,False,False,False,True,False
10.0,52.73,4287,3,12,0,22.0,30.0,71805.6,52.9,92.6,False,7.38,11.88,0,10,0,False,False,0,DRY,NORMAL,10,0,52.88568892552963,False,0,BRIGHT,CLEAR,10,52.88568892552963,False,False,0,SAFE,SAFE,SAFE,10,0,100,False,0,10,0,12,100,52.88568892552963,False,False,False,False,True,False
10.05,52.5,4268,3,12,0,22.0,30.0,71805.6,52.6,92.26,False,7.3,11.96,0,10,0,False,False,0,DRY,NORMAL,10,0,52.64052054444357,False,0,BRIGHT,CLEAR,10,52.64052054444357,False,False,0,SAFE,SAFE,SAFE,10,0,100,False,0,10,0,12,100,52.64052054444357,False,False,False,False,True,False
10.1,52.34,4255,3,12,0,22.0,30.0,71805.6,52.4,91.89,False,7.27,11.96,0,10,0,False,False,0,DRY,NORMAL,10,0,52.394041497389495,False,0,BRIGHT,CLEAR,10,52.394041497389495,False,False,0,SAFE,SAFE,SAFE,10,0,100,False,0,10,0,12,100,52.394041497389495,False,False,False,False,True,False
10.15,52.28,4250,3,12,0,22.0,30.0,71805.6,52.3,91.53,False,7.24,11.96,0,10,0,False,False,0,DRY,NORMAL,10,0,52.289626856765146,False,0,BRIGHT,CLEAR,10,52.289626856765146,False,False,0,SAFE,SAFE,SAFE,10,0,100,False,0,10,0,12,100,52.289626856765146,False,False,False,False,True,False
10.2,52.36,4257,3,12,0,22.0,30.0,71805.6,52.3,91.17,False,7.27,11.85,0,10,0,False,False,0,DRY,NORMAL,10,0,52.348723487224014,False,0,BRIGHT,CLEAR,10,52.348723487224014,False,False,0,SAFE,SAFE,SAFE,10,0,100,False,0,10,0,12,100,52.348723487224014,False,False,False,False,True,False
10.25,52.54,4271,3,12,0,22.0,30.0,71805.6,52.6,91.42,False,7.31,11.83,0,10,0,False,False,0,DRY,NORMAL,10,0,52.59725921423451,False,0,BRIGHT,CLEAR,10,52.59725921423451,False,False,0,SAFE,SAFE,SAFE,10,0,100,False,0,10,0,12,100,52.59725921423451,False,False,False,False,True,False
10.3,52.7,4285,3,12,0,22.0,30.0,71805.6,52.6,91.08,False,7.37,11.68,0,10,0,False,False,0,DRY,NORMAL,10,0,52.59079953106727,False,0,BRIGHT,CLEAR,10,52.59079953106727,False,False,0,SAFE,SAFE,SAFE,10,0,100,False,0,10,0,12,100,52.59079953106727,False,False,False,False,True,False
10.35,52.87,4298,3,12,0,22.0,30.0,71805.6,52.5,90.71,False,7.4,11.58,0,10,0,False,False,0,DRY,NORMAL,10,0,52.476619821746574,False,0,BRIGHT,CLEAR,10,52.476619821746574,False,False,0,SAFE,SAFE,SAFE,10,0,100,False,0,10,0,12,100,52.476619821746574,False,False,False,False,True,False
10.4,52.93,4303,3,12,0,22.0,30.0,71805.6,52.5,90.34,False,7.43,11.48,0,10,0,False,False,0,DRY,NORMAL,10,0,52.509809917959444,False,0,BRIGHT,CLEAR,10,52.509809917959444,False,False,0,SAFE,SAFE,SAFE,10,0,100,False,0,10,0,12,100,52.509809917959444,False,False,False,False,True,False
10.45,52.86,4297,3,12,0,22.0,30.0,71805.6,52.7,89.97,False,7.4,11.49,0,10,0,False,False,0,DRY,NORMAL,10,0,52.65291903447294,False,0,BRIGHT,CLEAR,10,52.65291903447294,False,False,0,SAFE,SAFE,SAFE,10,0,100,False,0,10,0,12,100,52.65291903447294,False,False,False,False,True,False
10.5,52.71,4285,3,12,0,22.0,30.0,74841.1,52.9,90.24,False,7.37,11.56,0,10,0,False,False,0,DRY,NORMAL,10,0,52.88397488483802,False,0,BRIGHT,CLEAR,10,52.88397488483802,False,False,0,SAFE,SAFE,SAFE,10,0,100,False,0,10,0,12,100,52.88397488483802,False,False,False,False,True,False
10.55,52.53,4271,3,12,0,22.0,30.0,74841.1,52.7,89.89,False,7.31,11.62,0,10,0,False,False,0,DRY,NORMAL,10,0,52.712392362048696,False,0,BRIGHT,CLEAR,10,52.712392362048696,False,False,0,SAFE,SAFE,SAFE,10,0,100,False,0,10,0,12,100,52.712392362048696,False,False,False,False,True,False
10.6,52.4,4260,3,12,0,22.0,30.0,74841.1,52.5,89.52,False,7.29,11.6,0,10,0,False,False,0,DRY,NORMAL,10,0,52.51344073045502,False,0,BRIGHT,CLEAR,10,52.51344073045502,False,False,0,SAFE,SAFE,SAFE,10,0,100,False,0,10,0,12,100,52.51344073045502,False,False,False,False,True,False
10.65,52.36,4257,3,12,0,22.0,30.0,74841.1,52.4,89.16,False,7.26,11.59,0,10,0,False,False,0,DRY,NORMAL,10,0,52.44437858863951,False,0,BRIGHT,CLEAR,10,52.44437858863951,False,False,0,SAFE,SAFE,SAFE,10,0,100,False,0,10,0,12,100,52.44437858863951,False,False,False,False,True,False
10.7,52.46,4265,3,12,0,22.0,30.0,74841.1,52.5,88.79,False,7.3,11.48,0,10,0,False,False,0,DRY,NORMAL,10,0,52.52955398654305,False,0,BRIGHT,CLEAR,10,52.52955398654305,False,False,0,SAFE,SAFE,SAFE,10,0,100,False,0,10,0,12,100,52.52955398654305,False,False,False,False,True,False
10.75,52.68,4283,3,12,0,22.0,30.0,74841.1,52.8,89.06,False,7.35,11.44,0,10,0,False,False,0,DRY,NORMAL,10,0,52.79769233619498,False,0,BRIGHT,CLEAR,10,52.79769233619498,False,False,0,SAFE,SAFE,SAFE,10,0,100,False,0,10,0,12,100,52.79769233619498,False,False,False,False,True,False
10.8,52.99,4308,3,12,0,22.0,30.0,74841.1,52.8,88.71,False,7.45,11.24,0,10,0,False,False,0,DRY,NORMAL,10,0,52.771430079456685,False,0,BRIGHT,CLEAR,10,52.771430079456685,False,False,0,SAFE,SAFE,SAFE,10,0,100,False,0,10,0,12,100,52.771430079456685,False,False,False,False,True,False
10.85,53.34,4337,3,12,0,22.0,30.0,74841.1,52.7,88.33,False,7.53,11.07,0,10,0,False,False,0,DRY,NORMAL,10,0,52.692458807947965,False,0,BRIGHT,CLEAR,10,52.692458807947965,False,False,0,SAFE,SAFE,SAFE,10,0,100,False,0,10,0,12,100,52.692458807947965,False,False,False,False,True,False
10.9,53.56,4355,3,12,0,22.0,30.0,74841.1,52.8,87.95,False,7.61,10.9,0,10,0,False,False,0,DRY,NORMAL,10,0,52.78042983207364,False,0,BRIGHT,CLEAR,10,52.78042983207364,False,False,0,SAFE,SAFE,SAFE,10,0,100,False,0,10,0,12,100,52.78042983207364,False,False,False,False,True,False
10.95,53.6,4358,3,12,0,22.0,30.0,74841.1,53.0,87.57,False,7.6,10.86,0,10,0,False,False,0,DRY,NORMAL,10,0,52.98398595971919,False,0,BRIGHT,CLEAR,10,52.98398595971919,False,False,0,SAFE,SAFE,SAFE,10,0,100,False,0,10,0,12,100,52.98398595971919,False,False,False,False,True,False
11.0,53.52,4351,3,12,0,22.0,30.0,74841.1,53.2,87.84,False,7.6,10.91,0,10,0,False,False,0,DRY,NORMAL,10,0,53.203028922755415,False,0,BRIGHT,CLEAR,10,53.203028922755415,False,False,0,SAFE,SAFE,SAFE,10,0,100,False,0,10,0,12,100,53.203028922755415,False,False,False,False,True,False
11.05,53.36,4338,3,12,0,22.0,30.0,74841.1,52.9,87.46,False,7.54,10.94,0,10,0,False,False,0,DRY,NORMAL,10,0,52.90367462240409,False,0,BRIGHT,CLEAR,10,52.90367462240409,False,False,0,SAFE,SAFE,SAFE,10,0,100,False,0,10,0,12,100,52.90367462240409,False,False,False,False,True,False
11.1,53.16,4322,3,12,0,22.0,30.0,74841.1,52.7,87.09,False,7.5,10.95,0,10,0,False,False,0,DRY,NORMAL,10,0,52.70263608919419,False,0,BRIGHT,CLEAR,10,52.70263608919419,False,False,0,SAFE,SAFE,SAFE,10,0,100,False,0,10,0,12,100,52.70263608919419,False,False,False,False,True,False
11.15,52.94,4304,3,12,0,22.0,30.0,74841.1,52.6,86.71,False,7.42,11.01,0,10,0,False,False,0,DRY,NORMAL,10,0,52.60811960017165,False,0,BRIGHT,CLEAR,10,52.60811960017165,False,False,0,SAFE,SAFE,SAFE,10,0,100,False,0,10,0,12,100,52.60811960017165,False,False,False,False,True,False
11.2,52.71,4285,3,12,0,22.0,30.0,74841.1,52.6,86.34,False,7.37,11.03,0,10,0,False,False,0,DRY,NORMAL,10,0,52.62772757013527,False,0,BRIGHT,CLEAR,10,52.62772757013527,False,False,0,SAFE,SAFE,SAFE,10,0,100,False,0,10,0,12,100,52.62772757013527,False,False,False,False,True,False
11.25,52.47,4266,3,12,0,22.0,30.0,74841.1,52.8,86.63,False,7.29,11.2,0,10,0,False,False,0,DRY,NORMAL,10,0,52.76460908963959,False,0,BRIGHT,CLEAR,10,52.76460908963959,False,False,0,SAFE,SAFE,SAFE,10,0,100,False,0,10,0,12,100,52.76460908963959,False,False,False,False,True,False
11.3,52.24,4247,3,12,0,22.0,30.0,74841.1,52.5,86.26,False,7.24,11.22,0,10,0,False,False,0,DRY,NORMAL,10,0,52.503626773059835,False,0,BRIGHT,CLEAR,10,52.503626773059835,False,False,0,SAFE,SAFE,SAFE,10,0,100,False,0,10,0,12,100,52.503626773059835,False,False,False,False,True,False
11.35,52.08,4234,3,12,0,22.0,30.0,74841.1,52.3,85.9,False,7.18,11.27,0,10,0,False,False,0,DRY,NORMAL,10,0,52.2764821023762,False,0,BRIGHT,CLEAR,10,52.2764821023762,False,False,0,SAFE,SAFE,SAFE,10,0,100,False,0,10,0,12,100,52.2764821023762,False,False,False,False,True,False
11.4,52.01,4229,3,12,0,22.0,30.0,74841.1,52.2,85.55,False,7.18,11.22,0,10,0,False,False,0,DRY,NORMAL,10,0,52.195290352714345,False,0,BRIGHT,CLEAR,10,52.195290352714345,False,False,0,SAFE,SAFE,SAFE,10,0,100,False,0,10,0,12,100,52.195290352714345,False,False,False,False,True,False
11.45,52.09,4235,3,12,0,22.0,30.0,74841.1,52.3,85.19,False,7.18,11.16,0,10,0,False,False,0,DRY,NORMAL,10,0,52.2795608428484,False,0,BRIGHT,CLEAR,10,52.2795608428484,False,False,0,SAFE,SAFE,SAFE,10,0,100,False,0,10,0,12,100,52.2795608428484,False,False,False,False,True,False
11.5,52.3,4252,3,12,0,22.0,30.0,74841.1,52.6,85.47,False,7.26,11.09,0,10,0,False,False,0,DRY,NORMAL,10,0,52.553336524934544,False,0,BRIGHT,CLEAR,10,52.553336524934544,False,False,0,SAFE,SAFE,SAFE,10,0,100,False,0,10,0,12,100,52.553336524934544,False,False,False,False,True,False
11.55,52.6,4277,3,12,0,22.0,30.0,74841.1,52.6,85.11,False,7.33,10.93,0,10,0,False,False,0,DRY,NORMAL,10,0,52.56563197196984,False,0,BRIGHT,CLEAR,10,52.56563197196984,False,False,0,SAFE,SAFE,SAFE,10,0,100,False,0,10,0,12,100,52.56563197196984,False,False,False,False,True,False
11.6,52.94,4304,3,12,0,22.0,30.0,74841.1,52.5,84.74,False,7.44,10.72,0,10,0,False,False,0,DRY,NORMAL,10,0,52.50888987630565,False,0,BRIGHT,CLEAR,10,52.50888987630565,False,False,0,SAFE,SAFE,SAFE,10,0,100,False,0,10,0,12,100,52.50888987630565,False,False,False,False,True,False
11.65,53.16,4322,3,12,0,22.0,30.0,74841.1,52.6,84.37,False,7.48,10.61,0,10,0,False,False,0,DRY,NORMAL,10,0,52.61805984408561,False,0,BRIGHT,CLEAR,10,52.61805984408561,False,False,0,SAFE,SAFE,SAFE,10,0,100,False,0,10,0,12,100,52.61805984408561,False,False,False,False,True,False
11.7,53.2,4325,3,12,0,22.0,30.0,74841.1,52.8,83.99,False,7.51,10.52,0,10,0,False,False,0,DRY,NORMAL,10,0,52.84717984531641,False,0,BRIGHT,CLEAR,10,52.84717984531641,False,False,0,SAFE,SAFE,SAFE,10,0,100,False,0,10,0,12,100,52.84717984531641,False,False,False,False,True,False
11.75,53.11,4318,3,12,0,22.0,30.0,74841.1,53.1,84.27,False,7.47,10.62,0,10,0,False,False,0,DRY,NORMAL,10,0,53.14323497036337,False,0,BRIGHT,CLEAR,10,53.14323497036337,False,False,0,SAFE,SAFE,SAFE,10,0,100,False,0,10,0,12,100,53.14323497036337,False,False,False,False,True,False
11.8,52.97,4306,3,12,0,22.0,30.0,74841.1,52.9,83.89,False,7.44,10.6,0,10,0,False,False,0,DRY,NORMAL,10,0,52.86830935226967,False,0,BRIGHT,CLEAR,10,52.86830935226967,False,False,0,SAFE,SAFE,SAFE,10,0,100,False,0,10,0,12,100,52.86830935226967,False,False,False,False,True,False
11.85,52.82,4294,3,12,0,22.0,30.0,74841.1,52.7,83.52,False,7.39,10.63,0,10,0,False,False,0,DRY,NORMAL,10,0,52.69271756231132,False,0,BRIGHT,CLEAR,10,52.69271756231132,False,False,0,SAFE,SAFE,SAFE,10,0,100,False,0,10,0,12,100,52.69271756231132,False,False,False,False,True,False
11.9,52.62,4278,3,12,0,22.0,30.0,74841.1,52.6,83.16,False,7.35,10.64,0,10,0,False,False,0,DRY,NORMAL,10,0,52.63033555560616,False,0,BRIGHT,CLEAR,10,52.63033555560616,False,False,0,SAFE,SAFE,SAFE,10,0,100,False,0,10,0,12,100,52.63033555560616,False,False,False,False,True,False
11.95,52.42,4262,3,12,0,22.0,30.0,74841.1,52.7,82.79,False,7.28,10.69,0,10,0,False,False,0,DRY,NORMAL,10,0,52.67862745230517,False,0,BRIGHT,CLEAR,10,52.67862745230517,False,False,0,SAFE,SAFE,SAFE,10,0,100,False,0,10,0,12,100,52.67862745230517,False,False,False,False,True,False
12.0,52.27,4250,3,12,0,22.0,30.0,77744.8,52.8,83.08,False,7.25,10.77,0,10,0,False,False,0,DRY,NORMAL,10,0,52.846918285395596,False,0,BRIGHT,CLEAR,10,52.846918285395596,False,False,0,SAFE,SAFE,SAFE,10,0,100,False,0,10,0,12,100,52.846918285395596,False,False,False,False,True,False
12.05,52.22,4246,3,12,0,22.0,30.0,77744.8,52.7,82.72,False,7.22,10.76,0,10,0,False,False,0,DRY,NORMAL,10,0,52.66335796997661,False,0,BRIGHT,CLEAR,10,52.66335796997661,False,False,0,SAFE,SAFE,SAFE,10,0,100,False,0,10,0,12,100,52.66335796997661,False,False,False,False,True,False
12.1,52.31,4253,3,12,0,22.0,30.0,77744.8,52.5,82.35,False,7.26,10.65,0,10,0,False,False,0,DRY,NORMAL,10,0,52.48753093459217,False,0,BRIGHT,CLEAR,10,52.48753093459217,False,False,0,SAFE,SAFE,SAFE,10,0,100,False,0,10,0,12,100,52.48753093459217,False,False,False,False,True,False
12.15,52.53,4270,3,12,0,22.0,30.0,77744.8,52.5,81.99,False,7.3,10.54,0,10,0,False,False,0,DRY,NORMAL,10,0,52.48500975110375,False,0,BRIGHT,CLEAR,10,52.48500975110375,False,False,0,SAFE,SAFE,SAFE,10,0,100,False,0,10,0,12,100,52.48500975110375,False,False,False,False,True,False
12.2,52.8,4293,3,12,0,22.0,30.0,77744.8,52.7,81.62,False,7.4,10.36,0,10,0,False,False,0,DRY,NORMAL,10,0,52.66929993436186,False,0,BRIGHT,CLEAR,10,52.66929993436186,False,False,0,SAFE,SAFE,SAFE,10,0,100,False,0,10,0,12,100,52.66929993436186,False,False,False,False,True,False
12.25,52.98,4307,3,12,0,22.0,30.0,77744.8,53.0,81.9,False,7.43,10.35,0,10,0,False,False,0,DRY,NORMAL,10,0,53.03223175601344,False,0,BRIGHT,CLEAR,10,53.03223175601344,False,False,0,SAFE,SAFE,SAFE,10,0,100,False,0,10,0,12,100,53.03223175601344,False,False,False,False,True,False
12.3,53.0,4309,3,12,0,22.0,30.0,77744.8,52.9,81.53,False,7.45,10.27,0,10,0,False,False,0,DRY,NORMAL,10,0,52.87507650150579,False,0,BRIGHT,CLEAR,10,52.87507650150579,False,False,0,SAFE,SAFE,SAFE,10,0,100,False,0,10,0,12,100,52.87507650150579,False,False,False,False,True,False
12.35,52.95,4305,3,12,0,22.0,30.0,77744.8,52.8,81.15,False,7.42,10.26,0,10,0,False,False,0,DRY,NORMAL,10,0,52.75263070155272,False,0,BRIGHT,CLEAR,10,52.75263070155272,False,False,0,SAFE,SAFE,SAFE,10,0,100,False,0,10,0,12,100,52.75263070155272,False,False,False,False,True,False
12.4,52.82,4294,3,12,0,22.0,30.0,77744.8,52.7,80.78,False,7.4,10.24,0,10,0,False,False,0,DRY,NORMAL,10,0,52.73562951633004,False,0,BRIGHT,CLEAR,10,52.73562951633004,False,False,0,SAFE,SAFE,SAFE,10,0,100,False,0,10,0,12,100,52.73562951633004,False,False,False,False,True,False
12.45,52.64,4279,3,12,0,22.0,30.0,77744.8,52.8,80.43,False,7.34,10.28,0,10,0,False,False,0,DRY,NORMAL,10,0,52.818157012629335,False,0,BRIGHT,CLEAR,10,52.818157012629335,False,False,0,SAFE,SAFE,SAFE,10,0,100,False,0,10,0,12,100,52.818157012629335,False,False,False,False,True,False
12.5,52.44,4264,3,12,0,22.0,30.0,77744.8,53.0,80.7,False,7.3,10.37,0,10,0,False,False,0,DRY,NORMAL,10,0,53.00447498192957,False,0,BRIGHT,CLEAR,10,53.00447498192957,False,False,0,SAFE,SAFE,SAFE,10,0,100,False,0,10,0,12,100,53.00447498192957,False,False,False,False,True,False
12.55,52.3,4252,3,12,0,22.0,30.0,77744.8,52.9,80.34,False,7.24,10.4,0,10,0,False,False,0,DRY,NORMAL,10,0,52.898813682180645,False,0,BRIGHT,CLEAR,10,52.898813682180645,False,False,0,SAFE,SAFE,SAFE,10,0,100,False,0,10,0,12,100,52.898813682180645,False,False,False,False,True,False
12.6,52.25,4248,3,12,0,22.0,30.0,77744.8,52.7,79.97,False,7.24,10.35,0,10,0,False,False,0,DRY,NORMAL,10,0,52.73421745201454,False,0,BRIGHT,CLEAR,10,52.73421745201454,False,False,0,SAFE,SAFE,SAFE,10,0,100,False,0,10,0,12,100,52.73421745201454,False,False,False,False,True,False
12.65,52.34,4255,3,12,0,22.0,30.0,77744.8,52.7,79.61,False,7.25,10.29,0,10,0,False,False,0,DRY,NORMAL,10,0,52.71697167801066,False,0,BRIGHT,CLEAR,10,52.71697167801066,False,False,0,SAFE,SAFE,SAFE,10,0,100,False,0,10,0,12,100,52.71697167801066,False,False,False,False,True,False
12.7,52.56,4273,3,12,0,22.0,30.0,77744.8,52.9,79.25,False,7.33,10.13,0,10,0,False,False,0,DRY,NORMAL,10,0,52.87438255563842,False,0,BRIGHT,CLEAR,10,52.87438255563842,False,False,0,SAFE,SAFE,SAFE,10,0,100,False,0,10,0,12,100,52.87438255563842,False,False,False,False,True,False
12.75,52.86,4298,3,12,0,22.0,30.0,77744.8,53.2,79.53,False,7.4,10.07,0,10,0,False,False,0,DRY,NORMAL,10,0,53.16757869573123,False,0,BRIGHT,CLEAR,10,53.16757869573123,False,False,0,SAFE,SAFE,SAFE,10,0,100,False,0,10,0,12,100,53.16757869573123,False,False,False,False,True,False
12.8,53.24,4329,3,12,0,22.0,30.0,77744.8,53.4,79.15,False,7.52,9.86,0,10,0,False,False,0,DRY,NORMAL,10,0,53.41843769946672,False,0,BRIGHT,CLEAR,10,53.41843769946672,False,False,0,SAFE,SAFE,SAFE,10,0,100,False,0,10,0,12,100,53.41843769946672,False,False,False,False,True,False
12.85,53.68,4364,3,12,0,22.0,30.0,77744.8,53.6,78.77,False,7.62,9.68,0,10,0,False,False,0,DRY,NORMAL,10,0,53.597240951968374,False,0,BRIGHT,CLEAR,10,53.597240951968374,False,False,0,SAFE,SAFE,SAFE,10,0,100,False,0,10,0,12,100,53.597240951968374,False,False,False,False,True,False
12.9,54.11,4399,3,12,0,22.0,30.0,77744.8,53.9,78.39,False,7.72,9.5,0,10,0,False,False,0,DRY,NORMAL,10,0,53.931215631230636,False,0,BRIGHT,CLEAR,10,53.931215631230636,False,False,0,SAFE,SAFE,SAFE,10,0,100,False,0,10,0,12,100,53.931215631230636,False,False,False,False,True,False
12.95,54.4,4423,3,12,0,22.0,30.0,77744.8,54.6,78.07,False,7.7,9.49,0,10,0,False,False,0,DRY,NORMAL,10,0,54.63231116024454,False,0,BRIGHT,CLEAR,10,54.63231116024454,False,False,0,SAFE,SAFE,SAFE,10,0,100,False,0,10,0,12,100,54.63231116024454,False,False,False,False,True,False
13.0,54.49,4430,3,12,0,22.0,30.0,77744.8,55.1,78.27,False,7.63,9.61,0,10,0,False,False,0,DRY,NORMAL,10,0,55.14955035030964,False,0,BRIGHT,CLEAR,10,55.14955035030964,False,False,0,SAFE,SAFE,SAFE,10,0,100,False,0,10,0,12,100,55.14955035030964,False,False,False,False,True,False
13.05,54.52,4432,3,12,0,22.0,30.0,77744.8,56.2,77.89,False,7.48,9.75,0,10,0,False,False,0,DRY,NORMAL,10,0,56.17540514521365,False,0,BRIGHT,CLEAR,10,56.17540514521365,False,False,0,SAFE,SAFE,SAFE,10,0,100,False,0,10,0,12,100,56.17540514521365,False,False,False,False,True,False
13.1,54.59,4438,3,12,0,22.0,30.0,77744.8,56.8,77.52,False,7.35,9.87,0,10,0,False,False,0,DRY,NORMAL,10,0,56.81732579117519,False,0,BRIGHT,CLEAR,10,56.81732579117519,False,False,0,SAFE,SAFE,SAFE,10,0,100,False,0,10,0,12,100,56.81732579117519,False,False,False,False,True,False
13.15,54.77,4453,3,12,0,22.0,30.0,77744.8,57.6,77.16,False,7.21,10.01,0,10,0,False,False,0,DRY,NORMAL,10,0,57.561351813405324,False,0,BRIGHT,CLEAR,10,57.561351813405324,False,False,0,SAFE,SAFE,SAFE,10,0,100,False,0,10,0,12,100,57.561351813405324,False,False,False,False,True,False
13.2,55.07,4477,3,12,0,22.0,30.0,77744.8,58.5,77.02,False,7.13,10.11,0,10,0,False,False,0,DRY,NORMAL,10,0,58.461337227653736,False,0,BRIGHT,CLEAR,10,58.461337227653736,False,False,0,SAFE,SAFE,SAFE,10,0,100,False,0,10,0,12,100,58.461337227653736,False,False,False,False,True,False
13.25,55.44,4507,3,12,0,22.0,30.0,77744.8,59.5,77.1,False,7.03,10.26,0,10,0,False,False,0,DRY,NORMAL,10,0,59.53545624268018,False,0,BRIGHT,CLEAR,10,59.53545624268018,False,False,0,SAFE,SAFE,SAFE,10,0,100,False,0,10,0,12,100,59.53545624268018,False,False,False,False,True,False
13.3,55.88,4543,3,12,0,22.0,30.0,77744.8,61.5,76.75,False,6.97,10.29,0,10,0,False,False,0,DRY,NORMAL,10,0,61.52718007818776,False,0,BRIGHT,CLEAR,10,61.52718007818776,False,False,0,SAFE,SAFE,SAFE,10,0,100,False,0,10,0,12,100,61.52718007818776,False,False,False,False,True,False
13.35,56.36,4582,3,12,0,22.0,30.0,77744.8,63.0,76.4,False,6.9,10.35,0,10,0,False,False,0,DRY,NORMAL,10,0,63.01126511131236,False,0,BRIGHT,CLEAR,10,63.01126511131236,False,False,0,SAFE,SAFE,SAFE,10,0,100,False,0,10,0,12,100,63.01126511131236,False,False,False,False,True,False
13.4,56.88,4624,3,12,0,22.0,30.0,77744.8,64.7,76.06,False,6.86,10.36,0,10,0,False,False,0,DRY,NORMAL,10,0,64.66614573196841,False,0,BRIGHT,CLEAR,10,64.66614573196841,False,False,0,SAFE,SAFE,SAFE,10,0,100,False,0,10,0,12,100,64.66614573196841,False,False,False,False,True,False
13.45,57.43,4669,3,12,0,22.0,30.0,77744.8,66.5,76.19,False,6.8,10.46,0,10,0,False,False,0,DRY,NORMAL,10,0,66.50044104662928,False,0,BRIGHT,CLEAR,10,66.50044104662928,False,False,0,SAFE,SAFE,SAFE,10,0,100,False,0,10,0,12,100,66.50044104662928,False,False,False,False,True,False
13.5,58.0,4716,3,12,0,22.0,30.0,80479.0,69.5,76.03,False,6.78,10.47,0,10,0,False,False,0,DRY,NORMAL,10,0,69.52875247385954,False,0,BRIGHT,CLEAR,10,69.52875247385954,False,False,0,SAFE,SAFE,SAFE,10,0,100,False,0,10,0,12,100,69.52875247385954,False,False,False,False,True,False
13.55,58.59,4764,3,12,0,22.0,30.0,80479.0,71.8,75.69,False,6.74,10.49,0,10,0,False,False,0,DRY,NORMAL,10,0,71.80117230521692,False,0,BRIGHT,CLEAR,10,71.80117230521692,False,False,0,SAFE,SAFE,SAFE,10,0,100,False,0,10,0,12,100,71.80117230521692,False,False,False,False,True,False
13.6,59.2,4813,3,12,0,22.0,30.0,80479.0,74.3,75.36,False,6.72,10.46,0,10,0,False,False,0,DRY,NORMAL,10,0,74.25792144393164,False,0,BRIGHT,CLEAR,10,74.25792144393164,False,False,0,SAFE,SAFE,SAFE,10,0,100,False,0,10,0,12,100,74.25792144393164,False,False,False,False,True,False
13.65,59.82,4863,3,12,0,22.0,30.0,80479.0,76.9,75.1,False,6.69,10.48,0,10,0,False,False,0,DRY,NORMAL,10,0,76.91570111844993,False,0,BRIGHT,CLEAR,10,76.91570111844993,False,False,0,SAFE,SAFE,SAFE,10,0,100,False,0,10,0,12,100,76.91570111844993,False,False,False,False,True,False
13.7,60.45,4915,3,12,0,22.0,30.0,80479.0,79.8,75.2,False,6.68,10.51,0,10,0,False,False,0,DRY,NORMAL,10,0,79.7933608098929,False,0,BRIGHT,CLEAR,10,79.7933608098929,False,False,0,SAFE,SAFE,SAFE,10,0,100,False,0,10,0,12,100,79.7933608098929,False,False,False,False,True,False
13.75,61.09,4967,3,12,0,22.0,30.0,80479.0,83.5,74.86,False,6.65,10.5,0,10,0,False,False,0,DRY,NORMAL,10,0,83.47511099762212,False,0,BRIGHT,CLEAR,10,83.47511099762212,False,False,0,SAFE,SAFE,SAFE,10,0,100,False,0,10,0,12,100,83.47511099762212,False,False,False,False,True,False
13.8,61.73,5019,3,12,0,22.0,30.0,80479.0,86.9,74.53,False,6.65,10.46,0,10,0,False,False,0,DRY,NORMAL,10,0,86.8919587614788,False,0,BRIGHT,CLEAR,10,86.8919587614788,False,False,0,SAFE,SAFE,SAFE,10,0,100,False,0,10,0,12,100,86.8919587614788,False,False,False,False,True,False
13.85,62.38,5072,3,12,0,22.0,30.0,80479.0,90.6,74.2,False,6.62,10.45,0,10,0,False,False,0,DRY,NORMAL,10,0,90.58696396771782,False,0,BRIGHT,CLEAR,10,90.58696396771782,False,False,0,SAFE,SAFE,SAFE,10,0,100,False,0,10,0,12,100,90.58696396771782,False,False,False,False,True,False
13.9,63.03,5125,3,12,0,22.0,30.0,80479.0,94.6,73.87,False,6.62,10.4,0,10,0,False,False,0,DRY,NORMAL,10,0,94.59981718876021,False,0,BRIGHT,CLEAR,10,94.59981718876021,False,False,0,SAFE,SAFE,SAFE,10,0,100,False,0,10,0,12,100,94.59981718876021,False,False,False,False,True,False
13.95,63.69,5178,3,12,0,22.0,30.0,80479.0,99.0,73.54,False,6.6,10.39,0,10,0,False,False,0,DRY,NORMAL,10,0,98.96203124531961,False,0,BRIGHT,CLEAR,10,98.96203124531961,False,False,0,SAFE,SAFE,SAFE,10,0,100,False,0,10,0,12,100,98.96203124531961,False,False,False,False,True,False
14.0,64.35,5231,3,12,0,22.0,30.0,80479.0,100,73.21,False,6.59,10.34,0,10,0,False,False,0,DRY,NORMAL,10,0,100,False,0,BRIGHT,CLEAR,10,100,False,False,0,SAFE,SAFE,SAFE,10,0,100,False,0,10,0,12,100,100,False,False,False,False,True,False
14.05,65.0,5285,3,12,0,22.0,30.0,80479.0,100,72.88,False,6.58,10.32,0,10,0,False,False,0,DRY,NORMAL,10,0,100,False,0,BRIGHT,CLEAR,10,100,False,False,0,SAFE,SAFE,SAFE,10,0,100,False,0,10,0,12,100,100,False,False,False,False,True,False
14.1,65.67,5339,3,12,0,22.0,30.0,80479.0,100,72.55,False,6.58,10.27,0,10,0,False,False,0,DRY,NORMAL,10,0,100,False,0,BRIGHT,CLEAR,10,100,False,False,0,SAFE,SAFE,SAFE,10,0,100,False,0,10,0,12,100,100,False,False,False,False,True,False
14.15,66.33,5393,3,12,0,22.0,30.0,80479.0,100,72.22,False,6.57,10.23,0,10,0,False,False,0,DRY,NORMAL,10,0,100,False,0,BRIGHT,CLEAR,10,100,False,False,0,SAFE,SAFE,SAFE,10,0,100,False,0,10,0,12,100,100,False,False,False,False,True,False
14.2,66.99,5447,3,12,0,22.0,30.0,80479.0,100,71.89,False,6.58,10.17,0,10,0,False,False,0,DRY,NORMAL,10,0,100,False,0,BRIGHT,CLEAR,10,100,False,False,0,SAFE,SAFE,SAFE,10,0,100,False,0,10,0,12,100,100,False,False,False,False,True,False
14.25,67.66,5501,3,12,0,22.0,30.0,80479.0,100,71.56,False,6.74,9.88,0,10,0,False,False,0,DRY,NORMAL,10,0,100,False,0,BRIGHT,CLEAR,10,100,False,False,0,SAFE,SAFE,SAFE,10,0,100,False,0,10,0,12,100,100,False,False,False,False,True,False
14.3,68.33,5555,3,12,0,22.0,30.0,80479.0,100,71.22,False,6.86,9.66,0,10,0,False,False,0,DRY,NORMAL,10,0,100,False,0,BRIGHT,CLEAR,10,100,False,False,0,SAFE,SAFE,SAFE,10,0,100,False,0,10,0,12,100,100,False,False,False,False,True,False
14.35,69.0,5610,3,12,0,22.0,30.0,80479.0,100,70.87,False,6.96,9.47,0,10,0,False,False,0,DRY,NORMAL,10,0,100,False,0,BRIGHT,CLEAR,10,100,False,False,0,SAFE,SAFE,SAFE,10,0,100,False,0,10,0,12,100,100,False,False,False,False,True,False
14.4,69.67,5664,3,12,0,22.0,30.0,80479.0,100,70.53,False,6.88,9.53,0,10,0,False,False,0,DRY,NORMAL,10,0,100,False,0,BRIGHT,CLEAR,10,100,False,False,0,SAFE,SAFE,SAFE,10,0,100,False,0,10,0,12,100,100,False,False,False,False,True,False
14.45,70.34,5719,3,12,0,22.0,30.0,80479.0,100,70.18,False,6.85,9.52,0,10,0,False,False,0,DRY,NORMAL,10,0,100,False,0,BRIGHT,CLEAR,10,100,False,False,0,SAFE,SAFE,SAFE,10,0,100,False,0,10,0,12,100,100,False,False,False,False,True,False
14.5,71.01,5773,3,12,0,22.0,30.0,80479.0,100,69.84,False,6.85,9.46,0,10,0,False,False,0,DRY,NORMAL,10,0,100,False,0,BRIGHT,CLEAR,10,100,False,False,0,SAFE,SAFE,SAFE,10,0,100,False,0,10,0,12,100,100,False,False,False,False,True,False
14.55,71.69,5828,3,12,0,22.0,30.0,80479.0,100,69.5,False,6.88,9.38,0,10,0,False,False,0,DRY,NORMAL,10,0,100,False,0,BRIGHT,CLEAR,10,100,False,False,0,SAFE,SAFE,SAFE,10,0,100,False,0,10,0,12,100,100,False,False,False,False,True,False
14.6,72.36,5883,3,12,0,22.0,30.0,80479.0,100,69.15,False,6.91,9.28,0,10,0,False,False,0,DRY,NORMAL,10,0,100,False,0,BRIGHT,CLEAR,10,100,False,False,0,SAFE,SAFE,SAFE,10,0,100,False,0,10,0,12,100,100,False,False,False,False,True,False
14.65,73.04,5938,3,12,0,22.0,30.0,80479.0,100,68.81,False,6.95,9.18,0,10,0,False,False,0,DRY,NORMAL,10,0,100,False,0,BRIGHT,CLEAR,10,100,False,False,0,SAFE,SAFE,SAFE,10,0,100,False,0,10,0,12,100,100,False,False,False,False,True,False
14.7,73.72,5994,3,12,0,22.0,30.0,80479.0,100,68.46,False,7.0,9.06,0,10,0,False,False,0,DRY,NORMAL,10,0,100,False,0,BRIGHT,CLEAR,10,100,False,False,0,SAFE,SAFE,SAFE,10,0,100,False,0,10,0,12,100,100,False,False,False,False,True,False
14.75,74.4,6049,3,12,0,22.0,30.0,80479.0,100,68.13,False,7.06,8.95,0,10,0,False,False,0,DRY,NORMAL,10,0,100,False,0,BRIGHT,CLEAR,10,100,False,False,0,SAFE,SAFE,SAFE,10,0,100,False,0,10,0,12,100,100,False,False,False,False,True,False
14.8,75.08,6104,3,12,0,22.0,30.0,80479.0,100,67.81,False,7.11,8.83,0,10,0,False,False,0,DRY,NORMAL,10,0,100,False,0,BRIGHT,CLEAR,10,100,False,False,0,SAFE,SAFE,SAFE,10,0,100,False,0,10,0,12,100,100,False,False,False,False,True,False
14.85,75.76,6159,3,12,0,22.0,30.0,80479.0,100,67.48,False,7.17,8.72,0,10,0,False,False,0,DRY,NORMAL,10,0,100,False,0,BRIGHT,CLEAR,10,100,False,False,0,SAFE,SAFE,SAFE,10,0,100,False,0,10,0,12,100,100,False,False,False,False,True,False
14.9,76.43,6214,3,12,0,22.0,30.0,80479.0,100,67.16,False,7.22,8.61,0,10,0,False,False,0,DRY,NORMAL,10,0,100,False,0,BRIGHT,CLEAR,10,100,False,False,0,SAFE,SAFE,SAFE,10,0,100,False,0,10,0,12,100,100,False,False,False,False,True,False
14.95,77.11,6269,3,12,0,22.0,30.0,80479.0,100,66.83,False,7.28,8.49,0,10,0,False,False,0,DRY,NORMAL,10,0,100,False,0,BRIGHT,CLEAR,10,100,False,False,0,SAFE,SAFE,SAFE,10,0,100,False,0,10,0,12,100,100,False,False,False,False,True,False
15.0,77.79,6324,3,12,0,22.0,30.0,83034.4,100,66.5,False,7.34,8.38,0,10,0,False,False,0,DRY,NORMAL,10,0,100,False,0,BRIGHT,CLEAR,10,100,False,False,0,SAFE,SAFE,SAFE,10,0,100,False,0,10,0,12,100,100,False,False,False,False,True,False
15.05,78.46,6379,3,12,0,22.0,30.0,83034.4,100,66.07,False,7.39,8.26,0,10,0,False,False,0,DRY,NORMAL,10,0,100,False,0,BRIGHT,CLEAR,10,100,False,False,0,SAFE,SAFE,SAFE,10,0,100,False,0,10,0,12,100,100,False,False,False,False,True,False
15.1,79.14,6434,3,12,0,22.0,30.0,83034.4,100,65.73,False,7.45,8.15,0,10,0,False,False,0,DRY,NORMAL,10,0,100,False,0,BRIGHT,CLEAR,10,100,False,False,0,SAFE,SAFE,SAFE,10,0,100,False,0,10,0,12,100,100,False,False,False,False,True,False
15.15,79.81,6489,3,12,0,22.0,30.0,83034.4,100,65.39,False,7.51,8.04,0,10,0,False,False,0,DRY,NORMAL,10,0,100,False,0,BRIGHT,CLEAR,10,100,False,False,0,SAFE,SAFE,SAFE,10,0,100,False,0,10,0,12,100,100,False,False,False,False,True,False
15.2,80.48,6544,4,12,0,22.0,30.0,83034.4,100,65.05,False,7.57,7.94,0,10,0,False,False,0,DRY,NORMAL,10,0,100,False,0,BRIGHT,CLEAR,10,100,False,False,0,SAFE,SAFE,SAFE,10,0,100,False,0,10,0,12,100,100,False,False,False,False,True,False
15.25,81.26,4599,4,12,0,22.0,30.0,83034.4,100,64.7,False,7.65,7.8,0,10,0,False,False,0,DRY,NORMAL,10,0,100,False,0,BRIGHT,CLEAR,10,100,False,False,0,SAFE,SAFE,SAFE,10,0,100,False,0,10,0,12,100,100,False,False,False,False,True,False
15.3,81.93,4638,4,12,0,22.0,30.0,83034.4,100,64.36,False,7.71,7.7,0,10,0,False,False,0,DRY,NORMAL,10,0,100,False,0,BRIGHT,CLEAR,10,100,False,False,0,SAFE,SAFE,SAFE,10,0,100,False,0,10,0,12,100,100,False,False,False,False,True,False
15.35,82.52,4671,4,12,0,22.0,30.0,83034.4,100,64.01,False,7.75,7.62,0,10,0,False,False,0,DRY,NORMAL,10,0,100,False,0,BRIGHT,CLEAR,10,100,False,False,0,SAFE,SAFE,SAFE,10,0,100,False,0,10,0,12,100,100,False,False,False,False,True,False
15.4,83.05,4701,4,12,0,22.0,30.0,83034.4,100,63.65,False,7.77,7.55,0,10,0,False,False,0,DRY,NORMAL,10,0,100,False,0,BRIGHT,CLEAR,10,100,False,False,0,SAFE,SAFE,SAFE,10,0,100,False,0,10,0,12,100,100,False,False,False,False,True,False
15.45,83.54,4728,4,12,0,22.0,30.0,83034.4,100,63.26,False,7.77,7.5,0,10,0,False,False,0,DRY,NORMAL,10,0,100,False,0,BRIGHT,CLEAR,10,100,False,False,0,SAFE,SAFE,SAFE,10,0,100,False,0,10,0,12,100,100,False,False,False,False,True,False
15.5,84.0,4754,4,12,0,22.0,30.0,83034.4,100,62.86,False,7.77,7.44,0,10,0,False,False,0,DRY,NORMAL,10,0,100,False,0,BRIGHT,CLEAR,10,100,False,False,0,SAFE,SAFE,SAFE,10,0,100,False,0,10,0,12,100,100,False,False,False,False,True,False
15.55,84.44,4780,4,12,0,22.0,30.0,83034.4,100,62.49,False,7.77,7.4,0,10,0,False,False,0,DRY,NORMAL,10,0,100,False,0,BRIGHT,CLEAR,10,100,False,False,0,SAFE,SAFE,SAFE,10,0,100,False,0,10,0,12,100,100,False,False,False,False,True,False
15.6,84.87,4804,4,12,0,22.0,30.0,83034.4,100,62.1,False,7.76,7.36,0,10,0,False,False,0,DRY,NORMAL,10,0,100,False,0,BRIGHT,CLEAR,10,100,False,False,0,SAFE,SAFE,SAFE,10,0,100,False,0,10,0,12,100,100,False,False,False,False,True,False
15.65,85.3,4828,4,12,0,22.0,30.0,83034.4,100,61.71,False,7.75,7.31,0,10,0,False,False,0,DRY,NORMAL,10,0,100,False,0,BRIGHT,CLEAR,10,100,False,False,0,SAFE,SAFE,SAFE,10,0,100,False,0,10,0,12,100,100,False,False,False,False,True,False
15.7,85.72,4852,4,12,0,22.0,30.0,83034.4,100,61.32,False,7.74,7.27,0,10,0,False,False,0,DRY,NORMAL,10,0,100,False,0,BRIGHT,CLEAR,10,100,False,False,0,SAFE,SAFE,SAFE,10,0,100,False,0,10,0,12,100,100,False,False,False,False,True,False
15.75,86.13,4875,4,12,0,22.0,30.0,83034.4,100,60.94,False,7.73,7.23,0,10,0,False,False,0,DRY,NORMAL,10,0,100,False,0,BRIGHT,CLEAR,10,100,False,False,0,SAFE,SAFE,SAFE,10,0,100,False,0,10,0,12,100,100,False,False,False,False,True,False
15.8,86.54,4899,4,12,0,22.0,30.0,83034.4,100,60.55,False,7.72,7.2,0,10,0,False,False,0,DRY,NORMAL,10,0,100,False,0,BRIGHT,CLEAR,10,100,False,False,0,SAFE,SAFE,SAFE,10,0,100,False,0,10,0,12,100,100,False,False,False,False,True,False
15.85,86.95,4922,4,12,0,22.0,30.0,83034.4,100,60.17,False,7.71,7.16,0,10,0,False,False,0,DRY,NORMAL,10,0,100,False,0,BRIGHT,CLEAR,10,100,False,False,0,SAFE,SAFE,SAFE,10,0,100,False,0,10,0,12,100,100,False,False,False,False,True,False
15.9,87.36,4945,4,12,0,22.0,30.0,83034.4,100,59.78,False,7.7,7.12,0,10,0,False,False,0,DRY,NORMAL,10,0,100,False,0,BRIGHT,CLEAR,10,100,False,False,0,SAFE,SAFE,SAFE,10,0,100,False,0,10,0,12,100,100,False,False,False,False,True,False
15.95,87.77,4968,4,12,0,22.0,30.0,83034.4,100,59.4,False,7.69,7.08,0,10,0,False,False,0,DRY,NORMAL,10,0,100,False,0,BRIGHT,CLEAR,10,100,False,False,0,SAFE,SAFE,SAFE,10,0,100,False,0,10,0,12,100,100,False,False,False,False,True,False
16.0,88.18,4991,4,12,0,22.0,30.0,83034.4,100,59.01,False,7.67,7.04,0,10,0,False,False,0,DRY,NORMAL,10,0,100,False,0,BRIGHT,CLEAR,10,100,False,False,0,SAFE,SAFE,SAFE,10,0,100,False,0,10,0,12,100,100,False,False,False,False,True,False
16.05,88.59,5015,4,12,0,22.0,30.0,83034.4,100,58.63,False,7.66,7.0,0,10,0,False,False,0,DRY,NORMAL,10,0,100,False,0,BRIGHT,CLEAR,10,100,False,False,0,SAFE,SAFE,SAFE,10,0,100,False,0,10,0,12,100,100,False,False,False,False,True,False
16.1,89.0,5038,4,12,0,22.0,30.0,83034.4,100,58.24,False,7.76,6.86,0,10,0,False,False,0,DRY,NORMAL,10,0,100,False,0,BRIGHT,CLEAR,10,100,False,False,0,SAFE,SAFE,SAFE,10,0,100,False,0,10,0,12,100,100,False,False,False,False,True,False
16.15,89.41,5061,4,12,0,22.0,30.0,83034.4,100,57.85,False,7.89,6.7,0,10,0,False,False,0,DRY,NORMAL,10,0,100,False,0,BRIGHT,CLEAR,10,100,False,False,0,SAFE,SAFE,SAFE,10,0,100,False,0,10,0,12,100,100,False,False,False,False,True,False
16.2,89.82,5084,4,12,0,22.0,30.0,83034.4,100,57.46,False,7.88,6.65,0,10,0,False,False,0,DRY,NORMAL,10,0,100,False,0,BRIGHT,CLEAR,10,100,False,False,0,SAFE,SAFE,SAFE,10,0,100,False,0,10,0,12,100,100,False,False,False,False,True,False
16.25,90.23,5107,4,12,0,22.0,30.0,83034.4,100,57.06,False,7.85,6.63,0,10,0,False,False,0,DRY,NORMAL,10,0,100,False,0,BRIGHT,CLEAR,10,100,False,False,0,SAFE,SAFE,SAFE,10,0,100,False,0,10,0,12,100,100,False,False,False,False,True,False
16.3,90.64,5131,4,12,0,22.0,30.0,83034.4,100,56.67,False,7.83,6.6,0,10,0,False,False,0,DRY,NORMAL,10,0,100,False,0,BRIGHT,CLEAR,10,100,False,False,0,SAFE,SAFE,SAFE,10,0,100,False,0,10,0,12,100,100,False,False,False,False,True,False
16.35,91.05,5154,4,12,0,22.0,30.0,83034.4,100,56.28,False,7.83,6.55,0,10,0,False,False,0,DRY,NORMAL,10,0,100,False,0,BRIGHT,CLEAR,10,100,False,False,0,SAFE,SAFE,SAFE,10,0,100,False,0,10,0,12,100,100,False,False,False,False,True,False
16.4,91.46,5177,4,12,0,22.0,30.0,83034.4,100,55.89,False,7.83,6.5,0,10,0,False,False,0,DRY,NORMAL,10,0,100,False,0,BRIGHT,CLEAR,10,100,False,False,0,SAFE,SAFE,SAFE,10,0,100,False,0,10,0,12,100,100,False,False,False,False,True,False
16.45,91.88,5200,4,12,0,22.0,30.0,83034.4,100,55.5,False,7.84,6.44,0,10,0,False,False,0,DRY,NORMAL,10,0,100,False,0,BRIGHT,CLEAR,10,100,False,False,0,SAFE,SAFE,SAFE,10,0,100,False,0,10,0,12,100,100,False,False,False,False,True,False
16.5,92.29,5224,4,12,0,22.0,30.0,85380.1,100,55.09,False,7.86,6.38,0,10,0,False,False,0,DRY,NORMAL,10,0,100,False,0,BRIGHT,CLEAR,10,100,False,False,0,SAFE,SAFE,SAFE,10,0,100,False,0,10,0,12,100,100,False,False,False,False,True,False
16.55,92.7,5247,4,12,0,22.0,30.0,85380.1,100,54.66,False,7.87,6.31,0,10,0,False,False,0,DRY,NORMAL,10,0,100,False,0,BRIGHT,CLEAR,10,100,False,False,0,SAFE,SAFE,SAFE,10,0,100,False,0,10,0,12,100,100,False,False,False,False,True,False
16.6,93.11,5270,4,12,0,22.0,30.0,85380.1,100,54.23,False,7.89,6.24,0,10,0,False,False,0,DRY,NORMAL,10,0,100,False,0,BRIGHT,CLEAR,10,100,False,False,0,SAFE,SAFE,SAFE,10,0,100,False,0,10,0,12,100,100,False,False,False,False,True,False
16.65,93.52,5293,4,12,0,22.0,30.0,85380.1,100,53.88,False,7.91,6.18,0,10,0,False,False,0,DRY,NORMAL,10,0,100,False,0,BRIGHT,CLEAR,10,100,False,False,0,SAFE,SAFE,SAFE,10,0,100,False,0,10,0,12,100,100,False,False,False,False,True,False
16.7,93.93,5317,4,12,0,22.0,30.0,85380.1,100,53.45,False,7.93,6.11,0,10,0,False,False,0,DRY,NORMAL,10,0,100,False,0,BRIGHT,CLEAR,10,100,False,False,0,SAFE,SAFE,SAFE,10,0,100,False,0,10,0,12,100,100,False,False,False,False,True,False
16.75,94.34,5340,4,12,0,22.0,30.0,85380.1,100,53.01,False,7.95,6.04,0,10,0,False,False,0,DRY,NORMAL,10,0,100,False,0,BRIGHT,CLEAR,10,100,False,False,0,SAFE,SAFE,SAFE,10,0,100,False,0,10,0,12,100,100,False,False,False,False,True,False
16.8,94.75,5363,4,12,0,22.0,30.0,85380.1,100,52.57,False,7.97,5.97,0,10,0,False,False,0,DRY,NORMAL,10,0,100,False,0,BRIGHT,CLEAR,10,100,False,False,0,SAFE,SAFE,SAFE,10,0,100,False,0,10,0,12,100,100,False,False,False,False,True,False
16.85,95.16,5386,4,12,0,22.0,30.0,85380.1,100,52.13,False,7.99,5.9,0,10,0,False,False,0,DRY,NORMAL,10,0,100,False,0,BRIGHT,CLEAR,10,100,False,False,0,SAFE,SAFE,SAFE,10,0,100,False,0,10,0,12,100,100,False,False,False,False,True,False
16.9,95.57,5410,4,12,0,22.0,30.0,85380.1,100,51.69,False,8.01,5.83,0,10,0,False,False,0,DRY,NORMAL,10,0,100,False,0,BRIGHT,CLEAR,10,100,False,False,0,SAFE,SAFE,SAFE,10,0,100,False,0,10,0,12,100,100,False,False,False,False,True,False
16.95,95.98,5433,4,12,0,22.0,30.0,85380.1,100,51.25,False,8.03,5.76,0,10,0,False,False,0,DRY,NORMAL,10,0,100,False,0,BRIGHT,CLEAR,10,100,False,False,0,SAFE,SAFE,SAFE,10,0,100,False,0,10,0,12,100,100,False,False,False,False,True,False
17.0,96.39,5456,4,12,0,22.0,30.0,85380.1,100,50.9,False,8.05,5.7,0,10,0,False,False,0,DRY,NORMAL,10,0,100,False,0,BRIGHT,CLEAR,10,100,False,False,0,SAFE,SAFE,SAFE,10,0,100,False,0,10,0,12,100,100,False,False,False,False,True,False
17.05,96.8,5479,4,12,0,22.0,30.0,85380.1,100,50.45,False,8.07,5.63,0,10,0,False,False,0,DRY,NORMAL,10,0,100,False,0,BRIGHT,CLEAR,10,100,False,False,0,SAFE,SAFE,SAFE,10,0,100,False,0,10,0,12,100,100,False,False,False,False,True,False
17.1,97.21,5503,4,12,0,22.0,30.0,85380.1,100,50.0,False,8.09,5.56,0,10,0,False,False,0,DRY,NORMAL,10,0,100,False,0,BRIGHT,CLEAR,10,100,False,False,0,SAFE,SAFE,SAFE,10,0,100,False,0,10,0,12,100,100,False,False,False,False,True,False
17.15,97.63,5526,4,12,0,22.0,30.0,85380.1,100,49.56,False,8.11,5.49,0,10,0,False,False,0,DRY,NORMAL,10,0,100,False,0,BRIGHT,CLEAR,10,100,False,False,0,SAFE,SAFE,SAFE,10,0,100,False,0,10,0,12,100,100,False,False,False,False,True,False
17.2,98.04,5549,4,12,0,22.0,30.0,85380.1,100,49.11,False,8.13,5.42,0,10,0,False,False,0,DRY,NORMAL,10,0,100,False,0,BRIGHT,CLEAR,10,100,False,False,0,SAFE,SAFE,SAFE,10,0,100,False,0,10,0,12,100,100,False,False,False,False,True,False
17.25,98.45,5572,4,12,0,22.0,30.0,85380.1,100,48.66,False,8.15,5.35,0,10,0,False,False,0,DRY,NORMAL,10,0,100,False,0,BRIGHT,CLEAR,10,100,False,False,0,SAFE,SAFE,SAFE,10,0,100,False,0,10,0,12,100,100,False,False,False,False,True,False
17.3,98.86,5596,4,12,0,22.0,30.0,85380.1,100,48.21,False,8.18,5.29,0,10,0,False,False,0,DRY,NORMAL,10,0,100,False,0,BRIGHT,CLEAR,10,100,False,False,0,SAFE,SAFE,SAFE,10,0,100,False,0,10,0,12,100,100,False,False,False,False,True,False
17.35,99.27,5619,4,12,0,22.0,30.0,85380.1,100,47.85,False,8.2,5.23,0,10,0,False,False,0,DRY,NORMAL,10,0,100,False,0,BRIGHT,CLEAR,10,100,False,False,0,SAFE,SAFE,SAFE,10,0,100,False,0,10,0,12,100,100,False,False,False,False,True,False
17.4,99.68,5642,4,12,0,22.0,30.0,85380.1,100,47.4,False,8.22,5.16,0,10,0,False,False,0,DRY,NORMAL,10,0,100,False,0,BRIGHT,CLEAR,10,100,False,False,0,SAFE,SAFE,SAFE,10,0,100,False,0,10,0,12,100,100,False,False,False,False,True,False
17.45,100.09,5666,4,12,0,22.0,30.0,85380.1,100,46.96,False,8.24,5.09,0,10,0,False,False,0,DRY,NORMAL,10,0,100,False,0,BRIGHT,CLEAR,10,100,False,False,0,SAFE,SAFE,SAFE,10,0,100,False,0,10,0,12,100,100,False,False,False,False,True,False
17.5,100.48,5687,4,12,0,22.0,30.0,85380.1,100,46.54,False,8.26,5.03,0,10,0,False,False,0,DRY,NORMAL,10,0,100,False,0,BRIGHT,CLEAR,10,100,False,False,0,SAFE,SAFE,SAFE,10,0,100,False,0,10,0,12,100,100,False,False,False,False,True,False
17.55,100.73,5701,4,12,0,22.0,30.0,85380.1,100,46.13,False,8.23,5.0,0,10,0,False,False,0,DRY,NORMAL,10,0,100,False,0,BRIGHT,CLEAR,10,100,False,False,0,SAFE,SAFE,SAFE,10,0,100,False,0,10,0,12,100,100,False,False,False,False,True,False
17.6,100.78,5704,4,12,0,22.0,30.0,85380.1,100,45.72,False,8.15,4.99,0,10,0,False,False,0,DRY,NORMAL,10,0,100,False,0,BRIGHT,CLEAR,10,100,False,False,0,SAFE,SAFE,SAFE,10,0,100,False,0,10,0,12,100,100,False,False,False,False,True,False
17.65,100.7,5700,4,12,0,22.0,30.0,85380.1,100,45.32,False,8.04,5.01,0,10,0,False,False,0,DRY,NORMAL,10,0,100,False,0,BRIGHT,CLEAR,10,100,False,False,0,SAFE,SAFE,SAFE,10,0,100,False,0,10,0,12,100,100,False,False,False,False,True,False
17.7,100.54,5691,4,12,0,22.0,30.0,85380.1,100,44.92,False,7.91,5.05,0,10,0,False,False,0,DRY,NORMAL,10,0,100,False,0,BRIGHT,CLEAR,10,100,False,False,0,SAFE,SAFE,SAFE,10,0,100,False,0,10,0,12,100,100,False,False,False,False,True,False
17.75,100.34,5679,4,12,0,22.0,30.0,85380.1,100,44.53,False,7.76,5.09,0,10,0,False,False,0,DRY,NORMAL,10,0,100,False,0,BRIGHT,CLEAR,10,100,False,False,0,SAFE,SAFE,SAFE,10,0,100,False,0,10,0,12,100,100,False,False,False,False,True,False
17.8,100.11,5667,4,12,0,22.0,30.0,85380.1,100,44.15,False,7.61,5.15,0,10,0,False,False,0,DRY,NORMAL,10,0,100,False,0,BRIGHT,CLEAR,10,100,False,False,0,SAFE,SAFE,SAFE,10,0,100,False,0,10,0,12,100,100,False,False,False,False,True,False
17.85,99.87,5653,4,12,0,22.0,30.0,85380.1,100,43.69,False,7.45,5.2,0,10,0,False,False,0,DRY,NORMAL,10,0,100,False,0,BRIGHT,CLEAR,10,100,False,False,0,SAFE,SAFE,SAFE,10,0,100,False,0,10,0,12,100,100,False,False,False,False,True,False
17.9,99.64,5640,4,12,0,22.0,30.0,85380.1,100,43.2,False,7.29,5.24,0,10,0,False,False,0,DRY,NORMAL,10,0,100,False,0,BRIGHT,CLEAR,10,100,False,False,0,SAFE,SAFE,SAFE,10,0,100,False,0,10,0,12,100,100,False,False,False,False,True,False
17.95,99.45,5629,4,12,0,22.0,30.0,85380.1,100,42.72,False,7.15,5.28,0,10,0,False,False,0,DRY,NORMAL,10,0,100,False,0,BRIGHT,CLEAR,10,100,False,False,0,SAFE,SAFE,SAFE,10,0,100,False,0,10,0,12,100,100,False,False,False,False,True,False
18.0,99.34,5623,4,12,0,22.0,30.0,87512.9,100,42.25,False,7.03,5.3,0,10,0,False,False,0,DRY,NORMAL,10,0,100,False,0,BRIGHT,CLEAR,10,100,False,False,0,SAFE,SAFE,SAFE,10,0,100,False,0,10,0,12,100,100,False,False,False,False,True,False
18.05,99.36,5624,4,12,0,22.0,30.0,87512.9,100,42.04,False,6.95,5.33,0,10,0,False,False,0,DRY,NORMAL,10,0,100,False,0,BRIGHT,CLEAR,10,100,False,False,0,SAFE,SAFE,SAFE,10,0,100,False,0,10,0,12,100,100,False,False,False,False,True,False
18.1,99.49,5631,4,12,0,22.0,30.0,87512.9,100,41.58,False,6.89,5.31,0,10,0,False,False,0,DRY,NORMAL,10,0,100,False,0,BRIGHT,CLEAR,10,100,False,False,0,SAFE,SAFE,SAFE,10,0,100,False,0,10,0,12,100,100,False,False,False,False,True,False
18.15,99.71,5644,4,12,0,22.0,30.0,87512.9,100,41.11,False,6.86,5.26,0,10,0,False,False,0,DRY,NORMAL,10,0,100,False,0,BRIGHT,CLEAR,10,100,False,False,0,SAFE,SAFE,SAFE,10,0,100,False,0,10,0,12,100,100,False,False,False,False,True,False
18.2,99.98,5659,4,12,0,22.0,30.0,87512.9,100,40.65,False,6.85,5.2,0,10,0,False,False,0,DRY,NORMAL,10,0,100,False,0,BRIGHT,CLEAR,10,100,False,False,0,SAFE,SAFE,SAFE,10,0,100,False,0,10,0,12,100,100,False,False,False,False,True,False
18.25,100.31,5678,4,12,0,22.0,30.0,87512.9,100,40.18,False,6.85,5.14,0,10,0,False,False,0,DRY,NORMAL,10,0,100,False,0,BRIGHT,CLEAR,10,100,False,False,0,SAFE,SAFE,SAFE,10,0,100,False,0,10,0,12,100,100,False,False,False,False,True,False
18.3,100.63,5696,4,12,0,22.0,30.0,87512.9,100,39.72,False,6.85,5.07,0,10,0,False,False,0,DRY,NORMAL,10,0,100,False,0,BRIGHT,CLEAR,10,100,False,False,0,SAFE,SAFE,SAFE,10,0,100,False,0,10,0,12,100,100,False,False,False,False,True,False
18.35,100.84,5708,4,12,0,22.0,30.0,87512.9,100,39.26,False,6.82,5.02,0,10,0,False,False,0,DRY,NORMAL,10,0,100,False,0,BRIGHT,CLEAR,10,100,False,False,0,SAFE,SAFE,SAFE,10,0,100,False,0,10,0,12,100,100,False,False,False,False,True,False
18.4,100.87,5709,4,12,0,22.0,30.0,87512.9,100,39.06,False,6.74,5.05,0,10,0,False,False,0,DRY,NORMAL,10,0,100,False,0,BRIGHT,CLEAR,10,100,False,False,0,SAFE,SAFE,SAFE,10,0,100,False,0,10,0,12,100,100,False,False,False,False,True,False
18.45,100.77,5704,4,12,0,22.0,30.0,87512.9,100,38.6,False,6.63,5.07,0,10,0,False,False,0,DRY,NORMAL,10,0,100,False,0,BRIGHT,CLEAR,10,100,False,False,0,SAFE,SAFE,SAFE,10,0,100,False,0,10,0,12,100,100,False,False,False,False,True,False
18.5,100.61,5695,4,12,0,22.0,30.0,87512.9,98.6,38.15,False,6.49,5.11,0,10,0,False,False,0,DRY,NORMAL,10,0,98.61931932084961,False,0,BRIGHT,CLEAR,10,98.61931932084961,False,False,0,SAFE,SAFE,SAFE,10,0,100,False,0,10,0,12,100,98.61931932084961,False,False,False,False,True,False
18.55,100.41,5683,4,12,0,22.0,30.0,87512.9,98.6,37.71,False,6.35,5.15,0,10,0,False,False,0,DRY,NORMAL,10,0,98.61931932084961,False,0,BRIGHT,CLEAR,10,98.61931932084961,False,False,0,SAFE,SAFE,SAFE,10,0,100,False,0,10,0,12,100,98.61931932084961,False,False,False,False,True,False
18.6,100.18,5670,4,12,0,22.0,30.0,87512.9,96.3,37.28,False,6.2,5.21,0,10,0,False,False,0,DRY,NORMAL,10,0,96.25635044232034,False,0,BRIGHT,CLEAR,10,96.25635044232034,False,False,0,SAFE,SAFE,SAFE,10,0,100,False,0,10,0,12,100,96.25635044232034,False,False,False,False,True,False
18.65,99.94,5657,4,12,0,22.0,30.0,87512.9,96.3,36.85,False,6.05,5.27,0,10,0,False,False,0,DRY,NORMAL,10,0,96.25635044232034,False,0,BRIGHT,CLEAR,10,96.25635044232034,False,False,0,SAFE,SAFE,SAFE,10,0,100,False,0,10,0,12,100,96.25635044232034,False,False,False,False,True,False
18.7,99.69,5643,4,12,0,22.0,30.0,87512.9,94.2,36.43,False,5.9,5.33,0,10,0,False,False,0,DRY,NORMAL,10,0,94.16825839823676,False,0,BRIGHT,CLEAR,10,94.16825839823676,False,False,0,SAFE,SAFE,SAFE,10,0,100,False,0,10,0,12,100,94.16825839823676,False,False,False,False,True,False
18.75,99.32,5622,4,12,0,22.0,30.0,87512.9,94.2,36.28,False,5.73,5.46,0,10,0,False,False,0,DRY,NORMAL,10,0,94.16825839823676,False,0,BRIGHT,CLEAR,10,94.16825839823676,False,False,0,SAFE,SAFE,SAFE,10,0,100,False,0,10,0,12,100,94.16825839823676,False,False,False,False,True,False
18.8,98.86,5596,4,12,0,22.0,30.0,87512.9,92.8,35.88,False,5.55,5.56,0,10,0,False,False,0,DRY,NORMAL,10,0,92.8307507341716,False,0,BRIGHT,CLEAR,10,92.8307507341716,False,False,0,SAFE,SAFE,SAFE,10,0,100,False,0,10,0,12,100,92.8307507341716,False,False,False,False,True,False
18.85,98.4,5570,4,12,0,22.0,30.0,87512.9,92.8,35.49,False,5.38,5.66,0,10,0,False,False,0,DRY,NORMAL,10,0,92.8307507341716,False,0,BRIGHT,CLEAR,10,92.8307507341716,False,False,0,SAFE,SAFE,SAFE,10,0,100,False,0,10,0,12,100,92.8307507341716,False,False,False,False,True,False
18.9,97.94,5544,4,12,0,22.0,30.0,87512.9,92.8,35.1,False,5.23,5.76,0,10,0,False,False,0,DRY,NORMAL,10,0,92.8307507341716,False,0,BRIGHT,CLEAR,10,92.8307507341716,False,False,0,SAFE,SAFE,SAFE,10,0,100,False,0,10,0,12,100,92.8307507341716,False,False,False,False,True,False
18.95,97.48,5518,4,12,0,22.0,30.0,87512.9,91.5,34.73,False,5.08,5.86,0,10,0,False,False,0,DRY,NORMAL,10,0,91.54866695376971,False,0,BRIGHT,CLEAR,10,91.54866695376971,False,False,0,SAFE,SAFE,SAFE,10,0,100,False,0,10,0,12,100,91.54866695376971,False,False,False,False,True,False
19.0,97.02,5491,4,12,0,22.0,30.0,87512.9,91.5,34.36,False,4.93,5.95,0,10,0,False,False,0,DRY,NORMAL,10,0,91.54866695376971,False,0,BRIGHT,CLEAR,10,91.54866695376971,False,False,0,SAFE,SAFE,SAFE,10,0,100,False,0,10,0,12,100,91.54866695376971,False,False,False,False,True,False
19.05,96.56,5465,4,12,0,22.0,30.0,87512.9,90.6,34.0,False,4.8,6.05,0,10,0,False,False,0,DRY,NORMAL,10,0,90.59921692809512,False,0,BRIGHT,CLEAR,10,90.59921692809512,False,False,0,SAFE,SAFE,SAFE,10,0,100,False,0,10,0,12,100,90.59921692809512,False,False,False,False,True,False
19.1,96.1,5439,4,12,0,22.0,30.0,87512.9,90.6,33.65,False,4.67,6.14,0,10,0,False,False,0,DRY,NORMAL,10,0,90.59921692809512,False,0,BRIGHT,CLEAR,10,90.59921692809512,False,False,0,SAFE,SAFE,SAFE,10,0,100,False,0,10,0,12,100,90.59921692809512,False,False,False,False,True,False
19.15,95.64,5413,4,12,0,22.0,30.0,87512.9,89.4,33.3,False,4.54,6.24,0,10,0,False,False,0,DRY,NORMAL,10,0,89.36293111302317,False,0,BRIGHT,CLEAR,10,89.36293111302317,False,False,0,SAFE,SAFE,SAFE,10,0,100,False,0,10,0,12,100,89.36293111302317,False,False,False,False,True,False
19.2,95.18,5387,4,12,0,22.0,30.0,87512.9,89.4,33.23,False,4.41,6.4,0,10,0,False,False,0,DRY,NORMAL,10,0,89.36293111302317,False,0,BRIGHT,CLEAR,10,89.36293111302317,False,False,0,SAFE,SAFE,SAFE,10,0,100,False,0,10,0,12,100,89.36293111302317,False,False,False,False,True,False
19.25,94.72,5362,4,12,0,22.0,30.0,87512.9,88.2,32.9,False,4.29,6.5,0,10,0,False,False,0,DRY,NORMAL,10,0,88.17590973698249,False,0,BRIGHT,CLEAR,10,88.17590973698249,False,False,0,SAFE,SAFE,SAFE,10,0,100,False,0,10,0,12,100,88.17590973698249,False,False,False,False,True,False
19.3,94.27,5336,4,12,0,22.0,30.0,87512.9,88.2,32.57,False,4.17,6.62,0,10,0,False,False,0,DRY,NORMAL,10,0,88.17590973698249,False,0,BRIGHT,CLEAR,10,88.17590973698249,False,False,0,SAFE,SAFE,SAFE,10,0,100,False,0,10,0,12,100,88.17590973698249,False,False,False,False,True,False
19.35,93.82,5310,4,12,0,22.0,30.0,87512.9,88.2,32.25,False,4.04,6.74,0,10,0,False,False,0,DRY,NORMAL,10,0,88.17590973698249,False,0,BRIGHT,CLEAR,10,88.17590973698249,False,False,0,SAFE,SAFE,SAFE,10,0,100,False,0,10,0,12,100,88.17590973698249,False,False,False,False,True,False
19.4,93.36,5285,4,12,0,22.0,30.0,87512.9,86.6,31.94,False,3.92,6.87,0,10,0,False,False,0,DRY,NORMAL,10,0,86.59061812183417,False,0,BRIGHT,CLEAR,10,86.59061812183417,False,False,0,SAFE,SAFE,SAFE,10,0,100,False,0,10,0,12,100,86.59061812183417,False,False,False,False,True,False
19.45,92.91,5259,4,12,0,22.0,30.0,87512.9,86.7,31.63,False,3.8,7.01,0,10,0,False,False,0,DRY,NORMAL,10,0,86.71214299426444,False,0,BRIGHT,CLEAR,10,86.71214299426444,False,False,0,SAFE,SAFE,SAFE,10,0,100,False,0,10,0,12,100,86.71214299426444,False,False,False,False,True,False
19.5,92.47,5234,4,12,0,22.0,30.0,89432.8,85.0,31.34,False,3.68,7.16,0,10,0,False,False,0,DRY,NORMAL,10,0,84.97195916883932,False,0,BRIGHT,CLEAR,10,84.97195916883932,False,False,0,SAFE,SAFE,SAFE,10,0,100,False,0,10,0,12,100,84.97195916883932,False,False,False,False,True,False
19.55,92.02,5208,4,12,0,22.0,30.0,89432.8,85.0,31.04,False,3.55,7.33,0,10,0,False,False,0,DRY,NORMAL,10,0,84.97195916883932,False,0,BRIGHT,CLEAR,10,84.97195916883932,False,False,0,SAFE,SAFE,SAFE,10,0,100,False,0,10,0,12,100,84.97195916883932,False,False,False,False,True,False
19.6,91.57,5183,4,12,0,22.0,30.0,89432.8,83.6,30.86,False,3.43,7.54,0,10,0,False,False,0,DRY,NORMAL,10,0,83.57826134223782,False,0,BRIGHT,CLEAR,10,83.57826134223782,False,False,0,SAFE,SAFE,SAFE,10,0,100,False,0,10,0,12,100,83.57826134223782,False,False,False,False,True,False
19.65,91.13,5158,4,12,0,22.0,30.0,89432.8,83.6,30.58,False,3.31,7.73,0,10,0,False,False,0,DRY,NORMAL,10,0,83.57826134223782,False,0,BRIGHT,CLEAR,10,83.57826134223782,False,False,0,SAFE,SAFE,SAFE,10,0,100,False,0,10,0,12,100,83.57826134223782,False,False,False,False,True,False
19.7,90.68,5133,4,12,0,22.0,30.0,89432.8,83.6,30.31,False,3.19,7.94,0,10,0,False,False,0,DRY,NORMAL,10,0,83.57826134223782,False,0,BRIGHT,CLEAR,10,83.57826134223782,False,False,0,SAFE,SAFE,SAFE,10,0,100,False,0,10,0,12,100,83.57826134223782,False,False,False,False,True,False
19.75,90.24,5108,4,12,0,22.0,30.0,89432.8,83.6,30.31,False,3.07,8.26,0,10,0,False,False,0,DRY,NORMAL,10,0,83.57826261545522,False,0,BRIGHT,CLEAR,10,83.57826261545522,False,False,0,SAFE,SAFE,SAFE,10,0,100,False,0,10,0,12,100,83.57826261545522,False,False,False,False,True,False
19.8,89.8,5083,4,12,0,22.0,30.0,89432.8,83.6,30.05,False,2.94,8.51,0,10,0,False,False,0,DRY,NORMAL,10,0,83.57826261545522,False,0,BRIGHT,CLEAR,10,83.57826261545522,False,False,0,SAFE,SAFE,SAFE,10,0,100,False,0,10,0,12,100,83.57826261545522,False,False,False,False,True,False
19.85,89.35,5058,4,12,0,22.0,30.0,89432.8,83.6,30.34,False,2.82,8.99,0,10,0,False,False,0,DRY,NORMAL,10,0,83.57739237533549,False,0,BRIGHT,CLEAR,10,83.57739237533549,False,False,0,SAFE,SAFE,SAFE,10,0,100,False,0,10,0,12,100,83.57739237533549,False,False,False,False,True,False
19.9,88.91,5033,4,12,0,22.0,30.0,89432.8,83.6,30.09,False,2.7,9.3,0,10,0,False,False,0,DRY,NORMAL,10,0,83.57738196740866,False,0,BRIGHT,CLEAR,10,83.57738196740866,False,False,0,SAFE,SAFE,SAFE,10,0,100,False,0,10,0,12,100,83.57738196740866,False,False,False,False,True,False
19.95,88.48,5008,4,12,0,22.0,30.0,89432.8,81.1,29.86,False,2.58,9.65,0,10,0,False,False,0,DRY,NORMAL,10,0,81.11288542188895,False,0,BRIGHT,CLEAR,10,81.11288542188895,False,False,0,SAFE,SAFE,SAFE,10,0,100,False,0,10,0,12,100,81.11288542188895,False,False,False,False,True,False
20.0,88.04,4983,4,12,0,22.0,30.0,89432.8,77.9,29.63,False,2.45,10.03,0,10,0,False,False,0,DRY,NORMAL,10,0,77.9021029274708,False,0,BRIGHT,CLEAR,10,77.9021029274708,False,False,0,SAFE,SAFE,SAFE,10,0,100,False,0,10,0,12,100,77.9021029274708,False,False,False,False,True,False
20.05,87.6,4958,4,12,0,22.0,30.0,89432.8,74.8,999.0,True,2.45,20.0,0,10,0,False,False,0,DRY,NORMAL,10,0,74.83582644654281,False,0,BRIGHT,CLEAR,10,74.83582644654281,False,False,0,SAFE,SAFE,SAFE,10,0,100,False,0,10,0,12,100,74.83582644654281,False,False,False,False,True,False
20.1,87.16,4934,4,12,0,22.0,30.0,89432.8,72.2,999.0,True,2.45,20.0,0,10,0,False,False,0,DRY,NORMAL,10,0,72.20240444502822,False,0,BRIGHT,CLEAR,10,72.20240444502822,False,False,0,SAFE,SAFE,SAFE,10,0,100,False,0,10,0,12,100,72.20240444502822,False,False,False,False,True,False
20.15,86.73,4909,4,12,0,22.0,30.0,89432.8,69.9,999.0,True,2.45,20.0,0,10,0,False,False,0,DRY,NORMAL,10,0,69.9179464702546,False,0,BRIGHT,CLEAR,10,69.9179464702546,False,False,0,SAFE,SAFE,SAFE,10,0,100,False,0,10,0,12,100,69.9179464702546,False,False,False,False,True,False
20.2,86.16,4877,4,12,0,22.0,30.0,89432.8,67.7,999.0,True,2.45,20.0,0,10,0,False,False,0,DRY,NORMAL,10,0,67.68977128800435,False,0,BRIGHT,CLEAR,10,67.68977128800435,False,False,0,SAFE,SAFE,SAFE,10,0,100,False,0,10,0,12,100,67.68977128800435,False,False,False,False,True,False
20.25,85.47,4838,4,12,0,22.0,30.0,89432.8,65.7,999.0,True,2.45,20.0,0,10,0,False,False,0,DRY,NORMAL,10,0,65.7036466594282,False,0,BRIGHT,CLEAR,10,65.7036466594282,False,False,0,SAFE,SAFE,SAFE,10,0,100,False,0,10,0,12,100,65.7036466594282,False,False,False,False,True,False
20.3,84.77,4798,4,12,0,22.0,30.0,89432.8,63.9,999.0,True,2.45,20.0,0,10,0,False,False,0,DRY,NORMAL,10,0,63.91665461988256,False,0,BRIGHT,CLEAR,10,63.91665461988256,False,False,0,SAFE,SAFE,SAFE,10,0,100,False,0,10,0,12,100,63.91665461988256,False,False,False,False,True,False
20.35,84.08,4759,4,12,0,22.0,30.0,89432.8,62.2,999.0,True,2.45,20.0,0,10,0,False,False,0,DRY,NORMAL,10,0,62.208221508109844,False,0,BRIGHT,CLEAR,10,62.208221508109844,False,False,0,SAFE,SAFE,SAFE,10,0,100,False,0,10,0,12,100,62.208221508109844,False,False,False,False,True,False
20.4,83.38,4720,4,12,0,22.0,30.0,89432.8,60.6,999.0,True,2.45,20.0,0,10,0,False,False,0,DRY,NORMAL,10,0,60.59918576765262,False,0,BRIGHT,CLEAR,10,60.59918576765262,False,False,0,SAFE,SAFE,SAFE,10,0,100,False,0,10,0,12,100,60.59918576765262,False,False,False,False,True,False
20.45,82.69,4680,4,12,0,22.0,30.0,89432.8,59.2,999.0,True,2.45,20.0,0,10,0,False,False,0,DRY,NORMAL,10,0,59.152634429267685,False,0,BRIGHT,CLEAR,10,59.152634429267685,False,False,0,SAFE,SAFE,SAFE,10,0,100,False,0,10,0,12,100,59.152634429267685,False,False,False,False,True,False
20.5,81.99,4641,4,12,0,22.0,30.0,89432.8,57.8,999.0,True,2.45,20.0,0,10,0,False,False,0,DRY,NORMAL,10,0,57.84901792183989,False,0,BRIGHT,CLEAR,10,57.84901792183989,False,False,0,SAFE,SAFE,SAFE,10,0,100,False,0,10,0,12,100,57.84901792183989,False,False,False,False,True,False
20.55,81.3,4602,4,12,0,22.0,30.0,89432.8,56.5,999.0,True,2.45,20.0,0,10,0,False,False,0,DRY,NORMAL,10,0,56.54264918854373,False,0,BRIGHT,CLEAR,10,56.54264918854373,False,False,0,SAFE,SAFE,SAFE,10,0,100,False,0,10,0,12,100,56.54264918854373,False,False,False,False,True,False
20.6,80.61,4563,4,12,0,22.0,30.0,89432.8,55.4,999.0,True,2.45,20.0,0,10,0,False,False,0,DRY,NORMAL,10,0,55.35399496313821,False,0,BRIGHT,CLEAR,10,55.35399496313821,False,False,0,SAFE,SAFE,SAFE,10,0,100,False,0,10,0,12,100,55.35399496313821,False,False,False,False,True,False
20.65,79.79,4516,4,12,0,22.0,30.0,89432.8,54.3,999.0,True,2.45,20.0,0,10,0,False,False,0,DRY,NORMAL,10,0,54.283758174052835,False,0,BRIGHT,CLEAR,10,54.283758174052835,False,False,0,SAFE,SAFE,SAFE,10,0,100,False,0,10,0,12,100,54.283758174052835,False,False,False,False,True,False
20.7,78.84,4462,4,12,0,22.0,30.0,89432.8,53.3,999.0,True,2.45,20.0,0,10,0,False,False,0,DRY,NORMAL,10,0,53.287975053526985,False,0,BRIGHT,CLEAR,10,53.287975053526985,False,False,0,SAFE,SAFE,SAFE,10,0,100,False,0,10,0,12,100,53.287975053526985,False,False,False,False,True,False
20.75,77.89,4408,4,12,0,22.0,30.0,89432.8,52.3,999.0,True,2.45,20.0,0,10,0,False,False,0,DRY,NORMAL,10,0,52.32825661577496,False,0,BRIGHT,CLEAR,10,52.32825661577496,False,False,0,SAFE,SAFE,SAFE,10,0,100,False,0,10,0,12,100,52.32825661577496,False,False,False,False,True,False
20.8,76.93,4355,4,12,0,22.0,30.0,89432.8,51.5,999.0,True,2.45,20.0,0,10,0,False,False,0,DRY,NORMAL,10,0,51.474210029474555,False,0,BRIGHT,CLEAR,10,51.474210029474555,False,False,0,SAFE,SAFE,SAFE,10,0,100,False,0,10,0,12,100,51.474210029474555,False,False,False,False,True,False
20.85,75.98,4301,4,12,0,22.0,30.0,89432.8,50.7,999.0,True,2.45,20.0,0,10,0,False,False,0,DRY,NORMAL,10,0,50.71795415275782,False,0,BRIGHT,CLEAR,10,50.71795415275782,False,False,0,SAFE,SAFE,SAFE,10,0,100,False,0,10,0,12,100,50.71795415275782,False,False,False,False,True,False
20.9,75.03,4247,4,12,0,22.0,30.0,89432.8,50.0,999.0,True,2.45,20.0,0,10,0,False,False,0,DRY,NORMAL,10,0,50.03934327958217,False,0,BRIGHT,CLEAR,10,50.03934327958217,False,False,0,SAFE,SAFE,SAFE,10,0,100,False,0,10,0,12,100,50.03934327958217,False,False,False,False,True,False
20.95,74.26,4203,4,12,0,22.0,30.0,89432.8,49.4,999.0,True,2.45,20.0,0,10,0,False,False,0,DRY,NORMAL,10,0,49.354465020536985,False,0,BRIGHT,CLEAR,10,49.354465020536985,False,False,0,SAFE,SAFE,SAFE,10,0,100,False,0,10,0,12,100,49.354465020536985,False,False,False,False,True,False
21.0,73.57,4164,4,12,0,22.0,30.0,91104.1,48.8,999.0,True,2.45,20.0,0,10,0,False,False,0,DRY,NORMAL,10,0,48.81028950960742,False,0,BRIGHT,CLEAR,10,48.81028950960742,False,False,0,SAFE,SAFE,SAFE,10,0,100,False,0,10,0,12,100,48.81028950960742,False,False,False,False,True,False
21.05,72.89,4126,4,12,0,22.0,30.0,91104.1,48.4,999.0,True,2.45,20.0,0,10,0,False,False,0,DRY,NORMAL,10,0,48.37981622953961,False,0,BRIGHT,CLEAR,10,48.37981622953961,False,False,0,SAFE,SAFE,SAFE,10,0,100,False,0,10,0,12,100,48.37981622953961,False,False,False,False,True,False
21.1,72.21,4087,4,12,0,22.0,30.0,91104.1,48.0,999.0,True,2.45,20.0,0,10,0,False,False,0,DRY,NORMAL,10,0,48.01854039089174,False,0,BRIGHT,CLEAR,10,48.01854039089174,False,False,0,SAFE,SAFE,SAFE,10,0,100,False,0,10,0,12,100,48.01854039089174,False,False,False,False,True,False
21.15,71.53,4048,4,12,0,22.0,30.0,91104.1,47.6,999.0,True,2.45,20.0,0,10,0,False,False,0,DRY,NORMAL,10,0,47.64653011024792,False,0,BRIGHT,CLEAR,10,47.64653011024792,False,False,0,SAFE,SAFE,SAFE,10,0,100,False,0,10,0,12,100,47.64653011024792,False,False,False,False,True,False
21.2,70.85,4010,4,12,0,22.0,30.0,91104.1,47.4,999.0,True,2.45,20.0,0,10,0,False,False,0,DRY,NORMAL,10,0,47.35248513248592,False,0,BRIGHT,CLEAR,10,47.35248513248592,False,False,0,SAFE,SAFE,SAFE,10,0,100,False,0,10,0,12,100,47.35248513248592,False,False,False,False,True,False
21.25,70.17,3972,4,12,0,22.0,30.0,91104.1,47.1,999.0,True,2.45,20.0,0,10,0,False,False,0,DRY,NORMAL,10,0,47.13356835599061,False,0,BRIGHT,CLEAR,10,47.13356835599061,False,False,0,SAFE,SAFE,SAFE,10,0,100,False,0,10,0,12,100,47.13356835599061,False,False,False,False,True,False
21.3,69.49,3933,4,12,0,22.0,30.0,91104.1,47.0,999.0,True,2.45,20.0,0,10,0,False,False,0,DRY,NORMAL,10,0,46.978640661290974,False,0,BRIGHT,CLEAR,10,46.978640661290974,False,False,0,SAFE,SAFE,SAFE,10,0,100,False,0,10,0,12,100,46.978640661290974,False,False,False,False,True,False
21.35,68.82,3895,4,12,0,22.0,30.0,91104.1,46.8,999.0,True,2.45,20.0,0,10,0,False,False,0,DRY,NORMAL,10,0,46.80145572122595,False,0,BRIGHT,CLEAR,10,46.80145572122595,False,False,0,SAFE,SAFE,SAFE,10,0,100,False,0,10,0,12,100,46.80145572122595,False,False,False,False,True,False
21.4,68.15,3857,4,12,0,22.0,30.0,91104.1,46.7,999.0,True,2.45,20.0,0,10,0,False,False,0,DRY,NORMAL,10,0,46.69448551744549,False,0,BRIGHT,CLEAR,10,46.69448551744549,False,False,0,SAFE,SAFE,SAFE,10,0,100,False,0,10,0,12,100,46.69448551744549,False,False,False,False,True,False
21.45,67.47,3819,4,12,0,22.0,30.0,91104.1,46.7,999.0,True,2.45,20.0,0,10,0,False,False,0,DRY,NORMAL,10,0,46.657967267552635,False,0,BRIGHT,CLEAR,10,46.657967267552635,False,False,0,SAFE,SAFE,SAFE,10,0,100,False,0,10,0,12,100,46.657967267552635,False,False,False,False,True,False
21.5,66.8,3781,4,12,0,22.0,30.0,91104.1,46.7,999.0,True,2.45,20.0,0,10,0,False,False,0,DRY,NORMAL,10,0,46.69269668609508,False,0,BRIGHT,CLEAR,10,46.69269668609508,False,False,0,SAFE,SAFE,SAFE,10,0,100,False,0,10,0,12,100,46.69269668609508,False,False,False,False,True,False
21.55,66.14,3743,4,12,0,22.0,30.0,91104.1,46.7,999.0,True,2.45,20.0,0,10,0,False,False,0,DRY,NORMAL,10,0,46.709893679879286,False,0,BRIGHT,CLEAR,10,46.709893679879286,False,False,0,SAFE,SAFE,SAFE,10,0,100,False,0,10,0,12,100,46.709893679879286,False,False,False,False,True,False
21.6,65.47,3706,4,12,0,22.0,30.0,91104.1,46.8,999.0,True,2.45,20.0,0,10,0,False,False,0,DRY,NORMAL,10,0,46.782698276191844,False,0,BRIGHT,CLEAR,10,46.782698276191844,False,False,0,SAFE,SAFE,SAFE,10,0,100,False,0,10,0,12,100,46.782698276191844,False,False,False,False,True,False
21.65,64.81,3668,4,12,0,22.0,30.0,91104.1,46.9,999.0,True,2.45,20.0,0,10,0,False,False,0,DRY,NORMAL,10,0,46.927798471656274,False,0,BRIGHT,CLEAR,10,46.927798471656274,False,False,0,SAFE,SAFE,SAFE,10,0,100,False,0,10,0,12,100,46.927798471656274,False,False,False,False,True,False
21.7,64.15,3631,4,12,0,22.0,30.0,91104.1,47.1,999.0,True,2.45,20.0,0,10,0,False,False,0,DRY,NORMAL,10,0,47.147746742849115,False,0,BRIGHT,CLEAR,10,47.147746742849115,False,False,0,SAFE,SAFE,SAFE,10,0,100,False,0,10,0,12,100,47.147746742849115,False,False,False,False,True,False
21.75,63.49,3593,4,12,0,22.0,30.0,91104.1,47.4,999.0,True,2.45,20.0,0,10,0,False,False,0,DRY,NORMAL,10,0,47.40025422354736,False,0,BRIGHT,CLEAR,10,47.40025422354736,False,False,0,SAFE,SAFE,SAFE,10,0,100,False,0,10,0,12,100,47.40025422354736,False,False,False,False,True,False
21.8,62.83,3556,4,12,0,22.0,30.0,91104.1,47.7,999.0,True,2.45,20.0,0,10,0,False,False,0,DRY,NORMAL,10,0,47.6613014698256,False,0,BRIGHT,CLEAR,10,47.6613014698256,False,False,0,SAFE,SAFE,SAFE,10,0,100,False,0,10,0,12,100,47.6613014698256,False,False,False,False,True,False
21.85,62.17,3519,4,12,0,22.0,30.0,91104.1,48.0,999.0,True,2.45,20.0,0,10,0,False,False,0,DRY,NORMAL,10,0,48.00078406843348,False,0,BRIGHT,CLEAR,10,48.00078406843348,False,False,0,SAFE,SAFE,SAFE,10,0,100,False,0,10,0,12,100,48.00078406843348,False,False,False,False,True,False
21.9,61.71,3493,4,12,0,22.0,30.0,91104.1,48.4,999.0,True,2.45,20.0,0,10,0,False,False,0,DRY,NORMAL,10,0,48.42319971804645,False,0,BRIGHT,CLEAR,10,48.42319971804645,False,False,0,SAFE,SAFE,SAFE,10,0,100,False,0,10,0,12,100,48.42319971804645,False,False,False,False,True,False
21.95,61.32,3471,4,12,0,22.0,30.0,91104.1,49.0,999.0,True,2.45,20.0,0,10,0,False,False,0,DRY,NORMAL,10,0,49.04677406067773,False,0,BRIGHT,CLEAR,10,49.04677406067773,False,False,0,SAFE,SAFE,SAFE,10,0,100,False,0,10,0,12,100,49.04677406067773,False,False,False,False,True,False
22.0,60.94,3449,4,12,0,22.0,30.0,91104.1,49.7,999.0,True,2.45,20.0,0,10,0,False,False,0,DRY,NORMAL,10,0,49.706175530276965,False,0,BRIGHT,CLEAR,10,49.706175530276965,False,False,0,SAFE,SAFE,SAFE,10,0,100,False,0,10,0,12,100,49.706175530276965,False,False,False,False,True,False
22.05,60.56,3427,4,12,0,22.0,30.0,91104.1,50.4,999.0,True,2.45,20.0,0,10,0,False,False,0,DRY,NORMAL,10,0,50.444223004288425,False,0,BRIGHT,CLEAR,10,50.444223004288425,False,False,0,SAFE,SAFE,SAFE,10,0,100,False,0,10,0,12,100,50.444223004288425,False,False,False,False,True,False
22.1,60.18,3406,4,12,0,22.0,30.0,91104.1,51.3,999.0,True,2.45,20.0,0,10,0,False,False,0,DRY,NORMAL,10,0,51.294372158409374,False,0,BRIGHT,CLEAR,10,51.294372158409374,False,False,0,SAFE,SAFE,SAFE,10,0,100,False,0,10,0,12,100,51.294372158409374,False,False,False,False,True,False
22.15,59.8,3385,4,12,0,22.0,30.0,91104.1,52.3,999.0,True,2.45,20.0,0,10,0,False,False,0,DRY,NORMAL,10,0,52.265525973439416,False,0,BRIGHT,CLEAR,10,52.265525973439416,False,False,0,SAFE,SAFE,SAFE,10,0,100,False,0,10,0,12,100,52.265525973439416,False,False,False,False,True,False
22.2,59.43,3364,4,12,0,22.0,30.0,91104.1,53.3,999.0,True,2.45,20.0,0,10,0,False,False,0,DRY,NORMAL,10,0,53.28726233418624,False,0,BRIGHT,CLEAR,10,53.28726233418624,False,False,0,SAFE,SAFE,SAFE,10,0,100,False,0,10,0,12,100,53.28726233418624,False,False,False,False,True,False
22.25,59.06,3343,4,12,0,22.0,30.0,91104.1,54.3,999.0,True,2.45,20.0,0,10,0,False,False,0,DRY,NORMAL,10,0,54.32052454127809,False,0,BRIGHT,CLEAR,10,54.32052454127809,False,False,0,SAFE,SAFE,SAFE,10,0,100,False,0,10,0,12,100,54.32052454127809,False,False,False,False,True,False
22.3,58.85,3331,4,12,0,22.0,30.0,91104.1,55.5,999.0,True,2.45,20.0,0,10,0,False,False,0,DRY,NORMAL,10,0,55.47938635817709,False,0,BRIGHT,CLEAR,10,55.47938635817709,False,False,0,SAFE,SAFE,SAFE,10,0,100,False,0,10,0,12,100,55.47938635817709,False,False,False,False,True,False
22.35,58.69,3322,4,12,0,22.0,30.0,91104.1,56.9,999.0,True,2.45,20.0,0,10,0,False,False,0,DRY,NORMAL,10,0,56.916566105084435,False,0,BRIGHT,CLEAR,10,56.916566105084435,False,False,0,SAFE,SAFE,SAFE,10,0,100,False,0,10,0,12,100,56.916566105084435,False,False,False,False,True,False
22.4,58.54,3313,4,12,0,22.0,30.0,91104.1,58.6,999.0,True,2.45,20.0,0,10,0,False,False,0,DRY,NORMAL,10,0,58.56078983574988,False,0,BRIGHT,CLEAR,10,58.56078983574988,False,False,0,SAFE,SAFE,SAFE,10,0,100,False,0,10,0,12,100,58.56078983574988,False,False,False,False,True,False
22.45,58.39,3305,4,12,0,22.0,30.0,91104.1,60.1,999.0,True,2.45,20.0,0,10,0,False,False,0,DRY,NORMAL,10,0,60.11622819846432,False,0,BRIGHT,CLEAR,10,60.11622819846432,False,False,0,SAFE,SAFE,SAFE,10,0,100,False,0,10,0,12,100,60.11622819846432,False,False,False,False,True,False
22.5,58.29,3299,4,12,0,22.0,30.0,92532.5,61.9,999.0,True,2.45,20.0,0,10,0,False,False,0,DRY,NORMAL,10,0,61.851747641008814,False,0,BRIGHT,CLEAR,10,61.851747641008814,False,False,0,SAFE,SAFE,SAFE,10,0,100,False,0,10,0,12,100,61.851747641008814,False,False,False,False,True,False
22.55,58.25,3297,4,12,0,22.0,30.0,92532.5,63.8,999.0,True,2.45,20.0,0,10,0,False,False,0,DRY,NORMAL,10,0,63.820553226979136,False,0,BRIGHT,CLEAR,10,63.820553226979136,False,False,0,SAFE,SAFE,SAFE,10,0,100,False,0,10,0,12,100,63.820553226979136,False,False,False,False,True,False
22.6,58.29,3299,4,12,0,22.0,30.0,92532.5,66.1,999.0,True,2.45,20.0,0,10,0,False,False,0,DRY,NORMAL,10,0,66.08187954438029,False,0,BRIGHT,CLEAR,10,66.08187954438029,False,False,0,SAFE,SAFE,SAFE,10,0,100,False,0,10,0,12,100,66.08187954438029,False,False,False,False,True,False
22.65,58.39,3305,4,12,0,22.0,30.0,92532.5,68.3,999.0,True,2.45,20.0,0,10,0,False,False,0,DRY,NORMAL,10,0,68.28507893399643,False,0,BRIGHT,CLEAR,10,68.28507893399643,False,False,0,SAFE,SAFE,SAFE,10,0,100,False,0,10,0,12,100,68.28507893399643,False,False,False,False,True,False
22.7,58.53,3313,4,12,0,22.0,30.0,92532.5,70.7,999.0,True,2.45,20.0,0,10,0,False,False,0,DRY,NORMAL,10,0,70.7235425777466,False,0,BRIGHT,CLEAR,10,70.7235425777466,False,False,0,SAFE,SAFE,SAFE,10,0,100,False,0,10,0,12,100,70.7235425777466,False,False,False,False,True,False
22.75,58.72,3323,4,12,0,22.0,30.0,92532.5,73.5,999.0,True,2.45,20.0,0,10,0,False,False,0,DRY,NORMAL,10,0,73.48299326373842,False,0,BRIGHT,CLEAR,10,73.48299326373842,False,False,0,SAFE,SAFE,SAFE,10,0,100,False,0,10,0,12,100,73.48299326373842,False,False,False,False,True,False
22.8,58.92,3335,4,12,0,22.0,30.0,92532.5,76.6,999.0,True,2.45,20.0,0,10,0,False,False,0,DRY,NORMAL,10,0,76.59937736387546,False,0,BRIGHT,CLEAR,10,76.59937736387546,False,False,0,SAFE,SAFE,SAFE,10,0,100,False,0,10,0,12,100,76.59937736387546,False,False,False,False,True,False
22.85,59.15,3348,4,12,0,22.0,30.0,92532.5,79.4,999.0,True,2.45,20.0,0,10,0,False,False,0,DRY,NORMAL,10,0,79.35265371462123,False,0,BRIGHT,CLEAR,10,79.35265371462123,False,False,0,SAFE,SAFE,SAFE,10,0,100,False,0,10,0,12,100,79.35265371462123,False,False,False,False,True,False
22.9,59.39,3361,4,12,0,22.0,30.0,92532.5,82.4,999.0,True,2.45,20.0,0,10,0,False,False,0,DRY,NORMAL,10,0,82.37181879309628,False,0,BRIGHT,CLEAR,10,82.37181879309628,False,False,0,SAFE,SAFE,SAFE,10,0,100,False,0,10,0,12,100,82.37181879309628,False,False,False,False,True,False
22.95,59.64,3376,4,12,0,22.0,30.0,92532.5,83.6,999.0,True,2.45,20.0,0,10,0,False,False,0,DRY,NORMAL,10,0,83.59986193240007,False,0,BRIGHT,CLEAR,10,83.59986193240007,False,False,0,SAFE,SAFE,SAFE,10,0,100,False,0,10,0,12,100,83.59986193240007,False,False,False,False,True,False
23.0,59.9,3390,4,12,0,22.0,30.0,92532.5,83.6,999.0,True,2.45,20.0,0,10,0,False,False,0,DRY,NORMAL,10,0,83.59986193240007,False,0,BRIGHT,CLEAR,10,83.59986193240007,False,False,0,SAFE,SAFE,SAFE,10,0,100,False,0,10,0,12,100,83.59986193240007,False,False,False,False,True,False
23.05,60.16,3405,4,12,0,22.0,30.0,92532.5,83.6,999.0,True,2.45,20.0,0,10,0,False,False,0,DRY,NORMAL,10,0,83.5998763968101,False,0,BRIGHT,CLEAR,10,83.5998763968101,False,False,0,SAFE,SAFE,SAFE,10,0,100,False,0,10,0,12,100,83.5998763968101,False,False,False,False,True,False
23.1,60.44,3421,4,12,0,22.0,30.0,92532.5,83.6,999.0,True,2.45,20.0,0,10,0,False,False,0,DRY,NORMAL,10,0,83.5998763968101,False,0,BRIGHT,CLEAR,10,83.5998763968101,False,False,0,SAFE,SAFE,SAFE,10,0,100,False,0,10,0,12,100,83.5998763968101,False,False,False,False,True,False
23.15,60.71,3436,4,12,0,22.0,30.0,92532.5,83.6,999.0,True,2.45,20.0,0,10,0,False,False,0,DRY,NORMAL,10,0,83.5998763968101,False,0,BRIGHT,CLEAR,10,83.5998763968101,False,False,0,SAFE,SAFE,SAFE,10,0,100,False,0,10,0,12,100,83.5998763968101,False,False,False,False,True,False
23.2,60.99,3452,4,12,0,22.0,30.0,92532.5,83.6,999.0,True,2.45,20.0,0,10,0,False,False,0,DRY,NORMAL,10,0,83.5998763968101,False,0,BRIGHT,CLEAR,10,83.5998763968101,False,False,0,SAFE,SAFE,SAFE,10,0,100,False,0,10,0,12,100,83.5998763968101,False,False,False,False,True,False
23.25,61.27,3468,4,12,0,22.0,30.0,92532.5,83.6,999.0,True,2.45,20.0,0,10,0,False,False,0,DRY,NORMAL,10,0,83.59986718566309,False,0,BRIGHT,CLEAR,10,83.59986718566309,False,False,0,SAFE,SAFE,SAFE,10,0,100,False,0,10,0,12,100,83.59986718566309,False,False,False,False,True,False
23.3,61.56,3484,4,12,0,22.0,30.0,92532.5,83.6,999.0,True,2.45,20.0,0,10,0,False,False,0,DRY,NORMAL,10,0,83.59986675372471,False,0,BRIGHT,CLEAR,10,83.59986675372471,False,False,0,SAFE,SAFE,SAFE,10,0,100,False,0,10,0,12,100,83.59986675372471,False,False,False,False,True,False
23.35,61.84,3500,4,12,0,22.0,30.0,92532.5,83.6,999.0,True,2.45,20.0,0,10,0,False,False,0,DRY,NORMAL,10,0,83.59986675372471,False,0,BRIGHT,CLEAR,10,83.59986675372471,False,False,0,SAFE,SAFE,SAFE,10,0,100,False,0,10,0,12,100,83.59986675372471,False,False,False,False,True,False
23.4,62.13,3517,4,12,0,22.0,30.0,92532.5,83.6,999.0,True,2.45,20.0,0,10,0,False,False,0,DRY,NORMAL,10,0,83.59986675372471,False,0,BRIGHT,CLEAR,10,83.59986675372471,False,False,0,SAFE,SAFE,SAFE,10,0,100,False,0,10,0,12,100,83.59986675372471,False,False,False,False,True,False
23.45,62.42,3533,4,12,0,22.0,30.0,92532.5,83.6,999.0,True,2.45,20.0,0,10,0,False,False,0,DRY,NORMAL,10,0,83.59985479984175,False,0,BRIGHT,CLEAR,10,83.59985479984175,False,False,0,SAFE,SAFE,SAFE,10,0,100,False,0,10,0,12,100,83.59985479984175,False,False,False,False,True,False
23.5,62.71,3550,4,12,0,22.0,30.0,92532.5,83.6,999.0,True,2.45,20.0,0,10,0,False,False,0,DRY,NORMAL,10,0,83.59985479984175,False,0,BRIGHT,CLEAR,10,83.59985479984175,False,False,0,SAFE,SAFE,SAFE,10,0,100,False,0,10,0,12,100,83.59985479984175,False,False,False,False,True,False
23.55,63.01,3566,4,12,0,22.0,30.0,92532.5,83.6,999.0,True,2.45,20.0,0,10,0,False,False,0,DRY,NORMAL,10,0,83.59985479984175,False,0,BRIGHT,CLEAR,10,83.59985479984175,False,False,0,SAFE,SAFE,SAFE,10,0,100,False,0,10,0,12,100,83.59985479984175,False,False,False,False,True,False
23.6,63.3,3583,4,12,0,22.0,30.0,92532.5,83.6,999.0,True,2.45,20.0,0,10,0,False,False,0,DRY,NORMAL,10,0,83.59985479984175,False,0,BRIGHT,CLEAR,10,83.59985479984175,False,False,0,SAFE,SAFE,SAFE,10,0,100,False,0,10,0,12,100,83.59985479984175,False,False,False,False,True,False
23.65,63.6,3600,4,12,0,22.0,30.0,92532.5,83.6,999.0,True,2.45,20.0,0,10,0,False,False,0,DRY,NORMAL,10,0,83.59987148773739,False,0,BRIGHT,CLEAR,10,83.59987148773739,False,False,0,SAFE,SAFE,SAFE,10,0,100,False,0,10,0,12,100,83.59987148773739,False,False,False,False,True,False
23.7,63.9,3617,4,12,0,22.0,30.0,92532.5,83.6,999.0,True,2.45,20.0,0,10,0,False,False,0,DRY,NORMAL,10,0,83.59987148773739,False,0,BRIGHT,CLEAR,10,83.59987148773739,False,False,0,SAFE,SAFE,SAFE,10,0,100,False,0,10,0,12,100,83.59987148773739,False,False,False,False,True,False
23.75,64.2,3634,4,12,0,22.0,30.0,92532.5,83.6,999.0,True,2.45,20.0,0,10,0,False,False,0,DRY,NORMAL,10,0,83.59987148773739,False,0,BRIGHT,CLEAR,10,83.59987148773739,False,False,0,SAFE,SAFE,SAFE,10,0,100,False,0,10,0,12,100,83.59987148773739,False,False,False,False,True,False
23.8,64.5,3651,4,12,0,22.0,30.0,92532.5,83.6,999.0,True,2.45,20.0,0,10,0,False,False,0,DRY,NORMAL,10,0,83.59987148773739,False,0,BRIGHT,CLEAR,10,83.59987148773739,False,False,0,SAFE,SAFE,SAFE,10,0,100,False,0,10,0,12,100,83.59987148773739,False,False,False,False,True,False
23.85,64.8,3668,4,12,0,22.0,30.0,92532.5,83.6,999.0,True,2.45,20.0,0,10,0,False,False,0,DRY,NORMAL,10,0,83.5998609956674,False,0,BRIGHT,CLEAR,10,83.5998609956674,False,False,0,SAFE,SAFE,SAFE,10,0,100,False,0,10,0,12,100,83.5998609956674,False,False,False,False,True,False
23.9,65.1,3685,4,12,0,22.0,30.0,92532.5,83.6,999.0,True,2.45,20.0,0,10,0,False,False,0,DRY,NORMAL,10,0,83.5998609956674,False,0,BRIGHT,CLEAR,10,83.5998609956674,False,False,0,SAFE,SAFE,SAFE,10,0,100,False,0,10,0,12,100,83.5998609956674,False,False,False,False,True,False
23.95,65.41,3702,4,12,0,22.0,30.0,92532.5,83.6,999.0,True,2.45,20.0,0,10,0,False,False,0,DRY,NORMAL,10,0,83.59986124750085,False,0,BRIGHT,CLEAR,10,83.59986124750085,False,False,0,SAFE,SAFE,SAFE,10,0,100,False,0,10,0,12,100,83.59986124750085,False,False,False,False,True,False
24.0,65.71,3719,4,12,0,22.0,30.0,93700.5,83.6,999.0,True,2.45,20.0,0,10,0,False,False,0,DRY,NORMAL,10,0,83.59987988479537,False,0,BRIGHT,CLEAR,10,83.59987988479537,False,False,0,SAFE,SAFE,SAFE,10,0,100,False,0,10,0,12,100,83.59987988479537,False,False,False,False,True,False
24.05,66.02,3737,4,12,0,22.0,30.0,93700.5,83.6,999.0,True,2.45,20.0,0,10,0,False,False,0,DRY,NORMAL,10,0,83.59987988479537,False,0,BRIGHT,CLEAR,10,83.59987988479537,False,False,0,SAFE,SAFE,SAFE,10,0,100,False,0,10,0,12,100,83.59987988479537,False,False,False,False,True,False
24.1,66.33,3754,4,12,0,22.0,30.0,93700.5,83.6,999.0,True,2.45,20.0,0,10,0,False,False,0,DRY,NORMAL,10,0,83.59987988479537,False,0,BRIGHT,CLEAR,10,83.59987988479537,False,False,0,SAFE,SAFE,SAFE,10,0,100,False,0,10,0,12,100,83.59987988479537,False,False,False,False,True,False
24.15,66.64,3772,4,12,0,22.0,30.0,93700.5,83.6,999.0,True,2.45,20.0,0,10,0,False,False,0,DRY,NORMAL,10,0,83.59987988479537,False,0,BRIGHT,CLEAR,10,83.59987988479537,False,False,0,SAFE,SAFE,SAFE,10,0,100,False,0,10,0,12,100,83.59987988479537,False,False,False,False,True,False
24.2,66.95,3790,4,12,0,22.0,30.0,93700.5,83.6,999.0,True,2.45,20.0,0,10,0,False,False,0,DRY,NORMAL,10,0,83.59986557206764,False,0,BRIGHT,CLEAR,10,83.59986557206764,False,False,0,SAFE,SAFE,SAFE,10,0,100,False,0,10,0,12,100,83.59986557206764,False,False,False,False,True,False
24.25,67.26,3807,4,12,0,22.0,30.0,93700.5,83.6,999.0,True,2.45,20.0,0,10,0,False,False,0,DRY,NORMAL,10,0,83.59986557206764,False,0,BRIGHT,CLEAR,10,83.59986557206764,False,False,0,SAFE,SAFE,SAFE,10,0,100,False,0,10,0,12,100,83.59986557206764,False,False,False,False,True,False
24.3,67.58,3825,4,12,0,22.0,30.0,93700.5,83.6,999.0,True,2.45,20.0,0,10,0,False,False,0,DRY,NORMAL,10,0,83.59986557206764,False,0,BRIGHT,CLEAR,10,83.59986557206764,False,False,0,SAFE,SAFE,SAFE,10,0,100,False,0,10,0,12,100,83.59986557206764,False,False,False,False,True,False
24.35,67.89,3843,4,12,0,22.0,30.0,93700.5,83.6,999.0,True,2.45,20.0,0,10,0,False,False,0,DRY,NORMAL,10,0,83.5998723911086,False,0,BRIGHT,CLEAR,10,83.5998723911086,False,False,0,SAFE,SAFE,SAFE,10,0,100,False,0,10,0,12,100,83.5998723911086,False,False,False,False,True,False
24.4,68.21,3861,4,12,0,22.0,30.0,93700.5,83.6,999.0,True,2.45,20.0,0,10,0,False,False,0,DRY,NORMAL,10,0,83.5998723911086,False,0,BRIGHT,CLEAR,10,83.5998723911086,False,False,0,SAFE,SAFE,SAFE,10,0,100,False,0,10,0,12,100,83.5998723911086,False,False,False,False,True,False
24.45,68.53,3879,4,12,0,22.0,30.0,93700.5,82.6,999.0,True,2.45,20.0,0,10,0,False,False,0,DRY,NORMAL,10,0,82.63857142326181,False,0,BRIGHT,CLEAR,10,82.63857142326181,False,False,0,SAFE,SAFE,SAFE,10,0,100,False,0,10,0,12,100,82.63857142326181,False,False,False,False,True,False
24.5,68.85,3897,4,12,0,22.0,30.0,93700.5,81.4,999.0,True,2.45,20.0,0,10,0,False,False,0,DRY,NORMAL,10,0,81.44660513324115,False,0,BRIGHT,CLEAR,10,81.44660513324115,False,False,0,SAFE,SAFE,SAFE,10,0,100,False,0,10,0,12,100,81.44660513324115,False,False,False,False,True,False
24.55,69.17,3915,4,12,0,22.0,30.0,93700.5,80.0,999.0,True,2.45,20.0,0,10,0,False,False,0,DRY,NORMAL,10,0,79.97108547136241,False,0,BRIGHT,CLEAR,10,79.97108547136241,False,False,0,SAFE,SAFE,SAFE,10,0,100,False,0,10,0,12,100,79.97108547136241,False,False,False,False,True,False
24.6,69.49,3933,4,12,0,22.0,30.0,93700.5,78.6,999.0,True,2.45,20.0,0,10,0,False,False,0,DRY,NORMAL,10,0,78.63739719768431,False,0,BRIGHT,CLEAR,10,78.63739719768431,False,False,0,SAFE,SAFE,SAFE,10,0,100,False,0,10,0,12,100,78.63739719768431,False,False,False,False,True,False
24.65,69.81,3951,4,12,0,22.0,30.0,93700.5,77.6,999.0,True,2.45,20.0,0,10,0,False,False,0,DRY,NORMAL,10,0,77.57487635672275,False,0,BRIGHT,CLEAR,10,77.57487635672275,False,False,0,SAFE,SAFE,SAFE,10,0,100,False,0,10,0,12,100,77.57487635672275,False,False,False,False,True,False
24.7,70.14,3970,4,12,0,22.0,30.0,93700.5,76.4,999.0,True,2.45,20.0,0,10,0,False,False,0,DRY,NORMAL,10,0,76.36403121068462,False,0,BRIGHT,CLEAR,10,76.36403121068462,False,False,0,SAFE,SAFE,SAFE,10,0,100,False,0,10,0,12,100,76.36403121068462,False,False,False,False,True,False
24.75,70.46,3988,4,12,0,22.0,30.0,93700.5,75.2,999.0,True,2.45,20.0,0,10,0,False,False,0,DRY,NORMAL,10,0,75.19272123063747,False,0,BRIGHT,CLEAR,10,75.19272123063747,False,False,0,SAFE,SAFE,SAFE,10,0,100,False,0,10,0,12,100,75.19272123063747,False,False,False,False,True,False
24.8,70.79,4007,4,12,0,22.0,30.0,93700.5,74.3,999.0,True,2.45,20.0,0,10,0,False,False,0,DRY,NORMAL,10,0,74.2605991134731,False,0,BRIGHT,CLEAR,10,74.2605991134731,False,False,0,SAFE,SAFE,SAFE,10,0,100,False,0,10,0,12,100,74.2605991134731,False,False,False,False,True,False
24.85,71.12,4025,4,12,0,22.0,30.0,93700.5,73.3,999.0,True,2.45,20.0,0,10,0,False,False,0,DRY,NORMAL,10,0,73.25271769140521,False,0,BRIGHT,CLEAR,10,73.25271769140521,False,False,0,SAFE,SAFE,SAFE,10,0,100,False,0,10,0,12,100,73.25271769140521,False,False,False,False,True,False
24.9,71.44,4044,4,12,0,22.0,30.0,93700.5,72.2,999.0,True,2.45,20.0,0,10,0,False,False,0,DRY,NORMAL,10,0,72.23557137712307,False,0,BRIGHT,CLEAR,10,72.23557137712307,False,False,0,SAFE,SAFE,SAFE,10,0,100,False,0,10,0,12,100,72.23557137712307,False,False,False,False,True,False
24.95,71.77,4063,4,12,0,22.0,30.0,93700.5,71.4,999.0,True,2.45,20.0,0,10,0,False,False,0,DRY,NORMAL,10,0,71.43096992961571,False,0,BRIGHT,CLEAR,10,71.43096992961571,False,False,0,SAFE,SAFE,SAFE,10,0,100,False,0,10,0,12,100,71.43096992961571,False,False,False,False,True,False
25.0,72.08,4080,4,12,0,22.0,30.0,93700.5,70.6,999.0,True,2.45,20.0,0,10,0,False,False,0,DRY,NORMAL,10,0,70.5879122893271,False,0,BRIGHT,CLEAR,10,70.5879122893271,False,False,0,SAFE,SAFE,SAFE,10,0,100,False,0,10,0,12,100,70.5879122893271,False,False,False,False,True,False
25.05,72.28,4091,4,12,0,22.0,30.0,93700.5,69.7,999.0,True,2.45,20.0,0,10,0,False,False,0,DRY,NORMAL,10,0,69.70481630060719,False,0,BRIGHT,CLEAR,10,69.70481630060719,False,False,0,SAFE,SAFE,SAFE,10,0,100,False,0,10,0,12,100,69.70481630060719,False,False,False,False,True,False
25.1,72.32,4093,4,12,0,22.0,30.0,93700.5,69.0,999.0,True,2.45,20.0,0,10,0,False,False,0,DRY,NORMAL,10,0,68.97122127430757,False,0,BRIGHT,CLEAR,10,68.97122127430757,False,False,0,SAFE,SAFE,SAFE,10,0,100,False,0,10,0,12,100,68.97122127430757,False,False,False,False,True,False
25.15,72.27,4090,4,12,0,22.0,30.0,93700.5,68.2,999.0,True,2.45,20.0,0,10,0,False,False,0,DRY,NORMAL,10,0,68.18982316128455,False,0,BRIGHT,CLEAR,10,68.18982316128455,False,False,0,SAFE,SAFE,SAFE,10,0,100,False,0,10,0,12,100,68.18982316128455,False,False,False,False,True,False
25.2,72.16,4084,4,12,0,22.0,30.0,93700.5,67.3,999.0,True,2.45,20.0,0,10,0,False,False,0,DRY,NORMAL,10,0,67.30619978309778,False,0,BRIGHT,CLEAR,10,67.30619978309778,False,False,0,SAFE,SAFE,SAFE,10,0,100,False,0,10,0,12,100,67.30619978309778,False,False,False,False,True,False
25.25,72.01,4076,4,12,0,22.0,30.0,93700.5,66.6,999.0,True,2.45,20.0,0,10,0,False,False,0,DRY,NORMAL,10,0,66.5547800440555,False,0,BRIGHT,CLEAR,10,66.5547800440555,False,False,0,SAFE,SAFE,SAFE,10,0,100,False,0,10,0,12,100,66.5547800440555,False,False,False,False,True,False
25.3,71.73,4060,4,12,0,22.0,30.0,93700.5,65.9,999.0,True,2.45,20.0,0,10,0,False,False,0,DRY,NORMAL,10,0,65.910365422249,False,0,BRIGHT,CLEAR,10,65.910365422249,False,False,0,SAFE,SAFE,SAFE,10,0,100,False,0,10,0,12,100,65.910365422249,False,False,False,False,True,False
25.35,71.35,4038,4,12,0,22.0,30.0,93700.5,65.1,999.0,True,2.45,20.0,0,10,0,False,False,0,DRY,NORMAL,10,0,65.0537944764233,False,0,BRIGHT,CLEAR,10,65.0537944764233,False,False,0,SAFE,SAFE,SAFE,10,0,100,False,0,10,0,12,100,65.0537944764233,False,False,False,False,True,False
25.4,70.96,4017,4,12,0,22.0,30.0,93700.5,64.3,999.0,True,2.45,20.0,0,10,0,False,False,0,DRY,NORMAL,10,0,64.30562817324052,False,0,BRIGHT,CLEAR,10,64.30562817324052,False,False,0,SAFE,SAFE,SAFE,10,0,100,False,0,10,0,12,100,64.30562817324052,False,False,False,False,True,False
25.45,70.57,3995,4,12,0,22.0,30.0,93700.5,63.7,999.0,True,2.45,20.0,0,10,0,False,False,0,DRY,NORMAL,10,0,63.67993952833177,False,0,BRIGHT,CLEAR,10,63.67993952833177,False,False,0,SAFE,SAFE,SAFE,10,0,100,False,0,10,0,12,100,63.67993952833177,False,False,False,False,True,False
25.5,70.18,3972,4,12,0,22.0,30.0,94602.1,63.1,999.0,True,2.45,20.0,0,10,0,False,False,0,DRY,NORMAL,10,0,63.053412292688755,False,0,BRIGHT,CLEAR,10,63.053412292688755,False,False,0,SAFE,SAFE,SAFE,10,0,100,False,0,10,0,12,100,63.053412292688755,False,False,False,False,True,False
25.55,69.79,3950,4,12,0,22.0,30.0,94602.1,62.4,999.0,True,2.45,20.0,0,10,0,False,False,0,DRY,NORMAL,10,0,62.39403830187103,False,0,BRIGHT,CLEAR,10,62.39403830187103,False,False,0,SAFE,SAFE,SAFE,10,0,100,False,0,10,0,12,100,62.39403830187103,False,False,False,False,True,False
25.6,69.4,3928,4,12,0,22.0,30.0,94602.1,61.9,999.0,True,2.45,20.0,0,10,0,False,False,0,DRY,NORMAL,10,0,61.85613100518906,False,0,BRIGHT,CLEAR,10,61.85613100518906,False,False,0,SAFE,SAFE,SAFE,10,0,100,False,0,10,0,12,100,61.85613100518906,False,False,False,False,True,False
25.65,69.01,3906,4,12,0,22.0,30.0,94602.1,61.4,999.0,True,2.45,20.0,0,10,0,False,False,0,DRY,NORMAL,10,0,61.43456225261745,False,0,BRIGHT,CLEAR,10,61.43456225261745,False,False,0,SAFE,SAFE,SAFE,10,0,100,False,0,10,0,12,100,61.43456225261745,False,False,False,False,True,False
25.7,68.62,3884,4,12,0,22.0,30.0,94602.1,61.0,999.0,True,2.45,20.0,0,10,0,False,False,0,DRY,NORMAL,10,0,60.95567965549663,False,0,BRIGHT,CLEAR,10,60.95567965549663,False,False,0,SAFE,SAFE,SAFE,10,0,100,False,0,10,0,12,100,60.95567965549663,False,False,False,False,True,False
25.75,68.23,3862,4,12,0,22.0,30.0,94602.1,60.5,999.0,True,2.45,20.0,0,10,0,False,False,0,DRY,NORMAL,10,0,60.50808162366194,False,0,BRIGHT,CLEAR,10,60.50808162366194,False,False,0,SAFE,SAFE,SAFE,10,0,100,False,0,10,0,12,100,60.50808162366194,False,False,False,False,True,False
25.8,67.84,3840,4,12,0,22.0,30.0,94602.1,60.2,999.0,True,2.45,20.0,0,10,0,False,False,0,DRY,NORMAL,10,0,60.17396496619358,False,0,BRIGHT,CLEAR,10,60.17396496619358,False,False,0,SAFE,SAFE,SAFE,10,0,100,False,0,10,0,12,100,60.17396496619358,False,False,False,False,True,False
25.85,67.45,3818,4,12,0,22.0,30.0,94602.1,59.9,999.0,True,2.45,20.0,0,10,0,False,False,0,DRY,NORMAL,10,0,59.948454814251065,False,0,BRIGHT,CLEAR,10,59.948454814251065,False,False,0,SAFE,SAFE,SAFE,10,0,100,False,0,10,0,12,100,59.948454814251065,False,False,False,False,True,False
25.9,67.07,3796,4,12,0,22.0,30.0,94602.1,59.6,999.0,True,2.45,20.0,0,10,0,False,False,0,DRY,NORMAL,10,0,59.62903082824491,False,0,BRIGHT,CLEAR,10,59.62903082824491,False,False,0,SAFE,SAFE,SAFE,10,0,100,False,0,10,0,12,100,59.62903082824491,False,False,False,False,True,False
25.95,66.68,3774,4,12,0,22.0,30.0,94602.1,59.4,999.0,True,2.45,20.0,0,10,0,False,False,0,DRY,NORMAL,10,0,59.37277349545652,False,0,BRIGHT,CLEAR,10,59.37277349545652,False,False,0,SAFE,SAFE,SAFE,10,0,100,False,0,10,0,12,100,59.37277349545652,False,False,False,False,True,False
26.0,66.3,3752,4,12,0,22.0,30.0,94602.1,59.2,999.0,True,2.45,20.0,0,10,0,False,False,0,DRY,NORMAL,10,0,59.221507813027024,False,0,BRIGHT,CLEAR,10,59.221507813027024,False,False,0,SAFE,SAFE,SAFE,10,0,100,False,0,10,0,12,100,59.221507813027024,False,False,False,False,True,False
26.05,65.91,3731,4,12,0,22.0,30.0,94602.1,59.2,999.0,True,2.45,20.0,0,10,0,False,False,0,DRY,NORMAL,10,0,59.174335548131346,False,0,BRIGHT,CLEAR,10,59.174335548131346,False,False,0,SAFE,SAFE,SAFE,10,0,100,False,0,10,0,12,100,59.174335548131346,False,False,False,False,True,False
26.1,65.53,3709,4,12,0,22.0,30.0,94602.1,59.0,999.0,True,2.45,20.0,0,10,0,False,False,0,DRY,NORMAL,10,0,59.01604574015078,False,0,BRIGHT,CLEAR,10,59.01604574015078,False,False,0,SAFE,SAFE,SAFE,10,0,100,False,0,10,0,12,100,59.01604574015078,False,False,False,False,True,False
26.15,65.15,3687,4,12,0,22.0,30.0,94602.1,58.9,999.0,True,2.45,20.0,0,10,0,False,False,0,DRY,NORMAL,10,0,58.92938544912832,False,0,BRIGHT,CLEAR,10,58.92938544912832,False,False,0,SAFE,SAFE,SAFE,10,0,100,False,0,10,0,12,100,58.92938544912832,False,False,False,False,True,False
26.2,64.76,3666,4,12,0,22.0,30.0,94602.1,58.9,999.0,True,2.45,20.0,0,10,0,False,False,0,DRY,NORMAL,10,0,58.94295927805612,False,0,BRIGHT,CLEAR,10,58.94295927805612,False,False,0,SAFE,SAFE,SAFE,10,0,100,False,0,10,0,12,100,58.94295927805612,False,False,False,False,True,False
26.25,64.38,3644,4,12,0,22.0,30.0,94602.1,59.1,999.0,True,2.45,20.0,0,10,0,False,False,0,DRY,NORMAL,10,0,59.055358056091116,False,0,BRIGHT,CLEAR,10,59.055358056091116,False,False,0,SAFE,SAFE,SAFE,10,0,100,False,0,10,0,12,100,59.055358056091116,False,False,False,False,True,False
26.3,64.0,3623,4,12,0,22.0,30.0,94602.1,59.1,999.0,True,2.45,20.0,0,10,0,False,False,0,DRY,NORMAL,10,0,59.063079741653496,False,0,BRIGHT,CLEAR,10,59.063079741653496,False,False,0,SAFE,SAFE,SAFE,10,0,100,False,0,10,0,12,100,59.063079741653496,False,False,False,False,True,False
26.35,63.79,3610,4,12,0,22.0,30.0,94602.1,59.1,999.0,True,2.45,20.0,0,10,0,False,False,0,DRY,NORMAL,10,0,59.126717175544634,False,0,BRIGHT,CLEAR,10,59.126717175544634,False,False,0,SAFE,SAFE,SAFE,10,0,100,False,0,10,0,12,100,59.126717175544634,False,False,False,False,True,False
26.4,63.62,3601,4,12,0,22.0,30.0,94602.1,59.4,999.0,True,2.45,20.0,0,10,0,False,False,0,DRY,NORMAL,10,0,59.37042705478658,False,0,BRIGHT,CLEAR,10,59.37042705478658,False,False,0,SAFE,SAFE,SAFE,10,0,100,False,0,10,0,12,100,59.37042705478658,False,False,False,False,True,False
26.45,63.45,3591,4,12,0,22.0,30.0,94602.1,59.7,999.0,True,2.45,20.0,0,10,0,False,False,0,DRY,NORMAL,10,0,59.74793834359284,False,0,BRIGHT,CLEAR,10,59.74793834359284,False,False,0,SAFE,SAFE,SAFE,10,0,100,False,0,10,0,12,100,59.74793834359284,False,False,False,False,True,False
26.5,63.29,3582,4,12,0,22.0,30.0,94602.1,60.0,999.0,True,2.45,20.0,0,10,0,False,False,0,DRY,NORMAL,10,0,60.004330996145455,False,0,BRIGHT,CLEAR,10,60.004330996145455,False,False,0,SAFE,SAFE,SAFE,10,0,100,False,0,10,0,12,100,60.004330996145455,False,False,False,False,True,False
26.55,63.12,3573,4,12,0,22.0,30.0,94602.1,60.3,999.0,True,2.45,20.0,0,10,0,False,False,0,DRY,NORMAL,10,0,60.31614516366618,False,0,BRIGHT,CLEAR,10,60.31614516366618,False,False,0,SAFE,SAFE,SAFE,10,0,100,False,0,10,0,12,100,60.31614516366618,False,False,False,False,True,False
26.6,62.96,3564,4,12,0,22.0,30.0,94602.1,60.7,999.0,True,2.45,20.0,0,10,0,False,False,0,DRY,NORMAL,10,0,60.72943587915909,False,0,BRIGHT,CLEAR,10,60.72943587915909,False,False,0,SAFE,SAFE,SAFE,10,0,100,False,0,10,0,12,100,60.72943587915909,False,False,False,False,True,False
26.65,62.8,3554,4,12,0,22.0,30.0,94602.1,61.2,999.0,True,2.45,20.0,0,10,0,False,False,0,DRY,NORMAL,10,0,61.249411139629544,False,0,BRIGHT,CLEAR,10,61.249411139629544,False,False,0,SAFE,SAFE,SAFE,10,0,100,False,0,10,0,12,100,61.249411139629544,False,False,False,False,True,False
26.7,62.64,3545,4,12,0,22.0,30.0,94602.1,61.6,999.0,True,2.45,20.0,0,10,0,False,False,0,DRY,NORMAL,10,0,61.60012110632342,False,0,BRIGHT,CLEAR,10,61.60012110632342,False,False,0,SAFE,SAFE,SAFE,10,0,100,False,0,10,0,12,100,61.60012110632342,False,False,False,False,True,False
26.75,62.48,3536,4,12,0,22.0,30.0,94602.1,62.0,999.0,True,2.45,20.0,0,10,0,False,False,0,DRY,NORMAL,10,0,62.01880572686506,False,0,BRIGHT,CLEAR,10,62.01880572686506,False,False,0,SAFE,SAFE,SAFE,10,0,100,False,0,10,0,12,100,62.01880572686506,False,False,False,False,True,False
26.8,62.32,3527,4,12,0,22.0,30.0,94602.1,62.5,999.0,True,2.45,20.0,0,10,0,False,False,0,DRY,NORMAL,10,0,62.54005465036563,False,0,BRIGHT,CLEAR,10,62.54005465036563,False,False,0,SAFE,SAFE,SAFE,10,0,100,False,0,10,0,12,100,62.54005465036563,False,False,False,False,True,False
26.85,62.16,3518,4,12,0,22.0,30.0,94602.1,63.2,999.0,True,2.45,20.0,0,10,0,False,False,0,DRY,NORMAL,10,0,63.166734260891715,False,0,BRIGHT,CLEAR,10,63.166734260891715,False,False,0,SAFE,SAFE,SAFE,10,0,100,False,0,10,0,12,100,63.166734260891715,False,False,False,False,True,False
26.9,62.05,3512,4,12,0,22.0,30.0,94602.1,63.6,999.0,True,2.45,20.0,0,10,0,False,False,0,DRY,NORMAL,10,0,63.5849418451474,False,0,BRIGHT,CLEAR,10,63.5849418451474,False,False,0,SAFE,SAFE,SAFE,10,0,100,False,0,10,0,12,100,63.5849418451474,False,False,False,False,True,False
26.95,62.01,3509,4,12,0,22.0,30.0,94602.1,64.1,999.0,True,2.45,20.0,0,10,0,False,False,0,DRY,NORMAL,10,0,64.10571613884298,False,0,BRIGHT,CLEAR,10,64.10571613884298,False,False,0,SAFE,SAFE,SAFE,10,0,100,False,0,10,0,12,100,64.10571613884298,False,False,False,False,True,False
27.0,62.04,3511,4,12,0,22.0,30.0,95235.2,64.8,999.0,True,2.45,20.0,0,10,0,False,False,0,DRY,NORMAL,10,0,64.77054742431287,False,0,BRIGHT,CLEAR,10,64.77054742431287,False,False,0,SAFE,SAFE,SAFE,10,0,100,False,0,10,0,12,100,64.77054742431287,False,False,False,False,True,False
27.05,62.13,3517,4,12,0,22.0,30.0,95235.2,65.6,999.0,True,2.45,20.0,0,10,0,False,False,0,DRY,NORMAL,10,0,65.57391889013186,False,0,BRIGHT,CLEAR,10,65.57391889013186,False,False,0,SAFE,SAFE,SAFE,10,0,100,False,0,10,0,12,100,65.57391889013186,False,False,False,False,True,False
27.1,62.28,3525,4,12,0,22.0,30.0,95235.2,66.2,999.0,True,2.45,20.0,0,10,0,False,False,0,DRY,NORMAL,10,0,66.16694789589374,False,0,BRIGHT,CLEAR,10,66.16694789589374,False,False,0,SAFE,SAFE,SAFE,10,0,100,False,0,10,0,12,100,66.16694789589374,False,False,False,False,True,False
27.15,62.47,3536,4,12,0,22.0,30.0,95235.2,66.9,999.0,True,2.45,20.0,0,10,0,False,False,0,DRY,NORMAL,10,0,66.90247986588322,False,0,BRIGHT,CLEAR,10,66.90247986588322,False,False,0,SAFE,SAFE,SAFE,10,0,100,False,0,10,0,12,100,66.90247986588322,False,False,False,False,True,False
27.2,62.68,3548,4,12,0,22.0,30.0,95235.2,67.8,999.0,True,2.45,20.0,0,10,0,False,False,0,DRY,NORMAL,10,0,67.78261530266829,False,0,BRIGHT,CLEAR,10,67.78261530266829,False,False,0,SAFE,SAFE,SAFE,10,0,100,False,0,10,0,12,100,67.78261530266829,False,False,False,False,True,False
27.25,62.92,3561,4,12,0,22.0,30.0,95235.2,68.6,999.0,True,2.45,20.0,0,10,0,False,False,0,DRY,NORMAL,10,0,68.59514942163484,False,0,BRIGHT,CLEAR,10,68.59514942163484,False,False,0,SAFE,SAFE,SAFE,10,0,100,False,0,10,0,12,100,68.59514942163484,False,False,False,False,True,False
27.3,63.17,3575,4,12,0,22.0,30.0,95235.2,69.3,999.0,True,2.45,20.0,0,10,0,False,False,0,DRY,NORMAL,10,0,69.27802722986551,False,0,BRIGHT,CLEAR,10,69.27802722986551,False,False,0,SAFE,SAFE,SAFE,10,0,100,False,0,10,0,12,100,69.27802722986551,False,False,False,False,True,False
27.35,63.43,3590,4,12,0,22.0,30.0,95235.2,70.1,999.0,True,2.45,20.0,0,10,0,False,False,0,DRY,NORMAL,10,0,70.08174587494031,False,0,BRIGHT,CLEAR,10,70.08174587494031,False,False,0,SAFE,SAFE,SAFE,10,0,100,False,0,10,0,12,100,70.08174587494031,False,False,False,False,True,False
27.4,63.71,3606,4,12,0,22.0,30.0,95235.2,71.0,999.0,True,2.45,20.0,0,10,0,False,False,0,DRY,NORMAL,10,0,71.01250853888938,False,0,BRIGHT,CLEAR,10,71.01250853888938,False,False,0,SAFE,SAFE,SAFE,10,0,100,False,0,10,0,12,100,71.01250853888938,False,False,False,False,True,False
27.45,63.99,3622,4,12,0,22.0,30.0,95235.2,71.6,999.0,True,2.45,20.0,0,10,0,False,False,0,DRY,NORMAL,10,0,71.55237095888869,False,0,BRIGHT,CLEAR,10,71.55237095888869,False,False,0,SAFE,SAFE,SAFE,10,0,100,False,0,10,0,12,100,71.55237095888869,False,False,False,False,True,False
27.5,64.27,3638,4,12,0,22.0,30.0,95235.2,72.2,999.0,True,2.45,20.0,0,10,0,False,False,0,DRY,NORMAL,10,0,72.17924235801722,False,0,BRIGHT,CLEAR,10,72.17924235801722,False,False,0,SAFE,SAFE,SAFE,10,0,100,False,0,10,0,12,100,72.17924235801722,False,False,False,False,True,False
27.55,64.56,3654,4,12,0,22.0,30.0,95235.2,72.9,999.0,True,2.45,20.0,0,10,0,False,False,0,DRY,NORMAL,10,0,72.9233907497174,False,0,BRIGHT,CLEAR,10,72.9233907497174,False,False,0,SAFE,SAFE,SAFE,10,0,100,False,0,10,0,12,100,72.9233907497174,False,False,False,False,True,False
27.6,64.85,3671,4,12,0,22.0,30.0,95235.2,73.5,999.0,True,2.45,20.0,0,10,0,False,False,0,DRY,NORMAL,10,0,73.46613330882235,False,0,BRIGHT,CLEAR,10,73.46613330882235,False,False,0,SAFE,SAFE,SAFE,10,0,100,False,0,10,0,12,100,73.46613330882235,False,False,False,False,True,False
27.65,65.15,3687,4,12,0,22.0,30.0,95235.2,73.9,999.0,True,2.45,20.0,0,10,0,False,False,0,DRY,NORMAL,10,0,73.85724919572228,False,0,BRIGHT,CLEAR,10,73.85724919572228,False,False,0,SAFE,SAFE,SAFE,10,0,100,False,0,10,0,12,100,73.85724919572228,False,False,False,False,True,False
27.7,65.45,3704,4,12,0,22.0,30.0,95235.2,74.4,999.0,True,2.45,20.0,0,10,0,False,False,0,DRY,NORMAL,10,0,74.35695887677358,False,0,BRIGHT,CLEAR,10,74.35695887677358,False,False,0,SAFE,SAFE,SAFE,10,0,100,False,0,10,0,12,100,74.35695887677358,False,False,False,False,True,False
27.75,65.75,3721,4,12,0,22.0,30.0,95235.2,74.9,999.0,True,2.45,20.0,0,10,0,False,False,0,DRY,NORMAL,10,0,74.8529898223021,False,0,BRIGHT,CLEAR,10,74.8529898223021,False,False,0,SAFE,SAFE,SAFE,10,0,100,False,0,10,0,12,100,74.8529898223021,False,False,False,False,True,False
27.8,66.05,3738,4,12,0,22.0,30.0,95235.2,75.0,999.0,True,2.45,20.0,0,10,0,False,False,0,DRY,NORMAL,10,0,74.98029746452875,False,0,BRIGHT,CLEAR,10,74.98029746452875,False,False,0,SAFE,SAFE,SAFE,10,0,100,False,0,10,0,12,100,74.98029746452875,False,False,False,False,True,False
27.85,66.36,3756,4,12,0,22.0,30.0,95235.2,75.2,999.0,True,2.45,20.0,0,10,0,False,False,0,DRY,NORMAL,10,0,75.22329125230758,False,0,BRIGHT,CLEAR,10,75.22329125230758,False,False,0,SAFE,SAFE,SAFE,10,0,100,False,0,10,0,12,100,75.22329125230758,False,False,False,False,True,False
27.9,66.66,3773,4,12,0,22.0,30.0,95235.2,75.6,999.0,True,2.45,20.0,0,10,0,False,False,0,DRY,NORMAL,10,0,75.58827808039904,False,0,BRIGHT,CLEAR,10,75.58827808039904,False,False,0,SAFE,SAFE,SAFE,10,0,100,False,0,10,0,12,100,75.58827808039904,False,False,False,False,True,False
27.95,66.97,3791,4,12,0,22.0,30.0,95235.2,75.6,999.0,True,2.45,20.0,0,10,0,False,False,0,DRY,NORMAL,10,0,75.55056483295621,False,0,BRIGHT,CLEAR,10,75.55056483295621,False,False,0,SAFE,SAFE,SAFE,10,0,100,False,0,10,0,12,100,75.55056483295621,False,False,False,False,True,False
28.0,67.28,3808,4,12,0,22.0,30.0,95235.2,75.6,999.0,True,2.45,20.0,0,10,0,False,False,0,DRY,NORMAL,10,0,75.55150908452822,False,0,BRIGHT,CLEAR,10,75.55150908452822,False,False,0,SAFE,SAFE,SAFE,10,0,100,False,0,10,0,12,100,75.55150908452822,False,False,False,False,True,False
28.05,67.59,3826,4,12,0,22.0,30.0,95235.2,75.7,999.0,True,2.45,20.0,0,10,0,False,False,0,DRY,NORMAL,10,0,75.68235157523787,False,0,BRIGHT,CLEAR,10,75.68235157523787,False,False,0,SAFE,SAFE,SAFE,10,0,100,False,0,10,0,12,100,75.68235157523787,False,False,False,False,True,False
28.1,67.91,3843,4,12,0,22.0,30.0,95235.2,75.6,999.0,True,2.45,20.0,0,10,0,False,False,0,DRY,NORMAL,10,0,75.572815727146,False,0,BRIGHT,CLEAR,10,75.572815727146,False,False,0,SAFE,SAFE,SAFE,10,0,100,False,0,10,0,12,100,75.572815727146,False,False,False,False,True,False
28.15,68.22,3861,4,12,0,22.0,30.0,95235.2,75.4,999.0,True,2.45,20.0,0,10,0,False,False,0,DRY,NORMAL,10,0,75.3686077893459,False,0,BRIGHT,CLEAR,10,75.3686077893459,False,False,0,SAFE,SAFE,SAFE,10,0,100,False,0,10,0,12,100,75.3686077893459,False,False,False,False,True,False
28.2,68.54,3879,4,12,0,22.0,30.0,95235.2,75.3,999.0,True,2.45,20.0,0,10,0,False,False,0,DRY,NORMAL,10,0,75.3035134022953,False,0,BRIGHT,CLEAR,10,75.3035134022953,False,False,0,SAFE,SAFE,SAFE,10,0,100,False,0,10,0,12,100,75.3035134022953,False,False,False,False,True,False
28.25,68.85,3897,4,12,0,22.0,30.0,95235.2,75.1,999.0,True,2.45,20.0,0,10,0,False,False,0,DRY,NORMAL,10,0,75.1329528864996,False,0,BRIGHT,CLEAR,10,75.1329528864996,False,False,0,SAFE,SAFE,SAFE,10,0,100,False,0,10,0,12,100,75.1329528864996,False,False,False,False,True,False
28.3,69.17,3915,4,12,0,22.0,30.0,95235.2,74.8,999.0,True,2.45,20.0,0,10,0,False,False,0,DRY,NORMAL,10,0,74.76880938227043,False,0,BRIGHT,CLEAR,10,74.76880938227043,False,False,0,SAFE,SAFE,SAFE,10,0,100,False,0,10,0,12,100,74.76880938227043,False,False,False,False,True,False
28.35,69.49,3933,4,12,0,22.0,30.0,95235.2,74.6,999.0,True,2.45,20.0,0,10,0,False,False,0,DRY,NORMAL,10,0,74.5513881673999,False,0,BRIGHT,CLEAR,10,74.5513881673999,False,False,0,SAFE,SAFE,SAFE,10,0,100,False,0,10,0,12,100,74.5513881673999,False,False,False,False,True,False
28.4,69.81,3952,4,12,0,22.0,30.0,95235.2,74.3,999.0,True,2.45,20.0,0,10,0,False,False,0,DRY,NORMAL,10,0,74.3321234191575,False,0,BRIGHT,CLEAR,10,74.3321234191575,False,False,0,SAFE,SAFE,SAFE,10,0,100,False,0,10,0,12,100,74.3321234191575,False,False,False,False,True,False
28.45,70.14,3970,4,12,0,22.0,30.0,95235.2,73.9,999.0,True,2.45,20.0,0,10,0,False,False,0,DRY,NORMAL,10,0,73.8509417898267,False,0,BRIGHT,CLEAR,10,73.8509417898267,False,False,0,SAFE,SAFE,SAFE,10,0,100,False,0,10,0,12,100,73.8509417898267,False,False,False,False,True,False
28.5,70.46,3988,4,12,0,22.0,30.0,95593.6,73.5,999.0,True,2.45,20.0,0,10,0,False,False,0,DRY,NORMAL,10,0,73.52332996032231,False,0,BRIGHT,CLEAR,10,73.52332996032231,False,False,0,SAFE,SAFE,SAFE,10,0,100,False,0,10,0,12,100,73.52332996032231,False,False,False,False,True,False
28.55,70.79,4007,4,12,0,22.0,30.0,95593.6,73.3,999.0,True,2.45,20.0,0,10,0,False,False,0,DRY,NORMAL,10,0,73.25459062053909,False,0,BRIGHT,CLEAR,10,73.25459062053909,False,False,0,SAFE,SAFE,SAFE,10,0,100,False,0,10,0,12,100,73.25459062053909,False,False,False,False,True,False
28.6,71.11,4025,4,12,0,22.0,30.0,95593.6,72.7,999.0,True,2.45,20.0,0,10,0,False,False,0,DRY,NORMAL,10,0,72.70105504286252,False,0,BRIGHT,CLEAR,10,72.70105504286252,False,False,0,SAFE,SAFE,SAFE,10,0,100,False,0,10,0,12,100,72.70105504286252,False,False,False,False,True,False
28.65,71.44,4044,4,12,0,22.0,30.0,95593.6,72.3,999.0,True,2.45,20.0,0,10,0,False,False,0,DRY,NORMAL,10,0,72.30281746090611,False,0,BRIGHT,CLEAR,10,72.30281746090611,False,False,0,SAFE,SAFE,SAFE,10,0,100,False,0,10,0,12,100,72.30281746090611,False,False,False,False,True,False
28.7,71.77,4062,4,12,0,22.0,30.0,95593.6,72.0,999.0,True,2.45,20.0,0,10,0,False,False,0,DRY,NORMAL,10,0,72.0075943014943,False,0,BRIGHT,CLEAR,10,72.0075943014943,False,False,0,SAFE,SAFE,SAFE,10,0,100,False,0,10,0,12,100,72.0075943014943,False,False,False,False,True,False
28.75,72.1,4081,4,12,0,22.0,30.0,95593.6,71.4,999.0,True,2.45,20.0,0,10,0,False,False,0,DRY,NORMAL,10,0,71.42239160140765,False,0,BRIGHT,CLEAR,10,71.42239160140765,False,False,0,SAFE,SAFE,SAFE,10,0,100,False,0,10,0,12,100,71.42239160140765,False,False,False,False,True,False
28.8,72.41,4099,4,12,0,22.0,30.0,95593.6,71.0,999.0,True,2.45,20.0,0,10,0,False,False,0,DRY,NORMAL,10,0,70.99059339973911,False,0,BRIGHT,CLEAR,10,70.99059339973911,False,False,0,SAFE,SAFE,SAFE,10,0,100,False,0,10,0,12,100,70.99059339973911,False,False,False,False,True,False
28.85,72.61,4110,4,12,0,22.0,30.0,95593.6,70.7,999.0,True,2.45,20.0,0,10,0,False,False,0,DRY,NORMAL,10,0,70.66378767416978,False,0,BRIGHT,CLEAR,10,70.66378767416978,False,False,0,SAFE,SAFE,SAFE,10,0,100,False,0,10,0,12,100,70.66378767416978,False,False,False,False,True,False
28.9,72.65,4112,4,12,0,22.0,30.0,95593.6,70.0,999.0,True,2.45,20.0,0,10,0,False,False,0,DRY,NORMAL,10,0,70.02222604944443,False,0,BRIGHT,CLEAR,10,70.02222604944443,False,False,0,SAFE,SAFE,SAFE,10,0,100,False,0,10,0,12,100,70.02222604944443,False,False,False,False,True,False
28.95,72.6,4109,4,12,0,22.0,30.0,95593.6,69.5,999.0,True,2.45,20.0,0,10,0,False,False,0,DRY,NORMAL,10,0,69.4648172709978,False,0,BRIGHT,CLEAR,10,69.4648172709978,False,False,0,SAFE,SAFE,SAFE,10,0,100,False,0,10,0,12,100,69.4648172709978,False,False,False,False,True,False
29.0,72.49,4103,4,12,0,22.0,30.0,95593.6,69.0,999.0,True,2.45,20.0,0,10,0,False,False,0,DRY,NORMAL,10,0,68.99279474581219,False,0,BRIGHT,CLEAR,10,68.99279474581219,False,False,0,SAFE,SAFE,SAFE,10,0,100,False,0,10,0,12,100,68.99279474581219,False,False,False,False,True,False
29.05,72.34,4095,4,12,0,22.0,30.0,95593.6,68.3,999.0,True,2.45,20.0,0,10,0,False,False,0,DRY,NORMAL,10,0,68.28954203517277,False,0,BRIGHT,CLEAR,10,68.28954203517277,False,False,0,SAFE,SAFE,SAFE,10,0,100,False,0,10,0,12,100,68.28954203517277,False,False,False,False,True,False
29.1,72.18,4086,4,12,0,22.0,30.0,95593.6,67.7,999.0,True,2.45,20.0,0,10,0,False,False,0,DRY,NORMAL,10,0,67.65781297600721,False,0,BRIGHT,CLEAR,10,67.65781297600721,False,False,0,SAFE,SAFE,SAFE,10,0,100,False,0,10,0,12,100,67.65781297600721,False,False,False,False,True,False
29.15,72.01,4076,4,12,0,22.0,30.0,95593.6,67.1,999.0,True,2.45,20.0,0,10,0,False,False,0,DRY,NORMAL,10,0,67.14662910732888,False,0,BRIGHT,CLEAR,10,67.14662910732888,False,False,0,SAFE,SAFE,SAFE,10,0,100,False,0,10,0,12,100,67.14662910732888,False,False,False,False,True,False
29.2,71.84,4066,4,12,0,22.0,30.0,95593.6,66.6,999.0,True,2.45,20.0,0,10,0,False,False,0,DRY,NORMAL,10,0,66.58640188458848,False,0,BRIGHT,CLEAR,10,66.58640188458848,False,False,0,SAFE,SAFE,SAFE,10,0,100,False,0,10,0,12,100,66.58640188458848,False,False,False,False,True,False
29.25,71.53,4049,4,12,0,22.0,30.0,95593.6,66.0,999.0,True,2.45,20.0,0,10,0,False,False,0,DRY,NORMAL,10,0,65.97959388202946,False,0,BRIGHT,CLEAR,10,65.97959388202946,False,False,0,SAFE,SAFE,SAFE,10,0,100,False,0,10,0,12,100,65.97959388202946,False,False,False,False,True,False
29.3,71.14,4027,4,12,0,22.0,30.0,95593.6,65.4,999.0,True,2.45,20.0,0,10,0,False,False,0,DRY,NORMAL,10,0,65.44882569416123,False,0,BRIGHT,CLEAR,10,65.44882569416123,False,False,0,SAFE,SAFE,SAFE,10,0,100,False,0,10,0,12,100,65.44882569416123,False,False,False,False,True,False
29.35,70.75,4004,4,12,0,22.0,30.0,95593.6,65.0,999.0,True,2.45,20.0,0,10,0,False,False,0,DRY,NORMAL,10,0,65.00202792950385,False,0,BRIGHT,CLEAR,10,65.00202792950385,False,False,0,SAFE,SAFE,SAFE,10,0,100,False,0,10,0,12,100,65.00202792950385,False,False,False,False,True,False
29.4,70.36,3982,4,12,0,22.0,30.0,95593.6,64.4,999.0,True,2.45,20.0,0,10,0,False,False,0,DRY,NORMAL,10,0,64.38552714761545,False,0,BRIGHT,CLEAR,10,64.38552714761545,False,False,0,SAFE,SAFE,SAFE,10,0,100,False,0,10,0,12,100,64.38552714761545,False,False,False,False,True,False
29.45,69.96,3960,4,12,0,22.0,30.0,95593.6,63.9,999.0,True,2.45,20.0,0,10,0,False,False,0,DRY,NORMAL,10,0,63.8722126665647,False,0,BRIGHT,CLEAR,10,63.8722126665647,False,False,0,SAFE,SAFE,SAFE,10,0,100,False,0,10,0,12,100,63.8722126665647,False,False,False,False,True,False
29.5,69.57,3938,4,12,0,22.0,30.0,95593.6,63.5,999.0,True,2.45,20.0,0,10,0,False,False,0,DRY,NORMAL,10,0,63.471503028478324,False,0,BRIGHT,CLEAR,10,63.471503028478324,False,False,0,SAFE,SAFE,SAFE,10,0,100,False,0,10,0,12,100,63.471503028478324,False,False,False,False,True,False
29.55,69.18,3916,4,12,0,22.0,30.0,95593.6,63.1,999.0,True,2.45,20.0,0,10,0,False,False,0,DRY,NORMAL,10,0,63.12244301079453,False,0,BRIGHT,CLEAR,10,63.12244301079453,False,False,0,SAFE,SAFE,SAFE,10,0,100,False,0,10,0,12,100,63.12244301079453,False,False,False,False,True,False
29.6,68.79,3894,4,12,0,22.0,30.0,95593.6,62.7,999.0,True,2.45,20.0,0,10,0,False,False,0,DRY,NORMAL,10,0,62.666213771057684,False,0,BRIGHT,CLEAR,10,62.666213771057684,False,False,0,SAFE,SAFE,SAFE,10,0,100,False,0,10,0,12,100,62.666213771057684,False,False,False,False,True,False
29.65,68.4,3872,4,12,0,22.0,30.0,95593.6,62.3,999.0,True,2.45,20.0,0,10,0,False,False,0,DRY,NORMAL,10,0,62.32044828611946,False,0,BRIGHT,CLEAR,10,62.32044828611946,False,False,0,SAFE,SAFE,SAFE,10,0,100,False,0,10,0,12,100,62.32044828611946,False,False,False,False,True,False
29.7,68.02,3850,4,12,0,22.0,30.0,95593.6,62.1,999.0,True,2.45,20.0,0,10,0,False,False,0,DRY,NORMAL,10,0,62.08600586914527,False,0,BRIGHT,CLEAR,10,62.08600586914527,False,False,0,SAFE,SAFE,SAFE,10,0,100,False,0,10,0,12,100,62.08600586914527,False,False,False,False,True,False
29.75,67.63,3828,4,12,0,22.0,30.0,95593.6,61.9,999.0,True,2.45,20.0,0,10,0,False,False,0,DRY,NORMAL,10,0,61.85371309116253,False,0,BRIGHT,CLEAR,10,61.85371309116253,False,False,0,SAFE,SAFE,SAFE,10,0,100,False,0,10,0,12,100,61.85371309116253,False,False,False,False,True,False
29.8,67.24,3806,4,12,0,22.0,30.0,95593.6,61.6,999.0,True,2.45,20.0,0,10,0,False,False,0,DRY,NORMAL,10,0,61.56543650126006,False,0,BRIGHT,CLEAR,10,61.56543650126006,False,False,0,SAFE,SAFE,SAFE,10,0,100,False,0,10,0,12,100,61.56543650126006,False,False,False,False,True,False
29.85,66.86,3784,4,12,0,22.0,30.0,95593.6,61.4,999.0,True,2.45,20.0,0,10,0,False,False,0,DRY,NORMAL,10,0,61.384308327306414,False,0,BRIGHT,CLEAR,10,61.384308327306414,False,False,0,SAFE,SAFE,SAFE,10,0,100,False,0,10,0,12,100,61.384308327306414,False,False,False,False,True,False
29.9,66.47,3762,4,12,0,22.0,30.0,95593.6,61.3,999.0,True,2.45,20.0,0,10,0,False,False,0,DRY,NORMAL,10,0,61.30951958682182,False,0,BRIGHT,CLEAR,10,61.30951958682182,False,False,0,SAFE,SAFE,SAFE,10,0,100,False,0,10,0,12,100,61.30951958682182,False,False,False,False,True,False
29.95,66.09,3741,4,12,0,22.0,30.0,95593.6,61.2,999.0,True,2.45,20.0,0,10,0,False,False,0,DRY,NORMAL,10,0,61.2115473004017,False,0,BRIGHT,CLEAR,10,61.2115473004017,False,False,0,SAFE,SAFE,SAFE,10,0,100,False,0,10,0,12,100,61.2115473004017,False,False,False,False,True,False
30.0,65.86,3728,4,12,0,22.0,30.0,95673.8,61.1,999.0,True,2.45,20.0,0,10,0,False,False,0,DRY,NORMAL,10,0,61.07775760819961,False,0,BRIGHT,CLEAR,10,61.07775760819961,False,False,0,SAFE,SAFE,SAFE,10,0,100,False,0,10,0,12,100,61.07775760819961,False,False,False,False,True,False
30.05,65.69,3718,4,12,1,12.0,90.0,48616.8,61.1,999.0,True,2.45,20.0,0,10,0,False,False,0,WET,NORMAL,0,0,55,False,1,BRIGHT,FOG,0,36,True,True,0,SAFE,SAFE,SAFE,10,0,100,False,1,0,0,12,100,36,False,True,True,False,True,False
30.1,65.38,3700,4,12,1,12.0,90.0,48616.8,61.3,999.0,True,2.45,20.0,0,10,0,False,False,0,WET,NORMAL,0,0,55,False,1,BRIGHT,FOG,0,36,True,True,0,SAFE,SAFE,SAFE,10,0,100,False,1,0,0,12,100,36,False,True,True,False,True,False
30.15,64.75,3665,4,12,1,12.0,90.0,48616.8,61.3,999.0,True,2.45,20.0,0,10,0,False,False,0,WET,NORMAL,0,0,55,False,1,BRIGHT,FOG,0,36,True,True,0,SAFE,SAFE,SAFE,10,0,100,False,1,0,0,12,100,36,False,True,True,False,True,False
30.2,63.87,3615,4,12,1,12.0,90.0,48616.8,61.2,999.0,True,2.45,20.0,0,10,0,False,False,0,WET,NORMAL,0,0,55,False,1,BRIGHT,FOG,0,36,True,True,0,SAFE,SAFE,SAFE,10,0,100,False,1,0,0,12,100,36,False,True,True,False,True,False
30.25,62.97,3564,4,12,1,12.0,90.0,48616.8,61.1,999.0,True,2.45,20.0,0,10,0,False,False,0,WET,NORMAL,0,0,54,False,1,BRIGHT,FOG,0,36,True,True,0,SAFE,SAFE,SAFE,10,0,100,False,1,0,0,12,100,36,False,True,True,False,True,False
30.3,62.07,3513,4,12,1,12.0,90.0,48616.8,61.0,999.0,True,2.45,20.0,0,10,0,False,False,0,WET,NORMAL,0,0,54,False,1,BRIGHT,FOG,0,36,True,True,0,SAFE,SAFE,SAFE,10,0,100,False,1,0,0,12,100,36,False,True,True,False,True,False
30.35,61.16,3462,4,12,1,12.0,90.0,48616.8,61.0,999.0,True,2.45,20.0,0,10,0,False,False,0,WET,NORMAL,0,0,54,False,1,BRIGHT,FOG,0,36,True,True,0,SAFE,SAFE,SAFE,10,0,100,False,1,0,0,12,100,36,False,True,True,False,True,False
30.4,60.26,3411,4,12,1,12.0,90.0,48616.8,60.8,999.0,True,2.45,20.0,0,10,0,False,False,0,WET,NORMAL,0,0,54,False,1,BRIGHT,FOG,0,36,True,True,0,SAFE,SAFE,SAFE,10,0,100,False,1,0,0,12,100,36,False,True,True,False,True,False
30.45,59.55,3371,4,12,1,12.0,90.0,48616.8,60.8,999.0,True,2.45,20.0,0,10,0,False,False,0,WET,NORMAL,0,0,54,False,1,BRIGHT,FOG,0,36,True,True,0,SAFE,SAFE,SAFE,10,0,100,False,1,0,0,12,100,36,False,True,True,False,True,False
30.5,58.92,3335,4,12,1,12.0,90.0,48616.8,60.9,999.0,True,2.45,20.0,0,10,0,False,False,0,WET,NORMAL,0,0,54,False,1,BRIGHT,FOG,0,36,True,True,0,SAFE,SAFE,SAFE,10,0,100,False,1,0,0,12,100,36,False,True,True,False,True,False
30.55,58.29,3299,4,12,1,12.0,90.0,48616.8,61.2,999.0,True,2.45,20.0,0,10,0,False,False,0,WET,NORMAL,0,0,55,False,1,BRIGHT,FOG,0,36,True,True,0,SAFE,SAFE,SAFE,10,0,100,False,1,0,0,12,100,36,False,True,True,False,True,False
30.6,57.66,3264,4,12,1,12.0,90.0,48616.8,61.6,999.0,True,2.45,20.0,0,10,0,False,False,0,WET,NORMAL,0,0,55,False,1,BRIGHT,FOG,0,36,True,True,0,SAFE,SAFE,SAFE,10,0,100,False,1,0,0,12,100,36,False,True,True,False,True,False
30.65,57.04,3228,4,12,1,12.0,90.0,48616.8,61.9,999.0,True,2.45,20.0,0,10,0,False,False,0,WET,NORMAL,0,0,55,False,1,BRIGHT,FOG,0,37,True,True,0,SAFE,SAFE,SAFE,10,0,100,False,1,0,0,12,100,37,False,True,True,False,True,False
30.7,56.41,3193,4,12,1,12.0,90.0,48616.8,62.3,999.0,True,2.45,20.0,0,10,0,False,False,0,WET,NORMAL,0,0,56,False,1,BRIGHT,FOG,0,37,True,True,0,SAFE,SAFE,SAFE,10,0,100,False,1,0,0,12,100,37,False,True,True,False,True,False
30.75,55.79,3158,4,12,1,12.0,90.0,48616.8,62.8,999.0,True,2.45,20.0,0,10,0,False,False,0,WET,NORMAL,8,0,56,False,1,BRIGHT,FOG,0,37,True,True,0,SAFE,SAFE,SAFE,10,0,100,False,1,0,0,12,100,37,False,True,True,False,True,False
30.8,55.17,3123,4,12,1,12.0,90.0,48616.8,63.4,999.0,True,2.45,20.0,0,10,0,False,False,0,WET,NORMAL,8,0,57,False,1,BRIGHT,FOG,0,38,True,True,0,SAFE,SAFE,SAFE,10,0,100,False,1,0,0,12,100,38,False,True,True,False,True,False
30.85,54.56,3088,4,12,1,12.0,90.0,48616.8,64.1,999.0,True,2.45,20.0,0,10,0,False,False,0,WET,NORMAL,8,0,57,False,1,BRIGHT,FOG,0,38,True,True,0,SAFE,SAFE,SAFE,10,0,100,False,1,0,0,12,100,38,False,True,True,False,True,False
30.9,53.94,3053,4,12,1,12.0,90.0,48616.8,64.8,999.0,True,2.45,20.0,0,10,0,False,False,0,WET,NORMAL,8,0,58,False,1,BRIGHT,FOG,0,38,True,True,0,SAFE,SAFE,SAFE,10,0,100,False,1,0,0,12,100,38,False,True,True,False,True,False
30.95,53.33,3018,4,12,1,12.0,90.0,48616.8,65.5,999.0,True,2.45,20.0,0,10,0,False,False,0,WET,NORMAL,8,0,58,False,1,BRIGHT,FOG,0,39,True,True,0,SAFE,SAFE,SAFE,10,0,100,False,1,0,0,12,100,39,False,True,True,False,True,False
31.0,52.9,2994,3,12,1,12.0,90.0,48616.8,66.3,999.0,True,2.45,20.0,0,10,0,False,False,0,WET,NORMAL,8,0,59,False,1,BRIGHT,FOG,0,39,True,True,0,SAFE,SAFE,SAFE,10,0,100,False,1,0,0,12,100,39,True,True,True,False,True,False
31.05,52.26,4249,3,12,1,12.0,90.0,48616.8,67.4,999.0,True,2.45,20.0,0,10,0,False,False,0,WET,NORMAL,8,0,60,False,1,BRIGHT,FOG,0,40,True,True,0,SAFE,SAFE,SAFE,10,0,100,False,1,0,0,12,100,40,False,True,True,False,True,False
31.1,51.65,4199,3,12,1,12.0,90.0,48616.8,68.4,999.0,True,2.45,20.0,0,10,0,False,False,0,WET,NORMAL,8,0,61,False,1,BRIGHT,FOG,0,41,True,True,0,SAFE,SAFE,SAFE,10,0,100,False,1,0,0,12,100,41,False,True,True,False,True,False
31.15,51.12,4156,3,12,1,12.0,90.0,48616.8,69.7,999.0,True,2.45,20.0,0,10,0,False,False,0,WET,NORMAL,8,0,62,False,1,BRIGHT,FOG,0,41,True,True,0,SAFE,SAFE,SAFE,10,0,100,False,1,0,0,12,100,41,False,True,True,False,True,False
31.2,50.63,4116,3,12,1,12.0,90.0,48616.8,70.7,999.0,True,2.45,20.0,0,10,0,False,False,0,WET,NORMAL,8,0,63,False,1,BRIGHT,FOG,0,42,True,True,0,SAFE,SAFE,SAFE,10,0,100,False,1,0,0,12,100,42,False,True,True,False,True,False
31.25,50.16,4078,3,12,1,12.0,90.0,48616.8,71.9,999.0,True,2.45,20.0,0,10,0,False,False,0,WET,NORMAL,8,0,64,False,1,BRIGHT,FOG,0,43,True,True,0,SAFE,SAFE,SAFE,10,0,100,False,1,0,0,12,100,43,False,True,True,False,True,False
31.3,49.71,4041,3,12,1,12.0,90.0,48616.8,73.3,999.0,True,2.45,20.0,0,10,0,False,False,0,WET,NORMAL,8,0,65,False,1,BRIGHT,FOG,0,43,True,True,0,SAFE,SAFE,SAFE,10,0,100,False,1,0,0,12,100,43,False,True,True,False,True,False
31.35,49.27,4005,3,12,1,12.0,90.0,48616.8,74.9,999.0,True,2.45,20.0,0,10,0,False,False,0,WET,NORMAL,8,0,67,False,1,BRIGHT,FOG,0,44,True,True,0,SAFE,SAFE,SAFE,10,0,100,False,1,0,0,12,100,44,False,True,True,False,True,False
31.4,48.83,3970,3,12,1,12.0,90.0,48616.8,76.7,999.0,True,2.45,20.0,0,10,0,False,False,0,WET,NORMAL,8,0,69,False,1,BRIGHT,FOG,0,46,True,True,0,SAFE,SAFE,SAFE,10,0,100,False,1,0,0,12,100,46,False,True,True,False,True,False
31.45,48.49,3942,3,12,1,12.0,90.0,48616.8,78.5,999.0,True,2.45,20.0,0,10,0,False,False,0,WET,NORMAL,8,0,70,False,1,BRIGHT,FOG,0,47,True,True,0,SAFE,SAFE,SAFE,10,0,100,False,1,0,0,12,100,47,False,True,True,False,True,False
31.5,48.19,3918,3,12,1,12.0,90.0,48515.4,80.1,999.0,True,2.45,20.0,0,10,0,False,False,0,WET,NORMAL,8,0,72,False,1,BRIGHT,FOG,0,48,True,True,0,SAFE,SAFE,SAFE,10,0,100,False,1,0,0,12,100,48,False,True,True,False,True,False
31.55,47.87,3892,3,12,1,12.0,90.0,48515.4,82.0,999.0,True,2.45,20.0,0,10,0,False,False,0,WET,NORMAL,8,0,73,False,1,BRIGHT,FOG,8,49,True,True,0,SAFE,SAFE,SAFE,10,0,100,False,1,8,0,12,100,49,False,True,True,False,True,False
31.6,47.65,3874,3,12,1,12.0,90.0,48515.4,83.6,999.0,True,2.45,20.0,0,10,0,False,False,0,WET,NORMAL,8,0,75,False,1,BRIGHT,FOG,8,50,True,True,0,SAFE,SAFE,SAFE,10,0,100,False,1,8,0,12,100,50,False,True,True,False,True,False
31.65,47.52,3863,3,12,1,12.0,90.0,48515.4,83.6,999.0,True,2.45,20.0,0,10,0,False,False,0,WET,NORMAL,8,0,75,False,1,BRIGHT,FOG,8,50,True,True,0,SAFE,SAFE,SAFE,10,0,100,False,1,8,0,12,100,50,False,True,True,False,True,False
31.7,47.46,3858,3,12,1,12.0,90.0,48515.4,83.6,999.0,True,2.45,20.0,0,10,0,False,False,0,WET,NORMAL,8,0,75,False,1,BRIGHT,FOG,8,50,True,True,0,SAFE,SAFE,SAFE,10,0,100,False,1,8,0,12,100,50,False,True,True,False,True,False
31.75,47.52,3863,3,12,1,12.0,90.0,48515.4,83.6,999.0,True,2.45,20.0,0,10,0,False,False,0,WET,NORMAL,8,0,75,False,1,BRIGHT,FOG,8,50,True,True,0,SAFE,SAFE,SAFE,10,0,100,False,1,8,0,12,100,50,False,True,True,False,True,False
31.8,47.64,3873,3,12,1,12.0,90.0,48515.4,83.6,999.0,True,2.45,20.0,0,10,0,False,False,0,WET,NORMAL,8,0,75,False,1,BRIGHT,FOG,8,50,True,True,0,SAFE,SAFE,SAFE,10,0,100,False,1,8,0,12,100,50,False,True,True,False,True,False
31.85,47.82,3888,3,12,1,12.0,90.0,48515.4,83.6,999.0,True,2.45,20.0,0,10,0,False,False,0,WET,NORMAL,8,0,75,False,1,BRIGHT,FOG,8,50,True,True,0,SAFE,SAFE,SAFE,10,0,100,False,1,8,0,12,100,50,False,True,True,False,True,False
31.9,48.03,3905,3,12,1,12.0,90.0,48515.4,83.6,999.0,True,2.45,20.0,0,10,0,False,False,0,WET,NORMAL,8,0,75,False,1,BRIGHT,FOG,8,50,True,True,0,SAFE,SAFE,SAFE,10,0,100,False,1,8,0,12,100,50,False,True,True,False,True,False
31.95,48.27,3925,3,12,1,12.0,90.0,48515.4,83.6,999.0,True,2.45,20.0,0,10,0,False,False,0,WET,NORMAL,8,0,75,False,1,BRIGHT,FOG,8,50,True,True,0,SAFE,SAFE,SAFE,10,0,100,False,1,8,0,12,100,50,False,True,True,False,True,False
32.0,48.53,3946,3,12,1,12.0,90.0,48515.4,83.6,999.0,True,2.45,20.0,0,10,0,False,False,0,WET,NORMAL,8,0,75,False,1,BRIGHT,FOG,8,50,True,True,0,SAFE,SAFE,SAFE,10,0,100,False,1,8,0,12,100,50,False,True,True,False,True,False
32.05,48.81,3968,3,12,1,12.0,90.0,48515.4,83.6,999.0,True,2.45,20.0,0,10,0,False,False,0,WET,NORMAL,8,0,75,False,1,BRIGHT,FOG,8,50,True,True,0,SAFE,SAFE,SAFE,10,0,100,False,1,8,0,12,100,50,False,True,True,False,True,False
32.1,49.09,3991,3,12,1,12.0,90.0,48515.4,83.6,999.0,True,2.45,20.0,0,10,0,False,False,0,WET,NORMAL,8,0,75,False,1,BRIGHT,FOG,8,50,True,True,0,SAFE,SAFE,SAFE,10,0,100,False,1,8,0,12,100,50,False,True,True,False,True,False
32.15,49.38,4015,3,12,1,12.0,90.0,48515.4,83.6,999.0,True,2.45,20.0,0,10,0,False,False,0,WET,NORMAL,8,0,75,False,1,BRIGHT,FOG,8,50,True,True,0,SAFE,SAFE,SAFE,10,0,100,False,1,8,0,12,100,50,False,True,True,False,True,False
32.2,49.68,4039,3,12,1,12.0,90.0,48515.4,83.6,999.0,True,2.45,20.0,0,10,0,False,False,0,WET,NORMAL,8,0,75,False,1,BRIGHT,FOG,8,50,True,True,0,SAFE,SAFE,SAFE,10,0,100,False,1,8,0,12,100,50,False,True,True,False,True,False
32.25,49.98,4064,3,12,1,12.0,90.0,48515.4,83.6,117.53,False,9.63,11.68,0,10,0,False,False,0,WET,NORMAL,8,0,75,False,1,BRIGHT,FOG,8,50,True,True,0,SAFE,SAFE,SAFE,10,0,100,False,1,8,0,12,100,50,False,True,True,False,True,False
32.3,50.29,4088,3,12,1,12.0,90.0,48515.4,83.6,117.05,False,9.57,11.71,0,10,0,False,False,0,WET,NORMAL,8,0,75,False,1,BRIGHT,FOG,0,50,True,True,0,SAFE,SAFE,SAFE,10,0,100,False,1,0,0,12,100,50,False,True,True,False,True,False
32.35,50.49,4105,3,12,1,12.0,90.0,48515.4,83.6,116.58,False,9.46,11.79,0,10,0,False,False,0,WET,NORMAL,8,0,75,False,1,BRIGHT,FOG,0,50,True,True,0,SAFE,SAFE,SAFE,10,0,100,False,1,0,0,12,100,50,False,True,True,False,True,False
32.4,50.53,4108,3,12,1,12.0,90.0,48515.4,83.6,116.11,False,9.33,11.91,0,10,0,False,False,0,WET,NORMAL,8,0,75,False,1,BRIGHT,FOG,0,50,True,True,0,SAFE,SAFE,SAFE,10,0,100,False,1,0,0,12,100,50,False,True,True,False,True,False
32.45,50.42,4099,3,12,1,12.0,90.0,48515.4,83.6,115.65,False,9.14,12.11,0,10,0,False,False,0,WET,NORMAL,8,0,75,False,1,BRIGHT,FOG,0,50,True,True,0,SAFE,SAFE,SAFE,10,0,100,False,1,0,0,12,100,50,False,True,True,False,True,False
32.5,50.22,4083,3,12,1,12.0,90.0,48515.4,83.6,115.2,False,8.93,12.33,0,10,0,False,False,0,WET,NORMAL,8,0,75,False,1,BRIGHT,FOG,0,50,True,True,0,SAFE,SAFE,SAFE,10,0,100,False,1,0,0,12,100,50,False,True,True,False,True,False
32.55,49.98,4063,3,12,1,12.0,90.0,48515.4,83.6,115.29,False,8.67,12.72,0,10,0,False,False,0,WET,NORMAL,8,0,75,False,1,BRIGHT,FOG,8,50,True,True,0,SAFE,SAFE,SAFE,10,0,100,False,1,8,0,12,100,50,False,True,True,False,True,False
32.6,49.79,4048,3,12,1,12.0,90.0,48515.4,83.6,114.86,False,8.58,12.81,0,10,0,False,False,0,WET,NORMAL,8,0,75,False,1,BRIGHT,FOG,8,50,True,True,0,SAFE,SAFE,SAFE,10,0,100,False,1,8,0,12,100,50,False,True,True,False,True,False
32.65,49.67,4038,3,12,1,12.0,90.0,48515.4,83.6,114.44,False,8.35,13.11,0,10,0,False,False,0,WET,NORMAL,8,0,75,False,1,BRIGHT,FOG,8,50,True,True,0,SAFE,SAFE,SAFE,10,0,100,False,1,8,0,12,100,50,False,True,True,False,True,False
32.7,49.62,4034,3,12,1,12.0,90.0,48515.4,83.6,114.01,False,8.49,12.84,0,10,0,False,False,0,WET,NORMAL,8,0,75,False,1,BRIGHT,FOG,8,50,True,True,0,SAFE,SAFE,SAFE,10,0,100,False,1,8,0,12,100,50,False,True,True,False,True,False
32.75,49.69,4040,3,12,1,12.0,90.0,48515.4,83.6,113.59,False,8.46,12.84,0,10,0,False,False,0,WET,NORMAL,8,0,75,False,1,BRIGHT,FOG,8,50,True,True,0,SAFE,SAFE,SAFE,10,0,100,False,1,8,0,12,100,50,False,True,True,False,True,False
32.8,49.83,4051,3,12,1,12.0,90.0,48515.4,83.6,113.16,False,8.59,12.59,0,10,0,False,False,0,WET,NORMAL,8,0,75,False,1,BRIGHT,FOG,8,50,True,True,0,SAFE,SAFE,SAFE,10,0,100,False,1,8,0,12,100,50,False,True,True,False,True,False
32.85,50.02,4067,3,12,1,12.0,90.0,48515.4,83.6,112.73,False,8.55,12.6,0,10,0,False,False,0,WET,NORMAL,8,0,75,False,1,BRIGHT,FOG,8,50,True,True,0,SAFE,SAFE,SAFE,10,0,100,False,1,8,0,12,100,50,False,True,True,False,True,False
32.9,50.21,4082,3,12,1,12.0,90.0,48515.4,83.6,112.32,False,8.23,13.04,0,10,0,False,False,0,WET,NORMAL,8,0,75,False,1,BRIGHT,FOG,0,50,True,True,0,SAFE,SAFE,SAFE,10,0,100,False,1,0,0,12,100,50,False,True,True,False,True,False
32.95,50.23,4083,3,12,1,12.0,90.0,48515.4,83.6,111.92,False,7.74,13.81,0,10,0,False,False,0,WET,NORMAL,8,0,75,False,1,BRIGHT,FOG,0,50,True,True,0,SAFE,SAFE,SAFE,10,0,100,False,1,0,0,12,100,50,False,True,True,False,True,False
33.0,50.08,4072,3,12,1,12.0,90.0,48274.8,83.6,111.94,False,7.5,14.26,0,10,0,False,False,0,WET,NORMAL,8,0,75,False,1,BRIGHT,FOG,8,50,True,True,0,SAFE,SAFE,SAFE,10,0,100,False,1,8,0,12,100,50,False,True,True,False,True,False
33.05,49.95,4061,3,12,1,12.0,90.0,48274.8,83.6,111.71,False,7.11,15.01,0,10,0,False,False,0,WET,NORMAL,8,0,75,False,1,BRIGHT,FOG,8,50,True,True,0,SAFE,SAFE,SAFE,10,0,100,False,1,8,0,12,100,50,False,True,True,False,True,False
33.1,49.8,4048,3,12,1,12.0,90.0,48274.8,83.6,111.35,False,7.05,15.09,0,10,0,False,False,0,WET,NORMAL,8,0,75,False,1,BRIGHT,FOG,8,50,True,True,0,SAFE,SAFE,SAFE,10,0,100,False,1,8,0,12,100,50,False,True,True,False,True,False
33.15,49.68,4039,3,12,1,12.0,90.0,48274.8,83.6,111.01,False,6.82,15.54,0,10,0,False,False,0,WET,NORMAL,8,0,75,False,1,BRIGHT,FOG,8,50,True,True,0,SAFE,SAFE,SAFE,10,0,100,False,1,8,0,12,100,50,False,True,True,False,True,False
33.2,49.65,4037,3,12,1,12.0,90.0,48274.8,83.6,110.67,False,6.79,15.56,0,10,0,False,False,0,WET,NORMAL,8,0,75,False,1,BRIGHT,FOG,8,50,True,True,0,SAFE,SAFE,SAFE,10,0,100,False,1,8,0,12,100,50,False,True,True,False,True,False
33.25,49.72,4043,3,12,1,12.0,90.0,48274.8,83.6,110.33,False,6.61,15.94,0,10,0,False,False,0,WET,NORMAL,8,0,75,False,1,BRIGHT,FOG,8,50,True,True,0,SAFE,SAFE,SAFE,10,0,100,False,1,8,0,12,100,50,False,True,True,False,True,False
33.3,49.86,4054,3,12,1,12.0,90.0,48274.8,83.6,110.0,False,6.63,15.84,0,10,0,False,False,0,WET,NORMAL,8,0,75,False,1,BRIGHT,FOG,8,50,True,True,0,SAFE,SAFE,SAFE,10,0,100,False,1,8,0,12,100,50,False,True,True,False,True,False
33.35,50.06,4070,3,12,1,12.0,90.0,48274.8,83.6,109.67,False,6.53,16.02,0,10,0,False,False,0,WET,NORMAL,8,0,75,False,1,BRIGHT,FOG,8,50,True,True,0,SAFE,SAFE,SAFE,10,0,100,False,1,8,0,12,100,50,False,True,True,False,True,False
33.4,50.26,4086,3,12,1,12.0,90.0,48274.8,83.6,109.34,False,6.64,15.71,0,10,0,False,False,0,WET,NORMAL,8,0,75,False,1,BRIGHT,FOG,0,50,True,True,0,SAFE,SAFE,SAFE,10,0,100,False,1,0,0,12,100,50,False,True,True,False,True,False
33.45,50.27,4087,3,12,1,12.0,90.0,48274.8,83.6,109.12,False,6.56,15.86,0,10,0,False,False,0,WET,NORMAL,8,0,75,False,1,BRIGHT,FOG,0,50,True,True,0,SAFE,SAFE,SAFE,10,0,100,False,1,0,0,12,100,50,False,True,True,False,True,False
33.5,50.13,4075,3,12,1,12.0,90.0,48274.8,83.6,109.21,False,6.63,15.71,0,10,0,False,False,0,WET,NORMAL,8,0,75,False,1,BRIGHT,FOG,8,50,True,True,0,SAFE,SAFE,SAFE,10,0,100,False,1,8,0,12,100,50,False,True,True,False,True,False
33.55,49.99,4064,3,12,1,12.0,90.0,48274.8,83.6,108.88,False,6.56,15.84,0,10,0,False,False,0,WET,NORMAL,8,0,75,False,1,BRIGHT,FOG,8,50,True,True,0,SAFE,SAFE,SAFE,10,0,100,False,1,8,0,12,100,50,False,True,True,False,True,False
33.6,49.84,4052,3,12,1,12.0,90.0,48274.8,83.0,108.55,False,6.65,15.58,0,10,0,False,False,0,WET,NORMAL,8,0,74,False,1,BRIGHT,FOG,0,49,True,True,0,SAFE,SAFE,SAFE,10,0,100,False,1,0,0,12,100,49,False,True,True,False,True,False
33.65,49.62,4034,3,12,1,12.0,90.0,48274.8,82.4,108.22,False,6.55,15.75,0,10,0,False,False,0,WET,NORMAL,8,0,74,False,1,BRIGHT,FOG,0,49,True,True,0,SAFE,SAFE,SAFE,10,0,100,False,1,0,0,12,100,49,False,True,True,False,True,False
33.7,49.34,4012,3,12,1,12.0,90.0,48274.8,81.8,107.89,False,6.61,15.57,0,10,0,False,False,0,WET,NORMAL,8,0,73,False,1,BRIGHT,FOG,0,49,True,True,0,SAFE,SAFE,SAFE,10,0,100,False,1,0,0,12,100,49,False,True,True,False,True,False
33.75,49.06,3989,3,12,1,12.0,90.0,48274.8,81.5,107.56,False,6.48,15.82,0,10,0,False,False,0,WET,NORMAL,8,0,73,False,1,BRIGHT,FOG,0,48,True,True,0,SAFE,SAFE,SAFE,10,0,100,False,1,0,0,12,100,48,False,True,True,False,True,False
33.8,48.76,3964,3,12,1,12.0,90.0,48274.8,81.3,107.24,False,6.51,15.7,0,10,0,False,False,0,WET,NORMAL,8,0,73,False,1,BRIGHT,FOG,8,48,True,True,0,SAFE,SAFE,SAFE,10,0,100,False,1,8,0,12,100,48,False,True,True,False,True,False
33.85,48.54,3946,3,12,1,12.0,90.0,48274.8,80.8,106.92,False,6.37,15.99,0,10,0,False,False,0,WET,NORMAL,8,0,72,False,1,BRIGHT,FOG,0,48,True,True,0,SAFE,SAFE,SAFE,10,0,100,False,1,0,0,12,100,48,False,True,True,False,True,False
33.9,48.25,3923,3,12,1,12.0,90.0,48274.8,80.1,106.6,False,6.37,15.95,0,10,0,False,False,0,WET,NORMAL,8,0,72,False,1,BRIGHT,FOG,0,48,True,True,0,SAFE,SAFE,SAFE,10,0,100,False,1,0,0,12,100,48,False,True,True,False,True,False
33.95,47.95,3898,3,12,1,12.0,90.0,48274.8,79.9,106.71,False,6.17,16.47,0,10,0,False,False,0,WET,NORMAL,8,0,71,False,1,BRIGHT,FOG,0,47,True,True,0,SAFE,SAFE,SAFE,10,0,100,False,1,0,0,12,100,47,False,True,True,False,True,False
34.0,47.64,3873,3,12,1,12.0,90.0,48274.8,79.6,106.51,False,6.14,16.53,0,10,0,False,False,0,WET,NORMAL,8,0,71,False,1,BRIGHT,FOG,8,47,True,True,0,SAFE,SAFE,SAFE,10,0,100,False,1,8,0,12,100,47,False,True,True,False,True,False
34.05,47.41,3855,3,12,1,12.0,90.0,48274.8,79.8,106.2,False,5.95,17.0,0,10,0,False,False,0,WET,NORMAL,8,0,71,False,1,BRIGHT,FOG,8,47,True,True,0,SAFE,SAFE,SAFE,10,0,100,False,1,8,0,12,100,47,False,True,True,False,True,False
34.1,47.19,3837,3,12,1,12.0,90.0,48274.8,79.5,105.91,False,5.94,16.98,0,10,0,False,False,0,WET,NORMAL,8,0,71,False,1,BRIGHT,FOG,8,47,True,True,0,SAFE,SAFE,SAFE,10,0,100,False,1,8,0,12,100,47,False,True,True,False,True,False
34.15,46.98,3820,3,12,1,12.0,90.0,48274.8,79.3,105.62,False,5.77,17.43,0,10,0,False,False,0,WET,NORMAL,8,0,71,False,1,BRIGHT,FOG,8,47,True,True,0,SAFE,SAFE,SAFE,10,0,100,False,1,8,0,12,100,47,False,True,True,False,True,False
34.2,46.78,3803,3,12,1,12.0,90.0,48274.8,79.0,105.33,False,5.79,17.34,0,10,0,False,False,0,WET,NORMAL,8,0,71,False,1,BRIGHT,FOG,8,47,True,True,0,SAFE,SAFE,SAFE,10,0,100,False,1,8,0,12,100,47,False,True,True,False,True,False
34.25,46.64,3792,3,12,1,12.0,90.0,48274.8,79.1,105.04,False,5.66,17.67,0,10,0,False,False,0,WET,NORMAL,8,0,71,False,1,BRIGHT,FOG,8,47,True,True,0,SAFE,SAFE,SAFE,10,0,100,False,1,8,0,12,100,47,False,True,True,False,True,False
34.3,46.59,3788,3,12,1,12.0,90.0,48274.8,79.2,104.76,False,5.74,17.38,0,10,0,False,False,0,WET,NORMAL,8,0,71,False,1,BRIGHT,FOG,8,47,True,True,0,SAFE,SAFE,SAFE,10,0,100,False,1,8,0,12,100,47,False,True,True,False,True,False
34.35,46.64,3792,3,12,1,12.0,90.0,48274.8,79.7,104.47,False,5.69,17.49,0,10,0,False,False,0,WET,NORMAL,8,0,71,False,1,BRIGHT,FOG,8,47,True,True,0,SAFE,SAFE,SAFE,10,0,100,False,1,8,0,12,100,47,False,True,True,False,True,False
34.4,46.76,3802,3,12,1,12.0,90.0,48274.8,79.3,104.18,False,5.83,17.02,0,10,0,False,False,0,WET,NORMAL,8,0,71,False,1,BRIGHT,FOG,8,47,True,True,0,SAFE,SAFE,SAFE,10,0,100,False,1,8,0,12,100,47,False,True,True,False,True,False
34.45,46.94,3816,3,12,1,12.0,90.0,48274.8,79.5,104.31,False,5.81,17.08,0,10,0,False,False,0,WET,NORMAL,8,0,71,False,1,BRIGHT,FOG,8,47,True,True,0,SAFE,SAFE,SAFE,10,0,100,False,1,8,0,12,100,47,False,True,True,False,True,False
34.5,47.15,3833,3,12,1,12.0,90.0,47896.0,79.6,104.12,False,5.97,16.59,0,10,0,False,False,0,WET,NORMAL,8,0,71,False,1,BRIGHT,FOG,8,47,True,True,0,SAFE,SAFE,SAFE,10,0,100,False,1,8,0,12,100,47,False,True,True,False,True,False
34.55,47.36,3850,3,12,1,12.0,90.0,47896.0,80.1,103.82,False,5.97,16.57,0,10,0,False,False,0,WET,NORMAL,8,0,72,False,1,BRIGHT,FOG,8,48,True,True,0,SAFE,SAFE,SAFE,10,0,100,False,1,8,0,12,100,48,False,True,True,False,True,False
34.6,47.49,3861,3,12,1,12.0,90.0,47896.0,80.3,103.52,False,6.09,16.17,0,10,0,False,False,0,WET,NORMAL,8,0,72,False,1,BRIGHT,FOG,8,48,True,True,0,SAFE,SAFE,SAFE,10,0,100,False,1,8,0,12,100,48,False,True,True,False,True,False
34.65,47.63,3872,3,12,1,12.0,90.0,47896.0,80.3,103.22,False,6.05,16.23,0,10,0,False,False,0,WET,NORMAL,8,0,72,False,1,BRIGHT,FOG,8,48,True,True,0,SAFE,SAFE,SAFE,10,0,100,False,1,8,0,12,100,48,False,True,True,False,True,False
34.7,47.81,3887,3,12,1,12.0,90.0,47896.0,80.2,102.91,False,6.18,15.84,0,10,0,False,False,0,WET,NORMAL,8,0,72,False,1,BRIGHT,FOG,8,48,True,True,0,SAFE,SAFE,SAFE,10,0,100,False,1,8,0,12,100,48,False,True,True,False,True,False
34.75,48.03,3905,3,12,1,12.0,90.0,47896.0,80.6,102.6,False,6.15,15.88,0,10,0,False,False,0,WET,NORMAL,8,0,72,False,1,BRIGHT,FOG,8,48,True,True,0,SAFE,SAFE,SAFE,10,0,100,False,1,8,0,12,100,48,False,True,True,False,True,False
34.8,48.24,3922,3,12,1,12.0,90.0,47896.0,80.9,102.29,False,6.28,15.5,0,10,0,False,False,0,WET,NORMAL,8,0,72,False,1,BRIGHT,FOG,8,48,True,True,0,SAFE,SAFE,SAFE,10,0,100,False,1,8,0,12,100,48,False,True,True,False,True,False
34.85,48.33,3929,3,12,1,12.0,90.0,47896.0,81.0,101.98,False,6.2,15.63,0,10,0,False,False,0,WET,NORMAL,8,0,72,False,1,BRIGHT,FOG,8,48,True,True,0,SAFE,SAFE,SAFE,10,0,100,False,1,8,0,12,100,48,False,True,True,False,True,False
34.9,48.29,3926,3,12,1,12.0,90.0,47896.0,80.7,101.67,False,6.26,15.44,0,10,0,False,False,0,WET,NORMAL,8,0,72,False,1,BRIGHT,FOG,8,48,True,True,0,SAFE,SAFE,SAFE,10,0,100,False,1,8,0,12,100,48,False,True,True,False,True,False
34.95,48.18,3917,3,12,1,12.0,90.0,47896.0,80.8,101.89,False,6.14,15.79,0,10,0,False,False,0,WET,NORMAL,8,0,72,False,1,BRIGHT,FOG,8,48,True,True,0,SAFE,SAFE,SAFE,10,0,100,False,1,8,0,12,100,48,False,True,True,False,True,False
35.0,48.02,3904,3,12,1,12.0,90.0,47896.0,80.8,101.58,False,6.17,15.66,0,10,0,False,False,0,WET,NORMAL,8,0,72,False,1,BRIGHT,FOG,8,48,True,True,0,SAFE,SAFE,SAFE,10,0,100,False,1,8,0,12,100,48,False,True,True,False,True,False
35.05,47.84,3889,3,12,1,12.0,90.0,47896.0,81.2,101.28,False,6.03,15.96,0,10,0,False,False,0,WET,NORMAL,8,0,73,False,1,BRIGHT,FOG,8,48,True,True,0,SAFE,SAFE,SAFE,10,0,100,False,1,8,0,12,100,48,False,True,True,False,True,False
35.1,47.65,3874,3,12,1,12.0,90.0,47896.0,80.9,100.97,False,6.07,15.81,0,10,0,False,False,0,WET,NORMAL,8,0,72,False,1,BRIGHT,FOG,8,48,True,True,0,SAFE,SAFE,SAFE,10,0,100,False,1,8,0,12,100,48,False,True,True,False,True,False
35.15,47.52,3863,3,12,1,12.0,90.0,47896.0,80.7,100.67,False,5.96,16.06,0,10,0,False,False,0,WET,NORMAL,8,0,72,False,1,BRIGHT,FOG,8,48,True,True,0,SAFE,SAFE,SAFE,10,0,100,False,1,8,0,12,100,48,False,True,True,False,True,False
35.2,47.47,3860,3,12,1,12.0,90.0,47896.0,80.5,100.37,False,6.04,15.8,0,10,0,False,False,0,WET,NORMAL,8,0,72,False,1,BRIGHT,FOG,8,48,True,True,0,SAFE,SAFE,SAFE,10,0,100,False,1,8,0,12,100,48,False,True,True,False,True,False
35.25,47.54,3865,3,12,1,12.0,90.0,47896.0,80.8,100.07,False,5.98,15.9,0,10,0,False,False,0,WET,NORMAL,8,0,72,False,1,BRIGHT,FOG,8,48,True,True,0,SAFE,SAFE,SAFE,10,0,100,False,1,8,0,12,100,48,False,True,True,False,True,False
35.3,47.66,3875,3,12,1,12.0,90.0,47896.0,81.0,99.77,False,6.11,15.52,0,10,0,False,False,0,WET,NORMAL,8,0,72,False,1,BRIGHT,FOG,8,48,True,True,0,SAFE,SAFE,SAFE,10,0,100,False,1,8,0,12,100,48,False,True,True,False,True,False
35.35,47.85,3890,3,12,1,12.0,90.0,47896.0,81.1,99.47,False,6.08,15.53,0,10,0,False,False,0,WET,NORMAL,8,0,72,False,1,BRIGHT,FOG,8,48,True,True,0,SAFE,SAFE,SAFE,10,0,100,False,1,8,0,12,100,48,False,True,True,False,True,False
35.4,48.06,3907,3,12,1,12.0,90.0,47896.0,80.8,99.16,False,6.23,15.11,0,10,0,False,False,0,WET,NORMAL,8,0,72,False,1,BRIGHT,FOG,8,48,True,True,0,SAFE,SAFE,SAFE,10,0,100,False,1,8,0,12,100,48,False,True,True,False,True,False
35.45,48.27,3925,3,12,1,12.0,90.0,47896.0,81.0,99.37,False,6.21,15.21,0,10,0,False,False,0,WET,NORMAL,8,0,72,False,1,BRIGHT,FOG,8,48,True,True,0,SAFE,SAFE,SAFE,10,0,100,False,1,8,0,12,100,48,False,True,True,False,True,False
35.5,48.36,3932,3,12,1,12.0,90.0,47896.0,81.1,99.06,False,6.31,14.9,0,10,0,False,False,0,WET,NORMAL,8,0,73,False,1,BRIGHT,FOG,8,48,True,True,0,SAFE,SAFE,SAFE,10,0,100,False,1,8,0,12,100,48,False,True,True,False,True,False
35.55,48.33,3929,3,12,1,12.0,90.0,47896.0,81.6,98.75,False,6.21,15.09,0,10,0,False,False,0,WET,NORMAL,8,0,73,False,1,BRIGHT,FOG,8,48,True,True,0,SAFE,SAFE,SAFE,10,0,100,False,1,8,0,12,100,48,False,True,True,False,True,False
35.6,48.21,3919,3,12,1,12.0,90.0,47896.0,81.2,98.44,False,6.26,14.93,0,10,0,False,False,0,WET,NORMAL,8,0,73,False,1,BRIGHT,FOG,8,48,True,True,0,SAFE,SAFE,SAFE,10,0,100,False,1,8,0,12,100,48,False,True,True,False,True,False
35.65,48.05,3907,3,12,1,12.0,90.0,47896.0,81.1,98.13,False,6.12,15.21,0,10,0,False,False,0,WET,NORMAL,8,0,72,False,1,BRIGHT,FOG,8,48,True,True,0,SAFE,SAFE,SAFE,10,0,100,False,1,8,0,12,100,48,False,True,True,False,True,False
