Time,Speed,RPM,Gear,Steering,Weather,Temperature,Humidity,Lux,RoadSpeedLimit,FrontDistance,DistanceOverRange,ClosingSpeed,TTC,TTCRisk,TTCThrottle,TTCBrake,TTCGearDown,TTCHazard,RoadRisk,RoadSurfaceGrade,RoadShockGrade,RoadThrottle,RoadBrake,RoadSpeedLimitCmd,RoadGearDown,VisionRisk,VisionLuxGrade,VisionWeatherGrade,VisionThrottle,VisionSpeedLimitCmd,VisionHeadlight,VisionHazard,PostureRisk,PostureRollGrade,PostureYawGrade,PostureLateralGrade,PostureThrottle,PostureBrake,PostureSteerRateLimit,PostureGearDown,FinalRisk,FinalThrottle,FinalBrake,FinalSteering,FinalSteerRateLimit,FinalSpeedLimit,FinalGearDown,Headlight,Hazard,ManualMode,AutonomousControl,EmergencyStop
0.05,1.76,800,1,12,0,22.0,30.0,58516.5,30,999.0,True,0.0,20.0,0,10,0,False,False,0,DRY,NORMAL,10,0,30,False,0,BRIGHT,CLEAR,10,30,False,False,0,SAFE,SAFE,SAFE,10,0,100,False,0,10,0,12,100,30,False,False,False,False,True,False
0.1,3.53,1146,1,12,0,22.0,30.0,58516.5,30,999.0,True,0.0,20.0,0,10,0,False,False,0,DRY,NORMAL,10,0,30,False,0,BRIGHT,CLEAR,10,30,False,False,0,SAFE,SAFE,SAFE,10,0,100,False,0,10,0,12,100,30,False,False,False,False,True,False
0.15,5.29,1719,1,12,0,22.0,30.0,58516.5,30,999.0,True,0.0,20.0,0,10,0,False,False,0,DRY,NORMAL,10,0,30,False,0,BRIGHT,CLEAR,10,30,False,False,0,SAFE,SAFE,SAFE,10,0,100,False,0,10,0,12,100,30,False,False,False,False,True,False
0.2,7.06,2292,1,12,0,22.0,30.0,58516.5,30,999.0,True,0.0,20.0,0,10,0,False,False,0,DRY,NORMAL,10,0,30,False,0,BRIGHT,CLEAR,10,30,False,False,0,SAFE,SAFE,SAFE,10,0,100,False,0,10,0,12,100,30,False,False,False,False,True,False
0.25,8.57,2784,1,12,0,22.0,30.0,58516.5,30,999.0,True,0.0,20.0,0,10,0,False,False,0,DRY,NORMAL,10,0,30,False,0,BRIGHT,CLEAR,10,30,False,False,0,SAFE,SAFE,SAFE,10,0,100,False,0,10,0,12,100,30,False,False,False,False,True,False
0.3,4.42,1437,1,12,0,22.0,30.0,58516.5,30,999.0,True,0.0,20.0,0,10,0,False,False,0,DRY,NORMAL,10,0,30,False,0,BRIGHT,CLEAR,10,30,False,False,0,SAFE,SAFE,SAFE,10,0,100,False,0,10,0,12,100,30,False,False,False,False,True,False
0.35,2.04,800,1,12,0,22.0,30.0,58516.5,30,999.0,True,0.0,20.0,0,10,0,False,False,0,DRY,NORMAL,10,0,30,False,0,BRIGHT,CLEAR,10,30,False,False,0,SAFE,SAFE,SAFE,10,0,100,False,0,10,0,12,100,30,False,False,False,False,True,False
0.4,1.84,800,1,12,0,22.0,30.0,58516.5,30,999.0,True,0.0,20.0,0,10,0,False,False,0,DRY,NORMAL,10,0,30,False,0,BRIGHT,CLEAR,10,30,False,False,0,SAFE,SAFE,SAFE,10,0,100,False,0,10,0,12,100,30,False,False,False,False,True,False
0.45,2.5,811,1,12,0,22.0,30.0,58516.5,30,999.0,True,0.0,20.0,0,10,0,False,False,0,DRY,NORMAL,10,0,30,False,0,BRIGHT,CLEAR,10,30,False,False,0,SAFE,SAFE,SAFE,10,0,100,False,0,10,0,12,100,30,False,False,False,False,True,False
0.5,3.19,1035,1,12,0,22.0,30.0,58516.5,30,999.0,True,0.0,20.0,0,10,0,False,False,0,DRY,NORMAL,10,0,30,False,0,BRIGHT,CLEAR,10,30,False,False,0,SAFE,SAFE,SAFE,10,0,100,False,0,10,0,12,100,30,False,False,False,False,True,False
0.55,4.09,1329,1,12,0,22.0,30.0,58516.5,30,999.0,True,0.0,20.0,0,10,0,False,False,0,DRY,NORMAL,10,0,30,False,0,BRIGHT,CLEAR,10,30,False,False,0,SAFE,SAFE,SAFE,10,0,100,False,0,10,0,12,100,30,False,False,False,False,True,False
0.6,4.74,1540,1,12,0,22.0,30.0,58516.5,30,999.0,True,0.0,20.0,0,10,0,False,False,0,DRY,NORMAL,10,0,30,False,0,BRIGHT,CLEAR,10,30,False,False,0,SAFE,SAFE,SAFE,10,0,100,False,0,10,0,12,100,30,False,False,False,False,True,False
0.65,5.48,1780,1,12,0,22.0,30.0,58516.5,30,999.0,True,0.0,20.0,0,10,0,False,False,0,DRY,NORMAL,10,0,30,False,0,BRIGHT,CLEAR,10,30,False,False,0,SAFE,SAFE,SAFE,10,0,100,False,0,10,0,12,100,30,False,False,False,False,True,False
0.7,6.08,1975,1,12,0,22.0,30.0,58516.5,30,999.0,True,0.0,20.0,0,10,0,False,False,0,DRY,NORMAL,10,0,30,False,0,BRIGHT,CLEAR,10,30,False,False,0,SAFE,SAFE,SAFE,10,0,100,False,0,10,0,12,100,30,False,False,False,False,True,False
0.75,6.81,2213,1,12,0,22.0,30.0,58516.5,30,999.0,True,0.0,20.0,0,10,0,False,False,0,DRY,NORMAL,10,0,30,False,0,BRIGHT,CLEAR,10,30,False,False,0,SAFE,SAFE,SAFE,10,0,100,False,0,10,0,12,100,30,False,False,False,False,True,False
0.8,7.51,2438,1,12,0,22.0,30.0,58516.5,30,999.0,True,0.0,20.0,0,10,0,False,False,0,DRY,NORMAL,10,0,30,False,0,BRIGHT,CLEAR,10,30,False,False,0,SAFE,SAFE,SAFE,10,0,100,False,0,10,0,12,100,30,False,False,False,False,True,False
0.85,8.2,2664,1,12,0,22.0,30.0,58516.5,30,999.0,True,0.0,20.0,0,10,0,False,False,0,DRY,NORMAL,10,0,30,False,0,BRIGHT,CLEAR,10,30,False,False,0,SAFE,SAFE,SAFE,10,0,100,False,0,10,0,12,100,30,False,False,False,False,True,False
0.9,8.91,2894,1,12,0,22.0,30.0,58516.5,30,999.0,True,0.0,20.0,0,10,0,False,False,0,DRY,NORMAL,10,0,30,False,0,BRIGHT,CLEAR,10,30,False,False,0,SAFE,SAFE,SAFE,10,0,100,False,0,10,0,12,100,30,False,False,False,False,True,False
0.95,9.62,3126,1,12,0,22.0,30.0,58516.5,30,999.0,True,0.0,20.0,0,10,0,False,False,0,DRY,NORMAL,10,0,30,False,0,BRIGHT,CLEAR,10,30,False,False,0,SAFE,SAFE,SAFE,10,0,100,False,0,10,0,12,100,30,False,False,False,False,True,False
1.0,10.34,3359,1,12,0,22.0,30.0,58516.5,30,999.0,True,0.0,20.0,0,10,0,False,False,0,DRY,NORMAL,10,0,30,False,0,BRIGHT,CLEAR,10,30,False,False,0,SAFE,SAFE,SAFE,10,0,100,False,0,10,0,12,100,30,False,False,False,False,True,False
1.05,11.06,3593,1,12,0,22.0,30.0,58516.5,30,999.0,True,0.0,20.0,0,10,0,False,False,0,DRY,NORMAL,10,0,30,False,0,BRIGHT,CLEAR,10,30,False,False,0,SAFE,SAFE,SAFE,10,0,100,False,0,10,0,12,100,30,False,False,False,False,True,False
1.1,11.78,3827,1,12,0,22.0,30.0,58516.5,30,999.0,True,0.0,20.0,0,10,0,False,False,0,DRY,NORMAL,10,0,30,False,0,BRIGHT,CLEAR,10,30,False,False,0,SAFE,SAFE,SAFE,10,0,100,False,0,10,0,12,100,30,False,False,False,False,True,False
1.15,12.5,4060,1,12,0,22.0,30.0,58516.5,30,999.0,True,0.0,20.0,0,10,0,False,False,0,DRY,NORMAL,10,0,30,False,0,BRIGHT,CLEAR,10,30,False,False,0,SAFE,SAFE,SAFE,10,0,100,False,0,10,0,12,100,30,False,False,False,False,True,False
1.2,13.21,4293,1,12,0,22.0,30.0,58516.5,30,999.0,True,0.0,20.0,0,10,0,False,False,0,DRY,NORMAL,10,0,30,False,0,BRIGHT,CLEAR,10,30,False,False,0,SAFE,SAFE,SAFE,10,0,100,False,0,10,0,12,100,30,False,False,False,False,True,False
1.25,13.94,4528,1,12,0,22.0,30.0,58516.5,30,999.0,True,0.0,20.0,0,10,0,False,False,0,DRY,NORMAL,10,0,30,False,0,BRIGHT,CLEAR,10,30,False,False,0,SAFE,SAFE,SAFE,10,0,100,False,0,10,0,12,100,29.76,False,False,False,False,True,False
1.3,14.67,4764,1,12,0,22.0,30.0,58516.5,30,999.0,True,0.0,20.0,0,10,0,False,False,0,DRY,NORMAL,10,0,30,False,0,BRIGHT,CLEAR,10,30,False,False,0,SAFE,SAFE,SAFE,10,0,100,False,0,10,0,12,100,29.76,False,False,False,False,True,False
1.35,15.4,5004,1,12,0,22.0,30.0,58516.5,30,999.0,True,0.0,20.0,0,10,0,False,False,0,DRY,NORMAL,10,0,30,False,0,BRIGHT,CLEAR,10,30,False,False,0,SAFE,SAFE,SAFE,10,0,100,False,0,10,0,12,100,29.76,False,False,False,False,True,False
1.4,16.16,5249,1,12,0,22.0,30.0,58516.5,30,999.0,True,0.0,20.0,0,10,0,False,False,0,DRY,NORMAL,10,0,30,False,0,BRIGHT,CLEAR,10,30,False,False,0,SAFE,SAFE,SAFE,10,0,100,False,0,10,0,12,100,29.76,False,False,False,False,True,False
1.45,16.93,5500,1,12,0,22.0,30.0,58516.5,30,999.0,True,0.0,20.0,0,10,0,False,False,0,DRY,NORMAL,10,0,30,False,0,BRIGHT,CLEAR,10,30,False,False,0,SAFE,SAFE,SAFE,10,0,100,False,0,10,0,12,100,29.76,False,False,False,False,True,False
1.5,17.73,5760,1,12,0,22.0,30.0,83519.4,30,999.0,True,0.0,20.0,0,10,0,False,False,0,DRY,NORMAL,10,0,30,False,0,BRIGHT,CLEAR,10,30,False,False,0,SAFE,SAFE,SAFE,10,0,100,False,0,10,0,12,100,29.76,False,False,False,False,True,False
1.55,18.57,6031,1,12,0,22.0,30.0,83519.4,30,999.0,True,0.0,20.0,0,10,0,False,False,0,DRY,NORMAL,10,0,30,False,0,BRIGHT,CLEAR,10,30,False,False,0,SAFE,SAFE,SAFE,10,0,100,False,0,10,0,12,100,29.76,False,False,False,False,True,False
1.6,19.19,6234,1,12,0,22.0,30.0,83519.4,30,999.0,True,0.0,20.0,0,10,0,False,False,0,DRY,NORMAL,10,0,30,False,0,BRIGHT,CLEAR,10,30,False,False,0,SAFE,SAFE,SAFE,10,0,100,False,0,10,0,12,100,29.76,False,False,False,False,True,False
1.65,19.27,6261,1,12,0,22.0,30.0,83519.4,30,999.0,True,0.0,20.0,0,10,0,False,False,0,DRY,NORMAL,10,0,30,False,0,BRIGHT,CLEAR,10,30,False,False,0,SAFE,SAFE,SAFE,10,0,100,False,0,10,0,12,100,29.76,False,False,False,False,True,False
1.7,20.06,6516,2,12,0,22.0,30.0,83519.4,30,999.0,True,0.0,20.0,0,10,0,False,False,0,DRY,NORMAL,10,0,30,False,0,BRIGHT,CLEAR,10,30,False,False,0,SAFE,SAFE,SAFE,10,0,100,False,0,10,0,12,100,29.76,False,False,False,False,True,False
1.75,21.16,2497,2,12,0,22.0,30.0,83519.4,30,999.0,True,0.0,20.0,0,10,0,False,False,0,DRY,NORMAL,10,0,30,False,0,BRIGHT,CLEAR,10,30,False,False,0,SAFE,SAFE,SAFE,10,0,100,False,0,10,0,12,100,29.76,False,False,False,False,True,False
1.8,22.47,2651,2,12,0,22.0,30.0,83519.4,30,999.0,True,0.0,20.0,0,10,0,False,False,0,DRY,NORMAL,10,0,30,False,0,BRIGHT,CLEAR,10,30,False,False,0,SAFE,SAFE,SAFE,10,0,100,False,0,10,0,12,100,29.76,False,False,False,False,True,False
1.85,23.27,2745,2,12,0,22.0,30.0,83519.4,30,999.0,True,0.0,20.0,0,10,0,False,False,0,DRY,NORMAL,10,0,30,False,0,BRIGHT,CLEAR,10,30,False,False,0,SAFE,SAFE,SAFE,10,0,100,False,0,10,0,12,100,29.76,False,False,False,False,True,False
1.9,24.41,2880,2,12,0,22.0,30.0,83519.4,30,999.0,True,0.0,20.0,0,10,0,False,False,0,DRY,NORMAL,10,0,30,False,0,BRIGHT,CLEAR,10,30,False,False,0,SAFE,SAFE,SAFE,10,0,100,False,0,10,0,12,100,29.76,False,False,False,False,True,False
1.95,25.16,2968,2,12,0,22.0,30.0,83519.4,30,999.0,True,0.0,20.0,0,10,0,False,False,0,DRY,NORMAL,10,0,30,False,0,BRIGHT,CLEAR,10,30,False,False,0,SAFE,SAFE,SAFE,10,0,100,False,0,10,0,12,100,29.76,False,False,False,False,True,False
2.0,26.17,3088,2,12,0,22.0,30.0,83519.4,30,999.0,True,0.0,20.0,0,10,0,False,False,0,DRY,NORMAL,10,0,30,False,0,BRIGHT,CLEAR,10,30,False,False,0,SAFE,SAFE,SAFE,10,0,100,False,0,10,0,12,100,29.76,False,False,False,False,True,False
2.05,26.85,3169,2,12,0,22.0,30.0,83519.4,30,999.0,True,0.0,20.0,0,10,0,False,False,0,DRY,NORMAL,10,0,30,False,0,BRIGHT,CLEAR,10,30,False,False,0,SAFE,SAFE,SAFE,10,0,100,False,0,10,0,12,100,29.76,False,False,False,False,True,False
2.1,27.82,3283,2,12,0,22.0,30.0,83519.4,30,999.0,True,0.0,20.0,0,10,0,False,False,0,DRY,NORMAL,10,0,30,False,0,BRIGHT,CLEAR,10,30,False,False,0,SAFE,SAFE,SAFE,10,0,100,False,0,10,0,12,100,29.76,False,False,False,False,True,False
2.15,28.5,3363,2,12,0,22.0,30.0,83519.4,30,999.0,True,0.0,20.0,0,10,0,False,False,0,DRY,NORMAL,10,0,30,False,0,BRIGHT,CLEAR,10,30,False,False,0,SAFE,SAFE,SAFE,10,0,100,False,0,10,0,12,100,29.76,False,False,False,False,True,False
2.2,29.45,3475,2,12,0,22.0,30.0,83519.4,30,999.0,True,0.0,20.0,0,10,0,False,False,0,DRY,NORMAL,10,0,30,False,0,BRIGHT,CLEAR,10,30,False,False,0,SAFE,SAFE,SAFE,10,0,100,False,0,10,0,12,100,29.76,False,False,False,False,True,False
2.25,30.14,3557,2,12,0,22.0,30.0,83519.4,30,999.0,True,0.0,20.0,0,10,0,False,False,0,DRY,NORMAL,10,0,30,False,0,BRIGHT,CLEAR,10,30,False,False,0,SAFE,SAFE,SAFE,10,0,100,False,0,10,0,12,100,29.76,False,False,False,False,True,False
2.3,31.04,3663,2,12,0,22.0,30.0,83519.4,30,999.0,True,0.0,20.0,0,10,0,False,False,0,DRY,NORMAL,10,0,30,False,0,BRIGHT,CLEAR,10,30,False,False,0,SAFE,SAFE,SAFE,10,0,100,False,0,10,0,12,100,29.76,False,False,False,False,True,False
2.35,31.46,3712,2,12,0,22.0,30.0,83519.4,30,999.0,True,0.0,20.0,0,10,0,False,False,0,DRY,NORMAL,10,0,30,False,0,BRIGHT,CLEAR,10,30,False,False,0,SAFE,SAFE,SAFE,10,0,100,False,0,10,0,12,100,29.76,False,False,False,False,True,False
2.4,31.8,3752,2,12,0,22.0,30.0,83519.4,30,999.0,True,0.0,20.0,0,10,0,False,False,0,DRY,NORMAL,10,0,30,False,0,BRIGHT,CLEAR,10,30,False,False,0,SAFE,SAFE,SAFE,10,0,100,False,0,10,0,12,100,29.76,False,False,False,False,True,False
2.45,31.71,3742,2,12,0,22.0,30.0,83519.4,30,999.0,True,0.0,20.0,0,10,0,False,False,0,DRY,NORMAL,10,0,30,False,0,BRIGHT,CLEAR,10,30,False,False,0,SAFE,SAFE,SAFE,10,0,100,False,0,10,0,12,100,29.76,False,False,False,False,True,False
2.5,31.73,3744,2,12,0,22.0,30.0,83519.4,30,999.0,True,0.0,20.0,0,10,0,False,False,0,DRY,NORMAL,10,0,30,False,0,BRIGHT,CLEAR,10,30,False,False,0,SAFE,SAFE,SAFE,10,0,100,False,0,10,0,12,100,29.76,False,False,False,False,True,False
2.55,31.45,3711,2,12,0,22.0,30.0,83519.4,30,999.0,True,0.0,20.0,0,10,0,False,False,0,DRY,NORMAL,10,0,30,False,0,BRIGHT,CLEAR,10,30,False,False,0,SAFE,SAFE,SAFE,10,0,100,False,0,10,0,12,100,29.76,False,False,False,False,True,False
2.6,31.36,3700,2,12,0,22.0,30.0,83519.4,30,999.0,True,0.0,20.0,0,10,0,False,False,0,DRY,NORMAL,10,0,30,False,0,BRIGHT,CLEAR,10,30,False,False,0,SAFE,SAFE,SAFE,10,0,100,False,0,10,0,12,100,29.76,False,False,False,False,True,False
2.65,31.0,3658,2,12,0,22.0,30.0,83519.4,30,999.0,True,0.0,20.0,0,10,0,False,False,0,DRY,NORMAL,10,0,30,False,0,BRIGHT,CLEAR,10,30,False,False,0,SAFE,SAFE,SAFE,10,0,100,False,0,10,0,12,100,29.76,False,False,False,False,True,False
2.7,30.87,3643,2,12,0,22.0,30.0,83519.4,30,999.0,True,0.0,20.0,0,10,0,False,False,0,DRY,NORMAL,10,0,30,False,0,BRIGHT,CLEAR,10,30,False,False,0,SAFE,SAFE,SAFE,10,0,100,False,0,10,0,12,100,29.76,False,False,False,False,True,False
2.75,30.49,3597,2,12,0,22.0,30.0,83519.4,30,999.0,True,0.0,20.0,0,10,0,False,False,0,DRY,NORMAL,10,0,30,False,0,BRIGHT,CLEAR,10,30,False,False,0,SAFE,SAFE,SAFE,10,0,100,False,0,10,0,12,100,29.76,False,False,False,False,True,False
2.8,30.34,3581,2,12,0,22.0,30.0,83519.4,30,999.0,True,0.0,20.0,0,10,0,False,False,0,DRY,NORMAL,10,0,30,False,0,BRIGHT,CLEAR,10,30,False,False,0,SAFE,SAFE,SAFE,10,0,100,False,0,10,0,12,100,29.76,False,False,False,False,True,False
2.85,29.95,3534,2,12,0,22.0,30.0,83519.4,30,999.0,True,0.0,20.0,0,10,0,False,False,0,DRY,NORMAL,10,0,30,False,0,BRIGHT,CLEAR,10,30,False,False,0,SAFE,SAFE,SAFE,10,0,100,False,0,10,0,12,100,29.76,False,False,False,False,True,False
2.9,29.81,3517,2,12,0,22.0,30.0,83519.4,30,999.0,True,0.0,20.0,0,10,0,False,False,0,DRY,NORMAL,10,0,30,False,0,BRIGHT,CLEAR,10,30,False,False,0,SAFE,SAFE,SAFE,10,0,100,False,0,10,0,12,100,29.76,False,False,False,False,True,False
2.95,29.41,3470,2,12,0,22.0,30.0,83519.4,30,999.0,True,0.0,20.0,0,10,0,False,False,0,DRY,NORMAL,10,0,30,False,0,BRIGHT,CLEAR,10,30,False,False,0,SAFE,SAFE,SAFE,10,0,100,False,0,10,0,12,100,29.76,False,False,False,False,True,False
3.0,29.29,3456,2,12,0,22.0,30.0,93346.2,30,999.0,True,0.0,20.0,0,10,0,False,False,0,DRY,NORMAL,10,0,30,False,0,BRIGHT,CLEAR,10,30,False,False,0,SAFE,SAFE,SAFE,10,0,100,False,0,10,0,12,100,29.76,False,False,False,False,True,False
3.05,28.97,3419,2,12,0,22.0,30.0,93346.2,30,999.0,True,0.0,20.0,0,10,0,False,False,0,DRY,NORMAL,10,0,30,False,0,BRIGHT,CLEAR,10,30,False,False,0,SAFE,SAFE,SAFE,10,0,100,False,0,10,0,12,100,29.76,False,False,False,False,True,False
3.1,29.03,3425,2,12,0,22.0,30.0,93346.2,30,999.0,True,0.0,20.0,0,10,0,False,False,0,DRY,NORMAL,10,0,30,False,0,BRIGHT,CLEAR,10,30,False,False,0,SAFE,SAFE,SAFE,10,0,100,False,0,10,0,12,100,29.76,False,False,False,False,True,False
3.15,28.99,3421,2,12,0,22.0,30.0,93346.2,30,999.0,True,0.0,20.0,0,10,0,False,False,0,DRY,NORMAL,10,0,30,False,0,BRIGHT,CLEAR,10,30,False,False,0,SAFE,SAFE,SAFE,10,0,100,False,0,10,0,12,100,29.76,False,False,False,False,True,False
3.2,29.36,3465,2,12,0,22.0,30.0,93346.2,30,999.0,True,0.0,20.0,0,10,0,False,False,0,DRY,NORMAL,10,0,30,False,0,BRIGHT,CLEAR,10,30,False,False,0,SAFE,SAFE,SAFE,10,0,100,False,0,10,0,12,100,29.76,False,False,False,False,True,False
3.25,29.62,3495,2,12,0,22.0,30.0,93346.2,30,999.0,True,0.0,20.0,0,10,0,False,False,0,DRY,NORMAL,10,0,30,False,0,BRIGHT,CLEAR,10,30,False,False,0,SAFE,SAFE,SAFE,10,0,100,False,0,10,0,12,100,29.76,False,False,False,False,True,False
3.3,30.23,3567,2,12,0,22.0,30.0,93346.2,30,999.0,True,0.0,20.0,0,10,0,False,False,0,DRY,NORMAL,10,0,30,False,0,BRIGHT,CLEAR,10,30,False,False,0,SAFE,SAFE,SAFE,10,0,100,False,0,10,0,12,100,29.76,False,False,False,False,True,False
3.35,30.64,3615,2,12,0,22.0,30.0,93346.2,30,999.0,True,0.0,20.0,0,10,0,False,False,0,DRY,NORMAL,10,0,30,False,0,BRIGHT,CLEAR,10,30,False,False,0,SAFE,SAFE,SAFE,10,0,100,False,0,10,0,12,100,29.76,False,False,False,False,True,False
3.4,31.13,3674,2,12,0,22.0,30.0,93346.2,30,999.0,True,0.0,20.0,0,10,0,False,False,0,DRY,NORMAL,10,0,30,False,0,BRIGHT,CLEAR,10,30,False,False,0,SAFE,SAFE,SAFE,10,0,100,False,0,10,0,12,100,29.76,False,False,False,False,True,False
3.45,31.15,3676,2,12,0,22.0,30.0,93346.2,30,999.0,True,0.0,20.0,0,10,0,False,False,0,DRY,NORMAL,10,0,30,False,0,BRIGHT,CLEAR,10,30,False,False,0,SAFE,SAFE,SAFE,10,0,100,False,0,10,0,12,100,29.76,False,False,False,False,True,False
3.5,31.24,3687,2,12,0,22.0,30.0,93346.2,30,999.0,True,0.0,20.0,0,10,0,False,False,0,DRY,NORMAL,10,0,30,False,0,BRIGHT,CLEAR,10,30,False,False,0,SAFE,SAFE,SAFE,10,0,100,False,0,10,0,12,100,29.76,False,False,False,False,True,False
3.55,31.0,3658,2,12,0,22.0,30.0,93346.2,30,999.0,True,0.0,20.0,0,10,0,False,False,0,DRY,NORMAL,10,0,30,False,0,BRIGHT,CLEAR,10,30,False,False,0,SAFE,SAFE,SAFE,10,0,100,False,0,10,0,12,100,29.76,False,False,False,False,True,False
3.6,30.94,3651,2,12,0,22.0,30.0,93346.2,30,999.0,True,0.0,20.0,0,10,0,False,False,0,DRY,NORMAL,10,0,30,False,0,BRIGHT,CLEAR,10,30,False,False,0,SAFE,SAFE,SAFE,10,0,100,False,0,10,0,12,100,29.76,False,False,False,False,True,False
3.65,30.6,3611,2,12,0,22.0,30.0,93346.2,30,999.0,True,0.0,20.0,0,10,0,False,False,0,DRY,NORMAL,10,0,30,False,0,BRIGHT,CLEAR,10,30,False,False,0,SAFE,SAFE,SAFE,10,0,100,False,0,10,0,12,100,29.76,False,False,False,False,True,False
3.7,30.48,3597,2,12,0,22.0,30.0,93346.2,30,999.0,True,0.0,20.0,0,10,0,False,False,0,DRY,NORMAL,10,0,30,False,0,BRIGHT,CLEAR,10,30,False,False,0,SAFE,SAFE,SAFE,10,0,100,False,0,10,0,12,100,29.76,False,False,False,False,True,False
3.75,30.11,3553,2,12,0,22.0,30.0,93346.2,30,999.0,True,0.0,20.0,0,10,0,False,False,0,DRY,NORMAL,10,0,30,False,0,BRIGHT,CLEAR,10,30,False,False,0,SAFE,SAFE,SAFE,10,0,100,False,0,10,0,12,100,29.76,False,False,False,False,True,False
3.8,29.97,3537,2,12,0,22.0,30.0,93346.2,30,999.0,True,0.0,20.0,0,10,0,False,False,0,DRY,NORMAL,10,0,30,False,0,BRIGHT,CLEAR,10,30,False,False,0,SAFE,SAFE,SAFE,10,0,100,False,0,10,0,12,100,30,False,False,False,False,True,False
3.85,29.6,3493,2,12,0,22.0,30.0,93346.2,30,999.0,True,0.0,20.0,0,10,0,False,False,0,DRY,NORMAL,10,0,30,False,0,BRIGHT,CLEAR,10,30,False,False,0,SAFE,SAFE,SAFE,10,0,100,False,0,10,0,12,100,30,False,False,False,False,True,False
3.9,29.54,3486,2,12,0,22.0,30.0,93346.2,30,999.0,True,0.0,20.0,0,10,0,False,False,0,DRY,NORMAL,10,0,30,False,0,BRIGHT,CLEAR,10,30,False,False,0,SAFE,SAFE,SAFE,10,0,100,False,0,10,0,12,100,30,False,False,False,False,True,False
3.95,29.35,3463,2,12,0,22.0,30.0,93346.2,30,999.0,True,0.0,20.0,0,10,0,False,False,0,DRY,NORMAL,10,0,30,False,0,BRIGHT,CLEAR,10,30,False,False,0,SAFE,SAFE,SAFE,10,0,100,False,0,10,0,12,100,30,False,False,False,False,True,False
4.0,29.56,3488,2,12,0,22.0,30.0,93346.2,30,999.0,True,0.0,20.0,0,10,0,False,False,0,DRY,NORMAL,10,0,30,False,0,BRIGHT,CLEAR,10,30,False,False,0,SAFE,SAFE,SAFE,10,0,100,False,0,10,0,12,100,30,False,False,False,False,True,False
4.05,29.69,3504,2,12,0,22.0,30.0,93346.2,30,999.0,True,0.0,20.0,0,10,0,False,False,0,DRY,NORMAL,10,0,30,False,0,BRIGHT,CLEAR,10,30,False,False,0,SAFE,SAFE,SAFE,10,0,100,False,0,10,0,12,100,30,False,False,False,False,True,False
4.1,30.2,3564,2,12,0,22.0,30.0,93346.2,30,999.0,True,0.0,20.0,0,10,0,False,False,0,DRY,NORMAL,10,0,30,False,0,BRIGHT,CLEAR,10,30,False,False,0,SAFE,SAFE,SAFE,10,0,100,False,0,10,0,12,100,30,False,False,False,False,True,False
4.15,30.53,3603,2,12,0,22.0,30.0,93346.2,30,999.0,True,0.0,20.0,0,10,0,False,False,0,DRY,NORMAL,10,0,30,False,0,BRIGHT,CLEAR,10,30,False,False,0,SAFE,SAFE,SAFE,10,0,100,False,0,10,0,12,100,30,False,False,False,False,True,False
4.2,30.98,3656,2,12,0,22.0,30.0,93346.2,30,999.0,True,0.0,20.0,0,10,0,False,False,0,DRY,NORMAL,10,0,30,False,0,BRIGHT,CLEAR,10,30,False,False,0,SAFE,SAFE,SAFE,10,0,100,False,0,10,0,12,100,30,False,False,False,False,True,False
4.25,30.97,3655,2,12,0,22.0,30.0,93346.2,30,999.0,True,0.0,20.0,0,10,0,False,False,0,DRY,NORMAL,10,0,30,False,0,BRIGHT,CLEAR,10,30,False,False,0,SAFE,SAFE,SAFE,10,0,100,False,0,10,0,12,100,30,False,False,False,False,True,False
4.3,31.05,3663,2,12,0,22.0,30.0,93346.2,30,999.0,True,0.0,20.0,0,10,0,False,False,0,DRY,NORMAL,10,0,30,False,0,BRIGHT,CLEAR,10,30,False,False,0,SAFE,SAFE,SAFE,10,0,100,False,0,10,0,12,100,30,False,False,False,False,True,False
4.35,30.8,3634,2,12,0,22.0,30.0,93346.2,30,999.0,True,0.0,20.0,0,10,0,False,False,0,DRY,NORMAL,10,0,30,False,0,BRIGHT,CLEAR,10,30,False,False,0,SAFE,SAFE,SAFE,10,0,100,False,0,10,0,12,100,30,False,False,False,False,True,False
4.4,30.73,3626,2,12,0,22.0,30.0,93346.2,30,999.0,True,0.0,20.0,0,10,0,False,False,0,DRY,NORMAL,10,0,30,False,0,BRIGHT,CLEAR,10,30,False,False,0,SAFE,SAFE,SAFE,10,0,100,False,0,10,0,12,100,30,False,False,False,False,True,False
4.45,30.39,3586,2,12,0,22.0,30.0,93346.2,30,999.0,True,0.0,20.0,0,10,0,False,False,0,DRY,NORMAL,10,0,30,False,0,BRIGHT,CLEAR,10,30,False,False,0,SAFE,SAFE,SAFE,10,0,100,False,0,10,0,12,100,30,False,False,False,False,True,False
4.5,30.27,3572,2,12,0,22.0,30.0,104451.8,30,999.0,True,0.0,20.0,0,10,0,False,False,0,DRY,NORMAL,10,0,30,False,0,BRIGHT,CLEAR,10,30,False,False,0,SAFE,SAFE,SAFE,10,0,100,False,0,10,0,12,100,30,False,False,False,False,True,False
4.55,29.89,3527,2,12,0,22.0,30.0,104451.8,30,999.0,True,0.0,20.0,0,10,0,False,False,0,DRY,NORMAL,10,0,30,False,0,BRIGHT,CLEAR,10,30,False,False,0,SAFE,SAFE,SAFE,10,0,100,False,0,10,0,12,100,30,False,False,False,False,True,False
4.6,29.77,3513,2,12,0,22.0,30.0,104451.8,30,999.0,True,0.0,20.0,0,10,0,False,False,0,DRY,NORMAL,10,0,30,False,0,BRIGHT,CLEAR,10,30,False,False,0,SAFE,SAFE,SAFE,10,0,100,False,0,10,0,12,100,30,False,False,False,False,True,False
4.65,29.47,3477,2,12,0,22.0,30.0,104451.8,30,999.0,True,0.0,20.0,0,10,0,False,False,0,DRY,NORMAL,10,0,30,False,0,BRIGHT,CLEAR,10,30,False,False,0,SAFE,SAFE,SAFE,10,0,100,False,0,10,0,12,100,30,False,False,False,False,True,False
4.7,29.52,3484,2,12,0,22.0,30.0,104451.8,30,999.0,True,0.0,20.0,0,10,0,False,False,0,DRY,NORMAL,10,0,30,False,0,BRIGHT,CLEAR,10,30,False,False,0,SAFE,SAFE,SAFE,10,0,100,False,0,10,0,12,100,30,False,False,False,False,True,False
4.75,29.49,3480,2,12,0,22.0,30.0,104451.8,30,999.0,True,0.0,20.0,0,10,0,False,False,0,DRY,NORMAL,10,0,30,False,0,BRIGHT,CLEAR,10,30,False,False,0,SAFE,SAFE,SAFE,10,0,100,False,0,10,0,12,100,30,False,False,False,False,True,False
4.8,29.87,3525,2,12,0,22.0,30.0,104451.8,30,999.0,True,0.0,20.0,0,10,0,False,False,0,DRY,NORMAL,10,0,30,False,0,BRIGHT,CLEAR,10,30,False,False,0,SAFE,SAFE,SAFE,10,0,100,False,0,10,0,12,100,30,False,False,False,False,True,False
4.85,30.14,3556,2,12,0,22.0,30.0,104451.8,30,999.0,True,0.0,20.0,0,10,0,False,False,0,DRY,NORMAL,10,0,30,False,0,BRIGHT,CLEAR,10,30,False,False,0,SAFE,SAFE,SAFE,10,0,100,False,0,10,0,12,100,30,False,False,False,False,True,False
4.9,30.71,3624,2,12,0,22.0,30.0,104451.8,30,999.0,True,0.0,20.0,0,10,0,False,False,0,DRY,NORMAL,10,0,30,False,0,BRIGHT,CLEAR,10,30,False,False,0,SAFE,SAFE,SAFE,10,0,100,False,0,10,0,12,100,30,False,False,False,False,True,False
4.95,30.92,3649,2,12,0,22.0,30.0,104451.8,30,999.0,True,0.0,20.0,0,10,0,False,False,0,DRY,NORMAL,10,0,30,False,0,BRIGHT,CLEAR,10,30,False,False,0,SAFE,SAFE,SAFE,10,0,100,False,0,10,0,12,100,30,False,False,False,False,True,False
5.0,31.15,3675,2,12,0,22.0,30.0,104451.8,30,999.0,True,0.0,20.0,0,10,0,False,False,0,DRY,NORMAL,10,0,30,False,0,BRIGHT,CLEAR,10,30,False,False,0,SAFE,SAFE,SAFE,10,0,100,False,0,0,0,12,100,29.76,False,False,False,False,True,False
5.05,30.91,3648,2,12,0,22.0,30.0,104451.8,30,999.0,True,0.0,20.0,0,10,0,False,False,0,DRY,NORMAL,10,0,30,False,0,BRIGHT,CLEAR,10,30,False,False,0,SAFE,SAFE,SAFE,10,0,100,False,0,0,0,12,100,29.76,False,False,False,False,True,False
5.1,30.79,3633,2,12,0,22.0,30.0,104451.8,30,999.0,True,0.0,20.0,0,10,0,False,False,0,DRY,NORMAL,10,0,30,False,0,BRIGHT,CLEAR,10,30,False,False,0,SAFE,SAFE,SAFE,10,0,100,False,0,0,0,12,100,29.76,False,False,False,False,True,False
5.15,30.36,3583,2,12,0,22.0,30.0,104451.8,30,999.0,True,0.0,20.0,0,10,0,False,False,0,DRY,NORMAL,10,0,30,False,0,BRIGHT,CLEAR,10,30,False,False,0,SAFE,SAFE,SAFE,10,0,100,False,0,0,0,12,100,29.76,False,False,False,False,True,False
5.2,30.16,3559,2,12,0,22.0,30.0,104451.8,30,999.0,True,0.0,20.0,0,10,0,False,False,0,DRY,NORMAL,10,0,30,False,0,BRIGHT,CLEAR,10,30,False,False,0,SAFE,SAFE,SAFE,10,0,100,False,0,0,0,12,100,29.76,False,False,False,False,True,False
5.25,29.67,3501,2,12,0,22.0,30.0,104451.8,30,999.0,True,0.0,20.0,0,10,0,False,False,0,DRY,NORMAL,10,0,30,False,0,BRIGHT,CLEAR,10,30,False,False,0,SAFE,SAFE,SAFE,10,0,100,False,0,0,0,12,100,29.76,False,False,False,False,True,False
5.3,29.44,3474,2,12,0,22.0,30.0,104451.8,30,999.0,True,0.0,20.0,0,10,0,False,False,0,DRY,NORMAL,10,0,30,False,0,BRIGHT,CLEAR,10,30,False,False,0,SAFE,SAFE,SAFE,10,0,100,False,0,0,0,12,100,29.76,False,False,False,False,True,False
5.35,28.93,3413,2,12,0,22.0,30.0,104451.8,30,999.0,True,0.0,20.0,0,10,0,False,False,0,DRY,NORMAL,10,0,30,False,0,BRIGHT,CLEAR,10,30,False,False,0,SAFE,SAFE,SAFE,10,0,100,False,0,0,0,12,100,29.76,False,False,False,False,True,False
5.4,28.69,3385,2,12,0,22.0,30.0,104451.8,30,999.0,True,0.0,20.0,0,10,0,False,False,0,DRY,NORMAL,10,0,30,False,0,BRIGHT,CLEAR,10,30,False,False,0,SAFE,SAFE,SAFE,10,0,100,False,0,0,0,12,100,29.76,False,False,False,False,True,False
5.45,28.17,3324,2,12,0,22.0,30.0,104451.8,30,999.0,True,0.0,20.0,0,10,0,False,False,0,DRY,NORMAL,10,0,30,False,0,BRIGHT,CLEAR,10,30,False,False,0,SAFE,SAFE,SAFE,10,0,100,False,0,0,0,12,100,29.76,False,False,False,False,True,False
5.5,27.94,3297,2,12,0,22.0,30.0,104451.8,30,999.0,True,0.0,20.0,0,10,0,False,False,0,DRY,NORMAL,10,0,30,False,0,BRIGHT,CLEAR,10,30,False,False,0,SAFE,SAFE,SAFE,10,0,100,False,0,0,0,12,100,29.76,False,False,False,False,True,False
5.55,27.42,3235,2,12,0,22.0,30.0,104451.8,30,999.0,True,0.0,20.0,0,10,0,False,False,0,DRY,NORMAL,10,0,30,False,0,BRIGHT,CLEAR,10,30,False,False,0,SAFE,SAFE,SAFE,10,0,100,False,0,0,0,12,100,29.76,False,False,False,False,True,False
5.6,27.19,3209,2,12,0,22.0,30.0,104451.8,30,999.0,True,0.0,20.0,0,10,0,False,False,0,DRY,NORMAL,10,0,30,False,0,BRIGHT,CLEAR,10,30,False,False,0,SAFE,SAFE,SAFE,10,0,100,False,0,0,0,12,100,29.76,False,False,False,False,True,False
5.65,26.67,3147,2,12,0,22.0,30.0,104451.8,30,999.0,True,0.0,20.0,0,10,0,False,False,0,DRY,NORMAL,10,0,30,False,0,BRIGHT,CLEAR,10,30,False,False,0,SAFE,SAFE,SAFE,10,0,100,False,0,0,0,12,100,29.76,False,False,False,False,True,False
5.7,26.45,3122,2,12,0,22.0,30.0,104451.8,30,999.0,True,0.0,20.0,0,10,0,False,False,0,DRY,NORMAL,10,0,30,False,0,BRIGHT,CLEAR,10,30,False,False,0,SAFE,SAFE,SAFE,10,0,100,False,0,0,0,12,100,29.76,False,False,False,False,True,False
5.75,25.93,3060,2,12,0,22.0,30.0,104451.8,30,999.0,True,0.0,20.0,0,10,0,False,False,0,DRY,NORMAL,10,0,30,False,0,BRIGHT,CLEAR,10,30,False,False,0,SAFE,SAFE,SAFE,10,0,100,False,0,0,0,12,100,29.76,False,False,False,False,True,False
5.8,25.73,3036,2,12,0,22.0,30.0,104451.8,30,999.0,True,0.0,20.0,0,10,0,False,False,0,DRY,NORMAL,10,0,30,False,0,BRIGHT,CLEAR,10,30,False,False,0,SAFE,SAFE,SAFE,10,0,100,False,0,0,0,12,100,29.76,False,False,False,False,True,False
5.85,25.21,2975,2,12,0,22.0,30.0,104451.8,30,999.0,True,0.0,20.0,0,10,0,False,False,0,DRY,NORMAL,10,0,30,False,0,BRIGHT,CLEAR,10,30,False,False,0,SAFE,SAFE,SAFE,10,0,100,False,0,0,0,12,100,29.76,False,False,False,False,True,False
5.9,25.01,2951,2,12,0,22.0,30.0,104451.8,30,999.0,True,0.0,20.0,0,10,0,False,False,0,DRY,NORMAL,10,0,30,False,0,BRIGHT,CLEAR,10,30,False,False,0,SAFE,SAFE,SAFE,10,0,100,False,0,0,0,12,100,29.76,False,False,False,False,True,False
5.95,24.49,2890,2,12,0,22.0,30.0,104451.8,30,999.0,True,0.0,20.0,0,10,0,False,False,0,DRY,NORMAL,10,0,30,False,0,BRIGHT,CLEAR,10,30,False,False,0,SAFE,SAFE,SAFE,10,0,100,False,0,0,0,12,100,29.76,False,False,False,False,True,False
6.0,24.3,2868,2,12,0,22.0,30.0,112787.8,30,999.0,True,0.0,20.0,0,10,0,False,False,0,DRY,NORMAL,10,0,30,False,0,BRIGHT,CLEAR,10,30,False,False,0,SAFE,SAFE,SAFE,10,0,100,False,0,0,0,12,100,29.76,False,False,False,False,True,False
6.05,23.79,2807,2,12,0,22.0,30.0,112787.8,30,999.0,True,0.0,20.0,0,10,0,False,False,0,DRY,NORMAL,10,0,30,False,0,BRIGHT,CLEAR,10,30,False,False,0,SAFE,SAFE,SAFE,10,0,100,False,0,0,0,12,100,29.76,False,False,False,False,True,False
6.1,23.61,2786,2,12,0,22.0,30.0,112787.8,30,999.0,True,0.0,20.0,0,10,0,False,False,0,DRY,NORMAL,10,0,30,False,0,BRIGHT,CLEAR,10,30,False,False,0,SAFE,SAFE,SAFE,10,0,100,False,0,0,0,12,100,29.76,False,False,False,False,True,False
6.15,23.09,2725,2,12,0,22.0,30.0,112787.8,30,999.0,True,0.0,20.0,0,10,0,False,False,0,DRY,NORMAL,10,0,30,False,0,BRIGHT,CLEAR,10,30,False,False,0,SAFE,SAFE,SAFE,10,0,100,False,0,0,0,12,100,29.76,False,False,False,False,True,False
6.2,22.92,2705,2,12,0,22.0,30.0,112787.8,30,999.0,True,0.0,20.0,0,10,0,False,False,0,DRY,NORMAL,10,0,30,False,0,BRIGHT,CLEAR,10,30,False,False,0,SAFE,SAFE,SAFE,10,0,100,False,0,0,0,12,100,29.76,False,False,False,False,True,False
6.25,22.41,2644,2,12,0,22.0,30.0,112787.8,30,999.0,True,0.0,20.0,0,10,0,False,False,0,DRY,NORMAL,10,0,30,False,0,BRIGHT,CLEAR,10,30,False,False,0,SAFE,SAFE,SAFE,10,0,100,False,0,0,0,12,100,29.76,False,False,False,False,True,False
6.3,22.25,2625,2,12,0,22.0,30.0,112787.8,30,999.0,True,0.0,20.0,0,10,0,False,False,0,DRY,NORMAL,10,0,30,False,0,BRIGHT,CLEAR,10,30,False,False,0,SAFE,SAFE,SAFE,10,0,100,False,0,0,0,12,100,29.76,False,False,False,False,True,False
6.35,21.74,2565,2,12,0,22.0,30.0,112787.8,30,999.0,True,0.0,20.0,0,10,0,False,False,0,DRY,NORMAL,10,0,30,False,0,BRIGHT,CLEAR,10,30,False,False,0,SAFE,SAFE,SAFE,10,0,100,False,0,0,0,12,100,29.76,False,False,False,False,True,False
6.4,21.58,2547,2,12,0,22.0,30.0,112787.8,30,999.0,True,0.0,20.0,0,10,0,False,False,0,DRY,NORMAL,10,0,30,False,0,BRIGHT,CLEAR,10,30,False,False,0,SAFE,SAFE,SAFE,10,0,100,False,0,0,0,12,100,29.76,False,False,False,False,True,False
6.45,21.07,2486,2,12,0,22.0,30.0,112787.8,30,999.0,True,0.0,20.0,0,10,0,False,False,0,DRY,NORMAL,10,0,30,False,0,BRIGHT,CLEAR,10,30,False,False,0,SAFE,SAFE,SAFE,10,0,100,False,0,0,0,12,100,29.76,False,False,False,False,True,False
6.5,20.93,2469,2,12,0,22.0,30.0,112787.8,30,999.0,True,0.0,20.0,0,10,0,False,False,0,DRY,NORMAL,10,0,30,False,0,BRIGHT,CLEAR,10,30,False,False,0,SAFE,SAFE,SAFE,10,0,100,False,0,0,0,12,100,29.76,False,False,False,False,True,False
6.55,20.42,2409,2,12,0,22.0,30.0,112787.8,30,999.0,True,0.0,20.0,0,10,0,False,False,0,DRY,NORMAL,10,0,30,False,0,BRIGHT,CLEAR,10,30,False,False,0,SAFE,SAFE,SAFE,10,0,100,False,0,0,0,12,100,29.76,False,False,False,False,True,False
6.6,20.29,2394,2,12,0,22.0,30.0,112787.8,30,999.0,True,0.0,20.0,0,10,0,False,False,0,DRY,NORMAL,10,0,30,False,0,BRIGHT,CLEAR,10,30,False,False,0,SAFE,SAFE,SAFE,10,0,100,False,0,0,0,12,100,29.76,False,False,False,False,True,False
6.65,19.78,2334,2,12,0,22.0,30.0,112787.8,30,999.0,True,0.0,20.0,0,10,0,False,False,0,DRY,NORMAL,10,0,30,False,0,BRIGHT,CLEAR,10,30,False,False,0,SAFE,SAFE,SAFE,10,0,100,False,0,0,0,12,100,29.76,False,False,False,False,True,False
6.7,19.66,2319,2,12,0,22.0,30.0,112787.8,30,999.0,True,0.0,20.0,0,10,0,False,False,0,DRY,NORMAL,10,0,30,False,0,BRIGHT,CLEAR,10,30,False,False,0,SAFE,SAFE,SAFE,10,0,100,False,0,0,0,12,100,29.76,False,False,False,False,True,False
6.75,19.15,2260,2,12,0,22.0,30.0,112787.8,30,999.0,True,0.0,20.0,0,10,0,False,False,0,DRY,NORMAL,10,0,30,False,0,BRIGHT,CLEAR,10,30,False,False,0,SAFE,SAFE,SAFE,10,0,100,False,0,0,0,12,100,29.76,False,False,False,False,True,False
6.8,19.04,2246,2,12,0,22.0,30.0,112787.8,30,999.0,True,0.0,20.0,0,10,0,False,False,0,DRY,NORMAL,10,0,30,False,0,BRIGHT,CLEAR,10,30,False,False,0,SAFE,SAFE,SAFE,10,0,100,False,0,0,0,12,100,29.76,False,False,False,False,True,False
6.85,18.53,2187,2,12,0,22.0,30.0,112787.8,30,999.0,True,0.0,20.0,0,10,0,False,False,0,DRY,NORMAL,10,0,30,False,0,BRIGHT,CLEAR,10,30,False,False,0,SAFE,SAFE,SAFE,10,0,100,False,0,0,0,12,100,29.76,False,False,False,False,True,False
6.9,18.43,2174,2,12,0,22.0,30.0,112787.8,30,999.0,True,0.0,20.0,0,10,0,False,False,0,DRY,NORMAL,10,0,30,False,0,BRIGHT,CLEAR,10,30,False,False,0,SAFE,SAFE,SAFE,10,0,100,False,0,0,0,12,100,29.76,False,False,False,False,True,False
6.95,17.93,2115,2,12,0,22.0,30.0,112787.8,30,999.0,True,0.0,20.0,0,10,0,False,False,0,DRY,NORMAL,10,0,30,False,0,BRIGHT,CLEAR,10,30,False,False,0,SAFE,SAFE,SAFE,10,0,100,False,0,0,0,12,100,29.76,False,False,False,False,True,False
7.0,17.84,2105,2,12,0,22.0,30.0,112787.8,30,999.0,True,0.0,20.0,0,10,0,False,False,0,DRY,NORMAL,10,0,30,False,0,BRIGHT,CLEAR,10,30,False,False,0,SAFE,SAFE,SAFE,10,0,100,False,0,0,0,12,100,29.76,False,False,False,False,True,False
7.05,17.6,2077,2,12,0,22.0,30.0,112787.8,30,999.0,True,0.0,20.0,0,10,0,False,False,0,DRY,NORMAL,10,0,30,False,0,BRIGHT,CLEAR,10,30,False,False,0,SAFE,SAFE,SAFE,10,0,100,False,0,0,0,12,100,29.76,False,False,False,False,True,False
7.1,17.35,2047,2,12,0,22.0,30.0,112787.8,30,999.0,True,0.0,20.0,0,10,0,False,False,0,DRY,NORMAL,10,0,30,False,0,BRIGHT,CLEAR,10,30,False,False,0,SAFE,SAFE,SAFE,10,0,100,False,0,0,0,12,100,29.76,False,False,False,False,True,False
7.15,17.08,2016,2,12,0,22.0,30.0,112787.8,30,999.0,True,0.0,20.0,0,10,0,False,False,0,DRY,NORMAL,10,0,30,False,0,BRIGHT,CLEAR,10,30,False,False,0,SAFE,SAFE,SAFE,10,0,100,False,0,0,0,12,100,29.76,False,False,False,False,True,False
7.2,16.82,1984,2,12,0,22.0,30.0,112787.8,30,999.0,True,0.0,20.0,0,10,0,False,False,0,DRY,NORMAL,10,0,30,False,0,BRIGHT,CLEAR,10,30,False,False,0,SAFE,SAFE,SAFE,10,0,100,False,0,0,0,12,100,29.76,False,False,False,False,True,False
7.25,16.55,1953,2,12,0,22.0,30.0,112787.8,30,999.0,True,0.0,20.0,0,10,0,False,False,0,DRY,NORMAL,10,0,30,False,0,BRIGHT,CLEAR,10,30,False,False,0,SAFE,SAFE,SAFE,10,0,100,False,0,0,0,12,100,29.76,False,False,False,False,True,False
7.3,16.29,1922,2,12,0,22.0,30.0,112787.8,30,999.0,True,0.0,20.0,0,10,0,False,False,0,DRY,NORMAL,10,0,30,False,0,BRIGHT,CLEAR,10,30,False,False,0,SAFE,SAFE,SAFE,10,0,100,False,0,0,0,12,100,29.76,False,False,False,False,True,False
7.35,16.02,1890,2,12,0,22.0,30.0,112787.8,30,999.0,True,0.0,20.0,0,10,0,False,False,0,DRY,NORMAL,10,0,30,False,0,BRIGHT,CLEAR,10,30,False,False,0,SAFE,SAFE,SAFE,10,0,100,False,0,0,0,12,100,29.76,False,False,False,False,True,False
7.4,15.76,1859,2,12,0,22.0,30.0,112787.8,30,999.0,True,0.0,20.0,0,10,0,False,False,0,DRY,NORMAL,10,0,30,False,0,BRIGHT,CLEAR,10,30,False,False,0,SAFE,SAFE,SAFE,10,0,100,False,0,0,0,12,100,29.76,False,False,False,False,True,False
7.45,15.49,1828,2,12,0,22.0,30.0,112787.8,30,999.0,True,0.0,20.0,0,10,0,False,False,0,DRY,NORMAL,10,0,30,False,0,BRIGHT,CLEAR,10,30,False,False,0,SAFE,SAFE,SAFE,10,0,100,False,0,0,0,12,100,29.76,False,False,False,False,True,False
7.5,15.25,1799,2,12,0,22.0,30.0,120223.8,30,999.0,True,0.0,20.0,0,10,0,False,False,0,DRY,NORMAL,10,0,30,False,0,BRIGHT,CLEAR,10,30,False,False,0,SAFE,SAFE,SAFE,10,0,100,False,0,0,0,12,100,29.76,False,False,False,False,True,False
7.55,14.98,1767,2,12,0,22.0,30.0,120223.8,30,999.0,True,0.0,20.0,0,10,0,False,False,0,DRY,NORMAL,10,0,30,False,0,BRIGHT,CLEAR,10,30,False,False,0,SAFE,SAFE,SAFE,10,0,100,False,0,10,0,12,100,30,False,False,False,False,True,False
7.6,14.87,1754,2,12,0,22.0,30.0,120223.8,30,999.0,True,0.0,20.0,0,10,0,False,False,0,DRY,NORMAL,10,0,30,False,0,BRIGHT,CLEAR,10,30,False,False,0,SAFE,SAFE,SAFE,10,0,100,False,0,10,0,12,100,30,False,False,False,False,True,False
7.65,14.82,1748,2,12,0,22.0,30.0,120223.8,30,999.0,True,0.0,20.0,0,10,0,False,False,0,DRY,NORMAL,10,0,30,False,0,BRIGHT,CLEAR,10,30,False,False,0,SAFE,SAFE,SAFE,10,0,100,False,0,10,0,12,100,30,False,False,False,False,True,False
7.7,14.91,1760,2,12,0,22.0,30.0,120223.8,30,999.0,True,0.0,20.0,0,10,0,False,False,0,DRY,NORMAL,10,0,30,False,0,BRIGHT,CLEAR,10,30,False,False,0,SAFE,SAFE,SAFE,10,0,100,False,0,10,0,12,100,30,False,False,False,False,True,False
7.75,15.12,1784,2,12,0,22.0,30.0,120223.8,30,999.0,True,0.0,20.0,0,10,0,False,False,0,DRY,NORMAL,10,0,30,False,0,BRIGHT,CLEAR,10,30,False,False,0,SAFE,SAFE,SAFE,10,0,100,False,0,10,0,12,100,30,False,False,False,False,True,False
7.8,15.46,1824,2,12,0,22.0,30.0,120223.8,30,999.0,True,0.0,20.0,0,10,0,False,False,0,DRY,NORMAL,10,0,30,False,0,BRIGHT,CLEAR,10,30,False,False,0,SAFE,SAFE,SAFE,10,0,100,False,0,10,0,12,100,30,False,False,False,False,True,False
7.85,15.83,1868,2,12,0,22.0,30.0,120223.8,30,999.0,True,0.0,20.0,0,10,0,False,False,0,DRY,NORMAL,10,0,30,False,0,BRIGHT,CLEAR,10,30,False,False,0,SAFE,SAFE,SAFE,10,0,100,False,0,10,0,12,100,30,False,False,False,False,True,False
7.9,16.27,1919,2,12,0,22.0,30.0,120223.8,30,999.0,True,0.0,20.0,0,10,0,False,False,0,DRY,NORMAL,10,0,30,False,0,BRIGHT,CLEAR,10,30,False,False,0,SAFE,SAFE,SAFE,10,0,100,False,0,10,0,12,100,30,False,False,False,False,True,False
7.95,16.71,1971,2,12,0,22.0,30.0,120223.8,30,999.0,True,0.0,20.0,0,10,0,False,False,0,DRY,NORMAL,10,0,30,False,0,BRIGHT,CLEAR,10,30,False,False,0,SAFE,SAFE,SAFE,10,0,100,False,0,10,0,12,100,30,False,False,False,False,True,False
8.0,17.16,2025,2,12,0,22.0,30.0,120223.8,30,999.0,True,0.0,20.0,0,10,0,False,False,0,DRY,NORMAL,10,0,30,False,0,BRIGHT,CLEAR,10,30,False,False,0,SAFE,SAFE,SAFE,10,0,100,False,0,10,0,12,100,30,False,False,False,False,True,False
8.05,17.62,2080,2,12,0,22.0,30.0,120223.8,30,999.0,True,0.0,20.0,0,10,0,False,False,0,DRY,NORMAL,10,0,30,False,0,BRIGHT,CLEAR,10,30,False,False,0,SAFE,SAFE,SAFE,10,0,100,False,0,10,0,12,100,30,False,False,False,False,True,False
8.1,18.09,2135,2,12,0,22.0,30.0,120223.8,30,999.0,True,0.0,20.0,0,10,0,False,False,0,DRY,NORMAL,10,0,30,False,0,BRIGHT,CLEAR,10,30,False,False,0,SAFE,SAFE,SAFE,10,0,100,False,0,10,0,12,100,30,False,False,False,False,True,False
8.15,18.57,2191,2,12,0,22.0,30.0,120223.8,30,999.0,True,0.0,20.0,0,10,0,False,False,0,DRY,NORMAL,10,0,30,False,0,BRIGHT,CLEAR,10,30,False,False,0,SAFE,SAFE,SAFE,10,0,100,False,0,10,0,12,100,30,False,False,False,False,True,False
8.2,18.77,2215,2,12,0,22.0,30.0,120223.8,30,999.0,True,0.0,20.0,0,10,0,False,False,0,DRY,NORMAL,10,0,30,False,0,BRIGHT,CLEAR,10,30,False,False,0,SAFE,SAFE,SAFE,10,0,100,False,0,10,0,12,100,30,False,False,False,False,True,False
8.25,18.84,2223,2,12,0,22.0,30.0,120223.8,30,999.0,True,0.0,20.0,0,10,0,False,False,0,DRY,NORMAL,10,0,30,False,0,BRIGHT,CLEAR,10,30,False,False,0,SAFE,SAFE,SAFE,10,0,100,False,0,10,0,12,100,30,False,False,False,False,True,False
8.3,19.36,2284,2,12,0,22.0,30.0,120223.8,30,999.0,True,0.0,20.0,0,10,0,False,False,0,DRY,NORMAL,10,0,30,False,0,BRIGHT,CLEAR,10,30,False,False,0,SAFE,SAFE,SAFE,10,0,100,False,0,10,0,12,100,30,False,False,False,False,True,False
8.35,19.59,2312,2,12,0,22.0,30.0,120223.8,30,999.0,True,0.0,20.0,0,10,0,False,False,0,DRY,NORMAL,10,0,30,False,0,BRIGHT,CLEAR,10,30,False,False,0,SAFE,SAFE,SAFE,10,0,100,False,0,10,0,12,100,30,False,False,False,False,True,False
8.4,20.25,2389,2,12,0,22.0,30.0,120223.8,30,999.0,True,0.0,20.0,0,10,0,False,False,0,DRY,NORMAL,10,0,30,False,0,BRIGHT,CLEAR,10,30,False,False,0,SAFE,SAFE,SAFE,10,0,100,False,0,10,0,12,100,30,False,False,False,False,True,False
8.45,20.6,2430,2,12,0,22.0,30.0,120223.8,30,999.0,True,0.0,20.0,0,10,0,False,False,0,DRY,NORMAL,10,0,30,False,0,BRIGHT,CLEAR,10,30,False,False,0,SAFE,SAFE,SAFE,10,0,100,False,0,10,0,12,100,30,False,False,False,False,True,False
8.5,21.33,2517,2,12,0,22.0,30.0,120223.8,30,999.0,True,0.0,20.0,0,10,0,False,False,0,DRY,NORMAL,10,0,30,False,0,BRIGHT,CLEAR,10,30,False,False,0,SAFE,SAFE,SAFE,10,0,100,False,0,10,0,12,100,30,False,False,False,False,True,False
8.55,21.76,2568,2,12,0,22.0,30.0,120223.8,30,999.0,True,0.0,20.0,0,10,0,False,False,0,DRY,NORMAL,10,0,30,False,0,BRIGHT,CLEAR,10,30,False,False,0,SAFE,SAFE,SAFE,10,0,100,False,0,10,0,12,100,30,False,False,False,False,True,False
8.6,22.56,2661,2,12,0,22.0,30.0,120223.8,30,999.0,True,0.0,20.0,0,10,0,False,False,0,DRY,NORMAL,10,0,30,False,0,BRIGHT,CLEAR,10,30,False,False,0,SAFE,SAFE,SAFE,10,0,100,False,0,10,0,12,100,30,False,False,False,False,True,False
8.65,23.04,2719,2,12,0,22.0,30.0,120223.8,30,999.0,True,0.0,20.0,0,10,0,False,False,0,DRY,NORMAL,10,0,30,False,0,BRIGHT,CLEAR,10,30,False,False,0,SAFE,SAFE,SAFE,10,0,100,False,0,10,0,12,100,30,False,False,False,False,True,False
8.7,23.87,2817,2,12,0,22.0,30.0,120223.8,30,999.0,True,0.0,20.0,0,10,0,False,False,0,DRY,NORMAL,10,0,30,False,0,BRIGHT,CLEAR,10,30,False,False,0,SAFE,SAFE,SAFE,10,0,100,False,0,10,0,12,100,30,False,False,False,False,True,False
8.75,24.4,2879,2,12,0,22.0,30.0,120223.8,30,999.0,True,0.0,20.0,0,10,0,False,False,0,DRY,NORMAL,10,0,30,False,0,BRIGHT,CLEAR,10,30,False,False,0,SAFE,SAFE,SAFE,10,0,100,False,0,0,0,12,100,26.79,False,False,False,False,True,False
8.8,25.11,2963,2,12,0,22.0,30.0,120223.8,30,999.0,True,0.0,20.0,0,10,0,False,False,0,DRY,NORMAL,10,0,30,False,0,BRIGHT,CLEAR,10,30,False,False,0,SAFE,SAFE,SAFE,10,0,100,False,0,0,0,12,100,26.79,False,False,False,False,True,False
8.85,25.31,2986,2,12,0,22.0,30.0,120223.8,30,999.0,True,0.0,20.0,0,10,0,False,False,0,DRY,NORMAL,10,0,30,False,0,BRIGHT,CLEAR,10,30,False,False,0,SAFE,SAFE,SAFE,10,0,100,False,0,0,0,12,100,26.79,False,False,False,False,True,False
8.9,25.55,3015,2,12,0,22.0,30.0,120223.8,30,999.0,True,0.0,20.0,0,10,0,False,False,0,DRY,NORMAL,10,0,30,False,0,BRIGHT,CLEAR,10,30,False,False,0,SAFE,SAFE,SAFE,10,0,100,False,0,0,0,12,100,26.79,False,False,False,False,True,False
8.95,25.33,2989,2,12,0,22.0,30.0,120223.8,30,999.0,True,0.0,20.0,0,10,0,False,False,0,DRY,NORMAL,10,0,30,False,0,BRIGHT,CLEAR,10,30,False,False,0,SAFE,SAFE,SAFE,10,0,100,False,0,0,0,12,100,26.79,False,False,False,False,True,False
9.0,25.31,2986,2,12,0,22.0,30.0,125593.7,30,999.0,True,0.0,20.0,0,10,0,False,False,0,DRY,NORMAL,10,0,30,False,0,BRIGHT,CLEAR,10,30,False,False,0,SAFE,SAFE,SAFE,10,0,100,False,0,0,0,12,100,26.79,False,False,False,False,True,False
9.05,24.92,2940,2,12,0,22.0,30.0,125593.7,30,999.0,True,0.0,20.0,0,10,0,False,False,0,DRY,NORMAL,10,0,30,False,0,BRIGHT,CLEAR,10,30,False,False,0,SAFE,SAFE,SAFE,10,0,100,False,0,0,0,12,100,26.79,False,False,False,False,True,False
9.1,24.79,2925,2,12,0,22.0,30.0,125593.7,30,999.0,True,0.0,20.0,0,10,0,False,False,0,DRY,NORMAL,10,0,30,False,0,BRIGHT,CLEAR,10,30,False,False,0,SAFE,SAFE,SAFE,10,0,100,False,0,0,0,12,100,26.79,False,False,False,False,True,False
9.15,24.33,2871,2,12,0,22.0,30.0,125593.7,30,999.0,True,0.0,20.0,0,10,0,False,False,0,DRY,NORMAL,10,0,30,False,0,BRIGHT,CLEAR,10,30,False,False,0,SAFE,SAFE,SAFE,10,0,100,False,0,0,0,12,100,26.79,False,False,False,False,True,False
9.2,24.17,2852,2,12,0,22.0,30.0,125593.7,30,999.0,True,0.0,20.0,0,10,0,False,False,0,DRY,NORMAL,10,0,30,False,0,BRIGHT,CLEAR,10,30,False,False,0,SAFE,SAFE,SAFE,10,0,100,False,0,0,0,12,100,26.79,False,False,False,False,True,False
9.25,23.67,2794,2,12,0,22.0,30.0,125593.7,30,999.0,True,0.0,20.0,0,10,0,False,False,0,DRY,NORMAL,10,0,30,False,0,BRIGHT,CLEAR,10,30,False,False,0,SAFE,SAFE,SAFE,10,0,100,False,0,0,0,12,100,26.79,False,False,False,False,True,False
9.3,23.51,2774,2,12,0,22.0,30.0,125593.7,30,999.0,True,0.0,20.0,0,10,0,False,False,0,DRY,NORMAL,10,0,30,False,0,BRIGHT,CLEAR,10,30,False,False,0,SAFE,SAFE,SAFE,10,0,100,False,0,0,0,12,100,26.79,False,False,False,False,True,False
9.35,23.02,2716,2,12,0,22.0,30.0,125593.7,30,999.0,True,0.0,20.0,0,10,0,False,False,0,DRY,NORMAL,10,0,30,False,0,BRIGHT,CLEAR,10,30,False,False,0,SAFE,SAFE,SAFE,10,0,100,False,0,0,0,12,100,26.79,False,False,False,False,True,False
9.4,22.85,2697,2,12,0,22.0,30.0,125593.7,30,999.0,True,0.0,20.0,0,10,0,False,False,0,DRY,NORMAL,10,0,30,False,0,BRIGHT,CLEAR,10,30,False,False,0,SAFE,SAFE,SAFE,10,0,100,False,0,8,0,12,100,26.79,False,False,False,False,True,False
9.45,22.43,2647,2,12,0,22.0,30.0,125593.7,30,999.0,True,0.0,20.0,0,10,0,False,False,0,DRY,NORMAL,10,0,30,False,0,BRIGHT,CLEAR,10,30,False,False,0,SAFE,SAFE,SAFE,10,0,100,False,0,8,0,12,100,26.79,False,False,False,False,True,False
9.5,22.42,2645,2,12,0,22.0,30.0,125593.7,30,999.0,True,0.0,20.0,0,10,0,False,False,0,DRY,NORMAL,10,0,30,False,0,BRIGHT,CLEAR,10,30,False,False,0,SAFE,SAFE,SAFE,10,0,100,False,0,8,0,12,100,26.79,False,False,False,False,True,False
9.55,22.2,2619,2,12,0,22.0,30.0,125593.7,50,999.0,True,0.0,20.0,0,10,0,False,False,0,DRY,NORMAL,10,0,50,False,0,BRIGHT,CLEAR,10,50,False,False,0,SAFE,SAFE,SAFE,10,0,100,False,0,8,0,12,100,44.94,False,False,False,False,True,False
9.6,22.42,2645,2,12,0,22.0,30.0,125593.7,50,999.0,True,0.0,20.0,0,10,0,False,False,0,DRY,NORMAL,10,0,50,False,0,BRIGHT,CLEAR,10,50,False,False,0,SAFE,SAFE,SAFE,10,0,100,False,0,8,0,12,100,44.94,False,False,False,False,True,False
9.65,22.39,2642,2,12,0,22.0,30.0,125593.7,50,999.0,True,0.0,20.0,0,10,0,False,False,0,DRY,NORMAL,10,0,50,False,0,BRIGHT,CLEAR,10,50,False,False,0,SAFE,SAFE,SAFE,10,0,100,False,0,8,0,12,100,44.94,False,False,False,False,True,False
9.7,22.76,2685,2,12,0,22.0,30.0,125593.7,50,999.0,True,0.0,20.0,0,10,0,False,False,0,DRY,NORMAL,10,0,50,False,0,BRIGHT,CLEAR,10,50,False,False,0,SAFE,SAFE,SAFE,10,0,100,False,0,8,0,12,100,44.94,False,False,False,False,True,False
9.75,22.85,2696,2,12,0,22.0,30.0,125593.7,50,999.0,True,0.0,20.0,0,10,0,False,False,0,DRY,NORMAL,10,0,50,False,0,BRIGHT,CLEAR,10,50,False,False,0,SAFE,SAFE,SAFE,10,0,100,False,0,8,0,12,100,44.94,False,False,False,False,True,False
9.8,23.31,2750,2,12,0,22.0,30.0,125593.7,50,999.0,True,0.0,20.0,0,10,0,False,False,0,DRY,NORMAL,10,0,50,False,0,BRIGHT,CLEAR,10,50,False,False,0,SAFE,SAFE,SAFE,10,0,100,False,0,8,0,12,100,44.94,False,False,False,False,True,False
9.85,23.47,2769,2,12,0,22.0,30.0,125593.7,50,999.0,True,0.0,20.0,0,10,0,False,False,0,DRY,NORMAL,10,0,50,False,0,BRIGHT,CLEAR,10,50,False,False,0,SAFE,SAFE,SAFE,10,0,100,False,0,8,0,12,100,44.94,False,False,False,False,True,False
9.9,23.98,2829,2,12,0,22.0,30.0,125593.7,50,999.0,True,0.0,20.0,0,10,0,False,False,0,DRY,NORMAL,10,0,50,False,0,BRIGHT,CLEAR,10,50,False,False,0,SAFE,SAFE,SAFE,10,0,100,False,0,8,0,12,100,44.94,False,False,False,False,True,False
9.95,24.19,2854,2,12,0,22.0,30.0,125593.7,50,999.0,True,0.0,20.0,0,10,0,False,False,0,DRY,NORMAL,10,0,50,False,0,BRIGHT,CLEAR,10,50,False,False,0,SAFE,SAFE,SAFE,10,0,100,False,0,8,0,12,100,44.94,False,False,False,False,True,False
10.0,24.72,2917,2,12,0,22.0,30.0,125593.7,50,999.0,True,0.0,20.0,0,10,0,False,False,0,DRY,NORMAL,10,0,50,False,0,BRIGHT,CLEAR,10,50,False,False,0,SAFE,SAFE,SAFE,10,0,100,False,0,8,0,12,100,44.94,False,False,False,False,True,False
10.05,24.98,2947,2,12,0,22.0,30.0,125593.7,50,999.0,True,0.0,20.0,0,10,0,False,False,0,DRY,NORMAL,10,0,50,False,0,BRIGHT,CLEAR,10,50,False,False,0,SAFE,SAFE,SAFE,10,0,100,False,0,8,0,12,100,44.94,False,False,False,False,True,False
10.1,25.51,3011,2,12,0,22.0,30.0,125593.7,50,999.0,True,0.0,20.0,0,10,0,False,False,0,DRY,NORMAL,10,0,50,False,0,BRIGHT,CLEAR,10,50,False,False,0,SAFE,SAFE,SAFE,10,0,100,False,0,8,0,12,100,44.94,False,False,False,False,True,False
10.15,25.79,3043,2,12,0,22.0,30.0,125593.7,50,999.0,True,0.0,20.0,0,10,0,False,False,0,DRY,NORMAL,10,0,50,False,0,BRIGHT,CLEAR,10,50,False,False,0,SAFE,SAFE,SAFE,10,0,100,False,0,8,0,12,100,44.94,False,False,False,False,True,False
10.2,26.34,3108,2,12,0,22.0,30.0,125593.7,50,999.0,True,0.0,20.0,0,10,0,False,False,0,DRY,NORMAL,10,0,50,False,0,BRIGHT,CLEAR,10,50,False,False,0,SAFE,SAFE,SAFE,10,0,100,False,0,8,0,12,100,44.94,False,False,False,False,True,False
10.25,26.62,3142,2,12,0,22.0,30.0,125593.7,50,999.0,True,0.0,20.0,0,10,0,False,False,0,DRY,NORMAL,10,0,50,False,0,BRIGHT,CLEAR,10,50,False,False,0,SAFE,SAFE,SAFE,10,0,100,False,0,8,0,12,100,44.94,False,False,False,False,True,False
10.3,27.19,3208,2,12,0,22.0,30.0,125593.7,50,999.0,True,0.0,20.0,0,10,0,False,False,0,DRY,NORMAL,10,0,50,False,0,BRIGHT,CLEAR,10,50,False,False,0,SAFE,SAFE,SAFE,10,0,100,False,0,8,0,12,100,44.94,False,False,False,False,True,False
10.35,27.49,3243,2,12,0,22.0,30.0,125593.7,50,999.0,True,0.0,20.0,0,10,0,False,False,0,DRY,NORMAL,10,0,50,False,0,BRIGHT,CLEAR,10,50,False,False,0,SAFE,SAFE,SAFE,10,0,100,False,0,8,0,12,100,44.94,False,False,False,False,True,False
10.4,28.06,3311,2,12,0,22.0,30.0,125593.7,50,999.0,True,0.0,20.0,0,10,0,False,False,0,DRY,NORMAL,10,0,50,False,0,BRIGHT,CLEAR,10,50,False,False,0,SAFE,SAFE,SAFE,10,0,100,False,0,8,0,12,100,44.94,False,False,False,False,True,False
10.45,28.37,3348,2,12,0,22.0,30.0,125593.7,50,999.0,True,0.0,20.0,0,10,0,False,False,0,DRY,NORMAL,10,0,50,False,0,BRIGHT,CLEAR,10,50,False,False,0,SAFE,SAFE,SAFE,10,0,100,False,0,8,0,12,100,44.94,False,False,False,False,True,False
10.5,28.95,3416,2,12,0,22.0,30.0,128531.5,50,999.0,True,0.0,20.0,0,10,0,False,False,0,DRY,NORMAL,10,0,50,False,0,BRIGHT,CLEAR,10,50,False,False,0,SAFE,SAFE,SAFE,10,0,100,False,0,8,0,12,100,44.94,False,False,False,False,True,False
10.55,29.27,3454,2,12,0,22.0,30.0,128531.5,50,999.0,True,0.0,20.0,0,10,0,False,False,0,DRY,NORMAL,10,0,50,False,0,BRIGHT,CLEAR,10,50,False,False,0,SAFE,SAFE,SAFE,10,0,100,False,0,8,0,12,100,44.94,False,False,False,False,True,False
10.6,29.85,3523,2,12,0,22.0,30.0,128531.5,50,999.0,True,0.0,20.0,0,10,0,False,False,0,DRY,NORMAL,10,0,50,False,0,BRIGHT,CLEAR,10,50,False,False,0,SAFE,SAFE,SAFE,10,0,100,False,0,8,0,12,100,44.94,False,False,False,False,True,False
10.65,30.19,3562,2,12,0,22.0,30.0,128531.5,50,999.0,True,0.0,20.0,0,10,0,False,False,0,DRY,NORMAL,10,0,50,False,0,BRIGHT,CLEAR,10,50,False,False,0,SAFE,SAFE,SAFE,10,0,100,False,0,8,0,12,100,44.94,False,False,False,False,True,False
10.7,30.77,3631,2,12,0,22.0,30.0,128531.5,50,999.0,True,0.0,20.0,0,10,0,False,False,0,DRY,NORMAL,10,0,50,False,0,BRIGHT,CLEAR,10,50,False,False,0,SAFE,SAFE,SAFE,10,0,100,False,0,8,0,12,100,44.94,False,False,False,False,True,False
10.75,31.12,3673,2,12,0,22.0,30.0,128531.5,50,999.0,True,0.0,20.0,0,10,0,False,False,0,DRY,NORMAL,10,0,50,False,0,BRIGHT,CLEAR,10,50,False,False,0,SAFE,SAFE,SAFE,10,0,100,False,0,8,0,12,100,44.94,False,False,False,False,True,False
10.8,31.71,3742,2,12,0,22.0,30.0,128531.5,50,999.0,True,0.0,20.0,0,10,0,False,False,0,DRY,NORMAL,10,0,50,False,0,BRIGHT,CLEAR,10,50,False,False,0,SAFE,SAFE,SAFE,10,0,100,False,0,8,0,12,100,44.94,False,False,False,False,True,False
10.85,32.08,3785,2,12,0,22.0,30.0,128531.5,50,999.0,True,0.0,20.0,0,10,0,False,False,0,DRY,NORMAL,10,0,50,False,0,BRIGHT,CLEAR,10,50,False,False,0,SAFE,SAFE,SAFE,10,0,100,False,0,8,0,12,100,44.94,False,False,False,False,True,False
10.9,32.67,3855,2,12,0,22.0,30.0,128531.5,50,999.0,True,0.0,20.0,0,10,0,False,False,0,DRY,NORMAL,10,0,50,False,0,BRIGHT,CLEAR,10,50,False,False,0,SAFE,SAFE,SAFE,10,0,100,False,0,8,0,12,100,44.94,False,False,False,False,True,False
10.95,33.05,3900,2,12,0,22.0,30.0,128531.5,50,999.0,True,0.0,20.0,0,10,0,False,False,0,DRY,NORMAL,10,0,50,False,0,BRIGHT,CLEAR,10,50,False,False,0,SAFE,SAFE,SAFE,10,0,100,False,0,8,0,12,100,44.94,False,False,False,False,True,False
11.0,33.65,3970,2,12,0,22.0,30.0,128531.5,50,999.0,True,0.0,20.0,0,10,0,False,False,0,DRY,NORMAL,10,0,50,False,0,BRIGHT,CLEAR,10,50,False,False,0,SAFE,SAFE,SAFE,10,0,100,False,0,8,0,12,100,44.94,False,False,False,False,True,False
11.05,34.04,4017,2,12,0,22.0,30.0,128531.5,50,999.0,True,0.0,20.0,0,10,0,False,False,0,DRY,NORMAL,10,0,50,False,0,BRIGHT,CLEAR,10,50,False,False,0,SAFE,SAFE,SAFE,10,0,100,False,0,8,0,12,100,44.94,False,False,False,False,True,False
11.1,34.64,4088,2,12,0,22.0,30.0,128531.5,50,999.0,True,0.0,20.0,0,10,0,False,False,0,DRY,NORMAL,10,0,50,False,0,BRIGHT,CLEAR,10,50,False,False,0,SAFE,SAFE,SAFE,10,0,100,False,0,8,0,12,100,44.94,False,False,False,False,True,False
11.15,35.05,4136,2,12,0,22.0,30.0,128531.5,50,999.0,True,0.0,20.0,0,10,0,False,False,0,DRY,NORMAL,10,0,50,False,0,BRIGHT,CLEAR,10,50,False,False,0,SAFE,SAFE,SAFE,10,0,100,False,0,8,0,12,100,44.94,False,False,False,False,True,False
11.2,35.65,4207,2,12,0,22.0,30.0,128531.5,50,999.0,True,0.0,20.0,0,10,0,False,False,0,DRY,NORMAL,10,0,50,False,0,BRIGHT,CLEAR,10,50,False,False,0,SAFE,SAFE,SAFE,10,0,100,False,0,8,0,12,100,44.94,False,False,False,False,True,False
11.25,36.07,4257,2,12,0,22.0,30.0,128531.5,50,999.0,True,0.0,20.0,0,10,0,False,False,0,DRY,NORMAL,10,0,50,False,0,BRIGHT,CLEAR,10,50,False,False,0,SAFE,SAFE,SAFE,10,0,100,False,0,8,0,12,100,44.94,False,False,False,False,True,False
11.3,36.68,4329,2,12,0,22.0,30.0,128531.5,50,999.0,True,0.0,20.0,0,10,0,False,False,0,DRY,NORMAL,10,0,50,False,0,BRIGHT,CLEAR,10,50,False,False,0,SAFE,SAFE,SAFE,10,0,100,False,0,10,0,12,100,50,False,False,False,False,True,False
11.35,37.14,4383,2,12,0,22.0,30.0,128531.5,50,999.0,True,0.0,20.0,0,10,0,False,False,0,DRY,NORMAL,10,0,50,False,0,BRIGHT,CLEAR,10,50,False,False,0,SAFE,SAFE,SAFE,10,0,100,False,0,10,0,12,100,50,False,False,False,False,True,False
11.4,37.88,4470,2,12,0,22.0,30.0,128531.5,50,999.0,True,0.0,20.0,0,10,0,False,False,0,DRY,NORMAL,10,0,50,False,0,BRIGHT,CLEAR,10,50,False,False,0,SAFE,SAFE,SAFE,10,0,100,False,0,10,0,12,100,50,False,False,False,False,True,False
11.45,38.54,4547,2,12,0,22.0,30.0,128531.5,50,999.0,True,0.0,20.0,0,10,0,False,False,0,DRY,NORMAL,10,0,50,False,0,BRIGHT,CLEAR,10,50,False,False,0,SAFE,SAFE,SAFE,10,0,100,False,0,10,0,12,100,50,False,False,False,False,True,False
11.5,39.43,4653,2,12,0,22.0,30.0,128531.5,50,999.0,True,0.0,20.0,0,10,0,False,False,0,DRY,NORMAL,10,0,50,False,0,BRIGHT,CLEAR,10,50,False,False,0,SAFE,SAFE,SAFE,10,0,100,False,0,10,0,12,100,50,False,False,False,False,True,False
11.55,40.2,4744,2,12,0,22.0,30.0,128531.5,50,999.0,True,0.0,20.0,0,10,0,False,False,0,DRY,NORMAL,10,0,50,False,0,BRIGHT,CLEAR,10,50,False,False,0,SAFE,SAFE,SAFE,10,0,100,False,0,10,0,12,100,50,False,False,False,False,True,False
11.6,41.16,4858,2,12,0,22.0,30.0,128531.5,50,999.0,True,0.0,20.0,0,10,0,False,False,0,DRY,NORMAL,10,0,50,False,0,BRIGHT,CLEAR,10,50,False,False,0,SAFE,SAFE,SAFE,10,0,100,False,0,10,0,12,100,50,False,False,False,False,True,False
11.65,42.01,4958,2,12,0,22.0,30.0,128531.5,50,999.0,True,0.0,20.0,0,10,0,False,False,0,DRY,NORMAL,10,0,50,False,0,BRIGHT,CLEAR,10,50,False,False,0,SAFE,SAFE,SAFE,10,0,100,False,0,10,0,12,100,50,False,False,False,False,True,False
11.7,42.98,5072,2,12,0,22.0,30.0,128531.5,50,999.0,True,0.0,20.0,0,10,0,False,False,0,DRY,NORMAL,10,0,50,False,0,BRIGHT,CLEAR,10,50,False,False,0,SAFE,SAFE,SAFE,10,0,100,False,0,10,0,12,100,50,False,False,False,False,True,False
11.75,43.89,5179,2,12,0,22.0,30.0,128531.5,50,999.0,True,0.0,20.0,0,10,0,False,False,0,DRY,NORMAL,10,0,50,False,0,BRIGHT,CLEAR,10,50,False,False,0,SAFE,SAFE,SAFE,10,0,100,False,0,10,0,12,100,50,False,False,False,False,True,False
11.8,44.84,5292,2,12,0,22.0,30.0,128531.5,50,999.0,True,0.0,20.0,0,10,0,False,False,0,DRY,NORMAL,10,0,50,False,0,BRIGHT,CLEAR,10,50,False,False,0,SAFE,SAFE,SAFE,10,0,100,False,0,10,0,12,100,50,False,False,False,False,True,False
11.85,45.78,5403,2,12,0,22.0,30.0,128531.5,50,999.0,True,0.0,20.0,0,10,0,False,False,0,DRY,NORMAL,10,0,50,False,0,BRIGHT,CLEAR,10,50,False,False,0,SAFE,SAFE,SAFE,10,0,100,False,0,10,0,12,100,50,False,False,False,False,True,False
11.9,46.74,5515,2,12,0,22.0,30.0,128531.5,50,999.0,True,0.0,20.0,0,10,0,False,False,0,DRY,NORMAL,10,0,50,False,0,BRIGHT,CLEAR,10,50,False,False,0,SAFE,SAFE,SAFE,10,0,100,False,0,10,0,12,100,50,False,False,False,False,True,False
11.95,47.69,5628,2,12,0,22.0,30.0,128531.5,50,999.0,True,0.0,20.0,0,10,0,False,False,0,DRY,NORMAL,10,0,50,False,0,BRIGHT,CLEAR,10,50,False,False,0,SAFE,SAFE,SAFE,10,0,100,False,0,10,0,12,100,50,False,False,False,False,True,False
12.0,48.65,5741,2,12,0,22.0,30.0,129988.7,50,999.0,True,0.0,20.0,0,10,0,False,False,0,DRY,NORMAL,10,0,50,False,0,BRIGHT,CLEAR,10,50,False,False,0,SAFE,SAFE,SAFE,10,0,100,False,0,10,0,12,100,50,False,False,False,False,True,False
12.05,49.62,5855,2,12,0,22.0,30.0,129988.7,50,999.0,True,0.0,20.0,0,10,0,False,False,0,DRY,NORMAL,10,0,50,False,0,BRIGHT,CLEAR,10,50,False,False,0,SAFE,SAFE,SAFE,10,0,100,False,0,10,0,12,100,50,False,False,False,False,True,False
12.1,50.59,5970,2,12,0,22.0,30.0,129988.7,50,999.0,True,0.0,20.0,0,10,0,False,False,0,DRY,NORMAL,10,0,50,False,0,BRIGHT,CLEAR,10,50,False,False,0,SAFE,SAFE,SAFE,10,0,100,False,0,10,0,12,100,50,False,False,False,False,True,False
12.15,51.5,6078,2,12,0,22.0,30.0,129988.7,50,999.0,True,0.0,20.0,0,10,0,False,False,0,DRY,NORMAL,10,0,50,False,0,BRIGHT,CLEAR,10,50,False,False,0,SAFE,SAFE,SAFE,10,0,100,False,0,10,0,12,100,50,False,False,False,False,True,False
12.2,52.11,6150,2,12,0,22.0,30.0,129988.7,41.1,999.0,True,0.0,20.0,0,10,0,False,False,0,DRY,NORMAL,10,0,41.104096120413715,False,0,BRIGHT,CLEAR,10,41.104096120413715,False,False,0,SAFE,SAFE,SAFE,10,0,100,False,0,10,0,12,100,41.104096120413715,False,False,False,False,True,False
12.25,52.19,6159,2,12,0,22.0,30.0,129988.7,41.1,999.0,True,0.0,20.0,0,10,0,False,False,0,DRY,NORMAL,10,0,41.104096120413715,False,0,BRIGHT,CLEAR,10,41.104096120413715,False,False,0,SAFE,SAFE,SAFE,10,0,100,False,0,10,0,12,100,41.104096120413715,False,False,False,False,True,False
12.3,51.94,6129,2,12,0,22.0,30.0,129988.7,41.1,999.0,True,0.0,20.0,0,10,0,False,False,0,DRY,NORMAL,10,0,41.104096120413715,False,0,BRIGHT,CLEAR,10,41.104096120413715,False,False,0,SAFE,SAFE,SAFE,10,0,100,False,0,10,0,12,100,41.104096120413715,False,False,False,False,True,False
12.35,51.52,6080,2,12,0,22.0,30.0,129988.7,41.1,999.0,True,0.0,20.0,0,10,0,False,False,0,DRY,NORMAL,10,0,41.104096120413715,False,0,BRIGHT,CLEAR,10,41.104096120413715,False,False,0,SAFE,SAFE,SAFE,10,0,100,False,0,10,0,12,100,41.104096120413715,False,False,False,False,True,False
12.4,51.02,6020,2,12,0,22.0,30.0,129988.7,33.5,999.0,True,0.0,20.0,0,10,0,False,False,0,DRY,NORMAL,10,0,33.45095014438595,False,0,BRIGHT,CLEAR,10,33.45095014438595,False,False,0,SAFE,SAFE,SAFE,10,0,100,False,0,10,0,12,100,33.45095014438595,False,False,False,False,True,False
12.45,50.33,5939,2,12,0,22.0,30.0,129988.7,33.5,999.0,True,0.0,20.0,0,10,0,False,False,0,DRY,NORMAL,10,0,33.45095014438595,False,0,BRIGHT,CLEAR,10,33.45095014438595,False,False,0,SAFE,SAFE,SAFE,10,0,100,False,0,10,0,12,100,33.45095014438595,False,False,False,False,True,False
12.5,49.51,5843,2,12,0,22.0,30.0,129988.7,38.5,999.0,True,0.0,20.0,0,10,0,False,False,0,DRY,NORMAL,10,0,38.45095014438595,False,0,BRIGHT,CLEAR,10,38.45095014438595,False,False,0,SAFE,SAFE,SAFE,10,0,100,False,0,8,0,12,100,34.57,False,False,False,False,True,False
12.55,48.84,5764,2,12,0,22.0,30.0,129988.7,39.7,999.0,True,0.0,20.0,0,10,0,False,False,0,DRY,NORMAL,10,0,39.710329512833255,False,0,BRIGHT,CLEAR,10,39.710329512833255,False,False,0,SAFE,SAFE,SAFE,10,0,100,False,0,8,0,12,100,35.72,False,False,False,False,True,False
12.6,48.23,5692,2,12,0,22.0,30.0,129988.7,32.3,999.0,True,0.0,20.0,0,10,0,False,False,0,DRY,NORMAL,10,0,32.316688070686446,False,0,BRIGHT,CLEAR,10,32.316688070686446,False,False,0,SAFE,SAFE,SAFE,10,0,100,False,0,8,0,12,100,29.1,False,False,False,False,True,False
12.65,47.49,5605,2,12,0,22.0,30.0,129988.7,32.3,999.0,True,0.0,20.0,0,10,0,False,False,0,DRY,NORMAL,10,0,32.316688070686446,False,0,BRIGHT,CLEAR,10,32.316688070686446,False,False,0,SAFE,SAFE,SAFE,10,0,100,False,0,8,0,12,100,29.1,False,False,False,False,True,False
12.7,46.65,5506,2,12,0,22.0,30.0,129988.7,32.3,999.0,True,0.0,20.0,0,10,0,False,False,0,DRY,NORMAL,10,0,32.316688070686446,False,0,BRIGHT,CLEAR,10,32.316688070686446,False,False,0,SAFE,SAFE,SAFE,10,0,100,False,0,8,0,12,100,29.1,False,False,False,False,True,False
12.75,45.82,5407,2,12,0,22.0,30.0,129988.7,32.3,999.0,True,0.0,20.0,0,10,0,False,False,0,DRY,NORMAL,10,0,32.316688070686446,False,0,BRIGHT,CLEAR,10,32.316688070686446,False,False,0,SAFE,SAFE,SAFE,10,0,100,False,0,8,0,12,100,29.1,False,False,False,False,True,False
12.8,44.98,5308,2,12,0,22.0,30.0,129988.7,37.3,999.0,True,0.0,20.0,0,10,0,False,False,0,DRY,NORMAL,10,0,37.316688070686446,False,0,BRIGHT,CLEAR,10,37.316688070686446,False,False,0,SAFE,SAFE,SAFE,10,0,100,False,0,8,0,12,100,33.42,False,False,False,False,True,False
12.85,44.32,5230,2,12,0,22.0,30.0,129988.7,31.1,999.0,True,0.0,20.0,0,10,0,False,False,0,DRY,NORMAL,10,0,31.141139833890175,False,0,BRIGHT,CLEAR,10,31.141139833890175,False,False,0,SAFE,SAFE,SAFE,10,0,100,False,0,8,0,12,100,27.94,False,False,False,False,True,False
12.9,43.61,5146,2,12,0,22.0,30.0,129988.7,31.1,999.0,True,0.0,20.0,0,10,0,False,False,0,DRY,NORMAL,10,0,31.141139833890175,False,0,BRIGHT,CLEAR,10,31.141139833890175,False,False,0,SAFE,SAFE,SAFE,10,0,100,False,0,8,0,12,100,27.94,False,False,False,False,True,False
12.95,42.78,5048,2,12,0,22.0,30.0,129988.7,31.1,999.0,True,0.0,20.0,0,10,0,False,False,0,DRY,NORMAL,10,0,31.141139833890175,False,0,BRIGHT,CLEAR,10,31.141139833890175,False,False,0,SAFE,SAFE,SAFE,10,0,100,False,0,8,0,12,100,27.94,False,False,False,False,True,False
13.0,42.18,4977,2,12,0,22.0,30.0,129988.7,31.1,999.0,True,0.0,20.0,0,10,0,False,False,0,DRY,NORMAL,10,0,31.141139833890175,False,0,BRIGHT,CLEAR,10,31.141139833890175,False,False,0,SAFE,SAFE,SAFE,10,0,100,False,0,8,0,12,100,27.94,False,False,False,False,True,False
13.05,41.56,4905,2,12,0,22.0,30.0,129988.7,36.1,999.0,True,0.0,20.0,0,10,0,False,False,0,DRY,NORMAL,10,0,36.14113983389018,False,0,BRIGHT,CLEAR,10,36.14113983389018,False,False,0,SAFE,SAFE,SAFE,10,0,100,False,0,8,0,12,100,32.27,False,False,False,False,True,False
13.1,41.08,4848,2,12,0,22.0,30.0,129988.7,29.9,999.0,True,0.0,20.0,0,10,0,False,False,0,DRY,NORMAL,10,0,29.91943937392135,False,0,BRIGHT,CLEAR,10,29.91943937392135,False,False,0,SAFE,SAFE,SAFE,10,0,100,False,0,8,0,12,100,26.79,False,False,False,False,True,False
13.15,40.46,4774,2,12,0,22.0,30.0,129988.7,29.9,999.0,True,0.0,20.0,0,10,0,False,False,0,DRY,NORMAL,10,0,29.91943937392135,False,0,BRIGHT,CLEAR,10,29.91943937392135,False,False,0,SAFE,SAFE,SAFE,10,0,100,False,0,8,0,12,100,26.79,False,False,False,False,True,False
13.2,39.99,4719,2,12,0,22.0,30.0,129988.7,29.9,999.0,True,0.0,20.0,0,10,0,False,False,0,DRY,NORMAL,10,0,29.91943937392135,False,0,BRIGHT,CLEAR,10,29.91943937392135,False,False,0,SAFE,SAFE,SAFE,10,0,100,False,0,8,0,12,100,26.79,False,False,False,False,True,False
13.25,39.37,4646,2,12,0,22.0,30.0,129988.7,29.9,999.0,True,0.0,20.0,0,10,0,False,False,0,DRY,NORMAL,10,0,29.91943937392135,False,0,BRIGHT,CLEAR,10,29.91943937392135,False,False,0,SAFE,SAFE,SAFE,10,0,100,False,0,8,0,12,100,26.79,False,False,False,False,True,False
13.3,38.92,4593,2,12,0,22.0,30.0,129988.7,29.9,999.0,True,0.0,20.0,0,10,0,False,False,0,DRY,NORMAL,10,0,29.91943937392135,False,0,BRIGHT,CLEAR,10,29.91943937392135,False,False,0,SAFE,SAFE,SAFE,10,0,100,False,0,8,0,12,100,26.79,False,False,False,False,True,False
13.35,38.3,4519,2,12,0,22.0,30.0,129988.7,28.6,999.0,True,0.0,20.0,0,10,0,False,False,0,DRY,NORMAL,10,0,28.645682305464618,False,0,BRIGHT,CLEAR,10,28.645682305464618,False,False,0,SAFE,SAFE,SAFE,10,0,100,False,0,8,0,12,100,25.64,False,False,False,False,True,False
13.4,37.86,4468,2,12,0,22.0,30.0,129988.7,28.6,999.0,True,0.0,20.0,0,10,0,False,False,0,DRY,NORMAL,10,0,28.645682305464618,False,0,BRIGHT,CLEAR,10,28.645682305464618,False,False,0,SAFE,SAFE,SAFE,10,0,100,False,0,8,0,12,100,25.64,False,False,False,False,True,False
13.45,37.24,4395,2,12,0,22.0,30.0,129988.7,28.6,999.0,True,0.0,20.0,0,10,0,False,False,0,DRY,NORMAL,10,0,28.645682305464618,False,0,BRIGHT,CLEAR,10,28.645682305464618,False,False,0,SAFE,SAFE,SAFE,10,0,100,False,0,8,0,12,100,25.64,False,False,False,False,True,False
13.5,36.82,4345,2,12,0,22.0,30.0,129293.4,28.6,999.0,True,0.0,20.0,0,10,0,False,False,0,DRY,NORMAL,10,0,28.645682305464618,False,0,BRIGHT,CLEAR,10,28.645682305464618,False,False,0,SAFE,SAFE,SAFE,10,0,100,False,0,8,0,12,100,25.64,False,False,False,False,True,False
13.55,36.2,4272,2,12,0,22.0,30.0,129293.4,28.6,999.0,True,0.0,20.0,0,10,0,False,False,0,DRY,NORMAL,10,0,28.645682305464618,False,0,BRIGHT,CLEAR,10,28.645682305464618,False,False,0,SAFE,SAFE,SAFE,10,0,100,False,0,8,0,12,100,25.64,False,False,False,False,True,False
13.6,35.79,4224,2,12,0,22.0,30.0,129293.4,28.6,999.0,True,0.0,20.0,0,10,0,False,False,0,DRY,NORMAL,10,0,28.645682305464618,False,0,BRIGHT,CLEAR,10,28.645682305464618,False,False,0,SAFE,SAFE,SAFE,10,0,100,False,0,8,0,12,100,25.64,False,False,False,False,True,False
13.65,35.18,4151,2,12,0,22.0,30.0,129293.4,28.6,999.0,True,0.0,20.0,0,10,0,False,False,0,DRY,NORMAL,10,0,28.64567298994969,False,0,BRIGHT,CLEAR,10,28.64567298994969,False,False,0,SAFE,SAFE,SAFE,10,0,100,False,0,8,0,12,100,25.64,False,False,False,False,True,False
13.7,34.78,4105,2,12,0,22.0,30.0,129293.4,27.3,999.0,True,0.0,20.0,0,10,0,False,False,0,DRY,NORMAL,10,0,27.312586421674947,False,0,BRIGHT,CLEAR,10,27.312586421674947,False,False,0,SAFE,SAFE,SAFE,10,0,100,False,0,8,0,12,100,24.49,False,False,False,False,True,False
13.75,34.17,4032,2,12,0,22.0,30.0,129293.4,27.3,999.0,True,0.0,20.0,0,10,0,False,False,0,DRY,NORMAL,10,0,27.312586421674947,False,0,BRIGHT,CLEAR,10,27.312586421674947,False,False,0,SAFE,SAFE,SAFE,10,0,100,False,0,8,0,12,100,24.49,False,False,False,False,True,False
13.8,33.79,3987,2,12,0,22.0,30.0,129293.4,27.3,999.0,True,0.0,20.0,0,10,0,False,False,0,DRY,NORMAL,10,0,27.312586421674947,False,0,BRIGHT,CLEAR,10,27.312586421674947,False,False,0,SAFE,SAFE,SAFE,10,0,100,False,0,8,0,12,100,24.49,False,False,False,False,True,False
13.85,33.18,3915,2,12,0,22.0,30.0,129293.4,27.3,999.0,True,0.0,20.0,0,10,0,False,False,0,DRY,NORMAL,10,0,27.312586421674947,False,0,BRIGHT,CLEAR,10,27.312586421674947,False,False,0,SAFE,SAFE,SAFE,10,0,100,False,0,8,0,12,100,24.49,False,False,False,False,True,False
13.9,32.81,3872,2,12,0,22.0,30.0,129293.4,27.3,999.0,True,0.0,20.0,0,10,0,False,False,0,DRY,NORMAL,10,0,27.312586421674947,False,0,BRIGHT,CLEAR,10,27.312586421674947,False,False,0,SAFE,SAFE,SAFE,10,0,100,False,0,8,0,12,100,24.49,False,False,False,False,True,False
13.95,32.2,3800,2,12,0,22.0,30.0,129293.4,27.3,999.0,True,0.0,20.0,0,10,0,False,False,0,DRY,NORMAL,10,0,27.31257753967996,False,0,BRIGHT,CLEAR,10,27.31257753967996,False,False,0,SAFE,SAFE,SAFE,10,0,100,False,0,8,0,12,100,24.49,False,False,False,False,True,False
14.0,31.85,3758,2,12,0,22.0,30.0,129293.4,27.3,999.0,True,0.0,20.0,0,10,0,False,False,0,DRY,NORMAL,10,0,27.31257753967996,False,0,BRIGHT,CLEAR,10,27.31257753967996,False,False,0,SAFE,SAFE,SAFE,10,0,100,False,0,8,0,12,100,24.49,False,False,False,False,True,False
14.05,31.24,3686,2,12,0,22.0,30.0,129293.4,27.3,999.0,True,0.0,20.0,0,10,0,False,False,0,DRY,NORMAL,10,0,27.31257753967996,False,0,BRIGHT,CLEAR,10,27.31257753967996,False,False,0,SAFE,SAFE,SAFE,10,0,100,False,0,8,0,12,100,24.49,False,False,False,False,True,False
14.1,30.9,3646,2,12,0,22.0,30.0,129293.4,27.3,999.0,True,0.0,20.0,0,10,0,False,False,0,DRY,NORMAL,10,0,27.31257753967996,False,0,BRIGHT,CLEAR,10,27.31257753967996,False,False,0,SAFE,SAFE,SAFE,10,0,100,False,0,8,0,12,100,24.49,False,False,False,False,True,False
14.15,30.29,3575,2,12,0,22.0,30.0,129293.4,27.3,999.0,True,0.0,20.0,0,10,0,False,False,0,DRY,NORMAL,10,0,27.31257753967996,False,0,BRIGHT,CLEAR,10,27.31257753967996,False,False,0,SAFE,SAFE,SAFE,10,0,100,False,0,8,0,12,100,24.49,False,False,False,False,True,False
14.2,29.96,3536,2,12,0,22.0,30.0,129293.4,27.3,999.0,True,0.0,20.0,0,10,0,False,False,0,DRY,NORMAL,10,0,27.31257753967996,False,0,BRIGHT,CLEAR,10,27.31257753967996,False,False,0,SAFE,SAFE,SAFE,10,0,100,False,0,8,0,12,100,24.49,False,False,False,False,True,False
14.25,29.36,3464,2,12,0,22.0,30.0,129293.4,27.3,999.0,True,0.0,20.0,0,10,0,False,False,0,DRY,NORMAL,10,0,27.31257753967996,False,0,BRIGHT,CLEAR,10,27.31257753967996,False,False,0,SAFE,SAFE,SAFE,10,0,100,False,0,8,0,12,100,24.49,False,False,False,False,True,False
14.3,29.15,3440,2,12,0,22.0,30.0,129293.4,27.3,999.0,True,0.0,20.0,0,10,0,False,False,0,DRY,NORMAL,10,0,27.312574904364393,False,0,BRIGHT,CLEAR,10,27.312574904364393,False,False,0,SAFE,SAFE,SAFE,10,0,100,False,0,8,0,12,100,24.49,False,False,False,False,True,False
14.35,28.74,3391,2,12,0,22.0,30.0,129293.4,27.3,999.0,True,0.0,20.0,0,10,0,False,False,0,DRY,NORMAL,10,0,27.312574904364393,False,0,BRIGHT,CLEAR,10,27.312574904364393,False,False,0,SAFE,SAFE,SAFE,10,0,100,False,0,7,0,12,100,24.49,False,False,False,False,True,False
14.4,28.6,3374,2,12,0,22.0,30.0,129293.4,27.3,999.0,True,0.0,20.0,0,10,0,False,False,0,DRY,NORMAL,10,0,27.312574904364393,False,0,BRIGHT,CLEAR,10,27.312574904364393,False,False,0,SAFE,SAFE,SAFE,10,0,100,False,0,7,0,12,100,24.49,False,False,False,False,True,False
14.45,28.19,3327,2,12,0,22.0,30.0,129293.4,27.3,999.0,True,0.0,20.0,0,10,0,False,False,0,DRY,NORMAL,10,0,27.312574904364393,False,0,BRIGHT,CLEAR,10,27.312574904364393,False,False,0,SAFE,SAFE,SAFE,10,0,100,False,0,7,0,12,100,24.49,False,False,False,False,True,False
14.5,28.06,3312,2,12,0,22.0,30.0,129293.4,27.3,999.0,True,0.0,20.0,0,10,0,False,False,0,DRY,NORMAL,10,0,27.312574904364393,False,0,BRIGHT,CLEAR,10,27.312574904364393,False,False,0,SAFE,SAFE,SAFE,10,0,100,False,0,7,0,12,100,24.49,False,False,False,False,True,False
14.55,27.66,3264,2,12,0,22.0,30.0,129293.4,27.3,999.0,True,0.0,20.0,0,10,0,False,False,0,DRY,NORMAL,10,0,27.312574904364393,False,0,BRIGHT,CLEAR,10,27.312574904364393,False,False,0,SAFE,SAFE,SAFE,10,0,100,False,0,7,0,12,100,24.49,False,False,False,False,True,False
14.6,27.54,3250,2,12,0,22.0,30.0,129293.4,27.3,999.0,True,0.0,20.0,0,10,0,False,False,0,DRY,NORMAL,10,0,27.312574904364393,False,0,BRIGHT,CLEAR,10,27.312574904364393,False,False,0,SAFE,SAFE,SAFE,10,0,100,False,0,7,0,12,100,24.49,False,False,False,False,True,False
14.65,27.15,3203,2,12,0,22.0,30.0,129293.4,27.3,999.0,True,0.0,20.0,0,10,0,False,False,0,DRY,NORMAL,10,0,27.312574904364393,False,0,BRIGHT,CLEAR,10,27.312574904364393,False,False,0,SAFE,SAFE,SAFE,10,0,100,False,0,7,0,12,100,24.49,False,False,False,False,True,False
14.7,27.04,3190,2,12,0,22.0,30.0,129293.4,27.3,999.0,True,0.0,20.0,0,10,0,False,False,0,DRY,NORMAL,10,0,27.312574904364393,False,0,BRIGHT,CLEAR,10,27.312574904364393,False,False,0,SAFE,SAFE,SAFE,10,0,100,False,0,7,0,12,100,24.49,False,False,False,False,True,False
14.75,26.64,3143,2,12,0,22.0,30.0,129293.4,27.3,999.0,True,0.0,20.0,0,10,0,False,False,0,DRY,NORMAL,10,0,27.312574904364393,False,0,BRIGHT,CLEAR,10,27.312574904364393,False,False,0,SAFE,SAFE,SAFE,10,0,100,False,0,7,0,12,100,24.49,False,False,False,False,True,False
14.8,26.53,3131,2,12,0,22.0,30.0,129293.4,27.3,999.0,True,0.0,20.0,0,10,0,False,False,0,DRY,NORMAL,10,0,27.312574904364393,False,0,BRIGHT,CLEAR,10,27.312574904364393,False,False,0,SAFE,SAFE,SAFE,10,0,100,False,0,7,0,12,100,24.49,False,False,False,False,True,False
14.85,26.14,3084,2,12,0,22.0,30.0,129293.4,27.3,999.0,True,0.0,20.0,0,10,0,False,False,0,DRY,NORMAL,10,0,27.312574904364393,False,0,BRIGHT,CLEAR,10,27.312574904364393,False,False,0,SAFE,SAFE,SAFE,10,0,100,False,0,7,0,12,100,24.49,False,False,False,False,True,False
14.9,26.04,3073,2,12,0,22.0,30.0,129293.4,27.3,999.0,True,0.0,20.0,0,10,0,False,False,0,DRY,NORMAL,10,0,27.312574904364393,False,0,BRIGHT,CLEAR,10,27.312574904364393,False,False,0,SAFE,SAFE,SAFE,10,0,100,False,0,7,0,12,100,24.49,False,False,False,False,True,False
14.95,25.65,3026,2,12,0,22.0,30.0,129293.4,27.3,999.0,True,0.0,20.0,0,10,0,False,False,0,DRY,NORMAL,10,0,27.312574904364393,False,0,BRIGHT,CLEAR,10,27.312574904364393,False,False,0,SAFE,SAFE,SAFE,10,0,100,False,0,7,0,12,100,24.49,False,False,False,False,True,False
15.0,25.55,3015,2,12,0,22.0,30.0,126505.7,27.3,999.0,True,0.0,20.0,0,10,0,False,False,0,DRY,NORMAL,10,0,27.312574904364393,False,0,BRIGHT,CLEAR,10,27.312574904364393,False,False,0,SAFE,SAFE,SAFE,10,0,100,False,0,7,0,12,100,24.49,False,False,False,False,True,False
15.05,25.16,2969,2,12,0,22.0,30.0,126505.7,27.3,999.0,True,0.0,20.0,0,10,0,False,False,0,DRY,NORMAL,10,0,27.312574904364393,False,0,BRIGHT,CLEAR,10,27.312574904364393,False,False,0,SAFE,SAFE,SAFE,10,0,100,False,0,10,0,12,100,27.312574904364393,False,False,False,False,True,False
15.1,25.08,2960,2,12,0,22.0,30.0,126505.7,27.3,999.0,True,0.0,20.0,0,10,0,False,False,0,DRY,NORMAL,10,0,27.312574904364393,False,0,BRIGHT,CLEAR,10,27.312574904364393,False,False,0,SAFE,SAFE,SAFE,10,0,100,False,0,10,0,12,100,27.312574904364393,False,False,False,False,True,False
15.15,24.77,2922,2,12,0,22.0,30.0,126505.7,27.3,999.0,True,0.0,20.0,0,10,0,False,False,0,DRY,NORMAL,10,0,27.312574904364393,False,0,BRIGHT,CLEAR,10,27.312574904364393,False,False,0,SAFE,SAFE,SAFE,10,0,100,False,0,10,0,12,100,27.312574904364393,False,False,False,False,True,False
15.2,24.85,2933,2,12,0,22.0,30.0,126505.7,27.3,999.0,True,0.0,20.0,0,10,0,False,False,0,DRY,NORMAL,10,0,27.312574904364393,False,0,BRIGHT,CLEAR,10,27.312574904364393,False,False,0,SAFE,SAFE,SAFE,10,0,100,False,0,10,0,12,100,27.312574904364393,False,False,False,False,True,False
15.25,24.79,2925,2,12,0,22.0,30.0,126505.7,27.3,999.0,True,0.0,20.0,0,10,0,False,False,0,DRY,NORMAL,10,0,27.312574904364393,False,0,BRIGHT,CLEAR,10,27.312574904364393,False,False,0,SAFE,SAFE,SAFE,10,0,100,False,0,10,0,12,100,27.312574904364393,False,False,False,False,True,False
15.3,25.16,2969,2,12,0,22.0,30.0,126505.7,27.3,999.0,True,0.0,20.0,0,10,0,False,False,0,DRY,NORMAL,10,0,27.312574904364393,False,0,BRIGHT,CLEAR,10,27.312574904364393,False,False,0,SAFE,SAFE,SAFE,10,0,100,False,0,10,0,12,100,27.312574904364393,False,False,False,False,True,False
15.35,25.36,2992,2,12,0,22.0,30.0,126505.7,27.3,999.0,True,0.0,20.0,0,10,0,False,False,0,DRY,NORMAL,10,0,27.312574904364393,False,0,BRIGHT,CLEAR,10,27.312574904364393,False,False,0,SAFE,SAFE,SAFE,10,0,100,False,0,10,0,12,100,27.312574904364393,False,False,False,False,True,False
15.4,25.95,3062,2,12,0,22.0,30.0,126505.7,27.3,999.0,True,0.0,20.0,0,10,0,False,False,0,DRY,NORMAL,10,0,27.312574904364393,False,0,BRIGHT,CLEAR,10,27.312574904364393,False,False,0,SAFE,SAFE,SAFE,10,0,100,False,0,10,0,12,100,27.312574904364393,False,False,False,False,True,False
15.45,26.32,3106,2,12,0,22.0,30.0,126505.7,27.3,999.0,True,0.0,20.0,0,10,0,False,False,0,DRY,NORMAL,10,0,27.312574904364393,False,0,BRIGHT,CLEAR,10,27.312574904364393,False,False,0,SAFE,SAFE,SAFE,10,0,100,False,0,10,0,12,100,27.312574904364393,False,False,False,False,True,False
15.5,27.04,3191,2,12,0,22.0,30.0,126505.7,27.3,999.0,True,0.0,20.0,0,10,0,False,False,0,DRY,NORMAL,10,0,27.312574904364393,False,0,BRIGHT,CLEAR,10,27.312574904364393,False,False,0,SAFE,SAFE,SAFE,10,0,100,False,0,10,0,12,100,27.312574904364393,False,False,False,False,True,False
15.55,27.53,3249,2,12,0,22.0,30.0,126505.7,27.3,999.0,True,0.0,20.0,0,10,0,False,False,0,DRY,NORMAL,10,0,27.312574904364393,False,0,BRIGHT,CLEAR,10,27.312574904364393,False,False,0,SAFE,SAFE,SAFE,10,0,100,False,0,10,0,12,100,27.312574904364393,False,False,False,False,True,False
15.6,28.3,3339,2,12,0,22.0,30.0,126505.7,27.3,999.0,True,0.0,20.0,0,10,0,False,False,0,DRY,NORMAL,10,0,27.312574904364393,False,0,BRIGHT,CLEAR,10,27.312574904364393,False,False,0,SAFE,SAFE,SAFE,10,0,100,False,0,10,0,12,100,27.312574904364393,False,False,False,False,True,False
15.65,28.61,3376,2,12,0,22.0,30.0,126505.7,27.3,999.0,True,0.0,20.0,0,10,0,False,False,0,DRY,NORMAL,10,0,27.312574904364393,False,0,BRIGHT,CLEAR,10,27.312574904364393,False,False,0,SAFE,SAFE,SAFE,10,0,100,False,0,10,0,12,100,27.312574904364393,False,False,False,False,True,False
15.7,28.92,3412,2,12,0,22.0,30.0,126505.7,27.3,999.0,True,0.0,20.0,0,10,0,False,False,0,DRY,NORMAL,10,0,27.312574904364393,False,0,BRIGHT,CLEAR,10,27.312574904364393,False,False,0,SAFE,SAFE,SAFE,10,0,100,False,0,10,0,12,100,27.312574904364393,False,False,False,False,True,False
15.75,28.8,3399,2,12,0,22.0,30.0,126505.7,27.3,999.0,True,0.0,20.0,0,10,0,False,False,0,DRY,NORMAL,10,0,27.312574904364393,False,0,BRIGHT,CLEAR,10,27.312574904364393,False,False,0,SAFE,SAFE,SAFE,10,0,100,False,0,10,0,12,100,27.312574904364393,False,False,False,False,True,False
15.8,28.84,3403,2,12,0,22.0,30.0,126505.7,27.3,999.0,True,0.0,20.0,0,10,0,False,False,0,DRY,NORMAL,10,0,27.312574904364393,False,0,BRIGHT,CLEAR,10,27.312574904364393,False,False,0,SAFE,SAFE,SAFE,10,0,100,False,0,10,0,12,100,27.312574904364393,False,False,False,False,True,False
15.85,28.55,3369,2,12,0,22.0,30.0,126505.7,27.3,999.0,True,0.0,20.0,0,10,0,False,False,0,DRY,NORMAL,10,0,27.312574904364393,False,0,BRIGHT,CLEAR,10,27.312574904364393,False,False,0,SAFE,SAFE,SAFE,10,0,100,False,0,10,0,12,100,27.312574904364393,False,False,False,False,True,False
15.9,28.49,3362,2,12,0,22.0,30.0,126505.7,27.3,999.0,True,0.0,20.0,0,10,0,False,False,0,DRY,NORMAL,10,0,27.31257122572697,False,0,BRIGHT,CLEAR,10,27.31257122572697,False,False,0,SAFE,SAFE,SAFE,10,0,100,False,0,10,0,12,100,27.31257122572697,False,False,False,False,True,False
15.95,28.14,3320,2,12,0,22.0,30.0,126505.7,27.3,999.0,True,0.0,20.0,0,10,0,False,False,0,DRY,NORMAL,10,0,27.31257122572697,False,0,BRIGHT,CLEAR,10,27.31257122572697,False,False,0,SAFE,SAFE,SAFE,10,0,100,False,0,10,0,12,100,27.31257122572697,False,False,False,False,True,False
16.0,28.03,3307,2,12,0,22.0,30.0,126505.7,27.3,999.0,True,0.0,20.0,0,10,0,False,False,0,DRY,NORMAL,10,0,27.31257122572697,False,0,BRIGHT,CLEAR,10,27.31257122572697,False,False,0,SAFE,SAFE,SAFE,10,0,100,False,0,10,0,12,100,27.31257122572697,False,False,False,False,True,False
16.05,27.63,3260,2,12,0,22.0,30.0,126505.7,27.3,999.0,True,0.0,20.0,0,10,0,False,False,0,DRY,NORMAL,10,0,27.31257122572697,False,0,BRIGHT,CLEAR,10,27.31257122572697,False,False,0,SAFE,SAFE,SAFE,10,0,100,False,0,10,0,12,100,27.31257122572697,False,False,False,False,True,False
16.1,27.48,3242,2,12,0,22.0,30.0,126505.7,27.3,999.0,True,0.0,20.0,0,10,0,False,False,0,DRY,NORMAL,10,0,27.31257122572697,False,0,BRIGHT,CLEAR,10,27.31257122572697,False,False,0,SAFE,SAFE,SAFE,10,0,100,False,0,10,0,12,100,27.31257122572697,False,False,False,False,True,False
16.15,27.05,3192,2,12,0,22.0,30.0,126505.7,27.3,999.0,True,0.0,20.0,0,10,0,False,False,0,DRY,NORMAL,10,0,27.31257122572697,False,0,BRIGHT,CLEAR,10,27.31257122572697,False,False,0,SAFE,SAFE,SAFE,10,0,100,False,0,10,0,12,100,27.31257122572697,False,False,False,False,True,False
16.2,26.9,3175,2,12,0,22.0,30.0,126505.7,27.3,999.0,True,0.0,20.0,0,10,0,False,False,0,DRY,NORMAL,10,0,27.31257122572697,False,0,BRIGHT,CLEAR,10,27.31257122572697,False,False,0,SAFE,SAFE,SAFE,10,0,100,False,0,10,0,12,100,27.31257122572697,False,False,False,False,True,False
16.25,26.55,3133,2,12,0,22.0,30.0,126505.7,27.3,999.0,True,0.0,20.0,0,10,0,False,False,0,DRY,NORMAL,10,0,27.31257122572697,False,0,BRIGHT,CLEAR,10,27.31257122572697,False,False,0,SAFE,SAFE,SAFE,10,0,100,False,0,8,0,12,100,24.49,False,False,False,False,True,False
16.3,26.56,3134,2,12,0,22.0,30.0,126505.7,27.7,999.0,True,0.0,20.0,0,10,0,False,False,0,DRY,NORMAL,10,0,27.72124890906572,False,0,BRIGHT,CLEAR,10,27.72124890906572,False,False,0,SAFE,SAFE,SAFE,10,0,100,False,0,8,0,12,100,24.77,False,False,False,False,True,False
16.35,26.27,3100,2,12,0,22.0,30.0,126505.7,27.7,999.0,True,0.0,20.0,0,10,0,False,False,0,DRY,NORMAL,10,0,27.72124890906572,False,0,BRIGHT,CLEAR,10,27.72124890906572,False,False,0,SAFE,SAFE,SAFE,10,0,100,False,0,8,0,12,100,24.77,False,False,False,False,True,False
16.4,26.22,3094,2,12,0,22.0,30.0,126505.7,27.7,999.0,True,0.0,20.0,0,10,0,False,False,0,DRY,NORMAL,10,0,27.72124890906572,False,0,BRIGHT,CLEAR,10,27.72124890906572,False,False,0,SAFE,SAFE,SAFE,10,0,100,False,0,8,0,12,100,24.77,False,False,False,False,True,False
16.45,25.86,3052,2,12,0,22.0,30.0,126505.7,27.7,999.0,True,0.0,20.0,0,10,0,False,False,0,DRY,NORMAL,10,0,27.72124890906572,False,0,BRIGHT,CLEAR,10,27.72124890906572,False,False,0,SAFE,SAFE,SAFE,10,0,100,False,0,8,0,12,100,24.77,False,False,False,False,True,False
16.5,25.77,3041,2,12,0,22.0,30.0,121940.2,27.7,999.0,True,0.0,20.0,0,10,0,False,False,0,DRY,NORMAL,10,0,27.72124890906572,False,0,BRIGHT,CLEAR,10,27.72124890906572,False,False,0,SAFE,SAFE,SAFE,10,0,100,False,0,8,0,12,100,24.77,False,False,False,False,True,False
16.55,25.39,2995,1,12,0,22.0,30.0,121940.2,27.7,999.0,True,0.0,20.0,0,10,0,False,False,0,DRY,NORMAL,10,0,27.72124890906572,False,0,BRIGHT,CLEAR,10,27.72124890906572,False,False,0,SAFE,SAFE,SAFE,10,0,100,False,0,8,0,12,100,24.77,True,False,False,False,True,False
16.6,24.7,7000,1,12,0,22.0,30.0,121940.2,27.7,999.0,True,0.0,20.0,0,10,0,False,False,0,DRY,NORMAL,10,0,27.72124890906572,False,0,BRIGHT,CLEAR,10,27.72124890906572,False,False,0,SAFE,SAFE,SAFE,10,0,100,False,0,7,0,12,100,24.77,False,False,False,False,True,False
16.65,23.69,7000,1,12,0,22.0,30.0,121940.2,23.7,999.0,True,0.0,20.0,0,10,0,False,False,0,DRY,NORMAL,10,0,23.693485099809784,False,0,BRIGHT,CLEAR,10,23.693485099809784,False,False,0,SAFE,SAFE,SAFE,10,0,100,False,0,7,0,12,100,21.32,False,False,False,False,True,False
16.7,23.07,7000,1,12,0,22.0,30.0,121940.2,20.8,999.0,True,0.0,20.0,0,10,0,False,False,0,DRY,NORMAL,10,0,20.759031163999445,False,0,BRIGHT,CLEAR,10,20.759031163999445,False,False,0,SAFE,SAFE,SAFE,10,0,100,False,0,7,0,12,100,18.44,False,False,False,False,True,False
16.75,22.16,7000,1,12,0,22.0,30.0,121940.2,18.8,999.0,True,0.0,20.0,0,10,0,False,False,0,DRY,NORMAL,10,0,18.84960994353068,False,0,BRIGHT,CLEAR,10,18.84960994353068,False,False,0,SAFE,CAUTION,SAFE,8,0,70,False,0,7,0,12,70,16.71,False,False,False,False,True,False
16.8,21.67,7000,2,12,0,22.0,30.0,121940.2,17.2,999.0,True,0.0,20.0,0,10,0,False,False,0,DRY,NORMAL,10,0,17.247201966391444,False,0,BRIGHT,CLEAR,10,17.247201966391444,False,False,0,SAFE,CAUTION,SAFE,8,0,70,False,0,7,0,12,70,15.27,False,False,False,False,True,False
16.85,21.19,2500,2,12,0,22.0,30.0,121940.2,17.0,999.0,True,0.0,20.0,0,10,0,False,False,0,DRY,NORMAL,10,0,16.999423913313038,False,0,BRIGHT,CLEAR,10,16.999423913313038,False,False,0,SAFE,CAUTION,SAFE,8,0,70,False,0,7,0,12,70,15.27,False,False,False,False,True,False
16.9,20.98,2476,2,12,0,22.0,30.0,121940.2,16.8,999.0,True,0.0,20.0,0,10,0,False,False,0,DRY,NORMAL,10,0,16.842718474039884,False,0,BRIGHT,CLEAR,10,16.842718474039884,False,False,0,SAFE,CAUTION,SAFE,8,0,70,False,0,7,0,12,70,14.98,False,False,False,False,True,False
16.95,20.44,2412,2,12,0,22.0,30.0,121940.2,16.9,999.0,True,0.0,20.0,0,10,0,False,False,0,DRY,NORMAL,10,0,16.858029570903373,False,0,BRIGHT,CLEAR,10,16.858029570903373,False,False,0,SAFE,CAUTION,SAFE,8,0,70,False,0,7,2,12,70,13.3,True,False,False,False,True,False
17.0,20.29,2394,2,12,0,22.0,30.0,121940.2,17.1,999.0,True,0.0,20.0,0,10,0,False,False,0,DRY,NORMAL,10,0,17.08711525716687,False,0,BRIGHT,CLEAR,10,17.08711525716687,False,False,0,SAFE,CAUTION,SAFE,8,0,70,False,0,7,2,12,70,13.56,True,False,False,False,True,False
17.05,19.76,2332,2,12,0,22.0,30.0,121940.2,17.5,999.0,True,0.0,20.0,0,10,0,False,False,0,DRY,NORMAL,10,0,17.46227590440168,False,0,BRIGHT,CLEAR,10,17.46227590440168,False,False,0,SAFE,CAUTION,SAFE,8,0,70,False,0,7,2,12,70,13.82,True,False,False,False,True,False
17.1,19.57,2310,1,12,0,22.0,30.0,121940.2,18.0,999.0,True,0.0,20.0,0,10,0,False,False,0,DRY,NORMAL,10,0,17.961807979270716,False,0,BRIGHT,CLEAR,10,17.961807979270716,False,False,0,SAFE,CAUTION,SAFE,8,0,70,False,0,7,2,12,70,14.33,True,False,False,False,True,False
17.15,17.78,5776,1,12,0,22.0,30.0,121940.2,18.4,999.0,True,0.0,20.0,0,10,0,False,False,0,DRY,NORMAL,10,0,18.43937281553634,False,0,BRIGHT,CLEAR,10,18.43937281553634,False,False,0,SAFE,CAUTION,SAFE,8,0,70,False,0,7,2,12,70,14.58,False,False,False,False,True,False
17.2,12.86,4179,1,12,0,22.0,30.0,121940.2,18.4,999.0,True,0.0,20.0,0,10,0,False,False,0,DRY,NORMAL,10,0,18.367416403169067,False,0,BRIGHT,CLEAR,10,18.367416403169067,False,False,0,SAFE,SAFE,SAFE,10,0,100,False,0,7,2,12,100,14.58,False,False,False,False,True,False
17.25,7.91,2570,1,12,0,22.0,30.0,121940.2,17.6,999.0,True,0.0,20.0,0,10,0,False,False,0,DRY,NORMAL,10,0,17.625389696985383,False,0,BRIGHT,CLEAR,10,17.625389696985383,False,False,0,SAFE,SAFE,SAFE,10,0,100,False,0,7,2,12,100,14.07,False,False,False,False,True,False
17.3,2.99,971,1,12,0,22.0,30.0,121940.2,17.2,999.0,True,0.0,20.0,0,10,0,False,False,0,DRY,NORMAL,10,0,17.240718268471138,False,0,BRIGHT,CLEAR,10,17.240718268471138,False,False,0,SAFE,SAFE,SAFE,10,0,100,False,0,7,2,12,100,13.56,False,False,False,False,True,False
17.35,0.01,800,1,12,0,22.0,30.0,121940.2,16.7,999.0,True,0.0,20.0,0,10,0,False,False,0,DRY,NORMAL,10,0,16.74216857232019,False,0,BRIGHT,CLEAR,10,16.74216857232019,False,False,0,SAFE,SAFE,SAFE,10,0,100,False,0,7,2,12,100,13.3,False,False,False,False,True,False
17.4,0.0,800,1,12,0,22.0,30.0,121940.2,16.6,999.0,True,0.0,20.0,0,10,0,False,False,0,DRY,NORMAL,10,0,16.624599078590567,False,0,BRIGHT,CLEAR,10,16.624599078590567,False,False,0,SAFE,SAFE,SAFE,10,0,100,False,0,7,2,12,100,13.05,False,False,False,False,True,False
17.45,0.0,800,1,12,0,22.0,30.0,121940.2,16.6,999.0,True,0.0,20.0,0,10,0,False,False,0,DRY,NORMAL,10,0,16.624051464836704,False,0,BRIGHT,CLEAR,10,16.624051464836704,False,False,0,SAFE,SAFE,SAFE,10,0,100,False,0,7,2,12,100,13.05,False,False,False,False,True,False
17.5,0.0,800,1,12,0,22.0,30.0,121940.2,16.6,999.0,True,0.0,20.0,0,10,0,False,False,0,DRY,NORMAL,10,0,16.623493762353068,False,0,BRIGHT,CLEAR,10,16.623493762353068,False,False,0,SAFE,SAFE,SAFE,10,0,100,False,0,7,2,12,100,13.05,False,False,False,False,True,False
17.55,0.0,800,1,12,0,22.0,30.0,121940.2,16.6,999.0,True,0.0,20.0,0,10,0,False,False,0,DRY,NORMAL,10,0,16.622198062972018,False,0,BRIGHT,CLEAR,10,16.622198062972018,False,False,0,SAFE,SAFE,SAFE,10,0,100,False,0,8,2,12,100,13.05,False,False,False,False,True,False
17.6,0.0,800,1,12,0,22.0,30.0,121940.2,16.6,999.0,True,0.0,20.0,0,10,0,False,False,0,DRY,NORMAL,10,0,16.621194062285582,False,0,BRIGHT,CLEAR,10,16.621194062285582,False,False,0,SAFE,SAFE,SAFE,10,0,100,False,0,8,2,12,100,13.05,False,False,False,False,True,False
17.65,0.0,800,1,12,0,22.0,30.0,121940.2,16.6,999.0,True,0.0,20.0,0,10,0,False,False,0,DRY,NORMAL,10,0,16.620626517289764,False,0,BRIGHT,CLEAR,10,16.620626517289764,False,False,0,SAFE,SAFE,SAFE,10,0,100,False,0,8,2,12,100,13.05,False,False,False,False,True,False
17.7,0.0,800,1,12,0,22.0,30.0,121940.2,16.6,999.0,True,0.0,20.0,0,10,0,False,False,0,DRY,NORMAL,10,0,16.62038585384449,False,0,BRIGHT,CLEAR,10,16.62038585384449,False,False,0,SAFE,SAFE,SAFE,10,0,100,False,0,8,2,12,100,13.05,False,False,False,False,True,False
17.75,0.0,800,1,12,0,22.0,30.0,121940.2,16.6,999.0,True,0.0,20.0,0,10,0,False,False,0,DRY,NORMAL,10,0,16.619678564012073,False,0,BRIGHT,CLEAR,10,16.619678564012073,False,False,0,SAFE,SAFE,SAFE,10,0,100,False,0,8,2,12,100,13.05,False,False,False,False,True,False
17.8,0.0,800,1,12,0,22.0,30.0,121940.2,16.6,999.0,True,0.0,20.0,0,10,0,False,False,0,DRY,NORMAL,10,0,16.619678564012073,False,0,BRIGHT,CLEAR,10,16.619678564012073,False,False,0,SAFE,SAFE,SAFE,10,0,100,False,0,8,2,12,100,13.05,False,False,False,False,True,False
17.85,0.0,800,1,12,0,22.0,30.0,121940.2,16.6,999.0,True,0.0,20.0,0,10,0,False,False,0,DRY,NORMAL,10,0,16.61973431633391,False,0,BRIGHT,CLEAR,10,16.61973431633391,False,False,0,SAFE,SAFE,SAFE,10,0,100,False,0,8,2,12,100,13.05,False,False,False,False,True,False
17.9,0.0,800,1,12,0,22.0,30.0,121940.2,16.6,999.0,True,0.0,20.0,0,10,0,False,False,0,DRY,NORMAL,10,0,16.619328532577036,False,0,BRIGHT,CLEAR,10,16.619328532577036,False,False,0,SAFE,SAFE,SAFE,10,0,100,False,0,8,2,12,100,13.05,False,False,False,False,True,False
17.95,0.0,800,1,12,0,22.0,30.0,121940.2,16.6,999.0,True,0.0,20.0,0,10,0,False,False,0,DRY,NORMAL,10,0,16.619328532577036,False,0,BRIGHT,CLEAR,10,16.619328532577036,False,False,0,SAFE,SAFE,SAFE,10,0,100,False,0,8,2,12,100,13.05,False,False,False,False,True,False
18.0,0.0,800,1,12,0,22.0,30.0,116637.7,16.6,999.0,True,0.0,20.0,0,10,0,False,False,0,DRY,NORMAL,10,0,16.619519033589256,False,0,BRIGHT,CLEAR,10,16.619519033589256,False,False,0,SAFE,SAFE,SAFE,10,0,100,False,0,8,2,12,100,13.05,False,False,False,False,True,False
18.05,0.0,800,1,12,0,22.0,30.0,116637.7,16.6,999.0,True,0.0,20.0,0,10,0,False,False,0,DRY,NORMAL,10,0,16.619564647665445,False,0,BRIGHT,CLEAR,10,16.619564647665445,False,False,0,SAFE,SAFE,SAFE,10,0,100,False,0,8,2,12,100,13.05,False,False,False,False,True,False
18.1,0.0,800,1,12,0,22.0,30.0,116637.7,16.6,999.0,True,0.0,20.0,0,10,0,False,False,0,DRY,NORMAL,10,0,16.619595057264856,False,0,BRIGHT,CLEAR,10,16.619595057264856,False,False,0,SAFE,SAFE,SAFE,10,0,100,False,0,8,2,12,100,13.05,False,False,False,False,True,False
18.15,0.0,800,1,12,0,22.0,30.0,116637.7,16.6,999.0,True,0.0,20.0,0,10,0,False,False,0,DRY,NORMAL,10,0,16.61916394470519,False,0,BRIGHT,CLEAR,10,16.61916394470519,False,False,0,SAFE,SAFE,SAFE,10,0,100,False,0,8,2,12,100,13.05,False,False,False,False,True,False
18.2,0.0,800,1,12,0,22.0,30.0,116637.7,16.6,999.0,True,0.0,20.0,0,10,0,False,False,0,DRY,NORMAL,10,0,16.619209555743993,False,0,BRIGHT,CLEAR,10,16.619209555743993,False,False,0,SAFE,SAFE,SAFE,10,0,100,False,0,8,2,12,100,13.05,False,False,False,False,True,False
18.25,0.0,800,1,12,0,22.0,30.0,116637.7,16.6,999.0,True,0.0,20.0,0,10,0,False,False,0,DRY,NORMAL,10,0,16.619209555743993,False,0,BRIGHT,CLEAR,10,16.619209555743993,False,False,0,SAFE,SAFE,SAFE,10,0,100,False,0,8,2,12,100,13.05,False,False,False,False,True,False
18.3,0.0,800,1,12,0,22.0,30.0,116637.7,16.6,999.0,True,0.0,20.0,0,10,0,False,False,0,DRY,NORMAL,10,0,16.619209555743993,False,0,BRIGHT,CLEAR,10,16.619209555743993,False,False,0,SAFE,SAFE,SAFE,10,0,100,False,0,8,2,12,100,13.05,False,False,False,False,True,False
18.35,0.0,800,1,12,0,22.0,30.0,116637.7,16.6,999.0,True,0.0,20.0,0,10,0,False,False,0,DRY,NORMAL,10,0,16.619275439039637,False,0,BRIGHT,CLEAR,10,16.619275439039637,False,False,0,SAFE,SAFE,SAFE,10,0,100,False,0,8,2,12,100,13.05,False,False,False,False,True,False
18.4,0.0,800,1,12,0,22.0,30.0,116637.7,16.6,999.0,True,0.0,20.0,0,10,0,False,False,0,DRY,NORMAL,10,0,16.619275439039637,False,0,BRIGHT,CLEAR,10,16.619275439039637,False,False,0,SAFE,SAFE,SAFE,10,0,100,False,0,8,2,12,100,13.05,False,False,False,False,True,False
18.45,0.0,800,1,12,0,22.0,30.0,116637.7,16.6,999.0,True,0.0,20.0,0,10,0,False,False,0,DRY,NORMAL,10,0,16.619275439039637,False,0,BRIGHT,CLEAR,10,16.619275439039637,False,False,0,SAFE,SAFE,SAFE,10,0,100,False,0,8,2,12,100,13.05,False,False,False,False,True,False
18.5,0.0,800,1,12,0,22.0,30.0,116637.7,16.6,999.0,True,0.0,20.0,0,10,0,False,False,0,DRY,NORMAL,10,0,16.619275439039637,False,0,BRIGHT,CLEAR,10,16.619275439039637,False,False,0,SAFE,SAFE,SAFE,10,0,100,False,0,8,2,12,100,13.05,False,False,False,False,True,False
18.55,0.0,800,1,12,0,22.0,30.0,116637.7,16.6,999.0,True,0.0,20.0,0,10,0,False,False,0,DRY,NORMAL,10,0,16.619275439039637,False,0,BRIGHT,CLEAR,10,16.619275439039637,False,False,0,SAFE,SAFE,SAFE,10,0,100,False,0,8,2,12,100,13.05,False,False,False,False,True,False
18.6,0.0,800,1,12,0,22.0,30.0,116637.7,16.6,999.0,True,0.0,20.0,0,10,0,False,False,0,DRY,NORMAL,10,0,16.619275439039637,False,0,BRIGHT,CLEAR,10,16.619275439039637,False,False,0,SAFE,SAFE,SAFE,10,0,100,False,0,8,2,12,100,13.05,False,False,False,False,True,False
18.65,0.0,800,1,12,0,22.0,30.0,116637.7,16.6,999.0,True,0.0,20.0,0,10,0,False,False,0,DRY,NORMAL,10,0,16.619275439039637,False,0,BRIGHT,CLEAR,10,16.619275439039637,False,False,0,SAFE,SAFE,SAFE,10,0,100,False,0,8,2,12,100,13.05,False,False,False,False,True,False
18.7,0.0,800,1,12,0,22.0,30.0,116637.7,16.6,999.0,True,0.0,20.0,0,10,0,False,False,0,DRY,NORMAL,10,0,16.619275439039637,False,0,BRIGHT,CLEAR,10,16.619275439039637,False,False,0,SAFE,SAFE,SAFE,10,0,100,False,0,8,2,12,100,13.05,False,False,False,False,True,False
18.75,0.0,800,1,12,0,22.0,30.0,116637.7,16.6,999.0,True,0.0,20.0,0,10,0,False,False,0,DRY,NORMAL,10,0,16.619275439039637,False,0,BRIGHT,CLEAR,10,16.619275439039637,False,False,0,SAFE,SAFE,SAFE,10,0,100,False,0,8,2,12,100,13.05,False,False,False,False,True,False
18.8,0.0,800,1,12,0,22.0,30.0,116637.7,16.6,999.0,True,0.0,20.0,0,10,0,False,False,0,DRY,NORMAL,10,0,16.619275439039637,False,0,BRIGHT,CLEAR,10,16.619275439039637,False,False,0,SAFE,SAFE,SAFE,10,0,100,False,0,10,0,12,100,16.619275439039637,False,False,False,False,True,False
18.85,0.22,800,1,12,0,22.0,30.0,116637.7,16.6,999.0,True,0.0,20.0,0,10,0,False,False,0,DRY,NORMAL,10,0,16.619275439039637,False,0,BRIGHT,CLEAR,10,16.619275439039637,False,False,0,SAFE,SAFE,SAFE,10,0,100,False,0,10,0,12,100,16.619275439039637,False,False,False,False,True,False
18.9,0.14,800,1,12,0,22.0,30.0,116637.7,16.6,999.0,True,0.0,20.0,0,10,0,False,False,0,DRY,NORMAL,10,0,16.617126774683484,False,0,BRIGHT,CLEAR,10,16.617126774683484,False,False,0,SAFE,SAFE,SAFE,10,0,100,False,0,10,0,12,100,16.617126774683484,False,False,False,False,True,False
18.95,0.19,800,1,12,0,22.0,30.0,116637.7,16.6,999.0,True,0.0,20.0,0,10,0,False,False,0,DRY,NORMAL,10,0,16.616753078930078,False,0,BRIGHT,CLEAR,10,16.616753078930078,False,False,0,SAFE,SAFE,SAFE,10,0,100,False,0,10,0,12,100,16.616753078930078,False,False,False,False,True,False
19.0,0.34,800,1,12,0,22.0,30.0,116637.7,16.6,999.0,True,0.0,20.0,0,10,0,False,False,0,DRY,NORMAL,10,0,16.616306402188215,False,0,BRIGHT,CLEAR,10,16.616306402188215,False,False,0,SAFE,SAFE,SAFE,10,0,100,False,0,10,0,12,100,16.616306402188215,False,False,False,False,True,False
19.05,0.84,800,1,12,0,22.0,30.0,116637.7,16.6,999.0,True,0.0,20.0,0,10,0,False,False,0,DRY,NORMAL,10,0,16.610031025132628,False,0,BRIGHT,CLEAR,10,16.610031025132628,False,False,0,SAFE,SAFE,SAFE,10,0,100,False,0,10,0,12,100,16.610031025132628,False,False,False,False,True,False
19.1,1.52,800,1,12,0,22.0,30.0,116637.7,16.6,999.0,True,0.0,20.0,0,10,0,False,False,0,DRY,NORMAL,10,0,16.62066187908132,False,0,BRIGHT,CLEAR,10,16.62066187908132,False,False,0,SAFE,SAFE,SAFE,10,0,100,False,0,10,0,12,100,16.62066187908132,False,False,False,False,True,False
19.15,2.14,800,1,12,0,22.0,30.0,116637.7,16.6,999.0,True,0.0,20.0,0,10,0,False,False,0,DRY,NORMAL,10,0,16.600589748718214,False,0,BRIGHT,CLEAR,10,16.600589748718214,False,False,0,SAFE,SAFE,SAFE,10,0,100,False,0,10,0,12,100,16.600589748718214,False,False,False,False,True,False
19.2,2.63,854,1,12,0,22.0,30.0,116637.7,16.6,999.0,True,0.0,20.0,0,10,0,False,False,0,DRY,NORMAL,10,0,16.579024593791406,False,0,BRIGHT,CLEAR,10,16.579024593791406,False,False,0,SAFE,SAFE,SAFE,10,0,100,False,0,10,0,12,100,16.579024593791406,False,False,False,False,True,False
19.25,3.36,1091,1,12,0,22.0,30.0,116637.7,16.6,999.0,True,0.0,20.0,0,10,0,False,False,0,DRY,NORMAL,10,0,16.565062374199506,False,0,BRIGHT,CLEAR,10,16.565062374199506,False,False,0,SAFE,SAFE,SAFE,10,0,100,False,0,10,0,12,100,16.565062374199506,False,False,False,False,True,False
19.3,3.99,1295,1,12,0,22.0,30.0,116637.7,16.5,999.0,True,0.0,20.0,0,10,0,False,False,0,DRY,NORMAL,10,0,16.546189335011977,False,0,BRIGHT,CLEAR,10,16.546189335011977,False,False,0,SAFE,SAFE,SAFE,10,0,100,False,0,10,0,12,100,16.546189335011977,False,False,False,False,True,False
19.35,4.57,1485,1,12,0,22.0,30.0,116637.7,16.6,999.0,True,0.0,20.0,0,10,0,False,False,0,DRY,NORMAL,10,0,16.55723585162861,False,0,BRIGHT,CLEAR,10,16.55723585162861,False,False,0,SAFE,SAFE,SAFE,10,0,100,False,0,10,0,12,100,16.55723585162861,False,False,False,False,True,False
19.4,5.23,1700,1,12,0,22.0,30.0,116637.7,16.6,999.0,True,0.0,20.0,0,10,0,False,False,0,DRY,NORMAL,10,0,16.55888695516362,False,0,BRIGHT,CLEAR,10,16.55888695516362,False,False,0,SAFE,SAFE,SAFE,10,0,100,False,0,10,0,12,100,16.55888695516362,False,False,False,False,True,False
19.45,5.84,1898,1,12,0,22.0,30.0,116637.7,16.6,999.0,True,0.0,20.0,0,10,0,False,False,0,DRY,NORMAL,10,0,16.5668474748834,False,0,BRIGHT,CLEAR,10,16.5668474748834,False,False,0,SAFE,SAFE,SAFE,10,0,100,False,0,10,0,12,100,16.5668474748834,False,False,False,False,True,False
19.5,6.52,2117,1,12,0,22.0,30.0,108201.0,16.6,999.0,True,0.0,20.0,0,10,0,False,False,0,DRY,NORMAL,10,0,16.597528983171834,False,0,BRIGHT,CLEAR,10,16.597528983171834,False,False,0,SAFE,SAFE,SAFE,10,0,100,False,0,10,0,12,100,16.597528983171834,False,False,False,False,True,False
19.55,7.17,2328,1,12,0,22.0,30.0,108201.0,16.6,999.0,True,0.0,20.0,0,10,0,False,False,0,DRY,NORMAL,10,0,16.62446280280392,False,0,BRIGHT,CLEAR,10,16.62446280280392,False,False,0,SAFE,SAFE,SAFE,10,0,100,False,0,10,0,12,100,16.62446280280392,False,False,False,False,True,False
19.6,7.85,2549,1,12,0,22.0,30.0,108201.0,16.7,999.0,True,0.0,20.0,0,10,0,False,False,0,DRY,NORMAL,10,0,16.673920849830072,False,0,BRIGHT,CLEAR,10,16.673920849830072,False,False,0,SAFE,SAFE,SAFE,10,0,100,False,0,10,0,12,100,16.673920849830072,False,False,False,False,True,False
19.65,8.51,2765,1,12,0,22.0,30.0,108201.0,16.7,999.0,True,0.0,20.0,0,10,0,False,False,0,DRY,NORMAL,10,0,16.74021369019376,False,0,BRIGHT,CLEAR,10,16.74021369019376,False,False,0,SAFE,SAFE,SAFE,10,0,100,False,0,10,0,12,100,16.74021369019376,False,False,False,False,True,False
19.7,9.19,2987,1,12,0,22.0,30.0,108201.0,16.5,999.0,True,0.0,20.0,0,10,0,False,False,0,DRY,NORMAL,10,0,16.510852663067844,False,0,BRIGHT,CLEAR,10,16.510852663067844,False,False,0,SAFE,SAFE,SAFE,10,0,100,False,0,10,0,12,100,16.510852663067844,False,False,False,False,True,False
19.75,9.87,3206,1,12,0,22.0,30.0,108201.0,16.6,999.0,True,0.0,20.0,0,10,0,False,False,0,DRY,NORMAL,10,0,16.56587351488608,False,0,BRIGHT,CLEAR,10,16.56587351488608,False,False,0,SAFE,SAFE,SAFE,10,0,100,False,0,10,0,12,100,16.56587351488608,False,False,False,False,True,False
19.8,10.57,3432,1,12,0,22.0,30.0,108201.0,16.7,999.0,True,0.0,20.0,0,10,0,False,False,0,DRY,NORMAL,10,0,16.68578146288823,False,0,BRIGHT,CLEAR,10,16.68578146288823,False,False,0,SAFE,SAFE,SAFE,10,0,100,False,0,10,0,12,100,16.68578146288823,False,False,False,False,True,False
19.85,11.21,3643,1,12,0,22.0,30.0,108201.0,16.3,999.0,True,0.0,20.0,0,10,0,False,False,0,DRY,NORMAL,10,0,16.2941155517151,False,0,BRIGHT,CLEAR,10,16.2941155517151,False,False,0,SAFE,SAFE,SAFE,10,0,100,False,0,10,0,12,100,16.2941155517151,False,False,False,False,True,False
19.9,11.91,3869,1,12,0,22.0,30.0,108201.0,16.6,999.0,True,0.0,20.0,0,10,0,False,False,0,DRY,NORMAL,10,0,16.593756820852043,False,0,BRIGHT,CLEAR,10,16.593756820852043,False,False,0,SAFE,SAFE,SAFE,10,0,100,False,0,10,0,12,100,16.593756820852043,False,False,False,False,True,False
19.95,12.58,4087,1,12,0,22.0,30.0,108201.0,17.0,999.0,True,0.0,20.0,0,10,0,False,False,0,DRY,NORMAL,10,0,16.956678099491487,False,0,BRIGHT,CLEAR,10,16.956678099491487,False,False,0,SAFE,SAFE,SAFE,10,0,100,False,0,10,0,12,100,16.956678099491487,False,False,False,False,True,False
20.0,13.3,4320,1,12,0,22.0,30.0,108201.0,17.4,999.0,True,0.0,20.0,0,10,0,False,False,0,DRY,NORMAL,10,0,17.380690393946445,False,0,BRIGHT,CLEAR,10,17.380690393946445,False,False,0,SAFE,SAFE,SAFE,10,0,100,False,0,8,0,12,100,15.55,False,False,False,False,True,False
20.05,13.89,4511,1,12,0,22.0,30.0,108201.0,17.9,999.0,True,0.0,20.0,0,10,0,False,False,0,DRY,NORMAL,10,0,17.862150202022093,False,0,BRIGHT,CLEAR,10,17.862150202022093,False,False,0,SAFE,SAFE,SAFE,10,0,100,False,0,8,0,12,100,15.84,False,False,False,False,True,False
20.1,14.53,4720,1,12,0,22.0,30.0,108201.0,18.5,999.0,True,0.0,20.0,0,10,0,False,False,0,DRY,NORMAL,10,0,18.454719713217564,False,0,BRIGHT,CLEAR,10,18.454719713217564,False,False,0,SAFE,SAFE,SAFE,10,0,100,False,0,8,0,12,100,16.42,False,False,False,False,True,False
20.15,15.06,4891,1,12,0,22.0,30.0,108201.0,19.1,999.0,True,0.0,20.0,0,10,0,False,False,0,DRY,NORMAL,10,0,19.099854771831897,False,0,BRIGHT,CLEAR,10,19.099854771831897,False,False,0,SAFE,CAUTION,SAFE,8,0,70,False,0,8,0,12,70,16.99,False,False,False,False,True,False
20.2,15.64,5081,1,12,0,22.0,30.0,108201.0,19.4,999.0,True,0.0,20.0,0,10,0,False,False,0,DRY,NORMAL,10,0,19.425248397820237,False,0,BRIGHT,CLEAR,10,19.425248397820237,False,False,0,SAFE,CAUTION,SAFE,8,0,70,False,0,8,0,12,70,17.28,False,False,False,False,True,False
20.25,16.15,5247,1,12,0,22.0,30.0,108201.0,19.6,999.0,True,0.0,20.0,0,10,0,False,False,0,DRY,NORMAL,10,0,19.56557297611951,False,0,BRIGHT,CLEAR,10,19.56557297611951,False,False,0,SAFE,CAUTION,SAFE,8,0,70,False,0,8,0,12,70,17.57,False,False,False,False,True,False
20.3,16.66,5412,1,12,0,22.0,30.0,108201.0,19.6,999.0,True,0.0,20.0,0,10,0,False,False,0,DRY,NORMAL,10,0,19.634663656334794,False,0,BRIGHT,CLEAR,10,19.634663656334794,False,False,0,SAFE,CAUTION,SAFE,8,0,70,False,0,8,0,12,70,17.57,False,False,False,False,True,False
20.35,17.2,5589,1,12,0,22.0,30.0,108201.0,19.7,999.0,True,0.0,20.0,0,10,0,False,False,0,DRY,NORMAL,10,0,19.726971631259023,False,0,BRIGHT,CLEAR,10,19.726971631259023,False,False,0,SAFE,SAFE,SAFE,10,0,100,False,0,8,0,12,100,17.57,False,False,False,False,True,False
20.4,17.65,5735,1,12,0,22.0,30.0,108201.0,19.7,999.0,True,0.0,20.0,0,10,0,False,False,0,DRY,NORMAL,10,0,19.739712441661506,False,0,BRIGHT,CLEAR,10,19.739712441661506,False,False,0,SAFE,SAFE,SAFE,10,0,100,False,0,8,0,12,100,17.57,False,False,False,False,True,False
20.45,17.99,5843,1,12,0,22.0,30.0,108201.0,19.8,999.0,True,0.0,20.0,0,10,0,False,False,0,DRY,NORMAL,10,0,19.785948570870154,False,0,BRIGHT,CLEAR,10,19.785948570870154,False,False,0,SAFE,CAUTION,SAFE,8,0,70,False,0,8,0,12,70,17.57,False,False,False,False,True,False
20.5,18.24,5924,1,12,0,22.0,30.0,108201.0,20.1,999.0,True,0.0,20.0,0,10,0,False,False,0,DRY,NORMAL,10,0,20.14876688825898,False,0,BRIGHT,CLEAR,10,20.14876688825898,False,False,0,SAFE,CAUTION,SAFE,8,0,70,False,0,8,0,12,70,17.86,False,False,False,False,True,False
20.55,18.2,5913,1,12,0,22.0,30.0,108201.0,20.6,999.0,True,0.0,20.0,0,10,0,False,False,0,DRY,NORMAL,10,0,20.58515429569035,False,0,BRIGHT,CLEAR,10,20.58515429569035,False,False,0,SAFE,SAFE,SAFE,10,0,100,False,0,8,0,12,100,18.44,False,False,False,False,True,False
20.6,17.98,5841,1,12,0,22.0,30.0,108201.0,20.9,999.0,True,0.0,20.0,0,10,0,False,False,0,DRY,NORMAL,10,0,20.86421334012462,False,0,BRIGHT,CLEAR,10,20.86421334012462,False,False,0,SAFE,SAFE,SAFE,10,0,100,False,0,8,0,12,100,18.72,False,False,False,False,True,False
20.65,17.84,5796,1,12,0,22.0,30.0,108201.0,22.7,999.0,True,0.0,20.0,0,10,0,False,False,0,DRY,NORMAL,10,0,22.739232283395932,False,0,BRIGHT,CLEAR,10,22.739232283395932,False,False,0,SAFE,SAFE,SAFE,10,0,100,False,0,8,0,12,100,20.45,False,False,False,False,True,False
20.7,17.88,5807,1,12,0,22.0,30.0,108201.0,23.5,999.0,True,0.0,20.0,0,10,0,False,False,0,DRY,NORMAL,10,0,23.45652626136332,False,0,BRIGHT,CLEAR,10,23.45652626136332,False,False,0,SAFE,CAUTION,SAFE,8,0,70,False,0,8,0,12,70,21.03,False,False,False,False,True,False
20.75,18.14,5894,1,12,0,22.0,30.0,108201.0,24.4,999.0,True,0.0,20.0,0,10,0,False,False,0,DRY,NORMAL,10,0,24.361794313517947,False,0,BRIGHT,CLEAR,10,24.361794313517947,False,False,0,SAFE,SAFE,SAFE,10,0,100,False,0,8,0,12,100,21.89,False,False,False,False,True,False
20.8,18.44,5992,1,12,0,22.0,30.0,108201.0,25.3,999.0,True,0.0,20.0,0,10,0,False,False,0,DRY,NORMAL,10,0,25.254305347727065,False,0,BRIGHT,CLEAR,10,25.254305347727065,False,False,0,SAFE,SAFE,SAFE,10,0,100,False,0,8,0,12,100,22.47,False,False,False,False,True,False
20.85,18.71,6079,1,12,0,22.0,30.0,108201.0,26.1,999.0,True,0.0,20.0,0,10,0,False,False,0,DRY,NORMAL,10,0,26.084982553784958,False,0,BRIGHT,CLEAR,10,26.084982553784958,False,False,0,SAFE,SAFE,SAFE,10,0,100,False,0,8,0,12,100,23.33,False,False,False,False,True,False
20.9,18.48,6005,1,12,0,22.0,30.0,108201.0,27.1,999.0,True,0.0,20.0,0,10,0,False,False,0,DRY,NORMAL,10,0,27.09922713507697,False,0,BRIGHT,CLEAR,10,27.09922713507697,False,False,0,SAFE,SAFE,SAFE,10,0,100,False,0,8,0,12,100,24.2,False,False,False,False,True,False
20.95,19.21,6242,1,12,0,22.0,30.0,108201.0,28.2,999.0,True,0.0,20.0,0,10,0,False,False,0,DRY,NORMAL,10,0,28.18294974494378,False,0,BRIGHT,CLEAR,10,28.18294974494378,False,False,0,SAFE,SAFE,SAFE,10,0,100,False,0,8,0,12,100,25.35,False,False,False,False,True,False
21.0,19.18,6230,1,12,0,22.0,30.0,99309.2,29.4,999.0,True,0.0,20.0,0,10,0,False,False,0,DRY,NORMAL,10,0,29.440584379565397,False,0,BRIGHT,CLEAR,10,29.440584379565397,False,False,0,SAFE,SAFE,SAFE,10,0,100,False,0,8,0,12,100,26.5,False,False,False,False,True,False
21.05,19.75,6417,1,12,0,22.0,30.0,99309.2,30.9,999.0,True,0.0,20.0,0,10,0,False,False,0,DRY,NORMAL,10,0,30.86704376592714,False,0,BRIGHT,CLEAR,10,30.86704376592714,False,False,0,SAFE,SAFE,SAFE,10,0,100,False,0,8,0,12,100,27.66,False,False,False,False,True,False
21.1,20.11,6534,2,12,0,22.0,30.0,99309.2,32.3,999.0,True,0.0,20.0,0,10,0,False,False,0,DRY,NORMAL,10,0,32.26779411852452,False,0,BRIGHT,CLEAR,10,32.26779411852452,False,False,0,SAFE,SAFE,SAFE,10,0,100,False,0,8,0,12,100,28.81,False,False,False,False,True,False
21.15,21.58,2546,2,12,0,22.0,30.0,99309.2,33.9,999.0,True,0.0,20.0,0,10,0,False,False,0,DRY,NORMAL,10,0,33.87177999039839,False,0,BRIGHT,CLEAR,10,33.87177999039839,False,False,0,SAFE,SAFE,SAFE,10,0,100,False,0,8,0,12,100,30.25,False,False,False,False,True,False
21.2,22.18,2617,2,12,0,22.0,30.0,99309.2,35.8,999.0,True,0.0,20.0,0,10,0,False,False,0,DRY,NORMAL,10,0,35.81405713983482,False,0,BRIGHT,CLEAR,10,35.81405713983482,False,False,0,SAFE,SAFE,SAFE,10,0,100,False,0,8,0,12,100,31.98,False,False,False,False,True,False
21.25,23.26,2744,2,12,0,22.0,30.0,99309.2,38.6,999.0,True,0.0,20.0,0,10,0,False,False,0,DRY,NORMAL,10,0,38.60993047427759,False,0,BRIGHT,CLEAR,10,38.60993047427759,False,False,0,SAFE,SAFE,SAFE,10,0,100,False,0,8,0,12,100,34.57,False,False,False,False,True,False
21.3,23.44,2765,2,12,0,22.0,30.0,99309.2,41.9,999.0,True,0.0,20.0,0,10,0,False,False,0,DRY,NORMAL,10,0,41.86713634241414,False,0,BRIGHT,CLEAR,10,41.86713634241414,False,False,0,SAFE,SAFE,SAFE,10,0,100,False,0,8,0,12,100,37.45,False,False,False,False,True,False
21.35,24.57,2899,2,12,0,22.0,30.0,99309.2,45.5,999.0,True,0.0,20.0,0,10,0,False,False,0,DRY,NORMAL,10,0,45.510931568044306,False,0,BRIGHT,CLEAR,10,45.510931568044306,False,False,0,SAFE,SAFE,SAFE,10,0,100,False,0,8,0,12,100,40.91,False,False,False,False,True,False
21.4,24.71,2916,2,12,0,22.0,30.0,99309.2,48.9,999.0,True,0.0,20.0,0,10,0,False,False,0,DRY,NORMAL,10,0,48.85664750256221,False,0,BRIGHT,CLEAR,10,48.85664750256221,False,False,0,SAFE,SAFE,SAFE,10,0,100,False,0,8,0,12,100,43.79,False,False,False,False,True,False
21.45,25.54,3014,2,12,0,22.0,30.0,99309.2,50,999.0,True,0.0,20.0,0,10,0,False,False,0,DRY,NORMAL,10,0,50,False,0,BRIGHT,CLEAR,10,50,False,False,0,SAFE,SAFE,SAFE,10,0,100,False,0,8,0,12,100,44.94,False,False,False,False,True,False
21.5,25.58,3018,2,12,0,22.0,30.0,99309.2,50,999.0,True,0.0,20.0,0,10,0,False,False,0,DRY,NORMAL,10,0,50,False,0,BRIGHT,CLEAR,10,50,False,False,0,SAFE,SAFE,SAFE,10,0,100,False,0,8,0,12,100,44.94,False,False,False,False,True,False
21.55,26.47,3123,2,12,0,22.0,30.0,99309.2,50,999.0,True,0.0,20.0,0,10,0,False,False,0,DRY,NORMAL,10,0,50,False,0,BRIGHT,CLEAR,10,50,False,False,0,SAFE,SAFE,SAFE,10,0,100,False,0,8,0,12,100,44.94,False,False,False,False,True,False
21.6,26.52,3129,2,12,0,22.0,30.0,99309.2,50,999.0,True,0.0,20.0,0,10,0,False,False,0,DRY,NORMAL,10,0,50,False,0,BRIGHT,CLEAR,10,50,False,False,0,SAFE,SAFE,SAFE,10,0,100,False,0,8,0,12,100,44.94,False,False,False,False,True,False
21.65,27.31,3223,2,12,0,22.0,30.0,99309.2,50,999.0,True,0.0,20.0,0,10,0,False,False,0,DRY,NORMAL,10,0,50,False,0,BRIGHT,CLEAR,10,50,False,False,0,SAFE,SAFE,SAFE,10,0,100,False,0,8,0,12,100,44.94,False,False,False,False,True,False
21.7,27.36,3229,2,12,0,22.0,30.0,99309.2,50,999.0,True,0.0,20.0,0,10,0,False,False,0,DRY,NORMAL,10,0,50,False,0,BRIGHT,CLEAR,10,50,False,False,0,SAFE,SAFE,SAFE,10,0,100,False,0,8,0,12,100,44.94,False,False,False,False,True,False
21.75,28.18,3325,2,12,0,22.0,30.0,99309.2,50,999.0,True,0.0,20.0,0,10,0,False,False,0,DRY,NORMAL,10,0,50,False,0,BRIGHT,CLEAR,10,50,False,False,0,SAFE,SAFE,SAFE,10,0,100,False,0,8,0,12,100,44.94,False,False,False,False,True,False
21.8,28.25,3334,2,12,0,22.0,30.0,99309.2,50,999.0,True,0.0,20.0,0,10,0,False,False,0,DRY,NORMAL,10,0,50,False,0,BRIGHT,CLEAR,10,50,False,False,0,SAFE,SAFE,SAFE,10,0,100,False,0,8,0,12,100,44.94,False,False,False,False,True,False
21.85,29.05,3428,2,12,0,22.0,30.0,99309.2,50,999.0,True,0.0,20.0,0,10,0,False,False,0,DRY,NORMAL,10,0,50,False,0,BRIGHT,CLEAR,10,50,False,False,0,SAFE,SAFE,SAFE,10,0,100,False,0,8,0,12,100,44.94,False,False,False,False,True,False
21.9,29.15,3439,2,12,0,22.0,30.0,99309.2,50,999.0,True,0.0,20.0,0,10,0,False,False,0,DRY,NORMAL,10,0,50,False,0,BRIGHT,CLEAR,10,50,False,False,0,SAFE,SAFE,SAFE,10,0,100,False,0,8,0,12,100,44.94,False,False,False,False,True,False
21.95,29.94,3533,2,12,0,22.0,30.0,99309.2,50,999.0,True,0.0,20.0,0,10,0,False,False,0,DRY,NORMAL,10,0,50,False,0,BRIGHT,CLEAR,10,50,False,False,0,SAFE,SAFE,SAFE,10,0,100,False,0,8,0,12,100,44.94,False,False,False,False,True,False
22.0,30.05,3546,2,12,0,22.0,30.0,99309.2,50,999.0,True,0.0,20.0,0,10,0,False,False,0,DRY,NORMAL,10,0,50,False,0,BRIGHT,CLEAR,10,50,False,False,0,SAFE,SAFE,SAFE,10,0,100,False,0,8,0,12,100,44.94,False,False,False,False,True,False
22.05,30.84,3639,2,12,0,22.0,30.0,99309.2,50,999.0,True,0.0,20.0,0,10,0,False,False,0,DRY,NORMAL,10,0,50,False,0,BRIGHT,CLEAR,10,50,False,False,0,SAFE,SAFE,SAFE,10,0,100,False,0,8,0,12,100,44.94,False,False,False,False,True,False
22.1,30.98,3656,2,12,0,22.0,30.0,99309.2,50,999.0,True,0.0,20.0,0,10,0,False,False,0,DRY,NORMAL,10,0,50,False,0,BRIGHT,CLEAR,10,50,False,False,0,SAFE,SAFE,SAFE,10,0,100,False,0,8,0,12,100,44.94,False,False,False,False,True,False
22.15,31.75,3747,2,12,0,22.0,30.0,99309.2,50,999.0,True,0.0,20.0,0,10,0,False,False,0,DRY,NORMAL,10,0,50,False,0,BRIGHT,CLEAR,10,50,False,False,0,SAFE,SAFE,SAFE,10,0,100,False,0,8,0,12,100,44.94,False,False,False,False,True,False
22.2,31.92,3767,2,12,0,22.0,30.0,99309.2,50,999.0,True,0.0,20.0,0,10,0,False,False,0,DRY,NORMAL,10,0,50,False,0,BRIGHT,CLEAR,10,50,False,False,0,SAFE,SAFE,SAFE,10,0,100,False,0,8,0,12,100,44.94,False,False,False,False,True,False
22.25,32.68,3857,2,12,0,22.0,30.0,99309.2,50,999.0,True,0.0,20.0,0,10,0,False,False,0,DRY,NORMAL,10,0,50,False,0,BRIGHT,CLEAR,10,50,False,False,0,SAFE,SAFE,SAFE,10,0,100,False,0,8,0,12,100,44.94,False,False,False,False,True,False
22.3,32.88,3880,2,12,0,22.0,30.0,99309.2,50,999.0,True,0.0,20.0,0,10,0,False,False,0,DRY,NORMAL,10,0,50,False,0,BRIGHT,CLEAR,10,50,False,False,0,SAFE,SAFE,SAFE,10,0,100,False,0,8,0,12,100,44.94,False,False,False,False,True,False
22.35,33.63,3969,2,12,0,22.0,30.0,99309.2,50,999.0,True,0.0,20.0,0,10,0,False,False,0,DRY,NORMAL,10,0,50,False,0,BRIGHT,CLEAR,10,50,False,False,0,SAFE,SAFE,SAFE,10,0,100,False,0,8,0,12,100,44.94,False,False,False,False,True,False
22.4,33.86,3995,2,12,0,22.0,30.0,99309.2,50,999.0,True,0.0,20.0,0,10,0,False,False,0,DRY,NORMAL,10,0,50,False,0,BRIGHT,CLEAR,10,50,False,False,0,SAFE,SAFE,SAFE,10,0,100,False,0,8,0,12,100,44.94,False,False,False,False,True,False
22.45,34.6,4083,2,12,0,22.0,30.0,99309.2,50,999.0,True,0.0,20.0,0,10,0,False,False,0,DRY,NORMAL,10,0,50,False,0,BRIGHT,CLEAR,10,50,False,False,0,SAFE,SAFE,SAFE,10,0,100,False,0,8,0,12,100,44.94,False,False,False,False,True,False
22.5,34.85,4113,2,12,0,22.0,30.0,87190.0,50,999.0,True,0.0,20.0,0,10,0,False,False,0,DRY,NORMAL,10,0,50,False,0,BRIGHT,CLEAR,10,50,False,False,0,SAFE,SAFE,SAFE,10,0,100,False,0,8,0,12,100,44.94,False,False,False,False,True,False
22.55,35.59,4199,2,12,0,22.0,30.0,87190.0,50,999.0,True,0.0,20.0,0,10,0,False,False,0,DRY,NORMAL,10,0,50,False,0,BRIGHT,CLEAR,10,50,False,False,0,SAFE,SAFE,SAFE,10,0,100,False,0,10,0,12,100,50,False,False,False,False,True,False
22.6,35.9,4237,2,12,0,22.0,30.0,87190.0,50,999.0,True,0.0,20.0,0,10,0,False,False,0,DRY,NORMAL,10,0,50,False,0,BRIGHT,CLEAR,10,50,False,False,0,SAFE,SAFE,SAFE,10,0,100,False,0,10,0,12,100,50,False,False,False,False,True,False
22.65,36.73,4335,2,12,0,22.0,30.0,87190.0,50,999.0,True,0.0,20.0,0,10,0,False,False,0,DRY,NORMAL,10,0,50,False,0,BRIGHT,CLEAR,10,50,False,False,0,SAFE,SAFE,SAFE,10,0,100,False,0,10,0,12,100,50,False,False,False,False,True,False
22.7,37.28,4399,2,12,0,22.0,30.0,87190.0,50,999.0,True,0.0,20.0,0,10,0,False,False,0,DRY,NORMAL,10,0,50,False,0,BRIGHT,CLEAR,10,50,False,False,0,SAFE,SAFE,SAFE,10,0,100,False,0,10,0,12,100,50,False,False,False,False,True,False
22.75,38.18,4505,2,12,0,22.0,30.0,87190.0,35.0,999.0,True,0.0,20.0,0,10,0,False,False,0,DRY,NORMAL,10,0,34.9828754923541,False,0,BRIGHT,CLEAR,10,34.9828754923541,False,False,0,SAFE,SAFE,SAFE,10,0,100,False,0,10,0,12,100,34.9828754923541,False,False,False,False,True,False
22.8,38.82,4581,2,12,0,22.0,30.0,87190.0,35.0,999.0,True,0.0,20.0,0,10,0,False,False,0,DRY,NORMAL,10,0,34.9828754923541,False,0,BRIGHT,CLEAR,10,34.9828754923541,False,False,0,SAFE,SAFE,SAFE,10,0,100,False,0,10,0,12,100,34.9828754923541,False,False,False,False,True,False
22.85,39.39,4649,2,12,0,22.0,30.0,87190.0,35.0,999.0,True,0.0,20.0,0,10,0,False,False,0,DRY,NORMAL,10,0,34.9828754923541,False,0,BRIGHT,CLEAR,10,34.9828754923541,False,False,0,SAFE,SAFE,SAFE,10,0,100,False,0,10,0,12,100,34.9828754923541,False,False,False,False,True,False
22.9,39.48,4659,2,12,0,22.0,30.0,87190.0,35.0,999.0,True,0.0,20.0,0,10,0,False,False,0,DRY,NORMAL,10,0,34.9828754923541,False,0,BRIGHT,CLEAR,10,34.9828754923541,False,False,0,SAFE,SAFE,SAFE,10,0,100,False,0,10,0,12,100,34.9828754923541,False,False,False,False,True,False
22.95,39.51,4663,2,12,0,22.0,30.0,87190.0,35.0,999.0,True,0.0,20.0,0,10,0,False,False,0,DRY,NORMAL,10,0,34.9828754923541,False,0,BRIGHT,CLEAR,10,34.9828754923541,False,False,0,SAFE,SAFE,SAFE,10,0,100,False,0,10,0,12,100,34.9828754923541,False,False,False,False,True,False
23.0,39.28,4635,2,12,0,22.0,30.0,87190.0,28.7,999.0,True,0.0,20.0,0,10,0,False,False,0,DRY,NORMAL,10,0,28.66991903552858,False,0,BRIGHT,CLEAR,10,28.66991903552858,False,False,0,SAFE,SAFE,SAFE,10,0,100,False,0,10,0,12,100,28.66991903552858,False,False,False,False,True,False
23.05,39.01,4604,2,12,0,22.0,30.0,87190.0,28.7,999.0,True,0.0,20.0,0,10,0,False,False,0,DRY,NORMAL,10,0,28.66991903552858,False,0,BRIGHT,CLEAR,10,28.66991903552858,False,False,0,SAFE,SAFE,SAFE,10,0,100,False,0,10,0,12,100,28.66991903552858,False,False,False,False,True,False
23.1,38.47,4540,2,12,0,22.0,30.0,87190.0,28.7,999.0,True,0.0,20.0,0,10,0,False,False,0,DRY,NORMAL,10,0,28.66991903552858,False,0,BRIGHT,CLEAR,10,28.66991903552858,False,False,0,SAFE,SAFE,SAFE,10,0,100,False,0,10,0,12,100,28.66991903552858,False,False,False,False,True,False
23.15,38.08,4493,2,12,0,22.0,30.0,87190.0,28.7,999.0,True,0.0,20.0,0,10,0,False,False,0,DRY,NORMAL,10,0,28.66991903552858,False,0,BRIGHT,CLEAR,10,28.66991903552858,False,False,0,SAFE,SAFE,SAFE,10,0,100,False,0,10,0,12,100,28.66991903552858,False,False,False,False,True,False
23.2,37.48,4423,2,12,0,22.0,30.0,87190.0,28.7,999.0,True,0.0,20.0,0,10,0,False,False,0,DRY,NORMAL,10,0,28.66991903552858,False,0,BRIGHT,CLEAR,10,28.66991903552858,False,False,0,SAFE,SAFE,SAFE,10,0,100,False,0,10,0,12,100,28.66991903552858,False,False,False,False,True,False
23.25,37.08,4375,2,12,0,22.0,30.0,87190.0,28.7,999.0,True,0.0,20.0,0,10,0,False,False,0,DRY,NORMAL,10,0,28.66991903552858,False,0,BRIGHT,CLEAR,10,28.66991903552858,False,False,0,SAFE,SAFE,SAFE,10,0,100,False,0,10,0,12,100,28.66991903552858,False,False,False,False,True,False
23.3,36.47,4303,2,12,0,22.0,30.0,87190.0,28.5,999.0,True,0.0,20.0,0,10,0,False,False,0,DRY,NORMAL,10,0,28.46549251447363,False,0,BRIGHT,CLEAR,10,28.46549251447363,False,False,0,SAFE,SAFE,SAFE,10,0,100,False,0,10,0,12,100,28.46549251447363,False,False,False,False,True,False
23.35,36.06,4256,2,12,0,22.0,30.0,87190.0,28.5,999.0,True,0.0,20.0,0,10,0,False,False,0,DRY,NORMAL,10,0,28.46549251447363,False,0,BRIGHT,CLEAR,10,28.46549251447363,False,False,0,SAFE,SAFE,SAFE,10,0,100,False,0,10,0,12,100,28.46549251447363,False,False,False,False,True,False
23.4,35.45,4183,2,12,0,22.0,30.0,87190.0,28.5,999.0,True,0.0,20.0,0,10,0,False,False,0,DRY,NORMAL,10,0,28.46549251447363,False,0,BRIGHT,CLEAR,10,28.46549251447363,False,False,0,SAFE,SAFE,SAFE,10,0,100,False,0,10,0,12,100,28.46549251447363,False,False,False,False,True,False
23.45,35.05,4137,2,12,0,22.0,30.0,87190.0,27.3,999.0,True,0.0,20.0,0,10,0,False,False,0,DRY,NORMAL,10,0,27.33569523707657,False,0,BRIGHT,CLEAR,10,27.33569523707657,False,False,0,SAFE,SAFE,SAFE,10,0,100,False,0,10,0,12,100,27.33569523707657,False,False,False,False,True,False
23.5,34.44,4064,2,12,0,22.0,30.0,87190.0,27.3,999.0,True,0.0,20.0,0,10,0,False,False,0,DRY,NORMAL,10,0,27.33569523707657,False,0,BRIGHT,CLEAR,10,27.33569523707657,False,False,0,SAFE,SAFE,SAFE,10,0,100,False,0,10,0,12,100,27.33569523707657,False,False,False,False,True,False
23.55,34.06,4019,2,12,0,22.0,30.0,87190.0,27.3,999.0,True,0.0,20.0,0,10,0,False,False,0,DRY,NORMAL,10,0,27.33569523707657,False,0,BRIGHT,CLEAR,10,27.33569523707657,False,False,0,SAFE,SAFE,SAFE,10,0,100,False,0,10,0,12,100,27.33569523707657,False,False,False,False,True,False
23.6,33.45,3947,2,12,0,22.0,30.0,87190.0,27.1,999.0,True,0.0,20.0,0,10,0,False,False,0,DRY,NORMAL,10,0,27.14078219700106,False,0,BRIGHT,CLEAR,10,27.14078219700106,False,False,0,SAFE,SAFE,SAFE,10,0,100,False,0,10,0,12,100,27.14078219700106,False,False,False,False,True,False
23.65,33.08,3903,2,12,0,22.0,30.0,87190.0,27.1,999.0,True,0.0,20.0,0,10,0,False,False,0,DRY,NORMAL,10,0,27.14078219700106,False,0,BRIGHT,CLEAR,10,27.14078219700106,False,False,0,SAFE,SAFE,SAFE,10,0,100,False,0,10,0,12,100,27.14078219700106,False,False,False,False,True,False
23.7,32.47,3831,2,12,0,22.0,30.0,87190.0,27.1,999.0,True,0.0,20.0,0,10,0,False,False,0,DRY,NORMAL,10,0,27.14078219700106,False,0,BRIGHT,CLEAR,10,27.14078219700106,False,False,0,SAFE,SAFE,SAFE,10,0,100,False,0,10,0,12,100,27.14078219700106,False,False,False,False,True,False
23.75,32.11,3789,2,12,0,22.0,30.0,87190.0,27.1,999.0,True,0.0,20.0,0,10,0,False,False,0,DRY,NORMAL,10,0,27.14078219700106,False,0,BRIGHT,CLEAR,10,27.14078219700106,False,False,0,SAFE,SAFE,SAFE,10,0,100,False,0,8,0,12,100,24.2,False,False,False,False,True,False
23.8,31.48,3715,2,12,0,22.0,30.0,87190.0,27.1,999.0,True,0.0,20.0,0,10,0,False,False,0,DRY,NORMAL,10,0,27.14078219700106,False,0,BRIGHT,CLEAR,10,27.14078219700106,False,False,0,SAFE,SAFE,SAFE,10,0,100,False,0,8,0,12,100,24.2,False,False,False,False,True,False
23.85,31.13,3674,2,12,0,22.0,30.0,87190.0,27.1,999.0,True,0.0,20.0,0,10,0,False,False,0,DRY,NORMAL,10,0,27.14078219700106,False,0,BRIGHT,CLEAR,10,27.14078219700106,False,False,0,SAFE,SAFE,SAFE,10,0,100,False,0,8,0,12,100,24.2,False,False,False,False,True,False
23.9,30.53,3602,2,12,0,22.0,30.0,87190.0,27.1,999.0,True,0.0,20.0,0,10,0,False,False,0,DRY,NORMAL,10,0,27.14078580373357,False,0,BRIGHT,CLEAR,10,27.14078580373357,False,False,0,SAFE,SAFE,SAFE,10,0,100,False,0,8,0,12,100,24.2,False,False,False,False,True,False
23.95,30.19,3563,2,12,0,22.0,30.0,87190.0,27.1,999.0,True,0.0,20.0,0,10,0,False,False,0,DRY,NORMAL,10,0,27.14078580373357,False,0,BRIGHT,CLEAR,10,27.14078580373357,False,False,0,SAFE,SAFE,SAFE,10,0,100,False,0,8,0,12,100,24.2,False,False,False,False,True,False
24.0,29.59,3492,2,12,0,22.0,30.0,74409.6,27.1,999.0,True,0.0,20.0,0,10,0,False,False,0,DRY,NORMAL,10,0,27.14078580373357,False,0,BRIGHT,CLEAR,10,27.14078580373357,False,False,0,SAFE,SAFE,SAFE,10,0,100,False,0,8,0,12,100,24.2,False,False,False,False,True,False
24.05,29.27,3454,2,12,0,22.0,30.0,74409.6,27.1,999.0,True,0.0,20.0,0,10,0,False,False,0,DRY,NORMAL,10,0,27.14078580373357,False,0,BRIGHT,CLEAR,10,27.14078580373357,False,False,0,SAFE,SAFE,SAFE,10,0,100,False,0,8,0,12,100,24.2,False,False,False,False,True,False
24.1,28.67,3383,2,12,0,22.0,30.0,74409.6,27.1,999.0,True,0.0,20.0,0,10,0,False,False,0,DRY,NORMAL,10,0,27.14078580373357,False,0,BRIGHT,CLEAR,10,27.14078580373357,False,False,0,SAFE,SAFE,SAFE,10,0,100,False,0,8,0,12,100,24.2,False,False,False,False,True,False
24.15,28.47,3359,2,12,0,22.0,30.0,74409.6,27.1,999.0,True,0.0,20.0,0,10,0,False,False,0,DRY,NORMAL,10,0,27.14078580373357,False,0,BRIGHT,CLEAR,10,27.14078580373357,False,False,0,SAFE,SAFE,SAFE,10,0,100,False,0,8,0,12,100,24.2,False,False,False,False,True,False
24.2,28.05,3310,2,12,0,22.0,30.0,74409.6,27.1,999.0,True,0.0,20.0,0,10,0,False,False,0,DRY,NORMAL,10,0,27.14078580373357,False,0,BRIGHT,CLEAR,10,27.14078580373357,False,False,0,SAFE,SAFE,SAFE,10,0,100,False,0,8,0,12,100,24.2,False,False,False,False,True,False
24.25,27.92,3295,2,12,0,22.0,30.0,74409.6,27.1,999.0,True,0.0,20.0,0,10,0,False,False,0,DRY,NORMAL,10,0,27.14078580373357,False,0,BRIGHT,CLEAR,10,27.14078580373357,False,False,0,SAFE,SAFE,SAFE,10,0,100,False,0,8,0,12,100,24.2,False,False,False,False,True,False
24.3,27.52,3247,2,12,0,22.0,30.0,74409.6,27.1,999.0,True,0.0,20.0,0,10,0,False,False,0,DRY,NORMAL,10,0,27.14078580373357,False,0,BRIGHT,CLEAR,10,27.14078580373357,False,False,0,SAFE,SAFE,SAFE,10,0,100,False,0,8,0,12,100,24.2,False,False,False,False,True,False
24.35,27.4,3233,2,12,0,22.0,30.0,74409.6,27.1,999.0,True,0.0,20.0,0,10,0,False,False,0,DRY,NORMAL,10,0,27.14078580373357,False,0,BRIGHT,CLEAR,10,27.14078580373357,False,False,0,SAFE,SAFE,SAFE,10,0,100,False,0,8,0,12,100,24.2,False,False,False,False,True,False
24.4,27.0,3186,2,12,0,22.0,30.0,74409.6,27.1,999.0,True,0.0,20.0,0,10,0,False,False,0,DRY,NORMAL,10,0,27.14078580373357,False,0,BRIGHT,CLEAR,10,27.14078580373357,False,False,0,SAFE,SAFE,SAFE,10,0,100,False,0,8,0,12,100,24.2,False,False,False,False,True,False
24.45,26.89,3173,2,12,0,22.0,30.0,74409.6,27.1,999.0,True,0.0,20.0,0,10,0,False,False,0,DRY,NORMAL,10,0,27.14078580373357,False,0,BRIGHT,CLEAR,10,27.14078580373357,False,False,0,SAFE,SAFE,SAFE,10,0,100,False,0,8,0,12,100,24.2,False,False,False,False,True,False
24.5,26.49,3126,2,12,0,22.0,30.0,74409.6,27.1,999.0,True,0.0,20.0,0,10,0,False,False,0,DRY,NORMAL,10,0,27.14078580373357,False,0,BRIGHT,CLEAR,10,27.14078580373357,False,False,0,SAFE,SAFE,SAFE,10,0,100,False,0,8,0,12,100,24.2,False,False,False,False,True,False
24.55,26.39,3113,2,12,0,22.0,30.0,74409.6,27.1,999.0,True,0.0,20.0,0,10,0,False,False,0,DRY,NORMAL,10,0,27.14078580373357,False,0,BRIGHT,CLEAR,10,27.14078580373357,False,False,0,SAFE,SAFE,SAFE,10,0,100,False,0,8,0,12,100,24.2,False,False,False,False,True,False
24.6,25.99,3067,2,12,0,22.0,30.0,74409.6,27.1,999.0,True,0.0,20.0,0,10,0,False,False,0,DRY,NORMAL,10,0,27.14078580373357,False,0,BRIGHT,CLEAR,10,27.14078580373357,False,False,0,SAFE,SAFE,SAFE,10,0,100,False,0,8,0,12,100,24.2,False,False,False,False,True,False
24.65,25.89,3055,2,12,0,22.0,30.0,74409.6,27.1,999.0,True,0.0,20.0,0,10,0,False,False,0,DRY,NORMAL,10,0,27.14078580373357,False,0,BRIGHT,CLEAR,10,27.14078580373357,False,False,0,SAFE,SAFE,SAFE,10,0,100,False,0,8,0,12,100,24.2,False,False,False,False,True,False
24.7,25.5,3009,2,12,0,22.0,30.0,74409.6,27.1,999.0,True,0.0,20.0,0,10,0,False,False,0,DRY,NORMAL,10,0,27.14078580373357,False,0,BRIGHT,CLEAR,10,27.14078580373357,False,False,0,SAFE,SAFE,SAFE,10,0,100,False,0,8,0,12,100,24.2,False,False,False,False,True,False
24.75,25.41,2998,1,12,0,22.0,30.0,74409.6,27.1,999.0,True,0.0,20.0,0,10,0,False,False,0,DRY,NORMAL,10,0,27.14078580373357,False,0,BRIGHT,CLEAR,10,27.14078580373357,False,False,0,SAFE,SAFE,SAFE,10,0,100,False,0,8,0,12,100,24.2,True,False,False,False,True,False
24.8,24.41,7000,1,12,0,22.0,30.0,74409.6,27.1,999.0,True,0.0,20.0,0,10,0,False,False,0,DRY,NORMAL,10,0,27.14078580373357,False,0,BRIGHT,CLEAR,10,27.14078580373357,False,False,0,SAFE,SAFE,SAFE,10,0,100,False,0,8,0,12,100,24.2,False,False,False,False,True,False
24.85,23.79,7000,1,12,0,22.0,30.0,74409.6,27.1,999.0,True,0.0,20.0,0,10,0,False,False,0,DRY,NORMAL,10,0,27.14078580373357,False,0,BRIGHT,CLEAR,10,27.14078580373357,False,False,0,SAFE,SAFE,SAFE,10,0,100,False,0,8,0,12,100,24.2,False,False,False,False,True,False
24.9,22.95,7000,1,12,0,22.0,30.0,74409.6,27.1,999.0,True,0.0,20.0,0,10,0,False,False,0,DRY,NORMAL,10,0,27.14078580373357,False,0,BRIGHT,CLEAR,10,27.14078580373357,False,False,0,SAFE,SAFE,SAFE,10,0,100,False,0,8,0,12,100,24.2,False,False,False,False,True,False
24.95,22.61,7000,2,12,0,22.0,30.0,74409.6,27.1,999.0,True,0.0,20.0,0,10,0,False,False,0,DRY,NORMAL,10,0,27.14078580373357,False,0,BRIGHT,CLEAR,10,27.14078580373357,False,False,0,SAFE,SAFE,SAFE,10,0,100,False,0,8,0,12,100,24.2,False,False,False,False,True,False
25.0,22.52,2657,2,12,0,22.0,30.0,74409.6,27.1,999.0,True,0.0,20.0,0,10,0,False,False,0,DRY,NORMAL,10,0,27.14078580373357,False,0,BRIGHT,CLEAR,10,27.14078580373357,False,False,0,SAFE,SAFE,SAFE,10,0,100,False,0,8,0,12,100,24.2,False,False,False,False,True,False
25.05,22.96,2709,2,12,0,22.0,30.0,74409.6,27.1,999.0,True,0.0,20.0,0,10,0,False,False,0,DRY,NORMAL,10,0,27.14078580373357,False,0,BRIGHT,CLEAR,10,27.14078580373357,False,False,0,SAFE,SAFE,SAFE,10,0,100,False,0,8,0,12,100,24.2,False,False,False,False,True,False
25.1,23.11,2727,2,12,0,22.0,30.0,74409.6,27.1,999.0,True,0.0,20.0,0,10,0,False,False,0,DRY,NORMAL,10,0,27.14078580373357,False,0,BRIGHT,CLEAR,10,27.14078580373357,False,False,0,SAFE,SAFE,SAFE,10,0,100,False,0,8,0,12,100,24.2,False,False,False,False,True,False
25.15,23.6,2784,2,12,0,22.0,30.0,74409.6,27.1,999.0,True,0.0,20.0,0,10,0,False,False,0,DRY,NORMAL,10,0,27.14078580373357,False,0,BRIGHT,CLEAR,10,27.14078580373357,False,False,0,SAFE,SAFE,SAFE,10,0,100,False,0,8,0,12,100,24.2,False,False,False,False,True,False
25.2,23.8,2808,2,12,0,22.0,30.0,74409.6,27.1,999.0,True,0.0,20.0,0,10,0,False,False,0,DRY,NORMAL,10,0,27.14078580373357,False,0,BRIGHT,CLEAR,10,27.14078580373357,False,False,0,SAFE,SAFE,SAFE,10,0,100,False,0,8,0,12,100,24.2,False,False,False,False,True,False
25.25,24.32,2870,2,12,0,22.0,30.0,74409.6,27.1,999.0,True,0.0,20.0,0,10,0,False,False,0,DRY,NORMAL,10,0,27.14078580373357,False,0,BRIGHT,CLEAR,10,27.14078580373357,False,False,0,SAFE,SAFE,SAFE,10,0,100,False,0,8,0,12,100,24.2,False,False,False,False,True,False
25.3,24.52,2894,2,12,0,22.0,30.0,74409.6,27.1,999.0,True,0.0,20.0,0,10,0,False,False,0,DRY,NORMAL,10,0,27.14078580373357,False,0,BRIGHT,CLEAR,10,27.14078580373357,False,False,0,SAFE,SAFE,SAFE,10,0,100,False,0,8,0,12,100,24.2,False,False,False,False,True,False
25.35,24.88,2935,2,12,0,22.0,30.0,74409.6,27.1,999.0,True,0.0,20.0,0,10,0,False,False,0,DRY,NORMAL,10,0,27.14078580373357,False,0,BRIGHT,CLEAR,10,27.14078580373357,False,False,0,SAFE,SAFE,SAFE,10,0,100,False,0,8,0,12,100,24.2,False,False,False,False,True,False
25.4,24.77,2923,2,12,0,22.0,30.0,74409.6,27.1,999.0,True,0.0,20.0,0,10,0,False,False,0,DRY,NORMAL,10,0,27.14078580373357,False,0,BRIGHT,CLEAR,10,27.14078580373357,False,False,0,SAFE,SAFE,SAFE,10,0,100,False,0,8,0,12,100,24.2,False,False,False,False,True,False
25.45,24.86,2933,2,12,0,22.0,30.0,74409.6,27.1,999.0,True,0.0,20.0,0,10,0,False,False,0,DRY,NORMAL,10,0,27.14078580373357,False,0,BRIGHT,CLEAR,10,27.14078580373357,False,False,0,SAFE,SAFE,SAFE,10,0,100,False,0,8,0,12,100,24.2,False,False,False,False,True,False
25.5,24.58,2901,2,12,0,22.0,30.0,61869.1,27.1,999.0,True,0.0,20.0,0,10,0,False,False,0,DRY,NORMAL,10,0,27.14078580373357,False,0,BRIGHT,CLEAR,10,27.14078580373357,False,False,0,SAFE,SAFE,SAFE,10,0,100,False,0,8,0,12,100,24.2,False,False,False,False,True,False
25.55,24.57,2899,1,12,0,22.0,30.0,61869.1,27.1,999.0,True,0.0,20.0,0,10,0,False,False,0,DRY,NORMAL,10,0,27.14078580373357,False,0,BRIGHT,CLEAR,10,27.14078580373357,False,False,0,SAFE,SAFE,SAFE,10,0,100,False,0,8,0,12,100,24.2,True,False,False,False,True,False
25.6,23.68,7000,1,12,0,22.0,30.0,61869.1,27.1,999.0,True,0.0,20.0,0,10,0,False,False,0,DRY,NORMAL,10,0,27.14079043281664,False,0,BRIGHT,CLEAR,10,27.14079043281664,False,False,0,SAFE,SAFE,SAFE,10,0,100,False,0,8,0,12,100,24.2,False,False,False,False,True,False
25.65,23.14,7000,1,12,0,22.0,30.0,61869.1,27.1,999.0,True,0.0,20.0,0,10,0,False,False,0,DRY,NORMAL,10,0,27.14079043281664,False,0,BRIGHT,CLEAR,10,27.14079043281664,False,False,0,SAFE,SAFE,SAFE,10,0,100,False,0,8,0,12,100,24.2,False,False,False,False,True,False
25.7,22.41,7000,1,12,0,22.0,30.0,61869.1,27.1,999.0,True,0.0,20.0,0,10,0,False,False,0,DRY,NORMAL,10,0,27.14079043281664,False,0,BRIGHT,CLEAR,10,27.14079043281664,False,False,0,SAFE,SAFE,SAFE,10,0,100,False,0,8,0,12,100,24.2,False,False,False,False,True,False
25.75,22.19,7000,1,12,0,22.0,30.0,61869.1,27.1,999.0,True,0.0,20.0,0,10,0,False,False,0,DRY,NORMAL,10,0,27.14079043281664,False,0,BRIGHT,CLEAR,10,27.14079043281664,False,False,0,SAFE,SAFE,SAFE,10,0,100,False,0,8,0,12,100,24.2,False,False,False,False,True,False
25.8,21.82,7000,2,12,0,22.0,30.0,61869.1,27.1,999.0,True,0.0,20.0,0,10,0,False,False,0,DRY,NORMAL,10,0,27.14079043281664,False,0,BRIGHT,CLEAR,10,27.14079043281664,False,False,0,SAFE,SAFE,SAFE,10,0,100,False,0,8,0,12,100,24.2,False,False,False,False,True,False
25.85,22.47,2651,2,12,0,22.0,30.0,61869.1,27.1,999.0,True,0.0,20.0,0,10,0,False,False,0,DRY,NORMAL,10,0,27.14079043281664,False,0,BRIGHT,CLEAR,10,27.14079043281664,False,False,0,SAFE,SAFE,SAFE,10,0,100,False,0,8,0,12,100,24.2,False,False,False,False,True,False
25.9,22.83,2694,2,12,0,22.0,30.0,61869.1,27.1,999.0,True,0.0,20.0,0,10,0,False,False,0,DRY,NORMAL,10,0,27.14079043281664,False,0,BRIGHT,CLEAR,10,27.14079043281664,False,False,0,SAFE,SAFE,SAFE,10,0,100,False,0,8,0,12,100,24.2,False,False,False,False,True,False
25.95,23.51,2775,2,12,0,22.0,30.0,61869.1,27.1,999.0,True,0.0,20.0,0,10,0,False,False,0,DRY,NORMAL,10,0,27.14079043281664,False,0,BRIGHT,CLEAR,10,27.14079043281664,False,False,0,SAFE,SAFE,SAFE,10,0,100,False,0,8,0,12,100,24.2,False,False,False,False,True,False
26.0,23.85,2814,2,12,0,22.0,30.0,61869.1,27.1,999.0,True,0.0,20.0,0,10,0,False,False,0,DRY,NORMAL,10,0,27.14079043281664,False,0,BRIGHT,CLEAR,10,27.14079043281664,False,False,0,SAFE,SAFE,SAFE,10,0,100,False,0,8,0,12,100,24.2,False,False,False,False,True,False
26.05,24.46,2886,2,12,0,22.0,30.0,61869.1,27.1,999.0,True,0.0,20.0,0,10,0,False,False,0,DRY,NORMAL,10,0,27.14079043281664,False,0,BRIGHT,CLEAR,10,27.14079043281664,False,False,0,SAFE,SAFE,SAFE,10,0,100,False,0,8,0,12,100,24.2,False,False,False,False,True,False
26.1,24.68,2913,2,12,0,22.0,30.0,61869.1,27.1,999.0,True,0.0,20.0,0,10,0,False,False,0,DRY,NORMAL,10,0,27.14079043281664,False,0,BRIGHT,CLEAR,10,27.14079043281664,False,False,0,SAFE,SAFE,SAFE,10,0,100,False,0,8,0,12,100,24.2,False,False,False,False,True,False
26.15,24.95,2944,2,12,0,22.0,30.0,61869.1,22.3,999.0,True,0.0,20.0,0,10,0,False,False,0,DRY,NORMAL,10,0,22.32422088055621,False,0,BRIGHT,CLEAR,10,22.32422088055621,False,False,0,SAFE,SAFE,SAFE,10,0,100,False,0,8,0,12,100,19.88,False,False,False,False,True,False
26.2,24.58,2900,2,12,0,22.0,30.0,61869.1,17.7,999.0,True,0.0,20.0,0,10,0,False,False,0,DRY,NORMAL,10,0,17.719876745101296,False,0,BRIGHT,CLEAR,10,17.719876745101296,False,False,0,SAFE,SAFE,SAFE,10,0,100,False,0,8,0,12,100,15.84,False,False,False,False,True,False
26.25,24.09,2842,2,12,0,22.0,30.0,61869.1,15.5,999.0,True,0.0,20.0,0,10,0,False,False,0,DRY,NORMAL,10,0,15.4577772672397,False,0,BRIGHT,CLEAR,10,15.4577772672397,False,False,0,SAFE,CAUTION,CAUTION,7,0,70,False,0,7,0,12,70,13.83,False,False,False,False,True,False
26.3,23.5,2773,2,12,0,22.0,30.0,61869.1,14.2,999.0,True,0.0,20.0,0,10,0,False,False,0,DRY,NORMAL,10,0,14.22259506716667,False,0,BRIGHT,CLEAR,10,14.22259506716667,False,False,0,SAFE,CAUTION,CAUTION,7,0,70,False,0,7,0,12,70,14.22259506716667,False,False,False,False,True,False
26.35,23.04,2719,1,12,0,22.0,30.0,61869.1,13.5,999.0,True,0.0,20.0,0,10,0,False,False,0,DRY,NORMAL,10,0,13.473260260416838,False,0,BRIGHT,CLEAR,10,13.473260260416838,False,False,0,SAFE,CAUTION,CAUTION,7,0,70,False,0,7,0,12,70,13.473260260416838,True,False,False,False,True,False
26.4,21.76,7000,1,12,0,22.0,30.0,61869.1,12.6,999.0,True,0.0,20.0,0,10,0,False,False,0,DRY,NORMAL,10,0,12.649089965126768,False,0,BRIGHT,CLEAR,10,12.649089965126768,False,False,0,SAFE,CAUTION,CAUTION,7,0,70,False,0,7,0,12,70,12.649089965126768,False,False,False,False,True,False
26.45,20.7,6724,1,12,0,22.0,30.0,61869.1,11.5,999.0,True,0.0,20.0,0,10,0,False,False,0,DRY,NORMAL,10,0,11.537064006311423,False,0,BRIGHT,CLEAR,10,11.537064006311423,False,False,0,SAFE,CAUTION,CAUTION,7,0,70,False,0,7,0,12,70,11.537064006311423,False,False,False,False,True,False
26.5,19.52,6343,1,12,0,22.0,30.0,61869.1,11.1,999.0,True,0.0,20.0,0,10,0,False,False,0,DRY,NORMAL,10,0,11.115890587453917,False,0,BRIGHT,CLEAR,10,11.115890587453917,False,False,0,SAFE,CAUTION,CAUTION,7,0,70,False,0,7,0,12,70,11.115890587453917,False,False,False,False,True,False
26.55,17.42,5659,1,12,0,22.0,30.0,61869.1,10.8,999.0,True,0.0,20.0,0,10,0,False,False,0,DRY,NORMAL,10,0,10.783796583038557,False,0,BRIGHT,CLEAR,10,10.783796583038557,False,False,0,SAFE,CAUTION,SAFE,8,0,70,False,0,8,0,12,70,10.783796583038557,False,False,False,False,True,False
26.6,14.81,4810,1,12,0,22.0,30.0,61869.1,10.5,999.0,True,0.0,20.0,0,10,0,False,False,0,DRY,NORMAL,10,0,10.535393814592778,False,0,BRIGHT,CLEAR,10,10.535393814592778,False,False,0,SAFE,SAFE,SAFE,10,0,100,False,0,10,0,12,100,10.535393814592778,False,False,False,False,True,False
26.65,13.31,4324,1,12,0,22.0,30.0,61869.1,10.4,999.0,True,0.0,20.0,0,10,0,False,False,0,DRY,NORMAL,10,0,10.434900137554651,False,0,BRIGHT,CLEAR,10,10.434900137554651,False,False,0,SAFE,SAFE,SAFE,10,0,100,False,0,10,0,12,100,10.434900137554651,False,False,False,False,True,False
26.7,12.63,4103,1,12,0,22.0,30.0,61869.1,10.4,999.0,True,0.0,20.0,0,10,0,False,False,0,DRY,NORMAL,10,0,10.434913433712605,False,0,BRIGHT,CLEAR,10,10.434913433712605,False,False,0,SAFE,SAFE,SAFE,10,0,100,False,0,10,0,12,100,10.434913433712605,False,False,False,False,True,False
26.75,11.96,3886,1,12,0,22.0,30.0,61869.1,10.5,999.0,True,0.0,20.0,0,10,0,False,False,0,DRY,NORMAL,10,0,10.519719039165432,False,0,BRIGHT,CLEAR,10,10.519719039165432,False,False,0,SAFE,SAFE,SAFE,10,0,100,False,0,10,0,12,100,10.519719039165432,False,False,False,False,True,False
26.8,11.54,3750,1,12,0,22.0,30.0,61869.1,10.7,999.0,True,0.0,20.0,0,10,0,False,False,0,DRY,NORMAL,10,0,10.679556805424522,False,0,BRIGHT,CLEAR,10,10.679556805424522,False,False,0,SAFE,SAFE,SAFE,10,0,100,False,0,10,0,12,100,10.679556805424522,False,False,False,False,True,False
26.85,11.36,3691,1,12,0,22.0,30.0,61869.1,11.3,999.0,True,0.0,20.0,0,10,0,False,False,0,DRY,NORMAL,10,0,11.347548461565562,False,0,BRIGHT,CLEAR,10,11.347548461565562,False,False,0,SAFE,SAFE,SAFE,10,0,100,False,0,10,0,12,100,11.347548461565562,False,False,False,False,True,False
26.9,11.22,3645,1,12,0,22.0,30.0,61869.1,11.6,999.0,True,0.0,20.0,0,10,0,False,False,0,DRY,NORMAL,10,0,11.576754368589928,False,0,BRIGHT,CLEAR,10,11.576754368589928,False,False,0,SAFE,SAFE,SAFE,10,0,100,False,0,10,0,12,100,11.576754368589928,False,False,False,False,True,False
26.95,11.04,3587,1,12,0,22.0,30.0,61869.1,11.8,999.0,True,0.0,20.0,0,10,0,False,False,0,DRY,NORMAL,10,0,11.833903292088642,False,0,BRIGHT,CLEAR,10,11.833903292088642,False,False,0,SAFE,SAFE,SAFE,10,0,100,False,0,10,0,12,100,11.833903292088642,False,False,False,False,True,False
27.0,11.04,3585,1,12,0,22.0,30.0,48714.6,12.1,999.0,True,0.0,20.0,0,10,0,False,False,0,DRY,NORMAL,10,0,12.117557582434026,False,0,BRIGHT,CLEAR,10,12.117557582434026,False,False,0,SAFE,SAFE,SAFE,10,0,100,False,0,10,0,12,100,12.117557582434026,False,False,False,False,True,False
27.05,11.11,3608,1,12,0,22.0,30.0,48714.6,12.4,999.0,True,0.0,20.0,0,10,0,False,False,0,DRY,NORMAL,10,0,12.433193134374472,False,0,BRIGHT,CLEAR,10,12.433193134374472,False,False,0,SAFE,SAFE,SAFE,10,0,100,False,0,10,0,12,100,12.433193134374472,False,False,False,False,True,False
27.1,11.43,3713,1,12,0,22.0,30.0,48714.6,12.8,999.0,True,0.0,20.0,0,10,0,False,False,0,DRY,NORMAL,10,0,12.777713300214474,False,0,BRIGHT,CLEAR,10,12.777713300214474,False,False,0,SAFE,SAFE,SAFE,10,0,100,False,0,10,0,12,100,12.777713300214474,False,False,False,False,True,False
27.15,11.86,3853,1,12,0,22.0,30.0,48714.6,13.2,999.0,True,0.0,20.0,0,10,0,False,False,0,DRY,NORMAL,10,0,13.157537359399795,False,0,BRIGHT,CLEAR,10,13.157537359399795,False,False,0,SAFE,SAFE,SAFE,10,0,100,False,0,10,0,12,100,13.157537359399795,False,False,False,False,True,False
27.2,12.43,4039,1,12,0,22.0,30.0,48714.6,13.6,999.0,True,0.0,20.0,0,10,0,False,False,0,DRY,NORMAL,10,0,13.574502447885168,False,0,BRIGHT,CLEAR,10,13.574502447885168,False,False,0,SAFE,SAFE,SAFE,10,0,100,False,0,10,0,12,100,13.574502447885168,False,False,False,False,True,False
27.25,13.02,4229,1,12,0,22.0,30.0,48714.6,14.0,999.0,True,0.0,20.0,0,10,0,False,False,0,DRY,NORMAL,10,0,14.033339646870948,False,0,BRIGHT,CLEAR,10,14.033339646870948,False,False,0,SAFE,SAFE,SAFE,10,0,100,False,0,10,0,12,100,14.033339646870948,False,False,False,False,True,False
27.3,13.69,4449,1,12,0,22.0,30.0,48714.6,14.5,999.0,True,0.0,20.0,0,10,0,False,False,0,DRY,NORMAL,10,0,14.538807060432045,False,0,BRIGHT,CLEAR,10,14.538807060432045,False,False,0,SAFE,SAFE,SAFE,10,0,100,False,0,10,0,12,100,14.538807060432045,False,False,False,False,True,False
27.35,14.36,4664,1,12,0,22.0,30.0,48714.6,15.1,999.0,True,0.0,20.0,0,10,0,False,False,0,DRY,NORMAL,10,0,15.096843930207154,False,0,BRIGHT,CLEAR,10,15.096843930207154,False,False,0,SAFE,SAFE,SAFE,10,0,100,False,0,10,0,12,100,15.096843930207154,False,False,False,False,True,False
27.4,15.17,4927,1,12,0,22.0,30.0,48714.6,18.0,999.0,True,0.0,20.0,0,10,0,False,False,0,DRY,NORMAL,10,0,17.973338294181,False,0,BRIGHT,CLEAR,10,17.973338294181,False,False,0,SAFE,CAUTION,SAFE,8,0,70,False,0,8,0,12,70,17.973338294181,False,False,False,False,True,False
27.45,15.91,5168,1,12,0,22.0,30.0,48714.6,18.7,999.0,True,0.0,20.0,0,10,0,False,False,0,DRY,NORMAL,10,0,18.74540440096829,False,0,BRIGHT,CLEAR,10,18.74540440096829,False,False,0,SAFE,CAUTION,SAFE,8,0,70,False,0,8,0,12,70,18.74540440096829,False,False,False,False,True,False
27.5,16.57,5382,1,12,0,22.0,30.0,48714.6,19.4,999.0,True,0.0,20.0,0,10,0,False,False,0,DRY,NORMAL,10,0,19.40631566109292,False,0,BRIGHT,CLEAR,10,19.40631566109292,False,False,0,SAFE,SAFE,SAFE,10,0,100,False,0,8,0,12,100,17.28,False,False,False,False,True,False
27.55,17.12,5561,1,12,0,22.0,30.0,48714.6,19.9,999.0,True,0.0,20.0,0,10,0,False,False,0,DRY,NORMAL,10,0,19.8550990516671,False,0,BRIGHT,CLEAR,10,19.8550990516671,False,False,0,SAFE,SAFE,SAFE,10,0,100,False,0,8,0,12,100,17.86,False,False,False,False,True,False
27.6,17.65,5734,1,12,0,22.0,30.0,48714.6,20.4,999.0,True,0.0,20.0,0,10,0,False,False,0,DRY,NORMAL,10,0,20.388747362880693,False,0,BRIGHT,CLEAR,10,20.388747362880693,False,False,0,SAFE,SAFE,SAFE,10,0,100,False,0,8,0,12,100,18.15,False,False,False,False,True,False
27.65,18.23,5923,1,12,0,22.0,30.0,48714.6,21.0,999.0,True,0.0,20.0,0,10,0,False,False,0,DRY,NORMAL,10,0,21.021193802377073,False,0,BRIGHT,CLEAR,10,21.021193802377073,False,False,0,SAFE,SAFE,SAFE,10,0,100,False,0,8,0,12,100,18.72,False,False,False,False,True,False
27.7,18.79,6105,1,12,0,22.0,30.0,48714.6,21.7,999.0,True,0.0,20.0,0,10,0,False,False,0,DRY,NORMAL,10,0,21.676288112102576,False,0,BRIGHT,CLEAR,10,21.676288112102576,False,False,0,SAFE,SAFE,SAFE,10,0,100,False,0,8,0,12,100,19.3,False,False,False,False,True,False
27.75,18.94,6153,1,12,0,22.0,30.0,48714.6,22.3,999.0,True,0.0,20.0,0,10,0,False,False,0,DRY,NORMAL,10,0,22.339016085968392,False,0,BRIGHT,CLEAR,10,22.339016085968392,False,False,0,SAFE,SAFE,SAFE,10,0,100,False,0,8,0,12,100,19.88,False,False,False,False,True,False
27.8,18.86,6127,1,12,0,22.0,30.0,48714.6,23.1,999.0,True,0.0,20.0,0,10,0,False,False,0,DRY,NORMAL,10,0,23.057464332399693,False,0,BRIGHT,CLEAR,10,23.057464332399693,False,False,0,SAFE,SAFE,SAFE,10,0,100,False,0,8,0,12,100,20.74,False,False,False,False,True,False
27.85,19.31,6272,1,12,0,22.0,30.0,48714.6,23.8,999.0,True,0.0,20.0,0,10,0,False,False,0,DRY,NORMAL,10,0,23.775299221335317,False,0,BRIGHT,CLEAR,10,23.775299221335317,False,False,0,SAFE,SAFE,SAFE,10,0,100,False,0,8,0,12,100,21.32,False,False,False,False,True,False
27.9,19.56,6356,1,12,0,22.0,30.0,48714.6,24.8,999.0,True,0.0,20.0,0,10,0,False,False,0,DRY,NORMAL,10,0,24.83814694088637,False,0,BRIGHT,CLEAR,10,24.83814694088637,False,False,0,SAFE,SAFE,SAFE,10,0,100,False,0,8,0,12,100,22.18,False,False,False,False,True,False
27.95,20.3,6595,2,12,0,22.0,30.0,48714.6,25.7,999.0,True,0.0,20.0,0,10,0,False,False,0,DRY,NORMAL,10,0,25.740191637529094,False,0,BRIGHT,CLEAR,10,25.740191637529094,False,False,0,SAFE,SAFE,SAFE,10,0,100,False,0,8,0,12,100,23.05,False,False,False,False,True,False
28.0,21.2,2502,2,12,0,22.0,30.0,48714.6,26.6,999.0,True,0.0,20.0,0,10,0,False,False,0,DRY,NORMAL,10,0,26.593929632253303,False,0,BRIGHT,CLEAR,10,26.593929632253303,False,False,0,SAFE,SAFE,SAFE,10,0,100,False,0,8,0,12,100,23.91,False,False,False,False,True,False
28.05,22.6,2667,2,12,0,22.0,30.0,48714.6,27.7,999.0,True,0.0,20.0,0,10,0,False,False,0,DRY,NORMAL,10,0,27.658241066910612,False,0,BRIGHT,CLEAR,10,27.658241066910612,False,False,0,SAFE,SAFE,SAFE,10,0,100,False,0,8,0,12,100,24.77,False,False,False,False,True,False
28.1,22.9,2702,2,12,0,22.0,30.0,48714.6,29.0,999.0,True,0.0,20.0,0,10,0,False,False,0,DRY,NORMAL,10,0,29.028240459029238,False,0,BRIGHT,CLEAR,10,29.028240459029238,False,False,0,SAFE,SAFE,SAFE,10,0,100,False,0,8,0,12,100,25.93,False,False,False,False,True,False
28.15,24.23,2859,2,12,0,22.0,30.0,48714.6,30.8,999.0,True,0.0,20.0,0,10,0,False,False,0,DRY,NORMAL,10,0,30.832098453440203,False,0,BRIGHT,CLEAR,10,30.832098453440203,False,False,0,SAFE,SAFE,SAFE,10,0,100,False,0,8,0,12,100,27.66,False,False,False,False,True,False
28.2,24.35,2874,2,12,0,22.0,30.0,48714.6,32.1,999.0,True,0.0,20.0,0,10,0,False,False,0,DRY,NORMAL,10,0,32.091994449106856,False,0,BRIGHT,CLEAR,10,32.091994449106856,False,False,0,SAFE,SAFE,SAFE,10,0,100,False,0,8,0,12,100,28.81,False,False,False,False,True,False
28.25,25.23,2977,2,12,0,22.0,30.0,48714.6,33.8,999.0,True,0.0,20.0,0,10,0,False,False,0,DRY,NORMAL,10,0,33.77678954747458,False,0,BRIGHT,CLEAR,10,33.77678954747458,False,False,0,SAFE,SAFE,SAFE,10,0,100,False,0,8,0,12,100,30.25,False,False,False,False,True,False
28.3,25.28,2983,2,12,0,22.0,30.0,48714.6,34.8,999.0,True,0.0,20.0,0,10,0,False,False,0,DRY,NORMAL,10,0,34.81297643599018,False,0,BRIGHT,CLEAR,10,34.81297643599018,False,False,0,SAFE,SAFE,SAFE,10,0,100,False,0,8,0,12,100,31.11,False,False,False,False,True,False
28.35,26.18,3089,2,12,0,22.0,30.0,48714.6,36.2,999.0,True,0.0,20.0,0,10,0,False,False,0,DRY,NORMAL,10,0,36.24523820963549,False,0,BRIGHT,CLEAR,10,36.24523820963549,False,False,0,SAFE,SAFE,SAFE,10,0,100,False,0,8,0,12,100,32.55,False,False,False,False,True,False
28.4,26.24,3096,2,12,0,22.0,30.0,48714.6,37.3,999.0,True,0.0,20.0,0,10,0,False,False,0,DRY,NORMAL,10,0,37.3199520124555,False,0,BRIGHT,CLEAR,10,37.3199520124555,False,False,0,SAFE,SAFE,SAFE,10,0,100,False,0,8,0,12,100,33.42,False,False,False,False,True,False
28.45,27.04,3191,2,12,0,22.0,30.0,48714.6,39.0,999.0,True,0.0,20.0,0,10,0,False,False,0,DRY,NORMAL,10,0,39.01194828059598,False,0,BRIGHT,CLEAR,10,39.01194828059598,False,False,0,SAFE,SAFE,SAFE,10,0,100,False,0,8,0,12,100,34.86,False,False,False,False,True,False
28.5,27.09,3196,2,12,0,22.0,30.0,39941.6,40.4,999.0,True,0.0,20.0,0,10,0,False,False,0,DRY,NORMAL,10,0,40.42371867295403,False,0,BRIGHT,CLEAR,10,40.42371867295403,False,False,0,SAFE,SAFE,SAFE,10,0,100,False,0,8,0,12,100,36.3,False,False,False,False,True,False
28.55,27.91,3293,2,12,0,22.0,30.0,39941.6,42.6,999.0,True,0.0,20.0,0,10,0,False,False,0,DRY,NORMAL,10,0,42.55867065773833,False,0,BRIGHT,CLEAR,10,42.55867065773833,False,False,0,SAFE,SAFE,SAFE,10,0,100,False,0,8,0,12,100,38.32,False,False,False,False,True,False
28.6,27.98,3301,2,12,0,22.0,30.0,39941.6,44.6,999.0,True,0.0,20.0,0,10,0,False,False,0,DRY,NORMAL,10,0,44.573865932667324,False,0,BRIGHT,CLEAR,10,44.573865932667324,False,False,0,SAFE,SAFE,SAFE,10,0,100,False,0,8,0,12,100,40.04,False,False,False,False,True,False
28.65,28.78,3396,2,12,0,22.0,30.0,39941.6,46.9,999.0,True,0.0,20.0,0,10,0,False,False,0,DRY,NORMAL,10,0,46.86877166769685,False,0,BRIGHT,CLEAR,10,46.86877166769685,False,False,0,SAFE,SAFE,SAFE,10,0,100,False,0,8,0,12,100,42.06,False,False,False,False,True,False
28.7,28.87,3406,2,12,0,22.0,30.0,39941.6,47.8,999.0,True,0.0,20.0,0,10,0,False,False,0,DRY,NORMAL,10,0,47.844323287802425,False,0,BRIGHT,CLEAR,10,47.844323287802425,False,False,0,SAFE,SAFE,SAFE,10,0,100,False,0,8,0,12,100,42.93,False,False,False,False,True,False
28.75,29.66,3500,2,12,0,22.0,30.0,39941.6,48.8,999.0,True,0.0,20.0,0,10,0,False,False,0,DRY,NORMAL,10,0,48.81986228274073,False,0,BRIGHT,CLEAR,10,48.81986228274073,False,False,0,SAFE,SAFE,SAFE,10,0,100,False,0,8,0,12,100,43.79,False,False,False,False,True,False
28.8,29.77,3513,2,12,0,22.0,30.0,39941.6,48.9,999.0,True,0.0,20.0,0,10,0,False,False,0,DRY,NORMAL,10,0,48.869128865883006,False,0,BRIGHT,CLEAR,10,48.869128865883006,False,False,0,SAFE,SAFE,SAFE,10,0,100,False,0,8,0,12,100,43.79,False,False,False,False,True,False
28.85,30.56,3606,2,12,0,22.0,30.0,39941.6,49.2,999.0,True,0.0,20.0,0,10,0,False,False,0,DRY,NORMAL,10,0,49.242752089986595,False,0,BRIGHT,CLEAR,10,49.242752089986595,False,False,0,SAFE,SAFE,SAFE,10,0,100,False,0,8,0,12,100,44.08,False,False,False,False,True,False
28.9,30.69,3622,2,12,0,22.0,30.0,39941.6,48.9,999.0,True,0.0,20.0,0,10,0,False,False,0,DRY,NORMAL,10,0,48.94553291580005,False,0,BRIGHT,CLEAR,10,48.94553291580005,False,False,0,SAFE,SAFE,SAFE,10,0,100,False,0,7,0,12,100,43.79,False,False,False,False,True,False
28.95,31.45,3711,2,12,0,22.0,30.0,39941.6,49.1,999.0,True,0.0,20.0,0,10,0,False,False,0,DRY,NORMAL,10,0,49.10138532194283,False,0,BRIGHT,CLEAR,10,49.10138532194283,False,False,0,SAFE,SAFE,SAFE,10,0,100,False,0,7,0,12,100,44.08,False,False,False,False,True,False
29.0,31.55,3723,2,12,0,22.0,30.0,39941.6,48.7,999.0,True,0.0,20.0,0,10,0,False,False,0,DRY,NORMAL,10,0,48.71635437619134,False,0,BRIGHT,CLEAR,10,48.71635437619134,False,False,0,SAFE,SAFE,SAFE,10,0,100,False,0,7,0,12,100,43.79,False,False,False,False,True,False
29.05,32.24,3805,2,12,0,22.0,30.0,39941.6,48.8,999.0,True,0.0,20.0,0,10,0,False,False,0,DRY,NORMAL,10,0,48.78648023165221,False,0,BRIGHT,CLEAR,10,48.78648023165221,False,False,0,SAFE,SAFE,SAFE,10,0,100,False,0,7,0,12,100,43.79,False,False,False,False,True,False
29.1,32.31,3813,2,12,0,22.0,30.0,39941.6,48.3,999.0,True,0.0,20.0,0,10,0,False,False,0,DRY,NORMAL,10,0,48.347065490519604,False,0,BRIGHT,CLEAR,10,48.347065490519604,False,False,0,SAFE,SAFE,SAFE,10,0,100,False,0,7,0,12,100,43.5,False,False,False,False,True,False
29.15,32.97,3891,2,12,0,22.0,30.0,39941.6,48.4,999.0,True,0.0,20.0,0,10,0,False,False,0,DRY,NORMAL,10,0,48.351153603922704,False,0,BRIGHT,CLEAR,10,48.351153603922704,False,False,0,SAFE,SAFE,SAFE,10,0,100,False,0,7,0,12,100,43.5,False,False,False,False,True,False
29.2,33.04,3898,2,12,0,22.0,30.0,39941.6,47.9,116.94,False,9.18,12.2,0,10,0,False,False,0,DRY,NORMAL,10,0,47.8969930072983,False,0,BRIGHT,CLEAR,10,47.8969930072983,False,False,0,SAFE,SAFE,SAFE,10,0,100,False,0,0,0,12,100,42.93,False,False,False,False,True,False
29.25,33.55,3959,2,12,0,22.0,30.0,39941.6,47.9,116.52,False,9.32,11.97,0,10,0,False,False,0,DRY,NORMAL,10,0,47.88146170852265,False,0,BRIGHT,CLEAR,10,47.88146170852265,False,False,0,SAFE,SAFE,SAFE,10,0,100,False,0,0,0,12,100,42.93,False,False,False,False,True,False
29.3,33.26,3925,2,12,0,22.0,30.0,39941.6,47.4,116.11,False,9.24,12.03,0,10,0,False,False,0,DRY,NORMAL,10,0,47.44268353155126,False,0,BRIGHT,CLEAR,10,47.44268353155126,False,False,0,SAFE,SAFE,SAFE,10,0,100,False,0,0,0,12,100,42.64,False,False,False,False,True,False
29.35,33.42,3944,2,12,0,22.0,30.0,39941.6,47.3,115.69,False,9.28,11.92,0,10,0,False,False,0,DRY,NORMAL,10,0,47.308569673655775,False,0,BRIGHT,CLEAR,10,47.308569673655775,False,False,0,SAFE,SAFE,SAFE,10,0,100,False,0,0,0,12,100,42.35,False,False,False,False,True,False
29.4,32.84,3875,2,12,0,22.0,30.0,39941.6,46.6,115.28,False,9.12,12.09,0,10,0,False,False,0,DRY,NORMAL,10,0,46.57249824373851,False,0,BRIGHT,CLEAR,10,46.57249824373851,False,False,0,SAFE,SAFE,SAFE,10,0,100,False,0,0,0,12,100,41.77,False,False,False,False,True,False
29.45,32.85,3877,2,12,0,22.0,30.0,39941.6,46.1,114.87,False,9.13,12.04,0,10,0,False,False,0,DRY,NORMAL,10,0,46.148506134498554,False,0,BRIGHT,CLEAR,10,46.148506134498554,False,False,0,SAFE,SAFE,SAFE,10,0,100,False,0,0,0,12,100,41.49,False,False,False,False,True,False
29.5,32.16,3795,2,12,0,22.0,30.0,39941.6,45.2,114.46,False,8.93,12.25,0,10,0,False,False,0,DRY,NORMAL,10,0,45.19728110312309,False,0,BRIGHT,CLEAR,10,45.19728110312309,False,False,0,SAFE,SAFE,SAFE,10,0,100,False,0,0,0,12,100,40.62,False,False,False,False,True,False
29.55,32.13,3792,2,12,0,22.0,30.0,39941.6,44.7,114.06,False,8.93,12.22,0,10,0,False,False,0,DRY,NORMAL,10,0,44.68515185372081,False,0,BRIGHT,CLEAR,10,44.68515185372081,False,False,0,SAFE,SAFE,SAFE,10,0,100,False,0,0,0,12,100,40.04,False,False,False,False,True,False
29.6,31.4,3705,2,12,0,22.0,30.0,39941.6,43.7,113.36,False,8.72,12.43,0,10,0,False,False,0,DRY,NORMAL,10,0,43.67829452789595,False,0,BRIGHT,CLEAR,10,43.67829452789595,False,False,0,SAFE,SAFE,SAFE,10,0,100,False,0,0,0,12,100,39.18,False,False,False,False,True,False
29.65,31.37,3701,2,12,0,22.0,30.0,39941.6,43.2,112.97,False,8.71,12.39,0,10,0,False,False,0,DRY,NORMAL,10,0,43.166156712109625,False,0,BRIGHT,CLEAR,10,43.166156712109625,False,False,0,SAFE,SAFE,SAFE,10,0,100,False,0,0,0,12,100,38.6,False,False,False,False,True,False
29.7,30.59,3609,2,12,0,22.0,30.0,39941.6,42.2,112.59,False,8.5,12.66,0,10,0,False,False,0,DRY,NORMAL,10,0,42.15620092925672,False,0,BRIGHT,CLEAR,10,42.15620092925672,False,False,0,SAFE,SAFE,SAFE,10,0,100,False,0,0,0,12,100,37.74,False,False,False,False,True,False
29.75,30.54,3604,2,12,0,22.0,30.0,39941.6,42.0,112.21,False,8.48,12.64,0,10,0,False,False,0,DRY,NORMAL,10,0,42.03377724513042,False,0,BRIGHT,CLEAR,10,42.03377724513042,False,False,0,SAFE,SAFE,SAFE,10,0,100,False,0,0,0,12,100,37.74,False,False,False,False,True,False
29.8,29.76,3511,2,12,0,22.0,30.0,39941.6,42.1,111.83,False,8.27,12.92,0,10,0,False,False,0,DRY,NORMAL,10,0,42.059546012200364,False,0,BRIGHT,CLEAR,10,42.059546012200364,False,False,0,SAFE,SAFE,SAFE,10,0,100,False,0,0,0,12,100,37.74,False,False,False,False,True,False
29.85,29.75,3511,2,12,0,22.0,30.0,39941.6,43.2,111.46,False,8.26,12.88,0,10,0,False,False,0,DRY,NORMAL,10,0,43.15535214987271,False,0,BRIGHT,CLEAR,10,43.15535214987271,False,False,0,SAFE,SAFE,SAFE,10,0,100,False,0,0,0,12,100,38.6,False,False,False,False,True,False
29.9,28.97,3418,2,12,0,22.0,30.0,39941.6,43.6,111.09,False,8.05,13.18,0,10,0,False,False,0,DRY,NORMAL,10,0,43.55354214696467,False,0,BRIGHT,CLEAR,10,43.55354214696467,False,False,0,SAFE,SAFE,SAFE,10,0,100,False,0,0,0,12,100,39.18,False,False,False,False,True,False
29.95,28.98,3420,2,12,0,22.0,30.0,39941.6,44.1,110.43,False,8.05,13.1,0,10,0,False,False,0,DRY,NORMAL,10,0,44.14730514661879,False,0,BRIGHT,CLEAR,10,44.14730514661879,False,False,0,SAFE,SAFE,SAFE,10,0,100,False,0,0,0,12,100,39.47,False,False,False,False,True,False
30.0,28.19,3327,2,12,0,22.0,30.0,31055.5,43.7,110.07,False,7.83,13.42,0,10,0,False,False,0,DRY,NORMAL,10,0,43.71998098224008,False,0,BRIGHT,CLEAR,10,43.71998098224008,False,False,0,SAFE,SAFE,SAFE,10,0,100,False,0,0,0,12,100,39.18,False,False,False,False,True,False
30.05,28.22,3331,2,12,0,22.0,30.0,31055.5,43.8,109.72,False,7.84,13.36,0,10,0,False,False,0,DRY,NORMAL,10,0,43.78314071399366,False,0,BRIGHT,CLEAR,10,43.78314071399366,False,False,0,SAFE,SAFE,SAFE,10,0,100,False,0,10,0,12,100,43.78314071399366,False,False,False,False,True,False
30.1,27.5,3246,2,12,0,22.0,30.0,31055.5,43.0,109.37,False,7.64,13.66,0,10,0,False,False,0,DRY,NORMAL,10,0,43.000050257076154,False,0,BRIGHT,CLEAR,10,43.000050257076154,False,False,0,SAFE,SAFE,SAFE,10,0,100,False,0,10,0,12,100,43.000050257076154,False,False,False,False,True,False
30.15,27.71,3270,2,12,0,22.0,30.0,31055.5,42.5,109.03,False,7.7,13.52,0,10,0,False,False,0,DRY,NORMAL,10,0,42.45487164622733,False,0,BRIGHT,CLEAR,10,42.45487164622733,False,False,0,SAFE,SAFE,SAFE,10,0,100,False,0,10,0,12,100,42.45487164622733,False,False,False,False,True,False
30.2,27.22,3212,2,12,0,22.0,30.0,31055.5,34.6,108.69,False,7.56,13.71,0,10,0,False,False,0,DRY,NORMAL,10,0,34.56746907544161,False,0,BRIGHT,CLEAR,10,34.56746907544161,False,False,0,SAFE,SAFE,SAFE,10,0,100,False,0,10,0,12,100,34.56746907544161,False,False,False,False,True,False
30.25,27.7,3269,2,12,0,22.0,30.0,31055.5,34.6,108.34,False,7.7,13.43,0,10,0,False,False,0,DRY,NORMAL,10,0,34.56746907544161,False,0,BRIGHT,CLEAR,10,34.56746907544161,False,False,0,SAFE,SAFE,SAFE,10,0,100,False,0,10,0,12,100,34.56746907544161,False,False,False,False,True,False
30.3,27.55,3251,2,12,0,22.0,30.0,31055.5,34.6,108.0,False,7.65,13.46,0,10,0,False,False,0,DRY,NORMAL,10,0,34.56746907544161,False,0,BRIGHT,CLEAR,10,34.56746907544161,False,False,0,SAFE,SAFE,SAFE,10,0,100,False,0,10,0,12,100,34.56746907544161,False,False,False,False,True,False
30.35,28.3,3340,2,12,0,22.0,30.0,31055.5,34.6,107.35,False,7.86,13.02,0,10,0,False,False,0,DRY,NORMAL,10,0,34.56746907544161,False,0,BRIGHT,CLEAR,10,34.56746907544161,False,False,0,SAFE,SAFE,SAFE,10,0,100,False,0,10,0,12,100,34.56746907544161,False,False,False,False,True,False
30.4,28.41,3353,2,12,0,22.0,30.0,31055.5,34.6,106.99,False,7.89,12.92,0,10,0,False,False,0,DRY,NORMAL,10,0,34.56746907544161,False,0,BRIGHT,CLEAR,10,34.56746907544161,False,False,0,SAFE,SAFE,SAFE,10,0,100,False,0,10,0,12,100,34.56746907544161,False,False,False,False,True,False
30.45,29.31,3459,2,12,0,22.0,30.0,31055.5,34.6,106.63,False,8.14,12.48,0,10,0,False,False,0,DRY,NORMAL,10,0,34.56746907544161,False,0,BRIGHT,CLEAR,10,34.56746907544161,False,False,0,SAFE,SAFE,SAFE,10,0,100,False,0,10,0,12,100,34.56746907544161,False,False,False,False,True,False
30.5,29.6,3493,2,12,0,22.0,30.0,31055.5,34.6,106.26,False,8.22,12.32,0,10,0,False,False,0,DRY,NORMAL,10,0,34.56746907544161,False,0,BRIGHT,CLEAR,10,34.56746907544161,False,False,0,SAFE,SAFE,SAFE,10,0,100,False,0,10,0,12,100,34.56746907544161,False,False,False,False,True,False
30.55,30.58,3608,2,12,0,22.0,30.0,31055.5,27.5,105.89,False,8.49,11.88,0,10,0,False,False,0,DRY,NORMAL,10,0,27.478115705051223,False,0,BRIGHT,CLEAR,10,27.478115705051223,False,False,0,SAFE,SAFE,SAFE,10,0,100,False,0,10,0,12,100,27.478115705051223,False,False,False,False,True,False
30.6,30.93,3650,2,12,0,22.0,30.0,31055.5,27.5,105.5,False,8.59,11.7,0,10,0,False,False,0,DRY,NORMAL,10,0,27.478115705051223,False,0,BRIGHT,CLEAR,10,27.478115705051223,False,False,0,SAFE,SAFE,SAFE,10,0,100,False,0,10,0,12,100,27.478115705051223,False,False,False,False,True,False
30.65,31.69,3739,2,12,0,22.0,30.0,31055.5,27.5,105.11,False,8.8,11.37,0,10,0,False,False,0,DRY,NORMAL,10,0,27.478115705051223,False,0,BRIGHT,CLEAR,10,27.478115705051223,False,False,0,SAFE,SAFE,SAFE,10,0,100,False,0,10,0,12,100,27.478115705051223,False,False,False,False,True,False
30.7,31.53,3720,2,12,0,22.0,30.0,31055.5,27.5,104.41,False,8.76,11.35,0,10,0,False,False,0,DRY,NORMAL,10,0,27.478115705051223,False,0,BRIGHT,CLEAR,10,27.478115705051223,False,False,0,SAFE,SAFE,SAFE,10,0,100,False,0,10,0,12,100,27.478115705051223,False,False,False,False,True,False
30.75,31.86,3760,2,12,0,22.0,30.0,31055.5,27.5,104.02,False,8.85,11.19,0,10,0,False,False,0,DRY,NORMAL,10,0,27.478115705051223,False,0,BRIGHT,CLEAR,10,27.478115705051223,False,False,0,SAFE,SAFE,SAFE,10,0,100,False,0,10,0,12,100,27.478115705051223,False,False,False,False,True,False
30.8,31.39,3704,2,12,0,22.0,30.0,31055.5,27.5,103.63,False,8.72,11.31,0,10,0,False,False,0,DRY,NORMAL,10,0,27.478115705051223,False,0,BRIGHT,CLEAR,10,27.478115705051223,False,False,0,SAFE,SAFE,SAFE,10,0,100,False,0,10,0,12,100,27.478115705051223,False,False,False,False,True,False
30.85,31.57,3725,2,12,0,22.0,30.0,31055.5,27.5,103.23,False,8.77,11.2,0,10,0,False,False,0,DRY,NORMAL,10,0,27.478115705051223,False,0,BRIGHT,CLEAR,10,27.478115705051223,False,False,0,SAFE,SAFE,SAFE,10,0,100,False,0,10,0,12,100,27.478115705051223,False,False,False,False,True,False
30.9,30.99,3657,2,12,0,22.0,30.0,31055.5,27.4,102.84,False,8.61,11.37,0,10,0,False,False,0,DRY,NORMAL,10,0,27.3847286975388,False,0,BRIGHT,CLEAR,10,27.3847286975388,False,False,0,SAFE,SAFE,SAFE,10,0,100,False,0,10,0,12,100,27.3847286975388,False,False,False,False,True,False
30.95,31.11,3671,2,12,0,22.0,30.0,31055.5,27.4,102.46,False,8.64,11.28,0,10,0,False,False,0,DRY,NORMAL,10,0,27.3847286975388,False,0,BRIGHT,CLEAR,10,27.3847286975388,False,False,0,SAFE,SAFE,SAFE,10,0,100,False,0,10,0,12,100,27.3847286975388,False,False,False,False,True,False
31.0,30.49,3597,2,12,0,22.0,30.0,31055.5,27.4,102.07,False,8.47,11.46,0,10,0,False,False,0,DRY,NORMAL,10,0,27.3847286975388,False,0,BRIGHT,CLEAR,10,27.3847286975388,False,False,0,SAFE,SAFE,SAFE,10,0,100,False,0,10,0,12,100,27.3847286975388,False,False,False,False,True,False
31.05,30.6,3611,2,12,0,22.0,30.0,31055.5,27.4,101.39,False,8.5,11.34,0,10,0,False,False,0,DRY,NORMAL,10,0,27.3847286975388,False,0,BRIGHT,CLEAR,10,27.3847286975388,False,False,0,SAFE,SAFE,SAFE,10,0,100,False,0,10,0,12,100,27.3847286975388,False,False,False,False,True,False
31.1,29.95,3534,2,12,0,22.0,30.0,31055.5,27.4,101.01,False,8.32,11.54,0,10,0,False,False,0,DRY,NORMAL,10,0,27.3847286975388,False,0,BRIGHT,CLEAR,10,27.3847286975388,False,False,0,SAFE,SAFE,SAFE,10,0,100,False,0,10,0,12,100,27.3847286975388,False,False,False,False,True,False
31.15,30.07,3548,2,12,0,22.0,30.0,31055.5,27.4,100.64,False,8.35,11.45,0,10,0,False,False,0,DRY,NORMAL,10,0,27.3847286975388,False,0,BRIGHT,CLEAR,10,27.3847286975388,False,False,0,SAFE,SAFE,SAFE,10,0,100,False,0,10,0,12,100,27.3847286975388,False,False,False,False,True,False
31.2,29.41,3470,2,12,0,22.0,30.0,31055.5,27.4,100.27,False,8.17,11.66,0,10,0,False,False,0,DRY,NORMAL,10,0,27.3847286975388,False,0,BRIGHT,CLEAR,10,27.3847286975388,False,False,0,SAFE,SAFE,SAFE,10,0,100,False,0,10,0,12,100,27.3847286975388,False,False,False,False,True,False
31.25,29.54,3485,2,12,0,22.0,30.0,31055.5,27.4,99.9,False,8.2,11.57,0,10,0,False,False,0,DRY,NORMAL,10,0,27.384730185571183,False,0,BRIGHT,CLEAR,10,27.384730185571183,False,False,0,SAFE,SAFE,SAFE,10,0,100,False,0,10,0,12,100,27.384730185571183,False,False,False,False,True,False
31.3,28.87,3407,2,12,0,22.0,30.0,31055.5,27.4,99.54,False,8.02,11.79,0,10,0,False,False,0,DRY,NORMAL,10,0,27.384730185571183,False,0,BRIGHT,CLEAR,10,27.384730185571183,False,False,0,SAFE,SAFE,SAFE,10,0,100,False,0,10,0,12,100,27.384730185571183,False,False,False,False,True,False
31.35,29.01,3423,2,12,0,22.0,30.0,31055.5,27.4,99.18,False,8.06,11.69,0,10,0,False,False,0,DRY,NORMAL,10,0,27.384730185571183,False,0,BRIGHT,CLEAR,10,27.384730185571183,False,False,0,SAFE,SAFE,SAFE,10,0,100,False,0,10,0,12,100,27.384730185571183,False,False,False,False,True,False
31.4,28.34,3344,2,12,0,22.0,30.0,31055.5,27.4,98.52,False,7.87,11.88,0,10,0,False,False,0,DRY,NORMAL,10,0,27.384730185571183,False,0,BRIGHT,CLEAR,10,27.384730185571183,False,False,0,SAFE,SAFE,SAFE,10,0,100,False,0,10,0,12,100,27.384730185571183,False,False,False,False,True,False
31.45,28.49,3362,2,12,0,22.0,30.0,31055.5,27.4,98.16,False,7.91,11.77,0,10,0,False,False,0,DRY,NORMAL,10,0,27.384730185571183,False,0,BRIGHT,CLEAR,10,27.384730185571183,False,False,0,SAFE,SAFE,SAFE,10,0,100,False,0,10,0,12,100,27.384730185571183,False,False,False,False,True,False
31.5,27.81,3281,2,12,0,22.0,30.0,23455.0,27.4,97.81,False,7.72,12.01,0,10,0,False,False,0,DRY,NORMAL,10,0,27.384730185571183,False,0,BRIGHT,CLEAR,10,27.384730185571183,False,False,0,SAFE,SAFE,SAFE,10,0,100,False,0,10,0,12,100,27.384730185571183,False,False,False,False,True,False
31.55,27.97,3301,2,12,0,22.0,30.0,23455.0,27.4,97.46,False,7.77,11.9,0,10,0,False,False,0,DRY,NORMAL,10,0,27.384730185571183,False,0,BRIGHT,CLEAR,10,27.384730185571183,False,False,0,SAFE,SAFE,SAFE,10,0,100,False,0,10,0,12,100,27.384730185571183,False,False,False,False,True,False
31.6,27.29,3220,2,12,0,22.0,30.0,23455.0,27.4,97.12,False,7.58,12.15,0,10,0,False,False,0,DRY,NORMAL,10,0,27.384730185571183,False,0,BRIGHT,CLEAR,10,27.384730185571183,False,False,0,SAFE,SAFE,SAFE,10,0,100,False,0,10,0,12,100,27.384730185571183,False,False,False,False,True,False
31.65,27.47,3242,2,12,0,22.0,30.0,23455.0,27.4,96.78,False,7.63,12.03,0,10,0,False,False,0,DRY,NORMAL,10,0,27.384730185571183,False,0,BRIGHT,CLEAR,10,27.384730185571183,False,False,0,SAFE,SAFE,SAFE,10,0,100,False,0,10,0,12,100,27.384730185571183,False,False,False,False,True,False
31.7,26.84,3167,2,12,0,22.0,30.0,23455.0,27.4,96.44,False,7.45,12.27,0,10,0,False,False,0,DRY,NORMAL,10,0,27.384730185571183,False,0,BRIGHT,CLEAR,10,27.384730185571183,False,False,0,SAFE,SAFE,SAFE,10,0,100,False,0,10,0,12,100,27.384730185571183,False,False,False,False,True,False
31.75,27.06,3193,2,12,0,22.0,30.0,23455.0,27.4,96.1,False,7.52,12.12,0,10,0,False,False,0,DRY,NORMAL,10,0,27.384730185571183,False,0,BRIGHT,CLEAR,10,27.384730185571183,False,False,0,SAFE,SAFE,SAFE,10,0,100,False,0,10,0,12,100,27.384730185571183,False,False,False,False,True,False
31.8,26.48,3124,2,12,0,22.0,30.0,23455.0,27.4,95.47,False,7.36,12.3,0,10,0,False,False,0,DRY,NORMAL,10,0,27.384730185571183,False,0,BRIGHT,CLEAR,10,27.384730185571183,False,False,0,SAFE,SAFE,SAFE,10,0,100,False,0,10,0,12,100,27.384730185571183,False,False,False,False,True,False
31.85,26.86,3170,2,12,0,22.0,30.0,23455.0,27.4,95.13,False,7.46,12.08,0,10,0,False,False,0,DRY,NORMAL,10,0,27.384730185571183,False,0,BRIGHT,CLEAR,10,27.384730185571183,False,False,0,SAFE,SAFE,SAFE,10,0,100,False,0,10,0,12,100,27.384730185571183,False,False,False,False,True,False
31.9,26.55,3133,2,12,0,22.0,30.0,23455.0,27.4,94.8,False,7.37,12.18,0,10,0,False,False,0,DRY,NORMAL,10,0,27.384730185571183,False,0,BRIGHT,CLEAR,10,27.384730185571183,False,False,0,SAFE,SAFE,SAFE,10,0,100,False,0,10,0,12,100,27.384730185571183,False,False,False,False,True,False
31.95,27.21,3211,2,12,0,22.0,30.0,23455.0,27.4,94.46,False,7.56,11.84,0,10,0,False,False,0,DRY,NORMAL,10,0,27.384730185571183,False,0,BRIGHT,CLEAR,10,27.384730185571183,False,False,0,SAFE,SAFE,SAFE,10,0,100,False,0,10,0,12,100,27.384730185571183,False,False,False,False,True,False
32.0,27.2,3209,2,12,0,22.0,30.0,23455.0,27.4,94.12,False,7.55,11.8,0,10,0,False,False,0,DRY,NORMAL,10,0,27.384730185571183,False,0,BRIGHT,CLEAR,10,27.384730185571183,False,False,0,SAFE,SAFE,SAFE,10,0,100,False,0,10,0,12,100,27.384730185571183,False,False,False,False,True,False
32.05,28.04,3309,2,12,0,22.0,30.0,23455.0,27.4,93.78,False,7.79,11.4,0,10,0,False,False,0,DRY,NORMAL,10,0,27.384730185571183,False,0,BRIGHT,CLEAR,10,27.384730185571183,False,False,0,SAFE,SAFE,SAFE,10,0,100,False,0,10,0,12,100,27.384730185571183,False,False,False,False,True,False
32.1,28.19,3326,2,12,0,22.0,30.0,23455.0,27.4,93.43,False,7.83,11.29,0,10,0,False,False,0,DRY,NORMAL,10,0,27.384730185571183,False,0,BRIGHT,CLEAR,10,27.384730185571183,False,False,0,SAFE,SAFE,SAFE,10,0,100,False,0,10,0,12,100,27.384730185571183,False,False,False,False,True,False
32.15,28.91,3411,2,12,0,22.0,30.0,23455.0,27.4,93.07,False,8.03,10.97,0,10,0,False,False,0,DRY,NORMAL,10,0,27.384730185571183,False,0,BRIGHT,CLEAR,10,27.384730185571183,False,False,0,SAFE,SAFE,SAFE,10,0,100,False,0,10,0,12,100,27.384730185571183,False,False,False,False,True,False
32.2,28.65,3381,2,12,0,22.0,30.0,23455.0,27.4,92.41,False,7.96,10.98,0,10,0,False,False,0,DRY,NORMAL,10,0,27.384730185571183,False,0,BRIGHT,CLEAR,10,27.384730185571183,False,False,0,SAFE,SAFE,SAFE,10,0,100,False,0,10,0,12,100,27.384730185571183,False,False,False,False,True,False
32.25,29.02,3424,2,12,0,22.0,30.0,23455.0,27.4,92.05,False,8.06,10.8,0,10,0,False,False,0,DRY,NORMAL,10,0,27.384730185571183,False,0,BRIGHT,CLEAR,10,27.384730185571183,False,False,0,SAFE,SAFE,SAFE,10,0,100,False,0,10,0,12,100,27.384730185571183,False,False,False,False,True,False
32.3,28.5,3363,2,12,0,22.0,30.0,23455.0,27.4,91.69,False,7.92,10.95,0,10,0,False,False,0,DRY,NORMAL,10,0,27.384730185571183,False,0,BRIGHT,CLEAR,10,27.384730185571183,False,False,0,SAFE,SAFE,SAFE,10,0,100,False,0,10,0,12,100,27.384730185571183,False,False,False,False,True,False
32.35,28.73,3391,2,12,0,22.0,30.0,23455.0,27.4,91.33,False,7.98,10.82,0,10,0,False,False,0,DRY,NORMAL,10,0,27.384730185571183,False,0,BRIGHT,CLEAR,10,27.384730185571183,False,False,0,SAFE,SAFE,SAFE,10,0,100,False,0,10,0,12,100,27.384730185571183,False,False,False,False,True,False
32.4,28.12,3318,2,12,0,22.0,30.0,23455.0,27.4,90.98,False,7.81,11.01,0,10,0,False,False,0,DRY,NORMAL,10,0,27.384730185571183,False,0,BRIGHT,CLEAR,10,27.384730185571183,False,False,0,SAFE,SAFE,SAFE,10,0,100,False,0,10,0,12,100,27.384730185571183,False,False,False,False,True,False
32.45,28.31,3340,2,12,0,22.0,30.0,23455.0,27.4,90.62,False,7.86,10.89,0,10,0,False,False,0,DRY,NORMAL,10,0,27.424662131587702,False,0,BRIGHT,CLEAR,10,27.424662131587702,False,False,0,SAFE,SAFE,SAFE,10,0,100,False,0,10,0,12,100,27.424662131587702,False,False,False,False,True,False
32.5,27.65,3263,2,12,0,22.0,30.0,23455.0,27.4,90.28,False,7.68,11.1,0,10,0,False,False,0,DRY,NORMAL,10,0,27.424662131587702,False,0,BRIGHT,CLEAR,10,27.424662131587702,False,False,0,SAFE,SAFE,SAFE,10,0,100,False,0,10,0,12,100,27.424662131587702,False,False,False,False,True,False
32.55,27.83,3284,2,12,0,22.0,30.0,23455.0,27.4,89.63,False,7.73,10.95,0,10,0,False,False,0,DRY,NORMAL,10,0,27.424662131587702,False,0,BRIGHT,CLEAR,10,27.424662131587702,False,False,0,SAFE,SAFE,SAFE,10,0,100,False,0,10,0,12,100,27.424662131587702,False,False,False,False,True,False
32.6,27.15,3204,2,12,0,22.0,30.0,23455.0,27.4,89.28,False,7.54,11.17,0,10,0,False,False,0,DRY,NORMAL,10,0,27.424662131587702,False,0,BRIGHT,CLEAR,10,27.424662131587702,False,False,0,SAFE,SAFE,SAFE,10,0,100,False,0,10,0,12,100,27.424662131587702,False,False,False,False,True,False
32.65,27.35,3227,2,12,0,22.0,30.0,23455.0,27.4,88.94,False,7.6,11.05,0,10,0,False,False,0,DRY,NORMAL,10,0,27.424662131587702,False,0,BRIGHT,CLEAR,10,27.424662131587702,False,False,0,SAFE,SAFE,SAFE,10,0,100,False,0,10,0,12,100,27.424662131587702,False,False,False,False,True,False
32.7,26.77,3159,2,12,0,22.0,30.0,23455.0,27.4,88.61,False,7.44,11.24,0,10,0,False,False,0,DRY,NORMAL,10,0,27.424662131587702,False,0,BRIGHT,CLEAR,10,27.424662131587702,False,False,0,SAFE,SAFE,SAFE,10,0,100,False,0,10,0,12,100,27.424662131587702,False,False,False,False,True,False
32.75,27.13,3201,2,12,0,22.0,30.0,23455.0,27.4,88.27,False,7.54,11.05,0,10,0,False,False,0,DRY,NORMAL,10,0,27.424662131587702,False,0,BRIGHT,CLEAR,10,27.424662131587702,False,False,0,SAFE,SAFE,SAFE,10,0,100,False,0,10,0,12,100,27.424662131587702,False,False,False,False,True,False
32.8,26.82,3165,2,12,0,22.0,30.0,23455.0,27.5,87.93,False,7.45,11.13,0,10,0,False,False,0,DRY,NORMAL,10,0,27.477868054832918,False,0,BRIGHT,CLEAR,10,27.477868054832918,False,False,0,SAFE,SAFE,SAFE,10,0,100,False,0,10,0,12,100,27.477868054832918,False,False,False,False,True,False
32.85,27.48,3243,2,12,0,22.0,30.0,23455.0,27.5,87.6,False,7.63,10.82,0,10,0,False,False,0,DRY,NORMAL,10,0,27.477868054832918,False,0,BRIGHT,CLEAR,10,27.477868054832918,False,False,0,SAFE,SAFE,SAFE,10,0,100,False,0,10,0,12,100,27.477868054832918,False,False,False,False,True,False
32.9,27.41,3235,2,12,0,22.0,30.0,23455.0,27.5,87.25,False,7.61,10.8,0,10,0,False,False,0,DRY,NORMAL,10,0,27.477868054832918,False,0,BRIGHT,CLEAR,10,27.477868054832918,False,False,0,SAFE,SAFE,SAFE,10,0,100,False,0,10,0,12,100,27.477868054832918,False,False,False,False,True,False
32.95,28.07,3312,2,12,0,22.0,30.0,23455.0,27.5,86.6,False,7.8,10.47,0,10,0,False,False,0,DRY,NORMAL,10,0,27.477868054832918,False,0,BRIGHT,CLEAR,10,27.477868054832918,False,False,0,SAFE,SAFE,SAFE,10,0,100,False,0,10,0,12,100,27.477868054832918,False,False,False,False,True,False
33.0,27.91,3294,2,12,0,22.0,30.0,18401.6,27.5,86.25,False,7.75,10.48,0,10,0,False,False,0,DRY,NORMAL,10,0,27.477868054832918,False,0,DIM,CLEAR,10,27.477868054832918,True,False,0,SAFE,SAFE,SAFE,10,0,100,False,0,10,0,12,100,27.477868054832918,False,True,False,False,True,False
33.05,28.4,3351,2,12,0,22.0,30.0,18401.6,27.5,85.9,False,7.89,10.26,0,10,0,False,False,0,DRY,NORMAL,10,0,27.477868054832918,False,0,DIM,CLEAR,10,27.477868054832918,True,False,0,SAFE,SAFE,SAFE,10,0,100,False,0,10,0,12,100,27.477868054832918,False,True,False,False,True,False
33.1,27.93,3296,2,12,0,22.0,30.0,18401.6,26.6,85.55,False,7.76,10.38,0,10,0,False,False,0,DRY,NORMAL,10,0,26.63992967848647,False,0,DIM,CLEAR,10,26.63992967848647,True,False,0,SAFE,SAFE,SAFE,10,0,100,False,0,10,0,12,100,26.63992967848647,False,True,False,False,True,False
33.15,28.1,3315,2,12,0,22.0,30.0,18401.6,23.2,85.21,False,7.8,10.28,0,10,0,False,False,0,DRY,NORMAL,10,0,23.236788058250475,False,0,DIM,CLEAR,10,23.236788058250475,True,False,0,SAFE,SAFE,SAFE,10,0,100,False,0,10,0,12,100,23.236788058250475,False,True,False,False,True,False
33.2,27.52,3247,2,12,0,22.0,30.0,18401.6,28.5,84.86,False,7.64,10.45,0,10,0,False,False,0,DRY,NORMAL,10,0,28.500185905431138,False,0,DIM,CLEAR,10,28.500185905431138,True,False,0,SAFE,SAFE,SAFE,10,0,100,False,0,10,0,12,100,28.500185905431138,False,True,False,False,True,False
33.25,27.65,3263,2,12,0,22.0,30.0,18401.6,23.5,84.52,False,7.68,10.35,0,10,0,False,False,0,DRY,NORMAL,10,0,23.53705969361976,False,0,DIM,CLEAR,10,23.53705969361976,True,False,0,SAFE,SAFE,SAFE,10,0,100,False,0,10,0,12,100,23.53705969361976,False,True,False,False,True,False
33.3,26.91,3176,2,12,0,22.0,30.0,18401.6,20.3,84.01,False,7.48,10.57,0,10,0,False,False,0,DRY,NORMAL,10,0,20.27094740880531,False,0,DIM,CLEAR,10,20.27094740880531,True,False,0,SAFE,CAUTION,SAFE,8,0,70,False,0,8,0,12,70,20.27094740880531,False,True,False,False,True,False
33.35,26.93,3178,2,12,0,22.0,30.0,18401.6,18.7,83.37,False,7.48,10.48,0,10,0,False,False,0,DRY,NORMAL,10,0,18.65212141795133,False,0,DIM,CLEAR,10,18.65212141795133,True,False,0,SAFE,CAUTION,SAFE,8,0,70,False,0,8,0,12,70,18.65212141795133,False,True,False,False,True,False
33.4,26.01,3070,2,12,0,22.0,30.0,18401.6,17.4,82.8,False,7.23,10.77,0,10,0,False,False,0,DRY,NORMAL,10,0,17.437407460054718,False,0,DIM,CLEAR,10,17.437407460054718,True,False,0,SAFE,CAUTION,SAFE,8,0,70,False,0,8,0,12,70,17.437407460054718,False,True,False,False,True,False
33.45,25.88,3053,2,12,0,22.0,30.0,18401.6,16.7,82.48,False,7.19,10.78,0,10,0,False,False,0,DRY,NORMAL,10,0,16.65117027888784,False,0,DIM,CLEAR,10,16.65117027888784,True,False,0,SAFE,CAUTION,CAUTION,7,0,70,False,0,7,0,12,70,16.65117027888784,False,True,False,False,True,False
33.5,24.81,2928,2,12,0,22.0,30.0,18401.6,14.1,81.92,False,6.89,11.16,0,10,0,False,False,0,DRY,NORMAL,10,0,14.08206080684765,False,0,DIM,CLEAR,10,14.08206080684765,True,False,0,SAFE,CAUTION,CAUTION,7,0,70,False,0,7,0,12,70,14.08206080684765,False,True,False,False,True,False
33.55,24.44,2884,1,12,0,22.0,30.0,18401.6,13.3,81.61,False,6.79,11.29,0,10,0,False,False,0,DRY,NORMAL,10,0,13.307269509298644,False,0,DIM,CLEAR,10,13.307269509298644,True,False,0,SAFE,CAUTION,CAUTION,7,0,70,False,0,7,0,12,70,13.307269509298644,True,True,False,False,True,False
