Time,Speed,RPM,Gear,Steering,Weather,Temperature,Humidity,Lux,RoadSpeedLimit,FrontDistance,DistanceOverRange,ClosingSpeed,TTC,TTCRisk,TTCThrottle,TTCBrake,TTCGearDown,TTCHazard,RoadRisk,RoadSurfaceGrade,RoadShockGrade,RoadThrottle,RoadBrake,RoadSpeedLimitCmd,RoadGearDown,VisionRisk,VisionLuxGrade,VisionWeatherGrade,VisionThrottle,VisionSpeedLimitCmd,VisionHeadlight,VisionHazard,PostureRisk,PostureRollGrade,PostureYawGrade,PostureLateralGrade,PostureThrottle,PostureBrake,PostureSteerRateLimit,PostureGearDown,FinalRisk,FinalThrottle,FinalBrake,FinalSteering,FinalSteerRateLimit,FinalSpeedLimit,FinalGearDown,Headlight,Hazard,ManualMode,AutonomousControl,EmergencyStop
0.05,1.76,800,1,12,0,22.0,30.0,14746.2,100,999.0,True,0.0,20.0,0,10,0,False,False,0,DRY,NORMAL,10,0,100,False,0,DIM,CLEAR,10,100,True,False,0,SAFE,SAFE,SAFE,10,0,100,False,0,10,0,12,100,100,False,True,False,False,True,False
0.1,3.53,1146,1,12,0,22.0,30.0,14746.2,100,999.0,True,0.0,20.0,0,10,0,False,False,0,DRY,NORMAL,10,0,100,False,0,DIM,CLEAR,10,100,True,False,0,SAFE,SAFE,SAFE,10,0,100,False,0,10,0,12,100,100,False,True,False,False,True,False
0.15,5.29,1719,1,12,0,22.0,30.0,14746.2,100,999.0,True,0.0,20.0,0,10,0,False,False,0,DRY,NORMAL,10,0,100,False,0,DIM,CLEAR,10,100,True,False,0,SAFE,SAFE,SAFE,10,0,100,False,0,10,0,12,100,100,False,True,False,False,True,False
0.2,7.06,2292,1,12,0,22.0,30.0,14746.2,100,999.0,True,0.0,20.0,0,10,0,False,False,0,DRY,NORMAL,10,0,100,False,0,DIM,CLEAR,10,100,True,False,0,SAFE,SAFE,SAFE,10,0,100,False,0,10,0,12,100,100,False,True,False,False,True,False
0.25,8.82,2865,1,12,0,22.0,30.0,14746.2,100,999.0,True,0.0,20.0,0,10,0,False,False,0,DRY,NORMAL,10,0,100,False,0,DIM,CLEAR,10,100,True,False,0,SAFE,SAFE,SAFE,10,0,100,False,0,10,0,12,100,100,False,True,False,False,True,False
0.3,10.37,3369,1,12,0,22.0,30.0,14746.2,100,999.0,True,0.0,20.0,0,10,0,False,False,0,DRY,NORMAL,10,0,100,False,0,DIM,CLEAR,10,100,True,False,0,SAFE,SAFE,SAFE,10,0,100,False,0,10,0,12,100,100,False,True,False,False,True,False
0.35,5.59,1816,1,12,0,22.0,30.0,14746.2,100,999.0,True,0.0,20.0,0,10,0,False,False,0,DRY,NORMAL,10,0,100,False,0,DIM,CLEAR,10,100,True,False,0,SAFE,SAFE,SAFE,10,0,100,False,0,10,0,12,100,100,False,True,False,False,True,False
0.4,2.45,800,1,12,0,22.0,30.0,14746.2,100,999.0,True,0.0,20.0,0,10,0,False,False,0,DRY,NORMAL,10,0,100,False,0,DIM,CLEAR,10,100,True,False,0,SAFE,SAFE,SAFE,10,0,100,False,0,10,0,12,100,100,False,True,False,False,True,False
0.45,2.07,800,1,12,0,22.0,30.0,14746.2,100,999.0,True,0.0,20.0,0,10,0,False,False,0,DRY,NORMAL,10,0,100,False,0,DIM,CLEAR,10,100,True,False,0,SAFE,SAFE,SAFE,10,0,100,False,0,10,0,12,100,100,False,True,False,False,True,False
0.5,3.0,975,1,12,0,22.0,30.0,14746.2,100,999.0,True,0.0,20.0,0,10,0,False,False,0,DRY,NORMAL,10,0,100,False,0,DIM,CLEAR,10,100,True,False,0,SAFE,SAFE,SAFE,10,0,100,False,0,10,0,12,100,100,False,True,False,False,True,False
0.55,3.9,1265,1,12,0,22.0,30.0,14746.2,100,999.0,True,0.0,20.0,0,10,0,False,False,0,DRY,NORMAL,10,0,100,False,0,DIM,CLEAR,10,100,True,False,0,SAFE,SAFE,SAFE,10,0,100,False,0,10,0,12,100,100,False,True,False,False,True,False
0.6,4.58,1486,1,12,0,22.0,30.0,14746.2,100,999.0,True,0.0,20.0,0,10,0,False,False,0,DRY,NORMAL,10,0,100,False,0,DIM,CLEAR,10,100,True,False,0,SAFE,SAFE,SAFE,10,0,100,False,0,10,0,12,100,100,False,True,False,False,True,False
0.65,5.24,1703,1,12,0,22.0,30.0,14746.2,100,999.0,True,0.0,20.0,0,10,0,False,False,0,DRY,NORMAL,10,0,100,False,0,DIM,CLEAR,10,100,True,False,0,SAFE,SAFE,SAFE,10,0,100,False,0,10,0,12,100,100,False,True,False,False,True,False
0.7,5.78,1877,1,12,0,22.0,30.0,14746.2,100,999.0,True,0.0,20.0,0,10,0,False,False,0,DRY,NORMAL,10,0,100,False,0,DIM,CLEAR,10,100,True,False,0,SAFE,SAFE,SAFE,10,0,100,False,0,10,0,12,100,100,False,True,False,False,True,False
0.75,6.61,2148,1,12,0,22.0,30.0,14746.2,100,999.0,True,0.0,20.0,0,10,0,False,False,0,DRY,NORMAL,10,0,100,False,0,DIM,CLEAR,10,100,True,False,0,SAFE,SAFE,SAFE,10,0,100,False,0,10,0,12,100,100,False,True,False,False,True,False
0.8,7.14,2319,1,12,0,22.0,30.0,14746.2,100,999.0,True,0.0,20.0,0,10,0,False,False,0,DRY,NORMAL,10,0,100,False,0,DIM,CLEAR,10,100,True,False,0,SAFE,SAFE,SAFE,10,0,100,False,0,10,0,12,100,100,False,True,False,False,True,False
0.85,7.97,2589,1,12,0,22.0,30.0,14746.2,100,999.0,True,0.0,20.0,0,10,0,False,False,0,DRY,NORMAL,10,0,100,False,0,DIM,CLEAR,10,100,True,False,0,SAFE,SAFE,SAFE,10,0,100,False,0,10,0,12,100,100,False,True,False,False,True,False
0.9,8.55,2776,1,12,0,22.0,30.0,14746.2,100,999.0,True,0.0,20.0,0,10,0,False,False,0,DRY,NORMAL,10,0,100,False,0,DIM,CLEAR,10,100,True,False,0,SAFE,SAFE,SAFE,10,0,100,False,0,10,0,12,100,100,False,True,False,False,True,False
0.95,9.34,3033,1,12,0,22.0,30.0,14746.2,100,999.0,True,0.0,20.0,0,10,0,False,False,0,DRY,NORMAL,10,0,100,False,0,DIM,CLEAR,10,100,True,False,0,SAFE,SAFE,SAFE,10,0,100,False,0,10,0,12,100,100,False,True,False,False,True,False
1.0,9.93,3227,1,12,0,22.0,30.0,14746.2,100,999.0,True,0.0,20.0,0,10,0,False,False,0,DRY,NORMAL,10,0,100,False,0,DIM,CLEAR,10,100,True,False,0,SAFE,SAFE,SAFE,10,0,100,False,0,10,0,12,100,100,False,True,False,False,True,False
1.05,10.72,3482,1,12,0,22.0,30.0,14746.2,100,999.0,True,0.0,20.0,0,10,0,False,False,0,DRY,NORMAL,10,0,100,False,0,DIM,CLEAR,10,100,True,False,0,SAFE,SAFE,SAFE,10,0,100,False,0,10,0,12,100,100,False,True,False,False,True,False
1.1,11.34,3684,1,12,0,22.0,30.0,14746.2,100,999.0,True,0.0,20.0,0,10,0,False,False,0,DRY,NORMAL,10,0,100,False,0,DIM,CLEAR,10,100,True,False,0,SAFE,SAFE,SAFE,10,0,100,False,0,10,0,12,100,100,False,True,False,False,True,False
1.15,12.09,3928,1,12,0,22.0,30.0,14746.2,100,999.0,True,0.0,20.0,0,10,0,False,False,0,DRY,NORMAL,10,0,100,False,0,DIM,CLEAR,10,100,True,False,0,SAFE,SAFE,SAFE,10,0,100,False,0,10,0,12,100,100,False,True,False,False,True,False
1.2,12.73,4135,1,12,0,22.0,30.0,14746.2,100,999.0,True,0.0,20.0,0,10,0,False,False,0,DRY,NORMAL,10,0,100,False,0,DIM,CLEAR,10,100,True,False,0,SAFE,SAFE,SAFE,10,0,100,False,0,10,0,12,100,100,False,True,False,False,True,False
1.25,13.44,4365,1,12,0,22.0,30.0,14746.2,100,999.0,True,0.0,20.0,0,10,0,False,False,0,DRY,NORMAL,10,0,100,False,0,DIM,CLEAR,10,100,True,False,0,SAFE,SAFE,SAFE,10,0,100,False,0,10,0,12,100,100,False,True,False,False,True,False
1.3,14.11,4582,1,12,0,22.0,30.0,14746.2,100,999.0,True,0.0,20.0,0,10,0,False,False,0,DRY,NORMAL,10,0,100,False,0,DIM,CLEAR,10,100,True,False,0,SAFE,SAFE,SAFE,10,0,100,False,0,10,0,12,100,100,False,True,False,False,True,False
1.35,14.82,4815,1,12,0,22.0,30.0,14746.2,100,999.0,True,0.0,20.0,0,10,0,False,False,0,DRY,NORMAL,10,0,100,False,0,DIM,CLEAR,10,100,True,False,0,SAFE,SAFE,SAFE,10,0,100,False,0,10,0,12,100,100,False,True,False,False,True,False
1.4,15.53,5046,1,12,0,22.0,30.0,14746.2,100,999.0,True,0.0,20.0,0,10,0,False,False,0,DRY,NORMAL,10,0,100,False,0,DIM,CLEAR,10,100,True,False,0,SAFE,SAFE,SAFE,10,0,100,False,0,10,0,12,100,100,False,True,False,False,True,False
1.45,16.27,5285,1,12,0,22.0,30.0,14746.2,100,999.0,True,0.0,20.0,0,10,0,False,False,0,DRY,NORMAL,10,0,100,False,0,DIM,CLEAR,10,100,True,False,0,SAFE,SAFE,SAFE,10,0,100,False,0,10,0,12,100,100,False,True,False,False,True,False
1.5,17.02,5530,1,12,0,22.0,30.0,18828.8,100,999.0,True,0.0,20.0,0,10,0,False,False,0,DRY,NORMAL,10,0,100,False,0,DIM,CLEAR,10,100,True,False,0,SAFE,SAFE,SAFE,10,0,100,False,0,10,0,12,100,100,False,True,False,False,True,False
1.55,17.81,5786,1,12,0,22.0,30.0,18828.8,100,999.0,True,0.0,20.0,0,10,0,False,False,0,DRY,NORMAL,10,0,100,False,0,DIM,CLEAR,10,100,True,False,0,SAFE,SAFE,SAFE,10,0,100,False,0,10,0,12,100,100,False,True,False,False,True,False
1.6,18.63,6052,1,12,0,22.0,30.0,18828.8,100,999.0,True,0.0,20.0,0,10,0,False,False,0,DRY,NORMAL,10,0,100,False,0,DIM,CLEAR,10,100,True,False,0,SAFE,SAFE,SAFE,10,0,100,False,0,10,0,12,100,100,False,True,False,False,True,False
1.65,19.27,6260,1,12,0,22.0,30.0,18828.8,100,999.0,True,0.0,20.0,0,10,0,False,False,0,DRY,NORMAL,10,0,100,False,0,DIM,CLEAR,10,100,True,False,0,SAFE,SAFE,SAFE,10,0,100,False,0,10,0,12,100,100,False,True,False,False,True,False
1.7,19.37,6291,1,12,0,22.0,30.0,18828.8,100,999.0,True,0.0,20.0,0,10,0,False,False,0,DRY,NORMAL,10,0,100,False,0,DIM,CLEAR,10,100,True,False,0,SAFE,SAFE,SAFE,10,0,100,False,0,10,0,12,100,100,False,True,False,False,True,False
1.75,20.14,6542,2,12,0,22.0,30.0,18828.8,100,999.0,True,0.0,20.0,0,10,0,False,False,0,DRY,NORMAL,10,0,100,False,0,DIM,CLEAR,10,100,True,False,0,SAFE,SAFE,SAFE,10,0,100,False,0,10,0,12,100,100,False,True,False,False,True,False
1.8,21.23,2505,2,12,0,22.0,30.0,18828.8,100,999.0,True,0.0,20.0,0,10,0,False,False,0,DRY,NORMAL,10,0,100,False,0,DIM,CLEAR,10,100,True,False,0,SAFE,SAFE,SAFE,10,0,100,False,0,10,0,12,100,100,False,True,False,False,True,False
1.85,22.52,2658,2,12,0,22.0,30.0,18828.8,100,999.0,True,0.0,20.0,0,10,0,False,False,0,DRY,NORMAL,10,0,100,False,0,DIM,CLEAR,10,100,True,False,0,SAFE,SAFE,SAFE,10,0,100,False,0,10,0,12,100,100,False,True,False,False,True,False
1.9,23.31,2750,2,12,0,22.0,30.0,18828.8,100,999.0,True,0.0,20.0,0,10,0,False,False,0,DRY,NORMAL,10,0,100,False,0,DIM,CLEAR,10,100,True,False,0,SAFE,SAFE,SAFE,10,0,100,False,0,10,0,12,100,100,False,True,False,False,True,False
1.95,24.45,2885,2,12,0,22.0,30.0,18828.8,100,999.0,True,0.0,20.0,0,10,0,False,False,0,DRY,NORMAL,10,0,100,False,0,DIM,CLEAR,10,100,True,False,0,SAFE,SAFE,SAFE,10,0,100,False,0,10,0,12,100,100,False,True,False,False,True,False
2.0,25.2,2973,2,12,0,22.0,30.0,18828.8,100,999.0,True,0.0,20.0,0,10,0,False,False,0,DRY,NORMAL,10,0,100,False,0,DIM,CLEAR,10,100,True,False,0,SAFE,SAFE,SAFE,10,0,100,False,0,10,0,12,100,100,False,True,False,False,True,False
2.05,26.22,3094,2,12,0,22.0,30.0,18828.8,100,999.0,True,0.0,20.0,0,10,0,False,False,0,DRY,NORMAL,10,0,100,False,0,DIM,CLEAR,10,100,True,False,0,SAFE,SAFE,SAFE,10,0,100,False,0,10,0,12,100,100,False,True,False,False,True,False
2.1,26.85,3169,2,12,0,22.0,30.0,18828.8,100,999.0,True,0.0,20.0,0,10,0,False,False,0,DRY,NORMAL,10,0,100,False,0,DIM,CLEAR,10,100,True,False,0,SAFE,SAFE,SAFE,10,0,100,False,0,10,0,12,100,100,False,True,False,False,True,False
2.15,27.86,3287,2,12,0,22.0,30.0,18828.8,100,999.0,True,0.0,20.0,0,10,0,False,False,0,DRY,NORMAL,10,0,100,False,0,DIM,CLEAR,10,100,True,False,0,SAFE,SAFE,SAFE,10,0,100,False,0,10,0,12,100,100,False,True,False,False,True,False
2.2,28.5,3363,2,12,0,22.0,30.0,18828.8,100,999.0,True,0.0,20.0,0,10,0,False,False,0,DRY,NORMAL,10,0,100,False,0,DIM,CLEAR,10,100,True,False,0,SAFE,SAFE,SAFE,10,0,100,False,0,10,0,12,100,100,False,True,False,False,True,False
2.25,29.43,3473,2,12,0,22.0,30.0,18828.8,100,999.0,True,0.0,20.0,0,10,0,False,False,0,DRY,NORMAL,10,0,100,False,0,DIM,CLEAR,10,100,True,False,0,SAFE,SAFE,SAFE,10,0,100,False,0,10,0,12,100,100,False,True,False,False,True,False
2.3,30.1,3552,2,12,0,22.0,30.0,18828.8,100,999.0,True,0.0,20.0,0,10,0,False,False,0,DRY,NORMAL,10,0,100,False,0,DIM,CLEAR,10,100,True,False,0,SAFE,SAFE,SAFE,10,0,100,False,0,10,0,12,100,100,False,True,False,False,True,False
2.35,31.03,3662,2,12,0,22.0,30.0,18828.8,100,999.0,True,0.0,20.0,0,10,0,False,False,0,DRY,NORMAL,10,0,100,False,0,DIM,CLEAR,10,100,True,False,0,SAFE,SAFE,SAFE,10,0,100,False,0,10,0,12,100,100,False,True,False,False,True,False
2.4,31.73,3744,2,12,0,22.0,30.0,18828.8,100,999.0,True,0.0,20.0,0,10,0,False,False,0,DRY,NORMAL,10,0,100,False,0,DIM,CLEAR,10,100,True,False,0,SAFE,SAFE,SAFE,10,0,100,False,0,10,0,12,100,100,False,True,False,False,True,False
2.45,32.68,3856,2,12,0,22.0,30.0,18828.8,100,999.0,True,0.0,20.0,0,10,0,False,False,0,DRY,NORMAL,10,0,100,False,0,DIM,CLEAR,10,100,True,False,0,SAFE,SAFE,SAFE,10,0,100,False,0,10,0,12,100,100,False,True,False,False,True,False
2.5,33.41,3942,2,12,0,22.0,30.0,18828.8,100,999.0,True,0.0,20.0,0,10,0,False,False,0,DRY,NORMAL,10,0,100,False,0,DIM,CLEAR,10,100,True,False,0,SAFE,SAFE,SAFE,10,0,100,False,0,10,0,12,100,100,False,True,False,False,True,False
2.55,34.37,4056,2,12,0,22.0,30.0,18828.8,100,999.0,True,0.0,20.0,0,10,0,False,False,0,DRY,NORMAL,10,0,100,False,0,DIM,CLEAR,10,100,True,False,0,SAFE,SAFE,SAFE,10,0,100,False,0,10,0,12,100,100,False,True,False,False,True,False
2.6,35.14,4146,2,12,0,22.0,30.0,18828.8,100,999.0,True,0.0,20.0,0,10,0,False,False,0,DRY,NORMAL,10,0,100,False,0,DIM,CLEAR,10,100,True,False,0,SAFE,SAFE,SAFE,10,0,100,False,0,10,0,12,100,100,False,True,False,False,True,False
2.65,36.13,4263,2,12,0,22.0,30.0,18828.8,100,999.0,True,0.0,20.0,0,10,0,False,False,0,DRY,NORMAL,10,0,100,False,0,DIM,CLEAR,10,100,True,False,0,SAFE,SAFE,SAFE,10,0,100,False,0,10,0,12,100,100,False,True,False,False,True,False
2.7,36.93,4358,2,12,0,22.0,30.0,18828.8,100,117.07,False,5.18,20.0,0,10,0,False,False,0,DRY,NORMAL,10,0,100,False,0,DIM,CLEAR,10,100,True,False,0,SAFE,SAFE,SAFE,10,0,100,False,0,10,0,12,100,100,False,True,False,False,True,False
2.75,37.95,4479,2,12,0,22.0,30.0,18828.8,100,116.8,False,5.42,20.0,0,10,0,False,False,0,DRY,NORMAL,10,0,100,False,0,DIM,CLEAR,10,100,True,False,0,SAFE,SAFE,SAFE,10,0,100,False,0,10,0,12,100,100,False,True,False,False,True,False
2.8,38.79,4577,2,12,0,22.0,30.0,18828.8,100,116.52,False,5.7,19.58,0,10,0,False,False,0,DRY,NORMAL,10,0,100,False,0,DIM,CLEAR,10,100,True,False,0,SAFE,SAFE,SAFE,10,0,100,False,0,10,0,12,100,100,False,True,False,False,True,False
2.85,39.8,4697,2,12,0,22.0,30.0,18828.8,100,116.22,False,6.05,18.39,0,10,0,False,False,0,DRY,NORMAL,10,0,100,False,0,DIM,CLEAR,10,100,True,False,0,SAFE,SAFE,SAFE,10,0,100,False,0,10,0,12,100,100,False,True,False,False,True,False
2.9,40.66,4798,2,12,0,22.0,30.0,18828.8,100,115.9,False,6.25,17.74,0,10,0,False,False,0,DRY,NORMAL,10,0,100,False,0,DIM,CLEAR,10,100,True,False,0,SAFE,SAFE,SAFE,10,0,100,False,0,10,0,12,100,100,False,True,False,False,True,False
2.95,41.67,4917,2,12,0,22.0,30.0,18828.8,100,115.58,False,6.52,16.96,0,10,0,False,False,0,DRY,NORMAL,10,0,100,False,0,DIM,CLEAR,10,100,True,False,0,SAFE,SAFE,SAFE,10,0,100,False,0,10,0,12,100,100,False,True,False,False,True,False
3.0,42.57,5024,2,12,0,22.0,30.0,20041.9,100,115.24,False,6.62,16.67,0,10,0,False,False,0,DRY,NORMAL,10,0,100,False,0,BRIGHT,CLEAR,10,100,False,False,0,SAFE,SAFE,SAFE,10,0,100,False,0,10,0,12,100,100,False,False,False,False,True,False
3.05,43.55,5139,2,12,0,22.0,30.0,20041.9,100,114.91,False,6.68,16.46,0,10,0,False,False,0,DRY,NORMAL,10,0,100,False,0,BRIGHT,CLEAR,10,100,False,False,0,SAFE,SAFE,SAFE,10,0,100,False,0,10,0,12,100,100,False,False,False,False,True,False
3.1,44.48,5249,2,12,0,22.0,30.0,20041.9,100,114.58,False,6.83,16.04,0,10,0,False,False,0,DRY,NORMAL,10,0,100,False,0,BRIGHT,CLEAR,10,100,False,False,0,SAFE,SAFE,SAFE,10,0,100,False,0,10,0,12,100,100,False,False,False,False,True,False
3.15,45.44,5362,2,12,0,22.0,30.0,20041.9,100,114.24,False,6.88,15.88,0,10,0,False,False,0,DRY,NORMAL,10,0,100,False,0,BRIGHT,CLEAR,10,100,False,False,0,SAFE,SAFE,SAFE,10,0,100,False,0,10,0,12,100,100,False,False,False,False,True,False
3.2,46.39,5474,2,12,0,22.0,30.0,20041.9,100,113.95,False,7.11,15.32,0,10,0,False,False,0,DRY,NORMAL,10,0,100,False,0,BRIGHT,CLEAR,10,100,False,False,0,SAFE,SAFE,SAFE,10,0,100,False,0,10,0,12,100,100,False,False,False,False,True,False
3.25,47.34,5587,2,12,0,22.0,30.0,20041.9,100,113.59,False,7.28,14.92,0,10,0,False,False,0,DRY,NORMAL,10,0,100,False,0,BRIGHT,CLEAR,10,100,False,False,0,SAFE,SAFE,SAFE,10,0,100,False,0,10,0,12,100,100,False,False,False,False,True,False
3.3,48.3,5700,2,12,0,22.0,30.0,20041.9,100,113.22,False,7.53,14.38,0,10,0,False,False,0,DRY,NORMAL,10,0,100,False,0,BRIGHT,CLEAR,10,100,False,False,0,SAFE,SAFE,SAFE,10,0,100,False,0,10,0,12,100,100,False,False,False,False,True,False
3.35,49.27,5814,2,12,0,22.0,30.0,20041.9,100,112.84,False,7.64,14.12,0,10,0,False,False,0,DRY,NORMAL,10,0,100,False,0,BRIGHT,CLEAR,10,100,False,False,0,SAFE,SAFE,SAFE,10,0,100,False,0,10,0,12,100,100,False,False,False,False,True,False
3.4,50.24,5929,2,12,0,22.0,30.0,20041.9,100,112.46,False,7.84,13.7,0,10,0,False,False,0,DRY,NORMAL,10,0,100,False,0,BRIGHT,CLEAR,10,100,False,False,0,SAFE,SAFE,SAFE,10,0,100,False,0,10,0,12,100,100,False,False,False,False,True,False
3.45,51.21,6044,2,12,0,22.0,30.0,20041.9,100,112.06,False,8.06,13.28,0,10,0,False,False,0,DRY,NORMAL,10,0,100,False,0,BRIGHT,CLEAR,10,100,False,False,0,SAFE,SAFE,SAFE,10,0,100,False,0,10,0,12,100,100,False,False,False,False,True,False
3.5,52.19,6159,2,12,0,22.0,30.0,20041.9,100,111.65,False,8.28,12.87,0,10,0,False,False,0,DRY,NORMAL,10,0,100,False,0,BRIGHT,CLEAR,10,100,False,False,0,SAFE,SAFE,SAFE,10,0,100,False,0,10,0,12,100,100,False,False,False,False,True,False
3.55,53.16,6274,2,12,0,22.0,30.0,20041.9,100,111.23,False,8.47,12.54,0,10,0,False,False,0,DRY,NORMAL,10,0,100,False,0,BRIGHT,CLEAR,10,100,False,False,0,SAFE,SAFE,SAFE,10,0,100,False,0,10,0,12,100,100,False,False,False,False,True,False
3.6,54.14,6389,2,12,0,22.0,30.0,20041.9,100,110.8,False,8.7,12.16,0,10,0,False,False,0,DRY,NORMAL,10,0,100,False,0,BRIGHT,CLEAR,10,100,False,False,0,SAFE,SAFE,SAFE,10,0,100,False,0,10,0,12,100,100,False,False,False,False,True,False
3.65,55.11,6504,3,12,0,22.0,30.0,20041.9,100,110.36,False,8.88,11.86,0,10,0,False,False,0,DRY,NORMAL,10,0,100,False,0,BRIGHT,CLEAR,10,100,False,False,0,SAFE,SAFE,SAFE,10,0,100,False,0,10,0,12,100,100,False,False,False,False,True,False
3.7,56.26,4574,3,12,0,22.0,30.0,20041.9,100,109.91,False,9.17,11.44,0,10,0,False,False,0,DRY,NORMAL,10,0,100,False,0,BRIGHT,CLEAR,10,100,False,False,0,SAFE,SAFE,SAFE,10,0,100,False,0,10,0,12,100,100,False,False,False,False,True,False
3.75,57.28,4657,3,12,0,22.0,30.0,20041.9,100,109.44,False,9.38,11.13,0,10,0,False,False,0,DRY,NORMAL,10,0,100,False,0,BRIGHT,CLEAR,10,100,False,False,0,SAFE,SAFE,SAFE,10,0,100,False,0,10,0,12,100,100,False,False,False,False,True,False
3.8,58.17,4729,3,12,0,22.0,30.0,20041.9,100,108.97,False,9.54,10.9,0,10,0,False,False,0,DRY,NORMAL,10,0,100,False,0,BRIGHT,CLEAR,10,100,False,False,0,SAFE,SAFE,SAFE,10,0,100,False,0,10,0,12,100,100,False,False,False,False,True,False
3.85,58.99,4796,3,12,0,22.0,30.0,20041.9,100,108.48,False,9.71,10.65,0,10,0,False,False,0,DRY,NORMAL,10,0,100,False,0,BRIGHT,CLEAR,10,100,False,False,0,SAFE,SAFE,SAFE,10,0,100,False,0,10,0,12,100,100,False,False,False,False,True,False
3.9,59.75,4858,3,12,0,22.0,30.0,20041.9,100,107.99,False,9.86,10.44,0,10,0,False,False,0,DRY,NORMAL,10,0,100,False,0,BRIGHT,CLEAR,10,100,False,False,0,SAFE,SAFE,SAFE,10,0,100,False,0,10,0,12,100,100,False,False,False,False,True,False
3.95,60.48,4917,3,12,0,22.0,30.0,20041.9,100,107.5,False,9.97,10.28,0,10,0,False,False,0,DRY,NORMAL,10,0,100,False,0,BRIGHT,CLEAR,10,100,False,False,0,SAFE,SAFE,SAFE,10,0,100,False,0,10,0,12,100,100,False,False,False,False,True,False
4.0,61.18,4974,3,12,0,22.0,30.0,20041.9,100,106.99,False,10.09,10.11,0,10,0,False,False,0,DRY,NORMAL,10,0,100,False,0,BRIGHT,CLEAR,10,100,False,False,0,SAFE,SAFE,SAFE,10,0,100,False,0,10,0,12,100,100,False,False,False,False,True,False
4.05,61.87,5030,3,12,0,22.0,30.0,20041.9,100,106.48,False,10.22,9.93,0,10,0,False,False,0,DRY,NORMAL,10,0,100,False,0,BRIGHT,CLEAR,10,100,False,False,0,SAFE,SAFE,SAFE,10,0,100,False,0,10,0,12,100,100,False,False,False,False,True,False
4.1,62.55,5085,3,12,0,22.0,30.0,20041.9,100,105.97,False,10.34,9.76,0,10,0,False,False,0,DRY,NORMAL,10,0,100,False,0,BRIGHT,CLEAR,10,100,False,False,0,SAFE,SAFE,SAFE,10,0,100,False,0,10,0,12,100,100,False,False,False,False,True,False
4.15,63.22,5140,3,12,0,22.0,30.0,20041.9,100,105.45,False,10.46,9.61,0,10,0,False,False,0,DRY,NORMAL,10,0,100,False,0,BRIGHT,CLEAR,10,100,False,False,0,SAFE,SAFE,SAFE,10,0,100,False,0,10,0,12,100,100,False,False,False,False,True,False
4.2,63.89,5194,3,12,0,22.0,30.0,20041.9,100,104.92,False,10.58,9.45,0,10,0,False,False,0,DRY,NORMAL,10,0,100,False,0,BRIGHT,CLEAR,10,100,False,False,0,SAFE,SAFE,SAFE,10,0,100,False,0,10,0,12,100,100,False,False,False,False,True,False
4.25,64.55,5248,3,12,0,22.0,30.0,20041.9,100,104.39,False,10.72,9.27,0,10,0,False,False,0,DRY,NORMAL,10,0,100,False,0,BRIGHT,CLEAR,10,100,False,False,0,SAFE,SAFE,SAFE,10,0,100,False,0,10,0,12,100,100,False,False,False,False,True,False
4.3,65.22,5302,3,12,0,22.0,30.0,20041.9,100,103.85,False,10.88,9.08,0,10,0,False,False,0,DRY,NORMAL,10,0,100,False,0,BRIGHT,CLEAR,10,100,False,False,0,SAFE,SAFE,SAFE,10,0,100,False,0,10,0,12,100,100,False,False,False,False,True,False
4.35,65.89,5357,3,12,0,22.0,30.0,20041.9,100,103.3,False,11.04,8.9,0,10,0,False,False,0,DRY,NORMAL,10,0,100,False,0,BRIGHT,CLEAR,10,100,False,False,0,SAFE,SAFE,SAFE,10,0,100,False,0,10,0,12,100,100,False,False,False,False,True,False
4.4,66.55,5411,3,12,0,22.0,30.0,20041.9,100,102.74,False,11.21,8.72,0,10,0,False,False,0,DRY,NORMAL,10,0,100,False,0,BRIGHT,CLEAR,10,100,False,False,0,SAFE,SAFE,SAFE,10,0,100,False,0,10,0,12,100,100,False,False,False,False,True,False
4.45,67.22,5465,3,12,0,22.0,30.0,20041.9,100,102.17,False,11.4,8.53,0,10,0,False,False,0,DRY,NORMAL,10,0,100,False,0,BRIGHT,CLEAR,10,100,False,False,0,SAFE,SAFE,SAFE,10,0,100,False,0,10,0,12,100,100,False,False,False,False,True,False
4.5,67.89,5519,3,12,0,22.0,30.0,21218.8,100,101.6,False,11.59,8.34,0,10,0,False,False,0,DRY,NORMAL,10,0,100,False,0,BRIGHT,CLEAR,10,100,False,False,0,SAFE,SAFE,SAFE,10,0,100,False,0,10,0,12,100,100,False,False,False,False,True,False
4.55,68.55,5574,3,12,0,22.0,30.0,21218.8,100,101.01,False,11.78,8.15,0,10,0,False,False,0,DRY,NORMAL,10,0,100,False,0,BRIGHT,CLEAR,10,100,False,False,0,SAFE,SAFE,SAFE,10,0,100,False,0,10,0,12,100,100,False,False,False,False,True,False
4.6,69.22,5628,3,12,0,22.0,30.0,21218.8,100,100.42,False,11.97,7.97,0,10,0,False,False,0,DRY,NORMAL,10,0,100,False,0,BRIGHT,CLEAR,10,100,False,False,0,SAFE,SAFE,SAFE,10,0,100,False,0,10,0,12,100,100,False,False,False,False,True,False
4.65,69.9,5683,3,12,0,22.0,30.0,21218.8,100,99.81,False,12.17,7.79,0,10,0,False,False,0,DRY,NORMAL,10,0,100,False,0,BRIGHT,CLEAR,10,100,False,False,0,SAFE,SAFE,SAFE,10,0,100,False,0,10,0,12,100,100,False,False,False,False,True,False
4.7,70.57,5737,3,12,0,22.0,30.0,21218.8,100,99.2,False,12.36,7.62,0,10,0,False,False,0,DRY,NORMAL,10,0,100,False,0,BRIGHT,CLEAR,10,100,False,False,0,SAFE,SAFE,SAFE,10,0,100,False,0,10,0,12,100,100,False,False,False,False,True,False
4.75,71.24,5792,3,12,0,22.0,30.0,21218.8,100,98.57,False,12.56,7.45,0,10,0,False,False,0,DRY,NORMAL,10,0,100,False,0,BRIGHT,CLEAR,10,100,False,False,0,SAFE,SAFE,SAFE,10,0,100,False,0,10,0,12,100,100,False,False,False,False,True,False
4.8,71.92,5847,3,12,0,22.0,30.0,21218.8,100,97.94,False,12.76,7.29,0,10,0,False,False,0,DRY,NORMAL,10,0,100,False,0,BRIGHT,CLEAR,10,100,False,False,0,SAFE,SAFE,SAFE,10,0,100,False,0,10,0,12,100,100,False,False,False,False,True,False
4.85,72.59,5902,3,12,0,22.0,30.0,21218.8,100,97.29,False,12.95,7.13,0,10,0,False,False,0,DRY,NORMAL,10,0,100,False,0,BRIGHT,CLEAR,10,100,False,False,0,SAFE,SAFE,SAFE,10,0,100,False,0,10,0,12,100,100,False,False,False,False,True,False
4.9,73.27,5957,3,12,0,22.0,30.0,21218.8,100,96.64,False,13.15,6.97,0,10,0,False,False,0,DRY,NORMAL,10,0,100,False,0,BRIGHT,CLEAR,10,100,False,False,0,SAFE,SAFE,SAFE,10,0,100,False,0,10,0,12,100,100,False,False,False,False,True,False
4.95,73.95,6012,3,12,0,22.0,30.0,21218.8,100,95.98,False,13.34,6.82,0,10,0,False,False,0,DRY,NORMAL,10,0,100,False,0,BRIGHT,CLEAR,10,100,False,False,0,SAFE,SAFE,SAFE,10,0,100,False,0,10,0,12,100,100,False,False,False,False,True,False
5.0,74.63,6067,3,12,0,22.0,30.0,21218.8,100,95.3,False,13.53,6.67,0,10,0,False,False,0,DRY,NORMAL,10,0,100,False,0,BRIGHT,CLEAR,10,100,False,False,0,SAFE,SAFE,SAFE,10,0,100,False,0,10,0,12,100,100,False,False,False,False,True,False
5.05,75.3,6123,3,12,0,22.0,30.0,21218.8,100,94.62,False,13.72,6.53,0,10,0,False,False,0,DRY,NORMAL,10,0,100,False,0,BRIGHT,CLEAR,10,100,False,False,0,SAFE,SAFE,SAFE,10,0,100,False,0,10,0,12,100,100,False,False,False,False,True,False
5.1,75.98,6178,3,12,0,22.0,30.0,21218.8,100,93.93,False,13.91,6.39,0,10,0,False,False,0,DRY,NORMAL,10,0,100,False,0,BRIGHT,CLEAR,10,100,False,False,0,SAFE,SAFE,SAFE,10,0,100,False,0,10,0,12,100,100,False,False,False,False,True,False
5.15,76.66,6233,3,12,0,22.0,30.0,21218.8,100,93.23,False,14.1,6.26,0,10,0,False,False,0,DRY,NORMAL,10,0,100,False,0,BRIGHT,CLEAR,10,100,False,False,0,SAFE,SAFE,SAFE,10,0,100,False,0,10,0,12,100,100,False,False,False,False,True,False
5.2,77.34,6288,3,12,0,22.0,30.0,21218.8,100,92.52,False,14.28,6.13,0,10,0,False,False,0,DRY,NORMAL,10,0,100,False,0,BRIGHT,CLEAR,10,100,False,False,0,SAFE,SAFE,SAFE,10,0,100,False,0,10,0,12,100,100,False,False,False,False,True,False
5.25,78.01,6343,3,12,0,22.0,30.0,21218.8,100,91.8,False,14.47,6.0,0,10,0,False,False,0,DRY,NORMAL,10,0,100,False,0,BRIGHT,CLEAR,10,100,False,False,0,SAFE,SAFE,SAFE,10,0,100,False,0,10,0,12,100,100,False,False,False,False,True,False
5.3,78.69,6398,3,12,0,22.0,30.0,21218.8,100,91.07,False,14.65,5.87,0,10,0,False,False,0,DRY,NORMAL,10,0,100,False,0,BRIGHT,CLEAR,10,100,False,False,0,SAFE,SAFE,SAFE,10,0,100,False,0,10,0,12,100,100,False,False,False,False,True,False
5.35,79.36,6452,3,12,0,22.0,30.0,21218.8,100,90.33,False,14.84,5.75,0,10,0,False,False,0,DRY,NORMAL,10,0,100,False,0,BRIGHT,CLEAR,10,100,False,False,0,SAFE,SAFE,SAFE,10,0,100,False,0,10,0,12,100,100,False,False,False,False,True,False
5.4,80.03,6507,4,12,0,22.0,30.0,21218.8,100,89.59,False,15.02,5.63,0,10,0,False,False,0,DRY,NORMAL,10,0,100,False,0,BRIGHT,CLEAR,10,100,False,False,0,SAFE,SAFE,SAFE,10,0,100,False,0,10,0,12,100,100,False,False,False,False,True,False
5.45,80.8,4574,4,12,0,22.0,30.0,21218.8,100,88.83,False,15.24,5.5,0,10,0,False,False,0,DRY,NORMAL,10,0,100,False,0,BRIGHT,CLEAR,10,100,False,False,0,SAFE,SAFE,SAFE,10,0,100,False,0,10,0,12,100,100,False,False,False,False,True,False
5.5,81.48,4612,4,12,0,22.0,30.0,21218.8,100,88.06,False,15.42,5.39,0,10,0,False,False,0,DRY,NORMAL,10,0,100,False,0,BRIGHT,CLEAR,10,100,False,False,0,SAFE,SAFE,SAFE,10,0,100,False,0,10,0,12,100,100,False,False,False,False,True,False
5.55,82.07,4645,4,12,0,22.0,30.0,21218.8,100,87.29,False,15.58,5.28,0,10,0,False,False,0,DRY,NORMAL,10,0,100,False,0,BRIGHT,CLEAR,10,100,False,False,0,SAFE,SAFE,SAFE,10,0,100,False,0,10,0,12,100,100,False,False,False,False,True,False
5.6,82.59,4675,4,12,0,22.0,30.0,21218.8,100,86.5,False,15.73,5.18,0,10,0,False,False,0,DRY,NORMAL,10,0,100,False,0,BRIGHT,CLEAR,10,100,False,False,0,SAFE,SAFE,SAFE,10,0,100,False,0,10,0,12,100,100,False,False,False,False,True,False
5.65,83.08,4703,4,12,0,22.0,30.0,21218.8,100,85.71,False,15.86,5.09,0,10,0,False,False,0,DRY,NORMAL,10,0,100,False,0,BRIGHT,CLEAR,10,100,False,False,0,SAFE,SAFE,SAFE,10,0,100,False,0,10,0,12,100,100,False,False,False,False,True,False
5.7,83.54,4729,4,12,0,22.0,30.0,21218.8,100,84.91,False,15.99,5.0,0,10,0,False,False,0,DRY,NORMAL,10,0,100,False,0,BRIGHT,CLEAR,10,100,False,False,0,SAFE,SAFE,SAFE,10,0,100,False,0,10,0,12,100,100,False,False,False,False,True,False
5.75,83.99,4754,4,12,0,22.0,30.0,21218.8,100,84.11,False,16.11,4.91,0,10,0,False,False,0,DRY,NORMAL,10,0,100,False,0,BRIGHT,CLEAR,10,100,False,False,0,SAFE,SAFE,SAFE,10,0,100,False,0,10,0,12,100,100,False,False,False,False,True,False
5.8,84.42,4778,4,12,0,22.0,30.0,21218.8,100,83.3,False,16.23,4.82,0,10,0,False,False,0,DRY,NORMAL,10,0,100,False,0,BRIGHT,CLEAR,10,100,False,False,0,SAFE,SAFE,SAFE,10,0,100,False,0,10,0,12,100,100,False,False,False,False,True,False
5.85,84.84,4802,4,12,0,22.0,30.0,21218.8,100,82.49,False,16.35,4.74,0,10,0,False,False,0,DRY,NORMAL,10,0,100,False,0,BRIGHT,CLEAR,10,100,False,False,0,SAFE,SAFE,SAFE,10,0,100,False,0,10,0,12,100,100,False,False,False,False,True,False
5.9,85.26,4826,4,12,0,22.0,30.0,21218.8,100,81.66,False,16.47,4.66,0,10,0,False,False,0,DRY,NORMAL,10,0,100,False,0,BRIGHT,CLEAR,10,100,False,False,0,SAFE,SAFE,SAFE,10,0,100,False,0,10,0,12,100,100,False,False,False,False,True,False
5.95,85.67,4849,4,12,0,22.0,30.0,21218.8,100,80.84,False,16.58,4.57,0,10,0,False,False,0,DRY,NORMAL,10,0,100,False,0,BRIGHT,CLEAR,10,100,False,False,0,SAFE,SAFE,SAFE,10,0,100,False,0,10,0,12,100,100,False,False,False,False,True,False
6.0,86.09,4873,4,12,0,22.0,30.0,22368.7,100,80.0,False,16.7,4.49,0,10,0,False,False,0,DRY,NORMAL,10,0,100,False,0,BRIGHT,CLEAR,10,100,False,False,0,SAFE,SAFE,SAFE,10,0,100,False,0,10,0,12,100,100,False,False,False,False,True,False
6.05,86.5,4896,4,12,0,22.0,30.0,22368.7,100,79.17,False,16.81,4.41,0,10,0,False,False,0,DRY,NORMAL,10,0,100,False,0,BRIGHT,CLEAR,10,100,False,False,0,SAFE,SAFE,SAFE,10,0,100,False,0,10,0,12,100,100,False,False,False,False,True,False
6.1,86.91,4919,4,12,0,22.0,30.0,22368.7,100,78.32,False,16.93,4.33,0,10,0,False,False,0,DRY,NORMAL,10,0,100,False,0,BRIGHT,CLEAR,10,100,False,False,0,SAFE,SAFE,SAFE,10,0,100,False,0,10,0,12,100,100,False,False,False,False,True,False
6.15,87.32,4943,4,12,0,22.0,30.0,22368.7,100,77.47,False,17.04,4.25,0,10,0,False,False,0,DRY,NORMAL,10,0,100,False,0,BRIGHT,CLEAR,10,100,False,False,0,SAFE,SAFE,SAFE,10,0,100,False,0,10,0,12,100,100,False,False,False,False,True,False
6.2,87.74,4966,4,12,0,22.0,30.0,22368.7,100,76.62,False,17.16,4.17,0,10,0,False,False,0,DRY,NORMAL,10,0,100,False,0,BRIGHT,CLEAR,10,100,False,False,0,SAFE,SAFE,SAFE,10,0,100,False,0,10,0,12,100,100,False,False,False,False,True,False
6.25,88.15,4990,4,12,0,22.0,30.0,22368.7,100,75.76,False,17.28,4.1,0,10,0,False,False,0,DRY,NORMAL,10,0,100,False,0,BRIGHT,CLEAR,10,100,False,False,0,SAFE,SAFE,SAFE,10,0,100,False,0,10,0,12,100,100,False,False,False,False,True,False
6.3,88.57,5013,4,12,0,22.0,30.0,22368.7,100,74.89,False,17.39,4.02,0,10,0,False,False,0,DRY,NORMAL,10,0,100,False,0,BRIGHT,CLEAR,10,100,False,False,0,SAFE,SAFE,SAFE,10,0,100,False,0,10,0,12,100,100,False,False,False,False,True,False
6.35,88.99,5037,4,12,0,22.0,30.0,22368.7,100,74.02,False,17.51,3.94,0,0,0,False,False,0,DRY,NORMAL,10,0,100,False,0,BRIGHT,CLEAR,10,100,False,False,0,SAFE,SAFE,SAFE,10,0,100,False,0,0,0,12,100,100,False,False,False,False,True,False
6.4,89.34,5057,4,12,0,22.0,30.0,22368.7,100,73.14,False,17.6,3.87,0,0,0,False,False,0,DRY,NORMAL,10,0,100,False,0,BRIGHT,CLEAR,10,100,False,False,0,SAFE,SAFE,SAFE,10,0,100,False,0,0,0,12,100,100,False,False,False,False,True,False
6.45,89.53,5068,4,12,0,22.0,30.0,22368.7,100,72.26,False,17.66,3.81,0,0,0,False,False,0,DRY,NORMAL,10,0,100,False,0,BRIGHT,CLEAR,10,100,False,False,0,SAFE,SAFE,SAFE,10,0,100,False,0,0,0,12,100,100,False,False,False,False,True,False
6.5,89.54,5068,4,12,0,22.0,30.0,22368.7,100,71.37,False,17.66,3.76,0,0,0,False,False,0,DRY,NORMAL,10,0,100,False,0,BRIGHT,CLEAR,10,100,False,False,0,SAFE,SAFE,SAFE,10,0,100,False,0,0,0,12,100,100,False,False,False,False,True,False
6.55,89.44,5062,4,12,0,22.0,30.0,22368.7,100,70.49,False,17.63,3.71,0,0,0,False,False,0,DRY,NORMAL,10,0,100,False,0,BRIGHT,CLEAR,10,100,False,False,0,SAFE,SAFE,SAFE,10,0,100,False,0,0,0,12,100,100,False,False,False,False,True,False
6.6,89.26,5052,4,12,0,22.0,30.0,22368.7,100,69.61,False,17.58,3.68,0,0,0,False,False,0,DRY,NORMAL,10,0,100,False,0,BRIGHT,CLEAR,10,100,False,False,0,SAFE,SAFE,SAFE,10,0,100,False,0,0,0,12,100,100,False,False,False,False,True,False
6.65,89.04,5040,4,12,0,22.0,30.0,22368.7,100,68.73,False,17.52,3.64,0,0,0,False,False,0,DRY,NORMAL,10,0,100,False,0,BRIGHT,CLEAR,10,100,False,False,0,SAFE,SAFE,SAFE,10,0,100,False,0,0,0,12,100,100,False,False,False,False,True,False
6.7,88.8,5026,4,12,0,22.0,30.0,22368.7,100,67.86,False,17.45,3.6,0,0,0,False,False,0,DRY,NORMAL,10,0,100,False,0,BRIGHT,CLEAR,10,100,False,False,0,SAFE,SAFE,SAFE,10,0,100,False,0,0,0,12,100,100,False,False,False,False,True,False
6.75,88.55,5012,4,12,0,22.0,30.0,22368.7,100,66.99,False,17.38,3.57,0,0,0,False,False,0,DRY,NORMAL,10,0,100,False,0,BRIGHT,CLEAR,10,100,False,False,0,SAFE,SAFE,SAFE,10,0,100,False,0,0,0,12,100,100,False,False,False,False,True,False
6.8,88.3,4998,4,12,0,22.0,30.0,22368.7,100,66.12,False,17.31,3.53,0,0,0,False,False,0,DRY,NORMAL,10,0,100,False,0,BRIGHT,CLEAR,10,100,False,False,0,SAFE,SAFE,SAFE,10,0,100,False,0,0,0,12,100,100,False,False,False,False,True,False
6.85,88.04,4983,4,12,0,22.0,30.0,22368.7,100,65.26,False,17.22,3.5,0,0,0,False,False,0,DRY,NORMAL,10,0,100,False,0,BRIGHT,CLEAR,10,100,False,False,0,SAFE,SAFE,SAFE,10,0,100,False,0,0,0,12,100,100,False,False,False,False,True,False
6.9,87.78,4968,4,12,0,22.0,30.0,22368.7,100,64.4,False,17.12,3.47,0,0,0,False,False,0,DRY,NORMAL,10,0,100,False,0,BRIGHT,CLEAR,10,100,False,False,0,SAFE,SAFE,SAFE,10,0,100,False,0,0,0,12,100,100,False,False,False,False,True,False
6.95,87.52,4954,4,12,0,22.0,30.0,22368.7,100,63.55,False,17.01,3.44,0,0,0,False,False,0,DRY,NORMAL,10,0,100,False,0,BRIGHT,CLEAR,10,100,False,False,0,SAFE,SAFE,SAFE,10,0,100,False,0,0,0,12,100,100,False,False,False,False,True,False
7.0,87.26,4939,4,12,0,22.0,30.0,22368.7,100,62.71,False,16.89,3.42,0,0,0,False,False,0,DRY,NORMAL,10,0,100,False,0,BRIGHT,CLEAR,10,100,False,False,0,SAFE,SAFE,SAFE,10,0,100,False,0,0,0,12,100,100,False,False,False,False,True,False
7.05,87.0,4925,4,12,0,22.0,30.0,22368.7,100,61.86,False,16.76,3.39,0,0,0,False,False,0,DRY,NORMAL,10,0,100,False,0,BRIGHT,CLEAR,10,100,False,False,0,SAFE,SAFE,SAFE,10,0,100,False,0,0,0,12,100,100,False,False,False,False,True,False
7.1,86.75,4910,4,12,0,22.0,30.0,22368.7,100,61.03,False,16.63,3.37,0,0,0,False,False,0,DRY,NORMAL,10,0,100,False,0,BRIGHT,CLEAR,10,100,False,False,0,SAFE,SAFE,SAFE,10,0,100,False,0,0,0,12,100,100,False,False,False,False,True,False
7.15,86.49,4896,4,12,0,22.0,30.0,22368.7,100,60.2,False,16.5,3.35,0,0,0,False,False,0,DRY,NORMAL,10,0,100,False,0,BRIGHT,CLEAR,10,100,False,False,0,SAFE,SAFE,SAFE,10,0,100,False,0,0,0,12,100,100,False,False,False,False,True,False
7.2,86.24,4881,4,12,0,22.0,30.0,22368.7,100,59.38,False,16.37,3.32,0,0,0,False,False,0,DRY,NORMAL,10,0,100,False,0,BRIGHT,CLEAR,10,100,False,False,0,SAFE,SAFE,SAFE,10,0,100,False,0,0,0,12,100,100,False,False,False,False,True,False
7.25,85.98,4867,4,12,0,22.0,30.0,22368.7,100,58.57,False,16.23,3.3,0,0,0,False,False,0,DRY,NORMAL,10,0,100,False,0,BRIGHT,CLEAR,10,100,False,False,0,SAFE,SAFE,SAFE,10,0,100,False,0,0,0,12,100,100,False,False,False,False,True,False
7.3,85.73,4853,4,12,0,22.0,30.0,22368.7,100,57.76,False,16.09,3.28,0,0,0,False,False,0,DRY,NORMAL,10,0,100,False,0,BRIGHT,CLEAR,10,100,False,False,0,SAFE,SAFE,SAFE,10,0,100,False,0,0,0,12,100,100,False,False,False,False,True,False
7.35,85.48,4838,4,12,0,22.0,30.0,22368.7,100,56.96,False,15.96,3.26,0,0,0,False,False,0,DRY,NORMAL,10,0,100,False,0,BRIGHT,CLEAR,10,100,False,False,0,SAFE,SAFE,SAFE,10,0,100,False,0,0,0,12,100,100,False,False,False,False,True,False
7.4,85.23,4824,4,12,0,22.0,30.0,22368.7,100,56.17,False,15.82,3.23,0,0,0,False,False,0,DRY,NORMAL,10,0,100,False,0,BRIGHT,CLEAR,10,100,False,False,0,SAFE,SAFE,SAFE,10,0,100,False,0,0,0,12,100,100,False,False,False,False,True,False
7.45,84.98,4810,4,12,0,22.0,30.0,22368.7,100,55.39,False,15.68,3.21,0,0,0,False,False,0,DRY,NORMAL,10,0,100,False,0,BRIGHT,CLEAR,10,100,False,False,0,SAFE,SAFE,SAFE,10,0,100,False,0,0,0,12,100,100,False,False,False,False,True,False
7.5,84.73,4796,4,12,0,22.0,30.0,23492.3,100,54.61,False,15.54,3.19,0,0,0,False,False,0,DRY,NORMAL,10,0,100,False,0,BRIGHT,CLEAR,10,100,False,False,0,SAFE,SAFE,SAFE,10,0,100,False,0,0,0,12,100,100,False,False,False,False,True,False
7.55,84.48,4782,4,12,0,22.0,30.0,23492.3,100,53.83,False,15.41,3.17,0,0,0,False,False,0,DRY,NORMAL,10,0,100,False,0,BRIGHT,CLEAR,10,100,False,False,0,SAFE,SAFE,SAFE,10,0,100,False,0,0,0,12,100,100,False,False,False,False,True,False
7.6,84.23,4768,4,12,0,22.0,30.0,23492.3,100,53.07,False,15.27,3.15,0,0,0,False,False,0,DRY,NORMAL,10,0,100,False,0,BRIGHT,CLEAR,10,100,False,False,0,SAFE,SAFE,SAFE,10,0,100,False,0,0,0,12,100,100,False,False,False,False,True,False
7.65,83.99,4754,4,12,0,22.0,30.0,23492.3,100,52.31,False,15.13,3.13,0,0,0,False,False,0,DRY,NORMAL,10,0,100,False,0,BRIGHT,CLEAR,10,100,False,False,0,SAFE,SAFE,SAFE,10,0,100,False,0,0,0,12,100,100,False,False,False,False,True,False
7.7,83.74,4740,4,12,0,22.0,30.0,23492.3,100,51.56,False,14.99,3.1,0,0,0,False,False,0,DRY,NORMAL,10,0,100,False,0,BRIGHT,CLEAR,10,100,False,False,0,SAFE,SAFE,SAFE,10,0,100,False,0,0,0,12,100,100,False,False,False,False,True,False
7.75,83.49,4726,4,12,0,22.0,30.0,23492.3,100,50.81,False,14.86,3.08,0,0,0,False,False,0,DRY,NORMAL,10,0,100,False,0,BRIGHT,CLEAR,10,100,False,False,0,SAFE,SAFE,SAFE,10,0,100,False,0,0,0,12,100,100,False,False,False,False,True,False
7.8,83.25,4712,4,12,0,22.0,30.0,23492.3,100,50.07,False,14.72,3.06,0,0,0,False,False,0,DRY,NORMAL,10,0,100,False,0,BRIGHT,CLEAR,10,100,False,False,0,SAFE,SAFE,SAFE,10,0,100,False,0,0,0,12,100,100,False,False,False,False,True,False
7.85,83.0,4698,4,12,0,22.0,30.0,23492.3,100,49.34,False,14.59,3.04,0,0,0,False,False,0,DRY,NORMAL,10,0,100,False,0,BRIGHT,CLEAR,10,100,False,False,0,SAFE,SAFE,SAFE,10,0,100,False,0,0,0,12,100,100,False,False,False,False,True,False
7.9,82.76,4684,4,12,0,22.0,30.0,23492.3,100,48.61,False,14.45,3.02,0,0,0,False,False,0,DRY,NORMAL,10,0,100,False,0,BRIGHT,CLEAR,10,100,False,False,0,SAFE,SAFE,SAFE,10,0,100,False,0,0,0,12,100,100,False,False,False,False,True,False
7.95,82.52,4671,4,12,0,22.0,30.0,23492.3,100,47.89,False,14.32,3.0,1,0,4,False,False,0,DRY,NORMAL,10,0,100,False,0,BRIGHT,CLEAR,10,100,False,False,0,SAFE,SAFE,SAFE,10,0,100,False,1,0,4,12,100,100,False,False,False,False,True,False
8.0,82.14,4649,4,12,0,22.0,30.0,23492.3,100,47.18,False,14.14,2.98,1,0,4,False,False,0,DRY,NORMAL,10,0,100,False,0,BRIGHT,CLEAR,10,100,False,False,0,SAFE,SAFE,SAFE,10,0,100,False,1,0,4,12,100,100,False,False,False,False,True,False
8.05,81.55,4616,4,12,0,22.0,30.0,23492.3,100,46.48,False,13.91,2.98,1,0,4,False,False,0,DRY,NORMAL,10,0,100,False,0,BRIGHT,CLEAR,10,100,False,False,0,SAFE,SAFE,SAFE,10,0,100,False,1,0,4,12,100,100,False,False,False,False,True,False
8.1,80.96,4582,4,12,0,22.0,30.0,23492.3,100,45.79,False,13.68,2.98,1,0,4,False,False,0,DRY,NORMAL,10,0,100,False,0,BRIGHT,CLEAR,10,100,False,False,0,SAFE,SAFE,SAFE,10,0,100,False,1,0,4,12,100,100,False,False,False,False,True,False
8.15,80.36,4549,4,12,0,22.0,30.0,23492.3,100,45.12,False,13.45,2.98,1,0,4,False,False,0,DRY,NORMAL,10,0,100,False,0,BRIGHT,CLEAR,10,100,False,False,0,SAFE,SAFE,SAFE,10,0,100,False,1,0,4,12,100,100,False,False,False,False,True,False
8.2,79.77,4515,4,12,0,22.0,30.0,23492.3,100,44.45,False,13.22,2.99,1,0,3,False,False,0,DRY,NORMAL,10,0,100,False,0,BRIGHT,CLEAR,10,100,False,False,0,SAFE,SAFE,SAFE,10,0,100,False,1,0,3,12,100,100,False,False,False,False,True,False
8.25,79.26,4486,4,12,0,22.0,30.0,23492.3,100,43.8,False,13.01,2.98,1,0,3,False,False,0,DRY,NORMAL,10,0,100,False,0,BRIGHT,CLEAR,10,100,False,False,0,SAFE,SAFE,SAFE,10,0,100,False,1,0,3,12,100,100,False,False,False,False,True,False
8.3,78.77,4459,4,12,0,22.0,30.0,23492.3,100,43.15,False,12.81,2.98,1,0,3,False,False,0,DRY,NORMAL,10,0,100,False,0,BRIGHT,CLEAR,10,100,False,False,0,SAFE,SAFE,SAFE,10,0,100,False,1,0,3,12,100,100,False,False,False,False,True,False
8.35,78.29,4431,4,12,0,22.0,30.0,23492.3,100,42.52,False,12.61,2.98,1,0,3,False,False,0,DRY,NORMAL,10,0,100,False,0,BRIGHT,CLEAR,10,100,False,False,0,SAFE,SAFE,SAFE,10,0,100,False,1,0,3,12,100,100,False,False,False,False,True,False
8.4,77.8,4404,4,12,0,22.0,30.0,23492.3,100,41.9,False,12.41,2.97,1,0,3,False,False,0,DRY,NORMAL,10,0,100,False,0,BRIGHT,CLEAR,10,100,False,False,0,SAFE,SAFE,SAFE,10,0,100,False,1,0,3,12,100,100,False,False,False,False,True,False
8.45,77.32,4376,4,12,0,22.0,30.0,23492.3,100,41.28,False,12.25,2.96,1,0,3,False,False,0,DRY,NORMAL,10,0,100,False,0,BRIGHT,CLEAR,10,100,False,False,0,SAFE,SAFE,SAFE,10,0,100,False,1,0,3,12,100,100,False,False,False,False,True,False
8.5,76.84,4349,4,12,0,22.0,30.0,23492.3,100,40.67,False,12.1,2.95,1,0,3,False,False,0,DRY,NORMAL,10,0,100,False,0,BRIGHT,CLEAR,10,100,False,False,0,SAFE,SAFE,SAFE,10,0,100,False,1,0,3,12,100,100,False,False,False,False,True,False
8.55,76.36,4322,4,12,0,22.0,30.0,23492.3,100,40.07,False,11.89,2.95,1,0,3,False,False,0,DRY,NORMAL,10,0,100,False,0,BRIGHT,CLEAR,10,100,False,False,0,SAFE,SAFE,SAFE,10,0,100,False,1,0,3,12,100,100,False,False,False,False,True,False
8.6,75.88,4295,4,12,0,22.0,30.0,23492.3,100,39.49,False,11.63,2.96,1,0,3,False,False,0,DRY,NORMAL,10,0,100,False,0,BRIGHT,CLEAR,10,100,False,False,0,SAFE,SAFE,SAFE,10,0,100,False,1,0,3,12,100,100,False,False,False,False,True,False
8.65,75.4,4268,4,12,0,22.0,30.0,23492.3,100,38.91,False,11.41,2.97,1,0,3,False,False,0,DRY,NORMAL,10,0,100,False,0,BRIGHT,CLEAR,10,100,False,False,0,SAFE,SAFE,SAFE,10,0,100,False,1,0,3,12,100,100,False,False,False,False,True,False
8.7,74.92,4241,4,12,0,22.0,30.0,23492.3,100,38.35,False,11.19,2.98,1,0,3,False,False,0,DRY,NORMAL,10,0,100,False,0,BRIGHT,CLEAR,10,100,False,False,0,SAFE,SAFE,SAFE,10,0,100,False,1,0,3,12,100,100,False,False,False,False,True,False
8.75,74.45,4214,4,12,0,22.0,30.0,23492.3,100,37.79,False,10.99,2.98,1,0,3,False,False,0,DRY,NORMAL,10,0,100,False,0,BRIGHT,CLEAR,10,100,False,False,0,SAFE,SAFE,SAFE,10,0,100,False,1,0,3,12,100,100,False,False,False,False,True,False
8.8,73.98,4187,4,12,0,22.0,30.0,23492.3,100,37.25,False,10.79,2.99,1,0,3,False,False,0,DRY,NORMAL,10,0,100,False,0,BRIGHT,CLEAR,10,100,False,False,0,SAFE,SAFE,SAFE,10,0,100,False,1,0,3,12,100,100,False,False,False,False,True,False
8.85,73.5,4160,4,12,0,22.0,30.0,23492.3,100,36.72,False,10.6,2.99,1,0,3,False,False,0,DRY,NORMAL,10,0,100,False,0,BRIGHT,CLEAR,10,100,False,False,0,SAFE,SAFE,SAFE,10,0,100,False,1,0,3,12,100,100,False,False,False,False,True,False
8.9,73.03,4134,4,12,0,22.0,30.0,23492.3,100,36.19,False,10.4,3.0,1,0,3,False,False,0,DRY,NORMAL,10,0,100,False,0,BRIGHT,CLEAR,10,100,False,False,0,SAFE,SAFE,SAFE,10,0,100,False,1,0,3,12,100,100,False,False,False,False,True,False
8.95,72.56,4107,4,12,0,22.0,30.0,23492.3,100,35.68,False,10.21,3.0,0,0,0,False,False,0,DRY,NORMAL,10,0,100,False,0,BRIGHT,CLEAR,10,100,False,False,0,SAFE,SAFE,SAFE,10,0,100,False,0,0,0,12,100,100,False,False,False,False,True,False
9.0,72.27,4090,4,12,0,22.0,30.0,24577.8,100,35.17,False,10.07,2.99,1,0,3,False,False,0,DRY,NORMAL,10,0,100,False,0,BRIGHT,CLEAR,10,100,False,False,0,SAFE,SAFE,SAFE,10,0,100,False,1,0,3,12,100,100,False,False,False,False,True,False
9.05,71.91,4070,4,12,0,22.0,30.0,24577.8,100,34.67,False,9.92,2.99,1,0,3,False,False,0,DRY,NORMAL,10,0,100,False,0,BRIGHT,CLEAR,10,100,False,False,0,SAFE,SAFE,SAFE,10,0,100,False,1,0,3,12,100,100,False,False,False,False,True,False
9.1,71.45,4044,4,12,0,22.0,30.0,24577.8,100,34.18,False,9.73,3.0,1,0,3,False,False,0,DRY,NORMAL,10,0,100,False,0,BRIGHT,CLEAR,10,100,False,False,0,SAFE,SAFE,SAFE,10,0,100,False,1,0,3,12,100,100,False,False,False,False,True,False
9.15,70.98,4018,4,12,0,22.0,30.0,24577.8,100,33.7,False,9.55,3.01,0,0,0,False,False,0,DRY,NORMAL,10,0,100,False,0,BRIGHT,CLEAR,10,100,False,False,0,SAFE,SAFE,SAFE,10,0,100,False,0,0,0,12,100,100,False,False,False,False,True,False
9.2,70.7,4001,4,12,0,22.0,30.0,24577.8,100,33.23,False,9.41,3.0,1,0,3,False,False,0,DRY,NORMAL,10,0,100,False,0,BRIGHT,CLEAR,10,100,False,False,0,SAFE,SAFE,SAFE,10,0,100,False,1,0,3,12,100,100,False,False,False,False,True,False
9.25,70.34,3982,4,12,0,22.0,30.0,24577.8,100,32.76,False,9.26,3.0,1,0,3,False,False,0,DRY,NORMAL,10,0,100,False,0,BRIGHT,CLEAR,10,100,False,False,0,SAFE,SAFE,SAFE,10,0,100,False,1,0,3,12,100,100,False,False,False,False,True,False
9.3,69.88,3955,4,12,0,22.0,30.0,24577.8,100,32.31,False,9.07,3.01,0,0,0,False,False,0,DRY,NORMAL,10,0,100,False,0,BRIGHT,CLEAR,10,100,False,False,0,SAFE,SAFE,SAFE,10,0,100,False,0,0,0,12,100,100,False,False,False,False,True,False
9.35,69.6,3939,4,12,0,22.0,30.0,24577.8,100,31.86,False,8.94,3.01,0,0,0,False,False,0,DRY,NORMAL,10,0,100,False,0,BRIGHT,CLEAR,10,100,False,False,0,SAFE,SAFE,SAFE,10,0,100,False,0,0,0,12,100,100,False,False,False,False,True,False
9.4,69.39,3928,4,12,0,22.0,30.0,24577.8,100,31.41,False,8.82,2.99,1,0,3,True,False,0,DRY,NORMAL,10,0,100,False,0,BRIGHT,CLEAR,10,100,False,False,0,SAFE,SAFE,SAFE,10,0,100,False,1,0,3,12,100,100,True,False,False,False,True,False
9.45,69.04,3908,4,12,0,22.0,30.0,24577.8,100,30.98,False,8.67,3.0,1,0,3,True,False,0,DRY,NORMAL,10,0,100,False,0,BRIGHT,CLEAR,10,100,False,False,0,SAFE,SAFE,SAFE,10,0,100,False,1,0,3,12,100,100,True,False,False,False,True,False
9.5,68.59,3882,4,12,0,22.0,30.0,24577.8,100,30.55,False,8.49,3.01,0,0,0,False,False,0,DRY,NORMAL,10,0,100,False,0,BRIGHT,CLEAR,10,100,False,False,0,SAFE,SAFE,SAFE,10,0,100,False,0,0,0,12,100,100,False,False,False,False,True,False
9.55,68.31,3866,4,12,0,22.0,30.0,24577.8,100,30.13,False,8.35,3.01,0,0,0,False,False,0,DRY,NORMAL,10,0,100,False,0,BRIGHT,CLEAR,10,100,False,False,0,SAFE,SAFE,SAFE,10,0,100,False,0,0,0,12,100,100,False,False,False,False,True,False
9.6,68.1,3855,4,12,0,22.0,30.0,24577.8,100,29.73,False,8.24,3.0,0,0,0,False,False,0,DRY,NORMAL,10,0,100,False,0,BRIGHT,CLEAR,10,100,False,False,0,SAFE,SAFE,SAFE,10,0,100,False,0,0,0,12,100,100,False,False,False,False,True,False
9.65,67.9,3843,4,12,0,22.0,30.0,24577.8,100,29.32,False,8.13,2.99,1,0,3,True,False,0,DRY,NORMAL,10,0,100,False,0,BRIGHT,CLEAR,10,100,False,False,0,SAFE,SAFE,SAFE,10,0,100,False,1,0,3,12,100,100,True,False,False,False,True,False
9.7,67.56,3824,4,12,0,22.0,30.0,24577.8,100,28.92,False,7.98,3.0,1,0,3,True,False,0,DRY,NORMAL,10,0,100,False,0,BRIGHT,CLEAR,10,100,False,False,0,SAFE,SAFE,SAFE,10,0,100,False,1,0,3,12,100,100,True,False,False,False,True,False
9.75,67.11,3798,4,12,0,22.0,30.0,24577.8,100,28.52,False,7.8,3.02,0,0,0,False,False,0,DRY,NORMAL,10,0,100,False,0,BRIGHT,CLEAR,10,100,False,False,0,SAFE,SAFE,SAFE,10,0,100,False,0,0,0,12,100,100,False,False,False,False,True,False
9.8,66.84,3783,4,12,0,22.0,30.0,24577.8,100,28.14,False,7.66,3.02,0,0,0,False,False,0,DRY,NORMAL,10,0,100,False,0,BRIGHT,CLEAR,10,100,False,False,0,SAFE,SAFE,SAFE,10,0,100,False,0,0,0,12,100,100,False,False,False,False,True,False
9.85,66.64,3772,4,12,0,22.0,30.0,24577.8,100,27.76,False,7.55,3.01,0,0,0,False,False,0,DRY,NORMAL,10,0,100,False,0,BRIGHT,CLEAR,10,100,False,False,0,SAFE,SAFE,SAFE,10,0,100,False,0,0,0,12,100,100,False,False,False,False,True,False
9.9,66.44,3760,4,12,0,22.0,30.0,24577.8,100,27.38,False,7.44,3.01,0,0,0,False,False,0,DRY,NORMAL,10,0,100,False,0,BRIGHT,CLEAR,10,100,False,False,0,SAFE,SAFE,SAFE,10,0,100,False,0,0,0,12,100,100,False,False,False,False,True,False
9.95,66.24,3749,4,12,0,22.0,30.0,24577.8,100,27.01,False,7.33,3.0,0,0,0,False,False,0,DRY,NORMAL,10,0,100,False,0,BRIGHT,CLEAR,10,100,False,False,0,SAFE,SAFE,SAFE,10,0,100,False,0,0,0,12,100,100,False,False,False,False,True,False
10.0,66.05,3738,4,12,0,22.0,30.0,24577.8,100,26.65,False,7.22,3.0,1,0,3,True,False,0,DRY,NORMAL,10,0,100,False,0,BRIGHT,CLEAR,10,100,False,False,0,SAFE,SAFE,SAFE,10,0,100,False,1,0,3,12,100,100,True,False,False,False,True,False
10.05,65.71,3719,4,12,0,22.0,30.0,24577.8,100,26.29,False,7.07,3.01,0,0,0,False,False,0,DRY,NORMAL,10,0,100,False,0,BRIGHT,CLEAR,10,100,False,False,0,SAFE,SAFE,SAFE,10,0,100,False,0,0,0,12,100,100,False,False,False,False,True,False
10.1,65.45,3704,4,12,0,22.0,30.0,24577.8,100,25.95,False,6.94,3.02,0,0,0,False,False,0,DRY,NORMAL,10,0,100,False,0,BRIGHT,CLEAR,10,100,False,False,0,SAFE,SAFE,SAFE,10,0,100,False,0,0,0,12,100,100,False,False,False,False,True,False
10.15,65.25,3693,4,12,0,22.0,30.0,24577.8,100,25.6,False,6.84,3.01,0,0,0,False,False,0,DRY,NORMAL,10,0,100,False,0,BRIGHT,CLEAR,10,100,False,False,0,SAFE,SAFE,SAFE,10,0,100,False,0,0,0,12,100,100,False,False,False,False,True,False
10.2,65.06,3682,4,12,0,22.0,30.0,24577.8,100,25.26,False,6.73,3.01,0,0,0,False,False,0,DRY,NORMAL,10,0,100,False,0,BRIGHT,CLEAR,10,100,False,False,0,SAFE,SAFE,SAFE,10,0,100,False,0,0,0,12,100,100,False,False,False,False,True,False
10.25,64.87,3672,4,12,0,22.0,30.0,24577.8,100,24.93,False,6.62,3.01,0,0,0,False,False,0,DRY,NORMAL,10,0,100,False,0,BRIGHT,CLEAR,10,100,False,False,0,SAFE,SAFE,SAFE,10,0,100,False,0,0,0,12,100,100,False,False,False,False,True,False
10.3,64.68,3661,4,12,0,22.0,30.0,24577.8,100,24.6,False,6.51,3.01,0,0,0,False,False,0,DRY,NORMAL,10,0,100,False,0,BRIGHT,CLEAR,10,100,False,False,0,SAFE,SAFE,SAFE,10,0,100,False,0,0,0,12,100,100,False,False,False,False,True,False
10.35,64.49,3650,4,12,0,22.0,30.0,24577.8,100,24.28,False,6.4,3.01,0,0,0,False,False,0,DRY,NORMAL,10,0,100,False,0,BRIGHT,CLEAR,10,100,False,False,0,SAFE,SAFE,SAFE,10,0,100,False,0,0,0,12,100,100,False,False,False,False,True,False
10.4,64.3,3639,4,12,0,22.0,30.0,24577.8,100,23.96,False,6.3,3.01,0,0,0,False,False,0,DRY,NORMAL,10,0,100,False,0,BRIGHT,CLEAR,10,100,False,False,0,SAFE,SAFE,SAFE,10,0,100,False,0,0,0,12,100,100,False,False,False,False,True,False
10.45,64.11,3628,4,12,0,22.0,30.0,24577.8,100,23.65,False,6.19,3.01,0,0,0,False,False,0,DRY,NORMAL,10,0,100,False,0,BRIGHT,CLEAR,10,100,False,False,0,SAFE,SAFE,SAFE,10,0,100,False,0,0,0,12,100,100,False,False,False,False,True,False
10.5,63.92,3618,4,12,0,22.0,30.0,25617.6,100,23.35,False,6.08,3.02,0,0,0,False,False,0,DRY,NORMAL,10,0,100,False,0,BRIGHT,CLEAR,10,100,False,False,0,SAFE,SAFE,SAFE,10,0,100,False,0,0,0,12,100,100,False,False,False,False,True,False
10.55,63.73,3607,4,12,0,22.0,30.0,25617.6,100,23.05,False,5.97,3.02,0,0,0,False,False,0,DRY,NORMAL,10,0,100,False,0,BRIGHT,CLEAR,10,100,False,False,0,SAFE,SAFE,SAFE,10,0,100,False,0,0,0,12,100,100,False,False,False,False,True,False
10.6,63.54,3596,4,12,0,22.0,30.0,25617.6,100,22.75,False,5.86,3.03,0,0,0,False,False,0,DRY,NORMAL,10,0,100,False,0,BRIGHT,CLEAR,10,100,False,False,0,SAFE,SAFE,SAFE,10,0,100,False,0,0,0,12,100,100,False,False,False,False,True,False
10.65,63.35,3586,4,12,0,22.0,30.0,25617.6,100,22.46,False,5.75,3.04,0,0,0,False,False,0,DRY,NORMAL,10,0,100,False,0,BRIGHT,CLEAR,10,100,False,False,0,SAFE,SAFE,SAFE,10,0,100,False,0,0,0,12,100,100,False,False,False,False,True,False
10.7,63.17,3575,4,12,0,22.0,30.0,25617.6,100,22.17,False,5.64,3.05,0,0,0,False,False,0,DRY,NORMAL,10,0,100,False,0,BRIGHT,CLEAR,10,100,False,False,0,SAFE,SAFE,SAFE,10,0,100,False,0,0,0,12,100,100,False,False,False,False,True,False
10.75,62.98,3565,4,12,0,22.0,30.0,25617.6,100,21.89,False,5.53,3.05,0,0,0,False,False,0,DRY,NORMAL,10,0,100,False,0,BRIGHT,CLEAR,10,100,False,False,0,SAFE,SAFE,SAFE,10,0,100,False,0,0,0,12,100,100,False,False,False,False,True,False
10.8,62.79,3554,4,12,0,22.0,30.0,25617.6,100,21.62,False,5.42,3.07,0,0,0,False,False,0,DRY,NORMAL,10,0,100,False,0,BRIGHT,CLEAR,10,100,False,False,0,SAFE,SAFE,SAFE,10,0,100,False,0,0,0,12,100,100,False,False,False,False,True,False
10.85,62.61,3544,4,12,0,22.0,30.0,25617.6,100,21.35,False,5.31,3.08,0,0,0,False,False,0,DRY,NORMAL,10,0,100,False,0,BRIGHT,CLEAR,10,100,False,False,0,SAFE,SAFE,SAFE,10,0,100,False,0,0,0,12,100,100,False,False,False,False,True,False
10.9,62.42,3533,4,12,0,22.0,30.0,25617.6,100,21.09,False,5.19,3.1,0,0,0,False,False,0,DRY,NORMAL,10,0,100,False,0,BRIGHT,CLEAR,10,100,False,False,0,SAFE,SAFE,SAFE,10,0,100,False,0,0,0,12,100,100,False,False,False,False,True,False
10.95,62.24,3523,4,12,0,22.0,30.0,25617.6,100,20.83,False,5.08,3.11,0,0,0,False,False,0,DRY,NORMAL,10,0,100,False,0,BRIGHT,CLEAR,10,100,False,False,0,SAFE,SAFE,SAFE,10,0,100,False,0,0,0,12,100,100,False,False,False,False,True,False
11.0,62.06,3512,4,12,0,22.0,30.0,25617.6,100,20.58,False,4.97,3.13,0,0,0,False,False,0,DRY,NORMAL,10,0,100,False,0,BRIGHT,CLEAR,10,100,False,False,0,SAFE,SAFE,SAFE,10,0,100,False,0,0,0,12,100,100,False,False,False,False,True,False
11.05,61.87,3502,4,12,0,22.0,30.0,25617.6,100,20.33,False,4.86,3.16,0,0,0,False,False,0,DRY,NORMAL,10,0,100,False,0,BRIGHT,CLEAR,10,100,False,False,0,SAFE,SAFE,SAFE,10,0,100,False,0,0,0,12,100,100,False,False,False,False,True,False
11.1,61.69,3492,4,12,0,22.0,30.0,25617.6,100,20.09,False,4.74,3.18,0,0,0,False,False,0,DRY,NORMAL,10,0,100,False,0,BRIGHT,CLEAR,10,100,False,False,0,SAFE,SAFE,SAFE,10,0,100,False,0,0,0,12,100,100,False,False,False,False,True,False
11.15,61.51,3481,4,12,0,22.0,30.0,25617.6,100,19.85,False,4.62,3.21,0,0,0,False,False,0,DRY,NORMAL,10,0,100,False,0,BRIGHT,CLEAR,10,100,False,False,0,SAFE,SAFE,SAFE,10,0,100,False,0,0,0,12,100,100,False,False,False,False,True,False
11.2,61.32,3471,4,12,0,22.0,30.0,25617.6,100,19.62,False,4.51,3.24,0,0,0,False,False,0,DRY,NORMAL,10,0,100,False,0,BRIGHT,CLEAR,10,100,False,False,0,SAFE,SAFE,SAFE,10,0,100,False,0,0,0,12,100,100,False,False,False,False,True,False
11.25,61.14,3461,4,12,0,22.0,30.0,25617.6,100,19.4,False,4.39,3.28,0,0,0,False,False,0,DRY,NORMAL,10,0,100,False,0,BRIGHT,CLEAR,10,100,False,False,0,SAFE,SAFE,SAFE,10,0,100,False,0,0,0,12,100,100,False,False,False,False,True,False
11.3,60.96,3450,4,12,0,22.0,30.0,25617.6,100,19.18,False,4.28,3.32,0,0,0,False,False,0,DRY,NORMAL,10,0,100,False,0,BRIGHT,CLEAR,10,100,False,False,0,SAFE,SAFE,SAFE,10,0,100,False,0,0,0,12,100,100,False,False,False,False,True,False
11.35,60.78,3440,4,12,0,22.0,30.0,25617.6,100,18.97,False,4.16,3.36,0,0,0,False,False,0,DRY,NORMAL,10,0,100,False,0,BRIGHT,CLEAR,10,100,False,False,0,SAFE,SAFE,SAFE,10,0,100,False,0,0,0,12,100,100,False,False,False,False,True,False
11.4,60.6,3430,4,12,0,22.0,30.0,25617.6,100,18.76,False,4.05,3.4,0,0,0,False,False,0,DRY,NORMAL,10,0,100,False,0,BRIGHT,CLEAR,10,100,False,False,0,SAFE,SAFE,SAFE,10,0,100,False,0,0,0,12,100,100,False,False,False,False,True,False
11.45,60.43,3420,4,12,0,22.0,30.0,25617.6,100,18.56,False,3.93,3.45,0,0,0,False,False,0,DRY,NORMAL,10,0,100,False,0,BRIGHT,CLEAR,10,100,False,False,0,SAFE,SAFE,SAFE,10,0,100,False,0,0,0,12,100,100,False,False,False,False,True,False
11.5,60.25,3410,4,12,0,22.0,30.0,25617.6,100,18.37,False,3.82,3.5,0,0,0,False,False,0,DRY,NORMAL,10,0,100,False,0,BRIGHT,CLEAR,10,100,False,False,0,SAFE,SAFE,SAFE,10,0,100,False,0,0,0,12,100,100,False,False,False,False,True,False
11.55,60.07,3400,4,12,0,22.0,30.0,25617.6,100,18.18,False,3.71,3.56,0,0,0,False,False,0,DRY,NORMAL,10,0,100,False,0,BRIGHT,CLEAR,10,100,False,False,0,SAFE,SAFE,SAFE,10,0,100,False,0,0,0,12,100,100,False,False,False,False,True,False
11.6,59.9,3390,4,12,0,22.0,30.0,25617.6,100,18.0,False,3.59,3.62,0,0,0,False,False,0,DRY,NORMAL,10,0,100,False,0,BRIGHT,CLEAR,10,100,False,False,0,SAFE,SAFE,SAFE,10,0,100,False,0,0,0,12,100,100,False,False,False,False,True,False
11.65,59.72,3380,4,12,0,22.0,30.0,25617.6,100,17.83,False,3.48,3.68,0,0,0,False,False,0,DRY,NORMAL,10,0,100,False,0,BRIGHT,CLEAR,10,100,False,False,0,SAFE,SAFE,SAFE,10,0,100,False,0,0,0,12,100,100,False,False,False,False,True,False
11.7,59.55,3370,4,12,0,22.0,30.0,25617.6,100,17.65,False,3.37,3.76,0,0,0,False,False,0,DRY,NORMAL,10,0,100,False,0,BRIGHT,CLEAR,10,100,False,False,0,SAFE,SAFE,SAFE,10,0,100,False,0,0,0,12,100,100,False,False,False,False,True,False
11.75,59.37,3360,4,12,0,22.0,30.0,25617.6,100,17.49,False,3.26,3.83,0,0,0,False,False,0,DRY,NORMAL,10,0,100,False,0,BRIGHT,CLEAR,10,100,False,False,0,SAFE,SAFE,SAFE,10,0,100,False,0,0,0,12,100,100,False,False,False,False,True,False
11.8,59.2,3351,4,12,0,22.0,30.0,25617.6,100,17.33,False,3.15,3.92,0,0,0,False,False,0,DRY,NORMAL,10,0,100,False,0,BRIGHT,CLEAR,10,100,False,False,0,SAFE,SAFE,SAFE,10,0,100,False,0,0,0,12,100,100,False,False,False,False,True,False
11.85,59.03,3341,4,12,0,22.0,30.0,25617.6,100,17.17,False,3.04,4.01,0,10,0,False,False,0,DRY,NORMAL,10,0,100,False,0,BRIGHT,CLEAR,10,100,False,False,0,SAFE,SAFE,SAFE,10,0,100,False,0,10,0,12,100,100,False,False,False,False,True,False
11.9,58.91,3335,4,12,0,22.0,30.0,25617.6,100,17.03,False,2.94,4.09,0,10,0,False,False,0,DRY,NORMAL,10,0,100,False,0,BRIGHT,CLEAR,10,100,False,False,0,SAFE,SAFE,SAFE,10,0,100,False,0,10,0,12,100,100,False,False,False,False,True,False
11.95,58.85,3331,4,12,0,22.0,30.0,25617.6,100,16.88,False,2.86,4.15,0,10,0,False,False,0,DRY,NORMAL,10,0,100,False,0,BRIGHT,CLEAR,10,100,False,False,0,SAFE,SAFE,SAFE,10,0,100,False,0,10,0,12,100,100,False,False,False,False,True,False
12.0,58.86,3331,4,12,0,22.0,30.0,26608.2,100,16.74,False,2.8,4.2,0,10,0,False,False,0,DRY,NORMAL,10,0,100,False,0,BRIGHT,CLEAR,10,100,False,False,0,SAFE,SAFE,SAFE,10,0,100,False,0,10,0,12,100,100,False,False,False,False,True,False
12.05,58.93,3336,4,12,0,22.0,30.0,26608.2,100,16.6,False,2.75,4.21,0,10,0,False,False,0,DRY,NORMAL,10,0,100,False,0,BRIGHT,CLEAR,10,100,False,False,0,SAFE,SAFE,SAFE,10,0,100,False,0,10,0,12,100,100,False,False,False,False,True,False
12.1,59.06,3343,4,12,0,22.0,30.0,26608.2,100,16.46,False,2.72,4.21,0,10,0,False,False,0,DRY,NORMAL,10,0,100,False,0,BRIGHT,CLEAR,10,100,False,False,0,SAFE,SAFE,SAFE,10,0,100,False,0,10,0,12,100,100,False,False,False,False,True,False
12.15,59.24,3353,4,12,0,22.0,30.0,26608.2,100,16.33,False,2.71,4.18,0,10,0,False,False,0,DRY,NORMAL,10,0,100,False,0,BRIGHT,CLEAR,10,100,False,False,0,SAFE,SAFE,SAFE,10,0,100,False,0,10,0,12,100,100,False,False,False,False,True,False
12.2,59.47,3366,4,12,0,22.0,30.0,26608.2,100,16.19,False,2.71,4.13,0,10,0,False,False,0,DRY,NORMAL,10,0,100,False,0,BRIGHT,CLEAR,10,100,False,False,0,SAFE,SAFE,SAFE,10,0,100,False,0,10,0,12,100,100,False,False,False,False,True,False
12.25,59.73,3381,4,12,0,22.0,30.0,26608.2,100,16.06,False,2.71,4.08,0,10,0,False,False,0,DRY,NORMAL,10,0,100,False,0,BRIGHT,CLEAR,10,100,False,False,0,SAFE,SAFE,SAFE,10,0,100,False,0,10,0,12,100,100,False,False,False,False,True,False
12.3,60.0,3396,4,12,0,22.0,30.0,26608.2,100,15.92,False,2.72,4.01,0,10,0,False,False,0,DRY,NORMAL,10,0,100,False,0,BRIGHT,CLEAR,10,100,False,False,0,SAFE,SAFE,SAFE,10,0,100,False,0,10,0,12,100,100,False,False,False,False,True,False
12.35,60.28,3412,4,12,0,22.0,30.0,26608.2,100,15.78,False,2.73,3.95,0,0,0,False,False,0,DRY,NORMAL,10,0,100,False,0,BRIGHT,CLEAR,10,100,False,False,0,SAFE,SAFE,SAFE,10,0,100,False,0,0,0,12,100,100,False,False,False,False,True,False
12.4,60.51,3425,4,12,0,22.0,30.0,26608.2,100,15.64,False,2.73,3.89,0,0,0,False,False,0,DRY,NORMAL,10,0,100,False,0,BRIGHT,CLEAR,10,100,False,False,0,SAFE,SAFE,SAFE,10,0,100,False,0,0,0,12,100,100,False,False,False,False,True,False
12.45,60.66,3433,4,12,0,22.0,30.0,26608.2,100,15.51,False,2.71,3.87,0,0,0,False,False,0,DRY,NORMAL,10,0,100,False,0,BRIGHT,CLEAR,10,100,False,False,0,SAFE,SAFE,SAFE,10,0,100,False,0,0,0,12,100,100,False,False,False,False,True,False
12.5,60.68,3434,4,12,0,22.0,30.0,26608.2,100,15.37,False,2.66,3.9,0,0,0,False,False,0,DRY,NORMAL,10,0,100,False,0,BRIGHT,CLEAR,10,100,False,False,0,SAFE,SAFE,SAFE,10,0,100,False,0,0,0,12,100,100,False,False,False,False,True,False
12.55,60.63,3432,4,12,0,22.0,30.0,26608.2,100,15.24,False,2.6,3.94,0,0,0,False,False,0,DRY,NORMAL,10,0,100,False,0,BRIGHT,CLEAR,10,100,False,False,0,SAFE,SAFE,SAFE,10,0,100,False,0,0,0,12,100,100,False,False,False,False,True,False
12.6,60.54,3427,4,12,0,22.0,30.0,26608.2,100,15.11,False,2.53,4.0,0,10,0,False,False,0,DRY,NORMAL,10,0,100,False,0,BRIGHT,CLEAR,10,100,False,False,0,SAFE,SAFE,SAFE,10,0,100,False,0,10,0,12,100,100,False,False,False,False,True,False
12.65,60.5,3424,4,12,0,22.0,30.0,26608.2,100,14.99,False,2.47,4.04,0,10,0,False,False,0,DRY,NORMAL,10,0,100,False,0,BRIGHT,CLEAR,10,100,False,False,0,SAFE,SAFE,SAFE,10,0,100,False,0,10,0,12,100,100,False,False,False,False,True,False
12.7,60.5,3424,4,12,0,22.0,30.0,26608.2,100,14.87,False,2.43,4.06,0,10,0,False,False,0,DRY,NORMAL,10,0,100,False,0,BRIGHT,CLEAR,10,100,False,False,0,SAFE,SAFE,SAFE,10,0,100,False,0,10,0,12,100,100,False,False,False,False,True,False
12.75,60.55,3427,4,12,0,22.0,30.0,26608.2,100,14.75,False,2.41,4.04,0,10,0,False,False,0,DRY,NORMAL,10,0,100,False,0,BRIGHT,CLEAR,10,100,False,False,0,SAFE,SAFE,SAFE,10,0,100,False,0,10,0,12,100,100,False,False,False,False,True,False
12.8,60.67,3434,4,12,0,22.0,30.0,26608.2,100,14.63,False,2.42,3.99,0,0,0,False,False,0,DRY,NORMAL,10,0,100,False,0,BRIGHT,CLEAR,10,100,False,False,0,SAFE,SAFE,SAFE,10,0,100,False,0,0,0,12,100,100,False,False,False,False,True,False
12.85,60.78,3440,4,12,0,22.0,30.0,26608.2,100,14.5,False,2.42,3.93,0,0,0,False,False,0,DRY,NORMAL,10,0,100,False,0,BRIGHT,CLEAR,10,100,False,False,0,SAFE,SAFE,SAFE,10,0,100,False,0,0,0,12,100,100,False,False,False,False,True,False
12.9,60.85,3444,4,12,0,22.0,30.0,26608.2,100,14.38,False,2.41,3.89,0,0,0,False,False,0,DRY,NORMAL,10,0,100,False,0,BRIGHT,CLEAR,10,100,False,False,0,SAFE,SAFE,SAFE,10,0,100,False,0,0,0,12,100,100,False,False,False,False,True,False
12.95,60.84,3443,4,12,0,22.0,30.0,26608.2,100,14.26,False,2.39,3.88,0,0,0,False,False,0,DRY,NORMAL,10,0,100,False,0,BRIGHT,CLEAR,10,100,False,False,0,SAFE,SAFE,SAFE,10,0,100,False,0,0,0,12,100,100,False,False,False,False,True,False
13.0,60.77,3440,4,12,0,22.0,30.0,26608.2,100,14.14,False,2.35,3.89,0,0,0,False,False,0,DRY,NORMAL,10,0,100,False,0,BRIGHT,CLEAR,10,100,False,False,0,SAFE,SAFE,SAFE,10,0,100,False,0,0,0,12,100,100,False,False,False,False,True,False
13.05,60.67,3434,4,12,0,22.0,30.0,26608.2,100,14.03,False,2.31,3.91,0,0,0,False,False,0,DRY,NORMAL,10,0,100,False,0,BRIGHT,CLEAR,10,100,False,False,0,SAFE,SAFE,SAFE,10,0,100,False,0,0,0,12,100,100,False,False,False,False,True,False
13.1,60.56,3428,4,12,0,22.0,30.0,26608.2,100,13.91,False,2.26,3.94,0,0,0,False,False,0,DRY,NORMAL,10,0,100,False,0,BRIGHT,CLEAR,10,100,False,False,0,SAFE,SAFE,SAFE,10,0,100,False,0,0,0,12,100,100,False,False,False,False,True,False
13.15,60.44,3421,4,12,0,22.0,30.0,26608.2,100,13.8,False,2.21,3.98,0,0,0,False,False,0,DRY,NORMAL,10,0,100,False,0,BRIGHT,CLEAR,10,100,False,False,0,SAFE,SAFE,SAFE,10,0,100,False,0,0,0,12,100,100,False,False,False,False,True,False
13.2,60.31,3413,4,12,0,22.0,30.0,26608.2,100,13.69,False,2.16,4.02,0,10,0,False,False,0,DRY,NORMAL,10,0,100,False,0,BRIGHT,CLEAR,10,100,False,False,0,SAFE,SAFE,SAFE,10,0,100,False,0,10,0,12,100,100,False,False,False,False,True,False
13.25,60.24,3410,4,12,0,22.0,30.0,26608.2,100,13.58,False,2.13,4.02,0,10,0,False,False,0,DRY,NORMAL,10,0,100,False,0,BRIGHT,CLEAR,10,100,False,False,0,SAFE,SAFE,SAFE,10,0,100,False,0,10,0,12,100,100,False,False,False,False,True,False
13.3,60.23,3409,4,12,0,22.0,30.0,26608.2,100,13.48,False,2.12,4.0,0,0,0,False,False,0,DRY,NORMAL,10,0,100,False,0,BRIGHT,CLEAR,10,100,False,False,0,SAFE,SAFE,SAFE,10,0,100,False,0,0,0,12,100,100,False,False,False,False,True,False
13.35,60.2,3407,4,12,0,22.0,30.0,26608.2,100,13.37,False,2.1,3.98,0,0,0,False,False,0,DRY,NORMAL,10,0,100,False,0,BRIGHT,CLEAR,10,100,False,False,0,SAFE,SAFE,SAFE,10,0,100,False,0,0,0,12,100,100,False,False,False,False,True,False
13.4,60.13,3403,4,12,0,22.0,30.0,26608.2,100,13.27,False,2.08,3.98,0,0,0,False,False,0,DRY,NORMAL,10,0,100,False,0,BRIGHT,CLEAR,10,100,False,False,0,SAFE,SAFE,SAFE,10,0,100,False,0,0,0,12,100,100,False,False,False,False,True,False
13.45,60.04,3399,4,12,0,22.0,30.0,26608.2,100,13.17,False,2.05,3.99,0,0,0,False,False,0,DRY,NORMAL,10,0,100,False,0,BRIGHT,CLEAR,10,100,False,False,0,SAFE,SAFE,SAFE,10,0,100,False,0,0,0,12,100,100,False,False,False,False,True,False
13.5,59.94,3393,4,12,0,22.0,30.0,27544.0,100,13.07,False,2.01,4.01,0,10,0,False,False,0,DRY,NORMAL,10,0,100,False,0,BRIGHT,CLEAR,10,100,False,False,0,SAFE,SAFE,SAFE,10,0,100,False,0,10,0,12,100,100,False,False,False,False,True,False
13.55,59.89,3390,4,12,0,22.0,30.0,27544.0,100,12.97,False,1.99,3.99,0,0,0,False,False,0,DRY,NORMAL,10,0,100,False,0,BRIGHT,CLEAR,10,100,False,False,0,SAFE,SAFE,SAFE,10,0,100,False,0,0,0,12,100,100,False,False,False,False,True,False
13.6,59.82,3386,4,12,0,22.0,30.0,27544.0,100,12.87,False,1.97,4.0,0,0,0,False,False,0,DRY,NORMAL,10,0,100,False,0,BRIGHT,CLEAR,10,100,False,False,0,SAFE,SAFE,SAFE,10,0,100,False,0,0,0,12,100,100,False,False,False,False,True,False
13.65,59.71,3380,4,12,0,22.0,30.0,27544.0,100,12.77,False,1.94,4.02,0,10,0,False,False,0,DRY,NORMAL,10,0,100,False,0,BRIGHT,CLEAR,10,100,False,False,0,SAFE,SAFE,SAFE,10,0,100,False,0,10,0,12,100,100,False,False,False,False,True,False
13.7,59.67,3377,4,12,0,22.0,30.0,27544.0,100,12.68,False,1.92,4.0,0,10,0,False,False,0,DRY,NORMAL,10,0,100,False,0,BRIGHT,CLEAR,10,100,False,False,0,SAFE,SAFE,SAFE,10,0,100,False,0,10,0,12,100,100,False,False,False,False,True,False
13.75,59.66,3377,4,12,0,22.0,30.0,27544.0,100,12.58,False,1.91,3.96,0,0,0,False,False,0,DRY,NORMAL,10,0,100,False,0,BRIGHT,CLEAR,10,100,False,False,0,SAFE,SAFE,SAFE,10,0,100,False,0,0,0,12,100,100,False,False,False,False,True,False
13.8,59.64,3376,4,12,0,22.0,30.0,27544.0,100,12.48,False,1.91,3.93,0,0,0,False,False,0,DRY,NORMAL,10,0,100,False,0,BRIGHT,CLEAR,10,100,False,False,0,SAFE,SAFE,SAFE,10,0,100,False,0,0,0,12,100,100,False,False,False,False,True,False
13.85,59.58,3372,4,12,0,22.0,30.0,27544.0,100,12.39,False,1.89,3.92,0,0,0,False,False,0,DRY,NORMAL,10,0,100,False,0,BRIGHT,CLEAR,10,100,False,False,0,SAFE,SAFE,SAFE,10,0,100,False,0,0,0,12,100,100,False,False,False,False,True,False
13.9,59.5,3368,4,12,0,22.0,30.0,27544.0,100,12.3,False,1.86,3.92,0,0,0,False,False,0,DRY,NORMAL,10,0,100,False,0,BRIGHT,CLEAR,10,100,False,False,0,SAFE,SAFE,SAFE,10,0,100,False,0,0,0,12,100,100,False,False,False,False,True,False
13.95,59.4,3362,4,12,0,22.0,30.0,27544.0,100,12.2,False,1.83,3.93,0,0,0,False,False,0,DRY,NORMAL,10,0,100,False,0,BRIGHT,CLEAR,10,100,False,False,0,SAFE,SAFE,SAFE,10,0,100,False,0,0,0,12,100,100,False,False,False,False,True,False
14.0,59.29,3356,4,12,0,22.0,30.0,27544.0,100,12.11,False,1.8,3.95,0,0,0,False,False,0,DRY,NORMAL,10,0,100,False,0,BRIGHT,CLEAR,10,100,False,False,0,SAFE,SAFE,SAFE,10,0,100,False,0,0,0,12,100,100,False,False,False,False,True,False
14.05,59.18,3350,4,12,0,22.0,30.0,27544.0,100,12.03,False,1.77,3.98,0,0,0,False,False,0,DRY,NORMAL,10,0,100,False,0,BRIGHT,CLEAR,10,100,False,False,0,SAFE,SAFE,SAFE,10,0,100,False,0,0,0,12,100,100,False,False,False,False,True,False
14.1,59.06,3343,4,12,0,22.0,30.0,27544.0,100,11.94,False,1.73,4.0,0,10,0,False,False,0,DRY,NORMAL,10,0,100,False,0,BRIGHT,CLEAR,10,100,False,False,0,SAFE,SAFE,SAFE,10,0,100,False,0,10,0,12,100,100,False,False,False,False,True,False
14.15,59.01,3340,4,12,0,22.0,30.0,27544.0,100,11.85,False,1.72,3.99,0,0,0,False,False,0,DRY,NORMAL,10,0,100,False,0,BRIGHT,CLEAR,10,100,False,False,0,SAFE,SAFE,SAFE,10,0,100,False,0,0,0,12,100,100,False,False,False,False,True,False
14.2,58.93,3335,4,12,0,22.0,30.0,27544.0,100,11.77,False,1.69,4.0,0,0,0,False,False,0,DRY,NORMAL,10,0,100,False,0,BRIGHT,CLEAR,10,100,False,False,0,SAFE,SAFE,SAFE,10,0,100,False,0,0,0,12,100,100,False,False,False,False,True,False
14.25,58.82,3329,4,12,0,22.0,30.0,27544.0,100,11.68,False,1.66,4.02,0,10,0,False,False,0,DRY,NORMAL,10,0,100,False,0,BRIGHT,CLEAR,10,100,False,False,0,SAFE,SAFE,SAFE,10,0,100,False,0,10,0,12,100,100,False,False,False,False,True,False
14.3,58.78,3327,4,12,0,22.0,30.0,27544.0,100,11.6,False,1.65,4.0,0,10,0,False,False,0,DRY,NORMAL,10,0,100,False,0,BRIGHT,CLEAR,10,100,False,False,0,SAFE,SAFE,SAFE,10,0,100,False,0,10,0,12,100,100,False,False,False,False,True,False
14.35,58.78,3327,4,12,0,22.0,30.0,27544.0,100,11.52,False,1.65,3.95,0,0,0,False,False,0,DRY,NORMAL,10,0,100,False,0,BRIGHT,CLEAR,10,100,False,False,0,SAFE,SAFE,SAFE,10,0,100,False,0,0,0,12,100,100,False,False,False,False,True,False
14.4,58.76,3326,4,12,0,22.0,30.0,27544.0,100,11.43,False,1.64,3.92,0,0,0,False,False,0,DRY,NORMAL,10,0,100,False,0,BRIGHT,CLEAR,10,100,False,False,0,SAFE,SAFE,SAFE,10,0,100,False,0,0,0,12,100,100,False,False,False,False,True,False
14.45,58.7,3322,4,12,0,22.0,30.0,27544.0,100,11.35,False,1.62,3.91,0,0,0,False,False,0,DRY,NORMAL,10,0,100,False,0,BRIGHT,CLEAR,10,100,False,False,0,SAFE,SAFE,SAFE,10,0,100,False,0,0,0,12,100,100,False,False,False,False,True,False
14.5,58.62,3318,4,12,0,22.0,30.0,27544.0,100,11.27,False,1.6,3.92,0,0,0,False,False,0,DRY,NORMAL,10,0,100,False,0,BRIGHT,CLEAR,10,100,False,False,0,SAFE,SAFE,SAFE,10,0,100,False,0,0,0,12,100,100,False,False,False,False,True,False
14.55,58.52,3312,4,12,0,22.0,30.0,27544.0,100,11.19,False,1.57,3.93,0,0,0,False,False,0,DRY,NORMAL,10,0,100,False,0,BRIGHT,CLEAR,10,100,False,False,0,SAFE,SAFE,SAFE,10,0,100,False,0,0,0,12,100,100,False,False,False,False,True,False
14.6,58.41,3306,4,12,0,22.0,30.0,27544.0,100,11.12,False,1.54,3.96,0,0,0,False,False,0,DRY,NORMAL,10,0,100,False,0,BRIGHT,CLEAR,10,100,False,False,0,SAFE,SAFE,SAFE,10,0,100,False,0,0,0,12,100,100,False,False,False,False,True,False
14.65,58.3,3300,4,12,0,22.0,30.0,27544.0,100,11.04,False,1.51,3.99,0,0,0,False,False,0,DRY,NORMAL,10,0,100,False,0,BRIGHT,CLEAR,10,100,False,False,0,SAFE,SAFE,SAFE,10,0,100,False,0,0,0,12,100,100,False,False,False,False,True,False
14.7,58.19,3294,4,12,0,22.0,30.0,27544.0,100,10.96,False,1.48,4.03,0,10,0,False,False,0,DRY,NORMAL,10,0,100,False,0,BRIGHT,CLEAR,10,100,False,False,0,SAFE,SAFE,SAFE,10,0,100,False,0,10,0,12,100,100,False,False,False,False,True,False
14.75,58.14,3291,4,12,0,22.0,30.0,27544.0,100,10.89,False,1.47,4.02,0,10,0,False,False,0,DRY,NORMAL,10,0,100,False,0,BRIGHT,CLEAR,10,100,False,False,0,SAFE,SAFE,SAFE,10,0,100,False,0,10,0,12,100,100,False,False,False,False,True,False
14.8,58.14,3290,4,12,0,22.0,30.0,27544.0,100,10.82,False,1.46,3.97,0,0,0,False,False,0,DRY,NORMAL,10,0,100,False,0,BRIGHT,CLEAR,10,100,False,False,0,SAFE,SAFE,SAFE,10,0,100,False,0,0,0,12,100,100,False,False,False,False,True,False
14.85,58.11,3289,4,12,0,22.0,30.0,27544.0,100,10.75,False,1.46,3.94,0,0,0,False,False,0,DRY,NORMAL,10,0,100,False,0,BRIGHT,CLEAR,10,100,False,False,0,SAFE,SAFE,SAFE,10,0,100,False,0,0,0,12,100,100,False,False,False,False,True,False
14.9,58.06,3286,4,12,0,22.0,30.0,27544.0,100,10.67,False,1.44,3.93,0,0,0,False,False,0,DRY,NORMAL,10,0,100,False,0,BRIGHT,CLEAR,10,100,False,False,0,SAFE,SAFE,SAFE,10,0,100,False,0,0,0,12,100,100,False,False,False,False,True,False
14.95,57.98,3281,4,12,0,22.0,30.0,27544.0,100,10.6,False,1.42,3.95,0,0,0,False,False,0,DRY,NORMAL,10,0,100,False,0,BRIGHT,CLEAR,10,100,False,False,0,SAFE,SAFE,SAFE,10,0,100,False,0,0,0,12,100,100,False,False,False,False,True,False
15.0,57.88,3276,4,12,0,22.0,30.0,28418.2,100,10.53,False,1.39,3.97,0,0,0,False,False,0,DRY,NORMAL,10,0,100,False,0,BRIGHT,CLEAR,10,100,False,False,0,SAFE,SAFE,SAFE,10,0,100,False,0,0,0,12,100,100,False,False,False,False,True,False
15.05,57.78,3270,4,12,0,22.0,30.0,28418.2,100,10.46,False,1.36,4.01,0,10,0,False,False,0,DRY,NORMAL,10,0,100,False,0,BRIGHT,CLEAR,10,100,False,False,0,SAFE,SAFE,SAFE,10,0,100,False,0,10,0,12,100,100,False,False,False,False,True,False
15.1,57.73,3267,4,12,0,22.0,30.0,28418.2,100,10.4,False,1.35,4.0,0,0,0,False,False,0,DRY,NORMAL,10,0,100,False,0,BRIGHT,CLEAR,10,100,False,False,0,SAFE,SAFE,SAFE,10,0,100,False,0,0,0,12,100,100,False,False,False,False,True,False
15.15,57.65,3263,4,12,0,22.0,30.0,28418.2,100,10.33,False,1.33,4.01,0,10,0,False,False,0,DRY,NORMAL,10,0,100,False,0,BRIGHT,CLEAR,10,100,False,False,0,SAFE,SAFE,SAFE,10,0,100,False,0,10,0,12,100,100,False,False,False,False,True,False
15.2,57.62,3261,4,12,0,22.0,30.0,28418.2,100,10.26,False,1.32,3.99,0,0,0,False,False,0,DRY,NORMAL,10,0,100,False,0,BRIGHT,CLEAR,10,100,False,False,0,SAFE,SAFE,SAFE,10,0,100,False,0,0,0,12,100,100,False,False,False,False,True,False
15.25,57.55,3257,4,12,0,22.0,30.0,28418.2,100,10.2,False,1.3,4.0,0,0,0,False,False,0,DRY,NORMAL,10,0,100,False,0,BRIGHT,CLEAR,10,100,False,False,0,SAFE,SAFE,SAFE,10,0,100,False,0,0,0,12,100,100,False,False,False,False,True,False
15.3,57.45,3252,4,12,0,22.0,30.0,28418.2,100,10.13,False,1.27,4.03,0,10,0,False,False,0,DRY,NORMAL,10,0,100,False,0,BRIGHT,CLEAR,10,100,False,False,0,SAFE,SAFE,SAFE,10,0,100,False,0,10,0,12,100,100,False,False,False,False,True,False
15.35,57.41,3249,4,12,0,22.0,30.0,28418.2,100,10.07,False,1.26,4.02,0,10,0,False,False,0,DRY,NORMAL,10,0,100,False,0,BRIGHT,CLEAR,10,100,False,False,0,SAFE,SAFE,SAFE,10,0,100,False,0,10,0,12,100,100,False,False,False,False,True,False
15.4,57.42,3250,4,12,0,22.0,30.0,28418.2,100,10.01,False,1.26,3.96,0,0,0,False,False,0,DRY,NORMAL,10,0,100,False,0,BRIGHT,CLEAR,10,100,False,False,0,SAFE,SAFE,SAFE,10,0,100,False,0,0,0,12,100,100,False,False,False,False,True,False
15.45,57.4,3249,4,12,0,22.0,30.0,28418.2,100,9.95,False,1.26,3.93,0,0,0,False,False,0,DRY,NORMAL,10,0,100,False,0,BRIGHT,CLEAR,10,100,False,False,0,SAFE,SAFE,SAFE,10,0,100,False,0,0,0,12,100,100,False,False,False,False,True,False
15.5,57.35,3246,4,12,0,22.0,30.0,28418.2,100,9.88,False,1.24,3.93,0,0,0,False,False,0,DRY,NORMAL,10,0,100,False,0,BRIGHT,CLEAR,10,100,False,False,0,SAFE,SAFE,SAFE,10,0,100,False,0,0,0,12,100,100,False,False,False,False,True,False
15.55,57.27,3241,4,12,0,22.0,30.0,28418.2,100,9.82,False,1.22,3.95,0,0,0,False,False,0,DRY,NORMAL,10,0,100,False,0,BRIGHT,CLEAR,10,100,False,False,0,SAFE,SAFE,SAFE,10,0,100,False,0,0,0,12,100,100,False,False,False,False,True,False
15.6,57.18,3236,4,12,0,22.0,30.0,28418.2,100,9.76,False,1.2,3.98,0,0,0,False,False,0,DRY,NORMAL,10,0,100,False,0,BRIGHT,CLEAR,10,100,False,False,0,SAFE,SAFE,SAFE,10,0,100,False,0,0,0,12,100,100,False,False,False,False,True,False
15.65,57.07,3230,4,12,0,22.0,30.0,28418.2,100,9.7,False,1.17,4.03,0,10,0,False,False,0,DRY,NORMAL,10,0,100,False,0,BRIGHT,CLEAR,10,100,False,False,0,SAFE,SAFE,SAFE,10,0,100,False,0,10,0,12,100,100,False,False,False,False,True,False
15.7,57.03,3228,4,12,0,22.0,30.0,28418.2,100,9.64,False,1.15,4.02,0,10,0,False,False,0,DRY,NORMAL,10,0,100,False,0,BRIGHT,CLEAR,10,100,False,False,0,SAFE,SAFE,SAFE,10,0,100,False,0,10,0,12,100,100,False,False,False,False,True,False
15.75,57.03,3228,4,12,0,22.0,30.0,28418.2,100,9.59,False,1.16,3.97,0,0,0,False,False,0,DRY,NORMAL,10,0,100,False,0,BRIGHT,CLEAR,10,100,False,False,0,SAFE,SAFE,SAFE,10,0,100,False,0,0,0,12,100,100,False,False,False,False,True,False
15.8,57.01,3227,4,12,0,22.0,30.0,28418.2,100,9.53,False,1.15,3.94,0,0,0,False,False,0,DRY,NORMAL,10,0,100,False,0,BRIGHT,CLEAR,10,100,False,False,0,SAFE,SAFE,SAFE,10,0,100,False,0,0,0,12,100,100,False,False,False,False,True,False
15.85,56.96,3224,4,12,0,22.0,30.0,28418.2,100,9.47,False,1.14,3.94,0,0,0,False,False,0,DRY,NORMAL,10,0,100,False,0,BRIGHT,CLEAR,10,100,False,False,0,SAFE,SAFE,SAFE,10,0,100,False,0,0,0,12,100,100,False,False,False,False,True,False
15.9,56.88,3220,4,12,0,22.0,30.0,28418.2,100,9.42,False,1.11,3.96,0,0,0,False,False,0,DRY,NORMAL,10,0,100,False,0,BRIGHT,CLEAR,10,100,False,False,0,SAFE,SAFE,SAFE,10,0,100,False,0,0,0,12,100,100,False,False,False,False,True,False
15.95,56.79,3214,4,12,0,22.0,30.0,28418.2,100,9.36,False,1.09,4.01,0,10,0,False,False,0,DRY,NORMAL,10,0,100,False,0,BRIGHT,CLEAR,10,100,False,False,0,SAFE,SAFE,SAFE,10,0,100,False,0,10,0,12,100,100,False,False,False,False,True,False
16.0,56.75,3212,4,12,0,22.0,30.0,28418.2,100,9.31,False,1.08,4.0,0,0,0,False,False,0,DRY,NORMAL,10,0,100,False,0,BRIGHT,CLEAR,10,100,False,False,0,SAFE,SAFE,SAFE,10,0,100,False,0,0,0,12,100,100,False,False,False,False,True,False
16.05,56.68,3208,4,12,0,22.0,30.0,28418.2,100,9.25,False,1.06,4.02,0,10,0,False,False,0,DRY,NORMAL,10,0,100,False,0,BRIGHT,CLEAR,10,100,False,False,0,SAFE,SAFE,SAFE,10,0,100,False,0,10,0,12,100,100,False,False,False,False,True,False
16.1,56.65,3206,4,12,0,22.0,30.0,28418.2,100,9.2,False,1.05,4.01,0,10,0,False,False,0,DRY,NORMAL,10,0,100,False,0,BRIGHT,CLEAR,10,100,False,False,0,SAFE,SAFE,SAFE,10,0,100,False,0,10,0,12,100,100,False,False,False,False,True,False
16.15,56.66,3207,4,12,0,22.0,30.0,28418.2,100,9.15,False,1.05,3.94,0,0,0,False,False,0,DRY,NORMAL,10,0,100,False,0,BRIGHT,CLEAR,10,100,False,False,0,SAFE,SAFE,SAFE,10,0,100,False,0,0,0,12,100,100,False,False,False,False,True,False
16.2,56.65,3206,4,12,0,22.0,30.0,28418.2,100,9.1,False,1.05,3.91,0,0,0,False,False,0,DRY,NORMAL,10,0,100,False,0,BRIGHT,CLEAR,10,100,False,False,0,SAFE,SAFE,SAFE,10,0,100,False,0,0,0,12,100,100,False,False,False,False,True,False
16.25,56.6,3203,4,12,0,22.0,30.0,28418.2,100,9.05,False,1.03,3.91,0,0,0,False,False,0,DRY,NORMAL,10,0,100,False,0,BRIGHT,CLEAR,10,100,False,False,0,SAFE,SAFE,SAFE,10,0,100,False,0,0,0,12,100,100,False,False,False,False,True,False
16.3,56.52,3199,4,12,0,22.0,30.0,28418.2,100,8.99,False,1.01,3.94,0,0,0,False,False,0,DRY,NORMAL,10,0,100,False,0,BRIGHT,CLEAR,10,100,False,False,0,SAFE,SAFE,SAFE,10,0,100,False,0,0,0,12,100,100,False,False,False,False,True,False
16.35,56.43,3194,4,12,0,22.0,30.0,28418.2,100,8.94,False,0.99,3.99,0,0,0,False,False,0,DRY,NORMAL,10,0,100,False,0,BRIGHT,CLEAR,10,100,False,False,0,SAFE,SAFE,SAFE,10,0,100,False,0,0,0,12,100,100,False,False,False,False,True,False
16.4,56.33,3188,4,12,0,22.0,30.0,28418.2,100,8.9,False,0.96,4.06,0,10,0,False,False,0,DRY,NORMAL,10,0,100,False,0,BRIGHT,CLEAR,10,100,False,False,0,SAFE,SAFE,SAFE,10,0,100,False,0,10,0,12,100,100,False,False,False,False,True,False
16.45,56.29,3186,4,12,0,22.0,30.0,28418.2,100,8.85,False,0.95,4.06,0,10,0,False,False,0,DRY,NORMAL,10,0,100,False,0,BRIGHT,CLEAR,10,100,False,False,0,SAFE,SAFE,SAFE,10,0,100,False,0,10,0,12,100,100,False,False,False,False,True,False
16.5,56.29,3186,4,12,0,22.0,30.0,29224.6,100,8.8,False,0.95,4.0,0,0,0,False,False,0,DRY,NORMAL,10,0,100,False,0,BRIGHT,CLEAR,10,100,False,False,0,SAFE,SAFE,SAFE,10,0,100,False,0,0,0,12,100,100,False,False,False,False,True,False
16.55,56.28,3185,4,12,0,22.0,30.0,29224.6,100,8.75,False,0.95,3.97,0,0,0,False,False,0,DRY,NORMAL,10,0,100,False,0,BRIGHT,CLEAR,10,100,False,False,0,SAFE,SAFE,SAFE,10,0,100,False,0,0,0,12,100,100,False,False,False,False,True,False
16.6,56.22,3182,4,12,0,22.0,30.0,29224.6,100,8.71,False,0.93,3.98,0,0,0,False,False,0,DRY,NORMAL,10,0,100,False,0,BRIGHT,CLEAR,10,100,False,False,0,SAFE,SAFE,SAFE,10,0,100,False,0,0,0,12,100,100,False,False,False,False,True,False
16.65,56.15,3178,4,12,0,22.0,30.0,29224.6,100,8.66,False,0.91,4.02,0,10,0,False,False,0,DRY,NORMAL,10,0,100,False,0,BRIGHT,CLEAR,10,100,False,False,0,SAFE,SAFE,SAFE,10,0,100,False,0,10,0,12,100,100,False,False,False,False,True,False
16.7,56.12,3176,4,12,0,22.0,30.0,29224.6,100,8.62,False,0.9,4.01,0,10,0,False,False,0,DRY,NORMAL,10,0,100,False,0,BRIGHT,CLEAR,10,100,False,False,0,SAFE,SAFE,SAFE,10,0,100,False,0,10,0,12,100,100,False,False,False,False,True,False
16.75,56.13,3177,4,12,0,22.0,30.0,29224.6,100,8.57,False,0.91,3.94,0,0,0,False,False,0,DRY,NORMAL,10,0,100,False,0,BRIGHT,CLEAR,10,100,False,False,0,SAFE,SAFE,SAFE,10,0,100,False,0,0,0,12,100,100,False,False,False,False,True,False
16.8,56.12,3176,4,12,0,22.0,30.0,29224.6,100,8.52,False,0.9,3.9,0,0,0,False,False,0,DRY,NORMAL,10,0,100,False,0,BRIGHT,CLEAR,10,100,False,False,0,SAFE,SAFE,SAFE,10,0,100,False,0,0,0,12,100,100,False,False,False,False,True,False
16.85,56.07,3174,4,12,0,22.0,30.0,29224.6,100,8.48,False,0.89,3.91,0,0,0,False,False,0,DRY,NORMAL,10,0,100,False,0,BRIGHT,CLEAR,10,100,False,False,0,SAFE,SAFE,SAFE,10,0,100,False,0,0,0,12,100,100,False,False,False,False,True,False
16.9,56.0,3170,4,12,0,22.0,30.0,29224.6,100,8.43,False,0.87,3.95,0,0,0,False,False,0,DRY,NORMAL,10,0,100,False,0,BRIGHT,CLEAR,10,100,False,False,0,SAFE,SAFE,SAFE,10,0,100,False,0,0,0,12,100,100,False,False,False,False,True,False
16.95,55.91,3164,4,12,0,22.0,30.0,29224.6,100,8.39,False,0.84,4.02,0,10,0,False,False,0,DRY,NORMAL,10,0,100,False,0,BRIGHT,CLEAR,10,100,False,False,0,SAFE,SAFE,SAFE,10,0,100,False,0,10,0,12,100,100,False,False,False,False,True,False
17.0,55.87,3162,4,12,0,22.0,30.0,29224.6,100,8.35,False,0.83,4.02,0,10,0,False,False,0,DRY,NORMAL,10,0,100,False,0,BRIGHT,CLEAR,10,100,False,False,0,SAFE,SAFE,SAFE,10,0,100,False,0,10,0,12,100,100,False,False,False,False,True,False
17.05,55.88,3163,4,12,0,22.0,30.0,29224.6,100,8.31,False,0.84,3.95,0,0,0,False,False,0,DRY,NORMAL,10,0,100,False,0,BRIGHT,CLEAR,10,100,False,False,0,SAFE,SAFE,SAFE,10,0,100,False,0,0,0,12,100,100,False,False,False,False,True,False
17.1,55.87,3162,4,12,0,22.0,30.0,29224.6,100,8.27,False,0.83,3.92,0,0,0,False,False,0,DRY,NORMAL,10,0,100,False,0,BRIGHT,CLEAR,10,100,False,False,0,SAFE,SAFE,SAFE,10,0,100,False,0,0,0,12,100,100,False,False,False,False,True,False
17.15,55.82,3159,4,12,0,22.0,30.0,29224.6,100,8.22,False,0.82,3.94,0,0,0,False,False,0,DRY,NORMAL,10,0,100,False,0,BRIGHT,CLEAR,10,100,False,False,0,SAFE,SAFE,SAFE,10,0,100,False,0,0,0,12,100,100,False,False,False,False,True,False
17.2,55.75,3155,4,12,0,22.0,30.0,29224.6,100,8.18,False,0.8,3.99,0,0,0,False,False,0,DRY,NORMAL,10,0,100,False,0,BRIGHT,CLEAR,10,100,False,False,0,SAFE,SAFE,SAFE,10,0,100,False,0,0,0,12,100,100,False,False,False,False,True,False
17.25,55.66,3150,4,12,0,22.0,30.0,29224.6,100,8.14,False,0.77,4.07,0,10,0,False,False,0,DRY,NORMAL,10,0,100,False,0,BRIGHT,CLEAR,10,100,False,False,0,SAFE,SAFE,SAFE,10,0,100,False,0,10,0,12,100,100,False,False,False,False,True,False
17.3,55.62,3148,4,12,0,22.0,30.0,29224.6,100,8.11,False,0.76,4.07,0,10,0,False,False,0,DRY,NORMAL,10,0,100,False,0,BRIGHT,CLEAR,10,100,False,False,0,SAFE,SAFE,SAFE,10,0,100,False,0,10,0,12,100,100,False,False,False,False,True,False
17.35,55.63,3149,4,12,0,22.0,30.0,29224.6,100,8.07,False,0.77,4.0,0,10,0,False,False,0,DRY,NORMAL,10,0,100,False,0,BRIGHT,CLEAR,10,100,False,False,0,SAFE,SAFE,SAFE,10,0,100,False,0,10,0,12,100,100,False,False,False,False,True,False
17.4,55.69,3152,4,12,0,22.0,30.0,29224.6,100,8.03,False,0.78,3.86,0,0,0,False,False,0,DRY,NORMAL,10,0,100,False,0,BRIGHT,CLEAR,10,100,False,False,0,SAFE,SAFE,SAFE,10,0,100,False,0,0,0,12,100,100,False,False,False,False,True,False
17.45,55.76,3156,4,12,0,22.0,30.0,29224.6,100,7.99,False,0.8,3.73,0,0,0,False,False,0,DRY,NORMAL,10,0,100,False,0,BRIGHT,CLEAR,10,100,False,False,0,SAFE,SAFE,SAFE,10,0,100,False,0,0,0,12,100,100,False,False,False,False,True,False
17.5,55.78,3157,4,12,0,22.0,30.0,29224.6,100,7.95,False,0.81,3.65,0,0,0,False,False,0,DRY,NORMAL,10,0,100,False,0,BRIGHT,CLEAR,10,100,False,False,0,SAFE,SAFE,SAFE,10,0,100,False,0,0,0,12,100,100,False,False,False,False,True,False
17.55,55.76,3156,4,12,0,22.0,30.0,29224.6,100,7.91,False,0.8,3.63,0,0,0,False,False,0,DRY,NORMAL,10,0,100,False,0,BRIGHT,CLEAR,10,100,False,False,0,SAFE,SAFE,SAFE,10,0,100,False,0,0,0,12,100,100,False,False,False,False,True,False
17.6,55.69,3152,4,12,0,22.0,30.0,29224.6,100,7.87,False,0.78,3.66,0,0,0,False,False,0,DRY,NORMAL,10,0,100,False,0,BRIGHT,CLEAR,10,100,False,False,0,SAFE,SAFE,SAFE,10,0,100,False,0,0,0,12,100,100,False,False,False,False,True,False
17.65,55.61,3147,4,12,0,22.0,30.0,29224.6,100,7.83,False,0.76,3.73,0,0,0,False,False,0,DRY,NORMAL,10,0,100,False,0,BRIGHT,CLEAR,10,100,False,False,0,SAFE,SAFE,SAFE,10,0,100,False,0,0,0,12,100,100,False,False,False,False,True,False
17.7,55.51,3142,4,12,0,22.0,30.0,29224.6,100,7.79,False,0.73,3.81,0,0,0,False,False,0,DRY,NORMAL,10,0,100,False,0,BRIGHT,CLEAR,10,100,False,False,0,SAFE,SAFE,SAFE,10,0,100,False,0,0,0,12,100,100,False,False,False,False,True,False
17.75,55.41,3136,4,12,0,22.0,30.0,29224.6,100,7.76,False,0.71,3.91,0,0,0,False,False,0,DRY,NORMAL,10,0,100,False,0,BRIGHT,CLEAR,10,100,False,False,0,SAFE,SAFE,SAFE,10,0,100,False,0,0,0,12,100,100,False,False,False,False,True,False
17.8,55.31,3130,4,12,0,22.0,30.0,29224.6,100,7.72,False,0.68,4.03,0,10,0,False,False,0,DRY,NORMAL,10,0,100,False,0,BRIGHT,CLEAR,10,100,False,False,0,SAFE,SAFE,SAFE,10,0,100,False,0,10,0,12,100,100,False,False,False,False,True,False
17.85,55.26,3128,4,12,0,22.0,30.0,29224.6,100,7.69,False,0.66,4.05,0,10,0,False,False,0,DRY,NORMAL,10,0,100,False,0,BRIGHT,CLEAR,10,100,False,False,0,SAFE,SAFE,SAFE,10,0,100,False,0,10,0,12,100,100,False,False,False,False,True,False
17.9,55.27,3128,4,12,0,22.0,30.0,29224.6,100,7.66,False,0.67,3.99,0,0,0,False,False,0,DRY,NORMAL,10,0,100,False,0,BRIGHT,CLEAR,10,100,False,False,0,SAFE,SAFE,SAFE,10,0,100,False,0,0,0,12,100,100,False,False,False,False,True,False
17.95,55.25,3127,4,12,0,22.0,30.0,29224.6,100,7.62,False,0.66,3.97,0,0,0,False,False,0,DRY,NORMAL,10,0,100,False,0,BRIGHT,CLEAR,10,100,False,False,0,SAFE,SAFE,SAFE,10,0,100,False,0,0,0,12,100,100,False,False,False,False,True,False
18.0,55.2,3124,4,12,0,22.0,30.0,29955.7,100,7.59,False,0.65,4.0,0,10,0,False,False,0,DRY,NORMAL,10,0,100,False,0,BRIGHT,CLEAR,10,100,False,False,0,SAFE,SAFE,SAFE,10,0,100,False,0,10,0,12,100,100,False,False,False,False,True,False
18.05,55.19,3124,4,12,0,22.0,30.0,29955.7,100,7.56,False,0.65,3.97,0,0,0,False,False,0,DRY,NORMAL,10,0,100,False,0,BRIGHT,CLEAR,10,100,False,False,0,SAFE,SAFE,SAFE,10,0,100,False,0,0,0,12,100,100,False,False,False,False,True,False
18.1,55.14,3121,4,12,0,22.0,30.0,29955.7,100,7.53,False,0.63,4.0,0,0,0,False,False,0,DRY,NORMAL,10,0,100,False,0,BRIGHT,CLEAR,10,100,False,False,0,SAFE,SAFE,SAFE,10,0,100,False,0,0,0,12,100,100,False,False,False,False,True,False
18.15,55.05,3116,4,12,0,22.0,30.0,29955.7,100,7.5,False,0.61,4.11,0,10,0,False,False,0,DRY,NORMAL,10,0,100,False,0,BRIGHT,CLEAR,10,100,False,False,0,SAFE,SAFE,SAFE,10,0,100,False,0,10,0,12,100,100,False,False,False,False,True,False
18.2,55.02,3114,4,12,0,22.0,30.0,29955.7,100,7.47,False,0.6,4.11,0,10,0,False,False,0,DRY,NORMAL,10,0,100,False,0,BRIGHT,CLEAR,10,100,False,False,0,SAFE,SAFE,SAFE,10,0,100,False,0,10,0,12,100,100,False,False,False,False,True,False
18.25,55.04,3115,4,12,0,22.0,30.0,29955.7,100,7.44,False,0.61,4.03,0,10,0,False,False,0,DRY,NORMAL,10,0,100,False,0,BRIGHT,CLEAR,10,100,False,False,0,SAFE,SAFE,SAFE,10,0,100,False,0,10,0,12,100,100,False,False,False,False,True,False
18.3,55.11,3119,4,12,0,22.0,30.0,29955.7,100,7.41,False,0.62,3.86,0,0,0,False,False,0,DRY,NORMAL,10,0,100,False,0,BRIGHT,CLEAR,10,100,False,False,0,SAFE,SAFE,SAFE,10,0,100,False,0,0,0,12,100,100,False,False,False,False,True,False
18.35,55.17,3123,4,12,0,22.0,30.0,29955.7,100,7.38,False,0.64,3.69,0,0,0,False,False,0,DRY,NORMAL,10,0,100,False,0,BRIGHT,CLEAR,10,100,False,False,0,SAFE,SAFE,SAFE,10,0,100,False,0,0,0,12,100,100,False,False,False,False,True,False
18.4,55.2,3124,4,12,0,22.0,30.0,29955.7,100,7.34,False,0.65,3.6,0,0,0,False,False,0,DRY,NORMAL,10,0,100,False,0,BRIGHT,CLEAR,10,100,False,False,0,SAFE,SAFE,SAFE,10,0,100,False,0,0,0,12,100,100,False,False,False,False,True,False
18.45,55.17,3123,4,12,0,22.0,30.0,29955.7,100,7.31,False,0.64,3.59,0,0,0,False,False,0,DRY,NORMAL,10,0,100,False,0,BRIGHT,CLEAR,10,100,False,False,0,SAFE,SAFE,SAFE,10,0,100,False,0,0,0,12,100,100,False,False,False,False,True,False
18.5,55.11,3119,4,12,0,22.0,30.0,29955.7,100,7.28,False,0.63,3.64,0,0,0,False,False,0,DRY,NORMAL,10,0,100,False,0,BRIGHT,CLEAR,10,100,False,False,0,SAFE,SAFE,SAFE,10,0,100,False,0,0,0,12,100,100,False,False,False,False,True,False
18.55,55.03,3114,4,12,0,22.0,30.0,29955.7,100,7.25,False,0.61,3.72,0,0,0,False,False,0,DRY,NORMAL,10,0,100,False,0,BRIGHT,CLEAR,10,100,False,False,0,SAFE,SAFE,SAFE,10,0,100,False,0,0,0,12,100,100,False,False,False,False,True,False
18.6,54.93,3109,4,12,0,22.0,30.0,29955.7,100,7.22,False,0.58,3.82,0,0,0,False,False,0,DRY,NORMAL,10,0,100,False,0,BRIGHT,CLEAR,10,100,False,False,0,SAFE,SAFE,SAFE,10,0,100,False,0,0,0,12,100,100,False,False,False,False,True,False
18.65,54.83,3104,4,12,0,22.0,30.0,29955.7,100,7.19,False,0.55,3.96,0,0,0,False,False,0,DRY,NORMAL,10,0,100,False,0,BRIGHT,CLEAR,10,100,False,False,0,SAFE,SAFE,SAFE,10,0,100,False,0,0,0,12,100,100,False,False,False,False,True,False
18.7,54.73,3098,4,12,0,22.0,30.0,29955.7,100,7.17,False,0.53,4.11,0,10,0,False,False,0,DRY,NORMAL,10,0,100,False,0,BRIGHT,CLEAR,10,100,False,False,0,SAFE,SAFE,SAFE,10,0,100,False,0,10,0,12,100,100,False,False,False,False,True,False
18.75,54.69,3095,4,12,0,22.0,30.0,29955.7,100,7.14,False,0.52,4.15,0,10,0,False,False,0,DRY,NORMAL,10,0,100,False,0,BRIGHT,CLEAR,10,100,False,False,0,SAFE,SAFE,SAFE,10,0,100,False,0,10,0,12,100,100,False,False,False,False,True,False
18.8,54.7,3096,4,12,0,22.0,30.0,29955.7,100,7.12,False,0.52,4.07,0,10,0,False,False,0,DRY,NORMAL,10,0,100,False,0,BRIGHT,CLEAR,10,100,False,False,0,SAFE,SAFE,SAFE,10,0,100,False,0,10,0,12,100,100,False,False,False,False,True,False
18.85,54.76,3099,4,12,0,22.0,30.0,29955.7,100,7.09,False,0.54,3.88,0,0,0,False,False,0,DRY,NORMAL,10,0,100,False,0,BRIGHT,CLEAR,10,100,False,False,0,SAFE,SAFE,SAFE,10,0,100,False,0,0,0,12,100,100,False,False,False,False,True,False
18.9,54.82,3103,4,12,0,22.0,30.0,29955.7,100,7.06,False,0.56,3.7,0,0,0,False,False,0,DRY,NORMAL,10,0,100,False,0,BRIGHT,CLEAR,10,100,False,False,0,SAFE,SAFE,SAFE,10,0,100,False,0,0,0,12,100,100,False,False,False,False,True,False
18.95,54.84,3104,4,12,0,22.0,30.0,29955.7,100,7.03,False,0.56,3.61,0,0,0,False,False,0,DRY,NORMAL,10,0,100,False,0,BRIGHT,CLEAR,10,100,False,False,0,SAFE,SAFE,SAFE,10,0,100,False,0,0,0,12,100,100,False,False,False,False,True,False
19.0,54.81,3102,4,12,0,22.0,30.0,29955.7,100,7.01,False,0.56,3.6,0,0,0,False,False,0,DRY,NORMAL,10,0,100,False,0,BRIGHT,CLEAR,10,100,False,False,0,SAFE,SAFE,SAFE,10,0,100,False,0,0,0,12,100,100,False,False,False,False,True,False
19.05,54.75,3099,4,12,0,22.0,30.0,29955.7,100,6.98,False,0.54,3.67,0,0,0,False,False,0,DRY,NORMAL,10,0,100,False,0,BRIGHT,CLEAR,10,100,False,False,0,SAFE,SAFE,SAFE,10,0,100,False,0,0,0,12,100,100,False,False,False,False,True,False
19.1,54.67,3094,4,12,0,22.0,30.0,29955.7,100,6.95,False,0.52,3.77,0,0,0,False,False,0,DRY,NORMAL,10,0,100,False,0,BRIGHT,CLEAR,10,100,False,False,0,SAFE,SAFE,SAFE,10,0,100,False,0,0,0,12,100,100,False,False,False,False,True,False
19.15,54.57,3089,4,12,0,22.0,30.0,29955.7,100,6.93,False,0.49,3.91,0,0,0,False,False,0,DRY,NORMAL,10,0,100,False,0,BRIGHT,CLEAR,10,100,False,False,0,SAFE,SAFE,SAFE,10,0,100,False,0,0,0,12,100,100,False,False,False,False,True,False
19.2,54.47,3083,4,12,0,22.0,30.0,29955.7,100,6.91,False,0.47,4.08,0,10,0,False,False,0,DRY,NORMAL,10,0,100,False,0,BRIGHT,CLEAR,10,100,False,False,0,SAFE,SAFE,SAFE,10,0,100,False,0,10,0,12,100,100,False,False,False,False,True,False
19.25,54.43,3080,4,12,0,22.0,30.0,29955.7,100,6.88,False,0.46,4.13,0,10,0,False,False,0,DRY,NORMAL,10,0,100,False,0,BRIGHT,CLEAR,10,100,False,False,0,SAFE,SAFE,SAFE,10,0,100,False,0,10,0,12,100,100,False,False,False,False,True,False
19.3,54.43,3081,4,12,0,22.0,30.0,29955.7,100,6.86,False,0.46,4.04,0,10,0,False,False,0,DRY,NORMAL,10,0,100,False,0,BRIGHT,CLEAR,10,100,False,False,0,SAFE,SAFE,SAFE,10,0,100,False,0,10,0,12,100,100,False,False,False,False,True,False
19.35,54.49,3084,4,12,0,22.0,30.0,29955.7,100,6.84,False,0.48,3.84,0,0,0,False,False,0,DRY,NORMAL,10,0,100,False,0,BRIGHT,CLEAR,10,100,False,False,0,SAFE,SAFE,SAFE,10,0,100,False,0,0,0,12,100,100,False,False,False,False,True,False
19.4,54.55,3088,4,12,0,22.0,30.0,29955.7,100,6.81,False,0.5,3.65,0,0,0,False,False,0,DRY,NORMAL,10,0,100,False,0,BRIGHT,CLEAR,10,100,False,False,0,SAFE,SAFE,SAFE,10,0,100,False,0,0,0,12,100,100,False,False,False,False,True,False
19.45,54.57,3089,4,12,0,22.0,30.0,29955.7,100,6.79,False,0.5,3.56,0,0,0,False,False,0,DRY,NORMAL,10,0,100,False,0,BRIGHT,CLEAR,10,100,False,False,0,SAFE,SAFE,SAFE,10,0,100,False,0,0,0,12,100,100,False,False,False,False,True,False
19.5,54.54,3087,4,12,0,22.0,30.0,30612.2,100,6.76,False,0.5,3.56,0,0,0,False,False,0,DRY,NORMAL,10,0,100,False,0,BRIGHT,CLEAR,10,100,False,False,0,SAFE,SAFE,SAFE,10,0,100,False,0,0,0,12,100,100,False,False,False,False,True,False
19.55,54.47,3083,4,12,0,22.0,30.0,30612.2,100,6.74,False,0.48,3.64,0,0,0,False,False,0,DRY,NORMAL,10,0,100,False,0,BRIGHT,CLEAR,10,100,False,False,0,SAFE,SAFE,SAFE,10,0,100,False,0,0,0,12,100,100,False,False,False,False,True,False
19.6,54.38,3078,4,12,0,22.0,30.0,30612.2,100,6.72,False,0.45,3.78,0,0,0,False,False,0,DRY,NORMAL,10,0,100,False,0,BRIGHT,CLEAR,10,100,False,False,0,SAFE,SAFE,SAFE,10,0,100,False,0,0,0,12,100,100,False,False,False,False,True,False
19.65,54.28,3072,4,12,0,22.0,30.0,30612.2,100,6.69,False,0.43,3.96,0,0,0,False,False,0,DRY,NORMAL,10,0,100,False,0,BRIGHT,CLEAR,10,100,False,False,0,SAFE,SAFE,SAFE,10,0,100,False,0,0,0,12,100,100,False,False,False,False,True,False
19.7,54.18,3066,4,12,0,22.0,30.0,30612.2,100,6.67,False,0.4,4.18,0,10,0,False,False,0,DRY,NORMAL,10,0,100,False,0,BRIGHT,CLEAR,10,100,False,False,0,SAFE,SAFE,SAFE,10,0,100,False,0,10,0,12,100,100,False,False,False,False,True,False
19.75,54.13,3064,4,12,0,22.0,30.0,30612.2,100,6.65,False,0.39,4.25,0,10,0,False,False,0,DRY,NORMAL,10,0,100,False,0,BRIGHT,CLEAR,10,100,False,False,0,SAFE,SAFE,SAFE,10,0,100,False,0,10,0,12,100,100,False,False,False,False,True,False
19.8,54.14,3064,4,12,0,22.0,30.0,30612.2,100,6.64,False,0.39,4.17,0,10,0,False,False,0,DRY,NORMAL,10,0,100,False,0,BRIGHT,CLEAR,10,100,False,False,0,SAFE,SAFE,SAFE,10,0,100,False,0,10,0,12,100,100,False,False,False,False,True,False
19.85,54.19,3067,4,12,0,22.0,30.0,30612.2,100,6.62,False,0.41,3.95,0,0,0,False,False,0,DRY,NORMAL,10,0,100,False,0,BRIGHT,CLEAR,10,100,False,False,0,SAFE,SAFE,SAFE,10,0,100,False,0,0,0,12,100,100,False,False,False,False,True,False
19.9,54.25,3071,4,12,0,22.0,30.0,30612.2,100,6.6,False,0.43,3.73,0,0,0,False,False,0,DRY,NORMAL,10,0,100,False,0,BRIGHT,CLEAR,10,100,False,False,0,SAFE,SAFE,SAFE,10,0,100,False,0,0,0,12,100,100,False,False,False,False,True,False
19.95,54.26,3071,4,12,0,22.0,30.0,30612.2,100,6.57,False,0.43,3.65,0,0,0,False,False,0,DRY,NORMAL,10,0,100,False,0,BRIGHT,CLEAR,10,100,False,False,0,SAFE,SAFE,SAFE,10,0,100,False,0,0,0,12,100,100,False,False,False,False,True,False
20.0,54.23,3069,4,12,0,22.0,30.0,30612.2,100,6.55,False,0.42,3.66,0,0,0,False,False,0,DRY,NORMAL,10,0,100,False,0,BRIGHT,CLEAR,10,100,False,False,0,SAFE,SAFE,SAFE,10,0,100,False,0,0,0,12,100,100,False,False,False,False,True,False
20.05,54.15,3065,4,12,0,22.0,30.0,30612.2,100,999.0,True,0.42,20.0,0,10,0,False,False,0,DRY,NORMAL,10,0,100,False,0,BRIGHT,CLEAR,10,100,False,False,0,SAFE,SAFE,SAFE,10,0,100,False,0,10,0,12,100,100,False,False,False,False,True,False
20.1,54.13,3063,4,12,0,22.0,30.0,30612.2,100,999.0,True,0.42,20.0,0,10,0,False,False,0,DRY,NORMAL,10,0,100,False,0,BRIGHT,CLEAR,10,100,False,False,0,SAFE,SAFE,SAFE,10,0,100,False,0,10,0,12,100,100,False,False,False,False,True,False
20.15,54.14,3064,4,12,0,22.0,30.0,30612.2,100,999.0,True,0.42,20.0,0,10,0,False,False,0,DRY,NORMAL,10,0,100,False,0,BRIGHT,CLEAR,10,100,False,False,0,SAFE,SAFE,SAFE,10,0,100,False,0,10,0,12,100,100,False,False,False,False,True,False
20.2,54.2,3067,4,12,0,22.0,30.0,30612.2,100,999.0,True,0.42,20.0,0,10,0,False,False,0,DRY,NORMAL,10,0,100,False,0,BRIGHT,CLEAR,10,100,False,False,0,SAFE,SAFE,SAFE,10,0,100,False,0,10,0,12,100,100,False,False,False,False,True,False
20.25,54.33,3075,4,12,0,22.0,30.0,30612.2,100,999.0,True,0.42,20.0,0,10,0,False,False,0,DRY,NORMAL,10,0,100,False,0,BRIGHT,CLEAR,10,100,False,False,0,SAFE,SAFE,SAFE,10,0,100,False,0,10,0,12,100,100,False,False,False,False,True,False
20.3,54.52,3086,4,12,0,22.0,30.0,30612.2,100,999.0,True,0.42,20.0,0,10,0,False,False,0,DRY,NORMAL,10,0,100,False,0,BRIGHT,CLEAR,10,100,False,False,0,SAFE,SAFE,SAFE,10,0,100,False,0,10,0,12,100,100,False,False,False,False,True,False
20.35,54.75,3099,4,12,0,22.0,30.0,30612.2,100,999.0,True,0.42,20.0,0,10,0,False,False,0,DRY,NORMAL,10,0,100,False,0,BRIGHT,CLEAR,10,100,False,False,0,SAFE,SAFE,SAFE,10,0,100,False,0,10,0,12,100,100,False,False,False,False,True,False
20.4,55.0,3113,4,12,0,22.0,30.0,30612.2,100,999.0,True,0.42,20.0,0,10,0,False,False,0,DRY,NORMAL,10,0,100,False,0,BRIGHT,CLEAR,10,100,False,False,0,SAFE,SAFE,SAFE,10,0,100,False,0,10,0,12,100,100,False,False,False,False,True,False
20.45,55.27,3128,4,12,0,22.0,30.0,30612.2,100,999.0,True,0.42,20.0,0,10,0,False,False,0,DRY,NORMAL,10,0,100,False,0,BRIGHT,CLEAR,10,100,False,False,0,SAFE,SAFE,SAFE,10,0,100,False,0,10,0,12,100,100,False,False,False,False,True,False
20.5,55.56,3145,4,12,0,22.0,30.0,30612.2,100,999.0,True,0.42,20.0,0,10,0,False,False,0,DRY,NORMAL,10,0,100,False,0,BRIGHT,CLEAR,10,100,False,False,0,SAFE,SAFE,SAFE,10,0,100,False,0,10,0,12,100,100,False,False,False,False,True,False
20.55,55.87,3162,4,12,0,22.0,30.0,30612.2,100,999.0,True,0.42,20.0,0,10,0,False,False,0,DRY,NORMAL,10,0,100,False,0,BRIGHT,CLEAR,10,100,False,False,0,SAFE,SAFE,SAFE,10,0,100,False,0,10,0,12,100,100,False,False,False,False,True,False
20.6,56.18,3180,4,12,0,22.0,30.0,30612.2,100,999.0,True,0.42,20.0,0,10,0,False,False,0,DRY,NORMAL,10,0,100,False,0,BRIGHT,CLEAR,10,100,False,False,0,SAFE,SAFE,SAFE,10,0,100,False,0,10,0,12,100,100,False,False,False,False,True,False
20.65,56.49,3198,4,12,0,22.0,30.0,30612.2,100,999.0,True,0.42,20.0,0,10,0,False,False,0,DRY,NORMAL,10,0,100,False,0,BRIGHT,CLEAR,10,100,False,False,0,SAFE,SAFE,SAFE,10,0,100,False,0,10,0,12,100,100,False,False,False,False,True,False
20.7,56.82,3216,4,12,0,22.0,30.0,30612.2,100,999.0,True,0.42,20.0,0,10,0,False,False,0,DRY,NORMAL,10,0,100,False,0,BRIGHT,CLEAR,10,100,False,False,0,SAFE,SAFE,SAFE,10,0,100,False,0,10,0,12,100,100,False,False,False,False,True,False
20.75,57.14,3234,4,12,0,22.0,30.0,30612.2,100,999.0,True,0.42,20.0,0,10,0,False,False,0,DRY,NORMAL,10,0,100,False,0,BRIGHT,CLEAR,10,100,False,False,0,SAFE,SAFE,SAFE,10,0,100,False,0,10,0,12,100,100,False,False,False,False,True,False
20.8,57.48,3253,4,12,0,22.0,30.0,30612.2,100,999.0,True,0.42,20.0,0,10,0,False,False,0,DRY,NORMAL,10,0,100,False,0,BRIGHT,CLEAR,10,100,False,False,0,SAFE,SAFE,SAFE,10,0,100,False,0,10,0,12,100,100,False,False,False,False,True,False
20.85,57.81,3272,4,12,0,22.0,30.0,30612.2,100,999.0,True,0.42,20.0,0,10,0,False,False,0,DRY,NORMAL,10,0,100,False,0,BRIGHT,CLEAR,10,100,False,False,0,SAFE,SAFE,SAFE,10,0,100,False,0,10,0,12,100,100,False,False,False,False,True,False
20.9,58.15,3291,4,12,0,22.0,30.0,30612.2,100,999.0,True,0.42,20.0,0,10,0,False,False,0,DRY,NORMAL,10,0,100,False,0,BRIGHT,CLEAR,10,100,False,False,0,SAFE,SAFE,SAFE,10,0,100,False,0,10,0,12,100,100,False,False,False,False,True,False
20.95,58.48,3310,4,12,0,22.0,30.0,30612.2,100,999.0,True,0.42,20.0,0,10,0,False,False,0,DRY,NORMAL,10,0,100,False,0,BRIGHT,CLEAR,10,100,False,False,0,SAFE,SAFE,SAFE,10,0,100,False,0,10,0,12,100,100,False,False,False,False,True,False
21.0,58.82,3329,4,12,0,22.0,30.0,31186.9,100,999.0,True,0.42,20.0,0,10,0,False,False,0,DRY,NORMAL,10,0,100,False,0,BRIGHT,CLEAR,10,100,False,False,0,SAFE,SAFE,SAFE,10,0,100,False,0,10,0,12,100,100,False,False,False,False,True,False
21.05,59.16,3348,4,12,0,22.0,30.0,31186.9,100,999.0,True,0.42,20.0,0,10,0,False,False,0,DRY,NORMAL,10,0,100,False,0,BRIGHT,CLEAR,10,100,False,False,0,SAFE,SAFE,SAFE,10,0,100,False,0,10,0,12,100,100,False,False,False,False,True,False
21.1,59.5,3368,4,12,0,22.0,30.0,31186.9,100,999.0,True,0.42,20.0,0,10,0,False,False,0,DRY,NORMAL,10,0,100,False,0,BRIGHT,CLEAR,10,100,False,False,0,SAFE,SAFE,SAFE,10,0,100,False,0,10,0,12,100,100,False,False,False,False,True,False
21.15,59.85,3387,4,12,0,22.0,30.0,31186.9,100,999.0,True,0.42,20.0,0,10,0,False,False,0,DRY,NORMAL,10,0,100,False,0,BRIGHT,CLEAR,10,100,False,False,0,SAFE,SAFE,SAFE,10,0,100,False,0,10,0,12,100,100,False,False,False,False,True,False
21.2,60.19,3407,4,12,0,22.0,30.0,31186.9,100,999.0,True,0.42,20.0,0,10,0,False,False,0,DRY,NORMAL,10,0,100,False,0,BRIGHT,CLEAR,10,100,False,False,0,SAFE,SAFE,SAFE,10,0,100,False,0,10,0,12,100,100,False,False,False,False,True,False
21.25,60.54,3426,4,12,0,22.0,30.0,31186.9,100,999.0,True,0.42,20.0,0,10,0,False,False,0,DRY,NORMAL,10,0,100,False,0,BRIGHT,CLEAR,10,100,False,False,0,SAFE,SAFE,SAFE,10,0,100,False,0,10,0,12,100,100,False,False,False,False,True,False
21.3,60.88,3446,4,12,0,22.0,30.0,31186.9,100,999.0,True,0.42,20.0,0,10,0,False,False,0,DRY,NORMAL,10,0,100,False,0,BRIGHT,CLEAR,10,100,False,False,0,SAFE,SAFE,SAFE,10,0,100,False,0,10,0,12,100,100,False,False,False,False,True,False
21.35,61.23,3466,4,12,0,22.0,30.0,31186.9,100,999.0,True,0.42,20.0,0,10,0,False,False,0,DRY,NORMAL,10,0,100,False,0,BRIGHT,CLEAR,10,100,False,False,0,SAFE,SAFE,SAFE,10,0,100,False,0,10,0,12,100,100,False,False,False,False,True,False
21.4,61.58,3486,4,12,0,22.0,30.0,31186.9,100,999.0,True,0.42,20.0,0,10,0,False,False,0,DRY,NORMAL,10,0,100,False,0,BRIGHT,CLEAR,10,100,False,False,0,SAFE,SAFE,SAFE,10,0,100,False,0,10,0,12,100,100,False,False,False,False,True,False
21.45,61.93,3505,4,12,0,22.0,30.0,31186.9,100,999.0,True,0.42,20.0,0,10,0,False,False,0,DRY,NORMAL,10,0,100,False,0,BRIGHT,CLEAR,10,100,False,False,0,SAFE,SAFE,SAFE,10,0,100,False,0,10,0,12,100,100,False,False,False,False,True,False
21.5,62.28,3525,4,12,0,22.0,30.0,31186.9,100,999.0,True,0.42,20.0,0,10,0,False,False,0,DRY,NORMAL,10,0,100,False,0,BRIGHT,CLEAR,10,100,False,False,0,SAFE,SAFE,SAFE,10,0,100,False,0,10,0,12,100,100,False,False,False,False,True,False
21.55,62.64,3545,4,12,0,22.0,30.0,31186.9,100,999.0,True,0.42,20.0,0,10,0,False,False,0,DRY,NORMAL,10,0,100,False,0,BRIGHT,CLEAR,10,100,False,False,0,SAFE,SAFE,SAFE,10,0,100,False,0,10,0,12,100,100,False,False,False,False,True,False
21.6,62.99,3565,4,12,0,22.0,30.0,31186.9,100,999.0,True,0.42,20.0,0,10,0,False,False,0,DRY,NORMAL,10,0,100,False,0,BRIGHT,CLEAR,10,100,False,False,0,SAFE,SAFE,SAFE,10,0,100,False,0,10,0,12,100,100,False,False,False,False,True,False
21.65,63.34,3585,4,12,0,22.0,30.0,31186.9,100,999.0,True,0.42,20.0,0,10,0,False,False,0,DRY,NORMAL,10,0,100,False,0,BRIGHT,CLEAR,10,100,False,False,0,SAFE,SAFE,SAFE,10,0,100,False,0,10,0,12,100,100,False,False,False,False,True,False
21.7,63.7,3605,4,12,0,22.0,30.0,31186.9,100,999.0,True,0.42,20.0,0,10,0,False,False,0,DRY,NORMAL,10,0,100,False,0,BRIGHT,CLEAR,10,100,False,False,0,SAFE,SAFE,SAFE,10,0,100,False,0,10,0,12,100,100,False,False,False,False,True,False
21.75,64.06,3626,4,12,0,22.0,30.0,31186.9,100,999.0,True,0.42,20.0,0,10,0,False,False,0,DRY,NORMAL,10,0,100,False,0,BRIGHT,CLEAR,10,100,False,False,0,SAFE,SAFE,SAFE,10,0,100,False,0,10,0,12,100,100,False,False,False,False,True,False
21.8,64.42,3646,4,12,0,22.0,30.0,31186.9,100,999.0,True,0.42,20.0,0,10,0,False,False,0,DRY,NORMAL,10,0,100,False,0,BRIGHT,CLEAR,10,100,False,False,0,SAFE,SAFE,SAFE,10,0,100,False,0,10,0,12,100,100,False,False,False,False,True,False
21.85,64.78,3666,4,12,0,22.0,30.0,31186.9,100,999.0,True,0.42,20.0,0,10,0,False,False,0,DRY,NORMAL,10,0,100,False,0,BRIGHT,CLEAR,10,100,False,False,0,SAFE,SAFE,SAFE,10,0,100,False,0,10,0,12,100,100,False,False,False,False,True,False
21.9,65.14,3687,4,12,0,22.0,30.0,31186.9,100,999.0,True,0.42,20.0,0,10,0,False,False,0,DRY,NORMAL,10,0,100,False,0,BRIGHT,CLEAR,10,100,False,False,0,SAFE,SAFE,SAFE,10,0,100,False,0,10,0,12,100,100,False,False,False,False,True,False
21.95,65.5,3707,4,12,0,22.0,30.0,31186.9,100,999.0,True,0.42,20.0,0,10,0,False,False,0,DRY,NORMAL,10,0,100,False,0,BRIGHT,CLEAR,10,100,False,False,0,SAFE,SAFE,SAFE,10,0,100,False,0,10,0,12,100,100,False,False,False,False,True,False
22.0,65.86,3728,4,12,0,22.0,30.0,31186.9,100,999.0,True,0.42,20.0,0,10,0,False,False,0,DRY,NORMAL,10,0,100,False,0,BRIGHT,CLEAR,10,100,False,False,0,SAFE,SAFE,SAFE,10,0,100,False,0,10,0,12,100,100,False,False,False,False,True,False
22.05,66.22,3748,4,12,0,22.0,30.0,31186.9,100,999.0,True,0.42,20.0,0,10,0,False,False,0,DRY,NORMAL,10,0,100,False,0,BRIGHT,CLEAR,10,100,False,False,0,SAFE,SAFE,SAFE,10,0,100,False,0,10,0,12,100,100,False,False,False,False,True,False
22.1,66.59,3769,4,12,0,22.0,30.0,31186.9,100,999.0,True,0.42,20.0,0,10,0,False,False,0,DRY,NORMAL,10,0,100,False,0,BRIGHT,CLEAR,10,100,False,False,0,SAFE,SAFE,SAFE,10,0,100,False,0,10,0,12,100,100,False,False,False,False,True,False
22.15,66.95,3790,4,12,0,22.0,30.0,31186.9,100,999.0,True,0.42,20.0,0,10,0,False,False,0,DRY,NORMAL,10,0,100,False,0,BRIGHT,CLEAR,10,100,False,False,0,SAFE,SAFE,SAFE,10,0,100,False,0,10,0,12,100,100,False,False,False,False,True,False
22.2,67.32,3810,4,12,0,22.0,30.0,31186.9,100,999.0,True,0.42,20.0,0,10,0,False,False,0,DRY,NORMAL,10,0,100,False,0,BRIGHT,CLEAR,10,100,False,False,0,SAFE,SAFE,SAFE,10,0,100,False,0,10,0,12,100,100,False,False,False,False,True,False
22.25,67.69,3831,4,12,0,22.0,30.0,31186.9,100,999.0,True,0.42,20.0,0,10,0,False,False,0,DRY,NORMAL,10,0,100,False,0,BRIGHT,CLEAR,10,100,False,False,0,SAFE,SAFE,SAFE,10,0,100,False,0,10,0,12,100,100,False,False,False,False,True,False
22.3,68.06,3852,4,12,0,22.0,30.0,31186.9,100,999.0,True,0.42,20.0,0,10,0,False,False,0,DRY,NORMAL,10,0,100,False,0,BRIGHT,CLEAR,10,100,False,False,0,SAFE,SAFE,SAFE,10,0,100,False,0,10,0,12,100,100,False,False,False,False,True,False
22.35,68.43,3873,4,12,0,22.0,30.0,31186.9,100,999.0,True,0.42,20.0,0,10,0,False,False,0,DRY,NORMAL,10,0,100,False,0,BRIGHT,CLEAR,10,100,False,False,0,SAFE,SAFE,SAFE,10,0,100,False,0,10,0,12,100,100,False,False,False,False,True,False
22.4,68.8,3894,4,12,0,22.0,30.0,31186.9,100,999.0,True,0.42,20.0,0,10,0,False,False,0,DRY,NORMAL,10,0,100,False,0,BRIGHT,CLEAR,10,100,False,False,0,SAFE,SAFE,SAFE,10,0,100,False,0,10,0,12,100,100,False,False,False,False,True,False
22.45,69.17,3915,4,12,0,22.0,30.0,31186.9,100,999.0,True,0.42,20.0,0,10,0,False,False,0,DRY,NORMAL,10,0,100,False,0,BRIGHT,CLEAR,10,100,False,False,0,SAFE,SAFE,SAFE,10,0,100,False,0,10,0,12,100,100,False,False,False,False,True,False
22.5,69.54,3936,4,12,0,22.0,30.0,31677.8,100,999.0,True,0.42,20.0,0,10,0,False,False,0,DRY,NORMAL,10,0,100,False,0,BRIGHT,CLEAR,10,100,False,False,0,SAFE,SAFE,SAFE,10,0,100,False,0,10,0,12,100,100,False,False,False,False,True,False
22.55,69.92,3958,4,12,0,22.0,30.0,31677.8,100,999.0,True,0.42,20.0,0,10,0,False,False,0,DRY,NORMAL,10,0,100,False,0,BRIGHT,CLEAR,10,100,False,False,0,SAFE,SAFE,SAFE,10,0,100,False,0,10,0,12,100,100,False,False,False,False,True,False
22.6,70.3,3979,4,12,0,22.0,30.0,31677.8,100,999.0,True,0.42,20.0,0,10,0,False,False,0,DRY,NORMAL,10,0,100,False,0,BRIGHT,CLEAR,10,100,False,False,0,SAFE,SAFE,SAFE,10,0,100,False,0,10,0,12,100,100,False,False,False,False,True,False
22.65,70.67,4000,4,12,0,22.0,30.0,31677.8,100,999.0,True,0.42,20.0,0,10,0,False,False,0,DRY,NORMAL,10,0,100,False,0,BRIGHT,CLEAR,10,100,False,False,0,SAFE,SAFE,SAFE,10,0,100,False,0,10,0,12,100,100,False,False,False,False,True,False
22.7,71.05,4022,4,12,0,22.0,30.0,31677.8,100,999.0,True,0.42,20.0,0,10,0,False,False,0,DRY,NORMAL,10,0,100,False,0,BRIGHT,CLEAR,10,100,False,False,0,SAFE,SAFE,SAFE,10,0,100,False,0,10,0,12,100,100,False,False,False,False,True,False
22.75,71.43,4043,4,12,0,22.0,30.0,31677.8,100,999.0,True,0.42,20.0,0,10,0,False,False,0,DRY,NORMAL,10,0,100,False,0,BRIGHT,CLEAR,10,100,False,False,0,SAFE,SAFE,SAFE,10,0,100,False,0,10,0,12,100,100,False,False,False,False,True,False
22.8,71.81,4065,4,12,0,22.0,30.0,31677.8,100,999.0,True,0.42,20.0,0,10,0,False,False,0,DRY,NORMAL,10,0,100,False,0,BRIGHT,CLEAR,10,100,False,False,0,SAFE,SAFE,SAFE,10,0,100,False,0,10,0,12,100,100,False,False,False,False,True,False
22.85,72.19,4086,4,12,0,22.0,30.0,31677.8,100,999.0,True,0.42,20.0,0,10,0,False,False,0,DRY,NORMAL,10,0,100,False,0,BRIGHT,CLEAR,10,100,False,False,0,SAFE,SAFE,SAFE,10,0,100,False,0,10,0,12,100,100,False,False,False,False,True,False
22.9,72.57,4108,4,12,0,22.0,30.0,31677.8,100,999.0,True,0.42,20.0,0,10,0,False,False,0,DRY,NORMAL,10,0,100,False,0,BRIGHT,CLEAR,10,100,False,False,0,SAFE,SAFE,SAFE,10,0,100,False,0,10,0,12,100,100,False,False,False,False,True,False
22.95,72.96,4129,4,12,0,22.0,30.0,31677.8,100,999.0,True,0.42,20.0,0,10,0,False,False,0,DRY,NORMAL,10,0,100,False,0,BRIGHT,CLEAR,10,100,False,False,0,SAFE,SAFE,SAFE,10,0,100,False,0,10,0,12,100,100,False,False,False,False,True,False
23.0,73.34,4151,4,12,0,22.0,30.0,31677.8,100,999.0,True,0.42,20.0,0,10,0,False,False,0,DRY,NORMAL,10,0,100,False,0,BRIGHT,CLEAR,10,100,False,False,0,SAFE,SAFE,SAFE,10,0,100,False,0,10,0,12,100,100,False,False,False,False,True,False
23.05,73.73,4173,4,12,0,22.0,30.0,31677.8,100,999.0,True,0.42,20.0,0,10,0,False,False,0,DRY,NORMAL,10,0,100,False,0,BRIGHT,CLEAR,10,100,False,False,0,SAFE,SAFE,SAFE,10,0,100,False,0,10,0,12,100,100,False,False,False,False,True,False
23.1,74.12,4195,4,12,0,22.0,30.0,31677.8,100,999.0,True,0.42,20.0,0,10,0,False,False,0,DRY,NORMAL,10,0,100,False,0,BRIGHT,CLEAR,10,100,False,False,0,SAFE,SAFE,SAFE,10,0,100,False,0,10,0,12,100,100,False,False,False,False,True,False
23.15,74.5,4217,4,12,0,22.0,30.0,31677.8,100,999.0,True,0.42,20.0,0,10,0,False,False,0,DRY,NORMAL,10,0,100,False,0,BRIGHT,CLEAR,10,100,False,False,0,SAFE,SAFE,SAFE,10,0,100,False,0,10,0,12,100,100,False,False,False,False,True,False
23.2,74.89,4239,4,12,0,22.0,30.0,31677.8,100,999.0,True,0.42,20.0,0,10,0,False,False,0,DRY,NORMAL,10,0,100,False,0,BRIGHT,CLEAR,10,100,False,False,0,SAFE,SAFE,SAFE,10,0,100,False,0,10,0,12,100,100,False,False,False,False,True,False
23.25,75.28,4261,4,12,0,22.0,30.0,31677.8,100,999.0,True,0.42,20.0,0,10,0,False,False,0,DRY,NORMAL,10,0,100,False,0,BRIGHT,CLEAR,10,100,False,False,0,SAFE,SAFE,SAFE,10,0,100,False,0,10,0,12,100,100,False,False,False,False,True,False
23.3,75.67,4283,4,12,0,22.0,30.0,31677.8,100,999.0,True,0.42,20.0,0,10,0,False,False,0,DRY,NORMAL,10,0,100,False,0,BRIGHT,CLEAR,10,100,False,False,0,SAFE,SAFE,SAFE,10,0,100,False,0,10,0,12,100,100,False,False,False,False,True,False
23.35,76.07,4305,4,12,0,22.0,30.0,31677.8,100,999.0,True,0.42,20.0,0,10,0,False,False,0,DRY,NORMAL,10,0,100,False,0,BRIGHT,CLEAR,10,100,False,False,0,SAFE,SAFE,SAFE,10,0,100,False,0,10,0,12,100,100,False,False,False,False,True,False
23.4,76.46,4328,4,12,0,22.0,30.0,31677.8,100,999.0,True,0.42,20.0,0,10,0,False,False,0,DRY,NORMAL,10,0,100,False,0,BRIGHT,CLEAR,10,100,False,False,0,SAFE,SAFE,SAFE,10,0,100,False,0,10,0,12,100,100,False,False,False,False,True,False
23.45,76.86,4350,4,12,0,22.0,30.0,31677.8,100,999.0,True,0.42,20.0,0,10,0,False,False,0,DRY,NORMAL,10,0,100,False,0,BRIGHT,CLEAR,10,100,False,False,0,SAFE,SAFE,SAFE,10,0,100,False,0,10,0,12,100,100,False,False,False,False,True,False
23.5,77.25,4373,4,12,0,22.0,30.0,31677.8,100,999.0,True,0.42,20.0,0,10,0,False,False,0,DRY,NORMAL,10,0,100,False,0,BRIGHT,CLEAR,10,100,False,False,0,SAFE,SAFE,SAFE,10,0,100,False,0,10,0,12,100,100,False,False,False,False,True,False
23.55,77.65,4395,4,12,0,22.0,30.0,31677.8,100,999.0,True,0.42,20.0,0,10,0,False,False,0,DRY,NORMAL,10,0,100,False,0,BRIGHT,CLEAR,10,100,False,False,0,SAFE,SAFE,SAFE,10,0,100,False,0,10,0,12,100,100,False,False,False,False,True,False
23.6,78.05,4418,4,12,0,22.0,30.0,31677.8,100,999.0,True,0.42,20.0,0,10,0,False,False,0,DRY,NORMAL,10,0,100,False,0,BRIGHT,CLEAR,10,100,False,False,0,SAFE,SAFE,SAFE,10,0,100,False,0,10,0,12,100,100,False,False,False,False,True,False
23.65,78.45,4440,4,12,0,22.0,30.0,31677.8,100,999.0,True,0.42,20.0,0,10,0,False,False,0,DRY,NORMAL,10,0,100,False,0,BRIGHT,CLEAR,10,100,False,False,0,SAFE,SAFE,SAFE,10,0,100,False,0,10,0,12,100,100,False,False,False,False,True,False
23.7,78.85,4463,4,12,0,22.0,30.0,31677.8,100,999.0,True,0.42,20.0,0,10,0,False,False,0,DRY,NORMAL,10,0,100,False,0,BRIGHT,CLEAR,10,100,False,False,0,SAFE,SAFE,SAFE,10,0,100,False,0,10,0,12,100,100,False,False,False,False,True,False
23.75,79.25,4486,4,12,0,22.0,30.0,31677.8,100,999.0,True,0.42,20.0,0,10,0,False,False,0,DRY,NORMAL,10,0,100,False,0,BRIGHT,CLEAR,10,100,False,False,0,SAFE,SAFE,SAFE,10,0,100,False,0,10,0,12,100,100,False,False,False,False,True,False
23.8,79.65,4508,4,12,0,22.0,30.0,31677.8,100,999.0,True,0.42,20.0,0,10,0,False,False,0,DRY,NORMAL,10,0,100,False,0,BRIGHT,CLEAR,10,100,False,False,0,SAFE,SAFE,SAFE,10,0,100,False,0,10,0,12,100,100,False,False,False,False,True,False
23.85,80.06,4531,4,12,0,22.0,30.0,31677.8,100,999.0,True,0.42,20.0,0,10,0,False,False,0,DRY,NORMAL,10,0,100,False,0,BRIGHT,CLEAR,10,100,False,False,0,SAFE,SAFE,SAFE,10,0,100,False,0,10,0,12,100,100,False,False,False,False,True,False
23.9,80.46,4554,4,12,0,22.0,30.0,31677.8,100,999.0,True,0.42,20.0,0,10,0,False,False,0,DRY,NORMAL,10,0,100,False,0,BRIGHT,CLEAR,10,100,False,False,0,SAFE,SAFE,SAFE,10,0,100,False,0,10,0,12,100,100,False,False,False,False,True,False
23.95,80.87,4577,4,12,0,22.0,30.0,31677.8,100,999.0,True,0.42,20.0,0,10,0,False,False,0,DRY,NORMAL,10,0,100,False,0,BRIGHT,CLEAR,10,100,False,False,0,SAFE,SAFE,SAFE,10,0,100,False,0,10,0,12,100,100,False,False,False,False,True,False
24.0,81.27,4600,4,12,0,22.0,30.0,32079.5,100,999.0,True,0.42,20.0,0,10,0,False,False,0,DRY,NORMAL,10,0,100,False,0,BRIGHT,CLEAR,10,100,False,False,0,SAFE,SAFE,SAFE,10,0,100,False,0,10,0,12,100,100,False,False,False,False,True,False
24.05,81.68,4623,4,12,0,22.0,30.0,32079.5,100,999.0,True,0.42,20.0,0,10,0,False,False,0,DRY,NORMAL,10,0,100,False,0,BRIGHT,CLEAR,10,100,False,False,0,SAFE,SAFE,SAFE,10,0,100,False,0,10,0,12,100,100,False,False,False,False,True,False
24.1,82.09,4647,4,12,0,22.0,30.0,32079.5,100,999.0,True,0.42,20.0,0,10,0,False,False,0,DRY,NORMAL,10,0,100,False,0,BRIGHT,CLEAR,10,100,False,False,0,SAFE,SAFE,SAFE,10,0,100,False,0,10,0,12,100,100,False,False,False,False,True,False
24.15,82.5,4670,4,12,0,22.0,30.0,32079.5,100,999.0,True,0.42,20.0,0,10,0,False,False,0,DRY,NORMAL,10,0,100,False,0,BRIGHT,CLEAR,10,100,False,False,0,SAFE,SAFE,SAFE,10,0,100,False,0,10,0,12,100,100,False,False,False,False,True,False
24.2,82.92,4693,4,12,0,22.0,30.0,32079.5,100,999.0,True,0.42,20.0,0,10,0,False,False,0,DRY,NORMAL,10,0,100,False,0,BRIGHT,CLEAR,10,100,False,False,0,SAFE,SAFE,SAFE,10,0,100,False,0,10,0,12,100,100,False,False,False,False,True,False
24.25,83.33,4717,4,12,0,22.0,30.0,32079.5,100,999.0,True,0.42,20.0,0,10,0,False,False,0,DRY,NORMAL,10,0,100,False,0,BRIGHT,CLEAR,10,100,False,False,0,SAFE,SAFE,SAFE,10,0,100,False,0,10,0,12,100,100,False,False,False,False,True,False
24.3,83.74,4740,4,12,0,22.0,30.0,32079.5,100,999.0,True,0.42,20.0,0,10,0,False,False,0,DRY,NORMAL,10,0,100,False,0,BRIGHT,CLEAR,10,100,False,False,0,SAFE,SAFE,SAFE,10,0,100,False,0,10,0,12,100,100,False,False,False,False,True,False
24.35,84.16,4764,4,12,0,22.0,30.0,32079.5,100,999.0,True,0.42,20.0,0,10,0,False,False,0,DRY,NORMAL,10,0,100,False,0,BRIGHT,CLEAR,10,100,False,False,0,SAFE,SAFE,SAFE,10,0,100,False,0,10,0,12,100,100,False,False,False,False,True,False
24.4,84.57,4787,4,12,0,22.0,30.0,32079.5,100,999.0,True,0.42,20.0,0,10,0,False,False,0,DRY,NORMAL,10,0,100,False,0,BRIGHT,CLEAR,10,100,False,False,0,SAFE,SAFE,SAFE,10,0,100,False,0,10,0,12,100,100,False,False,False,False,True,False
24.45,84.99,4811,4,12,0,22.0,30.0,32079.5,100,999.0,True,0.42,20.0,0,10,0,False,False,0,DRY,NORMAL,10,0,100,False,0,BRIGHT,CLEAR,10,100,False,False,0,SAFE,SAFE,SAFE,10,0,100,False,0,10,0,12,100,100,False,False,False,False,True,False
24.5,85.41,4835,4,12,0,22.0,30.0,32079.5,100,999.0,True,0.42,20.0,0,10,0,False,False,0,DRY,NORMAL,10,0,100,False,0,BRIGHT,CLEAR,10,100,False,False,0,SAFE,SAFE,SAFE,10,0,100,False,0,10,0,12,100,100,False,False,False,False,True,False
24.55,85.83,4858,4,12,0,22.0,30.0,32079.5,100,999.0,True,0.42,20.0,0,10,0,False,False,0,DRY,NORMAL,10,0,100,False,0,BRIGHT,CLEAR,10,100,False,False,0,SAFE,SAFE,SAFE,10,0,100,False,0,10,0,12,100,100,False,False,False,False,True,False
24.6,86.25,4882,4,12,0,22.0,30.0,32079.5,100,999.0,True,0.42,20.0,0,10,0,False,False,0,DRY,NORMAL,10,0,100,False,0,BRIGHT,CLEAR,10,100,False,False,0,SAFE,SAFE,SAFE,10,0,100,False,0,10,0,12,100,100,False,False,False,False,True,False
24.65,86.68,4906,4,12,0,22.0,30.0,32079.5,100,999.0,True,0.42,20.0,0,10,0,False,False,0,DRY,NORMAL,10,0,100,False,0,BRIGHT,CLEAR,10,100,False,False,0,SAFE,SAFE,SAFE,10,0,100,False,0,10,0,12,100,100,False,False,False,False,True,False
24.7,87.1,4930,4,12,0,22.0,30.0,32079.5,100,999.0,True,0.42,20.0,0,10,0,False,False,0,DRY,NORMAL,10,0,100,False,0,BRIGHT,CLEAR,10,100,False,False,0,SAFE,SAFE,SAFE,10,0,100,False,0,10,0,12,100,100,False,False,False,False,True,False
24.75,87.52,4954,4,12,0,22.0,30.0,32079.5,100,999.0,True,0.42,20.0,0,10,0,False,False,0,DRY,NORMAL,10,0,100,False,0,BRIGHT,CLEAR,10,100,False,False,0,SAFE,SAFE,SAFE,10,0,100,False,0,10,0,12,100,100,False,False,False,False,True,False
24.8,87.95,4978,4,12,0,22.0,30.0,32079.5,100,999.0,True,0.42,20.0,0,10,0,False,False,0,DRY,NORMAL,10,0,100,False,0,BRIGHT,CLEAR,10,100,False,False,0,SAFE,SAFE,SAFE,10,0,100,False,0,10,0,12,100,100,False,False,False,False,True,False
24.85,88.38,5002,4,12,0,22.0,30.0,32079.5,100,999.0,True,0.42,20.0,0,10,0,False,False,0,DRY,NORMAL,10,0,100,False,0,BRIGHT,CLEAR,10,100,False,False,0,SAFE,SAFE,SAFE,10,0,100,False,0,10,0,12,100,100,False,False,False,False,True,False
24.9,88.8,5026,4,12,0,22.0,30.0,32079.5,100,999.0,True,0.42,20.0,0,10,0,False,False,0,DRY,NORMAL,10,0,100,False,0,BRIGHT,CLEAR,10,100,False,False,0,SAFE,SAFE,SAFE,10,0,100,False,0,10,0,12,100,100,False,False,False,False,True,False
24.95,89.23,5051,4,12,0,22.0,30.0,32079.5,100,999.0,True,0.42,20.0,0,10,0,False,False,0,DRY,NORMAL,10,0,100,False,0,BRIGHT,CLEAR,10,100,False,False,0,SAFE,SAFE,SAFE,10,0,100,False,0,10,0,12,100,100,False,False,False,False,True,False
25.0,89.65,5075,4,12,0,22.0,30.0,32079.5,100,999.0,True,0.42,20.0,0,10,0,False,False,0,DRY,NORMAL,10,0,100,False,0,BRIGHT,CLEAR,10,100,False,False,0,SAFE,SAFE,SAFE,10,0,100,False,0,10,0,12,100,100,False,False,False,False,True,False
25.05,90.08,5099,4,12,0,22.0,30.0,32079.5,100,999.0,True,0.42,20.0,0,10,0,False,False,0,DRY,NORMAL,10,0,100,False,0,BRIGHT,CLEAR,10,100,False,False,0,SAFE,SAFE,SAFE,10,0,100,False,0,10,0,12,100,100,False,False,False,False,True,False
25.1,90.5,5123,4,12,0,22.0,30.0,32079.5,100,999.0,True,0.42,20.0,0,10,0,False,False,0,DRY,NORMAL,10,0,100,False,0,BRIGHT,CLEAR,10,100,False,False,0,SAFE,SAFE,SAFE,10,0,100,False,0,10,0,12,100,100,False,False,False,False,True,False
25.15,90.93,5147,4,12,0,22.0,30.0,32079.5,100,999.0,True,0.42,20.0,0,10,0,False,False,0,DRY,NORMAL,10,0,100,False,0,BRIGHT,CLEAR,10,100,False,False,0,SAFE,SAFE,SAFE,10,0,100,False,0,10,0,12,100,100,False,False,False,False,True,False
25.2,91.35,5171,4,12,0,22.0,30.0,32079.5,100,999.0,True,0.42,20.0,0,10,0,False,False,0,DRY,NORMAL,10,0,100,False,0,BRIGHT,CLEAR,10,100,False,False,0,SAFE,SAFE,SAFE,10,0,100,False,0,10,0,12,100,100,False,False,False,False,True,False
25.25,91.77,5195,4,12,0,22.0,30.0,32079.5,100,999.0,True,0.42,20.0,0,10,0,False,False,0,DRY,NORMAL,10,0,100,False,0,BRIGHT,CLEAR,10,100,False,False,0,SAFE,SAFE,SAFE,10,0,100,False,0,10,0,12,100,100,False,False,False,False,True,False
25.3,92.19,5218,4,12,0,22.0,30.0,32079.5,100,999.0,True,0.42,20.0,0,10,0,False,False,0,DRY,NORMAL,10,0,100,False,0,BRIGHT,CLEAR,10,100,False,False,0,SAFE,SAFE,SAFE,10,0,100,False,0,10,0,12,100,100,False,False,False,False,True,False
25.35,92.61,5242,4,12,0,22.0,30.0,32079.5,100,999.0,True,0.42,20.0,0,10,0,False,False,0,DRY,NORMAL,10,0,100,False,0,BRIGHT,CLEAR,10,100,False,False,0,SAFE,SAFE,SAFE,10,0,100,False,0,10,0,12,100,100,False,False,False,False,True,False
25.4,93.03,5266,4,12,0,22.0,30.0,32079.5,100,999.0,True,0.42,20.0,0,10,0,False,False,0,DRY,NORMAL,10,0,100,False,0,BRIGHT,CLEAR,10,100,False,False,0,SAFE,SAFE,SAFE,10,0,100,False,0,10,0,12,100,100,False,False,False,False,True,False
25.45,93.45,5289,4,12,0,22.0,30.0,32079.5,100,999.0,True,0.42,20.0,0,10,0,False,False,0,DRY,NORMAL,10,0,100,False,0,BRIGHT,CLEAR,10,100,False,False,0,SAFE,SAFE,SAFE,10,0,100,False,0,10,0,12,100,100,False,False,False,False,True,False
25.5,93.87,5313,4,12,0,22.0,30.0,32448.8,100,999.0,True,0.42,20.0,0,10,0,False,False,0,DRY,NORMAL,10,0,100,False,0,BRIGHT,CLEAR,10,100,False,False,0,SAFE,SAFE,SAFE,10,0,100,False,0,10,0,12,100,100,False,False,False,False,True,False
25.55,94.28,5337,4,12,0,22.0,30.0,32448.8,100,999.0,True,0.42,20.0,0,10,0,False,False,0,DRY,NORMAL,10,0,100,False,0,BRIGHT,CLEAR,10,100,False,False,0,SAFE,SAFE,SAFE,10,0,100,False,0,10,0,12,100,100,False,False,False,False,True,False
25.6,94.7,5360,4,12,0,22.0,30.0,32448.8,100,999.0,True,0.42,20.0,0,10,0,False,False,0,DRY,NORMAL,10,0,100,False,0,BRIGHT,CLEAR,10,100,False,False,0,SAFE,SAFE,SAFE,10,0,100,False,0,10,0,12,100,100,False,False,False,False,True,False
25.65,95.12,5384,4,12,0,22.0,30.0,32448.8,100,999.0,True,0.42,20.0,0,10,0,False,False,0,DRY,NORMAL,10,0,100,False,0,BRIGHT,CLEAR,10,100,False,False,0,SAFE,SAFE,SAFE,10,0,100,False,0,10,0,12,100,100,False,False,False,False,True,False
25.7,95.54,5408,4,12,0,22.0,30.0,32448.8,100,999.0,True,0.42,20.0,0,10,0,False,False,0,DRY,NORMAL,10,0,100,False,0,BRIGHT,CLEAR,10,100,False,False,0,SAFE,SAFE,SAFE,10,0,100,False,0,10,0,12,100,100,False,False,False,False,True,False
25.75,95.96,5431,4,12,0,22.0,30.0,32448.8,100,999.0,True,0.42,20.0,0,10,0,False,False,0,DRY,NORMAL,10,0,100,False,0,BRIGHT,CLEAR,10,100,False,False,0,SAFE,SAFE,SAFE,10,0,100,False,0,10,0,12,100,100,False,False,False,False,True,False
25.8,96.37,5455,4,12,0,22.0,30.0,32448.8,100,999.0,True,0.42,20.0,0,10,0,False,False,0,DRY,NORMAL,10,0,100,False,0,BRIGHT,CLEAR,10,100,False,False,0,SAFE,SAFE,SAFE,10,0,100,False,0,10,0,12,100,100,False,False,False,False,True,False
25.85,96.79,5479,4,12,0,22.0,30.0,32448.8,100,999.0,True,0.42,20.0,0,10,0,False,False,0,DRY,NORMAL,10,0,100,False,0,BRIGHT,CLEAR,10,100,False,False,0,SAFE,SAFE,SAFE,10,0,100,False,0,10,0,12,100,100,False,False,False,False,True,False
25.9,97.21,5502,4,12,0,22.0,30.0,32448.8,100,999.0,True,0.42,20.0,0,10,0,False,False,0,DRY,NORMAL,10,0,100,False,0,BRIGHT,CLEAR,10,100,False,False,0,SAFE,SAFE,SAFE,10,0,100,False,0,10,0,12,100,100,False,False,False,False,True,False
25.95,97.63,5526,4,12,0,22.0,30.0,32448.8,100,999.0,True,0.42,20.0,0,10,0,False,False,0,DRY,NORMAL,10,0,100,False,0,BRIGHT,CLEAR,10,100,False,False,0,SAFE,SAFE,SAFE,10,0,100,False,0,10,0,12,100,100,False,False,False,False,True,False
26.0,98.04,5549,4,12,0,22.0,30.0,32448.8,100,999.0,True,0.42,20.0,0,10,0,False,False,0,DRY,NORMAL,10,0,100,False,0,BRIGHT,CLEAR,10,100,False,False,0,SAFE,SAFE,SAFE,10,0,100,False,0,10,0,12,100,100,False,False,False,False,True,False
26.05,98.45,5573,4,12,0,22.0,30.0,32448.8,100,999.0,True,0.42,20.0,0,10,0,False,False,0,DRY,NORMAL,10,0,100,False,0,BRIGHT,CLEAR,10,100,False,False,0,SAFE,SAFE,SAFE,10,0,100,False,0,10,0,12,100,100,False,False,False,False,True,False
26.1,98.86,5596,4,12,0,22.0,30.0,32448.8,100,999.0,True,0.42,20.0,0,10,0,False,False,0,DRY,NORMAL,10,0,100,False,0,BRIGHT,CLEAR,10,100,False,False,0,SAFE,SAFE,SAFE,10,0,100,False,0,10,0,12,100,100,False,False,False,False,True,False
26.15,99.27,5619,4,12,0,22.0,30.0,32448.8,100,999.0,True,0.42,20.0,0,10,0,False,False,0,DRY,NORMAL,10,0,100,False,0,BRIGHT,CLEAR,10,100,False,False,0,SAFE,SAFE,SAFE,10,0,100,False,0,10,0,12,100,100,False,False,False,False,True,False
26.2,99.69,5643,4,12,0,22.0,30.0,32448.8,100,999.0,True,0.42,20.0,0,10,0,False,False,0,DRY,NORMAL,10,0,100,False,0,BRIGHT,CLEAR,10,100,False,False,0,SAFE,SAFE,SAFE,10,0,100,False,0,10,0,12,100,100,False,False,False,False,True,False
26.25,100.1,5666,4,12,0,22.0,30.0,32448.8,96.2,999.0,True,0.42,20.0,0,10,0,False,False,0,DRY,NORMAL,10,0,96.18865896037039,False,0,BRIGHT,CLEAR,10,96.18865896037039,False,False,0,SAFE,SAFE,SAFE,10,0,100,False,0,10,0,12,100,96.18865896037039,False,False,False,False,True,False
26.3,100.49,5688,4,12,0,22.0,30.0,32448.8,96.2,999.0,True,0.42,20.0,0,10,0,False,False,0,DRY,NORMAL,10,0,96.18865896037039,False,0,BRIGHT,CLEAR,10,96.18865896037039,False,False,0,SAFE,SAFE,SAFE,10,0,100,False,0,10,0,12,100,96.18865896037039,False,False,False,False,True,False
26.35,100.73,5702,4,12,0,22.0,30.0,32448.8,91.1,999.0,True,0.42,20.0,0,10,0,False,False,0,DRY,NORMAL,10,0,91.1177868321675,False,0,BRIGHT,CLEAR,10,91.1177868321675,False,False,0,SAFE,SAFE,SAFE,10,0,100,False,0,10,0,12,100,91.1177868321675,False,False,False,False,True,False
26.4,100.67,5698,4,12,0,22.0,30.0,32448.8,91.1,999.0,True,0.42,20.0,0,10,0,False,False,0,DRY,NORMAL,10,0,91.1177868321675,False,0,BRIGHT,CLEAR,10,91.1177868321675,False,False,0,SAFE,SAFE,SAFE,10,0,100,False,0,10,0,12,100,91.1177868321675,False,False,False,False,True,False
26.45,100.38,5682,4,12,0,22.0,30.0,32448.8,86.8,999.0,True,0.42,20.0,0,10,0,False,False,0,DRY,NORMAL,10,0,86.77267473030473,False,0,BRIGHT,CLEAR,10,86.77267473030473,False,False,0,SAFE,SAFE,SAFE,10,0,100,False,0,10,0,12,100,86.77267473030473,False,False,False,False,True,False
26.5,100.02,5661,4,12,0,22.0,30.0,32448.8,86.8,999.0,True,0.42,20.0,0,10,0,False,False,0,DRY,NORMAL,10,0,86.77267473030473,False,0,BRIGHT,CLEAR,10,86.77267473030473,False,False,0,SAFE,SAFE,SAFE,10,0,100,False,0,10,0,12,100,86.77267473030473,False,False,False,False,True,False
26.55,99.61,5638,4,12,0,22.0,30.0,32448.8,83.0,999.0,True,0.42,20.0,0,10,0,False,False,0,DRY,NORMAL,10,0,82.99521058005186,False,0,BRIGHT,CLEAR,10,82.99521058005186,False,False,0,SAFE,SAFE,SAFE,10,0,100,False,0,10,0,12,100,82.99521058005186,False,False,False,False,True,False
26.6,99.06,5607,4,12,0,22.0,30.0,32448.8,83.0,999.0,True,0.42,20.0,0,10,0,False,False,0,DRY,NORMAL,10,0,82.99521058005186,False,0,BRIGHT,CLEAR,10,82.99521058005186,False,False,0,SAFE,SAFE,SAFE,10,0,100,False,0,10,0,12,100,82.99521058005186,False,False,False,False,True,False
26.65,98.36,5567,4,12,0,22.0,30.0,32448.8,79.7,999.0,True,0.42,20.0,0,10,0,False,False,0,DRY,NORMAL,10,0,79.67168568608047,False,0,BRIGHT,CLEAR,10,79.67168568608047,False,False,0,SAFE,SAFE,SAFE,10,0,100,False,0,10,0,12,100,79.67168568608047,False,False,False,False,True,False
26.7,97.65,5527,4,12,0,22.0,30.0,32448.8,70,999.0,True,0.42,20.0,0,10,0,False,False,0,DRY,NORMAL,10,0,70,False,0,BRIGHT,CLEAR,10,70,False,False,0,SAFE,SAFE,SAFE,10,0,100,False,0,10,0,12,100,70,False,False,False,False,True,False
26.75,96.81,5479,4,12,0,22.0,30.0,32448.8,76.7,999.0,True,0.42,20.0,0,10,0,False,False,0,DRY,NORMAL,10,0,76.71792568336961,False,0,BRIGHT,CLEAR,10,76.71792568336961,False,False,0,SAFE,SAFE,SAFE,10,0,100,False,0,10,0,12,100,76.71792568336961,False,False,False,False,True,False
26.8,95.99,5433,4,12,0,22.0,30.0,32448.8,78.2,999.0,True,0.42,20.0,0,10,0,False,False,0,DRY,NORMAL,10,0,78.23604222882717,False,0,BRIGHT,CLEAR,10,78.23604222882717,False,False,0,SAFE,SAFE,SAFE,10,0,100,False,0,10,0,12,100,78.23604222882717,False,False,False,False,True,False
26.85,95.27,5393,4,12,0,22.0,30.0,32448.8,78.2,999.0,True,0.42,20.0,0,10,0,False,False,0,DRY,NORMAL,10,0,78.23604222882717,False,0,BRIGHT,CLEAR,10,78.23604222882717,False,False,0,SAFE,SAFE,SAFE,10,0,100,False,0,10,0,12,100,78.23604222882717,False,False,False,False,True,False
26.9,94.55,5352,4,12,0,22.0,30.0,32448.8,75.3,999.0,True,0.42,20.0,0,10,0,False,False,0,DRY,NORMAL,10,0,75.33550748657956,False,0,BRIGHT,CLEAR,10,75.33550748657956,False,False,0,SAFE,SAFE,SAFE,10,0,100,False,0,10,0,12,100,75.33550748657956,False,False,False,False,True,False
26.95,93.83,5311,4,12,0,22.0,30.0,32448.8,75.3,999.0,True,0.42,20.0,0,10,0,False,False,0,DRY,NORMAL,10,0,75.33550748657956,False,0,BRIGHT,CLEAR,10,75.33550748657956,False,False,0,SAFE,SAFE,SAFE,10,0,100,False,0,10,0,12,100,75.33550748657956,False,False,False,False,True,False
27.0,93.11,5271,4,12,0,22.0,30.0,32688.5,72.7,999.0,True,0.42,20.0,0,10,0,False,False,0,DRY,NORMAL,10,0,72.73535418370726,False,0,BRIGHT,CLEAR,10,72.73535418370726,False,False,0,SAFE,SAFE,SAFE,10,0,100,False,0,10,0,12,100,72.73535418370726,False,False,False,False,True,False
27.05,92.4,5230,4,12,0,22.0,30.0,32688.5,73.9,999.0,True,0.42,20.0,0,10,0,False,False,0,DRY,NORMAL,10,0,73.92724298499134,False,0,BRIGHT,CLEAR,10,73.92724298499134,False,False,0,SAFE,SAFE,SAFE,10,0,100,False,0,10,0,12,100,73.92724298499134,False,False,False,False,True,False
27.1,91.69,5190,4,12,0,22.0,30.0,32688.5,71.4,999.0,True,0.42,20.0,0,10,0,False,False,0,DRY,NORMAL,10,0,71.37569496424014,False,0,BRIGHT,CLEAR,10,71.37569496424014,False,False,0,SAFE,SAFE,SAFE,10,0,100,False,0,10,0,12,100,71.37569496424014,False,False,False,False,True,False
27.15,90.98,5150,4,12,0,22.0,30.0,32688.5,71.4,999.0,True,0.42,20.0,0,10,0,False,False,0,DRY,NORMAL,10,0,71.37569496424014,False,0,BRIGHT,CLEAR,10,71.37569496424014,False,False,0,SAFE,SAFE,SAFE,10,0,100,False,0,10,0,12,100,71.37569496424014,False,False,False,False,True,False
27.2,90.27,5109,4,12,0,22.0,30.0,32688.5,71.4,999.0,True,0.42,20.0,0,10,0,False,False,0,DRY,NORMAL,10,0,71.37569496424014,False,0,BRIGHT,CLEAR,10,71.37569496424014,False,False,0,SAFE,SAFE,SAFE,10,0,100,False,0,10,0,12,100,71.37569496424014,False,False,False,False,True,False
27.25,89.56,5069,4,12,0,22.0,30.0,32688.5,69.1,999.0,True,0.42,20.0,0,10,0,False,False,0,DRY,NORMAL,10,0,69.07132439371172,False,0,BRIGHT,CLEAR,10,69.07132439371172,False,False,0,SAFE,SAFE,SAFE,10,0,100,False,0,10,0,12,100,69.07132439371172,False,False,False,False,True,False
27.3,88.86,5030,4,12,0,22.0,30.0,32688.5,70.0,999.0,True,0.42,20.0,0,10,0,False,False,0,DRY,NORMAL,10,0,69.9896271959436,False,0,BRIGHT,CLEAR,10,69.9896271959436,False,False,0,SAFE,SAFE,SAFE,10,0,100,False,0,10,0,12,100,69.9896271959436,False,False,False,False,True,False
27.35,88.16,4990,4,12,0,22.0,30.0,32688.5,67.7,999.0,True,0.42,20.0,0,10,0,False,False,0,DRY,NORMAL,10,0,67.73000594485258,False,0,BRIGHT,CLEAR,10,67.73000594485258,False,False,0,SAFE,SAFE,SAFE,10,0,100,False,0,10,0,12,100,67.73000594485258,False,False,False,False,True,False
27.4,87.46,4950,4,12,0,22.0,30.0,32688.5,67.7,999.0,True,0.42,20.0,0,10,0,False,False,0,DRY,NORMAL,10,0,67.73000594485258,False,0,BRIGHT,CLEAR,10,67.73000594485258,False,False,0,SAFE,SAFE,SAFE,10,0,100,False,0,10,0,12,100,67.73000594485258,False,False,False,False,True,False
27.45,86.76,4911,4,12,0,22.0,30.0,32688.5,65.7,999.0,True,0.42,20.0,0,10,0,False,False,0,DRY,NORMAL,10,0,65.67600995294984,False,0,BRIGHT,CLEAR,10,65.67600995294984,False,False,0,SAFE,SAFE,SAFE,10,0,100,False,0,10,0,12,100,65.67600995294984,False,False,False,False,True,False
27.5,86.06,4871,4,12,0,22.0,30.0,32688.5,65.7,999.0,True,0.42,20.0,0,10,0,False,False,0,DRY,NORMAL,10,0,65.67600995294984,False,0,BRIGHT,CLEAR,10,65.67600995294984,False,False,0,SAFE,SAFE,SAFE,10,0,100,False,0,10,0,12,100,65.67600995294984,False,False,False,False,True,False
27.55,85.37,4832,4,12,0,22.0,30.0,32688.5,66.4,999.0,True,0.42,20.0,0,10,0,False,False,0,DRY,NORMAL,10,0,66.36158193622403,False,0,BRIGHT,CLEAR,10,66.36158193622403,False,False,0,SAFE,SAFE,SAFE,10,0,100,False,0,10,0,12,100,66.36158193622403,False,False,False,False,True,False
27.6,84.68,4793,4,12,0,22.0,30.0,32688.5,64.3,999.0,True,0.42,20.0,0,10,0,False,False,0,DRY,NORMAL,10,0,64.34908509067063,False,0,BRIGHT,CLEAR,10,64.34908509067063,False,False,0,SAFE,SAFE,SAFE,10,0,100,False,0,10,0,12,100,64.34908509067063,False,False,False,False,True,False
27.65,83.99,4754,4,12,0,22.0,30.0,32688.5,64.3,999.0,True,0.42,20.0,0,10,0,False,False,0,DRY,NORMAL,10,0,64.34908509067063,False,0,BRIGHT,CLEAR,10,64.34908509067063,False,False,0,SAFE,SAFE,SAFE,10,0,100,False,0,10,0,12,100,64.34908509067063,False,False,False,False,True,False
27.7,83.3,4715,4,12,0,22.0,30.0,32688.5,64.3,999.0,True,0.42,20.0,0,10,0,False,False,0,DRY,NORMAL,10,0,64.34908509067063,False,0,BRIGHT,CLEAR,10,64.34908509067063,False,False,0,SAFE,SAFE,SAFE,10,0,100,False,0,10,0,12,100,64.34908509067063,False,False,False,False,True,False
27.75,82.61,4676,4,12,0,22.0,30.0,32688.5,62.5,999.0,True,0.42,20.0,0,10,0,False,False,0,DRY,NORMAL,10,0,62.509226198675016,False,0,BRIGHT,CLEAR,10,62.509226198675016,False,False,0,SAFE,SAFE,SAFE,10,0,100,False,0,10,0,12,100,62.509226198675016,False,False,False,False,True,False
27.8,81.93,4637,4,12,0,22.0,30.0,32688.5,63.0,999.0,True,0.42,20.0,0,10,0,False,False,0,DRY,NORMAL,10,0,62.99421577155135,False,0,BRIGHT,CLEAR,10,62.99421577155135,False,False,0,SAFE,SAFE,SAFE,10,0,100,False,0,10,0,12,100,62.99421577155135,False,False,False,False,True,False
27.85,81.25,4599,4,12,0,22.0,30.0,32688.5,61.2,999.0,True,0.42,20.0,0,10,0,False,False,0,DRY,NORMAL,10,0,61.193095089442664,False,0,BRIGHT,CLEAR,10,61.193095089442664,False,False,0,SAFE,SAFE,SAFE,10,0,100,False,0,10,0,12,100,61.193095089442664,False,False,False,False,True,False
27.9,80.57,4560,4,12,0,22.0,30.0,32688.5,61.2,999.0,True,0.42,20.0,0,10,0,False,False,0,DRY,NORMAL,10,0,61.193095089442664,False,0,BRIGHT,CLEAR,10,61.193095089442664,False,False,0,SAFE,SAFE,SAFE,10,0,100,False,0,10,0,12,100,61.193095089442664,False,False,False,False,True,False
27.95,79.89,4522,4,12,0,22.0,30.0,32688.5,61.2,999.0,True,0.42,20.0,0,10,0,False,False,0,DRY,NORMAL,10,0,61.193095089442664,False,0,BRIGHT,CLEAR,10,61.193095089442664,False,False,0,SAFE,SAFE,SAFE,10,0,100,False,0,10,0,12,100,61.193095089442664,False,False,False,False,True,False
28.0,79.21,4484,4,12,0,22.0,30.0,32688.5,59.5,999.0,True,0.42,20.0,0,10,0,False,False,0,DRY,NORMAL,10,0,59.53813606570942,False,0,BRIGHT,CLEAR,10,59.53813606570942,False,False,0,SAFE,SAFE,SAFE,10,0,100,False,0,10,0,12,100,59.53813606570942,False,False,False,False,True,False
28.05,78.54,4445,4,12,0,22.0,30.0,32688.5,59.5,999.0,True,0.42,20.0,0,10,0,False,False,0,DRY,NORMAL,10,0,59.53813606570942,False,0,BRIGHT,CLEAR,10,59.53813606570942,False,False,0,SAFE,SAFE,SAFE,10,0,100,False,0,10,0,12,100,59.53813606570942,False,False,False,False,True,False
28.1,77.87,4407,4,12,0,22.0,30.0,32688.5,58.2,999.0,True,0.42,20.0,0,10,0,False,False,0,DRY,NORMAL,10,0,58.22944579175236,False,0,BRIGHT,CLEAR,10,58.22944579175236,False,False,0,SAFE,SAFE,SAFE,10,0,100,False,0,10,0,12,100,58.22944579175236,False,False,False,False,True,False
28.15,77.19,4369,4,12,0,22.0,30.0,32688.5,58.2,999.0,True,0.42,20.0,0,10,0,False,False,0,DRY,NORMAL,10,0,58.22944579175236,False,0,BRIGHT,CLEAR,10,58.22944579175236,False,False,0,SAFE,SAFE,SAFE,10,0,100,False,0,10,0,12,100,58.22944579175236,False,False,False,False,True,False
28.2,76.52,4331,4,12,0,22.0,30.0,32688.5,58.2,999.0,True,0.42,20.0,0,10,0,False,False,0,DRY,NORMAL,10,0,58.22944579175236,False,0,BRIGHT,CLEAR,10,58.22944579175236,False,False,0,SAFE,SAFE,SAFE,10,0,100,False,0,10,0,12,100,58.22944579175236,False,False,False,False,True,False
28.25,75.86,4294,4,12,0,22.0,30.0,32688.5,56.7,999.0,True,0.42,20.0,0,10,0,False,False,0,DRY,NORMAL,10,0,56.73545322955522,False,0,BRIGHT,CLEAR,10,56.73545322955522,False,False,0,SAFE,SAFE,SAFE,10,0,100,False,0,10,0,12,100,56.73545322955522,False,False,False,False,True,False
28.3,75.19,4256,4,12,0,22.0,30.0,32688.5,56.7,999.0,True,0.42,20.0,0,10,0,False,False,0,DRY,NORMAL,10,0,56.73545322955522,False,0,BRIGHT,CLEAR,10,56.73545322955522,False,False,0,SAFE,SAFE,SAFE,10,0,100,False,0,10,0,12,100,56.73545322955522,False,False,False,False,True,False
28.35,74.53,4218,4,12,0,22.0,30.0,32688.5,56.9,999.0,True,0.42,20.0,0,10,0,False,False,0,DRY,NORMAL,10,0,56.89065888395323,False,0,BRIGHT,CLEAR,10,56.89065888395323,False,False,0,SAFE,SAFE,SAFE,10,0,100,False,0,10,0,12,100,56.89065888395323,False,False,False,False,True,False
28.4,73.86,4181,4,12,0,22.0,30.0,32688.5,55.4,999.0,True,0.42,20.0,0,10,0,False,False,0,DRY,NORMAL,10,0,55.43101556989716,False,0,BRIGHT,CLEAR,10,55.43101556989716,False,False,0,SAFE,SAFE,SAFE,10,0,100,False,0,10,0,12,100,55.43101556989716,False,False,False,False,True,False
28.45,73.2,4143,4,12,0,22.0,30.0,32688.5,55.4,999.0,True,0.42,20.0,0,10,0,False,False,0,DRY,NORMAL,10,0,55.43101556989716,False,0,BRIGHT,CLEAR,10,55.43101556989716,False,False,0,SAFE,SAFE,SAFE,10,0,100,False,0,10,0,12,100,55.43101556989716,False,False,False,False,True,False
28.5,72.54,4106,4,12,0,22.0,30.0,32760.0,55.4,999.0,True,0.42,20.0,0,10,0,False,False,0,DRY,NORMAL,10,0,55.43101556989716,False,0,BRIGHT,CLEAR,10,55.43101556989716,False,False,0,SAFE,SAFE,SAFE,10,0,100,False,0,10,0,12,100,55.43101556989716,False,False,False,False,True,False
28.55,71.88,4068,4,12,0,22.0,30.0,32760.0,54.1,999.0,True,0.42,20.0,0,10,0,False,False,0,DRY,NORMAL,10,0,54.07825762848526,False,0,BRIGHT,CLEAR,10,54.07825762848526,False,False,0,SAFE,SAFE,SAFE,10,0,100,False,0,10,0,12,100,54.07825762848526,False,False,False,False,True,False
28.6,71.22,4031,4,12,0,22.0,30.0,32760.0,54.1,999.0,True,0.42,20.0,0,10,0,False,False,0,DRY,NORMAL,10,0,54.095132138273925,False,0,BRIGHT,CLEAR,10,54.095132138273925,False,False,0,SAFE,SAFE,SAFE,10,0,100,False,0,10,0,12,100,54.095132138273925,False,False,False,False,True,False
28.65,70.56,3994,4,12,0,22.0,30.0,32760.0,54.1,999.0,True,0.42,20.0,0,10,0,False,False,0,DRY,NORMAL,10,0,54.095132138273925,False,0,BRIGHT,CLEAR,10,54.095132138273925,False,False,0,SAFE,SAFE,SAFE,10,0,100,False,0,10,0,12,100,54.095132138273925,False,False,False,False,True,False
28.7,69.9,3957,4,12,0,22.0,30.0,32760.0,53.7,999.0,True,0.42,20.0,0,10,0,False,False,0,DRY,NORMAL,10,0,53.7439481354037,False,0,BRIGHT,CLEAR,10,53.7439481354037,False,False,0,SAFE,SAFE,SAFE,10,0,100,False,0,10,0,12,100,53.7439481354037,False,False,False,False,True,False
28.75,69.24,3919,4,12,0,22.0,30.0,32760.0,53.7,999.0,True,0.42,20.0,0,10,0,False,False,0,DRY,NORMAL,10,0,53.7439481354037,False,0,BRIGHT,CLEAR,10,53.7439481354037,False,False,0,SAFE,SAFE,SAFE,10,0,100,False,0,10,0,12,100,53.7439481354037,False,False,False,False,True,False
28.8,68.59,3882,4,12,0,22.0,30.0,32760.0,53.7,999.0,True,0.42,20.0,0,10,0,False,False,0,DRY,NORMAL,10,0,53.7439481354037,False,0,BRIGHT,CLEAR,10,53.7439481354037,False,False,0,SAFE,SAFE,SAFE,10,0,100,False,0,10,0,12,100,53.7439481354037,False,False,False,False,True,False
28.85,68.11,3855,4,12,0,22.0,30.0,32760.0,53.5,999.0,True,0.42,20.0,0,10,0,False,False,0,DRY,NORMAL,10,0,53.467488692189754,False,0,BRIGHT,CLEAR,10,53.467488692189754,False,False,0,SAFE,SAFE,SAFE,10,0,100,False,0,10,0,12,100,53.467488692189754,False,False,False,False,True,False
28.9,67.72,3833,4,12,0,22.0,30.0,32760.0,52.1,999.0,True,0.42,20.0,0,10,0,False,False,0,DRY,NORMAL,10,0,52.086162765523575,False,0,BRIGHT,CLEAR,10,52.086162765523575,False,False,0,SAFE,SAFE,SAFE,10,0,100,False,0,10,0,12,100,52.086162765523575,False,False,False,False,True,False
28.95,67.18,3802,4,12,0,22.0,30.0,32760.0,50.6,999.0,True,0.42,20.0,0,10,0,False,False,0,DRY,NORMAL,10,0,50.55273569525367,False,0,BRIGHT,CLEAR,10,50.55273569525367,False,False,0,SAFE,SAFE,SAFE,10,0,100,False,0,10,0,12,100,50.55273569525367,False,False,False,False,True,False
29.0,66.53,3765,4,12,0,22.0,30.0,32760.0,49.2,999.0,True,0.42,20.0,0,10,0,False,False,0,DRY,NORMAL,10,0,49.23962339397421,False,0,BRIGHT,CLEAR,10,49.23962339397421,False,False,0,SAFE,SAFE,SAFE,10,0,100,False,0,10,0,12,100,49.23962339397421,False,False,False,False,True,False
29.05,65.87,3728,4,12,0,22.0,30.0,32760.0,48.1,999.0,True,0.42,20.0,0,10,0,False,False,0,DRY,NORMAL,10,0,48.12182955333638,False,0,BRIGHT,CLEAR,10,48.12182955333638,False,False,0,SAFE,SAFE,SAFE,10,0,100,False,0,10,0,12,100,48.12182955333638,False,False,False,False,True,False
29.1,65.21,3691,4,12,0,22.0,30.0,32760.0,47.2,999.0,True,0.42,20.0,0,10,0,False,False,0,DRY,NORMAL,10,0,47.179338963120095,False,0,BRIGHT,CLEAR,10,47.179338963120095,False,False,0,SAFE,SAFE,SAFE,10,0,100,False,0,10,0,12,100,47.179338963120095,False,False,False,False,True,False
29.15,64.56,3654,4,12,0,22.0,30.0,32760.0,46.1,999.0,True,0.42,20.0,0,10,0,False,False,0,DRY,NORMAL,10,0,46.12560553994701,False,0,BRIGHT,CLEAR,10,46.12560553994701,False,False,0,SAFE,SAFE,SAFE,10,0,100,False,0,10,0,12,100,46.12560553994701,False,False,False,False,True,False
29.2,63.9,3617,4,12,0,22.0,30.0,32760.0,45.2,999.0,True,0.42,20.0,0,10,0,False,False,0,DRY,NORMAL,10,0,45.20334300177165,False,0,BRIGHT,CLEAR,10,45.20334300177165,False,False,0,SAFE,SAFE,SAFE,10,0,100,False,0,10,0,12,100,45.20334300177165,False,False,False,False,True,False
29.25,63.24,3579,4,12,0,22.0,30.0,32760.0,44.4,999.0,True,0.42,20.0,0,10,0,False,False,0,DRY,NORMAL,10,0,44.42902346235872,False,0,BRIGHT,CLEAR,10,44.42902346235872,False,False,0,SAFE,SAFE,SAFE,10,0,100,False,0,10,0,12,100,44.42902346235872,False,False,False,False,True,False
29.3,62.58,3542,4,12,0,22.0,30.0,32760.0,43.8,999.0,True,0.42,20.0,0,10,0,False,False,0,DRY,NORMAL,10,0,43.78840957552576,False,0,BRIGHT,CLEAR,10,43.78840957552576,False,False,0,SAFE,SAFE,SAFE,10,0,100,False,0,10,0,12,100,43.78840957552576,False,False,False,False,True,False
29.35,61.92,3505,4,12,0,22.0,30.0,32760.0,43.1,999.0,True,0.42,20.0,0,10,0,False,False,0,DRY,NORMAL,10,0,43.149296821919926,False,0,BRIGHT,CLEAR,10,43.149296821919926,False,False,0,SAFE,SAFE,SAFE,10,0,100,False,0,10,0,12,100,43.149296821919926,False,False,False,False,True,False
29.4,61.26,3468,4,12,0,22.0,30.0,32760.0,42.5,999.0,True,0.42,20.0,0,10,0,False,False,0,DRY,NORMAL,10,0,42.5052443258154,False,0,BRIGHT,CLEAR,10,42.5052443258154,False,False,0,SAFE,SAFE,SAFE,10,0,100,False,0,10,0,12,100,42.5052443258154,False,False,False,False,True,False
29.45,60.61,3430,4,12,0,22.0,30.0,32760.0,42.0,999.0,True,0.42,20.0,0,10,0,False,False,0,DRY,NORMAL,10,0,41.97762166758728,False,0,BRIGHT,CLEAR,10,41.97762166758728,False,False,0,SAFE,SAFE,SAFE,10,0,100,False,0,10,0,12,100,41.97762166758728,False,False,False,False,True,False
29.5,59.95,3393,4,12,0,22.0,30.0,32760.0,41.6,999.0,True,0.42,20.0,0,10,0,False,False,0,DRY,NORMAL,10,0,41.55923271560111,False,0,BRIGHT,CLEAR,10,41.55923271560111,False,False,0,SAFE,SAFE,SAFE,10,0,100,False,0,10,0,12,100,41.55923271560111,False,False,False,False,True,False
29.55,59.29,3356,4,12,0,22.0,30.0,32760.0,41.2,999.0,True,0.42,20.0,0,10,0,False,False,0,DRY,NORMAL,10,0,41.243702939861585,False,0,BRIGHT,CLEAR,10,41.243702939861585,False,False,0,SAFE,SAFE,SAFE,10,0,100,False,0,10,0,12,100,41.243702939861585,False,False,False,False,True,False
29.6,58.63,3319,4,12,0,22.0,30.0,32760.0,40.9,999.0,True,0.42,20.0,0,10,0,False,False,0,DRY,NORMAL,10,0,40.852595210765315,False,0,BRIGHT,CLEAR,10,40.852595210765315,False,False,0,SAFE,SAFE,SAFE,10,0,100,False,0,10,0,12,100,40.852595210765315,False,False,False,False,True,False
29.65,57.98,3281,4,12,0,22.0,30.0,32760.0,40.5,999.0,True,0.42,20.0,0,10,0,False,False,0,DRY,NORMAL,10,0,40.512717740301994,False,0,BRIGHT,CLEAR,10,40.512717740301994,False,False,0,SAFE,SAFE,SAFE,10,0,100,False,0,10,0,12,100,40.512717740301994,False,False,False,False,True,False
29.7,57.32,3244,4,12,0,22.0,30.0,32760.0,40.3,999.0,True,0.42,20.0,0,10,0,False,False,0,DRY,NORMAL,10,0,40.26694134308857,False,0,BRIGHT,CLEAR,10,40.26694134308857,False,False,0,SAFE,SAFE,SAFE,10,0,100,False,0,10,0,12,100,40.26694134308857,False,False,False,False,True,False
29.75,56.67,3207,4,12,0,22.0,30.0,32760.0,40.1,999.0,True,0.42,20.0,0,10,0,False,False,0,DRY,NORMAL,10,0,40.11307459607911,False,0,BRIGHT,CLEAR,10,40.11307459607911,False,False,0,SAFE,SAFE,SAFE,10,0,100,False,0,10,0,12,100,40.11307459607911,False,False,False,False,True,False
29.8,56.02,3170,4,12,0,22.0,30.0,32760.0,40.0,999.0,True,0.42,20.0,0,10,0,False,False,0,DRY,NORMAL,10,0,40.0494068455494,False,0,BRIGHT,CLEAR,10,40.0494068455494,False,False,0,SAFE,SAFE,SAFE,10,0,100,False,0,10,0,12,100,40.0494068455494,False,False,False,False,True,False
29.85,55.36,3134,4,12,0,22.0,30.0,32760.0,39.9,999.0,True,0.42,20.0,0,10,0,False,False,0,DRY,NORMAL,10,0,39.91156588352896,False,0,BRIGHT,CLEAR,10,39.91156588352896,False,False,0,SAFE,SAFE,SAFE,10,0,100,False,0,10,0,12,100,39.91156588352896,False,False,False,False,True,False
29.9,54.71,3097,4,12,0,22.0,30.0,32760.0,39.8,999.0,True,0.42,20.0,0,10,0,False,False,0,DRY,NORMAL,10,0,39.80926003371356,False,0,BRIGHT,CLEAR,10,39.80926003371356,False,False,0,SAFE,SAFE,SAFE,10,0,100,False,0,10,0,12,100,39.80926003371356,False,False,False,False,True,False
29.95,54.25,3071,4,12,0,22.0,30.0,32760.0,39.8,999.0,True,0.42,20.0,0,10,0,False,False,0,DRY,NORMAL,10,0,39.7919713503321,False,0,BRIGHT,CLEAR,10,39.7919713503321,False,False,0,SAFE,SAFE,SAFE,10,0,100,False,0,10,0,12,100,39.7919713503321,False,False,False,False,True,False
30.0,53.87,3049,4,12,0,22.0,30.0,32709.2,39.9,999.0,True,0.42,20.0,0,10,0,False,False,0,DRY,NORMAL,10,0,39.92448450089127,False,0,BRIGHT,CLEAR,10,39.92448450089127,False,False,0,SAFE,SAFE,SAFE,10,0,100,False,0,10,0,12,100,39.92448450089127,False,False,False,False,True,False
30.05,53.49,3028,4,12,1,12.0,90.0,48544.6,40.2,999.0,True,0.42,20.0,0,10,0,False,False,0,WET,NORMAL,0,0,36,False,1,BRIGHT,FOG,0,24,True,True,0,SAFE,SAFE,SAFE,10,0,100,False,1,0,0,12,100,24,False,True,True,False,True,False
30.1,52.97,2998,3,12,1,12.0,90.0,48544.6,40.4,999.0,True,0.42,20.0,0,10,0,False,False,0,WET,NORMAL,0,0,36,False,1,BRIGHT,FOG,0,24,True,True,0,SAFE,SAFE,SAFE,10,0,100,False,1,0,0,12,100,24,True,True,True,False,True,False
30.15,51.86,4216,3,12,1,12.0,90.0,48544.6,40.5,999.0,True,0.42,20.0,0,10,0,False,False,0,WET,NORMAL,0,0,36,False,1,BRIGHT,FOG,0,24,True,True,0,SAFE,SAFE,SAFE,10,0,100,False,1,0,0,12,100,24,False,True,True,False,True,False
30.2,50.72,4124,3,12,1,12.0,90.0,48544.6,40.6,999.0,True,0.42,20.0,0,10,0,False,False,0,WET,NORMAL,0,0,36,False,1,BRIGHT,FOG,0,24,True,True,0,SAFE,SAFE,SAFE,10,0,100,False,1,0,0,12,100,24,False,True,True,False,True,False
30.25,49.65,4037,3,12,1,12.0,90.0,48544.6,40.6,999.0,True,0.42,20.0,0,10,0,False,False,0,WET,NORMAL,0,0,36,False,1,BRIGHT,FOG,0,24,True,True,0,SAFE,SAFE,SAFE,10,0,100,False,1,0,0,12,100,24,False,True,True,False,True,False
30.3,48.63,3953,3,12,1,12.0,90.0,48544.6,40.8,999.0,True,0.42,20.0,0,10,0,False,False,0,WET,NORMAL,0,0,36,False,1,BRIGHT,FOG,0,24,True,True,0,SAFE,SAFE,SAFE,10,0,100,False,1,0,0,12,100,24,False,True,True,False,True,False
30.35,47.8,3886,3,12,1,12.0,90.0,48544.6,41.1,999.0,True,0.42,20.0,0,10,0,False,False,0,WET,NORMAL,0,0,37,False,1,BRIGHT,FOG,0,24,True,True,0,SAFE,SAFE,SAFE,10,0,100,False,1,0,0,12,100,24,False,True,True,False,True,False
30.4,47.08,3827,3,12,1,12.0,90.0,48544.6,41.6,999.0,True,0.42,20.0,0,10,0,False,False,0,WET,NORMAL,0,0,37,False,1,BRIGHT,FOG,0,24,True,True,0,SAFE,SAFE,SAFE,10,0,100,False,1,0,0,12,100,24,False,True,True,False,True,False
30.45,46.36,3769,3,12,1,12.0,90.0,48544.6,42.0,999.0,True,0.42,20.0,0,10,0,False,False,0,WET,NORMAL,0,0,37,False,1,BRIGHT,FOG,0,25,True,True,0,SAFE,SAFE,SAFE,10,0,100,False,1,0,0,12,100,25,False,True,True,False,True,False
30.5,45.65,3712,3,12,1,12.0,90.0,48544.6,42.5,999.0,True,0.42,20.0,0,10,0,False,False,0,WET,NORMAL,0,0,38,False,1,BRIGHT,FOG,0,25,True,True,0,SAFE,SAFE,SAFE,10,0,100,False,1,0,0,12,100,25,False,True,True,False,True,False
30.55,44.95,3654,3,12,1,12.0,90.0,48544.6,43.1,999.0,True,0.42,20.0,0,10,0,False,False,0,WET,NORMAL,0,0,38,False,1,BRIGHT,FOG,0,25,True,True,0,SAFE,SAFE,SAFE,10,0,100,False,1,0,0,12,100,25,False,True,True,False,True,False
30.6,44.27,3599,3,12,1,12.0,90.0,48544.6,43.8,999.0,True,0.42,20.0,0,10,0,False,False,0,WET,NORMAL,0,0,39,False,1,BRIGHT,FOG,0,26,True,True,0,SAFE,SAFE,SAFE,10,0,100,False,1,0,0,12,100,26,False,True,True,False,True,False
30.65,43.56,3542,3,12,1,12.0,90.0,48544.6,44.6,999.0,True,0.42,20.0,0,10,0,False,False,0,WET,NORMAL,0,0,40,False,1,BRIGHT,FOG,0,26,True,True,0,SAFE,SAFE,SAFE,10,0,100,False,1,0,0,12,100,26,False,True,True,False,True,False
30.7,42.93,3490,3,12,1,12.0,90.0,48544.6,45.6,999.0,True,0.42,20.0,0,10,0,False,False,0,WET,NORMAL,0,0,41,False,1,BRIGHT,FOG,0,27,True,True,0,SAFE,SAFE,SAFE,10,0,100,False,1,0,0,12,100,27,False,True,True,False,True,False
30.75,42.23,3434,3,12,1,12.0,90.0,48544.6,46.6,999.0,True,0.42,20.0,0,10,0,False,False,0,WET,NORMAL,0,0,41,False,1,BRIGHT,FOG,0,27,True,True,0,SAFE,SAFE,SAFE,10,0,100,False,1,0,0,12,100,27,False,True,True,False,True,False
30.8,41.53,3377,3,12,1,12.0,90.0,48544.6,47.4,999.0,True,0.42,20.0,0,10,0,False,False,0,WET,NORMAL,8,0,42,False,1,BRIGHT,FOG,0,28,True,True,0,SAFE,SAFE,SAFE,10,0,100,False,1,0,0,12,100,28,False,True,True,False,True,False
30.85,41.15,3345,3,12,1,12.0,90.0,48544.6,48.3,999.0,True,0.42,20.0,0,10,0,False,False,0,WET,NORMAL,8,0,43,False,1,BRIGHT,FOG,0,28,True,True,0,SAFE,SAFE,SAFE,10,0,100,False,1,0,0,12,100,28,False,True,True,False,True,False
30.9,40.62,3302,3,12,1,12.0,90.0,48544.6,49.5,999.0,True,0.42,20.0,0,10,0,False,False,0,WET,NORMAL,8,0,44,False,1,BRIGHT,FOG,0,29,True,True,0,SAFE,SAFE,SAFE,10,0,100,False,1,0,0,12,100,29,False,True,True,False,True,False
30.95,40.35,3281,3,12,1,12.0,90.0,48544.6,50.7,999.0,True,0.42,20.0,0,10,0,False,False,0,WET,NORMAL,8,0,45,False,1,BRIGHT,FOG,0,30,True,True,0,SAFE,SAFE,SAFE,10,0,100,False,1,0,0,12,100,30,False,True,True,False,True,False
31.0,39.81,3237,3,12,1,12.0,90.0,48544.6,52.3,999.0,True,0.42,20.0,0,10,0,False,False,0,WET,NORMAL,8,0,47,False,1,BRIGHT,FOG,0,31,True,True,0,SAFE,SAFE,SAFE,10,0,100,False,1,0,0,12,100,31,False,True,True,False,True,False
31.05,39.57,3217,3,12,1,12.0,90.0,48544.6,53.7,999.0,True,0.42,20.0,0,10,0,False,False,0,WET,NORMAL,8,0,48,False,1,BRIGHT,FOG,0,32,True,True,0,SAFE,SAFE,SAFE,10,0,100,False,1,0,0,12,100,32,False,True,True,False,True,False
31.1,39.02,3172,3,12,1,12.0,90.0,48544.6,53.7,999.0,True,0.42,20.0,0,10,0,False,False,0,WET,NORMAL,8,0,48,False,1,BRIGHT,FOG,0,32,True,True,0,SAFE,SAFE,SAFE,10,0,100,False,1,0,0,12,100,32,False,True,True,False,True,False
31.15,38.79,3154,3,12,1,12.0,90.0,48544.6,53.7,999.0,True,0.42,20.0,0,10,0,False,False,0,WET,NORMAL,8,0,48,False,1,BRIGHT,FOG,0,32,True,True,0,SAFE,SAFE,SAFE,10,0,100,False,1,0,0,12,100,32,False,True,True,False,True,False
31.2,38.24,3109,3,12,1,12.0,90.0,48544.6,53.7,999.0,True,0.42,20.0,0,10,0,False,False,0,WET,NORMAL,8,0,48,False,1,BRIGHT,FOG,0,32,True,True,0,SAFE,SAFE,SAFE,10,0,100,False,1,0,0,12,100,32,False,True,True,False,True,False
31.25,38.03,3091,3,12,1,12.0,90.0,48544.6,53.7,118.68,False,8.0,14.21,0,10,0,False,False,0,WET,NORMAL,8,0,48,False,1,BRIGHT,FOG,0,32,True,True,0,SAFE,SAFE,SAFE,10,0,100,False,1,0,0,12,100,32,False,True,True,False,True,False
31.3,37.46,3046,3,12,1,12.0,90.0,48544.6,53.7,118.29,False,7.72,14.67,0,10,0,False,False,0,WET,NORMAL,8,0,48,False,1,BRIGHT,FOG,0,32,True,True,0,SAFE,SAFE,SAFE,10,0,100,False,1,0,0,12,100,32,False,True,True,False,True,False
31.35,37.27,3030,3,12,1,12.0,90.0,48544.6,53.7,117.91,False,7.54,14.97,0,10,0,False,False,0,WET,NORMAL,8,0,48,False,1,BRIGHT,FOG,0,32,True,True,0,SAFE,SAFE,SAFE,10,0,100,False,1,0,0,12,100,32,False,True,True,False,True,False
31.4,36.7,2983,2,12,1,12.0,90.0,48544.6,53.7,117.77,False,7.27,15.52,0,10,0,False,False,0,WET,NORMAL,8,0,48,False,1,BRIGHT,FOG,0,32,True,True,0,SAFE,SAFE,SAFE,10,0,100,False,1,0,0,12,100,32,True,True,True,False,True,False
31.45,36.2,4271,2,12,1,12.0,90.0,48544.6,53.7,117.42,False,7.01,16.04,0,10,0,False,False,0,WET,NORMAL,8,0,48,False,1,BRIGHT,FOG,0,32,True,True,0,SAFE,SAFE,SAFE,10,0,100,False,1,0,0,12,100,32,False,True,True,False,True,False
31.5,35.4,4178,2,12,1,12.0,90.0,48329.9,53.7,117.08,False,6.67,16.81,0,10,0,False,False,0,WET,NORMAL,8,0,48,False,1,BRIGHT,FOG,0,32,True,True,0,SAFE,SAFE,SAFE,10,0,100,False,1,0,0,12,100,32,False,True,True,False,True,False
31.55,35.02,4133,2,12,1,12.0,90.0,48329.9,53.7,116.75,False,6.45,17.34,0,10,0,False,False,0,WET,NORMAL,8,0,48,False,1,BRIGHT,FOG,0,32,True,True,0,SAFE,SAFE,SAFE,10,0,100,False,1,0,0,12,100,32,False,True,True,False,True,False
31.6,34.33,4052,2,12,1,12.0,90.0,48329.9,53.7,116.44,False,6.14,18.15,0,10,0,False,False,0,WET,NORMAL,8,0,48,False,1,BRIGHT,FOG,0,32,True,True,0,SAFE,SAFE,SAFE,10,0,100,False,1,0,0,12,100,32,False,True,True,False,True,False
31.65,34.06,4019,2,12,1,12.0,90.0,48329.9,53.7,116.14,False,5.95,18.69,0,10,0,False,False,0,WET,NORMAL,8,0,48,False,1,BRIGHT,FOG,0,32,True,True,0,SAFE,SAFE,SAFE,10,0,100,False,1,0,0,12,100,32,False,True,True,False,True,False
31.7,33.41,3942,2,12,1,12.0,90.0,48329.9,53.7,115.85,False,5.65,19.62,0,10,0,False,False,0,WET,NORMAL,8,0,48,False,1,BRIGHT,FOG,0,32,True,True,0,SAFE,SAFE,SAFE,10,0,100,False,1,0,0,12,100,32,False,True,True,False,True,False
31.75,33.18,3915,2,12,1,12.0,90.0,48329.9,53.7,115.8,False,5.47,20.0,0,10,0,False,False,0,WET,NORMAL,8,0,48,False,1,BRIGHT,FOG,0,32,True,True,0,SAFE,SAFE,SAFE,10,0,100,False,1,0,0,12,100,32,False,True,True,False,True,False
31.8,32.54,3839,2,12,1,12.0,90.0,48329.9,53.7,115.53,False,5.18,20.0,0,10,0,False,False,0,WET,NORMAL,8,0,48,False,1,BRIGHT,FOG,0,32,True,True,0,SAFE,SAFE,SAFE,10,0,100,False,1,0,0,12,100,32,False,True,True,False,True,False
31.85,32.34,3816,2,12,1,12.0,90.0,48329.9,53.7,115.28,False,5.02,20.0,0,10,0,False,False,0,WET,NORMAL,8,0,48,False,1,BRIGHT,FOG,0,32,True,True,0,SAFE,SAFE,SAFE,10,0,100,False,1,0,0,12,100,32,False,True,True,False,True,False
31.9,31.7,3740,2,12,1,12.0,90.0,48329.9,53.7,115.04,False,4.73,20.0,0,10,0,False,False,0,WET,NORMAL,8,0,48,False,1,BRIGHT,FOG,8,32,True,True,0,SAFE,SAFE,SAFE,10,0,100,False,1,8,0,12,100,32,False,True,True,False,True,False
31.95,31.62,3731,2,12,1,12.0,90.0,48329.9,53.7,114.8,False,4.6,20.0,0,10,0,False,False,0,WET,NORMAL,8,0,48,False,1,BRIGHT,FOG,8,32,True,True,0,SAFE,SAFE,SAFE,10,0,100,False,1,8,0,12,100,32,False,True,True,False,True,False
32.0,31.18,3679,2,12,1,12.0,90.0,48329.9,53.7,114.58,False,4.36,20.0,0,10,0,False,False,0,WET,NORMAL,8,0,48,False,1,BRIGHT,FOG,8,32,True,True,0,SAFE,SAFE,SAFE,10,0,100,False,1,8,0,12,100,32,False,True,True,False,True,False
32.05,31.33,3698,2,12,1,12.0,90.0,48329.9,53.7,114.37,False,4.3,20.0,0,10,0,False,False,0,WET,NORMAL,8,0,48,False,1,BRIGHT,FOG,8,32,True,True,0,SAFE,SAFE,SAFE,10,0,100,False,1,8,0,12,100,32,False,True,True,False,True,False
32.1,31.17,3678,2,12,1,12.0,90.0,48329.9,53.7,114.37,False,4.15,20.0,0,10,0,False,False,0,WET,NORMAL,8,0,48,False,1,BRIGHT,FOG,8,32,True,True,0,SAFE,SAFE,SAFE,10,0,100,False,1,8,0,12,100,32,False,True,True,False,True,False
32.15,31.56,3724,2,12,1,12.0,90.0,48329.9,53.7,114.16,False,4.15,20.0,0,10,0,False,False,0,WET,NORMAL,8,0,48,False,1,BRIGHT,FOG,8,32,True,True,0,SAFE,SAFE,SAFE,10,0,100,False,1,8,0,12,100,32,False,True,True,False,True,False
32.2,31.6,3729,2,12,1,12.0,90.0,48329.9,53.7,113.96,False,4.05,20.0,0,10,0,False,False,0,WET,NORMAL,8,0,48,False,1,BRIGHT,FOG,8,32,True,True,0,SAFE,SAFE,SAFE,10,0,100,False,1,8,0,12,100,32,False,True,True,False,True,False
32.25,32.12,3790,2,12,1,12.0,90.0,48329.9,53.7,113.76,False,4.09,20.0,0,10,0,False,False,0,WET,NORMAL,8,0,48,False,1,BRIGHT,FOG,8,32,True,True,0,SAFE,SAFE,SAFE,10,0,100,False,1,8,0,12,100,32,False,True,True,False,True,False
32.3,32.24,3805,2,12,1,12.0,90.0,48329.9,53.7,113.55,False,4.02,20.0,0,10,0,False,False,0,WET,NORMAL,8,0,48,False,1,BRIGHT,FOG,8,32,True,True,0,SAFE,SAFE,SAFE,10,0,100,False,1,8,0,12,100,32,False,True,True,False,True,False
32.35,32.61,3848,2,12,1,12.0,90.0,48329.9,53.7,113.35,False,4.02,20.0,0,10,0,False,False,0,WET,NORMAL,8,0,48,False,1,BRIGHT,FOG,0,32,True,True,0,SAFE,SAFE,SAFE,10,0,100,False,1,0,0,12,100,32,False,True,True,False,True,False
32.4,32.3,3811,2,12,1,12.0,90.0,48329.9,53.7,113.16,False,3.84,20.0,0,10,0,False,False,0,WET,NORMAL,8,0,48,False,1,BRIGHT,FOG,0,32,True,True,0,SAFE,SAFE,SAFE,10,0,100,False,1,0,0,12,100,32,False,True,True,False,True,False
32.45,32.28,3809,2,12,1,12.0,90.0,48329.9,53.7,113.17,False,3.66,20.0,0,10,0,False,False,0,WET,NORMAL,8,0,48,False,1,BRIGHT,FOG,0,32,True,True,0,SAFE,SAFE,SAFE,10,0,100,False,1,0,0,12,100,32,False,True,True,False,True,False
32.5,31.75,3747,2,12,1,12.0,90.0,48329.9,53.7,113.0,False,3.58,20.0,0,10,0,False,False,0,WET,NORMAL,8,0,48,False,1,BRIGHT,FOG,8,32,True,True,0,SAFE,SAFE,SAFE,10,0,100,False,1,8,0,12,100,32,False,True,True,False,True,False
32.55,31.74,3745,2,12,1,12.0,90.0,48329.9,53.7,112.83,False,3.31,20.0,0,10,0,False,False,0,WET,NORMAL,8,0,48,False,1,BRIGHT,FOG,8,32,True,True,0,SAFE,SAFE,SAFE,10,0,100,False,1,8,0,12,100,32,False,True,True,False,True,False
32.6,31.34,3699,2,12,1,12.0,90.0,48329.9,53.7,112.67,False,3.27,20.0,0,10,0,False,False,0,WET,NORMAL,8,0,48,False,1,BRIGHT,FOG,8,32,True,True,0,SAFE,SAFE,SAFE,10,0,100,False,1,8,0,12,100,32,False,True,True,False,True,False
32.65,31.52,3720,2,12,1,12.0,90.0,48329.9,53.7,112.51,False,3.06,20.0,0,10,0,False,False,0,WET,NORMAL,8,0,48,False,1,BRIGHT,FOG,8,32,True,True,0,SAFE,SAFE,SAFE,10,0,100,False,1,8,0,12,100,32,False,True,True,False,True,False
32.7,31.38,3704,2,12,1,12.0,90.0,48329.9,53.7,112.36,False,3.08,20.0,0,10,0,False,False,0,WET,NORMAL,8,0,48,False,1,BRIGHT,FOG,8,32,True,True,0,SAFE,SAFE,SAFE,10,0,100,False,1,8,0,12,100,32,False,True,True,False,True,False
32.75,31.79,3751,2,12,1,12.0,90.0,48329.9,53.7,112.21,False,2.99,20.0,0,10,0,False,False,0,WET,NORMAL,8,0,48,False,1,BRIGHT,FOG,8,32,True,True,0,SAFE,SAFE,SAFE,10,0,100,False,1,8,0,12,100,32,False,True,True,False,True,False
32.8,31.85,3758,2,12,1,12.0,90.0,48329.9,53.7,112.12,False,3.05,20.0,0,10,0,False,False,0,WET,NORMAL,8,0,48,False,1,BRIGHT,FOG,8,32,True,True,0,SAFE,SAFE,SAFE,10,0,100,False,1,8,0,12,100,32,False,True,True,False,True,False
32.85,32.37,3820,2,12,1,12.0,90.0,48329.9,53.7,112.11,False,3.01,20.0,0,10,0,False,False,0,WET,NORMAL,8,0,48,False,1,BRIGHT,FOG,0,32,True,True,0,SAFE,SAFE,SAFE,10,0,100,False,1,0,0,12,100,32,False,True,True,False,True,False
32.9,32.41,3825,2,12,1,12.0,90.0,48329.9,53.7,111.96,False,3.04,20.0,0,10,0,False,False,0,WET,NORMAL,8,0,48,False,1,BRIGHT,FOG,0,32,True,True,0,SAFE,SAFE,SAFE,10,0,100,False,1,0,0,12,100,32,False,True,True,False,True,False
32.95,32.67,3855,2,12,1,12.0,90.0,48329.9,53.7,111.81,False,2.92,20.0,0,10,0,False,False,0,WET,NORMAL,8,0,48,False,1,BRIGHT,FOG,0,32,True,True,0,SAFE,SAFE,SAFE,10,0,100,False,1,0,0,12,100,32,False,True,True,False,True,False
33.0,32.32,3814,2,12,1,12.0,90.0,47975.4,53.7,111.67,False,2.84,20.0,0,10,0,False,False,0,WET,NORMAL,8,0,48,False,1,BRIGHT,FOG,0,32,True,True,0,SAFE,SAFE,SAFE,10,0,100,False,1,0,0,12,100,32,False,True,True,False,True,False
33.05,32.31,3812,2,12,1,12.0,90.0,47975.4,53.7,111.53,False,2.64,20.0,0,10,0,False,False,0,WET,NORMAL,8,0,48,False,1,BRIGHT,FOG,0,32,True,True,0,SAFE,SAFE,SAFE,10,0,100,False,1,0,0,12,100,32,False,True,True,False,True,False
33.1,31.77,3750,2,12,1,12.0,90.0,47975.4,53.7,111.4,False,2.49,20.0,0,10,0,False,False,0,WET,NORMAL,8,0,48,False,1,BRIGHT,FOG,8,32,True,True,0,SAFE,SAFE,SAFE,10,0,100,False,1,8,0,12,100,32,False,True,True,False,True,False
33.15,31.76,3748,2,12,1,12.0,90.0,47975.4,53.7,111.29,False,2.3,20.0,0,10,0,False,False,0,WET,NORMAL,8,0,48,False,1,BRIGHT,FOG,8,32,True,True,0,SAFE,SAFE,SAFE,10,0,100,False,1,8,0,12,100,32,False,True,True,False,True,False
33.2,31.37,3701,2,12,1,12.0,90.0,47975.4,53.7,111.38,False,2.19,20.0,0,10,0,False,False,0,WET,NORMAL,8,0,48,False,1,BRIGHT,FOG,8,32,True,True,0,SAFE,SAFE,SAFE,10,0,100,False,1,8,0,12,100,32,False,True,True,False,True,False
33.25,31.54,3722,2,12,1,12.0,90.0,47975.4,53.7,111.28,False,2.05,20.0,0,10,0,False,False,0,WET,NORMAL,8,0,48,False,1,BRIGHT,FOG,8,32,True,True,0,SAFE,SAFE,SAFE,10,0,100,False,1,8,0,12,100,32,False,True,True,False,True,False
33.3,31.4,3706,2,12,1,12.0,90.0,47975.4,53.7,111.18,False,2.01,20.0,0,10,0,False,False,0,WET,NORMAL,8,0,48,False,1,BRIGHT,FOG,8,32,True,True,0,SAFE,SAFE,SAFE,10,0,100,False,1,8,0,12,100,32,False,True,True,False,True,False
33.35,31.81,3753,2,12,1,12.0,90.0,47975.4,53.7,111.08,False,1.94,20.0,0,10,0,False,False,0,WET,NORMAL,8,0,48,False,1,BRIGHT,FOG,8,32,True,True,0,SAFE,SAFE,SAFE,10,0,100,False,1,8,0,12,100,32,False,True,True,False,True,False
33.4,31.87,3761,2,12,1,12.0,90.0,47975.4,53.7,110.98,False,1.95,20.0,0,10,0,False,False,0,WET,NORMAL,8,0,48,False,1,BRIGHT,FOG,8,32,True,True,0,SAFE,SAFE,SAFE,10,0,100,False,1,8,0,12,100,32,False,True,True,False,True,False
33.45,32.39,3822,2,12,1,12.0,90.0,47975.4,53.7,110.88,False,1.92,20.0,0,10,0,False,False,0,WET,NORMAL,8,0,48,False,1,BRIGHT,FOG,0,32,True,True,0,SAFE,SAFE,SAFE,10,0,100,False,1,0,0,12,100,32,False,True,True,False,True,False
33.5,32.43,3827,2,12,1,12.0,90.0,47975.4,53.7,110.79,False,1.94,20.0,0,10,0,False,False,0,WET,NORMAL,8,0,48,False,1,BRIGHT,FOG,0,32,True,True,0,SAFE,SAFE,SAFE,10,0,100,False,1,0,0,12,100,32,False,True,True,False,True,False
33.55,32.69,3857,2,12,1,12.0,90.0,47975.4,53.7,110.9,False,1.87,20.0,0,10,0,False,False,0,WET,NORMAL,8,0,48,False,1,BRIGHT,FOG,0,32,True,True,0,SAFE,SAFE,SAFE,10,0,100,False,1,0,0,12,100,32,False,True,True,False,True,False
33.6,32.34,3816,2,12,1,12.0,90.0,47975.4,53.7,110.81,False,1.82,20.0,0,10,0,False,False,0,WET,NORMAL,8,0,48,False,1,BRIGHT,FOG,0,32,True,True,0,SAFE,SAFE,SAFE,10,0,100,False,1,0,0,12,100,32,False,True,True,False,True,False
33.65,32.32,3814,2,12,1,12.0,90.0,47975.4,53.7,110.72,False,1.73,20.0,0,10,0,False,False,0,WET,NORMAL,8,0,48,False,1,BRIGHT,FOG,0,32,True,True,0,SAFE,SAFE,SAFE,10,0,100,False,1,0,0,12,100,32,False,True,True,False,True,False
33.7,31.79,3751,2,12,1,12.0,90.0,47975.4,53.7,110.64,False,1.68,20.0,0,10,0,False,False,0,WET,NORMAL,8,0,48,False,1,BRIGHT,FOG,8,32,True,True,0,SAFE,SAFE,SAFE,10,0,100,False,1,8,0,12,100,32,False,True,True,False,True,False
33.75,31.78,3750,2,12,1,12.0,90.0,47975.4,53.7,110.55,False,1.62,20.0,0,10,0,False,False,0,WET,NORMAL,8,0,48,False,1,BRIGHT,FOG,8,32,True,True,0,SAFE,SAFE,SAFE,10,0,100,False,1,8,0,12,100,32,False,True,True,False,True,False
33.8,31.38,3703,2,12,1,12.0,90.0,47975.4,53.7,110.47,False,1.63,20.0,0,10,0,False,False,0,WET,NORMAL,8,0,48,False,1,BRIGHT,FOG,8,32,True,True,0,SAFE,SAFE,SAFE,10,0,100,False,1,8,0,12,100,32,False,True,True,False,True,False
33.85,31.56,3724,2,12,1,12.0,90.0,47975.4,53.7,110.39,False,1.62,20.0,0,10,0,False,False,0,WET,NORMAL,8,0,48,False,1,BRIGHT,FOG,8,32,True,True,0,SAFE,SAFE,SAFE,10,0,100,False,1,8,0,12,100,32,False,True,True,False,True,False
33.9,31.42,3707,2,12,1,12.0,90.0,47975.4,53.7,110.52,False,1.69,20.0,0,10,0,False,False,0,WET,NORMAL,8,0,48,False,1,BRIGHT,FOG,8,32,True,True,0,SAFE,SAFE,SAFE,10,0,100,False,1,8,0,12,100,32,False,True,True,False,True,False
33.95,31.82,3755,2,12,1,12.0,90.0,47975.4,53.7,110.43,False,1.73,20.0,0,10,0,False,False,0,WET,NORMAL,8,0,48,False,1,BRIGHT,FOG,8,32,True,True,0,SAFE,SAFE,SAFE,10,0,100,False,1,8,0,12,100,32,False,True,True,False,True,False
34.0,31.88,3762,2,12,1,12.0,90.0,47975.4,53.7,110.34,False,1.84,20.0,0,10,0,False,False,0,WET,NORMAL,8,0,48,False,1,BRIGHT,FOG,8,32,True,True,0,SAFE,SAFE,SAFE,10,0,100,False,1,8,0,12,100,32,False,True,True,False,True,False
34.05,32.4,3823,2,12,1,12.0,90.0,47975.4,53.7,110.25,False,1.89,20.0,0,10,0,False,False,0,WET,NORMAL,8,0,48,False,1,BRIGHT,FOG,0,32,True,True,0,SAFE,SAFE,SAFE,10,0,100,False,1,0,0,12,100,32,False,True,True,False,True,False
34.1,32.44,3828,2,12,1,12.0,90.0,47975.4,53.7,110.15,False,1.97,20.0,0,10,0,False,False,0,WET,NORMAL,8,0,48,False,1,BRIGHT,FOG,0,32,True,True,0,SAFE,SAFE,SAFE,10,0,100,False,1,0,0,12,100,32,False,True,True,False,True,False
34.15,32.7,3859,2,12,1,12.0,90.0,47975.4,53.7,110.05,False,1.94,20.0,0,10,0,False,False,0,WET,NORMAL,8,0,48,False,1,BRIGHT,FOG,0,32,True,True,0,SAFE,SAFE,SAFE,10,0,100,False,1,0,0,12,100,32,False,True,True,False,True,False
34.2,32.35,3818,2,12,1,12.0,90.0,47975.4,53.7,109.96,False,1.91,20.0,0,10,0,False,False,0,WET,NORMAL,8,0,48,False,1,BRIGHT,FOG,0,32,True,True,0,SAFE,SAFE,SAFE,10,0,100,False,1,0,0,12,100,32,False,True,True,False,True,False
34.25,32.33,3816,2,12,1,12.0,90.0,47975.4,53.7,110.0,False,1.81,20.0,0,10,0,False,False,0,WET,NORMAL,8,0,48,False,1,BRIGHT,FOG,0,32,True,True,0,SAFE,SAFE,SAFE,10,0,100,False,1,0,0,12,100,32,False,True,True,False,True,False
34.3,31.8,3753,2,12,1,12.0,90.0,47975.4,53.7,109.98,False,1.74,20.0,0,10,0,False,False,0,WET,NORMAL,8,0,48,False,1,BRIGHT,FOG,8,32,True,True,0,SAFE,SAFE,SAFE,10,0,100,False,1,8,0,12,100,32,False,True,True,False,True,False
34.35,31.79,3751,2,12,1,12.0,90.0,47975.4,53.7,109.9,False,1.66,20.0,0,10,0,False,False,0,WET,NORMAL,8,0,48,False,1,BRIGHT,FOG,8,32,True,True,0,SAFE,SAFE,SAFE,10,0,100,False,1,8,0,12,100,32,False,True,True,False,True,False
34.4,31.39,3704,2,12,1,12.0,90.0,47975.4,53.7,109.82,False,1.63,20.0,0,10,0,False,False,0,WET,NORMAL,8,0,48,False,1,BRIGHT,FOG,8,32,True,True,0,SAFE,SAFE,SAFE,10,0,100,False,1,8,0,12,100,32,False,True,True,False,True,False
34.45,31.57,3725,2,12,1,12.0,90.0,47975.4,53.7,109.74,False,1.61,20.0,0,10,0,False,False,0,WET,NORMAL,8,0,48,False,1,BRIGHT,FOG,8,32,True,True,0,SAFE,SAFE,SAFE,10,0,100,False,1,8,0,12,100,32,False,True,True,False,True,False
34.5,31.43,3709,2,12,1,12.0,90.0,47478.0,53.6,109.66,False,1.66,20.0,0,10,0,False,False,0,WET,NORMAL,8,0,48,False,1,BRIGHT,FOG,8,32,True,True,0,SAFE,SAFE,SAFE,10,0,100,False,1,8,0,12,100,32,False,True,True,False,True,False
34.55,31.83,3756,2,12,1,12.0,90.0,47478.0,53.6,109.57,False,1.69,20.0,0,10,0,False,False,0,WET,NORMAL,8,0,48,False,1,BRIGHT,FOG,8,32,True,True,0,SAFE,SAFE,SAFE,10,0,100,False,1,8,0,12,100,32,False,True,True,False,True,False
34.6,31.89,3763,2,12,1,12.0,90.0,47478.0,53.6,109.49,False,1.8,20.0,0,10,0,False,False,0,WET,NORMAL,8,0,48,False,1,BRIGHT,FOG,8,32,True,True,0,SAFE,SAFE,SAFE,10,0,100,False,1,8,0,12,100,32,False,True,True,False,True,False
34.65,32.41,3825,2,12,1,12.0,90.0,47478.0,53.6,109.6,False,1.86,20.0,0,10,0,False,False,0,WET,NORMAL,8,0,48,False,1,BRIGHT,FOG,0,32,True,True,0,SAFE,SAFE,SAFE,10,0,100,False,1,0,0,12,100,32,False,True,True,False,True,False
34.7,32.45,3830,2,12,1,12.0,90.0,47478.0,53.6,109.5,False,1.96,20.0,0,10,0,False,False,0,WET,NORMAL,8,0,48,False,1,BRIGHT,FOG,0,32,True,True,0,SAFE,SAFE,SAFE,10,0,100,False,1,0,0,12,100,32,False,True,True,False,True,False
34.75,32.71,3860,2,12,1,12.0,90.0,47478.0,53.6,109.41,False,1.94,20.0,0,10,0,False,False,0,WET,NORMAL,8,0,48,False,1,BRIGHT,FOG,0,32,True,True,0,SAFE,SAFE,SAFE,10,0,100,False,1,0,0,12,100,32,False,True,True,False,True,False
34.8,32.36,3819,2,12,1,12.0,90.0,47478.0,53.6,109.31,False,1.93,20.0,0,10,0,False,False,0,WET,NORMAL,8,0,48,False,1,BRIGHT,FOG,0,32,True,True,0,SAFE,SAFE,SAFE,10,0,100,False,1,0,0,12,100,32,False,True,True,False,True,False
34.85,32.35,3817,2,12,1,12.0,90.0,47478.0,53.6,109.22,False,1.83,20.0,0,10,0,False,False,0,WET,NORMAL,8,0,48,False,1,BRIGHT,FOG,0,32,True,True,0,SAFE,SAFE,SAFE,10,0,100,False,1,0,0,12,100,32,False,True,True,False,True,False
34.9,31.81,3754,2,12,1,12.0,90.0,47478.0,53.6,109.13,False,1.77,20.0,0,10,0,False,False,0,WET,NORMAL,8,0,48,False,1,BRIGHT,FOG,8,32,True,True,0,SAFE,SAFE,SAFE,10,0,100,False,1,8,0,12,100,32,False,True,True,False,True,False
34.95,31.8,3752,2,12,1,12.0,90.0,47478.0,53.6,109.04,False,1.68,20.0,0,10,0,False,False,0,WET,NORMAL,8,0,48,False,1,BRIGHT,FOG,8,32,True,True,0,SAFE,SAFE,SAFE,10,0,100,False,1,8,0,12,100,32,False,True,True,False,True,False
35.0,31.4,3706,2,12,1,12.0,90.0,47478.0,53.6,109.17,False,1.65,20.0,0,10,0,False,False,0,WET,NORMAL,8,0,48,False,1,BRIGHT,FOG,8,32,True,True,0,SAFE,SAFE,SAFE,10,0,100,False,1,8,0,12,100,32,False,True,True,False,True,False
35.05,31.58,3726,2,12,1,12.0,90.0,47478.0,53.6,109.09,False,1.62,20.0,0,10,0,False,False,0,WET,NORMAL,8,0,48,False,1,BRIGHT,FOG,8,32,True,True,0,SAFE,SAFE,SAFE,10,0,100,False,1,8,0,12,100,32,False,True,True,False,True,False
35.1,31.44,3710,2,12,1,12.0,90.0,47478.0,53.6,109.0,False,1.66,20.0,0,10,0,False,False,0,WET,NORMAL,8,0,48,False,1,BRIGHT,FOG,8,32,True,True,0,SAFE,SAFE,SAFE,10,0,100,False,1,8,0,12,100,32,False,True,True,False,True,False
35.15,31.84,3757,2,12,1,12.0,90.0,47478.0,53.6,108.92,False,1.69,20.0,0,10,0,False,False,0,WET,NORMAL,8,0,48,False,1,BRIGHT,FOG,8,32,True,True,0,SAFE,SAFE,SAFE,10,0,100,False,1,8,0,12,100,32,False,True,True,False,True,False
35.2,31.9,3765,2,12,1,12.0,90.0,47478.0,53.6,108.83,False,1.79,20.0,0,10,0,False,False,0,WET,NORMAL,8,0,48,False,1,BRIGHT,FOG,8,32,True,True,0,SAFE,SAFE,SAFE,10,0,100,False,1,8,0,12,100,32,False,True,True,False,True,False
35.25,32.42,3826,2,12,1,12.0,90.0,47478.0,53.6,108.74,False,1.86,20.0,0,10,0,False,False,0,WET,NORMAL,8,0,48,False,1,BRIGHT,FOG,0,32,True,True,0,SAFE,SAFE,SAFE,10,0,100,False,1,0,0,12,100,32,False,True,True,False,True,False
35.3,32.47,3831,2,12,1,12.0,90.0,47478.0,53.6,108.65,False,1.95,20.0,0,10,0,False,False,0,WET,NORMAL,8,0,48,False,1,BRIGHT,FOG,0,32,True,True,0,SAFE,SAFE,SAFE,10,0,100,False,1,0,0,12,100,32,False,True,True,False,True,False
35.35,32.72,3861,2,12,1,12.0,90.0,47478.0,53.6,108.76,False,1.94,20.0,0,10,0,False,False,0,WET,NORMAL,8,0,48,False,1,BRIGHT,FOG,0,32,True,True,0,SAFE,SAFE,SAFE,10,0,100,False,1,0,0,12,100,32,False,True,True,False,True,False
35.4,32.38,3821,2,12,1,12.0,90.0,47478.0,53.6,108.66,False,1.93,20.0,0,10,0,False,False,0,WET,NORMAL,8,0,48,False,1,BRIGHT,FOG,0,32,True,True,0,SAFE,SAFE,SAFE,10,0,100,False,1,0,0,12,100,32,False,True,True,False,True,False
35.45,32.36,3818,2,12,1,12.0,90.0,47478.0,53.6,108.57,False,1.84,20.0,0,10,0,False,False,0,WET,NORMAL,8,0,48,False,1,BRIGHT,FOG,0,32,True,True,0,SAFE,SAFE,SAFE,10,0,100,False,1,0,0,12,100,32,False,True,True,False,True,False
35.5,31.83,3755,2,12,1,12.0,90.0,47478.0,53.6,108.48,False,1.77,20.0,0,10,0,False,False,0,WET,NORMAL,8,0,48,False,1,BRIGHT,FOG,8,32,True,True,0,SAFE,SAFE,SAFE,10,0,100,False,1,8,0,12,100,32,False,True,True,False,True,False
35.55,31.81,3754,2,12,1,12.0,90.0,47478.0,53.6,108.39,False,1.68,20.0,0,10,0,False,False,0,WET,NORMAL,8,0,48,False,1,BRIGHT,FOG,8,32,True,True,0,SAFE,SAFE,SAFE,10,0,100,False,1,8,0,12,100,32,False,True,True,False,True,False
35.6,31.41,3707,2,12,1,12.0,90.0,47478.0,53.6,108.31,False,1.66,20.0,0,10,0,False,False,0,WET,NORMAL,8,0,48,False,1,BRIGHT,FOG,8,32,True,True,0,SAFE,SAFE,SAFE,10,0,100,False,1,8,0,12,100,32,False,True,True,False,True,False
35.65,31.59,3728,2,12,1,12.0,90.0,47478.0,53.6,108.23,False,1.62,20.0,0,10,0,False,False,0,WET,NORMAL,8,0,48,False,1,BRIGHT,FOG,8,32,True,True,0,SAFE,SAFE,SAFE,10,0,100,False,1,8,0,12,100,32,False,True,True,False,True,False
35.7,31.45,3711,2,12,1,12.0,90.0,47478.0,53.6,108.31,False,1.67,20.0,0,10,0,False,False,0,WET,NORMAL,8,0,48,False,1,BRIGHT,FOG,8,32,True,True,0,SAFE,SAFE,SAFE,10,0,100,False,1,8,0,12,100,32,False,True,True,False,True,False
35.75,31.85,3759,2,12,1,12.0,90.0,47478.0,53.6,108.27,False,1.7,20.0,0,10,0,False,False,0,WET,NORMAL,8,0,48,False,1,BRIGHT,FOG,8,32,True,True,0,SAFE,SAFE,SAFE,10,0,100,False,1,8,0,12,100,32,False,True,True,False,True,False
35.8,31.92,3766,2,12,1,12.0,90.0,47478.0,53.6,108.18,False,1.8,20.0,0,10,0,False,False,0,WET,NORMAL,8,0,48,False,1,BRIGHT,FOG,8,32,True,True,0,SAFE,SAFE,SAFE,10,0,100,False,1,8,0,12,100,32,False,True,True,False,True,False
35.85,32.43,3827,2,12,1,12.0,90.0,47478.0,53.6,108.09,False,1.86,20.0,0,10,0,False,False,0,WET,NORMAL,8,0,48,False,1,BRIGHT,FOG,0,32,True,True,0,SAFE,SAFE,SAFE,10,0,100,False,1,0,0,12,100,32,False,True,True,False,True,False
35.9,32.48,3832,2,12,1,12.0,90.0,47478.0,53.6,107.99,False,1.95,20.0,0,10,0,False,False,0,WET,NORMAL,8,0,48,False,1,BRIGHT,FOG,0,32,True,True,0,SAFE,SAFE,SAFE,10,0,100,False,1,0,0,12,100,32,False,True,True,False,True,False
35.95,32.73,3863,2,12,1,12.0,90.0,47478.0,53.6,107.89,False,1.94,20.0,0,10,0,False,False,0,WET,NORMAL,8,0,48,False,1,BRIGHT,FOG,0,32,True,True,0,SAFE,SAFE,SAFE,10,0,100,False,1,0,0,12,100,32,False,True,True,False,True,False
36.0,32.39,3822,2,12,1,12.0,90.0,46854.8,53.6,107.8,False,1.93,20.0,0,10,0,False,False,0,WET,NORMAL,8,0,48,False,1,BRIGHT,FOG,0,32,True,True,0,SAFE,SAFE,SAFE,10,0,100,False,1,0,0,12,100,32,False,True,True,False,True,False
36.05,32.37,3820,2,12,1,12.0,90.0,46854.8,53.6,107.8,False,1.84,20.0,0,10,0,False,False,0,WET,NORMAL,8,0,48,False,1,BRIGHT,FOG,0,32,True,True,0,SAFE,SAFE,SAFE,10,0,100,False,1,0,0,12,100,32,False,True,True,False,True,False
36.1,31.84,3757,2,12,1,12.0,90.0,46854.8,53.6,107.82,False,1.78,20.0,0,10,0,False,False,0,WET,NORMAL,8,0,48,False,1,BRIGHT,FOG,8,32,True,True,0,SAFE,SAFE,SAFE,10,0,100,False,1,8,0,12,100,32,False,True,True,False,True,False
36.15,31.82,3755,2,12,1,12.0,90.0,46854.8,53.6,107.74,False,1.69,20.0,0,10,0,False,False,0,WET,NORMAL,8,0,48,False,1,BRIGHT,FOG,8,32,True,True,0,SAFE,SAFE,SAFE,10,0,100,False,1,8,0,12,100,32,False,True,True,False,True,False
36.2,31.43,3708,2,12,1,12.0,90.0,46854.8,53.6,107.65,False,1.65,20.0,0,10,0,False,False,0,WET,NORMAL,8,0,48,False,1,BRIGHT,FOG,8,32,True,True,0,SAFE,SAFE,SAFE,10,0,100,False,1,8,0,12,100,32,False,True,True,False,True,False
36.25,31.6,3729,2,12,1,12.0,90.0,46854.8,53.6,107.57,False,1.57,20.0,0,10,0,False,False,0,WET,NORMAL,8,0,48,False,1,BRIGHT,FOG,8,32,True,True,0,SAFE,SAFE,SAFE,10,0,100,False,1,8,0,12,100,32,False,True,True,False,True,False
36.3,31.46,3713,2,12,1,12.0,90.0,46854.8,53.6,107.5,False,1.56,20.0,0,10,0,False,False,0,WET,NORMAL,8,0,48,False,1,BRIGHT,FOG,8,32,True,True,0,SAFE,SAFE,SAFE,10,0,100,False,1,8,0,12,100,32,False,True,True,False,True,False
36.35,31.86,3760,2,12,1,12.0,90.0,46854.8,53.6,107.42,False,1.52,20.0,0,10,0,False,False,0,WET,NORMAL,8,0,48,False,1,BRIGHT,FOG,8,32,True,True,0,SAFE,SAFE,SAFE,10,0,100,False,1,8,0,12,100,32,False,True,True,False,True,False
36.4,31.93,3768,2,12,1,12.0,90.0,46854.8,53.6,107.34,False,1.54,20.0,0,10,0,False,False,0,WET,NORMAL,8,0,48,False,1,BRIGHT,FOG,8,32,True,True,0,SAFE,SAFE,SAFE,10,0,100,False,1,8,0,12,100,32,False,True,True,False,True,False
36.45,32.45,3829,2,12,1,12.0,90.0,46854.8,53.6,107.47,False,1.53,20.0,0,10,0,False,False,0,WET,NORMAL,8,0,48,False,1,BRIGHT,FOG,0,32,True,True,0,SAFE,SAFE,SAFE,10,0,100,False,1,0,0,12,100,32,False,True,True,False,True,False
36.5,32.49,3834,2,12,1,12.0,90.0,46854.8,53.6,107.4,False,1.54,20.0,0,10,0,False,False,0,WET,NORMAL,8,0,48,False,1,BRIGHT,FOG,0,32,True,True,0,SAFE,SAFE,SAFE,10,0,100,False,1,0,0,12,100,32,False,True,True,False,True,False
36.55,32.75,3864,2,12,1,12.0,90.0,46854.8,53.6,107.32,False,1.45,20.0,0,10,0,False,False,0,WET,NORMAL,8,0,48,False,1,BRIGHT,FOG,0,32,True,True,0,SAFE,SAFE,SAFE,10,0,100,False,1,0,0,12,100,32,False,True,True,False,True,False
36.6,32.4,3823,2,12,1,12.0,90.0,46854.8,53.6,107.25,False,1.35,20.0,0,10,0,False,False,0,WET,NORMAL,8,0,48,False,1,BRIGHT,FOG,0,32,True,True,0,SAFE,SAFE,SAFE,10,0,100,False,1,0,0,12,100,32,False,True,True,False,True,False
36.65,32.38,3821,2,12,1,12.0,90.0,46854.8,53.6,107.19,False,1.19,20.0,0,10,0,False,False,0,WET,NORMAL,8,0,48,False,1,BRIGHT,FOG,0,32,True,True,0,SAFE,SAFE,SAFE,10,0,100,False,1,0,0,12,100,32,False,True,True,False,True,False
36.7,31.85,3758,2,12,1,12.0,90.0,46854.8,53.6,107.14,False,1.03,20.0,0,10,0,False,False,0,WET,NORMAL,8,0,48,False,1,BRIGHT,FOG,8,32,True,True,0,SAFE,SAFE,SAFE,10,0,100,False,1,8,0,12,100,32,False,True,True,False,True,False
36.75,31.83,3756,2,12,1,12.0,90.0,46854.8,53.6,107.09,False,0.87,20.0,0,10,0,False,False,0,WET,NORMAL,8,0,48,False,1,BRIGHT,FOG,8,32,True,True,0,SAFE,SAFE,SAFE,10,0,100,False,1,8,0,12,100,32,False,True,True,False,True,False
36.8,31.44,3710,2,12,1,12.0,90.0,46854.8,53.6,107.26,False,0.75,20.0,0,10,0,False,False,0,WET,NORMAL,8,0,48,False,1,BRIGHT,FOG,8,32,True,True,0,SAFE,SAFE,SAFE,10,0,100,False,1,8,0,12,100,32,False,True,True,False,True,False
36.85,31.61,3731,2,12,1,12.0,90.0,46854.8,53.6,107.22,False,0.65,20.0,0,10,0,False,False,0,WET,NORMAL,8,0,48,False,1,BRIGHT,FOG,8,32,True,True,0,SAFE,SAFE,SAFE,10,0,100,False,1,8,0,12,100,32,False,True,True,False,True,False
36.9,31.48,3714,2,12,1,12.0,90.0,46854.8,53.6,107.19,False,0.59,20.0,0,10,0,False,False,0,WET,NORMAL,8,0,48,False,1,BRIGHT,FOG,8,32,True,True,0,SAFE,SAFE,SAFE,10,0,100,False,1,8,0,12,100,32,False,True,True,False,True,False
36.95,31.88,3762,2,12,1,12.0,90.0,46854.8,53.6,107.17,False,0.57,20.0,0,10,0,False,False,0,WET,NORMAL,8,0,48,False,1,BRIGHT,FOG,8,32,True,True,0,SAFE,SAFE,SAFE,10,0,100,False,1,8,0,12,100,32,False,True,True,False,True,False
37.0,31.94,3769,2,12,1,12.0,90.0,46854.8,54.2,107.14,False,0.56,20.0,0,10,0,False,False,0,WET,NORMAL,8,0,48,False,1,BRIGHT,FOG,8,32,True,True,0,SAFE,SAFE,SAFE,10,0,100,False,1,8,0,12,100,32,False,True,True,False,True,False
37.05,32.46,3830,2,12,1,12.0,90.0,46854.8,54.2,107.11,False,0.57,20.0,0,10,0,False,False,0,WET,NORMAL,8,0,48,False,1,BRIGHT,FOG,8,32,True,True,0,SAFE,SAFE,SAFE,10,0,100,False,1,8,0,12,100,32,False,True,True,False,True,False
37.1,32.6,3847,2,12,1,12.0,90.0,46854.8,54.2,107.08,False,0.59,20.0,0,10,0,False,False,0,WET,NORMAL,8,0,48,False,1,BRIGHT,FOG,0,32,True,True,0,SAFE,SAFE,SAFE,10,0,100,False,1,0,0,12,100,32,False,True,True,False,True,False
37.15,32.88,3880,2,12,1,12.0,90.0,46854.8,54.2,107.26,False,0.53,20.0,0,10,0,False,False,0,WET,NORMAL,8,0,48,False,1,BRIGHT,FOG,0,32,True,True,0,SAFE,SAFE,SAFE,10,0,100,False,1,0,0,12,100,32,False,True,True,False,True,False
37.2,32.53,3839,2,12,1,12.0,90.0,46854.8,54.2,107.24,False,0.41,20.0,0,10,0,False,False,0,WET,NORMAL,8,0,48,False,1,BRIGHT,FOG,0,32,True,True,0,SAFE,SAFE,SAFE,10,0,100,False,1,0,0,12,100,32,False,True,True,False,True,False
37.25,32.51,3837,2,12,1,12.0,90.0,46854.8,54.2,107.22,False,0.28,20.0,0,10,0,False,False,0,WET,NORMAL,8,0,48,False,1,BRIGHT,FOG,0,32,True,True,0,SAFE,SAFE,SAFE,10,0,100,False,1,0,0,12,100,32,False,True,True,False,True,False
37.3,31.98,3774,2,12,1,12.0,90.0,46854.8,54.2,107.21,False,0.11,20.0,0,10,0,False,False,0,WET,NORMAL,8,0,48,False,1,BRIGHT,FOG,8,32,True,True,0,SAFE,SAFE,SAFE,10,0,100,False,1,8,0,12,100,32,False,True,True,False,True,False
37.35,31.97,3772,2,12,1,12.0,90.0,46854.8,54.2,107.21,False,0.0,20.0,0,10,0,False,False,0,WET,NORMAL,8,0,48,False,1,BRIGHT,FOG,8,32,True,True,0,SAFE,SAFE,SAFE,10,0,100,False,1,8,0,12,100,32,False,True,True,False,True,False
37.4,31.57,3725,2,12,1,12.0,90.0,46854.8,56.4,107.21,False,0.0,20.0,0,10,0,False,False,0,WET,NORMAL,8,0,50,False,1,BRIGHT,FOG,8,33,True,True,0,SAFE,SAFE,SAFE,10,0,100,False,1,8,0,12,100,33,False,True,True,False,True,False
37.45,31.74,3746,2,12,1,12.0,90.0,46854.8,56.2,107.22,False,0.0,20.0,0,10,0,False,False,0,WET,NORMAL,8,0,50,False,1,BRIGHT,FOG,8,33,True,True,0,SAFE,SAFE,SAFE,10,0,100,False,1,8,0,12,100,33,False,True,True,False,True,False
37.5,31.61,3730,2,12,1,12.0,90.0,46101.7,56.2,107.4,False,0.0,20.0,0,10,0,False,False,0,WET,NORMAL,8,0,50,False,1,BRIGHT,FOG,8,33,True,True,0,SAFE,SAFE,SAFE,10,0,100,False,1,8,0,12,100,33,False,True,True,False,True,False
37.55,32.01,3777,2,12,1,12.0,90.0,46101.7,56.2,107.46,False,0.0,20.0,0,10,0,False,False,0,WET,NORMAL,8,0,50,False,1,BRIGHT,FOG,8,33,True,True,0,SAFE,SAFE,SAFE,10,0,100,False,1,8,0,12,100,33,False,True,True,False,True,False
37.6,32.07,3785,2,12,1,12.0,90.0,46101.7,56.6,107.48,False,0.0,20.0,0,10,0,False,False,0,WET,NORMAL,8,0,50,False,1,BRIGHT,FOG,8,33,True,True,0,SAFE,SAFE,SAFE,10,0,100,False,1,8,0,12,100,33,False,True,True,False,True,False
37.65,32.59,3846,2,12,1,12.0,90.0,46101.7,56.9,107.49,False,0.0,20.0,0,10,0,False,False,0,WET,NORMAL,8,0,51,False,1,BRIGHT,FOG,8,34,True,True,0,SAFE,SAFE,SAFE,10,0,100,False,1,8,0,12,100,34,False,True,True,False,True,False
37.7,32.78,3868,2,12,1,12.0,90.0,46101.7,56.7,107.5,False,0.0,20.0,0,10,0,False,False,0,WET,NORMAL,8,0,51,False,1,BRIGHT,FOG,8,34,True,True,0,SAFE,SAFE,SAFE,10,0,100,False,1,8,0,12,100,34,False,True,True,False,True,False
37.75,33.36,3936,2,12,1,12.0,90.0,46101.7,56.2,107.51,False,0.0,20.0,0,10,0,False,False,0,WET,NORMAL,8,0,50,False,1,BRIGHT,FOG,8,33,True,True,0,SAFE,SAFE,SAFE,10,0,100,False,1,8,0,12,100,33,False,True,True,False,True,False
37.8,33.57,3961,2,12,1,12.0,90.0,46101.7,56.0,107.52,False,0.0,20.0,0,10,0,False,False,0,WET,NORMAL,8,0,50,False,1,BRIGHT,FOG,8,33,True,True,0,SAFE,SAFE,SAFE,10,0,100,False,1,8,0,12,100,33,False,True,True,False,True,False
37.85,33.95,4006,2,12,1,12.0,90.0,46101.7,55.9,107.67,False,0.0,20.0,0,10,0,False,False,0,WET,NORMAL,8,0,50,False,1,BRIGHT,FOG,0,33,True,True,0,SAFE,SAFE,SAFE,10,0,100,False,1,0,0,12,100,33,False,True,True,False,True,False
37.9,33.67,3973,2,12,1,12.0,90.0,46101.7,56.3,107.75,False,0.0,20.0,0,10,0,False,False,0,WET,NORMAL,8,0,50,False,1,BRIGHT,FOG,8,33,True,True,0,SAFE,SAFE,SAFE,10,0,100,False,1,8,0,12,100,33,False,True,True,False,True,False
37.95,33.73,3980,2,12,1,12.0,90.0,46101.7,56.5,107.77,False,0.0,20.0,0,10,0,False,False,0,WET,NORMAL,8,0,50,False,1,BRIGHT,FOG,8,33,True,True,0,SAFE,SAFE,SAFE,10,0,100,False,1,8,0,12,100,33,False,True,True,False,True,False
38.0,33.32,3932,2,12,1,12.0,90.0,46101.7,56.7,107.79,False,0.0,20.0,0,10,0,False,False,0,WET,NORMAL,8,0,51,False,1,BRIGHT,FOG,8,34,True,True,0,SAFE,SAFE,SAFE,10,0,100,False,1,8,0,12,100,34,False,True,True,False,True,False
38.05,33.32,3931,2,12,1,12.0,90.0,46101.7,56.2,107.82,False,0.0,20.0,0,10,0,False,False,0,WET,NORMAL,8,0,50,False,1,BRIGHT,FOG,8,33,True,True,0,SAFE,SAFE,SAFE,10,0,100,False,1,8,0,12,100,33,False,True,True,False,True,False
38.1,32.9,3882,2,12,1,12.0,90.0,46101.7,56.0,107.85,False,0.0,20.0,0,10,0,False,False,0,WET,NORMAL,8,0,50,False,1,BRIGHT,FOG,8,33,True,True,0,SAFE,SAFE,SAFE,10,0,100,False,1,8,0,12,100,33,False,True,True,False,True,False
38.15,32.89,3881,2,12,1,12.0,90.0,46101.7,55.8,107.89,False,0.0,20.0,0,10,0,False,False,0,WET,NORMAL,8,0,50,False,1,BRIGHT,FOG,8,33,True,True,0,SAFE,SAFE,SAFE,10,0,100,False,1,8,0,12,100,33,False,True,True,False,True,False
38.2,32.5,3836,2,12,1,12.0,90.0,46101.7,56.0,108.1,False,0.0,20.0,0,10,0,False,False,0,WET,NORMAL,8,0,50,False,1,BRIGHT,FOG,8,33,True,True,0,SAFE,SAFE,SAFE,10,0,100,False,1,8,0,12,100,33,False,True,True,False,True,False
38.25,32.67,3855,2,12,1,12.0,90.0,46101.7,56.0,108.2,False,0.0,20.0,0,10,0,False,False,0,WET,NORMAL,8,0,50,False,1,BRIGHT,FOG,8,33,True,True,0,SAFE,SAFE,SAFE,10,0,100,False,1,8,0,12,100,33,False,True,True,False,True,False
38.3,32.55,3841,2,12,1,12.0,90.0,46101.7,56.5,108.25,False,0.0,20.0,0,10,0,False,False,0,WET,NORMAL,8,0,50,False,1,BRIGHT,FOG,8,33,True,True,0,SAFE,SAFE,SAFE,10,0,100,False,1,8,0,12,100,33,False,True,True,False,True,False
38.35,32.94,3887,2,12,1,12.0,90.0,46101.7,56.9,108.31,False,0.0,20.0,0,10,0,False,False,0,WET,NORMAL,8,0,51,False,1,BRIGHT,FOG,8,34,True,True,0,SAFE,SAFE,SAFE,10,0,100,False,1,8,0,12,100,34,False,True,True,False,True,False
38.4,33.03,3897,2,12,1,12.0,90.0,46101.7,56.4,108.37,False,0.0,20.0,0,10,0,False,False,0,WET,NORMAL,8,0,50,False,1,BRIGHT,FOG,8,33,True,True,0,SAFE,SAFE,SAFE,10,0,100,False,1,8,0,12,100,33,False,True,True,False,True,False
38.45,33.5,3954,2,12,1,12.0,90.0,46101.7,55.9,108.43,False,0.0,20.0,0,10,0,False,False,0,WET,NORMAL,8,0,50,False,1,BRIGHT,FOG,8,33,True,True,0,SAFE,SAFE,SAFE,10,0,100,False,1,8,0,12,100,33,False,True,True,False,True,False
38.5,33.46,3948,2,12,1,12.0,90.0,46101.7,55.9,108.49,False,0.0,20.0,0,10,0,False,False,0,WET,NORMAL,8,0,50,False,1,BRIGHT,FOG,8,33,True,True,0,SAFE,SAFE,SAFE,10,0,100,False,1,8,0,12,100,33,False,True,True,False,True,False
38.55,33.63,3968,2,12,1,12.0,90.0,46101.7,55.8,108.71,False,0.0,20.0,0,10,0,False,False,0,WET,NORMAL,8,0,50,False,1,BRIGHT,FOG,0,33,True,True,0,SAFE,SAFE,SAFE,10,0,100,False,1,0,0,12,100,33,False,True,True,False,True,False
38.6,33.2,3918,2,12,1,12.0,90.0,46101.7,56.1,108.82,False,0.0,20.0,0,10,0,False,False,0,WET,NORMAL,8,0,50,False,1,BRIGHT,FOG,8,33,True,True,0,SAFE,SAFE,SAFE,10,0,100,False,1,8,0,12,100,33,False,True,True,False,True,False
38.65,33.19,3916,2,12,1,12.0,90.0,46101.7,56.4,108.89,False,0.0,20.0,0,10,0,False,False,0,WET,NORMAL,8,0,50,False,1,BRIGHT,FOG,8,33,True,True,0,SAFE,SAFE,SAFE,10,0,100,False,1,8,0,12,100,33,False,True,True,False,True,False
38.7,32.73,3862,2,12,1,12.0,90.0,46101.7,56.7,108.97,False,0.0,20.0,0,10,0,False,False,0,WET,NORMAL,8,0,51,False,1,BRIGHT,FOG,8,34,True,True,0,SAFE,SAFE,SAFE,10,0,100,False,1,8,0,12,100,34,False,True,True,False,True,False
38.75,32.7,3859,2,12,1,12.0,90.0,46101.7,56.3,109.09,False,0.0,20.0,0,10,0,False,False,0,WET,NORMAL,8,0,50,False,1,BRIGHT,FOG,8,33,True,True,0,SAFE,SAFE,SAFE,10,0,100,False,1,8,0,12,100,33,False,True,True,False,True,False
38.8,32.3,3812,2,12,1,12.0,90.0,46101.7,56.1,109.18,False,0.0,20.0,0,10,0,False,False,0,WET,NORMAL,8,0,50,False,1,BRIGHT,FOG,8,33,True,True,0,SAFE,SAFE,SAFE,10,0,100,False,1,8,0,12,100,33,False,True,True,False,True,False
38.85,32.46,3830,2,12,1,12.0,90.0,46101.7,55.9,109.27,False,0.0,20.0,0,10,0,False,False,0,WET,NORMAL,8,0,50,False,1,BRIGHT,FOG,8,33,True,True,0,SAFE,SAFE,SAFE,10,0,100,False,1,8,0,12,100,33,False,True,True,False,True,False
38.9,32.33,3815,2,12,1,12.0,90.0,46101.7,56.0,109.51,False,0.0,20.0,0,10,0,False,False,0,WET,NORMAL,8,0,50,False,1,BRIGHT,FOG,8,33,True,True,0,SAFE,SAFE,SAFE,10,0,100,False,1,8,0,12,100,33,False,True,True,False,True,False
38.95,32.72,3861,2,12,1,12.0,90.0,46101.7,56.0,109.67,False,0.0,20.0,0,10,0,False,False,0,WET,NORMAL,8,0,50,False,1,BRIGHT,FOG,8,33,True,True,0,SAFE,SAFE,SAFE,10,0,100,False,1,8,0,12,100,33,False,True,True,False,True,False
39.0,32.79,3870,2,12,1,12.0,90.0,45218.9,56.5,109.77,False,0.0,20.0,0,10,0,False,False,0,WET,NORMAL,8,0,50,False,1,BRIGHT,FOG,8,33,True,True,0,SAFE,SAFE,SAFE,10,0,100,False,1,8,0,12,100,33,False,True,True,False,True,False
39.05,33.3,3930,2,12,1,12.0,90.0,45218.9,56.8,109.87,False,0.0,20.0,0,10,0,False,False,0,WET,NORMAL,8,0,51,False,1,BRIGHT,FOG,8,34,True,True,0,SAFE,SAFE,SAFE,10,0,100,False,1,8,0,12,100,34,False,True,True,False,True,False
39.1,33.51,3954,2,12,1,12.0,90.0,45218.9,56.3,109.96,False,0.0,20.0,0,10,0,False,False,0,WET,NORMAL,8,0,50,False,1,BRIGHT,FOG,8,33,True,True,0,SAFE,SAFE,SAFE,10,0,100,False,1,8,0,12,100,33,False,True,True,False,True,False
39.15,34.04,4017,2,12,1,12.0,90.0,45218.9,55.9,110.05,False,0.0,20.0,0,10,0,False,False,0,WET,NORMAL,8,0,50,False,1,BRIGHT,FOG,0,33,True,True,0,SAFE,SAFE,SAFE,10,0,100,False,1,0,0,12,100,33,False,True,True,False,True,False
39.2,33.96,4007,2,12,1,12.0,90.0,45218.9,55.9,110.14,False,0.0,20.0,0,10,0,False,False,0,WET,NORMAL,8,0,50,False,1,BRIGHT,FOG,0,33,True,True,0,SAFE,SAFE,SAFE,10,0,100,False,1,0,0,12,100,33,False,True,True,False,True,False
39.25,34.03,4016,2,12,1,12.0,90.0,45218.9,55.9,110.42,False,0.0,20.0,0,10,0,False,False,0,WET,NORMAL,8,0,50,False,1,BRIGHT,FOG,0,33,True,True,0,SAFE,SAFE,SAFE,10,0,100,False,1,0,0,12,100,33,False,True,True,False,True,False
39.3,33.59,3963,2,12,1,12.0,90.0,45218.9,56.3,110.55,False,0.0,20.0,0,10,0,False,False,0,WET,NORMAL,8,0,50,False,1,BRIGHT,FOG,8,33,True,True,0,SAFE,SAFE,SAFE,10,0,100,False,1,8,0,12,100,33,False,True,True,False,True,False
39.35,33.57,3961,2,12,1,12.0,90.0,45218.9,56.5,110.65,False,0.0,20.0,0,10,0,False,False,0,WET,NORMAL,8,0,50,False,1,BRIGHT,FOG,8,33,True,True,0,SAFE,SAFE,SAFE,10,0,100,False,1,8,0,12,100,33,False,True,True,False,True,False
39.4,33.12,3908,2,12,1,12.0,90.0,45218.9,56.5,110.76,False,0.0,20.0,0,10,0,False,False,0,WET,NORMAL,8,0,50,False,1,BRIGHT,FOG,8,33,True,True,0,SAFE,SAFE,SAFE,10,0,100,False,1,8,0,12,100,33,False,True,True,False,True,False
39.45,33.07,3903,2,12,1,12.0,90.0,45218.9,56.1,110.88,False,0.0,20.0,0,10,0,False,False,0,WET,NORMAL,8,0,50,False,1,BRIGHT,FOG,8,33,True,True,0,SAFE,SAFE,SAFE,10,0,100,False,1,8,0,12,100,33,False,True,True,False,True,False
39.5,32.58,3844,2,12,1,12.0,90.0,45218.9,55.9,110.99,False,0.0,20.0,0,10,0,False,False,0,WET,NORMAL,8,0,50,False,1,BRIGHT,FOG,8,33,True,True,0,SAFE,SAFE,SAFE,10,0,100,False,1,8,0,12,100,33,False,True,True,False,True,False
39.55,32.53,3839,2,12,1,12.0,90.0,45218.9,55.8,111.12,False,0.0,20.0,0,10,0,False,False,0,WET,NORMAL,8,0,50,False,1,BRIGHT,FOG,8,33,True,True,0,SAFE,SAFE,SAFE,10,0,100,False,1,8,0,12,100,33,False,True,True,False,True,False
39.6,32.12,3790,2,12,1,12.0,90.0,45218.9,56.1,111.44,False,0.0,20.0,0,10,0,False,False,0,WET,NORMAL,8,0,50,False,1,BRIGHT,FOG,8,33,True,True,0,SAFE,SAFE,SAFE,10,0,100,False,1,8,0,12,100,33,False,True,True,False,True,False
39.65,32.27,3808,2,12,1,12.0,90.0,45218.9,56.3,111.6,False,0.0,20.0,0,10,0,False,False,0,WET,NORMAL,8,0,50,False,1,BRIGHT,FOG,8,33,True,True,0,SAFE,SAFE,SAFE,10,0,100,False,1,8,0,12,100,33,False,True,True,False,True,False
39.7,32.13,3791,2,12,1,12.0,90.0,45218.9,56.8,111.73,False,0.0,20.0,0,10,0,False,False,0,WET,NORMAL,8,0,51,False,1,BRIGHT,FOG,8,34,True,True,0,SAFE,SAFE,SAFE,10,0,100,False,1,8,0,12,100,34,False,True,True,False,True,False
39.75,32.51,3837,2,12,1,12.0,90.0,45218.9,57.1,111.87,False,0.0,20.0,0,10,0,False,False,0,WET,NORMAL,8,0,51,False,1,BRIGHT,FOG,8,34,True,True,0,SAFE,SAFE,SAFE,10,0,100,False,1,8,0,12,100,34,False,True,True,False,True,False
39.8,32.58,3845,2,12,1,12.0,90.0,45218.9,57.6,112.01,False,0.0,20.0,0,10,0,False,False,0,WET,NORMAL,8,0,51,False,1,BRIGHT,FOG,8,34,True,True,0,SAFE,SAFE,SAFE,10,0,100,False,1,8,0,12,100,34,False,True,True,False,True,False
39.85,33.09,3905,2,12,1,12.0,90.0,45218.9,58.2,112.15,False,0.0,20.0,0,10,0,False,False,0,WET,NORMAL,8,0,52,False,1,BRIGHT,FOG,8,34,True,True,0,SAFE,SAFE,SAFE,10,0,100,False,1,8,0,12,100,34,False,True,True,False,True,False
39.9,33.29,3928,2,12,1,12.0,90.0,45218.9,59.1,112.28,False,0.0,20.0,0,10,0,False,False,0,WET,NORMAL,8,0,53,False,1,BRIGHT,FOG,8,35,True,True,0,SAFE,SAFE,SAFE,10,0,100,False,1,8,0,12,100,35,False,True,True,False,True,False
39.95,33.86,3996,2,12,1,12.0,90.0,45218.9,59.9,112.56,False,0.0,20.0,0,10,0,False,False,0,WET,NORMAL,8,0,53,False,1,BRIGHT,FOG,8,35,True,True,0,SAFE,SAFE,SAFE,10,0,100,False,1,8,0,12,100,35,False,True,True,False,True,False
40.0,34.13,4028,2,12,1,12.0,90.0,45218.9,61.1,112.75,False,0.0,20.0,0,10,0,False,False,0,WET,NORMAL,8,0,55,False,1,BRIGHT,FOG,8,36,True,True,0,SAFE,SAFE,SAFE,10,0,100,False,1,8,0,12,100,36,False,True,True,False,True,False
40.05,34.73,4099,2,12,1,12.0,90.0,45218.9,62.2,112.87,False,0.0,20.0,0,10,0,False,False,0,WET,NORMAL,8,0,55,False,1,BRIGHT,FOG,8,37,True,True,0,SAFE,SAFE,SAFE,10,0,100,False,1,8,0,12,100,37,False,True,True,False,True,False
40.1,35.06,4137,2,12,1,12.0,90.0,45218.9,63.9,112.99,False,0.0,20.0,0,10,0,False,False,0,WET,NORMAL,8,0,57,False,1,BRIGHT,FOG,8,38,True,True,0,SAFE,SAFE,SAFE,10,0,100,False,1,8,0,12,100,38,False,True,True,False,True,False
40.15,35.67,4209,2,12,1,12.0,90.0,45218.9,65.3,113.1,False,0.0,20.0,0,10,0,False,False,0,WET,NORMAL,8,0,58,False,1,BRIGHT,FOG,8,39,True,True,0,SAFE,SAFE,SAFE,10,0,100,False,1,8,0,12,100,39,False,True,True,False,True,False
40.2,36.04,4252,2,12,1,12.0,90.0,45218.9,68.0,113.21,False,0.0,20.0,0,10,0,False,False,0,WET,NORMAL,8,0,61,False,1,BRIGHT,FOG,8,40,True,True,0,SAFE,SAFE,SAFE,10,0,100,False,1,8,0,12,100,40,False,True,True,False,True,False
40.25,36.65,4325,2,12,1,12.0,90.0,45218.9,69.7,113.32,False,0.0,20.0,0,10,0,False,False,0,WET,NORMAL,8,0,62,False,1,BRIGHT,FOG,8,41,True,True,0,SAFE,SAFE,SAFE,10,0,100,False,1,8,0,12,100,41,False,True,True,False,True,False
40.3,37.05,4372,2,12,1,12.0,90.0,45218.9,72.1,113.63,False,0.0,20.0,0,10,0,False,False,0,WET,NORMAL,8,0,64,False,1,BRIGHT,FOG,8,43,True,True,0,SAFE,SAFE,SAFE,10,0,100,False,1,8,0,12,100,43,False,True,True,False,True,False
40.35,37.67,4445,2,12,1,12.0,90.0,45218.9,74.2,113.73,False,0.0,20.0,0,10,0,False,False,0,WET,NORMAL,8,0,66,False,1,BRIGHT,FOG,8,44,True,True,0,SAFE,SAFE,SAFE,10,0,100,False,1,8,0,12,100,44,False,True,True,False,True,False
40.4,38.1,4496,2,12,1,12.0,90.0,45218.9,77.0,113.82,False,0.0,20.0,0,10,0,False,False,0,WET,NORMAL,8,0,69,False,1,BRIGHT,FOG,8,46,True,True,0,SAFE,SAFE,SAFE,10,0,100,False,1,8,0,12,100,46,False,True,True,False,True,False
40.45,38.71,4568,2,12,1,12.0,90.0,45218.9,79.5,113.9,False,0.0,20.0,0,10,0,False,False,0,WET,NORMAL,8,0,71,False,1,BRIGHT,FOG,8,47,True,True,0,SAFE,SAFE,SAFE,10,0,100,False,1,8,0,12,100,47,False,True,True,False,True,False
40.5,39.17,4623,2,12,1,12.0,90.0,44217.9,83.7,113.99,False,0.0,20.0,0,10,0,False,False,0,WET,NORMAL,8,0,75,False,1,BRIGHT,FOG,8,50,True,True,0,SAFE,SAFE,SAFE,10,0,100,False,1,8,0,12,100,50,False,True,True,False,True,False
40.55,39.77,4693,2,12,1,12.0,90.0,44217.9,86.6,114.06,False,0.0,20.0,0,10,0,False,False,0,WET,NORMAL,8,0,77,False,1,BRIGHT,FOG,8,51,True,True,0,SAFE,SAFE,SAFE,10,0,100,False,1,8,0,12,100,51,False,True,True,False,True,False
40.6,40.28,4753,2,12,1,12.0,90.0,44217.9,90.3,114.3,False,0.0,20.0,0,10,0,False,False,0,WET,NORMAL,8,0,81,False,1,BRIGHT,FOG,8,54,True,True,0,SAFE,SAFE,SAFE,10,0,100,False,1,8,0,12,100,54,False,True,True,False,True,False
40.65,40.83,4819,2,12,1,12.0,90.0,44217.9,93.6,114.36,False,0.0,20.0,0,10,0,False,False,0,WET,NORMAL,8,0,84,False,1,BRIGHT,FOG,8,56,True,True,0,SAFE,SAFE,SAFE,10,0,100,False,1,8,0,12,100,56,False,True,True,False,True,False
40.7,41.38,4883,2,12,1,12.0,90.0,44217.9,97.9,114.42,False,0.0,20.0,0,10,0,False,False,0,WET,NORMAL,8,0,88,False,1,BRIGHT,FOG,8,58,True,True,0,SAFE,SAFE,SAFE,10,0,100,False,1,8,0,12,100,58,False,True,True,False,True,False
40.75,41.94,4949,2,12,1,12.0,90.0,44217.9,100,114.48,False,0.0,20.0,0,10,0,False,False,0,WET,NORMAL,8,0,90,False,1,BRIGHT,FOG,8,60,True,True,0,SAFE,SAFE,SAFE,10,0,100,False,1,8,0,12,100,60,False,True,True,False,True,False
40.8,42.51,5017,2,12,1,12.0,90.0,44217.9,100,114.52,False,0.0,20.0,0,10,0,False,False,0,WET,NORMAL,8,0,90,False,1,BRIGHT,FOG,8,60,True,True,0,SAFE,SAFE,SAFE,10,0,100,False,1,8,0,12,100,60,False,True,True,False,True,False
40.85,43.09,5085,2,12,1,12.0,90.0,44217.9,100,114.57,False,0.0,20.0,0,10,0,False,False,0,WET,NORMAL,8,0,90,False,1,BRIGHT,FOG,8,60,True,True,0,SAFE,SAFE,SAFE,10,0,100,False,1,8,0,12,100,60,False,True,True,False,True,False
40.9,43.67,5154,2,12,1,12.0,90.0,44217.9,100,114.6,False,0.0,20.0,0,10,0,False,False,0,WET,NORMAL,8,0,90,False,1,BRIGHT,FOG,8,60,True,True,0,SAFE,SAFE,SAFE,10,0,100,False,1,8,0,12,100,60,False,True,True,False,True,False
40.95,44.26,5223,2,12,1,12.0,90.0,44217.9,100,114.63,False,0.0,20.0,0,10,0,False,False,0,WET,NORMAL,8,0,90,False,1,BRIGHT,FOG,8,60,True,True,0,SAFE,SAFE,SAFE,10,0,100,False,1,8,0,12,100,60,False,True,True,False,True,False
41.0,44.86,5294,2,12,1,12.0,90.0,44217.9,100,114.64,False,0.0,20.0,0,10,0,False,False,0,WET,NORMAL,8,0,90,False,1,BRIGHT,FOG,8,60,True,True,0,SAFE,SAFE,SAFE,10,0,100,False,1,8,0,12,100,60,False,True,True,False,True,False
41.05,45.46,5365,2,12,1,12.0,90.0,44217.9,100,114.66,False,0.0,20.0,0,10,0,False,False,0,WET,NORMAL,8,0,90,False,1,BRIGHT,FOG,8,60,True,True,0,SAFE,SAFE,SAFE,10,0,100,False,1,8,0,12,100,60,False,True,True,False,True,False
41.1,46.07,5437,2,12,1,12.0,90.0,44217.9,100,114.66,False,0.0,20.0,0,10,0,False,False,0,WET,NORMAL,8,0,90,False,1,BRIGHT,FOG,8,60,True,True,0,SAFE,SAFE,SAFE,10,0,100,False,1,8,0,12,100,60,False,True,True,False,True,False
41.15,46.68,5509,2,12,1,12.0,90.0,44217.9,100,114.66,False,0.0,20.0,0,10,0,False,False,0,WET,NORMAL,8,0,90,False,1,BRIGHT,FOG,8,60,True,True,0,SAFE,SAFE,SAFE,10,0,100,False,1,8,0,12,100,60,False,True,True,False,True,False
41.2,47.3,5582,2,12,1,12.0,90.0,44217.9,100,114.65,False,0.1,20.0,0,10,0,False,False,0,WET,NORMAL,8,0,90,False,1,BRIGHT,FOG,8,60,True,True,0,SAFE,SAFE,SAFE,10,0,100,False,1,8,0,12,100,60,False,True,True,False,True,False
41.25,47.92,5655,2,12,1,12.0,90.0,44217.9,100,114.63,False,0.23,20.0,0,10,0,False,False,0,WET,NORMAL,8,0,90,False,1,BRIGHT,FOG,8,60,True,True,0,SAFE,SAFE,SAFE,10,0,100,False,1,8,0,12,100,60,False,True,True,False,True,False
41.3,48.54,5729,2,12,1,12.0,90.0,44217.9,100,114.61,False,0.36,20.0,0,10,0,False,False,0,WET,NORMAL,8,0,90,False,1,BRIGHT,FOG,8,60,True,True,0,SAFE,SAFE,SAFE,10,0,100,False,1,8,0,12,100,60,False,True,True,False,True,False
41.35,49.17,5802,2,12,1,12.0,90.0,44217.9,100,114.58,False,0.5,20.0,0,10,0,False,False,0,WET,NORMAL,8,0,90,False,1,BRIGHT,FOG,8,60,True,True,0,SAFE,SAFE,SAFE,10,0,100,False,1,8,0,12,100,60,False,True,True,False,True,False
41.4,49.79,5876,2,12,1,12.0,90.0,44217.9,100,114.54,False,0.64,20.0,0,10,0,False,False,0,WET,NORMAL,8,0,90,False,1,BRIGHT,FOG,8,60,True,True,0,SAFE,SAFE,SAFE,10,0,100,False,1,8,0,12,100,60,False,True,True,False,True,False
41.45,50.42,5950,2,12,1,12.0,90.0,44217.9,100,114.5,False,0.77,20.0,0,10,0,False,False,0,WET,NORMAL,8,0,90,False,1,BRIGHT,FOG,8,60,True,True,0,SAFE,SAFE,SAFE,10,0,100,False,1,8,0,12,100,60,False,True,True,False,True,False
41.5,51.04,6023,2,12,1,12.0,90.0,44217.9,100,114.45,False,0.91,20.0,0,10,0,False,False,0,WET,NORMAL,8,0,90,False,1,BRIGHT,FOG,8,60,True,True,0,SAFE,SAFE,SAFE,10,0,100,False,1,8,0,12,100,60,False,True,True,False,True,False
41.55,51.67,6097,2,12,1,12.0,90.0,44217.9,100,114.39,False,1.05,20.0,0,10,0,False,False,0,WET,NORMAL,8,0,90,False,1,BRIGHT,FOG,8,60,True,True,0,SAFE,SAFE,SAFE,10,0,100,False,1,8,0,12,100,60,False,True,True,False,True,False
41.6,52.3,6172,2,12,1,12.0,90.0,44217.9,100,114.33,False,1.18,20.0,0,10,0,False,False,0,WET,NORMAL,8,0,90,False,1,BRIGHT,FOG,8,60,True,True,0,SAFE,SAFE,SAFE,10,0,100,False,1,8,0,12,100,60,False,True,True,False,True,False
41.65,52.93,6246,2,12,1,12.0,90.0,44217.9,100,114.26,False,1.32,20.0,0,10,0,False,False,0,WET,NORMAL,8,0,90,False,1,BRIGHT,FOG,8,60,True,True,0,SAFE,SAFE,SAFE,10,0,100,False,1,8,0,12,100,60,False,True,True,False,True,False
41.7,53.56,6320,2,12,1,12.0,90.0,44217.9,100,114.18,False,1.46,20.0,0,10,0,False,False,0,WET,NORMAL,8,0,90,False,1,BRIGHT,FOG,8,60,True,True,0,SAFE,SAFE,SAFE,10,0,100,False,1,8,0,12,100,60,False,True,True,False,True,False
41.75,54.19,6395,2,12,1,12.0,90.0,44217.9,100,114.1,False,1.6,20.0,0,10,0,False,False,0,WET,NORMAL,8,0,90,False,1,BRIGHT,FOG,8,60,True,True,0,SAFE,SAFE,SAFE,10,0,100,False,1,8,0,12,100,60,False,True,True,False,True,False
41.8,54.82,6469,2,12,1,12.0,90.0,44217.9,100,114.0,False,1.74,20.0,0,10,0,False,False,0,WET,NORMAL,8,0,90,False,1,BRIGHT,FOG,8,60,True,True,0,SAFE,SAFE,SAFE,10,0,100,False,1,8,0,12,100,60,False,True,True,False,True,False
41.85,55.45,6544,3,12,1,12.0,90.0,44217.9,100,113.9,False,1.88,20.0,0,10,0,False,False,0,WET,NORMAL,8,0,90,False,1,BRIGHT,FOG,8,60,True,True,0,SAFE,SAFE,SAFE,10,0,100,False,1,8,0,12,100,60,False,True,True,False,True,False
41.9,56.34,4580,3,12,1,12.0,90.0,44217.9,100,113.8,False,2.09,20.0,0,10,0,False,False,0,WET,NORMAL,8,0,90,False,1,BRIGHT,FOG,8,60,True,True,0,SAFE,SAFE,SAFE,10,0,100,False,1,8,0,12,100,60,False,True,True,False,True,False
41.95,57.1,4642,3,12,1,12.0,90.0,44217.9,100,113.68,False,2.27,20.0,0,10,0,False,False,0,WET,NORMAL,8,0,90,False,1,BRIGHT,FOG,8,60,True,True,0,SAFE,SAFE,SAFE,10,0,100,False,1,8,0,12,100,60,False,True,True,False,True,False
42.0,57.74,4694,3,12,1,12.0,90.0,43100.7,100,113.55,False,2.41,20.0,0,10,0,False,False,0,WET,NORMAL,8,0,90,False,1,BRIGHT,FOG,8,60,True,True,0,SAFE,SAFE,SAFE,10,0,100,False,1,8,0,12,100,60,False,True,True,False,True,False
42.05,58.3,4740,3,12,1,12.0,90.0,43100.7,100,113.42,False,2.53,20.0,0,10,0,False,False,0,WET,NORMAL,8,0,90,False,1,BRIGHT,FOG,8,60,True,True,0,SAFE,SAFE,SAFE,10,0,100,False,1,8,0,12,100,60,False,True,True,False,True,False
42.1,58.8,4781,3,12,1,12.0,90.0,43100.7,100,113.29,False,2.64,20.0,0,10,0,False,False,0,WET,NORMAL,8,0,90,False,1,BRIGHT,FOG,8,60,True,True,0,SAFE,SAFE,SAFE,10,0,100,False,1,8,0,12,100,60,False,True,True,False,True,False
42.15,59.27,4819,3,12,1,12.0,90.0,43100.7,100,113.15,False,2.74,20.0,0,10,0,False,False,0,WET,NORMAL,8,0,90,False,1,BRIGHT,FOG,8,60,True,True,0,SAFE,SAFE,SAFE,10,0,100,False,1,8,0,12,100,60,False,True,True,False,True,False
42.2,59.71,4854,3,12,1,12.0,90.0,43100.7,100,113.01,False,2.83,20.0,0,10,0,False,False,0,WET,NORMAL,8,0,90,False,1,BRIGHT,FOG,8,60,True,True,0,SAFE,SAFE,SAFE,10,0,100,False,1,8,0,12,100,60,False,True,True,False,True,False
42.25,60.12,4888,3,12,1,12.0,90.0,43100.7,100,112.87,False,2.91,20.0,0,10,0,False,False,0,WET,NORMAL,8,0,90,False,1,BRIGHT,FOG,0,60,True,True,0,SAFE,SAFE,SAFE,10,0,100,False,1,0,0,12,100,60,False,True,True,False,True,False
42.3,60.42,4912,3,12,1,12.0,90.0,43100.7,100,112.72,False,2.96,20.0,0,10,0,False,False,0,WET,NORMAL,8,0,90,False,1,BRIGHT,FOG,0,60,True,True,0,SAFE,SAFE,SAFE,10,0,100,False,1,0,0,12,100,60,False,True,True,False,True,False
42.35,60.52,4920,3,12,1,12.0,90.0,43100.7,100,112.57,False,2.95,20.0,0,10,0,False,False,0,WET,NORMAL,8,0,90,False,1,BRIGHT,FOG,0,60,True,True,0,SAFE,SAFE,SAFE,10,0,100,False,1,0,0,12,100,60,False,True,True,False,True,False
42.4,60.42,4912,3,12,1,12.0,90.0,43100.7,100,112.43,False,2.89,20.0,0,10,0,False,False,0,WET,NORMAL,8,0,90,False,1,BRIGHT,FOG,0,60,True,True,0,SAFE,SAFE,SAFE,10,0,100,False,1,0,0,12,100,60,False,True,True,False,True,False
42.45,60.21,4895,3,12,1,12.0,90.0,43100.7,100,112.29,False,2.8,20.0,0,10,0,False,False,0,WET,NORMAL,8,0,90,False,1,BRIGHT,FOG,0,60,True,True,0,SAFE,SAFE,SAFE,10,0,100,False,1,0,0,12,100,60,False,True,True,False,True,False
42.5,59.94,4873,3,12,1,12.0,90.0,43100.7,100,112.15,False,2.7,20.0,0,10,0,False,False,0,WET,NORMAL,8,0,90,False,1,BRIGHT,FOG,8,60,True,True,0,SAFE,SAFE,SAFE,10,0,100,False,1,8,0,12,100,60,False,True,True,False,True,False
42.55,59.72,4855,3,12,1,12.0,90.0,43100.7,100,112.02,False,2.6,20.0,0,10,0,False,False,0,WET,NORMAL,8,0,90,False,1,BRIGHT,FOG,8,60,True,True,0,SAFE,SAFE,SAFE,10,0,100,False,1,8,0,12,100,60,False,True,True,False,True,False
42.6,59.57,4843,3,12,1,12.0,90.0,43100.7,100,111.89,False,2.53,20.0,0,10,0,False,False,0,WET,NORMAL,8,0,90,False,1,BRIGHT,FOG,8,60,True,True,0,SAFE,SAFE,SAFE,10,0,100,False,1,8,0,12,100,60,False,True,True,False,True,False
42.65,59.52,4839,3,12,1,12.0,90.0,43100.7,100,111.76,False,2.49,20.0,0,10,0,False,False,0,WET,NORMAL,8,0,90,False,1,BRIGHT,FOG,8,60,True,True,0,SAFE,SAFE,SAFE,10,0,100,False,1,8,0,12,100,60,False,True,True,False,True,False
42.7,59.6,4845,3,12,1,12.0,90.0,43100.7,100,111.64,False,2.48,20.0,0,10,0,False,False,0,WET,NORMAL,8,0,90,False,1,BRIGHT,FOG,8,60,True,True,0,SAFE,SAFE,SAFE,10,0,100,False,1,8,0,12,100,60,False,True,True,False,True,False
42.75,59.76,4858,3,12,1,12.0,90.0,43100.7,100,111.49,False,2.5,20.0,0,10,0,False,False,0,WET,NORMAL,8,0,90,False,1,BRIGHT,FOG,8,60,True,True,0,SAFE,SAFE,SAFE,10,0,100,False,1,8,0,12,100,60,False,True,True,False,True,False
42.8,59.98,4877,3,12,1,12.0,90.0,43100.7,100,111.34,False,2.53,20.0,0,10,0,False,False,0,WET,NORMAL,8,0,90,False,1,BRIGHT,FOG,8,60,True,True,0,SAFE,SAFE,SAFE,10,0,100,False,1,8,0,12,100,60,False,True,True,False,True,False
42.85,60.25,4898,3,12,1,12.0,90.0,43100.7,100,111.19,False,2.57,20.0,0,10,0,False,False,0,WET,NORMAL,8,0,90,False,1,BRIGHT,FOG,0,60,True,True,0,SAFE,SAFE,SAFE,10,0,100,False,1,0,0,12,100,60,False,True,True,False,True,False
42.9,60.44,4914,3,12,1,12.0,90.0,43100.7,100,111.04,False,2.6,20.0,0,10,0,False,False,0,WET,NORMAL,8,0,90,False,1,BRIGHT,FOG,0,60,True,True,0,SAFE,SAFE,SAFE,10,0,100,False,1,0,0,12,100,60,False,True,True,False,True,False
42.95,60.47,4916,3,12,1,12.0,90.0,43100.7,100,110.88,False,2.58,20.0,0,10,0,False,False,0,WET,NORMAL,8,0,90,False,1,BRIGHT,FOG,0,60,True,True,0,SAFE,SAFE,SAFE,10,0,100,False,1,0,0,12,100,60,False,True,True,False,True,False
43.0,60.34,4906,3,12,1,12.0,90.0,43100.7,100,110.73,False,2.51,20.0,0,10,0,False,False,0,WET,NORMAL,8,0,90,False,1,BRIGHT,FOG,0,60,True,True,0,SAFE,SAFE,SAFE,10,0,100,False,1,0,0,12,100,60,False,True,True,False,True,False
43.05,60.11,4887,3,12,1,12.0,90.0,43100.7,100,110.58,False,2.42,20.0,0,10,0,False,False,0,WET,NORMAL,8,0,90,False,1,BRIGHT,FOG,0,60,True,True,0,SAFE,SAFE,SAFE,10,0,100,False,1,0,0,12,100,60,False,True,True,False,True,False
43.1,59.82,4864,3,12,1,12.0,90.0,43100.7,100,110.44,False,2.31,20.0,0,10,0,False,False,0,WET,NORMAL,8,0,90,False,1,BRIGHT,FOG,8,60,True,True,0,SAFE,SAFE,SAFE,10,0,100,False,1,8,0,12,100,60,False,True,True,False,True,False
43.15,59.6,4845,3,12,1,12.0,90.0,43100.7,100,110.31,False,2.22,20.0,0,10,0,False,False,0,WET,NORMAL,8,0,90,False,1,BRIGHT,FOG,8,60,True,True,0,SAFE,SAFE,SAFE,10,0,100,False,1,8,0,12,100,60,False,True,True,False,True,False
43.2,59.44,4832,3,12,1,12.0,90.0,43100.7,100,110.17,False,2.15,20.0,0,10,0,False,False,0,WET,NORMAL,8,0,90,False,1,BRIGHT,FOG,8,60,True,True,0,SAFE,SAFE,SAFE,10,0,100,False,1,8,0,12,100,60,False,True,True,False,True,False
43.25,59.39,4829,3,12,1,12.0,90.0,43100.7,100,110.04,False,2.11,20.0,0,10,0,False,False,0,WET,NORMAL,8,0,90,False,1,BRIGHT,FOG,8,60,True,True,0,SAFE,SAFE,SAFE,10,0,100,False,1,8,0,12,100,60,False,True,True,False,True,False
43.3,59.46,4834,3,12,1,12.0,90.0,43100.7,100,109.91,False,2.1,20.0,0,10,0,False,False,0,WET,NORMAL,8,0,90,False,1,BRIGHT,FOG,8,60,True,True,0,SAFE,SAFE,SAFE,10,0,100,False,1,8,0,12,100,60,False,True,True,False,True,False
43.35,59.62,4847,3,12,1,12.0,90.0,43100.7,100,109.78,False,2.12,20.0,0,10,0,False,False,0,WET,NORMAL,8,0,90,False,1,BRIGHT,FOG,8,60,True,True,0,SAFE,SAFE,SAFE,10,0,100,False,1,8,0,12,100,60,False,True,True,False,True,False
43.4,59.85,4866,3,12,1,12.0,90.0,43100.7,100,109.65,False,2.16,20.0,0,10,0,False,False,0,WET,NORMAL,8,0,90,False,1,BRIGHT,FOG,8,60,True,True,0,SAFE,SAFE,SAFE,10,0,100,False,1,8,0,12,100,60,False,True,True,False,True,False
43.45,60.11,4887,3,12,1,12.0,90.0,43100.7,100,109.52,False,2.2,20.0,0,10,0,False,False,0,WET,NORMAL,8,0,90,False,1,BRIGHT,FOG,0,60,True,True,0,SAFE,SAFE,SAFE,10,0,100,False,1,0,0,12,100,60,False,True,True,False,True,False
43.5,60.31,4903,3,12,1,12.0,90.0,41876.7,100,109.39,False,2.23,20.0,0,10,0,False,False,0,WET,NORMAL,8,0,90,False,1,BRIGHT,FOG,0,60,True,True,0,SAFE,SAFE,SAFE,10,0,100,False,1,0,0,12,100,60,False,True,True,False,True,False
43.55,60.33,4905,3,12,1,12.0,90.0,41876.7,100,109.25,False,2.21,20.0,0,10,0,False,False,0,WET,NORMAL,8,0,90,False,1,BRIGHT,FOG,0,60,True,True,0,SAFE,SAFE,SAFE,10,0,100,False,1,0,0,12,100,60,False,True,True,False,True,False
43.6,60.2,4894,3,12,1,12.0,90.0,41876.7,100,109.12,False,2.15,20.0,0,10,0,False,False,0,WET,NORMAL,8,0,90,False,1,BRIGHT,FOG,0,60,True,True,0,SAFE,SAFE,SAFE,10,0,100,False,1,0,0,12,100,60,False,True,True,False,True,False
43.65,59.97,4876,3,12,1,12.0,90.0,41876.7,100,109.07,False,2.06,20.0,0,10,0,False,False,0,WET,NORMAL,8,0,90,False,1,BRIGHT,FOG,8,60,True,True,0,SAFE,SAFE,SAFE,10,0,100,False,1,8,0,12,100,60,False,True,True,False,True,False
43.7,59.77,4860,3,12,1,12.0,90.0,41876.7,100,108.95,False,1.98,20.0,0,10,0,False,False,0,WET,NORMAL,8,0,90,False,1,BRIGHT,FOG,8,60,True,True,0,SAFE,SAFE,SAFE,10,0,100,False,1,8,0,12,100,60,False,True,True,False,True,False
43.75,59.64,4849,3,12,1,12.0,90.0,41876.7,100,108.83,False,1.92,20.0,0,10,0,False,False,0,WET,NORMAL,8,0,90,False,1,BRIGHT,FOG,8,60,True,True,0,SAFE,SAFE,SAFE,10,0,100,False,1,8,0,12,100,60,False,True,True,False,True,False
43.8,59.6,4846,3,12,1,12.0,90.0,41876.7,100,108.71,False,1.88,20.0,0,10,0,False,False,0,WET,NORMAL,8,0,90,False,1,BRIGHT,FOG,8,60,True,True,0,SAFE,SAFE,SAFE,10,0,100,False,1,8,0,12,100,60,False,True,True,False,True,False
43.85,59.68,4852,3,12,1,12.0,90.0,41876.7,100,108.59,False,1.88,20.0,0,10,0,False,False,0,WET,NORMAL,8,0,90,False,1,BRIGHT,FOG,8,60,True,True,0,SAFE,SAFE,SAFE,10,0,100,False,1,8,0,12,100,60,False,True,True,False,True,False
43.9,59.85,4866,3,12,1,12.0,90.0,41876.7,100,108.48,False,1.9,20.0,0,10,0,False,False,0,WET,NORMAL,8,0,90,False,1,BRIGHT,FOG,8,60,True,True,0,SAFE,SAFE,SAFE,10,0,100,False,1,8,0,12,100,60,False,True,True,False,True,False
43.95,60.08,4885,3,12,1,12.0,90.0,41876.7,100,108.35,False,1.94,20.0,0,10,0,False,False,0,WET,NORMAL,8,0,90,False,1,BRIGHT,FOG,0,60,True,True,0,SAFE,SAFE,SAFE,10,0,100,False,1,0,0,12,100,60,False,True,True,False,True,False
44.0,60.25,4898,3,12,1,12.0,90.0,41876.7,100,108.23,False,1.96,20.0,0,10,0,False,False,0,WET,NORMAL,8,0,90,False,1,BRIGHT,FOG,0,60,True,True,0,SAFE,SAFE,SAFE,10,0,100,False,1,0,0,12,100,60,False,True,True,False,True,False
44.05,60.26,4899,3,12,1,12.0,90.0,41876.7,100,108.11,False,1.94,20.0,0,10,0,False,False,0,WET,NORMAL,8,0,90,False,1,BRIGHT,FOG,0,60,True,True,0,SAFE,SAFE,SAFE,10,0,100,False,1,0,0,12,100,60,False,True,True,False,True,False
44.1,60.11,4887,3,12,1,12.0,90.0,41876.7,100,107.99,False,1.88,20.0,0,10,0,False,False,0,WET,NORMAL,8,0,90,False,1,BRIGHT,FOG,0,60,True,True,0,SAFE,SAFE,SAFE,10,0,100,False,1,0,0,12,100,60,False,True,True,False,True,False
44.15,59.88,4868,3,12,1,12.0,90.0,41876.7,100,107.88,False,1.79,20.0,0,10,0,False,False,0,WET,NORMAL,8,0,90,False,1,BRIGHT,FOG,8,60,True,True,0,SAFE,SAFE,SAFE,10,0,100,False,1,8,0,12,100,60,False,True,True,False,True,False
44.2,59.68,4852,3,12,1,12.0,90.0,41876.7,100,107.77,False,1.71,20.0,0,10,0,False,False,0,WET,NORMAL,8,0,90,False,1,BRIGHT,FOG,8,60,True,True,0,SAFE,SAFE,SAFE,10,0,100,False,1,8,0,12,100,60,False,True,True,False,True,False
44.25,59.54,4841,3,12,1,12.0,90.0,41876.7,100,107.66,False,1.65,20.0,0,10,0,False,False,0,WET,NORMAL,8,0,90,False,1,BRIGHT,FOG,8,60,True,True,0,SAFE,SAFE,SAFE,10,0,100,False,1,8,0,12,100,60,False,True,True,False,True,False
44.3,59.5,4838,3,12,1,12.0,90.0,41876.7,100,107.55,False,1.62,20.0,0,10,0,False,False,0,WET,NORMAL,8,0,90,False,1,BRIGHT,FOG,8,60,True,True,0,SAFE,SAFE,SAFE,10,0,100,False,1,8,0,12,100,60,False,True,True,False,True,False
44.35,59.59,4844,3,12,1,12.0,90.0,41876.7,100,107.45,False,1.61,20.0,0,10,0,False,False,0,WET,NORMAL,8,0,90,False,1,BRIGHT,FOG,8,60,True,True,0,SAFE,SAFE,SAFE,10,0,100,False,1,8,0,12,100,60,False,True,True,False,True,False
44.4,59.75,4858,3,12,1,12.0,90.0,41876.7,100,107.34,False,1.64,20.0,0,10,0,False,False,0,WET,NORMAL,8,0,90,False,1,BRIGHT,FOG,8,60,True,True,0,SAFE,SAFE,SAFE,10,0,100,False,1,8,0,12,100,60,False,True,True,False,True,False
44.45,59.98,4876,3,12,1,12.0,90.0,41876.7,100,107.24,False,1.68,20.0,0,10,0,False,False,0,WET,NORMAL,8,0,90,False,1,BRIGHT,FOG,8,60,True,True,0,SAFE,SAFE,SAFE,10,0,100,False,1,8,0,12,100,60,False,True,True,False,True,False
44.5,60.25,4898,3,12,1,12.0,90.0,41876.7,100,107.13,False,1.73,20.0,0,10,0,False,False,0,WET,NORMAL,8,0,90,False,1,BRIGHT,FOG,0,60,True,True,0,SAFE,SAFE,SAFE,10,0,100,False,1,0,0,12,100,60,False,True,True,False,True,False
44.55,60.45,4914,3,12,1,12.0,90.0,41876.7,100,107.01,False,1.77,20.0,0,10,0,False,False,0,WET,NORMAL,8,0,90,False,1,BRIGHT,FOG,0,60,True,True,0,SAFE,SAFE,SAFE,10,0,100,False,1,0,0,12,100,60,False,True,True,False,True,False
44.6,60.48,4917,3,12,1,12.0,90.0,41876.7,100,106.9,False,1.75,20.0,0,10,0,False,False,0,WET,NORMAL,8,0,90,False,1,BRIGHT,FOG,0,60,True,True,0,SAFE,SAFE,SAFE,10,0,100,False,1,0,0,12,100,60,False,True,True,False,True,False
44.65,60.34,4906,3,12,1,12.0,90.0,41876.7,100,106.79,False,1.69,20.0,0,10,0,False,False,0,WET,NORMAL,8,0,90,False,1,BRIGHT,FOG,0,60,True,True,0,SAFE,SAFE,SAFE,10,0,100,False,1,0,0,12,100,60,False,True,True,False,True,False
44.7,60.11,4887,3,12,1,12.0,90.0,41876.7,100,106.69,False,1.61,20.0,0,10,0,False,False,0,WET,NORMAL,8,0,90,False,1,BRIGHT,FOG,0,60,True,True,0,SAFE,SAFE,SAFE,10,0,100,False,1,0,0,12,100,60,False,True,True,False,True,False
44.75,59.83,4864,3,12,1,12.0,90.0,41876.7,100,106.58,False,1.51,20.0,0,10,0,False,False,0,WET,NORMAL,8,0,90,False,1,BRIGHT,FOG,8,60,True,True,0,SAFE,SAFE,SAFE,10,0,100,False,1,8,0,12,100,60,False,True,True,False,True,False
44.8,59.6,4846,3,12,1,12.0,90.0,41876.7,100,106.49,False,1.42,20.0,0,10,0,False,False,0,WET,NORMAL,8,0,90,False,1,BRIGHT,FOG,8,60,True,True,0,SAFE,SAFE,SAFE,10,0,100,False,1,8,0,12,100,60,False,True,True,False,True,False
44.85,59.44,4833,3,12,1,12.0,90.0,41876.7,100,106.4,False,1.36,20.0,0,10,0,False,False,0,WET,NORMAL,8,0,90,False,1,BRIGHT,FOG,8,60,True,True,0,SAFE,SAFE,SAFE,10,0,100,False,1,8,0,12,100,60,False,True,True,False,True,False
44.9,59.39,4829,3,12,1,12.0,90.0,41876.7,100,106.3,False,1.32,20.0,0,10,0,False,False,0,WET,NORMAL,8,0,90,False,1,BRIGHT,FOG,8,60,True,True,0,SAFE,SAFE,SAFE,10,0,100,False,1,8,0,12,100,60,False,True,True,False,True,False
44.95,59.47,4835,3,12,1,12.0,90.0,41876.7,100,106.21,False,1.32,20.0,0,10,0,False,False,0,WET,NORMAL,8,0,90,False,1,BRIGHT,FOG,8,60,True,True,0,SAFE,SAFE,SAFE,10,0,100,False,1,8,0,12,100,60,False,True,True,False,True,False
45.0,59.63,4848,3,12,1,12.0,90.0,40556.0,100,106.12,False,1.35,20.0,0,10,0,False,False,0,WET,NORMAL,8,0,90,False,1,BRIGHT,FOG,8,60,True,True,0,SAFE,SAFE,SAFE,10,0,100,False,1,8,0,12,100,60,False,True,True,False,True,False
45.05,59.85,4866,3,12,1,12.0,90.0,40556.0,100,106.03,False,1.39,20.0,0,10,0,False,False,0,WET,NORMAL,8,0,90,False,1,BRIGHT,FOG,8,60,True,True,0,SAFE,SAFE,SAFE,10,0,100,False,1,8,0,12,100,60,False,True,True,False,True,False
45.1,60.12,4888,3,12,1,12.0,90.0,40556.0,100,106.02,False,1.44,20.0,0,10,0,False,False,0,WET,NORMAL,8,0,90,False,1,BRIGHT,FOG,0,60,True,True,0,SAFE,SAFE,SAFE,10,0,100,False,1,0,0,12,100,60,False,True,True,False,True,False
45.15,60.31,4903,3,12,1,12.0,90.0,40556.0,100,105.93,False,1.48,20.0,0,10,0,False,False,0,WET,NORMAL,8,0,90,False,1,BRIGHT,FOG,0,60,True,True,0,SAFE,SAFE,SAFE,10,0,100,False,1,0,0,12,100,60,False,True,True,False,True,False
45.2,60.34,4906,3,12,1,12.0,90.0,40556.0,100,105.83,False,1.47,20.0,0,10,0,False,False,0,WET,NORMAL,8,0,90,False,1,BRIGHT,FOG,0,60,True,True,0,SAFE,SAFE,SAFE,10,0,100,False,1,0,0,12,100,60,False,True,True,False,True,False
45.25,60.2,4895,3,12,1,12.0,90.0,40556.0,100,105.73,False,1.41,20.0,0,10,0,False,False,0,WET,NORMAL,8,0,90,False,1,BRIGHT,FOG,0,60,True,True,0,SAFE,SAFE,SAFE,10,0,100,False,1,0,0,12,100,60,False,True,True,False,True,False
45.3,59.97,4876,3,12,1,12.0,90.0,40556.0,100,105.64,False,1.33,20.0,0,10,0,False,False,0,WET,NORMAL,8,0,90,False,1,BRIGHT,FOG,8,60,True,True,0,SAFE,SAFE,SAFE,10,0,100,False,1,8,0,12,100,60,False,True,True,False,True,False
45.35,59.78,4860,3,12,1,12.0,90.0,40556.0,100,105.55,False,1.25,20.0,0,10,0,False,False,0,WET,NORMAL,8,0,90,False,1,BRIGHT,FOG,8,60,True,True,0,SAFE,SAFE,SAFE,10,0,100,False,1,8,0,12,100,60,False,True,True,False,True,False
45.4,59.64,4849,3,12,1,12.0,90.0,40556.0,100,105.47,False,1.19,20.0,0,10,0,False,False,0,WET,NORMAL,8,0,90,False,1,BRIGHT,FOG,8,60,True,True,0,SAFE,SAFE,SAFE,10,0,100,False,1,8,0,12,100,60,False,True,True,False,True,False
45.45,59.61,4846,3,12,1,12.0,90.0,40556.0,100,105.38,False,1.16,20.0,0,10,0,False,False,0,WET,NORMAL,8,0,90,False,1,BRIGHT,FOG,8,60,True,True,0,SAFE,SAFE,SAFE,10,0,100,False,1,8,0,12,100,60,False,True,True,False,True,False
45.5,59.69,4853,3,12,1,12.0,90.0,40556.0,100,105.3,False,1.17,20.0,0,10,0,False,False,0,WET,NORMAL,8,0,90,False,1,BRIGHT,FOG,8,60,True,True,0,SAFE,SAFE,SAFE,10,0,100,False,1,8,0,12,100,60,False,True,True,False,True,False
45.55,59.86,4866,3,12,1,12.0,90.0,40556.0,100,105.22,False,1.2,20.0,0,10,0,False,False,0,WET,NORMAL,8,0,90,False,1,BRIGHT,FOG,8,60,True,True,0,SAFE,SAFE,SAFE,10,0,100,False,1,8,0,12,100,60,False,True,True,False,True,False
45.6,60.08,4885,3,12,1,12.0,90.0,40556.0,100,105.13,False,1.24,20.0,0,10,0,False,False,0,WET,NORMAL,8,0,90,False,1,BRIGHT,FOG,0,60,True,True,0,SAFE,SAFE,SAFE,10,0,100,False,1,0,0,12,100,60,False,True,True,False,True,False
45.65,60.25,4898,3,12,1,12.0,90.0,40556.0,100,105.05,False,1.27,20.0,0,10,0,False,False,0,WET,NORMAL,8,0,90,False,1,BRIGHT,FOG,0,60,True,True,0,SAFE,SAFE,SAFE,10,0,100,False,1,0,0,12,100,60,False,True,True,False,True,False
45.7,60.26,4899,3,12,1,12.0,90.0,40556.0,100,104.96,False,1.26,20.0,0,10,0,False,False,0,WET,NORMAL,8,0,90,False,1,BRIGHT,FOG,0,60,True,True,0,SAFE,SAFE,SAFE,10,0,100,False,1,0,0,12,100,60,False,True,True,False,True,False
45.75,60.12,4888,3,12,1,12.0,90.0,40556.0,100,104.87,False,1.2,20.0,0,10,0,False,False,0,WET,NORMAL,8,0,90,False,1,BRIGHT,FOG,0,60,True,True,0,SAFE,SAFE,SAFE,10,0,100,False,1,0,0,12,100,60,False,True,True,False,True,False
45.8,59.88,4869,3,12,1,12.0,90.0,40556.0,100,104.79,False,1.12,20.0,0,10,0,False,False,0,WET,NORMAL,8,0,90,False,1,BRIGHT,FOG,8,60,True,True,0,SAFE,SAFE,SAFE,10,0,100,False,1,8,0,12,100,60,False,True,True,False,True,False
45.85,59.68,4852,3,12,1,12.0,90.0,40556.0,100,104.71,False,1.04,20.0,0,10,0,False,False,0,WET,NORMAL,8,0,90,False,1,BRIGHT,FOG,8,60,True,True,0,SAFE,SAFE,SAFE,10,0,100,False,1,8,0,12,100,60,False,True,True,False,True,False
45.9,59.54,4841,3,12,1,12.0,90.0,40556.0,100,104.64,False,0.99,20.0,0,10,0,False,False,0,WET,NORMAL,8,0,90,False,1,BRIGHT,FOG,8,60,True,True,0,SAFE,SAFE,SAFE,10,0,100,False,1,8,0,12,100,60,False,True,True,False,True,False
45.95,59.51,4838,3,12,1,12.0,90.0,40556.0,100,104.57,False,0.96,20.0,0,10,0,False,False,0,WET,NORMAL,8,0,90,False,1,BRIGHT,FOG,8,60,True,True,0,SAFE,SAFE,SAFE,10,0,100,False,1,8,0,12,100,60,False,True,True,False,True,False
46.0,59.59,4845,3,12,1,12.0,90.0,40556.0,100,104.49,False,0.96,20.0,0,10,0,False,False,0,WET,NORMAL,8,0,90,False,1,BRIGHT,FOG,8,60,True,True,0,SAFE,SAFE,SAFE,10,0,100,False,1,8,0,12,100,60,False,True,True,False,True,False
46.05,59.76,4858,3,12,1,12.0,90.0,40556.0,100,104.42,False,0.99,20.0,0,10,0,False,False,0,WET,NORMAL,8,0,90,False,1,BRIGHT,FOG,8,60,True,True,0,SAFE,SAFE,SAFE,10,0,100,False,1,8,0,12,100,60,False,True,True,False,True,False
46.1,59.98,4877,3,12,1,12.0,90.0,40556.0,100,104.35,False,1.04,20.0,0,10,0,False,False,0,WET,NORMAL,8,0,90,False,1,BRIGHT,FOG,8,60,True,True,0,SAFE,SAFE,SAFE,10,0,100,False,1,8,0,12,100,60,False,True,True,False,True,False
46.15,60.26,4899,3,12,1,12.0,90.0,40556.0,100,104.27,False,1.1,20.0,0,10,0,False,False,0,WET,NORMAL,8,0,90,False,1,BRIGHT,FOG,0,60,True,True,0,SAFE,SAFE,SAFE,10,0,100,False,1,0,0,12,100,60,False,True,True,False,True,False
46.2,60.45,4915,3,12,1,12.0,90.0,40556.0,100,104.19,False,1.14,20.0,0,10,0,False,False,0,WET,NORMAL,8,0,90,False,1,BRIGHT,FOG,0,60,True,True,0,SAFE,SAFE,SAFE,10,0,100,False,1,0,0,12,100,60,False,True,True,False,True,False
46.25,60.48,4917,3,12,1,12.0,90.0,40556.0,100,104.11,False,1.13,20.0,0,10,0,False,False,0,WET,NORMAL,8,0,90,False,1,BRIGHT,FOG,0,60,True,True,0,SAFE,SAFE,SAFE,10,0,100,False,1,0,0,12,100,60,False,True,True,False,True,False
46.3,60.35,4906,3,12,1,12.0,90.0,40556.0,100,104.03,False,1.07,20.0,0,10,0,False,False,0,WET,NORMAL,8,0,90,False,1,BRIGHT,FOG,0,60,True,True,0,SAFE,SAFE,SAFE,10,0,100,False,1,0,0,12,100,60,False,True,True,False,True,False
46.35,60.12,4888,3,12,1,12.0,90.0,40556.0,100,103.95,False,0.99,20.0,0,10,0,False,False,0,WET,NORMAL,8,0,90,False,1,BRIGHT,FOG,0,60,True,True,0,SAFE,SAFE,SAFE,10,0,100,False,1,0,0,12,100,60,False,True,True,False,True,False
46.4,59.83,4864,3,12,1,12.0,90.0,40556.0,100,103.88,False,0.9,20.0,0,10,0,False,False,0,WET,NORMAL,8,0,90,False,1,BRIGHT,FOG,8,60,True,True,0,SAFE,SAFE,SAFE,10,0,100,False,1,8,0,12,100,60,False,True,True,False,True,False
46.45,59.61,4846,3,12,1,12.0,90.0,40556.0,100,103.82,False,0.82,20.0,0,10,0,False,False,0,WET,NORMAL,8,0,90,False,1,BRIGHT,FOG,8,60,True,True,0,SAFE,SAFE,SAFE,10,0,100,False,1,8,0,12,100,60,False,True,True,False,True,False
46.5,59.45,4833,3,12,1,12.0,90.0,39144.2,100,103.75,False,0.76,20.0,0,10,0,False,False,0,WET,NORMAL,8,0,90,False,1,BRIGHT,FOG,8,60,True,True,0,SAFE,SAFE,SAFE,10,0,100,False,1,8,0,12,100,60,False,True,True,False,True,False
46.55,59.4,4829,3,12,1,12.0,90.0,39144.2,100,103.69,False,0.73,20.0,0,10,0,False,False,0,WET,NORMAL,8,0,90,False,1,BRIGHT,FOG,8,60,True,True,0,SAFE,SAFE,SAFE,10,0,100,False,1,8,0,12,100,60,False,True,True,False,True,False
46.6,59.47,4835,3,12,1,12.0,90.0,39144.2,100,103.63,False,0.73,20.0,0,10,0,False,False,0,WET,NORMAL,8,0,90,False,1,BRIGHT,FOG,8,60,True,True,0,SAFE,SAFE,SAFE,10,0,100,False,1,8,0,12,100,60,False,True,True,False,True,False
46.65,59.63,4848,3,12,1,12.0,90.0,39144.2,100,103.57,False,0.76,20.0,0,10,0,False,False,0,WET,NORMAL,8,0,90,False,1,BRIGHT,FOG,8,60,True,True,0,SAFE,SAFE,SAFE,10,0,100,False,1,8,0,12,100,60,False,True,True,False,True,False
46.7,59.86,4866,3,12,1,12.0,90.0,39144.2,100,103.51,False,0.81,20.0,0,10,0,False,False,0,WET,NORMAL,8,0,90,False,1,BRIGHT,FOG,8,60,True,True,0,SAFE,SAFE,SAFE,10,0,100,False,1,8,0,12,100,60,False,True,True,False,True,False
46.75,60.12,4888,3,12,1,12.0,90.0,39144.2,100,103.44,False,0.87,20.0,0,10,0,False,False,0,WET,NORMAL,8,0,90,False,1,BRIGHT,FOG,0,60,True,True,0,SAFE,SAFE,SAFE,10,0,100,False,1,0,0,12,100,60,False,True,True,False,True,False
46.8,60.32,4904,3,12,1,12.0,90.0,39144.2,100,103.37,False,0.91,20.0,0,10,0,False,False,0,WET,NORMAL,8,0,90,False,1,BRIGHT,FOG,0,60,True,True,0,SAFE,SAFE,SAFE,10,0,100,False,1,0,0,12,100,60,False,True,True,False,True,False
46.85,60.34,4906,3,12,1,12.0,90.0,39144.2,100,103.3,False,0.9,20.0,0,10,0,False,False,0,WET,NORMAL,8,0,90,False,1,BRIGHT,FOG,0,60,True,True,0,SAFE,SAFE,SAFE,10,0,100,False,1,0,0,12,100,60,False,True,True,False,True,False
46.9,60.21,4895,3,12,1,12.0,90.0,39144.2,100,103.23,False,0.85,20.0,0,10,0,False,False,0,WET,NORMAL,8,0,90,False,1,BRIGHT,FOG,0,60,True,True,0,SAFE,SAFE,SAFE,10,0,100,False,1,0,0,12,100,60,False,True,True,False,True,False
46.95,59.98,4876,3,12,1,12.0,90.0,39144.2,100,103.17,False,0.77,20.0,0,10,0,False,False,0,WET,NORMAL,8,0,90,False,1,BRIGHT,FOG,8,60,True,True,0,SAFE,SAFE,SAFE,10,0,100,False,1,8,0,12,100,60,False,True,True,False,True,False
47.0,59.78,4861,3,12,1,12.0,90.0,39144.2,100,103.11,False,0.7,20.0,0,10,0,False,False,0,WET,NORMAL,8,0,90,False,1,BRIGHT,FOG,8,60,True,True,0,SAFE,SAFE,SAFE,10,0,100,False,1,8,0,12,100,60,False,True,True,False,True,False
47.05,59.65,4849,3,12,1,12.0,90.0,39144.2,100,103.05,False,0.65,20.0,0,10,0,False,False,0,WET,NORMAL,8,0,90,False,1,BRIGHT,FOG,8,60,True,True,0,SAFE,SAFE,SAFE,10,0,100,False,1,8,0,12,100,60,False,True,True,False,True,False
47.1,59.61,4846,3,12,1,12.0,90.0,39144.2,100,103.0,False,0.62,20.0,0,10,0,False,False,0,WET,NORMAL,8,0,90,False,1,BRIGHT,FOG,8,60,True,True,0,SAFE,SAFE,SAFE,10,0,100,False,1,8,0,12,100,60,False,True,True,False,True,False
47.15,59.69,4853,3,12,1,12.0,90.0,39144.2,100,103.03,False,0.63,20.0,0,10,0,False,False,0,WET,NORMAL,8,0,90,False,1,BRIGHT,FOG,8,60,True,True,0,SAFE,SAFE,SAFE,10,0,100,False,1,8,0,12,100,60,False,True,True,False,True,False
47.2,59.86,4867,3,12,1,12.0,90.0,39144.2,100,102.97,False,0.67,20.0,0,10,0,False,False,0,WET,NORMAL,8,0,90,False,1,BRIGHT,FOG,8,60,True,True,0,SAFE,SAFE,SAFE,10,0,100,False,1,8,0,12,100,60,False,True,True,False,True,False
47.25,60.09,4885,3,12,1,12.0,90.0,39144.2,100,102.91,False,0.72,20.0,0,10,0,False,False,0,WET,NORMAL,8,0,90,False,1,BRIGHT,FOG,0,60,True,True,0,SAFE,SAFE,SAFE,10,0,100,False,1,0,0,12,100,60,False,True,True,False,True,False
47.3,60.25,4899,3,12,1,12.0,90.0,39144.2,100,102.85,False,0.75,20.0,0,10,0,False,False,0,WET,NORMAL,8,0,90,False,1,BRIGHT,FOG,0,60,True,True,0,SAFE,SAFE,SAFE,10,0,100,False,1,0,0,12,100,60,False,True,True,False,True,False
47.35,60.27,4900,3,12,1,12.0,90.0,39144.2,100,102.79,False,0.74,20.0,0,10,0,False,False,0,WET,NORMAL,8,0,90,False,1,BRIGHT,FOG,0,60,True,True,0,SAFE,SAFE,SAFE,10,0,100,False,1,0,0,12,100,60,False,True,True,False,True,False
47.4,60.12,4888,3,12,1,12.0,90.0,39144.2,100,102.73,False,0.68,20.0,0,10,0,False,False,0,WET,NORMAL,8,0,90,False,1,BRIGHT,FOG,0,60,True,True,0,SAFE,SAFE,SAFE,10,0,100,False,1,0,0,12,100,60,False,True,True,False,True,False
47.45,59.89,4869,3,12,1,12.0,90.0,39144.2,100,102.67,False,0.6,20.0,0,10,0,False,False,0,WET,NORMAL,8,0,90,False,1,BRIGHT,FOG,8,60,True,True,0,SAFE,SAFE,SAFE,10,0,100,False,1,8,0,12,100,60,False,True,True,False,True,False
47.5,59.69,4853,3,12,1,12.0,90.0,39144.2,100,102.62,False,0.54,20.0,0,10,0,False,False,0,WET,NORMAL,8,0,90,False,1,BRIGHT,FOG,8,60,True,True,0,SAFE,SAFE,SAFE,10,0,100,False,1,8,0,12,100,60,False,True,True,False,True,False
47.55,59.55,4841,3,12,1,12.0,90.0,39144.2,100,102.57,False,0.48,20.0,0,10,0,False,False,0,WET,NORMAL,8,0,90,False,1,BRIGHT,FOG,8,60,True,True,0,SAFE,SAFE,SAFE,10,0,100,False,1,8,0,12,100,60,False,True,True,False,True,False
47.6,59.51,4838,3,12,1,12.0,90.0,39144.2,100,102.53,False,0.46,20.0,0,10,0,False,False,0,WET,NORMAL,8,0,90,False,1,BRIGHT,FOG,8,60,True,True,0,SAFE,SAFE,SAFE,10,0,100,False,1,8,0,12,100,60,False,True,True,False,True,False
47.65,59.59,4845,3,12,1,12.0,90.0,39144.2,100,102.48,False,0.47,20.0,0,10,0,False,False,0,WET,NORMAL,8,0,90,False,1,BRIGHT,FOG,8,60,True,True,0,SAFE,SAFE,SAFE,10,0,100,False,1,8,0,12,100,60,False,True,True,False,True,False
47.7,59.76,4859,3,12,1,12.0,90.0,39144.2,100,102.43,False,0.5,20.0,0,10,0,False,False,0,WET,NORMAL,8,0,90,False,1,BRIGHT,FOG,8,60,True,True,0,SAFE,SAFE,SAFE,10,0,100,False,1,8,0,12,100,60,False,True,True,False,True,False
47.75,59.99,4877,3,12,1,12.0,90.0,39144.2,100,102.38,False,0.55,20.0,0,10,0,False,False,0,WET,NORMAL,8,0,90,False,1,BRIGHT,FOG,8,60,True,True,0,SAFE,SAFE,SAFE,10,0,100,False,1,8,0,12,100,60,False,True,True,False,True,False
47.8,60.26,4899,3,12,1,12.0,90.0,39144.2,100,102.33,False,0.62,20.0,0,10,0,False,False,0,WET,NORMAL,8,0,90,False,1,BRIGHT,FOG,0,60,True,True,0,SAFE,SAFE,SAFE,10,0,100,False,1,0,0,12,100,60,False,True,True,False,True,False
47.85,60.45,4915,3,12,1,12.0,90.0,39144.2,100,102.27,False,0.66,20.0,0,10,0,False,False,0,WET,NORMAL,8,0,90,False,1,BRIGHT,FOG,0,60,True,True,0,SAFE,SAFE,SAFE,10,0,100,False,1,0,0,12,100,60,False,True,True,False,True,False
47.9,60.48,4917,3,12,1,12.0,90.0,39144.2,100,102.21,False,0.65,20.0,0,10,0,False,False,0,WET,NORMAL,8,0,90,False,1,BRIGHT,FOG,0,60,True,True,0,SAFE,SAFE,SAFE,10,0,100,False,1,0,0,12,100,60,False,True,True,False,True,False
47.95,60.35,4906,3,12,1,12.0,90.0,39144.2,100,102.16,False,0.6,20.0,0,10,0,False,False,0,WET,NORMAL,8,0,90,False,1,BRIGHT,FOG,0,60,True,True,0,SAFE,SAFE,SAFE,10,0,100,False,1,0,0,12,100,60,False,True,True,False,True,False
48.0,60.12,4888,3,12,1,12.0,90.0,37651.4,100,102.1,False,0.53,20.0,0,10,0,False,False,0,WET,NORMAL,8,0,90,False,1,BRIGHT,FOG,0,60,True,True,0,SAFE,SAFE,SAFE,10,0,100,False,1,0,0,12,100,60,False,True,True,False,True,False
48.05,59.84,4865,3,12,1,12.0,90.0,37651.4,100,102.06,False,0.43,20.0,0,10,0,False,False,0,WET,NORMAL,8,0,90,False,1,BRIGHT,FOG,8,60,True,True,0,SAFE,SAFE,SAFE,10,0,100,False,1,8,0,12,100,60,False,True,True,False,True,False
48.1,59.61,4846,3,12,1,12.0,90.0,37651.4,100,102.01,False,0.36,20.0,0,10,0,False,False,0,WET,NORMAL,8,0,90,False,1,BRIGHT,FOG,8,60,True,True,0,SAFE,SAFE,SAFE,10,0,100,False,1,8,0,12,100,60,False,True,True,False,True,False
48.15,59.45,4833,3,12,1,12.0,90.0,37651.4,100,101.97,False,0.31,20.0,0,10,0,False,False,0,WET,NORMAL,8,0,90,False,1,BRIGHT,FOG,8,60,True,True,0,SAFE,SAFE,SAFE,10,0,100,False,1,8,0,12,100,60,False,True,True,False,True,False
48.2,59.4,4830,3,12,1,12.0,90.0,37651.4,100,101.93,False,0.28,20.0,0,10,0,False,False,0,WET,NORMAL,8,0,90,False,1,BRIGHT,FOG,8,60,True,True,0,SAFE,SAFE,SAFE,10,0,100,False,1,8,0,12,100,60,False,True,True,False,True,False
48.25,59.48,4835,3,12,1,12.0,90.0,37651.4,100,101.9,False,0.29,20.0,0,10,0,False,False,0,WET,NORMAL,8,0,90,False,1,BRIGHT,FOG,8,60,True,True,0,SAFE,SAFE,SAFE,10,0,100,False,1,8,0,12,100,60,False,True,True,False,True,False
48.3,59.64,4848,3,12,1,12.0,90.0,37651.4,100,101.86,False,0.32,20.0,0,10,0,False,False,0,WET,NORMAL,8,0,90,False,1,BRIGHT,FOG,8,60,True,True,0,SAFE,SAFE,SAFE,10,0,100,False,1,8,0,12,100,60,False,True,True,False,True,False
48.35,59.86,4867,3,12,1,12.0,90.0,37651.4,100,101.82,False,0.37,20.0,0,10,0,False,False,0,WET,NORMAL,8,0,90,False,1,BRIGHT,FOG,8,60,True,True,0,SAFE,SAFE,SAFE,10,0,100,False,1,8,0,12,100,60,False,True,True,False,True,False
48.4,60.13,4888,3,12,1,12.0,90.0,37651.4,99.3,101.77,False,0.43,20.0,0,10,0,False,False,0,WET,NORMAL,8,0,89,False,1,BRIGHT,FOG,0,59,True,True,0,SAFE,SAFE,SAFE,10,0,100,False,1,0,0,12,100,59,False,True,True,False,True,False
48.45,60.32,4904,3,12,1,12.0,90.0,37651.4,99.3,101.72,False,0.48,20.0,0,10,0,False,False,0,WET,NORMAL,8,0,89,False,1,BRIGHT,FOG,0,59,True,True,0,SAFE,SAFE,SAFE,10,0,100,False,1,0,0,12,100,59,False,True,True,False,True,False
48.5,60.35,4906,3,12,1,12.0,90.0,37651.4,99.3,101.68,False,0.47,20.0,0,10,0,False,False,0,WET,NORMAL,8,0,89,False,1,BRIGHT,FOG,0,59,True,True,0,SAFE,SAFE,SAFE,10,0,100,False,1,0,0,12,100,59,False,True,True,False,True,False
48.55,60.21,4895,3,12,1,12.0,90.0,37651.4,99.3,101.63,False,0.42,20.0,0,10,0,False,False,0,WET,NORMAL,8,0,89,False,1,BRIGHT,FOG,0,59,True,True,0,SAFE,SAFE,SAFE,10,0,100,False,1,0,0,12,100,59,False,True,True,False,True,False
48.6,59.98,4877,3,12,1,12.0,90.0,37651.4,96.7,101.59,False,0.35,20.0,0,10,0,False,False,0,WET,NORMAL,8,0,87,False,1,BRIGHT,FOG,0,58,True,True,0,SAFE,SAFE,SAFE,10,0,100,False,1,0,0,12,100,58,False,True,True,False,True,False
48.65,59.7,4853,3,12,1,12.0,90.0,37651.4,96.7,101.55,False,0.26,20.0,0,10,0,False,False,0,WET,NORMAL,8,0,87,False,1,BRIGHT,FOG,0,58,True,True,0,SAFE,SAFE,SAFE,10,0,100,False,1,0,0,12,100,58,False,True,True,False,True,False
48.7,59.38,4828,3,12,1,12.0,90.0,37651.4,96.7,101.51,False,0.16,20.0,0,10,0,False,False,0,WET,NORMAL,8,0,87,False,1,BRIGHT,FOG,0,58,True,True,0,SAFE,SAFE,SAFE,10,0,100,False,1,0,0,12,100,58,False,True,True,False,True,False
48.75,59.05,4801,3,12,1,12.0,90.0,37651.4,94.4,101.48,False,0.06,20.0,0,10,0,False,False,0,WET,NORMAL,8,0,84,False,1,BRIGHT,FOG,0,56,True,True,0,SAFE,SAFE,SAFE,10,0,100,False,1,0,0,12,100,56,False,True,True,False,True,False
48.8,58.71,4773,3,12,1,12.0,90.0,37651.4,94.4,101.46,False,0.0,20.0,0,10,0,False,False,0,WET,NORMAL,8,0,84,False,1,BRIGHT,FOG,0,56,True,True,0,SAFE,SAFE,SAFE,10,0,100,False,1,0,0,12,100,56,False,True,True,False,True,False
48.85,58.36,4745,3,12,1,12.0,90.0,37651.4,94.4,101.44,False,0.0,20.0,0,10,0,False,False,0,WET,NORMAL,8,0,84,False,1,BRIGHT,FOG,0,56,True,True,0,SAFE,SAFE,SAFE,10,0,100,False,1,0,0,12,100,56,False,True,True,False,True,False
48.9,58.01,4716,3,12,1,12.0,90.0,37651.4,94.4,101.43,False,0.0,20.0,0,10,0,False,False,0,WET,NORMAL,8,0,84,False,1,BRIGHT,FOG,0,56,True,True,0,SAFE,SAFE,SAFE,10,0,100,False,1,0,0,12,100,56,False,True,True,False,True,False
48.95,57.66,4688,3,12,1,12.0,90.0,37651.4,92.2,101.42,False,0.0,20.0,0,10,0,False,False,0,WET,NORMAL,8,0,82,False,1,BRIGHT,FOG,0,55,True,True,0,SAFE,SAFE,SAFE,10,0,100,False,1,0,0,12,100,55,False,True,True,False,True,False
49.0,57.31,4660,3,12,1,12.0,90.0,37651.4,92.2,101.42,False,0.0,20.0,0,10,0,False,False,0,WET,NORMAL,8,0,82,False,1,BRIGHT,FOG,0,55,True,True,0,SAFE,SAFE,SAFE,10,0,100,False,1,0,0,12,100,55,False,True,True,False,True,False
49.05,56.97,4631,3,12,1,12.0,90.0,37651.4,92.8,101.43,False,0.0,20.0,0,10,0,False,False,0,WET,NORMAL,8,0,83,False,1,BRIGHT,FOG,0,55,True,True,0,SAFE,SAFE,SAFE,10,0,100,False,1,0,0,12,100,55,False,True,True,False,True,False
49.1,56.62,4603,3,12,1,12.0,90.0,37651.4,92.8,101.44,False,0.0,20.0,0,10,0,False,False,0,WET,NORMAL,8,0,83,False,1,BRIGHT,FOG,0,55,True,True,0,SAFE,SAFE,SAFE,10,0,100,False,1,0,0,12,100,55,False,True,True,False,True,False
49.15,56.27,4575,3,12,1,12.0,90.0,37651.4,90.3,101.45,False,0.0,20.0,0,10,0,False,False,0,WET,NORMAL,8,0,81,False,1,BRIGHT,FOG,0,54,True,True,0,SAFE,SAFE,SAFE,10,0,100,False,1,0,0,12,100,54,False,True,True,False,True,False
49.2,55.93,4547,3,12,1,12.0,90.0,37651.4,90.3,101.47,False,0.0,20.0,0,10,0,False,False,0,WET,NORMAL,8,0,81,False,1,BRIGHT,FOG,0,54,True,True,0,SAFE,SAFE,SAFE,10,0,100,False,1,0,0,12,100,54,False,True,True,False,True,False
49.25,55.59,4519,3,12,1,12.0,90.0,37651.4,90.3,101.5,False,0.0,20.0,0,10,0,False,False,0,WET,NORMAL,8,0,81,False,1,BRIGHT,FOG,0,54,True,True,0,SAFE,SAFE,SAFE,10,0,100,False,1,0,0,12,100,54,False,True,True,False,True,False
49.3,55.24,4491,3,12,1,12.0,90.0,37651.4,90.3,101.53,False,0.0,20.0,0,10,0,False,False,0,WET,NORMAL,8,0,81,False,1,BRIGHT,FOG,0,54,True,True,0,SAFE,SAFE,SAFE,10,0,100,False,1,0,0,12,100,54,False,True,True,False,True,False
49.35,54.9,4464,3,12,1,12.0,90.0,37651.4,87.2,101.57,False,0.0,20.0,0,10,0,False,False,0,WET,NORMAL,8,0,78,False,1,BRIGHT,FOG,0,52,True,True,0,SAFE,SAFE,SAFE,10,0,100,False,1,0,0,12,100,52,False,True,True,False,True,False
49.4,54.57,4436,3,12,1,12.0,90.0,37651.4,87.2,101.61,False,0.0,20.0,0,10,0,False,False,0,WET,NORMAL,8,0,78,False,1,BRIGHT,FOG,0,52,True,True,0,SAFE,SAFE,SAFE,10,0,100,False,1,0,0,12,100,52,False,True,True,False,True,False
49.45,54.23,4409,3,12,1,12.0,90.0,37651.4,87.2,101.65,False,0.0,20.0,0,10,0,False,False,0,WET,NORMAL,8,0,78,False,1,BRIGHT,FOG,0,52,True,True,0,SAFE,SAFE,SAFE,10,0,100,False,1,0,0,12,100,52,False,True,True,False,True,False
49.5,53.89,4382,3,12,1,12.0,90.0,36092.4,84.4,101.71,False,0.0,20.0,0,10,0,False,False,0,WET,NORMAL,8,0,75,False,1,BRIGHT,FOG,0,50,True,True,0,SAFE,SAFE,SAFE,10,0,100,False,1,0,0,12,100,50,False,True,True,False,True,False
49.55,53.56,4354,3,12,1,12.0,90.0,36092.4,84.4,101.77,False,0.0,20.0,0,10,0,False,False,0,WET,NORMAL,8,0,75,False,1,BRIGHT,FOG,0,50,True,True,0,SAFE,SAFE,SAFE,10,0,100,False,1,0,0,12,100,50,False,True,True,False,True,False
49.6,53.23,4327,3,12,1,12.0,90.0,36092.4,84.4,101.83,False,0.0,20.0,0,10,0,False,False,0,WET,NORMAL,8,0,75,False,1,BRIGHT,FOG,0,50,True,True,0,SAFE,SAFE,SAFE,10,0,100,False,1,0,0,12,100,50,False,True,True,False,True,False
49.65,52.9,4301,3,12,1,12.0,90.0,36092.4,84.4,101.93,False,0.0,20.0,0,10,0,False,False,0,WET,NORMAL,8,0,75,False,1,BRIGHT,FOG,0,50,True,True,0,SAFE,SAFE,SAFE,10,0,100,False,1,0,0,12,100,50,False,True,True,False,True,False
49.7,52.57,4274,3,12,1,12.0,90.0,36092.4,84.4,102.01,False,0.0,20.0,0,10,0,False,False,0,WET,NORMAL,8,0,75,False,1,BRIGHT,FOG,0,50,True,True,0,SAFE,SAFE,SAFE,10,0,100,False,1,0,0,12,100,50,False,True,True,False,True,False
49.75,52.24,4247,3,12,1,12.0,90.0,36092.4,83.6,102.09,False,0.0,20.0,0,10,0,False,False,0,WET,NORMAL,8,0,75,False,1,BRIGHT,FOG,0,50,True,True,0,SAFE,SAFE,SAFE,10,0,100,False,1,0,0,12,100,50,False,True,True,False,True,False
49.8,51.91,4220,3,12,1,12.0,90.0,36092.4,82.4,102.17,False,0.0,20.0,0,10,0,False,False,0,WET,NORMAL,8,0,74,False,1,BRIGHT,FOG,0,49,True,True,0,SAFE,SAFE,SAFE,10,0,100,False,1,0,0,12,100,49,False,True,True,False,True,False
49.85,51.59,4194,3,12,1,12.0,90.0,36092.4,80.9,102.26,False,0.0,20.0,0,10,0,False,False,0,WET,NORMAL,8,0,72,False,1,BRIGHT,FOG,0,48,True,True,0,SAFE,SAFE,SAFE,10,0,100,False,1,0,0,12,100,48,False,True,True,False,True,False
49.9,51.26,4168,3,12,1,12.0,90.0,36092.4,79.8,102.35,False,0.0,20.0,0,10,0,False,False,0,WET,NORMAL,8,0,71,False,1,BRIGHT,FOG,0,47,True,True,0,SAFE,SAFE,SAFE,10,0,100,False,1,0,0,12,100,47,False,True,True,False,True,False
49.95,50.94,4141,3,12,1,12.0,90.0,36092.4,78.8,102.45,False,0.0,20.0,0,10,0,False,False,0,WET,NORMAL,8,0,70,False,1,BRIGHT,FOG,0,47,True,True,0,SAFE,SAFE,SAFE,10,0,100,False,1,0,0,12,100,47,False,True,True,False,True,False
50.0,50.62,4115,3,12,1,12.0,90.0,36092.4,77.5,102.56,False,0.0,20.0,0,10,0,False,False,0,WET,NORMAL,8,0,69,False,1,BRIGHT,FOG,0,46,True,True,0,SAFE,SAFE,SAFE,10,0,100,False,1,0,0,12,100,46,False,True,True,False,True,False
50.05,50.3,4089,3,12,1,12.0,90.0,36092.4,76.6,999.0,True,0.0,20.0,0,10,0,False,False,0,WET,NORMAL,8,0,68,False,1,BRIGHT,FOG,0,45,True,True,0,SAFE,SAFE,SAFE,10,0,100,False,1,0,0,12,100,45,False,True,True,False,True,False
50.1,49.89,4056,3,12,1,12.0,90.0,36092.4,75.8,999.0,True,0.0,20.0,0,10,0,False,False,0,WET,NORMAL,8,0,68,False,1,BRIGHT,FOG,0,45,True,True,0,SAFE,SAFE,SAFE,10,0,100,False,1,0,0,12,100,45,False,True,True,False,True,False
50.15,49.55,4028,3,12,1,12.0,90.0,36092.4,75.3,999.0,True,0.0,20.0,0,10,0,False,False,0,WET,NORMAL,8,0,67,False,1,BRIGHT,FOG,0,45,True,True,0,SAFE,SAFE,SAFE,10,0,100,False,1,0,0,12,100,45,False,True,True,False,True,False
50.2,49.24,4003,3,12,1,12.0,90.0,36092.4,74.8,999.0,True,0.0,20.0,0,10,0,False,False,0,WET,NORMAL,8,0,67,False,1,BRIGHT,FOG,0,44,True,True,0,SAFE,SAFE,SAFE,10,0,100,False,1,0,0,12,100,44,False,True,True,False,True,False
50.25,48.83,3970,3,12,1,12.0,90.0,36092.4,74.1,999.0,True,0.0,20.0,0,10,0,False,False,0,WET,NORMAL,8,0,66,False,1,BRIGHT,FOG,0,44,True,True,0,SAFE,SAFE,SAFE,10,0,100,False,1,0,0,12,100,44,False,True,True,False,True,False
50.3,48.5,3943,3,12,1,12.0,90.0,36092.4,73.5,999.0,True,0.0,20.0,0,10,0,False,False,0,WET,NORMAL,8,0,66,False,1,BRIGHT,FOG,0,44,True,True,0,SAFE,SAFE,SAFE,10,0,100,False,1,0,0,12,100,44,False,True,True,False,True,False
50.35,48.2,3918,3,12,1,12.0,90.0,36092.4,73.2,999.0,True,0.0,20.0,0,10,0,False,False,0,WET,NORMAL,8,0,65,False,1,BRIGHT,FOG,0,43,True,True,0,SAFE,SAFE,SAFE,10,0,100,False,1,0,0,12,100,43,False,True,True,False,True,False
50.4,47.79,3885,3,12,1,12.0,90.0,36092.4,73.1,999.0,True,0.0,20.0,0,10,0,False,False,0,WET,NORMAL,8,0,65,False,1,BRIGHT,FOG,0,43,True,True,0,SAFE,SAFE,SAFE,10,0,100,False,1,0,0,12,100,43,False,True,True,False,True,False
50.45,47.46,3858,3,12,1,12.0,90.0,36092.4,73.1,999.0,True,0.0,20.0,0,10,0,False,False,0,WET,NORMAL,8,0,65,False,1,BRIGHT,FOG,0,43,True,True,0,SAFE,SAFE,SAFE,10,0,100,False,1,0,0,12,100,43,False,True,True,False,True,False
50.5,47.18,3835,3,12,1,12.0,90.0,36092.4,72.7,999.0,True,0.0,20.0,0,10,0,False,False,0,WET,NORMAL,8,0,65,False,1,BRIGHT,FOG,0,43,True,True,0,SAFE,SAFE,SAFE,10,0,100,False,1,0,0,12,100,43,False,True,True,False,True,False
50.55,46.84,3808,3,12,1,12.0,90.0,36092.4,72.5,999.0,True,0.0,20.0,0,10,0,False,False,0,WET,NORMAL,8,0,65,False,1,BRIGHT,FOG,0,43,True,True,0,SAFE,SAFE,SAFE,10,0,100,False,1,0,0,12,100,43,False,True,True,False,True,False
50.6,46.57,3786,3,12,1,12.0,90.0,36092.4,72.5,999.0,True,0.0,20.0,0,10,0,False,False,0,WET,NORMAL,8,0,65,False,1,BRIGHT,FOG,0,43,True,True,0,SAFE,SAFE,SAFE,10,0,100,False,1,0,0,12,100,43,False,True,True,False,True,False
50.65,46.24,3760,3,12,1,12.0,90.0,36092.4,72.6,999.0,True,0.0,20.0,0,10,0,False,False,0,WET,NORMAL,8,0,65,False,1,BRIGHT,FOG,0,43,True,True,0,SAFE,SAFE,SAFE,10,0,100,False,1,0,0,12,100,43,False,True,True,False,True,False
50.7,45.97,3738,3,12,1,12.0,90.0,36092.4,73.0,999.0,True,0.0,20.0,0,10,0,False,False,0,WET,NORMAL,8,0,65,False,1,BRIGHT,FOG,0,43,True,True,0,SAFE,SAFE,SAFE,10,0,100,False,1,0,0,12,100,43,False,True,True,False,True,False
50.75,45.64,3710,3,12,1,12.0,90.0,36092.4,72.9,999.0,True,0.0,20.0,0,10,0,False,False,0,WET,NORMAL,8,0,65,False,1,BRIGHT,FOG,0,43,True,True,0,SAFE,SAFE,SAFE,10,0,100,False,1,0,0,12,100,43,False,True,True,False,True,False
50.8,45.38,3690,3,12,1,12.0,90.0,36092.4,72.9,999.0,True,0.0,20.0,0,10,0,False,False,0,WET,NORMAL,8,0,65,False,1,BRIGHT,FOG,0,43,True,True,0,SAFE,SAFE,SAFE,10,0,100,False,1,0,0,12,100,43,False,True,True,False,True,False
50.85,45.04,3662,3,12,1,12.0,90.0,36092.4,73.1,999.0,True,0.0,20.0,0,10,0,False,False,0,WET,NORMAL,8,0,65,False,1,BRIGHT,FOG,0,43,True,True,0,SAFE,SAFE,SAFE,10,0,100,False,1,0,0,12,100,43,False,True,True,False,True,False
50.9,44.8,3642,3,12,1,12.0,90.0,36092.4,73.4,999.0,True,0.0,20.0,0,10,0,False,False,0,WET,NORMAL,8,0,66,False,1,BRIGHT,FOG,0,44,True,True,0,SAFE,SAFE,SAFE,10,0,100,False,1,0,0,12,100,44,False,True,True,False,True,False
50.95,44.45,3614,3,12,1,12.0,90.0,36092.4,73.9,999.0,True,0.0,20.0,0,10,0,False,False,0,WET,NORMAL,8,0,66,False,1,BRIGHT,FOG,0,44,True,True,0,SAFE,SAFE,SAFE,10,0,100,False,1,0,0,12,100,44,False,True,True,False,True,False
51.0,44.21,3594,3,12,1,12.0,90.0,34472.5,74.3,999.0,True,0.0,20.0,0,10,0,False,False,0,WET,NORMAL,8,0,66,False,1,BRIGHT,FOG,8,44,True,True,0,SAFE,SAFE,SAFE,10,0,100,False,1,8,0,12,100,44,False,True,True,False,True,False
51.05,43.94,3572,3,12,1,12.0,90.0,34472.5,74.4,999.0,True,0.0,20.0,0,10,0,False,False,0,WET,NORMAL,8,0,66,False,1,BRIGHT,FOG,8,44,True,True,0,SAFE,SAFE,SAFE,10,0,100,False,1,8,0,12,100,44,False,True,True,False,True,False
51.1,43.81,3561,3,12,1,12.0,90.0,34472.5,74.6,999.0,True,0.0,20.0,0,10,0,False,False,0,WET,NORMAL,8,0,67,False,1,BRIGHT,FOG,8,44,True,True,0,SAFE,SAFE,SAFE,10,0,100,False,1,8,0,12,100,44,False,True,True,False,True,False
51.15,43.62,3546,3,12,1,12.0,90.0,34472.5,75.1,999.0,True,0.0,20.0,0,10,0,False,False,0,WET,NORMAL,8,0,67,False,1,BRIGHT,FOG,8,45,True,True,0,SAFE,SAFE,SAFE,10,0,100,False,1,8,0,12,100,45,False,True,True,False,True,False
51.2,43.63,3547,3,12,1,12.0,90.0,34472.5,75.7,999.0,True,0.0,20.0,0,10,0,False,False,0,WET,NORMAL,8,0,68,False,1,BRIGHT,FOG,8,45,True,True,0,SAFE,SAFE,SAFE,10,0,100,False,1,8,0,12,100,45,False,True,True,False,True,False
51.25,43.64,3548,3,12,1,12.0,90.0,34472.5,76.5,999.0,True,0.0,20.0,0,10,0,False,False,0,WET,NORMAL,8,0,68,False,1,BRIGHT,FOG,8,45,True,True,0,SAFE,SAFE,SAFE,10,0,100,False,1,8,0,12,100,45,False,True,True,False,True,False
51.3,43.81,3561,3,12,1,12.0,90.0,34472.5,76.7,999.0,True,0.0,20.0,0,10,0,False,False,0,WET,NORMAL,8,0,69,False,1,BRIGHT,FOG,8,46,True,True,0,SAFE,SAFE,SAFE,10,0,100,False,1,8,0,12,100,46,False,True,True,False,True,False
51.35,43.92,3571,3,12,1,12.0,90.0,34472.5,77.1,999.0,True,0.0,20.0,0,10,0,False,False,0,WET,NORMAL,8,0,69,False,1,BRIGHT,FOG,8,46,True,True,0,SAFE,SAFE,SAFE,10,0,100,False,1,8,0,12,100,46,False,True,True,False,True,False
51.4,44.17,3591,3,12,1,12.0,90.0,34472.5,77.7,999.0,True,0.0,20.0,0,10,0,False,False,0,WET,NORMAL,8,0,69,False,1,BRIGHT,FOG,8,46,True,True,0,SAFE,SAFE,SAFE,10,0,100,False,1,8,0,12,100,46,False,True,True,False,True,False
51.45,44.35,3606,3,12,1,12.0,90.0,34472.5,78.5,999.0,True,0.0,20.0,0,10,0,False,False,0,WET,NORMAL,8,0,70,False,1,BRIGHT,FOG,8,47,True,True,0,SAFE,SAFE,SAFE,10,0,100,False,1,8,0,12,100,47,False,True,True,False,True,False
51.5,44.64,3629,3,12,1,12.0,90.0,34472.5,79.3,999.0,True,0.0,20.0,0,10,0,False,False,0,WET,NORMAL,8,0,71,False,1,BRIGHT,FOG,8,47,True,True,0,SAFE,SAFE,SAFE,10,0,100,False,1,8,0,12,100,47,False,True,True,False,True,False
51.55,44.85,3646,3,12,1,12.0,90.0,34472.5,79.4,999.0,True,0.0,20.0,0,10,0,False,False,0,WET,NORMAL,8,0,71,False,1,BRIGHT,FOG,8,47,True,True,0,SAFE,SAFE,SAFE,10,0,100,False,1,8,0,12,100,47,False,True,True,False,True,False
51.6,45.16,3671,3,12,1,12.0,90.0,34472.5,79.7,999.0,True,0.0,20.0,0,10,0,False,False,0,WET,NORMAL,8,0,71,False,1,BRIGHT,FOG,8,47,True,True,0,SAFE,SAFE,SAFE,10,0,100,False,1,8,0,12,100,47,False,True,True,False,True,False
51.65,45.38,3690,3,12,1,12.0,90.0,34472.5,80.3,999.0,True,0.0,20.0,0,10,0,False,False,0,WET,NORMAL,8,0,72,False,1,BRIGHT,FOG,8,48,True,True,0,SAFE,SAFE,SAFE,10,0,100,False,1,8,0,12,100,48,False,True,True,False,True,False
51.7,45.7,3715,3,12,1,12.0,90.0,34472.5,81.0,999.0,True,0.0,20.0,0,10,0,False,False,0,WET,NORMAL,8,0,72,False,1,BRIGHT,FOG,8,48,True,True,0,SAFE,SAFE,SAFE,10,0,100,False,1,8,0,12,100,48,False,True,True,False,True,False
51.75,45.94,3735,3,12,1,12.0,90.0,34472.5,81.2,999.0,True,0.0,20.0,0,10,0,False,False,0,WET,NORMAL,8,0,73,False,1,BRIGHT,FOG,8,48,True,True,0,SAFE,SAFE,SAFE,10,0,100,False,1,8,0,12,100,48,False,True,True,False,True,False
51.8,46.26,3761,3,12,1,12.0,90.0,34472.5,81.2,999.0,True,0.0,20.0,0,10,0,False,False,0,WET,NORMAL,8,0,73,False,1,BRIGHT,FOG,8,48,True,True,0,SAFE,SAFE,SAFE,10,0,100,False,1,8,0,12,100,48,False,True,True,False,True,False
51.85,46.51,3781,3,12,1,12.0,90.0,34472.5,81.4,999.0,True,0.0,20.0,0,10,0,False,False,0,WET,NORMAL,8,0,73,False,1,BRIGHT,FOG,8,48,True,True,0,SAFE,SAFE,SAFE,10,0,100,False,1,8,0,12,100,48,False,True,True,False,True,False
51.9,46.84,3808,3,12,1,12.0,90.0,34472.5,81.8,999.0,True,0.0,20.0,0,10,0,False,False,0,WET,NORMAL,8,0,73,False,1,BRIGHT,FOG,8,49,True,True,0,SAFE,SAFE,SAFE,10,0,100,False,1,8,0,12,100,49,False,True,True,False,True,False
51.95,47.09,3829,3,12,1,12.0,90.0,34472.5,82.2,999.0,True,0.0,20.0,0,10,0,False,False,0,WET,NORMAL,8,0,73,False,1,BRIGHT,FOG,8,49,True,True,0,SAFE,SAFE,SAFE,10,0,100,False,1,8,0,12,100,49,False,True,True,False,True,False
52.0,47.42,3855,3,12,1,12.0,90.0,34472.5,81.9,999.0,True,0.0,20.0,0,10,0,False,False,0,WET,NORMAL,8,0,73,False,1,BRIGHT,FOG,8,49,True,True,0,SAFE,SAFE,SAFE,10,0,100,False,1,8,0,12,100,49,False,True,True,False,True,False
52.05,47.68,3876,3,12,1,12.0,90.0,34472.5,81.8,999.0,True,0.0,20.0,0,10,0,False,False,0,WET,NORMAL,8,0,73,False,1,BRIGHT,FOG,8,49,True,True,0,SAFE,SAFE,SAFE,10,0,100,False,1,8,0,12,100,49,False,True,True,False,True,False
52.1,48.01,3903,3,12,1,12.0,90.0,34472.5,81.9,999.0,True,0.0,20.0,0,10,0,False,False,0,WET,NORMAL,8,0,73,False,1,BRIGHT,FOG,8,49,True,True,0,SAFE,SAFE,SAFE,10,0,100,False,1,8,0,12,100,49,False,True,True,False,True,False
52.15,48.28,3925,3,12,1,12.0,90.0,34472.5,82.3,999.0,True,0.0,20.0,0,10,0,False,False,0,WET,NORMAL,8,0,74,False,1,BRIGHT,FOG,8,49,True,True,0,SAFE,SAFE,SAFE,10,0,100,False,1,8,0,12,100,49,False,True,True,False,True,False
52.2,48.61,3952,3,12,1,12.0,90.0,34472.5,81.8,999.0,True,0.0,20.0,0,10,0,False,False,0,WET,NORMAL,8,0,73,False,1,BRIGHT,FOG,8,49,True,True,0,SAFE,SAFE,SAFE,10,0,100,False,1,8,0,12,100,49,False,True,True,False,True,False
52.25,48.88,3974,3,12,1,12.0,90.0,34472.5,81.5,999.0,True,0.0,20.0,0,10,0,False,False,0,WET,NORMAL,8,0,73,False,1,BRIGHT,FOG,8,48,True,True,0,SAFE,SAFE,SAFE,10,0,100,False,1,8,0,12,100,48,False,True,True,False,True,False
52.3,49.18,3998,3,12,1,12.0,90.0,34472.5,81.5,999.0,True,0.0,20.0,0,10,0,False,False,0,WET,NORMAL,8,0,73,False,1,BRIGHT,FOG,0,48,True,True,0,SAFE,SAFE,SAFE,10,0,100,False,1,0,0,12,100,48,False,True,True,False,True,False
52.35,49.21,4001,3,12,1,12.0,90.0,34472.5,81.7,999.0,True,0.0,20.0,0,10,0,False,False,0,WET,NORMAL,8,0,73,False,1,BRIGHT,FOG,0,48,True,True,0,SAFE,SAFE,SAFE,10,0,100,False,1,0,0,12,100,48,False,True,True,False,True,False
52.4,49.12,3993,3,12,1,12.0,90.0,34472.5,81.2,999.0,True,0.0,20.0,0,10,0,False,False,0,WET,NORMAL,8,0,73,False,1,BRIGHT,FOG,0,48,True,True,0,SAFE,SAFE,SAFE,10,0,100,False,1,0,0,12,100,48,False,True,True,False,True,False
52.45,48.9,3976,3,12,1,12.0,90.0,34472.5,80.8,999.0,True,0.0,20.0,0,10,0,False,False,0,WET,NORMAL,8,0,72,False,1,BRIGHT,FOG,0,48,True,True,0,SAFE,SAFE,SAFE,10,0,100,False,1,0,0,12,100,48,False,True,True,False,True,False
52.5,48.68,3958,3,12,1,12.0,90.0,32799.3,80.4,999.0,True,0.0,20.0,0,10,0,False,False,0,WET,NORMAL,8,0,72,False,1,BRIGHT,FOG,0,48,True,True,0,SAFE,SAFE,SAFE,10,0,100,False,1,0,0,12,100,48,False,True,True,False,True,False
52.55,48.39,3934,3,12,1,12.0,90.0,32799.3,80.3,999.0,True,0.0,20.0,0,10,0,False,False,0,WET,NORMAL,8,0,72,False,1,BRIGHT,FOG,0,48,True,True,0,SAFE,SAFE,SAFE,10,0,100,False,1,0,0,12,100,48,False,True,True,False,True,False
52.6,48.13,3913,3,12,1,12.0,90.0,32799.3,80.4,999.0,True,0.0,20.0,0,10,0,False,False,0,WET,NORMAL,8,0,72,False,1,BRIGHT,FOG,8,48,True,True,0,SAFE,SAFE,SAFE,10,0,100,False,1,8,0,12,100,48,False,True,True,False,True,False
52.65,47.88,3892,3,12,1,12.0,90.0,32799.3,79.8,999.0,True,0.0,20.0,0,10,0,False,False,0,WET,NORMAL,8,0,71,False,1,BRIGHT,FOG,0,47,True,True,0,SAFE,SAFE,SAFE,10,0,100,False,1,0,0,12,100,47,False,True,True,False,True,False
52.7,47.63,3872,3,12,1,12.0,90.0,32799.3,79.3,999.0,True,0.0,20.0,0,10,0,False,False,0,WET,NORMAL,8,0,71,False,1,BRIGHT,FOG,0,47,True,True,0,SAFE,SAFE,SAFE,10,0,100,False,1,0,0,12,100,47,False,True,True,False,True,False
52.75,47.29,3845,3,12,1,12.0,90.0,32799.3,79.1,999.0,True,0.0,20.0,0,10,0,False,False,0,WET,NORMAL,8,0,71,False,1,BRIGHT,FOG,8,47,True,True,0,SAFE,SAFE,SAFE,10,0,100,False,1,8,0,12,100,47,False,True,True,False,True,False
52.8,47.1,3830,3,12,1,12.0,90.0,32799.3,79.0,999.0,True,0.0,20.0,0,10,0,False,False,0,WET,NORMAL,8,0,71,False,1,BRIGHT,FOG,8,47,True,True,0,SAFE,SAFE,SAFE,10,0,100,False,1,8,0,12,100,47,False,True,True,False,True,False
52.85,46.85,3809,3,12,1,12.0,90.0,32799.3,79.2,999.0,True,0.0,20.0,0,10,0,False,False,0,WET,NORMAL,8,0,71,False,1,BRIGHT,FOG,8,47,True,True,0,SAFE,SAFE,SAFE,10,0,100,False,1,8,0,12,100,47,False,True,True,False,True,False
52.9,46.69,3796,3,12,1,12.0,90.0,32799.3,78.8,999.0,True,0.0,20.0,0,10,0,False,False,0,WET,NORMAL,8,0,70,False,1,BRIGHT,FOG,8,47,True,True,0,SAFE,SAFE,SAFE,10,0,100,False,1,8,0,12,100,47,False,True,True,False,True,False
52.95,46.51,3781,3,12,1,12.0,90.0,32799.3,78.6,999.0,True,0.0,20.0,0,10,0,False,False,0,WET,NORMAL,8,0,70,False,1,BRIGHT,FOG,8,47,True,True,0,SAFE,SAFE,SAFE,10,0,100,False,1,8,0,12,100,47,False,True,True,False,True,False
53.0,46.5,3781,3,12,1,12.0,90.0,32799.3,78.5,999.0,True,0.0,20.0,0,10,0,False,False,0,WET,NORMAL,8,0,70,False,1,BRIGHT,FOG,8,47,True,True,0,SAFE,SAFE,SAFE,10,0,100,False,1,8,0,12,100,47,False,True,True,False,True,False
53.05,46.52,3782,3,12,1,12.0,90.0,32799.3,78.7,999.0,True,0.0,20.0,0,10,0,False,False,0,WET,NORMAL,8,0,70,False,1,BRIGHT,FOG,8,47,True,True,0,SAFE,SAFE,SAFE,10,0,100,False,1,8,0,12,100,47,False,True,True,False,True,False
53.1,46.68,3795,3,12,1,12.0,90.0,32799.3,79.1,999.0,True,0.0,20.0,0,10,0,False,False,0,WET,NORMAL,8,0,71,False,1,BRIGHT,FOG,8,47,True,True,0,SAFE,SAFE,SAFE,10,0,100,False,1,8,0,12,100,47,False,True,True,False,True,False
53.15,46.82,3806,3,12,1,12.0,90.0,32799.3,78.8,999.0,True,0.0,20.0,0,10,0,False,False,0,WET,NORMAL,8,0,70,False,1,BRIGHT,FOG,8,47,True,True,0,SAFE,SAFE,SAFE,10,0,100,False,1,8,0,12,100,47,False,True,True,False,True,False
53.2,47.06,3826,3,12,1,12.0,90.0,32799.3,78.8,999.0,True,0.0,20.0,0,10,0,False,False,0,WET,NORMAL,8,0,70,False,1,BRIGHT,FOG,8,47,True,True,0,SAFE,SAFE,SAFE,10,0,100,False,1,8,0,12,100,47,False,True,True,False,True,False
53.25,47.24,3840,3,12,1,12.0,90.0,32799.3,78.9,999.0,True,0.0,20.0,0,10,0,False,False,0,WET,NORMAL,8,0,71,False,1,BRIGHT,FOG,8,47,True,True,0,SAFE,SAFE,SAFE,10,0,100,False,1,8,0,12,100,47,False,True,True,False,True,False
53.3,47.36,3850,3,12,1,12.0,90.0,32799.3,79.3,999.0,True,0.0,20.0,0,10,0,False,False,0,WET,NORMAL,8,0,71,False,1,BRIGHT,FOG,8,47,True,True,0,SAFE,SAFE,SAFE,10,0,100,False,1,8,0,12,100,47,False,True,True,False,True,False
53.35,47.29,3844,3,12,1,12.0,90.0,32799.3,79.4,999.0,True,0.0,20.0,0,10,0,False,False,0,WET,NORMAL,8,0,71,False,1,BRIGHT,FOG,8,47,True,True,0,SAFE,SAFE,SAFE,10,0,100,False,1,8,0,12,100,47,False,True,True,False,True,False
53.4,47.21,3838,3,12,1,12.0,90.0,32799.3,79.1,999.0,True,0.0,20.0,0,10,0,False,False,0,WET,NORMAL,8,0,71,False,1,BRIGHT,FOG,8,47,True,True,0,SAFE,SAFE,SAFE,10,0,100,False,1,8,0,12,100,47,False,True,True,False,True,False
53.45,47.02,3822,3,12,1,12.0,90.0,32799.3,79.1,999.0,True,0.0,20.0,0,10,0,False,False,0,WET,NORMAL,8,0,71,False,1,BRIGHT,FOG,8,47,True,True,0,SAFE,SAFE,SAFE,10,0,100,False,1,8,0,12,100,47,False,True,True,False,True,False
53.5,46.87,3811,3,12,1,12.0,90.0,32799.3,79.2,999.0,True,0.0,20.0,0,10,0,False,False,0,WET,NORMAL,8,0,71,False,1,BRIGHT,FOG,8,47,True,True,0,SAFE,SAFE,SAFE,10,0,100,False,1,8,0,12,100,47,False,True,True,False,True,False
53.55,46.66,3793,3,12,1,12.0,90.0,32799.3,79.4,999.0,True,0.0,20.0,0,10,0,False,False,0,WET,NORMAL,8,0,71,False,1,BRIGHT,FOG,8,47,True,True,0,SAFE,SAFE,SAFE,10,0,100,False,1,8,0,12,100,47,False,True,True,False,True,False
53.6,46.56,3786,3,12,1,12.0,90.0,32799.3,79.4,999.0,True,0.0,20.0,0,10,0,False,False,0,WET,NORMAL,8,0,71,False,1,BRIGHT,FOG,8,47,True,True,0,SAFE,SAFE,SAFE,10,0,100,False,1,8,0,12,100,47,False,True,True,False,True,False
53.65,46.49,3779,3,12,1,12.0,90.0,32799.3,79.1,999.0,True,0.0,20.0,0,10,0,False,False,0,WET,NORMAL,8,0,71,False,1,BRIGHT,FOG,8,47,True,True,0,SAFE,SAFE,SAFE,10,0,100,False,1,8,0,12,100,47,False,True,True,False,True,False
53.7,46.58,3787,3,12,1,12.0,90.0,32799.3,79.1,999.0,True,0.0,20.0,0,10,0,False,False,0,WET,NORMAL,8,0,71,False,1,BRIGHT,FOG,8,47,True,True,0,SAFE,SAFE,SAFE,10,0,100,False,1,8,0,12,100,47,False,True,True,False,True,False
53.75,46.67,3795,3,12,1,12.0,90.0,32799.3,79.3,999.0,True,0.0,20.0,0,10,0,False,False,0,WET,NORMAL,8,0,71,False,1,BRIGHT,FOG,8,47,True,True,0,SAFE,SAFE,SAFE,10,0,100,False,1,8,0,12,100,47,False,True,True,False,True,False
53.8,46.89,3812,3,12,1,12.0,90.0,32799.3,79.7,999.0,True,0.0,20.0,0,10,0,False,False,0,WET,NORMAL,8,0,71,False,1,BRIGHT,FOG,8,47,True,True,0,SAFE,SAFE,SAFE,10,0,100,False,1,8,0,12,100,47,False,True,True,False,True,False
53.85,47.07,3826,3,12,1,12.0,90.0,32799.3,79.6,999.0,True,0.0,20.0,0,10,0,False,False,0,WET,NORMAL,8,0,71,False,1,BRIGHT,FOG,8,47,True,True,0,SAFE,SAFE,SAFE,10,0,100,False,1,8,0,12,100,47,False,True,True,False,True,False
53.9,47.31,3846,3,12,1,12.0,90.0,32799.3,79.5,999.0,True,0.0,20.0,0,10,0,False,False,0,WET,NORMAL,8,0,71,False,1,BRIGHT,FOG,8,47,True,True,0,SAFE,SAFE,SAFE,10,0,100,False,1,8,0,12,100,47,False,True,True,False,True,False
53.95,47.36,3851,3,12,1,12.0,90.0,32799.3,79.6,999.0,True,0.0,20.0,0,10,0,False,False,0,WET,NORMAL,8,0,71,False,1,BRIGHT,FOG,8,47,True,True,0,SAFE,SAFE,SAFE,10,0,100,False,1,8,0,12,100,47,False,True,True,False,True,False
54.0,47.36,3850,3,12,1,12.0,90.0,31081.6,79.8,999.0,True,0.0,20.0,0,10,0,False,False,0,WET,NORMAL,8,0,71,False,1,BRIGHT,FOG,8,47,True,True,0,SAFE,SAFE,SAFE,10,0,100,False,1,8,0,12,100,47,False,True,True,False,True,False
54.05,47.21,3838,3,12,1,12.0,90.0,31081.6,80.0,999.0,True,0.0,20.0,0,10,0,False,False,0,WET,NORMAL,8,0,72,False,1,BRIGHT,FOG,8,48,True,True,0,SAFE,SAFE,SAFE,10,0,100,False,1,8,0,12,100,48,False,True,True,False,True,False
54.1,47.1,3829,3,12,1,12.0,90.0,31081.6,79.7,999.0,True,0.0,20.0,0,10,0,False,False,0,WET,NORMAL,8,0,71,False,1,BRIGHT,FOG,8,47,True,True,0,SAFE,SAFE,SAFE,10,0,100,False,1,8,0,12,100,47,False,True,True,False,True,False
54.15,46.93,3815,3,12,1,12.0,90.0,31081.6,79.6,999.0,True,0.0,20.0,0,10,0,False,False,0,WET,NORMAL,8,0,71,False,1,BRIGHT,FOG,8,47,True,True,0,SAFE,SAFE,SAFE,10,0,100,False,1,8,0,12,100,47,False,True,True,False,True,False
54.2,46.81,3805,3,12,1,12.0,90.0,31081.6,79.6,999.0,True,0.0,20.0,0,10,0,False,False,0,WET,NORMAL,8,0,71,False,1,BRIGHT,FOG,8,47,True,True,0,SAFE,SAFE,SAFE,10,0,100,False,1,8,0,12,100,47,False,True,True,False,True,False
54.25,46.66,3793,3,12,1,12.0,90.0,31081.6,79.8,999.0,True,0.0,20.0,0,10,0,False,False,0,WET,NORMAL,8,0,71,False,1,BRIGHT,FOG,8,47,True,True,0,SAFE,SAFE,SAFE,10,0,100,False,1,8,0,12,100,47,False,True,True,False,True,False
54.3,46.66,3793,3,12,1,12.0,90.0,31081.6,79.9,999.0,True,0.0,20.0,0,10,0,False,False,0,WET,NORMAL,8,0,71,False,1,BRIGHT,FOG,8,47,True,True,0,SAFE,SAFE,SAFE,10,0,100,False,1,8,0,12,100,47,False,True,True,False,True,False
54.35,46.69,3796,3,12,1,12.0,90.0,31081.6,79.6,999.0,True,0.0,20.0,0,10,0,False,False,0,WET,NORMAL,8,0,71,False,1,BRIGHT,FOG,8,47,True,True,0,SAFE,SAFE,SAFE,10,0,100,False,1,8,0,12,100,47,False,True,True,False,True,False
54.4,46.86,3809,3,12,1,12.0,90.0,31081.6,79.5,999.0,True,0.0,20.0,0,10,0,False,False,0,WET,NORMAL,8,0,71,False,1,BRIGHT,FOG,8,47,True,True,0,SAFE,SAFE,SAFE,10,0,100,False,1,8,0,12,100,47,False,True,True,False,True,False
54.45,47.01,3821,3,12,1,12.0,90.0,31081.6,79.7,999.0,True,0.0,20.0,0,10,0,False,False,0,WET,NORMAL,8,0,71,False,1,BRIGHT,FOG,8,47,True,True,0,SAFE,SAFE,SAFE,10,0,100,False,1,8,0,12,100,47,False,True,True,False,True,False
54.5,47.22,3839,3,12,1,12.0,90.0,31081.6,80.0,999.0,True,0.0,20.0,0,10,0,False,False,0,WET,NORMAL,8,0,72,False,1,BRIGHT,FOG,8,48,True,True,0,SAFE,SAFE,SAFE,10,0,100,False,1,8,0,12,100,48,False,True,True,False,True,False
54.55,47.31,3846,3,12,1,12.0,90.0,31081.6,80.0,999.0,True,0.0,20.0,0,10,0,False,False,0,WET,NORMAL,8,0,71,False,1,BRIGHT,FOG,8,47,True,True,0,SAFE,SAFE,SAFE,10,0,100,False,1,8,0,12,100,47,False,True,True,False,True,False
54.6,47.42,3855,3,12,1,12.0,90.0,31081.6,79.8,999.0,True,0.0,20.0,0,10,0,False,False,0,WET,NORMAL,8,0,71,False,1,BRIGHT,FOG,8,47,True,True,0,SAFE,SAFE,SAFE,10,0,100,False,1,8,0,12,100,47,False,True,True,False,True,False
54.65,47.37,3851,3,12,1,12.0,90.0,31081.6,79.8,999.0,True,0.0,20.0,0,10,0,False,False,0,WET,NORMAL,8,0,71,False,1,BRIGHT,FOG,8,47,True,True,0,SAFE,SAFE,SAFE,10,0,100,False,1,8,0,12,100,47,False,True,True,False,True,False
54.7,47.3,3846,3,12,1,12.0,90.0,31081.6,79.9,999.0,True,0.0,20.0,0,10,0,False,False,0,WET,NORMAL,8,0,71,False,1,BRIGHT,FOG,8,47,True,True,0,SAFE,SAFE,SAFE,10,0,100,False,1,8,0,12,100,47,False,True,True,False,True,False
54.75,47.12,3831,3,12,1,12.0,90.0,31081.6,80.2,999.0,True,0.0,20.0,0,10,0,False,False,0,WET,NORMAL,8,0,72,False,1,BRIGHT,FOG,8,48,True,True,0,SAFE,SAFE,SAFE,10,0,100,False,1,8,0,12,100,48,False,True,True,False,True,False
54.8,46.99,3820,3,12,1,12.0,90.0,31081.6,79.8,999.0,True,0.0,20.0,0,10,0,False,False,0,WET,NORMAL,8,0,71,False,1,BRIGHT,FOG,8,47,True,True,0,SAFE,SAFE,SAFE,10,0,100,False,1,8,0,12,100,47,False,True,True,False,True,False
54.85,46.83,3808,3,12,1,12.0,90.0,31081.6,79.6,999.0,True,0.0,20.0,0,10,0,False,False,0,WET,NORMAL,8,0,71,False,1,BRIGHT,FOG,8,47,True,True,0,SAFE,SAFE,SAFE,10,0,100,False,1,8,0,12,100,47,False,True,True,False,True,False
54.9,46.84,3808,3,12,1,12.0,90.0,31081.6,79.6,999.0,True,0.0,20.0,0,10,0,False,False,0,WET,NORMAL,8,0,71,False,1,BRIGHT,FOG,8,47,True,True,0,SAFE,SAFE,SAFE,10,0,100,False,1,8,0,12,100,47,False,True,True,False,True,False
54.95,46.87,3810,3,12,1,12.0,90.0,31081.6,79.8,999.0,True,0.0,20.0,0,10,0,False,False,0,WET,NORMAL,8,0,71,False,1,BRIGHT,FOG,8,47,True,True,0,SAFE,SAFE,SAFE,10,0,100,False,1,8,0,12,100,47,False,True,True,False,True,False
55.0,47.03,3824,3,12,1,12.0,90.0,31081.6,80.0,999.0,True,0.0,20.0,0,10,0,False,False,0,WET,NORMAL,8,0,72,False,1,BRIGHT,FOG,8,48,True,True,0,SAFE,SAFE,SAFE,10,0,100,False,1,8,0,12,100,48,False,True,True,False,True,False
55.05,47.18,3836,3,12,1,12.0,90.0,31081.6,79.7,999.0,True,0.0,20.0,0,10,0,False,False,0,WET,NORMAL,8,0,71,False,1,BRIGHT,FOG,8,47,True,True,0,SAFE,SAFE,SAFE,10,0,100,False,1,8,0,12,100,47,False,True,True,False,True,False
55.1,47.4,3853,3,12,1,12.0,90.0,31081.6,79.6,999.0,True,0.0,20.0,0,10,0,False,False,0,WET,NORMAL,8,0,71,False,1,BRIGHT,FOG,8,47,True,True,0,SAFE,SAFE,SAFE,10,0,100,False,1,8,0,12,100,47,False,True,True,False,True,False
55.15,47.44,3857,3,12,1,12.0,90.0,31081.6,79.8,999.0,True,0.0,20.0,0,10,0,False,False,0,WET,NORMAL,8,0,71,False,1,BRIGHT,FOG,8,47,True,True,0,SAFE,SAFE,SAFE,10,0,100,False,1,8,0,12,100,47,False,True,True,False,True,False
55.2,47.43,3856,3,12,1,12.0,90.0,31081.6,80.0,999.0,True,0.0,20.0,0,10,0,False,False,0,WET,NORMAL,8,0,72,False,1,BRIGHT,FOG,8,48,True,True,0,SAFE,SAFE,SAFE,10,0,100,False,1,8,0,12,100,48,False,True,True,False,True,False
55.25,47.29,3845,3,12,1,12.0,90.0,31081.6,79.9,999.0,True,0.0,20.0,0,10,0,False,False,0,WET,NORMAL,8,0,71,False,1,BRIGHT,FOG,8,47,True,True,0,SAFE,SAFE,SAFE,10,0,100,False,1,8,0,12,100,47,False,True,True,False,True,False
55.3,47.2,3838,3,12,1,12.0,90.0,31081.6,79.6,999.0,True,0.0,20.0,0,10,0,False,False,0,WET,NORMAL,8,0,71,False,1,BRIGHT,FOG,8,47,True,True,0,SAFE,SAFE,SAFE,10,0,100,False,1,8,0,12,100,47,False,True,True,False,True,False
55.35,47.01,3822,3,12,1,12.0,90.0,31081.6,79.6,999.0,True,0.0,20.0,0,10,0,False,False,0,WET,NORMAL,8,0,71,False,1,BRIGHT,FOG,8,47,True,True,0,SAFE,SAFE,SAFE,10,0,100,False,1,8,0,12,100,47,False,True,True,False,True,False
55.4,46.87,3810,3,12,1,12.0,90.0,31081.6,79.6,999.0,True,0.0,20.0,0,10,0,False,False,0,WET,NORMAL,8,0,71,False,1,BRIGHT,FOG,8,47,True,True,0,SAFE,SAFE,SAFE,10,0,100,False,1,8,0,12,100,47,False,True,True,False,True,False
55.45,46.65,3793,3,12,1,12.0,90.0,31081.6,79.9,999.0,True,0.0,20.0,0,10,0,False,False,0,WET,NORMAL,8,0,71,False,1,BRIGHT,FOG,8,47,True,True,0,SAFE,SAFE,SAFE,10,0,100,False,1,8,0,12,100,47,False,True,True,False,True,False
55.5,46.56,3785,3,12,1,12.0,90.0,29330.8,79.7,999.0,True,0.0,20.0,0,10,0,False,False,0,WET,NORMAL,8,0,71,False,1,BRIGHT,FOG,8,47,True,True,0,SAFE,SAFE,SAFE,10,0,100,False,1,8,0,12,100,47,False,True,True,False,True,False
55.55,46.48,3779,3,12,1,12.0,90.0,29330.8,79.4,999.0,True,0.0,20.0,0,10,0,False,False,0,WET,NORMAL,8,0,71,False,1,BRIGHT,FOG,8,47,True,True,0,SAFE,SAFE,SAFE,10,0,100,False,1,8,0,12,100,47,False,True,True,False,True,False
55.6,46.57,3786,3,12,1,12.0,90.0,29330.8,79.4,999.0,True,0.0,20.0,0,10,0,False,False,0,WET,NORMAL,8,0,71,False,1,BRIGHT,FOG,8,47,True,True,0,SAFE,SAFE,SAFE,10,0,100,False,1,8,0,12,100,47,False,True,True,False,True,False
55.65,46.67,3794,3,12,1,12.0,90.0,29330.8,79.6,999.0,True,0.0,20.0,0,10,0,False,False,0,WET,NORMAL,8,0,71,False,1,BRIGHT,FOG,8,47,True,True,0,SAFE,SAFE,SAFE,10,0,100,False,1,8,0,12,100,47,False,True,True,False,True,False
55.7,46.88,3811,3,12,1,12.0,90.0,29330.8,80.0,999.0,True,0.0,20.0,0,10,0,False,False,0,WET,NORMAL,8,0,71,False,1,BRIGHT,FOG,8,47,True,True,0,SAFE,SAFE,SAFE,10,0,100,False,1,8,0,12,100,47,False,True,True,False,True,False
55.75,47.06,3826,3,12,1,12.0,90.0,29330.8,79.7,999.0,True,0.0,20.0,0,10,0,False,False,0,WET,NORMAL,8,0,71,False,1,BRIGHT,FOG,8,47,True,True,0,SAFE,SAFE,SAFE,10,0,100,False,1,8,0,12,100,47,False,True,True,False,True,False
55.8,47.3,3845,3,12,1,12.0,90.0,29330.8,79.6,999.0,True,0.0,20.0,0,10,0,False,False,0,WET,NORMAL,8,0,71,False,1,BRIGHT,FOG,8,47,True,True,0,SAFE,SAFE,SAFE,10,0,100,False,1,8,0,12,100,47,False,True,True,False,True,False
55.85,47.36,3850,3,12,1,12.0,90.0,29330.8,79.7,999.0,True,0.0,20.0,0,10,0,False,False,0,WET,NORMAL,8,0,71,False,1,BRIGHT,FOG,8,47,True,True,0,SAFE,SAFE,SAFE,10,0,100,False,1,8,0,12,100,47,False,True,True,False,True,False
55.9,47.35,3849,3,12,1,12.0,90.0,29330.8,80.0,999.0,True,0.0,20.0,0,10,0,False,False,0,WET,NORMAL,8,0,72,False,1,BRIGHT,FOG,8,48,True,True,0,SAFE,SAFE,SAFE,10,0,100,False,1,8,0,12,100,48,False,True,True,False,True,False
55.95,47.22,3839,3,12,1,12.0,90.0,29330.8,80.1,999.0,True,0.0,20.0,0,10,0,False,False,0,WET,NORMAL,8,0,72,False,1,BRIGHT,FOG,8,48,True,True,0,SAFE,SAFE,SAFE,10,0,100,False,1,8,0,12,100,48,False,True,True,False,True,False
56.0,47.17,3835,3,12,1,12.0,90.0,29330.8,79.8,999.0,True,0.0,20.0,0,10,0,False,False,0,WET,NORMAL,8,0,71,False,1,BRIGHT,FOG,8,47,True,True,0,SAFE,SAFE,SAFE,10,0,100,False,1,8,0,12,100,47,False,True,True,False,True,False
56.05,47.09,3828,3,12,1,12.0,90.0,29330.8,79.6,999.0,True,0.0,20.0,0,10,0,False,False,0,WET,NORMAL,8,0,71,False,1,BRIGHT,FOG,8,47,True,True,0,SAFE,SAFE,SAFE,10,0,100,False,1,8,0,12,100,47,False,True,True,False,True,False
56.1,47.03,3823,3,12,1,12.0,90.0,29330.8,79.7,999.0,True,0.0,20.0,0,10,0,False,False,0,WET,NORMAL,8,0,71,False,1,BRIGHT,FOG,8,47,True,True,0,SAFE,SAFE,SAFE,10,0,100,False,1,8,0,12,100,47,False,True,True,False,True,False
56.15,46.85,3809,3,12,1,12.0,90.0,29330.8,80.0,999.0,True,0.0,20.0,0,10,0,False,False,0,WET,NORMAL,8,0,71,False,1,BRIGHT,FOG,8,47,True,True,0,SAFE,SAFE,SAFE,10,0,100,False,1,8,0,12,100,47,False,True,True,False,True,False
56.2,46.72,3798,3,12,1,12.0,90.0,29330.8,79.9,999.0,True,0.0,20.0,0,10,0,False,False,0,WET,NORMAL,8,0,71,False,1,BRIGHT,FOG,8,47,True,True,0,SAFE,SAFE,SAFE,10,0,100,False,1,8,0,12,100,47,False,True,True,False,True,False
56.25,46.57,3786,3,12,1,12.0,90.0,29330.8,79.6,999.0,True,0.0,20.0,0,10,0,False,False,0,WET,NORMAL,8,0,71,False,1,BRIGHT,FOG,8,47,True,True,0,SAFE,SAFE,SAFE,10,0,100,False,1,8,0,12,100,47,False,True,True,False,True,False
56.3,46.57,3786,3,12,1,12.0,90.0,29330.8,79.5,999.0,True,0.0,20.0,0,10,0,False,False,0,WET,NORMAL,8,0,71,False,1,BRIGHT,FOG,8,47,True,True,0,SAFE,SAFE,SAFE,10,0,100,False,1,8,0,12,100,47,False,True,True,False,True,False
56.35,46.6,3789,3,12,1,12.0,90.0,29330.8,79.6,999.0,True,0.0,20.0,0,10,0,False,False,0,WET,NORMAL,8,0,71,False,1,BRIGHT,FOG,8,47,True,True,0,SAFE,SAFE,SAFE,10,0,100,False,1,8,0,12,100,47,False,True,True,False,True,False
56.4,46.77,3802,3,12,1,12.0,90.0,29330.8,79.9,999.0,True,0.0,20.0,0,10,0,False,False,0,WET,NORMAL,8,0,71,False,1,BRIGHT,FOG,8,47,True,True,0,SAFE,SAFE,SAFE,10,0,100,False,1,8,0,12,100,47,False,True,True,False,True,False
56.45,46.91,3814,3,12,1,12.0,90.0,29330.8,79.8,999.0,True,0.0,20.0,0,10,0,False,False,0,WET,NORMAL,8,0,71,False,1,BRIGHT,FOG,8,47,True,True,0,SAFE,SAFE,SAFE,10,0,100,False,1,8,0,12,100,47,False,True,True,False,True,False
56.5,47.16,3834,3,12,1,12.0,90.0,29330.8,79.7,999.0,True,0.0,20.0,0,10,0,False,False,0,WET,NORMAL,8,0,71,False,1,BRIGHT,FOG,8,47,True,True,0,SAFE,SAFE,SAFE,10,0,100,False,1,8,0,12,100,47,False,True,True,False,True,False
56.55,47.34,3849,3,12,1,12.0,90.0,29330.8,79.7,999.0,True,0.0,20.0,0,10,0,False,False,0,WET,NORMAL,8,0,71,False,1,BRIGHT,FOG,8,47,True,True,0,SAFE,SAFE,SAFE,10,0,100,False,1,8,0,12,100,47,False,True,True,False,True,False
56.6,47.46,3858,3,12,1,12.0,90.0,29330.8,80.0,999.0,True,0.0,20.0,0,10,0,False,False,0,WET,NORMAL,8,0,71,False,1,BRIGHT,FOG,8,47,True,True,0,SAFE,SAFE,SAFE,10,0,100,False,1,8,0,12,100,47,False,True,True,False,True,False
56.65,47.39,3853,3,12,1,12.0,90.0,29330.8,80.2,999.0,True,0.0,20.0,0,10,0,False,False,0,WET,NORMAL,8,0,72,False,1,BRIGHT,FOG,8,48,True,True,0,SAFE,SAFE,SAFE,10,0,100,False,1,8,0,12,100,48,False,True,True,False,True,False
56.7,47.32,3847,3,12,1,12.0,90.0,29330.8,79.9,999.0,True,0.0,20.0,0,10,0,False,False,0,WET,NORMAL,8,0,71,False,1,BRIGHT,FOG,8,47,True,True,0,SAFE,SAFE,SAFE,10,0,100,False,1,8,0,12,100,47,False,True,True,False,True,False
56.75,47.17,3835,3,12,1,12.0,90.0,29330.8,79.7,999.0,True,0.0,20.0,0,10,0,False,False,0,WET,NORMAL,8,0,71,False,1,BRIGHT,FOG,8,47,True,True,0,SAFE,SAFE,SAFE,10,0,100,False,1,8,0,12,100,47,False,True,True,False,True,False
56.8,47.05,3825,3,12,1,12.0,90.0,29330.8,79.7,999.0,True,0.0,20.0,0,10,0,False,False,0,WET,NORMAL,8,0,71,False,1,BRIGHT,FOG,8,47,True,True,0,SAFE,SAFE,SAFE,10,0,100,False,1,8,0,12,100,47,False,True,True,False,True,False
56.85,46.84,3808,3,12,1,12.0,90.0,29330.8,79.9,999.0,True,0.0,20.0,0,10,0,False,False,0,WET,NORMAL,8,0,71,False,1,BRIGHT,FOG,8,47,True,True,0,SAFE,SAFE,SAFE,10,0,100,False,1,8,0,12,100,47,False,True,True,False,True,False
56.9,46.69,3796,3,12,1,12.0,90.0,29330.8,80.0,999.0,True,0.0,20.0,0,10,0,False,False,0,WET,NORMAL,8,0,71,False,1,BRIGHT,FOG,8,47,True,True,0,SAFE,SAFE,SAFE,10,0,100,False,1,8,0,12,100,47,False,True,True,False,True,False
56.95,46.53,3783,3,12,1,12.0,90.0,29330.8,79.6,999.0,True,0.0,20.0,0,10,0,False,False,0,WET,NORMAL,8,0,71,False,1,BRIGHT,FOG,8,47,True,True,0,SAFE,SAFE,SAFE,10,0,100,False,1,8,0,12,100,47,False,True,True,False,True,False
57.0,46.52,3782,3,12,1,12.0,90.0,27562.7,79.5,999.0,True,0.0,20.0,0,10,0,False,False,0,WET,NORMAL,8,0,71,False,1,BRIGHT,FOG,8,47,True,True,0,SAFE,SAFE,SAFE,10,0,100,False,1,8,0,12,100,47,False,True,True,False,True,False
57.05,46.55,3784,3,12,1,12.0,90.0,27562.7,79.5,999.0,True,0.0,20.0,0,10,0,False,False,0,WET,NORMAL,8,0,71,False,1,BRIGHT,FOG,8,47,True,True,0,SAFE,SAFE,SAFE,10,0,100,False,1,8,0,12,100,47,False,True,True,False,True,False
57.1,46.71,3797,3,12,1,12.0,90.0,27562.7,79.8,999.0,True,0.0,20.0,0,10,0,False,False,0,WET,NORMAL,8,0,71,False,1,BRIGHT,FOG,8,47,True,True,0,SAFE,SAFE,SAFE,10,0,100,False,1,8,0,12,100,47,False,True,True,False,True,False
57.15,46.85,3809,3,12,1,12.0,90.0,27562.7,79.9,999.0,True,0.0,20.0,0,10,0,False,False,0,WET,NORMAL,8,0,71,False,1,BRIGHT,FOG,8,47,True,True,0,SAFE,SAFE,SAFE,10,0,100,False,1,8,0,12,100,47,False,True,True,False,True,False
57.2,47.1,3829,3,12,1,12.0,90.0,27562.7,79.7,999.0,True,0.0,20.0,0,10,0,False,False,0,WET,NORMAL,8,0,71,False,1,BRIGHT,FOG,8,47,True,True,0,SAFE,SAFE,SAFE,10,0,100,False,1,8,0,12,100,47,False,True,True,False,True,False
57.25,47.27,3843,3,12,1,12.0,90.0,27562.7,79.7,999.0,True,0.0,20.0,0,10,0,False,False,0,WET,NORMAL,8,0,71,False,1,BRIGHT,FOG,8,47,True,True,0,SAFE,SAFE,SAFE,10,0,100,False,1,8,0,12,100,47,False,True,True,False,True,False
57.3,47.39,3853,3,12,1,12.0,90.0,27562.7,79.9,999.0,True,0.0,20.0,0,10,0,False,False,0,WET,NORMAL,8,0,71,False,1,BRIGHT,FOG,8,47,True,True,0,SAFE,SAFE,SAFE,10,0,100,False,1,8,0,12,100,47,False,True,True,False,True,False
57.35,47.32,3847,3,12,1,12.0,90.0,27562.7,80.3,999.0,True,0.0,20.0,0,10,0,False,False,0,WET,NORMAL,8,0,72,False,1,BRIGHT,FOG,8,48,True,True,0,SAFE,SAFE,SAFE,10,0,100,False,1,8,0,12,100,48,False,True,True,False,True,False
57.4,47.26,3842,3,12,1,12.0,90.0,27562.7,79.9,999.0,True,0.0,20.0,0,10,0,False,False,0,WET,NORMAL,8,0,71,False,1,BRIGHT,FOG,8,47,True,True,0,SAFE,SAFE,SAFE,10,0,100,False,1,8,0,12,100,47,False,True,True,False,True,False
57.45,47.11,3830,3,12,1,12.0,90.0,27562.7,79.7,999.0,True,0.0,20.0,0,10,0,False,False,0,WET,NORMAL,8,0,71,False,1,BRIGHT,FOG,8,47,True,True,0,SAFE,SAFE,SAFE,10,0,100,False,1,8,0,12,100,47,False,True,True,False,True,False
57.5,46.99,3820,3,12,1,12.0,90.0,27562.7,79.7,999.0,True,0.0,20.0,0,10,0,False,False,0,WET,NORMAL,8,0,71,False,1,BRIGHT,FOG,8,47,True,True,0,SAFE,SAFE,SAFE,10,0,100,False,1,8,0,12,100,47,False,True,True,False,True,False
57.55,46.78,3804,3,12,1,12.0,90.0,27562.7,79.8,999.0,True,0.0,20.0,0,10,0,False,False,0,WET,NORMAL,8,0,71,False,1,BRIGHT,FOG,8,47,True,True,0,SAFE,SAFE,SAFE,10,0,100,False,1,8,0,12,100,47,False,True,True,False,True,False
57.6,46.7,3797,3,12,1,12.0,90.0,27562.7,80.0,999.0,True,0.0,20.0,0,10,0,False,False,0,WET,NORMAL,8,0,72,False,1,BRIGHT,FOG,8,48,True,True,0,SAFE,SAFE,SAFE,10,0,100,False,1,8,0,12,100,48,False,True,True,False,True,False
57.65,46.63,3791,3,12,1,12.0,90.0,27562.7,79.7,999.0,True,0.0,20.0,0,10,0,False,False,0,WET,NORMAL,8,0,71,False,1,BRIGHT,FOG,8,47,True,True,0,SAFE,SAFE,SAFE,10,0,100,False,1,8,0,12,100,47,False,True,True,False,True,False
57.7,46.73,3799,3,12,1,12.0,90.0,27562.7,79.5,999.0,True,0.0,20.0,0,10,0,False,False,0,WET,NORMAL,8,0,71,False,1,BRIGHT,FOG,8,47,True,True,0,SAFE,SAFE,SAFE,10,0,100,False,1,8,0,12,100,47,False,True,True,False,True,False
57.75,46.82,3807,3,12,1,12.0,90.0,27562.7,79.6,999.0,True,0.0,20.0,0,10,0,False,False,0,WET,NORMAL,8,0,71,False,1,BRIGHT,FOG,8,47,True,True,0,SAFE,SAFE,SAFE,10,0,100,False,1,8,0,12,100,47,False,True,True,False,True,False
57.8,47.04,3824,3,12,1,12.0,90.0,27562.7,79.8,999.0,True,0.0,20.0,0,10,0,False,False,0,WET,NORMAL,8,0,71,False,1,BRIGHT,FOG,8,47,True,True,0,SAFE,SAFE,SAFE,10,0,100,False,1,8,0,12,100,47,False,True,True,False,True,False
57.85,47.19,3836,3,12,1,12.0,90.0,27562.7,80.0,999.0,True,0.0,20.0,0,10,0,False,False,0,WET,NORMAL,8,0,71,False,1,BRIGHT,FOG,8,47,True,True,0,SAFE,SAFE,SAFE,10,0,100,False,1,8,0,12,100,47,False,True,True,False,True,False
57.9,47.3,3845,3,12,1,12.0,90.0,27562.7,79.7,999.0,True,0.0,20.0,0,10,0,False,False,0,WET,NORMAL,8,0,71,False,1,BRIGHT,FOG,8,47,True,True,0,SAFE,SAFE,SAFE,10,0,100,False,1,8,0,12,100,47,False,True,True,False,True,False
57.95,47.22,3839,3,12,1,12.0,90.0,27562.7,79.7,999.0,True,0.0,20.0,0,10,0,False,False,0,WET,NORMAL,8,0,71,False,1,BRIGHT,FOG,8,47,True,True,0,SAFE,SAFE,SAFE,10,0,100,False,1,8,0,12,100,47,False,True,True,False,True,False
58.0,47.13,3832,3,12,1,12.0,90.0,27562.7,79.8,999.0,True,0.0,20.0,0,10,0,False,False,0,WET,NORMAL,8,0,71,False,1,BRIGHT,FOG,8,47,True,True,0,SAFE,SAFE,SAFE,10,0,100,False,1,8,0,12,100,47,False,True,True,False,True,False
58.05,46.94,3816,3,12,1,12.0,90.0,27562.7,80.1,999.0,True,0.0,20.0,0,10,0,False,False,0,WET,NORMAL,8,0,72,False,1,BRIGHT,FOG,8,48,True,True,0,SAFE,SAFE,SAFE,10,0,100,False,1,8,0,12,100,48,False,True,True,False,True,False
58.1,46.81,3806,3,12,1,12.0,90.0,27562.7,79.9,999.0,True,0.0,20.0,0,10,0,False,False,0,WET,NORMAL,8,0,71,False,1,BRIGHT,FOG,8,47,True,True,0,SAFE,SAFE,SAFE,10,0,100,False,1,8,0,12,100,47,False,True,True,False,True,False
58.15,46.65,3793,3,12,1,12.0,90.0,27562.7,79.6,999.0,True,0.0,20.0,0,10,0,False,False,0,WET,NORMAL,8,0,71,False,1,BRIGHT,FOG,8,47,True,True,0,SAFE,SAFE,SAFE,10,0,100,False,1,8,0,12,100,47,False,True,True,False,True,False
58.2,46.65,3793,3,12,1,12.0,90.0,27562.7,79.5,999.0,True,0.0,20.0,0,10,0,False,False,0,WET,NORMAL,8,0,71,False,1,BRIGHT,FOG,8,47,True,True,0,SAFE,SAFE,SAFE,10,0,100,False,1,8,0,12,100,47,False,True,True,False,True,False
58.25,46.68,3795,3,12,1,12.0,90.0,27562.7,79.6,999.0,True,0.0,20.0,0,10,0,False,False,0,WET,NORMAL,8,0,71,False,1,BRIGHT,FOG,8,47,True,True,0,SAFE,SAFE,SAFE,10,0,100,False,1,8,0,12,100,47,False,True,True,False,True,False
58.3,46.85,3808,3,12,1,12.0,90.0,27562.7,80.0,999.0,True,0.0,20.0,0,10,0,False,False,0,WET,NORMAL,8,0,71,False,1,BRIGHT,FOG,8,47,True,True,0,SAFE,SAFE,SAFE,10,0,100,False,1,8,0,12,100,47,False,True,True,False,True,False
58.35,46.99,3820,3,12,1,12.0,90.0,27562.7,79.8,999.0,True,0.0,20.0,0,10,0,False,False,0,WET,NORMAL,8,0,71,False,1,BRIGHT,FOG,8,47,True,True,0,SAFE,SAFE,SAFE,10,0,100,False,1,8,0,12,100,47,False,True,True,False,True,False
58.4,47.24,3840,3,12,1,12.0,90.0,27562.7,79.6,999.0,True,0.0,20.0,0,10,0,False,False,0,WET,NORMAL,8,0,71,False,1,BRIGHT,FOG,8,47,True,True,0,SAFE,SAFE,SAFE,10,0,100,False,1,8,0,12,100,47,False,True,True,False,True,False
58.45,47.42,3855,3,12,1,12.0,90.0,27562.7,79.7,999.0,True,0.0,20.0,0,10,0,False,False,0,WET,NORMAL,8,0,71,False,1,BRIGHT,FOG,8,47,True,True,0,SAFE,SAFE,SAFE,10,0,100,False,1,8,0,12,100,47,False,True,True,False,True,False
58.5,47.54,3865,3,12,1,12.0,90.0,25792.5,80.0,999.0,True,0.0,20.0,0,10,0,False,False,0,WET,NORMAL,8,0,71,False,1,BRIGHT,FOG,8,47,True,True,0,SAFE,SAFE,SAFE,10,0,100,False,1,8,0,12,100,47,False,True,True,False,True,False
58.55,47.47,3859,3,12,1,12.0,90.0,25792.5,80.1,999.0,True,0.0,20.0,0,10,0,False,False,0,WET,NORMAL,8,0,72,False,1,BRIGHT,FOG,8,48,True,True,0,SAFE,SAFE,SAFE,10,0,100,False,1,8,0,12,100,48,False,True,True,False,True,False
58.6,47.4,3853,3,12,1,12.0,90.0,25792.5,79.8,999.0,True,0.0,20.0,0,10,0,False,False,0,WET,NORMAL,8,0,71,False,1,BRIGHT,FOG,8,47,True,True,0,SAFE,SAFE,SAFE,10,0,100,False,1,8,0,12,100,47,False,True,True,False,True,False
58.65,47.25,3841,3,12,1,12.0,90.0,25792.5,79.6,999.0,True,0.0,20.0,0,10,0,False,False,0,WET,NORMAL,8,0,71,False,1,BRIGHT,FOG,8,47,True,True,0,SAFE,SAFE,SAFE,10,0,100,False,1,8,0,12,100,47,False,True,True,False,True,False
58.7,47.13,3831,3,12,1,12.0,90.0,25792.5,79.7,999.0,True,0.0,20.0,0,10,0,False,False,0,WET,NORMAL,8,0,71,False,1,BRIGHT,FOG,8,47,True,True,0,SAFE,SAFE,SAFE,10,0,100,False,1,8,0,12,100,47,False,True,True,False,True,False
58.75,46.91,3814,3,12,1,12.0,90.0,25792.5,79.9,999.0,True,0.0,20.0,0,10,0,False,False,0,WET,NORMAL,8,0,71,False,1,BRIGHT,FOG,8,47,True,True,0,SAFE,SAFE,SAFE,10,0,100,False,1,8,0,12,100,47,False,True,True,False,True,False
58.8,46.77,3802,3,12,1,12.0,90.0,25792.5,79.8,999.0,True,0.0,20.0,0,10,0,False,False,0,WET,NORMAL,8,0,71,False,1,BRIGHT,FOG,8,47,True,True,0,SAFE,SAFE,SAFE,10,0,100,False,1,8,0,12,100,47,False,True,True,False,True,False
58.85,46.6,3789,3,12,1,12.0,90.0,25792.5,79.5,999.0,True,0.0,20.0,0,10,0,False,False,0,WET,NORMAL,8,0,71,False,1,BRIGHT,FOG,8,47,True,True,0,SAFE,SAFE,SAFE,10,0,100,False,1,8,0,12,100,47,False,True,True,False,True,False
58.9,46.6,3788,3,12,1,12.0,90.0,25792.5,79.4,999.0,True,0.0,20.0,0,10,0,False,False,0,WET,NORMAL,8,0,71,False,1,BRIGHT,FOG,8,47,True,True,0,SAFE,SAFE,SAFE,10,0,100,False,1,8,0,12,100,47,False,True,True,False,True,False
58.95,46.62,3790,3,12,1,12.0,90.0,25792.5,79.4,999.0,True,0.0,20.0,0,10,0,False,False,0,WET,NORMAL,8,0,71,False,1,BRIGHT,FOG,8,47,True,True,0,SAFE,SAFE,SAFE,10,0,100,False,1,8,0,12,100,47,False,True,True,False,True,False
59.0,46.78,3804,3,12,1,12.0,90.0,25792.5,79.8,999.0,True,0.0,20.0,0,10,0,False,False,0,WET,NORMAL,8,0,71,False,1,BRIGHT,FOG,8,47,True,True,0,SAFE,SAFE,SAFE,10,0,100,False,1,8,0,12,100,47,False,True,True,False,True,False
59.05,46.93,3815,3,12,1,12.0,90.0,25792.5,79.7,999.0,True,0.0,20.0,0,10,0,False,False,0,WET,NORMAL,8,0,71,False,1,BRIGHT,FOG,8,47,True,True,0,SAFE,SAFE,SAFE,10,0,100,False,1,8,0,12,100,47,False,True,True,False,True,False
59.1,47.17,3835,3,12,1,12.0,90.0,25792.5,79.5,999.0,True,0.0,20.0,0,10,0,False,False,0,WET,NORMAL,8,0,71,False,1,BRIGHT,FOG,8,47,True,True,0,SAFE,SAFE,SAFE,10,0,100,False,1,8,0,12,100,47,False,True,True,False,True,False
59.15,47.35,3850,3,12,1,12.0,90.0,25792.5,79.5,999.0,True,0.0,20.0,0,10,0,False,False,0,WET,NORMAL,8,0,71,False,1,BRIGHT,FOG,8,47,True,True,0,SAFE,SAFE,SAFE,10,0,100,False,1,8,0,12,100,47,False,True,True,False,True,False
59.2,47.47,3859,3,12,1,12.0,90.0,25792.5,79.7,999.0,True,0.0,20.0,0,10,0,False,False,0,WET,NORMAL,8,0,71,False,1,BRIGHT,FOG,8,47,True,True,0,SAFE,SAFE,SAFE,10,0,100,False,1,8,0,12,100,47,False,True,True,False,True,False
59.25,47.4,3854,3,12,1,12.0,90.0,25792.5,80.2,999.0,True,0.0,20.0,0,10,0,False,False,0,WET,NORMAL,8,0,72,False,1,BRIGHT,FOG,8,48,True,True,0,SAFE,SAFE,SAFE,10,0,100,False,1,8,0,12,100,48,False,True,True,False,True,False
59.3,47.33,3848,3,12,1,12.0,90.0,25792.5,79.8,999.0,True,0.0,20.0,0,10,0,False,False,0,WET,NORMAL,8,0,71,False,1,BRIGHT,FOG,8,47,True,True,0,SAFE,SAFE,SAFE,10,0,100,False,1,8,0,12,100,47,False,True,True,False,True,False
59.35,47.18,3836,3,12,1,12.0,90.0,25792.5,79.6,999.0,True,0.0,20.0,0,10,0,False,False,0,WET,NORMAL,8,0,71,False,1,BRIGHT,FOG,8,47,True,True,0,SAFE,SAFE,SAFE,10,0,100,False,1,8,0,12,100,47,False,True,True,False,True,False
59.4,47.06,3826,3,12,1,12.0,90.0,25792.5,79.6,999.0,True,0.0,20.0,0,10,0,False,False,0,WET,NORMAL,8,0,71,False,1,BRIGHT,FOG,8,47,True,True,0,SAFE,SAFE,SAFE,10,0,100,False,1,8,0,12,100,47,False,True,True,False,True,False
59.45,46.85,3808,3,12,1,12.0,90.0,25792.5,79.7,999.0,True,0.0,20.0,0,10,0,False,False,0,WET,NORMAL,8,0,71,False,1,BRIGHT,FOG,8,47,True,True,0,SAFE,SAFE,SAFE,10,0,100,False,1,8,0,12,100,47,False,True,True,False,True,False
59.5,46.7,3797,3,12,1,12.0,90.0,25792.5,80.0,999.0,True,0.0,20.0,0,10,0,False,False,0,WET,NORMAL,8,0,71,False,1,BRIGHT,FOG,8,47,True,True,0,SAFE,SAFE,SAFE,10,0,100,False,1,8,0,12,100,47,False,True,True,False,True,False
59.55,46.54,3783,3,12,1,12.0,90.0,25792.5,79.6,999.0,True,0.0,20.0,0,10,0,False,False,0,WET,NORMAL,8,0,71,False,1,BRIGHT,FOG,8,47,True,True,0,SAFE,SAFE,SAFE,10,0,100,False,1,8,0,12,100,47,False,True,True,False,True,False
59.6,46.53,3783,3,12,1,12.0,90.0,25792.5,79.4,999.0,True,0.0,20.0,0,10,0,False,False,0,WET,NORMAL,8,0,71,False,1,BRIGHT,FOG,8,47,True,True,0,SAFE,SAFE,SAFE,10,0,100,False,1,8,0,12,100,47,False,True,True,False,True,False
59.65,46.56,3785,3,12,1,12.0,90.0,25792.5,79.4,999.0,True,0.0,20.0,0,10,0,False,False,0,WET,NORMAL,8,0,71,False,1,BRIGHT,FOG,8,47,True,True,0,SAFE,SAFE,SAFE,10,0,100,False,1,8,0,12,100,47,False,True,True,False,True,False
59.7,46.72,3798,3,12,1,12.0,90.0,25792.5,79.6,999.0,True,0.0,20.0,0,10,0,False,False,0,WET,NORMAL,8,0,71,False,1,BRIGHT,FOG,8,47,True,True,0,SAFE,SAFE,SAFE,10,0,100,False,1,8,0,12,100,47,False,True,True,False,True,False
59.75,46.86,3810,3,12,1,12.0,90.0,25792.5,79.9,999.0,True,0.0,20.0,0,10,0,False,False,0,WET,NORMAL,8,0,71,False,1,BRIGHT,FOG,8,47,True,True,0,SAFE,SAFE,SAFE,10,0,100,False,1,8,0,12,100,47,False,True,True,False,True,False
59.8,47.11,3830,3,12,1,12.0,90.0,25792.5,79.7,999.0,True,0.0,20.0,0,10,0,False,False,0,WET,NORMAL,8,0,71,False,1,BRIGHT,FOG,8,47,True,True,0,SAFE,SAFE,SAFE,10,0,100,False,1,8,0,12,100,47,False,True,True,False,True,False
59.85,47.28,3844,3,12,1,12.0,90.0,25792.5,79.6,999.0,True,0.0,20.0,0,10,0,False,False,0,WET,NORMAL,8,0,71,False,1,BRIGHT,FOG,8,47,True,True,0,SAFE,SAFE,SAFE,10,0,100,False,1,8,0,12,100,47,False,True,True,False,True,False
59.9,47.4,3854,3,12,1,12.0,90.0,25792.5,79.8,999.0,True,0.0,20.0,0,10,0,False,False,0,WET,NORMAL,8,0,71,False,1,BRIGHT,FOG,8,47,True,True,0,SAFE,SAFE,SAFE,10,0,100,False,1,8,0,12,100,47,False,True,True,False,True,False
59.95,47.33,3848,3,12,1,12.0,90.0,25792.5,80.1,999.0,True,0.0,20.0,0,10,0,False,False,0,WET,NORMAL,8,0,72,False,1,BRIGHT,FOG,8,48,True,True,0,SAFE,SAFE,SAFE,10,0,100,False,1,8,0,12,100,48,False,True,True,False,True,False
60.0,47.27,3843,3,12,1,12.0,90.0,24017.6,80.0,999.0,True,0.0,20.0,0,10,0,False,False,0,WET,NORMAL,8,0,71,False,1,BRIGHT,FOG,8,47,True,True,0,SAFE,SAFE,SAFE,10,0,100,False,1,8,0,12,100,47,False,True,True,False,True,False
60.05,47.12,3831,3,12,2,15.0,85.0,14795.9,79.7,999.0,True,0.0,20.0,0,10,0,False,False,0,WET,NORMAL,8,0,71,False,0,DIM,RAIN,8,71,True,False,0,SAFE,SAFE,SAFE,10,0,100,False,0,8,0,12,100,71,False,True,False,False,True,False
60.1,47.01,3822,3,12,2,15.0,85.0,14795.9,79.6,999.0,True,0.0,20.0,0,10,0,False,False,0,WET,NORMAL,8,0,71,False,0,DIM,RAIN,8,71,True,False,0,SAFE,SAFE,SAFE,10,0,100,False,0,8,0,12,100,71,False,True,False,False,True,False
60.15,46.87,3810,3,12,2,15.0,85.0,14795.9,79.7,999.0,True,0.0,20.0,0,10,0,False,False,0,WET,NORMAL,8,0,71,False,0,DIM,RAIN,8,71,True,False,0,SAFE,SAFE,SAFE,10,0,100,False,0,8,0,12,100,71,False,True,False,False,True,False
60.2,46.88,3811,3,12,2,15.0,85.0,14795.9,80.0,999.0,True,0.0,20.0,0,10,0,False,False,0,WET,NORMAL,8,0,72,False,0,DIM,RAIN,8,72,True,False,0,SAFE,SAFE,SAFE,10,0,100,False,0,8,0,12,100,72,False,True,False,False,True,False
60.25,46.91,3814,3,12,2,15.0,85.0,14795.9,79.8,999.0,True,0.0,20.0,0,10,0,False,False,0,WET,NORMAL,8,0,71,False,0,DIM,RAIN,8,71,True,False,0,SAFE,SAFE,SAFE,10,0,100,False,0,8,0,12,100,71,False,True,False,False,True,False
60.3,47.08,3828,3,12,2,15.0,85.0,14795.9,79.6,999.0,True,0.0,20.0,0,10,0,False,False,0,WET,NORMAL,8,0,71,False,0,DIM,RAIN,8,71,True,False,0,SAFE,SAFE,SAFE,10,0,100,False,0,8,0,12,100,71,False,True,False,False,True,False
60.35,47.23,3840,3,12,2,15.0,85.0,14795.9,79.6,999.0,True,0.0,20.0,0,10,0,False,False,0,WET,NORMAL,8,0,71,False,0,DIM,RAIN,8,71,True,False,0,SAFE,SAFE,SAFE,10,0,100,False,0,8,0,12,100,71,False,True,False,False,True,False
60.4,47.48,3860,3,12,2,15.0,85.0,14795.9,79.8,999.0,True,0.0,20.0,0,10,0,False,False,0,WET,NORMAL,8,0,71,False,0,DIM,RAIN,8,71,True,False,0,SAFE,SAFE,SAFE,10,0,100,False,0,8,0,12,100,71,False,True,False,False,True,False
60.45,47.69,3878,3,12,2,15.0,85.0,14795.9,80.0,999.0,True,0.0,20.0,0,10,0,False,False,0,WET,NORMAL,8,0,72,False,0,DIM,RAIN,8,72,True,False,0,SAFE,SAFE,SAFE,10,0,100,False,0,8,0,12,100,72,False,True,False,False,True,False
60.5,47.98,3901,3,12,2,15.0,85.0,14795.9,79.8,999.0,True,0.0,20.0,0,10,0,False,False,0,WET,NORMAL,8,0,71,False,0,DIM,RAIN,8,71,True,False,0,SAFE,SAFE,SAFE,10,0,100,False,0,8,0,12,100,71,False,True,False,False,True,False
60.55,48.23,3921,3,12,2,15.0,85.0,14795.9,79.7,999.0,True,0.0,20.0,0,10,0,False,False,0,WET,NORMAL,8,0,71,False,0,DIM,RAIN,8,71,True,False,0,SAFE,SAFE,SAFE,10,0,100,False,0,8,0,12,100,71,False,True,False,False,True,False
60.6,48.54,3946,3,12,2,15.0,85.0,14795.9,79.8,999.0,True,0.0,20.0,0,10,0,False,False,0,WET,NORMAL,8,0,71,False,0,DIM,RAIN,8,71,True,False,0,SAFE,SAFE,SAFE,10,0,100,False,0,8,0,12,100,71,False,True,False,False,True,False
60.65,48.8,3967,3,12,2,15.0,85.0,14795.9,80.2,999.0,True,0.0,20.0,0,10,0,False,False,0,WET,NORMAL,8,0,72,False,0,DIM,RAIN,8,72,True,False,0,SAFE,SAFE,SAFE,10,0,100,False,0,8,0,12,100,72,False,True,False,False,True,False
60.7,49.12,3993,3,12,2,15.0,85.0,14795.9,79.8,999.0,True,0.0,20.0,0,10,0,False,False,0,WET,NORMAL,8,0,71,False,0,DIM,RAIN,8,71,True,False,0,SAFE,SAFE,SAFE,10,0,100,False,0,8,0,12,100,71,False,True,False,False,True,False
60.75,49.4,4016,3,12,2,15.0,85.0,14795.9,79.6,999.0,True,0.0,20.0,0,10,0,False,False,0,WET,NORMAL,8,0,71,False,0,DIM,RAIN,8,71,True,False,0,SAFE,SAFE,SAFE,10,0,100,False,0,8,0,12,100,71,False,True,False,False,True,False
60.8,49.72,4042,3,12,2,15.0,85.0,14795.9,79.7,999.0,True,0.0,20.0,0,10,0,False,False,0,WET,NORMAL,8,0,71,False,0,DIM,RAIN,8,71,True,False,0,SAFE,SAFE,SAFE,10,0,100,False,0,8,0,12,100,71,False,True,False,False,True,False
60.85,50.0,4065,3,12,2,15.0,85.0,14795.9,79.9,999.0,True,0.0,20.0,0,10,0,False,False,0,WET,NORMAL,8,0,71,False,0,DIM,RAIN,8,71,True,False,0,SAFE,SAFE,SAFE,10,0,100,False,0,8,0,12,100,71,False,True,False,False,True,False
60.9,50.32,4091,3,12,2,15.0,85.0,14795.9,79.5,999.0,True,0.0,20.0,0,10,0,False,False,0,WET,NORMAL,8,0,71,False,0,DIM,RAIN,8,71,True,False,0,SAFE,SAFE,SAFE,10,0,100,False,0,8,0,12,100,71,False,True,False,False,True,False
60.95,50.62,4116,3,12,2,15.0,85.0,14795.9,79.3,999.0,True,0.0,20.0,0,10,0,False,False,0,WET,NORMAL,8,0,71,False,0,DIM,RAIN,8,71,True,False,0,SAFE,SAFE,SAFE,10,0,100,False,0,8,0,12,100,71,False,True,False,False,True,False
61.0,50.94,4141,3,12,2,15.0,85.0,14795.9,79.3,999.0,True,0.0,20.0,0,10,0,False,False,0,WET,NORMAL,8,0,71,False,0,DIM,RAIN,8,71,True,False,0,SAFE,SAFE,SAFE,10,0,100,False,0,8,0,12,100,71,False,True,False,False,True,False
61.05,51.25,4167,3,12,2,15.0,85.0,14795.9,79.4,999.0,True,0.0,20.0,0,10,0,False,False,0,WET,NORMAL,8,0,71,False,0,DIM,RAIN,8,71,True,False,0,SAFE,SAFE,SAFE,10,0,100,False,0,8,0,12,100,71,False,True,False,False,True,False
61.1,51.57,4192,3,12,2,15.0,85.0,14795.9,79.0,999.0,True,0.0,20.0,0,10,0,False,False,0,WET,NORMAL,8,0,71,False,0,DIM,RAIN,8,71,True,False,0,SAFE,SAFE,SAFE,10,0,100,False,0,8,0,12,100,71,False,True,False,False,True,False
61.15,51.88,4218,3,12,2,15.0,85.0,14795.9,78.7,999.0,True,0.0,20.0,0,10,0,False,False,0,WET,NORMAL,8,0,70,False,0,DIM,RAIN,8,70,True,False,0,SAFE,SAFE,SAFE,10,0,100,False,0,8,0,12,100,70,False,True,False,False,True,False
61.2,52.2,4244,3,12,2,15.0,85.0,14795.9,78.6,999.0,True,0.0,20.0,0,10,0,False,False,0,WET,NORMAL,8,0,70,False,0,DIM,RAIN,8,70,True,False,0,SAFE,SAFE,SAFE,10,0,100,False,0,8,0,12,100,70,False,True,False,False,True,False
61.25,52.52,4270,3,12,2,15.0,85.0,14795.9,78.7,999.0,True,0.0,20.0,0,10,0,False,False,0,WET,NORMAL,8,0,70,False,0,DIM,RAIN,8,70,True,False,0,SAFE,SAFE,SAFE,10,0,100,False,0,8,0,12,100,70,False,True,False,False,True,False
61.3,52.84,4296,3,12,2,15.0,85.0,14795.9,78.2,999.0,True,0.0,20.0,0,10,0,False,False,0,WET,NORMAL,8,0,70,False,0,DIM,RAIN,8,70,True,False,0,SAFE,SAFE,SAFE,10,0,100,False,0,8,0,12,100,70,False,True,False,False,True,False
61.35,53.17,4323,3,12,2,15.0,85.0,14795.9,77.9,999.0,True,0.0,20.0,0,10,0,False,False,0,WET,NORMAL,8,0,70,False,0,DIM,RAIN,8,70,True,False,0,SAFE,SAFE,SAFE,10,0,100,False,0,8,0,12,100,70,False,True,False,False,True,False
61.4,53.5,4349,3,12,2,15.0,85.0,14795.9,77.8,999.0,True,0.0,20.0,0,10,0,False,False,0,WET,NORMAL,8,0,70,False,0,DIM,RAIN,8,70,True,False,0,SAFE,SAFE,SAFE,10,0,100,False,0,8,0,12,100,70,False,True,False,False,True,False
61.45,53.82,4376,3,12,2,15.0,85.0,14795.9,77.7,999.0,True,0.0,20.0,0,10,0,False,False,0,WET,NORMAL,8,0,69,False,0,DIM,RAIN,8,69,True,False,0,SAFE,SAFE,SAFE,10,0,100,False,0,8,0,12,100,69,False,True,False,False,True,False
61.5,54.15,4403,3,12,2,15.0,85.0,13706.5,77.2,999.0,True,0.0,20.0,0,10,0,False,False,0,WET,NORMAL,8,0,69,False,0,DIM,RAIN,8,69,True,False,0,SAFE,SAFE,SAFE,10,0,100,False,0,8,0,12,100,69,False,True,False,False,True,False
61.55,54.49,4430,3,12,2,15.0,85.0,13706.5,76.9,999.0,True,0.0,20.0,0,10,0,False,False,0,WET,NORMAL,8,0,69,False,0,DIM,RAIN,8,69,True,False,0,SAFE,SAFE,SAFE,10,0,100,False,0,8,0,12,100,69,False,True,False,False,True,False
61.6,54.82,4457,3,12,2,15.0,85.0,13706.5,76.8,999.0,True,0.0,20.0,0,10,0,False,False,0,WET,NORMAL,8,0,69,False,0,DIM,RAIN,8,69,True,False,0,SAFE,SAFE,SAFE,10,0,100,False,0,8,0,12,100,69,False,True,False,False,True,False
61.65,55.16,4484,3,12,2,15.0,85.0,13706.5,76.5,999.0,True,0.0,20.0,0,10,0,False,False,0,WET,NORMAL,8,0,68,False,0,DIM,RAIN,8,68,True,False,0,SAFE,SAFE,SAFE,10,0,100,False,0,8,0,12,100,68,False,True,False,False,True,False
61.7,55.5,4512,3,12,2,15.0,85.0,13706.5,76.1,999.0,True,0.0,20.0,0,10,0,False,False,0,WET,NORMAL,8,0,68,False,0,DIM,RAIN,8,68,True,False,0,SAFE,SAFE,SAFE,10,0,100,False,0,8,0,12,100,68,False,True,False,False,True,False
61.75,55.84,4539,3,12,2,15.0,85.0,13706.5,75.8,999.0,True,0.0,20.0,0,10,0,False,False,0,WET,NORMAL,8,0,68,False,0,DIM,RAIN,8,68,True,False,0,SAFE,SAFE,SAFE,10,0,100,False,0,8,0,12,100,68,False,True,False,False,True,False
61.8,56.18,4567,3,12,2,15.0,85.0,13706.5,75.8,999.0,True,0.0,20.0,0,10,0,False,False,0,WET,NORMAL,8,0,68,False,0,DIM,RAIN,8,68,True,False,0,SAFE,SAFE,SAFE,10,0,100,False,0,8,0,12,100,68,False,True,False,False,True,False
61.85,56.52,4595,3,12,2,15.0,85.0,13706.5,75.3,999.0,True,0.0,20.0,0,10,0,False,False,0,WET,NORMAL,8,0,67,False,0,DIM,RAIN,8,67,True,False,0,SAFE,SAFE,SAFE,10,0,100,False,0,8,0,12,100,67,False,True,False,False,True,False
61.9,56.87,4623,3,12,2,15.0,85.0,13706.5,74.9,999.0,True,0.0,20.0,0,10,0,False,False,0,WET,NORMAL,8,0,67,False,0,DIM,RAIN,8,67,True,False,0,SAFE,SAFE,SAFE,10,0,100,False,0,8,0,12,100,67,False,True,False,False,True,False
61.95,57.22,4652,3,12,2,15.0,85.0,13706.5,74.8,999.0,True,0.0,20.0,0,10,0,False,False,0,WET,NORMAL,8,0,67,False,0,DIM,RAIN,8,67,True,False,0,SAFE,SAFE,SAFE,10,0,100,False,0,8,0,12,100,67,False,True,False,False,True,False
62.0,57.57,4680,3,12,2,15.0,85.0,13706.5,74.6,999.0,True,0.0,20.0,0,10,0,False,False,0,WET,NORMAL,8,0,67,False,0,DIM,RAIN,8,67,True,False,0,SAFE,SAFE,SAFE,10,0,100,False,0,8,0,12,100,67,False,True,False,False,True,False
62.05,57.92,4709,3,12,2,15.0,85.0,13706.5,74.1,999.0,True,0.0,20.0,0,10,0,False,False,0,WET,NORMAL,8,0,66,False,0,DIM,RAIN,8,66,True,False,0,SAFE,SAFE,SAFE,10,0,100,False,0,8,0,12,100,66,False,True,False,False,True,False
62.1,58.27,4738,3,12,2,15.0,85.0,13706.5,73.8,999.0,True,0.0,20.0,0,10,0,False,False,0,WET,NORMAL,8,0,66,False,0,DIM,RAIN,8,66,True,False,0,SAFE,SAFE,SAFE,10,0,100,False,0,8,0,12,100,66,False,True,False,False,True,False
62.15,58.63,4767,3,12,2,15.0,85.0,13706.5,73.8,999.0,True,0.0,20.0,0,10,0,False,False,0,WET,NORMAL,8,0,66,False,0,DIM,RAIN,8,66,True,False,0,SAFE,SAFE,SAFE,10,0,100,False,0,8,0,12,100,66,False,True,False,False,True,False
62.2,58.99,4796,3,12,2,15.0,85.0,13706.5,73.3,999.0,True,0.0,20.0,0,10,0,False,False,0,WET,NORMAL,8,0,65,False,0,DIM,RAIN,8,65,True,False,0,SAFE,SAFE,SAFE,10,0,100,False,0,8,0,12,100,65,False,True,False,False,True,False
62.25,59.35,4825,3,12,2,15.0,85.0,13706.5,72.9,999.0,True,0.0,20.0,0,10,0,False,False,0,WET,NORMAL,8,0,65,False,0,DIM,RAIN,8,65,True,False,0,SAFE,SAFE,SAFE,10,0,100,False,0,8,0,12,100,65,False,True,False,False,True,False
62.3,59.71,4855,3,12,2,15.0,85.0,13706.5,72.8,999.0,True,0.0,20.0,0,10,0,False,False,0,WET,NORMAL,8,0,65,False,0,DIM,RAIN,8,65,True,False,0,SAFE,SAFE,SAFE,10,0,100,False,0,8,0,12,100,65,False,True,False,False,True,False
62.35,60.08,4884,3,12,2,15.0,85.0,13706.5,72.5,999.0,True,0.0,20.0,0,10,0,False,False,0,WET,NORMAL,8,0,65,False,0,DIM,RAIN,8,65,True,False,0,SAFE,SAFE,SAFE,10,0,100,False,0,8,0,12,100,65,False,True,False,False,True,False
62.4,60.45,4914,3,12,2,15.0,85.0,13706.5,72.1,999.0,True,0.0,20.0,0,10,0,False,False,0,WET,NORMAL,8,0,64,False,0,DIM,RAIN,8,64,True,False,0,SAFE,SAFE,SAFE,10,0,100,False,0,8,0,12,100,64,False,True,False,False,True,False
62.45,60.81,4944,3,12,2,15.0,85.0,13706.5,71.8,118.54,False,16.89,6.72,0,10,0,False,False,0,WET,NORMAL,8,0,64,False,0,DIM,RAIN,8,64,True,False,0,SAFE,SAFE,SAFE,10,0,100,False,0,8,0,12,100,64,False,True,False,False,True,False
62.5,61.19,4975,3,12,2,15.0,85.0,13706.5,71.7,117.69,False,17.0,6.63,0,10,0,False,False,0,WET,NORMAL,8,0,64,False,0,DIM,RAIN,8,64,True,False,0,SAFE,SAFE,SAFE,10,0,100,False,0,8,0,12,100,64,False,True,False,False,True,False
62.55,61.56,5005,3,12,2,15.0,85.0,13706.5,71.2,117.02,False,17.1,6.55,0,10,0,False,False,0,WET,NORMAL,8,0,64,False,0,DIM,RAIN,8,64,True,False,0,SAFE,SAFE,SAFE,10,0,100,False,0,8,0,12,100,64,False,True,False,False,True,False
62.6,61.94,5035,3,12,2,15.0,85.0,13706.5,71.0,116.16,False,16.94,6.56,0,10,0,False,False,0,WET,NORMAL,8,0,63,False,0,DIM,RAIN,8,63,True,False,0,SAFE,SAFE,SAFE,10,0,100,False,0,8,0,12,100,63,False,True,False,False,True,False
62.65,62.31,5066,3,12,2,15.0,85.0,13706.5,70.9,115.33,False,16.37,6.74,0,10,0,False,False,0,WET,NORMAL,8,0,63,False,0,DIM,RAIN,8,63,True,False,0,SAFE,SAFE,SAFE,10,0,100,False,0,8,0,12,100,63,False,True,False,False,True,False
62.7,62.69,5097,3,12,2,15.0,85.0,13706.5,70.4,114.53,False,15.77,6.94,0,10,0,False,False,0,WET,NORMAL,8,0,63,False,0,DIM,RAIN,8,63,True,False,0,SAFE,SAFE,SAFE,10,0,100,False,0,8,0,12,100,63,False,True,False,False,True,False
62.75,63.08,5128,3,12,2,15.0,85.0,13706.5,70.1,113.76,False,15.27,7.12,0,10,0,False,False,0,WET,NORMAL,8,0,63,False,0,DIM,RAIN,8,63,True,False,0,SAFE,SAFE,SAFE,10,0,100,False,0,8,0,12,100,63,False,True,False,False,True,False
62.8,63.42,5156,3,12,2,15.0,85.0,13706.5,70.0,113.0,False,15.11,7.15,0,10,0,False,False,0,WET,NORMAL,0,0,62,False,0,DIM,RAIN,0,62,True,False,0,SAFE,SAFE,SAFE,10,0,100,False,0,0,0,12,100,62,False,True,False,False,True,False
62.85,63.52,5164,3,12,2,15.0,85.0,13706.5,69.6,112.24,False,15.04,7.13,0,10,0,False,False,0,WET,NORMAL,0,0,62,False,0,DIM,RAIN,0,62,True,False,0,SAFE,SAFE,SAFE,10,0,100,False,0,0,0,12,100,62,False,True,False,False,True,False
62.9,63.4,5155,3,12,2,15.0,85.0,13706.5,69.2,111.68,False,14.94,7.14,0,10,0,False,False,0,WET,NORMAL,0,0,62,False,0,DIM,RAIN,0,62,True,False,0,SAFE,SAFE,SAFE,10,0,100,False,0,0,0,12,100,62,False,True,False,False,True,False
62.95,63.18,5137,3,12,2,15.0,85.0,13706.5,68.8,110.94,False,14.81,7.15,0,10,0,False,False,0,WET,NORMAL,0,0,61,False,0,DIM,RAIN,0,61,True,False,0,SAFE,SAFE,SAFE,10,0,100,False,0,0,0,12,100,61,False,True,False,False,True,False
63.0,62.89,5113,3,12,2,15.0,85.0,12645.3,68.4,110.2,False,14.67,7.17,0,10,0,False,False,0,WET,NORMAL,0,0,61,False,0,DIM,RAIN,0,61,True,False,0,SAFE,SAFE,SAFE,10,0,100,False,0,0,0,12,100,61,False,True,False,False,True,False
63.05,62.56,5086,3,12,2,15.0,85.0,12645.3,67.8,109.47,False,14.53,7.19,0,10,0,False,False,0,WET,NORMAL,0,0,61,False,0,DIM,RAIN,0,61,True,False,0,SAFE,SAFE,SAFE,10,0,100,False,0,0,0,12,100,61,False,True,False,False,True,False
63.1,62.21,5058,3,12,2,15.0,85.0,12645.3,67.3,108.75,False,14.38,7.22,0,10,0,False,False,0,WET,NORMAL,0,0,60,False,0,DIM,RAIN,0,60,True,False,0,SAFE,SAFE,SAFE,10,0,100,False,0,0,0,12,100,60,False,True,False,False,True,False
63.15,61.85,5029,3,12,2,15.0,85.0,12645.3,67.0,108.04,False,14.23,7.24,0,10,0,False,False,0,WET,NORMAL,0,0,60,False,0,DIM,RAIN,0,60,True,False,0,SAFE,SAFE,SAFE,10,0,100,False,0,0,0,12,100,60,False,True,False,False,True,False
63.2,61.49,4999,3,12,2,15.0,85.0,12645.3,66.6,107.33,False,14.09,7.26,0,10,0,False,False,0,WET,NORMAL,0,0,59,False,0,DIM,RAIN,0,59,True,False,0,SAFE,SAFE,SAFE,10,0,100,False,0,0,0,12,100,59,False,True,False,False,True,False
63.25,61.12,4969,3,12,2,15.0,85.0,12645.3,66.2,106.82,False,13.95,7.3,0,10,0,False,False,0,WET,NORMAL,0,0,59,False,0,DIM,RAIN,0,59,True,False,0,SAFE,SAFE,SAFE,10,0,100,False,0,0,0,12,100,59,False,True,False,False,True,False
63.3,60.75,4939,3,12,2,15.0,85.0,12645.3,65.8,106.13,False,13.81,7.32,0,10,0,False,False,0,WET,NORMAL,0,0,59,False,0,DIM,RAIN,0,59,True,False,0,SAFE,SAFE,SAFE,10,0,100,False,0,0,0,12,100,59,False,True,False,False,True,False
63.35,60.38,4909,3,12,2,15.0,85.0,12645.3,65.6,105.44,False,13.68,7.34,0,10,0,False,False,0,WET,NORMAL,0,0,59,False,0,DIM,RAIN,0,59,True,False,0,SAFE,SAFE,SAFE,10,0,100,False,0,0,0,12,100,59,False,True,False,False,True,False
63.4,60.01,4879,3,12,2,15.0,85.0,12645.3,65.4,104.76,False,13.55,7.36,0,10,0,False,False,0,WET,NORMAL,0,0,58,False,0,DIM,RAIN,0,58,True,False,0,SAFE,SAFE,SAFE,10,0,100,False,0,0,0,12,100,58,False,True,False,False,True,False
63.45,59.65,4849,3,12,2,15.0,85.0,12645.3,65.1,104.09,False,13.42,7.38,0,10,0,False,False,0,WET,NORMAL,0,0,58,False,0,DIM,RAIN,0,58,True,False,0,SAFE,SAFE,SAFE,10,0,100,False,0,0,0,12,100,58,False,True,False,False,True,False
63.5,59.28,4820,3,12,2,15.0,85.0,12645.3,64.9,103.42,False,13.29,7.4,0,10,0,False,False,0,WET,NORMAL,0,0,58,False,0,DIM,RAIN,0,58,True,False,0,SAFE,SAFE,SAFE,10,0,100,False,0,0,0,12,100,58,False,True,False,False,True,False
63.55,58.92,4790,3,12,2,15.0,85.0,12645.3,64.9,102.76,False,13.17,7.42,0,10,0,False,False,0,WET,NORMAL,0,0,58,False,0,DIM,RAIN,0,58,True,False,0,SAFE,SAFE,SAFE,10,0,100,False,0,0,0,12,100,58,False,True,False,False,True,False
63.6,58.55,4761,3,12,2,15.0,85.0,12645.3,65.0,102.29,False,13.05,7.46,0,10,0,False,False,0,WET,NORMAL,0,0,58,False,0,DIM,RAIN,0,58,True,False,0,SAFE,SAFE,SAFE,10,0,100,False,0,0,0,12,100,58,False,True,False,False,True,False
63.65,58.19,4731,3,12,2,15.0,85.0,12645.3,64.8,101.64,False,12.93,7.47,0,10,0,False,False,0,WET,NORMAL,8,0,58,False,0,DIM,RAIN,8,58,True,False,0,SAFE,SAFE,SAFE,10,0,100,False,0,8,0,12,100,58,False,True,False,False,True,False
63.7,57.91,4708,3,12,2,15.0,85.0,12645.3,64.8,101.0,False,12.83,7.48,0,10,0,False,False,0,WET,NORMAL,8,0,58,False,0,DIM,RAIN,8,58,True,False,0,SAFE,SAFE,SAFE,10,0,100,False,0,8,0,12,100,58,False,True,False,False,True,False
63.75,57.65,4687,3,12,2,15.0,85.0,12645.3,64.9,100.36,False,12.75,7.48,0,10,0,False,False,0,WET,NORMAL,8,0,58,False,0,DIM,RAIN,8,58,True,False,0,SAFE,SAFE,SAFE,10,0,100,False,0,8,0,12,100,58,False,True,False,False,True,False
63.8,57.47,4672,3,12,2,15.0,85.0,12645.3,65.2,99.73,False,12.68,7.47,0,10,0,False,False,0,WET,NORMAL,8,0,58,False,0,DIM,RAIN,8,58,True,False,0,SAFE,SAFE,SAFE,10,0,100,False,0,8,0,12,100,58,False,True,False,False,True,False
63.85,57.4,4667,3,12,2,15.0,85.0,12645.3,65.3,99.09,False,12.65,7.44,0,10,0,False,False,0,WET,NORMAL,8,0,58,False,0,DIM,RAIN,8,58,True,False,0,SAFE,SAFE,SAFE,10,0,100,False,0,8,0,12,100,58,False,True,False,False,True,False
63.9,57.45,4671,3,12,2,15.0,85.0,12645.3,65.6,98.46,False,12.65,7.39,0,10,0,False,False,0,WET,NORMAL,8,0,59,False,0,DIM,RAIN,8,59,True,False,0,SAFE,SAFE,SAFE,10,0,100,False,0,8,0,12,100,59,False,True,False,False,True,False
63.95,57.59,4682,3,12,2,15.0,85.0,12645.3,66.0,97.83,False,12.68,7.32,0,10,0,False,False,0,WET,NORMAL,8,0,59,False,0,DIM,RAIN,8,59,True,False,0,SAFE,SAFE,SAFE,10,0,100,False,0,8,0,12,100,59,False,True,False,False,True,False
64.0,57.8,4699,3,12,2,15.0,85.0,12645.3,66.6,97.38,False,12.72,7.26,0,10,0,False,False,0,WET,NORMAL,8,0,59,False,0,DIM,RAIN,8,59,True,False,0,SAFE,SAFE,SAFE,10,0,100,False,0,8,0,12,100,59,False,True,False,False,True,False
64.05,58.05,4719,3,12,2,15.0,85.0,12645.3,67.0,96.75,False,12.78,7.18,0,10,0,False,False,0,WET,NORMAL,8,0,60,False,0,DIM,RAIN,8,60,True,False,0,SAFE,SAFE,SAFE,10,0,100,False,0,8,0,12,100,60,False,True,False,False,True,False
64.1,58.33,4742,3,12,2,15.0,85.0,12645.3,67.5,96.1,False,12.86,7.08,0,10,0,False,False,0,WET,NORMAL,8,0,60,False,0,DIM,RAIN,8,60,True,False,0,SAFE,SAFE,SAFE,10,0,100,False,0,8,0,12,100,60,False,True,False,False,True,False
64.15,58.63,4767,3,12,2,15.0,85.0,12645.3,68.1,95.46,False,12.96,6.98,0,10,0,False,False,0,WET,NORMAL,8,0,61,False,0,DIM,RAIN,8,61,True,False,0,SAFE,SAFE,SAFE,10,0,100,False,0,8,0,12,100,61,False,True,False,False,True,False
64.2,58.95,4793,3,12,2,15.0,85.0,12645.3,68.7,94.81,False,13.06,6.88,0,10,0,False,False,0,WET,NORMAL,8,0,61,False,0,DIM,RAIN,8,61,True,False,0,SAFE,SAFE,SAFE,10,0,100,False,0,8,0,12,100,61,False,True,False,False,True,False
64.25,59.29,4820,3,12,2,15.0,85.0,12645.3,69.1,94.15,False,13.16,6.77,0,10,0,False,False,0,WET,NORMAL,8,0,62,False,0,DIM,RAIN,8,62,True,False,0,SAFE,SAFE,SAFE,10,0,100,False,0,8,0,12,100,62,False,True,False,False,True,False
64.3,59.63,4848,3,12,2,15.0,85.0,12645.3,69.7,93.49,False,13.27,6.67,0,10,0,False,False,0,WET,NORMAL,8,0,62,False,0,DIM,RAIN,8,62,True,False,0,SAFE,SAFE,SAFE,10,0,100,False,0,8,0,12,100,62,False,True,False,False,True,False
64.35,59.98,4877,3,12,2,15.0,85.0,12645.3,70.3,92.82,False,13.38,6.57,0,10,0,False,False,0,WET,NORMAL,8,0,63,False,0,DIM,RAIN,8,63,True,False,0,SAFE,SAFE,SAFE,10,0,100,False,0,8,0,12,100,63,False,True,False,False,True,False
64.4,60.34,4906,3,12,2,15.0,85.0,12645.3,70.6,92.34,False,13.49,6.48,0,10,0,False,False,0,WET,NORMAL,8,0,63,False,0,DIM,RAIN,8,63,True,False,0,SAFE,SAFE,SAFE,10,0,100,False,0,8,0,12,100,63,False,True,False,False,True,False
64.45,60.7,4935,3,12,2,15.0,85.0,12645.3,71.0,91.67,False,13.6,6.37,0,10,0,False,False,0,WET,NORMAL,8,0,63,False,0,DIM,RAIN,8,63,True,False,0,SAFE,SAFE,SAFE,10,0,100,False,0,8,0,12,100,63,False,True,False,False,True,False
64.5,61.07,4965,3,12,2,15.0,85.0,11597.1,71.5,90.98,False,13.71,6.27,0,10,0,False,False,0,WET,NORMAL,8,0,64,False,0,DIM,RAIN,8,64,True,False,0,SAFE,SAFE,SAFE,10,0,100,False,0,8,0,12,100,64,False,True,False,False,True,False
64.55,61.44,4995,3,12,2,15.0,85.0,11597.1,71.8,90.29,False,13.82,6.17,0,10,0,False,False,0,WET,NORMAL,8,0,64,False,0,DIM,RAIN,8,64,True,False,0,SAFE,SAFE,SAFE,10,0,100,False,0,8,0,12,100,64,False,True,False,False,True,False
64.6,61.81,5025,3,12,2,15.0,85.0,11597.1,71.9,89.6,False,13.93,6.07,0,10,0,False,False,0,WET,NORMAL,8,0,64,False,0,DIM,RAIN,8,64,True,False,0,SAFE,SAFE,SAFE,10,0,100,False,0,8,0,12,100,64,False,True,False,False,True,False
64.65,62.19,5056,3,12,2,15.0,85.0,11597.1,72.2,88.9,False,13.99,6.0,0,10,0,False,False,0,WET,NORMAL,8,0,65,False,0,DIM,RAIN,8,65,True,False,0,SAFE,SAFE,SAFE,10,0,100,False,0,8,0,12,100,65,False,True,False,False,True,False
64.7,62.57,5087,3,12,2,15.0,85.0,11597.1,72.5,88.2,False,14.05,5.92,0,10,0,False,False,0,WET,NORMAL,8,0,65,False,0,DIM,RAIN,8,65,True,False,0,SAFE,SAFE,SAFE,10,0,100,False,0,8,0,12,100,65,False,True,False,False,True,False
64.75,62.95,5118,3,12,2,15.0,85.0,11597.1,72.5,87.68,False,14.1,5.87,0,10,0,False,False,0,WET,NORMAL,8,0,65,False,0,DIM,RAIN,8,65,True,False,0,SAFE,SAFE,SAFE,10,0,100,False,0,8,0,12,100,65,False,True,False,False,True,False
64.8,63.33,5149,3,12,2,15.0,85.0,11597.1,72.6,86.98,False,14.15,5.79,0,10,0,False,False,0,WET,NORMAL,8,0,65,False,0,DIM,RAIN,8,65,True,False,0,SAFE,SAFE,SAFE,10,0,100,False,0,8,0,12,100,65,False,True,False,False,True,False
64.85,63.72,5180,3,12,2,15.0,85.0,11597.1,72.7,86.27,False,14.21,5.72,0,10,0,False,False,0,WET,NORMAL,8,0,65,False,0,DIM,RAIN,8,65,True,False,0,SAFE,SAFE,SAFE,10,0,100,False,0,8,0,12,100,65,False,True,False,False,True,False
64.9,64.11,5212,3,12,2,15.0,85.0,11597.1,72.6,85.56,False,14.28,5.64,0,10,0,False,False,0,WET,NORMAL,8,0,65,False,0,DIM,RAIN,8,65,True,False,0,SAFE,SAFE,SAFE,10,0,100,False,0,8,0,12,100,65,False,True,False,False,True,False
64.95,64.5,5244,3,12,2,15.0,85.0,11597.1,72.5,84.84,False,14.35,5.56,0,10,0,False,False,0,WET,NORMAL,8,0,65,False,0,DIM,RAIN,8,65,True,False,0,SAFE,SAFE,SAFE,10,0,100,False,0,8,0,12,100,65,False,True,False,False,True,False
65.0,64.89,5276,3,12,2,15.0,85.0,11597.1,72.6,84.12,False,14.42,5.49,0,10,0,False,False,0,WET,NORMAL,8,0,65,False,0,DIM,RAIN,8,65,True,False,0,SAFE,SAFE,SAFE,10,0,100,False,0,8,0,12,100,65,False,True,False,False,True,False
65.05,65.29,5308,3,12,2,15.0,85.0,11597.1,72.3,83.4,False,14.5,5.41,0,10,0,False,False,0,WET,NORMAL,0,0,65,False,0,DIM,RAIN,0,65,True,False,0,SAFE,SAFE,SAFE,10,0,100,False,0,0,0,12,100,65,False,True,False,False,True,False
65.1,65.58,5331,3,12,2,15.0,85.0,11597.1,72.1,82.86,False,14.55,5.35,0,10,0,False,False,0,WET,NORMAL,0,0,64,False,0,DIM,RAIN,0,64,True,False,0,SAFE,SAFE,SAFE,10,0,100,False,0,0,0,12,100,64,False,True,False,False,True,False
65.15,65.66,5338,3,12,2,15.0,85.0,11597.1,72.0,82.13,False,14.54,5.3,0,10,0,False,False,0,WET,NORMAL,0,0,64,False,0,DIM,RAIN,0,64,True,False,0,SAFE,SAFE,SAFE,10,0,100,False,0,0,0,12,100,64,False,True,False,False,True,False
65.2,65.55,5329,3,12,2,15.0,85.0,11597.1,71.6,81.41,False,14.48,5.28,0,10,0,False,False,0,WET,NORMAL,0,0,64,False,0,DIM,RAIN,0,64,True,False,0,SAFE,SAFE,SAFE,10,0,100,False,0,0,0,12,100,64,False,True,False,False,True,False
65.25,65.32,5311,3,12,2,15.0,85.0,11597.1,71.1,80.69,False,14.39,5.26,0,10,0,False,False,0,WET,NORMAL,0,0,63,False,0,DIM,RAIN,0,63,True,False,0,SAFE,SAFE,SAFE,10,0,100,False,0,0,0,12,100,63,False,True,False,False,True,False
65.3,65.02,5286,3,12,2,15.0,85.0,11597.1,70.7,79.97,False,14.29,5.25,0,10,0,False,False,0,WET,NORMAL,0,0,63,False,0,DIM,RAIN,0,63,True,False,0,SAFE,SAFE,SAFE,10,0,100,False,0,0,0,12,100,63,False,True,False,False,True,False
65.35,64.69,5259,3,12,2,15.0,85.0,11597.1,70.2,79.26,False,14.17,5.24,0,10,0,False,False,0,WET,NORMAL,0,0,63,False,0,DIM,RAIN,0,63,True,False,0,SAFE,SAFE,SAFE,10,0,100,False,0,0,0,12,100,63,False,True,False,False,True,False
65.4,64.33,5230,3,12,2,15.0,85.0,11597.1,69.6,78.55,False,14.05,5.23,0,10,0,False,False,0,WET,NORMAL,0,0,62,False,0,DIM,RAIN,0,62,True,False,0,SAFE,SAFE,SAFE,10,0,100,False,0,0,0,12,100,62,False,True,False,False,True,False
65.45,63.96,5200,3,12,2,15.0,85.0,11597.1,69.1,78.04,False,13.93,5.24,0,10,0,False,False,0,WET,NORMAL,0,0,62,False,0,DIM,RAIN,0,62,True,False,0,SAFE,SAFE,SAFE,10,0,100,False,0,0,0,12,100,62,False,True,False,False,True,False
65.5,63.59,5170,3,12,2,15.0,85.0,11597.1,68.7,77.35,False,13.81,5.24,0,10,0,False,False,0,WET,NORMAL,0,0,61,False,0,DIM,RAIN,0,61,True,False,0,SAFE,SAFE,SAFE,10,0,100,False,0,0,0,12,100,61,False,True,False,False,True,False
65.55,63.21,5139,3,12,2,15.0,85.0,11597.1,68.3,76.66,False,13.69,5.23,0,10,0,False,False,0,WET,NORMAL,0,0,61,False,0,DIM,RAIN,0,61,True,False,0,SAFE,SAFE,SAFE,10,0,100,False,0,0,0,12,100,61,False,True,False,False,True,False
65.6,62.83,5108,3,12,2,15.0,85.0,11597.1,67.8,75.98,False,13.57,5.23,0,10,0,False,False,0,WET,NORMAL,0,0,60,False,0,DIM,RAIN,0,60,True,False,0,SAFE,SAFE,SAFE,10,0,100,False,0,0,0,12,100,60,False,True,False,False,True,False
65.65,62.45,5078,3,12,2,15.0,85.0,11597.1,67.4,75.31,False,13.45,5.23,0,10,0,False,False,0,WET,NORMAL,0,0,60,False,0,DIM,RAIN,0,60,True,False,0,SAFE,SAFE,SAFE,10,0,100,False,0,0,0,12,100,60,False,True,False,False,True,False
65.7,62.08,5047,3,12,2,15.0,85.0,11597.1,67.2,74.64,False,13.34,5.22,0,10,0,False,False,0,WET,NORMAL,0,0,60,False,0,DIM,RAIN,0,60,True,False,0,SAFE,SAFE,SAFE,10,0,100,False,0,0,0,12,100,60,False,True,False,False,True,False
65.75,61.7,5016,3,12,2,15.0,85.0,11597.1,66.9,73.98,False,13.22,5.22,0,10,0,False,False,0,WET,NORMAL,0,0,60,False,0,DIM,RAIN,0,60,True,False,0,SAFE,SAFE,SAFE,10,0,100,False,0,0,0,12,100,60,False,True,False,False,True,False
65.8,61.33,4986,3,12,2,15.0,85.0,11597.1,66.6,73.51,False,13.11,5.23,0,10,0,False,False,0,WET,NORMAL,0,0,59,False,0,DIM,RAIN,0,59,True,False,0,SAFE,SAFE,SAFE,10,0,100,False,0,0,0,12,100,59,False,True,False,False,True,False
65.85,60.95,4955,3,12,2,15.0,85.0,11597.1,66.4,72.86,False,12.99,5.22,0,10,0,False,False,0,WET,NORMAL,0,0,59,False,0,DIM,RAIN,0,59,True,False,0,SAFE,SAFE,SAFE,10,0,100,False,0,0,0,12,100,59,False,True,False,False,True,False
65.9,60.58,4925,3,12,2,15.0,85.0,11597.1,66.3,72.21,False,12.88,5.22,0,10,0,False,False,0,WET,NORMAL,0,0,59,False,0,DIM,RAIN,0,59,True,False,0,SAFE,SAFE,SAFE,10,0,100,False,0,0,0,12,100,59,False,True,False,False,True,False
65.95,60.21,4895,3,12,2,15.0,85.0,11597.1,66.2,71.57,False,12.77,5.21,0,10,0,False,False,0,WET,NORMAL,0,0,59,False,0,DIM,RAIN,0,59,True,False,0,SAFE,SAFE,SAFE,10,0,100,False,0,0,0,12,100,59,False,True,False,False,True,False
66.0,59.84,4865,3,12,2,15.0,85.0,10577.8,66.0,70.93,False,12.66,5.21,0,10,0,False,False,0,WET,NORMAL,0,0,59,False,0,DIM,RAIN,0,59,True,False,0,SAFE,SAFE,SAFE,10,0,100,False,0,0,0,12,100,59,False,True,False,False,True,False
66.05,59.48,4835,3,12,2,15.0,85.0,10577.8,65.9,70.31,False,12.55,5.2,0,10,0,False,False,0,WET,NORMAL,0,0,59,False,0,DIM,RAIN,0,59,True,False,0,SAFE,SAFE,SAFE,10,0,100,False,0,0,0,12,100,59,False,True,False,False,True,False
66.1,59.11,4806,3,12,2,15.0,85.0,10577.8,66.0,69.68,False,12.44,5.2,0,10,0,False,False,0,WET,NORMAL,8,0,59,False,0,DIM,RAIN,8,59,True,False,0,SAFE,SAFE,SAFE,10,0,100,False,0,8,0,12,100,59,False,True,False,False,True,False
66.15,58.82,4782,3,12,2,15.0,85.0,10577.8,66.1,69.25,False,12.38,5.19,0,10,0,False,False,0,WET,NORMAL,8,0,59,False,0,DIM,RAIN,8,59,True,False,0,SAFE,SAFE,SAFE,10,0,100,False,0,8,0,12,100,59,False,True,False,False,True,False
66.2,58.56,4761,3,12,2,15.0,85.0,10577.8,66.1,68.64,False,12.32,5.17,0,10,0,False,False,0,WET,NORMAL,8,0,59,False,0,DIM,RAIN,8,59,True,False,0,SAFE,SAFE,SAFE,10,0,100,False,0,8,0,12,100,59,False,True,False,False,True,False
66.25,58.37,4746,3,12,2,15.0,85.0,10577.8,66.2,68.02,False,12.28,5.13,0,10,0,False,False,0,WET,NORMAL,8,0,59,False,0,DIM,RAIN,8,59,True,False,0,SAFE,SAFE,SAFE,10,0,100,False,0,8,0,12,100,59,False,True,False,False,True,False
66.3,58.3,4740,3,12,2,15.0,85.0,10577.8,66.5,67.41,False,12.27,5.09,0,10,0,False,False,0,WET,NORMAL,8,0,59,False,0,DIM,RAIN,8,59,True,False,0,SAFE,SAFE,SAFE,10,0,100,False,0,8,0,12,100,59,False,True,False,False,True,False
66.35,58.36,4744,3,12,2,15.0,85.0,10577.8,66.9,66.79,False,12.3,5.02,0,10,0,False,False,0,WET,NORMAL,8,0,60,False,0,DIM,RAIN,8,60,True,False,0,SAFE,SAFE,SAFE,10,0,100,False,0,8,0,12,100,60,False,True,False,False,True,False
66.4,58.5,4756,3,12,2,15.0,85.0,10577.8,67.1,66.18,False,12.35,4.95,0,10,0,False,False,0,WET,NORMAL,8,0,60,False,0,DIM,RAIN,8,60,True,False,0,SAFE,SAFE,SAFE,10,0,100,False,0,8,0,12,100,60,False,True,False,False,True,False
66.45,58.71,4773,3,12,2,15.0,85.0,10577.8,67.5,65.56,False,12.42,4.87,0,10,0,False,False,0,WET,NORMAL,8,0,60,False,0,DIM,RAIN,8,60,True,False,0,SAFE,SAFE,SAFE,10,0,100,False,0,8,0,12,100,60,False,True,False,False,True,False
66.5,58.96,4793,3,12,2,15.0,85.0,10577.8,68.1,64.93,False,12.51,4.79,0,10,0,False,False,0,WET,NORMAL,8,0,61,False,0,DIM,RAIN,8,61,True,False,0,SAFE,SAFE,SAFE,10,0,100,False,0,8,0,12,100,61,False,True,False,False,True,False
66.55,59.25,4817,3,12,2,15.0,85.0,10577.8,68.6,64.5,False,12.6,4.72,0,10,0,False,False,0,WET,NORMAL,8,0,61,False,0,DIM,RAIN,8,61,True,False,0,SAFE,SAFE,SAFE,10,0,100,False,0,8,0,12,100,61,False,True,False,False,True,False
66.6,59.55,4842,3,12,2,15.0,85.0,10577.8,69.0,63.86,False,12.7,4.64,0,10,0,False,False,0,WET,NORMAL,8,0,62,False,0,DIM,RAIN,8,62,True,False,0,SAFE,SAFE,SAFE,10,0,100,False,0,8,0,12,100,62,False,True,False,False,True,False
66.65,59.88,4868,3,12,2,15.0,85.0,10577.8,69.6,63.23,False,12.8,4.55,0,10,0,False,False,0,WET,NORMAL,8,0,62,False,0,DIM,RAIN,8,62,True,False,0,SAFE,SAFE,SAFE,10,0,100,False,0,8,0,12,100,62,False,True,False,False,True,False
66.7,60.22,4896,3,12,2,15.0,85.0,10577.8,70.2,62.58,False,12.86,4.48,0,10,0,False,False,0,WET,NORMAL,8,0,63,False,0,DIM,RAIN,8,63,True,False,0,SAFE,SAFE,SAFE,10,0,100,False,0,8,0,12,100,63,False,True,False,False,True,False
66.75,60.57,4924,3,12,2,15.0,85.0,10577.8,70.5,61.94,False,12.91,4.41,0,10,0,False,False,0,WET,NORMAL,8,0,63,False,0,DIM,RAIN,8,63,True,False,0,SAFE,SAFE,SAFE,10,0,100,False,0,8,0,12,100,63,False,True,False,False,True,False
66.8,60.93,4953,3,12,2,15.0,85.0,10577.8,70.9,61.29,False,12.96,4.34,0,10,0,False,False,0,WET,NORMAL,8,0,63,False,0,DIM,RAIN,8,63,True,False,0,SAFE,SAFE,SAFE,10,0,100,False,0,8,0,12,100,63,False,True,False,False,True,False
66.85,61.29,4983,3,12,2,15.0,85.0,10577.8,71.5,60.64,False,13.01,4.28,0,10,0,False,False,0,WET,NORMAL,8,0,64,False,0,DIM,RAIN,8,64,True,False,0,SAFE,SAFE,SAFE,10,0,100,False,0,8,0,12,100,64,False,True,False,False,True,False
66.9,61.66,5013,3,12,2,15.0,85.0,10577.8,71.7,60.18,False,13.07,4.22,0,10,0,False,False,0,WET,NORMAL,8,0,64,False,0,DIM,RAIN,8,64,True,False,0,SAFE,SAFE,SAFE,10,0,100,False,0,8,0,12,100,64,False,True,False,False,True,False
66.95,62.03,5043,3,12,2,15.0,85.0,10577.8,72.0,59.53,False,13.13,4.15,0,10,0,False,False,0,WET,NORMAL,8,0,64,False,0,DIM,RAIN,8,64,True,False,0,SAFE,SAFE,SAFE,10,0,100,False,0,8,0,12,100,64,False,True,False,False,True,False
67.0,62.4,5074,3,12,2,15.0,85.0,10577.8,72.3,58.87,False,13.19,4.08,0,10,0,False,False,0,WET,NORMAL,8,0,65,False,0,DIM,RAIN,8,65,True,False,0,SAFE,SAFE,SAFE,10,0,100,False,0,8,0,12,100,65,False,True,False,False,True,False
67.05,62.78,5104,3,12,2,15.0,85.0,10577.8,72.5,58.21,False,13.26,4.01,0,10,0,False,False,0,WET,NORMAL,8,0,65,False,0,DIM,RAIN,8,65,True,False,0,SAFE,SAFE,SAFE,10,0,100,False,0,8,0,12,100,65,False,True,False,False,True,False
67.1,63.16,5135,3,12,2,15.0,85.0,10577.8,72.5,57.54,False,13.33,3.94,0,0,0,False,False,0,WET,NORMAL,8,0,65,False,0,DIM,RAIN,8,65,True,False,0,SAFE,SAFE,SAFE,10,0,100,False,0,0,0,12,100,65,False,True,False,False,True,False
67.15,63.44,5158,3,12,2,15.0,85.0,10577.8,72.7,56.87,False,13.38,3.88,0,0,0,False,False,0,WET,NORMAL,8,0,65,False,0,DIM,RAIN,8,65,True,False,0,SAFE,SAFE,SAFE,10,0,100,False,0,0,0,12,100,65,False,True,False,False,True,False
67.2,63.52,5164,3,12,2,15.0,85.0,10577.8,72.8,56.2,False,13.37,3.83,0,0,0,False,False,0,WET,NORMAL,8,0,65,False,0,DIM,RAIN,8,65,True,False,0,SAFE,SAFE,SAFE,10,0,100,False,0,0,0,12,100,65,False,True,False,False,True,False
67.25,63.41,5155,3,12,2,15.0,85.0,10577.8,72.5,55.73,False,13.31,3.81,0,0,0,False,False,0,WET,NORMAL,8,0,65,False,0,DIM,RAIN,8,65,True,False,0,SAFE,SAFE,SAFE,10,0,100,False,0,0,0,12,100,65,False,True,False,False,True,False
67.3,63.18,5137,3,12,2,15.0,85.0,10577.8,72.3,55.06,False,13.22,3.79,0,0,0,False,False,0,WET,NORMAL,8,0,65,False,0,DIM,RAIN,8,65,True,False,0,SAFE,SAFE,SAFE,10,0,100,False,0,0,0,12,100,65,False,True,False,False,True,False
67.35,62.89,5113,3,12,2,15.0,85.0,10577.8,72.1,54.41,False,13.12,3.77,0,0,0,False,False,0,WET,NORMAL,8,0,64,False,0,DIM,RAIN,8,64,True,False,0,SAFE,SAFE,SAFE,10,0,100,False,0,0,0,12,100,64,False,True,False,False,True,False
67.4,62.56,5087,3,12,2,15.0,85.0,10577.8,71.7,53.75,False,13.0,3.75,0,0,0,False,False,0,WET,NORMAL,8,0,64,False,0,DIM,RAIN,8,64,True,False,0,SAFE,SAFE,SAFE,10,0,100,False,0,0,0,12,100,64,False,True,False,False,True,False
67.45,62.22,5058,3,12,2,15.0,85.0,10577.8,71.2,53.11,False,12.89,3.73,0,0,0,False,False,0,WET,NORMAL,8,0,64,False,0,DIM,RAIN,8,64,True,False,0,SAFE,SAFE,SAFE,10,0,100,False,0,0,0,12,100,64,False,True,False,False,True,False
67.5,61.86,5029,3,12,2,15.0,85.0,9574.8,70.9,52.47,False,12.77,3.72,0,0,0,False,False,0,WET,NORMAL,8,0,63,False,0,DIM,RAIN,8,63,True,False,0,SAFE,SAFE,SAFE,10,0,100,False,0,0,0,12,100,63,False,True,False,False,True,False
67.55,61.49,5000,3,12,2,15.0,85.0,9574.8,70.7,51.83,False,12.65,3.7,0,0,0,False,False,0,WET,NORMAL,8,0,63,False,0,DIM,RAIN,8,63,True,False,0,SAFE,SAFE,SAFE,10,0,100,False,0,0,0,12,100,63,False,True,False,False,True,False
67.6,61.13,4970,3,12,2,15.0,85.0,9574.8,70.3,51.32,False,12.53,3.7,0,0,0,False,False,0,WET,NORMAL,8,0,63,False,0,DIM,RAIN,8,63,True,False,0,SAFE,SAFE,SAFE,10,0,100,False,0,0,0,12,100,63,False,True,False,False,True,False
67.65,60.76,4940,3,12,2,15.0,85.0,9574.8,69.9,50.77,False,12.41,3.69,0,0,0,False,False,0,WET,NORMAL,8,0,62,False,0,DIM,RAIN,8,62,True,False,0,SAFE,SAFE,SAFE,10,0,100,False,0,0,0,12,100,62,False,True,False,False,True,False
67.7,60.39,4910,3,12,2,15.0,85.0,9574.8,69.6,50.15,False,12.3,3.67,0,0,0,False,False,0,WET,NORMAL,8,0,62,False,0,DIM,RAIN,8,62,True,False,0,SAFE,SAFE,SAFE,10,0,100,False,0,0,0,12,100,62,False,True,False,False,True,False
67.75,60.02,4880,3,12,2,15.0,85.0,9574.8,69.5,49.54,False,12.18,3.66,0,0,0,False,False,0,WET,NORMAL,8,0,62,False,0,DIM,RAIN,8,62,True,False,0,SAFE,SAFE,SAFE,10,0,100,False,0,0,0,12,100,62,False,True,False,False,True,False
67.8,59.66,4850,3,12,2,15.0,85.0,9574.8,69.3,48.94,False,12.07,3.64,0,0,0,False,False,0,WET,NORMAL,8,0,62,False,0,DIM,RAIN,8,62,True,False,0,SAFE,SAFE,SAFE,10,0,100,False,0,0,0,12,100,62,False,True,False,False,True,False
67.85,59.29,4821,3,12,2,15.0,85.0,9574.8,69.0,48.34,False,11.95,3.63,0,0,0,False,False,0,WET,NORMAL,8,0,62,False,0,DIM,RAIN,8,62,True,False,0,SAFE,SAFE,SAFE,10,0,100,False,0,0,0,12,100,62,False,True,False,False,True,False
67.9,58.93,4791,3,12,2,15.0,85.0,9574.8,68.9,47.74,False,11.84,3.61,0,0,0,False,False,0,WET,NORMAL,8,0,62,False,0,DIM,RAIN,8,62,True,False,0,SAFE,SAFE,SAFE,10,0,100,False,0,0,0,12,100,62,False,True,False,False,True,False
67.95,58.57,4762,3,12,2,15.0,85.0,9574.8,68.9,47.15,False,11.73,3.59,0,0,0,False,False,0,WET,NORMAL,8,0,62,False,0,DIM,RAIN,8,62,True,False,0,SAFE,SAFE,SAFE,10,0,100,False,0,0,0,12,100,62,False,True,False,False,True,False
68.0,58.21,4732,3,12,2,15.0,85.0,9574.8,68.9,46.76,False,11.62,3.59,0,0,0,False,False,0,WET,NORMAL,8,0,62,False,0,DIM,RAIN,8,62,True,False,0,SAFE,SAFE,SAFE,10,0,100,False,0,0,0,12,100,62,False,True,False,False,True,False
68.05,57.85,4703,3,12,2,15.0,85.0,9574.8,68.8,46.18,False,11.51,3.58,0,0,0,False,False,0,WET,NORMAL,8,0,61,False,0,DIM,RAIN,8,61,True,False,0,SAFE,SAFE,SAFE,10,0,100,False,0,0,0,12,100,61,False,True,False,False,True,False
68.1,57.5,4674,3,12,2,15.0,85.0,9574.8,68.7,45.61,False,11.41,3.56,0,0,0,False,False,0,WET,NORMAL,8,0,61,False,0,DIM,RAIN,8,61,True,False,0,SAFE,SAFE,SAFE,10,0,100,False,0,0,0,12,100,61,False,True,False,False,True,False
68.15,57.14,4646,3,12,2,15.0,85.0,9574.8,68.8,45.04,False,11.31,3.54,0,0,0,False,False,0,WET,NORMAL,8,0,61,False,0,DIM,RAIN,8,61,True,False,0,SAFE,SAFE,SAFE,10,0,100,False,0,0,0,12,100,61,False,True,False,False,True,False
68.2,56.79,4617,3,12,2,15.0,85.0,9574.8,69.1,44.48,False,11.23,3.51,0,0,0,False,False,0,WET,NORMAL,8,0,62,False,0,DIM,RAIN,8,62,True,False,0,SAFE,SAFE,SAFE,10,0,100,False,0,0,0,12,100,62,False,True,False,False,True,False
68.25,56.44,4588,3,12,2,15.0,85.0,9574.8,69.0,43.92,False,11.15,3.49,0,0,0,False,False,0,WET,NORMAL,8,0,62,False,0,DIM,RAIN,8,62,True,False,0,SAFE,SAFE,SAFE,10,0,100,False,0,0,0,12,100,62,False,True,False,False,True,False
68.3,56.09,4560,3,12,2,15.0,85.0,9574.8,69.1,43.36,False,11.07,3.47,0,0,0,False,False,0,WET,NORMAL,8,0,62,False,0,DIM,RAIN,8,62,True,False,0,SAFE,SAFE,SAFE,10,0,100,False,0,0,0,12,100,62,False,True,False,False,True,False
68.35,55.74,4532,3,12,2,15.0,85.0,9574.8,69.3,42.81,False,10.99,3.44,0,0,0,False,False,0,WET,NORMAL,8,0,62,False,0,DIM,RAIN,8,62,True,False,0,SAFE,SAFE,SAFE,10,0,100,False,0,0,0,12,100,62,False,True,False,False,True,False
68.4,55.39,4504,3,12,2,15.0,85.0,9574.8,69.6,42.46,False,10.91,3.43,0,0,0,False,False,0,WET,NORMAL,8,0,62,False,0,DIM,RAIN,8,62,True,False,0,SAFE,SAFE,SAFE,10,0,100,False,0,0,0,12,100,62,False,True,False,False,True,False
68.45,55.05,4476,3,12,2,15.0,85.0,9574.8,69.8,41.91,False,10.83,3.41,0,0,0,False,False,0,WET,NORMAL,8,0,62,False,0,DIM,RAIN,8,62,True,False,0,SAFE,SAFE,SAFE,10,0,100,False,0,0,0,12,100,62,False,True,False,False,True,False
68.5,54.71,4448,3,12,2,15.0,85.0,9574.8,70.1,41.37,False,10.75,3.38,0,0,0,False,False,0,WET,NORMAL,8,0,63,False,0,DIM,RAIN,8,63,True,False,0,SAFE,SAFE,SAFE,10,0,100,False,0,0,0,12,100,63,False,True,False,False,True,False
68.55,54.37,4420,3,12,2,15.0,85.0,9574.8,70.3,40.84,False,10.67,3.36,0,0,0,False,False,0,WET,NORMAL,8,0,63,False,0,DIM,RAIN,8,63,True,False,0,SAFE,SAFE,SAFE,10,0,100,False,0,0,0,12,100,63,False,True,False,False,True,False
68.6,54.03,4392,3,12,2,15.0,85.0,9574.8,70.7,40.31,False,10.59,3.33,0,0,0,False,False,0,WET,NORMAL,8,0,63,False,0,DIM,RAIN,8,63,True,False,0,SAFE,SAFE,SAFE,10,0,100,False,0,0,0,12,100,63,False,True,False,False,True,False
68.65,53.69,4365,3,12,2,15.0,85.0,9574.8,71.2,39.78,False,10.53,3.3,0,0,0,False,False,0,WET,NORMAL,8,0,64,False,0,DIM,RAIN,8,64,True,False,0,SAFE,SAFE,SAFE,10,0,100,False,0,0,0,12,100,64,False,True,False,False,True,False
68.7,53.35,4338,3,12,2,15.0,85.0,9574.8,71.5,39.26,False,10.45,3.28,0,0,0,False,False,0,WET,NORMAL,8,0,64,False,0,DIM,RAIN,8,64,True,False,0,SAFE,SAFE,SAFE,10,0,100,False,0,0,0,12,100,64,False,True,False,False,True,False
68.75,53.02,4310,3,12,2,15.0,85.0,9574.8,71.9,38.74,False,10.32,3.27,0,0,0,False,False,0,WET,NORMAL,8,0,64,False,0,DIM,RAIN,8,64,True,False,0,SAFE,SAFE,SAFE,10,0,100,False,0,0,0,12,100,64,False,True,False,False,True,False
68.8,52.69,4283,3,12,2,15.0,85.0,9574.8,72.4,38.41,False,10.19,3.28,0,0,0,False,False,0,WET,NORMAL,8,0,65,False,0,DIM,RAIN,8,65,True,False,0,SAFE,SAFE,SAFE,10,0,100,False,0,0,0,12,100,65,False,True,False,False,True,False
68.85,52.36,4257,3,12,2,15.0,85.0,9574.8,73.0,37.91,False,10.04,3.28,0,0,0,False,False,0,WET,NORMAL,8,0,65,False,0,DIM,RAIN,8,65,True,False,0,SAFE,SAFE,SAFE,10,0,100,False,0,0,0,12,100,65,False,True,False,False,True,False
68.9,52.03,4230,3,12,2,15.0,85.0,9574.8,74.1,37.41,False,9.9,3.27,0,0,0,False,False,0,WET,NORMAL,8,0,66,False,0,DIM,RAIN,8,66,True,False,0,SAFE,SAFE,SAFE,10,0,100,False,0,0,0,12,100,66,False,True,False,False,True,False
68.95,51.7,4203,3,12,2,15.0,85.0,9574.8,75.0,36.92,False,9.77,3.27,0,0,0,False,False,0,WET,NORMAL,8,0,67,False,0,DIM,RAIN,8,67,True,False,0,SAFE,SAFE,SAFE,10,0,100,False,0,0,0,12,100,67,False,True,False,False,True,False
69.0,51.37,4177,3,12,2,15.0,85.0,8533.5,76.1,36.43,False,9.63,3.26,0,0,0,False,False,0,WET,NORMAL,8,0,68,False,0,DIM,RAIN,8,68,True,False,0,SAFE,SAFE,SAFE,10,0,100,False,0,0,0,12,100,68,False,True,False,False,True,False
69.05,51.05,4150,3,12,2,15.0,85.0,8533.5,77.3,35.96,False,9.5,3.26,0,0,0,False,False,0,WET,NORMAL,8,0,69,False,0,DIM,RAIN,8,69,True,False,0,SAFE,SAFE,SAFE,10,0,100,False,0,0,0,12,100,69,False,True,False,False,True,False
69.1,50.73,4124,3,12,2,15.0,85.0,8533.5,78.7,35.48,False,9.38,3.25,0,0,0,False,False,0,WET,NORMAL,8,0,70,False,0,DIM,RAIN,8,70,True,False,0,SAFE,SAFE,SAFE,10,0,100,False,0,0,0,12,100,70,False,True,False,False,True,False
69.15,50.41,4098,3,12,2,15.0,85.0,8533.5,80.7,35.02,False,9.25,3.24,0,0,0,False,False,0,WET,NORMAL,8,0,72,False,0,DIM,RAIN,8,72,True,False,0,SAFE,SAFE,SAFE,10,0,100,False,0,0,0,12,100,72,False,True,False,False,True,False
69.2,50.09,4072,3,12,2,15.0,85.0,8533.5,82.5,34.56,False,9.13,3.24,0,0,0,False,False,0,WET,NORMAL,8,0,74,False,0,DIM,RAIN,8,74,True,False,0,SAFE,SAFE,SAFE,10,0,100,False,0,0,0,12,100,74,False,True,False,False,True,False
69.25,49.77,4046,3,12,2,15.0,85.0,8533.5,84.5,34.29,False,9.01,3.25,0,0,0,False,False,0,WET,NORMAL,8,0,76,False,0,DIM,RAIN,8,76,True,False,0,SAFE,SAFE,SAFE,10,0,100,False,0,0,0,12,100,76,False,True,False,False,True,False
69.3,49.46,4021,3,12,2,15.0,85.0,8533.5,86.7,33.85,False,8.89,3.24,0,0,0,False,False,0,WET,NORMAL,8,0,77,False,0,DIM,RAIN,8,77,True,False,0,SAFE,SAFE,SAFE,10,0,100,False,0,0,0,12,100,77,False,True,False,False,True,False
69.35,49.14,3995,3,12,2,15.0,85.0,8533.5,89.8,33.41,False,8.78,3.24,0,0,0,False,False,0,WET,NORMAL,8,0,80,False,0,DIM,RAIN,8,80,True,False,0,SAFE,SAFE,SAFE,10,0,100,False,0,0,0,12,100,80,False,True,False,False,True,False
69.4,48.83,3970,3,12,2,15.0,85.0,8533.5,92.6,32.97,False,8.67,3.23,0,0,0,False,False,0,WET,NORMAL,8,0,83,False,0,DIM,RAIN,8,83,True,False,0,SAFE,SAFE,SAFE,10,0,100,False,0,0,0,12,100,83,False,True,False,False,True,False
69.45,48.52,3945,3,12,2,15.0,85.0,8533.5,95.7,32.54,False,8.56,3.22,0,0,0,False,False,0,WET,NORMAL,8,0,86,False,0,DIM,RAIN,8,86,True,False,0,SAFE,SAFE,SAFE,10,0,100,False,0,0,0,12,100,86,False,True,False,False,True,False
69.5,48.21,3920,3,12,2,15.0,85.0,8533.5,99.0,32.12,False,8.45,3.21,0,0,0,False,False,0,WET,NORMAL,8,0,89,False,0,DIM,RAIN,8,89,True,False,0,SAFE,SAFE,SAFE,10,0,100,False,0,0,0,12,100,89,False,True,False,False,True,False
69.55,47.9,3895,3,12,2,15.0,85.0,8533.5,100,31.7,False,8.34,3.2,0,0,0,False,False,0,WET,NORMAL,8,0,90,False,0,DIM,RAIN,8,90,True,False,0,SAFE,SAFE,SAFE,10,0,100,False,0,0,0,12,100,90,False,True,False,False,True,False
69.6,47.6,3870,3,12,2,15.0,85.0,8533.5,100,31.28,False,8.24,3.19,0,0,0,False,False,0,WET,NORMAL,8,0,90,False,0,DIM,RAIN,8,90,True,False,0,SAFE,SAFE,SAFE,10,0,100,False,0,0,0,12,100,90,False,True,False,False,True,False
69.65,47.29,3845,3,12,2,15.0,85.0,8533.5,100,30.87,False,8.14,3.18,0,0,0,False,False,0,WET,NORMAL,8,0,90,False,0,DIM,RAIN,8,90,True,False,0,SAFE,SAFE,SAFE,10,0,100,False,0,0,0,12,100,90,False,True,False,False,True,False
69.7,46.99,3820,3,12,2,15.0,85.0,8533.5,100,30.65,False,8.04,3.19,0,0,0,False,False,0,WET,NORMAL,8,0,90,False,0,DIM,RAIN,8,90,True,False,0,SAFE,SAFE,SAFE,10,0,100,False,0,0,0,12,100,90,False,True,False,False,True,False
69.75,46.69,3796,3,12,2,15.0,85.0,8533.5,100,30.25,False,7.94,3.18,0,0,0,False,False,0,WET,NORMAL,8,0,90,False,0,DIM,RAIN,8,90,True,False,0,SAFE,SAFE,SAFE,10,0,100,False,0,0,0,12,100,90,False,True,False,False,True,False
69.8,46.39,3771,3,12,2,15.0,85.0,8533.5,100,29.86,False,7.85,3.17,0,0,0,False,False,0,WET,NORMAL,8,0,90,False,0,DIM,RAIN,8,90,True,False,0,SAFE,SAFE,SAFE,10,0,100,False,0,0,0,12,100,90,False,True,False,False,True,False
69.85,46.09,3747,3,12,2,15.0,85.0,8533.5,100,29.47,False,7.73,3.17,0,0,0,False,False,0,WET,NORMAL,8,0,90,False,0,DIM,RAIN,8,90,True,False,0,SAFE,SAFE,SAFE,10,0,100,False,0,0,0,12,100,90,False,True,False,False,True,False
69.9,45.8,3723,3,12,2,15.0,85.0,8533.5,100,29.08,False,7.68,3.14,0,0,0,False,False,0,WET,NORMAL,8,0,90,False,0,DIM,RAIN,8,90,True,False,0,SAFE,SAFE,SAFE,10,0,100,False,0,0,0,12,100,90,False,True,False,False,True,False
69.95,45.49,3698,3,12,2,15.0,85.0,8533.5,100,28.7,False,7.52,3.15,0,0,0,False,False,0,WET,NORMAL,8,0,90,False,0,DIM,RAIN,8,90,True,False,0,SAFE,SAFE,SAFE,10,0,100,False,0,0,0,12,100,90,False,True,False,False,True,False
70.0,45.23,3677,3,12,2,15.0,85.0,8533.5,100,28.33,False,7.5,3.11,0,0,0,False,False,0,WET,NORMAL,8,0,90,False,0,DIM,RAIN,8,90,True,False,0,SAFE,SAFE,SAFE,10,0,100,False,0,0,0,12,100,90,False,True,False,False,True,False
70.05,44.89,3650,3,12,2,15.0,85.0,8533.5,100,27.96,False,7.33,3.13,0,0,0,False,False,0,WET,NORMAL,8,0,90,False,0,DIM,RAIN,8,90,True,False,0,SAFE,SAFE,SAFE,10,0,100,False,0,0,0,12,100,90,False,True,False,False,True,False
70.1,44.65,3630,3,12,2,15.0,85.0,8533.5,100,27.59,False,7.32,3.08,0,0,0,False,False,0,WET,NORMAL,8,0,90,False,0,DIM,RAIN,8,90,True,False,0,SAFE,SAFE,SAFE,10,0,100,False,0,0,0,12,100,90,False,True,False,False,True,False
70.15,44.31,3602,3,12,2,15.0,85.0,8533.5,100,27.23,False,7.15,3.11,0,0,0,False,False,0,WET,NORMAL,8,0,90,False,0,DIM,RAIN,8,90,True,False,0,SAFE,SAFE,SAFE,10,0,100,False,0,0,0,12,100,90,False,True,False,False,True,False
70.2,44.07,3583,3,12,2,15.0,85.0,8533.5,100,26.87,False,7.21,3.03,0,0,0,False,False,0,WET,NORMAL,8,0,90,False,0,DIM,RAIN,8,90,True,False,0,SAFE,SAFE,SAFE,10,0,100,False,0,0,0,12,100,90,False,True,False,False,True,False
70.25,43.73,3555,3,12,2,15.0,85.0,8533.5,100,26.52,False,6.99,3.08,0,0,0,False,False,0,WET,NORMAL,8,0,90,False,0,DIM,RAIN,8,90,True,False,0,SAFE,SAFE,SAFE,10,0,100,False,0,0,0,12,100,90,False,True,False,False,True,False
70.3,43.5,3536,3,12,2,15.0,85.0,8533.5,100,26.17,False,7.02,3.02,0,0,0,False,False,0,WET,NORMAL,8,0,90,False,0,DIM,RAIN,8,90,True,False,0,SAFE,SAFE,SAFE,10,0,100,False,0,0,0,12,100,90,False,True,False,False,True,False
70.35,43.15,3508,3,12,2,15.0,85.0,8533.5,100,25.82,False,6.96,2.99,1,0,3,True,False,0,WET,NORMAL,8,0,90,False,0,DIM,RAIN,8,90,True,False,0,SAFE,SAFE,SAFE,10,0,100,False,1,0,3,12,100,90,True,True,False,False,True,False
70.4,42.8,3480,3,12,2,15.0,85.0,8533.5,100,25.47,False,6.86,2.98,1,0,3,True,False,0,WET,NORMAL,8,0,90,False,0,DIM,RAIN,8,90,True,False,0,SAFE,SAFE,SAFE,10,0,100,False,1,0,3,12,100,90,True,True,False,False,True,False
70.45,42.23,3434,3,12,2,15.0,85.0,8533.5,100,25.13,False,6.72,3.0,1,0,3,True,False,0,WET,NORMAL,8,0,90,False,0,DIM,RAIN,8,90,True,False,0,SAFE,SAFE,SAFE,10,0,100,False,1,0,3,12,100,90,True,True,False,False,True,False
70.5,41.81,3399,3,12,2,15.0,85.0,7426.9,100,24.8,False,6.62,2.99,1,0,3,True,False,0,WET,NORMAL,8,0,90,False,0,DIM,RAIN,8,90,True,False,0,SAFE,SAFE,SAFE,10,0,100,False,1,0,3,12,100,90,True,True,False,False,True,False
70.55,41.24,3353,3,12,2,15.0,85.0,7426.9,100,24.47,False,6.48,3.0,0,0,0,False,False,0,WET,NORMAL,8,0,90,False,0,DIM,RAIN,8,90,True,False,0,SAFE,SAFE,SAFE,10,0,100,False,0,0,0,12,100,90,False,True,False,False,True,False
70.6,40.98,3332,3,12,2,15.0,85.0,7426.9,100,24.15,False,6.43,2.98,1,0,3,True,False,0,WET,NORMAL,8,0,90,False,0,DIM,RAIN,8,90,True,False,0,SAFE,SAFE,SAFE,10,0,100,False,1,0,3,12,100,90,True,True,False,False,True,False
70.65,40.49,3292,3,12,2,15.0,85.0,7426.9,100,23.83,False,6.31,2.98,1,0,3,True,False,0,WET,NORMAL,8,0,90,False,0,DIM,RAIN,8,90,True,False,0,SAFE,SAFE,SAFE,10,0,100,False,1,0,3,12,100,90,True,True,False,False,True,False
70.7,40.09,3259,3,12,2,15.0,85.0,7426.9,100,23.52,False,6.25,2.96,1,0,3,True,False,0,WET,NORMAL,8,0,90,False,0,DIM,RAIN,8,90,True,False,0,SAFE,SAFE,SAFE,10,0,100,False,1,0,3,12,100,90,True,True,False,False,True,False
70.75,39.51,3212,3,12,2,15.0,85.0,7426.9,100,23.21,False,6.08,2.99,1,0,2,True,False,0,WET,NORMAL,8,0,90,False,0,DIM,RAIN,8,90,True,False,0,SAFE,SAFE,SAFE,10,0,100,False,1,0,2,12,100,90,True,True,False,False,True,False
70.8,39.2,3187,3,12,2,15.0,85.0,7426.9,100,22.91,False,5.96,3.01,0,0,0,False,False,0,WET,NORMAL,8,0,90,False,0,DIM,RAIN,8,90,True,False,0,SAFE,SAFE,SAFE,10,0,100,False,0,0,0,12,100,90,False,True,False,False,True,False
70.85,38.82,3156,3,12,2,15.0,85.0,7426.9,100,22.62,False,5.81,3.03,0,0,0,False,False,0,WET,NORMAL,8,0,90,False,0,DIM,RAIN,8,90,True,False,0,SAFE,SAFE,SAFE,10,0,100,False,0,0,0,12,100,90,False,True,False,False,True,False
70.9,38.64,3141,3,12,2,15.0,85.0,7426.9,100,22.33,False,5.71,3.04,0,0,0,False,False,0,WET,NORMAL,8,0,90,False,0,DIM,RAIN,8,90,True,False,0,SAFE,SAFE,SAFE,10,0,100,False,0,0,0,12,100,90,False,True,False,False,True,False
70.95,38.28,3112,3,12,2,15.0,85.0,7426.9,100,22.05,False,5.56,3.07,0,0,0,False,False,0,WET,NORMAL,8,0,90,False,0,DIM,RAIN,8,90,True,False,0,SAFE,SAFE,SAFE,10,0,100,False,0,0,0,12,100,90,False,True,False,False,True,False
71.0,38.1,3098,3,12,2,15.0,85.0,7426.9,100,21.77,False,5.46,3.07,0,0,0,False,False,0,WET,NORMAL,8,0,90,False,0,DIM,RAIN,8,90,True,False,0,SAFE,SAFE,SAFE,10,0,100,False,0,0,0,12,100,90,False,True,False,False,True,False
71.05,37.75,3069,3,12,2,15.0,85.0,7426.9,100,21.5,False,5.32,3.1,0,0,0,False,False,0,WET,NORMAL,8,0,90,False,0,DIM,RAIN,8,90,True,False,0,SAFE,SAFE,SAFE,10,0,100,False,0,0,0,12,100,90,False,True,False,False,True,False
71.1,37.58,3055,3,12,2,15.0,85.0,7426.9,100,21.24,False,5.24,3.1,0,0,0,False,False,0,WET,NORMAL,8,0,90,False,0,DIM,RAIN,8,90,True,False,0,SAFE,SAFE,SAFE,10,0,100,False,0,0,0,12,100,90,False,True,False,False,True,False
71.15,37.23,3026,3,12,2,15.0,85.0,7426.9,100,20.98,False,5.09,3.14,0,0,0,False,False,0,WET,NORMAL,8,0,90,False,0,DIM,RAIN,8,90,True,False,0,SAFE,SAFE,SAFE,10,0,100,False,0,0,0,12,100,90,False,True,False,False,True,False
71.2,37.06,3013,3,12,2,15.0,85.0,7426.9,100,20.73,False,5.03,3.13,0,0,0,False,False,0,WET,NORMAL,8,0,90,False,0,DIM,RAIN,8,90,True,False,0,SAFE,SAFE,SAFE,10,0,100,False,0,0,0,12,100,90,False,True,False,False,True,False
71.25,36.71,2984,3,12,2,15.0,85.0,7426.9,100,20.48,False,4.86,3.18,0,0,0,False,False,0,WET,NORMAL,8,0,90,False,0,DIM,RAIN,8,90,True,False,0,SAFE,SAFE,SAFE,10,0,100,False,0,0,0,12,100,90,False,True,False,False,True,False
71.3,36.55,2971,3,12,2,15.0,85.0,7426.9,100,20.24,False,4.83,3.16,0,0,0,False,False,0,WET,NORMAL,8,0,90,False,0,DIM,RAIN,8,90,True,False,0,SAFE,SAFE,SAFE,10,0,100,False,0,0,0,12,100,90,False,True,False,False,True,False
71.35,36.19,2942,3,12,2,15.0,85.0,7426.9,100,20.01,False,4.66,3.22,0,0,0,False,False,0,WET,NORMAL,8,0,90,False,0,DIM,RAIN,8,90,True,False,0,SAFE,SAFE,SAFE,10,0,100,False,0,0,0,12,100,90,False,True,False,False,True,False
71.4,36.04,2930,3,12,2,15.0,85.0,7426.9,100,19.77,False,4.63,3.19,0,0,0,False,False,0,WET,NORMAL,8,0,90,False,0,DIM,RAIN,8,90,True,False,0,SAFE,SAFE,SAFE,10,0,100,False,0,0,0,12,100,90,False,True,False,False,True,False
71.45,35.68,2901,3,12,2,15.0,85.0,7426.9,100,19.55,False,4.46,3.26,0,0,0,False,False,0,WET,NORMAL,8,0,90,False,0,DIM,RAIN,8,90,True,False,0,SAFE,SAFE,SAFE,10,0,100,False,0,0,0,12,100,90,False,True,False,False,True,False
71.5,35.53,2888,3,12,2,15.0,85.0,7426.9,100,19.32,False,4.44,3.23,0,0,0,False,False,0,WET,NORMAL,8,0,90,False,0,DIM,RAIN,8,90,True,False,0,SAFE,SAFE,SAFE,10,0,100,False,0,0,0,12,100,90,False,True,False,False,True,False
71.55,35.17,2860,3,12,2,15.0,85.0,7426.9,100,19.11,False,4.27,3.3,0,0,0,False,False,0,WET,NORMAL,8,0,90,False,0,DIM,RAIN,8,90,True,False,0,SAFE,SAFE,SAFE,10,0,100,False,0,0,0,12,100,90,False,True,False,False,True,False
71.6,35.03,2847,3,12,2,15.0,85.0,7426.9,100,18.89,False,4.25,3.27,0,0,0,False,False,0,WET,NORMAL,8,0,90,False,0,DIM,RAIN,8,90,True,False,0,SAFE,SAFE,SAFE,10,0,100,False,0,0,0,12,100,90,False,True,False,False,True,False
71.65,34.67,2819,3,12,2,15.0,85.0,7426.9,100,18.69,False,4.09,3.34,0,0,0,False,False,0,WET,NORMAL,8,0,90,False,0,DIM,RAIN,8,90,True,False,0,SAFE,SAFE,SAFE,10,0,100,False,0,0,0,12,100,90,False,True,False,False,True,False
71.7,34.53,2807,3,12,2,15.0,85.0,7426.9,100,18.48,False,4.07,3.31,0,0,0,False,False,0,WET,NORMAL,8,0,90,False,0,DIM,RAIN,8,90,True,False,0,SAFE,SAFE,SAFE,10,0,100,False,0,0,0,12,100,90,False,True,False,False,True,False
71.75,34.17,2778,3,12,2,15.0,85.0,7426.9,100,18.28,False,3.92,3.39,0,0,0,False,False,0,WET,NORMAL,8,0,90,False,0,DIM,RAIN,8,90,True,False,0,SAFE,SAFE,SAFE,10,0,100,False,0,0,0,12,100,90,False,True,False,False,True,False
71.8,34.03,2767,3,12,2,15.0,85.0,7426.9,100,18.09,False,3.9,3.36,0,0,0,False,False,0,WET,NORMAL,8,0,90,False,0,DIM,RAIN,8,90,True,False,0,SAFE,SAFE,SAFE,10,0,100,False,0,0,0,12,100,90,False,True,False,False,True,False
71.85,33.68,2738,3,12,2,15.0,85.0,7426.9,100,17.9,False,3.75,3.44,0,0,0,False,False,0,WET,NORMAL,8,0,90,False,0,DIM,RAIN,8,90,True,False,0,SAFE,SAFE,SAFE,10,0,100,False,0,0,0,12,100,90,False,True,False,False,True,False
71.9,33.54,2727,3,12,2,15.0,85.0,7426.9,100,17.71,False,3.73,3.41,0,0,0,False,False,0,WET,NORMAL,8,0,90,False,0,DIM,RAIN,8,90,True,False,0,SAFE,SAFE,SAFE,10,0,100,False,0,0,0,12,100,90,False,True,False,False,True,False
71.95,33.19,2698,3,12,2,15.0,85.0,7426.9,100,17.53,False,3.59,3.49,0,0,0,False,False,0,WET,NORMAL,8,0,90,False,0,DIM,RAIN,8,90,True,False,0,SAFE,SAFE,SAFE,10,0,100,False,0,0,0,12,100,90,False,True,False,False,True,False
72.0,33.06,2687,3,12,2,15.0,85.0,6444.4,100,17.35,False,3.56,3.47,0,0,0,False,False,0,WET,NORMAL,8,0,90,False,0,DIM,RAIN,8,90,True,False,0,SAFE,SAFE,SAFE,10,0,100,False,0,0,0,12,100,90,False,True,False,False,True,False
72.05,32.7,2658,3,12,2,15.0,85.0,6444.4,100,17.18,False,3.43,3.55,0,0,0,False,False,0,WET,NORMAL,8,0,90,False,0,DIM,RAIN,8,90,True,False,0,SAFE,SAFE,SAFE,10,0,100,False,0,0,0,12,100,90,False,True,False,False,True,False
72.1,32.57,2648,3,12,2,15.0,85.0,6444.4,100,17.01,False,3.4,3.53,0,0,0,False,False,0,WET,NORMAL,8,0,90,False,0,DIM,RAIN,8,90,True,False,0,SAFE,SAFE,SAFE,10,0,100,False,0,0,0,12,100,90,False,True,False,False,True,False
72.15,32.21,2619,3,12,2,15.0,85.0,6444.4,100,16.84,False,3.27,3.62,0,0,0,False,False,0,WET,NORMAL,8,0,90,False,0,DIM,RAIN,8,90,True,False,0,SAFE,SAFE,SAFE,10,0,100,False,0,0,0,12,100,90,False,True,False,False,True,False
72.2,32.09,2609,3,12,2,15.0,85.0,6444.4,100,16.68,False,3.28,3.56,0,0,0,False,False,0,WET,NORMAL,8,0,90,False,0,DIM,RAIN,8,90,True,False,0,SAFE,SAFE,SAFE,10,0,100,False,0,0,0,12,100,90,False,True,False,False,True,False
72.25,31.73,2580,3,12,2,15.0,85.0,6444.4,100,16.52,False,3.15,3.66,0,0,0,False,False,0,WET,NORMAL,8,0,90,False,0,DIM,RAIN,8,90,True,False,0,SAFE,SAFE,SAFE,10,0,100,False,0,0,0,12,100,90,False,True,False,False,True,False
72.3,31.62,2570,3,12,2,15.0,85.0,6444.4,100,16.36,False,3.21,3.54,0,0,0,False,False,0,WET,NORMAL,8,0,90,False,0,DIM,RAIN,8,90,True,False,0,SAFE,SAFE,SAFE,10,0,100,False,0,0,0,12,100,90,False,True,False,False,True,False
72.35,31.26,2541,3,12,2,15.0,85.0,6444.4,100,16.2,False,3.05,3.68,0,0,0,False,False,0,WET,NORMAL,8,0,90,False,0,DIM,RAIN,8,90,True,False,0,SAFE,SAFE,SAFE,10,0,100,False,0,0,0,12,100,90,False,True,False,False,True,False
72.4,31.14,2532,3,12,2,15.0,85.0,6444.4,100,16.05,False,3.13,3.53,0,0,0,False,False,0,WET,NORMAL,8,0,90,False,0,DIM,RAIN,8,90,True,False,0,SAFE,SAFE,SAFE,10,0,100,False,0,0,0,12,100,90,False,True,False,False,True,False
72.45,30.79,2503,3,12,2,15.0,85.0,6444.4,100,15.9,False,2.95,3.69,0,0,0,False,False,0,WET,NORMAL,8,0,90,False,0,DIM,RAIN,8,90,True,False,0,SAFE,SAFE,SAFE,10,0,100,False,0,0,0,12,100,90,False,True,False,False,True,False
72.5,30.68,2494,3,12,2,15.0,85.0,6444.4,100,15.75,False,3.04,3.54,0,0,0,False,False,0,WET,NORMAL,8,0,90,False,0,DIM,RAIN,8,90,True,False,0,SAFE,SAFE,SAFE,10,0,100,False,0,0,0,12,100,90,False,True,False,False,True,False
72.55,30.32,2464,3,12,2,15.0,85.0,6444.4,100,15.6,False,2.86,3.7,0,0,0,False,False,0,WET,NORMAL,8,0,90,False,0,DIM,RAIN,8,90,True,False,0,SAFE,SAFE,SAFE,10,0,100,False,0,0,0,12,100,90,False,True,False,False,True,False
72.6,30.21,2456,3,12,2,15.0,85.0,6444.4,100,15.45,False,2.95,3.54,0,0,0,False,False,0,WET,NORMAL,8,0,90,False,0,DIM,RAIN,8,90,True,False,0,SAFE,SAFE,SAFE,10,0,100,False,0,0,0,12,100,90,False,True,False,False,True,False
72.65,29.85,2427,3,12,2,15.0,85.0,6444.4,100,15.31,False,2.77,3.72,0,0,0,False,False,0,WET,NORMAL,8,0,90,False,0,DIM,RAIN,8,90,True,False,0,SAFE,SAFE,SAFE,10,0,100,False,0,0,0,12,100,90,False,True,False,False,True,False
72.7,29.75,2418,3,12,2,15.0,85.0,6444.4,100,15.17,False,2.89,3.52,0,0,0,False,False,0,WET,NORMAL,8,0,90,False,0,DIM,RAIN,8,90,True,False,0,SAFE,SAFE,SAFE,10,0,100,False,0,0,0,12,100,90,False,True,False,False,True,False
72.75,29.39,2389,3,12,2,15.0,85.0,6444.4,100,15.03,False,2.75,3.65,0,0,0,False,False,0,WET,NORMAL,8,0,90,False,0,DIM,RAIN,8,90,True,False,0,SAFE,SAFE,SAFE,10,0,100,False,0,0,0,12,100,90,False,True,False,False,True,False
72.8,29.29,2381,3,12,2,15.0,85.0,6444.4,100,14.89,False,2.75,3.59,0,0,0,False,False,0,WET,NORMAL,8,0,90,False,0,DIM,RAIN,8,90,True,False,0,SAFE,SAFE,SAFE,10,0,100,False,0,0,0,12,100,90,False,True,False,False,True,False
72.85,28.93,2352,3,12,2,15.0,85.0,6444.4,100,14.76,False,2.56,3.81,0,0,0,False,False,0,WET,NORMAL,8,0,90,False,0,DIM,RAIN,8,90,True,False,0,SAFE,SAFE,SAFE,10,0,100,False,0,0,0,12,100,90,False,True,False,False,True,False
72.9,28.84,2344,3,12,2,15.0,85.0,6444.4,100,14.63,False,2.53,3.8,0,0,0,False,False,0,WET,NORMAL,8,0,90,False,0,DIM,RAIN,8,90,True,False,0,SAFE,SAFE,SAFE,10,0,100,False,0,0,0,12,100,90,False,True,False,False,True,False
72.95,28.47,2315,3,12,2,15.0,85.0,6444.4,100,14.51,False,2.34,4.06,0,10,0,False,False,0,WET,NORMAL,8,0,90,False,0,DIM,RAIN,8,90,True,False,0,SAFE,SAFE,SAFE,10,0,100,False,0,8,0,12,100,90,False,True,False,False,True,False
73.0,28.46,2314,3,12,2,15.0,85.0,6444.4,100,14.39,False,2.33,4.03,0,10,0,False,False,0,WET,NORMAL,8,0,90,False,0,DIM,RAIN,8,90,True,False,0,SAFE,SAFE,SAFE,10,0,100,False,0,8,0,12,100,90,False,True,False,False,True,False
73.05,28.24,2296,3,12,2,15.0,85.0,6444.4,100,14.28,False,2.19,4.24,0,10,0,False,False,0,WET,NORMAL,8,0,90,False,0,DIM,RAIN,8,90,True,False,0,SAFE,SAFE,SAFE,10,0,100,False,0,8,0,12,100,90,False,True,False,False,True,False
73.1,28.37,2306,3,12,2,15.0,85.0,6444.4,100,14.17,False,2.21,4.15,0,10,0,False,False,0,WET,NORMAL,8,0,90,False,0,DIM,RAIN,8,90,True,False,0,SAFE,SAFE,SAFE,10,0,100,False,0,8,0,12,100,90,False,True,False,False,True,False
73.15,28.32,2302,3,12,2,15.0,85.0,6444.4,100,14.06,False,2.13,4.25,0,10,0,False,False,0,WET,NORMAL,8,0,90,False,0,DIM,RAIN,8,90,True,False,0,SAFE,SAFE,SAFE,10,0,100,False,0,8,0,12,100,90,False,True,False,False,True,False
73.2,28.58,2323,3,12,2,15.0,85.0,6444.4,100,13.96,False,2.19,4.1,0,10,0,False,False,0,WET,NORMAL,8,0,90,False,0,DIM,RAIN,8,90,True,False,0,SAFE,SAFE,SAFE,10,0,100,False,0,8,0,12,100,90,False,True,False,False,True,False
73.25,28.62,2326,3,12,2,15.0,85.0,6444.4,100,13.85,False,2.14,4.13,0,10,0,False,False,0,WET,NORMAL,8,0,90,False,0,DIM,RAIN,8,90,True,False,0,SAFE,SAFE,SAFE,10,0,100,False,0,8,0,12,100,90,False,True,False,False,True,False
73.3,28.93,2352,3,12,2,15.0,85.0,6444.4,100,13.74,False,2.21,3.95,0,0,0,False,False,0,WET,NORMAL,8,0,90,False,0,DIM,RAIN,8,90,True,False,0,SAFE,SAFE,SAFE,10,0,100,False,0,0,0,12,100,90,False,True,False,False,True,False
73.35,28.92,2351,3,12,2,15.0,85.0,6444.4,100,13.63,False,2.16,3.99,0,0,0,False,False,0,WET,NORMAL,8,0,90,False,0,DIM,RAIN,8,90,True,False,0,SAFE,SAFE,SAFE,10,0,100,False,0,0,0,12,100,90,False,True,False,False,True,False
73.4,29.07,2363,3,12,2,15.0,85.0,6444.4,100,13.52,False,2.18,3.9,0,0,0,False,False,0,WET,NORMAL,8,0,90,False,0,DIM,RAIN,8,90,True,False,0,SAFE,SAFE,SAFE,10,0,100,False,0,0,0,12,100,90,False,True,False,False,True,False
73.45,28.86,2346,3,12,2,15.0,85.0,6444.4,100,13.41,False,2.09,4.03,0,10,0,False,False,0,WET,NORMAL,8,0,90,False,0,DIM,RAIN,8,90,True,False,0,SAFE,SAFE,SAFE,10,0,100,False,0,8,0,12,100,90,False,True,False,False,True,False
73.5,28.93,2351,3,12,2,15.0,85.0,5590.0,100,13.31,False,2.09,3.98,0,0,0,False,False,0,WET,NORMAL,8,0,90,False,0,DIM,RAIN,8,90,True,False,0,SAFE,SAFE,SAFE,10,0,100,False,0,0,0,12,100,90,False,True,False,False,True,False
73.55,28.67,2331,3,12,2,15.0,85.0,5590.0,100,13.21,False,1.99,4.13,0,10,0,False,False,0,WET,NORMAL,8,0,90,False,0,DIM,RAIN,8,90,True,False,0,SAFE,SAFE,SAFE,10,0,100,False,0,8,0,12,100,90,False,True,False,False,True,False
73.6,28.71,2334,3,12,2,15.0,85.0,5590.0,100,13.11,False,1.98,4.1,0,10,0,False,False,0,WET,NORMAL,8,0,90,False,0,DIM,RAIN,8,90,True,False,0,SAFE,SAFE,SAFE,10,0,100,False,0,8,0,12,100,90,False,True,False,False,True,False
73.65,28.53,2319,3,12,2,15.0,85.0,5590.0,100,13.01,False,1.9,4.22,0,10,0,False,False,0,WET,NORMAL,8,0,90,False,0,DIM,RAIN,8,90,True,False,0,SAFE,SAFE,SAFE,10,0,100,False,0,8,0,12,100,90,False,True,False,False,True,False
73.7,28.68,2331,3,12,2,15.0,85.0,5590.0,100,12.92,False,1.92,4.12,0,10,0,False,False,0,WET,NORMAL,8,0,90,False,0,DIM,RAIN,8,90,True,False,0,SAFE,SAFE,SAFE,10,0,100,False,0,8,0,12,100,90,False,True,False,False,True,False
73.75,28.64,2328,3,12,2,15.0,85.0,5590.0,100,12.82,False,1.89,4.14,0,10,0,False,False,0,WET,NORMAL,8,0,90,False,0,DIM,RAIN,8,90,True,False,0,SAFE,SAFE,SAFE,10,0,100,False,0,8,0,12,100,90,False,True,False,False,True,False
73.8,28.91,2350,3,12,2,15.0,85.0,5590.0,100,12.73,False,1.95,3.97,0,0,0,False,False,0,WET,NORMAL,8,0,90,False,0,DIM,RAIN,8,90,True,False,0,SAFE,SAFE,SAFE,10,0,100,False,0,0,0,12,100,90,False,True,False,False,True,False
73.85,28.87,2347,3,12,2,15.0,85.0,5590.0,100,12.63,False,1.92,3.98,0,0,0,False,False,0,WET,NORMAL,8,0,90,False,0,DIM,RAIN,8,90,True,False,0,SAFE,SAFE,SAFE,10,0,100,False,0,0,0,12,100,90,False,True,False,False,True,False
73.9,28.99,2357,3,12,2,15.0,85.0,5590.0,100,12.53,False,1.93,3.9,0,0,0,False,False,0,WET,NORMAL,8,0,90,False,0,DIM,RAIN,8,90,True,False,0,SAFE,SAFE,SAFE,10,0,100,False,0,0,0,12,100,90,False,True,False,False,True,False
73.95,28.77,2339,3,12,2,15.0,85.0,5590.0,100,12.44,False,1.86,4.01,0,10,0,False,False,0,WET,NORMAL,8,0,90,False,0,DIM,RAIN,8,90,True,False,0,SAFE,SAFE,SAFE,10,0,100,False,0,8,0,12,100,90,False,True,False,False,True,False
74.0,28.84,2344,3,12,2,15.0,85.0,5590.0,100,12.35,False,1.86,3.95,0,0,0,False,False,0,WET,NORMAL,8,0,90,False,0,DIM,RAIN,8,90,True,False,0,SAFE,SAFE,SAFE,10,0,100,False,0,0,0,12,100,90,False,True,False,False,True,False
74.05,28.58,2324,3,12,2,15.0,85.0,5590.0,100,12.26,False,1.77,4.09,0,10,0,False,False,0,WET,NORMAL,8,0,90,False,0,DIM,RAIN,8,90,True,False,0,SAFE,SAFE,SAFE,10,0,100,False,0,8,0,12,100,90,False,True,False,False,True,False
74.1,28.62,2327,3,12,2,15.0,85.0,5590.0,100,12.17,False,1.77,4.05,0,10,0,False,False,0,WET,NORMAL,8,0,90,False,0,DIM,RAIN,8,90,True,False,0,SAFE,SAFE,SAFE,10,0,100,False,0,8,0,12,100,90,False,True,False,False,True,False
74.15,28.44,2312,3,12,2,15.0,85.0,5590.0,100,12.08,False,1.71,4.15,0,10,0,False,False,0,WET,NORMAL,8,0,90,False,0,DIM,RAIN,8,90,True,False,0,SAFE,SAFE,SAFE,10,0,100,False,0,8,0,12,100,90,False,True,False,False,True,False
74.2,28.58,2323,3,12,2,15.0,85.0,5590.0,100,11.99,False,1.75,4.0,0,0,0,False,False,0,WET,NORMAL,8,0,90,False,0,DIM,RAIN,8,90,True,False,0,SAFE,SAFE,SAFE,10,0,100,False,0,0,0,12,100,90,False,True,False,False,True,False
74.25,28.46,2314,3,12,2,15.0,85.0,5590.0,100,11.91,False,1.73,3.99,0,0,0,False,False,0,WET,NORMAL,8,0,90,False,0,DIM,RAIN,8,90,True,False,0,SAFE,SAFE,SAFE,10,0,100,False,0,0,0,12,100,90,False,True,False,False,True,False
74.3,28.54,2320,3,12,2,15.0,85.0,5590.0,100,11.82,False,1.79,3.82,0,0,0,False,False,0,WET,NORMAL,8,0,90,False,0,DIM,RAIN,8,90,True,False,0,SAFE,SAFE,SAFE,10,0,100,False,0,0,0,12,100,90,False,True,False,False,True,False
74.35,28.29,2300,3,12,2,15.0,85.0,5590.0,100,11.73,False,1.73,3.89,0,0,0,False,False,0,WET,NORMAL,8,0,90,False,0,DIM,RAIN,8,90,True,False,0,SAFE,SAFE,SAFE,10,0,100,False,0,0,0,12,100,90,False,True,False,False,True,False
74.4,28.27,2298,3,12,2,15.0,85.0,5590.0,100,11.64,False,1.76,3.78,0,0,0,False,False,0,WET,NORMAL,8,0,90,False,0,DIM,RAIN,8,90,True,False,0,SAFE,SAFE,SAFE,10,0,100,False,0,0,0,12,100,90,False,True,False,False,True,False
74.45,27.94,2272,3,12,2,15.0,85.0,5590.0,100,11.56,False,1.67,3.92,0,0,0,False,False,0,WET,NORMAL,8,0,90,False,0,DIM,RAIN,8,90,True,False,0,SAFE,SAFE,SAFE,10,0,100,False,0,0,0,12,100,90,False,True,False,False,True,False
74.5,27.88,2266,3,12,2,15.0,85.0,5590.0,100,11.47,False,1.7,3.81,0,0,0,False,False,0,WET,NORMAL,8,0,90,False,0,DIM,RAIN,8,90,True,False,0,SAFE,SAFE,SAFE,10,0,100,False,0,0,0,12,100,90,False,True,False,False,True,False
74.55,27.53,2238,3,12,2,15.0,85.0,5590.0,100,11.39,False,1.6,3.99,0,0,0,False,False,0,WET,NORMAL,8,0,90,False,0,DIM,RAIN,8,90,True,False,0,SAFE,SAFE,SAFE,10,0,100,False,0,0,0,12,100,90,False,True,False,False,True,False
74.6,27.46,2232,3,12,2,15.0,85.0,5590.0,100,11.31,False,1.63,3.87,0,0,0,False,False,0,WET,NORMAL,8,0,90,False,0,DIM,RAIN,8,90,True,False,0,SAFE,SAFE,SAFE,10,0,100,False,0,0,0,12,100,90,False,True,False,False,True,False
74.65,27.1,2203,3,12,2,15.0,85.0,5590.0,100,11.23,False,1.52,4.1,0,10,0,False,False,0,WET,NORMAL,8,0,90,False,0,DIM,RAIN,8,90,True,False,0,SAFE,SAFE,SAFE,10,0,100,False,0,8,0,12,100,90,False,True,False,False,True,False
74.7,27.1,2203,3,12,2,15.0,85.0,5590.0,100,11.16,False,1.58,3.9,0,0,0,False,False,0,WET,NORMAL,8,0,90,False,0,DIM,RAIN,8,90,True,False,0,SAFE,SAFE,SAFE,10,0,100,False,0,0,0,12,100,90,False,True,False,False,True,False
74.75,26.79,2178,3,12,2,15.0,85.0,5590.0,100,11.08,False,1.47,4.15,0,10,0,False,False,0,WET,NORMAL,8,0,90,False,0,DIM,RAIN,8,90,True,False,0,SAFE,SAFE,SAFE,10,0,100,False,0,8,0,12,100,90,False,True,False,False,True,False
74.8,26.81,2180,3,12,2,15.0,85.0,5590.0,100,11.01,False,1.45,4.14,0,10,0,False,False,0,WET,NORMAL,8,0,90,False,0,DIM,RAIN,8,90,True,False,0,SAFE,SAFE,SAFE,10,0,100,False,0,8,0,12,100,90,False,True,False,False,True,False
74.85,26.61,2163,3,12,2,15.0,85.0,5590.0,100,10.94,False,1.33,4.45,0,10,0,False,False,0,WET,NORMAL,8,0,90,False,0,DIM,RAIN,8,90,True,False,0,SAFE,SAFE,SAFE,10,0,100,False,0,8,0,12,100,90,False,True,False,False,True,False
74.9,26.75,2175,3,12,2,15.0,85.0,5590.0,100,10.87,False,1.32,4.43,0,10,0,False,False,0,WET,NORMAL,8,0,90,False,0,DIM,RAIN,8,90,True,False,0,SAFE,SAFE,SAFE,10,0,100,False,0,8,0,12,100,90,False,True,False,False,True,False
74.95,26.7,2171,3,12,2,15.0,85.0,5590.0,100,10.81,False,1.25,4.64,0,10,0,False,False,0,WET,NORMAL,8,0,90,False,0,DIM,RAIN,8,90,True,False,0,SAFE,SAFE,SAFE,10,0,100,False,0,8,0,12,100,90,False,True,False,False,True,False
75.0,26.98,2193,3,12,2,15.0,85.0,4797.5,100,10.74,False,1.28,4.5,0,10,0,False,False,0,WET,NORMAL,8,0,90,False,0,DIM,RAIN,8,90,True,False,0,SAFE,SAFE,SAFE,10,0,100,False,0,8,0,12,100,90,False,True,False,False,True,False
75.05,27.01,2196,3,12,2,15.0,85.0,4797.5,100,10.68,False,1.23,4.61,0,10,0,False,False,0,WET,NORMAL,8,0,90,False,0,DIM,RAIN,8,90,True,False,0,SAFE,SAFE,SAFE,10,0,100,False,0,8,0,12,100,90,False,True,False,False,True,False
75.1,27.34,2223,3,12,2,15.0,85.0,4797.5,100,10.62,False,1.27,4.41,0,10,0,False,False,0,WET,NORMAL,8,0,90,False,0,DIM,RAIN,8,90,True,False,0,SAFE,SAFE,SAFE,10,0,100,False,0,8,0,12,100,90,False,True,False,False,True,False
75.15,27.41,2228,3,12,2,15.0,85.0,4797.5,100,10.56,False,1.25,4.46,0,10,0,False,False,0,WET,NORMAL,8,0,90,False,0,DIM,RAIN,8,90,True,False,0,SAFE,SAFE,SAFE,10,0,100,False,0,8,0,12,100,90,False,True,False,False,True,False
75.2,27.76,2257,3,12,2,15.0,85.0,4797.5,100,10.49,False,1.3,4.23,0,10,0,False,False,0,WET,NORMAL,8,0,90,False,0,DIM,RAIN,8,90,True,False,0,SAFE,SAFE,SAFE,10,0,100,False,0,8,0,12,100,90,False,True,False,False,True,False
75.25,27.84,2264,3,12,2,15.0,85.0,4797.5,100,10.43,False,1.28,4.24,0,10,0,False,False,0,WET,NORMAL,8,0,90,False,0,DIM,RAIN,8,90,True,False,0,SAFE,SAFE,SAFE,10,0,100,False,0,8,0,12,100,90,False,True,False,False,True,False
75.3,28.2,2292,3,12,2,15.0,85.0,4797.5,100,10.36,False,1.34,4.01,0,10,0,False,False,0,WET,NORMAL,8,0,90,False,0,DIM,RAIN,8,90,True,False,0,SAFE,SAFE,SAFE,10,0,100,False,0,8,0,12,100,90,False,True,False,False,True,False
75.35,28.29,2300,3,12,2,15.0,85.0,4797.5,100,10.29,False,1.32,4.0,0,10,0,False,False,0,WET,NORMAL,8,0,90,False,0,DIM,RAIN,8,90,True,False,0,SAFE,SAFE,SAFE,10,0,100,False,0,8,0,12,100,90,False,True,False,False,True,False
75.4,28.65,2329,3,12,2,15.0,85.0,4797.5,100,10.23,False,1.38,3.77,0,0,0,False,False,0,WET,NORMAL,8,0,90,False,0,DIM,RAIN,8,90,True,False,0,SAFE,SAFE,SAFE,10,0,100,False,0,0,0,12,100,90,False,True,False,False,True,False
75.45,28.65,2329,3,12,2,15.0,85.0,4797.5,100,10.16,False,1.35,3.82,0,0,0,False,False,0,WET,NORMAL,8,0,90,False,0,DIM,RAIN,8,90,True,False,0,SAFE,SAFE,SAFE,10,0,100,False,0,0,0,12,100,90,False,True,False,False,True,False
75.5,28.81,2342,3,12,2,15.0,85.0,4797.5,100,10.09,False,1.36,3.73,0,0,0,False,False,0,WET,NORMAL,8,0,90,False,0,DIM,RAIN,8,90,True,False,0,SAFE,SAFE,SAFE,10,0,100,False,0,0,0,12,100,90,False,True,False,False,True,False
75.55,28.61,2326,3,12,2,15.0,85.0,4797.5,100,10.03,False,1.28,3.94,0,0,0,False,False,0,WET,NORMAL,8,0,90,False,0,DIM,RAIN,8,90,True,False,0,SAFE,SAFE,SAFE,10,0,100,False,0,0,0,12,100,90,False,True,False,False,True,False
75.6,28.61,2326,3,12,2,15.0,85.0,4797.5,100,9.96,False,1.25,3.99,0,0,0,False,False,0,WET,NORMAL,8,0,90,False,0,DIM,RAIN,8,90,True,False,0,SAFE,SAFE,SAFE,10,0,100,False,0,0,0,12,100,90,False,True,False,False,True,False
75.65,28.31,2301,3,12,2,15.0,85.0,4797.5,100,9.9,False,1.13,4.33,0,10,0,False,False,0,WET,NORMAL,8,0,90,False,0,DIM,RAIN,8,90,True,False,0,SAFE,SAFE,SAFE,10,0,100,False,0,8,0,12,100,90,False,True,False,False,True,False
75.7,28.33,2303,3,12,2,15.0,85.0,4797.5,100,9.85,False,1.11,4.37,0,10,0,False,False,0,WET,NORMAL,8,0,90,False,0,DIM,RAIN,8,90,True,False,0,SAFE,SAFE,SAFE,10,0,100,False,0,8,0,12,100,90,False,True,False,False,True,False
75.75,28.13,2287,3,12,2,15.0,85.0,4797.5,100,9.79,False,1.03,4.65,0,10,0,False,False,0,WET,NORMAL,8,0,90,False,0,DIM,RAIN,8,90,True,False,0,SAFE,SAFE,SAFE,10,0,100,False,0,8,0,12,100,90,False,True,False,False,True,False
75.8,28.27,2298,3,12,2,15.0,85.0,4797.5,100,9.74,False,1.04,4.54,0,10,0,False,False,0,WET,NORMAL,8,0,90,False,0,DIM,RAIN,8,90,True,False,0,SAFE,SAFE,SAFE,10,0,100,False,0,8,0,12,100,90,False,True,False,False,True,False
75.85,28.23,2295,3,12,2,15.0,85.0,4797.5,100,9.69,False,1.01,4.65,0,10,0,False,False,0,WET,NORMAL,8,0,90,False,0,DIM,RAIN,8,90,True,False,0,SAFE,SAFE,SAFE,10,0,100,False,0,8,0,12,100,90,False,True,False,False,True,False
75.9,28.49,2316,3,12,2,15.0,85.0,4797.5,100,9.64,False,1.06,4.37,0,10,0,False,False,0,WET,NORMAL,8,0,90,False,0,DIM,RAIN,8,90,True,False,0,SAFE,SAFE,SAFE,10,0,100,False,0,8,0,12,100,90,False,True,False,False,True,False
75.95,28.54,2320,3,12,2,15.0,85.0,4797.5,100,9.59,False,1.05,4.36,0,10,0,False,False,0,WET,NORMAL,8,0,90,False,0,DIM,RAIN,8,90,True,False,0,SAFE,SAFE,SAFE,10,0,100,False,0,8,0,12,100,90,False,True,False,False,True,False
76.0,28.86,2346,3,12,2,15.0,85.0,4797.5,100,9.53,False,1.12,4.04,0,10,0,False,False,0,WET,NORMAL,8,0,90,False,0,DIM,RAIN,8,90,True,False,0,SAFE,SAFE,SAFE,10,0,100,False,0,8,0,12,100,90,False,True,False,False,True,False
76.05,28.93,2352,3,12,2,15.0,85.0,4797.5,100,9.48,False,1.12,3.98,0,0,0,False,False,0,WET,NORMAL,8,0,90,False,0,DIM,RAIN,8,90,True,False,0,SAFE,SAFE,SAFE,10,0,100,False,0,0,0,12,100,90,False,True,False,False,True,False
76.1,29.18,2372,3,12,2,15.0,85.0,4797.5,100,9.42,False,1.18,3.76,0,0,0,False,False,0,WET,NORMAL,8,0,90,False,0,DIM,RAIN,8,90,True,False,0,SAFE,SAFE,SAFE,10,0,100,False,0,0,0,12,100,90,False,True,False,False,True,False
76.15,29.08,2364,3,12,2,15.0,85.0,4797.5,100,9.36,False,1.13,3.86,0,0,0,False,False,0,WET,NORMAL,8,0,90,False,0,DIM,RAIN,8,90,True,False,0,SAFE,SAFE,SAFE,10,0,100,False,0,0,0,12,100,90,False,True,False,False,True,False
76.2,29.13,2368,3,12,2,15.0,85.0,4797.5,100,9.3,False,1.13,3.82,0,0,0,False,False,0,WET,NORMAL,8,0,90,False,0,DIM,RAIN,8,90,True,False,0,SAFE,SAFE,SAFE,10,0,100,False,0,0,0,12,100,90,False,True,False,False,True,False
76.25,28.86,2346,3,12,2,15.0,85.0,4797.5,100,9.25,False,1.07,3.96,0,0,0,False,False,0,WET,NORMAL,8,0,90,False,0,DIM,RAIN,8,90,True,False,0,SAFE,SAFE,SAFE,10,0,100,False,0,0,0,12,100,90,False,True,False,False,True,False
76.3,28.82,2343,3,12,2,15.0,85.0,4797.5,100,9.2,False,1.09,3.84,0,0,0,False,False,0,WET,NORMAL,8,0,90,False,0,DIM,RAIN,8,90,True,False,0,SAFE,SAFE,SAFE,10,0,100,False,0,0,0,12,100,90,False,True,False,False,True,False
76.35,28.49,2316,3,12,2,15.0,85.0,4797.5,100,9.14,False,1.03,4.04,0,10,0,False,False,0,WET,NORMAL,8,0,90,False,0,DIM,RAIN,8,90,True,False,0,SAFE,SAFE,SAFE,10,0,100,False,0,8,0,12,100,90,False,True,False,False,True,False
76.4,28.5,2316,3,12,2,15.0,85.0,4797.5,100,9.09,False,1.05,3.88,0,0,0,False,False,0,WET,NORMAL,8,0,90,False,0,DIM,RAIN,8,90,True,False,0,SAFE,SAFE,SAFE,10,0,100,False,0,0,0,12,100,90,False,True,False,False,True,False
76.45,28.2,2293,3,12,2,15.0,85.0,4797.5,100,9.04,False,1.0,4.05,0,10,0,False,False,0,WET,NORMAL,8,0,90,False,0,DIM,RAIN,8,90,True,False,0,SAFE,SAFE,SAFE,10,0,100,False,0,8,0,12,100,90,False,True,False,False,True,False
76.5,28.22,2294,3,12,2,15.0,85.0,4154.6,100,8.99,False,1.03,3.88,0,0,0,False,False,0,WET,NORMAL,8,0,90,False,0,DIM,RAIN,8,90,True,False,0,SAFE,SAFE,SAFE,10,0,100,False,0,0,0,12,100,90,False,True,False,False,True,False
76.55,27.93,2271,3,12,2,15.0,85.0,4154.6,100,8.94,False,0.97,4.04,0,10,0,False,False,0,WET,NORMAL,8,0,90,False,0,DIM,RAIN,8,90,True,False,0,SAFE,SAFE,SAFE,10,0,100,False,0,8,0,12,100,90,False,True,False,False,True,False
76.6,27.95,2272,3,12,2,15.0,85.0,4154.6,100,8.89,False,1.01,3.86,0,0,0,False,False,0,WET,NORMAL,8,0,90,False,0,DIM,RAIN,8,90,True,False,0,SAFE,SAFE,SAFE,10,0,100,False,0,0,0,12,100,90,False,True,False,False,True,False
76.65,27.67,2249,3,12,2,15.0,85.0,4154.6,100,8.84,False,0.95,4.03,0,10,0,False,False,0,WET,NORMAL,8,0,90,False,0,DIM,RAIN,8,90,True,False,0,SAFE,SAFE,SAFE,10,0,100,False,0,8,0,12,100,90,False,True,False,False,True,False
76.7,27.69,2251,3,12,2,15.0,85.0,4154.6,100,8.79,False,0.99,3.84,0,0,0,False,False,0,WET,NORMAL,8,0,90,False,0,DIM,RAIN,8,90,True,False,0,SAFE,SAFE,SAFE,10,0,100,False,0,0,0,12,100,90,False,True,False,False,True,False
76.75,27.41,2228,3,12,2,15.0,85.0,4154.6,100,8.75,False,0.91,4.13,0,10,0,False,False,0,WET,NORMAL,8,0,90,False,0,DIM,RAIN,8,90,True,False,0,SAFE,SAFE,SAFE,10,0,100,False,0,8,0,12,100,90,False,True,False,False,True,False
76.8,27.44,2231,3,12,2,15.0,85.0,4154.6,100,8.7,False,0.88,4.22,0,10,0,False,False,0,WET,NORMAL,8,0,90,False,0,DIM,RAIN,8,90,True,False,0,SAFE,SAFE,SAFE,10,0,100,False,0,8,0,12,100,90,False,True,False,False,True,False
76.85,27.24,2215,3,12,2,15.0,85.0,4154.6,100,8.66,False,0.77,4.75,0,10,0,False,False,0,WET,NORMAL,8,0,90,False,0,DIM,RAIN,8,90,True,False,0,SAFE,SAFE,SAFE,10,0,100,False,0,8,0,12,100,90,False,True,False,False,True,False
76.9,27.39,2226,3,12,2,15.0,85.0,4154.6,100,8.62,False,0.75,4.8,0,10,0,False,False,0,WET,NORMAL,8,0,90,False,0,DIM,RAIN,8,90,True,False,0,SAFE,SAFE,SAFE,10,0,100,False,0,8,0,12,100,90,False,True,False,False,True,False
76.95,27.34,2223,3,12,2,15.0,85.0,4154.6,100,8.59,False,0.68,5.25,0,10,0,False,False,0,WET,NORMAL,8,0,90,False,0,DIM,RAIN,8,90,True,False,0,SAFE,SAFE,SAFE,10,0,100,False,0,8,0,12,100,90,False,True,False,False,True,False
77.0,27.62,2245,3,12,2,15.0,85.0,4154.6,100,8.55,False,0.7,5.07,0,10,0,False,False,0,WET,NORMAL,8,0,90,False,0,DIM,RAIN,8,90,True,False,0,SAFE,SAFE,SAFE,10,0,100,False,0,8,0,12,100,90,False,True,False,False,True,False
77.05,27.65,2248,3,12,2,15.0,85.0,4154.6,100,8.52,False,0.66,5.37,0,10,0,False,False,0,WET,NORMAL,8,0,90,False,0,DIM,RAIN,8,90,True,False,0,SAFE,SAFE,SAFE,10,0,100,False,0,8,0,12,100,90,False,True,False,False,True,False
77.1,27.98,2275,3,12,2,15.0,85.0,4154.6,100,8.48,False,0.7,4.96,0,10,0,False,False,0,WET,NORMAL,8,0,90,False,0,DIM,RAIN,8,90,True,False,0,SAFE,SAFE,SAFE,10,0,100,False,0,8,0,12,100,90,False,True,False,False,True,False
77.15,28.05,2280,3,12,2,15.0,85.0,4154.6,100,8.45,False,0.7,4.92,0,10,0,False,False,0,WET,NORMAL,8,0,90,False,0,DIM,RAIN,8,90,True,False,0,SAFE,SAFE,SAFE,10,0,100,False,0,8,0,12,100,90,False,True,False,False,True,False
77.2,28.4,2308,3,12,2,15.0,85.0,4154.6,100,8.41,False,0.8,4.27,0,10,0,False,False,0,WET,NORMAL,8,0,90,False,0,DIM,RAIN,8,90,True,False,0,SAFE,SAFE,SAFE,10,0,100,False,0,8,0,12,100,90,False,True,False,False,True,False
77.25,28.48,2316,3,12,2,15.0,85.0,4154.6,100,8.37,False,0.84,4.03,0,10,0,False,False,0,WET,NORMAL,8,0,90,False,0,DIM,RAIN,8,90,True,False,0,SAFE,SAFE,SAFE,10,0,100,False,0,8,0,12,100,90,False,True,False,False,True,False
77.3,28.84,2344,3,12,2,15.0,85.0,4154.6,100,8.32,False,0.95,3.49,0,0,0,False,False,0,WET,NORMAL,8,0,90,False,0,DIM,RAIN,8,90,True,False,0,SAFE,SAFE,SAFE,10,0,100,False,0,0,0,12,100,90,False,True,False,False,True,False
77.35,28.84,2345,3,12,2,15.0,85.0,4154.6,100,8.28,False,0.97,3.39,0,0,0,False,False,0,WET,NORMAL,8,0,90,False,0,DIM,RAIN,8,90,True,False,0,SAFE,SAFE,SAFE,10,0,100,False,0,0,0,12,100,90,False,True,False,False,True,False
77.4,29.0,2357,3,12,2,15.0,85.0,4154.6,100,8.23,False,1.02,3.18,0,0,0,False,False,0,WET,NORMAL,8,0,90,False,0,DIM,RAIN,8,90,True,False,0,SAFE,SAFE,SAFE,10,0,100,False,0,0,0,12,100,90,False,True,False,False,True,False
77.45,28.8,2341,3,12,2,15.0,85.0,4154.6,100,8.18,False,0.96,3.32,0,0,0,False,False,0,WET,NORMAL,8,0,90,False,0,DIM,RAIN,8,90,True,False,0,SAFE,SAFE,SAFE,10,0,100,False,0,0,0,12,100,90,False,True,False,False,True,False
77.5,28.79,2341,3,12,2,15.0,85.0,4154.6,100,8.13,False,0.95,3.28,0,0,0,False,False,0,WET,NORMAL,8,0,90,False,0,DIM,RAIN,8,90,True,False,0,SAFE,SAFE,SAFE,10,0,100,False,0,0,0,12,100,90,False,True,False,False,True,False
77.55,28.49,2316,3,12,2,15.0,85.0,4154.6,100,8.08,False,0.86,3.57,0,0,0,False,False,0,WET,NORMAL,8,0,90,False,0,DIM,RAIN,8,90,True,False,0,SAFE,SAFE,SAFE,10,0,100,False,0,0,0,12,100,90,False,True,False,False,True,False
77.6,28.43,2311,3,12,2,15.0,85.0,4154.6,100,8.04,False,0.84,3.61,0,0,0,False,False,0,WET,NORMAL,8,0,90,False,0,DIM,RAIN,8,90,True,False,0,SAFE,SAFE,SAFE,10,0,100,False,0,0,0,12,100,90,False,True,False,False,True,False
77.65,28.09,2283,3,12,2,15.0,85.0,4154.6,100,8.0,False,0.75,4.02,0,10,0,False,False,0,WET,NORMAL,8,0,90,False,0,DIM,RAIN,8,90,True,False,0,SAFE,SAFE,SAFE,10,0,100,False,0,8,0,12,100,90,False,True,False,False,True,False
77.7,28.09,2283,3,12,2,15.0,85.0,4154.6,100,7.97,False,0.75,3.97,0,0,0,False,False,0,WET,NORMAL,8,0,90,False,0,DIM,RAIN,8,90,True,False,0,SAFE,SAFE,SAFE,10,0,100,False,0,0,0,12,100,90,False,True,False,False,True,False
77.75,27.79,2259,3,12,2,15.0,85.0,4154.6,100,7.93,False,0.67,4.4,0,10,0,False,False,0,WET,NORMAL,8,0,90,False,0,DIM,RAIN,8,90,True,False,0,SAFE,SAFE,SAFE,10,0,100,False,0,8,0,12,100,90,False,True,False,False,True,False
77.8,27.81,2261,3,12,2,15.0,85.0,4154.6,100,7.9,False,0.67,4.31,0,10,0,False,False,0,WET,NORMAL,8,0,90,False,0,DIM,RAIN,8,90,True,False,0,SAFE,SAFE,SAFE,10,0,100,False,0,8,0,12,100,90,False,True,False,False,True,False
77.85,27.61,2244,3,12,2,15.0,85.0,4154.6,100,7.87,False,0.62,4.64,0,10,0,False,False,0,WET,NORMAL,8,0,90,False,0,DIM,RAIN,8,90,True,False,0,SAFE,SAFE,SAFE,10,0,100,False,0,8,0,12,100,90,False,True,False,False,True,False
77.9,27.75,2256,3,12,2,15.0,85.0,4154.6,100,7.83,False,0.66,4.31,0,10,0,False,False,0,WET,NORMAL,8,0,90,False,0,DIM,RAIN,8,90,True,False,0,SAFE,SAFE,SAFE,10,0,100,False,0,8,0,12,100,90,False,True,False,False,True,False
77.95,27.7,2252,3,12,2,15.0,85.0,4154.6,100,7.8,False,0.64,4.35,0,10,0,False,False,0,WET,NORMAL,8,0,90,False,0,DIM,RAIN,8,90,True,False,0,SAFE,SAFE,SAFE,10,0,100,False,0,8,0,12,100,90,False,True,False,False,True,False
78.0,27.97,2274,3,12,2,15.0,85.0,3608.0,100,7.77,False,0.72,3.85,0,0,0,False,False,0,WET,NORMAL,8,0,90,False,0,DIM,RAIN,8,90,True,False,0,SAFE,SAFE,SAFE,10,0,100,False,0,0,0,12,100,90,False,True,False,False,True,False
78.05,27.92,2270,3,12,2,15.0,85.0,3608.0,100,7.73,False,0.7,3.88,0,0,0,False,False,0,WET,NORMAL,8,0,90,False,0,DIM,RAIN,8,90,True,False,0,SAFE,SAFE,SAFE,10,0,100,False,0,0,0,12,100,90,False,True,False,False,True,False
78.1,28.06,2281,3,12,2,15.0,85.0,3608.0,100,7.69,False,0.74,3.63,0,0,0,False,False,0,WET,NORMAL,8,0,90,False,0,DIM,RAIN,8,90,True,False,0,SAFE,SAFE,SAFE,10,0,100,False,0,0,0,12,100,90,False,True,False,False,True,False
78.15,27.83,2263,3,12,2,15.0,85.0,3608.0,100,7.66,False,0.68,3.91,0,0,0,False,False,0,WET,NORMAL,8,0,90,False,0,DIM,RAIN,8,90,True,False,0,SAFE,SAFE,SAFE,10,0,100,False,0,0,0,12,100,90,False,True,False,False,True,False
78.2,27.83,2262,3,12,2,15.0,85.0,3608.0,100,7.63,False,0.68,3.87,0,0,0,False,False,0,WET,NORMAL,8,0,90,False,0,DIM,RAIN,8,90,True,False,0,SAFE,SAFE,SAFE,10,0,100,False,0,0,0,12,100,90,False,True,False,False,True,False
78.25,27.52,2237,3,12,2,15.0,85.0,3608.0,100,7.59,False,0.6,4.3,0,10,0,False,False,0,WET,NORMAL,8,0,90,False,0,DIM,RAIN,8,90,True,False,0,SAFE,SAFE,SAFE,10,0,100,False,0,8,0,12,100,90,False,True,False,False,True,False
78.3,27.54,2239,3,12,2,15.0,85.0,3608.0,100,7.56,False,0.64,4.01,0,10,0,False,False,0,WET,NORMAL,8,0,90,False,0,DIM,RAIN,8,90,True,False,0,SAFE,SAFE,SAFE,10,0,100,False,0,8,0,12,100,90,False,True,False,False,True,False
78.35,27.34,2222,3,12,2,15.0,85.0,3608.0,100,7.53,False,0.61,4.16,0,10,0,False,False,0,WET,NORMAL,8,0,90,False,0,DIM,RAIN,8,90,True,False,0,SAFE,SAFE,SAFE,10,0,100,False,0,8,0,12,100,90,False,True,False,False,True,False
78.4,27.48,2234,3,12,2,15.0,85.0,3608.0,100,7.5,False,0.68,3.7,0,0,0,False,False,0,WET,NORMAL,8,0,90,False,0,DIM,RAIN,8,90,True,False,0,SAFE,SAFE,SAFE,10,0,100,False,0,0,0,12,100,90,False,True,False,False,True,False
78.45,27.35,2223,3,12,2,15.0,85.0,3608.0,100,7.47,False,0.67,3.7,0,0,0,False,False,0,WET,NORMAL,8,0,90,False,0,DIM,RAIN,8,90,True,False,0,SAFE,SAFE,SAFE,10,0,100,False,0,0,0,12,100,90,False,True,False,False,True,False
78.5,27.44,2230,3,12,2,15.0,85.0,3608.0,100,7.43,False,0.72,3.39,0,0,0,False,False,0,WET,NORMAL,8,0,90,False,0,DIM,RAIN,8,90,True,False,0,SAFE,SAFE,SAFE,10,0,100,False,0,0,0,12,100,90,False,True,False,False,True,False
78.55,27.18,2210,3,12,2,15.0,85.0,3608.0,100,7.4,False,0.67,3.56,0,0,0,False,False,0,WET,NORMAL,8,0,90,False,0,DIM,RAIN,8,90,True,False,0,SAFE,SAFE,SAFE,10,0,100,False,0,0,0,12,100,90,False,True,False,False,True,False
78.6,27.16,2208,3,12,2,15.0,85.0,3608.0,100,7.36,False,0.69,3.4,0,0,0,False,False,0,WET,NORMAL,8,0,90,False,0,DIM,RAIN,8,90,True,False,0,SAFE,SAFE,SAFE,10,0,100,False,0,0,0,12,100,90,False,True,False,False,True,False
78.65,26.84,2182,3,12,2,15.0,85.0,3608.0,100,7.33,False,0.63,3.69,0,0,0,False,False,0,WET,NORMAL,8,0,90,False,0,DIM,RAIN,8,90,True,False,0,SAFE,SAFE,SAFE,10,0,100,False,0,0,0,12,100,90,False,True,False,False,True,False
78.7,26.79,2178,3,12,2,15.0,85.0,3608.0,100,7.3,False,0.64,3.58,0,0,0,False,False,0,WET,NORMAL,8,0,90,False,0,DIM,RAIN,8,90,True,False,0,SAFE,SAFE,SAFE,10,0,100,False,0,0,0,12,100,90,False,True,False,False,True,False
78.75,26.44,2149,3,12,2,15.0,85.0,3608.0,100,7.27,False,0.57,3.98,0,0,0,False,False,0,WET,NORMAL,8,0,90,False,0,DIM,RAIN,8,90,True,False,0,SAFE,SAFE,SAFE,10,0,100,False,0,0,0,12,100,90,False,True,False,False,True,False
78.8,26.37,2144,3,12,2,15.0,85.0,3608.0,100,7.24,False,0.54,4.16,0,10,0,False,False,0,WET,NORMAL,8,0,90,False,0,DIM,RAIN,8,90,True,False,0,SAFE,SAFE,SAFE,10,0,100,False,0,8,0,12,100,90,False,True,False,False,True,False
78.85,26.09,2121,3,12,2,15.0,85.0,3608.0,100,7.22,False,0.42,5.33,0,10,0,False,False,0,WET,NORMAL,8,0,90,False,0,DIM,RAIN,8,90,True,False,0,SAFE,SAFE,SAFE,10,0,100,False,0,8,0,12,100,90,False,True,False,False,True,False
78.9,26.15,2126,3,12,2,15.0,85.0,3608.0,100,7.2,False,0.37,5.91,0,10,0,False,False,0,WET,NORMAL,8,0,90,False,0,DIM,RAIN,8,90,True,False,0,SAFE,SAFE,SAFE,10,0,100,False,0,8,0,12,100,90,False,True,False,False,True,False
78.95,26.01,2115,3,12,2,15.0,85.0,3608.0,100,7.18,False,0.26,8.36,0,10,0,False,False,0,WET,NORMAL,8,0,90,False,0,DIM,RAIN,8,90,True,False,0,SAFE,SAFE,SAFE,10,0,100,False,0,8,0,12,100,90,False,True,False,False,True,False
79.0,26.24,2133,3,12,2,15.0,85.0,3608.0,100,7.17,False,0.25,8.82,0,10,0,False,False,0,WET,NORMAL,8,0,90,False,0,DIM,RAIN,8,90,True,False,0,SAFE,SAFE,SAFE,10,0,100,False,0,8,0,12,100,90,False,True,False,False,True,False
79.05,26.23,2132,3,12,2,15.0,85.0,3608.0,100,7.16,False,0.18,12.25,0,10,0,False,False,0,WET,NORMAL,8,0,90,False,0,DIM,RAIN,8,90,True,False,0,SAFE,SAFE,SAFE,10,0,100,False,0,8,0,12,100,90,False,True,False,False,True,False
79.1,26.54,2158,3,12,2,15.0,85.0,3608.0,100,7.15,False,0.22,9.66,0,10,0,False,False,0,WET,NORMAL,8,0,90,False,0,DIM,RAIN,8,90,True,False,0,SAFE,SAFE,SAFE,10,0,100,False,0,8,0,12,100,90,False,True,False,False,True,False
79.15,26.6,2162,3,12,2,15.0,85.0,3608.0,100,7.14,False,0.23,9.31,0,10,0,False,False,0,WET,NORMAL,8,0,90,False,0,DIM,RAIN,8,90,True,False,0,SAFE,SAFE,SAFE,10,0,100,False,0,8,0,12,100,90,False,True,False,False,True,False
79.2,26.94,2190,3,12,2,15.0,85.0,3608.0,100,7.12,False,0.34,6.2,0,10,0,False,False,0,WET,NORMAL,8,0,90,False,0,DIM,RAIN,8,90,True,False,0,SAFE,SAFE,SAFE,10,0,100,False,0,8,0,12,100,90,False,True,False,False,True,False
79.25,27.02,2196,3,12,2,15.0,85.0,3608.0,100,7.1,False,0.39,5.37,0,10,0,False,False,0,WET,NORMAL,8,0,90,False,0,DIM,RAIN,8,90,True,False,0,SAFE,SAFE,SAFE,10,0,100,False,0,8,0,12,100,90,False,True,False,False,True,False
79.3,27.37,2225,3,12,2,15.0,85.0,3608.0,100,7.08,False,0.52,4.03,0,10,0,False,False,0,WET,NORMAL,8,0,90,False,0,DIM,RAIN,8,90,True,False,0,SAFE,SAFE,SAFE,10,0,100,False,0,8,0,12,100,90,False,True,False,False,True,False
79.35,27.46,2232,3,12,2,15.0,85.0,3608.0,100,7.05,False,0.56,3.69,0,0,0,False,False,0,WET,NORMAL,8,0,90,False,0,DIM,RAIN,8,90,True,False,0,SAFE,SAFE,SAFE,10,0,100,False,0,0,0,12,100,90,False,True,False,False,True,False
79.4,27.73,2254,3,12,2,15.0,85.0,3608.0,100,7.02,False,0.64,3.17,0,0,0,False,False,0,WET,NORMAL,8,0,90,False,0,DIM,RAIN,8,90,True,False,0,SAFE,SAFE,SAFE,10,0,100,False,0,0,0,12,100,90,False,True,False,False,True,False
79.45,27.63,2246,3,12,2,15.0,85.0,3608.0,100,6.99,False,0.6,3.29,0,0,0,False,False,0,WET,NORMAL,8,0,90,False,0,DIM,RAIN,8,90,True,False,0,SAFE,SAFE,SAFE,10,0,100,False,0,0,0,12,100,90,False,True,False,False,True,False
79.5,27.7,2251,3,12,2,15.0,85.0,3149.9,100,6.96,False,0.61,3.19,0,0,0,False,False,0,WET,NORMAL,8,0,90,False,0,DIM,RAIN,8,90,True,False,0,SAFE,SAFE,SAFE,10,0,100,False,0,0,0,12,100,90,False,True,False,False,True,False
79.55,27.43,2230,3,12,2,15.0,85.0,3149.9,100,6.93,False,0.53,3.64,0,0,0,False,False,0,WET,NORMAL,8,0,90,False,0,DIM,RAIN,8,90,True,False,0,SAFE,SAFE,SAFE,10,0,100,False,0,0,0,12,100,90,False,True,False,False,True,False
79.6,27.4,2228,3,12,2,15.0,85.0,3149.9,100,6.91,False,0.52,3.69,0,0,0,False,False,0,WET,NORMAL,8,0,90,False,0,DIM,RAIN,8,90,True,False,0,SAFE,SAFE,SAFE,10,0,100,False,0,0,0,12,100,90,False,True,False,False,True,False
79.65,27.07,2201,3,12,2,15.0,85.0,3149.9,100,6.88,False,0.42,4.46,0,10,0,False,False,0,WET,NORMAL,8,0,90,False,0,DIM,RAIN,8,90,True,False,0,SAFE,SAFE,SAFE,10,0,100,False,0,8,0,12,100,90,False,True,False,False,True,False
79.7,27.09,2202,3,12,2,15.0,85.0,3149.9,100,6.86,False,0.43,4.35,0,10,0,False,False,0,WET,NORMAL,8,0,90,False,0,DIM,RAIN,8,90,True,False,0,SAFE,SAFE,SAFE,10,0,100,False,0,8,0,12,100,90,False,True,False,False,True,False
79.75,26.88,2185,3,12,2,15.0,85.0,3149.9,100,6.84,False,0.37,4.94,0,10,0,False,False,0,WET,NORMAL,8,0,90,False,0,DIM,RAIN,8,90,True,False,0,SAFE,SAFE,SAFE,10,0,100,False,0,8,0,12,100,90,False,True,False,False,True,False
79.8,27.02,2197,3,12,2,15.0,85.0,3149.9,100,6.82,False,0.42,4.38,0,10,0,False,False,0,WET,NORMAL,8,0,90,False,0,DIM,RAIN,8,90,True,False,0,SAFE,SAFE,SAFE,10,0,100,False,0,8,0,12,100,90,False,True,False,False,True,False
79.85,26.97,2193,3,12,2,15.0,85.0,3149.9,100,6.8,False,0.4,4.46,0,10,0,False,False,0,WET,NORMAL,8,0,90,False,0,DIM,RAIN,8,90,True,False,0,SAFE,SAFE,SAFE,10,0,100,False,0,8,0,12,100,90,False,True,False,False,True,False
79.9,27.25,2215,3,12,2,15.0,85.0,3149.9,100,6.78,False,0.48,3.69,0,0,0,False,False,0,WET,NORMAL,8,0,90,False,0,DIM,RAIN,8,90,True,False,0,SAFE,SAFE,SAFE,10,0,100,False,0,0,0,12,100,90,False,True,False,False,True,False
79.95,27.2,2211,3,12,2,15.0,85.0,3149.9,100,6.76,False,0.47,3.76,0,0,0,False,False,0,WET,NORMAL,8,0,90,False,0,DIM,RAIN,8,90,True,False,0,SAFE,SAFE,SAFE,10,0,100,False,0,0,0,12,100,90,False,True,False,False,True,False
80.0,27.33,2222,3,12,2,15.0,85.0,3149.9,100,6.73,False,0.51,3.43,0,0,0,False,False,0,WET,NORMAL,8,0,90,False,0,DIM,RAIN,8,90,True,False,0,SAFE,SAFE,SAFE,10,0,100,False,0,0,0,12,100,90,False,True,False,False,True,False
80.05,27.11,2204,3,12,2,15.0,85.0,3149.9,100,999.0,True,0.51,20.0,0,10,0,False,False,0,WET,NORMAL,8,0,90,False,0,DIM,RAIN,8,90,True,False,0,SAFE,SAFE,SAFE,10,0,100,False,0,8,0,12,100,90,False,True,False,False,True,False
80.1,27.19,2210,3,12,2,15.0,85.0,3149.9,100,999.0,True,0.51,20.0,0,10,0,False,False,0,WET,NORMAL,8,0,90,False,0,DIM,RAIN,8,90,True,False,0,SAFE,SAFE,SAFE,10,0,100,False,0,8,0,12,100,90,False,True,False,False,True,False
80.15,27.02,2196,3,12,2,15.0,85.0,3149.9,100,999.0,True,0.51,20.0,0,10,0,False,False,0,WET,NORMAL,8,0,90,False,0,DIM,RAIN,8,90,True,False,0,SAFE,SAFE,SAFE,10,0,100,False,0,8,0,12,100,90,False,True,False,False,True,False
80.2,27.18,2210,3,12,2,15.0,85.0,3149.9,100,999.0,True,0.51,20.0,0,10,0,False,False,0,WET,NORMAL,8,0,90,False,0,DIM,RAIN,8,90,True,False,0,SAFE,SAFE,SAFE,10,0,100,False,0,8,0,12,100,90,False,True,False,False,True,False
80.25,27.15,2207,3,12,2,15.0,85.0,3149.9,100,999.0,True,0.51,20.0,0,10,0,False,False,0,WET,NORMAL,8,0,90,False,0,DIM,RAIN,8,90,True,False,0,SAFE,SAFE,SAFE,10,0,100,False,0,8,0,12,100,90,False,True,False,False,True,False
80.3,27.43,2230,3,12,2,15.0,85.0,3149.9,100,999.0,True,0.51,20.0,0,10,0,False,False,0,WET,NORMAL,8,0,90,False,0,DIM,RAIN,8,90,True,False,0,SAFE,SAFE,SAFE,10,0,100,False,0,8,0,12,100,90,False,True,False,False,True,False
80.35,27.47,2233,3,12,2,15.0,85.0,3149.9,100,999.0,True,0.51,20.0,0,10,0,False,False,0,WET,NORMAL,8,0,90,False,0,DIM,RAIN,8,90,True,False,0,SAFE,SAFE,SAFE,10,0,100,False,0,8,0,12,100,90,False,True,False,False,True,False
80.4,27.8,2260,3,12,2,15.0,85.0,3149.9,100,999.0,True,0.51,20.0,0,10,0,False,False,0,WET,NORMAL,8,0,90,False,0,DIM,RAIN,8,90,True,False,0,SAFE,SAFE,SAFE,10,0,100,False,0,8,0,12,100,90,False,True,False,False,True,False
80.45,27.88,2266,3,12,2,15.0,85.0,3149.9,100,999.0,True,0.51,20.0,0,10,0,False,False,0,WET,NORMAL,8,0,90,False,0,DIM,RAIN,8,90,True,False,0,SAFE,SAFE,SAFE,10,0,100,False,0,8,0,12,100,90,False,True,False,False,True,False
80.5,28.22,2294,3,12,2,15.0,85.0,3149.9,100,999.0,True,0.51,20.0,0,10,0,False,False,0,WET,NORMAL,8,0,90,False,0,DIM,RAIN,8,90,True,False,0,SAFE,SAFE,SAFE,10,0,100,False,0,8,0,12,100,90,False,True,False,False,True,False
80.55,28.31,2301,3,12,2,15.0,85.0,3149.9,100,999.0,True,0.51,20.0,0,10,0,False,False,0,WET,NORMAL,8,0,90,False,0,DIM,RAIN,8,90,True,False,0,SAFE,SAFE,SAFE,10,0,100,False,0,8,0,12,100,90,False,True,False,False,True,False
80.6,28.66,2330,3,12,2,15.0,85.0,3149.9,100,999.0,True,0.51,20.0,0,10,0,False,False,0,WET,NORMAL,8,0,90,False,0,DIM,RAIN,8,90,True,False,0,SAFE,SAFE,SAFE,10,0,100,False,0,8,0,12,100,90,False,True,False,False,True,False
80.65,28.76,2338,3,12,2,15.0,85.0,3149.9,100,999.0,True,0.51,20.0,0,10,0,False,False,0,WET,NORMAL,8,0,90,False,0,DIM,RAIN,8,90,True,False,0,SAFE,SAFE,SAFE,10,0,100,False,0,8,0,12,100,90,False,True,False,False,True,False
80.7,29.11,2366,3,12,2,15.0,85.0,3149.9,100,999.0,True,0.51,20.0,0,10,0,False,False,0,WET,NORMAL,8,0,90,False,0,DIM,RAIN,8,90,True,False,0,SAFE,SAFE,SAFE,10,0,100,False,0,8,0,12,100,90,False,True,False,False,True,False
80.75,29.21,2374,3,12,2,15.0,85.0,3149.9,100,999.0,True,0.51,20.0,0,10,0,False,False,0,WET,NORMAL,8,0,90,False,0,DIM,RAIN,8,90,True,False,0,SAFE,SAFE,SAFE,10,0,100,False,0,8,0,12,100,90,False,True,False,False,True,False
80.8,29.56,2403,3,12,2,15.0,85.0,3149.9,100,999.0,True,0.51,20.0,0,10,0,False,False,0,WET,NORMAL,8,0,90,False,0,DIM,RAIN,8,90,True,False,0,SAFE,SAFE,SAFE,10,0,100,False,0,8,0,12,100,90,False,True,False,False,True,False
80.85,29.66,2411,3,12,2,15.0,85.0,3149.9,100,999.0,True,0.51,20.0,0,10,0,False,False,0,WET,NORMAL,8,0,90,False,0,DIM,RAIN,8,90,True,False,0,SAFE,SAFE,SAFE,10,0,100,False,0,8,0,12,100,90,False,True,False,False,True,False
80.9,30.01,2439,3,12,2,15.0,85.0,3149.9,100,999.0,True,0.51,20.0,0,10,0,False,False,0,WET,NORMAL,8,0,90,False,0,DIM,RAIN,8,90,True,False,0,SAFE,SAFE,SAFE,10,0,100,False,0,8,0,12,100,90,False,True,False,False,True,False
80.95,30.11,2448,3,12,2,15.0,85.0,3149.9,100,999.0,True,0.51,20.0,0,10,0,False,False,0,WET,NORMAL,8,0,90,False,0,DIM,RAIN,8,90,True,False,0,SAFE,SAFE,SAFE,10,0,100,False,0,8,0,12,100,90,False,True,False,False,True,False
81.0,30.45,2476,3,12,2,15.0,85.0,2812.8,100,999.0,True,0.51,20.0,0,10,0,False,False,0,WET,NORMAL,8,0,90,False,0,DIM,RAIN,8,90,True,False,0,SAFE,SAFE,SAFE,10,0,100,False,0,8,0,12,100,90,False,True,False,False,True,False
81.05,30.56,2484,3,12,2,15.0,85.0,2812.8,100,999.0,True,0.51,20.0,0,10,0,False,False,0,WET,NORMAL,8,0,90,False,0,DIM,RAIN,8,90,True,False,0,SAFE,SAFE,SAFE,10,0,100,False,0,8,0,12,100,90,False,True,False,False,True,False
81.1,30.9,2512,3,12,2,15.0,85.0,2812.8,100,999.0,True,0.51,20.0,0,10,0,False,False,0,WET,NORMAL,8,0,90,False,0,DIM,RAIN,8,90,True,False,0,SAFE,SAFE,SAFE,10,0,100,False,0,8,0,12,100,90,False,True,False,False,True,False
81.15,31.0,2520,3,12,2,15.0,85.0,2812.8,100,999.0,True,0.51,20.0,0,10,0,False,False,0,WET,NORMAL,8,0,90,False,0,DIM,RAIN,8,90,True,False,0,SAFE,SAFE,SAFE,10,0,100,False,0,8,0,12,100,90,False,True,False,False,True,False
81.2,31.34,2548,3,12,2,15.0,85.0,2812.8,100,999.0,True,0.51,20.0,0,10,0,False,False,0,WET,NORMAL,8,0,90,False,0,DIM,RAIN,8,90,True,False,0,SAFE,SAFE,SAFE,10,0,100,False,0,8,0,12,100,90,False,True,False,False,True,False
81.25,31.45,2557,3,12,2,15.0,85.0,2812.8,100,999.0,True,0.51,20.0,0,10,0,False,False,0,WET,NORMAL,8,0,90,False,0,DIM,RAIN,8,90,True,False,0,SAFE,SAFE,SAFE,10,0,100,False,0,8,0,12,100,90,False,True,False,False,True,False
81.3,31.79,2584,3,12,2,15.0,85.0,2812.8,100,999.0,True,0.51,20.0,0,10,0,False,False,0,WET,NORMAL,8,0,90,False,0,DIM,RAIN,8,90,True,False,0,SAFE,SAFE,SAFE,10,0,100,False,0,8,0,12,100,90,False,True,False,False,True,False
81.35,31.89,2593,3,12,2,15.0,85.0,2812.8,100,999.0,True,0.51,20.0,0,10,0,False,False,0,WET,NORMAL,8,0,90,False,0,DIM,RAIN,8,90,True,False,0,SAFE,SAFE,SAFE,10,0,100,False,0,8,0,12,100,90,False,True,False,False,True,False
81.4,32.23,2620,3,12,2,15.0,85.0,2812.8,100,999.0,True,0.51,20.0,0,10,0,False,False,0,WET,NORMAL,8,0,90,False,0,DIM,RAIN,8,90,True,False,0,SAFE,SAFE,SAFE,10,0,100,False,0,8,0,12,100,90,False,True,False,False,True,False
81.45,32.34,2629,3,12,2,15.0,85.0,2812.8,100,999.0,True,0.51,20.0,0,10,0,False,False,0,WET,NORMAL,8,0,90,False,0,DIM,RAIN,8,90,True,False,0,SAFE,SAFE,SAFE,10,0,100,False,0,8,0,12,100,90,False,True,False,False,True,False
81.5,32.67,2656,3,12,2,15.0,85.0,2812.8,100,999.0,True,0.51,20.0,0,10,0,False,False,0,WET,NORMAL,8,0,90,False,0,DIM,RAIN,8,90,True,False,0,SAFE,SAFE,SAFE,10,0,100,False,0,8,0,12,100,90,False,True,False,False,True,False
81.55,32.79,2666,3,12,2,15.0,85.0,2812.8,100,999.0,True,0.51,20.0,0,10,0,False,False,0,WET,NORMAL,8,0,90,False,0,DIM,RAIN,8,90,True,False,0,SAFE,SAFE,SAFE,10,0,100,False,0,8,0,12,100,90,False,True,False,False,True,False
81.6,33.12,2693,3,12,2,15.0,85.0,2812.8,100,999.0,True,0.51,20.0,0,10,0,False,False,0,WET,NORMAL,8,0,90,False,0,DIM,RAIN,8,90,True,False,0,SAFE,SAFE,SAFE,10,0,100,False,0,8,0,12,100,90,False,True,False,False,True,False
81.65,33.24,2702,3,12,2,15.0,85.0,2812.8,100,999.0,True,0.51,20.0,0,10,0,False,False,0,WET,NORMAL,8,0,90,False,0,DIM,RAIN,8,90,True,False,0,SAFE,SAFE,SAFE,10,0,100,False,0,8,0,12,100,90,False,True,False,False,True,False
81.7,33.58,2729,3,12,2,15.0,85.0,2812.8,100,999.0,True,0.51,20.0,0,10,0,False,False,0,WET,NORMAL,8,0,90,False,0,DIM,RAIN,8,90,True,False,0,SAFE,SAFE,SAFE,10,0,100,False,0,8,0,12,100,90,False,True,False,False,True,False
81.75,33.7,2739,3,12,2,15.0,85.0,2812.8,100,999.0,True,0.51,20.0,0,10,0,False,False,0,WET,NORMAL,8,0,90,False,0,DIM,RAIN,8,90,True,False,0,SAFE,SAFE,SAFE,10,0,100,False,0,8,0,12,100,90,False,True,False,False,True,False
81.8,34.03,2767,3,12,2,15.0,85.0,2812.8,100,999.0,True,0.51,20.0,0,10,0,False,False,0,WET,NORMAL,8,0,90,False,0,DIM,RAIN,8,90,True,False,0,SAFE,SAFE,SAFE,10,0,100,False,0,8,0,12,100,90,False,True,False,False,True,False
81.85,34.16,2777,3,12,2,15.0,85.0,2812.8,100,999.0,True,0.51,20.0,0,10,0,False,False,0,WET,NORMAL,8,0,90,False,0,DIM,RAIN,8,90,True,False,0,SAFE,SAFE,SAFE,10,0,100,False,0,8,0,12,100,90,False,True,False,False,True,False
81.9,34.49,2804,3,12,2,15.0,85.0,2812.8,100,999.0,True,0.51,20.0,0,10,0,False,False,0,WET,NORMAL,8,0,90,False,0,DIM,RAIN,8,90,True,False,0,SAFE,SAFE,SAFE,10,0,100,False,0,8,0,12,100,90,False,True,False,False,True,False
81.95,34.62,2815,3,12,2,15.0,85.0,2812.8,100,999.0,True,0.51,20.0,0,10,0,False,False,0,WET,NORMAL,8,0,90,False,0,DIM,RAIN,8,90,True,False,0,SAFE,SAFE,SAFE,10,0,100,False,0,8,0,12,100,90,False,True,False,False,True,False
82.0,34.96,2842,3,12,2,15.0,85.0,2812.8,100,999.0,True,0.51,20.0,0,10,0,False,False,0,WET,NORMAL,8,0,90,False,0,DIM,RAIN,8,90,True,False,0,SAFE,SAFE,SAFE,10,0,100,False,0,8,0,12,100,90,False,True,False,False,True,False
82.05,35.09,2853,3,12,2,15.0,85.0,2812.8,100,999.0,True,0.51,20.0,0,10,0,False,False,0,WET,NORMAL,8,0,90,False,0,DIM,RAIN,8,90,True,False,0,SAFE,SAFE,SAFE,10,0,100,False,0,8,0,12,100,90,False,True,False,False,True,False
82.1,35.42,2880,3,12,2,15.0,85.0,2812.8,100,999.0,True,0.51,20.0,0,10,0,False,False,0,WET,NORMAL,8,0,90,False,0,DIM,RAIN,8,90,True,False,0,SAFE,SAFE,SAFE,10,0,100,False,0,8,0,12,100,90,False,True,False,False,True,False
82.15,35.57,2891,3,12,2,15.0,85.0,2812.8,100,999.0,True,0.51,20.0,0,10,0,False,False,0,WET,NORMAL,8,0,90,False,0,DIM,RAIN,8,90,True,False,0,SAFE,SAFE,SAFE,10,0,100,False,0,8,0,12,100,90,False,True,False,False,True,False
82.2,35.9,2918,3,12,2,15.0,85.0,2812.8,100,999.0,True,0.51,20.0,0,10,0,False,False,0,WET,NORMAL,8,0,90,False,0,DIM,RAIN,8,90,True,False,0,SAFE,SAFE,SAFE,10,0,100,False,0,8,0,12,100,90,False,True,False,False,True,False
82.25,36.04,2930,3,12,2,15.0,85.0,2812.8,100,999.0,True,0.51,20.0,0,10,0,False,False,0,WET,NORMAL,8,0,90,False,0,DIM,RAIN,8,90,True,False,0,SAFE,SAFE,SAFE,10,0,100,False,0,8,0,12,100,90,False,True,False,False,True,False
82.3,36.38,2957,3,12,2,15.0,85.0,2812.8,100,999.0,True,0.51,20.0,0,10,0,False,False,0,WET,NORMAL,8,0,90,False,0,DIM,RAIN,8,90,True,False,0,SAFE,SAFE,SAFE,10,0,100,False,0,8,0,12,100,90,False,True,False,False,True,False
82.35,36.53,2969,3,12,2,15.0,85.0,2812.8,100,999.0,True,0.51,20.0,0,10,0,False,False,0,WET,NORMAL,8,0,90,False,0,DIM,RAIN,8,90,True,False,0,SAFE,SAFE,SAFE,10,0,100,False,0,8,0,12,100,90,False,True,False,False,True,False
82.4,36.86,2996,3,12,2,15.0,85.0,2812.8,100,999.0,True,0.51,20.0,0,10,0,False,False,0,WET,NORMAL,8,0,90,False,0,DIM,RAIN,8,90,True,False,0,SAFE,SAFE,SAFE,10,0,100,False,0,8,0,12,100,90,False,True,False,False,True,False
82.45,37.01,3009,3,12,2,15.0,85.0,2812.8,100,999.0,True,0.51,20.0,0,10,0,False,False,0,WET,NORMAL,8,0,90,False,0,DIM,RAIN,8,90,True,False,0,SAFE,SAFE,SAFE,10,0,100,False,0,8,0,12,100,90,False,True,False,False,True,False
82.5,37.34,3036,3,12,2,15.0,85.0,2586.8,100,999.0,True,0.51,20.0,0,10,0,False,False,0,WET,NORMAL,8,0,90,False,0,DIM,RAIN,8,90,True,False,0,SAFE,SAFE,SAFE,10,0,100,False,0,8,0,12,100,90,False,True,False,False,True,False
82.55,37.5,3049,3,12,2,15.0,85.0,2586.8,100,999.0,True,0.51,20.0,0,10,0,False,False,0,WET,NORMAL,8,0,90,False,0,DIM,RAIN,8,90,True,False,0,SAFE,SAFE,SAFE,10,0,100,False,0,8,0,12,100,90,False,True,False,False,True,False
82.6,37.84,3076,3,12,2,15.0,85.0,2586.8,100,999.0,True,0.51,20.0,0,10,0,False,False,0,WET,NORMAL,8,0,90,False,0,DIM,RAIN,8,90,True,False,0,SAFE,SAFE,SAFE,10,0,100,False,0,8,0,12,100,90,False,True,False,False,True,False
82.65,38.0,3089,3,12,2,15.0,85.0,2586.8,100,999.0,True,0.51,20.0,0,10,0,False,False,0,WET,NORMAL,8,0,90,False,0,DIM,RAIN,8,90,True,False,0,SAFE,SAFE,SAFE,10,0,100,False,0,8,0,12,100,90,False,True,False,False,True,False
82.7,38.33,3116,3,12,2,15.0,85.0,2586.8,100,999.0,True,0.51,20.0,0,10,0,False,False,0,WET,NORMAL,8,0,90,False,0,DIM,RAIN,8,90,True,False,0,SAFE,SAFE,SAFE,10,0,100,False,0,8,0,12,100,90,False,True,False,False,True,False
82.75,38.5,3130,3,12,2,15.0,85.0,2586.8,100,999.0,True,0.51,20.0,0,10,0,False,False,0,WET,NORMAL,8,0,90,False,0,DIM,RAIN,8,90,True,False,0,SAFE,SAFE,SAFE,10,0,100,False,0,8,0,12,100,90,False,True,False,False,True,False
82.8,38.83,3157,3,12,2,15.0,85.0,2586.8,100,999.0,True,0.51,20.0,0,10,0,False,False,0,WET,NORMAL,8,0,90,False,0,DIM,RAIN,8,90,True,False,0,SAFE,SAFE,SAFE,10,0,100,False,0,8,0,12,100,90,False,True,False,False,True,False
82.85,39.01,3171,3,12,2,15.0,85.0,2586.8,100,999.0,True,0.51,20.0,0,10,0,False,False,0,WET,NORMAL,8,0,90,False,0,DIM,RAIN,8,90,True,False,0,SAFE,SAFE,SAFE,10,0,100,False,0,8,0,12,100,90,False,True,False,False,True,False
82.9,39.34,3198,3,12,2,15.0,85.0,2586.8,100,999.0,True,0.51,20.0,0,10,0,False,False,0,WET,NORMAL,8,0,90,False,0,DIM,RAIN,8,90,True,False,0,SAFE,SAFE,SAFE,10,0,100,False,0,8,0,12,100,90,False,True,False,False,True,False
82.95,39.52,3213,3,12,2,15.0,85.0,2586.8,100,999.0,True,0.51,20.0,0,10,0,False,False,0,WET,NORMAL,8,0,90,False,0,DIM,RAIN,8,90,True,False,0,SAFE,SAFE,SAFE,10,0,100,False,0,8,0,12,100,90,False,True,False,False,True,False
83.0,39.85,3240,3,12,2,15.0,85.0,2586.8,97.0,999.0,True,0.51,20.0,0,10,0,False,False,0,WET,NORMAL,8,0,87,False,0,DIM,RAIN,8,87,True,False,0,SAFE,SAFE,SAFE,10,0,100,False,0,8,0,12,100,87,False,True,False,False,True,False
83.05,40.04,3255,3,12,2,15.0,85.0,2586.8,95.8,999.0,True,0.51,20.0,0,10,0,False,False,0,WET,NORMAL,8,0,86,False,0,DIM,RAIN,8,86,True,False,0,SAFE,SAFE,SAFE,10,0,100,False,0,8,0,12,100,86,False,True,False,False,True,False
83.1,40.37,3282,3,12,2,15.0,85.0,2586.8,95.8,999.0,True,0.51,20.0,0,10,0,False,False,0,WET,NORMAL,8,0,86,False,0,DIM,RAIN,8,86,True,False,0,SAFE,SAFE,SAFE,10,0,100,False,0,8,0,12,100,86,False,True,False,False,True,False
83.15,40.56,3297,3,12,2,15.0,85.0,2586.8,95.8,999.0,True,0.51,20.0,0,10,0,False,False,0,WET,NORMAL,8,0,86,False,0,DIM,RAIN,8,86,True,False,0,SAFE,SAFE,SAFE,10,0,100,False,0,8,0,12,100,86,False,True,False,False,True,False
83.2,40.89,3324,3,12,2,15.0,85.0,2586.8,95.8,999.0,True,0.51,20.0,0,10,0,False,False,0,WET,NORMAL,8,0,86,False,0,DIM,RAIN,8,86,True,False,0,SAFE,SAFE,SAFE,10,0,100,False,0,8,0,12,100,86,False,True,False,False,True,False
83.25,41.09,3340,3,12,2,15.0,85.0,2586.8,95.8,999.0,True,0.51,20.0,0,10,0,False,False,0,WET,NORMAL,8,0,86,False,0,DIM,RAIN,8,86,True,False,0,SAFE,SAFE,SAFE,10,0,100,False,0,8,0,12,100,86,False,True,False,False,True,False
83.3,41.42,3367,3,12,2,15.0,85.0,2586.8,91.4,999.0,True,0.51,20.0,0,10,0,False,False,0,WET,NORMAL,8,0,82,False,0,DIM,RAIN,8,82,True,False,0,SAFE,SAFE,SAFE,10,0,100,False,0,8,0,12,100,82,False,True,False,False,True,False
83.35,41.62,3384,3,12,2,15.0,85.0,2586.8,91.4,999.0,True,0.51,20.0,0,10,0,False,False,0,WET,NORMAL,8,0,82,False,0,DIM,RAIN,8,82,True,False,0,SAFE,SAFE,SAFE,10,0,100,False,0,8,0,12,100,82,False,True,False,False,True,False
83.4,41.95,3410,3,12,2,15.0,85.0,2586.8,91.4,999.0,True,0.51,20.0,0,10,0,False,False,0,WET,NORMAL,8,0,82,False,0,DIM,RAIN,8,82,True,False,0,SAFE,SAFE,SAFE,10,0,100,False,0,8,0,12,100,82,False,True,False,False,True,False
83.45,42.16,3427,3,12,2,15.0,85.0,2586.8,91.4,999.0,True,0.51,20.0,0,10,0,False,False,0,WET,NORMAL,8,0,82,False,0,DIM,RAIN,8,82,True,False,0,SAFE,SAFE,SAFE,10,0,100,False,0,8,0,12,100,82,False,True,False,False,True,False
83.5,42.49,3454,3,12,2,15.0,85.0,2586.8,91.4,999.0,True,0.51,20.0,0,10,0,False,False,0,WET,NORMAL,8,0,82,False,0,DIM,RAIN,8,82,True,False,0,SAFE,SAFE,SAFE,10,0,100,False,0,8,0,12,100,82,False,True,False,False,True,False
83.55,42.7,3471,3,12,2,15.0,85.0,2586.8,87.7,999.0,True,0.51,20.0,0,10,0,False,False,0,WET,NORMAL,8,0,78,False,0,DIM,RAIN,8,78,True,False,0,SAFE,SAFE,SAFE,10,0,100,False,0,8,0,12,100,78,False,True,False,False,True,False
83.6,43.03,3498,3,12,2,15.0,85.0,2586.8,87.7,999.0,True,0.51,20.0,0,10,0,False,False,0,WET,NORMAL,8,0,78,False,0,DIM,RAIN,8,78,True,False,0,SAFE,SAFE,SAFE,10,0,100,False,0,8,0,12,100,78,False,True,False,False,True,False
83.65,43.24,3516,3,12,2,15.0,85.0,2586.8,87.7,999.0,True,0.51,20.0,0,10,0,False,False,0,WET,NORMAL,8,0,78,False,0,DIM,RAIN,8,78,True,False,0,SAFE,SAFE,SAFE,10,0,100,False,0,8,0,12,100,78,False,True,False,False,True,False
83.7,43.57,3542,3,12,2,15.0,85.0,2586.8,87.7,999.0,True,0.51,20.0,0,10,0,False,False,0,WET,NORMAL,8,0,78,False,0,DIM,RAIN,8,78,True,False,0,SAFE,SAFE,SAFE,10,0,100,False,0,8,0,12,100,78,False,True,False,False,True,False
83.75,43.8,3560,3,12,2,15.0,85.0,2586.8,87.7,999.0,True,0.51,20.0,0,10,0,False,False,0,WET,NORMAL,8,0,78,False,0,DIM,RAIN,8,78,True,False,0,SAFE,SAFE,SAFE,10,0,100,False,0,8,0,12,100,78,False,True,False,False,True,False
83.8,44.12,3587,3,12,2,15.0,85.0,2586.8,87.7,999.0,True,0.51,20.0,0,10,0,False,False,0,WET,NORMAL,8,0,78,False,0,DIM,RAIN,8,78,True,False,0,SAFE,SAFE,SAFE,10,0,100,False,0,8,0,12,100,78,False,True,False,False,True,False
83.85,44.35,3606,3,12,2,15.0,85.0,2586.8,87.7,999.0,True,0.51,20.0,0,10,0,False,False,0,WET,NORMAL,8,0,78,False,0,DIM,RAIN,8,78,True,False,0,SAFE,SAFE,SAFE,10,0,100,False,0,8,0,12,100,78,False,True,False,False,True,False
83.9,44.68,3633,3,12,2,15.0,85.0,2586.8,87.7,999.0,True,0.51,20.0,0,10,0,False,False,0,WET,NORMAL,8,0,78,False,0,DIM,RAIN,8,78,True,False,0,SAFE,SAFE,SAFE,10,0,100,False,0,8,0,12,100,78,False,True,False,False,True,False
83.95,44.92,3652,3,12,2,15.0,85.0,2586.8,87.7,999.0,True,0.51,20.0,0,10,0,False,False,0,WET,NORMAL,8,0,78,False,0,DIM,RAIN,8,78,True,False,0,SAFE,SAFE,SAFE,10,0,100,False,0,8,0,12,100,78,False,True,False,False,True,False
84.0,45.24,3678,3,12,2,15.0,85.0,2445.1,87.7,999.0,True,0.51,20.0,0,10,0,False,False,0,WET,NORMAL,8,0,78,False,0,DIM,RAIN,8,78,True,False,0,SAFE,SAFE,SAFE,10,0,100,False,0,8,0,12,100,78,False,True,False,False,True,False
84.05,45.48,3698,3,12,2,15.0,85.0,2445.1,87.7,999.0,True,0.51,20.0,0,10,0,False,False,0,WET,NORMAL,8,0,78,False,0,DIM,RAIN,8,78,True,False,0,SAFE,SAFE,SAFE,10,0,100,False,0,8,0,12,100,78,False,True,False,False,True,False
84.1,45.81,3724,3,12,2,15.0,85.0,2445.1,87.7,999.0,True,0.51,20.0,0,10,0,False,False,0,WET,NORMAL,8,0,78,False,0,DIM,RAIN,8,78,True,False,0,SAFE,SAFE,SAFE,10,0,100,False,0,8,0,12,100,78,False,True,False,False,True,False
84.15,46.06,3744,3,12,2,15.0,85.0,2445.1,87.5,999.0,True,0.51,20.0,0,10,0,False,False,0,WET,NORMAL,8,0,78,False,0,DIM,RAIN,8,78,True,False,0,SAFE,SAFE,SAFE,10,0,100,False,0,8,0,12,100,78,False,True,False,False,True,False
84.2,46.39,3771,3,12,2,15.0,85.0,2445.1,86.4,999.0,True,0.51,20.0,0,10,0,False,False,0,WET,NORMAL,8,0,77,False,0,DIM,RAIN,8,77,True,False,0,SAFE,SAFE,SAFE,10,0,100,False,0,8,0,12,100,77,False,True,False,False,True,False
84.25,46.64,3792,3,12,2,15.0,85.0,2445.1,85.7,999.0,True,0.51,20.0,0,10,0,False,False,0,WET,NORMAL,8,0,77,False,0,DIM,RAIN,8,77,True,False,0,SAFE,SAFE,SAFE,10,0,100,False,0,8,0,12,100,77,False,True,False,False,True,False
84.3,46.97,3818,3,12,2,15.0,85.0,2445.1,85.2,999.0,True,0.51,20.0,0,10,0,False,False,0,WET,NORMAL,8,0,76,False,0,DIM,RAIN,8,76,True,False,0,SAFE,SAFE,SAFE,10,0,100,False,0,8,0,12,100,76,False,True,False,False,True,False
84.35,47.23,3839,3,12,2,15.0,85.0,2445.1,85.1,999.0,True,0.51,20.0,0,10,0,False,False,0,WET,NORMAL,8,0,76,False,0,DIM,RAIN,8,76,True,False,0,SAFE,SAFE,SAFE,10,0,100,False,0,8,0,12,100,76,False,True,False,False,True,False
84.4,47.55,3866,3,12,2,15.0,85.0,2445.1,84.2,999.0,True,0.51,20.0,0,10,0,False,False,0,WET,NORMAL,8,0,75,False,0,DIM,RAIN,8,75,True,False,0,SAFE,SAFE,SAFE,10,0,100,False,0,8,0,12,100,75,False,True,False,False,True,False
84.45,47.82,3888,3,12,2,15.0,85.0,2445.1,83.5,999.0,True,0.51,20.0,0,10,0,False,False,0,WET,NORMAL,8,0,75,False,0,DIM,RAIN,8,75,True,False,0,SAFE,SAFE,SAFE,10,0,100,False,0,8,0,12,100,75,False,True,False,False,True,False
84.5,48.15,3914,3,12,2,15.0,85.0,2445.1,83.1,999.0,True,0.51,20.0,0,10,0,False,False,0,WET,NORMAL,8,0,74,False,0,DIM,RAIN,8,74,True,False,0,SAFE,SAFE,SAFE,10,0,100,False,0,8,0,12,100,74,False,True,False,False,True,False
84.55,48.42,3936,3,12,2,15.0,85.0,2445.1,83.0,999.0,True,0.51,20.0,0,10,0,False,False,0,WET,NORMAL,8,0,74,False,0,DIM,RAIN,8,74,True,False,0,SAFE,SAFE,SAFE,10,0,100,False,0,8,0,12,100,74,False,True,False,False,True,False
84.6,48.75,3963,3,12,2,15.0,85.0,2445.1,82.5,999.0,True,0.51,20.0,0,10,0,False,False,0,WET,NORMAL,8,0,74,False,0,DIM,RAIN,8,74,True,False,0,SAFE,SAFE,SAFE,10,0,100,False,0,8,0,12,100,74,False,True,False,False,True,False
84.65,49.02,3986,3,12,2,15.0,85.0,2445.1,81.9,999.0,True,0.51,20.0,0,10,0,False,False,0,WET,NORMAL,8,0,73,False,0,DIM,RAIN,8,73,True,False,0,SAFE,SAFE,SAFE,10,0,100,False,0,8,0,12,100,73,False,True,False,False,True,False
84.7,49.35,4012,3,12,2,15.0,85.0,2445.1,81.6,999.0,True,0.51,20.0,0,10,0,False,False,0,WET,NORMAL,8,0,73,False,0,DIM,RAIN,8,73,True,False,0,SAFE,SAFE,SAFE,10,0,100,False,0,8,0,12,100,73,False,True,False,False,True,False
84.75,49.64,4035,3,12,2,15.0,85.0,2445.1,81.6,999.0,True,0.51,20.0,0,10,0,False,False,0,WET,NORMAL,8,0,73,False,0,DIM,RAIN,8,73,True,False,0,SAFE,SAFE,SAFE,10,0,100,False,0,8,0,12,100,73,False,True,False,False,True,False
84.8,49.96,4062,3,12,2,15.0,85.0,2445.1,81.2,999.0,True,0.51,20.0,0,10,0,False,False,0,WET,NORMAL,8,0,73,False,0,DIM,RAIN,8,73,True,False,0,SAFE,SAFE,SAFE,10,0,100,False,0,8,0,12,100,73,False,True,False,False,True,False
84.85,50.26,4086,3,12,2,15.0,85.0,2445.1,80.7,999.0,True,0.51,20.0,0,10,0,False,False,0,WET,NORMAL,8,0,72,False,0,DIM,RAIN,8,72,True,False,0,SAFE,SAFE,SAFE,10,0,100,False,0,8,0,12,100,72,False,True,False,False,True,False
84.9,50.57,4112,3,12,2,15.0,85.0,2445.1,80.5,999.0,True,0.51,20.0,0,10,0,False,False,0,WET,NORMAL,8,0,72,False,0,DIM,RAIN,8,72,True,False,0,SAFE,SAFE,SAFE,10,0,100,False,0,8,0,12,100,72,False,True,False,False,True,False
84.95,50.88,4137,3,12,2,15.0,85.0,2445.1,80.5,999.0,True,0.51,20.0,0,10,0,False,False,0,WET,NORMAL,8,0,72,False,0,DIM,RAIN,8,72,True,False,0,SAFE,SAFE,SAFE,10,0,100,False,0,8,0,12,100,72,False,True,False,False,True,False
85.0,51.2,4162,3,12,2,15.0,85.0,2445.1,80.4,999.0,True,0.51,20.0,0,10,0,False,False,0,WET,NORMAL,8,0,72,False,0,DIM,RAIN,8,72,True,False,0,SAFE,SAFE,SAFE,10,0,100,False,0,8,0,12,100,72,False,True,False,False,True,False
85.05,51.51,4188,3,12,2,15.0,85.0,2445.1,79.9,999.0,True,0.51,20.0,0,10,0,False,False,0,WET,NORMAL,8,0,71,False,0,DIM,RAIN,8,71,True,False,0,SAFE,SAFE,SAFE,10,0,100,False,0,8,0,12,100,71,False,True,False,False,True,False
85.1,51.83,4214,3,12,2,15.0,85.0,2445.1,79.7,999.0,True,0.51,20.0,0,10,0,False,False,0,WET,NORMAL,8,0,71,False,0,DIM,RAIN,8,71,True,False,0,SAFE,SAFE,SAFE,10,0,100,False,0,8,0,12,100,71,False,True,False,False,True,False
85.15,52.15,4239,3,12,2,15.0,85.0,2445.1,79.7,999.0,True,0.51,20.0,0,10,0,False,False,0,WET,NORMAL,8,0,71,False,0,DIM,RAIN,8,71,True,False,0,SAFE,SAFE,SAFE,10,0,100,False,0,8,0,12,100,71,False,True,False,False,True,False
85.2,52.47,4266,3,12,2,15.0,85.0,2445.1,79.6,999.0,True,0.51,20.0,0,10,0,False,False,0,WET,NORMAL,8,0,71,False,0,DIM,RAIN,8,71,True,False,0,SAFE,SAFE,SAFE,10,0,100,False,0,8,0,12,100,71,False,True,False,False,True,False
85.25,52.79,4292,3,12,2,15.0,85.0,2445.1,79.2,999.0,True,0.51,20.0,0,10,0,False,False,0,WET,NORMAL,8,0,71,False,0,DIM,RAIN,8,71,True,False,0,SAFE,SAFE,SAFE,10,0,100,False,0,8,0,12,100,71,False,True,False,False,True,False
85.3,53.11,4318,3,12,2,15.0,85.0,2445.1,79.0,999.0,True,0.51,20.0,0,10,0,False,False,0,WET,NORMAL,8,0,71,False,0,DIM,RAIN,8,71,True,False,0,SAFE,SAFE,SAFE,10,0,100,False,0,8,0,12,100,71,False,True,False,False,True,False
85.35,53.44,4345,3,12,2,15.0,85.0,2445.1,79.1,999.0,True,0.51,20.0,0,10,0,False,False,0,WET,NORMAL,8,0,71,False,0,DIM,RAIN,8,71,True,False,0,SAFE,SAFE,SAFE,10,0,100,False,0,8,0,12,100,71,False,True,False,False,True,False
85.4,53.77,4371,3,12,2,15.0,85.0,2445.1,78.8,999.0,True,0.51,20.0,0,10,0,False,False,0,WET,NORMAL,8,0,70,False,0,DIM,RAIN,8,70,True,False,0,SAFE,SAFE,SAFE,10,0,100,False,0,8,0,12,100,70,False,True,False,False,True,False
85.45,54.1,4398,3,12,2,15.0,85.0,2445.1,78.5,999.0,True,0.51,20.0,0,10,0,False,False,0,WET,NORMAL,8,0,70,False,0,DIM,RAIN,8,70,True,False,0,SAFE,SAFE,SAFE,10,0,100,False,0,8,0,12,100,70,False,True,False,False,True,False
85.5,54.43,4425,3,12,2,15.0,85.0,2402.7,78.4,999.0,True,0.51,20.0,0,10,0,False,False,0,WET,NORMAL,8,0,70,False,0,DIM,RAIN,8,70,True,False,0,SAFE,SAFE,SAFE,10,0,100,False,0,8,0,12,100,70,False,True,False,False,True,False
85.55,54.76,4452,3,12,2,15.0,85.0,2402.7,78.5,999.0,True,0.51,20.0,0,10,0,False,False,0,WET,NORMAL,8,0,70,False,0,DIM,RAIN,8,70,True,False,0,SAFE,SAFE,SAFE,10,0,100,False,0,8,0,12,100,70,False,True,False,False,True,False
85.6,55.1,4480,3,12,2,15.0,85.0,2402.7,78.0,999.0,True,0.51,20.0,0,10,0,False,False,0,WET,NORMAL,8,0,70,False,0,DIM,RAIN,8,70,True,False,0,SAFE,SAFE,SAFE,10,0,100,False,0,8,0,12,100,70,False,True,False,False,True,False
85.65,55.44,4507,3,12,2,15.0,85.0,2402.7,77.8,999.0,True,0.51,20.0,0,10,0,False,False,0,WET,NORMAL,8,0,69,False,0,DIM,RAIN,8,69,True,False,0,SAFE,SAFE,SAFE,10,0,100,False,0,8,0,12,100,69,False,True,False,False,True,False
85.7,55.78,4535,3,12,2,15.0,85.0,2402.7,77.7,999.0,True,0.51,20.0,0,10,0,False,False,0,WET,NORMAL,8,0,69,False,0,DIM,RAIN,8,69,True,False,0,SAFE,SAFE,SAFE,10,0,100,False,0,8,0,12,100,69,False,True,False,False,True,False
85.75,56.12,4563,3,12,2,15.0,85.0,2402.7,77.6,999.0,True,0.51,20.0,0,10,0,False,False,0,WET,NORMAL,8,0,69,False,0,DIM,RAIN,8,69,True,False,0,SAFE,SAFE,SAFE,10,0,100,False,0,8,0,12,100,69,False,True,False,False,True,False
85.8,56.47,4591,3,12,2,15.0,85.0,2402.7,77.2,999.0,True,0.51,20.0,0,10,0,False,False,0,WET,NORMAL,8,0,69,False,0,DIM,RAIN,8,69,True,False,0,SAFE,SAFE,SAFE,10,0,100,False,0,8,0,12,100,69,False,True,False,False,True,False
85.85,56.81,4619,3,12,2,15.0,85.0,2402.7,77.1,999.0,True,0.51,20.0,0,10,0,False,False,0,WET,NORMAL,8,0,69,False,0,DIM,RAIN,8,69,True,False,0,SAFE,SAFE,SAFE,10,0,100,False,0,8,0,12,100,69,False,True,False,False,True,False
85.9,57.16,4647,3,12,2,15.0,85.0,2402.7,77.1,999.0,True,0.51,20.0,0,10,0,False,False,0,WET,NORMAL,8,0,69,False,0,DIM,RAIN,8,69,True,False,0,SAFE,SAFE,SAFE,10,0,100,False,0,8,0,12,100,69,False,True,False,False,True,False
85.95,57.51,4676,3,12,2,15.0,85.0,2402.7,76.7,999.0,True,0.51,20.0,0,10,0,False,False,0,WET,NORMAL,8,0,69,False,0,DIM,RAIN,8,69,True,False,0,SAFE,SAFE,SAFE,10,0,100,False,0,8,0,12,100,69,False,True,False,False,True,False
86.0,57.86,4704,3,12,2,15.0,85.0,2402.7,76.5,999.0,True,0.51,20.0,0,10,0,False,False,0,WET,NORMAL,8,0,68,False,0,DIM,RAIN,8,68,True,False,0,SAFE,SAFE,SAFE,10,0,100,False,0,8,0,12,100,68,False,True,False,False,True,False
86.05,58.22,4733,3,12,2,15.0,85.0,2402.7,76.4,999.0,True,0.51,20.0,0,10,0,False,False,0,WET,NORMAL,8,0,68,False,0,DIM,RAIN,8,68,True,False,0,SAFE,SAFE,SAFE,10,0,100,False,0,8,0,12,100,68,False,True,False,False,True,False
86.1,58.57,4762,3,12,2,15.0,85.0,2402.7,76.2,999.0,True,0.51,20.0,0,10,0,False,False,0,WET,NORMAL,8,0,68,False,0,DIM,RAIN,8,68,True,False,0,SAFE,SAFE,SAFE,10,0,100,False,0,8,0,12,100,68,False,True,False,False,True,False
86.15,58.93,4791,3,12,2,15.0,85.0,2402.7,75.9,999.0,True,0.51,20.0,0,10,0,False,False,0,WET,NORMAL,8,0,68,False,0,DIM,RAIN,8,68,True,False,0,SAFE,SAFE,SAFE,10,0,100,False,0,8,0,12,100,68,False,True,False,False,True,False
86.2,59.29,4821,3,12,2,15.0,85.0,2402.7,75.7,999.0,True,0.51,20.0,0,10,0,False,False,0,WET,NORMAL,8,0,68,False,0,DIM,RAIN,8,68,True,False,0,SAFE,SAFE,SAFE,10,0,100,False,0,8,0,12,100,68,False,True,False,False,True,False
86.25,59.66,4850,3,12,2,15.0,85.0,2402.7,75.7,999.0,True,0.51,20.0,0,10,0,False,False,0,WET,NORMAL,8,0,68,False,0,DIM,RAIN,8,68,True,False,0,SAFE,SAFE,SAFE,10,0,100,False,0,8,0,12,100,68,False,True,False,False,True,False
86.3,60.02,4880,3,12,2,15.0,85.0,2402.7,75.3,999.0,True,0.51,20.0,0,10,0,False,False,0,WET,NORMAL,8,0,67,False,0,DIM,RAIN,8,67,True,False,0,SAFE,SAFE,SAFE,10,0,100,False,0,8,0,12,100,67,False,True,False,False,True,False
86.35,60.39,4910,3,12,2,15.0,85.0,2402.7,75.0,999.0,True,0.51,20.0,0,10,0,False,False,0,WET,NORMAL,8,0,67,False,0,DIM,RAIN,8,67,True,False,0,SAFE,SAFE,SAFE,10,0,100,False,0,8,0,12,100,67,False,True,False,False,True,False
86.4,60.76,4940,3,12,2,15.0,85.0,2402.7,74.9,999.0,True,0.51,20.0,0,10,0,False,False,0,WET,NORMAL,8,0,67,False,0,DIM,RAIN,8,67,True,False,0,SAFE,SAFE,SAFE,10,0,100,False,0,8,0,12,100,67,False,True,False,False,True,False
86.45,61.13,4970,3,12,2,15.0,85.0,2402.7,74.6,999.0,True,0.51,20.0,0,10,0,False,False,0,WET,NORMAL,8,0,67,False,0,DIM,RAIN,8,67,True,False,0,SAFE,SAFE,SAFE,10,0,100,False,0,8,0,12,100,67,False,True,False,False,True,False
86.5,61.5,5000,3,12,2,15.0,85.0,2402.7,74.3,999.0,True,0.51,20.0,0,10,0,False,False,0,WET,NORMAL,8,0,66,False,0,DIM,RAIN,8,66,True,False,0,SAFE,SAFE,SAFE,10,0,100,False,0,8,0,12,100,66,False,True,False,False,True,False
86.55,61.88,5031,3,12,2,15.0,85.0,2402.7,74.2,999.0,True,0.51,20.0,0,10,0,False,False,0,WET,NORMAL,8,0,66,False,0,DIM,RAIN,8,66,True,False,0,SAFE,SAFE,SAFE,10,0,100,False,0,8,0,12,100,66,False,True,False,False,True,False
86.6,62.26,5062,3,12,2,15.0,85.0,2402.7,74.0,999.0,True,0.51,20.0,0,10,0,False,False,0,WET,NORMAL,8,0,66,False,0,DIM,RAIN,8,66,True,False,0,SAFE,SAFE,SAFE,10,0,100,False,0,8,0,12,100,66,False,True,False,False,True,False
86.65,62.64,5093,3,12,2,15.0,85.0,2402.7,73.6,999.0,True,0.51,20.0,0,10,0,False,False,0,WET,NORMAL,8,0,66,False,0,DIM,RAIN,8,66,True,False,0,SAFE,SAFE,SAFE,10,0,100,False,0,8,0,12,100,66,False,True,False,False,True,False
86.7,63.02,5124,3,12,2,15.0,85.0,2402.7,73.5,999.0,True,0.51,20.0,0,10,0,False,False,0,WET,NORMAL,8,0,66,False,0,DIM,RAIN,8,66,True,False,0,SAFE,SAFE,SAFE,10,0,100,False,0,8,0,12,100,66,False,True,False,False,True,False
86.75,63.41,5155,3,12,2,15.0,85.0,2402.7,73.3,999.0,True,0.51,20.0,0,10,0,False,False,0,WET,NORMAL,8,0,66,False,0,DIM,RAIN,8,66,True,False,0,SAFE,SAFE,SAFE,10,0,100,False,0,8,0,12,100,66,False,True,False,False,True,False
86.8,63.79,5187,3,12,2,15.0,85.0,2402.7,72.9,999.0,True,0.51,20.0,0,10,0,False,False,0,WET,NORMAL,8,0,65,False,0,DIM,RAIN,8,65,True,False,0,SAFE,SAFE,SAFE,10,0,100,False,0,8,0,12,100,65,False,True,False,False,True,False
86.85,64.18,5218,3,12,2,15.0,85.0,2402.7,72.7,999.0,True,0.51,20.0,0,10,0,False,False,0,WET,NORMAL,8,0,65,False,0,DIM,RAIN,8,65,True,False,0,SAFE,SAFE,SAFE,10,0,100,False,0,8,0,12,100,65,False,True,False,False,True,False
86.9,64.58,5250,3,12,2,15.0,85.0,2402.7,72.6,999.0,True,0.51,20.0,0,10,0,False,False,0,WET,NORMAL,8,0,65,False,0,DIM,RAIN,8,65,True,False,0,SAFE,SAFE,SAFE,10,0,100,False,0,8,0,12,100,65,False,True,False,False,True,False
86.95,64.97,5282,3,12,2,15.0,85.0,2402.7,72.2,999.0,True,0.51,20.0,0,10,0,False,False,0,WET,NORMAL,8,0,64,False,0,DIM,RAIN,8,64,True,False,0,SAFE,SAFE,SAFE,10,0,100,False,0,8,0,12,100,64,False,True,False,False,True,False
87.0,65.33,5311,3,12,2,15.0,85.0,2461.2,72.0,999.0,True,0.51,20.0,0,10,0,False,False,0,WET,NORMAL,0,0,64,False,0,DIM,RAIN,0,64,True,False,0,SAFE,SAFE,SAFE,10,0,100,False,0,0,0,12,100,64,False,True,False,False,True,False
87.05,65.43,5319,3,12,2,15.0,85.0,2461.2,71.9,999.0,True,0.51,20.0,0,10,0,False,False,0,WET,NORMAL,0,0,64,False,0,DIM,RAIN,0,64,True,False,0,SAFE,SAFE,SAFE,10,0,100,False,0,0,0,12,100,64,False,True,False,False,True,False
87.1,65.32,5310,3,12,2,15.0,85.0,2461.2,71.4,999.0,True,0.51,20.0,0,10,0,False,False,0,WET,NORMAL,0,0,64,False,0,DIM,RAIN,0,64,True,False,0,SAFE,SAFE,SAFE,10,0,100,False,0,0,0,12,100,64,False,True,False,False,True,False
87.15,65.09,5292,3,12,2,15.0,85.0,2461.2,70.9,999.0,True,0.51,20.0,0,10,0,False,False,0,WET,NORMAL,0,0,63,False,0,DIM,RAIN,0,63,True,False,0,SAFE,SAFE,SAFE,10,0,100,False,0,0,0,12,100,63,False,True,False,False,True,False
87.2,64.79,5268,3,12,2,15.0,85.0,2461.2,70.5,999.0,True,0.51,20.0,0,10,0,False,False,0,WET,NORMAL,0,0,63,False,0,DIM,RAIN,0,63,True,False,0,SAFE,SAFE,SAFE,10,0,100,False,0,0,0,12,100,63,False,True,False,False,True,False
87.25,64.46,5241,3,12,2,15.0,85.0,2461.2,70.0,999.0,True,0.51,20.0,0,10,0,False,False,0,WET,NORMAL,0,0,63,False,0,DIM,RAIN,0,63,True,False,0,SAFE,SAFE,SAFE,10,0,100,False,0,0,0,12,100,63,False,True,False,False,True,False
87.3,64.1,5212,3,12,2,15.0,85.0,2461.2,69.4,999.0,True,0.51,20.0,0,10,0,False,False,0,WET,NORMAL,0,0,62,False,0,DIM,RAIN,0,62,True,False,0,SAFE,SAFE,SAFE,10,0,100,False,0,0,0,12,100,62,False,True,False,False,True,False
87.35,63.74,5182,3,12,2,15.0,85.0,2461.2,69.0,999.0,True,0.51,20.0,0,10,0,False,False,0,WET,NORMAL,0,0,62,False,0,DIM,RAIN,0,62,True,False,0,SAFE,SAFE,SAFE,10,0,100,False,0,0,0,12,100,62,False,True,False,False,True,False
87.4,63.36,5152,3,12,2,15.0,85.0,2461.2,68.6,999.0,True,0.51,20.0,0,10,0,False,False,0,WET,NORMAL,0,0,61,False,0,DIM,RAIN,0,61,True,False,0,SAFE,SAFE,SAFE,10,0,100,False,0,0,0,12,100,61,False,True,False,False,True,False
87.45,62.99,5121,3,12,2,15.0,85.0,2461.2,68.2,999.0,True,0.51,20.0,0,10,0,False,False,0,WET,NORMAL,0,0,61,False,0,DIM,RAIN,0,61,True,False,0,SAFE,SAFE,SAFE,10,0,100,False,0,0,0,12,100,61,False,True,False,False,True,False
87.5,62.61,5090,3,12,2,15.0,85.0,2461.2,67.8,999.0,True,0.51,20.0,0,10,0,False,False,0,WET,NORMAL,0,0,61,False,0,DIM,RAIN,0,61,True,False,0,SAFE,SAFE,SAFE,10,0,100,False,0,0,0,12,100,61,False,True,False,False,True,False
87.55,62.23,5060,3,12,2,15.0,85.0,2461.2,67.5,999.0,True,0.51,20.0,0,10,0,False,False,0,WET,NORMAL,0,0,60,False,0,DIM,RAIN,0,60,True,False,0,SAFE,SAFE,SAFE,10,0,100,False,0,0,0,12,100,60,False,True,False,False,True,False
87.6,61.86,5029,3,12,2,15.0,85.0,2461.2,67.4,999.0,True,0.51,20.0,0,10,0,False,False,0,WET,NORMAL,0,0,60,False,0,DIM,RAIN,0,60,True,False,0,SAFE,SAFE,SAFE,10,0,100,False,0,0,0,12,100,60,False,True,False,False,True,False
87.65,61.48,4998,3,12,2,15.0,85.0,2461.2,67.1,999.0,True,0.51,20.0,0,10,0,False,False,0,WET,NORMAL,0,0,60,False,0,DIM,RAIN,0,60,True,False,0,SAFE,SAFE,SAFE,10,0,100,False,0,0,0,12,100,60,False,True,False,False,True,False
87.7,61.11,4968,3,12,2,15.0,85.0,2461.2,66.9,999.0,True,0.51,20.0,0,10,0,False,False,0,WET,NORMAL,0,0,60,False,0,DIM,RAIN,0,60,True,False,0,SAFE,SAFE,SAFE,10,0,100,False,0,0,0,12,100,60,False,True,False,False,True,False
87.75,60.73,4938,3,12,2,15.0,85.0,2461.2,66.8,999.0,True,0.51,20.0,0,10,0,False,False,0,WET,NORMAL,0,0,60,False,0,DIM,RAIN,0,60,True,False,0,SAFE,SAFE,SAFE,10,0,100,False,0,0,0,12,100,60,False,True,False,False,True,False
87.8,60.36,4908,3,12,2,15.0,85.0,2461.2,66.8,999.0,True,0.51,20.0,0,10,0,False,False,0,WET,NORMAL,0,0,60,False,0,DIM,RAIN,0,60,True,False,0,SAFE,SAFE,SAFE,10,0,100,False,0,0,0,12,100,60,False,True,False,False,True,False
87.85,59.99,4878,3,12,2,15.0,85.0,2461.2,66.7,999.0,True,0.51,20.0,0,10,0,False,False,0,WET,NORMAL,8,0,60,False,0,DIM,RAIN,8,60,True,False,0,SAFE,SAFE,SAFE,10,0,100,False,0,8,0,12,100,60,False,True,False,False,True,False
87.9,59.72,4855,3,12,2,15.0,85.0,2461.2,66.7,999.0,True,0.51,20.0,0,10,0,False,False,0,WET,NORMAL,8,0,60,False,0,DIM,RAIN,8,60,True,False,0,SAFE,SAFE,SAFE,10,0,100,False,0,8,0,12,100,60,False,True,False,False,True,False
87.95,59.52,4839,3,12,2,15.0,85.0,2461.2,66.8,999.0,True,0.51,20.0,0,10,0,False,False,0,WET,NORMAL,8,0,60,False,0,DIM,RAIN,8,60,True,False,0,SAFE,SAFE,SAFE,10,0,100,False,0,8,0,12,100,60,False,True,False,False,True,False
88.0,59.45,4833,3,12,2,15.0,85.0,2461.2,67.0,999.0,True,0.51,20.0,0,10,0,False,False,0,WET,NORMAL,8,0,60,False,0,DIM,RAIN,8,60,True,False,0,SAFE,SAFE,SAFE,10,0,100,False,0,8,0,12,100,60,False,True,False,False,True,False
88.05,59.5,4838,3,12,2,15.0,85.0,2461.2,67.3,999.0,True,0.51,20.0,0,10,0,False,False,0,WET,NORMAL,8,0,60,False,0,DIM,RAIN,8,60,True,False,0,SAFE,SAFE,SAFE,10,0,100,False,0,8,0,12,100,60,False,True,False,False,True,False
88.1,59.65,4849,3,12,2,15.0,85.0,2461.2,67.6,999.0,True,0.51,20.0,0,10,0,False,False,0,WET,NORMAL,8,0,60,False,0,DIM,RAIN,8,60,True,False,0,SAFE,SAFE,SAFE,10,0,100,False,0,8,0,12,100,60,False,True,False,False,True,False
88.15,59.86,4867,3,12,2,15.0,85.0,2461.2,68.0,999.0,True,0.51,20.0,0,10,0,False,False,0,WET,NORMAL,8,0,61,False,0,DIM,RAIN,8,61,True,False,0,SAFE,SAFE,SAFE,10,0,100,False,0,8,0,12,100,61,False,True,False,False,True,False
88.2,60.12,4888,3,12,2,15.0,85.0,2461.2,68.6,999.0,True,0.51,20.0,0,10,0,False,False,0,WET,NORMAL,8,0,61,False,0,DIM,RAIN,8,61,True,False,0,SAFE,SAFE,SAFE,10,0,100,False,0,8,0,12,100,61,False,True,False,False,True,False
88.25,60.41,4911,3,12,2,15.0,85.0,2461.2,69.1,999.0,True,0.51,20.0,0,10,0,False,False,0,WET,NORMAL,8,0,62,False,0,DIM,RAIN,8,62,True,False,0,SAFE,SAFE,SAFE,10,0,100,False,0,8,0,12,100,62,False,True,False,False,True,False
88.3,60.72,4937,3,12,2,15.0,85.0,2461.2,69.6,999.0,True,0.51,20.0,0,10,0,False,False,0,WET,NORMAL,8,0,62,False,0,DIM,RAIN,8,62,True,False,0,SAFE,SAFE,SAFE,10,0,100,False,0,8,0,12,100,62,False,True,False,False,True,False
88.35,61.05,4964,3,12,2,15.0,85.0,2461.2,70.2,999.0,True,0.51,20.0,0,10,0,False,False,0,WET,NORMAL,8,0,63,False,0,DIM,RAIN,8,63,True,False,0,SAFE,SAFE,SAFE,10,0,100,False,0,8,0,12,100,63,False,True,False,False,True,False
88.4,61.4,4992,3,12,2,15.0,85.0,2461.2,70.8,999.0,True,0.51,20.0,0,10,0,False,False,0,WET,NORMAL,8,0,63,False,0,DIM,RAIN,8,63,True,False,0,SAFE,SAFE,SAFE,10,0,100,False,0,8,0,12,100,63,False,True,False,False,True,False
88.45,61.76,5021,3,12,2,15.0,85.0,2461.2,71.2,999.0,True,0.51,20.0,0,10,0,False,False,0,WET,NORMAL,8,0,64,False,0,DIM,RAIN,8,64,True,False,0,SAFE,SAFE,SAFE,10,0,100,False,0,8,0,12,100,64,False,True,False,False,True,False
88.5,62.12,5050,3,12,2,15.0,85.0,2635.1,71.8,999.0,True,0.51,20.0,0,10,0,False,False,0,WET,NORMAL,8,0,64,False,0,DIM,RAIN,8,64,True,False,0,SAFE,SAFE,SAFE,10,0,100,False,0,8,0,12,100,64,False,True,False,False,True,False
88.55,62.49,5080,3,12,2,15.0,85.0,2635.1,72.3,999.0,True,0.51,20.0,0,10,0,False,False,0,WET,NORMAL,8,0,65,False,0,DIM,RAIN,8,65,True,False,0,SAFE,SAFE,SAFE,10,0,100,False,0,8,0,12,100,65,False,True,False,False,True,False
88.6,62.86,5111,3,12,2,15.0,85.0,2635.1,72.6,999.0,True,0.51,20.0,0,10,0,False,False,0,WET,NORMAL,8,0,65,False,0,DIM,RAIN,8,65,True,False,0,SAFE,SAFE,SAFE,10,0,100,False,0,8,0,12,100,65,False,True,False,False,True,False
88.65,63.24,5142,3,12,2,15.0,85.0,2635.1,73.0,999.0,True,0.51,20.0,0,10,0,False,False,0,WET,NORMAL,8,0,65,False,0,DIM,RAIN,8,65,True,False,0,SAFE,SAFE,SAFE,10,0,100,False,0,8,0,12,100,65,False,True,False,False,True,False
88.7,63.63,5173,3,12,2,15.0,85.0,2635.1,73.6,999.0,True,0.51,20.0,0,10,0,False,False,0,WET,NORMAL,8,0,66,False,0,DIM,RAIN,8,66,True,False,0,SAFE,SAFE,SAFE,10,0,100,False,0,8,0,12,100,66,False,True,False,False,True,False
88.75,64.01,5204,3,12,2,15.0,85.0,2635.1,73.7,999.0,True,0.51,20.0,0,10,0,False,False,0,WET,NORMAL,8,0,66,False,0,DIM,RAIN,8,66,True,False,0,SAFE,SAFE,SAFE,10,0,100,False,0,8,0,12,100,66,False,True,False,False,True,False
88.8,64.4,5236,3,12,2,15.0,85.0,2635.1,73.9,999.0,True,0.51,20.0,0,10,0,False,False,0,WET,NORMAL,8,0,66,False,0,DIM,RAIN,8,66,True,False,0,SAFE,SAFE,SAFE,10,0,100,False,0,8,0,12,100,66,False,True,False,False,True,False
88.85,64.79,5268,3,12,2,15.0,85.0,2635.1,74.3,999.0,True,0.51,20.0,0,10,0,False,False,0,WET,NORMAL,8,0,66,False,0,DIM,RAIN,8,66,True,False,0,SAFE,SAFE,SAFE,10,0,100,False,0,8,0,12,100,66,False,True,False,False,True,False
88.9,65.19,5300,3,12,2,15.0,85.0,2635.1,74.3,999.0,True,0.51,20.0,0,10,0,False,False,0,WET,NORMAL,8,0,66,False,0,DIM,RAIN,8,66,True,False,0,SAFE,SAFE,SAFE,10,0,100,False,0,8,0,12,100,66,False,True,False,False,True,False
88.95,65.59,5332,3,12,2,15.0,85.0,2635.1,74.3,999.0,True,0.51,20.0,0,10,0,False,False,0,WET,NORMAL,8,0,66,False,0,DIM,RAIN,8,66,True,False,0,SAFE,SAFE,SAFE,10,0,100,False,0,8,0,12,100,66,False,True,False,False,True,False
89.0,65.99,5365,3,12,2,15.0,85.0,2635.1,74.5,999.0,True,0.51,20.0,0,10,0,False,False,0,WET,NORMAL,8,0,67,False,0,DIM,RAIN,8,67,True,False,0,SAFE,SAFE,SAFE,10,0,100,False,0,8,0,12,100,67,False,True,False,False,True,False
89.05,66.39,5397,3,12,2,15.0,85.0,2635.1,74.5,999.0,True,0.51,20.0,0,10,0,False,False,0,WET,NORMAL,8,0,67,False,0,DIM,RAIN,8,67,True,False,0,SAFE,SAFE,SAFE,10,0,100,False,0,8,0,12,100,67,False,True,False,False,True,False
89.1,66.79,5430,3,12,2,15.0,85.0,2635.1,74.4,999.0,True,0.51,20.0,0,10,0,False,False,0,WET,NORMAL,8,0,66,False,0,DIM,RAIN,8,66,True,False,0,SAFE,SAFE,SAFE,10,0,100,False,0,8,0,12,100,66,False,True,False,False,True,False
89.15,67.16,5460,3,12,2,15.0,85.0,2635.1,74.5,999.0,True,0.51,20.0,0,10,0,False,False,0,WET,NORMAL,0,0,67,False,0,DIM,RAIN,0,67,True,False,0,SAFE,SAFE,SAFE,10,0,100,False,0,0,0,12,100,67,False,True,False,False,True,False
89.2,67.27,5469,3,12,2,15.0,85.0,2635.1,74.2,999.0,True,0.51,20.0,0,10,0,False,False,0,WET,NORMAL,0,0,66,False,0,DIM,RAIN,0,66,True,False,0,SAFE,SAFE,SAFE,10,0,100,False,0,0,0,12,100,66,False,True,False,False,True,False
89.25,67.16,5460,3,12,2,15.0,85.0,2635.1,73.9,999.0,True,0.51,20.0,0,10,0,False,False,0,WET,NORMAL,0,0,66,False,0,DIM,RAIN,0,66,True,False,0,SAFE,SAFE,SAFE,10,0,100,False,0,0,0,12,100,66,False,True,False,False,True,False
89.3,66.93,5441,3,12,2,15.0,85.0,2635.1,73.6,999.0,True,0.51,20.0,0,10,0,False,False,0,WET,NORMAL,0,0,66,False,0,DIM,RAIN,0,66,True,False,0,SAFE,SAFE,SAFE,10,0,100,False,0,0,0,12,100,66,False,True,False,False,True,False
89.35,66.63,5417,3,12,2,15.0,85.0,2635.1,73.2,999.0,True,0.51,20.0,0,10,0,False,False,0,WET,NORMAL,0,0,65,False,0,DIM,RAIN,0,65,True,False,0,SAFE,SAFE,SAFE,10,0,100,False,0,0,0,12,100,65,False,True,False,False,True,False
89.4,66.29,5389,3,12,2,15.0,85.0,2635.1,72.6,999.0,True,0.51,20.0,0,10,0,False,False,0,WET,NORMAL,0,0,65,False,0,DIM,RAIN,0,65,True,False,0,SAFE,SAFE,SAFE,10,0,100,False,0,0,0,12,100,65,False,True,False,False,True,False
89.45,65.92,5360,3,12,2,15.0,85.0,2635.1,72.1,999.0,True,0.51,20.0,0,10,0,False,False,0,WET,NORMAL,0,0,64,False,0,DIM,RAIN,0,64,True,False,0,SAFE,SAFE,SAFE,10,0,100,False,0,0,0,12,100,64,False,True,False,False,True,False
89.5,65.55,5329,3,12,2,15.0,85.0,2635.1,71.8,999.0,True,0.51,20.0,0,10,0,False,False,0,WET,NORMAL,0,0,64,False,0,DIM,RAIN,0,64,True,False,0,SAFE,SAFE,SAFE,10,0,100,False,0,0,0,12,100,64,False,True,False,False,True,False
89.55,65.17,5298,3,12,2,15.0,85.0,2635.1,71.2,999.0,True,0.51,20.0,0,10,0,False,False,0,WET,NORMAL,0,0,64,False,0,DIM,RAIN,0,64,True,False,0,SAFE,SAFE,SAFE,10,0,100,False,0,0,0,12,100,64,False,True,False,False,True,False
89.6,64.78,5267,3,12,2,15.0,85.0,2635.1,70.7,999.0,True,0.51,20.0,0,10,0,False,False,0,WET,NORMAL,0,0,63,False,0,DIM,RAIN,0,63,True,False,0,SAFE,SAFE,SAFE,10,0,100,False,0,0,0,12,100,63,False,True,False,False,True,False
89.65,64.4,5236,3,12,2,15.0,85.0,2635.1,70.4,999.0,True,0.51,20.0,0,10,0,False,False,0,WET,NORMAL,0,0,63,False,0,DIM,RAIN,0,63,True,False,0,SAFE,SAFE,SAFE,10,0,100,False,0,0,0,12,100,63,False,True,False,False,True,False
89.7,64.01,5204,3,12,2,15.0,85.0,2635.1,70.1,999.0,True,0.51,20.0,0,10,0,False,False,0,WET,NORMAL,0,0,63,False,0,DIM,RAIN,0,63,True,False,0,SAFE,SAFE,SAFE,10,0,100,False,0,0,0,12,100,63,False,True,False,False,True,False
89.75,63.63,5173,3,12,2,15.0,85.0,2635.1,69.7,999.0,True,0.51,20.0,0,10,0,False,False,0,WET,NORMAL,0,0,62,False,0,DIM,RAIN,0,62,True,False,0,SAFE,SAFE,SAFE,10,0,100,False,0,0,0,12,100,62,False,True,False,False,True,False
89.8,63.25,5142,3,12,2,15.0,85.0,2635.1,69.3,999.0,True,0.51,20.0,0,10,0,False,False,0,WET,NORMAL,0,0,62,False,0,DIM,RAIN,0,62,True,False,0,SAFE,SAFE,SAFE,10,0,100,False,0,0,0,12,100,62,False,True,False,False,True,False
89.85,62.86,5111,3,12,2,15.0,85.0,2635.1,69.1,999.0,True,0.51,20.0,0,10,0,False,False,0,WET,NORMAL,0,0,62,False,0,DIM,RAIN,0,62,True,False,0,SAFE,SAFE,SAFE,10,0,100,False,0,0,0,12,100,62,False,True,False,False,True,False
89.9,62.48,5080,3,12,2,15.0,85.0,2635.1,69.0,999.0,True,0.51,20.0,0,10,0,False,False,0,WET,NORMAL,0,0,62,False,0,DIM,RAIN,0,62,True,False,0,SAFE,SAFE,SAFE,10,0,100,False,0,0,0,12,100,62,False,True,False,False,True,False
89.95,62.11,5049,3,12,2,15.0,85.0,2635.1,68.8,999.0,True,0.51,20.0,0,10,0,False,False,0,WET,NORMAL,0,0,61,False,0,DIM,RAIN,0,61,True,False,0,SAFE,SAFE,SAFE,10,0,100,False,0,0,0,12,100,61,False,True,False,False,True,False
90.0,61.73,5019,3,12,2,15.0,85.0,2950.5,68.6,999.0,True,0.51,20.0,0,10,0,False,False,0,WET,NORMAL,0,0,61,False,0,DIM,RAIN,0,61,True,False,0,SAFE,SAFE,SAFE,10,0,100,False,0,0,0,12,100,61,False,True,False,False,True,False
90.05,61.35,4988,3,12,3,-3.0,80.0,3227.1,68.5,999.0,True,0.51,20.0,0,10,0,False,False,1,ICE,NORMAL,0,0,47,False,1,DIM,SNOW,0,41,True,False,0,SAFE,SAFE,SAFE,10,0,100,False,1,0,0,12,100,41,False,True,False,False,True,False
90.1,60.84,4947,3,12,3,-3.0,80.0,3227.1,68.6,999.0,True,0.51,20.0,0,10,0,False,False,1,ICE,NORMAL,0,0,48,False,1,DIM,SNOW,0,41,True,False,0,SAFE,SAFE,SAFE,10,0,100,False,1,0,0,12,100,41,False,True,False,False,True,False
90.15,60.12,4887,3,12,3,-3.0,80.0,3227.1,68.4,999.0,True,0.51,20.0,0,10,0,False,False,1,ICE,NORMAL,0,0,47,False,1,DIM,SNOW,0,41,True,False,0,SAFE,SAFE,SAFE,10,0,100,False,1,0,0,12,100,41,False,True,False,False,True,False
90.2,59.38,4828,3,12,3,-3.0,80.0,3227.1,68.2,999.0,True,0.51,20.0,0,10,0,False,False,1,ICE,NORMAL,0,0,47,False,1,DIM,SNOW,0,40,True,False,0,SAFE,SAFE,SAFE,10,0,100,False,1,0,0,12,100,40,False,True,False,False,True,False
90.25,58.64,4768,3,12,3,-3.0,80.0,3227.1,68.1,999.0,True,0.51,20.0,0,10,0,False,False,1,ICE,NORMAL,0,0,47,False,1,DIM,SNOW,0,40,True,False,0,SAFE,SAFE,SAFE,10,0,100,False,1,0,0,12,100,40,False,True,False,False,True,False
90.3,57.91,4708,3,12,3,-3.0,80.0,3227.1,68.1,999.0,True,0.51,20.0,0,10,0,False,False,1,ICE,NORMAL,0,0,47,False,1,DIM,SNOW,0,40,True,False,0,SAFE,SAFE,SAFE,10,0,100,False,1,0,0,12,100,40,False,True,False,False,True,False
90.35,57.18,4649,3,12,3,-3.0,80.0,3227.1,68.1,999.0,True,0.51,20.0,0,10,0,False,False,1,ICE,NORMAL,0,0,47,False,1,DIM,SNOW,0,40,True,False,0,SAFE,SAFE,SAFE,10,0,100,False,1,0,0,12,100,40,False,True,False,False,True,False
90.4,56.45,4589,3,12,3,-3.0,80.0,3227.1,68.0,999.0,True,0.51,20.0,0,10,0,False,False,1,ICE,NORMAL,0,0,47,False,1,DIM,SNOW,0,40,True,False,0,SAFE,SAFE,SAFE,10,0,100,False,1,0,0,12,100,40,False,True,False,False,True,False
90.45,55.72,4530,3,12,3,-3.0,80.0,3227.1,68.0,999.0,True,0.51,20.0,0,10,0,False,False,1,ICE,NORMAL,0,0,47,False,1,DIM,SNOW,0,40,True,False,0,SAFE,SAFE,SAFE,10,0,100,False,1,0,0,12,100,40,False,True,False,False,True,False
90.5,55.0,4471,3,12,3,-3.0,80.0,3227.1,68.2,999.0,True,0.51,20.0,0,10,0,False,False,1,ICE,NORMAL,0,0,47,False,1,DIM,SNOW,0,40,True,False,0,SAFE,SAFE,SAFE,10,0,100,False,1,0,0,12,100,40,False,True,False,False,True,False
90.55,54.46,4428,3,12,3,-3.0,80.0,3227.1,68.4,999.0,True,0.51,20.0,0,10,0,False,False,1,ICE,NORMAL,0,0,47,False,1,DIM,SNOW,0,41,True,False,0,SAFE,SAFE,SAFE,10,0,100,False,1,0,0,12,100,41,False,True,False,False,True,False
90.6,54.0,4390,3,12,3,-3.0,80.0,3227.1,68.9,999.0,True,0.51,20.0,0,10,0,False,False,1,ICE,NORMAL,0,0,48,False,1,DIM,SNOW,0,41,True,False,0,SAFE,SAFE,SAFE,10,0,100,False,1,0,0,12,100,41,False,True,False,False,True,False
90.65,53.54,4353,3,12,3,-3.0,80.0,3227.1,69.2,999.0,True,0.51,20.0,0,10,0,False,False,1,ICE,NORMAL,0,0,48,False,1,DIM,SNOW,0,41,True,False,0,SAFE,SAFE,SAFE,10,0,100,False,1,0,0,12,100,41,False,True,False,False,True,False
90.7,53.08,4316,3,12,3,-3.0,80.0,3227.1,69.7,999.0,True,0.51,20.0,0,10,0,False,False,1,ICE,NORMAL,0,0,48,False,1,DIM,SNOW,0,41,True,False,0,SAFE,SAFE,SAFE,10,0,100,False,1,0,0,12,100,41,False,True,False,False,True,False
90.75,52.63,4279,3,12,3,-3.0,80.0,3227.1,70.3,999.0,True,0.51,20.0,0,10,0,False,False,1,ICE,NORMAL,0,0,49,False,1,DIM,SNOW,0,42,True,False,0,SAFE,SAFE,SAFE,10,0,100,False,1,0,0,12,100,42,False,True,False,False,True,False
90.8,52.18,4242,3,12,3,-3.0,80.0,3227.1,71.1,999.0,True,0.51,20.0,0,10,0,False,False,1,ICE,NORMAL,0,0,49,False,1,DIM,SNOW,0,42,True,False,0,SAFE,SAFE,SAFE,10,0,100,False,1,0,0,12,100,42,False,True,False,False,True,False
90.85,51.74,4206,3,12,3,-3.0,80.0,3227.1,71.9,999.0,True,0.51,20.0,0,10,0,False,False,1,ICE,NORMAL,0,0,50,False,1,DIM,SNOW,0,43,True,False,0,SAFE,SAFE,SAFE,10,0,100,False,1,0,0,12,100,43,False,True,False,False,True,False
90.9,51.29,4170,3,12,3,-3.0,80.0,3227.1,72.5,999.0,True,0.51,20.0,0,10,0,False,False,1,ICE,NORMAL,0,0,50,False,1,DIM,SNOW,0,43,True,False,0,SAFE,SAFE,SAFE,10,0,100,False,1,0,0,12,100,43,False,True,False,False,True,False
90.95,50.85,4134,3,12,3,-3.0,80.0,3227.1,73.2,999.0,True,0.51,20.0,0,10,0,False,False,1,ICE,NORMAL,6,0,51,False,1,DIM,SNOW,0,43,True,False,0,SAFE,SAFE,SAFE,10,0,100,False,1,0,0,12,100,43,False,True,False,False,True,False
91.0,50.41,4098,3,12,3,-3.0,80.0,3227.1,74.1,999.0,True,0.51,20.0,0,10,0,False,False,1,ICE,NORMAL,6,0,51,False,1,DIM,SNOW,0,44,True,False,0,SAFE,SAFE,SAFE,10,0,100,False,1,0,0,12,100,44,False,True,False,False,True,False
91.05,49.97,4063,3,12,3,-3.0,80.0,3227.1,75.1,999.0,True,0.51,20.0,0,10,0,False,False,1,ICE,NORMAL,6,0,52,False,1,DIM,SNOW,0,45,True,False,0,SAFE,SAFE,SAFE,10,0,100,False,1,0,0,12,100,45,False,True,False,False,True,False
91.1,49.63,4035,3,12,3,-3.0,80.0,3227.1,76.3,999.0,True,0.51,20.0,0,10,0,False,False,1,ICE,NORMAL,6,0,53,False,1,DIM,SNOW,0,45,True,False,0,SAFE,SAFE,SAFE,10,0,100,False,1,0,0,12,100,45,False,True,False,False,True,False
91.15,49.32,4010,3,12,3,-3.0,80.0,3227.1,77.1,999.0,True,0.51,20.0,0,10,0,False,False,1,ICE,NORMAL,6,0,53,False,1,DIM,SNOW,0,46,True,False,0,SAFE,SAFE,SAFE,10,0,100,False,1,0,0,12,100,46,False,True,False,False,True,False
91.2,49.0,3984,3,12,3,-3.0,80.0,3227.1,78.2,999.0,True,0.51,20.0,0,10,0,False,False,1,ICE,NORMAL,6,0,54,False,1,DIM,SNOW,0,46,True,False,0,SAFE,SAFE,SAFE,10,0,100,False,1,0,0,12,100,46,False,True,False,False,True,False
91.25,48.7,3959,3,12,3,-3.0,80.0,3227.1,79.4,999.0,True,0.51,20.0,0,10,0,False,False,1,ICE,NORMAL,6,0,55,False,1,DIM,SNOW,0,47,True,False,0,SAFE,SAFE,SAFE,10,0,100,False,1,0,0,12,100,47,False,True,False,False,True,False
91.3,48.38,3933,3,12,3,-3.0,80.0,3227.1,80.7,999.0,True,0.51,20.0,0,10,0,False,False,1,ICE,NORMAL,6,0,56,False,1,DIM,SNOW,5,48,True,False,0,SAFE,SAFE,SAFE,10,0,100,False,1,5,0,12,100,48,False,True,False,False,True,False
91.35,48.15,3914,3,12,3,-3.0,80.0,3227.1,82.2,999.0,True,0.51,20.0,0,10,0,False,False,1,ICE,NORMAL,6,0,57,False,1,DIM,SNOW,5,49,True,False,0,SAFE,SAFE,SAFE,10,0,100,False,1,5,0,12,100,49,False,True,False,False,True,False
91.4,47.94,3898,3,12,3,-3.0,80.0,3227.1,83.2,999.0,True,0.51,20.0,0,10,0,False,False,1,ICE,NORMAL,6,0,58,False,1,DIM,SNOW,5,49,True,False,0,SAFE,SAFE,SAFE,10,0,100,False,1,5,0,12,100,49,False,True,False,False,True,False
91.45,47.8,3886,3,12,3,-3.0,80.0,3227.1,84.3,999.0,True,0.51,20.0,0,10,0,False,False,1,ICE,NORMAL,6,0,59,False,1,DIM,SNOW,5,50,True,False,0,SAFE,SAFE,SAFE,10,0,100,False,1,5,0,12,100,50,False,True,False,False,True,False
91.5,47.71,3879,3,12,3,-3.0,80.0,3769.7,85.6,999.0,True,0.51,20.0,0,10,0,False,False,1,ICE,NORMAL,6,0,59,False,1,DIM,SNOW,5,51,True,False,0,SAFE,SAFE,SAFE,10,0,100,False,1,5,0,12,100,51,False,True,False,False,True,False
91.55,47.69,3877,3,12,3,-3.0,80.0,3769.7,87.2,999.0,True,0.51,20.0,0,10,0,False,False,1,ICE,NORMAL,6,0,61,False,1,DIM,SNOW,5,52,True,False,0,SAFE,SAFE,SAFE,10,0,100,False,1,5,0,12,100,52,False,True,False,False,True,False
91.6,47.67,3875,3,12,3,-3.0,80.0,3769.7,87.9,999.0,True,0.51,20.0,0,10,0,False,False,1,ICE,NORMAL,6,0,61,False,1,DIM,SNOW,5,52,True,False,0,SAFE,SAFE,SAFE,10,0,100,False,1,5,0,12,100,52,False,True,False,False,True,False
91.65,47.71,3879,3,12,3,-3.0,80.0,3769.7,87.9,999.0,True,0.51,20.0,0,10,0,False,False,1,ICE,NORMAL,6,0,61,False,1,DIM,SNOW,5,52,True,False,0,SAFE,SAFE,SAFE,10,0,100,False,1,5,0,12,100,52,False,True,False,False,True,False
91.7,47.71,3879,3,12,3,-3.0,80.0,3769.7,87.9,999.0,True,0.51,20.0,0,10,0,False,False,1,ICE,NORMAL,6,0,61,False,1,DIM,SNOW,5,52,True,False,0,SAFE,SAFE,SAFE,10,0,100,False,1,5,0,12,100,52,False,True,False,False,True,False
91.75,47.77,3884,3,12,3,-3.0,80.0,3769.7,87.9,999.0,True,0.51,20.0,0,10,0,False,False,1,ICE,NORMAL,6,0,61,False,1,DIM,SNOW,5,52,True,False,0,SAFE,SAFE,SAFE,10,0,100,False,1,5,0,12,100,52,False,True,False,False,True,False
91.8,47.78,3885,3,12,3,-3.0,80.0,3769.7,87.9,999.0,True,0.51,20.0,0,10,0,False,False,1,ICE,NORMAL,6,0,61,False,1,DIM,SNOW,5,52,True,False,0,SAFE,SAFE,SAFE,10,0,100,False,1,5,0,12,100,52,False,True,False,False,True,False
91.85,47.85,3890,3,12,3,-3.0,80.0,3769.7,87.9,999.0,True,0.51,20.0,0,10,0,False,False,1,ICE,NORMAL,6,0,61,False,1,DIM,SNOW,5,52,True,False,0,SAFE,SAFE,SAFE,10,0,100,False,1,5,0,12,100,52,False,True,False,False,True,False
91.9,47.87,3892,3,12,3,-3.0,80.0,3769.7,87.9,118.48,False,9.23,12.3,0,10,0,False,False,1,ICE,NORMAL,6,0,61,False,1,DIM,SNOW,5,52,True,False,0,SAFE,SAFE,SAFE,10,0,100,False,1,5,0,12,100,52,False,True,False,False,True,False
91.95,47.95,3898,3,12,3,-3.0,80.0,3769.7,87.9,118.01,False,9.14,12.37,0,10,0,False,False,1,ICE,NORMAL,6,0,61,False,1,DIM,SNOW,5,52,True,False,0,SAFE,SAFE,SAFE,10,0,100,False,1,5,0,12,100,52,False,True,False,False,True,False
92.0,47.97,3900,3,12,3,-3.0,80.0,3769.7,87.9,117.53,False,9.03,12.46,0,10,0,False,False,1,ICE,NORMAL,6,0,61,False,1,DIM,SNOW,5,52,True,False,0,SAFE,SAFE,SAFE,10,0,100,False,1,5,0,12,100,52,False,True,False,False,True,False
92.05,48.05,3906,3,12,3,-3.0,80.0,3769.7,87.9,117.07,False,8.95,12.53,0,10,0,False,False,1,ICE,NORMAL,6,0,61,False,1,DIM,SNOW,5,52,True,False,0,SAFE,SAFE,SAFE,10,0,100,False,1,5,0,12,100,52,False,True,False,False,True,False
92.1,48.07,3908,3,12,3,-3.0,80.0,3769.7,87.9,116.61,False,8.84,12.62,0,10,0,False,False,1,ICE,NORMAL,6,0,61,False,1,DIM,SNOW,5,52,True,False,0,SAFE,SAFE,SAFE,10,0,100,False,1,5,0,12,100,52,False,True,False,False,True,False
92.15,48.15,3914,3,12,3,-3.0,80.0,3769.7,87.9,116.15,False,8.76,12.69,0,10,0,False,False,1,ICE,NORMAL,6,0,61,False,1,DIM,SNOW,5,52,True,False,0,SAFE,SAFE,SAFE,10,0,100,False,1,5,0,12,100,52,False,True,False,False,True,False
92.2,48.17,3916,3,12,3,-3.0,80.0,3769.7,87.9,115.7,False,8.66,12.78,0,10,0,False,False,1,ICE,NORMAL,6,0,61,False,1,DIM,SNOW,5,52,True,False,0,SAFE,SAFE,SAFE,10,0,100,False,1,5,0,12,100,52,False,True,False,False,True,False
92.25,48.25,3923,3,12,3,-3.0,80.0,3769.7,87.9,115.25,False,8.58,12.86,0,10,0,False,False,1,ICE,NORMAL,6,0,61,False,1,DIM,SNOW,5,52,True,False,0,SAFE,SAFE,SAFE,10,0,100,False,1,5,0,12,100,52,False,True,False,False,True,False
92.3,48.28,3925,3,12,3,-3.0,80.0,3769.7,87.9,115.0,False,8.48,12.97,0,10,0,False,False,1,ICE,NORMAL,6,0,61,False,1,DIM,SNOW,5,52,True,False,0,SAFE,SAFE,SAFE,10,0,100,False,1,5,0,12,100,52,False,True,False,False,True,False
92.35,48.35,3931,3,12,3,-3.0,80.0,3769.7,87.9,114.64,False,8.4,13.06,0,10,0,False,False,1,ICE,NORMAL,6,0,61,False,1,DIM,SNOW,5,52,True,False,0,SAFE,SAFE,SAFE,10,0,100,False,1,5,0,12,100,52,False,True,False,False,True,False
92.4,48.38,3933,3,12,3,-3.0,80.0,3769.7,87.9,114.2,False,8.31,13.15,0,10,0,False,False,1,ICE,NORMAL,6,0,61,False,1,DIM,SNOW,5,52,True,False,0,SAFE,SAFE,SAFE,10,0,100,False,1,5,0,12,100,52,False,True,False,False,True,False
92.45,48.45,3939,3,12,3,-3.0,80.0,3769.7,87.9,113.77,False,8.15,13.34,0,10,0,False,False,1,ICE,NORMAL,6,0,61,False,1,DIM,SNOW,5,52,True,False,0,SAFE,SAFE,SAFE,10,0,100,False,1,5,0,12,100,52,False,True,False,False,True,False
92.5,48.48,3942,3,12,3,-3.0,80.0,3769.7,87.9,113.35,False,8.23,13.17,0,10,0,False,False,1,ICE,NORMAL,6,0,61,False,1,DIM,SNOW,5,52,True,False,0,SAFE,SAFE,SAFE,10,0,100,False,1,5,0,12,100,52,False,True,False,False,True,False
92.55,48.56,3948,3,12,3,-3.0,80.0,3769.7,87.9,112.93,False,7.99,13.51,0,10,0,False,False,1,ICE,NORMAL,6,0,61,False,1,DIM,SNOW,5,52,True,False,0,SAFE,SAFE,SAFE,10,0,100,False,1,5,0,12,100,52,False,True,False,False,True,False
92.6,48.59,3950,3,12,3,-3.0,80.0,3769.7,87.9,112.51,False,8.07,13.33,0,10,0,False,False,1,ICE,NORMAL,6,0,61,False,1,DIM,SNOW,5,52,True,False,0,SAFE,SAFE,SAFE,10,0,100,False,1,5,0,12,100,52,False,True,False,False,True,False
92.65,48.66,3956,3,12,3,-3.0,80.0,3769.7,87.9,112.09,False,7.83,13.68,0,10,0,False,False,1,ICE,NORMAL,6,0,61,False,1,DIM,SNOW,5,52,True,False,0,SAFE,SAFE,SAFE,10,0,100,False,1,5,0,12,100,52,False,True,False,False,True,False
92.7,48.69,3958,3,12,3,-3.0,80.0,3769.7,87.9,111.76,False,7.89,13.53,0,10,0,False,False,1,ICE,NORMAL,6,0,61,False,1,DIM,SNOW,5,52,True,False,0,SAFE,SAFE,SAFE,10,0,100,False,1,5,0,12,100,52,False,True,False,False,True,False
92.75,48.76,3964,3,12,3,-3.0,80.0,3769.7,87.9,111.35,False,7.72,13.77,0,10,0,False,False,1,ICE,NORMAL,6,0,61,False,1,DIM,SNOW,5,52,True,False,0,SAFE,SAFE,SAFE,10,0,100,False,1,5,0,12,100,52,False,True,False,False,True,False
92.8,48.79,3967,3,12,3,-3.0,80.0,3769.7,87.9,110.95,False,7.77,13.64,0,10,0,False,False,1,ICE,NORMAL,6,0,61,False,1,DIM,SNOW,5,52,True,False,0,SAFE,SAFE,SAFE,10,0,100,False,1,5,0,12,100,52,False,True,False,False,True,False
92.85,48.87,3973,3,12,3,-3.0,80.0,3769.7,87.9,110.74,False,7.6,13.91,0,10,0,False,False,1,ICE,NORMAL,6,0,61,False,1,DIM,SNOW,5,52,True,False,0,SAFE,SAFE,SAFE,10,0,100,False,1,5,0,12,100,52,False,True,False,False,True,False
92.9,48.9,3975,3,12,3,-3.0,80.0,3769.7,87.9,110.34,False,7.63,13.8,0,10,0,False,False,1,ICE,NORMAL,6,0,61,False,1,DIM,SNOW,5,52,True,False,0,SAFE,SAFE,SAFE,10,0,100,False,1,5,0,12,100,52,False,True,False,False,True,False
92.95,48.97,3981,3,12,3,-3.0,80.0,3769.7,87.9,109.95,False,7.46,14.07,0,10,0,False,False,1,ICE,NORMAL,6,0,61,False,1,DIM,SNOW,5,52,True,False,0,SAFE,SAFE,SAFE,10,0,100,False,1,5,0,12,100,52,False,True,False,False,True,False
93.0,49.0,3984,3,12,3,-3.0,80.0,4433.4,87.9,109.55,False,7.48,13.99,0,10,0,False,False,1,ICE,NORMAL,6,0,61,False,1,DIM,SNOW,5,52,True,False,0,SAFE,SAFE,SAFE,10,0,100,False,1,5,0,12,100,52,False,True,False,False,True,False
93.05,49.07,3990,3,12,3,-3.0,80.0,4433.4,87.9,109.17,False,7.3,14.26,0,10,0,False,False,1,ICE,NORMAL,6,0,61,False,1,DIM,SNOW,5,52,True,False,0,SAFE,SAFE,SAFE,10,0,100,False,1,5,0,12,100,52,False,True,False,False,True,False
93.1,49.1,3992,3,12,3,-3.0,80.0,4433.4,87.8,108.86,False,7.31,14.2,0,10,0,False,False,1,ICE,NORMAL,6,0,61,False,1,DIM,SNOW,5,52,True,False,0,SAFE,SAFE,SAFE,10,0,100,False,1,5,0,12,100,52,False,True,False,False,True,False
93.15,49.18,3998,3,12,3,-3.0,80.0,4433.4,87.7,108.49,False,7.14,14.49,0,10,0,False,False,1,ICE,NORMAL,6,0,61,False,1,DIM,SNOW,5,52,True,False,0,SAFE,SAFE,SAFE,10,0,100,False,1,5,0,12,100,52,False,True,False,False,True,False
93.2,49.21,4001,3,12,3,-3.0,80.0,4433.4,87.1,108.11,False,7.15,14.42,0,10,0,False,False,1,ICE,NORMAL,6,0,60,False,1,DIM,SNOW,5,52,True,False,0,SAFE,SAFE,SAFE,10,0,100,False,1,5,0,12,100,52,False,True,False,False,True,False
93.25,49.28,4006,3,12,3,-3.0,80.0,4433.4,86.4,107.74,False,6.99,14.71,0,10,0,False,False,1,ICE,NORMAL,6,0,60,False,1,DIM,SNOW,5,51,True,False,0,SAFE,SAFE,SAFE,10,0,100,False,1,5,0,12,100,51,False,True,False,False,True,False
93.3,49.31,4009,3,12,3,-3.0,80.0,4433.4,85.9,107.37,False,6.99,14.64,0,10,0,False,False,1,ICE,NORMAL,6,0,60,False,1,DIM,SNOW,5,51,True,False,0,SAFE,SAFE,SAFE,10,0,100,False,1,5,0,12,100,51,False,True,False,False,True,False
93.35,49.38,4015,3,12,3,-3.0,80.0,4433.4,85.6,107.08,False,6.83,14.95,0,10,0,False,False,1,ICE,NORMAL,6,0,59,False,1,DIM,SNOW,5,51,True,False,0,SAFE,SAFE,SAFE,10,0,100,False,1,5,0,12,100,51,False,True,False,False,True,False
93.4,49.42,4017,3,12,3,-3.0,80.0,4433.4,85.5,106.84,False,6.83,14.9,0,10,0,False,False,1,ICE,NORMAL,6,0,59,False,1,DIM,SNOW,5,51,True,False,0,SAFE,SAFE,SAFE,10,0,100,False,1,5,0,12,100,51,False,True,False,False,True,False
93.45,49.48,4023,3,12,3,-3.0,80.0,4433.4,84.8,106.49,False,6.68,15.2,0,10,0,False,False,1,ICE,NORMAL,6,0,59,False,1,DIM,SNOW,5,50,True,False,0,SAFE,SAFE,SAFE,10,0,100,False,1,5,0,12,100,50,False,True,False,False,True,False
93.5,49.52,4026,3,12,3,-3.0,80.0,4433.4,84.3,106.14,False,6.69,15.11,0,10,0,False,False,1,ICE,NORMAL,6,0,58,False,1,DIM,SNOW,5,50,True,False,0,SAFE,SAFE,SAFE,10,0,100,False,1,5,0,12,100,50,False,True,False,False,True,False
93.55,49.59,4031,3,12,3,-3.0,80.0,4433.4,84.0,105.86,False,6.57,15.35,0,10,0,False,False,1,ICE,NORMAL,6,0,58,False,1,DIM,SNOW,5,50,True,False,0,SAFE,SAFE,SAFE,10,0,100,False,1,5,0,12,100,50,False,True,False,False,True,False
93.6,49.62,4034,3,12,3,-3.0,80.0,4433.4,84.0,105.52,False,6.62,15.17,0,10,0,False,False,1,ICE,NORMAL,6,0,58,False,1,DIM,SNOW,5,50,True,False,0,SAFE,SAFE,SAFE,10,0,100,False,1,5,0,12,100,50,False,True,False,False,True,False
93.65,49.69,4040,3,12,3,-3.0,80.0,4433.4,83.5,105.17,False,6.55,15.28,0,10,0,False,False,1,ICE,NORMAL,6,0,58,False,1,DIM,SNOW,5,50,True,False,0,SAFE,SAFE,SAFE,10,0,100,False,1,5,0,12,100,50,False,True,False,False,True,False
93.7,49.73,4043,3,12,3,-3.0,80.0,4433.4,83.0,104.82,False,6.66,15.0,0,10,0,False,False,1,ICE,NORMAL,6,0,58,False,1,DIM,SNOW,5,49,True,False,0,SAFE,SAFE,SAFE,10,0,100,False,1,5,0,12,100,49,False,True,False,False,True,False
93.75,49.77,4046,3,12,3,-3.0,80.0,4433.4,82.7,104.47,False,6.61,15.04,0,10,0,False,False,1,ICE,NORMAL,6,0,57,False,1,DIM,SNOW,0,49,True,False,0,SAFE,SAFE,SAFE,10,0,100,False,1,0,0,12,100,49,False,True,False,False,True,False
93.8,49.61,4033,3,12,3,-3.0,80.0,4433.4,82.7,104.12,False,6.68,14.83,0,10,0,False,False,1,ICE,NORMAL,6,0,57,False,1,DIM,SNOW,5,49,True,False,0,SAFE,SAFE,SAFE,10,0,100,False,1,5,0,12,100,49,False,True,False,False,True,False
93.85,49.48,4022,3,12,3,-3.0,80.0,4433.4,82.5,103.77,False,6.6,14.97,0,10,0,False,False,1,ICE,NORMAL,6,0,57,False,1,DIM,SNOW,5,49,True,False,0,SAFE,SAFE,SAFE,10,0,100,False,1,5,0,12,100,49,False,True,False,False,True,False
93.9,49.29,4007,3,12,3,-3.0,80.0,4433.4,82.0,103.61,False,6.65,14.82,0,10,0,False,False,1,ICE,NORMAL,6,0,57,False,1,DIM,SNOW,0,49,True,False,0,SAFE,SAFE,SAFE,10,0,100,False,1,0,0,12,100,49,False,True,False,False,True,False
93.95,49.04,3987,3,12,3,-3.0,80.0,4433.4,81.7,103.27,False,6.52,15.08,0,10,0,False,False,1,ICE,NORMAL,6,0,57,False,1,DIM,SNOW,0,49,True,False,0,SAFE,SAFE,SAFE,10,0,100,False,1,0,0,12,100,49,False,True,False,False,True,False
94.0,48.72,3961,3,12,3,-3.0,80.0,4433.4,81.5,103.0,False,6.51,15.04,0,10,0,False,False,1,ICE,NORMAL,6,0,57,False,1,DIM,SNOW,5,48,True,False,0,SAFE,SAFE,SAFE,10,0,100,False,1,5,0,12,100,48,False,True,False,False,True,False
94.05,48.53,3945,3,12,3,-3.0,80.0,4433.4,81.5,102.66,False,6.37,15.34,0,10,0,False,False,1,ICE,NORMAL,6,0,57,False,1,DIM,SNOW,5,48,True,False,0,SAFE,SAFE,SAFE,10,0,100,False,1,5,0,12,100,48,False,True,False,False,True,False
94.1,48.29,3926,3,12,3,-3.0,80.0,4433.4,81.4,102.33,False,6.37,15.28,0,10,0,False,False,1,ICE,NORMAL,6,0,56,False,1,DIM,SNOW,5,48,True,False,0,SAFE,SAFE,SAFE,10,0,100,False,1,5,0,12,100,48,False,True,False,False,True,False
94.15,48.1,3910,3,12,3,-3.0,80.0,4433.4,81.0,101.99,False,6.22,15.6,0,10,0,False,False,1,ICE,NORMAL,6,0,56,False,1,DIM,SNOW,5,48,True,False,0,SAFE,SAFE,SAFE,10,0,100,False,1,5,0,12,100,48,False,True,False,False,True,False
94.2,47.85,3890,3,12,3,-3.0,80.0,4433.4,80.8,101.67,False,6.22,15.54,0,10,0,False,False,1,ICE,NORMAL,6,0,56,False,1,DIM,SNOW,5,48,True,False,0,SAFE,SAFE,SAFE,10,0,100,False,1,5,0,12,100,48,False,True,False,False,True,False
94.25,47.68,3876,3,12,3,-3.0,80.0,4433.4,80.8,101.34,False,6.08,15.85,0,10,0,False,False,1,ICE,NORMAL,6,0,56,False,1,DIM,SNOW,5,48,True,False,0,SAFE,SAFE,SAFE,10,0,100,False,1,5,0,12,100,48,False,True,False,False,True,False
94.3,47.5,3862,3,12,3,-3.0,80.0,4433.4,81.0,101.02,False,6.11,15.72,0,10,0,False,False,1,ICE,NORMAL,6,0,56,False,1,DIM,SNOW,5,48,True,False,0,SAFE,SAFE,SAFE,10,0,100,False,1,5,0,12,100,48,False,True,False,False,True,False
94.35,47.46,3858,3,12,3,-3.0,80.0,4433.4,81.0,100.7,False,6.01,15.92,0,10,0,False,False,1,ICE,NORMAL,6,0,56,False,1,DIM,SNOW,5,48,True,False,0,SAFE,SAFE,SAFE,10,0,100,False,1,5,0,12,100,48,False,True,False,False,True,False
94.4,47.39,3853,3,12,3,-3.0,80.0,4433.4,80.8,100.38,False,6.08,15.69,0,10,0,False,False,1,ICE,NORMAL,6,0,56,False,1,DIM,SNOW,5,48,True,False,0,SAFE,SAFE,SAFE,10,0,100,False,1,5,0,12,100,48,False,True,False,False,True,False
94.45,47.42,3855,3,12,3,-3.0,80.0,4433.4,80.8,100.26,False,6.01,15.85,0,10,0,False,False,1,ICE,NORMAL,6,0,56,False,1,DIM,SNOW,5,48,True,False,0,SAFE,SAFE,SAFE,10,0,100,False,1,5,0,12,100,48,False,True,False,False,True,False
94.5,47.4,3854,3,12,3,-3.0,80.0,5172.2,81.0,100.01,False,6.09,15.59,0,10,0,False,False,1,ICE,NORMAL,6,0,56,False,1,DIM,SNOW,5,48,True,False,0,SAFE,SAFE,SAFE,10,0,100,False,1,5,0,12,100,48,False,True,False,False,True,False
94.55,47.46,3858,3,12,3,-3.0,80.0,5172.2,81.5,99.69,False,6.03,15.7,0,10,0,False,False,1,ICE,NORMAL,6,0,57,False,1,DIM,SNOW,5,48,True,False,0,SAFE,SAFE,SAFE,10,0,100,False,1,5,0,12,100,48,False,True,False,False,True,False
94.6,47.46,3859,3,12,3,-3.0,80.0,5172.2,81.4,99.37,False,6.12,15.42,0,10,0,False,False,1,ICE,NORMAL,6,0,56,False,1,DIM,SNOW,5,48,True,False,0,SAFE,SAFE,SAFE,10,0,100,False,1,5,0,12,100,48,False,True,False,False,True,False
94.65,47.53,3864,3,12,3,-3.0,80.0,5172.2,81.4,99.05,False,6.06,15.52,0,10,0,False,False,1,ICE,NORMAL,6,0,56,False,1,DIM,SNOW,5,48,True,False,0,SAFE,SAFE,SAFE,10,0,100,False,1,5,0,12,100,48,False,True,False,False,True,False
94.7,47.55,3865,3,12,3,-3.0,80.0,5172.2,81.5,98.73,False,6.15,15.24,0,10,0,False,False,1,ICE,NORMAL,6,0,57,False,1,DIM,SNOW,5,48,True,False,0,SAFE,SAFE,SAFE,10,0,100,False,1,5,0,12,100,48,False,True,False,False,True,False
94.75,47.62,3872,3,12,3,-3.0,80.0,5172.2,81.8,98.4,False,6.08,15.35,0,10,0,False,False,1,ICE,NORMAL,6,0,57,False,1,DIM,SNOW,5,49,True,False,0,SAFE,SAFE,SAFE,10,0,100,False,1,5,0,12,100,49,False,True,False,False,True,False
94.8,47.64,3873,3,12,3,-3.0,80.0,5172.2,82.2,98.08,False,6.17,15.09,0,10,0,False,False,1,ICE,NORMAL,6,0,57,False,1,DIM,SNOW,5,49,True,False,0,SAFE,SAFE,SAFE,10,0,100,False,1,5,0,12,100,49,False,True,False,False,True,False
94.85,47.72,3879,3,12,3,-3.0,80.0,5172.2,82.1,97.76,False,6.1,15.19,0,10,0,False,False,1,ICE,NORMAL,6,0,57,False,1,DIM,SNOW,5,49,True,False,0,SAFE,SAFE,SAFE,10,0,100,False,1,5,0,12,100,49,False,True,False,False,True,False
94.9,47.74,3881,3,12,3,-3.0,80.0,5172.2,82.1,97.43,False,6.19,14.93,0,10,0,False,False,1,ICE,NORMAL,6,0,57,False,1,DIM,SNOW,5,49,True,False,0,SAFE,SAFE,SAFE,10,0,100,False,1,5,0,12,100,49,False,True,False,False,True,False
94.95,47.81,3887,3,12,3,-3.0,80.0,5172.2,82.2,97.14,False,6.13,15.03,0,10,0,False,False,1,ICE,NORMAL,6,0,57,False,1,DIM,SNOW,5,49,True,False,0,SAFE,SAFE,SAFE,10,0,100,False,1,5,0,12,100,49,False,True,False,False,True,False
95.0,47.84,3889,3,12,3,-3.0,80.0,5172.2,82.6,97.05,False,6.22,14.8,0,10,0,False,False,1,ICE,NORMAL,6,0,57,False,1,DIM,SNOW,5,49,True,False,0,SAFE,SAFE,SAFE,10,0,100,False,1,5,0,12,100,49,False,True,False,False,True,False
95.05,47.91,3895,3,12,3,-3.0,80.0,5172.2,82.8,96.73,False,6.16,14.9,0,10,0,False,False,1,ICE,NORMAL,6,0,57,False,1,DIM,SNOW,5,49,True,False,0,SAFE,SAFE,SAFE,10,0,100,False,1,5,0,12,100,49,False,True,False,False,True,False
95.1,47.94,3897,3,12,3,-3.0,80.0,5172.2,82.6,96.4,False,6.24,14.64,0,10,0,False,False,1,ICE,NORMAL,6,0,57,False,1,DIM,SNOW,5,49,True,False,0,SAFE,SAFE,SAFE,10,0,100,False,1,5,0,12,100,49,False,True,False,False,True,False
95.15,48.01,3904,3,12,3,-3.0,80.0,5172.2,82.6,96.07,False,6.18,14.73,0,10,0,False,False,1,ICE,NORMAL,6,0,57,False,1,DIM,SNOW,5,49,True,False,0,SAFE,SAFE,SAFE,10,0,100,False,1,5,0,12,100,49,False,True,False,False,True,False
95.2,48.04,3906,3,12,3,-3.0,80.0,5172.2,82.9,95.74,False,6.27,14.47,0,10,0,False,False,1,ICE,NORMAL,6,0,58,False,1,DIM,SNOW,5,49,True,False,0,SAFE,SAFE,SAFE,10,0,100,False,1,5,0,12,100,49,False,True,False,False,True,False
95.25,48.12,3912,3,12,3,-3.0,80.0,5172.2,83.3,95.41,False,6.21,14.55,0,10,0,False,False,1,ICE,NORMAL,6,0,58,False,1,DIM,SNOW,5,49,True,False,0,SAFE,SAFE,SAFE,10,0,100,False,1,5,0,12,100,49,False,True,False,False,True,False
95.3,48.14,3914,3,12,3,-3.0,80.0,5172.2,83.0,95.08,False,6.3,14.29,0,10,0,False,False,1,ICE,NORMAL,6,0,58,False,1,DIM,SNOW,5,49,True,False,0,SAFE,SAFE,SAFE,10,0,100,False,1,5,0,12,100,49,False,True,False,False,True,False
95.35,48.22,3920,3,12,3,-3.0,80.0,5172.2,82.9,94.75,False,6.24,14.38,0,10,0,False,False,1,ICE,NORMAL,6,0,58,False,1,DIM,SNOW,5,49,True,False,0,SAFE,SAFE,SAFE,10,0,100,False,1,5,0,12,100,49,False,True,False,False,True,False
95.4,48.24,3922,3,12,3,-3.0,80.0,5172.2,83.0,94.42,False,6.33,14.12,0,10,0,False,False,1,ICE,NORMAL,6,0,58,False,1,DIM,SNOW,5,49,True,False,0,SAFE,SAFE,SAFE,10,0,100,False,1,5,0,12,100,49,False,True,False,False,True,False
95.45,48.32,3928,3,12,3,-3.0,80.0,5172.2,83.3,94.09,False,6.27,14.21,0,10,0,False,False,1,ICE,NORMAL,6,0,58,False,1,DIM,SNOW,5,49,True,False,0,SAFE,SAFE,SAFE,10,0,100,False,1,5,0,12,100,49,False,True,False,False,True,False
95.5,48.34,3930,3,12,3,-3.0,80.0,5172.2,83.4,94.02,False,6.36,13.99,0,10,0,False,False,1,ICE,NORMAL,6,0,58,False,1,DIM,SNOW,5,50,True,False,0,SAFE,SAFE,SAFE,10,0,100,False,1,5,0,12,100,50,False,True,False,False,True,False
95.55,48.42,3936,3,12,3,-3.0,80.0,5172.2,83.1,93.69,False,6.3,14.08,0,10,0,False,False,1,ICE,NORMAL,6,0,58,False,1,DIM,SNOW,5,49,True,False,0,SAFE,SAFE,SAFE,10,0,100,False,1,5,0,12,100,49,False,True,False,False,True,False
95.6,48.45,3939,3,12,3,-3.0,80.0,5172.2,83.0,93.35,False,6.39,13.83,0,10,0,False,False,1,ICE,NORMAL,6,0,58,False,1,DIM,SNOW,5,49,True,False,0,SAFE,SAFE,SAFE,10,0,100,False,1,5,0,12,100,49,False,True,False,False,True,False
95.65,48.52,3945,3,12,3,-3.0,80.0,5172.2,83.2,93.02,False,6.33,13.9,0,10,0,False,False,1,ICE,NORMAL,6,0,58,False,1,DIM,SNOW,5,49,True,False,0,SAFE,SAFE,SAFE,10,0,100,False,1,5,0,12,100,49,False,True,False,False,True,False
95.7,48.55,3947,3,12,3,-3.0,80.0,5172.2,83.5,92.68,False,6.42,13.66,0,10,0,False,False,1,ICE,NORMAL,6,0,58,False,1,DIM,SNOW,5,50,True,False,0,SAFE,SAFE,SAFE,10,0,100,False,1,5,0,12,100,50,False,True,False,False,True,False
95.75,48.62,3953,3,12,3,-3.0,80.0,5172.2,83.2,92.35,False,6.36,13.74,0,10,0,False,False,1,ICE,NORMAL,6,0,58,False,1,DIM,SNOW,5,49,True,False,0,SAFE,SAFE,SAFE,10,0,100,False,1,5,0,12,100,49,False,True,False,False,True,False
95.8,48.65,3955,3,12,3,-3.0,80.0,5172.2,83.0,92.01,False,6.45,13.5,0,10,0,False,False,1,ICE,NORMAL,6,0,58,False,1,DIM,SNOW,5,49,True,False,0,SAFE,SAFE,SAFE,10,0,100,False,1,5,0,12,100,49,False,True,False,False,True,False
95.85,48.72,3961,3,12,3,-3.0,80.0,5172.2,83.0,91.67,False,6.38,13.58,0,10,0,False,False,1,ICE,NORMAL,6,0,58,False,1,DIM,SNOW,5,49,True,False,0,SAFE,SAFE,SAFE,10,0,100,False,1,5,0,12,100,49,False,True,False,False,True,False
95.9,48.75,3964,3,12,3,-3.0,80.0,5172.2,83.2,91.33,False,6.47,13.34,0,10,0,False,False,1,ICE,NORMAL,6,0,58,False,1,DIM,SNOW,5,49,True,False,0,SAFE,SAFE,SAFE,10,0,100,False,1,5,0,12,100,49,False,True,False,False,True,False
95.95,48.83,3969,3,12,3,-3.0,80.0,5172.2,83.3,91.07,False,6.41,13.43,0,10,0,False,False,1,ICE,NORMAL,6,0,58,False,1,DIM,SNOW,5,49,True,False,0,SAFE,SAFE,SAFE,10,0,100,False,1,5,0,12,100,49,False,True,False,False,True,False
96.0,48.86,3972,3,12,3,-3.0,80.0,6165.5,83.0,90.9,False,6.5,13.22,0,10,0,False,False,1,ICE,NORMAL,6,0,58,False,1,DIM,SNOW,5,49,True,False,0,SAFE,SAFE,SAFE,10,0,100,False,1,5,0,12,100,49,False,True,False,False,True,False
96.05,48.93,3978,3,12,3,-3.0,80.0,6165.5,82.9,90.56,False,6.44,13.29,0,10,0,False,False,1,ICE,NORMAL,6,0,57,False,1,DIM,SNOW,5,49,True,False,0,SAFE,SAFE,SAFE,10,0,100,False,1,5,0,12,100,49,False,True,False,False,True,False
96.1,48.96,3980,3,12,3,-3.0,80.0,6165.5,83.0,90.22,False,6.53,13.05,0,10,0,False,False,1,ICE,NORMAL,6,0,58,False,1,DIM,SNOW,5,49,True,False,0,SAFE,SAFE,SAFE,10,0,100,False,1,5,0,12,100,49,False,True,False,False,True,False
96.15,49.03,3986,3,12,3,-3.0,80.0,6165.5,83.2,89.88,False,6.47,13.12,0,10,0,False,False,1,ICE,NORMAL,6,0,58,False,1,DIM,SNOW,5,49,True,False,0,SAFE,SAFE,SAFE,10,0,100,False,1,5,0,12,100,49,False,True,False,False,True,False
96.2,49.03,3986,3,12,3,-3.0,80.0,6165.5,82.9,89.54,False,6.55,12.9,0,10,0,False,False,1,ICE,NORMAL,6,0,58,False,1,DIM,SNOW,5,49,True,False,0,SAFE,SAFE,SAFE,10,0,100,False,1,5,0,12,100,49,False,True,False,False,True,False
96.25,48.99,3982,3,12,3,-3.0,80.0,6165.5,82.7,89.19,False,6.46,13.04,0,10,0,False,False,1,ICE,NORMAL,6,0,57,False,1,DIM,SNOW,5,49,True,False,0,SAFE,SAFE,SAFE,10,0,100,False,1,5,0,12,100,49,False,True,False,False,True,False
96.3,48.84,3971,3,12,3,-3.0,80.0,6165.5,82.6,88.85,False,6.5,12.9,0,10,0,False,False,1,ICE,NORMAL,6,0,57,False,1,DIM,SNOW,5,49,True,False,0,SAFE,SAFE,SAFE,10,0,100,False,1,5,0,12,100,49,False,True,False,False,True,False
96.35,48.77,3965,3,12,3,-3.0,80.0,6165.5,82.7,88.51,False,6.4,13.05,0,10,0,False,False,1,ICE,NORMAL,6,0,57,False,1,DIM,SNOW,5,49,True,False,0,SAFE,SAFE,SAFE,10,0,100,False,1,5,0,12,100,49,False,True,False,False,True,False
96.4,48.7,3959,3,12,3,-3.0,80.0,6165.5,82.8,88.17,False,6.46,12.87,0,10,0,False,False,1,ICE,NORMAL,6,0,57,False,1,DIM,SNOW,5,49,True,False,0,SAFE,SAFE,SAFE,10,0,100,False,1,5,0,12,100,49,False,True,False,False,True,False
96.45,48.71,3960,3,12,3,-3.0,80.0,6165.5,82.4,87.91,False,6.38,12.99,0,10,0,False,False,1,ICE,NORMAL,6,0,57,False,1,DIM,SNOW,5,49,True,False,0,SAFE,SAFE,SAFE,10,0,100,False,1,5,0,12,100,49,False,True,False,False,True,False
96.5,48.7,3959,3,12,3,-3.0,80.0,6165.5,82.3,87.57,False,6.46,12.78,0,10,0,False,False,1,ICE,NORMAL,6,0,57,False,1,DIM,SNOW,5,49,True,False,0,SAFE,SAFE,SAFE,10,0,100,False,1,5,0,12,100,49,False,True,False,False,True,False
96.55,48.74,3963,3,12,3,-3.0,80.0,6165.5,82.4,87.43,False,6.39,12.9,0,10,0,False,False,1,ICE,NORMAL,6,0,57,False,1,DIM,SNOW,5,49,True,False,0,SAFE,SAFE,SAFE,10,0,100,False,1,5,0,12,100,49,False,True,False,False,True,False
96.6,48.76,3964,3,12,3,-3.0,80.0,6165.5,82.7,87.09,False,6.47,12.68,0,10,0,False,False,1,ICE,NORMAL,6,0,57,False,1,DIM,SNOW,5,49,True,False,0,SAFE,SAFE,SAFE,10,0,100,False,1,5,0,12,100,49,False,True,False,False,True,False
96.65,48.82,3969,3,12,3,-3.0,80.0,6165.5,82.4,86.75,False,6.41,12.76,0,10,0,False,False,1,ICE,NORMAL,6,0,57,False,1,DIM,SNOW,5,49,True,False,0,SAFE,SAFE,SAFE,10,0,100,False,1,5,0,12,100,49,False,True,False,False,True,False
96.7,48.84,3971,3,12,3,-3.0,80.0,6165.5,82.2,86.41,False,6.49,12.53,0,10,0,False,False,1,ICE,NORMAL,6,0,57,False,1,DIM,SNOW,5,49,True,False,0,SAFE,SAFE,SAFE,10,0,100,False,1,5,0,12,100,49,False,True,False,False,True,False
96.75,48.91,3976,3,12,3,-3.0,80.0,6165.5,82.2,86.07,False,6.43,12.61,0,10,0,False,False,1,ICE,NORMAL,6,0,57,False,1,DIM,SNOW,5,49,True,False,0,SAFE,SAFE,SAFE,10,0,100,False,1,5,0,12,100,49,False,True,False,False,True,False
96.8,48.93,3978,3,12,3,-3.0,80.0,6165.5,82.5,85.73,False,6.52,12.38,0,10,0,False,False,1,ICE,NORMAL,6,0,57,False,1,DIM,SNOW,5,49,True,False,0,SAFE,SAFE,SAFE,10,0,100,False,1,5,0,12,100,49,False,True,False,False,True,False
96.85,49.0,3984,3,12,3,-3.0,80.0,6165.5,82.6,85.38,False,6.46,12.44,0,10,0,False,False,1,ICE,NORMAL,6,0,57,False,1,DIM,SNOW,5,49,True,False,0,SAFE,SAFE,SAFE,10,0,100,False,1,5,0,12,100,49,False,True,False,False,True,False
96.9,49.01,3984,3,12,3,-3.0,80.0,6165.5,82.3,85.04,False,6.54,12.23,0,10,0,False,False,1,ICE,NORMAL,6,0,57,False,1,DIM,SNOW,5,49,True,False,0,SAFE,SAFE,SAFE,10,0,100,False,1,5,0,12,100,49,False,True,False,False,True,False
96.95,48.96,3980,3,12,3,-3.0,80.0,6165.5,82.2,84.78,False,6.45,12.37,0,10,0,False,False,1,ICE,NORMAL,6,0,57,False,1,DIM,SNOW,5,49,True,False,0,SAFE,SAFE,SAFE,10,0,100,False,1,5,0,12,100,49,False,True,False,False,True,False
97.0,48.82,3969,3,12,3,-3.0,80.0,6165.5,82.3,84.44,False,6.49,12.24,0,10,0,False,False,1,ICE,NORMAL,6,0,57,False,1,DIM,SNOW,5,49,True,False,0,SAFE,SAFE,SAFE,10,0,100,False,1,5,0,12,100,49,False,True,False,False,True,False
97.05,48.74,3963,3,12,3,-3.0,80.0,6165.5,82.5,84.29,False,6.39,12.41,0,10,0,False,False,1,ICE,NORMAL,6,0,57,False,1,DIM,SNOW,5,49,True,False,0,SAFE,SAFE,SAFE,10,0,100,False,1,5,0,12,100,49,False,True,False,False,True,False
97.1,48.67,3957,3,12,3,-3.0,80.0,6165.5,82.3,83.95,False,6.46,12.23,0,10,0,False,False,1,ICE,NORMAL,6,0,57,False,1,DIM,SNOW,5,49,True,False,0,SAFE,SAFE,SAFE,10,0,100,False,1,5,0,12,100,49,False,True,False,False,True,False
97.15,48.68,3958,3,12,3,-3.0,80.0,6165.5,82.1,83.61,False,6.38,12.33,0,10,0,False,False,1,ICE,NORMAL,6,0,57,False,1,DIM,SNOW,5,49,True,False,0,SAFE,SAFE,SAFE,10,0,100,False,1,5,0,12,100,49,False,True,False,False,True,False
97.2,48.67,3957,3,12,3,-3.0,80.0,6165.5,82.0,83.27,False,6.45,12.13,0,10,0,False,False,1,ICE,NORMAL,6,0,57,False,1,DIM,SNOW,5,49,True,False,0,SAFE,SAFE,SAFE,10,0,100,False,1,5,0,12,100,49,False,True,False,False,True,False
97.25,48.72,3961,3,12,3,-3.0,80.0,6165.5,82.2,82.94,False,6.38,12.21,0,10,0,False,False,1,ICE,NORMAL,6,0,57,False,1,DIM,SNOW,5,49,True,False,0,SAFE,SAFE,SAFE,10,0,100,False,1,5,0,12,100,49,False,True,False,False,True,False
97.3,48.73,3961,3,12,3,-3.0,80.0,6165.5,82.5,82.6,False,6.47,12.0,0,10,0,False,False,1,ICE,NORMAL,6,0,57,False,1,DIM,SNOW,5,49,True,False,0,SAFE,SAFE,SAFE,10,0,100,False,1,5,0,12,100,49,False,True,False,False,True,False
97.35,48.79,3966,3,12,3,-3.0,80.0,6165.5,82.2,82.26,False,6.4,12.07,0,10,0,False,False,1,ICE,NORMAL,6,0,57,False,1,DIM,SNOW,5,49,True,False,0,SAFE,SAFE,SAFE,10,0,100,False,1,5,0,12,100,49,False,True,False,False,True,False
97.4,48.81,3968,3,12,3,-3.0,80.0,6165.5,82.1,82.0,False,6.49,11.87,0,10,0,False,False,1,ICE,NORMAL,6,0,57,False,1,DIM,SNOW,5,49,True,False,0,SAFE,SAFE,SAFE,10,0,100,False,1,5,0,12,100,49,False,True,False,False,True,False
97.45,48.88,3974,3,12,3,-3.0,80.0,6165.5,82.2,81.66,False,6.42,11.94,0,10,0,False,False,1,ICE,NORMAL,6,0,57,False,1,DIM,SNOW,5,49,True,False,0,SAFE,SAFE,SAFE,10,0,100,False,1,5,0,12,100,49,False,True,False,False,True,False
97.5,48.9,3976,3,12,3,-3.0,80.0,7371.0,82.5,81.31,False,6.51,11.72,0,10,0,False,False,1,ICE,NORMAL,6,0,57,False,1,DIM,SNOW,5,49,True,False,0,SAFE,SAFE,SAFE,10,0,100,False,1,5,0,12,100,49,False,True,False,False,True,False
97.55,48.97,3982,3,12,3,-3.0,80.0,7371.0,82.4,80.97,False,6.45,11.78,0,10,0,False,False,1,ICE,NORMAL,6,0,57,False,1,DIM,SNOW,5,49,True,False,0,SAFE,SAFE,SAFE,10,0,100,False,1,5,0,12,100,49,False,True,False,False,True,False
97.6,49.0,3984,3,12,3,-3.0,80.0,7371.0,82.2,80.82,False,6.54,11.59,0,10,0,False,False,1,ICE,NORMAL,6,0,57,False,1,DIM,SNOW,5,49,True,False,0,SAFE,SAFE,SAFE,10,0,100,False,1,5,0,12,100,49,False,True,False,False,True,False
97.65,49.05,3988,3,12,3,-3.0,80.0,7371.0,82.2,80.48,False,6.47,11.66,0,10,0,False,False,1,ICE,NORMAL,6,0,57,False,1,DIM,SNOW,5,49,True,False,0,SAFE,SAFE,SAFE,10,0,100,False,1,5,0,12,100,49,False,True,False,False,True,False
97.7,48.96,3980,3,12,3,-3.0,80.0,7371.0,82.4,80.14,False,6.53,11.5,0,10,0,False,False,1,ICE,NORMAL,6,0,57,False,1,DIM,SNOW,5,49,True,False,0,SAFE,SAFE,SAFE,10,0,100,False,1,5,0,12,100,49,False,True,False,False,True,False
97.75,48.86,3972,3,12,3,-3.0,80.0,7371.0,82.6,79.8,False,6.42,11.65,0,10,0,False,False,1,ICE,NORMAL,6,0,57,False,1,DIM,SNOW,5,49,True,False,0,SAFE,SAFE,SAFE,10,0,100,False,1,5,0,12,100,49,False,True,False,False,True,False
97.8,48.74,3963,3,12,3,-3.0,80.0,7371.0,82.3,79.46,False,6.47,11.5,0,10,0,False,False,1,ICE,NORMAL,6,0,57,False,1,DIM,SNOW,5,49,True,False,0,SAFE,SAFE,SAFE,10,0,100,False,1,5,0,12,100,49,False,True,False,False,True,False
97.85,48.72,3961,3,12,3,-3.0,80.0,7371.0,82.1,79.12,False,6.39,11.61,0,10,0,False,False,1,ICE,NORMAL,6,0,57,False,1,DIM,SNOW,5,49,True,False,0,SAFE,SAFE,SAFE,10,0,100,False,1,5,0,12,100,49,False,True,False,False,True,False
97.9,48.68,3958,3,12,3,-3.0,80.0,7371.0,82.2,78.86,False,6.46,11.44,0,10,0,False,False,1,ICE,NORMAL,6,0,57,False,1,DIM,SNOW,5,49,True,False,0,SAFE,SAFE,SAFE,10,0,100,False,1,5,0,12,100,49,False,True,False,False,True,False
97.95,48.71,3960,3,12,3,-3.0,80.0,7371.0,82.4,78.52,False,6.38,11.52,0,10,0,False,False,1,ICE,NORMAL,6,0,57,False,1,DIM,SNOW,5,49,True,False,0,SAFE,SAFE,SAFE,10,0,100,False,1,5,0,12,100,49,False,True,False,False,True,False
98.0,48.71,3960,3,12,3,-3.0,80.0,7371.0,82.4,78.18,False,6.46,11.32,0,10,0,False,False,1,ICE,NORMAL,6,0,57,False,1,DIM,SNOW,5,49,True,False,0,SAFE,SAFE,SAFE,10,0,100,False,1,5,0,12,100,49,False,True,False,False,True,False
98.05,48.77,3965,3,12,3,-3.0,80.0,7371.0,82.2,77.84,False,6.39,11.39,0,10,0,False,False,1,ICE,NORMAL,6,0,57,False,1,DIM,SNOW,5,49,True,False,0,SAFE,SAFE,SAFE,10,0,100,False,1,5,0,12,100,49,False,True,False,False,True,False
98.1,48.79,3966,3,12,3,-3.0,80.0,7371.0,82.2,77.61,False,6.48,11.2,0,10,0,False,False,1,ICE,NORMAL,6,0,57,False,1,DIM,SNOW,5,49,True,False,0,SAFE,SAFE,SAFE,10,0,100,False,1,5,0,12,100,49,False,True,False,False,True,False
98.15,48.85,3972,3,12,3,-3.0,80.0,7371.0,82.3,77.35,False,6.42,11.28,0,10,0,False,False,1,ICE,NORMAL,6,0,57,False,1,DIM,SNOW,5,49,True,False,0,SAFE,SAFE,SAFE,10,0,100,False,1,5,0,12,100,49,False,True,False,False,True,False
98.2,48.88,3974,3,12,3,-3.0,80.0,7371.0,82.7,77.01,False,6.51,11.07,0,10,0,False,False,1,ICE,NORMAL,6,0,57,False,1,DIM,SNOW,5,49,True,False,0,SAFE,SAFE,SAFE,10,0,100,False,1,5,0,12,100,49,False,True,False,False,True,False
98.25,48.95,3979,3,12,3,-3.0,80.0,7371.0,82.4,76.67,False,6.44,11.12,0,10,0,False,False,1,ICE,NORMAL,6,0,57,False,1,DIM,SNOW,5,49,True,False,0,SAFE,SAFE,SAFE,10,0,100,False,1,5,0,12,100,49,False,True,False,False,True,False
98.3,48.98,3982,3,12,3,-3.0,80.0,7371.0,82.3,76.33,False,6.53,10.92,0,10,0,False,False,1,ICE,NORMAL,6,0,57,False,1,DIM,SNOW,5,49,True,False,0,SAFE,SAFE,SAFE,10,0,100,False,1,5,0,12,100,49,False,True,False,False,True,False
98.35,49.05,3987,3,12,3,-3.0,80.0,7371.0,82.3,76.06,False,6.47,10.98,0,10,0,False,False,1,ICE,NORMAL,6,0,57,False,1,DIM,SNOW,5,49,True,False,0,SAFE,SAFE,SAFE,10,0,100,False,1,5,0,12,100,49,False,True,False,False,True,False
98.4,49.05,3988,3,12,3,-3.0,80.0,7371.0,82.6,75.72,False,6.56,10.79,0,10,0,False,False,1,ICE,NORMAL,6,0,57,False,1,DIM,SNOW,5,49,True,False,0,SAFE,SAFE,SAFE,10,0,100,False,1,5,0,12,100,49,False,True,False,False,True,False
98.45,49.0,3984,3,12,3,-3.0,80.0,7371.0,82.6,75.38,False,6.46,10.89,0,10,0,False,False,1,ICE,NORMAL,6,0,57,False,1,DIM,SNOW,5,49,True,False,0,SAFE,SAFE,SAFE,10,0,100,False,1,5,0,12,100,49,False,True,False,False,True,False
98.5,48.86,3972,3,12,3,-3.0,80.0,7371.0,82.3,75.04,False,6.5,10.77,0,10,0,False,False,1,ICE,NORMAL,6,0,57,False,1,DIM,SNOW,5,49,True,False,0,SAFE,SAFE,SAFE,10,0,100,False,1,5,0,12,100,49,False,True,False,False,True,False
98.55,48.78,3966,3,12,3,-3.0,80.0,7371.0,82.2,74.7,False,6.4,10.88,0,10,0,False,False,1,ICE,NORMAL,6,0,57,False,1,DIM,SNOW,5,49,True,False,0,SAFE,SAFE,SAFE,10,0,100,False,1,5,0,12,100,49,False,True,False,False,True,False
98.6,48.72,3961,3,12,3,-3.0,80.0,7371.0,82.3,74.36,False,6.47,10.72,0,10,0,False,False,1,ICE,NORMAL,6,0,57,False,1,DIM,SNOW,5,49,True,False,0,SAFE,SAFE,SAFE,10,0,100,False,1,5,0,12,100,49,False,True,False,False,True,False
98.65,48.72,3961,3,12,3,-3.0,80.0,7371.0,82.6,74.21,False,6.39,10.84,0,10,0,False,False,1,ICE,NORMAL,6,0,57,False,1,DIM,SNOW,5,49,True,False,0,SAFE,SAFE,SAFE,10,0,100,False,1,5,0,12,100,49,False,True,False,False,True,False
98.7,48.71,3960,3,12,3,-3.0,80.0,7371.0,82.4,73.87,False,6.46,10.66,0,10,0,False,False,1,ICE,NORMAL,6,0,57,False,1,DIM,SNOW,5,49,True,False,0,SAFE,SAFE,SAFE,10,0,100,False,1,5,0,12,100,49,False,True,False,False,True,False
98.75,48.76,3964,3,12,3,-3.0,80.0,7371.0,82.2,73.53,False,6.39,10.72,0,10,0,False,False,1,ICE,NORMAL,6,0,57,False,1,DIM,SNOW,5,49,True,False,0,SAFE,SAFE,SAFE,10,0,100,False,1,5,0,12,100,49,False,True,False,False,True,False
98.8,48.77,3965,3,12,3,-3.0,80.0,7371.0,82.2,73.19,False,6.48,10.53,0,10,0,False,False,1,ICE,NORMAL,6,0,57,False,1,DIM,SNOW,5,49,True,False,0,SAFE,SAFE,SAFE,10,0,100,False,1,5,0,12,100,49,False,True,False,False,True,False
98.85,48.83,3970,3,12,3,-3.0,80.0,7371.0,82.5,72.93,False,6.41,10.6,0,10,0,False,False,1,ICE,NORMAL,6,0,57,False,1,DIM,SNOW,5,49,True,False,0,SAFE,SAFE,SAFE,10,0,100,False,1,5,0,12,100,49,False,True,False,False,True,False
98.9,48.85,3972,3,12,3,-3.0,80.0,7371.0,82.6,72.59,False,6.5,10.4,0,10,0,False,False,1,ICE,NORMAL,6,0,57,False,1,DIM,SNOW,5,49,True,False,0,SAFE,SAFE,SAFE,10,0,100,False,1,5,0,12,100,49,False,True,False,False,True,False
98.95,48.92,3977,3,12,3,-3.0,80.0,7371.0,82.3,72.25,False,6.43,10.45,0,10,0,False,False,1,ICE,NORMAL,6,0,57,False,1,DIM,SNOW,5,49,True,False,0,SAFE,SAFE,SAFE,10,0,100,False,1,5,0,12,100,49,False,True,False,False,True,False
99.0,48.95,3979,3,12,3,-3.0,80.0,8333.2,82.3,71.91,False,6.53,10.25,0,10,0,False,False,1,ICE,NORMAL,6,0,57,False,1,DIM,SNOW,5,49,True,False,0,SAFE,SAFE,SAFE,10,0,100,False,1,5,0,12,100,49,False,True,False,False,True,False
99.05,49.02,3985,3,12,3,-3.0,80.0,8333.2,82.4,71.57,False,6.46,10.3,0,10,0,False,False,1,ICE,NORMAL,6,0,57,False,1,DIM,SNOW,5,49,True,False,0,SAFE,SAFE,SAFE,10,0,100,False,1,5,0,12,100,49,False,True,False,False,True,False
99.1,49.02,3985,3,12,3,-3.0,80.0,8333.2,82.8,71.22,False,6.55,10.11,0,10,0,False,False,1,ICE,NORMAL,6,0,57,False,1,DIM,SNOW,5,49,True,False,0,SAFE,SAFE,SAFE,10,0,100,False,1,5,0,12,100,49,False,True,False,False,True,False
99.15,48.97,3981,3,12,3,-3.0,80.0,8333.2,82.5,70.88,False,6.45,10.21,0,10,0,False,False,1,ICE,NORMAL,6,0,57,False,1,DIM,SNOW,5,49,True,False,0,SAFE,SAFE,SAFE,10,0,100,False,1,5,0,12,100,49,False,True,False,False,True,False
99.2,48.83,3970,3,12,3,-3.0,80.0,8333.2,82.3,70.73,False,6.5,10.12,0,10,0,False,False,1,ICE,NORMAL,6,0,57,False,1,DIM,SNOW,5,49,True,False,0,SAFE,SAFE,SAFE,10,0,100,False,1,5,0,12,100,49,False,True,False,False,True,False
99.25,48.76,3964,3,12,3,-3.0,80.0,8333.2,82.3,70.39,False,6.4,10.22,0,10,0,False,False,1,ICE,NORMAL,6,0,57,False,1,DIM,SNOW,5,49,True,False,0,SAFE,SAFE,SAFE,10,0,100,False,1,5,0,12,100,49,False,True,False,False,True,False
99.3,48.69,3958,3,12,3,-3.0,80.0,8333.2,82.5,70.05,False,6.46,10.07,0,10,0,False,False,1,ICE,NORMAL,6,0,57,False,1,DIM,SNOW,5,49,True,False,0,SAFE,SAFE,SAFE,10,0,100,False,1,5,0,12,100,49,False,True,False,False,True,False
99.35,48.7,3959,3,12,3,-3.0,80.0,8333.2,82.6,69.79,False,6.38,10.16,0,10,0,False,False,1,ICE,NORMAL,6,0,57,False,1,DIM,SNOW,5,49,True,False,0,SAFE,SAFE,SAFE,10,0,100,False,1,5,0,12,100,49,False,True,False,False,True,False
99.4,48.68,3958,3,12,3,-3.0,80.0,8333.2,82.3,69.46,False,6.46,9.98,0,10,0,False,False,1,ICE,NORMAL,6,0,57,False,1,DIM,SNOW,5,49,True,False,0,SAFE,SAFE,SAFE,10,0,100,False,1,5,0,12,100,49,False,True,False,False,True,False
99.45,48.73,3962,3,12,3,-3.0,80.0,8333.2,82.2,69.12,False,6.38,10.04,0,10,0,False,False,1,ICE,NORMAL,6,0,57,False,1,DIM,SNOW,5,49,True,False,0,SAFE,SAFE,SAFE,10,0,100,False,1,5,0,12,100,49,False,True,False,False,True,False
99.5,48.74,3963,3,12,3,-3.0,80.0,8333.2,82.4,68.78,False,6.47,9.86,0,10,0,False,False,1,ICE,NORMAL,6,0,57,False,1,DIM,SNOW,5,49,True,False,0,SAFE,SAFE,SAFE,10,0,100,False,1,5,0,12,100,49,False,True,False,False,True,False
99.55,48.8,3968,3,12,3,-3.0,80.0,8333.2,82.7,68.44,False,6.4,9.91,0,10,0,False,False,1,ICE,NORMAL,6,0,57,False,1,DIM,SNOW,5,49,True,False,0,SAFE,SAFE,SAFE,10,0,100,False,1,5,0,12,100,49,False,True,False,False,True,False
99.6,48.82,3969,3,12,3,-3.0,80.0,8333.2,82.5,68.1,False,6.49,9.72,0,10,0,False,False,1,ICE,NORMAL,6,0,57,False,1,DIM,SNOW,5,49,True,False,0,SAFE,SAFE,SAFE,10,0,100,False,1,5,0,12,100,49,False,True,False,False,True,False
99.65,48.89,3975,3,12,3,-3.0,80.0,8333.2,82.3,67.76,False,6.43,9.77,0,10,0,False,False,1,ICE,NORMAL,6,0,57,False,1,DIM,SNOW,5,49,True,False,0,SAFE,SAFE,SAFE,10,0,100,False,1,5,0,12,100,49,False,True,False,False,True,False
99.7,48.92,3977,3,12,3,-3.0,80.0,8333.2,82.4,67.61,False,6.52,9.61,0,10,0,False,False,1,ICE,NORMAL,6,0,57,False,1,DIM,SNOW,5,49,True,False,0,SAFE,SAFE,SAFE,10,0,100,False,1,5,0,12,100,49,False,True,False,False,True,False
99.75,48.99,3983,3,12,3,-3.0,80.0,8333.2,82.6,67.27,False,6.46,9.65,0,10,0,False,False,1,ICE,NORMAL,6,0,57,False,1,DIM,SNOW,5,49,True,False,0,SAFE,SAFE,SAFE,10,0,100,False,1,5,0,12,100,49,False,True,False,False,True,False
99.8,49.02,3985,3,12,3,-3.0,80.0,8333.2,82.7,67.0,False,6.55,9.47,0,10,0,False,False,1,ICE,NORMAL,6,0,57,False,1,DIM,SNOW,5,49,True,False,0,SAFE,SAFE,SAFE,10,0,100,False,1,5,0,12,100,49,False,True,False,False,True,False
99.85,49.06,3989,3,12,3,-3.0,80.0,8333.2,82.5,66.66,False,6.48,9.52,0,10,0,False,False,1,ICE,NORMAL,6,0,57,False,1,DIM,SNOW,5,49,True,False,0,SAFE,SAFE,SAFE,10,0,100,False,1,5,0,12,100,49,False,True,False,False,True,False
99.9,48.97,3981,3,12,3,-3.0,80.0,8333.2,82.4,66.32,False,6.54,9.38,0,10,0,False,False,1,ICE,NORMAL,6,0,57,False,1,DIM,SNOW,5,49,True,False,0,SAFE,SAFE,SAFE,10,0,100,False,1,5,0,12,100,49,False,True,False,False,True,False
99.95,48.87,3973,3,12,3,-3.0,80.0,8333.2,82.5,65.98,False,6.43,9.48,0,10,0,False,False,1,ICE,NORMAL,6,0,57,False,1,DIM,SNOW,5,49,True,False,0,SAFE,SAFE,SAFE,10,0,100,False,1,5,0,12,100,49,False,True,False,False,True,False
100.0,48.75,3964,3,12,3,-3.0,80.0,8333.2,82.7,65.63,False,6.48,9.36,0,10,0,False,False,1,ICE,NORMAL,6,0,57,False,1,DIM,SNOW,5,49,True,False,0,SAFE,SAFE,SAFE,10,0,100,False,1,5,0,12,100,49,False,True,False,False,True,False
100.05,48.73,3962,3,12,3,-3.0,80.0,8333.2,82.5,65.3,False,6.39,9.44,0,10,0,False,False,1,ICE,NORMAL,6,0,57,False,1,DIM,SNOW,5,49,True,False,0,SAFE,SAFE,SAFE,10,0,100,False,1,5,0,12,100,49,False,True,False,False,True,False
100.1,48.69,3959,3,12,3,-3.0,80.0,8333.2,82.3,64.96,False,6.46,9.28,0,10,0,False,False,1,ICE,NORMAL,6,0,57,False,1,DIM,SNOW,5,49,True,False,0,SAFE,SAFE,SAFE,10,0,100,False,1,5,0,12,100,49,False,True,False,False,True,False
100.15,48.73,3961,3,12,3,-3.0,80.0,8333.2,82.3,64.62,False,6.38,9.34,0,10,0,False,False,1,ICE,NORMAL,6,0,57,False,1,DIM,SNOW,5,49,True,False,0,SAFE,SAFE,SAFE,10,0,100,False,1,5,0,12,100,49,False,True,False,False,True,False
100.2,48.73,3962,3,12,3,-3.0,80.0,8333.2,82.4,64.28,False,6.46,9.17,0,10,0,False,False,1,ICE,NORMAL,6,0,57,False,1,DIM,SNOW,5,49,True,False,0,SAFE,SAFE,SAFE,10,0,100,False,1,5,0,12,100,49,False,True,False,False,True,False
100.25,48.78,3966,3,12,3,-3.0,80.0,8333.2,82.7,64.13,False,6.4,9.24,0,10,0,False,False,1,ICE,NORMAL,6,0,57,False,1,DIM,SNOW,5,49,True,False,0,SAFE,SAFE,SAFE,10,0,100,False,1,5,0,12,100,49,False,True,False,False,True,False
100.3,48.8,3968,3,12,3,-3.0,80.0,8333.2,82.4,63.87,False,6.48,9.08,0,10,0,False,False,1,ICE,NORMAL,6,0,57,False,1,DIM,SNOW,5,49,True,False,0,SAFE,SAFE,SAFE,10,0,100,False,1,5,0,12,100,49,False,True,False,False,True,False
100.35,48.87,3973,3,12,3,-3.0,80.0,8333.2,82.3,63.53,False,6.42,9.12,0,10,0,False,False,1,ICE,NORMAL,6,0,57,False,1,DIM,SNOW,5,49,True,False,0,SAFE,SAFE,SAFE,10,0,100,False,1,5,0,12,100,49,False,True,False,False,True,False
100.4,48.89,3975,3,12,3,-3.0,80.0,8333.2,82.4,63.19,False,6.51,8.94,0,10,0,False,False,1,ICE,NORMAL,6,0,57,False,1,DIM,SNOW,5,49,True,False,0,SAFE,SAFE,SAFE,10,0,100,False,1,5,0,12,100,49,False,True,False,False,True,False
100.45,48.96,3980,3,12,3,-3.0,80.0,8333.2,82.7,62.85,False,6.45,8.97,0,10,0,False,False,1,ICE,NORMAL,6,0,57,False,1,DIM,SNOW,5,49,True,False,0,SAFE,SAFE,SAFE,10,0,100,False,1,5,0,12,100,49,False,True,False,False,True,False
100.5,48.99,3983,3,12,3,-3.0,80.0,9409.0,82.6,62.51,False,6.54,8.79,0,10,0,False,False,1,ICE,NORMAL,6,0,57,False,1,DIM,SNOW,5,49,True,False,0,SAFE,SAFE,SAFE,10,0,100,False,1,5,0,12,100,49,False,True,False,False,True,False
100.55,49.06,3988,3,12,3,-3.0,80.0,9409.0,82.4,62.16,False,6.48,8.83,0,10,0,False,False,1,ICE,NORMAL,6,0,57,False,1,DIM,SNOW,5,49,True,False,0,SAFE,SAFE,SAFE,10,0,100,False,1,5,0,12,100,49,False,True,False,False,True,False
100.6,49.06,3989,3,12,3,-3.0,80.0,9409.0,82.4,61.82,False,6.56,8.66,0,10,0,False,False,1,ICE,NORMAL,6,0,57,False,1,DIM,SNOW,5,49,True,False,0,SAFE,SAFE,SAFE,10,0,100,False,1,5,0,12,100,49,False,True,False,False,True,False
100.65,49.01,3985,3,12,3,-3.0,80.0,9409.0,82.6,61.48,False,6.46,8.74,0,10,0,False,False,1,ICE,NORMAL,6,0,57,False,1,DIM,SNOW,5,49,True,False,0,SAFE,SAFE,SAFE,10,0,100,False,1,5,0,12,100,49,False,True,False,False,True,False
100.7,48.86,3972,3,12,3,-3.0,80.0,9409.0,82.8,61.14,False,6.5,8.63,0,10,0,False,False,1,ICE,NORMAL,6,0,57,False,1,DIM,SNOW,5,49,True,False,0,SAFE,SAFE,SAFE,10,0,100,False,1,5,0,12,100,49,False,True,False,False,True,False
100.75,48.72,3961,3,12,3,-3.0,80.0,9409.0,82.4,61.01,False,6.39,8.77,0,10,0,False,False,1,ICE,NORMAL,6,0,57,False,1,DIM,SNOW,5,49,True,False,0,SAFE,SAFE,SAFE,10,0,100,False,1,5,0,12,100,49,False,True,False,False,True,False
100.8,48.58,3950,3,12,3,-3.0,80.0,9409.0,82.2,60.73,False,6.43,8.67,0,10,0,False,False,1,ICE,NORMAL,6,0,57,False,1,DIM,SNOW,5,49,True,False,0,SAFE,SAFE,SAFE,10,0,100,False,1,5,0,12,100,49,False,True,False,False,True,False
100.85,48.54,3947,3,12,3,-3.0,80.0,9409.0,82.2,60.39,False,6.33,8.75,0,10,0,False,False,1,ICE,NORMAL,6,0,57,False,1,DIM,SNOW,5,49,True,False,0,SAFE,SAFE,SAFE,10,0,100,False,1,5,0,12,100,49,False,True,False,False,True,False
100.9,48.5,3943,3,12,3,-3.0,80.0,9409.0,82.5,60.06,False,6.4,8.6,0,10,0,False,False,1,ICE,NORMAL,6,0,57,False,1,DIM,SNOW,5,49,True,False,0,SAFE,SAFE,SAFE,10,0,100,False,1,5,0,12,100,49,False,True,False,False,True,False
100.95,48.52,3945,3,12,3,-3.0,80.0,9409.0,82.5,59.72,False,6.33,8.65,0,10,0,False,False,1,ICE,NORMAL,6,0,57,False,1,DIM,SNOW,5,49,True,False,0,SAFE,SAFE,SAFE,10,0,100,False,1,5,0,12,100,49,False,True,False,False,True,False
101.0,48.52,3945,3,12,3,-3.0,80.0,9409.0,82.3,59.38,False,6.41,8.49,0,10,0,False,False,1,ICE,NORMAL,6,0,57,False,1,DIM,SNOW,5,49,True,False,0,SAFE,SAFE,SAFE,10,0,100,False,1,5,0,12,100,49,False,True,False,False,True,False
101.05,48.57,3949,3,12,3,-3.0,80.0,9409.0,82.2,59.05,False,6.34,8.53,0,10,0,False,False,1,ICE,NORMAL,6,0,57,False,1,DIM,SNOW,5,49,True,False,0,SAFE,SAFE,SAFE,10,0,100,False,1,5,0,12,100,49,False,True,False,False,True,False
101.1,48.59,3950,3,12,3,-3.0,80.0,9409.0,82.4,58.71,False,6.43,8.36,0,10,0,False,False,1,ICE,NORMAL,6,0,57,False,1,DIM,SNOW,5,49,True,False,0,SAFE,SAFE,SAFE,10,0,100,False,1,5,0,12,100,49,False,True,False,False,True,False
101.15,48.65,3955,3,12,3,-3.0,80.0,9409.0,82.8,58.38,False,6.36,8.39,0,10,0,False,False,1,ICE,NORMAL,6,0,57,False,1,DIM,SNOW,5,49,True,False,0,SAFE,SAFE,SAFE,10,0,100,False,1,5,0,12,100,49,False,True,False,False,True,False
101.2,48.68,3957,3,12,3,-3.0,80.0,9409.0,82.5,58.05,False,6.45,8.22,0,10,0,False,False,1,ICE,NORMAL,6,0,57,False,1,DIM,SNOW,5,49,True,False,0,SAFE,SAFE,SAFE,10,0,100,False,1,5,0,12,100,49,False,True,False,False,True,False
101.25,48.75,3963,3,12,3,-3.0,80.0,9409.0,82.4,57.78,False,6.39,8.26,0,10,0,False,False,1,ICE,NORMAL,6,0,57,False,1,DIM,SNOW,5,49,True,False,0,SAFE,SAFE,SAFE,10,0,100,False,1,5,0,12,100,49,False,True,False,False,True,False
101.3,48.77,3965,3,12,3,-3.0,80.0,9409.0,82.4,57.63,False,6.48,8.12,0,10,0,False,False,1,ICE,NORMAL,6,0,57,False,1,DIM,SNOW,5,49,True,False,0,SAFE,SAFE,SAFE,10,0,100,False,1,5,0,12,100,49,False,True,False,False,True,False
101.35,48.84,3971,3,12,3,-3.0,80.0,9409.0,82.7,57.29,False,6.42,8.15,0,10,0,False,False,1,ICE,NORMAL,6,0,57,False,1,DIM,SNOW,5,49,True,False,0,SAFE,SAFE,SAFE,10,0,100,False,1,5,0,12,100,49,False,True,False,False,True,False
101.4,48.87,3973,3,12,3,-3.0,80.0,9409.0,82.8,56.95,False,6.51,7.98,0,10,0,False,False,1,ICE,NORMAL,6,0,57,False,1,DIM,SNOW,5,49,True,False,0,SAFE,SAFE,SAFE,10,0,100,False,1,5,0,12,100,49,False,True,False,False,True,False
101.45,48.94,3979,3,12,3,-3.0,80.0,9409.0,82.5,56.66,False,6.44,8.02,0,10,0,False,False,1,ICE,NORMAL,6,0,57,False,1,DIM,SNOW,5,49,True,False,0,SAFE,SAFE,SAFE,10,0,100,False,1,5,0,12,100,49,False,True,False,False,True,False
101.5,48.97,3982,3,12,3,-3.0,80.0,9409.0,82.5,56.34,False,6.54,7.86,0,10,0,False,False,1,ICE,NORMAL,6,0,57,False,1,DIM,SNOW,5,49,True,False,0,SAFE,SAFE,SAFE,10,0,100,False,1,5,0,12,100,49,False,True,False,False,True,False
101.55,49.04,3987,3,12,3,-3.0,80.0,9409.0,82.6,56.02,False,6.47,7.88,0,10,0,False,False,1,ICE,NORMAL,6,0,57,False,1,DIM,SNOW,5,49,True,False,0,SAFE,SAFE,SAFE,10,0,100,False,1,5,0,12,100,49,False,True,False,False,True,False
101.6,49.05,3988,3,12,3,-3.0,80.0,9409.0,83.0,55.69,False,6.56,7.73,0,10,0,False,False,1,ICE,NORMAL,6,0,58,False,1,DIM,SNOW,5,49,True,False,0,SAFE,SAFE,SAFE,10,0,100,False,1,5,0,12,100,49,False,True,False,False,True,False
101.65,49.0,3984,3,12,3,-3.0,80.0,9409.0,82.6,55.36,False,6.46,7.8,0,10,0,False,False,1,ICE,NORMAL,6,0,57,False,1,DIM,SNOW,5,49,True,False,0,SAFE,SAFE,SAFE,10,0,100,False,1,5,0,12,100,49,False,True,False,False,True,False
101.7,48.84,3971,3,12,3,-3.0,80.0,9409.0,82.5,55.04,False,6.5,7.7,0,10,0,False,False,1,ICE,NORMAL,6,0,57,False,1,DIM,SNOW,5,49,True,False,0,SAFE,SAFE,SAFE,10,0,100,False,1,5,0,12,100,49,False,True,False,False,True,False
101.75,48.71,3960,3,12,3,-3.0,80.0,9409.0,82.4,54.72,False,6.38,7.79,0,10,0,False,False,1,ICE,NORMAL,6,0,57,False,1,DIM,SNOW,5,49,True,False,0,SAFE,SAFE,SAFE,10,0,100,False,1,5,0,12,100,49,False,True,False,False,True,False
101.8,48.57,3949,3,12,3,-3.0,80.0,9409.0,82.6,54.4,False,6.42,7.69,0,10,0,False,False,1,ICE,NORMAL,6,0,57,False,1,DIM,SNOW,5,49,True,False,0,SAFE,SAFE,SAFE,10,0,100,False,1,5,0,12,100,49,False,True,False,False,True,False
101.85,48.53,3946,3,12,3,-3.0,80.0,9409.0,82.7,54.08,False,6.33,7.75,0,10,0,False,False,1,ICE,NORMAL,6,0,57,False,1,DIM,SNOW,5,49,True,False,0,SAFE,SAFE,SAFE,10,0,100,False,1,5,0,12,100,49,False,True,False,False,True,False
101.9,48.49,3942,3,12,3,-3.0,80.0,9409.0,82.4,53.76,False,6.4,7.62,0,10,0,False,False,1,ICE,NORMAL,6,0,57,False,1,DIM,SNOW,5,49,True,False,0,SAFE,SAFE,SAFE,10,0,100,False,1,5,0,12,100,49,False,True,False,False,True,False
101.95,48.51,3944,3,12,3,-3.0,80.0,9409.0,82.3,53.63,False,6.32,7.69,0,10,0,False,False,1,ICE,NORMAL,6,0,57,False,1,DIM,SNOW,5,49,True,False,0,SAFE,SAFE,SAFE,10,0,100,False,1,5,0,12,100,49,False,True,False,False,True,False
102.0,48.51,3944,3,12,3,-3.0,80.0,10557.1,82.4,53.31,False,6.41,7.54,0,10,0,False,False,1,ICE,NORMAL,6,0,57,False,1,DIM,SNOW,5,49,True,False,0,SAFE,SAFE,SAFE,10,0,100,False,1,5,0,12,100,49,False,True,False,False,True,False
102.05,48.56,3948,3,12,3,-3.0,80.0,10557.1,82.7,52.99,False,6.34,7.57,0,10,0,False,False,1,ICE,NORMAL,6,0,57,False,1,DIM,SNOW,5,49,True,False,0,SAFE,SAFE,SAFE,10,0,100,False,1,5,0,12,100,49,False,True,False,False,True,False
102.1,48.58,3949,3,12,3,-3.0,80.0,10557.1,82.6,52.68,False,6.42,7.42,0,10,0,False,False,1,ICE,NORMAL,6,0,57,False,1,DIM,SNOW,5,49,True,False,0,SAFE,SAFE,SAFE,10,0,100,False,1,5,0,12,100,49,False,True,False,False,True,False
102.15,48.64,3954,3,12,3,-3.0,80.0,10557.1,82.4,52.36,False,6.36,7.45,0,10,0,False,False,1,ICE,NORMAL,6,0,57,False,1,DIM,SNOW,5,49,True,False,0,SAFE,SAFE,SAFE,10,0,100,False,1,5,0,12,100,49,False,True,False,False,True,False
102.2,48.66,3956,3,12,3,-3.0,80.0,10557.1,82.4,52.04,False,6.45,7.29,0,10,0,False,False,1,ICE,NORMAL,6,0,57,False,1,DIM,SNOW,5,49,True,False,0,SAFE,SAFE,SAFE,10,0,100,False,1,5,0,12,100,49,False,True,False,False,True,False
102.25,48.73,3962,3,12,3,-3.0,80.0,10557.1,82.6,51.71,False,6.39,7.32,0,10,0,False,False,1,ICE,NORMAL,6,0,57,False,1,DIM,SNOW,5,49,True,False,0,SAFE,SAFE,SAFE,10,0,100,False,1,5,0,12,100,49,False,True,False,False,True,False
102.3,48.76,3964,3,12,3,-3.0,80.0,10557.1,82.9,51.39,False,6.48,7.16,0,10,0,False,False,1,ICE,NORMAL,6,0,58,False,1,DIM,SNOW,5,49,True,False,0,SAFE,SAFE,SAFE,10,0,100,False,1,5,0,12,100,49,False,True,False,False,True,False
102.35,48.83,3970,3,12,3,-3.0,80.0,10557.1,82.6,51.07,False,6.41,7.18,0,10,0,False,False,1,ICE,NORMAL,6,0,57,False,1,DIM,SNOW,5,49,True,False,0,SAFE,SAFE,SAFE,10,0,100,False,1,5,0,12,100,49,False,True,False,False,True,False
102.4,48.86,3972,3,12,3,-3.0,80.0,10557.1,82.5,50.75,False,6.5,7.03,0,10,0,False,False,1,ICE,NORMAL,6,0,57,False,1,DIM,SNOW,5,49,True,False,0,SAFE,SAFE,SAFE,10,0,100,False,1,5,0,12,100,49,False,True,False,False,True,False
102.45,48.93,3978,3,12,3,-3.0,80.0,10557.1,82.6,50.42,False,6.44,7.05,0,10,0,False,False,1,ICE,NORMAL,6,0,57,False,1,DIM,SNOW,5,49,True,False,0,SAFE,SAFE,SAFE,10,0,100,False,1,5,0,12,100,49,False,True,False,False,True,False
102.5,48.96,3981,3,12,3,-3.0,80.0,10557.1,82.9,50.29,False,6.53,6.93,0,10,0,False,False,1,ICE,NORMAL,6,0,58,False,1,DIM,SNOW,5,49,True,False,0,SAFE,SAFE,SAFE,10,0,100,False,1,5,0,12,100,49,False,True,False,False,True,False
102.55,49.03,3986,3,12,3,-3.0,80.0,10557.1,82.7,49.96,False,6.47,6.95,0,10,0,False,False,1,ICE,NORMAL,6,0,57,False,1,DIM,SNOW,5,49,True,False,0,SAFE,SAFE,SAFE,10,0,100,False,1,5,0,12,100,49,False,True,False,False,True,False
102.6,49.04,3987,3,12,3,-3.0,80.0,10557.1,82.5,49.64,False,6.55,6.81,0,10,0,False,False,1,ICE,NORMAL,6,0,57,False,1,DIM,SNOW,5,49,True,False,0,SAFE,SAFE,SAFE,10,0,100,False,1,5,0,12,100,49,False,True,False,False,True,False
102.65,48.99,3983,3,12,3,-3.0,80.0,10557.1,82.5,49.31,False,6.46,6.86,0,10,0,False,False,1,ICE,NORMAL,6,0,57,False,1,DIM,SNOW,5,49,True,False,0,SAFE,SAFE,SAFE,10,0,100,False,1,5,0,12,100,49,False,True,False,False,True,False
102.7,48.85,3971,3,12,3,-3.0,80.0,10557.1,82.7,48.99,False,6.5,6.77,0,10,0,False,False,1,ICE,NORMAL,6,0,57,False,1,DIM,SNOW,5,49,True,False,0,SAFE,SAFE,SAFE,10,0,100,False,1,5,0,12,100,49,False,True,False,False,True,False
102.75,48.77,3965,3,12,3,-3.0,80.0,10557.1,82.8,48.67,False,6.4,6.83,0,10,0,False,False,1,ICE,NORMAL,6,0,57,False,1,DIM,SNOW,5,49,True,False,0,SAFE,SAFE,SAFE,10,0,100,False,1,5,0,12,100,49,False,True,False,False,True,False
102.8,48.7,3960,3,12,3,-3.0,80.0,10557.1,82.5,48.34,False,6.46,6.71,0,10,0,False,False,1,ICE,NORMAL,6,0,57,False,1,DIM,SNOW,5,49,True,False,0,SAFE,SAFE,SAFE,10,0,100,False,1,5,0,12,100,49,False,True,False,False,True,False
102.85,48.71,3960,3,12,3,-3.0,80.0,10557.1,82.3,48.02,False,6.38,6.74,0,10,0,False,False,1,ICE,NORMAL,6,0,57,False,1,DIM,SNOW,5,49,True,False,0,SAFE,SAFE,SAFE,10,0,100,False,1,5,0,12,100,49,False,True,False,False,True,False
102.9,48.7,3959,3,12,3,-3.0,80.0,10557.1,82.4,47.7,False,6.46,6.61,0,10,0,False,False,1,ICE,NORMAL,6,0,57,False,1,DIM,SNOW,5,49,True,False,0,SAFE,SAFE,SAFE,10,0,100,False,1,5,0,12,100,49,False,True,False,False,True,False
102.95,48.75,3963,3,12,3,-3.0,80.0,10557.1,82.6,47.38,False,6.39,6.63,0,10,0,False,False,1,ICE,NORMAL,6,0,57,False,1,DIM,SNOW,5,49,True,False,0,SAFE,SAFE,SAFE,10,0,100,False,1,5,0,12,100,49,False,True,False,False,True,False
103.0,48.76,3964,3,12,3,-3.0,80.0,10557.1,82.6,47.25,False,6.48,6.52,0,10,0,False,False,1,ICE,NORMAL,6,0,57,False,1,DIM,SNOW,5,49,True,False,0,SAFE,SAFE,SAFE,10,0,100,False,1,5,0,12,100,49,False,True,False,False,True,False
103.05,48.82,3969,3,12,3,-3.0,80.0,10557.1,82.4,46.93,False,6.41,6.54,0,10,0,False,False,1,ICE,NORMAL,6,0,57,False,1,DIM,SNOW,5,49,True,False,0,SAFE,SAFE,SAFE,10,0,100,False,1,5,0,12,100,49,False,True,False,False,True,False
103.1,48.84,3971,3,12,3,-3.0,80.0,10557.1,82.3,46.6,False,6.5,6.4,0,10,0,False,False,1,ICE,NORMAL,6,0,57,False,1,DIM,SNOW,5,49,True,False,0,SAFE,SAFE,SAFE,10,0,100,False,1,5,0,12,100,49,False,True,False,False,True,False
103.15,48.91,3976,3,12,3,-3.0,80.0,10557.1,82.5,46.28,False,6.43,6.42,0,10,0,False,False,1,ICE,NORMAL,6,0,57,False,1,DIM,SNOW,5,49,True,False,0,SAFE,SAFE,SAFE,10,0,100,False,1,5,0,12,100,49,False,True,False,False,True,False
103.2,48.94,3979,3,12,3,-3.0,80.0,10557.1,82.8,45.95,False,6.52,6.28,0,10,0,False,False,1,ICE,NORMAL,6,0,57,False,1,DIM,SNOW,5,49,True,False,0,SAFE,SAFE,SAFE,10,0,100,False,1,5,0,12,100,49,False,True,False,False,True,False
103.25,49.01,3984,3,12,3,-3.0,80.0,10557.1,82.5,45.63,False,6.46,6.29,0,10,0,False,False,1,ICE,NORMAL,6,0,57,False,1,DIM,SNOW,5,49,True,False,0,SAFE,SAFE,SAFE,10,0,100,False,1,5,0,12,100,49,False,True,False,False,True,False
103.3,49.01,3984,3,12,3,-3.0,80.0,10557.1,82.4,45.3,False,6.54,6.16,0,10,0,False,False,1,ICE,NORMAL,6,0,57,False,1,DIM,SNOW,5,49,True,False,0,SAFE,SAFE,SAFE,10,0,100,False,1,5,0,12,100,49,False,True,False,False,True,False
103.35,48.96,3980,3,12,3,-3.0,80.0,10557.1,82.4,44.98,False,6.45,6.2,0,10,0,False,False,1,ICE,NORMAL,6,0,57,False,1,DIM,SNOW,5,49,True,False,0,SAFE,SAFE,SAFE,10,0,100,False,1,5,0,12,100,49,False,True,False,False,True,False
103.4,48.82,3969,3,12,3,-3.0,80.0,10557.1,82.6,44.66,False,6.49,6.11,0,10,0,False,False,1,ICE,NORMAL,6,0,57,False,1,DIM,SNOW,5,49,True,False,0,SAFE,SAFE,SAFE,10,0,100,False,1,5,0,12,100,49,False,True,False,False,True,False
103.45,48.74,3963,3,12,3,-3.0,80.0,10557.1,82.6,44.34,False,6.39,6.16,0,10,0,False,False,1,ICE,NORMAL,6,0,57,False,1,DIM,SNOW,5,49,True,False,0,SAFE,SAFE,SAFE,10,0,100,False,1,5,0,12,100,49,False,True,False,False,True,False
103.5,48.68,3957,3,12,3,-3.0,80.0,11777.3,82.3,44.01,False,6.45,6.05,0,10,0,False,False,1,ICE,NORMAL,6,0,57,False,1,DIM,SNOW,5,49,True,False,0,SAFE,SAFE,SAFE,10,0,100,False,1,5,0,12,100,49,False,True,False,False,True,False
103.55,48.69,3958,3,12,3,-3.0,80.0,11777.3,82.2,43.88,False,6.37,6.1,0,10,0,False,False,1,ICE,NORMAL,6,0,57,False,1,DIM,SNOW,5,49,True,False,0,SAFE,SAFE,SAFE,10,0,100,False,1,5,0,12,100,49,False,True,False,False,True,False
103.6,48.67,3957,3,12,3,-3.0,80.0,11777.3,82.3,43.56,False,6.45,5.98,0,10,0,False,False,1,ICE,NORMAL,6,0,57,False,1,DIM,SNOW,5,49,True,False,0,SAFE,SAFE,SAFE,10,0,100,False,1,5,0,12,100,49,False,True,False,False,True,False
103.65,48.72,3961,3,12,3,-3.0,80.0,11777.3,82.7,43.24,False,6.38,5.99,0,10,0,False,False,1,ICE,NORMAL,6,0,57,False,1,DIM,SNOW,5,49,True,False,0,SAFE,SAFE,SAFE,10,0,100,False,1,5,0,12,100,49,False,True,False,False,True,False
103.7,48.73,3962,3,12,3,-3.0,80.0,11777.3,82.4,42.92,False,6.47,5.86,0,10,0,False,False,1,ICE,NORMAL,6,0,57,False,1,DIM,SNOW,5,49,True,False,0,SAFE,SAFE,SAFE,10,0,100,False,1,5,0,12,100,49,False,True,False,False,True,False
103.75,48.79,3967,3,12,3,-3.0,80.0,11777.3,82.2,42.6,False,6.4,5.87,0,10,0,False,False,1,ICE,NORMAL,6,0,57,False,1,DIM,SNOW,5,49,True,False,0,SAFE,SAFE,SAFE,10,0,100,False,1,5,0,12,100,49,False,True,False,False,True,False
103.8,48.81,3968,3,12,3,-3.0,80.0,11777.3,82.3,42.27,False,6.49,5.74,0,10,0,False,False,1,ICE,NORMAL,6,0,57,False,1,DIM,SNOW,5,49,True,False,0,SAFE,SAFE,SAFE,10,0,100,False,1,5,0,12,100,49,False,True,False,False,True,False
103.85,48.88,3974,3,12,3,-3.0,80.0,11777.3,82.6,41.95,False,6.43,5.75,0,10,0,False,False,1,ICE,NORMAL,6,0,57,False,1,DIM,SNOW,5,49,True,False,0,SAFE,SAFE,SAFE,10,0,100,False,1,5,0,12,100,49,False,True,False,False,True,False
103.9,48.91,3976,3,12,3,-3.0,80.0,11777.3,82.6,41.63,False,6.52,5.62,0,10,0,False,False,1,ICE,NORMAL,6,0,57,False,1,DIM,SNOW,5,49,True,False,0,SAFE,SAFE,SAFE,10,0,100,False,1,5,0,12,100,49,False,True,False,False,True,False
103.95,48.98,3982,3,12,3,-3.0,80.0,11777.3,82.4,41.3,False,6.45,5.63,0,10,0,False,False,1,ICE,NORMAL,6,0,57,False,1,DIM,SNOW,5,49,True,False,0,SAFE,SAFE,SAFE,10,0,100,False,1,5,0,12,100,49,False,True,False,False,True,False
104.0,49.01,3984,3,12,3,-3.0,80.0,11777.3,82.3,40.98,False,6.54,5.5,0,10,0,False,False,1,ICE,NORMAL,6,0,57,False,1,DIM,SNOW,5,49,True,False,0,SAFE,SAFE,SAFE,10,0,100,False,1,5,0,12,100,49,False,True,False,False,True,False
104.05,49.05,3988,3,12,3,-3.0,80.0,11777.3,82.5,40.79,False,6.47,5.53,0,10,0,False,False,1,ICE,NORMAL,6,0,57,False,1,DIM,SNOW,5,49,True,False,0,SAFE,SAFE,SAFE,10,0,100,False,1,5,0,12,100,49,False,True,False,False,True,False
104.1,48.96,3980,3,12,3,-3.0,80.0,11777.3,82.8,40.52,False,6.53,5.44,0,10,0,False,False,1,ICE,NORMAL,6,0,57,False,1,DIM,SNOW,5,49,True,False,0,SAFE,SAFE,SAFE,10,0,100,False,1,5,0,12,100,49,False,True,False,False,True,False
104.15,48.86,3972,3,12,3,-3.0,80.0,11777.3,82.5,40.19,False,6.42,5.48,0,10,0,False,False,1,ICE,NORMAL,6,0,57,False,1,DIM,SNOW,5,49,True,False,0,SAFE,SAFE,SAFE,10,0,100,False,1,5,0,12,100,49,False,True,False,False,True,False
104.2,48.74,3963,3,12,3,-3.0,80.0,11777.3,82.3,39.87,False,6.47,5.39,0,10,0,False,False,1,ICE,NORMAL,6,0,57,False,1,DIM,SNOW,5,49,True,False,0,SAFE,SAFE,SAFE,10,0,100,False,1,5,0,12,100,49,False,True,False,False,True,False
104.25,48.72,3961,3,12,3,-3.0,80.0,11777.3,82.3,39.55,False,6.38,5.41,0,10,0,False,False,1,ICE,NORMAL,6,0,57,False,1,DIM,SNOW,5,49,True,False,0,SAFE,SAFE,SAFE,10,0,100,False,1,5,0,12,100,49,False,True,False,False,True,False
104.3,48.68,3958,3,12,3,-3.0,80.0,11777.3,82.5,39.23,False,6.45,5.3,0,10,0,False,False,1,ICE,NORMAL,6,0,57,False,1,DIM,SNOW,5,49,True,False,0,SAFE,SAFE,SAFE,10,0,100,False,1,5,0,12,100,49,False,True,False,False,True,False
104.35,48.72,3961,3,12,3,-3.0,80.0,11777.3,82.6,38.91,False,6.38,5.31,0,10,0,False,False,1,ICE,NORMAL,6,0,57,False,1,DIM,SNOW,5,49,True,False,0,SAFE,SAFE,SAFE,10,0,100,False,1,5,0,12,100,49,False,True,False,False,True,False
104.4,48.72,3961,3,12,3,-3.0,80.0,11777.3,82.3,38.59,False,6.46,5.2,0,10,0,False,False,1,ICE,NORMAL,6,0,57,False,1,DIM,SNOW,5,49,True,False,0,SAFE,SAFE,SAFE,10,0,100,False,1,5,0,12,100,49,False,True,False,False,True,False
104.45,48.77,3965,3,12,3,-3.0,80.0,11777.3,82.2,38.26,False,6.4,5.2,0,10,0,False,False,1,ICE,NORMAL,6,0,57,False,1,DIM,SNOW,5,49,True,False,0,SAFE,SAFE,SAFE,10,0,100,False,1,5,0,12,100,49,False,True,False,False,True,False
104.5,48.79,3967,3,12,3,-3.0,80.0,11777.3,82.3,37.94,False,6.48,5.08,0,10,0,False,False,1,ICE,NORMAL,6,0,57,False,1,DIM,SNOW,5,49,True,False,0,SAFE,SAFE,SAFE,10,0,100,False,1,5,0,12,100,49,False,True,False,False,True,False
104.55,48.86,3972,3,12,3,-3.0,80.0,11777.3,82.7,37.62,False,6.42,5.08,0,10,0,False,False,1,ICE,NORMAL,6,0,57,False,1,DIM,SNOW,5,49,True,False,0,SAFE,SAFE,SAFE,10,0,100,False,1,5,0,12,100,49,False,True,False,False,True,False
104.6,48.88,3974,3,12,3,-3.0,80.0,11777.3,82.5,37.48,False,6.51,4.99,0,10,0,False,False,1,ICE,NORMAL,6,0,57,False,1,DIM,SNOW,5,49,True,False,0,SAFE,SAFE,SAFE,10,0,100,False,1,5,0,12,100,49,False,True,False,False,True,False
104.65,48.95,3980,3,12,3,-3.0,80.0,11777.3,82.3,37.16,False,6.45,4.99,0,10,0,False,False,1,ICE,NORMAL,6,0,57,False,1,DIM,SNOW,5,49,True,False,0,SAFE,SAFE,SAFE,10,0,100,False,1,5,0,12,100,49,False,True,False,False,True,False
104.7,48.98,3982,3,12,3,-3.0,80.0,11777.3,82.3,36.84,False,6.54,4.87,0,10,0,False,False,1,ICE,NORMAL,6,0,57,False,1,DIM,SNOW,5,49,True,False,0,SAFE,SAFE,SAFE,10,0,100,False,1,5,0,12,100,49,False,True,False,False,True,False
104.75,49.05,3988,3,12,3,-3.0,80.0,11777.3,82.6,36.51,False,6.47,4.87,0,10,0,False,False,1,ICE,NORMAL,6,0,57,False,1,DIM,SNOW,5,49,True,False,0,SAFE,SAFE,SAFE,10,0,100,False,1,5,0,12,100,49,False,True,False,False,True,False
104.8,49.05,3988,3,12,3,-3.0,80.0,11777.3,82.7,36.18,False,6.56,4.76,0,10,0,False,False,1,ICE,NORMAL,6,0,57,False,1,DIM,SNOW,5,49,True,False,0,SAFE,SAFE,SAFE,10,0,100,False,1,5,0,12,100,49,False,True,False,False,True,False
104.85,49.0,3984,3,12,3,-3.0,80.0,11777.3,82.4,35.86,False,6.46,4.78,0,10,0,False,False,1,ICE,NORMAL,6,0,57,False,1,DIM,SNOW,5,49,True,False,0,SAFE,SAFE,SAFE,10,0,100,False,1,5,0,12,100,49,False,True,False,False,True,False
104.9,48.85,3971,3,12,3,-3.0,80.0,11777.3,82.3,35.54,False,6.5,4.7,0,10,0,False,False,1,ICE,NORMAL,6,0,57,False,1,DIM,SNOW,5,49,True,False,0,SAFE,SAFE,SAFE,10,0,100,False,1,5,0,12,100,49,False,True,False,False,True,False
104.95,48.71,3960,3,12,3,-3.0,80.0,11777.3,82.4,35.21,False,6.38,4.74,0,10,0,False,False,1,ICE,NORMAL,6,0,57,False,1,DIM,SNOW,5,49,True,False,0,SAFE,SAFE,SAFE,10,0,100,False,1,5,0,12,100,49,False,True,False,False,True,False
105.0,48.57,3949,3,12,3,-3.0,80.0,12989.4,82.8,34.89,False,6.42,4.65,0,10,0,False,False,1,ICE,NORMAL,6,0,57,False,1,DIM,SNOW,5,49,True,False,0,SAFE,SAFE,SAFE,10,0,100,False,1,5,0,12,100,49,False,True,False,False,True,False
105.05,48.53,3946,3,12,3,-3.0,80.0,12989.4,82.8,34.58,False,6.33,4.67,0,10,0,False,False,1,ICE,NORMAL,6,0,57,False,1,DIM,SNOW,5,49,True,False,0,SAFE,SAFE,SAFE,10,0,100,False,1,5,0,12,100,49,False,True,False,False,True,False
105.1,48.49,3942,3,12,3,-3.0,80.0,12989.4,82.9,34.26,False,6.4,4.57,0,10,0,False,False,1,ICE,NORMAL,6,0,58,False,1,DIM,SNOW,5,49,True,False,0,SAFE,SAFE,SAFE,10,0,100,False,1,5,0,12,100,49,False,True,False,False,True,False
105.15,48.51,3944,3,12,3,-3.0,80.0,12989.4,83.2,34.13,False,6.32,4.61,0,10,0,False,False,1,ICE,NORMAL,6,0,58,False,1,DIM,SNOW,5,49,True,False,0,SAFE,SAFE,SAFE,10,0,100,False,1,5,0,12,100,49,False,True,False,False,True,False
105.2,48.51,3944,3,12,3,-3.0,80.0,12989.4,84.0,33.81,False,6.41,4.5,0,10,0,False,False,1,ICE,NORMAL,6,0,58,False,1,DIM,SNOW,5,50,True,False,0,SAFE,SAFE,SAFE,10,0,100,False,1,5,0,12,100,50,False,True,False,False,True,False
105.25,48.56,3948,3,12,3,-3.0,80.0,12989.4,84.8,33.49,False,6.34,4.49,0,10,0,False,False,1,ICE,NORMAL,6,0,59,False,1,DIM,SNOW,5,50,True,False,0,SAFE,SAFE,SAFE,10,0,100,False,1,5,0,12,100,50,False,True,False,False,True,False
105.3,48.58,3949,3,12,3,-3.0,80.0,12989.4,85.7,33.17,False,6.43,4.38,0,10,0,False,False,1,ICE,NORMAL,6,0,59,False,1,DIM,SNOW,5,51,True,False,0,SAFE,SAFE,SAFE,10,0,100,False,1,5,0,12,100,51,False,True,False,False,True,False
105.35,48.64,3955,3,12,3,-3.0,80.0,12989.4,86.8,32.85,False,6.36,4.38,0,10,0,False,False,1,ICE,NORMAL,6,0,60,False,1,DIM,SNOW,5,52,True,False,0,SAFE,SAFE,SAFE,10,0,100,False,1,5,0,12,100,52,False,True,False,False,True,False
105.4,48.67,3957,3,12,3,-3.0,80.0,12989.4,88.1,32.53,False,6.45,4.27,0,10,0,False,False,1,ICE,NORMAL,6,0,61,False,1,DIM,SNOW,5,52,True,False,0,SAFE,SAFE,SAFE,10,0,100,False,1,5,0,12,100,52,False,True,False,False,True,False
105.45,48.74,3962,3,12,3,-3.0,80.0,12989.4,90.0,32.21,False,6.39,4.26,0,10,0,False,False,1,ICE,NORMAL,6,0,62,False,1,DIM,SNOW,5,53,True,False,0,SAFE,SAFE,SAFE,10,0,100,False,1,5,0,12,100,53,False,True,False,False,True,False
105.5,48.76,3965,3,12,3,-3.0,80.0,12989.4,91.7,31.89,False,6.48,4.15,0,10,0,False,False,1,ICE,NORMAL,6,0,64,False,1,DIM,SNOW,5,55,True,False,0,SAFE,SAFE,SAFE,10,0,100,False,1,5,0,12,100,55,False,True,False,False,True,False
105.55,48.84,3970,3,12,3,-3.0,80.0,12989.4,93.6,31.57,False,6.41,4.14,0,10,0,False,False,1,ICE,NORMAL,6,0,65,False,1,DIM,SNOW,5,56,True,False,0,SAFE,SAFE,SAFE,10,0,100,False,1,5,0,12,100,56,False,True,False,False,True,False
105.6,48.87,3973,3,12,3,-3.0,80.0,12989.4,95.7,31.24,False,6.5,4.03,0,10,0,False,False,1,ICE,NORMAL,6,0,67,False,1,DIM,SNOW,5,57,True,False,0,SAFE,SAFE,SAFE,10,0,100,False,1,5,0,12,100,57,False,True,False,False,True,False
105.65,48.94,3979,3,12,3,-3.0,80.0,12989.4,98.5,31.11,False,6.44,4.05,0,10,0,False,False,1,ICE,NORMAL,6,0,68,False,1,DIM,SNOW,5,59,True,False,0,SAFE,SAFE,SAFE,10,0,100,False,1,5,0,12,100,59,False,True,False,False,True,False
105.7,48.97,3981,3,12,3,-3.0,80.0,12989.4,100,30.78,False,6.53,3.95,0,0,0,False,False,1,ICE,NORMAL,6,0,70,False,1,DIM,SNOW,5,60,True,False,0,SAFE,SAFE,SAFE,10,0,100,False,1,0,0,12,100,60,False,True,False,False,True,False
105.75,48.94,3979,3,12,3,-3.0,80.0,12989.4,100,30.46,False,6.44,3.95,0,0,0,False,False,1,ICE,NORMAL,6,0,70,False,1,DIM,SNOW,5,60,True,False,0,SAFE,SAFE,SAFE,10,0,100,False,1,0,0,12,100,60,False,True,False,False,True,False
105.8,48.76,3965,3,12,3,-3.0,80.0,12989.4,100,30.14,False,6.48,3.88,0,0,0,False,False,1,ICE,NORMAL,6,0,70,False,1,DIM,SNOW,5,60,True,False,0,SAFE,SAFE,SAFE,10,0,100,False,1,0,0,12,100,60,False,True,False,False,True,False
105.85,48.57,3949,3,12,3,-3.0,80.0,12989.4,100,29.82,False,6.34,3.91,0,0,0,False,False,1,ICE,NORMAL,6,0,70,False,1,DIM,SNOW,5,60,True,False,0,SAFE,SAFE,SAFE,10,0,100,False,1,0,0,12,100,60,False,True,False,False,True,False
105.9,48.29,3926,3,12,3,-3.0,80.0,12989.4,100,29.5,False,6.34,3.86,0,0,0,False,False,1,ICE,NORMAL,6,0,70,False,1,DIM,SNOW,5,60,True,False,0,SAFE,SAFE,SAFE,10,0,100,False,1,0,0,12,100,60,False,True,False,False,True,False
105.95,48.04,3906,3,12,3,-3.0,80.0,12989.4,100,29.19,False,6.19,3.91,0,0,0,False,False,1,ICE,NORMAL,6,0,70,False,1,DIM,SNOW,5,60,True,False,0,SAFE,SAFE,SAFE,10,0,100,False,1,0,0,12,100,60,False,True,False,False,True,False
106.0,47.72,3879,3,12,3,-3.0,80.0,12989.4,100,28.88,False,6.19,3.86,0,0,0,False,False,1,ICE,NORMAL,6,0,70,False,1,DIM,SNOW,5,60,True,False,0,SAFE,SAFE,SAFE,10,0,100,False,1,0,0,12,100,60,False,True,False,False,True,False
106.05,47.46,3858,3,12,3,-3.0,80.0,12989.4,100,28.57,False,6.03,3.91,0,0,0,False,False,1,ICE,NORMAL,6,0,70,False,1,DIM,SNOW,5,60,True,False,0,SAFE,SAFE,SAFE,10,0,100,False,1,0,0,12,100,60,False,True,False,False,True,False
106.1,47.12,3831,3,12,3,-3.0,80.0,12989.4,100,28.27,False,6.02,3.86,0,0,0,False,False,1,ICE,NORMAL,6,0,70,False,1,DIM,SNOW,5,60,True,False,0,SAFE,SAFE,SAFE,10,0,100,False,1,0,0,12,100,60,False,True,False,False,True,False
106.15,46.87,3810,3,12,3,-3.0,80.0,12989.4,100,27.97,False,5.87,3.92,0,0,0,False,False,1,ICE,NORMAL,6,0,70,False,1,DIM,SNOW,5,60,True,False,0,SAFE,SAFE,SAFE,10,0,100,False,1,0,0,12,100,60,False,True,False,False,True,False
106.2,46.53,3783,3,12,3,-3.0,80.0,12989.4,100,27.68,False,5.85,3.87,0,0,0,False,False,1,ICE,NORMAL,6,0,70,False,1,DIM,SNOW,5,60,True,False,0,SAFE,SAFE,SAFE,10,0,100,False,1,0,0,12,100,60,False,True,False,False,True,False
106.25,46.27,3762,3,12,3,-3.0,80.0,12989.4,100,27.39,False,5.7,3.93,0,0,0,False,False,1,ICE,NORMAL,6,0,70,False,1,DIM,SNOW,5,60,True,False,0,SAFE,SAFE,SAFE,10,0,100,False,1,0,0,12,100,60,False,True,False,False,True,False
106.3,45.93,3734,3,12,3,-3.0,80.0,12989.4,100,27.11,False,5.69,3.89,0,0,0,False,False,1,ICE,NORMAL,6,0,70,False,1,DIM,SNOW,5,60,True,False,0,SAFE,SAFE,SAFE,10,0,100,False,1,0,0,12,100,60,False,True,False,False,True,False
106.35,45.68,3714,3,12,3,-3.0,80.0,12989.4,100,26.83,False,5.54,3.94,0,0,0,False,False,1,ICE,NORMAL,6,0,70,False,1,DIM,SNOW,5,60,True,False,0,SAFE,SAFE,SAFE,10,0,100,False,1,0,0,12,100,60,False,True,False,False,True,False
106.4,45.34,3686,3,12,3,-3.0,80.0,12989.4,100,26.55,False,5.52,3.9,0,0,0,False,False,1,ICE,NORMAL,6,0,70,False,1,DIM,SNOW,5,60,True,False,0,SAFE,SAFE,SAFE,10,0,100,False,1,0,0,12,100,60,False,True,False,False,True,False
106.45,45.09,3666,3,12,3,-3.0,80.0,12989.4,100,26.28,False,5.37,3.96,0,0,0,False,False,1,ICE,NORMAL,6,0,70,False,1,DIM,SNOW,5,60,True,False,0,SAFE,SAFE,SAFE,10,0,100,False,1,0,0,12,100,60,False,True,False,False,True,False
106.5,44.75,3638,3,12,3,-3.0,80.0,14256.6,100,26.01,False,5.36,3.92,0,0,0,False,False,1,ICE,NORMAL,6,0,70,False,1,DIM,SNOW,5,60,True,False,0,SAFE,SAFE,SAFE,10,0,100,False,1,0,0,12,100,60,False,True,False,False,True,False
106.55,44.51,3619,3,12,3,-3.0,80.0,14256.6,100,25.75,False,5.21,3.98,0,0,0,False,False,1,ICE,NORMAL,6,0,70,False,1,DIM,SNOW,5,60,True,False,0,SAFE,SAFE,SAFE,10,0,100,False,1,0,0,12,100,60,False,True,False,False,True,False
106.6,44.17,3591,3,12,3,-3.0,80.0,14256.6,100,25.49,False,5.2,3.94,0,0,0,False,False,1,ICE,NORMAL,6,0,70,False,1,DIM,SNOW,5,60,True,False,0,SAFE,SAFE,SAFE,10,0,100,False,1,0,0,12,100,60,False,True,False,False,True,False
106.65,43.93,3572,3,12,3,-3.0,80.0,14256.6,100,25.23,False,5.05,4.0,0,10,0,False,False,1,ICE,NORMAL,6,0,70,False,1,DIM,SNOW,5,60,True,False,0,SAFE,SAFE,SAFE,10,0,100,False,1,5,0,12,100,60,False,True,False,False,True,False
106.7,43.68,3551,3,12,3,-3.0,80.0,14256.6,100,24.98,False,5.06,3.95,0,0,0,False,False,1,ICE,NORMAL,6,0,70,False,1,DIM,SNOW,5,60,True,False,0,SAFE,SAFE,SAFE,10,0,100,False,1,0,0,12,100,60,False,True,False,False,True,False
106.75,43.5,3537,3,12,3,-3.0,80.0,14256.6,100,24.73,False,4.93,4.0,0,0,0,False,False,1,ICE,NORMAL,6,0,70,False,1,DIM,SNOW,5,60,True,False,0,SAFE,SAFE,SAFE,10,0,100,False,1,0,0,12,100,60,False,True,False,False,True,False
106.8,43.18,3511,3,12,3,-3.0,80.0,14256.6,100,24.48,False,4.93,3.95,0,0,0,False,False,1,ICE,NORMAL,6,0,70,False,1,DIM,SNOW,5,60,True,False,0,SAFE,SAFE,SAFE,10,0,100,False,1,0,0,12,100,60,False,True,False,False,True,False
106.85,42.97,3494,3,12,3,-3.0,80.0,14256.6,100,24.24,False,4.79,4.02,0,10,0,False,False,1,ICE,NORMAL,6,0,70,False,1,DIM,SNOW,5,60,True,False,0,SAFE,SAFE,SAFE,10,0,100,False,1,5,0,12,100,60,False,True,False,False,True,False
106.9,42.72,3473,3,12,3,-3.0,80.0,14256.6,100,24.0,False,4.8,3.96,0,0,0,False,False,1,ICE,NORMAL,6,0,70,False,1,DIM,SNOW,5,60,True,False,0,SAFE,SAFE,SAFE,10,0,100,False,1,0,0,12,100,60,False,True,False,False,True,False
106.95,42.56,3460,3,12,3,-3.0,80.0,14256.6,100,23.77,False,4.67,4.02,0,10,0,False,False,1,ICE,NORMAL,6,0,70,False,1,DIM,SNOW,5,60,True,False,0,SAFE,SAFE,SAFE,10,0,100,False,1,5,0,12,100,60,False,True,False,False,True,False
107.0,42.33,3442,3,12,3,-3.0,80.0,14256.6,100,23.53,False,4.69,3.95,0,0,0,False,False,1,ICE,NORMAL,6,0,70,False,1,DIM,SNOW,5,60,True,False,0,SAFE,SAFE,SAFE,10,0,100,False,1,0,0,12,100,60,False,True,False,False,True,False
107.05,42.19,3430,3,12,3,-3.0,80.0,14256.6,100,23.3,False,4.57,4.01,0,10,0,False,False,1,ICE,NORMAL,6,0,70,False,1,DIM,SNOW,5,60,True,False,0,SAFE,SAFE,SAFE,10,0,100,False,1,5,0,12,100,60,False,True,False,False,True,False
107.1,41.96,3411,3,12,3,-3.0,80.0,14256.6,100,23.07,False,4.59,3.94,0,0,0,False,False,1,ICE,NORMAL,6,0,70,False,1,DIM,SNOW,5,60,True,False,0,SAFE,SAFE,SAFE,10,0,100,False,1,0,0,12,100,60,False,True,False,False,True,False
107.15,41.82,3400,3,12,3,-3.0,80.0,14256.6,100,22.85,False,4.47,4.0,0,0,0,False,False,1,ICE,NORMAL,6,0,70,False,1,DIM,SNOW,5,60,True,False,0,SAFE,SAFE,SAFE,10,0,100,False,1,0,0,12,100,60,False,True,False,False,True,False
107.2,41.51,3375,3,12,3,-3.0,80.0,14256.6,100,22.62,False,4.46,3.95,0,0,0,False,False,1,ICE,NORMAL,6,0,70,False,1,DIM,SNOW,5,60,True,False,0,SAFE,SAFE,SAFE,10,0,100,False,1,0,0,12,100,60,False,True,False,False,True,False
107.25,41.32,3359,3,12,3,-3.0,80.0,14256.6,100,22.4,False,4.33,4.02,0,10,0,False,False,1,ICE,NORMAL,6,0,70,False,1,DIM,SNOW,5,60,True,False,0,SAFE,SAFE,SAFE,10,0,100,False,1,5,0,12,100,60,False,True,False,False,True,False
107.3,41.08,3339,3,12,3,-3.0,80.0,14256.6,100,22.19,False,4.34,3.96,0,0,0,False,False,1,ICE,NORMAL,6,0,70,False,1,DIM,SNOW,5,60,True,False,0,SAFE,SAFE,SAFE,10,0,100,False,1,0,0,12,100,60,False,True,False,False,True,False
107.35,40.93,3328,3,12,3,-3.0,80.0,14256.6,100,21.97,False,4.22,4.02,0,10,0,False,False,1,ICE,NORMAL,6,0,70,False,1,DIM,SNOW,5,60,True,False,0,SAFE,SAFE,SAFE,10,0,100,False,1,5,0,12,100,60,False,True,False,False,True,False
107.4,40.7,3309,3,12,3,-3.0,80.0,14256.6,100,21.76,False,4.24,3.96,0,0,0,False,False,1,ICE,NORMAL,6,0,70,False,1,DIM,SNOW,5,60,True,False,0,SAFE,SAFE,SAFE,10,0,100,False,1,0,0,12,100,60,False,True,False,False,True,False
107.45,40.57,3298,3,12,3,-3.0,80.0,14256.6,100,21.55,False,4.12,4.02,0,10,0,False,False,1,ICE,NORMAL,6,0,70,False,1,DIM,SNOW,5,60,True,False,0,SAFE,SAFE,SAFE,10,0,100,False,1,5,0,12,100,60,False,True,False,False,True,False
107.5,40.34,3280,3,12,3,-3.0,80.0,14256.6,100,21.35,False,4.14,3.95,0,0,0,False,False,1,ICE,NORMAL,6,0,70,False,1,DIM,SNOW,5,60,True,False,0,SAFE,SAFE,SAFE,10,0,100,False,1,0,0,12,100,60,False,True,False,False,True,False
107.55,40.22,3270,3,12,3,-3.0,80.0,14256.6,100,21.14,False,4.02,4.02,0,10,0,False,False,1,ICE,NORMAL,6,0,70,False,1,DIM,SNOW,5,60,True,False,0,SAFE,SAFE,SAFE,10,0,100,False,1,5,0,12,100,60,False,True,False,False,True,False
107.6,39.99,3251,3,12,3,-3.0,80.0,14256.6,100,20.94,False,4.04,3.95,0,0,0,False,False,1,ICE,NORMAL,6,0,70,False,1,DIM,SNOW,5,60,True,False,0,SAFE,SAFE,SAFE,10,0,100,False,1,0,0,12,100,60,False,True,False,False,True,False
107.65,39.87,3242,3,12,3,-3.0,80.0,14256.6,100,20.74,False,3.92,4.01,0,10,0,False,False,1,ICE,NORMAL,6,0,70,False,1,DIM,SNOW,5,60,True,False,0,SAFE,SAFE,SAFE,10,0,100,False,1,5,0,12,100,60,False,True,False,False,True,False
107.7,39.65,3223,3,12,3,-3.0,80.0,14256.6,100,20.55,False,3.94,3.94,0,0,0,False,False,1,ICE,NORMAL,6,0,70,False,1,DIM,SNOW,5,60,True,False,0,SAFE,SAFE,SAFE,10,0,100,False,1,0,0,12,100,60,False,True,False,False,True,False
107.75,39.53,3214,3,12,3,-3.0,80.0,14256.6,100,20.35,False,3.83,4.01,0,10,0,False,False,1,ICE,NORMAL,6,0,70,False,1,DIM,SNOW,5,60,True,False,0,SAFE,SAFE,SAFE,10,0,100,False,1,5,0,12,100,60,False,True,False,False,True,False
107.8,39.31,3195,3,12,3,-3.0,80.0,14256.6,100,20.16,False,3.85,3.94,0,0,0,False,False,1,ICE,NORMAL,6,0,70,False,1,DIM,SNOW,5,60,True,False,0,SAFE,SAFE,SAFE,10,0,100,False,1,0,0,12,100,60,False,True,False,False,True,False
107.85,39.19,3186,3,12,3,-3.0,80.0,14256.6,100,19.97,False,3.74,4.01,0,10,0,False,False,1,ICE,NORMAL,6,0,70,False,1,DIM,SNOW,5,60,True,False,0,SAFE,SAFE,SAFE,10,0,100,False,1,5,0,12,100,60,False,True,False,False,True,False
107.9,38.97,3168,3,12,3,-3.0,80.0,14256.6,100,19.78,False,3.76,3.94,0,0,0,False,False,1,ICE,NORMAL,6,0,70,False,1,DIM,SNOW,5,60,True,False,0,SAFE,SAFE,SAFE,10,0,100,False,1,0,0,12,100,60,False,True,False,False,True,False
107.95,38.86,3159,3,12,3,-3.0,80.0,14256.6,100,19.6,False,3.64,4.01,0,10,0,False,False,1,ICE,NORMAL,6,0,70,False,1,DIM,SNOW,5,60,True,False,0,SAFE,SAFE,SAFE,10,0,100,False,1,5,0,12,100,60,False,True,False,False,True,False
108.0,38.63,3141,3,12,3,-3.0,80.0,15531.4,100,19.42,False,3.66,3.94,0,0,0,False,False,1,ICE,NORMAL,6,0,70,False,1,DIM,SNOW,5,60,True,False,0,SAFE,SAFE,SAFE,10,0,100,False,1,0,0,12,100,60,False,True,False,False,True,False
108.05,38.52,3132,3,12,3,-3.0,80.0,15531.4,100,19.24,False,3.55,4.01,0,10,0,False,False,1,ICE,NORMAL,6,0,70,False,1,DIM,SNOW,5,60,True,False,0,SAFE,SAFE,SAFE,10,0,100,False,1,5,0,12,100,60,False,True,False,False,True,False
108.1,38.3,3113,3,12,3,-3.0,80.0,15531.4,100,19.06,False,3.57,3.94,0,0,0,False,False,1,ICE,NORMAL,6,0,70,False,1,DIM,SNOW,5,60,True,False,0,SAFE,SAFE,SAFE,10,0,100,False,1,0,0,12,100,60,False,True,False,False,True,False
108.15,38.19,3105,3,12,3,-3.0,80.0,15531.4,100,18.88,False,3.46,4.02,0,10,0,False,False,1,ICE,NORMAL,6,0,70,False,1,DIM,SNOW,5,60,True,False,0,SAFE,SAFE,SAFE,10,0,100,False,1,5,0,12,100,60,False,True,False,False,True,False
108.2,37.97,3086,3,12,3,-3.0,80.0,15531.4,100,18.71,False,3.48,3.94,0,0,0,False,False,1,ICE,NORMAL,6,0,70,False,1,DIM,SNOW,5,60,True,False,0,SAFE,SAFE,SAFE,10,0,100,False,1,0,0,12,100,60,False,True,False,False,True,False
108.25,37.86,3078,3,12,3,-3.0,80.0,15531.4,100,18.54,False,3.37,4.02,0,10,0,False,False,1,ICE,NORMAL,6,0,70,False,1,DIM,SNOW,5,60,True,False,0,SAFE,SAFE,SAFE,10,0,100,False,1,5,0,12,100,60,False,True,False,False,True,False
108.3,37.64,3060,3,12,3,-3.0,80.0,15531.4,100,18.37,False,3.39,3.95,0,0,0,False,False,1,ICE,NORMAL,6,0,70,False,1,DIM,SNOW,5,60,True,False,0,SAFE,SAFE,SAFE,10,0,100,False,1,0,0,12,100,60,False,True,False,False,True,False
108.35,37.54,3052,3,12,3,-3.0,80.0,15531.4,100,18.21,False,3.28,4.03,0,10,0,False,False,1,ICE,NORMAL,6,0,70,False,1,DIM,SNOW,5,60,True,False,0,SAFE,SAFE,SAFE,10,0,100,False,1,5,0,12,100,60,False,True,False,False,True,False
108.4,37.31,3033,3,12,3,-3.0,80.0,15531.4,100,18.04,False,3.3,3.96,0,0,0,False,False,1,ICE,NORMAL,6,0,70,False,1,DIM,SNOW,5,60,True,False,0,SAFE,SAFE,SAFE,10,0,100,False,1,0,0,12,100,60,False,True,False,False,True,False
108.45,37.22,3025,3,12,3,-3.0,80.0,15531.4,100,17.88,False,3.19,4.04,0,10,0,False,False,1,ICE,NORMAL,6,0,70,False,1,DIM,SNOW,5,60,True,False,0,SAFE,SAFE,SAFE,10,0,100,False,1,5,0,12,100,60,False,True,False,False,True,False
108.5,36.99,3007,3,12,3,-3.0,80.0,15531.4,100,17.72,False,3.21,3.97,0,0,0,False,False,1,ICE,NORMAL,6,0,70,False,1,DIM,SNOW,5,60,True,False,0,SAFE,SAFE,SAFE,10,0,100,False,1,0,0,12,100,60,False,True,False,False,True,False
108.55,36.89,2999,3,12,3,-3.0,80.0,15531.4,100,17.56,False,3.1,4.06,0,10,0,False,False,1,ICE,NORMAL,6,0,70,False,1,DIM,SNOW,5,60,True,False,0,SAFE,SAFE,SAFE,10,0,100,False,1,5,0,12,100,60,False,True,False,False,True,False
108.6,36.66,2981,3,12,3,-3.0,80.0,15531.4,100,17.41,False,3.12,3.98,0,0,0,False,False,1,ICE,NORMAL,6,0,70,False,1,DIM,SNOW,5,60,True,False,0,SAFE,SAFE,SAFE,10,0,100,False,1,0,0,12,100,60,False,True,False,False,True,False
108.65,36.58,2973,3,12,3,-3.0,80.0,15531.4,100,17.26,False,3.01,4.07,0,10,0,False,False,1,ICE,NORMAL,6,0,70,False,1,DIM,SNOW,5,60,True,False,0,SAFE,SAFE,SAFE,10,0,100,False,1,5,0,12,100,60,False,True,False,False,True,False
108.7,36.35,2955,3,12,3,-3.0,80.0,15531.4,100,17.1,False,3.03,4.0,0,0,0,False,False,1,ICE,NORMAL,6,0,70,False,1,DIM,SNOW,5,60,True,False,0,SAFE,SAFE,SAFE,10,0,100,False,1,0,0,12,100,60,False,True,False,False,True,False
108.75,36.26,2948,3,12,3,-3.0,80.0,15531.4,100,16.96,False,2.92,4.09,0,10,0,False,False,1,ICE,NORMAL,6,0,70,False,1,DIM,SNOW,5,60,True,False,0,SAFE,SAFE,SAFE,10,0,100,False,1,5,0,12,100,60,False,True,False,False,True,False
108.8,36.03,2929,3,12,3,-3.0,80.0,15531.4,100,16.81,False,2.94,4.02,0,10,0,False,False,1,ICE,NORMAL,6,0,70,False,1,DIM,SNOW,5,60,True,False,0,SAFE,SAFE,SAFE,10,0,100,False,1,5,0,12,100,60,False,True,False,False,True,False
108.85,36.04,2930,3,12,3,-3.0,80.0,15531.4,100,16.67,False,2.86,4.08,0,10,0,False,False,1,ICE,NORMAL,6,0,70,False,1,DIM,SNOW,5,60,True,False,0,SAFE,SAFE,SAFE,10,0,100,False,1,5,0,12,100,60,False,True,False,False,True,False
108.9,35.91,2920,3,12,3,-3.0,80.0,15531.4,100,16.52,False,2.91,3.96,0,0,0,False,False,1,ICE,NORMAL,6,0,70,False,1,DIM,SNOW,5,60,True,False,0,SAFE,SAFE,SAFE,10,0,100,False,1,0,0,12,100,60,False,True,False,False,True,False
108.95,35.93,2921,3,12,3,-3.0,80.0,15531.4,100,16.38,False,2.83,4.02,0,10,0,False,False,1,ICE,NORMAL,6,0,70,False,1,DIM,SNOW,5,60,True,False,0,SAFE,SAFE,SAFE,10,0,100,False,1,5,0,12,100,60,False,True,False,False,True,False
109.0,35.76,2907,3,12,3,-3.0,80.0,15531.4,100,16.24,False,2.87,3.92,0,0,0,False,False,1,ICE,NORMAL,6,0,70,False,1,DIM,SNOW,5,60,True,False,0,SAFE,SAFE,SAFE,10,0,100,False,1,0,0,12,100,60,False,True,False,False,True,False
109.05,35.72,2904,3,12,3,-3.0,80.0,15531.4,100,16.09,False,2.77,4.0,0,10,0,False,False,1,ICE,NORMAL,6,0,70,False,1,DIM,SNOW,5,60,True,False,0,SAFE,SAFE,SAFE,10,0,100,False,1,5,0,12,100,60,False,True,False,False,True,False
109.1,35.51,2887,3,12,3,-3.0,80.0,15531.4,100,15.96,False,2.8,3.92,0,0,0,False,False,1,ICE,NORMAL,6,0,70,False,1,DIM,SNOW,5,60,True,False,0,SAFE,SAFE,SAFE,10,0,100,False,1,0,0,12,100,60,False,True,False,False,True,False
109.15,35.45,2882,3,12,3,-3.0,80.0,15531.4,100,15.82,False,2.69,4.01,0,10,0,False,False,1,ICE,NORMAL,6,0,70,False,1,DIM,SNOW,5,60,True,False,0,SAFE,SAFE,SAFE,10,0,100,False,1,5,0,12,100,60,False,True,False,False,True,False
109.2,35.22,2863,3,12,3,-3.0,80.0,15531.4,100,15.68,False,2.72,3.93,0,0,0,False,False,1,ICE,NORMAL,6,0,70,False,1,DIM,SNOW,5,60,True,False,0,SAFE,SAFE,SAFE,10,0,100,False,1,0,0,12,100,60,False,True,False,False,True,False
109.25,35.15,2858,3,12,3,-3.0,80.0,15531.4,100,15.55,False,2.61,4.04,0,10,0,False,False,1,ICE,NORMAL,6,0,70,False,1,DIM,SNOW,5,60,True,False,0,SAFE,SAFE,SAFE,10,0,100,False,1,5,0,12,100,60,False,True,False,False,True,False
109.3,34.92,2839,3,12,3,-3.0,80.0,15531.4,100,15.42,False,2.63,3.96,0,0,0,False,False,1,ICE,NORMAL,6,0,70,False,1,DIM,SNOW,5,60,True,False,0,SAFE,SAFE,SAFE,10,0,100,False,1,0,0,12,100,60,False,True,False,False,True,False
109.35,34.85,2833,3,12,3,-3.0,80.0,15531.4,100,15.29,False,2.53,4.07,0,10,0,False,False,1,ICE,NORMAL,6,0,70,False,1,DIM,SNOW,5,60,True,False,0,SAFE,SAFE,SAFE,10,0,100,False,1,5,0,12,100,60,False,True,False,False,True,False
109.4,34.62,2814,3,12,3,-3.0,80.0,15531.4,100,15.16,False,2.55,3.99,0,0,0,False,False,1,ICE,NORMAL,6,0,70,False,1,DIM,SNOW,5,60,True,False,0,SAFE,SAFE,SAFE,10,0,100,False,1,0,0,12,100,60,False,True,False,False,True,False
109.45,34.55,2809,3,12,3,-3.0,80.0,15531.4,100,15.04,False,2.44,4.11,0,10,0,False,False,1,ICE,NORMAL,6,0,70,False,1,DIM,SNOW,5,60,True,False,0,SAFE,SAFE,SAFE,10,0,100,False,1,5,0,12,100,60,False,True,False,False,True,False
109.5,34.31,2790,3,12,3,-3.0,80.0,16822.6,100,14.92,False,2.46,4.03,0,10,0,False,False,1,ICE,NORMAL,6,0,70,False,1,DIM,SNOW,5,60,True,False,0,SAFE,SAFE,SAFE,10,0,100,False,1,5,0,12,100,60,False,True,False,False,True,False
109.55,34.34,2792,3,12,3,-3.0,80.0,16822.6,100,14.8,False,2.39,4.1,0,10,0,False,False,1,ICE,NORMAL,6,0,70,False,1,DIM,SNOW,5,60,True,False,0,SAFE,SAFE,SAFE,10,0,100,False,1,5,0,12,100,60,False,True,False,False,True,False
109.6,34.21,2781,3,12,3,-3.0,80.0,16822.6,100,14.68,False,2.43,3.97,0,0,0,False,False,1,ICE,NORMAL,6,0,70,False,1,DIM,SNOW,5,60,True,False,0,SAFE,SAFE,SAFE,10,0,100,False,1,0,0,12,100,60,False,True,False,False,True,False
109.65,34.24,2783,3,12,3,-3.0,80.0,16822.6,100,14.56,False,2.36,4.05,0,10,0,False,False,1,ICE,NORMAL,6,0,70,False,1,DIM,SNOW,5,60,True,False,0,SAFE,SAFE,SAFE,10,0,100,False,1,5,0,12,100,60,False,True,False,False,True,False
109.7,34.07,2770,3,12,3,-3.0,80.0,16822.6,100,14.44,False,2.39,3.94,0,0,0,False,False,1,ICE,NORMAL,6,0,70,False,1,DIM,SNOW,5,60,True,False,0,SAFE,SAFE,SAFE,10,0,100,False,1,0,0,12,100,60,False,True,False,False,True,False
109.75,34.04,2767,3,12,3,-3.0,80.0,16822.6,100,14.32,False,2.3,4.04,0,10,0,False,False,1,ICE,NORMAL,6,0,70,False,1,DIM,SNOW,5,60,True,False,0,SAFE,SAFE,SAFE,10,0,100,False,1,5,0,12,100,60,False,True,False,False,True,False
109.8,33.83,2750,3,12,3,-3.0,80.0,16822.6,100,14.2,False,2.33,3.95,0,0,0,False,False,1,ICE,NORMAL,6,0,70,False,1,DIM,SNOW,5,60,True,False,0,SAFE,SAFE,SAFE,10,0,100,False,1,0,0,12,100,60,False,True,False,False,True,False
109.85,33.78,2746,3,12,3,-3.0,80.0,16822.6,100,14.09,False,2.23,4.07,0,10,0,False,False,1,ICE,NORMAL,6,0,70,False,1,DIM,SNOW,5,60,True,False,0,SAFE,SAFE,SAFE,10,0,100,False,1,5,0,12,100,60,False,True,False,False,True,False
109.9,33.55,2728,3,12,3,-3.0,80.0,16822.6,100,13.98,False,2.25,3.99,0,0,0,False,False,1,ICE,NORMAL,6,0,70,False,1,DIM,SNOW,5,60,True,False,0,SAFE,SAFE,SAFE,10,0,100,False,1,0,0,12,100,60,False,True,False,False,True,False
109.95,33.5,2723,3,12,3,-3.0,80.0,16822.6,100,13.87,False,2.15,4.12,0,10,0,False,False,1,ICE,NORMAL,6,0,70,False,1,DIM,SNOW,5,60,True,False,0,SAFE,SAFE,SAFE,10,0,100,False,1,5,0,12,100,60,False,True,False,False,True,False
110.0,33.27,2704,3,12,3,-3.0,80.0,16822.6,100,13.76,False,2.17,4.03,0,10,0,False,False,1,ICE,NORMAL,6,0,70,False,1,DIM,SNOW,5,60,True,False,0,SAFE,SAFE,SAFE,10,0,100,False,1,5,0,12,100,60,False,True,False,False,True,False
110.05,33.3,2707,3,12,3,-3.0,80.0,16822.6,100,999.0,True,2.17,20.0,0,10,0,False,False,1,ICE,NORMAL,6,0,70,False,1,DIM,SNOW,5,60,True,False,0,SAFE,SAFE,SAFE,10,0,100,False,1,5,0,12,100,60,False,True,False,False,True,False
110.1,33.17,2697,3,12,3,-3.0,80.0,16822.6,100,999.0,True,2.17,20.0,0,10,0,False,False,1,ICE,NORMAL,6,0,70,False,1,DIM,SNOW,5,60,True,False,0,SAFE,SAFE,SAFE,10,0,100,False,1,5,0,12,100,60,False,True,False,False,True,False
110.15,33.29,2706,3,12,3,-3.0,80.0,16822.6,100,999.0,True,2.17,20.0,0,10,0,False,False,1,ICE,NORMAL,6,0,70,False,1,DIM,SNOW,5,60,True,False,0,SAFE,SAFE,SAFE,10,0,100,False,1,5,0,12,100,60,False,True,False,False,True,False
110.2,33.21,2700,3,12,3,-3.0,80.0,16822.6,100,999.0,True,2.17,20.0,0,10,0,False,False,1,ICE,NORMAL,6,0,70,False,1,DIM,SNOW,5,60,True,False,0,SAFE,SAFE,SAFE,10,0,100,False,1,5,0,12,100,60,False,True,False,False,True,False
110.25,33.37,2712,3,12,3,-3.0,80.0,16822.6,100,999.0,True,2.17,20.0,0,10,0,False,False,1,ICE,NORMAL,6,0,70,False,1,DIM,SNOW,5,60,True,False,0,SAFE,SAFE,SAFE,10,0,100,False,1,5,0,12,100,60,False,True,False,False,True,False
110.3,33.31,2708,3,12,3,-3.0,80.0,16822.6,100,999.0,True,2.17,20.0,0,10,0,False,False,1,ICE,NORMAL,6,0,70,False,1,DIM,SNOW,5,60,True,False,0,SAFE,SAFE,SAFE,10,0,100,False,1,5,0,12,100,60,False,True,False,False,True,False
110.35,33.48,2722,3,12,3,-3.0,80.0,16822.6,100,999.0,True,2.17,20.0,0,10,0,False,False,1,ICE,NORMAL,6,0,70,False,1,DIM,SNOW,5,60,True,False,0,SAFE,SAFE,SAFE,10,0,100,False,1,5,0,12,100,60,False,True,False,False,True,False
110.4,33.43,2718,3,12,3,-3.0,80.0,16822.6,100,999.0,True,2.17,20.0,0,10,0,False,False,1,ICE,NORMAL,6,0,70,False,1,DIM,SNOW,5,60,True,False,0,SAFE,SAFE,SAFE,10,0,100,False,1,5,0,12,100,60,False,True,False,False,True,False
110.45,33.6,2731,3,12,3,-3.0,80.0,16822.6,100,999.0,True,2.17,20.0,0,10,0,False,False,1,ICE,NORMAL,6,0,70,False,1,DIM,SNOW,5,60,True,False,0,SAFE,SAFE,SAFE,10,0,100,False,1,5,0,12,100,60,False,True,False,False,True,False
110.5,33.56,2728,3,12,3,-3.0,80.0,16822.6,100,999.0,True,2.17,20.0,0,10,0,False,False,1,ICE,NORMAL,6,0,70,False,1,DIM,SNOW,5,60,True,False,0,SAFE,SAFE,SAFE,10,0,100,False,1,5,0,12,100,60,False,True,False,False,True,False
110.55,33.73,2742,3,12,3,-3.0,80.0,16822.6,100,999.0,True,2.17,20.0,0,10,0,False,False,1,ICE,NORMAL,6,0,70,False,1,DIM,SNOW,5,60,True,False,0,SAFE,SAFE,SAFE,10,0,100,False,1,5,0,12,100,60,False,True,False,False,True,False
110.6,33.69,2739,3,12,3,-3.0,80.0,16822.6,100,999.0,True,2.17,20.0,0,10,0,False,False,1,ICE,NORMAL,6,0,70,False,1,DIM,SNOW,5,60,True,False,0,SAFE,SAFE,SAFE,10,0,100,False,1,5,0,12,100,60,False,True,False,False,True,False
110.65,33.85,2752,3,12,3,-3.0,80.0,16822.6,100,999.0,True,2.17,20.0,0,10,0,False,False,1,ICE,NORMAL,6,0,70,False,1,DIM,SNOW,5,60,True,False,0,SAFE,SAFE,SAFE,10,0,100,False,1,5,0,12,100,60,False,True,False,False,True,False
110.7,33.82,2749,3,12,3,-3.0,80.0,16822.6,100,999.0,True,2.17,20.0,0,10,0,False,False,1,ICE,NORMAL,6,0,70,False,1,DIM,SNOW,5,60,True,False,0,SAFE,SAFE,SAFE,10,0,100,False,1,5,0,12,100,60,False,True,False,False,True,False
110.75,33.98,2763,3,12,3,-3.0,80.0,16822.6,100,999.0,True,2.17,20.0,0,10,0,False,False,1,ICE,NORMAL,6,0,70,False,1,DIM,SNOW,5,60,True,False,0,SAFE,SAFE,SAFE,10,0,100,False,1,5,0,12,100,60,False,True,False,False,True,False
110.8,33.94,2760,3,12,3,-3.0,80.0,16822.6,100,999.0,True,2.17,20.0,0,10,0,False,False,1,ICE,NORMAL,6,0,70,False,1,DIM,SNOW,5,60,True,False,0,SAFE,SAFE,SAFE,10,0,100,False,1,5,0,12,100,60,False,True,False,False,True,False
