Time,Speed,RPM,Gear,Steering,Weather,Temperature,Humidity,Lux,RoadSpeedLimit,FrontDistance,DistanceOverRange,ClosingSpeed,TTC,TTCRisk,TTCThrottle,TTCBrake,TTCGearDown,TTCHazard,RoadRisk,RoadSurfaceGrade,RoadShockGrade,RoadThrottle,RoadBrake,RoadSpeedLimitCmd,RoadGearDown,VisionRisk,VisionLuxGrade,VisionWeatherGrade,VisionThrottle,VisionSpeedLimitCmd,VisionHeadlight,VisionHazard,PostureRisk,PostureRollGrade,PostureYawGrade,PostureLateralGrade,PostureThrottle,PostureBrake,PostureSteerRateLimit,PostureGearDown,FinalRisk,FinalThrottle,FinalBrake,FinalSteering,FinalSteerRateLimit,FinalSpeedLimit,FinalGearDown,Headlight,Hazard,ManualMode,AutonomousControl,EmergencyStop
0.05,1.76,800,1,12,0,22.0,30.0,58516.5,100,999.0,True,0.0,20.0,0,10,0,False,False,0,DRY,NORMAL,10,0,100,False,0,BRIGHT,CLEAR,10,100,False,False,0,SAFE,SAFE,SAFE,10,0,100,False,0,10,0,12,100,100,False,False,False,False,True,False
0.1,3.53,1146,1,12,0,22.0,30.0,58516.5,62.7,999.0,True,0.0,20.0,0,10,0,False,False,0,DRY,NORMAL,10,0,62.749859134779236,False,0,BRIGHT,CLEAR,10,62.749859134779236,False,False,0,SAFE,SAFE,SAFE,10,0,100,False,0,10,0,12,100,62.749859134779236,False,False,False,False,True,False
0.15,5.29,1719,1,12,0,22.0,30.0,58516.5,63.3,999.0,True,0.0,20.0,0,10,0,False,False,0,DRY,NORMAL,10,0,63.27022022933259,False,0,BRIGHT,CLEAR,10,63.27022022933259,False,False,0,SAFE,SAFE,SAFE,10,0,100,False,0,10,0,12,100,63.27022022933259,False,False,False,False,True,False
0.2,7.06,2292,1,12,0,22.0,30.0,58516.5,63.8,999.0,True,0.0,20.0,0,10,0,False,False,0,DRY,NORMAL,10,0,63.80303722199178,False,0,BRIGHT,CLEAR,10,63.80303722199178,False,False,0,SAFE,SAFE,SAFE,10,0,100,False,0,10,0,12,100,63.80303722199178,False,False,False,False,True,False
0.25,4.12,1339,1,12,0,22.0,30.0,58516.5,64.3,999.0,True,0.0,20.0,0,10,0,False,False,0,DRY,NORMAL,10,0,64.34577382760749,False,0,BRIGHT,CLEAR,10,64.34577382760749,False,False,0,SAFE,SAFE,SAFE,10,0,100,False,0,10,0,12,100,64.34577382760749,False,False,False,False,True,False
0.3,1.95,800,1,12,0,22.0,30.0,58516.5,63.5,999.0,True,0.0,20.0,0,10,0,False,False,0,DRY,NORMAL,10,0,63.468426479874175,False,0,BRIGHT,CLEAR,10,63.468426479874175,False,False,0,SAFE,SAFE,SAFE,10,0,100,False,0,10,0,12,100,63.468426479874175,False,False,False,False,True,False
0.35,1.29,800,1,12,0,22.0,30.0,58516.5,62.9,999.0,True,0.0,20.0,0,10,0,False,False,0,DRY,NORMAL,10,0,62.85453011229611,False,0,BRIGHT,CLEAR,10,62.85453011229611,False,False,0,SAFE,SAFE,SAFE,10,0,100,False,0,10,0,12,100,62.85453011229611,False,False,False,False,True,False
0.4,1.66,800,1,12,0,22.0,30.0,58516.5,63.5,999.0,True,0.0,20.0,0,10,0,False,False,0,DRY,NORMAL,10,0,63.47545421718156,False,0,BRIGHT,CLEAR,10,63.47545421718156,False,False,0,SAFE,SAFE,SAFE,10,0,100,False,0,10,0,12,100,63.47545421718156,False,False,False,False,True,False
0.45,2.7,878,1,12,0,22.0,30.0,58516.5,63.7,999.0,True,0.0,20.0,0,10,0,False,False,0,DRY,NORMAL,10,0,63.70489063702738,False,0,BRIGHT,CLEAR,10,63.70489063702738,False,False,0,SAFE,SAFE,SAFE,10,0,100,False,0,10,0,12,100,63.70489063702738,False,False,False,False,True,False
0.5,3.44,1116,1,12,0,22.0,30.0,58516.5,64.9,999.0,True,0.0,20.0,0,10,0,False,False,0,DRY,NORMAL,10,0,64.92860688918816,False,0,BRIGHT,CLEAR,10,64.92860688918816,False,False,0,SAFE,SAFE,SAFE,10,0,100,False,0,10,0,12,100,64.92860688918816,False,False,False,False,True,False
0.55,4.05,1316,1,12,0,22.0,30.0,58516.5,65.5,999.0,True,0.0,20.0,0,10,0,False,False,0,DRY,NORMAL,10,0,65.51945678662798,False,0,BRIGHT,CLEAR,10,65.51945678662798,False,False,0,SAFE,SAFE,SAFE,10,0,100,False,0,10,0,12,100,65.51945678662798,False,False,False,False,True,False
0.6,4.84,1573,1,12,0,22.0,30.0,58516.5,66.9,999.0,True,0.0,20.0,0,10,0,False,False,0,DRY,NORMAL,10,0,66.91489279192133,False,0,BRIGHT,CLEAR,10,66.91489279192133,False,False,0,SAFE,SAFE,SAFE,10,0,100,False,0,10,0,12,100,66.91489279192133,False,False,False,False,True,False
0.65,5.4,1753,1,12,0,22.0,30.0,58516.5,67.8,999.0,True,0.0,20.0,0,10,0,False,False,0,DRY,NORMAL,10,0,67.790372369584,False,0,BRIGHT,CLEAR,10,67.790372369584,False,False,0,SAFE,SAFE,SAFE,10,0,100,False,0,10,0,12,100,67.790372369584,False,False,False,False,True,False
0.7,6.26,2033,1,12,0,22.0,30.0,58516.5,68.8,999.0,True,0.0,20.0,0,10,0,False,False,0,DRY,NORMAL,10,0,68.84281174127702,False,0,BRIGHT,CLEAR,10,68.84281174127702,False,False,0,SAFE,SAFE,SAFE,10,0,100,False,0,10,0,12,100,68.84281174127702,False,False,False,False,True,False
0.75,6.81,2211,1,12,0,22.0,30.0,58516.5,70.3,999.0,True,0.0,20.0,0,10,0,False,False,0,DRY,NORMAL,10,0,70.34174119280131,False,0,BRIGHT,CLEAR,10,70.34174119280131,False,False,0,SAFE,SAFE,SAFE,10,0,100,False,0,10,0,12,100,70.34174119280131,False,False,False,False,True,False
0.8,7.74,2514,1,12,0,22.0,30.0,58516.5,72.2,999.0,True,0.0,20.0,0,10,0,False,False,0,DRY,NORMAL,10,0,72.2283011382961,False,0,BRIGHT,CLEAR,10,72.2283011382961,False,False,0,SAFE,SAFE,SAFE,10,0,100,False,0,10,0,12,100,72.2283011382961,False,False,False,False,True,False
0.85,8.3,2697,1,12,0,22.0,30.0,58516.5,74.2,999.0,True,0.0,20.0,0,10,0,False,False,0,DRY,NORMAL,10,0,74.19755873153336,False,0,BRIGHT,CLEAR,10,74.19755873153336,False,False,0,SAFE,SAFE,SAFE,10,0,100,False,0,10,0,12,100,74.19755873153336,False,False,False,False,True,False
0.9,9.19,2984,1,12,0,22.0,30.0,58516.5,76.1,999.0,True,0.0,20.0,0,10,0,False,False,0,DRY,NORMAL,10,0,76.13495913533417,False,0,BRIGHT,CLEAR,10,76.13495913533417,False,False,0,SAFE,SAFE,SAFE,10,0,100,False,0,10,0,12,100,76.13495913533417,False,False,False,False,True,False
0.95,9.76,3170,1,12,0,22.0,30.0,58516.5,78.3,999.0,True,0.0,20.0,0,10,0,False,False,0,DRY,NORMAL,10,0,78.33713325970844,False,0,BRIGHT,CLEAR,10,78.33713325970844,False,False,0,SAFE,SAFE,SAFE,10,0,100,False,0,10,0,12,100,78.33713325970844,False,False,False,False,True,False
1.0,10.52,3417,1,12,0,22.0,30.0,58516.5,80.6,999.0,True,0.0,20.0,0,10,0,False,False,0,DRY,NORMAL,10,0,80.5525807579039,False,0,BRIGHT,CLEAR,10,80.5525807579039,False,False,0,SAFE,SAFE,SAFE,10,0,100,False,0,10,0,12,100,80.5525807579039,False,False,False,False,True,False
1.05,11.13,3614,1,12,0,22.0,30.0,58516.5,81.1,999.0,True,0.0,20.0,0,10,0,False,False,0,DRY,NORMAL,10,0,81.10998772182856,False,0,BRIGHT,CLEAR,10,81.10998772182856,False,False,0,SAFE,SAFE,SAFE,10,0,100,False,0,10,0,12,100,81.10998772182856,False,False,False,False,True,False
1.1,11.9,3864,1,12,0,22.0,30.0,58516.5,82.1,999.0,True,0.0,20.0,0,10,0,False,False,0,DRY,NORMAL,10,0,82.08363473734285,False,0,BRIGHT,CLEAR,10,82.08363473734285,False,False,0,SAFE,SAFE,SAFE,10,0,100,False,0,10,0,12,100,82.08363473734285,False,False,False,False,True,False
1.15,12.55,4077,1,12,0,22.0,30.0,58516.5,82.9,999.0,True,0.0,20.0,0,10,0,False,False,0,DRY,NORMAL,10,0,82.88929779378851,False,0,BRIGHT,CLEAR,10,82.88929779378851,False,False,0,SAFE,SAFE,SAFE,10,0,100,False,0,10,0,12,100,82.88929779378851,False,False,False,False,True,False
1.2,13.27,4310,1,12,0,22.0,30.0,58516.5,84.0,999.0,True,0.0,20.0,0,10,0,False,False,0,DRY,NORMAL,10,0,83.97616470832293,False,0,BRIGHT,CLEAR,10,83.97616470832293,False,False,0,SAFE,SAFE,SAFE,10,0,100,False,0,10,0,12,100,83.97616470832293,False,False,False,False,True,False
1.25,13.94,4530,1,12,0,22.0,30.0,58516.5,85.1,999.0,True,0.0,20.0,0,10,0,False,False,0,DRY,NORMAL,10,0,85.07732663243306,False,0,BRIGHT,CLEAR,10,85.07732663243306,False,False,0,SAFE,SAFE,SAFE,10,0,100,False,0,0,0,12,100,73.47,False,False,False,False,True,False
1.3,14.44,4691,1,12,0,22.0,30.0,58516.5,86.6,999.0,True,0.0,20.0,0,10,0,False,False,0,DRY,NORMAL,10,0,86.57157254302865,False,0,BRIGHT,CLEAR,10,86.57157254302865,False,False,0,SAFE,SAFE,SAFE,10,0,100,False,0,0,0,12,100,73.47,False,False,False,False,True,False
1.35,14.51,4713,1,12,0,22.0,30.0,58516.5,91.6,999.0,True,0.0,20.0,0,10,0,False,False,0,DRY,NORMAL,10,0,91.57157254302865,False,0,BRIGHT,CLEAR,10,91.57157254302865,False,False,0,SAFE,SAFE,SAFE,10,0,100,False,0,0,0,12,100,73.47,False,False,False,False,True,False
1.4,14.32,4652,1,12,0,22.0,30.0,58516.5,96.6,999.0,True,0.0,20.0,0,10,0,False,False,0,DRY,NORMAL,10,0,96.57157254302865,False,0,BRIGHT,CLEAR,10,96.57157254302865,False,False,0,SAFE,SAFE,SAFE,10,0,100,False,0,0,0,12,100,73.47,False,False,False,False,True,False
1.45,13.92,4523,1,12,0,22.0,30.0,58516.5,100,999.0,True,0.0,20.0,0,10,0,False,False,0,DRY,NORMAL,10,0,100,False,0,BRIGHT,CLEAR,10,100,False,False,0,SAFE,SAFE,SAFE,10,0,100,False,0,0,0,12,100,73.47,False,False,False,False,True,False
1.5,13.48,4380,1,12,0,22.0,30.0,84519.3,100,999.0,True,0.0,20.0,0,10,0,False,False,0,DRY,NORMAL,10,0,100,False,0,BRIGHT,CLEAR,10,100,False,False,0,SAFE,SAFE,SAFE,10,0,100,False,0,0,0,12,100,73.47,False,False,False,False,True,False
1.55,12.95,4206,1,12,0,22.0,30.0,84519.3,100,999.0,True,0.0,20.0,0,10,0,False,False,0,DRY,NORMAL,10,0,100,False,0,BRIGHT,CLEAR,10,100,False,False,0,SAFE,SAFE,SAFE,10,0,100,False,0,0,0,12,100,73.47,False,False,False,False,True,False
1.6,12.45,4045,1,12,0,22.0,30.0,84519.3,100,999.0,True,0.0,20.0,0,10,0,False,False,0,DRY,NORMAL,10,0,100,False,0,BRIGHT,CLEAR,10,100,False,False,0,SAFE,SAFE,SAFE,10,0,100,False,0,0,0,12,100,73.47,False,False,False,False,True,False
1.65,11.89,3861,1,12,0,22.0,30.0,84519.3,100,999.0,True,0.0,20.0,0,10,0,False,False,0,DRY,NORMAL,10,0,100,False,0,BRIGHT,CLEAR,10,100,False,False,0,SAFE,SAFE,SAFE,10,0,100,False,0,0,0,12,100,73.47,False,False,False,False,True,False
1.7,11.39,3700,1,12,0,22.0,30.0,84519.3,100,999.0,True,0.0,20.0,0,10,0,False,False,0,DRY,NORMAL,10,0,100,False,0,BRIGHT,CLEAR,10,100,False,False,0,SAFE,SAFE,SAFE,10,0,100,False,0,0,0,12,100,73.47,False,False,False,False,True,False
1.75,10.82,3516,1,12,0,22.0,30.0,84519.3,100,999.0,True,0.0,20.0,0,10,0,False,False,0,DRY,NORMAL,10,0,100,False,0,BRIGHT,CLEAR,10,100,False,False,0,SAFE,SAFE,SAFE,10,0,100,False,0,0,0,12,100,73.47,False,False,False,False,True,False
1.8,10.34,3359,1,12,0,22.0,30.0,84519.3,100,999.0,True,0.0,20.0,0,10,0,False,False,0,DRY,NORMAL,10,0,100,False,0,BRIGHT,CLEAR,10,100,False,False,0,SAFE,SAFE,SAFE,10,0,100,False,0,0,0,12,100,73.47,False,False,False,False,True,False
1.85,9.78,3178,1,12,0,22.0,30.0,84519.3,100,999.0,True,0.0,20.0,0,10,0,False,False,0,DRY,NORMAL,10,0,100,False,0,BRIGHT,CLEAR,10,100,False,False,0,SAFE,SAFE,SAFE,10,0,100,False,0,0,0,12,100,73.47,False,False,False,False,True,False
1.9,9.32,3028,1,12,0,22.0,30.0,84519.3,100,999.0,True,0.0,20.0,0,10,0,False,False,0,DRY,NORMAL,10,0,100,False,0,BRIGHT,CLEAR,10,100,False,False,0,SAFE,SAFE,SAFE,10,0,100,False,0,0,0,12,100,73.47,False,False,False,False,True,False
1.95,8.77,2850,1,12,0,22.0,30.0,84519.3,100,999.0,True,0.0,20.0,0,10,0,False,False,0,DRY,NORMAL,10,0,100,False,0,BRIGHT,CLEAR,10,100,False,False,0,SAFE,SAFE,SAFE,10,0,100,False,0,0,0,12,100,73.47,False,False,False,False,True,False
2.0,8.34,2708,1,12,0,22.0,30.0,84519.3,100,999.0,True,0.0,20.0,0,10,0,False,False,0,DRY,NORMAL,10,0,100,False,0,BRIGHT,CLEAR,10,100,False,False,0,SAFE,SAFE,SAFE,10,0,100,False,0,0,0,12,100,73.47,False,False,False,False,True,False
2.05,7.8,2534,1,12,0,22.0,30.0,84519.3,100,999.0,True,0.0,20.0,0,10,0,False,False,0,DRY,NORMAL,10,0,100,False,0,BRIGHT,CLEAR,10,100,False,False,0,SAFE,SAFE,SAFE,10,0,100,False,0,0,0,12,100,73.47,False,False,False,False,True,False
2.1,7.39,2400,1,12,0,22.0,30.0,84519.3,100,999.0,True,0.0,20.0,0,10,0,False,False,0,DRY,NORMAL,10,0,100,False,0,BRIGHT,CLEAR,10,100,False,False,0,SAFE,SAFE,SAFE,10,0,100,False,0,0,0,12,100,73.47,False,False,False,False,True,False
2.15,6.87,2231,1,12,0,22.0,30.0,84519.3,100,999.0,True,0.0,20.0,0,10,0,False,False,0,DRY,NORMAL,10,0,100,False,0,BRIGHT,CLEAR,10,100,False,False,0,SAFE,SAFE,SAFE,10,0,100,False,0,0,0,12,100,73.47,False,False,False,False,True,False
2.2,6.49,2107,1,12,0,22.0,30.0,84519.3,100,999.0,True,0.0,20.0,0,10,0,False,False,0,DRY,NORMAL,10,0,100,False,0,BRIGHT,CLEAR,10,100,False,False,0,SAFE,SAFE,SAFE,10,0,100,False,0,0,0,12,100,73.47,False,False,False,False,True,False
2.25,3.61,1172,1,12,0,22.0,30.0,84519.3,100,999.0,True,0.0,20.0,0,10,0,False,False,0,DRY,NORMAL,10,0,100,False,0,BRIGHT,CLEAR,10,100,False,False,0,SAFE,SAFE,SAFE,10,0,100,False,0,0,0,12,100,73.47,False,False,False,False,True,False
2.3,0.71,800,1,12,0,22.0,30.0,84519.3,100,999.0,True,0.0,20.0,0,10,0,False,False,0,DRY,NORMAL,10,0,100,False,0,BRIGHT,CLEAR,10,100,False,False,0,SAFE,SAFE,SAFE,10,0,100,False,0,0,0,12,100,73.47,False,False,False,False,True,False
2.35,0.94,800,1,12,0,22.0,30.0,84519.3,100,999.0,True,0.0,20.0,0,10,0,False,False,0,DRY,NORMAL,10,0,100,False,0,BRIGHT,CLEAR,10,100,False,False,0,SAFE,SAFE,SAFE,10,0,100,False,0,0,0,12,100,73.47,False,False,False,False,True,False
2.4,1.39,800,1,12,0,22.0,30.0,84519.3,100,999.0,True,0.0,20.0,0,10,0,False,False,0,DRY,NORMAL,10,0,100,False,0,BRIGHT,CLEAR,10,100,False,False,0,SAFE,SAFE,SAFE,10,0,100,False,0,0,0,12,100,73.47,False,False,False,False,True,False
2.45,1.18,800,1,12,0,22.0,30.0,84519.3,100,999.0,True,0.0,20.0,0,10,0,False,False,0,DRY,NORMAL,10,0,100,False,0,BRIGHT,CLEAR,10,100,False,False,0,SAFE,SAFE,SAFE,10,0,100,False,0,0,0,12,100,73.47,False,False,False,False,True,False
2.5,1.53,800,1,12,0,22.0,30.0,84519.3,100,999.0,True,0.0,20.0,0,10,0,False,False,0,DRY,NORMAL,10,0,100,False,0,BRIGHT,CLEAR,10,100,False,False,0,SAFE,SAFE,SAFE,10,0,100,False,0,0,0,12,100,73.47,False,False,False,False,True,False
2.55,1.31,800,1,12,0,22.0,30.0,84519.3,100,999.0,True,0.0,20.0,0,10,0,False,False,0,DRY,NORMAL,10,0,100,False,0,BRIGHT,CLEAR,10,100,False,False,0,SAFE,SAFE,SAFE,10,0,100,False,0,0,0,12,100,73.47,False,False,False,False,True,False
2.6,1.69,800,1,12,0,22.0,30.0,84519.3,100,999.0,True,0.0,20.0,0,10,0,False,False,0,DRY,NORMAL,10,0,100,False,0,BRIGHT,CLEAR,10,100,False,False,0,SAFE,SAFE,SAFE,10,0,100,False,0,0,0,12,100,73.47,False,False,False,False,True,False
2.65,1.38,800,1,12,0,22.0,30.0,84519.3,100,999.0,True,0.0,20.0,0,10,0,False,False,0,DRY,NORMAL,10,0,100,False,0,BRIGHT,CLEAR,10,100,False,False,0,SAFE,SAFE,SAFE,10,0,100,False,0,0,0,12,100,73.47,False,False,False,False,True,False
2.7,1.77,800,1,12,0,22.0,30.0,84519.3,100,999.0,True,0.0,20.0,0,10,0,False,False,0,DRY,NORMAL,10,0,100,False,0,BRIGHT,CLEAR,10,100,False,False,0,SAFE,SAFE,SAFE,10,0,100,False,0,0,0,12,100,73.47,False,False,False,False,True,False
2.75,1.44,800,1,12,0,22.0,30.0,84519.3,100,999.0,True,0.0,20.0,0,10,0,False,False,0,DRY,NORMAL,10,0,100,False,0,BRIGHT,CLEAR,10,100,False,False,0,SAFE,SAFE,SAFE,10,0,100,False,0,0,0,12,100,73.47,False,False,False,False,True,False
2.8,1.78,800,1,12,0,22.0,30.0,84519.3,100,999.0,True,0.0,20.0,0,10,0,False,False,0,DRY,NORMAL,10,0,100,False,0,BRIGHT,CLEAR,10,100,False,False,0,SAFE,SAFE,SAFE,10,0,100,False,0,0,0,12,100,73.47,False,False,False,False,True,False
2.85,1.49,800,1,12,0,22.0,30.0,84519.3,100,999.0,True,0.0,20.0,0,10,0,False,False,0,DRY,NORMAL,10,0,100,False,0,BRIGHT,CLEAR,10,100,False,False,0,SAFE,SAFE,SAFE,10,0,100,False,0,0,0,12,100,73.47,False,False,False,False,True,False
2.9,1.85,800,1,12,0,22.0,30.0,84519.3,100,999.0,True,0.0,20.0,0,10,0,False,False,0,DRY,NORMAL,10,0,100,False,0,BRIGHT,CLEAR,10,100,False,False,0,SAFE,SAFE,SAFE,10,0,100,False,0,0,0,12,100,73.47,False,False,False,False,True,False
2.95,1.53,800,1,12,0,22.0,30.0,84519.3,100,999.0,True,0.0,20.0,0,10,0,False,False,0,DRY,NORMAL,10,0,100,False,0,BRIGHT,CLEAR,10,100,False,False,0,SAFE,SAFE,SAFE,10,0,100,False,0,0,0,12,100,73.47,False,False,False,False,True,False
3.0,1.89,800,1,12,0,22.0,30.0,95362.0,100,999.0,True,0.0,20.0,0,10,0,False,False,0,DRY,NORMAL,10,0,100,False,0,BRIGHT,CLEAR,10,100,False,False,0,SAFE,SAFE,SAFE,10,0,100,False,0,0,0,12,100,73.47,False,False,False,False,True,False
3.05,1.57,800,1,12,0,22.0,30.0,95362.0,100,999.0,True,0.0,20.0,0,10,0,False,False,0,DRY,NORMAL,10,0,100,False,0,BRIGHT,CLEAR,10,100,False,False,0,SAFE,SAFE,SAFE,10,0,100,False,0,0,0,12,100,73.47,False,False,False,False,True,False
3.1,1.92,800,1,12,0,22.0,30.0,95362.0,100,999.0,True,0.0,20.0,0,10,0,False,False,0,DRY,NORMAL,10,0,100,False,0,BRIGHT,CLEAR,10,100,False,False,0,SAFE,SAFE,SAFE,10,0,100,False,0,0,0,12,100,73.47,False,False,False,False,True,False
3.15,1.6,800,1,12,0,22.0,30.0,95362.0,100,999.0,True,0.0,20.0,0,10,0,False,False,0,DRY,NORMAL,10,0,100,False,0,BRIGHT,CLEAR,10,100,False,False,0,SAFE,SAFE,SAFE,10,0,100,False,0,0,0,12,100,73.47,False,False,False,False,True,False
3.2,1.95,800,1,12,0,22.0,30.0,95362.0,100,999.0,True,0.0,20.0,0,10,0,False,False,0,DRY,NORMAL,10,0,100,False,0,BRIGHT,CLEAR,10,100,False,False,0,SAFE,SAFE,SAFE,10,0,100,False,0,0,0,12,100,73.47,False,False,False,False,True,False
3.25,1.63,800,1,12,0,22.0,30.0,95362.0,100,999.0,True,0.0,20.0,0,10,0,False,False,0,DRY,NORMAL,10,0,100,False,0,BRIGHT,CLEAR,10,100,False,False,0,SAFE,SAFE,SAFE,10,0,100,False,0,0,0,12,100,73.47,False,False,False,False,True,False
3.3,1.98,800,1,12,0,22.0,30.0,95362.0,100,999.0,True,0.0,20.0,0,10,0,False,False,0,DRY,NORMAL,10,0,100,False,0,BRIGHT,CLEAR,10,100,False,False,0,SAFE,SAFE,SAFE,10,0,100,False,0,0,0,12,100,73.47,False,False,False,False,True,False
3.35,1.66,800,1,12,0,22.0,30.0,95362.0,100,999.0,True,0.0,20.0,0,10,0,False,False,0,DRY,NORMAL,10,0,100,False,0,BRIGHT,CLEAR,10,100,False,False,0,SAFE,SAFE,SAFE,10,0,100,False,0,0,0,12,100,73.47,False,False,False,False,True,False
3.4,2.01,800,1,12,0,22.0,30.0,95362.0,100,999.0,True,0.0,20.0,0,10,0,False,False,0,DRY,NORMAL,10,0,100,False,0,BRIGHT,CLEAR,10,100,False,False,0,SAFE,SAFE,SAFE,10,0,100,False,0,0,0,12,100,73.47,False,False,False,False,True,False
3.45,1.69,800,1,12,0,22.0,30.0,95362.0,100,999.0,True,0.0,20.0,0,10,0,False,False,0,DRY,NORMAL,10,0,100,False,0,BRIGHT,CLEAR,10,100,False,False,0,SAFE,SAFE,SAFE,10,0,100,False,0,0,0,12,100,73.47,False,False,False,False,True,False
3.5,2.04,800,1,12,0,22.0,30.0,95362.0,100,999.0,True,0.0,20.0,0,10,0,False,False,0,DRY,NORMAL,10,0,100,False,0,BRIGHT,CLEAR,10,100,False,False,0,SAFE,SAFE,SAFE,10,0,100,False,0,0,0,12,100,73.47,False,False,False,False,True,False
3.55,1.72,800,1,12,0,22.0,30.0,95362.0,100,999.0,True,0.0,20.0,0,10,0,False,False,0,DRY,NORMAL,10,0,100,False,0,BRIGHT,CLEAR,10,100,False,False,0,SAFE,SAFE,SAFE,10,0,100,False,0,0,0,12,100,73.47,False,False,False,False,True,False
3.6,2.07,800,1,12,0,22.0,30.0,95362.0,100,999.0,True,0.0,20.0,0,10,0,False,False,0,DRY,NORMAL,10,0,100,False,0,BRIGHT,CLEAR,10,100,False,False,0,SAFE,SAFE,SAFE,10,0,100,False,0,0,0,12,100,73.47,False,False,False,False,True,False
3.65,1.75,800,1,12,0,22.0,30.0,95362.0,100,999.0,True,0.0,20.0,0,10,0,False,False,0,DRY,NORMAL,10,0,100,False,0,BRIGHT,CLEAR,10,100,False,False,0,SAFE,SAFE,SAFE,10,0,100,False,0,0,0,12,100,73.47,False,False,False,False,True,False
3.7,2.1,800,1,12,0,22.0,30.0,95362.0,100,999.0,True,0.0,20.0,0,10,0,False,False,0,DRY,NORMAL,10,0,100,False,0,BRIGHT,CLEAR,10,100,False,False,0,SAFE,SAFE,SAFE,10,0,100,False,0,0,0,12,100,73.47,False,False,False,False,True,False
3.75,1.78,800,1,12,0,22.0,30.0,95362.0,100,999.0,True,0.0,20.0,0,10,0,False,False,0,DRY,NORMAL,10,0,100,False,0,BRIGHT,CLEAR,10,100,False,False,0,SAFE,SAFE,SAFE,10,0,100,False,0,0,0,12,100,73.47,False,False,False,False,True,False
3.8,2.13,800,1,12,0,22.0,30.0,95362.0,100,999.0,True,0.0,20.0,0,10,0,False,False,0,DRY,NORMAL,10,0,100,False,0,BRIGHT,CLEAR,10,100,False,False,0,SAFE,SAFE,SAFE,10,0,100,False,0,0,0,12,100,73.47,False,False,False,False,True,False
3.85,1.81,800,1,12,0,22.0,30.0,95362.0,100,999.0,True,0.0,20.0,0,10,0,False,False,0,DRY,NORMAL,10,0,100,False,0,BRIGHT,CLEAR,10,100,False,False,0,SAFE,SAFE,SAFE,10,0,100,False,0,0,0,12,100,73.47,False,False,False,False,True,False
3.9,2.16,800,1,12,0,22.0,30.0,95362.0,100,999.0,True,0.0,20.0,0,10,0,False,False,0,DRY,NORMAL,10,0,100,False,0,BRIGHT,CLEAR,10,100,False,False,0,SAFE,SAFE,SAFE,10,0,100,False,0,0,0,12,100,73.47,False,False,False,False,True,False
3.95,1.84,800,1,12,0,22.0,30.0,95362.0,100,999.0,True,0.0,20.0,0,10,0,False,False,0,DRY,NORMAL,10,0,100,False,0,BRIGHT,CLEAR,10,100,False,False,0,SAFE,SAFE,SAFE,10,0,100,False,0,0,0,12,100,73.47,False,False,False,False,True,False
4.0,2.18,800,1,12,0,22.0,30.0,95362.0,100,999.0,True,0.0,20.0,0,10,0,False,False,0,DRY,NORMAL,10,0,100,False,0,BRIGHT,CLEAR,10,100,False,False,0,SAFE,SAFE,SAFE,10,0,100,False,0,0,0,12,100,73.47,False,False,False,False,True,False
4.05,1.86,800,1,12,0,22.0,30.0,95362.0,100,999.0,True,0.0,20.0,0,10,0,False,False,0,DRY,NORMAL,10,0,100,False,0,BRIGHT,CLEAR,10,100,False,False,0,SAFE,SAFE,SAFE,10,0,100,False,0,0,0,12,100,73.47,False,False,False,False,True,False
4.1,2.2,800,1,12,0,22.0,30.0,95362.0,100,999.0,True,0.0,20.0,0,10,0,False,False,0,DRY,NORMAL,10,0,100,False,0,BRIGHT,CLEAR,10,100,False,False,0,SAFE,SAFE,SAFE,10,0,100,False,0,0,0,12,100,73.47,False,False,False,False,True,False
4.15,1.88,800,1,12,0,22.0,30.0,95362.0,100,999.0,True,0.0,20.0,0,10,0,False,False,0,DRY,NORMAL,10,0,100,False,0,BRIGHT,CLEAR,10,100,False,False,0,SAFE,SAFE,SAFE,10,0,100,False,0,0,0,12,100,73.47,False,False,False,False,True,False
4.2,2.23,800,1,12,0,22.0,30.0,95362.0,100,999.0,True,0.0,20.0,0,10,0,False,False,0,DRY,NORMAL,10,0,100,False,0,BRIGHT,CLEAR,10,100,False,False,0,SAFE,SAFE,SAFE,10,0,100,False,0,0,0,12,100,73.47,False,False,False,False,True,False
4.25,1.91,800,1,12,0,22.0,30.0,95362.0,100,999.0,True,0.0,20.0,0,10,0,False,False,0,DRY,NORMAL,10,0,100,False,0,BRIGHT,CLEAR,10,100,False,False,0,SAFE,SAFE,SAFE,10,0,100,False,0,0,0,12,100,73.47,False,False,False,False,True,False
4.3,2.25,800,1,12,0,22.0,30.0,95362.0,100,999.0,True,0.0,20.0,0,10,0,False,False,0,DRY,NORMAL,10,0,100,False,0,BRIGHT,CLEAR,10,100,False,False,0,SAFE,SAFE,SAFE,10,0,100,False,0,0,0,12,100,73.47,False,False,False,False,True,False
4.35,1.93,800,1,12,0,22.0,30.0,95362.0,100,999.0,True,0.0,20.0,0,10,0,False,False,0,DRY,NORMAL,10,0,100,False,0,BRIGHT,CLEAR,10,100,False,False,0,SAFE,SAFE,SAFE,10,0,100,False,0,0,0,12,100,73.47,False,False,False,False,True,False
4.4,2.27,800,1,12,0,22.0,30.0,95362.0,100,999.0,True,0.0,20.0,0,10,0,False,False,0,DRY,NORMAL,10,0,100,False,0,BRIGHT,CLEAR,10,100,False,False,0,SAFE,SAFE,SAFE,10,0,100,False,0,0,0,12,100,73.47,False,False,False,False,True,False
4.45,1.95,800,1,12,0,22.0,30.0,95362.0,100,999.0,True,0.0,20.0,0,10,0,False,False,0,DRY,NORMAL,10,0,100,False,0,BRIGHT,CLEAR,10,100,False,False,0,SAFE,SAFE,SAFE,10,0,100,False,0,0,0,12,100,73.47,False,False,False,False,True,False
4.5,2.29,800,1,12,0,22.0,30.0,105394.5,100,999.0,True,0.0,20.0,0,10,0,False,False,0,DRY,NORMAL,10,0,100,False,0,BRIGHT,CLEAR,10,100,False,False,0,SAFE,SAFE,SAFE,10,0,100,False,0,0,0,12,100,73.47,False,False,False,False,True,False
4.55,1.97,800,1,12,0,22.0,30.0,105394.5,100,999.0,True,0.0,20.0,0,10,0,False,False,0,DRY,NORMAL,10,0,100,False,0,BRIGHT,CLEAR,10,100,False,False,0,SAFE,SAFE,SAFE,10,0,100,False,0,0,0,12,100,73.47,False,False,False,False,True,False
4.6,2.31,800,1,12,0,22.0,30.0,105394.5,100,999.0,True,0.0,20.0,0,10,0,False,False,0,DRY,NORMAL,10,0,100,False,0,BRIGHT,CLEAR,10,100,False,False,0,SAFE,SAFE,SAFE,10,0,100,False,0,0,0,12,100,73.47,False,False,False,False,True,False
4.65,1.99,800,1,12,0,22.0,30.0,105394.5,100,999.0,True,0.0,20.0,0,10,0,False,False,0,DRY,NORMAL,10,0,100,False,0,BRIGHT,CLEAR,10,100,False,False,0,SAFE,SAFE,SAFE,10,0,100,False,0,0,0,12,100,73.47,False,False,False,False,True,False
4.7,2.33,800,1,12,0,22.0,30.0,105394.5,100,999.0,True,0.0,20.0,0,10,0,False,False,0,DRY,NORMAL,10,0,100,False,0,BRIGHT,CLEAR,10,100,False,False,0,SAFE,SAFE,SAFE,10,0,100,False,0,0,0,12,100,73.47,False,False,False,False,True,False
4.75,2.01,800,1,12,0,22.0,30.0,105394.5,100,999.0,True,0.0,20.0,0,10,0,False,False,0,DRY,NORMAL,10,0,100,False,0,BRIGHT,CLEAR,10,100,False,False,0,SAFE,SAFE,SAFE,10,0,100,False,0,0,0,12,100,73.47,False,False,False,False,True,False
4.8,2.35,800,1,12,0,22.0,30.0,105394.5,100,999.0,True,0.0,20.0,0,10,0,False,False,0,DRY,NORMAL,10,0,100,False,0,BRIGHT,CLEAR,10,100,False,False,0,SAFE,SAFE,SAFE,10,0,100,False,0,10,0,12,100,100,False,False,False,False,True,False
4.85,2.08,800,1,12,0,22.0,30.0,105394.5,100,999.0,True,0.0,20.0,0,10,0,False,False,0,DRY,NORMAL,10,0,100,False,0,BRIGHT,CLEAR,10,100,False,False,0,SAFE,SAFE,SAFE,10,0,100,False,0,10,0,12,100,100,False,False,False,False,True,False
4.9,2.42,800,1,12,0,22.0,30.0,105394.5,100,999.0,True,0.0,20.0,0,10,0,False,False,0,DRY,NORMAL,10,0,100,False,0,BRIGHT,CLEAR,10,100,False,False,0,SAFE,SAFE,SAFE,10,0,100,False,0,10,0,12,100,100,False,False,False,False,True,False
4.95,2.49,808,1,12,0,22.0,30.0,105394.5,100,999.0,True,0.0,20.0,0,10,0,False,False,0,DRY,NORMAL,10,0,100,False,0,BRIGHT,CLEAR,10,100,False,False,0,SAFE,SAFE,SAFE,10,0,100,False,0,10,0,12,100,100,False,False,False,False,True,False
5.0,3.11,1008,1,12,0,22.0,30.0,105394.5,100,999.0,True,0.0,20.0,0,10,0,False,False,0,DRY,NORMAL,10,0,100,False,0,BRIGHT,CLEAR,10,100,False,False,0,SAFE,SAFE,SAFE,10,0,100,False,0,10,0,12,100,100,False,False,False,False,True,False
5.05,3.6,1170,1,12,0,22.0,30.0,105394.5,100,999.0,True,0.0,20.0,0,10,0,False,False,0,DRY,NORMAL,10,0,100,False,0,BRIGHT,CLEAR,10,100,False,False,0,SAFE,SAFE,SAFE,10,0,100,False,0,10,0,12,100,100,False,False,False,False,True,False
5.1,4.12,1338,1,12,0,22.0,30.0,105394.5,100,999.0,True,0.0,20.0,0,10,0,False,False,0,DRY,NORMAL,10,0,100,False,0,BRIGHT,CLEAR,10,100,False,False,0,SAFE,SAFE,SAFE,10,0,100,False,0,10,0,12,100,100,False,False,False,False,True,False
5.15,4.62,1502,1,12,0,22.0,30.0,105394.5,100,999.0,True,0.0,20.0,0,10,0,False,False,0,DRY,NORMAL,10,0,100,False,0,BRIGHT,CLEAR,10,100,False,False,0,SAFE,SAFE,SAFE,10,0,100,False,0,10,0,12,100,100,False,False,False,False,True,False
5.2,5.47,1777,1,12,0,22.0,30.0,105394.5,100,999.0,True,0.0,20.0,0,10,0,False,False,0,DRY,NORMAL,10,0,100,False,0,BRIGHT,CLEAR,10,100,False,False,0,SAFE,SAFE,SAFE,10,0,100,False,0,10,0,12,100,100,False,False,False,False,True,False
5.25,6.03,1958,1,12,0,22.0,30.0,105394.5,100,999.0,True,0.0,20.0,0,10,0,False,False,0,DRY,NORMAL,10,0,100,False,0,BRIGHT,CLEAR,10,100,False,False,0,SAFE,SAFE,SAFE,10,0,100,False,0,10,0,12,100,100,False,False,False,False,True,False
5.3,6.85,2226,1,12,0,22.0,30.0,105394.5,100,999.0,True,0.0,20.0,0,10,0,False,False,0,DRY,NORMAL,10,0,100,False,0,BRIGHT,CLEAR,10,100,False,False,0,SAFE,SAFE,SAFE,10,0,100,False,0,10,0,12,100,100,False,False,False,False,True,False
5.35,7.44,2416,1,12,0,22.0,30.0,105394.5,100,999.0,True,0.0,20.0,0,10,0,False,False,0,DRY,NORMAL,10,0,100,False,0,BRIGHT,CLEAR,10,100,False,False,0,SAFE,SAFE,SAFE,10,0,100,False,0,10,0,12,100,100,False,False,False,False,True,False
5.4,8.17,2655,1,12,0,22.0,30.0,105394.5,100,999.0,True,0.0,20.0,0,10,0,False,False,0,DRY,NORMAL,10,0,100,False,0,BRIGHT,CLEAR,10,100,False,False,0,SAFE,SAFE,SAFE,10,0,100,False,0,10,0,12,100,100,False,False,False,False,True,False
5.45,8.83,2868,1,12,0,22.0,30.0,105394.5,100,999.0,True,0.0,20.0,0,10,0,False,False,0,DRY,NORMAL,10,0,100,False,0,BRIGHT,CLEAR,10,100,False,False,0,SAFE,SAFE,SAFE,10,0,100,False,0,10,0,12,100,100,False,False,False,False,True,False
5.5,9.59,3114,1,12,0,22.0,30.0,105394.5,100,999.0,True,0.0,20.0,0,10,0,False,False,0,DRY,NORMAL,10,0,100,False,0,BRIGHT,CLEAR,10,100,False,False,0,SAFE,SAFE,SAFE,10,0,100,False,0,10,0,12,100,100,False,False,False,False,True,False
5.55,10.26,3333,1,12,0,22.0,30.0,105394.5,100,999.0,True,0.0,20.0,0,10,0,False,False,0,DRY,NORMAL,10,0,100,False,0,BRIGHT,CLEAR,10,100,False,False,0,SAFE,SAFE,SAFE,10,0,100,False,0,10,0,12,100,100,False,False,False,False,True,False
5.6,11.02,3579,1,12,0,22.0,30.0,105394.5,100,999.0,True,0.0,20.0,0,10,0,False,False,0,DRY,NORMAL,10,0,100,False,0,BRIGHT,CLEAR,10,100,False,False,0,SAFE,SAFE,SAFE,10,0,100,False,0,10,0,12,100,100,False,False,False,False,True,False
5.65,11.7,3802,1,12,0,22.0,30.0,105394.5,100,999.0,True,0.0,20.0,0,10,0,False,False,0,DRY,NORMAL,10,0,100,False,0,BRIGHT,CLEAR,10,100,False,False,0,SAFE,SAFE,SAFE,10,0,100,False,0,10,0,12,100,100,False,False,False,False,True,False
5.7,12.45,4045,1,12,0,22.0,30.0,105394.5,99.9,999.0,True,0.0,20.0,0,10,0,False,False,0,DRY,NORMAL,10,0,99.93012437959995,False,0,BRIGHT,CLEAR,10,99.93012437959995,False,False,0,SAFE,SAFE,SAFE,10,0,100,False,0,10,0,12,100,99.93012437959995,False,False,False,False,True,False
5.75,13.15,4271,1,12,0,22.0,30.0,105394.5,97.8,999.0,True,0.0,20.0,0,10,0,False,False,0,DRY,NORMAL,10,0,97.8147888722188,False,0,BRIGHT,CLEAR,10,97.8147888722188,False,False,0,SAFE,SAFE,SAFE,10,0,100,False,0,10,0,12,100,97.8147888722188,False,False,False,False,True,False
5.8,13.89,4513,1,12,0,22.0,30.0,105394.5,96.3,999.0,True,0.0,20.0,0,10,0,False,False,0,DRY,NORMAL,10,0,96.30082289745012,False,0,BRIGHT,CLEAR,10,96.30082289745012,False,False,0,SAFE,SAFE,SAFE,10,0,100,False,0,10,0,12,100,96.30082289745012,False,False,False,False,True,False
5.85,14.6,4744,1,12,0,22.0,30.0,105394.5,95.2,999.0,True,0.0,20.0,0,10,0,False,False,0,DRY,NORMAL,10,0,95.19516933727776,False,0,BRIGHT,CLEAR,10,95.19516933727776,False,False,0,SAFE,SAFE,SAFE,10,0,100,False,0,10,0,12,100,95.19516933727776,False,False,False,False,True,False
5.9,15.35,4986,1,12,0,22.0,30.0,105394.5,94.5,999.0,True,0.0,20.0,0,10,0,False,False,0,DRY,NORMAL,10,0,94.52794427963168,False,0,BRIGHT,CLEAR,10,94.52794427963168,False,False,0,SAFE,SAFE,SAFE,10,0,100,False,0,10,0,12,100,94.52794427963168,False,False,False,False,True,False
5.95,16.1,5229,1,12,0,22.0,30.0,105394.5,94.2,999.0,True,0.0,20.0,0,10,0,False,False,0,DRY,NORMAL,10,0,94.18957720242115,False,0,BRIGHT,CLEAR,10,94.18957720242115,False,False,0,SAFE,SAFE,SAFE,10,0,100,False,0,10,0,12,100,94.18957720242115,False,False,False,False,True,False
6.0,16.87,5479,1,12,0,22.0,30.0,116264.2,94.2,999.0,True,0.0,20.0,0,10,0,False,False,0,DRY,NORMAL,10,0,94.17636727249463,False,0,BRIGHT,CLEAR,10,94.17636727249463,False,False,0,SAFE,SAFE,SAFE,10,0,100,False,0,0,0,12,100,73.47,False,False,False,False,True,False
6.05,17.43,5661,1,12,0,22.0,30.0,116264.2,94.8,999.0,True,0.0,20.0,0,10,0,False,False,0,DRY,NORMAL,10,0,94.84138443471657,False,0,BRIGHT,CLEAR,10,94.84138443471657,False,False,0,SAFE,SAFE,SAFE,10,0,100,False,0,0,0,12,100,73.47,False,False,False,False,True,False
6.1,17.57,5708,1,12,0,22.0,30.0,116264.2,99.8,999.0,True,0.0,20.0,0,10,0,False,False,0,DRY,NORMAL,10,0,99.84138443471657,False,0,BRIGHT,CLEAR,10,99.84138443471657,False,False,0,SAFE,SAFE,SAFE,10,0,100,False,0,0,0,12,100,73.47,False,False,False,False,True,False
6.15,17.37,5644,1,12,0,22.0,30.0,116264.2,100,999.0,True,0.0,20.0,0,10,0,False,False,0,DRY,NORMAL,10,0,100,False,0,BRIGHT,CLEAR,10,100,False,False,0,SAFE,SAFE,SAFE,10,0,100,False,0,0,0,12,100,73.47,False,False,False,False,True,False
6.2,16.97,5515,1,12,0,22.0,30.0,116264.2,100,999.0,True,0.0,20.0,0,10,0,False,False,0,DRY,NORMAL,10,0,100,False,0,BRIGHT,CLEAR,10,100,False,False,0,SAFE,SAFE,SAFE,10,0,100,False,0,0,0,12,100,73.47,False,False,False,False,True,False
6.25,16.47,5351,1,12,0,22.0,30.0,116264.2,100,999.0,True,0.0,20.0,0,10,0,False,False,0,DRY,NORMAL,10,0,100,False,0,BRIGHT,CLEAR,10,100,False,False,0,SAFE,SAFE,SAFE,10,0,100,False,0,0,0,12,100,73.47,False,False,False,False,True,False
6.3,15.91,5170,1,12,0,22.0,30.0,116264.2,100,999.0,True,0.0,20.0,0,10,0,False,False,0,DRY,NORMAL,10,0,100,False,0,BRIGHT,CLEAR,10,100,False,False,0,SAFE,SAFE,SAFE,10,0,100,False,0,0,0,12,100,73.47,False,False,False,False,True,False
6.35,15.33,4981,1,12,0,22.0,30.0,116264.2,100,999.0,True,0.0,20.0,0,10,0,False,False,0,DRY,NORMAL,10,0,100,False,0,BRIGHT,CLEAR,10,100,False,False,0,SAFE,SAFE,SAFE,10,0,100,False,0,0,0,12,100,73.47,False,False,False,False,True,False
6.4,14.75,4790,1,12,0,22.0,30.0,116264.2,100,999.0,True,0.0,20.0,0,10,0,False,False,0,DRY,NORMAL,10,0,100,False,0,BRIGHT,CLEAR,10,100,False,False,0,SAFE,SAFE,SAFE,10,0,100,False,0,0,0,12,100,73.47,False,False,False,False,True,False
6.45,14.16,4600,1,12,0,22.0,30.0,116264.2,100,999.0,True,0.0,20.0,0,10,0,False,False,0,DRY,NORMAL,10,0,100,False,0,BRIGHT,CLEAR,10,100,False,False,0,SAFE,SAFE,SAFE,10,0,100,False,0,0,0,12,100,73.47,False,False,False,False,True,False
6.5,13.56,4407,1,12,0,22.0,30.0,116264.2,100,999.0,True,0.0,20.0,0,10,0,False,False,0,DRY,NORMAL,10,0,100,False,0,BRIGHT,CLEAR,10,100,False,False,0,SAFE,SAFE,SAFE,10,0,100,False,0,0,0,12,100,73.47,False,False,False,False,True,False
6.55,13.0,4224,1,12,0,22.0,30.0,116264.2,100,999.0,True,0.0,20.0,0,10,0,False,False,0,DRY,NORMAL,10,0,100,False,0,BRIGHT,CLEAR,10,100,False,False,0,SAFE,SAFE,SAFE,10,0,100,False,0,0,0,12,100,73.47,False,False,False,False,True,False
6.6,12.45,4044,1,12,0,22.0,30.0,116264.2,100,999.0,True,0.0,20.0,0,10,0,False,False,0,DRY,NORMAL,10,0,100,False,0,BRIGHT,CLEAR,10,100,False,False,0,SAFE,SAFE,SAFE,10,0,100,False,0,0,0,12,100,73.47,False,False,False,False,True,False
6.65,11.9,3865,1,12,0,22.0,30.0,116264.2,100,999.0,True,0.0,20.0,0,10,0,False,False,0,DRY,NORMAL,10,0,100,False,0,BRIGHT,CLEAR,10,100,False,False,0,SAFE,SAFE,SAFE,10,0,100,False,0,0,0,12,100,73.47,False,False,False,False,True,False
6.7,11.36,3690,1,12,0,22.0,30.0,116264.2,100,999.0,True,0.0,20.0,0,10,0,False,False,0,DRY,NORMAL,10,0,100,False,0,BRIGHT,CLEAR,10,100,False,False,0,SAFE,SAFE,SAFE,10,0,100,False,0,0,0,12,100,73.47,False,False,False,False,True,False
6.75,10.83,3517,1,12,0,22.0,30.0,116264.2,100,999.0,True,0.0,20.0,0,10,0,False,False,0,DRY,NORMAL,10,0,100,False,0,BRIGHT,CLEAR,10,100,False,False,0,SAFE,SAFE,SAFE,10,0,100,False,0,0,0,12,100,73.47,False,False,False,False,True,False
6.8,10.3,3346,1,12,0,22.0,30.0,116264.2,100,999.0,True,0.0,20.0,0,10,0,False,False,0,DRY,NORMAL,10,0,100,False,0,BRIGHT,CLEAR,10,100,False,False,0,SAFE,SAFE,SAFE,10,0,100,False,0,0,0,12,100,73.47,False,False,False,False,True,False
6.85,9.77,3174,1,12,0,22.0,30.0,116264.2,100,999.0,True,0.0,20.0,0,10,0,False,False,0,DRY,NORMAL,10,0,100,False,0,BRIGHT,CLEAR,10,100,False,False,0,SAFE,SAFE,SAFE,10,0,100,False,0,0,0,12,100,73.47,False,False,False,False,True,False
6.9,9.26,3009,1,12,0,22.0,30.0,116264.2,100,999.0,True,0.0,20.0,0,10,0,False,False,0,DRY,NORMAL,10,0,100,False,0,BRIGHT,CLEAR,10,100,False,False,0,SAFE,SAFE,SAFE,10,0,100,False,0,0,0,12,100,73.47,False,False,False,False,True,False
6.95,8.77,2847,1,12,0,22.0,30.0,116264.2,100,999.0,True,0.0,20.0,0,10,0,False,False,0,DRY,NORMAL,10,0,100,False,0,BRIGHT,CLEAR,10,100,False,False,0,SAFE,SAFE,SAFE,10,0,100,False,0,0,0,12,100,73.47,False,False,False,False,True,False
7.0,8.28,2689,1,12,0,22.0,30.0,116264.2,100,999.0,True,0.0,20.0,0,10,0,False,False,0,DRY,NORMAL,10,0,100,False,0,BRIGHT,CLEAR,10,100,False,False,0,SAFE,SAFE,SAFE,10,0,100,False,0,0,0,12,100,73.47,False,False,False,False,True,False
7.05,7.8,2534,1,12,0,22.0,30.0,116264.2,100,999.0,True,0.0,20.0,0,10,0,False,False,0,DRY,NORMAL,10,0,100,False,0,BRIGHT,CLEAR,10,100,False,False,0,SAFE,SAFE,SAFE,10,0,100,False,0,0,0,12,100,73.47,False,False,False,False,True,False
7.1,7.33,2381,1,12,0,22.0,30.0,116264.2,100,999.0,True,0.0,20.0,0,10,0,False,False,0,DRY,NORMAL,10,0,100,False,0,BRIGHT,CLEAR,10,100,False,False,0,SAFE,SAFE,SAFE,10,0,100,False,0,0,0,12,100,73.47,False,False,False,False,True,False
7.15,6.87,2233,1,12,0,22.0,30.0,116264.2,100,999.0,True,0.0,20.0,0,10,0,False,False,0,DRY,NORMAL,10,0,100,False,0,BRIGHT,CLEAR,10,100,False,False,0,SAFE,SAFE,SAFE,10,0,100,False,0,0,0,12,100,73.47,False,False,False,False,True,False
7.2,6.43,2088,1,12,0,22.0,30.0,116264.2,100,999.0,True,0.0,20.0,0,10,0,False,False,0,DRY,NORMAL,10,0,100,False,0,BRIGHT,CLEAR,10,100,False,False,0,SAFE,SAFE,SAFE,10,0,100,False,0,0,0,12,100,73.47,False,False,False,False,True,False
7.25,4.74,1540,1,12,0,22.0,30.0,116264.2,100,999.0,True,0.0,20.0,0,10,0,False,False,0,DRY,NORMAL,10,0,100,False,0,BRIGHT,CLEAR,10,100,False,False,0,SAFE,SAFE,SAFE,10,0,100,False,0,0,0,12,100,73.47,False,False,False,False,True,False
7.3,1.94,800,1,12,0,22.0,30.0,116264.2,100,999.0,True,0.0,20.0,0,10,0,False,False,0,DRY,NORMAL,10,0,100,False,0,BRIGHT,CLEAR,10,100,False,False,0,SAFE,SAFE,SAFE,10,0,100,False,0,0,0,12,100,73.47,False,False,False,False,True,False
7.35,1.93,800,1,12,0,22.0,30.0,116264.2,100,999.0,True,0.0,20.0,0,10,0,False,False,0,DRY,NORMAL,10,0,100,False,0,BRIGHT,CLEAR,10,100,False,False,0,SAFE,SAFE,SAFE,10,0,100,False,0,0,0,12,100,73.47,False,False,False,False,True,False
7.4,2.27,800,1,12,0,22.0,30.0,116264.2,100,999.0,True,0.0,20.0,0,10,0,False,False,0,DRY,NORMAL,10,0,100,False,0,BRIGHT,CLEAR,10,100,False,False,0,SAFE,SAFE,SAFE,10,0,100,False,0,0,0,12,100,73.47,False,False,False,False,True,False
7.45,2.18,800,1,12,0,22.0,30.0,116264.2,100,999.0,True,0.0,20.0,0,10,0,False,False,0,DRY,NORMAL,10,0,100,False,0,BRIGHT,CLEAR,10,100,False,False,0,SAFE,SAFE,SAFE,10,0,100,False,0,0,0,12,100,73.47,False,False,False,False,True,False
7.5,2.36,800,1,12,0,22.0,30.0,122626.2,100,999.0,True,0.0,20.0,0,10,0,False,False,0,DRY,NORMAL,10,0,100,False,0,BRIGHT,CLEAR,10,100,False,False,0,SAFE,SAFE,SAFE,10,0,100,False,0,0,0,12,100,73.47,False,False,False,False,True,False
7.55,2.14,800,1,12,0,22.0,30.0,122626.2,100,999.0,True,0.0,20.0,0,10,0,False,False,0,DRY,NORMAL,10,0,100,False,0,BRIGHT,CLEAR,10,100,False,False,0,SAFE,SAFE,SAFE,10,0,100,False,0,0,0,12,100,73.47,False,False,False,False,True,False
7.6,2.4,800,1,12,0,22.0,30.0,122626.2,100,999.0,True,0.0,20.0,0,10,0,False,False,0,DRY,NORMAL,10,0,100,False,0,BRIGHT,CLEAR,10,100,False,False,0,SAFE,SAFE,SAFE,10,0,100,False,0,0,0,12,100,73.47,False,False,False,False,True,False
7.65,2.18,800,1,12,0,22.0,30.0,122626.2,100,999.0,True,0.0,20.0,0,10,0,False,False,0,DRY,NORMAL,10,0,100,False,0,BRIGHT,CLEAR,10,100,False,False,0,SAFE,SAFE,SAFE,10,0,100,False,0,0,0,12,100,73.47,False,False,False,False,True,False
7.7,2.39,800,1,12,0,22.0,30.0,122626.2,100,999.0,True,0.0,20.0,0,10,0,False,False,0,DRY,NORMAL,10,0,100,False,0,BRIGHT,CLEAR,10,100,False,False,0,SAFE,SAFE,SAFE,10,0,100,False,0,0,0,12,100,73.47,False,False,False,False,True,False
7.75,2.16,800,1,12,0,22.0,30.0,122626.2,100,999.0,True,0.0,20.0,0,10,0,False,False,0,DRY,NORMAL,10,0,100,False,0,BRIGHT,CLEAR,10,100,False,False,0,SAFE,SAFE,SAFE,10,0,100,False,0,0,0,12,100,73.47,False,False,False,False,True,False
7.8,2.5,813,1,12,0,22.0,30.0,122626.2,100,999.0,True,0.0,20.0,0,10,0,False,False,0,DRY,NORMAL,10,0,100,False,0,BRIGHT,CLEAR,10,100,False,False,0,SAFE,SAFE,SAFE,10,0,100,False,0,0,0,12,100,73.47,False,False,False,False,True,False
7.85,2.23,800,1,12,0,22.0,30.0,122626.2,100,999.0,True,0.0,20.0,0,10,0,False,False,0,DRY,NORMAL,10,0,100,False,0,BRIGHT,CLEAR,10,100,False,False,0,SAFE,SAFE,SAFE,10,0,100,False,0,0,0,12,100,73.47,False,False,False,False,True,False
7.9,2.57,834,1,12,0,22.0,30.0,122626.2,100,999.0,True,0.0,20.0,0,10,0,False,False,0,DRY,NORMAL,10,0,100,False,0,BRIGHT,CLEAR,10,100,False,False,0,SAFE,SAFE,SAFE,10,0,100,False,0,0,0,12,100,73.47,False,False,False,False,True,False
7.95,2.26,800,1,12,0,22.0,30.0,122626.2,100,999.0,True,0.0,20.0,0,10,0,False,False,0,DRY,NORMAL,10,0,100,False,0,BRIGHT,CLEAR,10,100,False,False,0,SAFE,SAFE,SAFE,10,0,100,False,0,0,0,12,100,73.47,False,False,False,False,True,False
8.0,2.6,843,1,12,0,22.0,30.0,122626.2,100,999.0,True,0.0,20.0,0,10,0,False,False,0,DRY,NORMAL,10,0,100,False,0,BRIGHT,CLEAR,10,100,False,False,0,SAFE,SAFE,SAFE,10,0,100,False,0,0,0,12,100,73.47,False,False,False,False,True,False
8.05,2.28,800,1,12,0,22.0,30.0,122626.2,100,999.0,True,0.0,20.0,0,10,0,False,False,0,DRY,NORMAL,10,0,100,False,0,BRIGHT,CLEAR,10,100,False,False,0,SAFE,SAFE,SAFE,10,0,100,False,0,0,0,12,100,73.47,False,False,False,False,True,False
8.1,2.61,849,1,12,0,22.0,30.0,122626.2,100,999.0,True,0.0,20.0,0,10,0,False,False,0,DRY,NORMAL,10,0,100,False,0,BRIGHT,CLEAR,10,100,False,False,0,SAFE,SAFE,SAFE,10,0,100,False,0,0,0,12,100,73.47,False,False,False,False,True,False
8.15,2.3,800,1,12,0,22.0,30.0,122626.2,100,999.0,True,0.0,20.0,0,10,0,False,False,0,DRY,NORMAL,10,0,100,False,0,BRIGHT,CLEAR,10,100,False,False,0,SAFE,SAFE,SAFE,10,0,100,False,0,0,0,12,100,73.47,False,False,False,False,True,False
8.2,2.63,853,1,12,0,22.0,30.0,122626.2,100,999.0,True,0.0,20.0,0,10,0,False,False,0,DRY,NORMAL,10,0,100,False,0,BRIGHT,CLEAR,10,100,False,False,0,SAFE,SAFE,SAFE,10,0,100,False,0,0,0,12,100,73.47,False,False,False,False,True,False
8.25,2.31,800,1,12,0,22.0,30.0,122626.2,100,999.0,True,0.0,20.0,0,10,0,False,False,0,DRY,NORMAL,10,0,100,False,0,BRIGHT,CLEAR,10,100,False,False,0,SAFE,SAFE,SAFE,10,0,100,False,0,0,0,12,100,73.47,False,False,False,False,True,False
8.3,2.58,838,1,12,0,22.0,30.0,122626.2,100,999.0,True,0.0,20.0,0,10,0,False,False,0,DRY,NORMAL,10,0,100,False,0,BRIGHT,CLEAR,10,100,False,False,0,SAFE,SAFE,SAFE,10,0,100,False,0,0,0,12,100,73.47,False,False,False,False,True,False
8.35,2.19,800,1,12,0,22.0,30.0,122626.2,100,999.0,True,0.0,20.0,0,10,0,False,False,0,DRY,NORMAL,10,0,100,False,0,BRIGHT,CLEAR,10,100,False,False,0,SAFE,SAFE,SAFE,10,0,100,False,0,0,0,12,100,73.47,False,False,False,False,True,False
8.4,2.57,835,1,12,0,22.0,30.0,122626.2,100,999.0,True,0.0,20.0,0,10,0,False,False,0,DRY,NORMAL,10,0,100,False,0,BRIGHT,CLEAR,10,100,False,False,0,SAFE,SAFE,SAFE,10,0,100,False,0,0,0,12,100,73.47,False,False,False,False,True,False
8.45,2.25,800,1,12,0,22.0,30.0,122626.2,100,999.0,True,0.0,20.0,0,10,0,False,False,0,DRY,NORMAL,10,0,100,False,0,BRIGHT,CLEAR,10,100,False,False,0,SAFE,SAFE,SAFE,10,0,100,False,0,0,0,12,100,73.47,False,False,False,False,True,False
8.5,2.6,844,1,12,0,22.0,30.0,122626.2,100,999.0,True,0.0,20.0,0,10,0,False,False,0,DRY,NORMAL,10,0,100,False,0,BRIGHT,CLEAR,10,100,False,False,0,SAFE,SAFE,SAFE,10,0,100,False,0,0,0,12,100,73.47,False,False,False,False,True,False
8.55,2.31,800,1,12,0,22.0,30.0,122626.2,100,999.0,True,0.0,20.0,0,10,0,False,False,0,DRY,NORMAL,10,0,100,False,0,BRIGHT,CLEAR,10,100,False,False,0,SAFE,SAFE,SAFE,10,0,100,False,0,0,0,12,100,73.47,False,False,False,False,True,False
8.6,2.64,858,1,12,0,22.0,30.0,122626.2,100,999.0,True,0.0,20.0,0,10,0,False,False,0,DRY,NORMAL,10,0,100,False,0,BRIGHT,CLEAR,10,100,False,False,0,SAFE,SAFE,SAFE,10,0,100,False,0,0,0,12,100,73.47,False,False,False,False,True,False
8.65,2.33,800,1,12,0,22.0,30.0,122626.2,100,999.0,True,0.0,20.0,0,10,0,False,False,0,DRY,NORMAL,10,0,100,False,0,BRIGHT,CLEAR,10,100,False,False,0,SAFE,SAFE,SAFE,10,0,100,False,0,0,0,12,100,73.47,False,False,False,False,True,False
8.7,2.66,865,1,12,0,22.0,30.0,122626.2,100,999.0,True,0.0,20.0,0,10,0,False,False,0,DRY,NORMAL,10,0,100,False,0,BRIGHT,CLEAR,10,100,False,False,0,SAFE,SAFE,SAFE,10,0,100,False,0,0,0,12,100,73.47,False,False,False,False,True,False
8.75,2.35,800,1,12,0,22.0,30.0,122626.2,100,999.0,True,0.0,20.0,0,10,0,False,False,0,DRY,NORMAL,10,0,100,False,0,BRIGHT,CLEAR,10,100,False,False,0,SAFE,SAFE,SAFE,10,0,100,False,0,0,0,12,100,73.47,False,False,False,False,True,False
8.8,2.68,869,1,12,0,22.0,30.0,122626.2,100,999.0,True,0.0,20.0,0,10,0,False,False,0,DRY,NORMAL,10,0,100,False,0,BRIGHT,CLEAR,10,100,False,False,0,SAFE,SAFE,SAFE,10,0,100,False,0,0,0,12,100,73.47,False,False,False,False,True,False
8.85,2.36,800,1,12,0,22.0,30.0,122626.2,100,999.0,True,0.0,20.0,0,10,0,False,False,0,DRY,NORMAL,10,0,100,False,0,BRIGHT,CLEAR,10,100,False,False,0,SAFE,SAFE,SAFE,10,0,100,False,0,0,0,12,100,73.47,False,False,False,False,True,False
8.9,2.65,860,1,12,0,22.0,30.0,122626.2,100,999.0,True,0.0,20.0,0,10,0,False,False,0,DRY,NORMAL,10,0,100,False,0,BRIGHT,CLEAR,10,100,False,False,0,SAFE,SAFE,SAFE,10,0,100,False,0,0,0,12,100,73.47,False,False,False,False,True,False
8.95,2.25,800,1,12,0,22.0,30.0,122626.2,100,999.0,True,0.0,20.0,0,10,0,False,False,0,DRY,NORMAL,10,0,100,False,0,BRIGHT,CLEAR,10,100,False,False,0,SAFE,SAFE,SAFE,10,0,100,False,0,0,0,12,100,73.47,False,False,False,False,True,False
9.0,2.53,822,1,12,0,22.0,30.0,127110.2,100,999.0,True,0.0,20.0,0,10,0,False,False,0,DRY,NORMAL,10,0,100,False,0,BRIGHT,CLEAR,10,100,False,False,0,SAFE,SAFE,SAFE,10,0,100,False,0,0,0,12,100,73.47,False,False,False,False,True,False
9.05,2.17,800,1,12,0,22.0,30.0,127110.2,100,999.0,True,0.0,20.0,0,10,0,False,False,0,DRY,NORMAL,10,0,100,False,0,BRIGHT,CLEAR,10,100,False,False,0,SAFE,SAFE,SAFE,10,0,100,False,0,0,0,12,100,73.47,False,False,False,False,True,False
9.1,2.48,804,1,12,0,22.0,30.0,127110.2,100,999.0,True,0.0,20.0,0,10,0,False,False,0,DRY,NORMAL,10,0,100,False,0,BRIGHT,CLEAR,10,100,False,False,0,SAFE,SAFE,SAFE,10,0,100,False,0,0,0,12,100,73.47,False,False,False,False,True,False
9.15,2.18,800,1,12,0,22.0,30.0,127110.2,100,999.0,True,0.0,20.0,0,10,0,False,False,0,DRY,NORMAL,10,0,100,False,0,BRIGHT,CLEAR,10,100,False,False,0,SAFE,SAFE,SAFE,10,0,100,False,0,0,0,12,100,73.47,False,False,False,False,True,False
9.2,2.56,832,1,12,0,22.0,30.0,127110.2,100,999.0,True,0.0,20.0,0,10,0,False,False,0,DRY,NORMAL,10,0,100,False,0,BRIGHT,CLEAR,10,100,False,False,0,SAFE,SAFE,SAFE,10,0,100,False,0,0,0,12,100,73.47,False,False,False,False,True,False
9.25,2.25,800,1,12,0,22.0,30.0,127110.2,100,999.0,True,0.0,20.0,0,10,0,False,False,0,DRY,NORMAL,10,0,100,False,0,BRIGHT,CLEAR,10,100,False,False,0,SAFE,SAFE,SAFE,10,0,100,False,0,0,0,12,100,73.47,False,False,False,False,True,False
9.3,2.62,849,1,12,0,22.0,30.0,127110.2,100,999.0,True,0.0,20.0,0,10,0,False,False,0,DRY,NORMAL,10,0,100,False,0,BRIGHT,CLEAR,10,100,False,False,0,SAFE,SAFE,SAFE,10,0,100,False,0,0,0,12,100,73.47,False,False,False,False,True,False
9.35,2.33,800,1,12,0,22.0,30.0,127110.2,100,999.0,True,0.0,20.0,0,10,0,False,False,0,DRY,NORMAL,10,0,100,False,0,BRIGHT,CLEAR,10,100,False,False,0,SAFE,SAFE,SAFE,10,0,100,False,0,0,0,12,100,73.47,False,False,False,False,True,False
9.4,2.66,864,1,12,0,22.0,30.0,127110.2,100,999.0,True,0.0,20.0,0,10,0,False,False,0,DRY,NORMAL,10,0,100,False,0,BRIGHT,CLEAR,10,100,False,False,0,SAFE,SAFE,SAFE,10,0,100,False,0,0,0,12,100,73.47,False,False,False,False,True,False
9.45,2.35,800,1,12,0,22.0,30.0,127110.2,100,999.0,True,0.0,20.0,0,10,0,False,False,0,DRY,NORMAL,10,0,100,False,0,BRIGHT,CLEAR,10,100,False,False,0,SAFE,SAFE,SAFE,10,0,100,False,0,0,0,12,100,73.47,False,False,False,False,True,False
9.5,2.68,871,1,12,0,22.0,30.0,127110.2,100,999.0,True,0.0,20.0,0,10,0,False,False,0,DRY,NORMAL,10,0,100,False,0,BRIGHT,CLEAR,10,100,False,False,0,SAFE,SAFE,SAFE,10,0,100,False,0,0,0,12,100,73.47,False,False,False,False,True,False
9.55,2.37,800,1,12,0,22.0,30.0,127110.2,100,999.0,True,0.0,20.0,0,10,0,False,False,0,DRY,NORMAL,10,0,100,False,0,BRIGHT,CLEAR,10,100,False,False,0,SAFE,SAFE,SAFE,10,0,100,False,0,10,0,12,100,100,False,False,False,False,True,False
9.6,2.72,882,1,12,0,22.0,30.0,127110.2,100,999.0,True,0.0,20.0,0,10,0,False,False,0,DRY,NORMAL,10,0,100,False,0,BRIGHT,CLEAR,10,100,False,False,0,SAFE,SAFE,SAFE,10,0,100,False,0,10,0,12,100,100,False,False,False,False,True,False
9.65,2.54,824,1,12,0,22.0,30.0,127110.2,100,999.0,True,0.0,20.0,0,10,0,False,False,0,DRY,NORMAL,10,0,100,False,0,BRIGHT,CLEAR,10,100,False,False,0,SAFE,SAFE,SAFE,10,0,100,False,0,10,0,12,100,100,False,False,False,False,True,False
9.7,2.98,968,1,12,0,22.0,30.0,127110.2,100,999.0,True,0.0,20.0,0,10,0,False,False,0,DRY,NORMAL,10,0,100,False,0,BRIGHT,CLEAR,10,100,False,False,0,SAFE,SAFE,SAFE,10,0,100,False,0,10,0,12,100,100,False,False,False,False,True,False
9.75,3.34,1085,1,12,0,22.0,30.0,127110.2,100,999.0,True,0.0,20.0,0,10,0,False,False,0,DRY,NORMAL,10,0,100,False,0,BRIGHT,CLEAR,10,100,False,False,0,SAFE,SAFE,SAFE,10,0,100,False,0,10,0,12,100,100,False,False,False,False,True,False
9.8,3.97,1289,1,12,0,22.0,30.0,127110.2,100,999.0,True,0.0,20.0,0,10,0,False,False,0,DRY,NORMAL,10,0,100,False,0,BRIGHT,CLEAR,10,100,False,False,0,SAFE,SAFE,SAFE,10,0,100,False,0,10,0,12,100,100,False,False,False,False,True,False
9.85,4.27,1388,1,12,0,22.0,30.0,127110.2,100,999.0,True,0.0,20.0,0,10,0,False,False,0,DRY,NORMAL,10,0,100,False,0,BRIGHT,CLEAR,10,100,False,False,0,SAFE,SAFE,SAFE,10,0,100,False,0,10,0,12,100,100,False,False,False,False,True,False
9.9,5.1,1656,1,12,0,22.0,30.0,127110.2,100,999.0,True,0.0,20.0,0,10,0,False,False,0,DRY,NORMAL,10,0,100,False,0,BRIGHT,CLEAR,10,100,False,False,0,SAFE,SAFE,SAFE,10,0,100,False,0,10,0,12,100,100,False,False,False,False,True,False
9.95,5.61,1822,1,12,0,22.0,30.0,127110.2,100,999.0,True,0.0,20.0,0,10,0,False,False,0,DRY,NORMAL,10,0,100,False,0,BRIGHT,CLEAR,10,100,False,False,0,SAFE,SAFE,SAFE,10,0,100,False,0,10,0,12,100,100,False,False,False,False,True,False
10.0,6.49,2108,1,12,0,22.0,30.0,127110.2,100,999.0,True,0.0,20.0,0,10,0,False,False,0,DRY,NORMAL,10,0,100,False,0,BRIGHT,CLEAR,10,100,False,False,0,SAFE,SAFE,SAFE,10,0,100,False,0,10,0,12,100,100,False,False,False,False,True,False
10.05,7.07,2297,1,12,0,22.0,30.0,127110.2,100,999.0,True,0.0,20.0,0,10,0,False,False,0,DRY,NORMAL,10,0,100,False,0,BRIGHT,CLEAR,10,100,False,False,0,SAFE,SAFE,SAFE,10,0,100,False,0,10,0,12,100,100,False,False,False,False,True,False
10.1,7.89,2562,1,12,0,22.0,30.0,127110.2,100,999.0,True,0.0,20.0,0,10,0,False,False,0,DRY,NORMAL,10,0,100,False,0,BRIGHT,CLEAR,10,100,False,False,0,SAFE,SAFE,SAFE,10,0,100,False,0,10,0,12,100,100,False,False,False,False,True,False
10.15,8.48,2753,1,12,0,22.0,30.0,127110.2,99.8,999.0,True,0.0,20.0,0,10,0,False,False,0,DRY,NORMAL,10,0,99.8147192849903,False,0,BRIGHT,CLEAR,10,99.8147192849903,False,False,0,SAFE,SAFE,SAFE,10,0,100,False,0,10,0,12,100,99.8147192849903,False,False,False,False,True,False
10.2,9.29,3016,1,12,0,22.0,30.0,127110.2,99.8,999.0,True,0.0,20.0,0,10,0,False,False,0,DRY,NORMAL,10,0,99.80673033411092,False,0,BRIGHT,CLEAR,10,99.80673033411092,False,False,0,SAFE,SAFE,SAFE,10,0,100,False,0,10,0,12,100,99.80673033411092,False,False,False,False,True,False
10.25,9.9,3216,1,12,0,22.0,30.0,127110.2,99.3,999.0,True,0.0,20.0,0,10,0,False,False,0,DRY,NORMAL,10,0,99.33933015192609,False,0,BRIGHT,CLEAR,10,99.33933015192609,False,False,0,SAFE,SAFE,SAFE,10,0,100,False,0,10,0,12,100,99.33933015192609,False,False,False,False,True,False
10.3,10.71,3478,1,12,0,22.0,30.0,127110.2,99.5,999.0,True,0.0,20.0,0,10,0,False,False,0,DRY,NORMAL,10,0,99.52472332354695,False,0,BRIGHT,CLEAR,10,99.52472332354695,False,False,0,SAFE,SAFE,SAFE,10,0,100,False,0,10,0,12,100,99.52472332354695,False,False,False,False,True,False
10.35,11.35,3687,1,12,0,22.0,30.0,127110.2,98.4,999.0,True,0.0,20.0,0,10,0,False,False,0,DRY,NORMAL,10,0,98.37492824899024,False,0,BRIGHT,CLEAR,10,98.37492824899024,False,False,0,SAFE,SAFE,SAFE,10,0,100,False,0,10,0,12,100,98.37492824899024,False,False,False,False,True,False
10.4,12.13,3939,1,12,0,22.0,30.0,127110.2,98.6,999.0,True,0.0,20.0,0,10,0,False,False,0,DRY,NORMAL,10,0,98.55413186408977,False,0,BRIGHT,CLEAR,10,98.55413186408977,False,False,0,SAFE,SAFE,SAFE,10,0,100,False,0,10,0,12,100,98.55413186408977,False,False,False,False,True,False
10.45,12.78,4153,1,12,0,22.0,30.0,127110.2,98.4,999.0,True,0.0,20.0,0,10,0,False,False,0,DRY,NORMAL,10,0,98.35935603685465,False,0,BRIGHT,CLEAR,10,98.35935603685465,False,False,0,SAFE,SAFE,SAFE,10,0,100,False,0,10,0,12,100,98.35935603685465,False,False,False,False,True,False
10.5,13.51,4389,1,12,0,22.0,30.0,129822.3,98.5,999.0,True,0.0,20.0,0,10,0,False,False,0,DRY,NORMAL,10,0,98.46582514582612,False,0,BRIGHT,CLEAR,10,98.46582514582612,False,False,0,SAFE,SAFE,SAFE,10,0,100,False,0,10,0,12,100,98.46582514582612,False,False,False,False,True,False
10.55,14.2,4612,1,12,0,22.0,30.0,129822.3,98.7,999.0,True,0.0,20.0,0,10,0,False,False,0,DRY,NORMAL,10,0,98.7133631375217,False,0,BRIGHT,CLEAR,10,98.7133631375217,False,False,0,SAFE,SAFE,SAFE,10,0,100,False,0,10,0,12,100,98.7133631375217,False,False,False,False,True,False
10.6,14.93,4851,1,12,0,22.0,30.0,129822.3,99.2,999.0,True,0.0,20.0,0,10,0,False,False,0,DRY,NORMAL,10,0,99.18364668127366,False,0,BRIGHT,CLEAR,10,99.18364668127366,False,False,0,SAFE,SAFE,SAFE,10,0,100,False,0,10,0,12,100,99.18364668127366,False,False,False,False,True,False
10.65,15.66,5089,1,12,0,22.0,30.0,129822.3,99.8,999.0,True,0.0,20.0,0,10,0,False,False,0,DRY,NORMAL,10,0,99.84399763691287,False,0,BRIGHT,CLEAR,10,99.84399763691287,False,False,0,SAFE,SAFE,SAFE,10,0,100,False,0,10,0,12,100,99.84399763691287,False,False,False,False,True,False
10.7,16.42,5334,1,12,0,22.0,30.0,129822.3,100,999.0,True,0.0,20.0,0,10,0,False,False,0,DRY,NORMAL,10,0,100,False,0,BRIGHT,CLEAR,10,100,False,False,0,SAFE,SAFE,SAFE,10,0,100,False,0,10,0,12,100,100,False,False,False,False,True,False
10.75,17.2,5586,1,12,0,22.0,30.0,129822.3,100,999.0,True,0.0,20.0,0,10,0,False,False,0,DRY,NORMAL,10,0,100,False,0,BRIGHT,CLEAR,10,100,False,False,0,SAFE,SAFE,SAFE,10,0,100,False,0,0,0,12,100,73.47,False,False,False,False,True,False
10.8,17.77,5772,1,12,0,22.0,30.0,129822.3,100,999.0,True,0.0,20.0,0,10,0,False,False,0,DRY,NORMAL,10,0,100,False,0,BRIGHT,CLEAR,10,100,False,False,0,SAFE,SAFE,SAFE,10,0,100,False,0,0,0,12,100,73.47,False,False,False,False,True,False
10.85,17.92,5821,1,12,0,22.0,30.0,129822.3,100,999.0,True,0.0,20.0,0,10,0,False,False,0,DRY,NORMAL,10,0,100,False,0,BRIGHT,CLEAR,10,100,False,False,0,SAFE,SAFE,SAFE,10,0,100,False,0,0,0,12,100,73.47,False,False,False,False,True,False
10.9,17.72,5758,1,12,0,22.0,30.0,129822.3,100,999.0,True,0.0,20.0,0,10,0,False,False,0,DRY,NORMAL,10,0,100,False,0,BRIGHT,CLEAR,10,100,False,False,0,SAFE,SAFE,SAFE,10,0,100,False,0,0,0,12,100,73.47,False,False,False,False,True,False
10.95,17.32,5628,1,12,0,22.0,30.0,129822.3,100,999.0,True,0.0,20.0,0,10,0,False,False,0,DRY,NORMAL,10,0,100,False,0,BRIGHT,CLEAR,10,100,False,False,0,SAFE,SAFE,SAFE,10,0,100,False,0,0,0,12,100,73.47,False,False,False,False,True,False
11.0,16.82,5463,1,12,0,22.0,30.0,129822.3,100,999.0,True,0.0,20.0,0,10,0,False,False,0,DRY,NORMAL,10,0,100,False,0,BRIGHT,CLEAR,10,100,False,False,0,SAFE,SAFE,SAFE,10,0,100,False,0,0,0,12,100,73.47,False,False,False,False,True,False
11.05,16.25,5280,1,12,0,22.0,30.0,129822.3,100,999.0,True,0.0,20.0,0,10,0,False,False,0,DRY,NORMAL,10,0,100,False,0,BRIGHT,CLEAR,10,100,False,False,0,SAFE,SAFE,SAFE,10,0,100,False,0,0,0,12,100,73.47,False,False,False,False,True,False
11.1,15.67,5090,1,12,0,22.0,30.0,129822.3,100,999.0,True,0.0,20.0,0,10,0,False,False,0,DRY,NORMAL,10,0,100,False,0,BRIGHT,CLEAR,10,100,False,False,0,SAFE,SAFE,SAFE,10,0,100,False,0,0,0,12,100,73.47,False,False,False,False,True,False
11.15,15.08,4897,1,12,0,22.0,30.0,129822.3,100,999.0,True,0.0,20.0,0,10,0,False,False,0,DRY,NORMAL,10,0,100,False,0,BRIGHT,CLEAR,10,100,False,False,0,SAFE,SAFE,SAFE,10,0,100,False,0,0,0,12,100,73.47,False,False,False,False,True,False
11.2,14.48,4705,1,12,0,22.0,30.0,129822.3,100,999.0,True,0.0,20.0,0,10,0,False,False,0,DRY,NORMAL,10,0,100,False,0,BRIGHT,CLEAR,10,100,False,False,0,SAFE,SAFE,SAFE,10,0,100,False,0,0,0,12,100,73.47,False,False,False,False,True,False
11.25,13.9,4515,1,12,0,22.0,30.0,129822.3,100,999.0,True,0.0,20.0,0,10,0,False,False,0,DRY,NORMAL,10,0,100,False,0,BRIGHT,CLEAR,10,100,False,False,0,SAFE,SAFE,SAFE,10,0,100,False,0,0,0,12,100,73.47,False,False,False,False,True,False
11.3,13.33,4329,1,12,0,22.0,30.0,129822.3,100,999.0,True,0.0,20.0,0,10,0,False,False,0,DRY,NORMAL,10,0,100,False,0,BRIGHT,CLEAR,10,100,False,False,0,SAFE,SAFE,SAFE,10,0,100,False,0,0,0,12,100,73.47,False,False,False,False,True,False
11.35,12.77,4147,1,12,0,22.0,30.0,129822.3,100,999.0,True,0.0,20.0,0,10,0,False,False,0,DRY,NORMAL,10,0,100,False,0,BRIGHT,CLEAR,10,100,False,False,0,SAFE,SAFE,SAFE,10,0,100,False,0,0,0,12,100,73.47,False,False,False,False,True,False
11.4,12.21,3968,1,12,0,22.0,30.0,129822.3,100,999.0,True,0.0,20.0,0,10,0,False,False,0,DRY,NORMAL,10,0,100,False,0,BRIGHT,CLEAR,10,100,False,False,0,SAFE,SAFE,SAFE,10,0,100,False,0,0,0,12,100,73.47,False,False,False,False,True,False
11.45,11.67,3791,1,12,0,22.0,30.0,129822.3,100,999.0,True,0.0,20.0,0,10,0,False,False,0,DRY,NORMAL,10,0,100,False,0,BRIGHT,CLEAR,10,100,False,False,0,SAFE,SAFE,SAFE,10,0,100,False,0,0,0,12,100,73.47,False,False,False,False,True,False
11.5,11.13,3616,1,12,0,22.0,30.0,129822.3,100,999.0,True,0.0,20.0,0,10,0,False,False,0,DRY,NORMAL,10,0,100,False,0,BRIGHT,CLEAR,10,100,False,False,0,SAFE,SAFE,SAFE,10,0,100,False,0,0,0,12,100,73.47,False,False,False,False,True,False
11.55,10.6,3444,1,12,0,22.0,30.0,129822.3,100,999.0,True,0.0,20.0,0,10,0,False,False,0,DRY,NORMAL,10,0,100,False,0,BRIGHT,CLEAR,10,100,False,False,0,SAFE,SAFE,SAFE,10,0,100,False,0,0,0,12,100,73.47,False,False,False,False,True,False
11.6,10.08,3275,1,12,0,22.0,30.0,129822.3,100,999.0,True,0.0,20.0,0,10,0,False,False,0,DRY,NORMAL,10,0,100,False,0,BRIGHT,CLEAR,10,100,False,False,0,SAFE,SAFE,SAFE,10,0,100,False,0,0,0,12,100,73.47,False,False,False,False,True,False
11.65,9.57,3109,1,12,0,22.0,30.0,129822.3,100,999.0,True,0.0,20.0,0,10,0,False,False,0,DRY,NORMAL,10,0,100,False,0,BRIGHT,CLEAR,10,100,False,False,0,SAFE,SAFE,SAFE,10,0,100,False,0,0,0,12,100,73.47,False,False,False,False,True,False
11.7,9.07,2945,1,12,0,22.0,30.0,129822.3,100,999.0,True,0.0,20.0,0,10,0,False,False,0,DRY,NORMAL,10,0,100,False,0,BRIGHT,CLEAR,10,100,False,False,0,SAFE,SAFE,SAFE,10,0,100,False,0,0,0,12,100,73.47,False,False,False,False,True,False
11.75,8.57,2785,1,12,0,22.0,30.0,129822.3,100,999.0,True,0.0,20.0,0,10,0,False,False,0,DRY,NORMAL,10,0,100,False,0,BRIGHT,CLEAR,10,100,False,False,0,SAFE,SAFE,SAFE,10,0,100,False,0,0,0,12,100,73.47,False,False,False,False,True,False
11.8,8.09,2627,1,12,0,22.0,30.0,129822.3,100,999.0,True,0.0,20.0,0,10,0,False,False,0,DRY,NORMAL,10,0,100,False,0,BRIGHT,CLEAR,10,100,False,False,0,SAFE,SAFE,SAFE,10,0,100,False,0,0,0,12,100,73.47,False,False,False,False,True,False
11.85,7.61,2473,1,12,0,22.0,30.0,129822.3,100,999.0,True,0.0,20.0,0,10,0,False,False,0,DRY,NORMAL,10,0,100,False,0,BRIGHT,CLEAR,10,100,False,False,0,SAFE,SAFE,SAFE,10,0,100,False,0,0,0,12,100,73.47,False,False,False,False,True,False
11.9,7.15,2323,1,12,0,22.0,30.0,129822.3,100,999.0,True,0.0,20.0,0,10,0,False,False,0,DRY,NORMAL,10,0,100,False,0,BRIGHT,CLEAR,10,100,False,False,0,SAFE,SAFE,SAFE,10,0,100,False,0,0,0,12,100,73.47,False,False,False,False,True,False
11.95,6.7,2175,1,12,0,22.0,30.0,129822.3,100,999.0,True,0.0,20.0,0,10,0,False,False,0,DRY,NORMAL,10,0,100,False,0,BRIGHT,CLEAR,10,100,False,False,0,SAFE,SAFE,SAFE,10,0,100,False,0,0,0,12,100,73.47,False,False,False,False,True,False
12.0,6.25,2032,1,12,0,22.0,30.0,129649.4,100,999.0,True,0.0,20.0,0,10,0,False,False,0,DRY,NORMAL,10,0,100,False,0,BRIGHT,CLEAR,10,100,False,False,0,SAFE,SAFE,SAFE,10,0,100,False,0,0,0,12,100,73.47,False,False,False,False,True,False
12.05,2.76,895,1,12,0,22.0,30.0,129649.4,100,999.0,True,0.0,20.0,0,10,0,False,False,0,DRY,NORMAL,10,0,100,False,0,BRIGHT,CLEAR,10,100,False,False,0,SAFE,SAFE,SAFE,10,0,100,False,0,0,0,12,100,73.47,False,False,False,False,True,False
12.1,0.46,800,1,12,0,22.0,30.0,129649.4,100,999.0,True,0.0,20.0,0,10,0,False,False,0,DRY,NORMAL,10,0,100,False,0,BRIGHT,CLEAR,10,100,False,False,0,SAFE,SAFE,SAFE,10,0,100,False,0,0,0,12,100,73.47,False,False,False,False,True,False
12.15,0.74,800,1,12,0,22.0,30.0,129649.4,100,999.0,True,0.0,20.0,0,10,0,False,False,0,DRY,NORMAL,10,0,100,False,0,BRIGHT,CLEAR,10,100,False,False,0,SAFE,SAFE,SAFE,10,0,100,False,0,0,0,12,100,73.47,False,False,False,False,True,False
12.2,0.94,800,1,12,0,22.0,30.0,129649.4,100,999.0,True,0.0,20.0,0,10,0,False,False,0,DRY,NORMAL,10,0,100,False,0,BRIGHT,CLEAR,10,100,False,False,0,SAFE,SAFE,SAFE,10,0,100,False,0,0,0,12,100,73.47,False,False,False,False,True,False
12.25,0.99,800,1,12,0,22.0,30.0,129649.4,100,999.0,True,0.0,20.0,0,10,0,False,False,0,DRY,NORMAL,10,0,100,False,0,BRIGHT,CLEAR,10,100,False,False,0,SAFE,SAFE,SAFE,10,0,100,False,0,0,0,12,100,73.47,False,False,False,False,True,False
12.3,1.15,800,1,12,0,22.0,30.0,129649.4,100,999.0,True,0.0,20.0,0,10,0,False,False,0,DRY,NORMAL,10,0,100,False,0,BRIGHT,CLEAR,10,100,False,False,0,SAFE,SAFE,SAFE,10,0,100,False,0,0,0,12,100,73.47,False,False,False,False,True,False
12.35,1.03,800,1,12,0,22.0,30.0,129649.4,100,999.0,True,0.0,20.0,0,10,0,False,False,0,DRY,NORMAL,10,0,100,False,0,BRIGHT,CLEAR,10,100,False,False,0,SAFE,SAFE,SAFE,10,0,100,False,0,0,0,12,100,73.47,False,False,False,False,True,False
12.4,1.18,800,1,12,0,22.0,30.0,129649.4,100,999.0,True,0.0,20.0,0,10,0,False,False,0,DRY,NORMAL,10,0,100,False,0,BRIGHT,CLEAR,10,100,False,False,0,SAFE,SAFE,SAFE,10,0,100,False,0,0,0,12,100,73.47,False,False,False,False,True,False
12.45,1.08,800,1,12,0,22.0,30.0,129649.4,100,999.0,True,0.0,20.0,0,10,0,False,False,0,DRY,NORMAL,10,0,100,False,0,BRIGHT,CLEAR,10,100,False,False,0,SAFE,SAFE,SAFE,10,0,100,False,0,0,0,12,100,73.47,False,False,False,False,True,False
12.5,1.38,800,1,12,0,22.0,30.0,129649.4,100,999.0,True,0.0,20.0,0,10,0,False,False,0,DRY,NORMAL,10,0,100,False,0,BRIGHT,CLEAR,10,100,False,False,0,SAFE,SAFE,SAFE,10,0,100,False,0,0,0,12,100,73.47,False,False,False,False,True,False
12.55,1.29,800,1,12,0,22.0,30.0,129649.4,100,999.0,True,0.0,20.0,0,10,0,False,False,0,DRY,NORMAL,10,0,100,False,0,BRIGHT,CLEAR,10,100,False,False,0,SAFE,SAFE,SAFE,10,0,100,False,0,0,0,12,100,73.47,False,False,False,False,True,False
12.6,1.31,800,1,12,0,22.0,30.0,129649.4,100,999.0,True,0.0,20.0,0,10,0,False,False,0,DRY,NORMAL,10,0,100,False,0,BRIGHT,CLEAR,10,100,False,False,0,SAFE,SAFE,SAFE,10,0,100,False,0,0,0,12,100,73.47,False,False,False,False,True,False
12.65,1.29,800,1,12,0,22.0,30.0,129649.4,100,999.0,True,0.0,20.0,0,10,0,False,False,0,DRY,NORMAL,10,0,100,False,0,BRIGHT,CLEAR,10,100,False,False,0,SAFE,SAFE,SAFE,10,0,100,False,0,0,0,12,100,73.47,False,False,False,False,True,False
12.7,1.3,800,1,12,0,22.0,30.0,129649.4,100,999.0,True,0.0,20.0,0,10,0,False,False,0,DRY,NORMAL,10,0,100,False,0,BRIGHT,CLEAR,10,100,False,False,0,SAFE,SAFE,SAFE,10,0,100,False,0,0,0,12,100,73.47,False,False,False,False,True,False
12.75,1.29,800,1,12,0,22.0,30.0,129649.4,100,999.0,True,0.0,20.0,0,10,0,False,False,0,DRY,NORMAL,10,0,100,False,0,BRIGHT,CLEAR,10,100,False,False,0,SAFE,SAFE,SAFE,10,0,100,False,0,0,0,12,100,73.47,False,False,False,False,True,False
12.8,1.32,800,1,12,0,22.0,30.0,129649.4,100,999.0,True,0.0,20.0,0,10,0,False,False,0,DRY,NORMAL,10,0,100,False,0,BRIGHT,CLEAR,10,100,False,False,0,SAFE,SAFE,SAFE,10,0,100,False,0,0,0,12,100,73.47,False,False,False,False,True,False
12.85,1.31,800,1,12,0,22.0,30.0,129649.4,100,999.0,True,0.0,20.0,0,10,0,False,False,0,DRY,NORMAL,10,0,100,False,0,BRIGHT,CLEAR,10,100,False,False,0,SAFE,SAFE,SAFE,10,0,100,False,0,0,0,12,100,73.47,False,False,False,False,True,False
12.9,1.29,800,1,12,0,22.0,30.0,129649.4,100,999.0,True,0.0,20.0,0,10,0,False,False,0,DRY,NORMAL,10,0,100,False,0,BRIGHT,CLEAR,10,100,False,False,0,SAFE,SAFE,SAFE,10,0,100,False,0,0,0,12,100,73.47,False,False,False,False,True,False
12.95,1.33,800,1,12,0,22.0,30.0,129649.4,100,999.0,True,0.0,20.0,0,10,0,False,False,0,DRY,NORMAL,10,0,100,False,0,BRIGHT,CLEAR,10,100,False,False,0,SAFE,SAFE,SAFE,10,0,100,False,0,0,0,12,100,73.47,False,False,False,False,True,False
13.0,1.3,800,1,12,0,22.0,30.0,129649.4,100,999.0,True,0.0,20.0,0,10,0,False,False,0,DRY,NORMAL,10,0,100,False,0,BRIGHT,CLEAR,10,100,False,False,0,SAFE,SAFE,SAFE,10,0,100,False,0,0,0,12,100,73.47,False,False,False,False,True,False
13.05,1.33,800,1,12,0,22.0,30.0,129649.4,100,999.0,True,0.0,20.0,0,10,0,False,False,0,DRY,NORMAL,10,0,100,False,0,BRIGHT,CLEAR,10,100,False,False,0,SAFE,SAFE,SAFE,10,0,100,False,0,0,0,12,100,73.47,False,False,False,False,True,False
13.1,1.3,800,1,12,0,22.0,30.0,129649.4,100,999.0,True,0.0,20.0,0,10,0,False,False,0,DRY,NORMAL,10,0,100,False,0,BRIGHT,CLEAR,10,100,False,False,0,SAFE,SAFE,SAFE,10,0,100,False,0,0,0,12,100,73.47,False,False,False,False,True,False
13.15,1.31,800,1,12,0,22.0,30.0,129649.4,100,999.0,True,0.0,20.0,0,10,0,False,False,0,DRY,NORMAL,10,0,100,False,0,BRIGHT,CLEAR,10,100,False,False,0,SAFE,SAFE,SAFE,10,0,100,False,0,0,0,12,100,73.47,False,False,False,False,True,False
13.2,1.32,800,1,12,0,22.0,30.0,129649.4,100,999.0,True,0.0,20.0,0,10,0,False,False,0,DRY,NORMAL,10,0,100,False,0,BRIGHT,CLEAR,10,100,False,False,0,SAFE,SAFE,SAFE,10,0,100,False,0,0,0,12,100,73.47,False,False,False,False,True,False
13.25,1.31,800,1,12,0,22.0,30.0,129649.4,100,999.0,True,0.0,20.0,0,10,0,False,False,0,DRY,NORMAL,10,0,100,False,0,BRIGHT,CLEAR,10,100,False,False,0,SAFE,SAFE,SAFE,10,0,100,False,0,0,0,12,100,73.47,False,False,False,False,True,False
13.3,1.34,800,1,12,0,22.0,30.0,129649.4,100,999.0,True,0.0,20.0,0,10,0,False,False,0,DRY,NORMAL,10,0,100,False,0,BRIGHT,CLEAR,10,100,False,False,0,SAFE,SAFE,SAFE,10,0,100,False,0,0,0,12,100,73.47,False,False,False,False,True,False
13.35,1.39,800,1,12,0,22.0,30.0,129649.4,100,999.0,True,0.0,20.0,0,10,0,False,False,0,DRY,NORMAL,10,0,100,False,0,BRIGHT,CLEAR,10,100,False,False,0,SAFE,SAFE,SAFE,10,0,100,False,0,0,0,12,100,73.47,False,False,False,False,True,False
13.4,1.47,800,1,12,0,22.0,30.0,129649.4,100,999.0,True,0.0,20.0,0,10,0,False,False,0,DRY,NORMAL,10,0,100,False,0,BRIGHT,CLEAR,10,100,False,False,0,SAFE,SAFE,SAFE,10,0,100,False,0,0,0,12,100,73.47,False,False,False,False,True,False
13.45,1.58,800,1,12,0,22.0,30.0,129649.4,100,999.0,True,0.0,20.0,0,10,0,False,False,0,DRY,NORMAL,10,0,100,False,0,BRIGHT,CLEAR,10,100,False,False,0,SAFE,SAFE,SAFE,10,0,100,False,0,0,0,12,100,73.47,False,False,False,False,True,False
13.5,1.51,800,1,12,0,22.0,30.0,127377.4,100,999.0,True,0.0,20.0,0,10,0,False,False,0,DRY,NORMAL,10,0,100,False,0,BRIGHT,CLEAR,10,100,False,False,0,SAFE,SAFE,SAFE,10,0,100,False,0,0,0,12,100,73.47,False,False,False,False,True,False
13.55,1.53,800,1,12,0,22.0,30.0,127377.4,100,999.0,True,0.0,20.0,0,10,0,False,False,0,DRY,NORMAL,10,0,100,False,0,BRIGHT,CLEAR,10,100,False,False,0,SAFE,SAFE,SAFE,10,0,100,False,0,0,0,12,100,73.47,False,False,False,False,True,False
13.6,1.52,800,1,12,0,22.0,30.0,127377.4,100,999.0,True,0.0,20.0,0,10,0,False,False,0,DRY,NORMAL,10,0,100,False,0,BRIGHT,CLEAR,10,100,False,False,0,SAFE,SAFE,SAFE,10,0,100,False,0,0,0,12,100,73.47,False,False,False,False,True,False
13.65,1.54,800,1,12,0,22.0,30.0,127377.4,100,999.0,True,0.0,20.0,0,10,0,False,False,0,DRY,NORMAL,10,0,100,False,0,BRIGHT,CLEAR,10,100,False,False,0,SAFE,SAFE,SAFE,10,0,100,False,0,0,0,12,100,73.47,False,False,False,False,True,False
13.7,1.51,800,1,12,0,22.0,30.0,127377.4,100,999.0,True,0.0,20.0,0,10,0,False,False,0,DRY,NORMAL,10,0,100,False,0,BRIGHT,CLEAR,10,100,False,False,0,SAFE,SAFE,SAFE,10,0,100,False,0,0,0,12,100,73.47,False,False,False,False,True,False
13.75,1.55,800,1,12,0,22.0,30.0,127377.4,100,999.0,True,0.0,20.0,0,10,0,False,False,0,DRY,NORMAL,10,0,100,False,0,BRIGHT,CLEAR,10,100,False,False,0,SAFE,SAFE,SAFE,10,0,100,False,0,0,0,12,100,73.47,False,False,False,False,True,False
13.8,1.52,800,1,12,0,22.0,30.0,127377.4,100,999.0,True,0.0,20.0,0,10,0,False,False,0,DRY,NORMAL,10,0,100,False,0,BRIGHT,CLEAR,10,100,False,False,0,SAFE,SAFE,SAFE,10,0,100,False,0,0,0,12,100,73.47,False,False,False,False,True,False
13.85,1.55,800,1,12,0,22.0,30.0,127377.4,100,999.0,True,0.0,20.0,0,10,0,False,False,0,DRY,NORMAL,10,0,100,False,0,BRIGHT,CLEAR,10,100,False,False,0,SAFE,SAFE,SAFE,10,0,100,False,0,0,0,12,100,73.47,False,False,False,False,True,False
13.9,1.51,800,1,12,0,22.0,30.0,127377.4,100,999.0,True,0.0,20.0,0,10,0,False,False,0,DRY,NORMAL,10,0,100,False,0,BRIGHT,CLEAR,10,100,False,False,0,SAFE,SAFE,SAFE,10,0,100,False,0,0,0,12,100,73.47,False,False,False,False,True,False
13.95,1.52,800,1,12,0,22.0,30.0,127377.4,100,999.0,True,0.0,20.0,0,10,0,False,False,0,DRY,NORMAL,10,0,100,False,0,BRIGHT,CLEAR,10,100,False,False,0,SAFE,SAFE,SAFE,10,0,100,False,0,0,0,12,100,73.47,False,False,False,False,True,False
14.0,1.54,800,1,12,0,22.0,30.0,127377.4,100,999.0,True,0.0,20.0,0,10,0,False,False,0,DRY,NORMAL,10,0,100,False,0,BRIGHT,CLEAR,10,100,False,False,0,SAFE,SAFE,SAFE,10,0,100,False,0,0,0,12,100,73.47,False,False,False,False,True,False
14.05,1.54,800,1,12,0,22.0,30.0,127377.4,100,999.0,True,0.0,20.0,0,10,0,False,False,0,DRY,NORMAL,10,0,100,False,0,BRIGHT,CLEAR,10,100,False,False,0,SAFE,SAFE,SAFE,10,0,100,False,0,0,0,12,100,73.47,False,False,False,False,True,False
14.1,1.52,800,1,12,0,22.0,30.0,127377.4,100,999.0,True,0.0,20.0,0,10,0,False,False,0,DRY,NORMAL,10,0,100,False,0,BRIGHT,CLEAR,10,100,False,False,0,SAFE,SAFE,SAFE,10,0,100,False,0,0,0,12,100,73.47,False,False,False,False,True,False
14.15,1.53,800,1,12,0,22.0,30.0,127377.4,100,999.0,True,0.0,20.0,0,10,0,False,False,0,DRY,NORMAL,10,0,100,False,0,BRIGHT,CLEAR,10,100,False,False,0,SAFE,SAFE,SAFE,10,0,100,False,0,0,0,12,100,73.47,False,False,False,False,True,False
14.2,1.53,800,1,12,0,22.0,30.0,127377.4,100,999.0,True,0.0,20.0,0,10,0,False,False,0,DRY,NORMAL,10,0,100,False,0,BRIGHT,CLEAR,10,100,False,False,0,SAFE,SAFE,SAFE,10,0,100,False,0,0,0,12,100,73.47,False,False,False,False,True,False
14.25,1.52,800,1,12,0,22.0,30.0,127377.4,100,999.0,True,0.0,20.0,0,10,0,False,False,0,DRY,NORMAL,10,0,100,False,0,BRIGHT,CLEAR,10,100,False,False,0,SAFE,SAFE,SAFE,10,0,100,False,0,0,0,12,100,73.47,False,False,False,False,True,False
14.3,1.51,800,1,12,0,22.0,30.0,127377.4,100,999.0,True,0.0,20.0,0,10,0,False,False,0,DRY,NORMAL,10,0,100,False,0,BRIGHT,CLEAR,10,100,False,False,0,SAFE,SAFE,SAFE,10,0,100,False,0,10,0,12,100,100,False,False,False,False,True,False
14.35,1.51,800,1,12,0,22.0,30.0,127377.4,100,999.0,True,0.0,20.0,0,10,0,False,False,0,DRY,NORMAL,10,0,100,False,0,BRIGHT,CLEAR,10,100,False,False,0,SAFE,SAFE,SAFE,10,0,100,False,0,10,0,12,100,100,False,False,False,False,True,False
14.4,1.6,800,1,12,0,22.0,30.0,127377.4,100,999.0,True,0.0,20.0,0,10,0,False,False,0,DRY,NORMAL,10,0,100,False,0,BRIGHT,CLEAR,10,100,False,False,0,SAFE,SAFE,SAFE,10,0,100,False,0,10,0,12,100,100,False,False,False,False,True,False
14.45,2.12,800,1,12,0,22.0,30.0,127377.4,100,999.0,True,0.0,20.0,0,10,0,False,False,0,DRY,NORMAL,10,0,100,False,0,BRIGHT,CLEAR,10,100,False,False,0,SAFE,SAFE,SAFE,10,0,100,False,0,10,0,12,100,100,False,False,False,False,True,False
14.5,2.47,801,1,12,0,22.0,30.0,127377.4,100,999.0,True,0.0,20.0,0,10,0,False,False,0,DRY,NORMAL,10,0,100,False,0,BRIGHT,CLEAR,10,100,False,False,0,SAFE,SAFE,SAFE,10,0,100,False,0,10,0,12,100,100,False,False,False,False,True,False
14.55,3.08,1000,1,12,0,22.0,30.0,127377.4,100,999.0,True,0.0,20.0,0,10,0,False,False,0,DRY,NORMAL,10,0,100,False,0,BRIGHT,CLEAR,10,100,False,False,0,SAFE,SAFE,SAFE,10,0,100,False,0,10,0,12,100,100,False,False,False,False,True,False
14.6,3.65,1185,1,12,0,22.0,30.0,127377.4,100,999.0,True,0.0,20.0,0,10,0,False,False,0,DRY,NORMAL,10,0,100,False,0,BRIGHT,CLEAR,10,100,False,False,0,SAFE,SAFE,SAFE,10,0,100,False,0,10,0,12,100,100,False,False,False,False,True,False
14.65,4.41,1433,1,12,0,22.0,30.0,127377.4,100,999.0,True,0.0,20.0,0,10,0,False,False,0,DRY,NORMAL,10,0,100,False,0,BRIGHT,CLEAR,10,100,False,False,0,SAFE,SAFE,SAFE,10,0,100,False,0,10,0,12,100,100,False,False,False,False,True,False
14.7,4.89,1589,1,12,0,22.0,30.0,127377.4,100,999.0,True,0.0,20.0,0,10,0,False,False,0,DRY,NORMAL,10,0,100,False,0,BRIGHT,CLEAR,10,100,False,False,0,SAFE,SAFE,SAFE,10,0,100,False,0,10,0,12,100,100,False,False,False,False,True,False
14.75,5.82,1889,1,12,0,22.0,30.0,127377.4,100,999.0,True,0.0,20.0,0,10,0,False,False,0,DRY,NORMAL,10,0,100,False,0,BRIGHT,CLEAR,10,100,False,False,0,SAFE,SAFE,SAFE,10,0,100,False,0,10,0,12,100,100,False,False,False,False,True,False
14.8,6.33,2057,1,12,0,22.0,30.0,127377.4,100,999.0,True,0.0,20.0,0,10,0,False,False,0,DRY,NORMAL,10,0,100,False,0,BRIGHT,CLEAR,10,100,False,False,0,SAFE,SAFE,SAFE,10,0,100,False,0,10,0,12,100,100,False,False,False,False,True,False
14.85,7.26,2359,1,12,0,22.0,30.0,127377.4,100,999.0,True,0.0,20.0,0,10,0,False,False,0,DRY,NORMAL,10,0,100,False,0,BRIGHT,CLEAR,10,100,False,False,0,SAFE,SAFE,SAFE,10,0,100,False,0,10,0,12,100,100,False,False,False,False,True,False
14.9,7.8,2535,1,12,0,22.0,30.0,127377.4,100,999.0,True,0.0,20.0,0,10,0,False,False,0,DRY,NORMAL,10,0,100,False,0,BRIGHT,CLEAR,10,100,False,False,0,SAFE,SAFE,SAFE,10,0,100,False,0,10,0,12,100,100,False,False,False,False,True,False
14.95,8.7,2826,1,12,0,22.0,30.0,127377.4,100,999.0,True,0.0,20.0,0,10,0,False,False,0,DRY,NORMAL,10,0,100,False,0,BRIGHT,CLEAR,10,100,False,False,0,SAFE,SAFE,SAFE,10,0,100,False,0,10,0,12,100,100,False,False,False,False,True,False
15.0,9.27,3010,1,12,0,22.0,30.0,121578.5,100,999.0,True,0.0,20.0,0,10,0,False,False,0,DRY,NORMAL,10,0,100,False,0,BRIGHT,CLEAR,10,100,False,False,0,SAFE,SAFE,SAFE,10,0,100,False,0,10,0,12,100,100,False,False,False,False,True,False
15.05,10.04,3263,1,12,0,22.0,30.0,121578.5,100,999.0,True,0.0,20.0,0,10,0,False,False,0,DRY,NORMAL,10,0,100,False,0,BRIGHT,CLEAR,10,100,False,False,0,SAFE,SAFE,SAFE,10,0,100,False,0,10,0,12,100,100,False,False,False,False,True,False
15.1,10.65,3459,1,12,0,22.0,30.0,121578.5,100,999.0,True,0.0,20.0,0,10,0,False,False,0,DRY,NORMAL,10,0,100,False,0,BRIGHT,CLEAR,10,100,False,False,0,SAFE,SAFE,SAFE,10,0,100,False,0,10,0,12,100,100,False,False,False,False,True,False
15.15,11.36,3689,1,12,0,22.0,30.0,121578.5,100,999.0,True,0.0,20.0,0,10,0,False,False,0,DRY,NORMAL,10,0,100,False,0,BRIGHT,CLEAR,10,100,False,False,0,SAFE,SAFE,SAFE,10,0,100,False,0,10,0,12,100,100,False,False,False,False,True,False
15.2,12.02,3904,1,12,0,22.0,30.0,121578.5,100,999.0,True,0.0,20.0,0,10,0,False,False,0,DRY,NORMAL,10,0,100,False,0,BRIGHT,CLEAR,10,100,False,False,0,SAFE,SAFE,SAFE,10,0,100,False,0,10,0,12,100,100,False,False,False,False,True,False
15.25,12.75,4142,1,12,0,22.0,30.0,121578.5,100,999.0,True,0.0,20.0,0,10,0,False,False,0,DRY,NORMAL,10,0,100,False,0,BRIGHT,CLEAR,10,100,False,False,0,SAFE,SAFE,SAFE,10,0,100,False,0,10,0,12,100,100,False,False,False,False,True,False
15.3,13.44,4365,1,12,0,22.0,30.0,121578.5,100,999.0,True,0.0,20.0,0,10,0,False,False,0,DRY,NORMAL,10,0,100,False,0,BRIGHT,CLEAR,10,100,False,False,0,SAFE,SAFE,SAFE,10,0,100,False,0,10,0,12,100,100,False,False,False,False,True,False
15.35,14.17,4605,1,12,0,22.0,30.0,121578.5,100,999.0,True,0.0,20.0,0,10,0,False,False,0,DRY,NORMAL,10,0,100,False,0,BRIGHT,CLEAR,10,100,False,False,0,SAFE,SAFE,SAFE,10,0,100,False,0,10,0,12,100,100,False,False,False,False,True,False
15.4,14.89,4836,1,12,0,22.0,30.0,121578.5,100,999.0,True,0.0,20.0,0,10,0,False,False,0,DRY,NORMAL,10,0,100,False,0,BRIGHT,CLEAR,10,100,False,False,0,SAFE,SAFE,SAFE,10,0,100,False,0,10,0,12,100,100,False,False,False,False,True,False
15.45,15.63,5077,1,12,0,22.0,30.0,121578.5,100,999.0,True,0.0,20.0,0,10,0,False,False,0,DRY,NORMAL,10,0,100,False,0,BRIGHT,CLEAR,10,100,False,False,0,SAFE,SAFE,SAFE,10,0,100,False,0,10,0,12,100,100,False,False,False,False,True,False
15.5,16.38,5322,1,12,0,22.0,30.0,121578.5,100,999.0,True,0.0,20.0,0,10,0,False,False,0,DRY,NORMAL,10,0,100,False,0,BRIGHT,CLEAR,10,100,False,False,0,SAFE,SAFE,SAFE,10,0,100,False,0,0,0,12,100,73.47,False,False,False,False,True,False
15.55,16.94,5505,1,12,0,22.0,30.0,121578.5,100,999.0,True,0.0,20.0,0,10,0,False,False,0,DRY,NORMAL,10,0,100,False,0,BRIGHT,CLEAR,10,100,False,False,0,SAFE,SAFE,SAFE,10,0,100,False,0,0,0,12,100,73.47,False,False,False,False,True,False
15.6,17.08,5550,1,12,0,22.0,30.0,121578.5,100,999.0,True,0.0,20.0,0,10,0,False,False,0,DRY,NORMAL,10,0,100,False,0,BRIGHT,CLEAR,10,100,False,False,0,SAFE,SAFE,SAFE,10,0,100,False,0,0,0,12,100,73.47,False,False,False,False,True,False
15.65,16.89,5486,1,12,0,22.0,30.0,121578.5,100,999.0,True,0.0,20.0,0,10,0,False,False,0,DRY,NORMAL,10,0,100,False,0,BRIGHT,CLEAR,10,100,False,False,0,SAFE,SAFE,SAFE,10,0,100,False,0,0,0,12,100,73.47,False,False,False,False,True,False
15.7,16.49,5357,1,12,0,22.0,30.0,121578.5,100,999.0,True,0.0,20.0,0,10,0,False,False,0,DRY,NORMAL,10,0,100,False,0,BRIGHT,CLEAR,10,100,False,False,0,SAFE,SAFE,SAFE,10,0,100,False,0,0,0,12,100,73.47,False,False,False,False,True,False
15.75,15.99,5194,1,12,0,22.0,30.0,121578.5,100,999.0,True,0.0,20.0,0,10,0,False,False,0,DRY,NORMAL,10,0,100,False,0,BRIGHT,CLEAR,10,100,False,False,0,SAFE,SAFE,SAFE,10,0,100,False,0,0,0,12,100,73.47,False,False,False,False,True,False
15.8,15.42,5009,1,12,0,22.0,30.0,121578.5,100,999.0,True,0.0,20.0,0,10,0,False,False,0,DRY,NORMAL,10,0,100,False,0,BRIGHT,CLEAR,10,100,False,False,0,SAFE,SAFE,SAFE,10,0,100,False,0,0,0,12,100,73.47,False,False,False,False,True,False
15.85,14.84,4822,1,12,0,22.0,30.0,121578.5,100,999.0,True,0.0,20.0,0,10,0,False,False,0,DRY,NORMAL,10,0,100,False,0,BRIGHT,CLEAR,10,100,False,False,0,SAFE,SAFE,SAFE,10,0,100,False,0,0,0,12,100,73.47,False,False,False,False,True,False
15.9,14.28,4640,1,12,0,22.0,30.0,121578.5,100,999.0,True,0.0,20.0,0,10,0,False,False,0,DRY,NORMAL,10,0,100,False,0,BRIGHT,CLEAR,10,100,False,False,0,SAFE,SAFE,SAFE,10,0,100,False,0,0,0,12,100,73.47,False,False,False,False,True,False
15.95,13.69,4448,1,12,0,22.0,30.0,121578.5,100,999.0,True,0.0,20.0,0,10,0,False,False,0,DRY,NORMAL,10,0,100,False,0,BRIGHT,CLEAR,10,100,False,False,0,SAFE,SAFE,SAFE,10,0,100,False,0,0,0,12,100,73.47,False,False,False,False,True,False
16.0,13.15,4273,1,12,0,22.0,30.0,121578.5,100,999.0,True,0.0,20.0,0,10,0,False,False,0,DRY,NORMAL,10,0,100,False,0,BRIGHT,CLEAR,10,100,False,False,0,SAFE,SAFE,SAFE,10,0,100,False,0,0,0,12,100,73.47,False,False,False,False,True,False
16.05,12.57,4082,1,12,0,22.0,30.0,121578.5,100,999.0,True,0.0,20.0,0,10,0,False,False,0,DRY,NORMAL,10,0,100,False,0,BRIGHT,CLEAR,10,100,False,False,0,SAFE,SAFE,SAFE,10,0,100,False,0,0,0,12,100,73.47,False,False,False,False,True,False
16.1,12.05,3913,1,12,0,22.0,30.0,121578.5,100,999.0,True,0.0,20.0,0,10,0,False,False,0,DRY,NORMAL,10,0,100,False,0,BRIGHT,CLEAR,10,100,False,False,0,SAFE,SAFE,SAFE,10,0,100,False,0,0,0,12,100,73.47,False,False,False,False,True,False
16.15,11.47,3725,1,12,0,22.0,30.0,121578.5,100,999.0,True,0.0,20.0,0,10,0,False,False,0,DRY,NORMAL,10,0,100,False,0,BRIGHT,CLEAR,10,100,False,False,0,SAFE,SAFE,SAFE,10,0,100,False,0,0,0,12,100,73.47,False,False,False,False,True,False
16.2,10.97,3563,1,12,0,22.0,30.0,121578.5,100,999.0,True,0.0,20.0,0,10,0,False,False,0,DRY,NORMAL,10,0,100,False,0,BRIGHT,CLEAR,10,100,False,False,0,SAFE,SAFE,SAFE,10,0,100,False,0,0,0,12,100,73.47,False,False,False,False,True,False
16.25,10.4,3379,1,12,0,22.0,30.0,121578.5,100,999.0,True,0.0,20.0,0,10,0,False,False,0,DRY,NORMAL,10,0,100,False,0,BRIGHT,CLEAR,10,100,False,False,0,SAFE,SAFE,SAFE,10,0,100,False,0,0,0,12,100,73.47,False,False,False,False,True,False
16.3,9.93,3225,1,12,0,22.0,30.0,121578.5,100,999.0,True,0.0,20.0,0,10,0,False,False,0,DRY,NORMAL,10,0,100,False,0,BRIGHT,CLEAR,10,100,False,False,0,SAFE,SAFE,SAFE,10,0,100,False,0,0,0,12,100,73.47,False,False,False,False,True,False
16.35,9.37,3044,1,12,0,22.0,30.0,121578.5,100,999.0,True,0.0,20.0,0,10,0,False,False,0,DRY,NORMAL,10,0,100,False,0,BRIGHT,CLEAR,10,100,False,False,0,SAFE,SAFE,SAFE,10,0,100,False,0,0,0,12,100,73.47,False,False,False,False,True,False
16.4,8.92,2897,1,12,0,22.0,30.0,121578.5,100,999.0,True,0.0,20.0,0,10,0,False,False,0,DRY,NORMAL,10,0,100,False,0,BRIGHT,CLEAR,10,100,False,False,0,SAFE,SAFE,SAFE,10,0,100,False,0,0,0,12,100,73.47,False,False,False,False,True,False
16.45,8.38,2721,1,12,0,22.0,30.0,121578.5,100,999.0,True,0.0,20.0,0,10,0,False,False,0,DRY,NORMAL,10,0,100,False,0,BRIGHT,CLEAR,10,100,False,False,0,SAFE,SAFE,SAFE,10,0,100,False,0,0,0,12,100,73.47,False,False,False,False,True,False
16.5,7.95,2582,1,12,0,22.0,30.0,114882.6,100,999.0,True,0.0,20.0,0,10,0,False,False,0,DRY,NORMAL,10,0,100,False,0,BRIGHT,CLEAR,10,100,False,False,0,SAFE,SAFE,SAFE,10,0,100,False,0,0,0,12,100,73.47,False,False,False,False,True,False
16.55,7.42,2410,1,12,0,22.0,30.0,114882.6,100,999.0,True,0.0,20.0,0,10,0,False,False,0,DRY,NORMAL,10,0,100,False,0,BRIGHT,CLEAR,10,100,False,False,0,SAFE,SAFE,SAFE,10,0,100,False,0,0,0,12,100,73.47,False,False,False,False,True,False
16.6,7.02,2279,1,12,0,22.0,30.0,114882.6,100,999.0,True,0.0,20.0,0,10,0,False,False,0,DRY,NORMAL,10,0,100,False,0,BRIGHT,CLEAR,10,100,False,False,0,SAFE,SAFE,SAFE,10,0,100,False,0,0,0,12,100,73.47,False,False,False,False,True,False
16.65,6.5,2113,1,12,0,22.0,30.0,114882.6,100,999.0,True,0.0,20.0,0,10,0,False,False,0,DRY,NORMAL,10,0,100,False,0,BRIGHT,CLEAR,10,100,False,False,0,SAFE,SAFE,SAFE,10,0,100,False,0,0,0,12,100,73.47,False,False,False,False,True,False
16.7,4.6,1494,1,12,0,22.0,30.0,114882.6,100,999.0,True,0.0,20.0,0,10,0,False,False,0,DRY,NORMAL,10,0,100,False,0,BRIGHT,CLEAR,10,100,False,False,0,SAFE,SAFE,SAFE,10,0,100,False,0,0,0,12,100,73.47,False,False,False,False,True,False
16.75,1.8,800,1,12,0,22.0,30.0,114882.6,100,999.0,True,0.0,20.0,0,10,0,False,False,0,DRY,NORMAL,10,0,100,False,0,BRIGHT,CLEAR,10,100,False,False,0,SAFE,SAFE,SAFE,10,0,100,False,0,0,0,12,100,73.47,False,False,False,False,True,False
16.8,1.96,800,1,12,0,22.0,30.0,114882.6,100,999.0,True,0.0,20.0,0,10,0,False,False,0,DRY,NORMAL,10,0,100,False,0,BRIGHT,CLEAR,10,100,False,False,0,SAFE,SAFE,SAFE,10,0,100,False,0,0,0,12,100,73.47,False,False,False,False,True,False
16.85,1.94,800,1,12,0,22.0,30.0,114882.6,100,999.0,True,0.0,20.0,0,10,0,False,False,0,DRY,NORMAL,10,0,100,False,0,BRIGHT,CLEAR,10,100,False,False,0,SAFE,SAFE,SAFE,10,0,100,False,0,0,0,12,100,73.47,False,False,False,False,True,False
16.9,2.15,800,1,12,0,22.0,30.0,114882.6,100,999.0,True,0.0,20.0,0,10,0,False,False,0,DRY,NORMAL,10,0,100,False,0,BRIGHT,CLEAR,10,100,False,False,0,SAFE,SAFE,SAFE,10,0,100,False,0,0,0,12,100,73.47,False,False,False,False,True,False
16.95,2.11,800,1,12,0,22.0,30.0,114882.6,100,999.0,True,0.0,20.0,0,10,0,False,False,0,DRY,NORMAL,10,0,100,False,0,BRIGHT,CLEAR,10,100,False,False,0,SAFE,SAFE,SAFE,10,0,100,False,0,0,0,12,100,73.47,False,False,False,False,True,False
17.0,2.18,800,1,12,0,22.0,30.0,114882.6,100,999.0,True,0.0,20.0,0,10,0,False,False,0,DRY,NORMAL,10,0,100,False,0,BRIGHT,CLEAR,10,100,False,False,0,SAFE,SAFE,SAFE,10,0,100,False,0,0,0,12,100,73.47,False,False,False,False,True,False
17.05,2.09,800,1,12,0,22.0,30.0,114882.6,100,999.0,True,0.0,20.0,0,10,0,False,False,0,DRY,NORMAL,10,0,100,False,0,BRIGHT,CLEAR,10,100,False,False,0,SAFE,SAFE,SAFE,10,0,100,False,0,0,0,12,100,73.47,False,False,False,False,True,False
17.1,2.14,800,1,12,0,22.0,30.0,114882.6,100,999.0,True,0.0,20.0,0,10,0,False,False,0,DRY,NORMAL,10,0,100,False,0,BRIGHT,CLEAR,10,100,False,False,0,SAFE,SAFE,SAFE,10,0,100,False,0,0,0,12,100,73.47,False,False,False,False,True,False
17.15,2.05,800,1,12,0,22.0,30.0,114882.6,100,999.0,True,0.0,20.0,0,10,0,False,False,0,DRY,NORMAL,10,0,100,False,0,BRIGHT,CLEAR,10,100,False,False,0,SAFE,SAFE,SAFE,10,0,100,False,0,0,0,12,100,73.47,False,False,False,False,True,False
17.2,2.14,800,1,12,0,22.0,30.0,114882.6,100,999.0,True,0.0,20.0,0,10,0,False,False,0,DRY,NORMAL,10,0,100,False,0,BRIGHT,CLEAR,10,100,False,False,0,SAFE,SAFE,SAFE,10,0,100,False,0,0,0,12,100,73.47,False,False,False,False,True,False
17.25,2.03,800,1,12,0,22.0,30.0,114882.6,100,999.0,True,0.0,20.0,0,10,0,False,False,0,DRY,NORMAL,10,0,100,False,0,BRIGHT,CLEAR,10,100,False,False,0,SAFE,SAFE,SAFE,10,0,100,False,0,0,0,12,100,73.47,False,False,False,False,True,False
17.3,2.08,800,1,12,0,22.0,30.0,114882.6,100,999.0,True,0.0,20.0,0,10,0,False,False,0,DRY,NORMAL,10,0,100,False,0,BRIGHT,CLEAR,10,100,False,False,0,SAFE,SAFE,SAFE,10,0,100,False,0,0,0,12,100,73.47,False,False,False,False,True,False
17.35,2.0,800,1,12,0,22.0,30.0,114882.6,100,999.0,True,0.0,20.0,0,10,0,False,False,0,DRY,NORMAL,10,0,100,False,0,BRIGHT,CLEAR,10,100,False,False,0,SAFE,SAFE,SAFE,10,0,100,False,0,0,0,12,100,73.47,False,False,False,False,True,False
17.4,2.05,800,1,12,0,22.0,30.0,114882.6,100,999.0,True,0.0,20.0,0,10,0,False,False,0,DRY,NORMAL,10,0,100,False,0,BRIGHT,CLEAR,10,100,False,False,0,SAFE,SAFE,SAFE,10,0,100,False,0,0,0,12,100,73.47,False,False,False,False,True,False
17.45,2.01,800,1,12,0,22.0,30.0,114882.6,100,999.0,True,0.0,20.0,0,10,0,False,False,0,DRY,NORMAL,10,0,100,False,0,BRIGHT,CLEAR,10,100,False,False,0,SAFE,SAFE,SAFE,10,0,100,False,0,0,0,12,100,73.47,False,False,False,False,True,False
17.5,2.05,800,1,12,0,22.0,30.0,114882.6,100,999.0,True,0.0,20.0,0,10,0,False,False,0,DRY,NORMAL,10,0,100,False,0,BRIGHT,CLEAR,10,100,False,False,0,SAFE,SAFE,SAFE,10,0,100,False,0,0,0,12,100,73.47,False,False,False,False,True,False
17.55,2.0,800,1,12,0,22.0,30.0,114882.6,100,999.0,True,0.0,20.0,0,10,0,False,False,0,DRY,NORMAL,10,0,100,False,0,BRIGHT,CLEAR,10,100,False,False,0,SAFE,SAFE,SAFE,10,0,100,False,0,0,0,12,100,73.47,False,False,False,False,True,False
17.6,2.04,800,1,12,0,22.0,30.0,114882.6,100,999.0,True,0.0,20.0,0,10,0,False,False,0,DRY,NORMAL,10,0,100,False,0,BRIGHT,CLEAR,10,100,False,False,0,SAFE,SAFE,SAFE,10,0,100,False,0,0,0,12,100,73.47,False,False,False,False,True,False
17.65,1.98,800,1,12,0,22.0,30.0,114882.6,100,999.0,True,0.0,20.0,0,10,0,False,False,0,DRY,NORMAL,10,0,100,False,0,BRIGHT,CLEAR,10,100,False,False,0,SAFE,SAFE,SAFE,10,0,100,False,0,0,0,12,100,73.47,False,False,False,False,True,False
17.7,2.03,800,1,12,0,22.0,30.0,114882.6,100,999.0,True,0.0,20.0,0,10,0,False,False,0,DRY,NORMAL,10,0,100,False,0,BRIGHT,CLEAR,10,100,False,False,0,SAFE,SAFE,SAFE,10,0,100,False,0,0,0,12,100,73.47,False,False,False,False,True,False
17.75,1.95,800,1,12,0,22.0,30.0,114882.6,100,999.0,True,0.0,20.0,0,10,0,False,False,0,DRY,NORMAL,10,0,100,False,0,BRIGHT,CLEAR,10,100,False,False,0,SAFE,SAFE,SAFE,10,0,100,False,0,0,0,12,100,73.47,False,False,False,False,True,False
17.8,2.01,800,1,12,0,22.0,30.0,114882.6,100,999.0,True,0.0,20.0,0,10,0,False,False,0,DRY,NORMAL,10,0,100,False,0,BRIGHT,CLEAR,10,100,False,False,0,SAFE,SAFE,SAFE,10,0,100,False,0,0,0,12,100,73.47,False,False,False,False,True,False
17.85,1.92,800,1,12,0,22.0,30.0,114882.6,100,999.0,True,0.0,20.0,0,10,0,False,False,0,DRY,NORMAL,10,0,100,False,0,BRIGHT,CLEAR,10,100,False,False,0,SAFE,SAFE,SAFE,10,0,100,False,0,0,0,12,100,73.47,False,False,False,False,True,False
17.9,1.98,800,1,12,0,22.0,30.0,114882.6,100,999.0,True,0.0,20.0,0,10,0,False,False,0,DRY,NORMAL,10,0,100,False,0,BRIGHT,CLEAR,10,100,False,False,0,SAFE,SAFE,SAFE,10,0,100,False,0,0,0,12,100,73.47,False,False,False,False,True,False
17.95,1.89,800,1,12,0,22.0,30.0,114882.6,100,999.0,True,0.0,20.0,0,10,0,False,False,0,DRY,NORMAL,10,0,100,False,0,BRIGHT,CLEAR,10,100,False,False,0,SAFE,SAFE,SAFE,10,0,100,False,0,0,0,12,100,73.47,False,False,False,False,True,False
18.0,1.94,800,1,12,0,22.0,30.0,106695.9,100,999.0,True,0.0,20.0,0,10,0,False,False,0,DRY,NORMAL,10,0,100,False,0,BRIGHT,CLEAR,10,100,False,False,0,SAFE,SAFE,SAFE,10,0,100,False,0,0,0,12,100,73.47,False,False,False,False,True,False
18.05,1.86,800,1,12,0,22.0,30.0,106695.9,100,999.0,True,0.0,20.0,0,10,0,False,False,0,DRY,NORMAL,10,0,100,False,0,BRIGHT,CLEAR,10,100,False,False,0,SAFE,SAFE,SAFE,10,0,100,False,0,0,0,12,100,73.47,False,False,False,False,True,False
18.1,1.98,800,1,12,0,22.0,30.0,106695.9,100,999.0,True,0.0,20.0,0,10,0,False,False,0,DRY,NORMAL,10,0,100,False,0,BRIGHT,CLEAR,10,100,False,False,0,SAFE,SAFE,SAFE,10,0,100,False,0,0,0,12,100,73.47,False,False,False,False,True,False
18.15,1.89,800,1,12,0,22.0,30.0,106695.9,100,999.0,True,0.0,20.0,0,10,0,False,False,0,DRY,NORMAL,10,0,100,False,0,BRIGHT,CLEAR,10,100,False,False,0,SAFE,SAFE,SAFE,10,0,100,False,0,0,0,12,100,73.47,False,False,False,False,True,False
18.2,1.95,800,1,12,0,22.0,30.0,106695.9,100,999.0,True,0.0,20.0,0,10,0,False,False,0,DRY,NORMAL,10,0,100,False,0,BRIGHT,CLEAR,10,100,False,False,0,SAFE,SAFE,SAFE,10,0,100,False,0,0,0,12,100,73.47,False,False,False,False,True,False
18.25,1.86,800,1,12,0,22.0,30.0,106695.9,100,999.0,True,0.0,20.0,0,10,0,False,False,0,DRY,NORMAL,10,0,100,False,0,BRIGHT,CLEAR,10,100,False,False,0,SAFE,SAFE,SAFE,10,0,100,False,0,0,0,12,100,73.47,False,False,False,False,True,False
18.3,1.95,800,1,12,0,22.0,30.0,106695.9,100,999.0,True,0.0,20.0,0,10,0,False,False,0,DRY,NORMAL,10,0,100,False,0,BRIGHT,CLEAR,10,100,False,False,0,SAFE,SAFE,SAFE,10,0,100,False,0,0,0,12,100,73.47,False,False,False,False,True,False
18.35,1.86,800,1,12,0,22.0,30.0,106695.9,100,999.0,True,0.0,20.0,0,10,0,False,False,0,DRY,NORMAL,10,0,100,False,0,BRIGHT,CLEAR,10,100,False,False,0,SAFE,SAFE,SAFE,10,0,100,False,0,0,0,12,100,73.47,False,False,False,False,True,False
18.4,1.92,800,1,12,0,22.0,30.0,106695.9,100,999.0,True,0.0,20.0,0,10,0,False,False,0,DRY,NORMAL,10,0,100,False,0,BRIGHT,CLEAR,10,100,False,False,0,SAFE,SAFE,SAFE,10,0,100,False,0,0,0,12,100,73.47,False,False,False,False,True,False
18.45,1.82,800,1,12,0,22.0,30.0,106695.9,100,999.0,True,0.0,20.0,0,10,0,False,False,0,DRY,NORMAL,10,0,100,False,0,BRIGHT,CLEAR,10,100,False,False,0,SAFE,SAFE,SAFE,10,0,100,False,0,0,0,12,100,73.47,False,False,False,False,True,False
18.5,1.89,800,1,12,0,22.0,30.0,106695.9,100,999.0,True,0.0,20.0,0,10,0,False,False,0,DRY,NORMAL,10,0,100,False,0,BRIGHT,CLEAR,10,100,False,False,0,SAFE,SAFE,SAFE,10,0,100,False,0,0,0,12,100,73.47,False,False,False,False,True,False
18.55,1.83,800,1,12,0,22.0,30.0,106695.9,100,999.0,True,0.0,20.0,0,10,0,False,False,0,DRY,NORMAL,10,0,100,False,0,BRIGHT,CLEAR,10,100,False,False,0,SAFE,SAFE,SAFE,10,0,100,False,0,0,0,12,100,73.47,False,False,False,False,True,False
18.6,1.89,800,1,12,0,22.0,30.0,106695.9,100,999.0,True,0.0,20.0,0,10,0,False,False,0,DRY,NORMAL,10,0,100,False,0,BRIGHT,CLEAR,10,100,False,False,0,SAFE,SAFE,SAFE,10,0,100,False,0,0,0,12,100,73.47,False,False,False,False,True,False
18.65,1.78,800,1,12,0,22.0,30.0,106695.9,100,999.0,True,0.0,20.0,0,10,0,False,False,0,DRY,NORMAL,10,0,100,False,0,BRIGHT,CLEAR,10,100,False,False,0,SAFE,SAFE,SAFE,10,0,100,False,0,0,0,12,100,73.47,False,False,False,False,True,False
18.7,1.85,800,1,12,0,22.0,30.0,106695.9,100,999.0,True,0.0,20.0,0,10,0,False,False,0,DRY,NORMAL,10,0,100,False,0,BRIGHT,CLEAR,10,100,False,False,0,SAFE,SAFE,SAFE,10,0,100,False,0,0,0,12,100,73.47,False,False,False,False,True,False
18.75,1.79,800,1,12,0,22.0,30.0,106695.9,100,999.0,True,0.0,20.0,0,10,0,False,False,0,DRY,NORMAL,10,0,100,False,0,BRIGHT,CLEAR,10,100,False,False,0,SAFE,SAFE,SAFE,10,0,100,False,0,0,0,12,100,73.47,False,False,False,False,True,False
18.8,1.85,800,1,12,0,22.0,30.0,106695.9,100,999.0,True,0.0,20.0,0,10,0,False,False,0,DRY,NORMAL,10,0,100,False,0,BRIGHT,CLEAR,10,100,False,False,0,SAFE,SAFE,SAFE,10,0,100,False,0,0,0,12,100,73.47,False,False,False,False,True,False
18.85,1.75,800,1,12,0,22.0,30.0,106695.9,100,999.0,True,0.0,20.0,0,10,0,False,False,0,DRY,NORMAL,10,0,100,False,0,BRIGHT,CLEAR,10,100,False,False,0,SAFE,SAFE,SAFE,10,0,100,False,0,0,0,12,100,73.47,False,False,False,False,True,False
18.9,1.81,800,1,12,0,22.0,30.0,106695.9,100,999.0,True,0.0,20.0,0,10,0,False,False,0,DRY,NORMAL,10,0,100,False,0,BRIGHT,CLEAR,10,100,False,False,0,SAFE,SAFE,SAFE,10,0,100,False,0,0,0,12,100,73.47,False,False,False,False,True,False
18.95,1.75,800,1,12,0,22.0,30.0,106695.9,100,999.0,True,0.0,20.0,0,10,0,False,False,0,DRY,NORMAL,10,0,100,False,0,BRIGHT,CLEAR,10,100,False,False,0,SAFE,SAFE,SAFE,10,0,100,False,0,0,0,12,100,73.47,False,False,False,False,True,False
19.0,1.81,800,1,12,0,22.0,30.0,106695.9,100,999.0,True,0.0,20.0,0,10,0,False,False,0,DRY,NORMAL,10,0,100,False,0,BRIGHT,CLEAR,10,100,False,False,0,SAFE,SAFE,SAFE,10,0,100,False,0,0,0,12,100,73.47,False,False,False,False,True,False
19.05,1.71,800,1,12,0,22.0,30.0,106695.9,100,999.0,True,0.0,20.0,0,10,0,False,False,0,DRY,NORMAL,10,0,100,False,0,BRIGHT,CLEAR,10,100,False,False,0,SAFE,SAFE,SAFE,10,0,100,False,0,10,0,12,100,100,False,False,False,False,True,False
19.1,1.79,800,1,12,0,22.0,30.0,106695.9,100,999.0,True,0.0,20.0,0,10,0,False,False,0,DRY,NORMAL,10,0,100,False,0,BRIGHT,CLEAR,10,100,False,False,0,SAFE,SAFE,SAFE,10,0,100,False,0,10,0,12,100,100,False,False,False,False,True,False
19.15,2.09,800,1,12,0,22.0,30.0,106695.9,100,999.0,True,0.0,20.0,0,10,0,False,False,0,DRY,NORMAL,10,0,100,False,0,BRIGHT,CLEAR,10,100,False,False,0,SAFE,SAFE,SAFE,10,0,100,False,0,10,0,12,100,100,False,False,False,False,True,False
19.2,2.2,800,1,12,0,22.0,30.0,106695.9,100,999.0,True,0.0,20.0,0,10,0,False,False,0,DRY,NORMAL,10,0,100,False,0,BRIGHT,CLEAR,10,100,False,False,0,SAFE,SAFE,SAFE,10,0,100,False,0,10,0,12,100,100,False,False,False,False,True,False
19.25,2.74,891,1,12,0,22.0,30.0,106695.9,100,999.0,True,0.0,20.0,0,10,0,False,False,0,DRY,NORMAL,10,0,100,False,0,BRIGHT,CLEAR,10,100,False,False,0,SAFE,SAFE,SAFE,10,0,100,False,0,10,0,12,100,100,False,False,False,False,True,False
19.3,3.17,1029,1,12,0,22.0,30.0,106695.9,100,999.0,True,0.0,20.0,0,10,0,False,False,0,DRY,NORMAL,10,0,100,False,0,BRIGHT,CLEAR,10,100,False,False,0,SAFE,SAFE,SAFE,10,0,100,False,0,10,0,12,100,100,False,False,False,False,True,False
19.35,4.02,1307,1,12,0,22.0,30.0,106695.9,100,999.0,True,0.0,20.0,0,10,0,False,False,0,DRY,NORMAL,10,0,100,False,0,BRIGHT,CLEAR,10,100,False,False,0,SAFE,SAFE,SAFE,10,0,100,False,0,10,0,12,100,100,False,False,False,False,True,False
19.4,4.45,1444,1,12,0,22.0,30.0,106695.9,100,999.0,True,0.0,20.0,0,10,0,False,False,0,DRY,NORMAL,10,0,100,False,0,BRIGHT,CLEAR,10,100,False,False,0,SAFE,SAFE,SAFE,10,0,100,False,0,10,0,12,100,100,False,False,False,False,True,False
19.45,5.33,1730,1,12,0,22.0,30.0,106695.9,100,999.0,True,0.0,20.0,0,10,0,False,False,0,DRY,NORMAL,10,0,100,False,0,BRIGHT,CLEAR,10,100,False,False,0,SAFE,SAFE,SAFE,10,0,100,False,0,10,0,12,100,100,False,False,False,False,True,False
19.5,5.92,1923,1,12,0,22.0,30.0,95273.2,100,999.0,True,0.0,20.0,0,10,0,False,False,0,DRY,NORMAL,10,0,100,False,0,BRIGHT,CLEAR,10,100,False,False,0,SAFE,SAFE,SAFE,10,0,100,False,0,10,0,12,100,100,False,False,False,False,True,False
19.55,6.74,2189,1,12,0,22.0,30.0,95273.2,100,999.0,True,0.0,20.0,0,10,0,False,False,0,DRY,NORMAL,10,0,100,False,0,BRIGHT,CLEAR,10,100,False,False,0,SAFE,SAFE,SAFE,10,0,100,False,0,10,0,12,100,100,False,False,False,False,True,False
19.6,7.33,2381,1,12,0,22.0,30.0,95273.2,100,999.0,True,0.0,20.0,0,10,0,False,False,0,DRY,NORMAL,10,0,100,False,0,BRIGHT,CLEAR,10,100,False,False,0,SAFE,SAFE,SAFE,10,0,100,False,0,10,0,12,100,100,False,False,False,False,True,False
19.65,8.13,2642,1,12,0,22.0,30.0,95273.2,100,999.0,True,0.0,20.0,0,10,0,False,False,0,DRY,NORMAL,10,0,100,False,0,BRIGHT,CLEAR,10,100,False,False,0,SAFE,SAFE,SAFE,10,0,100,False,0,10,0,12,100,100,False,False,False,False,True,False
19.7,8.73,2835,1,12,0,22.0,30.0,95273.2,100,999.0,True,0.0,20.0,0,10,0,False,False,0,DRY,NORMAL,10,0,100,False,0,BRIGHT,CLEAR,10,100,False,False,0,SAFE,SAFE,SAFE,10,0,100,False,0,10,0,12,100,100,False,False,False,False,True,False
19.75,9.54,3098,1,12,0,22.0,30.0,95273.2,100,999.0,True,0.0,20.0,0,10,0,False,False,0,DRY,NORMAL,10,0,100,False,0,BRIGHT,CLEAR,10,100,False,False,0,SAFE,SAFE,SAFE,10,0,100,False,0,10,0,12,100,100,False,False,False,False,True,False
19.8,10.16,3299,1,12,0,22.0,30.0,95273.2,100,999.0,True,0.0,20.0,0,10,0,False,False,0,DRY,NORMAL,10,0,100,False,0,BRIGHT,CLEAR,10,100,False,False,0,SAFE,SAFE,SAFE,10,0,100,False,0,10,0,12,100,100,False,False,False,False,True,False
19.85,10.96,3560,1,12,0,22.0,30.0,95273.2,100,999.0,True,0.0,20.0,0,10,0,False,False,0,DRY,NORMAL,10,0,100,False,0,BRIGHT,CLEAR,10,100,False,False,0,SAFE,SAFE,SAFE,10,0,100,False,0,10,0,12,100,100,False,False,False,False,True,False
19.9,11.61,3772,1,12,0,22.0,30.0,95273.2,100,999.0,True,0.0,20.0,0,10,0,False,False,0,DRY,NORMAL,10,0,100,False,0,BRIGHT,CLEAR,10,100,False,False,0,SAFE,SAFE,SAFE,10,0,100,False,0,10,0,12,100,100,False,False,False,False,True,False
19.95,12.37,4017,1,12,0,22.0,30.0,95273.2,100,999.0,True,0.0,20.0,0,10,0,False,False,0,DRY,NORMAL,10,0,100,False,0,BRIGHT,CLEAR,10,100,False,False,0,SAFE,SAFE,SAFE,10,0,100,False,0,10,0,12,100,100,False,False,False,False,True,False
20.0,13.03,4234,1,12,0,22.0,30.0,95273.2,100,999.0,True,0.0,20.0,0,10,0,False,False,0,DRY,NORMAL,10,0,100,False,0,BRIGHT,CLEAR,10,100,False,False,0,SAFE,SAFE,SAFE,10,0,100,False,0,10,0,12,100,100,False,False,False,False,True,False
20.05,13.76,4470,1,12,0,22.0,30.0,95273.2,100,999.0,True,0.0,20.0,0,10,0,False,False,0,DRY,NORMAL,10,0,100,False,0,BRIGHT,CLEAR,10,100,False,False,0,SAFE,SAFE,SAFE,10,0,100,False,0,10,0,12,100,100,False,False,False,False,True,False
20.1,14.46,4696,1,12,0,22.0,30.0,95273.2,100,999.0,True,0.0,20.0,0,10,0,False,False,0,DRY,NORMAL,10,0,100,False,0,BRIGHT,CLEAR,10,100,False,False,0,SAFE,SAFE,SAFE,10,0,100,False,0,10,0,12,100,100,False,False,False,False,True,False
20.15,15.19,4935,1,12,0,22.0,30.0,95273.2,100,999.0,True,0.0,20.0,0,10,0,False,False,0,DRY,NORMAL,10,0,100,False,0,BRIGHT,CLEAR,10,100,False,False,0,SAFE,SAFE,SAFE,10,0,100,False,0,10,0,12,100,100,False,False,False,False,True,False
20.2,15.93,5175,1,12,0,22.0,30.0,95273.2,100,999.0,True,0.0,20.0,0,10,0,False,False,0,DRY,NORMAL,10,0,100,False,0,BRIGHT,CLEAR,10,100,False,False,0,SAFE,SAFE,SAFE,10,0,100,False,0,10,0,12,100,100,False,False,False,False,True,False
20.25,16.69,5423,1,12,0,22.0,30.0,95273.2,100,999.0,True,0.0,20.0,0,10,0,False,False,0,DRY,NORMAL,10,0,100,False,0,BRIGHT,CLEAR,10,100,False,False,0,SAFE,SAFE,SAFE,10,0,100,False,0,10,0,12,100,100,False,False,False,False,True,False
20.3,17.48,5679,1,12,0,22.0,30.0,95273.2,100,999.0,True,0.0,20.0,0,10,0,False,False,0,DRY,NORMAL,10,0,100,False,0,BRIGHT,CLEAR,10,100,False,False,0,SAFE,SAFE,SAFE,10,0,100,False,0,10,0,12,100,100,False,False,False,False,True,False
20.35,18.3,5946,1,12,0,22.0,30.0,95273.2,100,999.0,True,0.0,20.0,0,10,0,False,False,0,DRY,NORMAL,10,0,100,False,0,BRIGHT,CLEAR,10,100,False,False,0,SAFE,SAFE,SAFE,10,0,100,False,0,10,0,12,100,100,False,False,False,False,True,False
20.4,19.16,6225,1,12,0,22.0,30.0,95273.2,100,999.0,True,0.0,20.0,0,10,0,False,False,0,DRY,NORMAL,10,0,100,False,0,BRIGHT,CLEAR,10,100,False,False,0,SAFE,SAFE,SAFE,10,0,100,False,0,10,0,12,100,100,False,False,False,False,True,False
20.45,19.22,6245,1,12,0,22.0,30.0,95273.2,100,999.0,True,0.0,20.0,0,10,0,False,False,0,DRY,NORMAL,10,0,100,False,0,BRIGHT,CLEAR,10,100,False,False,0,SAFE,SAFE,SAFE,10,0,100,False,0,10,0,12,100,100,False,False,False,False,True,False
20.5,19.87,6455,1,12,0,22.0,30.0,95273.2,100,999.0,True,0.0,20.0,0,10,0,False,False,0,DRY,NORMAL,10,0,100,False,0,BRIGHT,CLEAR,10,100,False,False,0,SAFE,SAFE,SAFE,10,0,100,False,0,10,0,12,100,100,False,False,False,False,True,False
20.55,20.43,6637,2,12,0,22.0,30.0,95273.2,100,999.0,True,0.0,20.0,0,10,0,False,False,0,DRY,NORMAL,10,0,100,False,0,BRIGHT,CLEAR,10,100,False,False,0,SAFE,SAFE,SAFE,10,0,100,False,0,10,0,12,100,100,False,False,False,False,True,False
20.6,22.04,2600,2,12,0,22.0,30.0,95273.2,100,999.0,True,0.0,20.0,0,10,0,False,False,0,DRY,NORMAL,10,0,100,False,0,BRIGHT,CLEAR,10,100,False,False,0,SAFE,SAFE,SAFE,10,0,100,False,0,10,0,12,100,100,False,False,False,False,True,False
20.65,23.05,2720,2,12,0,22.0,30.0,95273.2,100,999.0,True,0.0,20.0,0,10,0,False,False,0,DRY,NORMAL,10,0,100,False,0,BRIGHT,CLEAR,10,100,False,False,0,SAFE,SAFE,SAFE,10,0,100,False,0,10,0,12,100,100,False,False,False,False,True,False
20.7,24.28,2865,2,12,0,22.0,30.0,95273.2,100,999.0,True,0.0,20.0,0,10,0,False,False,0,DRY,NORMAL,10,0,100,False,0,BRIGHT,CLEAR,10,100,False,False,0,SAFE,SAFE,SAFE,10,0,100,False,0,10,0,12,100,100,False,False,False,False,True,False
20.75,25.1,2962,2,12,0,22.0,30.0,95273.2,100,999.0,True,0.0,20.0,0,10,0,False,False,0,DRY,NORMAL,10,0,100,False,0,BRIGHT,CLEAR,10,100,False,False,0,SAFE,SAFE,SAFE,10,0,100,False,0,10,0,12,100,100,False,False,False,False,True,False
20.8,26.22,3094,2,12,0,22.0,30.0,95273.2,100,999.0,True,0.0,20.0,0,10,0,False,False,0,DRY,NORMAL,10,0,100,False,0,BRIGHT,CLEAR,10,100,False,False,0,SAFE,SAFE,SAFE,10,0,100,False,0,10,0,12,100,100,False,False,False,False,True,False
20.85,26.97,3182,2,12,0,22.0,30.0,95273.2,100,999.0,True,0.0,20.0,0,10,0,False,False,0,DRY,NORMAL,10,0,100,False,0,BRIGHT,CLEAR,10,100,False,False,0,SAFE,SAFE,SAFE,10,0,100,False,0,10,0,12,100,100,False,False,False,False,True,False
20.9,27.97,3301,2,12,0,22.0,30.0,95273.2,100,999.0,True,0.0,20.0,0,10,0,False,False,0,DRY,NORMAL,10,0,100,False,0,BRIGHT,CLEAR,10,100,False,False,0,SAFE,SAFE,SAFE,10,0,100,False,0,10,0,12,100,100,False,False,False,False,True,False
20.95,28.68,3384,2,12,0,22.0,30.0,95273.2,100,999.0,True,0.0,20.0,0,10,0,False,False,0,DRY,NORMAL,10,0,100,False,0,BRIGHT,CLEAR,10,100,False,False,0,SAFE,SAFE,SAFE,10,0,100,False,0,10,0,12,100,100,False,False,False,False,True,False
21.0,29.66,3500,2,12,0,22.0,30.0,84096.7,100,999.0,True,0.0,20.0,0,10,0,False,False,0,DRY,NORMAL,10,0,100,False,0,BRIGHT,CLEAR,10,100,False,False,0,SAFE,SAFE,SAFE,10,0,100,False,0,10,0,12,100,100,False,False,False,False,True,False
21.05,30.37,3583,2,12,0,22.0,30.0,84096.7,100,999.0,True,0.0,20.0,0,10,0,False,False,0,DRY,NORMAL,10,0,100,False,0,BRIGHT,CLEAR,10,100,False,False,0,SAFE,SAFE,SAFE,10,0,100,False,0,10,0,12,100,100,False,False,False,False,True,False
21.1,31.34,3698,2,12,0,22.0,30.0,84096.7,100,999.0,True,0.0,20.0,0,10,0,False,False,0,DRY,NORMAL,10,0,100,False,0,BRIGHT,CLEAR,10,100,False,False,0,SAFE,SAFE,SAFE,10,0,100,False,0,10,0,12,100,100,False,False,False,False,True,False
21.15,32.06,3783,2,12,0,22.0,30.0,84096.7,100,999.0,True,0.0,20.0,0,10,0,False,False,0,DRY,NORMAL,10,0,100,False,0,BRIGHT,CLEAR,10,100,False,False,0,SAFE,SAFE,SAFE,10,0,100,False,0,10,0,12,100,100,False,False,False,False,True,False
21.2,33.03,3898,2,12,0,22.0,30.0,84096.7,100,999.0,True,0.0,20.0,0,10,0,False,False,0,DRY,NORMAL,10,0,100,False,0,BRIGHT,CLEAR,10,100,False,False,0,SAFE,SAFE,SAFE,10,0,100,False,0,10,0,12,100,100,False,False,False,False,True,False
21.25,33.78,3987,2,12,0,22.0,30.0,84096.7,100,999.0,True,0.0,20.0,0,10,0,False,False,0,DRY,NORMAL,10,0,100,False,0,BRIGHT,CLEAR,10,100,False,False,0,SAFE,SAFE,SAFE,10,0,100,False,0,10,0,12,100,100,False,False,False,False,True,False
21.3,34.77,4103,2,12,0,22.0,30.0,84096.7,100,999.0,True,0.0,20.0,0,10,0,False,False,0,DRY,NORMAL,10,0,100,False,0,BRIGHT,CLEAR,10,100,False,False,0,SAFE,SAFE,SAFE,10,0,100,False,0,10,0,12,100,100,False,False,False,False,True,False
21.35,35.55,4195,2,12,0,22.0,30.0,84096.7,100,999.0,True,0.0,20.0,0,10,0,False,False,0,DRY,NORMAL,10,0,100,False,0,BRIGHT,CLEAR,10,100,False,False,0,SAFE,SAFE,SAFE,10,0,100,False,0,10,0,12,100,100,False,False,False,False,True,False
21.4,36.56,4314,2,12,0,22.0,30.0,84096.7,100,999.0,True,0.0,20.0,0,10,0,False,False,0,DRY,NORMAL,10,0,100,False,0,BRIGHT,CLEAR,10,100,False,False,0,SAFE,SAFE,SAFE,10,0,100,False,0,10,0,12,100,100,False,False,False,False,True,False
21.45,37.38,4412,2,12,0,22.0,30.0,84096.7,100,999.0,True,0.0,20.0,0,10,0,False,False,0,DRY,NORMAL,10,0,100,False,0,BRIGHT,CLEAR,10,100,False,False,0,SAFE,SAFE,SAFE,10,0,100,False,0,10,0,12,100,100,False,False,False,False,True,False
21.5,38.41,4533,2,12,0,22.0,30.0,84096.7,100,999.0,True,0.0,20.0,0,10,0,False,False,0,DRY,NORMAL,10,0,100,False,0,BRIGHT,CLEAR,10,100,False,False,0,SAFE,SAFE,SAFE,10,0,100,False,0,10,0,12,100,100,False,False,False,False,True,False
21.55,39.26,4633,2,12,0,22.0,30.0,84096.7,100,999.0,True,0.0,20.0,0,10,0,False,False,0,DRY,NORMAL,10,0,100,False,0,BRIGHT,CLEAR,10,100,False,False,0,SAFE,SAFE,SAFE,10,0,100,False,0,10,0,12,100,100,False,False,False,False,True,False
21.6,40.28,4754,2,12,0,22.0,30.0,84096.7,100,999.0,True,0.0,20.0,0,10,0,False,False,0,DRY,NORMAL,10,0,100,False,0,BRIGHT,CLEAR,10,100,False,False,0,SAFE,SAFE,SAFE,10,0,100,False,0,10,0,12,100,100,False,False,False,False,True,False
21.65,41.16,4857,2,12,0,22.0,30.0,84096.7,100,999.0,True,0.0,20.0,0,10,0,False,False,0,DRY,NORMAL,10,0,100,False,0,BRIGHT,CLEAR,10,100,False,False,0,SAFE,SAFE,SAFE,10,0,100,False,0,10,0,12,100,100,False,False,False,False,True,False
21.7,42.16,4975,2,12,0,22.0,30.0,84096.7,100,999.0,True,0.0,20.0,0,10,0,False,False,0,DRY,NORMAL,10,0,100,False,0,BRIGHT,CLEAR,10,100,False,False,0,SAFE,SAFE,SAFE,10,0,100,False,0,10,0,12,100,100,False,False,False,False,True,False
21.75,43.07,5083,2,12,0,22.0,30.0,84096.7,100,999.0,True,0.0,20.0,0,10,0,False,False,0,DRY,NORMAL,10,0,100,False,0,BRIGHT,CLEAR,10,100,False,False,0,SAFE,SAFE,SAFE,10,0,100,False,0,10,0,12,100,100,False,False,False,False,True,False
21.8,44.05,5198,2,12,0,22.0,30.0,84096.7,100,999.0,True,0.0,20.0,0,10,0,False,False,0,DRY,NORMAL,10,0,100,False,0,BRIGHT,CLEAR,10,100,False,False,0,SAFE,SAFE,SAFE,10,0,100,False,0,10,0,12,100,100,False,False,False,False,True,False
21.85,44.99,5309,2,12,0,22.0,30.0,84096.7,100,999.0,True,0.0,20.0,0,10,0,False,False,0,DRY,NORMAL,10,0,100,False,0,BRIGHT,CLEAR,10,100,False,False,0,SAFE,SAFE,SAFE,10,0,100,False,0,10,0,12,100,100,False,False,False,False,True,False
21.9,45.94,5422,2,12,0,22.0,30.0,84096.7,100,999.0,True,0.0,20.0,0,10,0,False,False,0,DRY,NORMAL,10,0,100,False,0,BRIGHT,CLEAR,10,100,False,False,0,SAFE,SAFE,SAFE,10,0,100,False,0,10,0,12,100,100,False,False,False,False,True,False
21.95,46.9,5534,2,12,0,22.0,30.0,84096.7,100,999.0,True,0.0,20.0,0,10,0,False,False,0,DRY,NORMAL,10,0,100,False,0,BRIGHT,CLEAR,10,100,False,False,0,SAFE,SAFE,SAFE,10,0,100,False,0,10,0,12,100,100,False,False,False,False,True,False
22.0,47.86,5648,2,12,0,22.0,30.0,84096.7,100,999.0,True,0.0,20.0,0,10,0,False,False,0,DRY,NORMAL,10,0,100,False,0,BRIGHT,CLEAR,10,100,False,False,0,SAFE,SAFE,SAFE,10,0,100,False,0,10,0,12,100,100,False,False,False,False,True,False
22.05,48.82,5761,2,12,0,22.0,30.0,84096.7,100,999.0,True,0.0,20.0,0,10,0,False,False,0,DRY,NORMAL,10,0,100,False,0,BRIGHT,CLEAR,10,100,False,False,0,SAFE,SAFE,SAFE,10,0,100,False,0,10,0,12,100,100,False,False,False,False,True,False
22.1,49.79,5876,2,12,0,22.0,30.0,84096.7,100,999.0,True,0.0,20.0,0,10,0,False,False,0,DRY,NORMAL,10,0,100,False,0,BRIGHT,CLEAR,10,100,False,False,0,SAFE,SAFE,SAFE,10,0,100,False,0,10,0,12,100,100,False,False,False,False,True,False
22.15,50.76,5990,2,12,0,22.0,30.0,84096.7,100,999.0,True,0.0,20.0,0,10,0,False,False,0,DRY,NORMAL,10,0,100,False,0,BRIGHT,CLEAR,10,100,False,False,0,SAFE,SAFE,SAFE,10,0,100,False,0,10,0,12,100,100,False,False,False,False,True,False
22.2,51.74,6105,2,12,0,22.0,30.0,84096.7,100,999.0,True,0.0,20.0,0,10,0,False,False,0,DRY,NORMAL,10,0,100,False,0,BRIGHT,CLEAR,10,100,False,False,0,SAFE,SAFE,SAFE,10,0,100,False,0,10,0,12,100,100,False,False,False,False,True,False
22.25,52.71,6221,2,12,0,22.0,30.0,84096.7,100,999.0,True,0.0,20.0,0,10,0,False,False,0,DRY,NORMAL,10,0,100,False,0,BRIGHT,CLEAR,10,100,False,False,0,SAFE,SAFE,SAFE,10,0,100,False,0,10,0,12,100,100,False,False,False,False,True,False
22.3,53.69,6336,2,12,0,22.0,30.0,84096.7,100,999.0,True,0.0,20.0,0,10,0,False,False,0,DRY,NORMAL,10,0,100,False,0,BRIGHT,CLEAR,10,100,False,False,0,SAFE,SAFE,SAFE,10,0,100,False,0,10,0,12,100,100,False,False,False,False,True,False
22.35,54.66,6451,2,12,0,22.0,30.0,84096.7,100,999.0,True,0.0,20.0,0,10,0,False,False,0,DRY,NORMAL,10,0,100,False,0,BRIGHT,CLEAR,10,100,False,False,0,SAFE,SAFE,SAFE,10,0,100,False,0,10,0,12,100,100,False,False,False,False,True,False
22.4,55.64,6566,3,12,0,22.0,30.0,84096.7,100,999.0,True,0.0,20.0,0,10,0,False,False,0,DRY,NORMAL,10,0,100,False,0,BRIGHT,CLEAR,10,100,False,False,0,SAFE,SAFE,SAFE,10,0,100,False,0,10,0,12,100,100,False,False,False,False,True,False
22.45,56.79,4617,3,12,0,22.0,30.0,84096.7,100,999.0,True,0.0,20.0,0,10,0,False,False,0,DRY,NORMAL,10,0,100,False,0,BRIGHT,CLEAR,10,100,False,False,0,SAFE,SAFE,SAFE,10,0,100,False,0,10,0,12,100,100,False,False,False,False,True,False
22.5,57.81,4700,3,12,0,22.0,30.0,73104.8,100,999.0,True,0.0,20.0,0,10,0,False,False,0,DRY,NORMAL,10,0,100,False,0,BRIGHT,CLEAR,10,100,False,False,0,SAFE,SAFE,SAFE,10,0,100,False,0,10,0,12,100,100,False,False,False,False,True,False
22.55,58.71,4773,3,12,0,22.0,30.0,73104.8,100,999.0,True,0.0,20.0,0,10,0,False,False,0,DRY,NORMAL,10,0,100,False,0,BRIGHT,CLEAR,10,100,False,False,0,SAFE,SAFE,SAFE,10,0,100,False,0,10,0,12,100,100,False,False,False,False,True,False
22.6,59.52,4839,3,12,0,22.0,30.0,73104.8,100,999.0,True,0.0,20.0,0,10,0,False,False,0,DRY,NORMAL,10,0,100,False,0,BRIGHT,CLEAR,10,100,False,False,0,SAFE,SAFE,SAFE,10,0,100,False,0,10,0,12,100,100,False,False,False,False,True,False
22.65,60.29,4902,3,12,0,22.0,30.0,73104.8,100,999.0,True,0.0,20.0,0,10,0,False,False,0,DRY,NORMAL,10,0,100,False,0,BRIGHT,CLEAR,10,100,False,False,0,SAFE,SAFE,SAFE,10,0,100,False,0,10,0,12,100,100,False,False,False,False,True,False
22.7,61.02,4961,3,12,0,22.0,30.0,73104.8,100,999.0,True,0.0,20.0,0,10,0,False,False,0,DRY,NORMAL,10,0,100,False,0,BRIGHT,CLEAR,10,100,False,False,0,SAFE,SAFE,SAFE,10,0,100,False,0,10,0,12,100,100,False,False,False,False,True,False
22.75,61.72,5018,3,12,0,22.0,30.0,73104.8,100,999.0,True,0.0,20.0,0,10,0,False,False,0,DRY,NORMAL,10,0,100,False,0,BRIGHT,CLEAR,10,100,False,False,0,SAFE,SAFE,SAFE,10,0,100,False,0,10,0,12,100,100,False,False,False,False,True,False
22.8,62.41,5074,3,12,0,22.0,30.0,73104.8,100,999.0,True,0.0,20.0,0,10,0,False,False,0,DRY,NORMAL,10,0,100,False,0,BRIGHT,CLEAR,10,100,False,False,0,SAFE,SAFE,SAFE,10,0,100,False,0,10,0,12,100,100,False,False,False,False,True,False
22.85,63.09,5130,3,12,0,22.0,30.0,73104.8,100,999.0,True,0.0,20.0,0,10,0,False,False,0,DRY,NORMAL,10,0,100,False,0,BRIGHT,CLEAR,10,100,False,False,0,SAFE,SAFE,SAFE,10,0,100,False,0,10,0,12,100,100,False,False,False,False,True,False
22.9,63.77,5184,3,12,0,22.0,30.0,73104.8,100,999.0,True,0.0,20.0,0,10,0,False,False,0,DRY,NORMAL,10,0,100,False,0,BRIGHT,CLEAR,10,100,False,False,0,SAFE,SAFE,SAFE,10,0,100,False,0,10,0,12,100,100,False,False,False,False,True,False
22.95,64.44,5239,3,12,0,22.0,30.0,73104.8,100,999.0,True,0.0,20.0,0,10,0,False,False,0,DRY,NORMAL,10,0,100,False,0,BRIGHT,CLEAR,10,100,False,False,0,SAFE,SAFE,SAFE,10,0,100,False,0,10,0,12,100,100,False,False,False,False,True,False
23.0,65.11,5293,3,12,0,22.0,30.0,73104.8,100,999.0,True,0.0,20.0,0,10,0,False,False,0,DRY,NORMAL,10,0,100,False,0,BRIGHT,CLEAR,10,100,False,False,0,SAFE,SAFE,SAFE,10,0,100,False,0,10,0,12,100,100,False,False,False,False,True,False
23.05,65.77,5348,3,12,0,22.0,30.0,73104.8,100,999.0,True,0.0,20.0,0,10,0,False,False,0,DRY,NORMAL,10,0,100,False,0,BRIGHT,CLEAR,10,100,False,False,0,SAFE,SAFE,SAFE,10,0,100,False,0,10,0,12,100,100,False,False,False,False,True,False
23.1,66.44,5402,3,12,0,22.0,30.0,73104.8,100,999.0,True,0.0,20.0,0,10,0,False,False,0,DRY,NORMAL,10,0,100,False,0,BRIGHT,CLEAR,10,100,False,False,0,SAFE,SAFE,SAFE,10,0,100,False,0,10,0,12,100,100,False,False,False,False,True,False
23.15,67.11,5456,3,12,0,22.0,30.0,73104.8,100,999.0,True,0.0,20.0,0,10,0,False,False,0,DRY,NORMAL,10,0,100,False,0,BRIGHT,CLEAR,10,100,False,False,0,SAFE,SAFE,SAFE,10,0,100,False,0,10,0,12,100,100,False,False,False,False,True,False
23.2,67.78,5511,3,12,0,22.0,30.0,73104.8,100,999.0,True,0.0,20.0,0,10,0,False,False,0,DRY,NORMAL,10,0,100,False,0,BRIGHT,CLEAR,10,100,False,False,0,SAFE,SAFE,SAFE,10,0,100,False,0,10,0,12,100,100,False,False,False,False,True,False
23.25,68.45,5565,3,12,0,22.0,30.0,73104.8,100,999.0,True,0.0,20.0,0,10,0,False,False,0,DRY,NORMAL,10,0,100,False,0,BRIGHT,CLEAR,10,100,False,False,0,SAFE,SAFE,SAFE,10,0,100,False,0,10,0,12,100,100,False,False,False,False,True,False
23.3,69.12,5619,3,12,0,22.0,30.0,73104.8,100,999.0,True,0.0,20.0,0,10,0,False,False,0,DRY,NORMAL,10,0,100,False,0,BRIGHT,CLEAR,10,100,False,False,0,SAFE,SAFE,SAFE,10,0,100,False,0,10,0,12,100,100,False,False,False,False,True,False
23.35,69.79,5674,3,12,0,22.0,30.0,73104.8,100,999.0,True,0.0,20.0,0,10,0,False,False,0,DRY,NORMAL,10,0,100,False,0,BRIGHT,CLEAR,10,100,False,False,0,SAFE,SAFE,SAFE,10,0,100,False,0,10,0,12,100,100,False,False,False,False,True,False
23.4,70.46,5729,3,12,0,22.0,30.0,73104.8,100,999.0,True,0.0,20.0,0,10,0,False,False,0,DRY,NORMAL,10,0,100,False,0,BRIGHT,CLEAR,10,100,False,False,0,SAFE,SAFE,SAFE,10,0,100,False,0,10,0,12,100,100,False,False,False,False,True,False
23.45,71.14,5784,3,12,0,22.0,30.0,73104.8,100,999.0,True,0.0,20.0,0,10,0,False,False,0,DRY,NORMAL,10,0,100,False,0,BRIGHT,CLEAR,10,100,False,False,0,SAFE,SAFE,SAFE,10,0,100,False,0,10,0,12,100,100,False,False,False,False,True,False
23.5,71.81,5838,3,12,0,22.0,30.0,73104.8,100,999.0,True,0.0,20.0,0,10,0,False,False,0,DRY,NORMAL,10,0,100,False,0,BRIGHT,CLEAR,10,100,False,False,0,SAFE,SAFE,SAFE,10,0,100,False,0,10,0,12,100,100,False,False,False,False,True,False
23.55,72.49,5893,3,12,0,22.0,30.0,73104.8,100,999.0,True,0.0,20.0,0,10,0,False,False,0,DRY,NORMAL,10,0,100,False,0,BRIGHT,CLEAR,10,100,False,False,0,SAFE,SAFE,SAFE,10,0,100,False,0,10,0,12,100,100,False,False,False,False,True,False
23.6,73.17,5949,3,12,0,22.0,30.0,73104.8,100,999.0,True,0.0,20.0,0,10,0,False,False,0,DRY,NORMAL,10,0,100,False,0,BRIGHT,CLEAR,10,100,False,False,0,SAFE,SAFE,SAFE,10,0,100,False,0,10,0,12,100,100,False,False,False,False,True,False
23.65,73.84,6004,3,12,0,22.0,30.0,73104.8,100,999.0,True,0.0,20.0,0,10,0,False,False,0,DRY,NORMAL,10,0,100,False,0,BRIGHT,CLEAR,10,100,False,False,0,SAFE,SAFE,SAFE,10,0,100,False,0,10,0,12,100,100,False,False,False,False,True,False
23.7,74.52,6059,3,12,0,22.0,30.0,73104.8,100,999.0,True,0.0,20.0,0,10,0,False,False,0,DRY,NORMAL,10,0,100,False,0,BRIGHT,CLEAR,10,100,False,False,0,SAFE,SAFE,SAFE,10,0,100,False,0,10,0,12,100,100,False,False,False,False,True,False
23.75,75.2,6114,3,12,0,22.0,30.0,73104.8,100,999.0,True,0.0,20.0,0,10,0,False,False,0,DRY,NORMAL,10,0,100,False,0,BRIGHT,CLEAR,10,100,False,False,0,SAFE,SAFE,SAFE,10,0,100,False,0,10,0,12,100,100,False,False,False,False,True,False
23.8,75.88,6169,3,12,0,22.0,30.0,73104.8,100,999.0,True,0.0,20.0,0,10,0,False,False,0,DRY,NORMAL,10,0,100,False,0,BRIGHT,CLEAR,10,100,False,False,0,SAFE,SAFE,SAFE,10,0,100,False,0,10,0,12,100,100,False,False,False,False,True,False
23.85,76.56,6225,3,12,0,22.0,30.0,73104.8,100,999.0,True,0.0,20.0,0,10,0,False,False,0,DRY,NORMAL,10,0,100,False,0,BRIGHT,CLEAR,10,100,False,False,0,SAFE,SAFE,SAFE,10,0,100,False,0,10,0,12,100,100,False,False,False,False,True,False
23.9,77.24,6280,3,12,0,22.0,30.0,73104.8,100,999.0,True,0.0,20.0,0,10,0,False,False,0,DRY,NORMAL,10,0,100,False,0,BRIGHT,CLEAR,10,100,False,False,0,SAFE,SAFE,SAFE,10,0,100,False,0,10,0,12,100,100,False,False,False,False,True,False
23.95,77.91,6335,3,12,0,22.0,30.0,73104.8,100,999.0,True,0.0,20.0,0,10,0,False,False,0,DRY,NORMAL,10,0,100,False,0,BRIGHT,CLEAR,10,100,False,False,0,SAFE,SAFE,SAFE,10,0,100,False,0,10,0,12,100,100,False,False,False,False,True,False
24.0,78.59,6390,3,12,0,22.0,30.0,62202.5,100,999.0,True,0.0,20.0,0,10,0,False,False,0,DRY,NORMAL,10,0,100,False,0,BRIGHT,CLEAR,10,100,False,False,0,SAFE,SAFE,SAFE,10,0,100,False,0,10,0,12,100,100,False,False,False,False,True,False
24.05,79.26,6444,3,12,0,22.0,30.0,62202.5,100,999.0,True,0.0,20.0,0,10,0,False,False,0,DRY,NORMAL,10,0,100,False,0,BRIGHT,CLEAR,10,100,False,False,0,SAFE,SAFE,SAFE,10,0,100,False,0,10,0,12,100,100,False,False,False,False,True,False
24.1,79.94,6499,3,12,0,22.0,30.0,62202.5,100,999.0,True,0.0,20.0,0,10,0,False,False,0,DRY,NORMAL,10,0,100,False,0,BRIGHT,CLEAR,10,100,False,False,0,SAFE,SAFE,SAFE,10,0,100,False,0,10,0,12,100,100,False,False,False,False,True,False
24.15,80.61,6554,4,12,0,22.0,30.0,62202.5,100,999.0,True,0.0,20.0,0,10,0,False,False,0,DRY,NORMAL,10,0,100,False,0,BRIGHT,CLEAR,10,100,False,False,0,SAFE,SAFE,SAFE,10,0,100,False,0,10,0,12,100,100,False,False,False,False,True,False
24.2,81.38,4606,4,12,0,22.0,30.0,62202.5,100,999.0,True,0.0,20.0,0,10,0,False,False,0,DRY,NORMAL,10,0,100,False,0,BRIGHT,CLEAR,10,100,False,False,0,SAFE,SAFE,SAFE,10,0,100,False,0,10,0,12,100,100,False,False,False,False,True,False
24.25,82.06,4645,4,12,0,22.0,30.0,62202.5,100,999.0,True,0.0,20.0,0,10,0,False,False,0,DRY,NORMAL,10,0,100,False,0,BRIGHT,CLEAR,10,100,False,False,0,SAFE,SAFE,SAFE,10,0,100,False,0,10,0,12,100,100,False,False,False,False,True,False
24.3,82.65,4678,4,12,0,22.0,30.0,62202.5,100,999.0,True,0.0,20.0,0,10,0,False,False,0,DRY,NORMAL,10,0,100,False,0,BRIGHT,CLEAR,10,100,False,False,0,SAFE,SAFE,SAFE,10,0,100,False,0,10,0,12,100,100,False,False,False,False,True,False
24.35,83.17,4708,4,12,0,22.0,30.0,62202.5,100,999.0,True,0.0,20.0,0,10,0,False,False,0,DRY,NORMAL,10,0,100,False,0,BRIGHT,CLEAR,10,100,False,False,0,SAFE,SAFE,SAFE,10,0,100,False,0,10,0,12,100,100,False,False,False,False,True,False
24.4,83.66,4735,4,12,0,22.0,30.0,62202.5,100,999.0,True,0.0,20.0,0,10,0,False,False,0,DRY,NORMAL,10,0,100,False,0,BRIGHT,CLEAR,10,100,False,False,0,SAFE,SAFE,SAFE,10,0,100,False,0,10,0,12,100,100,False,False,False,False,True,False
24.45,84.12,4762,4,12,0,22.0,30.0,62202.5,100,999.0,True,0.0,20.0,0,10,0,False,False,0,DRY,NORMAL,10,0,100,False,0,BRIGHT,CLEAR,10,100,False,False,0,SAFE,SAFE,SAFE,10,0,100,False,0,10,0,12,100,100,False,False,False,False,True,False
24.5,84.57,4787,4,12,0,22.0,30.0,62202.5,100,999.0,True,0.0,20.0,0,10,0,False,False,0,DRY,NORMAL,10,0,100,False,0,BRIGHT,CLEAR,10,100,False,False,0,SAFE,SAFE,SAFE,10,0,100,False,0,0,0,12,100,73.47,False,False,False,False,True,False
24.55,84.85,4803,4,12,0,22.0,30.0,62202.5,100,999.0,True,0.0,20.0,0,10,0,False,False,0,DRY,NORMAL,10,0,100,False,0,BRIGHT,CLEAR,10,100,False,False,0,SAFE,SAFE,SAFE,10,0,100,False,0,0,0,12,100,73.47,False,False,False,False,True,False
24.6,84.91,4806,4,12,0,22.0,30.0,62202.5,100,999.0,True,0.0,20.0,0,10,0,False,False,0,DRY,NORMAL,10,0,100,False,0,BRIGHT,CLEAR,10,100,False,False,0,SAFE,SAFE,SAFE,10,0,100,False,0,0,0,12,100,73.47,False,False,False,False,True,False
