Time,Speed,RPM,Gear,Steering,Weather,Temperature,Humidity,Lux,RoadSpeedLimit,FrontDistance,DistanceOverRange,ClosingSpeed,TTC,TTCRisk,TTCThrottle,TTCBrake,TTCGearDown,TTCHazard,RoadRisk,RoadSurfaceGrade,RoadShockGrade,RoadThrottle,RoadBrake,RoadSpeedLimitCmd,RoadGearDown,VisionRisk,VisionLuxGrade,VisionWeatherGrade,VisionThrottle,VisionSpeedLimitCmd,VisionHeadlight,VisionHazard,PostureRisk,PostureRollGrade,PostureYawGrade,PostureLateralGrade,PostureThrottle,PostureBrake,PostureSteerRateLimit,PostureGearDown,FinalRisk,FinalThrottle,FinalBrake,FinalSteering,FinalSteerRateLimit,FinalSpeedLimit,FinalGearDown,Headlight,Hazard,ManualMode,AutonomousControl,EmergencyStop
0.03,1.18,800,1,12,0,22.0,30.0,10924.2,30.0,999.0,True,0.0,20.0,0,10,0,False,False,0,DRY,NORMAL,10,0,30.0,False,0,DIM,CLEAR,10,30.0,True,False,0,SAFE,SAFE,SAFE,10,0,100,False,0,10,0,12,100,30.0,False,True,False,False,True,False
0.07,2.35,800,1,12,0,22.0,30.0,10921.1,30.0,999.0,True,0.0,20.0,0,10,0,False,False,0,DRY,NORMAL,10,0,30.0,False,0,DIM,CLEAR,10,30.0,True,False,0,SAFE,SAFE,SAFE,10,0,100,False,0,10,0,12,100,30.0,False,True,False,False,True,False
0.1,3.53,1146,1,12,0,22.0,30.0,10932.3,30.0,999.0,True,0.0,20.0,0,10,0,False,False,0,DRY,NORMAL,10,0,30.0,False,0,DIM,CLEAR,10,30.0,True,False,0,SAFE,SAFE,SAFE,10,0,100,False,0,10,0,12,100,30.0,False,True,False,False,True,False
0.13,4.7,1528,1,12,0,22.0,30.0,10971.4,30.0,999.0,True,0.0,20.0,0,10,0,False,False,0,DRY,NORMAL,10,0,30.0,False,0,DIM,CLEAR,10,30.0,True,False,0,SAFE,SAFE,SAFE,10,0,100,False,0,10,0,12,100,30.0,False,True,False,False,True,False
0.17,5.88,1910,1,12,0,22.0,30.0,10940.6,30.0,999.0,True,0.0,20.0,0,10,0,False,False,0,DRY,NORMAL,10,0,30.0,False,0,DIM,CLEAR,10,30.0,True,False,0,SAFE,SAFE,SAFE,10,0,100,False,0,10,0,12,100,30.0,False,True,False,False,True,False
0.2,7.06,2292,1,12,0,22.0,30.0,10852.7,30.0,999.0,True,0.0,20.0,0,10,0,False,False,0,DRY,NORMAL,10,0,30.0,False,0,DIM,CLEAR,10,30.0,True,False,0,SAFE,SAFE,SAFE,10,0,100,False,0,10,0,12,100,30.0,False,True,False,False,True,False
0.23,5.13,1666,1,12,0,22.0,30.0,10859.2,30.0,999.0,True,0.0,20.0,0,10,0,False,False,0,DRY,NORMAL,10,0,30.0,False,0,DIM,CLEAR,10,30.0,True,False,0,SAFE,SAFE,SAFE,10,0,100,False,0,10,0,12,100,30.0,False,True,False,False,True,False
0.27,3.31,1074,1,12,0,22.0,30.0,10909.5,30.0,999.0,True,0.0,20.0,0,10,0,False,False,0,DRY,NORMAL,10,0,30.0,False,0,DIM,CLEAR,10,30.0,True,False,0,SAFE,SAFE,SAFE,10,0,100,False,0,10,0,12,100,30.0,False,True,False,False,True,False
0.3,1.94,800,1,12,0,22.0,30.0,10952.6,30.0,999.0,True,0.0,20.0,0,10,0,False,False,0,DRY,NORMAL,10,0,30.0,False,0,DIM,CLEAR,10,30.0,True,False,0,SAFE,SAFE,SAFE,10,0,100,False,0,10,0,12,100,30.0,False,True,False,False,True,False
0.33,1.4,800,1,12,0,22.0,30.0,10887.3,30.0,999.0,True,0.0,20.0,0,10,0,False,False,0,DRY,NORMAL,10,0,30.0,False,0,DIM,CLEAR,10,30.0,True,False,0,SAFE,SAFE,SAFE,10,0,100,False,0,10,0,12,100,30.0,False,True,False,False,True,False
0.37,1.65,800,1,12,0,22.0,30.0,10933.0,30.0,999.0,True,0.0,20.0,0,10,0,False,False,0,DRY,NORMAL,10,0,30.0,False,0,DIM,CLEAR,10,30.0,True,False,0,SAFE,SAFE,SAFE,10,0,100,False,0,10,0,12,100,30.0,False,True,False,False,True,False
0.4,2.17,800,1,12,0,22.0,30.0,10852.8,30.0,999.0,True,0.0,20.0,0,10,0,False,False,0,DRY,NORMAL,10,0,30.0,False,0,DIM,CLEAR,10,30.0,True,False,0,SAFE,SAFE,SAFE,10,0,100,False,0,10,0,12,100,30.0,False,True,False,False,True,False
0.43,2.75,892,1,12,0,22.0,30.0,10852.8,30.0,999.0,True,0.0,20.0,0,10,0,False,False,0,DRY,NORMAL,10,0,30.0,False,0,DIM,CLEAR,10,30.0,True,False,0,SAFE,SAFE,SAFE,10,0,100,False,0,10,0,12,100,30.0,False,True,False,False,True,False
0.47,3.16,1026,1,12,0,22.0,30.0,10877.1,30.0,999.0,True,0.0,20.0,0,10,0,False,False,0,DRY,NORMAL,10,0,30.0,False,0,DIM,CLEAR,10,30.0,True,False,0,SAFE,SAFE,SAFE,10,0,100,False,0,10,0,12,100,30.0,False,True,False,False,True,False
0.5,3.77,1225,1,12,0,22.0,30.0,10927.5,30.0,999.0,True,0.0,20.0,0,10,0,False,False,0,DRY,NORMAL,10,0,30.0,False,0,DIM,CLEAR,10,30.0,True,False,0,SAFE,SAFE,SAFE,10,0,100,False,0,10,0,12,100,30.0,False,True,False,False,True,False
0.53,4.25,1379,1,12,0,22.0,30.0,11031.2,30.0,999.0,True,0.0,20.0,0,10,0,False,False,0,DRY,NORMAL,10,0,30.0,False,0,DIM,CLEAR,10,30.0,True,False,0,SAFE,SAFE,SAFE,10,0,100,False,0,10,0,12,100,30.0,False,True,False,False,True,False
0.57,4.69,1523,1,12,0,22.0,30.0,11039.0,30.0,999.0,True,0.0,20.0,0,10,0,False,False,0,DRY,NORMAL,10,0,30.0,False,0,DIM,CLEAR,10,30.0,True,False,0,SAFE,SAFE,SAFE,10,0,100,False,0,10,0,12,100,30.0,False,True,False,False,True,False
0.6,5.2,1690,1,12,0,22.0,30.0,10967.1,30.0,999.0,True,0.0,20.0,0,10,0,False,False,0,DRY,NORMAL,10,0,30.0,False,0,DIM,CLEAR,10,30.0,True,False,0,SAFE,SAFE,SAFE,10,0,100,False,0,10,0,12,100,30.0,False,True,False,False,True,False
0.63,5.7,1851,1,12,0,22.0,30.0,10924.9,30.0,999.0,True,0.0,20.0,0,10,0,False,False,0,DRY,NORMAL,10,0,30.0,False,0,DIM,CLEAR,10,30.0,True,False,0,SAFE,SAFE,SAFE,10,0,100,False,0,10,0,12,100,30.0,False,True,False,False,True,False
0.67,6.19,2009,1,12,0,22.0,30.0,10929.6,30.0,999.0,True,0.0,20.0,0,10,0,False,False,0,DRY,NORMAL,10,0,30.0,False,0,DIM,CLEAR,10,30.0,True,False,0,SAFE,SAFE,SAFE,10,0,100,False,0,10,0,12,100,30.0,False,True,False,False,True,False
0.7,6.67,2167,1,12,0,22.0,30.0,11008.3,30.0,999.0,True,0.0,20.0,0,10,0,False,False,0,DRY,NORMAL,10,0,30.0,False,0,DIM,CLEAR,10,30.0,True,False,0,SAFE,SAFE,SAFE,10,0,100,False,0,10,0,12,100,30.0,False,True,False,False,True,False
0.73,7.15,2323,1,12,0,22.0,30.0,10998.1,30.0,999.0,True,0.0,20.0,0,10,0,False,False,0,DRY,NORMAL,10,0,30.0,False,0,DIM,CLEAR,10,30.0,True,False,0,SAFE,SAFE,SAFE,10,0,100,False,0,10,0,12,100,30.0,False,True,False,False,True,False
0.77,7.63,2478,1,12,0,22.0,30.0,10865.8,30.0,999.0,True,0.0,20.0,0,10,0,False,False,0,DRY,NORMAL,10,0,30.0,False,0,DIM,CLEAR,10,30.0,True,False,0,SAFE,SAFE,SAFE,10,0,100,False,0,10,0,12,100,30.0,False,True,False,False,True,False
0.8,8.1,2632,1,12,0,22.0,30.0,11042.6,30.0,999.0,True,0.0,20.0,0,10,0,False,False,0,DRY,NORMAL,10,0,30.0,False,0,DIM,CLEAR,10,30.0,True,False,0,SAFE,SAFE,SAFE,10,0,100,False,0,10,0,12,100,30.0,False,True,False,False,True,False
0.83,8.57,2785,1,12,0,22.0,30.0,10918.5,30.0,999.0,True,0.0,20.0,0,10,0,False,False,0,DRY,NORMAL,10,0,30.0,False,0,DIM,CLEAR,10,30.0,True,False,0,SAFE,SAFE,SAFE,10,0,100,False,0,10,0,12,100,30.0,False,True,False,False,True,False
0.87,8.99,2920,1,12,0,22.0,30.0,10900.7,30.0,999.0,True,0.0,20.0,0,10,0,False,False,0,DRY,NORMAL,10,0,30.0,False,0,DIM,CLEAR,10,30.0,True,False,0,SAFE,SAFE,SAFE,10,0,100,False,0,10,0,12,100,30.0,False,True,False,False,True,False
0.9,9.43,3064,1,12,0,22.0,30.0,11011.0,30.0,999.0,True,0.0,20.0,0,10,0,False,False,0,DRY,NORMAL,10,0,30.0,False,0,DIM,CLEAR,10,30.0,True,False,0,SAFE,SAFE,SAFE,10,0,100,False,0,10,0,12,100,30.0,False,True,False,False,True,False
0.93,9.88,3211,1,12,0,22.0,30.0,10864.8,30.0,999.0,True,0.0,20.0,0,10,0,False,False,0,DRY,NORMAL,10,0,30.0,False,0,DIM,CLEAR,10,30.0,True,False,0,SAFE,SAFE,SAFE,10,0,100,False,0,10,0,12,100,30.0,False,True,False,False,True,False
0.97,10.35,3361,1,12,0,22.0,30.0,11027.3,30.0,999.0,True,0.0,20.0,0,10,0,False,False,0,DRY,NORMAL,10,0,30.0,False,0,DIM,CLEAR,10,30.0,True,False,0,SAFE,SAFE,SAFE,10,0,100,False,0,10,0,12,100,30.0,False,True,False,False,True,False
1.0,10.82,3513,1,12,0,22.0,30.0,9715.5,30.0,999.0,True,0.0,20.0,0,10,0,False,False,0,DRY,NORMAL,10,0,30.0,False,0,DIM,CLEAR,10,30.0,True,False,0,SAFE,SAFE,SAFE,10,0,100,False,0,10,0,12,100,30.0,False,True,False,False,True,False
1.03,11.28,3665,1,12,0,22.0,30.0,9681.7,30.0,999.0,True,0.0,20.0,0,10,0,False,False,0,DRY,NORMAL,10,0,30.0,False,0,DIM,CLEAR,10,30.0,True,False,0,SAFE,SAFE,SAFE,10,0,100,False,0,10,0,12,100,30.0,False,True,False,False,True,False
1.07,11.75,3816,1,12,0,22.0,30.0,9583.2,30.0,999.0,True,0.0,20.0,0,10,0,False,False,0,DRY,NORMAL,10,0,30.0,False,0,DIM,CLEAR,10,30.0,True,False,0,SAFE,SAFE,SAFE,10,0,100,False,0,10,0,12,100,30.0,False,True,False,False,True,False
1.1,12.21,3965,1,12,0,22.0,30.0,9632.9,30.0,999.0,True,0.0,20.0,0,10,0,False,False,0,DRY,NORMAL,10,0,30.0,False,0,DIM,CLEAR,10,30.0,True,False,0,SAFE,SAFE,SAFE,10,0,100,False,0,10,0,12,100,30.0,False,True,False,False,True,False
1.13,12.66,4113,1,12,0,22.0,30.0,9619.1,30.0,999.0,True,0.0,20.0,0,10,0,False,False,0,DRY,NORMAL,10,0,30.0,False,0,DIM,CLEAR,10,30.0,True,False,0,SAFE,SAFE,SAFE,10,0,100,False,0,10,0,12,100,30.0,False,True,False,False,True,False
1.17,13.11,4259,1,12,0,22.0,30.0,9594.2,30.0,999.0,True,0.0,20.0,0,10,0,False,False,0,DRY,NORMAL,10,0,30.0,False,0,DIM,CLEAR,10,30.0,True,False,0,SAFE,SAFE,SAFE,10,0,100,False,0,10,0,12,100,30.0,False,True,False,False,True,False
1.2,13.56,4406,1,12,0,22.0,30.0,9624.2,30.0,999.0,True,0.0,20.0,0,10,0,False,False,0,DRY,NORMAL,10,0,30.0,False,0,DIM,CLEAR,10,30.0,True,False,0,SAFE,SAFE,SAFE,10,0,100,False,0,10,0,12,100,30.0,False,True,False,False,True,False
1.23,14.01,4552,1,12,0,22.0,30.0,9767.6,30.0,999.0,True,0.0,20.0,0,10,0,False,False,0,DRY,NORMAL,10,0,30.0,False,0,DIM,CLEAR,10,30.0,True,False,0,SAFE,SAFE,SAFE,10,0,100,False,0,10,0,12,100,30.0,False,True,False,False,True,False
1.27,14.47,4700,1,12,0,22.0,30.0,9650.2,30.0,999.0,True,0.0,20.0,0,10,0,False,False,0,DRY,NORMAL,10,0,30.0,False,0,DIM,CLEAR,10,30.0,True,False,0,SAFE,SAFE,SAFE,10,0,100,False,0,10,0,12,100,30.0,False,True,False,False,True,False
1.3,14.93,4850,1,12,0,22.0,30.0,9593.9,30.0,999.0,True,0.0,20.0,0,10,0,False,False,0,DRY,NORMAL,10,0,30.0,False,0,DIM,CLEAR,10,30.0,True,False,0,SAFE,SAFE,SAFE,10,0,100,False,0,10,0,12,100,30.0,False,True,False,False,True,False
1.33,15.4,5003,1,12,0,22.0,30.0,9597.0,30.0,999.0,True,0.0,20.0,0,10,0,False,False,0,DRY,NORMAL,10,0,30.0,False,0,DIM,CLEAR,10,30.0,True,False,0,SAFE,SAFE,SAFE,10,0,100,False,0,10,0,12,100,30.0,False,True,False,False,True,False
1.37,15.88,5160,1,12,0,22.0,30.0,9630.5,30.0,999.0,True,0.0,20.0,0,10,0,False,False,0,DRY,NORMAL,10,0,30.0,False,0,DIM,CLEAR,10,30.0,True,False,0,SAFE,SAFE,SAFE,10,0,100,False,0,10,0,12,100,30.0,False,True,False,False,True,False
1.4,16.38,5321,1,12,0,22.0,30.0,9642.1,30.0,999.0,True,0.0,20.0,0,10,0,False,False,0,DRY,NORMAL,10,0,30.0,False,0,DIM,CLEAR,10,30.0,True,False,0,SAFE,SAFE,SAFE,10,0,100,False,0,10,0,12,100,30.0,False,True,False,False,True,False
1.43,16.89,5486,1,12,0,22.0,30.0,9753.6,30.0,999.0,True,0.0,20.0,0,10,0,False,False,0,DRY,NORMAL,10,0,30.0,False,0,DIM,CLEAR,10,30.0,True,False,0,SAFE,SAFE,SAFE,10,0,100,False,0,10,0,12,100,30.0,False,True,False,False,True,False
1.47,17.41,5655,1,12,0,22.0,30.0,9628.7,30.0,999.0,True,0.0,20.0,0,10,0,False,False,0,DRY,NORMAL,10,0,30.0,False,0,DIM,CLEAR,10,30.0,True,False,0,SAFE,SAFE,SAFE,10,0,100,False,0,10,0,12,100,30.0,False,True,False,False,True,False
1.5,17.94,5830,1,12,0,22.0,30.0,9662.0,30.0,999.0,True,0.0,20.0,0,10,0,False,False,0,DRY,NORMAL,10,0,30.0,False,0,DIM,CLEAR,10,30.0,True,False,0,SAFE,SAFE,SAFE,10,0,100,False,0,10,0,12,100,30.0,False,True,False,False,True,False
1.53,18.5,6009,1,12,0,22.0,30.0,9781.3,30.0,999.0,True,0.0,20.0,0,10,0,False,False,0,DRY,NORMAL,10,0,30.0,False,0,DIM,CLEAR,10,30.0,True,False,0,SAFE,SAFE,SAFE,10,0,100,False,0,10,0,12,100,30.0,False,True,False,False,True,False
1.57,19.03,6184,1,12,0,22.0,30.0,9624.7,30.0,999.0,True,0.0,20.0,0,10,0,False,False,0,DRY,NORMAL,10,0,30.0,False,0,DIM,CLEAR,10,30.0,True,False,0,SAFE,SAFE,SAFE,10,0,100,False,0,10,0,12,100,30.0,False,True,False,False,True,False
1.6,19.19,6235,1,12,0,22.0,30.0,9584.6,30.0,999.0,True,0.0,20.0,0,10,0,False,False,0,DRY,NORMAL,10,0,30.0,False,0,DIM,CLEAR,10,30.0,True,False,0,SAFE,SAFE,SAFE,10,0,100,False,0,10,0,12,100,30.0,False,True,False,False,True,False
1.63,19.55,6350,1,12,0,22.0,30.0,9587.6,30.0,999.0,True,0.0,20.0,0,10,0,False,False,0,DRY,NORMAL,10,0,30.0,False,0,DIM,CLEAR,10,30.0,True,False,0,SAFE,SAFE,SAFE,10,0,100,False,0,10,0,12,100,30.0,False,True,False,False,True,False
1.67,19.99,6495,1,12,0,22.0,30.0,9633.3,30.0,999.0,True,0.0,20.0,0,10,0,False,False,0,DRY,NORMAL,10,0,30.0,False,0,DIM,CLEAR,10,30.0,True,False,0,SAFE,SAFE,SAFE,10,0,100,False,0,10,0,12,100,30.0,False,True,False,False,True,False
1.7,20.54,6671,2,12,0,22.0,30.0,9689.3,30.0,999.0,True,0.0,20.0,0,10,0,False,False,0,DRY,NORMAL,10,0,30.0,False,0,DIM,CLEAR,10,30.0,True,False,0,SAFE,SAFE,SAFE,10,0,100,False,0,10,0,12,100,30.0,False,True,False,False,True,False
1.73,21.48,2535,2,12,0,22.0,30.0,9756.7,30.0,999.0,True,0.0,20.0,0,10,0,False,False,0,DRY,NORMAL,10,0,30.0,False,0,DIM,CLEAR,10,30.0,True,False,2,SAFE,SAFE,DANGER,0,1,60,False,2,0,1,12,60,30.0,False,True,False,False,True,False
1.77,22.15,2613,2,12,0,22.0,30.0,9643.9,30.0,999.0,True,0.0,20.0,0,10,0,False,False,0,DRY,NORMAL,10,0,30.0,False,0,DIM,CLEAR,10,30.0,True,False,0,SAFE,SAFE,CAUTION,7,0,80,False,0,7,0,12,80,30.0,False,True,False,False,True,False
1.8,22.8,2690,2,12,0,22.0,30.0,9705.5,30.0,999.0,True,0.0,20.0,0,10,0,False,False,0,DRY,NORMAL,10,0,30.0,False,0,DIM,CLEAR,10,30.0,True,False,0,SAFE,SAFE,CAUTION,7,0,80,False,0,7,0,12,80,30.0,False,True,False,False,True,False
1.83,23.35,2755,2,12,0,22.0,30.0,9725.1,30.0,999.0,True,0.0,20.0,0,10,0,False,False,0,DRY,NORMAL,10,0,30.0,False,0,DIM,CLEAR,10,30.0,True,False,0,SAFE,SAFE,SAFE,10,0,100,False,0,10,0,12,100,30.0,False,True,False,False,True,False
1.87,23.83,2812,2,12,0,22.0,30.0,9725.9,30.0,999.0,True,0.0,20.0,0,10,0,False,False,0,DRY,NORMAL,10,0,30.0,False,0,DIM,CLEAR,10,30.0,True,False,0,SAFE,SAFE,SAFE,10,0,100,False,0,10,0,12,100,30.0,False,True,False,False,True,False
1.9,24.28,2865,2,12,0,22.0,30.0,9781.2,30.0,999.0,True,0.0,20.0,0,10,0,False,False,0,DRY,NORMAL,10,0,30.0,False,0,DIM,CLEAR,10,30.0,True,False,0,SAFE,SAFE,SAFE,10,0,100,False,0,10,0,12,100,30.0,False,True,False,False,True,False
1.93,24.74,2919,2,12,0,22.0,30.0,9632.9,30.0,999.0,True,0.0,20.0,0,10,0,False,False,0,DRY,NORMAL,10,0,30.0,False,0,DIM,CLEAR,10,30.0,True,False,0,SAFE,SAFE,SAFE,10,0,100,False,0,10,0,12,100,30.0,False,True,False,False,True,False
1.97,25.2,2973,2,12,0,22.0,30.0,9694.6,30.0,999.0,True,0.0,20.0,0,10,0,False,False,0,DRY,NORMAL,10,0,30.0,False,0,DIM,CLEAR,10,30.0,True,False,0,SAFE,SAFE,SAFE,10,0,100,False,0,10,0,12,100,30.0,False,True,False,False,True,False
2.0,25.65,3027,2,12,0,22.0,30.0,10262.2,30.0,999.0,True,0.0,20.0,0,10,0,False,False,0,DRY,NORMAL,10,0,30.0,False,0,DIM,CLEAR,10,30.0,True,False,0,SAFE,SAFE,SAFE,10,0,100,False,0,10,0,12,100,30.0,False,True,False,False,True,False
2.03,26.11,3081,2,12,0,22.0,30.0,10314.8,30.0,999.0,True,0.0,20.0,0,10,0,False,False,0,DRY,NORMAL,10,0,30.0,False,0,DIM,CLEAR,10,30.0,True,False,0,SAFE,SAFE,SAFE,10,0,100,False,0,10,0,12,100,30.0,False,True,False,False,True,False
2.07,26.58,3136,2,12,0,22.0,30.0,10404.2,30.0,999.0,True,0.0,20.0,0,10,0,False,False,0,DRY,NORMAL,10,0,30.0,False,0,DIM,CLEAR,10,30.0,True,False,0,SAFE,SAFE,SAFE,10,0,100,False,0,10,0,12,100,30.0,False,True,False,False,True,False
2.1,27.04,3191,2,12,0,22.0,30.0,10310.7,30.0,999.0,True,0.0,20.0,0,10,0,False,False,0,DRY,NORMAL,10,0,30.0,False,0,DIM,CLEAR,10,30.0,True,False,0,SAFE,SAFE,SAFE,10,0,100,False,0,10,0,12,100,30.0,False,True,False,False,True,False
2.13,27.51,3246,2,12,0,22.0,30.0,10391.3,30.0,999.0,True,0.0,20.0,0,10,0,False,False,0,DRY,NORMAL,10,0,30.0,False,0,DIM,CLEAR,10,30.0,True,False,0,SAFE,SAFE,SAFE,10,0,100,False,0,10,0,12,100,30.0,False,True,False,False,True,False
2.17,27.98,3302,2,12,0,22.0,30.0,10398.9,30.0,999.0,True,0.0,20.0,0,10,0,False,False,0,DRY,NORMAL,10,0,30.0,False,0,DIM,CLEAR,10,30.0,True,False,0,SAFE,SAFE,SAFE,10,0,100,False,0,10,0,12,100,30.0,False,True,False,False,True,False
2.2,28.46,3358,2,12,0,22.0,30.0,10313.0,30.0,999.0,True,0.0,20.0,0,10,0,False,False,0,DRY,NORMAL,10,0,30.0,False,0,DIM,CLEAR,10,30.0,True,False,0,SAFE,SAFE,SAFE,10,0,100,False,0,10,0,12,100,30.0,False,True,False,False,True,False
2.23,28.94,3415,2,12,0,22.0,30.0,10373.9,30.0,999.0,True,0.0,20.0,0,10,0,False,False,0,DRY,NORMAL,10,0,30.0,False,0,DIM,CLEAR,10,30.0,True,False,0,SAFE,SAFE,SAFE,10,0,100,False,0,10,0,12,100,30.0,False,True,False,False,True,False
2.27,29.43,3472,2,12,0,22.0,30.0,10385.5,30.0,999.0,True,0.0,20.0,0,10,0,False,False,0,DRY,NORMAL,10,0,30.0,False,0,DIM,CLEAR,10,30.0,True,False,0,SAFE,SAFE,SAFE,10,0,100,False,0,10,0,12,100,30.0,False,True,False,False,True,False
2.3,29.92,3530,2,12,0,22.0,30.0,10236.4,30.0,999.0,True,0.0,20.0,0,10,0,False,False,0,DRY,NORMAL,10,0,30.0,False,0,DIM,CLEAR,10,30.0,True,False,0,SAFE,SAFE,SAFE,10,0,100,False,0,10,0,12,100,30.0,False,True,False,False,True,False
2.33,30.41,3589,2,12,0,22.0,30.0,10278.5,30.0,999.0,True,0.0,20.0,0,10,0,False,False,0,DRY,NORMAL,10,0,30.0,False,0,DIM,CLEAR,10,30.0,True,False,0,SAFE,SAFE,SAFE,10,0,100,False,0,10,0,12,100,30.0,False,True,False,False,True,False
2.37,30.9,3646,2,12,0,22.0,30.0,10367.8,30.0,999.0,True,0.0,20.0,0,10,0,False,False,0,DRY,NORMAL,10,0,30.0,False,0,DIM,CLEAR,10,30.0,True,False,0,SAFE,SAFE,SAFE,10,0,100,False,0,10,0,12,100,30.0,False,True,False,False,True,False
2.4,31.31,3694,2,12,0,22.0,30.0,10371.9,30.0,999.0,True,0.0,20.0,0,10,0,False,False,0,DRY,NORMAL,10,0,30.0,False,0,DIM,CLEAR,10,30.0,True,False,0,SAFE,SAFE,SAFE,10,0,100,False,0,10,0,12,100,30.0,False,True,False,False,True,False
2.43,31.59,3727,2,12,0,22.0,30.0,10247.0,30.0,999.0,True,0.0,20.0,0,10,0,False,False,0,DRY,NORMAL,10,0,30.0,False,0,DIM,CLEAR,10,30.0,True,False,0,SAFE,SAFE,SAFE,10,0,100,False,0,10,0,12,100,30.0,False,True,False,False,True,False
2.47,31.73,3744,2,12,0,22.0,30.0,10386.5,30.0,999.0,True,0.0,20.0,0,10,0,False,False,0,DRY,NORMAL,10,0,30.0,False,0,DIM,CLEAR,10,30.0,True,False,0,SAFE,SAFE,SAFE,10,0,100,False,0,10,0,12,100,30.0,False,True,False,False,True,False
2.5,31.77,3749,2,12,0,22.0,30.0,10246.2,30.0,999.0,True,0.0,20.0,0,10,0,False,False,0,DRY,NORMAL,10,0,30.0,False,0,DIM,CLEAR,10,30.0,True,False,0,SAFE,SAFE,SAFE,10,0,100,False,0,10,0,12,100,30.0,False,True,False,False,True,False
2.53,31.75,3747,2,12,0,22.0,30.0,10308.8,30.0,999.0,True,0.0,20.0,0,10,0,False,False,0,DRY,NORMAL,10,0,30.0,False,0,DIM,CLEAR,10,30.0,True,False,0,SAFE,SAFE,SAFE,10,0,100,False,0,10,0,12,100,30.0,False,True,False,False,True,False
2.57,31.68,3738,2,12,0,22.0,30.0,10235.0,30.0,999.0,True,0.0,20.0,0,10,0,False,False,0,DRY,NORMAL,10,0,30.0,False,0,DIM,CLEAR,10,30.0,True,False,0,SAFE,SAFE,SAFE,10,0,100,False,0,10,0,12,100,30.0,False,True,False,False,True,False
2.6,31.57,3726,2,12,0,22.0,30.0,10409.8,30.0,999.0,True,0.0,20.0,0,10,0,False,False,0,DRY,NORMAL,10,0,30.0,False,0,DIM,CLEAR,10,30.0,True,False,0,SAFE,SAFE,SAFE,10,0,100,False,0,10,0,12,100,30.0,False,True,False,False,True,False
2.63,31.44,3710,2,12,0,22.0,30.0,10380.8,30.0,999.0,True,0.0,20.0,0,10,0,False,False,0,DRY,NORMAL,10,0,30.0,False,0,DIM,CLEAR,10,30.0,True,False,0,SAFE,SAFE,SAFE,10,0,100,False,0,10,0,12,100,30.0,False,True,False,False,True,False
2.67,31.3,3693,2,12,0,22.0,30.0,10230.0,30.0,999.0,True,0.0,20.0,0,10,0,False,False,0,DRY,NORMAL,10,0,30.0,False,0,DIM,CLEAR,10,30.0,True,False,0,SAFE,SAFE,SAFE,10,0,100,False,0,10,0,12,100,30.0,False,True,False,False,True,False
2.7,31.14,3675,2,12,0,22.0,30.0,10376.3,30.0,999.0,True,0.0,20.0,0,10,0,False,False,0,DRY,NORMAL,10,0,30.0,False,0,DIM,CLEAR,10,30.0,True,False,0,SAFE,SAFE,SAFE,10,0,100,False,0,10,0,12,100,30.0,False,True,False,False,True,False
2.73,30.98,3656,2,12,0,22.0,30.0,10391.1,30.0,999.0,True,0.0,20.0,0,10,0,False,False,0,DRY,NORMAL,10,0,30.0,False,0,DIM,CLEAR,10,30.0,True,False,0,SAFE,SAFE,SAFE,10,0,100,False,0,10,0,12,100,30.0,False,True,False,False,True,False
2.77,30.81,3636,2,12,0,22.0,30.0,10390.9,30.0,999.0,True,0.0,20.0,0,10,0,False,False,0,DRY,NORMAL,10,0,30.0,False,0,DIM,CLEAR,10,30.0,True,False,0,SAFE,SAFE,SAFE,10,0,100,False,0,10,0,12,100,30.0,False,True,False,False,True,False
2.8,30.64,3615,2,12,0,22.0,30.0,10231.5,30.0,999.0,True,0.0,20.0,0,10,0,False,False,0,DRY,NORMAL,10,0,30.0,False,0,DIM,CLEAR,10,30.0,True,False,0,SAFE,SAFE,SAFE,10,0,100,False,0,10,0,12,100,30.0,False,True,False,False,True,False
2.83,30.46,3595,2,12,0,22.0,30.0,10290.3,30.0,999.0,True,0.0,20.0,0,10,0,False,False,0,DRY,NORMAL,10,0,30.0,False,0,DIM,CLEAR,10,30.0,True,False,0,SAFE,SAFE,SAFE,10,0,100,False,0,10,0,12,100,30.0,False,True,False,False,True,False
2.87,30.29,3574,2,12,0,22.0,30.0,10320.6,30.0,999.0,True,0.0,20.0,0,10,0,False,False,0,DRY,NORMAL,10,0,30.0,False,0,DIM,CLEAR,10,30.0,True,False,0,SAFE,SAFE,SAFE,10,0,100,False,0,10,0,12,100,30.0,False,True,False,False,True,False
2.9,30.11,3554,2,12,0,22.0,30.0,10416.2,30.0,999.0,True,0.0,20.0,0,10,0,False,False,0,DRY,NORMAL,10,0,30.0,False,0,DIM,CLEAR,10,30.0,True,False,0,SAFE,SAFE,SAFE,10,0,100,False,0,10,0,12,100,30.0,False,True,False,False,True,False
2.93,29.94,3533,2,12,0,22.0,30.0,10285.4,30.0,999.0,True,0.0,20.0,0,10,0,False,False,0,DRY,NORMAL,10,0,30.0,False,0,DIM,CLEAR,10,30.0,True,False,0,SAFE,SAFE,SAFE,10,0,100,False,0,10,0,12,100,30.0,False,True,False,False,True,False
2.97,29.77,3513,2,12,0,22.0,30.0,10243.8,30.0,999.0,True,0.0,20.0,0,10,0,False,False,0,DRY,NORMAL,10,0,30.0,False,0,DIM,CLEAR,10,30.0,True,False,0,SAFE,SAFE,SAFE,10,0,100,False,0,10,0,12,100,30.0,False,True,False,False,True,False
3.0,29.62,3496,2,12,0,22.0,30.0,10933.9,30.0,999.0,True,0.0,20.0,0,10,0,False,False,0,DRY,NORMAL,10,0,30.0,False,0,DIM,CLEAR,10,30.0,True,False,0,SAFE,SAFE,SAFE,10,0,100,False,0,10,0,12,100,30.0,False,True,False,False,True,False
3.03,29.52,3484,2,12,0,22.0,30.0,11014.2,30.0,999.0,True,0.0,20.0,0,10,0,False,False,0,DRY,NORMAL,10,0,30.0,False,0,DIM,CLEAR,10,30.0,True,False,0,SAFE,SAFE,SAFE,10,0,100,False,0,10,0,12,100,30.0,False,True,False,False,True,False
3.07,29.47,3478,2,12,0,22.0,30.0,11098.9,30.0,999.0,True,0.0,20.0,0,10,0,False,False,0,DRY,NORMAL,10,0,30.0,False,0,DIM,CLEAR,10,30.0,True,False,0,SAFE,SAFE,SAFE,10,0,100,False,0,10,0,12,100,30.0,False,True,False,False,True,False
3.1,29.49,3480,2,12,0,22.0,30.0,11003.8,30.0,999.0,True,0.0,20.0,0,10,0,False,False,0,DRY,NORMAL,10,0,30.0,False,0,DIM,CLEAR,10,30.0,True,False,0,SAFE,SAFE,SAFE,10,0,100,False,0,10,0,12,100,30.0,False,True,False,False,True,False
3.13,29.59,3492,2,12,0,22.0,30.0,11086.4,30.0,999.0,True,0.0,20.0,0,10,0,False,False,0,DRY,NORMAL,10,0,30.0,False,0,DIM,CLEAR,10,30.0,True,False,0,SAFE,SAFE,SAFE,10,0,100,False,0,10,0,12,100,30.0,False,True,False,False,True,False
3.17,29.76,3511,2,12,0,22.0,30.0,11003.6,30.0,999.0,True,0.0,20.0,0,10,0,False,False,0,DRY,NORMAL,10,0,30.0,False,0,DIM,CLEAR,10,30.0,True,False,0,SAFE,SAFE,SAFE,10,0,100,False,0,10,0,12,100,30.0,False,True,False,False,True,False
3.2,29.98,3538,2,12,0,22.0,30.0,11015.6,30.0,999.0,True,0.0,20.0,0,10,0,False,False,0,DRY,NORMAL,10,0,30.0,False,0,DIM,CLEAR,10,30.0,True,False,0,SAFE,SAFE,SAFE,10,0,100,False,0,10,0,12,100,30.0,False,True,False,False,True,False
3.23,30.26,3571,2,12,0,22.0,30.0,11020.7,30.0,999.0,True,0.0,20.0,0,10,0,False,False,0,DRY,NORMAL,10,0,30.0,False,0,DIM,CLEAR,10,30.0,True,False,0,SAFE,SAFE,SAFE,10,0,100,False,0,10,0,12,100,30.0,False,True,False,False,True,False
3.27,30.57,3607,2,12,0,22.0,30.0,11094.2,30.0,999.0,True,0.0,20.0,0,10,0,False,False,0,DRY,NORMAL,10,0,30.0,False,0,DIM,CLEAR,10,30.0,True,False,0,SAFE,SAFE,SAFE,10,0,100,False,0,10,0,12,100,30.0,False,True,False,False,True,False
3.3,30.84,3640,2,12,0,22.0,30.0,11071.3,30.0,999.0,True,0.0,20.0,0,10,0,False,False,0,DRY,NORMAL,10,0,30.0,False,0,DIM,CLEAR,10,30.0,True,False,0,SAFE,SAFE,SAFE,10,0,100,False,0,10,0,12,100,30.0,False,True,False,False,True,False
3.33,31.03,3662,2,12,0,22.0,30.0,10957.7,30.0,999.0,True,0.0,20.0,0,10,0,False,False,0,DRY,NORMAL,10,0,30.0,False,0,DIM,CLEAR,10,30.0,True,False,0,SAFE,SAFE,SAFE,10,0,100,False,0,10,0,12,100,30.0,False,True,False,False,True,False
3.37,31.11,3671,2,12,0,22.0,30.0,11117.0,30.0,999.0,True,0.0,20.0,0,10,0,False,False,0,DRY,NORMAL,10,0,30.0,False,0,DIM,CLEAR,10,30.0,True,False,0,SAFE,SAFE,SAFE,10,0,100,False,0,10,0,12,100,30.0,False,True,False,False,True,False
3.4,31.11,3671,2,12,0,22.0,30.0,10994.3,30.0,999.0,True,0.0,20.0,0,10,0,False,False,0,DRY,NORMAL,10,0,30.0,False,0,DIM,CLEAR,10,30.0,True,False,0,SAFE,SAFE,SAFE,10,0,100,False,0,10,0,12,100,30.0,False,True,False,False,True,False
3.43,31.06,3665,2,12,0,22.0,30.0,10965.7,90.0,999.0,True,0.0,20.0,0,10,0,False,False,0,DRY,NORMAL,10,0,90.0,False,0,DIM,CLEAR,10,90.0,True,False,0,SAFE,SAFE,SAFE,10,0,100,False,0,10,0,12,100,90.0,False,True,False,False,True,False
3.47,30.98,3655,2,12,0,22.0,30.0,11060.3,90.0,999.0,True,0.0,20.0,0,10,0,False,False,0,DRY,NORMAL,10,0,90.0,False,0,DIM,CLEAR,10,90.0,True,False,0,SAFE,SAFE,SAFE,10,0,100,False,0,10,0,12,100,90.0,False,True,False,False,True,False
3.5,30.89,3645,2,12,0,22.0,30.0,11005.1,90.0,999.0,True,0.0,20.0,0,10,0,False,False,0,DRY,NORMAL,10,0,90.0,False,0,DIM,CLEAR,10,90.0,True,False,0,SAFE,SAFE,SAFE,10,0,100,False,0,10,0,12,100,90.0,False,True,False,False,True,False
3.53,30.83,3638,2,12,0,22.0,30.0,10926.3,90.0,999.0,True,0.0,20.0,0,10,0,False,False,0,DRY,NORMAL,10,0,90.0,False,0,DIM,CLEAR,10,90.0,True,False,0,SAFE,SAFE,SAFE,10,0,100,False,0,10,0,12,100,90.0,False,True,False,False,True,False
3.57,30.81,3636,2,12,0,22.0,30.0,10985.4,90.0,999.0,True,0.0,20.0,0,10,0,False,False,0,DRY,NORMAL,10,0,90.0,False,0,DIM,CLEAR,10,90.0,True,False,0,SAFE,SAFE,SAFE,10,0,100,False,0,10,0,12,100,90.0,False,True,False,False,True,False
3.6,30.86,3642,2,12,0,22.0,30.0,11009.7,90.0,999.0,True,0.0,20.0,0,10,0,False,False,0,DRY,NORMAL,10,0,90.0,False,0,DIM,CLEAR,10,90.0,True,False,0,SAFE,SAFE,SAFE,10,0,100,False,0,10,0,12,100,90.0,False,True,False,False,True,False
3.63,30.98,3656,2,12,0,22.0,30.0,11023.8,90.0,999.0,True,0.0,20.0,0,10,0,False,False,0,DRY,NORMAL,10,0,90.0,False,0,DIM,CLEAR,10,90.0,True,False,0,SAFE,SAFE,SAFE,10,0,100,False,0,10,0,12,100,90.0,False,True,False,False,True,False
3.67,31.18,3679,2,12,0,22.0,30.0,10985.2,90.0,999.0,True,0.0,20.0,0,10,0,False,False,0,DRY,NORMAL,10,0,90.0,False,0,DIM,CLEAR,10,90.0,True,False,0,SAFE,SAFE,SAFE,10,0,100,False,0,10,0,12,100,90.0,False,True,False,False,True,False
3.7,31.43,3709,2,12,0,22.0,30.0,11079.7,90.0,999.0,True,0.0,20.0,0,10,0,False,False,0,DRY,NORMAL,10,0,90.0,False,0,DIM,CLEAR,10,90.0,True,False,0,SAFE,SAFE,SAFE,10,0,100,False,0,10,0,12,100,90.0,False,True,False,False,True,False
3.73,31.74,3745,2,12,0,22.0,30.0,10936.0,90.0,999.0,True,0.0,20.0,0,10,0,False,False,0,DRY,NORMAL,10,0,90.0,False,0,DIM,CLEAR,10,90.0,True,False,0,SAFE,SAFE,SAFE,10,0,100,False,0,10,0,12,100,90.0,False,True,False,False,True,False
3.77,32.08,3786,2,12,0,22.0,30.0,11109.1,90.0,999.0,True,0.0,20.0,0,10,0,False,False,0,DRY,NORMAL,10,0,90.0,False,0,DIM,CLEAR,10,90.0,True,False,0,SAFE,SAFE,SAFE,10,0,100,False,0,10,0,12,100,90.0,False,True,False,False,True,False
3.8,32.46,3831,2,12,0,22.0,30.0,11118.9,90.0,999.0,True,0.0,20.0,0,10,0,False,False,0,DRY,NORMAL,10,0,90.0,False,0,DIM,CLEAR,10,90.0,True,False,0,SAFE,SAFE,SAFE,10,0,100,False,0,10,0,12,100,90.0,False,True,False,False,True,False
3.83,32.88,3880,2,12,0,22.0,30.0,11087.3,90.0,999.0,True,0.0,20.0,0,10,0,False,False,0,DRY,NORMAL,10,0,90.0,False,0,DIM,CLEAR,10,90.0,True,False,0,SAFE,SAFE,SAFE,10,0,100,False,0,10,0,12,100,90.0,False,True,False,False,True,False
3.87,33.32,3932,2,12,0,22.0,30.0,10926.8,90.0,999.0,True,0.0,20.0,0,10,0,False,False,0,DRY,NORMAL,10,0,90.0,False,0,DIM,CLEAR,10,90.0,True,False,0,SAFE,SAFE,SAFE,10,0,100,False,0,10,0,12,100,90.0,False,True,False,False,True,False
3.9,33.78,3986,2,12,0,22.0,30.0,11101.1,90.0,999.0,True,0.0,20.0,0,10,0,False,False,0,DRY,NORMAL,10,0,90.0,False,0,DIM,CLEAR,10,90.0,True,False,0,SAFE,SAFE,SAFE,10,0,100,False,0,10,0,12,100,90.0,False,True,False,False,True,False
3.93,34.25,4042,2,12,0,22.0,30.0,11026.0,90.0,999.0,True,0.0,20.0,0,10,0,False,False,0,DRY,NORMAL,10,0,90.0,False,0,DIM,CLEAR,10,90.0,True,False,0,SAFE,SAFE,SAFE,10,0,100,False,0,10,0,12,100,90.0,False,True,False,False,True,False
3.97,34.75,4100,2,12,0,22.0,30.0,11036.8,90.0,999.0,True,0.0,20.0,0,10,0,False,False,0,DRY,NORMAL,10,0,90.0,False,0,DIM,CLEAR,10,90.0,True,False,0,SAFE,SAFE,SAFE,10,0,100,False,0,10,0,12,100,90.0,False,True,False,False,True,False
4.0,35.25,4160,2,12,0,22.0,30.0,11562.5,90.0,999.0,True,0.0,20.0,0,10,0,False,False,0,DRY,NORMAL,10,0,90.0,False,0,DIM,CLEAR,10,90.0,True,False,0,SAFE,SAFE,SAFE,10,0,100,False,0,10,0,12,100,90.0,False,True,False,False,True,False
4.03,35.77,4221,2,12,0,22.0,30.0,11626.6,90.0,999.0,True,0.0,20.0,0,10,0,False,False,0,DRY,NORMAL,10,0,90.0,False,0,DIM,CLEAR,10,90.0,True,False,0,SAFE,SAFE,SAFE,10,0,100,False,0,10,0,12,100,90.0,False,True,False,False,True,False
4.07,36.3,4284,2,12,0,22.0,30.0,11635.8,90.0,999.0,True,0.0,20.0,0,10,0,False,False,0,DRY,NORMAL,10,0,90.0,False,0,DIM,CLEAR,10,90.0,True,False,0,SAFE,SAFE,SAFE,10,0,100,False,0,10,0,12,100,90.0,False,True,False,False,True,False
4.1,36.84,4347,2,12,0,22.0,30.0,11631.0,90.0,999.0,True,0.0,20.0,0,10,0,False,False,0,DRY,NORMAL,10,0,90.0,False,0,DIM,CLEAR,10,90.0,True,False,0,SAFE,SAFE,SAFE,10,0,100,False,0,10,0,12,100,90.0,False,True,False,False,True,False
4.13,37.39,4412,2,12,0,22.0,30.0,11569.8,90.0,999.0,True,0.0,20.0,0,10,0,False,False,0,DRY,NORMAL,10,0,90.0,False,0,DIM,CLEAR,10,90.0,True,False,0,SAFE,SAFE,SAFE,10,0,100,False,0,10,0,12,100,90.0,False,True,False,False,True,False
4.17,37.94,4477,2,12,0,22.0,30.0,11620.9,90.0,999.0,True,0.0,20.0,0,10,0,False,False,0,DRY,NORMAL,10,0,90.0,False,0,DIM,CLEAR,10,90.0,True,False,0,SAFE,SAFE,SAFE,10,0,100,False,0,10,0,12,100,90.0,False,True,False,False,True,False
4.2,38.5,4544,2,12,0,22.0,30.0,11636.0,90.0,999.0,True,0.0,20.0,0,10,0,False,False,0,DRY,NORMAL,10,0,90.0,False,0,DIM,CLEAR,10,90.0,True,False,0,SAFE,SAFE,SAFE,10,0,100,False,0,10,0,12,100,90.0,False,True,False,False,True,False
4.23,39.07,4610,2,12,0,22.0,30.0,11664.6,90.0,999.0,True,0.0,20.0,0,10,0,False,False,0,DRY,NORMAL,10,0,90.0,False,0,DIM,CLEAR,10,90.0,True,False,0,SAFE,SAFE,SAFE,10,0,100,False,0,10,0,12,100,90.0,False,True,False,False,True,False
4.27,39.64,4678,2,12,0,22.0,30.0,11556.6,90.0,999.0,True,0.0,20.0,0,10,0,False,False,0,DRY,NORMAL,10,0,90.0,False,0,DIM,CLEAR,10,90.0,True,False,0,SAFE,SAFE,SAFE,10,0,100,False,0,10,0,12,100,90.0,False,True,False,False,True,False
4.3,40.22,4747,2,12,0,22.0,30.0,11718.8,90.0,999.0,True,0.0,20.0,0,10,0,False,False,0,DRY,NORMAL,10,0,90.0,False,0,DIM,CLEAR,10,90.0,True,False,0,SAFE,SAFE,SAFE,10,0,100,False,0,10,0,12,100,90.0,False,True,False,False,True,False
4.33,40.81,4816,2,12,0,22.0,30.0,11734.9,90.0,999.0,True,0.0,20.0,0,10,0,False,False,0,DRY,NORMAL,10,0,90.0,False,0,DIM,CLEAR,10,90.0,True,False,0,SAFE,SAFE,CAUTION,7,0,80,False,0,7,0,12,80,90.0,False,True,False,False,True,False
4.37,41.39,4884,2,12,0,22.0,30.0,11566.1,90.0,999.0,True,0.0,20.0,0,10,0,False,False,0,DRY,NORMAL,10,0,90.0,False,0,DIM,CLEAR,10,90.0,True,False,0,SAFE,SAFE,SAFE,10,0,100,False,0,10,0,12,100,90.0,False,True,False,False,True,False
4.4,41.92,4946,2,12,0,22.0,30.0,11589.3,90.0,999.0,True,0.0,20.0,0,10,0,False,False,0,DRY,NORMAL,10,0,90.0,False,0,DIM,CLEAR,10,90.0,True,False,0,SAFE,SAFE,SAFE,10,0,100,False,0,10,0,12,100,90.0,False,True,False,False,True,False
4.43,42.44,5009,2,12,0,22.0,30.0,11654.4,90.0,999.0,True,0.0,20.0,0,10,0,False,False,0,DRY,NORMAL,10,0,90.0,False,0,DIM,CLEAR,10,90.0,True,False,0,SAFE,SAFE,SAFE,10,0,100,False,0,10,0,12,100,90.0,False,True,False,False,True,False
4.47,42.99,5073,2,12,0,22.0,30.0,11742.6,90.0,999.0,True,0.0,20.0,0,10,0,False,False,0,DRY,NORMAL,10,0,90.0,False,0,DIM,CLEAR,10,90.0,True,False,0,SAFE,SAFE,SAFE,10,0,100,False,0,10,0,12,100,90.0,False,True,False,False,True,False
4.5,43.56,5141,2,12,0,22.0,30.0,11610.0,90.0,999.0,True,0.0,20.0,0,10,0,False,False,0,DRY,NORMAL,10,0,90.0,False,0,DIM,CLEAR,10,90.0,True,False,0,SAFE,SAFE,SAFE,10,0,100,False,0,10,0,12,100,90.0,False,True,False,False,True,False
4.53,44.15,5209,2,12,0,22.0,30.0,11734.1,90.0,999.0,True,0.0,20.0,0,10,0,False,False,0,DRY,NORMAL,10,0,90.0,False,0,DIM,CLEAR,10,90.0,True,False,0,SAFE,SAFE,SAFE,10,0,100,False,0,10,0,12,100,90.0,False,True,False,False,True,False
4.57,44.74,5280,2,12,0,22.0,30.0,11723.0,90.0,999.0,True,0.0,20.0,0,10,0,False,False,0,DRY,NORMAL,10,0,90.0,False,0,DIM,CLEAR,10,90.0,True,False,0,SAFE,SAFE,CAUTION,7,0,80,False,0,7,0,12,80,90.0,False,True,False,False,True,False
4.6,45.33,5349,2,12,0,22.0,30.0,11702.1,90.0,999.0,True,0.0,20.0,0,10,0,False,False,0,DRY,NORMAL,10,0,90.0,False,0,DIM,CLEAR,10,90.0,True,False,0,SAFE,SAFE,SAFE,10,0,100,False,0,10,0,12,100,90.0,False,True,False,False,True,False
4.63,45.86,5412,2,12,0,22.0,30.0,11610.6,90.0,999.0,True,0.0,20.0,0,10,0,False,False,0,DRY,NORMAL,10,0,90.0,False,0,DIM,CLEAR,10,90.0,True,False,0,SAFE,SAFE,SAFE,10,0,100,False,0,10,0,12,100,90.0,False,True,False,False,True,False
4.67,46.4,5475,2,12,0,22.0,30.0,11631.2,90.0,999.0,True,0.0,20.0,0,10,0,False,False,0,DRY,NORMAL,10,0,90.0,False,0,DIM,CLEAR,10,90.0,True,False,0,SAFE,SAFE,SAFE,10,0,100,False,0,10,0,12,100,90.0,False,True,False,False,True,False
4.7,46.96,5542,2,12,0,22.0,30.0,11721.6,90.0,999.0,True,0.0,20.0,0,10,0,False,False,0,DRY,NORMAL,10,0,90.0,False,0,DIM,CLEAR,10,90.0,True,False,0,SAFE,SAFE,SAFE,10,0,100,False,0,10,0,12,100,90.0,False,True,False,False,True,False
4.73,47.54,5610,2,12,0,22.0,30.0,11560.4,90.0,999.0,True,0.0,20.0,0,10,0,False,False,0,DRY,NORMAL,10,0,90.0,False,0,DIM,CLEAR,10,90.0,True,False,0,SAFE,SAFE,SAFE,10,0,100,False,0,10,0,12,100,90.0,False,True,False,False,True,False
4.77,48.13,5680,2,12,0,22.0,30.0,11705.9,90.0,999.0,True,0.0,20.0,0,10,0,False,False,0,DRY,NORMAL,10,0,90.0,False,0,DIM,CLEAR,10,90.0,True,False,0,SAFE,SAFE,CAUTION,7,0,80,False,0,7,0,12,80,90.0,False,True,False,False,True,False
4.8,48.72,5750,2,12,0,22.0,30.0,11688.9,90.0,999.0,True,0.0,20.0,0,10,0,False,False,0,DRY,NORMAL,10,0,90.0,False,0,DIM,CLEAR,10,90.0,True,False,0,SAFE,SAFE,CAUTION,7,0,80,False,0,7,0,12,80,90.0,False,True,False,False,True,False
4.83,49.25,5812,2,12,0,22.0,30.0,11739.2,90.0,999.0,True,0.0,20.0,0,10,0,False,False,0,DRY,NORMAL,10,0,90.0,False,0,DIM,CLEAR,10,90.0,True,False,0,SAFE,SAFE,SAFE,10,0,100,False,0,10,0,12,100,90.0,False,True,False,False,True,False
4.87,49.74,5869,2,12,0,22.0,30.0,11567.9,90.0,999.0,True,0.0,20.0,0,10,0,False,False,0,DRY,NORMAL,10,0,90.0,False,0,DIM,CLEAR,10,90.0,True,False,0,SAFE,SAFE,SAFE,10,0,100,False,0,10,0,12,100,90.0,False,True,False,False,True,False
4.9,50.23,5928,2,12,0,22.0,30.0,11710.7,90.0,999.0,True,0.0,20.0,0,10,0,False,False,0,DRY,NORMAL,10,0,90.0,False,0,DIM,CLEAR,10,90.0,True,False,0,SAFE,SAFE,SAFE,10,0,100,False,0,10,0,12,100,90.0,False,True,False,False,True,False
4.93,50.77,5991,2,12,0,22.0,30.0,11648.8,90.0,999.0,True,0.0,20.0,0,10,0,False,False,0,DRY,NORMAL,10,0,90.0,False,0,DIM,CLEAR,10,90.0,True,False,0,SAFE,SAFE,SAFE,10,0,100,False,0,10,0,12,100,90.0,False,True,False,False,True,False
4.97,51.33,6057,2,12,0,22.0,30.0,11635.2,90.0,999.0,True,0.0,20.0,0,10,0,False,False,0,DRY,NORMAL,10,0,90.0,False,0,DIM,CLEAR,10,90.0,True,False,0,SAFE,SAFE,SAFE,10,0,100,False,0,10,0,12,100,90.0,False,True,False,False,True,False
5.0,51.92,6126,2,12,0,22.0,30.0,12198.6,90.0,999.0,True,0.0,20.0,0,10,0,False,False,0,DRY,NORMAL,10,0,90.0,False,0,DIM,CLEAR,10,90.0,True,False,0,SAFE,SAFE,SAFE,10,0,100,False,0,10,0,12,100,90.0,False,True,False,False,True,False
5.03,52.52,6198,2,12,0,22.0,30.0,12297.0,90.0,999.0,True,0.0,20.0,0,10,0,False,False,0,DRY,NORMAL,10,0,90.0,False,0,DIM,CLEAR,10,90.0,True,False,0,SAFE,SAFE,CAUTION,7,0,80,False,0,7,0,12,80,90.0,False,True,False,False,True,False
5.07,53.11,6268,2,12,0,22.0,30.0,12197.8,90.0,999.0,True,0.0,20.0,0,10,0,False,False,0,DRY,NORMAL,10,0,90.0,False,0,DIM,CLEAR,10,90.0,True,False,0,SAFE,SAFE,CAUTION,7,0,80,False,0,7,0,12,80,90.0,False,True,False,False,True,False
5.1,53.65,6331,2,12,0,22.0,30.0,12218.9,90.0,999.0,True,0.0,20.0,0,10,0,False,False,0,DRY,NORMAL,10,0,90.0,False,0,DIM,CLEAR,10,90.0,True,False,0,SAFE,SAFE,SAFE,10,0,100,False,0,10,0,12,100,90.0,False,True,False,False,True,False
5.13,54.14,6389,2,12,0,22.0,30.0,12304.0,90.0,999.0,True,0.0,20.0,0,10,0,False,False,0,DRY,NORMAL,10,0,90.0,False,0,DIM,CLEAR,10,90.0,True,False,0,SAFE,SAFE,SAFE,10,0,100,False,0,10,0,12,100,90.0,False,True,False,False,True,False
5.17,54.64,6448,2,12,0,22.0,30.0,12334.7,90.0,999.0,True,0.0,20.0,0,10,0,False,False,0,DRY,NORMAL,10,0,90.0,False,0,DIM,CLEAR,10,90.0,True,False,0,SAFE,SAFE,SAFE,10,0,100,False,0,10,0,12,100,90.0,False,True,False,False,True,False
5.2,55.18,6512,3,12,0,22.0,30.0,12334.4,90.0,999.0,True,0.0,20.0,0,10,0,False,False,0,DRY,NORMAL,10,0,90.0,False,0,DIM,CLEAR,10,90.0,True,False,0,SAFE,SAFE,SAFE,10,0,100,False,0,10,0,12,100,90.0,False,True,False,False,True,False
5.23,55.89,4544,3,12,0,22.0,30.0,12373.5,90.0,999.0,True,0.0,20.0,0,10,0,False,False,0,DRY,NORMAL,10,0,90.0,False,0,DIM,CLEAR,10,90.0,True,False,0,SAFE,SAFE,CAUTION,7,0,80,False,0,7,0,12,80,90.0,False,True,False,False,True,False
5.27,56.57,4599,3,12,0,22.0,30.0,12369.3,90.0,999.0,True,0.0,20.0,0,10,0,False,False,0,DRY,NORMAL,10,0,90.0,False,0,DIM,CLEAR,10,90.0,True,False,0,SAFE,SAFE,CAUTION,7,0,80,False,0,7,0,12,80,90.0,False,True,False,False,True,False
5.3,57.13,4644,3,12,0,22.0,30.0,12314.1,90.0,999.0,True,0.0,20.0,0,10,0,False,False,0,DRY,NORMAL,10,0,90.0,False,0,DIM,CLEAR,10,90.0,True,False,0,SAFE,SAFE,SAFE,10,0,100,False,0,10,0,12,100,90.0,False,True,False,False,True,False
5.33,57.6,4683,3,12,0,22.0,30.0,12195.7,90.0,999.0,True,0.0,20.0,0,10,0,False,False,0,DRY,NORMAL,10,0,90.0,False,0,DIM,CLEAR,10,90.0,True,False,0,SAFE,SAFE,SAFE,10,0,100,False,0,10,0,12,100,90.0,False,True,False,False,True,False
5.37,58.05,4720,3,12,0,22.0,30.0,12330.0,90.0,999.0,True,0.0,20.0,0,10,0,False,False,0,DRY,NORMAL,10,0,90.0,False,0,DIM,CLEAR,10,90.0,True,False,0,SAFE,SAFE,SAFE,10,0,100,False,0,10,0,12,100,90.0,False,True,False,False,True,False
5.4,58.5,4756,3,12,0,22.0,30.0,12244.7,90.0,999.0,True,0.0,20.0,0,10,0,False,False,0,DRY,NORMAL,10,0,90.0,False,0,DIM,CLEAR,10,90.0,True,False,0,SAFE,SAFE,SAFE,10,0,100,False,0,10,0,12,100,90.0,False,True,False,False,True,False
5.43,58.94,4792,3,12,0,22.0,30.0,12225.8,90.0,999.0,True,0.0,20.0,0,10,0,False,False,0,DRY,NORMAL,10,0,90.0,False,0,DIM,CLEAR,10,90.0,True,False,0,SAFE,SAFE,SAFE,10,0,100,False,0,10,0,12,100,90.0,False,True,False,False,True,False
5.47,59.38,4828,3,12,0,22.0,30.0,12316.4,90.0,999.0,True,0.0,20.0,0,10,0,False,False,0,DRY,NORMAL,10,0,90.0,False,0,DIM,CLEAR,10,90.0,True,False,0,SAFE,SAFE,SAFE,10,0,100,False,0,10,0,12,100,90.0,False,True,False,False,True,False
5.5,59.82,4864,3,12,0,22.0,30.0,12339.3,90.0,999.0,True,0.0,20.0,0,10,0,False,False,0,DRY,NORMAL,10,0,90.0,False,0,DIM,CLEAR,10,90.0,True,False,0,SAFE,SAFE,SAFE,10,0,100,False,0,10,0,12,100,90.0,False,True,False,False,True,False
5.53,60.26,4899,3,12,0,22.0,30.0,12285.0,90.0,999.0,True,0.0,20.0,0,10,0,False,False,0,DRY,NORMAL,10,0,90.0,False,0,DIM,CLEAR,10,90.0,True,False,0,SAFE,SAFE,SAFE,10,0,100,False,0,10,0,12,100,90.0,False,True,False,False,True,False
5.57,60.7,4935,3,12,0,22.0,30.0,12277.1,90.0,999.0,True,0.0,20.0,0,10,0,False,False,0,DRY,NORMAL,10,0,90.0,False,0,DIM,CLEAR,10,90.0,True,False,0,SAFE,SAFE,SAFE,10,0,100,False,0,10,0,12,100,90.0,False,True,False,False,True,False
5.6,61.14,4971,3,12,0,22.0,30.0,12272.8,90.0,999.0,True,0.0,20.0,0,10,0,False,False,0,DRY,NORMAL,10,0,90.0,False,0,DIM,CLEAR,10,90.0,True,False,0,SAFE,SAFE,SAFE,10,0,100,False,0,10,0,12,100,90.0,False,True,False,False,True,False
5.63,61.58,5006,3,12,0,22.0,30.0,12328.1,90.0,999.0,True,0.0,20.0,0,10,0,False,False,0,DRY,NORMAL,10,0,90.0,False,0,DIM,CLEAR,10,90.0,True,False,0,SAFE,SAFE,SAFE,10,0,100,False,0,10,0,12,100,90.0,False,True,False,False,True,False
5.67,62.02,5042,3,12,0,22.0,30.0,12370.3,90.0,999.0,True,0.0,20.0,0,10,0,False,False,0,DRY,NORMAL,10,0,90.0,False,0,DIM,CLEAR,10,90.0,True,False,0,SAFE,SAFE,SAFE,10,0,100,False,0,10,0,12,100,90.0,False,True,False,False,True,False
5.7,62.46,5078,3,12,0,22.0,30.0,12368.2,90.0,999.0,True,0.0,20.0,0,10,0,False,False,0,DRY,NORMAL,10,0,90.0,False,0,DIM,CLEAR,10,90.0,True,False,0,SAFE,SAFE,SAFE,10,0,100,False,0,10,0,12,100,90.0,False,True,False,False,True,False
5.73,62.9,5113,3,12,0,22.0,30.0,12196.9,90.0,999.0,True,0.0,20.0,0,10,0,False,False,0,DRY,NORMAL,10,0,90.0,False,0,DIM,CLEAR,10,90.0,True,False,0,SAFE,SAFE,SAFE,10,0,100,False,0,10,0,12,100,90.0,False,True,False,False,True,False
5.77,63.33,5149,3,12,0,22.0,30.0,12307.9,90.0,999.0,True,0.0,20.0,0,10,0,False,False,0,DRY,NORMAL,10,0,90.0,False,0,DIM,CLEAR,10,90.0,True,False,0,SAFE,SAFE,SAFE,10,0,100,False,0,10,0,12,100,90.0,False,True,False,False,True,False
5.8,63.78,5185,3,12,0,22.0,30.0,12260.1,90.0,999.0,True,0.0,20.0,0,10,0,False,False,0,DRY,NORMAL,10,0,90.0,False,0,DIM,CLEAR,10,90.0,True,False,0,SAFE,SAFE,SAFE,10,0,100,False,0,10,0,12,100,90.0,False,True,False,False,True,False
5.83,64.22,5221,3,12,0,22.0,30.0,12284.3,90.0,999.0,True,0.0,20.0,0,10,0,False,False,0,DRY,NORMAL,10,0,90.0,False,0,DIM,CLEAR,10,90.0,True,False,0,SAFE,SAFE,SAFE,10,0,100,False,0,10,0,12,100,90.0,False,True,False,False,True,False
5.87,64.66,5257,3,12,0,22.0,30.0,12250.1,90.0,999.0,True,0.0,20.0,0,10,0,False,False,0,DRY,NORMAL,10,0,90.0,False,0,DIM,CLEAR,10,90.0,True,False,0,SAFE,SAFE,SAFE,10,0,100,False,0,10,0,12,100,90.0,False,True,False,False,True,False
5.9,65.1,5293,3,12,0,22.0,30.0,12200.3,90.0,999.0,True,0.0,20.0,0,10,0,False,False,0,DRY,NORMAL,10,0,90.0,False,0,DIM,CLEAR,10,90.0,True,False,0,SAFE,SAFE,SAFE,10,0,100,False,0,10,0,12,100,90.0,False,True,False,False,True,False
5.93,65.54,5329,3,12,0,22.0,30.0,12259.7,90.0,999.0,True,0.0,20.0,0,10,0,False,False,0,DRY,NORMAL,10,0,90.0,False,0,DIM,CLEAR,10,90.0,True,False,0,SAFE,SAFE,SAFE,10,0,100,False,0,10,0,12,100,90.0,False,True,False,False,True,False
5.97,65.98,5365,3,12,0,22.0,30.0,12224.6,90.0,999.0,True,0.0,20.0,0,10,0,False,False,0,DRY,NORMAL,10,0,90.0,False,0,DIM,CLEAR,10,90.0,True,False,0,SAFE,SAFE,SAFE,10,0,100,False,0,10,0,12,100,90.0,False,True,False,False,True,False
6.0,66.43,5401,3,12,0,22.0,30.0,12877.2,90.0,999.0,True,0.0,20.0,0,10,0,False,False,0,DRY,NORMAL,10,0,90.0,False,0,DIM,CLEAR,10,90.0,True,False,0,SAFE,SAFE,SAFE,10,0,100,False,0,10,0,12,100,90.0,False,True,False,False,True,False
6.03,66.87,5437,3,12,0,22.0,30.0,12864.1,90.0,999.0,True,0.0,20.0,0,10,0,False,False,0,DRY,NORMAL,10,0,90.0,False,0,DIM,CLEAR,10,90.0,True,False,0,SAFE,SAFE,SAFE,10,0,100,False,0,10,0,12,100,90.0,False,True,False,False,True,False
6.07,67.31,5473,3,12,0,22.0,30.0,12877.2,90.0,999.0,True,0.0,20.0,0,10,0,False,False,0,DRY,NORMAL,10,0,90.0,False,0,DIM,CLEAR,10,90.0,True,False,0,SAFE,SAFE,SAFE,10,0,100,False,0,10,0,12,100,90.0,False,True,False,False,True,False
6.1,67.76,5509,3,12,0,22.0,30.0,12793.9,90.0,999.0,True,0.0,20.0,0,10,0,False,False,0,DRY,NORMAL,10,0,90.0,False,0,DIM,CLEAR,10,90.0,True,False,0,SAFE,SAFE,SAFE,10,0,100,False,0,10,0,12,100,90.0,False,True,False,False,True,False
6.13,68.2,5545,3,12,0,22.0,30.0,12809.7,90.0,999.0,True,0.0,20.0,0,10,0,False,False,0,DRY,NORMAL,10,0,90.0,False,0,DIM,CLEAR,10,90.0,True,False,0,SAFE,SAFE,SAFE,10,0,100,False,0,10,0,12,100,90.0,False,True,False,False,True,False
6.17,68.65,5581,3,12,0,22.0,30.0,12772.8,90.0,999.0,True,0.0,20.0,0,10,0,False,False,0,DRY,NORMAL,10,0,90.0,False,0,DIM,CLEAR,10,90.0,True,False,0,SAFE,SAFE,SAFE,10,0,100,False,0,10,0,12,100,90.0,False,True,False,False,True,False
6.2,69.1,5618,3,12,0,22.0,30.0,12948.2,90.0,999.0,True,0.0,20.0,0,10,0,False,False,0,DRY,NORMAL,10,0,90.0,False,0,DIM,CLEAR,10,90.0,True,False,0,SAFE,SAFE,SAFE,10,0,100,False,0,10,0,12,100,90.0,False,True,False,False,True,False
6.23,69.54,5654,3,12,0,22.0,30.0,12873.6,90.0,999.0,True,0.0,20.0,0,10,0,False,False,0,DRY,NORMAL,10,0,90.0,False,0,DIM,CLEAR,10,90.0,True,False,0,SAFE,SAFE,SAFE,10,0,100,False,0,10,0,12,100,90.0,False,True,False,False,True,False
6.27,69.99,5691,3,12,0,22.0,30.0,12794.1,90.0,999.0,True,0.0,20.0,0,10,0,False,False,0,DRY,NORMAL,10,0,90.0,False,0,DIM,CLEAR,10,90.0,True,False,0,SAFE,SAFE,SAFE,10,0,100,False,0,10,0,12,100,90.0,False,True,False,False,True,False
6.3,70.44,5727,3,12,0,22.0,30.0,12868.8,90.0,999.0,True,0.0,20.0,0,10,0,False,False,0,DRY,NORMAL,10,0,90.0,False,0,DIM,CLEAR,10,90.0,True,False,0,SAFE,SAFE,SAFE,10,0,100,False,0,10,0,12,100,90.0,False,True,False,False,True,False
6.33,70.89,5764,3,12,0,22.0,30.0,12953.6,90.0,999.0,True,0.0,20.0,0,10,0,False,False,0,DRY,NORMAL,10,0,90.0,False,0,DIM,CLEAR,10,90.0,True,False,0,SAFE,SAFE,SAFE,10,0,100,False,0,10,0,12,100,90.0,False,True,False,False,True,False
6.37,71.34,5800,3,12,0,22.0,30.0,12894.3,90.0,999.0,True,0.0,20.0,0,10,0,False,False,0,DRY,NORMAL,10,0,90.0,False,0,DIM,CLEAR,10,90.0,True,False,0,SAFE,SAFE,SAFE,10,0,100,False,0,10,0,12,100,90.0,False,True,False,False,True,False
6.4,71.79,5837,3,12,0,22.0,30.0,12879.3,90.0,999.0,True,0.0,20.0,0,10,0,False,False,0,DRY,NORMAL,10,0,90.0,False,0,DIM,CLEAR,10,90.0,True,False,0,SAFE,SAFE,SAFE,10,0,100,False,0,10,0,12,100,90.0,False,True,False,False,True,False
6.43,72.24,5873,3,12,0,22.0,30.0,12850.5,90.0,999.0,True,0.0,20.0,0,10,0,False,False,0,DRY,NORMAL,10,0,90.0,False,0,DIM,CLEAR,10,90.0,True,False,0,SAFE,SAFE,SAFE,10,0,100,False,0,10,0,12,100,90.0,False,True,False,False,True,False
6.47,72.69,5910,3,12,0,22.0,30.0,12850.0,90.0,999.0,True,0.0,20.0,0,10,0,False,False,0,DRY,NORMAL,10,0,90.0,False,0,DIM,CLEAR,10,90.0,True,False,0,SAFE,SAFE,SAFE,10,0,100,False,0,10,0,12,100,90.0,False,True,False,False,True,False
6.5,73.14,5947,3,12,0,22.0,30.0,12859.6,90.0,999.0,True,0.0,20.0,0,10,0,False,False,0,DRY,NORMAL,10,0,90.0,False,0,DIM,CLEAR,10,90.0,True,False,0,SAFE,SAFE,SAFE,10,0,100,False,0,10,0,12,100,90.0,False,True,False,False,True,False
6.53,73.6,5984,3,12,0,22.0,30.0,12846.4,90.0,999.0,True,0.0,20.0,0,10,0,False,False,0,DRY,NORMAL,10,0,90.0,False,0,DIM,CLEAR,10,90.0,True,False,0,SAFE,SAFE,SAFE,10,0,100,False,0,10,0,12,100,90.0,False,True,False,False,True,False
6.57,74.05,6020,3,12,0,22.0,30.0,12857.2,90.0,999.0,True,0.0,20.0,0,10,0,False,False,0,DRY,NORMAL,10,0,90.0,False,0,DIM,CLEAR,10,90.0,True,False,0,SAFE,SAFE,SAFE,10,0,100,False,0,10,0,12,100,90.0,False,True,False,False,True,False
6.6,74.5,6057,3,12,0,22.0,30.0,12791.4,90.0,999.0,True,0.0,20.0,0,10,0,False,False,0,DRY,NORMAL,10,0,90.0,False,0,DIM,CLEAR,10,90.0,True,False,0,SAFE,SAFE,SAFE,10,0,100,False,0,10,0,12,100,90.0,False,True,False,False,True,False
6.63,74.95,6094,3,12,0,22.0,30.0,12811.3,90.0,999.0,True,0.0,20.0,0,10,0,False,False,0,DRY,NORMAL,10,0,90.0,False,0,DIM,CLEAR,10,90.0,True,False,0,SAFE,SAFE,SAFE,10,0,100,False,0,10,0,12,100,90.0,False,True,False,False,True,False
6.67,75.41,6131,3,12,0,22.0,30.0,12837.2,90.0,999.0,True,0.0,20.0,0,10,0,False,False,0,DRY,NORMAL,10,0,90.0,False,0,DIM,CLEAR,10,90.0,True,False,0,SAFE,SAFE,SAFE,10,0,100,False,0,10,0,12,100,90.0,False,True,False,False,True,False
6.7,75.86,6168,3,12,0,22.0,30.0,12947.0,90.0,999.0,True,0.0,20.0,0,10,0,False,False,0,DRY,NORMAL,10,0,90.0,False,0,DIM,CLEAR,10,90.0,True,False,0,SAFE,SAFE,SAFE,10,0,100,False,0,10,0,12,100,90.0,False,True,False,False,True,False
6.73,76.31,6204,3,12,0,22.0,30.0,12932.2,90.0,999.0,True,0.0,20.0,0,10,0,False,False,0,DRY,NORMAL,10,0,90.0,False,0,DIM,CLEAR,10,90.0,True,False,0,SAFE,SAFE,SAFE,10,0,100,False,0,10,0,12,100,90.0,False,True,False,False,True,False
6.77,76.76,6241,3,12,0,22.0,30.0,12770.8,90.0,999.0,True,0.0,20.0,0,10,0,False,False,0,DRY,NORMAL,10,0,90.0,False,0,DIM,CLEAR,10,90.0,True,False,0,SAFE,SAFE,SAFE,10,0,100,False,0,10,0,12,100,90.0,False,True,False,False,True,False
6.8,77.22,6278,3,12,0,22.0,30.0,12922.5,90.0,999.0,True,0.0,20.0,0,10,0,False,False,0,DRY,NORMAL,10,0,90.0,False,0,DIM,CLEAR,10,90.0,True,False,0,SAFE,SAFE,SAFE,10,0,100,False,0,10,0,12,100,90.0,False,True,False,False,True,False
6.83,77.67,6315,3,12,0,22.0,30.0,12786.4,90.0,999.0,True,0.0,20.0,0,10,0,False,False,0,DRY,NORMAL,10,0,90.0,False,0,DIM,CLEAR,10,90.0,True,False,0,SAFE,SAFE,SAFE,10,0,100,False,0,10,0,12,100,90.0,False,True,False,False,True,False
6.87,78.12,6351,3,12,0,22.0,30.0,12820.3,90.0,999.0,True,0.0,20.0,0,10,0,False,False,0,DRY,NORMAL,10,0,90.0,False,0,DIM,CLEAR,10,90.0,True,False,0,SAFE,SAFE,SAFE,10,0,100,False,0,10,0,12,100,90.0,False,True,False,False,True,False
6.9,78.57,6388,3,12,0,22.0,30.0,12810.4,90.0,999.0,True,0.0,20.0,0,10,0,False,False,0,DRY,NORMAL,10,0,90.0,False,0,DIM,CLEAR,10,90.0,True,False,0,SAFE,SAFE,SAFE,10,0,100,False,0,10,0,12,100,90.0,False,True,False,False,True,False
6.93,79.02,6424,3,12,0,22.0,30.0,12775.4,90.0,999.0,True,0.0,20.0,0,10,0,False,False,0,DRY,NORMAL,10,0,90.0,False,0,DIM,CLEAR,10,90.0,True,False,0,SAFE,SAFE,SAFE,10,0,100,False,0,10,0,12,100,90.0,False,True,False,False,True,False
6.97,79.47,6461,3,12,0,22.0,30.0,12964.5,90.0,999.0,True,0.0,20.0,0,10,0,False,False,0,DRY,NORMAL,10,0,90.0,False,0,DIM,CLEAR,10,90.0,True,False,0,SAFE,SAFE,SAFE,10,0,100,False,0,10,0,12,100,90.0,False,True,False,False,True,False
7.0,79.91,6497,3,12,0,22.0,30.0,13465.2,90.0,999.0,True,0.0,20.0,0,10,0,False,False,0,DRY,NORMAL,10,0,90.0,False,0,DIM,CLEAR,10,90.0,True,False,0,SAFE,SAFE,SAFE,10,0,100,False,0,10,0,12,100,90.0,False,True,False,False,True,False
7.03,80.36,6534,4,12,0,22.0,30.0,13379.5,90.0,999.0,True,0.0,20.0,0,10,0,False,False,0,DRY,NORMAL,10,0,90.0,False,0,DIM,CLEAR,10,90.0,True,False,0,SAFE,SAFE,SAFE,10,0,100,False,0,10,0,12,100,90.0,False,True,False,False,True,False
7.07,80.88,4578,4,12,0,22.0,30.0,13565.0,90.0,999.0,True,0.0,20.0,0,10,0,False,False,0,DRY,NORMAL,10,0,90.0,False,0,DIM,CLEAR,10,90.0,True,False,0,SAFE,SAFE,SAFE,10,0,100,False,0,10,0,12,100,90.0,False,True,False,False,True,False
7.1,81.37,4606,4,12,0,22.0,30.0,13413.5,90.0,999.0,True,0.0,20.0,0,10,0,False,False,0,DRY,NORMAL,10,0,90.0,False,0,DIM,CLEAR,10,90.0,True,False,0,SAFE,SAFE,SAFE,10,0,100,False,0,10,0,12,100,90.0,False,True,False,False,True,False
7.13,81.81,4631,4,12,0,22.0,30.0,13501.3,90.0,999.0,True,0.0,20.0,0,10,0,False,False,0,DRY,NORMAL,10,0,90.0,False,0,DIM,CLEAR,10,90.0,True,False,0,SAFE,SAFE,SAFE,10,0,100,False,0,10,0,12,100,90.0,False,True,False,False,True,False
7.17,82.21,4653,4,12,0,22.0,30.0,13501.0,90.0,999.0,True,0.0,20.0,0,10,0,False,False,0,DRY,NORMAL,10,0,90.0,False,0,DIM,CLEAR,10,90.0,True,False,0,SAFE,SAFE,SAFE,10,0,100,False,0,10,0,12,100,90.0,False,True,False,False,True,False
7.2,82.58,4674,4,12,0,22.0,30.0,13407.2,90.0,999.0,True,0.0,20.0,0,10,0,False,False,0,DRY,NORMAL,10,0,90.0,False,0,DIM,CLEAR,10,90.0,True,False,0,SAFE,SAFE,SAFE,10,0,100,False,0,10,0,12,100,90.0,False,True,False,False,True,False
7.23,82.93,4694,4,12,0,22.0,30.0,13568.4,90.0,999.0,True,0.0,20.0,0,10,0,False,False,0,DRY,NORMAL,10,0,90.0,False,0,DIM,CLEAR,10,90.0,True,False,0,SAFE,SAFE,SAFE,10,0,100,False,0,10,0,12,100,90.0,False,True,False,False,True,False
7.27,83.26,4712,4,12,0,22.0,30.0,13504.2,90.0,999.0,True,0.0,20.0,0,10,0,False,False,0,DRY,NORMAL,10,0,90.0,False,0,DIM,CLEAR,10,90.0,True,False,0,SAFE,SAFE,SAFE,10,0,100,False,0,10,0,12,100,90.0,False,True,False,False,True,False
7.3,83.57,4730,4,12,0,22.0,30.0,13482.4,90.0,999.0,True,0.0,20.0,0,10,0,False,False,0,DRY,NORMAL,10,0,90.0,False,0,DIM,CLEAR,10,90.0,True,False,0,SAFE,SAFE,SAFE,10,0,100,False,0,10,0,12,100,90.0,False,True,False,False,True,False
7.33,83.88,4748,4,12,0,22.0,30.0,13483.3,90.0,999.0,True,0.0,20.0,0,10,0,False,False,0,DRY,NORMAL,10,0,90.0,False,0,DIM,CLEAR,10,90.0,True,False,0,SAFE,SAFE,SAFE,10,0,100,False,0,10,0,12,100,90.0,False,True,False,False,True,False
7.37,84.17,4764,4,12,0,22.0,30.0,13430.5,90.0,999.0,True,0.0,20.0,0,10,0,False,False,0,DRY,NORMAL,10,0,90.0,False,0,DIM,CLEAR,10,90.0,True,False,0,SAFE,SAFE,SAFE,10,0,100,False,0,10,0,12,100,90.0,False,True,False,False,True,False
7.4,84.46,4781,4,12,0,22.0,30.0,13372.0,90.0,999.0,True,0.0,20.0,0,10,0,False,False,0,DRY,NORMAL,10,0,90.0,False,0,DIM,CLEAR,10,90.0,True,False,0,SAFE,SAFE,SAFE,10,0,100,False,0,10,0,12,100,90.0,False,True,False,False,True,False
7.43,84.75,4797,4,12,0,22.0,30.0,13423.8,90.0,999.0,True,0.0,20.0,0,10,0,False,False,0,DRY,NORMAL,10,0,90.0,False,0,DIM,CLEAR,10,90.0,True,False,0,SAFE,SAFE,SAFE,10,0,100,False,0,10,0,12,100,90.0,False,True,False,False,True,False
7.47,85.03,4813,4,12,0,22.0,30.0,13383.4,90.0,999.0,True,0.0,20.0,0,10,0,False,False,0,DRY,NORMAL,10,0,90.0,False,0,DIM,CLEAR,10,90.0,True,False,0,SAFE,SAFE,SAFE,10,0,100,False,0,10,0,12,100,90.0,False,True,False,False,True,False
7.5,85.31,4829,4,12,0,22.0,30.0,13374.7,90.0,999.0,True,0.0,20.0,0,10,0,False,False,0,DRY,NORMAL,10,0,90.0,False,0,DIM,CLEAR,10,90.0,True,False,0,SAFE,SAFE,SAFE,10,0,100,False,0,10,0,12,100,90.0,False,True,False,False,True,False
7.53,85.59,4845,4,12,0,22.0,30.0,13486.3,90.0,999.0,True,0.0,20.0,0,10,0,False,False,0,DRY,NORMAL,10,0,90.0,False,0,DIM,CLEAR,10,90.0,True,False,0,SAFE,SAFE,SAFE,10,0,100,False,0,10,0,12,100,90.0,False,True,False,False,True,False
7.57,85.87,4860,4,12,0,22.0,30.0,13405.7,90.0,999.0,True,0.0,20.0,0,10,0,False,False,0,DRY,NORMAL,10,0,90.0,False,0,DIM,CLEAR,10,90.0,True,False,0,SAFE,SAFE,SAFE,10,0,100,False,0,10,0,12,100,90.0,False,True,False,False,True,False
7.6,86.14,4876,4,12,0,22.0,30.0,13532.4,90.0,999.0,True,0.0,20.0,0,10,0,False,False,0,DRY,NORMAL,10,0,90.0,False,0,DIM,CLEAR,10,90.0,True,False,0,SAFE,SAFE,SAFE,10,0,100,False,0,10,0,12,100,90.0,False,True,False,False,True,False
7.63,86.42,4891,4,12,0,22.0,30.0,13522.3,90.0,999.0,True,0.0,20.0,0,10,0,False,False,0,DRY,NORMAL,10,0,90.0,False,0,DIM,CLEAR,10,90.0,True,False,0,SAFE,SAFE,SAFE,10,0,100,False,0,10,0,12,100,90.0,False,True,False,False,True,False
7.67,86.69,4907,4,12,0,22.0,30.0,13505.4,90.0,999.0,True,0.0,20.0,0,10,0,False,False,0,DRY,NORMAL,10,0,90.0,False,0,DIM,CLEAR,10,90.0,True,False,0,SAFE,SAFE,SAFE,10,0,100,False,0,10,0,12,100,90.0,False,True,False,False,True,False
7.7,86.96,4922,4,12,0,22.0,30.0,13455.3,90.0,999.0,True,0.0,20.0,0,10,0,False,False,0,DRY,NORMAL,10,0,90.0,False,0,DIM,CLEAR,10,90.0,True,False,0,SAFE,SAFE,SAFE,10,0,100,False,0,10,0,12,100,90.0,False,True,False,False,True,False
7.73,87.24,4938,4,12,0,22.0,30.0,13460.4,90.0,999.0,True,0.0,20.0,0,10,0,False,False,0,DRY,NORMAL,10,0,90.0,False,0,DIM,CLEAR,10,90.0,True,False,0,SAFE,SAFE,SAFE,10,0,100,False,0,10,0,12,100,90.0,False,True,False,False,True,False
7.77,87.51,4953,4,12,0,22.0,30.0,13559.9,90.0,999.0,True,0.0,20.0,0,10,0,False,False,0,DRY,NORMAL,10,0,90.0,False,0,DIM,CLEAR,10,90.0,True,False,0,SAFE,SAFE,SAFE,10,0,100,False,0,10,0,12,100,90.0,False,True,False,False,True,False
7.8,87.78,4969,4,12,0,22.0,30.0,13383.7,90.0,999.0,True,0.0,20.0,0,10,0,False,False,0,DRY,NORMAL,10,0,90.0,False,0,DIM,CLEAR,10,90.0,True,False,0,SAFE,SAFE,SAFE,10,0,100,False,0,10,0,12,100,90.0,False,True,False,False,True,False
7.83,88.06,4984,4,12,0,22.0,30.0,13539.2,90.0,999.0,True,0.0,20.0,0,10,0,False,False,0,DRY,NORMAL,10,0,90.0,False,0,DIM,CLEAR,10,90.0,True,False,0,SAFE,SAFE,SAFE,10,0,100,False,0,10,0,12,100,90.0,False,True,False,False,True,False
7.87,88.33,5000,4,12,0,22.0,30.0,13486.5,90.0,999.0,True,0.0,20.0,0,10,0,False,False,0,DRY,NORMAL,10,0,90.0,False,0,DIM,CLEAR,10,90.0,True,False,0,SAFE,SAFE,SAFE,10,0,100,False,0,10,0,12,100,90.0,False,True,False,False,True,False
7.9,88.6,5015,4,12,0,22.0,30.0,13478.3,90.0,999.0,True,0.0,20.0,0,10,0,False,False,0,DRY,NORMAL,10,0,90.0,False,0,DIM,CLEAR,10,90.0,True,False,0,SAFE,SAFE,SAFE,10,0,100,False,0,10,0,12,100,90.0,False,True,False,False,True,False
7.93,88.88,5031,4,12,0,22.0,30.0,13406.9,90.0,999.0,True,0.0,20.0,0,10,0,False,False,0,DRY,NORMAL,10,0,90.0,False,0,DIM,CLEAR,10,90.0,True,False,0,SAFE,SAFE,SAFE,10,0,100,False,0,10,0,12,100,90.0,False,True,False,False,True,False
7.97,89.15,5046,4,12,0,22.0,30.0,13517.8,90.0,999.0,True,0.0,20.0,0,10,0,False,False,0,DRY,NORMAL,10,0,90.0,False,0,DIM,CLEAR,10,90.0,True,False,0,SAFE,SAFE,SAFE,10,0,100,False,0,10,0,12,100,90.0,False,True,False,False,True,False
8.0,89.42,5062,4,12,0,22.0,30.0,13969.5,90.0,999.0,True,0.0,20.0,0,10,0,False,False,0,DRY,NORMAL,10,0,90.0,False,0,DIM,CLEAR,10,90.0,True,False,0,SAFE,SAFE,SAFE,10,0,100,False,0,10,0,12,100,90.0,False,True,False,False,True,False
8.03,89.7,5077,4,12,0,22.0,30.0,14030.3,90.0,999.0,True,0.0,20.0,0,10,0,False,False,0,DRY,NORMAL,10,0,90.0,False,0,DIM,CLEAR,10,90.0,True,False,0,SAFE,SAFE,SAFE,10,0,100,False,0,10,0,12,100,90.0,False,True,False,False,True,False
8.07,89.97,5092,4,12,0,22.0,30.0,13995.9,90.0,999.0,True,0.0,20.0,0,10,0,False,False,0,DRY,NORMAL,10,0,90.0,False,0,DIM,CLEAR,10,90.0,True,False,0,SAFE,SAFE,SAFE,10,0,100,False,0,10,0,12,100,90.0,False,True,False,False,True,False
8.1,90.24,5108,4,12,0,22.0,30.0,14088.6,90.0,999.0,True,0.0,20.0,0,10,0,False,False,0,DRY,NORMAL,10,0,90.0,False,0,DIM,CLEAR,10,90.0,True,False,0,SAFE,SAFE,SAFE,10,0,100,False,0,10,0,12,100,90.0,False,True,False,False,True,False
8.13,90.51,5123,4,12,0,22.0,30.0,13963.5,90.0,999.0,True,0.0,20.0,0,10,0,False,False,0,DRY,NORMAL,10,0,90.0,False,0,DIM,CLEAR,10,90.0,True,False,0,SAFE,SAFE,SAFE,10,0,100,False,0,10,0,12,100,90.0,False,True,False,False,True,False
8.17,90.73,5136,4,12,0,22.0,30.0,14131.3,90.0,999.0,True,0.0,20.0,0,10,0,False,False,0,DRY,NORMAL,10,0,90.0,False,0,DIM,CLEAR,10,90.0,True,False,0,SAFE,SAFE,SAFE,10,0,100,False,0,10,0,12,100,90.0,False,True,False,False,True,False
8.2,90.88,5144,4,12,0,22.0,30.0,13942.7,90.0,999.0,True,0.0,20.0,0,10,0,False,False,0,DRY,NORMAL,10,0,90.0,False,0,DIM,CLEAR,10,90.0,True,False,0,SAFE,SAFE,SAFE,10,0,100,False,0,10,0,12,100,90.0,False,True,False,False,True,False
8.23,90.94,5147,4,12,0,22.0,30.0,13962.0,90.0,999.0,True,0.0,20.0,0,10,0,False,False,0,DRY,NORMAL,10,0,90.0,False,0,DIM,CLEAR,10,90.0,True,False,0,SAFE,SAFE,SAFE,10,0,100,False,0,10,0,12,100,90.0,False,True,False,False,True,False
8.27,90.93,5147,4,12,0,22.0,30.0,14105.8,90.0,999.0,True,0.0,20.0,0,10,0,False,False,0,DRY,NORMAL,10,0,90.0,False,0,DIM,CLEAR,10,90.0,True,False,0,SAFE,SAFE,SAFE,10,0,100,False,0,10,0,12,100,90.0,False,True,False,False,True,False
8.3,90.88,5144,4,12,0,22.0,30.0,14096.2,90.0,999.0,True,0.0,20.0,0,10,0,False,False,0,DRY,NORMAL,10,0,90.0,False,0,DIM,CLEAR,10,90.0,True,False,0,SAFE,SAFE,SAFE,10,0,100,False,0,10,0,12,100,90.0,False,True,False,False,True,False
8.33,90.8,5139,4,12,0,22.0,30.0,14023.9,90.0,999.0,True,0.0,20.0,0,10,0,False,False,0,DRY,NORMAL,10,0,90.0,False,0,DIM,CLEAR,10,90.0,True,False,0,SAFE,SAFE,SAFE,10,0,100,False,0,10,0,12,100,90.0,False,True,False,False,True,False
8.37,90.69,5133,4,12,0,22.0,30.0,13952.2,90.0,999.0,True,0.0,20.0,0,10,0,False,False,0,DRY,NORMAL,10,0,90.0,False,0,DIM,CLEAR,10,90.0,True,False,0,SAFE,SAFE,SAFE,10,0,100,False,0,10,0,12,100,90.0,False,True,False,False,True,False
8.4,90.57,5127,4,12,0,22.0,30.0,14115.9,90.0,999.0,True,0.0,20.0,0,10,0,False,False,0,DRY,NORMAL,10,0,90.0,False,0,DIM,CLEAR,10,90.0,True,False,0,SAFE,SAFE,SAFE,10,0,100,False,0,10,0,12,100,90.0,False,True,False,False,True,False
8.43,90.44,5119,4,12,0,22.0,30.0,14001.4,90.0,999.0,True,0.0,20.0,0,10,0,False,False,0,DRY,NORMAL,10,0,90.0,False,0,DIM,CLEAR,10,90.0,True,False,0,SAFE,SAFE,SAFE,10,0,100,False,0,10,0,12,100,90.0,False,True,False,False,True,False
8.47,90.3,5111,4,12,0,22.0,30.0,13986.4,90.0,999.0,True,0.0,20.0,0,10,0,False,False,0,DRY,NORMAL,10,0,90.0,False,0,DIM,CLEAR,10,90.0,True,False,0,SAFE,SAFE,SAFE,10,0,100,False,0,10,0,12,100,90.0,False,True,False,False,True,False
8.5,90.16,5103,4,12,0,22.0,30.0,13964.3,90.0,999.0,True,0.0,20.0,0,10,0,False,False,0,DRY,NORMAL,10,0,90.0,False,0,DIM,CLEAR,10,90.0,True,False,0,SAFE,SAFE,SAFE,10,0,100,False,0,10,0,12,100,90.0,False,True,False,False,True,False
8.53,90.02,5095,4,12,0,22.0,30.0,13963.9,90.0,999.0,True,0.0,20.0,0,10,0,False,False,0,DRY,NORMAL,10,0,90.0,False,0,DIM,CLEAR,10,90.0,True,False,0,SAFE,SAFE,SAFE,10,0,100,False,0,10,0,12,100,90.0,False,True,False,False,True,False
8.57,89.87,5087,4,12,0,22.0,30.0,14027.8,90.0,999.0,True,0.0,20.0,0,10,0,False,False,0,DRY,NORMAL,10,0,90.0,False,0,DIM,CLEAR,10,90.0,True,False,0,SAFE,SAFE,SAFE,10,0,100,False,0,10,0,12,100,90.0,False,True,False,False,True,False
8.6,89.72,5079,4,12,0,22.0,30.0,13940.4,90.0,999.0,True,0.0,20.0,0,10,0,False,False,0,DRY,NORMAL,10,0,90.0,False,0,DIM,CLEAR,10,90.0,True,False,0,SAFE,SAFE,SAFE,10,0,100,False,0,10,0,12,100,90.0,False,True,False,False,True,False
8.63,89.59,5071,4,12,0,22.0,30.0,14087.8,90.0,999.0,True,0.0,20.0,0,10,0,False,False,0,DRY,NORMAL,10,0,90.0,False,0,DIM,CLEAR,10,90.0,True,False,0,SAFE,SAFE,SAFE,10,0,100,False,0,10,0,12,100,90.0,False,True,False,False,True,False
8.67,89.48,5065,4,12,0,22.0,30.0,14019.0,90.0,999.0,True,0.0,20.0,0,10,0,False,False,0,DRY,NORMAL,10,0,90.0,False,0,DIM,CLEAR,10,90.0,True,False,0,SAFE,SAFE,SAFE,10,0,100,False,0,10,0,12,100,90.0,False,True,False,False,True,False
8.7,89.41,5061,4,12,0,22.0,30.0,14074.8,90.0,999.0,True,0.0,20.0,0,10,0,False,False,0,DRY,NORMAL,10,0,90.0,False,0,DIM,CLEAR,10,90.0,True,False,0,SAFE,SAFE,SAFE,10,0,100,False,0,10,0,12,100,90.0,False,True,False,False,True,False
8.73,89.38,5059,4,12,0,22.0,30.0,14096.7,90.0,999.0,True,0.0,20.0,0,10,0,False,False,0,DRY,NORMAL,10,0,90.0,False,0,DIM,CLEAR,10,90.0,True,False,0,SAFE,SAFE,SAFE,10,0,100,False,0,10,0,12,100,90.0,False,True,False,False,True,False
8.77,89.41,5061,4,12,0,22.0,30.0,14030.3,90.0,999.0,True,0.0,20.0,0,10,0,False,False,0,DRY,NORMAL,10,0,90.0,False,0,DIM,CLEAR,10,90.0,True,False,0,SAFE,SAFE,SAFE,10,0,100,False,0,10,0,12,100,90.0,False,True,False,False,True,False
8.8,89.48,5065,4,12,0,22.0,30.0,14100.6,90.0,999.0,True,0.0,20.0,0,10,0,False,False,0,DRY,NORMAL,10,0,90.0,False,0,DIM,CLEAR,10,90.0,True,False,0,SAFE,SAFE,SAFE,10,0,100,False,0,10,0,12,100,90.0,False,True,False,False,True,False
8.83,89.59,5071,4,12,0,22.0,30.0,13979.9,90.0,999.0,True,0.0,20.0,0,10,0,False,False,0,DRY,NORMAL,10,0,90.0,False,0,DIM,CLEAR,10,90.0,True,False,0,SAFE,SAFE,SAFE,10,0,100,False,0,10,0,12,100,90.0,False,True,False,False,True,False
8.87,89.73,5079,4,12,0,22.0,30.0,14125.2,90.0,999.0,True,0.0,20.0,0,10,0,False,False,0,DRY,NORMAL,10,0,90.0,False,0,DIM,CLEAR,10,90.0,True,False,0,SAFE,SAFE,SAFE,10,0,100,False,0,10,0,12,100,90.0,False,True,False,False,True,False
8.9,89.9,5089,4,12,0,22.0,30.0,14041.6,90.0,999.0,True,0.0,20.0,0,10,0,False,False,0,DRY,NORMAL,10,0,90.0,False,0,DIM,CLEAR,10,90.0,True,False,0,SAFE,SAFE,SAFE,10,0,100,False,0,10,0,12,100,90.0,False,True,False,False,True,False
8.93,90.09,5099,4,12,0,22.0,30.0,14101.2,90.0,999.0,True,0.0,20.0,0,10,0,False,False,0,DRY,NORMAL,10,0,90.0,False,0,DIM,CLEAR,10,90.0,True,False,0,SAFE,SAFE,SAFE,10,0,100,False,0,10,0,12,100,90.0,False,True,False,False,True,False
8.97,90.28,5110,4,12,0,22.0,30.0,14010.0,90.0,999.0,True,0.0,20.0,0,10,0,False,False,0,DRY,NORMAL,10,0,90.0,False,0,DIM,CLEAR,10,90.0,True,False,0,SAFE,SAFE,SAFE,10,0,100,False,0,10,0,12,100,90.0,False,True,False,False,True,False
9.0,90.45,5120,4,12,0,22.0,30.0,14555.8,90.0,999.0,True,0.0,20.0,0,10,0,False,False,0,DRY,NORMAL,10,0,90.0,False,0,DIM,CLEAR,10,90.0,True,False,0,SAFE,SAFE,SAFE,10,0,100,False,0,10,0,12,100,90.0,False,True,False,False,True,False
9.03,90.56,5126,4,12,0,22.0,30.0,14691.2,90.0,999.0,True,0.0,20.0,0,10,0,False,False,0,DRY,NORMAL,10,0,90.0,False,0,DIM,CLEAR,10,90.0,True,False,0,SAFE,SAFE,SAFE,10,0,100,False,0,10,0,12,100,90.0,False,True,False,False,True,False
9.07,90.6,5128,4,12,0,22.0,30.0,14502.3,90.0,999.0,True,0.0,20.0,0,10,0,False,False,0,DRY,NORMAL,10,0,90.0,False,0,DIM,CLEAR,10,90.0,True,False,0,SAFE,SAFE,SAFE,10,0,100,False,0,10,0,12,100,90.0,False,True,False,False,True,False
9.1,90.57,5126,4,12,0,22.0,30.0,14623.2,90.0,999.0,True,0.0,20.0,0,10,0,False,False,0,DRY,NORMAL,10,0,90.0,False,0,DIM,CLEAR,10,90.0,True,False,0,SAFE,SAFE,SAFE,10,0,100,False,0,10,0,12,100,90.0,False,True,False,False,True,False
9.13,90.51,5123,4,12,0,22.0,30.0,14672.3,90.0,999.0,True,0.0,20.0,0,10,0,False,False,0,DRY,NORMAL,10,0,90.0,False,0,DIM,CLEAR,10,90.0,True,False,0,SAFE,SAFE,SAFE,10,0,100,False,0,10,0,12,100,90.0,False,True,False,False,True,False
9.17,90.41,5118,4,12,0,22.0,30.0,14627.0,90.0,999.0,True,0.0,20.0,0,10,0,False,False,0,DRY,NORMAL,10,0,90.0,False,0,DIM,CLEAR,10,90.0,True,False,0,SAFE,SAFE,SAFE,10,0,100,False,0,10,0,12,100,90.0,False,True,False,False,True,False
9.2,90.3,5111,4,12,0,22.0,30.0,14593.1,90.0,999.0,True,0.0,20.0,0,10,0,False,False,0,DRY,NORMAL,10,0,90.0,False,0,DIM,CLEAR,10,90.0,True,False,0,SAFE,SAFE,SAFE,10,0,100,False,0,10,0,12,100,90.0,False,True,False,False,True,False
9.23,90.18,5104,4,12,0,22.0,30.0,14582.1,90.0,999.0,True,0.0,20.0,0,10,0,False,False,0,DRY,NORMAL,10,0,90.0,False,0,DIM,CLEAR,10,90.0,True,False,0,SAFE,SAFE,SAFE,10,0,100,False,0,10,0,12,100,90.0,False,True,False,False,True,False
9.27,90.05,5097,4,12,0,22.0,30.0,14647.9,90.0,999.0,True,0.0,20.0,0,10,0,False,False,0,DRY,NORMAL,10,0,90.0,False,0,DIM,CLEAR,10,90.0,True,False,0,SAFE,SAFE,SAFE,10,0,100,False,0,10,0,12,100,90.0,False,True,False,False,True,False
9.3,89.91,5089,4,12,0,22.0,30.0,14660.2,90.0,999.0,True,0.0,20.0,0,10,0,False,False,0,DRY,NORMAL,10,0,90.0,False,0,DIM,CLEAR,10,90.0,True,False,0,SAFE,SAFE,SAFE,10,0,100,False,0,10,0,12,100,90.0,False,True,False,False,True,False
9.33,89.77,5081,4,12,0,22.0,30.0,14668.0,90.0,999.0,True,0.0,20.0,0,10,0,False,False,0,DRY,NORMAL,10,0,90.0,False,0,DIM,CLEAR,10,90.0,True,False,0,SAFE,SAFE,SAFE,10,0,100,False,0,10,0,12,100,90.0,False,True,False,False,True,False
9.37,89.64,5074,4,12,0,22.0,30.0,14523.1,90.0,999.0,True,0.0,20.0,0,10,0,False,False,0,DRY,NORMAL,10,0,90.0,False,0,DIM,CLEAR,10,90.0,True,False,0,SAFE,SAFE,SAFE,10,0,100,False,0,10,0,12,100,90.0,False,True,False,False,True,False
9.4,89.53,5068,4,12,0,22.0,30.0,14674.8,90.0,999.0,True,0.0,20.0,0,10,0,False,False,0,DRY,NORMAL,10,0,90.0,False,0,DIM,CLEAR,10,90.0,True,False,0,SAFE,SAFE,SAFE,10,0,100,False,0,10,0,12,100,90.0,False,True,False,False,True,False
9.43,89.46,5064,4,12,0,22.0,30.0,14692.8,90.0,999.0,True,0.0,20.0,0,10,0,False,False,0,DRY,NORMAL,10,0,90.0,False,0,DIM,CLEAR,10,90.0,True,False,0,SAFE,SAFE,SAFE,10,0,100,False,0,10,0,12,100,90.0,False,True,False,False,True,False
9.47,89.44,5063,4,12,0,22.0,30.0,14653.6,90.0,999.0,True,0.0,20.0,0,10,0,False,False,0,DRY,NORMAL,10,0,90.0,False,0,DIM,CLEAR,10,90.0,True,False,0,SAFE,SAFE,SAFE,10,0,100,False,0,10,0,12,100,90.0,False,True,False,False,True,False
9.5,89.47,5064,4,12,0,22.0,30.0,14559.7,90.0,999.0,True,0.0,20.0,0,10,0,False,False,0,DRY,NORMAL,10,0,90.0,False,0,DIM,CLEAR,10,90.0,True,False,0,SAFE,SAFE,SAFE,10,0,100,False,0,10,0,12,100,90.0,False,True,False,False,True,False
9.53,89.54,5068,4,12,0,22.0,30.0,14638.7,90.0,999.0,True,0.0,20.0,0,10,0,False,False,0,DRY,NORMAL,10,0,90.0,False,0,DIM,CLEAR,10,90.0,True,False,0,SAFE,SAFE,SAFE,10,0,100,False,0,10,0,12,100,90.0,False,True,False,False,True,False
9.57,89.65,5075,4,12,0,22.0,30.0,14685.6,90.0,999.0,True,0.0,20.0,0,10,0,False,False,0,DRY,NORMAL,10,0,90.0,False,0,DIM,CLEAR,10,90.0,True,False,0,SAFE,SAFE,SAFE,10,0,100,False,0,10,0,12,100,90.0,False,True,False,False,True,False
9.6,89.79,5083,4,12,0,22.0,30.0,14535.6,90.0,999.0,True,0.0,20.0,0,10,0,False,False,0,DRY,NORMAL,10,0,90.0,False,0,DIM,CLEAR,10,90.0,True,False,0,SAFE,SAFE,SAFE,10,0,100,False,0,10,0,12,100,90.0,False,True,False,False,True,False
9.63,89.96,5092,4,12,0,22.0,30.0,14667.0,90.0,999.0,True,0.0,20.0,0,10,0,False,False,0,DRY,NORMAL,10,0,90.0,False,0,DIM,CLEAR,10,90.0,True,False,0,SAFE,SAFE,SAFE,10,0,100,False,0,10,0,12,100,90.0,False,True,False,False,True,False
9.67,90.15,5103,4,12,0,22.0,30.0,14587.6,90.0,999.0,True,0.0,20.0,0,10,0,False,False,0,DRY,NORMAL,10,0,90.0,False,0,DIM,CLEAR,10,90.0,True,False,0,SAFE,SAFE,SAFE,10,0,100,False,0,10,0,12,100,90.0,False,True,False,False,True,False
9.7,90.35,5114,4,12,0,22.0,30.0,14617.5,90.0,999.0,True,0.0,20.0,0,10,0,False,False,0,DRY,NORMAL,10,0,90.0,False,0,DIM,CLEAR,10,90.0,True,False,0,SAFE,SAFE,SAFE,10,0,100,False,0,10,0,12,100,90.0,False,True,False,False,True,False
9.73,90.52,5123,4,12,0,22.0,30.0,14678.9,90.0,999.0,True,0.0,20.0,0,10,0,False,False,0,DRY,NORMAL,10,0,90.0,False,0,DIM,CLEAR,10,90.0,True,False,0,SAFE,SAFE,SAFE,10,0,100,False,0,10,0,12,100,90.0,False,True,False,False,True,False
9.77,90.63,5130,4,12,0,22.0,30.0,14658.5,90.0,999.0,True,0.0,20.0,0,10,0,False,False,0,DRY,NORMAL,10,0,90.0,False,0,DIM,CLEAR,10,90.0,True,False,0,SAFE,SAFE,SAFE,10,0,100,False,0,10,0,12,100,90.0,False,True,False,False,True,False
9.8,90.66,5132,4,12,0,22.0,30.0,14624.0,90.0,999.0,True,0.0,20.0,0,10,0,False,False,0,DRY,NORMAL,10,0,90.0,False,0,DIM,CLEAR,10,90.0,True,False,0,SAFE,SAFE,SAFE,10,0,100,False,0,10,0,12,100,90.0,False,True,False,False,True,False
9.83,90.63,5130,4,12,0,22.0,30.0,14503.0,90.0,999.0,True,0.0,20.0,0,10,0,False,False,0,DRY,NORMAL,10,0,90.0,False,0,DIM,CLEAR,10,90.0,True,False,0,SAFE,SAFE,SAFE,10,0,100,False,0,10,0,12,100,90.0,False,True,False,False,True,False
9.87,90.57,5126,4,12,0,22.0,30.0,14559.1,90.0,999.0,True,0.0,20.0,0,10,0,False,False,0,DRY,NORMAL,10,0,90.0,False,0,DIM,CLEAR,10,90.0,True,False,0,SAFE,SAFE,SAFE,10,0,100,False,0,10,0,12,100,90.0,False,True,False,False,True,False
9.9,90.48,5121,4,12,0,22.0,30.0,14550.7,90.0,999.0,True,0.0,20.0,0,10,0,False,False,0,DRY,NORMAL,10,0,90.0,False,0,DIM,CLEAR,10,90.0,True,False,0,SAFE,SAFE,SAFE,10,0,100,False,0,10,0,12,100,90.0,False,True,False,False,True,False
9.93,90.37,5115,4,12,0,22.0,30.0,14574.4,90.0,999.0,True,0.0,20.0,0,10,0,False,False,0,DRY,NORMAL,10,0,90.0,False,0,DIM,CLEAR,10,90.0,True,False,0,SAFE,SAFE,SAFE,10,0,100,False,0,10,0,12,100,90.0,False,True,False,False,True,False
9.97,90.24,5108,4,12,0,22.0,30.0,14520.6,90.0,999.0,True,0.0,20.0,0,10,0,False,False,0,DRY,NORMAL,10,0,90.0,False,0,DIM,CLEAR,10,90.0,True,False,0,SAFE,SAFE,SAFE,10,0,100,False,0,10,0,12,100,90.0,False,True,False,False,True,False
10.0,90.11,5100,4,12,0,22.0,30.0,15168.8,90.0,999.0,True,0.0,20.0,0,10,0,False,False,0,DRY,NORMAL,10,0,90.0,False,0,DIM,CLEAR,10,90.0,True,False,0,SAFE,SAFE,SAFE,10,0,100,False,0,10,0,12,100,90.0,False,True,False,False,True,False
10.03,89.97,5093,4,12,0,22.0,30.0,15139.1,90.0,999.0,True,0.0,20.0,0,10,0,False,False,0,DRY,NORMAL,10,0,90.0,False,0,DIM,CLEAR,10,90.0,True,False,0,SAFE,SAFE,SAFE,10,0,100,False,0,10,0,12,100,90.0,False,True,False,False,True,False
10.07,89.83,5085,4,12,0,22.0,30.0,15164.4,90.0,999.0,True,0.0,20.0,0,10,0,False,False,0,DRY,NORMAL,10,0,90.0,False,0,DIM,CLEAR,10,90.0,True,False,0,SAFE,SAFE,SAFE,10,0,100,False,0,10,0,12,100,90.0,False,True,False,False,True,False
10.1,89.7,5077,4,12,0,22.0,30.0,15103.1,90.0,999.0,True,0.0,20.0,0,10,0,False,False,0,DRY,NORMAL,10,0,90.0,False,0,DIM,CLEAR,10,90.0,True,False,0,SAFE,SAFE,SAFE,10,0,100,False,0,10,0,12,100,90.0,False,True,False,False,True,False
10.13,89.6,5071,4,12,0,22.0,30.0,15156.2,90.0,999.0,True,0.0,20.0,0,10,0,False,False,0,DRY,NORMAL,10,0,90.0,False,0,DIM,CLEAR,10,90.0,True,False,0,SAFE,SAFE,SAFE,10,0,100,False,0,10,0,12,100,90.0,False,True,False,False,True,False
10.17,89.53,5067,4,12,0,22.0,30.0,15146.7,90.0,999.0,True,0.0,20.0,0,10,0,False,False,0,DRY,NORMAL,10,0,90.0,False,0,DIM,CLEAR,10,90.0,True,False,0,SAFE,SAFE,SAFE,10,0,100,False,0,10,0,12,100,90.0,False,True,False,False,True,False
10.2,89.5,5066,4,12,0,22.0,30.0,15134.2,90.0,999.0,True,0.0,20.0,0,10,0,False,False,0,DRY,NORMAL,10,0,90.0,False,0,DIM,CLEAR,10,90.0,True,False,0,SAFE,SAFE,SAFE,10,0,100,False,0,10,0,12,100,90.0,False,True,False,False,True,False
10.23,89.53,5068,4,12,0,22.0,30.0,15228.3,90.0,999.0,True,0.0,20.0,0,10,0,False,False,0,DRY,NORMAL,10,0,90.0,False,0,DIM,CLEAR,10,90.0,True,False,0,SAFE,SAFE,SAFE,10,0,100,False,0,10,0,12,100,90.0,False,True,False,False,True,False
10.27,89.61,5072,4,12,0,22.0,30.0,15088.0,90.0,999.0,True,0.0,20.0,0,10,0,False,False,0,DRY,NORMAL,10,0,90.0,False,0,DIM,CLEAR,10,90.0,True,False,0,SAFE,SAFE,SAFE,10,0,100,False,0,10,0,12,100,90.0,False,True,False,False,True,False
10.3,89.72,5078,4,12,0,22.0,30.0,15152.9,90.0,999.0,True,0.0,20.0,0,10,0,False,False,0,DRY,NORMAL,10,0,90.0,False,0,DIM,CLEAR,10,90.0,True,False,0,SAFE,SAFE,SAFE,10,0,100,False,0,10,0,12,100,90.0,False,True,False,False,True,False
10.33,89.86,5086,4,12,0,22.0,30.0,15174.8,90.0,999.0,True,0.0,20.0,0,10,0,False,False,0,DRY,NORMAL,10,0,90.0,False,0,DIM,CLEAR,10,90.0,True,False,0,SAFE,SAFE,SAFE,10,0,100,False,0,10,0,12,100,90.0,False,True,False,False,True,False
10.37,90.03,5096,4,12,0,22.0,30.0,15145.7,90.0,999.0,True,0.0,20.0,0,10,0,False,False,0,DRY,NORMAL,10,0,90.0,False,0,DIM,CLEAR,10,90.0,True,False,0,SAFE,SAFE,SAFE,10,0,100,False,0,10,0,12,100,90.0,False,True,False,False,True,False
10.4,90.21,5106,4,12,0,22.0,30.0,15092.9,90.0,999.0,True,0.0,20.0,0,10,0,False,False,0,DRY,NORMAL,10,0,90.0,False,0,DIM,CLEAR,10,90.0,True,False,0,SAFE,SAFE,SAFE,10,0,100,False,0,10,0,12,100,90.0,False,True,False,False,True,False
10.43,90.36,5115,4,12,0,22.0,30.0,15213.1,90.0,999.0,True,0.0,20.0,0,10,0,False,False,0,DRY,NORMAL,10,0,90.0,False,0,DIM,CLEAR,10,90.0,True,False,0,SAFE,SAFE,SAFE,10,0,100,False,0,10,0,12,100,90.0,False,True,False,False,True,False
10.47,90.46,5120,4,12,0,22.0,30.0,15095.4,90.0,999.0,True,0.0,20.0,0,10,0,False,False,0,DRY,NORMAL,10,0,90.0,False,0,DIM,CLEAR,10,90.0,True,False,0,SAFE,SAFE,SAFE,10,0,100,False,0,10,0,12,100,90.0,False,True,False,False,True,False
10.5,90.49,5122,4,12,0,22.0,30.0,15143.4,90.0,999.0,True,0.0,20.0,0,10,0,False,False,0,DRY,NORMAL,10,0,90.0,False,0,DIM,CLEAR,10,90.0,True,False,0,SAFE,SAFE,SAFE,10,0,100,False,0,10,0,12,100,90.0,False,True,False,False,True,False
10.53,90.46,5120,4,12,0,22.0,30.0,15143.8,90.0,999.0,True,0.0,20.0,0,10,0,False,False,0,DRY,NORMAL,10,0,90.0,False,0,DIM,CLEAR,10,90.0,True,False,0,SAFE,SAFE,SAFE,10,0,100,False,0,10,0,12,100,90.0,False,True,False,False,True,False
10.57,90.39,5116,4,12,0,22.0,30.0,15129.0,90.0,999.0,True,0.0,20.0,0,10,0,False,False,0,DRY,NORMAL,10,0,90.0,False,0,DIM,CLEAR,10,90.0,True,False,0,SAFE,SAFE,SAFE,10,0,100,False,0,10,0,12,100,90.0,False,True,False,False,True,False
10.6,90.3,5111,4,12,0,22.0,30.0,15213.2,90.0,999.0,True,0.0,20.0,0,10,0,False,False,0,DRY,NORMAL,10,0,90.0,False,0,DIM,CLEAR,10,90.0,True,False,0,SAFE,SAFE,SAFE,10,0,100,False,0,10,0,12,100,90.0,False,True,False,False,True,False
10.63,90.18,5105,4,12,0,22.0,30.0,15107.7,90.0,999.0,True,0.0,20.0,0,10,0,False,False,0,DRY,NORMAL,10,0,90.0,False,0,DIM,CLEAR,10,90.0,True,False,0,SAFE,SAFE,SAFE,10,0,100,False,0,10,0,12,100,90.0,False,True,False,False,True,False
10.67,90.06,5098,4,12,0,22.0,30.0,15092.8,90.0,999.0,True,0.0,20.0,0,10,0,False,False,0,DRY,NORMAL,10,0,90.0,False,0,DIM,CLEAR,10,90.0,True,False,0,SAFE,SAFE,SAFE,10,0,100,False,0,10,0,12,100,90.0,False,True,False,False,True,False
10.7,89.93,5090,4,12,0,22.0,30.0,15091.3,90.0,999.0,True,0.0,20.0,0,10,0,False,False,0,DRY,NORMAL,10,0,90.0,False,0,DIM,CLEAR,10,90.0,True,False,0,SAFE,SAFE,SAFE,10,0,100,False,0,10,0,12,100,90.0,False,True,False,False,True,False
10.73,89.79,5082,4,12,0,22.0,30.0,15066.4,90.0,999.0,True,0.0,20.0,0,10,0,False,False,0,DRY,NORMAL,10,0,90.0,False,0,DIM,CLEAR,10,90.0,True,False,0,SAFE,SAFE,SAFE,10,0,100,False,0,10,0,12,100,90.0,False,True,False,False,True,False
10.77,89.66,5075,4,12,0,22.0,30.0,15067.4,90.0,999.0,True,0.0,20.0,0,10,0,False,False,0,DRY,NORMAL,10,0,90.0,False,0,DIM,CLEAR,10,90.0,True,False,0,SAFE,SAFE,SAFE,10,0,100,False,0,10,0,12,100,90.0,False,True,False,False,True,False
10.8,89.56,5069,4,12,0,22.0,30.0,15135.5,90.0,999.0,True,0.0,20.0,0,10,0,False,False,0,DRY,NORMAL,10,0,90.0,False,0,DIM,CLEAR,10,90.0,True,False,0,SAFE,SAFE,SAFE,10,0,100,False,0,10,0,12,100,90.0,False,True,False,False,True,False
10.83,89.49,5066,4,12,0,22.0,30.0,15143.6,90.0,999.0,True,0.0,20.0,0,10,0,False,False,0,DRY,NORMAL,10,0,90.0,False,0,DIM,CLEAR,10,90.0,True,False,0,SAFE,SAFE,SAFE,10,0,100,False,0,10,0,12,100,90.0,False,True,False,False,True,False
10.87,89.47,5064,4,12,0,22.0,30.0,15184.3,90.0,999.0,True,0.0,20.0,0,10,0,False,False,0,DRY,NORMAL,10,0,90.0,False,0,DIM,CLEAR,10,90.0,True,False,0,SAFE,SAFE,SAFE,10,0,100,False,0,10,0,12,100,90.0,False,True,False,False,True,False
10.9,89.5,5066,4,12,0,22.0,30.0,15148.5,90.0,999.0,True,0.0,20.0,0,10,0,False,False,0,DRY,NORMAL,10,0,90.0,False,0,DIM,CLEAR,10,90.0,True,False,0,SAFE,SAFE,SAFE,10,0,100,False,0,10,0,12,100,90.0,False,True,False,False,True,False
10.93,89.58,5070,4,12,0,22.0,30.0,15239.7,90.0,999.0,True,0.0,20.0,0,10,0,False,False,0,DRY,NORMAL,10,0,90.0,False,0,DIM,CLEAR,10,90.0,True,False,0,SAFE,SAFE,SAFE,10,0,100,False,0,10,0,12,100,90.0,False,True,False,False,True,False
10.97,89.69,5077,4,12,0,22.0,30.0,15146.4,90.0,999.0,True,0.0,20.0,0,10,0,False,False,0,DRY,NORMAL,10,0,90.0,False,0,DIM,CLEAR,10,90.0,True,False,0,SAFE,SAFE,SAFE,10,0,100,False,0,10,0,12,100,90.0,False,True,False,False,True,False
11.0,89.83,5085,4,12,0,22.0,30.0,15575.4,90.0,999.0,True,0.0,20.0,0,10,0,False,False,0,DRY,NORMAL,10,0,90.0,False,0,DIM,CLEAR,10,90.0,True,False,0,SAFE,SAFE,SAFE,10,0,100,False,0,10,0,12,100,90.0,False,True,False,False,True,False
11.03,90.0,5094,4,12,0,22.0,30.0,15576.0,90.0,999.0,True,0.0,20.0,0,10,0,False,False,0,DRY,NORMAL,10,0,90.0,False,0,DIM,CLEAR,10,90.0,True,False,0,SAFE,SAFE,SAFE,10,0,100,False,0,10,0,12,100,90.0,False,True,False,False,True,False
11.07,90.18,5105,4,12,0,22.0,30.0,15724.8,90.0,999.0,True,0.0,20.0,0,10,0,False,False,0,DRY,NORMAL,10,0,90.0,False,0,DIM,CLEAR,10,90.0,True,False,0,SAFE,SAFE,SAFE,10,0,100,False,0,10,0,12,100,90.0,False,True,False,False,True,False
11.1,90.38,5116,4,12,0,22.0,30.0,15660.2,90.0,999.0,True,0.0,20.0,0,10,0,False,False,0,DRY,NORMAL,10,0,90.0,False,0,DIM,CLEAR,10,90.0,True,False,0,SAFE,SAFE,SAFE,10,0,100,False,0,10,0,12,100,89.57031614559668,False,True,False,False,True,False
11.13,90.55,5126,4,12,0,22.0,30.0,15580.4,90.0,999.0,True,0.0,20.0,0,10,0,False,False,0,DRY,NORMAL,10,0,90.0,False,0,DIM,CLEAR,10,90.0,True,False,0,SAFE,SAFE,SAFE,10,0,100,False,0,10,0,12,100,89.57031614559668,False,True,False,False,True,False
11.17,90.66,5132,4,12,0,22.0,30.0,15762.9,90.0,999.0,True,0.0,20.0,0,10,0,False,False,0,DRY,NORMAL,10,0,90.0,False,0,DIM,CLEAR,10,90.0,True,False,0,SAFE,SAFE,SAFE,10,0,100,False,0,10,0,12,100,89.57031614559668,False,True,False,False,True,False
11.2,90.7,5134,4,12,0,22.0,30.0,15706.8,90.0,999.0,True,0.0,20.0,0,10,0,False,False,0,DRY,NORMAL,10,0,90.0,False,0,DIM,CLEAR,10,90.0,True,False,0,SAFE,SAFE,SAFE,10,0,100,False,0,10,0,12,100,89.57031614559668,False,True,False,False,True,False
11.23,90.67,5132,4,12,0,22.0,30.0,15599.4,90.0,999.0,True,0.0,20.0,0,10,0,False,False,0,DRY,NORMAL,10,0,90.0,False,0,DIM,CLEAR,10,90.0,True,False,0,SAFE,SAFE,SAFE,10,0,100,False,0,10,0,12,100,87.24926497478079,False,True,False,False,True,False
11.27,90.61,5129,4,12,0,22.0,30.0,15729.5,90.0,999.0,True,0.0,20.0,0,10,0,False,False,0,DRY,NORMAL,10,0,90.0,False,0,DIM,CLEAR,10,90.0,True,False,0,SAFE,SAFE,SAFE,10,0,100,False,0,10,0,12,100,87.24926497478079,False,True,False,False,True,False
11.3,90.51,5123,4,12,0,22.0,30.0,15679.1,90.0,999.0,True,0.0,20.0,0,10,0,False,False,0,DRY,NORMAL,10,0,90.0,False,0,DIM,CLEAR,10,90.0,True,False,0,SAFE,SAFE,SAFE,10,0,100,False,0,10,0,12,100,87.24926497478079,False,True,False,False,True,False
11.33,90.4,5117,4,12,0,22.0,30.0,15693.2,90.0,999.0,True,0.0,20.0,0,10,0,False,False,0,DRY,NORMAL,10,0,90.0,False,0,DIM,CLEAR,10,90.0,True,False,0,SAFE,SAFE,SAFE,10,0,100,False,0,10,0,12,100,85.09972769177368,False,True,False,False,True,False
11.37,90.23,5107,4,12,0,22.0,30.0,15665.5,90.0,999.0,True,0.0,20.0,0,10,0,False,False,0,DRY,NORMAL,10,0,90.0,False,0,DIM,CLEAR,10,90.0,True,False,0,SAFE,SAFE,SAFE,10,0,100,False,0,10,0,12,100,85.09972769177368,False,True,False,False,True,False
11.4,89.96,5092,4,12,0,22.0,30.0,15636.6,90.0,999.0,True,0.0,20.0,0,10,0,False,False,0,DRY,NORMAL,10,0,90.0,False,0,DIM,CLEAR,10,90.0,True,False,0,SAFE,SAFE,SAFE,10,0,100,False,0,10,0,12,100,85.09972769177368,False,True,False,False,True,False
11.43,89.76,5080,4,12,0,22.0,30.0,15679.9,90.0,999.0,True,0.0,20.0,0,10,0,False,False,0,DRY,NORMAL,10,0,90.0,False,0,DIM,CLEAR,10,90.0,True,False,0,SAFE,SAFE,SAFE,10,0,100,False,0,10,0,12,100,85.55494320250668,False,True,False,False,True,False
11.47,89.61,5072,4,12,0,22.0,30.0,15694.3,90.0,999.0,True,0.0,20.0,0,10,0,False,False,0,DRY,NORMAL,10,0,90.0,False,0,DIM,CLEAR,10,90.0,True,False,0,SAFE,SAFE,SAFE,10,0,100,False,0,10,0,12,100,83.44714848111273,False,True,False,False,True,False
11.5,89.42,5061,4,12,0,22.0,30.0,15618.1,90.0,999.0,True,0.0,20.0,0,10,0,False,False,0,DRY,NORMAL,10,0,90.0,False,0,DIM,CLEAR,10,90.0,True,False,0,SAFE,SAFE,SAFE,10,0,100,False,0,10,0,12,100,83.44714848111273,False,True,False,False,True,False
11.53,89.13,5045,4,12,0,22.0,30.0,15720.4,90.0,999.0,True,0.0,20.0,0,10,0,False,False,0,DRY,NORMAL,10,0,90.0,False,0,DIM,CLEAR,10,90.0,True,False,0,SAFE,SAFE,SAFE,10,0,100,False,0,10,0,12,100,83.44714848111273,False,True,False,False,True,False
11.57,88.84,5029,4,12,0,22.0,30.0,15675.3,90.0,999.0,True,0.0,20.0,0,10,0,False,False,0,DRY,NORMAL,10,0,90.0,False,0,DIM,CLEAR,10,90.0,True,False,0,SAFE,SAFE,SAFE,10,0,100,False,0,10,0,12,100,83.44714848111273,False,True,False,False,True,False
11.6,88.56,5013,4,12,0,22.0,30.0,15760.9,90.0,999.0,True,0.0,20.0,0,10,0,False,False,0,DRY,NORMAL,10,0,90.0,False,0,DIM,CLEAR,10,90.0,True,False,0,SAFE,SAFE,SAFE,10,0,100,False,0,10,0,12,100,81.48788312491892,False,True,False,False,True,False
11.63,88.27,4996,4,12,0,22.0,30.0,15759.3,90.0,999.0,True,0.0,20.0,0,10,0,False,False,0,DRY,NORMAL,10,0,90.0,False,0,DIM,CLEAR,10,90.0,True,False,0,SAFE,SAFE,SAFE,10,0,100,False,0,10,0,12,100,81.48788312491892,False,True,False,False,True,False
11.67,87.98,4980,4,12,0,22.0,30.0,15577.9,90.0,999.0,True,0.0,20.0,0,10,0,False,False,0,DRY,NORMAL,10,0,90.0,False,0,DIM,CLEAR,10,90.0,True,False,0,SAFE,SAFE,SAFE,10,0,100,False,0,10,0,12,100,81.48788312491892,False,True,False,False,True,False
11.7,87.69,4963,4,12,0,22.0,30.0,15651.7,90.0,999.0,True,0.0,20.0,0,10,0,False,False,0,DRY,NORMAL,10,0,90.0,False,0,DIM,CLEAR,10,90.0,True,False,0,SAFE,SAFE,SAFE,10,0,100,False,0,10,0,12,100,79.66044777353626,False,True,False,False,True,False
11.73,87.4,4947,4,12,0,22.0,30.0,15754.4,90.0,999.0,True,0.0,20.0,0,10,0,False,False,0,DRY,NORMAL,10,0,90.0,False,0,DIM,CLEAR,10,90.0,True,False,0,SAFE,SAFE,SAFE,10,0,100,False,0,10,0,12,100,79.66044777353626,False,True,False,False,True,False
11.77,87.11,4931,4,12,0,22.0,30.0,15611.3,90.0,999.0,True,0.0,20.0,0,10,0,False,False,0,DRY,NORMAL,10,0,90.0,False,0,DIM,CLEAR,10,90.0,True,False,0,SAFE,SAFE,SAFE,10,0,100,False,0,10,0,12,100,79.66044777353626,False,True,False,False,True,False
11.8,86.83,4915,4,12,0,22.0,30.0,15695.7,90.0,999.0,True,0.0,20.0,0,10,0,False,False,0,DRY,NORMAL,10,0,90.0,False,0,DIM,CLEAR,10,90.0,True,False,0,SAFE,SAFE,SAFE,10,0,100,False,0,10,0,12,100,79.66044777353626,False,True,False,False,True,False
11.83,86.54,4898,4,12,0,22.0,30.0,15641.2,90.0,999.0,True,0.0,20.0,0,10,0,False,False,0,DRY,NORMAL,10,0,90.0,False,0,DIM,CLEAR,10,90.0,True,False,0,SAFE,SAFE,SAFE,10,0,100,False,0,10,0,12,100,77.95064839190985,False,True,False,False,True,False
11.87,86.25,4882,4,12,0,22.0,30.0,15688.0,90.0,999.0,True,0.0,20.0,0,10,0,False,False,0,DRY,NORMAL,10,0,90.0,False,0,DIM,CLEAR,10,90.0,True,False,0,SAFE,SAFE,SAFE,10,0,100,False,0,10,0,12,100,77.95064839190985,False,True,False,False,True,False
11.9,85.96,4866,4,12,0,22.0,30.0,15715.9,90.0,999.0,True,0.0,20.0,0,10,0,False,False,0,DRY,NORMAL,10,0,90.0,False,0,DIM,CLEAR,10,90.0,True,False,0,SAFE,SAFE,SAFE,10,0,100,False,0,10,0,12,100,78.05097989071686,False,True,False,False,True,False
11.93,85.68,4850,4,12,0,22.0,30.0,15748.5,90.0,999.0,True,0.0,20.0,0,10,0,False,False,0,DRY,NORMAL,10,0,90.0,False,0,DIM,CLEAR,10,90.0,True,False,0,SAFE,SAFE,SAFE,10,0,100,False,0,10,0,12,100,78.05097989071686,False,True,False,False,True,False
11.97,85.39,4833,4,12,0,22.0,30.0,15738.4,90.0,999.0,True,0.0,20.0,0,10,0,False,False,0,DRY,NORMAL,10,0,90.0,False,0,DIM,CLEAR,10,90.0,True,False,0,SAFE,SAFE,SAFE,10,0,100,False,0,10,0,12,100,76.3757254717125,False,True,False,False,True,False
12.0,85.11,4817,4,12,0,22.0,30.0,16235.1,90.0,999.0,True,0.0,20.0,0,10,0,False,False,0,DRY,NORMAL,10,0,90.0,False,0,DIM,CLEAR,10,90.0,True,False,0,SAFE,SAFE,SAFE,10,0,100,False,0,10,0,12,100,76.3757254717125,False,True,False,False,True,False
12.03,84.82,4801,4,12,0,22.0,30.0,16084.8,90.0,999.0,True,0.0,20.0,0,10,0,False,False,0,DRY,NORMAL,10,0,90.0,False,0,DIM,CLEAR,10,90.0,True,False,0,SAFE,SAFE,SAFE,10,0,100,False,0,10,0,12,100,76.3757254717125,False,True,False,False,True,False
12.07,84.54,4785,4,12,0,22.0,30.0,16213.0,90.0,999.0,True,0.0,20.0,0,10,0,False,False,0,DRY,NORMAL,10,0,90.0,False,0,DIM,CLEAR,10,90.0,True,False,0,SAFE,SAFE,SAFE,10,0,100,False,0,10,0,12,100,76.3757254717125,False,True,False,False,True,False
12.1,84.25,4769,4,12,0,22.0,30.0,16284.4,90.0,999.0,True,0.0,20.0,0,10,0,False,False,0,DRY,NORMAL,10,0,90.0,False,0,DIM,CLEAR,10,90.0,True,False,0,SAFE,SAFE,SAFE,10,0,100,False,0,10,0,12,100,75.65361804079814,False,True,False,False,True,False
12.13,83.97,4753,4,12,0,22.0,30.0,16101.7,90.0,999.0,True,0.0,20.0,0,10,0,False,False,0,DRY,NORMAL,10,0,90.0,False,0,DIM,CLEAR,10,90.0,True,False,0,SAFE,SAFE,SAFE,10,0,100,False,0,10,0,12,100,75.65361804079814,False,True,False,False,True,False
12.17,83.69,4737,4,12,0,22.0,30.0,16255.3,90.0,999.0,True,0.0,20.0,0,10,0,False,False,0,DRY,NORMAL,10,0,90.0,False,0,DIM,CLEAR,10,90.0,True,False,0,SAFE,SAFE,SAFE,10,0,100,False,0,10,0,12,100,75.65361804079814,False,True,False,False,True,False
12.2,83.41,4721,4,12,0,22.0,30.0,16181.4,90.0,999.0,True,0.0,20.0,0,10,0,False,False,0,DRY,NORMAL,10,0,90.0,False,0,DIM,CLEAR,10,90.0,True,False,0,SAFE,SAFE,SAFE,10,0,100,False,0,10,0,12,100,75.65361804079814,False,True,False,False,True,False
12.23,83.13,4705,4,12,0,22.0,30.0,16126.7,90.0,999.0,True,0.0,20.0,0,10,0,False,False,0,DRY,NORMAL,10,0,90.0,False,0,DIM,CLEAR,10,90.0,True,False,0,SAFE,SAFE,SAFE,10,0,100,False,0,10,0,12,100,60.06244668538834,False,True,False,False,True,False
12.27,82.79,4686,4,12,0,22.0,30.0,16110.6,90.0,999.0,True,0.0,20.0,0,10,0,False,False,0,DRY,NORMAL,10,0,90.0,False,0,DIM,CLEAR,10,90.0,True,False,0,SAFE,SAFE,SAFE,10,0,100,False,0,10,0,12,100,60.508458888956575,False,True,False,False,True,False
12.3,82.35,4661,4,12,0,22.0,30.0,16107.6,90.0,999.0,True,0.0,20.0,0,10,0,False,False,0,DRY,NORMAL,10,0,90.0,False,0,DIM,CLEAR,10,90.0,True,False,0,SAFE,SAFE,SAFE,10,0,100,False,0,10,0,12,100,61.06294495109142,False,True,False,False,True,False
12.33,81.9,4635,4,12,0,22.0,30.0,16213.7,90.0,999.0,True,0.0,20.0,0,10,0,False,False,0,DRY,NORMAL,10,0,90.0,False,0,DIM,CLEAR,10,90.0,True,False,0,SAFE,SAFE,SAFE,10,0,100,False,0,10,0,12,100,61.67727478345463,False,True,False,False,True,False
12.37,81.44,4610,4,12,0,22.0,30.0,16133.3,90.0,999.0,True,0.0,20.0,0,10,0,False,False,0,DRY,NORMAL,10,0,90.0,False,0,DIM,CLEAR,10,90.0,True,False,0,SAFE,SAFE,SAFE,10,0,100,False,0,10,0,12,100,48.695674735738386,False,True,False,False,True,False
12.4,80.94,4581,4,12,0,22.0,30.0,16112.1,90.0,999.0,True,0.0,20.0,0,10,0,False,False,0,DRY,NORMAL,10,0,90.0,False,0,DIM,CLEAR,10,90.0,True,False,0,SAFE,SAFE,SAFE,10,0,100,False,0,10,0,12,100,49.13645590788919,False,True,False,False,True,False
12.43,80.32,4546,4,12,0,22.0,30.0,16190.6,90.0,999.0,True,0.0,20.0,0,10,0,False,False,0,DRY,NORMAL,10,0,90.0,False,0,DIM,CLEAR,10,90.0,True,False,0,SAFE,SAFE,CAUTION,7,0,80,False,0,7,0,12,80,49.63004471202117,False,True,False,False,True,False
12.47,79.69,4511,4,12,0,22.0,30.0,16160.5,90.0,999.0,True,0.0,20.0,0,10,0,False,False,0,DRY,NORMAL,10,0,90.0,False,0,DIM,CLEAR,10,90.0,True,False,0,SAFE,SAFE,CAUTION,7,0,80,False,0,7,0,12,80,50.13959414173034,False,True,False,False,True,False
12.5,79.07,4475,4,12,0,22.0,30.0,16138.3,90.0,999.0,True,0.0,20.0,0,10,0,False,False,0,DRY,NORMAL,10,0,90.0,False,0,DIM,CLEAR,10,90.0,True,False,0,SAFE,SAFE,CAUTION,7,0,80,False,0,7,0,12,80,41.589490320440504,False,True,False,False,True,False
12.53,78.44,4440,4,12,0,22.0,30.0,16111.3,90.0,999.0,True,0.0,20.0,0,10,0,False,False,0,DRY,NORMAL,10,0,90.0,False,0,DIM,CLEAR,10,90.0,True,False,0,SAFE,SAFE,CAUTION,7,0,80,False,0,7,0,12,80,41.94795454902771,False,True,False,False,True,False
12.57,77.81,4404,4,12,0,22.0,30.0,16197.0,90.0,999.0,True,0.0,20.0,0,10,0,False,False,0,DRY,NORMAL,10,0,90.0,False,0,DIM,CLEAR,10,90.0,True,False,0,SAFE,SAFE,CAUTION,7,0,80,False,0,7,0,12,80,42.31555983729545,False,True,False,False,True,False
12.6,77.19,4369,4,12,0,22.0,30.0,16167.9,90.0,999.0,True,0.0,20.0,0,10,0,False,False,0,DRY,NORMAL,10,0,90.0,False,0,DIM,CLEAR,10,90.0,True,False,0,SAFE,SAFE,CAUTION,7,0,80,False,0,7,0,12,80,42.679190103960124,False,True,False,False,True,False
12.63,76.56,4333,4,12,0,22.0,30.0,16091.0,90.0,999.0,True,0.0,20.0,0,10,0,False,False,0,DRY,NORMAL,10,0,90.0,False,0,DIM,CLEAR,10,90.0,True,False,0,SAFE,SAFE,CAUTION,7,0,80,False,0,7,0,12,80,36.51774080452302,False,True,False,False,True,False
12.67,75.94,4298,4,12,0,22.0,30.0,16132.6,90.0,999.0,True,0.0,20.0,0,10,0,False,False,0,DRY,NORMAL,10,0,90.0,False,0,DIM,CLEAR,10,90.0,True,False,0,SAFE,SAFE,CAUTION,7,0,80,False,0,7,0,12,80,36.81686236242801,False,True,False,False,True,False
12.7,75.31,4263,4,12,0,22.0,30.0,16166.1,90.0,999.0,True,0.0,20.0,0,10,0,False,False,0,DRY,NORMAL,10,0,90.0,False,0,DIM,CLEAR,10,90.0,True,False,0,SAFE,SAFE,CAUTION,7,0,80,False,0,7,0,12,80,37.1292085054593,False,True,False,False,True,False
12.73,74.68,4227,4,12,0,22.0,30.0,16116.4,90.0,999.0,True,0.0,20.0,0,10,0,False,False,0,DRY,NORMAL,10,0,90.0,False,0,DIM,CLEAR,10,90.0,True,False,0,SAFE,SAFE,CAUTION,7,0,80,False,0,7,0,12,80,37.4429536843306,False,True,False,False,True,False
12.77,74.06,4192,4,12,0,22.0,30.0,16175.1,90.0,999.0,True,0.0,20.0,0,10,0,False,False,0,DRY,NORMAL,10,0,90.0,False,0,DIM,CLEAR,10,90.0,True,False,0,SAFE,SAFE,CAUTION,7,0,80,False,0,7,0,12,80,37.74619815425653,False,True,False,False,True,False
12.8,73.44,4157,4,12,0,22.0,30.0,16172.0,90.0,999.0,True,0.0,20.0,0,10,0,False,False,0,DRY,NORMAL,10,0,90.0,False,0,DIM,CLEAR,10,90.0,True,False,0,SAFE,SAFE,CAUTION,7,0,80,False,0,7,0,12,80,33.07091994438445,False,True,False,False,True,False
12.83,72.81,4121,4,12,0,22.0,30.0,16240.3,90.0,999.0,True,0.0,20.0,0,10,0,False,False,0,DRY,NORMAL,10,0,90.0,False,0,DIM,CLEAR,10,90.0,True,False,0,SAFE,SAFE,CAUTION,7,0,80,False,0,7,0,12,80,33.348842150179635,False,True,False,False,True,False
12.87,72.19,4086,4,12,0,22.0,30.0,16086.7,90.0,999.0,True,0.0,20.0,0,10,0,False,False,0,DRY,NORMAL,10,0,90.0,False,0,DIM,CLEAR,10,90.0,True,False,0,SAFE,SAFE,CAUTION,7,0,80,False,0,7,0,12,80,33.63393813093556,False,True,False,False,True,False
12.9,71.56,4051,4,12,0,22.0,30.0,16207.6,90.0,999.0,True,0.0,20.0,0,10,0,False,False,0,DRY,NORMAL,10,0,90.0,False,0,DIM,CLEAR,10,90.0,True,False,0,SAFE,SAFE,CAUTION,7,0,80,False,0,7,0,12,80,33.91609101357927,False,True,False,False,True,False
12.93,70.94,4015,4,12,0,22.0,30.0,16201.8,90.0,999.0,True,0.0,20.0,0,10,0,False,False,0,DRY,NORMAL,10,0,90.0,False,0,DIM,CLEAR,10,90.0,True,False,0,SAFE,SAFE,CAUTION,7,0,80,False,0,7,0,12,80,34.18433545245622,False,True,False,False,True,False
12.97,70.32,3980,4,12,0,22.0,30.0,16114.9,90.0,999.0,True,0.0,20.0,0,10,0,False,False,0,DRY,NORMAL,10,0,90.0,False,0,DIM,CLEAR,10,90.0,True,False,0,SAFE,SAFE,CAUTION,7,0,80,False,0,7,0,12,80,30.5467750645105,False,True,False,False,True,False
13.0,69.69,3945,4,12,0,22.0,30.0,16670.1,90.0,999.0,True,0.0,20.0,0,10,0,False,False,0,DRY,NORMAL,10,0,90.0,False,0,DIM,CLEAR,10,90.0,True,False,0,SAFE,SAFE,CAUTION,7,0,80,False,0,7,0,12,80,30.81805135126013,False,True,False,False,True,False
13.03,69.07,3909,4,12,0,22.0,30.0,16634.9,90.0,999.0,True,0.0,20.0,0,10,0,False,False,0,DRY,NORMAL,10,0,90.0,False,0,DIM,CLEAR,10,90.0,True,False,0,SAFE,SAFE,CAUTION,7,0,80,False,0,7,0,12,80,31.081520048268324,False,True,False,False,True,False
13.07,68.45,3874,4,12,0,22.0,30.0,16620.1,90.0,999.0,True,0.0,20.0,0,10,0,False,False,0,DRY,NORMAL,10,0,90.0,False,0,DIM,CLEAR,10,90.0,True,False,0,SAFE,SAFE,CAUTION,7,0,80,False,0,7,0,12,80,31.32616517819099,False,True,False,False,True,False
13.1,67.83,3839,4,12,0,22.0,30.0,16648.4,90.0,999.0,True,0.0,20.0,0,10,0,False,False,0,DRY,NORMAL,10,0,90.0,False,0,DIM,CLEAR,10,90.0,True,False,0,SAFE,SAFE,CAUTION,7,0,80,False,0,7,0,12,80,31.555312332125204,False,True,False,False,True,False
13.13,67.2,3804,4,12,0,22.0,30.0,16751.8,90.0,999.0,True,0.0,20.0,0,10,0,False,False,0,DRY,NORMAL,10,0,90.0,False,0,DIM,CLEAR,10,90.0,True,False,0,SAFE,SAFE,CAUTION,7,0,80,False,0,7,0,12,80,28.666764376209112,False,True,False,False,True,False
13.17,66.58,3768,4,12,0,22.0,30.0,16606.4,90.0,999.0,True,0.0,20.0,0,10,0,False,False,0,DRY,NORMAL,10,0,90.0,False,0,DIM,CLEAR,10,90.0,True,False,0,SAFE,SAFE,CAUTION,7,0,80,False,0,7,0,12,80,28.92238966610703,False,True,False,False,True,False
13.2,65.96,3733,4,12,0,22.0,30.0,16756.7,90.0,999.0,True,0.0,20.0,0,10,0,False,False,0,DRY,NORMAL,10,0,90.0,False,0,DIM,CLEAR,10,90.0,True,False,0,SAFE,SAFE,CAUTION,7,0,80,False,0,7,0,12,80,29.17924510778954,False,True,False,False,True,False
13.23,65.33,3698,4,12,0,22.0,30.0,16657.3,90.0,999.0,True,0.0,20.0,0,10,0,False,False,0,DRY,NORMAL,10,0,90.0,False,0,DIM,CLEAR,10,90.0,True,False,0,SAFE,SAFE,CAUTION,7,0,80,False,0,7,0,12,80,29.42673247957823,False,True,False,False,True,False
13.27,64.71,3663,4,12,0,22.0,30.0,16611.0,90.0,999.0,True,0.0,20.0,0,10,0,False,False,0,DRY,NORMAL,10,0,90.0,False,0,DIM,CLEAR,10,90.0,True,False,0,SAFE,SAFE,CAUTION,7,0,80,False,0,7,0,12,80,29.651528758985826,False,True,False,False,True,False
13.3,64.09,3627,4,12,0,22.0,30.0,16757.1,90.0,999.0,True,0.0,20.0,0,10,0,False,False,0,DRY,NORMAL,10,0,90.0,False,0,DIM,CLEAR,10,90.0,True,False,0,SAFE,SAFE,CAUTION,7,0,80,False,0,7,0,12,80,27.376408405481918,False,True,False,False,True,False
13.33,63.46,3592,4,12,0,22.0,30.0,16628.5,90.0,999.0,True,0.0,20.0,0,10,0,False,False,0,DRY,NORMAL,10,0,90.0,False,0,DIM,CLEAR,10,90.0,True,False,0,SAFE,SAFE,CAUTION,7,0,80,False,0,7,0,12,80,27.650647275579626,False,True,False,False,True,False
13.37,62.84,3557,4,12,0,22.0,30.0,16625.4,90.0,999.0,True,0.0,20.0,0,10,0,False,False,0,DRY,NORMAL,10,0,90.0,False,0,DIM,CLEAR,10,90.0,True,False,0,SAFE,SAFE,CAUTION,7,0,80,False,0,7,0,12,80,27.92536588211052,False,True,False,False,True,False
13.4,62.22,3522,4,12,0,22.0,30.0,16648.7,90.0,999.0,True,0.0,20.0,0,10,0,False,False,0,DRY,NORMAL,10,0,90.0,False,0,DIM,CLEAR,10,90.0,True,False,0,SAFE,SAFE,CAUTION,7,0,80,False,0,7,0,12,80,28.19237611202878,False,True,False,False,True,False
13.43,61.6,3487,4,12,0,22.0,30.0,16719.7,90.0,999.0,True,0.0,20.0,0,10,0,False,False,0,DRY,NORMAL,10,0,90.0,False,0,DIM,CLEAR,10,90.0,True,False,0,SAFE,SAFE,CAUTION,7,0,80,False,0,7,0,12,80,28.44364231088725,False,True,False,False,True,False
13.47,60.98,3451,4,12,0,22.0,30.0,16672.8,90.0,999.0,True,0.0,20.0,0,10,0,False,False,0,DRY,NORMAL,10,0,90.0,False,0,DIM,CLEAR,10,90.0,True,False,0,SAFE,SAFE,CAUTION,7,0,80,False,0,7,0,12,80,26.706518921706127,False,True,False,False,True,False
13.5,60.36,3416,4,12,0,22.0,30.0,16719.9,90.0,999.0,True,0.0,20.0,0,10,0,False,False,0,DRY,NORMAL,10,0,90.0,False,0,DIM,CLEAR,10,90.0,True,False,0,SAFE,SAFE,CAUTION,7,0,80,False,0,7,0,12,80,27.032361008564827,False,True,False,False,True,False
13.53,59.74,3381,4,12,0,22.0,30.0,16718.6,90.0,999.0,True,0.0,20.0,0,10,0,False,False,0,DRY,NORMAL,10,0,90.0,False,0,DIM,CLEAR,10,90.0,True,False,0,SAFE,SAFE,CAUTION,7,0,80,False,0,7,0,12,80,27.35855720499862,False,True,False,False,True,False
13.57,59.12,3346,4,12,0,22.0,30.0,16773.8,90.0,999.0,True,0.0,20.0,0,10,0,False,False,0,DRY,NORMAL,10,0,90.0,False,0,DIM,CLEAR,10,90.0,True,False,0,SAFE,SAFE,CAUTION,7,0,80,False,0,7,0,12,80,27.67609624036348,False,True,False,False,True,False
13.6,58.5,3311,4,12,0,22.0,30.0,16720.0,90.0,999.0,True,0.0,20.0,0,10,0,False,False,0,DRY,NORMAL,10,0,90.0,False,0,DIM,CLEAR,10,90.0,True,False,0,SAFE,SAFE,CAUTION,7,0,80,False,0,7,0,12,80,27.97810610738078,False,True,False,False,True,False
13.63,57.88,3276,4,12,0,22.0,30.0,16709.0,90.0,999.0,True,0.0,20.0,0,10,0,False,False,0,DRY,NORMAL,10,0,90.0,False,0,DIM,CLEAR,10,90.0,True,False,0,SAFE,SAFE,CAUTION,7,0,80,False,0,7,0,12,80,28.25770160995324,False,True,False,False,True,False
13.67,57.27,3241,4,12,0,22.0,30.0,16789.5,90.0,999.0,True,0.0,20.0,0,10,0,False,False,0,DRY,NORMAL,10,0,90.0,False,0,DIM,CLEAR,10,90.0,True,False,0,SAFE,SAFE,CAUTION,7,0,80,False,0,7,0,12,80,27.1488959411608,False,True,False,False,True,False
13.7,56.65,3206,4,12,0,22.0,30.0,16661.3,90.0,999.0,True,0.0,20.0,0,10,0,False,False,0,DRY,NORMAL,10,0,90.0,False,0,DIM,CLEAR,10,90.0,True,False,0,SAFE,SAFE,CAUTION,7,0,80,False,0,7,0,12,80,27.546510484380153,False,True,False,False,True,False
13.73,56.04,3172,4,12,0,22.0,30.0,16776.7,90.0,999.0,True,0.0,20.0,0,10,0,False,False,0,DRY,NORMAL,10,0,90.0,False,0,DIM,CLEAR,10,90.0,True,False,0,SAFE,SAFE,CAUTION,7,0,80,False,0,7,0,12,80,27.939566926615495,False,True,False,False,True,False
13.77,55.42,3137,4,12,0,22.0,30.0,16621.1,90.0,999.0,True,0.0,20.0,0,10,0,False,False,0,DRY,NORMAL,10,0,90.0,False,0,DIM,CLEAR,10,90.0,True,False,0,SAFE,SAFE,CAUTION,7,0,80,False,0,7,0,12,80,28.320131421048476,False,True,False,False,True,False
13.8,54.81,3102,4,12,0,22.0,30.0,16771.8,90.0,999.0,True,0.0,20.0,0,10,0,False,False,0,DRY,NORMAL,10,0,90.0,False,0,DIM,CLEAR,10,90.0,True,False,0,SAFE,SAFE,CAUTION,7,0,80,False,0,7,0,12,80,28.68080032820444,False,True,False,False,True,False
13.83,54.21,3068,4,12,0,22.0,30.0,16615.6,90.0,999.0,True,0.0,20.0,0,10,0,False,False,0,DRY,NORMAL,10,0,90.0,False,0,DIM,CLEAR,10,90.0,True,False,0,SAFE,SAFE,CAUTION,7,0,80,False,0,7,0,12,80,29.014047591999248,False,True,False,False,True,False
13.87,53.6,3034,4,12,0,22.0,30.0,16736.7,90.0,999.0,True,0.0,20.0,0,10,0,False,False,0,DRY,NORMAL,10,0,90.0,False,0,DIM,CLEAR,10,90.0,True,False,0,SAFE,SAFE,CAUTION,7,0,80,False,0,7,0,12,80,28.692845164869208,False,True,False,False,True,False
13.9,53.09,3005,4,12,0,22.0,30.0,16754.0,90.0,999.0,True,0.0,20.0,0,10,0,False,False,0,DRY,NORMAL,10,0,90.0,False,0,DIM,CLEAR,10,90.0,True,False,0,SAFE,SAFE,CAUTION,7,0,80,False,0,7,0,12,80,29.219564471225997,False,True,False,False,True,False
13.93,52.66,2981,3,12,0,22.0,30.0,16688.0,90.0,999.0,True,0.0,20.0,0,10,0,False,False,0,DRY,NORMAL,10,0,90.0,False,0,DIM,CLEAR,10,90.0,True,False,0,SAFE,SAFE,SAFE,10,0,100,False,0,10,0,12,100,29.77372744328446,True,True,False,False,True,False
13.97,52.03,4230,3,12,0,22.0,30.0,16689.7,90.0,999.0,True,0.0,20.0,0,10,0,False,False,0,DRY,NORMAL,10,0,90.0,False,0,DIM,CLEAR,10,90.0,True,False,0,SAFE,SAFE,CAUTION,7,0,80,False,0,7,0,12,80,30.34099261811061,False,True,False,False,True,False
14.0,51.42,4180,3,12,0,22.0,30.0,17159.9,90.0,999.0,True,0.0,20.0,0,10,0,False,False,0,DRY,NORMAL,10,0,90.0,False,0,DIM,CLEAR,10,90.0,True,False,0,SAFE,SAFE,CAUTION,7,0,80,False,0,7,0,12,80,30.83859979036254,False,True,False,False,True,False
14.03,50.84,4134,3,12,0,22.0,30.0,17150.3,90.0,999.0,True,0.0,20.0,0,10,0,False,False,0,DRY,NORMAL,10,0,90.0,False,0,DIM,CLEAR,10,90.0,True,False,0,SAFE,SAFE,CAUTION,7,0,80,False,0,7,0,12,80,31.319577019611458,False,True,False,False,True,False
14.07,50.3,4089,3,12,0,22.0,30.0,17239.5,90.0,999.0,True,0.0,20.0,0,10,0,False,False,0,DRY,NORMAL,10,0,90.0,False,0,DIM,CLEAR,10,90.0,True,False,0,SAFE,SAFE,CAUTION,7,0,80,False,0,7,0,12,80,31.767810374184698,False,True,False,False,True,False
14.1,49.78,4047,3,12,0,22.0,30.0,17179.8,90.0,999.0,True,0.0,20.0,0,10,0,False,False,0,DRY,NORMAL,10,0,90.0,False,0,DIM,CLEAR,10,90.0,True,False,0,SAFE,SAFE,CAUTION,7,0,80,False,0,7,0,12,80,33.197543093730616,False,True,False,False,True,False
14.13,49.28,4006,3,12,0,22.0,30.0,17258.5,90.0,999.0,True,0.0,20.0,0,10,0,False,False,0,DRY,NORMAL,10,0,90.0,False,0,DIM,CLEAR,10,90.0,True,False,0,SAFE,SAFE,CAUTION,7,0,80,False,0,7,0,12,80,34.049755070375404,False,True,False,False,True,False
14.17,48.79,3966,3,12,0,22.0,30.0,17097.0,90.0,999.0,True,0.0,20.0,0,10,0,False,False,0,DRY,NORMAL,10,0,90.0,False,0,DIM,CLEAR,10,90.0,True,False,0,SAFE,SAFE,SAFE,10,0,100,False,0,10,0,12,100,34.87547467796603,False,True,False,False,True,False
14.2,48.4,3935,3,12,0,22.0,30.0,17111.6,90.0,999.0,True,0.0,20.0,0,10,0,False,False,0,DRY,NORMAL,10,0,90.0,False,0,DIM,CLEAR,10,90.0,True,False,0,SAFE,SAFE,SAFE,10,0,100,False,0,10,0,12,100,35.66318553935553,False,True,False,False,True,False
14.23,48.08,3909,3,12,0,22.0,30.0,17255.5,90.0,999.0,True,0.0,20.0,0,10,0,False,False,0,DRY,NORMAL,10,0,90.0,False,0,DIM,CLEAR,10,90.0,True,False,0,SAFE,SAFE,SAFE,10,0,100,False,0,10,0,12,100,36.50012266685124,False,True,False,False,True,False
14.27,47.78,3884,3,12,0,22.0,30.0,17241.3,90.0,999.0,True,0.0,20.0,0,10,0,False,False,0,DRY,NORMAL,10,0,90.0,False,0,DIM,CLEAR,10,90.0,True,False,0,SAFE,SAFE,SAFE,10,0,100,False,0,10,0,12,100,37.387571373241336,False,True,False,False,True,False
14.3,47.48,3860,3,12,0,22.0,30.0,17179.6,90.0,999.0,True,0.0,20.0,0,10,0,False,False,0,DRY,NORMAL,10,0,90.0,False,0,DIM,CLEAR,10,90.0,True,False,0,SAFE,SAFE,SAFE,10,0,100,False,0,10,0,12,100,38.27602992250071,False,True,False,False,True,False
14.33,47.19,3836,3,12,0,22.0,30.0,17068.7,90.0,999.0,True,0.0,20.0,0,10,0,False,False,0,DRY,NORMAL,10,0,90.0,False,0,DIM,CLEAR,10,90.0,True,False,0,SAFE,SAFE,SAFE,10,0,100,False,0,10,0,12,100,43.27602992250071,False,True,False,False,True,False
14.37,46.99,3820,3,12,0,22.0,30.0,17072.3,90.0,999.0,True,0.0,20.0,0,10,0,False,False,0,DRY,NORMAL,10,0,90.0,False,0,DIM,CLEAR,10,90.0,True,False,0,SAFE,SAFE,SAFE,10,0,100,False,0,10,0,12,100,47.20875745491493,False,True,False,False,True,False
14.4,46.84,3808,3,12,0,22.0,30.0,17122.6,90.0,999.0,True,0.0,20.0,0,10,0,False,False,0,DRY,NORMAL,10,0,90.0,False,0,DIM,CLEAR,10,90.0,True,False,0,SAFE,SAFE,SAFE,10,0,100,False,0,10,0,12,100,49.572121291690415,False,True,False,False,True,False
14.43,46.72,3798,3,12,0,22.0,30.0,17179.4,90.0,999.0,True,0.0,20.0,0,10,0,False,False,0,DRY,NORMAL,10,0,90.0,False,0,DIM,CLEAR,10,90.0,True,False,0,SAFE,SAFE,SAFE,10,0,100,False,0,10,0,12,100,51.96332521233607,False,True,False,False,True,False
14.47,46.63,3791,3,12,0,22.0,30.0,17191.5,90.0,999.0,True,0.0,20.0,0,10,0,False,False,0,DRY,NORMAL,10,0,90.0,False,0,DIM,CLEAR,10,90.0,True,False,0,SAFE,SAFE,SAFE,10,0,100,False,0,10,0,12,100,54.32146758435408,False,True,False,False,True,False
14.5,46.58,3787,3,12,0,22.0,30.0,17172.3,90.0,999.0,True,0.0,20.0,0,10,0,False,False,0,DRY,NORMAL,10,0,90.0,False,0,DIM,CLEAR,10,90.0,True,False,0,SAFE,SAFE,SAFE,10,0,100,False,0,10,0,12,100,56.63815447860459,False,True,False,False,True,False
14.53,46.59,3788,3,12,0,22.0,30.0,17217.3,90.0,999.0,True,0.0,20.0,0,10,0,False,False,0,DRY,NORMAL,10,0,90.0,False,0,DIM,CLEAR,10,90.0,True,False,0,SAFE,SAFE,SAFE,10,0,100,False,0,10,0,12,100,58.90844972791171,False,True,False,False,True,False
14.57,46.66,3794,3,12,0,22.0,30.0,17187.2,90.0,999.0,True,0.0,20.0,0,10,0,False,False,0,DRY,NORMAL,10,0,90.0,False,0,DIM,CLEAR,10,90.0,True,False,0,SAFE,SAFE,SAFE,10,0,100,False,0,10,0,12,100,63.90844972791171,False,True,False,False,True,False
14.6,46.78,3804,3,12,0,22.0,30.0,17144.7,90.0,999.0,True,0.0,20.0,0,10,0,False,False,0,DRY,NORMAL,10,0,90.0,False,0,DIM,CLEAR,10,90.0,True,False,0,SAFE,SAFE,SAFE,10,0,100,False,0,10,0,12,100,68.90844972791172,False,True,False,False,True,False
14.63,46.95,3817,3,12,0,22.0,30.0,17107.3,90.0,999.0,True,0.0,20.0,0,10,0,False,False,0,DRY,NORMAL,10,0,90.0,False,0,DIM,CLEAR,10,90.0,True,False,0,SAFE,SAFE,SAFE,10,0,100,False,0,10,0,12,100,73.90844972791172,False,True,False,False,True,False
14.67,47.15,3833,3,12,0,22.0,30.0,17251.1,90.0,999.0,True,0.0,20.0,0,10,0,False,False,0,DRY,NORMAL,10,0,90.0,False,0,DIM,CLEAR,10,90.0,True,False,0,SAFE,SAFE,SAFE,10,0,100,False,0,10,0,12,100,75.6535768304696,False,True,False,False,True,False
14.7,47.37,3851,3,12,0,22.0,30.0,17172.7,90.0,999.0,True,0.0,20.0,0,10,0,False,False,0,DRY,NORMAL,10,0,90.0,False,0,DIM,CLEAR,10,90.0,True,False,0,SAFE,SAFE,SAFE,10,0,100,False,0,10,0,12,100,75.6535768304696,False,True,False,False,True,False
14.73,47.62,3872,3,12,0,22.0,30.0,17079.6,90.0,999.0,True,0.0,20.0,0,10,0,False,False,0,DRY,NORMAL,10,0,90.0,False,0,DIM,CLEAR,10,90.0,True,False,0,SAFE,SAFE,SAFE,10,0,100,False,0,10,0,12,100,75.6535768304696,False,True,False,False,True,False
14.77,47.89,3893,3,12,0,22.0,30.0,17130.4,90.0,999.0,True,0.0,20.0,0,10,0,False,False,0,DRY,NORMAL,10,0,90.0,False,0,DIM,CLEAR,10,90.0,True,False,0,SAFE,SAFE,SAFE,10,0,100,False,0,10,0,12,100,75.6535768304696,False,True,False,False,True,False
14.8,48.17,3916,3,12,0,22.0,30.0,17112.8,90.0,999.0,True,0.0,20.0,0,10,0,False,False,0,DRY,NORMAL,10,0,90.0,False,0,DIM,CLEAR,10,90.0,True,False,0,SAFE,SAFE,SAFE,10,0,100,False,0,10,0,12,100,75.6535768304696,False,True,False,False,True,False
14.83,48.47,3941,3,12,0,22.0,30.0,17152.2,90.0,999.0,True,0.0,20.0,0,10,0,False,False,0,DRY,NORMAL,10,0,90.0,False,0,DIM,CLEAR,10,90.0,True,False,0,SAFE,SAFE,SAFE,10,0,100,False,0,10,0,12,100,75.65363198582473,False,True,False,False,True,False
14.87,48.78,3966,3,12,0,22.0,30.0,17255.8,90.0,999.0,True,0.0,20.0,0,10,0,False,False,0,DRY,NORMAL,10,0,90.0,False,0,DIM,CLEAR,10,90.0,True,False,0,SAFE,SAFE,SAFE,10,0,100,False,0,10,0,12,100,75.65363198582473,False,True,False,False,True,False
14.9,49.1,3992,3,12,0,22.0,30.0,17081.7,90.0,999.0,True,0.0,20.0,0,10,0,False,False,0,DRY,NORMAL,10,0,90.0,False,0,DIM,CLEAR,10,90.0,True,False,0,SAFE,SAFE,SAFE,10,0,100,False,0,10,0,12,100,75.65363198582473,False,True,False,False,True,False
14.93,49.43,4018,3,12,0,22.0,30.0,17263.5,90.0,999.0,True,0.0,20.0,0,10,0,False,False,0,DRY,NORMAL,10,0,90.0,False,0,DIM,CLEAR,10,90.0,True,False,0,SAFE,SAFE,SAFE,10,0,100,False,0,10,0,12,100,75.65363198582473,False,True,False,False,True,False
14.97,49.76,4046,3,12,0,22.0,30.0,17068.6,90.0,999.0,True,0.0,20.0,0,10,0,False,False,0,DRY,NORMAL,10,0,90.0,False,0,DIM,CLEAR,10,90.0,True,False,0,SAFE,SAFE,SAFE,10,0,100,False,0,10,0,12,100,75.65363198582473,False,True,False,False,True,False
15.0,50.1,4073,3,12,0,22.0,30.0,17628.7,90.0,999.0,True,0.0,20.0,0,10,0,False,False,0,DRY,NORMAL,10,0,90.0,False,0,DIM,CLEAR,10,90.0,True,False,0,SAFE,SAFE,SAFE,10,0,100,False,0,10,0,12,100,75.65363198582473,False,True,False,False,True,False
15.03,50.45,4102,3,12,0,22.0,30.0,17588.4,90.0,999.0,True,0.0,20.0,0,10,0,False,False,0,DRY,NORMAL,10,0,90.0,False,0,DIM,CLEAR,10,90.0,True,False,0,SAFE,SAFE,SAFE,10,0,100,False,0,10,0,12,100,75.65363198582473,False,True,False,False,True,False
15.07,50.8,4130,3,12,0,22.0,30.0,17543.6,90.0,999.0,True,0.0,20.0,0,10,0,False,False,0,DRY,NORMAL,10,0,90.0,False,0,DIM,CLEAR,10,90.0,True,False,0,SAFE,SAFE,SAFE,10,0,100,False,0,10,0,12,100,71.61860090178996,False,True,False,False,True,False
15.1,51.16,4159,3,12,0,22.0,30.0,17606.9,90.0,999.0,True,0.0,20.0,0,10,0,False,False,0,DRY,NORMAL,10,0,90.0,False,0,DIM,CLEAR,10,90.0,True,False,0,SAFE,SAFE,SAFE,10,0,100,False,0,10,0,12,100,74.21699409504149,False,True,False,False,True,False
15.13,51.52,4189,3,12,0,22.0,30.0,17560.4,90.0,999.0,True,0.0,20.0,0,10,0,False,False,0,DRY,NORMAL,10,0,90.0,False,0,DIM,CLEAR,10,90.0,True,False,0,SAFE,SAFE,SAFE,10,0,100,False,0,10,0,12,100,75.65365861696066,False,True,False,False,True,False
15.17,51.89,4218,3,12,0,22.0,30.0,17682.5,90.0,999.0,True,0.0,20.0,0,10,0,False,False,0,DRY,NORMAL,10,0,90.0,False,0,DIM,CLEAR,10,90.0,True,False,0,SAFE,SAFE,SAFE,10,0,100,False,0,10,0,12,100,75.65365861696066,False,True,False,False,True,False
15.2,52.25,4248,3,12,0,22.0,30.0,17697.6,90.0,999.0,True,0.0,20.0,0,10,0,False,False,0,DRY,NORMAL,10,0,90.0,False,0,DIM,CLEAR,10,90.0,True,False,0,SAFE,SAFE,SAFE,10,0,100,False,0,10,0,12,100,75.65365861696066,False,True,False,False,True,False
15.23,52.63,4279,3,12,0,22.0,30.0,17558.9,90.0,999.0,True,0.0,20.0,0,10,0,False,False,0,DRY,NORMAL,10,0,90.0,False,0,DIM,CLEAR,10,90.0,True,False,0,SAFE,SAFE,SAFE,10,0,100,False,0,10,0,12,100,75.65365861696066,False,True,False,False,True,False
15.27,53.0,4309,3,12,0,22.0,30.0,17690.0,90.0,999.0,True,0.0,20.0,0,10,0,False,False,0,DRY,NORMAL,10,0,90.0,False,0,DIM,CLEAR,10,90.0,True,False,0,SAFE,SAFE,SAFE,10,0,100,False,0,10,0,12,100,75.65365861696066,False,True,False,False,True,False
15.3,53.38,4340,3,12,0,22.0,30.0,17543.4,90.0,999.0,True,0.0,20.0,0,10,0,False,False,0,DRY,NORMAL,10,0,90.0,False,0,DIM,CLEAR,10,90.0,True,False,0,SAFE,SAFE,SAFE,10,0,100,False,0,10,0,12,100,75.65365217303462,False,True,False,False,True,False
15.33,53.77,4371,3,12,0,22.0,30.0,17659.1,90.0,999.0,True,0.0,20.0,0,10,0,False,False,0,DRY,NORMAL,10,0,90.0,False,0,DIM,CLEAR,10,90.0,True,False,0,SAFE,SAFE,SAFE,10,0,100,False,0,10,0,12,100,75.65365217303462,False,True,False,False,True,False
15.37,54.15,4403,3,12,0,22.0,30.0,17619.8,90.0,999.0,True,0.0,20.0,0,10,0,False,False,0,DRY,NORMAL,10,0,90.0,False,0,DIM,CLEAR,10,90.0,True,False,0,SAFE,SAFE,SAFE,10,0,100,False,0,10,0,12,100,75.65365217303462,False,True,False,False,True,False
15.4,54.54,4434,3,12,0,22.0,30.0,17618.6,90.0,999.0,True,0.0,20.0,0,10,0,False,False,0,DRY,NORMAL,10,0,90.0,False,0,DIM,CLEAR,10,90.0,True,False,0,SAFE,SAFE,SAFE,10,0,100,False,0,10,0,12,100,75.65367451031985,False,True,False,False,True,False
15.43,54.93,4466,3,12,0,22.0,30.0,17576.2,90.0,999.0,True,0.0,20.0,0,10,0,False,False,0,DRY,NORMAL,10,0,90.0,False,0,DIM,CLEAR,10,90.0,True,False,0,SAFE,SAFE,SAFE,10,0,100,False,0,10,0,12,100,75.65367451031985,False,True,False,False,True,False
15.47,55.33,4498,3,12,0,22.0,30.0,17531.0,90.0,999.0,True,0.0,20.0,0,10,0,False,False,0,DRY,NORMAL,10,0,90.0,False,0,DIM,CLEAR,10,90.0,True,False,0,SAFE,SAFE,SAFE,10,0,100,False,0,10,0,12,100,75.65367451031985,False,True,False,False,True,False
15.5,55.73,4531,3,12,0,22.0,30.0,17688.4,90.0,999.0,True,0.0,20.0,0,10,0,False,False,0,DRY,NORMAL,10,0,90.0,False,0,DIM,CLEAR,10,90.0,True,False,0,SAFE,SAFE,SAFE,10,0,100,False,0,10,0,12,100,75.65361943812066,False,True,False,False,True,False
15.53,56.13,4563,3,12,0,22.0,30.0,17565.8,90.0,999.0,True,0.0,20.0,0,10,0,False,False,0,DRY,NORMAL,10,0,90.0,False,0,DIM,CLEAR,10,90.0,True,False,0,SAFE,SAFE,SAFE,10,0,100,False,0,10,0,12,100,75.65361943812066,False,True,False,False,True,False
15.57,56.54,4596,3,12,0,22.0,30.0,17632.6,90.0,999.0,True,0.0,20.0,0,10,0,False,False,0,DRY,NORMAL,10,0,90.0,False,0,DIM,CLEAR,10,90.0,True,False,0,SAFE,SAFE,SAFE,10,0,100,False,0,10,0,12,100,75.65361943812066,False,True,False,False,True,False
15.6,56.94,4630,3,12,0,22.0,30.0,17656.2,90.0,999.0,True,0.0,20.0,0,10,0,False,False,0,DRY,NORMAL,10,0,90.0,False,0,DIM,CLEAR,10,90.0,True,False,0,SAFE,SAFE,SAFE,10,0,100,False,0,10,0,12,100,75.65361943812066,False,True,False,False,True,False
15.63,57.36,4663,3,12,0,22.0,30.0,17625.8,90.0,999.0,True,0.0,20.0,0,10,0,False,False,0,DRY,NORMAL,10,0,90.0,False,0,DIM,CLEAR,10,90.0,True,False,0,SAFE,SAFE,SAFE,10,0,100,False,0,10,0,12,100,75.65361943812066,False,True,False,False,True,False
15.67,57.77,4697,3,12,0,22.0,30.0,17615.5,90.0,999.0,True,0.0,20.0,0,10,0,False,False,0,DRY,NORMAL,10,0,90.0,False,0,DIM,CLEAR,10,90.0,True,False,0,SAFE,SAFE,SAFE,10,0,100,False,0,10,0,12,100,75.65361943812066,False,True,False,False,True,False
15.7,58.19,4731,3,12,0,22.0,30.0,17548.3,90.0,999.0,True,0.0,20.0,0,10,0,False,False,0,DRY,NORMAL,10,0,90.0,False,0,DIM,CLEAR,10,90.0,True,False,0,SAFE,SAFE,SAFE,10,0,100,False,0,10,0,12,100,75.19644809884825,False,True,False,False,True,False
15.73,58.61,4765,3,12,0,22.0,30.0,17554.0,90.0,999.0,True,0.0,20.0,0,10,0,False,False,0,DRY,NORMAL,10,0,90.0,False,0,DIM,CLEAR,10,90.0,True,False,0,SAFE,SAFE,SAFE,10,0,100,False,0,10,0,12,100,75.4834466121801,False,True,False,False,True,False
15.77,59.03,4799,3,12,0,22.0,30.0,17615.5,90.0,999.0,True,0.0,20.0,0,10,0,False,False,0,DRY,NORMAL,10,0,90.0,False,0,DIM,CLEAR,10,90.0,True,False,0,SAFE,SAFE,SAFE,10,0,100,False,0,10,0,12,100,75.4834466121801,False,True,False,False,True,False
15.8,59.46,4834,3,12,0,22.0,30.0,17665.6,90.0,999.0,True,0.0,20.0,0,10,0,False,False,0,DRY,NORMAL,10,0,90.0,False,0,DIM,CLEAR,10,90.0,True,False,0,SAFE,SAFE,SAFE,10,0,100,False,0,10,0,12,100,75.4834466121801,False,True,False,False,True,False
15.83,59.88,4869,3,12,0,22.0,30.0,17711.9,90.0,999.0,True,0.0,20.0,0,10,0,False,False,0,DRY,NORMAL,10,0,90.0,False,0,DIM,CLEAR,10,90.0,True,False,0,SAFE,SAFE,SAFE,10,0,100,False,0,10,0,12,100,75.4834466121801,False,True,False,False,True,False
15.87,60.31,4904,3,12,0,22.0,30.0,17535.3,90.0,999.0,True,0.0,20.0,0,10,0,False,False,0,DRY,NORMAL,10,0,90.0,False,0,DIM,CLEAR,10,90.0,True,False,0,SAFE,SAFE,SAFE,10,0,100,False,0,10,0,12,100,75.4834466121801,False,True,False,False,True,False
15.9,60.74,4939,3,12,0,22.0,30.0,17711.0,90.0,999.0,True,0.0,20.0,0,10,0,False,False,0,DRY,NORMAL,10,0,90.0,False,0,DIM,CLEAR,10,90.0,True,False,0,SAFE,SAFE,SAFE,10,0,100,False,0,10,0,12,100,56.29427119406474,False,True,False,False,True,False
15.93,61.17,4973,3,12,0,22.0,30.0,17582.5,90.0,999.0,True,0.0,20.0,0,10,0,False,False,0,DRY,NORMAL,10,0,90.0,False,0,DIM,CLEAR,10,90.0,True,False,0,SAFE,SAFE,SAFE,10,0,100,False,0,10,0,12,100,57.34059917355092,False,True,False,False,True,False
15.97,61.52,5002,3,12,0,22.0,30.0,17604.7,90.0,999.0,True,0.0,20.0,0,10,0,False,False,0,DRY,NORMAL,10,0,90.0,False,0,DIM,CLEAR,10,90.0,True,False,0,SAFE,SAFE,SAFE,10,0,100,False,0,10,0,12,100,58.58061529653851,False,True,False,False,True,False
16.0,61.76,5022,3,12,0,22.0,30.0,18009.1,90.0,999.0,True,0.0,20.0,0,10,0,False,False,0,DRY,NORMAL,10,0,90.0,False,0,DIM,CLEAR,10,90.0,True,False,0,SAFE,SAFE,SAFE,10,0,100,False,0,10,0,12,100,59.93078233796598,False,True,False,False,True,False
16.03,61.88,5031,3,12,0,22.0,30.0,18111.8,90.0,999.0,True,0.0,20.0,0,10,0,False,False,0,DRY,NORMAL,10,0,90.0,False,0,DIM,CLEAR,10,90.0,True,False,0,SAFE,SAFE,SAFE,10,0,100,False,0,10,0,12,100,61.33421287715252,False,True,False,False,True,False
16.07,61.9,5033,3,12,0,22.0,30.0,18020.9,90.0,999.0,True,0.0,20.0,0,10,0,False,False,0,DRY,NORMAL,10,0,90.0,False,0,DIM,CLEAR,10,90.0,True,False,0,SAFE,SAFE,SAFE,10,0,100,False,0,10,0,12,100,47.52288571985821,False,True,False,False,True,False
16.1,61.8,5025,3,12,0,22.0,30.0,18008.2,90.0,999.0,True,0.0,20.0,0,10,0,False,False,0,DRY,NORMAL,10,0,90.0,False,0,DIM,CLEAR,10,90.0,True,False,0,SAFE,SAFE,SAFE,10,0,100,False,0,10,0,12,100,48.49515440540875,False,True,False,False,True,False
16.13,61.58,5007,3,12,0,22.0,30.0,18008.4,90.0,999.0,True,0.0,20.0,0,10,0,False,False,0,DRY,NORMAL,10,0,90.0,False,0,DIM,CLEAR,10,90.0,True,False,0,SAFE,SAFE,SAFE,10,0,100,False,0,10,0,12,100,49.55814425753405,False,True,False,False,True,False
16.17,61.33,4986,3,12,0,22.0,30.0,17998.2,90.0,999.0,True,0.0,20.0,0,10,0,False,False,0,DRY,NORMAL,10,0,90.0,False,0,DIM,CLEAR,10,90.0,True,False,0,SAFE,SAFE,SAFE,10,0,100,False,0,10,0,12,100,50.664890621819715,False,True,False,False,True,False
16.2,61.05,4964,3,12,0,22.0,30.0,17962.5,90.0,999.0,True,0.0,20.0,0,10,0,False,False,0,DRY,NORMAL,10,0,90.0,False,0,DIM,CLEAR,10,90.0,True,False,0,SAFE,SAFE,SAFE,10,0,100,False,0,10,0,12,100,51.79568059837653,False,True,False,False,True,False
16.23,60.76,4940,3,12,0,22.0,30.0,17993.0,90.0,999.0,True,0.0,20.0,0,10,0,False,False,0,DRY,NORMAL,10,0,90.0,False,0,DIM,CLEAR,10,90.0,True,False,0,SAFE,SAFE,SAFE,10,0,100,False,0,10,0,12,100,52.91698658279368,False,True,False,False,True,False
16.27,60.46,4916,3,12,0,22.0,30.0,18061.2,90.0,999.0,True,0.0,20.0,0,10,0,False,False,0,DRY,NORMAL,10,0,90.0,False,0,DIM,CLEAR,10,90.0,True,False,0,SAFE,SAFE,SAFE,10,0,100,False,0,10,0,12,100,43.03531981363364,False,True,False,False,True,False
16.3,60.1,4886,3,12,0,22.0,30.0,18079.7,90.0,999.0,True,0.0,20.0,0,10,0,False,False,0,DRY,NORMAL,10,0,90.0,False,0,DIM,CLEAR,10,90.0,True,False,0,SAFE,SAFE,SAFE,10,0,100,False,0,10,0,12,100,43.887281106075655,False,True,False,False,True,False
16.33,59.62,4847,3,12,0,22.0,30.0,18027.5,90.0,999.0,True,0.0,20.0,0,10,0,False,False,0,DRY,NORMAL,10,0,90.0,False,0,DIM,CLEAR,10,90.0,True,False,0,SAFE,SAFE,SAFE,10,0,100,False,0,10,0,12,100,44.79852831285241,False,True,False,False,True,False
16.37,59.23,4816,3,12,0,22.0,30.0,18120.1,90.0,999.0,True,0.0,20.0,0,10,0,False,False,0,DRY,NORMAL,10,0,90.0,False,0,DIM,CLEAR,10,90.0,True,False,0,SAFE,SAFE,SAFE,10,0,100,False,0,10,0,12,100,45.72291272209637,False,True,False,False,True,False
16.4,58.91,4790,3,12,0,22.0,30.0,18046.2,90.0,999.0,True,0.0,20.0,0,10,0,False,False,0,DRY,NORMAL,10,0,90.0,False,0,DIM,CLEAR,10,90.0,True,False,0,SAFE,SAFE,SAFE,10,0,100,False,0,10,0,12,100,46.67948262132392,False,True,False,False,True,False
16.43,58.6,4764,3,12,0,22.0,30.0,18042.3,90.0,999.0,True,0.0,20.0,0,10,0,False,False,0,DRY,NORMAL,10,0,90.0,False,0,DIM,CLEAR,10,90.0,True,False,0,SAFE,SAFE,SAFE,10,0,100,False,0,10,0,12,100,47.63885447336494,False,True,False,False,True,False
16.47,58.28,4738,3,12,0,22.0,30.0,18001.2,90.0,999.0,True,0.0,20.0,0,10,0,False,False,0,DRY,NORMAL,10,0,90.0,False,0,DIM,CLEAR,10,90.0,True,False,0,SAFE,SAFE,SAFE,10,0,100,False,0,10,0,12,100,40.10968956036419,False,True,False,False,True,False
16.5,57.9,4707,3,12,0,22.0,30.0,18060.4,90.0,999.0,True,0.0,20.0,0,10,0,False,False,0,DRY,NORMAL,10,0,90.0,False,0,DIM,CLEAR,10,90.0,True,False,0,SAFE,SAFE,SAFE,10,0,100,False,0,10,0,12,100,40.94486768176622,False,True,False,False,True,False
16.53,57.42,4668,3,12,0,22.0,30.0,18056.4,90.0,999.0,True,0.0,20.0,0,10,0,False,False,0,DRY,NORMAL,10,0,90.0,False,0,DIM,CLEAR,10,90.0,True,False,0,SAFE,SAFE,SAFE,10,0,100,False,0,10,0,12,100,41.827863930277594,False,True,False,False,True,False
16.57,56.93,4629,3,12,0,22.0,30.0,18109.0,90.0,999.0,True,0.0,20.0,0,10,0,False,False,0,DRY,NORMAL,10,0,90.0,False,0,DIM,CLEAR,10,90.0,True,False,0,SAFE,SAFE,SAFE,10,0,100,False,0,10,0,12,100,42.71650586628139,False,True,False,False,True,False
16.6,56.54,4597,3,12,0,22.0,30.0,17949.2,90.0,999.0,True,0.0,20.0,0,10,0,False,False,0,DRY,NORMAL,10,0,90.0,False,0,DIM,CLEAR,10,90.0,True,False,0,SAFE,SAFE,SAFE,10,0,100,False,0,10,0,12,100,43.60935294636245,False,True,False,False,True,False
16.63,56.22,4571,3,12,0,22.0,30.0,18044.1,90.0,999.0,True,0.0,20.0,0,10,0,False,False,0,DRY,NORMAL,10,0,90.0,False,0,DIM,CLEAR,10,90.0,True,False,0,SAFE,SAFE,SAFE,10,0,100,False,0,10,0,12,100,44.51199955664739,False,True,False,False,True,False
16.67,55.9,4545,3,12,0,22.0,30.0,18019.0,90.0,999.0,True,0.0,20.0,0,10,0,False,False,0,DRY,NORMAL,10,0,90.0,False,0,DIM,CLEAR,10,90.0,True,False,0,SAFE,SAFE,SAFE,10,0,100,False,0,10,0,12,100,38.55076123918472,False,True,False,False,True,False
16.7,55.53,4514,3,12,0,22.0,30.0,18065.5,90.0,999.0,True,0.0,20.0,0,10,0,False,False,0,DRY,NORMAL,10,0,90.0,False,0,DIM,CLEAR,10,90.0,True,False,0,SAFE,SAFE,SAFE,10,0,100,False,0,10,0,12,100,39.43760959013429,False,True,False,False,True,False
16.73,55.05,4475,3,12,0,22.0,30.0,18059.5,90.0,999.0,True,0.0,20.0,0,10,0,False,False,0,DRY,NORMAL,10,0,90.0,False,0,DIM,CLEAR,10,90.0,True,False,0,SAFE,SAFE,SAFE,10,0,100,False,0,10,0,12,100,40.37125605904514,False,True,False,False,True,False
16.77,54.66,4444,3,12,0,22.0,30.0,18073.6,90.0,999.0,True,0.0,20.0,0,10,0,False,False,0,DRY,NORMAL,10,0,90.0,False,0,DIM,CLEAR,10,90.0,True,False,0,SAFE,SAFE,SAFE,10,0,100,False,0,10,0,12,100,41.30478216472867,False,True,False,False,True,False
16.8,54.35,4419,3,12,0,22.0,30.0,17972.4,90.0,999.0,True,0.0,20.0,0,10,0,False,False,0,DRY,NORMAL,10,0,90.0,False,0,DIM,CLEAR,10,90.0,True,False,0,SAFE,SAFE,SAFE,10,0,100,False,0,10,0,12,100,42.26938564224077,False,True,False,False,True,False
16.83,54.04,4393,3,12,0,22.0,30.0,17966.6,90.0,999.0,True,0.0,20.0,0,10,0,False,False,0,DRY,NORMAL,10,0,90.0,False,0,DIM,CLEAR,10,90.0,True,False,0,SAFE,SAFE,SAFE,10,0,100,False,0,10,0,12,100,43.2451898255046,False,True,False,False,True,False
16.87,53.73,4368,3,12,0,22.0,30.0,18061.4,90.0,999.0,True,0.0,20.0,0,10,0,False,False,0,DRY,NORMAL,10,0,90.0,False,0,DIM,CLEAR,10,90.0,True,False,0,SAFE,SAFE,SAFE,10,0,100,False,0,10,0,12,100,38.376562583565146,False,True,False,False,True,False
16.9,53.36,4338,3,12,0,22.0,30.0,18018.7,90.0,999.0,True,0.0,20.0,0,10,0,False,False,0,DRY,NORMAL,10,0,90.0,False,0,DIM,CLEAR,10,90.0,True,False,0,SAFE,SAFE,SAFE,10,0,100,False,0,10,0,12,100,39.38984499304179,False,True,False,False,True,False
16.93,53.0,4309,3,12,0,22.0,30.0,18000.2,90.0,999.0,True,0.0,20.0,0,10,0,False,False,0,DRY,NORMAL,10,0,90.0,False,0,DIM,CLEAR,10,90.0,True,False,0,SAFE,SAFE,SAFE,10,0,100,False,0,10,0,12,100,40.44728053785295,False,True,False,False,True,False
16.97,52.69,4284,3,12,0,22.0,30.0,17983.3,90.0,999.0,True,0.0,20.0,0,10,0,False,False,0,DRY,NORMAL,10,0,90.0,False,0,DIM,CLEAR,10,90.0,True,False,0,SAFE,SAFE,SAFE,10,0,100,False,0,10,0,12,100,41.543393360559335,False,True,False,False,True,False
17.0,52.39,4259,3,12,0,22.0,30.0,18488.1,90.0,999.0,True,0.0,20.0,0,10,0,False,False,0,DRY,NORMAL,10,0,90.0,False,0,DIM,CLEAR,10,90.0,True,False,0,SAFE,SAFE,SAFE,10,0,100,False,0,10,0,12,100,42.66847455259842,False,True,False,False,True,False
17.03,52.08,4234,3,12,0,22.0,30.0,18548.5,90.0,999.0,True,0.0,20.0,0,10,0,False,False,0,DRY,NORMAL,10,0,90.0,False,0,DIM,CLEAR,10,90.0,True,False,0,SAFE,SAFE,SAFE,10,0,100,False,0,10,0,12,100,43.78125671561233,False,True,False,False,True,False
17.07,51.78,4210,3,12,0,22.0,30.0,18491.5,90.0,999.0,True,0.0,20.0,0,10,0,False,False,0,DRY,NORMAL,10,0,90.0,False,0,DIM,CLEAR,10,90.0,True,False,0,SAFE,SAFE,SAFE,10,0,100,False,0,10,0,12,100,39.66253921038472,False,True,False,False,True,False
17.1,51.48,4185,3,12,0,22.0,30.0,18494.2,90.0,999.0,True,0.0,20.0,0,10,0,False,False,0,DRY,NORMAL,10,0,90.0,False,0,DIM,CLEAR,10,90.0,True,False,0,SAFE,SAFE,SAFE,10,0,100,False,0,10,0,12,100,40.87888043933169,False,True,False,False,True,False
17.13,51.17,4160,3,12,0,22.0,30.0,18486.0,90.0,999.0,True,0.0,20.0,0,10,0,False,False,0,DRY,NORMAL,10,0,90.0,False,0,DIM,CLEAR,10,90.0,True,False,0,SAFE,SAFE,SAFE,10,0,100,False,0,10,0,12,100,42.17026835189676,False,True,False,False,True,False
17.17,50.88,4136,3,12,0,22.0,30.0,18380.4,90.0,999.0,True,0.0,20.0,0,10,0,False,False,0,DRY,NORMAL,10,0,90.0,False,0,DIM,CLEAR,10,90.0,True,False,0,SAFE,SAFE,SAFE,10,0,100,False,0,10,0,12,100,43.505844955740415,False,True,False,False,True,False
17.2,50.58,4112,3,12,0,22.0,30.0,18412.5,90.0,999.0,True,0.0,20.0,0,10,0,False,False,0,DRY,NORMAL,10,0,90.0,False,0,DIM,CLEAR,10,90.0,True,False,0,SAFE,SAFE,SAFE,10,0,100,False,0,10,0,12,100,44.86105444542036,False,True,False,False,True,False
17.23,50.28,4088,3,12,0,22.0,30.0,18356.7,90.0,999.0,True,0.0,20.0,0,10,0,False,False,0,DRY,NORMAL,10,0,90.0,False,0,DIM,CLEAR,10,90.0,True,False,0,SAFE,SAFE,SAFE,10,0,100,False,0,10,0,12,100,46.21178102688508,False,True,False,False,True,False
17.27,50.08,4071,3,12,0,22.0,30.0,18463.5,90.0,999.0,True,0.0,20.0,0,10,0,False,False,0,DRY,NORMAL,10,0,90.0,False,0,DIM,CLEAR,10,90.0,True,False,0,SAFE,SAFE,SAFE,10,0,100,False,0,10,0,12,100,47.5235182677747,False,True,False,False,True,False
17.3,49.92,4058,3,12,0,22.0,30.0,18373.9,90.0,999.0,True,0.0,20.0,0,10,0,False,False,0,DRY,NORMAL,10,0,90.0,False,0,DIM,CLEAR,10,90.0,True,False,0,SAFE,SAFE,SAFE,10,0,100,False,0,10,0,12,100,44.029449004387125,False,True,False,False,True,False
17.33,49.7,4040,3,12,0,22.0,30.0,18534.1,90.0,999.0,True,0.0,20.0,0,10,0,False,False,0,DRY,NORMAL,10,0,90.0,False,0,DIM,CLEAR,10,90.0,True,False,0,SAFE,SAFE,SAFE,10,0,100,False,0,10,0,12,100,45.61477704971777,False,True,False,False,True,False
17.37,49.49,4024,3,12,0,22.0,30.0,18439.5,90.0,999.0,True,0.0,20.0,0,10,0,False,False,0,DRY,NORMAL,10,0,90.0,False,0,DIM,CLEAR,10,90.0,True,False,0,SAFE,SAFE,SAFE,10,0,100,False,0,10,0,12,100,47.25495469837223,False,True,False,False,True,False
17.4,49.34,4011,3,12,0,22.0,30.0,18443.1,90.0,999.0,True,0.0,20.0,0,10,0,False,False,0,DRY,NORMAL,10,0,90.0,False,0,DIM,CLEAR,10,90.0,True,False,0,SAFE,SAFE,SAFE,10,0,100,False,0,10,0,12,100,48.9512144535754,False,True,False,False,True,False
17.43,49.18,3999,3,12,0,22.0,30.0,18435.4,90.0,999.0,True,0.0,20.0,0,10,0,False,False,0,DRY,NORMAL,10,0,90.0,False,0,DIM,CLEAR,10,90.0,True,False,0,SAFE,SAFE,SAFE,10,0,100,False,0,10,0,12,100,50.685497258095936,False,True,False,False,True,False
17.47,49.04,3987,3,12,0,22.0,30.0,18501.9,90.0,999.0,True,0.0,20.0,0,10,0,False,False,0,DRY,NORMAL,10,0,90.0,False,0,DIM,CLEAR,10,90.0,True,False,0,SAFE,SAFE,SAFE,10,0,100,False,0,10,0,12,100,52.41332127631042,False,True,False,False,True,False
17.5,48.91,3976,3,12,0,22.0,30.0,18392.2,90.0,999.0,True,0.0,20.0,0,10,0,False,False,0,DRY,NORMAL,10,0,90.0,False,0,DIM,CLEAR,10,90.0,True,False,0,SAFE,SAFE,SAFE,10,0,100,False,0,10,0,12,100,54.10349819553998,False,True,False,False,True,False
17.53,48.81,3969,3,12,0,22.0,30.0,18491.6,90.0,999.0,True,0.0,20.0,0,10,0,False,False,0,DRY,NORMAL,10,0,90.0,False,0,DIM,CLEAR,10,90.0,True,False,0,SAFE,SAFE,SAFE,10,0,100,False,0,10,0,12,100,50.7567733974513,False,True,False,False,True,False
17.57,48.76,3965,3,12,0,22.0,30.0,18471.6,90.0,999.0,True,0.0,20.0,0,10,0,False,False,0,DRY,NORMAL,10,0,90.0,False,0,DIM,CLEAR,10,90.0,True,False,0,SAFE,SAFE,SAFE,10,0,100,False,0,10,0,12,100,52.78843581201677,False,True,False,False,True,False
17.6,48.77,3965,3,12,0,22.0,30.0,18469.4,90.0,999.0,True,0.0,20.0,0,10,0,False,False,0,DRY,NORMAL,10,0,90.0,False,0,DIM,CLEAR,10,90.0,True,False,0,SAFE,SAFE,SAFE,10,0,100,False,0,10,0,12,100,54.94297776511256,False,True,False,False,True,False
17.63,48.84,3971,3,12,0,22.0,30.0,18519.3,90.0,999.0,True,0.0,20.0,0,10,0,False,False,0,DRY,NORMAL,10,0,90.0,False,0,DIM,CLEAR,10,90.0,True,False,0,SAFE,SAFE,SAFE,10,0,100,False,0,10,0,12,100,57.194998744311704,False,True,False,False,True,False
17.67,48.97,3981,3,12,0,22.0,30.0,18505.8,90.0,999.0,True,0.0,20.0,0,10,0,False,False,0,DRY,NORMAL,10,0,90.0,False,0,DIM,CLEAR,10,90.0,True,False,0,SAFE,SAFE,SAFE,10,0,100,False,0,10,0,12,100,59.52072762372009,False,True,False,False,True,False
17.7,49.14,3995,3,12,0,22.0,30.0,18496.4,90.0,999.0,True,0.0,20.0,0,10,0,False,False,0,DRY,NORMAL,10,0,90.0,False,0,DIM,CLEAR,10,90.0,True,False,0,SAFE,SAFE,SAFE,10,0,100,False,0,10,0,12,100,61.8816844369877,False,True,False,False,True,False
17.73,49.34,4011,3,12,0,22.0,30.0,18466.3,90.0,999.0,True,0.0,20.0,0,10,0,False,False,0,DRY,NORMAL,10,0,90.0,False,0,DIM,CLEAR,10,90.0,True,False,0,SAFE,SAFE,SAFE,10,0,100,False,0,10,0,12,100,64.2424948930258,False,True,False,False,True,False
17.77,49.57,4030,3,12,0,22.0,30.0,18452.7,90.0,999.0,True,0.0,20.0,0,10,0,False,False,0,DRY,NORMAL,10,0,90.0,False,0,DIM,CLEAR,10,90.0,True,False,0,SAFE,SAFE,SAFE,10,0,100,False,0,10,0,12,100,59.56967480969815,False,True,False,False,True,False
17.8,49.83,4051,3,12,0,22.0,30.0,18359.9,90.0,999.0,True,0.0,20.0,0,10,0,False,False,0,DRY,NORMAL,10,0,90.0,False,0,DIM,CLEAR,10,90.0,True,False,0,SAFE,SAFE,SAFE,10,0,100,False,0,10,0,12,100,62.207036016518394,False,True,False,False,True,False
17.83,50.11,4074,3,12,0,22.0,30.0,18444.7,90.0,999.0,True,0.0,20.0,0,10,0,False,False,0,DRY,NORMAL,10,0,90.0,False,0,DIM,CLEAR,10,90.0,True,False,0,SAFE,SAFE,SAFE,10,0,100,False,0,10,0,12,100,65.00325433051032,False,True,False,False,True,False
17.87,50.41,4098,3,12,0,22.0,30.0,18474.5,90.0,999.0,True,0.0,20.0,0,10,0,False,False,0,DRY,NORMAL,10,0,90.0,False,0,DIM,CLEAR,10,90.0,True,False,0,SAFE,SAFE,SAFE,10,0,100,False,0,10,0,12,100,67.90455767330359,False,True,False,False,True,False
17.9,50.72,4123,3,12,0,22.0,30.0,18456.8,90.0,999.0,True,0.0,20.0,0,10,0,False,False,0,DRY,NORMAL,10,0,90.0,False,0,DIM,CLEAR,10,90.0,True,False,0,SAFE,SAFE,SAFE,10,0,100,False,0,10,0,12,100,70.86850544477555,False,True,False,False,True,False
17.93,51.04,4150,3,12,0,22.0,30.0,18503.5,90.0,999.0,True,0.0,20.0,0,10,0,False,False,0,DRY,NORMAL,10,0,90.0,False,0,DIM,CLEAR,10,90.0,True,False,0,SAFE,SAFE,SAFE,10,0,100,False,0,10,0,12,100,73.82756333277551,False,True,False,False,True,False
17.97,51.37,4177,3,12,0,22.0,30.0,18496.3,90.0,999.0,True,0.0,20.0,0,10,0,False,False,0,DRY,NORMAL,10,0,90.0,False,0,DIM,CLEAR,10,90.0,True,False,0,SAFE,SAFE,SAFE,10,0,100,False,0,10,0,12,100,75.46085741636026,False,True,False,False,True,False
18.0,51.71,4204,3,12,0,22.0,30.0,18874.4,90.0,999.0,True,0.0,20.0,0,10,0,False,False,0,DRY,NORMAL,10,0,90.0,False,0,DIM,CLEAR,10,90.0,True,False,0,SAFE,SAFE,SAFE,10,0,100,False,0,10,0,12,100,67.0880271820103,False,True,False,False,True,False
18.03,52.06,4233,3,12,0,22.0,30.0,18747.4,90.0,999.0,True,0.0,20.0,0,10,0,False,False,0,DRY,NORMAL,10,0,90.0,False,0,DIM,CLEAR,10,90.0,True,False,0,SAFE,SAFE,SAFE,10,0,100,False,0,10,0,12,100,69.73472192589455,False,True,False,False,True,False
18.07,52.42,4262,3,12,0,22.0,30.0,18752.7,90.0,999.0,True,0.0,20.0,0,10,0,False,False,0,DRY,NORMAL,10,0,90.0,False,0,DIM,CLEAR,10,90.0,True,False,0,SAFE,SAFE,SAFE,10,0,100,False,0,10,0,12,100,72.52174679614757,False,True,False,False,True,False
18.1,52.78,4291,3,12,0,22.0,30.0,18773.4,90.0,999.0,True,0.0,20.0,0,10,0,False,False,0,DRY,NORMAL,10,0,90.0,False,0,DIM,CLEAR,10,90.0,True,False,0,SAFE,SAFE,SAFE,10,0,100,False,0,10,0,12,100,75.3952046054596,False,True,False,False,True,False
18.13,53.15,4321,3,12,0,22.0,30.0,18752.7,90.0,999.0,True,0.0,20.0,0,10,0,False,False,0,DRY,NORMAL,10,0,90.0,False,0,DIM,CLEAR,10,90.0,True,False,0,SAFE,SAFE,SAFE,10,0,100,False,0,10,0,12,100,75.46088267985331,False,True,False,False,True,False
18.17,53.52,4352,3,12,0,22.0,30.0,18774.2,90.0,999.0,True,0.0,20.0,0,10,0,False,False,0,DRY,NORMAL,10,0,90.0,False,0,DIM,CLEAR,10,90.0,True,False,0,SAFE,SAFE,SAFE,10,0,100,False,0,10,0,12,100,75.46088267985331,False,True,False,False,True,False
18.2,53.9,4382,3,12,0,22.0,30.0,18767.6,90.0,999.0,True,0.0,20.0,0,10,0,False,False,0,DRY,NORMAL,10,0,90.0,False,0,DIM,CLEAR,10,90.0,True,False,0,SAFE,SAFE,SAFE,10,0,100,False,0,10,0,12,100,75.46088267985331,False,True,False,False,True,False
18.23,54.28,4413,3,12,0,22.0,30.0,18925.5,90.0,999.0,True,0.0,20.0,0,10,0,False,False,0,DRY,NORMAL,10,0,90.0,False,0,DIM,CLEAR,10,90.0,True,False,0,SAFE,SAFE,SAFE,10,0,100,False,0,10,0,12,100,68.12647241610851,False,True,False,False,True,False
18.27,54.67,4445,3,12,0,22.0,30.0,18773.0,90.0,999.0,True,0.0,20.0,0,10,0,False,False,0,DRY,NORMAL,10,0,90.0,False,0,DIM,CLEAR,10,90.0,True,False,0,SAFE,SAFE,SAFE,10,0,100,False,0,10,0,12,100,70.23128173248682,False,True,False,False,True,False
18.3,55.06,4476,3,12,0,22.0,30.0,18832.2,90.0,999.0,True,0.0,20.0,0,10,0,False,False,0,DRY,NORMAL,10,0,90.0,False,0,DIM,CLEAR,10,90.0,True,False,0,SAFE,SAFE,SAFE,10,0,100,False,0,10,0,12,100,72.48622825437774,False,True,False,False,True,False
18.33,55.45,4508,3,12,0,22.0,30.0,18890.1,90.0,999.0,True,0.0,20.0,0,10,0,False,False,0,DRY,NORMAL,10,0,90.0,False,0,DIM,CLEAR,10,90.0,True,False,0,SAFE,SAFE,SAFE,10,0,100,False,0,10,0,12,100,74.82682355186408,False,True,False,False,True,False
18.37,55.85,4541,3,12,0,22.0,30.0,18833.3,90.0,999.0,True,0.0,20.0,0,10,0,False,False,0,DRY,NORMAL,10,0,90.0,False,0,DIM,CLEAR,10,90.0,True,False,0,SAFE,SAFE,SAFE,10,0,100,False,0,10,0,12,100,75.47280290476712,False,True,False,False,True,False
18.4,56.25,4573,3,12,0,22.0,30.0,18791.4,90.0,999.0,True,0.0,20.0,0,10,0,False,False,0,DRY,NORMAL,10,0,90.0,False,0,DIM,CLEAR,10,90.0,True,False,0,SAFE,SAFE,SAFE,10,0,100,False,0,10,0,12,100,75.47280290476712,False,True,False,False,True,False
18.43,56.65,4606,3,12,0,22.0,30.0,18852.1,90.0,999.0,True,0.0,20.0,0,10,0,False,False,0,DRY,NORMAL,10,0,90.0,False,0,DIM,CLEAR,10,90.0,True,False,0,SAFE,SAFE,SAFE,10,0,100,False,0,10,0,12,100,61.62217991826506,False,True,False,False,True,False
18.47,57.06,4639,3,12,0,22.0,30.0,18784.6,90.0,999.0,True,0.0,20.0,0,10,0,False,False,0,DRY,NORMAL,10,0,90.0,False,0,DIM,CLEAR,10,90.0,True,False,0,SAFE,SAFE,SAFE,10,0,100,False,0,10,0,12,100,63.271829264381495,False,True,False,False,True,False
18.5,57.47,4672,3,12,0,22.0,30.0,18761.4,90.0,999.0,True,0.0,20.0,0,10,0,False,False,0,DRY,NORMAL,10,0,90.0,False,0,DIM,CLEAR,10,90.0,True,False,0,SAFE,SAFE,SAFE,10,0,100,False,0,10,0,12,100,65.08430703160869,False,True,False,False,True,False
18.53,57.88,4706,3,12,0,22.0,30.0,18858.0,90.0,999.0,True,0.0,20.0,0,10,0,False,False,0,DRY,NORMAL,10,0,90.0,False,0,DIM,CLEAR,10,90.0,True,False,0,SAFE,SAFE,SAFE,10,0,100,False,0,10,0,12,100,67.0096823132909,False,True,False,False,True,False
18.57,58.3,4740,3,12,0,22.0,30.0,18772.3,90.0,999.0,True,0.0,20.0,0,10,0,False,False,0,DRY,NORMAL,10,0,90.0,False,0,DIM,CLEAR,10,90.0,True,False,0,SAFE,SAFE,SAFE,10,0,100,False,0,10,0,12,100,68.99054061280901,False,True,False,False,True,False
18.6,58.72,4774,3,12,0,22.0,30.0,18813.7,90.0,999.0,True,0.0,20.0,0,10,0,False,False,0,DRY,NORMAL,10,0,90.0,False,0,DIM,CLEAR,10,90.0,True,False,0,SAFE,SAFE,SAFE,10,0,100,False,0,10,0,12,100,70.96950722946006,False,True,False,False,True,False
18.63,59.14,4808,3,12,0,22.0,30.0,18771.9,90.0,999.0,True,0.0,20.0,0,10,0,False,False,0,DRY,NORMAL,10,0,90.0,False,0,DIM,CLEAR,10,90.0,True,False,0,SAFE,SAFE,SAFE,10,0,100,False,0,10,0,12,100,56.2128906296452,False,True,False,False,True,False
18.67,59.55,4842,3,12,0,22.0,30.0,18837.1,90.0,999.0,True,0.0,20.0,0,10,0,False,False,0,DRY,NORMAL,10,0,90.0,False,0,DIM,CLEAR,10,90.0,True,False,0,SAFE,SAFE,SAFE,10,0,100,False,0,10,0,12,100,57.68687919580712,False,True,False,False,True,False
18.7,59.9,4870,3,12,0,22.0,30.0,18917.1,90.0,999.0,True,0.0,20.0,0,10,0,False,False,0,DRY,NORMAL,10,0,90.0,False,0,DIM,CLEAR,10,90.0,True,False,0,SAFE,SAFE,SAFE,10,0,100,False,0,10,0,12,100,59.288995111683086,False,True,False,False,True,False
18.73,60.14,4890,3,12,0,22.0,30.0,18857.3,90.0,999.0,True,0.0,20.0,0,10,0,False,False,0,DRY,NORMAL,10,0,90.0,False,0,DIM,CLEAR,10,90.0,True,False,0,SAFE,SAFE,SAFE,10,0,100,False,0,10,0,12,100,60.95357072003179,False,True,False,False,True,False
18.77,60.26,4900,3,12,0,22.0,30.0,18794.5,90.0,999.0,True,0.0,20.0,0,10,0,False,False,0,DRY,NORMAL,10,0,90.0,False,0,DIM,CLEAR,10,90.0,True,False,0,SAFE,SAFE,SAFE,10,0,100,False,0,10,0,12,100,62.6256980114454,False,True,False,False,True,False
18.8,60.32,4904,3,12,0,22.0,30.0,18744.8,90.0,999.0,True,0.0,20.0,0,10,0,False,False,0,DRY,NORMAL,10,0,90.0,False,0,DIM,CLEAR,10,90.0,True,False,0,SAFE,SAFE,SAFE,10,0,100,False,0,10,0,12,100,64.23158390374223,False,True,False,False,True,False
18.83,60.36,4908,3,12,0,22.0,30.0,18844.5,90.0,999.0,True,0.0,20.0,0,10,0,False,False,0,DRY,NORMAL,10,0,90.0,False,0,DIM,CLEAR,10,90.0,True,False,0,SAFE,SAFE,SAFE,10,0,100,False,0,10,0,12,100,51.977867671418785,False,True,False,False,True,False
18.87,60.35,4906,3,12,0,22.0,30.0,18745.2,90.0,999.0,True,0.0,20.0,0,10,0,False,False,0,DRY,NORMAL,10,0,90.0,False,0,DIM,CLEAR,10,90.0,True,False,0,SAFE,SAFE,SAFE,10,0,100,False,0,10,0,12,100,53.16759815153032,False,True,False,False,True,False
18.9,60.22,4896,3,12,0,22.0,30.0,18754.6,90.0,999.0,True,0.0,20.0,0,10,0,False,False,0,DRY,NORMAL,10,0,90.0,False,0,DIM,CLEAR,10,90.0,True,False,0,SAFE,SAFE,SAFE,10,0,100,False,0,10,0,12,100,54.430787011039804,False,True,False,False,True,False
18.93,60.03,4881,3,12,0,22.0,30.0,18785.0,90.0,999.0,True,0.0,20.0,0,10,0,False,False,0,DRY,NORMAL,10,0,90.0,False,0,DIM,CLEAR,10,90.0,True,False,0,SAFE,SAFE,SAFE,10,0,100,False,0,10,0,12,100,55.70826650667666,False,True,False,False,True,False
18.97,59.89,4869,3,12,0,22.0,30.0,18864.4,90.0,999.0,True,0.0,20.0,0,10,0,False,False,0,DRY,NORMAL,10,0,90.0,False,0,DIM,CLEAR,10,90.0,True,False,0,SAFE,SAFE,SAFE,10,0,100,False,0,10,0,12,100,56.98100496072534,False,True,False,False,True,False
19.0,59.77,4859,3,12,0,22.0,30.0,19243.5,90.0,999.0,True,0.0,20.0,0,10,0,False,False,0,DRY,NORMAL,10,0,90.0,False,0,DIM,CLEAR,10,90.0,True,False,0,SAFE,SAFE,SAFE,10,0,100,False,0,10,0,12,100,58.22224049655353,False,True,False,False,True,False
19.03,59.63,4848,3,12,0,22.0,30.0,19172.1,90.0,999.0,True,0.0,20.0,0,10,0,False,False,0,DRY,NORMAL,10,0,90.0,False,0,DIM,CLEAR,10,90.0,True,False,0,SAFE,SAFE,SAFE,10,0,100,False,0,10,0,12,100,48.12105471436172,False,True,False,False,True,False
19.07,59.41,4831,3,12,0,22.0,30.0,19220.7,90.0,999.0,True,0.0,20.0,0,10,0,False,False,0,DRY,NORMAL,10,0,90.0,False,0,DIM,CLEAR,10,90.0,True,False,0,SAFE,SAFE,SAFE,10,0,100,False,0,10,0,12,100,49.14673716354753,False,True,False,False,True,False
19.1,59.12,4806,3,12,0,22.0,30.0,19238.3,90.0,999.0,True,0.0,20.0,0,10,0,False,False,0,DRY,NORMAL,10,0,90.0,False,0,DIM,CLEAR,10,90.0,True,False,0,SAFE,SAFE,SAFE,10,0,100,False,0,10,0,12,100,50.23253579193368,False,True,False,False,True,False
19.13,58.81,4782,3,12,0,22.0,30.0,19094.8,90.0,999.0,True,0.0,20.0,0,10,0,False,False,0,DRY,NORMAL,10,0,90.0,False,0,DIM,CLEAR,10,90.0,True,False,0,SAFE,SAFE,SAFE,10,0,100,False,0,10,0,12,100,51.33530123760813,False,True,False,False,True,False
19.17,58.51,4757,3,12,0,22.0,30.0,19081.0,90.0,999.0,True,0.0,20.0,0,10,0,False,False,0,DRY,NORMAL,10,0,90.0,False,0,DIM,CLEAR,10,90.0,True,False,0,SAFE,SAFE,SAFE,10,0,100,False,0,10,0,12,100,52.4383082171002,False,True,False,False,True,False
19.2,58.2,4732,3,12,0,22.0,30.0,19169.9,90.0,999.0,True,0.0,20.0,0,10,0,False,False,0,DRY,NORMAL,10,0,90.0,False,0,DIM,CLEAR,10,90.0,True,False,0,SAFE,SAFE,SAFE,10,0,100,False,0,10,0,12,100,53.52155669226932,False,True,False,False,True,False
19.23,57.97,4713,3,12,0,22.0,30.0,19165.5,90.0,999.0,True,0.0,20.0,0,10,0,False,False,0,DRY,NORMAL,10,0,90.0,False,0,DIM,CLEAR,10,90.0,True,False,0,SAFE,SAFE,SAFE,10,0,100,False,0,10,0,12,100,45.08731860421474,False,True,False,False,True,False
19.27,57.73,4694,3,12,0,22.0,30.0,19107.5,90.0,999.0,True,0.0,20.0,0,10,0,False,False,0,DRY,NORMAL,10,0,90.0,False,0,DIM,CLEAR,10,90.0,True,False,0,SAFE,SAFE,SAFE,10,0,100,False,0,10,0,12,100,46.060625034478484,False,True,False,False,True,False
19.3,57.42,4668,3,12,0,22.0,30.0,19154.0,90.0,999.0,True,0.0,20.0,0,10,0,False,False,0,DRY,NORMAL,10,0,90.0,False,0,DIM,CLEAR,10,90.0,True,False,0,SAFE,SAFE,SAFE,10,0,100,False,0,10,0,12,100,47.105305519378206,False,True,False,False,True,False
19.33,57.1,4643,3,12,0,22.0,30.0,19119.6,90.0,999.0,True,0.0,20.0,0,10,0,False,False,0,DRY,NORMAL,10,0,90.0,False,0,DIM,CLEAR,10,90.0,True,False,0,SAFE,SAFE,SAFE,10,0,100,False,0,10,0,12,100,48.165367072911174,False,True,False,False,True,False
19.37,56.79,4617,3,12,0,22.0,30.0,19170.8,90.0,999.0,True,0.0,20.0,0,10,0,False,False,0,DRY,NORMAL,10,0,90.0,False,0,DIM,CLEAR,10,90.0,True,False,0,SAFE,SAFE,SAFE,10,0,100,False,0,10,0,12,100,49.23352771438992,False,True,False,False,True,False
19.4,56.48,4592,3,12,0,22.0,30.0,19113.6,90.0,999.0,True,0.0,20.0,0,10,0,False,False,0,DRY,NORMAL,10,0,90.0,False,0,DIM,CLEAR,10,90.0,True,False,0,SAFE,SAFE,SAFE,10,0,100,False,0,10,0,12,100,42.263782452409515,False,True,False,False,True,False
19.43,56.16,4566,3,12,0,22.0,30.0,19149.4,90.0,999.0,True,0.0,20.0,0,10,0,False,False,0,DRY,NORMAL,10,0,90.0,False,0,DIM,CLEAR,10,90.0,True,False,0,SAFE,SAFE,SAFE,10,0,100,False,0,10,0,12,100,43.26340605432236,False,True,False,False,True,False
19.47,55.85,4541,3,12,0,22.0,30.0,19214.3,90.0,999.0,True,0.0,20.0,0,10,0,False,False,0,DRY,NORMAL,10,0,90.0,False,0,DIM,CLEAR,10,90.0,True,False,0,SAFE,SAFE,SAFE,10,0,100,False,0,10,0,12,100,44.34840000790836,False,True,False,False,True,False
19.5,55.54,4515,3,12,0,22.0,30.0,19156.8,90.0,999.0,True,0.0,20.0,0,10,0,False,False,0,DRY,NORMAL,10,0,90.0,False,0,DIM,CLEAR,10,90.0,True,False,0,SAFE,SAFE,SAFE,10,0,100,False,0,10,0,12,100,45.48787408185849,False,True,False,False,True,False
19.53,55.23,4490,3,12,0,22.0,30.0,19208.3,90.0,999.0,True,0.0,20.0,0,10,0,False,False,0,DRY,NORMAL,10,0,90.0,False,0,DIM,CLEAR,10,90.0,True,False,0,SAFE,SAFE,SAFE,10,0,100,False,0,10,0,12,100,46.65185040019883,False,True,False,False,True,False
19.57,54.92,4465,3,12,0,22.0,30.0,19150.1,90.0,999.0,True,0.0,20.0,0,10,0,False,False,0,DRY,NORMAL,10,0,90.0,False,0,DIM,CLEAR,10,90.0,True,False,0,SAFE,SAFE,SAFE,10,0,100,False,0,10,0,12,100,47.810883210106965,False,True,False,False,True,False
19.6,54.61,4440,3,12,0,22.0,30.0,19188.1,90.0,999.0,True,0.0,20.0,0,10,0,False,False,0,DRY,NORMAL,10,0,90.0,False,0,DIM,CLEAR,10,90.0,True,False,0,SAFE,SAFE,SAFE,10,0,100,False,0,10,0,12,100,48.94116840998653,False,True,False,False,True,False
19.63,54.3,4415,3,12,0,22.0,30.0,19216.6,90.0,999.0,True,0.0,20.0,0,10,0,False,False,0,DRY,NORMAL,10,0,90.0,False,0,DIM,CLEAR,10,90.0,True,False,0,SAFE,SAFE,SAFE,10,0,100,False,0,10,0,12,100,42.80255987273523,False,True,False,False,True,False
19.67,53.99,4390,3,12,0,22.0,30.0,19117.8,90.0,999.0,True,0.0,20.0,0,10,0,False,False,0,DRY,NORMAL,10,0,90.0,False,0,DIM,CLEAR,10,90.0,True,False,0,SAFE,SAFE,SAFE,10,0,100,False,0,10,0,12,100,43.905180144713185,False,True,False,False,True,False
19.7,53.69,4365,3,12,0,22.0,30.0,19119.7,90.0,999.0,True,0.0,20.0,0,10,0,False,False,0,DRY,NORMAL,10,0,90.0,False,0,DIM,CLEAR,10,90.0,True,False,0,SAFE,SAFE,SAFE,10,0,100,False,0,10,0,12,100,45.07612306622465,False,True,False,False,True,False
19.73,53.38,4340,3,12,0,22.0,30.0,19114.9,90.0,999.0,True,0.0,20.0,0,10,0,False,False,0,DRY,NORMAL,10,0,90.0,False,0,DIM,CLEAR,10,90.0,True,False,0,SAFE,SAFE,SAFE,10,0,100,False,0,10,0,12,100,46.27953520541988,False,True,False,False,True,False
19.77,53.08,4315,3,12,0,22.0,30.0,19243.4,90.0,999.0,True,0.0,20.0,0,10,0,False,False,0,DRY,NORMAL,10,0,90.0,False,0,DIM,CLEAR,10,90.0,True,False,0,SAFE,SAFE,SAFE,10,0,100,False,0,10,0,12,100,47.494679662797765,False,True,False,False,True,False
19.8,52.78,4291,3,12,0,22.0,30.0,19258.0,90.0,999.0,True,0.0,20.0,0,10,0,False,False,0,DRY,NORMAL,10,0,90.0,False,0,DIM,CLEAR,10,90.0,True,False,0,SAFE,SAFE,SAFE,10,0,100,False,0,10,0,12,100,48.69121955412359,False,True,False,False,True,False
19.83,52.56,4273,3,12,0,22.0,30.0,19252.8,90.0,999.0,True,0.0,20.0,0,10,0,False,False,0,DRY,NORMAL,10,0,90.0,False,0,DIM,CLEAR,10,90.0,True,False,0,SAFE,SAFE,SAFE,10,0,100,False,0,10,0,12,100,43.16007844042754,False,True,False,False,True,False
19.87,52.33,4254,3,12,0,22.0,30.0,19196.5,90.0,999.0,True,0.0,20.0,0,10,0,False,False,0,DRY,NORMAL,10,0,90.0,False,0,DIM,CLEAR,10,90.0,True,False,0,SAFE,SAFE,SAFE,10,0,100,False,0,10,0,12,100,44.422416852229844,False,True,False,False,True,False
19.9,52.03,4230,3,12,0,22.0,30.0,19233.5,90.0,999.0,True,0.0,20.0,0,10,0,False,False,0,DRY,NORMAL,10,0,90.0,False,0,DIM,CLEAR,10,90.0,True,False,0,SAFE,SAFE,SAFE,10,0,100,False,0,10,0,12,100,45.76367146493938,False,True,False,False,True,False
19.93,51.73,4206,3,12,0,22.0,30.0,19138.9,90.0,999.0,True,0.0,20.0,0,10,0,False,False,0,DRY,NORMAL,10,0,90.0,False,0,DIM,CLEAR,10,90.0,True,False,0,SAFE,SAFE,SAFE,10,0,100,False,0,10,0,12,100,47.12830266132365,False,True,False,False,True,False
19.97,51.52,4189,3,12,0,22.0,30.0,19194.8,90.0,999.0,True,0.0,20.0,0,10,0,False,False,0,DRY,NORMAL,10,0,90.0,False,0,DIM,CLEAR,10,90.0,True,False,0,SAFE,SAFE,SAFE,10,0,100,False,0,10,0,12,100,48.51045142562993,False,True,False,False,True,False
20.0,51.36,4175,3,12,0,22.0,30.0,19387.0,90.0,999.0,True,0.0,20.0,0,10,0,False,False,0,DRY,NORMAL,10,0,90.0,False,0,DIM,CLEAR,10,90.0,True,False,0,SAFE,SAFE,SAFE,10,0,100,False,0,10,0,12,100,49.92139887621807,False,True,False,False,True,False
20.03,51.2,4162,3,12,0,22.0,30.0,19427.6,90.0,999.0,True,0.0,20.0,0,10,0,False,False,0,DRY,NORMAL,10,0,90.0,False,0,DIM,CLEAR,10,90.0,True,False,0,SAFE,SAFE,SAFE,10,0,100,False,0,10,0,12,100,51.31879241914297,False,True,False,False,True,False
20.07,51.04,4150,3,12,0,22.0,30.0,19506.5,90.0,999.0,True,0.0,20.0,0,10,0,False,False,0,DRY,NORMAL,10,0,90.0,False,0,DIM,CLEAR,10,90.0,True,False,0,SAFE,SAFE,SAFE,10,0,100,False,0,10,0,12,100,46.129819493804675,False,True,False,False,True,False
20.1,50.89,4138,3,12,0,22.0,30.0,19558.5,90.0,999.0,True,0.0,20.0,0,10,0,False,False,0,DRY,NORMAL,10,0,90.0,False,0,DIM,CLEAR,10,90.0,True,False,0,SAFE,SAFE,SAFE,10,0,100,False,0,10,0,12,100,47.62116755192126,False,True,False,False,True,False
20.13,50.75,4126,3,12,0,22.0,30.0,19529.6,90.0,999.0,True,0.0,20.0,0,10,0,False,False,0,DRY,NORMAL,10,0,90.0,False,0,DIM,CLEAR,10,90.0,True,False,0,SAFE,SAFE,SAFE,10,0,100,False,0,10,0,12,100,49.20088383502816,False,True,False,False,True,False
20.17,50.6,4113,3,12,0,22.0,30.0,19544.4,90.0,999.0,True,0.0,20.0,0,10,0,False,False,0,DRY,NORMAL,10,0,90.0,False,0,DIM,CLEAR,10,90.0,True,False,0,SAFE,SAFE,SAFE,10,0,100,False,0,10,0,12,100,50.831225099411725,False,True,False,False,True,False
20.2,50.45,4101,3,12,0,22.0,30.0,19412.5,90.0,999.0,True,0.0,20.0,0,10,0,False,False,0,DRY,NORMAL,10,0,90.0,False,0,DIM,CLEAR,10,90.0,True,False,0,SAFE,SAFE,SAFE,10,0,100,False,0,10,0,12,100,52.48030185355013,False,True,False,False,True,False
20.23,50.32,4091,3,12,0,22.0,30.0,19516.1,90.0,999.0,True,0.0,20.0,0,10,0,False,False,0,DRY,NORMAL,10,0,90.0,False,0,DIM,CLEAR,10,90.0,True,False,0,SAFE,SAFE,SAFE,10,0,100,False,0,10,0,12,100,54.114075747123806,False,True,False,False,True,False
20.27,50.23,4083,3,12,0,22.0,30.0,19471.1,90.0,999.0,True,0.0,20.0,0,10,0,False,False,0,DRY,NORMAL,10,0,90.0,False,0,DIM,CLEAR,10,90.0,True,False,0,SAFE,SAFE,SAFE,10,0,100,False,0,10,0,12,100,48.641536585873034,False,True,False,False,True,False
20.3,50.16,4078,3,12,0,22.0,30.0,19437.6,90.0,999.0,True,0.0,20.0,0,10,0,False,False,0,DRY,NORMAL,10,0,90.0,False,0,DIM,CLEAR,10,90.0,True,False,0,SAFE,SAFE,SAFE,10,0,100,False,0,10,0,12,100,50.38414370388063,False,True,False,False,True,False
20.33,50.11,4074,3,12,0,22.0,30.0,19534.6,90.0,999.0,True,0.0,20.0,0,10,0,False,False,0,DRY,NORMAL,10,0,90.0,False,0,DIM,CLEAR,10,90.0,True,False,0,SAFE,SAFE,SAFE,10,0,100,False,0,10,0,12,100,52.25841056092393,False,True,False,False,True,False
20.37,50.07,4071,3,12,0,22.0,30.0,19563.1,90.0,999.0,True,0.0,20.0,0,10,0,False,False,0,DRY,NORMAL,10,0,90.0,False,0,DIM,CLEAR,10,90.0,True,False,0,SAFE,SAFE,SAFE,10,0,100,False,0,10,0,12,100,54.22084614200266,False,True,False,False,True,False
20.4,50.08,4071,3,12,0,22.0,30.0,19483.6,90.0,999.0,True,0.0,20.0,0,10,0,False,False,0,DRY,NORMAL,10,0,90.0,False,0,DIM,CLEAR,10,90.0,True,False,0,SAFE,SAFE,SAFE,10,0,100,False,0,10,0,12,100,56.235801575412125,False,True,False,False,True,False
20.43,50.14,4076,3,12,0,22.0,30.0,19548.6,90.0,999.0,True,0.0,20.0,0,10,0,False,False,0,DRY,NORMAL,10,0,90.0,False,0,DIM,CLEAR,10,90.0,True,False,0,SAFE,SAFE,SAFE,10,0,100,False,0,10,0,12,100,58.28125895701121,False,True,False,False,True,False
20.47,50.25,4086,3,12,0,22.0,30.0,19501.8,90.0,999.0,True,0.0,20.0,0,10,0,False,False,0,DRY,NORMAL,10,0,90.0,False,0,DIM,CLEAR,10,90.0,True,False,0,SAFE,SAFE,SAFE,10,0,100,False,0,10,0,12,100,60.33299954523398,False,True,False,False,True,False
20.5,50.42,4099,3,12,0,22.0,30.0,19507.0,90.0,999.0,True,0.0,20.0,0,10,0,False,False,0,DRY,NORMAL,10,0,90.0,False,0,DIM,CLEAR,10,90.0,True,False,0,SAFE,SAFE,SAFE,10,0,100,False,0,10,0,12,100,53.82580074394556,False,True,False,False,True,False
20.53,50.62,4115,3,12,0,22.0,30.0,19489.0,90.0,999.0,True,0.0,20.0,0,10,0,False,False,0,DRY,NORMAL,10,0,90.0,False,0,DIM,CLEAR,10,90.0,True,False,0,SAFE,SAFE,SAFE,10,0,100,False,0,10,0,12,100,55.93132957437716,False,True,False,False,True,False
20.57,50.85,4134,3,12,0,22.0,30.0,19409.6,90.0,999.0,True,0.0,20.0,0,10,0,False,False,0,DRY,NORMAL,10,0,90.0,False,0,DIM,CLEAR,10,90.0,True,False,0,SAFE,SAFE,SAFE,10,0,100,False,0,10,0,12,100,58.19030389463653,False,True,False,False,True,False
20.6,51.11,4155,3,12,0,22.0,30.0,19461.6,90.0,999.0,True,0.0,20.0,0,10,0,False,False,0,DRY,NORMAL,10,0,90.0,False,0,DIM,CLEAR,10,90.0,True,False,0,SAFE,SAFE,SAFE,10,0,100,False,0,10,0,12,100,60.56622307851319,False,True,False,False,True,False
20.63,51.39,4178,3,12,0,22.0,30.0,19434.2,90.0,999.0,True,0.0,20.0,0,10,0,False,False,0,DRY,NORMAL,10,0,90.0,False,0,DIM,CLEAR,10,90.0,True,False,0,SAFE,SAFE,SAFE,10,0,100,False,0,10,0,12,100,63.018634624734354,False,True,False,False,True,False
20.67,51.69,4202,3,12,0,22.0,30.0,19460.9,90.0,999.0,True,0.0,20.0,0,10,0,False,False,0,DRY,NORMAL,10,0,90.0,False,0,DIM,CLEAR,10,90.0,True,False,0,SAFE,SAFE,SAFE,10,0,100,False,0,10,0,12,100,65.4967909980881,False,True,False,False,True,False
20.7,52.01,4228,3,12,0,22.0,30.0,19462.5,90.0,999.0,True,0.0,20.0,0,10,0,False,False,0,DRY,NORMAL,10,0,90.0,False,0,DIM,CLEAR,10,90.0,True,False,0,SAFE,SAFE,SAFE,10,0,100,False,0,10,0,12,100,67.93891869646423,False,True,False,False,True,False
20.73,52.33,4255,3,12,0,22.0,30.0,19524.1,90.0,999.0,True,0.0,20.0,0,10,0,False,False,0,DRY,NORMAL,10,0,90.0,False,0,DIM,CLEAR,10,90.0,True,False,0,SAFE,SAFE,SAFE,10,0,100,False,0,10,0,12,100,58.88312364452375,False,True,False,False,True,False
20.77,52.67,4282,3,12,0,22.0,30.0,19441.9,90.0,999.0,True,0.0,20.0,0,10,0,False,False,0,DRY,NORMAL,10,0,90.0,False,0,DIM,CLEAR,10,90.0,True,False,0,SAFE,SAFE,SAFE,10,0,100,False,0,10,0,12,100,61.10291821134816,False,True,False,False,True,False
20.8,53.02,4311,3,12,0,22.0,30.0,19556.0,90.0,999.0,True,0.0,20.0,0,10,0,False,False,0,DRY,NORMAL,10,0,90.0,False,0,DIM,CLEAR,10,90.0,True,False,0,SAFE,SAFE,SAFE,10,0,100,False,0,10,0,12,100,63.45935706439874,False,True,False,False,True,False
20.83,53.38,4340,3,12,0,22.0,30.0,19406.9,90.0,999.0,True,0.0,20.0,0,10,0,False,False,0,DRY,NORMAL,10,0,90.0,False,0,DIM,CLEAR,10,90.0,True,False,0,SAFE,SAFE,SAFE,10,0,100,False,0,10,0,12,100,65.90249589860802,False,True,False,False,True,False
20.87,53.74,4369,3,12,0,22.0,30.0,19487.6,90.0,999.0,True,0.0,20.0,0,10,0,False,False,0,DRY,NORMAL,10,0,90.0,False,0,DIM,CLEAR,10,90.0,True,False,0,SAFE,SAFE,SAFE,10,0,100,False,0,10,0,12,100,68.37979461664516,False,True,False,False,True,False
20.9,54.11,4399,3,12,0,22.0,30.0,19477.2,90.0,999.0,True,0.0,20.0,0,10,0,False,False,0,DRY,NORMAL,10,0,90.0,False,0,DIM,CLEAR,10,90.0,True,False,0,SAFE,SAFE,SAFE,10,0,100,False,0,10,0,12,100,70.85121916622653,False,True,False,False,True,False
20.93,54.49,4430,3,12,0,22.0,30.0,19452.2,90.0,999.0,True,0.0,20.0,0,10,0,False,False,0,DRY,NORMAL,10,0,90.0,False,0,DIM,CLEAR,10,90.0,True,False,0,SAFE,SAFE,SAFE,10,0,100,False,0,10,0,12,100,73.26120317340356,False,True,False,False,True,False
20.97,54.87,4461,3,12,0,22.0,30.0,19406.0,90.0,999.0,True,0.0,20.0,0,10,0,False,False,0,DRY,NORMAL,10,0,90.0,False,0,DIM,CLEAR,10,90.0,True,False,0,SAFE,SAFE,SAFE,10,0,100,False,0,10,0,12,100,61.067229413284714,False,True,False,False,True,False
21.0,55.26,4492,3,12,0,22.0,30.0,19852.4,90.0,999.0,True,0.0,20.0,0,10,0,False,False,0,DRY,NORMAL,10,0,90.0,False,0,DIM,CLEAR,10,90.0,True,False,0,SAFE,SAFE,SAFE,10,0,100,False,0,10,0,12,100,63.02101219663636,False,True,False,False,True,False
21.03,55.65,4524,3,12,0,22.0,30.0,19854.7,90.0,999.0,True,0.0,20.0,0,10,0,False,False,0,DRY,NORMAL,10,0,90.0,False,0,DIM,CLEAR,10,90.0,True,False,0,SAFE,SAFE,SAFE,10,0,100,False,0,10,0,12,100,65.09329334308003,False,True,False,False,True,False
21.07,56.04,4556,3,12,0,22.0,30.0,19751.2,90.0,999.0,True,0.0,20.0,0,10,0,False,False,0,DRY,NORMAL,10,0,90.0,False,0,DIM,CLEAR,10,90.0,True,False,0,SAFE,SAFE,SAFE,10,0,100,False,0,10,0,12,100,67.23135494133786,False,True,False,False,True,False
21.1,56.44,4589,3,12,0,22.0,30.0,19753.2,90.0,999.0,True,0.0,20.0,0,10,0,False,False,0,DRY,NORMAL,10,0,90.0,False,0,DIM,CLEAR,10,90.0,True,False,0,SAFE,SAFE,SAFE,10,0,100,False,0,10,0,12,100,69.38348533080959,False,True,False,False,True,False
21.13,56.84,4621,3,12,0,22.0,30.0,19826.5,90.0,999.0,True,0.0,20.0,0,10,0,False,False,0,DRY,NORMAL,10,0,90.0,False,0,DIM,CLEAR,10,90.0,True,False,0,SAFE,SAFE,SAFE,10,0,100,False,0,10,0,12,100,71.50070261145024,False,True,False,False,True,False
21.17,57.25,4654,3,12,0,22.0,30.0,19807.5,90.0,999.0,True,0.0,20.0,0,10,0,False,False,0,DRY,NORMAL,10,0,90.0,False,0,DIM,CLEAR,10,90.0,True,False,0,SAFE,SAFE,SAFE,10,0,100,False,0,10,0,12,100,58.37429140705874,False,True,False,False,True,False
21.2,57.66,4688,3,12,0,22.0,30.0,19830.1,90.0,999.0,True,0.0,20.0,0,10,0,False,False,0,DRY,NORMAL,10,0,90.0,False,0,DIM,CLEAR,10,90.0,True,False,0,SAFE,SAFE,SAFE,10,0,100,False,0,10,0,12,100,60.03600914663339,False,True,False,False,True,False
21.23,58.07,4721,3,12,0,22.0,30.0,19708.1,90.0,999.0,True,0.0,20.0,0,10,0,False,False,0,DRY,NORMAL,10,0,90.0,False,0,DIM,CLEAR,10,90.0,True,False,0,SAFE,SAFE,SAFE,10,0,100,False,0,10,0,12,100,61.813751518135845,False,True,False,False,True,False
21.27,58.49,4755,3,12,0,22.0,30.0,19779.7,90.0,999.0,True,0.0,20.0,0,10,0,False,False,0,DRY,NORMAL,10,0,90.0,False,0,DIM,CLEAR,10,90.0,True,False,0,SAFE,SAFE,SAFE,10,0,100,False,0,10,0,12,100,63.667496801397114,False,True,False,False,True,False
21.3,58.91,4789,3,12,0,22.0,30.0,19859.4,90.0,999.0,True,0.0,20.0,0,10,0,False,False,0,DRY,NORMAL,10,0,90.0,False,0,DIM,CLEAR,10,90.0,True,False,0,SAFE,SAFE,SAFE,10,0,100,False,0,10,0,12,100,65.53081034346134,False,True,False,False,True,False
21.33,59.33,4824,3,12,0,22.0,30.0,19839.8,90.0,999.0,True,0.0,20.0,0,10,0,False,False,0,DRY,NORMAL,10,0,90.0,False,0,DIM,CLEAR,10,90.0,True,False,0,SAFE,SAFE,SAFE,10,0,100,False,0,10,0,12,100,67.37380307712307,False,True,False,False,True,False
21.37,59.76,4858,3,12,0,22.0,30.0,19740.0,90.0,999.0,True,0.0,20.0,0,10,0,False,False,0,DRY,NORMAL,10,0,90.0,False,0,DIM,CLEAR,10,90.0,True,False,0,SAFE,SAFE,SAFE,10,0,100,False,0,10,0,12,100,55.030372968578256,False,True,False,False,True,False
21.4,60.17,4892,3,12,0,22.0,30.0,19841.4,90.0,999.0,True,0.0,20.0,0,10,0,False,False,0,DRY,NORMAL,10,0,90.0,False,0,DIM,CLEAR,10,90.0,True,False,0,SAFE,SAFE,SAFE,10,0,100,False,0,10,0,12,100,56.47898669943715,False,True,False,False,True,False
21.43,60.52,4921,3,12,0,22.0,30.0,19700.4,90.0,999.0,True,0.0,20.0,0,10,0,False,False,0,DRY,NORMAL,10,0,90.0,False,0,DIM,CLEAR,10,90.0,True,False,0,SAFE,SAFE,SAFE,10,0,100,False,0,10,0,12,100,58.019850127020774,False,True,False,False,True,False
21.47,60.77,4940,3,12,0,22.0,30.0,19796.2,90.0,999.0,True,0.0,20.0,0,10,0,False,False,0,DRY,NORMAL,10,0,90.0,False,0,DIM,CLEAR,10,90.0,True,False,0,SAFE,SAFE,SAFE,10,0,100,False,0,10,0,12,100,59.59249358169453,False,True,False,False,True,False
21.5,60.88,4950,3,12,0,22.0,30.0,19731.9,90.0,999.0,True,0.0,20.0,0,10,0,False,False,0,DRY,NORMAL,10,0,90.0,False,0,DIM,CLEAR,10,90.0,True,False,0,SAFE,SAFE,SAFE,10,0,100,False,0,10,0,12,100,61.130425023348685,False,True,False,False,True,False
21.53,60.91,4952,3,12,0,22.0,30.0,19739.1,90.0,999.0,True,0.0,20.0,0,10,0,False,False,0,DRY,NORMAL,10,0,90.0,False,0,DIM,CLEAR,10,90.0,True,False,0,SAFE,SAFE,SAFE,10,0,100,False,0,10,0,12,100,50.53191890901643,False,True,False,False,True,False
21.57,60.83,4945,3,12,0,22.0,30.0,19847.7,90.0,999.0,True,0.0,20.0,0,10,0,False,False,0,DRY,NORMAL,10,0,90.0,False,0,DIM,CLEAR,10,90.0,True,False,0,SAFE,SAFE,SAFE,10,0,100,False,0,10,0,12,100,51.70985090746847,False,True,False,False,True,False
21.6,60.62,4929,3,12,0,22.0,30.0,19859.4,90.0,999.0,True,0.0,20.0,0,10,0,False,False,0,DRY,NORMAL,10,0,90.0,False,0,DIM,CLEAR,10,90.0,True,False,0,SAFE,SAFE,SAFE,10,0,100,False,0,10,0,12,100,52.93920641203094,False,True,False,False,True,False
21.63,60.38,4909,3,12,0,22.0,30.0,19811.1,90.0,999.0,True,0.0,20.0,0,10,0,False,False,0,DRY,NORMAL,10,0,90.0,False,0,DIM,CLEAR,10,90.0,True,False,0,SAFE,SAFE,SAFE,10,0,100,False,0,10,0,12,100,54.17412482419235,False,True,False,False,True,False
21.67,60.12,4887,3,12,0,22.0,30.0,19852.7,90.0,999.0,True,0.0,20.0,0,10,0,False,False,0,DRY,NORMAL,10,0,90.0,False,0,DIM,CLEAR,10,90.0,True,False,0,SAFE,SAFE,SAFE,10,0,100,False,0,10,0,12,100,55.40070554989223,False,True,False,False,True,False
21.7,59.92,4871,3,12,0,22.0,30.0,19721.1,90.0,999.0,True,0.0,20.0,0,10,0,False,False,0,DRY,NORMAL,10,0,90.0,False,0,DIM,CLEAR,10,90.0,True,False,0,SAFE,SAFE,SAFE,10,0,100,False,0,10,0,12,100,56.592890196659134,False,True,False,False,True,False
21.73,59.75,4858,3,12,0,22.0,30.0,19839.7,90.0,999.0,True,0.0,20.0,0,10,0,False,False,0,DRY,NORMAL,10,0,90.0,False,0,DIM,CLEAR,10,90.0,True,False,0,SAFE,SAFE,SAFE,10,0,100,False,0,10,0,12,100,47.39995426781075,False,True,False,False,True,False
21.77,59.53,4840,3,12,0,22.0,30.0,19808.1,90.0,999.0,True,0.0,20.0,0,10,0,False,False,0,DRY,NORMAL,10,0,90.0,False,0,DIM,CLEAR,10,90.0,True,False,0,SAFE,SAFE,SAFE,10,0,100,False,0,10,0,12,100,48.43132787763144,False,True,False,False,True,False
21.8,59.22,4815,3,12,0,22.0,30.0,19816.1,90.0,999.0,True,0.0,20.0,0,10,0,False,False,0,DRY,NORMAL,10,0,90.0,False,0,DIM,CLEAR,10,90.0,True,False,0,SAFE,SAFE,SAFE,10,0,100,False,0,10,0,12,100,49.52063047442817,False,True,False,False,True,False
21.83,58.91,4790,3,12,0,22.0,30.0,19798.1,90.0,999.0,True,0.0,20.0,0,10,0,False,False,0,DRY,NORMAL,10,0,90.0,False,0,DIM,CLEAR,10,90.0,True,False,0,SAFE,SAFE,SAFE,10,0,100,False,0,10,0,12,100,50.621553142902115,False,True,False,False,True,False
21.87,58.6,4764,3,12,0,22.0,30.0,19739.5,90.0,999.0,True,0.0,20.0,0,10,0,False,False,0,DRY,NORMAL,10,0,90.0,False,0,DIM,CLEAR,10,90.0,True,False,0,SAFE,SAFE,SAFE,10,0,100,False,0,10,0,12,100,51.72957534787595,False,True,False,False,True,False
21.9,58.29,4739,3,12,0,22.0,30.0,19755.9,90.0,999.0,True,0.0,20.0,0,10,0,False,False,0,DRY,NORMAL,10,0,90.0,False,0,DIM,CLEAR,10,90.0,True,False,0,SAFE,SAFE,SAFE,10,0,100,False,0,10,0,12,100,52.81534024009141,False,True,False,False,True,False
21.93,57.97,4713,3,12,0,22.0,30.0,19805.7,90.0,999.0,True,0.0,20.0,0,10,0,False,False,0,DRY,NORMAL,10,0,90.0,False,0,DIM,CLEAR,10,90.0,True,False,0,SAFE,SAFE,SAFE,10,0,100,False,0,10,0,12,100,44.944087093971866,False,True,False,False,True,False
21.97,57.65,4687,3,12,0,22.0,30.0,19762.4,90.0,999.0,True,0.0,20.0,0,10,0,False,False,0,DRY,NORMAL,10,0,90.0,False,0,DIM,CLEAR,10,90.0,True,False,0,SAFE,SAFE,SAFE,10,0,100,False,0,10,0,12,100,45.917157607762384,False,True,False,False,True,False
22.0,57.34,4662,3,12,0,22.0,30.0,20083.4,90.0,999.0,True,0.0,20.0,0,10,0,False,False,0,DRY,NORMAL,10,0,90.0,False,0,BRIGHT,CLEAR,10,90.0,False,False,0,SAFE,SAFE,SAFE,10,0,100,False,0,10,0,12,100,46.958300151353356,False,False,False,False,True,False
22.03,57.02,4636,3,12,0,22.0,30.0,20110.1,90.0,999.0,True,0.0,20.0,0,10,0,False,False,0,DRY,NORMAL,10,0,90.0,False,0,BRIGHT,CLEAR,10,90.0,False,False,0,SAFE,SAFE,SAFE,10,0,100,False,0,10,0,12,100,48.03937528608264,False,False,False,False,True,False
22.07,56.71,4611,3,12,0,22.0,30.0,20057.6,90.0,999.0,True,0.0,20.0,0,10,0,False,False,0,DRY,NORMAL,10,0,90.0,False,0,BRIGHT,CLEAR,10,90.0,False,False,0,SAFE,SAFE,SAFE,10,0,100,False,0,10,0,12,100,49.13134930734346,False,False,False,False,True,False
22.1,56.4,4585,3,12,0,22.0,30.0,20088.8,90.0,999.0,True,0.0,20.0,0,10,0,False,False,0,DRY,NORMAL,10,0,90.0,False,0,BRIGHT,CLEAR,10,90.0,False,False,0,SAFE,SAFE,SAFE,10,0,100,False,0,10,0,12,100,50.20413719071795,False,False,False,False,True,False
22.13,56.08,4560,3,12,0,22.0,30.0,20085.7,90.0,999.0,True,0.0,20.0,0,10,0,False,False,0,DRY,NORMAL,10,0,90.0,False,0,BRIGHT,CLEAR,10,90.0,False,False,0,SAFE,SAFE,SAFE,10,0,100,False,0,10,0,12,100,43.40995635058344,False,False,False,False,True,False
22.17,55.77,4534,3,12,0,22.0,30.0,20033.4,90.0,999.0,True,0.0,20.0,0,10,0,False,False,0,DRY,NORMAL,10,0,90.0,False,0,BRIGHT,CLEAR,10,90.0,False,False,0,SAFE,SAFE,SAFE,10,0,100,False,0,10,0,12,100,44.43256215860471,False,False,False,False,True,False
22.2,55.46,4509,3,12,0,22.0,30.0,19993.1,90.0,999.0,True,0.0,20.0,0,10,0,False,False,0,DRY,NORMAL,10,0,90.0,False,0,DIM,CLEAR,10,90.0,True,False,0,SAFE,SAFE,SAFE,10,0,100,False,0,10,0,12,100,45.523879659183365,False,True,False,False,True,False
22.23,55.15,4484,3,12,0,22.0,30.0,20130.3,90.0,999.0,True,0.0,20.0,0,10,0,False,False,0,DRY,NORMAL,10,0,90.0,False,0,BRIGHT,CLEAR,10,90.0,False,False,0,SAFE,SAFE,SAFE,10,0,100,False,0,10,0,12,100,46.65731442804943,False,False,False,False,True,False
22.27,54.84,4459,3,12,0,22.0,30.0,20092.8,90.0,999.0,True,0.0,20.0,0,10,0,False,False,0,DRY,NORMAL,10,0,90.0,False,0,BRIGHT,CLEAR,10,90.0,False,False,0,SAFE,SAFE,SAFE,10,0,100,False,0,10,0,12,100,47.80074220643046,False,False,False,False,True,False
22.3,54.53,4434,3,12,0,22.0,30.0,19957.4,90.0,999.0,True,0.0,20.0,0,10,0,False,False,0,DRY,NORMAL,10,0,90.0,False,0,DIM,CLEAR,10,90.0,True,False,0,SAFE,SAFE,SAFE,10,0,100,False,0,10,0,12,100,48.929305691244025,False,True,False,False,True,False
22.33,54.22,4408,3,12,0,22.0,30.0,19957.5,90.0,999.0,True,0.0,20.0,0,10,0,False,False,0,DRY,NORMAL,10,0,90.0,False,0,DIM,CLEAR,10,90.0,True,False,0,SAFE,SAFE,SAFE,10,0,100,False,0,10,0,12,100,42.92994839185346,False,True,False,False,True,False
22.37,53.92,4383,3,12,0,22.0,30.0,20096.3,90.0,999.0,True,0.0,20.0,0,10,0,False,False,0,DRY,NORMAL,10,0,90.0,False,0,BRIGHT,CLEAR,10,90.0,False,False,0,SAFE,SAFE,SAFE,10,0,100,False,0,10,0,12,100,44.053193103729164,False,False,False,False,True,False
22.4,53.61,4358,3,12,0,22.0,30.0,20081.1,90.0,999.0,True,0.0,20.0,0,10,0,False,False,0,DRY,NORMAL,10,0,90.0,False,0,BRIGHT,CLEAR,10,90.0,False,False,0,SAFE,SAFE,SAFE,10,0,100,False,0,10,0,12,100,45.25179739984139,False,False,False,False,True,False
22.43,53.3,4334,3,12,0,22.0,30.0,20014.3,90.0,999.0,True,0.0,20.0,0,10,0,False,False,0,DRY,NORMAL,10,0,90.0,False,0,BRIGHT,CLEAR,10,90.0,False,False,0,SAFE,SAFE,SAFE,10,0,100,False,0,10,0,12,100,46.49540610395763,False,False,False,False,True,False
22.47,53.0,4309,3,12,0,22.0,30.0,19992.0,90.0,999.0,True,0.0,20.0,0,10,0,False,False,0,DRY,NORMAL,10,0,90.0,False,0,DIM,CLEAR,10,90.0,True,False,0,SAFE,SAFE,SAFE,10,0,100,False,0,10,0,12,100,47.75653312833457,False,True,False,False,True,False
22.5,52.7,4284,3,12,0,22.0,30.0,20012.7,90.0,999.0,True,0.0,20.0,0,10,0,False,False,0,DRY,NORMAL,10,0,90.0,False,0,BRIGHT,CLEAR,10,90.0,False,False,0,SAFE,SAFE,SAFE,10,0,100,False,0,10,0,12,100,49.00043324627467,False,False,False,False,True,False
22.53,52.48,4267,3,12,0,22.0,30.0,20067.4,90.0,999.0,True,0.0,20.0,0,10,0,False,False,0,DRY,NORMAL,10,0,90.0,False,0,BRIGHT,CLEAR,10,90.0,False,False,0,SAFE,SAFE,SAFE,10,0,100,False,0,10,0,12,100,43.500961514372186,False,False,False,False,True,False
22.57,52.25,4248,3,12,0,22.0,30.0,19962.2,90.0,999.0,True,0.0,20.0,0,10,0,False,False,0,DRY,NORMAL,10,0,90.0,False,0,DIM,CLEAR,10,90.0,True,False,0,SAFE,SAFE,SAFE,10,0,100,False,0,10,0,12,100,44.81274840796204,False,True,False,False,True,False
22.6,51.95,4224,3,12,0,22.0,30.0,20129.4,90.0,999.0,True,0.0,20.0,0,10,0,False,False,0,DRY,NORMAL,10,0,90.0,False,0,BRIGHT,CLEAR,10,90.0,False,False,0,SAFE,SAFE,SAFE,10,0,100,False,0,10,0,12,100,46.21233147666147,False,False,False,False,True,False
22.63,51.65,4200,3,12,0,22.0,30.0,20076.1,90.0,999.0,True,0.0,20.0,0,10,0,False,False,0,DRY,NORMAL,10,0,90.0,False,0,BRIGHT,CLEAR,10,90.0,False,False,0,SAFE,SAFE,SAFE,10,0,100,False,0,10,0,12,100,47.64215837922264,False,False,False,False,True,False
22.67,51.45,4182,3,12,0,22.0,30.0,20015.4,90.0,999.0,True,0.0,20.0,0,10,0,False,False,0,DRY,NORMAL,10,0,90.0,False,0,BRIGHT,CLEAR,10,90.0,False,False,0,SAFE,SAFE,SAFE,10,0,100,False,0,10,0,12,100,49.099206707479134,False,False,False,False,True,False
22.7,51.28,4169,3,12,0,22.0,30.0,20110.3,90.0,999.0,True,0.0,20.0,0,10,0,False,False,0,DRY,NORMAL,10,0,90.0,False,0,BRIGHT,CLEAR,10,90.0,False,False,0,SAFE,SAFE,SAFE,10,0,100,False,0,10,0,12,100,50.587265338907756,False,False,False,False,True,False
22.73,51.12,4156,3,12,0,22.0,30.0,20010.4,90.0,999.0,True,0.0,20.0,0,10,0,False,False,0,DRY,NORMAL,10,0,90.0,False,0,BRIGHT,CLEAR,10,90.0,False,False,0,SAFE,SAFE,SAFE,10,0,100,False,0,10,0,12,100,52.06780760940389,False,False,False,False,True,False
22.77,50.97,4144,3,12,0,22.0,30.0,19952.4,90.0,999.0,True,0.0,20.0,0,10,0,False,False,0,DRY,NORMAL,10,0,90.0,False,0,DIM,CLEAR,10,90.0,True,False,0,SAFE,SAFE,SAFE,10,0,100,False,0,10,0,12,100,46.75946693762345,False,True,False,False,True,False
22.8,50.82,4132,3,12,0,22.0,30.0,19953.3,90.0,999.0,True,0.0,20.0,0,10,0,False,False,0,DRY,NORMAL,10,0,90.0,False,0,DIM,CLEAR,10,90.0,True,False,0,SAFE,SAFE,SAFE,10,0,100,False,0,10,0,12,100,48.3176813357332,False,True,False,False,True,False
22.83,50.67,4120,3,12,0,22.0,30.0,20135.3,90.0,999.0,True,0.0,20.0,0,10,0,False,False,0,DRY,NORMAL,10,0,90.0,False,0,BRIGHT,CLEAR,10,90.0,False,False,0,SAFE,SAFE,SAFE,10,0,100,False,0,10,0,12,100,49.9778817802847,False,False,False,False,True,False
22.87,50.52,4108,3,12,0,22.0,30.0,20077.9,90.0,999.0,True,0.0,20.0,0,10,0,False,False,0,DRY,NORMAL,10,0,90.0,False,0,BRIGHT,CLEAR,10,90.0,False,False,0,SAFE,SAFE,SAFE,10,0,100,False,0,10,0,12,100,51.69424306189729,False,False,False,False,True,False
22.9,50.38,4096,3,12,0,22.0,30.0,20042.0,90.0,999.0,True,0.0,20.0,0,10,0,False,False,0,DRY,NORMAL,10,0,90.0,False,0,BRIGHT,CLEAR,10,90.0,False,False,0,SAFE,SAFE,SAFE,10,0,100,False,0,10,0,12,100,53.4365867780784,False,False,False,False,True,False
22.93,50.25,4085,3,12,0,22.0,30.0,20067.4,90.0,999.0,True,0.0,20.0,0,10,0,False,False,0,DRY,NORMAL,10,0,90.0,False,0,BRIGHT,CLEAR,10,90.0,False,False,0,SAFE,SAFE,SAFE,10,0,100,False,0,10,0,12,100,55.171444884192006,False,False,False,False,True,False
22.97,50.16,4078,3,12,0,22.0,30.0,20038.9,90.0,999.0,True,0.0,20.0,0,10,0,False,False,0,DRY,NORMAL,10,0,90.0,False,0,BRIGHT,CLEAR,10,90.0,False,False,0,SAFE,SAFE,SAFE,10,0,100,False,0,10,0,12,100,56.87695925849727,False,False,False,False,True,False
23.0,50.11,4074,3,12,0,22.0,30.0,20177.1,90.0,999.0,True,0.0,20.0,0,10,0,False,False,0,DRY,NORMAL,10,0,90.0,False,0,BRIGHT,CLEAR,10,90.0,False,False,0,SAFE,SAFE,SAFE,10,0,100,False,0,10,0,12,100,51.118363628670366,False,False,False,False,True,False
23.03,50.11,4074,3,12,0,22.0,30.0,20297.9,90.0,999.0,True,0.0,20.0,0,10,0,False,False,0,DRY,NORMAL,10,0,90.0,False,0,BRIGHT,CLEAR,10,90.0,False,False,0,SAFE,SAFE,SAFE,10,0,100,False,0,10,0,12,100,52.942448655510766,False,False,False,False,True,False
23.07,50.19,4080,3,12,0,22.0,30.0,20329.8,90.0,999.0,True,0.0,20.0,0,10,0,False,False,0,DRY,NORMAL,10,0,90.0,False,0,BRIGHT,CLEAR,10,90.0,False,False,0,SAFE,SAFE,SAFE,10,0,100,False,0,10,0,12,100,54.90038795785097,False,False,False,False,True,False
23.1,50.31,4090,3,12,0,22.0,30.0,20192.6,90.0,999.0,True,0.0,20.0,0,10,0,False,False,0,DRY,NORMAL,10,0,90.0,False,0,BRIGHT,CLEAR,10,90.0,False,False,0,SAFE,SAFE,SAFE,10,0,100,False,0,10,0,12,100,56.96860636031693,False,False,False,False,True,False
23.13,50.49,4105,3,12,0,22.0,30.0,20191.6,90.0,999.0,True,0.0,20.0,0,10,0,False,False,0,DRY,NORMAL,10,0,90.0,False,0,BRIGHT,CLEAR,10,90.0,False,False,0,SAFE,SAFE,SAFE,10,0,100,False,0,10,0,12,100,59.105416094322884,False,False,False,False,True,False
23.17,50.7,4122,3,12,0,22.0,30.0,20311.6,90.0,999.0,True,0.0,20.0,0,10,0,False,False,0,DRY,NORMAL,10,0,90.0,False,0,BRIGHT,CLEAR,10,90.0,False,False,0,SAFE,SAFE,SAFE,10,0,100,False,0,10,0,12,100,61.274578328483926,False,False,False,False,True,False
23.2,50.94,4141,3,12,0,22.0,30.0,20264.1,90.0,999.0,True,0.0,20.0,0,10,0,False,False,0,DRY,NORMAL,10,0,90.0,False,0,BRIGHT,CLEAR,10,90.0,False,False,0,SAFE,SAFE,SAFE,10,0,100,False,0,10,0,12,100,63.43037821631094,False,False,False,False,True,False
23.23,51.2,4163,3,12,0,22.0,30.0,20296.0,90.0,999.0,True,0.0,20.0,0,10,0,False,False,0,DRY,NORMAL,10,0,90.0,False,0,BRIGHT,CLEAR,10,90.0,False,False,0,SAFE,SAFE,SAFE,10,0,100,False,0,10,0,12,100,56.19483443593126,False,False,False,False,True,False
23.27,51.49,4186,3,12,0,22.0,30.0,20356.5,90.0,999.0,True,0.0,20.0,0,10,0,False,False,0,DRY,NORMAL,10,0,90.0,False,0,BRIGHT,CLEAR,10,90.0,False,False,0,SAFE,SAFE,SAFE,10,0,100,False,0,10,0,12,100,58.34131371965276,False,False,False,False,True,False
23.3,51.79,4211,3,12,0,22.0,30.0,20352.1,90.0,999.0,True,0.0,20.0,0,10,0,False,False,0,DRY,NORMAL,10,0,90.0,False,0,BRIGHT,CLEAR,10,90.0,False,False,0,SAFE,SAFE,SAFE,10,0,100,False,0,10,0,12,100,60.626576054670906,False,False,False,False,True,False
23.33,52.11,4236,3,12,0,22.0,30.0,20334.0,90.0,999.0,True,0.0,20.0,0,10,0,False,False,0,DRY,NORMAL,10,0,90.0,False,0,BRIGHT,CLEAR,10,90.0,False,False,0,SAFE,SAFE,SAFE,10,0,100,False,0,10,0,12,100,62.998015062994455,False,False,False,False,True,False
23.37,52.44,4263,3,12,0,22.0,30.0,20277.7,90.0,999.0,True,0.0,20.0,0,10,0,False,False,0,DRY,NORMAL,10,0,90.0,False,0,BRIGHT,CLEAR,10,90.0,False,False,0,SAFE,SAFE,SAFE,10,0,100,False,0,10,0,12,100,65.408238966086,False,False,False,False,True,False
23.4,52.78,4291,3,12,0,22.0,30.0,20320.3,90.0,999.0,True,0.0,20.0,0,10,0,False,False,0,DRY,NORMAL,10,0,90.0,False,0,BRIGHT,CLEAR,10,90.0,False,False,0,SAFE,SAFE,SAFE,10,0,100,False,0,10,0,12,100,67.82067747903002,False,False,False,False,True,False
23.43,53.13,4320,3,12,0,22.0,30.0,20187.8,90.0,999.0,True,0.0,20.0,0,10,0,False,False,0,DRY,NORMAL,10,0,90.0,False,0,BRIGHT,CLEAR,10,90.0,False,False,0,SAFE,SAFE,SAFE,10,0,100,False,0,10,0,12,100,58.10990534287333,False,False,False,False,True,False
23.47,53.49,4349,3,12,0,22.0,30.0,20312.2,90.0,999.0,True,0.0,20.0,0,10,0,False,False,0,DRY,NORMAL,10,0,90.0,False,0,BRIGHT,CLEAR,10,90.0,False,False,0,SAFE,SAFE,SAFE,10,0,100,False,0,10,0,12,100,60.234132514266925,False,False,False,False,True,False
23.5,53.86,4378,3,12,0,22.0,30.0,20237.6,90.0,999.0,True,0.0,20.0,0,10,0,False,False,0,DRY,NORMAL,10,0,90.0,False,0,BRIGHT,CLEAR,10,90.0,False,False,0,SAFE,SAFE,SAFE,10,0,100,False,0,10,0,12,100,62.501165987330445,False,False,False,False,True,False
23.53,54.23,4409,3,12,0,22.0,30.0,20254.1,90.0,999.0,True,0.0,20.0,0,10,0,False,False,0,DRY,NORMAL,10,0,90.0,False,0,BRIGHT,CLEAR,10,90.0,False,False,0,SAFE,SAFE,SAFE,10,0,100,False,0,10,0,12,100,64.85354282841249,False,False,False,False,True,False
23.57,54.61,4439,3,12,0,22.0,30.0,20364.5,90.0,999.0,True,0.0,20.0,0,10,0,False,False,0,DRY,NORMAL,10,0,90.0,False,0,BRIGHT,CLEAR,10,90.0,False,False,0,SAFE,SAFE,SAFE,10,0,100,False,0,10,0,12,100,67.2610660294774,False,False,False,False,True,False
23.6,54.99,4471,3,12,0,22.0,30.0,20238.5,90.0,999.0,True,0.0,20.0,0,10,0,False,False,0,DRY,NORMAL,10,0,90.0,False,0,BRIGHT,CLEAR,10,90.0,False,False,0,SAFE,SAFE,SAFE,10,0,100,False,0,10,0,12,100,69.65581262801796,False,False,False,False,True,False
23.63,55.38,4502,3,12,0,22.0,30.0,20274.1,90.0,999.0,True,0.0,20.0,0,10,0,False,False,0,DRY,NORMAL,10,0,90.0,False,0,BRIGHT,CLEAR,10,90.0,False,False,0,SAFE,SAFE,SAFE,10,0,100,False,0,10,0,12,100,72.00167518828665,False,False,False,False,True,False
23.67,55.77,4534,3,12,0,22.0,30.0,20242.0,90.0,999.0,True,0.0,20.0,0,10,0,False,False,0,DRY,NORMAL,10,0,90.0,False,0,BRIGHT,CLEAR,10,90.0,False,False,0,SAFE,SAFE,SAFE,10,0,100,False,0,10,0,12,100,59.727930195273,False,False,False,False,True,False
23.7,56.16,4566,3,12,0,22.0,30.0,20251.2,90.0,999.0,True,0.0,20.0,0,10,0,False,False,0,DRY,NORMAL,10,0,90.0,False,0,BRIGHT,CLEAR,10,90.0,False,False,0,SAFE,SAFE,SAFE,10,0,100,False,0,10,0,12,100,61.60102590890591,False,False,False,False,True,False
23.73,56.56,4599,3,12,0,22.0,30.0,20374.2,90.0,999.0,True,0.0,20.0,0,10,0,False,False,0,DRY,NORMAL,10,0,90.0,False,0,BRIGHT,CLEAR,10,90.0,False,False,0,SAFE,SAFE,SAFE,10,0,100,False,0,10,0,12,100,63.5837462097132,False,False,False,False,True,False
23.77,56.97,4631,3,12,0,22.0,30.0,20272.7,90.0,999.0,True,0.0,20.0,0,10,0,False,False,0,DRY,NORMAL,10,0,90.0,False,0,BRIGHT,CLEAR,10,90.0,False,False,0,SAFE,SAFE,SAFE,10,0,100,False,0,10,0,12,100,65.63343957338385,False,False,False,False,True,False
23.8,57.37,4665,3,12,0,22.0,30.0,20208.5,90.0,999.0,True,0.0,20.0,0,10,0,False,False,0,DRY,NORMAL,10,0,90.0,False,0,BRIGHT,CLEAR,10,90.0,False,False,0,SAFE,SAFE,SAFE,10,0,100,False,0,10,0,12,100,67.69918586851367,False,False,False,False,True,False
23.83,57.79,4698,3,12,0,22.0,30.0,20361.0,90.0,999.0,True,0.0,20.0,0,10,0,False,False,0,DRY,NORMAL,10,0,90.0,False,0,BRIGHT,CLEAR,10,90.0,False,False,0,SAFE,SAFE,SAFE,10,0,100,False,0,10,0,12,100,69.73131002142148,False,False,False,False,True,False
23.87,58.2,4732,3,12,0,22.0,30.0,20188.6,90.0,999.0,True,0.0,20.0,0,10,0,False,False,0,DRY,NORMAL,10,0,90.0,False,0,BRIGHT,CLEAR,10,90.0,False,False,0,SAFE,SAFE,SAFE,10,0,100,False,0,10,0,12,100,57.05300372340677,False,False,False,False,True,False
23.9,58.6,4765,3,12,0,22.0,30.0,20372.6,90.0,999.0,True,0.0,20.0,0,10,0,False,False,0,DRY,NORMAL,10,0,90.0,False,0,BRIGHT,CLEAR,10,90.0,False,False,0,SAFE,SAFE,SAFE,10,0,100,False,0,10,0,12,100,58.648346574189816,False,False,False,False,True,False
23.93,58.97,4794,3,12,0,22.0,30.0,20187.9,90.0,999.0,True,0.0,20.0,0,10,0,False,False,0,DRY,NORMAL,10,0,90.0,False,0,BRIGHT,CLEAR,10,90.0,False,False,0,SAFE,SAFE,SAFE,10,0,100,False,0,10,0,12,100,60.346804554801295,False,False,False,False,True,False
23.97,59.32,4823,3,12,0,22.0,30.0,20312.4,90.0,999.0,True,0.0,20.0,0,10,0,False,False,0,DRY,NORMAL,10,0,90.0,False,0,BRIGHT,CLEAR,10,90.0,False,False,0,SAFE,SAFE,SAFE,10,0,100,False,0,10,0,12,100,62.09130884542442,False,False,False,False,True,False
24.0,59.68,4852,3,12,0,22.0,30.0,20361.1,90.0,999.0,True,0.0,20.0,0,10,0,False,False,0,DRY,NORMAL,10,0,90.0,False,0,BRIGHT,CLEAR,10,90.0,False,False,0,SAFE,SAFE,SAFE,10,0,100,False,0,10,0,12,100,63.84520391999894,False,False,False,False,True,False
24.03,60.07,4883,3,12,0,22.0,30.0,20549.8,90.0,999.0,True,0.0,20.0,0,10,0,False,False,0,DRY,NORMAL,10,0,90.0,False,0,BRIGHT,CLEAR,10,90.0,False,False,0,SAFE,SAFE,SAFE,10,0,100,False,0,10,0,12,100,65.5709481080134,False,False,False,False,True,False
24.07,60.46,4915,3,12,0,22.0,30.0,20532.8,90.0,999.0,True,0.0,20.0,0,10,0,False,False,0,DRY,NORMAL,10,0,90.0,False,0,BRIGHT,CLEAR,10,90.0,False,False,0,SAFE,SAFE,SAFE,10,0,100,False,0,10,0,12,100,53.84907803584006,False,False,False,False,True,False
24.1,60.79,4943,3,12,0,22.0,30.0,20546.3,90.0,999.0,True,0.0,20.0,0,10,0,False,False,0,DRY,NORMAL,10,0,90.0,False,0,BRIGHT,CLEAR,10,90.0,False,False,0,SAFE,SAFE,SAFE,10,0,100,False,0,10,0,12,100,55.22493350590817,False,False,False,False,True,False
24.13,60.99,4959,3,12,0,22.0,30.0,20466.5,90.0,999.0,True,0.0,20.0,0,10,0,False,False,0,DRY,NORMAL,10,0,90.0,False,0,BRIGHT,CLEAR,10,90.0,False,False,0,SAFE,SAFE,SAFE,10,0,100,False,0,10,0,12,100,56.67417888266407,False,False,False,False,True,False
24.17,61.17,4973,3,12,0,22.0,30.0,20470.3,90.0,999.0,True,0.0,20.0,0,10,0,False,False,0,DRY,NORMAL,10,0,90.0,False,0,BRIGHT,CLEAR,10,90.0,False,False,0,SAFE,SAFE,SAFE,10,0,100,False,0,10,0,12,100,58.116580330972006,False,False,False,False,True,False
24.2,61.27,4981,3,12,0,22.0,30.0,20419.7,90.0,999.0,True,0.0,20.0,0,10,0,False,False,0,DRY,NORMAL,10,0,90.0,False,0,BRIGHT,CLEAR,10,90.0,False,False,0,SAFE,SAFE,SAFE,10,0,100,False,0,10,0,12,100,59.551911870178145,False,False,False,False,True,False
24.23,61.28,4982,3,12,0,22.0,30.0,20457.1,90.0,999.0,True,0.0,20.0,0,10,0,False,False,0,DRY,NORMAL,10,0,90.0,False,0,BRIGHT,CLEAR,10,90.0,False,False,0,SAFE,SAFE,SAFE,10,0,100,False,0,10,0,12,100,49.526618413728926,False,False,False,False,True,False
24.27,61.18,4974,3,12,0,22.0,30.0,20536.5,90.0,999.0,True,0.0,20.0,0,10,0,False,False,0,DRY,NORMAL,10,0,90.0,False,0,BRIGHT,CLEAR,10,90.0,False,False,0,SAFE,SAFE,SAFE,10,0,100,False,0,10,0,12,100,50.65726937034821,False,False,False,False,True,False
24.3,60.95,4955,3,12,0,22.0,30.0,20508.9,90.0,999.0,True,0.0,20.0,0,10,0,False,False,0,DRY,NORMAL,10,0,90.0,False,0,BRIGHT,CLEAR,10,90.0,False,False,0,SAFE,SAFE,SAFE,10,0,100,False,0,10,0,12,100,51.829951636042864,False,False,False,False,True,False
24.33,60.7,4935,3,12,0,22.0,30.0,20497.8,90.0,999.0,True,0.0,20.0,0,10,0,False,False,0,DRY,NORMAL,10,0,90.0,False,0,BRIGHT,CLEAR,10,90.0,False,False,0,SAFE,SAFE,SAFE,10,0,100,False,0,10,0,12,100,53.004947182524994,False,False,False,False,True,False
24.37,60.42,4912,3,12,0,22.0,30.0,20526.8,90.0,999.0,True,0.0,20.0,0,10,0,False,False,0,DRY,NORMAL,10,0,90.0,False,0,BRIGHT,CLEAR,10,90.0,False,False,0,SAFE,SAFE,SAFE,10,0,100,False,0,10,0,12,100,54.170698955368415,False,False,False,False,True,False
24.4,60.13,4889,3,12,0,22.0,30.0,20542.1,90.0,999.0,True,0.0,20.0,0,10,0,False,False,0,DRY,NORMAL,10,0,90.0,False,0,BRIGHT,CLEAR,10,90.0,False,False,0,SAFE,SAFE,SAFE,10,0,100,False,0,10,0,12,100,55.30562005169543,False,False,False,False,True,False
24.43,59.91,4871,3,12,0,22.0,30.0,20399.2,90.0,999.0,True,0.0,20.0,0,10,0,False,False,0,DRY,NORMAL,10,0,90.0,False,0,BRIGHT,CLEAR,10,90.0,False,False,0,SAFE,SAFE,SAFE,10,0,100,False,0,10,0,12,100,46.595343132764675,False,False,False,False,True,False
24.47,59.68,4852,3,12,0,22.0,30.0,20506.1,90.0,999.0,True,0.0,20.0,0,10,0,False,False,0,DRY,NORMAL,10,0,90.0,False,0,BRIGHT,CLEAR,10,90.0,False,False,0,SAFE,SAFE,SAFE,10,0,100,False,0,10,0,12,100,47.582688725224585,False,False,False,False,True,False
24.5,59.37,4827,3,12,0,22.0,30.0,20544.3,90.0,999.0,True,0.0,20.0,0,10,0,False,False,0,DRY,NORMAL,10,0,90.0,False,0,BRIGHT,CLEAR,10,90.0,False,False,0,SAFE,SAFE,SAFE,10,0,100,False,0,10,0,12,100,48.636426202260516,False,False,False,False,True,False
24.53,59.06,4802,3,12,0,22.0,30.0,20465.4,90.0,999.0,True,0.0,20.0,0,10,0,False,False,0,DRY,NORMAL,10,0,90.0,False,0,BRIGHT,CLEAR,10,90.0,False,False,0,SAFE,SAFE,SAFE,10,0,100,False,0,10,0,12,100,49.696995737845896,False,False,False,False,True,False
24.57,58.75,4776,3,12,0,22.0,30.0,20529.1,90.0,999.0,True,0.0,20.0,0,10,0,False,False,0,DRY,NORMAL,10,0,90.0,False,0,BRIGHT,CLEAR,10,90.0,False,False,0,SAFE,SAFE,SAFE,10,0,100,False,0,10,0,12,100,50.762253772863126,False,False,False,False,True,False
24.6,58.43,4750,3,12,0,22.0,30.0,20554.9,90.0,999.0,True,0.0,20.0,0,10,0,False,False,0,DRY,NORMAL,10,0,90.0,False,0,BRIGHT,CLEAR,10,90.0,False,False,0,SAFE,SAFE,SAFE,10,0,100,False,0,10,0,12,100,51.8021307077773,False,False,False,False,True,False
24.63,58.11,4725,3,12,0,22.0,30.0,20498.0,90.0,999.0,True,0.0,20.0,0,10,0,False,False,0,DRY,NORMAL,10,0,90.0,False,0,BRIGHT,CLEAR,10,90.0,False,False,0,SAFE,SAFE,SAFE,10,0,100,False,0,10,0,12,100,44.351744753088816,False,False,False,False,True,False
24.67,57.8,4699,3,12,0,22.0,30.0,20470.4,90.0,999.0,True,0.0,20.0,0,10,0,False,False,0,DRY,NORMAL,10,0,90.0,False,0,BRIGHT,CLEAR,10,90.0,False,False,0,SAFE,SAFE,SAFE,10,0,100,False,0,10,0,12,100,45.306447520723985,False,False,False,False,True,False
24.7,57.48,4673,3,12,0,22.0,30.0,20400.5,90.0,999.0,True,0.0,20.0,0,10,0,False,False,0,DRY,NORMAL,10,0,90.0,False,0,BRIGHT,CLEAR,10,90.0,False,False,0,SAFE,SAFE,SAFE,10,0,100,False,0,10,0,12,100,46.32073740039796,False,False,False,False,True,False
24.73,57.16,4648,3,12,0,22.0,30.0,20438.9,90.0,999.0,True,0.0,20.0,0,10,0,False,False,0,DRY,NORMAL,10,0,90.0,False,0,BRIGHT,CLEAR,10,90.0,False,False,0,SAFE,SAFE,SAFE,10,0,100,False,0,10,0,12,100,47.372388776648755,False,False,False,False,True,False
24.77,56.85,4622,3,12,0,22.0,30.0,20466.7,90.0,999.0,True,0.0,20.0,0,10,0,False,False,0,DRY,NORMAL,10,0,90.0,False,0,BRIGHT,CLEAR,10,90.0,False,False,0,SAFE,SAFE,SAFE,10,0,100,False,0,10,0,12,100,48.42949508822595,False,False,False,False,True,False
24.8,56.54,4596,3,12,0,22.0,30.0,20423.0,90.0,999.0,True,0.0,20.0,0,10,0,False,False,0,DRY,NORMAL,10,0,90.0,False,0,BRIGHT,CLEAR,10,90.0,False,False,0,SAFE,SAFE,SAFE,10,0,100,False,0,10,0,12,100,49.464461644551484,False,False,False,False,True,False
24.83,56.22,4571,3,12,0,22.0,30.0,20510.1,90.0,999.0,True,0.0,20.0,0,10,0,False,False,0,DRY,NORMAL,10,0,90.0,False,0,BRIGHT,CLEAR,10,90.0,False,False,0,SAFE,SAFE,SAFE,10,0,100,False,0,10,0,12,100,43.026365201944905,False,False,False,False,True,False
24.87,55.91,4545,3,12,0,22.0,30.0,20482.5,90.0,999.0,True,0.0,20.0,0,10,0,False,False,0,DRY,NORMAL,10,0,90.0,False,0,BRIGHT,CLEAR,10,90.0,False,False,0,SAFE,SAFE,SAFE,10,0,100,False,0,10,0,12,100,44.033544750479514,False,False,False,False,True,False
24.9,55.6,4520,3,12,0,22.0,30.0,20366.5,90.0,999.0,True,0.0,20.0,0,10,0,False,False,0,DRY,NORMAL,10,0,90.0,False,0,BRIGHT,CLEAR,10,90.0,False,False,0,SAFE,SAFE,SAFE,10,0,100,False,0,10,0,12,100,45.102320929613775,False,False,False,False,True,False
24.93,55.28,4495,3,12,0,22.0,30.0,20478.1,90.0,999.0,True,0.0,20.0,0,10,0,False,False,0,DRY,NORMAL,10,0,90.0,False,0,BRIGHT,CLEAR,10,90.0,False,False,0,SAFE,SAFE,SAFE,10,0,100,False,0,10,0,12,100,46.207448374667024,False,False,False,False,True,False
24.97,54.97,4469,3,12,0,22.0,30.0,20471.4,90.0,999.0,True,0.0,20.0,0,10,0,False,False,0,DRY,NORMAL,10,0,90.0,False,0,BRIGHT,CLEAR,10,90.0,False,False,0,SAFE,SAFE,SAFE,10,0,100,False,0,10,0,12,100,47.31785235250942,False,False,False,False,True,False
25.0,54.67,4444,3,12,0,22.0,30.0,20627.6,90.0,999.0,True,0.0,20.0,0,10,0,False,False,0,DRY,NORMAL,10,0,90.0,False,0,BRIGHT,CLEAR,10,90.0,False,False,0,SAFE,SAFE,SAFE,10,0,100,False,0,10,0,12,100,48.410707998826744,False,False,False,False,True,False
25.03,54.36,4419,3,12,0,22.0,30.0,20554.8,90.0,999.0,True,0.0,20.0,0,10,0,False,False,0,DRY,NORMAL,10,0,90.0,False,0,BRIGHT,CLEAR,10,90.0,False,False,0,SAFE,SAFE,SAFE,10,0,100,False,0,10,0,12,100,42.71825168941706,False,False,False,False,True,False
25.07,54.05,4394,3,12,0,22.0,30.0,20619.2,90.0,999.0,True,0.0,20.0,0,10,0,False,False,0,DRY,NORMAL,10,0,90.0,False,0,BRIGHT,CLEAR,10,90.0,False,False,0,SAFE,SAFE,SAFE,10,0,100,False,0,10,0,12,100,43.827116978169926,False,False,False,False,True,False
25.1,53.74,4369,3,12,0,22.0,30.0,20621.7,90.0,999.0,True,0.0,20.0,0,10,0,False,False,0,DRY,NORMAL,10,0,90.0,False,0,BRIGHT,CLEAR,10,90.0,False,False,0,SAFE,SAFE,SAFE,10,0,100,False,0,10,0,12,100,45.00471914181321,False,False,False,False,True,False
25.13,53.44,4344,3,12,0,22.0,30.0,20700.7,90.0,999.0,True,0.0,20.0,0,10,0,False,False,0,DRY,NORMAL,10,0,90.0,False,0,BRIGHT,CLEAR,10,90.0,False,False,0,SAFE,SAFE,SAFE,10,0,100,False,0,10,0,12,100,46.22376886667555,False,False,False,False,True,False
25.17,53.13,4320,3,12,0,22.0,30.0,20676.3,90.0,999.0,True,0.0,20.0,0,10,0,False,False,0,DRY,NORMAL,10,0,90.0,False,0,BRIGHT,CLEAR,10,90.0,False,False,0,SAFE,SAFE,SAFE,10,0,100,False,0,10,0,12,100,47.452560097728494,False,False,False,False,True,False
25.2,52.83,4295,3,12,0,22.0,30.0,20666.6,90.0,999.0,True,0.0,20.0,0,10,0,False,False,0,DRY,NORMAL,10,0,90.0,False,0,BRIGHT,CLEAR,10,90.0,False,False,0,SAFE,SAFE,SAFE,10,0,100,False,0,10,0,12,100,48.66399365125039,False,False,False,False,True,False
25.23,52.61,4277,3,12,0,22.0,30.0,20693.3,90.0,999.0,True,0.0,20.0,0,10,0,False,False,0,DRY,NORMAL,10,0,90.0,False,0,BRIGHT,CLEAR,10,90.0,False,False,0,SAFE,SAFE,SAFE,10,0,100,False,0,10,0,12,100,43.45033416813076,False,False,False,False,True,False
25.27,52.38,4259,3,12,0,22.0,30.0,20608.4,90.0,999.0,True,0.0,20.0,0,10,0,False,False,0,DRY,NORMAL,10,0,90.0,False,0,BRIGHT,CLEAR,10,90.0,False,False,0,SAFE,SAFE,SAFE,10,0,100,False,0,10,0,12,100,44.75028563735908,False,False,False,False,True,False
25.3,52.08,4234,3,12,0,22.0,30.0,20580.6,90.0,999.0,True,0.0,20.0,0,10,0,False,False,0,DRY,NORMAL,10,0,90.0,False,0,BRIGHT,CLEAR,10,90.0,False,False,0,SAFE,SAFE,SAFE,10,0,100,False,0,10,0,12,100,46.133081994808286,False,False,False,False,True,False
25.33,51.78,4210,3,12,0,22.0,30.0,20549.4,90.0,999.0,True,0.0,20.0,0,10,0,False,False,0,DRY,NORMAL,10,0,90.0,False,0,BRIGHT,CLEAR,10,90.0,False,False,0,SAFE,SAFE,SAFE,10,0,100,False,0,10,0,12,100,47.539145122529405,False,False,False,False,True,False
25.37,51.57,4193,3,12,0,22.0,30.0,20529.2,90.0,999.0,True,0.0,20.0,0,10,0,False,False,0,DRY,NORMAL,10,0,90.0,False,0,BRIGHT,CLEAR,10,90.0,False,False,0,SAFE,SAFE,SAFE,10,0,100,False,0,10,0,12,100,48.96461214401208,False,False,False,False,True,False
25.4,51.41,4180,3,12,0,22.0,30.0,20603.1,90.0,999.0,True,0.0,20.0,0,10,0,False,False,0,DRY,NORMAL,10,0,90.0,False,0,BRIGHT,CLEAR,10,90.0,False,False,0,SAFE,SAFE,SAFE,10,0,100,False,0,10,0,12,100,50.41812830565402,False,False,False,False,True,False
25.43,51.25,4167,3,12,0,22.0,30.0,20663.6,90.0,999.0,True,0.0,20.0,0,10,0,False,False,0,DRY,NORMAL,10,0,90.0,False,0,BRIGHT,CLEAR,10,90.0,False,False,0,SAFE,SAFE,SAFE,10,0,100,False,0,10,0,12,100,51.85916605783555,False,False,False,False,True,False
25.47,51.09,4154,3,12,0,22.0,30.0,20600.4,90.0,999.0,True,0.0,20.0,0,10,0,False,False,0,DRY,NORMAL,10,0,90.0,False,0,BRIGHT,CLEAR,10,90.0,False,False,0,SAFE,SAFE,SAFE,10,0,100,False,0,10,0,12,100,46.86393244797302,False,False,False,False,True,False
25.5,50.95,4142,3,12,0,22.0,30.0,20620.2,90.0,999.0,True,0.0,20.0,0,10,0,False,False,0,DRY,NORMAL,10,0,90.0,False,0,BRIGHT,CLEAR,10,90.0,False,False,0,SAFE,SAFE,SAFE,10,0,100,False,0,10,0,12,100,48.41376179207933,False,False,False,False,True,False
25.53,50.8,4130,3,12,0,22.0,30.0,20592.1,90.0,999.0,True,0.0,20.0,0,10,0,False,False,0,DRY,NORMAL,10,0,90.0,False,0,BRIGHT,CLEAR,10,90.0,False,False,0,SAFE,SAFE,SAFE,10,0,100,False,0,10,0,12,100,50.05368935422323,False,False,False,False,True,False
25.57,50.65,4118,3,12,0,22.0,30.0,20551.5,90.0,999.0,True,0.0,20.0,0,10,0,False,False,0,DRY,NORMAL,10,0,90.0,False,0,BRIGHT,CLEAR,10,90.0,False,False,0,SAFE,SAFE,SAFE,10,0,100,False,0,10,0,12,100,51.749042020192924,False,False,False,False,True,False
25.6,50.5,4106,3,12,0,22.0,30.0,20591.7,90.0,999.0,True,0.0,20.0,0,10,0,False,False,0,DRY,NORMAL,10,0,90.0,False,0,BRIGHT,CLEAR,10,90.0,False,False,0,SAFE,SAFE,SAFE,10,0,100,False,0,10,0,12,100,53.460149840550606,False,False,False,False,True,False
25.63,50.37,4095,3,12,0,22.0,30.0,20614.9,90.0,999.0,True,0.0,20.0,0,10,0,False,False,0,DRY,NORMAL,10,0,90.0,False,0,BRIGHT,CLEAR,10,90.0,False,False,0,SAFE,SAFE,SAFE,10,0,100,False,0,10,0,12,100,55.15977947736765,False,False,False,False,True,False
25.67,50.28,4088,3,12,0,22.0,30.0,20587.7,90.0,999.0,True,0.0,20.0,0,10,0,False,False,0,DRY,NORMAL,10,0,90.0,False,0,BRIGHT,CLEAR,10,90.0,False,False,0,SAFE,SAFE,SAFE,10,0,100,False,0,10,0,12,100,56.82175522028536,False,False,False,False,True,False
25.7,50.23,4084,3,12,0,22.0,30.0,20627.6,90.0,999.0,True,0.0,20.0,0,10,0,False,False,0,DRY,NORMAL,10,0,90.0,False,0,BRIGHT,CLEAR,10,90.0,False,False,0,SAFE,SAFE,SAFE,10,0,100,False,0,10,0,12,100,51.411676469647546,False,False,False,False,True,False
25.73,50.24,4084,3,12,0,22.0,30.0,20681.8,90.0,999.0,True,0.0,20.0,0,10,0,False,False,0,DRY,NORMAL,10,0,90.0,False,0,BRIGHT,CLEAR,10,90.0,False,False,0,SAFE,SAFE,SAFE,10,0,100,False,0,10,0,12,100,53.23706844997722,False,False,False,False,True,False
25.77,50.31,4090,3,12,0,22.0,30.0,20604.7,90.0,999.0,True,0.0,20.0,0,10,0,False,False,0,DRY,NORMAL,10,0,90.0,False,0,BRIGHT,CLEAR,10,90.0,False,False,0,SAFE,SAFE,SAFE,10,0,100,False,0,10,0,12,100,55.1852997249309,False,False,False,False,True,False
25.8,50.44,4101,3,12,0,22.0,30.0,20690.6,90.0,999.0,True,0.0,20.0,0,10,0,False,False,0,DRY,NORMAL,10,0,90.0,False,0,BRIGHT,CLEAR,10,90.0,False,False,0,SAFE,SAFE,SAFE,10,0,100,False,0,10,0,12,100,57.235759999956834,False,False,False,False,True,False
25.83,50.61,4115,3,12,0,22.0,30.0,20652.7,90.0,999.0,True,0.0,20.0,0,10,0,False,False,0,DRY,NORMAL,10,0,90.0,False,0,BRIGHT,CLEAR,10,90.0,False,False,0,SAFE,SAFE,SAFE,10,0,100,False,0,10,0,12,100,59.337874439523894,False,False,False,False,True,False
25.87,50.82,4132,3,12,0,22.0,30.0,20603.6,90.0,117.3,False,6.86,16.38,0,10,0,False,False,0,DRY,NORMAL,10,0,90.0,False,0,BRIGHT,CLEAR,10,90.0,False,False,0,SAFE,SAFE,SAFE,10,0,100,False,0,10,0,12,100,61.47600459758889,False,False,False,False,True,False
25.9,51.06,4151,3,12,0,22.0,30.0,20691.7,90.0,999.0,True,6.86,20.0,0,10,0,False,False,0,DRY,NORMAL,10,0,90.0,False,0,BRIGHT,CLEAR,10,90.0,False,False,0,SAFE,SAFE,SAFE,10,0,100,False,0,10,0,12,100,54.66867783996003,False,False,False,False,True,False
25.93,51.33,4173,3,12,0,22.0,30.0,20570.7,90.0,117.11,False,7.0,16.02,0,10,0,False,False,0,DRY,NORMAL,10,0,90.0,False,0,BRIGHT,CLEAR,10,90.0,False,False,0,SAFE,SAFE,SAFE,10,0,100,False,0,10,0,12,100,56.82397311490198,False,False,False,False,True,False
25.97,51.61,4196,3,12,0,22.0,30.0,20512.9,90.0,116.85,False,7.08,15.81,0,10,0,False,False,0,DRY,NORMAL,10,0,90.0,False,0,BRIGHT,CLEAR,10,90.0,False,False,0,SAFE,SAFE,SAFE,10,0,100,False,0,10,0,12,100,59.135782793932314,False,False,False,False,True,False
26.0,51.92,4221,3,12,0,22.0,30.0,20767.5,90.0,116.59,False,7.16,15.59,0,10,0,False,False,0,DRY,NORMAL,10,0,90.0,False,0,BRIGHT,CLEAR,10,90.0,False,False,0,SAFE,SAFE,SAFE,10,0,100,False,0,10,0,12,100,61.56870007132349,False,False,False,False,True,False
26.03,52.24,4247,3,12,0,22.0,30.0,20654.3,90.0,116.32,False,7.25,15.36,0,10,0,False,False,0,DRY,NORMAL,10,0,90.0,False,0,BRIGHT,CLEAR,10,90.0,False,False,0,SAFE,SAFE,SAFE,10,0,100,False,0,10,0,12,100,64.06381121558367,False,False,False,False,True,False
26.07,52.57,4274,3,12,0,22.0,30.0,20651.0,90.0,116.05,False,7.34,15.13,0,10,0,False,False,0,DRY,NORMAL,10,0,90.0,False,0,BRIGHT,CLEAR,10,90.0,False,False,0,SAFE,SAFE,SAFE,10,0,100,False,0,10,0,12,100,66.58337412659162,False,False,False,False,True,False
26.1,52.91,4302,3,12,0,22.0,30.0,20776.1,90.0,115.78,False,7.43,14.9,0,10,0,False,False,0,DRY,NORMAL,10,0,90.0,False,0,BRIGHT,CLEAR,10,90.0,False,False,0,SAFE,SAFE,SAFE,10,0,100,False,0,10,0,12,100,69.05805294666327,False,False,False,False,True,False
26.13,53.26,4330,3,12,0,22.0,30.0,20729.5,90.0,115.5,False,7.53,14.67,0,10,0,False,False,0,DRY,NORMAL,10,0,90.0,False,0,BRIGHT,CLEAR,10,90.0,False,False,0,SAFE,SAFE,SAFE,10,0,100,False,0,10,0,12,100,59.43167072708038,False,False,False,False,True,False
26.17,53.62,4359,3,12,0,22.0,30.0,20646.0,90.0,115.22,False,7.63,14.44,0,10,0,False,False,0,DRY,NORMAL,10,0,90.0,False,0,BRIGHT,CLEAR,10,90.0,False,False,0,SAFE,SAFE,SAFE,10,0,100,False,0,10,0,12,100,61.61700671798932,False,False,False,False,True,False
26.2,53.99,4389,3,12,0,22.0,30.0,20799.4,90.0,114.94,False,7.73,14.22,0,10,0,False,False,0,DRY,NORMAL,10,0,90.0,False,0,BRIGHT,CLEAR,10,90.0,False,False,0,SAFE,SAFE,SAFE,10,0,100,False,0,10,0,12,100,63.93414762152153,False,False,False,False,True,False
26.23,54.36,4420,3,12,0,22.0,30.0,20705.6,90.0,114.65,False,7.84,13.99,0,10,0,False,False,0,DRY,NORMAL,10,0,90.0,False,0,BRIGHT,CLEAR,10,90.0,False,False,0,SAFE,SAFE,SAFE,10,0,100,False,0,10,0,12,100,66.33497764428196,False,False,False,False,True,False
26.27,54.74,4450,3,12,0,22.0,30.0,20753.2,90.0,114.68,False,7.94,13.81,0,10,0,False,False,0,DRY,NORMAL,10,0,90.0,False,0,BRIGHT,CLEAR,10,90.0,False,False,0,SAFE,SAFE,SAFE,10,0,100,False,0,10,0,12,100,68.76350018324044,False,False,False,False,True,False
26.3,55.12,4482,3,12,0,22.0,30.0,20810.9,90.0,114.39,False,8.05,13.59,0,10,0,False,False,0,DRY,NORMAL,10,0,90.0,False,0,BRIGHT,CLEAR,10,90.0,False,False,0,SAFE,SAFE,SAFE,10,0,100,False,0,10,0,12,100,71.17458108845892,False,False,False,False,True,False
26.33,55.51,4513,3,12,0,22.0,30.0,20685.5,90.0,114.09,False,8.16,13.37,0,10,0,False,False,0,DRY,NORMAL,10,0,90.0,False,0,BRIGHT,CLEAR,10,90.0,False,False,0,SAFE,SAFE,SAFE,10,0,100,False,0,10,0,12,100,59.15962234105128,False,False,False,False,True,False
26.37,55.9,4545,3,12,0,22.0,30.0,20658.4,90.0,113.79,False,8.27,13.16,0,10,0,False,False,0,DRY,NORMAL,10,0,90.0,False,0,BRIGHT,CLEAR,10,90.0,False,False,0,SAFE,SAFE,SAFE,10,0,100,False,0,10,0,12,100,61.0927977378807,False,False,False,False,True,False
26.4,56.3,4577,3,12,0,22.0,30.0,20773.1,90.0,113.65,False,8.38,12.97,0,10,0,False,False,0,DRY,NORMAL,10,0,90.0,False,0,BRIGHT,CLEAR,10,90.0,False,False,0,SAFE,SAFE,SAFE,10,0,100,False,0,10,0,12,100,63.164426462688205,False,False,False,False,True,False
26.43,56.7,4610,3,12,0,22.0,30.0,20672.6,90.0,113.34,False,8.49,12.76,0,10,0,False,False,0,DRY,NORMAL,10,0,90.0,False,0,BRIGHT,CLEAR,10,90.0,False,False,0,SAFE,SAFE,SAFE,10,0,100,False,0,10,0,12,100,65.31938764232952,False,False,False,False,True,False
26.47,57.11,4643,3,12,0,22.0,30.0,20750.8,90.0,113.02,False,8.6,12.56,0,10,0,False,False,0,DRY,NORMAL,10,0,90.0,False,0,BRIGHT,CLEAR,10,90.0,False,False,0,SAFE,SAFE,SAFE,10,0,100,False,0,10,0,12,100,67.51715203557367,False,False,False,False,True,False
26.5,57.52,4676,3,12,0,22.0,30.0,20761.5,90.0,112.71,False,8.71,12.36,0,10,0,False,False,0,DRY,NORMAL,10,0,90.0,False,0,BRIGHT,CLEAR,10,90.0,False,False,0,SAFE,SAFE,SAFE,10,0,100,False,0,10,0,12,100,69.70334322464707,False,False,False,False,True,False
26.53,57.93,4710,3,12,0,22.0,30.0,20756.2,90.0,112.38,False,8.83,12.16,0,10,0,False,False,0,DRY,NORMAL,10,0,90.0,False,0,BRIGHT,CLEAR,10,90.0,False,False,0,SAFE,SAFE,SAFE,10,0,100,False,0,10,0,12,100,71.82727274247348,False,False,False,False,True,False
26.57,58.34,4743,3,12,0,22.0,30.0,20750.3,90.0,112.06,False,8.95,11.97,0,10,0,False,False,0,DRY,NORMAL,10,0,90.0,False,0,BRIGHT,CLEAR,10,90.0,False,False,0,SAFE,SAFE,SAFE,10,0,100,False,0,10,0,12,100,58.54980324174453,False,False,False,False,True,False
26.6,58.76,4777,3,12,0,22.0,30.0,20782.7,90.0,112.05,False,9.06,11.81,0,10,0,False,False,0,DRY,NORMAL,10,0,90.0,False,0,BRIGHT,CLEAR,10,90.0,False,False,0,SAFE,SAFE,SAFE,10,0,100,False,0,10,0,12,100,60.17586848870435,False,False,False,False,True,False
26.63,59.18,4812,3,12,0,22.0,30.0,20717.5,90.0,111.71,False,9.18,11.63,0,10,0,False,False,0,DRY,NORMAL,10,0,90.0,False,0,BRIGHT,CLEAR,10,90.0,False,False,0,SAFE,SAFE,SAFE,10,0,100,False,0,10,0,12,100,61.89635128504182,False,False,False,False,True,False
26.67,59.61,4846,3,12,0,22.0,30.0,20771.9,90.0,111.38,False,9.3,11.44,0,10,0,False,False,0,DRY,NORMAL,10,0,90.0,False,0,BRIGHT,CLEAR,10,90.0,False,False,0,SAFE,SAFE,SAFE,10,0,100,False,0,10,0,12,100,63.671263372458625,False,False,False,False,True,False
26.7,60.04,4881,3,12,0,22.0,30.0,20801.5,90.0,111.03,False,9.41,11.26,0,10,0,False,False,0,DRY,NORMAL,10,0,90.0,False,0,BRIGHT,CLEAR,10,90.0,False,False,0,SAFE,SAFE,SAFE,10,0,100,False,0,10,0,12,100,65.4513225136285,False,False,False,False,True,False
26.73,60.46,4916,3,12,0,22.0,30.0,20778.7,90.0,110.69,False,9.53,11.09,0,10,0,False,False,0,DRY,NORMAL,10,0,90.0,False,0,BRIGHT,CLEAR,10,90.0,False,False,0,SAFE,SAFE,SAFE,10,0,100,False,0,10,0,12,100,53.62194341138399,False,False,False,False,True,False
26.77,60.83,4945,3,12,0,22.0,30.0,20743.2,90.0,110.5,False,9.63,10.95,0,10,0,False,False,0,DRY,NORMAL,10,0,90.0,False,0,BRIGHT,CLEAR,10,90.0,False,False,0,SAFE,SAFE,SAFE,10,0,100,False,0,10,0,12,100,55.039290041667826,False,False,False,False,True,False
26.8,61.05,4963,3,12,0,22.0,30.0,20648.9,90.0,110.15,False,9.69,10.85,0,10,0,False,False,0,DRY,NORMAL,10,0,90.0,False,0,BRIGHT,CLEAR,10,90.0,False,False,0,SAFE,SAFE,SAFE,10,0,100,False,0,10,0,12,100,56.5443704975351,False,False,False,False,True,False
26.83,61.24,4979,3,12,0,22.0,30.0,20651.6,90.0,109.79,False,9.75,10.75,0,10,0,False,False,0,DRY,NORMAL,10,0,90.0,False,0,BRIGHT,CLEAR,10,90.0,False,False,0,SAFE,SAFE,SAFE,10,0,100,False,0,10,0,12,100,58.06797349861646,False,False,False,False,True,False
26.87,61.35,4988,3,12,0,22.0,30.0,20829.3,90.0,109.44,False,9.78,10.68,0,10,0,False,False,0,DRY,NORMAL,10,0,90.0,False,0,BRIGHT,CLEAR,10,90.0,False,False,0,SAFE,SAFE,SAFE,10,0,100,False,0,10,0,12,100,59.58255273191293,False,False,False,False,True,False
26.9,61.37,4990,3,12,0,22.0,30.0,20696.8,90.0,109.22,False,9.78,10.65,0,10,0,False,False,0,DRY,NORMAL,10,0,90.0,False,0,BRIGHT,CLEAR,10,90.0,False,False,0,SAFE,SAFE,SAFE,10,0,100,False,0,10,0,12,100,61.051063370508096,False,False,False,False,True,False
26.93,61.33,4986,3,12,0,22.0,30.0,20794.8,90.0,109.04,False,9.77,10.65,0,10,0,False,False,0,DRY,NORMAL,10,0,90.0,False,0,BRIGHT,CLEAR,10,90.0,False,False,0,SAFE,SAFE,SAFE,10,0,100,False,0,10,0,12,100,50.533659442662845,False,False,False,False,True,False
26.97,61.18,4974,3,12,0,22.0,30.0,20698.0,90.0,108.69,False,9.73,10.65,0,10,0,False,False,0,DRY,NORMAL,10,0,90.0,False,0,BRIGHT,CLEAR,10,90.0,False,False,0,SAFE,SAFE,SAFE,10,0,100,False,0,10,0,12,100,51.65632964459517,False,False,False,False,True,False
27.0,60.93,4954,3,12,0,22.0,30.0,20818.7,90.0,108.34,False,9.66,10.69,0,10,0,False,False,0,DRY,NORMAL,10,0,90.0,False,0,BRIGHT,CLEAR,10,90.0,False,False,0,SAFE,SAFE,SAFE,10,0,100,False,0,10,0,12,100,52.81727365305755,False,False,False,False,True,False
27.03,60.66,4932,3,12,0,22.0,30.0,20714.5,90.0,107.99,False,9.59,10.74,0,10,0,False,False,0,DRY,NORMAL,10,0,90.0,False,0,BRIGHT,CLEAR,10,90.0,False,False,0,SAFE,SAFE,SAFE,10,0,100,False,0,10,0,12,100,53.97654264029515,False,False,False,False,True,False
27.07,60.37,4908,3,12,0,22.0,30.0,20900.9,90.0,107.64,False,9.51,10.8,0,10,0,False,False,0,DRY,NORMAL,10,0,90.0,False,0,BRIGHT,CLEAR,10,90.0,False,False,0,SAFE,SAFE,SAFE,10,0,100,False,0,10,0,12,100,55.12961829517809,False,False,False,False,True,False
27.1,60.07,4884,3,12,0,22.0,30.0,20713.5,90.0,107.46,False,9.43,10.87,0,10,0,False,False,0,DRY,NORMAL,10,0,90.0,False,0,BRIGHT,CLEAR,10,90.0,False,False,0,SAFE,SAFE,SAFE,10,0,100,False,0,10,0,12,100,56.24396002388972,False,False,False,False,True,False
27.13,59.85,4866,3,12,0,22.0,30.0,20766.5,90.0,107.11,False,9.36,10.91,0,10,0,False,False,0,DRY,NORMAL,10,0,90.0,False,0,BRIGHT,CLEAR,10,90.0,False,False,0,SAFE,SAFE,SAFE,10,0,100,False,0,10,0,12,100,47.50885688973444,False,False,False,False,True,False
27.17,59.61,4847,3,12,0,22.0,30.0,20889.6,90.0,106.77,False,9.3,10.95,0,10,0,False,False,0,DRY,NORMAL,10,0,90.0,False,0,BRIGHT,CLEAR,10,90.0,False,False,0,SAFE,SAFE,SAFE,10,0,100,False,0,10,0,12,100,48.165520516981694,False,False,False,False,True,False
27.2,59.3,4821,3,12,0,22.0,30.0,20898.2,90.0,106.44,False,9.21,11.01,0,10,0,False,False,0,DRY,NORMAL,10,0,90.0,False,0,BRIGHT,CLEAR,10,90.0,False,False,0,SAFE,SAFE,SAFE,10,0,100,False,0,10,0,12,100,49.19446560921955,False,False,False,False,True,False
27.23,58.99,4796,3,12,0,22.0,30.0,20840.8,90.0,106.42,False,9.13,11.11,0,10,0,False,False,0,DRY,NORMAL,10,0,90.0,False,0,BRIGHT,CLEAR,10,90.0,False,False,0,SAFE,SAFE,SAFE,10,0,100,False,0,10,0,12,100,50.234766925842194,False,False,False,False,True,False
27.27,58.67,4770,3,12,0,22.0,30.0,20737.5,90.0,106.09,False,9.04,11.18,0,10,0,False,False,0,DRY,NORMAL,10,0,90.0,False,0,BRIGHT,CLEAR,10,90.0,False,False,0,SAFE,SAFE,SAFE,10,0,100,False,0,10,0,12,100,51.277986321374435,False,False,False,False,True,False
27.3,58.35,4744,3,12,0,22.0,30.0,20860.9,90.0,105.76,False,8.95,11.26,0,10,0,False,False,0,DRY,NORMAL,10,0,90.0,False,0,BRIGHT,CLEAR,10,90.0,False,False,0,SAFE,SAFE,SAFE,10,0,100,False,0,10,0,12,100,44.911707003759446,False,False,False,False,True,False
27.33,58.04,4718,3,12,0,22.0,30.0,20848.7,90.0,105.44,False,8.86,11.33,0,10,0,False,False,0,DRY,NORMAL,10,0,90.0,False,0,BRIGHT,CLEAR,10,90.0,False,False,0,SAFE,SAFE,SAFE,10,0,100,False,0,10,0,12,100,45.8982520244671,False,False,False,False,True,False
27.37,57.72,4693,3,12,0,22.0,30.0,20811.8,90.0,105.12,False,8.77,11.41,0,10,0,False,False,0,DRY,NORMAL,10,0,90.0,False,0,BRIGHT,CLEAR,10,90.0,False,False,0,SAFE,SAFE,SAFE,10,0,100,False,0,10,0,12,100,46.94927620178132,False,False,False,False,True,False
27.4,57.4,4667,3,12,0,22.0,30.0,20836.2,90.0,104.8,False,8.68,11.49,0,10,0,False,False,0,DRY,NORMAL,10,0,90.0,False,0,BRIGHT,CLEAR,10,90.0,False,False,0,SAFE,SAFE,SAFE,10,0,100,False,0,10,0,12,100,48.03795055091361,False,False,False,False,True,False
27.43,57.09,4641,3,12,0,22.0,30.0,20889.1,90.0,104.64,False,8.6,11.59,0,10,0,False,False,0,DRY,NORMAL,10,0,90.0,False,0,BRIGHT,CLEAR,10,90.0,False,False,0,SAFE,SAFE,SAFE,10,0,100,False,0,10,0,12,100,49.13957774845932,False,False,False,False,True,False
27.47,56.77,4616,3,12,0,22.0,30.0,20767.7,90.0,104.33,False,8.51,11.68,0,10,0,False,False,0,DRY,NORMAL,10,0,90.0,False,0,BRIGHT,CLEAR,10,90.0,False,False,0,SAFE,SAFE,SAFE,10,0,100,False,0,10,0,12,100,50.223645906702075,False,False,False,False,True,False
27.5,56.46,4590,3,12,0,22.0,30.0,20732.6,90.0,104.02,False,8.42,11.76,0,10,0,False,False,0,DRY,NORMAL,10,0,90.0,False,0,BRIGHT,CLEAR,10,90.0,False,False,0,SAFE,SAFE,SAFE,10,0,100,False,0,10,0,12,100,46.4950962671577,False,False,False,False,True,False
27.53,56.15,4565,3,12,0,22.0,30.0,20838.4,90.0,103.72,False,8.33,11.85,0,10,0,False,False,0,DRY,NORMAL,10,0,90.0,False,0,BRIGHT,CLEAR,10,90.0,False,False,0,SAFE,SAFE,SAFE,10,0,100,False,0,10,0,12,100,47.654198115552326,False,False,False,False,True,False
27.57,55.84,4539,3,12,0,22.0,30.0,20897.6,90.0,103.74,False,8.25,11.97,0,10,0,False,False,0,DRY,NORMAL,10,0,90.0,False,0,BRIGHT,CLEAR,10,90.0,False,False,0,SAFE,SAFE,SAFE,10,0,100,False,0,10,0,12,100,48.84781198004236,False,False,False,False,True,False
27.6,55.53,4514,3,12,0,22.0,30.0,20896.8,90.0,103.44,False,8.16,12.06,0,10,0,False,False,0,DRY,NORMAL,10,0,90.0,False,0,BRIGHT,CLEAR,10,90.0,False,False,0,SAFE,SAFE,SAFE,10,0,100,False,0,10,0,12,100,50.05585256256049,False,False,False,False,True,False
27.63,55.22,4489,3,12,0,22.0,30.0,20812.7,90.0,103.14,False,8.07,12.16,0,10,0,False,False,0,DRY,NORMAL,10,0,90.0,False,0,BRIGHT,CLEAR,10,90.0,False,False,0,SAFE,SAFE,SAFE,10,0,100,False,0,10,0,12,100,51.250046598634846,False,False,False,False,True,False
27.67,54.99,4471,3,12,0,22.0,30.0,20895.6,90.0,102.84,False,8.01,12.21,0,10,0,False,False,0,DRY,NORMAL,10,0,90.0,False,0,BRIGHT,CLEAR,10,90.0,False,False,0,SAFE,SAFE,SAFE,10,0,100,False,0,10,0,12,100,52.404015938057675,False,False,False,False,True,False
27.7,54.82,4457,3,12,0,22.0,30.0,20887.5,90.0,102.55,False,7.97,12.25,0,10,0,False,False,0,DRY,NORMAL,10,0,90.0,False,0,BRIGHT,CLEAR,10,90.0,False,False,0,SAFE,SAFE,SAFE,10,0,100,False,0,10,0,12,100,53.54764230224662,False,False,False,False,True,False
27.73,54.65,4443,3,12,0,22.0,30.0,20751.7,90.0,102.26,False,7.92,12.28,0,10,0,False,False,0,DRY,NORMAL,10,0,90.0,False,0,BRIGHT,CLEAR,10,90.0,False,False,0,SAFE,SAFE,SAFE,10,0,100,False,0,10,0,12,100,52.78988361287011,False,False,False,False,True,False
27.77,54.48,4429,3,12,0,22.0,30.0,20788.7,90.0,101.97,False,7.87,12.32,0,10,0,False,False,0,DRY,NORMAL,10,0,90.0,False,0,BRIGHT,CLEAR,10,90.0,False,False,0,SAFE,SAFE,SAFE,10,0,100,False,0,10,0,12,100,54.29325086972632,False,False,False,False,True,False
27.8,54.31,4415,3,12,0,22.0,30.0,20813.7,90.0,101.68,False,7.82,12.36,0,10,0,False,False,0,DRY,NORMAL,10,0,90.0,False,0,BRIGHT,CLEAR,10,90.0,False,False,0,SAFE,SAFE,SAFE,10,0,100,False,0,10,0,12,100,55.79258662850672,False,False,False,False,True,False
27.83,54.15,4402,3,12,0,22.0,30.0,20775.0,90.0,101.56,False,7.78,12.41,0,10,0,False,False,0,DRY,NORMAL,10,0,90.0,False,0,BRIGHT,CLEAR,10,90.0,False,False,2,SAFE,DANGER,SAFE,0,0,50,False,2,0,0,12,50,57.26272980592774,False,False,False,False,True,False
27.87,53.95,4386,3,12,0,22.0,30.0,20859.1,90.0,101.27,False,7.73,12.46,0,10,0,False,False,0,DRY,NORMAL,10,0,90.0,False,0,BRIGHT,CLEAR,10,90.0,False,False,0,SAFE,SAFE,SAFE,10,0,100,False,0,10,0,12,100,58.68250691900221,False,False,False,False,True,False
27.9,53.79,4373,3,12,0,22.0,30.0,20833.4,90.0,100.99,False,7.68,12.5,0,10,0,False,False,0,DRY,NORMAL,10,0,90.0,False,0,BRIGHT,CLEAR,10,90.0,False,False,0,SAFE,SAFE,SAFE,10,0,100,False,0,10,0,12,100,59.88224490215106,False,False,False,False,True,False
27.93,53.66,4362,3,12,0,22.0,30.0,20816.8,90.0,100.8,False,7.64,12.53,0,10,0,False,False,0,DRY,NORMAL,10,0,90.0,False,0,BRIGHT,CLEAR,10,90.0,False,False,0,SAFE,SAFE,SAFE,10,0,100,False,0,10,0,12,100,61.78224963228196,False,False,False,False,True,False
27.97,53.56,4354,3,12,0,22.0,30.0,20851.3,90.0,100.67,False,7.62,12.56,0,10,0,False,False,0,DRY,NORMAL,10,0,90.0,False,0,BRIGHT,CLEAR,10,90.0,False,False,0,SAFE,SAFE,SAFE,10,0,100,False,0,10,0,12,100,63.57679716317239,False,False,False,False,True,False
28.0,53.51,4350,3,12,0,22.0,30.0,20909.9,90.0,100.39,False,7.6,12.54,0,10,0,False,False,0,DRY,NORMAL,10,0,90.0,False,0,BRIGHT,CLEAR,10,90.0,False,False,0,SAFE,SAFE,SAFE,10,0,100,False,0,10,0,12,100,65.39261175161519,False,False,False,False,True,False
28.03,53.52,4351,3,12,0,22.0,30.0,20800.9,90.0,100.11,False,7.61,12.5,0,10,0,False,False,0,DRY,NORMAL,10,0,90.0,False,0,BRIGHT,CLEAR,10,90.0,False,False,0,SAFE,SAFE,SAFE,10,0,100,False,0,10,0,12,100,67.20781193015048,False,False,False,False,True,False
28.07,53.59,4357,3,12,0,22.0,30.0,20936.9,90.0,99.83,False,7.63,12.43,0,10,0,False,False,0,DRY,NORMAL,10,0,90.0,False,0,BRIGHT,CLEAR,10,90.0,False,False,0,SAFE,SAFE,SAFE,10,0,100,False,0,10,0,12,100,69.02917355311446,False,False,False,False,True,False
28.1,53.73,4368,3,12,0,22.0,30.0,20851.4,90.0,99.54,False,7.66,12.34,0,10,0,False,False,0,DRY,NORMAL,10,0,90.0,False,0,BRIGHT,CLEAR,10,90.0,False,False,0,SAFE,SAFE,SAFE,10,0,100,False,0,10,0,12,100,70.85368976427421,False,False,False,False,True,False
28.13,53.92,4383,3,12,0,22.0,30.0,20757.0,90.0,99.26,False,7.71,12.22,0,10,0,False,False,0,DRY,NORMAL,10,0,90.0,False,0,BRIGHT,CLEAR,10,90.0,False,False,0,SAFE,SAFE,SAFE,10,0,100,False,0,10,0,12,100,75.85368976427421,False,False,False,False,True,False
28.17,54.14,4402,3,12,0,22.0,30.0,20811.4,90.0,98.98,False,7.78,12.09,0,10,0,False,False,0,DRY,NORMAL,10,0,90.0,False,0,BRIGHT,CLEAR,10,90.0,False,False,0,SAFE,SAFE,SAFE,10,0,100,False,0,10,0,12,100,80.85368976427421,False,False,False,False,True,False
28.2,54.4,4422,3,12,0,22.0,30.0,20851.7,90.0,98.69,False,7.85,11.94,0,10,0,False,False,0,DRY,NORMAL,10,0,90.0,False,0,BRIGHT,CLEAR,10,90.0,False,False,0,SAFE,SAFE,SAFE,10,0,100,False,0,10,0,12,100,85.85368976427421,False,False,False,False,True,False
28.23,54.68,4445,3,12,0,22.0,30.0,20918.6,90.0,98.56,False,7.92,11.81,0,10,0,False,False,0,DRY,NORMAL,10,0,90.0,False,0,BRIGHT,CLEAR,10,90.0,False,False,0,SAFE,SAFE,SAFE,10,0,100,False,0,10,0,12,100,90.0,False,False,False,False,True,False
28.27,54.99,4470,3,12,0,22.0,30.0,20938.8,90.0,98.27,False,8.01,11.65,0,10,0,False,False,0,DRY,NORMAL,10,0,90.0,False,0,BRIGHT,CLEAR,10,90.0,False,False,0,SAFE,SAFE,SAFE,10,0,100,False,0,10,0,12,100,90.0,False,False,False,False,True,False
28.3,55.31,4497,3,12,0,22.0,30.0,20873.4,90.0,97.97,False,8.1,11.48,0,10,0,False,False,0,DRY,NORMAL,10,0,90.0,False,0,BRIGHT,CLEAR,10,90.0,False,False,0,SAFE,SAFE,SAFE,10,0,100,False,0,10,0,12,100,90.0,False,False,False,False,True,False
28.33,55.65,4524,3,12,0,22.0,30.0,20810.2,90.0,97.67,False,8.19,11.31,0,10,0,False,False,0,DRY,NORMAL,10,0,90.0,False,0,BRIGHT,CLEAR,10,90.0,False,False,0,SAFE,SAFE,SAFE,10,0,100,False,0,10,0,12,100,90.0,False,False,False,False,True,False
28.37,56.0,4553,3,12,0,22.0,30.0,20831.5,90.0,97.37,False,8.29,11.14,0,10,0,False,False,0,DRY,NORMAL,10,0,90.0,False,0,BRIGHT,CLEAR,10,90.0,False,False,0,SAFE,SAFE,SAFE,10,0,100,False,0,10,0,12,100,90.0,False,False,False,False,True,False
28.4,56.37,4583,3,12,0,22.0,30.0,20842.3,90.0,97.06,False,8.4,10.97,0,10,0,False,False,0,DRY,NORMAL,10,0,90.0,False,0,BRIGHT,CLEAR,10,90.0,False,False,0,SAFE,SAFE,SAFE,10,0,100,False,0,10,0,12,100,90.0,False,False,False,False,True,False
28.43,56.75,4613,3,12,0,22.0,30.0,20876.8,90.0,96.76,False,8.5,10.79,0,10,0,False,False,0,DRY,NORMAL,10,0,90.0,False,0,BRIGHT,CLEAR,10,90.0,False,False,0,SAFE,SAFE,SAFE,10,0,100,False,0,10,0,12,100,90.0,False,False,False,False,True,False
28.47,57.13,4645,3,12,0,22.0,30.0,20767.5,90.0,96.44,False,8.61,10.62,0,10,0,False,False,0,DRY,NORMAL,10,0,90.0,False,0,BRIGHT,CLEAR,10,90.0,False,False,0,SAFE,SAFE,SAFE,10,0,100,False,0,10,0,12,100,90.0,False,False,False,False,True,False
28.5,57.52,4677,3,12,0,22.0,30.0,20868.9,90.0,96.12,False,8.72,10.45,0,10,0,False,False,0,DRY,NORMAL,10,0,90.0,False,0,BRIGHT,CLEAR,10,90.0,False,False,0,SAFE,SAFE,SAFE,10,0,100,False,0,10,0,12,100,90.0,False,False,False,False,True,False
28.53,57.92,4709,3,12,0,22.0,30.0,20919.7,90.0,95.8,False,8.83,10.29,0,10,0,False,False,0,DRY,NORMAL,10,0,90.0,False,0,BRIGHT,CLEAR,10,90.0,False,False,0,SAFE,SAFE,SAFE,10,0,100,False,0,10,0,12,100,90.0,False,False,False,False,True,False
28.57,58.33,4742,3,12,0,22.0,30.0,20765.7,90.0,95.64,False,8.94,10.14,0,10,0,False,False,0,DRY,NORMAL,10,0,90.0,False,0,BRIGHT,CLEAR,10,90.0,False,False,0,SAFE,SAFE,SAFE,10,0,100,False,0,10,0,12,100,90.0,False,False,False,False,True,False
28.6,58.74,4775,3,12,0,22.0,30.0,20905.3,90.0,95.31,False,9.05,9.97,0,10,0,False,False,0,DRY,NORMAL,10,0,90.0,False,0,BRIGHT,CLEAR,10,90.0,False,False,0,SAFE,SAFE,SAFE,10,0,100,False,0,10,0,12,100,90.0,False,False,False,False,True,False
28.63,59.15,4809,3,12,0,22.0,30.0,20924.4,90.0,94.98,False,9.17,9.81,0,10,0,False,False,0,DRY,NORMAL,10,0,90.0,False,0,BRIGHT,CLEAR,10,90.0,False,False,0,SAFE,SAFE,SAFE,10,0,100,False,0,10,0,12,100,90.0,False,False,False,False,True,False
28.67,59.57,4843,3,12,0,22.0,30.0,20792.9,90.0,94.64,False,9.29,9.65,0,10,0,False,False,0,DRY,NORMAL,10,0,90.0,False,0,BRIGHT,CLEAR,10,90.0,False,False,0,SAFE,SAFE,SAFE,10,0,100,False,0,10,0,12,100,90.0,False,False,False,False,True,False
28.7,59.99,4878,3,12,0,22.0,30.0,20765.4,90.0,94.3,False,9.41,9.49,0,10,0,False,False,0,DRY,NORMAL,10,0,90.0,False,0,BRIGHT,CLEAR,10,90.0,False,False,0,SAFE,SAFE,SAFE,10,0,100,False,0,10,0,12,100,90.0,False,False,False,False,True,False
28.73,60.42,4912,3,12,0,22.0,30.0,20936.8,90.0,93.96,False,9.52,9.34,0,10,0,False,False,0,DRY,NORMAL,10,0,90.0,False,0,BRIGHT,CLEAR,10,90.0,False,False,0,SAFE,SAFE,SAFE,10,0,100,False,0,10,0,12,100,90.0,False,False,False,False,True,False
28.77,60.85,4947,3,12,0,22.0,30.0,20766.2,90.0,93.61,False,9.64,9.19,0,10,0,False,False,0,DRY,NORMAL,10,0,90.0,False,0,BRIGHT,CLEAR,10,90.0,False,False,0,SAFE,SAFE,SAFE,10,0,100,False,0,10,0,12,100,90.0,False,False,False,False,True,False
28.8,61.28,4982,3,12,0,22.0,30.0,20796.9,90.0,93.25,False,9.76,9.04,0,10,0,False,False,0,DRY,NORMAL,10,0,90.0,False,0,BRIGHT,CLEAR,10,90.0,False,False,0,SAFE,SAFE,SAFE,10,0,100,False,0,10,0,12,100,90.0,False,False,False,False,True,False
28.83,61.72,5018,3,12,0,22.0,30.0,20893.1,90.0,92.89,False,9.88,8.89,0,10,0,False,False,0,DRY,NORMAL,10,0,90.0,False,0,BRIGHT,CLEAR,10,90.0,False,False,0,SAFE,SAFE,SAFE,10,0,100,False,0,10,0,12,100,90.0,False,False,False,False,True,False
28.87,62.15,5053,3,12,0,22.0,30.0,20786.9,90.0,92.69,False,10.0,8.77,0,10,0,False,False,0,DRY,NORMAL,10,0,90.0,False,0,BRIGHT,CLEAR,10,90.0,False,False,0,SAFE,SAFE,SAFE,10,0,100,False,0,10,0,12,100,90.0,False,False,False,False,True,False
28.9,62.59,5088,3,12,0,22.0,30.0,20846.9,90.0,92.33,False,10.12,8.63,0,10,0,False,False,0,DRY,NORMAL,10,0,90.0,False,0,BRIGHT,CLEAR,10,90.0,False,False,0,SAFE,SAFE,SAFE,10,0,100,False,0,10,0,12,100,82.13388552901726,False,False,False,False,True,False
28.93,63.02,5124,3,12,0,22.0,30.0,20789.1,90.0,91.96,False,10.24,8.49,0,10,0,False,False,0,DRY,NORMAL,10,0,90.0,False,0,BRIGHT,CLEAR,10,90.0,False,False,0,SAFE,SAFE,SAFE,10,0,100,False,0,10,0,12,100,83.346731785981,False,False,False,False,True,False
28.97,63.46,5159,3,12,0,22.0,30.0,20783.3,90.0,91.58,False,10.36,8.35,0,10,0,False,False,0,DRY,NORMAL,10,0,90.0,False,0,BRIGHT,CLEAR,10,90.0,False,False,0,SAFE,SAFE,SAFE,10,0,100,False,0,10,0,12,100,84.78468857641413,False,False,False,False,True,False
29.0,63.9,5195,3,12,0,22.0,30.0,20758.5,90.0,91.2,False,10.48,8.22,0,10,0,False,False,0,DRY,NORMAL,10,0,90.0,False,0,BRIGHT,CLEAR,10,90.0,False,False,0,SAFE,SAFE,SAFE,10,0,100,False,0,10,0,12,100,86.35751965900387,False,False,False,False,True,False
29.03,64.34,5231,3,12,0,22.0,30.0,20741.2,90.0,90.82,False,10.61,8.09,0,10,0,False,False,0,DRY,NORMAL,10,0,90.0,False,0,BRIGHT,CLEAR,10,90.0,False,False,0,SAFE,SAFE,SAFE,10,0,100,False,0,10,0,12,100,88.002645360065,False,False,False,False,True,False
29.07,64.78,5267,3,12,0,22.0,30.0,20764.3,90.0,90.43,False,10.73,7.96,0,10,0,False,False,0,DRY,NORMAL,10,0,90.0,False,0,BRIGHT,CLEAR,10,90.0,False,False,0,SAFE,SAFE,SAFE,10,0,100,False,0,10,0,12,100,73.2653496348003,False,False,False,False,True,False
29.1,65.22,5302,3,12,0,22.0,30.0,20878.5,90.0,90.04,False,10.85,7.84,0,10,0,False,False,0,DRY,NORMAL,10,0,90.0,False,0,BRIGHT,CLEAR,10,90.0,False,False,0,SAFE,SAFE,SAFE,10,0,100,False,0,10,0,12,100,74.74064837277592,False,False,False,False,True,False
29.13,65.66,5338,3,12,0,22.0,30.0,20745.9,90.0,89.64,False,10.98,7.71,0,10,0,False,False,0,DRY,NORMAL,10,0,90.0,False,0,BRIGHT,CLEAR,10,90.0,False,False,0,SAFE,SAFE,SAFE,10,0,100,False,0,10,0,12,100,76.31585486606419,False,False,False,False,True,False
29.17,66.1,5374,3,12,0,22.0,30.0,20901.1,90.0,89.4,False,11.1,7.6,0,10,0,False,False,0,DRY,NORMAL,10,0,90.0,False,0,BRIGHT,CLEAR,10,90.0,False,False,0,SAFE,SAFE,SAFE,10,0,100,False,0,10,0,12,100,77.93933690255624,False,False,False,False,True,False
29.2,66.54,5410,3,12,0,22.0,30.0,20751.3,90.0,89.0,False,11.22,7.48,0,10,0,False,False,0,DRY,NORMAL,10,0,90.0,False,0,BRIGHT,CLEAR,10,90.0,False,False,0,SAFE,SAFE,SAFE,10,0,100,False,0,10,0,12,100,79.56087889401765,False,False,False,False,True,False
29.23,66.99,5446,3,12,0,22.0,30.0,20802.0,90.0,88.59,False,11.35,7.37,0,10,0,False,False,0,DRY,NORMAL,10,0,90.0,False,0,BRIGHT,CLEAR,10,90.0,False,False,0,SAFE,SAFE,SAFE,10,0,100,False,0,10,0,12,100,70.87256088174942,False,False,False,False,True,False
29.27,67.43,5482,3,12,0,22.0,30.0,20858.7,90.0,88.18,False,11.47,7.25,0,10,0,False,False,0,DRY,NORMAL,10,0,90.0,False,0,BRIGHT,CLEAR,10,90.0,False,False,0,SAFE,SAFE,SAFE,10,0,100,False,0,10,0,12,100,72.44691977475668,False,False,False,False,True,False
29.3,67.87,5518,3,12,0,22.0,30.0,20758.4,90.0,87.76,False,11.59,7.14,0,10,0,False,False,0,DRY,NORMAL,10,0,90.0,False,0,BRIGHT,CLEAR,10,90.0,False,False,0,SAFE,SAFE,SAFE,10,0,100,False,0,10,0,12,100,74.0530718955566,False,False,False,False,True,False
29.33,68.32,5555,3,12,0,22.0,30.0,20918.4,90.0,87.34,False,11.72,7.03,0,10,0,False,False,0,DRY,NORMAL,10,0,90.0,False,0,BRIGHT,CLEAR,10,90.0,False,False,0,SAFE,SAFE,SAFE,10,0,100,False,0,10,0,12,100,75.64694629887097,False,False,False,False,True,False
29.37,68.76,5591,3,12,0,22.0,30.0,20846.1,90.0,86.91,False,11.84,6.92,0,10,0,False,False,0,DRY,NORMAL,10,0,90.0,False,0,BRIGHT,CLEAR,10,90.0,False,False,0,SAFE,SAFE,SAFE,10,0,100,False,0,10,0,12,100,70.26490538563317,False,False,False,False,True,False
29.4,69.21,5627,3,12,0,22.0,30.0,20888.0,90.0,86.64,False,11.96,6.82,0,10,0,False,False,0,DRY,NORMAL,10,0,90.0,False,0,BRIGHT,CLEAR,10,90.0,False,False,0,SAFE,SAFE,SAFE,10,0,100,False,0,10,0,12,100,71.92067643018477,False,False,False,False,True,False
29.43,69.66,5663,3,12,0,22.0,30.0,20930.1,90.0,86.2,False,12.09,6.72,0,10,0,False,False,0,DRY,NORMAL,10,0,90.0,False,0,BRIGHT,CLEAR,10,90.0,False,False,0,SAFE,SAFE,SAFE,10,0,100,False,0,10,0,12,100,73.59158170784035,False,False,False,False,True,False
29.47,70.1,5700,3,12,0,22.0,30.0,20746.6,90.0,85.76,False,12.21,6.61,0,10,0,False,False,0,DRY,NORMAL,10,0,90.0,False,0,BRIGHT,CLEAR,10,90.0,False,False,0,SAFE,SAFE,SAFE,10,0,100,False,0,10,0,12,100,75.23708119839658,False,False,False,False,True,False
29.5,70.55,5736,3,12,0,22.0,30.0,20840.8,90.0,85.32,False,12.34,6.51,0,10,0,False,False,0,DRY,NORMAL,10,0,90.0,False,0,BRIGHT,CLEAR,10,90.0,False,False,0,SAFE,SAFE,SAFE,10,0,100,False,0,10,0,12,100,76.80934707126822,False,False,False,False,True,False
29.53,71.0,5773,3,12,0,22.0,30.0,20932.7,90.0,84.87,False,12.46,6.41,0,10,0,False,False,0,DRY,NORMAL,10,0,90.0,False,0,BRIGHT,CLEAR,10,90.0,False,False,0,SAFE,SAFE,SAFE,10,0,100,False,0,10,0,12,100,73.52902051853468,False,False,False,False,True,False
29.57,71.45,5809,3,12,0,22.0,30.0,20791.6,90.0,84.42,False,12.59,6.31,0,10,0,False,False,0,DRY,NORMAL,10,0,90.0,False,0,BRIGHT,CLEAR,10,90.0,False,False,0,SAFE,SAFE,SAFE,10,0,100,False,0,10,0,12,100,75.1893587205513,False,False,False,False,True,False
29.6,71.9,5846,3,12,0,22.0,30.0,20878.4,90.0,83.96,False,12.71,6.21,0,10,0,False,False,0,DRY,NORMAL,10,0,90.0,False,0,BRIGHT,CLEAR,10,90.0,False,False,0,SAFE,SAFE,SAFE,10,0,100,False,0,10,0,12,100,76.81170112379704,False,False,False,False,True,False
29.63,72.35,5882,3,12,0,22.0,30.0,20889.7,90.0,83.66,False,12.83,6.13,0,10,0,False,False,0,DRY,NORMAL,10,0,90.0,False,0,BRIGHT,CLEAR,10,90.0,False,False,0,SAFE,SAFE,SAFE,10,0,100,False,0,10,0,12,100,78.36855644361373,False,False,False,False,True,False
29.67,72.8,5919,3,12,0,22.0,30.0,20744.8,90.0,83.19,False,12.96,6.03,0,10,0,False,False,0,DRY,NORMAL,10,0,90.0,False,0,BRIGHT,CLEAR,10,90.0,False,False,2,SAFE,DANGER,SAFE,0,0,50,False,2,0,0,12,50,76.87553181556866,False,False,False,False,True,False
29.7,73.2,5952,3,12,0,22.0,30.0,20749.0,90.0,82.72,False,13.07,5.95,0,10,0,False,False,0,DRY,NORMAL,10,0,90.0,False,0,BRIGHT,CLEAR,10,90.0,False,False,0,SAFE,SAFE,SAFE,10,0,100,False,0,10,0,12,100,78.63184751815244,False,False,False,False,True,False
29.73,73.58,5982,3,12,0,22.0,30.0,20851.3,90.0,82.25,False,13.17,5.86,0,10,0,False,False,0,DRY,NORMAL,10,0,90.0,False,0,BRIGHT,CLEAR,10,90.0,False,False,0,SAFE,SAFE,SAFE,10,0,100,False,0,10,0,12,100,80.18362388053895,False,False,False,False,True,False
29.77,73.96,6013,3,12,0,22.0,30.0,20750.5,90.0,81.77,False,13.28,5.78,0,10,0,False,False,0,DRY,NORMAL,10,0,90.0,False,0,BRIGHT,CLEAR,10,90.0,False,False,0,SAFE,SAFE,SAFE,10,0,100,False,0,10,0,12,100,81.58102063789865,False,False,False,False,True,False
29.8,74.35,6045,3,12,0,22.0,30.0,20783.9,90.0,81.29,False,13.39,5.7,0,10,0,False,False,0,DRY,NORMAL,10,0,90.0,False,0,BRIGHT,CLEAR,10,90.0,False,False,0,SAFE,SAFE,SAFE,10,0,100,False,0,10,0,12,100,82.90216056180678,False,False,False,False,True,False
29.83,74.76,6078,3,12,0,22.0,30.0,20756.7,90.0,80.69,False,13.5,5.61,0,10,0,False,False,0,DRY,NORMAL,10,0,90.0,False,0,BRIGHT,CLEAR,10,90.0,False,False,0,SAFE,SAFE,SAFE,10,0,100,False,0,10,0,12,100,83.39859600617635,False,False,False,False,True,False
29.87,75.18,6112,3,12,0,22.0,30.0,20776.8,90.0,80.36,False,13.62,5.53,0,10,0,False,False,0,DRY,NORMAL,10,0,90.0,False,0,BRIGHT,CLEAR,10,90.0,False,False,0,SAFE,SAFE,SAFE,10,0,100,False,0,10,0,12,100,85.03716105234157,False,False,False,False,True,False
29.9,75.6,6147,3,12,0,22.0,30.0,20817.3,90.0,79.87,False,13.74,5.45,0,10,0,False,False,0,DRY,NORMAL,10,0,90.0,False,0,BRIGHT,CLEAR,10,90.0,False,False,0,SAFE,SAFE,SAFE,10,0,100,False,0,10,0,12,100,86.61177822399132,False,False,False,False,True,False
29.93,76.04,6182,3,12,0,22.0,30.0,20823.1,90.0,79.37,False,13.86,5.37,0,10,0,False,False,0,DRY,NORMAL,10,0,90.0,False,0,BRIGHT,CLEAR,10,90.0,False,False,0,SAFE,SAFE,SAFE,10,0,100,False,0,10,0,12,100,88.09151005582589,False,False,False,False,True,False
29.97,76.48,6218,3,12,0,22.0,30.0,20869.2,90.0,78.87,False,13.98,5.28,0,10,0,False,False,0,DRY,NORMAL,10,0,90.0,False,0,BRIGHT,CLEAR,10,90.0,False,False,0,SAFE,SAFE,SAFE,10,0,100,False,0,10,0,12,100,90.0,False,False,False,False,True,False
30.0,76.92,6254,3,12,0,22.0,30.0,20803.0,90.0,78.36,False,14.1,5.2,0,10,0,False,False,0,DRY,NORMAL,10,0,90.0,False,0,BRIGHT,CLEAR,10,90.0,False,False,0,SAFE,SAFE,SAFE,10,0,100,False,0,10,0,12,100,90.0,False,False,False,False,True,False
30.03,77.36,6290,3,12,1,12.0,90.0,20877.0,90.0,77.85,False,14.23,5.12,0,10,0,False,False,0,WET,NORMAL,8,0,81,False,1,BRIGHT,FOG,0,54,True,True,0,SAFE,SAFE,SAFE,10,0,100,False,1,0,0,12,100,54,False,True,True,False,True,False
30.07,77.75,6321,3,12,1,12.0,90.0,20746.2,90.0,77.5,False,14.34,5.06,0,10,0,False,False,0,WET,NORMAL,8,0,81,False,1,BRIGHT,FOG,0,54,True,True,0,SAFE,SAFE,SAFE,10,0,100,False,1,0,0,12,100,54,False,True,True,False,True,False
30.1,77.93,6336,3,12,1,12.0,90.0,20700.5,90.0,76.98,False,14.39,5.0,0,10,0,False,False,0,WET,NORMAL,8,0,81,False,1,BRIGHT,FOG,0,54,True,True,0,SAFE,SAFE,SAFE,10,0,100,False,1,0,0,12,100,54,False,True,True,False,True,False
30.13,77.89,6333,3,12,1,12.0,90.0,20795.6,90.0,76.46,False,14.38,4.97,0,10,0,False,False,0,WET,NORMAL,8,0,81,False,1,BRIGHT,FOG,0,54,True,True,0,SAFE,SAFE,SAFE,10,0,100,False,1,0,0,12,100,54,False,True,True,False,True,False
30.17,77.7,6318,3,12,1,12.0,90.0,20862.8,90.0,75.95,False,14.33,4.95,0,10,0,False,False,0,WET,NORMAL,8,0,81,False,1,BRIGHT,FOG,0,54,True,True,0,SAFE,SAFE,SAFE,10,0,100,False,1,0,0,12,100,54,False,True,True,False,True,False
30.2,77.41,6294,3,12,1,12.0,90.0,20750.1,90.0,75.43,False,14.24,4.94,0,10,0,False,False,0,WET,NORMAL,8,0,81,False,1,BRIGHT,FOG,0,54,True,True,0,SAFE,SAFE,SAFE,10,0,100,False,1,0,0,12,100,54,False,True,True,False,True,False
30.23,77.04,6264,3,12,1,12.0,90.0,20723.9,90.0,74.92,False,14.14,4.94,0,10,0,False,False,0,WET,NORMAL,8,0,81,False,1,BRIGHT,FOG,0,54,True,True,0,SAFE,SAFE,SAFE,10,0,100,False,1,0,0,12,100,54,False,True,True,False,True,False
30.27,76.62,6229,3,12,1,12.0,90.0,20726.1,90.0,74.58,False,14.02,4.96,0,10,0,False,False,0,WET,NORMAL,8,0,81,False,1,BRIGHT,FOG,0,54,True,True,0,SAFE,SAFE,SAFE,10,0,100,False,1,0,0,12,100,54,False,True,True,False,True,False
30.3,76.16,6192,3,12,1,12.0,90.0,20788.6,90.0,74.07,False,13.89,4.97,0,10,0,False,False,0,WET,NORMAL,8,0,81,False,1,BRIGHT,FOG,0,54,True,True,0,SAFE,SAFE,SAFE,10,0,100,False,1,0,0,12,100,54,False,True,True,False,True,False
30.33,75.68,6153,3,12,1,12.0,90.0,20697.4,90.0,73.57,False,13.76,4.98,0,10,0,False,False,0,WET,NORMAL,8,0,81,False,1,BRIGHT,FOG,0,54,True,True,0,SAFE,SAFE,SAFE,10,0,100,False,1,0,0,12,100,54,False,True,True,False,True,False
30.37,75.18,6113,3,12,1,12.0,90.0,20774.0,90.0,73.08,False,13.62,5.0,0,10,0,False,False,0,WET,NORMAL,8,0,81,False,1,BRIGHT,FOG,0,54,True,True,0,SAFE,SAFE,SAFE,10,0,100,False,1,0,0,12,100,54,False,True,True,False,True,False
30.4,74.67,6071,3,12,1,12.0,90.0,20817.0,90.0,72.59,False,13.48,5.02,0,10,0,False,False,0,WET,NORMAL,8,0,81,False,1,BRIGHT,FOG,0,54,True,True,0,SAFE,SAFE,SAFE,10,0,100,False,1,0,0,12,100,54,False,True,True,False,True,False
30.43,74.16,6029,3,12,1,12.0,90.0,20864.2,90.0,72.11,False,13.33,5.03,0,10,0,False,False,0,WET,NORMAL,8,0,81,False,1,BRIGHT,FOG,0,54,True,True,0,SAFE,SAFE,SAFE,10,0,100,False,1,0,0,12,100,54,False,True,True,False,True,False
30.47,73.64,5987,3,12,1,12.0,90.0,20688.2,90.0,71.63,False,13.19,5.05,0,10,0,False,False,0,WET,NORMAL,8,0,81,False,1,BRIGHT,FOG,0,54,True,True,0,SAFE,SAFE,SAFE,10,0,100,False,1,0,0,12,100,54,False,True,True,False,True,False
30.5,73.11,5944,3,12,1,12.0,90.0,20845.2,90.0,71.32,False,13.04,5.08,0,10,0,False,False,0,WET,NORMAL,8,0,81,False,1,BRIGHT,FOG,0,54,True,True,0,SAFE,SAFE,SAFE,10,0,100,False,1,0,0,12,100,54,False,True,True,False,True,False
30.53,72.59,5901,3,12,1,12.0,90.0,20876.5,90.0,70.85,False,12.9,5.11,0,10,0,False,False,0,WET,NORMAL,8,0,81,False,1,BRIGHT,FOG,0,54,True,True,0,SAFE,SAFE,SAFE,10,0,100,False,1,0,0,12,100,54,False,True,True,False,True,False
30.57,72.06,5859,3,12,1,12.0,90.0,20691.8,90.0,70.39,False,12.75,5.13,0,10,0,False,False,0,WET,NORMAL,8,0,81,False,1,BRIGHT,FOG,0,54,True,True,0,SAFE,SAFE,SAFE,10,0,100,False,1,0,0,12,100,54,False,True,True,False,True,False
30.6,71.53,5816,3,12,1,12.0,90.0,20860.3,90.0,69.93,False,12.61,5.15,0,10,0,False,False,0,WET,NORMAL,8,0,81,False,1,BRIGHT,FOG,0,54,True,True,0,SAFE,SAFE,SAFE,10,0,100,False,1,0,0,12,100,54,False,True,True,False,True,False
30.63,71.01,5773,3,12,1,12.0,90.0,20772.2,90.0,69.48,False,12.46,5.17,0,10,0,False,False,0,WET,NORMAL,8,0,81,False,1,BRIGHT,FOG,0,54,True,True,0,SAFE,SAFE,SAFE,10,0,100,False,1,0,0,12,100,54,False,True,True,False,True,False
30.67,70.48,5731,3,12,1,12.0,90.0,20751.2,90.0,69.04,False,12.32,5.2,0,10,0,False,False,0,WET,NORMAL,8,0,81,False,1,BRIGHT,FOG,0,54,True,True,0,SAFE,SAFE,SAFE,10,0,100,False,1,0,0,12,100,54,False,True,True,False,True,False
30.7,69.96,5688,3,12,1,12.0,90.0,20695.7,90.0,68.59,False,12.17,5.22,0,10,0,False,False,0,WET,NORMAL,8,0,81,False,1,BRIGHT,FOG,0,54,True,True,0,SAFE,SAFE,SAFE,10,0,100,False,1,0,0,12,100,54,False,True,True,False,True,False
30.73,69.44,5645,3,12,1,12.0,90.0,20680.5,90.0,68.32,False,12.03,5.26,0,10,0,False,False,0,WET,NORMAL,8,0,81,False,1,BRIGHT,FOG,0,54,True,True,0,SAFE,SAFE,SAFE,10,0,100,False,1,0,0,12,100,54,False,True,True,False,True,False
30.77,68.92,5603,3,12,1,12.0,90.0,20865.8,90.0,67.89,False,11.88,5.29,0,10,0,False,False,0,WET,NORMAL,8,0,81,False,1,BRIGHT,FOG,0,54,True,True,0,SAFE,SAFE,SAFE,10,0,100,False,1,0,0,12,100,54,False,True,True,False,True,False
30.8,68.49,5568,3,12,1,12.0,90.0,20704.3,90.0,67.46,False,11.76,5.31,0,10,0,False,False,0,WET,NORMAL,8,0,81,False,1,BRIGHT,FOG,0,54,True,True,0,SAFE,SAFE,SAFE,10,0,100,False,1,0,0,12,100,54,False,True,True,False,True,False
30.83,68.13,5539,3,12,1,12.0,90.0,20769.6,90.0,67.04,False,11.66,5.32,0,10,0,False,False,0,WET,NORMAL,8,0,81,False,1,BRIGHT,FOG,0,54,True,True,0,SAFE,SAFE,SAFE,10,0,100,False,1,0,0,12,100,54,False,True,True,False,True,False
30.87,67.78,5511,3,12,1,12.0,90.0,20739.6,90.0,66.61,False,11.57,5.33,0,10,0,False,False,0,WET,NORMAL,8,0,81,False,1,BRIGHT,FOG,0,54,True,True,0,SAFE,SAFE,SAFE,10,0,100,False,1,0,0,12,100,54,False,True,True,False,True,False
30.9,67.43,5483,3,12,1,12.0,90.0,20805.5,90.0,66.2,False,11.47,5.33,0,10,0,False,False,0,WET,NORMAL,8,0,81,False,1,BRIGHT,FOG,0,54,True,True,0,SAFE,SAFE,SAFE,10,0,100,False,1,0,0,12,100,54,False,True,True,False,True,False
30.93,67.09,5454,3,12,1,12.0,90.0,20766.9,90.0,65.78,False,11.38,5.34,0,10,0,False,False,0,WET,NORMAL,8,0,81,False,1,BRIGHT,FOG,0,54,True,True,0,SAFE,SAFE,SAFE,10,0,100,False,1,0,0,12,100,54,False,True,True,False,True,False
30.97,66.74,5426,3,12,1,12.0,90.0,20692.9,90.0,65.54,False,11.28,5.37,0,10,0,False,False,0,WET,NORMAL,8,0,81,False,1,BRIGHT,FOG,0,54,True,True,0,SAFE,SAFE,SAFE,10,0,100,False,1,0,0,12,100,54,False,True,True,False,True,False
31.0,66.4,5399,3,12,1,12.0,90.0,14898.5,90.0,65.13,False,11.18,5.38,0,10,0,False,False,0,WET,NORMAL,8,0,81,False,1,DIM,FOG,0,54,True,True,0,SAFE,SAFE,SAFE,10,0,100,False,1,0,0,12,100,54,False,True,True,False,True,False
31.03,66.06,5371,3,12,1,12.0,90.0,14901.2,90.0,64.73,False,11.09,5.39,0,10,0,False,False,0,WET,NORMAL,8,0,81,False,1,DIM,FOG,0,54,True,True,0,SAFE,SAFE,SAFE,10,0,100,False,1,0,0,12,100,54,False,True,True,False,True,False
31.07,65.72,5343,3,12,1,12.0,90.0,15034.5,90.0,64.33,False,10.99,5.4,0,10,0,False,False,0,WET,NORMAL,8,0,81,False,1,DIM,FOG,0,54,True,True,0,SAFE,SAFE,SAFE,10,0,100,False,1,0,0,12,100,54,False,True,True,False,True,False
31.1,65.38,5316,3,12,1,12.0,90.0,14897.4,90.0,63.93,False,10.9,5.41,0,10,0,False,False,0,WET,NORMAL,8,0,81,False,1,DIM,FOG,0,54,True,True,0,SAFE,SAFE,SAFE,10,0,100,False,1,0,0,12,100,54,False,True,True,False,True,False
31.13,65.05,5288,3,12,1,12.0,90.0,14996.9,90.0,63.54,False,10.8,5.42,0,10,0,False,False,0,WET,NORMAL,8,0,81,False,1,DIM,FOG,0,54,True,True,0,SAFE,SAFE,SAFE,10,0,100,False,1,0,0,12,100,54,False,True,True,False,True,False
31.17,64.71,5261,3,12,1,12.0,90.0,14947.1,90.0,63.15,False,10.71,5.43,0,10,0,False,False,0,WET,NORMAL,8,0,81,False,1,DIM,FOG,0,54,True,True,0,SAFE,SAFE,SAFE,10,0,100,False,1,0,0,12,100,54,False,True,True,False,True,False
31.2,64.38,5234,3,12,1,12.0,90.0,14927.4,90.0,62.76,False,10.62,5.44,0,10,0,False,False,0,WET,NORMAL,8,0,81,False,1,DIM,FOG,0,54,True,True,0,SAFE,SAFE,SAFE,10,0,100,False,1,0,0,12,100,54,False,True,True,False,True,False
31.23,64.04,5207,3,12,1,12.0,90.0,15028.3,90.0,62.54,False,10.53,5.47,0,10,0,False,False,0,WET,NORMAL,8,0,81,False,1,DIM,FOG,0,54,True,True,0,SAFE,SAFE,SAFE,10,0,100,False,1,0,0,12,100,54,False,True,True,False,True,False
31.27,63.71,5180,3,12,1,12.0,90.0,14928.0,90.0,62.16,False,10.43,5.48,0,10,0,False,False,0,WET,NORMAL,8,0,81,False,1,DIM,FOG,0,54,True,True,0,SAFE,SAFE,SAFE,10,0,100,False,1,0,0,12,100,54,False,True,True,False,True,False
31.3,63.38,5153,3,12,1,12.0,90.0,14890.6,90.0,61.78,False,10.34,5.49,0,10,0,False,False,0,WET,NORMAL,8,0,81,False,1,DIM,FOG,0,54,True,True,0,SAFE,SAFE,SAFE,10,0,100,False,1,0,0,12,100,54,False,True,True,False,True,False
31.33,63.05,5126,3,12,1,12.0,90.0,14928.4,90.0,61.41,False,10.25,5.5,0,10,0,False,False,0,WET,NORMAL,8,0,81,False,1,DIM,FOG,0,54,True,True,0,SAFE,SAFE,SAFE,10,0,100,False,1,0,0,12,100,54,False,True,True,False,True,False
31.37,62.72,5099,3,12,1,12.0,90.0,15070.4,90.0,61.04,False,10.16,5.52,0,10,0,False,False,0,WET,NORMAL,8,0,81,False,1,DIM,FOG,0,54,True,True,0,SAFE,SAFE,SAFE,10,0,100,False,1,0,0,12,100,54,False,True,True,False,True,False
31.4,62.39,5072,3,12,1,12.0,90.0,14972.2,90.0,60.67,False,10.07,5.53,0,10,0,False,False,0,WET,NORMAL,8,0,81,False,1,DIM,FOG,0,54,True,True,0,SAFE,SAFE,SAFE,10,0,100,False,1,0,0,12,100,54,False,True,True,False,True,False
31.43,62.06,5046,3,12,1,12.0,90.0,14951.0,90.0,60.3,False,9.98,5.54,0,10,0,False,False,0,WET,NORMAL,8,0,81,False,1,DIM,FOG,0,54,True,True,0,SAFE,SAFE,SAFE,10,0,100,False,1,0,0,12,100,54,False,True,True,False,True,False
31.47,61.74,5019,3,12,1,12.0,90.0,15050.4,90.0,59.94,False,9.89,5.56,0,10,0,False,False,0,WET,NORMAL,8,0,81,False,1,DIM,FOG,0,54,True,True,0,SAFE,SAFE,SAFE,10,0,100,False,1,0,0,12,100,54,False,True,True,False,True,False
31.5,61.41,4993,3,12,1,12.0,90.0,14957.5,90.0,59.58,False,9.8,5.57,0,10,0,False,False,0,WET,NORMAL,8,0,81,False,1,DIM,FOG,0,54,True,True,0,SAFE,SAFE,SAFE,10,0,100,False,1,0,0,12,100,54,False,True,True,False,True,False
31.53,61.09,4967,3,12,1,12.0,90.0,14961.6,90.0,59.39,False,9.71,5.6,0,10,0,False,False,0,WET,NORMAL,8,0,81,False,1,DIM,FOG,0,54,True,True,0,SAFE,SAFE,SAFE,10,0,100,False,1,0,0,12,100,54,False,True,True,False,True,False
31.57,60.76,4940,3,12,1,12.0,90.0,14893.5,90.0,59.04,False,9.62,5.62,0,10,0,False,False,0,WET,NORMAL,8,0,81,False,1,DIM,FOG,0,54,True,True,0,SAFE,SAFE,SAFE,10,0,100,False,1,0,0,12,100,54,False,True,True,False,True,False
31.6,60.44,4914,3,12,1,12.0,90.0,15004.4,90.0,58.69,False,9.53,5.63,0,10,0,False,False,0,WET,NORMAL,8,0,81,False,1,DIM,FOG,0,54,True,True,0,SAFE,SAFE,SAFE,10,0,100,False,1,0,0,12,100,54,False,True,True,False,True,False
31.63,60.12,4888,3,12,1,12.0,90.0,15023.4,90.0,58.35,False,9.44,5.65,0,10,0,False,False,0,WET,NORMAL,8,0,81,False,1,DIM,FOG,0,54,True,True,0,SAFE,SAFE,SAFE,10,0,100,False,1,0,0,12,100,54,False,True,True,False,True,False
31.67,59.8,4862,3,12,1,12.0,90.0,15005.7,90.0,58.0,False,9.35,5.67,0,10,0,False,False,0,WET,NORMAL,8,0,81,False,1,DIM,FOG,0,54,True,True,0,SAFE,SAFE,SAFE,10,0,100,False,1,0,0,12,100,54,False,True,True,False,True,False
31.7,59.48,4836,3,12,1,12.0,90.0,14967.9,90.0,57.66,False,9.26,5.69,0,10,0,False,False,0,WET,NORMAL,8,0,81,False,1,DIM,FOG,0,54,True,True,0,SAFE,SAFE,SAFE,10,0,100,False,1,0,0,12,100,54,False,True,True,False,True,False
31.73,59.16,4810,3,12,1,12.0,90.0,14887.7,90.0,57.33,False,9.17,5.7,0,10,0,False,False,0,WET,NORMAL,8,0,81,False,1,DIM,FOG,0,54,True,True,0,SAFE,SAFE,SAFE,10,0,100,False,1,0,0,12,100,54,False,True,True,False,True,False
31.77,58.85,4784,3,12,1,12.0,90.0,15029.3,90.0,56.99,False,9.08,5.72,0,10,0,False,False,0,WET,NORMAL,8,0,81,False,1,DIM,FOG,0,54,True,True,0,SAFE,SAFE,SAFE,10,0,100,False,1,0,0,12,100,54,False,True,True,False,True,False
31.8,58.59,4763,3,12,1,12.0,90.0,14891.3,90.0,56.66,False,9.01,5.73,0,10,0,False,False,0,WET,NORMAL,8,0,81,False,1,DIM,FOG,0,54,True,True,0,SAFE,SAFE,SAFE,10,0,100,False,1,0,0,12,100,54,False,True,True,False,True,False
31.83,58.35,4744,3,12,1,12.0,90.0,14990.5,90.0,56.5,False,8.94,5.76,0,10,0,False,False,0,WET,NORMAL,8,0,81,False,1,DIM,FOG,0,54,True,True,0,SAFE,SAFE,SAFE,10,0,100,False,1,0,0,12,100,54,False,True,True,False,True,False
31.87,58.11,4724,3,12,1,12.0,90.0,15042.4,90.0,56.17,False,8.88,5.76,0,10,0,False,False,0,WET,NORMAL,8,0,81,False,1,DIM,FOG,0,54,True,True,0,SAFE,SAFE,SAFE,10,0,100,False,1,0,0,12,100,54,False,True,True,False,True,False
31.9,57.87,4705,3,12,1,12.0,90.0,15059.0,90.0,55.85,False,8.81,5.77,0,10,0,False,False,0,WET,NORMAL,8,0,81,False,1,DIM,FOG,0,54,True,True,0,SAFE,SAFE,SAFE,10,0,100,False,1,0,0,12,100,54,False,True,True,False,True,False
31.93,57.64,4686,3,12,1,12.0,90.0,14943.5,90.0,55.53,False,8.75,5.78,0,10,0,False,False,0,WET,NORMAL,8,0,81,False,1,DIM,FOG,0,54,True,True,0,SAFE,SAFE,SAFE,10,0,100,False,1,0,0,12,100,54,False,True,True,False,True,False
31.97,57.4,4667,3,12,1,12.0,90.0,14902.0,90.0,55.21,False,8.68,5.78,0,10,0,False,False,0,WET,NORMAL,8,0,81,False,1,DIM,FOG,0,54,True,True,0,SAFE,SAFE,SAFE,10,0,100,False,1,0,0,12,100,54,False,True,True,False,True,False
32.0,57.17,4648,3,12,1,12.0,90.0,14864.4,90.0,54.9,False,8.62,5.79,0,10,0,False,False,0,WET,NORMAL,8,0,81,False,1,DIM,FOG,0,54,True,True,0,SAFE,SAFE,SAFE,10,0,100,False,1,0,0,12,100,54,False,True,True,False,True,False
32.03,56.94,4629,3,12,1,12.0,90.0,14945.7,90.0,54.58,False,8.55,5.8,0,10,0,False,False,0,WET,NORMAL,8,0,81,False,1,DIM,FOG,0,54,True,True,0,SAFE,SAFE,SAFE,10,0,100,False,1,0,0,12,100,54,False,True,True,False,True,False
32.07,56.71,4610,3,12,1,12.0,90.0,14759.7,90.0,54.27,False,8.49,5.8,0,10,0,False,False,0,WET,NORMAL,8,0,81,False,1,DIM,FOG,0,54,True,True,0,SAFE,SAFE,SAFE,10,0,100,False,1,0,0,12,100,54,False,True,True,False,True,False
32.1,56.47,4591,3,12,1,12.0,90.0,14934.2,90.0,53.96,False,8.43,5.81,0,10,0,False,False,0,WET,NORMAL,8,0,81,False,1,DIM,FOG,0,54,True,True,0,SAFE,SAFE,SAFE,10,0,100,False,1,0,0,12,100,54,False,True,True,False,True,False
32.13,56.24,4573,3,12,1,12.0,90.0,14829.1,90.0,53.65,False,8.36,5.82,0,10,0,False,False,0,WET,NORMAL,8,0,81,False,1,DIM,FOG,0,54,True,True,0,SAFE,SAFE,SAFE,10,0,100,False,1,0,0,12,100,54,False,True,True,False,True,False
32.17,56.01,4554,3,12,1,12.0,90.0,14830.4,90.0,53.51,False,8.3,5.85,0,10,0,False,False,0,WET,NORMAL,8,0,81,False,1,DIM,FOG,0,54,True,True,0,SAFE,SAFE,SAFE,10,0,100,False,1,0,0,12,100,54,False,True,True,False,True,False
32.2,55.79,4535,3,12,1,12.0,90.0,14882.3,90.0,53.21,False,8.23,5.85,0,10,0,False,False,0,WET,NORMAL,8,0,81,False,1,DIM,FOG,0,54,True,True,0,SAFE,SAFE,SAFE,10,0,100,False,1,0,0,12,100,54,False,True,True,False,True,False
32.23,55.56,4517,3,12,1,12.0,90.0,14918.2,90.0,52.91,False,8.17,5.86,0,10,0,False,False,0,WET,NORMAL,8,0,81,False,1,DIM,FOG,0,54,True,True,0,SAFE,SAFE,SAFE,10,0,100,False,1,0,0,12,100,54,False,True,True,False,True,False
32.27,55.33,4498,3,12,1,12.0,90.0,14757.0,90.0,52.61,False,8.11,5.87,0,10,0,False,False,0,WET,NORMAL,8,0,81,False,1,DIM,FOG,0,54,True,True,0,SAFE,SAFE,SAFE,10,0,100,False,1,0,0,12,100,54,False,True,True,False,True,False
32.3,55.1,4480,3,12,1,12.0,90.0,14780.7,90.0,52.31,False,8.04,5.88,0,10,0,False,False,0,WET,NORMAL,8,0,81,False,1,DIM,FOG,0,54,True,True,0,SAFE,SAFE,SAFE,10,0,100,False,1,0,0,12,100,54,False,True,True,False,True,False
32.33,54.88,4461,3,12,1,12.0,90.0,14877.1,90.0,52.02,False,7.98,5.89,0,10,0,False,False,0,WET,NORMAL,8,0,81,False,1,DIM,FOG,0,54,True,True,0,SAFE,SAFE,SAFE,10,0,100,False,1,0,0,12,100,54,False,True,True,False,True,False
32.37,54.65,4443,3,12,1,12.0,90.0,14787.7,90.0,51.73,False,7.92,5.9,0,10,0,False,False,0,WET,NORMAL,8,0,81,False,1,DIM,FOG,0,54,True,True,0,SAFE,SAFE,SAFE,10,0,100,False,1,0,0,12,100,54,False,True,True,False,True,False
32.4,54.43,4425,3,12,1,12.0,90.0,14862.3,90.0,51.44,False,7.86,5.91,0,10,0,False,False,0,WET,NORMAL,8,0,81,False,1,DIM,FOG,0,54,True,True,0,SAFE,SAFE,SAFE,10,0,100,False,1,0,0,12,100,54,False,True,True,False,True,False
32.43,54.2,4407,3,12,1,12.0,90.0,14938.5,90.0,51.15,False,7.8,5.92,0,10,0,False,False,0,WET,NORMAL,8,0,81,False,1,DIM,FOG,0,54,True,True,0,SAFE,SAFE,SAFE,10,0,100,False,1,0,0,12,100,54,False,True,True,False,True,False
32.47,53.98,4388,3,12,1,12.0,90.0,14938.4,90.0,50.86,False,7.73,5.93,0,10,0,False,False,0,WET,NORMAL,8,0,81,False,1,DIM,FOG,8,54,True,True,0,SAFE,SAFE,SAFE,10,0,100,False,1,8,0,12,100,54,False,True,True,False,True,False
32.5,53.81,4375,3,12,1,12.0,90.0,14868.5,90.0,50.58,False,7.68,5.93,0,10,0,False,False,0,WET,NORMAL,8,0,81,False,1,DIM,FOG,8,54,True,True,0,SAFE,SAFE,SAFE,10,0,100,False,1,8,0,12,100,54,False,True,True,False,True,False
32.53,53.67,4363,3,12,1,12.0,90.0,14791.0,90.0,50.46,False,7.64,5.95,0,10,0,False,False,0,WET,NORMAL,8,0,81,False,1,DIM,FOG,8,54,True,True,0,SAFE,SAFE,SAFE,10,0,100,False,1,8,0,12,100,54,False,True,True,False,True,False
32.57,53.57,4355,3,12,1,12.0,90.0,14936.5,90.0,50.18,False,7.62,5.93,0,10,0,False,False,0,WET,NORMAL,8,0,81,False,1,DIM,FOG,8,54,True,True,0,SAFE,SAFE,SAFE,10,0,100,False,1,8,0,12,100,54,False,True,True,False,True,False
32.6,53.51,4350,3,12,1,12.0,90.0,14810.2,90.0,49.9,False,7.6,5.91,0,10,0,False,False,0,WET,NORMAL,8,0,81,False,1,DIM,FOG,8,54,True,True,0,SAFE,SAFE,SAFE,10,0,100,False,1,8,0,12,100,54,False,True,True,False,True,False
32.63,53.51,4351,3,12,1,12.0,90.0,14882.9,90.0,49.62,False,7.6,5.87,0,10,0,False,False,0,WET,NORMAL,8,0,81,False,1,DIM,FOG,8,54,True,True,0,SAFE,SAFE,SAFE,10,0,100,False,1,8,0,12,100,54,False,True,True,False,True,False
32.67,53.56,4355,3,12,1,12.0,90.0,14929.1,90.0,49.34,False,7.61,5.82,0,10,0,False,False,0,WET,NORMAL,8,0,81,False,1,DIM,FOG,8,54,True,True,0,SAFE,SAFE,SAFE,10,0,100,False,1,8,0,12,100,54,False,True,True,False,True,False
32.7,53.65,4361,3,12,1,12.0,90.0,14883.1,90.0,49.06,False,7.64,5.77,0,10,0,False,False,0,WET,NORMAL,8,0,81,False,1,DIM,FOG,8,54,True,True,0,SAFE,SAFE,SAFE,10,0,100,False,1,8,0,12,100,54,False,True,True,False,True,False
32.73,53.76,4371,3,12,1,12.0,90.0,14781.3,90.0,48.78,False,7.67,5.71,0,10,0,False,False,0,WET,NORMAL,8,0,81,False,1,DIM,FOG,8,54,True,True,0,SAFE,SAFE,SAFE,10,0,100,False,1,8,0,12,100,54,False,True,True,False,True,False
32.77,53.9,4382,3,12,1,12.0,90.0,14801.2,90.0,48.5,False,7.71,5.64,0,10,0,False,False,0,WET,NORMAL,8,0,81,False,1,DIM,FOG,8,54,True,True,0,SAFE,SAFE,SAFE,10,0,100,False,1,8,0,12,100,54,False,True,True,False,True,False
32.8,54.05,4395,3,12,1,12.0,90.0,14914.4,90.0,48.21,False,7.75,5.57,0,10,0,False,False,0,WET,NORMAL,8,0,81,False,1,DIM,FOG,0,54,True,True,0,SAFE,SAFE,SAFE,10,0,100,False,1,0,0,12,100,54,False,True,True,False,True,False
32.83,54.17,4404,3,12,1,12.0,90.0,14774.8,90.0,47.93,False,7.79,5.51,0,10,0,False,False,0,WET,NORMAL,8,0,81,False,1,DIM,FOG,0,54,True,True,0,SAFE,SAFE,SAFE,10,0,100,False,1,0,0,12,100,54,False,True,True,False,True,False
32.87,54.23,4409,3,12,1,12.0,90.0,14861.8,90.0,47.64,False,7.8,5.46,0,10,0,False,False,0,WET,NORMAL,8,0,81,False,1,DIM,FOG,0,54,True,True,0,SAFE,SAFE,SAFE,10,0,100,False,1,0,0,12,100,54,False,True,True,False,True,False
32.9,54.22,4408,3,12,1,12.0,90.0,14942.9,90.0,47.51,False,7.8,5.45,0,10,0,False,False,0,WET,NORMAL,8,0,81,False,1,DIM,FOG,0,54,True,True,0,SAFE,SAFE,SAFE,10,0,100,False,1,0,0,12,100,54,False,True,True,False,True,False
32.93,54.15,4402,3,12,1,12.0,90.0,14777.7,90.0,47.23,False,7.78,5.43,0,10,0,False,False,0,WET,NORMAL,8,0,81,False,1,DIM,FOG,0,54,True,True,2,SAFE,DANGER,SAFE,0,0,50,False,2,0,0,12,50,54,False,True,True,False,True,False
32.97,54.02,4392,3,12,1,12.0,90.0,14761.0,90.0,46.93,False,7.75,5.41,0,10,0,False,False,0,WET,NORMAL,8,0,81,False,1,DIM,FOG,0,54,True,True,0,SAFE,SAFE,SAFE,10,0,100,False,1,0,0,12,100,54,False,True,True,False,True,False
33.0,53.87,4380,3,12,1,12.0,90.0,14677.0,90.0,46.65,False,7.7,5.41,0,10,0,False,False,0,WET,NORMAL,8,0,81,False,1,DIM,FOG,8,54,True,True,0,SAFE,SAFE,SAFE,10,0,100,False,1,8,0,12,100,54,False,True,True,False,True,False
33.03,53.75,4370,3,12,1,12.0,90.0,14592.4,90.0,46.37,False,7.67,5.39,0,10,0,False,False,0,WET,NORMAL,8,0,81,False,1,DIM,FOG,8,54,True,True,0,SAFE,SAFE,SAFE,10,0,100,False,1,8,0,12,100,54,False,True,True,False,True,False
33.07,53.64,4361,3,12,1,12.0,90.0,14748.5,90.0,46.09,False,7.64,5.38,0,10,0,False,False,0,WET,NORMAL,8,0,81,False,1,DIM,FOG,8,54,True,True,0,SAFE,SAFE,SAFE,10,0,100,False,1,8,0,12,100,54,False,True,True,False,True,False
33.1,53.57,4355,3,12,1,12.0,90.0,14701.6,90.0,45.81,False,7.62,5.35,0,10,0,False,False,0,WET,NORMAL,8,0,81,False,1,DIM,FOG,8,54,True,True,0,SAFE,SAFE,SAFE,10,0,100,False,1,8,0,12,100,54,False,True,True,False,True,False
33.13,53.53,4352,3,12,1,12.0,90.0,14702.7,90.0,45.53,False,7.61,5.33,0,10,0,False,False,0,WET,NORMAL,8,0,81,False,1,DIM,FOG,8,54,True,True,0,SAFE,SAFE,SAFE,10,0,100,False,1,8,0,12,100,54,False,True,True,False,True,False
33.17,53.55,4354,3,12,1,12.0,90.0,14713.4,90.0,45.25,False,7.61,5.29,0,10,0,False,False,0,WET,NORMAL,8,0,81,False,1,DIM,FOG,8,54,True,True,0,SAFE,SAFE,SAFE,10,0,100,False,1,8,0,12,100,54,False,True,True,False,True,False
33.2,53.61,4358,3,12,1,12.0,90.0,14645.0,90.0,44.97,False,7.63,5.24,0,10,0,False,False,0,WET,NORMAL,8,0,81,False,1,DIM,FOG,8,54,True,True,0,SAFE,SAFE,SAFE,10,0,100,False,1,8,0,12,100,54,False,True,True,False,True,False
33.23,53.7,4366,3,12,1,12.0,90.0,14669.7,90.0,44.68,False,7.65,5.18,0,10,0,False,False,0,WET,NORMAL,8,0,81,False,1,DIM,FOG,8,54,True,True,0,SAFE,SAFE,SAFE,10,0,100,False,1,8,0,12,100,54,False,True,True,False,True,False
33.27,53.82,4376,3,12,1,12.0,90.0,14716.1,90.0,44.56,False,7.69,5.15,0,10,0,False,False,0,WET,NORMAL,8,0,81,False,1,DIM,FOG,8,54,True,True,0,SAFE,SAFE,SAFE,10,0,100,False,1,8,0,12,100,54,False,True,True,False,True,False
33.3,53.97,4387,3,12,1,12.0,90.0,14751.3,90.0,44.28,False,7.73,5.08,0,10,0,False,False,0,WET,NORMAL,8,0,81,False,1,DIM,FOG,8,54,True,True,0,SAFE,SAFE,SAFE,10,0,100,False,1,8,0,12,100,54,False,True,True,False,True,False
33.33,54.13,4400,3,12,1,12.0,90.0,14708.3,90.0,44.0,False,7.77,5.02,0,10,0,False,False,0,WET,NORMAL,8,0,81,False,1,DIM,FOG,0,54,True,True,0,SAFE,SAFE,SAFE,10,0,100,False,1,0,0,12,100,54,False,True,True,False,True,False
33.37,54.25,4410,3,12,1,12.0,90.0,14583.7,90.0,44.06,False,7.8,5.0,0,10,0,False,False,0,WET,NORMAL,8,0,81,False,1,DIM,FOG,0,54,True,True,0,SAFE,SAFE,SAFE,10,0,100,False,1,0,0,12,100,54,False,True,True,False,True,False
33.4,54.31,4416,3,12,1,12.0,90.0,14611.0,90.0,43.77,False,7.82,4.96,0,10,0,False,False,0,WET,NORMAL,8,0,81,False,1,DIM,FOG,0,54,True,True,0,SAFE,SAFE,SAFE,10,0,100,False,1,0,0,12,100,54,False,True,True,False,True,False
33.43,54.3,4415,3,12,1,12.0,90.0,14755.8,90.0,43.48,False,7.82,4.92,0,10,0,False,False,0,WET,NORMAL,8,0,81,False,1,DIM,FOG,0,54,True,True,0,SAFE,SAFE,SAFE,10,0,100,False,1,0,0,12,100,54,False,True,True,False,True,False
33.47,54.22,4408,3,12,1,12.0,90.0,14640.9,90.0,43.2,False,7.8,4.9,0,10,0,False,False,0,WET,NORMAL,8,0,81,False,1,DIM,FOG,0,54,True,True,0,SAFE,SAFE,SAFE,10,0,100,False,1,0,0,12,100,53.26841417355813,False,True,True,False,True,False
33.5,54.1,4399,3,12,1,12.0,90.0,14730.5,90.0,42.91,False,7.77,4.88,0,10,0,False,False,0,WET,NORMAL,8,0,81,False,1,DIM,FOG,0,54,True,True,0,SAFE,SAFE,SAFE,10,0,100,False,1,0,0,12,100,54,False,True,True,False,True,False
33.53,53.95,4386,3,12,1,12.0,90.0,14602.5,90.0,42.63,False,7.72,4.87,0,10,0,False,False,0,WET,NORMAL,8,0,81,False,1,DIM,FOG,8,54,True,True,0,SAFE,SAFE,SAFE,10,0,100,False,1,8,0,12,100,54,False,True,True,False,True,False
33.57,53.83,4376,3,12,1,12.0,90.0,14712.9,90.0,42.34,False,7.69,4.86,0,10,0,False,False,0,WET,NORMAL,8,0,81,False,1,DIM,FOG,8,54,True,True,0,SAFE,SAFE,SAFE,10,0,100,False,1,8,0,12,100,54,False,True,True,False,True,False
33.6,53.72,4368,3,12,1,12.0,90.0,14664.6,90.0,42.06,False,7.66,4.84,0,10,0,False,False,0,WET,NORMAL,8,0,81,False,1,DIM,FOG,8,54,True,True,0,SAFE,SAFE,SAFE,10,0,100,False,1,8,0,12,100,54,False,True,True,False,True,False
33.63,53.64,4361,3,12,1,12.0,90.0,14593.1,90.0,41.78,False,7.64,4.81,0,10,0,False,False,0,WET,NORMAL,8,0,81,False,1,DIM,FOG,8,54,True,True,0,SAFE,SAFE,SAFE,10,0,100,False,1,8,0,12,100,54,False,True,True,False,True,False
33.67,53.61,4358,3,12,1,12.0,90.0,14745.1,90.0,41.66,False,7.63,4.81,0,10,0,False,False,0,WET,NORMAL,8,0,81,False,1,DIM,FOG,8,54,True,True,0,SAFE,SAFE,SAFE,10,0,100,False,1,8,0,12,100,49.78414895947084,False,True,True,False,True,False
33.7,53.61,4359,3,12,1,12.0,90.0,14626.7,90.0,41.38,False,7.63,4.77,0,10,0,False,False,0,WET,NORMAL,8,0,81,False,1,DIM,FOG,8,54,True,True,0,SAFE,SAFE,SAFE,10,0,100,False,1,8,0,12,100,51.15865686047585,False,True,True,False,True,False
33.73,53.62,4359,3,12,1,12.0,90.0,14726.6,90.0,41.1,False,7.63,4.73,0,10,0,False,False,0,WET,NORMAL,8,0,81,False,1,DIM,FOG,8,54,True,True,0,SAFE,SAFE,SAFE,10,0,100,False,1,8,0,12,100,52.69299215814359,False,True,True,False,True,False
33.77,53.58,4356,3,12,1,12.0,90.0,14582.4,90.0,40.91,False,7.62,4.71,0,10,0,False,False,0,WET,NORMAL,8,0,81,False,1,DIM,FOG,8,54,True,True,0,SAFE,SAFE,SAFE,10,0,100,False,1,8,0,12,100,54,False,True,True,False,True,False
33.8,53.51,4351,3,12,1,12.0,90.0,14605.9,90.0,40.89,False,7.61,4.72,0,10,0,False,False,0,WET,NORMAL,8,0,81,False,1,DIM,FOG,8,54,True,True,0,SAFE,SAFE,SAFE,10,0,100,False,1,8,0,12,100,54,False,True,True,False,True,False
33.83,53.44,4345,3,12,1,12.0,90.0,14640.2,90.0,40.61,False,7.59,4.69,0,10,0,False,False,0,WET,NORMAL,8,0,81,False,1,DIM,FOG,8,54,True,True,0,SAFE,SAFE,SAFE,10,0,100,False,1,8,0,12,100,54,False,True,True,False,True,False
33.87,53.39,4340,3,12,1,12.0,90.0,14611.9,90.0,40.33,False,7.57,4.67,0,10,0,False,False,0,WET,NORMAL,8,0,81,False,1,DIM,FOG,8,54,True,True,0,SAFE,SAFE,SAFE,10,0,100,False,1,8,0,12,100,54,False,True,True,False,True,False
33.9,53.37,4339,3,12,1,12.0,90.0,14690.3,90.0,40.05,False,7.56,4.63,0,10,0,False,False,0,WET,NORMAL,8,0,81,False,1,DIM,FOG,8,54,True,True,0,SAFE,SAFE,SAFE,10,0,100,False,1,8,0,12,100,49.26741517494903,False,True,True,False,True,False
33.93,53.38,4340,3,12,1,12.0,90.0,14724.5,90.0,39.77,False,7.57,4.6,0,10,0,False,False,0,WET,NORMAL,8,0,81,False,1,DIM,FOG,8,54,True,True,0,SAFE,SAFE,SAFE,10,0,100,False,1,8,0,12,100,50.665509437592995,False,True,True,False,True,False
33.97,53.4,4341,3,12,1,12.0,90.0,14674.1,90.0,39.5,False,7.57,4.56,0,10,0,False,False,0,WET,NORMAL,8,0,81,False,1,DIM,FOG,8,54,True,True,0,SAFE,SAFE,SAFE,10,0,100,False,1,8,0,12,100,52.19852818651178,False,True,True,False,True,False
34.0,53.37,4339,3,12,1,12.0,90.0,14516.9,90.0,39.22,False,7.56,4.52,0,10,0,False,False,0,WET,NORMAL,8,0,81,False,1,DIM,FOG,8,54,True,True,0,SAFE,SAFE,SAFE,10,0,100,False,1,8,0,12,100,53.8050736266576,False,True,True,False,True,False
34.03,53.31,4334,3,12,1,12.0,90.0,14505.0,90.0,38.94,False,7.54,4.5,0,10,0,False,False,0,WET,NORMAL,8,0,81,False,1,DIM,FOG,8,54,True,True,0,SAFE,SAFE,SAFE,10,0,100,False,1,8,0,12,100,54,False,True,True,False,True,False
34.07,53.24,4328,3,12,1,12.0,90.0,14398.9,90.0,38.66,False,7.52,4.47,0,10,0,False,False,0,WET,NORMAL,8,0,81,False,1,DIM,FOG,8,54,True,True,0,SAFE,SAFE,SAFE,10,0,100,False,1,8,0,12,100,54,False,True,True,False,True,False
34.1,53.18,4324,3,12,1,12.0,90.0,14520.6,90.0,38.55,False,7.51,4.47,0,10,0,False,False,0,WET,NORMAL,8,0,81,False,1,DIM,FOG,8,54,True,True,0,SAFE,SAFE,SAFE,10,0,100,False,1,8,0,12,100,48.100112908539586,False,True,True,False,True,False
34.13,53.09,4316,3,12,1,12.0,90.0,14405.9,90.0,38.27,False,7.48,4.45,0,10,0,False,False,0,WET,NORMAL,8,0,81,False,1,DIM,FOG,8,54,True,True,0,SAFE,SAFE,SAFE,10,0,100,False,1,8,0,12,100,49.50864712072408,False,True,True,False,True,False
34.17,53.0,4309,3,12,1,12.0,90.0,14400.2,90.0,38.0,False,7.46,4.42,0,10,0,False,False,0,WET,NORMAL,8,0,81,False,1,DIM,FOG,8,54,True,True,0,SAFE,SAFE,SAFE,10,0,100,False,1,8,0,12,100,51.02421331086136,False,True,True,False,True,False
34.2,52.92,4302,3,12,1,12.0,90.0,14474.9,90.0,37.9,False,7.44,4.42,0,10,0,False,False,0,WET,NORMAL,8,0,81,False,1,DIM,FOG,8,54,True,True,0,SAFE,SAFE,SAFE,10,0,100,False,1,8,0,12,100,52.617833257276615,False,True,True,False,True,False
34.23,52.81,4294,3,12,1,12.0,90.0,14479.7,90.0,37.8,False,7.41,4.43,0,10,0,False,False,0,WET,NORMAL,8,0,81,False,1,DIM,FOG,8,54,True,True,0,SAFE,SAFE,SAFE,10,0,100,False,1,8,0,12,100,54,False,True,True,False,True,False
34.27,52.7,4284,3,12,1,12.0,90.0,14485.6,90.0,37.53,False,7.38,4.41,0,10,0,False,False,0,WET,NORMAL,8,0,81,False,1,DIM,FOG,8,54,True,True,0,SAFE,SAFE,SAFE,10,0,100,False,1,8,0,12,100,54,False,True,True,False,True,False
34.3,52.59,4275,3,12,1,12.0,90.0,14457.5,90.0,37.26,False,7.35,4.39,0,10,0,False,False,0,WET,NORMAL,8,0,81,False,1,DIM,FOG,8,54,True,True,0,SAFE,SAFE,SAFE,10,0,100,False,1,8,0,12,100,54,False,True,True,False,True,False
34.33,52.5,4269,3,12,1,12.0,90.0,14523.5,90.0,36.99,False,7.32,4.37,0,10,0,False,False,0,WET,NORMAL,8,0,81,False,1,DIM,FOG,8,54,True,True,0,SAFE,SAFE,SAFE,10,0,100,False,1,8,0,12,100,49.03978187496866,False,True,True,False,True,False
34.37,52.45,4264,3,12,1,12.0,90.0,14374.9,90.0,36.72,False,7.31,4.34,0,10,0,False,False,0,WET,NORMAL,8,0,81,False,1,DIM,FOG,8,54,True,True,0,SAFE,SAFE,SAFE,10,0,100,False,1,8,0,12,100,50.489054585569406,False,True,True,False,True,False
34.4,52.39,4259,3,12,1,12.0,90.0,14499.0,90.0,36.45,False,7.29,4.31,0,10,0,False,False,0,WET,NORMAL,8,0,81,False,1,DIM,FOG,8,54,True,True,0,SAFE,SAFE,SAFE,10,0,100,False,1,8,0,12,100,52.05056306853686,False,True,True,False,True,False
34.43,52.3,4252,3,12,1,12.0,90.0,14528.0,90.0,36.18,False,7.27,4.29,0,10,0,False,False,0,WET,NORMAL,8,0,81,False,1,DIM,FOG,8,54,True,True,0,SAFE,SAFE,SAFE,10,0,100,False,1,8,0,12,100,53.67900978246981,False,True,True,False,True,False
34.47,52.19,4243,3,12,1,12.0,90.0,14378.4,90.0,35.91,False,7.24,4.27,0,10,0,False,False,0,WET,NORMAL,8,0,81,False,1,DIM,FOG,8,54,True,True,0,SAFE,SAFE,SAFE,10,0,100,False,1,8,0,12,100,54,False,True,True,False,True,False
34.5,52.09,4235,3,12,1,12.0,90.0,14472.3,90.0,35.65,False,7.21,4.25,0,10,0,False,False,0,WET,NORMAL,8,0,81,False,1,DIM,FOG,8,54,True,True,0,SAFE,SAFE,SAFE,10,0,100,False,1,8,0,12,100,54,False,True,True,False,True,False
34.53,52.02,4229,3,12,1,12.0,90.0,14553.7,90.0,35.54,False,7.19,4.25,0,10,0,False,False,0,WET,NORMAL,8,0,81,False,1,DIM,FOG,8,54,True,True,0,SAFE,SAFE,SAFE,10,0,100,False,1,8,0,12,100,48.95349755378493,False,True,True,False,True,False
34.57,51.97,4225,3,12,1,12.0,90.0,14493.8,90.0,35.28,False,7.18,4.22,0,10,0,False,False,0,WET,NORMAL,8,0,81,False,1,DIM,FOG,8,54,True,True,0,SAFE,SAFE,SAFE,10,0,100,False,1,8,0,12,100,50.46802972302175,False,True,True,False,True,False
34.6,51.91,4221,3,12,1,12.0,90.0,14478.5,90.0,35.02,False,7.16,4.19,0,10,0,False,False,0,WET,NORMAL,8,0,81,False,1,DIM,FOG,8,54,True,True,0,SAFE,SAFE,SAFE,10,0,100,False,1,8,0,12,100,52.11672296084297,False,True,True,False,True,False
34.63,51.83,4214,3,12,1,12.0,90.0,14392.8,90.0,34.89,False,7.14,4.19,0,10,0,False,False,0,WET,NORMAL,8,0,81,False,1,DIM,FOG,8,54,True,True,0,SAFE,SAFE,SAFE,10,0,100,False,1,8,0,12,100,53.8407168069939,False,True,True,False,True,False
34.67,51.75,4207,3,12,1,12.0,90.0,14485.3,90.0,34.84,False,7.11,4.2,0,10,0,False,False,0,WET,NORMAL,8,0,81,False,1,DIM,FOG,8,54,True,True,0,SAFE,SAFE,SAFE,10,0,100,False,1,8,0,12,100,54,False,True,True,False,True,False
34.7,51.69,4202,3,12,1,12.0,90.0,14427.7,90.0,34.58,False,7.09,4.17,0,10,0,False,False,0,WET,NORMAL,8,0,81,False,1,DIM,FOG,8,54,True,True,0,SAFE,SAFE,SAFE,10,0,100,False,1,8,0,12,100,54,False,True,True,False,True,False
34.73,51.67,4200,3,12,1,12.0,90.0,14542.0,90.0,34.32,False,7.09,4.14,0,10,0,False,False,0,WET,NORMAL,8,0,81,False,1,DIM,FOG,8,54,True,True,0,SAFE,SAFE,SAFE,10,0,100,False,1,8,0,12,100,54,False,True,True,False,True,False
34.77,51.69,4202,3,12,1,12.0,90.0,14372.6,90.0,34.06,False,7.09,4.1,0,10,0,False,False,0,WET,NORMAL,8,0,81,False,1,DIM,FOG,8,54,True,True,0,SAFE,SAFE,SAFE,10,0,100,False,1,8,0,12,100,51.04826860719633,False,True,True,False,True,False
34.8,51.74,4207,3,12,1,12.0,90.0,14454.7,90.0,33.8,False,7.11,4.05,0,10,0,False,False,0,WET,NORMAL,8,0,81,False,1,DIM,FOG,8,54,True,True,0,SAFE,SAFE,SAFE,10,0,100,False,1,8,0,12,100,52.69623781791179,False,True,True,False,True,False
34.83,51.8,4211,3,12,1,12.0,90.0,14412.8,90.0,33.53,False,7.12,4.01,0,10,0,False,False,0,WET,NORMAL,8,0,81,False,1,DIM,FOG,8,54,True,True,0,SAFE,SAFE,SAFE,10,0,100,False,1,8,0,12,100,54,False,True,True,False,True,False
34.87,51.87,4217,3,12,1,12.0,90.0,14528.3,90.0,33.27,False,7.14,3.96,0,0,0,False,False,0,WET,NORMAL,8,0,81,False,1,DIM,FOG,8,54,True,True,0,SAFE,SAFE,SAFE,10,0,100,False,1,0,0,12,100,54,False,True,True,False,True,False
34.9,51.92,4221,3,12,1,12.0,90.0,14363.3,90.0,33.01,False,7.16,3.91,0,0,0,False,False,0,WET,NORMAL,8,0,81,False,1,DIM,FOG,8,54,True,True,0,SAFE,SAFE,SAFE,10,0,100,False,1,0,0,12,100,54,False,True,True,False,True,False
34.93,51.94,4222,3,12,1,12.0,90.0,14509.1,90.0,32.74,False,7.16,3.87,0,0,0,False,False,0,WET,NORMAL,8,0,81,False,1,DIM,FOG,8,54,True,True,0,SAFE,SAFE,SAFE,10,0,100,False,1,0,0,12,100,54,False,True,True,False,True,False
34.97,51.89,4219,3,12,1,12.0,90.0,14423.6,90.0,32.64,False,7.15,3.86,0,0,0,False,False,0,WET,NORMAL,8,0,81,False,1,DIM,FOG,8,54,True,True,0,SAFE,SAFE,SAFE,10,0,100,False,1,0,0,12,100,51.82738679615286,False,True,True,False,True,False
35.0,51.79,4210,3,12,1,12.0,90.0,14299.9,90.0,32.38,False,7.12,3.84,0,0,0,False,False,0,WET,NORMAL,8,0,81,False,1,DIM,FOG,8,54,True,True,0,SAFE,SAFE,SAFE,10,0,100,False,1,0,0,12,100,53.52475956464137,False,True,True,False,True,False
35.03,51.65,4199,3,12,1,12.0,90.0,14289.6,90.0,32.11,False,7.09,3.83,0,0,0,False,False,0,WET,NORMAL,8,0,81,False,1,DIM,FOG,8,54,True,True,0,SAFE,SAFE,SAFE,10,0,100,False,1,0,0,12,100,54,False,True,True,False,True,False
35.07,51.49,4186,3,12,1,12.0,90.0,14129.4,90.0,31.88,False,7.04,3.82,0,0,0,False,False,0,WET,NORMAL,8,0,81,False,1,DIM,FOG,8,54,True,True,0,SAFE,SAFE,SAFE,10,0,100,False,1,0,0,12,100,54,False,True,True,False,True,False
35.1,51.32,4172,3,12,1,12.0,90.0,14289.9,90.0,31.95,False,6.99,3.85,0,0,0,False,False,0,WET,NORMAL,8,0,81,False,1,DIM,FOG,8,54,True,True,0,SAFE,SAFE,SAFE,10,0,100,False,1,0,0,12,100,54,False,True,True,False,True,False
35.13,51.13,4157,3,12,1,12.0,90.0,14259.5,90.0,31.69,False,6.94,3.85,0,0,0,False,False,0,WET,NORMAL,8,0,81,False,1,DIM,FOG,8,54,True,True,0,SAFE,SAFE,SAFE,10,0,100,False,1,0,0,12,100,54,False,True,True,False,True,False
35.17,50.93,4141,3,12,1,12.0,90.0,14196.0,90.0,31.43,False,6.89,3.84,0,0,0,False,False,0,WET,NORMAL,8,0,81,False,1,DIM,FOG,8,54,True,True,0,SAFE,SAFE,SAFE,10,0,100,False,1,0,0,12,100,54,False,True,True,False,True,False
35.2,50.73,4124,3,12,1,12.0,90.0,14142.3,90.0,31.18,False,6.83,3.83,0,0,0,False,False,0,WET,NORMAL,8,0,81,False,1,DIM,FOG,8,54,True,True,0,SAFE,SAFE,SAFE,10,0,100,False,1,0,0,12,100,53.794239776235585,False,True,True,False,True,False
35.23,50.52,4108,3,12,1,12.0,90.0,14247.6,90.0,30.93,False,6.78,3.83,0,0,0,False,False,0,WET,NORMAL,8,0,81,False,1,DIM,FOG,8,54,True,True,0,SAFE,SAFE,SAFE,10,0,100,False,1,0,0,12,100,54,False,True,True,False,True,False
35.27,50.32,4091,3,12,1,12.0,90.0,14234.2,90.0,30.68,False,6.72,3.82,0,0,0,False,False,0,WET,NORMAL,8,0,81,False,1,DIM,FOG,8,54,True,True,0,SAFE,SAFE,SAFE,10,0,100,False,1,0,0,12,100,54,False,True,True,False,True,False
35.3,50.11,4074,3,12,1,12.0,90.0,14291.5,90.0,30.43,False,6.66,3.82,0,0,0,False,False,0,WET,NORMAL,8,0,81,False,1,DIM,FOG,8,54,True,True,0,SAFE,SAFE,SAFE,10,0,100,False,1,0,0,12,100,54,False,True,True,False,True,False
35.33,49.9,4057,3,12,1,12.0,90.0,14146.0,90.0,30.19,False,6.6,3.82,0,0,0,False,False,0,WET,NORMAL,8,0,81,False,1,DIM,FOG,8,54,True,True,0,SAFE,SAFE,SAFE,10,0,100,False,1,0,0,12,100,54,False,True,True,False,True,False
35.37,49.69,4040,3,12,1,12.0,90.0,14160.8,90.0,29.94,False,6.54,3.81,0,0,0,False,False,0,WET,NORMAL,8,0,81,False,1,DIM,FOG,8,54,True,True,0,SAFE,SAFE,SAFE,10,0,100,False,1,0,0,12,100,54,False,True,True,False,True,False
35.4,49.48,4023,3,12,1,12.0,90.0,14122.4,90.0,29.7,False,6.48,3.81,0,0,0,False,False,0,WET,NORMAL,8,0,81,False,1,DIM,FOG,8,54,True,True,0,SAFE,SAFE,SAFE,10,0,100,False,1,0,0,12,100,54,False,True,True,False,True,False
35.43,49.27,4006,3,12,1,12.0,90.0,14228.7,90.0,29.63,False,6.42,3.83,0,0,0,False,False,0,WET,NORMAL,8,0,81,False,1,DIM,FOG,8,54,True,True,0,SAFE,SAFE,SAFE,10,0,100,False,1,0,0,12,100,54,False,True,True,False,True,False
35.47,49.06,3989,3,12,1,12.0,90.0,14144.1,90.0,29.39,False,6.36,3.83,0,0,0,False,False,0,WET,NORMAL,8,0,81,False,1,DIM,FOG,8,54,True,True,0,SAFE,SAFE,SAFE,10,0,100,False,1,0,0,12,100,54,False,True,True,False,True,False
35.5,48.85,3972,3,12,1,12.0,90.0,14190.6,90.0,29.15,False,6.31,3.83,0,0,0,False,False,0,WET,NORMAL,8,0,81,False,1,DIM,FOG,8,54,True,True,0,SAFE,SAFE,SAFE,10,0,100,False,1,0,0,12,100,54,False,True,True,False,True,False
35.53,48.64,3955,3,12,1,12.0,90.0,14202.1,90.0,29.12,False,6.25,3.86,0,0,0,False,False,0,WET,NORMAL,8,0,81,False,1,DIM,FOG,8,54,True,True,0,SAFE,SAFE,SAFE,10,0,100,False,1,0,0,12,100,54,False,True,True,False,True,False
35.57,48.44,3938,3,12,1,12.0,90.0,14164.6,90.0,29.04,False,6.19,3.88,0,0,0,False,False,0,WET,NORMAL,8,0,81,False,1,DIM,FOG,8,54,True,True,0,SAFE,SAFE,SAFE,10,0,100,False,1,0,0,12,100,54,False,True,True,False,True,False
35.6,48.23,3921,3,12,1,12.0,90.0,14188.8,90.0,28.81,False,6.13,3.88,0,0,0,False,False,0,WET,NORMAL,8,0,81,False,1,DIM,FOG,8,54,True,True,0,SAFE,SAFE,SAFE,10,0,100,False,1,0,0,12,100,54,False,True,True,False,True,False
35.63,48.03,3904,3,12,1,12.0,90.0,14191.4,90.0,28.59,False,6.08,3.88,0,0,0,False,False,0,WET,NORMAL,8,0,81,False,1,DIM,FOG,8,54,True,True,0,SAFE,SAFE,SAFE,10,0,100,False,1,0,0,12,100,54,False,True,True,False,True,False
35.67,47.82,3888,3,12,1,12.0,90.0,14164.7,90.0,28.36,False,6.02,3.88,0,0,0,False,False,0,WET,NORMAL,8,0,81,False,1,DIM,FOG,8,54,True,True,0,SAFE,SAFE,SAFE,10,0,100,False,1,0,0,12,100,54,False,True,True,False,True,False
35.7,47.61,3871,3,12,1,12.0,90.0,14168.9,90.0,28.14,False,5.96,3.88,0,0,0,False,False,0,WET,NORMAL,8,0,81,False,1,DIM,FOG,8,54,True,True,0,SAFE,SAFE,SAFE,10,0,100,False,1,0,0,12,100,54,False,True,True,False,True,False
35.73,47.41,3854,3,12,1,12.0,90.0,14154.7,90.0,27.92,False,5.91,3.88,0,0,0,False,False,0,WET,NORMAL,8,0,81,False,1,DIM,FOG,8,54,True,True,0,SAFE,SAFE,SAFE,10,0,100,False,1,0,0,12,100,54,False,True,True,False,True,False
35.77,47.21,3838,3,12,1,12.0,90.0,14279.9,90.0,27.7,False,5.85,3.88,0,0,0,False,False,0,WET,NORMAL,8,0,81,False,1,DIM,FOG,8,54,True,True,0,SAFE,SAFE,SAFE,10,0,100,False,1,0,0,12,100,54,False,True,True,False,True,False
35.8,47.0,3821,3,12,1,12.0,90.0,14278.1,90.0,27.48,False,5.8,3.88,0,0,0,False,False,0,WET,NORMAL,8,0,81,False,1,DIM,FOG,8,54,True,True,0,SAFE,SAFE,SAFE,10,0,100,False,1,0,0,12,100,54,False,True,True,False,True,False
35.83,46.8,3805,3,12,1,12.0,90.0,14197.5,90.0,27.27,False,5.74,3.88,0,0,0,False,False,0,WET,NORMAL,8,0,81,False,1,DIM,FOG,8,54,True,True,0,SAFE,SAFE,SAFE,10,0,100,False,1,0,0,12,100,54,False,True,True,False,True,False
35.87,46.6,3789,3,12,1,12.0,90.0,14251.4,90.0,27.06,False,5.68,3.88,0,0,0,False,False,0,WET,NORMAL,8,0,81,False,1,DIM,FOG,8,54,True,True,0,SAFE,SAFE,SAFE,10,0,100,False,1,0,0,12,100,54,False,True,True,False,True,False
35.9,46.4,3772,3,12,1,12.0,90.0,14230.0,90.0,26.84,False,5.63,3.88,0,0,0,False,False,0,WET,NORMAL,8,0,81,False,1,DIM,FOG,8,54,True,True,0,SAFE,SAFE,SAFE,10,0,100,False,1,0,0,12,100,54,False,True,True,False,True,False
35.93,46.2,3756,3,12,1,12.0,90.0,14212.8,90.0,26.64,False,5.57,3.88,0,0,0,False,False,0,WET,NORMAL,8,0,81,False,1,DIM,FOG,8,54,True,True,0,SAFE,SAFE,SAFE,10,0,100,False,1,0,0,12,100,54,False,True,True,False,True,False
35.97,46.0,3740,3,12,1,12.0,90.0,14124.5,90.0,26.59,False,5.52,3.91,0,0,0,False,False,0,WET,NORMAL,8,0,81,False,1,DIM,FOG,8,54,True,True,0,SAFE,SAFE,SAFE,10,0,100,False,1,0,0,12,100,54,False,True,True,False,True,False
36.0,45.8,3723,3,12,1,12.0,90.0,13910.6,90.0,26.38,False,5.46,3.91,0,0,0,False,False,0,WET,NORMAL,8,0,81,False,1,DIM,FOG,8,54,True,True,0,SAFE,SAFE,SAFE,10,0,100,False,1,0,0,12,100,54,False,True,True,False,True,False
36.03,45.6,3707,3,12,1,12.0,90.0,13975.0,90.0,26.53,False,5.41,3.98,0,0,0,False,False,0,WET,NORMAL,8,0,81,False,1,DIM,FOG,8,54,True,True,0,SAFE,SAFE,SAFE,10,0,100,False,1,0,0,12,100,54,False,True,True,False,True,False
36.07,45.4,3691,3,12,1,12.0,90.0,13845.5,90.0,26.33,False,5.35,3.99,0,0,0,False,False,0,WET,NORMAL,8,0,81,False,1,DIM,FOG,8,54,True,True,0,SAFE,SAFE,SAFE,10,0,100,False,1,0,0,12,100,54,False,True,True,False,True,False
36.1,45.21,3675,3,12,1,12.0,90.0,13888.6,90.0,26.13,False,5.3,3.99,0,0,0,False,False,0,WET,NORMAL,8,0,81,False,1,DIM,FOG,8,54,True,True,0,SAFE,SAFE,SAFE,10,0,100,False,1,0,0,12,100,54,False,True,True,False,True,False
36.13,45.01,3659,3,12,1,12.0,90.0,13825.3,90.0,25.93,False,5.24,3.99,0,0,0,False,False,0,WET,NORMAL,8,0,81,False,1,DIM,FOG,8,54,True,True,0,SAFE,SAFE,SAFE,10,0,100,False,1,0,0,12,100,54,False,True,True,False,True,False
36.17,44.81,3643,3,12,1,12.0,90.0,13829.9,90.0,25.74,False,5.18,4.0,0,0,0,False,False,0,WET,NORMAL,8,0,81,False,1,DIM,FOG,8,54,True,True,0,SAFE,SAFE,SAFE,10,0,100,False,1,0,0,12,100,54,False,True,True,False,True,False
36.2,44.62,3627,3,12,1,12.0,90.0,13872.9,90.0,25.54,False,5.13,4.0,0,10,0,False,False,0,WET,NORMAL,8,0,81,False,1,DIM,FOG,8,54,True,True,0,SAFE,SAFE,SAFE,10,0,100,False,1,8,0,12,100,54,False,True,True,False,True,False
36.23,44.48,3616,3,12,1,12.0,90.0,13881.4,90.0,25.35,False,5.09,4.0,0,0,0,False,False,0,WET,NORMAL,8,0,81,False,1,DIM,FOG,8,54,True,True,0,SAFE,SAFE,SAFE,10,0,100,False,1,0,0,12,100,54,False,True,True,False,True,False
36.27,44.31,3603,3,12,1,12.0,90.0,13827.5,90.0,25.16,False,5.04,4.0,0,0,0,False,False,0,WET,NORMAL,8,0,81,False,1,DIM,FOG,8,54,True,True,0,SAFE,SAFE,SAFE,10,0,100,False,1,0,0,12,100,54,False,True,True,False,True,False
36.3,44.13,3588,3,12,1,12.0,90.0,13863.1,90.0,24.97,False,4.99,4.0,0,0,0,False,False,0,WET,NORMAL,8,0,81,False,1,DIM,FOG,8,54,True,True,0,SAFE,SAFE,SAFE,10,0,100,False,1,0,0,12,100,54,False,True,True,False,True,False
36.33,43.94,3572,3,12,1,12.0,90.0,13905.6,90.0,24.79,False,4.94,4.0,0,10,0,False,False,0,WET,NORMAL,8,0,81,False,1,DIM,FOG,8,54,True,True,0,SAFE,SAFE,SAFE,10,0,100,False,1,8,0,12,100,54,False,True,True,False,True,False
36.37,43.81,3562,3,12,1,12.0,90.0,13862.2,90.0,24.6,False,4.91,3.99,0,0,0,False,False,0,WET,NORMAL,8,0,81,False,1,DIM,FOG,8,54,True,True,0,SAFE,SAFE,SAFE,10,0,100,False,1,0,0,12,100,54,False,True,True,False,True,False
36.4,43.65,3549,3,12,1,12.0,90.0,13981.3,90.0,24.42,False,4.86,3.99,0,0,0,False,False,0,WET,NORMAL,8,0,81,False,1,DIM,FOG,8,54,True,True,0,SAFE,SAFE,SAFE,10,0,100,False,1,0,0,12,100,54,False,True,True,False,True,False
36.43,43.47,3534,3,12,1,12.0,90.0,13829.8,90.0,24.23,False,4.81,4.0,0,0,0,False,False,0,WET,NORMAL,8,0,81,False,1,DIM,FOG,8,54,True,True,0,SAFE,SAFE,SAFE,10,0,100,False,1,0,0,12,100,54,False,True,True,False,True,False
36.47,43.28,3519,3,12,1,12.0,90.0,13855.8,90.0,24.05,False,4.76,4.0,0,10,0,False,False,0,WET,NORMAL,8,0,81,False,1,DIM,FOG,8,54,True,True,0,SAFE,SAFE,SAFE,10,0,100,False,1,8,0,12,100,54,False,True,True,False,True,False
36.5,43.16,3509,3,12,1,12.0,90.0,13832.7,90.0,23.88,False,4.73,3.99,0,0,0,False,False,0,WET,NORMAL,8,0,81,False,1,DIM,FOG,8,54,True,True,0,SAFE,SAFE,SAFE,10,0,100,False,1,0,0,12,100,54,False,True,True,False,True,False
36.53,43.0,3496,3,12,1,12.0,90.0,13970.8,90.0,23.91,False,4.68,4.04,0,10,0,False,False,0,WET,NORMAL,8,0,81,False,1,DIM,FOG,8,54,True,True,0,SAFE,SAFE,SAFE,10,0,100,False,1,8,0,12,100,54,False,True,True,False,True,False
36.57,42.88,3486,3,12,1,12.0,90.0,13883.2,90.0,23.87,False,4.65,4.06,0,10,0,False,False,0,WET,NORMAL,8,0,81,False,1,DIM,FOG,8,54,True,True,0,SAFE,SAFE,SAFE,10,0,100,False,1,8,0,12,100,54,False,True,True,False,True,False
36.6,42.78,3478,3,12,1,12.0,90.0,13846.1,90.0,23.69,False,4.62,4.04,0,10,0,False,False,0,WET,NORMAL,8,0,81,False,1,DIM,FOG,8,54,True,True,0,SAFE,SAFE,SAFE,10,0,100,False,1,8,0,12,100,54,False,True,True,False,True,False
36.63,42.71,3472,3,12,1,12.0,90.0,13900.1,90.0,23.68,False,4.6,4.06,0,10,0,False,False,0,WET,NORMAL,8,0,81,False,1,DIM,FOG,8,54,True,True,0,SAFE,SAFE,SAFE,10,0,100,False,1,8,0,12,100,54,False,True,True,False,True,False
36.67,42.68,3470,3,12,1,12.0,90.0,13956.6,90.0,23.51,False,4.6,4.03,0,10,0,False,False,0,WET,NORMAL,8,0,81,False,1,DIM,FOG,8,54,True,True,0,SAFE,SAFE,SAFE,10,0,100,False,1,8,0,12,100,54,False,True,True,False,True,False
36.7,42.7,3471,3,12,1,12.0,90.0,13967.3,90.0,23.33,False,4.6,3.98,0,0,0,False,False,0,WET,NORMAL,8,0,81,False,1,DIM,FOG,8,54,True,True,0,SAFE,SAFE,SAFE,10,0,100,False,1,0,0,12,100,54,False,True,True,False,True,False
36.73,42.7,3471,3,12,1,12.0,90.0,13857.2,90.0,23.16,False,4.6,3.95,0,0,0,False,False,0,WET,NORMAL,8,0,81,False,1,DIM,FOG,8,54,True,True,0,SAFE,SAFE,SAFE,10,0,100,False,1,0,0,12,100,54,False,True,True,False,True,False
36.77,42.67,3469,3,12,1,12.0,90.0,13809.2,90.0,22.98,False,4.59,3.92,0,0,0,False,False,0,WET,NORMAL,8,0,81,False,1,DIM,FOG,8,54,True,True,0,SAFE,SAFE,SAFE,10,0,100,False,1,0,0,12,100,54,False,True,True,False,True,False
36.8,42.6,3463,3,12,1,12.0,90.0,13974.3,90.0,22.81,False,4.57,3.9,0,0,0,False,False,0,WET,NORMAL,8,0,81,False,1,DIM,FOG,8,54,True,True,0,SAFE,SAFE,SAFE,10,0,100,False,1,0,0,12,100,54,False,True,True,False,True,False
36.83,42.5,3455,3,12,1,12.0,90.0,13894.9,90.0,22.64,False,4.54,3.88,0,0,0,False,False,0,WET,NORMAL,8,0,81,False,1,DIM,FOG,8,54,True,True,0,SAFE,SAFE,SAFE,10,0,100,False,1,0,0,12,100,54,False,True,True,False,True,False
36.87,42.37,3444,3,12,1,12.0,90.0,13905.2,90.0,22.47,False,4.51,3.88,0,0,0,False,False,0,WET,NORMAL,8,0,81,False,1,DIM,FOG,8,54,True,True,0,SAFE,SAFE,SAFE,10,0,100,False,1,0,0,12,100,54,False,True,True,False,True,False
36.9,42.22,3432,3,12,1,12.0,90.0,13875.0,90.0,22.3,False,4.46,3.87,0,0,0,False,False,0,WET,NORMAL,8,0,81,False,1,DIM,FOG,8,54,True,True,0,SAFE,SAFE,SAFE,10,0,100,False,1,0,0,12,100,54,False,True,True,False,True,False
36.93,42.06,3419,3,12,1,12.0,90.0,13971.8,90.0,22.13,False,4.42,3.88,0,0,0,False,False,0,WET,NORMAL,8,0,81,False,1,DIM,FOG,8,54,True,True,0,SAFE,SAFE,SAFE,10,0,100,False,1,0,0,12,100,54,False,True,True,False,True,False
36.97,41.89,3406,3,12,1,12.0,90.0,13863.6,90.0,21.96,False,4.37,3.88,0,0,0,False,False,0,WET,NORMAL,8,0,81,False,1,DIM,FOG,8,54,True,True,0,SAFE,SAFE,SAFE,10,0,100,False,1,0,0,12,100,54,False,True,True,False,True,False
37.0,41.72,3392,3,12,1,12.0,90.0,13609.4,90.0,21.8,False,4.32,3.88,0,0,0,False,False,0,WET,NORMAL,8,0,81,False,1,DIM,FOG,8,54,True,True,0,SAFE,SAFE,SAFE,10,0,100,False,1,0,0,12,100,54,False,True,True,False,True,False
37.03,41.54,3377,3,12,1,12.0,90.0,13520.3,90.0,21.63,False,4.28,3.89,0,0,0,False,False,0,WET,NORMAL,8,0,81,False,1,DIM,FOG,8,54,True,True,0,SAFE,SAFE,SAFE,10,0,100,False,1,0,0,12,100,54,False,True,True,False,True,False
37.07,41.37,3363,3,12,1,12.0,90.0,13616.5,90.0,21.62,False,4.23,3.93,0,0,0,False,False,0,WET,NORMAL,8,0,81,False,1,DIM,FOG,8,54,True,True,0,SAFE,SAFE,SAFE,10,0,100,False,1,0,0,12,100,54,False,True,True,False,True,False
37.1,41.19,3348,3,12,1,12.0,90.0,13520.4,90.0,21.66,False,4.18,3.99,0,0,0,False,False,0,WET,NORMAL,8,0,81,False,1,DIM,FOG,8,54,True,True,0,SAFE,SAFE,SAFE,10,0,100,False,1,0,0,12,100,54,False,True,True,False,True,False
37.13,41.01,3334,3,12,1,12.0,90.0,13645.1,90.0,21.5,False,4.13,4.0,0,0,0,False,False,0,WET,NORMAL,8,0,81,False,1,DIM,FOG,8,54,True,True,0,SAFE,SAFE,SAFE,10,0,100,False,1,0,0,12,100,54,False,True,True,False,True,False
37.17,40.83,3319,3,12,1,12.0,90.0,13461.7,90.0,21.34,False,4.08,4.01,0,10,0,False,False,0,WET,NORMAL,8,0,81,False,1,DIM,FOG,8,54,True,True,0,SAFE,SAFE,SAFE,10,0,100,False,1,8,0,12,100,54,False,True,True,False,True,False
37.2,40.7,3309,3,12,1,12.0,90.0,13626.3,90.0,21.19,False,4.04,4.0,0,10,0,False,False,0,WET,NORMAL,8,0,81,False,1,DIM,FOG,8,54,True,True,0,SAFE,SAFE,SAFE,10,0,100,False,1,8,0,12,100,54,False,True,True,False,True,False
37.23,40.6,3301,3,12,1,12.0,90.0,13573.3,90.0,21.04,False,4.02,3.99,0,0,0,False,False,0,WET,NORMAL,8,0,81,False,1,DIM,FOG,8,54,True,True,0,SAFE,SAFE,SAFE,10,0,100,False,1,0,0,12,100,54,False,True,True,False,True,False
37.27,40.47,3290,3,12,1,12.0,90.0,13468.2,90.0,20.88,False,3.98,3.99,0,0,0,False,False,0,WET,NORMAL,8,0,81,False,1,DIM,FOG,8,54,True,True,0,SAFE,SAFE,SAFE,10,0,100,False,1,0,0,12,100,54,False,True,True,False,True,False
37.3,40.33,3279,3,12,1,12.0,90.0,13507.0,90.0,20.73,False,3.94,3.99,0,0,0,False,False,0,WET,NORMAL,8,0,81,False,1,DIM,FOG,8,54,True,True,0,SAFE,SAFE,SAFE,10,0,100,False,1,0,0,12,100,54,False,True,True,False,True,False
37.33,40.17,3266,3,12,1,12.0,90.0,13597.7,90.0,20.58,False,3.9,4.0,0,0,0,False,False,0,WET,NORMAL,8,0,81,False,1,DIM,FOG,8,54,True,True,0,SAFE,SAFE,SAFE,10,0,100,False,1,0,0,12,100,54,False,True,True,False,True,False
37.37,40.01,3253,3,12,1,12.0,90.0,13594.2,90.0,20.59,False,3.85,4.05,0,10,0,False,False,0,WET,NORMAL,8,0,81,False,1,DIM,FOG,8,54,True,True,0,SAFE,SAFE,SAFE,10,0,100,False,1,8,0,12,100,54,False,True,True,False,True,False
37.4,39.9,3244,3,12,1,12.0,90.0,13600.5,90.0,20.45,False,3.82,4.04,0,10,0,False,False,0,WET,NORMAL,8,0,81,False,1,DIM,FOG,8,54,True,True,0,SAFE,SAFE,SAFE,10,0,100,False,1,8,0,12,100,54,False,True,True,False,True,False
37.43,39.81,3236,3,12,1,12.0,90.0,13608.8,90.0,20.3,False,3.8,4.03,0,10,0,False,False,0,WET,NORMAL,8,0,81,False,1,DIM,FOG,8,54,True,True,0,SAFE,SAFE,SAFE,10,0,100,False,1,8,0,12,100,54,False,True,True,False,True,False
37.47,39.75,3231,3,12,1,12.0,90.0,13639.4,90.0,20.15,False,3.78,4.01,0,10,0,False,False,0,WET,NORMAL,8,0,81,False,1,DIM,FOG,8,54,True,True,0,SAFE,SAFE,SAFE,10,0,100,False,1,8,0,12,100,54,False,True,True,False,True,False
37.5,39.72,3229,3,12,1,12.0,90.0,13475.4,90.0,20.01,False,3.77,3.98,0,0,0,False,False,0,WET,NORMAL,8,0,81,False,1,DIM,FOG,8,54,True,True,0,SAFE,SAFE,SAFE,10,0,100,False,1,0,0,12,100,54,False,True,True,False,True,False
37.53,39.69,3227,3,12,1,12.0,90.0,13506.8,90.0,19.86,False,3.76,3.95,0,0,0,False,False,0,WET,NORMAL,8,0,81,False,1,DIM,FOG,8,54,True,True,0,SAFE,SAFE,SAFE,10,0,100,False,1,0,0,12,100,54,False,True,True,False,True,False
37.57,39.65,3223,3,12,1,12.0,90.0,13511.0,90.0,19.72,False,3.75,3.92,0,0,0,False,False,0,WET,NORMAL,8,0,81,False,1,DIM,FOG,8,54,True,True,0,SAFE,SAFE,SAFE,10,0,100,False,1,0,0,12,100,54,False,True,True,False,True,False
37.6,39.57,3217,3,12,1,12.0,90.0,13488.2,90.0,19.58,False,3.73,3.91,0,0,0,False,False,0,WET,NORMAL,8,0,81,False,1,DIM,FOG,8,54,True,True,0,SAFE,SAFE,SAFE,10,0,100,False,1,0,0,12,100,54,False,True,True,False,True,False
37.63,39.46,3208,3,12,1,12.0,90.0,13471.1,90.0,19.58,False,3.7,3.94,0,0,0,False,False,0,WET,NORMAL,8,0,81,False,1,DIM,FOG,8,54,True,True,0,SAFE,SAFE,SAFE,10,0,100,False,1,0,0,12,100,54,False,True,True,False,True,False
37.67,39.33,3198,3,12,1,12.0,90.0,13564.6,90.0,19.64,False,3.66,4.0,0,0,0,False,False,0,WET,NORMAL,8,0,81,False,1,DIM,FOG,8,54,True,True,0,SAFE,SAFE,SAFE,10,0,100,False,1,0,0,12,100,54,False,True,True,False,True,False
37.7,39.19,3186,3,12,1,12.0,90.0,13581.7,90.0,19.5,False,3.62,4.0,0,10,0,False,False,0,WET,NORMAL,8,0,81,False,1,DIM,FOG,8,54,True,True,0,SAFE,SAFE,SAFE,10,0,100,False,1,8,0,12,100,54,False,True,True,False,True,False
37.73,39.09,3178,3,12,1,12.0,90.0,13596.3,90.0,19.36,False,3.59,4.0,0,0,0,False,False,0,WET,NORMAL,8,0,81,False,1,DIM,FOG,8,54,True,True,0,SAFE,SAFE,SAFE,10,0,100,False,1,0,0,12,100,54,False,True,True,False,True,False
37.77,38.95,3167,3,12,1,12.0,90.0,13538.7,90.0,19.22,False,3.56,4.0,0,0,0,False,False,0,WET,NORMAL,8,0,81,False,1,DIM,FOG,8,54,True,True,0,SAFE,SAFE,SAFE,10,0,100,False,1,0,0,12,100,54,False,True,True,False,True,False
37.8,38.8,3154,3,12,1,12.0,90.0,13568.3,90.0,19.08,False,3.51,4.01,0,10,0,False,False,0,WET,NORMAL,8,0,81,False,1,DIM,FOG,8,54,True,True,0,SAFE,SAFE,SAFE,10,0,100,False,1,8,0,12,100,54,False,True,True,False,True,False
37.83,38.69,3145,3,12,1,12.0,90.0,13601.9,90.0,18.95,False,3.48,4.0,0,10,0,False,False,0,WET,NORMAL,8,0,81,False,1,DIM,FOG,8,54,True,True,0,SAFE,SAFE,SAFE,10,0,100,False,1,8,0,12,100,54,False,True,True,False,True,False
37.87,38.6,3138,3,12,1,12.0,90.0,13584.3,90.0,18.81,False,3.46,3.99,0,0,0,False,False,0,WET,NORMAL,8,0,81,False,1,DIM,FOG,8,54,True,True,0,SAFE,SAFE,SAFE,10,0,100,False,1,0,0,12,100,54,False,True,True,False,True,False
37.9,38.49,3129,3,12,1,12.0,90.0,13649.0,90.0,18.68,False,3.43,3.99,0,0,0,False,False,0,WET,NORMAL,8,0,81,False,1,DIM,FOG,8,54,True,True,0,SAFE,SAFE,SAFE,10,0,100,False,1,0,0,12,100,54,False,True,True,False,True,False
37.93,38.35,3118,3,12,1,12.0,90.0,13465.7,90.0,18.55,False,3.39,3.99,0,0,0,False,False,0,WET,NORMAL,8,0,81,False,1,DIM,FOG,8,54,True,True,0,SAFE,SAFE,SAFE,10,0,100,False,1,0,0,12,100,54,False,True,True,False,True,False
37.97,38.21,3106,3,12,1,12.0,90.0,13540.1,90.0,18.42,False,3.35,4.0,0,10,0,False,False,0,WET,NORMAL,8,0,81,False,1,DIM,FOG,8,54,True,True,0,SAFE,SAFE,SAFE,10,0,100,False,1,8,0,12,100,54,False,True,True,False,True,False
38.0,38.11,3098,3,12,1,12.0,90.0,13163.5,90.0,18.29,False,3.32,4.0,0,0,0,False,False,0,WET,NORMAL,8,0,81,False,1,DIM,FOG,8,54,True,True,0,SAFE,SAFE,SAFE,10,0,100,False,1,0,0,12,100,54,False,True,True,False,True,False
38.03,37.97,3087,3,12,1,12.0,90.0,13187.8,90.0,18.16,False,3.29,4.0,0,10,0,False,False,0,WET,NORMAL,8,0,81,False,1,DIM,FOG,8,54,True,True,0,SAFE,SAFE,SAFE,10,0,100,False,1,8,0,12,100,54,False,True,True,False,True,False
38.07,37.87,3079,3,12,1,12.0,90.0,13131.8,90.0,18.03,False,3.26,4.0,0,0,0,False,False,0,WET,NORMAL,8,0,81,False,1,DIM,FOG,8,54,True,True,0,SAFE,SAFE,SAFE,10,0,100,False,1,0,0,12,100,54,False,True,True,False,True,False
38.1,37.74,3068,3,12,1,12.0,90.0,13212.1,90.0,17.91,False,3.22,4.0,0,10,0,False,False,0,WET,NORMAL,8,0,81,False,1,DIM,FOG,8,54,True,True,0,SAFE,SAFE,SAFE,10,0,100,False,1,8,0,12,100,54,False,True,True,False,True,False
38.13,37.63,3059,3,12,1,12.0,90.0,13173.1,90.0,17.78,False,3.2,4.0,0,10,0,False,False,0,WET,NORMAL,8,0,81,False,1,DIM,FOG,8,54,True,True,0,SAFE,SAFE,SAFE,10,0,100,False,1,8,0,12,100,54,False,True,True,False,True,False
38.17,37.55,3053,3,12,1,12.0,90.0,13170.8,90.0,17.66,False,3.17,3.99,0,0,0,False,False,0,WET,NORMAL,8,0,81,False,1,DIM,FOG,8,54,True,True,0,SAFE,SAFE,SAFE,10,0,100,False,1,0,0,12,100,54,False,True,True,False,True,False
38.2,37.45,3044,3,12,1,12.0,90.0,13089.9,90.0,17.69,False,3.14,4.04,0,10,0,False,False,0,WET,NORMAL,8,0,81,False,1,DIM,FOG,8,54,True,True,0,SAFE,SAFE,SAFE,10,0,100,False,1,8,0,12,100,54,False,True,True,False,True,False
38.23,37.37,3038,3,12,1,12.0,90.0,13246.7,90.0,17.63,False,3.12,4.05,0,10,0,False,False,0,WET,NORMAL,8,0,81,False,1,DIM,FOG,8,54,True,True,0,SAFE,SAFE,SAFE,10,0,100,False,1,8,0,12,100,54,False,True,True,False,True,False
38.27,37.32,3034,3,12,1,12.0,90.0,13261.1,90.0,17.63,False,3.1,4.07,0,10,0,False,False,0,WET,NORMAL,8,0,81,False,1,DIM,FOG,8,54,True,True,0,SAFE,SAFE,SAFE,10,0,100,False,1,8,0,12,100,54,False,True,True,False,True,False
38.3,37.29,3031,3,12,1,12.0,90.0,13114.7,90.0,17.67,False,3.09,4.1,0,10,0,False,False,0,WET,NORMAL,8,0,81,False,1,DIM,FOG,8,54,True,True,0,SAFE,SAFE,SAFE,10,0,100,False,1,8,0,12,100,54,False,True,True,False,True,False
38.33,37.3,3032,3,12,1,12.0,90.0,13229.4,90.0,17.55,False,3.1,4.05,0,10,0,False,False,0,WET,NORMAL,8,0,81,False,1,DIM,FOG,8,54,True,True,0,SAFE,SAFE,SAFE,10,0,100,False,1,8,0,12,100,54,False,True,True,False,True,False
38.37,37.34,3036,3,12,1,12.0,90.0,13159.3,90.0,17.43,False,3.11,4.0,0,0,0,False,False,0,WET,NORMAL,8,0,81,False,1,DIM,FOG,8,54,True,True,0,SAFE,SAFE,SAFE,10,0,100,False,1,0,0,12,100,54,False,True,True,False,True,False
38.4,37.36,3037,3,12,1,12.0,90.0,13089.6,90.0,17.31,False,3.11,3.95,0,0,0,False,False,0,WET,NORMAL,8,0,81,False,1,DIM,FOG,8,54,True,True,0,SAFE,SAFE,SAFE,10,0,100,False,1,0,0,12,100,54,False,True,True,False,True,False
38.43,37.35,3037,3,12,1,12.0,90.0,13113.8,90.0,17.19,False,3.11,3.92,0,0,0,False,False,0,WET,NORMAL,8,0,81,False,1,DIM,FOG,8,54,True,True,0,SAFE,SAFE,SAFE,10,0,100,False,1,0,0,12,100,54,False,True,True,False,True,False
38.47,37.3,3033,3,12,1,12.0,90.0,13121.0,90.0,17.07,False,3.1,3.9,0,0,0,False,False,0,WET,NORMAL,8,0,81,False,1,DIM,FOG,8,54,True,True,0,SAFE,SAFE,SAFE,10,0,100,False,1,0,0,12,100,54,False,True,True,False,True,False
38.5,37.22,3026,3,12,1,12.0,90.0,13177.4,90.0,16.95,False,3.07,3.89,0,0,0,False,False,0,WET,NORMAL,8,0,81,False,1,DIM,FOG,8,54,True,True,0,SAFE,SAFE,SAFE,10,0,100,False,1,0,0,12,100,54,False,True,True,False,True,False
38.53,37.1,3016,3,12,1,12.0,90.0,13202.0,90.0,16.83,False,3.04,3.89,0,0,0,False,False,0,WET,NORMAL,8,0,81,False,1,DIM,FOG,8,54,True,True,0,SAFE,SAFE,SAFE,10,0,100,False,1,0,0,12,100,54,False,True,True,False,True,False
38.57,36.97,3006,3,12,1,12.0,90.0,13148.6,90.0,16.71,False,3.01,3.89,0,0,0,False,False,0,WET,NORMAL,8,0,81,False,1,DIM,FOG,8,54,True,True,0,SAFE,SAFE,SAFE,10,0,100,False,1,0,0,12,100,54,False,True,True,False,True,False
38.6,36.83,2994,3,12,1,12.0,90.0,13073.1,90.0,16.59,False,2.97,3.9,0,0,0,False,False,0,WET,NORMAL,8,0,81,False,1,DIM,FOG,8,54,True,True,0,SAFE,SAFE,SAFE,10,0,100,False,1,0,0,12,100,54,False,True,True,False,True,False
38.63,36.68,2982,3,12,1,12.0,90.0,13168.7,90.0,16.47,False,2.93,3.92,0,0,0,False,False,0,WET,NORMAL,8,0,81,False,1,DIM,FOG,8,54,True,True,0,SAFE,SAFE,SAFE,10,0,100,False,1,0,0,12,100,54,False,True,True,False,True,False
38.67,36.52,2969,3,12,1,12.0,90.0,13130.2,90.0,16.36,False,2.88,3.94,0,0,0,False,False,0,WET,NORMAL,8,0,81,False,1,DIM,FOG,8,54,True,True,0,SAFE,SAFE,SAFE,10,0,100,False,1,0,0,12,100,54,False,True,True,False,True,False
38.7,36.36,2956,3,12,1,12.0,90.0,13216.1,90.0,16.25,False,2.84,3.96,0,0,0,False,False,0,WET,NORMAL,8,0,81,False,1,DIM,FOG,8,54,True,True,0,SAFE,SAFE,SAFE,10,0,100,False,1,0,0,12,100,54,False,True,True,False,True,False
38.73,36.2,2943,3,12,1,12.0,90.0,13212.2,90.0,16.13,False,2.79,3.99,0,0,0,False,False,0,WET,NORMAL,8,0,81,False,1,DIM,FOG,8,54,True,True,0,SAFE,SAFE,SAFE,10,0,100,False,1,0,0,12,100,54,False,True,True,False,True,False
38.77,36.03,2929,3,12,1,12.0,90.0,13177.3,90.0,16.02,False,2.75,4.01,0,10,0,False,False,0,WET,NORMAL,8,0,81,False,1,DIM,FOG,8,54,True,True,0,SAFE,SAFE,SAFE,10,0,100,False,1,8,0,12,100,54,False,True,True,False,True,False
38.8,35.92,2920,3,12,1,12.0,90.0,13253.2,90.0,15.92,False,2.72,4.02,0,10,0,False,False,0,WET,NORMAL,8,0,81,False,1,DIM,FOG,8,54,True,True,0,SAFE,SAFE,SAFE,10,0,100,False,1,8,0,12,100,54,False,True,True,False,True,False
38.83,35.83,2913,3,12,1,12.0,90.0,13229.1,90.0,15.83,False,2.69,4.02,0,10,0,False,False,0,WET,NORMAL,8,0,81,False,1,DIM,FOG,8,54,True,True,0,SAFE,SAFE,SAFE,10,0,100,False,1,8,0,12,100,54,False,True,True,False,True,False
38.87,35.78,2909,3,12,1,12.0,90.0,13225.3,90.0,16.05,False,2.68,4.12,0,10,0,False,False,0,WET,NORMAL,8,0,81,False,1,DIM,FOG,8,54,True,True,0,SAFE,SAFE,SAFE,10,0,100,False,1,8,0,12,100,54,False,True,True,False,True,False
38.9,35.76,2907,3,12,1,12.0,90.0,13201.5,90.0,15.94,False,2.67,4.09,0,10,0,False,False,0,WET,NORMAL,8,0,81,False,1,DIM,FOG,8,54,True,True,0,SAFE,SAFE,SAFE,10,0,100,False,1,8,0,12,100,54,False,True,True,False,True,False
38.93,35.79,2909,3,12,1,12.0,90.0,13202.0,90.0,15.83,False,2.68,4.04,0,10,0,False,False,0,WET,NORMAL,8,0,81,False,1,DIM,FOG,8,54,True,True,0,SAFE,SAFE,SAFE,10,0,100,False,1,8,0,12,100,54,False,True,True,False,True,False
38.97,35.85,2914,3,12,1,12.0,90.0,13089.3,90.0,15.73,False,2.7,3.98,0,0,0,False,False,0,WET,NORMAL,8,0,81,False,1,DIM,FOG,8,54,True,True,0,SAFE,SAFE,SAFE,10,0,100,False,1,0,0,12,100,54,False,True,True,False,True,False
39.0,35.88,2917,3,12,1,12.0,90.0,12802.7,90.0,15.62,False,2.7,3.93,0,0,0,False,False,0,WET,NORMAL,8,0,81,False,1,DIM,FOG,8,54,True,True,0,SAFE,SAFE,SAFE,10,0,100,False,1,0,0,12,100,54,False,True,True,False,True,False
39.03,35.88,2917,3,12,1,12.0,90.0,12701.4,90.0,15.51,False,2.7,3.89,0,0,0,False,False,0,WET,NORMAL,8,0,81,False,1,DIM,FOG,8,54,True,True,0,SAFE,SAFE,SAFE,10,0,100,False,1,0,0,12,100,54,False,True,True,False,True,False
39.07,35.83,2913,3,12,1,12.0,90.0,12778.7,90.0,15.41,False,2.69,3.87,0,0,0,False,False,0,WET,NORMAL,8,0,81,False,1,DIM,FOG,8,54,True,True,0,SAFE,SAFE,SAFE,10,0,100,False,1,0,0,12,100,54,False,True,True,False,True,False
39.1,35.75,2907,3,12,1,12.0,90.0,12679.4,90.0,15.3,False,2.67,3.86,0,0,0,False,False,0,WET,NORMAL,8,0,81,False,1,DIM,FOG,8,54,True,True,0,SAFE,SAFE,SAFE,10,0,100,False,1,0,0,12,100,54,False,True,True,False,True,False
39.13,35.65,2898,3,12,1,12.0,90.0,12756.4,90.0,15.19,False,2.64,3.87,0,0,0,False,False,0,WET,NORMAL,8,0,81,False,1,DIM,FOG,8,54,True,True,0,SAFE,SAFE,SAFE,10,0,100,False,1,0,0,12,100,54,False,True,True,False,True,False
39.17,35.52,2888,3,12,1,12.0,90.0,12822.8,90.0,15.09,False,2.6,3.88,0,0,0,False,False,0,WET,NORMAL,8,0,81,False,1,DIM,FOG,8,54,True,True,0,SAFE,SAFE,SAFE,10,0,100,False,1,0,0,12,100,54,False,True,True,False,True,False
39.2,35.38,2876,3,12,1,12.0,90.0,12810.1,90.0,14.99,False,2.56,3.89,0,0,0,False,False,0,WET,NORMAL,8,0,81,False,1,DIM,FOG,8,54,True,True,0,SAFE,SAFE,SAFE,10,0,100,False,1,0,0,12,100,54,False,True,True,False,True,False
39.23,35.24,2865,3,12,1,12.0,90.0,12676.0,90.0,14.88,False,2.52,3.92,0,0,0,False,False,0,WET,NORMAL,8,0,81,False,1,DIM,FOG,8,54,True,True,0,SAFE,SAFE,SAFE,10,0,100,False,1,0,0,12,100,54,False,True,True,False,True,False
39.27,35.08,2852,3,12,1,12.0,90.0,12704.2,90.0,14.78,False,2.48,3.94,0,0,0,False,False,0,WET,NORMAL,8,0,81,False,1,DIM,FOG,8,54,True,True,0,SAFE,SAFE,SAFE,10,0,100,False,1,0,0,12,100,54,False,True,True,False,True,False
39.3,34.93,2840,3,12,1,12.0,90.0,12654.3,90.0,14.68,False,2.44,3.97,0,0,0,False,False,0,WET,NORMAL,8,0,81,False,1,DIM,FOG,8,54,True,True,0,SAFE,SAFE,SAFE,10,0,100,False,1,0,0,12,100,54,False,True,True,False,True,False
39.33,34.77,2827,3,12,1,12.0,90.0,12670.8,90.0,14.59,False,2.4,4.0,0,10,0,False,False,0,WET,NORMAL,8,0,81,False,1,DIM,FOG,8,54,True,True,0,SAFE,SAFE,SAFE,10,0,100,False,1,8,0,12,100,54,False,True,True,False,True,False
39.37,34.66,2818,3,12,1,12.0,90.0,12827.3,90.0,14.65,False,2.37,4.08,0,10,0,False,False,0,WET,NORMAL,8,0,81,False,1,DIM,FOG,8,54,True,True,0,SAFE,SAFE,SAFE,10,0,100,False,1,8,0,12,100,54,False,True,True,False,True,False
39.4,34.58,2811,3,12,1,12.0,90.0,12794.6,90.0,14.56,False,2.34,4.08,0,10,0,False,False,0,WET,NORMAL,8,0,81,False,1,DIM,FOG,8,54,True,True,0,SAFE,SAFE,SAFE,10,0,100,False,1,8,0,12,100,54,False,True,True,False,True,False
39.43,34.53,2807,3,12,1,12.0,90.0,12673.3,90.0,14.46,False,2.33,4.06,0,10,0,False,False,0,WET,NORMAL,8,0,81,False,1,DIM,FOG,8,54,True,True,0,SAFE,SAFE,SAFE,10,0,100,False,1,8,0,12,100,54,False,True,True,False,True,False
39.47,34.51,2806,3,12,1,12.0,90.0,12711.9,90.0,14.37,False,2.33,4.03,0,10,0,False,False,0,WET,NORMAL,8,0,81,False,1,DIM,FOG,8,54,True,True,0,SAFE,SAFE,SAFE,10,0,100,False,1,8,0,12,100,54,False,True,True,False,True,False
39.5,34.54,2808,3,12,1,12.0,90.0,12701.6,90.0,14.52,False,2.33,4.08,0,10,0,False,False,0,WET,NORMAL,8,0,81,False,1,DIM,FOG,8,54,True,True,0,SAFE,SAFE,SAFE,10,0,100,False,1,8,0,12,100,54,False,True,True,False,True,False
39.53,34.6,2813,3,12,1,12.0,90.0,12773.9,90.0,14.52,False,2.35,4.05,0,10,0,False,False,0,WET,NORMAL,8,0,81,False,1,DIM,FOG,8,54,True,True,0,SAFE,SAFE,SAFE,10,0,100,False,1,8,0,12,100,54,False,True,True,False,True,False
39.57,34.68,2820,3,12,1,12.0,90.0,12659.1,90.0,14.43,False,2.37,3.97,0,0,0,False,False,0,WET,NORMAL,8,0,81,False,1,DIM,FOG,8,54,True,True,0,SAFE,SAFE,SAFE,10,0,100,False,1,0,0,12,100,54,False,True,True,False,True,False
39.6,34.74,2824,3,12,1,12.0,90.0,12714.3,90.0,14.33,False,2.39,3.9,0,0,0,False,False,0,WET,NORMAL,8,0,81,False,1,DIM,FOG,8,54,True,True,0,SAFE,SAFE,SAFE,10,0,100,False,1,0,0,12,100,54,False,True,True,False,True,False
39.63,34.75,2825,3,12,1,12.0,90.0,12770.0,90.0,14.24,False,2.39,3.86,0,0,0,False,False,0,WET,NORMAL,8,0,81,False,1,DIM,FOG,8,54,True,True,0,SAFE,SAFE,SAFE,10,0,100,False,1,0,0,12,100,54,False,True,True,False,True,False
39.67,34.72,2822,3,12,1,12.0,90.0,12732.2,90.0,14.14,False,2.38,3.83,0,0,0,False,False,0,WET,NORMAL,8,0,81,False,1,DIM,FOG,8,54,True,True,0,SAFE,SAFE,SAFE,10,0,100,False,1,0,0,12,100,54,False,True,True,False,True,False
39.7,34.64,2816,3,12,1,12.0,90.0,12656.3,90.0,14.04,False,2.36,3.83,0,0,0,False,False,0,WET,NORMAL,8,0,81,False,1,DIM,FOG,8,54,True,True,0,SAFE,SAFE,SAFE,10,0,100,False,1,0,0,12,100,54,False,True,True,False,True,False
39.73,34.54,2808,3,12,1,12.0,90.0,12716.1,90.0,13.95,False,2.33,3.83,0,0,0,False,False,0,WET,NORMAL,8,0,81,False,1,DIM,FOG,8,54,True,True,0,SAFE,SAFE,SAFE,10,0,100,False,1,0,0,12,100,54,False,True,True,False,True,False
39.77,34.42,2799,3,12,1,12.0,90.0,12675.2,90.0,13.85,False,2.3,3.85,0,0,0,False,False,0,WET,NORMAL,8,0,81,False,1,DIM,FOG,8,54,True,True,0,SAFE,SAFE,SAFE,10,0,100,False,1,0,0,12,100,54,False,True,True,False,True,False
39.8,34.29,2788,3,12,1,12.0,90.0,12840.5,90.0,13.76,False,2.26,3.87,0,0,0,False,False,0,WET,NORMAL,8,0,81,False,1,DIM,FOG,8,54,True,True,0,SAFE,SAFE,SAFE,10,0,100,False,1,0,0,12,100,54,False,True,True,False,True,False
39.83,34.15,2776,3,12,1,12.0,90.0,12715.6,90.0,13.67,False,2.22,3.9,0,0,0,False,False,0,WET,NORMAL,8,0,81,False,1,DIM,FOG,8,54,True,True,0,SAFE,SAFE,SAFE,10,0,100,False,1,0,0,12,100,54,False,True,True,False,True,False
39.87,34.0,2764,3,12,1,12.0,90.0,12811.7,90.0,13.58,False,2.18,3.94,0,0,0,False,False,0,WET,NORMAL,8,0,81,False,1,DIM,FOG,8,54,True,True,0,SAFE,SAFE,SAFE,10,0,100,False,1,0,0,12,100,54,False,True,True,False,True,False
39.9,33.85,2752,3,12,1,12.0,90.0,12670.7,90.0,13.49,False,2.14,3.97,0,0,0,False,False,0,WET,NORMAL,8,0,81,False,1,DIM,FOG,8,54,True,True,0,SAFE,SAFE,SAFE,10,0,100,False,1,0,0,12,100,54,False,True,True,False,True,False
39.93,33.69,2739,3,12,1,12.0,90.0,12696.1,90.0,13.41,False,2.1,4.01,0,10,0,False,False,0,WET,NORMAL,8,0,81,False,1,DIM,FOG,8,54,True,True,0,SAFE,SAFE,SAFE,10,0,100,False,1,8,0,12,100,54,False,True,True,False,True,False
39.97,33.59,2731,3,12,1,12.0,90.0,12646.4,90.0,13.32,False,2.07,4.03,0,10,0,False,False,0,WET,NORMAL,8,0,81,False,1,DIM,FOG,8,54,True,True,0,SAFE,SAFE,SAFE,10,0,100,False,1,8,0,12,100,54,False,True,True,False,True,False
40.0,33.51,2724,3,12,1,12.0,90.0,12209.6,90.0,999.0,True,2.07,20.0,0,10,0,False,False,0,WET,NORMAL,8,0,81,False,1,DIM,FOG,8,54,True,True,0,SAFE,SAFE,SAFE,10,0,100,False,1,8,0,12,100,54,False,True,True,False,True,False
40.03,33.46,2720,3,12,1,12.0,90.0,12261.1,90.0,999.0,True,2.07,20.0,0,10,0,False,False,0,WET,NORMAL,8,0,81,False,1,DIM,FOG,8,54,True,True,0,SAFE,SAFE,SAFE,10,0,100,False,1,8,0,12,100,54,False,True,True,False,True,False
40.07,33.45,2719,3,12,1,12.0,90.0,12294.7,90.0,999.0,True,2.07,20.0,0,10,0,False,False,0,WET,NORMAL,8,0,81,False,1,DIM,FOG,8,54,True,True,0,SAFE,SAFE,SAFE,10,0,100,False,1,8,0,12,100,54,False,True,True,False,True,False
40.1,33.48,2721,3,12,1,12.0,90.0,12333.5,90.0,999.0,True,2.07,20.0,0,10,0,False,False,0,WET,NORMAL,8,0,81,False,1,DIM,FOG,8,54,True,True,0,SAFE,SAFE,SAFE,10,0,100,False,1,8,0,12,100,54,False,True,True,False,True,False
40.13,33.54,2726,3,12,1,12.0,90.0,12208.4,90.0,999.0,True,2.07,20.0,0,10,0,False,False,0,WET,NORMAL,8,0,81,False,1,DIM,FOG,8,54,True,True,0,SAFE,SAFE,SAFE,10,0,100,False,1,8,0,12,100,54,False,True,True,False,True,False
40.17,33.62,2733,3,12,1,12.0,90.0,12208.1,90.0,999.0,True,2.07,20.0,0,10,0,False,False,0,WET,NORMAL,8,0,81,False,1,DIM,FOG,8,54,True,True,0,SAFE,SAFE,SAFE,10,0,100,False,1,8,0,12,100,54,False,True,True,False,True,False
40.2,33.73,2742,3,12,1,12.0,90.0,12211.6,90.0,999.0,True,2.07,20.0,0,10,0,False,False,0,WET,NORMAL,8,0,81,False,1,DIM,FOG,8,54,True,True,0,SAFE,SAFE,SAFE,10,0,100,False,1,8,0,12,100,54,False,True,True,False,True,False
40.23,33.84,2751,3,12,1,12.0,90.0,12218.4,90.0,999.0,True,2.07,20.0,0,10,0,False,False,0,WET,NORMAL,8,0,81,False,1,DIM,FOG,8,54,True,True,0,SAFE,SAFE,SAFE,10,0,100,False,1,8,0,12,100,54,False,True,True,False,True,False
40.27,33.96,2761,3,12,1,12.0,90.0,12246.9,90.0,999.0,True,2.07,20.0,0,10,0,False,False,0,WET,NORMAL,8,0,81,False,1,DIM,FOG,8,54,True,True,0,SAFE,SAFE,SAFE,10,0,100,False,1,8,0,12,100,54,False,True,True,False,True,False
40.3,34.09,2772,3,12,1,12.0,90.0,12229.5,90.0,999.0,True,2.07,20.0,0,10,0,False,False,0,WET,NORMAL,8,0,81,False,1,DIM,FOG,8,54,True,True,0,SAFE,SAFE,SAFE,10,0,100,False,1,8,0,12,100,54,False,True,True,False,True,False
40.33,34.22,2782,3,12,1,12.0,90.0,12216.9,90.0,999.0,True,2.07,20.0,0,10,0,False,False,0,WET,NORMAL,8,0,81,False,1,DIM,FOG,8,54,True,True,0,SAFE,SAFE,SAFE,10,0,100,False,1,8,0,12,100,54,False,True,True,False,True,False
40.37,34.36,2793,3,12,1,12.0,90.0,12181.2,90.0,999.0,True,2.07,20.0,0,10,0,False,False,0,WET,NORMAL,8,0,81,False,1,DIM,FOG,8,54,True,True,0,SAFE,SAFE,SAFE,10,0,100,False,1,8,0,12,100,54,False,True,True,False,True,False
40.4,34.5,2805,3,12,1,12.0,90.0,12241.7,90.0,999.0,True,2.07,20.0,0,10,0,False,False,0,WET,NORMAL,8,0,81,False,1,DIM,FOG,8,54,True,True,0,SAFE,SAFE,SAFE,10,0,100,False,1,8,0,12,100,54,False,True,True,False,True,False
40.43,34.64,2816,3,12,1,12.0,90.0,12259.1,90.0,999.0,True,2.07,20.0,0,10,0,False,False,0,WET,NORMAL,8,0,81,False,1,DIM,FOG,8,54,True,True,0,SAFE,SAFE,SAFE,10,0,100,False,1,8,0,12,100,54,False,True,True,False,True,False
40.47,34.78,2828,3,12,1,12.0,90.0,12340.7,90.0,999.0,True,2.07,20.0,0,10,0,False,False,0,WET,NORMAL,8,0,81,False,1,DIM,FOG,8,54,True,True,0,SAFE,SAFE,SAFE,10,0,100,False,1,8,0,12,100,54,False,True,True,False,True,False
40.5,34.93,2840,3,12,1,12.0,90.0,12168.1,90.0,999.0,True,2.07,20.0,0,10,0,False,False,0,WET,NORMAL,8,0,81,False,1,DIM,FOG,8,54,True,True,0,SAFE,SAFE,SAFE,10,0,100,False,1,8,0,12,100,54,False,True,True,False,True,False
40.53,35.07,2851,3,12,1,12.0,90.0,12322.7,90.0,999.0,True,2.07,20.0,0,10,0,False,False,0,WET,NORMAL,8,0,81,False,1,DIM,FOG,8,54,True,True,0,SAFE,SAFE,SAFE,10,0,100,False,1,8,0,12,100,54,False,True,True,False,True,False
40.57,35.22,2863,3,12,1,12.0,90.0,12242.9,90.0,999.0,True,2.07,20.0,0,10,0,False,False,0,WET,NORMAL,8,0,81,False,1,DIM,FOG,8,54,True,True,0,SAFE,SAFE,SAFE,10,0,100,False,1,8,0,12,100,54,False,True,True,False,True,False
40.6,35.37,2875,3,12,1,12.0,90.0,12204.2,90.0,999.0,True,2.07,20.0,0,10,0,False,False,0,WET,NORMAL,8,0,81,False,1,DIM,FOG,8,54,True,True,0,SAFE,SAFE,SAFE,10,0,100,False,1,8,0,12,100,54,False,True,True,False,True,False
40.63,35.52,2888,3,12,1,12.0,90.0,12269.4,90.0,999.0,True,2.07,20.0,0,10,0,False,False,0,WET,NORMAL,8,0,81,False,1,DIM,FOG,8,54,True,True,0,SAFE,SAFE,SAFE,10,0,100,False,1,8,0,12,100,54,False,True,True,False,True,False
40.67,35.67,2900,3,12,1,12.0,90.0,12216.6,90.0,999.0,True,2.07,20.0,0,10,0,False,False,0,WET,NORMAL,8,0,81,False,1,DIM,FOG,8,54,True,True,0,SAFE,SAFE,SAFE,10,0,100,False,1,8,0,12,100,54,False,True,True,False,True,False
40.7,35.82,2912,3,12,1,12.0,90.0,12365.1,90.0,999.0,True,2.07,20.0,0,10,0,False,False,0,WET,NORMAL,8,0,81,False,1,DIM,FOG,8,54,True,True,0,SAFE,SAFE,SAFE,10,0,100,False,1,8,0,12,100,54,False,True,True,False,True,False
40.73,35.97,2924,3,12,1,12.0,90.0,12228.2,90.0,999.0,True,2.07,20.0,0,10,0,False,False,0,WET,NORMAL,8,0,81,False,1,DIM,FOG,8,54,True,True,0,SAFE,SAFE,SAFE,10,0,100,False,1,8,0,12,100,54,False,True,True,False,True,False
40.77,36.12,2936,3,12,1,12.0,90.0,12212.0,90.0,999.0,True,2.07,20.0,0,10,0,False,False,0,WET,NORMAL,8,0,81,False,1,DIM,FOG,8,54,True,True,0,SAFE,SAFE,SAFE,10,0,100,False,1,8,0,12,100,54,False,True,True,False,True,False
40.8,36.27,2949,3,12,1,12.0,90.0,12272.6,90.0,999.0,True,2.07,20.0,0,10,0,False,False,0,WET,NORMAL,8,0,81,False,1,DIM,FOG,8,54,True,True,0,SAFE,SAFE,SAFE,10,0,100,False,1,8,0,12,100,54,False,True,True,False,True,False
40.83,36.43,2961,3,12,1,12.0,90.0,12186.3,90.0,999.0,True,2.07,20.0,0,10,0,False,False,0,WET,NORMAL,8,0,81,False,1,DIM,FOG,8,54,True,True,0,SAFE,SAFE,SAFE,10,0,100,False,1,8,0,12,100,54,False,True,True,False,True,False
40.87,36.58,2974,3,12,1,12.0,90.0,12181.0,90.0,999.0,True,2.07,20.0,0,10,0,False,False,0,WET,NORMAL,8,0,81,False,1,DIM,FOG,8,54,True,True,0,SAFE,SAFE,SAFE,10,0,100,False,1,8,0,12,100,54,False,True,True,False,True,False
40.9,36.73,2986,3,12,1,12.0,90.0,12254.8,90.0,999.0,True,2.07,20.0,0,10,0,False,False,0,WET,NORMAL,8,0,81,False,1,DIM,FOG,8,54,True,True,0,SAFE,SAFE,SAFE,10,0,100,False,1,8,0,12,100,54,False,True,True,False,True,False
40.93,36.89,2999,3,12,1,12.0,90.0,12282.2,90.0,999.0,True,2.07,20.0,0,10,0,False,False,0,WET,NORMAL,8,0,81,False,1,DIM,FOG,8,54,True,True,0,SAFE,SAFE,SAFE,10,0,100,False,1,8,0,12,100,54,False,True,True,False,True,False
40.97,37.04,3011,3,12,1,12.0,90.0,12300.8,90.0,999.0,True,2.07,20.0,0,10,0,False,False,0,WET,NORMAL,8,0,81,False,1,DIM,FOG,8,54,True,True,0,SAFE,SAFE,SAFE,10,0,100,False,1,8,0,12,100,54,False,True,True,False,True,False
41.0,37.2,3024,3,12,1,12.0,90.0,11643.5,90.0,999.0,True,2.07,20.0,0,10,0,False,False,0,WET,NORMAL,8,0,81,False,1,DIM,FOG,8,54,True,True,0,SAFE,SAFE,SAFE,10,0,100,False,1,8,0,12,100,54,False,True,True,False,True,False
41.03,37.35,3037,3,12,1,12.0,90.0,11617.9,90.0,999.0,True,2.07,20.0,0,10,0,False,False,0,WET,NORMAL,8,0,81,False,1,DIM,FOG,8,54,True,True,0,SAFE,SAFE,SAFE,10,0,100,False,1,8,0,12,100,54,False,True,True,False,True,False
41.07,37.51,3050,3,12,1,12.0,90.0,11646.4,90.0,999.0,True,2.07,20.0,0,10,0,False,False,0,WET,NORMAL,8,0,81,False,1,DIM,FOG,8,54,True,True,0,SAFE,SAFE,SAFE,10,0,100,False,1,8,0,12,100,54,False,True,True,False,True,False
41.1,37.67,3062,3,12,1,12.0,90.0,11644.4,90.0,999.0,True,2.07,20.0,0,10,0,False,False,0,WET,NORMAL,8,0,81,False,1,DIM,FOG,8,54,True,True,0,SAFE,SAFE,SAFE,10,0,100,False,1,8,0,12,100,54,False,True,True,False,True,False
41.13,37.83,3075,3,12,1,12.0,90.0,11675.2,90.0,999.0,True,2.07,20.0,0,10,0,False,False,0,WET,NORMAL,8,0,81,False,1,DIM,FOG,8,54,True,True,0,SAFE,SAFE,SAFE,10,0,100,False,1,8,0,12,100,54,False,True,True,False,True,False
41.17,37.99,3088,3,12,1,12.0,90.0,11639.1,90.0,999.0,True,2.07,20.0,0,10,0,False,False,0,WET,NORMAL,8,0,81,False,1,DIM,FOG,8,54,True,True,0,SAFE,SAFE,SAFE,10,0,100,False,1,8,0,12,100,54,False,True,True,False,True,False
41.2,38.15,3101,3,12,1,12.0,90.0,11687.5,90.0,999.0,True,2.07,20.0,0,10,0,False,False,0,WET,NORMAL,8,0,81,False,1,DIM,FOG,8,54,True,True,0,SAFE,SAFE,SAFE,10,0,100,False,1,8,0,12,100,54,False,True,True,False,True,False
41.23,38.31,3114,3,12,1,12.0,90.0,11617.0,90.0,999.0,True,2.07,20.0,0,10,0,False,False,0,WET,NORMAL,8,0,81,False,1,DIM,FOG,8,54,True,True,0,SAFE,SAFE,SAFE,10,0,100,False,1,8,0,12,100,54,False,True,True,False,True,False
41.27,38.47,3127,3,12,1,12.0,90.0,11544.0,90.0,999.0,True,2.07,20.0,0,10,0,False,False,0,WET,NORMAL,8,0,81,False,1,DIM,FOG,8,54,True,True,0,SAFE,SAFE,SAFE,10,0,100,False,1,8,0,12,100,54,False,True,True,False,True,False
41.3,38.63,3140,3,12,1,12.0,90.0,11671.6,90.0,999.0,True,2.07,20.0,0,10,0,False,False,0,WET,NORMAL,8,0,81,False,1,DIM,FOG,8,54,True,True,0,SAFE,SAFE,SAFE,10,0,100,False,1,8,0,12,100,54,False,True,True,False,True,False
41.33,38.79,3153,3,12,1,12.0,90.0,11671.6,90.0,999.0,True,2.07,20.0,0,10,0,False,False,0,WET,NORMAL,8,0,81,False,1,DIM,FOG,8,54,True,True,0,SAFE,SAFE,SAFE,10,0,100,False,1,8,0,12,100,54,False,True,True,False,True,False
41.37,38.95,3166,3,12,1,12.0,90.0,11589.4,90.0,999.0,True,2.07,20.0,0,10,0,False,False,0,WET,NORMAL,8,0,81,False,1,DIM,FOG,8,54,True,True,0,SAFE,SAFE,SAFE,10,0,100,False,1,8,0,12,100,54,False,True,True,False,True,False
41.4,39.11,3180,3,12,1,12.0,90.0,11558.2,90.0,999.0,True,2.07,20.0,0,10,0,False,False,0,WET,NORMAL,8,0,81,False,1,DIM,FOG,8,54,True,True,0,SAFE,SAFE,SAFE,10,0,100,False,1,8,0,12,100,54,False,True,True,False,True,False
41.43,39.27,3193,3,12,1,12.0,90.0,11624.8,90.0,999.0,True,2.07,20.0,0,10,0,False,False,0,WET,NORMAL,8,0,81,False,1,DIM,FOG,8,54,True,True,0,SAFE,SAFE,SAFE,10,0,100,False,1,8,0,12,100,54,False,True,True,False,True,False
41.47,39.44,3206,3,12,1,12.0,90.0,11586.2,90.0,999.0,True,2.07,20.0,0,10,0,False,False,0,WET,NORMAL,8,0,81,False,1,DIM,FOG,8,54,True,True,0,SAFE,SAFE,SAFE,10,0,100,False,1,8,0,12,100,54,False,True,True,False,True,False
41.5,39.6,3220,3,12,1,12.0,90.0,11554.4,90.0,999.0,True,2.07,20.0,0,10,0,False,False,0,WET,NORMAL,8,0,81,False,1,DIM,FOG,8,54,True,True,0,SAFE,SAFE,SAFE,10,0,100,False,1,8,0,12,100,54,False,True,True,False,True,False
41.53,39.77,3233,3,12,1,12.0,90.0,11566.6,90.0,999.0,True,2.07,20.0,0,10,0,False,False,0,WET,NORMAL,8,0,81,False,1,DIM,FOG,8,54,True,True,0,SAFE,SAFE,SAFE,10,0,100,False,1,8,0,12,100,54,False,True,True,False,True,False
41.57,39.93,3246,3,12,1,12.0,90.0,11682.5,90.0,999.0,True,2.07,20.0,0,10,0,False,False,0,WET,NORMAL,8,0,81,False,1,DIM,FOG,8,54,True,True,0,SAFE,SAFE,SAFE,10,0,100,False,1,8,0,12,100,54,False,True,True,False,True,False
41.6,40.1,3260,3,12,1,12.0,90.0,11620.9,90.0,999.0,True,2.07,20.0,0,10,0,False,False,0,WET,NORMAL,8,0,81,False,1,DIM,FOG,8,54,True,True,0,SAFE,SAFE,SAFE,10,0,100,False,1,8,0,12,100,54,False,True,True,False,True,False
41.63,40.26,3273,3,12,1,12.0,90.0,11542.5,90.0,999.0,True,2.07,20.0,0,10,0,False,False,0,WET,NORMAL,8,0,81,False,1,DIM,FOG,8,54,True,True,0,SAFE,SAFE,SAFE,10,0,100,False,1,8,0,12,100,54,False,True,True,False,True,False
41.67,40.43,3287,3,12,1,12.0,90.0,11722.2,90.0,999.0,True,2.07,20.0,0,10,0,False,False,0,WET,NORMAL,8,0,81,False,1,DIM,FOG,8,54,True,True,0,SAFE,SAFE,SAFE,10,0,100,False,1,8,0,12,100,54,False,True,True,False,True,False
41.7,40.6,3301,3,12,1,12.0,90.0,11710.6,90.0,999.0,True,2.07,20.0,0,10,0,False,False,0,WET,NORMAL,8,0,81,False,1,DIM,FOG,8,54,True,True,0,SAFE,SAFE,SAFE,10,0,100,False,1,8,0,12,100,54,False,True,True,False,True,False
41.73,40.77,3314,3,12,1,12.0,90.0,11581.6,90.0,999.0,True,2.07,20.0,0,10,0,False,False,0,WET,NORMAL,8,0,81,False,1,DIM,FOG,8,54,True,True,0,SAFE,SAFE,SAFE,10,0,100,False,1,8,0,12,100,54,False,True,True,False,True,False
41.77,40.94,3328,3,12,1,12.0,90.0,11720.1,90.0,999.0,True,2.07,20.0,0,10,0,False,False,0,WET,NORMAL,8,0,81,False,1,DIM,FOG,8,54,True,True,0,SAFE,SAFE,SAFE,10,0,100,False,1,8,0,12,100,54,False,True,True,False,True,False
41.8,41.11,3342,3,12,1,12.0,90.0,11568.0,90.0,999.0,True,2.07,20.0,0,10,0,False,False,0,WET,NORMAL,8,0,81,False,1,DIM,FOG,8,54,True,True,0,SAFE,SAFE,SAFE,10,0,100,False,1,8,0,12,100,54,False,True,True,False,True,False
41.83,41.28,3356,3,12,1,12.0,90.0,11682.8,90.0,999.0,True,2.07,20.0,0,10,0,False,False,0,WET,NORMAL,8,0,81,False,1,DIM,FOG,8,54,True,True,0,SAFE,SAFE,SAFE,10,0,100,False,1,8,0,12,100,54,False,True,True,False,True,False
41.87,41.45,3370,3,12,1,12.0,90.0,11551.3,90.0,999.0,True,2.07,20.0,0,10,0,False,False,0,WET,NORMAL,8,0,81,False,1,DIM,FOG,8,54,True,True,0,SAFE,SAFE,SAFE,10,0,100,False,1,8,0,12,100,54,False,True,True,False,True,False
41.9,41.62,3384,3,12,1,12.0,90.0,11573.1,90.0,999.0,True,2.07,20.0,0,10,0,False,False,0,WET,NORMAL,8,0,81,False,1,DIM,FOG,8,54,True,True,0,SAFE,SAFE,SAFE,10,0,100,False,1,8,0,12,100,54,False,True,True,False,True,False
41.93,41.79,3397,3,12,1,12.0,90.0,11553.7,90.0,999.0,True,2.07,20.0,0,10,0,False,False,0,WET,NORMAL,8,0,81,False,1,DIM,FOG,8,54,True,True,0,SAFE,SAFE,SAFE,10,0,100,False,1,8,0,12,100,54,False,True,True,False,True,False
41.97,41.96,3412,3,12,1,12.0,90.0,11572.1,90.0,999.0,True,2.07,20.0,0,10,0,False,False,0,WET,NORMAL,8,0,81,False,1,DIM,FOG,8,54,True,True,0,SAFE,SAFE,SAFE,10,0,100,False,1,8,0,12,100,54,False,True,True,False,True,False
42.0,42.14,3426,3,12,1,12.0,90.0,10884.4,90.0,999.0,True,2.07,20.0,0,10,0,False,False,0,WET,NORMAL,8,0,81,False,1,DIM,FOG,8,54,True,True,0,SAFE,SAFE,SAFE,10,0,100,False,1,8,0,12,100,54,False,True,True,False,True,False
42.03,42.31,3440,3,12,1,12.0,90.0,11002.5,90.0,999.0,True,2.07,20.0,0,10,0,False,False,0,WET,NORMAL,8,0,81,False,1,DIM,FOG,8,54,True,True,0,SAFE,SAFE,SAFE,10,0,100,False,1,8,0,12,100,54,False,True,True,False,True,False
42.07,42.49,3454,3,12,1,12.0,90.0,11036.4,90.0,999.0,True,2.07,20.0,0,10,0,False,False,0,WET,NORMAL,8,0,81,False,1,DIM,FOG,8,54,True,True,0,SAFE,SAFE,SAFE,10,0,100,False,1,8,0,12,100,54,False,True,True,False,True,False
42.1,42.66,3468,3,12,1,12.0,90.0,11024.6,90.0,999.0,True,2.07,20.0,0,10,0,False,False,0,WET,NORMAL,8,0,81,False,1,DIM,FOG,8,54,True,True,0,SAFE,SAFE,SAFE,10,0,100,False,1,8,0,12,100,54,False,True,True,False,True,False
42.13,42.84,3482,3,12,1,12.0,90.0,11039.0,90.0,999.0,True,2.07,20.0,0,10,0,False,False,0,WET,NORMAL,8,0,81,False,1,DIM,FOG,8,54,True,True,0,SAFE,SAFE,SAFE,10,0,100,False,1,8,0,12,100,54,False,True,True,False,True,False
42.17,43.01,3497,3,12,1,12.0,90.0,10953.4,90.0,999.0,True,2.07,20.0,0,10,0,False,False,0,WET,NORMAL,8,0,81,False,1,DIM,FOG,8,54,True,True,0,SAFE,SAFE,SAFE,10,0,100,False,1,8,0,12,100,54,False,True,True,False,True,False
42.2,43.19,3511,3,12,1,12.0,90.0,11008.9,90.0,999.0,True,2.07,20.0,0,10,0,False,False,0,WET,NORMAL,8,0,81,False,1,DIM,FOG,8,54,True,True,0,SAFE,SAFE,SAFE,10,0,100,False,1,8,0,12,100,54,False,True,True,False,True,False
42.23,43.36,3525,3,12,1,12.0,90.0,10982.8,90.0,999.0,True,2.07,20.0,0,10,0,False,False,0,WET,NORMAL,8,0,81,False,1,DIM,FOG,8,54,True,True,0,SAFE,SAFE,SAFE,10,0,100,False,1,8,0,12,100,54,False,True,True,False,True,False
42.27,43.54,3540,3,12,1,12.0,90.0,10894.0,90.0,999.0,True,2.07,20.0,0,10,0,False,False,0,WET,NORMAL,8,0,81,False,1,DIM,FOG,8,54,True,True,0,SAFE,SAFE,SAFE,10,0,100,False,1,8,0,12,100,54,False,True,True,False,True,False
42.3,43.72,3555,3,12,1,12.0,90.0,10948.5,90.0,999.0,True,2.07,20.0,0,10,0,False,False,0,WET,NORMAL,8,0,81,False,1,DIM,FOG,8,54,True,True,0,SAFE,SAFE,SAFE,10,0,100,False,1,8,0,12,100,54,False,True,True,False,True,False
42.33,43.9,3569,3,12,1,12.0,90.0,10934.9,90.0,999.0,True,2.07,20.0,0,10,0,False,False,0,WET,NORMAL,8,0,81,False,1,DIM,FOG,8,54,True,True,0,SAFE,SAFE,SAFE,10,0,100,False,1,8,0,12,100,54,False,True,True,False,True,False
42.37,44.08,3584,3,12,1,12.0,90.0,10910.8,90.0,999.0,True,2.07,20.0,0,10,0,False,False,0,WET,NORMAL,8,0,81,False,1,DIM,FOG,8,54,True,True,0,SAFE,SAFE,SAFE,10,0,100,False,1,8,0,12,100,54,False,True,True,False,True,False
42.4,44.26,3599,3,12,1,12.0,90.0,11029.2,90.0,999.0,True,2.07,20.0,0,10,0,False,False,0,WET,NORMAL,8,0,81,False,1,DIM,FOG,8,54,True,True,0,SAFE,SAFE,SAFE,10,0,100,False,1,8,0,12,100,54,False,True,True,False,True,False
42.43,44.44,3613,3,12,1,12.0,90.0,10976.7,90.0,999.0,True,2.07,20.0,0,10,0,False,False,0,WET,NORMAL,8,0,81,False,1,DIM,FOG,8,54,True,True,0,SAFE,SAFE,SAFE,10,0,100,False,1,8,0,12,100,54,False,True,True,False,True,False
42.47,44.63,3628,3,12,1,12.0,90.0,10873.0,90.0,999.0,True,2.07,20.0,0,10,0,False,False,0,WET,NORMAL,8,0,81,False,1,DIM,FOG,8,54,True,True,0,SAFE,SAFE,SAFE,10,0,100,False,1,8,0,12,100,54,False,True,True,False,True,False
42.5,44.81,3643,3,12,1,12.0,90.0,11027.3,90.0,999.0,True,2.07,20.0,0,10,0,False,False,0,WET,NORMAL,8,0,81,False,1,DIM,FOG,8,54,True,True,0,SAFE,SAFE,SAFE,10,0,100,False,1,8,0,12,100,54,False,True,True,False,True,False
42.53,44.99,3658,3,12,1,12.0,90.0,10875.9,90.0,999.0,True,2.07,20.0,0,10,0,False,False,0,WET,NORMAL,8,0,81,False,1,DIM,FOG,8,54,True,True,0,SAFE,SAFE,SAFE,10,0,100,False,1,8,0,12,100,54,False,True,True,False,True,False
42.57,45.18,3673,3,12,1,12.0,90.0,10860.5,90.0,999.0,True,2.07,20.0,0,10,0,False,False,0,WET,NORMAL,8,0,81,False,1,DIM,FOG,8,54,True,True,0,SAFE,SAFE,SAFE,10,0,100,False,1,8,0,12,100,54,False,True,True,False,True,False
42.6,45.36,3688,3,12,1,12.0,90.0,10968.9,90.0,999.0,True,2.07,20.0,0,10,0,False,False,0,WET,NORMAL,8,0,81,False,1,DIM,FOG,8,54,True,True,0,SAFE,SAFE,SAFE,10,0,100,False,1,8,0,12,100,54,False,True,True,False,True,False
42.63,45.55,3703,3,12,1,12.0,90.0,10868.0,90.0,999.0,True,2.07,20.0,0,10,0,False,False,0,WET,NORMAL,8,0,81,False,1,DIM,FOG,8,54,True,True,0,SAFE,SAFE,SAFE,10,0,100,False,1,8,0,12,100,54,False,True,True,False,True,False
42.67,45.74,3718,3,12,1,12.0,90.0,10929.9,90.0,999.0,True,2.07,20.0,0,10,0,False,False,0,WET,NORMAL,8,0,81,False,1,DIM,FOG,8,54,True,True,0,SAFE,SAFE,SAFE,10,0,100,False,1,8,0,12,100,54,False,True,True,False,True,False
42.7,45.92,3733,3,12,1,12.0,90.0,11047.2,90.0,999.0,True,2.07,20.0,0,10,0,False,False,0,WET,NORMAL,8,0,81,False,1,DIM,FOG,8,54,True,True,0,SAFE,SAFE,SAFE,10,0,100,False,1,8,0,12,100,54,False,True,True,False,True,False
42.73,46.11,3749,3,12,1,12.0,90.0,11021.8,90.0,999.0,True,2.07,20.0,0,10,0,False,False,0,WET,NORMAL,8,0,81,False,1,DIM,FOG,8,54,True,True,0,SAFE,SAFE,SAFE,10,0,100,False,1,8,0,12,100,54,False,True,True,False,True,False
42.77,46.3,3764,3,12,1,12.0,90.0,11033.0,90.0,999.0,True,2.07,20.0,0,10,0,False,False,0,WET,NORMAL,8,0,81,False,1,DIM,FOG,8,54,True,True,0,SAFE,SAFE,SAFE,10,0,100,False,1,8,0,12,100,54,False,True,True,False,True,False
42.8,46.49,3780,3,12,1,12.0,90.0,10909.3,90.0,999.0,True,2.07,20.0,0,10,0,False,False,0,WET,NORMAL,8,0,81,False,1,DIM,FOG,8,54,True,True,0,SAFE,SAFE,SAFE,10,0,100,False,1,8,0,12,100,54,False,True,True,False,True,False
42.83,46.68,3795,3,12,1,12.0,90.0,10932.7,90.0,999.0,True,2.07,20.0,0,10,0,False,False,0,WET,NORMAL,8,0,81,False,1,DIM,FOG,8,54,True,True,0,SAFE,SAFE,SAFE,10,0,100,False,1,8,0,12,100,54,False,True,True,False,True,False
42.87,46.87,3811,3,12,1,12.0,90.0,11008.6,90.0,999.0,True,2.07,20.0,0,10,0,False,False,0,WET,NORMAL,8,0,81,False,1,DIM,FOG,8,54,True,True,0,SAFE,SAFE,SAFE,10,0,100,False,1,8,0,12,100,54,False,True,True,False,True,False
42.9,47.06,3826,3,12,1,12.0,90.0,10939.3,90.0,999.0,True,2.07,20.0,0,10,0,False,False,0,WET,NORMAL,8,0,81,False,1,DIM,FOG,8,54,True,True,0,SAFE,SAFE,SAFE,10,0,100,False,1,8,0,12,100,54,False,True,True,False,True,False
42.93,47.26,3842,3,12,1,12.0,90.0,10926.0,90.0,999.0,True,2.07,20.0,0,10,0,False,False,0,WET,NORMAL,8,0,81,False,1,DIM,FOG,8,54,True,True,0,SAFE,SAFE,SAFE,10,0,100,False,1,8,0,12,100,54,False,True,True,False,True,False
42.97,47.45,3858,3,12,1,12.0,90.0,10925.9,90.0,999.0,True,2.07,20.0,0,10,0,False,False,0,WET,NORMAL,8,0,81,False,1,DIM,FOG,8,54,True,True,0,SAFE,SAFE,SAFE,10,0,100,False,1,8,0,12,100,54,False,True,True,False,True,False
43.0,47.64,3873,3,12,1,12.0,90.0,10175.8,90.0,999.0,True,2.07,20.0,0,10,0,False,False,0,WET,NORMAL,8,0,81,False,1,DIM,FOG,8,54,True,True,0,SAFE,SAFE,SAFE,10,0,100,False,1,8,0,12,100,54,False,True,True,False,True,False
43.03,47.84,3889,3,12,1,12.0,90.0,10214.1,90.0,999.0,True,2.07,20.0,0,10,0,False,False,0,WET,NORMAL,8,0,81,False,1,DIM,FOG,8,54,True,True,0,SAFE,SAFE,SAFE,10,0,100,False,1,8,0,12,100,54,False,True,True,False,True,False
43.07,48.04,3905,3,12,1,12.0,90.0,10234.5,90.0,999.0,True,2.07,20.0,0,10,0,False,False,0,WET,NORMAL,8,0,81,False,1,DIM,FOG,8,54,True,True,0,SAFE,SAFE,SAFE,10,0,100,False,1,8,0,12,100,54,False,True,True,False,True,False
43.1,48.23,3921,3,12,1,12.0,90.0,10318.8,90.0,999.0,True,2.07,20.0,0,10,0,False,False,0,WET,NORMAL,8,0,81,False,1,DIM,FOG,8,54,True,True,0,SAFE,SAFE,SAFE,10,0,100,False,1,8,0,12,100,54,False,True,True,False,True,False
43.13,48.43,3937,3,12,1,12.0,90.0,10261.9,90.0,999.0,True,2.07,20.0,0,10,0,False,False,0,WET,NORMAL,8,0,81,False,1,DIM,FOG,8,54,True,True,0,SAFE,SAFE,SAFE,10,0,100,False,1,8,0,12,100,54,False,True,True,False,True,False
43.17,48.63,3953,3,12,1,12.0,90.0,10223.8,90.0,999.0,True,2.07,20.0,0,10,0,False,False,0,WET,NORMAL,8,0,81,False,1,DIM,FOG,8,54,True,True,0,SAFE,SAFE,SAFE,10,0,100,False,1,8,0,12,100,54,False,True,True,False,True,False
43.2,48.83,3970,3,12,1,12.0,90.0,10243.6,90.0,999.0,True,2.07,20.0,0,10,0,False,False,0,WET,NORMAL,8,0,81,False,1,DIM,FOG,8,54,True,True,0,SAFE,SAFE,SAFE,10,0,100,False,1,8,0,12,100,54,False,True,True,False,True,False
43.23,49.03,3986,3,12,1,12.0,90.0,10157.7,90.0,999.0,True,2.07,20.0,0,10,0,False,False,0,WET,NORMAL,8,0,81,False,1,DIM,FOG,8,54,True,True,0,SAFE,SAFE,SAFE,10,0,100,False,1,8,0,12,100,54,False,True,True,False,True,False
43.27,49.23,4002,3,12,1,12.0,90.0,10289.9,90.0,999.0,True,2.07,20.0,0,10,0,False,False,0,WET,NORMAL,8,0,81,False,1,DIM,FOG,8,54,True,True,0,SAFE,SAFE,SAFE,10,0,100,False,1,8,0,12,100,54,False,True,True,False,True,False
43.3,49.43,4019,3,12,1,12.0,90.0,10272.9,90.0,999.0,True,2.07,20.0,0,10,0,False,False,0,WET,NORMAL,8,0,81,False,1,DIM,FOG,8,54,True,True,0,SAFE,SAFE,SAFE,10,0,100,False,1,8,0,12,100,54,False,True,True,False,True,False
43.33,49.63,4035,3,12,1,12.0,90.0,10276.9,90.0,999.0,True,2.07,20.0,0,10,0,False,False,0,WET,NORMAL,8,0,81,False,1,DIM,FOG,8,54,True,True,0,SAFE,SAFE,SAFE,10,0,100,False,1,8,0,12,100,54,False,True,True,False,True,False
43.37,49.83,4052,3,12,1,12.0,90.0,10319.2,90.0,999.0,True,2.07,20.0,0,10,0,False,False,0,WET,NORMAL,8,0,81,False,1,DIM,FOG,8,54,True,True,0,SAFE,SAFE,SAFE,10,0,100,False,1,8,0,12,100,54,False,True,True,False,True,False
43.4,50.04,4068,3,12,1,12.0,90.0,10323.6,90.0,999.0,True,2.07,20.0,0,10,0,False,False,0,WET,NORMAL,8,0,81,False,1,DIM,FOG,8,54,True,True,0,SAFE,SAFE,SAFE,10,0,100,False,1,8,0,12,100,54,False,True,True,False,True,False
43.43,50.24,4085,3,12,1,12.0,90.0,10172.5,90.0,999.0,True,2.07,20.0,0,10,0,False,False,0,WET,NORMAL,8,0,81,False,1,DIM,FOG,8,54,True,True,0,SAFE,SAFE,SAFE,10,0,100,False,1,8,0,12,100,54,False,True,True,False,True,False
43.47,50.45,4101,3,12,1,12.0,90.0,10215.0,90.0,999.0,True,2.07,20.0,0,10,0,False,False,0,WET,NORMAL,8,0,81,False,1,DIM,FOG,8,54,True,True,0,SAFE,SAFE,SAFE,10,0,100,False,1,8,0,12,100,54,False,True,True,False,True,False
43.5,50.65,4118,3,12,1,12.0,90.0,10245.4,90.0,999.0,True,2.07,20.0,0,10,0,False,False,0,WET,NORMAL,8,0,81,False,1,DIM,FOG,8,54,True,True,0,SAFE,SAFE,SAFE,10,0,100,False,1,8,0,12,100,54,False,True,True,False,True,False
43.53,50.86,4135,3,12,1,12.0,90.0,10250.2,90.0,999.0,True,2.07,20.0,0,10,0,False,False,0,WET,NORMAL,8,0,81,False,1,DIM,FOG,8,54,True,True,0,SAFE,SAFE,SAFE,10,0,100,False,1,8,0,12,100,54,False,True,True,False,True,False
43.57,51.07,4152,3,12,1,12.0,90.0,10206.5,90.0,999.0,True,2.07,20.0,0,10,0,False,False,0,WET,NORMAL,8,0,81,False,1,DIM,FOG,8,54,True,True,0,SAFE,SAFE,SAFE,10,0,100,False,1,8,0,12,100,54,False,True,True,False,True,False
43.6,51.28,4169,3,12,1,12.0,90.0,10248.4,90.0,999.0,True,2.07,20.0,0,10,0,False,False,0,WET,NORMAL,8,0,81,False,1,DIM,FOG,8,54,True,True,0,SAFE,SAFE,SAFE,10,0,100,False,1,8,0,12,100,53.70945257426624,False,True,True,False,True,False
43.63,51.49,4186,3,12,1,12.0,90.0,10249.2,90.0,999.0,True,2.07,20.0,0,10,0,False,False,0,WET,NORMAL,8,0,81,False,1,DIM,FOG,8,54,True,True,0,SAFE,SAFE,SAFE,10,0,100,False,1,8,0,12,100,54,False,True,True,False,True,False
43.67,51.7,4203,3,12,1,12.0,90.0,10194.8,90.0,999.0,True,2.07,20.0,0,10,0,False,False,0,WET,NORMAL,8,0,81,False,1,DIM,FOG,8,54,True,True,0,SAFE,SAFE,SAFE,10,0,100,False,1,8,0,12,100,54,False,True,True,False,True,False
43.7,51.91,4220,3,12,1,12.0,90.0,10156.1,90.0,999.0,True,2.07,20.0,0,10,0,False,False,0,WET,NORMAL,8,0,81,False,1,DIM,FOG,8,54,True,True,0,SAFE,SAFE,SAFE,10,0,100,False,1,8,0,12,100,54,False,True,True,False,True,False
43.73,52.12,4237,3,12,1,12.0,90.0,10309.6,90.0,999.0,True,2.07,20.0,0,10,0,False,False,0,WET,NORMAL,8,0,81,False,1,DIM,FOG,8,54,True,True,0,SAFE,SAFE,SAFE,10,0,100,False,1,8,0,12,100,54,False,True,True,False,True,False
43.77,52.34,4255,3,12,1,12.0,90.0,10267.2,90.0,999.0,True,2.07,20.0,0,10,0,False,False,0,WET,NORMAL,8,0,81,False,1,DIM,FOG,8,54,True,True,0,SAFE,SAFE,SAFE,10,0,100,False,1,8,0,12,100,54,False,True,True,False,True,False
43.8,52.55,4272,3,12,1,12.0,90.0,10193.2,90.0,999.0,True,2.07,20.0,0,10,0,False,False,0,WET,NORMAL,8,0,81,False,1,DIM,FOG,8,54,True,True,0,SAFE,SAFE,SAFE,10,0,100,False,1,8,0,12,100,51.90274299122638,False,True,True,False,True,False
43.83,52.75,4289,3,12,1,12.0,90.0,10273.3,90.0,999.0,True,2.07,20.0,0,10,0,False,False,0,WET,NORMAL,8,0,81,False,1,DIM,FOG,8,54,True,True,0,SAFE,SAFE,SAFE,10,0,100,False,1,8,0,12,100,53.574453817062135,False,True,True,False,True,False
43.87,52.92,4302,3,12,1,12.0,90.0,10286.3,90.0,999.0,True,2.07,20.0,0,10,0,False,False,0,WET,NORMAL,8,0,81,False,1,DIM,FOG,8,54,True,True,0,SAFE,SAFE,SAFE,10,0,100,False,1,8,0,12,100,54,False,True,True,False,True,False
43.9,53.08,4316,3,12,1,12.0,90.0,10172.8,90.0,999.0,True,2.07,20.0,0,10,0,False,False,0,WET,NORMAL,8,0,81,False,1,DIM,FOG,8,54,True,True,0,SAFE,SAFE,SAFE,10,0,100,False,1,8,0,12,100,54,False,True,True,False,True,False
43.93,53.26,4330,3,12,1,12.0,90.0,10299.3,90.0,999.0,True,2.07,20.0,0,10,0,False,False,0,WET,NORMAL,8,0,81,False,1,DIM,FOG,8,54,True,True,0,SAFE,SAFE,SAFE,10,0,100,False,1,8,0,12,100,54,False,True,True,False,True,False
43.97,53.44,4345,3,12,1,12.0,90.0,10203.8,90.0,999.0,True,2.07,20.0,0,10,0,False,False,0,WET,NORMAL,8,0,81,False,1,DIM,FOG,8,54,True,True,0,SAFE,SAFE,SAFE,10,0,100,False,1,8,0,12,100,54,False,True,True,False,True,False
44.0,53.63,4360,3,12,1,12.0,90.0,9426.3,90.0,999.0,True,2.07,20.0,0,10,0,False,False,0,WET,NORMAL,8,0,81,False,1,DIM,FOG,8,54,True,True,0,SAFE,SAFE,SAFE,10,0,100,False,1,8,0,12,100,54,False,True,True,False,True,False
44.03,53.83,4376,3,12,1,12.0,90.0,9548.4,90.0,999.0,True,2.07,20.0,0,10,0,False,False,0,WET,NORMAL,8,0,81,False,1,DIM,FOG,8,54,True,True,0,SAFE,SAFE,SAFE,10,0,100,False,1,8,0,12,100,52.289205273331675,False,True,True,False,True,False
44.07,54.02,4392,3,12,1,12.0,90.0,9531.5,90.0,999.0,True,2.07,20.0,0,10,0,False,False,0,WET,NORMAL,8,0,81,False,1,DIM,FOG,0,54,True,True,0,SAFE,SAFE,SAFE,10,0,100,False,1,0,0,12,100,53.90162621010884,False,True,True,False,True,False
44.1,54.12,4400,3,12,1,12.0,90.0,9476.3,90.0,999.0,True,2.07,20.0,0,10,0,False,False,0,WET,NORMAL,8,0,81,False,1,DIM,FOG,0,54,True,True,0,SAFE,SAFE,SAFE,10,0,100,False,1,0,0,12,100,54,False,True,True,False,True,False
44.13,54.13,4401,3,12,1,12.0,90.0,9507.9,90.0,999.0,True,2.07,20.0,0,10,0,False,False,0,WET,NORMAL,8,0,81,False,1,DIM,FOG,0,54,True,True,0,SAFE,SAFE,SAFE,10,0,100,False,1,0,0,12,100,54,False,True,True,False,True,False
44.17,54.06,4395,3,12,1,12.0,90.0,9393.0,90.0,999.0,True,2.07,20.0,0,10,0,False,False,0,WET,NORMAL,8,0,81,False,1,DIM,FOG,0,54,True,True,0,SAFE,SAFE,SAFE,10,0,100,False,1,0,0,12,100,54,False,True,True,False,True,False
44.2,53.95,4386,3,12,1,12.0,90.0,9561.5,90.0,999.0,True,2.07,20.0,0,10,0,False,False,0,WET,NORMAL,8,0,81,False,1,DIM,FOG,8,54,True,True,0,SAFE,SAFE,SAFE,10,0,100,False,1,8,0,12,100,54,False,True,True,False,True,False
44.23,53.85,4378,3,12,1,12.0,90.0,9505.1,90.0,999.0,True,2.07,20.0,0,10,0,False,False,0,WET,NORMAL,8,0,81,False,1,DIM,FOG,8,54,True,True,0,SAFE,SAFE,SAFE,10,0,100,False,1,8,0,12,100,50.769756369765766,False,True,True,False,True,False
44.27,53.75,4370,3,12,1,12.0,90.0,9488.9,90.0,999.0,True,2.07,20.0,0,10,0,False,False,0,WET,NORMAL,8,0,81,False,1,DIM,FOG,8,54,True,True,0,SAFE,SAFE,SAFE,10,0,100,False,1,8,0,12,100,52.19937542225176,False,True,True,False,True,False
44.3,53.63,4361,3,12,1,12.0,90.0,9522.2,90.0,999.0,True,2.07,20.0,0,10,0,False,False,0,WET,NORMAL,8,0,81,False,1,DIM,FOG,8,54,True,True,0,SAFE,SAFE,SAFE,10,0,100,False,1,8,0,12,100,53.74987620605044,False,True,True,False,True,False
44.33,53.51,4350,3,12,1,12.0,90.0,9430.7,90.0,999.0,True,2.07,20.0,0,10,0,False,False,0,WET,NORMAL,8,0,81,False,1,DIM,FOG,8,54,True,True,0,SAFE,SAFE,SAFE,10,0,100,False,1,8,0,12,100,54,False,True,True,False,True,False
44.37,53.39,4341,3,12,1,12.0,90.0,9450.7,90.0,999.0,True,2.07,20.0,0,10,0,False,False,0,WET,NORMAL,8,0,81,False,1,DIM,FOG,8,54,True,True,0,SAFE,SAFE,SAFE,10,0,100,False,1,8,0,12,100,54,False,True,True,False,True,False
44.4,53.31,4334,3,12,1,12.0,90.0,9471.6,90.0,999.0,True,2.07,20.0,0,10,0,False,False,0,WET,NORMAL,8,0,81,False,1,DIM,FOG,8,54,True,True,0,SAFE,SAFE,SAFE,10,0,100,False,1,8,0,12,100,54,False,True,True,False,True,False
44.43,53.26,4330,3,12,1,12.0,90.0,9434.2,90.0,999.0,True,2.07,20.0,0,10,0,False,False,0,WET,NORMAL,8,0,81,False,1,DIM,FOG,8,54,True,True,0,SAFE,SAFE,SAFE,10,0,100,False,1,8,0,12,100,54,False,True,True,False,True,False
44.47,53.27,4331,3,12,1,12.0,90.0,9468.6,90.0,999.0,True,2.07,20.0,0,10,0,False,False,0,WET,NORMAL,8,0,81,False,1,DIM,FOG,8,54,True,True,0,SAFE,SAFE,SAFE,10,0,100,False,1,8,0,12,100,50.76853290926408,False,True,True,False,True,False
44.5,53.32,4335,3,12,1,12.0,90.0,9479.2,90.0,999.0,True,2.07,20.0,0,10,0,False,False,0,WET,NORMAL,8,0,81,False,1,DIM,FOG,8,54,True,True,0,SAFE,SAFE,SAFE,10,0,100,False,1,8,0,12,100,52.226842459534325,False,True,True,False,True,False
44.53,53.35,4338,3,12,1,12.0,90.0,9420.0,90.0,999.0,True,2.07,20.0,0,10,0,False,False,0,WET,NORMAL,8,0,81,False,1,DIM,FOG,8,54,True,True,0,SAFE,SAFE,SAFE,10,0,100,False,1,8,0,12,100,53.80988985451487,False,True,True,False,True,False
44.57,53.35,4337,3,12,1,12.0,90.0,9482.0,90.0,999.0,True,2.07,20.0,0,10,0,False,False,0,WET,NORMAL,8,0,81,False,1,DIM,FOG,8,54,True,True,0,SAFE,SAFE,SAFE,10,0,100,False,1,8,0,12,100,54,False,True,True,False,True,False
44.6,53.34,4337,3,12,1,12.0,90.0,9533.8,90.0,999.0,True,2.07,20.0,0,10,0,False,False,0,WET,NORMAL,8,0,81,False,1,DIM,FOG,8,54,True,True,0,SAFE,SAFE,SAFE,10,0,100,False,1,8,0,12,100,54,False,True,True,False,True,False
44.63,53.35,4337,3,12,1,12.0,90.0,9523.6,90.0,999.0,True,2.07,20.0,0,10,0,False,False,0,WET,NORMAL,8,0,81,False,1,DIM,FOG,8,54,True,True,0,SAFE,SAFE,SAFE,10,0,100,False,1,8,0,12,100,54,False,True,True,False,True,False
44.67,53.39,4341,3,12,1,12.0,90.0,9543.6,90.0,999.0,True,2.07,20.0,0,10,0,False,False,0,WET,NORMAL,8,0,81,False,1,DIM,FOG,8,54,True,True,0,SAFE,SAFE,SAFE,10,0,100,False,1,8,0,12,100,49.91586977388375,False,True,True,False,True,False
44.7,53.47,4347,3,12,1,12.0,90.0,9467.6,90.0,999.0,True,2.07,20.0,0,10,0,False,False,0,WET,NORMAL,8,0,81,False,1,DIM,FOG,8,54,True,True,0,SAFE,SAFE,SAFE,10,0,100,False,1,8,0,12,100,51.41555986114235,False,True,True,False,True,False
44.73,53.52,4351,3,12,1,12.0,90.0,9525.9,90.0,999.0,True,2.07,20.0,0,10,0,False,False,0,WET,NORMAL,8,0,81,False,1,DIM,FOG,8,54,True,True,0,SAFE,SAFE,SAFE,10,0,100,False,1,8,0,12,100,53.042120430245184,False,True,True,False,True,False
44.77,53.52,4351,3,12,1,12.0,90.0,9487.2,90.0,999.0,True,2.07,20.0,0,10,0,False,False,0,WET,NORMAL,8,0,81,False,1,DIM,FOG,8,54,True,True,0,SAFE,SAFE,SAFE,10,0,100,False,1,8,0,12,100,54,False,True,True,False,True,False
44.8,53.48,4348,3,12,1,12.0,90.0,9493.5,90.0,999.0,True,2.07,20.0,0,10,0,False,False,0,WET,NORMAL,8,0,81,False,1,DIM,FOG,8,54,True,True,0,SAFE,SAFE,SAFE,10,0,100,False,1,8,0,12,100,54,False,True,True,False,True,False
44.83,53.42,4343,3,12,1,12.0,90.0,9515.4,90.0,999.0,True,2.07,20.0,0,10,0,False,False,0,WET,NORMAL,8,0,81,False,1,DIM,FOG,8,54,True,True,0,SAFE,SAFE,SAFE,10,0,100,False,1,8,0,12,100,54,False,True,True,False,True,False
44.87,53.38,4339,3,12,1,12.0,90.0,9422.9,90.0,999.0,True,2.07,20.0,0,10,0,False,False,0,WET,NORMAL,8,0,81,False,1,DIM,FOG,8,54,True,True,0,SAFE,SAFE,SAFE,10,0,100,False,1,8,0,12,100,49.66758790347569,False,True,True,False,True,False
44.9,53.35,4338,3,12,1,12.0,90.0,9471.9,90.0,999.0,True,2.07,20.0,0,10,0,False,False,0,WET,NORMAL,8,0,81,False,1,DIM,FOG,8,54,True,True,0,SAFE,SAFE,SAFE,10,0,100,False,1,8,0,12,100,51.18395745843626,False,True,True,False,True,False
44.93,53.31,4334,3,12,1,12.0,90.0,9512.3,90.0,999.0,True,2.07,20.0,0,10,0,False,False,0,WET,NORMAL,8,0,81,False,1,DIM,FOG,8,54,True,True,0,SAFE,SAFE,SAFE,10,0,100,False,1,8,0,12,100,52.82370177426647,False,True,True,False,True,False
44.97,53.24,4328,3,12,1,12.0,90.0,9422.9,90.0,999.0,True,2.07,20.0,0,10,0,False,False,0,WET,NORMAL,8,0,81,False,1,DIM,FOG,8,54,True,True,0,SAFE,SAFE,SAFE,10,0,100,False,1,8,0,12,100,54,False,True,True,False,True,False
45.0,53.14,4320,3,12,1,12.0,90.0,8760.0,90.0,999.0,True,2.07,20.0,0,10,0,False,False,0,WET,NORMAL,8,0,81,False,1,DIM,FOG,8,54,True,True,0,SAFE,SAFE,SAFE,10,0,100,False,1,8,0,12,100,54,False,True,True,False,True,False
45.03,53.04,4312,3,12,1,12.0,90.0,8657.3,90.0,999.0,True,2.07,20.0,0,10,0,False,False,0,WET,NORMAL,8,0,81,False,1,DIM,FOG,8,54,True,True,0,SAFE,SAFE,SAFE,10,0,100,False,1,8,0,12,100,54,False,True,True,False,True,False
45.07,52.97,4307,3,12,1,12.0,90.0,8671.0,90.0,999.0,True,2.07,20.0,0,10,0,False,False,0,WET,NORMAL,8,0,81,False,1,DIM,FOG,8,54,True,True,0,SAFE,SAFE,SAFE,10,0,100,False,1,8,0,12,100,54,False,True,True,False,True,False
45.1,52.94,4304,3,12,1,12.0,90.0,8693.8,90.0,999.0,True,2.07,20.0,0,10,0,False,False,0,WET,NORMAL,8,0,81,False,1,DIM,FOG,8,54,True,True,0,SAFE,SAFE,SAFE,10,0,100,False,1,8,0,12,100,51.163645164408685,False,True,True,False,True,False
45.13,52.95,4305,3,12,1,12.0,90.0,8795.8,90.0,999.0,True,2.07,20.0,0,10,0,False,False,0,WET,NORMAL,8,0,81,False,1,DIM,FOG,8,54,True,True,0,SAFE,SAFE,SAFE,10,0,100,False,1,8,0,12,100,52.71550245635014,False,True,True,False,True,False
45.17,52.96,4306,3,12,1,12.0,90.0,8721.8,90.0,999.0,True,2.07,20.0,0,10,0,False,False,0,WET,NORMAL,8,0,81,False,1,DIM,FOG,8,54,True,True,0,SAFE,SAFE,SAFE,10,0,100,False,1,8,0,12,100,54,False,True,True,False,True,False
45.2,52.94,4304,3,12,1,12.0,90.0,8705.0,90.0,999.0,True,2.07,20.0,0,10,0,False,False,0,WET,NORMAL,8,0,81,False,1,DIM,FOG,8,54,True,True,0,SAFE,SAFE,SAFE,10,0,100,False,1,8,0,12,100,54,False,True,True,False,True,False
45.23,52.92,4302,3,12,1,12.0,90.0,8686.3,90.0,999.0,True,2.07,20.0,0,10,0,False,False,0,WET,NORMAL,8,0,81,False,1,DIM,FOG,8,54,True,True,0,SAFE,SAFE,SAFE,10,0,100,False,1,8,0,12,100,54,False,True,True,False,True,False
45.27,52.92,4302,3,12,1,12.0,90.0,8647.7,90.0,999.0,True,2.07,20.0,0,10,0,False,False,0,WET,NORMAL,8,0,81,False,1,DIM,FOG,8,54,True,True,0,SAFE,SAFE,SAFE,10,0,100,False,1,8,0,12,100,54,False,True,True,False,True,False
45.3,52.95,4305,3,12,1,12.0,90.0,8735.1,90.0,999.0,True,2.07,20.0,0,10,0,False,False,0,WET,NORMAL,8,0,81,False,1,DIM,FOG,8,54,True,True,0,SAFE,SAFE,SAFE,10,0,100,False,1,8,0,12,100,51.162042814962966,False,True,True,False,True,False
45.33,53.02,4310,3,12,1,12.0,90.0,8610.3,90.0,999.0,True,2.07,20.0,0,10,0,False,False,0,WET,NORMAL,8,0,81,False,1,DIM,FOG,8,54,True,True,0,SAFE,SAFE,SAFE,10,0,100,False,1,8,0,12,100,52.77503312645856,False,True,True,False,True,False
45.37,53.07,4314,3,12,1,12.0,90.0,8664.7,90.0,999.0,True,2.07,20.0,0,10,0,False,False,0,WET,NORMAL,8,0,81,False,1,DIM,FOG,8,54,True,True,0,SAFE,SAFE,SAFE,10,0,100,False,1,8,0,12,100,54,False,True,True,False,True,False
45.4,53.08,4315,3,12,1,12.0,90.0,8636.7,90.0,999.0,True,2.07,20.0,0,10,0,False,False,0,WET,NORMAL,8,0,81,False,1,DIM,FOG,8,54,True,True,0,SAFE,SAFE,SAFE,10,0,100,False,1,8,0,12,100,54,False,True,True,False,True,False
45.43,53.08,4315,3,12,1,12.0,90.0,8646.4,90.0,999.0,True,2.07,20.0,0,10,0,False,False,0,WET,NORMAL,8,0,81,False,1,DIM,FOG,8,54,True,True,0,SAFE,SAFE,SAFE,10,0,100,False,1,8,0,12,100,54,False,True,True,False,True,False
45.47,53.09,4316,3,12,1,12.0,90.0,8796.2,90.0,999.0,True,2.07,20.0,0,10,0,False,False,0,WET,NORMAL,8,0,81,False,1,DIM,FOG,8,54,True,True,0,SAFE,SAFE,SAFE,10,0,100,False,1,8,0,12,100,54,False,True,True,False,True,False
45.5,53.14,4320,3,12,1,12.0,90.0,8763.4,90.0,999.0,True,2.07,20.0,0,10,0,False,False,0,WET,NORMAL,8,0,81,False,1,DIM,FOG,8,54,True,True,0,SAFE,SAFE,SAFE,10,0,100,False,1,8,0,12,100,54,False,True,True,False,True,False
45.53,53.23,4327,3,12,1,12.0,90.0,8793.7,90.0,999.0,True,2.07,20.0,0,10,0,False,False,0,WET,NORMAL,8,0,81,False,1,DIM,FOG,8,54,True,True,0,SAFE,SAFE,SAFE,10,0,100,False,1,8,0,12,100,53.01882221233963,False,True,True,False,True,False
45.57,53.33,4336,3,12,1,12.0,90.0,8657.3,90.0,999.0,True,2.07,20.0,0,10,0,False,False,0,WET,NORMAL,8,0,81,False,1,DIM,FOG,8,54,True,True,0,SAFE,SAFE,SAFE,10,0,100,False,1,8,0,12,100,54,False,True,True,False,True,False
45.6,53.42,4343,3,12,1,12.0,90.0,8743.7,90.0,999.0,True,2.07,20.0,0,10,0,False,False,0,WET,NORMAL,8,0,81,False,1,DIM,FOG,8,54,True,True,0,SAFE,SAFE,SAFE,10,0,100,False,1,8,0,12,100,54,False,True,True,False,True,False
45.63,53.53,4352,3,12,1,12.0,90.0,8622.4,90.0,999.0,True,2.07,20.0,0,10,0,False,False,0,WET,NORMAL,8,0,81,False,1,DIM,FOG,8,54,True,True,0,SAFE,SAFE,SAFE,10,0,100,False,1,8,0,12,100,54,False,True,True,False,True,False
45.67,53.66,4362,3,12,1,12.0,90.0,8621.2,90.0,999.0,True,2.07,20.0,0,10,0,False,False,0,WET,NORMAL,8,0,81,False,1,DIM,FOG,8,54,True,True,0,SAFE,SAFE,SAFE,10,0,100,False,1,8,0,12,100,54,False,True,True,False,True,False
45.7,53.8,4374,3,12,1,12.0,90.0,8787.8,90.0,999.0,True,2.07,20.0,0,10,0,False,False,0,WET,NORMAL,8,0,81,False,1,DIM,FOG,8,54,True,True,0,SAFE,SAFE,SAFE,10,0,100,False,1,8,0,12,100,54,False,True,True,False,True,False
45.73,53.97,4387,3,12,1,12.0,90.0,8682.6,90.0,999.0,True,2.07,20.0,0,10,0,False,False,0,WET,NORMAL,8,0,81,False,1,DIM,FOG,8,54,True,True,0,SAFE,SAFE,SAFE,10,0,100,False,1,8,0,12,100,52.99548500940516,False,True,True,False,True,False
45.77,54.13,4401,3,12,1,12.0,90.0,8632.0,90.0,999.0,True,2.07,20.0,0,10,0,False,False,0,WET,NORMAL,8,0,81,False,1,DIM,FOG,0,54,True,True,0,SAFE,SAFE,SAFE,10,0,100,False,1,0,0,12,100,54,False,True,True,False,True,False
45.8,54.21,4408,3,12,1,12.0,90.0,8681.7,90.0,999.0,True,2.07,20.0,0,10,0,False,False,0,WET,NORMAL,8,0,81,False,1,DIM,FOG,0,54,True,True,0,SAFE,SAFE,SAFE,10,0,100,False,1,0,0,12,100,54,False,True,True,False,True,False
45.83,54.21,4407,3,12,1,12.0,90.0,8704.6,90.0,999.0,True,2.07,20.0,0,10,0,False,False,0,WET,NORMAL,8,0,81,False,1,DIM,FOG,0,54,True,True,0,SAFE,SAFE,SAFE,10,0,100,False,1,0,0,12,100,54,False,True,True,False,True,False
45.87,54.13,4401,3,12,1,12.0,90.0,8689.9,90.0,999.0,True,2.07,20.0,0,10,0,False,False,0,WET,NORMAL,8,0,81,False,1,DIM,FOG,0,54,True,True,0,SAFE,SAFE,SAFE,10,0,100,False,1,0,0,12,100,54,False,True,True,False,True,False
45.9,54.01,4391,3,12,1,12.0,90.0,8612.8,90.0,999.0,True,2.07,20.0,0,10,0,False,False,0,WET,NORMAL,8,0,81,False,1,DIM,FOG,0,54,True,True,0,SAFE,SAFE,SAFE,10,0,100,False,1,0,0,12,100,54,False,True,True,False,True,False
45.93,53.86,4379,3,12,1,12.0,90.0,8696.2,90.0,118.51,False,7.78,14.6,0,10,0,False,False,0,WET,NORMAL,8,0,81,False,1,DIM,FOG,8,54,True,True,0,SAFE,SAFE,SAFE,10,0,100,False,1,8,0,12,100,54,False,True,True,False,True,False
45.97,53.74,4369,3,12,1,12.0,90.0,8764.3,90.0,118.25,False,7.75,14.61,0,10,0,False,False,0,WET,NORMAL,8,0,81,False,1,DIM,FOG,8,54,True,True,0,SAFE,SAFE,SAFE,10,0,100,False,1,8,0,12,100,54,False,True,True,False,True,False
46.0,53.63,4360,3,12,1,12.0,90.0,7920.3,90.0,117.99,False,7.73,14.62,0,10,0,False,False,0,WET,NORMAL,8,0,81,False,1,DIM,FOG,8,54,True,True,0,SAFE,SAFE,SAFE,10,0,100,False,1,8,0,12,100,54,False,True,True,False,True,False
46.03,53.55,4354,3,12,1,12.0,90.0,7840.4,90.0,117.91,False,7.72,14.63,0,10,0,False,False,0,WET,NORMAL,8,0,81,False,1,DIM,FOG,8,54,True,True,0,SAFE,SAFE,SAFE,10,0,100,False,1,8,0,12,100,54,False,True,True,False,True,False
46.07,53.52,4351,3,12,1,12.0,90.0,7805.6,90.0,117.81,False,7.72,14.62,0,10,0,False,False,0,WET,NORMAL,8,0,81,False,1,DIM,FOG,8,54,True,True,0,SAFE,SAFE,SAFE,10,0,100,False,1,8,0,12,100,54,False,True,True,False,True,False
46.1,53.53,4352,3,12,1,12.0,90.0,7811.2,90.0,117.56,False,7.73,14.56,0,10,0,False,False,0,WET,NORMAL,8,0,81,False,1,DIM,FOG,8,54,True,True,0,SAFE,SAFE,SAFE,10,0,100,False,1,8,0,12,100,54,False,True,True,False,True,False
46.13,53.59,4357,3,12,1,12.0,90.0,7976.2,90.0,117.3,False,7.75,14.49,0,10,0,False,False,0,WET,NORMAL,8,0,81,False,1,DIM,FOG,8,54,True,True,0,SAFE,SAFE,SAFE,10,0,100,False,1,8,0,12,100,54,False,True,True,False,True,False
46.17,53.68,4365,3,12,1,12.0,90.0,7830.7,90.0,117.04,False,7.78,14.41,0,10,0,False,False,0,WET,NORMAL,8,0,81,False,1,DIM,FOG,8,54,True,True,0,SAFE,SAFE,SAFE,10,0,100,False,1,8,0,12,100,52.87444880914512,False,True,True,False,True,False
46.2,53.79,4373,3,12,1,12.0,90.0,7805.6,90.0,116.78,False,7.8,14.32,0,10,0,False,False,0,WET,NORMAL,8,0,81,False,1,DIM,FOG,8,54,True,True,0,SAFE,SAFE,SAFE,10,0,100,False,1,8,0,12,100,54,False,True,True,False,True,False
46.23,53.89,4381,3,12,1,12.0,90.0,7973.7,90.0,116.52,False,7.83,14.25,0,10,0,False,False,0,WET,NORMAL,8,0,81,False,1,DIM,FOG,8,54,True,True,0,SAFE,SAFE,SAFE,10,0,100,False,1,8,0,12,100,54,False,True,True,False,True,False
46.27,54.0,4390,3,12,1,12.0,90.0,7863.8,90.0,116.26,False,7.85,14.18,0,10,0,False,False,0,WET,NORMAL,8,0,81,False,1,DIM,FOG,8,54,True,True,0,SAFE,SAFE,SAFE,10,0,100,False,1,8,0,12,100,54,False,True,True,False,True,False
46.3,54.13,4401,3,12,1,12.0,90.0,7932.8,90.0,115.99,False,7.88,14.09,0,10,0,False,False,0,WET,NORMAL,8,0,81,False,1,DIM,FOG,0,54,True,True,0,SAFE,SAFE,SAFE,10,0,100,False,1,0,0,12,100,54,False,True,True,False,True,False
46.33,54.23,4409,3,12,1,12.0,90.0,7929.3,90.0,115.73,False,7.9,14.02,0,10,0,False,False,0,WET,NORMAL,8,0,81,False,1,DIM,FOG,0,54,True,True,0,SAFE,SAFE,SAFE,10,0,100,False,1,0,0,12,100,54,False,True,True,False,True,False
46.37,54.28,4413,3,12,1,12.0,90.0,7920.9,90.0,115.47,False,7.91,13.97,0,10,0,False,False,0,WET,NORMAL,8,0,81,False,1,DIM,FOG,0,54,True,True,0,SAFE,SAFE,SAFE,10,0,100,False,1,0,0,12,100,52.27499612859865,False,True,True,False,True,False
46.4,54.26,4411,3,12,1,12.0,90.0,7971.9,90.0,115.2,False,7.9,13.95,0,10,0,False,False,0,WET,NORMAL,8,0,81,False,1,DIM,FOG,0,54,True,True,0,SAFE,SAFE,SAFE,10,0,100,False,1,0,0,12,100,53.852324052560505,False,True,True,False,True,False
46.43,54.17,4404,3,12,1,12.0,90.0,7967.5,90.0,114.94,False,7.88,13.96,0,10,0,False,False,0,WET,NORMAL,8,0,81,False,1,DIM,FOG,0,54,True,True,0,SAFE,SAFE,SAFE,10,0,100,False,1,0,0,12,100,54,False,True,True,False,True,False
46.47,54.04,4394,3,12,1,12.0,90.0,7826.2,90.0,115.01,False,7.84,14.03,0,10,0,False,False,0,WET,NORMAL,8,0,81,False,1,DIM,FOG,0,54,True,True,0,SAFE,SAFE,SAFE,10,0,100,False,1,0,0,12,100,54,False,True,True,False,True,False
46.5,53.89,4381,3,12,1,12.0,90.0,7976.6,90.0,114.75,False,7.8,14.06,0,10,0,False,False,0,WET,NORMAL,8,0,81,False,1,DIM,FOG,8,54,True,True,0,SAFE,SAFE,SAFE,10,0,100,False,1,8,0,12,100,54,False,True,True,False,True,False
46.53,53.76,4371,3,12,1,12.0,90.0,7938.2,90.0,114.49,False,7.77,14.08,0,10,0,False,False,0,WET,NORMAL,8,0,81,False,1,DIM,FOG,8,54,True,True,0,SAFE,SAFE,SAFE,10,0,100,False,1,8,0,12,100,54,False,True,True,False,True,False
46.57,53.65,4362,3,12,1,12.0,90.0,7821.3,90.0,114.24,False,7.75,14.09,0,10,0,False,False,0,WET,NORMAL,8,0,81,False,1,DIM,FOG,8,54,True,True,0,SAFE,SAFE,SAFE,10,0,100,False,1,8,0,12,100,54,False,True,True,False,True,False
46.6,53.57,4356,3,12,1,12.0,90.0,7933.4,90.0,113.98,False,7.73,14.09,0,10,0,False,False,0,WET,NORMAL,8,0,81,False,1,DIM,FOG,8,54,True,True,0,SAFE,SAFE,SAFE,10,0,100,False,1,8,0,12,100,52.861153221717586,False,True,True,False,True,False
46.63,53.52,4351,3,12,1,12.0,90.0,7925.2,90.0,113.72,False,7.72,14.08,0,10,0,False,False,0,WET,NORMAL,8,0,81,False,1,DIM,FOG,8,54,True,True,0,SAFE,SAFE,SAFE,10,0,100,False,1,8,0,12,100,54,False,True,True,False,True,False
46.67,53.48,4348,3,12,1,12.0,90.0,7835.5,90.0,113.46,False,7.71,14.07,0,10,0,False,False,0,WET,NORMAL,8,0,81,False,1,DIM,FOG,8,54,True,True,0,SAFE,SAFE,SAFE,10,0,100,False,1,8,0,12,100,54,False,True,True,False,True,False
46.7,53.45,4345,3,12,1,12.0,90.0,7877.9,90.0,113.21,False,7.7,14.05,0,10,0,False,False,0,WET,NORMAL,8,0,81,False,1,DIM,FOG,8,54,True,True,0,SAFE,SAFE,SAFE,10,0,100,False,1,8,0,12,100,54,False,True,True,False,True,False
46.73,53.46,4346,3,12,1,12.0,90.0,7851.5,90.0,112.95,False,7.7,14.02,0,10,0,False,False,0,WET,NORMAL,8,0,81,False,1,DIM,FOG,8,54,True,True,0,SAFE,SAFE,SAFE,10,0,100,False,1,8,0,12,100,54,False,True,True,False,True,False
46.77,53.51,4351,3,12,1,12.0,90.0,7929.6,90.0,112.69,False,7.71,13.96,0,10,0,False,False,0,WET,NORMAL,8,0,81,False,1,DIM,FOG,8,54,True,True,0,SAFE,SAFE,SAFE,10,0,100,False,1,8,0,12,100,54,False,True,True,False,True,False
46.8,53.6,4358,3,12,1,12.0,90.0,7887.6,90.0,112.44,False,7.73,13.89,0,10,0,False,False,0,WET,NORMAL,8,0,81,False,1,DIM,FOG,8,54,True,True,0,SAFE,SAFE,SAFE,10,0,100,False,1,8,0,12,100,51.86573516737464,False,True,True,False,True,False
46.83,53.71,4367,3,12,1,12.0,90.0,7879.9,90.0,112.18,False,7.76,13.81,0,10,0,False,False,0,WET,NORMAL,8,0,81,False,1,DIM,FOG,8,54,True,True,0,SAFE,SAFE,SAFE,10,0,100,False,1,8,0,12,100,53.419839012864806,False,True,True,False,True,False
46.87,53.79,4373,3,12,1,12.0,90.0,7837.6,90.0,111.92,False,7.78,13.75,0,10,0,False,False,0,WET,NORMAL,8,0,81,False,1,DIM,FOG,8,54,True,True,0,SAFE,SAFE,SAFE,10,0,100,False,1,8,0,12,100,54,False,True,True,False,True,False
46.9,53.82,4376,3,12,1,12.0,90.0,7869.7,90.0,111.99,False,7.79,13.74,0,10,0,False,False,0,WET,NORMAL,8,0,81,False,1,DIM,FOG,8,54,True,True,0,SAFE,SAFE,SAFE,10,0,100,False,1,8,0,12,100,54,False,True,True,False,True,False
46.93,53.84,4377,3,12,1,12.0,90.0,7944.4,90.0,111.73,False,7.79,13.7,0,10,0,False,False,0,WET,NORMAL,8,0,81,False,1,DIM,FOG,8,54,True,True,0,SAFE,SAFE,SAFE,10,0,100,False,1,8,0,12,100,54,False,True,True,False,True,False
46.97,53.86,4379,3,12,1,12.0,90.0,7977.2,90.0,111.47,False,7.8,13.65,0,10,0,False,False,0,WET,NORMAL,8,0,81,False,1,DIM,FOG,8,54,True,True,0,SAFE,SAFE,SAFE,10,0,100,False,1,8,0,12,100,54,False,True,True,False,True,False
47.0,53.92,4384,3,12,1,12.0,90.0,7069.7,90.0,111.21,False,7.82,13.59,0,10,0,False,False,0,WET,NORMAL,8,0,81,False,1,DIM,FOG,8,54,True,True,0,SAFE,SAFE,SAFE,10,0,100,False,1,8,0,12,100,51.42901390063719,False,True,True,False,True,False
47.03,54.01,4391,3,12,1,12.0,90.0,7077.9,90.0,110.95,False,7.84,13.51,0,10,0,False,False,0,WET,NORMAL,8,0,81,False,1,DIM,FOG,0,54,True,True,0,SAFE,SAFE,SAFE,10,0,100,False,1,0,0,12,100,53.00408030798773,False,True,True,False,True,False
47.07,54.03,4392,3,12,1,12.0,90.0,7164.1,90.0,110.69,False,7.85,13.46,0,10,0,False,False,0,WET,NORMAL,8,0,81,False,1,DIM,FOG,0,54,True,True,0,SAFE,SAFE,SAFE,10,0,100,False,1,0,0,12,100,54,False,True,True,False,True,False
47.1,53.98,4388,3,12,1,12.0,90.0,7053.6,90.0,110.43,False,7.84,13.45,0,10,0,False,False,0,WET,NORMAL,8,0,81,False,1,DIM,FOG,8,54,True,True,0,SAFE,SAFE,SAFE,10,0,100,False,1,8,0,12,100,54,False,True,True,False,True,False
47.13,53.92,4384,3,12,1,12.0,90.0,7043.7,90.0,110.17,False,7.83,13.44,0,10,0,False,False,0,WET,NORMAL,8,0,81,False,1,DIM,FOG,8,54,True,True,0,SAFE,SAFE,SAFE,10,0,100,False,1,8,0,12,100,54,False,True,True,False,True,False
47.17,53.87,4380,3,12,1,12.0,90.0,7101.6,90.0,109.91,False,7.81,13.43,0,10,0,False,False,0,WET,NORMAL,8,0,81,False,1,DIM,FOG,8,54,True,True,0,SAFE,SAFE,SAFE,10,0,100,False,1,8,0,12,100,54,False,True,True,False,True,False
47.2,53.83,4376,3,12,1,12.0,90.0,6976.4,90.0,109.65,False,7.8,13.41,0,10,0,False,False,0,WET,NORMAL,8,0,81,False,1,DIM,FOG,8,54,True,True,0,SAFE,SAFE,SAFE,10,0,100,False,1,8,0,12,100,54,False,True,True,False,True,False
47.23,53.82,4376,3,12,1,12.0,90.0,7139.4,90.0,109.39,False,7.8,13.39,0,10,0,False,False,0,WET,NORMAL,8,0,81,False,1,DIM,FOG,8,54,True,True,0,SAFE,SAFE,SAFE,10,0,100,False,1,8,0,12,100,52.56355884149559,False,True,True,False,True,False
47.27,53.85,4378,3,12,1,12.0,90.0,7140.4,90.0,109.13,False,7.8,13.34,0,10,0,False,False,0,WET,NORMAL,8,0,81,False,1,DIM,FOG,8,54,True,True,0,SAFE,SAFE,SAFE,10,0,100,False,1,8,0,12,100,54,False,True,True,False,True,False
47.3,53.89,4381,3,12,1,12.0,90.0,6977.1,90.0,108.97,False,7.81,13.31,0,10,0,False,False,0,WET,NORMAL,8,0,81,False,1,DIM,FOG,8,54,True,True,0,SAFE,SAFE,SAFE,10,0,100,False,1,8,0,12,100,54,False,True,True,False,True,False
47.33,53.95,4386,3,12,1,12.0,90.0,7054.1,90.0,108.94,False,7.83,13.28,0,10,0,False,False,0,WET,NORMAL,8,0,81,False,1,DIM,FOG,8,54,True,True,0,SAFE,SAFE,SAFE,10,0,100,False,1,8,0,12,100,54,False,True,True,False,True,False
47.37,54.04,4394,3,12,1,12.0,90.0,7148.3,90.0,108.68,False,7.85,13.2,0,10,0,False,False,0,WET,NORMAL,8,0,81,False,1,DIM,FOG,0,54,True,True,0,SAFE,SAFE,SAFE,10,0,100,False,1,0,0,12,100,54,False,True,True,False,True,False
47.4,54.11,4399,3,12,1,12.0,90.0,6983.5,90.0,108.42,False,7.87,13.14,0,10,0,False,False,0,WET,NORMAL,8,0,81,False,1,DIM,FOG,0,54,True,True,0,SAFE,SAFE,SAFE,10,0,100,False,1,0,0,12,100,54,False,True,True,False,True,False
47.43,54.14,4401,3,12,1,12.0,90.0,6989.0,90.0,108.15,False,7.88,13.1,0,10,0,False,False,0,WET,NORMAL,8,0,81,False,1,DIM,FOG,0,54,True,True,0,SAFE,SAFE,SAFE,10,0,100,False,1,0,0,12,100,51.96872677683964,False,True,True,False,True,False
47.47,54.1,4398,3,12,1,12.0,90.0,7095.7,90.0,107.89,False,7.87,13.08,0,10,0,False,False,0,WET,NORMAL,8,0,81,False,1,DIM,FOG,0,54,True,True,0,SAFE,SAFE,SAFE,10,0,100,False,1,0,0,12,100,53.50664396532066,False,True,True,False,True,False
47.5,54.0,4390,3,12,1,12.0,90.0,7087.1,90.0,107.63,False,7.84,13.09,0,10,0,False,False,0,WET,NORMAL,8,0,81,False,1,DIM,FOG,0,54,True,True,0,SAFE,SAFE,SAFE,10,0,100,False,1,0,0,12,100,54,False,True,True,False,True,False
47.53,53.87,4379,3,12,1,12.0,90.0,7147.2,90.0,107.37,False,7.8,13.12,0,10,0,False,False,0,WET,NORMAL,8,0,81,False,1,DIM,FOG,8,54,True,True,0,SAFE,SAFE,SAFE,10,0,100,False,1,8,0,12,100,54,False,True,True,False,True,False
47.57,53.76,4371,3,12,1,12.0,90.0,7042.1,90.0,107.3,False,7.78,13.16,0,10,0,False,False,0,WET,NORMAL,8,0,81,False,1,DIM,FOG,8,54,True,True,0,SAFE,SAFE,SAFE,10,0,100,False,1,8,0,12,100,54,False,True,True,False,True,False
47.6,53.66,4363,3,12,1,12.0,90.0,7160.0,90.0,107.04,False,7.75,13.17,0,10,0,False,False,0,WET,NORMAL,8,0,81,False,1,DIM,FOG,8,54,True,True,0,SAFE,SAFE,SAFE,10,0,100,False,1,8,0,12,100,54,False,True,True,False,True,False
47.63,53.59,4357,3,12,1,12.0,90.0,7146.8,90.0,106.78,False,7.73,13.17,0,10,0,False,False,0,WET,NORMAL,8,0,81,False,1,DIM,FOG,8,54,True,True,0,SAFE,SAFE,SAFE,10,0,100,False,1,8,0,12,100,51.27036471748471,False,True,True,False,True,False
47.67,53.54,4353,3,12,1,12.0,90.0,7105.5,90.0,106.53,False,7.72,13.15,0,10,0,False,False,0,WET,NORMAL,8,0,81,False,1,DIM,FOG,8,54,True,True,0,SAFE,SAFE,SAFE,10,0,100,False,1,8,0,12,100,52.77796117853838,False,True,True,False,True,False
47.7,53.49,4349,3,12,1,12.0,90.0,6999.4,90.0,106.27,False,7.7,13.14,0,10,0,False,False,0,WET,NORMAL,8,0,81,False,1,DIM,FOG,8,54,True,True,0,SAFE,SAFE,SAFE,10,0,100,False,1,8,0,12,100,54,False,True,True,False,True,False
47.73,53.41,4342,3,12,1,12.0,90.0,6988.7,90.0,106.01,False,7.68,13.15,0,10,0,False,False,0,WET,NORMAL,8,0,81,False,1,DIM,FOG,8,54,True,True,0,SAFE,SAFE,SAFE,10,0,100,False,1,8,0,12,100,54,False,True,True,False,True,False
47.77,53.32,4335,3,12,1,12.0,90.0,7011.9,90.0,105.76,False,7.66,13.16,0,10,0,False,False,0,WET,NORMAL,8,0,81,False,1,DIM,FOG,8,54,True,True,0,SAFE,SAFE,SAFE,10,0,100,False,1,8,0,12,100,54,False,True,True,False,True,False
47.8,53.26,4330,3,12,1,12.0,90.0,7083.2,90.0,105.5,False,7.64,13.16,0,10,0,False,False,0,WET,NORMAL,8,0,81,False,1,DIM,FOG,8,54,True,True,0,SAFE,SAFE,SAFE,10,0,100,False,1,8,0,12,100,54,False,True,True,False,True,False
47.83,53.24,4328,3,12,1,12.0,90.0,7119.9,90.0,105.25,False,7.63,13.14,0,10,0,False,False,0,WET,NORMAL,8,0,81,False,1,DIM,FOG,8,54,True,True,0,SAFE,SAFE,SAFE,10,0,100,False,1,8,0,12,100,54,False,True,True,False,True,False
47.87,53.26,4330,3,12,1,12.0,90.0,7049.9,90.0,104.99,False,7.64,13.09,0,10,0,False,False,0,WET,NORMAL,8,0,81,False,1,DIM,FOG,8,54,True,True,0,SAFE,SAFE,SAFE,10,0,100,False,1,8,0,12,100,52.35151025936854,False,True,True,False,True,False
47.9,53.32,4335,3,12,1,12.0,90.0,7064.7,90.0,104.74,False,7.65,13.03,0,10,0,False,False,0,WET,NORMAL,8,0,81,False,1,DIM,FOG,8,54,True,True,0,SAFE,SAFE,SAFE,10,0,100,False,1,8,0,12,100,53.92127914948195,False,True,True,False,True,False
47.93,53.38,4339,3,12,1,12.0,90.0,7054.3,90.0,104.48,False,7.67,12.97,0,10,0,False,False,0,WET,NORMAL,8,0,81,False,1,DIM,FOG,8,54,True,True,0,SAFE,SAFE,SAFE,10,0,100,False,1,8,0,12,100,54,False,True,True,False,True,False
47.97,53.45,4346,3,12,1,12.0,90.0,6969.6,90.0,104.37,False,7.69,12.92,0,10,0,False,False,0,WET,NORMAL,8,0,81,False,1,DIM,FOG,8,54,True,True,0,SAFE,SAFE,SAFE,10,0,100,False,1,8,0,12,100,54,False,True,True,False,True,False
48.0,53.56,4354,3,12,1,12.0,90.0,6228.4,90.0,104.31,False,7.72,12.87,0,10,0,False,False,0,WET,NORMAL,8,0,81,False,1,DIM,FOG,8,54,True,True,0,SAFE,SAFE,SAFE,10,0,100,False,1,8,0,12,100,54,False,True,True,False,True,False
48.03,53.69,4365,3,12,1,12.0,90.0,6219.2,90.0,104.05,False,7.76,12.77,0,10,0,False,False,0,WET,NORMAL,8,0,81,False,1,DIM,FOG,8,54,True,True,0,SAFE,SAFE,SAFE,10,0,100,False,1,8,0,12,100,54,False,True,True,False,True,False
48.07,53.84,4377,3,12,1,12.0,90.0,6277.3,90.0,103.79,False,7.8,12.67,0,10,0,False,False,0,WET,NORMAL,8,0,81,False,1,DIM,FOG,8,54,True,True,0,SAFE,SAFE,SAFE,10,0,100,False,1,8,0,12,100,52.08998140597104,False,True,True,False,True,False
48.1,53.99,4390,3,12,1,12.0,90.0,6129.5,90.0,103.53,False,7.84,12.57,0,10,0,False,False,0,WET,NORMAL,8,0,81,False,1,DIM,FOG,8,54,True,True,0,SAFE,SAFE,SAFE,10,0,100,False,1,8,0,12,100,53.72967614946282,False,True,True,False,True,False
48.13,54.11,4399,3,12,1,12.0,90.0,6293.6,90.0,103.27,False,7.87,12.48,0,10,0,False,False,0,WET,NORMAL,8,0,81,False,1,DIM,FOG,0,54,True,True,0,SAFE,SAFE,SAFE,10,0,100,False,1,0,0,12,100,54,False,True,True,False,True,False
48.17,54.11,4399,3,12,1,12.0,90.0,6175.9,90.0,103.0,False,7.88,12.44,0,10,0,False,False,0,WET,NORMAL,8,0,81,False,1,DIM,FOG,0,54,True,True,0,SAFE,SAFE,SAFE,10,0,100,False,1,0,0,12,100,54,False,True,True,False,True,False
48.2,54.03,4393,3,12,1,12.0,90.0,6148.6,90.0,102.74,False,7.85,12.45,0,10,0,False,False,0,WET,NORMAL,8,0,81,False,1,DIM,FOG,0,54,True,True,0,SAFE,SAFE,SAFE,10,0,100,False,1,0,0,12,100,54,False,True,True,False,True,False
48.23,53.91,4383,3,12,1,12.0,90.0,6120.9,90.0,102.48,False,7.82,12.47,0,10,0,False,False,0,WET,NORMAL,8,0,81,False,1,DIM,FOG,8,54,True,True,0,SAFE,SAFE,SAFE,10,0,100,False,1,8,0,12,100,54,False,True,True,False,True,False
48.27,53.81,4375,3,12,1,12.0,90.0,6303.6,90.0,102.22,False,7.79,12.48,0,10,0,False,False,0,WET,NORMAL,8,0,81,False,1,DIM,FOG,8,54,True,True,0,SAFE,SAFE,SAFE,10,0,100,False,1,8,0,12,100,54,False,True,True,False,True,False
48.3,53.72,4367,3,12,1,12.0,90.0,6116.9,90.0,101.96,False,7.76,12.49,0,10,0,False,False,0,WET,NORMAL,8,0,81,False,1,DIM,FOG,8,54,True,True,0,SAFE,SAFE,SAFE,10,0,100,False,1,8,0,12,100,53.30923515983341,False,True,True,False,True,False
48.33,53.63,4361,3,12,1,12.0,90.0,6173.3,90.0,101.7,False,7.74,12.49,0,10,0,False,False,0,WET,NORMAL,8,0,81,False,1,DIM,FOG,8,54,True,True,0,SAFE,SAFE,SAFE,10,0,100,False,1,8,0,12,100,54,False,True,True,False,True,False
48.37,53.54,4353,3,12,1,12.0,90.0,6196.7,90.0,101.44,False,7.72,12.5,0,10,0,False,False,0,WET,NORMAL,8,0,81,False,1,DIM,FOG,8,54,True,True,0,SAFE,SAFE,SAFE,10,0,100,False,1,8,0,12,100,54,False,True,True,False,True,False
48.4,53.46,4346,3,12,1,12.0,90.0,6264.5,90.0,101.47,False,7.69,12.54,0,10,0,False,False,0,WET,NORMAL,8,0,81,False,1,DIM,FOG,8,54,True,True,0,SAFE,SAFE,SAFE,10,0,100,False,1,8,0,12,100,54,False,True,True,False,True,False
48.43,53.41,4342,3,12,1,12.0,90.0,6269.2,90.0,101.27,False,7.68,12.54,0,10,0,False,False,0,WET,NORMAL,8,0,81,False,1,DIM,FOG,8,54,True,True,0,SAFE,SAFE,SAFE,10,0,100,False,1,8,0,12,100,54,False,True,True,False,True,False
48.47,53.4,4341,3,12,1,12.0,90.0,6284.4,90.0,101.01,False,7.67,12.51,0,10,0,False,False,0,WET,NORMAL,8,0,81,False,1,DIM,FOG,8,54,True,True,0,SAFE,SAFE,SAFE,10,0,100,False,1,8,0,12,100,54,False,True,True,False,True,False
48.5,53.44,4344,3,12,1,12.0,90.0,6202.0,90.0,100.75,False,7.69,12.46,0,10,0,False,False,0,WET,NORMAL,8,0,81,False,1,DIM,FOG,8,54,True,True,0,SAFE,SAFE,SAFE,10,0,100,False,1,8,0,12,100,52.29767979582753,False,True,True,False,True,False
48.53,53.5,4350,3,12,1,12.0,90.0,6227.6,90.0,100.5,False,7.7,12.4,0,10,0,False,False,0,WET,NORMAL,8,0,81,False,1,DIM,FOG,8,54,True,True,0,SAFE,SAFE,SAFE,10,0,100,False,1,8,0,12,100,53.837749391530856,False,True,True,False,True,False
48.57,53.57,4355,3,12,1,12.0,90.0,6192.1,90.0,100.24,False,7.72,12.33,0,10,0,False,False,0,WET,NORMAL,8,0,81,False,1,DIM,FOG,8,54,True,True,0,SAFE,SAFE,SAFE,10,0,100,False,1,8,0,12,100,54,False,True,True,False,True,False
48.6,53.65,4362,3,12,1,12.0,90.0,6111.7,90.0,99.98,False,7.75,12.26,0,10,0,False,False,0,WET,NORMAL,8,0,81,False,1,DIM,FOG,8,54,True,True,0,SAFE,SAFE,SAFE,10,0,100,False,1,8,0,12,100,54,False,True,True,False,True,False
48.63,53.76,4371,3,12,1,12.0,90.0,6146.3,90.0,99.72,False,7.78,12.18,0,10,0,False,False,0,WET,NORMAL,8,0,81,False,1,DIM,FOG,8,54,True,True,0,SAFE,SAFE,SAFE,10,0,100,False,1,8,0,12,100,54,False,True,True,False,True,False
48.67,53.9,4382,3,12,1,12.0,90.0,6292.0,90.0,99.46,False,7.82,12.09,0,10,0,False,False,0,WET,NORMAL,8,0,81,False,1,DIM,FOG,8,54,True,True,0,SAFE,SAFE,SAFE,10,0,100,False,1,8,0,12,100,54,False,True,True,False,True,False
48.7,54.05,4394,3,12,1,12.0,90.0,6254.5,90.0,99.2,False,7.86,11.99,0,10,0,False,False,0,WET,NORMAL,8,0,81,False,1,DIM,FOG,0,54,True,True,0,SAFE,SAFE,SAFE,10,0,100,False,1,0,0,12,100,51.894957526996535,False,True,True,False,True,False
48.73,54.16,4404,3,12,1,12.0,90.0,6146.2,90.0,98.94,False,7.89,11.91,0,10,0,False,False,0,WET,NORMAL,8,0,81,False,1,DIM,FOG,0,54,True,True,0,SAFE,SAFE,SAFE,10,0,100,False,1,0,0,12,100,53.524895328170636,False,True,True,False,True,False
48.77,54.22,4408,3,12,1,12.0,90.0,6194.8,90.0,98.68,False,7.91,11.85,0,10,0,False,False,0,WET,NORMAL,8,0,81,False,1,DIM,FOG,0,54,True,True,0,SAFE,SAFE,SAFE,10,0,100,False,1,0,0,12,100,54,False,True,True,False,True,False
48.8,54.21,4407,3,12,1,12.0,90.0,6167.0,90.0,98.41,False,7.9,11.82,0,10,0,False,False,0,WET,NORMAL,8,0,81,False,1,DIM,FOG,0,54,True,True,0,SAFE,SAFE,SAFE,10,0,100,False,1,0,0,12,100,54,False,True,True,False,True,False
48.83,54.13,4401,3,12,1,12.0,90.0,6136.5,90.0,98.49,False,7.88,11.86,0,10,0,False,False,0,WET,NORMAL,8,0,81,False,1,DIM,FOG,0,54,True,True,0,SAFE,SAFE,SAFE,10,0,100,False,1,0,0,12,100,54,False,True,True,False,True,False
48.87,54.01,4391,3,12,1,12.0,90.0,6249.2,90.0,98.22,False,7.85,11.88,0,10,0,False,False,0,WET,NORMAL,8,0,81,False,1,DIM,FOG,0,54,True,True,0,SAFE,SAFE,SAFE,10,0,100,False,1,0,0,12,100,54,False,True,True,False,True,False
48.9,53.86,4379,3,12,1,12.0,90.0,6270.8,90.0,97.96,False,7.8,11.91,0,10,0,False,False,0,WET,NORMAL,8,0,81,False,1,DIM,FOG,8,54,True,True,0,SAFE,SAFE,SAFE,10,0,100,False,1,8,0,12,100,54,False,True,True,False,True,False
48.93,53.73,4368,3,12,1,12.0,90.0,6295.0,90.0,97.7,False,7.77,11.93,0,10,0,False,False,0,WET,NORMAL,8,0,81,False,1,DIM,FOG,8,54,True,True,0,SAFE,SAFE,SAFE,10,0,100,False,1,8,0,12,100,52.996731747760734,False,True,True,False,True,False
48.97,53.61,4359,3,12,1,12.0,90.0,6177.2,90.0,97.45,False,7.74,11.95,0,10,0,False,False,0,WET,NORMAL,8,0,81,False,1,DIM,FOG,8,54,True,True,0,SAFE,SAFE,SAFE,10,0,100,False,1,8,0,12,100,54,False,True,True,False,True,False
49.0,53.49,4349,3,12,1,12.0,90.0,5366.7,90.0,97.19,False,7.7,11.97,0,10,0,False,False,0,WET,NORMAL,8,0,81,False,1,DIM,FOG,8,54,True,True,0,SAFE,SAFE,SAFE,10,0,100,False,1,8,0,12,100,54,False,True,True,False,True,False
49.03,53.37,4339,3,12,1,12.0,90.0,5324.3,90.0,96.93,False,7.67,11.99,0,10,0,False,False,0,WET,NORMAL,8,0,81,False,1,DIM,FOG,8,54,True,True,0,SAFE,SAFE,SAFE,10,0,100,False,1,8,0,12,100,54,False,True,True,False,True,False
49.07,53.29,4332,3,12,1,12.0,90.0,5279.8,90.0,96.68,False,7.64,11.99,0,10,0,False,False,0,WET,NORMAL,8,0,81,False,1,DIM,FOG,8,54,True,True,0,SAFE,SAFE,SAFE,10,0,100,False,1,8,0,12,100,54,False,True,True,False,True,False
49.1,53.25,4329,3,12,1,12.0,90.0,5349.3,90.0,96.42,False,7.63,11.98,0,10,0,False,False,0,WET,NORMAL,8,0,81,False,1,DIM,FOG,8,54,True,True,0,SAFE,SAFE,SAFE,10,0,100,False,1,8,0,12,100,54,False,True,True,False,True,False
49.13,53.26,4330,3,12,1,12.0,90.0,5414.8,90.0,96.17,False,7.64,11.94,0,10,0,False,False,0,WET,NORMAL,8,0,81,False,1,DIM,FOG,8,54,True,True,0,SAFE,SAFE,SAFE,10,0,100,False,1,8,0,12,100,51.93833608042518,False,True,True,False,True,False
49.17,53.3,4333,3,12,1,12.0,90.0,5302.6,90.0,95.91,False,7.65,11.88,0,10,0,False,False,0,WET,NORMAL,8,0,81,False,1,DIM,FOG,8,54,True,True,0,SAFE,SAFE,SAFE,10,0,100,False,1,8,0,12,100,53.466467606534366,False,True,True,False,True,False
49.2,53.35,4337,3,12,1,12.0,90.0,5319.5,90.0,95.66,False,7.66,11.83,0,10,0,False,False,0,WET,NORMAL,8,0,81,False,1,DIM,FOG,8,54,True,True,0,SAFE,SAFE,SAFE,10,0,100,False,1,8,0,12,100,54,False,True,True,False,True,False
49.23,53.42,4343,3,12,1,12.0,90.0,5319.5,90.0,95.44,False,7.68,11.77,0,10,0,False,False,0,WET,NORMAL,8,0,81,False,1,DIM,FOG,8,54,True,True,0,SAFE,SAFE,SAFE,10,0,100,False,1,8,0,12,100,54,False,True,True,False,True,False
49.27,53.52,4351,3,12,1,12.0,90.0,5304.6,90.0,95.48,False,7.71,11.74,0,10,0,False,False,0,WET,NORMAL,8,0,81,False,1,DIM,FOG,8,54,True,True,0,SAFE,SAFE,SAFE,10,0,100,False,1,8,0,12,100,54,False,True,True,False,True,False
49.3,53.65,4362,3,12,1,12.0,90.0,5272.9,90.0,95.22,False,7.72,11.69,0,10,0,False,False,0,WET,NORMAL,8,0,81,False,1,DIM,FOG,8,54,True,True,0,SAFE,SAFE,SAFE,10,0,100,False,1,8,0,12,100,54,False,True,True,False,True,False
49.33,53.79,4373,3,12,1,12.0,90.0,5279.2,90.0,94.97,False,7.71,11.67,0,10,0,False,False,0,WET,NORMAL,8,0,81,False,1,DIM,FOG,8,54,True,True,0,SAFE,SAFE,SAFE,10,0,100,False,1,8,0,12,100,51.59964024095957,False,True,True,False,True,False
49.37,53.95,4386,3,12,1,12.0,90.0,5290.6,90.0,94.71,False,7.68,11.67,0,10,0,False,False,0,WET,NORMAL,8,0,81,False,1,DIM,FOG,8,54,True,True,0,SAFE,SAFE,SAFE,10,0,100,False,1,8,0,12,100,53.23878995441246,False,True,True,False,True,False
49.4,54.06,4395,3,12,1,12.0,90.0,5287.1,90.0,94.45,False,7.63,11.73,0,10,0,False,False,0,WET,NORMAL,8,0,81,False,1,DIM,FOG,0,54,True,True,0,SAFE,SAFE,SAFE,10,0,100,False,1,0,0,12,100,54,False,True,True,False,True,False
49.43,54.06,4395,3,12,1,12.0,90.0,5354.4,90.0,94.2,False,7.53,11.85,0,10,0,False,False,0,WET,NORMAL,8,0,81,False,1,DIM,FOG,0,54,True,True,0,SAFE,SAFE,SAFE,10,0,100,False,1,0,0,12,100,54,False,True,True,False,True,False
49.47,53.98,4389,3,12,1,12.0,90.0,5325.7,90.0,93.95,False,7.39,12.03,0,10,0,False,False,0,WET,NORMAL,8,0,81,False,1,DIM,FOG,8,54,True,True,0,SAFE,SAFE,SAFE,10,0,100,False,1,8,0,12,100,54,False,True,True,False,True,False
49.5,53.91,4383,3,12,1,12.0,90.0,5347.9,90.0,93.71,False,7.25,12.24,0,10,0,False,False,0,WET,NORMAL,8,0,81,False,1,DIM,FOG,8,54,True,True,0,SAFE,SAFE,SAFE,10,0,100,False,1,8,0,12,100,54,False,True,True,False,True,False
49.53,53.84,4377,3,12,1,12.0,90.0,5367.5,90.0,93.47,False,7.22,12.26,0,10,0,False,False,0,WET,NORMAL,8,0,81,False,1,DIM,FOG,8,54,True,True,0,SAFE,SAFE,SAFE,10,0,100,False,1,8,0,12,100,54,False,True,True,False,True,False
49.57,53.79,4373,3,12,1,12.0,90.0,5414.5,90.0,93.23,False,7.22,12.21,0,10,0,False,False,0,WET,NORMAL,8,0,81,False,1,DIM,FOG,8,54,True,True,0,SAFE,SAFE,SAFE,10,0,100,False,1,8,0,12,100,52.96843610588313,False,True,True,False,True,False
49.6,53.76,4371,3,12,1,12.0,90.0,5346.6,90.0,92.99,False,7.24,12.16,0,10,0,False,False,0,WET,NORMAL,8,0,81,False,1,DIM,FOG,8,54,True,True,0,SAFE,SAFE,SAFE,10,0,100,False,1,8,0,12,100,54,False,True,True,False,True,False
49.63,53.73,4368,3,12,1,12.0,90.0,5459.9,90.0,92.75,False,7.25,12.11,0,10,0,False,False,0,WET,NORMAL,8,0,81,False,1,DIM,FOG,8,54,True,True,0,SAFE,SAFE,SAFE,10,0,100,False,1,8,0,12,100,54,False,True,True,False,True,False
49.67,53.71,4367,3,12,1,12.0,90.0,5371.0,90.0,92.68,False,7.26,12.07,0,10,0,False,False,0,WET,NORMAL,8,0,81,False,1,DIM,FOG,8,54,True,True,0,SAFE,SAFE,SAFE,10,0,100,False,1,8,0,12,100,54,False,True,True,False,True,False
49.7,53.73,4368,3,12,1,12.0,90.0,5400.0,90.0,92.6,False,7.29,12.02,0,10,0,False,False,0,WET,NORMAL,8,0,81,False,1,DIM,FOG,8,54,True,True,0,SAFE,SAFE,SAFE,10,0,100,False,1,8,0,12,100,54,False,True,True,False,True,False
49.73,53.79,4373,3,12,1,12.0,90.0,5274.1,90.0,92.35,False,7.33,11.93,0,10,0,False,False,0,WET,NORMAL,8,0,81,False,1,DIM,FOG,8,54,True,True,0,SAFE,SAFE,SAFE,10,0,100,False,1,8,0,12,100,54,False,True,True,False,True,False
49.77,53.89,4381,3,12,1,12.0,90.0,5387.8,90.0,92.11,False,7.37,11.82,0,10,0,False,False,0,WET,NORMAL,8,0,81,False,1,DIM,FOG,8,54,True,True,0,SAFE,SAFE,SAFE,10,0,100,False,1,8,0,12,100,52.21100648354198,False,True,True,False,True,False
49.8,54.0,4390,3,12,1,12.0,90.0,5378.5,90.0,91.86,False,7.42,11.7,0,10,0,False,False,0,WET,NORMAL,8,0,81,False,1,DIM,FOG,0,54,True,True,0,SAFE,SAFE,SAFE,10,0,100,False,1,0,0,12,100,53.78812377417884,False,True,True,False,True,False
49.83,54.04,4394,3,12,1,12.0,90.0,5366.3,90.0,91.61,False,7.45,11.62,0,10,0,False,False,0,WET,NORMAL,8,0,81,False,1,DIM,FOG,0,54,True,True,0,SAFE,SAFE,SAFE,10,0,100,False,1,0,0,12,100,54,False,True,True,False,True,False
49.87,54.01,4391,3,12,1,12.0,90.0,5459.5,90.0,91.36,False,7.46,11.57,0,10,0,False,False,0,WET,NORMAL,8,0,81,False,1,DIM,FOG,0,54,True,True,0,SAFE,SAFE,SAFE,10,0,100,False,1,0,0,12,100,54,False,True,True,False,True,False
49.9,53.91,4383,3,12,1,12.0,90.0,5395.8,90.0,91.12,False,7.46,11.55,0,10,0,False,False,0,WET,NORMAL,8,0,81,False,1,DIM,FOG,8,54,True,True,0,SAFE,SAFE,SAFE,10,0,100,False,1,8,0,12,100,54,False,True,True,False,True,False
49.93,53.83,4377,3,12,1,12.0,90.0,5282.1,90.0,90.87,False,7.45,11.52,0,10,0,False,False,0,WET,NORMAL,8,0,81,False,1,DIM,FOG,8,54,True,True,0,SAFE,SAFE,SAFE,10,0,100,False,1,8,0,12,100,54,False,True,True,False,True,False
49.97,53.75,4370,3,12,1,12.0,90.0,5266.5,90.0,90.62,False,7.45,11.49,0,10,0,False,False,0,WET,NORMAL,8,0,81,False,1,DIM,FOG,8,54,True,True,0,SAFE,SAFE,SAFE,10,0,100,False,1,8,0,12,100,51.6692618223416,False,True,True,False,True,False
50.0,53.68,4364,3,12,1,12.0,90.0,4443.3,90.0,90.37,False,7.45,11.46,0,10,0,False,False,0,WET,NORMAL,8,0,81,False,1,DIM,FOG,8,54,True,True,0,SAFE,SAFE,SAFE,10,0,100,False,1,8,0,12,100,53.195872237385004,False,True,True,False,True,False
50.03,53.59,4357,3,12,1,12.0,90.0,4474.9,90.0,90.12,False,7.33,11.61,0,10,0,False,False,0,WET,NORMAL,8,0,81,False,1,DIM,FOG,8,54,True,True,0,SAFE,SAFE,SAFE,10,0,100,False,1,8,0,12,100,54,False,True,True,False,True,False
50.07,53.48,4348,3,12,1,12.0,90.0,4409.4,90.0,89.88,False,7.09,11.97,0,10,0,False,False,0,WET,NORMAL,8,0,81,False,1,DIM,FOG,8,54,True,True,0,SAFE,SAFE,SAFE,10,0,100,False,1,8,0,12,100,54,False,True,True,False,True,False
50.1,53.38,4340,3,12,1,12.0,90.0,4424.5,90.0,89.97,False,6.86,12.39,0,10,0,False,False,0,WET,NORMAL,8,0,81,False,1,DIM,FOG,8,54,True,True,0,SAFE,SAFE,SAFE,10,0,100,False,1,8,0,12,100,54,False,True,True,False,True,False
50.13,53.3,4334,3,12,1,12.0,90.0,4468.2,90.0,89.76,False,6.62,12.8,0,10,0,False,False,0,WET,NORMAL,8,0,81,False,1,DIM,FOG,8,54,True,True,0,SAFE,SAFE,SAFE,10,0,100,False,1,8,0,12,100,54,False,True,True,False,True,False
50.17,53.27,4331,3,12,1,12.0,90.0,4405.4,90.0,89.55,False,6.4,13.22,0,10,0,False,False,0,WET,NORMAL,8,0,81,False,1,DIM,FOG,8,54,True,True,0,SAFE,SAFE,SAFE,10,0,100,False,1,8,0,12,100,54,False,True,True,False,True,False
50.2,53.29,4332,3,12,1,12.0,90.0,4502.1,90.0,89.34,False,6.18,13.65,0,10,0,False,False,0,WET,NORMAL,8,0,81,False,1,DIM,FOG,8,54,True,True,0,SAFE,SAFE,SAFE,10,0,100,False,1,8,0,12,100,52.592837048325066,False,True,True,False,True,False
50.23,53.34,4336,3,12,1,12.0,90.0,4395.9,90.0,89.14,False,5.97,14.08,0,10,0,False,False,0,WET,NORMAL,8,0,81,False,1,DIM,FOG,8,54,True,True,0,SAFE,SAFE,SAFE,10,0,100,False,1,8,0,12,100,54,False,True,True,False,True,False
50.27,53.39,4340,3,12,1,12.0,90.0,4490.9,90.0,88.94,False,5.77,14.56,0,10,0,False,False,0,WET,NORMAL,8,0,81,False,1,DIM,FOG,8,54,True,True,0,SAFE,SAFE,SAFE,10,0,100,False,1,8,0,12,100,54,False,True,True,False,True,False
50.3,53.46,4346,3,12,1,12.0,90.0,4530.1,90.0,88.75,False,5.56,15.06,0,10,0,False,False,0,WET,NORMAL,8,0,81,False,1,DIM,FOG,8,54,True,True,0,SAFE,SAFE,SAFE,10,0,100,False,1,8,0,12,100,54,False,True,True,False,True,False
50.33,53.56,4355,3,12,1,12.0,90.0,4577.7,90.0,88.57,False,5.37,15.57,0,10,0,False,False,0,WET,NORMAL,8,0,81,False,1,DIM,FOG,8,54,True,True,0,SAFE,SAFE,SAFE,10,0,100,False,1,8,0,12,100,54,False,True,True,False,True,False
50.37,53.69,4365,3,12,1,12.0,90.0,4467.6,90.0,88.4,False,5.18,16.1,0,10,0,False,False,0,WET,NORMAL,8,0,81,False,1,DIM,FOG,8,54,True,True,0,SAFE,SAFE,SAFE,10,0,100,False,1,8,0,12,100,54,False,True,True,False,True,False
50.4,53.84,4377,3,12,1,12.0,90.0,4575.4,90.0,88.23,False,5.0,16.66,0,10,0,False,False,0,WET,NORMAL,8,0,81,False,1,DIM,FOG,8,54,True,True,0,SAFE,SAFE,SAFE,10,0,100,False,1,8,0,12,100,52.17110123003599,False,True,True,False,True,False
50.43,53.99,4390,3,12,1,12.0,90.0,4461.0,90.0,88.07,False,4.81,17.26,0,10,0,False,False,0,WET,NORMAL,8,0,81,False,1,DIM,FOG,8,54,True,True,0,SAFE,SAFE,SAFE,10,0,100,False,1,8,0,12,100,53.80796963770729,False,True,True,False,True,False
50.47,54.11,4399,3,12,1,12.0,90.0,4577.3,90.0,87.91,False,4.62,17.94,0,10,0,False,False,0,WET,NORMAL,8,0,81,False,1,DIM,FOG,0,54,True,True,0,SAFE,SAFE,SAFE,10,0,100,False,1,0,0,12,100,54,False,True,True,False,True,False
50.5,54.11,4399,3,12,1,12.0,90.0,4516.8,90.0,87.76,False,4.4,18.81,0,10,0,False,False,0,WET,NORMAL,8,0,81,False,1,DIM,FOG,0,54,True,True,0,SAFE,SAFE,SAFE,10,0,100,False,1,0,0,12,100,54,False,True,True,False,True,False
50.53,54.03,4392,3,12,1,12.0,90.0,4403.0,90.0,87.95,False,4.16,19.96,0,10,0,False,False,0,WET,NORMAL,8,0,81,False,1,DIM,FOG,0,54,True,True,0,SAFE,SAFE,SAFE,10,0,100,False,1,0,0,12,100,54,False,True,True,False,True,False
50.57,53.9,4382,3,12,1,12.0,90.0,4500.2,90.0,87.82,False,3.9,20.0,0,10,0,False,False,0,WET,NORMAL,8,0,81,False,1,DIM,FOG,8,54,True,True,0,SAFE,SAFE,SAFE,10,0,100,False,1,8,0,12,100,54,False,True,True,False,True,False
50.6,53.8,4374,3,12,1,12.0,90.0,4440.2,90.0,87.7,False,3.65,20.0,0,10,0,False,False,0,WET,NORMAL,8,0,81,False,1,DIM,FOG,8,54,True,True,0,SAFE,SAFE,SAFE,10,0,100,False,1,8,0,12,100,54,False,True,True,False,True,False
50.63,53.71,4367,3,12,1,12.0,90.0,4473.2,90.0,87.58,False,3.41,20.0,0,10,0,False,False,0,WET,NORMAL,8,0,81,False,1,DIM,FOG,8,54,True,True,0,SAFE,SAFE,SAFE,10,0,100,False,1,8,0,12,100,53.27588388808395,False,True,True,False,True,False
50.67,53.63,4360,3,12,1,12.0,90.0,4576.6,90.0,87.47,False,3.17,20.0,0,10,0,False,False,0,WET,NORMAL,8,0,81,False,1,DIM,FOG,8,54,True,True,0,SAFE,SAFE,SAFE,10,0,100,False,1,8,0,12,100,54,False,True,True,False,True,False
50.7,53.54,4353,3,12,1,12.0,90.0,4488.9,90.0,87.37,False,2.93,20.0,0,10,0,False,False,0,WET,NORMAL,8,0,81,False,1,DIM,FOG,8,54,True,True,0,SAFE,SAFE,SAFE,10,0,100,False,1,8,0,12,100,54,False,True,True,False,True,False
50.73,53.46,4346,3,12,1,12.0,90.0,4503.0,90.0,87.28,False,2.7,20.0,0,10,0,False,False,0,WET,NORMAL,8,0,81,False,1,DIM,FOG,8,54,True,True,0,SAFE,SAFE,SAFE,10,0,100,False,1,8,0,12,100,54,False,True,True,False,True,False
50.77,53.4,4342,3,12,1,12.0,90.0,4482.5,90.0,87.19,False,2.47,20.0,0,10,0,False,False,0,WET,NORMAL,8,0,81,False,1,DIM,FOG,8,54,True,True,0,SAFE,SAFE,SAFE,10,0,100,False,1,8,0,12,100,54,False,True,True,False,True,False
50.8,53.39,4341,3,12,1,12.0,90.0,4566.8,90.0,87.11,False,2.26,20.0,0,10,0,False,False,0,WET,NORMAL,8,0,81,False,1,DIM,FOG,8,54,True,True,0,SAFE,SAFE,SAFE,10,0,100,False,1,8,0,12,100,54,False,True,True,False,True,False
50.83,53.43,4344,3,12,1,12.0,90.0,4574.8,90.0,87.04,False,2.06,20.0,0,10,0,False,False,0,WET,NORMAL,8,0,81,False,1,DIM,FOG,8,54,True,True,0,SAFE,SAFE,SAFE,10,0,100,False,1,8,0,12,100,51.50273645988485,False,True,True,False,True,False
50.87,53.5,4349,3,12,1,12.0,90.0,4458.0,90.0,86.98,False,1.88,20.0,0,10,0,False,False,0,WET,NORMAL,8,0,81,False,1,DIM,FOG,8,54,True,True,0,SAFE,SAFE,SAFE,10,0,100,False,1,8,0,12,100,53.02231468910677,False,True,True,False,True,False
50.9,53.55,4353,3,12,1,12.0,90.0,4461.1,90.0,86.92,False,1.69,20.0,0,10,0,False,False,0,WET,NORMAL,8,0,81,False,1,DIM,FOG,8,54,True,True,0,SAFE,SAFE,SAFE,10,0,100,False,1,8,0,12,100,54,False,True,True,False,True,False
50.93,53.56,4354,3,12,1,12.0,90.0,4399.7,90.0,86.92,False,1.49,20.0,0,10,0,False,False,0,WET,NORMAL,8,0,81,False,1,DIM,FOG,8,54,True,True,0,SAFE,SAFE,SAFE,10,0,100,False,1,8,0,12,100,54,False,True,True,False,True,False
50.97,53.56,4354,3,12,1,12.0,90.0,4496.0,90.0,87.16,False,1.29,20.0,0,10,0,False,False,0,WET,NORMAL,8,0,81,False,1,DIM,FOG,8,54,True,True,0,SAFE,SAFE,SAFE,10,0,100,False,1,8,0,12,100,54,False,True,True,False,True,False
51.0,53.57,4355,3,12,1,12.0,90.0,3722.0,90.0,87.12,False,1.1,20.0,0,10,0,False,False,0,WET,NORMAL,8,0,81,False,1,DIM,FOG,8,54,True,True,0,SAFE,SAFE,SAFE,10,0,100,False,1,8,0,12,100,54,False,True,True,False,True,False
51.03,53.62,4359,3,12,1,12.0,90.0,3679.3,90.0,87.08,False,0.92,20.0,0,10,0,False,False,0,WET,NORMAL,8,0,81,False,1,DIM,FOG,8,54,True,True,0,SAFE,SAFE,SAFE,10,0,100,False,1,8,0,12,100,50.85009130259618,False,True,True,False,True,False
51.07,53.7,4366,3,12,1,12.0,90.0,3699.5,90.0,87.06,False,0.75,20.0,0,10,0,False,False,0,WET,NORMAL,8,0,81,False,1,DIM,FOG,8,54,True,True,0,SAFE,SAFE,SAFE,10,0,100,False,1,8,0,12,100,52.45530000590843,False,True,True,False,True,False
51.1,53.75,4370,3,12,1,12.0,90.0,3619.9,90.0,87.04,False,0.58,20.0,0,10,0,False,False,0,WET,NORMAL,8,0,81,False,1,DIM,FOG,8,54,True,True,0,SAFE,SAFE,SAFE,10,0,100,False,1,8,0,12,100,54,False,True,True,False,True,False
51.13,53.77,4371,3,12,1,12.0,90.0,3661.8,90.0,87.02,False,0.39,20.0,0,10,0,False,False,0,WET,NORMAL,8,0,81,False,1,DIM,FOG,8,54,True,True,0,SAFE,SAFE,SAFE,10,0,100,False,1,8,0,12,100,54,False,True,True,False,True,False
51.17,53.77,4372,3,12,1,12.0,90.0,3596.9,90.0,87.01,False,0.21,20.0,0,10,0,False,False,0,WET,NORMAL,8,0,81,False,1,DIM,FOG,8,54,True,True,0,SAFE,SAFE,SAFE,10,0,100,False,1,8,0,12,100,54,False,True,True,False,True,False
51.2,53.79,4373,3,12,1,12.0,90.0,3667.9,90.0,87.01,False,0.03,20.0,0,10,0,False,False,0,WET,NORMAL,8,0,81,False,1,DIM,FOG,8,54,True,True,0,SAFE,SAFE,SAFE,10,0,100,False,1,8,0,12,100,54,False,True,True,False,True,False
51.23,53.84,4377,3,12,1,12.0,90.0,3742.7,90.0,87.01,False,0.0,20.0,0,10,0,False,False,0,WET,NORMAL,8,0,81,False,1,DIM,FOG,8,54,True,True,0,SAFE,SAFE,SAFE,10,0,100,False,1,8,0,12,100,54,False,True,True,False,True,False
51.27,53.93,4385,3,12,1,12.0,90.0,3703.9,90.0,87.02,False,0.0,20.0,0,10,0,False,False,0,WET,NORMAL,8,0,81,False,1,DIM,FOG,8,54,True,True,0,SAFE,SAFE,SAFE,10,0,100,False,1,8,0,12,100,52.49413797855669,False,True,True,False,True,False
51.3,54.04,4393,3,12,1,12.0,90.0,3604.6,90.0,87.03,False,0.0,20.0,0,10,0,False,False,0,WET,NORMAL,8,0,81,False,1,DIM,FOG,0,54,True,True,0,SAFE,SAFE,SAFE,10,0,100,False,1,0,0,12,100,54,False,True,True,False,True,False
51.33,54.07,4396,3,12,1,12.0,90.0,3639.6,90.0,87.05,False,0.0,20.0,0,10,0,False,False,0,WET,NORMAL,8,0,81,False,1,DIM,FOG,0,54,True,True,0,SAFE,SAFE,SAFE,10,0,100,False,1,0,0,12,100,54,False,True,True,False,True,False
51.37,54.04,4393,3,12,1,12.0,90.0,3622.5,90.0,87.27,False,0.0,20.0,0,10,0,False,False,0,WET,NORMAL,8,0,81,False,1,DIM,FOG,0,54,True,True,0,SAFE,SAFE,SAFE,10,0,100,False,1,0,0,12,100,54,False,True,True,False,True,False
51.4,53.94,4385,3,12,1,12.0,90.0,3589.6,90.0,87.44,False,0.0,20.0,0,10,0,False,False,0,WET,NORMAL,8,0,81,False,1,DIM,FOG,8,54,True,True,0,SAFE,SAFE,SAFE,10,0,100,False,1,8,0,12,100,54,False,True,True,False,True,False
51.43,53.86,4379,3,12,1,12.0,90.0,3663.2,90.0,87.47,False,0.0,20.0,0,10,0,False,False,0,WET,NORMAL,8,0,81,False,1,DIM,FOG,8,54,True,True,0,SAFE,SAFE,SAFE,10,0,100,False,1,8,0,12,100,54,False,True,True,False,True,False
51.47,53.78,4372,3,12,1,12.0,90.0,3700.6,90.0,87.51,False,0.0,20.0,0,10,0,False,False,0,WET,NORMAL,8,0,81,False,1,DIM,FOG,8,54,True,True,0,SAFE,SAFE,SAFE,10,0,100,False,1,8,0,12,100,52.11188109773747,False,True,True,False,True,False
51.5,53.71,4366,3,12,1,12.0,90.0,3779.0,90.0,87.56,False,0.0,20.0,0,10,0,False,False,0,WET,NORMAL,8,0,81,False,1,DIM,FOG,8,54,True,True,0,SAFE,SAFE,SAFE,10,0,100,False,1,8,0,12,100,53.67092837736464,False,True,True,False,True,False
51.53,53.62,4359,3,12,1,12.0,90.0,3596.5,90.0,87.62,False,0.0,20.0,0,10,0,False,False,0,WET,NORMAL,8,0,81,False,1,DIM,FOG,8,54,True,True,0,SAFE,SAFE,SAFE,10,0,100,False,1,8,0,12,100,54,False,True,True,False,True,False
51.57,53.51,4350,3,12,1,12.0,90.0,3746.9,90.0,87.67,False,0.0,20.0,0,10,0,False,False,0,WET,NORMAL,8,0,81,False,1,DIM,FOG,8,54,True,True,0,SAFE,SAFE,SAFE,10,0,100,False,1,8,0,12,100,54,False,True,True,False,True,False
51.6,53.4,4342,3,12,1,12.0,90.0,3716.0,90.0,87.73,False,0.0,20.0,0,10,0,False,False,0,WET,NORMAL,8,0,81,False,1,DIM,FOG,8,54,True,True,0,SAFE,SAFE,SAFE,10,0,100,False,1,8,0,12,100,54,False,True,True,False,True,False
51.63,53.33,4335,3,12,1,12.0,90.0,3741.2,90.0,87.78,False,0.0,20.0,0,10,0,False,False,0,WET,NORMAL,8,0,81,False,1,DIM,FOG,8,54,True,True,0,SAFE,SAFE,SAFE,10,0,100,False,1,8,0,12,100,54,False,True,True,False,True,False
51.67,53.29,4333,3,12,1,12.0,90.0,3708.7,90.0,87.84,False,0.0,20.0,0,10,0,False,False,0,WET,NORMAL,8,0,81,False,1,DIM,FOG,8,54,True,True,0,SAFE,SAFE,SAFE,10,0,100,False,1,8,0,12,100,54,False,True,True,False,True,False
51.7,53.31,4334,3,12,1,12.0,90.0,3723.3,90.0,87.89,False,0.0,20.0,0,10,0,False,False,0,WET,NORMAL,8,0,81,False,1,DIM,FOG,8,54,True,True,0,SAFE,SAFE,SAFE,10,0,100,False,1,8,0,12,100,52.96650317977495,False,True,True,False,True,False
51.73,53.36,4338,3,12,1,12.0,90.0,3701.7,90.0,87.94,False,0.0,20.0,0,10,0,False,False,0,WET,NORMAL,8,0,81,False,1,DIM,FOG,8,54,True,True,0,SAFE,SAFE,SAFE,10,0,100,False,1,8,0,12,100,54,False,True,True,False,True,False
51.77,53.41,4342,3,12,1,12.0,90.0,3605.6,90.0,87.98,False,0.0,20.0,0,10,0,False,False,0,WET,NORMAL,8,0,81,False,1,DIM,FOG,8,54,True,True,0,SAFE,SAFE,SAFE,10,0,100,False,1,8,0,12,100,54,False,True,True,False,True,False
51.8,53.48,4348,3,12,1,12.0,90.0,3738.7,90.0,88.33,False,0.0,20.0,0,10,0,False,False,0,WET,NORMAL,8,0,81,False,1,DIM,FOG,8,54,True,True,0,SAFE,SAFE,SAFE,10,0,100,False,1,8,0,12,100,54,False,True,True,False,True,False
51.83,53.59,4357,3,12,1,12.0,90.0,3631.0,90.0,88.4,False,0.0,20.0,0,10,0,False,False,0,WET,NORMAL,8,0,81,False,1,DIM,FOG,8,54,True,True,0,SAFE,SAFE,SAFE,10,0,100,False,1,8,0,12,100,54,False,True,True,False,True,False
51.87,53.71,4367,3,12,1,12.0,90.0,3715.2,90.0,88.44,False,0.0,20.0,0,10,0,False,False,0,WET,NORMAL,8,0,81,False,1,DIM,FOG,8,54,True,True,0,SAFE,SAFE,SAFE,10,0,100,False,1,8,0,12,100,54,False,True,True,False,True,False
51.9,53.86,4379,3,12,1,12.0,90.0,3679.5,90.0,88.48,False,0.0,20.0,0,10,0,False,False,0,WET,NORMAL,8,0,81,False,1,DIM,FOG,8,54,True,True,0,SAFE,SAFE,SAFE,10,0,100,False,1,8,0,12,100,52.39690946878078,False,True,True,False,True,False
51.93,54.01,4391,3,12,1,12.0,90.0,3785.1,90.0,88.51,False,0.0,20.0,0,10,0,False,False,0,WET,NORMAL,8,0,81,False,1,DIM,FOG,0,54,True,True,0,SAFE,SAFE,SAFE,10,0,100,False,1,0,0,12,100,54,False,True,True,False,True,False
51.97,54.09,4397,3,12,1,12.0,90.0,3755.9,90.0,88.54,False,0.0,20.0,0,10,0,False,False,0,WET,NORMAL,8,0,81,False,1,DIM,FOG,0,54,True,True,0,SAFE,SAFE,SAFE,10,0,100,False,1,0,0,12,100,54,False,True,True,False,True,False
52.0,54.07,4396,3,12,1,12.0,90.0,2977.6,90.0,88.57,False,0.0,20.0,0,10,0,False,False,0,WET,NORMAL,8,0,81,False,1,DIM,FOG,0,54,True,True,0,SAFE,SAFE,SAFE,10,0,100,False,1,0,0,12,100,54,False,True,True,False,True,False
52.03,53.99,4390,3,12,1,12.0,90.0,2995.9,90.0,88.59,False,0.0,20.0,0,10,0,False,False,0,WET,NORMAL,8,0,81,False,1,DIM,FOG,8,54,True,True,0,SAFE,SAFE,SAFE,10,0,100,False,1,8,0,12,100,54,False,True,True,False,True,False
52.07,53.92,4384,3,12,1,12.0,90.0,2890.2,90.0,88.62,False,0.0,20.0,0,10,0,False,False,0,WET,NORMAL,8,0,81,False,1,DIM,FOG,8,54,True,True,0,SAFE,SAFE,SAFE,10,0,100,False,1,8,0,12,100,54,False,True,True,False,True,False
52.1,53.85,4378,3,12,1,12.0,90.0,2940.0,90.0,88.66,False,0.0,20.0,0,10,0,False,False,0,WET,NORMAL,8,0,81,False,1,DIM,FOG,8,54,True,True,0,SAFE,SAFE,SAFE,10,0,100,False,1,8,0,12,100,54,False,True,True,False,True,False
52.13,53.8,4374,3,12,1,12.0,90.0,2900.5,90.0,88.7,False,0.0,20.0,0,10,0,False,False,0,WET,NORMAL,8,0,81,False,1,DIM,FOG,8,54,True,True,0,SAFE,SAFE,SAFE,10,0,100,False,1,8,0,12,100,53.37903397610624,False,True,True,False,True,False
52.17,53.77,4372,3,12,1,12.0,90.0,2991.3,90.0,88.75,False,0.0,20.0,0,10,0,False,False,0,WET,NORMAL,8,0,81,False,1,DIM,FOG,8,54,True,True,0,SAFE,SAFE,SAFE,10,0,100,False,1,8,0,12,100,54,False,True,True,False,True,False
52.2,53.74,4369,3,12,1,12.0,90.0,2980.8,90.0,88.81,False,0.0,20.0,0,10,0,False,False,0,WET,NORMAL,8,0,81,False,1,DIM,FOG,8,54,True,True,0,SAFE,SAFE,SAFE,10,0,100,False,1,8,0,12,100,54,False,True,True,False,True,False
52.23,53.73,4368,3,12,1,12.0,90.0,2921.4,90.0,89.2,False,0.0,20.0,0,10,0,False,False,0,WET,NORMAL,8,0,81,False,1,DIM,FOG,8,54,True,True,0,SAFE,SAFE,SAFE,10,0,100,False,1,8,0,12,100,54,False,True,True,False,True,False
52.27,53.75,4370,3,12,1,12.0,90.0,2942.7,90.0,89.27,False,0.0,20.0,0,10,0,False,False,0,WET,NORMAL,8,0,81,False,1,DIM,FOG,8,54,True,True,0,SAFE,SAFE,SAFE,10,0,100,False,1,8,0,12,100,54,False,True,True,False,True,False
52.3,53.81,4375,3,12,1,12.0,90.0,2941.4,90.0,89.34,False,0.0,20.0,0,10,0,False,False,0,WET,NORMAL,8,0,81,False,1,DIM,FOG,8,54,True,True,0,SAFE,SAFE,SAFE,10,0,100,False,1,8,0,12,100,54,False,True,True,False,True,False
52.33,53.9,4382,3,12,1,12.0,90.0,3042.5,90.0,89.42,False,0.0,20.0,0,10,0,False,False,0,WET,NORMAL,8,0,81,False,1,DIM,FOG,8,54,True,True,0,SAFE,SAFE,SAFE,10,0,100,False,1,8,0,12,100,52.754165140002804,False,True,True,False,True,False
52.37,54.02,4391,3,12,1,12.0,90.0,2909.4,90.0,89.5,False,0.0,20.0,0,10,0,False,False,0,WET,NORMAL,8,0,81,False,1,DIM,FOG,0,54,True,True,0,SAFE,SAFE,SAFE,10,0,100,False,1,0,0,12,100,54,False,True,True,False,True,False
52.4,54.06,4395,3,12,1,12.0,90.0,3074.7,90.0,89.59,False,0.0,20.0,0,10,0,False,False,0,WET,NORMAL,8,0,81,False,1,DIM,FOG,0,54,True,True,0,SAFE,SAFE,SAFE,10,0,100,False,1,0,0,12,100,54,False,True,True,False,True,False
52.43,54.02,4392,3,12,1,12.0,90.0,2969.4,90.0,89.68,False,0.0,20.0,0,10,0,False,False,0,WET,NORMAL,8,0,81,False,1,DIM,FOG,0,54,True,True,0,SAFE,SAFE,SAFE,10,0,100,False,1,0,0,12,100,54,False,True,True,False,True,False
52.47,53.93,4384,3,12,1,12.0,90.0,2942.0,90.0,89.79,False,0.0,20.0,0,10,0,False,False,0,WET,NORMAL,8,0,81,False,1,DIM,FOG,8,54,True,True,0,SAFE,SAFE,SAFE,10,0,100,False,1,8,0,12,100,54,False,True,True,False,True,False
52.5,53.85,4378,3,12,1,12.0,90.0,3033.5,90.0,89.89,False,0.0,20.0,0,10,0,False,False,0,WET,NORMAL,8,0,81,False,1,DIM,FOG,8,54,True,True,0,SAFE,SAFE,SAFE,10,0,100,False,1,8,0,12,100,54,False,True,True,False,True,False
52.53,53.77,4371,3,12,1,12.0,90.0,3024.2,90.0,90.01,False,0.0,20.0,0,10,0,False,False,0,WET,NORMAL,8,0,81,False,1,DIM,FOG,8,54,True,True,0,SAFE,SAFE,SAFE,10,0,100,False,1,8,0,12,100,54,False,True,True,False,True,False
52.57,53.71,4367,3,12,1,12.0,90.0,3023.6,90.0,90.13,False,0.0,20.0,0,10,0,False,False,0,WET,NORMAL,8,0,81,False,1,DIM,FOG,8,54,True,True,0,SAFE,SAFE,SAFE,10,0,100,False,1,8,0,12,100,54,False,True,True,False,True,False
52.6,53.69,4365,3,12,1,12.0,90.0,3011.0,90.0,90.26,False,0.0,20.0,0,10,0,False,False,0,WET,NORMAL,8,0,81,False,1,DIM,FOG,8,54,True,True,0,SAFE,SAFE,SAFE,10,0,100,False,1,8,0,12,100,54,False,True,True,False,True,False
52.63,53.72,4368,3,12,1,12.0,90.0,3055.2,90.0,90.49,False,0.0,20.0,0,10,0,False,False,0,WET,NORMAL,8,0,81,False,1,DIM,FOG,8,54,True,True,0,SAFE,SAFE,SAFE,10,0,100,False,1,8,0,12,100,54,False,True,True,False,True,False
52.67,53.79,4373,3,12,1,12.0,90.0,2910.7,90.0,90.86,False,0.0,20.0,0,10,0,False,False,0,WET,NORMAL,8,0,81,False,1,DIM,FOG,8,54,True,True,0,SAFE,SAFE,SAFE,10,0,100,False,1,8,0,12,100,54,False,True,True,False,True,False
52.7,53.89,4382,3,12,1,12.0,90.0,2987.4,90.0,91.0,False,0.0,20.0,0,10,0,False,False,0,WET,NORMAL,8,0,81,False,1,DIM,FOG,8,54,True,True,0,SAFE,SAFE,SAFE,10,0,100,False,1,8,0,12,100,54,False,True,True,False,True,False
52.73,54.02,4392,3,12,1,12.0,90.0,3059.3,90.0,91.15,False,0.0,20.0,0,10,0,False,False,0,WET,NORMAL,8,0,81,False,1,DIM,FOG,0,54,True,True,0,SAFE,SAFE,SAFE,10,0,100,False,1,0,0,12,100,54,False,True,True,False,True,False
52.77,54.12,4400,3,12,1,12.0,90.0,3006.1,90.0,91.38,False,0.0,20.0,0,10,0,False,False,0,WET,NORMAL,8,0,81,False,1,DIM,FOG,0,54,True,True,0,SAFE,SAFE,SAFE,10,0,100,False,1,0,0,12,100,54,False,True,True,False,True,False
52.8,54.16,4404,3,12,1,12.0,90.0,2963.3,90.0,91.54,False,0.0,20.0,0,10,0,False,False,0,WET,NORMAL,8,0,81,False,1,DIM,FOG,0,54,True,True,0,SAFE,SAFE,SAFE,10,0,100,False,1,0,0,12,100,54,False,True,True,False,True,False
52.83,54.14,4402,3,12,1,12.0,90.0,2965.5,90.0,91.7,False,0.0,20.0,0,10,0,False,False,0,WET,NORMAL,8,0,81,False,1,DIM,FOG,0,54,True,True,0,SAFE,SAFE,SAFE,10,0,100,False,1,0,0,12,100,54,False,True,True,False,True,False
52.87,54.06,4395,3,12,1,12.0,90.0,2957.0,90.0,91.87,False,0.0,20.0,0,10,0,False,False,0,WET,NORMAL,8,0,81,False,1,DIM,FOG,0,54,True,True,0,SAFE,SAFE,SAFE,10,0,100,False,1,0,0,12,100,54,False,True,True,False,True,False
52.9,53.93,4384,3,12,1,12.0,90.0,2991.6,90.0,92.04,False,0.0,20.0,0,10,0,False,False,0,WET,NORMAL,8,0,81,False,1,DIM,FOG,8,54,True,True,0,SAFE,SAFE,SAFE,10,0,100,False,1,8,0,12,100,54,False,True,True,False,True,False
52.93,53.83,4376,3,12,1,12.0,90.0,2964.1,90.0,92.22,False,0.0,20.0,0,10,0,False,False,0,WET,NORMAL,8,0,81,False,1,DIM,FOG,8,54,True,True,0,SAFE,SAFE,SAFE,10,0,100,False,1,8,0,12,100,54,False,True,True,False,True,False
52.97,53.73,4369,3,12,1,12.0,90.0,2978.6,90.0,92.41,False,0.0,20.0,0,10,0,False,False,0,WET,NORMAL,8,0,81,False,1,DIM,FOG,8,54,True,True,0,SAFE,SAFE,SAFE,10,0,100,False,1,8,0,12,100,54,False,True,True,False,True,False
53.0,53.66,4363,3,12,1,12.0,90.0,2205.4,90.0,92.6,False,0.0,20.0,0,10,0,False,False,0,WET,NORMAL,8,0,81,False,1,DIM,FOG,8,54,True,True,0,SAFE,SAFE,SAFE,10,0,100,False,1,8,0,12,100,54,False,True,True,False,True,False
53.03,53.64,4361,3,12,1,12.0,90.0,2278.3,90.0,92.8,False,0.0,20.0,0,10,0,False,False,0,WET,NORMAL,8,0,81,False,1,DIM,FOG,8,54,True,True,0,SAFE,SAFE,SAFE,10,0,100,False,1,8,0,12,100,54,False,True,True,False,True,False
53.07,53.66,4363,3,12,1,12.0,90.0,2385.4,90.0,93.0,False,0.0,20.0,0,10,0,False,False,0,WET,NORMAL,8,0,81,False,1,DIM,FOG,8,54,True,True,0,SAFE,SAFE,SAFE,10,0,100,False,1,8,0,12,100,54,False,True,True,False,True,False
53.1,53.73,4368,3,12,1,12.0,90.0,2264.9,90.0,93.21,False,0.0,20.0,0,10,0,False,False,0,WET,NORMAL,8,0,81,False,1,DIM,FOG,8,54,True,True,0,SAFE,SAFE,SAFE,10,0,100,False,1,8,0,12,100,54,False,True,True,False,True,False
53.13,53.82,4376,3,12,1,12.0,90.0,2398.7,90.0,93.42,False,0.0,20.0,0,10,0,False,False,0,WET,NORMAL,8,0,81,False,1,DIM,FOG,8,54,True,True,0,SAFE,SAFE,SAFE,10,0,100,False,1,8,0,12,100,54,False,True,True,False,True,False
53.17,53.95,4386,3,12,1,12.0,90.0,2394.3,90.0,93.63,False,0.0,20.0,0,10,0,False,False,0,WET,NORMAL,8,0,81,False,1,DIM,FOG,8,54,True,True,0,SAFE,SAFE,SAFE,10,0,100,False,1,8,0,12,100,54,False,True,True,False,True,False
53.2,54.09,4398,3,12,1,12.0,90.0,2362.9,90.0,93.85,False,0.0,20.0,0,10,0,False,False,0,WET,NORMAL,8,0,81,False,1,DIM,FOG,0,54,True,True,0,SAFE,SAFE,SAFE,10,0,100,False,1,0,0,12,100,54,False,True,True,False,True,False
53.23,54.21,4407,3,12,1,12.0,90.0,2230.6,90.0,94.07,False,0.0,20.0,0,10,0,False,False,0,WET,NORMAL,8,0,81,False,1,DIM,FOG,0,54,True,True,0,SAFE,SAFE,SAFE,10,0,100,False,1,0,0,12,100,54,False,True,True,False,True,False
53.27,54.26,4412,3,12,1,12.0,90.0,2234.4,90.0,94.3,False,0.0,20.0,0,10,0,False,False,0,WET,NORMAL,8,0,81,False,1,DIM,FOG,0,54,True,True,0,SAFE,SAFE,SAFE,10,0,100,False,1,0,0,12,100,54,False,True,True,False,True,False
53.3,54.25,4410,3,12,1,12.0,90.0,2235.6,90.0,94.53,False,0.0,20.0,0,10,0,False,False,0,WET,NORMAL,8,0,81,False,1,DIM,FOG,0,54,True,True,0,SAFE,SAFE,SAFE,10,0,100,False,1,0,0,12,100,54,False,True,True,False,True,False
53.33,54.17,4404,3,12,1,12.0,90.0,2282.8,90.0,94.77,False,0.0,20.0,0,10,0,False,False,0,WET,NORMAL,8,0,81,False,1,DIM,FOG,0,54,True,True,0,SAFE,SAFE,SAFE,10,0,100,False,1,0,0,12,100,54,False,True,True,False,True,False
53.37,54.04,4394,3,12,1,12.0,90.0,2216.3,90.0,95.0,False,0.0,20.0,0,10,0,False,False,0,WET,NORMAL,8,0,81,False,1,DIM,FOG,0,54,True,True,0,SAFE,SAFE,SAFE,10,0,100,False,1,0,0,12,100,54,False,True,True,False,True,False
53.4,53.89,4381,3,12,1,12.0,90.0,2291.3,90.0,95.25,False,0.0,20.0,0,10,0,False,False,0,WET,NORMAL,8,0,81,False,1,DIM,FOG,8,54,True,True,0,SAFE,SAFE,SAFE,10,0,100,False,1,8,0,12,100,54,False,True,True,False,True,False
53.43,53.77,4372,3,12,1,12.0,90.0,2212.8,90.0,95.49,False,0.0,20.0,0,10,0,False,False,0,WET,NORMAL,8,0,81,False,1,DIM,FOG,8,54,True,True,0,SAFE,SAFE,SAFE,10,0,100,False,1,8,0,12,100,54,False,True,True,False,True,False
53.47,53.66,4363,3,12,1,12.0,90.0,2360.1,90.0,95.73,False,0.0,20.0,0,10,0,False,False,0,WET,NORMAL,8,0,81,False,1,DIM,FOG,8,54,True,True,0,SAFE,SAFE,SAFE,10,0,100,False,1,8,0,12,100,54,False,True,True,False,True,False
53.5,53.59,4357,3,12,1,12.0,90.0,2354.7,90.0,95.98,False,0.0,20.0,0,10,0,False,False,0,WET,NORMAL,8,0,81,False,1,DIM,FOG,8,54,True,True,0,SAFE,SAFE,SAFE,10,0,100,False,1,8,0,12,100,54,False,True,True,False,True,False
53.53,53.55,4354,3,12,1,12.0,90.0,2300.4,90.0,96.22,False,0.0,20.0,0,10,0,False,False,0,WET,NORMAL,8,0,81,False,1,DIM,FOG,8,54,True,True,0,SAFE,SAFE,SAFE,10,0,100,False,1,8,0,12,100,54,False,True,True,False,True,False
53.57,53.57,4355,3,12,1,12.0,90.0,2248.9,90.0,96.46,False,0.0,20.0,0,10,0,False,False,0,WET,NORMAL,8,0,81,False,1,DIM,FOG,8,54,True,True,0,SAFE,SAFE,SAFE,10,0,100,False,1,8,0,12,100,54,False,True,True,False,True,False
53.6,53.63,4360,3,12,1,12.0,90.0,2226.0,90.0,96.69,False,0.0,20.0,0,10,0,False,False,0,WET,NORMAL,8,0,81,False,1,DIM,FOG,8,54,True,True,0,SAFE,SAFE,SAFE,10,0,100,False,1,8,0,12,100,54,False,True,True,False,True,False
53.63,53.73,4368,3,12,1,12.0,90.0,2342.2,90.0,96.92,False,0.0,20.0,0,10,0,False,False,0,WET,NORMAL,8,0,81,False,1,DIM,FOG,8,54,True,True,0,SAFE,SAFE,SAFE,10,0,100,False,1,8,0,12,100,54,False,True,True,False,True,False
53.67,53.85,4378,3,12,1,12.0,90.0,2248.0,90.0,97.15,False,0.0,20.0,0,10,0,False,False,0,WET,NORMAL,8,0,81,False,1,DIM,FOG,8,54,True,True,0,SAFE,SAFE,SAFE,10,0,100,False,1,8,0,12,100,54,False,True,True,False,True,False
53.7,53.99,4390,3,12,1,12.0,90.0,2294.5,90.0,97.38,False,0.0,20.0,0,10,0,False,False,0,WET,NORMAL,8,0,81,False,1,DIM,FOG,8,54,True,True,0,SAFE,SAFE,SAFE,10,0,100,False,1,8,0,12,100,54,False,True,True,False,True,False
53.73,54.15,4403,3,12,1,12.0,90.0,2319.1,90.0,97.59,False,0.0,20.0,0,10,0,False,False,0,WET,NORMAL,8,0,81,False,1,DIM,FOG,0,54,True,True,0,SAFE,SAFE,SAFE,10,0,100,False,1,0,0,12,100,54,False,True,True,False,True,False
53.77,54.28,4413,3,12,1,12.0,90.0,2368.9,90.0,97.81,False,0.0,20.0,0,10,0,False,False,0,WET,NORMAL,8,0,81,False,1,DIM,FOG,0,54,True,True,0,SAFE,SAFE,SAFE,10,0,100,False,1,0,0,12,100,54,False,True,True,False,True,False
53.8,54.34,4418,3,12,1,12.0,90.0,2394.9,90.0,98.02,False,0.0,20.0,0,10,0,False,False,0,WET,NORMAL,8,0,81,False,1,DIM,FOG,0,54,True,True,0,SAFE,SAFE,SAFE,10,0,100,False,1,0,0,12,100,54,False,True,True,False,True,False
53.83,54.33,4417,3,12,1,12.0,90.0,2354.8,90.0,98.23,False,0.0,20.0,0,10,0,False,False,0,WET,NORMAL,8,0,81,False,1,DIM,FOG,0,54,True,True,0,SAFE,SAFE,SAFE,10,0,100,False,1,0,0,12,100,54,False,True,True,False,True,False
53.87,54.26,4411,3,12,1,12.0,90.0,2314.8,90.0,98.44,False,0.0,20.0,0,10,0,False,False,0,WET,NORMAL,8,0,81,False,1,DIM,FOG,0,54,True,True,0,SAFE,SAFE,SAFE,10,0,100,False,1,0,0,12,100,54,False,True,True,False,True,False
53.9,54.14,4401,3,12,1,12.0,90.0,2252.3,90.0,98.64,False,0.0,20.0,0,10,0,False,False,0,WET,NORMAL,8,0,81,False,1,DIM,FOG,0,54,True,True,0,SAFE,SAFE,SAFE,10,0,100,False,1,0,0,12,100,54,False,True,True,False,True,False
53.93,53.99,4389,3,12,1,12.0,90.0,2216.6,90.0,98.85,False,0.0,20.0,0,10,0,False,False,0,WET,NORMAL,8,0,81,False,1,DIM,FOG,8,54,True,True,0,SAFE,SAFE,SAFE,10,0,100,False,1,8,0,12,100,54,False,True,True,False,True,False
53.97,53.87,4379,3,12,1,12.0,90.0,2230.1,90.0,99.05,False,0.0,20.0,0,10,0,False,False,0,WET,NORMAL,8,0,81,False,1,DIM,FOG,8,54,True,True,0,SAFE,SAFE,SAFE,10,0,100,False,1,8,0,12,100,54,False,True,True,False,True,False
54.0,53.76,4371,3,12,1,12.0,90.0,1673.9,90.0,99.25,False,0.0,20.0,0,10,0,False,False,0,WET,NORMAL,8,0,81,False,1,DIM,FOG,8,54,True,True,0,SAFE,SAFE,SAFE,10,0,100,False,1,8,0,12,100,54,False,True,True,False,True,False
54.03,53.68,4365,3,12,1,12.0,90.0,1590.9,90.0,99.45,False,0.0,20.0,0,10,0,False,False,0,WET,NORMAL,8,0,81,False,1,DIM,FOG,8,54,True,True,0,SAFE,SAFE,SAFE,10,0,100,False,1,8,0,12,100,54,False,True,True,False,True,False
54.07,53.65,4362,3,12,1,12.0,90.0,1659.8,90.0,99.65,False,0.0,20.0,0,10,0,False,False,0,WET,NORMAL,8,0,81,False,1,DIM,FOG,8,54,True,True,0,SAFE,SAFE,SAFE,10,0,100,False,1,8,0,12,100,54,False,True,True,False,True,False
54.1,53.67,4363,3,12,1,12.0,90.0,1503.1,90.0,99.84,False,0.0,20.0,0,10,0,False,False,0,WET,NORMAL,8,0,81,False,1,DIM,FOG,8,54,True,True,0,SAFE,SAFE,SAFE,10,0,100,False,1,8,0,12,100,54,False,True,True,False,True,False
54.13,53.73,4368,3,12,1,12.0,90.0,1559.7,90.0,100.03,False,0.0,20.0,0,10,0,False,False,0,WET,NORMAL,8,0,81,False,1,DIM,FOG,8,54,True,True,0,SAFE,SAFE,SAFE,10,0,100,False,1,8,0,12,100,54,False,True,True,False,True,False
54.17,53.83,4376,3,12,1,12.0,90.0,1507.4,90.0,100.22,False,0.0,20.0,0,10,0,False,False,0,WET,NORMAL,8,0,81,False,1,DIM,FOG,8,54,True,True,0,SAFE,SAFE,SAFE,10,0,100,False,1,8,0,12,100,54,False,True,True,False,True,False
54.2,53.95,4386,3,12,1,12.0,90.0,1655.6,90.0,100.41,False,0.0,20.0,0,10,0,False,False,0,WET,NORMAL,8,0,81,False,1,DIM,FOG,8,54,True,True,0,SAFE,SAFE,SAFE,10,0,100,False,1,8,0,12,100,54,False,True,True,False,True,False
54.23,54.09,4398,3,12,1,12.0,90.0,1614.5,90.0,100.6,False,0.0,20.0,0,10,0,False,False,0,WET,NORMAL,8,0,81,False,1,DIM,FOG,0,54,True,True,0,SAFE,SAFE,SAFE,10,0,100,False,1,0,0,12,100,54,False,True,True,False,True,False
54.27,54.2,4407,3,12,1,12.0,90.0,1695.8,90.0,100.79,False,0.0,20.0,0,10,0,False,False,0,WET,NORMAL,8,0,81,False,1,DIM,FOG,0,54,True,True,0,SAFE,SAFE,SAFE,10,0,100,False,1,0,0,12,100,54,False,True,True,False,True,False
54.3,54.26,4411,3,12,1,12.0,90.0,1527.4,90.0,100.97,False,0.0,20.0,0,10,0,False,False,0,WET,NORMAL,8,0,81,False,1,DIM,FOG,0,54,True,True,0,SAFE,SAFE,SAFE,10,0,100,False,1,0,0,12,100,54,False,True,True,False,True,False
54.33,54.24,4410,3,12,1,12.0,90.0,1667.7,90.0,101.16,False,0.0,20.0,0,10,0,False,False,0,WET,NORMAL,8,0,81,False,1,DIM,FOG,0,54,True,True,0,SAFE,SAFE,SAFE,10,0,100,False,1,0,0,12,100,54,False,True,True,False,True,False
54.37,54.16,4403,3,12,1,12.0,90.0,1612.5,90.0,101.34,False,0.0,20.0,0,10,0,False,False,0,WET,NORMAL,8,0,81,False,1,DIM,FOG,0,54,True,True,0,SAFE,SAFE,SAFE,10,0,100,False,1,0,0,12,100,54,False,True,True,False,True,False
54.4,54.04,4393,3,12,1,12.0,90.0,1682.7,90.0,101.53,False,0.0,20.0,0,10,0,False,False,0,WET,NORMAL,8,0,81,False,1,DIM,FOG,0,54,True,True,0,SAFE,SAFE,SAFE,10,0,100,False,1,0,0,12,100,54,False,True,True,False,True,False
54.43,53.88,4381,3,12,1,12.0,90.0,1532.6,90.0,101.72,False,0.0,20.0,0,10,0,False,False,0,WET,NORMAL,8,0,81,False,1,DIM,FOG,8,54,True,True,0,SAFE,SAFE,SAFE,10,0,100,False,1,8,0,12,100,54,False,True,True,False,True,False
54.47,53.76,4371,3,12,1,12.0,90.0,1573.6,90.0,101.92,False,0.0,20.0,0,10,0,False,False,0,WET,NORMAL,8,0,81,False,1,DIM,FOG,8,54,True,True,0,SAFE,SAFE,SAFE,10,0,100,False,1,8,0,12,100,54,False,True,True,False,True,False
54.5,53.66,4362,3,12,1,12.0,90.0,1546.9,90.0,102.12,False,0.0,20.0,0,10,0,False,False,0,WET,NORMAL,8,0,81,False,1,DIM,FOG,8,54,True,True,0,SAFE,SAFE,SAFE,10,0,100,False,1,8,0,12,100,54,False,True,True,False,True,False
54.53,53.58,4356,3,12,1,12.0,90.0,1597.9,90.0,102.32,False,0.0,20.0,0,10,0,False,False,0,WET,NORMAL,8,0,81,False,1,DIM,FOG,8,54,True,True,0,SAFE,SAFE,SAFE,10,0,100,False,1,8,0,12,100,54,False,True,True,False,True,False
54.57,53.54,4353,3,12,1,12.0,90.0,1552.9,90.0,102.52,False,0.0,20.0,0,10,0,False,False,0,WET,NORMAL,8,0,81,False,1,DIM,FOG,8,54,True,True,0,SAFE,SAFE,SAFE,10,0,100,False,1,8,0,12,100,54,False,True,True,False,True,False
54.6,53.56,4355,3,12,1,12.0,90.0,1672.4,90.0,102.73,False,0.0,20.0,0,10,0,False,False,0,WET,NORMAL,8,0,81,False,1,DIM,FOG,8,54,True,True,0,SAFE,SAFE,SAFE,10,0,100,False,1,8,0,12,100,54,False,True,True,False,True,False
54.63,53.62,4360,3,12,1,12.0,90.0,1643.8,90.0,102.93,False,0.0,20.0,0,10,0,False,False,0,WET,NORMAL,8,0,81,False,1,DIM,FOG,8,54,True,True,0,SAFE,SAFE,SAFE,10,0,100,False,1,8,0,12,100,54,False,True,True,False,True,False
54.67,53.72,4367,3,12,1,12.0,90.0,1693.3,90.0,103.14,False,0.0,20.0,0,10,0,False,False,0,WET,NORMAL,8,0,81,False,1,DIM,FOG,8,54,True,True,0,SAFE,SAFE,SAFE,10,0,100,False,1,8,0,12,100,54,False,True,True,False,True,False
54.7,53.84,4377,3,12,1,12.0,90.0,1544.5,90.0,103.35,False,0.0,20.0,0,10,0,False,False,0,WET,NORMAL,8,0,81,False,1,DIM,FOG,8,54,True,True,0,SAFE,SAFE,SAFE,10,0,100,False,1,8,0,12,100,54,False,True,True,False,True,False
54.73,53.98,4389,3,12,1,12.0,90.0,1529.4,90.0,103.57,False,0.0,20.0,0,10,0,False,False,0,WET,NORMAL,8,0,81,False,1,DIM,FOG,8,54,True,True,0,SAFE,SAFE,SAFE,10,0,100,False,1,8,0,12,100,54,False,True,True,False,True,False
54.77,54.14,4402,3,12,1,12.0,90.0,1565.4,90.0,103.78,False,0.0,20.0,0,10,0,False,False,0,WET,NORMAL,8,0,81,False,1,DIM,FOG,0,54,True,True,0,SAFE,SAFE,SAFE,10,0,100,False,1,0,0,12,100,54,False,True,True,False,True,False
54.8,54.27,4412,3,12,1,12.0,90.0,1558.8,90.0,104.0,False,0.0,20.0,0,10,0,False,False,0,WET,NORMAL,8,0,81,False,1,DIM,FOG,0,54,True,True,0,SAFE,SAFE,SAFE,10,0,100,False,1,0,0,12,100,54,False,True,True,False,True,False
54.83,54.33,4417,3,12,1,12.0,90.0,1602.5,90.0,104.21,False,0.0,20.0,0,10,0,False,False,0,WET,NORMAL,8,0,81,False,1,DIM,FOG,0,54,True,True,0,SAFE,SAFE,SAFE,10,0,100,False,1,0,0,12,100,54,False,True,True,False,True,False
54.87,54.32,4416,3,12,1,12.0,90.0,1660.5,90.0,104.44,False,0.0,20.0,0,10,0,False,False,0,WET,NORMAL,8,0,81,False,1,DIM,FOG,0,54,True,True,0,SAFE,SAFE,SAFE,10,0,100,False,1,0,0,12,100,54,False,True,True,False,True,False
54.9,54.25,4410,3,12,1,12.0,90.0,1555.5,90.0,104.66,False,0.0,20.0,0,10,0,False,False,0,WET,NORMAL,8,0,81,False,1,DIM,FOG,0,54,True,True,0,SAFE,SAFE,SAFE,10,0,100,False,1,0,0,12,100,54,False,True,True,False,True,False
54.93,54.13,4401,3,12,1,12.0,90.0,1618.2,90.0,104.89,False,0.0,20.0,0,10,0,False,False,0,WET,NORMAL,8,0,81,False,1,DIM,FOG,0,54,True,True,0,SAFE,SAFE,SAFE,10,0,100,False,1,0,0,12,100,54,False,True,True,False,True,False
54.97,53.98,4388,3,12,1,12.0,90.0,1674.8,90.0,105.12,False,0.0,20.0,0,10,0,False,False,0,WET,NORMAL,8,0,81,False,1,DIM,FOG,8,54,True,True,0,SAFE,SAFE,SAFE,10,0,100,False,1,8,0,12,100,54,False,True,True,False,True,False
55.0,53.86,4379,3,12,1,12.0,90.0,919.9,90.0,105.36,False,0.0,20.0,0,10,0,False,False,0,WET,NORMAL,8,0,81,False,1,DARK,FOG,8,54,True,True,0,SAFE,SAFE,SAFE,10,0,100,False,1,8,0,12,100,54,False,True,True,False,True,False
55.03,53.75,4370,3,12,1,12.0,90.0,1009.8,90.0,105.6,False,0.0,20.0,0,10,0,False,False,0,WET,NORMAL,8,0,81,False,1,DIM,FOG,8,54,True,True,0,SAFE,SAFE,SAFE,10,0,100,False,1,8,0,12,100,54,False,True,True,False,True,False
55.07,53.67,4364,3,12,1,12.0,90.0,883.4,90.0,105.84,False,0.0,20.0,0,10,0,False,False,0,WET,NORMAL,8,0,81,False,1,DARK,FOG,8,54,True,True,0,SAFE,SAFE,SAFE,10,0,100,False,1,8,0,12,100,54,False,True,True,False,True,False
55.1,53.64,4361,3,12,1,12.0,90.0,1009.0,90.0,106.08,False,0.0,20.0,0,10,0,False,False,0,WET,NORMAL,8,0,81,False,1,DIM,FOG,8,54,True,True,0,SAFE,SAFE,SAFE,10,0,100,False,1,8,0,12,100,54,False,True,True,False,True,False
55.13,53.66,4362,3,12,1,12.0,90.0,1003.9,90.0,106.32,False,0.0,20.0,0,10,0,False,False,0,WET,NORMAL,8,0,81,False,1,DIM,FOG,8,54,True,True,0,SAFE,SAFE,SAFE,10,0,100,False,1,8,0,12,100,54,False,True,True,False,True,False
55.17,53.72,4367,3,12,1,12.0,90.0,869.8,90.0,106.56,False,0.0,20.0,0,10,0,False,False,0,WET,NORMAL,8,0,81,False,1,DARK,FOG,8,54,True,True,0,SAFE,SAFE,SAFE,10,0,100,False,1,8,0,12,100,54,False,True,True,False,True,False
55.2,53.82,4375,3,12,1,12.0,90.0,889.5,90.0,106.8,False,0.0,20.0,0,10,0,False,False,0,WET,NORMAL,8,0,81,False,1,DARK,FOG,8,54,True,True,0,SAFE,SAFE,SAFE,10,0,100,False,1,8,0,12,100,54,False,True,True,False,True,False
55.23,53.94,4385,3,12,1,12.0,90.0,1017.5,90.0,107.03,False,0.0,20.0,0,10,0,False,False,0,WET,NORMAL,8,0,81,False,1,DIM,FOG,8,54,True,True,0,SAFE,SAFE,SAFE,10,0,100,False,1,8,0,12,100,54,False,True,True,False,True,False
55.27,54.08,4397,3,12,1,12.0,90.0,925.9,90.0,107.26,False,0.0,20.0,0,10,0,False,False,0,WET,NORMAL,8,0,81,False,1,DARK,FOG,0,54,True,True,0,SAFE,SAFE,SAFE,10,0,100,False,1,0,0,12,100,54,False,True,True,False,True,False
55.3,54.19,4406,3,12,1,12.0,90.0,916.9,90.0,107.49,False,0.0,20.0,0,10,0,False,False,0,WET,NORMAL,8,0,81,False,1,DARK,FOG,0,54,True,True,0,SAFE,SAFE,SAFE,10,0,100,False,1,0,0,12,100,54,False,True,True,False,True,False
55.33,54.25,4410,3,12,1,12.0,90.0,872.0,90.0,107.71,False,0.0,20.0,0,10,0,False,False,0,WET,NORMAL,8,0,81,False,1,DARK,FOG,0,54,True,True,0,SAFE,SAFE,SAFE,10,0,100,False,1,0,0,12,100,54,False,True,True,False,True,False
55.37,54.23,4409,3,12,1,12.0,90.0,846.2,90.0,107.93,False,0.0,20.0,0,10,0,False,False,0,WET,NORMAL,8,0,81,False,1,DARK,FOG,0,54,True,True,0,SAFE,SAFE,SAFE,10,0,100,False,1,0,0,12,100,54,False,True,True,False,True,False
55.4,54.15,4403,3,12,1,12.0,90.0,880.3,90.0,108.31,False,0.0,20.0,0,10,0,False,False,0,WET,NORMAL,8,0,81,False,1,DARK,FOG,0,54,True,True,0,SAFE,SAFE,SAFE,10,0,100,False,1,0,0,12,100,54,False,True,True,False,True,False
55.43,54.03,4392,3,12,1,12.0,90.0,993.8,90.0,108.52,False,0.0,20.0,0,10,0,False,False,0,WET,NORMAL,8,0,81,False,1,DARK,FOG,0,54,True,True,0,SAFE,SAFE,SAFE,10,0,100,False,1,0,0,12,100,54,False,True,True,False,True,False
55.47,53.87,4380,3,12,1,12.0,90.0,953.1,90.0,108.74,False,0.0,20.0,0,10,0,False,False,0,WET,NORMAL,8,0,81,False,1,DARK,FOG,8,54,True,True,0,SAFE,SAFE,SAFE,10,0,100,False,1,8,0,12,100,54,False,True,True,False,True,False
55.5,53.75,4370,3,12,1,12.0,90.0,858.0,90.0,108.96,False,0.0,20.0,0,10,0,False,False,0,WET,NORMAL,8,0,81,False,1,DARK,FOG,8,54,True,True,0,SAFE,SAFE,SAFE,10,0,100,False,1,8,0,12,100,54,False,True,True,False,True,False
55.53,53.65,4362,3,12,1,12.0,90.0,837.5,90.0,109.17,False,0.0,20.0,0,10,0,False,False,0,WET,NORMAL,8,0,81,False,1,DARK,FOG,8,54,True,True,0,SAFE,SAFE,SAFE,10,0,100,False,1,8,0,12,100,54,False,True,True,False,True,False
55.57,53.57,4355,3,12,1,12.0,90.0,950.1,90.0,109.39,False,0.0,20.0,0,10,0,False,False,0,WET,NORMAL,8,0,81,False,1,DARK,FOG,8,54,True,True,0,SAFE,SAFE,SAFE,10,0,100,False,1,8,0,12,100,54,False,True,True,False,True,False
55.6,53.54,4352,3,12,1,12.0,90.0,950.3,90.0,109.61,False,0.0,20.0,0,10,0,False,False,0,WET,NORMAL,8,0,81,False,1,DARK,FOG,8,54,True,True,0,SAFE,SAFE,SAFE,10,0,100,False,1,8,0,12,100,54,False,True,True,False,True,False
55.63,53.55,4354,3,12,1,12.0,90.0,861.6,90.0,109.82,False,0.0,20.0,0,10,0,False,False,0,WET,NORMAL,8,0,81,False,1,DARK,FOG,8,54,True,True,0,SAFE,SAFE,SAFE,10,0,100,False,1,8,0,12,100,54,False,True,True,False,True,False
55.67,53.61,4359,3,12,1,12.0,90.0,994.8,90.0,110.03,False,0.0,20.0,0,10,0,False,False,0,WET,NORMAL,8,0,81,False,1,DARK,FOG,8,54,True,True,0,SAFE,SAFE,SAFE,10,0,100,False,1,8,0,12,100,54,False,True,True,False,True,False
55.7,53.71,4367,3,12,1,12.0,90.0,887.4,90.0,110.24,False,0.0,20.0,0,10,0,False,False,0,WET,NORMAL,8,0,81,False,1,DARK,FOG,8,54,True,True,0,SAFE,SAFE,SAFE,10,0,100,False,1,8,0,12,100,54,False,True,True,False,True,False
55.73,53.83,4376,3,12,1,12.0,90.0,955.6,90.0,110.44,False,0.0,20.0,0,10,0,False,False,0,WET,NORMAL,8,0,81,False,1,DARK,FOG,8,54,True,True,0,SAFE,SAFE,SAFE,10,0,100,False,1,8,0,12,100,54,False,True,True,False,True,False
55.77,53.97,4388,3,12,1,12.0,90.0,957.6,90.0,110.64,False,0.0,20.0,0,10,0,False,False,0,WET,NORMAL,8,0,81,False,1,DARK,FOG,8,54,True,True,0,SAFE,SAFE,SAFE,10,0,100,False,1,8,0,12,100,54,False,True,True,False,True,False
55.8,54.14,4401,3,12,1,12.0,90.0,897.9,90.0,110.83,False,0.0,20.0,0,10,0,False,False,0,WET,NORMAL,8,0,81,False,1,DARK,FOG,0,54,True,True,0,SAFE,SAFE,SAFE,10,0,100,False,1,0,0,12,100,54,False,True,True,False,True,False
55.83,54.26,4411,3,12,1,12.0,90.0,923.9,90.0,111.03,False,0.0,20.0,0,10,0,False,False,0,WET,NORMAL,8,0,81,False,1,DARK,FOG,0,54,True,True,0,SAFE,SAFE,SAFE,10,0,100,False,1,0,0,12,100,54,False,True,True,False,True,False
55.87,54.32,4417,3,12,1,12.0,90.0,974.0,90.0,111.21,False,0.0,20.0,0,10,0,False,False,0,WET,NORMAL,8,0,81,False,1,DARK,FOG,0,54,True,True,0,SAFE,SAFE,SAFE,10,0,100,False,1,0,0,12,100,54,False,True,True,False,True,False
55.9,54.31,4416,3,12,1,12.0,90.0,989.2,90.0,111.4,False,0.0,20.0,0,10,0,False,False,0,WET,NORMAL,8,0,81,False,1,DARK,FOG,0,54,True,True,0,SAFE,SAFE,SAFE,10,0,100,False,1,0,0,12,100,54,False,True,True,False,True,False
55.93,54.24,4410,3,12,1,12.0,90.0,880.2,90.0,111.58,False,0.0,20.0,0,10,0,False,False,0,WET,NORMAL,8,0,81,False,1,DARK,FOG,0,54,True,True,0,SAFE,SAFE,SAFE,10,0,100,False,1,0,0,12,100,54,False,True,True,False,True,False
55.97,54.12,4400,3,12,1,12.0,90.0,871.7,90.0,111.76,False,0.0,20.0,0,10,0,False,False,0,WET,NORMAL,8,0,81,False,1,DARK,FOG,0,54,True,True,0,SAFE,SAFE,SAFE,10,0,100,False,1,0,0,12,100,54,False,True,True,False,True,False
56.0,53.97,4388,3,12,1,12.0,90.0,333.2,90.0,111.94,False,0.0,20.0,0,10,0,False,False,0,WET,NORMAL,8,0,81,False,1,DARK,FOG,8,54,True,True,0,SAFE,SAFE,SAFE,10,0,100,False,1,8,0,12,100,54,False,True,True,False,True,False
56.03,53.85,4378,3,12,1,12.0,90.0,209.4,90.0,112.12,False,0.0,20.0,0,10,0,False,False,0,WET,NORMAL,8,0,81,False,1,DARK,FOG,8,54,True,True,0,SAFE,SAFE,SAFE,10,0,100,False,1,8,0,12,100,54,False,True,True,False,True,False
56.07,53.74,4369,3,12,1,12.0,90.0,204.0,90.0,112.3,False,0.0,20.0,0,10,0,False,False,0,WET,NORMAL,8,0,81,False,1,DARK,FOG,8,54,True,True,0,SAFE,SAFE,SAFE,10,0,100,False,1,8,0,12,100,54,False,True,True,False,True,False
56.1,53.67,4363,3,12,1,12.0,90.0,214.0,90.0,112.48,False,0.0,20.0,0,10,0,False,False,0,WET,NORMAL,8,0,81,False,1,DARK,FOG,8,54,True,True,0,SAFE,SAFE,SAFE,10,0,100,False,1,8,0,12,100,54,False,True,True,False,True,False
56.13,53.63,4360,3,12,1,12.0,90.0,282.3,90.0,112.65,False,0.0,20.0,0,10,0,False,False,0,WET,NORMAL,8,0,81,False,1,DARK,FOG,8,54,True,True,0,SAFE,SAFE,SAFE,10,0,100,False,1,8,0,12,100,54,False,True,True,False,True,False
56.17,53.65,4362,3,12,1,12.0,90.0,316.4,90.0,112.83,False,0.0,20.0,0,10,0,False,False,0,WET,NORMAL,8,0,81,False,1,DARK,FOG,8,54,True,True,0,SAFE,SAFE,SAFE,10,0,100,False,1,8,0,12,100,54,False,True,True,False,True,False
56.2,53.71,4367,3,12,1,12.0,90.0,322.6,90.0,113.01,False,0.0,20.0,0,10,0,False,False,0,WET,NORMAL,8,0,81,False,1,DARK,FOG,8,54,True,True,0,SAFE,SAFE,SAFE,10,0,100,False,1,8,0,12,100,54,False,True,True,False,True,False
56.23,53.81,4375,3,12,1,12.0,90.0,192.7,90.0,113.18,False,0.0,20.0,0,10,0,False,False,0,WET,NORMAL,8,0,81,False,1,DARK,FOG,8,54,True,True,0,SAFE,SAFE,SAFE,10,0,100,False,1,8,0,12,100,54,False,True,True,False,True,False
56.27,53.93,4385,3,12,1,12.0,90.0,325.1,90.0,113.36,False,0.0,20.0,0,10,0,False,False,0,WET,NORMAL,8,0,81,False,1,DARK,FOG,8,54,True,True,0,SAFE,SAFE,SAFE,10,0,100,False,1,8,0,12,100,54,False,True,True,False,True,False
56.3,54.07,4396,3,12,1,12.0,90.0,280.7,90.0,113.54,False,0.0,20.0,0,10,0,False,False,0,WET,NORMAL,8,0,81,False,1,DARK,FOG,0,54,True,True,0,SAFE,SAFE,SAFE,10,0,100,False,1,0,0,12,100,54,False,True,True,False,True,False
56.33,54.18,4405,3,12,1,12.0,90.0,190.6,90.0,113.72,False,0.0,20.0,0,10,0,False,False,0,WET,NORMAL,8,0,81,False,1,DARK,FOG,0,54,True,True,0,SAFE,SAFE,SAFE,10,0,100,False,1,0,0,12,100,54,False,True,True,False,True,False
56.37,54.24,4410,3,12,1,12.0,90.0,354.2,90.0,113.9,False,0.0,20.0,0,10,0,False,False,0,WET,NORMAL,8,0,81,False,1,DARK,FOG,0,54,True,True,0,SAFE,SAFE,SAFE,10,0,100,False,1,0,0,12,100,54,False,True,True,False,True,False
56.4,54.22,4408,3,12,1,12.0,90.0,249.5,90.0,114.08,False,0.0,20.0,0,10,0,False,False,0,WET,NORMAL,8,0,81,False,1,DARK,FOG,0,54,True,True,0,SAFE,SAFE,SAFE,10,0,100,False,1,0,0,12,100,54,False,True,True,False,True,False
56.43,54.14,4402,3,12,1,12.0,90.0,313.9,90.0,114.26,False,0.0,20.0,0,10,0,False,False,0,WET,NORMAL,8,0,81,False,1,DARK,FOG,0,54,True,True,0,SAFE,SAFE,SAFE,10,0,100,False,1,0,0,12,100,54,False,True,True,False,True,False
56.47,54.02,4392,3,12,1,12.0,90.0,203.1,90.0,114.45,False,0.0,20.0,0,10,0,False,False,0,WET,NORMAL,8,0,81,False,1,DARK,FOG,0,54,True,True,0,SAFE,SAFE,SAFE,10,0,100,False,1,0,0,12,100,54,False,True,True,False,True,False
56.5,53.87,4379,3,12,1,12.0,90.0,327.0,90.0,114.64,False,0.0,20.0,0,10,0,False,False,0,WET,NORMAL,8,0,81,False,1,DARK,FOG,8,54,True,True,0,SAFE,SAFE,SAFE,10,0,100,False,1,8,0,12,100,54,False,True,True,False,True,False
56.53,53.75,4370,3,12,1,12.0,90.0,203.8,90.0,114.84,False,0.0,20.0,0,10,0,False,False,0,WET,NORMAL,8,0,81,False,1,DARK,FOG,8,54,True,True,0,SAFE,SAFE,SAFE,10,0,100,False,1,8,0,12,100,54,False,True,True,False,True,False
56.57,53.64,4361,3,12,1,12.0,90.0,173.8,90.0,115.04,False,0.0,20.0,0,10,0,False,False,0,WET,NORMAL,8,0,81,False,1,DARK,FOG,8,54,True,True,0,SAFE,SAFE,SAFE,10,0,100,False,1,8,0,12,100,54,False,True,True,False,True,False
56.6,53.56,4355,3,12,1,12.0,90.0,221.0,90.0,115.24,False,0.0,20.0,0,10,0,False,False,0,WET,NORMAL,8,0,81,False,1,DARK,FOG,8,54,True,True,0,SAFE,SAFE,SAFE,10,0,100,False,1,8,0,12,100,54,False,True,True,False,True,False
56.63,53.53,4352,3,12,1,12.0,90.0,255.5,90.0,115.45,False,0.0,20.0,0,10,0,False,False,0,WET,NORMAL,8,0,81,False,1,DARK,FOG,8,54,True,True,0,SAFE,SAFE,SAFE,10,0,100,False,1,8,0,12,100,54,False,True,True,False,True,False
56.67,53.55,4353,3,12,1,12.0,90.0,313.4,90.0,115.66,False,0.0,20.0,0,10,0,False,False,0,WET,NORMAL,8,0,81,False,1,DARK,FOG,8,54,True,True,0,SAFE,SAFE,SAFE,10,0,100,False,1,8,0,12,100,54,False,True,True,False,True,False
56.7,53.61,4358,3,12,1,12.0,90.0,350.2,90.0,115.87,False,0.0,20.0,0,10,0,False,False,0,WET,NORMAL,8,0,81,False,1,DARK,FOG,8,54,True,True,0,SAFE,SAFE,SAFE,10,0,100,False,1,8,0,12,100,54,False,True,True,False,True,False
56.73,53.7,4366,3,12,1,12.0,90.0,328.2,90.0,116.09,False,0.0,20.0,0,10,0,False,False,0,WET,NORMAL,8,0,81,False,1,DARK,FOG,8,54,True,True,0,SAFE,SAFE,SAFE,10,0,100,False,1,8,0,12,100,54,False,True,True,False,True,False
56.77,53.82,4376,3,12,1,12.0,90.0,236.8,90.0,116.31,False,0.0,20.0,0,10,0,False,False,0,WET,NORMAL,8,0,81,False,1,DARK,FOG,8,54,True,True,0,SAFE,SAFE,SAFE,10,0,100,False,1,8,0,12,100,54,False,True,True,False,True,False
56.8,53.97,4388,3,12,1,12.0,90.0,357.8,90.0,116.53,False,0.0,20.0,0,10,0,False,False,0,WET,NORMAL,8,0,81,False,1,DARK,FOG,8,54,True,True,0,SAFE,SAFE,SAFE,10,0,100,False,1,8,0,12,100,54,False,True,True,False,True,False
56.83,54.13,4401,3,12,1,12.0,90.0,261.5,90.0,116.75,False,0.0,20.0,0,10,0,False,False,0,WET,NORMAL,8,0,81,False,1,DARK,FOG,0,54,True,True,0,SAFE,SAFE,SAFE,10,0,100,False,1,0,0,12,100,54,False,True,True,False,True,False
56.87,54.25,4411,3,12,1,12.0,90.0,358.1,90.0,116.97,False,0.0,20.0,0,10,0,False,False,0,WET,NORMAL,8,0,81,False,1,DARK,FOG,0,54,True,True,0,SAFE,SAFE,SAFE,10,0,100,False,1,0,0,12,100,54,False,True,True,False,True,False
56.9,54.32,4416,3,12,1,12.0,90.0,317.6,90.0,117.2,False,0.0,20.0,0,10,0,False,False,0,WET,NORMAL,8,0,81,False,1,DARK,FOG,0,54,True,True,0,SAFE,SAFE,SAFE,10,0,100,False,1,0,0,12,100,54,False,True,True,False,True,False
56.93,54.31,4415,3,12,1,12.0,90.0,181.1,90.0,117.43,False,0.0,20.0,0,10,0,False,False,0,WET,NORMAL,8,0,81,False,1,DARK,FOG,0,54,True,True,0,SAFE,SAFE,SAFE,10,0,100,False,1,0,0,12,100,54,False,True,True,False,True,False
56.97,54.23,4409,3,12,1,12.0,90.0,294.5,90.0,117.67,False,0.0,20.0,0,10,0,False,False,0,WET,NORMAL,8,0,81,False,1,DARK,FOG,0,54,True,True,0,SAFE,SAFE,SAFE,10,0,100,False,1,0,0,12,100,54,False,True,True,False,True,False
57.0,54.11,4399,3,12,1,12.0,90.0,10,90.0,117.91,False,0.0,20.0,0,10,0,False,False,0,WET,NORMAL,8,0,81,False,1,VERY_DARK,FOG,0,54,True,True,0,SAFE,SAFE,SAFE,10,0,100,False,1,0,0,12,100,54,False,True,True,False,True,False
57.03,53.96,4387,3,12,1,12.0,90.0,10,90.0,118.15,False,0.0,20.0,0,10,0,False,False,0,WET,NORMAL,8,0,81,False,1,VERY_DARK,FOG,8,54,True,True,0,SAFE,SAFE,SAFE,10,0,100,False,1,8,0,12,100,54,False,True,True,False,True,False
57.07,53.84,4377,3,12,1,12.0,90.0,10,90.0,118.39,False,0.0,20.0,0,10,0,False,False,0,WET,NORMAL,8,0,81,False,1,VERY_DARK,FOG,8,54,True,True,0,SAFE,SAFE,SAFE,10,0,100,False,1,8,0,12,100,54,False,True,True,False,True,False
57.1,53.74,4369,3,12,1,12.0,90.0,10,90.0,118.63,False,0.0,20.0,0,10,0,False,False,0,WET,NORMAL,8,0,81,False,1,VERY_DARK,FOG,8,54,True,True,0,SAFE,SAFE,SAFE,10,0,100,False,1,8,0,12,100,54,False,True,True,False,True,False
57.13,53.66,4362,3,12,1,12.0,90.0,10,90.0,999.0,True,0.0,20.0,0,10,0,False,False,0,WET,NORMAL,8,0,81,False,1,VERY_DARK,FOG,8,54,True,True,0,SAFE,SAFE,SAFE,10,0,100,False,1,8,0,12,100,54,False,True,True,False,True,False
57.17,53.63,4360,3,12,1,12.0,90.0,10,90.0,999.0,True,0.0,20.0,0,10,0,False,False,0,WET,NORMAL,8,0,81,False,1,VERY_DARK,FOG,8,54,True,True,0,SAFE,SAFE,SAFE,10,0,100,False,1,8,0,12,100,54,False,True,True,False,True,False
57.2,53.64,4361,3,12,1,12.0,90.0,10,90.0,999.0,True,0.0,20.0,0,10,0,False,False,0,WET,NORMAL,8,0,81,False,1,VERY_DARK,FOG,8,54,True,True,0,SAFE,SAFE,SAFE,10,0,100,False,1,8,0,12,100,54,False,True,True,False,True,False
57.23,53.7,4366,3,12,1,12.0,90.0,10,90.0,999.0,True,0.0,20.0,0,10,0,False,False,0,WET,NORMAL,8,0,81,False,1,VERY_DARK,FOG,8,54,True,True,0,SAFE,SAFE,SAFE,10,0,100,False,1,8,0,12,100,54,False,True,True,False,True,False
57.27,53.8,4374,3,12,1,12.0,90.0,10,90.0,999.0,True,0.0,20.0,0,10,0,False,False,0,WET,NORMAL,8,0,81,False,1,VERY_DARK,FOG,8,54,True,True,0,SAFE,SAFE,SAFE,10,0,100,False,1,8,0,12,100,54,False,True,True,False,True,False
57.3,53.92,4384,3,12,1,12.0,90.0,10,90.0,999.0,True,0.0,20.0,0,10,0,False,False,0,WET,NORMAL,8,0,81,False,1,VERY_DARK,FOG,8,54,True,True,0,SAFE,SAFE,SAFE,10,0,100,False,1,8,0,12,100,54,False,True,True,False,True,False
57.33,54.07,4396,3,12,1,12.0,90.0,10,90.0,999.0,True,0.0,20.0,0,10,0,False,False,0,WET,NORMAL,8,0,81,False,1,VERY_DARK,FOG,0,54,True,True,0,SAFE,SAFE,SAFE,10,0,100,False,1,0,0,12,100,54,False,True,True,False,True,False
57.37,54.18,4405,3,12,1,12.0,90.0,10,90.0,999.0,True,0.0,20.0,0,10,0,False,False,0,WET,NORMAL,8,0,81,False,1,VERY_DARK,FOG,0,54,True,True,0,SAFE,SAFE,SAFE,10,0,100,False,1,0,0,12,100,54,False,True,True,False,True,False
57.4,54.23,4409,3,12,1,12.0,90.0,10,90.0,999.0,True,0.0,20.0,0,10,0,False,False,0,WET,NORMAL,8,0,81,False,1,VERY_DARK,FOG,0,54,True,True,0,SAFE,SAFE,SAFE,10,0,100,False,1,0,0,12,100,54,False,True,True,False,True,False
57.43,54.22,4408,3,12,1,12.0,90.0,10,90.0,999.0,True,0.0,20.0,0,10,0,False,False,0,WET,NORMAL,8,0,81,False,1,VERY_DARK,FOG,0,54,True,True,0,SAFE,SAFE,SAFE,10,0,100,False,1,0,0,12,100,54,False,True,True,False,True,False
57.47,54.14,4401,3,12,1,12.0,90.0,10,90.0,999.0,True,0.0,20.0,0,10,0,False,False,0,WET,NORMAL,8,0,81,False,1,VERY_DARK,FOG,0,54,True,True,0,SAFE,SAFE,SAFE,10,0,100,False,1,0,0,12,100,54,False,True,True,False,True,False
57.5,54.01,4391,3,12,1,12.0,90.0,10,90.0,999.0,True,0.0,20.0,0,10,0,False,False,0,WET,NORMAL,8,0,81,False,1,VERY_DARK,FOG,0,54,True,True,0,SAFE,SAFE,SAFE,10,0,100,False,1,0,0,12,100,54,False,True,True,False,True,False
57.53,53.86,4379,3,12,1,12.0,90.0,10,90.0,999.0,True,0.0,20.0,0,10,0,False,False,0,WET,NORMAL,8,0,81,False,1,VERY_DARK,FOG,8,54,True,True,0,SAFE,SAFE,SAFE,10,0,100,False,1,8,0,12,100,54,False,True,True,False,True,False
57.57,53.74,4369,3,12,1,12.0,90.0,10,90.0,999.0,True,0.0,20.0,0,10,0,False,False,0,WET,NORMAL,8,0,81,False,1,VERY_DARK,FOG,8,54,True,True,0,SAFE,SAFE,SAFE,10,0,100,False,1,8,0,12,100,54,False,True,True,False,True,False
57.6,53.63,4360,3,12,1,12.0,90.0,10,90.0,999.0,True,0.0,20.0,0,10,0,False,False,0,WET,NORMAL,8,0,81,False,1,VERY_DARK,FOG,8,54,True,True,0,SAFE,SAFE,SAFE,10,0,100,False,1,8,0,12,100,54,False,True,True,False,True,False
57.63,53.55,4354,3,12,1,12.0,90.0,10,90.0,999.0,True,0.0,20.0,0,10,0,False,False,0,WET,NORMAL,8,0,81,False,1,VERY_DARK,FOG,8,54,True,True,0,SAFE,SAFE,SAFE,10,0,100,False,1,8,0,12,100,54,False,True,True,False,True,False
57.67,53.52,4351,3,12,1,12.0,90.0,10,90.0,999.0,True,0.0,20.0,0,10,0,False,False,0,WET,NORMAL,8,0,81,False,1,VERY_DARK,FOG,8,54,True,True,0,SAFE,SAFE,SAFE,10,0,100,False,1,8,0,12,100,54,False,True,True,False,True,False
57.7,53.54,4353,3,12,1,12.0,90.0,10,90.0,999.0,True,0.0,20.0,0,10,0,False,False,0,WET,NORMAL,8,0,81,False,1,VERY_DARK,FOG,8,54,True,True,0,SAFE,SAFE,SAFE,10,0,100,False,1,8,0,12,100,54,False,True,True,False,True,False
57.73,53.6,4358,3,12,1,12.0,90.0,10,90.0,999.0,True,0.0,20.0,0,10,0,False,False,0,WET,NORMAL,8,0,81,False,1,VERY_DARK,FOG,8,54,True,True,0,SAFE,SAFE,SAFE,10,0,100,False,1,8,0,12,100,54,False,True,True,False,True,False
57.77,53.69,4365,3,12,1,12.0,90.0,10,90.0,999.0,True,0.0,20.0,0,10,0,False,False,0,WET,NORMAL,8,0,81,False,1,VERY_DARK,FOG,8,54,True,True,0,SAFE,SAFE,SAFE,10,0,100,False,1,8,0,12,100,54,False,True,True,False,True,False
57.8,53.82,4375,3,12,1,12.0,90.0,10,90.0,999.0,True,0.0,20.0,0,10,0,False,False,0,WET,NORMAL,8,0,81,False,1,VERY_DARK,FOG,8,54,True,True,0,SAFE,SAFE,SAFE,10,0,100,False,1,8,0,12,100,54,False,True,True,False,True,False
57.83,53.96,4387,3,12,1,12.0,90.0,10,90.0,999.0,True,0.0,20.0,0,10,0,False,False,0,WET,NORMAL,8,0,81,False,1,VERY_DARK,FOG,8,54,True,True,0,SAFE,SAFE,SAFE,10,0,100,False,1,8,0,12,100,54,False,True,True,False,True,False
57.87,54.12,4400,3,12,1,12.0,90.0,10,90.0,999.0,True,0.0,20.0,0,10,0,False,False,0,WET,NORMAL,8,0,81,False,1,VERY_DARK,FOG,0,54,True,True,0,SAFE,SAFE,SAFE,10,0,100,False,1,0,0,12,100,54,False,True,True,False,True,False
57.9,54.24,4410,3,12,1,12.0,90.0,10,90.0,999.0,True,0.0,20.0,0,10,0,False,False,0,WET,NORMAL,8,0,81,False,1,VERY_DARK,FOG,0,54,True,True,0,SAFE,SAFE,SAFE,10,0,100,False,1,0,0,12,100,54,False,True,True,False,True,False
57.93,54.31,4415,3,12,1,12.0,90.0,10,90.0,999.0,True,0.0,20.0,0,10,0,False,False,0,WET,NORMAL,8,0,81,False,1,VERY_DARK,FOG,0,54,True,True,0,SAFE,SAFE,SAFE,10,0,100,False,1,0,0,12,100,54,False,True,True,False,True,False
57.97,54.3,4415,3,12,1,12.0,90.0,10,90.0,999.0,True,0.0,20.0,0,10,0,False,False,0,WET,NORMAL,8,0,81,False,1,VERY_DARK,FOG,0,54,True,True,0,SAFE,SAFE,SAFE,10,0,100,False,1,0,0,12,100,54,False,True,True,False,True,False
58.0,54.22,4408,3,12,1,12.0,90.0,10,90.0,999.0,True,0.0,20.0,0,10,0,False,False,0,WET,NORMAL,8,0,81,False,1,VERY_DARK,FOG,0,54,True,True,0,SAFE,SAFE,SAFE,10,0,100,False,1,0,0,12,100,54,False,True,True,False,True,False
58.03,54.1,4399,3,12,1,12.0,90.0,10,90.0,999.0,True,0.0,20.0,0,10,0,False,False,0,WET,NORMAL,8,0,81,False,1,VERY_DARK,FOG,0,54,True,True,0,SAFE,SAFE,SAFE,10,0,100,False,1,0,0,12,100,54,False,True,True,False,True,False
58.07,53.95,4386,3,12,1,12.0,90.0,10,90.0,999.0,True,0.0,20.0,0,10,0,False,False,0,WET,NORMAL,8,0,81,False,1,VERY_DARK,FOG,8,54,True,True,0,SAFE,SAFE,SAFE,10,0,100,False,1,8,0,12,100,54,False,True,True,False,True,False
58.1,53.83,4377,3,12,1,12.0,90.0,10,90.0,999.0,True,0.0,20.0,0,10,0,False,False,0,WET,NORMAL,8,0,81,False,1,VERY_DARK,FOG,8,54,True,True,0,SAFE,SAFE,SAFE,10,0,100,False,1,8,0,12,100,54,False,True,True,False,True,False
58.13,53.73,4368,3,12,1,12.0,90.0,10,90.0,999.0,True,0.0,20.0,0,10,0,False,False,0,WET,NORMAL,8,0,81,False,1,VERY_DARK,FOG,8,54,True,True,0,SAFE,SAFE,SAFE,10,0,100,False,1,8,0,12,100,54,False,True,True,False,True,False
58.17,53.65,4362,3,12,1,12.0,90.0,10,90.0,999.0,True,0.0,20.0,0,10,0,False,False,0,WET,NORMAL,8,0,81,False,1,VERY_DARK,FOG,8,54,True,True,0,SAFE,SAFE,SAFE,10,0,100,False,1,8,0,12,100,54,False,True,True,False,True,False
58.2,53.62,4359,3,12,1,12.0,90.0,10,90.0,999.0,True,0.0,20.0,0,10,0,False,False,0,WET,NORMAL,8,0,81,False,1,VERY_DARK,FOG,8,54,True,True,0,SAFE,SAFE,SAFE,10,0,100,False,1,8,0,12,100,54,False,True,True,False,True,False
58.23,53.64,4361,3,12,1,12.0,90.0,10,90.0,999.0,True,0.0,20.0,0,10,0,False,False,0,WET,NORMAL,8,0,81,False,1,VERY_DARK,FOG,8,54,True,True,0,SAFE,SAFE,SAFE,10,0,100,False,1,8,0,12,100,54,False,True,True,False,True,False
58.27,53.7,4366,3,12,1,12.0,90.0,10,90.0,999.0,True,0.0,20.0,0,10,0,False,False,0,WET,NORMAL,8,0,81,False,1,VERY_DARK,FOG,8,54,True,True,0,SAFE,SAFE,SAFE,10,0,100,False,1,8,0,12,100,54,False,True,True,False,True,False
58.3,53.79,4373,3,12,1,12.0,90.0,10,90.0,999.0,True,0.0,20.0,0,10,0,False,False,0,WET,NORMAL,8,0,81,False,1,VERY_DARK,FOG,8,54,True,True,0,SAFE,SAFE,SAFE,10,0,100,False,1,8,0,12,100,54,False,True,True,False,True,False
58.33,53.91,4383,3,12,1,12.0,90.0,10,90.0,999.0,True,0.0,20.0,0,10,0,False,False,0,WET,NORMAL,8,0,81,False,1,VERY_DARK,FOG,8,54,True,True,0,SAFE,SAFE,SAFE,10,0,100,False,1,8,0,12,100,54,False,True,True,False,True,False
58.37,54.06,4395,3,12,1,12.0,90.0,10,90.0,999.0,True,0.0,20.0,0,10,0,False,False,0,WET,NORMAL,8,0,81,False,1,VERY_DARK,FOG,0,54,True,True,0,SAFE,SAFE,SAFE,10,0,100,False,1,0,0,12,100,54,False,True,True,False,True,False
58.4,54.17,4404,3,12,1,12.0,90.0,10,90.0,999.0,True,0.0,20.0,0,10,0,False,False,0,WET,NORMAL,8,0,81,False,1,VERY_DARK,FOG,0,54,True,True,0,SAFE,SAFE,SAFE,10,0,100,False,1,0,0,12,100,54,False,True,True,False,True,False
58.43,54.22,4408,3,12,1,12.0,90.0,10,90.0,999.0,True,0.0,20.0,0,10,0,False,False,0,WET,NORMAL,8,0,81,False,1,VERY_DARK,FOG,0,54,True,True,0,SAFE,SAFE,SAFE,10,0,100,False,1,0,0,12,100,54,False,True,True,False,True,False
58.47,54.21,4407,3,12,1,12.0,90.0,10,90.0,999.0,True,0.0,20.0,0,10,0,False,False,0,WET,NORMAL,8,0,81,False,1,VERY_DARK,FOG,0,54,True,True,0,SAFE,SAFE,SAFE,10,0,100,False,1,0,0,12,100,54,False,True,True,False,True,False
58.5,54.13,4401,3,12,1,12.0,90.0,10,90.0,999.0,True,0.0,20.0,0,10,0,False,False,0,WET,NORMAL,8,0,81,False,1,VERY_DARK,FOG,0,54,True,True,0,SAFE,SAFE,SAFE,10,0,100,False,1,0,0,12,100,54,False,True,True,False,True,False
58.53,54.0,4391,3,12,1,12.0,90.0,10,90.0,999.0,True,0.0,20.0,0,10,0,False,False,0,WET,NORMAL,8,0,81,False,1,VERY_DARK,FOG,0,54,True,True,0,SAFE,SAFE,SAFE,10,0,100,False,1,0,0,12,100,54,False,True,True,False,True,False
58.57,53.85,4378,3,12,1,12.0,90.0,10,90.0,999.0,True,0.0,20.0,0,10,0,False,False,0,WET,NORMAL,8,0,81,False,1,VERY_DARK,FOG,8,54,True,True,0,SAFE,SAFE,SAFE,10,0,100,False,1,8,0,12,100,54,False,True,True,False,True,False
58.6,53.73,4368,3,12,1,12.0,90.0,10,90.0,999.0,True,0.0,20.0,0,10,0,False,False,0,WET,NORMAL,8,0,81,False,1,VERY_DARK,FOG,8,54,True,True,0,SAFE,SAFE,SAFE,10,0,100,False,1,8,0,12,100,54,False,True,True,False,True,False
58.63,53.62,4360,3,12,1,12.0,90.0,10,90.0,999.0,True,0.0,20.0,0,10,0,False,False,0,WET,NORMAL,8,0,81,False,1,VERY_DARK,FOG,8,54,True,True,0,SAFE,SAFE,SAFE,10,0,100,False,1,8,0,12,100,54,False,True,True,False,True,False
58.67,53.55,4353,3,12,1,12.0,90.0,10,90.0,999.0,True,0.0,20.0,0,10,0,False,False,0,WET,NORMAL,8,0,81,False,1,VERY_DARK,FOG,8,54,True,True,0,SAFE,SAFE,SAFE,10,0,100,False,1,8,0,12,100,54,False,True,True,False,True,False
58.7,53.51,4351,3,12,1,12.0,90.0,10,90.0,999.0,True,0.0,20.0,0,10,0,False,False,0,WET,NORMAL,8,0,81,False,1,VERY_DARK,FOG,8,54,True,True,0,SAFE,SAFE,SAFE,10,0,100,False,1,8,0,12,100,54,False,True,True,False,True,False
58.73,53.53,4352,3,12,1,12.0,90.0,10,90.0,999.0,True,0.0,20.0,0,10,0,False,False,0,WET,NORMAL,8,0,81,False,1,VERY_DARK,FOG,8,54,True,True,0,SAFE,SAFE,SAFE,10,0,100,False,1,8,0,12,100,54,False,True,True,False,True,False
58.77,53.59,4357,3,12,1,12.0,90.0,10,90.0,999.0,True,0.0,20.0,0,10,0,False,False,0,WET,NORMAL,8,0,81,False,1,VERY_DARK,FOG,8,54,True,True,0,SAFE,SAFE,SAFE,10,0,100,False,1,8,0,12,100,54,False,True,True,False,True,False
58.8,53.69,4365,3,12,1,12.0,90.0,10,90.0,999.0,True,0.0,20.0,0,10,0,False,False,0,WET,NORMAL,8,0,81,False,1,VERY_DARK,FOG,8,54,True,True,0,SAFE,SAFE,SAFE,10,0,100,False,1,8,0,12,100,54,False,True,True,False,True,False
58.83,53.81,4375,3,12,1,12.0,90.0,10,90.0,999.0,True,0.0,20.0,0,10,0,False,False,0,WET,NORMAL,8,0,81,False,1,VERY_DARK,FOG,8,54,True,True,0,SAFE,SAFE,SAFE,10,0,100,False,1,8,0,12,100,54,False,True,True,False,True,False
58.87,53.95,4386,3,12,1,12.0,90.0,10,90.0,999.0,True,0.0,20.0,0,10,0,False,False,0,WET,NORMAL,8,0,81,False,1,VERY_DARK,FOG,8,54,True,True,0,SAFE,SAFE,SAFE,10,0,100,False,1,8,0,12,100,54,False,True,True,False,True,False
58.9,54.11,4399,3,12,1,12.0,90.0,10,90.0,999.0,True,0.0,20.0,0,10,0,False,False,0,WET,NORMAL,8,0,81,False,1,VERY_DARK,FOG,0,54,True,True,0,SAFE,SAFE,SAFE,10,0,100,False,1,0,0,12,100,54,False,True,True,False,True,False
58.93,54.24,4409,3,12,1,12.0,90.0,10,90.0,999.0,True,0.0,20.0,0,10,0,False,False,0,WET,NORMAL,8,0,81,False,1,VERY_DARK,FOG,0,54,True,True,0,SAFE,SAFE,SAFE,10,0,100,False,1,0,0,12,100,54,False,True,True,False,True,False
58.97,54.3,4415,3,12,1,12.0,90.0,10,90.0,999.0,True,0.0,20.0,0,10,0,False,False,0,WET,NORMAL,8,0,81,False,1,VERY_DARK,FOG,0,54,True,True,0,SAFE,SAFE,SAFE,10,0,100,False,1,0,0,12,100,54,False,True,True,False,True,False
59.0,54.29,4414,3,12,1,12.0,90.0,10,90.0,999.0,True,0.0,20.0,0,10,0,False,False,0,WET,NORMAL,8,0,81,False,1,VERY_DARK,FOG,0,54,True,True,0,SAFE,SAFE,SAFE,10,0,100,False,1,0,0,12,100,54,False,True,True,False,True,False
59.03,54.22,4408,3,12,1,12.0,90.0,10,90.0,999.0,True,0.0,20.0,0,10,0,False,False,0,WET,NORMAL,8,0,81,False,1,VERY_DARK,FOG,0,54,True,True,0,SAFE,SAFE,SAFE,10,0,100,False,1,0,0,12,100,54,False,True,True,False,True,False
59.07,54.1,4398,3,12,1,12.0,90.0,10,90.0,999.0,True,0.0,20.0,0,10,0,False,False,0,WET,NORMAL,8,0,81,False,1,VERY_DARK,FOG,0,54,True,True,0,SAFE,SAFE,SAFE,10,0,100,False,1,0,0,12,100,54,False,True,True,False,True,False
59.1,53.94,4386,3,12,1,12.0,90.0,10,90.0,999.0,True,0.0,20.0,0,10,0,False,False,0,WET,NORMAL,8,0,81,False,1,VERY_DARK,FOG,8,54,True,True,0,SAFE,SAFE,SAFE,10,0,100,False,1,8,0,12,100,54,False,True,True,False,True,False
59.13,53.82,4376,3,12,1,12.0,90.0,10,90.0,999.0,True,0.0,20.0,0,10,0,False,False,0,WET,NORMAL,8,0,81,False,1,VERY_DARK,FOG,8,54,True,True,0,SAFE,SAFE,SAFE,10,0,100,False,1,8,0,12,100,54,False,True,True,False,True,False
59.17,53.72,4367,3,12,1,12.0,90.0,10,90.0,999.0,True,0.0,20.0,0,10,0,False,False,0,WET,NORMAL,8,0,81,False,1,VERY_DARK,FOG,8,54,True,True,0,SAFE,SAFE,SAFE,10,0,100,False,1,8,0,12,100,54,False,True,True,False,True,False
59.2,53.64,4361,3,12,1,12.0,90.0,10,90.0,999.0,True,0.0,20.0,0,10,0,False,False,0,WET,NORMAL,8,0,81,False,1,VERY_DARK,FOG,8,54,True,True,0,SAFE,SAFE,SAFE,10,0,100,False,1,8,0,12,100,54,False,True,True,False,True,False
59.23,53.61,4358,3,12,1,12.0,90.0,10,90.0,999.0,True,0.0,20.0,0,10,0,False,False,0,WET,NORMAL,8,0,81,False,1,VERY_DARK,FOG,8,54,True,True,0,SAFE,SAFE,SAFE,10,0,100,False,1,8,0,12,100,54,False,True,True,False,True,False
59.27,53.63,4360,3,12,1,12.0,90.0,10,90.0,999.0,True,0.0,20.0,0,10,0,False,False,0,WET,NORMAL,8,0,81,False,1,VERY_DARK,FOG,8,54,True,True,0,SAFE,SAFE,SAFE,10,0,100,False,1,8,0,12,100,54,False,True,True,False,True,False
59.3,53.69,4365,3,12,1,12.0,90.0,10,90.0,999.0,True,0.0,20.0,0,10,0,False,False,0,WET,NORMAL,8,0,81,False,1,VERY_DARK,FOG,8,54,True,True,0,SAFE,SAFE,SAFE,10,0,100,False,1,8,0,12,100,54,False,True,True,False,True,False
59.33,53.78,4373,3,12,1,12.0,90.0,10,90.0,999.0,True,0.0,20.0,0,10,0,False,False,0,WET,NORMAL,8,0,81,False,1,VERY_DARK,FOG,8,54,True,True,0,SAFE,SAFE,SAFE,10,0,100,False,1,8,0,12,100,54,False,True,True,False,True,False
59.37,53.91,4383,3,12,1,12.0,90.0,10,90.0,999.0,True,0.0,20.0,0,10,0,False,False,0,WET,NORMAL,8,0,81,False,1,VERY_DARK,FOG,8,54,True,True,0,SAFE,SAFE,SAFE,10,0,100,False,1,8,0,12,100,54,False,True,True,False,True,False
59.4,54.05,4394,3,12,1,12.0,90.0,10,90.0,999.0,True,0.0,20.0,0,10,0,False,False,0,WET,NORMAL,8,0,81,False,1,VERY_DARK,FOG,0,54,True,True,0,SAFE,SAFE,SAFE,10,0,100,False,1,0,0,12,100,54,False,True,True,False,True,False
59.43,54.16,4403,3,12,1,12.0,90.0,10,90.0,999.0,True,0.0,20.0,0,10,0,False,False,0,WET,NORMAL,8,0,81,False,1,VERY_DARK,FOG,0,54,True,True,0,SAFE,SAFE,SAFE,10,0,100,False,1,0,0,12,100,54,False,True,True,False,True,False
59.47,54.22,4408,3,12,1,12.0,90.0,10,90.0,999.0,True,0.0,20.0,0,10,0,False,False,0,WET,NORMAL,8,0,81,False,1,VERY_DARK,FOG,0,54,True,True,0,SAFE,SAFE,SAFE,10,0,100,False,1,0,0,12,100,54,False,True,True,False,True,False
59.5,54.2,4406,3,12,1,12.0,90.0,10,90.0,999.0,True,0.0,20.0,0,10,0,False,False,0,WET,NORMAL,8,0,81,False,1,VERY_DARK,FOG,0,54,True,True,0,SAFE,SAFE,SAFE,10,0,100,False,1,0,0,12,100,54,False,True,True,False,True,False
59.53,54.12,4400,3,12,1,12.0,90.0,10,90.0,999.0,True,0.0,20.0,0,10,0,False,False,0,WET,NORMAL,8,0,81,False,1,VERY_DARK,FOG,0,54,True,True,0,SAFE,SAFE,SAFE,10,0,100,False,1,0,0,12,100,54,False,True,True,False,True,False
59.57,54.0,4390,3,12,1,12.0,90.0,10,90.0,999.0,True,0.0,20.0,0,10,0,False,False,0,WET,NORMAL,8,0,81,False,1,VERY_DARK,FOG,8,54,True,True,0,SAFE,SAFE,SAFE,10,0,100,False,1,8,0,12,100,54,False,True,True,False,True,False
59.6,53.9,4382,3,12,1,12.0,90.0,10,90.0,999.0,True,0.0,20.0,0,10,0,False,False,0,WET,NORMAL,8,0,81,False,1,VERY_DARK,FOG,8,54,True,True,0,SAFE,SAFE,SAFE,10,0,100,False,1,8,0,12,100,54,False,True,True,False,True,False
59.63,53.81,4374,3,12,1,12.0,90.0,10,90.0,999.0,True,0.0,20.0,0,10,0,False,False,0,WET,NORMAL,8,0,81,False,1,VERY_DARK,FOG,8,54,True,True,0,SAFE,SAFE,SAFE,10,0,100,False,1,8,0,12,100,54,False,True,True,False,True,False
59.67,53.74,4369,3,12,1,12.0,90.0,10,90.0,999.0,True,0.0,20.0,0,10,0,False,False,0,WET,NORMAL,8,0,81,False,1,VERY_DARK,FOG,8,54,True,True,0,SAFE,SAFE,SAFE,10,0,100,False,1,8,0,12,100,54,False,True,True,False,True,False
59.7,53.71,4367,3,12,1,12.0,90.0,10,90.0,999.0,True,0.0,20.0,0,10,0,False,False,0,WET,NORMAL,8,0,81,False,1,VERY_DARK,FOG,8,54,True,True,0,SAFE,SAFE,SAFE,10,0,100,False,1,8,0,12,100,54,False,True,True,False,True,False
59.73,53.74,4369,3,12,1,12.0,90.0,10,90.0,999.0,True,0.0,20.0,0,10,0,False,False,0,WET,NORMAL,8,0,81,False,1,VERY_DARK,FOG,8,54,True,True,0,SAFE,SAFE,SAFE,10,0,100,False,1,8,0,12,100,54,False,True,True,False,True,False
59.77,53.8,4374,3,12,1,12.0,90.0,10,90.0,999.0,True,0.0,20.0,0,10,0,False,False,0,WET,NORMAL,8,0,81,False,1,VERY_DARK,FOG,8,54,True,True,0,SAFE,SAFE,SAFE,10,0,100,False,1,8,0,12,100,54,False,True,True,False,True,False
59.8,53.9,4382,3,12,1,12.0,90.0,10,90.0,999.0,True,0.0,20.0,0,10,0,False,False,0,WET,NORMAL,8,0,81,False,1,VERY_DARK,FOG,8,54,True,True,0,SAFE,SAFE,SAFE,10,0,100,False,1,8,0,12,100,54,False,True,True,False,True,False
59.83,54.03,4393,3,12,1,12.0,90.0,10,90.0,999.0,True,0.0,20.0,0,10,0,False,False,0,WET,NORMAL,8,0,81,False,1,VERY_DARK,FOG,0,54,True,True,0,SAFE,SAFE,SAFE,10,0,100,False,1,0,0,12,100,54,False,True,True,False,True,False
59.87,54.12,4400,3,12,1,12.0,90.0,10,90.0,999.0,True,0.0,20.0,0,10,0,False,False,0,WET,NORMAL,8,0,81,False,1,VERY_DARK,FOG,0,54,True,True,0,SAFE,SAFE,SAFE,10,0,100,False,1,0,0,12,100,54,False,True,True,False,True,False
59.9,54.17,4404,3,12,1,12.0,90.0,10,90.0,999.0,True,0.0,20.0,0,10,0,False,False,0,WET,NORMAL,8,0,81,False,1,VERY_DARK,FOG,0,54,True,True,0,SAFE,SAFE,SAFE,10,0,100,False,1,0,0,12,100,54,False,True,True,False,True,False
59.93,54.15,4402,3,12,1,12.0,90.0,10,90.0,999.0,True,0.0,20.0,0,10,0,False,False,0,WET,NORMAL,8,0,81,False,1,VERY_DARK,FOG,0,54,True,True,0,SAFE,SAFE,SAFE,10,0,100,False,1,0,0,12,100,54,False,True,True,False,True,False
59.97,54.06,4395,3,12,1,12.0,90.0,10,90.0,999.0,True,0.0,20.0,0,10,0,False,False,0,WET,NORMAL,8,0,81,False,1,VERY_DARK,FOG,0,54,True,True,0,SAFE,SAFE,SAFE,10,0,100,False,1,0,0,12,100,54,False,True,True,False,True,False
60.0,53.93,4385,3,12,1,12.0,90.0,10,90.0,999.0,True,0.0,20.0,0,10,0,False,False,0,WET,NORMAL,8,0,81,False,1,VERY_DARK,FOG,8,54,True,True,0,SAFE,SAFE,SAFE,10,0,100,False,1,8,0,12,100,54,False,True,True,False,True,False
60.03,53.83,4377,3,12,2,15.0,85.0,10,90.0,999.0,True,0.0,20.0,0,10,0,False,False,0,WET,NORMAL,8,0,81,False,1,VERY_DARK,RAIN,8,81,True,False,0,SAFE,SAFE,SAFE,10,0,100,False,1,8,0,12,100,81,False,True,False,False,True,False
60.07,53.74,4369,3,12,2,15.0,85.0,10,90.0,999.0,True,0.0,20.0,0,10,0,False,False,0,WET,NORMAL,8,0,81,False,1,VERY_DARK,RAIN,8,81,True,False,0,SAFE,SAFE,SAFE,10,0,100,False,1,8,0,12,100,81,False,True,False,False,True,False
60.1,53.67,4364,3,12,2,15.0,85.0,10,90.0,999.0,True,0.0,20.0,0,10,0,False,False,0,WET,NORMAL,8,0,81,False,1,VERY_DARK,RAIN,8,81,True,False,0,SAFE,SAFE,SAFE,10,0,100,False,1,8,0,12,100,81,False,True,False,False,True,False
60.13,53.64,4361,3,12,2,15.0,85.0,10,90.0,999.0,True,0.0,20.0,0,10,0,False,False,0,WET,NORMAL,8,0,81,False,1,VERY_DARK,RAIN,8,81,True,False,0,SAFE,SAFE,SAFE,10,0,100,False,1,8,0,12,100,81,False,True,False,False,True,False
60.17,53.67,4363,3,12,2,15.0,85.0,10,90.0,999.0,True,0.0,20.0,0,10,0,False,False,0,WET,NORMAL,8,0,81,False,1,VERY_DARK,RAIN,8,81,True,False,0,SAFE,SAFE,SAFE,10,0,100,False,1,8,0,12,100,81,False,True,False,False,True,False
60.2,53.73,4369,3,12,2,15.0,85.0,10,90.0,999.0,True,0.0,20.0,0,10,0,False,False,0,WET,NORMAL,8,0,81,False,1,VERY_DARK,RAIN,8,81,True,False,0,SAFE,SAFE,SAFE,10,0,100,False,1,8,0,12,100,81,False,True,False,False,True,False
60.23,53.83,4377,3,12,2,15.0,85.0,10,90.0,999.0,True,0.0,20.0,0,10,0,False,False,0,WET,NORMAL,8,0,81,False,1,VERY_DARK,RAIN,8,81,True,False,0,SAFE,SAFE,SAFE,10,0,100,False,1,8,0,12,100,81,False,True,False,False,True,False
60.27,53.96,4387,3,12,2,15.0,85.0,10,90.0,999.0,True,0.0,20.0,0,10,0,False,False,0,WET,NORMAL,8,0,81,False,1,VERY_DARK,RAIN,8,81,True,False,0,SAFE,SAFE,SAFE,10,0,100,False,1,8,0,12,100,81,False,True,False,False,True,False
60.3,54.1,4399,3,12,2,15.0,85.0,10,90.0,999.0,True,0.0,20.0,0,10,0,False,False,0,WET,NORMAL,8,0,81,False,1,VERY_DARK,RAIN,8,81,True,False,0,SAFE,SAFE,SAFE,10,0,100,False,1,8,0,12,100,81,False,True,False,False,True,False
60.33,54.27,4412,3,12,2,15.0,85.0,10,90.0,999.0,True,0.0,20.0,0,10,0,False,False,0,WET,NORMAL,8,0,81,False,1,VERY_DARK,RAIN,8,81,True,False,0,SAFE,SAFE,SAFE,10,0,100,False,1,8,0,12,100,81,False,True,False,False,True,False
60.37,54.44,4426,3,12,2,15.0,85.0,10,90.0,999.0,True,0.0,20.0,0,10,0,False,False,0,WET,NORMAL,8,0,81,False,1,VERY_DARK,RAIN,8,81,True,False,0,SAFE,SAFE,SAFE,10,0,100,False,1,8,0,12,100,81,False,True,False,False,True,False
60.4,54.63,4442,3,12,2,15.0,85.0,10,90.0,999.0,True,0.0,20.0,0,10,0,False,False,0,WET,NORMAL,8,0,81,False,1,VERY_DARK,RAIN,8,81,True,False,0,SAFE,SAFE,SAFE,10,0,100,False,1,8,0,12,100,81,False,True,False,False,True,False
60.43,54.83,4457,3,12,2,15.0,85.0,10,90.0,999.0,True,0.0,20.0,0,10,0,False,False,0,WET,NORMAL,8,0,81,False,1,VERY_DARK,RAIN,8,81,True,False,0,SAFE,SAFE,SAFE,10,0,100,False,1,8,0,12,100,81,False,True,False,False,True,False
60.47,55.03,4474,3,12,2,15.0,85.0,10,90.0,999.0,True,0.0,20.0,0,10,0,False,False,0,WET,NORMAL,8,0,81,False,1,VERY_DARK,RAIN,8,81,True,False,0,SAFE,SAFE,SAFE,10,0,100,False,1,8,0,12,100,81,False,True,False,False,True,False
60.5,55.24,4491,3,12,2,15.0,85.0,10,90.0,999.0,True,0.0,20.0,0,10,0,False,False,0,WET,NORMAL,8,0,81,False,1,VERY_DARK,RAIN,8,81,True,False,0,SAFE,SAFE,SAFE,10,0,100,False,1,8,0,12,100,81,False,True,False,False,True,False
60.53,55.45,4508,3,12,2,15.0,85.0,10,90.0,999.0,True,0.0,20.0,0,10,0,False,False,0,WET,NORMAL,8,0,81,False,1,VERY_DARK,RAIN,8,81,True,False,0,SAFE,SAFE,SAFE,10,0,100,False,1,8,0,12,100,81,False,True,False,False,True,False
60.57,55.67,4526,3,12,2,15.0,85.0,10,90.0,999.0,True,0.0,20.0,0,10,0,False,False,0,WET,NORMAL,8,0,81,False,1,VERY_DARK,RAIN,8,81,True,False,0,SAFE,SAFE,SAFE,10,0,100,False,1,8,0,12,100,81,False,True,False,False,True,False
60.6,55.89,4544,3,12,2,15.0,85.0,10,90.0,999.0,True,0.0,20.0,0,10,0,False,False,0,WET,NORMAL,8,0,81,False,1,VERY_DARK,RAIN,8,81,True,False,0,SAFE,SAFE,SAFE,10,0,100,False,1,8,0,12,100,81,False,True,False,False,True,False
60.63,56.11,4562,3,12,2,15.0,85.0,10,90.0,999.0,True,0.0,20.0,0,10,0,False,False,0,WET,NORMAL,8,0,81,False,1,VERY_DARK,RAIN,8,81,True,False,0,SAFE,SAFE,SAFE,10,0,100,False,1,8,0,12,100,81,False,True,False,False,True,False
60.67,56.34,4580,3,12,2,15.0,85.0,10,90.0,999.0,True,0.0,20.0,0,10,0,False,False,0,WET,NORMAL,8,0,81,False,1,VERY_DARK,RAIN,8,81,True,False,0,SAFE,SAFE,SAFE,10,0,100,False,1,8,0,12,100,81,False,True,False,False,True,False
60.7,56.56,4599,3,12,2,15.0,85.0,10,90.0,999.0,True,0.0,20.0,0,10,0,False,False,0,WET,NORMAL,8,0,81,False,1,VERY_DARK,RAIN,8,81,True,False,0,SAFE,SAFE,SAFE,10,0,100,False,1,8,0,12,100,81,False,True,False,False,True,False
60.73,56.79,4617,3,12,2,15.0,85.0,10,90.0,999.0,True,0.0,20.0,0,10,0,False,False,0,WET,NORMAL,8,0,81,False,1,VERY_DARK,RAIN,8,81,True,False,0,SAFE,SAFE,SAFE,10,0,100,False,1,8,0,12,100,81,False,True,False,False,True,False
60.77,57.02,4636,3,12,2,15.0,85.0,10,90.0,999.0,True,0.0,20.0,0,10,0,False,False,0,WET,NORMAL,8,0,81,False,1,VERY_DARK,RAIN,8,81,True,False,0,SAFE,SAFE,SAFE,10,0,100,False,1,8,0,12,100,81,False,True,False,False,True,False
60.8,57.26,4655,3,12,2,15.0,85.0,10,90.0,999.0,True,0.0,20.0,0,10,0,False,False,0,WET,NORMAL,8,0,81,False,1,VERY_DARK,RAIN,8,81,True,False,0,SAFE,SAFE,SAFE,10,0,100,False,1,8,0,12,100,81,False,True,False,False,True,False
60.83,57.49,4674,3,12,2,15.0,85.0,10,90.0,999.0,True,0.0,20.0,0,10,0,False,False,0,WET,NORMAL,8,0,81,False,1,VERY_DARK,RAIN,8,81,True,False,0,SAFE,SAFE,SAFE,10,0,100,False,1,8,0,12,100,81,False,True,False,False,True,False
60.87,57.73,4693,3,12,2,15.0,85.0,10,90.0,999.0,True,0.0,20.0,0,10,0,False,False,0,WET,NORMAL,8,0,81,False,1,VERY_DARK,RAIN,8,81,True,False,0,SAFE,SAFE,SAFE,10,0,100,False,1,8,0,12,100,81,False,True,False,False,True,False
60.9,57.96,4712,3,12,2,15.0,85.0,10,90.0,999.0,True,0.0,20.0,0,10,0,False,False,0,WET,NORMAL,8,0,81,False,1,VERY_DARK,RAIN,8,81,True,False,0,SAFE,SAFE,SAFE,10,0,100,False,1,8,0,12,100,81,False,True,False,False,True,False
60.93,58.2,4732,3,12,2,15.0,85.0,10,90.0,999.0,True,0.0,20.0,0,10,0,False,False,0,WET,NORMAL,8,0,81,False,1,VERY_DARK,RAIN,8,81,True,False,0,SAFE,SAFE,SAFE,10,0,100,False,1,8,0,12,100,81,False,True,False,False,True,False
60.97,58.44,4751,3,12,2,15.0,85.0,10,90.0,999.0,True,0.0,20.0,0,10,0,False,False,0,WET,NORMAL,8,0,81,False,1,VERY_DARK,RAIN,8,81,True,False,0,SAFE,SAFE,SAFE,10,0,100,False,1,8,0,12,100,81,False,True,False,False,True,False
61.0,58.68,4771,3,12,2,15.0,85.0,10,90.0,999.0,True,0.0,20.0,0,10,0,False,False,0,WET,NORMAL,8,0,81,False,1,VERY_DARK,RAIN,8,81,True,False,0,SAFE,SAFE,SAFE,10,0,100,False,1,8,0,12,100,81,False,True,False,False,True,False
61.03,58.92,4790,3,12,2,15.0,85.0,10,90.0,999.0,True,0.0,20.0,0,10,0,False,False,0,WET,NORMAL,8,0,81,False,1,VERY_DARK,RAIN,8,81,True,False,0,SAFE,SAFE,SAFE,10,0,100,False,1,8,0,12,100,81,False,True,False,False,True,False
61.07,59.16,4810,3,12,2,15.0,85.0,10,90.0,999.0,True,0.0,20.0,0,10,0,False,False,0,WET,NORMAL,8,0,81,False,1,VERY_DARK,RAIN,8,81,True,False,0,SAFE,SAFE,SAFE,10,0,100,False,1,8,0,12,100,81,False,True,False,False,True,False
61.1,59.4,4830,3,12,2,15.0,85.0,10,90.0,999.0,True,0.0,20.0,0,10,0,False,False,0,WET,NORMAL,8,0,81,False,1,VERY_DARK,RAIN,8,81,True,False,0,SAFE,SAFE,SAFE,10,0,100,False,1,8,0,12,100,81,False,True,False,False,True,False
61.13,59.65,4849,3,12,2,15.0,85.0,10,90.0,999.0,True,0.0,20.0,0,10,0,False,False,0,WET,NORMAL,8,0,81,False,1,VERY_DARK,RAIN,8,81,True,False,0,SAFE,SAFE,SAFE,10,0,100,False,1,8,0,12,100,81,False,True,False,False,True,False
61.17,59.89,4869,3,12,2,15.0,85.0,10,90.0,999.0,True,0.0,20.0,0,10,0,False,False,0,WET,NORMAL,8,0,81,False,1,VERY_DARK,RAIN,8,81,True,False,0,SAFE,SAFE,SAFE,10,0,100,False,1,8,0,12,100,81,False,True,False,False,True,False
61.2,60.14,4889,3,12,2,15.0,85.0,10,90.0,999.0,True,0.0,20.0,0,10,0,False,False,0,WET,NORMAL,8,0,81,False,1,VERY_DARK,RAIN,8,81,True,False,0,SAFE,SAFE,SAFE,10,0,100,False,1,8,0,12,100,81,False,True,False,False,True,False
61.23,60.39,4909,3,12,2,15.0,85.0,10,90.0,999.0,True,0.0,20.0,0,10,0,False,False,0,WET,NORMAL,8,0,81,False,1,VERY_DARK,RAIN,8,81,True,False,0,SAFE,SAFE,SAFE,10,0,100,False,1,8,0,12,100,81,False,True,False,False,True,False
61.27,60.63,4930,3,12,2,15.0,85.0,10,90.0,999.0,True,0.0,20.0,0,10,0,False,False,0,WET,NORMAL,8,0,81,False,1,VERY_DARK,RAIN,8,81,True,False,0,SAFE,SAFE,SAFE,10,0,100,False,1,8,0,12,100,81,False,True,False,False,True,False
61.3,60.88,4950,3,12,2,15.0,85.0,10,90.0,999.0,True,0.0,20.0,0,10,0,False,False,0,WET,NORMAL,8,0,81,False,1,VERY_DARK,RAIN,8,81,True,False,0,SAFE,SAFE,SAFE,10,0,100,False,1,8,0,12,100,81,False,True,False,False,True,False
61.33,61.13,4970,3,12,2,15.0,85.0,10,90.0,999.0,True,0.0,20.0,0,10,0,False,False,0,WET,NORMAL,8,0,81,False,1,VERY_DARK,RAIN,8,81,True,False,0,SAFE,SAFE,SAFE,10,0,100,False,1,8,0,12,100,81,False,True,False,False,True,False
61.37,61.38,4991,3,12,2,15.0,85.0,10,90.0,999.0,True,0.0,20.0,0,10,0,False,False,0,WET,NORMAL,8,0,81,False,1,VERY_DARK,RAIN,8,81,True,False,0,SAFE,SAFE,SAFE,10,0,100,False,1,8,0,12,100,81,False,True,False,False,True,False
61.4,61.64,5011,3,12,2,15.0,85.0,10,90.0,999.0,True,0.0,20.0,0,10,0,False,False,0,WET,NORMAL,8,0,81,False,1,VERY_DARK,RAIN,8,81,True,False,0,SAFE,SAFE,SAFE,10,0,100,False,1,8,0,12,100,81,False,True,False,False,True,False
61.43,61.89,5032,3,12,2,15.0,85.0,10,90.0,999.0,True,0.0,20.0,0,10,0,False,False,0,WET,NORMAL,8,0,81,False,1,VERY_DARK,RAIN,8,81,True,False,0,SAFE,SAFE,SAFE,10,0,100,False,1,8,0,12,100,81,False,True,False,False,True,False
61.47,62.14,5052,3,12,2,15.0,85.0,10,90.0,999.0,True,0.0,20.0,0,10,0,False,False,0,WET,NORMAL,8,0,81,False,1,VERY_DARK,RAIN,8,81,True,False,0,SAFE,SAFE,SAFE,10,0,100,False,1,8,0,12,100,81,False,True,False,False,True,False
61.5,62.4,5073,3,12,2,15.0,85.0,10,90.0,999.0,True,0.0,20.0,0,10,0,False,False,0,WET,NORMAL,8,0,81,False,1,VERY_DARK,RAIN,8,81,True,False,0,SAFE,SAFE,SAFE,10,0,100,False,1,8,0,12,100,81,False,True,False,False,True,False
61.53,62.66,5094,3,12,2,15.0,85.0,10,90.0,999.0,True,0.0,20.0,0,10,0,False,False,0,WET,NORMAL,8,0,81,False,1,VERY_DARK,RAIN,8,81,True,False,0,SAFE,SAFE,SAFE,10,0,100,False,1,8,0,12,100,81,False,True,False,False,True,False
61.57,62.91,5115,3,12,2,15.0,85.0,10,90.0,999.0,True,0.0,20.0,0,10,0,False,False,0,WET,NORMAL,8,0,81,False,1,VERY_DARK,RAIN,8,81,True,False,0,SAFE,SAFE,SAFE,10,0,100,False,1,8,0,12,100,81,False,True,False,False,True,False
61.6,63.17,5136,3,12,2,15.0,85.0,10,90.0,999.0,True,0.0,20.0,0,10,0,False,False,0,WET,NORMAL,8,0,81,False,1,VERY_DARK,RAIN,8,81,True,False,0,SAFE,SAFE,SAFE,10,0,100,False,1,8,0,12,100,81,False,True,False,False,True,False
61.63,63.43,5157,3,12,2,15.0,85.0,10,90.0,999.0,True,0.0,20.0,0,10,0,False,False,0,WET,NORMAL,8,0,81,False,1,VERY_DARK,RAIN,8,81,True,False,0,SAFE,SAFE,SAFE,10,0,100,False,1,8,0,12,100,81,False,True,False,False,True,False
61.67,63.69,5178,3,12,2,15.0,85.0,10,90.0,999.0,True,0.0,20.0,0,10,0,False,False,0,WET,NORMAL,8,0,81,False,1,VERY_DARK,RAIN,8,81,True,False,0,SAFE,SAFE,SAFE,10,0,100,False,1,8,0,12,100,81,False,True,False,False,True,False
61.7,63.95,5200,3,12,2,15.0,85.0,10,90.0,999.0,True,0.0,20.0,0,10,0,False,False,0,WET,NORMAL,8,0,81,False,1,VERY_DARK,RAIN,8,81,True,False,0,SAFE,SAFE,SAFE,10,0,100,False,1,8,0,12,100,81,False,True,False,False,True,False
61.73,64.22,5221,3,12,2,15.0,85.0,10,90.0,999.0,True,0.0,20.0,0,10,0,False,False,0,WET,NORMAL,8,0,81,False,1,VERY_DARK,RAIN,8,81,True,False,0,SAFE,SAFE,SAFE,10,0,100,False,1,8,0,12,100,81,False,True,False,False,True,False
61.77,64.48,5242,3,12,2,15.0,85.0,10,90.0,999.0,True,0.0,20.0,0,10,0,False,False,0,WET,NORMAL,8,0,81,False,1,VERY_DARK,RAIN,8,81,True,False,0,SAFE,SAFE,SAFE,10,0,100,False,1,8,0,12,100,81,False,True,False,False,True,False
61.8,64.75,5264,3,12,2,15.0,85.0,10,90.0,999.0,True,0.0,20.0,0,10,0,False,False,0,WET,NORMAL,8,0,81,False,1,VERY_DARK,RAIN,8,81,True,False,0,SAFE,SAFE,SAFE,10,0,100,False,1,8,0,12,100,81,False,True,False,False,True,False
61.83,65.01,5286,3,12,2,15.0,85.0,10,90.0,999.0,True,0.0,20.0,0,10,0,False,False,0,WET,NORMAL,8,0,81,False,1,VERY_DARK,RAIN,8,81,True,False,0,SAFE,SAFE,SAFE,10,0,100,False,1,8,0,12,100,81,False,True,False,False,True,False
61.87,65.28,5307,3,12,2,15.0,85.0,10,90.0,999.0,True,0.0,20.0,0,10,0,False,False,0,WET,NORMAL,8,0,81,False,1,VERY_DARK,RAIN,8,81,True,False,0,SAFE,SAFE,SAFE,10,0,100,False,1,8,0,12,100,81,False,True,False,False,True,False
61.9,65.55,5329,3,12,2,15.0,85.0,10,90.0,999.0,True,0.0,20.0,0,10,0,False,False,0,WET,NORMAL,8,0,81,False,1,VERY_DARK,RAIN,8,81,True,False,0,SAFE,SAFE,SAFE,10,0,100,False,1,8,0,12,100,81,False,True,False,False,True,False
61.93,65.82,5351,3,12,2,15.0,85.0,10,90.0,999.0,True,0.0,20.0,0,10,0,False,False,0,WET,NORMAL,8,0,81,False,1,VERY_DARK,RAIN,8,81,True,False,0,SAFE,SAFE,SAFE,10,0,100,False,1,8,0,12,100,81,False,True,False,False,True,False
61.97,66.09,5373,3,12,2,15.0,85.0,10,90.0,999.0,True,0.0,20.0,0,10,0,False,False,0,WET,NORMAL,8,0,81,False,1,VERY_DARK,RAIN,8,81,True,False,0,SAFE,SAFE,SAFE,10,0,100,False,1,8,0,12,100,81,False,True,False,False,True,False
62.0,66.36,5395,3,12,2,15.0,85.0,10,90.0,999.0,True,0.0,20.0,0,10,0,False,False,0,WET,NORMAL,8,0,81,False,1,VERY_DARK,RAIN,8,81,True,False,0,SAFE,SAFE,SAFE,10,0,100,False,1,8,0,12,100,81,False,True,False,False,True,False
62.03,66.63,5417,3,12,2,15.0,85.0,10,90.0,999.0,True,0.0,20.0,0,10,0,False,False,0,WET,NORMAL,8,0,81,False,1,VERY_DARK,RAIN,8,81,True,False,0,SAFE,SAFE,SAFE,10,0,100,False,1,8,0,12,100,81,False,True,False,False,True,False
62.07,66.9,5439,3,12,2,15.0,85.0,10,90.0,999.0,True,0.0,20.0,0,10,0,False,False,0,WET,NORMAL,8,0,81,False,1,VERY_DARK,RAIN,8,81,True,False,0,SAFE,SAFE,SAFE,10,0,100,False,1,8,0,12,100,81,False,True,False,False,True,False
62.1,67.18,5462,3,12,2,15.0,85.0,10,90.0,999.0,True,0.0,20.0,0,10,0,False,False,0,WET,NORMAL,8,0,81,False,1,VERY_DARK,RAIN,8,81,True,False,0,SAFE,SAFE,SAFE,10,0,100,False,1,8,0,12,100,81,False,True,False,False,True,False
62.13,67.45,5484,3,12,2,15.0,85.0,10,90.0,999.0,True,0.0,20.0,0,10,0,False,False,0,WET,NORMAL,8,0,81,False,1,VERY_DARK,RAIN,8,81,True,False,0,SAFE,SAFE,SAFE,10,0,100,False,1,8,0,12,100,81,False,True,False,False,True,False
62.17,67.73,5507,3,12,2,15.0,85.0,10,90.0,999.0,True,0.0,20.0,0,10,0,False,False,0,WET,NORMAL,8,0,81,False,1,VERY_DARK,RAIN,8,81,True,False,0,SAFE,SAFE,SAFE,10,0,100,False,1,8,0,12,100,81,False,True,False,False,True,False
62.2,68.01,5529,3,12,2,15.0,85.0,10,90.0,999.0,True,0.0,20.0,0,10,0,False,False,0,WET,NORMAL,8,0,81,False,1,VERY_DARK,RAIN,8,81,True,False,0,SAFE,SAFE,SAFE,10,0,100,False,1,8,0,12,100,81,False,True,False,False,True,False
62.23,68.29,5552,3,12,2,15.0,85.0,10,90.0,999.0,True,0.0,20.0,0,10,0,False,False,0,WET,NORMAL,8,0,81,False,1,VERY_DARK,RAIN,8,81,True,False,0,SAFE,SAFE,SAFE,10,0,100,False,1,8,0,12,100,81,False,True,False,False,True,False
62.27,68.57,5575,3,12,2,15.0,85.0,10,90.0,999.0,True,0.0,20.0,0,10,0,False,False,0,WET,NORMAL,8,0,81,False,1,VERY_DARK,RAIN,8,81,True,False,0,SAFE,SAFE,SAFE,10,0,100,False,1,8,0,12,100,81,False,True,False,False,True,False
62.3,68.85,5597,3,12,2,15.0,85.0,10,90.0,999.0,True,0.0,20.0,0,10,0,False,False,0,WET,NORMAL,8,0,81,False,1,VERY_DARK,RAIN,8,81,True,False,0,SAFE,SAFE,SAFE,10,0,100,False,1,8,0,12,100,81,False,True,False,False,True,False
62.33,69.13,5620,3,12,2,15.0,85.0,10,90.0,999.0,True,0.0,20.0,0,10,0,False,False,0,WET,NORMAL,8,0,81,False,1,VERY_DARK,RAIN,8,81,True,False,0,SAFE,SAFE,SAFE,10,0,100,False,1,8,0,12,100,81,False,True,False,False,True,False
62.37,69.41,5643,3,12,2,15.0,85.0,10,90.0,116.5,False,16.95,6.58,0,10,0,False,False,0,WET,NORMAL,8,0,81,False,1,VERY_DARK,RAIN,8,81,True,False,0,SAFE,SAFE,SAFE,10,0,100,False,1,8,0,12,100,81,False,True,False,False,True,False
62.4,69.69,5666,3,12,2,15.0,85.0,10,90.0,115.93,False,16.99,6.53,0,10,0,False,False,0,WET,NORMAL,8,0,81,False,1,VERY_DARK,RAIN,8,81,True,False,0,SAFE,SAFE,SAFE,10,0,100,False,1,8,0,12,100,81,False,True,False,False,True,False
62.43,69.97,5689,3,12,2,15.0,85.0,10,90.0,115.37,False,17.02,6.48,0,10,0,False,False,0,WET,NORMAL,8,0,81,False,1,VERY_DARK,RAIN,8,81,True,False,0,SAFE,SAFE,SAFE,10,0,100,False,1,8,0,12,100,81,False,True,False,False,True,False
62.47,70.25,5712,3,12,2,15.0,85.0,10,90.0,114.8,False,17.06,6.44,0,10,0,False,False,0,WET,NORMAL,8,0,81,False,1,VERY_DARK,RAIN,8,81,True,False,0,SAFE,SAFE,SAFE,10,0,100,False,1,8,0,12,100,81,False,True,False,False,True,False
62.5,70.54,5735,3,12,2,15.0,85.0,10,90.0,114.23,False,17.09,6.39,0,10,0,False,False,0,WET,NORMAL,8,0,81,False,1,VERY_DARK,RAIN,8,81,True,False,0,SAFE,SAFE,SAFE,10,0,100,False,1,8,0,12,100,81,False,True,False,False,True,False
62.53,70.82,5758,3,12,2,15.0,85.0,10,90.0,113.66,False,17.12,6.35,0,10,0,False,False,0,WET,NORMAL,8,0,81,False,1,VERY_DARK,RAIN,8,81,True,False,0,SAFE,SAFE,SAFE,10,0,100,False,1,8,0,12,100,81,False,True,False,False,True,False
62.57,71.1,5781,3,12,2,15.0,85.0,10,90.0,113.09,False,17.14,6.31,0,10,0,False,False,0,WET,NORMAL,8,0,81,False,1,VERY_DARK,RAIN,8,81,True,False,0,SAFE,SAFE,SAFE,10,0,100,False,1,8,0,12,100,81,False,True,False,False,True,False
62.6,71.38,5804,3,12,2,15.0,85.0,10,90.0,112.52,False,17.16,6.26,0,10,0,False,False,0,WET,NORMAL,8,0,81,False,1,VERY_DARK,RAIN,8,81,True,False,0,SAFE,SAFE,SAFE,10,0,100,False,1,8,0,12,100,81,False,True,False,False,True,False
62.63,71.66,5827,3,12,2,15.0,85.0,10,90.0,111.94,False,17.18,6.22,0,10,0,False,False,0,WET,NORMAL,8,0,81,False,1,VERY_DARK,RAIN,8,81,True,False,0,SAFE,SAFE,SAFE,10,0,100,False,1,8,0,12,100,81,False,True,False,False,True,False
62.67,71.95,5849,3,12,2,15.0,85.0,10,90.0,111.37,False,17.2,6.19,0,10,0,False,False,0,WET,NORMAL,8,0,81,False,1,VERY_DARK,RAIN,8,81,True,False,0,SAFE,SAFE,SAFE,10,0,100,False,1,8,0,12,100,81,False,True,False,False,True,False
62.7,72.23,5872,3,12,2,15.0,85.0,10,90.0,110.8,False,17.21,6.15,0,10,0,False,False,0,WET,NORMAL,8,0,81,False,1,VERY_DARK,RAIN,8,81,True,False,0,SAFE,SAFE,SAFE,10,0,100,False,1,8,0,12,100,81,False,True,False,False,True,False
62.73,72.51,5895,3,12,2,15.0,85.0,10,90.0,110.22,False,17.22,6.11,0,10,0,False,False,0,WET,NORMAL,8,0,81,False,1,VERY_DARK,RAIN,8,81,True,False,0,SAFE,SAFE,SAFE,10,0,100,False,1,8,0,12,100,81,False,True,False,False,True,False
62.77,72.79,5918,3,12,2,15.0,85.0,10,90.0,109.65,False,17.22,6.08,0,10,0,False,False,0,WET,NORMAL,8,0,81,False,1,VERY_DARK,RAIN,8,81,True,False,0,SAFE,SAFE,SAFE,10,0,100,False,1,8,0,12,100,81,False,True,False,False,True,False
62.8,73.08,5941,3,12,2,15.0,85.0,10,90.0,109.08,False,17.22,6.04,0,10,0,False,False,0,WET,NORMAL,8,0,81,False,1,VERY_DARK,RAIN,8,81,True,False,0,SAFE,SAFE,SAFE,10,0,100,False,1,8,0,12,100,81,False,True,False,False,True,False
62.83,73.36,5964,3,12,2,15.0,85.0,10,90.0,108.5,False,17.22,6.01,0,10,0,False,False,0,WET,NORMAL,8,0,81,False,1,VERY_DARK,RAIN,8,81,True,False,0,SAFE,SAFE,SAFE,10,0,100,False,1,8,0,12,100,81,False,True,False,False,True,False
62.87,73.64,5987,3,12,2,15.0,85.0,10,90.0,107.93,False,17.22,5.98,0,10,0,False,False,0,WET,NORMAL,8,0,81,False,1,VERY_DARK,RAIN,8,81,True,False,0,SAFE,SAFE,SAFE,10,0,100,False,1,8,0,12,100,81,False,True,False,False,True,False
62.9,73.92,6010,3,12,2,15.0,85.0,10,90.0,107.35,False,17.22,5.94,0,10,0,False,False,0,WET,NORMAL,8,0,81,False,1,VERY_DARK,RAIN,8,81,True,False,0,SAFE,SAFE,SAFE,10,0,100,False,1,8,0,12,100,81,False,True,False,False,True,False
62.93,74.21,6033,3,12,2,15.0,85.0,10,90.0,106.78,False,17.21,5.91,0,10,0,False,False,0,WET,NORMAL,8,0,81,False,1,VERY_DARK,RAIN,8,81,True,False,0,SAFE,SAFE,SAFE,10,0,100,False,1,8,0,12,100,81,False,True,False,False,True,False
62.97,74.49,6056,3,12,2,15.0,85.0,10,90.0,106.21,False,17.21,5.88,0,10,0,False,False,0,WET,NORMAL,8,0,81,False,1,VERY_DARK,RAIN,8,81,True,False,0,SAFE,SAFE,SAFE,10,0,100,False,1,8,0,12,100,81,False,True,False,False,True,False
63.0,74.77,6079,3,12,2,15.0,85.0,10,90.0,105.63,False,17.2,5.85,0,10,0,False,False,0,WET,NORMAL,8,0,81,False,1,VERY_DARK,RAIN,8,81,True,False,0,SAFE,SAFE,SAFE,10,0,100,False,1,8,0,12,100,81,False,True,False,False,True,False
63.03,75.05,6102,3,12,2,15.0,85.0,10,90.0,105.06,False,17.2,5.82,0,10,0,False,False,0,WET,NORMAL,8,0,81,False,1,VERY_DARK,RAIN,8,81,True,False,0,SAFE,SAFE,SAFE,10,0,100,False,1,8,0,12,100,81,False,True,False,False,True,False
63.07,75.34,6125,3,12,2,15.0,85.0,10,90.0,104.49,False,17.19,5.79,0,10,0,False,False,0,WET,NORMAL,8,0,81,False,1,VERY_DARK,RAIN,8,81,True,False,0,SAFE,SAFE,SAFE,10,0,100,False,1,8,0,12,100,81,False,True,False,False,True,False
63.1,75.62,6148,3,12,2,15.0,85.0,10,90.0,103.91,False,17.18,5.76,0,10,0,False,False,0,WET,NORMAL,8,0,81,False,1,VERY_DARK,RAIN,8,81,True,False,0,SAFE,SAFE,SAFE,10,0,100,False,1,8,0,12,100,81,False,True,False,False,True,False
63.13,75.9,6171,3,12,2,15.0,85.0,10,90.0,103.34,False,17.17,5.73,0,10,0,False,False,0,WET,NORMAL,8,0,81,False,1,VERY_DARK,RAIN,8,81,True,False,0,SAFE,SAFE,SAFE,10,0,100,False,1,8,0,12,100,81,False,True,False,False,True,False
63.17,76.19,6194,3,12,2,15.0,85.0,10,90.0,102.77,False,17.16,5.7,0,10,0,False,False,0,WET,NORMAL,8,0,81,False,1,VERY_DARK,RAIN,8,81,True,False,0,SAFE,SAFE,SAFE,10,0,100,False,1,8,0,12,100,81,False,True,False,False,True,False
63.2,76.47,6217,3,12,2,15.0,85.0,10,90.0,102.2,False,17.15,5.67,0,10,0,False,False,0,WET,NORMAL,8,0,81,False,1,VERY_DARK,RAIN,8,81,True,False,0,SAFE,SAFE,SAFE,10,0,100,False,1,8,0,12,100,81,False,True,False,False,True,False
63.23,76.75,6240,3,12,2,15.0,85.0,10,90.0,101.63,False,17.14,5.64,0,10,0,False,False,0,WET,NORMAL,8,0,81,False,1,VERY_DARK,RAIN,8,81,True,False,0,SAFE,SAFE,SAFE,10,0,100,False,1,8,0,12,100,81,False,True,False,False,True,False
63.27,77.03,6263,3,12,2,15.0,85.0,10,90.0,101.05,False,17.13,5.61,0,10,0,False,False,0,WET,NORMAL,8,0,81,False,1,VERY_DARK,RAIN,8,81,True,False,0,SAFE,SAFE,SAFE,10,0,100,False,1,8,0,12,100,81,False,True,False,False,True,False
63.3,77.32,6286,3,12,2,15.0,85.0,10,90.0,100.48,False,17.12,5.58,0,10,0,False,False,0,WET,NORMAL,8,0,81,False,1,VERY_DARK,RAIN,8,81,True,False,0,SAFE,SAFE,SAFE,10,0,100,False,1,8,0,12,100,81,False,True,False,False,True,False
63.33,77.6,6309,3,12,2,15.0,85.0,10,90.0,99.91,False,17.11,5.55,0,10,0,False,False,0,WET,NORMAL,8,0,81,False,1,VERY_DARK,RAIN,8,81,True,False,0,SAFE,SAFE,SAFE,10,0,100,False,1,8,0,12,100,81,False,True,False,False,True,False
63.37,77.88,6332,3,12,2,15.0,85.0,10,90.0,99.34,False,17.09,5.52,0,10,0,False,False,0,WET,NORMAL,8,0,81,False,1,VERY_DARK,RAIN,8,81,True,False,0,SAFE,SAFE,SAFE,10,0,100,False,1,8,0,12,100,81,False,True,False,False,True,False
63.4,78.17,6355,3,12,2,15.0,85.0,10,90.0,98.77,False,17.08,5.49,0,10,0,False,False,0,WET,NORMAL,8,0,81,False,1,VERY_DARK,RAIN,8,81,True,False,0,SAFE,SAFE,SAFE,10,0,100,False,1,8,0,12,100,81,False,True,False,False,True,False
63.43,78.45,6378,3,12,2,15.0,85.0,10,90.0,98.2,False,17.07,5.46,0,10,0,False,False,0,WET,NORMAL,8,0,81,False,1,VERY_DARK,RAIN,8,81,True,False,0,SAFE,SAFE,SAFE,10,0,100,False,1,8,0,12,100,81,False,True,False,False,True,False
63.47,78.73,6401,3,12,2,15.0,85.0,10,90.0,97.64,False,17.06,5.43,0,10,0,False,False,0,WET,NORMAL,8,0,81,False,1,VERY_DARK,RAIN,8,81,True,False,0,SAFE,SAFE,SAFE,10,0,100,False,1,8,0,12,100,81,False,True,False,False,True,False
63.5,79.01,6424,3,12,2,15.0,85.0,10,90.0,97.07,False,17.04,5.4,0,10,0,False,False,0,WET,NORMAL,8,0,81,False,1,VERY_DARK,RAIN,8,81,True,False,0,SAFE,SAFE,SAFE,10,0,100,False,1,8,0,12,100,81,False,True,False,False,True,False
63.53,79.3,6447,3,12,2,15.0,85.0,10,90.0,96.5,False,17.03,5.37,0,10,0,False,False,0,WET,NORMAL,8,0,81,False,1,VERY_DARK,RAIN,8,81,True,False,0,SAFE,SAFE,SAFE,10,0,100,False,1,8,0,12,100,81,False,True,False,False,True,False
63.57,79.58,6470,3,12,2,15.0,85.0,10,90.0,95.93,False,17.01,5.34,0,10,0,False,False,0,WET,NORMAL,8,0,81,False,1,VERY_DARK,RAIN,8,81,True,False,0,SAFE,SAFE,SAFE,10,0,100,False,1,8,0,12,100,81,False,True,False,False,True,False
63.6,79.86,6493,3,12,2,15.0,85.0,10,90.0,95.37,False,17.0,5.32,0,10,0,False,False,0,WET,NORMAL,8,0,81,False,1,VERY_DARK,RAIN,8,81,True,False,0,SAFE,SAFE,SAFE,10,0,100,False,1,8,0,12,100,81,False,True,False,False,True,False
63.63,80.15,6516,4,12,2,15.0,85.0,10,90.0,94.8,False,16.99,5.29,0,10,0,False,False,0,WET,NORMAL,8,0,81,False,1,VERY_DARK,RAIN,8,81,True,False,0,SAFE,SAFE,SAFE,10,0,100,False,1,8,0,12,100,81,False,True,False,False,True,False
63.67,80.54,4559,4,12,2,15.0,85.0,10,90.0,94.23,False,17.0,5.25,0,10,0,False,False,0,WET,NORMAL,8,0,81,False,1,VERY_DARK,RAIN,8,81,True,False,0,SAFE,SAFE,SAFE,10,0,100,False,1,8,0,12,100,81,False,True,False,False,True,False
63.7,80.91,4580,4,12,2,15.0,85.0,10,90.0,93.67,False,17.01,5.21,0,10,0,False,False,0,WET,NORMAL,8,0,81,False,1,VERY_DARK,RAIN,8,81,True,False,0,SAFE,SAFE,SAFE,10,0,100,False,1,8,0,12,100,81,False,True,False,False,True,False
63.73,81.23,4598,4,12,2,15.0,85.0,10,90.0,93.1,False,17.01,5.18,0,10,0,False,False,0,WET,NORMAL,0,0,81,False,1,VERY_DARK,RAIN,0,81,True,False,0,SAFE,SAFE,SAFE,10,0,100,False,1,0,0,12,100,81,False,True,False,False,True,False
63.77,81.48,4612,4,12,2,15.0,85.0,10,90.0,92.53,False,16.99,5.15,0,10,0,False,False,0,WET,NORMAL,0,0,81,False,1,VERY_DARK,RAIN,0,81,True,False,0,SAFE,SAFE,SAFE,10,0,100,False,1,0,0,12,100,81,False,True,False,False,True,False
63.8,81.64,4621,4,12,2,15.0,85.0,10,90.0,91.97,False,16.97,5.13,0,10,0,False,False,0,WET,NORMAL,0,0,81,False,1,VERY_DARK,RAIN,0,81,True,False,0,SAFE,SAFE,SAFE,10,0,100,False,1,0,0,12,100,81,False,True,False,False,True,False
63.83,81.71,4625,4,12,2,15.0,85.0,10,90.0,91.4,False,16.99,5.09,0,10,0,False,False,0,WET,NORMAL,0,0,81,False,1,VERY_DARK,RAIN,0,81,True,False,0,SAFE,SAFE,SAFE,10,0,100,False,1,0,0,12,100,81,False,True,False,False,True,False
63.87,81.7,4624,4,12,2,15.0,85.0,10,90.0,90.83,False,16.99,5.05,0,10,0,False,False,0,WET,NORMAL,0,0,81,False,1,VERY_DARK,RAIN,0,81,True,False,0,SAFE,SAFE,SAFE,10,0,100,False,1,0,0,12,100,81,False,True,False,False,True,False
63.9,81.64,4621,4,12,2,15.0,85.0,10,90.0,90.27,False,16.97,5.02,0,10,0,False,False,0,WET,NORMAL,0,0,81,False,1,VERY_DARK,RAIN,0,81,True,False,0,SAFE,SAFE,SAFE,10,0,100,False,1,0,0,12,100,81,False,True,False,False,True,False
63.93,81.54,4615,4,12,2,15.0,85.0,10,90.0,89.71,False,16.63,5.09,0,10,0,False,False,0,WET,NORMAL,0,0,81,False,1,VERY_DARK,RAIN,0,81,True,False,0,SAFE,SAFE,SAFE,10,0,100,False,1,0,0,12,100,81,False,True,False,False,True,False
63.97,81.42,4609,4,12,2,15.0,85.0,10,90.0,89.16,False,16.3,5.16,0,10,0,False,False,0,WET,NORMAL,0,0,81,False,1,VERY_DARK,RAIN,0,81,True,False,0,SAFE,SAFE,SAFE,10,0,100,False,1,0,0,12,100,81,False,True,False,False,True,False
64.0,81.28,4601,4,12,2,15.0,85.0,10,90.0,88.63,False,16.0,5.23,0,10,0,False,False,0,WET,NORMAL,0,0,81,False,1,VERY_DARK,RAIN,0,81,True,False,0,SAFE,SAFE,SAFE,10,0,100,False,1,0,0,12,100,81,False,True,False,False,True,False
64.03,81.13,4592,4,12,2,15.0,85.0,10,90.0,88.1,False,15.73,5.28,0,10,0,False,False,0,WET,NORMAL,0,0,81,False,1,VERY_DARK,RAIN,0,81,True,False,0,SAFE,SAFE,SAFE,10,0,100,False,1,0,0,12,100,81,False,True,False,False,True,False
64.07,80.97,4583,4,12,2,15.0,85.0,10,90.0,87.58,False,15.49,5.33,0,10,0,False,False,0,WET,NORMAL,8,0,81,False,1,VERY_DARK,RAIN,8,81,True,False,0,SAFE,SAFE,SAFE,10,0,100,False,1,8,0,12,100,81,False,True,False,False,True,False
64.1,80.84,4576,4,12,2,15.0,85.0,10,90.0,87.07,False,15.27,5.37,0,10,0,False,False,0,WET,NORMAL,8,0,81,False,1,VERY_DARK,RAIN,8,81,True,False,0,SAFE,SAFE,SAFE,10,0,100,False,1,8,0,12,100,81,False,True,False,False,True,False
64.13,80.73,4569,4,12,2,15.0,85.0,10,90.0,86.56,False,15.09,5.4,0,10,0,False,False,0,WET,NORMAL,8,0,81,False,1,VERY_DARK,RAIN,8,81,True,False,0,SAFE,SAFE,SAFE,10,0,100,False,1,8,0,12,100,81,False,True,False,False,True,False
64.17,80.64,4564,4,12,2,15.0,85.0,10,90.0,86.06,False,14.95,5.42,0,10,0,False,False,0,WET,NORMAL,8,0,81,False,1,VERY_DARK,RAIN,8,81,True,False,0,SAFE,SAFE,SAFE,10,0,100,False,1,8,0,12,100,81,False,True,False,False,True,False
64.2,80.58,4561,4,12,2,15.0,85.0,10,90.0,85.57,False,14.85,5.43,0,10,0,False,False,0,WET,NORMAL,8,0,81,False,1,VERY_DARK,RAIN,8,81,True,False,0,SAFE,SAFE,SAFE,10,0,100,False,1,8,0,12,100,81,False,True,False,False,True,False
64.23,80.56,4560,4,12,2,15.0,85.0,10,90.0,85.07,False,14.79,5.41,0,10,0,False,False,0,WET,NORMAL,8,0,81,False,1,VERY_DARK,RAIN,8,81,True,False,0,SAFE,SAFE,SAFE,10,0,100,False,1,8,0,12,100,81,False,True,False,False,True,False
64.27,80.57,4561,4,12,2,15.0,85.0,10,90.0,84.58,False,14.79,5.38,0,10,0,False,False,0,WET,NORMAL,8,0,81,False,1,VERY_DARK,RAIN,8,81,True,False,0,SAFE,SAFE,SAFE,10,0,100,False,1,8,0,12,100,81,False,True,False,False,True,False
64.3,80.61,4563,4,12,2,15.0,85.0,10,90.0,84.09,False,14.82,5.34,0,10,0,False,False,0,WET,NORMAL,8,0,81,False,1,VERY_DARK,RAIN,8,81,True,False,0,SAFE,SAFE,SAFE,10,0,100,False,1,8,0,12,100,81,False,True,False,False,True,False
64.33,80.67,4566,4,12,2,15.0,85.0,10,90.0,83.59,False,14.87,5.28,0,10,0,False,False,0,WET,NORMAL,8,0,81,False,1,VERY_DARK,RAIN,8,81,True,False,0,SAFE,SAFE,SAFE,10,0,100,False,1,8,0,12,100,81,False,True,False,False,True,False
64.37,80.74,4570,4,12,2,15.0,85.0,10,90.0,83.09,False,14.93,5.23,0,10,0,False,False,0,WET,NORMAL,8,0,81,False,1,VERY_DARK,RAIN,8,81,True,False,0,SAFE,SAFE,SAFE,10,0,100,False,1,8,0,12,100,81,False,True,False,False,True,False
64.4,80.82,4575,4,12,2,15.0,85.0,10,90.0,82.59,False,15.0,5.17,0,10,0,False,False,0,WET,NORMAL,8,0,81,False,1,VERY_DARK,RAIN,8,81,True,False,0,SAFE,SAFE,SAFE,10,0,100,False,1,8,0,12,100,81,False,True,False,False,True,False
64.43,80.92,4580,4,12,2,15.0,85.0,10,90.0,82.09,False,15.07,5.12,0,10,0,False,False,0,WET,NORMAL,8,0,81,False,1,VERY_DARK,RAIN,8,81,True,False,0,SAFE,SAFE,SAFE,10,0,100,False,1,8,0,12,100,81,False,True,False,False,True,False
64.47,81.02,4586,4,12,2,15.0,85.0,10,90.0,81.59,False,15.14,5.06,0,10,0,False,False,0,WET,NORMAL,0,0,81,False,1,VERY_DARK,RAIN,0,81,True,False,0,SAFE,SAFE,SAFE,10,0,100,False,1,0,0,12,100,81,False,True,False,False,True,False
64.5,81.1,4590,4,12,2,15.0,85.0,10,90.0,81.08,False,15.21,5.0,0,10,0,False,False,0,WET,NORMAL,0,0,81,False,1,VERY_DARK,RAIN,0,81,True,False,0,SAFE,SAFE,SAFE,10,0,100,False,1,0,0,12,100,81,False,True,False,False,True,False
64.53,81.13,4592,4,12,2,15.0,85.0,10,90.0,80.57,False,15.26,4.95,0,10,0,False,False,0,WET,NORMAL,0,0,81,False,1,VERY_DARK,RAIN,0,81,True,False,0,SAFE,SAFE,SAFE,10,0,100,False,1,0,0,12,100,81,False,True,False,False,True,False
64.57,81.11,4591,4,12,2,15.0,85.0,10,90.0,80.06,False,15.3,4.91,0,10,0,False,False,0,WET,NORMAL,0,0,81,False,1,VERY_DARK,RAIN,0,81,True,False,0,SAFE,SAFE,SAFE,10,0,100,False,1,0,0,12,100,81,False,True,False,False,True,False
64.6,81.04,4587,4,12,2,15.0,85.0,10,90.0,79.55,False,15.32,4.87,0,10,0,False,False,0,WET,NORMAL,0,0,81,False,1,VERY_DARK,RAIN,0,81,True,False,0,SAFE,SAFE,SAFE,10,0,100,False,1,0,0,12,100,81,False,True,False,False,True,False
64.63,80.94,4581,4,12,2,15.0,85.0,10,90.0,79.04,False,15.33,4.83,0,10,0,False,False,0,WET,NORMAL,8,0,81,False,1,VERY_DARK,RAIN,8,81,True,False,0,SAFE,SAFE,SAFE,10,0,100,False,1,8,0,12,100,81,False,True,False,False,True,False
64.67,80.85,4576,4,12,2,15.0,85.0,10,90.0,78.53,False,15.33,4.8,0,10,0,False,False,0,WET,NORMAL,8,0,81,False,1,VERY_DARK,RAIN,8,81,True,False,0,SAFE,SAFE,SAFE,10,0,100,False,1,8,0,12,100,81,False,True,False,False,True,False
64.7,80.76,4571,4,12,2,15.0,85.0,10,90.0,78.02,False,15.33,4.76,0,10,0,False,False,0,WET,NORMAL,8,0,81,False,1,VERY_DARK,RAIN,8,81,True,False,0,SAFE,SAFE,SAFE,10,0,100,False,1,8,0,12,100,81,False,True,False,False,True,False
64.73,80.69,4567,4,12,2,15.0,85.0,10,90.0,77.51,False,15.33,4.73,0,10,0,False,False,0,WET,NORMAL,8,0,81,False,1,VERY_DARK,RAIN,8,81,True,False,0,SAFE,SAFE,SAFE,10,0,100,False,1,8,0,12,100,81,False,True,False,False,True,False
64.77,80.65,4565,4,12,2,15.0,85.0,10,90.0,77.0,False,15.33,4.7,0,10,0,False,False,0,WET,NORMAL,8,0,81,False,1,VERY_DARK,RAIN,8,81,True,False,0,SAFE,SAFE,SAFE,10,0,100,False,1,8,0,12,100,81,False,True,False,False,True,False
64.8,80.64,4565,4,12,2,15.0,85.0,10,90.0,76.49,False,15.34,4.66,0,10,0,False,False,0,WET,NORMAL,8,0,81,False,1,VERY_DARK,RAIN,8,81,True,False,0,SAFE,SAFE,SAFE,10,0,100,False,1,8,0,12,100,81,False,True,False,False,True,False
64.83,80.67,4566,4,12,2,15.0,85.0,10,90.0,75.98,False,15.35,4.62,0,10,0,False,False,0,WET,NORMAL,8,0,81,False,1,VERY_DARK,RAIN,8,81,True,False,0,SAFE,SAFE,SAFE,10,0,100,False,1,8,0,12,100,81,False,True,False,False,True,False
64.87,80.71,4568,4,12,2,15.0,85.0,10,90.0,75.47,False,15.36,4.59,0,10,0,False,False,0,WET,NORMAL,8,0,81,False,1,VERY_DARK,RAIN,8,81,True,False,0,SAFE,SAFE,SAFE,10,0,100,False,1,8,0,12,100,81,False,True,False,False,True,False
64.9,80.77,4572,4,12,2,15.0,85.0,10,90.0,74.95,False,15.37,4.55,0,10,0,False,False,0,WET,NORMAL,8,0,81,False,1,VERY_DARK,RAIN,8,81,True,False,0,SAFE,SAFE,SAFE,10,0,100,False,1,8,0,12,100,81,False,True,False,False,True,False
64.93,80.85,4576,4,12,2,15.0,85.0,10,90.0,74.44,False,15.39,4.51,0,10,0,False,False,0,WET,NORMAL,8,0,81,False,1,VERY_DARK,RAIN,8,81,True,False,0,SAFE,SAFE,SAFE,10,0,100,False,1,8,0,12,100,81,False,True,False,False,True,False
64.97,80.94,4581,4,12,2,15.0,85.0,10,90.0,73.93,False,15.41,4.47,0,10,0,False,False,0,WET,NORMAL,8,0,81,False,1,VERY_DARK,RAIN,8,81,True,False,0,SAFE,SAFE,SAFE,10,0,100,False,1,8,0,12,100,81,False,True,False,False,True,False
65.0,81.04,4587,4,12,2,15.0,85.0,10,90.0,73.41,False,15.42,4.44,0,10,0,False,False,0,WET,NORMAL,0,0,81,False,1,VERY_DARK,RAIN,0,81,True,False,0,SAFE,SAFE,SAFE,10,0,100,False,1,0,0,12,100,81,False,True,False,False,True,False
65.03,81.11,4591,4,12,2,15.0,85.0,10,90.0,72.9,False,15.43,4.4,0,10,0,False,False,0,WET,NORMAL,0,0,81,False,1,VERY_DARK,RAIN,0,81,True,False,0,SAFE,SAFE,SAFE,10,0,100,False,1,0,0,12,100,81,False,True,False,False,True,False
65.07,81.14,4593,4,12,2,15.0,85.0,10,90.0,72.38,False,15.43,4.37,0,10,0,False,False,0,WET,NORMAL,0,0,81,False,1,VERY_DARK,RAIN,0,81,True,False,0,SAFE,SAFE,SAFE,10,0,100,False,1,0,0,12,100,81,False,True,False,False,True,False
65.1,81.12,4591,4,12,2,15.0,85.0,10,90.0,71.87,False,15.41,4.34,0,10,0,False,False,0,WET,NORMAL,0,0,81,False,1,VERY_DARK,RAIN,0,81,True,False,0,SAFE,SAFE,SAFE,10,0,100,False,1,0,0,12,100,81,False,True,False,False,True,False
65.13,81.05,4587,4,12,2,15.0,85.0,10,90.0,71.36,False,15.38,4.31,0,10,0,False,False,0,WET,NORMAL,0,0,81,False,1,VERY_DARK,RAIN,0,81,True,False,0,SAFE,SAFE,SAFE,10,0,100,False,1,0,0,12,100,81,False,True,False,False,True,False
65.17,80.94,4581,4,12,2,15.0,85.0,10,90.0,70.85,False,15.34,4.29,0,10,0,False,False,0,WET,NORMAL,8,0,81,False,1,VERY_DARK,RAIN,8,81,True,False,0,SAFE,SAFE,SAFE,10,0,100,False,1,8,0,12,100,81,False,True,False,False,True,False
65.2,80.85,4576,4,12,2,15.0,85.0,10,90.0,70.33,False,15.31,4.27,0,10,0,False,False,0,WET,NORMAL,8,0,81,False,1,VERY_DARK,RAIN,8,81,True,False,0,SAFE,SAFE,SAFE,10,0,100,False,1,8,0,12,100,81,False,True,False,False,True,False
65.23,80.77,4572,4,12,2,15.0,85.0,10,90.0,69.83,False,15.28,4.24,0,10,0,False,False,0,WET,NORMAL,8,0,81,False,1,VERY_DARK,RAIN,8,81,True,False,0,SAFE,SAFE,SAFE,10,0,100,False,1,8,0,12,100,81,False,True,False,False,True,False
65.27,80.7,4568,4,12,2,15.0,85.0,10,90.0,69.32,False,15.26,4.21,0,10,0,False,False,0,WET,NORMAL,8,0,81,False,1,VERY_DARK,RAIN,8,81,True,False,0,SAFE,SAFE,SAFE,10,0,100,False,1,8,0,12,100,81,False,True,False,False,True,False
65.3,80.66,4565,4,12,2,15.0,85.0,10,90.0,68.81,False,15.25,4.19,0,10,0,False,False,0,WET,NORMAL,8,0,81,False,1,VERY_DARK,RAIN,8,81,True,False,0,SAFE,SAFE,SAFE,10,0,100,False,1,8,0,12,100,81,False,True,False,False,True,False
65.33,80.65,4565,4,12,2,15.0,85.0,10,90.0,68.3,False,15.24,4.15,0,10,0,False,False,0,WET,NORMAL,8,0,81,False,1,VERY_DARK,RAIN,8,81,True,False,0,SAFE,SAFE,SAFE,10,0,100,False,1,8,0,12,100,81,False,True,False,False,True,False
65.37,80.67,4566,4,12,2,15.0,85.0,10,90.0,67.79,False,15.25,4.12,0,10,0,False,False,0,WET,NORMAL,8,0,81,False,1,VERY_DARK,RAIN,8,81,True,False,0,SAFE,SAFE,SAFE,10,0,100,False,1,8,0,12,100,81,False,True,False,False,True,False
65.4,80.71,4569,4,12,2,15.0,85.0,10,90.0,67.28,False,15.26,4.08,0,10,0,False,False,0,WET,NORMAL,8,0,81,False,1,VERY_DARK,RAIN,8,81,True,False,0,SAFE,SAFE,SAFE,10,0,100,False,1,8,0,12,100,81,False,True,False,False,True,False
65.43,80.78,4572,4,12,2,15.0,85.0,10,90.0,66.77,False,15.28,4.04,0,10,0,False,False,0,WET,NORMAL,8,0,81,False,1,VERY_DARK,RAIN,8,81,True,False,0,SAFE,SAFE,SAFE,10,0,100,False,1,8,0,12,100,81,False,True,False,False,True,False
65.47,80.86,4577,4,12,2,15.0,85.0,10,90.0,66.26,False,15.3,4.0,0,10,0,False,False,0,WET,NORMAL,8,0,81,False,1,VERY_DARK,RAIN,8,81,True,False,0,SAFE,SAFE,SAFE,10,0,100,False,1,8,0,12,100,81,False,True,False,False,True,False
65.5,80.94,4582,4,12,2,15.0,85.0,10,90.0,65.75,False,15.33,3.96,0,0,0,False,False,0,WET,NORMAL,8,0,81,False,1,VERY_DARK,RAIN,8,81,True,False,0,SAFE,SAFE,SAFE,10,0,100,False,1,0,0,12,100,81,False,True,False,False,True,False
65.53,81.01,4585,4,12,2,15.0,85.0,10,90.0,65.24,False,15.35,3.92,0,0,0,False,False,0,WET,NORMAL,0,0,81,False,1,VERY_DARK,RAIN,0,81,True,False,0,SAFE,SAFE,SAFE,10,0,100,False,1,0,0,12,100,81,False,True,False,False,True,False
65.57,81.03,4587,4,12,2,15.0,85.0,10,90.0,64.73,False,15.36,3.89,0,0,0,False,False,0,WET,NORMAL,0,0,81,False,1,VERY_DARK,RAIN,0,81,True,False,0,SAFE,SAFE,SAFE,10,0,100,False,1,0,0,12,100,81,False,True,False,False,True,False
65.6,81.01,4585,4,12,2,15.0,85.0,10,90.0,64.22,False,15.36,3.86,0,0,0,False,False,0,WET,NORMAL,0,0,81,False,1,VERY_DARK,RAIN,0,81,True,False,0,SAFE,SAFE,SAFE,10,0,100,False,1,0,0,12,100,81,False,True,False,False,True,False
65.63,80.93,4581,4,12,2,15.0,85.0,10,90.0,63.71,False,15.34,3.83,0,0,0,False,False,0,WET,NORMAL,8,0,81,False,1,VERY_DARK,RAIN,8,81,True,False,0,SAFE,SAFE,SAFE,10,0,100,False,1,0,0,12,100,81,False,True,False,False,True,False
65.67,80.83,4575,4,12,2,15.0,85.0,10,90.0,63.2,False,15.31,3.8,0,0,0,False,False,0,WET,NORMAL,8,0,81,False,1,VERY_DARK,RAIN,8,81,True,False,0,SAFE,SAFE,SAFE,10,0,100,False,1,0,0,12,100,81,False,True,False,False,True,False
65.7,80.7,4568,4,12,2,15.0,85.0,10,90.0,62.69,False,15.28,3.78,0,0,0,False,False,0,WET,NORMAL,8,0,81,False,1,VERY_DARK,RAIN,8,81,True,False,0,SAFE,SAFE,SAFE,10,0,100,False,1,0,0,12,100,81,False,True,False,False,True,False
65.73,80.56,4560,4,12,2,15.0,85.0,10,90.0,62.18,False,15.24,3.75,0,0,0,False,False,0,WET,NORMAL,8,0,81,False,1,VERY_DARK,RAIN,8,81,True,False,0,SAFE,SAFE,SAFE,10,0,100,False,1,0,0,12,100,81,False,True,False,False,True,False
65.77,80.4,4551,4,12,2,15.0,85.0,10,90.0,61.67,False,15.2,3.73,0,0,0,False,False,0,WET,NORMAL,8,0,81,False,1,VERY_DARK,RAIN,8,81,True,False,0,SAFE,SAFE,SAFE,10,0,100,False,1,0,0,12,100,81,False,True,False,False,True,False
65.8,80.24,4542,4,12,2,15.0,85.0,10,90.0,61.16,False,15.16,3.71,0,0,0,False,False,0,WET,NORMAL,8,0,81,False,1,VERY_DARK,RAIN,8,81,True,False,0,SAFE,SAFE,SAFE,10,0,100,False,1,0,0,12,100,81,False,True,False,False,True,False
65.83,80.08,4533,4,12,2,15.0,85.0,10,90.0,60.66,False,15.11,3.68,0,0,0,False,False,0,WET,NORMAL,8,0,81,False,1,VERY_DARK,RAIN,8,81,True,False,0,SAFE,SAFE,SAFE,10,0,100,False,1,0,0,12,100,81,False,True,False,False,True,False
65.87,79.91,4523,4,12,2,15.0,85.0,10,90.0,60.16,False,15.06,3.66,0,0,0,False,False,0,WET,NORMAL,8,0,81,False,1,VERY_DARK,RAIN,8,81,True,False,0,SAFE,SAFE,SAFE,10,0,100,False,1,0,0,12,100,81,False,True,False,False,True,False
65.9,79.74,4513,4,12,2,15.0,85.0,10,90.0,59.66,False,15.02,3.64,0,0,0,False,False,0,WET,NORMAL,8,0,81,False,1,VERY_DARK,RAIN,8,81,True,False,0,SAFE,SAFE,SAFE,10,0,100,False,1,0,0,12,100,81,False,True,False,False,True,False
65.93,79.57,4504,4,12,2,15.0,85.0,10,90.0,59.16,False,14.97,3.62,0,0,0,False,False,0,WET,NORMAL,8,0,81,False,1,VERY_DARK,RAIN,8,81,True,False,0,SAFE,SAFE,SAFE,10,0,100,False,1,0,0,12,100,81,False,True,False,False,True,False
65.97,79.39,4494,4,12,2,15.0,85.0,10,90.0,58.66,False,14.92,3.6,0,0,0,False,False,0,WET,NORMAL,8,0,81,False,1,VERY_DARK,RAIN,8,81,True,False,0,SAFE,SAFE,SAFE,10,0,100,False,1,0,0,12,100,81,False,True,False,False,True,False
66.0,79.22,4484,4,12,2,15.0,85.0,10,90.0,58.16,False,14.87,3.58,0,0,0,False,False,0,WET,NORMAL,8,0,81,False,1,VERY_DARK,RAIN,8,81,True,False,0,SAFE,SAFE,SAFE,10,0,100,False,1,0,0,12,100,81,False,True,False,False,True,False
66.03,79.05,4474,4,12,2,15.0,85.0,10,90.0,57.67,False,14.82,3.55,0,0,0,False,False,0,WET,NORMAL,8,0,81,False,1,VERY_DARK,RAIN,8,81,True,False,0,SAFE,SAFE,SAFE,10,0,100,False,1,0,0,12,100,81,False,True,False,False,True,False
66.07,78.87,4464,4,12,2,15.0,85.0,10,90.0,57.18,False,14.77,3.53,0,0,0,False,False,0,WET,NORMAL,8,0,81,False,1,VERY_DARK,RAIN,8,81,True,False,0,SAFE,SAFE,SAFE,10,0,100,False,1,0,0,12,100,81,False,True,False,False,True,False
66.1,78.7,4455,4,12,2,15.0,85.0,10,90.0,56.68,False,14.72,3.51,0,0,0,False,False,0,WET,NORMAL,8,0,81,False,1,VERY_DARK,RAIN,8,81,True,False,0,SAFE,SAFE,SAFE,10,0,100,False,1,0,0,12,100,81,False,True,False,False,True,False
66.13,78.53,4445,4,12,2,15.0,85.0,10,90.0,56.19,False,14.68,3.49,0,0,0,False,False,0,WET,NORMAL,8,0,81,False,1,VERY_DARK,RAIN,8,81,True,False,0,SAFE,SAFE,SAFE,10,0,100,False,1,0,0,12,100,81,False,True,False,False,True,False
66.17,78.35,4435,4,12,2,15.0,85.0,10,90.0,55.71,False,14.63,3.47,0,0,0,False,False,0,WET,NORMAL,8,0,81,False,1,VERY_DARK,RAIN,8,81,True,False,0,SAFE,SAFE,SAFE,10,0,100,False,1,0,0,12,100,81,False,True,False,False,True,False
66.2,78.18,4425,4,12,2,15.0,85.0,10,90.0,55.22,False,14.58,3.44,0,0,0,False,False,0,WET,NORMAL,8,0,81,False,1,VERY_DARK,RAIN,8,81,True,False,0,SAFE,SAFE,SAFE,10,0,100,False,1,0,0,12,100,81,False,True,False,False,True,False
66.23,78.01,4415,4,12,2,15.0,85.0,10,90.0,54.73,False,14.53,3.42,0,0,0,False,False,0,WET,NORMAL,8,0,81,False,1,VERY_DARK,RAIN,8,81,True,False,0,SAFE,SAFE,SAFE,10,0,100,False,1,0,0,12,100,81,False,True,False,False,True,False
66.27,77.84,4406,4,12,2,15.0,85.0,10,90.0,54.25,False,14.48,3.4,0,0,0,False,False,0,WET,NORMAL,8,0,81,False,1,VERY_DARK,RAIN,8,81,True,False,0,SAFE,SAFE,SAFE,10,0,100,False,1,0,0,12,100,81,False,True,False,False,True,False
66.3,77.66,4396,4,12,2,15.0,85.0,10,90.0,53.77,False,14.43,3.38,0,0,0,False,False,0,WET,NORMAL,8,0,81,False,1,VERY_DARK,RAIN,8,81,True,False,0,SAFE,SAFE,SAFE,10,0,100,False,1,0,0,12,100,81,False,True,False,False,True,False
66.33,77.49,4386,4,12,2,15.0,85.0,10,90.0,53.29,False,14.39,3.36,0,0,0,False,False,0,WET,NORMAL,8,0,81,False,1,VERY_DARK,RAIN,8,81,True,False,0,SAFE,SAFE,SAFE,10,0,100,False,1,0,0,12,100,81,False,True,False,False,True,False
66.37,77.32,4376,4,12,2,15.0,85.0,10,90.0,52.81,False,14.34,3.33,0,0,0,False,False,0,WET,NORMAL,8,0,81,False,1,VERY_DARK,RAIN,8,81,True,False,0,SAFE,SAFE,SAFE,10,0,100,False,1,0,0,12,100,81,False,True,False,False,True,False
66.4,77.15,4367,4,12,2,15.0,85.0,10,90.0,52.33,False,14.29,3.31,0,0,0,False,False,0,WET,NORMAL,8,0,81,False,1,VERY_DARK,RAIN,8,81,True,False,0,SAFE,SAFE,SAFE,10,0,100,False,1,0,0,12,100,81,False,True,False,False,True,False
66.43,76.98,4357,4,12,2,15.0,85.0,10,90.0,51.86,False,14.24,3.29,0,0,0,False,False,0,WET,NORMAL,8,0,81,False,1,VERY_DARK,RAIN,8,81,True,False,0,SAFE,SAFE,SAFE,10,0,100,False,1,0,0,12,100,81,False,True,False,False,True,False
66.47,76.81,4347,4,12,2,15.0,85.0,10,90.0,51.38,False,14.2,3.27,0,0,0,False,False,0,WET,NORMAL,8,0,81,False,1,VERY_DARK,RAIN,8,81,True,False,0,SAFE,SAFE,SAFE,10,0,100,False,1,0,0,12,100,81,False,True,False,False,True,False
66.5,76.64,4338,4,12,2,15.0,85.0,10,90.0,50.91,False,14.15,3.25,0,0,0,False,False,0,WET,NORMAL,8,0,81,False,1,VERY_DARK,RAIN,8,81,True,False,0,SAFE,SAFE,SAFE,10,0,100,False,1,0,0,12,100,81,False,True,False,False,True,False
66.53,76.47,4328,4,12,2,15.0,85.0,10,90.0,50.44,False,14.1,3.22,0,0,0,False,False,0,WET,NORMAL,8,0,81,False,1,VERY_DARK,RAIN,8,81,True,False,0,SAFE,SAFE,SAFE,10,0,100,False,1,0,0,12,100,81,False,True,False,False,True,False
66.57,76.3,4319,4,12,2,15.0,85.0,10,90.0,49.97,False,14.05,3.2,0,0,0,False,False,0,WET,NORMAL,8,0,81,False,1,VERY_DARK,RAIN,8,81,True,False,0,SAFE,SAFE,SAFE,10,0,100,False,1,0,0,12,100,81,False,True,False,False,True,False
66.6,76.13,4309,4,12,2,15.0,85.0,10,90.0,49.51,False,14.01,3.18,0,0,0,False,False,0,WET,NORMAL,8,0,81,False,1,VERY_DARK,RAIN,8,81,True,False,0,SAFE,SAFE,SAFE,10,0,100,False,1,0,0,12,100,81,False,True,False,False,True,False
66.63,75.96,4299,4,12,2,15.0,85.0,10,90.0,49.04,False,13.96,3.15,0,0,0,False,False,0,WET,NORMAL,8,0,81,False,1,VERY_DARK,RAIN,8,81,True,False,0,SAFE,SAFE,SAFE,10,0,100,False,1,0,0,12,100,81,False,True,False,False,True,False
66.67,75.79,4290,4,12,2,15.0,85.0,10,90.0,48.58,False,13.91,3.13,0,0,0,False,False,0,WET,NORMAL,8,0,81,False,1,VERY_DARK,RAIN,8,81,True,False,0,SAFE,SAFE,SAFE,10,0,100,False,1,0,0,12,100,81,False,True,False,False,True,False
66.7,75.62,4280,4,12,2,15.0,85.0,10,90.0,48.11,False,13.87,3.11,0,0,0,False,False,0,WET,NORMAL,8,0,81,False,1,VERY_DARK,RAIN,8,81,True,False,0,SAFE,SAFE,SAFE,10,0,100,False,1,0,0,12,100,81,False,True,False,False,True,False
66.73,75.46,4271,4,12,2,15.0,85.0,10,90.0,47.65,False,13.82,3.09,0,0,0,False,False,0,WET,NORMAL,8,0,81,False,1,VERY_DARK,RAIN,8,81,True,False,0,SAFE,SAFE,SAFE,10,0,100,False,1,0,0,12,100,81,False,True,False,False,True,False
66.77,75.29,4261,4,12,2,15.0,85.0,10,90.0,47.19,False,13.77,3.06,0,0,0,False,False,0,WET,NORMAL,8,0,81,False,1,VERY_DARK,RAIN,8,81,True,False,0,SAFE,SAFE,SAFE,10,0,100,False,1,0,0,12,100,81,False,True,False,False,True,False
66.8,75.12,4252,4,12,2,15.0,85.0,10,90.0,46.73,False,13.73,3.04,0,0,0,False,False,0,WET,NORMAL,8,0,81,False,1,VERY_DARK,RAIN,8,81,True,False,0,SAFE,SAFE,SAFE,10,0,100,False,1,0,0,12,100,81,False,True,False,False,True,False
66.83,74.95,4242,4,12,2,15.0,85.0,10,90.0,46.28,False,13.68,3.02,0,0,0,False,False,0,WET,NORMAL,8,0,81,False,1,VERY_DARK,RAIN,8,81,True,False,0,SAFE,SAFE,SAFE,10,0,100,False,1,0,0,12,100,81,False,True,False,False,True,False
66.87,74.79,4233,4,12,2,15.0,85.0,10,90.0,45.82,False,13.64,2.99,1,0,3,False,False,0,WET,NORMAL,8,0,81,False,1,VERY_DARK,RAIN,8,81,True,False,0,SAFE,SAFE,SAFE,10,0,100,False,1,0,3,12,100,81,False,True,False,False,True,False
66.9,74.57,4221,4,12,2,15.0,85.0,10,90.0,45.37,False,13.57,2.97,1,0,3,False,False,0,WET,NORMAL,8,0,81,False,1,VERY_DARK,RAIN,8,81,True,False,0,SAFE,SAFE,SAFE,10,0,100,False,1,0,3,12,100,81,False,True,False,False,True,False
66.93,74.24,4202,4,12,2,15.0,85.0,10,90.0,44.92,False,13.48,2.96,1,0,3,False,False,0,WET,NORMAL,8,0,81,False,1,VERY_DARK,RAIN,8,81,True,False,0,SAFE,SAFE,SAFE,10,0,100,False,1,0,3,12,100,81,False,True,False,False,True,False
66.97,73.91,4183,4,12,2,15.0,85.0,10,90.0,44.47,False,13.39,2.95,1,0,3,False,False,0,WET,NORMAL,8,0,81,False,1,VERY_DARK,RAIN,8,81,True,False,0,SAFE,SAFE,SAFE,10,0,100,False,1,0,3,12,100,81,False,True,False,False,True,False
67.0,73.57,4164,4,12,2,15.0,85.0,10,90.0,44.03,False,13.3,2.93,1,0,3,False,False,0,WET,NORMAL,8,0,81,False,1,VERY_DARK,RAIN,8,81,True,False,0,SAFE,SAFE,SAFE,10,0,100,False,1,0,3,12,100,81,False,True,False,False,True,False
67.03,73.24,4146,4,12,2,15.0,85.0,10,90.0,43.58,False,13.21,2.92,1,0,3,False,False,0,WET,NORMAL,8,0,81,False,1,VERY_DARK,RAIN,8,81,True,False,0,SAFE,SAFE,SAFE,10,0,100,False,1,0,3,12,100,81,False,True,False,False,True,False
67.07,72.91,4127,4,12,2,15.0,85.0,10,90.0,43.15,False,13.11,2.91,1,0,3,False,False,0,WET,NORMAL,8,0,81,False,1,VERY_DARK,RAIN,8,81,True,False,0,SAFE,SAFE,SAFE,10,0,100,False,1,0,3,12,100,81,False,True,False,False,True,False
67.1,72.58,4108,4,12,2,15.0,85.0,10,90.0,42.71,False,13.02,2.9,1,0,3,False,False,0,WET,NORMAL,8,0,81,False,1,VERY_DARK,RAIN,8,81,True,False,0,SAFE,SAFE,SAFE,10,0,100,False,1,0,3,12,100,81,False,True,False,False,True,False
67.13,72.25,4089,4,12,2,15.0,85.0,10,90.0,42.28,False,12.93,2.88,1,0,3,False,False,0,WET,NORMAL,8,0,81,False,1,VERY_DARK,RAIN,8,81,True,False,0,SAFE,SAFE,SAFE,10,0,100,False,1,0,3,12,100,81,False,True,False,False,True,False
67.17,71.92,4071,4,12,2,15.0,85.0,10,90.0,41.85,False,12.84,2.87,1,0,3,False,False,0,WET,NORMAL,8,0,81,False,1,VERY_DARK,RAIN,8,81,True,False,0,SAFE,SAFE,SAFE,10,0,100,False,1,0,3,12,100,81,False,True,False,False,True,False
67.2,71.59,4052,4,12,2,15.0,85.0,10,90.0,41.42,False,12.75,2.86,1,0,3,False,False,0,WET,NORMAL,8,0,81,False,1,VERY_DARK,RAIN,8,81,True,False,0,SAFE,SAFE,SAFE,10,0,100,False,1,0,3,12,100,81,False,True,False,False,True,False
67.23,71.26,4033,4,12,2,15.0,85.0,10,90.0,41.0,False,12.65,2.85,1,0,3,False,False,0,WET,NORMAL,8,0,81,False,1,VERY_DARK,RAIN,8,81,True,False,0,SAFE,SAFE,SAFE,10,0,100,False,1,0,3,12,100,81,False,True,False,False,True,False
67.27,70.93,4014,4,12,2,15.0,85.0,10,90.0,40.58,False,12.56,2.83,1,0,3,False,False,0,WET,NORMAL,8,0,81,False,1,VERY_DARK,RAIN,8,81,True,False,0,SAFE,SAFE,SAFE,10,0,100,False,1,0,3,12,100,81,False,True,False,False,True,False
67.3,70.6,3996,4,12,2,15.0,85.0,10,90.0,40.16,False,12.47,2.82,1,0,3,False,False,0,WET,NORMAL,8,0,81,False,1,VERY_DARK,RAIN,8,81,True,False,0,SAFE,SAFE,SAFE,10,0,100,False,1,0,3,12,100,81,False,True,False,False,True,False
67.33,70.27,3977,4,12,2,15.0,85.0,10,90.0,39.75,False,12.38,2.81,1,0,3,True,False,0,WET,NORMAL,8,0,81,False,1,VERY_DARK,RAIN,8,81,True,False,0,SAFE,SAFE,SAFE,10,0,100,False,1,0,3,12,100,81,True,True,False,False,True,False
67.37,69.94,3959,4,12,2,15.0,85.0,10,90.0,39.34,False,12.29,2.79,1,0,3,True,False,0,WET,NORMAL,8,0,81,False,1,VERY_DARK,RAIN,8,81,True,False,0,SAFE,SAFE,SAFE,10,0,100,False,1,0,3,12,100,81,True,True,False,False,True,False
67.4,69.61,3940,4,12,2,15.0,85.0,10,90.0,38.93,False,12.2,2.78,1,0,3,True,False,0,WET,NORMAL,8,0,81,False,1,VERY_DARK,RAIN,8,81,True,False,0,SAFE,SAFE,SAFE,10,0,100,False,1,0,3,12,100,81,True,True,False,False,True,False
67.43,69.29,3922,4,12,2,15.0,85.0,10,90.0,38.53,False,12.11,2.77,1,0,3,True,False,0,WET,NORMAL,8,0,81,False,1,VERY_DARK,RAIN,8,81,True,False,0,SAFE,SAFE,SAFE,10,0,100,False,1,0,3,12,100,81,True,True,False,False,True,False
67.47,68.96,3903,4,12,2,15.0,85.0,10,90.0,38.13,False,12.02,2.76,1,0,3,True,False,0,WET,NORMAL,8,0,81,False,1,VERY_DARK,RAIN,8,81,True,False,0,SAFE,SAFE,SAFE,10,0,100,False,1,0,3,12,100,81,True,True,False,False,True,False
67.5,68.64,3885,4,12,2,15.0,85.0,10,90.0,37.73,False,11.93,2.74,1,0,3,True,False,0,WET,NORMAL,8,0,81,False,1,VERY_DARK,RAIN,8,81,True,False,0,SAFE,SAFE,SAFE,10,0,100,False,1,0,3,12,100,81,True,True,False,False,True,False
67.53,68.31,3867,4,12,2,15.0,85.0,10,90.0,37.33,False,11.84,2.73,1,0,3,True,False,0,WET,NORMAL,8,0,81,False,1,VERY_DARK,RAIN,8,81,True,False,0,SAFE,SAFE,SAFE,10,0,100,False,1,0,3,12,100,81,True,True,False,False,True,False
67.57,67.99,3848,4,12,2,15.0,85.0,10,90.0,36.94,False,11.75,2.72,1,0,3,True,False,0,WET,NORMAL,8,0,81,False,1,VERY_DARK,RAIN,8,81,True,False,0,SAFE,SAFE,SAFE,10,0,100,False,1,0,3,12,100,81,True,True,False,False,True,False
67.6,67.67,3830,4,12,2,15.0,85.0,10,90.0,36.55,False,11.66,2.71,1,0,3,True,False,0,WET,NORMAL,8,0,81,False,1,VERY_DARK,RAIN,8,81,True,False,0,SAFE,SAFE,SAFE,10,0,100,False,1,0,3,12,100,81,True,True,False,False,True,False
67.63,67.34,3812,4,12,2,15.0,85.0,10,90.0,36.16,False,11.57,2.69,1,0,3,True,False,0,WET,NORMAL,8,0,81,False,1,VERY_DARK,RAIN,8,81,True,False,0,SAFE,SAFE,SAFE,10,0,100,False,1,0,3,12,100,81,True,True,False,False,True,False
67.67,67.02,3793,4,12,2,15.0,85.0,10,90.0,35.78,False,11.48,2.68,1,0,3,True,False,0,WET,NORMAL,8,0,81,False,1,VERY_DARK,RAIN,8,81,True,False,0,SAFE,SAFE,SAFE,10,0,100,False,1,0,3,12,100,81,True,True,False,False,True,False
67.7,66.7,3775,4,12,2,15.0,85.0,10,90.0,35.4,False,11.39,2.67,1,0,3,True,False,0,WET,NORMAL,8,0,81,False,1,VERY_DARK,RAIN,8,81,True,False,0,SAFE,SAFE,SAFE,10,0,100,False,1,0,3,12,100,81,True,True,False,False,True,False
67.73,66.38,3757,4,12,2,15.0,85.0,10,90.0,35.02,False,11.3,2.66,1,0,3,True,False,0,WET,NORMAL,8,0,81,False,1,VERY_DARK,RAIN,8,81,True,False,0,SAFE,SAFE,SAFE,10,0,100,False,1,0,3,12,100,81,True,True,False,False,True,False
67.77,66.06,3739,4,12,2,15.0,85.0,10,90.0,34.64,False,11.21,2.64,1,0,3,True,False,0,WET,NORMAL,8,0,81,False,1,VERY_DARK,RAIN,8,81,True,False,0,SAFE,SAFE,SAFE,10,0,100,False,1,0,3,12,100,81,True,True,False,False,True,False
67.8,65.74,3721,4,12,2,15.0,85.0,10,90.0,34.27,False,11.12,2.63,1,0,3,True,False,0,WET,NORMAL,8,0,81,False,1,VERY_DARK,RAIN,8,81,True,False,0,SAFE,SAFE,SAFE,10,0,100,False,1,0,3,12,100,81,True,True,False,False,True,False
67.83,65.42,3703,4,12,2,15.0,85.0,10,90.0,33.9,False,11.03,2.62,1,0,3,True,False,0,WET,NORMAL,8,0,81,False,1,VERY_DARK,RAIN,8,81,True,False,0,SAFE,SAFE,SAFE,10,0,100,False,1,0,3,12,100,81,True,True,False,False,True,False
67.87,65.1,3685,4,12,2,15.0,85.0,10,90.0,33.54,False,10.94,2.61,1,0,3,True,False,0,WET,NORMAL,8,0,81,False,1,VERY_DARK,RAIN,8,81,True,False,0,SAFE,SAFE,SAFE,10,0,100,False,1,0,3,12,100,81,True,True,False,False,True,False
67.9,64.78,3667,4,12,2,15.0,85.0,10,90.0,33.18,False,10.86,2.6,1,0,3,True,False,0,WET,NORMAL,8,0,81,False,1,VERY_DARK,RAIN,8,81,True,False,0,SAFE,SAFE,SAFE,10,0,100,False,1,0,3,12,100,81,True,True,False,False,True,False
67.93,64.46,3649,4,12,2,15.0,85.0,10,90.0,32.82,False,10.77,2.58,1,0,3,True,False,0,WET,NORMAL,8,0,81,False,1,VERY_DARK,RAIN,8,81,True,False,0,SAFE,SAFE,SAFE,10,0,100,False,1,0,3,12,100,81,True,True,False,False,True,False
67.97,64.14,3631,4,12,2,15.0,85.0,10,90.0,32.46,False,10.68,2.57,1,0,3,True,False,0,WET,NORMAL,8,0,81,False,1,VERY_DARK,RAIN,8,81,True,False,0,SAFE,SAFE,SAFE,10,0,100,False,1,0,3,12,100,81,True,True,False,False,True,False
68.0,63.83,3613,4,12,2,15.0,85.0,10,90.0,32.1,False,10.59,2.56,1,0,3,True,False,0,WET,NORMAL,8,0,81,False,1,VERY_DARK,RAIN,8,81,True,False,0,SAFE,SAFE,SAFE,10,0,100,False,1,0,3,12,100,81,True,True,False,False,True,False
68.03,63.51,3595,4,12,2,15.0,85.0,10,90.0,31.75,False,10.5,2.55,1,0,3,True,False,0,WET,NORMAL,8,0,81,False,1,VERY_DARK,RAIN,8,81,True,False,0,SAFE,SAFE,SAFE,10,0,100,False,1,0,3,12,100,81,True,True,False,False,True,False
68.07,63.2,3577,4,12,2,15.0,85.0,10,90.0,31.4,False,10.42,2.54,1,0,3,True,False,0,WET,NORMAL,8,0,81,False,1,VERY_DARK,RAIN,8,81,True,False,0,SAFE,SAFE,SAFE,10,0,100,False,1,0,3,12,100,81,True,True,False,False,True,False
68.1,62.88,3559,4,12,2,15.0,85.0,10,90.0,31.06,False,10.33,2.52,1,0,3,True,False,0,WET,NORMAL,8,0,81,False,1,VERY_DARK,RAIN,8,81,True,False,0,SAFE,SAFE,SAFE,10,0,100,False,1,0,3,12,100,81,True,True,False,False,True,False
68.13,62.57,3541,4,12,2,15.0,85.0,10,90.0,30.72,False,10.24,2.51,1,0,3,True,False,0,WET,NORMAL,8,0,81,False,1,VERY_DARK,RAIN,8,81,True,False,0,SAFE,SAFE,SAFE,10,0,100,False,1,0,3,12,100,81,True,True,False,False,True,False
68.17,62.25,3524,4,12,2,15.0,85.0,10,90.0,30.38,False,10.15,2.5,1,0,3,True,False,0,WET,NORMAL,8,0,81,False,1,VERY_DARK,RAIN,8,81,True,False,0,SAFE,SAFE,SAFE,10,0,100,False,1,0,3,12,100,81,True,True,False,False,True,False
68.2,61.94,3506,4,12,2,15.0,85.0,10,90.0,30.04,False,10.07,2.49,1,0,3,True,False,0,WET,NORMAL,8,0,81,False,1,VERY_DARK,RAIN,8,81,True,False,0,SAFE,SAFE,SAFE,10,0,100,False,1,0,3,12,100,81,True,True,False,False,True,False
68.23,61.63,3488,4,12,2,15.0,85.0,10,90.0,29.71,False,9.98,2.48,1,0,3,True,False,0,WET,NORMAL,8,0,81,False,1,VERY_DARK,RAIN,8,81,True,False,0,SAFE,SAFE,SAFE,10,0,100,False,1,0,3,12,100,81,True,True,False,False,True,False
68.27,61.32,3470,4,12,2,15.0,85.0,10,90.0,29.38,False,9.89,2.46,1,0,3,True,False,0,WET,NORMAL,8,0,81,False,1,VERY_DARK,RAIN,8,81,True,False,0,SAFE,SAFE,SAFE,10,0,100,False,1,0,3,12,100,81,True,True,False,False,True,False
68.3,61.0,3453,4,12,2,15.0,85.0,10,90.0,29.05,False,9.81,2.45,1,0,3,True,False,0,WET,NORMAL,8,0,81,False,1,VERY_DARK,RAIN,8,81,True,False,0,SAFE,SAFE,SAFE,10,0,100,False,1,0,3,12,100,81,True,True,False,False,True,False
68.33,60.69,3435,4,12,2,15.0,85.0,10,90.0,28.72,False,9.72,2.44,1,0,3,True,False,0,WET,NORMAL,8,0,81,False,1,VERY_DARK,RAIN,8,81,True,False,0,SAFE,SAFE,SAFE,10,0,100,False,1,0,3,12,100,81,True,True,False,False,True,False
68.37,60.38,3418,4,12,2,15.0,85.0,10,90.0,28.4,False,9.63,2.43,1,0,3,True,False,0,WET,NORMAL,8,0,81,False,1,VERY_DARK,RAIN,8,81,True,False,0,SAFE,SAFE,SAFE,10,0,100,False,1,0,3,12,100,81,True,True,False,False,True,False
68.4,60.07,3400,4,12,2,15.0,85.0,10,90.0,28.08,False,9.55,2.42,1,0,3,True,False,0,WET,NORMAL,8,0,81,False,1,VERY_DARK,RAIN,8,81,True,False,0,SAFE,SAFE,SAFE,10,0,100,False,1,0,3,12,100,81,True,True,False,False,True,False
68.43,59.76,3383,4,12,2,15.0,85.0,10,90.0,27.77,False,9.46,2.41,1,0,3,True,False,0,WET,NORMAL,8,0,81,False,1,VERY_DARK,RAIN,8,81,True,False,0,SAFE,SAFE,SAFE,10,0,100,False,1,0,3,12,100,81,True,True,False,False,True,False
68.47,59.45,3365,4,12,2,15.0,85.0,10,90.0,27.45,False,9.38,2.39,1,0,3,True,False,0,WET,NORMAL,8,0,81,False,1,VERY_DARK,RAIN,8,81,True,False,0,SAFE,SAFE,SAFE,10,0,100,False,1,0,3,12,100,81,True,True,False,False,True,False
68.5,59.15,3348,4,12,2,15.0,85.0,10,90.0,27.15,False,9.29,2.38,1,0,3,True,False,0,WET,NORMAL,8,0,81,False,1,VERY_DARK,RAIN,8,81,True,False,0,SAFE,SAFE,SAFE,10,0,100,False,1,0,3,12,100,81,True,True,False,False,True,False
68.53,58.84,3330,4,12,2,15.0,85.0,10,90.0,26.84,False,9.2,2.37,1,0,3,True,False,0,WET,NORMAL,8,0,81,False,1,VERY_DARK,RAIN,8,81,True,False,0,SAFE,SAFE,SAFE,10,0,100,False,1,0,3,12,100,81,True,True,False,False,True,False
68.57,58.53,3313,4,12,2,15.0,85.0,10,90.0,26.54,False,9.12,2.36,1,0,3,True,False,0,WET,NORMAL,8,0,81,False,1,VERY_DARK,RAIN,8,81,True,False,0,SAFE,SAFE,SAFE,10,0,100,False,1,0,3,12,100,81,True,True,False,False,True,False
68.6,58.22,3295,4,12,2,15.0,85.0,10,90.0,26.24,False,9.03,2.35,1,0,3,True,False,0,WET,NORMAL,8,0,81,False,1,VERY_DARK,RAIN,8,81,True,False,0,SAFE,SAFE,SAFE,10,0,100,False,1,0,3,12,100,81,True,True,False,False,True,False
68.63,57.92,3278,4,12,2,15.0,85.0,10,90.0,25.94,False,8.95,2.34,1,0,3,True,False,0,WET,NORMAL,8,0,81,False,1,VERY_DARK,RAIN,8,81,True,False,0,SAFE,SAFE,SAFE,10,0,100,False,1,0,3,12,100,81,True,True,False,False,True,False
68.67,57.61,3261,4,12,2,15.0,85.0,10,90.0,25.64,False,8.86,2.33,1,0,3,True,False,0,WET,NORMAL,8,0,81,False,1,VERY_DARK,RAIN,8,81,True,False,0,SAFE,SAFE,SAFE,10,0,100,False,1,0,3,12,100,81,True,True,False,False,True,False
68.7,57.31,3244,4,12,2,15.0,85.0,10,90.0,25.35,False,8.78,2.32,1,0,3,True,False,0,WET,NORMAL,8,0,81,False,1,VERY_DARK,RAIN,8,81,True,False,0,SAFE,SAFE,SAFE,10,0,100,False,1,0,3,12,100,81,True,True,False,False,True,False
68.73,57.0,3226,4,12,2,15.0,85.0,10,90.0,25.06,False,8.69,2.31,1,0,3,True,False,0,WET,NORMAL,8,0,81,False,1,VERY_DARK,RAIN,8,81,True,False,0,SAFE,SAFE,SAFE,10,0,100,False,1,0,3,12,100,81,True,True,False,False,True,False
68.77,56.7,3209,4,12,2,15.0,85.0,10,90.0,24.77,False,8.61,2.3,1,0,3,True,False,0,WET,NORMAL,8,0,81,False,1,VERY_DARK,RAIN,8,81,True,False,0,SAFE,SAFE,SAFE,10,0,100,False,1,0,3,12,100,81,True,True,False,False,True,False
68.8,56.39,3192,4,12,2,15.0,85.0,10,90.0,24.48,False,8.53,2.29,1,0,3,True,False,0,WET,NORMAL,8,0,81,False,1,VERY_DARK,RAIN,8,81,True,False,0,SAFE,SAFE,SAFE,10,0,100,False,1,0,3,12,100,81,True,True,False,False,True,False
68.83,56.09,3175,4,12,2,15.0,85.0,10,90.0,24.2,False,8.44,2.27,1,0,3,True,False,0,WET,NORMAL,8,0,81,False,1,VERY_DARK,RAIN,8,81,True,False,0,SAFE,SAFE,SAFE,10,0,100,False,1,0,3,12,100,81,True,True,False,False,True,False
68.87,55.79,3158,4,12,2,15.0,85.0,10,90.0,23.92,False,8.36,2.26,1,0,3,True,False,0,WET,NORMAL,8,0,81,False,1,VERY_DARK,RAIN,8,81,True,False,0,SAFE,SAFE,SAFE,10,0,100,False,1,0,3,12,100,81,True,True,False,False,True,False
68.9,55.49,3141,4,12,2,15.0,85.0,10,90.0,23.64,False,8.27,2.25,1,0,3,True,False,0,WET,NORMAL,8,0,81,False,1,VERY_DARK,RAIN,8,81,True,False,0,SAFE,SAFE,SAFE,10,0,100,False,1,0,3,12,100,81,True,True,False,False,True,False
68.93,55.19,3123,4,12,2,15.0,85.0,10,90.0,23.37,False,8.19,2.24,1,0,3,True,False,0,WET,NORMAL,8,0,81,False,1,VERY_DARK,RAIN,8,81,True,False,0,SAFE,SAFE,SAFE,10,0,100,False,1,0,3,12,100,81,True,True,False,False,True,False
68.97,54.89,3106,4,12,2,15.0,85.0,10,90.0,23.1,False,8.11,2.23,1,0,3,True,False,0,WET,NORMAL,8,0,81,False,1,VERY_DARK,RAIN,8,81,True,False,0,SAFE,SAFE,SAFE,10,0,100,False,1,0,3,12,100,81,True,True,False,False,True,False
69.0,54.58,3089,4,12,2,15.0,85.0,10,90.0,22.83,False,8.02,2.22,1,0,3,True,False,0,WET,NORMAL,8,0,81,False,1,VERY_DARK,RAIN,8,81,True,False,0,SAFE,SAFE,SAFE,10,0,100,False,1,0,3,12,100,81,True,True,False,False,True,False
69.03,54.28,3072,4,12,2,15.0,85.0,10,90.0,22.56,False,7.94,2.21,1,0,3,True,False,0,WET,NORMAL,8,0,81,False,1,VERY_DARK,RAIN,8,81,True,False,0,SAFE,SAFE,SAFE,10,0,100,False,1,0,3,12,100,81,True,True,False,False,True,False
69.07,53.99,3056,4,12,2,15.0,85.0,10,90.0,22.3,False,7.86,2.2,1,0,3,True,False,0,WET,NORMAL,8,0,81,False,1,VERY_DARK,RAIN,8,81,True,False,0,SAFE,SAFE,SAFE,10,0,100,False,1,0,3,12,100,81,True,True,False,False,True,False
69.1,53.69,3039,4,12,2,15.0,85.0,10,90.0,22.04,False,7.77,2.19,1,0,3,True,False,0,WET,NORMAL,8,0,81,False,1,VERY_DARK,RAIN,8,81,True,False,0,SAFE,SAFE,SAFE,10,0,100,False,1,0,3,12,100,81,True,True,False,False,True,False
69.13,53.39,3022,4,12,2,15.0,85.0,10,90.0,21.78,False,7.69,2.18,1,0,3,True,False,0,WET,NORMAL,8,0,81,False,1,VERY_DARK,RAIN,8,81,True,False,0,SAFE,SAFE,SAFE,10,0,100,False,1,0,3,12,100,81,True,True,False,False,True,False
69.17,53.09,3005,4,12,2,15.0,85.0,10,90.0,21.53,False,7.61,2.17,1,0,3,True,False,0,WET,NORMAL,8,0,81,False,1,VERY_DARK,RAIN,8,81,True,False,0,SAFE,SAFE,SAFE,10,0,100,False,1,0,3,12,100,81,True,True,False,False,True,False
69.2,52.79,2988,3,12,2,15.0,85.0,10,90.0,21.28,False,7.53,2.16,1,0,3,True,False,0,WET,NORMAL,8,0,81,False,1,VERY_DARK,RAIN,8,81,True,False,0,SAFE,SAFE,SAFE,10,0,100,False,1,0,3,12,100,81,True,True,False,False,True,False
69.23,52.29,4251,3,12,2,15.0,85.0,10,90.0,21.03,False,7.39,2.17,1,0,3,True,False,0,WET,NORMAL,8,0,81,False,1,VERY_DARK,RAIN,8,81,True,False,0,SAFE,SAFE,SAFE,10,0,100,False,1,0,3,12,100,81,True,True,False,False,True,False
69.27,51.8,4211,3,12,2,15.0,85.0,10,90.0,20.78,False,7.25,2.18,1,0,3,False,False,0,WET,NORMAL,8,0,81,False,1,VERY_DARK,RAIN,8,81,True,False,0,SAFE,SAFE,SAFE,10,0,100,False,1,0,3,12,100,81,False,True,False,False,True,False
69.3,51.35,4175,3,12,2,15.0,85.0,10,90.0,20.55,False,7.12,2.18,1,0,3,False,False,0,WET,NORMAL,8,0,81,False,1,VERY_DARK,RAIN,8,81,True,False,0,SAFE,SAFE,SAFE,10,0,100,False,1,0,3,12,100,81,False,True,False,False,True,False
69.33,50.92,4140,3,12,2,15.0,85.0,10,90.0,20.31,False,7.01,2.19,1,0,3,False,False,0,WET,NORMAL,8,0,81,False,1,VERY_DARK,RAIN,8,81,True,False,0,SAFE,SAFE,SAFE,10,0,100,False,1,0,3,12,100,81,False,True,False,False,True,False
69.37,50.52,4107,3,12,2,15.0,85.0,10,90.0,20.08,False,6.89,2.19,1,0,3,False,False,0,WET,NORMAL,8,0,81,False,1,VERY_DARK,RAIN,8,81,True,False,0,SAFE,SAFE,SAFE,10,0,100,False,1,0,3,12,100,81,False,True,False,False,True,False
69.4,50.13,4076,3,12,2,15.0,85.0,10,90.0,19.85,False,6.79,2.19,1,0,3,False,False,0,WET,NORMAL,8,0,81,False,1,VERY_DARK,RAIN,8,81,True,False,0,SAFE,SAFE,SAFE,10,0,100,False,1,0,3,12,100,81,False,True,False,False,True,False
69.43,49.75,4045,3,12,2,15.0,85.0,10,90.0,19.63,False,6.68,2.19,1,0,3,False,False,0,WET,NORMAL,8,0,81,False,1,VERY_DARK,RAIN,8,81,True,False,0,SAFE,SAFE,SAFE,10,0,100,False,1,0,3,12,100,81,False,True,False,False,True,False
69.47,49.38,4015,3,12,2,15.0,85.0,10,90.0,19.41,False,6.58,2.19,1,0,3,False,False,0,WET,NORMAL,8,0,81,False,1,VERY_DARK,RAIN,8,81,True,False,0,SAFE,SAFE,SAFE,10,0,100,False,1,0,3,12,100,81,False,True,False,False,True,False
69.5,49.02,3985,3,12,2,15.0,85.0,10,90.0,19.19,False,6.48,2.19,1,0,3,False,False,0,WET,NORMAL,8,0,81,False,1,VERY_DARK,RAIN,8,81,True,False,0,SAFE,SAFE,SAFE,10,0,100,False,1,0,3,12,100,81,False,True,False,False,True,False
69.53,48.66,3956,3,12,2,15.0,85.0,10,90.0,18.98,False,6.38,2.19,1,0,3,True,False,0,WET,NORMAL,8,0,81,False,1,VERY_DARK,RAIN,8,81,True,False,0,SAFE,SAFE,SAFE,10,0,100,False,1,0,3,12,100,81,True,True,False,False,True,False
69.57,48.3,3927,3,12,2,15.0,85.0,10,90.0,18.77,False,6.28,2.19,1,0,3,True,False,0,WET,NORMAL,8,0,81,False,1,VERY_DARK,RAIN,8,81,True,False,0,SAFE,SAFE,SAFE,10,0,100,False,1,0,3,12,100,81,True,True,False,False,True,False
69.6,47.94,3898,3,12,2,15.0,85.0,10,90.0,18.56,False,6.18,2.19,1,0,3,True,False,0,WET,NORMAL,8,0,81,False,1,VERY_DARK,RAIN,8,81,True,False,0,SAFE,SAFE,SAFE,10,0,100,False,1,0,3,12,100,81,True,True,False,False,True,False
69.63,47.59,3869,3,12,2,15.0,85.0,10,90.0,18.35,False,6.08,2.2,1,0,3,True,False,0,WET,NORMAL,8,0,81,False,1,VERY_DARK,RAIN,8,81,True,False,0,SAFE,SAFE,SAFE,10,0,100,False,1,0,3,12,100,81,True,True,False,False,True,False
69.67,47.24,3840,3,12,2,15.0,85.0,10,90.0,18.15,False,5.98,2.2,1,0,3,True,False,0,WET,NORMAL,8,0,81,False,1,VERY_DARK,RAIN,8,81,True,False,0,SAFE,SAFE,SAFE,10,0,100,False,1,0,3,12,100,81,True,True,False,False,True,False
69.7,46.89,3812,3,12,2,15.0,85.0,10,90.0,17.96,False,5.88,2.2,1,0,3,True,False,0,WET,NORMAL,8,0,81,False,1,VERY_DARK,RAIN,8,81,True,False,0,SAFE,SAFE,SAFE,10,0,100,False,1,0,3,12,100,81,True,True,False,False,True,False
69.73,46.54,3783,3,12,2,15.0,85.0,10,90.0,17.76,False,5.79,2.21,1,0,3,True,False,0,WET,NORMAL,8,0,81,False,1,VERY_DARK,RAIN,8,81,True,False,0,SAFE,SAFE,SAFE,10,0,100,False,1,0,3,12,100,81,True,True,False,False,True,False
69.77,46.19,3755,3,12,2,15.0,85.0,10,90.0,17.57,False,5.69,2.21,1,0,3,True,False,0,WET,NORMAL,8,0,81,False,1,VERY_DARK,RAIN,8,81,True,False,0,SAFE,SAFE,SAFE,10,0,100,False,1,0,3,12,100,81,True,True,False,False,True,False
69.8,45.84,3727,3,12,2,15.0,85.0,10,90.0,17.38,False,5.59,2.21,1,0,3,True,False,0,WET,NORMAL,8,0,81,False,1,VERY_DARK,RAIN,8,81,True,False,0,SAFE,SAFE,SAFE,10,0,100,False,1,0,3,12,100,81,True,True,False,False,True,False
69.83,45.5,3699,3,12,2,15.0,85.0,10,90.0,17.2,False,5.5,2.22,1,0,3,True,False,0,WET,NORMAL,8,0,81,False,1,VERY_DARK,RAIN,8,81,True,False,0,SAFE,SAFE,SAFE,10,0,100,False,1,0,3,12,100,81,True,True,False,False,True,False
69.87,45.15,3671,3,12,2,15.0,85.0,10,90.0,17.02,False,5.4,2.22,1,0,3,True,False,0,WET,NORMAL,8,0,81,False,1,VERY_DARK,RAIN,8,81,True,False,0,SAFE,SAFE,SAFE,10,0,100,False,1,0,3,12,100,81,True,True,False,False,True,False
69.9,44.81,3643,3,12,2,15.0,85.0,10,90.0,16.84,False,5.31,2.23,1,0,3,True,False,0,WET,NORMAL,8,0,81,False,1,VERY_DARK,RAIN,8,81,True,False,0,SAFE,SAFE,SAFE,10,0,100,False,1,0,3,12,100,81,True,True,False,False,True,False
69.93,44.47,3615,3,12,2,15.0,85.0,10,90.0,16.67,False,5.21,2.24,1,0,3,True,False,0,WET,NORMAL,8,0,81,False,1,VERY_DARK,RAIN,8,81,True,False,0,SAFE,SAFE,SAFE,10,0,100,False,1,0,3,12,100,81,True,True,False,False,True,False
69.97,44.13,3587,3,12,2,15.0,85.0,10,90.0,16.49,False,5.12,2.25,1,0,3,True,False,0,WET,NORMAL,8,0,81,False,1,VERY_DARK,RAIN,8,81,True,False,0,SAFE,SAFE,SAFE,10,0,100,False,1,0,3,12,100,81,True,True,False,False,True,False
70.0,43.79,3560,3,12,2,15.0,85.0,10,90.0,16.32,False,5.02,2.25,1,0,3,True,False,0,WET,NORMAL,8,0,81,False,1,VERY_DARK,RAIN,8,81,True,False,0,SAFE,SAFE,SAFE,10,0,100,False,1,0,3,12,100,81,True,True,False,False,True,False
70.03,43.45,3532,3,12,2,15.0,85.0,10,90.0,16.16,False,4.93,2.26,1,0,3,True,False,0,WET,NORMAL,8,0,81,False,1,VERY_DARK,RAIN,8,81,True,False,0,SAFE,SAFE,SAFE,10,0,100,False,1,0,3,12,100,81,True,True,False,False,True,False
70.07,43.11,3505,3,12,2,15.0,85.0,10,90.0,16.0,False,4.84,2.27,1,0,3,True,False,0,WET,NORMAL,8,0,81,False,1,VERY_DARK,RAIN,8,81,True,False,0,SAFE,SAFE,SAFE,10,0,100,False,1,0,3,12,100,81,True,True,False,False,True,False
70.1,42.77,3477,3,12,2,15.0,85.0,10,90.0,15.84,False,4.74,2.29,1,0,3,True,False,0,WET,NORMAL,8,0,81,False,1,VERY_DARK,RAIN,8,81,True,False,0,SAFE,SAFE,SAFE,10,0,100,False,1,0,3,12,100,81,True,True,False,False,True,False
70.13,42.44,3450,3,12,2,15.0,85.0,10,90.0,15.68,False,4.65,2.3,1,0,3,True,False,0,WET,NORMAL,8,0,81,False,1,VERY_DARK,RAIN,8,81,True,False,0,SAFE,SAFE,SAFE,10,0,100,False,1,0,3,12,100,81,True,True,False,False,True,False
70.17,42.1,3423,3,12,2,15.0,85.0,10,90.0,15.53,False,4.56,2.31,1,0,3,True,False,0,WET,NORMAL,8,0,81,False,1,VERY_DARK,RAIN,8,81,True,False,0,SAFE,SAFE,SAFE,10,0,100,False,1,0,3,12,100,81,True,True,False,False,True,False
70.2,41.77,3396,3,12,2,15.0,85.0,10,90.0,15.38,False,4.46,2.33,1,0,3,True,False,0,WET,NORMAL,8,0,81,False,1,VERY_DARK,RAIN,8,81,True,False,0,SAFE,SAFE,SAFE,10,0,100,False,1,0,3,12,100,81,True,True,False,False,True,False
70.23,41.44,3369,3,12,2,15.0,85.0,10,90.0,15.23,False,4.37,2.34,1,0,3,True,False,0,WET,NORMAL,8,0,81,False,1,VERY_DARK,RAIN,8,81,True,False,0,SAFE,SAFE,SAFE,10,0,100,False,1,0,3,12,100,81,True,True,False,False,True,False
70.27,41.11,3342,3,12,2,15.0,85.0,10,90.0,15.09,False,4.28,2.36,1,0,3,True,False,0,WET,NORMAL,8,0,81,False,1,VERY_DARK,RAIN,8,81,True,False,0,SAFE,SAFE,SAFE,10,0,100,False,1,0,3,12,100,81,True,True,False,False,True,False
70.3,40.77,3315,3,12,2,15.0,85.0,10,90.0,14.95,False,4.19,2.38,1,0,3,True,False,0,WET,NORMAL,8,0,81,False,1,VERY_DARK,RAIN,8,81,True,False,0,SAFE,SAFE,SAFE,10,0,100,False,1,0,3,12,100,81,True,True,False,False,True,False
70.33,40.45,3288,3,12,2,15.0,85.0,10,90.0,14.81,False,4.1,2.4,1,0,3,True,False,0,WET,NORMAL,8,0,81,False,1,VERY_DARK,RAIN,8,81,True,False,0,SAFE,SAFE,SAFE,10,0,100,False,1,0,3,12,100,81,True,True,False,False,True,False
70.37,40.12,3261,3,12,2,15.0,85.0,10,90.0,14.67,False,4.0,2.42,1,0,3,True,False,0,WET,NORMAL,8,0,81,False,1,VERY_DARK,RAIN,8,81,True,False,0,SAFE,SAFE,SAFE,10,0,100,False,1,0,3,12,100,81,True,True,False,False,True,False
70.4,39.79,3235,3,12,2,15.0,85.0,10,90.0,14.54,False,3.91,2.44,1,0,2,True,False,0,WET,NORMAL,8,0,81,False,1,VERY_DARK,RAIN,8,81,True,False,0,SAFE,SAFE,SAFE,10,0,100,False,1,0,2,12,100,81,True,True,False,False,True,False
70.43,39.52,3213,3,12,2,15.0,85.0,10,90.0,14.41,False,3.84,2.45,1,0,2,True,False,0,WET,NORMAL,8,0,81,False,1,VERY_DARK,RAIN,8,81,True,False,0,SAFE,SAFE,SAFE,10,0,100,False,1,0,2,12,100,81,True,True,False,False,True,False
70.47,39.27,3192,3,12,2,15.0,85.0,10,90.0,14.29,False,3.77,2.46,1,0,2,True,False,0,WET,NORMAL,8,0,81,False,1,VERY_DARK,RAIN,8,81,True,False,0,SAFE,SAFE,SAFE,10,0,100,False,1,0,2,12,100,81,True,True,False,False,True,False
70.5,39.01,3172,3,12,2,15.0,85.0,10,90.0,14.16,False,3.7,2.48,1,0,2,True,False,0,WET,NORMAL,8,0,81,False,1,VERY_DARK,RAIN,8,81,True,False,0,SAFE,SAFE,SAFE,10,0,100,False,1,0,2,12,100,81,True,True,False,False,True,False
70.53,38.76,3151,3,12,2,15.0,85.0,10,90.0,14.04,False,3.63,2.49,1,0,2,True,False,0,WET,NORMAL,8,0,81,False,1,VERY_DARK,RAIN,8,81,True,False,0,SAFE,SAFE,SAFE,10,0,100,False,1,0,2,12,100,81,True,True,False,False,True,False
70.57,38.51,3131,3,12,2,15.0,85.0,10,90.0,13.92,False,3.56,2.51,1,0,2,True,False,0,WET,NORMAL,8,0,81,False,1,VERY_DARK,RAIN,8,81,True,False,0,SAFE,SAFE,SAFE,10,0,100,False,1,0,2,12,100,81,True,True,False,False,True,False
70.6,38.27,3111,3,12,2,15.0,85.0,10,90.0,13.81,False,3.49,2.52,1,0,2,True,False,0,WET,NORMAL,8,0,81,False,1,VERY_DARK,RAIN,8,81,True,False,0,SAFE,SAFE,SAFE,10,0,100,False,1,0,2,12,100,81,True,True,False,False,True,False
70.63,38.02,3091,3,12,2,15.0,85.0,10,90.0,13.69,False,3.42,2.54,1,0,2,True,False,0,WET,NORMAL,8,0,81,False,1,VERY_DARK,RAIN,8,81,True,False,0,SAFE,SAFE,SAFE,10,0,100,False,1,0,2,12,100,81,True,True,False,False,True,False
70.67,37.77,3070,3,12,2,15.0,85.0,10,90.0,13.58,False,3.35,2.56,1,0,2,True,False,0,WET,NORMAL,8,0,81,False,1,VERY_DARK,RAIN,8,81,True,False,0,SAFE,SAFE,SAFE,10,0,100,False,1,0,2,12,100,81,True,True,False,False,True,False
70.7,37.51,3050,3,12,2,15.0,85.0,10,90.0,13.47,False,3.28,2.58,1,0,2,True,False,0,WET,NORMAL,8,0,81,False,1,VERY_DARK,RAIN,8,81,True,False,0,SAFE,SAFE,SAFE,10,0,100,False,1,0,2,12,100,81,True,True,False,False,True,False
70.73,37.26,3029,3,12,2,15.0,85.0,10,90.0,13.36,False,3.21,2.6,1,0,2,True,False,0,WET,NORMAL,8,0,81,False,1,VERY_DARK,RAIN,8,81,True,False,0,SAFE,SAFE,SAFE,10,0,100,False,1,0,2,12,100,81,True,True,False,False,True,False
70.77,37.02,3009,3,12,2,15.0,85.0,10,90.0,13.26,False,3.14,2.63,1,0,2,True,False,0,WET,NORMAL,8,0,81,False,1,VERY_DARK,RAIN,8,81,True,False,0,SAFE,SAFE,SAFE,10,0,100,False,1,0,2,12,100,81,True,True,False,False,True,False
70.8,36.77,2989,2,12,2,15.0,85.0,10,90.0,13.15,False,3.07,2.65,1,0,2,True,False,0,WET,NORMAL,8,0,81,False,1,VERY_DARK,RAIN,8,81,True,False,0,SAFE,SAFE,SAFE,10,0,100,False,1,0,2,12,100,81,True,True,False,False,True,False
70.83,36.24,4277,2,12,2,15.0,85.0,10,90.0,13.05,False,2.93,2.75,1,0,2,True,False,0,WET,NORMAL,8,0,81,False,1,VERY_DARK,RAIN,8,81,True,False,0,SAFE,SAFE,SAFE,10,0,100,False,1,0,2,12,100,81,True,True,False,False,True,False
70.87,35.73,4217,2,12,2,15.0,85.0,10,90.0,12.96,False,2.79,2.86,1,0,2,False,False,0,WET,NORMAL,8,0,81,False,1,VERY_DARK,RAIN,8,81,True,False,0,SAFE,SAFE,SAFE,10,0,100,False,1,0,2,12,100,81,False,True,False,False,True,False
70.9,35.28,4163,2,12,2,15.0,85.0,10,90.0,12.87,False,2.66,2.96,1,0,2,False,False,0,WET,NORMAL,8,0,81,False,1,VERY_DARK,RAIN,8,81,True,False,0,SAFE,SAFE,SAFE,10,0,100,False,1,0,2,12,100,81,False,True,False,False,True,False
70.93,34.86,4114,2,12,2,15.0,85.0,10,90.0,12.78,False,2.54,3.06,0,0,0,False,False,0,WET,NORMAL,8,0,81,False,1,VERY_DARK,RAIN,8,81,True,False,0,SAFE,SAFE,SAFE,10,0,100,False,1,0,0,12,100,81,False,True,False,False,True,False
70.97,34.51,4072,2,12,2,15.0,85.0,10,90.0,12.7,False,2.45,3.15,0,0,0,False,False,0,WET,NORMAL,8,0,81,False,1,VERY_DARK,RAIN,8,81,True,False,0,SAFE,SAFE,SAFE,10,0,100,False,1,0,0,12,100,81,False,True,False,False,True,False
71.0,34.18,4034,2,12,2,15.0,85.0,10,90.0,12.62,False,2.36,3.23,0,0,0,False,False,0,WET,NORMAL,8,0,81,False,1,VERY_DARK,RAIN,8,81,True,False,0,SAFE,SAFE,SAFE,10,0,100,False,1,0,0,12,100,81,False,True,False,False,True,False
71.03,33.87,3997,2,12,2,15.0,85.0,10,90.0,12.54,False,2.27,3.32,0,0,0,False,False,0,WET,NORMAL,8,0,81,False,1,VERY_DARK,RAIN,8,81,True,False,0,SAFE,SAFE,SAFE,10,0,100,False,1,0,0,12,100,81,False,True,False,False,True,False
71.07,33.58,3962,2,12,2,15.0,85.0,10,90.0,12.47,False,2.19,3.42,0,0,0,False,False,0,WET,NORMAL,8,0,81,False,1,VERY_DARK,RAIN,8,81,True,False,0,SAFE,SAFE,SAFE,10,0,100,False,1,0,0,12,100,81,False,True,False,False,True,False
71.1,33.29,3928,2,12,2,15.0,85.0,10,90.0,12.4,False,2.11,3.51,0,0,0,False,False,0,WET,NORMAL,8,0,81,False,1,VERY_DARK,RAIN,8,81,True,False,0,SAFE,SAFE,SAFE,10,0,100,False,1,0,0,12,100,81,False,True,False,False,True,False
71.13,33.0,3894,2,12,2,15.0,85.0,10,90.0,12.33,False,2.03,3.62,0,0,0,False,False,0,WET,NORMAL,8,0,81,False,1,VERY_DARK,RAIN,8,81,True,False,0,SAFE,SAFE,SAFE,10,0,100,False,1,0,0,12,100,81,False,True,False,False,True,False
71.17,32.72,3861,2,12,2,15.0,85.0,10,90.0,12.27,False,1.95,3.73,0,0,0,False,False,0,WET,NORMAL,8,0,81,False,1,VERY_DARK,RAIN,8,81,True,False,0,SAFE,SAFE,SAFE,10,0,100,False,1,0,0,12,100,81,False,True,False,False,True,False
71.2,32.44,3828,2,12,2,15.0,85.0,10,90.0,12.2,False,1.87,3.85,0,0,0,False,False,0,WET,NORMAL,8,0,81,False,1,VERY_DARK,RAIN,8,81,True,False,0,SAFE,SAFE,SAFE,10,0,100,False,1,0,0,12,100,81,False,True,False,False,True,False
71.23,32.17,3796,2,12,2,15.0,85.0,10,90.0,12.14,False,1.8,3.98,0,0,0,False,False,0,WET,NORMAL,8,0,81,False,1,VERY_DARK,RAIN,8,81,True,False,0,SAFE,SAFE,SAFE,10,0,100,False,1,0,0,12,100,81,False,True,False,False,True,False
71.27,31.9,3764,2,12,2,15.0,85.0,10,90.0,12.08,False,1.72,4.12,0,10,0,False,False,0,WET,NORMAL,8,0,81,False,1,VERY_DARK,RAIN,8,81,True,False,0,SAFE,SAFE,SAFE,10,0,100,False,1,8,0,12,100,81,False,True,False,False,True,False
71.3,31.69,3739,2,12,2,15.0,85.0,10,90.0,12.03,False,1.66,4.23,0,10,0,False,False,0,WET,NORMAL,8,0,81,False,1,VERY_DARK,RAIN,8,81,True,False,0,SAFE,SAFE,SAFE,10,0,100,False,1,8,0,12,100,81,False,True,False,False,True,False
71.33,31.53,3720,2,12,2,15.0,85.0,10,90.0,11.97,False,1.62,4.31,0,10,0,False,False,0,WET,NORMAL,8,0,81,False,1,VERY_DARK,RAIN,8,81,True,False,0,SAFE,SAFE,SAFE,10,0,100,False,1,8,0,12,100,81,False,True,False,False,True,False
71.37,31.41,3707,2,12,2,15.0,85.0,10,90.0,11.92,False,1.59,4.36,0,10,0,False,False,0,WET,NORMAL,8,0,81,False,1,VERY_DARK,RAIN,8,81,True,False,0,SAFE,SAFE,SAFE,10,0,100,False,1,8,0,12,100,81,False,True,False,False,True,False
71.4,31.35,3700,2,12,2,15.0,85.0,10,90.0,11.87,False,1.57,4.38,0,10,0,False,False,0,WET,NORMAL,8,0,81,False,1,VERY_DARK,RAIN,8,81,True,False,0,SAFE,SAFE,SAFE,10,0,100,False,1,8,0,12,100,81,False,True,False,False,True,False
71.43,31.36,3701,2,12,2,15.0,85.0,10,90.0,11.82,False,1.57,4.34,0,10,0,False,False,0,WET,NORMAL,8,0,81,False,1,VERY_DARK,RAIN,8,81,True,False,0,SAFE,SAFE,SAFE,10,0,100,False,1,8,0,12,100,81,False,True,False,False,True,False
71.47,31.43,3709,2,12,2,15.0,85.0,10,90.0,11.77,False,1.59,4.25,0,10,0,False,False,0,WET,NORMAL,8,0,81,False,1,VERY_DARK,RAIN,8,81,True,False,0,SAFE,SAFE,SAFE,10,0,100,False,1,8,0,12,100,81,False,True,False,False,True,False
71.5,31.54,3722,2,12,2,15.0,85.0,10,90.0,11.71,False,1.62,4.14,0,10,0,False,False,0,WET,NORMAL,8,0,81,False,1,VERY_DARK,RAIN,8,81,True,False,0,SAFE,SAFE,SAFE,10,0,100,False,1,8,0,12,100,81,False,True,False,False,True,False
71.53,31.69,3740,2,12,2,15.0,85.0,10,90.0,11.66,False,1.66,4.0,0,10,0,False,False,0,WET,NORMAL,8,0,81,False,1,VERY_DARK,RAIN,8,81,True,False,0,SAFE,SAFE,SAFE,10,0,100,False,1,8,0,12,100,81,False,True,False,False,True,False
71.57,31.87,3761,2,12,2,15.0,85.0,10,90.0,11.6,False,1.71,3.85,0,0,0,False,False,0,WET,NORMAL,8,0,81,False,1,VERY_DARK,RAIN,8,81,True,False,0,SAFE,SAFE,SAFE,10,0,100,False,1,0,0,12,100,81,False,True,False,False,True,False
71.6,32.02,3778,2,12,2,15.0,85.0,10,90.0,11.54,False,1.75,3.73,0,0,0,False,False,0,WET,NORMAL,8,0,81,False,1,VERY_DARK,RAIN,8,81,True,False,0,SAFE,SAFE,SAFE,10,0,100,False,1,0,0,12,100,81,False,True,False,False,True,False
71.63,32.09,3786,2,12,2,15.0,85.0,10,90.0,11.48,False,1.77,3.66,0,0,0,False,False,0,WET,NORMAL,8,0,81,False,1,VERY_DARK,RAIN,8,81,True,False,0,SAFE,SAFE,SAFE,10,0,100,False,1,0,0,12,100,81,False,True,False,False,True,False
71.67,32.08,3785,2,12,2,15.0,85.0,10,90.0,11.43,False,1.77,3.63,0,0,0,False,False,0,WET,NORMAL,8,0,81,False,1,VERY_DARK,RAIN,8,81,True,False,0,SAFE,SAFE,SAFE,10,0,100,False,1,0,0,12,100,81,False,True,False,False,True,False
71.7,31.99,3775,2,12,2,15.0,85.0,10,90.0,11.37,False,1.75,3.64,0,0,0,False,False,0,WET,NORMAL,8,0,81,False,1,VERY_DARK,RAIN,8,81,True,False,0,SAFE,SAFE,SAFE,10,0,100,False,1,0,0,12,100,81,False,True,False,False,True,False
71.73,31.85,3759,2,12,2,15.0,85.0,10,90.0,11.31,False,1.71,3.69,0,0,0,False,False,0,WET,NORMAL,8,0,81,False,1,VERY_DARK,RAIN,8,81,True,False,0,SAFE,SAFE,SAFE,10,0,100,False,1,0,0,12,100,81,False,True,False,False,True,False
71.77,31.68,3738,2,12,2,15.0,85.0,10,90.0,11.25,False,1.66,3.77,0,0,0,False,False,0,WET,NORMAL,8,0,81,False,1,VERY_DARK,RAIN,8,81,True,False,0,SAFE,SAFE,SAFE,10,0,100,False,1,0,0,12,100,81,False,True,False,False,True,False
71.8,31.47,3714,2,12,2,15.0,85.0,10,90.0,11.2,False,1.6,3.87,0,0,0,False,False,0,WET,NORMAL,8,0,81,False,1,VERY_DARK,RAIN,8,81,True,False,0,SAFE,SAFE,SAFE,10,0,100,False,1,0,0,12,100,81,False,True,False,False,True,False
71.83,31.25,3688,2,12,2,15.0,85.0,10,90.0,11.15,False,1.54,3.99,0,0,0,False,False,0,WET,NORMAL,8,0,81,False,1,VERY_DARK,RAIN,8,81,True,False,0,SAFE,SAFE,SAFE,10,0,100,False,1,0,0,12,100,81,False,True,False,False,True,False
71.87,31.02,3661,2,12,2,15.0,85.0,10,90.0,11.1,False,1.48,4.13,0,10,0,False,False,0,WET,NORMAL,8,0,81,False,1,VERY_DARK,RAIN,8,81,True,False,0,SAFE,SAFE,SAFE,10,0,100,False,1,8,0,12,100,81,False,True,False,False,True,False
71.9,30.84,3639,2,12,2,15.0,85.0,10,90.0,11.05,False,1.43,4.24,0,10,0,False,False,0,WET,NORMAL,8,0,81,False,1,VERY_DARK,RAIN,8,81,True,False,0,SAFE,SAFE,SAFE,10,0,100,False,1,8,0,12,100,81,False,True,False,False,True,False
71.93,30.7,3623,2,12,2,15.0,85.0,10,90.0,11.01,False,1.39,4.32,0,10,0,False,False,0,WET,NORMAL,8,0,81,False,1,VERY_DARK,RAIN,8,81,True,False,0,SAFE,SAFE,SAFE,10,0,100,False,1,8,0,12,100,81,False,True,False,False,True,False
71.97,30.6,3611,2,12,2,15.0,85.0,10,90.0,10.96,False,1.36,4.38,0,10,0,False,False,0,WET,NORMAL,8,0,81,False,1,VERY_DARK,RAIN,8,81,True,False,0,SAFE,SAFE,SAFE,10,0,100,False,1,8,0,12,100,81,False,True,False,False,True,False
72.0,30.55,3605,2,12,2,15.0,85.0,10,90.0,10.92,False,1.35,4.39,0,10,0,False,False,0,WET,NORMAL,8,0,81,False,1,VERY_DARK,RAIN,8,81,True,False,0,SAFE,SAFE,SAFE,10,0,100,False,1,8,0,12,100,81,False,True,False,False,True,False
72.03,30.57,3607,2,12,2,15.0,85.0,10,90.0,10.87,False,1.35,4.34,0,10,0,False,False,0,WET,NORMAL,8,0,81,False,1,VERY_DARK,RAIN,8,81,True,False,0,SAFE,SAFE,SAFE,10,0,100,False,1,8,0,12,100,81,False,True,False,False,True,False
72.07,30.64,3616,2,12,2,15.0,85.0,10,90.0,10.83,False,1.37,4.25,0,10,0,False,False,0,WET,NORMAL,8,0,81,False,1,VERY_DARK,RAIN,8,81,True,False,0,SAFE,SAFE,SAFE,10,0,100,False,1,8,0,12,100,81,False,True,False,False,True,False
72.1,30.76,3629,2,12,2,15.0,85.0,10,90.0,10.78,False,1.4,4.12,0,10,0,False,False,0,WET,NORMAL,8,0,81,False,1,VERY_DARK,RAIN,8,81,True,False,0,SAFE,SAFE,SAFE,10,0,100,False,1,8,0,12,100,81,False,True,False,False,True,False
72.13,30.91,3647,2,12,2,15.0,85.0,10,90.0,10.73,False,1.45,3.96,0,0,0,False,False,0,WET,NORMAL,8,0,81,False,1,VERY_DARK,RAIN,8,81,True,False,0,SAFE,SAFE,SAFE,10,0,100,False,1,0,0,12,100,81,False,True,False,False,True,False
72.17,31.03,3661,2,12,2,15.0,85.0,10,90.0,10.68,False,1.48,3.84,0,0,0,False,False,0,WET,NORMAL,8,0,81,False,1,VERY_DARK,RAIN,8,81,True,False,0,SAFE,SAFE,SAFE,10,0,100,False,1,0,0,12,100,81,False,True,False,False,True,False
72.2,31.08,3668,2,12,2,15.0,85.0,10,90.0,10.63,False,1.49,3.77,0,0,0,False,False,0,WET,NORMAL,8,0,81,False,1,VERY_DARK,RAIN,8,81,True,False,0,SAFE,SAFE,SAFE,10,0,100,False,1,0,0,12,100,81,False,True,False,False,True,False
72.23,31.06,3665,2,12,2,15.0,85.0,10,90.0,10.58,False,1.49,3.75,0,0,0,False,False,0,WET,NORMAL,8,0,81,False,1,VERY_DARK,RAIN,8,81,True,False,0,SAFE,SAFE,SAFE,10,0,100,False,1,0,0,12,100,81,False,True,False,False,True,False
72.27,30.97,3654,2,12,2,15.0,85.0,10,90.0,10.54,False,1.46,3.78,0,0,0,False,False,0,WET,NORMAL,8,0,81,False,1,VERY_DARK,RAIN,8,81,True,False,0,SAFE,SAFE,SAFE,10,0,100,False,1,0,0,12,100,81,False,True,False,False,True,False
72.3,30.83,3638,2,12,2,15.0,85.0,10,90.0,10.49,False,1.42,3.85,0,0,0,False,False,0,WET,NORMAL,8,0,81,False,1,VERY_DARK,RAIN,8,81,True,False,0,SAFE,SAFE,SAFE,10,0,100,False,1,0,0,12,100,81,False,True,False,False,True,False
72.33,30.65,3617,2,12,2,15.0,85.0,10,90.0,10.44,False,1.37,3.96,0,0,0,False,False,0,WET,NORMAL,8,0,81,False,1,VERY_DARK,RAIN,8,81,True,False,0,SAFE,SAFE,SAFE,10,0,100,False,1,0,0,12,100,81,False,True,False,False,True,False
72.37,30.45,3593,2,12,2,15.0,85.0,10,90.0,10.4,False,1.32,4.09,0,10,0,False,False,0,WET,NORMAL,8,0,81,False,1,VERY_DARK,RAIN,8,81,True,False,0,SAFE,SAFE,SAFE,10,0,100,False,1,8,0,12,100,81,False,True,False,False,True,False
72.4,30.29,3575,2,12,2,15.0,85.0,10,90.0,10.35,False,1.28,4.2,0,10,0,False,False,0,WET,NORMAL,8,0,81,False,1,VERY_DARK,RAIN,8,81,True,False,0,SAFE,SAFE,SAFE,10,0,100,False,1,8,0,12,100,81,False,True,False,False,True,False
72.43,30.17,3560,2,12,2,15.0,85.0,10,90.0,10.31,False,1.24,4.28,0,10,0,False,False,0,WET,NORMAL,8,0,81,False,1,VERY_DARK,RAIN,8,81,True,False,0,SAFE,SAFE,SAFE,10,0,100,False,1,8,0,12,100,81,False,True,False,False,True,False
72.47,30.08,3550,2,12,2,15.0,85.0,10,90.0,10.27,False,1.22,4.33,0,10,0,False,False,0,WET,NORMAL,8,0,81,False,1,VERY_DARK,RAIN,8,81,True,False,0,SAFE,SAFE,SAFE,10,0,100,False,1,8,0,12,100,81,False,True,False,False,True,False
72.5,30.04,3545,2,12,2,15.0,85.0,10,90.0,10.23,False,1.21,4.34,0,10,0,False,False,0,WET,NORMAL,8,0,81,False,1,VERY_DARK,RAIN,8,81,True,False,0,SAFE,SAFE,SAFE,10,0,100,False,1,8,0,12,100,81,False,True,False,False,True,False
72.53,30.07,3548,2,12,2,15.0,85.0,10,90.0,10.19,False,1.21,4.28,0,10,0,False,False,0,WET,NORMAL,8,0,81,False,1,VERY_DARK,RAIN,8,81,True,False,0,SAFE,SAFE,SAFE,10,0,100,False,1,8,0,12,100,81,False,True,False,False,True,False
72.57,30.14,3557,2,12,2,15.0,85.0,10,90.0,10.15,False,1.23,4.18,0,10,0,False,False,0,WET,NORMAL,8,0,81,False,1,VERY_DARK,RAIN,8,81,True,False,0,SAFE,SAFE,SAFE,10,0,100,False,1,8,0,12,100,81,False,True,False,False,True,False
72.6,30.26,3571,2,12,2,15.0,85.0,10,90.0,10.11,False,1.27,4.04,0,10,0,False,False,0,WET,NORMAL,8,0,81,False,1,VERY_DARK,RAIN,8,81,True,False,0,SAFE,SAFE,SAFE,10,0,100,False,1,8,0,12,100,81,False,True,False,False,True,False
72.63,30.41,3589,2,12,2,15.0,85.0,10,90.0,10.07,False,1.31,3.87,0,0,0,False,False,0,WET,NORMAL,8,0,81,False,1,VERY_DARK,RAIN,8,81,True,False,0,SAFE,SAFE,SAFE,10,0,100,False,1,0,0,12,100,81,False,True,False,False,True,False
72.67,30.53,3603,2,12,2,15.0,85.0,10,90.0,10.02,False,1.34,3.74,0,0,0,False,False,0,WET,NORMAL,8,0,81,False,1,VERY_DARK,RAIN,8,81,True,False,0,SAFE,SAFE,SAFE,10,0,100,False,1,0,0,12,100,81,False,True,False,False,True,False
72.7,30.59,3609,2,12,2,15.0,85.0,10,90.0,9.98,False,1.36,3.67,0,0,0,False,False,0,WET,NORMAL,8,0,81,False,1,VERY_DARK,RAIN,8,81,True,False,0,SAFE,SAFE,SAFE,10,0,100,False,1,0,0,12,100,81,False,True,False,False,True,False
72.73,30.57,3607,2,12,2,15.0,85.0,10,90.0,9.93,False,1.35,3.65,0,0,0,False,False,0,WET,NORMAL,8,0,81,False,1,VERY_DARK,RAIN,8,81,True,False,0,SAFE,SAFE,SAFE,10,0,100,False,1,0,0,12,100,81,False,True,False,False,True,False
72.77,30.48,3597,2,12,2,15.0,85.0,10,90.0,9.89,False,1.33,3.69,0,0,0,False,False,0,WET,NORMAL,8,0,81,False,1,VERY_DARK,RAIN,8,81,True,False,0,SAFE,SAFE,SAFE,10,0,100,False,1,0,0,12,100,81,False,True,False,False,True,False
72.8,30.34,3580,2,12,2,15.0,85.0,10,90.0,9.85,False,1.29,3.77,0,0,0,False,False,0,WET,NORMAL,8,0,81,False,1,VERY_DARK,RAIN,8,81,True,False,0,SAFE,SAFE,SAFE,10,0,100,False,1,0,0,12,100,81,False,True,False,False,True,False
72.83,30.17,3560,2,12,2,15.0,85.0,10,90.0,9.81,False,1.23,3.9,0,0,0,False,False,0,WET,NORMAL,8,0,81,False,1,VERY_DARK,RAIN,8,81,True,False,0,SAFE,SAFE,SAFE,10,0,100,False,1,0,0,12,100,81,False,True,False,False,True,False
72.87,29.97,3536,2,12,2,15.0,85.0,10,90.0,9.77,False,1.16,4.09,0,10,0,False,False,0,WET,NORMAL,8,0,81,False,1,VERY_DARK,RAIN,8,81,True,False,0,SAFE,SAFE,SAFE,10,0,100,False,1,8,0,12,100,81,False,True,False,False,True,False
72.9,29.81,3518,2,12,2,15.0,85.0,10,90.0,9.73,False,1.1,4.29,0,10,0,False,False,0,WET,NORMAL,8,0,81,False,1,VERY_DARK,RAIN,8,81,True,False,0,SAFE,SAFE,SAFE,10,0,100,False,1,8,0,12,100,81,False,True,False,False,True,False
72.93,29.69,3504,2,12,2,15.0,85.0,10,90.0,9.69,False,1.04,4.5,0,10,0,False,False,0,WET,NORMAL,8,0,81,False,1,VERY_DARK,RAIN,8,81,True,False,0,SAFE,SAFE,SAFE,10,0,100,False,1,8,0,12,100,81,False,True,False,False,True,False
72.97,29.61,3494,2,12,2,15.0,85.0,10,90.0,9.66,False,0.99,4.71,0,10,0,False,False,0,WET,NORMAL,8,0,81,False,1,VERY_DARK,RAIN,8,81,True,False,0,SAFE,SAFE,SAFE,10,0,100,False,1,8,0,12,100,81,False,True,False,False,True,False
73.0,29.57,3489,2,12,2,15.0,85.0,10,90.0,9.63,False,0.95,4.88,0,10,0,False,False,0,WET,NORMAL,8,0,81,False,1,VERY_DARK,RAIN,8,81,True,False,0,SAFE,SAFE,SAFE,10,0,100,False,1,8,0,12,100,81,False,True,False,False,True,False
73.03,29.59,3492,2,12,2,15.0,85.0,10,90.0,9.6,False,0.92,5.01,0,10,0,False,False,0,WET,NORMAL,8,0,81,False,1,VERY_DARK,RAIN,8,81,True,False,0,SAFE,SAFE,SAFE,10,0,100,False,1,8,0,12,100,81,False,True,False,False,True,False
73.07,29.67,3501,2,12,2,15.0,85.0,10,90.0,9.57,False,0.9,5.08,0,10,0,False,False,0,WET,NORMAL,8,0,81,False,1,VERY_DARK,RAIN,8,81,True,False,0,SAFE,SAFE,SAFE,10,0,100,False,1,8,0,12,100,81,False,True,False,False,True,False
73.1,29.78,3515,2,12,2,15.0,85.0,10,90.0,9.54,False,0.89,5.1,0,10,0,False,False,0,WET,NORMAL,8,0,81,False,1,VERY_DARK,RAIN,8,81,True,False,0,SAFE,SAFE,SAFE,10,0,100,False,1,8,0,12,100,81,False,True,False,False,True,False
73.13,29.94,3532,2,12,2,15.0,85.0,10,90.0,9.51,False,0.89,5.08,0,10,0,False,False,0,WET,NORMAL,8,0,81,False,1,VERY_DARK,RAIN,8,81,True,False,0,SAFE,SAFE,SAFE,10,0,100,False,1,8,0,12,100,81,False,True,False,False,True,False
73.17,30.11,3553,2,12,2,15.0,85.0,10,90.0,9.48,False,0.89,5.03,0,10,0,False,False,0,WET,NORMAL,8,0,81,False,1,VERY_DARK,RAIN,8,81,True,False,0,SAFE,SAFE,SAFE,10,0,100,False,1,8,0,12,100,81,False,True,False,False,True,False
73.2,30.31,3577,2,12,2,15.0,85.0,10,90.0,9.45,False,0.9,4.96,0,10,0,False,False,0,WET,NORMAL,8,0,81,False,1,VERY_DARK,RAIN,8,81,True,False,0,SAFE,SAFE,SAFE,10,0,100,False,1,8,0,12,100,81,False,True,False,False,True,False
73.23,30.53,3603,2,12,2,15.0,85.0,10,90.0,9.42,False,0.91,4.87,0,10,0,False,False,0,WET,NORMAL,8,0,81,False,1,VERY_DARK,RAIN,8,81,True,False,0,SAFE,SAFE,SAFE,10,0,100,False,1,8,0,12,100,81,False,True,False,False,True,False
73.27,30.77,3631,2,12,2,15.0,85.0,10,90.0,9.39,False,0.92,4.77,0,10,0,False,False,0,WET,NORMAL,8,0,81,False,1,VERY_DARK,RAIN,8,81,True,False,0,SAFE,SAFE,SAFE,10,0,100,False,1,8,0,12,100,81,False,True,False,False,True,False
73.3,31.02,3660,2,12,2,15.0,85.0,10,90.0,9.36,False,0.94,4.66,0,10,0,False,False,0,WET,NORMAL,8,0,81,False,1,VERY_DARK,RAIN,8,81,True,False,0,SAFE,SAFE,SAFE,10,0,100,False,1,8,0,12,100,81,False,True,False,False,True,False
73.33,31.27,3690,2,12,2,15.0,85.0,10,90.0,9.33,False,0.95,4.55,0,10,0,False,False,0,WET,NORMAL,8,0,81,False,1,VERY_DARK,RAIN,8,81,True,False,0,SAFE,SAFE,SAFE,10,0,100,False,1,8,0,12,100,81,False,True,False,False,True,False
73.37,31.54,3722,2,12,2,15.0,85.0,10,90.0,9.3,False,0.97,4.44,0,10,0,False,False,0,WET,NORMAL,8,0,81,False,1,VERY_DARK,RAIN,8,81,True,False,0,SAFE,SAFE,SAFE,10,0,100,False,1,8,0,12,100,81,False,True,False,False,True,False
73.4,31.81,3754,2,12,2,15.0,85.0,10,90.0,9.27,False,0.98,4.33,0,10,0,False,False,0,WET,NORMAL,8,0,81,False,1,VERY_DARK,RAIN,8,81,True,False,0,SAFE,SAFE,SAFE,10,0,100,False,1,8,0,12,100,81,False,True,False,False,True,False
73.43,32.09,3787,2,12,2,15.0,85.0,10,90.0,9.23,False,1.0,4.22,0,10,0,False,False,0,WET,NORMAL,8,0,81,False,1,VERY_DARK,RAIN,8,81,True,False,0,SAFE,SAFE,SAFE,10,0,100,False,1,8,0,12,100,81,False,True,False,False,True,False
73.47,32.38,3821,2,12,2,15.0,85.0,10,90.0,9.2,False,1.02,4.11,0,10,0,False,False,0,WET,NORMAL,8,0,81,False,1,VERY_DARK,RAIN,8,81,True,False,0,SAFE,SAFE,SAFE,10,0,100,False,1,8,0,12,100,81,False,True,False,False,True,False
73.5,32.67,3855,2,12,2,15.0,85.0,10,90.0,9.17,False,1.04,4.0,0,0,0,False,False,0,WET,NORMAL,8,0,81,False,1,VERY_DARK,RAIN,8,81,True,False,0,SAFE,SAFE,SAFE,10,0,100,False,1,0,0,12,100,81,False,True,False,False,True,False
73.53,32.9,3882,2,12,2,15.0,85.0,10,90.0,9.13,False,1.04,3.96,0,0,0,False,False,0,WET,NORMAL,8,0,81,False,1,VERY_DARK,RAIN,8,81,True,False,0,SAFE,SAFE,SAFE,10,0,100,False,1,0,0,12,100,81,False,True,False,False,True,False
73.57,33.03,3898,2,12,2,15.0,85.0,10,90.0,9.1,False,1.02,4.02,0,10,0,False,False,0,WET,NORMAL,8,0,81,False,1,VERY_DARK,RAIN,8,81,True,False,0,SAFE,SAFE,SAFE,10,0,100,False,1,8,0,12,100,81,False,True,False,False,True,False
73.6,33.14,3910,2,12,2,15.0,85.0,10,90.0,9.06,False,0.98,4.13,0,10,0,False,False,0,WET,NORMAL,8,0,81,False,1,VERY_DARK,RAIN,8,81,True,False,0,SAFE,SAFE,SAFE,10,0,100,False,1,8,0,12,100,81,False,True,False,False,True,False
73.63,33.22,3920,2,12,2,15.0,85.0,10,90.0,9.03,False,0.95,4.26,0,10,0,False,False,0,WET,NORMAL,8,0,81,False,1,VERY_DARK,RAIN,8,81,True,False,0,SAFE,SAFE,SAFE,10,0,100,False,1,8,0,12,100,81,False,True,False,False,True,False
73.67,33.31,3931,2,12,2,15.0,85.0,10,90.0,9.0,False,0.91,4.41,0,10,0,False,False,0,WET,NORMAL,8,0,81,False,1,VERY_DARK,RAIN,8,81,True,False,0,SAFE,SAFE,SAFE,10,0,100,False,1,8,0,12,100,81,False,True,False,False,True,False
73.7,33.44,3945,2,12,2,15.0,85.0,10,90.0,8.97,False,0.88,4.52,0,10,0,False,False,0,WET,NORMAL,8,0,81,False,1,VERY_DARK,RAIN,8,81,True,False,0,SAFE,SAFE,SAFE,10,0,100,False,1,8,0,12,100,81,False,True,False,False,True,False
73.73,33.6,3965,2,12,2,15.0,85.0,10,90.0,8.94,False,0.86,4.58,0,10,0,False,False,0,WET,NORMAL,8,0,81,False,1,VERY_DARK,RAIN,8,81,True,False,0,SAFE,SAFE,SAFE,10,0,100,False,1,8,0,12,100,81,False,True,False,False,True,False
73.77,33.79,3988,2,12,2,15.0,85.0,10,90.0,8.92,False,0.85,4.6,0,10,0,False,False,0,WET,NORMAL,8,0,81,False,1,VERY_DARK,RAIN,8,81,True,False,0,SAFE,SAFE,SAFE,10,0,100,False,1,8,0,12,100,81,False,True,False,False,True,False
73.8,34.01,4014,2,12,2,15.0,85.0,10,90.0,8.89,False,0.85,4.58,0,10,0,False,False,0,WET,NORMAL,8,0,81,False,1,VERY_DARK,RAIN,8,81,True,False,0,SAFE,SAFE,SAFE,10,0,100,False,1,8,0,12,100,81,False,True,False,False,True,False
73.83,34.25,4042,2,12,2,15.0,85.0,10,90.0,8.86,False,0.85,4.53,0,10,0,False,False,0,WET,NORMAL,8,0,81,False,1,VERY_DARK,RAIN,8,81,True,False,0,SAFE,SAFE,SAFE,10,0,100,False,1,8,0,12,100,81,False,True,False,False,True,False
73.87,34.51,4073,2,12,2,15.0,85.0,10,90.0,8.83,False,0.86,4.45,0,10,0,False,False,0,WET,NORMAL,8,0,81,False,1,VERY_DARK,RAIN,8,81,True,False,0,SAFE,SAFE,SAFE,10,0,100,False,1,8,0,12,100,81,False,True,False,False,True,False
73.9,34.78,4105,2,12,2,15.0,85.0,10,90.0,8.8,False,0.87,4.36,0,10,0,False,False,0,WET,NORMAL,8,0,81,False,1,VERY_DARK,RAIN,8,81,True,False,0,SAFE,SAFE,SAFE,10,0,100,False,1,8,0,12,100,81,False,True,False,False,True,False
73.93,35.07,4138,2,12,2,15.0,85.0,10,90.0,8.77,False,0.89,4.26,0,10,0,False,False,0,WET,NORMAL,8,0,81,False,1,VERY_DARK,RAIN,8,81,True,False,0,SAFE,SAFE,SAFE,10,0,100,False,1,8,0,12,100,81,False,True,False,False,True,False
73.97,35.36,4172,2,12,2,15.0,85.0,10,90.0,8.74,False,0.9,4.15,0,10,0,False,False,0,WET,NORMAL,8,0,81,False,1,VERY_DARK,RAIN,8,81,True,False,0,SAFE,SAFE,SAFE,10,0,100,False,1,8,0,12,100,81,False,True,False,False,True,False
74.0,35.66,4208,2,12,2,15.0,85.0,10,90.0,8.71,False,0.92,4.03,0,10,0,False,False,0,WET,NORMAL,8,0,81,False,1,VERY_DARK,RAIN,8,81,True,False,0,SAFE,SAFE,SAFE,10,0,100,False,1,8,0,12,100,81,False,True,False,False,True,False
74.03,35.96,4244,2,12,2,15.0,85.0,10,90.0,8.68,False,0.94,3.91,0,0,0,False,False,0,WET,NORMAL,8,0,81,False,1,VERY_DARK,RAIN,8,81,True,False,0,SAFE,SAFE,SAFE,10,0,100,False,1,0,0,12,100,81,False,True,False,False,True,False
74.07,36.2,4272,2,12,2,15.0,85.0,10,90.0,8.65,False,0.94,3.87,0,0,0,False,False,0,WET,NORMAL,8,0,81,False,1,VERY_DARK,RAIN,8,81,True,False,0,SAFE,SAFE,SAFE,10,0,100,False,1,0,0,12,100,81,False,True,False,False,True,False
74.1,36.34,4289,2,12,2,15.0,85.0,10,90.0,8.62,False,0.92,3.94,0,0,0,False,False,0,WET,NORMAL,8,0,81,False,1,VERY_DARK,RAIN,8,81,True,False,0,SAFE,SAFE,SAFE,10,0,100,False,1,0,0,12,100,81,False,True,False,False,True,False
74.13,36.37,4292,2,12,2,15.0,85.0,10,90.0,8.59,False,0.86,4.16,0,10,0,False,False,0,WET,NORMAL,8,0,81,False,1,VERY_DARK,RAIN,8,81,True,False,0,SAFE,SAFE,SAFE,10,0,100,False,1,8,0,12,100,81,False,True,False,False,True,False
74.17,36.37,4292,2,12,2,15.0,85.0,10,90.0,8.56,False,0.8,4.47,0,10,0,False,False,0,WET,NORMAL,8,0,81,False,1,VERY_DARK,RAIN,8,81,True,False,0,SAFE,SAFE,SAFE,10,0,100,False,1,8,0,12,100,81,False,True,False,False,True,False
74.2,36.36,4291,2,12,2,15.0,85.0,10,90.0,8.54,False,0.73,4.86,0,10,0,False,False,0,WET,NORMAL,8,0,81,False,1,VERY_DARK,RAIN,8,81,True,False,0,SAFE,SAFE,SAFE,10,0,100,False,1,8,0,12,100,81,False,True,False,False,True,False
74.23,36.35,4290,2,12,2,15.0,85.0,10,90.0,8.52,False,0.66,5.31,0,10,0,False,False,0,WET,NORMAL,8,0,81,False,1,VERY_DARK,RAIN,8,81,True,False,0,SAFE,SAFE,SAFE,10,0,100,False,1,8,0,12,100,81,False,True,False,False,True,False
74.27,36.38,4293,2,12,2,15.0,85.0,10,90.0,8.5,False,0.61,5.77,0,10,0,False,False,0,WET,NORMAL,8,0,81,False,1,VERY_DARK,RAIN,8,81,True,False,0,SAFE,SAFE,SAFE,10,0,100,False,1,8,0,12,100,81,False,True,False,False,True,False
74.3,36.47,4304,2,12,2,15.0,85.0,10,90.0,8.48,False,0.57,6.14,0,10,0,False,False,0,WET,NORMAL,8,0,81,False,1,VERY_DARK,RAIN,8,81,True,False,0,SAFE,SAFE,SAFE,10,0,100,False,1,8,0,12,100,81,False,True,False,False,True,False
74.33,36.62,4321,2,12,2,15.0,85.0,10,90.0,8.46,False,0.54,6.41,0,10,0,False,False,0,WET,NORMAL,8,0,81,False,1,VERY_DARK,RAIN,8,81,True,False,0,SAFE,SAFE,SAFE,10,0,100,False,1,8,0,12,100,81,False,True,False,False,True,False
74.37,36.8,4342,2,12,2,15.0,85.0,10,90.0,8.44,False,0.53,6.55,0,10,0,False,False,0,WET,NORMAL,8,0,81,False,1,VERY_DARK,RAIN,8,81,True,False,0,SAFE,SAFE,SAFE,10,0,100,False,1,8,0,12,100,81,False,True,False,False,True,False
74.4,37.01,4368,2,12,2,15.0,85.0,10,90.0,8.42,False,0.52,6.59,0,10,0,False,False,0,WET,NORMAL,8,0,81,False,1,VERY_DARK,RAIN,8,81,True,False,0,SAFE,SAFE,SAFE,10,0,100,False,1,8,0,12,100,81,False,True,False,False,True,False
74.43,37.25,4396,2,12,2,15.0,85.0,10,90.0,8.41,False,0.52,6.53,0,10,0,False,False,0,WET,NORMAL,8,0,81,False,1,VERY_DARK,RAIN,8,81,True,False,0,SAFE,SAFE,SAFE,10,0,100,False,1,8,0,12,100,81,False,True,False,False,True,False
74.47,37.52,4427,2,12,2,15.0,85.0,10,90.0,8.39,False,0.53,6.41,0,10,0,False,False,0,WET,NORMAL,8,0,81,False,1,VERY_DARK,RAIN,8,81,True,False,0,SAFE,SAFE,SAFE,10,0,100,False,1,8,0,12,100,81,False,True,False,False,True,False
74.5,37.8,4460,2,12,2,15.0,85.0,10,90.0,8.37,False,0.54,6.23,0,10,0,False,False,0,WET,NORMAL,8,0,81,False,1,VERY_DARK,RAIN,8,81,True,False,0,SAFE,SAFE,SAFE,10,0,100,False,1,8,0,12,100,81,False,True,False,False,True,False
74.53,38.09,4495,2,12,2,15.0,85.0,10,90.0,8.35,False,0.56,6.02,0,10,0,False,False,0,WET,NORMAL,8,0,81,False,1,VERY_DARK,RAIN,8,81,True,False,0,SAFE,SAFE,SAFE,10,0,100,False,1,8,0,12,100,81,False,True,False,False,True,False
74.57,38.4,4531,2,12,2,15.0,85.0,10,90.0,8.33,False,0.58,5.79,0,10,0,False,False,0,WET,NORMAL,8,0,81,False,1,VERY_DARK,RAIN,8,81,True,False,0,SAFE,SAFE,SAFE,10,0,100,False,1,8,0,12,100,81,False,True,False,False,True,False
74.6,38.71,4568,2,12,2,15.0,85.0,10,90.0,8.31,False,0.6,5.55,0,10,0,False,False,0,WET,NORMAL,8,0,81,False,1,VERY_DARK,RAIN,8,81,True,False,0,SAFE,SAFE,SAFE,10,0,100,False,1,8,0,12,100,81,False,True,False,False,True,False
74.63,39.03,4606,2,12,2,15.0,85.0,10,90.0,8.29,False,0.62,5.3,0,10,0,False,False,0,WET,NORMAL,8,0,81,False,1,VERY_DARK,RAIN,8,81,True,False,0,SAFE,SAFE,SAFE,10,0,100,False,1,8,0,12,100,81,False,True,False,False,True,False
74.67,39.36,4645,2,12,2,15.0,85.0,10,90.0,8.27,False,0.65,5.07,0,10,0,False,False,0,WET,NORMAL,8,0,81,False,1,VERY_DARK,RAIN,8,81,True,False,0,SAFE,SAFE,SAFE,10,0,100,False,1,8,0,12,100,81,False,True,False,False,True,False
74.7,39.69,4684,2,12,2,15.0,85.0,10,90.0,8.25,False,0.67,4.83,0,10,0,False,False,0,WET,NORMAL,8,0,81,False,1,VERY_DARK,RAIN,8,81,True,False,0,SAFE,SAFE,SAFE,10,0,100,False,1,8,0,12,100,81,False,True,False,False,True,False
74.73,40.03,4724,2,12,2,15.0,85.0,10,90.0,8.23,False,0.7,4.61,0,10,0,False,False,0,WET,NORMAL,8,0,81,False,1,VERY_DARK,RAIN,8,81,True,False,0,SAFE,SAFE,SAFE,10,0,100,False,1,8,0,12,100,81,False,True,False,False,True,False
74.77,40.37,4764,2,12,2,15.0,85.0,10,90.0,8.2,False,0.73,4.4,0,10,0,False,False,0,WET,NORMAL,8,0,81,False,1,VERY_DARK,RAIN,8,81,True,False,0,SAFE,SAFE,SAFE,10,0,100,False,1,8,0,12,100,81,False,True,False,False,True,False
74.8,40.72,4805,2,12,2,15.0,85.0,10,90.0,8.18,False,0.76,4.19,0,10,0,False,False,0,WET,NORMAL,8,0,81,False,1,VERY_DARK,RAIN,8,81,True,False,0,SAFE,SAFE,SAFE,10,0,100,False,1,8,0,12,100,81,False,True,False,False,True,False
74.83,41.07,4846,2,12,2,15.0,85.0,10,90.0,8.15,False,0.79,3.99,0,0,0,False,False,0,WET,NORMAL,8,0,81,False,1,VERY_DARK,RAIN,8,81,True,False,0,SAFE,SAFE,SAFE,10,0,100,False,1,0,0,12,100,81,False,True,False,False,True,False
74.87,41.35,4880,2,12,2,15.0,85.0,10,90.0,8.13,False,0.8,3.9,0,0,0,False,False,0,WET,NORMAL,8,0,81,False,1,VERY_DARK,RAIN,8,81,True,False,0,SAFE,SAFE,SAFE,10,0,100,False,1,0,0,12,100,81,False,True,False,False,True,False
74.9,41.53,4900,2,12,2,15.0,85.0,10,90.0,8.1,False,0.78,3.95,0,0,0,False,False,0,WET,NORMAL,8,0,81,False,1,VERY_DARK,RAIN,8,81,True,False,0,SAFE,SAFE,SAFE,10,0,100,False,1,0,0,12,100,81,False,True,False,False,True,False
74.93,41.57,4906,2,12,2,15.0,85.0,10,90.0,8.08,False,0.73,4.21,0,10,0,False,False,0,WET,NORMAL,8,0,81,False,1,VERY_DARK,RAIN,8,81,True,False,0,SAFE,SAFE,SAFE,10,0,100,False,1,8,0,12,100,81,False,True,False,False,True,False
74.97,41.58,4906,2,12,2,15.0,85.0,10,90.0,8.05,False,0.67,4.58,0,10,0,False,False,0,WET,NORMAL,8,0,81,False,1,VERY_DARK,RAIN,8,81,True,False,0,SAFE,SAFE,SAFE,10,0,100,False,1,8,0,12,100,81,False,True,False,False,True,False
75.0,41.56,4904,2,12,2,15.0,85.0,10,90.0,8.03,False,0.59,5.1,0,10,0,False,False,0,WET,NORMAL,8,0,81,False,1,VERY_DARK,RAIN,8,81,True,False,0,SAFE,SAFE,SAFE,10,0,100,False,1,8,0,12,100,81,False,True,False,False,True,False
75.03,41.55,4903,2,12,2,15.0,85.0,10,90.0,8.01,False,0.53,5.73,0,10,0,False,False,0,WET,NORMAL,8,0,81,False,1,VERY_DARK,RAIN,8,81,True,False,0,SAFE,SAFE,SAFE,10,0,100,False,1,8,0,12,100,81,False,True,False,False,True,False
75.07,41.59,4908,2,12,2,15.0,85.0,10,90.0,8.0,False,0.47,6.38,0,10,0,False,False,0,WET,NORMAL,8,0,81,False,1,VERY_DARK,RAIN,8,81,True,False,0,SAFE,SAFE,SAFE,10,0,100,False,1,8,0,12,100,81,False,True,False,False,True,False
75.1,41.7,4921,2,12,2,15.0,85.0,10,90.0,7.98,False,0.43,6.9,0,10,0,False,False,0,WET,NORMAL,8,0,81,False,1,VERY_DARK,RAIN,8,81,True,False,0,SAFE,SAFE,SAFE,10,0,100,False,1,8,0,12,100,81,False,True,False,False,True,False
75.13,41.86,4940,2,12,2,15.0,85.0,10,90.0,7.97,False,0.41,7.24,0,10,0,False,False,0,WET,NORMAL,8,0,81,False,1,VERY_DARK,RAIN,8,81,True,False,0,SAFE,SAFE,SAFE,10,0,100,False,1,8,0,12,100,81,False,True,False,False,True,False
75.17,42.06,4964,2,12,2,15.0,85.0,10,90.0,7.95,False,0.4,7.38,0,10,0,False,False,0,WET,NORMAL,8,0,81,False,1,VERY_DARK,RAIN,8,81,True,False,0,SAFE,SAFE,SAFE,10,0,100,False,1,8,0,12,100,81,False,True,False,False,True,False
75.2,42.31,4992,2,12,2,15.0,85.0,10,90.0,7.94,False,0.4,7.35,0,10,0,False,False,0,WET,NORMAL,8,0,81,False,1,VERY_DARK,RAIN,8,81,True,False,0,SAFE,SAFE,SAFE,10,0,100,False,1,8,0,12,100,81,False,True,False,False,True,False
75.23,42.57,5024,2,12,2,15.0,85.0,10,90.0,7.93,False,0.41,7.18,0,10,0,False,False,0,WET,NORMAL,8,0,81,False,1,VERY_DARK,RAIN,8,81,True,False,0,SAFE,SAFE,SAFE,10,0,100,False,1,8,0,12,100,81,False,True,False,False,True,False
75.27,42.87,5059,2,12,2,15.0,85.0,10,90.0,7.91,False,0.42,6.91,0,10,0,False,False,0,WET,NORMAL,8,0,81,False,1,VERY_DARK,RAIN,8,81,True,False,0,SAFE,SAFE,SAFE,10,0,100,False,1,8,0,12,100,81,False,True,False,False,True,False
75.3,43.18,5095,2,12,2,15.0,85.0,10,90.0,7.9,False,0.44,6.57,0,10,0,False,False,0,WET,NORMAL,8,0,81,False,1,VERY_DARK,RAIN,8,81,True,False,0,SAFE,SAFE,SAFE,10,0,100,False,1,8,0,12,100,81,False,True,False,False,True,False
75.33,43.51,5134,2,12,2,15.0,85.0,10,90.0,7.88,False,0.46,6.21,0,10,0,False,False,0,WET,NORMAL,8,0,81,False,1,VERY_DARK,RAIN,8,81,True,False,0,SAFE,SAFE,SAFE,10,0,100,False,1,8,0,12,100,81,False,True,False,False,True,False
75.37,43.85,5174,2,12,2,15.0,85.0,10,90.0,7.87,False,0.49,5.83,0,10,0,False,False,0,WET,NORMAL,8,0,81,False,1,VERY_DARK,RAIN,8,81,True,False,0,SAFE,SAFE,SAFE,10,0,100,False,1,8,0,12,100,81,False,True,False,False,True,False
75.4,44.2,5216,2,12,2,15.0,85.0,10,90.0,7.85,False,0.52,5.47,0,10,0,False,False,0,WET,NORMAL,8,0,81,False,1,VERY_DARK,RAIN,8,81,True,False,0,SAFE,SAFE,SAFE,10,0,100,False,1,8,0,12,100,81,False,True,False,False,True,False
75.43,44.56,5258,2,12,2,15.0,85.0,10,90.0,7.83,False,0.55,5.11,0,10,0,False,False,0,WET,NORMAL,8,0,81,False,1,VERY_DARK,RAIN,8,81,True,False,0,SAFE,SAFE,SAFE,10,0,100,False,1,8,0,12,100,81,False,True,False,False,True,False
75.47,44.93,5302,2,12,2,15.0,85.0,10,90.0,7.81,False,0.59,4.78,0,10,0,False,False,0,WET,NORMAL,8,0,81,False,1,VERY_DARK,RAIN,8,81,True,False,0,SAFE,SAFE,SAFE,10,0,100,False,1,8,0,12,100,81,False,True,False,False,True,False
75.5,45.3,5346,2,12,2,15.0,85.0,10,90.0,7.79,False,0.63,4.47,0,10,0,False,False,0,WET,NORMAL,8,0,81,False,1,VERY_DARK,RAIN,8,81,True,False,0,SAFE,SAFE,SAFE,10,0,100,False,1,8,0,12,100,81,False,True,False,False,True,False
75.53,45.68,5391,2,12,2,15.0,85.0,10,90.0,7.77,False,0.66,4.18,0,10,0,False,False,0,WET,NORMAL,8,0,81,False,1,VERY_DARK,RAIN,8,81,True,False,0,SAFE,SAFE,SAFE,10,0,100,False,1,8,0,12,100,81,False,True,False,False,True,False
75.57,46.07,5437,2,12,2,15.0,85.0,10,90.0,7.75,False,0.7,3.91,0,0,0,False,False,0,WET,NORMAL,8,0,81,False,1,VERY_DARK,RAIN,8,81,True,False,0,SAFE,SAFE,SAFE,10,0,100,False,1,0,0,12,100,81,False,True,False,False,True,False
75.6,46.4,5475,2,12,2,15.0,85.0,10,90.0,7.73,False,0.73,3.76,0,0,0,False,False,0,WET,NORMAL,8,0,81,False,1,VERY_DARK,RAIN,8,81,True,False,0,SAFE,SAFE,SAFE,10,0,100,False,1,0,0,12,100,81,False,True,False,False,True,False
75.63,46.61,5500,2,12,2,15.0,85.0,10,90.0,7.7,False,0.72,3.77,0,0,0,False,False,0,WET,NORMAL,8,0,81,False,1,VERY_DARK,RAIN,8,81,True,False,0,SAFE,SAFE,SAFE,10,0,100,False,1,0,0,12,100,81,False,True,False,False,True,False
75.67,46.67,5507,2,12,2,15.0,85.0,10,90.0,7.68,False,0.67,4.02,0,10,0,False,False,0,WET,NORMAL,8,0,81,False,1,VERY_DARK,RAIN,8,81,True,False,0,SAFE,SAFE,SAFE,10,0,100,False,1,8,0,12,100,81,False,True,False,False,True,False
75.7,46.68,5508,2,12,2,15.0,85.0,10,90.0,7.66,False,0.6,4.43,0,10,0,False,False,0,WET,NORMAL,8,0,81,False,1,VERY_DARK,RAIN,8,81,True,False,0,SAFE,SAFE,SAFE,10,0,100,False,1,8,0,12,100,81,False,True,False,False,True,False
75.73,46.66,5506,2,12,2,15.0,85.0,10,90.0,7.64,False,0.53,5.02,0,10,0,False,False,0,WET,NORMAL,8,0,81,False,1,VERY_DARK,RAIN,8,81,True,False,0,SAFE,SAFE,SAFE,10,0,100,False,1,8,0,12,100,81,False,True,False,False,True,False
75.77,46.65,5505,2,12,2,15.0,85.0,10,90.0,7.62,False,0.46,5.76,0,10,0,False,False,0,WET,NORMAL,8,0,81,False,1,VERY_DARK,RAIN,8,81,True,False,0,SAFE,SAFE,SAFE,10,0,100,False,1,8,0,12,100,81,False,True,False,False,True,False
75.8,46.69,5510,2,12,2,15.0,85.0,10,90.0,7.61,False,0.4,6.54,0,10,0,False,False,0,WET,NORMAL,8,0,81,False,1,VERY_DARK,RAIN,8,81,True,False,0,SAFE,SAFE,SAFE,10,0,100,False,1,8,0,12,100,81,False,True,False,False,True,False
75.83,46.81,5524,2,12,2,15.0,85.0,10,90.0,7.6,False,0.36,7.16,0,10,0,False,False,0,WET,NORMAL,8,0,81,False,1,VERY_DARK,RAIN,8,81,True,False,0,SAFE,SAFE,SAFE,10,0,100,False,1,8,0,12,100,81,False,True,False,False,True,False
75.87,46.99,5545,2,12,2,15.0,85.0,10,90.0,7.58,False,0.34,7.52,0,10,0,False,False,0,WET,NORMAL,8,0,81,False,1,VERY_DARK,RAIN,8,81,True,False,0,SAFE,SAFE,SAFE,10,0,100,False,1,8,0,12,100,81,False,True,False,False,True,False
75.9,47.22,5572,2,12,2,15.0,85.0,10,90.0,7.57,False,0.34,7.61,0,10,0,False,False,0,WET,NORMAL,8,0,81,False,1,VERY_DARK,RAIN,8,81,True,False,0,SAFE,SAFE,SAFE,10,0,100,False,1,8,0,12,100,81,False,True,False,False,True,False
75.93,47.48,5604,2,12,2,15.0,85.0,10,90.0,7.56,False,0.34,7.45,0,10,0,False,False,0,WET,NORMAL,8,0,81,False,1,VERY_DARK,RAIN,8,81,True,False,0,SAFE,SAFE,SAFE,10,0,100,False,1,8,0,12,100,81,False,True,False,False,True,False
75.97,47.78,5639,2,12,2,15.0,85.0,10,90.0,7.55,False,0.36,7.11,0,10,0,False,False,0,WET,NORMAL,8,0,81,False,1,VERY_DARK,RAIN,8,81,True,False,0,SAFE,SAFE,SAFE,10,0,100,False,1,8,0,12,100,81,False,True,False,False,True,False
76.0,48.11,5678,2,12,2,15.0,85.0,10,90.0,7.54,False,0.38,6.67,0,10,0,False,False,0,WET,NORMAL,8,0,81,False,1,VERY_DARK,RAIN,8,81,True,False,0,SAFE,SAFE,SAFE,10,0,100,False,1,8,0,12,100,81,False,True,False,False,True,False
76.03,48.46,5719,2,12,2,15.0,85.0,10,90.0,7.52,False,0.41,6.19,0,10,0,False,False,0,WET,NORMAL,8,0,81,False,1,VERY_DARK,RAIN,8,81,True,False,0,SAFE,SAFE,SAFE,10,0,100,False,1,8,0,12,100,81,False,True,False,False,True,False
76.07,48.82,5762,2,12,2,15.0,85.0,10,90.0,7.51,False,0.44,5.7,0,10,0,False,False,0,WET,NORMAL,8,0,81,False,1,VERY_DARK,RAIN,8,81,True,False,0,SAFE,SAFE,SAFE,10,0,100,False,1,8,0,12,100,81,False,True,False,False,True,False
76.1,49.2,5806,2,12,2,15.0,85.0,10,90.0,7.5,False,0.48,5.24,0,10,0,False,False,0,WET,NORMAL,8,0,81,False,1,VERY_DARK,RAIN,8,81,True,False,0,SAFE,SAFE,SAFE,10,0,100,False,1,8,0,12,100,81,False,True,False,False,True,False
76.13,49.59,5852,2,12,2,15.0,85.0,10,90.0,7.48,False,0.52,4.81,0,10,0,False,False,0,WET,NORMAL,8,0,81,False,1,VERY_DARK,RAIN,8,81,True,False,0,SAFE,SAFE,SAFE,10,0,100,False,1,8,0,12,100,81,False,True,False,False,True,False
76.17,49.98,5899,2,12,2,15.0,85.0,10,90.0,7.46,False,0.56,4.43,0,10,0,False,False,0,WET,NORMAL,8,0,81,False,1,VERY_DARK,RAIN,8,81,True,False,0,SAFE,SAFE,SAFE,10,0,100,False,1,8,0,12,100,81,False,True,False,False,True,False
76.2,50.38,5946,2,12,2,15.0,85.0,10,90.0,7.44,False,0.6,4.08,0,10,0,False,False,0,WET,NORMAL,8,0,81,False,1,VERY_DARK,RAIN,8,81,True,False,0,SAFE,SAFE,SAFE,10,0,100,False,1,8,0,12,100,81,False,True,False,False,True,False
76.23,50.79,5994,2,12,2,15.0,85.0,10,90.0,7.42,False,0.64,3.77,0,0,0,False,False,0,WET,NORMAL,8,0,81,False,1,VERY_DARK,RAIN,8,81,True,False,0,SAFE,SAFE,SAFE,10,0,100,False,1,0,0,12,100,81,False,True,False,False,True,False
76.27,51.13,6034,2,12,2,15.0,85.0,10,90.0,7.4,False,0.67,3.59,0,0,0,False,False,0,WET,NORMAL,8,0,81,False,1,VERY_DARK,RAIN,8,81,True,False,0,SAFE,SAFE,SAFE,10,0,100,False,1,0,0,12,100,81,False,True,False,False,True,False
76.3,51.35,6060,2,12,2,15.0,85.0,10,90.0,7.38,False,0.66,3.6,0,0,0,False,False,0,WET,NORMAL,8,0,81,False,1,VERY_DARK,RAIN,8,81,True,False,0,SAFE,SAFE,SAFE,10,0,100,False,1,0,0,12,100,81,False,True,False,False,True,False
76.33,51.42,6069,2,12,2,15.0,85.0,10,90.0,7.35,False,0.61,3.85,0,0,0,False,False,0,WET,NORMAL,8,0,81,False,1,VERY_DARK,RAIN,8,81,True,False,0,SAFE,SAFE,SAFE,10,0,100,False,1,0,0,12,100,81,False,True,False,False,True,False
76.37,51.36,6061,2,12,2,15.0,85.0,10,90.0,7.34,False,0.52,4.45,0,10,0,False,False,0,WET,NORMAL,8,0,81,False,1,VERY_DARK,RAIN,8,81,True,False,0,SAFE,SAFE,SAFE,10,0,100,False,1,8,0,12,100,81,False,True,False,False,True,False
76.4,51.27,6050,2,12,2,15.0,85.0,10,90.0,7.32,False,0.43,5.39,0,10,0,False,False,0,WET,NORMAL,8,0,81,False,1,VERY_DARK,RAIN,8,81,True,False,0,SAFE,SAFE,SAFE,10,0,100,False,1,8,0,12,100,81,False,True,False,False,True,False
76.43,51.18,6039,2,12,2,15.0,85.0,10,90.0,7.31,False,0.34,6.86,0,10,0,False,False,0,WET,NORMAL,8,0,81,False,1,VERY_DARK,RAIN,8,81,True,False,0,SAFE,SAFE,SAFE,10,0,100,False,1,8,0,12,100,81,False,True,False,False,True,False
76.47,51.11,6032,2,12,2,15.0,85.0,10,90.0,7.3,False,0.25,9.18,0,10,0,False,False,0,WET,NORMAL,8,0,81,False,1,VERY_DARK,RAIN,8,81,True,False,0,SAFE,SAFE,SAFE,10,0,100,False,1,8,0,12,100,81,False,True,False,False,True,False
76.5,51.11,6032,2,12,2,15.0,85.0,10,90.0,7.29,False,0.18,12.54,0,10,0,False,False,0,WET,NORMAL,8,0,81,False,1,VERY_DARK,RAIN,8,81,True,False,0,SAFE,SAFE,SAFE,10,0,100,False,1,8,0,12,100,81,False,True,False,False,True,False
76.53,51.21,6043,2,12,2,15.0,85.0,10,90.0,7.29,False,0.14,16.36,0,10,0,False,False,0,WET,NORMAL,8,0,81,False,1,VERY_DARK,RAIN,8,81,True,False,0,SAFE,SAFE,SAFE,10,0,100,False,1,8,0,12,100,81,False,True,False,False,True,False
76.57,51.37,6062,2,12,2,15.0,85.0,10,90.0,7.28,False,0.12,19.41,0,10,0,False,False,0,WET,NORMAL,8,0,81,False,1,VERY_DARK,RAIN,8,81,True,False,0,SAFE,SAFE,SAFE,10,0,100,False,1,8,0,12,100,81,False,True,False,False,True,False
76.6,51.6,6089,2,12,2,15.0,85.0,10,90.0,7.28,False,0.11,20.0,0,10,0,False,False,0,WET,NORMAL,8,0,81,False,1,VERY_DARK,RAIN,8,81,True,False,0,SAFE,SAFE,SAFE,10,0,100,False,1,8,0,12,100,81,False,True,False,False,True,False
76.63,51.87,6121,2,12,2,15.0,85.0,10,90.0,7.28,False,0.12,18.97,0,10,0,False,False,0,WET,NORMAL,8,0,81,False,1,VERY_DARK,RAIN,8,81,True,False,0,SAFE,SAFE,SAFE,10,0,100,False,1,8,0,12,100,81,False,True,False,False,True,False
76.67,52.18,6158,2,12,2,15.0,85.0,10,90.0,7.27,False,0.14,16.48,0,10,0,False,False,0,WET,NORMAL,8,0,81,False,1,VERY_DARK,RAIN,8,81,True,False,0,SAFE,SAFE,SAFE,10,0,100,False,1,8,0,12,100,81,False,True,False,False,True,False
76.7,52.52,6197,2,12,2,15.0,85.0,10,90.0,7.27,False,0.16,13.87,0,10,0,False,False,0,WET,NORMAL,8,0,81,False,1,VERY_DARK,RAIN,8,81,True,False,0,SAFE,SAFE,SAFE,10,0,100,False,1,8,0,12,100,81,False,True,False,False,True,False
76.73,52.87,6239,2,12,2,15.0,85.0,10,90.0,7.26,False,0.19,11.61,0,10,0,False,False,0,WET,NORMAL,8,0,81,False,1,VERY_DARK,RAIN,8,81,True,False,0,SAFE,SAFE,SAFE,10,0,100,False,1,8,0,12,100,81,False,True,False,False,True,False
76.77,53.24,6283,2,12,2,15.0,85.0,10,90.0,7.25,False,0.23,9.77,0,10,0,False,False,0,WET,NORMAL,8,0,81,False,1,VERY_DARK,RAIN,8,81,True,False,0,SAFE,SAFE,SAFE,10,0,100,False,1,8,0,12,100,81,False,True,False,False,True,False
76.8,53.63,6329,2,12,2,15.0,85.0,10,90.0,7.24,False,0.27,8.32,0,10,0,False,False,0,WET,NORMAL,8,0,81,False,1,VERY_DARK,RAIN,8,81,True,False,0,SAFE,SAFE,SAFE,10,0,100,False,1,8,0,12,100,81,False,True,False,False,True,False
76.83,54.02,6375,2,12,2,15.0,85.0,10,90.0,7.23,False,0.31,7.17,0,10,0,False,False,0,WET,NORMAL,8,0,81,False,1,VERY_DARK,RAIN,8,81,True,False,0,SAFE,SAFE,SAFE,10,0,100,False,1,8,0,12,100,81,False,True,False,False,True,False
76.87,54.42,6422,2,12,2,15.0,85.0,10,90.0,7.22,False,0.36,6.26,0,10,0,False,False,0,WET,NORMAL,8,0,81,False,1,VERY_DARK,RAIN,8,81,True,False,0,SAFE,SAFE,SAFE,10,0,100,False,1,8,0,12,100,81,False,True,False,False,True,False
76.9,54.83,6470,2,12,2,15.0,85.0,10,90.0,7.21,False,0.4,5.52,0,10,0,False,False,0,WET,NORMAL,8,0,81,False,1,VERY_DARK,RAIN,8,81,True,False,0,SAFE,SAFE,SAFE,10,0,100,False,1,8,0,12,100,81,False,True,False,False,True,False
76.93,55.24,6519,3,12,2,15.0,85.0,10,90.0,7.2,False,0.45,4.91,0,10,0,False,False,0,WET,NORMAL,8,0,81,False,1,VERY_DARK,RAIN,8,81,True,False,0,SAFE,SAFE,SAFE,10,0,100,False,1,8,0,12,100,81,False,True,False,False,True,False
76.97,55.83,4539,3,12,2,15.0,85.0,10,90.0,7.18,False,0.54,4.01,0,10,0,False,False,0,WET,NORMAL,8,0,81,False,1,VERY_DARK,RAIN,8,81,True,False,0,SAFE,SAFE,CAUTION,7,0,80,False,1,7,0,12,80,81,False,True,False,False,True,False
77.0,56.38,4583,3,12,2,15.0,85.0,10,90.0,7.16,False,0.63,3.43,0,0,0,False,False,0,WET,NORMAL,8,0,81,False,1,VERY_DARK,RAIN,8,81,True,False,0,SAFE,SAFE,SAFE,10,0,100,False,1,0,0,12,100,81,False,True,False,False,True,False
77.03,56.78,4617,3,12,2,15.0,85.0,10,90.0,7.14,False,0.68,3.16,0,0,0,False,False,0,WET,NORMAL,8,0,81,False,1,VERY_DARK,RAIN,8,81,True,False,0,SAFE,SAFE,SAFE,10,0,100,False,1,0,0,12,100,81,False,True,False,False,True,False
77.07,57.05,4638,3,12,2,15.0,85.0,10,90.0,7.11,False,0.68,3.11,0,0,0,False,False,0,WET,NORMAL,8,0,81,False,1,VERY_DARK,RAIN,8,81,True,False,0,SAFE,SAFE,SAFE,10,0,100,False,1,0,0,12,100,81,False,True,False,False,True,False
77.1,57.16,4647,3,12,2,15.0,85.0,10,90.0,7.09,False,0.65,3.24,0,0,0,False,False,0,WET,NORMAL,8,0,81,False,1,VERY_DARK,RAIN,8,81,True,False,0,SAFE,SAFE,SAFE,10,0,100,False,1,0,0,12,100,81,False,True,False,False,True,False
77.13,57.17,4648,3,12,2,15.0,85.0,10,90.0,7.07,False,0.58,3.56,0,0,0,False,False,0,WET,NORMAL,8,0,81,False,1,VERY_DARK,RAIN,8,81,True,False,0,SAFE,SAFE,SAFE,10,0,100,False,1,0,0,12,100,81,False,True,False,False,True,False
77.17,57.11,4643,3,12,2,15.0,85.0,10,90.0,7.05,False,0.5,4.13,0,10,0,False,False,0,WET,NORMAL,8,0,81,False,1,VERY_DARK,RAIN,8,81,True,False,0,SAFE,SAFE,SAFE,10,0,100,False,1,8,0,12,100,81,False,True,False,False,True,False
77.2,57.04,4638,3,12,2,15.0,85.0,10,90.0,7.04,False,0.41,4.93,0,10,0,False,False,0,WET,NORMAL,8,0,81,False,1,VERY_DARK,RAIN,8,81,True,False,0,SAFE,SAFE,SAFE,10,0,100,False,1,8,0,12,100,81,False,True,False,False,True,False
77.23,56.98,4632,3,12,2,15.0,85.0,10,90.0,7.03,False,0.33,6.17,0,10,0,False,False,0,WET,NORMAL,8,0,81,False,1,VERY_DARK,RAIN,8,81,True,False,0,SAFE,SAFE,SAFE,10,0,100,False,1,8,0,12,100,81,False,True,False,False,True,False
77.27,56.93,4628,3,12,2,15.0,85.0,10,90.0,7.02,False,0.25,8.1,0,10,0,False,False,0,WET,NORMAL,8,0,81,False,1,VERY_DARK,RAIN,8,81,True,False,0,SAFE,SAFE,SAFE,10,0,100,False,1,8,0,12,100,81,False,True,False,False,True,False
77.3,56.92,4628,3,12,2,15.0,85.0,10,90.0,7.01,False,0.18,11.19,0,10,0,False,False,0,WET,NORMAL,8,0,81,False,1,VERY_DARK,RAIN,8,81,True,False,0,SAFE,SAFE,SAFE,10,0,100,False,1,8,0,12,100,81,False,True,False,False,True,False
77.33,56.96,4631,3,12,2,15.0,85.0,10,90.0,7.01,False,0.12,16.17,0,10,0,False,False,0,WET,NORMAL,8,0,81,False,1,VERY_DARK,RAIN,8,81,True,False,0,SAFE,SAFE,SAFE,10,0,100,False,1,8,0,12,100,81,False,True,False,False,True,False
77.37,57.04,4637,3,12,2,15.0,85.0,10,90.0,7.0,False,0.08,20.0,0,10,0,False,False,0,WET,NORMAL,8,0,81,False,1,VERY_DARK,RAIN,8,81,True,False,0,SAFE,SAFE,SAFE,10,0,100,False,1,8,0,12,100,81,False,True,False,False,True,False
77.4,57.15,4646,3,12,2,15.0,85.0,10,90.0,7.0,False,0.07,20.0,0,10,0,False,False,0,WET,NORMAL,8,0,81,False,1,VERY_DARK,RAIN,8,81,True,False,0,SAFE,SAFE,SAFE,10,0,100,False,1,8,0,12,100,81,False,True,False,False,True,False
77.43,57.29,4658,3,12,2,15.0,85.0,10,90.0,7.0,False,0.11,19.02,0,10,0,False,False,0,WET,NORMAL,8,0,81,False,1,VERY_DARK,RAIN,8,81,True,False,0,SAFE,SAFE,SAFE,10,0,100,False,1,8,0,12,100,81,False,True,False,False,True,False
77.47,57.45,4671,3,12,2,15.0,85.0,10,90.0,6.99,False,0.15,12.92,0,10,0,False,False,0,WET,NORMAL,8,0,81,False,1,VERY_DARK,RAIN,8,81,True,False,0,SAFE,SAFE,SAFE,10,0,100,False,1,8,0,12,100,81,False,True,False,False,True,False
77.5,57.63,4685,3,12,2,15.0,85.0,10,90.0,6.99,False,0.18,10.76,0,10,0,False,False,0,WET,NORMAL,8,0,81,False,1,VERY_DARK,RAIN,8,81,True,False,0,SAFE,SAFE,SAFE,10,0,100,False,1,8,0,12,100,81,False,True,False,False,True,False
77.53,57.82,4700,3,12,2,15.0,85.0,10,90.0,6.98,False,0.11,18.28,0,10,0,False,False,0,WET,NORMAL,8,0,81,False,1,VERY_DARK,RAIN,8,81,True,False,0,SAFE,SAFE,SAFE,10,0,100,False,1,8,0,12,100,81,False,True,False,False,True,False
77.57,58.02,4717,3,12,2,15.0,85.0,10,90.0,6.98,False,0.04,20.0,0,10,0,False,False,0,WET,NORMAL,8,0,81,False,1,VERY_DARK,RAIN,8,81,True,False,0,SAFE,SAFE,SAFE,10,0,100,False,1,8,0,12,100,81,False,True,False,False,True,False
77.6,58.22,4734,3,12,2,15.0,85.0,10,90.0,6.98,False,0.0,20.0,0,10,0,False,False,0,WET,NORMAL,8,0,81,False,1,VERY_DARK,RAIN,8,81,True,False,0,SAFE,SAFE,SAFE,10,0,100,False,1,8,0,12,100,81,False,True,False,False,True,False
77.63,58.44,4751,3,12,2,15.0,85.0,10,90.0,6.98,False,0.0,20.0,0,10,0,False,False,0,WET,NORMAL,8,0,81,False,1,VERY_DARK,RAIN,8,81,True,False,0,SAFE,SAFE,SAFE,10,0,100,False,1,8,0,12,100,81,False,True,False,False,True,False
77.67,58.66,4769,3,12,2,15.0,85.0,10,90.0,6.99,False,0.0,20.0,0,10,0,False,False,0,WET,NORMAL,8,0,81,False,1,VERY_DARK,RAIN,8,81,True,False,0,SAFE,SAFE,SAFE,10,0,100,False,1,8,0,12,100,81,False,True,False,False,True,False
77.7,58.89,4788,3,12,2,15.0,85.0,10,90.0,6.99,False,0.0,20.0,0,10,0,False,False,0,WET,NORMAL,8,0,81,False,1,VERY_DARK,RAIN,8,81,True,False,0,SAFE,SAFE,SAFE,10,0,100,False,1,8,0,12,100,81,False,True,False,False,True,False
77.73,59.12,4807,3,12,2,15.0,85.0,10,90.0,6.99,False,0.0,20.0,0,10,0,False,False,0,WET,NORMAL,8,0,81,False,1,VERY_DARK,RAIN,8,81,True,False,0,SAFE,SAFE,SAFE,10,0,100,False,1,8,0,12,100,81,False,True,False,False,True,False
77.77,59.35,4826,3,12,2,15.0,85.0,10,90.0,7.0,False,0.0,20.0,0,10,0,False,False,0,WET,NORMAL,8,0,81,False,1,VERY_DARK,RAIN,8,81,True,False,0,SAFE,SAFE,SAFE,10,0,100,False,1,8,0,12,100,81,False,True,False,False,True,False
77.8,59.59,4845,3,12,2,15.0,85.0,10,90.0,7.0,False,0.0,20.0,0,10,0,False,False,0,WET,NORMAL,8,0,81,False,1,VERY_DARK,RAIN,8,81,True,False,0,SAFE,SAFE,SAFE,10,0,100,False,1,8,0,12,100,81,False,True,False,False,True,False
77.83,59.83,4864,3,12,2,15.0,85.0,10,90.0,7.01,False,0.0,20.0,0,10,0,False,False,0,WET,NORMAL,8,0,81,False,1,VERY_DARK,RAIN,8,81,True,False,0,SAFE,SAFE,SAFE,10,0,100,False,1,8,0,12,100,81,False,True,False,False,True,False
77.87,60.07,4884,3,12,2,15.0,85.0,10,90.0,7.01,False,0.0,20.0,0,10,0,False,False,0,WET,NORMAL,8,0,81,False,1,VERY_DARK,RAIN,8,81,True,False,0,SAFE,SAFE,SAFE,10,0,100,False,1,8,0,12,100,81,False,True,False,False,True,False
77.9,60.32,4904,3,12,2,15.0,85.0,10,90.0,7.01,False,0.0,20.0,0,10,0,False,False,0,WET,NORMAL,8,0,81,False,1,VERY_DARK,RAIN,8,81,True,False,0,SAFE,SAFE,SAFE,10,0,100,False,1,8,0,12,100,81,False,True,False,False,True,False
77.93,60.56,4924,3,12,2,15.0,85.0,10,90.0,7.02,False,0.0,20.0,0,10,0,False,False,0,WET,NORMAL,8,0,81,False,1,VERY_DARK,RAIN,8,81,True,False,0,SAFE,SAFE,SAFE,10,0,100,False,1,8,0,12,100,81,False,True,False,False,True,False
77.97,60.81,4944,3,12,2,15.0,85.0,10,90.0,7.02,False,0.0,20.0,0,10,0,False,False,0,WET,NORMAL,8,0,81,False,1,VERY_DARK,RAIN,8,81,True,False,0,SAFE,SAFE,SAFE,10,0,100,False,1,8,0,12,100,81,False,True,False,False,True,False
78.0,61.06,4964,3,12,2,15.0,85.0,10,90.0,7.02,False,0.0,20.0,0,10,0,False,False,0,WET,NORMAL,8,0,81,False,1,VERY_DARK,RAIN,8,81,True,False,0,SAFE,SAFE,SAFE,10,0,100,False,1,8,0,12,100,81,False,True,False,False,True,False
78.03,61.31,4984,3,12,2,15.0,85.0,10,90.0,7.03,False,0.0,20.0,0,10,0,False,False,0,WET,NORMAL,8,0,81,False,1,VERY_DARK,RAIN,8,81,True,False,0,SAFE,SAFE,SAFE,10,0,100,False,1,8,0,12,100,81,False,True,False,False,True,False
78.07,61.56,5005,3,12,2,15.0,85.0,10,90.0,7.03,False,0.0,20.0,0,10,0,False,False,0,WET,NORMAL,8,0,81,False,1,VERY_DARK,RAIN,8,81,True,False,0,SAFE,SAFE,SAFE,10,0,100,False,1,8,0,12,100,81,False,True,False,False,True,False
78.1,61.81,5025,3,12,2,15.0,85.0,10,90.0,7.03,False,0.0,20.0,0,10,0,False,False,0,WET,NORMAL,8,0,81,False,1,VERY_DARK,RAIN,8,81,True,False,0,SAFE,SAFE,SAFE,10,0,100,False,1,8,0,12,100,81,False,True,False,False,True,False
78.13,62.06,5046,3,12,2,15.0,85.0,10,90.0,7.03,False,0.01,20.0,0,10,0,False,False,0,WET,NORMAL,8,0,81,False,1,VERY_DARK,RAIN,8,81,True,False,0,SAFE,SAFE,SAFE,10,0,100,False,1,8,0,12,100,81,False,True,False,False,True,False
78.17,62.32,5066,3,12,2,15.0,85.0,10,90.0,7.03,False,0.03,20.0,0,10,0,False,False,0,WET,NORMAL,8,0,81,False,1,VERY_DARK,RAIN,8,81,True,False,0,SAFE,SAFE,SAFE,10,0,100,False,1,8,0,12,100,81,False,True,False,False,True,False
78.2,62.57,5087,3,12,2,15.0,85.0,10,90.0,7.03,False,0.05,20.0,0,10,0,False,False,0,WET,NORMAL,8,0,81,False,1,VERY_DARK,RAIN,8,81,True,False,0,SAFE,SAFE,SAFE,10,0,100,False,1,8,0,12,100,81,False,True,False,False,True,False
78.23,62.83,5108,3,12,2,15.0,85.0,10,90.0,7.02,False,0.08,20.0,0,10,0,False,False,0,WET,NORMAL,8,0,81,False,1,VERY_DARK,RAIN,8,81,True,False,0,SAFE,SAFE,SAFE,10,0,100,False,1,8,0,12,100,81,False,True,False,False,True,False
78.27,63.09,5129,3,12,2,15.0,85.0,10,90.0,7.02,False,0.1,20.0,0,10,0,False,False,0,WET,NORMAL,8,0,81,False,1,VERY_DARK,RAIN,8,81,True,False,0,SAFE,SAFE,SAFE,10,0,100,False,1,8,0,12,100,81,False,True,False,False,True,False
78.3,63.35,5150,3,12,2,15.0,85.0,10,90.0,7.02,False,0.13,16.04,0,10,0,False,False,0,WET,NORMAL,8,0,81,False,1,VERY_DARK,RAIN,8,81,True,False,0,SAFE,SAFE,SAFE,10,0,100,False,1,8,0,12,100,81,False,True,False,False,True,False
78.33,63.61,5171,3,12,2,15.0,85.0,10,90.0,7.01,False,0.15,13.33,0,10,0,False,False,0,WET,NORMAL,8,0,81,False,1,VERY_DARK,RAIN,8,81,True,False,0,SAFE,SAFE,SAFE,10,0,100,False,1,8,0,12,100,81,False,True,False,False,True,False
78.37,63.87,5192,3,12,2,15.0,85.0,10,90.0,7.01,False,0.18,11.36,0,10,0,False,False,0,WET,NORMAL,8,0,81,False,1,VERY_DARK,RAIN,8,81,True,False,0,SAFE,SAFE,SAFE,10,0,100,False,1,8,0,12,100,81,False,True,False,False,True,False
78.4,64.13,5214,3,12,2,15.0,85.0,10,90.0,7.0,False,0.2,9.87,0,10,0,False,False,0,WET,NORMAL,8,0,81,False,1,VERY_DARK,RAIN,8,81,True,False,0,SAFE,SAFE,SAFE,10,0,100,False,1,8,0,12,100,81,False,True,False,False,True,False
78.43,64.39,5235,3,12,2,15.0,85.0,10,90.0,6.99,False,0.23,8.7,0,10,0,False,False,0,WET,NORMAL,8,0,81,False,1,VERY_DARK,RAIN,8,81,True,False,0,SAFE,SAFE,SAFE,10,0,100,False,1,8,0,12,100,81,False,True,False,False,True,False
78.47,64.66,5257,3,12,2,15.0,85.0,10,90.0,6.98,False,0.26,7.75,0,10,0,False,False,0,WET,NORMAL,8,0,81,False,1,VERY_DARK,RAIN,8,81,True,False,0,SAFE,SAFE,SAFE,10,0,100,False,1,8,0,12,100,81,False,True,False,False,True,False
78.5,64.92,5278,3,12,2,15.0,85.0,10,90.0,6.97,False,0.28,6.98,0,10,0,False,False,0,WET,NORMAL,8,0,81,False,1,VERY_DARK,RAIN,8,81,True,False,0,SAFE,SAFE,SAFE,10,0,100,False,1,8,0,12,100,81,False,True,False,False,True,False
78.53,65.19,5300,3,12,2,15.0,85.0,10,90.0,6.96,False,0.31,6.33,0,10,0,False,False,0,WET,NORMAL,8,0,81,False,1,VERY_DARK,RAIN,8,81,True,False,0,SAFE,SAFE,SAFE,10,0,100,False,1,8,0,12,100,81,False,True,False,False,True,False
78.57,65.46,5322,3,12,2,15.0,85.0,10,90.0,6.95,False,0.34,5.77,0,10,0,False,False,0,WET,NORMAL,8,0,81,False,1,VERY_DARK,RAIN,8,81,True,False,0,SAFE,SAFE,SAFE,10,0,100,False,1,8,0,12,100,81,False,True,False,False,True,False
78.6,65.73,5344,3,12,2,15.0,85.0,10,90.0,6.94,False,0.37,5.3,0,10,0,False,False,0,WET,NORMAL,8,0,81,False,1,VERY_DARK,RAIN,8,81,True,False,0,SAFE,SAFE,SAFE,10,0,100,False,1,8,0,12,100,81,False,True,False,False,True,False
78.63,66.0,5366,3,12,2,15.0,85.0,10,90.0,6.93,False,0.4,4.88,0,10,0,False,False,0,WET,NORMAL,8,0,81,False,1,VERY_DARK,RAIN,8,81,True,False,0,SAFE,SAFE,SAFE,10,0,100,False,1,8,0,12,100,81,False,True,False,False,True,False
78.67,66.27,5388,3,12,2,15.0,85.0,10,90.0,6.92,False,0.42,4.52,0,10,0,False,False,0,WET,NORMAL,8,0,81,False,1,VERY_DARK,RAIN,8,81,True,False,0,SAFE,SAFE,SAFE,10,0,100,False,1,8,0,12,100,81,False,True,False,False,True,False
78.7,66.54,5410,3,12,2,15.0,85.0,10,90.0,6.9,False,0.45,4.19,0,10,0,False,False,0,WET,NORMAL,8,0,81,False,1,VERY_DARK,RAIN,8,81,True,False,0,SAFE,SAFE,SAFE,10,0,100,False,1,8,0,12,100,81,False,True,False,False,True,False
78.73,66.81,5432,3,12,2,15.0,85.0,10,90.0,6.88,False,0.48,3.9,0,0,0,False,False,0,WET,NORMAL,8,0,81,False,1,VERY_DARK,RAIN,8,81,True,False,0,SAFE,SAFE,SAFE,10,0,100,False,1,0,0,12,100,81,False,True,False,False,True,False
78.77,67.04,5450,3,12,2,15.0,85.0,10,90.0,6.87,False,0.5,3.75,0,0,0,False,False,0,WET,NORMAL,8,0,81,False,1,VERY_DARK,RAIN,8,81,True,False,0,SAFE,SAFE,SAFE,10,0,100,False,1,0,0,12,100,81,False,True,False,False,True,False
78.8,67.18,5462,3,12,2,15.0,85.0,10,90.0,6.85,False,0.49,3.76,0,0,0,False,False,0,WET,NORMAL,8,0,81,False,1,VERY_DARK,RAIN,8,81,True,False,0,SAFE,SAFE,SAFE,10,0,100,False,1,0,0,12,100,81,False,True,False,False,True,False
78.83,67.22,5465,3,12,2,15.0,85.0,10,90.0,6.84,False,0.46,4.02,0,10,0,False,False,0,WET,NORMAL,8,0,81,False,1,VERY_DARK,RAIN,8,81,True,False,0,SAFE,SAFE,SAFE,10,0,100,False,1,8,0,12,100,81,False,True,False,False,True,False
78.87,67.22,5465,3,12,2,15.0,85.0,10,90.0,6.82,False,0.41,4.45,0,10,0,False,False,0,WET,NORMAL,8,0,81,False,1,VERY_DARK,RAIN,8,81,True,False,0,SAFE,SAFE,SAFE,10,0,100,False,1,8,0,12,100,81,False,True,False,False,True,False
78.9,67.19,5463,3,12,2,15.0,85.0,10,90.0,6.81,False,0.36,5.08,0,10,0,False,False,0,WET,NORMAL,8,0,81,False,1,VERY_DARK,RAIN,8,81,True,False,0,SAFE,SAFE,SAFE,10,0,100,False,1,8,0,12,100,81,False,True,False,False,True,False
78.93,67.17,5461,3,12,2,15.0,85.0,10,90.0,6.8,False,0.3,5.91,0,10,0,False,False,0,WET,NORMAL,8,0,81,False,1,VERY_DARK,RAIN,8,81,True,False,0,SAFE,SAFE,SAFE,10,0,100,False,1,8,0,12,100,81,False,True,False,False,True,False
78.97,67.19,5462,3,12,2,15.0,85.0,10,90.0,6.79,False,0.26,6.83,0,10,0,False,False,0,WET,NORMAL,8,0,81,False,1,VERY_DARK,RAIN,8,81,True,False,0,SAFE,SAFE,SAFE,10,0,100,False,1,8,0,12,100,81,False,True,False,False,True,False
79.0,67.25,5468,3,12,2,15.0,85.0,10,90.0,6.78,False,0.23,7.63,0,10,0,False,False,0,WET,NORMAL,8,0,81,False,1,VERY_DARK,RAIN,8,81,True,False,0,SAFE,SAFE,SAFE,10,0,100,False,1,8,0,12,100,81,False,True,False,False,True,False
79.03,67.36,5476,3,12,2,15.0,85.0,10,90.0,6.77,False,0.22,8.17,0,10,0,False,False,0,WET,NORMAL,8,0,81,False,1,VERY_DARK,RAIN,8,81,True,False,0,SAFE,SAFE,SAFE,10,0,100,False,1,8,0,12,100,81,False,True,False,False,True,False
79.07,67.5,5488,3,12,2,15.0,85.0,10,90.0,6.77,False,0.21,8.39,0,10,0,False,False,0,WET,NORMAL,8,0,81,False,1,VERY_DARK,RAIN,8,81,True,False,0,SAFE,SAFE,SAFE,10,0,100,False,1,8,0,12,100,81,False,True,False,False,True,False
79.1,67.67,5502,3,12,2,15.0,85.0,10,90.0,6.76,False,0.21,8.31,0,10,0,False,False,0,WET,NORMAL,8,0,81,False,1,VERY_DARK,RAIN,8,81,True,False,0,SAFE,SAFE,SAFE,10,0,100,False,1,8,0,12,100,81,False,True,False,False,True,False
79.13,67.87,5518,3,12,2,15.0,85.0,10,90.0,6.75,False,0.22,7.99,0,10,0,False,False,0,WET,NORMAL,8,0,81,False,1,VERY_DARK,RAIN,8,81,True,False,0,SAFE,SAFE,SAFE,10,0,100,False,1,8,0,12,100,81,False,True,False,False,True,False
79.17,68.08,5535,3,12,2,15.0,85.0,10,90.0,6.74,False,0.23,7.53,0,10,0,False,False,0,WET,NORMAL,8,0,81,False,1,VERY_DARK,RAIN,8,81,True,False,0,SAFE,SAFE,SAFE,10,0,100,False,1,8,0,12,100,81,False,True,False,False,True,False
79.2,68.31,5554,3,12,2,15.0,85.0,10,90.0,6.74,False,0.25,7.0,0,10,0,False,False,0,WET,NORMAL,8,0,81,False,1,VERY_DARK,RAIN,8,81,True,False,0,SAFE,SAFE,SAFE,10,0,100,False,1,8,0,12,100,81,False,True,False,False,True,False
79.23,68.55,5573,3,12,2,15.0,85.0,10,90.0,6.73,False,0.27,6.45,0,10,0,False,False,0,WET,NORMAL,8,0,81,False,1,VERY_DARK,RAIN,8,81,True,False,0,SAFE,SAFE,SAFE,10,0,100,False,1,8,0,12,100,81,False,True,False,False,True,False
79.27,68.79,5593,3,12,2,15.0,85.0,10,90.0,6.72,False,0.29,5.92,0,10,0,False,False,0,WET,NORMAL,8,0,81,False,1,VERY_DARK,RAIN,8,81,True,False,0,SAFE,SAFE,SAFE,10,0,100,False,1,8,0,12,100,81,False,True,False,False,True,False
79.3,69.05,5614,3,12,2,15.0,85.0,10,90.0,6.71,False,0.32,5.42,0,10,0,False,False,0,WET,NORMAL,8,0,81,False,1,VERY_DARK,RAIN,8,81,True,False,0,SAFE,SAFE,SAFE,10,0,100,False,1,8,0,12,100,81,False,True,False,False,True,False
79.33,69.31,5635,3,12,2,15.0,85.0,10,90.0,6.7,False,0.34,4.97,0,10,0,False,False,0,WET,NORMAL,8,0,81,False,1,VERY_DARK,RAIN,8,81,True,False,0,SAFE,SAFE,SAFE,10,0,100,False,1,8,0,12,100,81,False,True,False,False,True,False
79.37,69.58,5657,3,12,2,15.0,85.0,10,90.0,6.69,False,0.37,4.57,0,10,0,False,False,0,WET,NORMAL,8,0,81,False,1,VERY_DARK,RAIN,8,81,True,False,0,SAFE,SAFE,SAFE,10,0,100,False,1,8,0,12,100,81,False,True,False,False,True,False
79.4,69.85,5679,3,12,2,15.0,85.0,10,90.0,6.67,False,0.4,4.2,0,10,0,False,False,0,WET,NORMAL,8,0,81,False,1,VERY_DARK,RAIN,8,81,True,False,0,SAFE,SAFE,SAFE,10,0,100,False,1,8,0,12,100,81,False,True,False,False,True,False
79.43,70.12,5701,3,12,2,15.0,85.0,10,90.0,6.66,False,0.43,3.88,0,0,0,False,False,0,WET,NORMAL,8,0,81,False,1,VERY_DARK,RAIN,8,81,True,False,0,SAFE,SAFE,SAFE,10,0,100,False,1,0,0,12,100,81,False,True,False,False,True,False
79.47,70.35,5720,3,12,2,15.0,85.0,10,90.0,6.64,False,0.44,3.7,0,0,0,False,False,0,WET,NORMAL,8,0,81,False,1,VERY_DARK,RAIN,8,81,True,False,0,SAFE,SAFE,SAFE,10,0,100,False,1,0,0,12,100,81,False,True,False,False,True,False
79.5,70.5,5731,3,12,2,15.0,85.0,10,90.0,6.63,False,0.44,3.72,0,0,0,False,False,0,WET,NORMAL,8,0,81,False,1,VERY_DARK,RAIN,8,81,True,False,0,SAFE,SAFE,SAFE,10,0,100,False,1,0,0,12,100,81,False,True,False,False,True,False
79.53,70.53,5735,3,12,2,15.0,85.0,10,90.0,6.62,False,0.4,4.02,0,10,0,False,False,0,WET,NORMAL,8,0,81,False,1,VERY_DARK,RAIN,8,81,True,False,0,SAFE,SAFE,SAFE,10,0,100,False,1,8,0,12,100,81,False,True,False,False,True,False
79.57,70.53,5734,3,12,2,15.0,85.0,10,90.0,6.6,False,0.35,4.53,0,10,0,False,False,0,WET,NORMAL,8,0,81,False,1,VERY_DARK,RAIN,8,81,True,False,0,SAFE,SAFE,SAFE,10,0,100,False,1,8,0,12,100,81,False,True,False,False,True,False
79.6,70.5,5732,3,12,2,15.0,85.0,10,90.0,6.59,False,0.3,5.32,0,10,0,False,False,0,WET,NORMAL,8,0,81,False,1,VERY_DARK,RAIN,8,81,True,False,0,SAFE,SAFE,SAFE,10,0,100,False,1,8,0,12,100,81,False,True,False,False,True,False
79.63,70.48,5730,3,12,2,15.0,85.0,10,90.0,6.58,False,0.25,6.43,0,10,0,False,False,0,WET,NORMAL,8,0,81,False,1,VERY_DARK,RAIN,8,81,True,False,0,SAFE,SAFE,SAFE,10,0,100,False,1,8,0,12,100,81,False,True,False,False,True,False
79.67,70.49,5731,3,12,2,15.0,85.0,10,90.0,6.58,False,0.2,7.77,0,10,0,False,False,0,WET,NORMAL,8,0,81,False,1,VERY_DARK,RAIN,8,81,True,False,0,SAFE,SAFE,SAFE,10,0,100,False,1,8,0,12,100,81,False,True,False,False,True,False
79.7,70.55,5736,3,12,2,15.0,85.0,10,90.0,6.57,False,0.17,9.0,0,10,0,False,False,0,WET,NORMAL,8,0,81,False,1,VERY_DARK,RAIN,8,81,True,False,0,SAFE,SAFE,SAFE,10,0,100,False,1,8,0,12,100,81,False,True,False,False,True,False
79.73,70.67,5745,3,12,2,15.0,85.0,10,90.0,6.56,False,0.16,9.86,0,10,0,False,False,0,WET,NORMAL,8,0,81,False,1,VERY_DARK,RAIN,8,81,True,False,0,SAFE,SAFE,SAFE,10,0,100,False,1,8,0,12,100,81,False,True,False,False,True,False
79.77,70.81,5757,3,12,2,15.0,85.0,10,90.0,6.56,False,0.15,10.17,0,10,0,False,False,0,WET,NORMAL,8,0,81,False,1,VERY_DARK,RAIN,8,81,True,False,0,SAFE,SAFE,SAFE,10,0,100,False,1,8,0,12,100,81,False,True,False,False,True,False
79.8,70.99,5772,3,12,2,15.0,85.0,10,90.0,6.55,False,0.16,9.95,0,10,0,False,False,0,WET,NORMAL,8,0,81,False,1,VERY_DARK,RAIN,8,81,True,False,0,SAFE,SAFE,SAFE,10,0,100,False,1,8,0,12,100,81,False,True,False,False,True,False
79.83,71.19,5788,3,12,2,15.0,85.0,10,90.0,6.55,False,0.17,9.34,0,10,0,False,False,0,WET,NORMAL,8,0,81,False,1,VERY_DARK,RAIN,8,81,True,False,0,SAFE,SAFE,SAFE,10,0,100,False,1,8,0,12,100,81,False,True,False,False,True,False
79.87,71.41,5806,3,12,2,15.0,85.0,10,90.0,6.54,False,0.18,8.55,0,10,0,False,False,0,WET,NORMAL,8,0,81,False,1,VERY_DARK,RAIN,8,81,True,False,0,SAFE,SAFE,SAFE,10,0,100,False,1,8,0,12,100,81,False,True,False,False,True,False
79.9,71.65,5825,3,12,2,15.0,85.0,10,90.0,6.54,False,0.2,7.7,0,10,0,False,False,0,WET,NORMAL,8,0,81,False,1,VERY_DARK,RAIN,8,81,True,False,0,SAFE,SAFE,SAFE,10,0,100,False,1,8,0,12,100,81,False,True,False,False,True,False
79.93,71.9,5846,3,12,2,15.0,85.0,10,90.0,6.53,False,0.22,6.9,0,10,0,False,False,0,WET,NORMAL,8,0,81,False,1,VERY_DARK,RAIN,8,81,True,False,0,SAFE,SAFE,SAFE,10,0,100,False,1,8,0,12,100,81,False,True,False,False,True,False
79.97,72.15,5866,3,12,2,15.0,85.0,10,90.0,6.52,False,0.25,6.18,0,10,0,False,False,0,WET,NORMAL,8,0,81,False,1,VERY_DARK,RAIN,8,81,True,False,0,SAFE,SAFE,SAFE,10,0,100,False,1,8,0,12,100,81,False,True,False,False,True,False
80.0,72.42,5888,3,12,2,15.0,85.0,10,90.0,999.0,True,0.25,20.0,0,10,0,False,False,0,WET,NORMAL,8,0,81,False,1,VERY_DARK,RAIN,8,81,True,False,0,SAFE,SAFE,SAFE,10,0,100,False,1,8,0,12,100,81,False,True,False,False,True,False
80.03,72.69,5909,3,12,2,15.0,85.0,10,90.0,999.0,True,0.25,20.0,0,10,0,False,False,0,WET,NORMAL,8,0,81,False,1,VERY_DARK,RAIN,8,81,True,False,0,SAFE,SAFE,SAFE,10,0,100,False,1,8,0,12,100,81,False,True,False,False,True,False
80.07,72.96,5932,3,12,2,15.0,85.0,10,90.0,999.0,True,0.25,20.0,0,10,0,False,False,0,WET,NORMAL,8,0,81,False,1,VERY_DARK,RAIN,8,81,True,False,0,SAFE,SAFE,SAFE,10,0,100,False,1,8,0,12,100,81,False,True,False,False,True,False
80.1,73.23,5954,3,12,2,15.0,85.0,10,90.0,999.0,True,0.25,20.0,0,10,0,False,False,0,WET,NORMAL,8,0,81,False,1,VERY_DARK,RAIN,8,81,True,False,0,SAFE,SAFE,SAFE,10,0,100,False,1,8,0,12,100,81,False,True,False,False,True,False
80.13,73.51,5976,3,12,2,15.0,85.0,10,90.0,999.0,True,0.25,20.0,0,10,0,False,False,0,WET,NORMAL,8,0,81,False,1,VERY_DARK,RAIN,8,81,True,False,0,SAFE,SAFE,SAFE,10,0,100,False,1,8,0,12,100,81,False,True,False,False,True,False
80.17,73.78,5999,3,12,2,15.0,85.0,10,90.0,999.0,True,0.25,20.0,0,10,0,False,False,0,WET,NORMAL,8,0,81,False,1,VERY_DARK,RAIN,8,81,True,False,0,SAFE,SAFE,SAFE,10,0,100,False,1,8,0,12,100,81,False,True,False,False,True,False
80.2,74.06,6022,3,12,2,15.0,85.0,10,90.0,999.0,True,0.25,20.0,0,10,0,False,False,0,WET,NORMAL,8,0,81,False,1,VERY_DARK,RAIN,8,81,True,False,0,SAFE,SAFE,SAFE,10,0,100,False,1,8,0,12,100,81,False,True,False,False,True,False
80.23,74.34,6044,3,12,2,15.0,85.0,10,90.0,999.0,True,0.25,20.0,0,10,0,False,False,0,WET,NORMAL,8,0,81,False,1,VERY_DARK,RAIN,8,81,True,False,0,SAFE,SAFE,SAFE,10,0,100,False,1,8,0,12,100,81,False,True,False,False,True,False
80.27,74.62,6067,3,12,2,15.0,85.0,10,90.0,999.0,True,0.25,20.0,0,10,0,False,False,0,WET,NORMAL,8,0,81,False,1,VERY_DARK,RAIN,8,81,True,False,0,SAFE,SAFE,SAFE,10,0,100,False,1,8,0,12,100,81,False,True,False,False,True,False
80.3,74.9,6090,3,12,2,15.0,85.0,10,90.0,999.0,True,0.25,20.0,0,10,0,False,False,0,WET,NORMAL,8,0,81,False,1,VERY_DARK,RAIN,8,81,True,False,0,SAFE,SAFE,SAFE,10,0,100,False,1,8,0,12,100,81,False,True,False,False,True,False
80.33,75.19,6113,3,12,2,15.0,85.0,10,90.0,999.0,True,0.25,20.0,0,10,0,False,False,0,WET,NORMAL,8,0,81,False,1,VERY_DARK,RAIN,8,81,True,False,0,SAFE,SAFE,SAFE,10,0,100,False,1,8,0,12,100,81,False,True,False,False,True,False
80.37,75.47,6136,3,12,2,15.0,85.0,10,90.0,999.0,True,0.25,20.0,0,10,0,False,False,0,WET,NORMAL,8,0,81,False,1,VERY_DARK,RAIN,8,81,True,False,0,SAFE,SAFE,SAFE,10,0,100,False,1,8,0,12,100,81,False,True,False,False,True,False
80.4,75.75,6159,3,12,2,15.0,85.0,10,90.0,999.0,True,0.25,20.0,0,10,0,False,False,0,WET,NORMAL,8,0,81,False,1,VERY_DARK,RAIN,8,81,True,False,0,SAFE,SAFE,SAFE,10,0,100,False,1,8,0,12,100,81,False,True,False,False,True,False
80.43,76.03,6182,3,12,2,15.0,85.0,10,90.0,999.0,True,0.25,20.0,0,10,0,False,False,0,WET,NORMAL,8,0,81,False,1,VERY_DARK,RAIN,8,81,True,False,0,SAFE,SAFE,SAFE,10,0,100,False,1,8,0,12,100,81,False,True,False,False,True,False
80.47,76.32,6205,3,12,2,15.0,85.0,10,90.0,999.0,True,0.25,20.0,0,10,0,False,False,0,WET,NORMAL,8,0,81,False,1,VERY_DARK,RAIN,8,81,True,False,0,SAFE,SAFE,SAFE,10,0,100,False,1,8,0,12,100,81,False,True,False,False,True,False
80.5,76.6,6228,3,12,2,15.0,85.0,10,90.0,999.0,True,0.25,20.0,0,10,0,False,False,0,WET,NORMAL,8,0,81,False,1,VERY_DARK,RAIN,8,81,True,False,0,SAFE,SAFE,SAFE,10,0,100,False,1,8,0,12,100,81,False,True,False,False,True,False
80.53,76.88,6251,3,12,2,15.0,85.0,10,90.0,999.0,True,0.25,20.0,0,10,0,False,False,0,WET,NORMAL,8,0,81,False,1,VERY_DARK,RAIN,8,81,True,False,0,SAFE,SAFE,SAFE,10,0,100,False,1,8,0,12,100,81,False,True,False,False,True,False
80.57,77.16,6274,3,12,2,15.0,85.0,10,90.0,999.0,True,0.25,20.0,0,10,0,False,False,0,WET,NORMAL,8,0,81,False,1,VERY_DARK,RAIN,8,81,True,False,0,SAFE,SAFE,SAFE,10,0,100,False,1,8,0,12,100,81,False,True,False,False,True,False
80.6,77.45,6297,3,12,2,15.0,85.0,10,90.0,999.0,True,0.25,20.0,0,10,0,False,False,0,WET,NORMAL,8,0,81,False,1,VERY_DARK,RAIN,8,81,True,False,0,SAFE,SAFE,SAFE,10,0,100,False,1,8,0,12,100,81,False,True,False,False,True,False
80.63,77.73,6320,3,12,2,15.0,85.0,10,90.0,999.0,True,0.25,20.0,0,10,0,False,False,0,WET,NORMAL,8,0,81,False,1,VERY_DARK,RAIN,8,81,True,False,0,SAFE,SAFE,SAFE,10,0,100,False,1,8,0,12,100,81,False,True,False,False,True,False
80.67,78.01,6343,3,12,2,15.0,85.0,10,90.0,999.0,True,0.25,20.0,0,10,0,False,False,0,WET,NORMAL,8,0,81,False,1,VERY_DARK,RAIN,8,81,True,False,0,SAFE,SAFE,SAFE,10,0,100,False,1,8,0,12,100,81,False,True,False,False,True,False
80.7,78.29,6366,3,12,2,15.0,85.0,10,90.0,999.0,True,0.25,20.0,0,10,0,False,False,0,WET,NORMAL,8,0,81,False,1,VERY_DARK,RAIN,8,81,True,False,0,SAFE,SAFE,SAFE,10,0,100,False,1,8,0,12,100,81,False,True,False,False,True,False
80.73,78.58,6389,3,12,2,15.0,85.0,10,90.0,999.0,True,0.25,20.0,0,10,0,False,False,0,WET,NORMAL,8,0,81,False,1,VERY_DARK,RAIN,8,81,True,False,0,SAFE,SAFE,SAFE,10,0,100,False,1,8,0,12,100,81,False,True,False,False,True,False
80.77,78.86,6412,3,12,2,15.0,85.0,10,90.0,999.0,True,0.25,20.0,0,10,0,False,False,0,WET,NORMAL,8,0,81,False,1,VERY_DARK,RAIN,8,81,True,False,0,SAFE,SAFE,SAFE,10,0,100,False,1,8,0,12,100,81,False,True,False,False,True,False
80.8,79.14,6435,3,12,2,15.0,85.0,10,90.0,999.0,True,0.25,20.0,0,10,0,False,False,0,WET,NORMAL,8,0,81,False,1,VERY_DARK,RAIN,8,81,True,False,0,SAFE,SAFE,SAFE,10,0,100,False,1,8,0,12,100,81,False,True,False,False,True,False
80.83,79.43,6458,3,12,2,15.0,85.0,10,90.0,999.0,True,0.25,20.0,0,10,0,False,False,0,WET,NORMAL,8,0,81,False,1,VERY_DARK,RAIN,8,81,True,False,0,SAFE,SAFE,SAFE,10,0,100,False,1,8,0,12,100,81,False,True,False,False,True,False
80.87,79.71,6481,3,12,2,15.0,85.0,10,90.0,999.0,True,0.25,20.0,0,10,0,False,False,0,WET,NORMAL,8,0,81,False,1,VERY_DARK,RAIN,8,81,True,False,0,SAFE,SAFE,SAFE,10,0,100,False,1,8,0,12,100,67.5170195623596,False,True,False,False,True,False
80.9,79.93,6499,3,12,2,15.0,85.0,10,90.0,999.0,True,0.25,20.0,0,10,0,False,False,0,WET,NORMAL,8,0,81,False,1,VERY_DARK,RAIN,8,81,True,False,0,SAFE,SAFE,SAFE,10,0,100,False,1,8,0,12,100,68.19462767346407,False,True,False,False,True,False
80.93,80.01,6505,4,12,2,15.0,85.0,10,90.0,999.0,True,0.25,20.0,0,10,0,False,False,0,WET,NORMAL,8,0,81,False,1,VERY_DARK,RAIN,8,81,True,False,0,SAFE,SAFE,SAFE,10,0,100,False,1,8,0,12,100,68.95912427093798,False,True,False,False,True,False
80.97,80.12,4535,4,12,2,15.0,85.0,10,90.0,999.0,True,0.25,20.0,0,10,0,False,False,0,WET,NORMAL,8,0,81,False,1,VERY_DARK,RAIN,8,81,True,False,0,SAFE,SAFE,SAFE,10,0,100,False,1,8,0,12,100,69.74542368427842,False,True,False,False,True,False
81.0,80.15,4537,4,12,2,15.0,85.0,10,90.0,999.0,True,0.25,20.0,0,10,0,False,False,0,WET,NORMAL,8,0,81,False,1,VERY_DARK,RAIN,8,81,True,False,0,SAFE,SAFE,SAFE,10,0,100,False,1,8,0,12,100,58.249675055666856,False,True,False,False,True,False
81.03,80.03,4530,4,12,2,15.0,85.0,10,90.0,999.0,True,0.25,20.0,0,10,0,False,False,0,WET,NORMAL,8,0,81,False,1,VERY_DARK,RAIN,8,81,True,False,0,SAFE,SAFE,SAFE,10,0,100,False,1,8,0,12,100,58.899997820599644,False,True,False,False,True,False
81.07,79.74,4513,4,12,2,15.0,85.0,10,90.0,999.0,True,0.25,20.0,0,10,0,False,False,0,WET,NORMAL,8,0,81,False,1,VERY_DARK,RAIN,8,81,True,False,0,SAFE,SAFE,SAFE,10,0,100,False,1,8,0,12,100,59.55872555227785,False,True,False,False,True,False
81.1,79.39,4493,4,12,2,15.0,85.0,10,90.0,999.0,True,0.25,20.0,0,10,0,False,False,0,WET,NORMAL,8,0,81,False,1,VERY_DARK,RAIN,8,81,True,False,0,SAFE,SAFE,SAFE,10,0,100,False,1,8,0,12,100,60.18513312671737,False,True,False,False,True,False
81.13,79.01,4472,4,12,2,15.0,85.0,10,90.0,999.0,True,0.25,20.0,0,10,0,False,False,0,WET,NORMAL,8,0,81,False,1,VERY_DARK,RAIN,8,81,True,False,0,SAFE,SAFE,SAFE,10,0,100,False,1,8,0,12,100,51.47845460670005,False,True,False,False,True,False
81.17,78.55,4446,4,12,2,15.0,85.0,10,90.0,999.0,True,0.25,20.0,0,10,0,False,False,0,WET,NORMAL,8,0,81,False,1,VERY_DARK,RAIN,8,81,True,False,0,SAFE,SAFE,SAFE,10,0,100,False,1,8,0,12,100,51.984025793346504,False,True,False,False,True,False
81.2,77.98,4414,4,12,2,15.0,85.0,10,90.0,999.0,True,0.25,20.0,0,10,0,False,False,0,WET,NORMAL,8,0,81,False,1,VERY_DARK,RAIN,8,81,True,False,0,SAFE,SAFE,SAFE,10,0,100,False,1,8,0,12,100,52.48769121264422,False,True,False,False,True,False
81.23,77.38,4380,4,12,2,15.0,85.0,10,90.0,999.0,True,0.25,20.0,0,10,0,False,False,0,WET,NORMAL,8,0,81,False,1,VERY_DARK,RAIN,8,81,True,False,0,SAFE,SAFE,CAUTION,7,0,80,False,1,7,0,12,80,52.954482450342844,False,True,False,False,True,False
81.27,76.86,4350,4,12,2,15.0,85.0,10,90.0,999.0,True,0.25,20.0,0,10,0,False,False,0,WET,NORMAL,8,0,81,False,1,VERY_DARK,RAIN,8,81,True,False,0,SAFE,SAFE,SAFE,10,0,100,False,1,8,0,12,100,46.164822032577426,False,True,False,False,True,False
81.3,76.36,4322,4,12,2,15.0,85.0,10,90.0,999.0,True,0.25,20.0,0,10,0,False,False,0,WET,NORMAL,8,0,81,False,1,VERY_DARK,RAIN,8,81,True,False,0,SAFE,SAFE,SAFE,10,0,100,False,1,8,0,12,100,46.56484269259307,False,True,False,False,True,False
81.33,75.76,4288,4,12,2,15.0,85.0,10,90.0,999.0,True,0.25,20.0,0,10,0,False,False,0,WET,NORMAL,8,0,81,False,1,VERY_DARK,RAIN,8,81,True,False,0,SAFE,SAFE,CAUTION,7,0,80,False,1,7,0,12,80,46.96951354026469,False,True,False,False,True,False
81.37,75.14,4253,4,12,2,15.0,85.0,10,90.0,999.0,True,0.25,20.0,0,10,0,False,False,0,WET,NORMAL,8,0,81,False,1,VERY_DARK,RAIN,8,81,True,False,0,SAFE,SAFE,CAUTION,7,0,80,False,1,7,0,12,80,47.346048438139526,False,True,False,False,True,False
81.4,74.53,4218,4,12,2,15.0,85.0,10,90.0,999.0,True,0.25,20.0,0,10,0,False,False,0,WET,NORMAL,8,0,81,False,1,VERY_DARK,RAIN,8,81,True,False,0,SAFE,SAFE,CAUTION,7,0,80,False,1,7,0,12,80,41.95205065075228,False,True,False,False,True,False
81.43,73.91,4183,4,12,2,15.0,85.0,10,90.0,999.0,True,0.25,20.0,0,10,0,False,False,0,WET,NORMAL,8,0,81,False,1,VERY_DARK,RAIN,8,81,True,False,0,SAFE,SAFE,CAUTION,7,0,80,False,1,7,0,12,80,42.27463003552178,False,True,False,False,True,False
81.47,73.29,4148,4,12,2,15.0,85.0,10,90.0,999.0,True,0.25,20.0,0,10,0,False,False,0,WET,NORMAL,8,0,81,False,1,VERY_DARK,RAIN,8,81,True,False,0,SAFE,SAFE,CAUTION,7,0,80,False,1,7,0,12,80,42.581162392867945,False,True,False,False,True,False
81.5,72.67,4113,4,12,2,15.0,85.0,10,90.0,999.0,True,0.25,20.0,0,10,0,False,False,0,WET,NORMAL,8,0,81,False,1,VERY_DARK,RAIN,8,81,True,False,0,SAFE,SAFE,CAUTION,7,0,80,False,1,7,0,12,80,42.86236927293168,False,True,False,False,True,False
81.53,72.05,4078,4,12,2,15.0,85.0,10,90.0,999.0,True,0.25,20.0,0,10,0,False,False,0,WET,NORMAL,8,0,81,False,1,VERY_DARK,RAIN,8,81,True,False,0,SAFE,SAFE,CAUTION,7,0,80,False,1,7,0,12,80,38.48687480504708,False,True,False,False,True,False
81.57,71.43,4043,4,12,2,15.0,85.0,10,90.0,999.0,True,0.25,20.0,0,10,0,False,False,0,WET,NORMAL,8,0,81,False,1,VERY_DARK,RAIN,8,81,True,False,0,SAFE,SAFE,CAUTION,7,0,80,False,1,7,0,12,80,38.762627273547224,False,True,False,False,True,False
81.6,70.81,4008,4,12,2,15.0,85.0,10,90.0,999.0,True,0.25,20.0,0,10,0,False,False,0,WET,NORMAL,8,0,81,False,1,VERY_DARK,RAIN,8,81,True,False,0,SAFE,SAFE,CAUTION,7,0,80,False,1,7,0,12,80,39.03435002358341,False,True,False,False,True,False
81.63,70.2,3973,4,12,2,15.0,85.0,10,90.0,999.0,True,0.25,20.0,0,10,0,False,False,0,WET,NORMAL,8,0,81,False,1,VERY_DARK,RAIN,8,81,True,False,0,SAFE,SAFE,CAUTION,7,0,80,False,1,7,0,12,80,39.29171594095835,False,True,False,False,True,False
81.67,69.58,3938,4,12,2,15.0,85.0,10,90.0,999.0,True,0.25,20.0,0,10,0,False,False,0,WET,NORMAL,8,0,81,False,1,VERY_DARK,RAIN,8,81,True,False,0,SAFE,SAFE,CAUTION,7,0,80,False,1,7,0,12,80,35.72226645489754,False,True,False,False,True,False
81.7,68.96,3903,4,12,2,15.0,85.0,10,90.0,999.0,True,0.25,20.0,0,10,0,False,False,0,WET,NORMAL,8,0,81,False,1,VERY_DARK,RAIN,8,81,True,False,0,SAFE,SAFE,CAUTION,7,0,80,False,1,7,0,12,80,35.97976579245283,False,True,False,False,True,False
81.73,68.35,3869,4,12,2,15.0,85.0,10,90.0,999.0,True,0.25,20.0,0,10,0,False,False,0,WET,NORMAL,8,0,81,False,1,VERY_DARK,RAIN,8,81,True,False,0,SAFE,SAFE,CAUTION,7,0,80,False,1,7,0,12,80,36.227153597099424,False,True,False,False,True,False
81.77,67.73,3834,4,12,2,15.0,85.0,10,90.0,999.0,True,0.25,20.0,0,10,0,False,False,0,WET,NORMAL,8,0,81,False,1,VERY_DARK,RAIN,8,81,True,False,0,SAFE,SAFE,CAUTION,7,0,80,False,1,7,0,12,80,36.46378745388146,False,True,False,False,True,False
81.8,67.12,3799,4,12,2,15.0,85.0,10,90.0,999.0,True,0.25,20.0,0,10,0,False,False,0,WET,NORMAL,8,0,81,False,1,VERY_DARK,RAIN,8,81,True,False,0,SAFE,SAFE,CAUTION,7,0,80,False,1,7,0,12,80,36.68066096673949,False,True,False,False,True,False
81.83,66.5,3764,4,12,2,15.0,85.0,10,90.0,999.0,True,0.25,20.0,0,10,0,False,False,0,WET,NORMAL,8,0,81,False,1,VERY_DARK,RAIN,8,81,True,False,0,SAFE,SAFE,CAUTION,7,0,80,False,1,7,0,12,80,33.7662277293754,False,True,False,False,True,False
81.87,65.89,3729,4,12,2,15.0,85.0,10,90.0,999.0,True,0.25,20.0,0,10,0,False,False,0,WET,NORMAL,8,0,81,False,1,VERY_DARK,RAIN,8,81,True,False,0,SAFE,SAFE,CAUTION,7,0,80,False,1,7,0,12,80,34.021840001218706,False,True,False,False,True,False
81.9,65.28,3695,4,12,2,15.0,85.0,10,90.0,999.0,True,0.25,20.0,0,10,0,False,False,0,WET,NORMAL,8,0,81,False,1,VERY_DARK,RAIN,8,81,True,False,0,SAFE,SAFE,CAUTION,7,0,80,False,1,7,0,12,80,34.273194212369454,False,True,False,False,True,False
81.93,64.66,3660,4,12,2,15.0,85.0,10,90.0,999.0,True,0.25,20.0,0,10,0,False,False,0,WET,NORMAL,8,0,81,False,1,VERY_DARK,RAIN,8,81,True,False,0,SAFE,SAFE,CAUTION,7,0,80,False,1,7,0,12,80,34.51080180374772,False,True,False,False,True,False
81.97,64.05,3625,4,12,2,15.0,85.0,10,90.0,999.0,True,0.25,20.0,0,10,0,False,False,0,WET,NORMAL,8,0,81,False,1,VERY_DARK,RAIN,8,81,True,False,0,SAFE,SAFE,CAUTION,7,0,80,False,1,7,0,12,80,34.72639421116246,False,True,False,False,True,False
82.0,63.44,3591,4,12,2,15.0,85.0,10,90.0,999.0,True,0.25,20.0,0,10,0,False,False,0,WET,NORMAL,8,0,81,False,1,VERY_DARK,RAIN,8,81,True,False,0,SAFE,SAFE,CAUTION,7,0,80,False,1,7,0,12,80,32.39576884663046,False,True,False,False,True,False
82.03,62.83,3556,4,12,2,15.0,85.0,10,90.0,999.0,True,0.25,20.0,0,10,0,False,False,0,WET,NORMAL,8,0,81,False,1,VERY_DARK,RAIN,8,81,True,False,0,SAFE,SAFE,CAUTION,7,0,80,False,1,7,0,12,80,32.660839561664574,False,True,False,False,True,False
82.07,62.22,3522,4,12,2,15.0,85.0,10,90.0,999.0,True,0.25,20.0,0,10,0,False,False,0,WET,NORMAL,8,0,81,False,1,VERY_DARK,RAIN,8,81,True,False,0,SAFE,SAFE,CAUTION,7,0,80,False,1,7,0,12,80,32.9181355493323,False,True,False,False,True,False
82.1,61.61,3487,4,12,2,15.0,85.0,10,90.0,999.0,True,0.25,20.0,0,10,0,False,False,0,WET,NORMAL,8,0,81,False,1,VERY_DARK,RAIN,8,81,True,False,0,SAFE,SAFE,CAUTION,7,0,80,False,1,7,0,12,80,33.15858336485682,False,True,False,False,True,False
82.13,61.0,3453,4,12,2,15.0,85.0,10,90.0,999.0,True,0.25,20.0,0,10,0,False,False,0,WET,NORMAL,8,0,81,False,1,VERY_DARK,RAIN,8,81,True,False,0,SAFE,SAFE,CAUTION,7,0,80,False,1,7,0,12,80,33.37437423283798,False,True,False,False,True,False
82.17,60.39,3418,4,12,2,15.0,85.0,10,90.0,999.0,True,0.25,20.0,0,10,0,False,False,0,WET,NORMAL,8,0,81,False,1,VERY_DARK,RAIN,8,81,True,False,0,SAFE,SAFE,CAUTION,7,0,80,False,1,7,0,12,80,31.58927947455549,False,True,False,False,True,False
82.2,59.78,3384,4,12,2,15.0,85.0,10,90.0,999.0,True,0.25,20.0,0,10,0,False,False,0,WET,NORMAL,8,0,81,False,1,VERY_DARK,RAIN,8,81,True,False,0,SAFE,SAFE,CAUTION,7,0,80,False,1,7,0,12,80,31.888955055326566,False,True,False,False,True,False
82.23,59.18,3349,4,12,2,15.0,85.0,10,90.0,999.0,True,0.25,20.0,0,10,0,False,False,0,WET,NORMAL,8,0,81,False,1,VERY_DARK,RAIN,8,81,True,False,0,SAFE,SAFE,CAUTION,7,0,80,False,1,7,0,12,80,32.17846731539261,False,True,False,False,True,False
82.27,58.57,3315,4,12,2,15.0,85.0,10,90.0,999.0,True,0.25,20.0,0,10,0,False,False,0,WET,NORMAL,8,0,81,False,1,VERY_DARK,RAIN,8,81,True,False,0,SAFE,SAFE,CAUTION,7,0,80,False,1,7,0,12,80,32.44909286177026,False,True,False,False,True,False
82.3,57.97,3281,4,12,2,15.0,85.0,10,90.0,999.0,True,0.25,20.0,0,10,0,False,False,0,WET,NORMAL,8,0,81,False,1,VERY_DARK,RAIN,8,81,True,False,0,SAFE,SAFE,CAUTION,7,0,80,False,1,7,0,12,80,32.69318473155886,False,True,False,False,True,False
82.33,57.36,3247,4,12,2,15.0,85.0,10,90.0,999.0,True,0.25,20.0,0,10,0,False,False,0,WET,NORMAL,8,0,81,False,1,VERY_DARK,RAIN,8,81,True,False,0,SAFE,SAFE,CAUTION,7,0,80,False,1,7,0,12,80,31.44849974954579,False,True,False,False,True,False
82.37,56.76,3213,4,12,2,15.0,85.0,10,90.0,999.0,True,0.25,20.0,0,10,0,False,False,0,WET,NORMAL,8,0,81,False,1,VERY_DARK,RAIN,8,81,True,False,0,SAFE,SAFE,CAUTION,7,0,80,False,1,7,0,12,80,31.80805696014501,False,True,False,False,True,False
82.4,56.26,3184,4,12,2,15.0,85.0,10,90.0,999.0,True,0.25,20.0,0,10,0,False,False,0,WET,NORMAL,8,0,81,False,1,VERY_DARK,RAIN,8,81,True,False,0,SAFE,SAFE,SAFE,10,0,100,False,1,8,0,12,100,32.155614916382106,False,True,False,False,True,False
82.43,55.82,3160,4,12,2,15.0,85.0,10,90.0,999.0,True,0.25,20.0,0,10,0,False,False,0,WET,NORMAL,8,0,81,False,1,VERY_DARK,RAIN,8,81,True,False,0,SAFE,SAFE,SAFE,10,0,100,False,1,8,0,12,100,32.51765814739646,False,True,False,False,True,False
82.47,55.39,3135,4,12,2,15.0,85.0,10,90.0,999.0,True,0.25,20.0,0,10,0,False,False,0,WET,NORMAL,8,0,81,False,1,VERY_DARK,RAIN,8,81,True,False,0,SAFE,SAFE,SAFE,10,0,100,False,1,8,0,12,100,32.90304023505744,False,True,False,False,True,False
82.5,54.96,3111,4,12,2,15.0,85.0,10,90.0,999.0,True,0.25,20.0,0,10,0,False,False,0,WET,NORMAL,8,0,81,False,1,VERY_DARK,RAIN,8,81,True,False,0,SAFE,SAFE,SAFE,10,0,100,False,1,8,0,12,100,32.39276841348757,False,True,False,False,True,False
82.53,54.54,3087,4,12,2,15.0,85.0,10,90.0,999.0,True,0.25,20.0,0,10,0,False,False,0,WET,NORMAL,8,0,81,False,1,VERY_DARK,RAIN,8,81,True,False,0,SAFE,SAFE,SAFE,10,0,100,False,1,8,0,12,100,33.0300320921768,False,True,False,False,True,False
82.57,54.11,3063,4,12,2,15.0,85.0,10,90.0,999.0,True,0.25,20.0,0,10,0,False,False,0,WET,NORMAL,8,0,81,False,1,VERY_DARK,RAIN,8,81,True,False,0,SAFE,SAFE,SAFE,10,0,100,False,1,8,0,12,100,33.686276765976736,False,True,False,False,True,False
82.6,53.69,3039,4,12,2,15.0,85.0,10,90.0,999.0,True,0.25,20.0,0,10,0,False,False,0,WET,NORMAL,8,0,81,False,1,VERY_DARK,RAIN,8,81,True,False,0,SAFE,SAFE,SAFE,10,0,100,False,1,8,0,12,100,34.34324183760143,False,True,False,False,True,False
82.63,53.27,3015,4,12,2,15.0,85.0,10,90.0,999.0,True,0.25,20.0,0,10,0,False,False,0,WET,NORMAL,8,0,81,False,1,VERY_DARK,RAIN,8,81,True,False,0,SAFE,SAFE,SAFE,10,0,100,False,1,8,0,12,100,34.983933850401954,False,True,False,False,True,False
82.67,52.85,2991,3,12,2,15.0,85.0,10,90.0,999.0,True,0.25,20.0,0,10,0,False,False,0,WET,NORMAL,8,0,81,False,1,VERY_DARK,RAIN,8,81,True,False,0,SAFE,SAFE,SAFE,10,0,100,False,1,8,0,12,100,35.59248186005658,True,True,False,False,True,False
82.7,52.23,4246,3,12,2,15.0,85.0,10,90.0,999.0,True,0.25,20.0,0,10,0,False,False,0,WET,NORMAL,8,0,81,False,1,VERY_DARK,RAIN,8,81,True,False,0,SAFE,SAFE,CAUTION,7,0,80,False,1,7,0,12,80,36.62986726253969,False,True,False,False,True,False
82.73,51.63,4197,3,12,2,15.0,85.0,10,90.0,999.0,True,0.25,20.0,0,10,0,False,False,0,WET,NORMAL,8,0,81,False,1,VERY_DARK,RAIN,8,81,True,False,0,SAFE,SAFE,CAUTION,7,0,80,False,1,7,0,12,80,37.52986047597485,False,True,False,False,True,False
82.77,51.16,4160,3,12,2,15.0,85.0,10,90.0,999.0,True,0.25,20.0,0,10,0,False,False,0,WET,NORMAL,8,0,81,False,1,VERY_DARK,RAIN,8,81,True,False,0,SAFE,SAFE,SAFE,10,0,100,False,1,8,0,12,100,38.3607544357225,False,True,False,False,True,False
82.8,50.79,4129,3,12,2,15.0,85.0,10,90.0,999.0,True,0.25,20.0,0,10,0,False,False,0,WET,NORMAL,8,0,81,False,1,VERY_DARK,RAIN,8,81,True,False,0,SAFE,SAFE,SAFE,10,0,100,False,1,8,0,12,100,39.158651622907485,False,True,False,False,True,False
82.83,50.45,4101,3,12,2,15.0,85.0,10,90.0,999.0,True,0.25,20.0,0,10,0,False,False,0,WET,NORMAL,8,0,81,False,1,VERY_DARK,RAIN,8,81,True,False,0,SAFE,SAFE,SAFE,10,0,100,False,1,8,0,12,100,39.94690703029767,False,True,False,False,True,False
82.87,50.11,4074,3,12,2,15.0,85.0,10,90.0,999.0,True,0.25,20.0,0,10,0,False,False,0,WET,NORMAL,8,0,81,False,1,VERY_DARK,RAIN,8,81,True,False,0,SAFE,SAFE,SAFE,10,0,100,False,1,8,0,12,100,40.70472336091505,False,True,False,False,True,False
82.9,49.8,4048,3,12,2,15.0,85.0,10,90.0,999.0,True,0.25,20.0,0,10,0,False,False,0,WET,NORMAL,8,0,81,False,1,VERY_DARK,RAIN,8,81,True,False,0,SAFE,SAFE,SAFE,10,0,100,False,1,8,0,12,100,44.81095319690574,False,True,False,False,True,False
82.93,49.58,4030,3,12,2,15.0,85.0,10,90.0,999.0,True,0.25,20.0,0,10,0,False,False,0,WET,NORMAL,8,0,81,False,1,VERY_DARK,RAIN,8,81,True,False,0,SAFE,SAFE,SAFE,10,0,100,False,1,8,0,12,100,46.369817576076834,False,True,False,False,True,False
82.97,49.41,4017,3,12,2,15.0,85.0,10,90.0,999.0,True,0.25,20.0,0,10,0,False,False,0,WET,NORMAL,8,0,81,False,1,VERY_DARK,RAIN,8,81,True,False,0,SAFE,SAFE,SAFE,10,0,100,False,1,8,0,12,100,47.94674907213417,False,True,False,False,True,False
83.0,49.24,4003,3,12,2,15.0,85.0,10,90.0,999.0,True,0.25,20.0,0,10,0,False,False,0,WET,NORMAL,8,0,81,False,1,VERY_DARK,RAIN,8,81,True,False,0,SAFE,SAFE,SAFE,10,0,100,False,1,8,0,12,100,49.5011255621026,False,True,False,False,True,False
83.03,49.09,3991,3,12,2,15.0,85.0,10,90.0,999.0,True,0.25,20.0,0,10,0,False,False,0,WET,NORMAL,8,0,81,False,1,VERY_DARK,RAIN,8,81,True,False,0,SAFE,SAFE,SAFE,10,0,100,False,1,8,0,12,100,50.981274786720434,False,True,False,False,True,False
83.07,48.96,3980,3,12,2,15.0,85.0,10,90.0,999.0,True,0.25,20.0,0,10,0,False,False,0,WET,NORMAL,8,0,81,False,1,VERY_DARK,RAIN,8,81,True,False,0,SAFE,SAFE,SAFE,10,0,100,False,1,8,0,12,100,52.37366696530797,False,True,False,False,True,False
83.1,48.86,3972,3,12,2,15.0,85.0,10,90.0,999.0,True,0.25,20.0,0,10,0,False,False,0,WET,NORMAL,8,0,81,False,1,VERY_DARK,RAIN,8,81,True,False,0,SAFE,SAFE,SAFE,10,0,100,False,1,8,0,12,100,57.37366696530797,False,True,False,False,True,False
83.13,48.81,3968,3,12,2,15.0,85.0,10,90.0,999.0,True,0.25,20.0,0,10,0,False,False,0,WET,NORMAL,8,0,81,False,1,VERY_DARK,RAIN,8,81,True,False,0,SAFE,SAFE,SAFE,10,0,100,False,1,8,0,12,100,62.37366696530797,False,True,False,False,True,False
83.17,48.81,3968,3,12,2,15.0,85.0,10,90.0,999.0,True,0.25,20.0,0,10,0,False,False,0,WET,NORMAL,8,0,81,False,1,VERY_DARK,RAIN,8,81,True,False,0,SAFE,SAFE,SAFE,10,0,100,False,1,8,0,12,100,67.37366696530796,False,True,False,False,True,False
83.2,48.86,3972,3,12,2,15.0,85.0,10,90.0,999.0,True,0.25,20.0,0,10,0,False,False,0,WET,NORMAL,8,0,81,False,1,VERY_DARK,RAIN,8,81,True,False,0,SAFE,SAFE,SAFE,10,0,100,False,1,8,0,12,100,72.37366696530796,False,True,False,False,True,False
83.23,48.94,3978,3,12,2,15.0,85.0,10,90.0,999.0,True,0.25,20.0,0,10,0,False,False,0,WET,NORMAL,8,0,81,False,1,VERY_DARK,RAIN,8,81,True,False,0,SAFE,SAFE,SAFE,10,0,100,False,1,8,0,12,100,77.37366696530796,False,True,False,False,True,False
83.27,49.04,3987,3,12,2,15.0,85.0,10,90.0,999.0,True,0.25,20.0,0,10,0,False,False,0,WET,NORMAL,8,0,81,False,1,VERY_DARK,RAIN,8,81,True,False,0,SAFE,SAFE,SAFE,10,0,100,False,1,8,0,12,100,81,False,True,False,False,True,False
83.3,49.17,3997,3,12,2,15.0,85.0,10,90.0,999.0,True,0.25,20.0,0,10,0,False,False,0,WET,NORMAL,8,0,81,False,1,VERY_DARK,RAIN,8,81,True,False,0,SAFE,SAFE,SAFE,10,0,100,False,1,8,0,12,100,81,False,True,False,False,True,False
83.33,49.31,4009,3,12,2,15.0,85.0,10,90.0,999.0,True,0.25,20.0,0,10,0,False,False,0,WET,NORMAL,8,0,81,False,1,VERY_DARK,RAIN,8,81,True,False,0,SAFE,SAFE,SAFE,10,0,100,False,1,8,0,12,100,81,False,True,False,False,True,False
83.37,49.47,4022,3,12,2,15.0,85.0,10,90.0,999.0,True,0.25,20.0,0,10,0,False,False,0,WET,NORMAL,8,0,81,False,1,VERY_DARK,RAIN,8,81,True,False,0,SAFE,SAFE,SAFE,10,0,100,False,1,8,0,12,100,81,False,True,False,False,True,False
83.4,49.63,4035,3,12,2,15.0,85.0,10,90.0,999.0,True,0.25,20.0,0,10,0,False,False,0,WET,NORMAL,8,0,81,False,1,VERY_DARK,RAIN,8,81,True,False,0,SAFE,SAFE,SAFE,10,0,100,False,1,8,0,12,100,81,False,True,False,False,True,False
83.43,49.81,4050,3,12,2,15.0,85.0,10,90.0,999.0,True,0.25,20.0,0,10,0,False,False,0,WET,NORMAL,8,0,81,False,1,VERY_DARK,RAIN,8,81,True,False,0,SAFE,SAFE,SAFE,10,0,100,False,1,8,0,12,100,81,False,True,False,False,True,False
83.47,49.99,4064,3,12,2,15.0,85.0,10,90.0,999.0,True,0.25,20.0,0,10,0,False,False,0,WET,NORMAL,8,0,81,False,1,VERY_DARK,RAIN,8,81,True,False,0,SAFE,SAFE,SAFE,10,0,100,False,1,8,0,12,100,81,False,True,False,False,True,False
83.5,50.18,4080,3,12,2,15.0,85.0,10,90.0,999.0,True,0.25,20.0,0,10,0,False,False,0,WET,NORMAL,8,0,81,False,1,VERY_DARK,RAIN,8,81,True,False,0,SAFE,SAFE,SAFE,10,0,100,False,1,8,0,12,100,81,False,True,False,False,True,False
83.53,50.37,4095,3,12,2,15.0,85.0,10,90.0,999.0,True,0.25,20.0,0,10,0,False,False,0,WET,NORMAL,8,0,81,False,1,VERY_DARK,RAIN,8,81,True,False,0,SAFE,SAFE,SAFE,10,0,100,False,1,8,0,12,100,81,False,True,False,False,True,False
83.57,50.57,4111,3,12,2,15.0,85.0,10,90.0,999.0,True,0.25,20.0,0,10,0,False,False,0,WET,NORMAL,8,0,81,False,1,VERY_DARK,RAIN,8,81,True,False,0,SAFE,SAFE,SAFE,10,0,100,False,1,8,0,12,100,81,False,True,False,False,True,False
83.6,50.77,4128,3,12,2,15.0,85.0,10,90.0,999.0,True,0.25,20.0,0,10,0,False,False,0,WET,NORMAL,8,0,81,False,1,VERY_DARK,RAIN,8,81,True,False,0,SAFE,SAFE,SAFE,10,0,100,False,1,8,0,12,100,81,False,True,False,False,True,False
83.63,50.97,4144,3,12,2,15.0,85.0,10,90.0,999.0,True,0.25,20.0,0,10,0,False,False,0,WET,NORMAL,8,0,81,False,1,VERY_DARK,RAIN,8,81,True,False,0,SAFE,SAFE,SAFE,10,0,100,False,1,8,0,12,100,81,False,True,False,False,True,False
83.67,51.18,4161,3,12,2,15.0,85.0,10,90.0,999.0,True,0.25,20.0,0,10,0,False,False,0,WET,NORMAL,8,0,81,False,1,VERY_DARK,RAIN,8,81,True,False,0,SAFE,SAFE,SAFE,10,0,100,False,1,8,0,12,100,81,False,True,False,False,True,False
83.7,51.38,4177,3,12,2,15.0,85.0,10,90.0,117.02,False,7.03,15.93,0,10,0,False,False,0,WET,NORMAL,8,0,81,False,1,VERY_DARK,RAIN,8,81,True,False,0,SAFE,SAFE,SAFE,10,0,100,False,1,8,0,12,100,81,False,True,False,False,True,False
83.73,51.59,4194,3,12,2,15.0,85.0,10,90.0,116.8,False,7.06,15.84,0,10,0,False,False,0,WET,NORMAL,8,0,81,False,1,VERY_DARK,RAIN,8,81,True,False,0,SAFE,SAFE,SAFE,10,0,100,False,1,8,0,12,100,79.57101439320515,False,True,False,False,True,False
83.77,51.8,4211,3,12,2,15.0,85.0,10,90.0,116.59,False,7.1,15.72,0,10,0,False,False,0,WET,NORMAL,8,0,81,False,1,VERY_DARK,RAIN,8,81,True,False,0,SAFE,SAFE,SAFE,10,0,100,False,1,8,0,12,100,81,False,True,False,False,True,False
83.8,52.01,4229,3,12,2,15.0,85.0,10,90.0,116.37,False,7.15,15.57,0,10,0,False,False,0,WET,NORMAL,8,0,81,False,1,VERY_DARK,RAIN,8,81,True,False,0,SAFE,SAFE,SAFE,10,0,100,False,1,8,0,12,100,81,False,True,False,False,True,False
83.83,52.22,4246,3,12,2,15.0,85.0,10,90.0,116.15,False,7.21,15.41,0,10,0,False,False,0,WET,NORMAL,8,0,81,False,1,VERY_DARK,RAIN,8,81,True,False,0,SAFE,SAFE,SAFE,10,0,100,False,1,8,0,12,100,81,False,True,False,False,True,False
83.87,52.44,4263,3,12,2,15.0,85.0,10,90.0,115.93,False,7.29,15.22,0,10,0,False,False,0,WET,NORMAL,8,0,81,False,1,VERY_DARK,RAIN,8,81,True,False,0,SAFE,SAFE,SAFE,10,0,100,False,1,8,0,12,100,81,False,True,False,False,True,False
83.9,52.65,4281,3,12,2,15.0,85.0,10,90.0,115.71,False,7.37,15.03,0,10,0,False,False,0,WET,NORMAL,8,0,81,False,1,VERY_DARK,RAIN,8,81,True,False,0,SAFE,SAFE,SAFE,10,0,100,False,1,8,0,12,100,81,False,True,False,False,True,False
83.93,52.87,4298,3,12,2,15.0,85.0,10,90.0,115.19,False,7.45,14.79,0,10,0,False,False,0,WET,NORMAL,8,0,81,False,1,VERY_DARK,RAIN,8,81,True,False,0,SAFE,SAFE,SAFE,10,0,100,False,1,8,0,12,100,81,False,True,False,False,True,False
83.97,53.09,4316,3,12,2,15.0,85.0,10,90.0,114.96,False,7.53,14.59,0,10,0,False,False,0,WET,NORMAL,8,0,81,False,1,VERY_DARK,RAIN,8,81,True,False,0,SAFE,SAFE,SAFE,10,0,100,False,1,8,0,12,100,81,False,True,False,False,True,False
84.0,53.3,4334,3,12,2,15.0,85.0,10,90.0,114.73,False,7.62,14.41,0,10,0,False,False,0,WET,NORMAL,8,0,81,False,1,VERY_DARK,RAIN,8,81,True,False,0,SAFE,SAFE,SAFE,10,0,100,False,1,8,0,12,100,81,False,True,False,False,True,False
84.03,53.52,4351,3,12,2,15.0,85.0,10,90.0,114.5,False,7.7,14.23,0,10,0,False,False,0,WET,NORMAL,8,0,81,False,1,VERY_DARK,RAIN,8,81,True,False,0,SAFE,SAFE,SAFE,10,0,100,False,1,8,0,12,100,81,False,True,False,False,True,False
84.07,53.74,4369,3,12,2,15.0,85.0,10,90.0,114.26,False,7.77,14.07,0,10,0,False,False,0,WET,NORMAL,8,0,81,False,1,VERY_DARK,RAIN,8,81,True,False,0,SAFE,SAFE,SAFE,10,0,100,False,1,8,0,12,100,81,False,True,False,False,True,False
84.1,53.96,4387,3,12,2,15.0,85.0,10,90.0,114.02,False,7.84,13.91,0,10,0,False,False,0,WET,NORMAL,8,0,81,False,1,VERY_DARK,RAIN,8,81,True,False,0,SAFE,SAFE,SAFE,10,0,100,False,1,8,0,12,100,81,False,True,False,False,True,False
84.13,54.19,4405,3,12,2,15.0,85.0,10,90.0,113.78,False,7.9,13.77,0,10,0,False,False,0,WET,NORMAL,8,0,81,False,1,VERY_DARK,RAIN,8,81,True,False,0,SAFE,SAFE,SAFE,10,0,100,False,1,8,0,12,100,81,False,True,False,False,True,False
84.17,54.41,4423,3,12,2,15.0,85.0,10,90.0,113.54,False,7.95,13.65,0,10,0,False,False,0,WET,NORMAL,8,0,81,False,1,VERY_DARK,RAIN,8,81,True,False,0,SAFE,SAFE,SAFE,10,0,100,False,1,8,0,12,100,81,False,True,False,False,True,False
84.2,54.63,4442,3,12,2,15.0,85.0,10,90.0,113.16,False,8.01,13.51,0,10,0,False,False,0,WET,NORMAL,8,0,81,False,1,VERY_DARK,RAIN,8,81,True,False,0,SAFE,SAFE,SAFE,10,0,100,False,1,8,0,12,100,81,False,True,False,False,True,False
84.23,54.86,4460,3,12,2,15.0,85.0,10,90.0,112.72,False,8.06,13.37,0,10,0,False,False,0,WET,NORMAL,8,0,81,False,1,VERY_DARK,RAIN,8,81,True,False,0,SAFE,SAFE,SAFE,10,0,100,False,1,8,0,12,100,81,False,True,False,False,True,False
84.27,55.08,4478,3,12,2,15.0,85.0,10,90.0,112.47,False,8.1,13.26,0,10,0,False,False,0,WET,NORMAL,8,0,81,False,1,VERY_DARK,RAIN,8,81,True,False,0,SAFE,SAFE,SAFE,10,0,100,False,1,8,0,12,100,81,False,True,False,False,True,False
84.3,55.31,4497,3,12,2,15.0,85.0,10,90.0,112.22,False,8.15,13.15,0,10,0,False,False,0,WET,NORMAL,8,0,81,False,1,VERY_DARK,RAIN,8,81,True,False,0,SAFE,SAFE,SAFE,10,0,100,False,1,8,0,12,100,81,False,True,False,False,True,False
84.33,55.54,4515,3,12,2,15.0,85.0,10,90.0,111.97,False,8.21,13.03,0,10,0,False,False,0,WET,NORMAL,8,0,81,False,1,VERY_DARK,RAIN,8,81,True,False,0,SAFE,SAFE,SAFE,10,0,100,False,1,8,0,12,100,81,False,True,False,False,True,False
84.37,55.77,4534,3,12,2,15.0,85.0,10,90.0,111.72,False,8.26,12.91,0,10,0,False,False,0,WET,NORMAL,8,0,81,False,1,VERY_DARK,RAIN,8,81,True,False,0,SAFE,SAFE,SAFE,10,0,100,False,1,8,0,12,100,81,False,True,False,False,True,False
84.4,56.0,4552,3,12,2,15.0,85.0,10,90.0,111.47,False,8.32,12.79,0,10,0,False,False,0,WET,NORMAL,8,0,81,False,1,VERY_DARK,RAIN,8,81,True,False,0,SAFE,SAFE,SAFE,10,0,100,False,1,8,0,12,100,81,False,True,False,False,True,False
84.43,56.23,4571,3,12,2,15.0,85.0,10,90.0,111.21,False,8.39,12.66,0,10,0,False,False,0,WET,NORMAL,8,0,81,False,1,VERY_DARK,RAIN,8,81,True,False,0,SAFE,SAFE,SAFE,10,0,100,False,1,8,0,12,100,81,False,True,False,False,True,False
84.47,56.46,4590,3,12,2,15.0,85.0,10,90.0,110.95,False,8.45,12.53,0,10,0,False,False,0,WET,NORMAL,8,0,81,False,1,VERY_DARK,RAIN,8,81,True,False,0,SAFE,SAFE,SAFE,10,0,100,False,1,8,0,12,100,81,False,True,False,False,True,False
84.5,56.69,4609,3,12,2,15.0,85.0,10,90.0,110.69,False,8.52,12.4,0,10,0,False,False,0,WET,NORMAL,8,0,81,False,1,VERY_DARK,RAIN,8,81,True,False,0,SAFE,SAFE,SAFE,10,0,100,False,1,8,0,12,100,70.06891182187886,False,True,False,False,True,False
84.53,56.92,4628,3,12,2,15.0,85.0,10,90.0,110.3,False,8.59,12.25,0,10,0,False,False,0,WET,NORMAL,8,0,81,False,1,VERY_DARK,RAIN,8,81,True,False,0,SAFE,SAFE,SAFE,10,0,100,False,1,8,0,12,100,70.4825469459229,False,True,False,False,True,False
84.57,57.15,4647,3,12,2,15.0,85.0,10,90.0,110.03,False,8.67,12.12,0,10,0,False,False,0,WET,NORMAL,8,0,81,False,1,VERY_DARK,RAIN,8,81,True,False,0,SAFE,SAFE,SAFE,10,0,100,False,1,8,0,12,100,71.33477616395842,False,True,False,False,True,False
84.6,57.39,4666,3,12,2,15.0,85.0,10,90.0,109.76,False,8.74,11.99,0,10,0,False,False,0,WET,NORMAL,8,0,81,False,1,VERY_DARK,RAIN,8,81,True,False,0,SAFE,SAFE,SAFE,10,0,100,False,1,8,0,12,100,72.4908620672006,False,True,False,False,True,False
84.63,57.63,4685,3,12,2,15.0,85.0,10,90.0,109.49,False,8.81,11.86,0,10,0,False,False,0,WET,NORMAL,8,0,81,False,1,VERY_DARK,RAIN,8,81,True,False,0,SAFE,SAFE,SAFE,10,0,100,False,1,8,0,12,100,73.84673190067448,False,True,False,False,True,False
84.67,57.86,4704,3,12,2,15.0,85.0,10,90.0,108.93,False,8.88,11.7,0,10,0,False,False,0,WET,NORMAL,8,0,81,False,1,VERY_DARK,RAIN,8,81,True,False,0,SAFE,SAFE,SAFE,10,0,100,False,1,8,0,12,100,75.31573998856832,False,True,False,False,True,False
84.7,58.1,4723,3,12,2,15.0,85.0,10,90.0,108.65,False,8.95,11.58,0,10,0,False,False,0,WET,NORMAL,8,0,81,False,1,VERY_DARK,RAIN,8,81,True,False,0,SAFE,SAFE,SAFE,10,0,100,False,1,8,0,12,100,56.95334007590118,False,True,False,False,True,False
84.73,58.33,4742,3,12,2,15.0,85.0,10,90.0,108.38,False,9.01,11.47,0,10,0,False,False,0,WET,NORMAL,8,0,81,False,1,VERY_DARK,RAIN,8,81,True,False,0,SAFE,SAFE,SAFE,10,0,100,False,1,8,0,12,100,58.027367772546064,False,True,False,False,True,False
84.77,58.5,4756,3,12,2,15.0,85.0,10,90.0,108.1,False,9.06,11.38,0,10,0,False,False,0,WET,NORMAL,8,0,81,False,1,VERY_DARK,RAIN,8,81,True,False,0,SAFE,SAFE,SAFE,10,0,100,False,1,8,0,12,100,59.249937571949246,False,True,False,False,True,False
84.8,58.59,4763,3,12,2,15.0,85.0,10,90.0,107.82,False,9.08,11.32,0,10,0,False,False,0,WET,NORMAL,8,0,81,False,1,VERY_DARK,RAIN,8,81,True,False,0,SAFE,SAFE,SAFE,10,0,100,False,1,8,0,12,100,60.547228009945144,False,True,False,False,True,False
84.83,58.65,4768,3,12,2,15.0,85.0,10,90.0,107.54,False,9.1,11.27,0,10,0,False,False,0,WET,NORMAL,8,0,81,False,1,VERY_DARK,RAIN,8,81,True,False,0,SAFE,SAFE,SAFE,10,0,100,False,1,8,0,12,100,61.858394803553416,False,True,False,False,True,False
84.87,58.71,4773,3,12,2,15.0,85.0,10,90.0,107.13,False,9.11,11.21,0,10,0,False,False,0,WET,NORMAL,8,0,81,False,1,VERY_DARK,RAIN,8,81,True,False,0,SAFE,SAFE,SAFE,10,0,100,False,1,8,0,12,100,50.16000346381406,False,True,False,False,True,False
84.9,58.73,4775,3,12,2,15.0,85.0,10,90.0,106.85,False,9.11,11.18,0,10,0,False,False,0,WET,NORMAL,8,0,81,False,1,VERY_DARK,RAIN,8,81,True,False,0,SAFE,SAFE,SAFE,10,0,100,False,1,8,0,12,100,51.19000886168767,False,True,False,False,True,False
84.93,58.64,4767,3,12,2,15.0,85.0,10,90.0,106.57,False,9.08,11.18,0,10,0,False,False,0,WET,NORMAL,8,0,81,False,1,VERY_DARK,RAIN,8,81,True,False,0,SAFE,SAFE,SAFE,10,0,100,False,1,8,0,12,100,52.297658321391154,False,True,False,False,True,False
84.97,58.49,4755,3,12,2,15.0,85.0,10,90.0,106.29,False,9.04,11.21,0,10,0,False,False,0,WET,NORMAL,8,0,81,False,1,VERY_DARK,RAIN,8,81,True,False,0,SAFE,SAFE,SAFE,10,0,100,False,1,8,0,12,100,53.419043346534075,False,True,False,False,True,False
85.0,58.29,4739,3,12,2,15.0,85.0,10,90.0,106.02,False,8.98,11.25,0,10,0,False,False,0,WET,NORMAL,8,0,81,False,1,VERY_DARK,RAIN,8,81,True,False,0,SAFE,SAFE,SAFE,10,0,100,False,1,8,0,12,100,54.52624683946217,False,True,False,False,True,False
85.03,58.14,4727,3,12,2,15.0,85.0,10,90.0,105.74,False,8.94,11.27,0,10,0,False,False,0,WET,NORMAL,8,0,81,False,1,VERY_DARK,RAIN,8,81,True,False,0,SAFE,SAFE,SAFE,10,0,100,False,1,8,0,12,100,45.99926754142083,False,True,False,False,True,False
85.07,57.96,4712,3,12,2,15.0,85.0,10,90.0,105.18,False,8.89,11.27,0,10,0,False,False,0,WET,NORMAL,8,0,81,False,1,VERY_DARK,RAIN,8,81,True,False,0,SAFE,SAFE,SAFE,10,0,100,False,1,8,0,12,100,46.94307294150692,False,True,False,False,True,False
85.1,57.68,4689,3,12,2,15.0,85.0,10,90.0,104.91,False,8.81,11.34,0,10,0,False,False,0,WET,NORMAL,8,0,81,False,1,VERY_DARK,RAIN,8,81,True,False,0,SAFE,SAFE,SAFE,10,0,100,False,1,8,0,12,100,47.94227027073983,False,True,False,False,True,False
85.13,57.39,4666,3,12,2,15.0,85.0,10,90.0,104.64,False,8.73,11.41,0,10,0,False,False,0,WET,NORMAL,8,0,81,False,1,VERY_DARK,RAIN,8,81,True,False,0,SAFE,SAFE,SAFE,10,0,100,False,1,8,0,12,100,48.941401682370895,False,True,False,False,True,False
85.17,57.1,4642,3,12,2,15.0,85.0,10,90.0,104.24,False,8.65,11.47,0,10,0,False,False,0,WET,NORMAL,8,0,81,False,1,VERY_DARK,RAIN,8,81,True,False,0,SAFE,SAFE,SAFE,10,0,100,False,1,8,0,12,100,49.932535678146955,False,True,False,False,True,False
85.2,56.8,4618,3,12,2,15.0,85.0,10,90.0,103.98,False,8.57,11.55,0,10,0,False,False,0,WET,NORMAL,8,0,81,False,1,VERY_DARK,RAIN,8,81,True,False,0,SAFE,SAFE,SAFE,10,0,100,False,1,8,0,12,100,50.8891869397908,False,True,False,False,True,False
85.23,56.49,4593,3,12,2,15.0,85.0,10,90.0,103.72,False,8.49,11.63,0,10,0,False,False,0,WET,NORMAL,8,0,81,False,1,VERY_DARK,RAIN,8,81,True,False,0,SAFE,SAFE,SAFE,10,0,100,False,1,8,0,12,100,44.1811640324107,False,True,False,False,True,False
85.27,56.18,4568,3,12,2,15.0,85.0,10,90.0,103.46,False,8.41,11.71,0,10,0,False,False,0,WET,NORMAL,8,0,81,False,1,VERY_DARK,RAIN,8,81,True,False,0,SAFE,SAFE,SAFE,10,0,100,False,1,8,0,12,100,45.064759758455956,False,True,False,False,True,False
85.3,55.88,4543,3,12,2,15.0,85.0,10,90.0,103.2,False,8.32,11.8,0,10,0,False,False,0,WET,NORMAL,8,0,81,False,1,VERY_DARK,RAIN,8,81,True,False,0,SAFE,SAFE,SAFE,10,0,100,False,1,8,0,12,100,45.98611771193525,False,True,False,False,True,False
85.33,55.57,4518,3,12,2,15.0,85.0,10,90.0,102.95,False,8.24,11.89,0,10,0,False,False,0,WET,NORMAL,8,0,81,False,1,VERY_DARK,RAIN,8,81,True,False,0,SAFE,SAFE,SAFE,10,0,100,False,1,8,0,12,100,46.91768576301989,False,True,False,False,True,False
85.37,55.26,4493,3,12,2,15.0,85.0,10,90.0,102.7,False,8.15,11.99,0,10,0,False,False,0,WET,NORMAL,8,0,81,False,1,VERY_DARK,RAIN,8,81,True,False,0,SAFE,SAFE,SAFE,10,0,100,False,1,8,0,12,100,47.83339975363558,False,True,False,False,True,False
85.4,54.95,4467,3,12,2,15.0,85.0,10,90.0,102.45,False,8.06,12.08,0,10,0,False,False,0,WET,NORMAL,8,0,81,False,1,VERY_DARK,RAIN,8,81,True,False,0,SAFE,SAFE,SAFE,10,0,100,False,1,8,0,12,100,42.49692399546579,False,True,False,False,True,False
85.43,54.64,4442,3,12,2,15.0,85.0,10,90.0,102.21,False,7.98,12.18,0,10,0,False,False,0,WET,NORMAL,8,0,81,False,1,VERY_DARK,RAIN,8,81,True,False,0,SAFE,SAFE,SAFE,10,0,100,False,1,8,0,12,100,43.42547682334083,False,True,False,False,True,False
85.47,54.33,4417,3,12,2,15.0,85.0,10,90.0,101.96,False,7.89,12.29,0,10,0,False,False,0,WET,NORMAL,8,0,81,False,1,VERY_DARK,RAIN,8,81,True,False,0,SAFE,SAFE,SAFE,10,0,100,False,1,8,0,12,100,44.39937489368451,False,True,False,False,True,False
85.5,54.03,4392,3,12,2,15.0,85.0,10,90.0,101.31,False,7.81,12.34,0,10,0,False,False,0,WET,NORMAL,8,0,81,False,1,VERY_DARK,RAIN,8,81,True,False,0,SAFE,SAFE,SAFE,10,0,100,False,1,8,0,12,100,45.39072704248573,False,True,False,False,True,False
85.53,53.72,4367,3,12,2,15.0,85.0,10,90.0,101.07,False,7.72,12.45,0,10,0,False,False,0,WET,NORMAL,8,0,81,False,1,VERY_DARK,RAIN,8,81,True,False,0,SAFE,SAFE,SAFE,10,0,100,False,1,8,0,12,100,46.37347582331273,False,True,False,False,True,False
85.57,53.42,4343,3,12,2,15.0,85.0,10,90.0,100.84,False,7.63,12.56,0,10,0,False,False,0,WET,NORMAL,8,0,81,False,1,VERY_DARK,RAIN,8,81,True,False,0,SAFE,SAFE,SAFE,10,0,100,False,1,8,0,12,100,47.32323120256212,False,True,False,False,True,False
85.6,53.11,4318,3,12,2,15.0,85.0,10,90.0,100.61,False,7.55,12.67,0,10,0,False,False,0,WET,NORMAL,8,0,81,False,1,VERY_DARK,RAIN,8,81,True,False,0,SAFE,SAFE,SAFE,10,0,100,False,1,8,0,12,100,43.02374681439633,False,True,False,False,True,False
85.63,52.81,4293,3,12,2,15.0,85.0,10,90.0,100.38,False,7.46,12.78,0,10,0,False,False,0,WET,NORMAL,8,0,81,False,1,VERY_DARK,RAIN,8,81,True,False,0,SAFE,SAFE,SAFE,10,0,100,False,1,8,0,12,100,44.05541317455044,False,True,False,False,True,False
85.67,52.5,4268,3,12,2,15.0,85.0,10,90.0,100.15,False,7.38,12.9,0,10,0,False,False,0,WET,NORMAL,8,0,81,False,1,VERY_DARK,RAIN,8,81,True,False,0,SAFE,SAFE,SAFE,10,0,100,False,1,8,0,12,100,45.12135050028868,False,True,False,False,True,False
85.7,52.2,4244,3,12,2,15.0,85.0,10,90.0,99.93,False,7.29,13.02,0,10,0,False,False,0,WET,NORMAL,8,0,81,False,1,VERY_DARK,RAIN,8,81,True,False,0,SAFE,SAFE,SAFE,10,0,100,False,1,8,0,12,100,46.19482053583185,False,True,False,False,True,False
85.73,51.9,4220,3,12,2,15.0,85.0,10,90.0,99.71,False,7.21,13.14,0,10,0,False,False,0,WET,NORMAL,8,0,81,False,1,VERY_DARK,RAIN,8,81,True,False,0,SAFE,SAFE,SAFE,10,0,100,False,1,8,0,12,100,47.24985237866788,False,True,False,False,True,False
85.77,51.69,4202,3,12,2,15.0,85.0,10,90.0,99.49,False,7.15,13.21,0,10,0,False,False,0,WET,NORMAL,8,0,81,False,1,VERY_DARK,RAIN,8,81,True,False,0,SAFE,SAFE,SAFE,10,0,100,False,1,8,0,12,100,48.26264587478802,False,True,False,False,True,False
85.8,51.52,4189,3,12,2,15.0,85.0,10,90.0,99.28,False,7.11,13.27,0,10,0,False,False,0,WET,NORMAL,8,0,81,False,1,VERY_DARK,RAIN,8,81,True,False,0,SAFE,SAFE,SAFE,10,0,100,False,1,8,0,12,100,44.871190832711974,False,True,False,False,True,False
85.83,51.3,4171,3,12,2,15.0,85.0,10,90.0,99.06,False,7.05,13.35,0,10,0,False,False,0,WET,NORMAL,8,0,81,False,1,VERY_DARK,RAIN,8,81,True,False,0,SAFE,SAFE,SAFE,10,0,100,False,1,8,0,12,100,46.114608202494715,False,True,False,False,True,False
85.87,51.0,4147,3,12,2,15.0,85.0,10,90.0,98.85,False,6.96,13.48,0,10,0,False,False,0,WET,NORMAL,8,0,81,False,1,VERY_DARK,RAIN,8,81,True,False,0,SAFE,SAFE,SAFE,10,0,100,False,1,8,0,12,100,47.369273875098436,False,True,False,False,True,False
85.9,50.8,4130,3,12,2,15.0,85.0,10,90.0,98.64,False,6.91,13.56,0,10,0,False,False,0,WET,NORMAL,8,0,81,False,1,VERY_DARK,RAIN,8,81,True,False,0,SAFE,SAFE,SAFE,10,0,100,False,1,8,0,12,100,48.5911675819118,False,True,False,False,True,False
85.93,50.64,4117,3,12,2,15.0,85.0,10,90.0,98.3,False,6.86,13.59,0,10,0,False,False,0,WET,NORMAL,8,0,81,False,1,VERY_DARK,RAIN,8,81,True,False,0,SAFE,SAFE,SAFE,10,0,100,False,1,8,0,12,100,49.83014552130272,False,True,False,False,True,False
85.97,50.48,4104,3,12,2,15.0,85.0,10,90.0,97.81,False,6.82,13.61,0,10,0,False,False,0,WET,NORMAL,8,0,81,False,1,VERY_DARK,RAIN,8,81,True,False,0,SAFE,SAFE,SAFE,10,0,100,False,1,8,0,12,100,51.048622182059184,False,True,False,False,True,False
86.0,50.33,4091,3,12,2,15.0,85.0,10,90.0,97.6,False,6.78,13.66,0,10,0,False,False,0,WET,NORMAL,8,0,81,False,1,VERY_DARK,RAIN,8,81,True,False,0,SAFE,SAFE,SAFE,10,0,100,False,1,8,0,12,100,48.42372885497701,False,True,False,False,True,False
86.03,50.18,4080,3,12,2,15.0,85.0,10,90.0,97.4,False,6.74,13.71,0,10,0,False,False,0,WET,NORMAL,8,0,81,False,1,VERY_DARK,RAIN,8,81,True,False,0,SAFE,SAFE,SAFE,10,0,100,False,1,8,0,12,100,49.91534687034372,False,True,False,False,True,False
86.07,50.04,4068,3,12,2,15.0,85.0,10,90.0,97.19,False,6.7,13.77,0,10,0,False,False,0,WET,NORMAL,8,0,81,False,1,VERY_DARK,RAIN,8,81,True,False,0,SAFE,SAFE,SAFE,10,0,100,False,1,8,0,12,100,51.444704065184894,False,True,False,False,True,False
86.1,49.89,4056,3,12,2,15.0,85.0,10,90.0,96.99,False,6.66,13.82,0,10,0,False,False,0,WET,NORMAL,8,0,81,False,1,VERY_DARK,RAIN,8,81,True,False,0,SAFE,SAFE,SAFE,10,0,100,False,1,8,0,12,100,52.97708653619357,False,True,False,False,True,False
86.13,49.77,4046,3,12,2,15.0,85.0,10,90.0,96.79,False,6.62,13.86,0,10,0,False,False,0,WET,NORMAL,8,0,81,False,1,VERY_DARK,RAIN,8,81,True,False,0,SAFE,SAFE,SAFE,10,0,100,False,1,8,0,12,100,54.480888261419274,False,True,False,False,True,False
86.17,49.68,4039,3,12,2,15.0,85.0,10,90.0,96.59,False,6.6,13.88,0,10,0,False,False,0,WET,NORMAL,8,0,81,False,1,VERY_DARK,RAIN,8,81,True,False,0,SAFE,SAFE,SAFE,10,0,100,False,1,8,0,12,100,55.94145187277943,False,True,False,False,True,False
86.2,49.63,4035,3,12,2,15.0,85.0,10,90.0,96.39,False,6.58,13.88,0,10,0,False,False,0,WET,NORMAL,8,0,81,False,1,VERY_DARK,RAIN,8,81,True,False,0,SAFE,SAFE,SAFE,10,0,100,False,1,8,0,12,100,53.887713597825154,False,True,False,False,True,False
86.23,49.63,4035,3,12,2,15.0,85.0,10,90.0,96.19,False,6.58,13.85,0,10,0,False,False,0,WET,NORMAL,8,0,81,False,1,VERY_DARK,RAIN,8,81,True,False,0,SAFE,SAFE,SAFE,10,0,100,False,1,8,0,12,100,55.76687412648761,False,True,False,False,True,False
86.27,49.68,4039,3,12,2,15.0,85.0,10,90.0,95.99,False,6.6,13.79,0,10,0,False,False,0,WET,NORMAL,8,0,81,False,1,VERY_DARK,RAIN,8,81,True,False,0,SAFE,SAFE,SAFE,10,0,100,False,1,8,0,12,100,57.716356579513764,False,True,False,False,True,False
86.3,49.76,4046,3,12,2,15.0,85.0,10,90.0,95.79,False,6.62,13.72,0,10,0,False,False,0,WET,NORMAL,8,0,81,False,1,VERY_DARK,RAIN,8,81,True,False,0,SAFE,SAFE,SAFE,10,0,100,False,1,8,0,12,100,59.70375847534766,False,True,False,False,True,False
86.33,49.87,4054,3,12,2,15.0,85.0,10,90.0,95.59,False,6.65,13.63,0,10,0,False,False,0,WET,NORMAL,8,0,81,False,1,VERY_DARK,RAIN,8,81,True,False,0,SAFE,SAFE,SAFE,10,0,100,False,1,8,0,12,100,61.69278054216543,False,True,False,False,True,False
86.37,50.0,4065,3,12,2,15.0,85.0,10,90.0,95.26,False,6.68,13.5,0,10,0,False,False,0,WET,NORMAL,8,0,81,False,1,VERY_DARK,RAIN,8,81,True,False,0,SAFE,SAFE,SAFE,10,0,100,False,1,8,0,12,100,63.65084515013648,False,True,False,False,True,False
86.4,50.14,4077,3,12,2,15.0,85.0,10,90.0,95.05,False,6.72,13.39,0,10,0,False,False,0,WET,NORMAL,8,0,81,False,1,VERY_DARK,RAIN,8,81,True,False,0,SAFE,SAFE,SAFE,10,0,100,False,1,8,0,12,100,61.62534596199905,False,True,False,False,True,False
86.43,50.3,4090,3,12,2,15.0,85.0,10,90.0,94.56,False,6.77,13.23,0,10,0,False,False,0,WET,NORMAL,8,0,81,False,1,VERY_DARK,RAIN,8,81,True,False,0,SAFE,SAFE,SAFE,10,0,100,False,1,8,0,12,100,64.04112324151475,False,True,False,False,True,False
86.47,50.47,4103,3,12,2,15.0,85.0,10,90.0,94.36,False,6.82,13.11,0,10,0,False,False,0,WET,NORMAL,8,0,81,False,1,VERY_DARK,RAIN,8,81,True,False,0,SAFE,SAFE,SAFE,10,0,100,False,1,8,0,12,100,66.51702951802488,False,True,False,False,True,False
86.5,50.65,4118,3,12,2,15.0,85.0,10,90.0,94.15,False,6.86,12.99,0,10,0,False,False,0,WET,NORMAL,8,0,81,False,1,VERY_DARK,RAIN,8,81,True,False,0,SAFE,SAFE,SAFE,10,0,100,False,1,8,0,12,100,69.01117460564811,False,True,False,False,True,False
86.53,50.84,4133,3,12,2,15.0,85.0,10,90.0,93.94,False,6.92,12.86,0,10,0,False,False,0,WET,NORMAL,8,0,81,False,1,VERY_DARK,RAIN,8,81,True,False,0,SAFE,SAFE,SAFE,10,0,100,False,1,8,0,12,100,71.47442663627594,False,True,False,False,True,False
86.57,51.03,4148,3,12,2,15.0,85.0,10,90.0,93.73,False,6.97,12.73,0,10,0,False,False,0,WET,NORMAL,8,0,81,False,1,VERY_DARK,RAIN,8,81,True,False,0,SAFE,SAFE,SAFE,10,0,100,False,1,8,0,12,100,73.87534502322467,False,True,False,False,True,False
86.6,51.22,4164,3,12,2,15.0,85.0,10,90.0,93.52,False,7.02,12.6,0,10,0,False,False,0,WET,NORMAL,8,0,81,False,1,VERY_DARK,RAIN,8,81,True,False,0,SAFE,SAFE,SAFE,10,0,100,False,1,8,0,12,100,70.0751837746186,False,True,False,False,True,False
86.63,51.42,4180,3,12,2,15.0,85.0,10,90.0,93.3,False,7.08,12.47,0,10,0,False,False,0,WET,NORMAL,8,0,81,False,1,VERY_DARK,RAIN,8,81,True,False,0,SAFE,SAFE,SAFE,10,0,100,False,1,8,0,12,100,72.7710274769391,False,True,False,False,True,False
86.67,51.62,4197,3,12,2,15.0,85.0,10,90.0,93.09,False,7.14,12.34,0,10,0,False,False,0,WET,NORMAL,8,0,81,False,1,VERY_DARK,RAIN,8,81,True,False,0,SAFE,SAFE,SAFE,10,0,100,False,1,8,0,12,100,75.51908995060303,False,True,False,False,True,False
86.7,51.83,4214,3,12,2,15.0,85.0,10,90.0,92.87,False,7.19,12.22,0,10,0,False,False,0,WET,NORMAL,8,0,81,False,1,VERY_DARK,RAIN,8,81,True,False,0,SAFE,SAFE,SAFE,10,0,100,False,1,8,0,12,100,78.27122775398003,False,True,False,False,True,False
86.73,52.04,4230,3,12,2,15.0,85.0,10,90.0,92.65,False,7.25,12.09,0,10,0,False,False,0,WET,NORMAL,8,0,81,False,1,VERY_DARK,RAIN,8,81,True,False,0,SAFE,SAFE,SAFE,10,0,100,False,1,8,0,12,100,80.98243334064912,False,True,False,False,True,False
86.77,52.24,4248,3,12,2,15.0,85.0,10,90.0,92.29,False,7.31,11.94,0,10,0,False,False,0,WET,NORMAL,8,0,81,False,1,VERY_DARK,RAIN,8,81,True,False,0,SAFE,SAFE,SAFE,10,0,100,False,1,8,0,12,100,81,False,True,False,False,True,False
86.8,52.46,4265,3,12,2,15.0,85.0,10,90.0,92.07,False,7.37,11.82,0,10,0,False,False,0,WET,NORMAL,8,0,81,False,1,VERY_DARK,RAIN,8,81,True,False,0,SAFE,SAFE,SAFE,10,0,100,False,1,8,0,12,100,75.54579900027147,False,True,False,False,True,False
86.83,52.67,4282,3,12,2,15.0,85.0,10,90.0,91.84,False,7.43,11.69,0,10,0,False,False,0,WET,NORMAL,8,0,81,False,1,VERY_DARK,RAIN,8,81,True,False,0,SAFE,SAFE,SAFE,10,0,100,False,1,8,0,12,100,78.10933791388005,False,True,False,False,True,False
86.87,52.88,4299,3,12,2,15.0,85.0,10,90.0,91.62,False,7.49,11.57,0,10,0,False,False,0,WET,NORMAL,8,0,81,False,1,VERY_DARK,RAIN,8,81,True,False,0,SAFE,SAFE,SAFE,10,0,100,False,1,8,0,12,100,80.74681233919709,False,True,False,False,True,False
86.9,53.1,4317,3,12,2,15.0,85.0,10,90.0,91.1,False,7.55,11.41,0,10,0,False,False,0,WET,NORMAL,8,0,81,False,1,VERY_DARK,RAIN,8,81,True,False,0,SAFE,SAFE,SAFE,10,0,100,False,1,8,0,12,100,81,False,True,False,False,True,False
86.93,53.32,4335,3,12,2,15.0,85.0,10,90.0,90.87,False,7.61,11.29,0,10,0,False,False,0,WET,NORMAL,8,0,81,False,1,VERY_DARK,RAIN,8,81,True,False,0,SAFE,SAFE,SAFE,10,0,100,False,1,8,0,12,100,81,False,True,False,False,True,False
86.97,53.53,4352,3,12,2,15.0,85.0,10,90.0,90.63,False,7.67,11.17,0,10,0,False,False,0,WET,NORMAL,8,0,81,False,1,VERY_DARK,RAIN,8,81,True,False,0,SAFE,SAFE,SAFE,10,0,100,False,1,8,0,12,100,81,False,True,False,False,True,False
87.0,53.75,4370,3,12,2,15.0,85.0,10,90.0,90.4,False,7.73,11.05,0,10,0,False,False,0,WET,NORMAL,8,0,81,False,1,VERY_DARK,RAIN,8,81,True,False,0,SAFE,SAFE,SAFE,10,0,100,False,1,8,0,12,100,75.7335743876126,False,True,False,False,True,False
87.03,53.97,4388,3,12,2,15.0,85.0,10,90.0,90.16,False,7.79,10.94,0,10,0,False,False,0,WET,NORMAL,8,0,81,False,1,VERY_DARK,RAIN,8,81,True,False,0,SAFE,SAFE,SAFE,10,0,100,False,1,8,0,12,100,77.9221531595807,False,True,False,False,True,False
87.07,54.19,4406,3,12,2,15.0,85.0,10,90.0,89.92,False,7.85,10.82,0,10,0,False,False,0,WET,NORMAL,8,0,81,False,1,VERY_DARK,RAIN,8,81,True,False,0,SAFE,SAFE,SAFE,10,0,100,False,1,8,0,12,100,80.221566539916,False,True,False,False,True,False
87.1,54.42,4424,3,12,2,15.0,85.0,10,90.0,89.68,False,7.91,10.7,0,10,0,False,False,0,WET,NORMAL,8,0,81,False,1,VERY_DARK,RAIN,8,81,True,False,0,SAFE,SAFE,SAFE,10,0,100,False,1,8,0,12,100,81,False,True,False,False,True,False
87.13,54.64,4442,3,12,2,15.0,85.0,10,90.0,89.3,False,7.97,10.57,0,10,0,False,False,0,WET,NORMAL,8,0,81,False,1,VERY_DARK,RAIN,8,81,True,False,0,SAFE,SAFE,SAFE,10,0,100,False,1,8,0,12,100,81,False,True,False,False,True,False
87.17,54.86,4460,3,12,2,15.0,85.0,10,90.0,89.06,False,8.04,10.46,0,10,0,False,False,0,WET,NORMAL,8,0,81,False,1,VERY_DARK,RAIN,8,81,True,False,0,SAFE,SAFE,SAFE,10,0,100,False,1,8,0,12,100,81,False,True,False,False,True,False
87.2,55.09,4479,3,12,2,15.0,85.0,10,90.0,88.81,False,8.1,10.35,0,10,0,False,False,0,WET,NORMAL,8,0,81,False,1,VERY_DARK,RAIN,8,81,True,False,0,SAFE,SAFE,SAFE,10,0,100,False,1,8,0,12,100,72.03731468763544,False,True,False,False,True,False
87.23,55.31,4497,3,12,2,15.0,85.0,10,90.0,88.56,False,8.16,10.24,0,10,0,False,False,0,WET,NORMAL,8,0,81,False,1,VERY_DARK,RAIN,8,81,True,False,0,SAFE,SAFE,SAFE,10,0,100,False,1,8,0,12,100,73.87513477415283,False,True,False,False,True,False
87.27,55.54,4516,3,12,2,15.0,85.0,10,90.0,88.31,False,8.22,10.13,0,10,0,False,False,0,WET,NORMAL,8,0,81,False,1,VERY_DARK,RAIN,8,81,True,False,0,SAFE,SAFE,SAFE,10,0,100,False,1,8,0,12,100,75.82964178363405,False,True,False,False,True,False
87.3,55.77,4534,3,12,2,15.0,85.0,10,90.0,88.06,False,8.29,10.02,0,10,0,False,False,0,WET,NORMAL,8,0,81,False,1,VERY_DARK,RAIN,8,81,True,False,0,SAFE,SAFE,SAFE,10,0,100,False,1,8,0,12,100,77.85217510968967,False,True,False,False,True,False
87.33,56.0,4553,3,12,2,15.0,85.0,10,90.0,87.51,False,8.35,9.88,0,10,0,False,False,0,WET,NORMAL,8,0,81,False,1,VERY_DARK,RAIN,8,81,True,False,0,SAFE,SAFE,SAFE,10,0,100,False,1,8,0,12,100,79.87759590508318,False,True,False,False,True,False
87.37,56.23,4571,3,12,2,15.0,85.0,10,90.0,87.26,False,8.42,9.77,0,10,0,False,False,0,WET,NORMAL,8,0,81,False,1,VERY_DARK,RAIN,8,81,True,False,0,SAFE,SAFE,SAFE,10,0,100,False,1,8,0,12,100,81,False,True,False,False,True,False
87.4,56.46,4590,3,12,2,15.0,85.0,10,90.0,87.0,False,8.48,9.67,0,10,0,False,False,0,WET,NORMAL,8,0,81,False,1,VERY_DARK,RAIN,8,81,True,False,0,SAFE,SAFE,SAFE,10,0,100,False,1,8,0,12,100,67.08981843024186,False,True,False,False,True,False
87.43,56.69,4609,3,12,2,15.0,85.0,10,90.0,86.74,False,8.54,9.57,0,10,0,False,False,0,WET,NORMAL,8,0,81,False,1,VERY_DARK,RAIN,8,81,True,False,0,SAFE,SAFE,SAFE,10,0,100,False,1,8,0,12,100,68.66373939043149,False,True,False,False,True,False
87.47,56.92,4628,3,12,2,15.0,85.0,10,90.0,86.34,False,8.61,9.45,0,10,0,False,False,0,WET,NORMAL,8,0,81,False,1,VERY_DARK,RAIN,8,81,True,False,0,SAFE,SAFE,SAFE,10,0,100,False,1,8,0,12,100,70.34427406055374,False,True,False,False,True,False
87.5,57.16,4647,3,12,2,15.0,85.0,10,90.0,86.08,False,8.67,9.35,0,10,0,False,False,0,WET,NORMAL,8,0,81,False,1,VERY_DARK,RAIN,8,81,True,False,0,SAFE,SAFE,SAFE,10,0,100,False,1,8,0,12,100,72.07398064040166,False,True,False,False,True,False
87.53,57.39,4666,3,12,2,15.0,85.0,10,90.0,85.81,False,8.74,9.25,0,10,0,False,False,0,WET,NORMAL,8,0,81,False,1,VERY_DARK,RAIN,8,81,True,False,0,SAFE,SAFE,SAFE,10,0,100,False,1,8,0,12,100,73.80300495423212,False,True,False,False,True,False
87.57,57.62,4685,3,12,2,15.0,85.0,10,90.0,85.54,False,8.8,9.15,0,10,0,False,False,0,WET,NORMAL,8,0,81,False,1,VERY_DARK,RAIN,8,81,True,False,0,SAFE,SAFE,SAFE,10,0,100,False,1,8,0,12,100,61.10372814095531,False,True,False,False,True,False
87.6,57.86,4704,3,12,2,15.0,85.0,10,90.0,85.27,False,8.87,9.05,0,10,0,False,False,0,WET,NORMAL,8,0,81,False,1,VERY_DARK,RAIN,8,81,True,False,0,SAFE,SAFE,SAFE,10,0,100,False,1,8,0,12,100,62.533107438286706,False,True,False,False,True,False
87.63,58.1,4723,3,12,2,15.0,85.0,10,90.0,84.99,False,8.93,8.95,0,10,0,False,False,0,WET,NORMAL,8,0,81,False,1,VERY_DARK,RAIN,8,81,True,False,0,SAFE,SAFE,SAFE,10,0,100,False,1,8,0,12,100,64.06292312423857,False,True,False,False,True,False
87.67,58.33,4743,3,12,2,15.0,85.0,10,90.0,84.72,False,9.0,8.86,0,10,0,False,False,0,WET,NORMAL,8,0,81,False,1,VERY_DARK,RAIN,8,81,True,False,0,SAFE,SAFE,SAFE,10,0,100,False,1,8,0,12,100,65.64218427941309,False,True,False,False,True,False
87.7,58.57,4762,3,12,2,15.0,85.0,10,90.0,84.44,False,9.07,8.76,0,10,0,False,False,0,WET,NORMAL,8,0,81,False,1,VERY_DARK,RAIN,8,81,True,False,0,SAFE,SAFE,SAFE,10,0,100,False,1,8,0,12,100,67.22469968131603,False,True,False,False,True,False
87.73,58.81,4782,3,12,2,15.0,85.0,10,90.0,84.16,False,9.13,8.67,0,10,0,False,False,0,WET,NORMAL,8,0,81,False,1,VERY_DARK,RAIN,8,81,True,False,0,SAFE,SAFE,SAFE,10,0,100,False,1,8,0,12,100,56.5770308469787,False,True,False,False,True,False
87.77,59.04,4800,3,12,2,15.0,85.0,10,90.0,83.59,False,9.2,8.55,0,10,0,False,False,0,WET,NORMAL,8,0,81,False,1,VERY_DARK,RAIN,8,81,True,False,0,SAFE,SAFE,SAFE,10,0,100,False,1,8,0,12,100,57.92320311866495,False,True,False,False,True,False
87.8,59.21,4814,3,12,2,15.0,85.0,10,90.0,83.17,False,9.24,8.46,0,10,0,False,False,0,WET,NORMAL,8,0,81,False,1,VERY_DARK,RAIN,8,81,True,False,0,SAFE,SAFE,SAFE,10,0,100,False,1,8,0,12,100,59.35289076029497,False,True,False,False,True,False
87.83,59.31,4822,3,12,2,15.0,85.0,10,90.0,82.89,False,9.27,8.4,0,10,0,False,False,0,WET,NORMAL,8,0,81,False,1,VERY_DARK,RAIN,8,81,True,False,0,SAFE,SAFE,SAFE,10,0,100,False,1,8,0,12,100,60.79841266469252,False,True,False,False,True,False
87.87,59.37,4827,3,12,2,15.0,85.0,10,90.0,82.6,False,9.29,8.36,0,10,0,False,False,0,WET,NORMAL,8,0,81,False,1,VERY_DARK,RAIN,8,81,True,False,0,SAFE,SAFE,SAFE,10,0,100,False,1,8,0,12,100,62.207599790450374,False,True,False,False,True,False
87.9,59.43,4832,3,12,2,15.0,85.0,10,90.0,82.32,False,9.3,8.31,0,10,0,False,False,0,WET,NORMAL,8,0,81,False,1,VERY_DARK,RAIN,8,81,True,False,0,SAFE,SAFE,SAFE,10,0,100,False,1,8,0,12,100,63.55823867450717,False,True,False,False,True,False
87.93,59.52,4839,3,12,2,15.0,85.0,10,90.0,82.03,False,9.33,8.26,0,10,0,False,False,0,WET,NORMAL,8,0,81,False,1,VERY_DARK,RAIN,8,81,True,False,0,SAFE,SAFE,SAFE,10,0,100,False,1,8,0,12,100,54.304659182120986,False,True,False,False,True,False
87.97,59.58,4844,3,12,2,15.0,85.0,10,90.0,81.74,False,9.35,8.21,0,10,0,False,False,0,WET,NORMAL,8,0,81,False,1,VERY_DARK,RAIN,8,81,True,False,0,SAFE,SAFE,SAFE,10,0,100,False,1,8,0,12,100,55.481926770098326,False,True,False,False,True,False
88.0,59.61,4846,3,12,2,15.0,85.0,10,90.0,81.46,False,9.36,8.17,0,10,0,False,False,0,WET,NORMAL,8,0,81,False,1,VERY_DARK,RAIN,8,81,True,False,0,SAFE,SAFE,SAFE,10,0,100,False,1,8,0,12,100,56.69347119314262,False,True,False,False,True,False
88.03,59.63,4848,3,12,2,15.0,85.0,10,90.0,81.17,False,9.36,8.14,0,10,0,False,False,0,WET,NORMAL,8,0,81,False,1,VERY_DARK,RAIN,8,81,True,False,0,SAFE,SAFE,SAFE,10,0,100,False,1,8,0,12,100,57.903501512077874,False,True,False,False,True,False
88.07,59.59,4844,3,12,2,15.0,85.0,10,90.0,80.88,False,9.35,8.12,0,10,0,False,False,0,WET,NORMAL,8,0,81,False,1,VERY_DARK,RAIN,8,81,True,False,0,SAFE,SAFE,SAFE,10,0,100,False,1,8,0,12,100,59.08102796768935,False,True,False,False,True,False
88.1,59.5,4837,3,12,2,15.0,85.0,10,90.0,80.59,False,9.33,8.11,0,10,0,False,False,0,WET,NORMAL,8,0,81,False,1,VERY_DARK,RAIN,8,81,True,False,0,SAFE,SAFE,SAFE,10,0,100,False,1,8,0,12,100,51.22259014553841,False,True,False,False,True,False
88.13,59.33,4823,3,12,2,15.0,85.0,10,90.0,80.17,False,9.28,8.1,0,10,0,False,False,0,WET,NORMAL,8,0,81,False,1,VERY_DARK,RAIN,8,81,True,False,0,SAFE,SAFE,SAFE,10,0,100,False,1,8,0,12,100,52.26463893985054,False,True,False,False,True,False
88.17,59.06,4801,3,12,2,15.0,85.0,10,90.0,79.6,False,9.2,8.11,0,10,0,False,False,0,WET,NORMAL,8,0,81,False,1,VERY_DARK,RAIN,8,81,True,False,0,SAFE,SAFE,SAFE,10,0,100,False,1,8,0,12,100,53.31845054313315,False,True,False,False,True,False
88.2,58.77,4778,3,12,2,15.0,85.0,10,90.0,79.32,False,9.12,8.15,0,10,0,False,False,0,WET,NORMAL,8,0,81,False,1,VERY_DARK,RAIN,8,81,True,False,0,SAFE,SAFE,SAFE,10,0,100,False,1,8,0,12,100,54.33919932651561,False,True,False,False,True,False
88.23,58.56,4761,3,12,2,15.0,85.0,10,90.0,79.04,False,9.06,8.17,0,10,0,False,False,0,WET,NORMAL,8,0,81,False,1,VERY_DARK,RAIN,8,81,True,False,0,SAFE,SAFE,SAFE,10,0,100,False,1,8,0,12,100,55.32704177393905,False,True,False,False,True,False
88.27,58.39,4747,3,12,2,15.0,85.0,10,90.0,78.77,False,9.02,8.18,0,10,0,False,False,0,WET,NORMAL,8,0,81,False,1,VERY_DARK,RAIN,8,81,True,False,0,SAFE,SAFE,SAFE,10,0,100,False,1,8,0,12,100,48.60614745632848,False,True,False,False,True,False
88.3,58.16,4729,3,12,2,15.0,85.0,10,90.0,78.49,False,8.95,8.21,0,10,0,False,False,0,WET,NORMAL,8,0,81,False,1,VERY_DARK,RAIN,8,81,True,False,0,SAFE,SAFE,SAFE,10,0,100,False,1,8,0,12,100,49.603070358052435,False,True,False,False,True,False
88.33,57.86,4704,3,12,2,15.0,85.0,10,90.0,78.22,False,8.87,8.26,0,10,0,False,False,0,WET,NORMAL,8,0,81,False,1,VERY_DARK,RAIN,8,81,True,False,0,SAFE,SAFE,SAFE,10,0,100,False,1,8,0,12,100,50.620334249612526,False,True,False,False,True,False
88.37,57.55,4679,3,12,2,15.0,85.0,10,90.0,77.95,False,8.78,8.31,0,10,0,False,False,0,WET,NORMAL,8,0,81,False,1,VERY_DARK,RAIN,8,81,True,False,0,SAFE,SAFE,SAFE,10,0,100,False,1,8,0,12,100,51.61790340596177,False,True,False,False,True,False
88.4,57.24,4653,3,12,2,15.0,85.0,10,90.0,77.68,False,8.69,8.36,0,10,0,False,False,0,WET,NORMAL,8,0,81,False,1,VERY_DARK,RAIN,8,81,True,False,0,SAFE,SAFE,SAFE,10,0,100,False,1,8,0,12,100,52.59637468092163,False,True,False,False,True,False
88.43,57.01,4635,3,12,2,15.0,85.0,10,90.0,77.28,False,8.63,8.37,0,10,0,False,False,0,WET,NORMAL,8,0,81,False,1,VERY_DARK,RAIN,8,81,True,False,0,SAFE,SAFE,SAFE,10,0,100,False,1,8,0,12,100,46.810160964430494,False,True,False,False,True,False
88.47,56.77,4616,3,12,2,15.0,85.0,10,90.0,77.02,False,8.57,8.41,0,10,0,False,False,0,WET,NORMAL,8,0,81,False,1,VERY_DARK,RAIN,8,81,True,False,0,SAFE,SAFE,SAFE,10,0,100,False,1,8,0,12,100,47.8252830274048,False,True,False,False,True,False
88.5,56.46,4590,3,12,2,15.0,85.0,10,90.0,76.76,False,8.48,8.46,0,10,0,False,False,0,WET,NORMAL,8,0,81,False,1,VERY_DARK,RAIN,8,81,True,False,0,SAFE,SAFE,SAFE,10,0,100,False,1,8,0,12,100,48.883932085129025,False,True,False,False,True,False
88.53,56.15,4565,3,12,2,15.0,85.0,10,90.0,76.5,False,8.39,8.52,0,10,0,False,False,0,WET,NORMAL,8,0,81,False,1,VERY_DARK,RAIN,8,81,True,False,0,SAFE,SAFE,SAFE,10,0,100,False,1,8,0,12,100,49.92759332814122,False,True,False,False,True,False
88.57,55.84,4540,3,12,2,15.0,85.0,10,90.0,76.24,False,8.31,8.58,0,10,0,False,False,0,WET,NORMAL,8,0,81,False,1,VERY_DARK,RAIN,8,81,True,False,0,SAFE,SAFE,SAFE,10,0,100,False,1,8,0,12,100,50.95676836350752,False,True,False,False,True,False
88.6,55.62,4522,3,12,2,15.0,85.0,10,90.0,75.7,False,8.25,8.57,0,10,0,False,False,0,WET,NORMAL,8,0,81,False,1,VERY_DARK,RAIN,8,81,True,False,0,SAFE,SAFE,SAFE,10,0,100,False,1,8,0,12,100,51.94493860493163,False,True,False,False,True,False
88.63,55.44,4507,3,12,2,15.0,85.0,10,90.0,75.45,False,8.2,8.59,0,10,0,False,False,0,WET,NORMAL,8,0,81,False,1,VERY_DARK,RAIN,8,81,True,False,0,SAFE,SAFE,SAFE,10,0,100,False,1,8,0,12,100,47.42711647698335,False,True,False,False,True,False
88.67,55.21,4489,3,12,2,15.0,85.0,10,90.0,75.2,False,8.13,8.63,0,10,0,False,False,0,WET,NORMAL,8,0,81,False,1,VERY_DARK,RAIN,8,81,True,False,0,SAFE,SAFE,SAFE,10,0,100,False,1,8,0,12,100,48.52287673158586,False,True,False,False,True,False
88.7,54.9,4464,3,12,2,15.0,85.0,10,90.0,74.9,False,8.05,8.69,0,10,0,False,False,0,WET,NORMAL,8,0,81,False,1,VERY_DARK,RAIN,8,81,True,False,0,SAFE,SAFE,SAFE,10,0,100,False,1,8,0,12,100,49.6229714305514,False,True,False,False,True,False
88.73,54.6,4439,3,12,2,15.0,85.0,10,90.0,74.65,False,7.96,8.75,0,10,0,False,False,0,WET,NORMAL,8,0,81,False,1,VERY_DARK,RAIN,8,81,True,False,0,SAFE,SAFE,SAFE,10,0,100,False,1,8,0,12,100,50.6832365324976,False,True,False,False,True,False
88.77,54.38,4421,3,12,2,15.0,85.0,10,90.0,74.28,False,7.9,8.77,0,10,0,False,False,0,WET,NORMAL,8,0,81,False,1,VERY_DARK,RAIN,8,81,True,False,0,SAFE,SAFE,SAFE,10,0,100,False,1,8,0,12,100,51.71119168828812,False,True,False,False,True,False
88.8,54.2,4407,3,12,2,15.0,85.0,10,90.0,74.04,False,7.85,8.79,0,10,0,False,False,0,WET,NORMAL,8,0,81,False,1,VERY_DARK,RAIN,8,81,True,False,0,SAFE,SAFE,SAFE,10,0,100,False,1,8,0,12,100,47.38569798854823,False,True,False,False,True,False
88.83,53.98,4388,3,12,2,15.0,85.0,10,90.0,73.8,False,7.79,8.83,0,10,0,False,False,0,WET,NORMAL,8,0,81,False,1,VERY_DARK,RAIN,8,81,True,False,0,SAFE,SAFE,SAFE,10,0,100,False,1,8,0,12,100,48.56960645790117,False,True,False,False,True,False
88.87,53.67,4364,3,12,2,15.0,85.0,10,90.0,73.56,False,7.71,8.9,0,10,0,False,False,0,WET,NORMAL,8,0,81,False,1,VERY_DARK,RAIN,8,81,True,False,0,SAFE,SAFE,SAFE,10,0,100,False,1,8,0,12,100,49.7703521763936,False,True,False,False,True,False
88.9,53.46,4346,3,12,2,15.0,85.0,10,90.0,73.33,False,7.65,8.94,0,10,0,False,False,0,WET,NORMAL,8,0,81,False,1,VERY_DARK,RAIN,8,81,True,False,0,SAFE,SAFE,SAFE,10,0,100,False,1,8,0,12,100,50.93961242784753,False,True,False,False,True,False
88.93,53.29,4332,3,12,2,15.0,85.0,10,90.0,73.09,False,7.6,8.96,0,10,0,False,False,0,WET,NORMAL,8,0,81,False,1,VERY_DARK,RAIN,8,81,True,False,0,SAFE,SAFE,SAFE,10,0,100,False,1,8,0,12,100,52.12788762220381,False,True,False,False,True,False
88.97,53.12,4319,3,12,2,15.0,85.0,10,90.0,72.86,False,7.55,8.99,0,10,0,False,False,0,WET,NORMAL,8,0,81,False,1,VERY_DARK,RAIN,8,81,True,False,0,SAFE,SAFE,SAFE,10,0,100,False,1,8,0,12,100,53.29678547027976,False,True,False,False,True,False
89.0,52.96,4306,3,12,2,15.0,85.0,10,90.0,72.63,False,7.51,9.01,0,10,0,False,False,0,WET,NORMAL,8,0,81,False,1,VERY_DARK,RAIN,8,81,True,False,0,SAFE,SAFE,SAFE,10,0,100,False,1,8,0,12,100,49.396636556677834,False,True,False,False,True,False
89.03,52.81,4294,3,12,2,15.0,85.0,10,90.0,72.41,False,7.47,9.03,0,10,0,False,False,0,WET,NORMAL,8,0,81,False,1,VERY_DARK,RAIN,8,81,True,False,0,SAFE,SAFE,SAFE,10,0,100,False,1,8,0,12,100,50.72458401402795,False,True,False,False,True,False
89.07,52.66,4281,3,12,2,15.0,85.0,10,90.0,72.18,False,7.42,9.05,0,10,0,False,False,0,WET,NORMAL,8,0,81,False,1,VERY_DARK,RAIN,8,81,True,False,0,SAFE,SAFE,SAFE,10,0,100,False,1,8,0,12,100,52.09187942007404,False,True,False,False,True,False
89.1,52.5,4268,3,12,2,15.0,85.0,10,90.0,71.95,False,7.38,9.07,0,10,0,False,False,0,WET,NORMAL,8,0,81,False,1,VERY_DARK,RAIN,8,81,True,False,0,SAFE,SAFE,SAFE,10,0,100,False,1,8,0,12,100,53.458154366919786,False,True,False,False,True,False
89.13,52.35,4256,3,12,2,15.0,85.0,10,90.0,71.32,False,7.34,9.04,0,10,0,False,False,0,WET,NORMAL,8,0,81,False,1,VERY_DARK,RAIN,8,81,True,False,0,SAFE,SAFE,SAFE,10,0,100,False,1,8,0,12,100,54.797183731611334,False,True,False,False,True,False
89.17,52.22,4245,3,12,2,15.0,85.0,10,90.0,71.09,False,7.3,9.05,0,10,0,False,False,0,WET,NORMAL,8,0,81,False,1,VERY_DARK,RAIN,8,81,True,False,0,SAFE,SAFE,SAFE,10,0,100,False,1,8,0,12,100,56.08366891850783,False,True,False,False,True,False
89.2,52.12,4237,3,12,2,15.0,85.0,10,90.0,70.87,False,7.27,9.06,0,10,0,False,False,0,WET,NORMAL,8,0,81,False,1,VERY_DARK,RAIN,8,81,True,False,0,SAFE,SAFE,SAFE,10,0,100,False,1,8,0,12,100,52.43677343926505,False,True,False,False,True,False
89.23,52.06,4233,3,12,2,15.0,85.0,10,90.0,70.65,False,7.26,9.04,0,10,0,False,False,0,WET,NORMAL,8,0,81,False,1,VERY_DARK,RAIN,8,81,True,False,0,SAFE,SAFE,SAFE,10,0,100,False,1,8,0,12,100,53.955691947088795,False,True,False,False,True,False
89.27,52.07,4233,3,12,2,15.0,85.0,10,90.0,70.43,False,7.26,9.01,0,10,0,False,False,0,WET,NORMAL,8,0,81,False,1,VERY_DARK,RAIN,8,81,True,False,0,SAFE,SAFE,SAFE,10,0,100,False,1,8,0,12,100,55.53338552991063,False,True,False,False,True,False
89.3,52.11,4237,3,12,2,15.0,85.0,10,90.0,70.21,False,7.27,8.97,0,10,0,False,False,0,WET,NORMAL,8,0,81,False,1,VERY_DARK,RAIN,8,81,True,False,0,SAFE,SAFE,SAFE,10,0,100,False,1,8,0,12,100,57.143806554849505,False,True,False,False,True,False
89.33,52.2,4244,3,12,2,15.0,85.0,10,90.0,69.99,False,7.3,8.91,0,10,0,False,False,0,WET,NORMAL,8,0,81,False,1,VERY_DARK,RAIN,8,81,True,False,0,SAFE,SAFE,SAFE,10,0,100,False,1,8,0,12,100,58.75890724630539,False,True,False,False,True,False
89.37,52.31,4253,3,12,2,15.0,85.0,10,90.0,69.76,False,7.33,8.84,0,10,0,False,False,0,WET,NORMAL,8,0,81,False,1,VERY_DARK,RAIN,8,81,True,False,0,SAFE,SAFE,SAFE,10,0,100,False,1,8,0,12,100,60.34624714294885,False,True,False,False,True,False
89.4,52.44,4263,3,12,2,15.0,85.0,10,90.0,69.54,False,7.36,8.76,0,10,0,False,False,0,WET,NORMAL,8,0,81,False,1,VERY_DARK,RAIN,8,81,True,False,0,SAFE,SAFE,SAFE,10,0,100,False,1,8,0,12,100,56.786637737257614,False,True,False,False,True,False
89.43,52.59,4276,3,12,2,15.0,85.0,10,90.0,69.31,False,7.41,8.68,0,10,0,False,False,0,WET,NORMAL,8,0,81,False,1,VERY_DARK,RAIN,8,81,True,False,0,SAFE,SAFE,SAFE,10,0,100,False,1,8,0,12,100,58.63447271110579,False,True,False,False,True,False
89.47,52.76,4289,3,12,2,15.0,85.0,10,90.0,69.09,False,7.45,8.6,0,10,0,False,False,0,WET,NORMAL,8,0,81,False,1,VERY_DARK,RAIN,8,81,True,False,0,SAFE,SAFE,SAFE,10,0,100,False,1,8,0,12,100,60.53149465147089,False,True,False,False,True,False
89.5,52.93,4303,3,12,2,15.0,85.0,10,90.0,68.86,False,7.5,8.51,0,10,0,False,False,0,WET,NORMAL,8,0,81,False,1,VERY_DARK,RAIN,8,81,True,False,0,SAFE,SAFE,SAFE,10,0,100,False,1,8,0,12,100,62.44050773882763,False,True,False,False,True,False
89.53,53.12,4319,3,12,2,15.0,85.0,10,90.0,68.63,False,7.55,8.42,0,10,0,False,False,0,WET,NORMAL,8,0,81,False,1,VERY_DARK,RAIN,8,81,True,False,0,SAFE,SAFE,SAFE,10,0,100,False,1,8,0,12,100,64.3245008520367,False,True,False,False,True,False
89.57,53.31,4334,3,12,2,15.0,85.0,10,90.0,68.27,False,7.61,8.32,0,10,0,False,False,0,WET,NORMAL,8,0,81,False,1,VERY_DARK,RAIN,8,81,True,False,0,SAFE,SAFE,SAFE,10,0,100,False,1,8,0,12,100,59.806741423200116,False,True,False,False,True,False
89.6,53.51,4350,3,12,2,15.0,85.0,10,90.0,67.75,False,7.66,8.19,0,10,0,False,False,0,WET,NORMAL,8,0,81,False,1,VERY_DARK,RAIN,8,81,True,False,0,SAFE,SAFE,SAFE,10,0,100,False,1,8,0,12,100,61.84804188704874,False,True,False,False,True,False
89.63,53.71,4367,3,12,2,15.0,85.0,10,90.0,67.51,False,7.72,8.1,0,10,0,False,False,0,WET,NORMAL,8,0,81,False,1,VERY_DARK,RAIN,8,81,True,False,0,SAFE,SAFE,SAFE,10,0,100,False,1,8,0,12,100,63.952026019422505,False,True,False,False,True,False
89.67,53.92,4384,3,12,2,15.0,85.0,10,90.0,67.28,False,7.77,8.01,0,10,0,False,False,0,WET,NORMAL,8,0,81,False,1,VERY_DARK,RAIN,8,81,True,False,0,SAFE,SAFE,SAFE,10,0,100,False,1,8,0,12,100,66.08179843627615,False,True,False,False,True,False
89.7,54.13,4401,3,12,2,15.0,85.0,10,90.0,67.04,False,7.83,7.92,0,10,0,False,False,0,WET,NORMAL,8,0,81,False,1,VERY_DARK,RAIN,8,81,True,False,0,SAFE,SAFE,SAFE,10,0,100,False,1,8,0,12,100,68.18648012707348,False,True,False,False,True,False
89.73,54.35,4419,3,12,2,15.0,85.0,10,90.0,66.8,False,7.89,7.83,0,10,0,False,False,0,WET,NORMAL,8,0,81,False,1,VERY_DARK,RAIN,8,81,True,False,0,SAFE,SAFE,SAFE,10,0,100,False,1,8,0,12,100,70.23463594158444,False,True,False,False,True,False
89.77,54.56,4436,3,12,2,15.0,85.0,10,90.0,66.55,False,7.95,7.74,0,10,0,False,False,0,WET,NORMAL,8,0,81,False,1,VERY_DARK,RAIN,8,81,True,False,0,SAFE,SAFE,SAFE,10,0,100,False,1,8,0,12,100,64.15057253181138,False,True,False,False,True,False
89.8,54.78,4454,3,12,2,15.0,85.0,10,90.0,66.31,False,8.01,7.65,0,10,0,False,False,0,WET,NORMAL,8,0,81,False,1,VERY_DARK,RAIN,8,81,True,False,0,SAFE,SAFE,SAFE,10,0,100,False,1,8,0,12,100,66.21569646243296,False,True,False,False,True,False
89.83,55.0,4472,3,12,2,15.0,85.0,10,90.0,66.06,False,8.07,7.56,0,10,0,False,False,0,WET,NORMAL,8,0,81,False,1,VERY_DARK,RAIN,8,81,True,False,0,SAFE,SAFE,SAFE,10,0,100,False,1,8,0,12,100,68.32505380334784,False,True,False,False,True,False
89.87,55.23,4490,3,12,2,15.0,85.0,10,90.0,65.82,False,8.14,7.47,0,10,0,False,False,0,WET,NORMAL,8,0,81,False,1,VERY_DARK,RAIN,8,81,True,False,0,SAFE,SAFE,SAFE,10,0,100,False,1,8,0,12,100,70.4421648158618,False,True,False,False,True,False
89.9,55.45,4508,3,12,2,15.0,85.0,10,90.0,65.57,False,8.2,7.39,0,10,0,False,False,0,WET,NORMAL,8,0,81,False,1,VERY_DARK,RAIN,8,81,True,False,0,SAFE,SAFE,SAFE,10,0,100,False,1,8,0,12,100,72.52289421148188,False,True,False,False,True,False
89.93,55.68,4527,3,12,2,15.0,85.0,10,90.0,65.18,False,8.26,7.28,0,10,0,False,False,0,WET,NORMAL,8,0,81,False,1,VERY_DARK,RAIN,8,81,True,False,0,SAFE,SAFE,SAFE,10,0,100,False,1,8,0,12,100,74.52820442044222,False,True,False,False,True,False
89.97,55.9,4545,3,12,2,15.0,85.0,10,90.0,64.93,False,8.32,7.2,0,10,0,False,False,0,WET,NORMAL,8,0,81,False,1,VERY_DARK,RAIN,8,81,True,False,0,SAFE,SAFE,SAFE,10,0,100,False,1,8,0,12,100,66.39535108058239,False,True,False,False,True,False
90.0,56.13,4563,3,12,2,15.0,85.0,10,90.0,64.67,False,8.39,7.11,0,10,0,False,False,0,WET,NORMAL,8,0,81,False,1,VERY_DARK,RAIN,8,81,True,False,0,SAFE,SAFE,SAFE,10,0,100,False,1,8,0,12,100,68.29782310700362,False,True,False,False,True,False
90.03,56.36,4582,3,12,3,-3.0,80.0,10,90.0,64.12,False,8.45,7.0,0,10,0,False,False,1,ICE,NORMAL,6,0,62,False,1,VERY_DARK,SNOW,0,54,True,False,0,SAFE,SAFE,SAFE,10,0,100,False,1,0,0,12,100,54,False,True,False,False,True,False
90.07,56.54,4597,3,12,3,-3.0,80.0,10,90.0,63.86,False,8.5,6.92,0,10,0,False,False,1,ICE,NORMAL,6,0,62,False,1,VERY_DARK,SNOW,0,54,True,False,0,SAFE,SAFE,SAFE,10,0,100,False,1,0,0,12,100,54,False,True,False,False,True,False
90.1,56.65,4605,3,12,3,-3.0,80.0,10,90.0,63.6,False,8.53,6.87,0,10,0,False,False,1,ICE,NORMAL,6,0,62,False,1,VERY_DARK,SNOW,0,54,True,False,0,SAFE,SAFE,SAFE,10,0,100,False,1,0,0,12,100,54,False,True,False,False,True,False
90.13,56.66,4607,3,12,3,-3.0,80.0,10,90.0,63.34,False,8.54,6.83,0,10,0,False,False,1,ICE,NORMAL,6,0,62,False,1,VERY_DARK,SNOW,0,54,True,False,0,SAFE,SAFE,SAFE,10,0,100,False,1,0,0,12,100,54,False,True,False,False,True,False
90.17,56.61,4602,3,12,3,-3.0,80.0,10,90.0,63.08,False,8.52,6.82,0,10,0,False,False,1,ICE,NORMAL,6,0,62,False,1,VERY_DARK,SNOW,0,54,True,False,0,SAFE,SAFE,SAFE,10,0,100,False,1,0,0,12,100,54,False,True,False,False,True,False
90.2,56.5,4593,3,12,3,-3.0,80.0,10,90.0,62.82,False,8.49,6.81,0,10,0,False,False,1,ICE,NORMAL,6,0,62,False,1,VERY_DARK,SNOW,0,54,True,False,0,SAFE,SAFE,SAFE,10,0,100,False,1,0,0,12,100,54,False,True,False,False,True,False
90.23,56.35,4581,3,12,3,-3.0,80.0,10,90.0,62.56,False,8.45,6.81,0,10,0,False,False,1,ICE,NORMAL,6,0,62,False,1,VERY_DARK,SNOW,0,54,True,False,0,SAFE,SAFE,SAFE,10,0,100,False,1,0,0,12,100,54,False,True,False,False,True,False
90.27,56.17,4567,3,12,3,-3.0,80.0,10,90.0,62.17,False,8.4,6.81,0,10,0,False,False,1,ICE,NORMAL,6,0,62,False,1,VERY_DARK,SNOW,0,54,True,False,0,SAFE,SAFE,SAFE,10,0,100,False,1,0,0,12,100,54,False,True,False,False,True,False
90.3,55.98,4552,3,12,3,-3.0,80.0,10,90.0,61.91,False,8.35,6.82,0,10,0,False,False,1,ICE,NORMAL,6,0,62,False,1,VERY_DARK,SNOW,0,54,True,False,0,SAFE,SAFE,SAFE,10,0,100,False,1,0,0,12,100,54,False,True,False,False,True,False
90.33,55.78,4535,3,12,3,-3.0,80.0,10,90.0,61.66,False,8.29,6.83,0,10,0,False,False,1,ICE,NORMAL,6,0,62,False,1,VERY_DARK,SNOW,0,54,True,False,0,SAFE,SAFE,SAFE,10,0,100,False,1,0,0,12,100,54,False,True,False,False,True,False
90.37,55.57,4518,3,12,3,-3.0,80.0,10,90.0,61.41,False,8.23,6.85,0,10,0,False,False,1,ICE,NORMAL,6,0,62,False,1,VERY_DARK,SNOW,0,54,True,False,0,SAFE,SAFE,SAFE,10,0,100,False,1,0,0,12,100,54,False,True,False,False,True,False
90.4,55.36,4501,3,12,3,-3.0,80.0,10,90.0,61.15,False,8.17,6.87,0,10,0,False,False,1,ICE,NORMAL,6,0,62,False,1,VERY_DARK,SNOW,0,54,True,False,0,SAFE,SAFE,SAFE,10,0,100,False,1,0,0,12,100,54,False,True,False,False,True,False
90.43,55.14,4483,3,12,3,-3.0,80.0,10,90.0,60.91,False,8.11,6.89,0,10,0,False,False,1,ICE,NORMAL,6,0,62,False,1,VERY_DARK,SNOW,0,54,True,False,0,SAFE,SAFE,SAFE,10,0,100,False,1,0,0,12,100,54,False,True,False,False,True,False
90.47,54.92,4465,3,12,3,-3.0,80.0,10,90.0,60.37,False,8.05,6.88,0,10,0,False,False,1,ICE,NORMAL,6,0,62,False,1,VERY_DARK,SNOW,0,54,True,False,0,SAFE,SAFE,SAFE,10,0,100,False,1,0,0,12,100,54,False,True,False,False,True,False
90.5,54.69,4447,3,12,3,-3.0,80.0,10,90.0,60.13,False,7.99,6.9,0,10,0,False,False,1,ICE,NORMAL,6,0,62,False,1,VERY_DARK,SNOW,0,54,True,False,0,SAFE,SAFE,SAFE,10,0,100,False,1,0,0,12,100,54,False,True,False,False,True,False
90.53,54.47,4428,3,12,3,-3.0,80.0,10,90.0,59.88,False,7.93,6.92,0,10,0,False,False,1,ICE,NORMAL,6,0,62,False,1,VERY_DARK,SNOW,0,54,True,False,0,SAFE,SAFE,SAFE,10,0,100,False,1,0,0,12,100,54,False,True,False,False,True,False
90.57,54.25,4410,3,12,3,-3.0,80.0,10,90.0,59.64,False,7.86,6.95,0,10,0,False,False,1,ICE,NORMAL,6,0,62,False,1,VERY_DARK,SNOW,0,54,True,False,0,SAFE,SAFE,SAFE,10,0,100,False,1,0,0,12,100,54,False,True,False,False,True,False
90.6,54.02,4392,3,12,3,-3.0,80.0,10,90.0,59.27,False,7.8,6.96,0,10,0,False,False,1,ICE,NORMAL,6,0,62,False,1,VERY_DARK,SNOW,0,54,True,False,0,SAFE,SAFE,SAFE,10,0,100,False,1,0,0,12,100,54,False,True,False,False,True,False
90.63,53.8,4374,3,12,3,-3.0,80.0,10,90.0,59.03,False,7.74,6.98,0,10,0,False,False,1,ICE,NORMAL,6,0,62,False,1,VERY_DARK,SNOW,5,54,True,False,0,SAFE,SAFE,SAFE,10,0,100,False,1,5,0,12,100,54,False,True,False,False,True,False
90.67,53.63,4360,3,12,3,-3.0,80.0,10,90.0,58.8,False,7.69,6.99,0,10,0,False,False,1,ICE,NORMAL,6,0,62,False,1,VERY_DARK,SNOW,5,54,True,False,0,SAFE,SAFE,SAFE,10,0,100,False,1,5,0,12,100,54,False,True,False,False,True,False
90.7,53.49,4349,3,12,3,-3.0,80.0,10,90.0,58.56,False,7.65,7.0,0,10,0,False,False,1,ICE,NORMAL,6,0,62,False,1,VERY_DARK,SNOW,5,54,True,False,0,SAFE,SAFE,SAFE,10,0,100,False,1,5,0,12,100,54,False,True,False,False,True,False
90.73,53.38,4340,3,12,3,-3.0,80.0,10,90.0,58.33,False,7.63,6.99,0,10,0,False,False,1,ICE,NORMAL,6,0,62,False,1,VERY_DARK,SNOW,5,54,True,False,0,SAFE,SAFE,SAFE,10,0,100,False,1,5,0,12,100,54,False,True,False,False,True,False
90.77,53.31,4335,3,12,3,-3.0,80.0,10,90.0,58.1,False,7.61,6.98,0,10,0,False,False,1,ICE,NORMAL,6,0,62,False,1,VERY_DARK,SNOW,5,54,True,False,0,SAFE,SAFE,SAFE,10,0,100,False,1,5,0,12,100,54,False,True,False,False,True,False
90.8,53.27,4331,3,12,3,-3.0,80.0,10,90.0,57.87,False,7.6,6.96,0,10,0,False,False,1,ICE,NORMAL,6,0,62,False,1,VERY_DARK,SNOW,5,54,True,False,0,SAFE,SAFE,SAFE,10,0,100,False,1,5,0,12,100,54,False,True,False,False,True,False
90.83,53.25,4329,3,12,3,-3.0,80.0,10,90.0,57.63,False,7.59,6.94,0,10,0,False,False,1,ICE,NORMAL,6,0,62,False,1,VERY_DARK,SNOW,5,54,True,False,0,SAFE,SAFE,SAFE,10,0,100,False,1,5,0,12,100,54,False,True,False,False,True,False
90.87,53.24,4328,3,12,3,-3.0,80.0,10,90.0,57.4,False,7.59,6.91,0,10,0,False,False,1,ICE,NORMAL,6,0,62,False,1,VERY_DARK,SNOW,5,54,True,False,0,SAFE,SAFE,SAFE,10,0,100,False,1,5,0,12,100,54,False,True,False,False,True,False
90.9,53.24,4329,3,12,3,-3.0,80.0,10,90.0,57.17,False,7.59,6.88,0,10,0,False,False,1,ICE,NORMAL,6,0,62,False,1,VERY_DARK,SNOW,5,54,True,False,0,SAFE,SAFE,SAFE,10,0,100,False,1,5,0,12,100,54,False,True,False,False,True,False
90.93,53.25,4329,3,12,3,-3.0,80.0,10,90.0,56.65,False,7.59,6.81,0,10,0,False,False,1,ICE,NORMAL,6,0,62,False,1,VERY_DARK,SNOW,5,54,True,False,0,SAFE,SAFE,SAFE,10,0,100,False,1,5,0,12,100,54,False,True,False,False,True,False
90.97,53.27,4331,3,12,3,-3.0,80.0,10,90.0,56.29,False,7.59,6.75,0,10,0,False,False,1,ICE,NORMAL,6,0,62,False,1,VERY_DARK,SNOW,5,54,True,False,0,SAFE,SAFE,SAFE,10,0,100,False,1,5,0,12,100,54,False,True,False,False,True,False
91.0,53.29,4333,3,12,3,-3.0,80.0,10,90.0,56.06,False,7.6,6.72,0,10,0,False,False,1,ICE,NORMAL,6,0,62,False,1,VERY_DARK,SNOW,5,54,True,False,0,SAFE,SAFE,SAFE,10,0,100,False,1,5,0,12,100,54,False,True,False,False,True,False
91.03,53.32,4335,3,12,3,-3.0,80.0,10,90.0,55.82,False,7.61,6.68,0,10,0,False,False,1,ICE,NORMAL,6,0,62,False,1,VERY_DARK,SNOW,5,54,True,False,0,SAFE,SAFE,SAFE,10,0,100,False,1,5,0,12,100,54,False,True,False,False,True,False
91.07,53.34,4337,3,12,3,-3.0,80.0,10,90.0,55.59,False,7.61,6.65,0,10,0,False,False,1,ICE,NORMAL,6,0,62,False,1,VERY_DARK,SNOW,5,54,True,False,0,SAFE,SAFE,SAFE,10,0,100,False,1,5,0,12,100,54,False,True,False,False,True,False
91.1,53.37,4339,3,12,3,-3.0,80.0,10,90.0,55.36,False,7.62,6.61,0,10,0,False,False,1,ICE,NORMAL,6,0,62,False,1,VERY_DARK,SNOW,5,54,True,False,0,SAFE,SAFE,SAFE,10,0,100,False,1,5,0,12,100,54,False,True,False,False,True,False
91.13,53.41,4342,3,12,3,-3.0,80.0,10,90.0,55.13,False,7.63,6.57,0,10,0,False,False,1,ICE,NORMAL,6,0,62,False,1,VERY_DARK,SNOW,5,54,True,False,0,SAFE,SAFE,SAFE,10,0,100,False,1,5,0,12,100,54,False,True,False,False,True,False
91.17,53.44,4344,3,12,3,-3.0,80.0,10,90.0,54.89,False,7.64,6.53,0,10,0,False,False,1,ICE,NORMAL,6,0,62,False,1,VERY_DARK,SNOW,5,54,True,False,0,SAFE,SAFE,SAFE,10,0,100,False,1,5,0,12,100,54,False,True,False,False,True,False
91.2,53.47,4347,3,12,3,-3.0,80.0,10,90.0,54.66,False,7.65,6.49,0,10,0,False,False,1,ICE,NORMAL,6,0,62,False,1,VERY_DARK,SNOW,5,54,True,False,0,SAFE,SAFE,SAFE,10,0,100,False,1,5,0,12,100,54,False,True,False,False,True,False
91.23,53.51,4350,3,12,3,-3.0,80.0,10,90.0,54.43,False,7.66,6.45,0,10,0,False,False,1,ICE,NORMAL,6,0,62,False,1,VERY_DARK,SNOW,5,54,True,False,0,SAFE,SAFE,SAFE,10,0,100,False,1,5,0,12,100,54,False,True,False,False,True,False
91.27,53.54,4353,3,12,3,-3.0,80.0,10,90.0,54.19,False,7.67,6.42,0,10,0,False,False,1,ICE,NORMAL,6,0,62,False,1,VERY_DARK,SNOW,5,54,True,False,0,SAFE,SAFE,SAFE,10,0,100,False,1,5,0,12,100,54,False,True,False,False,True,False
91.3,53.57,4356,3,12,3,-3.0,80.0,10,90.0,53.96,False,7.68,6.38,0,10,0,False,False,1,ICE,NORMAL,6,0,62,False,1,VERY_DARK,SNOW,5,54,True,False,0,SAFE,SAFE,SAFE,10,0,100,False,1,5,0,12,100,54,False,True,False,False,True,False
91.33,53.61,4358,3,12,3,-3.0,80.0,10,90.0,53.72,False,7.69,6.34,0,10,0,False,False,1,ICE,NORMAL,6,0,62,False,1,VERY_DARK,SNOW,5,54,True,False,0,SAFE,SAFE,SAFE,10,0,100,False,1,5,0,12,100,54,False,True,False,False,True,False
91.37,53.64,4361,3,12,3,-3.0,80.0,10,90.0,53.07,False,7.7,6.24,0,10,0,False,False,1,ICE,NORMAL,6,0,62,False,1,VERY_DARK,SNOW,5,54,True,False,0,SAFE,SAFE,SAFE,10,0,100,False,1,5,0,12,100,54,False,True,False,False,True,False
91.4,53.68,4364,3,12,3,-3.0,80.0,10,90.0,52.83,False,7.71,6.21,0,10,0,False,False,1,ICE,NORMAL,6,0,62,False,1,VERY_DARK,SNOW,5,54,True,False,0,SAFE,SAFE,SAFE,10,0,100,False,1,5,0,12,100,54,False,True,False,False,True,False
91.43,53.72,4367,3,12,3,-3.0,80.0,10,90.0,52.6,False,7.72,6.17,0,10,0,False,False,1,ICE,NORMAL,6,0,62,False,1,VERY_DARK,SNOW,5,54,True,False,0,SAFE,SAFE,SAFE,10,0,100,False,1,5,0,12,100,54,False,True,False,False,True,False
91.47,53.75,4370,3,12,3,-3.0,80.0,10,90.0,52.36,False,7.73,6.13,0,10,0,False,False,1,ICE,NORMAL,6,0,62,False,1,VERY_DARK,SNOW,5,54,True,False,0,SAFE,SAFE,SAFE,10,0,100,False,1,5,0,12,100,54,False,True,False,False,True,False
91.5,53.79,4373,3,12,3,-3.0,80.0,10,90.0,52.13,False,7.74,6.09,0,10,0,False,False,1,ICE,NORMAL,6,0,62,False,1,VERY_DARK,SNOW,5,54,True,False,0,SAFE,SAFE,SAFE,10,0,100,False,1,5,0,12,100,54,False,True,False,False,True,False
91.53,53.82,4376,3,12,3,-3.0,80.0,10,90.0,51.89,False,7.75,6.05,0,10,0,False,False,1,ICE,NORMAL,6,0,62,False,1,VERY_DARK,SNOW,5,54,True,False,0,SAFE,SAFE,SAFE,10,0,100,False,1,5,0,12,100,54,False,True,False,False,True,False
91.57,53.86,4379,3,12,3,-3.0,80.0,10,90.0,51.65,False,7.76,6.01,0,10,0,False,False,1,ICE,NORMAL,6,0,62,False,1,VERY_DARK,SNOW,5,54,True,False,0,SAFE,SAFE,SAFE,10,0,100,False,1,5,0,12,100,54,False,True,False,False,True,False
91.6,53.89,4382,3,12,3,-3.0,80.0,10,90.0,51.42,False,7.77,5.98,0,10,0,False,False,1,ICE,NORMAL,6,0,62,False,1,VERY_DARK,SNOW,5,54,True,False,0,SAFE,SAFE,SAFE,10,0,100,False,1,5,0,12,100,54,False,True,False,False,True,False
91.63,53.93,4385,3,12,3,-3.0,80.0,10,90.0,51.18,False,7.78,5.94,0,10,0,False,False,1,ICE,NORMAL,6,0,62,False,1,VERY_DARK,SNOW,5,54,True,False,0,SAFE,SAFE,SAFE,10,0,100,False,1,5,0,12,100,54,False,True,False,False,True,False
91.67,53.97,4387,3,12,3,-3.0,80.0,10,90.0,50.94,False,7.79,5.9,0,10,0,False,False,1,ICE,NORMAL,6,0,62,False,1,VERY_DARK,SNOW,5,54,True,False,0,SAFE,SAFE,SAFE,10,0,100,False,1,5,0,12,100,54,False,True,False,False,True,False
91.7,54.0,4390,3,12,3,-3.0,80.0,10,90.0,50.7,False,7.8,5.86,0,10,0,False,False,1,ICE,NORMAL,6,0,62,False,1,VERY_DARK,SNOW,0,54,True,False,0,SAFE,SAFE,SAFE,10,0,100,False,1,0,0,12,100,54,False,True,False,False,True,False
91.73,53.99,4389,3,12,3,-3.0,80.0,10,90.0,50.33,False,7.79,5.82,0,10,0,False,False,1,ICE,NORMAL,6,0,62,False,1,VERY_DARK,SNOW,5,54,True,False,0,SAFE,SAFE,SAFE,10,0,100,False,1,5,0,12,100,54,False,True,False,False,True,False
91.77,53.97,4388,3,12,3,-3.0,80.0,10,90.0,50.09,False,7.79,5.79,0,10,0,False,False,1,ICE,NORMAL,6,0,62,False,1,VERY_DARK,SNOW,5,54,True,False,0,SAFE,SAFE,SAFE,10,0,100,False,1,5,0,12,100,54,False,True,False,False,True,False
91.8,53.97,4387,3,12,3,-3.0,80.0,10,90.0,49.57,False,7.79,5.72,0,10,0,False,False,1,ICE,NORMAL,6,0,62,False,1,VERY_DARK,SNOW,5,54,True,False,0,SAFE,SAFE,SAFE,10,0,100,False,1,5,0,12,100,54,False,True,False,False,True,False
91.83,53.97,4388,3,12,3,-3.0,80.0,10,90.0,49.33,False,7.79,5.69,0,10,0,False,False,1,ICE,NORMAL,6,0,62,False,1,VERY_DARK,SNOW,5,54,True,False,0,SAFE,SAFE,SAFE,10,0,100,False,1,5,0,12,100,54,False,True,False,False,True,False
91.87,53.98,4389,3,12,3,-3.0,80.0,10,90.0,49.09,False,7.79,5.66,0,10,0,False,False,1,ICE,NORMAL,6,0,62,False,1,VERY_DARK,SNOW,5,54,True,False,0,SAFE,SAFE,SAFE,10,0,100,False,1,5,0,12,100,54,False,True,False,False,True,False
91.9,54.0,4390,3,12,3,-3.0,80.0,10,90.0,48.86,False,7.79,5.63,0,10,0,False,False,1,ICE,NORMAL,6,0,62,False,1,VERY_DARK,SNOW,5,54,True,False,0,SAFE,SAFE,SAFE,10,0,100,False,1,5,0,12,100,54,False,True,False,False,True,False
91.93,54.02,4392,3,12,3,-3.0,80.0,10,90.0,48.62,False,7.8,5.59,0,10,0,False,False,1,ICE,NORMAL,6,0,62,False,1,VERY_DARK,SNOW,0,54,True,False,0,SAFE,SAFE,SAFE,10,0,100,False,1,0,0,12,100,54,False,True,False,False,True,False
91.97,53.99,4390,3,12,3,-3.0,80.0,10,90.0,48.38,False,7.79,5.57,0,10,0,False,False,1,ICE,NORMAL,6,0,62,False,1,VERY_DARK,SNOW,5,54,True,False,0,SAFE,SAFE,SAFE,10,0,100,False,1,5,0,12,100,54,False,True,False,False,True,False
92.0,53.97,4388,3,12,3,-3.0,80.0,10,90.0,48.14,False,7.79,5.54,0,10,0,False,False,1,ICE,NORMAL,6,0,62,False,1,VERY_DARK,SNOW,5,54,True,False,0,SAFE,SAFE,SAFE,10,0,100,False,1,5,0,12,100,54,False,True,False,False,True,False
92.03,53.96,4387,3,12,3,-3.0,80.0,10,90.0,47.9,False,7.79,5.51,0,10,0,False,False,1,ICE,NORMAL,6,0,62,False,1,VERY_DARK,SNOW,5,54,True,False,0,SAFE,SAFE,SAFE,10,0,100,False,1,5,0,12,100,54,False,True,False,False,True,False
92.07,53.96,4387,3,12,3,-3.0,80.0,10,90.0,47.67,False,7.79,5.48,0,10,0,False,False,1,ICE,NORMAL,6,0,62,False,1,VERY_DARK,SNOW,5,54,True,False,0,SAFE,SAFE,SAFE,10,0,100,False,1,5,0,12,100,54,False,True,False,False,True,False
92.1,53.97,4388,3,12,3,-3.0,80.0,10,90.0,47.3,False,7.79,5.43,0,10,0,False,False,1,ICE,NORMAL,6,0,62,False,1,VERY_DARK,SNOW,5,54,True,False,0,SAFE,SAFE,SAFE,10,0,100,False,1,5,0,12,100,54,False,True,False,False,True,False
92.13,53.98,4389,3,12,3,-3.0,80.0,10,90.0,47.06,False,7.79,5.4,0,10,0,False,False,1,ICE,NORMAL,6,0,62,False,1,VERY_DARK,SNOW,5,54,True,False,0,SAFE,SAFE,SAFE,10,0,100,False,1,5,0,12,100,54,False,True,False,False,True,False
92.17,54.0,4390,3,12,3,-3.0,80.0,10,90.0,46.82,False,7.8,5.36,0,10,0,False,False,1,ICE,NORMAL,6,0,62,False,1,VERY_DARK,SNOW,0,54,True,False,0,SAFE,SAFE,SAFE,10,0,100,False,1,0,0,12,100,54,False,True,False,False,True,False
92.2,53.98,4388,3,12,3,-3.0,80.0,10,90.0,46.58,False,7.79,5.34,0,10,0,False,False,1,ICE,NORMAL,6,0,62,False,1,VERY_DARK,SNOW,5,54,True,False,0,SAFE,SAFE,SAFE,10,0,100,False,1,5,0,12,100,54,False,True,False,False,True,False
92.23,53.95,4387,3,12,3,-3.0,80.0,10,90.0,46.34,False,7.78,5.31,0,10,0,False,False,1,ICE,NORMAL,6,0,62,False,1,VERY_DARK,SNOW,5,54,True,False,0,SAFE,SAFE,SAFE,10,0,100,False,1,5,0,12,100,54,False,True,False,False,True,False
92.27,53.94,4385,3,12,3,-3.0,80.0,10,90.0,45.82,False,7.78,5.25,0,10,0,False,False,1,ICE,NORMAL,6,0,62,False,1,VERY_DARK,SNOW,5,54,True,False,0,SAFE,SAFE,SAFE,10,0,100,False,1,5,0,12,100,54,False,True,False,False,True,False
92.3,53.94,4385,3,12,3,-3.0,80.0,10,90.0,45.58,False,7.78,5.22,0,10,0,False,False,1,ICE,NORMAL,6,0,62,False,1,VERY_DARK,SNOW,5,54,True,False,0,SAFE,SAFE,SAFE,10,0,100,False,1,5,0,12,100,54,False,True,False,False,True,False
92.33,53.95,4386,3,12,3,-3.0,80.0,10,90.0,45.34,False,7.78,5.19,0,10,0,False,False,1,ICE,NORMAL,6,0,62,False,1,VERY_DARK,SNOW,5,54,True,False,0,SAFE,SAFE,SAFE,10,0,100,False,1,5,0,12,100,54,False,True,False,False,True,False
92.37,53.96,4387,3,12,3,-3.0,80.0,10,90.0,45.11,False,7.78,5.15,0,10,0,False,False,1,ICE,NORMAL,6,0,62,False,1,VERY_DARK,SNOW,5,54,True,False,0,SAFE,SAFE,SAFE,10,0,100,False,1,5,0,12,100,54,False,True,False,False,True,False
92.4,53.98,4389,3,12,3,-3.0,80.0,10,90.0,44.87,False,7.79,5.12,0,10,0,False,False,1,ICE,NORMAL,6,0,62,False,1,VERY_DARK,SNOW,5,54,True,False,0,SAFE,SAFE,SAFE,10,0,100,False,1,5,0,12,100,54,False,True,False,False,True,False
92.43,54.01,4391,3,12,3,-3.0,80.0,10,90.0,44.63,False,7.8,5.08,0,10,0,False,False,1,ICE,NORMAL,6,0,62,False,1,VERY_DARK,SNOW,0,54,True,False,0,SAFE,SAFE,SAFE,10,0,100,False,1,0,0,12,100,54,False,True,False,False,True,False
92.47,53.98,4389,3,12,3,-3.0,80.0,10,90.0,44.26,False,7.79,5.04,0,10,0,False,False,1,ICE,NORMAL,6,0,62,False,1,VERY_DARK,SNOW,5,54,True,False,0,SAFE,SAFE,SAFE,10,0,100,False,1,5,0,12,100,54,False,True,False,False,True,False
92.5,53.96,4387,3,12,3,-3.0,80.0,10,90.0,44.02,False,7.78,5.01,0,10,0,False,False,1,ICE,NORMAL,6,0,62,False,1,VERY_DARK,SNOW,5,54,True,False,0,SAFE,SAFE,SAFE,10,0,100,False,1,5,0,12,100,54,False,True,False,False,True,False
92.53,53.95,4386,3,12,3,-3.0,80.0,10,90.0,43.78,False,7.78,4.98,0,10,0,False,False,1,ICE,NORMAL,6,0,62,False,1,VERY_DARK,SNOW,5,54,True,False,0,SAFE,SAFE,SAFE,10,0,100,False,1,5,0,12,100,54,False,True,False,False,True,False
92.57,53.95,4386,3,12,3,-3.0,80.0,10,90.0,43.55,False,7.78,4.95,0,10,0,False,False,1,ICE,NORMAL,6,0,62,False,1,VERY_DARK,SNOW,5,54,True,False,0,SAFE,SAFE,SAFE,10,0,100,False,1,5,0,12,100,54,False,True,False,False,True,False
92.6,53.96,4387,3,12,3,-3.0,80.0,10,90.0,43.31,False,7.78,4.92,0,10,0,False,False,1,ICE,NORMAL,6,0,62,False,1,VERY_DARK,SNOW,5,54,True,False,0,SAFE,SAFE,SAFE,10,0,100,False,1,5,0,12,100,54,False,True,False,False,True,False
92.63,53.97,4388,3,12,3,-3.0,80.0,10,90.0,43.07,False,7.79,4.89,0,10,0,False,False,1,ICE,NORMAL,6,0,62,False,1,VERY_DARK,SNOW,5,54,True,False,0,SAFE,SAFE,SAFE,10,0,100,False,1,5,0,12,100,54,False,True,False,False,True,False
92.67,53.99,4390,3,12,3,-3.0,80.0,10,90.0,42.83,False,7.79,4.85,0,10,0,False,False,1,ICE,NORMAL,6,0,62,False,1,VERY_DARK,SNOW,5,54,True,False,0,SAFE,SAFE,SAFE,10,0,100,False,1,5,0,12,100,54,False,True,False,False,True,False
92.7,54.02,4392,3,12,3,-3.0,80.0,10,90.0,42.31,False,7.8,4.78,0,10,0,False,False,1,ICE,NORMAL,6,0,62,False,1,VERY_DARK,SNOW,0,54,True,False,0,SAFE,SAFE,SAFE,10,0,100,False,1,0,0,12,100,54,False,True,False,False,True,False
92.73,54.0,4390,3,12,3,-3.0,80.0,10,90.0,42.07,False,7.8,4.75,0,10,0,False,False,1,ICE,NORMAL,6,0,62,False,1,VERY_DARK,SNOW,5,54,True,False,0,SAFE,SAFE,SAFE,10,0,100,False,1,5,0,12,100,54,False,True,False,False,True,False
92.77,53.98,4388,3,12,3,-3.0,80.0,10,90.0,41.83,False,7.79,4.73,0,10,0,False,False,1,ICE,NORMAL,6,0,62,False,1,VERY_DARK,SNOW,5,54,True,False,0,SAFE,SAFE,SAFE,10,0,100,False,1,5,0,12,100,54,False,True,False,False,True,False
92.8,53.96,4387,3,12,3,-3.0,80.0,10,90.0,41.59,False,7.79,4.7,0,10,0,False,False,1,ICE,NORMAL,6,0,62,False,1,VERY_DARK,SNOW,5,54,True,False,0,SAFE,SAFE,SAFE,10,0,100,False,1,5,0,12,100,54,False,True,False,False,True,False
92.83,53.96,4387,3,12,3,-3.0,80.0,10,90.0,41.22,False,7.79,4.65,0,10,0,False,False,1,ICE,NORMAL,6,0,62,False,1,VERY_DARK,SNOW,5,54,True,False,0,SAFE,SAFE,SAFE,10,0,100,False,1,5,0,12,100,54,False,True,False,False,True,False
92.87,53.97,4388,3,12,3,-3.0,80.0,10,90.0,40.98,False,7.79,4.62,0,10,0,False,False,1,ICE,NORMAL,6,0,62,False,1,VERY_DARK,SNOW,5,54,True,False,0,SAFE,SAFE,SAFE,10,0,100,False,1,5,0,12,100,54,False,True,False,False,True,False
92.9,53.99,4389,3,12,3,-3.0,80.0,10,90.0,40.75,False,7.79,4.59,0,10,0,False,False,1,ICE,NORMAL,6,0,62,False,1,VERY_DARK,SNOW,5,54,True,False,0,SAFE,SAFE,SAFE,10,0,100,False,1,5,0,12,100,54,False,True,False,False,True,False
92.93,54.01,4391,3,12,3,-3.0,80.0,10,90.0,40.51,False,7.8,4.55,0,10,0,False,False,1,ICE,NORMAL,6,0,62,False,1,VERY_DARK,SNOW,0,54,True,False,0,SAFE,SAFE,SAFE,10,0,100,False,1,0,0,12,100,54,False,True,False,False,True,False
92.97,53.98,4389,3,12,3,-3.0,80.0,10,90.0,40.27,False,7.79,4.53,0,10,0,False,False,1,ICE,NORMAL,6,0,62,False,1,VERY_DARK,SNOW,5,54,True,False,0,SAFE,SAFE,SAFE,10,0,100,False,1,5,0,12,100,54,False,True,False,False,True,False
93.0,53.96,4387,3,12,3,-3.0,80.0,10,90.0,40.03,False,7.78,4.5,0,10,0,False,False,1,ICE,NORMAL,6,0,62,False,1,VERY_DARK,SNOW,5,54,True,False,0,SAFE,SAFE,SAFE,10,0,100,False,1,5,0,12,100,54,False,True,False,False,True,False
93.03,53.95,4386,3,12,3,-3.0,80.0,10,90.0,39.79,False,7.78,4.47,0,10,0,False,False,1,ICE,NORMAL,6,0,62,False,1,VERY_DARK,SNOW,5,54,True,False,0,SAFE,SAFE,SAFE,10,0,100,False,1,5,0,12,100,54,False,True,False,False,True,False
93.07,53.95,4386,3,12,3,-3.0,80.0,10,90.0,39.56,False,7.78,4.44,0,10,0,False,False,1,ICE,NORMAL,6,0,62,False,1,VERY_DARK,SNOW,5,54,True,False,0,SAFE,SAFE,SAFE,10,0,100,False,1,5,0,12,100,54,False,True,False,False,True,False
93.1,53.95,4386,3,12,3,-3.0,80.0,10,90.0,39.32,False,7.78,4.41,0,10,0,False,False,1,ICE,NORMAL,6,0,62,False,1,VERY_DARK,SNOW,5,54,True,False,0,SAFE,SAFE,SAFE,10,0,100,False,1,5,0,12,100,54,False,True,False,False,True,False
93.13,53.97,4388,3,12,3,-3.0,80.0,10,90.0,39.08,False,7.79,4.38,0,10,0,False,False,1,ICE,NORMAL,6,0,62,False,1,VERY_DARK,SNOW,5,54,True,False,0,SAFE,SAFE,SAFE,10,0,100,False,1,5,0,12,100,54,False,True,False,False,True,False
93.17,53.99,4389,3,12,3,-3.0,80.0,10,90.0,38.56,False,7.79,4.31,0,10,0,False,False,1,ICE,NORMAL,6,0,62,False,1,VERY_DARK,SNOW,5,54,True,False,0,SAFE,SAFE,SAFE,10,0,100,False,1,5,0,12,100,54,False,True,False,False,True,False
93.2,54.01,4391,3,12,3,-3.0,80.0,10,90.0,38.19,False,7.8,4.25,0,10,0,False,False,1,ICE,NORMAL,6,0,62,False,1,VERY_DARK,SNOW,0,54,True,False,0,SAFE,SAFE,SAFE,10,0,100,False,1,0,0,12,100,54,False,True,False,False,True,False
93.23,53.99,4389,3,12,3,-3.0,80.0,10,90.0,37.95,False,7.79,4.23,0,10,0,False,False,1,ICE,NORMAL,6,0,62,False,1,VERY_DARK,SNOW,5,54,True,False,0,SAFE,SAFE,SAFE,10,0,100,False,1,5,0,12,100,54,False,True,False,False,True,False
93.27,53.97,4388,3,12,3,-3.0,80.0,10,90.0,37.71,False,7.79,4.2,0,10,0,False,False,1,ICE,NORMAL,6,0,62,False,1,VERY_DARK,SNOW,5,54,True,False,0,SAFE,SAFE,SAFE,10,0,100,False,1,5,0,12,100,54,False,True,False,False,True,False
93.3,53.96,4387,3,12,3,-3.0,80.0,10,90.0,37.47,False,7.78,4.17,0,10,0,False,False,1,ICE,NORMAL,6,0,62,False,1,VERY_DARK,SNOW,5,54,True,False,0,SAFE,SAFE,SAFE,10,0,100,False,1,5,0,12,100,54,False,True,False,False,True,False
93.33,53.96,4387,3,12,3,-3.0,80.0,10,90.0,37.23,False,7.78,4.14,0,10,0,False,False,1,ICE,NORMAL,6,0,62,False,1,VERY_DARK,SNOW,5,54,True,False,0,SAFE,SAFE,SAFE,10,0,100,False,1,5,0,12,100,54,False,True,False,False,True,False
93.37,53.97,4388,3,12,3,-3.0,80.0,10,90.0,37.0,False,7.79,4.11,0,10,0,False,False,1,ICE,NORMAL,6,0,62,False,1,VERY_DARK,SNOW,5,54,True,False,0,SAFE,SAFE,SAFE,10,0,100,False,1,5,0,12,100,54,False,True,False,False,True,False
93.4,53.98,4389,3,12,3,-3.0,80.0,10,90.0,36.76,False,7.79,4.08,0,10,0,False,False,1,ICE,NORMAL,6,0,62,False,1,VERY_DARK,SNOW,5,54,True,False,0,SAFE,SAFE,SAFE,10,0,100,False,1,5,0,12,100,54,False,True,False,False,True,False
93.43,54.0,4390,3,12,3,-3.0,80.0,10,90.0,36.52,False,7.8,4.04,0,10,0,False,False,1,ICE,NORMAL,6,0,62,False,1,VERY_DARK,SNOW,0,54,True,False,0,SAFE,SAFE,SAFE,10,0,100,False,1,0,0,12,100,54,False,True,False,False,True,False
93.47,53.98,4388,3,12,3,-3.0,80.0,10,90.0,36.28,False,7.79,4.02,0,10,0,False,False,1,ICE,NORMAL,6,0,62,False,1,VERY_DARK,SNOW,5,54,True,False,0,SAFE,SAFE,SAFE,10,0,100,False,1,5,0,12,100,54,False,True,False,False,True,False
93.5,53.96,4387,3,12,3,-3.0,80.0,10,90.0,36.04,False,7.79,3.99,0,0,0,False,False,1,ICE,NORMAL,6,0,62,False,1,VERY_DARK,SNOW,5,54,True,False,0,SAFE,SAFE,SAFE,10,0,100,False,1,0,0,12,100,54,False,True,False,False,True,False
93.53,53.89,4381,3,12,3,-3.0,80.0,10,90.0,35.81,False,7.77,3.97,0,0,0,False,False,1,ICE,NORMAL,6,0,62,False,1,VERY_DARK,SNOW,5,54,True,False,0,SAFE,SAFE,SAFE,10,0,100,False,1,0,0,12,100,54,False,True,False,False,True,False
93.57,53.77,4371,3,12,3,-3.0,80.0,10,90.0,35.57,False,7.73,3.95,0,0,0,False,False,1,ICE,NORMAL,6,0,62,False,1,VERY_DARK,SNOW,5,54,True,False,0,SAFE,SAFE,SAFE,10,0,100,False,1,0,0,12,100,54,False,True,False,False,True,False
93.6,53.61,4359,3,12,3,-3.0,80.0,10,90.0,34.92,False,7.69,3.89,0,0,0,False,False,1,ICE,NORMAL,6,0,62,False,1,VERY_DARK,SNOW,5,54,True,False,0,SAFE,SAFE,SAFE,10,0,100,False,1,0,0,12,100,54,False,True,False,False,True,False
93.63,53.44,4345,3,12,3,-3.0,80.0,10,90.0,34.68,False,7.64,3.89,0,0,0,False,False,1,ICE,NORMAL,6,0,62,False,1,VERY_DARK,SNOW,5,54,True,False,0,SAFE,SAFE,SAFE,10,0,100,False,1,0,0,12,100,54,False,True,False,False,True,False
93.67,53.25,4329,3,12,3,-3.0,80.0,10,90.0,34.45,False,7.59,3.88,0,0,0,False,False,1,ICE,NORMAL,6,0,62,False,1,VERY_DARK,SNOW,5,54,True,False,0,SAFE,SAFE,SAFE,10,0,100,False,1,0,0,12,100,54,False,True,False,False,True,False
93.7,53.05,4313,3,12,3,-3.0,80.0,10,90.0,34.22,False,7.53,3.88,0,0,0,False,False,1,ICE,NORMAL,6,0,62,False,1,VERY_DARK,SNOW,5,54,True,False,0,SAFE,SAFE,SAFE,10,0,100,False,1,0,0,12,100,54,False,True,False,False,True,False
93.73,52.85,4296,3,12,3,-3.0,80.0,10,90.0,33.99,False,7.47,3.88,0,0,0,False,False,1,ICE,NORMAL,6,0,62,False,1,VERY_DARK,SNOW,5,54,True,False,0,SAFE,SAFE,SAFE,10,0,100,False,1,0,0,12,100,54,False,True,False,False,True,False
93.77,52.64,4279,3,12,3,-3.0,80.0,10,90.0,33.76,False,7.42,3.88,0,0,0,False,False,1,ICE,NORMAL,6,0,62,False,1,VERY_DARK,SNOW,5,54,True,False,0,SAFE,SAFE,SAFE,10,0,100,False,1,0,0,12,100,54,False,True,False,False,True,False
93.8,52.42,4262,3,12,3,-3.0,80.0,10,90.0,33.54,False,7.36,3.88,0,0,0,False,False,1,ICE,NORMAL,6,0,62,False,1,VERY_DARK,SNOW,5,54,True,False,0,SAFE,SAFE,SAFE,10,0,100,False,1,0,0,12,100,54,False,True,False,False,True,False
93.83,52.21,4245,3,12,3,-3.0,80.0,10,90.0,33.32,False,7.3,3.88,0,0,0,False,False,1,ICE,NORMAL,6,0,62,False,1,VERY_DARK,SNOW,5,54,True,False,0,SAFE,SAFE,SAFE,10,0,100,False,1,0,0,12,100,54,False,True,False,False,True,False
93.87,52.0,4227,3,12,3,-3.0,80.0,10,90.0,33.1,False,7.24,3.88,0,0,0,False,False,1,ICE,NORMAL,6,0,62,False,1,VERY_DARK,SNOW,5,54,True,False,0,SAFE,SAFE,SAFE,10,0,100,False,1,0,0,12,100,54,False,True,False,False,True,False
93.9,51.78,4210,3,12,3,-3.0,80.0,10,90.0,32.88,False,7.18,3.88,0,0,0,False,False,1,ICE,NORMAL,6,0,62,False,1,VERY_DARK,SNOW,5,54,True,False,0,SAFE,SAFE,SAFE,10,0,100,False,1,0,0,12,100,54,False,True,False,False,True,False
93.93,51.56,4192,3,12,3,-3.0,80.0,10,90.0,32.66,False,7.12,3.88,0,0,0,False,False,1,ICE,NORMAL,6,0,62,False,1,VERY_DARK,SNOW,5,54,True,False,0,SAFE,SAFE,SAFE,10,0,100,False,1,0,0,12,100,54,False,True,False,False,True,False
93.97,51.35,4175,3,12,3,-3.0,80.0,10,90.0,32.31,False,7.06,3.87,0,0,0,False,False,1,ICE,NORMAL,6,0,62,False,1,VERY_DARK,SNOW,5,54,True,False,0,SAFE,SAFE,SAFE,10,0,100,False,1,0,0,12,100,54,False,True,False,False,True,False
94.0,51.13,4157,3,12,3,-3.0,80.0,10,90.0,32.1,False,7.0,3.87,0,0,0,False,False,1,ICE,NORMAL,6,0,62,False,1,VERY_DARK,SNOW,5,54,True,False,0,SAFE,SAFE,SAFE,10,0,100,False,1,0,0,12,100,54,False,True,False,False,True,False
94.03,50.92,4140,3,12,3,-3.0,80.0,10,90.0,31.89,False,6.94,3.87,0,0,0,False,False,1,ICE,NORMAL,6,0,62,False,1,VERY_DARK,SNOW,5,54,True,False,0,SAFE,SAFE,SAFE,10,0,100,False,1,0,0,12,100,54,False,True,False,False,True,False
94.07,50.7,4122,3,12,3,-3.0,80.0,10,90.0,31.39,False,6.88,3.83,0,0,0,False,False,1,ICE,NORMAL,6,0,62,False,1,VERY_DARK,SNOW,5,54,True,False,0,SAFE,SAFE,SAFE,10,0,100,False,1,0,0,12,100,54,False,True,False,False,True,False
94.1,50.49,4105,3,12,3,-3.0,80.0,10,90.0,31.18,False,6.82,3.84,0,0,0,False,False,1,ICE,NORMAL,6,0,62,False,1,VERY_DARK,SNOW,5,54,True,False,0,SAFE,SAFE,SAFE,10,0,100,False,1,0,0,12,100,54,False,True,False,False,True,False
94.13,50.28,4088,3,12,3,-3.0,80.0,10,90.0,30.97,False,6.76,3.84,0,0,0,False,False,1,ICE,NORMAL,6,0,62,False,1,VERY_DARK,SNOW,5,54,True,False,0,SAFE,SAFE,SAFE,10,0,100,False,1,0,0,12,100,54,False,True,False,False,True,False
94.17,50.06,4070,3,12,3,-3.0,80.0,10,90.0,30.77,False,6.7,3.84,0,0,0,False,False,1,ICE,NORMAL,6,0,62,False,1,VERY_DARK,SNOW,5,54,True,False,0,SAFE,SAFE,SAFE,10,0,100,False,1,0,0,12,100,54,False,True,False,False,True,False
94.2,49.85,4053,3,12,3,-3.0,80.0,10,90.0,30.57,False,6.64,3.85,0,0,0,False,False,1,ICE,NORMAL,6,0,62,False,1,VERY_DARK,SNOW,5,54,True,False,0,SAFE,SAFE,SAFE,10,0,100,False,1,0,0,12,100,54,False,True,False,False,True,False
94.23,49.64,4036,3,12,3,-3.0,80.0,10,90.0,30.37,False,6.59,3.85,0,0,0,False,False,1,ICE,NORMAL,6,0,62,False,1,VERY_DARK,SNOW,5,54,True,False,0,SAFE,SAFE,SAFE,10,0,100,False,1,0,0,12,100,54,False,True,False,False,True,False
94.27,49.43,4019,3,12,3,-3.0,80.0,10,90.0,30.17,False,6.53,3.86,0,0,0,False,False,1,ICE,NORMAL,6,0,62,False,1,VERY_DARK,SNOW,5,54,True,False,0,SAFE,SAFE,SAFE,10,0,100,False,1,0,0,12,100,54,False,True,False,False,True,False
94.3,49.22,4002,3,12,3,-3.0,80.0,10,90.0,29.97,False,6.47,3.86,0,0,0,False,False,1,ICE,NORMAL,6,0,62,False,1,VERY_DARK,SNOW,5,54,True,False,0,SAFE,SAFE,SAFE,10,0,100,False,1,0,0,12,100,54,False,True,False,False,True,False
94.33,49.01,3985,3,12,3,-3.0,80.0,10,90.0,29.78,False,6.41,3.87,0,0,0,False,False,1,ICE,NORMAL,6,0,62,False,1,VERY_DARK,SNOW,5,54,True,False,0,SAFE,SAFE,SAFE,10,0,100,False,1,0,0,12,100,54,False,True,False,False,True,False
94.37,48.8,3968,3,12,3,-3.0,80.0,10,90.0,29.59,False,6.35,3.87,0,0,0,False,False,1,ICE,NORMAL,6,0,62,False,1,VERY_DARK,SNOW,5,54,True,False,0,SAFE,SAFE,SAFE,10,0,100,False,1,0,0,12,100,54,False,True,False,False,True,False
94.4,48.59,3951,3,12,3,-3.0,80.0,10,90.0,29.26,False,6.29,3.86,0,0,0,False,False,1,ICE,NORMAL,6,0,62,False,1,VERY_DARK,SNOW,5,54,True,False,0,SAFE,SAFE,SAFE,10,0,100,False,1,0,0,12,100,54,False,True,False,False,True,False
94.43,48.39,3934,3,12,3,-3.0,80.0,10,90.0,29.07,False,6.24,3.86,0,0,0,False,False,1,ICE,NORMAL,6,0,62,False,1,VERY_DARK,SNOW,5,54,True,False,0,SAFE,SAFE,SAFE,10,0,100,False,1,0,0,12,100,54,False,True,False,False,True,False
94.47,48.18,3917,3,12,3,-3.0,80.0,10,90.0,28.89,False,6.18,3.87,0,0,0,False,False,1,ICE,NORMAL,6,0,62,False,1,VERY_DARK,SNOW,5,54,True,False,0,SAFE,SAFE,SAFE,10,0,100,False,1,0,0,12,100,54,False,True,False,False,True,False
94.5,47.97,3900,3,12,3,-3.0,80.0,10,90.0,28.7,False,6.12,3.87,0,0,0,False,False,1,ICE,NORMAL,6,0,62,False,1,VERY_DARK,SNOW,5,54,True,False,0,SAFE,SAFE,SAFE,10,0,100,False,1,0,0,12,100,54,False,True,False,False,True,False
94.53,47.77,3884,3,12,3,-3.0,80.0,10,90.0,28.52,False,6.07,3.88,0,0,0,False,False,1,ICE,NORMAL,6,0,62,False,1,VERY_DARK,SNOW,5,54,True,False,0,SAFE,SAFE,SAFE,10,0,100,False,1,0,0,12,100,54,False,True,False,False,True,False
94.57,47.57,3867,3,12,3,-3.0,80.0,10,90.0,28.05,False,6.01,3.84,0,0,0,False,False,1,ICE,NORMAL,6,0,62,False,1,VERY_DARK,SNOW,5,54,True,False,0,SAFE,SAFE,SAFE,10,0,100,False,1,0,0,12,100,54,False,True,False,False,True,False
94.6,47.36,3850,3,12,3,-3.0,80.0,10,90.0,27.87,False,5.95,3.84,0,0,0,False,False,1,ICE,NORMAL,6,0,62,False,1,VERY_DARK,SNOW,5,54,True,False,0,SAFE,SAFE,SAFE,10,0,100,False,1,0,0,12,100,54,False,True,False,False,True,False
94.63,47.16,3834,3,12,3,-3.0,80.0,10,90.0,27.69,False,5.9,3.85,0,0,0,False,False,1,ICE,NORMAL,6,0,62,False,1,VERY_DARK,SNOW,5,54,True,False,0,SAFE,SAFE,SAFE,10,0,100,False,1,0,0,12,100,54,False,True,False,False,True,False
94.67,46.96,3817,3,12,3,-3.0,80.0,10,90.0,27.51,False,5.84,3.86,0,0,0,False,False,1,ICE,NORMAL,6,0,62,False,1,VERY_DARK,SNOW,5,54,True,False,0,SAFE,SAFE,SAFE,10,0,100,False,1,0,0,12,100,54,False,True,False,False,True,False
94.7,46.75,3801,3,12,3,-3.0,80.0,10,90.0,27.34,False,5.78,3.86,0,0,0,False,False,1,ICE,NORMAL,6,0,62,False,1,VERY_DARK,SNOW,5,54,True,False,0,SAFE,SAFE,SAFE,10,0,100,False,1,0,0,12,100,54,False,True,False,False,True,False
94.73,46.55,3785,3,12,3,-3.0,80.0,10,90.0,27.16,False,5.73,3.87,0,0,0,False,False,1,ICE,NORMAL,6,0,62,False,1,VERY_DARK,SNOW,5,54,True,False,0,SAFE,SAFE,SAFE,10,0,100,False,1,0,0,12,100,54,False,True,False,False,True,False
94.77,46.35,3768,3,12,3,-3.0,80.0,10,90.0,26.99,False,5.67,3.88,0,0,0,False,False,1,ICE,NORMAL,6,0,62,False,1,VERY_DARK,SNOW,5,54,True,False,0,SAFE,SAFE,SAFE,10,0,100,False,1,0,0,12,100,54,False,True,False,False,True,False
94.8,46.15,3752,3,12,3,-3.0,80.0,10,90.0,26.82,False,5.62,3.88,0,0,0,False,False,1,ICE,NORMAL,6,0,62,False,1,VERY_DARK,SNOW,5,54,True,False,0,SAFE,SAFE,SAFE,10,0,100,False,1,0,0,12,100,54,False,True,False,False,True,False
94.83,45.95,3736,3,12,3,-3.0,80.0,10,90.0,26.66,False,5.56,3.89,0,0,0,False,False,1,ICE,NORMAL,6,0,62,False,1,VERY_DARK,SNOW,5,54,True,False,0,SAFE,SAFE,SAFE,10,0,100,False,1,0,0,12,100,54,False,True,False,False,True,False
94.87,45.75,3720,3,12,3,-3.0,80.0,10,90.0,26.36,False,5.51,3.88,0,0,0,False,False,1,ICE,NORMAL,6,0,62,False,1,VERY_DARK,SNOW,5,54,True,False,0,SAFE,SAFE,SAFE,10,0,100,False,1,0,0,12,100,54,False,True,False,False,True,False
94.9,45.56,3704,3,12,3,-3.0,80.0,10,90.0,26.19,False,5.45,3.89,0,0,0,False,False,1,ICE,NORMAL,6,0,62,False,1,VERY_DARK,SNOW,5,54,True,False,0,SAFE,SAFE,SAFE,10,0,100,False,1,0,0,12,100,54,False,True,False,False,True,False
94.93,45.36,3688,3,12,3,-3.0,80.0,10,90.0,26.03,False,5.4,3.9,0,0,0,False,False,1,ICE,NORMAL,6,0,62,False,1,VERY_DARK,SNOW,5,54,True,False,0,SAFE,SAFE,SAFE,10,0,100,False,1,0,0,12,100,54,False,True,False,False,True,False
94.97,45.16,3672,3,12,3,-3.0,80.0,10,90.0,25.87,False,5.34,3.91,0,0,0,False,False,1,ICE,NORMAL,6,0,62,False,1,VERY_DARK,SNOW,5,54,True,False,0,SAFE,SAFE,SAFE,10,0,100,False,1,0,0,12,100,54,False,True,False,False,True,False
95.0,44.97,3656,3,12,3,-3.0,80.0,10,90.0,25.71,False,5.29,3.92,0,0,0,False,False,1,ICE,NORMAL,6,0,62,False,1,VERY_DARK,SNOW,5,54,True,False,0,SAFE,SAFE,SAFE,10,0,100,False,1,0,0,12,100,54,False,True,False,False,True,False
95.03,44.77,3640,3,12,3,-3.0,80.0,10,90.0,25.56,False,5.23,3.93,0,0,0,False,False,1,ICE,NORMAL,6,0,62,False,1,VERY_DARK,SNOW,5,54,True,False,0,SAFE,SAFE,SAFE,10,0,100,False,1,0,0,12,100,54,False,True,False,False,True,False
95.07,44.58,3624,3,12,3,-3.0,80.0,10,90.0,25.11,False,5.18,3.88,0,0,0,False,False,1,ICE,NORMAL,6,0,62,False,1,VERY_DARK,SNOW,5,54,True,False,0,SAFE,SAFE,SAFE,10,0,100,False,1,0,0,12,100,54,False,True,False,False,True,False
95.1,44.38,3608,3,12,3,-3.0,80.0,10,90.0,24.96,False,5.12,3.9,0,0,0,False,False,1,ICE,NORMAL,6,0,62,False,1,VERY_DARK,SNOW,5,54,True,False,0,SAFE,SAFE,SAFE,10,0,100,False,1,0,0,12,100,54,False,True,False,False,True,False
95.13,44.19,3592,3,12,3,-3.0,80.0,10,90.0,24.8,False,5.07,3.91,0,0,0,False,False,1,ICE,NORMAL,6,0,62,False,1,VERY_DARK,SNOW,5,54,True,False,0,SAFE,SAFE,SAFE,10,0,100,False,1,0,0,12,100,54,False,True,False,False,True,False
95.17,43.99,3577,3,12,3,-3.0,80.0,10,90.0,24.65,False,5.02,3.92,0,0,0,False,False,1,ICE,NORMAL,6,0,62,False,1,VERY_DARK,SNOW,5,54,True,False,0,SAFE,SAFE,SAFE,10,0,100,False,1,0,0,12,100,54,False,True,False,False,True,False
95.2,43.8,3561,3,12,3,-3.0,80.0,10,90.0,24.51,False,4.96,3.93,0,0,0,False,False,1,ICE,NORMAL,6,0,62,False,1,VERY_DARK,SNOW,5,54,True,False,0,SAFE,SAFE,SAFE,10,0,100,False,1,0,0,12,100,54,False,True,False,False,True,False
95.23,43.61,3546,3,12,3,-3.0,80.0,10,90.0,24.36,False,4.91,3.94,0,0,0,False,False,1,ICE,NORMAL,6,0,62,False,1,VERY_DARK,SNOW,5,54,True,False,0,SAFE,SAFE,SAFE,10,0,100,False,1,0,0,12,100,54,False,True,False,False,True,False
95.27,43.42,3530,3,12,3,-3.0,80.0,10,90.0,24.21,False,4.86,3.96,0,0,0,False,False,1,ICE,NORMAL,6,0,62,False,1,VERY_DARK,SNOW,5,54,True,False,0,SAFE,SAFE,SAFE,10,0,100,False,1,0,0,12,100,54,False,True,False,False,True,False
95.3,43.23,3514,3,12,3,-3.0,80.0,10,90.0,24.07,False,4.8,3.97,0,0,0,False,False,1,ICE,NORMAL,6,0,62,False,1,VERY_DARK,SNOW,5,54,True,False,0,SAFE,SAFE,SAFE,10,0,100,False,1,0,0,12,100,54,False,True,False,False,True,False
95.33,43.04,3499,3,12,3,-3.0,80.0,10,90.0,23.93,False,4.75,3.98,0,0,0,False,False,1,ICE,NORMAL,6,0,62,False,1,VERY_DARK,SNOW,5,54,True,False,0,SAFE,SAFE,SAFE,10,0,100,False,1,0,0,12,100,54,False,True,False,False,True,False
95.37,42.85,3484,3,12,3,-3.0,80.0,10,90.0,23.79,False,4.7,4.0,0,0,0,False,False,1,ICE,NORMAL,6,0,62,False,1,VERY_DARK,SNOW,5,54,True,False,0,SAFE,SAFE,SAFE,10,0,100,False,1,0,0,12,100,54,False,True,False,False,True,False
95.4,42.66,3468,3,12,3,-3.0,80.0,10,90.0,23.65,False,4.65,4.01,0,10,0,False,False,1,ICE,NORMAL,6,0,62,False,1,VERY_DARK,SNOW,5,54,True,False,0,SAFE,SAFE,SAFE,10,0,100,False,1,5,0,12,100,54,False,True,False,False,True,False
95.43,42.53,3458,3,12,3,-3.0,80.0,10,90.0,23.38,False,4.61,3.99,0,0,0,False,False,1,ICE,NORMAL,6,0,62,False,1,VERY_DARK,SNOW,5,54,True,False,0,SAFE,SAFE,SAFE,10,0,100,False,1,0,0,12,100,54,False,True,False,False,True,False
95.47,42.37,3445,3,12,3,-3.0,80.0,10,90.0,23.25,False,4.57,3.99,0,0,0,False,False,1,ICE,NORMAL,6,0,62,False,1,VERY_DARK,SNOW,5,54,True,False,0,SAFE,SAFE,SAFE,10,0,100,False,1,0,0,12,100,54,False,True,False,False,True,False
95.5,42.19,3430,3,12,3,-3.0,80.0,10,90.0,23.11,False,4.52,4.01,0,10,0,False,False,1,ICE,NORMAL,6,0,62,False,1,VERY_DARK,SNOW,5,54,True,False,0,SAFE,SAFE,SAFE,10,0,100,False,1,5,0,12,100,54,False,True,False,False,True,False
95.53,42.07,3420,3,12,3,-3.0,80.0,10,90.0,22.98,False,4.48,4.01,0,10,0,False,False,1,ICE,NORMAL,6,0,62,False,1,VERY_DARK,SNOW,5,54,True,False,0,SAFE,SAFE,SAFE,10,0,100,False,1,5,0,12,100,54,False,True,False,False,True,False
95.57,41.97,3412,3,12,3,-3.0,80.0,10,90.0,22.85,False,4.46,4.01,0,10,0,False,False,1,ICE,NORMAL,6,0,62,False,1,VERY_DARK,SNOW,5,54,True,False,0,SAFE,SAFE,SAFE,10,0,100,False,1,5,0,12,100,54,False,True,False,False,True,False
95.6,41.9,3407,3,12,3,-3.0,80.0,10,90.0,22.72,False,4.44,3.99,0,0,0,False,False,1,ICE,NORMAL,6,0,62,False,1,VERY_DARK,SNOW,5,54,True,False,0,SAFE,SAFE,SAFE,10,0,100,False,1,0,0,12,100,54,False,True,False,False,True,False
95.63,41.81,3399,3,12,3,-3.0,80.0,10,90.0,22.29,False,4.41,3.92,0,0,0,False,False,1,ICE,NORMAL,6,0,62,False,1,VERY_DARK,SNOW,5,54,True,False,0,SAFE,SAFE,SAFE,10,0,100,False,1,0,0,12,100,54,False,True,False,False,True,False
95.67,41.69,3389,3,12,3,-3.0,80.0,10,90.0,22.16,False,4.38,3.92,0,0,0,False,False,1,ICE,NORMAL,6,0,62,False,1,VERY_DARK,SNOW,5,54,True,False,0,SAFE,SAFE,SAFE,10,0,100,False,1,0,0,12,100,54,False,True,False,False,True,False
95.7,41.55,3378,3,12,3,-3.0,80.0,10,90.0,22.04,False,4.34,3.93,0,0,0,False,False,1,ICE,NORMAL,6,0,62,False,1,VERY_DARK,SNOW,5,54,True,False,0,SAFE,SAFE,SAFE,10,0,100,False,1,0,0,12,100,54,False,True,False,False,True,False
95.73,41.4,3366,3,12,3,-3.0,80.0,10,90.0,21.91,False,4.29,3.94,0,0,0,False,False,1,ICE,NORMAL,6,0,62,False,1,VERY_DARK,SNOW,5,54,True,False,0,SAFE,SAFE,SAFE,10,0,100,False,1,0,0,12,100,54,False,True,False,False,True,False
95.77,41.24,3353,3,12,3,-3.0,80.0,10,90.0,21.78,False,4.25,3.95,0,0,0,False,False,1,ICE,NORMAL,6,0,62,False,1,VERY_DARK,SNOW,5,54,True,False,0,SAFE,SAFE,SAFE,10,0,100,False,1,0,0,12,100,54,False,True,False,False,True,False
95.8,41.07,3339,3,12,3,-3.0,80.0,10,90.0,21.66,False,4.2,3.96,0,0,0,False,False,1,ICE,NORMAL,6,0,62,False,1,VERY_DARK,SNOW,5,54,True,False,0,SAFE,SAFE,SAFE,10,0,100,False,1,0,0,12,100,54,False,True,False,False,True,False
95.83,40.9,3325,3,12,3,-3.0,80.0,10,90.0,21.54,False,4.16,3.98,0,0,0,False,False,1,ICE,NORMAL,6,0,62,False,1,VERY_DARK,SNOW,5,54,True,False,0,SAFE,SAFE,SAFE,10,0,100,False,1,0,0,12,100,54,False,True,False,False,True,False
95.87,40.72,3311,3,12,3,-3.0,80.0,10,90.0,21.41,False,4.11,4.0,0,0,0,False,False,1,ICE,NORMAL,6,0,62,False,1,VERY_DARK,SNOW,5,54,True,False,0,SAFE,SAFE,SAFE,10,0,100,False,1,0,0,12,100,54,False,True,False,False,True,False
95.9,40.55,3296,3,12,3,-3.0,80.0,10,90.0,21.29,False,4.06,4.01,0,10,0,False,False,1,ICE,NORMAL,6,0,62,False,1,VERY_DARK,SNOW,5,54,True,False,0,SAFE,SAFE,SAFE,10,0,100,False,1,5,0,12,100,54,False,True,False,False,True,False
95.93,40.43,3287,3,12,3,-3.0,80.0,10,90.0,21.18,False,4.03,4.02,0,10,0,False,False,1,ICE,NORMAL,6,0,62,False,1,VERY_DARK,SNOW,5,54,True,False,0,SAFE,SAFE,SAFE,10,0,100,False,1,5,0,12,100,54,False,True,False,False,True,False
95.97,40.33,3279,3,12,3,-3.0,80.0,10,90.0,21.06,False,4.0,4.02,0,10,0,False,False,1,ICE,NORMAL,6,0,62,False,1,VERY_DARK,SNOW,5,54,True,False,0,SAFE,SAFE,SAFE,10,0,100,False,1,5,0,12,100,54,False,True,False,False,True,False
96.0,40.26,3273,3,12,3,-3.0,80.0,10,90.0,20.94,False,3.98,4.0,0,10,0,False,False,1,ICE,NORMAL,6,0,62,False,1,VERY_DARK,SNOW,5,54,True,False,0,SAFE,SAFE,SAFE,10,0,100,False,1,5,0,12,100,54,False,True,False,False,True,False
96.03,40.23,3270,3,12,3,-3.0,80.0,10,90.0,20.83,False,3.97,3.99,0,0,0,False,False,1,ICE,NORMAL,6,0,62,False,1,VERY_DARK,SNOW,5,54,True,False,0,SAFE,SAFE,SAFE,10,0,100,False,1,0,0,12,100,54,False,True,False,False,True,False
96.07,40.16,3265,3,12,3,-3.0,80.0,10,90.0,20.71,False,3.95,3.98,0,0,0,False,False,1,ICE,NORMAL,6,0,62,False,1,VERY_DARK,SNOW,5,54,True,False,0,SAFE,SAFE,SAFE,10,0,100,False,1,0,0,12,100,54,False,True,False,False,True,False
96.1,40.06,3257,3,12,3,-3.0,80.0,10,90.0,20.6,False,3.92,3.97,0,0,0,False,False,1,ICE,NORMAL,6,0,62,False,1,VERY_DARK,SNOW,5,54,True,False,0,SAFE,SAFE,SAFE,10,0,100,False,1,0,0,12,100,54,False,True,False,False,True,False
96.13,39.93,3246,3,12,3,-3.0,80.0,10,90.0,20.35,False,3.89,3.95,0,0,0,False,False,1,ICE,NORMAL,6,0,62,False,1,VERY_DARK,SNOW,5,54,True,False,0,SAFE,SAFE,SAFE,10,0,100,False,1,0,0,12,100,54,False,True,False,False,True,False
96.17,39.79,3235,3,12,3,-3.0,80.0,10,90.0,20.24,False,3.85,3.96,0,0,0,False,False,1,ICE,NORMAL,6,0,62,False,1,VERY_DARK,SNOW,5,54,True,False,0,SAFE,SAFE,SAFE,10,0,100,False,1,0,0,12,100,54,False,True,False,False,True,False
96.2,39.64,3223,3,12,3,-3.0,80.0,10,90.0,20.12,False,3.81,3.97,0,0,0,False,False,1,ICE,NORMAL,6,0,62,False,1,VERY_DARK,SNOW,5,54,True,False,0,SAFE,SAFE,SAFE,10,0,100,False,1,0,0,12,100,54,False,True,False,False,True,False
96.23,39.48,3210,3,12,3,-3.0,80.0,10,90.0,19.72,False,3.76,3.91,0,0,0,False,False,1,ICE,NORMAL,6,0,62,False,1,VERY_DARK,SNOW,5,54,True,False,0,SAFE,SAFE,SAFE,10,0,100,False,1,0,0,12,100,54,False,True,False,False,True,False
96.27,39.32,3196,3,12,3,-3.0,80.0,10,90.0,19.61,False,3.72,3.93,0,0,0,False,False,1,ICE,NORMAL,6,0,62,False,1,VERY_DARK,SNOW,5,54,True,False,0,SAFE,SAFE,SAFE,10,0,100,False,1,0,0,12,100,54,False,True,False,False,True,False
96.3,39.15,3183,3,12,3,-3.0,80.0,10,90.0,19.51,False,3.67,3.95,0,0,0,False,False,1,ICE,NORMAL,6,0,62,False,1,VERY_DARK,SNOW,5,54,True,False,0,SAFE,SAFE,SAFE,10,0,100,False,1,0,0,12,100,54,False,True,False,False,True,False
96.33,38.98,3169,3,12,3,-3.0,80.0,10,90.0,19.4,False,3.62,3.98,0,0,0,False,False,1,ICE,NORMAL,6,0,62,False,1,VERY_DARK,SNOW,5,54,True,False,0,SAFE,SAFE,SAFE,10,0,100,False,1,0,0,12,100,54,False,True,False,False,True,False
96.37,38.8,3155,3,12,3,-3.0,80.0,10,90.0,19.3,False,3.57,4.0,0,10,0,False,False,1,ICE,NORMAL,6,0,62,False,1,VERY_DARK,SNOW,5,54,True,False,0,SAFE,SAFE,SAFE,10,0,100,False,1,5,0,12,100,54,False,True,False,False,True,False
96.4,38.69,3145,3,12,3,-3.0,80.0,10,90.0,19.19,False,3.54,4.01,0,10,0,False,False,1,ICE,NORMAL,6,0,62,False,1,VERY_DARK,SNOW,5,54,True,False,0,SAFE,SAFE,SAFE,10,0,100,False,1,5,0,12,100,54,False,True,False,False,True,False
96.43,38.59,3137,3,12,3,-3.0,80.0,10,90.0,19.09,False,3.51,4.01,0,10,0,False,False,1,ICE,NORMAL,6,0,62,False,1,VERY_DARK,SNOW,5,54,True,False,0,SAFE,SAFE,SAFE,10,0,100,False,1,5,0,12,100,54,False,True,False,False,True,False
96.47,38.53,3132,3,12,3,-3.0,80.0,10,90.0,18.99,False,3.5,4.0,0,10,0,False,False,1,ICE,NORMAL,6,0,62,False,1,VERY_DARK,SNOW,5,54,True,False,0,SAFE,SAFE,SAFE,10,0,100,False,1,5,0,12,100,54,False,True,False,False,True,False
96.5,38.49,3129,3,12,3,-3.0,80.0,10,90.0,18.89,False,3.49,3.98,0,0,0,False,False,1,ICE,NORMAL,6,0,62,False,1,VERY_DARK,SNOW,5,54,True,False,0,SAFE,SAFE,SAFE,10,0,100,False,1,0,0,12,100,54,False,True,False,False,True,False
96.53,38.43,3124,3,12,3,-3.0,80.0,10,90.0,18.79,False,3.47,3.97,0,0,0,False,False,1,ICE,NORMAL,6,0,62,False,1,VERY_DARK,SNOW,5,54,True,False,0,SAFE,SAFE,SAFE,10,0,100,False,1,0,0,12,100,54,False,True,False,False,True,False
96.57,38.33,3116,3,12,3,-3.0,80.0,10,90.0,18.69,False,3.44,3.97,0,0,0,False,False,1,ICE,NORMAL,6,0,62,False,1,VERY_DARK,SNOW,5,54,True,False,0,SAFE,SAFE,SAFE,10,0,100,False,1,0,0,12,100,54,False,True,False,False,True,False
96.6,38.21,3107,3,12,3,-3.0,80.0,10,90.0,18.59,False,3.41,3.98,0,0,0,False,False,1,ICE,NORMAL,6,0,62,False,1,VERY_DARK,SNOW,5,54,True,False,0,SAFE,SAFE,SAFE,10,0,100,False,1,0,0,12,100,54,False,True,False,False,True,False
96.63,38.08,3096,3,12,3,-3.0,80.0,10,90.0,18.49,False,3.37,4.0,0,0,0,False,False,1,ICE,NORMAL,6,0,62,False,1,VERY_DARK,SNOW,5,54,True,False,0,SAFE,SAFE,SAFE,10,0,100,False,1,0,0,12,100,54,False,True,False,False,True,False
96.67,37.93,3084,3,12,3,-3.0,80.0,10,90.0,18.4,False,3.33,4.02,0,10,0,False,False,1,ICE,NORMAL,6,0,62,False,1,VERY_DARK,SNOW,5,54,True,False,0,SAFE,SAFE,SAFE,10,0,100,False,1,5,0,12,100,54,False,True,False,False,True,False
96.7,37.83,3075,3,12,3,-3.0,80.0,10,90.0,18.3,False,3.3,4.03,0,10,0,False,False,1,ICE,NORMAL,6,0,62,False,1,VERY_DARK,SNOW,5,54,True,False,0,SAFE,SAFE,SAFE,10,0,100,False,1,5,0,12,100,54,False,True,False,False,True,False
96.73,37.75,3069,3,12,3,-3.0,80.0,10,90.0,18.21,False,3.28,4.02,0,10,0,False,False,1,ICE,NORMAL,6,0,62,False,1,VERY_DARK,SNOW,5,54,True,False,0,SAFE,SAFE,SAFE,10,0,100,False,1,5,0,12,100,54,False,True,False,False,True,False
96.77,37.69,3064,3,12,3,-3.0,80.0,10,90.0,18.11,False,3.27,4.01,0,10,0,False,False,1,ICE,NORMAL,6,0,62,False,1,VERY_DARK,SNOW,5,54,True,False,0,SAFE,SAFE,SAFE,10,0,100,False,1,5,0,12,100,54,False,True,False,False,True,False
96.8,37.67,3062,3,12,3,-3.0,80.0,10,90.0,18.02,False,3.26,3.99,0,0,0,False,False,1,ICE,NORMAL,6,0,62,False,1,VERY_DARK,SNOW,5,54,True,False,0,SAFE,SAFE,SAFE,10,0,100,False,1,0,0,12,100,54,False,True,False,False,True,False
96.83,37.61,3057,3,12,3,-3.0,80.0,10,90.0,17.93,False,3.24,3.98,0,0,0,False,False,1,ICE,NORMAL,6,0,62,False,1,VERY_DARK,SNOW,5,54,True,False,0,SAFE,SAFE,SAFE,10,0,100,False,1,0,0,12,100,54,False,True,False,False,True,False
96.87,37.52,3050,3,12,3,-3.0,80.0,10,90.0,17.54,False,3.22,3.9,0,0,0,False,False,1,ICE,NORMAL,6,0,62,False,1,VERY_DARK,SNOW,5,54,True,False,0,SAFE,SAFE,SAFE,10,0,100,False,1,0,0,12,100,54,False,True,False,False,True,False
96.9,37.4,3041,3,12,3,-3.0,80.0,10,90.0,17.32,False,3.19,3.87,0,0,0,False,False,1,ICE,NORMAL,6,0,62,False,1,VERY_DARK,SNOW,5,54,True,False,0,SAFE,SAFE,SAFE,10,0,100,False,1,0,0,12,100,54,False,True,False,False,True,False
96.93,37.27,3030,3,12,3,-3.0,80.0,10,90.0,17.23,False,3.15,3.88,0,0,0,False,False,1,ICE,NORMAL,6,0,62,False,1,VERY_DARK,SNOW,5,54,True,False,0,SAFE,SAFE,SAFE,10,0,100,False,1,0,0,12,100,54,False,True,False,False,True,False
96.97,37.12,3018,3,12,3,-3.0,80.0,10,90.0,17.14,False,3.11,3.91,0,0,0,False,False,1,ICE,NORMAL,6,0,62,False,1,VERY_DARK,SNOW,5,54,True,False,0,SAFE,SAFE,SAFE,10,0,100,False,1,0,0,12,100,54,False,True,False,False,True,False
97.0,36.97,3006,3,12,3,-3.0,80.0,10,90.0,17.05,False,3.07,3.93,0,0,0,False,False,1,ICE,NORMAL,6,0,62,False,1,VERY_DARK,SNOW,5,54,True,False,0,SAFE,SAFE,SAFE,10,0,100,False,1,0,0,12,100,54,False,True,False,False,True,False
97.03,36.82,2993,3,12,3,-3.0,80.0,10,90.0,16.96,False,3.02,3.96,0,0,0,False,False,1,ICE,NORMAL,6,0,62,False,1,VERY_DARK,SNOW,5,54,True,False,0,SAFE,SAFE,SAFE,10,0,100,False,1,0,0,12,100,54,False,True,False,False,True,False
97.07,36.65,2980,3,12,3,-3.0,80.0,10,90.0,16.88,False,2.98,3.99,0,0,0,False,False,1,ICE,NORMAL,6,0,62,False,1,VERY_DARK,SNOW,5,54,True,False,0,SAFE,SAFE,SAFE,10,0,100,False,1,0,0,12,100,54,False,True,False,False,True,False
97.1,36.49,2967,3,12,3,-3.0,80.0,10,90.0,16.8,False,2.93,4.02,0,10,0,False,False,1,ICE,NORMAL,6,0,62,False,1,VERY_DARK,SNOW,5,54,True,False,0,SAFE,SAFE,SAFE,10,0,100,False,1,5,0,12,100,54,False,True,False,False,True,False
97.13,36.38,2957,3,12,3,-3.0,80.0,10,90.0,16.71,False,2.9,4.04,0,10,0,False,False,1,ICE,NORMAL,6,0,62,False,1,VERY_DARK,SNOW,5,54,True,False,0,SAFE,SAFE,SAFE,10,0,100,False,1,5,0,12,100,54,False,True,False,False,True,False
97.17,36.29,2950,3,12,3,-3.0,80.0,10,90.0,16.63,False,2.88,4.04,0,10,0,False,False,1,ICE,NORMAL,6,0,62,False,1,VERY_DARK,SNOW,5,54,True,False,0,SAFE,SAFE,SAFE,10,0,100,False,1,5,0,12,100,54,False,True,False,False,True,False
97.2,36.23,2946,3,12,3,-3.0,80.0,10,90.0,16.55,False,2.86,4.04,0,10,0,False,False,1,ICE,NORMAL,6,0,62,False,1,VERY_DARK,SNOW,5,54,True,False,0,SAFE,SAFE,SAFE,10,0,100,False,1,5,0,12,100,54,False,True,False,False,True,False
97.23,36.2,2943,3,12,3,-3.0,80.0,10,90.0,16.47,False,2.85,4.02,0,10,0,False,False,1,ICE,NORMAL,6,0,62,False,1,VERY_DARK,SNOW,5,54,True,False,0,SAFE,SAFE,SAFE,10,0,100,False,1,5,0,12,100,54,False,True,False,False,True,False
97.27,36.2,2943,3,12,3,-3.0,80.0,10,90.0,16.39,False,2.85,4.0,0,0,0,False,False,1,ICE,NORMAL,6,0,62,False,1,VERY_DARK,SNOW,5,54,True,False,0,SAFE,SAFE,SAFE,10,0,100,False,1,0,0,12,100,54,False,True,False,False,True,False
97.3,36.15,2939,3,12,3,-3.0,80.0,10,90.0,16.31,False,2.84,3.98,0,0,0,False,False,1,ICE,NORMAL,6,0,62,False,1,VERY_DARK,SNOW,5,54,True,False,0,SAFE,SAFE,SAFE,10,0,100,False,1,0,0,12,100,54,False,True,False,False,True,False
97.33,36.07,2933,3,12,3,-3.0,80.0,10,90.0,16.23,False,2.82,3.99,0,0,0,False,False,1,ICE,NORMAL,6,0,62,False,1,VERY_DARK,SNOW,5,54,True,False,0,SAFE,SAFE,SAFE,10,0,100,False,1,0,0,12,100,54,False,True,False,False,True,False
97.37,35.97,2924,3,12,3,-3.0,80.0,10,90.0,16.15,False,2.79,4.0,0,10,0,False,False,1,ICE,NORMAL,6,0,62,False,1,VERY_DARK,SNOW,5,54,True,False,0,SAFE,SAFE,SAFE,10,0,100,False,1,5,0,12,100,54,False,True,False,False,True,False
97.4,35.89,2918,3,12,3,-3.0,80.0,10,90.0,16.07,False,2.77,4.0,0,10,0,False,False,1,ICE,NORMAL,6,0,62,False,1,VERY_DARK,SNOW,5,54,True,False,0,SAFE,SAFE,SAFE,10,0,100,False,1,5,0,12,100,54,False,True,False,False,True,False
97.43,35.83,2913,3,12,3,-3.0,80.0,10,90.0,16.0,False,2.75,4.0,0,0,0,False,False,1,ICE,NORMAL,6,0,62,False,1,VERY_DARK,SNOW,5,54,True,False,0,SAFE,SAFE,SAFE,10,0,100,False,1,0,0,12,100,54,False,True,False,False,True,False
97.47,35.74,2906,3,12,3,-3.0,80.0,10,90.0,15.92,False,2.73,4.01,0,10,0,False,False,1,ICE,NORMAL,6,0,62,False,1,VERY_DARK,SNOW,5,54,True,False,0,SAFE,SAFE,SAFE,10,0,100,False,1,5,0,12,100,54,False,True,False,False,True,False
97.5,35.68,2901,3,12,3,-3.0,80.0,10,90.0,15.84,False,2.71,4.0,0,10,0,False,False,1,ICE,NORMAL,6,0,62,False,1,VERY_DARK,SNOW,5,54,True,False,0,SAFE,SAFE,SAFE,10,0,100,False,1,5,0,12,100,54,False,True,False,False,True,False
97.53,35.64,2897,3,12,3,-3.0,80.0,10,90.0,15.48,False,2.7,3.89,0,0,0,False,False,1,ICE,NORMAL,6,0,62,False,1,VERY_DARK,SNOW,5,54,True,False,0,SAFE,SAFE,SAFE,10,0,100,False,1,0,0,12,100,54,False,True,False,False,True,False
97.57,35.56,2891,3,12,3,-3.0,80.0,10,90.0,15.4,False,2.68,3.89,0,0,0,False,False,1,ICE,NORMAL,6,0,62,False,1,VERY_DARK,SNOW,5,54,True,False,0,SAFE,SAFE,SAFE,10,0,100,False,1,0,0,12,100,54,False,True,False,False,True,False
97.6,35.46,2883,3,12,3,-3.0,80.0,10,90.0,15.33,False,2.65,3.9,0,0,0,False,False,1,ICE,NORMAL,6,0,62,False,1,VERY_DARK,SNOW,5,54,True,False,0,SAFE,SAFE,SAFE,10,0,100,False,1,0,0,12,100,54,False,True,False,False,True,False
97.63,35.34,2873,3,12,3,-3.0,80.0,10,90.0,15.25,False,2.61,3.92,0,0,0,False,False,1,ICE,NORMAL,6,0,62,False,1,VERY_DARK,SNOW,5,54,True,False,0,SAFE,SAFE,SAFE,10,0,100,False,1,0,0,12,100,54,False,True,False,False,True,False
97.67,35.2,2862,3,12,3,-3.0,80.0,10,90.0,15.18,False,2.57,3.95,0,0,0,False,False,1,ICE,NORMAL,6,0,62,False,1,VERY_DARK,SNOW,5,54,True,False,0,SAFE,SAFE,SAFE,10,0,100,False,1,0,0,12,100,54,False,True,False,False,True,False
97.7,35.06,2850,3,12,3,-3.0,80.0,10,90.0,15.11,False,2.53,3.99,0,0,0,False,False,1,ICE,NORMAL,6,0,62,False,1,VERY_DARK,SNOW,5,54,True,False,0,SAFE,SAFE,SAFE,10,0,100,False,1,0,0,12,100,54,False,True,False,False,True,False
97.73,34.91,2838,3,12,3,-3.0,80.0,10,90.0,15.04,False,2.49,4.03,0,10,0,False,False,1,ICE,NORMAL,6,0,62,False,1,VERY_DARK,SNOW,5,54,True,False,0,SAFE,SAFE,SAFE,10,0,100,False,1,5,0,12,100,54,False,True,False,False,True,False
97.77,34.81,2830,3,12,3,-3.0,80.0,10,90.0,14.97,False,2.46,4.05,0,10,0,False,False,1,ICE,NORMAL,6,0,62,False,1,VERY_DARK,SNOW,5,54,True,False,0,SAFE,SAFE,SAFE,10,0,100,False,1,5,0,12,100,54,False,True,False,False,True,False
97.8,34.73,2823,3,12,3,-3.0,80.0,10,90.0,14.91,False,2.44,4.06,0,10,0,False,False,1,ICE,NORMAL,6,0,62,False,1,VERY_DARK,SNOW,5,54,True,False,0,SAFE,SAFE,SAFE,10,0,100,False,1,5,0,12,100,54,False,True,False,False,True,False
97.83,34.68,2819,3,12,3,-3.0,80.0,10,90.0,14.84,False,2.43,4.05,0,10,0,False,False,1,ICE,NORMAL,6,0,62,False,1,VERY_DARK,SNOW,5,54,True,False,0,SAFE,SAFE,SAFE,10,0,100,False,1,5,0,12,100,54,False,True,False,False,True,False
97.87,34.66,2817,3,12,3,-3.0,80.0,10,90.0,14.77,False,2.42,4.03,0,10,0,False,False,1,ICE,NORMAL,6,0,62,False,1,VERY_DARK,SNOW,5,54,True,False,0,SAFE,SAFE,SAFE,10,0,100,False,1,5,0,12,100,54,False,True,False,False,True,False
97.9,34.65,2817,3,12,3,-3.0,80.0,10,90.0,14.71,False,2.42,4.01,0,10,0,False,False,1,ICE,NORMAL,6,0,62,False,1,VERY_DARK,SNOW,5,54,True,False,0,SAFE,SAFE,SAFE,10,0,100,False,1,5,0,12,100,54,False,True,False,False,True,False
97.93,34.66,2818,3,12,3,-3.0,80.0,10,90.0,14.64,False,2.42,3.98,0,0,0,False,False,1,ICE,NORMAL,6,0,62,False,1,VERY_DARK,SNOW,5,54,True,False,0,SAFE,SAFE,SAFE,10,0,100,False,1,0,0,12,100,54,False,True,False,False,True,False
97.97,34.63,2815,3,12,3,-3.0,80.0,10,90.0,14.57,False,2.42,3.96,0,0,0,False,False,1,ICE,NORMAL,6,0,62,False,1,VERY_DARK,SNOW,5,54,True,False,0,SAFE,SAFE,SAFE,10,0,100,False,1,0,0,12,100,54,False,True,False,False,True,False
98.0,34.56,2810,3,12,3,-3.0,80.0,10,90.0,14.37,False,2.4,3.91,0,0,0,False,False,1,ICE,NORMAL,6,0,62,False,1,VERY_DARK,SNOW,5,54,True,False,0,SAFE,SAFE,SAFE,10,0,100,False,1,0,0,12,100,54,False,True,False,False,True,False
98.03,34.46,2802,3,12,3,-3.0,80.0,10,90.0,14.31,False,2.37,3.93,0,0,0,False,False,1,ICE,NORMAL,6,0,62,False,1,VERY_DARK,SNOW,5,54,True,False,0,SAFE,SAFE,SAFE,10,0,100,False,1,0,0,12,100,54,False,True,False,False,True,False
98.07,34.35,2792,3,12,3,-3.0,80.0,10,90.0,14.24,False,2.34,3.95,0,0,0,False,False,1,ICE,NORMAL,6,0,62,False,1,VERY_DARK,SNOW,5,54,True,False,0,SAFE,SAFE,SAFE,10,0,100,False,1,0,0,12,100,54,False,True,False,False,True,False
98.1,34.21,2781,3,12,3,-3.0,80.0,10,90.0,14.18,False,2.3,3.99,0,0,0,False,False,1,ICE,NORMAL,6,0,62,False,1,VERY_DARK,SNOW,5,54,True,False,0,SAFE,SAFE,SAFE,10,0,100,False,1,0,0,12,100,54,False,True,False,False,True,False
98.13,34.07,2770,3,12,3,-3.0,80.0,54.6,90.0,14.12,False,2.26,4.03,0,10,0,False,False,1,ICE,NORMAL,6,0,62,False,1,DARK,SNOW,5,54,True,False,0,SAFE,SAFE,SAFE,10,0,100,False,1,5,0,12,100,54,False,True,False,False,True,False
98.17,33.98,2762,3,12,3,-3.0,80.0,42.3,90.0,14.06,False,2.24,4.05,0,10,0,False,False,1,ICE,NORMAL,6,0,62,False,1,VERY_DARK,SNOW,5,54,True,False,0,SAFE,SAFE,SAFE,10,0,100,False,1,5,0,12,100,54,False,True,False,False,True,False
98.2,33.91,2756,3,12,3,-3.0,80.0,26.2,90.0,13.7,False,2.22,3.93,0,0,0,False,False,1,ICE,NORMAL,6,0,62,False,1,VERY_DARK,SNOW,5,54,True,False,0,SAFE,SAFE,SAFE,10,0,100,False,1,0,0,12,100,54,False,True,False,False,True,False
98.23,33.81,2749,3,12,3,-3.0,80.0,10,90.0,13.64,False,2.19,3.95,0,0,0,False,False,1,ICE,NORMAL,6,0,62,False,1,VERY_DARK,SNOW,5,54,True,False,0,SAFE,SAFE,SAFE,10,0,100,False,1,0,0,12,100,54,False,True,False,False,True,False
98.27,33.69,2739,3,12,3,-3.0,80.0,10,90.0,13.59,False,2.15,3.99,0,0,0,False,False,1,ICE,NORMAL,6,0,62,False,1,VERY_DARK,SNOW,5,54,True,False,0,SAFE,SAFE,SAFE,10,0,100,False,1,0,0,12,100,54,False,True,False,False,True,False
98.3,33.55,2728,3,12,3,-3.0,80.0,30.8,90.0,13.53,False,2.12,4.03,0,10,0,False,False,1,ICE,NORMAL,6,0,62,False,1,VERY_DARK,SNOW,5,54,True,False,0,SAFE,SAFE,SAFE,10,0,100,False,1,5,0,12,100,54,False,True,False,False,True,False
98.33,33.46,2720,3,12,3,-3.0,80.0,10,90.0,13.47,False,2.09,4.05,0,10,0,False,False,1,ICE,NORMAL,6,0,62,False,1,VERY_DARK,SNOW,5,54,True,False,0,SAFE,SAFE,SAFE,10,0,100,False,1,5,0,12,100,54,False,True,False,False,True,False
98.37,33.39,2715,3,12,3,-3.0,80.0,71.6,90.0,13.42,False,2.07,4.06,0,10,0,False,False,1,ICE,NORMAL,6,0,62,False,1,DARK,SNOW,5,54,True,False,0,SAFE,SAFE,SAFE,10,0,100,False,1,5,0,12,100,54,False,True,False,False,True,False
98.4,33.35,2711,3,12,3,-3.0,80.0,60.3,90.0,13.36,False,2.06,4.06,0,10,0,False,False,1,ICE,NORMAL,6,0,62,False,1,DARK,SNOW,5,54,True,False,0,SAFE,SAFE,SAFE,10,0,100,False,1,5,0,12,100,54,False,True,False,False,True,False
98.43,33.33,2710,3,12,3,-3.0,80.0,10,90.0,13.31,False,2.05,4.04,0,10,0,False,False,1,ICE,NORMAL,6,0,62,False,1,VERY_DARK,SNOW,5,54,True,False,0,SAFE,SAFE,SAFE,10,0,100,False,1,5,0,12,100,54,False,True,False,False,True,False
98.47,33.33,2710,3,12,3,-3.0,80.0,34.2,90.0,13.25,False,2.05,4.02,0,10,0,False,False,1,ICE,NORMAL,6,0,62,False,1,VERY_DARK,SNOW,5,54,True,False,0,SAFE,SAFE,SAFE,10,0,100,False,1,5,0,12,100,54,False,True,False,False,True,False
98.5,33.35,2711,3,12,3,-3.0,80.0,29.7,90.0,13.2,False,2.06,3.98,0,0,0,False,False,1,ICE,NORMAL,6,0,62,False,1,VERY_DARK,SNOW,5,54,True,False,0,SAFE,SAFE,SAFE,10,0,100,False,1,0,0,12,100,54,False,True,False,False,True,False
98.53,33.32,2709,3,12,3,-3.0,80.0,10,90.0,13.14,False,2.05,3.97,0,0,0,False,False,1,ICE,NORMAL,6,0,62,False,1,VERY_DARK,SNOW,5,54,True,False,0,SAFE,SAFE,SAFE,10,0,100,False,1,0,0,12,100,54,False,True,False,False,True,False
98.57,33.26,2704,3,12,3,-3.0,80.0,23.6,90.0,13.09,False,2.03,3.98,0,0,0,False,False,1,ICE,NORMAL,6,0,62,False,1,VERY_DARK,SNOW,5,54,True,False,0,SAFE,SAFE,SAFE,10,0,100,False,1,0,0,12,100,54,False,True,False,False,True,False
98.6,33.16,2696,3,12,3,-3.0,80.0,10,90.0,13.03,False,2.01,4.0,0,10,0,False,False,1,ICE,NORMAL,6,0,62,False,1,VERY_DARK,SNOW,5,54,True,False,0,SAFE,SAFE,SAFE,10,0,100,False,1,5,0,12,100,54,False,True,False,False,True,False
98.63,33.1,2691,3,12,3,-3.0,80.0,10,90.0,12.98,False,1.99,4.01,0,10,0,False,False,1,ICE,NORMAL,6,0,62,False,1,VERY_DARK,SNOW,5,54,True,False,0,SAFE,SAFE,SAFE,10,0,100,False,1,5,0,12,100,54,False,True,False,False,True,False
98.67,33.05,2687,3,12,3,-3.0,80.0,69.5,90.0,12.93,False,1.98,4.01,0,10,0,False,False,1,ICE,NORMAL,6,0,62,False,1,DARK,SNOW,5,54,True,False,0,SAFE,SAFE,SAFE,10,0,100,False,1,5,0,12,100,54,False,True,False,False,True,False
98.7,33.02,2684,3,12,3,-3.0,80.0,96.6,90.0,12.87,False,1.97,4.0,0,0,0,False,False,1,ICE,NORMAL,6,0,62,False,1,DARK,SNOW,5,54,True,False,0,SAFE,SAFE,SAFE,10,0,100,False,1,0,0,12,100,54,False,True,False,False,True,False
98.73,32.97,2680,3,12,3,-3.0,80.0,10,90.0,12.82,False,1.95,4.0,0,10,0,False,False,1,ICE,NORMAL,6,0,62,False,1,VERY_DARK,SNOW,5,54,True,False,0,SAFE,SAFE,SAFE,10,0,100,False,1,5,0,12,100,54,False,True,False,False,True,False
98.77,32.94,2678,3,12,3,-3.0,80.0,104.9,90.0,12.77,False,1.95,3.99,0,0,0,False,False,1,ICE,NORMAL,6,0,62,False,1,DARK,SNOW,5,54,True,False,0,SAFE,SAFE,SAFE,10,0,100,False,1,0,0,12,100,54,False,True,False,False,True,False
98.8,32.88,2673,3,12,3,-3.0,80.0,10,90.0,12.72,False,1.93,4.0,0,10,0,False,False,1,ICE,NORMAL,6,0,62,False,1,VERY_DARK,SNOW,5,54,True,False,0,SAFE,SAFE,SAFE,10,0,100,False,1,5,0,12,100,54,False,True,False,False,True,False
98.83,32.83,2669,3,12,3,-3.0,80.0,56.6,90.0,12.67,False,1.92,4.0,0,10,0,False,False,1,ICE,NORMAL,6,0,62,False,1,DARK,SNOW,5,54,True,False,0,SAFE,SAFE,SAFE,10,0,100,False,1,5,0,12,100,54,False,True,False,False,True,False
98.87,32.8,2666,3,12,3,-3.0,80.0,10,90.0,12.62,False,1.91,3.99,0,0,0,False,False,1,ICE,NORMAL,6,0,62,False,1,VERY_DARK,SNOW,5,54,True,False,0,SAFE,SAFE,SAFE,10,0,100,False,1,0,0,12,100,54,False,True,False,False,True,False
98.9,32.73,2661,3,12,3,-3.0,80.0,10,90.0,12.57,False,1.89,4.01,0,10,0,False,False,1,ICE,NORMAL,6,0,62,False,1,VERY_DARK,SNOW,5,54,True,False,0,SAFE,SAFE,SAFE,10,0,100,False,1,5,0,12,100,54,False,True,False,False,True,False
98.93,32.69,2657,3,12,3,-3.0,80.0,10,90.0,12.23,False,1.88,3.85,0,0,0,False,False,1,ICE,NORMAL,6,0,62,False,1,VERY_DARK,SNOW,5,54,True,False,0,SAFE,SAFE,SAFE,10,0,100,False,1,0,0,12,100,54,False,True,False,False,True,False
98.97,32.61,2651,3,12,3,-3.0,80.0,10,90.0,12.18,False,1.85,3.87,0,0,0,False,False,1,ICE,NORMAL,6,0,62,False,1,VERY_DARK,SNOW,5,54,True,False,0,SAFE,SAFE,SAFE,10,0,100,False,1,0,0,12,100,54,False,True,False,False,True,False
99.0,32.5,2642,3,12,3,-3.0,80.0,688.3,90.0,12.13,False,1.82,3.91,0,0,0,False,False,1,ICE,NORMAL,6,0,62,False,1,DARK,SNOW,5,54,True,False,0,SAFE,SAFE,SAFE,10,0,100,False,1,0,0,12,100,54,False,True,False,False,True,False
99.03,32.38,2632,3,12,3,-3.0,80.0,644.4,90.0,12.08,False,1.79,3.96,0,0,0,False,False,1,ICE,NORMAL,6,0,62,False,1,DARK,SNOW,5,54,True,False,0,SAFE,SAFE,SAFE,10,0,100,False,1,0,0,12,100,54,False,True,False,False,True,False
99.07,32.24,2621,3,12,3,-3.0,80.0,797.0,90.0,12.04,False,1.75,4.02,0,10,0,False,False,1,ICE,NORMAL,6,0,62,False,1,DARK,SNOW,5,54,True,False,0,SAFE,SAFE,SAFE,10,0,100,False,1,5,0,12,100,54,False,True,False,False,True,False
99.1,32.15,2614,3,12,3,-3.0,80.0,745.1,90.0,11.99,False,1.73,4.05,0,10,0,False,False,1,ICE,NORMAL,6,0,62,False,1,DARK,SNOW,5,54,True,False,0,SAFE,SAFE,SAFE,10,0,100,False,1,5,0,12,100,54,False,True,False,False,True,False
99.13,32.08,2608,3,12,3,-3.0,80.0,673.5,90.0,11.95,False,1.71,4.07,0,10,0,False,False,1,ICE,NORMAL,6,0,62,False,1,DARK,SNOW,5,54,True,False,0,SAFE,SAFE,SAFE,10,0,100,False,1,5,0,12,100,54,False,True,False,False,True,False
99.17,32.04,2605,3,12,3,-3.0,80.0,762.3,90.0,11.9,False,1.7,4.07,0,10,0,False,False,1,ICE,NORMAL,6,0,62,False,1,DARK,SNOW,5,54,True,False,0,SAFE,SAFE,SAFE,10,0,100,False,1,5,0,12,100,54,False,True,False,False,True,False
99.2,32.03,2604,3,12,3,-3.0,80.0,650.4,90.0,11.86,False,1.69,4.06,0,10,0,False,False,1,ICE,NORMAL,6,0,62,False,1,DARK,SNOW,5,54,True,False,0,SAFE,SAFE,SAFE,10,0,100,False,1,5,0,12,100,54,False,True,False,False,True,False
99.23,32.03,2604,3,12,3,-3.0,80.0,782.7,90.0,11.82,False,1.69,4.03,0,10,0,False,False,1,ICE,NORMAL,6,0,62,False,1,DARK,SNOW,5,54,True,False,0,SAFE,SAFE,SAFE,10,0,100,False,1,5,0,12,100,54,False,True,False,False,True,False
99.27,32.04,2605,3,12,3,-3.0,80.0,781.9,90.0,11.77,False,1.7,3.99,0,0,0,False,False,1,ICE,NORMAL,6,0,62,False,1,DARK,SNOW,5,54,True,False,0,SAFE,SAFE,SAFE,10,0,100,False,1,0,0,12,100,54,False,True,False,False,True,False
99.3,32.02,2603,3,12,3,-3.0,80.0,705.0,90.0,11.73,False,1.69,3.98,0,0,0,False,False,1,ICE,NORMAL,6,0,62,False,1,DARK,SNOW,5,54,True,False,0,SAFE,SAFE,SAFE,10,0,100,False,1,0,0,12,100,54,False,True,False,False,True,False
99.33,31.96,2598,3,12,3,-3.0,80.0,736.9,90.0,11.69,False,1.67,4.0,0,0,0,False,False,1,ICE,NORMAL,6,0,62,False,1,DARK,SNOW,5,54,True,False,0,SAFE,SAFE,SAFE,10,0,100,False,1,0,0,12,100,54,False,True,False,False,True,False
99.37,31.87,2591,3,12,3,-3.0,80.0,738.8,90.0,11.65,False,1.65,4.03,0,10,0,False,False,1,ICE,NORMAL,6,0,62,False,1,DARK,SNOW,5,54,True,False,0,SAFE,SAFE,SAFE,10,0,100,False,1,5,0,12,100,54,False,True,False,False,True,False
99.4,31.81,2586,3,12,3,-3.0,80.0,733.9,90.0,11.6,False,1.63,4.05,0,10,0,False,False,1,ICE,NORMAL,6,0,62,False,1,DARK,SNOW,5,54,True,False,0,SAFE,SAFE,SAFE,10,0,100,False,1,5,0,12,100,54,False,True,False,False,True,False
99.43,31.76,2582,3,12,3,-3.0,80.0,775.7,90.0,11.56,False,1.62,4.05,0,10,0,False,False,1,ICE,NORMAL,6,0,62,False,1,DARK,SNOW,5,54,True,False,0,SAFE,SAFE,SAFE,10,0,100,False,1,5,0,12,100,54,False,True,False,False,True,False
99.47,31.74,2580,3,12,3,-3.0,80.0,719.4,90.0,11.39,False,1.61,3.96,0,0,0,False,False,1,ICE,NORMAL,6,0,62,False,1,DARK,SNOW,5,54,True,False,0,SAFE,SAFE,SAFE,10,0,100,False,1,0,0,12,100,54,False,True,False,False,True,False
99.5,31.68,2576,3,12,3,-3.0,80.0,743.3,90.0,11.35,False,1.6,3.97,0,0,0,False,False,1,ICE,NORMAL,6,0,62,False,1,DARK,SNOW,5,54,True,False,0,SAFE,SAFE,SAFE,10,0,100,False,1,0,0,12,100,54,False,True,False,False,True,False
99.53,31.6,2569,3,12,3,-3.0,80.0,772.0,90.0,11.31,False,1.57,4.01,0,10,0,False,False,1,ICE,NORMAL,6,0,62,False,1,DARK,SNOW,5,54,True,False,0,SAFE,SAFE,SAFE,10,0,100,False,1,5,0,12,100,54,False,True,False,False,True,False
99.57,31.54,2564,3,12,3,-3.0,80.0,828.1,90.0,11.27,False,1.56,4.02,0,10,0,False,False,1,ICE,NORMAL,6,0,62,False,1,DARK,SNOW,5,54,True,False,0,SAFE,SAFE,SAFE,10,0,100,False,1,5,0,12,100,54,False,True,False,False,True,False
99.6,31.5,2561,3,12,3,-3.0,80.0,715.1,90.0,11.23,False,1.55,4.03,0,10,0,False,False,1,ICE,NORMAL,6,0,62,False,1,DARK,SNOW,5,54,True,False,0,SAFE,SAFE,SAFE,10,0,100,False,1,5,0,12,100,54,False,True,False,False,True,False
99.63,31.48,2559,3,12,3,-3.0,80.0,664.0,90.0,11.19,False,1.54,4.02,0,10,0,False,False,1,ICE,NORMAL,6,0,62,False,1,DARK,SNOW,5,54,True,False,0,SAFE,SAFE,SAFE,10,0,100,False,1,5,0,12,100,54,False,True,False,False,True,False
99.67,31.48,2559,3,12,3,-3.0,80.0,775.1,90.0,11.15,False,1.54,4.0,0,0,0,False,False,1,ICE,NORMAL,6,0,62,False,1,DARK,SNOW,5,54,True,False,0,SAFE,SAFE,SAFE,10,0,100,False,1,0,0,12,100,54,False,True,False,False,True,False
99.7,31.44,2556,3,12,3,-3.0,80.0,807.4,90.0,10.82,False,1.53,3.81,0,0,0,False,False,1,ICE,NORMAL,6,0,62,False,1,DARK,SNOW,5,54,True,False,0,SAFE,SAFE,SAFE,10,0,100,False,1,0,0,12,100,54,False,True,False,False,True,False
99.73,31.37,2550,3,12,3,-3.0,80.0,836.3,90.0,10.78,False,1.51,3.83,0,0,0,False,False,1,ICE,NORMAL,6,0,62,False,1,DARK,SNOW,5,54,True,False,0,SAFE,SAFE,SAFE,10,0,100,False,1,0,0,12,100,54,False,True,False,False,True,False
99.77,31.28,2543,3,12,3,-3.0,80.0,815.2,90.0,10.75,False,1.48,3.87,0,0,0,False,False,1,ICE,NORMAL,6,0,62,False,1,DARK,SNOW,5,54,True,False,0,SAFE,SAFE,SAFE,10,0,100,False,1,0,0,12,100,54,False,True,False,False,True,False
99.8,31.16,2533,3,12,3,-3.0,80.0,835.8,90.0,10.71,False,1.45,3.93,0,0,0,False,False,1,ICE,NORMAL,6,0,62,False,1,DARK,SNOW,5,54,True,False,0,SAFE,SAFE,SAFE,10,0,100,False,1,0,0,12,100,54,False,True,False,False,True,False
99.83,31.04,2523,3,12,3,-3.0,80.0,778.5,90.0,10.68,False,1.42,4.0,0,10,0,False,False,1,ICE,NORMAL,6,0,62,False,1,DARK,SNOW,5,54,True,False,0,SAFE,SAFE,SAFE,10,0,100,False,1,5,0,12,100,54,False,True,False,False,True,False
99.87,30.95,2516,3,12,3,-3.0,80.0,721.3,90.0,10.64,False,1.39,4.05,0,10,0,False,False,1,ICE,NORMAL,6,0,62,False,1,DARK,SNOW,5,54,True,False,0,SAFE,SAFE,SAFE,10,0,100,False,1,5,0,12,100,54,False,True,False,False,True,False
99.9,30.89,2511,3,12,3,-3.0,80.0,677.0,90.0,10.61,False,1.38,4.07,0,10,0,False,False,1,ICE,NORMAL,6,0,62,False,1,DARK,SNOW,5,54,True,False,0,SAFE,SAFE,SAFE,10,0,100,False,1,5,0,12,100,54,False,True,False,False,True,False
99.93,30.85,2508,3,12,3,-3.0,80.0,650.4,90.0,10.57,False,1.37,4.08,0,10,0,False,False,1,ICE,NORMAL,6,0,62,False,1,DARK,SNOW,5,54,True,False,0,SAFE,SAFE,SAFE,10,0,100,False,1,5,0,12,100,54,False,True,False,False,True,False
99.97,30.84,2507,3,12,3,-3.0,80.0,754.6,90.0,10.54,False,1.36,4.07,0,10,0,False,False,1,ICE,NORMAL,6,0,62,False,1,DARK,SNOW,5,54,True,False,0,SAFE,SAFE,SAFE,10,0,100,False,1,5,0,12,100,54,False,True,False,False,True,False
100.0,30.85,2508,3,12,3,-3.0,80.0,1576.1,90.0,999.0,True,1.36,20.0,0,10,0,False,False,1,ICE,NORMAL,6,0,62,False,1,DIM,SNOW,5,54,True,False,0,SAFE,SAFE,SAFE,10,0,100,False,1,5,0,12,100,54,False,True,False,False,True,False
100.03,30.86,2509,3,12,3,-3.0,80.0,1446.4,90.0,999.0,True,1.36,20.0,0,10,0,False,False,1,ICE,NORMAL,6,0,62,False,1,DIM,SNOW,5,54,True,False,0,SAFE,SAFE,SAFE,10,0,100,False,1,5,0,12,100,54,False,True,False,False,True,False
100.07,30.89,2511,3,12,3,-3.0,80.0,1520.4,90.0,999.0,True,1.36,20.0,0,10,0,False,False,1,ICE,NORMAL,6,0,62,False,1,DIM,SNOW,5,54,True,False,0,SAFE,SAFE,SAFE,10,0,100,False,1,5,0,12,100,54,False,True,False,False,True,False
100.1,30.93,2514,3,12,3,-3.0,80.0,1497.0,90.0,999.0,True,1.36,20.0,0,10,0,False,False,1,ICE,NORMAL,6,0,62,False,1,DIM,SNOW,5,54,True,False,0,SAFE,SAFE,SAFE,10,0,100,False,1,5,0,12,100,54,False,True,False,False,True,False
100.13,30.96,2517,3,12,3,-3.0,80.0,1430.9,90.0,999.0,True,1.36,20.0,0,10,0,False,False,1,ICE,NORMAL,6,0,62,False,1,DIM,SNOW,5,54,True,False,0,SAFE,SAFE,SAFE,10,0,100,False,1,5,0,12,100,54,False,True,False,False,True,False
100.17,31.01,2521,3,12,3,-3.0,80.0,1443.7,90.0,999.0,True,1.36,20.0,0,10,0,False,False,1,ICE,NORMAL,6,0,62,False,1,DIM,SNOW,5,54,True,False,0,SAFE,SAFE,SAFE,10,0,100,False,1,5,0,12,100,54,False,True,False,False,True,False
100.2,31.05,2524,3,12,3,-3.0,80.0,1519.6,90.0,999.0,True,1.36,20.0,0,10,0,False,False,1,ICE,NORMAL,6,0,62,False,1,DIM,SNOW,5,54,True,False,0,SAFE,SAFE,SAFE,10,0,100,False,1,5,0,12,100,54,False,True,False,False,True,False
100.23,31.09,2528,3,12,3,-3.0,80.0,1457.9,90.0,999.0,True,1.36,20.0,0,10,0,False,False,1,ICE,NORMAL,6,0,62,False,1,DIM,SNOW,5,54,True,False,0,SAFE,SAFE,SAFE,10,0,100,False,1,5,0,12,100,54,False,True,False,False,True,False
100.27,31.14,2531,3,12,3,-3.0,80.0,1484.6,90.0,999.0,True,1.36,20.0,0,10,0,False,False,1,ICE,NORMAL,6,0,62,False,1,DIM,SNOW,5,54,True,False,0,SAFE,SAFE,SAFE,10,0,100,False,1,5,0,12,100,54,False,True,False,False,True,False
100.3,31.19,2535,3,12,3,-3.0,80.0,1470.2,90.0,999.0,True,1.36,20.0,0,10,0,False,False,1,ICE,NORMAL,6,0,62,False,1,DIM,SNOW,5,54,True,False,0,SAFE,SAFE,SAFE,10,0,100,False,1,5,0,12,100,54,False,True,False,False,True,False
100.33,31.23,2539,3,12,3,-3.0,80.0,1436.8,90.0,999.0,True,1.36,20.0,0,10,0,False,False,1,ICE,NORMAL,6,0,62,False,1,DIM,SNOW,5,54,True,False,0,SAFE,SAFE,SAFE,10,0,100,False,1,5,0,12,100,54,False,True,False,False,True,False
100.37,31.28,2543,3,12,3,-3.0,80.0,1525.8,90.0,999.0,True,1.36,20.0,0,10,0,False,False,1,ICE,NORMAL,6,0,62,False,1,DIM,SNOW,5,54,True,False,0,SAFE,SAFE,SAFE,10,0,100,False,1,5,0,12,100,54,False,True,False,False,True,False
100.4,31.33,2547,3,12,3,-3.0,80.0,1409.2,90.0,999.0,True,1.36,20.0,0,10,0,False,False,1,ICE,NORMAL,6,0,62,False,1,DIM,SNOW,5,54,True,False,0,SAFE,SAFE,SAFE,10,0,100,False,1,5,0,12,100,54,False,True,False,False,True,False
100.43,31.38,2551,3,12,3,-3.0,80.0,1440.9,90.0,999.0,True,1.36,20.0,0,10,0,False,False,1,ICE,NORMAL,6,0,62,False,1,DIM,SNOW,5,54,True,False,0,SAFE,SAFE,SAFE,10,0,100,False,1,5,0,12,100,54,False,True,False,False,True,False
100.47,31.43,2555,3,12,3,-3.0,80.0,1393.6,90.0,999.0,True,1.36,20.0,0,10,0,False,False,1,ICE,NORMAL,6,0,62,False,1,DIM,SNOW,5,54,True,False,0,SAFE,SAFE,SAFE,10,0,100,False,1,5,0,12,100,54,False,True,False,False,True,False
100.5,31.48,2559,3,12,3,-3.0,80.0,1468.1,90.0,999.0,True,1.36,20.0,0,10,0,False,False,1,ICE,NORMAL,6,0,62,False,1,DIM,SNOW,5,54,True,False,0,SAFE,SAFE,SAFE,10,0,100,False,1,5,0,12,100,54,False,True,False,False,True,False
100.53,31.52,2563,3,12,3,-3.0,80.0,1561.5,90.0,999.0,True,1.36,20.0,0,10,0,False,False,1,ICE,NORMAL,6,0,62,False,1,DIM,SNOW,5,54,True,False,0,SAFE,SAFE,SAFE,10,0,100,False,1,5,0,12,100,54,False,True,False,False,True,False
100.57,31.57,2567,3,12,3,-3.0,80.0,1388.8,90.0,999.0,True,1.36,20.0,0,10,0,False,False,1,ICE,NORMAL,6,0,62,False,1,DIM,SNOW,5,54,True,False,0,SAFE,SAFE,SAFE,10,0,100,False,1,5,0,12,100,54,False,True,False,False,True,False
100.6,31.62,2571,3,12,3,-3.0,80.0,1491.0,90.0,999.0,True,1.36,20.0,0,10,0,False,False,1,ICE,NORMAL,6,0,62,False,1,DIM,SNOW,5,54,True,False,0,SAFE,SAFE,SAFE,10,0,100,False,1,5,0,12,100,54,False,True,False,False,True,False
100.63,31.67,2575,3,12,3,-3.0,80.0,1546.6,90.0,999.0,True,1.36,20.0,0,10,0,False,False,1,ICE,NORMAL,6,0,62,False,1,DIM,SNOW,5,54,True,False,0,SAFE,SAFE,SAFE,10,0,100,False,1,5,0,12,100,54,False,True,False,False,True,False
100.67,31.72,2578,3,12,3,-3.0,80.0,1543.8,90.0,999.0,True,1.36,20.0,0,10,0,False,False,1,ICE,NORMAL,6,0,62,False,1,DIM,SNOW,5,54,True,False,0,SAFE,SAFE,SAFE,10,0,100,False,1,5,0,12,100,54,False,True,False,False,True,False
100.7,31.77,2582,3,12,3,-3.0,80.0,1450.0,90.0,999.0,True,1.36,20.0,0,10,0,False,False,1,ICE,NORMAL,6,0,62,False,1,DIM,SNOW,5,54,True,False,0,SAFE,SAFE,SAFE,10,0,100,False,1,5,0,12,100,54,False,True,False,False,True,False
100.73,31.81,2586,3,12,3,-3.0,80.0,1403.2,90.0,999.0,True,1.36,20.0,0,10,0,False,False,1,ICE,NORMAL,6,0,62,False,1,DIM,SNOW,5,54,True,False,0,SAFE,SAFE,SAFE,10,0,100,False,1,5,0,12,100,54,False,True,False,False,True,False
100.77,31.86,2590,3,12,3,-3.0,80.0,1555.8,90.0,999.0,True,1.36,20.0,0,10,0,False,False,1,ICE,NORMAL,6,0,62,False,1,DIM,SNOW,5,54,True,False,0,SAFE,SAFE,SAFE,10,0,100,False,1,5,0,12,100,54,False,True,False,False,True,False
100.8,31.91,2594,3,12,3,-3.0,80.0,1446.1,90.0,999.0,True,1.36,20.0,0,10,0,False,False,1,ICE,NORMAL,6,0,62,False,1,DIM,SNOW,5,54,True,False,0,SAFE,SAFE,SAFE,10,0,100,False,1,5,0,12,100,54,False,True,False,False,True,False
100.83,31.96,2598,3,12,3,-3.0,80.0,1496.9,90.0,999.0,True,1.36,20.0,0,10,0,False,False,1,ICE,NORMAL,6,0,62,False,1,DIM,SNOW,5,54,True,False,0,SAFE,SAFE,SAFE,10,0,100,False,1,5,0,12,100,54,False,True,False,False,True,False
100.87,32.01,2602,3,12,3,-3.0,80.0,1462.3,90.0,999.0,True,1.36,20.0,0,10,0,False,False,1,ICE,NORMAL,6,0,62,False,1,DIM,SNOW,5,54,True,False,0,SAFE,SAFE,SAFE,10,0,100,False,1,5,0,12,100,54,False,True,False,False,True,False
100.9,32.05,2606,3,12,3,-3.0,80.0,1515.8,90.0,999.0,True,1.36,20.0,0,10,0,False,False,1,ICE,NORMAL,6,0,62,False,1,DIM,SNOW,5,54,True,False,0,SAFE,SAFE,SAFE,10,0,100,False,1,5,0,12,100,54,False,True,False,False,True,False
100.93,32.1,2610,3,12,3,-3.0,80.0,1462.3,90.0,999.0,True,1.36,20.0,0,10,0,False,False,1,ICE,NORMAL,6,0,62,False,1,DIM,SNOW,5,54,True,False,0,SAFE,SAFE,SAFE,10,0,100,False,1,5,0,12,100,54,False,True,False,False,True,False
100.97,32.15,2613,3,12,3,-3.0,80.0,1435.7,90.0,999.0,True,1.36,20.0,0,10,0,False,False,1,ICE,NORMAL,6,0,62,False,1,DIM,SNOW,5,54,True,False,0,SAFE,SAFE,SAFE,10,0,100,False,1,5,0,12,100,54,False,True,False,False,True,False
101.0,32.2,2617,3,12,3,-3.0,80.0,2290.5,90.0,999.0,True,1.36,20.0,0,10,0,False,False,1,ICE,NORMAL,6,0,62,False,1,DIM,SNOW,5,54,True,False,0,SAFE,SAFE,SAFE,10,0,100,False,1,5,0,12,100,54,False,True,False,False,True,False
101.03,32.24,2621,3,12,3,-3.0,80.0,2180.5,90.0,999.0,True,1.36,20.0,0,10,0,False,False,1,ICE,NORMAL,6,0,62,False,1,DIM,SNOW,5,54,True,False,0,SAFE,SAFE,SAFE,10,0,100,False,1,5,0,12,100,54,False,True,False,False,True,False
101.07,32.29,2625,3,12,3,-3.0,80.0,2314.9,90.0,999.0,True,1.36,20.0,0,10,0,False,False,1,ICE,NORMAL,6,0,62,False,1,DIM,SNOW,5,54,True,False,0,SAFE,SAFE,SAFE,10,0,100,False,1,5,0,12,100,54,False,True,False,False,True,False
101.1,32.34,2629,3,12,3,-3.0,80.0,2174.4,90.0,999.0,True,1.36,20.0,0,10,0,False,False,1,ICE,NORMAL,6,0,62,False,1,DIM,SNOW,5,54,True,False,0,SAFE,SAFE,SAFE,10,0,100,False,1,5,0,12,100,54,False,True,False,False,True,False
101.13,32.39,2633,3,12,3,-3.0,80.0,2233.9,90.0,999.0,True,1.36,20.0,0,10,0,False,False,1,ICE,NORMAL,6,0,62,False,1,DIM,SNOW,5,54,True,False,0,SAFE,SAFE,SAFE,10,0,100,False,1,5,0,12,100,54,False,True,False,False,True,False
101.17,32.43,2637,3,12,3,-3.0,80.0,2137.9,90.0,999.0,True,1.36,20.0,0,10,0,False,False,1,ICE,NORMAL,6,0,62,False,1,DIM,SNOW,5,54,True,False,0,SAFE,SAFE,SAFE,10,0,100,False,1,5,0,12,100,54,False,True,False,False,True,False
101.2,32.48,2640,3,12,3,-3.0,80.0,2198.9,90.0,999.0,True,1.36,20.0,0,10,0,False,False,1,ICE,NORMAL,6,0,62,False,1,DIM,SNOW,5,54,True,False,0,SAFE,SAFE,SAFE,10,0,100,False,1,5,0,12,100,54,False,True,False,False,True,False
101.23,32.53,2644,3,12,3,-3.0,80.0,2291.2,90.0,999.0,True,1.36,20.0,0,10,0,False,False,1,ICE,NORMAL,6,0,62,False,1,DIM,SNOW,5,54,True,False,0,SAFE,SAFE,SAFE,10,0,100,False,1,5,0,12,100,54,False,True,False,False,True,False
101.27,32.57,2648,3,12,3,-3.0,80.0,2175.4,90.0,999.0,True,1.36,20.0,0,10,0,False,False,1,ICE,NORMAL,6,0,62,False,1,DIM,SNOW,5,54,True,False,0,SAFE,SAFE,SAFE,10,0,100,False,1,5,0,12,100,54,False,True,False,False,True,False
101.3,32.62,2652,3,12,3,-3.0,80.0,2136.5,90.0,999.0,True,1.36,20.0,0,10,0,False,False,1,ICE,NORMAL,6,0,62,False,1,DIM,SNOW,5,54,True,False,0,SAFE,SAFE,SAFE,10,0,100,False,1,5,0,12,100,54,False,True,False,False,True,False
101.33,32.67,2656,3,12,3,-3.0,80.0,2285.4,90.0,999.0,True,1.36,20.0,0,10,0,False,False,1,ICE,NORMAL,6,0,62,False,1,DIM,SNOW,5,54,True,False,0,SAFE,SAFE,SAFE,10,0,100,False,1,5,0,12,100,54,False,True,False,False,True,False
101.37,32.71,2659,3,12,3,-3.0,80.0,2175.2,90.0,999.0,True,1.36,20.0,0,10,0,False,False,1,ICE,NORMAL,6,0,62,False,1,DIM,SNOW,5,54,True,False,0,SAFE,SAFE,SAFE,10,0,100,False,1,5,0,12,100,54,False,True,False,False,True,False
101.4,32.76,2663,3,12,3,-3.0,80.0,2189.2,90.0,999.0,True,1.36,20.0,0,10,0,False,False,1,ICE,NORMAL,6,0,62,False,1,DIM,SNOW,5,54,True,False,0,SAFE,SAFE,SAFE,10,0,100,False,1,5,0,12,100,54,False,True,False,False,True,False
101.43,32.81,2667,3,12,3,-3.0,80.0,2146.5,90.0,999.0,True,1.36,20.0,0,10,0,False,False,1,ICE,NORMAL,6,0,62,False,1,DIM,SNOW,5,54,True,False,0,SAFE,SAFE,SAFE,10,0,100,False,1,5,0,12,100,54,False,True,False,False,True,False
101.47,32.85,2671,3,12,3,-3.0,80.0,2291.3,90.0,999.0,True,1.36,20.0,0,10,0,False,False,1,ICE,NORMAL,6,0,62,False,1,DIM,SNOW,5,54,True,False,0,SAFE,SAFE,SAFE,10,0,100,False,1,5,0,12,100,54,False,True,False,False,True,False
101.5,32.9,2674,3,12,3,-3.0,80.0,2169.4,90.0,999.0,True,1.36,20.0,0,10,0,False,False,1,ICE,NORMAL,6,0,62,False,1,DIM,SNOW,5,54,True,False,0,SAFE,SAFE,SAFE,10,0,100,False,1,5,0,12,100,54,False,True,False,False,True,False
101.53,32.94,2678,3,12,3,-3.0,80.0,2248.0,90.0,999.0,True,1.36,20.0,0,10,0,False,False,1,ICE,NORMAL,6,0,62,False,1,DIM,SNOW,5,54,True,False,0,SAFE,SAFE,SAFE,10,0,100,False,1,5,0,12,100,54,False,True,False,False,True,False
101.57,32.99,2682,3,12,3,-3.0,80.0,2187.3,90.0,999.0,True,1.36,20.0,0,10,0,False,False,1,ICE,NORMAL,6,0,62,False,1,DIM,SNOW,5,54,True,False,0,SAFE,SAFE,SAFE,10,0,100,False,1,5,0,12,100,54,False,True,False,False,True,False
101.6,33.04,2686,3,12,3,-3.0,80.0,2146.5,90.0,999.0,True,1.36,20.0,0,10,0,False,False,1,ICE,NORMAL,6,0,62,False,1,DIM,SNOW,5,54,True,False,0,SAFE,SAFE,SAFE,10,0,100,False,1,5,0,12,100,54,False,True,False,False,True,False
101.63,33.08,2689,3,12,3,-3.0,80.0,2245.9,90.0,999.0,True,1.36,20.0,0,10,0,False,False,1,ICE,NORMAL,6,0,62,False,1,DIM,SNOW,5,54,True,False,0,SAFE,SAFE,SAFE,10,0,100,False,1,5,0,12,100,54,False,True,False,False,True,False
101.67,33.13,2693,3,12,3,-3.0,80.0,2271.5,90.0,999.0,True,1.36,20.0,0,10,0,False,False,1,ICE,NORMAL,6,0,62,False,1,DIM,SNOW,5,54,True,False,0,SAFE,SAFE,SAFE,10,0,100,False,1,5,0,12,100,54,False,True,False,False,True,False
101.7,33.17,2697,3,12,3,-3.0,80.0,2228.8,90.0,999.0,True,1.36,20.0,0,10,0,False,False,1,ICE,NORMAL,6,0,62,False,1,DIM,SNOW,5,54,True,False,0,SAFE,SAFE,SAFE,10,0,100,False,1,5,0,12,100,54,False,True,False,False,True,False
101.73,33.22,2701,3,12,3,-3.0,80.0,2204.1,90.0,999.0,True,1.36,20.0,0,10,0,False,False,1,ICE,NORMAL,6,0,62,False,1,DIM,SNOW,5,54,True,False,0,SAFE,SAFE,SAFE,10,0,100,False,1,5,0,12,100,54,False,True,False,False,True,False
101.77,33.27,2704,3,12,3,-3.0,80.0,2312.5,90.0,999.0,True,1.36,20.0,0,10,0,False,False,1,ICE,NORMAL,6,0,62,False,1,DIM,SNOW,5,54,True,False,0,SAFE,SAFE,SAFE,10,0,100,False,1,5,0,12,100,54,False,True,False,False,True,False
101.8,33.31,2708,3,12,3,-3.0,80.0,2181.2,90.0,999.0,True,1.36,20.0,0,10,0,False,False,1,ICE,NORMAL,6,0,62,False,1,DIM,SNOW,5,54,True,False,0,SAFE,SAFE,SAFE,10,0,100,False,1,5,0,12,100,54,False,True,False,False,True,False
101.83,33.35,2712,3,12,3,-3.0,80.0,2209.7,90.0,999.0,True,1.36,20.0,0,10,0,False,False,1,ICE,NORMAL,6,0,62,False,1,DIM,SNOW,5,54,True,False,0,SAFE,SAFE,SAFE,10,0,100,False,1,5,0,12,100,54,False,True,False,False,True,False
101.87,33.4,2715,3,12,3,-3.0,80.0,2198.3,90.0,999.0,True,1.36,20.0,0,10,0,False,False,1,ICE,NORMAL,6,0,62,False,1,DIM,SNOW,5,54,True,False,0,SAFE,SAFE,SAFE,10,0,100,False,1,5,0,12,100,54,False,True,False,False,True,False
101.9,33.45,2719,3,12,3,-3.0,80.0,2202.2,90.0,999.0,True,1.36,20.0,0,10,0,False,False,1,ICE,NORMAL,6,0,62,False,1,DIM,SNOW,5,54,True,False,0,SAFE,SAFE,SAFE,10,0,100,False,1,5,0,12,100,54,False,True,False,False,True,False
101.93,33.49,2723,3,12,3,-3.0,80.0,2186.2,90.0,999.0,True,1.36,20.0,0,10,0,False,False,1,ICE,NORMAL,6,0,62,False,1,DIM,SNOW,5,54,True,False,0,SAFE,SAFE,SAFE,10,0,100,False,1,5,0,12,100,54,False,True,False,False,True,False
101.97,33.54,2726,3,12,3,-3.0,80.0,2257.4,90.0,999.0,True,1.36,20.0,0,10,0,False,False,1,ICE,NORMAL,6,0,62,False,1,DIM,SNOW,5,54,True,False,0,SAFE,SAFE,SAFE,10,0,100,False,1,5,0,12,100,54,False,True,False,False,True,False
102.0,33.58,2730,3,12,3,-3.0,80.0,2944.2,90.0,999.0,True,1.36,20.0,0,10,0,False,False,1,ICE,NORMAL,6,0,62,False,1,DIM,SNOW,5,54,True,False,0,SAFE,SAFE,SAFE,10,0,100,False,1,5,0,12,100,54,False,True,False,False,True,False
102.03,33.63,2734,3,12,3,-3.0,80.0,2933.7,90.0,999.0,True,1.36,20.0,0,10,0,False,False,1,ICE,NORMAL,6,0,62,False,1,DIM,SNOW,5,54,True,False,0,SAFE,SAFE,SAFE,10,0,100,False,1,5,0,12,100,54,False,True,False,False,True,False
102.07,33.67,2737,3,12,3,-3.0,80.0,3041.7,90.0,999.0,True,1.36,20.0,0,10,0,False,False,1,ICE,NORMAL,6,0,62,False,1,DIM,SNOW,5,54,True,False,0,SAFE,SAFE,SAFE,10,0,100,False,1,5,0,12,100,54,False,True,False,False,True,False
102.1,33.71,2741,3,12,3,-3.0,80.0,2970.6,90.0,999.0,True,1.36,20.0,0,10,0,False,False,1,ICE,NORMAL,6,0,62,False,1,DIM,SNOW,5,54,True,False,0,SAFE,SAFE,SAFE,10,0,100,False,1,5,0,12,100,54,False,True,False,False,True,False
102.13,33.76,2744,3,12,3,-3.0,80.0,2897.3,90.0,999.0,True,1.36,20.0,0,10,0,False,False,1,ICE,NORMAL,6,0,62,False,1,DIM,SNOW,5,54,True,False,0,SAFE,SAFE,SAFE,10,0,100,False,1,5,0,12,100,54,False,True,False,False,True,False
